dimension,value,eligible_rows,matched_rows,unmatched_rows,unmatched_rate
Carrier_ID(DOT),19393,12403,12403,0,0.0
Carrier_ID(DOT),19687,973,973,0,0.0
Carrier_ID(DOT),19690,748,748,0,0.0
Carrier_ID(DOT),19790,3532,3532,0,0.0
Carrier_ID(DOT),19805,3611,3611,0,0.0
Carrier_ID(DOT),19930,1957,1957,0,0.0
Carrier_ID(DOT),19977,5429,5429,0,0.0
Carrier_ID(DOT),20046,882,882,0,0.0
Carrier_ID(DOT),20225,7,7,0,0.0
Carrier_ID(DOT),20237,570,570,0,0.0
Carrier_ID(DOT),20253,22,22,0,0.0
Carrier_ID(DOT),20263,72,72,0,0.0
Carrier_ID(DOT),20304,4686,4686,0,0.0
Carrier_ID(DOT),20363,1032,1032,0,0.0
Carrier_ID(DOT),20366,1375,1375,0,0.0
Carrier_ID(DOT),20368,1042,1042,0,0.0
Carrier_ID(DOT),20378,1257,1257,0,0.0
Carrier_ID(DOT),20397,1082,1082,0,0.0
Carrier_ID(DOT),20398,1153,1153,0,0.0
Carrier_ID(DOT),20409,2845,2845,0,0.0
Carrier_ID(DOT),20416,1628,1628,0,0.0
Carrier_ID(DOT),20427,398,398,0,0.0
Carrier_ID(DOT),20436,982,982,0,0.0
Carrier_ID(DOT),20445,433,433,0,0.0
Carrier_ID(DOT),20452,1746,1746,0,0.0
Carrier_ID(DOT),20500,546,546,0,0.0
Carrier_ID(DOT),21167,407,407,0,0.0
Carrier_ID(DOT),21171,376,376,0,0.0
Airline,(missing),5605,5605,0,0.0
Airline,Air Wisconsin Airlines Corp,787,787,0,0.0
Airline,Alaska Airlines Inc.,1735,1735,0,0.0
Airline,Allegiant Air,905,905,0,0.0
Airline,American Airlines Inc.,3252,3252,0,0.0
Airline,Cape Air,18,18,0,0.0
Airline,Capital Cargo International,359,359,0,0.0
Airline,Comair Inc.,962,962,0,0.0
Airline,"Commutair Aka Champlain Enterprises, Inc.",385,385,0,0.0
Airline,Compass Airlines,360,360,0,0.0
Airline,Delta Air Lines Inc.,3156,3156,0,0.0
Airline,Empire Airlines Inc.,64,64,0,0.0
Airline,Endeavor Air Inc.,921,921,0,0.0
Airline,Envoy Air,1029,1029,0,0.0
Airline,ExpressJet Airlines Inc.,1206,1206,0,0.0
Airline,Frontier Airlines Inc.,869,869,0,0.0
Airline,"GoJet Airlines, LLC d/b/a United Express",496,496,0,0.0
Airline,Hawaiian Airlines Inc.,650,650,0,0.0
Airline,Horizon Air,849,849,0,0.0
Airline,JetBlue Airways,2543,2543,0,0.0
Airline,Mesa Airlines Inc.,1111,1111,0,0.0
Airline,Peninsula Airways Inc.,5,5,0,0.0
Airline,Republic Airlines,1549,1549,0,0.0
Airline,SkyWest Airlines Inc.,4157,4157,0,0.0
Airline,Southwest Airlines Co.,11067,11067,0,0.0
Airline,Spirit Air Lines,1459,1459,0,0.0
Airline,Trans States Airlines,517,517,0,0.0
Airline,United Air Lines Inc.,4846,4846,0,0.0
Airline,Virgin America,332,332,0,0.0
carrier_group,previously-absent operator,4288,4288,0,0.0
carrier_group,reporting carrier,46906,46906,0,0.0
route,ABE->ATL,5,5,0,0.0
route,ABE->CLT,4,4,0,0.0
route,ABE->DTW,6,6,0,0.0
route,ABE->FLL,1,1,0,0.0
route,ABE->ORD,10,10,0,0.0
route,ABE->PGD,2,2,0,0.0
route,ABE->PHL,1,1,0,0.0
route,ABE->PIE,2,2,0,0.0
route,ABE->SFB,10,10,0,0.0
route,ABI->DFW,4,4,0,0.0
route,ABQ->ATL,5,5,0,0.0
route,ABQ->AUS,6,6,0,0.0
route,ABQ->BWI,1,1,0,0.0
route,ABQ->DAL,14,14,0,0.0
route,ABQ->DEN,26,26,0,0.0
route,ABQ->DFW,7,7,0,0.0
route,ABQ->HOU,10,10,0,0.0
route,ABQ->IAH,21,21,0,0.0
route,ABQ->JFK,6,6,0,0.0
route,ABQ->LAS,10,10,0,0.0
route,ABQ->LAX,13,13,0,0.0
route,ABQ->MCI,2,2,0,0.0
route,ABQ->MDW,9,9,0,0.0
route,ABQ->OAK,2,2,0,0.0
route,ABQ->ORD,9,9,0,0.0
route,ABQ->PDX,2,2,0,0.0
route,ABQ->PHX,20,20,0,0.0
route,ABQ->SAN,14,14,0,0.0
route,ABQ->SEA,4,4,0,0.0
route,ABQ->SFO,2,2,0,0.0
route,ABQ->SJC,1,1,0,0.0
route,ABQ->SLC,3,3,0,0.0
route,ABQ->SNA,3,3,0,0.0
route,ABR->MSP,2,2,0,0.0
route,ABY->ATL,11,11,0,0.0
route,ACT->DFW,4,4,0,0.0
route,ACV->LAX,1,1,0,0.0
route,ACV->SFO,8,8,0,0.0
route,ACY->FLL,10,10,0,0.0
route,ACY->MCO,3,3,0,0.0
route,ACY->MYR,2,2,0,0.0
route,ACY->PBI,3,3,0,0.0
route,ACY->RSW,4,4,0,0.0
route,ACY->TPA,6,6,0,0.0
route,ADQ->ANC,2,2,0,0.0
route,AEX->ATL,3,3,0,0.0
route,AEX->DFW,3,3,0,0.0
route,AEX->IAH,3,3,0,0.0
route,AGS->ATL,13,13,0,0.0
route,AGS->CLT,5,5,0,0.0
route,AGS->DFW,1,1,0,0.0
route,ALB->ATL,3,3,0,0.0
route,ALB->BWI,23,23,0,0.0
route,ALB->CLT,3,3,0,0.0
route,ALB->DCA,1,1,0,0.0
route,ALB->DEN,5,5,0,0.0
route,ALB->DTW,8,8,0,0.0
route,ALB->EWR,8,8,0,0.0
route,ALB->FLL,5,5,0,0.0
route,ALB->IAD,1,1,0,0.0
route,ALB->MCO,14,14,0,0.0
route,ALB->MDW,4,4,0,0.0
route,ALB->MSP,2,2,0,0.0
route,ALB->ORD,20,20,0,0.0
route,ALB->PGD,3,3,0,0.0
route,ALB->PHL,11,11,0,0.0
route,ALB->PIE,2,2,0,0.0
route,ALB->RSW,4,4,0,0.0
route,ALB->SFB,1,1,0,0.0
route,ALB->TPA,4,4,0,0.0
route,ALO->ORD,3,3,0,0.0
route,ALW->SEA,5,5,0,0.0
route,AMA->DAL,6,6,0,0.0
route,AMA->DEN,6,6,0,0.0
route,AMA->DFW,10,10,0,0.0
route,AMA->IAH,13,13,0,0.0
route,AMA->LAS,1,1,0,0.0
route,ANC->ADK,1,1,0,0.0
route,ANC->ADQ,3,3,0,0.0
route,ANC->BET,10,10,0,0.0
route,ANC->CDV,4,4,0,0.0
route,ANC->DEN,4,4,0,0.0
route,ANC->DUT,3,3,0,0.0
route,ANC->FAI,23,23,0,0.0
route,ANC->HNL,3,3,0,0.0
route,ANC->JNU,14,14,0,0.0
route,ANC->KOA,1,1,0,0.0
route,ANC->LAX,4,4,0,0.0
route,ANC->MSP,1,1,0,0.0
route,ANC->OGG,2,2,0,0.0
route,ANC->OME,3,3,0,0.0
route,ANC->ORD,2,2,0,0.0
route,ANC->OTZ,8,8,0,0.0
route,ANC->PDX,7,7,0,0.0
route,ANC->PHX,4,4,0,0.0
route,ANC->SCC,5,5,0,0.0
route,ANC->SEA,55,55,0,0.0
route,APN->DTW,1,1,0,0.0
route,APN->PLN,1,1,0,0.0
route,ART->PHL,2,2,0,0.0
route,ASE->ATL,4,4,0,0.0
route,ASE->DEN,16,16,0,0.0
route,ASE->DFW,9,9,0,0.0
route,ASE->IAH,8,8,0,0.0
route,ASE->LAX,18,18,0,0.0
route,ASE->ORD,15,15,0,0.0
route,ASE->PHX,1,1,0,0.0
route,ASE->SFO,5,5,0,0.0
route,ASE->SLC,2,2,0,0.0
route,ATL->ABE,4,4,0,0.0
route,ATL->ABQ,5,5,0,0.0
route,ATL->ABY,4,4,0,0.0
route,ATL->AEX,5,5,0,0.0
route,ATL->AGS,5,5,0,0.0
route,ATL->ALB,2,2,0,0.0
route,ATL->ASE,2,2,0,0.0
route,ATL->ATW,1,1,0,0.0
route,ATL->AUS,16,16,0,0.0
route,ATL->AVL,7,7,0,0.0
route,ATL->AVP,1,1,0,0.0
route,ATL->BDL,5,5,0,0.0
route,ATL->BHM,19,19,0,0.0
route,ATL->BMI,4,4,0,0.0
route,ATL->BNA,13,13,0,0.0
route,ATL->BOS,39,39,0,0.0
route,ATL->BQK,5,5,0,0.0
route,ATL->BTR,9,9,0,0.0
route,ATL->BUF,6,6,0,0.0
route,ATL->BWI,29,29,0,0.0
route,ATL->BZN,2,2,0,0.0
route,ATL->CAE,12,12,0,0.0
route,ATL->CAK,5,5,0,0.0
route,ATL->CHA,15,15,0,0.0
route,ATL->CHO,7,7,0,0.0
route,ATL->CHS,15,15,0,0.0
route,ATL->CID,4,4,0,0.0
route,ATL->CLE,27,27,0,0.0
route,ATL->CLT,13,13,0,0.0
route,ATL->CMH,17,17,0,0.0
route,ATL->COS,1,1,0,0.0
route,ATL->CRW,4,4,0,0.0
route,ATL->CSG,3,3,0,0.0
route,ATL->CVG,10,10,0,0.0
route,ATL->DAB,8,8,0,0.0
route,ATL->DAL,25,25,0,0.0
route,ATL->DAY,5,5,0,0.0
route,ATL->DCA,44,44,0,0.0
route,ATL->DEN,51,51,0,0.0
route,ATL->DFW,30,30,0,0.0
route,ATL->DHN,6,6,0,0.0
route,ATL->DSM,5,5,0,0.0
route,ATL->DTW,42,42,0,0.0
route,ATL->ECP,12,12,0,0.0
route,ATL->EGE,2,2,0,0.0
route,ATL->ELP,4,4,0,0.0
route,ATL->EVV,3,3,0,0.0
route,ATL->EWN,5,5,0,0.0
route,ATL->EWR,41,41,0,0.0
route,ATL->EYW,8,8,0,0.0
route,ATL->FAY,3,3,0,0.0
route,ATL->FLL,71,71,0,0.0
route,ATL->FNT,3,3,0,0.0
route,ATL->FSD,1,1,0,0.0
route,ATL->FSM,1,1,0,0.0
route,ATL->FWA,4,4,0,0.0
route,ATL->GNV,14,14,0,0.0
route,ATL->GPT,9,9,0,0.0
route,ATL->GRR,2,2,0,0.0
route,ATL->GSO,9,9,0,0.0
route,ATL->GSP,14,14,0,0.0
route,ATL->GTR,5,5,0,0.0
route,ATL->HDN,3,3,0,0.0
route,ATL->HNL,1,1,0,0.0
route,ATL->HOU,26,26,0,0.0
route,ATL->HPN,9,9,0,0.0
route,ATL->HSV,5,5,0,0.0
route,ATL->IAD,20,20,0,0.0
route,ATL->IAH,39,39,0,0.0
route,ATL->ICT,3,3,0,0.0
route,ATL->ILM,5,5,0,0.0
route,ATL->IND,12,12,0,0.0
route,ATL->JAN,7,7,0,0.0
route,ATL->JAX,25,25,0,0.0
route,ATL->JFK,27,27,0,0.0
route,ATL->LAS,23,23,0,0.0
route,ATL->LAX,39,39,0,0.0
route,ATL->LEX,11,11,0,0.0
route,ATL->LFT,2,2,0,0.0
route,ATL->LGA,49,49,0,0.0
route,ATL->LIT,5,5,0,0.0
route,ATL->LNK,2,2,0,0.0
route,ATL->MCI,33,33,0,0.0
route,ATL->MCO,43,43,0,0.0
route,ATL->MDT,4,4,0,0.0
route,ATL->MDW,22,22,0,0.0
route,ATL->MEM,17,17,0,0.0
route,ATL->MGM,5,5,0,0.0
route,ATL->MHT,1,1,0,0.0
route,ATL->MIA,29,29,0,0.0
route,ATL->MKE,11,11,0,0.0
route,ATL->MLB,8,8,0,0.0
route,ATL->MLI,3,3,0,0.0
route,ATL->MLU,5,5,0,0.0
route,ATL->MOB,7,7,0,0.0
route,ATL->MSN,2,2,0,0.0
route,ATL->MSP,28,28,0,0.0
route,ATL->MSY,35,35,0,0.0
route,ATL->MTJ,1,1,0,0.0
route,ATL->MYR,6,6,0,0.0
route,ATL->OAJ,1,1,0,0.0
route,ATL->OAK,2,2,0,0.0
route,ATL->OKC,8,8,0,0.0
route,ATL->OMA,8,8,0,0.0
route,ATL->ORD,50,50,0,0.0
route,ATL->ORF,9,9,0,0.0
route,ATL->PBI,25,25,0,0.0
route,ATL->PDX,4,4,0,0.0
route,ATL->PHF,7,7,0,0.0
route,ATL->PHL,32,32,0,0.0
route,ATL->PHX,23,23,0,0.0
route,ATL->PIA,1,1,0,0.0
route,ATL->PIT,15,15,0,0.0
route,ATL->PNS,7,7,0,0.0
route,ATL->PVD,4,4,0,0.0
route,ATL->RDU,28,28,0,0.0
route,ATL->RIC,24,24,0,0.0
route,ATL->ROA,7,7,0,0.0
route,ATL->ROC,4,4,0,0.0
route,ATL->RST,1,1,0,0.0
route,ATL->RSW,32,32,0,0.0
route,ATL->SAN,6,6,0,0.0
route,ATL->SAT,16,16,0,0.0
route,ATL->SAV,10,10,0,0.0
route,ATL->SBN,9,9,0,0.0
route,ATL->SDF,9,9,0,0.0
route,ATL->SEA,15,15,0,0.0
route,ATL->SFO,20,20,0,0.0
route,ATL->SGF,4,4,0,0.0
route,ATL->SHV,8,8,0,0.0
route,ATL->SJC,4,4,0,0.0
route,ATL->SJU,9,9,0,0.0
route,ATL->SLC,7,7,0,0.0
route,ATL->SMF,7,7,0,0.0
route,ATL->SNA,5,5,0,0.0
route,ATL->SRQ,5,5,0,0.0
route,ATL->STL,28,28,0,0.0
route,ATL->STT,1,1,0,0.0
route,ATL->SYR,4,4,0,0.0
route,ATL->TLH,5,5,0,0.0
route,ATL->TPA,39,39,0,0.0
route,ATL->TRI,10,10,0,0.0
route,ATL->TTN,1,1,0,0.0
route,ATL->TUL,6,6,0,0.0
route,ATL->TUS,2,2,0,0.0
route,ATL->TYS,17,17,0,0.0
route,ATL->VLD,1,1,0,0.0
route,ATL->VPS,7,7,0,0.0
route,ATL->XNA,5,5,0,0.0
route,ATW->ATL,3,3,0,0.0
route,ATW->DTW,6,6,0,0.0
route,ATW->MSP,3,3,0,0.0
route,ATW->ORD,14,14,0,0.0
route,ATW->PGD,3,3,0,0.0
route,ATW->SFB,1,1,0,0.0
route,AUS->ABQ,3,3,0,0.0
route,AUS->ATL,24,24,0,0.0
route,AUS->BNA,4,4,0,0.0
route,AUS->BOS,6,6,0,0.0
route,AUS->BWI,7,7,0,0.0
route,AUS->CLT,9,9,0,0.0
route,AUS->CVG,1,1,0,0.0
route,AUS->DAL,28,28,0,0.0
route,AUS->DCA,5,5,0,0.0
route,AUS->DEN,31,31,0,0.0
route,AUS->DFW,17,17,0,0.0
route,AUS->DTW,4,4,0,0.0
route,AUS->ELP,4,4,0,0.0
route,AUS->EWR,17,17,0,0.0
route,AUS->FLL,8,8,0,0.0
route,AUS->HOU,20,20,0,0.0
route,AUS->HRL,1,1,0,0.0
route,AUS->IAD,12,12,0,0.0
route,AUS->IAH,28,28,0,0.0
route,AUS->IND,1,1,0,0.0
route,AUS->JFK,12,12,0,0.0
route,AUS->LAS,13,13,0,0.0
route,AUS->LAX,26,26,0,0.0
route,AUS->LBB,2,2,0,0.0
route,AUS->LGB,5,5,0,0.0
route,AUS->MCI,5,5,0,0.0
route,AUS->MCO,16,16,0,0.0
route,AUS->MDW,10,10,0,0.0
route,AUS->MIA,4,4,0,0.0
route,AUS->MSP,6,6,0,0.0
route,AUS->MSY,7,7,0,0.0
route,AUS->OAK,2,2,0,0.0
route,AUS->ONT,1,1,0,0.0
route,AUS->ORD,15,15,0,0.0
route,AUS->PDX,4,4,0,0.0
route,AUS->PHL,6,6,0,0.0
route,AUS->PHX,19,19,0,0.0
route,AUS->PIT,1,1,0,0.0
route,AUS->RDU,2,2,0,0.0
route,AUS->SAN,17,17,0,0.0
route,AUS->SEA,4,4,0,0.0
route,AUS->SFO,19,19,0,0.0
route,AUS->SJC,9,9,0,0.0
route,AUS->SLC,3,3,0,0.0
route,AUS->STL,7,7,0,0.0
route,AUS->TPA,9,9,0,0.0
route,AVL->ATL,12,12,0,0.0
route,AVL->CLT,9,9,0,0.0
route,AVL->DEN,1,1,0,0.0
route,AVL->EWR,3,3,0,0.0
route,AVL->FLL,7,7,0,0.0
route,AVL->IAD,1,1,0,0.0
route,AVL->MCO,1,1,0,0.0
route,AVL->ORD,9,9,0,0.0
route,AVL->PGD,1,1,0,0.0
route,AVL->SFB,1,1,0,0.0
route,AVL->TPA,1,1,0,0.0
route,AVP->CLT,7,7,0,0.0
route,AVP->DTW,4,4,0,0.0
route,AVP->EWR,4,4,0,0.0
route,AVP->IAD,1,1,0,0.0
route,AVP->ORD,9,9,0,0.0
route,AVP->PHL,8,8,0,0.0
route,AZA->ATW,1,1,0,0.0
route,AZA->BIL,2,2,0,0.0
route,AZA->BLI,3,3,0,0.0
route,AZA->BLV,1,1,0,0.0
route,AZA->BOI,2,2,0,0.0
route,AZA->CID,8,8,0,0.0
route,AZA->CVG,3,3,0,0.0
route,AZA->DSM,2,2,0,0.0
route,AZA->FAR,2,2,0,0.0
route,AZA->FSD,3,3,0,0.0
route,AZA->FWA,1,1,0,0.0
route,AZA->GFK,1,1,0,0.0
route,AZA->GTF,3,3,0,0.0
route,AZA->ICT,4,4,0,0.0
route,AZA->IDA,4,4,0,0.0
route,AZA->IND,1,1,0,0.0
route,AZA->LAS,1,1,0,0.0
route,AZA->MCI,2,2,0,0.0
route,AZA->MKE,1,1,0,0.0
route,AZA->MLI,1,1,0,0.0
route,AZA->MOT,2,2,0,0.0
route,AZA->MSO,1,1,0,0.0
route,AZA->OAK,1,1,0,0.0
route,AZA->OGD,2,2,0,0.0
route,AZA->OMA,2,2,0,0.0
route,AZA->PIA,2,2,0,0.0
route,AZA->PSC,4,4,0,0.0
route,AZA->PVU,3,3,0,0.0
route,AZA->RFD,2,2,0,0.0
route,AZA->STC,1,1,0,0.0
route,AZO->DTW,6,6,0,0.0
route,AZO->MSP,2,2,0,0.0
route,AZO->ORD,11,11,0,0.0
route,BDL->ATL,7,7,0,0.0
route,BDL->BWI,17,17,0,0.0
route,BDL->CLT,7,7,0,0.0
route,BDL->DCA,17,17,0,0.0
route,BDL->DEN,5,5,0,0.0
route,BDL->DFW,3,3,0,0.0
route,BDL->DTW,2,2,0,0.0
route,BDL->EWR,7,7,0,0.0
route,BDL->FLL,22,22,0,0.0
route,BDL->IAD,15,15,0,0.0
route,BDL->IAH,1,1,0,0.0
route,BDL->LAS,1,1,0,0.0
route,BDL->MCO,28,28,0,0.0
route,BDL->MDW,4,4,0,0.0
route,BDL->MIA,2,2,0,0.0
route,BDL->MSP,3,3,0,0.0
route,BDL->MYR,1,1,0,0.0
route,BDL->ORD,15,15,0,0.0
route,BDL->PBI,4,4,0,0.0
route,BDL->PHL,6,6,0,0.0
route,BDL->RDU,2,2,0,0.0
route,BDL->RSW,10,10,0,0.0
route,BDL->SJU,5,5,0,0.0
route,BDL->STL,1,1,0,0.0
route,BDL->TPA,13,13,0,0.0
route,BET->ANC,12,12,0,0.0
route,BFF->DEN,3,3,0,0.0
route,BFL->DEN,8,8,0,0.0
route,BFL->DFW,2,2,0,0.0
route,BFL->PHX,2,2,0,0.0
route,BFL->SFO,1,1,0,0.0
route,BGM->DTW,5,5,0,0.0
route,BGR->DCA,3,3,0,0.0
route,BGR->EWR,3,3,0,0.0
route,BGR->LGA,5,5,0,0.0
route,BGR->PHL,5,5,0,0.0
route,BGR->SFB,5,5,0,0.0
route,BHM->ATL,11,11,0,0.0
route,BHM->BWI,2,2,0,0.0
route,BHM->CLT,9,9,0,0.0
route,BHM->DAL,5,5,0,0.0
route,BHM->DCA,3,3,0,0.0
route,BHM->DEN,9,9,0,0.0
route,BHM->DFW,10,10,0,0.0
route,BHM->DTW,3,3,0,0.0
route,BHM->HOU,2,2,0,0.0
route,BHM->IAH,18,18,0,0.0
route,BHM->LAS,3,3,0,0.0
route,BHM->LGA,4,4,0,0.0
route,BHM->MCO,6,6,0,0.0
route,BHM->MDW,8,8,0,0.0
route,BHM->MIA,2,2,0,0.0
route,BHM->ORD,22,22,0,0.0
route,BHM->PHL,3,3,0,0.0
route,BHM->TPA,5,5,0,0.0
route,BIL->AZA,3,3,0,0.0
route,BIL->DEN,7,7,0,0.0
route,BIL->LAS,2,2,0,0.0
route,BIL->MSP,2,2,0,0.0
route,BIL->PDX,4,4,0,0.0
route,BIL->SEA,5,5,0,0.0
route,BIL->SLC,2,2,0,0.0
route,BIS->AZA,5,5,0,0.0
route,BIS->DEN,13,13,0,0.0
route,BIS->DFW,5,5,0,0.0
route,BIS->LAS,5,5,0,0.0
route,BIS->MSP,5,5,0,0.0
route,BIS->ORD,2,2,0,0.0
route,BIS->SFB,2,2,0,0.0
route,BLI->AZA,3,3,0,0.0
route,BLI->KOA,2,2,0,0.0
route,BLI->LAS,12,12,0,0.0
route,BLI->LAX,1,1,0,0.0
route,BLI->OAK,3,3,0,0.0
route,BLI->OGG,5,5,0,0.0
route,BLI->PDX,2,2,0,0.0
route,BLI->PSP,2,2,0,0.0
route,BLI->SAN,1,1,0,0.0
route,BLI->SEA,11,11,0,0.0
route,BLI->TUS,1,1,0,0.0
route,BLV->AZA,2,2,0,0.0
route,BLV->FLL,1,1,0,0.0
route,BLV->JAX,2,2,0,0.0
route,BLV->LAS,3,3,0,0.0
route,BLV->PGD,1,1,0,0.0
route,BLV->PIE,4,4,0,0.0
route,BLV->SFB,3,3,0,0.0
route,BLV->VPS,2,2,0,0.0
route,BMI->ATL,3,3,0,0.0
route,BMI->DFW,1,1,0,0.0
route,BMI->ORD,6,6,0,0.0
route,BMI->PIE,1,1,0,0.0
route,BMI->SFB,1,1,0,0.0
route,BNA->ATL,20,20,0,0.0
route,BNA->AUS,5,5,0,0.0
route,BNA->BOS,14,14,0,0.0
route,BNA->BWI,15,15,0,0.0
route,BNA->CHS,4,4,0,0.0
route,BNA->CLE,13,13,0,0.0
route,BNA->CLT,15,15,0,0.0
route,BNA->CMH,6,6,0,0.0
route,BNA->DAL,19,19,0,0.0
route,BNA->DCA,27,27,0,0.0
route,BNA->DEN,37,37,0,0.0
route,BNA->DFW,9,9,0,0.0
route,BNA->DTW,6,6,0,0.0
route,BNA->ECP,10,10,0,0.0
route,BNA->EWR,22,22,0,0.0
route,BNA->FLL,23,23,0,0.0
route,BNA->HOU,15,15,0,0.0
route,BNA->IAD,10,10,0,0.0
route,BNA->IAH,11,11,0,0.0
route,BNA->JAX,11,11,0,0.0
route,BNA->JFK,8,8,0,0.0
route,BNA->LAS,15,15,0,0.0
route,BNA->LAX,17,17,0,0.0
route,BNA->LGA,22,22,0,0.0
route,BNA->MCI,11,11,0,0.0
route,BNA->MCO,21,21,0,0.0
route,BNA->MDW,15,15,0,0.0
route,BNA->MIA,3,3,0,0.0
route,BNA->MKE,6,6,0,0.0
route,BNA->MSP,12,12,0,0.0
route,BNA->MSY,11,11,0,0.0
route,BNA->OAK,4,4,0,0.0
route,BNA->ORD,28,28,0,0.0
route,BNA->PGD,1,1,0,0.0
route,BNA->PHL,6,6,0,0.0
route,BNA->PHX,9,9,0,0.0
route,BNA->PIT,6,6,0,0.0
route,BNA->PNS,3,3,0,0.0
route,BNA->RDU,13,13,0,0.0
route,BNA->RSW,8,8,0,0.0
route,BNA->SAN,1,1,0,0.0
route,BNA->SAT,4,4,0,0.0
route,BNA->SEA,3,3,0,0.0
route,BNA->SFO,8,8,0,0.0
route,BNA->SLC,1,1,0,0.0
route,BNA->STL,9,9,0,0.0
route,BNA->SYR,1,1,0,0.0
route,BNA->TPA,12,12,0,0.0
route,BOI->AZA,2,2,0,0.0
route,BOI->DEN,23,23,0,0.0
route,BOI->DFW,1,1,0,0.0
route,BOI->GEG,9,9,0,0.0
route,BOI->IAH,12,12,0,0.0
route,BOI->LAS,10,10,0,0.0
route,BOI->LAX,10,10,0,0.0
route,BOI->LWS,6,6,0,0.0
route,BOI->MSP,4,4,0,0.0
route,BOI->OAK,6,6,0,0.0
route,BOI->ORD,6,6,0,0.0
route,BOI->PDX,22,22,0,0.0
route,BOI->PHX,4,4,0,0.0
route,BOI->RNO,5,5,0,0.0
route,BOI->SAN,4,4,0,0.0
route,BOI->SEA,38,38,0,0.0
route,BOI->SFO,9,9,0,0.0
route,BOI->SJC,9,9,0,0.0
route,BOI->SLC,19,19,0,0.0
route,BOI->SMF,5,5,0,0.0
route,BOS->ATL,35,35,0,0.0
route,BOS->AUS,9,9,0,0.0
route,BOS->BNA,21,21,0,0.0
route,BOS->BUF,19,19,0,0.0
route,BOS->BUR,3,3,0,0.0
route,BOS->BWI,43,43,0,0.0
route,BOS->CHS,6,6,0,0.0
route,BOS->CLE,14,14,0,0.0
route,BOS->CLT,19,19,0,0.0
route,BOS->CMH,5,5,0,0.0
route,BOS->CVG,3,3,0,0.0
route,BOS->DAL,3,3,0,0.0
route,BOS->DCA,48,48,0,0.0
route,BOS->DEN,17,17,0,0.0
route,BOS->DFW,14,14,0,0.0
route,BOS->DTW,22,22,0,0.0
route,BOS->EWR,55,55,0,0.0
route,BOS->FLL,28,28,0,0.0
route,BOS->HOU,9,9,0,0.0
route,BOS->IAD,21,21,0,0.0
route,BOS->IAH,12,12,0,0.0
route,BOS->IND,4,4,0,0.0
route,BOS->JAX,14,14,0,0.0
route,BOS->JFK,33,33,0,0.0
route,BOS->LAS,14,14,0,0.0
route,BOS->LAX,29,29,0,0.0
route,BOS->LGA,40,40,0,0.0
route,BOS->LGB,3,3,0,0.0
route,BOS->MCI,3,3,0,0.0
route,BOS->MCO,32,32,0,0.0
route,BOS->MDW,11,11,0,0.0
route,BOS->MIA,8,8,0,0.0
route,BOS->MSP,12,12,0,0.0
route,BOS->MSY,12,12,0,0.0
route,BOS->MYR,2,2,0,0.0
route,BOS->ORD,36,36,0,0.0
route,BOS->ORF,1,1,0,0.0
route,BOS->PBI,34,34,0,0.0
route,BOS->PDX,2,2,0,0.0
route,BOS->PHL,41,41,0,0.0
route,BOS->PHX,7,7,0,0.0
route,BOS->PIT,23,23,0,0.0
route,BOS->PSP,1,1,0,0.0
route,BOS->RDU,24,24,0,0.0
route,BOS->RIC,13,13,0,0.0
route,BOS->ROC,6,6,0,0.0
route,BOS->RSW,27,27,0,0.0
route,BOS->SAN,15,15,0,0.0
route,BOS->SAV,8,8,0,0.0
route,BOS->SEA,11,11,0,0.0
route,BOS->SFO,28,28,0,0.0
route,BOS->SJC,2,2,0,0.0
route,BOS->SJU,6,6,0,0.0
route,BOS->SLC,8,8,0,0.0
route,BOS->SRQ,3,3,0,0.0
route,BOS->STL,11,11,0,0.0
route,BOS->SYR,2,2,0,0.0
route,BOS->TPA,26,26,0,0.0
route,BPT->DFW,1,1,0,0.0
route,BQK->ATL,8,8,0,0.0
route,BQN->EWR,3,3,0,0.0
route,BQN->FLL,3,3,0,0.0
route,BQN->JFK,2,2,0,0.0
route,BQN->MCO,5,5,0,0.0
route,BRO->DFW,7,7,0,0.0
route,BRO->IAH,9,9,0,0.0
route,BRW->ANC,3,3,0,0.0
route,BRW->FAI,4,4,0,0.0
route,BTM->SLC,3,3,0,0.0
route,BTR->ATL,11,11,0,0.0
route,BTR->CLT,3,3,0,0.0
route,BTR->DFW,2,2,0,0.0
route,BTR->IAH,19,19,0,0.0
route,BTV->ATL,1,1,0,0.0
route,BTV->CLT,1,1,0,0.0
route,BTV->DCA,5,5,0,0.0
route,BTV->DTW,4,4,0,0.0
route,BTV->EWR,11,11,0,0.0
route,BTV->IAD,6,6,0,0.0
route,BTV->JFK,11,11,0,0.0
route,BTV->LGA,2,2,0,0.0
route,BTV->ORD,12,12,0,0.0
route,BTV->PHL,7,7,0,0.0
route,BUF->ATL,3,3,0,0.0
route,BUF->BOS,19,19,0,0.0
route,BUF->BWI,11,11,0,0.0
route,BUF->CLT,12,12,0,0.0
route,BUF->DCA,4,4,0,0.0
route,BUF->DFW,1,1,0,0.0
route,BUF->DTW,5,5,0,0.0
route,BUF->EWR,16,16,0,0.0
route,BUF->FLL,9,9,0,0.0
route,BUF->IAD,13,13,0,0.0
route,BUF->JFK,23,23,0,0.0
route,BUF->LAS,4,4,0,0.0
route,BUF->LAX,2,2,0,0.0
route,BUF->LGA,10,10,0,0.0
route,BUF->MCO,26,26,0,0.0
route,BUF->MDW,6,6,0,0.0
route,BUF->ORD,18,18,0,0.0
route,BUF->PHL,3,3,0,0.0
route,BUF->PHX,2,2,0,0.0
route,BUF->RSW,11,11,0,0.0
route,BUF->TPA,3,3,0,0.0
route,BUR->DAL,4,4,0,0.0
route,BUR->DEN,16,16,0,0.0
route,BUR->HOU,1,1,0,0.0
route,BUR->JFK,2,2,0,0.0
route,BUR->LAS,28,28,0,0.0
route,BUR->MDW,1,1,0,0.0
route,BUR->OAK,34,34,0,0.0
route,BUR->PDX,10,10,0,0.0
route,BUR->PHX,24,24,0,0.0
route,BUR->SEA,7,7,0,0.0
route,BUR->SFO,27,27,0,0.0
route,BUR->SJC,43,43,0,0.0
route,BUR->SLC,7,7,0,0.0
route,BUR->SMF,20,20,0,0.0
route,BWI->ABQ,3,3,0,0.0
route,BWI->ALB,18,18,0,0.0
route,BWI->ATL,37,37,0,0.0
route,BWI->AUS,8,8,0,0.0
route,BWI->AVL,2,2,0,0.0
route,BWI->BDL,18,18,0,0.0
route,BWI->BHM,1,1,0,0.0
route,BWI->BNA,20,20,0,0.0
route,BWI->BOS,56,56,0,0.0
route,BWI->BUF,19,19,0,0.0
route,BWI->CHS,6,6,0,0.0
route,BWI->CLE,9,9,0,0.0
route,BWI->CLT,13,13,0,0.0
route,BWI->CMH,11,11,0,0.0
route,BWI->CVG,8,8,0,0.0
route,BWI->DAL,17,17,0,0.0
route,BWI->DEN,25,25,0,0.0
route,BWI->DFW,13,13,0,0.0
route,BWI->DTW,18,18,0,0.0
route,BWI->ECP,2,2,0,0.0
route,BWI->EWR,6,6,0,0.0
route,BWI->FLL,38,38,0,0.0
route,BWI->GRR,4,4,0,0.0
route,BWI->HOU,12,12,0,0.0
route,BWI->IAH,7,7,0,0.0
route,BWI->IND,11,11,0,0.0
route,BWI->ISP,18,18,0,0.0
route,BWI->JAX,14,14,0,0.0
route,BWI->JFK,9,9,0,0.0
route,BWI->LAS,22,22,0,0.0
route,BWI->LAX,10,10,0,0.0
route,BWI->MCI,1,1,0,0.0
route,BWI->MCO,42,42,0,0.0
route,BWI->MDW,24,24,0,0.0
route,BWI->MEM,6,6,0,0.0
route,BWI->MHT,11,11,0,0.0
route,BWI->MIA,3,3,0,0.0
route,BWI->MKE,4,4,0,0.0
route,BWI->MSP,16,16,0,0.0
route,BWI->MSY,12,12,0,0.0
route,BWI->MYR,3,3,0,0.0
route,BWI->OAK,3,3,0,0.0
route,BWI->OKC,2,2,0,0.0
route,BWI->ORD,20,20,0,0.0
route,BWI->ORF,19,19,0,0.0
route,BWI->PBI,15,15,0,0.0
route,BWI->PHL,3,3,0,0.0
route,BWI->PHX,6,6,0,0.0
route,BWI->PIT,8,8,0,0.0
route,BWI->PVD,18,18,0,0.0
route,BWI->PWM,9,9,0,0.0
route,BWI->RDU,25,25,0,0.0
route,BWI->ROC,5,5,0,0.0
route,BWI->RSW,20,20,0,0.0
route,BWI->SAN,17,17,0,0.0
route,BWI->SAT,10,10,0,0.0
route,BWI->SAV,1,1,0,0.0
route,BWI->SDF,6,6,0,0.0
route,BWI->SEA,6,6,0,0.0
route,BWI->SFO,9,9,0,0.0
route,BWI->SJC,2,2,0,0.0
route,BWI->SJU,6,6,0,0.0
route,BWI->SLC,7,7,0,0.0
route,BWI->SMF,2,2,0,0.0
route,BWI->STL,8,8,0,0.0
route,BWI->TPA,28,28,0,0.0
route,BZN->ATL,1,1,0,0.0
route,BZN->AZA,2,2,0,0.0
route,BZN->DEN,15,15,0,0.0
route,BZN->EWR,4,4,0,0.0
route,BZN->LAX,4,4,0,0.0
route,BZN->MSP,6,6,0,0.0
route,BZN->ORD,13,13,0,0.0
route,BZN->PDX,1,1,0,0.0
route,BZN->SEA,8,8,0,0.0
route,BZN->SFO,2,2,0,0.0
route,BZN->SLC,9,9,0,0.0
route,CAE->ATL,10,10,0,0.0
route,CAE->CLT,8,8,0,0.0
route,CAE->DCA,2,2,0,0.0
route,CAE->DFW,4,4,0,0.0
route,CAE->IAD,14,14,0,0.0
route,CAE->IAH,2,2,0,0.0
route,CAE->LGA,1,1,0,0.0
route,CAE->ORD,8,8,0,0.0
route,CAE->PHL,3,3,0,0.0
route,CAK->ATL,2,2,0,0.0
route,CAK->CLT,4,4,0,0.0
route,CAK->DCA,2,2,0,0.0
route,CAK->EWR,7,7,0,0.0
route,CAK->FLL,1,1,0,0.0
route,CAK->IAH,1,1,0,0.0
route,CAK->MCO,1,1,0,0.0
route,CAK->ORD,12,12,0,0.0
route,CAK->PHL,1,1,0,0.0
route,CAK->RSW,3,3,0,0.0
route,CAK->TPA,1,1,0,0.0
route,CDC->SLC,5,5,0,0.0
route,CDV->ANC,2,2,0,0.0
route,CDV->YAK,4,4,0,0.0
route,CGI->ORD,3,3,0,0.0
route,CGI->PAH,3,3,0,0.0
route,CGI->UIN,1,1,0,0.0
route,CHA->ATL,10,10,0,0.0
route,CHA->CLT,8,8,0,0.0
route,CHA->DCA,1,1,0,0.0
route,CHA->DFW,2,2,0,0.0
route,CHA->DTW,1,1,0,0.0
route,CHA->EWR,3,3,0,0.0
route,CHA->IAD,1,1,0,0.0
route,CHA->LGA,1,1,0,0.0
route,CHA->ORD,12,12,0,0.0
route,CHA->PIE,1,1,0,0.0
route,CHA->SFB,2,2,0,0.0
route,CHO->ATL,9,9,0,0.0
route,CHO->CLT,11,11,0,0.0
route,CHO->IAD,11,11,0,0.0
route,CHO->LGA,6,6,0,0.0
route,CHO->ORD,7,7,0,0.0
route,CHO->PHL,3,3,0,0.0
route,CHS->ATL,12,12,0,0.0
route,CHS->BNA,3,3,0,0.0
route,CHS->BOS,7,7,0,0.0
route,CHS->BWI,9,9,0,0.0
route,CHS->CLT,17,17,0,0.0
route,CHS->DAL,1,1,0,0.0
route,CHS->DCA,13,13,0,0.0
route,CHS->DEN,1,1,0,0.0
route,CHS->DFW,3,3,0,0.0
route,CHS->DTW,3,3,0,0.0
route,CHS->EWR,14,14,0,0.0
route,CHS->FLL,3,3,0,0.0
route,CHS->HOU,5,5,0,0.0
route,CHS->IAD,12,12,0,0.0
route,CHS->IAH,5,5,0,0.0
route,CHS->IND,1,1,0,0.0
route,CHS->JFK,15,15,0,0.0
route,CHS->LGA,3,3,0,0.0
route,CHS->MDW,6,6,0,0.0
route,CHS->MIA,5,5,0,0.0
route,CHS->ORD,13,13,0,0.0
route,CHS->PHL,2,2,0,0.0
route,CID->ATL,1,1,0,0.0
route,CID->AZA,3,3,0,0.0
route,CID->CLT,1,1,0,0.0
route,CID->DEN,5,5,0,0.0
route,CID->DFW,6,6,0,0.0
route,CID->DTW,3,3,0,0.0
route,CID->LAS,1,1,0,0.0
route,CID->MCO,1,1,0,0.0
route,CID->MSP,5,5,0,0.0
route,CID->ORD,27,27,0,0.0
route,CID->PIE,2,2,0,0.0
route,CID->SFB,2,2,0,0.0
route,CIU->DTW,1,1,0,0.0
route,CIU->MSP,2,2,0,0.0
route,CKB->IAD,2,2,0,0.0
route,CKB->ORD,3,3,0,0.0
route,CKB->SFB,1,1,0,0.0
route,CLE->ATL,14,14,0,0.0
route,CLE->AUS,1,1,0,0.0
route,CLE->BDL,1,1,0,0.0
route,CLE->BNA,4,4,0,0.0
route,CLE->BOS,15,15,0,0.0
route,CLE->BWI,11,11,0,0.0
route,CLE->CLT,10,10,0,0.0
route,CLE->DCA,17,17,0,0.0
route,CLE->DEN,15,15,0,0.0
route,CLE->DFW,4,4,0,0.0
route,CLE->DTW,2,2,0,0.0
route,CLE->EWR,22,22,0,0.0
route,CLE->FLL,13,13,0,0.0
route,CLE->IAD,19,19,0,0.0
route,CLE->IAH,23,23,0,0.0
route,CLE->JFK,4,4,0,0.0
route,CLE->LAS,9,9,0,0.0
route,CLE->LAX,6,6,0,0.0
route,CLE->LGA,34,34,0,0.0
route,CLE->MCO,11,11,0,0.0
route,CLE->MDW,13,13,0,0.0
route,CLE->MIA,7,7,0,0.0
route,CLE->MKE,7,7,0,0.0
route,CLE->MSP,4,4,0,0.0
route,CLE->MSY,3,3,0,0.0
route,CLE->ORD,36,36,0,0.0
route,CLE->PBI,1,1,0,0.0
route,CLE->PGD,1,1,0,0.0
route,CLE->PHL,6,6,0,0.0
route,CLE->PHX,11,11,0,0.0
route,CLE->PIE,1,1,0,0.0
route,CLE->RDU,1,1,0,0.0
route,CLE->RSW,9,9,0,0.0
route,CLE->SAV,1,1,0,0.0
route,CLE->SFB,2,2,0,0.0
route,CLE->SFO,6,6,0,0.0
route,CLE->SLC,1,1,0,0.0
route,CLE->STL,6,6,0,0.0
route,CLE->TPA,5,5,0,0.0
route,CLL->DFW,3,3,0,0.0
route,CLL->IAH,3,3,0,0.0
route,CLT->ABE,4,4,0,0.0
route,CLT->AGS,8,8,0,0.0
route,CLT->ALB,6,6,0,0.0
route,CLT->ATL,16,16,0,0.0
route,CLT->AUS,2,2,0,0.0
route,CLT->AVL,5,5,0,0.0
route,CLT->AVP,1,1,0,0.0
route,CLT->BDL,13,13,0,0.0
route,CLT->BHM,9,9,0,0.0
route,CLT->BNA,14,14,0,0.0
route,CLT->BOS,21,21,0,0.0
route,CLT->BTR,2,2,0,0.0
route,CLT->BTV,4,4,0,0.0
route,CLT->BUF,6,6,0,0.0
route,CLT->BWI,18,18,0,0.0
route,CLT->CAE,8,8,0,0.0
route,CLT->CAK,5,5,0,0.0
route,CLT->CHA,9,9,0,0.0
route,CLT->CHO,13,13,0,0.0
route,CLT->CHS,19,19,0,0.0
route,CLT->CID,3,3,0,0.0
route,CLT->CLE,7,7,0,0.0
route,CLT->CMH,10,10,0,0.0
route,CLT->CMI,5,5,0,0.0
route,CLT->CRW,7,7,0,0.0
route,CLT->CVG,14,14,0,0.0
route,CLT->DAB,4,4,0,0.0
route,CLT->DAL,4,4,0,0.0
route,CLT->DAY,6,6,0,0.0
route,CLT->DCA,14,14,0,0.0
route,CLT->DEN,19,19,0,0.0
route,CLT->DFW,16,16,0,0.0
route,CLT->DSM,5,5,0,0.0
route,CLT->DTW,7,7,0,0.0
route,CLT->ECP,2,2,0,0.0
route,CLT->EVV,3,3,0,0.0
route,CLT->EWN,13,13,0,0.0
route,CLT->EWR,21,21,0,0.0
route,CLT->EYW,5,5,0,0.0
route,CLT->FAY,13,13,0,0.0
route,CLT->FLL,10,10,0,0.0
route,CLT->FLO,1,1,0,0.0
route,CLT->FWA,3,3,0,0.0
route,CLT->GNV,6,6,0,0.0
route,CLT->GPT,2,2,0,0.0
route,CLT->GRR,1,1,0,0.0
route,CLT->GSO,13,13,0,0.0
route,CLT->GSP,8,8,0,0.0
route,CLT->HHH,1,1,0,0.0
route,CLT->HOU,1,1,0,0.0
route,CLT->HPN,7,7,0,0.0
route,CLT->HSV,9,9,0,0.0
route,CLT->HTS,3,3,0,0.0
route,CLT->HVN,1,1,0,0.0
route,CLT->IAD,17,17,0,0.0
route,CLT->IAH,18,18,0,0.0
route,CLT->ILM,12,12,0,0.0
route,CLT->IND,9,9,0,0.0
route,CLT->JAN,2,2,0,0.0
route,CLT->JAX,9,9,0,0.0
route,CLT->JFK,15,15,0,0.0
route,CLT->LAS,7,7,0,0.0
route,CLT->LAX,13,13,0,0.0
route,CLT->LEX,10,10,0,0.0
route,CLT->LGA,22,22,0,0.0
route,CLT->LIT,4,4,0,0.0
route,CLT->LYH,5,5,0,0.0
route,CLT->MCI,6,6,0,0.0
route,CLT->MCO,12,12,0,0.0
route,CLT->MDT,3,3,0,0.0
route,CLT->MDW,6,6,0,0.0
route,CLT->MEM,7,7,0,0.0
route,CLT->MGM,3,3,0,0.0
route,CLT->MHT,9,9,0,0.0
route,CLT->MIA,14,14,0,0.0
route,CLT->MKE,7,7,0,0.0
route,CLT->MLB,9,9,0,0.0
route,CLT->MOB,7,7,0,0.0
route,CLT->MSN,1,1,0,0.0
route,CLT->MSP,12,12,0,0.0
route,CLT->MSY,14,14,0,0.0
route,CLT->MYR,14,14,0,0.0
route,CLT->OAJ,6,6,0,0.0
route,CLT->OKC,3,3,0,0.0
route,CLT->OMA,3,3,0,0.0
route,CLT->ORD,27,27,0,0.0
route,CLT->ORF,13,13,0,0.0
route,CLT->PBI,12,12,0,0.0
route,CLT->PDX,2,2,0,0.0
route,CLT->PGV,4,4,0,0.0
route,CLT->PHF,7,7,0,0.0
route,CLT->PHL,14,14,0,0.0
route,CLT->PHX,10,10,0,0.0
route,CLT->PIA,1,1,0,0.0
route,CLT->PIT,11,11,0,0.0
route,CLT->PNS,5,5,0,0.0
route,CLT->PVD,7,7,0,0.0
route,CLT->PWM,2,2,0,0.0
route,CLT->RDU,22,22,0,0.0
route,CLT->RIC,10,10,0,0.0
route,CLT->ROA,10,10,0,0.0
route,CLT->ROC,8,8,0,0.0
route,CLT->RSW,6,6,0,0.0
route,CLT->SAN,4,4,0,0.0
route,CLT->SAT,7,7,0,0.0
route,CLT->SAV,14,14,0,0.0
route,CLT->SBN,5,5,0,0.0
route,CLT->SBY,4,4,0,0.0
route,CLT->SDF,9,9,0,0.0
route,CLT->SEA,3,3,0,0.0
route,CLT->SFO,7,7,0,0.0
route,CLT->SGF,4,4,0,0.0
route,CLT->SHV,3,3,0,0.0
route,CLT->SJU,3,3,0,0.0
route,CLT->SLC,2,2,0,0.0
route,CLT->SMF,4,4,0,0.0
route,CLT->SRQ,7,7,0,0.0
route,CLT->STL,7,7,0,0.0
route,CLT->STT,3,3,0,0.0
route,CLT->SYR,2,2,0,0.0
route,CLT->TLH,6,6,0,0.0
route,CLT->TOL,2,2,0,0.0
route,CLT->TPA,10,10,0,0.0
route,CLT->TRI,6,6,0,0.0
route,CLT->TTN,2,2,0,0.0
route,CLT->TUL,5,5,0,0.0
route,CLT->TYS,13,13,0,0.0
route,CLT->VPS,9,9,0,0.0
route,CLT->XNA,5,5,0,0.0
route,CMH->ATL,25,25,0,0.0
route,CMH->BNA,3,3,0,0.0
route,CMH->BOS,5,5,0,0.0
route,CMH->BWI,16,16,0,0.0
route,CMH->CLT,14,14,0,0.0
route,CMH->DAL,3,3,0,0.0
route,CMH->DCA,10,10,0,0.0
route,CMH->DEN,12,12,0,0.0
route,CMH->DFW,5,5,0,0.0
route,CMH->DTW,5,5,0,0.0
route,CMH->EWR,16,16,0,0.0
route,CMH->FLL,9,9,0,0.0
route,CMH->HOU,2,2,0,0.0
route,CMH->IAD,20,20,0,0.0
route,CMH->IAH,6,6,0,0.0
route,CMH->JFK,6,6,0,0.0
route,CMH->LAS,11,11,0,0.0
route,CMH->LAX,2,2,0,0.0
route,CMH->LGA,14,14,0,0.0
route,CMH->MCO,22,22,0,0.0
route,CMH->MDW,12,12,0,0.0
route,CMH->MIA,5,5,0,0.0
route,CMH->MSP,6,6,0,0.0
route,CMH->MSY,5,5,0,0.0
route,CMH->ORD,32,32,0,0.0
route,CMH->PHL,4,4,0,0.0
route,CMH->PHX,7,7,0,0.0
route,CMH->RDU,2,2,0,0.0
route,CMH->RSW,9,9,0,0.0
route,CMH->SEA,2,2,0,0.0
route,CMH->STL,8,8,0,0.0
route,CMH->TPA,15,15,0,0.0
route,CMI->CLT,1,1,0,0.0
route,CMI->DFW,2,2,0,0.0
route,CMI->ORD,14,14,0,0.0
route,CMX->ORD,9,9,0,0.0
route,COD->DEN,6,6,0,0.0
route,COS->ATL,1,1,0,0.0
route,COS->DEN,21,21,0,0.0
route,COS->DFW,7,7,0,0.0
route,COS->IAH,8,8,0,0.0
route,COS->LAS,5,5,0,0.0
route,COS->LAX,8,8,0,0.0
route,COS->MCO,1,1,0,0.0
route,COS->ORD,11,11,0,0.0
route,COS->PHX,2,2,0,0.0
route,COS->SAN,2,2,0,0.0
route,COS->SLC,2,2,0,0.0
route,COS->TPA,2,2,0,0.0
route,COU->DEN,2,2,0,0.0
route,COU->DFW,3,3,0,0.0
route,COU->ORD,11,11,0,0.0
route,CPR->DEN,7,7,0,0.0
route,CPR->SLC,5,5,0,0.0
route,CRP->DFW,11,11,0,0.0
route,CRP->HOU,9,9,0,0.0
route,CRP->IAH,17,17,0,0.0
route,CRW->ATL,7,7,0,0.0
route,CRW->CLT,5,5,0,0.0
route,CRW->DCA,1,1,0,0.0
route,CRW->IAD,5,5,0,0.0
route,CRW->IAH,3,3,0,0.0
route,CRW->ORD,1,1,0,0.0
route,CRW->PHL,3,3,0,0.0
route,CSG->ATL,10,10,0,0.0
route,CVG->ATL,11,11,0,0.0
route,CVG->AUS,4,4,0,0.0
route,CVG->AZA,1,1,0,0.0
route,CVG->BDL,1,1,0,0.0
route,CVG->BOS,4,4,0,0.0
route,CVG->BWI,9,9,0,0.0
route,CVG->CLT,14,14,0,0.0
route,CVG->DCA,9,9,0,0.0
route,CVG->DEN,11,11,0,0.0
route,CVG->DFW,6,6,0,0.0
route,CVG->DTW,3,3,0,0.0
route,CVG->EWR,21,21,0,0.0
route,CVG->FLL,8,8,0,0.0
route,CVG->IAD,10,10,0,0.0
route,CVG->IAH,14,14,0,0.0
route,CVG->JAX,1,1,0,0.0
route,CVG->JFK,2,2,0,0.0
route,CVG->LAS,11,11,0,0.0
route,CVG->LAX,6,6,0,0.0
route,CVG->LGA,14,14,0,0.0
route,CVG->MCI,3,3,0,0.0
route,CVG->MCO,4,4,0,0.0
route,CVG->MDW,14,14,0,0.0
route,CVG->MIA,4,4,0,0.0
route,CVG->MSP,11,11,0,0.0
route,CVG->MSY,1,1,0,0.0
route,CVG->ORD,31,31,0,0.0
route,CVG->PGD,4,4,0,0.0
route,CVG->PHL,7,7,0,0.0
route,CVG->PHX,7,7,0,0.0
route,CVG->PIE,4,4,0,0.0
route,CVG->RDU,4,4,0,0.0
route,CVG->RSW,5,5,0,0.0
route,CVG->SAN,1,1,0,0.0
route,CVG->SAV,1,1,0,0.0
route,CVG->SFO,4,4,0,0.0
route,CVG->SLC,2,2,0,0.0
route,CVG->STL,3,3,0,0.0
route,CVG->TPA,1,1,0,0.0
route,CVG->VPS,2,2,0,0.0
route,CWA->DTW,4,4,0,0.0
route,CWA->MSP,1,1,0,0.0
route,CWA->ORD,4,4,0,0.0
route,CYS->DFW,4,4,0,0.0
route,DAB->ATL,8,8,0,0.0
route,DAB->CLT,13,13,0,0.0
route,DAB->JFK,5,5,0,0.0
route,DAL->ABQ,12,12,0,0.0
route,DAL->AMA,14,14,0,0.0
route,DAL->ATL,29,29,0,0.0
route,DAL->AUS,21,21,0,0.0
route,DAL->BHM,4,4,0,0.0
route,DAL->BNA,16,16,0,0.0
route,DAL->BOS,4,4,0,0.0
route,DAL->BUR,3,3,0,0.0
route,DAL->BWI,8,8,0,0.0
route,DAL->CHS,1,1,0,0.0
route,DAL->CLT,2,2,0,0.0
route,DAL->CMH,5,5,0,0.0
route,DAL->DCA,18,18,0,0.0
route,DAL->DEN,22,22,0,0.0
route,DAL->DTW,6,6,0,0.0
route,DAL->ECP,4,4,0,0.0
route,DAL->ELP,11,11,0,0.0
route,DAL->FLL,11,11,0,0.0
route,DAL->HOU,67,67,0,0.0
route,DAL->HRL,1,1,0,0.0
route,DAL->IND,5,5,0,0.0
route,DAL->JAX,4,4,0,0.0
route,DAL->LAS,15,15,0,0.0
route,DAL->LAX,20,20,0,0.0
route,DAL->LBB,12,12,0,0.0
route,DAL->LGA,26,26,0,0.0
route,DAL->LIT,6,6,0,0.0
route,DAL->MAF,18,18,0,0.0
route,DAL->MCI,20,20,0,0.0
route,DAL->MCO,16,16,0,0.0
route,DAL->MDW,20,20,0,0.0
route,DAL->MEM,10,10,0,0.0
route,DAL->MKE,1,1,0,0.0
route,DAL->MSP,1,1,0,0.0
route,DAL->MSY,25,25,0,0.0
route,DAL->OAK,5,5,0,0.0
route,DAL->OKC,14,14,0,0.0
route,DAL->OMA,1,1,0,0.0
route,DAL->ONT,1,1,0,0.0
route,DAL->PDX,9,9,0,0.0
route,DAL->PHL,2,2,0,0.0
route,DAL->PHX,11,11,0,0.0
route,DAL->PIT,3,3,0,0.0
route,DAL->RDU,6,6,0,0.0
route,DAL->RNO,3,3,0,0.0
route,DAL->SAN,15,15,0,0.0
route,DAL->SAT,24,24,0,0.0
route,DAL->SDF,1,1,0,0.0
route,DAL->SEA,10,10,0,0.0
route,DAL->SFO,16,16,0,0.0
route,DAL->SJC,11,11,0,0.0
route,DAL->SLC,4,4,0,0.0
route,DAL->SMF,5,5,0,0.0
route,DAL->SNA,4,4,0,0.0
route,DAL->STL,17,17,0,0.0
route,DAL->TPA,10,10,0,0.0
route,DAL->TUL,17,17,0,0.0
route,DAY->ATL,5,5,0,0.0
route,DAY->CLT,6,6,0,0.0
route,DAY->DCA,6,6,0,0.0
route,DAY->DEN,5,5,0,0.0
route,DAY->DFW,6,6,0,0.0
route,DAY->DTW,7,7,0,0.0
route,DAY->EWR,2,2,0,0.0
route,DAY->IAD,2,2,0,0.0
route,DAY->MSP,3,3,0,0.0
route,DAY->ORD,22,22,0,0.0
route,DAY->PHL,6,6,0,0.0
route,DAY->PIE,1,1,0,0.0
route,DAY->SFB,1,1,0,0.0
route,DBQ->ORD,5,5,0,0.0
route,DCA->ALB,7,7,0,0.0
route,DCA->ATL,37,37,0,0.0
route,DCA->AUS,4,4,0,0.0
route,DCA->BDL,13,13,0,0.0
route,DCA->BGR,1,1,0,0.0
route,DCA->BHM,2,2,0,0.0
route,DCA->BNA,16,16,0,0.0
route,DCA->BOS,46,46,0,0.0
route,DCA->BTV,6,6,0,0.0
route,DCA->BUF,6,6,0,0.0
route,DCA->CAE,5,5,0,0.0
route,DCA->CAK,2,2,0,0.0
route,DCA->CHS,15,15,0,0.0
route,DCA->CLE,19,19,0,0.0
route,DCA->CLT,16,16,0,0.0
route,DCA->CMH,15,15,0,0.0
route,DCA->CVG,11,11,0,0.0
route,DCA->DAL,14,14,0,0.0
route,DCA->DAY,5,5,0,0.0
route,DCA->DEN,14,14,0,0.0
route,DCA->DFW,14,14,0,0.0
route,DCA->DSM,3,3,0,0.0
route,DCA->DTW,13,13,0,0.0
route,DCA->EWR,26,26,0,0.0
route,DCA->EYW,2,2,0,0.0
route,DCA->FLL,26,26,0,0.0
route,DCA->GRR,4,4,0,0.0
route,DCA->GSO,1,1,0,0.0
route,DCA->GSP,2,2,0,0.0
route,DCA->HOU,7,7,0,0.0
route,DCA->HPN,6,6,0,0.0
route,DCA->HSV,5,5,0,0.0
route,DCA->IAH,14,14,0,0.0
route,DCA->ILM,2,2,0,0.0
route,DCA->IND,10,10,0,0.0
route,DCA->JAN,1,1,0,0.0
route,DCA->JAX,12,12,0,0.0
route,DCA->JFK,15,15,0,0.0
route,DCA->LAN,1,1,0,0.0
route,DCA->LAS,1,1,0,0.0
route,DCA->LAX,8,8,0,0.0
route,DCA->LEX,2,2,0,0.0
route,DCA->LGA,24,24,0,0.0
route,DCA->MCI,12,12,0,0.0
route,DCA->MCO,31,31,0,0.0
route,DCA->MDW,24,24,0,0.0
route,DCA->MEM,3,3,0,0.0
route,DCA->MGM,4,4,0,0.0
route,DCA->MHT,5,5,0,0.0
route,DCA->MIA,11,11,0,0.0
route,DCA->MKE,6,6,0,0.0
route,DCA->MSN,1,1,0,0.0
route,DCA->MSP,8,8,0,0.0
route,DCA->MSY,12,12,0,0.0
route,DCA->OKC,3,3,0,0.0
route,DCA->OMA,7,7,0,0.0
route,DCA->ORD,42,42,0,0.0
route,DCA->ORF,4,4,0,0.0
route,DCA->PBI,8,8,0,0.0
route,DCA->PDX,3,3,0,0.0
route,DCA->PHL,5,5,0,0.0
route,DCA->PHX,2,2,0,0.0
route,DCA->PIT,4,4,0,0.0
route,DCA->PNS,3,3,0,0.0
route,DCA->PVD,12,12,0,0.0
route,DCA->PWM,7,7,0,0.0
route,DCA->RDU,10,10,0,0.0
route,DCA->ROC,4,4,0,0.0
route,DCA->RSW,10,10,0,0.0
route,DCA->SAV,5,5,0,0.0
route,DCA->SDF,2,2,0,0.0
route,DCA->SEA,10,10,0,0.0
route,DCA->SFO,8,8,0,0.0
route,DCA->SJU,3,3,0,0.0
route,DCA->SLC,2,2,0,0.0
route,DCA->STL,9,9,0,0.0
route,DCA->SYR,4,4,0,0.0
route,DCA->TLH,3,3,0,0.0
route,DCA->TPA,14,14,0,0.0
route,DCA->TYS,4,4,0,0.0
route,DCA->VPS,2,2,0,0.0
route,DCA->XNA,2,2,0,0.0
route,DEN->ABQ,19,19,0,0.0
route,DEN->ALB,2,2,0,0.0
route,DEN->AMA,4,4,0,0.0
route,DEN->ANC,4,4,0,0.0
route,DEN->ASE,20,20,0,0.0
route,DEN->ATL,39,39,0,0.0
route,DEN->AUS,38,38,0,0.0
route,DEN->BDL,6,6,0,0.0
route,DEN->BFF,6,6,0,0.0
route,DEN->BFL,5,5,0,0.0
route,DEN->BHM,8,8,0,0.0
route,DEN->BIL,12,12,0,0.0
route,DEN->BIS,4,4,0,0.0
route,DEN->BNA,24,24,0,0.0
route,DEN->BOI,16,16,0,0.0
route,DEN->BOS,23,23,0,0.0
route,DEN->BUR,10,10,0,0.0
route,DEN->BWI,22,22,0,0.0
route,DEN->BZN,15,15,0,0.0
route,DEN->CID,7,7,0,0.0
route,DEN->CLE,10,10,0,0.0
route,DEN->CLT,17,17,0,0.0
route,DEN->CMH,18,18,0,0.0
route,DEN->CNY,3,3,0,0.0
route,DEN->COD,4,4,0,0.0
route,DEN->COS,25,25,0,0.0
route,DEN->COU,2,2,0,0.0
route,DEN->CPR,11,11,0,0.0
route,DEN->CVG,14,14,0,0.0
route,DEN->DAL,28,28,0,0.0
route,DEN->DAY,6,6,0,0.0
route,DEN->DCA,16,16,0,0.0
route,DEN->DFW,30,30,0,0.0
route,DEN->DIK,2,2,0,0.0
route,DEN->DRO,10,10,0,0.0
route,DEN->DSM,7,7,0,0.0
route,DEN->DTW,26,26,0,0.0
route,DEN->EAR,3,3,0,0.0
route,DEN->EGE,8,8,0,0.0
route,DEN->ELP,13,13,0,0.0
route,DEN->EUG,6,6,0,0.0
route,DEN->EWR,26,26,0,0.0
route,DEN->FAR,11,11,0,0.0
route,DEN->FAT,12,12,0,0.0
route,DEN->FCA,12,12,0,0.0
route,DEN->FLL,26,26,0,0.0
route,DEN->FSD,11,11,0,0.0
route,DEN->GCC,5,5,0,0.0
route,DEN->GEG,9,9,0,0.0
route,DEN->GJT,16,16,0,0.0
route,DEN->GRR,10,10,0,0.0
route,DEN->GTF,7,7,0,0.0
route,DEN->GUC,4,4,0,0.0
route,DEN->HDN,15,15,0,0.0
route,DEN->HLN,5,5,0,0.0
route,DEN->HNL,3,3,0,0.0
route,DEN->HOU,13,13,0,0.0
route,DEN->HSV,4,4,0,0.0
route,DEN->HYS,3,3,0,0.0
route,DEN->IAD,21,21,0,0.0
route,DEN->IAH,40,40,0,0.0
route,DEN->ICT,9,9,0,0.0
route,DEN->IDA,8,8,0,0.0
route,DEN->IND,22,22,0,0.0
route,DEN->ISN,9,9,0,0.0
route,DEN->JAC,7,7,0,0.0
route,DEN->JAX,8,8,0,0.0
route,DEN->JFK,3,3,0,0.0
route,DEN->JMS,4,4,0,0.0
route,DEN->KOA,3,3,0,0.0
route,DEN->LAR,2,2,0,0.0
route,DEN->LAS,60,60,0,0.0
route,DEN->LAX,73,73,0,0.0
route,DEN->LBB,4,4,0,0.0
route,DEN->LBF,3,3,0,0.0
route,DEN->LBL,1,1,0,0.0
route,DEN->LFT,1,1,0,0.0
route,DEN->LGA,29,29,0,0.0
route,DEN->LGB,1,1,0,0.0
route,DEN->LIH,3,3,0,0.0
route,DEN->LIT,7,7,0,0.0
route,DEN->LNK,6,6,0,0.0
route,DEN->MAF,8,8,0,0.0
route,DEN->MCI,37,37,0,0.0
route,DEN->MCO,33,33,0,0.0
route,DEN->MDW,33,33,0,0.0
route,DEN->MEM,12,12,0,0.0
route,DEN->MFR,6,6,0,0.0
route,DEN->MIA,6,6,0,0.0
route,DEN->MKE,15,15,0,0.0
route,DEN->MLI,4,4,0,0.0
route,DEN->MOT,8,8,0,0.0
route,DEN->MRY,2,2,0,0.0
route,DEN->MSN,4,4,0,0.0
route,DEN->MSO,18,18,0,0.0
route,DEN->MSP,34,34,0,0.0
route,DEN->MSY,17,17,0,0.0
route,DEN->MTJ,11,11,0,0.0
route,DEN->OAK,17,17,0,0.0
route,DEN->OGG,4,4,0,0.0
route,DEN->OKC,24,24,0,0.0
route,DEN->OMA,25,25,0,0.0
route,DEN->ONT,6,6,0,0.0
route,DEN->ORD,35,35,0,0.0
route,DEN->PDX,32,32,0,0.0
route,DEN->PHL,9,9,0,0.0
route,DEN->PHX,76,76,0,0.0
route,DEN->PIT,11,11,0,0.0
route,DEN->PNS,1,1,0,0.0
route,DEN->PSC,7,7,0,0.0
route,DEN->PSP,22,22,0,0.0
route,DEN->PUB,4,4,0,0.0
route,DEN->RAP,8,8,0,0.0
route,DEN->RDM,1,1,0,0.0
route,DEN->RDU,13,13,0,0.0
route,DEN->RIC,3,3,0,0.0
route,DEN->RKS,5,5,0,0.0
route,DEN->RNO,17,17,0,0.0
route,DEN->RSW,10,10,0,0.0
route,DEN->SAF,11,11,0,0.0
route,DEN->SAN,34,34,0,0.0
route,DEN->SAT,18,18,0,0.0
route,DEN->SBA,10,10,0,0.0
route,DEN->SBP,4,4,0,0.0
route,DEN->SDF,6,6,0,0.0
route,DEN->SEA,43,43,0,0.0
route,DEN->SFO,59,59,0,0.0
route,DEN->SGF,4,4,0,0.0
route,DEN->SGU,8,8,0,0.0
route,DEN->SHV,2,2,0,0.0
route,DEN->SJC,22,22,0,0.0
route,DEN->SLC,66,66,0,0.0
route,DEN->SMF,24,24,0,0.0
route,DEN->SNA,36,36,0,0.0
route,DEN->STL,35,35,0,0.0
route,DEN->STS,1,1,0,0.0
route,DEN->SUN,3,3,0,0.0
route,DEN->TPA,20,20,0,0.0
route,DEN->TUL,19,19,0,0.0
route,DEN->TUS,26,26,0,0.0
route,DEN->TYS,4,4,0,0.0
route,DEN->VEL,3,3,0,0.0
route,DEN->XNA,6,6,0,0.0
route,DFW->ABI,9,9,0,0.0
route,DFW->ABQ,8,8,0,0.0
route,DFW->ACT,9,9,0,0.0
route,DFW->AEX,4,4,0,0.0
route,DFW->AMA,7,7,0,0.0
route,DFW->ASE,7,7,0,0.0
route,DFW->ATL,22,22,0,0.0
route,DFW->AUS,17,17,0,0.0
route,DFW->BFL,2,2,0,0.0
route,DFW->BHM,5,5,0,0.0
route,DFW->BIS,3,3,0,0.0
route,DFW->BMI,1,1,0,0.0
route,DFW->BNA,22,22,0,0.0
route,DFW->BOI,7,7,0,0.0
route,DFW->BOS,15,15,0,0.0
route,DFW->BPT,2,2,0,0.0
route,DFW->BRO,9,9,0,0.0
route,DFW->BTR,12,12,0,0.0
route,DFW->BUF,2,2,0,0.0
route,DFW->BWI,4,4,0,0.0
route,DFW->BZN,2,2,0,0.0
route,DFW->CAE,2,2,0,0.0
route,DFW->CHA,1,1,0,0.0
route,DFW->CHS,3,3,0,0.0
route,DFW->CID,5,5,0,0.0
route,DFW->CLE,5,5,0,0.0
route,DFW->CLL,10,10,0,0.0
route,DFW->CLT,12,12,0,0.0
route,DFW->CMH,1,1,0,0.0
route,DFW->CMI,3,3,0,0.0
route,DFW->COS,3,3,0,0.0
route,DFW->COU,1,1,0,0.0
route,DFW->CRP,9,9,0,0.0
route,DFW->CVG,8,8,0,0.0
route,DFW->CYS,1,1,0,0.0
route,DFW->DAY,6,6,0,0.0
route,DFW->DCA,14,14,0,0.0
route,DFW->DEN,25,25,0,0.0
route,DFW->DRO,6,6,0,0.0
route,DFW->DRT,1,1,0,0.0
route,DFW->DSM,4,4,0,0.0
route,DFW->DTW,13,13,0,0.0
route,DFW->ECP,7,7,0,0.0
route,DFW->EGE,3,3,0,0.0
route,DFW->ELP,12,12,0,0.0
route,DFW->EVV,1,1,0,0.0
route,DFW->EWR,19,19,0,0.0
route,DFW->EYW,3,3,0,0.0
route,DFW->FAR,2,2,0,0.0
route,DFW->FAT,3,3,0,0.0
route,DFW->FLL,13,13,0,0.0
route,DFW->FSD,3,3,0,0.0
route,DFW->FSM,4,4,0,0.0
route,DFW->FWA,2,2,0,0.0
route,DFW->GCK,4,4,0,0.0
route,DFW->GGG,5,5,0,0.0
route,DFW->GJT,7,7,0,0.0
route,DFW->GPT,3,3,0,0.0
route,DFW->GRI,1,1,0,0.0
route,DFW->GRK,14,14,0,0.0
route,DFW->GRR,7,7,0,0.0
route,DFW->GSO,3,3,0,0.0
route,DFW->GSP,3,3,0,0.0
route,DFW->GUC,1,1,0,0.0
route,DFW->HDN,2,2,0,0.0
route,DFW->HNL,6,6,0,0.0
route,DFW->HOU,6,6,0,0.0
route,DFW->HRL,3,3,0,0.0
route,DFW->HSV,7,7,0,0.0
route,DFW->IAD,13,13,0,0.0
route,DFW->IAH,48,48,0,0.0
route,DFW->ICT,9,9,0,0.0
route,DFW->ILM,2,2,0,0.0
route,DFW->IND,8,8,0,0.0
route,DFW->JAC,3,3,0,0.0
route,DFW->JAN,5,5,0,0.0
route,DFW->JAX,7,7,0,0.0
route,DFW->JFK,9,9,0,0.0
route,DFW->JLN,2,2,0,0.0
route,DFW->KOA,1,1,0,0.0
route,DFW->LAS,24,24,0,0.0
route,DFW->LAW,6,6,0,0.0
route,DFW->LAX,47,47,0,0.0
route,DFW->LBB,8,8,0,0.0
route,DFW->LCH,3,3,0,0.0
route,DFW->LEX,6,6,0,0.0
route,DFW->LFT,7,7,0,0.0
route,DFW->LGA,25,25,0,0.0
route,DFW->LIT,19,19,0,0.0
route,DFW->LRD,2,2,0,0.0
route,DFW->MAF,11,11,0,0.0
route,DFW->MCI,9,9,0,0.0
route,DFW->MCO,24,24,0,0.0
route,DFW->MEM,13,13,0,0.0
route,DFW->MFE,13,13,0,0.0
route,DFW->MGM,4,4,0,0.0
route,DFW->MHK,4,4,0,0.0
route,DFW->MIA,9,9,0,0.0
route,DFW->MKE,3,3,0,0.0
route,DFW->MLI,4,4,0,0.0
route,DFW->MLU,3,3,0,0.0
route,DFW->MOB,4,4,0,0.0
route,DFW->MSN,3,3,0,0.0
route,DFW->MSO,1,1,0,0.0
route,DFW->MSP,18,18,0,0.0
route,DFW->MSY,13,13,0,0.0
route,DFW->OAK,1,1,0,0.0
route,DFW->OGG,3,3,0,0.0
route,DFW->OKC,7,7,0,0.0
route,DFW->OMA,3,3,0,0.0
route,DFW->ONT,8,8,0,0.0
route,DFW->ORD,48,48,0,0.0
route,DFW->ORF,2,2,0,0.0
route,DFW->PBI,4,4,0,0.0
route,DFW->PDX,13,13,0,0.0
route,DFW->PHL,22,22,0,0.0
route,DFW->PHX,15,15,0,0.0
route,DFW->PIA,2,2,0,0.0
route,DFW->PIB,1,1,0,0.0
route,DFW->PIT,9,9,0,0.0
route,DFW->PNS,4,4,0,0.0
route,DFW->PSP,3,3,0,0.0
route,DFW->RAP,2,2,0,0.0
route,DFW->RDU,12,12,0,0.0
route,DFW->RIC,4,4,0,0.0
route,DFW->RNO,3,3,0,0.0
route,DFW->ROW,8,8,0,0.0
route,DFW->RSW,3,3,0,0.0
route,DFW->SAF,7,7,0,0.0
route,DFW->SAN,10,10,0,0.0
route,DFW->SAT,15,15,0,0.0
route,DFW->SAV,3,3,0,0.0
route,DFW->SBA,1,1,0,0.0
route,DFW->SBN,2,2,0,0.0
route,DFW->SDF,3,3,0,0.0
route,DFW->SEA,19,19,0,0.0
route,DFW->SFO,19,19,0,0.0
route,DFW->SGF,4,4,0,0.0
route,DFW->SHV,5,5,0,0.0
route,DFW->SJC,2,2,0,0.0
route,DFW->SJT,2,2,0,0.0
route,DFW->SJU,1,1,0,0.0
route,DFW->SLC,18,18,0,0.0
route,DFW->SMF,4,4,0,0.0
route,DFW->SNA,11,11,0,0.0
route,DFW->SPI,3,3,0,0.0
route,DFW->SPS,5,5,0,0.0
route,DFW->SRQ,1,1,0,0.0
route,DFW->STL,8,8,0,0.0
route,DFW->SUX,2,2,0,0.0
route,DFW->SWO,4,4,0,0.0
route,DFW->TLH,1,1,0,0.0
route,DFW->TPA,14,14,0,0.0
route,DFW->TUL,16,16,0,0.0
route,DFW->TUS,15,15,0,0.0
route,DFW->TXK,5,5,0,0.0
route,DFW->TYR,5,5,0,0.0
route,DFW->TYS,3,3,0,0.0
route,DFW->VPS,3,3,0,0.0
route,DFW->XNA,13,13,0,0.0
route,DFW->YUM,2,2,0,0.0
route,DHN->ATL,7,7,0,0.0
route,DIK->DEN,7,7,0,0.0
route,DLH->MSP,4,4,0,0.0
route,DLH->ORD,10,10,0,0.0
route,DRO->DEN,24,24,0,0.0
route,DRO->DFW,8,8,0,0.0
route,DRO->PHX,3,3,0,0.0
route,DRT->DFW,4,4,0,0.0
route,DSM->ATL,2,2,0,0.0
route,DSM->AZA,2,2,0,0.0
route,DSM->CLT,4,4,0,0.0
route,DSM->DEN,18,18,0,0.0
route,DSM->DFW,9,9,0,0.0
route,DSM->DTW,6,6,0,0.0
route,DSM->EWR,3,3,0,0.0
route,DSM->IAH,6,6,0,0.0
route,DSM->LAS,2,2,0,0.0
route,DSM->LGA,5,5,0,0.0
route,DSM->MCO,4,4,0,0.0
route,DSM->MSP,7,7,0,0.0
route,DSM->ORD,22,22,0,0.0
route,DSM->PHL,5,5,0,0.0
route,DSM->PHX,5,5,0,0.0
route,DSM->PIE,3,3,0,0.0
route,DSM->SFB,2,2,0,0.0
route,DSM->SLC,1,1,0,0.0
route,DSM->STL,3,3,0,0.0
route,DTW->ABE,5,5,0,0.0
route,DTW->ALB,4,4,0,0.0
route,DTW->APN,1,1,0,0.0
route,DTW->ATL,30,30,0,0.0
route,DTW->ATW,4,4,0,0.0
route,DTW->AUS,5,5,0,0.0
route,DTW->AVP,4,4,0,0.0
route,DTW->AZO,6,6,0,0.0
route,DTW->BDL,7,7,0,0.0
route,DTW->BGM,3,3,0,0.0
route,DTW->BHM,2,2,0,0.0
route,DTW->BNA,16,16,0,0.0
route,DTW->BOS,12,12,0,0.0
route,DTW->BTV,7,7,0,0.0
route,DTW->BUF,3,3,0,0.0
route,DTW->BWI,15,15,0,0.0
route,DTW->CHA,1,1,0,0.0
route,DTW->CHS,4,4,0,0.0
route,DTW->CID,3,3,0,0.0
route,DTW->CIU,1,1,0,0.0
route,DTW->CLE,15,15,0,0.0
route,DTW->CLT,13,13,0,0.0
route,DTW->CMH,6,6,0,0.0
route,DTW->CVG,4,4,0,0.0
route,DTW->CWA,1,1,0,0.0
route,DTW->DAL,6,6,0,0.0
route,DTW->DAY,5,5,0,0.0
route,DTW->DCA,14,14,0,0.0
route,DTW->DEN,12,12,0,0.0
route,DTW->DFW,21,21,0,0.0
route,DTW->DSM,7,7,0,0.0
route,DTW->ELM,7,7,0,0.0
route,DTW->ERI,2,2,0,0.0
route,DTW->ESC,1,1,0,0.0
route,DTW->EVV,2,2,0,0.0
route,DTW->EWR,26,26,0,0.0
route,DTW->FLL,13,13,0,0.0
route,DTW->FWA,5,5,0,0.0
route,DTW->GRB,3,3,0,0.0
route,DTW->GRR,15,15,0,0.0
route,DTW->GSO,3,3,0,0.0
route,DTW->GSP,4,4,0,0.0
route,DTW->HPN,7,7,0,0.0
route,DTW->HSV,4,4,0,0.0
route,DTW->IAD,13,13,0,0.0
route,DTW->IAH,18,18,0,0.0
route,DTW->IMT,1,1,0,0.0
route,DTW->IND,17,17,0,0.0
route,DTW->ITH,3,3,0,0.0
route,DTW->JAX,4,4,0,0.0
route,DTW->JFK,5,5,0,0.0
route,DTW->LAN,4,4,0,0.0
route,DTW->LAS,20,20,0,0.0
route,DTW->LAX,14,14,0,0.0
route,DTW->LEX,8,8,0,0.0
route,DTW->LGA,25,25,0,0.0
route,DTW->LIT,2,2,0,0.0
route,DTW->LSE,2,2,0,0.0
route,DTW->MBS,7,7,0,0.0
route,DTW->MCI,5,5,0,0.0
route,DTW->MCO,27,27,0,0.0
route,DTW->MDT,3,3,0,0.0
route,DTW->MDW,23,23,0,0.0
route,DTW->MEM,4,4,0,0.0
route,DTW->MHT,10,10,0,0.0
route,DTW->MIA,7,7,0,0.0
route,DTW->MKE,7,7,0,0.0
route,DTW->MLI,3,3,0,0.0
route,DTW->MQT,2,2,0,0.0
route,DTW->MSN,9,9,0,0.0
route,DTW->MSP,12,12,0,0.0
route,DTW->MSY,12,12,0,0.0
route,DTW->MYR,3,3,0,0.0
route,DTW->OMA,2,2,0,0.0
route,DTW->ORD,40,40,0,0.0
route,DTW->ORF,1,1,0,0.0
route,DTW->PBI,4,4,0,0.0
route,DTW->PDX,3,3,0,0.0
route,DTW->PHL,13,13,0,0.0
route,DTW->PHX,20,20,0,0.0
route,DTW->PIT,8,8,0,0.0
route,DTW->PVD,4,4,0,0.0
route,DTW->PWM,6,6,0,0.0
route,DTW->RDU,3,3,0,0.0
route,DTW->RIC,1,1,0,0.0
route,DTW->ROC,7,7,0,0.0
route,DTW->RSW,21,21,0,0.0
route,DTW->SAN,3,3,0,0.0
route,DTW->SAT,2,2,0,0.0
route,DTW->SAV,6,6,0,0.0
route,DTW->SBN,4,4,0,0.0
route,DTW->SCE,4,4,0,0.0
route,DTW->SDF,1,1,0,0.0
route,DTW->SEA,13,13,0,0.0
route,DTW->SFO,8,8,0,0.0
route,DTW->SLC,6,6,0,0.0
route,DTW->STL,8,8,0,0.0
route,DTW->SYR,5,5,0,0.0
route,DTW->TPA,12,12,0,0.0
route,DTW->TVC,3,3,0,0.0
route,DTW->TYS,6,6,0,0.0
route,DUT->ANC,4,4,0,0.0
route,DVL->DEN,3,3,0,0.0
route,DVL->JMS,3,3,0,0.0
route,EAR->DEN,2,2,0,0.0
route,EAT->SEA,7,7,0,0.0
route,EAU->ORD,6,6,0,0.0
route,ECP->ATL,9,9,0,0.0
route,ECP->AUS,2,2,0,0.0
route,ECP->BNA,11,11,0,0.0
route,ECP->BWI,2,2,0,0.0
route,ECP->CLT,6,6,0,0.0
route,ECP->DAL,2,2,0,0.0
route,ECP->DFW,2,2,0,0.0
route,ECP->HOU,2,2,0,0.0
route,ECP->IAH,3,3,0,0.0
route,ECP->STL,3,3,0,0.0
route,EGE->ATL,2,2,0,0.0
route,EGE->DEN,9,9,0,0.0
route,EGE->DFW,1,1,0,0.0
route,EGE->EWR,2,2,0,0.0
route,EGE->IAD,2,2,0,0.0
route,EGE->IAH,4,4,0,0.0
route,EGE->JFK,1,1,0,0.0
route,EGE->LAX,2,2,0,0.0
route,EGE->MIA,3,3,0,0.0
route,EGE->ORD,3,3,0,0.0
route,EGE->PHX,3,3,0,0.0
route,EGE->SFO,2,2,0,0.0
route,EKO->SLC,3,3,0,0.0
route,ELM->DTW,7,7,0,0.0
route,ELM->EWR,3,3,0,0.0
route,ELM->PIE,2,2,0,0.0
route,ELM->SFB,4,4,0,0.0
route,ELP->ATL,4,4,0,0.0
route,ELP->AUS,6,6,0,0.0
route,ELP->DAL,8,8,0,0.0
route,ELP->DEN,11,11,0,0.0
route,ELP->DFW,11,11,0,0.0
route,ELP->HOU,3,3,0,0.0
route,ELP->IAH,15,15,0,0.0
route,ELP->LAS,13,13,0,0.0
route,ELP->LAX,9,9,0,0.0
route,ELP->ORD,4,4,0,0.0
route,ELP->PHX,20,20,0,0.0
route,ELP->SAN,4,4,0,0.0
route,ELP->SAT,3,3,0,0.0
route,ELP->SEA,1,1,0,0.0
route,ELP->SJC,1,1,0,0.0
route,ERI->DTW,7,7,0,0.0
route,ERI->ORD,5,5,0,0.0
route,ERI->PHL,2,2,0,0.0
route,ESC->DTW,1,1,0,0.0
route,EUG->AZA,1,1,0,0.0
route,EUG->DEN,9,9,0,0.0
route,EUG->LAS,1,1,0,0.0
route,EUG->LAX,4,4,0,0.0
route,EUG->OAK,2,2,0,0.0
route,EUG->PDX,10,10,0,0.0
route,EUG->PHX,3,3,0,0.0
route,EUG->SEA,12,12,0,0.0
route,EUG->SFO,17,17,0,0.0
route,EUG->SJC,4,4,0,0.0
route,EUG->SLC,3,3,0,0.0
route,EVV->ATL,3,3,0,0.0
route,EVV->CLT,2,2,0,0.0
route,EVV->DFW,2,2,0,0.0
route,EVV->DTW,3,3,0,0.0
route,EVV->ORD,9,9,0,0.0
route,EWN->ATL,4,4,0,0.0
route,EWN->CLT,4,4,0,0.0
route,EWR->ALB,18,18,0,0.0
route,EWR->ATL,40,40,0,0.0
route,EWR->AUS,10,10,0,0.0
route,EWR->AVL,6,6,0,0.0
route,EWR->AVP,6,6,0,0.0
route,EWR->BDL,6,6,0,0.0
route,EWR->BGR,10,10,0,0.0
route,EWR->BNA,16,16,0,0.0
route,EWR->BOS,40,40,0,0.0
route,EWR->BQN,3,3,0,0.0
route,EWR->BTV,9,9,0,0.0
route,EWR->BUF,11,11,0,0.0
route,EWR->BWI,5,5,0,0.0
route,EWR->BZN,4,4,0,0.0
route,EWR->CAK,4,4,0,0.0
route,EWR->CHA,2,2,0,0.0
route,EWR->CHS,17,17,0,0.0
route,EWR->CLE,25,25,0,0.0
route,EWR->CLT,28,28,0,0.0
route,EWR->CMH,16,16,0,0.0
route,EWR->CVG,22,22,0,0.0
route,EWR->DAY,4,4,0,0.0
route,EWR->DCA,22,22,0,0.0
route,EWR->DEN,29,29,0,0.0
route,EWR->DFW,13,13,0,0.0
route,EWR->DSM,3,3,0,0.0
route,EWR->DTW,21,21,0,0.0
route,EWR->EGE,6,6,0,0.0
route,EWR->ELM,1,1,0,0.0
route,EWR->EYW,6,6,0,0.0
route,EWR->FLL,69,69,0,0.0
route,EWR->FWA,2,2,0,0.0
route,EWR->GRR,6,6,0,0.0
route,EWR->GSO,11,11,0,0.0
route,EWR->GSP,8,8,0,0.0
route,EWR->HNL,3,3,0,0.0
route,EWR->IAD,15,15,0,0.0
route,EWR->IAH,25,25,0,0.0
route,EWR->IND,23,23,0,0.0
route,EWR->ITH,6,6,0,0.0
route,EWR->JAC,4,4,0,0.0
route,EWR->JAX,13,13,0,0.0
route,EWR->LAS,19,19,0,0.0
route,EWR->LAX,33,33,0,0.0
route,EWR->MCI,6,6,0,0.0
route,EWR->MCO,82,82,0,0.0
route,EWR->MDW,23,23,0,0.0
route,EWR->MEM,6,6,0,0.0
route,EWR->MHT,13,13,0,0.0
route,EWR->MIA,29,29,0,0.0
route,EWR->MKE,7,7,0,0.0
route,EWR->MSN,5,5,0,0.0
route,EWR->MSP,23,23,0,0.0
route,EWR->MSY,14,14,0,0.0
route,EWR->MTJ,2,2,0,0.0
route,EWR->MYR,4,4,0,0.0
route,EWR->OAK,1,1,0,0.0
route,EWR->OMA,4,4,0,0.0
route,EWR->ORD,31,31,0,0.0
route,EWR->ORF,11,11,0,0.0
route,EWR->PBI,46,46,0,0.0
route,EWR->PDX,15,15,0,0.0
route,EWR->PHX,18,18,0,0.0
route,EWR->PIT,20,20,0,0.0
route,EWR->PQI,2,2,0,0.0
route,EWR->PSP,4,4,0,0.0
route,EWR->PVD,12,12,0,0.0
route,EWR->PWM,12,12,0,0.0
route,EWR->RDU,32,32,0,0.0
route,EWR->RIC,14,14,0,0.0
route,EWR->ROC,13,13,0,0.0
route,EWR->RSW,27,27,0,0.0
route,EWR->SAN,18,18,0,0.0
route,EWR->SAT,5,5,0,0.0
route,EWR->SAV,11,11,0,0.0
route,EWR->SDF,5,5,0,0.0
route,EWR->SEA,21,21,0,0.0
route,EWR->SFO,47,47,0,0.0
route,EWR->SJC,8,8,0,0.0
route,EWR->SJU,17,17,0,0.0
route,EWR->SLC,8,8,0,0.0
route,EWR->SNA,6,6,0,0.0
route,EWR->SRQ,3,3,0,0.0
route,EWR->STL,19,19,0,0.0
route,EWR->SYR,13,13,0,0.0
route,EWR->TPA,28,28,0,0.0
route,EWR->TYS,10,10,0,0.0
route,EWR->XNA,3,3,0,0.0
route,EYW->ATL,6,6,0,0.0
route,EYW->CLT,3,3,0,0.0
route,EYW->DCA,2,2,0,0.0
route,EYW->DFW,2,2,0,0.0
route,EYW->EWR,9,9,0,0.0
route,EYW->MIA,4,4,0,0.0
route,EYW->ORD,4,4,0,0.0
route,FAI->ANC,20,20,0,0.0
route,FAI->SCC,4,4,0,0.0
route,FAI->SEA,14,14,0,0.0
route,FAR->AZA,5,5,0,0.0
route,FAR->DEN,8,8,0,0.0
route,FAR->DFW,1,1,0,0.0
route,FAR->LAS,4,4,0,0.0
route,FAR->MSP,11,11,0,0.0
route,FAR->ORD,19,19,0,0.0
route,FAR->SFB,1,1,0,0.0
route,FAT->DEN,16,16,0,0.0
route,FAT->DFW,3,3,0,0.0
route,FAT->LAS,2,2,0,0.0
route,FAT->LAX,16,16,0,0.0
route,FAT->PDX,1,1,0,0.0
route,FAT->PHX,4,4,0,0.0
route,FAT->SAN,5,5,0,0.0
route,FAT->SEA,9,9,0,0.0
route,FAT->SFO,18,18,0,0.0
route,FAT->SLC,3,3,0,0.0
route,FAY->ATL,8,8,0,0.0
route,FAY->CLT,12,12,0,0.0
route,FAY->IAD,6,6,0,0.0
route,FCA->DEN,7,7,0,0.0
route,FCA->MSP,1,1,0,0.0
route,FCA->PDX,5,5,0,0.0
route,FCA->SEA,9,9,0,0.0
route,FCA->SLC,4,4,0,0.0
route,FLG->PHX,2,2,0,0.0
route,FLL->ABE,1,1,0,0.0
route,FLL->ACY,8,8,0,0.0
route,FLL->ALB,4,4,0,0.0
route,FLL->ATL,54,54,0,0.0
route,FLL->AUS,11,11,0,0.0
route,FLL->AVL,6,6,0,0.0
route,FLL->BDL,16,16,0,0.0
route,FLL->BLV,2,2,0,0.0
route,FLL->BNA,20,20,0,0.0
route,FLL->BOS,28,28,0,0.0
route,FLL->BQN,7,7,0,0.0
route,FLL->BUF,10,10,0,0.0
route,FLL->BWI,28,28,0,0.0
route,FLL->CAK,1,1,0,0.0
route,FLL->CHS,4,4,0,0.0
route,FLL->CLE,15,15,0,0.0
route,FLL->CLT,10,10,0,0.0
route,FLL->CMH,8,8,0,0.0
route,FLL->CVG,2,2,0,0.0
route,FLL->DAL,6,6,0,0.0
route,FLL->DCA,23,23,0,0.0
route,FLL->DEN,22,22,0,0.0
route,FLL->DFW,12,12,0,0.0
route,FLL->DTW,22,22,0,0.0
route,FLL->EWR,56,56,0,0.0
route,FLL->GSO,1,1,0,0.0
route,FLL->HOU,12,12,0,0.0
route,FLL->HPN,4,4,0,0.0
route,FLL->IAD,12,12,0,0.0
route,FLL->IAG,2,2,0,0.0
route,FLL->IAH,18,18,0,0.0
route,FLL->IND,7,7,0,0.0
route,FLL->ISP,3,3,0,0.0
route,FLL->JAX,12,12,0,0.0
route,FLL->JFK,33,33,0,0.0
route,FLL->LAS,10,10,0,0.0
route,FLL->LAX,22,22,0,0.0
route,FLL->LBE,2,2,0,0.0
route,FLL->LCK,2,2,0,0.0
route,FLL->LEX,1,1,0,0.0
route,FLL->LGA,44,44,0,0.0
route,FLL->LGB,6,6,0,0.0
route,FLL->MCI,4,4,0,0.0
route,FLL->MCO,11,11,0,0.0
route,FLL->MDW,13,13,0,0.0
route,FLL->MEM,4,4,0,0.0
route,FLL->MKE,5,5,0,0.0
route,FLL->MSP,5,5,0,0.0
route,FLL->MSY,25,25,0,0.0
route,FLL->MYR,1,1,0,0.0
route,FLL->ORD,27,27,0,0.0
route,FLL->ORH,5,5,0,0.0
route,FLL->PBG,10,10,0,0.0
route,FLL->PHL,21,21,0,0.0
route,FLL->PHX,5,5,0,0.0
route,FLL->PIT,8,8,0,0.0
route,FLL->PVD,20,20,0,0.0
route,FLL->RDU,16,16,0,0.0
route,FLL->RIC,11,11,0,0.0
route,FLL->SAN,2,2,0,0.0
route,FLL->SEA,5,5,0,0.0
route,FLL->SFO,15,15,0,0.0
route,FLL->SJU,27,27,0,0.0
route,FLL->SLC,8,8,0,0.0
route,FLL->STL,11,11,0,0.0
route,FLL->STT,6,6,0,0.0
route,FLL->SWF,5,5,0,0.0
route,FLL->SYR,7,7,0,0.0
route,FLL->TPA,20,20,0,0.0
route,FLL->TYS,5,5,0,0.0
route,FLL->USA,5,5,0,0.0
route,FLO->CLT,5,5,0,0.0
route,FNT->ATL,2,2,0,0.0
route,FNT->MDW,4,4,0,0.0
route,FNT->ORD,13,13,0,0.0
route,FNT->PGD,1,1,0,0.0
route,FNT->PIE,2,2,0,0.0
route,FNT->RSW,1,1,0,0.0
route,FNT->SFB,1,1,0,0.0
route,FSD->ATL,2,2,0,0.0
route,FSD->AZA,2,2,0,0.0
route,FSD->DEN,16,16,0,0.0
route,FSD->DFW,4,4,0,0.0
route,FSD->LAS,5,5,0,0.0
route,FSD->MSP,7,7,0,0.0
route,FSD->ORD,18,18,0,0.0
route,FSD->SFB,1,1,0,0.0
route,FSM->ATL,1,1,0,0.0
route,FSM->DFW,7,7,0,0.0
route,FWA->ATL,5,5,0,0.0
route,FWA->AZA,2,2,0,0.0
route,FWA->CLT,1,1,0,0.0
route,FWA->DFW,3,3,0,0.0
route,FWA->DTW,3,3,0,0.0
route,FWA->MSP,1,1,0,0.0
route,FWA->ORD,15,15,0,0.0
route,FWA->PGD,1,1,0,0.0
route,FWA->PHL,4,4,0,0.0
route,FWA->SFB,1,1,0,0.0
route,GCC->DEN,7,7,0,0.0
route,GCK->DFW,5,5,0,0.0
route,GEG->BOI,10,10,0,0.0
route,GEG->DEN,13,13,0,0.0
route,GEG->DFW,1,1,0,0.0
route,GEG->LAS,4,4,0,0.0
route,GEG->LAX,2,2,0,0.0
route,GEG->MSP,1,1,0,0.0
route,GEG->OAK,4,4,0,0.0
route,GEG->ORD,4,4,0,0.0
route,GEG->PDX,19,19,0,0.0
route,GEG->PHX,11,11,0,0.0
route,GEG->SAN,6,6,0,0.0
route,GEG->SEA,55,55,0,0.0
route,GEG->SFO,9,9,0,0.0
route,GEG->SLC,8,8,0,0.0
route,GEG->SMF,2,2,0,0.0
route,GFK->AZA,2,2,0,0.0
route,GFK->LAS,3,3,0,0.0
route,GFK->MSP,9,9,0,0.0
route,GFK->SFB,1,1,0,0.0
route,GGG->DFW,1,1,0,0.0
route,GJT->DEN,13,13,0,0.0
route,GJT->DFW,7,7,0,0.0
route,GJT->SLC,4,4,0,0.0
route,GNV->ATL,16,16,0,0.0
route,GNV->CLT,2,2,0,0.0
route,GNV->DFW,1,1,0,0.0
route,GNV->MIA,1,1,0,0.0
route,GPT->ATL,4,4,0,0.0
route,GPT->CLT,3,3,0,0.0
route,GPT->DFW,7,7,0,0.0
route,GPT->IAH,13,13,0,0.0
route,GPT->SFB,2,2,0,0.0
route,GRB->DTW,4,4,0,0.0
route,GRB->MSP,6,6,0,0.0
route,GRB->ORD,23,23,0,0.0
route,GRI->AZA,1,1,0,0.0
route,GRI->DFW,1,1,0,0.0
route,GRI->LAS,2,2,0,0.0
route,GRK->DFW,5,5,0,0.0
route,GRK->IAH,6,6,0,0.0
route,GRR->ATL,6,6,0,0.0
route,GRR->BWI,3,3,0,0.0
route,GRR->CLT,2,2,0,0.0
route,GRR->DCA,3,3,0,0.0
route,GRR->DEN,13,13,0,0.0
route,GRR->DFW,7,7,0,0.0
route,GRR->DTW,10,10,0,0.0
route,GRR->EWR,3,3,0,0.0
route,GRR->IAD,3,3,0,0.0
route,GRR->IAH,7,7,0,0.0
route,GRR->LAS,3,3,0,0.0
route,GRR->LGA,4,4,0,0.0
route,GRR->MCO,5,5,0,0.0
route,GRR->MDW,11,11,0,0.0
route,GRR->MIA,2,2,0,0.0
route,GRR->MSP,8,8,0,0.0
route,GRR->ORD,23,23,0,0.0
route,GRR->PGD,7,7,0,0.0
route,GRR->PHL,2,2,0,0.0
route,GRR->PIE,3,3,0,0.0
route,GRR->RSW,6,6,0,0.0
route,GRR->SFB,4,4,0,0.0
route,GRR->TPA,4,4,0,0.0
route,GSO->ATL,9,9,0,0.0
route,GSO->CLT,18,18,0,0.0
route,GSO->DCA,4,4,0,0.0
route,GSO->DFW,4,4,0,0.0
route,GSO->DTW,1,1,0,0.0
route,GSO->EWR,9,9,0,0.0
route,GSO->FLL,1,1,0,0.0
route,GSO->IAD,3,3,0,0.0
route,GSO->LGA,5,5,0,0.0
route,GSO->MIA,2,2,0,0.0
route,GSO->ORD,12,12,0,0.0
route,GSO->PHL,7,7,0,0.0
route,GSO->SFB,2,2,0,0.0
route,GSP->ATL,22,22,0,0.0
route,GSP->CLT,7,7,0,0.0
route,GSP->DCA,2,2,0,0.0
route,GSP->DFW,4,4,0,0.0
route,GSP->DTW,3,3,0,0.0
route,GSP->EWR,9,9,0,0.0
route,GSP->IAD,7,7,0,0.0
route,GSP->IAH,4,4,0,0.0
route,GSP->LGA,3,3,0,0.0
route,GSP->MIA,6,6,0,0.0
route,GSP->ORD,16,16,0,0.0
route,GSP->PHL,5,5,0,0.0
route,GSP->SFB,1,1,0,0.0
route,GSP->TPA,1,1,0,0.0
route,GTF->AZA,1,1,0,0.0
route,GTF->DEN,8,8,0,0.0
route,GTF->LAS,2,2,0,0.0
route,GTF->MSP,1,1,0,0.0
route,GTF->SEA,3,3,0,0.0
route,GTF->SLC,5,5,0,0.0
route,GTR->ATL,2,2,0,0.0
route,GUC->DEN,4,4,0,0.0
route,GUC->IAH,1,1,0,0.0
route,GUM->HNL,4,4,0,0.0
route,GUM->ROP,1,1,0,0.0
route,GUM->SPN,8,8,0,0.0
route,HDN->ATL,1,1,0,0.0
route,HDN->DEN,12,12,0,0.0
route,HDN->EWR,2,2,0,0.0
route,HDN->FLL,1,1,0,0.0
route,HDN->IAH,3,3,0,0.0
route,HDN->LAX,4,4,0,0.0
route,HDN->MSP,1,1,0,0.0
route,HDN->ORD,4,4,0,0.0
route,HDN->SEA,2,2,0,0.0
route,HGR->SFB,1,1,0,0.0
route,HHH->CLT,3,3,0,0.0
route,HIB->MSP,4,4,0,0.0
route,HLN->DEN,4,4,0,0.0
route,HLN->MSP,1,1,0,0.0
route,HLN->SEA,6,6,0,0.0
route,HLN->SLC,9,9,0,0.0
route,HNL->ANC,3,3,0,0.0
route,HNL->ATL,3,3,0,0.0
route,HNL->DEN,4,4,0,0.0
route,HNL->DFW,1,1,0,0.0
route,HNL->EWR,6,6,0,0.0
route,HNL->GUM,5,5,0,0.0
route,HNL->IAD,5,5,0,0.0
route,HNL->IAH,4,4,0,0.0
route,HNL->ITO,53,53,0,0.0
route,HNL->JFK,1,1,0,0.0
route,HNL->JHM,6,6,0,0.0
route,HNL->KOA,60,60,0,0.0
route,HNL->LAS,13,13,0,0.0
route,HNL->LAX,46,46,0,0.0
route,HNL->LGB,1,1,0,0.0
route,HNL->LIH,41,41,0,0.0
route,HNL->LNY,20,20,0,0.0
route,HNL->MKK,10,10,0,0.0
route,HNL->MSP,5,5,0,0.0
route,HNL->OAK,8,8,0,0.0
route,HNL->OGG,88,88,0,0.0
route,HNL->ORD,6,6,0,0.0
route,HNL->PDX,9,9,0,0.0
route,HNL->PHX,6,6,0,0.0
route,HNL->PPG,1,1,0,0.0
route,HNL->SAN,6,6,0,0.0
route,HNL->SEA,20,20,0,0.0
route,HNL->SFO,24,24,0,0.0
route,HNL->SJC,3,3,0,0.0
route,HNL->SLC,4,4,0,0.0
route,HNL->SMF,3,3,0,0.0
route,HOB->IAH,7,7,0,0.0
route,HOU->ABQ,9,9,0,0.0
route,HOU->ATL,29,29,0,0.0
route,HOU->AUS,14,14,0,0.0
route,HOU->BHM,9,9,0,0.0
route,HOU->BNA,11,11,0,0.0
route,HOU->BOS,4,4,0,0.0
route,HOU->BUR,1,1,0,0.0
route,HOU->BWI,11,11,0,0.0
route,HOU->CHS,4,4,0,0.0
route,HOU->CLT,3,3,0,0.0
route,HOU->CMH,3,3,0,0.0
route,HOU->CRP,4,4,0,0.0
route,HOU->DAL,43,43,0,0.0
route,HOU->DCA,10,10,0,0.0
route,HOU->DEN,19,19,0,0.0
route,HOU->DFW,5,5,0,0.0
route,HOU->ECP,1,1,0,0.0
route,HOU->ELP,9,9,0,0.0
route,HOU->FLL,5,5,0,0.0
route,HOU->HRL,11,11,0,0.0
route,HOU->IND,8,8,0,0.0
route,HOU->JAX,2,2,0,0.0
route,HOU->JFK,6,6,0,0.0
route,HOU->LAS,18,18,0,0.0
route,HOU->LAX,18,18,0,0.0
route,HOU->LBB,1,1,0,0.0
route,HOU->LGA,5,5,0,0.0
route,HOU->MAF,11,11,0,0.0
route,HOU->MCI,5,5,0,0.0
route,HOU->MCO,18,18,0,0.0
route,HOU->MDW,17,17,0,0.0
route,HOU->MEM,8,8,0,0.0
route,HOU->MIA,1,1,0,0.0
route,HOU->MKE,4,4,0,0.0
route,HOU->MSY,28,28,0,0.0
route,HOU->OAK,7,7,0,0.0
route,HOU->OKC,13,13,0,0.0
route,HOU->OMA,1,1,0,0.0
route,HOU->PHX,17,17,0,0.0
route,HOU->PIT,4,4,0,0.0
route,HOU->PNS,3,3,0,0.0
route,HOU->RDU,2,2,0,0.0
route,HOU->SAN,3,3,0,0.0
route,HOU->SAT,15,15,0,0.0
route,HOU->SJC,1,1,0,0.0
route,HOU->SJU,4,4,0,0.0
route,HOU->SLC,1,1,0,0.0
route,HOU->SNA,5,5,0,0.0
route,HOU->STL,8,8,0,0.0
route,HOU->TPA,7,7,0,0.0
route,HOU->TUL,3,3,0,0.0
route,HPN->ATL,8,8,0,0.0
route,HPN->CLT,8,8,0,0.0
route,HPN->DCA,2,2,0,0.0
route,HPN->DTW,6,6,0,0.0
route,HPN->FLL,5,5,0,0.0
route,HPN->MCO,11,11,0,0.0
route,HPN->ORD,15,15,0,0.0
route,HPN->PBI,17,17,0,0.0
route,HPN->RSW,1,1,0,0.0
route,HPN->TPA,2,2,0,0.0
route,HRL->AUS,4,4,0,0.0
route,HRL->DAL,1,1,0,0.0
route,HRL->DFW,11,11,0,0.0
route,HRL->HOU,21,21,0,0.0
route,HRL->IAH,10,10,0,0.0
route,HRL->MSP,3,3,0,0.0
route,HRL->ORD,1,1,0,0.0
route,HSV->ATL,8,8,0,0.0
route,HSV->CLT,6,6,0,0.0
route,HSV->DCA,4,4,0,0.0
route,HSV->DEN,5,5,0,0.0
route,HSV->DFW,7,7,0,0.0
route,HSV->IAD,6,6,0,0.0
route,HSV->IAH,6,6,0,0.0
route,HSV->MCO,2,2,0,0.0
route,HSV->ORD,4,4,0,0.0
route,HTS->CLT,8,8,0,0.0
route,HTS->PIE,2,2,0,0.0
route,HVN->PHL,9,9,0,0.0
route,HYS->DEN,9,9,0,0.0
route,HYS->SLN,1,1,0,0.0
route,IAD->ALB,7,7,0,0.0
route,IAD->ATL,27,27,0,0.0
route,IAD->AUS,10,10,0,0.0
route,IAD->AVL,5,5,0,0.0
route,IAD->AVP,3,3,0,0.0
route,IAD->BDL,11,11,0,0.0
route,IAD->BNA,12,12,0,0.0
route,IAD->BOS,19,19,0,0.0
route,IAD->BTV,2,2,0,0.0
route,IAD->BUF,7,7,0,0.0
route,IAD->CAE,8,8,0,0.0
route,IAD->CHA,1,1,0,0.0
route,IAD->CHO,6,6,0,0.0
route,IAD->CHS,5,5,0,0.0
route,IAD->CKB,6,6,0,0.0
route,IAD->CLE,14,14,0,0.0
route,IAD->CLT,16,16,0,0.0
route,IAD->CMH,7,7,0,0.0
route,IAD->CRW,2,2,0,0.0
route,IAD->CVG,13,13,0,0.0
route,IAD->DAY,6,6,0,0.0
route,IAD->DEN,25,25,0,0.0
route,IAD->DFW,10,10,0,0.0
route,IAD->DTW,25,25,0,0.0
route,IAD->EGE,1,1,0,0.0
route,IAD->EWR,27,27,0,0.0
route,IAD->FAY,5,5,0,0.0
route,IAD->FLL,6,6,0,0.0
route,IAD->GRR,1,1,0,0.0
route,IAD->GSO,7,7,0,0.0
route,IAD->GSP,13,13,0,0.0
route,IAD->HDN,2,2,0,0.0
route,IAD->HNL,2,2,0,0.0
route,IAD->HSV,3,3,0,0.0
route,IAD->IAH,16,16,0,0.0
route,IAD->IND,11,11,0,0.0
route,IAD->ITH,2,2,0,0.0
route,IAD->JAX,15,15,0,0.0
route,IAD->JFK,8,8,0,0.0
route,IAD->LAS,9,9,0,0.0
route,IAD->LAX,23,23,0,0.0
route,IAD->LEX,6,6,0,0.0
route,IAD->LGA,16,16,0,0.0
route,IAD->LWB,3,3,0,0.0
route,IAD->MCI,8,8,0,0.0
route,IAD->MCO,16,16,0,0.0
route,IAD->MDT,11,11,0,0.0
route,IAD->MIA,1,1,0,0.0
route,IAD->MSP,11,11,0,0.0
route,IAD->MSY,8,8,0,0.0
route,IAD->OKC,5,5,0,0.0
route,IAD->ORD,16,16,0,0.0
route,IAD->ORF,8,8,0,0.0
route,IAD->PBG,5,5,0,0.0
route,IAD->PHL,9,9,0,0.0
route,IAD->PHX,5,5,0,0.0
route,IAD->PIT,10,10,0,0.0
route,IAD->PVD,6,6,0,0.0
route,IAD->PWM,4,4,0,0.0
route,IAD->RDU,9,9,0,0.0
route,IAD->RIC,13,13,0,0.0
route,IAD->ROA,9,9,0,0.0
route,IAD->ROC,10,10,0,0.0
route,IAD->SAN,8,8,0,0.0
route,IAD->SAT,12,12,0,0.0
route,IAD->SAV,14,14,0,0.0
route,IAD->SCE,3,3,0,0.0
route,IAD->SDF,4,4,0,0.0
route,IAD->SEA,14,14,0,0.0
route,IAD->SFO,33,33,0,0.0
route,IAD->SHD,1,1,0,0.0
route,IAD->SJU,6,6,0,0.0
route,IAD->SLC,2,2,0,0.0
route,IAD->STL,7,7,0,0.0
route,IAD->STT,1,1,0,0.0
route,IAD->SYR,8,8,0,0.0
route,IAD->TPA,14,14,0,0.0
route,IAD->TYS,12,12,0,0.0
route,IAG->FLL,1,1,0,0.0
route,IAG->PIE,3,3,0,0.0
route,IAG->SFB,6,6,0,0.0
route,IAH->ABQ,16,16,0,0.0
route,IAH->AEX,10,10,0,0.0
route,IAH->AMA,11,11,0,0.0
route,IAH->ASE,7,7,0,0.0
route,IAH->ATL,32,32,0,0.0
route,IAH->AUS,28,28,0,0.0
route,IAH->BHM,22,22,0,0.0
route,IAH->BNA,13,13,0,0.0
route,IAH->BOI,8,8,0,0.0
route,IAH->BOS,10,10,0,0.0
route,IAH->BRO,12,12,0,0.0
route,IAH->BTR,16,16,0,0.0
route,IAH->BWI,18,18,0,0.0
route,IAH->BZN,1,1,0,0.0
route,IAH->CAE,1,1,0,0.0
route,IAH->CAK,1,1,0,0.0
route,IAH->CHS,10,10,0,0.0
route,IAH->CLE,19,19,0,0.0
route,IAH->CLL,8,8,0,0.0
route,IAH->CLT,24,24,0,0.0
route,IAH->CMH,9,9,0,0.0
route,IAH->COS,11,11,0,0.0
route,IAH->CRP,12,12,0,0.0
route,IAH->CRW,1,1,0,0.0
route,IAH->CVG,20,20,0,0.0
route,IAH->DAY,2,2,0,0.0
route,IAH->DCA,25,25,0,0.0
route,IAH->DEN,46,46,0,0.0
route,IAH->DFW,36,36,0,0.0
route,IAH->DSM,8,8,0,0.0
route,IAH->DTW,20,20,0,0.0
route,IAH->ECP,5,5,0,0.0
route,IAH->EGE,2,2,0,0.0
route,IAH->ELP,11,11,0,0.0
route,IAH->EWR,34,34,0,0.0
route,IAH->FLL,19,19,0,0.0
route,IAH->GPT,10,10,0,0.0
route,IAH->GRK,8,8,0,0.0
route,IAH->GRR,7,7,0,0.0
route,IAH->GSP,4,4,0,0.0
route,IAH->GUC,1,1,0,0.0
route,IAH->HDN,2,2,0,0.0
route,IAH->HNL,2,2,0,0.0
route,IAH->HOB,6,6,0,0.0
route,IAH->HRL,11,11,0,0.0
route,IAH->HSV,9,9,0,0.0
route,IAH->IAD,13,13,0,0.0
route,IAH->ICT,18,18,0,0.0
route,IAH->IND,14,14,0,0.0
route,IAH->JAC,1,1,0,0.0
route,IAH->JAN,16,16,0,0.0
route,IAH->JAX,8,8,0,0.0
route,IAH->LAS,36,36,0,0.0
route,IAH->LAX,48,48,0,0.0
route,IAH->LBB,13,13,0,0.0
route,IAH->LCH,8,8,0,0.0
route,IAH->LEX,5,5,0,0.0
route,IAH->LFT,19,19,0,0.0
route,IAH->LGA,33,33,0,0.0
route,IAH->LIT,14,14,0,0.0
route,IAH->LRD,12,12,0,0.0
route,IAH->MAF,23,23,0,0.0
route,IAH->MCI,20,20,0,0.0
route,IAH->MCO,29,29,0,0.0
route,IAH->MEM,16,16,0,0.0
route,IAH->MFE,19,19,0,0.0
route,IAH->MIA,33,33,0,0.0
route,IAH->MKE,8,8,0,0.0
route,IAH->MLU,4,4,0,0.0
route,IAH->MOB,16,16,0,0.0
route,IAH->MSP,20,20,0,0.0
route,IAH->MSY,27,27,0,0.0
route,IAH->MTJ,3,3,0,0.0
route,IAH->OKC,24,24,0,0.0
route,IAH->OMA,9,9,0,0.0
route,IAH->ORD,41,41,0,0.0
route,IAH->ORF,6,6,0,0.0
route,IAH->PBI,7,7,0,0.0
route,IAH->PDX,5,5,0,0.0
route,IAH->PHL,12,12,0,0.0
route,IAH->PHX,21,21,0,0.0
route,IAH->PIT,14,14,0,0.0
route,IAH->PNS,22,22,0,0.0
route,IAH->PSP,6,6,0,0.0
route,IAH->RDU,22,22,0,0.0
route,IAH->RIC,3,3,0,0.0
route,IAH->RNO,6,6,0,0.0
route,IAH->RSW,6,6,0,0.0
route,IAH->SAN,21,21,0,0.0
route,IAH->SAT,23,23,0,0.0
route,IAH->SAV,7,7,0,0.0
route,IAH->SDF,7,7,0,0.0
route,IAH->SEA,27,27,0,0.0
route,IAH->SFO,29,29,0,0.0
route,IAH->SGF,5,5,0,0.0
route,IAH->SHV,7,7,0,0.0
route,IAH->SJC,6,6,0,0.0
route,IAH->SJU,4,4,0,0.0
route,IAH->SLC,23,23,0,0.0
route,IAH->SMF,3,3,0,0.0
route,IAH->SNA,6,6,0,0.0
route,IAH->STL,16,16,0,0.0
route,IAH->TPA,17,17,0,0.0
route,IAH->TUL,23,23,0,0.0
route,IAH->TUS,10,10,0,0.0
route,IAH->TYS,13,13,0,0.0
route,IAH->VPS,9,9,0,0.0
route,IAH->XNA,18,18,0,0.0
route,ICT->ATL,2,2,0,0.0
route,ICT->AZA,1,1,0,0.0
route,ICT->DEN,14,14,0,0.0
route,ICT->DFW,10,10,0,0.0
route,ICT->IAH,15,15,0,0.0
route,ICT->LAS,2,2,0,0.0
route,ICT->MSP,10,10,0,0.0
route,ICT->ORD,14,14,0,0.0
route,ICT->PHX,3,3,0,0.0
route,ICT->SEA,3,3,0,0.0
route,ICT->STL,5,5,0,0.0
route,IDA->DEN,9,9,0,0.0
route,IDA->SLC,3,3,0,0.0
route,ILM->ATL,8,8,0,0.0
route,ILM->CLT,10,10,0,0.0
route,ILM->DCA,3,3,0,0.0
route,ILM->DFW,1,1,0,0.0
route,ILM->IAD,2,2,0,0.0
route,ILM->LGA,3,3,0,0.0
route,ILM->PHL,2,2,0,0.0
route,IMT->DTW,2,2,0,0.0
route,IMT->MSP,4,4,0,0.0
route,IND->ATL,17,17,0,0.0
route,IND->AUS,1,1,0,0.0
route,IND->BOS,3,3,0,0.0
route,IND->BWI,8,8,0,0.0
route,IND->CLT,13,13,0,0.0
route,IND->DAL,5,5,0,0.0
route,IND->DCA,9,9,0,0.0
route,IND->DEN,22,22,0,0.0
route,IND->DFW,3,3,0,0.0
route,IND->DTW,5,5,0,0.0
route,IND->EWR,27,27,0,0.0
route,IND->FLL,10,10,0,0.0
route,IND->HOU,2,2,0,0.0
route,IND->IAD,21,21,0,0.0
route,IND->IAH,11,11,0,0.0
route,IND->JAX,1,1,0,0.0
route,IND->JFK,2,2,0,0.0
route,IND->LAS,8,8,0,0.0
route,IND->LAX,7,7,0,0.0
route,IND->LGA,6,6,0,0.0
route,IND->MCI,9,9,0,0.0
route,IND->MCO,14,14,0,0.0
route,IND->MDW,9,9,0,0.0
route,IND->MIA,3,3,0,0.0
route,IND->MSP,4,4,0,0.0
route,IND->ORD,33,33,0,0.0
route,IND->PGD,9,9,0,0.0
route,IND->PHL,3,3,0,0.0
route,IND->PHX,10,10,0,0.0
route,IND->PIE,3,3,0,0.0
route,IND->RDU,1,1,0,0.0
route,IND->RSW,12,12,0,0.0
route,IND->SEA,7,7,0,0.0
route,IND->SFB,4,4,0,0.0
route,IND->SFO,8,8,0,0.0
route,IND->SLC,2,2,0,0.0
route,IND->TPA,10,10,0,0.0
route,INL->MSP,3,3,0,0.0
route,IPT->PHL,3,3,0,0.0
route,ISN->DEN,12,12,0,0.0
route,ISN->MSP,4,4,0,0.0
route,ISP->BWI,10,10,0,0.0
route,ISP->FLL,7,7,0,0.0
route,ISP->MCO,17,17,0,0.0
route,ISP->MIA,2,2,0,0.0
route,ISP->PBI,11,11,0,0.0
route,ISP->PHL,4,4,0,0.0
route,ISP->TPA,6,6,0,0.0
route,ITH->DTW,5,5,0,0.0
route,ITH->EWR,6,6,0,0.0
route,ITH->IAD,3,3,0,0.0
route,ITH->PHL,4,4,0,0.0
route,ITO->HNL,48,48,0,0.0
route,ITO->LAX,3,3,0,0.0
route,ITO->OGG,6,6,0,0.0
route,JAC->DEN,9,9,0,0.0
route,JAC->DFW,3,3,0,0.0
route,JAC->EWR,2,2,0,0.0
route,JAC->IAH,1,1,0,0.0
route,JAC->LAX,4,4,0,0.0
route,JAC->ORD,6,6,0,0.0
route,JAC->SFO,2,2,0,0.0
route,JAC->SLC,1,1,0,0.0
route,JAN->ATL,8,8,0,0.0
route,JAN->CLT,7,7,0,0.0
route,JAN->DCA,1,1,0,0.0
route,JAN->DEN,2,2,0,0.0
route,JAN->DFW,7,7,0,0.0
route,JAN->IAH,19,19,0,0.0
route,JAN->MCO,1,1,0,0.0
route,JAN->ORD,8,8,0,0.0
route,JAX->ATL,21,21,0,0.0
route,JAX->BLV,1,1,0,0.0
route,JAX->BNA,14,14,0,0.0
route,JAX->BOS,10,10,0,0.0
route,JAX->BWI,14,14,0,0.0
route,JAX->CLT,14,14,0,0.0
route,JAX->DAL,1,1,0,0.0
route,JAX->DCA,17,17,0,0.0
route,JAX->DEN,6,6,0,0.0
route,JAX->DFW,10,10,0,0.0
route,JAX->DTW,4,4,0,0.0
route,JAX->EWR,11,11,0,0.0
route,JAX->FLL,15,15,0,0.0
route,JAX->HOU,2,2,0,0.0
route,JAX->IAD,12,12,0,0.0
route,JAX->IAH,8,8,0,0.0
route,JAX->JFK,13,13,0,0.0
route,JAX->LAS,1,1,0,0.0
route,JAX->LGA,3,3,0,0.0
route,JAX->MDW,2,2,0,0.0
route,JAX->MIA,8,8,0,0.0
route,JAX->ORD,12,12,0,0.0
route,JAX->PHL,5,5,0,0.0
route,JAX->TTN,1,1,0,0.0
route,JFK->ABQ,4,4,0,0.0
route,JFK->ATL,17,17,0,0.0
route,JFK->AUS,14,14,0,0.0
route,JFK->BNA,5,5,0,0.0
route,JFK->BOS,32,32,0,0.0
route,JFK->BQN,2,2,0,0.0
route,JFK->BTV,14,14,0,0.0
route,JFK->BUF,21,21,0,0.0
route,JFK->BUR,2,2,0,0.0
route,JFK->BWI,6,6,0,0.0
route,JFK->CHS,5,5,0,0.0
route,JFK->CLE,9,9,0,0.0
route,JFK->CLT,21,21,0,0.0
route,JFK->CMH,5,5,0,0.0
route,JFK->CVG,2,2,0,0.0
route,JFK->DAB,1,1,0,0.0
route,JFK->DCA,9,9,0,0.0
route,JFK->DEN,10,10,0,0.0
route,JFK->DFW,9,9,0,0.0
route,JFK->DTW,5,5,0,0.0
route,JFK->EGE,1,1,0,0.0
route,JFK->FLL,43,43,0,0.0
route,JFK->HNL,5,5,0,0.0
route,JFK->HOU,3,3,0,0.0
route,JFK->IAD,9,9,0,0.0
route,JFK->IND,4,4,0,0.0
route,JFK->JAX,13,13,0,0.0
route,JFK->LAS,23,23,0,0.0
route,JFK->LAX,84,84,0,0.0
route,JFK->LGB,6,6,0,0.0
route,JFK->MCO,32,32,0,0.0
route,JFK->MIA,12,12,0,0.0
route,JFK->MSP,5,5,0,0.0
route,JFK->MSY,6,6,0,0.0
route,JFK->OAK,1,1,0,0.0
route,JFK->ONT,1,1,0,0.0
route,JFK->ORD,18,18,0,0.0
route,JFK->ORF,7,7,0,0.0
route,JFK->ORH,1,1,0,0.0
route,JFK->PBI,19,19,0,0.0
route,JFK->PDX,3,3,0,0.0
route,JFK->PHX,18,18,0,0.0
route,JFK->PIT,8,8,0,0.0
route,JFK->PSE,2,2,0,0.0
route,JFK->PSP,5,5,0,0.0
route,JFK->PWM,10,10,0,0.0
route,JFK->RDU,14,14,0,0.0
route,JFK->RIC,1,1,0,0.0
route,JFK->RNO,3,3,0,0.0
route,JFK->ROC,17,17,0,0.0
route,JFK->RSW,13,13,0,0.0
route,JFK->SAN,8,8,0,0.0
route,JFK->SAT,2,2,0,0.0
route,JFK->SAV,8,8,0,0.0
route,JFK->SEA,14,14,0,0.0
route,JFK->SFO,34,34,0,0.0
route,JFK->SJC,3,3,0,0.0
route,JFK->SJU,25,25,0,0.0
route,JFK->SLC,9,9,0,0.0
route,JFK->SMF,2,2,0,0.0
route,JFK->SRQ,1,1,0,0.0
route,JFK->STT,1,1,0,0.0
route,JFK->SYR,11,11,0,0.0
route,JFK->TPA,23,23,0,0.0
route,JHM->HNL,5,5,0,0.0
route,JLN->DFW,4,4,0,0.0
route,JMS->DEN,3,3,0,0.0
route,JMS->DVL,4,4,0,0.0
route,JNU->ANC,8,8,0,0.0
route,JNU->KTN,1,1,0,0.0
route,JNU->PSG,7,7,0,0.0
route,JNU->SEA,9,9,0,0.0
route,JNU->SIT,9,9,0,0.0
route,JNU->YAK,1,1,0,0.0
route,KOA->ANC,2,2,0,0.0
route,KOA->DEN,1,1,0,0.0
route,KOA->DFW,1,1,0,0.0
route,KOA->HNL,62,62,0,0.0
route,KOA->LAX,15,15,0,0.0
route,KOA->LIH,2,2,0,0.0
route,KOA->OAK,3,3,0,0.0
route,KOA->OGG,7,7,0,0.0
route,KOA->PDX,2,2,0,0.0
route,KOA->PHX,1,1,0,0.0
route,KOA->SAN,2,2,0,0.0
route,KOA->SEA,12,12,0,0.0
route,KOA->SFO,13,13,0,0.0
route,KOA->SJC,3,3,0,0.0
route,KOA->SMF,2,2,0,0.0
route,KTN->JNU,3,3,0,0.0
route,KTN->SEA,8,8,0,0.0
route,KTN->SIT,5,5,0,0.0
route,KTN->WRG,3,3,0,0.0
route,LAN->DTW,4,4,0,0.0
route,LAN->MSP,1,1,0,0.0
route,LAN->ORD,10,10,0,0.0
route,LAR->DEN,3,3,0,0.0
route,LAS->ABQ,20,20,0,0.0
route,LAS->AMA,8,8,0,0.0
route,LAS->ATL,27,27,0,0.0
route,LAS->ATW,1,1,0,0.0
route,LAS->AUS,17,17,0,0.0
route,LAS->AZA,2,2,0,0.0
route,LAS->BDL,2,2,0,0.0
route,LAS->BHM,4,4,0,0.0
route,LAS->BIS,2,2,0,0.0
route,LAS->BLI,5,5,0,0.0
route,LAS->BLV,2,2,0,0.0
route,LAS->BNA,6,6,0,0.0
route,LAS->BOI,5,5,0,0.0
route,LAS->BOS,13,13,0,0.0
route,LAS->BUF,10,10,0,0.0
route,LAS->BUR,26,26,0,0.0
route,LAS->BWI,16,16,0,0.0
route,LAS->CID,1,1,0,0.0
route,LAS->CLE,9,9,0,0.0
route,LAS->CLT,8,8,0,0.0
route,LAS->CMH,12,12,0,0.0
route,LAS->COS,8,8,0,0.0
route,LAS->CVG,6,6,0,0.0
route,LAS->DAL,15,15,0,0.0
route,LAS->DCA,1,1,0,0.0
route,LAS->DEN,58,58,0,0.0
route,LAS->DFW,23,23,0,0.0
route,LAS->DSM,7,7,0,0.0
route,LAS->DTW,27,27,0,0.0
route,LAS->ELP,12,12,0,0.0
route,LAS->EUG,3,3,0,0.0
route,LAS->EWR,27,27,0,0.0
route,LAS->FAR,1,1,0,0.0
route,LAS->FAT,5,5,0,0.0
route,LAS->FCA,1,1,0,0.0
route,LAS->FLL,6,6,0,0.0
route,LAS->FSD,3,3,0,0.0
route,LAS->GEG,3,3,0,0.0
route,LAS->GFK,1,1,0,0.0
route,LAS->GJT,1,1,0,0.0
route,LAS->GRI,1,1,0,0.0
route,LAS->GRR,1,1,0,0.0
route,LAS->HNL,12,12,0,0.0
route,LAS->HOU,11,11,0,0.0
route,LAS->IAD,5,5,0,0.0
route,LAS->IAH,33,33,0,0.0
route,LAS->ICT,5,5,0,0.0
route,LAS->IDA,1,1,0,0.0
route,LAS->IND,6,6,0,0.0
route,LAS->JAX,1,1,0,0.0
route,LAS->JFK,18,18,0,0.0
route,LAS->LAX,97,97,0,0.0
route,LAS->LBB,3,3,0,0.0
route,LAS->LGB,22,22,0,0.0
route,LAS->LIT,3,3,0,0.0
route,LAS->LRD,2,2,0,0.0
route,LAS->MAF,1,1,0,0.0
route,LAS->MCI,11,11,0,0.0
route,LAS->MCO,14,14,0,0.0
route,LAS->MDW,28,28,0,0.0
route,LAS->MEM,4,4,0,0.0
route,LAS->MFE,4,4,0,0.0
route,LAS->MIA,2,2,0,0.0
route,LAS->MKE,16,16,0,0.0
route,LAS->MOT,2,2,0,0.0
route,LAS->MSO,3,3,0,0.0
route,LAS->MSP,18,18,0,0.0
route,LAS->MSY,7,7,0,0.0
route,LAS->OAK,41,41,0,0.0
route,LAS->OKC,7,7,0,0.0
route,LAS->OMA,16,16,0,0.0
route,LAS->ONT,14,14,0,0.0
route,LAS->ORD,37,37,0,0.0
route,LAS->ORF,1,1,0,0.0
route,LAS->PAE,1,1,0,0.0
route,LAS->PDX,26,26,0,0.0
route,LAS->PHL,7,7,0,0.0
route,LAS->PHX,38,38,0,0.0
route,LAS->PIA,1,1,0,0.0
route,LAS->PIT,2,2,0,0.0
route,LAS->PSC,2,2,0,0.0
route,LAS->RAP,1,1,0,0.0
route,LAS->RDU,4,4,0,0.0
route,LAS->RNO,40,40,0,0.0
route,LAS->SAN,37,37,0,0.0
route,LAS->SAT,15,15,0,0.0
route,LAS->SBN,1,1,0,0.0
route,LAS->SCK,4,4,0,0.0
route,LAS->SDF,3,3,0,0.0
route,LAS->SEA,46,46,0,0.0
route,LAS->SFO,70,70,0,0.0
route,LAS->SHV,1,1,0,0.0
route,LAS->SJC,45,45,0,0.0
route,LAS->SLC,38,38,0,0.0
route,LAS->SMF,27,27,0,0.0
route,LAS->SMX,1,1,0,0.0
route,LAS->SNA,23,23,0,0.0
route,LAS->STL,18,18,0,0.0
route,LAS->TPA,9,9,0,0.0
route,LAS->TUL,6,6,0,0.0
route,LAS->TUS,11,11,0,0.0
route,LAS->TYS,2,2,0,0.0
route,LAS->XNA,2,2,0,0.0
route,LAW->DFW,4,4,0,0.0
route,LAX->ABQ,13,13,0,0.0
route,LAX->ANC,6,6,0,0.0
route,LAX->ASE,10,10,0,0.0
route,LAX->ATL,28,28,0,0.0
route,LAX->AUS,32,32,0,0.0
route,LAX->BDL,2,2,0,0.0
route,LAX->BLI,3,3,0,0.0
route,LAX->BNA,22,22,0,0.0
route,LAX->BOI,1,1,0,0.0
route,LAX->BOS,27,27,0,0.0
route,LAX->BUF,4,4,0,0.0
route,LAX->BWI,21,21,0,0.0
route,LAX->BZN,4,4,0,0.0
route,LAX->CLE,8,8,0,0.0
route,LAX->CLT,9,9,0,0.0
route,LAX->CMH,2,2,0,0.0
route,LAX->COS,9,9,0,0.0
route,LAX->CVG,6,6,0,0.0
route,LAX->DAL,36,36,0,0.0
route,LAX->DCA,7,7,0,0.0
route,LAX->DEN,63,63,0,0.0
route,LAX->DFW,36,36,0,0.0
route,LAX->DTW,11,11,0,0.0
route,LAX->EGE,1,1,0,0.0
route,LAX->ELP,11,11,0,0.0
route,LAX->EUG,5,5,0,0.0
route,LAX->EWR,40,40,0,0.0
route,LAX->FAT,11,11,0,0.0
route,LAX->FLL,16,16,0,0.0
route,LAX->GEG,1,1,0,0.0
route,LAX->HDN,3,3,0,0.0
route,LAX->HNL,38,38,0,0.0
route,LAX->HOU,16,16,0,0.0
route,LAX->IAD,24,24,0,0.0
route,LAX->IAH,36,36,0,0.0
route,LAX->IND,9,9,0,0.0
route,LAX->ITO,2,2,0,0.0
route,LAX->JAC,3,3,0,0.0
route,LAX->JFK,83,83,0,0.0
route,LAX->KOA,13,13,0,0.0
route,LAX->LAS,85,85,0,0.0
route,LAX->LIH,14,14,0,0.0
route,LAX->MCI,21,21,0,0.0
route,LAX->MCO,24,24,0,0.0
route,LAX->MDW,16,16,0,0.0
route,LAX->MEM,1,1,0,0.0
route,LAX->MFR,7,7,0,0.0
route,LAX->MIA,14,14,0,0.0
route,LAX->MKE,3,3,0,0.0
route,LAX->MMH,4,4,0,0.0
route,LAX->MRY,15,15,0,0.0
route,LAX->MSP,15,15,0,0.0
route,LAX->MSY,22,22,0,0.0
route,LAX->MTJ,2,2,0,0.0
route,LAX->OAK,56,56,0,0.0
route,LAX->OGG,29,29,0,0.0
route,LAX->OKC,3,3,0,0.0
route,LAX->OMA,5,5,0,0.0
route,LAX->ORD,63,63,0,0.0
route,LAX->PAE,4,4,0,0.0
route,LAX->PDX,38,38,0,0.0
route,LAX->PHL,14,14,0,0.0
route,LAX->PHX,46,46,0,0.0
route,LAX->PIT,5,5,0,0.0
route,LAX->PRC,2,2,0,0.0
route,LAX->PSP,4,4,0,0.0
route,LAX->RDD,1,1,0,0.0
route,LAX->RDM,5,5,0,0.0
route,LAX->RDU,5,5,0,0.0
route,LAX->RNO,22,22,0,0.0
route,LAX->SAN,31,31,0,0.0
route,LAX->SAT,15,15,0,0.0
route,LAX->SBA,10,10,0,0.0
route,LAX->SBP,9,9,0,0.0
route,LAX->SEA,59,59,0,0.0
route,LAX->SFO,156,156,0,0.0
route,LAX->SGF,1,1,0,0.0
route,LAX->SGU,4,4,0,0.0
route,LAX->SJC,64,64,0,0.0
route,LAX->SLC,24,24,0,0.0
route,LAX->SMF,55,55,0,0.0
route,LAX->STL,15,15,0,0.0
route,LAX->STS,11,11,0,0.0
route,LAX->SUN,2,2,0,0.0
route,LAX->TPA,1,1,0,0.0
route,LAX->TUL,2,2,0,0.0
route,LAX->TUS,15,15,0,0.0
route,LAX->XNA,3,3,0,0.0
route,LBB->AUS,3,3,0,0.0
route,LBB->DAL,11,11,0,0.0
route,LBB->DEN,7,7,0,0.0
route,LBB->DFW,10,10,0,0.0
route,LBB->IAH,12,12,0,0.0
route,LBB->LAS,5,5,0,0.0
route,LBE->FLL,3,3,0,0.0
route,LBE->MCO,4,4,0,0.0
route,LBE->MYR,5,5,0,0.0
route,LBE->RSW,2,2,0,0.0
route,LBE->TPA,1,1,0,0.0
route,LBF->DEN,5,5,0,0.0
route,LBL->DEN,2,2,0,0.0
route,LBL->PUB,4,4,0,0.0
route,LCH->DFW,2,2,0,0.0
route,LCH->IAH,10,10,0,0.0
route,LCK->AUS,1,1,0,0.0
route,LCK->FLL,3,3,0,0.0
route,LCK->SFB,2,2,0,0.0
route,LEX->ATL,13,13,0,0.0
route,LEX->CLT,6,6,0,0.0
route,LEX->DCA,2,2,0,0.0
route,LEX->DFW,3,3,0,0.0
route,LEX->DTW,8,8,0,0.0
route,LEX->EWR,2,2,0,0.0
route,LEX->FLL,2,2,0,0.0
route,LEX->IAD,2,2,0,0.0
route,LEX->IAH,2,2,0,0.0
route,LEX->LGA,2,2,0,0.0
route,LEX->ORD,15,15,0,0.0
route,LEX->PGD,3,3,0,0.0
route,LEX->PHL,3,3,0,0.0
route,LEX->PIE,1,1,0,0.0
route,LEX->SFB,2,2,0,0.0
route,LFT->ATL,5,5,0,0.0
route,LFT->DFW,2,2,0,0.0
route,LFT->IAH,14,14,0,0.0
route,LGA->ATL,39,39,0,0.0
route,LGA->BGR,3,3,0,0.0
route,LGA->BHM,4,4,0,0.0
route,LGA->BNA,15,15,0,0.0
route,LGA->BOS,53,53,0,0.0
route,LGA->BTV,6,6,0,0.0
route,LGA->BUF,10,10,0,0.0
route,LGA->CAE,1,1,0,0.0
route,LGA->CAK,2,2,0,0.0
route,LGA->CHA,1,1,0,0.0
route,LGA->CHO,5,5,0,0.0
route,LGA->CHS,3,3,0,0.0
route,LGA->CLE,31,31,0,0.0
route,LGA->CLT,15,15,0,0.0
route,LGA->CMH,10,10,0,0.0
route,LGA->CVG,18,18,0,0.0
route,LGA->DAL,26,26,0,0.0
route,LGA->DAY,2,2,0,0.0
route,LGA->DCA,28,28,0,0.0
route,LGA->DEN,32,32,0,0.0
route,LGA->DFW,24,24,0,0.0
route,LGA->DSM,4,4,0,0.0
route,LGA->DTW,29,29,0,0.0
route,LGA->FLL,34,34,0,0.0
route,LGA->GRR,5,5,0,0.0
route,LGA->GSO,12,12,0,0.0
route,LGA->GSP,5,5,0,0.0
route,LGA->HOU,7,7,0,0.0
route,LGA->IAD,13,13,0,0.0
route,LGA->IAH,24,24,0,0.0
route,LGA->ILM,5,5,0,0.0
route,LGA->IND,11,11,0,0.0
route,LGA->JAX,2,2,0,0.0
route,LGA->LEX,3,3,0,0.0
route,LGA->MCI,10,10,0,0.0
route,LGA->MCO,20,20,0,0.0
route,LGA->MDW,19,19,0,0.0
route,LGA->MEM,6,6,0,0.0
route,LGA->MIA,24,24,0,0.0
route,LGA->MKE,13,13,0,0.0
route,LGA->MSN,2,2,0,0.0
route,LGA->MSP,8,8,0,0.0
route,LGA->MSY,5,5,0,0.0
route,LGA->MYR,5,5,0,0.0
route,LGA->OMA,1,1,0,0.0
route,LGA->ORD,105,105,0,0.0
route,LGA->ORF,7,7,0,0.0
route,LGA->PBI,25,25,0,0.0
route,LGA->PHL,4,4,0,0.0
route,LGA->PIT,16,16,0,0.0
route,LGA->PWM,7,7,0,0.0
route,LGA->RDU,17,17,0,0.0
route,LGA->RIC,8,8,0,0.0
route,LGA->ROC,5,5,0,0.0
route,LGA->RSW,7,7,0,0.0
route,LGA->SAV,5,5,0,0.0
route,LGA->SDF,3,3,0,0.0
route,LGA->SRQ,1,1,0,0.0
route,LGA->STL,24,24,0,0.0
route,LGA->SYR,5,5,0,0.0
route,LGA->TPA,11,11,0,0.0
route,LGA->TYS,10,10,0,0.0
route,LGA->XNA,6,6,0,0.0
route,LGB->AUS,4,4,0,0.0
route,LGB->BOS,3,3,0,0.0
route,LGB->BZN,1,1,0,0.0
route,LGB->FLL,3,3,0,0.0
route,LGB->HNL,1,1,0,0.0
route,LGB->JFK,9,9,0,0.0
route,LGB->LAS,19,19,0,0.0
route,LGB->OAK,21,21,0,0.0
route,LGB->PDX,5,5,0,0.0
route,LGB->PHX,6,6,0,0.0
route,LGB->RNO,5,5,0,0.0
route,LGB->SEA,5,5,0,0.0
route,LGB->SFO,11,11,0,0.0
route,LGB->SJC,6,6,0,0.0
route,LGB->SLC,11,11,0,0.0
route,LGB->SMF,20,20,0,0.0
route,LIH->DEN,4,4,0,0.0
route,LIH->HNL,62,62,0,0.0
route,LIH->KOA,2,2,0,0.0
route,LIH->LAX,14,14,0,0.0
route,LIH->OAK,3,3,0,0.0
route,LIH->OGG,11,11,0,0.0
route,LIH->PDX,2,2,0,0.0
route,LIH->PHX,1,1,0,0.0
route,LIH->SAN,2,2,0,0.0
route,LIH->SEA,10,10,0,0.0
route,LIH->SFO,9,9,0,0.0
route,LIH->SJC,6,6,0,0.0
route,LIT->ATL,16,16,0,0.0
route,LIT->CLT,5,5,0,0.0
route,LIT->DAL,10,10,0,0.0
route,LIT->DEN,6,6,0,0.0
route,LIT->DFW,12,12,0,0.0
route,LIT->IAH,15,15,0,0.0
route,LIT->LAS,3,3,0,0.0
route,LIT->ORD,16,16,0,0.0
route,LIT->PHX,2,2,0,0.0
route,LIT->SFB,1,1,0,0.0
route,LIT->STL,7,7,0,0.0
route,LNK->DEN,11,11,0,0.0
route,LNK->MSP,3,3,0,0.0
route,LNK->ORD,14,14,0,0.0
route,LNY->HNL,16,16,0,0.0
route,LRD->DFW,3,3,0,0.0
route,LRD->IAH,9,9,0,0.0
route,LRD->LAS,1,1,0,0.0
route,LSE->DTW,3,3,0,0.0
route,LSE->MSP,2,2,0,0.0
route,LSE->ORD,4,4,0,0.0
route,LWB->ORD,1,1,0,0.0
route,LWS->BOI,3,3,0,0.0
route,LWS->SEA,8,8,0,0.0
route,LWS->SLC,2,2,0,0.0
route,LYH->CLT,7,7,0,0.0
route,MAF->DAL,15,15,0,0.0
route,MAF->DEN,8,8,0,0.0
route,MAF->DFW,9,9,0,0.0
route,MAF->HOU,7,7,0,0.0
route,MAF->IAH,18,18,0,0.0
route,MAF->LAS,5,5,0,0.0
route,MBS->DTW,4,4,0,0.0
route,MBS->MSP,1,1,0,0.0
route,MBS->ORD,9,9,0,0.0
route,MCI->ABQ,1,1,0,0.0
route,MCI->ATL,21,21,0,0.0
route,MCI->AUS,4,4,0,0.0
route,MCI->AZA,2,2,0,0.0
route,MCI->BNA,10,10,0,0.0
route,MCI->BOS,3,3,0,0.0
route,MCI->BWI,11,11,0,0.0
route,MCI->CLT,8,8,0,0.0
route,MCI->CVG,3,3,0,0.0
route,MCI->DAL,16,16,0,0.0
route,MCI->DCA,6,6,0,0.0
route,MCI->DEN,41,41,0,0.0
route,MCI->DFW,9,9,0,0.0
route,MCI->DTW,6,6,0,0.0
route,MCI->EWR,7,7,0,0.0
route,MCI->FLL,13,13,0,0.0
route,MCI->HOU,10,10,0,0.0
route,MCI->IAD,6,6,0,0.0
route,MCI->IAH,21,21,0,0.0
route,MCI->IND,8,8,0,0.0
route,MCI->LAS,20,20,0,0.0
route,MCI->LAX,13,13,0,0.0
route,MCI->LGA,12,12,0,0.0
route,MCI->MCO,14,14,0,0.0
route,MCI->MDW,17,17,0,0.0
route,MCI->MIA,1,1,0,0.0
route,MCI->MKE,8,8,0,0.0
route,MCI->MSP,11,11,0,0.0
route,MCI->MSY,3,3,0,0.0
route,MCI->OAK,2,2,0,0.0
route,MCI->ORD,24,24,0,0.0
route,MCI->PDX,6,6,0,0.0
route,MCI->PGD,3,3,0,0.0
route,MCI->PHL,2,2,0,0.0
route,MCI->PHX,15,15,0,0.0
route,MCI->PIE,1,1,0,0.0
route,MCI->RDU,1,1,0,0.0
route,MCI->RSW,4,4,0,0.0
route,MCI->SAN,5,5,0,0.0
route,MCI->SEA,10,10,0,0.0
route,MCI->SFB,2,2,0,0.0
route,MCI->SFO,5,5,0,0.0
route,MCI->SLC,5,5,0,0.0
route,MCI->STL,12,12,0,0.0
route,MCI->TPA,6,6,0,0.0
route,MCO->ACY,7,7,0,0.0
route,MCO->ALB,10,10,0,0.0
route,MCO->ATL,58,58,0,0.0
route,MCO->AUS,12,12,0,0.0
route,MCO->AVL,1,1,0,0.0
route,MCO->BDL,25,25,0,0.0
route,MCO->BHM,7,7,0,0.0
route,MCO->BMI,1,1,0,0.0
route,MCO->BNA,19,19,0,0.0
route,MCO->BOS,46,46,0,0.0
route,MCO->BQN,4,4,0,0.0
route,MCO->BTV,2,2,0,0.0
route,MCO->BUF,17,17,0,0.0
route,MCO->BWI,48,48,0,0.0
route,MCO->CAK,4,4,0,0.0
route,MCO->CLE,3,3,0,0.0
route,MCO->CLT,12,12,0,0.0
route,MCO->CMH,18,18,0,0.0
route,MCO->COS,2,2,0,0.0
route,MCO->CVG,5,5,0,0.0
route,MCO->DAL,18,18,0,0.0
route,MCO->DCA,20,20,0,0.0
route,MCO->DEN,31,31,0,0.0
route,MCO->DFW,22,22,0,0.0
route,MCO->DSM,1,1,0,0.0
route,MCO->DTW,26,26,0,0.0
route,MCO->EWR,83,83,0,0.0
route,MCO->FLL,10,10,0,0.0
route,MCO->FNT,1,1,0,0.0
route,MCO->GRR,8,8,0,0.0
route,MCO->GSO,1,1,0,0.0
route,MCO->HOU,18,18,0,0.0
route,MCO->HPN,7,7,0,0.0
route,MCO->IAD,18,18,0,0.0
route,MCO->IAH,35,35,0,0.0
route,MCO->IND,26,26,0,0.0
route,MCO->ISP,13,13,0,0.0
route,MCO->JAN,1,1,0,0.0
route,MCO->JFK,41,41,0,0.0
route,MCO->LAS,12,12,0,0.0
route,MCO->LAX,18,18,0,0.0
route,MCO->LBE,6,6,0,0.0
route,MCO->LGA,20,20,0,0.0
route,MCO->MCI,6,6,0,0.0
route,MCO->MDW,29,29,0,0.0
route,MCO->MEM,5,5,0,0.0
route,MCO->MHT,3,3,0,0.0
route,MCO->MIA,9,9,0,0.0
route,MCO->MKE,19,19,0,0.0
route,MCO->MSP,6,6,0,0.0
route,MCO->MSY,22,22,0,0.0
route,MCO->OAK,3,3,0,0.0
route,MCO->OKC,1,1,0,0.0
route,MCO->OMA,2,2,0,0.0
route,MCO->ONT,4,4,0,0.0
route,MCO->ORD,46,46,0,0.0
route,MCO->ORF,4,4,0,0.0
route,MCO->ORH,3,3,0,0.0
route,MCO->PDX,4,4,0,0.0
route,MCO->PHL,32,32,0,0.0
route,MCO->PHX,14,14,0,0.0
route,MCO->PIT,20,20,0,0.0
route,MCO->PSE,2,2,0,0.0
route,MCO->PSM,1,1,0,0.0
route,MCO->PVD,27,27,0,0.0
route,MCO->PWM,3,3,0,0.0
route,MCO->RDU,22,22,0,0.0
route,MCO->RIC,12,12,0,0.0
route,MCO->ROC,3,3,0,0.0
route,MCO->SAN,7,7,0,0.0
route,MCO->SAT,5,5,0,0.0
route,MCO->SDF,4,4,0,0.0
route,MCO->SEA,8,8,0,0.0
route,MCO->SFO,13,13,0,0.0
route,MCO->SJC,1,1,0,0.0
route,MCO->SJU,32,32,0,0.0
route,MCO->SLC,8,8,0,0.0
route,MCO->STL,17,17,0,0.0
route,MCO->STT,1,1,0,0.0
route,MCO->SWF,4,4,0,0.0
route,MCO->SYR,6,6,0,0.0
route,MCO->TTN,2,2,0,0.0
route,MCO->TYS,1,1,0,0.0
route,MDT->ATL,7,7,0,0.0
route,MDT->BOS,1,1,0,0.0
route,MDT->CLT,8,8,0,0.0
route,MDT->DTW,7,7,0,0.0
route,MDT->IAD,9,9,0,0.0
route,MDT->MCO,1,1,0,0.0
route,MDT->ORD,16,16,0,0.0
route,MDT->PGD,2,2,0,0.0
route,MDT->PHL,4,4,0,0.0
route,MDT->SFB,4,4,0,0.0
route,MDW->ABQ,3,3,0,0.0
route,MDW->ALB,5,5,0,0.0
route,MDW->ATL,21,21,0,0.0
route,MDW->AUS,7,7,0,0.0
route,MDW->BDL,3,3,0,0.0
route,MDW->BHM,4,4,0,0.0
route,MDW->BNA,16,16,0,0.0
route,MDW->BOS,9,9,0,0.0
route,MDW->BUF,9,9,0,0.0
route,MDW->BUR,1,1,0,0.0
route,MDW->BWI,25,25,0,0.0
route,MDW->CHS,7,7,0,0.0
route,MDW->CLE,12,12,0,0.0
route,MDW->CLT,8,8,0,0.0
route,MDW->CMH,11,11,0,0.0
route,MDW->CVG,18,18,0,0.0
route,MDW->DAL,25,25,0,0.0
route,MDW->DCA,22,22,0,0.0
route,MDW->DEN,26,26,0,0.0
route,MDW->DTW,21,21,0,0.0
route,MDW->EWR,22,22,0,0.0
route,MDW->FLL,21,21,0,0.0
route,MDW->FNT,6,6,0,0.0
route,MDW->GRR,6,6,0,0.0
route,MDW->HOU,26,26,0,0.0
route,MDW->IND,6,6,0,0.0
route,MDW->JAX,7,7,0,0.0
route,MDW->LAS,35,35,0,0.0
route,MDW->LAX,18,18,0,0.0
route,MDW->LGA,16,16,0,0.0
route,MDW->MCI,29,29,0,0.0
route,MDW->MCO,34,34,0,0.0
route,MDW->MEM,4,4,0,0.0
route,MDW->MHT,2,2,0,0.0
route,MDW->MSP,35,35,0,0.0
route,MDW->MSY,10,10,0,0.0
route,MDW->OAK,9,9,0,0.0
route,MDW->OKC,2,2,0,0.0
route,MDW->OMA,21,21,0,0.0
route,MDW->ONT,2,2,0,0.0
route,MDW->ORF,4,4,0,0.0
route,MDW->PDX,7,7,0,0.0
route,MDW->PHL,17,17,0,0.0
route,MDW->PHX,24,24,0,0.0
route,MDW->PIT,15,15,0,0.0
route,MDW->PNS,1,1,0,0.0
route,MDW->PVD,5,5,0,0.0
route,MDW->RDU,6,6,0,0.0
route,MDW->RNO,4,4,0,0.0
route,MDW->RSW,12,12,0,0.0
route,MDW->SAN,14,14,0,0.0
route,MDW->SAT,5,5,0,0.0
route,MDW->SDF,10,10,0,0.0
route,MDW->SEA,6,6,0,0.0
route,MDW->SFO,14,14,0,0.0
route,MDW->SJC,1,1,0,0.0
route,MDW->SJU,3,3,0,0.0
route,MDW->SLC,7,7,0,0.0
route,MDW->SMF,5,5,0,0.0
route,MDW->STL,23,23,0,0.0
route,MDW->TPA,11,11,0,0.0
route,MDW->TUS,4,4,0,0.0
route,MEI->DFW,4,4,0,0.0
route,MEI->ORD,1,1,0,0.0
route,MEI->PIB,6,6,0,0.0
route,MEM->ATL,15,15,0,0.0
route,MEM->CLT,8,8,0,0.0
route,MEM->DAL,6,6,0,0.0
route,MEM->DCA,7,7,0,0.0
route,MEM->DEN,10,10,0,0.0
route,MEM->DFW,10,10,0,0.0
route,MEM->EWR,9,9,0,0.0
route,MEM->HOU,5,5,0,0.0
route,MEM->IAH,19,19,0,0.0
route,MEM->LAS,4,4,0,0.0
route,MEM->LAX,1,1,0,0.0
route,MEM->LGA,5,5,0,0.0
route,MEM->MCO,15,15,0,0.0
route,MEM->MDW,4,4,0,0.0
route,MEM->MIA,2,2,0,0.0
route,MEM->MSP,3,3,0,0.0
route,MEM->ORD,10,10,0,0.0
route,MEM->PHL,3,3,0,0.0
route,MEM->PHX,3,3,0,0.0
route,MEM->SFB,1,1,0,0.0
route,MEM->TPA,4,4,0,0.0
route,MFE->DFW,1,1,0,0.0
route,MFE->IAH,16,16,0,0.0
route,MFE->LAS,1,1,0,0.0
route,MFR->DEN,4,4,0,0.0
route,MFR->LAX,7,7,0,0.0
route,MFR->PDX,16,16,0,0.0
route,MFR->PHX,3,3,0,0.0
route,MFR->SEA,15,15,0,0.0
route,MFR->SFO,16,16,0,0.0
route,MFR->SLC,5,5,0,0.0
route,MGM->ATL,5,5,0,0.0
route,MGM->CLT,5,5,0,0.0
route,MGM->DFW,3,3,0,0.0
route,MHK->DFW,2,2,0,0.0
route,MHK->ORD,3,3,0,0.0
route,MHT->ATL,1,1,0,0.0
route,MHT->BWI,17,17,0,0.0
route,MHT->CLT,6,6,0,0.0
route,MHT->DCA,1,1,0,0.0
route,MHT->DTW,4,4,0,0.0
route,MHT->EWR,8,8,0,0.0
route,MHT->MCO,12,12,0,0.0
route,MHT->MDW,4,4,0,0.0
route,MHT->ORD,2,2,0,0.0
route,MHT->PHL,5,5,0,0.0
route,MHT->TPA,3,3,0,0.0
route,MIA->ATL,31,31,0,0.0
route,MIA->AUS,7,7,0,0.0
route,MIA->BDL,2,2,0,0.0
route,MIA->BHM,2,2,0,0.0
route,MIA->BNA,3,3,0,0.0
route,MIA->BOS,7,7,0,0.0
route,MIA->BWI,8,8,0,0.0
route,MIA->CHS,3,3,0,0.0
route,MIA->CLE,4,4,0,0.0
route,MIA->CLT,7,7,0,0.0
route,MIA->CMH,2,2,0,0.0
route,MIA->CVG,4,4,0,0.0
route,MIA->DCA,10,10,0,0.0
route,MIA->DEN,14,14,0,0.0
route,MIA->DFW,7,7,0,0.0
route,MIA->DTW,7,7,0,0.0
route,MIA->EGE,2,2,0,0.0
route,MIA->EWR,15,15,0,0.0
route,MIA->EYW,6,6,0,0.0
route,MIA->GNV,2,2,0,0.0
route,MIA->GRR,1,1,0,0.0
route,MIA->GSO,1,1,0,0.0
route,MIA->GSP,3,3,0,0.0
route,MIA->HOU,2,2,0,0.0
route,MIA->IAD,1,1,0,0.0
route,MIA->IAH,22,22,0,0.0
route,MIA->IND,5,5,0,0.0
route,MIA->ISP,1,1,0,0.0
route,MIA->JAX,4,4,0,0.0
route,MIA->JFK,13,13,0,0.0
route,MIA->LAS,4,4,0,0.0
route,MIA->LAX,8,8,0,0.0
route,MIA->LGA,22,22,0,0.0
route,MIA->MCI,2,2,0,0.0
route,MIA->MCO,13,13,0,0.0
route,MIA->MEM,3,3,0,0.0
route,MIA->MKE,4,4,0,0.0
route,MIA->MSP,5,5,0,0.0
route,MIA->MSY,5,5,0,0.0
route,MIA->OMA,1,1,0,0.0
route,MIA->ORD,23,23,0,0.0
route,MIA->ORF,1,1,0,0.0
route,MIA->PHL,15,15,0,0.0
route,MIA->PHX,6,6,0,0.0
route,MIA->PIT,4,4,0,0.0
route,MIA->PNS,6,6,0,0.0
route,MIA->PVD,3,3,0,0.0
route,MIA->RDU,1,1,0,0.0
route,MIA->RSW,1,1,0,0.0
route,MIA->SAN,2,2,0,0.0
route,MIA->SDF,1,1,0,0.0
route,MIA->SFO,11,11,0,0.0
route,MIA->SJU,10,10,0,0.0
route,MIA->STL,5,5,0,0.0
route,MIA->STX,2,2,0,0.0
route,MIA->TLH,7,7,0,0.0
route,MIA->TPA,7,7,0,0.0
route,MIA->TYS,1,1,0,0.0
route,MKE->ATL,13,13,0,0.0
route,MKE->BNA,10,10,0,0.0
route,MKE->BOS,4,4,0,0.0
route,MKE->BWI,12,12,0,0.0
route,MKE->CLE,6,6,0,0.0
route,MKE->CLT,7,7,0,0.0
route,MKE->DCA,11,11,0,0.0
route,MKE->DEN,8,8,0,0.0
route,MKE->DFW,2,2,0,0.0
route,MKE->DTW,5,5,0,0.0
route,MKE->EWR,7,7,0,0.0
route,MKE->FLL,5,5,0,0.0
route,MKE->HOU,3,3,0,0.0
route,MKE->IAH,7,7,0,0.0
route,MKE->LAS,17,17,0,0.0
route,MKE->LAX,2,2,0,0.0
route,MKE->LGA,7,7,0,0.0
route,MKE->MCI,8,8,0,0.0
route,MKE->MCO,13,13,0,0.0
route,MKE->MSP,4,4,0,0.0
route,MKE->ORD,31,31,0,0.0
route,MKE->PGD,1,1,0,0.0
route,MKE->PHL,7,7,0,0.0
route,MKE->PHX,17,17,0,0.0
route,MKE->RSW,13,13,0,0.0
route,MKE->SEA,8,8,0,0.0
route,MKE->SLC,1,1,0,0.0
route,MKE->STL,7,7,0,0.0
route,MKE->TPA,14,14,0,0.0
route,MKG->ORD,7,7,0,0.0
route,MKK->HNL,10,10,0,0.0
route,MKK->OGG,1,1,0,0.0
route,MLB->ATL,6,6,0,0.0
route,MLB->CLT,2,2,0,0.0
route,MLI->ATL,5,5,0,0.0
route,MLI->DEN,1,1,0,0.0
route,MLI->DFW,3,3,0,0.0
route,MLI->DTW,3,3,0,0.0
route,MLI->LAS,2,2,0,0.0
route,MLI->MSP,1,1,0,0.0
route,MLI->ORD,11,11,0,0.0
route,MLI->PGD,1,1,0,0.0
route,MLI->PIE,3,3,0,0.0
route,MLI->SFB,3,3,0,0.0
route,MLU->ATL,4,4,0,0.0
route,MLU->DFW,3,3,0,0.0
route,MLU->IAH,5,5,0,0.0
route,MMH->LAX,3,3,0,0.0
route,MMH->SAN,1,1,0,0.0
route,MMH->SFO,3,3,0,0.0
route,MOB->ATL,4,4,0,0.0
route,MOB->CLT,2,2,0,0.0
route,MOB->DFW,5,5,0,0.0
route,MOB->IAH,12,12,0,0.0
route,MOB->ORD,3,3,0,0.0
route,MOT->AZA,4,4,0,0.0
route,MOT->DEN,3,3,0,0.0
route,MOT->LAS,3,3,0,0.0
route,MOT->MSP,8,8,0,0.0
route,MQT->DTW,3,3,0,0.0
route,MQT->MSP,1,1,0,0.0
route,MQT->ORD,2,2,0,0.0
route,MRY->DEN,4,4,0,0.0
route,MRY->LAS,2,2,0,0.0
route,MRY->LAX,15,15,0,0.0
route,MRY->PHX,3,3,0,0.0
route,MRY->SAN,2,2,0,0.0
route,MRY->SFO,6,6,0,0.0
route,MSN->ATL,5,5,0,0.0
route,MSN->CLT,3,3,0,0.0
route,MSN->DCA,4,4,0,0.0
route,MSN->DEN,7,7,0,0.0
route,MSN->DFW,5,5,0,0.0
route,MSN->DTW,6,6,0,0.0
route,MSN->EWR,4,4,0,0.0
route,MSN->LAS,4,4,0,0.0
route,MSN->LGA,2,2,0,0.0
route,MSN->MSP,4,4,0,0.0
route,MSN->ORD,29,29,0,0.0
route,MSN->PHL,1,1,0,0.0
route,MSN->SFO,1,1,0,0.0
route,MSN->SLC,1,1,0,0.0
route,MSO->DEN,10,10,0,0.0
route,MSO->DFW,1,1,0,0.0
route,MSO->MSP,1,1,0,0.0
route,MSO->PDX,2,2,0,0.0
route,MSO->SEA,9,9,0,0.0
route,MSO->SLC,6,6,0,0.0
route,MSP->ABR,3,3,0,0.0
route,MSP->ALB,4,4,0,0.0
route,MSP->ANC,2,2,0,0.0
route,MSP->ASE,1,1,0,0.0
route,MSP->ATL,32,32,0,0.0
route,MSP->ATW,6,6,0,0.0
route,MSP->AUS,7,7,0,0.0
route,MSP->AZO,4,4,0,0.0
route,MSP->BDL,5,5,0,0.0
route,MSP->BIL,3,3,0,0.0
route,MSP->BIS,9,9,0,0.0
route,MSP->BJI,2,2,0,0.0
route,MSP->BNA,10,10,0,0.0
route,MSP->BOI,5,5,0,0.0
route,MSP->BOS,14,14,0,0.0
route,MSP->BRD,2,2,0,0.0
route,MSP->BUF,2,2,0,0.0
route,MSP->BWI,8,8,0,0.0
route,MSP->BZN,6,6,0,0.0
route,MSP->CID,5,5,0,0.0
route,MSP->CIU,3,3,0,0.0
route,MSP->CLE,2,2,0,0.0
route,MSP->CLT,6,6,0,0.0
route,MSP->CMH,7,7,0,0.0
route,MSP->CVG,8,8,0,0.0
route,MSP->CWA,4,4,0,0.0
route,MSP->DAL,1,1,0,0.0
route,MSP->DAY,2,2,0,0.0
route,MSP->DCA,9,9,0,0.0
route,MSP->DEN,38,38,0,0.0
route,MSP->DFW,14,14,0,0.0
route,MSP->DLH,2,2,0,0.0
route,MSP->DSM,4,4,0,0.0
route,MSP->DTW,19,19,0,0.0
route,MSP->EWR,18,18,0,0.0
route,MSP->FAR,10,10,0,0.0
route,MSP->FCA,2,2,0,0.0
route,MSP->FLL,8,8,0,0.0
route,MSP->FSD,3,3,0,0.0
route,MSP->FWA,1,1,0,0.0
route,MSP->GEG,2,2,0,0.0
route,MSP->GFK,7,7,0,0.0
route,MSP->GRB,6,6,0,0.0
route,MSP->GRR,14,14,0,0.0
route,MSP->HDN,1,1,0,0.0
route,MSP->HIB,2,2,0,0.0
route,MSP->HLN,1,1,0,0.0
route,MSP->HNL,1,1,0,0.0
route,MSP->HRL,2,2,0,0.0
route,MSP->IAD,9,9,0,0.0
route,MSP->IAH,18,18,0,0.0
route,MSP->ICT,4,4,0,0.0
route,MSP->IMT,1,1,0,0.0
route,MSP->IND,10,10,0,0.0
route,MSP->INL,2,2,0,0.0
route,MSP->ISN,3,3,0,0.0
route,MSP->JAC,2,2,0,0.0
route,MSP->JAX,2,2,0,0.0
route,MSP->JFK,9,9,0,0.0
route,MSP->LAN,1,1,0,0.0
route,MSP->LAS,21,21,0,0.0
route,MSP->LAX,9,9,0,0.0
route,MSP->LGA,10,10,0,0.0
route,MSP->LNK,3,3,0,0.0
route,MSP->LSE,3,3,0,0.0
route,MSP->MBS,3,3,0,0.0
route,MSP->MCI,16,16,0,0.0
route,MSP->MCO,15,15,0,0.0
route,MSP->MDW,17,17,0,0.0
route,MSP->MEM,6,6,0,0.0
route,MSP->MIA,4,4,0,0.0
route,MSP->MKE,4,4,0,0.0
route,MSP->MLI,1,1,0,0.0
route,MSP->MOT,5,5,0,0.0
route,MSP->MQT,1,1,0,0.0
route,MSP->MSN,5,5,0,0.0
route,MSP->MSO,2,2,0,0.0
route,MSP->MSY,4,4,0,0.0
route,MSP->OAK,2,2,0,0.0
route,MSP->OKC,1,1,0,0.0
route,MSP->OMA,5,5,0,0.0
route,MSP->ORD,40,40,0,0.0
route,MSP->PDX,7,7,0,0.0
route,MSP->PHL,8,8,0,0.0
route,MSP->PHX,22,22,0,0.0
route,MSP->PIA,3,3,0,0.0
route,MSP->PIT,5,5,0,0.0
route,MSP->PSC,2,2,0,0.0
route,MSP->PSP,2,2,0,0.0
route,MSP->RAP,5,5,0,0.0
route,MSP->RDU,5,5,0,0.0
route,MSP->RHI,5,5,0,0.0
route,MSP->RIC,3,3,0,0.0
route,MSP->RST,4,4,0,0.0
route,MSP->RSW,7,7,0,0.0
route,MSP->SAN,7,7,0,0.0
route,MSP->SAT,7,7,0,0.0
route,MSP->SBN,3,3,0,0.0
route,MSP->SDF,2,2,0,0.0
route,MSP->SEA,16,16,0,0.0
route,MSP->SFO,19,19,0,0.0
route,MSP->SJC,3,3,0,0.0
route,MSP->SJU,1,1,0,0.0
route,MSP->SLC,9,9,0,0.0
route,MSP->STL,16,16,0,0.0
route,MSP->SYR,1,1,0,0.0
route,MSP->TPA,9,9,0,0.0
route,MSP->TUL,1,1,0,0.0
route,MSP->TUS,1,1,0,0.0
route,MSP->TYS,1,1,0,0.0
route,MSP->XNA,1,1,0,0.0
route,MSY->ATL,21,21,0,0.0
route,MSY->AUS,8,8,0,0.0
route,MSY->BNA,19,19,0,0.0
route,MSY->BOS,15,15,0,0.0
route,MSY->BWI,16,16,0,0.0
route,MSY->CLE,1,1,0,0.0
route,MSY->CLT,3,3,0,0.0
route,MSY->CVG,1,1,0,0.0
route,MSY->DAL,30,30,0,0.0
route,MSY->DCA,14,14,0,0.0
route,MSY->DEN,19,19,0,0.0
route,MSY->DFW,8,8,0,0.0
route,MSY->DTW,10,10,0,0.0
route,MSY->EWR,18,18,0,0.0
route,MSY->FLL,18,18,0,0.0
route,MSY->HOU,36,36,0,0.0
route,MSY->IAD,11,11,0,0.0
route,MSY->IAH,29,29,0,0.0
route,MSY->IND,2,2,0,0.0
route,MSY->JFK,8,8,0,0.0
route,MSY->LAS,12,12,0,0.0
route,MSY->LAX,11,11,0,0.0
route,MSY->LGA,3,3,0,0.0
route,MSY->MCI,6,6,0,0.0
route,MSY->MCO,27,27,0,0.0
route,MSY->MDW,12,12,0,0.0
route,MSY->MIA,10,10,0,0.0
route,MSY->MSP,3,3,0,0.0
route,MSY->OAK,4,4,0,0.0
route,MSY->ORD,18,18,0,0.0
route,MSY->PHL,4,4,0,0.0
route,MSY->PHX,4,4,0,0.0
route,MSY->PIT,1,1,0,0.0
route,MSY->RDU,3,3,0,0.0
route,MSY->SAN,6,6,0,0.0
route,MSY->SAT,5,5,0,0.0
route,MSY->SEA,7,7,0,0.0
route,MSY->SFB,1,1,0,0.0
route,MSY->SFO,15,15,0,0.0
route,MSY->SLC,2,2,0,0.0
route,MSY->STL,9,9,0,0.0
route,MSY->TPA,10,10,0,0.0
route,MTJ->CLT,1,1,0,0.0
route,MTJ->DEN,7,7,0,0.0
route,MTJ->DFW,3,3,0,0.0
route,MTJ->EWR,1,1,0,0.0
route,MTJ->IAH,1,1,0,0.0
route,MTJ->LAX,2,2,0,0.0
route,MTJ->ORD,7,7,0,0.0
route,MTJ->PHX,1,1,0,0.0
route,MTJ->SFO,1,1,0,0.0
route,MYR->ACY,2,2,0,0.0
route,MYR->ATL,8,8,0,0.0
route,MYR->BOS,4,4,0,0.0
route,MYR->BWI,3,3,0,0.0
route,MYR->CLT,9,9,0,0.0
route,MYR->DTW,6,6,0,0.0
route,MYR->EWR,2,2,0,0.0
route,MYR->FLL,3,3,0,0.0
route,MYR->IAG,1,1,0,0.0
route,MYR->LBE,2,2,0,0.0
route,MYR->LGA,5,5,0,0.0
route,MYR->MCO,1,1,0,0.0
route,MYR->ORD,4,4,0,0.0
route,MYR->PHL,4,4,0,0.0
route,OAJ->ATL,4,4,0,0.0
route,OAJ->CLT,7,7,0,0.0
route,OAK->ABQ,5,5,0,0.0
route,OAK->ATL,4,4,0,0.0
route,OAK->AUS,4,4,0,0.0
route,OAK->AZA,3,3,0,0.0
route,OAK->BLI,3,3,0,0.0
route,OAK->BNA,3,3,0,0.0
route,OAK->BOI,8,8,0,0.0
route,OAK->BUR,40,40,0,0.0
route,OAK->BWI,5,5,0,0.0
route,OAK->CMH,3,3,0,0.0
route,OAK->DAL,9,9,0,0.0
route,OAK->DEN,14,14,0,0.0
route,OAK->DFW,4,4,0,0.0
route,OAK->EUG,2,2,0,0.0
route,OAK->EWR,1,1,0,0.0
route,OAK->GEG,6,6,0,0.0
route,OAK->HNL,8,8,0,0.0
route,OAK->HOU,4,4,0,0.0
route,OAK->IND,2,2,0,0.0
route,OAK->JFK,2,2,0,0.0
route,OAK->KOA,3,3,0,0.0
route,OAK->LAS,41,41,0,0.0
route,OAK->LAX,48,48,0,0.0
route,OAK->LGB,29,29,0,0.0
route,OAK->LIH,1,1,0,0.0
route,OAK->MCI,3,3,0,0.0
route,OAK->MCO,1,1,0,0.0
route,OAK->MDW,6,6,0,0.0
route,OAK->MSP,1,1,0,0.0
route,OAK->MSY,5,5,0,0.0
route,OAK->ONT,24,24,0,0.0
route,OAK->PDX,26,26,0,0.0
route,OAK->PHX,17,17,0,0.0
route,OAK->RNO,9,9,0,0.0
route,OAK->SAN,39,39,0,0.0
route,OAK->SEA,29,29,0,0.0
route,OAK->SLC,9,9,0,0.0
route,OAK->SNA,28,28,0,0.0
route,OAK->STL,1,1,0,0.0
route,OGD->AZA,2,2,0,0.0
route,OGG->ANC,3,3,0,0.0
route,OGG->BLI,4,4,0,0.0
route,OGG->DEN,4,4,0,0.0
route,OGG->DFW,3,3,0,0.0
route,OGG->HNL,83,83,0,0.0
route,OGG->ITO,7,7,0,0.0
route,OGG->JHM,1,1,0,0.0
route,OGG->KOA,13,13,0,0.0
route,OGG->LAX,15,15,0,0.0
route,OGG->LIH,17,17,0,0.0
route,OGG->OAK,4,4,0,0.0
route,OGG->ORD,2,2,0,0.0
route,OGG->PDX,9,9,0,0.0
route,OGG->PHX,2,2,0,0.0
route,OGG->SAN,6,6,0,0.0
route,OGG->SEA,10,10,0,0.0
route,OGG->SFO,29,29,0,0.0
route,OGG->SJC,5,5,0,0.0
route,OGG->SMF,2,2,0,0.0
route,OGS->PIE,1,1,0,0.0
route,OGS->SFB,1,1,0,0.0
route,OKC->ATL,8,8,0,0.0
route,OKC->BWI,5,5,0,0.0
route,OKC->CLT,4,4,0,0.0
route,OKC->DAL,11,11,0,0.0
route,OKC->DCA,2,2,0,0.0
route,OKC->DEN,30,30,0,0.0
route,OKC->DFW,15,15,0,0.0
route,OKC->DTW,1,1,0,0.0
route,OKC->HOU,16,16,0,0.0
route,OKC->IAD,2,2,0,0.0
route,OKC->IAH,29,29,0,0.0
route,OKC->LAS,8,8,0,0.0
route,OKC->LAX,6,6,0,0.0
route,OKC->MDW,3,3,0,0.0
route,OKC->MSP,1,1,0,0.0
route,OKC->ORD,18,18,0,0.0
route,OKC->PHL,2,2,0,0.0
route,OKC->PHX,11,11,0,0.0
route,OKC->SEA,4,4,0,0.0
route,OKC->SFB,1,1,0,0.0
route,OKC->SFO,3,3,0,0.0
route,OKC->SLC,3,3,0,0.0
route,OKC->STL,4,4,0,0.0
route,OMA->ATL,5,5,0,0.0
route,OMA->AZA,1,1,0,0.0
route,OMA->CLT,9,9,0,0.0
route,OMA->DAL,4,4,0,0.0
route,OMA->DCA,2,2,0,0.0
route,OMA->DEN,22,22,0,0.0
route,OMA->DFW,6,6,0,0.0
route,OMA->DTW,1,1,0,0.0
route,OMA->EWR,5,5,0,0.0
route,OMA->HOU,3,3,0,0.0
route,OMA->IAH,10,10,0,0.0
route,OMA->LAS,11,11,0,0.0
route,OMA->LAX,4,4,0,0.0
route,OMA->LGA,2,2,0,0.0
route,OMA->MCO,2,2,0,0.0
route,OMA->MDW,13,13,0,0.0
route,OMA->MIA,2,2,0,0.0
route,OMA->MSP,5,5,0,0.0
route,OMA->ORD,19,19,0,0.0
route,OMA->PGD,1,1,0,0.0
route,OMA->PHL,4,4,0,0.0
route,OMA->PHX,12,12,0,0.0
route,OMA->PIE,1,1,0,0.0
route,OMA->SAN,1,1,0,0.0
route,OMA->SEA,5,5,0,0.0
route,OMA->SFB,2,2,0,0.0
route,OMA->SFO,6,6,0,0.0
route,OMA->SLC,5,5,0,0.0
route,OMA->STL,5,5,0,0.0
route,OME->ANC,9,9,0,0.0
route,OME->OTZ,1,1,0,0.0
route,ONT->AUS,1,1,0,0.0
route,ONT->DAL,2,2,0,0.0
route,ONT->DEN,14,14,0,0.0
route,ONT->DFW,8,8,0,0.0
route,ONT->JFK,3,3,0,0.0
route,ONT->LAS,8,8,0,0.0
route,ONT->MCO,1,1,0,0.0
route,ONT->MDW,3,3,0,0.0
route,ONT->OAK,19,19,0,0.0
route,ONT->PDX,10,10,0,0.0
route,ONT->PHX,28,28,0,0.0
route,ONT->SAT,2,2,0,0.0
route,ONT->SEA,2,2,0,0.0
route,ONT->SFO,17,17,0,0.0
route,ONT->SJC,18,18,0,0.0
route,ONT->SLC,3,3,0,0.0
route,ONT->SMF,17,17,0,0.0
route,ORD->ABE,7,7,0,0.0
route,ORD->ABQ,8,8,0,0.0
route,ORD->ALB,19,19,0,0.0
route,ORD->ALO,3,3,0,0.0
route,ORD->ANC,4,4,0,0.0
route,ORD->ASE,8,8,0,0.0
route,ORD->ATL,36,36,0,0.0
route,ORD->ATW,21,21,0,0.0
route,ORD->AUS,12,12,0,0.0
route,ORD->AVL,7,7,0,0.0
route,ORD->AVP,11,11,0,0.0
route,ORD->AZO,11,11,0,0.0
route,ORD->BDL,14,14,0,0.0
route,ORD->BHM,13,13,0,0.0
route,ORD->BIS,1,1,0,0.0
route,ORD->BNA,23,23,0,0.0
route,ORD->BOI,11,11,0,0.0
route,ORD->BOS,44,44,0,0.0
route,ORD->BTV,7,7,0,0.0
route,ORD->BUF,13,13,0,0.0
route,ORD->BWI,16,16,0,0.0
route,ORD->BZN,7,7,0,0.0
route,ORD->CAE,7,7,0,0.0
route,ORD->CAK,12,12,0,0.0
route,ORD->CGI,2,2,0,0.0
route,ORD->CHA,5,5,0,0.0
route,ORD->CHO,3,3,0,0.0
route,ORD->CHS,15,15,0,0.0
route,ORD->CID,27,27,0,0.0
route,ORD->CKB,4,4,0,0.0
route,ORD->CLE,34,34,0,0.0
route,ORD->CLT,22,22,0,0.0
route,ORD->CMH,33,33,0,0.0
route,ORD->CMI,8,8,0,0.0
route,ORD->CMX,3,3,0,0.0
route,ORD->COS,7,7,0,0.0
route,ORD->COU,8,8,0,0.0
route,ORD->CRW,7,7,0,0.0
route,ORD->CVG,39,39,0,0.0
route,ORD->CWA,3,3,0,0.0
route,ORD->DAY,23,23,0,0.0
route,ORD->DBQ,3,3,0,0.0
route,ORD->DCA,52,52,0,0.0
route,ORD->DEN,53,53,0,0.0
route,ORD->DFW,40,40,0,0.0
route,ORD->DLH,14,14,0,0.0
route,ORD->DSM,27,27,0,0.0
route,ORD->DTW,44,44,0,0.0
route,ORD->EAU,3,3,0,0.0
route,ORD->EGE,1,1,0,0.0
route,ORD->ELP,3,3,0,0.0
route,ORD->ERI,9,9,0,0.0
route,ORD->EVV,20,20,0,0.0
route,ORD->EWR,42,42,0,0.0
route,ORD->EYW,3,3,0,0.0
route,ORD->FAR,15,15,0,0.0
route,ORD->FLL,33,33,0,0.0
route,ORD->FNT,18,18,0,0.0
route,ORD->FSD,13,13,0,0.0
route,ORD->FWA,17,17,0,0.0
route,ORD->GEG,4,4,0,0.0
route,ORD->GRB,13,13,0,0.0
route,ORD->GRR,26,26,0,0.0
route,ORD->GSO,10,10,0,0.0
route,ORD->GSP,13,13,0,0.0
route,ORD->HDN,2,2,0,0.0
route,ORD->HNL,4,4,0,0.0
route,ORD->HPN,12,12,0,0.0
route,ORD->HSV,3,3,0,0.0
route,ORD->IAD,16,16,0,0.0
route,ORD->IAH,32,32,0,0.0
route,ORD->ICT,20,20,0,0.0
route,ORD->ILM,2,2,0,0.0
route,ORD->IND,36,36,0,0.0
route,ORD->JAC,1,1,0,0.0
route,ORD->JAN,3,3,0,0.0
route,ORD->JAX,9,9,0,0.0
route,ORD->JFK,13,13,0,0.0
route,ORD->LAN,10,10,0,0.0
route,ORD->LAS,26,26,0,0.0
route,ORD->LAX,59,59,0,0.0
route,ORD->LEX,15,15,0,0.0
route,ORD->LGA,79,79,0,0.0
route,ORD->LIT,14,14,0,0.0
route,ORD->LNK,12,12,0,0.0
route,ORD->LSE,4,4,0,0.0
route,ORD->LWB,2,2,0,0.0
route,ORD->MBS,9,9,0,0.0
route,ORD->MCI,26,26,0,0.0
route,ORD->MCO,42,42,0,0.0
route,ORD->MDT,15,15,0,0.0
route,ORD->MEI,1,1,0,0.0
route,ORD->MEM,20,20,0,0.0
route,ORD->MHK,4,4,0,0.0
route,ORD->MHT,2,2,0,0.0
route,ORD->MIA,23,23,0,0.0
route,ORD->MKE,35,35,0,0.0
route,ORD->MKG,7,7,0,0.0
route,ORD->MLI,12,12,0,0.0
route,ORD->MOB,4,4,0,0.0
route,ORD->MSN,26,26,0,0.0
route,ORD->MSP,35,35,0,0.0
route,ORD->MSY,13,13,0,0.0
route,ORD->MTJ,3,3,0,0.0
route,ORD->MYR,4,4,0,0.0
route,ORD->OGG,3,3,0,0.0
route,ORD->OKC,11,11,0,0.0
route,ORD->OMA,22,22,0,0.0
route,ORD->ORF,13,13,0,0.0
route,ORD->PAH,2,2,0,0.0
route,ORD->PBI,5,5,0,0.0
route,ORD->PDX,9,9,0,0.0
route,ORD->PHL,31,31,0,0.0
route,ORD->PHX,36,36,0,0.0
route,ORD->PIA,25,25,0,0.0
route,ORD->PIT,23,23,0,0.0
route,ORD->PNS,3,3,0,0.0
route,ORD->PSP,12,12,0,0.0
route,ORD->PVD,4,4,0,0.0
route,ORD->PWM,4,4,0,0.0
route,ORD->RDU,15,15,0,0.0
route,ORD->RIC,19,19,0,0.0
route,ORD->RNO,3,3,0,0.0
route,ORD->ROA,7,7,0,0.0
route,ORD->ROC,27,27,0,0.0
route,ORD->RST,21,21,0,0.0
route,ORD->RSW,36,36,0,0.0
route,ORD->SAN,32,32,0,0.0
route,ORD->SAT,14,14,0,0.0
route,ORD->SAV,13,13,0,0.0
route,ORD->SBN,16,16,0,0.0
route,ORD->SCE,11,11,0,0.0
route,ORD->SDF,20,20,0,0.0
route,ORD->SEA,39,39,0,0.0
route,ORD->SFO,37,37,0,0.0
route,ORD->SGF,12,12,0,0.0
route,ORD->SJC,6,6,0,0.0
route,ORD->SJU,6,6,0,0.0
route,ORD->SLC,21,21,0,0.0
route,ORD->SLN,2,2,0,0.0
route,ORD->SMF,3,3,0,0.0
route,ORD->SNA,17,17,0,0.0
route,ORD->SPI,8,8,0,0.0
route,ORD->SRQ,13,13,0,0.0
route,ORD->STL,27,27,0,0.0
route,ORD->SUN,2,2,0,0.0
route,ORD->SUX,7,7,0,0.0
route,ORD->SYR,12,12,0,0.0
route,ORD->TOL,4,4,0,0.0
route,ORD->TPA,14,14,0,0.0
route,ORD->TUL,20,20,0,0.0
route,ORD->TUS,5,5,0,0.0
route,ORD->TVC,13,13,0,0.0
route,ORD->TYS,22,22,0,0.0
route,ORD->UIN,4,4,0,0.0
route,ORD->XNA,12,12,0,0.0
route,ORF->ATL,15,15,0,0.0
route,ORF->BWI,10,10,0,0.0
route,ORF->CLT,9,9,0,0.0
route,ORF->DCA,4,4,0,0.0
route,ORF->DEN,1,1,0,0.0
route,ORF->DFW,1,1,0,0.0
route,ORF->DTW,6,6,0,0.0
route,ORF->EWR,17,17,0,0.0
route,ORF->FLL,1,1,0,0.0
route,ORF->IAD,18,18,0,0.0
route,ORF->IAH,3,3,0,0.0
route,ORF->JFK,3,3,0,0.0
route,ORF->LAS,1,1,0,0.0
route,ORF->LGA,16,16,0,0.0
route,ORF->MCO,7,7,0,0.0
route,ORF->MDW,10,10,0,0.0
route,ORF->MIA,5,5,0,0.0
route,ORF->MSP,1,1,0,0.0
route,ORF->ORD,7,7,0,0.0
route,ORF->PHL,8,8,0,0.0
route,ORF->PIE,1,1,0,0.0
route,ORF->SFB,1,1,0,0.0
route,ORH->FLL,2,2,0,0.0
route,ORH->JFK,1,1,0,0.0
route,ORH->MCO,5,5,0,0.0
route,ORH->PHL,1,1,0,0.0
route,OTH->SFO,1,1,0,0.0
route,OTZ->ANC,2,2,0,0.0
route,OTZ->OME,1,1,0,0.0
route,OWB->SFB,1,1,0,0.0
route,PAE->LAS,2,2,0,0.0
route,PAE->LAX,4,4,0,0.0
route,PAE->PDX,6,6,0,0.0
route,PAE->PHX,2,2,0,0.0
route,PAE->SAN,1,1,0,0.0
route,PAE->SFO,2,2,0,0.0
route,PAE->SJC,3,3,0,0.0
route,PAE->SNA,1,1,0,0.0
route,PAH->CGI,4,4,0,0.0
route,PAH->ORD,7,7,0,0.0
route,PBG->FLL,5,5,0,0.0
route,PBG->IAD,3,3,0,0.0
route,PBG->SFB,6,6,0,0.0
route,PBI->ACY,2,2,0,0.0
route,PBI->ATL,25,25,0,0.0
route,PBI->BDL,6,6,0,0.0
route,PBI->BOS,41,41,0,0.0
route,PBI->BWI,23,23,0,0.0
route,PBI->CLE,1,1,0,0.0
route,PBI->CLT,10,10,0,0.0
route,PBI->CMH,1,1,0,0.0
route,PBI->DCA,8,8,0,0.0
route,PBI->DFW,4,4,0,0.0
route,PBI->DTW,4,4,0,0.0
route,PBI->EWR,35,35,0,0.0
route,PBI->HPN,13,13,0,0.0
route,PBI->IAH,7,7,0,0.0
route,PBI->ISP,10,10,0,0.0
route,PBI->JFK,18,18,0,0.0
route,PBI->LGA,13,13,0,0.0
route,PBI->MDW,1,1,0,0.0
route,PBI->ORD,10,10,0,0.0
route,PBI->PHL,7,7,0,0.0
route,PBI->PIT,1,1,0,0.0
route,PBI->PVD,1,1,0,0.0
route,PBI->RDU,1,1,0,0.0
route,PBI->TTN,3,3,0,0.0
route,PDX->ABQ,5,5,0,0.0
route,PDX->ANC,5,5,0,0.0
route,PDX->ATL,2,2,0,0.0
route,PDX->BIL,3,3,0,0.0
route,PDX->BLI,1,1,0,0.0
route,PDX->BOI,22,22,0,0.0
route,PDX->BOS,3,3,0,0.0
route,PDX->BUR,11,11,0,0.0
route,PDX->BZN,1,1,0,0.0
route,PDX->CLT,1,1,0,0.0
route,PDX->DAL,13,13,0,0.0
route,PDX->DCA,2,2,0,0.0
route,PDX->DEN,26,26,0,0.0
route,PDX->DFW,16,16,0,0.0
route,PDX->DTW,2,2,0,0.0
route,PDX->EUG,10,10,0,0.0
route,PDX->EWR,5,5,0,0.0
route,PDX->FAT,4,4,0,0.0
route,PDX->GEG,17,17,0,0.0
route,PDX->HNL,7,7,0,0.0
route,PDX->IAD,1,1,0,0.0
route,PDX->IAH,8,8,0,0.0
route,PDX->JFK,1,1,0,0.0
route,PDX->KOA,2,2,0,0.0
route,PDX->LAS,27,27,0,0.0
route,PDX->LAX,40,40,0,0.0
route,PDX->LGB,5,5,0,0.0
route,PDX->LIH,2,2,0,0.0
route,PDX->MCI,2,2,0,0.0
route,PDX->MCO,1,1,0,0.0
route,PDX->MDW,5,5,0,0.0
route,PDX->MFR,13,13,0,0.0
route,PDX->MSO,4,4,0,0.0
route,PDX->MSP,7,7,0,0.0
route,PDX->OAK,28,28,0,0.0
route,PDX->OGG,7,7,0,0.0
route,PDX->ONT,8,8,0,0.0
route,PDX->ORD,11,11,0,0.0
route,PDX->PAE,3,3,0,0.0
route,PDX->PHX,24,24,0,0.0
route,PDX->PSC,3,3,0,0.0
route,PDX->PSP,6,6,0,0.0
route,PDX->RDM,10,10,0,0.0
route,PDX->RNO,3,3,0,0.0
route,PDX->SAN,19,19,0,0.0
route,PDX->SBA,2,2,0,0.0
route,PDX->SEA,72,72,0,0.0
route,PDX->SFO,61,61,0,0.0
route,PDX->SJC,22,22,0,0.0
route,PDX->SLC,16,16,0,0.0
route,PDX->SMF,21,21,0,0.0
route,PDX->SNA,14,14,0,0.0
route,PDX->STL,5,5,0,0.0
route,PDX->STS,1,1,0,0.0
route,PDX->SUN,1,1,0,0.0
route,PDX->TUS,2,2,0,0.0
route,PGD->ABE,1,1,0,0.0
route,PGD->ATW,1,1,0,0.0
route,PGD->AVL,3,3,0,0.0
route,PGD->BLV,2,2,0,0.0
route,PGD->CID,3,3,0,0.0
route,PGD->CVG,5,5,0,0.0
route,PGD->DAY,2,2,0,0.0
route,PGD->DSM,3,3,0,0.0
route,PGD->FNT,5,5,0,0.0
route,PGD->GRR,7,7,0,0.0
route,PGD->IAG,8,8,0,0.0
route,PGD->IND,8,8,0,0.0
route,PGD->LCK,3,3,0,0.0
route,PGD->LEX,4,4,0,0.0
route,PGD->MDT,2,2,0,0.0
route,PGD->PIA,1,1,0,0.0
route,PGD->PIT,2,2,0,0.0
route,PGD->PSM,1,1,0,0.0
route,PGD->PVD,1,1,0,0.0
route,PGD->RFD,2,2,0,0.0
route,PGD->ROC,2,2,0,0.0
route,PGD->SBN,1,1,0,0.0
route,PGD->SPI,2,2,0,0.0
route,PGD->TOL,2,2,0,0.0
route,PGD->TTN,1,1,0,0.0
route,PGD->TYS,1,1,0,0.0
route,PGD->USA,3,3,0,0.0
route,PGV->CLT,2,2,0,0.0
route,PHF->ATL,3,3,0,0.0
route,PHF->CLT,6,6,0,0.0
route,PHF->PHL,1,1,0,0.0
route,PHL->ABE,3,3,0,0.0
route,PHL->ALB,7,7,0,0.0
route,PHL->ART,3,3,0,0.0
route,PHL->ATL,44,44,0,0.0
route,PHL->AUS,2,2,0,0.0
route,PHL->AVP,4,4,0,0.0
route,PHL->BDL,4,4,0,0.0
route,PHL->BGR,5,5,0,0.0
route,PHL->BHM,2,2,0,0.0
route,PHL->BNA,18,18,0,0.0
route,PHL->BOS,45,45,0,0.0
route,PHL->BTV,8,8,0,0.0
route,PHL->BUF,3,3,0,0.0
route,PHL->BWI,2,2,0,0.0
route,PHL->CAE,3,3,0,0.0
route,PHL->CAK,7,7,0,0.0
route,PHL->CHO,3,3,0,0.0
route,PHL->CHS,7,7,0,0.0
route,PHL->CLE,8,8,0,0.0
route,PHL->CLT,7,7,0,0.0
route,PHL->CMH,5,5,0,0.0
route,PHL->CRW,1,1,0,0.0
route,PHL->CVG,13,13,0,0.0
route,PHL->DAL,8,8,0,0.0
route,PHL->DAY,6,6,0,0.0
route,PHL->DCA,6,6,0,0.0
route,PHL->DEN,10,10,0,0.0
route,PHL->DFW,15,15,0,0.0
route,PHL->DSM,3,3,0,0.0
route,PHL->DTW,10,10,0,0.0
route,PHL->ERI,3,3,0,0.0
route,PHL->FLL,24,24,0,0.0
route,PHL->FWA,4,4,0,0.0
route,PHL->GSO,6,6,0,0.0
route,PHL->GSP,3,3,0,0.0
route,PHL->HOU,1,1,0,0.0
route,PHL->HVN,3,3,0,0.0
route,PHL->IAD,4,4,0,0.0
route,PHL->IAH,15,15,0,0.0
route,PHL->ILM,2,2,0,0.0
route,PHL->IND,5,5,0,0.0
route,PHL->IPT,1,1,0,0.0
route,PHL->ISP,2,2,0,0.0
route,PHL->ITH,1,1,0,0.0
route,PHL->JAX,6,6,0,0.0
route,PHL->JFK,2,2,0,0.0
route,PHL->LAS,9,9,0,0.0
route,PHL->LAX,22,22,0,0.0
route,PHL->LEX,4,4,0,0.0
route,PHL->LGA,2,2,0,0.0
route,PHL->MCI,5,5,0,0.0
route,PHL->MCO,42,42,0,0.0
route,PHL->MDT,8,8,0,0.0
route,PHL->MDW,22,22,0,0.0
route,PHL->MEM,3,3,0,0.0
route,PHL->MHT,7,7,0,0.0
route,PHL->MIA,14,14,0,0.0
route,PHL->MKE,3,3,0,0.0
route,PHL->MSN,4,4,0,0.0
route,PHL->MSP,8,8,0,0.0
route,PHL->MSY,1,1,0,0.0
route,PHL->MYR,4,4,0,0.0
route,PHL->OKC,2,2,0,0.0
route,PHL->OMA,1,1,0,0.0
route,PHL->ORD,27,27,0,0.0
route,PHL->ORF,7,7,0,0.0
route,PHL->ORH,5,5,0,0.0
route,PHL->PBI,10,10,0,0.0
route,PHL->PHX,10,10,0,0.0
route,PHL->PIT,6,6,0,0.0
route,PHL->PVD,7,7,0,0.0
route,PHL->PWM,7,7,0,0.0
route,PHL->RDU,11,11,0,0.0
route,PHL->RIC,7,7,0,0.0
route,PHL->ROA,4,4,0,0.0
route,PHL->ROC,8,8,0,0.0
route,PHL->RSW,11,11,0,0.0
route,PHL->SAN,1,1,0,0.0
route,PHL->SAT,1,1,0,0.0
route,PHL->SAV,7,7,0,0.0
route,PHL->SBY,3,3,0,0.0
route,PHL->SCE,3,3,0,0.0
route,PHL->SDF,2,2,0,0.0
route,PHL->SEA,4,4,0,0.0
route,PHL->SFO,17,17,0,0.0
route,PHL->SJU,3,3,0,0.0
route,PHL->SLC,2,2,0,0.0
route,PHL->SRQ,1,1,0,0.0
route,PHL->STL,9,9,0,0.0
route,PHL->STT,1,1,0,0.0
route,PHL->SWF,1,1,0,0.0
route,PHL->SYR,9,9,0,0.0
route,PHL->TPA,18,18,0,0.0
route,PHX->ABQ,21,21,0,0.0
route,PHX->AMA,1,1,0,0.0
route,PHX->ANC,1,1,0,0.0
route,PHX->ASE,1,1,0,0.0
route,PHX->ATL,18,18,0,0.0
route,PHX->AUS,20,20,0,0.0
route,PHX->BFL,1,1,0,0.0
route,PHX->BNA,9,9,0,0.0
route,PHX->BOI,9,9,0,0.0
route,PHX->BOS,7,7,0,0.0
route,PHX->BUF,5,5,0,0.0
route,PHX->BUR,22,22,0,0.0
route,PHX->BWI,14,14,0,0.0
route,PHX->CLE,10,10,0,0.0
route,PHX->CLT,11,11,0,0.0
route,PHX->CMH,8,8,0,0.0
route,PHX->COS,2,2,0,0.0
route,PHX->CVG,7,7,0,0.0
route,PHX->DAL,20,20,0,0.0
route,PHX->DCA,1,1,0,0.0
route,PHX->DEN,65,65,0,0.0
route,PHX->DFW,22,22,0,0.0
route,PHX->DRO,3,3,0,0.0
route,PHX->DSM,8,8,0,0.0
route,PHX->DTW,19,19,0,0.0
route,PHX->EGE,2,2,0,0.0
route,PHX->ELP,10,10,0,0.0
route,PHX->EUG,2,2,0,0.0
route,PHX->EWR,24,24,0,0.0
route,PHX->FAT,7,7,0,0.0
route,PHX->FLG,5,5,0,0.0
route,PHX->FLL,7,7,0,0.0
route,PHX->FSD,2,2,0,0.0
route,PHX->GEG,5,5,0,0.0
route,PHX->GJT,1,1,0,0.0
route,PHX->GRR,3,3,0,0.0
route,PHX->HNL,12,12,0,0.0
route,PHX->HOU,15,15,0,0.0
route,PHX->IAD,2,2,0,0.0
route,PHX->IAH,20,20,0,0.0
route,PHX->ICT,6,6,0,0.0
route,PHX->IND,11,11,0,0.0
route,PHX->JFK,7,7,0,0.0
route,PHX->LAS,43,43,0,0.0
route,PHX->LAX,65,65,0,0.0
route,PHX->LBB,3,3,0,0.0
route,PHX->LGB,2,2,0,0.0
route,PHX->LIH,1,1,0,0.0
route,PHX->LIT,1,1,0,0.0
route,PHX->MAF,1,1,0,0.0
route,PHX->MCI,18,18,0,0.0
route,PHX->MCO,11,11,0,0.0
route,PHX->MDW,27,27,0,0.0
route,PHX->MEM,3,3,0,0.0
route,PHX->MFR,1,1,0,0.0
route,PHX->MIA,6,6,0,0.0
route,PHX->MKE,12,12,0,0.0
route,PHX->MRY,7,7,0,0.0
route,PHX->MSN,2,2,0,0.0
route,PHX->MSP,32,32,0,0.0
route,PHX->MSY,3,3,0,0.0
route,PHX->MTJ,1,1,0,0.0
route,PHX->OAK,35,35,0,0.0
route,PHX->OGG,2,2,0,0.0
route,PHX->OKC,11,11,0,0.0
route,PHX->OMA,11,11,0,0.0
route,PHX->ONT,24,24,0,0.0
route,PHX->ORD,38,38,0,0.0
route,PHX->PAE,2,2,0,0.0
route,PHX->PDX,15,15,0,0.0
route,PHX->PHL,9,9,0,0.0
route,PHX->PIT,4,4,0,0.0
route,PHX->PSP,5,5,0,0.0
route,PHX->RDM,1,1,0,0.0
route,PHX->RDU,4,4,0,0.0
route,PHX->RNO,13,13,0,0.0
route,PHX->RSW,2,2,0,0.0
route,PHX->SAN,36,36,0,0.0
route,PHX->SAT,16,16,0,0.0
route,PHX->SBA,5,5,0,0.0
route,PHX->SBP,3,3,0,0.0
route,PHX->SDF,6,6,0,0.0
route,PHX->SEA,50,50,0,0.0
route,PHX->SFO,37,37,0,0.0
route,PHX->SGU,8,8,0,0.0
route,PHX->SJC,24,24,0,0.0
route,PHX->SLC,26,26,0,0.0
route,PHX->SMF,25,25,0,0.0
route,PHX->SNA,22,22,0,0.0
route,PHX->STL,24,24,0,0.0
route,PHX->TPA,6,6,0,0.0
route,PHX->TUL,4,4,0,0.0
route,PHX->TUS,11,11,0,0.0
route,PHX->YUM,7,7,0,0.0
route,PIA->ATL,2,2,0,0.0
route,PIA->AZA,4,4,0,0.0
route,PIA->CLT,3,3,0,0.0
route,PIA->DFW,5,5,0,0.0
route,PIA->LAS,4,4,0,0.0
route,PIA->MSP,2,2,0,0.0
route,PIA->ORD,18,18,0,0.0
route,PIA->PGD,4,4,0,0.0
route,PIA->PIE,1,1,0,0.0
route,PIA->SFB,1,1,0,0.0
route,PIB->MEI,3,3,0,0.0
route,PIE->ABE,1,1,0,0.0
route,PIE->ALB,2,2,0,0.0
route,PIE->ATW,1,1,0,0.0
route,PIE->AUS,3,3,0,0.0
route,PIE->AVL,3,3,0,0.0
route,PIE->AZA,1,1,0,0.0
route,PIE->BGR,1,1,0,0.0
route,PIE->BLV,3,3,0,0.0
route,PIE->BMI,2,2,0,0.0
route,PIE->BNA,1,1,0,0.0
route,PIE->CHA,1,1,0,0.0
route,PIE->CID,2,2,0,0.0
route,PIE->CVG,2,2,0,0.0
route,PIE->DAY,1,1,0,0.0
route,PIE->DSM,1,1,0,0.0
route,PIE->FNT,1,1,0,0.0
route,PIE->FWA,3,3,0,0.0
route,PIE->GRR,2,2,0,0.0
route,PIE->GSP,3,3,0,0.0
route,PIE->HTS,3,3,0,0.0
route,PIE->IAG,2,2,0,0.0
route,PIE->IND,4,4,0,0.0
route,PIE->LCK,4,4,0,0.0
route,PIE->LEX,1,1,0,0.0
route,PIE->MCI,1,1,0,0.0
route,PIE->MDT,1,1,0,0.0
route,PIE->MLI,1,1,0,0.0
route,PIE->MSY,2,2,0,0.0
route,PIE->OGS,3,3,0,0.0
route,PIE->PBG,1,1,0,0.0
route,PIE->PIT,6,6,0,0.0
route,PIE->RDU,2,2,0,0.0
route,PIE->ROA,1,1,0,0.0
route,PIE->SBN,1,1,0,0.0
route,PIE->SDF,2,2,0,0.0
route,PIE->SGF,4,4,0,0.0
route,PIE->SWF,2,2,0,0.0
route,PIE->SYR,1,1,0,0.0
route,PIE->TOL,1,1,0,0.0
route,PIE->TYS,2,2,0,0.0
route,PIE->USA,5,5,0,0.0
route,PIH->SLC,3,3,0,0.0
route,PIT->ATL,24,24,0,0.0
route,PIT->BNA,4,4,0,0.0
route,PIT->BOS,20,20,0,0.0
route,PIT->BWI,10,10,0,0.0
route,PIT->CLT,9,9,0,0.0
route,PIT->DAL,3,3,0,0.0
route,PIT->DCA,7,7,0,0.0
route,PIT->DEN,8,8,0,0.0
route,PIT->DFW,4,4,0,0.0
route,PIT->DTW,5,5,0,0.0
route,PIT->EWR,22,22,0,0.0
route,PIT->FLL,5,5,0,0.0
route,PIT->HOU,1,1,0,0.0
route,PIT->IAD,10,10,0,0.0
route,PIT->IAH,12,12,0,0.0
route,PIT->JAX,3,3,0,0.0
route,PIT->JFK,5,5,0,0.0
route,PIT->LAS,9,9,0,0.0
route,PIT->LAX,8,8,0,0.0
route,PIT->LGA,26,26,0,0.0
route,PIT->MCO,24,24,0,0.0
route,PIT->MDW,11,11,0,0.0
route,PIT->MIA,4,4,0,0.0
route,PIT->MSP,3,3,0,0.0
route,PIT->MYR,1,1,0,0.0
route,PIT->ORD,21,21,0,0.0
route,PIT->PGD,2,2,0,0.0
route,PIT->PHL,6,6,0,0.0
route,PIT->PHX,5,5,0,0.0
route,PIT->PIE,4,4,0,0.0
route,PIT->RDU,2,2,0,0.0
route,PIT->RSW,13,13,0,0.0
route,PIT->SAV,2,2,0,0.0
route,PIT->SFB,1,1,0,0.0
route,PIT->SFO,5,5,0,0.0
route,PIT->STL,6,6,0,0.0
route,PIT->TPA,11,11,0,0.0
route,PLN->APN,1,1,0,0.0
route,PLN->DTW,1,1,0,0.0
route,PNS->ATL,7,7,0,0.0
route,PNS->BNA,5,5,0,0.0
route,PNS->CLT,8,8,0,0.0
route,PNS->DCA,3,3,0,0.0
route,PNS->DEN,2,2,0,0.0
route,PNS->DFW,6,6,0,0.0
route,PNS->HOU,2,2,0,0.0
route,PNS->IAH,13,13,0,0.0
route,PNS->MDW,1,1,0,0.0
route,PNS->MIA,3,3,0,0.0
route,PNS->ORD,9,9,0,0.0
route,PPG->HNL,1,1,0,0.0
route,PQI->EWR,1,1,0,0.0
route,PRC->DEN,2,2,0,0.0
route,PRC->LAX,1,1,0,0.0
route,PSC->AZA,2,2,0,0.0
route,PSC->DEN,5,5,0,0.0
route,PSC->LAS,1,1,0,0.0
route,PSC->MSP,1,1,0,0.0
route,PSC->PDX,1,1,0,0.0
route,PSC->SEA,24,24,0,0.0
route,PSC->SFO,4,4,0,0.0
route,PSC->SLC,2,2,0,0.0
route,PSE->JFK,5,5,0,0.0
route,PSE->MCO,4,4,0,0.0
route,PSG->JNU,5,5,0,0.0
route,PSG->WRG,4,4,0,0.0
route,PSM->PGD,4,4,0,0.0
route,PSP->ATL,2,2,0,0.0
route,PSP->BLI,3,3,0,0.0
route,PSP->DEN,13,13,0,0.0
route,PSP->DFW,3,3,0,0.0
route,PSP->EWR,1,1,0,0.0
route,PSP->IAH,5,5,0,0.0
route,PSP->JFK,3,3,0,0.0
route,PSP->LAX,2,2,0,0.0
route,PSP->MSP,1,1,0,0.0
route,PSP->ORD,9,9,0,0.0
route,PSP->PDX,7,7,0,0.0
route,PSP->PHX,7,7,0,0.0
route,PSP->SEA,14,14,0,0.0
route,PSP->SFO,29,29,0,0.0
route,PSP->SLC,7,7,0,0.0
route,PUB->DEN,3,3,0,0.0
route,PUB->LBL,4,4,0,0.0
route,PUW->SEA,11,11,0,0.0
route,PVD->ATL,4,4,0,0.0
route,PVD->BWI,19,19,0,0.0
route,PVD->CLT,9,9,0,0.0
route,PVD->CVG,1,1,0,0.0
route,PVD->DCA,11,11,0,0.0
route,PVD->DTW,2,2,0,0.0
route,PVD->EWR,13,13,0,0.0
route,PVD->FLL,8,8,0,0.0
route,PVD->IAD,9,9,0,0.0
route,PVD->MCO,18,18,0,0.0
route,PVD->MDW,11,11,0,0.0
route,PVD->MIA,6,6,0,0.0
route,PVD->ORD,7,7,0,0.0
route,PVD->PBI,4,4,0,0.0
route,PVD->PGD,1,1,0,0.0
route,PVD->PHL,6,6,0,0.0
route,PVD->PIE,1,1,0,0.0
route,PVD->RSW,2,2,0,0.0
route,PVD->TPA,5,5,0,0.0
route,PVU->AZA,2,2,0,0.0
route,PVU->LAX,2,2,0,0.0
route,PVU->TUS,2,2,0,0.0
route,PWM->BWI,9,9,0,0.0
route,PWM->CLT,4,4,0,0.0
route,PWM->DCA,2,2,0,0.0
route,PWM->DTW,4,4,0,0.0
route,PWM->EWR,17,17,0,0.0
route,PWM->IAD,4,4,0,0.0
route,PWM->JFK,5,5,0,0.0
route,PWM->LGA,2,2,0,0.0
route,PWM->ORD,6,6,0,0.0
route,PWM->PHL,10,10,0,0.0
route,RAP->AZA,3,3,0,0.0
route,RAP->DEN,16,16,0,0.0
route,RAP->DFW,5,5,0,0.0
route,RAP->LAS,1,1,0,0.0
route,RAP->MSP,11,11,0,0.0
route,RAP->SLC,1,1,0,0.0
route,RDD->LAX,1,1,0,0.0
route,RDD->SFO,4,4,0,0.0
route,RDM->DEN,5,5,0,0.0
route,RDM->LAX,3,3,0,0.0
route,RDM->PDX,12,12,0,0.0
route,RDM->PHX,1,1,0,0.0
route,RDM->SEA,19,19,0,0.0
route,RDM->SFO,20,20,0,0.0
route,RDU->ATL,22,22,0,0.0
route,RDU->AUS,2,2,0,0.0
route,RDU->BDL,1,1,0,0.0
route,RDU->BNA,6,6,0,0.0
route,RDU->BOS,23,23,0,0.0
route,RDU->BWI,28,28,0,0.0
route,RDU->CLT,11,11,0,0.0
route,RDU->CMH,1,1,0,0.0
route,RDU->CVG,3,3,0,0.0
route,RDU->DAL,5,5,0,0.0
route,RDU->DCA,16,16,0,0.0
route,RDU->DEN,7,7,0,0.0
route,RDU->DFW,5,5,0,0.0
route,RDU->DTW,4,4,0,0.0
route,RDU->EWR,36,36,0,0.0
route,RDU->FLL,9,9,0,0.0
route,RDU->HOU,3,3,0,0.0
route,RDU->IAD,16,16,0,0.0
route,RDU->IAH,13,13,0,0.0
route,RDU->IND,4,4,0,0.0
route,RDU->JFK,18,18,0,0.0
route,RDU->LAS,7,7,0,0.0
route,RDU->LAX,2,2,0,0.0
route,RDU->LGA,16,16,0,0.0
route,RDU->MCI,2,2,0,0.0
route,RDU->MCO,22,22,0,0.0
route,RDU->MDW,1,1,0,0.0
route,RDU->MIA,6,6,0,0.0
route,RDU->MSP,5,5,0,0.0
route,RDU->MSY,1,1,0,0.0
route,RDU->ORD,22,22,0,0.0
route,RDU->PHL,10,10,0,0.0
route,RDU->PHX,3,3,0,0.0
route,RDU->PIT,1,1,0,0.0
route,RDU->SEA,8,8,0,0.0
route,RDU->SFB,1,1,0,0.0
route,RDU->SFO,6,6,0,0.0
route,RDU->SJU,1,1,0,0.0
route,RDU->SLC,1,1,0,0.0
route,RDU->STL,3,3,0,0.0
route,RDU->TPA,10,10,0,0.0
route,RDU->TTN,1,1,0,0.0
route,RFD->AZA,3,3,0,0.0
route,RFD->LAS,3,3,0,0.0
route,RFD->PGD,4,4,0,0.0
route,RFD->SFB,2,2,0,0.0
route,RHI->MSP,4,4,0,0.0
route,RIC->ATL,20,20,0,0.0
route,RIC->BOS,9,9,0,0.0
route,RIC->CLT,9,9,0,0.0
route,RIC->DEN,4,4,0,0.0
route,RIC->DFW,4,4,0,0.0
route,RIC->DTW,3,3,0,0.0
route,RIC->EWR,11,11,0,0.0
route,RIC->FLL,11,11,0,0.0
route,RIC->IAD,17,17,0,0.0
route,RIC->IAH,5,5,0,0.0
route,RIC->JFK,2,2,0,0.0
route,RIC->LGA,18,18,0,0.0
route,RIC->MCO,8,8,0,0.0
route,RIC->MIA,3,3,0,0.0
route,RIC->MSP,1,1,0,0.0
route,RIC->ORD,18,18,0,0.0
route,RIC->PHL,5,5,0,0.0
route,RIC->SFB,1,1,0,0.0
route,RKS->DEN,7,7,0,0.0
route,RNO->BOI,3,3,0,0.0
route,RNO->DAL,1,1,0,0.0
route,RNO->DEN,18,18,0,0.0
route,RNO->DFW,3,3,0,0.0
route,RNO->IAH,3,3,0,0.0
route,RNO->JFK,4,4,0,0.0
route,RNO->LAS,38,38,0,0.0
route,RNO->LAX,15,15,0,0.0
route,RNO->LGB,3,3,0,0.0
route,RNO->MDW,1,1,0,0.0
route,RNO->OAK,8,8,0,0.0
route,RNO->ORD,1,1,0,0.0
route,RNO->PDX,9,9,0,0.0
route,RNO->PHX,8,8,0,0.0
route,RNO->SAN,8,8,0,0.0
route,RNO->SEA,12,12,0,0.0
route,RNO->SFO,11,11,0,0.0
route,RNO->SJC,12,12,0,0.0
route,RNO->SLC,5,5,0,0.0
route,ROA->ATL,2,2,0,0.0
route,ROA->CLT,6,6,0,0.0
route,ROA->IAD,3,3,0,0.0
route,ROA->LGA,1,1,0,0.0
route,ROA->ORD,3,3,0,0.0
route,ROA->PHL,6,6,0,0.0
route,ROA->PIE,2,2,0,0.0
route,ROA->SFB,1,1,0,0.0
route,ROC->ATL,4,4,0,0.0
route,ROC->BOS,3,3,0,0.0
route,ROC->BWI,8,8,0,0.0
route,ROC->CLT,6,6,0,0.0
route,ROC->DCA,7,7,0,0.0
route,ROC->DTW,4,4,0,0.0
route,ROC->EWR,10,10,0,0.0
route,ROC->IAD,5,5,0,0.0
route,ROC->JFK,11,11,0,0.0
route,ROC->LGA,5,5,0,0.0
route,ROC->MCO,3,3,0,0.0
route,ROC->ORD,20,20,0,0.0
route,ROC->PGD,3,3,0,0.0
route,ROC->PHL,7,7,0,0.0
route,ROC->TPA,2,2,0,0.0
route,ROP->GUM,2,2,0,0.0
route,ROP->SPN,1,1,0,0.0
route,ROW->DFW,4,4,0,0.0
route,ROW->PHX,1,1,0,0.0
route,RST->ATL,3,3,0,0.0
route,RST->MSP,3,3,0,0.0
route,RST->ORD,15,15,0,0.0
route,RSW->ACY,12,12,0,0.0
route,RSW->ALB,3,3,0,0.0
route,RSW->ATL,14,14,0,0.0
route,RSW->BDL,11,11,0,0.0
route,RSW->BNA,6,6,0,0.0
route,RSW->BOS,41,41,0,0.0
route,RSW->BUF,8,8,0,0.0
route,RSW->BWI,31,31,0,0.0
route,RSW->CAK,3,3,0,0.0
route,RSW->CLE,13,13,0,0.0
route,RSW->CLT,11,11,0,0.0
route,RSW->CMH,11,11,0,0.0
route,RSW->CVG,2,2,0,0.0
route,RSW->DCA,9,9,0,0.0
route,RSW->DEN,8,8,0,0.0
route,RSW->DFW,9,9,0,0.0
route,RSW->DTW,31,31,0,0.0
route,RSW->EWR,26,26,0,0.0
route,RSW->GRR,6,6,0,0.0
route,RSW->HPN,3,3,0,0.0
route,RSW->IAH,9,9,0,0.0
route,RSW->IND,19,19,0,0.0
route,RSW->ISP,5,5,0,0.0
route,RSW->JFK,13,13,0,0.0
route,RSW->LBE,1,1,0,0.0
route,RSW->LGA,6,6,0,0.0
route,RSW->MCI,3,3,0,0.0
route,RSW->MDW,26,26,0,0.0
route,RSW->MIA,4,4,0,0.0
route,RSW->MKE,7,7,0,0.0
route,RSW->MSP,10,10,0,0.0
route,RSW->OMA,1,1,0,0.0
route,RSW->ORD,19,19,0,0.0
route,RSW->PHL,8,8,0,0.0
route,RSW->PIT,17,17,0,0.0
route,RSW->PVD,9,9,0,0.0
route,RSW->PWM,1,1,0,0.0
route,RSW->RDU,1,1,0,0.0
route,RSW->ROC,1,1,0,0.0
route,RSW->STL,8,8,0,0.0
route,RSW->TTN,3,3,0,0.0
route,SAF->DEN,2,2,0,0.0
route,SAF->DFW,1,1,0,0.0
route,SAF->PHX,1,1,0,0.0
route,SAN->ABQ,11,11,0,0.0
route,SAN->ATL,8,8,0,0.0
route,SAN->AUS,7,7,0,0.0
route,SAN->BLI,1,1,0,0.0
route,SAN->BNA,3,3,0,0.0
route,SAN->BOI,6,6,0,0.0
route,SAN->BOS,12,12,0,0.0
route,SAN->BWI,12,12,0,0.0
route,SAN->CLE,1,1,0,0.0
route,SAN->CLT,3,3,0,0.0
route,SAN->CVG,2,2,0,0.0
route,SAN->DAL,15,15,0,0.0
route,SAN->DEN,38,38,0,0.0
route,SAN->DFW,14,14,0,0.0
route,SAN->DTW,5,5,0,0.0
route,SAN->ELP,4,4,0,0.0
route,SAN->EWR,9,9,0,0.0
route,SAN->FAT,8,8,0,0.0
route,SAN->FLL,2,2,0,0.0
route,SAN->GEG,1,1,0,0.0
route,SAN->HDN,1,1,0,0.0
route,SAN->HNL,12,12,0,0.0
route,SAN->HOU,8,8,0,0.0
route,SAN->IAD,6,6,0,0.0
route,SAN->IAH,21,21,0,0.0
route,SAN->JFK,12,12,0,0.0
route,SAN->KOA,2,2,0,0.0
route,SAN->LAS,41,41,0,0.0
route,SAN->LAX,33,33,0,0.0
route,SAN->LIH,1,1,0,0.0
route,SAN->MCI,8,8,0,0.0
route,SAN->MCO,6,6,0,0.0
route,SAN->MDW,8,8,0,0.0
route,SAN->MIA,2,2,0,0.0
route,SAN->MMH,1,1,0,0.0
route,SAN->MRY,2,2,0,0.0
route,SAN->MSP,10,10,0,0.0
route,SAN->MSY,4,4,0,0.0
route,SAN->OAK,38,38,0,0.0
route,SAN->OGG,7,7,0,0.0
route,SAN->OMA,4,4,0,0.0
route,SAN->ORD,29,29,0,0.0
route,SAN->PAE,3,3,0,0.0
route,SAN->PDX,22,22,0,0.0
route,SAN->PHL,2,2,0,0.0
route,SAN->PHX,43,43,0,0.0
route,SAN->RDU,1,1,0,0.0
route,SAN->RNO,3,3,0,0.0
route,SAN->SAT,10,10,0,0.0
route,SAN->SCK,1,1,0,0.0
route,SAN->SEA,27,27,0,0.0
route,SAN->SFO,94,94,0,0.0
route,SAN->SJC,50,50,0,0.0
route,SAN->SLC,10,10,0,0.0
route,SAN->SMF,54,54,0,0.0
route,SAN->STL,13,13,0,0.0
route,SAN->STS,3,3,0,0.0
route,SAN->TPA,2,2,0,0.0
route,SAN->TUS,6,6,0,0.0
route,SAT->ATL,15,15,0,0.0
route,SAT->BNA,2,2,0,0.0
route,SAT->BWI,7,7,0,0.0
route,SAT->CLT,11,11,0,0.0
route,SAT->DAL,38,38,0,0.0
route,SAT->DEN,24,24,0,0.0
route,SAT->DFW,15,15,0,0.0
route,SAT->DTW,2,2,0,0.0
route,SAT->ELP,1,1,0,0.0
route,SAT->EWR,2,2,0,0.0
route,SAT->FLL,3,3,0,0.0
route,SAT->HOU,18,18,0,0.0
route,SAT->IAD,11,11,0,0.0
route,SAT->IAH,21,21,0,0.0
route,SAT->LAS,12,12,0,0.0
route,SAT->LAX,24,24,0,0.0
route,SAT->MCI,3,3,0,0.0
route,SAT->MCO,3,3,0,0.0
route,SAT->MDW,8,8,0,0.0
route,SAT->MIA,1,1,0,0.0
route,SAT->MSP,3,3,0,0.0
route,SAT->MSY,4,4,0,0.0
route,SAT->ONT,1,1,0,0.0
route,SAT->ORD,16,16,0,0.0
route,SAT->PHL,1,1,0,0.0
route,SAT->PHX,17,17,0,0.0
route,SAT->SAN,4,4,0,0.0
route,SAT->SEA,1,1,0,0.0
route,SAT->SFO,2,2,0,0.0
route,SAT->SLC,4,4,0,0.0
route,SAT->SNA,1,1,0,0.0
route,SAT->STL,5,5,0,0.0
route,SAT->TPA,5,5,0,0.0
route,SAV->ATL,7,7,0,0.0
route,SAV->BOS,10,10,0,0.0
route,SAV->CLE,2,2,0,0.0
route,SAV->CLT,8,8,0,0.0
route,SAV->DCA,1,1,0,0.0
route,SAV->DFW,3,3,0,0.0
route,SAV->EWR,10,10,0,0.0
route,SAV->IAD,11,11,0,0.0
route,SAV->IAH,12,12,0,0.0
route,SAV->IND,1,1,0,0.0
route,SAV->JFK,7,7,0,0.0
route,SAV->LCK,1,1,0,0.0
route,SAV->LGA,2,2,0,0.0
route,SAV->MIA,2,2,0,0.0
route,SAV->ORD,10,10,0,0.0
route,SAV->PHL,4,4,0,0.0
route,SAV->PIT,1,1,0,0.0
route,SAV->SDF,1,1,0,0.0
route,SBA->DEN,9,9,0,0.0
route,SBA->DFW,3,3,0,0.0
route,SBA->LAX,9,9,0,0.0
route,SBA->PDX,2,2,0,0.0
route,SBA->PHX,5,5,0,0.0
route,SBA->SEA,2,2,0,0.0
route,SBA->SFO,16,16,0,0.0
route,SBN->ATL,8,8,0,0.0
route,SBN->CLT,2,2,0,0.0
route,SBN->DFW,3,3,0,0.0
route,SBN->DTW,3,3,0,0.0
route,SBN->EWR,1,1,0,0.0
route,SBN->LAS,1,1,0,0.0
route,SBN->MSP,3,3,0,0.0
route,SBN->ORD,9,9,0,0.0
route,SBN->PGD,2,2,0,0.0
route,SBN->SFB,1,1,0,0.0
route,SBP->DEN,6,6,0,0.0
route,SBP->LAX,12,12,0,0.0
route,SBP->PHX,7,7,0,0.0
route,SBP->SEA,3,3,0,0.0
route,SBP->SFO,17,17,0,0.0
route,SBY->CLT,1,1,0,0.0
route,SBY->PHL,2,2,0,0.0
route,SCC->ANC,3,3,0,0.0
route,SCC->BRW,4,4,0,0.0
route,SCE->DTW,4,4,0,0.0
route,SCE->IAD,6,6,0,0.0
route,SCE->ORD,9,9,0,0.0
route,SCE->PHL,5,5,0,0.0
route,SCK->LAS,5,5,0,0.0
route,SCK->SAN,3,3,0,0.0
route,SDF->ATL,11,11,0,0.0
route,SDF->AZA,1,1,0,0.0
route,SDF->BWI,6,6,0,0.0
route,SDF->CLT,8,8,0,0.0
route,SDF->DAL,5,5,0,0.0
route,SDF->DCA,2,2,0,0.0
route,SDF->DEN,5,5,0,0.0
route,SDF->DFW,8,8,0,0.0
route,SDF->DTW,8,8,0,0.0
route,SDF->EWR,6,6,0,0.0
route,SDF->FLL,2,2,0,0.0
route,SDF->HOU,1,1,0,0.0
route,SDF->IAD,8,8,0,0.0
route,SDF->IAH,10,10,0,0.0
route,SDF->LAS,5,5,0,0.0
route,SDF->LGA,4,4,0,0.0
route,SDF->MCO,3,3,0,0.0
route,SDF->MDW,8,8,0,0.0
route,SDF->MIA,2,2,0,0.0
route,SDF->MSP,3,3,0,0.0
route,SDF->MSY,1,1,0,0.0
route,SDF->ORD,26,26,0,0.0
route,SDF->PGD,3,3,0,0.0
route,SDF->PHX,3,3,0,0.0
route,SDF->PIE,1,1,0,0.0
route,SDF->SAV,1,1,0,0.0
route,SDF->SFB,1,1,0,0.0
route,SDF->TPA,4,4,0,0.0
route,SEA->ABQ,6,6,0,0.0
route,SEA->ALW,8,8,0,0.0
route,SEA->ANC,43,43,0,0.0
route,SEA->ATL,23,23,0,0.0
route,SEA->AUS,4,4,0,0.0
route,SEA->BIL,3,3,0,0.0
route,SEA->BLI,19,19,0,0.0
route,SEA->BNA,3,3,0,0.0
route,SEA->BOI,35,35,0,0.0
route,SEA->BOS,17,17,0,0.0
route,SEA->BUR,9,9,0,0.0
route,SEA->BWI,7,7,0,0.0
route,SEA->BZN,7,7,0,0.0
route,SEA->CHS,1,1,0,0.0
route,SEA->CLT,2,2,0,0.0
route,SEA->CVG,3,3,0,0.0
route,SEA->DAL,8,8,0,0.0
route,SEA->DCA,9,9,0,0.0
route,SEA->DEN,58,58,0,0.0
route,SEA->DFW,14,14,0,0.0
route,SEA->DTW,8,8,0,0.0
route,SEA->EAT,9,9,0,0.0
route,SEA->ELP,1,1,0,0.0
route,SEA->EUG,8,8,0,0.0
route,SEA->EWR,20,20,0,0.0
route,SEA->FAI,19,19,0,0.0
route,SEA->FAT,5,5,0,0.0
route,SEA->FCA,7,7,0,0.0
route,SEA->FLL,6,6,0,0.0
route,SEA->GEG,43,43,0,0.0
route,SEA->GTF,3,3,0,0.0
route,SEA->HDN,1,1,0,0.0
route,SEA->HLN,3,3,0,0.0
route,SEA->HNL,20,20,0,0.0
route,SEA->IAD,11,11,0,0.0
route,SEA->IAH,14,14,0,0.0
route,SEA->ICT,1,1,0,0.0
route,SEA->IND,4,4,0,0.0
route,SEA->JFK,13,13,0,0.0
route,SEA->JNU,6,6,0,0.0
route,SEA->KOA,10,10,0,0.0
route,SEA->KTN,9,9,0,0.0
route,SEA->LAS,48,48,0,0.0
route,SEA->LAX,85,85,0,0.0
route,SEA->LGB,6,6,0,0.0
route,SEA->LIH,10,10,0,0.0
route,SEA->LWS,6,6,0,0.0
route,SEA->MCI,11,11,0,0.0
route,SEA->MCO,6,6,0,0.0
route,SEA->MDW,7,7,0,0.0
route,SEA->MFR,13,13,0,0.0
route,SEA->MKE,6,6,0,0.0
route,SEA->MSO,15,15,0,0.0
route,SEA->MSP,16,16,0,0.0
route,SEA->MSY,3,3,0,0.0
route,SEA->OAK,23,23,0,0.0
route,SEA->OGG,7,7,0,0.0
route,SEA->OKC,4,4,0,0.0
route,SEA->OMA,5,5,0,0.0
route,SEA->ONT,13,13,0,0.0
route,SEA->ORD,25,25,0,0.0
route,SEA->PDX,70,70,0,0.0
route,SEA->PHL,7,7,0,0.0
route,SEA->PHX,34,34,0,0.0
route,SEA->PIT,4,4,0,0.0
route,SEA->PSC,24,24,0,0.0
route,SEA->PSP,34,34,0,0.0
route,SEA->PUW,17,17,0,0.0
route,SEA->RDM,25,25,0,0.0
route,SEA->RDU,4,4,0,0.0
route,SEA->RNO,12,12,0,0.0
route,SEA->SAN,40,40,0,0.0
route,SEA->SAT,2,2,0,0.0
route,SEA->SBA,3,3,0,0.0
route,SEA->SBP,3,3,0,0.0
route,SEA->SFO,64,64,0,0.0
route,SEA->SJC,38,38,0,0.0
route,SEA->SLC,18,18,0,0.0
route,SEA->SMF,46,46,0,0.0
route,SEA->SNA,31,31,0,0.0
route,SEA->STL,5,5,0,0.0
route,SEA->STS,2,2,0,0.0
route,SEA->SUN,6,6,0,0.0
route,SEA->TPA,2,2,0,0.0
route,SEA->TUS,9,9,0,0.0
route,SEA->YKM,11,11,0,0.0
route,SFB->ABE,4,4,0,0.0
route,SFB->ALB,4,4,0,0.0
route,SFB->AUS,2,2,0,0.0
route,SFB->AVL,2,2,0,0.0
route,SFB->BGR,3,3,0,0.0
route,SFB->BIS,1,1,0,0.0
route,SFB->CHA,1,1,0,0.0
route,SFB->CID,1,1,0,0.0
route,SFB->CKB,2,2,0,0.0
route,SFB->CVG,3,3,0,0.0
route,SFB->DAY,2,2,0,0.0
route,SFB->DSM,3,3,0,0.0
route,SFB->ELM,3,3,0,0.0
route,SFB->EVV,1,1,0,0.0
route,SFB->FAR,1,1,0,0.0
route,SFB->FNT,4,4,0,0.0
route,SFB->FSD,2,2,0,0.0
route,SFB->FWA,1,1,0,0.0
route,SFB->GFK,3,3,0,0.0
route,SFB->GPT,5,5,0,0.0
route,SFB->GRR,1,1,0,0.0
route,SFB->GSO,1,1,0,0.0
route,SFB->GSP,2,2,0,0.0
route,SFB->HTS,3,3,0,0.0
route,SFB->IAG,1,1,0,0.0
route,SFB->IND,4,4,0,0.0
route,SFB->LCK,2,2,0,0.0
route,SFB->LEX,6,6,0,0.0
route,SFB->LIT,1,1,0,0.0
route,SFB->MDT,1,1,0,0.0
route,SFB->MEM,1,1,0,0.0
route,SFB->MLI,2,2,0,0.0
route,SFB->OKC,1,1,0,0.0
route,SFB->OMA,1,1,0,0.0
route,SFB->ORF,1,1,0,0.0
route,SFB->OWB,1,1,0,0.0
route,SFB->PBG,5,5,0,0.0
route,SFB->PIT,2,2,0,0.0
route,SFB->PSM,4,4,0,0.0
route,SFB->RDU,2,2,0,0.0
route,SFB->RFD,3,3,0,0.0
route,SFB->RIC,2,2,0,0.0
route,SFB->ROA,1,1,0,0.0
route,SFB->ROC,2,2,0,0.0
route,SFB->SDF,1,1,0,0.0
route,SFB->SGF,1,1,0,0.0
route,SFB->SWF,2,2,0,0.0
route,SFB->TOL,4,4,0,0.0
route,SFB->TRI,1,1,0,0.0
route,SFB->TUL,4,4,0,0.0
route,SFB->TYS,5,5,0,0.0
route,SFB->USA,3,3,0,0.0
route,SFB->XNA,1,1,0,0.0
route,SFO->ABQ,6,6,0,0.0
route,SFO->ACV,9,9,0,0.0
route,SFO->ASE,7,7,0,0.0
route,SFO->ATL,20,20,0,0.0
route,SFO->AUS,12,12,0,0.0
route,SFO->BFL,3,3,0,0.0
route,SFO->BNA,11,11,0,0.0
route,SFO->BOI,16,16,0,0.0
route,SFO->BOS,45,45,0,0.0
route,SFO->BUR,38,38,0,0.0
route,SFO->BWI,6,6,0,0.0
route,SFO->BZN,2,2,0,0.0
route,SFO->CLE,3,3,0,0.0
route,SFO->CLT,8,8,0,0.0
route,SFO->CVG,2,2,0,0.0
route,SFO->DAL,12,12,0,0.0
route,SFO->DCA,6,6,0,0.0
route,SFO->DEN,44,44,0,0.0
route,SFO->DFW,22,22,0,0.0
route,SFO->DTW,8,8,0,0.0
route,SFO->EGE,2,2,0,0.0
route,SFO->EUG,9,9,0,0.0
route,SFO->EWR,44,44,0,0.0
route,SFO->FAT,9,9,0,0.0
route,SFO->FLL,12,12,0,0.0
route,SFO->GEG,5,5,0,0.0
route,SFO->HDN,1,1,0,0.0
route,SFO->HNL,24,24,0,0.0
route,SFO->IAD,27,27,0,0.0
route,SFO->IAH,23,23,0,0.0
route,SFO->IND,6,6,0,0.0
route,SFO->JAC,6,6,0,0.0
route,SFO->JFK,50,50,0,0.0
route,SFO->KOA,16,16,0,0.0
route,SFO->LAS,76,76,0,0.0
route,SFO->LAX,124,124,0,0.0
route,SFO->LGB,13,13,0,0.0
route,SFO->LIH,6,6,0,0.0
route,SFO->MCI,11,11,0,0.0
route,SFO->MCO,4,4,0,0.0
route,SFO->MDW,9,9,0,0.0
route,SFO->MFR,14,14,0,0.0
route,SFO->MIA,11,11,0,0.0
route,SFO->MMH,5,5,0,0.0
route,SFO->MRY,8,8,0,0.0
route,SFO->MSN,2,2,0,0.0
route,SFO->MSP,23,23,0,0.0
route,SFO->MSY,7,7,0,0.0
route,SFO->MTJ,1,1,0,0.0
route,SFO->OGG,20,20,0,0.0
route,SFO->OKC,3,3,0,0.0
route,SFO->OMA,6,6,0,0.0
route,SFO->ONT,13,13,0,0.0
route,SFO->ORD,46,46,0,0.0
route,SFO->OTH,5,5,0,0.0
route,SFO->PAE,3,3,0,0.0
route,SFO->PDX,60,60,0,0.0
route,SFO->PHL,15,15,0,0.0
route,SFO->PHX,40,40,0,0.0
route,SFO->PIT,3,3,0,0.0
route,SFO->PSC,4,4,0,0.0
route,SFO->PSP,31,31,0,0.0
route,SFO->RDD,9,9,0,0.0
route,SFO->RDM,18,18,0,0.0
route,SFO->RDU,10,10,0,0.0
route,SFO->RNO,11,11,0,0.0
route,SFO->SAN,75,75,0,0.0
route,SFO->SAT,7,7,0,0.0
route,SFO->SBA,18,18,0,0.0
route,SFO->SBP,7,7,0,0.0
route,SFO->SEA,72,72,0,0.0
route,SFO->SLC,15,15,0,0.0
route,SFO->SMF,14,14,0,0.0
route,SFO->SNA,45,45,0,0.0
route,SFO->STL,12,12,0,0.0
route,SFO->STS,6,6,0,0.0
route,SFO->TPA,4,4,0,0.0
route,SFO->TUS,10,10,0,0.0
route,SFO->XNA,3,3,0,0.0
route,SGF->ATL,8,8,0,0.0
route,SGF->AZA,2,2,0,0.0
route,SGF->CLT,4,4,0,0.0
route,SGF->DEN,1,1,0,0.0
route,SGF->DFW,12,12,0,0.0
route,SGF->IAH,4,4,0,0.0
route,SGF->ORD,10,10,0,0.0
route,SGF->SFB,4,4,0,0.0
route,SGU->DEN,6,6,0,0.0
route,SGU->LAX,6,6,0,0.0
route,SGU->PHX,7,7,0,0.0
route,SGU->SLC,9,9,0,0.0
route,SHV->ATL,10,10,0,0.0
route,SHV->CLT,3,3,0,0.0
route,SHV->DEN,2,2,0,0.0
route,SHV->DFW,5,5,0,0.0
route,SHV->IAH,5,5,0,0.0
route,SIT->JNU,6,6,0,0.0
route,SIT->KTN,3,3,0,0.0
route,SJC->ABQ,1,1,0,0.0
route,SJC->ATL,3,3,0,0.0
route,SJC->AUS,13,13,0,0.0
route,SJC->BOI,6,6,0,0.0
route,SJC->BOS,1,1,0,0.0
route,SJC->BUR,41,41,0,0.0
route,SJC->BWI,2,2,0,0.0
route,SJC->DAL,6,6,0,0.0
route,SJC->DEN,17,17,0,0.0
route,SJC->DFW,6,6,0,0.0
route,SJC->DTW,3,3,0,0.0
route,SJC->EUG,3,3,0,0.0
route,SJC->EWR,4,4,0,0.0
route,SJC->GEG,1,1,0,0.0
route,SJC->HNL,9,9,0,0.0
route,SJC->HOU,1,1,0,0.0
route,SJC->IAH,6,6,0,0.0
route,SJC->JFK,9,9,0,0.0
route,SJC->KOA,2,2,0,0.0
route,SJC->LAS,32,32,0,0.0
route,SJC->LAX,56,56,0,0.0
route,SJC->LGB,10,10,0,0.0
route,SJC->LIH,3,3,0,0.0
route,SJC->MCO,1,1,0,0.0
route,SJC->MDW,3,3,0,0.0
route,SJC->MSP,3,3,0,0.0
route,SJC->OGG,8,8,0,0.0
route,SJC->ONT,9,9,0,0.0
route,SJC->ORD,3,3,0,0.0
route,SJC->PAE,1,1,0,0.0
route,SJC->PDX,26,26,0,0.0
route,SJC->PHX,19,19,0,0.0
route,SJC->RNO,9,9,0,0.0
route,SJC->SAN,57,57,0,0.0
route,SJC->SEA,38,38,0,0.0
route,SJC->SLC,16,16,0,0.0
route,SJC->SNA,34,34,0,0.0
route,SJC->STL,1,1,0,0.0
route,SJC->TUS,1,1,0,0.0
route,SJT->DFW,4,4,0,0.0
route,SJU->ATL,10,10,0,0.0
route,SJU->BDL,8,8,0,0.0
route,SJU->BOS,10,10,0,0.0
route,SJU->BWI,6,6,0,0.0
route,SJU->CLT,3,3,0,0.0
route,SJU->CVG,1,1,0,0.0
route,SJU->DCA,6,6,0,0.0
route,SJU->DFW,3,3,0,0.0
route,SJU->EWR,9,9,0,0.0
route,SJU->FLL,24,24,0,0.0
route,SJU->HOU,2,2,0,0.0
route,SJU->IAD,3,3,0,0.0
route,SJU->IAH,6,6,0,0.0
route,SJU->JFK,23,23,0,0.0
route,SJU->MCO,39,39,0,0.0
route,SJU->MDW,1,1,0,0.0
route,SJU->MIA,9,9,0,0.0
route,SJU->MSP,1,1,0,0.0
route,SJU->ORD,7,7,0,0.0
route,SJU->PHL,6,6,0,0.0
route,SJU->RDU,1,1,0,0.0
route,SJU->SFB,1,1,0,0.0
route,SJU->STT,5,5,0,0.0
route,SJU->STX,1,1,0,0.0
route,SJU->TPA,11,11,0,0.0
route,SLC->ABQ,4,4,0,0.0
route,SLC->ASE,4,4,0,0.0
route,SLC->ATL,13,13,0,0.0
route,SLC->AUS,5,5,0,0.0
route,SLC->BIL,5,5,0,0.0
route,SLC->BNA,2,2,0,0.0
route,SLC->BOI,11,11,0,0.0
route,SLC->BOS,6,6,0,0.0
route,SLC->BTM,1,1,0,0.0
route,SLC->BUR,7,7,0,0.0
route,SLC->BWI,2,2,0,0.0
route,SLC->BZN,5,5,0,0.0
route,SLC->CDC,4,4,0,0.0
route,SLC->CLT,2,2,0,0.0
route,SLC->COS,2,2,0,0.0
route,SLC->CPR,1,1,0,0.0
route,SLC->CVG,1,1,0,0.0
route,SLC->DAL,3,3,0,0.0
route,SLC->DEN,64,64,0,0.0
route,SLC->DFW,17,17,0,0.0
route,SLC->DSM,1,1,0,0.0
route,SLC->DTW,5,5,0,0.0
route,SLC->EKO,3,3,0,0.0
route,SLC->ELP,2,2,0,0.0
route,SLC->EUG,5,5,0,0.0
route,SLC->EWR,4,4,0,0.0
route,SLC->FAT,4,4,0,0.0
route,SLC->FCA,3,3,0,0.0
route,SLC->FLL,4,4,0,0.0
route,SLC->GEG,3,3,0,0.0
route,SLC->GJT,3,3,0,0.0
route,SLC->GTF,2,2,0,0.0
route,SLC->HLN,2,2,0,0.0
route,SLC->HNL,1,1,0,0.0
route,SLC->HOU,1,1,0,0.0
route,SLC->IAH,21,21,0,0.0
route,SLC->IDA,3,3,0,0.0
route,SLC->IND,1,1,0,0.0
route,SLC->JAC,4,4,0,0.0
route,SLC->JFK,20,20,0,0.0
route,SLC->LAS,23,23,0,0.0
route,SLC->LAX,40,40,0,0.0
route,SLC->LGB,16,16,0,0.0
route,SLC->LWS,4,4,0,0.0
route,SLC->MCI,2,2,0,0.0
route,SLC->MCO,5,5,0,0.0
route,SLC->MDW,10,10,0,0.0
route,SLC->MFR,3,3,0,0.0
route,SLC->MKE,2,2,0,0.0
route,SLC->MSN,1,1,0,0.0
route,SLC->MSO,10,10,0,0.0
route,SLC->MSP,8,8,0,0.0
route,SLC->MSY,2,2,0,0.0
route,SLC->OAK,20,20,0,0.0
route,SLC->OGG,1,1,0,0.0
route,SLC->OKC,6,6,0,0.0
route,SLC->OMA,2,2,0,0.0
route,SLC->ONT,5,5,0,0.0
route,SLC->ORD,24,24,0,0.0
route,SLC->PDX,13,13,0,0.0
route,SLC->PHL,1,1,0,0.0
route,SLC->PHX,36,36,0,0.0
route,SLC->PIH,5,5,0,0.0
route,SLC->PSC,4,4,0,0.0
route,SLC->PSP,4,4,0,0.0
route,SLC->RAP,1,1,0,0.0
route,SLC->RDM,3,3,0,0.0
route,SLC->RDU,2,2,0,0.0
route,SLC->RNO,9,9,0,0.0
route,SLC->SAN,10,10,0,0.0
route,SLC->SAT,2,2,0,0.0
route,SLC->SEA,25,25,0,0.0
route,SLC->SFO,29,29,0,0.0
route,SLC->SGU,5,5,0,0.0
route,SLC->SJC,12,12,0,0.0
route,SLC->SMF,11,11,0,0.0
route,SLC->SNA,6,6,0,0.0
route,SLC->STL,6,6,0,0.0
route,SLC->SUN,5,5,0,0.0
route,SLC->TPA,1,1,0,0.0
route,SLC->TUL,1,1,0,0.0
route,SLC->TUS,1,1,0,0.0
route,SLC->TWF,3,3,0,0.0
route,SLN->HYS,1,1,0,0.0
route,SLN->ORD,3,3,0,0.0
route,SMF->ATL,6,6,0,0.0
route,SMF->BOI,7,7,0,0.0
route,SMF->BUR,17,17,0,0.0
route,SMF->BWI,3,3,0,0.0
route,SMF->CLT,1,1,0,0.0
route,SMF->DAL,5,5,0,0.0
route,SMF->DEN,28,28,0,0.0
route,SMF->DFW,10,10,0,0.0
route,SMF->GEG,1,1,0,0.0
route,SMF->HNL,3,3,0,0.0
route,SMF->IAD,3,3,0,0.0
route,SMF->IAH,7,7,0,0.0
route,SMF->JFK,1,1,0,0.0
route,SMF->KOA,1,1,0,0.0
route,SMF->LAS,27,27,0,0.0
route,SMF->LAX,55,55,0,0.0
route,SMF->LGB,21,21,0,0.0
route,SMF->MCO,1,1,0,0.0
route,SMF->MDW,1,1,0,0.0
route,SMF->MSP,2,2,0,0.0
route,SMF->OGG,3,3,0,0.0
route,SMF->ONT,28,28,0,0.0
route,SMF->ORD,7,7,0,0.0
route,SMF->PDX,22,22,0,0.0
route,SMF->PHX,19,19,0,0.0
route,SMF->SAN,49,49,0,0.0
route,SMF->SEA,29,29,0,0.0
route,SMF->SFO,19,19,0,0.0
route,SMF->SLC,9,9,0,0.0
route,SMF->SNA,27,27,0,0.0
route,SMF->STL,3,3,0,0.0
route,SMX->LAS,1,1,0,0.0
route,SNA->ABQ,2,2,0,0.0
route,SNA->ATL,3,3,0,0.0
route,SNA->DAL,3,3,0,0.0
route,SNA->DEN,35,35,0,0.0
route,SNA->DFW,10,10,0,0.0
route,SNA->EWR,7,7,0,0.0
route,SNA->HOU,5,5,0,0.0
route,SNA->IAH,14,14,0,0.0
route,SNA->LAS,16,16,0,0.0
route,SNA->MSP,6,6,0,0.0
route,SNA->OAK,28,28,0,0.0
route,SNA->ORD,9,9,0,0.0
route,SNA->PDX,12,12,0,0.0
route,SNA->PHX,30,30,0,0.0
route,SNA->SEA,31,31,0,0.0
route,SNA->SFO,40,40,0,0.0
route,SNA->SJC,39,39,0,0.0
route,SNA->SLC,4,4,0,0.0
route,SNA->SMF,23,23,0,0.0
route,SNA->STS,1,1,0,0.0
route,SPI->DFW,3,3,0,0.0
route,SPI->ORD,10,10,0,0.0
route,SPN->GUM,11,11,0,0.0
route,SPN->ROP,1,1,0,0.0
route,SPS->DFW,1,1,0,0.0
route,SRQ->ATL,9,9,0,0.0
route,SRQ->AVL,1,1,0,0.0
route,SRQ->BOS,8,8,0,0.0
route,SRQ->CLE,1,1,0,0.0
route,SRQ->CLT,6,6,0,0.0
route,SRQ->DCA,1,1,0,0.0
route,SRQ->DTW,3,3,0,0.0
route,SRQ->EWR,5,5,0,0.0
route,SRQ->IND,1,1,0,0.0
route,SRQ->JFK,3,3,0,0.0
route,SRQ->ORD,16,16,0,0.0
route,SRQ->PIT,1,1,0,0.0
route,STC->AZA,2,2,0,0.0
route,STL->ATL,15,15,0,0.0
route,STL->AUS,5,5,0,0.0
route,STL->BDL,1,1,0,0.0
route,STL->BNA,9,9,0,0.0
route,STL->BOS,7,7,0,0.0
route,STL->BWI,13,13,0,0.0
route,STL->CHS,1,1,0,0.0
route,STL->CLE,2,2,0,0.0
route,STL->CLT,8,8,0,0.0
route,STL->CMH,5,5,0,0.0
route,STL->CVG,1,1,0,0.0
route,STL->DAL,24,24,0,0.0
route,STL->DCA,8,8,0,0.0
route,STL->DEN,32,32,0,0.0
route,STL->DFW,12,12,0,0.0
route,STL->DSM,6,6,0,0.0
route,STL->DTW,11,11,0,0.0
route,STL->ECP,1,1,0,0.0
route,STL->EWR,25,25,0,0.0
route,STL->FLL,15,15,0,0.0
route,STL->HOU,11,11,0,0.0
route,STL->IAD,11,11,0,0.0
route,STL->IAH,19,19,0,0.0
route,STL->ICT,8,8,0,0.0
route,STL->LAS,16,16,0,0.0
route,STL->LAX,20,20,0,0.0
route,STL->LGA,22,22,0,0.0
route,STL->LIT,7,7,0,0.0
route,STL->MCI,15,15,0,0.0
route,STL->MCO,17,17,0,0.0
route,STL->MDW,21,21,0,0.0
route,STL->MIA,1,1,0,0.0
route,STL->MKE,7,7,0,0.0
route,STL->MSP,13,13,0,0.0
route,STL->MSY,3,3,0,0.0
route,STL->OAK,2,2,0,0.0
route,STL->OKC,4,4,0,0.0
route,STL->OMA,9,9,0,0.0
route,STL->ORD,33,33,0,0.0
route,STL->PDX,7,7,0,0.0
route,STL->PHL,6,6,0,0.0
route,STL->PHX,16,16,0,0.0
route,STL->PIT,4,4,0,0.0
route,STL->RDU,4,4,0,0.0
route,STL->RSW,12,12,0,0.0
route,STL->SAN,13,13,0,0.0
route,STL->SAT,7,7,0,0.0
route,STL->SEA,7,7,0,0.0
route,STL->SFO,7,7,0,0.0
route,STL->SLC,5,5,0,0.0
route,STL->SMF,1,1,0,0.0
route,STL->TPA,10,10,0,0.0
route,STL->TUL,8,8,0,0.0
route,STS->DEN,1,1,0,0.0
route,STS->LAX,3,3,0,0.0
route,STS->PDX,1,1,0,0.0
route,STS->PHX,1,1,0,0.0
route,STS->SAN,3,3,0,0.0
route,STS->SEA,3,3,0,0.0
route,STS->SFO,9,9,0,0.0
route,STS->SNA,6,6,0,0.0
route,STT->ATL,4,4,0,0.0
route,STT->CLT,1,1,0,0.0
route,STT->EWR,2,2,0,0.0
route,STT->FLL,1,1,0,0.0
route,STT->IAD,2,2,0,0.0
route,STT->JFK,2,2,0,0.0
route,STT->MCO,1,1,0,0.0
route,STT->MIA,4,4,0,0.0
route,STT->PHL,2,2,0,0.0
route,STT->SJU,5,5,0,0.0
route,STX->ATL,3,3,0,0.0
route,STX->MIA,3,3,0,0.0
route,STX->SJU,1,1,0,0.0
route,SUN->DEN,4,4,0,0.0
route,SUN->LAX,2,2,0,0.0
route,SUN->ORD,2,2,0,0.0
route,SUN->PDX,1,1,0,0.0
route,SUN->SEA,3,3,0,0.0
route,SUN->SFO,1,1,0,0.0
route,SUN->SLC,4,4,0,0.0
route,SUX->DFW,1,1,0,0.0
route,SUX->ORD,3,3,0,0.0
route,SWF->DTW,2,2,0,0.0
route,SWF->FLL,5,5,0,0.0
route,SWF->MCO,3,3,0,0.0
route,SWF->PHL,1,1,0,0.0
route,SWF->SFB,1,1,0,0.0
route,SWO->DFW,1,1,0,0.0
route,SYR->ATL,1,1,0,0.0
route,SYR->BOS,5,5,0,0.0
route,SYR->CLT,5,5,0,0.0
route,SYR->DCA,9,9,0,0.0
route,SYR->DTW,4,4,0,0.0
route,SYR->EWR,14,14,0,0.0
route,SYR->FLL,7,7,0,0.0
route,SYR->IAD,9,9,0,0.0
route,SYR->JFK,11,11,0,0.0
route,SYR->LGA,2,2,0,0.0
route,SYR->MCO,3,3,0,0.0
route,SYR->ORD,19,19,0,0.0
route,SYR->PGD,1,1,0,0.0
route,SYR->PHL,8,8,0,0.0
route,SYR->PIE,3,3,0,0.0
route,SYR->RSW,1,1,0,0.0
route,TLH->ATL,5,5,0,0.0
route,TLH->CLT,3,3,0,0.0
route,TLH->DCA,1,1,0,0.0
route,TLH->DFW,2,2,0,0.0
route,TLH->MIA,1,1,0,0.0
route,TOL->CLT,2,2,0,0.0
route,TOL->ORD,7,7,0,0.0
route,TOL->PGD,4,4,0,0.0
route,TOL->PIE,2,2,0,0.0
route,TPA->ACY,5,5,0,0.0
route,TPA->ALB,5,5,0,0.0
route,TPA->ATL,33,33,0,0.0
route,TPA->AUS,4,4,0,0.0
route,TPA->BDL,10,10,0,0.0
route,TPA->BHM,7,7,0,0.0
route,TPA->BNA,12,12,0,0.0
route,TPA->BOS,25,25,0,0.0
route,TPA->BUF,13,13,0,0.0
route,TPA->BWI,27,27,0,0.0
route,TPA->CAK,1,1,0,0.0
route,TPA->CLE,10,10,0,0.0
route,TPA->CLT,12,12,0,0.0
route,TPA->CMH,12,12,0,0.0
route,TPA->CVG,4,4,0,0.0
route,TPA->DAL,7,7,0,0.0
route,TPA->DCA,19,19,0,0.0
route,TPA->DEN,32,32,0,0.0
route,TPA->DFW,15,15,0,0.0
route,TPA->DTW,16,16,0,0.0
route,TPA->EWR,22,22,0,0.0
route,TPA->FLL,21,21,0,0.0
route,TPA->GRR,3,3,0,0.0
route,TPA->GSO,1,1,0,0.0
route,TPA->HOU,5,5,0,0.0
route,TPA->HPN,3,3,0,0.0
route,TPA->IAD,9,9,0,0.0
route,TPA->IAH,21,21,0,0.0
route,TPA->IND,8,8,0,0.0
route,TPA->ISP,5,5,0,0.0
route,TPA->JFK,16,16,0,0.0
route,TPA->LAS,9,9,0,0.0
route,TPA->LAX,1,1,0,0.0
route,TPA->LGA,16,16,0,0.0
route,TPA->MCI,14,14,0,0.0
route,TPA->MDW,20,20,0,0.0
route,TPA->MEM,6,6,0,0.0
route,TPA->MHT,5,5,0,0.0
route,TPA->MIA,10,10,0,0.0
route,TPA->MKE,14,14,0,0.0
route,TPA->MSP,13,13,0,0.0
route,TPA->MSY,10,10,0,0.0
route,TPA->OMA,1,1,0,0.0
route,TPA->ORD,28,28,0,0.0
route,TPA->PHL,19,19,0,0.0
route,TPA->PHX,10,10,0,0.0
route,TPA->PIT,9,9,0,0.0
route,TPA->PVD,11,11,0,0.0
route,TPA->PWM,1,1,0,0.0
route,TPA->RDU,11,11,0,0.0
route,TPA->ROC,5,5,0,0.0
route,TPA->SAN,1,1,0,0.0
route,TPA->SAT,5,5,0,0.0
route,TPA->SDF,4,4,0,0.0
route,TPA->SEA,2,2,0,0.0
route,TPA->SFO,3,3,0,0.0
route,TPA->SJU,12,12,0,0.0
route,TPA->SLC,1,1,0,0.0
route,TPA->STL,12,12,0,0.0
route,TPA->SYR,2,2,0,0.0
route,TPA->TTN,1,1,0,0.0
route,TRI->ATL,11,11,0,0.0
route,TRI->CLT,5,5,0,0.0
route,TTN->BNA,1,1,0,0.0
route,TTN->CLT,1,1,0,0.0
route,TTN->FLL,1,1,0,0.0
route,TTN->MCO,6,6,0,0.0
route,TTN->PBI,3,3,0,0.0
route,TTN->RDU,2,2,0,0.0
route,TTN->RSW,1,1,0,0.0
route,TTN->TPA,1,1,0,0.0
route,TUL->ATL,5,5,0,0.0
route,TUL->CLT,2,2,0,0.0
route,TUL->DAL,20,20,0,0.0
route,TUL->DEN,19,19,0,0.0
route,TUL->DFW,11,11,0,0.0
route,TUL->HOU,12,12,0,0.0
route,TUL->IAH,24,24,0,0.0
route,TUL->LAS,9,9,0,0.0
route,TUL->LAX,1,1,0,0.0
route,TUL->ORD,13,13,0,0.0
route,TUL->PHX,4,4,0,0.0
route,TUL->SFB,1,1,0,0.0
route,TUL->SLC,2,2,0,0.0
route,TUL->STL,4,4,0,0.0
route,TUS->ATL,3,3,0,0.0
route,TUS->BLI,1,1,0,0.0
route,TUS->DEN,22,22,0,0.0
route,TUS->DFW,10,10,0,0.0
route,TUS->IAH,6,6,0,0.0
route,TUS->LAS,6,6,0,0.0
route,TUS->LAX,14,14,0,0.0
route,TUS->MDW,4,4,0,0.0
route,TUS->MSP,1,1,0,0.0
route,TUS->OAK,1,1,0,0.0
route,TUS->ORD,9,9,0,0.0
route,TUS->PDX,3,3,0,0.0
route,TUS->PHX,12,12,0,0.0
route,TUS->SAN,10,10,0,0.0
route,TUS->SEA,3,3,0,0.0
route,TUS->SFO,16,16,0,0.0
route,TUS->SJC,5,5,0,0.0
route,TUS->SLC,4,4,0,0.0
route,TVC->DTW,7,7,0,0.0
route,TVC->ORD,11,11,0,0.0
route,TWF->SFO,1,1,0,0.0
route,TWF->SLC,7,7,0,0.0
route,TXK->DFW,1,1,0,0.0
route,TYR->DFW,7,7,0,0.0
route,TYS->ATL,10,10,0,0.0
route,TYS->CLT,13,13,0,0.0
route,TYS->DCA,2,2,0,0.0
route,TYS->DEN,8,8,0,0.0
route,TYS->DFW,6,6,0,0.0
route,TYS->DTW,6,6,0,0.0
route,TYS->EWR,3,3,0,0.0
route,TYS->FLL,4,4,0,0.0
route,TYS->IAD,5,5,0,0.0
route,TYS->IAH,18,18,0,0.0
route,TYS->LAS,1,1,0,0.0
route,TYS->LGA,10,10,0,0.0
route,TYS->MIA,6,6,0,0.0
route,TYS->MSP,2,2,0,0.0
route,TYS->ORD,20,20,0,0.0
route,TYS->PGD,1,1,0,0.0
route,TYS->PHL,1,1,0,0.0
route,TYS->PIE,3,3,0,0.0
route,TYS->SFB,5,5,0,0.0
route,UIN->CGI,2,2,0,0.0
route,UIN->ORD,9,9,0,0.0
route,USA->FLL,1,1,0,0.0
route,USA->MSY,1,1,0,0.0
route,USA->PIE,4,4,0,0.0
route,USA->SFB,2,2,0,0.0
route,VLD->ATL,6,6,0,0.0
route,VPS->ATL,17,17,0,0.0
route,VPS->BLV,2,2,0,0.0
route,VPS->BWI,1,1,0,0.0
route,VPS->CLT,3,3,0,0.0
route,VPS->CVG,3,3,0,0.0
route,VPS->DCA,1,1,0,0.0
route,VPS->DFW,9,9,0,0.0
route,VPS->IAH,11,11,0,0.0
route,WRG->KTN,4,4,0,0.0
route,WRG->PSG,1,1,0,0.0
route,XNA->ATL,11,11,0,0.0
route,XNA->CLT,5,5,0,0.0
route,XNA->DEN,8,8,0,0.0
route,XNA->DFW,12,12,0,0.0
route,XNA->EWR,3,3,0,0.0
route,XNA->IAH,19,19,0,0.0
route,XNA->LAX,1,1,0,0.0
route,XNA->LGA,5,5,0,0.0
route,XNA->MSP,4,4,0,0.0
route,XNA->ORD,12,12,0,0.0
route,XNA->SFO,2,2,0,0.0
route,YAK->CDV,6,6,0,0.0
route,YAK->JNU,5,5,0,0.0
route,YKM->SEA,9,9,0,0.0
route,YUM->DFW,2,2,0,0.0
route,YUM->PHX,7,7,0,0.0
Day_of_Month,1,1747,1747,0,0.0
Day_of_Month,10,1641,1641,0,0.0
Day_of_Month,11,1627,1627,0,0.0
Day_of_Month,12,1697,1697,0,0.0
Day_of_Month,13,1556,1556,0,0.0
Day_of_Month,14,1744,1744,0,0.0
Day_of_Month,15,1731,1731,0,0.0
Day_of_Month,16,1629,1629,0,0.0
Day_of_Month,17,1639,1639,0,0.0
Day_of_Month,18,1697,1697,0,0.0
Day_of_Month,19,1626,1626,0,0.0
Day_of_Month,2,1448,1448,0,0.0
Day_of_Month,20,1647,1647,0,0.0
Day_of_Month,21,1577,1577,0,0.0
Day_of_Month,22,1844,1844,0,0.0
Day_of_Month,23,1514,1514,0,0.0
Day_of_Month,24,1621,1621,0,0.0
Day_of_Month,25,1690,1690,0,0.0
Day_of_Month,26,1748,1748,0,0.0
Day_of_Month,27,1617,1617,0,0.0
Day_of_Month,28,1730,1730,0,0.0
Day_of_Month,29,1667,1667,0,0.0
Day_of_Month,3,1603,1603,0,0.0
Day_of_Month,30,1513,1513,0,0.0
Day_of_Month,31,1615,1615,0,0.0
Day_of_Month,4,1652,1652,0,0.0
Day_of_Month,5,1700,1700,0,0.0
Day_of_Month,6,1781,1781,0,0.0
Day_of_Month,7,1607,1607,0,0.0
Day_of_Month,8,1771,1771,0,0.0
Day_of_Month,9,1515,1515,0,0.0
