dimension,value,eligible_rows,matched_rows,unmatched_rows,unmatched_rate
Carrier_ID(DOT),19393,12360,12360,0,0.0
Carrier_ID(DOT),19687,445,445,0,0.0
Carrier_ID(DOT),19690,711,300,411,0.5780590717299579
Carrier_ID(DOT),19790,3950,3950,0,0.0
Carrier_ID(DOT),19805,8707,8707,0,0.0
Carrier_ID(DOT),19930,1110,1110,0,0.0
Carrier_ID(DOT),19977,6313,6313,0,0.0
Carrier_ID(DOT),20046,921,921,0,0.0
Carrier_ID(DOT),20225,5,5,0,0.0
Carrier_ID(DOT),20237,721,721,0,0.0
Carrier_ID(DOT),20263,82,82,0,0.0
Carrier_ID(DOT),20304,5452,5452,0,0.0
Carrier_ID(DOT),20363,1026,1026,0,0.0
Carrier_ID(DOT),20366,1476,1476,0,0.0
Carrier_ID(DOT),20368,893,893,0,0.0
Carrier_ID(DOT),20378,2088,2088,0,0.0
Carrier_ID(DOT),20397,2698,2698,0,0.0
Carrier_ID(DOT),20398,2905,2905,0,0.0
Carrier_ID(DOT),20409,2944,2944,0,0.0
Carrier_ID(DOT),20416,1872,1872,0,0.0
Carrier_ID(DOT),20427,949,949,0,0.0
Carrier_ID(DOT),20436,1293,1293,0,0.0
Carrier_ID(DOT),20445,558,558,0,0.0
Carrier_ID(DOT),20452,2659,2659,0,0.0
Carrier_ID(DOT),20500,512,512,0,0.0
Carrier_ID(DOT),21167,606,606,0,0.0
Airline,(missing),6854,6810,44,0.00641960898745253
Airline,Air Wisconsin Airlines Corp,833,833,0,0.0
Airline,Alaska Airlines Inc.,997,997,0,0.0
Airline,Allegiant Air,787,787,0,0.0
Airline,American Airlines Inc.,7720,7720,0,0.0
Airline,Capital Cargo International,851,851,0,0.0
Airline,Comair Inc.,2400,2400,0,0.0
Airline,"Commutair Aka Champlain Enterprises, Inc.",499,499,0,0.0
Airline,Compass Airlines,544,544,0,0.0
Airline,Delta Air Lines Inc.,3506,3506,0,0.0
Airline,Empire Airlines Inc.,76,76,0,0.0
Airline,Endeavor Air Inc.,909,909,0,0.0
Airline,Envoy Air,2591,2591,0,0.0
Airline,ExpressJet Airlines Inc.,1313,1313,0,0.0
Airline,Frontier Airlines Inc.,1160,1160,0,0.0
Airline,"GoJet Airlines, LLC d/b/a United Express",461,461,0,0.0
Airline,Hawaiian Airlines Inc.,635,268,367,0.5779527559055118
Airline,Horizon Air,405,405,0,0.0
Airline,JetBlue Airways,2636,2636,0,0.0
Airline,Mesa Airlines Inc.,1866,1866,0,0.0
Airline,Peninsula Airways Inc.,5,5,0,0.0
Airline,Republic Airlines,2389,2389,0,0.0
Airline,SkyWest Airlines Inc.,4888,4888,0,0.0
Airline,Southwest Airlines Co.,11012,11012,0,0.0
Airline,Spirit Air Lines,1660,1660,0,0.0
Airline,Trans States Airlines,641,641,0,0.0
Airline,United Air Lines Inc.,5618,5618,0,0.0
carrier_group,previously-absent operator,4799,4799,0,0.0
carrier_group,reporting carrier,58457,58046,411,0.007030808970696412
route,ABE->ATL,5,5,0,0.0
route,ABE->BNA,1,1,0,0.0
route,ABE->CLT,13,13,0,0.0
route,ABE->DTW,4,4,0,0.0
route,ABE->MYR,3,3,0,0.0
route,ABE->ORD,8,8,0,0.0
route,ABE->PGD,2,2,0,0.0
route,ABE->PHL,11,11,0,0.0
route,ABE->PIE,2,2,0,0.0
route,ABE->SFB,6,6,0,0.0
route,ABI->DFW,19,19,0,0.0
route,ABQ->ATL,5,5,0,0.0
route,ABQ->AUS,3,3,0,0.0
route,ABQ->BWI,9,9,0,0.0
route,ABQ->DAL,14,14,0,0.0
route,ABQ->DEN,21,21,0,0.0
route,ABQ->DFW,29,29,0,0.0
route,ABQ->HOU,11,11,0,0.0
route,ABQ->IAH,14,14,0,0.0
route,ABQ->JFK,3,3,0,0.0
route,ABQ->LAS,14,14,0,0.0
route,ABQ->LAX,25,25,0,0.0
route,ABQ->MCI,6,6,0,0.0
route,ABQ->MDW,7,7,0,0.0
route,ABQ->MSP,1,1,0,0.0
route,ABQ->OAK,8,8,0,0.0
route,ABQ->ORD,16,16,0,0.0
route,ABQ->PDX,3,3,0,0.0
route,ABQ->PHX,18,18,0,0.0
route,ABQ->SAN,7,7,0,0.0
route,ABQ->SEA,2,2,0,0.0
route,ABQ->SFO,11,11,0,0.0
route,ABQ->SJC,2,2,0,0.0
route,ABQ->SLC,1,1,0,0.0
route,ABQ->SNA,1,1,0,0.0
route,ABR->MSP,1,1,0,0.0
route,ABY->ATL,4,4,0,0.0
route,ACK->BOS,6,6,0,0.0
route,ACK->DCA,5,5,0,0.0
route,ACK->EWR,9,9,0,0.0
route,ACK->HPN,2,2,0,0.0
route,ACK->JFK,12,12,0,0.0
route,ACK->LGA,9,9,0,0.0
route,ACT->DFW,13,13,0,0.0
route,ACV->LAX,7,7,0,0.0
route,ACV->SFO,18,18,0,0.0
route,ACY->ATL,6,6,0,0.0
route,ACY->FLL,3,3,0,0.0
route,ACY->MCO,7,7,0,0.0
route,ACY->RSW,2,2,0,0.0
route,ACY->TPA,4,4,0,0.0
route,ADK->ANC,2,2,0,0.0
route,ADQ->ANC,1,1,0,0.0
route,AEX->ATL,6,6,0,0.0
route,AEX->DFW,8,8,0,0.0
route,AEX->IAH,12,12,0,0.0
route,AGS->ATL,12,12,0,0.0
route,AGS->CLT,19,19,0,0.0
route,AGS->DFW,1,1,0,0.0
route,ALB->ATL,1,1,0,0.0
route,ALB->BWI,24,24,0,0.0
route,ALB->CLT,11,11,0,0.0
route,ALB->DCA,11,11,0,0.0
route,ALB->DEN,4,4,0,0.0
route,ALB->DTW,6,6,0,0.0
route,ALB->EWR,6,6,0,0.0
route,ALB->FLL,6,6,0,0.0
route,ALB->IAD,7,7,0,0.0
route,ALB->MCO,6,6,0,0.0
route,ALB->MDW,6,6,0,0.0
route,ALB->MSP,1,1,0,0.0
route,ALB->ORD,24,24,0,0.0
route,ALB->PHL,11,11,0,0.0
route,ALB->SAV,1,1,0,0.0
route,ALB->TPA,1,1,0,0.0
route,ALO->ORD,7,7,0,0.0
route,ALW->SEA,2,2,0,0.0
route,AMA->DAL,17,17,0,0.0
route,AMA->DEN,7,7,0,0.0
route,AMA->DFW,24,24,0,0.0
route,AMA->IAH,11,11,0,0.0
route,AMA->LAS,2,2,0,0.0
route,ANC->ADQ,2,2,0,0.0
route,ANC->ATL,2,2,0,0.0
route,ANC->BET,3,3,0,0.0
route,ANC->BLI,2,2,0,0.0
route,ANC->CDV,5,5,0,0.0
route,ANC->DEN,5,5,0,0.0
route,ANC->DFW,5,5,0,0.0
route,ANC->DLG,2,2,0,0.0
route,ANC->DUT,3,3,0,0.0
route,ANC->FAI,4,4,0,0.0
route,ANC->IAH,2,2,0,0.0
route,ANC->JNU,7,7,0,0.0
route,ANC->LAX,3,3,0,0.0
route,ANC->MSP,3,3,0,0.0
route,ANC->OME,2,2,0,0.0
route,ANC->ORD,10,10,0,0.0
route,ANC->OTZ,2,2,0,0.0
route,ANC->PDX,5,5,0,0.0
route,ANC->PHX,1,1,0,0.0
route,ANC->SCC,6,6,0,0.0
route,ANC->SEA,50,50,0,0.0
route,ANC->SFO,3,3,0,0.0
route,ANC->SLC,1,1,0,0.0
route,APN->DTW,2,2,0,0.0
route,APN->PLN,1,1,0,0.0
route,ART->PHL,9,9,0,0.0
route,ASE->DEN,20,20,0,0.0
route,ASE->DFW,9,9,0,0.0
route,ASE->IAH,3,3,0,0.0
route,ASE->LAX,11,11,0,0.0
route,ASE->ORD,6,6,0,0.0
route,ASE->PHX,2,2,0,0.0
route,ASE->SFO,1,1,0,0.0
route,ASE->SLC,4,4,0,0.0
route,ATL->ABE,5,5,0,0.0
route,ATL->ABQ,6,6,0,0.0
route,ATL->ACY,3,3,0,0.0
route,ATL->AEX,9,9,0,0.0
route,ATL->AGS,14,14,0,0.0
route,ATL->ALB,5,5,0,0.0
route,ATL->ANC,2,2,0,0.0
route,ATL->ATW,5,5,0,0.0
route,ATL->AUS,22,22,0,0.0
route,ATL->AVL,12,12,0,0.0
route,ATL->AVP,1,1,0,0.0
route,ATL->BDL,11,11,0,0.0
route,ATL->BHM,17,17,0,0.0
route,ATL->BMI,2,2,0,0.0
route,ATL->BNA,26,26,0,0.0
route,ATL->BOS,35,35,0,0.0
route,ATL->BQK,4,4,0,0.0
route,ATL->BTR,11,11,0,0.0
route,ATL->BTV,2,2,0,0.0
route,ATL->BUF,6,6,0,0.0
route,ATL->BUR,2,2,0,0.0
route,ATL->BWI,38,38,0,0.0
route,ATL->BZN,1,1,0,0.0
route,ATL->CAE,14,14,0,0.0
route,ATL->CAK,1,1,0,0.0
route,ATL->CHA,20,20,0,0.0
route,ATL->CHO,7,7,0,0.0
route,ATL->CHS,20,20,0,0.0
route,ATL->CID,4,4,0,0.0
route,ATL->CLE,20,20,0,0.0
route,ATL->CLT,35,35,0,0.0
route,ATL->CMH,32,32,0,0.0
route,ATL->COS,2,2,0,0.0
route,ATL->CRW,8,8,0,0.0
route,ATL->CSG,6,6,0,0.0
route,ATL->CVG,13,13,0,0.0
route,ATL->DAB,4,4,0,0.0
route,ATL->DAL,19,19,0,0.0
route,ATL->DAY,4,4,0,0.0
route,ATL->DCA,43,43,0,0.0
route,ATL->DEN,42,42,0,0.0
route,ATL->DFW,34,34,0,0.0
route,ATL->DHN,3,3,0,0.0
route,ATL->DSM,3,3,0,0.0
route,ATL->DTW,33,33,0,0.0
route,ATL->ECP,6,6,0,0.0
route,ATL->ELP,3,3,0,0.0
route,ATL->EVV,9,9,0,0.0
route,ATL->EWN,2,2,0,0.0
route,ATL->EWR,33,33,0,0.0
route,ATL->EYW,8,8,0,0.0
route,ATL->FAY,5,5,0,0.0
route,ATL->FLL,72,72,0,0.0
route,ATL->FNT,6,6,0,0.0
route,ATL->FSD,1,1,0,0.0
route,ATL->FSM,6,6,0,0.0
route,ATL->FWA,5,5,0,0.0
route,ATL->GNV,11,11,0,0.0
route,ATL->GPT,6,6,0,0.0
route,ATL->GRB,2,2,0,0.0
route,ATL->GRR,4,4,0,0.0
route,ATL->GSO,7,7,0,0.0
route,ATL->GSP,24,24,0,0.0
route,ATL->GTR,7,7,0,0.0
route,ATL->HHH,9,9,0,0.0
route,ATL->HOU,28,28,0,0.0
route,ATL->HPN,9,9,0,0.0
route,ATL->HSV,7,7,0,0.0
route,ATL->IAD,24,24,0,0.0
route,ATL->IAH,40,40,0,0.0
route,ATL->ICT,3,3,0,0.0
route,ATL->ILM,8,8,0,0.0
route,ATL->IND,22,22,0,0.0
route,ATL->JAC,1,1,0,0.0
route,ATL->JAN,7,7,0,0.0
route,ATL->JAX,28,28,0,0.0
route,ATL->JFK,18,18,0,0.0
route,ATL->LAS,31,31,0,0.0
route,ATL->LAX,44,44,0,0.0
route,ATL->LEX,14,14,0,0.0
route,ATL->LFT,4,4,0,0.0
route,ATL->LGA,51,51,0,0.0
route,ATL->LIT,4,4,0,0.0
route,ATL->LNK,2,2,0,0.0
route,ATL->MCI,27,27,0,0.0
route,ATL->MCO,48,48,0,0.0
route,ATL->MDT,3,3,0,0.0
route,ATL->MDW,28,28,0,0.0
route,ATL->MEM,18,18,0,0.0
route,ATL->MGM,12,12,0,0.0
route,ATL->MIA,46,46,0,0.0
route,ATL->MKE,17,17,0,0.0
route,ATL->MLB,2,2,0,0.0
route,ATL->MLI,5,5,0,0.0
route,ATL->MLU,3,3,0,0.0
route,ATL->MOB,8,8,0,0.0
route,ATL->MSN,1,1,0,0.0
route,ATL->MSP,22,22,0,0.0
route,ATL->MSY,28,28,0,0.0
route,ATL->MYR,2,2,0,0.0
route,ATL->OAJ,7,7,0,0.0
route,ATL->OAK,3,3,0,0.0
route,ATL->OKC,4,4,0,0.0
route,ATL->OMA,4,4,0,0.0
route,ATL->ONT,2,2,0,0.0
route,ATL->ORD,55,55,0,0.0
route,ATL->ORF,10,10,0,0.0
route,ATL->PBI,9,9,0,0.0
route,ATL->PDX,4,4,0,0.0
route,ATL->PHF,3,3,0,0.0
route,ATL->PHL,58,58,0,0.0
route,ATL->PHX,20,20,0,0.0
route,ATL->PIA,5,5,0,0.0
route,ATL->PIT,20,20,0,0.0
route,ATL->PNS,11,11,0,0.0
route,ATL->PVD,3,3,0,0.0
route,ATL->PWM,6,6,0,0.0
route,ATL->RDU,23,23,0,0.0
route,ATL->RIC,20,20,0,0.0
route,ATL->ROA,4,4,0,0.0
route,ATL->RST,4,4,0,0.0
route,ATL->RSW,12,12,0,0.0
route,ATL->SAN,13,13,0,0.0
route,ATL->SAT,19,19,0,0.0
route,ATL->SAV,10,10,0,0.0
route,ATL->SBN,6,6,0,0.0
route,ATL->SDF,8,8,0,0.0
route,ATL->SEA,19,19,0,0.0
route,ATL->SFO,18,18,0,0.0
route,ATL->SGF,5,5,0,0.0
route,ATL->SHV,10,10,0,0.0
route,ATL->SJC,4,4,0,0.0
route,ATL->SJU,4,4,0,0.0
route,ATL->SLC,18,18,0,0.0
route,ATL->SMF,5,5,0,0.0
route,ATL->SNA,5,5,0,0.0
route,ATL->SRQ,13,13,0,0.0
route,ATL->STL,25,25,0,0.0
route,ATL->SYR,6,6,0,0.0
route,ATL->TLH,7,7,0,0.0
route,ATL->TPA,50,50,0,0.0
route,ATL->TRI,13,13,0,0.0
route,ATL->TTN,4,4,0,0.0
route,ATL->TUL,3,3,0,0.0
route,ATL->TUS,3,3,0,0.0
route,ATL->TVC,1,1,0,0.0
route,ATL->TYS,10,10,0,0.0
route,ATL->VLD,2,2,0,0.0
route,ATL->VPS,10,10,0,0.0
route,ATL->XNA,9,9,0,0.0
route,ATW->ATL,1,1,0,0.0
route,ATW->DEN,2,2,0,0.0
route,ATW->DTW,6,6,0,0.0
route,ATW->MSP,5,5,0,0.0
route,ATW->ORD,23,23,0,0.0
route,ATW->SFB,2,2,0,0.0
route,ATY->DEN,1,1,0,0.0
route,AUS->ABQ,3,3,0,0.0
route,AUS->ATL,24,24,0,0.0
route,AUS->BNA,14,14,0,0.0
route,AUS->BOS,7,7,0,0.0
route,AUS->BUF,1,1,0,0.0
route,AUS->BWI,9,9,0,0.0
route,AUS->CLT,21,21,0,0.0
route,AUS->CMH,1,1,0,0.0
route,AUS->CVG,3,3,0,0.0
route,AUS->DAL,25,25,0,0.0
route,AUS->DCA,4,4,0,0.0
route,AUS->DEN,36,36,0,0.0
route,AUS->DFW,26,26,0,0.0
route,AUS->DTW,4,4,0,0.0
route,AUS->ELP,10,10,0,0.0
route,AUS->EWR,19,19,0,0.0
route,AUS->FLL,12,12,0,0.0
route,AUS->HOU,21,21,0,0.0
route,AUS->HRL,3,3,0,0.0
route,AUS->IAD,14,14,0,0.0
route,AUS->IAH,37,37,0,0.0
route,AUS->IND,2,2,0,0.0
route,AUS->JAX,1,1,0,0.0
route,AUS->JFK,18,18,0,0.0
route,AUS->LAS,24,24,0,0.0
route,AUS->LAX,26,26,0,0.0
route,AUS->LBB,2,2,0,0.0
route,AUS->LGB,6,6,0,0.0
route,AUS->MCI,3,3,0,0.0
route,AUS->MCO,8,8,0,0.0
route,AUS->MDW,8,8,0,0.0
route,AUS->MIA,8,8,0,0.0
route,AUS->MKE,2,2,0,0.0
route,AUS->MSP,8,8,0,0.0
route,AUS->MSY,10,10,0,0.0
route,AUS->OAK,2,2,0,0.0
route,AUS->OMA,2,2,0,0.0
route,AUS->ONT,2,2,0,0.0
route,AUS->ORD,32,32,0,0.0
route,AUS->PDX,5,5,0,0.0
route,AUS->PHL,6,6,0,0.0
route,AUS->PHX,27,27,0,0.0
route,AUS->RDU,1,1,0,0.0
route,AUS->SAN,14,14,0,0.0
route,AUS->SEA,9,9,0,0.0
route,AUS->SFB,1,1,0,0.0
route,AUS->SFO,15,15,0,0.0
route,AUS->SJC,13,13,0,0.0
route,AUS->SLC,1,1,0,0.0
route,AUS->SMF,4,4,0,0.0
route,AUS->SNA,1,1,0,0.0
route,AUS->STL,5,5,0,0.0
route,AUS->TPA,5,5,0,0.0
route,AVL->ATL,8,8,0,0.0
route,AVL->BWI,1,1,0,0.0
route,AVL->CLT,21,21,0,0.0
route,AVL->DEN,1,1,0,0.0
route,AVL->DFW,2,2,0,0.0
route,AVL->EWR,1,1,0,0.0
route,AVL->FLL,7,7,0,0.0
route,AVL->IAD,3,3,0,0.0
route,AVL->LGA,2,2,0,0.0
route,AVL->MCO,1,1,0,0.0
route,AVL->ORD,15,15,0,0.0
route,AVL->PGD,1,1,0,0.0
route,AVL->PHL,2,2,0,0.0
route,AVL->PIE,5,5,0,0.0
route,AVL->SFB,3,3,0,0.0
route,AVL->TPA,1,1,0,0.0
route,AVP->ATL,2,2,0,0.0
route,AVP->CLT,15,15,0,0.0
route,AVP->DTW,1,1,0,0.0
route,AVP->EWR,3,3,0,0.0
route,AVP->IAD,3,3,0,0.0
route,AVP->ORD,11,11,0,0.0
route,AVP->PHL,10,10,0,0.0
route,AZA->BIL,1,1,0,0.0
route,AZA->BLI,2,2,0,0.0
route,AZA->CID,3,3,0,0.0
route,AZA->CVG,3,3,0,0.0
route,AZA->DSM,1,1,0,0.0
route,AZA->FAR,1,1,0,0.0
route,AZA->FSD,2,2,0,0.0
route,AZA->FWA,1,1,0,0.0
route,AZA->GFK,1,1,0,0.0
route,AZA->GJT,1,1,0,0.0
route,AZA->GRI,2,2,0,0.0
route,AZA->GTF,1,1,0,0.0
route,AZA->IDA,1,1,0,0.0
route,AZA->LAS,1,1,0,0.0
route,AZA->MLI,1,1,0,0.0
route,AZA->MOT,1,1,0,0.0
route,AZA->MSO,1,1,0,0.0
route,AZA->OGD,1,1,0,0.0
route,AZA->PIA,3,3,0,0.0
route,AZA->PSC,1,1,0,0.0
route,AZA->PVU,5,5,0,0.0
route,AZA->RAP,2,2,0,0.0
route,AZA->RFD,1,1,0,0.0
route,AZA->SBN,1,1,0,0.0
route,AZA->SGF,1,1,0,0.0
route,AZO->DTW,4,4,0,0.0
route,AZO->MSP,2,2,0,0.0
route,AZO->ORD,16,16,0,0.0
route,BDL->ATL,9,9,0,0.0
route,BDL->BWI,9,9,0,0.0
route,BDL->CLE,1,1,0,0.0
route,BDL->CLT,20,20,0,0.0
route,BDL->DCA,26,26,0,0.0
route,BDL->DEN,7,7,0,0.0
route,BDL->DFW,4,4,0,0.0
route,BDL->DTW,3,3,0,0.0
route,BDL->EWR,3,3,0,0.0
route,BDL->FLL,13,13,0,0.0
route,BDL->IAD,10,10,0,0.0
route,BDL->IAH,1,1,0,0.0
route,BDL->LAS,3,3,0,0.0
route,BDL->LAX,3,3,0,0.0
route,BDL->MCO,20,20,0,0.0
route,BDL->MDW,7,7,0,0.0
route,BDL->MIA,4,4,0,0.0
route,BDL->MSP,8,8,0,0.0
route,BDL->MYR,3,3,0,0.0
route,BDL->ORD,24,24,0,0.0
route,BDL->PBI,3,3,0,0.0
route,BDL->PHL,17,17,0,0.0
route,BDL->RDU,2,2,0,0.0
route,BDL->SFO,2,2,0,0.0
route,BDL->SJU,4,4,0,0.0
route,BDL->STL,1,1,0,0.0
route,BDL->TPA,6,6,0,0.0
route,BET->ANC,3,3,0,0.0
route,BFF->DEN,5,5,0,0.0
route,BFL->DEN,6,6,0,0.0
route,BFL->DFW,2,2,0,0.0
route,BFL->PHX,12,12,0,0.0
route,BFL->SFO,5,5,0,0.0
route,BGM->DTW,3,3,0,0.0
route,BGR->CLT,5,5,0,0.0
route,BGR->DCA,8,8,0,0.0
route,BGR->EWR,7,7,0,0.0
route,BGR->LGA,5,5,0,0.0
route,BGR->ORD,7,7,0,0.0
route,BGR->PHL,17,17,0,0.0
route,BGR->SFB,2,2,0,0.0
route,BHM->ATL,11,11,0,0.0
route,BHM->BWI,1,1,0,0.0
route,BHM->CLT,24,24,0,0.0
route,BHM->DAL,16,16,0,0.0
route,BHM->DCA,13,13,0,0.0
route,BHM->DEN,10,10,0,0.0
route,BHM->DFW,18,18,0,0.0
route,BHM->DTW,3,3,0,0.0
route,BHM->HOU,5,5,0,0.0
route,BHM->IAH,19,19,0,0.0
route,BHM->LAS,3,3,0,0.0
route,BHM->LGA,3,3,0,0.0
route,BHM->MCO,8,8,0,0.0
route,BHM->MDW,10,10,0,0.0
route,BHM->MIA,4,4,0,0.0
route,BHM->ORD,19,19,0,0.0
route,BHM->PHL,10,10,0,0.0
route,BHM->TPA,5,5,0,0.0
route,BIL->DEN,13,13,0,0.0
route,BIL->DFW,2,2,0,0.0
route,BIL->LAS,1,1,0,0.0
route,BIL->LAX,1,1,0,0.0
route,BIL->MSP,4,4,0,0.0
route,BIL->ORD,3,3,0,0.0
route,BIL->SEA,4,4,0,0.0
route,BIL->SLC,4,4,0,0.0
route,BIS->DEN,22,22,0,0.0
route,BIS->LAS,1,1,0,0.0
route,BIS->MSP,3,3,0,0.0
route,BIS->ORD,8,8,0,0.0
route,BJI->MSP,2,2,0,0.0
route,BKG->DFW,1,1,0,0.0
route,BKG->ORD,1,1,0,0.0
route,BLI->ANC,1,1,0,0.0
route,BLI->AZA,1,1,0,0.0
route,BLI->DEN,2,2,0,0.0
route,BLI->LAS,10,10,0,0.0
route,BLI->LAX,1,1,0,0.0
route,BLI->OAK,1,1,0,0.0
route,BLI->SAN,2,2,0,0.0
route,BLI->SEA,3,3,0,0.0
route,BLV->FLL,1,1,0,0.0
route,BLV->MYR,1,1,0,0.0
route,BLV->SFB,2,2,0,0.0
route,BLV->VPS,4,4,0,0.0
route,BMI->ATL,4,4,0,0.0
route,BMI->DFW,6,6,0,0.0
route,BMI->MCO,1,1,0,0.0
route,BMI->ORD,8,8,0,0.0
route,BNA->ABE,1,1,0,0.0
route,BNA->ATL,29,29,0,0.0
route,BNA->AUS,5,5,0,0.0
route,BNA->BOS,17,17,0,0.0
route,BNA->BWI,19,19,0,0.0
route,BNA->CHS,8,8,0,0.0
route,BNA->CLE,9,9,0,0.0
route,BNA->CLT,34,34,0,0.0
route,BNA->CMH,14,14,0,0.0
route,BNA->DAL,20,20,0,0.0
route,BNA->DCA,24,24,0,0.0
route,BNA->DEN,40,40,0,0.0
route,BNA->DFW,20,20,0,0.0
route,BNA->DTW,14,14,0,0.0
route,BNA->ECP,2,2,0,0.0
route,BNA->EWR,18,18,0,0.0
route,BNA->FLL,13,13,0,0.0
route,BNA->HOU,14,14,0,0.0
route,BNA->IAD,8,8,0,0.0
route,BNA->IAH,16,16,0,0.0
route,BNA->JAX,6,6,0,0.0
route,BNA->JFK,9,9,0,0.0
route,BNA->LAS,11,11,0,0.0
route,BNA->LAX,16,16,0,0.0
route,BNA->LGA,37,37,0,0.0
route,BNA->MCI,12,12,0,0.0
route,BNA->MCO,17,17,0,0.0
route,BNA->MDT,1,1,0,0.0
route,BNA->MDW,24,24,0,0.0
route,BNA->MIA,9,9,0,0.0
route,BNA->MKE,9,9,0,0.0
route,BNA->MSP,16,16,0,0.0
route,BNA->MSY,13,13,0,0.0
route,BNA->MYR,2,2,0,0.0
route,BNA->OAK,5,5,0,0.0
route,BNA->ORD,54,54,0,0.0
route,BNA->ORF,1,1,0,0.0
route,BNA->PHL,37,37,0,0.0
route,BNA->PHX,8,8,0,0.0
route,BNA->PIT,2,2,0,0.0
route,BNA->PNS,8,8,0,0.0
route,BNA->RDU,11,11,0,0.0
route,BNA->SAN,6,6,0,0.0
route,BNA->SAT,11,11,0,0.0
route,BNA->SEA,1,1,0,0.0
route,BNA->SFO,11,11,0,0.0
route,BNA->SJC,1,1,0,0.0
route,BNA->SLC,1,1,0,0.0
route,BNA->STL,9,9,0,0.0
route,BNA->SYR,1,1,0,0.0
route,BNA->TPA,12,12,0,0.0
route,BNA->TTN,2,2,0,0.0
route,BNA->VPS,2,2,0,0.0
route,BOI->AZA,1,1,0,0.0
route,BOI->DEN,24,24,0,0.0
route,BOI->DFW,6,6,0,0.0
route,BOI->GEG,4,4,0,0.0
route,BOI->IAH,1,1,0,0.0
route,BOI->LAS,7,7,0,0.0
route,BOI->LAX,5,5,0,0.0
route,BOI->OAK,11,11,0,0.0
route,BOI->ORD,15,15,0,0.0
route,BOI->PDX,8,8,0,0.0
route,BOI->PHX,4,4,0,0.0
route,BOI->SAN,3,3,0,0.0
route,BOI->SEA,15,15,0,0.0
route,BOI->SFO,11,11,0,0.0
route,BOI->SJC,6,6,0,0.0
route,BOI->SLC,8,8,0,0.0
route,BOI->SMF,8,8,0,0.0
route,BOS->ACK,5,5,0,0.0
route,BOS->ATL,41,41,0,0.0
route,BOS->AUS,7,7,0,0.0
route,BOS->BNA,25,25,0,0.0
route,BOS->BUF,20,20,0,0.0
route,BOS->BUR,1,1,0,0.0
route,BOS->BWI,51,51,0,0.0
route,BOS->CHS,6,6,0,0.0
route,BOS->CLE,18,18,0,0.0
route,BOS->CLT,39,39,0,0.0
route,BOS->CMH,10,10,0,0.0
route,BOS->CVG,7,7,0,0.0
route,BOS->DCA,88,88,0,0.0
route,BOS->DEN,29,29,0,0.0
route,BOS->DFW,29,29,0,0.0
route,BOS->DTW,28,28,0,0.0
route,BOS->EWR,44,44,0,0.0
route,BOS->FLL,34,34,0,0.0
route,BOS->HNL,7,7,0,0.0
route,BOS->HOU,7,7,0,0.0
route,BOS->IAD,23,23,0,0.0
route,BOS->IAH,18,18,0,0.0
route,BOS->IND,11,11,0,0.0
route,BOS->JAX,18,18,0,0.0
route,BOS->JFK,44,44,0,0.0
route,BOS->LAS,19,19,0,0.0
route,BOS->LAX,49,49,0,0.0
route,BOS->LGA,54,54,0,0.0
route,BOS->LGB,4,4,0,0.0
route,BOS->MCI,6,6,0,0.0
route,BOS->MCO,42,42,0,0.0
route,BOS->MDT,1,1,0,0.0
route,BOS->MDW,17,17,0,0.0
route,BOS->MIA,30,30,0,0.0
route,BOS->MKE,8,8,0,0.0
route,BOS->MSP,19,19,0,0.0
route,BOS->MSY,8,8,0,0.0
route,BOS->MVY,2,2,0,0.0
route,BOS->MYR,3,3,0,0.0
route,BOS->OAK,5,5,0,0.0
route,BOS->ORD,84,84,0,0.0
route,BOS->ORF,1,1,0,0.0
route,BOS->PBI,15,15,0,0.0
route,BOS->PDX,8,8,0,0.0
route,BOS->PHL,73,73,0,0.0
route,BOS->PHX,20,20,0,0.0
route,BOS->PIT,28,28,0,0.0
route,BOS->RDU,36,36,0,0.0
route,BOS->RIC,14,14,0,0.0
route,BOS->ROC,9,9,0,0.0
route,BOS->RSW,6,6,0,0.0
route,BOS->SAN,10,10,0,0.0
route,BOS->SAV,5,5,0,0.0
route,BOS->SEA,13,13,0,0.0
route,BOS->SFO,56,56,0,0.0
route,BOS->SJC,2,2,0,0.0
route,BOS->SJU,12,12,0,0.0
route,BOS->SLC,14,14,0,0.0
route,BOS->SMF,6,6,0,0.0
route,BOS->STL,11,11,0,0.0
route,BOS->SYR,3,3,0,0.0
route,BOS->TPA,20,20,0,0.0
route,BPT->DFW,4,4,0,0.0
route,BQK->ATL,3,3,0,0.0
route,BQN->EWR,1,1,0,0.0
route,BQN->FLL,6,6,0,0.0
route,BQN->JFK,8,8,0,0.0
route,BQN->MCO,2,2,0,0.0
route,BRO->DFW,12,12,0,0.0
route,BRO->IAH,19,19,0,0.0
route,BTM->SLC,3,3,0,0.0
route,BTR->ATL,7,7,0,0.0
route,BTR->CLT,6,6,0,0.0
route,BTR->DFW,17,17,0,0.0
route,BTR->IAH,22,22,0,0.0
route,BTV->ATL,3,3,0,0.0
route,BTV->CLT,7,7,0,0.0
route,BTV->DCA,8,8,0,0.0
route,BTV->DTW,4,4,0,0.0
route,BTV->EWR,16,16,0,0.0
route,BTV->IAD,8,8,0,0.0
route,BTV->JFK,14,14,0,0.0
route,BTV->LGA,6,6,0,0.0
route,BTV->ORD,13,13,0,0.0
route,BTV->PHL,15,15,0,0.0
route,BUF->ATL,7,7,0,0.0
route,BUF->AUS,2,2,0,0.0
route,BUF->BOS,19,19,0,0.0
route,BUF->BWI,15,15,0,0.0
route,BUF->CLT,9,9,0,0.0
route,BUF->DCA,5,5,0,0.0
route,BUF->DEN,1,1,0,0.0
route,BUF->DTW,3,3,0,0.0
route,BUF->EWR,22,22,0,0.0
route,BUF->FLL,3,3,0,0.0
route,BUF->IAD,8,8,0,0.0
route,BUF->JFK,22,22,0,0.0
route,BUF->LAS,6,6,0,0.0
route,BUF->LAX,1,1,0,0.0
route,BUF->LGA,5,5,0,0.0
route,BUF->MCO,20,20,0,0.0
route,BUF->MDW,10,10,0,0.0
route,BUF->MSP,3,3,0,0.0
route,BUF->ORD,33,33,0,0.0
route,BUF->PHL,17,17,0,0.0
route,BUF->PHX,1,1,0,0.0
route,BUF->RDU,2,2,0,0.0
route,BUF->TPA,2,2,0,0.0
route,BUR->ATL,2,2,0,0.0
route,BUR->DAL,3,3,0,0.0
route,BUR->DEN,27,27,0,0.0
route,BUR->DFW,2,2,0,0.0
route,BUR->HOU,1,1,0,0.0
route,BUR->JFK,4,4,0,0.0
route,BUR->LAS,40,40,0,0.0
route,BUR->OAK,45,45,0,0.0
route,BUR->PDX,6,6,0,0.0
route,BUR->PHX,31,31,0,0.0
route,BUR->SEA,2,2,0,0.0
route,BUR->SFO,41,41,0,0.0
route,BUR->SJC,39,39,0,0.0
route,BUR->SLC,8,8,0,0.0
route,BUR->SMF,29,29,0,0.0
route,BWI->ABQ,7,7,0,0.0
route,BWI->ALB,28,28,0,0.0
route,BWI->ATL,58,58,0,0.0
route,BWI->AUS,11,11,0,0.0
route,BWI->AVL,2,2,0,0.0
route,BWI->BDL,11,11,0,0.0
route,BWI->BHM,4,4,0,0.0
route,BWI->BNA,20,20,0,0.0
route,BWI->BOS,47,47,0,0.0
route,BWI->BUF,25,25,0,0.0
route,BWI->CHS,9,9,0,0.0
route,BWI->CLE,13,13,0,0.0
route,BWI->CLT,35,35,0,0.0
route,BWI->CMH,9,9,0,0.0
route,BWI->CVG,16,16,0,0.0
route,BWI->DAL,7,7,0,0.0
route,BWI->DEN,30,30,0,0.0
route,BWI->DFW,26,26,0,0.0
route,BWI->DTW,19,19,0,0.0
route,BWI->ECP,2,2,0,0.0
route,BWI->EWR,9,9,0,0.0
route,BWI->FLL,41,41,0,0.0
route,BWI->GRR,4,4,0,0.0
route,BWI->HOU,11,11,0,0.0
route,BWI->IAH,6,6,0,0.0
route,BWI->IND,4,4,0,0.0
route,BWI->ISP,18,18,0,0.0
route,BWI->JAX,11,11,0,0.0
route,BWI->JFK,9,9,0,0.0
route,BWI->LAS,11,11,0,0.0
route,BWI->LAX,16,16,0,0.0
route,BWI->MCI,11,11,0,0.0
route,BWI->MCO,28,28,0,0.0
route,BWI->MDW,27,27,0,0.0
route,BWI->MEM,5,5,0,0.0
route,BWI->MHT,17,17,0,0.0
route,BWI->MIA,9,9,0,0.0
route,BWI->MKE,10,10,0,0.0
route,BWI->MSP,12,12,0,0.0
route,BWI->MSY,13,13,0,0.0
route,BWI->MYR,3,3,0,0.0
route,BWI->OAK,9,9,0,0.0
route,BWI->OKC,4,4,0,0.0
route,BWI->ORD,34,34,0,0.0
route,BWI->ORF,16,16,0,0.0
route,BWI->PBI,8,8,0,0.0
route,BWI->PDX,4,4,0,0.0
route,BWI->PHL,5,5,0,0.0
route,BWI->PHX,12,12,0,0.0
route,BWI->PIT,13,13,0,0.0
route,BWI->PVD,24,24,0,0.0
route,BWI->PWM,12,12,0,0.0
route,BWI->RDU,29,29,0,0.0
route,BWI->ROC,16,16,0,0.0
route,BWI->RSW,12,12,0,0.0
route,BWI->SAN,9,9,0,0.0
route,BWI->SAT,7,7,0,0.0
route,BWI->SAV,2,2,0,0.0
route,BWI->SDF,12,12,0,0.0
route,BWI->SEA,19,19,0,0.0
route,BWI->SFO,13,13,0,0.0
route,BWI->SJC,6,6,0,0.0
route,BWI->SJU,6,6,0,0.0
route,BWI->SLC,5,5,0,0.0
route,BWI->SMF,4,4,0,0.0
route,BWI->SRQ,1,1,0,0.0
route,BWI->STL,14,14,0,0.0
route,BWI->TPA,22,22,0,0.0
route,BWI->TUL,1,1,0,0.0
route,BWI->VPS,1,1,0,0.0
route,BZN->AZA,1,1,0,0.0
route,BZN->DEN,22,22,0,0.0
route,BZN->DFW,9,9,0,0.0
route,BZN->EWR,2,2,0,0.0
route,BZN->IAH,1,1,0,0.0
route,BZN->LAS,1,1,0,0.0
route,BZN->LAX,7,7,0,0.0
route,BZN->LGB,1,1,0,0.0
route,BZN->MSP,1,1,0,0.0
route,BZN->ORD,8,8,0,0.0
route,BZN->PDX,5,5,0,0.0
route,BZN->SEA,5,5,0,0.0
route,BZN->SFO,8,8,0,0.0
route,BZN->SLC,9,9,0,0.0
route,CAE->ATL,13,13,0,0.0
route,CAE->CLT,31,31,0,0.0
route,CAE->DCA,10,10,0,0.0
route,CAE->DFW,4,4,0,0.0
route,CAE->IAD,5,5,0,0.0
route,CAE->IAH,1,1,0,0.0
route,CAE->LGA,2,2,0,0.0
route,CAE->ORD,4,4,0,0.0
route,CAE->PHL,8,8,0,0.0
route,CAK->ATL,3,3,0,0.0
route,CAK->CLT,14,14,0,0.0
route,CAK->DCA,3,3,0,0.0
route,CAK->EWR,3,3,0,0.0
route,CAK->IAH,6,6,0,0.0
route,CAK->LGA,3,3,0,0.0
route,CAK->MCO,1,1,0,0.0
route,CAK->ORD,19,19,0,0.0
route,CAK->PHL,9,9,0,0.0
route,CDV->ANC,1,1,0,0.0
route,CDV->YAK,3,3,0,0.0
route,CGI->ORD,1,1,0,0.0
route,CGI->PAH,2,2,0,0.0
route,CGI->UIN,2,2,0,0.0
route,CHA->ATL,14,14,0,0.0
route,CHA->CLT,29,29,0,0.0
route,CHA->DFW,10,10,0,0.0
route,CHA->DTW,2,2,0,0.0
route,CHA->EWR,5,5,0,0.0
route,CHA->IAD,2,2,0,0.0
route,CHA->LGA,1,1,0,0.0
route,CHA->ORD,14,14,0,0.0
route,CHA->PHL,4,4,0,0.0
route,CHA->SFB,1,1,0,0.0
route,CHO->ATL,4,4,0,0.0
route,CHO->CLT,32,32,0,0.0
route,CHO->IAD,10,10,0,0.0
route,CHO->LGA,10,10,0,0.0
route,CHO->ORD,10,10,0,0.0
route,CHO->PHL,4,4,0,0.0
route,CHS->ATL,16,16,0,0.0
route,CHS->BNA,4,4,0,0.0
route,CHS->BOS,8,8,0,0.0
route,CHS->BWI,11,11,0,0.0
route,CHS->CLE,1,1,0,0.0
route,CHS->CLT,24,24,0,0.0
route,CHS->CVG,1,1,0,0.0
route,CHS->DAL,1,1,0,0.0
route,CHS->DCA,21,21,0,0.0
route,CHS->DEN,2,2,0,0.0
route,CHS->DFW,6,6,0,0.0
route,CHS->EWR,20,20,0,0.0
route,CHS->FLL,3,3,0,0.0
route,CHS->HOU,6,6,0,0.0
route,CHS->IAD,10,10,0,0.0
route,CHS->IAH,8,8,0,0.0
route,CHS->IND,2,2,0,0.0
route,CHS->JFK,12,12,0,0.0
route,CHS->LGA,4,4,0,0.0
route,CHS->MDW,8,8,0,0.0
route,CHS->MIA,11,11,0,0.0
route,CHS->MSP,3,3,0,0.0
route,CHS->ORD,28,28,0,0.0
route,CHS->PHL,19,19,0,0.0
route,CHS->PIT,2,2,0,0.0
route,CHS->SEA,1,1,0,0.0
route,CHS->STL,1,1,0,0.0
route,CHS->TTN,3,3,0,0.0
route,CID->ATL,5,5,0,0.0
route,CID->AZA,1,1,0,0.0
route,CID->CLT,7,7,0,0.0
route,CID->DEN,12,12,0,0.0
route,CID->DFW,8,8,0,0.0
route,CID->DTW,9,9,0,0.0
route,CID->LAS,1,1,0,0.0
route,CID->MSP,3,3,0,0.0
route,CID->ORD,34,34,0,0.0
route,CID->PIE,1,1,0,0.0
route,CID->SFB,1,1,0,0.0
route,CIU->DTW,3,3,0,0.0
route,CIU->MSP,3,3,0,0.0
route,CKB->IAD,4,4,0,0.0
route,CKB->ORD,6,6,0,0.0
route,CLE->ATL,14,14,0,0.0
route,CLE->AUS,1,1,0,0.0
route,CLE->BNA,10,10,0,0.0
route,CLE->BOS,31,31,0,0.0
route,CLE->BWI,8,8,0,0.0
route,CLE->CLT,23,23,0,0.0
route,CLE->DCA,18,18,0,0.0
route,CLE->DEN,14,14,0,0.0
route,CLE->DFW,20,20,0,0.0
route,CLE->DTW,5,5,0,0.0
route,CLE->EWR,21,21,0,0.0
route,CLE->FLL,6,6,0,0.0
route,CLE->IAD,17,17,0,0.0
route,CLE->IAH,13,13,0,0.0
route,CLE->JAX,1,1,0,0.0
route,CLE->JFK,6,6,0,0.0
route,CLE->LAS,5,5,0,0.0
route,CLE->LAX,6,6,0,0.0
route,CLE->LGA,51,51,0,0.0
route,CLE->MCO,11,11,0,0.0
route,CLE->MDW,13,13,0,0.0
route,CLE->MIA,10,10,0,0.0
route,CLE->MKE,8,8,0,0.0
route,CLE->MSP,9,9,0,0.0
route,CLE->MSY,1,1,0,0.0
route,CLE->MYR,5,5,0,0.0
route,CLE->ORD,45,45,0,0.0
route,CLE->ORF,1,1,0,0.0
route,CLE->PGD,1,1,0,0.0
route,CLE->PHL,11,11,0,0.0
route,CLE->PHX,2,2,0,0.0
route,CLE->PIE,1,1,0,0.0
route,CLE->RDU,7,7,0,0.0
route,CLE->RSW,3,3,0,0.0
route,CLE->SAT,1,1,0,0.0
route,CLE->SAV,2,2,0,0.0
route,CLE->SEA,1,1,0,0.0
route,CLE->SFB,2,2,0,0.0
route,CLE->SFO,8,8,0,0.0
route,CLE->SRQ,2,2,0,0.0
route,CLE->STL,10,10,0,0.0
route,CLE->TPA,3,3,0,0.0
route,CLE->VPS,1,1,0,0.0
route,CLL->DFW,12,12,0,0.0
route,CLL->IAH,7,7,0,0.0
route,CLT->ABE,8,8,0,0.0
route,CLT->AGS,21,21,0,0.0
route,CLT->ALB,9,9,0,0.0
route,CLT->ATL,41,41,0,0.0
route,CLT->AUS,25,25,0,0.0
route,CLT->AVL,19,19,0,0.0
route,CLT->AVP,9,9,0,0.0
route,CLT->BDL,19,19,0,0.0
route,CLT->BGR,1,1,0,0.0
route,CLT->BHM,26,26,0,0.0
route,CLT->BNA,38,38,0,0.0
route,CLT->BOS,33,33,0,0.0
route,CLT->BTR,4,4,0,0.0
route,CLT->BTV,5,5,0,0.0
route,CLT->BUF,13,13,0,0.0
route,CLT->BWI,35,35,0,0.0
route,CLT->CAE,14,14,0,0.0
route,CLT->CAK,13,13,0,0.0
route,CLT->CHA,17,17,0,0.0
route,CLT->CHO,24,24,0,0.0
route,CLT->CHS,17,17,0,0.0
route,CLT->CID,5,5,0,0.0
route,CLT->CLE,27,27,0,0.0
route,CLT->CMH,29,29,0,0.0
route,CLT->CMI,4,4,0,0.0
route,CLT->CRW,20,20,0,0.0
route,CLT->CVG,22,22,0,0.0
route,CLT->DAB,13,13,0,0.0
route,CLT->DAL,1,1,0,0.0
route,CLT->DAY,13,13,0,0.0
route,CLT->DCA,34,34,0,0.0
route,CLT->DEN,28,28,0,0.0
route,CLT->DFW,31,31,0,0.0
route,CLT->DSM,11,11,0,0.0
route,CLT->DTW,22,22,0,0.0
route,CLT->ECP,7,7,0,0.0
route,CLT->ERI,2,2,0,0.0
route,CLT->EVV,5,5,0,0.0
route,CLT->EWN,14,14,0,0.0
route,CLT->EWR,41,41,0,0.0
route,CLT->EYW,2,2,0,0.0
route,CLT->FAY,23,23,0,0.0
route,CLT->FLL,25,25,0,0.0
route,CLT->FLO,11,11,0,0.0
route,CLT->FWA,7,7,0,0.0
route,CLT->GNV,20,20,0,0.0
route,CLT->GPT,6,6,0,0.0
route,CLT->GRR,9,9,0,0.0
route,CLT->GSO,26,26,0,0.0
route,CLT->GSP,26,26,0,0.0
route,CLT->HHH,8,8,0,0.0
route,CLT->HOU,2,2,0,0.0
route,CLT->HPN,9,9,0,0.0
route,CLT->HSV,18,18,0,0.0
route,CLT->HTS,16,16,0,0.0
route,CLT->IAD,39,39,0,0.0
route,CLT->IAH,27,27,0,0.0
route,CLT->ILM,33,33,0,0.0
route,CLT->IND,28,28,0,0.0
route,CLT->ITH,1,1,0,0.0
route,CLT->JAN,10,10,0,0.0
route,CLT->JAX,20,20,0,0.0
route,CLT->JFK,40,40,0,0.0
route,CLT->LAS,24,24,0,0.0
route,CLT->LAX,19,19,0,0.0
route,CLT->LEX,14,14,0,0.0
route,CLT->LGA,35,35,0,0.0
route,CLT->LIT,9,9,0,0.0
route,CLT->LYH,17,17,0,0.0
route,CLT->MCI,17,17,0,0.0
route,CLT->MCO,39,39,0,0.0
route,CLT->MDT,10,10,0,0.0
route,CLT->MDW,6,6,0,0.0
route,CLT->MEM,15,15,0,0.0
route,CLT->MGM,9,9,0,0.0
route,CLT->MHT,9,9,0,0.0
route,CLT->MIA,28,28,0,0.0
route,CLT->MKE,16,16,0,0.0
route,CLT->MLB,5,5,0,0.0
route,CLT->MOB,10,10,0,0.0
route,CLT->MSN,7,7,0,0.0
route,CLT->MSP,16,16,0,0.0
route,CLT->MSY,26,26,0,0.0
route,CLT->MYR,28,28,0,0.0
route,CLT->OAJ,22,22,0,0.0
route,CLT->OKC,7,7,0,0.0
route,CLT->OMA,16,16,0,0.0
route,CLT->ORD,48,48,0,0.0
route,CLT->ORF,33,33,0,0.0
route,CLT->PBI,18,18,0,0.0
route,CLT->PDX,8,8,0,0.0
route,CLT->PGV,11,11,0,0.0
route,CLT->PHF,21,21,0,0.0
route,CLT->PHL,39,39,0,0.0
route,CLT->PHX,25,25,0,0.0
route,CLT->PIA,7,7,0,0.0
route,CLT->PIT,29,29,0,0.0
route,CLT->PNS,18,18,0,0.0
route,CLT->PVD,21,21,0,0.0
route,CLT->PWM,9,9,0,0.0
route,CLT->RAP,1,1,0,0.0
route,CLT->RDU,23,23,0,0.0
route,CLT->RIC,20,20,0,0.0
route,CLT->ROA,17,17,0,0.0
route,CLT->ROC,19,19,0,0.0
route,CLT->RSW,11,11,0,0.0
route,CLT->SAN,10,10,0,0.0
route,CLT->SAT,12,12,0,0.0
route,CLT->SAV,31,31,0,0.0
route,CLT->SBN,7,7,0,0.0
route,CLT->SBY,9,9,0,0.0
route,CLT->SDF,27,27,0,0.0
route,CLT->SEA,12,12,0,0.0
route,CLT->SFO,16,16,0,0.0
route,CLT->SGF,11,11,0,0.0
route,CLT->SHV,3,3,0,0.0
route,CLT->SJC,1,1,0,0.0
route,CLT->SJU,8,8,0,0.0
route,CLT->SLC,5,5,0,0.0
route,CLT->SMF,4,4,0,0.0
route,CLT->SRQ,10,10,0,0.0
route,CLT->STL,17,17,0,0.0
route,CLT->STT,1,1,0,0.0
route,CLT->SYR,12,12,0,0.0
route,CLT->TLH,15,15,0,0.0
route,CLT->TOL,5,5,0,0.0
route,CLT->TPA,23,23,0,0.0
route,CLT->TRI,17,17,0,0.0
route,CLT->TTN,2,2,0,0.0
route,CLT->TUL,6,6,0,0.0
route,CLT->TUS,1,1,0,0.0
route,CLT->TYS,17,17,0,0.0
route,CLT->VPS,14,14,0,0.0
route,CLT->XNA,11,11,0,0.0
route,CMH->ATL,30,30,0,0.0
route,CMH->AUS,1,1,0,0.0
route,CMH->BNA,4,4,0,0.0
route,CMH->BOS,15,15,0,0.0
route,CMH->BWI,9,9,0,0.0
route,CMH->CLT,31,31,0,0.0
route,CMH->DCA,18,18,0,0.0
route,CMH->DEN,11,11,0,0.0
route,CMH->DFW,15,15,0,0.0
route,CMH->DTW,10,10,0,0.0
route,CMH->EWR,28,28,0,0.0
route,CMH->FLL,1,1,0,0.0
route,CMH->HOU,1,1,0,0.0
route,CMH->IAD,14,14,0,0.0
route,CMH->IAH,11,11,0,0.0
route,CMH->JFK,7,7,0,0.0
route,CMH->LAS,7,7,0,0.0
route,CMH->LAX,7,7,0,0.0
route,CMH->LGA,26,26,0,0.0
route,CMH->MCO,12,12,0,0.0
route,CMH->MDW,21,21,0,0.0
route,CMH->MIA,11,11,0,0.0
route,CMH->MSP,8,8,0,0.0
route,CMH->MYR,4,4,0,0.0
route,CMH->OAK,3,3,0,0.0
route,CMH->ORD,47,47,0,0.0
route,CMH->PHL,28,28,0,0.0
route,CMH->PHX,12,12,0,0.0
route,CMH->RDU,7,7,0,0.0
route,CMH->RSW,3,3,0,0.0
route,CMH->SFO,1,1,0,0.0
route,CMH->STL,11,11,0,0.0
route,CMH->TPA,7,7,0,0.0
route,CMI->CLT,1,1,0,0.0
route,CMI->DFW,9,9,0,0.0
route,CMI->ORD,17,17,0,0.0
route,CMX->ORD,3,3,0,0.0
route,CNY->DEN,7,7,0,0.0
route,COD->DEN,10,10,0,0.0
route,COD->SLC,1,1,0,0.0
route,COS->ATL,1,1,0,0.0
route,COS->DEN,34,34,0,0.0
route,COS->DFW,19,19,0,0.0
route,COS->IAD,1,1,0,0.0
route,COS->IAH,14,14,0,0.0
route,COS->LAS,1,1,0,0.0
route,COS->LAX,8,8,0,0.0
route,COS->MCO,2,2,0,0.0
route,COS->ORD,23,23,0,0.0
route,COS->PHX,4,4,0,0.0
route,COS->SAT,2,2,0,0.0
route,COS->SEA,2,2,0,0.0
route,COS->SLC,6,6,0,0.0
route,COU->DEN,5,5,0,0.0
route,COU->DFW,6,6,0,0.0
route,COU->ORD,17,17,0,0.0
route,CPR->DEN,16,16,0,0.0
route,CPR->SLC,1,1,0,0.0
route,CRP->DFW,21,21,0,0.0
route,CRP->HOU,5,5,0,0.0
route,CRP->IAH,18,18,0,0.0
route,CRW->ATL,6,6,0,0.0
route,CRW->CLT,16,16,0,0.0
route,CRW->DCA,4,4,0,0.0
route,CRW->IAD,3,3,0,0.0
route,CRW->IAH,2,2,0,0.0
route,CRW->MYR,1,1,0,0.0
route,CRW->ORD,11,11,0,0.0
route,CRW->PHL,4,4,0,0.0
route,CSG->ATL,5,5,0,0.0
route,CVG->ATL,11,11,0,0.0
route,CVG->AUS,5,5,0,0.0
route,CVG->BDL,2,2,0,0.0
route,CVG->BOS,3,3,0,0.0
route,CVG->BWI,9,9,0,0.0
route,CVG->CHS,2,2,0,0.0
route,CVG->CLT,34,34,0,0.0
route,CVG->DCA,9,9,0,0.0
route,CVG->DEN,9,9,0,0.0
route,CVG->DFW,16,16,0,0.0
route,CVG->DTW,7,7,0,0.0
route,CVG->EWR,30,30,0,0.0
route,CVG->FLL,5,5,0,0.0
route,CVG->IAD,11,11,0,0.0
route,CVG->IAH,9,9,0,0.0
route,CVG->JAX,3,3,0,0.0
route,CVG->JFK,6,6,0,0.0
route,CVG->LAS,5,5,0,0.0
route,CVG->LAX,3,3,0,0.0
route,CVG->LGA,14,14,0,0.0
route,CVG->MCI,4,4,0,0.0
route,CVG->MCO,10,10,0,0.0
route,CVG->MDW,18,18,0,0.0
route,CVG->MIA,13,13,0,0.0
route,CVG->MSP,7,7,0,0.0
route,CVG->MSY,1,1,0,0.0
route,CVG->ORD,58,58,0,0.0
route,CVG->PGD,6,6,0,0.0
route,CVG->PHL,29,29,0,0.0
route,CVG->PHX,1,1,0,0.0
route,CVG->PIE,3,3,0,0.0
route,CVG->RDU,3,3,0,0.0
route,CVG->RSW,4,4,0,0.0
route,CVG->SAN,1,1,0,0.0
route,CVG->SAV,4,4,0,0.0
route,CVG->SFB,4,4,0,0.0
route,CVG->SFO,6,6,0,0.0
route,CVG->SLC,1,1,0,0.0
route,CVG->SRQ,2,2,0,0.0
route,CVG->STL,3,3,0,0.0
route,CVG->TPA,3,3,0,0.0
route,CVG->VPS,2,2,0,0.0
route,CWA->DTW,3,3,0,0.0
route,CWA->MSP,7,7,0,0.0
route,CWA->ORD,14,14,0,0.0
route,CYS->DFW,2,2,0,0.0
route,DAB->ATL,4,4,0,0.0
route,DAB->CLT,13,13,0,0.0
route,DAL->ABQ,18,18,0,0.0
route,DAL->AMA,9,9,0,0.0
route,DAL->ATL,21,21,0,0.0
route,DAL->AUS,35,35,0,0.0
route,DAL->BHM,6,6,0,0.0
route,DAL->BNA,13,13,0,0.0
route,DAL->BOS,1,1,0,0.0
route,DAL->BUR,6,6,0,0.0
route,DAL->BWI,19,19,0,0.0
route,DAL->CLT,4,4,0,0.0
route,DAL->CMH,6,6,0,0.0
route,DAL->DCA,14,14,0,0.0
route,DAL->DEN,31,31,0,0.0
route,DAL->DTW,5,5,0,0.0
route,DAL->ECP,4,4,0,0.0
route,DAL->ELP,13,13,0,0.0
route,DAL->FLL,9,9,0,0.0
route,DAL->HOU,69,69,0,0.0
route,DAL->IND,6,6,0,0.0
route,DAL->JAX,2,2,0,0.0
route,DAL->LAS,9,9,0,0.0
route,DAL->LAX,20,20,0,0.0
route,DAL->LBB,15,15,0,0.0
route,DAL->LGA,17,17,0,0.0
route,DAL->LIT,13,13,0,0.0
route,DAL->MAF,12,12,0,0.0
route,DAL->MCI,10,10,0,0.0
route,DAL->MCO,14,14,0,0.0
route,DAL->MDW,30,30,0,0.0
route,DAL->MEM,8,8,0,0.0
route,DAL->MKE,2,2,0,0.0
route,DAL->MSP,1,1,0,0.0
route,DAL->MSY,23,23,0,0.0
route,DAL->OAK,3,3,0,0.0
route,DAL->OKC,11,11,0,0.0
route,DAL->OMA,4,4,0,0.0
route,DAL->ONT,5,5,0,0.0
route,DAL->PDX,4,4,0,0.0
route,DAL->PHL,4,4,0,0.0
route,DAL->PHX,18,18,0,0.0
route,DAL->PNS,1,1,0,0.0
route,DAL->RDU,1,1,0,0.0
route,DAL->SAN,9,9,0,0.0
route,DAL->SAT,41,41,0,0.0
route,DAL->SDF,1,1,0,0.0
route,DAL->SEA,3,3,0,0.0
route,DAL->SFO,9,9,0,0.0
route,DAL->SJC,12,12,0,0.0
route,DAL->SLC,3,3,0,0.0
route,DAL->SMF,2,2,0,0.0
route,DAL->SNA,2,2,0,0.0
route,DAL->STL,19,19,0,0.0
route,DAL->TPA,5,5,0,0.0
route,DAL->TUL,14,14,0,0.0
route,DAY->ATL,8,8,0,0.0
route,DAY->CLT,19,19,0,0.0
route,DAY->DCA,16,16,0,0.0
route,DAY->DEN,9,9,0,0.0
route,DAY->DFW,14,14,0,0.0
route,DAY->DTW,5,5,0,0.0
route,DAY->EWR,7,7,0,0.0
route,DAY->IAD,5,5,0,0.0
route,DAY->IAH,6,6,0,0.0
route,DAY->LGA,13,13,0,0.0
route,DAY->MSP,4,4,0,0.0
route,DAY->ORD,37,37,0,0.0
route,DAY->PGD,1,1,0,0.0
route,DAY->PHL,21,21,0,0.0
route,DAY->PIE,2,2,0,0.0
route,DBQ->ORD,9,9,0,0.0
route,DCA->ACK,8,8,0,0.0
route,DCA->ALB,17,17,0,0.0
route,DCA->ATL,48,48,0,0.0
route,DCA->AUS,1,1,0,0.0
route,DCA->BDL,23,23,0,0.0
route,DCA->BGR,7,7,0,0.0
route,DCA->BHM,5,5,0,0.0
route,DCA->BNA,30,30,0,0.0
route,DCA->BOS,89,89,0,0.0
route,DCA->BTV,9,9,0,0.0
route,DCA->BUF,9,9,0,0.0
route,DCA->CAE,11,11,0,0.0
route,DCA->CAK,4,4,0,0.0
route,DCA->CHA,2,2,0,0.0
route,DCA->CHS,23,23,0,0.0
route,DCA->CLE,26,26,0,0.0
route,DCA->CLT,28,28,0,0.0
route,DCA->CMH,23,23,0,0.0
route,DCA->CRW,9,9,0,0.0
route,DCA->CVG,15,15,0,0.0
route,DCA->DAL,18,18,0,0.0
route,DCA->DAY,14,14,0,0.0
route,DCA->DEN,21,21,0,0.0
route,DCA->DFW,30,30,0,0.0
route,DCA->DSM,3,3,0,0.0
route,DCA->DTW,15,15,0,0.0
route,DCA->EWR,21,21,0,0.0
route,DCA->FLL,30,30,0,0.0
route,DCA->GRR,2,2,0,0.0
route,DCA->GSO,10,10,0,0.0
route,DCA->GSP,10,10,0,0.0
route,DCA->HOU,10,10,0,0.0
route,DCA->HPN,15,15,0,0.0
route,DCA->HSV,7,7,0,0.0
route,DCA->IAH,25,25,0,0.0
route,DCA->ILM,2,2,0,0.0
route,DCA->IND,19,19,0,0.0
route,DCA->JAN,4,4,0,0.0
route,DCA->JAX,12,12,0,0.0
route,DCA->JFK,18,18,0,0.0
route,DCA->LAN,3,3,0,0.0
route,DCA->LAS,3,3,0,0.0
route,DCA->LAX,10,10,0,0.0
route,DCA->LEX,1,1,0,0.0
route,DCA->LGA,43,43,0,0.0
route,DCA->LIT,3,3,0,0.0
route,DCA->MCI,15,15,0,0.0
route,DCA->MCO,32,32,0,0.0
route,DCA->MDW,15,15,0,0.0
route,DCA->MEM,10,10,0,0.0
route,DCA->MGM,4,4,0,0.0
route,DCA->MHT,12,12,0,0.0
route,DCA->MIA,33,33,0,0.0
route,DCA->MKE,5,5,0,0.0
route,DCA->MSN,1,1,0,0.0
route,DCA->MSP,15,15,0,0.0
route,DCA->MSY,18,18,0,0.0
route,DCA->MVY,7,7,0,0.0
route,DCA->MYR,1,1,0,0.0
route,DCA->OKC,3,3,0,0.0
route,DCA->OMA,3,3,0,0.0
route,DCA->ORD,71,71,0,0.0
route,DCA->ORF,11,11,0,0.0
route,DCA->PBI,7,7,0,0.0
route,DCA->PHL,9,9,0,0.0
route,DCA->PHX,9,9,0,0.0
route,DCA->PIT,10,10,0,0.0
route,DCA->PNS,5,5,0,0.0
route,DCA->PVD,36,36,0,0.0
route,DCA->PWM,9,9,0,0.0
route,DCA->RDU,25,25,0,0.0
route,DCA->ROC,7,7,0,0.0
route,DCA->RSW,4,4,0,0.0
route,DCA->SAV,6,6,0,0.0
route,DCA->SDF,17,17,0,0.0
route,DCA->SEA,4,4,0,0.0
route,DCA->SFO,2,2,0,0.0
route,DCA->SJU,3,3,0,0.0
route,DCA->SLC,2,2,0,0.0
route,DCA->SRQ,4,4,0,0.0
route,DCA->STL,15,15,0,0.0
route,DCA->SYR,9,9,0,0.0
route,DCA->TLH,4,4,0,0.0
route,DCA->TPA,24,24,0,0.0
route,DCA->TYS,7,7,0,0.0
route,DCA->VPS,4,4,0,0.0
route,DCA->XNA,5,5,0,0.0
route,DEN->ABQ,26,26,0,0.0
route,DEN->ACV,2,2,0,0.0
route,DEN->ALB,1,1,0,0.0
route,DEN->AMA,6,6,0,0.0
route,DEN->ANC,9,9,0,0.0
route,DEN->ASE,28,28,0,0.0
route,DEN->ATL,38,38,0,0.0
route,DEN->ATW,2,2,0,0.0
route,DEN->AUS,37,37,0,0.0
route,DEN->BDL,8,8,0,0.0
route,DEN->BFF,7,7,0,0.0
route,DEN->BFL,9,9,0,0.0
route,DEN->BFM,1,1,0,0.0
route,DEN->BHM,10,10,0,0.0
route,DEN->BIL,10,10,0,0.0
route,DEN->BIS,14,14,0,0.0
route,DEN->BKG,2,2,0,0.0
route,DEN->BNA,33,33,0,0.0
route,DEN->BOI,29,29,0,0.0
route,DEN->BOS,32,32,0,0.0
route,DEN->BUF,3,3,0,0.0
route,DEN->BUR,13,13,0,0.0
route,DEN->BWI,34,34,0,0.0
route,DEN->BZN,13,13,0,0.0
route,DEN->CHS,5,5,0,0.0
route,DEN->CID,12,12,0,0.0
route,DEN->CLE,18,18,0,0.0
route,DEN->CLT,25,25,0,0.0
route,DEN->CMH,13,13,0,0.0
route,DEN->CNY,6,6,0,0.0
route,DEN->COD,11,11,0,0.0
route,DEN->COS,37,37,0,0.0
route,DEN->COU,4,4,0,0.0
route,DEN->CPR,18,18,0,0.0
route,DEN->CVG,18,18,0,0.0
route,DEN->DAL,29,29,0,0.0
route,DEN->DAY,3,3,0,0.0
route,DEN->DCA,23,23,0,0.0
route,DEN->DFW,54,54,0,0.0
route,DEN->DIK,5,5,0,0.0
route,DEN->DRO,22,22,0,0.0
route,DEN->DSM,18,18,0,0.0
route,DEN->DTW,23,23,0,0.0
route,DEN->EAR,4,4,0,0.0
route,DEN->EGE,2,2,0,0.0
route,DEN->ELP,15,15,0,0.0
route,DEN->EUG,13,13,0,0.0
route,DEN->EWR,39,39,0,0.0
route,DEN->FAR,3,3,0,0.0
route,DEN->FAT,11,11,0,0.0
route,DEN->FCA,14,14,0,0.0
route,DEN->FLG,2,2,0,0.0
route,DEN->FLL,9,9,0,0.0
route,DEN->FSD,16,16,0,0.0
route,DEN->GCC,8,8,0,0.0
route,DEN->GEG,20,20,0,0.0
route,DEN->GJT,23,23,0,0.0
route,DEN->GRB,1,1,0,0.0
route,DEN->GRR,12,12,0,0.0
route,DEN->GSP,3,3,0,0.0
route,DEN->GTF,9,9,0,0.0
route,DEN->GUC,9,9,0,0.0
route,DEN->HDN,11,11,0,0.0
route,DEN->HLN,5,5,0,0.0
route,DEN->HNL,3,3,0,0.0
route,DEN->HOU,21,21,0,0.0
route,DEN->HSV,5,5,0,0.0
route,DEN->HYS,9,9,0,0.0
route,DEN->IAD,44,44,0,0.0
route,DEN->IAH,38,38,0,0.0
route,DEN->ICT,7,7,0,0.0
route,DEN->IDA,9,9,0,0.0
route,DEN->IND,29,29,0,0.0
route,DEN->ISN,14,14,0,0.0
route,DEN->JAC,19,19,0,0.0
route,DEN->JAX,8,8,0,0.0
route,DEN->JFK,13,13,0,0.0
route,DEN->JMS,6,6,0,0.0
route,DEN->KOA,5,5,0,0.0
route,DEN->LAR,7,7,0,0.0
route,DEN->LAS,68,68,0,0.0
route,DEN->LAX,72,72,0,0.0
route,DEN->LBB,5,5,0,0.0
route,DEN->LBF,6,6,0,0.0
route,DEN->LBL,1,1,0,0.0
route,DEN->LGA,41,41,0,0.0
route,DEN->LGB,4,4,0,0.0
route,DEN->LIH,5,5,0,0.0
route,DEN->LIT,12,12,0,0.0
route,DEN->LNK,11,11,0,0.0
route,DEN->MAF,13,13,0,0.0
route,DEN->MCI,41,41,0,0.0
route,DEN->MCO,39,39,0,0.0
route,DEN->MDW,25,25,0,0.0
route,DEN->MEM,13,13,0,0.0
route,DEN->MFR,11,11,0,0.0
route,DEN->MIA,15,15,0,0.0
route,DEN->MKE,21,21,0,0.0
route,DEN->MLI,7,7,0,0.0
route,DEN->MOT,13,13,0,0.0
route,DEN->MRY,1,1,0,0.0
route,DEN->MSN,7,7,0,0.0
route,DEN->MSO,20,20,0,0.0
route,DEN->MSP,50,50,0,0.0
route,DEN->MSY,25,25,0,0.0
route,DEN->MTJ,17,17,0,0.0
route,DEN->OAK,13,13,0,0.0
route,DEN->OGG,3,3,0,0.0
route,DEN->OKC,32,32,0,0.0
route,DEN->OMA,29,29,0,0.0
route,DEN->ONT,16,16,0,0.0
route,DEN->ORD,67,67,0,0.0
route,DEN->ORF,8,8,0,0.0
route,DEN->PAE,2,2,0,0.0
route,DEN->PDX,38,38,0,0.0
route,DEN->PHL,40,40,0,0.0
route,DEN->PHX,64,64,0,0.0
route,DEN->PIR,4,4,0,0.0
route,DEN->PIT,13,13,0,0.0
route,DEN->PRC,4,4,0,0.0
route,DEN->PSC,9,9,0,0.0
route,DEN->PSP,9,9,0,0.0
route,DEN->PUB,7,7,0,0.0
route,DEN->PWM,2,2,0,0.0
route,DEN->RAP,19,19,0,0.0
route,DEN->RDM,13,13,0,0.0
route,DEN->RDU,11,11,0,0.0
route,DEN->RIC,4,4,0,0.0
route,DEN->RKS,5,5,0,0.0
route,DEN->RNO,9,9,0,0.0
route,DEN->RSW,3,3,0,0.0
route,DEN->SAF,9,9,0,0.0
route,DEN->SAN,38,38,0,0.0
route,DEN->SAT,24,24,0,0.0
route,DEN->SBA,16,16,0,0.0
route,DEN->SBP,4,4,0,0.0
route,DEN->SDF,12,12,0,0.0
route,DEN->SEA,46,46,0,0.0
route,DEN->SFO,60,60,0,0.0
route,DEN->SGF,11,11,0,0.0
route,DEN->SGU,8,8,0,0.0
route,DEN->SHV,4,4,0,0.0
route,DEN->SJC,34,34,0,0.0
route,DEN->SLC,54,54,0,0.0
route,DEN->SMF,26,26,0,0.0
route,DEN->SNA,40,40,0,0.0
route,DEN->STL,38,38,0,0.0
route,DEN->SUN,4,4,0,0.0
route,DEN->SYR,2,2,0,0.0
route,DEN->TPA,22,22,0,0.0
route,DEN->TUL,24,24,0,0.0
route,DEN->TUS,14,14,0,0.0
route,DEN->TVC,1,1,0,0.0
route,DEN->TYS,9,9,0,0.0
route,DEN->VEL,6,6,0,0.0
route,DEN->XNA,4,4,0,0.0
route,DFW->ABI,17,17,0,0.0
route,DFW->ABQ,24,24,0,0.0
route,DFW->ACT,15,15,0,0.0
route,DFW->AEX,8,8,0,0.0
route,DFW->AGS,2,2,0,0.0
route,DFW->AMA,23,23,0,0.0
route,DFW->ANC,2,2,0,0.0
route,DFW->ASE,4,4,0,0.0
route,DFW->ATL,51,51,0,0.0
route,DFW->AUS,28,28,0,0.0
route,DFW->AVL,3,3,0,0.0
route,DFW->BDL,4,4,0,0.0
route,DFW->BFL,1,1,0,0.0
route,DFW->BHM,10,10,0,0.0
route,DFW->BIL,4,4,0,0.0
route,DFW->BIS,8,8,0,0.0
route,DFW->BKG,1,1,0,0.0
route,DFW->BMI,5,5,0,0.0
route,DFW->BNA,26,26,0,0.0
route,DFW->BOI,7,7,0,0.0
route,DFW->BOS,35,35,0,0.0
route,DFW->BPT,13,13,0,0.0
route,DFW->BRO,12,12,0,0.0
route,DFW->BTR,25,25,0,0.0
route,DFW->BUF,1,1,0,0.0
route,DFW->BUR,5,5,0,0.0
route,DFW->BWI,15,15,0,0.0
route,DFW->BZN,3,3,0,0.0
route,DFW->CAE,6,6,0,0.0
route,DFW->CHA,9,9,0,0.0
route,DFW->CHS,15,15,0,0.0
route,DFW->CID,9,9,0,0.0
route,DFW->CLE,18,18,0,0.0
route,DFW->CLL,11,11,0,0.0
route,DFW->CLT,33,33,0,0.0
route,DFW->CMH,10,10,0,0.0
route,DFW->CMI,7,7,0,0.0
route,DFW->COS,19,19,0,0.0
route,DFW->COU,8,8,0,0.0
route,DFW->CRP,15,15,0,0.0
route,DFW->CVG,24,24,0,0.0
route,DFW->CYS,1,1,0,0.0
route,DFW->DAY,8,8,0,0.0
route,DFW->DCA,27,27,0,0.0
route,DFW->DEN,60,60,0,0.0
route,DFW->DRO,14,14,0,0.0
route,DFW->DRT,1,1,0,0.0
route,DFW->DSM,15,15,0,0.0
route,DFW->DTW,24,24,0,0.0
route,DFW->ECP,7,7,0,0.0
route,DFW->EGE,5,5,0,0.0
route,DFW->ELP,36,36,0,0.0
route,DFW->EVV,6,6,0,0.0
route,DFW->EWR,34,34,0,0.0
route,DFW->EYW,6,6,0,0.0
route,DFW->FAR,6,6,0,0.0
route,DFW->FAT,10,10,0,0.0
route,DFW->FLG,2,2,0,0.0
route,DFW->FLL,33,33,0,0.0
route,DFW->FSD,2,2,0,0.0
route,DFW->FSM,11,11,0,0.0
route,DFW->FWA,12,12,0,0.0
route,DFW->GCK,4,4,0,0.0
route,DFW->GEG,4,4,0,0.0
route,DFW->GGG,14,14,0,0.0
route,DFW->GJT,13,13,0,0.0
route,DFW->GNV,1,1,0,0.0
route,DFW->GPT,10,10,0,0.0
route,DFW->GRI,7,7,0,0.0
route,DFW->GRK,21,21,0,0.0
route,DFW->GRR,7,7,0,0.0
route,DFW->GSO,7,7,0,0.0
route,DFW->GSP,4,4,0,0.0
route,DFW->HNL,7,7,0,0.0
route,DFW->HOU,29,29,0,0.0
route,DFW->HRL,5,5,0,0.0
route,DFW->HSV,17,17,0,0.0
route,DFW->IAD,30,30,0,0.0
route,DFW->IAH,69,69,0,0.0
route,DFW->ICT,18,18,0,0.0
route,DFW->ILM,3,3,0,0.0
route,DFW->IND,13,13,0,0.0
route,DFW->JAC,7,7,0,0.0
route,DFW->JAN,21,21,0,0.0
route,DFW->JAX,17,17,0,0.0
route,DFW->JFK,15,15,0,0.0
route,DFW->JLN,8,8,0,0.0
route,DFW->LAS,52,52,0,0.0
route,DFW->LAW,9,9,0,0.0
route,DFW->LAX,68,68,0,0.0
route,DFW->LBB,26,26,0,0.0
route,DFW->LCH,16,16,0,0.0
route,DFW->LEX,7,7,0,0.0
route,DFW->LFT,11,11,0,0.0
route,DFW->LGA,52,52,0,0.0
route,DFW->LIT,26,26,0,0.0
route,DFW->LRD,13,13,0,0.0
route,DFW->MAF,23,23,0,0.0
route,DFW->MCI,30,30,0,0.0
route,DFW->MCO,35,35,0,0.0
route,DFW->MDT,3,3,0,0.0
route,DFW->MEI,2,2,0,0.0
route,DFW->MEM,33,33,0,0.0
route,DFW->MFE,26,26,0,0.0
route,DFW->MGM,11,11,0,0.0
route,DFW->MHK,15,15,0,0.0
route,DFW->MIA,40,40,0,0.0
route,DFW->MKE,14,14,0,0.0
route,DFW->MLI,6,6,0,0.0
route,DFW->MLU,10,10,0,0.0
route,DFW->MOB,8,8,0,0.0
route,DFW->MRY,1,1,0,0.0
route,DFW->MSN,8,8,0,0.0
route,DFW->MSO,2,2,0,0.0
route,DFW->MSP,22,22,0,0.0
route,DFW->MSY,23,23,0,0.0
route,DFW->MTJ,6,6,0,0.0
route,DFW->MYR,2,2,0,0.0
route,DFW->OAK,6,6,0,0.0
route,DFW->OGG,5,5,0,0.0
route,DFW->OKC,32,32,0,0.0
route,DFW->OMA,10,10,0,0.0
route,DFW->ONT,18,18,0,0.0
route,DFW->ORD,67,67,0,0.0
route,DFW->ORF,9,9,0,0.0
route,DFW->PBI,6,6,0,0.0
route,DFW->PDX,16,16,0,0.0
route,DFW->PHL,39,39,0,0.0
route,DFW->PHX,29,29,0,0.0
route,DFW->PIA,12,12,0,0.0
route,DFW->PIB,2,2,0,0.0
route,DFW->PIT,18,18,0,0.0
route,DFW->PNS,14,14,0,0.0
route,DFW->PSP,5,5,0,0.0
route,DFW->RAP,3,3,0,0.0
route,DFW->RDU,18,18,0,0.0
route,DFW->RIC,7,7,0,0.0
route,DFW->RNO,8,8,0,0.0
route,DFW->ROW,11,11,0,0.0
route,DFW->RSW,8,8,0,0.0
route,DFW->SAF,9,9,0,0.0
route,DFW->SAN,28,28,0,0.0
route,DFW->SAT,35,35,0,0.0
route,DFW->SAV,6,6,0,0.0
route,DFW->SBA,3,3,0,0.0
route,DFW->SBN,9,9,0,0.0
route,DFW->SBP,2,2,0,0.0
route,DFW->SDF,23,23,0,0.0
route,DFW->SEA,41,41,0,0.0
route,DFW->SFO,32,32,0,0.0
route,DFW->SGF,23,23,0,0.0
route,DFW->SHV,19,19,0,0.0
route,DFW->SJC,8,8,0,0.0
route,DFW->SJT,19,19,0,0.0
route,DFW->SJU,13,13,0,0.0
route,DFW->SLC,23,23,0,0.0
route,DFW->SMF,13,13,0,0.0
route,DFW->SNA,28,28,0,0.0
route,DFW->SPI,7,7,0,0.0
route,DFW->SPS,15,15,0,0.0
route,DFW->STL,27,27,0,0.0
route,DFW->STS,1,1,0,0.0
route,DFW->SUX,2,2,0,0.0
route,DFW->SWO,10,10,0,0.0
route,DFW->TLH,10,10,0,0.0
route,DFW->TPA,25,25,0,0.0
route,DFW->TUL,22,22,0,0.0
route,DFW->TUS,20,20,0,0.0
route,DFW->TVC,6,6,0,0.0
route,DFW->TXK,12,12,0,0.0
route,DFW->TYR,14,14,0,0.0
route,DFW->TYS,10,10,0,0.0
route,DFW->VPS,19,19,0,0.0
route,DFW->XNA,24,24,0,0.0
route,DFW->YUM,2,2,0,0.0
route,DHN->ATL,6,6,0,0.0
route,DIK->DEN,5,5,0,0.0
route,DLG->ANC,2,2,0,0.0
route,DLH->MSP,5,5,0,0.0
route,DLH->ORD,12,12,0,0.0
route,DRO->DEN,24,24,0,0.0
route,DRO->DFW,13,13,0,0.0
route,DRO->LAX,3,3,0,0.0
route,DRO->PHX,7,7,0,0.0
route,DRT->DFW,2,2,0,0.0
route,DSM->ATL,3,3,0,0.0
route,DSM->CLT,17,17,0,0.0
route,DSM->DCA,2,2,0,0.0
route,DSM->DEN,19,19,0,0.0
route,DSM->DFW,7,7,0,0.0
route,DSM->DTW,7,7,0,0.0
route,DSM->EWR,1,1,0,0.0
route,DSM->IAH,5,5,0,0.0
route,DSM->LAS,5,5,0,0.0
route,DSM->LGA,1,1,0,0.0
route,DSM->MCO,2,2,0,0.0
route,DSM->MSP,4,4,0,0.0
route,DSM->ORD,23,23,0,0.0
route,DSM->PHL,9,9,0,0.0
route,DSM->PHX,7,7,0,0.0
route,DSM->PIE,2,2,0,0.0
route,DSM->SFB,1,1,0,0.0
route,DSM->SFO,2,2,0,0.0
route,DSM->SLC,2,2,0,0.0
route,DSM->STL,10,10,0,0.0
route,DTW->ABE,1,1,0,0.0
route,DTW->ALB,2,2,0,0.0
route,DTW->APN,2,2,0,0.0
route,DTW->ATL,26,26,0,0.0
route,DTW->ATW,1,1,0,0.0
route,DTW->AUS,10,10,0,0.0
route,DTW->AVL,1,1,0,0.0
route,DTW->AVP,2,2,0,0.0
route,DTW->AZO,1,1,0,0.0
route,DTW->BDL,5,5,0,0.0
route,DTW->BGM,5,5,0,0.0
route,DTW->BHM,4,4,0,0.0
route,DTW->BNA,17,17,0,0.0
route,DTW->BOS,20,20,0,0.0
route,DTW->BTV,2,2,0,0.0
route,DTW->BUF,5,5,0,0.0
route,DTW->BWI,21,21,0,0.0
route,DTW->CHA,3,3,0,0.0
route,DTW->CHS,7,7,0,0.0
route,DTW->CID,12,12,0,0.0
route,DTW->CIU,2,2,0,0.0
route,DTW->CLE,9,9,0,0.0
route,DTW->CLT,33,33,0,0.0
route,DTW->CMH,6,6,0,0.0
route,DTW->CVG,5,5,0,0.0
route,DTW->CWA,1,1,0,0.0
route,DTW->DAL,7,7,0,0.0
route,DTW->DAY,2,2,0,0.0
route,DTW->DCA,12,12,0,0.0
route,DTW->DEN,28,28,0,0.0
route,DTW->DFW,32,32,0,0.0
route,DTW->DSM,3,3,0,0.0
route,DTW->ELM,6,6,0,0.0
route,DTW->ERI,3,3,0,0.0
route,DTW->ESC,3,3,0,0.0
route,DTW->EVV,7,7,0,0.0
route,DTW->EWR,35,35,0,0.0
route,DTW->FLL,14,14,0,0.0
route,DTW->FWA,5,5,0,0.0
route,DTW->GRB,7,7,0,0.0
route,DTW->GRR,7,7,0,0.0
route,DTW->GSO,5,5,0,0.0
route,DTW->GSP,3,3,0,0.0
route,DTW->HNL,1,1,0,0.0
route,DTW->HPN,4,4,0,0.0
route,DTW->HSV,2,2,0,0.0
route,DTW->IAD,12,12,0,0.0
route,DTW->IAH,23,23,0,0.0
route,DTW->IMT,3,3,0,0.0
route,DTW->IND,11,11,0,0.0
route,DTW->ITH,3,3,0,0.0
route,DTW->JAX,2,2,0,0.0
route,DTW->JFK,9,9,0,0.0
route,DTW->LAN,6,6,0,0.0
route,DTW->LAS,19,19,0,0.0
route,DTW->LAX,15,15,0,0.0
route,DTW->LEX,7,7,0,0.0
route,DTW->LGA,31,31,0,0.0
route,DTW->LIT,1,1,0,0.0
route,DTW->LSE,2,2,0,0.0
route,DTW->MBS,2,2,0,0.0
route,DTW->MCI,10,10,0,0.0
route,DTW->MCO,31,31,0,0.0
route,DTW->MDT,4,4,0,0.0
route,DTW->MDW,17,17,0,0.0
route,DTW->MEM,1,1,0,0.0
route,DTW->MHT,6,6,0,0.0
route,DTW->MIA,8,8,0,0.0
route,DTW->MKE,4,4,0,0.0
route,DTW->MLI,2,2,0,0.0
route,DTW->MQT,3,3,0,0.0
route,DTW->MSN,6,6,0,0.0
route,DTW->MSP,20,20,0,0.0
route,DTW->MSY,4,4,0,0.0
route,DTW->MYR,7,7,0,0.0
route,DTW->OAK,1,1,0,0.0
route,DTW->OKC,4,4,0,0.0
route,DTW->OMA,4,4,0,0.0
route,DTW->ORD,64,64,0,0.0
route,DTW->ORF,9,9,0,0.0
route,DTW->ORH,1,1,0,0.0
route,DTW->PBI,1,1,0,0.0
route,DTW->PDX,4,4,0,0.0
route,DTW->PHL,36,36,0,0.0
route,DTW->PHX,15,15,0,0.0
route,DTW->PIT,8,8,0,0.0
route,DTW->PLN,5,5,0,0.0
route,DTW->PVD,2,2,0,0.0
route,DTW->PWM,2,2,0,0.0
route,DTW->RDU,8,8,0,0.0
route,DTW->RIC,8,8,0,0.0
route,DTW->RSW,6,6,0,0.0
route,DTW->SAN,5,5,0,0.0
route,DTW->SAT,6,6,0,0.0
route,DTW->SBN,5,5,0,0.0
route,DTW->SCE,1,1,0,0.0
route,DTW->SDF,7,7,0,0.0
route,DTW->SEA,23,23,0,0.0
route,DTW->SFO,5,5,0,0.0
route,DTW->SJC,1,1,0,0.0
route,DTW->SLC,5,5,0,0.0
route,DTW->SNA,2,2,0,0.0
route,DTW->STL,18,18,0,0.0
route,DTW->SWF,3,3,0,0.0
route,DTW->SYR,2,2,0,0.0
route,DTW->TPA,6,6,0,0.0
route,DTW->TTN,1,1,0,0.0
route,DTW->TVC,10,10,0,0.0
route,DTW->TYS,7,7,0,0.0
route,DUT->ANC,2,2,0,0.0
route,DVL->DEN,2,2,0,0.0
route,DVL->JMS,1,1,0,0.0
route,EAR->DEN,5,5,0,0.0
route,EAT->SEA,2,2,0,0.0
route,EAU->ORD,8,8,0,0.0
route,ECP->ATL,4,4,0,0.0
route,ECP->AUS,1,1,0,0.0
route,ECP->BNA,9,9,0,0.0
route,ECP->CLT,6,6,0,0.0
route,ECP->DAL,5,5,0,0.0
route,ECP->DFW,6,6,0,0.0
route,ECP->HOU,3,3,0,0.0
route,ECP->IAH,7,7,0,0.0
route,ECP->ORD,2,2,0,0.0
route,ECP->STL,4,4,0,0.0
route,EGE->DEN,3,3,0,0.0
route,EGE->DFW,1,1,0,0.0
route,EKO->SLC,2,2,0,0.0
route,ELM->DTW,8,8,0,0.0
route,ELM->EWR,7,7,0,0.0
route,ELM->IAD,1,1,0,0.0
route,ELP->ATL,3,3,0,0.0
route,ELP->AUS,6,6,0,0.0
route,ELP->DAL,10,10,0,0.0
route,ELP->DEN,13,13,0,0.0
route,ELP->DFW,35,35,0,0.0
route,ELP->HOU,12,12,0,0.0
route,ELP->IAH,19,19,0,0.0
route,ELP->LAS,8,8,0,0.0
route,ELP->LAX,7,7,0,0.0
route,ELP->ORD,18,18,0,0.0
route,ELP->PHX,28,28,0,0.0
route,ELP->SAN,2,2,0,0.0
route,ELP->SAT,4,4,0,0.0
route,ELP->SEA,1,1,0,0.0
route,ERI->CLT,1,1,0,0.0
route,ERI->DTW,1,1,0,0.0
route,ERI->ORD,8,8,0,0.0
route,ERI->PHL,2,2,0,0.0
route,ESC->DTW,3,3,0,0.0
route,EUG->AZA,1,1,0,0.0
route,EUG->DEN,7,7,0,0.0
route,EUG->LAS,3,3,0,0.0
route,EUG->LAX,13,13,0,0.0
route,EUG->OAK,1,1,0,0.0
route,EUG->ORD,2,2,0,0.0
route,EUG->PDX,1,1,0,0.0
route,EUG->PHX,1,1,0,0.0
route,EUG->SAN,1,1,0,0.0
route,EUG->SEA,12,12,0,0.0
route,EUG->SFO,15,15,0,0.0
route,EUG->SLC,2,2,0,0.0
route,EVV->ATL,5,5,0,0.0
route,EVV->CLT,5,5,0,0.0
route,EVV->DFW,8,8,0,0.0
route,EVV->DTW,3,3,0,0.0
route,EVV->ORD,17,17,0,0.0
route,EWN->ATL,4,4,0,0.0
route,EWN->CLT,20,20,0,0.0
route,EWR->ACK,9,9,0,0.0
route,EWR->ALB,20,20,0,0.0
route,EWR->ANC,1,1,0,0.0
route,EWR->ATL,51,51,0,0.0
route,EWR->AUS,19,19,0,0.0
route,EWR->AVL,6,6,0,0.0
route,EWR->AVP,8,8,0,0.0
route,EWR->BDL,7,7,0,0.0
route,EWR->BGR,7,7,0,0.0
route,EWR->BNA,26,26,0,0.0
route,EWR->BOS,56,56,0,0.0
route,EWR->BQN,1,1,0,0.0
route,EWR->BTV,16,16,0,0.0
route,EWR->BUF,28,28,0,0.0
route,EWR->BWI,11,11,0,0.0
route,EWR->BZN,5,5,0,0.0
route,EWR->CAK,6,6,0,0.0
route,EWR->CHA,5,5,0,0.0
route,EWR->CHS,19,19,0,0.0
route,EWR->CLE,27,27,0,0.0
route,EWR->CLT,33,33,0,0.0
route,EWR->CMH,25,25,0,0.0
route,EWR->CVG,32,32,0,0.0
route,EWR->DAY,6,6,0,0.0
route,EWR->DCA,25,25,0,0.0
route,EWR->DEN,30,30,0,0.0
route,EWR->DFW,30,30,0,0.0
route,EWR->DSM,2,2,0,0.0
route,EWR->DTW,31,31,0,0.0
route,EWR->ELM,10,10,0,0.0
route,EWR->EYW,3,3,0,0.0
route,EWR->FLL,42,42,0,0.0
route,EWR->GRR,16,16,0,0.0
route,EWR->GSO,11,11,0,0.0
route,EWR->GSP,7,7,0,0.0
route,EWR->HNL,2,2,0,0.0
route,EWR->IAD,21,21,0,0.0
route,EWR->IAH,32,32,0,0.0
route,EWR->IND,26,26,0,0.0
route,EWR->ITH,4,4,0,0.0
route,EWR->JAX,14,14,0,0.0
route,EWR->LAS,28,28,0,0.0
route,EWR->LAX,51,51,0,0.0
route,EWR->MCI,12,12,0,0.0
route,EWR->MCO,49,49,0,0.0
route,EWR->MDW,17,17,0,0.0
route,EWR->MEM,6,6,0,0.0
route,EWR->MHT,5,5,0,0.0
route,EWR->MIA,18,18,0,0.0
route,EWR->MKE,14,14,0,0.0
route,EWR->MSN,4,4,0,0.0
route,EWR->MSP,23,23,0,0.0
route,EWR->MSY,10,10,0,0.0
route,EWR->MYR,16,16,0,0.0
route,EWR->OKC,2,2,0,0.0
route,EWR->OMA,4,4,0,0.0
route,EWR->ORD,46,46,0,0.0
route,EWR->ORF,19,19,0,0.0
route,EWR->PBI,34,34,0,0.0
route,EWR->PDX,5,5,0,0.0
route,EWR->PHX,19,19,0,0.0
route,EWR->PIT,17,17,0,0.0
route,EWR->PNS,1,1,0,0.0
route,EWR->PQI,7,7,0,0.0
route,EWR->PVD,7,7,0,0.0
route,EWR->PWM,27,27,0,0.0
route,EWR->RDU,34,34,0,0.0
route,EWR->RIC,17,17,0,0.0
route,EWR->ROC,15,15,0,0.0
route,EWR->RSW,19,19,0,0.0
route,EWR->SAN,12,12,0,0.0
route,EWR->SAT,3,3,0,0.0
route,EWR->SAV,12,12,0,0.0
route,EWR->SBN,2,2,0,0.0
route,EWR->SDF,7,7,0,0.0
route,EWR->SEA,13,13,0,0.0
route,EWR->SFO,62,62,0,0.0
route,EWR->SJC,4,4,0,0.0
route,EWR->SJU,15,15,0,0.0
route,EWR->SLC,6,6,0,0.0
route,EWR->SMF,1,1,0,0.0
route,EWR->SNA,4,4,0,0.0
route,EWR->SRQ,1,1,0,0.0
route,EWR->STL,21,21,0,0.0
route,EWR->SYR,9,9,0,0.0
route,EWR->TPA,22,22,0,0.0
route,EWR->TVC,1,1,0,0.0
route,EWR->TYS,8,8,0,0.0
route,EWR->XNA,5,5,0,0.0
route,EYW->ATL,4,4,0,0.0
route,EYW->CLT,4,4,0,0.0
route,EYW->EWR,2,2,0,0.0
route,EYW->MIA,10,10,0,0.0
route,EYW->PHL,1,1,0,0.0
route,FAI->ANC,7,7,0,0.0
route,FAI->DEN,2,2,0,0.0
route,FAI->MSP,1,1,0,0.0
route,FAI->ORD,1,1,0,0.0
route,FAI->SEA,7,7,0,0.0
route,FAR->DEN,13,13,0,0.0
route,FAR->DFW,4,4,0,0.0
route,FAR->LAS,1,1,0,0.0
route,FAR->MSP,10,10,0,0.0
route,FAR->ORD,26,26,0,0.0
route,FAT->DEN,15,15,0,0.0
route,FAT->DFW,9,9,0,0.0
route,FAT->LAS,2,2,0,0.0
route,FAT->LAX,27,27,0,0.0
route,FAT->ORD,2,2,0,0.0
route,FAT->PDX,2,2,0,0.0
route,FAT->PHX,11,11,0,0.0
route,FAT->SAN,6,6,0,0.0
route,FAT->SEA,6,6,0,0.0
route,FAT->SFO,15,15,0,0.0
route,FAT->SLC,2,2,0,0.0
route,FAY->ATL,8,8,0,0.0
route,FAY->CLT,20,20,0,0.0
route,FAY->IAD,5,5,0,0.0
route,FCA->ATL,1,1,0,0.0
route,FCA->AZA,1,1,0,0.0
route,FCA->DEN,9,9,0,0.0
route,FCA->DFW,2,2,0,0.0
route,FCA->LAS,2,2,0,0.0
route,FCA->LAX,4,4,0,0.0
route,FCA->MSP,1,1,0,0.0
route,FCA->ORD,6,6,0,0.0
route,FCA->SEA,3,3,0,0.0
route,FCA->SFO,6,6,0,0.0
route,FCA->SLC,1,1,0,0.0
route,FLG->DEN,6,6,0,0.0
route,FLG->DFW,3,3,0,0.0
route,FLG->LAX,1,1,0,0.0
route,FLG->PHX,11,11,0,0.0
route,FLL->ACY,10,10,0,0.0
route,FLL->ALB,4,4,0,0.0
route,FLL->ATL,47,47,0,0.0
route,FLL->AUS,11,11,0,0.0
route,FLL->AVL,7,7,0,0.0
route,FLL->BDL,9,9,0,0.0
route,FLL->BNA,17,17,0,0.0
route,FLL->BOS,25,25,0,0.0
route,FLL->BQN,9,9,0,0.0
route,FLL->BUF,8,8,0,0.0
route,FLL->BWI,38,38,0,0.0
route,FLL->CHS,6,6,0,0.0
route,FLL->CLE,3,3,0,0.0
route,FLL->CLT,19,19,0,0.0
route,FLL->CMH,4,4,0,0.0
route,FLL->CVG,2,2,0,0.0
route,FLL->DAL,10,10,0,0.0
route,FLL->DCA,28,28,0,0.0
route,FLL->DEN,22,22,0,0.0
route,FLL->DFW,27,27,0,0.0
route,FLL->DTW,14,14,0,0.0
route,FLL->EWR,44,44,0,0.0
route,FLL->GSO,1,1,0,0.0
route,FLL->GSP,2,2,0,0.0
route,FLL->HOU,12,12,0,0.0
route,FLL->HPN,4,4,0,0.0
route,FLL->IAD,6,6,0,0.0
route,FLL->IAG,1,1,0,0.0
route,FLL->IAH,15,15,0,0.0
route,FLL->IND,3,3,0,0.0
route,FLL->ISP,2,2,0,0.0
route,FLL->JAX,25,25,0,0.0
route,FLL->JFK,19,19,0,0.0
route,FLL->LAS,10,10,0,0.0
route,FLL->LAX,11,11,0,0.0
route,FLL->LBE,3,3,0,0.0
route,FLL->LCK,2,2,0,0.0
route,FLL->LEX,1,1,0,0.0
route,FLL->LGA,36,36,0,0.0
route,FLL->LGB,1,1,0,0.0
route,FLL->MCI,4,4,0,0.0
route,FLL->MCO,18,18,0,0.0
route,FLL->MDW,9,9,0,0.0
route,FLL->MSP,1,1,0,0.0
route,FLL->MSY,10,10,0,0.0
route,FLL->MYR,3,3,0,0.0
route,FLL->ORD,28,28,0,0.0
route,FLL->ORH,6,6,0,0.0
route,FLL->PBG,4,4,0,0.0
route,FLL->PHL,23,23,0,0.0
route,FLL->PHX,4,4,0,0.0
route,FLL->PIT,8,8,0,0.0
route,FLL->PVD,6,6,0,0.0
route,FLL->RDU,15,15,0,0.0
route,FLL->RIC,5,5,0,0.0
route,FLL->SAN,4,4,0,0.0
route,FLL->SAT,2,2,0,0.0
route,FLL->SEA,3,3,0,0.0
route,FLL->SFO,8,8,0,0.0
route,FLL->SJU,32,32,0,0.0
route,FLL->SLC,8,8,0,0.0
route,FLL->STL,10,10,0,0.0
route,FLL->STT,7,7,0,0.0
route,FLL->STX,1,1,0,0.0
route,FLL->SWF,3,3,0,0.0
route,FLL->TPA,20,20,0,0.0
route,FLL->TTN,2,2,0,0.0
route,FLL->TYS,3,3,0,0.0
route,FLL->USA,3,3,0,0.0
route,FLO->CLT,8,8,0,0.0
route,FNT->ATL,2,2,0,0.0
route,FNT->ORD,20,20,0,0.0
route,FNT->PGD,2,2,0,0.0
route,FNT->PIE,1,1,0,0.0
route,FNT->SFB,1,1,0,0.0
route,FSD->ATL,3,3,0,0.0
route,FSD->AZA,3,3,0,0.0
route,FSD->DEN,13,13,0,0.0
route,FSD->DFW,4,4,0,0.0
route,FSD->LAS,1,1,0,0.0
route,FSD->MSP,8,8,0,0.0
route,FSD->ORD,16,16,0,0.0
route,FSD->PHX,1,1,0,0.0
route,FSD->PIE,2,2,0,0.0
route,FSM->ATL,3,3,0,0.0
route,FSM->DFW,15,15,0,0.0
route,FWA->ATL,4,4,0,0.0
route,FWA->CLT,4,4,0,0.0
route,FWA->DFW,7,7,0,0.0
route,FWA->DTW,2,2,0,0.0
route,FWA->MSP,1,1,0,0.0
route,FWA->ORD,12,12,0,0.0
route,FWA->PGD,3,3,0,0.0
route,FWA->PHL,7,7,0,0.0
route,FWA->PIE,1,1,0,0.0
route,GCC->DEN,3,3,0,0.0
route,GCK->DFW,8,8,0,0.0
route,GEG->BOI,8,8,0,0.0
route,GEG->DEN,14,14,0,0.0
route,GEG->DFW,5,5,0,0.0
route,GEG->LAS,9,9,0,0.0
route,GEG->LAX,1,1,0,0.0
route,GEG->MDW,1,1,0,0.0
route,GEG->MSP,6,6,0,0.0
route,GEG->OAK,4,4,0,0.0
route,GEG->ORD,2,2,0,0.0
route,GEG->PDX,7,7,0,0.0
route,GEG->PHX,10,10,0,0.0
route,GEG->SAN,2,2,0,0.0
route,GEG->SEA,38,38,0,0.0
route,GEG->SFO,11,11,0,0.0
route,GEG->SJC,4,4,0,0.0
route,GEG->SLC,5,5,0,0.0
route,GEG->SMF,4,4,0,0.0
route,GFK->LAS,2,2,0,0.0
route,GFK->MSP,5,5,0,0.0
route,GGG->DFW,7,7,0,0.0
route,GJT->DEN,18,18,0,0.0
route,GJT->DFW,5,5,0,0.0
route,GJT->LAS,1,1,0,0.0
route,GJT->PHX,5,5,0,0.0
route,GNV->ATL,10,10,0,0.0
route,GNV->CLT,8,8,0,0.0
route,GNV->DFW,2,2,0,0.0
route,GNV->MIA,7,7,0,0.0
route,GPT->ATL,5,5,0,0.0
route,GPT->CLT,4,4,0,0.0
route,GPT->DFW,8,8,0,0.0
route,GPT->IAH,14,14,0,0.0
route,GPT->SFB,2,2,0,0.0
route,GRB->ATL,4,4,0,0.0
route,GRB->DTW,3,3,0,0.0
route,GRB->MSP,6,6,0,0.0
route,GRB->ORD,24,24,0,0.0
route,GRI->AZA,1,1,0,0.0
route,GRI->DFW,11,11,0,0.0
route,GRK->DFW,17,17,0,0.0
route,GRK->IAH,16,16,0,0.0
route,GRR->ATL,5,5,0,0.0
route,GRR->BWI,2,2,0,0.0
route,GRR->CLT,5,5,0,0.0
route,GRR->DCA,3,3,0,0.0
route,GRR->DEN,12,12,0,0.0
route,GRR->DFW,7,7,0,0.0
route,GRR->DTW,10,10,0,0.0
route,GRR->EWR,12,12,0,0.0
route,GRR->IAD,7,7,0,0.0
route,GRR->IAH,5,5,0,0.0
route,GRR->LAS,2,2,0,0.0
route,GRR->LGA,2,2,0,0.0
route,GRR->MCO,1,1,0,0.0
route,GRR->MDW,13,13,0,0.0
route,GRR->MSP,11,11,0,0.0
route,GRR->ORD,47,47,0,0.0
route,GRR->PGD,1,1,0,0.0
route,GRR->PHL,15,15,0,0.0
route,GRR->PIE,2,2,0,0.0
route,GRR->SFB,1,1,0,0.0
route,GSO->ATL,10,10,0,0.0
route,GSO->CLT,28,28,0,0.0
route,GSO->DCA,8,8,0,0.0
route,GSO->DEN,1,1,0,0.0
route,GSO->DFW,10,10,0,0.0
route,GSO->DTW,2,2,0,0.0
route,GSO->EWR,12,12,0,0.0
route,GSO->IAD,5,5,0,0.0
route,GSO->LGA,11,11,0,0.0
route,GSO->MCO,1,1,0,0.0
route,GSO->MIA,7,7,0,0.0
route,GSO->ORD,22,22,0,0.0
route,GSO->PHL,13,13,0,0.0
route,GSO->PIE,2,2,0,0.0
route,GSO->TPA,1,1,0,0.0
route,GSP->ATL,30,30,0,0.0
route,GSP->CLT,25,25,0,0.0
route,GSP->DCA,11,11,0,0.0
route,GSP->DEN,2,2,0,0.0
route,GSP->DFW,8,8,0,0.0
route,GSP->DTW,2,2,0,0.0
route,GSP->EWR,2,2,0,0.0
route,GSP->IAD,8,8,0,0.0
route,GSP->IAH,8,8,0,0.0
route,GSP->LGA,4,4,0,0.0
route,GSP->MIA,2,2,0,0.0
route,GSP->ORD,15,15,0,0.0
route,GSP->PHL,12,12,0,0.0
route,GST->JNU,3,3,0,0.0
route,GTF->DEN,13,13,0,0.0
route,GTF->LAS,3,3,0,0.0
route,GTF->MSP,3,3,0,0.0
route,GTF->ORD,1,1,0,0.0
route,GTF->SLC,1,1,0,0.0
route,GTR->ATL,3,3,0,0.0
route,GUC->DEN,4,4,0,0.0
route,GUC->IAH,3,3,0,0.0
route,GUM->HNL,3,3,0,0.0
route,GUM->SPN,3,3,0,0.0
route,HDN->DEN,3,3,0,0.0
route,HDN->IAH,1,1,0,0.0
route,HGR->PIE,1,1,0,0.0
route,HHH->ATL,2,2,0,0.0
route,HHH->CLT,11,11,0,0.0
route,HHH->EWR,1,1,0,0.0
route,HHH->IAD,3,3,0,0.0
route,HIB->MSP,1,1,0,0.0
route,HLN->DEN,4,4,0,0.0
route,HLN->MSP,2,2,0,0.0
route,HLN->SLC,4,4,0,0.0
route,HNL->ANC,2,2,0,0.0
route,HNL->ATL,2,2,0,0.0
route,HNL->BOS,1,1,0,0.0
route,HNL->DEN,1,1,0,0.0
route,HNL->DFW,5,5,0,0.0
route,HNL->DTW,1,1,0,0.0
route,HNL->EWR,3,3,0,0.0
route,HNL->GUM,4,4,0,0.0
route,HNL->IAD,5,5,0,0.0
route,HNL->IAH,3,3,0,0.0
route,HNL->ITO,42,15,27,0.6428571428571428
route,HNL->JFK,2,0,2,1.0
route,HNL->JHM,17,17,0,0.0
route,HNL->KOA,62,32,30,0.4838709677419355
route,HNL->LAS,8,1,7,0.875
route,HNL->LAX,44,41,3,0.06818181818181823
route,HNL->LGB,5,1,4,0.8
route,HNL->LIH,59,22,37,0.6271186440677966
route,HNL->LNY,18,18,0,0.0
route,HNL->MKK,9,9,0,0.0
route,HNL->MSP,2,2,0,0.0
route,HNL->OAK,7,6,1,0.1428571428571429
route,HNL->OGG,64,28,36,0.5625
route,HNL->ORD,4,4,0,0.0
route,HNL->PDX,6,5,1,0.16666666666666663
route,HNL->PHX,6,5,1,0.16666666666666663
route,HNL->PPG,1,0,1,1.0
route,HNL->SAN,9,4,5,0.5555555555555556
route,HNL->SEA,10,8,2,0.19999999999999996
route,HNL->SFO,23,21,2,0.08695652173913049
route,HNL->SJC,11,8,3,0.2727272727272727
route,HNL->SLC,1,1,0,0.0
route,HNL->SMF,6,4,2,0.33333333333333337
route,HOB->IAH,8,8,0,0.0
route,HOU->ABQ,9,9,0,0.0
route,HOU->ATL,26,26,0,0.0
route,HOU->AUS,14,14,0,0.0
route,HOU->BHM,9,9,0,0.0
route,HOU->BNA,11,11,0,0.0
route,HOU->BOS,9,9,0,0.0
route,HOU->BUR,1,1,0,0.0
route,HOU->BWI,15,15,0,0.0
route,HOU->CHS,5,5,0,0.0
route,HOU->CLT,1,1,0,0.0
route,HOU->CMH,2,2,0,0.0
route,HOU->CRP,11,11,0,0.0
route,HOU->DAL,76,76,0,0.0
route,HOU->DCA,10,10,0,0.0
route,HOU->DEN,14,14,0,0.0
route,HOU->DFW,31,31,0,0.0
route,HOU->ECP,4,4,0,0.0
route,HOU->ELP,10,10,0,0.0
route,HOU->FLL,3,3,0,0.0
route,HOU->HRL,13,13,0,0.0
route,HOU->IND,11,11,0,0.0
route,HOU->JAX,4,4,0,0.0
route,HOU->JFK,6,6,0,0.0
route,HOU->LAS,10,10,0,0.0
route,HOU->LAX,10,10,0,0.0
route,HOU->LBB,1,1,0,0.0
route,HOU->LGA,9,9,0,0.0
route,HOU->MAF,9,9,0,0.0
route,HOU->MCI,10,10,0,0.0
route,HOU->MCO,10,10,0,0.0
route,HOU->MDW,21,21,0,0.0
route,HOU->MEM,7,7,0,0.0
route,HOU->MKE,3,3,0,0.0
route,HOU->MSY,24,24,0,0.0
route,HOU->OAK,2,2,0,0.0
route,HOU->OKC,14,14,0,0.0
route,HOU->OMA,6,6,0,0.0
route,HOU->PDX,1,1,0,0.0
route,HOU->PHX,15,15,0,0.0
route,HOU->PIT,6,6,0,0.0
route,HOU->PNS,6,6,0,0.0
route,HOU->RDU,1,1,0,0.0
route,HOU->SAN,10,10,0,0.0
route,HOU->SAT,19,19,0,0.0
route,HOU->SDF,2,2,0,0.0
route,HOU->SEA,1,1,0,0.0
route,HOU->SJC,4,4,0,0.0
route,HOU->SLC,1,1,0,0.0
route,HOU->SNA,5,5,0,0.0
route,HOU->STL,11,11,0,0.0
route,HOU->TPA,8,8,0,0.0
route,HOU->TUL,6,6,0,0.0
route,HPN->ACK,3,3,0,0.0
route,HPN->ATL,13,13,0,0.0
route,HPN->CLT,11,11,0,0.0
route,HPN->DCA,14,14,0,0.0
route,HPN->DTW,3,3,0,0.0
route,HPN->FLL,10,10,0,0.0
route,HPN->MCO,15,15,0,0.0
route,HPN->ORD,20,20,0,0.0
route,HPN->PBI,11,11,0,0.0
route,HPN->RSW,5,5,0,0.0
route,HPN->TPA,2,2,0,0.0
route,HRL->AUS,3,3,0,0.0
route,HRL->DFW,3,3,0,0.0
route,HRL->HOU,12,12,0,0.0
route,HRL->IAH,10,10,0,0.0
route,HRL->ORD,1,1,0,0.0
route,HSV->ATL,12,12,0,0.0
route,HSV->CLT,16,16,0,0.0
route,HSV->DCA,16,16,0,0.0
route,HSV->DEN,4,4,0,0.0
route,HSV->DFW,24,24,0,0.0
route,HSV->IAD,5,5,0,0.0
route,HSV->IAH,13,13,0,0.0
route,HSV->ORD,22,22,0,0.0
route,HTS->CLT,8,8,0,0.0
route,HTS->MYR,1,1,0,0.0
route,HTS->PIE,3,3,0,0.0
route,HTS->SFB,2,2,0,0.0
route,HVN->CLT,1,1,0,0.0
route,HVN->PHL,10,10,0,0.0
route,HYA->JFK,7,7,0,0.0
route,HYS->DEN,12,12,0,0.0
route,HYS->SLN,4,4,0,0.0
route,IAD->ALB,19,19,0,0.0
route,IAD->ATL,30,30,0,0.0
route,IAD->AUS,10,10,0,0.0
route,IAD->AVL,1,1,0,0.0
route,IAD->AVP,1,1,0,0.0
route,IAD->BDL,6,6,0,0.0
route,IAD->BNA,7,7,0,0.0
route,IAD->BOS,18,18,0,0.0
route,IAD->BTV,12,12,0,0.0
route,IAD->BUF,12,12,0,0.0
route,IAD->CAE,9,9,0,0.0
route,IAD->CHA,6,6,0,0.0
route,IAD->CHO,9,9,0,0.0
route,IAD->CHS,12,12,0,0.0
route,IAD->CKB,4,4,0,0.0
route,IAD->CLE,10,10,0,0.0
route,IAD->CLT,38,38,0,0.0
route,IAD->CMH,14,14,0,0.0
route,IAD->CRW,1,1,0,0.0
route,IAD->CVG,10,10,0,0.0
route,IAD->DAY,10,10,0,0.0
route,IAD->DEN,33,33,0,0.0
route,IAD->DFW,24,24,0,0.0
route,IAD->DTW,20,20,0,0.0
route,IAD->EWR,22,22,0,0.0
route,IAD->FAY,3,3,0,0.0
route,IAD->FLL,7,7,0,0.0
route,IAD->GRR,2,2,0,0.0
route,IAD->GSO,11,11,0,0.0
route,IAD->GSP,10,10,0,0.0
route,IAD->HHH,3,3,0,0.0
route,IAD->HNL,4,4,0,0.0
route,IAD->HSV,4,4,0,0.0
route,IAD->IAH,16,16,0,0.0
route,IAD->ILM,3,3,0,0.0
route,IAD->IND,14,14,0,0.0
route,IAD->ITH,6,6,0,0.0
route,IAD->JAX,10,10,0,0.0
route,IAD->JFK,7,7,0,0.0
route,IAD->LAS,5,5,0,0.0
route,IAD->LAX,41,41,0,0.0
route,IAD->LEX,4,4,0,0.0
route,IAD->LGA,14,14,0,0.0
route,IAD->LWB,2,2,0,0.0
route,IAD->MCI,6,6,0,0.0
route,IAD->MCO,16,16,0,0.0
route,IAD->MDT,19,19,0,0.0
route,IAD->MHT,4,4,0,0.0
route,IAD->MIA,5,5,0,0.0
route,IAD->MSP,9,9,0,0.0
route,IAD->MSY,3,3,0,0.0
route,IAD->OKC,3,3,0,0.0
route,IAD->ORD,18,18,0,0.0
route,IAD->ORF,16,16,0,0.0
route,IAD->PBG,2,2,0,0.0
route,IAD->PDX,5,5,0,0.0
route,IAD->PHL,12,12,0,0.0
route,IAD->PHX,2,2,0,0.0
route,IAD->PIT,23,23,0,0.0
route,IAD->PVD,9,9,0,0.0
route,IAD->PWM,14,14,0,0.0
route,IAD->RDU,12,12,0,0.0
route,IAD->RIC,14,14,0,0.0
route,IAD->ROA,13,13,0,0.0
route,IAD->ROC,13,13,0,0.0
route,IAD->SAN,10,10,0,0.0
route,IAD->SAT,7,7,0,0.0
route,IAD->SAV,8,8,0,0.0
route,IAD->SCE,4,4,0,0.0
route,IAD->SDF,6,6,0,0.0
route,IAD->SEA,13,13,0,0.0
route,IAD->SFO,32,32,0,0.0
route,IAD->SHD,3,3,0,0.0
route,IAD->SJU,1,1,0,0.0
route,IAD->SMF,3,3,0,0.0
route,IAD->STL,14,14,0,0.0
route,IAD->SYR,8,8,0,0.0
route,IAD->TPA,14,14,0,0.0
route,IAD->TYS,11,11,0,0.0
route,IAG->MYR,4,4,0,0.0
route,IAG->PGD,1,1,0,0.0
route,IAG->PIE,2,2,0,0.0
route,IAH->ABQ,10,10,0,0.0
route,IAH->AEX,9,9,0,0.0
route,IAH->AMA,14,14,0,0.0
route,IAH->ANC,2,2,0,0.0
route,IAH->ASE,2,2,0,0.0
route,IAH->ATL,41,41,0,0.0
route,IAH->AUS,27,27,0,0.0
route,IAH->BDL,3,3,0,0.0
route,IAH->BHM,11,11,0,0.0
route,IAH->BNA,11,11,0,0.0
route,IAH->BOI,2,2,0,0.0
route,IAH->BOS,20,20,0,0.0
route,IAH->BRO,20,20,0,0.0
route,IAH->BTR,15,15,0,0.0
route,IAH->BWI,12,12,0,0.0
route,IAH->BZN,2,2,0,0.0
route,IAH->CAK,1,1,0,0.0
route,IAH->CHS,7,7,0,0.0
route,IAH->CLE,12,12,0,0.0
route,IAH->CLL,5,5,0,0.0
route,IAH->CLT,47,47,0,0.0
route,IAH->CMH,11,11,0,0.0
route,IAH->COS,11,11,0,0.0
route,IAH->CRP,18,18,0,0.0
route,IAH->CRW,3,3,0,0.0
route,IAH->CVG,10,10,0,0.0
route,IAH->DAY,2,2,0,0.0
route,IAH->DCA,23,23,0,0.0
route,IAH->DEN,45,45,0,0.0
route,IAH->DFW,70,70,0,0.0
route,IAH->DSM,8,8,0,0.0
route,IAH->DTW,27,27,0,0.0
route,IAH->ECP,13,13,0,0.0
route,IAH->ELP,16,16,0,0.0
route,IAH->EWR,37,37,0,0.0
route,IAH->FLL,22,22,0,0.0
route,IAH->GPT,12,12,0,0.0
route,IAH->GRK,9,9,0,0.0
route,IAH->GRR,5,5,0,0.0
route,IAH->GSP,9,9,0,0.0
route,IAH->GUC,2,2,0,0.0
route,IAH->HDN,2,2,0,0.0
route,IAH->HNL,5,5,0,0.0
route,IAH->HOB,2,2,0,0.0
route,IAH->HRL,12,12,0,0.0
route,IAH->HSV,9,9,0,0.0
route,IAH->IAD,12,12,0,0.0
route,IAH->ICT,15,15,0,0.0
route,IAH->IND,11,11,0,0.0
route,IAH->JAC,1,1,0,0.0
route,IAH->JAN,10,10,0,0.0
route,IAH->JAX,12,12,0,0.0
route,IAH->LAS,25,25,0,0.0
route,IAH->LAX,41,41,0,0.0
route,IAH->LBB,5,5,0,0.0
route,IAH->LCH,11,11,0,0.0
route,IAH->LEX,2,2,0,0.0
route,IAH->LFT,10,10,0,0.0
route,IAH->LGA,41,41,0,0.0
route,IAH->LIT,17,17,0,0.0
route,IAH->LRD,9,9,0,0.0
route,IAH->MAF,15,15,0,0.0
route,IAH->MCI,9,9,0,0.0
route,IAH->MCO,19,19,0,0.0
route,IAH->MEM,20,20,0,0.0
route,IAH->MFE,17,17,0,0.0
route,IAH->MIA,28,28,0,0.0
route,IAH->MKE,9,9,0,0.0
route,IAH->MLU,12,12,0,0.0
route,IAH->MOB,13,13,0,0.0
route,IAH->MSP,24,24,0,0.0
route,IAH->MSY,37,37,0,0.0
route,IAH->MTJ,3,3,0,0.0
route,IAH->OKC,24,24,0,0.0
route,IAH->OMA,15,15,0,0.0
route,IAH->ONT,2,2,0,0.0
route,IAH->ORD,50,50,0,0.0
route,IAH->ORF,5,5,0,0.0
route,IAH->PDX,9,9,0,0.0
route,IAH->PHL,22,22,0,0.0
route,IAH->PHX,23,23,0,0.0
route,IAH->PIT,14,14,0,0.0
route,IAH->PNS,18,18,0,0.0
route,IAH->RDU,20,20,0,0.0
route,IAH->RIC,8,8,0,0.0
route,IAH->RNO,3,3,0,0.0
route,IAH->RSW,7,7,0,0.0
route,IAH->SAN,23,23,0,0.0
route,IAH->SAT,31,31,0,0.0
route,IAH->SAV,4,4,0,0.0
route,IAH->SDF,13,13,0,0.0
route,IAH->SEA,25,25,0,0.0
route,IAH->SFO,38,38,0,0.0
route,IAH->SGF,6,6,0,0.0
route,IAH->SHV,14,14,0,0.0
route,IAH->SJC,5,5,0,0.0
route,IAH->SJU,6,6,0,0.0
route,IAH->SLC,18,18,0,0.0
route,IAH->SMF,3,3,0,0.0
route,IAH->SNA,14,14,0,0.0
route,IAH->STL,18,18,0,0.0
route,IAH->STT,1,1,0,0.0
route,IAH->TPA,21,21,0,0.0
route,IAH->TUL,26,26,0,0.0
route,IAH->TUS,6,6,0,0.0
route,IAH->TYS,16,16,0,0.0
route,IAH->VPS,8,8,0,0.0
route,IAH->XNA,15,15,0,0.0
route,ICT->ATL,3,3,0,0.0
route,ICT->DEN,14,14,0,0.0
route,ICT->DFW,23,23,0,0.0
route,ICT->IAH,17,17,0,0.0
route,ICT->LAS,4,4,0,0.0
route,ICT->MSP,2,2,0,0.0
route,ICT->ORD,31,31,0,0.0
route,ICT->PHX,4,4,0,0.0
route,ICT->SEA,2,2,0,0.0
route,ICT->STL,5,5,0,0.0
route,IDA->AZA,2,2,0,0.0
route,IDA->DEN,14,14,0,0.0
route,IDA->LAS,1,1,0,0.0
route,IDA->LAX,2,2,0,0.0
route,IDA->SLC,6,6,0,0.0
route,ILM->ATL,6,6,0,0.0
route,ILM->CLT,34,34,0,0.0
route,ILM->DCA,4,4,0,0.0
route,ILM->DFW,3,3,0,0.0
route,ILM->IAD,3,3,0,0.0
route,ILM->LGA,7,7,0,0.0
route,ILM->ORD,12,12,0,0.0
route,ILM->PHL,15,15,0,0.0
route,IMT->DTW,2,2,0,0.0
route,IMT->MSP,2,2,0,0.0
route,IND->ATL,15,15,0,0.0
route,IND->AUS,3,3,0,0.0
route,IND->BOS,6,6,0,0.0
route,IND->BWI,12,12,0,0.0
route,IND->CHS,2,2,0,0.0
route,IND->CLT,23,23,0,0.0
route,IND->DAL,6,6,0,0.0
route,IND->DCA,21,21,0,0.0
route,IND->DEN,17,17,0,0.0
route,IND->DFW,16,16,0,0.0
route,IND->DTW,12,12,0,0.0
route,IND->EWR,21,21,0,0.0
route,IND->FLL,5,5,0,0.0
route,IND->HOU,5,5,0,0.0
route,IND->IAD,13,13,0,0.0
route,IND->IAH,21,21,0,0.0
route,IND->JAX,2,2,0,0.0
route,IND->JFK,7,7,0,0.0
route,IND->LAS,13,13,0,0.0
route,IND->LAX,13,13,0,0.0
route,IND->LGA,11,11,0,0.0
route,IND->MCI,5,5,0,0.0
route,IND->MCO,17,17,0,0.0
route,IND->MDW,7,7,0,0.0
route,IND->MIA,13,13,0,0.0
route,IND->MSP,4,4,0,0.0
route,IND->MSY,1,1,0,0.0
route,IND->OAK,4,4,0,0.0
route,IND->ORD,42,42,0,0.0
route,IND->PGD,2,2,0,0.0
route,IND->PHL,11,11,0,0.0
route,IND->PHX,13,13,0,0.0
route,IND->PIE,3,3,0,0.0
route,IND->RDU,4,4,0,0.0
route,IND->RSW,1,1,0,0.0
route,IND->SEA,4,4,0,0.0
route,IND->SFB,1,1,0,0.0
route,IND->SFO,3,3,0,0.0
route,IND->TPA,4,4,0,0.0
route,IND->VPS,1,1,0,0.0
route,IPT->PHL,8,8,0,0.0
route,ISN->DEN,12,12,0,0.0
route,ISN->MSP,7,7,0,0.0
route,ISP->ATL,2,2,0,0.0
route,ISP->BWI,12,12,0,0.0
route,ISP->FLL,4,4,0,0.0
route,ISP->MCO,15,15,0,0.0
route,ISP->MYR,3,3,0,0.0
route,ISP->ORD,3,3,0,0.0
route,ISP->PBI,7,7,0,0.0
route,ISP->PHL,8,8,0,0.0
route,ISP->RDU,4,4,0,0.0
route,ISP->SJU,2,2,0,0.0
route,ISP->TPA,2,2,0,0.0
route,ITH->CLT,1,1,0,0.0
route,ITH->DTW,1,1,0,0.0
route,ITH->EWR,3,3,0,0.0
route,ITH->IAD,3,3,0,0.0
route,ITH->PHL,7,7,0,0.0
route,ITO->HNL,38,17,21,0.5526315789473684
route,ITO->LAX,2,2,0,0.0
route,ITO->OGG,9,7,2,0.2222222222222222
route,JAC->ATL,1,1,0,0.0
route,JAC->DEN,22,22,0,0.0
route,JAC->DFW,9,9,0,0.0
route,JAC->LAX,3,3,0,0.0
route,JAC->MSP,4,4,0,0.0
route,JAC->ORD,14,14,0,0.0
route,JAC->PHX,3,3,0,0.0
route,JAC->SFO,4,4,0,0.0
route,JAC->SLC,4,4,0,0.0
route,JAN->ATL,8,8,0,0.0
route,JAN->CLT,16,16,0,0.0
route,JAN->DCA,2,2,0,0.0
route,JAN->DEN,1,1,0,0.0
route,JAN->DFW,18,18,0,0.0
route,JAN->IAH,18,18,0,0.0
route,JAX->ATL,17,17,0,0.0
route,JAX->BLV,1,1,0,0.0
route,JAX->BNA,10,10,0,0.0
route,JAX->BOS,12,12,0,0.0
route,JAX->BUF,1,1,0,0.0
route,JAX->BWI,8,8,0,0.0
route,JAX->CLE,2,2,0,0.0
route,JAX->CLT,25,25,0,0.0
route,JAX->CVG,3,3,0,0.0
route,JAX->DCA,13,13,0,0.0
route,JAX->DEN,7,7,0,0.0
route,JAX->DFW,17,17,0,0.0
route,JAX->DTW,6,6,0,0.0
route,JAX->EWR,13,13,0,0.0
route,JAX->FLL,18,18,0,0.0
route,JAX->HOU,3,3,0,0.0
route,JAX->IAD,6,6,0,0.0
route,JAX->IAH,10,10,0,0.0
route,JAX->IND,2,2,0,0.0
route,JAX->JFK,14,14,0,0.0
route,JAX->LAS,1,1,0,0.0
route,JAX->LGA,6,6,0,0.0
route,JAX->MDW,2,2,0,0.0
route,JAX->MIA,13,13,0,0.0
route,JAX->MKE,1,1,0,0.0
route,JAX->ORD,15,15,0,0.0
route,JAX->ORF,1,1,0,0.0
route,JAX->PHL,8,8,0,0.0
route,JAX->PIT,3,3,0,0.0
route,JAX->STL,2,2,0,0.0
route,JAX->TTN,2,2,0,0.0
route,JFK->ABQ,6,6,0,0.0
route,JFK->ACK,17,17,0,0.0
route,JFK->ATL,29,29,0,0.0
route,JFK->AUS,21,21,0,0.0
route,JFK->BNA,13,13,0,0.0
route,JFK->BOS,26,26,0,0.0
route,JFK->BQN,5,5,0,0.0
route,JFK->BTV,14,14,0,0.0
route,JFK->BUF,28,28,0,0.0
route,JFK->BUR,7,7,0,0.0
route,JFK->BWI,3,3,0,0.0
route,JFK->CHS,9,9,0,0.0
route,JFK->CLE,10,10,0,0.0
route,JFK->CLT,36,36,0,0.0
route,JFK->CMH,8,8,0,0.0
route,JFK->CVG,6,6,0,0.0
route,JFK->DAB,1,1,0,0.0
route,JFK->DCA,11,11,0,0.0
route,JFK->DEN,15,15,0,0.0
route,JFK->DFW,13,13,0,0.0
route,JFK->DTW,7,7,0,0.0
route,JFK->FLL,28,28,0,0.0
route,JFK->HNL,4,3,1,0.25
route,JFK->HOU,4,4,0,0.0
route,JFK->HYA,6,6,0,0.0
route,JFK->IAD,9,9,0,0.0
route,JFK->IND,10,10,0,0.0
route,JFK->JAX,17,17,0,0.0
route,JFK->LAS,26,26,0,0.0
route,JFK->LAX,110,110,0,0.0
route,JFK->LGB,4,4,0,0.0
route,JFK->MCO,40,40,0,0.0
route,JFK->MIA,16,16,0,0.0
route,JFK->MSP,7,7,0,0.0
route,JFK->MSY,9,9,0,0.0
route,JFK->MVY,4,4,0,0.0
route,JFK->OAK,3,3,0,0.0
route,JFK->ONT,1,1,0,0.0
route,JFK->ORD,25,25,0,0.0
route,JFK->ORF,14,14,0,0.0
route,JFK->ORH,4,4,0,0.0
route,JFK->PBI,20,20,0,0.0
route,JFK->PDX,9,9,0,0.0
route,JFK->PHL,3,3,0,0.0
route,JFK->PHX,28,28,0,0.0
route,JFK->PIT,5,5,0,0.0
route,JFK->PSE,2,2,0,0.0
route,JFK->PWM,17,17,0,0.0
route,JFK->RDU,18,18,0,0.0
route,JFK->RIC,7,7,0,0.0
route,JFK->RNO,4,4,0,0.0
route,JFK->ROC,10,10,0,0.0
route,JFK->RSW,10,10,0,0.0
route,JFK->SAN,15,15,0,0.0
route,JFK->SAT,5,5,0,0.0
route,JFK->SAV,12,12,0,0.0
route,JFK->SEA,23,23,0,0.0
route,JFK->SFO,51,51,0,0.0
route,JFK->SJC,7,7,0,0.0
route,JFK->SJU,25,25,0,0.0
route,JFK->SLC,9,9,0,0.0
route,JFK->SMF,4,4,0,0.0
route,JFK->SRQ,4,4,0,0.0
route,JFK->STT,2,2,0,0.0
route,JFK->SYR,14,14,0,0.0
route,JFK->TPA,16,16,0,0.0
route,JHM->HNL,12,12,0,0.0
route,JLN->DFW,9,9,0,0.0
route,JLN->ORD,1,1,0,0.0
route,JMS->DEN,4,4,0,0.0
route,JMS->DVL,5,5,0,0.0
route,JNU->ANC,3,3,0,0.0
route,JNU->KTN,1,1,0,0.0
route,JNU->PSG,1,1,0,0.0
route,JNU->SEA,8,8,0,0.0
route,JNU->SIT,3,3,0,0.0
route,JNU->YAK,2,2,0,0.0
route,KOA->DEN,2,2,0,0.0
route,KOA->DFW,1,1,0,0.0
route,KOA->HNL,73,34,39,0.5342465753424658
route,KOA->LAX,15,13,2,0.1333333333333333
route,KOA->LIH,3,2,1,0.33333333333333337
route,KOA->OAK,1,1,0,0.0
route,KOA->OGG,6,0,6,1.0
route,KOA->PHX,4,4,0,0.0
route,KOA->SAN,2,2,0,0.0
route,KOA->SEA,8,8,0,0.0
route,KOA->SFO,9,9,0,0.0
route,KOA->SMF,1,1,0,0.0
route,KTN->JNU,2,2,0,0.0
route,KTN->SEA,5,5,0,0.0
route,KTN->SIT,1,1,0,0.0
route,KTN->WRG,1,1,0,0.0
route,LAN->DCA,4,4,0,0.0
route,LAN->DTW,10,10,0,0.0
route,LAN->MSP,1,1,0,0.0
route,LAN->ORD,15,15,0,0.0
route,LAR->DEN,6,6,0,0.0
route,LAS->ABQ,12,12,0,0.0
route,LAS->AMA,4,4,0,0.0
route,LAS->ATL,16,16,0,0.0
route,LAS->ATW,1,1,0,0.0
route,LAS->AUS,18,18,0,0.0
route,LAS->AZA,2,2,0,0.0
route,LAS->BDL,2,2,0,0.0
route,LAS->BHM,1,1,0,0.0
route,LAS->BIL,1,1,0,0.0
route,LAS->BIS,2,2,0,0.0
route,LAS->BLI,6,6,0,0.0
route,LAS->BLV,1,1,0,0.0
route,LAS->BNA,13,13,0,0.0
route,LAS->BOI,6,6,0,0.0
route,LAS->BOS,11,11,0,0.0
route,LAS->BUF,7,7,0,0.0
route,LAS->BUR,24,24,0,0.0
route,LAS->BWI,16,16,0,0.0
route,LAS->BZN,1,1,0,0.0
route,LAS->CLE,5,5,0,0.0
route,LAS->CLT,19,19,0,0.0
route,LAS->CMH,9,9,0,0.0
route,LAS->COS,6,6,0,0.0
route,LAS->CVG,6,6,0,0.0
route,LAS->DAL,13,13,0,0.0
route,LAS->DCA,1,1,0,0.0
route,LAS->DEN,65,65,0,0.0
route,LAS->DFW,53,53,0,0.0
route,LAS->DSM,6,6,0,0.0
route,LAS->DTW,20,20,0,0.0
route,LAS->ELP,9,9,0,0.0
route,LAS->EUG,2,2,0,0.0
route,LAS->EWR,29,29,0,0.0
route,LAS->FAR,1,1,0,0.0
route,LAS->FAT,6,6,0,0.0
route,LAS->FCA,1,1,0,0.0
route,LAS->FLL,11,11,0,0.0
route,LAS->FSD,1,1,0,0.0
route,LAS->GEG,7,7,0,0.0
route,LAS->GRI,1,1,0,0.0
route,LAS->GRR,2,2,0,0.0
route,LAS->HNL,11,6,5,0.4545454545454546
route,LAS->HOU,15,15,0,0.0
route,LAS->IAD,10,10,0,0.0
route,LAS->IAH,27,27,0,0.0
route,LAS->ICT,7,7,0,0.0
route,LAS->IDA,1,1,0,0.0
route,LAS->IND,10,10,0,0.0
route,LAS->JAX,4,4,0,0.0
route,LAS->JFK,28,28,0,0.0
route,LAS->LAX,113,113,0,0.0
route,LAS->LBB,3,3,0,0.0
route,LAS->LGB,24,24,0,0.0
route,LAS->LIT,5,5,0,0.0
route,LAS->LRD,1,1,0,0.0
route,LAS->MAF,2,2,0,0.0
route,LAS->MCI,14,14,0,0.0
route,LAS->MCO,11,11,0,0.0
route,LAS->MDW,22,22,0,0.0
route,LAS->MFE,5,5,0,0.0
route,LAS->MIA,12,12,0,0.0
route,LAS->MKE,7,7,0,0.0
route,LAS->MLI,1,1,0,0.0
route,LAS->MSP,13,13,0,0.0
route,LAS->MSY,10,10,0,0.0
route,LAS->OAK,39,39,0,0.0
route,LAS->OKC,11,11,0,0.0
route,LAS->OMA,13,13,0,0.0
route,LAS->ONT,18,18,0,0.0
route,LAS->ORD,42,42,0,0.0
route,LAS->ORF,1,1,0,0.0
route,LAS->PAE,2,2,0,0.0
route,LAS->PDX,20,20,0,0.0
route,LAS->PHL,14,14,0,0.0
route,LAS->PHX,50,50,0,0.0
route,LAS->PIA,1,1,0,0.0
route,LAS->PIT,10,10,0,0.0
route,LAS->PSC,1,1,0,0.0
route,LAS->RAP,2,2,0,0.0
route,LAS->RDU,8,8,0,0.0
route,LAS->RFD,1,1,0,0.0
route,LAS->RNO,33,33,0,0.0
route,LAS->SAN,56,56,0,0.0
route,LAS->SAT,23,23,0,0.0
route,LAS->SBN,1,1,0,0.0
route,LAS->SCK,5,5,0,0.0
route,LAS->SDF,4,4,0,0.0
route,LAS->SEA,39,39,0,0.0
route,LAS->SFO,75,75,0,0.0
route,LAS->SGF,1,1,0,0.0
route,LAS->SHV,2,2,0,0.0
route,LAS->SJC,32,32,0,0.0
route,LAS->SLC,22,22,0,0.0
route,LAS->SMF,23,23,0,0.0
route,LAS->SMX,1,1,0,0.0
route,LAS->SNA,19,19,0,0.0
route,LAS->STL,15,15,0,0.0
route,LAS->TPA,9,9,0,0.0
route,LAS->TUL,5,5,0,0.0
route,LAS->TUS,13,13,0,0.0
route,LAS->TYS,1,1,0,0.0
route,LAS->XNA,1,1,0,0.0
route,LAW->DFW,15,15,0,0.0
route,LAX->ABQ,35,35,0,0.0
route,LAX->ACV,4,4,0,0.0
route,LAX->ANC,5,5,0,0.0
route,LAX->ASE,14,14,0,0.0
route,LAX->ATL,37,37,0,0.0
route,LAX->AUS,24,24,0,0.0
route,LAX->BDL,4,4,0,0.0
route,LAX->BLI,3,3,0,0.0
route,LAX->BNA,18,18,0,0.0
route,LAX->BOI,9,9,0,0.0
route,LAX->BOS,60,60,0,0.0
route,LAX->BUF,3,3,0,0.0
route,LAX->BWI,19,19,0,0.0
route,LAX->BZN,4,4,0,0.0
route,LAX->CLE,6,6,0,0.0
route,LAX->CLT,27,27,0,0.0
route,LAX->CMH,5,5,0,0.0
route,LAX->COS,11,11,0,0.0
route,LAX->CVG,6,6,0,0.0
route,LAX->DAL,29,29,0,0.0
route,LAX->DCA,12,12,0,0.0
route,LAX->DEN,60,60,0,0.0
route,LAX->DFW,67,67,0,0.0
route,LAX->DRO,1,1,0,0.0
route,LAX->DSM,1,1,0,0.0
route,LAX->DTW,14,14,0,0.0
route,LAX->ELP,16,16,0,0.0
route,LAX->EUG,5,5,0,0.0
route,LAX->EWR,37,37,0,0.0
route,LAX->FAT,18,18,0,0.0
route,LAX->FCA,1,1,0,0.0
route,LAX->FLL,17,17,0,0.0
route,LAX->GEG,1,1,0,0.0
route,LAX->GJT,2,2,0,0.0
route,LAX->HNL,45,38,7,0.15555555555555556
route,LAX->HOU,21,21,0,0.0
route,LAX->IAD,42,42,0,0.0
route,LAX->IAH,48,48,0,0.0
route,LAX->IND,4,4,0,0.0
route,LAX->ITO,5,5,0,0.0
route,LAX->JAC,9,9,0,0.0
route,LAX->JFK,79,79,0,0.0
route,LAX->KOA,18,16,2,0.11111111111111116
route,LAX->LAS,91,91,0,0.0
route,LAX->LIH,21,21,0,0.0
route,LAX->MCI,10,10,0,0.0
route,LAX->MCO,32,32,0,0.0
route,LAX->MDW,25,25,0,0.0
route,LAX->MEM,2,2,0,0.0
route,LAX->MFE,2,2,0,0.0
route,LAX->MFR,13,13,0,0.0
route,LAX->MIA,23,23,0,0.0
route,LAX->MKE,3,3,0,0.0
route,LAX->MMH,3,3,0,0.0
route,LAX->MRY,16,16,0,0.0
route,LAX->MSN,1,1,0,0.0
route,LAX->MSO,4,4,0,0.0
route,LAX->MSP,15,15,0,0.0
route,LAX->MSY,28,28,0,0.0
route,LAX->OAK,62,62,0,0.0
route,LAX->OGG,36,33,3,0.08333333333333337
route,LAX->OKC,4,4,0,0.0
route,LAX->OMA,4,4,0,0.0
route,LAX->ORD,97,97,0,0.0
route,LAX->PAE,4,4,0,0.0
route,LAX->PDX,44,44,0,0.0
route,LAX->PHL,25,25,0,0.0
route,LAX->PHX,55,55,0,0.0
route,LAX->PIT,8,8,0,0.0
route,LAX->PRC,1,1,0,0.0
route,LAX->PSP,5,5,0,0.0
route,LAX->RAP,1,1,0,0.0
route,LAX->RDM,6,6,0,0.0
route,LAX->RDU,9,9,0,0.0
route,LAX->RNO,36,36,0,0.0
route,LAX->SAN,40,40,0,0.0
route,LAX->SAT,22,22,0,0.0
route,LAX->SBA,11,11,0,0.0
route,LAX->SBP,11,11,0,0.0
route,LAX->SCK,2,2,0,0.0
route,LAX->SDF,3,3,0,0.0
route,LAX->SEA,53,53,0,0.0
route,LAX->SFO,140,140,0,0.0
route,LAX->SGF,2,2,0,0.0
route,LAX->SJC,54,54,0,0.0
route,LAX->SLC,27,27,0,0.0
route,LAX->SMF,57,57,0,0.0
route,LAX->STL,7,7,0,0.0
route,LAX->STS,1,1,0,0.0
route,LAX->SUN,1,1,0,0.0
route,LAX->TPA,6,6,0,0.0
route,LAX->TUL,1,1,0,0.0
route,LAX->TUS,17,17,0,0.0
route,LAX->XNA,5,5,0,0.0
route,LBB->AUS,4,4,0,0.0
route,LBB->DAL,13,13,0,0.0
route,LBB->DEN,8,8,0,0.0
route,LBB->DFW,21,21,0,0.0
route,LBB->IAH,9,9,0,0.0
route,LBB->LAS,6,6,0,0.0
route,LBB->PHX,4,4,0,0.0
route,LBE->FLL,6,6,0,0.0
route,LBE->MCO,1,1,0,0.0
route,LBE->MYR,5,5,0,0.0
route,LBF->DEN,1,1,0,0.0
route,LBL->DEN,2,2,0,0.0
route,LBL->PUB,2,2,0,0.0
route,LCH->DFW,7,7,0,0.0
route,LCH->IAH,5,5,0,0.0
route,LCK->FLL,3,3,0,0.0
route,LCK->JAX,1,1,0,0.0
route,LCK->MYR,6,6,0,0.0
route,LCK->PGD,2,2,0,0.0
route,LCK->PIE,1,1,0,0.0
route,LCK->SAV,1,1,0,0.0
route,LCK->SFB,1,1,0,0.0
route,LEX->ATL,10,10,0,0.0
route,LEX->CLT,18,18,0,0.0
route,LEX->DCA,1,1,0,0.0
route,LEX->DFW,6,6,0,0.0
route,LEX->DTW,5,5,0,0.0
route,LEX->EWR,1,1,0,0.0
route,LEX->IAD,3,3,0,0.0
route,LEX->IAH,2,2,0,0.0
route,LEX->LGA,2,2,0,0.0
route,LEX->MSP,2,2,0,0.0
route,LEX->ORD,33,33,0,0.0
route,LEX->PGD,1,1,0,0.0
route,LEX->PHL,8,8,0,0.0
route,LEX->PIE,2,2,0,0.0
route,LEX->SFB,4,4,0,0.0
route,LEX->VPS,1,1,0,0.0
route,LFT->ATL,6,6,0,0.0
route,LFT->DFW,11,11,0,0.0
route,LFT->IAH,9,9,0,0.0
route,LGA->ACK,2,2,0,0.0
route,LGA->ATL,46,46,0,0.0
route,LGA->BGR,14,14,0,0.0
route,LGA->BHM,2,2,0,0.0
route,LGA->BNA,25,25,0,0.0
route,LGA->BOS,75,75,0,0.0
route,LGA->BTV,5,5,0,0.0
route,LGA->BUF,6,6,0,0.0
route,LGA->CAE,4,4,0,0.0
route,LGA->CAK,1,1,0,0.0
route,LGA->CHO,8,8,0,0.0
route,LGA->CHS,5,5,0,0.0
route,LGA->CLE,33,33,0,0.0
route,LGA->CLT,38,38,0,0.0
route,LGA->CMH,24,24,0,0.0
route,LGA->CVG,19,19,0,0.0
route,LGA->DAL,6,6,0,0.0
route,LGA->DAY,11,11,0,0.0
route,LGA->DCA,48,48,0,0.0
route,LGA->DEN,32,32,0,0.0
route,LGA->DFW,45,45,0,0.0
route,LGA->DSM,3,3,0,0.0
route,LGA->DTW,39,39,0,0.0
route,LGA->FLL,33,33,0,0.0
route,LGA->GRR,10,10,0,0.0
route,LGA->GSO,10,10,0,0.0
route,LGA->GSP,1,1,0,0.0
route,LGA->HOU,11,11,0,0.0
route,LGA->IAD,8,8,0,0.0
route,LGA->IAH,38,38,0,0.0
route,LGA->ILM,10,10,0,0.0
route,LGA->IND,15,15,0,0.0
route,LGA->LEX,3,3,0,0.0
route,LGA->MCI,8,8,0,0.0
route,LGA->MCO,21,21,0,0.0
route,LGA->MDW,15,15,0,0.0
route,LGA->MEM,5,5,0,0.0
route,LGA->MHT,3,3,0,0.0
route,LGA->MIA,47,47,0,0.0
route,LGA->MKE,18,18,0,0.0
route,LGA->MSN,4,4,0,0.0
route,LGA->MSP,10,10,0,0.0
route,LGA->MSY,6,6,0,0.0
route,LGA->MVY,3,3,0,0.0
route,LGA->MYR,5,5,0,0.0
route,LGA->OMA,1,1,0,0.0
route,LGA->ORD,112,112,0,0.0
route,LGA->ORF,18,18,0,0.0
route,LGA->PBI,12,12,0,0.0
route,LGA->PHL,7,7,0,0.0
route,LGA->PIT,21,21,0,0.0
route,LGA->PWM,14,14,0,0.0
route,LGA->RDU,32,32,0,0.0
route,LGA->RIC,24,24,0,0.0
route,LGA->ROA,3,3,0,0.0
route,LGA->ROC,3,3,0,0.0
route,LGA->RSW,5,5,0,0.0
route,LGA->SAV,3,3,0,0.0
route,LGA->SDF,8,8,0,0.0
route,LGA->SRQ,1,1,0,0.0
route,LGA->STL,25,25,0,0.0
route,LGA->SYR,3,3,0,0.0
route,LGA->TPA,14,14,0,0.0
route,LGA->TVC,1,1,0,0.0
route,LGA->TYS,6,6,0,0.0
route,LGA->XNA,9,9,0,0.0
route,LGB->AUS,10,10,0,0.0
route,LGB->BOS,3,3,0,0.0
route,LGB->DEN,3,3,0,0.0
route,LGB->FLL,1,1,0,0.0
route,LGB->HNL,1,0,1,1.0
route,LGB->JFK,7,7,0,0.0
route,LGB->LAS,16,16,0,0.0
route,LGB->OAK,14,14,0,0.0
route,LGB->PDX,6,6,0,0.0
route,LGB->PHX,8,8,0,0.0
route,LGB->RNO,1,1,0,0.0
route,LGB->SEA,12,12,0,0.0
route,LGB->SFO,12,12,0,0.0
route,LGB->SJC,14,14,0,0.0
route,LGB->SLC,10,10,0,0.0
route,LGB->SMF,22,22,0,0.0
route,LIH->DEN,3,3,0,0.0
route,LIH->HNL,67,25,42,0.6268656716417911
route,LIH->KOA,1,1,0,0.0
route,LIH->LAX,14,13,1,0.0714285714285714
route,LIH->OAK,2,1,1,0.5
route,LIH->OGG,10,4,6,0.6
route,LIH->PHX,4,4,0,0.0
route,LIH->SAN,1,1,0,0.0
route,LIH->SEA,5,5,0,0.0
route,LIH->SFO,7,7,0,0.0
route,LIT->ATL,14,14,0,0.0
route,LIT->CLT,6,6,0,0.0
route,LIT->DAL,9,9,0,0.0
route,LIT->DEN,14,14,0,0.0
route,LIT->DFW,27,27,0,0.0
route,LIT->DTW,1,1,0,0.0
route,LIT->IAH,28,28,0,0.0
route,LIT->LAS,3,3,0,0.0
route,LIT->ORD,23,23,0,0.0
route,LIT->PHX,3,3,0,0.0
route,LIT->STL,5,5,0,0.0
route,LIT->VPS,1,1,0,0.0
route,LNK->DEN,12,12,0,0.0
route,LNK->MSP,3,3,0,0.0
route,LNK->ORD,8,8,0,0.0
route,LNY->HNL,19,19,0,0.0
route,LRD->DFW,15,15,0,0.0
route,LRD->IAH,12,12,0,0.0
route,LRD->LAS,1,1,0,0.0
route,LSE->DTW,2,2,0,0.0
route,LSE->MSP,1,1,0,0.0
route,LSE->ORD,16,16,0,0.0
route,LWB->IAD,3,3,0,0.0
route,LWB->SHD,1,1,0,0.0
route,LWS->SLC,4,4,0,0.0
route,LYH->CLT,21,21,0,0.0
route,MAF->DAL,18,18,0,0.0
route,MAF->DEN,11,11,0,0.0
route,MAF->DFW,14,14,0,0.0
route,MAF->HOU,11,11,0,0.0
route,MAF->IAH,22,22,0,0.0
route,MAF->LAS,4,4,0,0.0
route,MAF->PHX,3,3,0,0.0
route,MBS->DTW,6,6,0,0.0
route,MBS->MSP,2,2,0,0.0
route,MBS->ORD,10,10,0,0.0
route,MCI->ABQ,3,3,0,0.0
route,MCI->ATL,29,29,0,0.0
route,MCI->AUS,4,4,0,0.0
route,MCI->BNA,8,8,0,0.0
route,MCI->BOS,7,7,0,0.0
route,MCI->BWI,10,10,0,0.0
route,MCI->CLT,12,12,0,0.0
route,MCI->CVG,2,2,0,0.0
route,MCI->DAL,25,25,0,0.0
route,MCI->DCA,12,12,0,0.0
route,MCI->DEN,49,49,0,0.0
route,MCI->DFW,32,32,0,0.0
route,MCI->DTW,6,6,0,0.0
route,MCI->EWR,9,9,0,0.0
route,MCI->FLL,2,2,0,0.0
route,MCI->HOU,14,14,0,0.0
route,MCI->IAD,2,2,0,0.0
route,MCI->IAH,13,13,0,0.0
route,MCI->IND,6,6,0,0.0
route,MCI->LAS,15,15,0,0.0
route,MCI->LAX,11,11,0,0.0
route,MCI->LGA,12,12,0,0.0
route,MCI->MCO,8,8,0,0.0
route,MCI->MDW,24,24,0,0.0
route,MCI->MIA,4,4,0,0.0
route,MCI->MKE,5,5,0,0.0
route,MCI->MSP,20,20,0,0.0
route,MCI->MSY,1,1,0,0.0
route,MCI->OAK,4,4,0,0.0
route,MCI->ORD,28,28,0,0.0
route,MCI->PDX,5,5,0,0.0
route,MCI->PHL,8,8,0,0.0
route,MCI->PHX,12,12,0,0.0
route,MCI->RDU,4,4,0,0.0
route,MCI->RSW,1,1,0,0.0
route,MCI->SAN,7,7,0,0.0
route,MCI->SAT,3,3,0,0.0
route,MCI->SEA,6,6,0,0.0
route,MCI->SFO,9,9,0,0.0
route,MCI->SLC,5,5,0,0.0
route,MCI->STL,12,12,0,0.0
route,MCI->TPA,4,4,0,0.0
route,MCI->VPS,1,1,0,0.0
route,MCO->ACY,9,9,0,0.0
route,MCO->ALB,12,12,0,0.0
route,MCO->ATL,53,53,0,0.0
route,MCO->AUS,12,12,0,0.0
route,MCO->AVL,3,3,0,0.0
route,MCO->BDL,17,17,0,0.0
route,MCO->BHM,9,9,0,0.0
route,MCO->BMI,1,1,0,0.0
route,MCO->BNA,18,18,0,0.0
route,MCO->BOS,30,30,0,0.0
route,MCO->BQN,8,8,0,0.0
route,MCO->BUF,25,25,0,0.0
route,MCO->BWI,42,42,0,0.0
route,MCO->CAK,4,4,0,0.0
route,MCO->CLE,11,11,0,0.0
route,MCO->CLT,36,36,0,0.0
route,MCO->CMH,17,17,0,0.0
route,MCO->COS,4,4,0,0.0
route,MCO->CVG,7,7,0,0.0
route,MCO->DAL,13,13,0,0.0
route,MCO->DCA,28,28,0,0.0
route,MCO->DEN,31,31,0,0.0
route,MCO->DFW,44,44,0,0.0
route,MCO->DSM,1,1,0,0.0
route,MCO->DTW,17,17,0,0.0
route,MCO->EWR,75,75,0,0.0
route,MCO->FLL,18,18,0,0.0
route,MCO->GRR,4,4,0,0.0
route,MCO->HOU,15,15,0,0.0
route,MCO->HPN,14,14,0,0.0
route,MCO->IAD,13,13,0,0.0
route,MCO->IAH,20,20,0,0.0
route,MCO->IND,15,15,0,0.0
route,MCO->ISP,10,10,0,0.0
route,MCO->JFK,37,37,0,0.0
route,MCO->LAS,12,12,0,0.0
route,MCO->LAX,34,34,0,0.0
route,MCO->LBE,7,7,0,0.0
route,MCO->LGA,24,24,0,0.0
route,MCO->MCI,13,13,0,0.0
route,MCO->MDW,21,21,0,0.0
route,MCO->MEM,6,6,0,0.0
route,MCO->MHT,6,6,0,0.0
route,MCO->MIA,27,27,0,0.0
route,MCO->MKE,7,7,0,0.0
route,MCO->MSP,6,6,0,0.0
route,MCO->MSY,21,21,0,0.0
route,MCO->MYR,1,1,0,0.0
route,MCO->OAK,3,3,0,0.0
route,MCO->OMA,1,1,0,0.0
route,MCO->ONT,2,2,0,0.0
route,MCO->ORD,29,29,0,0.0
route,MCO->ORF,7,7,0,0.0
route,MCO->ORH,5,5,0,0.0
route,MCO->PDX,1,1,0,0.0
route,MCO->PHL,55,55,0,0.0
route,MCO->PHX,16,16,0,0.0
route,MCO->PIT,15,15,0,0.0
route,MCO->PSE,8,8,0,0.0
route,MCO->PVD,18,18,0,0.0
route,MCO->RDU,14,14,0,0.0
route,MCO->RIC,5,5,0,0.0
route,MCO->ROC,6,6,0,0.0
route,MCO->SAN,7,7,0,0.0
route,MCO->SAT,7,7,0,0.0
route,MCO->SDF,3,3,0,0.0
route,MCO->SEA,3,3,0,0.0
route,MCO->SFO,16,16,0,0.0
route,MCO->SJC,1,1,0,0.0
route,MCO->SJU,39,39,0,0.0
route,MCO->SLC,8,8,0,0.0
route,MCO->SMF,1,1,0,0.0
route,MCO->STL,11,11,0,0.0
route,MCO->SWF,2,2,0,0.0
route,MCO->SYR,1,1,0,0.0
route,MCO->TTN,3,3,0,0.0
route,MCO->TUL,1,1,0,0.0
route,MDT->ATL,2,2,0,0.0
route,MDT->BNA,2,2,0,0.0
route,MDT->BOS,2,2,0,0.0
route,MDT->CLT,26,26,0,0.0
route,MDT->DFW,2,2,0,0.0
route,MDT->DTW,2,2,0,0.0
route,MDT->IAD,13,13,0,0.0
route,MDT->MCO,1,1,0,0.0
route,MDT->MYR,1,1,0,0.0
route,MDT->ORD,26,26,0,0.0
route,MDT->PGD,2,2,0,0.0
route,MDT->PHL,16,16,0,0.0
route,MDT->RDU,1,1,0,0.0
route,MDT->SFB,5,5,0,0.0
route,MDW->ABQ,7,7,0,0.0
route,MDW->ALB,10,10,0,0.0
route,MDW->ATL,17,17,0,0.0
route,MDW->AUS,14,14,0,0.0
route,MDW->BDL,12,12,0,0.0
route,MDW->BHM,7,7,0,0.0
route,MDW->BNA,19,19,0,0.0
route,MDW->BOS,19,19,0,0.0
route,MDW->BUF,11,11,0,0.0
route,MDW->BWI,33,33,0,0.0
route,MDW->CHS,5,5,0,0.0
route,MDW->CLE,16,16,0,0.0
route,MDW->CLT,8,8,0,0.0
route,MDW->CMH,24,24,0,0.0
route,MDW->CVG,16,16,0,0.0
route,MDW->DAL,20,20,0,0.0
route,MDW->DCA,21,21,0,0.0
route,MDW->DEN,35,35,0,0.0
route,MDW->DTW,14,14,0,0.0
route,MDW->ECP,1,1,0,0.0
route,MDW->EWR,11,11,0,0.0
route,MDW->FLL,12,12,0,0.0
route,MDW->GEG,1,1,0,0.0
route,MDW->GRR,10,10,0,0.0
route,MDW->HOU,26,26,0,0.0
route,MDW->IND,4,4,0,0.0
route,MDW->JAX,4,4,0,0.0
route,MDW->LAS,23,23,0,0.0
route,MDW->LAX,18,18,0,0.0
route,MDW->LGA,23,23,0,0.0
route,MDW->MCI,21,21,0,0.0
route,MDW->MCO,29,29,0,0.0
route,MDW->MEM,7,7,0,0.0
route,MDW->MHT,9,9,0,0.0
route,MDW->MSP,37,37,0,0.0
route,MDW->MSY,11,11,0,0.0
route,MDW->OAK,13,13,0,0.0
route,MDW->OKC,4,4,0,0.0
route,MDW->OMA,14,14,0,0.0
route,MDW->ONT,3,3,0,0.0
route,MDW->ORF,3,3,0,0.0
route,MDW->PDX,6,6,0,0.0
route,MDW->PHL,16,16,0,0.0
route,MDW->PHX,24,24,0,0.0
route,MDW->PIT,9,9,0,0.0
route,MDW->PNS,1,1,0,0.0
route,MDW->PVD,9,9,0,0.0
route,MDW->RDU,10,10,0,0.0
route,MDW->RNO,4,4,0,0.0
route,MDW->RSW,10,10,0,0.0
route,MDW->SAN,11,11,0,0.0
route,MDW->SAT,11,11,0,0.0
route,MDW->SDF,9,9,0,0.0
route,MDW->SEA,5,5,0,0.0
route,MDW->SFO,12,12,0,0.0
route,MDW->SJC,4,4,0,0.0
route,MDW->SJU,2,2,0,0.0
route,MDW->SLC,5,5,0,0.0
route,MDW->SMF,6,6,0,0.0
route,MDW->SNA,1,1,0,0.0
route,MDW->STL,20,20,0,0.0
route,MDW->TPA,10,10,0,0.0
route,MDW->TUS,3,3,0,0.0
route,MEI->DFW,2,2,0,0.0
route,MEI->ORD,4,4,0,0.0
route,MEI->PIB,3,3,0,0.0
route,MEM->ATL,10,10,0,0.0
route,MEM->AUS,1,1,0,0.0
route,MEM->BWI,2,2,0,0.0
route,MEM->CLT,15,15,0,0.0
route,MEM->DAL,2,2,0,0.0
route,MEM->DCA,7,7,0,0.0
route,MEM->DEN,8,8,0,0.0
route,MEM->DFW,28,28,0,0.0
route,MEM->DTW,3,3,0,0.0
route,MEM->EWR,9,9,0,0.0
route,MEM->FLL,1,1,0,0.0
route,MEM->HOU,8,8,0,0.0
route,MEM->IAH,17,17,0,0.0
route,MEM->LAS,3,3,0,0.0
route,MEM->LAX,2,2,0,0.0
route,MEM->LGA,9,9,0,0.0
route,MEM->MCO,3,3,0,0.0
route,MEM->MDW,3,3,0,0.0
route,MEM->MIA,3,3,0,0.0
route,MEM->MSP,5,5,0,0.0
route,MEM->OAK,1,1,0,0.0
route,MEM->ORD,19,19,0,0.0
route,MEM->PHL,10,10,0,0.0
route,MEM->PHX,5,5,0,0.0
route,MEM->PIE,1,1,0,0.0
route,MEM->SFB,1,1,0,0.0
route,MEM->TPA,3,3,0,0.0
route,MEM->VPS,3,3,0,0.0
route,MFE->DFW,29,29,0,0.0
route,MFE->IAH,18,18,0,0.0
route,MFR->DEN,6,6,0,0.0
route,MFR->LAS,1,1,0,0.0
route,MFR->LAX,13,13,0,0.0
route,MFR->PDX,10,10,0,0.0
route,MFR->PHX,5,5,0,0.0
route,MFR->SEA,17,17,0,0.0
route,MFR->SFO,9,9,0,0.0
route,MFR->SLC,2,2,0,0.0
route,MGM->ATL,9,9,0,0.0
route,MGM->CLT,4,4,0,0.0
route,MGM->DCA,5,5,0,0.0
route,MGM->DFW,6,6,0,0.0
route,MHK->DFW,9,9,0,0.0
route,MHK->ORD,9,9,0,0.0
route,MHT->ATL,2,2,0,0.0
route,MHT->BWI,20,20,0,0.0
route,MHT->CLT,6,6,0,0.0
route,MHT->DCA,10,10,0,0.0
route,MHT->DTW,1,1,0,0.0
route,MHT->EWR,4,4,0,0.0
route,MHT->IAD,6,6,0,0.0
route,MHT->MCO,3,3,0,0.0
route,MHT->MDW,9,9,0,0.0
route,MHT->ORD,5,5,0,0.0
route,MHT->PHL,15,15,0,0.0
route,MHT->TPA,5,5,0,0.0
route,MIA->ATL,34,34,0,0.0
route,MIA->AUS,9,9,0,0.0
route,MIA->BDL,4,4,0,0.0
route,MIA->BHM,8,8,0,0.0
route,MIA->BNA,6,6,0,0.0
route,MIA->BOS,22,22,0,0.0
route,MIA->BWI,10,10,0,0.0
route,MIA->CHS,12,12,0,0.0
route,MIA->CLE,12,12,0,0.0
route,MIA->CLT,22,22,0,0.0
route,MIA->CMH,15,15,0,0.0
route,MIA->CVG,12,12,0,0.0
route,MIA->DCA,29,29,0,0.0
route,MIA->DEN,5,5,0,0.0
route,MIA->DFW,31,31,0,0.0
route,MIA->DTW,6,6,0,0.0
route,MIA->EWR,34,34,0,0.0
route,MIA->EYW,11,11,0,0.0
route,MIA->GNV,7,7,0,0.0
route,MIA->GSO,7,7,0,0.0
route,MIA->GSP,4,4,0,0.0
route,MIA->IAD,7,7,0,0.0
route,MIA->IAH,30,30,0,0.0
route,MIA->IND,12,12,0,0.0
route,MIA->JAX,12,12,0,0.0
route,MIA->JFK,33,33,0,0.0
route,MIA->LAS,8,8,0,0.0
route,MIA->LAX,22,22,0,0.0
route,MIA->LGA,40,40,0,0.0
route,MIA->MCI,4,4,0,0.0
route,MIA->MCO,26,26,0,0.0
route,MIA->MEM,1,1,0,0.0
route,MIA->MSP,8,8,0,0.0
route,MIA->MSY,16,16,0,0.0
route,MIA->OMA,1,1,0,0.0
route,MIA->ORD,40,40,0,0.0
route,MIA->ORF,6,6,0,0.0
route,MIA->PHL,24,24,0,0.0
route,MIA->PHX,7,7,0,0.0
route,MIA->PIT,10,10,0,0.0
route,MIA->PNS,12,12,0,0.0
route,MIA->RDU,8,8,0,0.0
route,MIA->RIC,6,6,0,0.0
route,MIA->SAN,2,2,0,0.0
route,MIA->SAT,4,4,0,0.0
route,MIA->SAV,5,5,0,0.0
route,MIA->SDF,7,7,0,0.0
route,MIA->SEA,2,2,0,0.0
route,MIA->SFO,25,25,0,0.0
route,MIA->SJU,15,15,0,0.0
route,MIA->STL,4,4,0,0.0
route,MIA->STT,5,5,0,0.0
route,MIA->STX,6,6,0,0.0
route,MIA->TLH,13,13,0,0.0
route,MIA->TPA,21,21,0,0.0
route,MIA->TYS,3,3,0,0.0
route,MKE->ATL,20,20,0,0.0
route,MKE->AUS,2,2,0,0.0
route,MKE->BNA,7,7,0,0.0
route,MKE->BOS,6,6,0,0.0
route,MKE->BWI,10,10,0,0.0
route,MKE->CLE,2,2,0,0.0
route,MKE->CLT,23,23,0,0.0
route,MKE->DAL,1,1,0,0.0
route,MKE->DCA,5,5,0,0.0
route,MKE->DEN,20,20,0,0.0
route,MKE->DFW,11,11,0,0.0
route,MKE->DTW,5,5,0,0.0
route,MKE->EWR,14,14,0,0.0
route,MKE->HOU,5,5,0,0.0
route,MKE->IAH,2,2,0,0.0
route,MKE->LAS,11,11,0,0.0
route,MKE->LAX,2,2,0,0.0
route,MKE->LGA,15,15,0,0.0
route,MKE->MCI,5,5,0,0.0
route,MKE->MCO,8,8,0,0.0
route,MKE->MSP,3,3,0,0.0
route,MKE->ORD,35,35,0,0.0
route,MKE->PHL,18,18,0,0.0
route,MKE->PHX,12,12,0,0.0
route,MKE->PIE,1,1,0,0.0
route,MKE->RDU,1,1,0,0.0
route,MKE->SEA,1,1,0,0.0
route,MKE->SFO,3,3,0,0.0
route,MKE->SLC,1,1,0,0.0
route,MKE->STL,4,4,0,0.0
route,MKE->TPA,2,2,0,0.0
route,MKG->ORD,7,7,0,0.0
route,MKK->HNL,7,7,0,0.0
route,MLB->ATL,3,3,0,0.0
route,MLB->CLT,5,5,0,0.0
route,MLB->DCA,1,1,0,0.0
route,MLI->ATL,2,2,0,0.0
route,MLI->DEN,5,5,0,0.0
route,MLI->DFW,7,7,0,0.0
route,MLI->DTW,1,1,0,0.0
route,MLI->LAS,1,1,0,0.0
route,MLI->MSP,3,3,0,0.0
route,MLI->ORD,19,19,0,0.0
route,MLI->PIE,1,1,0,0.0
route,MLI->SFB,3,3,0,0.0
route,MLU->ATL,3,3,0,0.0
route,MLU->DFW,5,5,0,0.0
route,MLU->IAH,4,4,0,0.0
route,MOB->ATL,6,6,0,0.0
route,MOB->CLT,17,17,0,0.0
route,MOB->DFW,6,6,0,0.0
route,MOB->IAH,13,13,0,0.0
route,MOB->ORD,1,1,0,0.0
route,MOT->AZA,1,1,0,0.0
route,MOT->DEN,6,6,0,0.0
route,MOT->LAS,1,1,0,0.0
route,MOT->MSP,9,9,0,0.0
route,MQT->DTW,5,5,0,0.0
route,MQT->MSP,1,1,0,0.0
route,MQT->ORD,6,6,0,0.0
route,MRY->DEN,5,5,0,0.0
route,MRY->DFW,5,5,0,0.0
route,MRY->LAS,3,3,0,0.0
route,MRY->LAX,18,18,0,0.0
route,MRY->PHX,3,3,0,0.0
route,MRY->SFO,6,6,0,0.0
route,MSN->ATL,3,3,0,0.0
route,MSN->BOS,1,1,0,0.0
route,MSN->CLT,7,7,0,0.0
route,MSN->DEN,7,7,0,0.0
route,MSN->DFW,8,8,0,0.0
route,MSN->DTW,8,8,0,0.0
route,MSN->EWR,7,7,0,0.0
route,MSN->LAX,1,1,0,0.0
route,MSN->LGA,6,6,0,0.0
route,MSN->MSP,9,9,0,0.0
route,MSN->ORD,36,36,0,0.0
route,MSN->PHL,9,9,0,0.0
route,MSN->SFO,4,4,0,0.0
route,MSN->SLC,1,1,0,0.0
route,MSO->ATL,1,1,0,0.0
route,MSO->AZA,1,1,0,0.0
route,MSO->DEN,14,14,0,0.0
route,MSO->DFW,3,3,0,0.0
route,MSO->LAS,2,2,0,0.0
route,MSO->LAX,2,2,0,0.0
route,MSO->MSP,3,3,0,0.0
route,MSO->OAK,2,2,0,0.0
route,MSO->ORD,7,7,0,0.0
route,MSO->PDX,2,2,0,0.0
route,MSO->SEA,3,3,0,0.0
route,MSO->SFO,1,1,0,0.0
route,MSO->SLC,7,7,0,0.0
route,MSP->ABQ,1,1,0,0.0
route,MSP->ABR,2,2,0,0.0
route,MSP->ANC,2,2,0,0.0
route,MSP->ATL,25,25,0,0.0
route,MSP->ATW,4,4,0,0.0
route,MSP->AUS,3,3,0,0.0
route,MSP->AZO,1,1,0,0.0
route,MSP->BDL,3,3,0,0.0
route,MSP->BIL,3,3,0,0.0
route,MSP->BIS,10,10,0,0.0
route,MSP->BJI,1,1,0,0.0
route,MSP->BNA,12,12,0,0.0
route,MSP->BOI,4,4,0,0.0
route,MSP->BOS,20,20,0,0.0
route,MSP->BRD,2,2,0,0.0
route,MSP->BUF,2,2,0,0.0
route,MSP->BWI,20,20,0,0.0
route,MSP->CID,5,5,0,0.0
route,MSP->CIU,2,2,0,0.0
route,MSP->CLE,10,10,0,0.0
route,MSP->CLT,15,15,0,0.0
route,MSP->CMH,3,3,0,0.0
route,MSP->COS,1,1,0,0.0
route,MSP->CVG,10,10,0,0.0
route,MSP->CWA,3,3,0,0.0
route,MSP->DAL,1,1,0,0.0
route,MSP->DAY,5,5,0,0.0
route,MSP->DCA,22,22,0,0.0
route,MSP->DEN,51,51,0,0.0
route,MSP->DFW,26,26,0,0.0
route,MSP->DLH,5,5,0,0.0
route,MSP->DSM,12,12,0,0.0
route,MSP->DTW,10,10,0,0.0
route,MSP->EWR,32,32,0,0.0
route,MSP->FAR,13,13,0,0.0
route,MSP->FCA,4,4,0,0.0
route,MSP->FLL,2,2,0,0.0
route,MSP->FSD,10,10,0,0.0
route,MSP->FWA,2,2,0,0.0
route,MSP->GEG,4,4,0,0.0
route,MSP->GFK,3,3,0,0.0
route,MSP->GRB,6,6,0,0.0
route,MSP->GRR,7,7,0,0.0
route,MSP->GTF,1,1,0,0.0
route,MSP->HIB,5,5,0,0.0
route,MSP->HLN,2,2,0,0.0
route,MSP->HNL,1,1,0,0.0
route,MSP->IAD,15,15,0,0.0
route,MSP->IAH,22,22,0,0.0
route,MSP->ICT,2,2,0,0.0
route,MSP->IMT,1,1,0,0.0
route,MSP->IND,3,3,0,0.0
route,MSP->INL,4,4,0,0.0
route,MSP->ISN,7,7,0,0.0
route,MSP->JAX,1,1,0,0.0
route,MSP->JFK,7,7,0,0.0
route,MSP->LAN,2,2,0,0.0
route,MSP->LAS,3,3,0,0.0
route,MSP->LAX,24,24,0,0.0
route,MSP->LEX,1,1,0,0.0
route,MSP->LGA,20,20,0,0.0
route,MSP->LNK,2,2,0,0.0
route,MSP->LSE,4,4,0,0.0
route,MSP->MCI,14,14,0,0.0
route,MSP->MCO,7,7,0,0.0
route,MSP->MDW,31,31,0,0.0
route,MSP->MEM,5,5,0,0.0
route,MSP->MIA,11,11,0,0.0
route,MSP->MKE,7,7,0,0.0
route,MSP->MLI,4,4,0,0.0
route,MSP->MOT,4,4,0,0.0
route,MSP->MSN,9,9,0,0.0
route,MSP->MSO,3,3,0,0.0
route,MSP->MSY,7,7,0,0.0
route,MSP->MYR,4,4,0,0.0
route,MSP->OKC,11,11,0,0.0
route,MSP->OMA,8,8,0,0.0
route,MSP->ORD,61,61,0,0.0
route,MSP->PDX,6,6,0,0.0
route,MSP->PHL,12,12,0,0.0
route,MSP->PHX,27,27,0,0.0
route,MSP->PIT,4,4,0,0.0
route,MSP->PSC,1,1,0,0.0
route,MSP->RAP,6,6,0,0.0
route,MSP->RDU,3,3,0,0.0
route,MSP->RHI,9,9,0,0.0
route,MSP->RIC,3,3,0,0.0
route,MSP->ROC,1,1,0,0.0
route,MSP->RST,6,6,0,0.0
route,MSP->RSW,1,1,0,0.0
route,MSP->SAN,4,4,0,0.0
route,MSP->SAT,5,5,0,0.0
route,MSP->SBN,4,4,0,0.0
route,MSP->SDF,3,3,0,0.0
route,MSP->SEA,14,14,0,0.0
route,MSP->SFO,22,22,0,0.0
route,MSP->SJC,5,5,0,0.0
route,MSP->SLC,10,10,0,0.0
route,MSP->SMF,5,5,0,0.0
route,MSP->SNA,2,2,0,0.0
route,MSP->STL,21,21,0,0.0
route,MSP->SYR,1,1,0,0.0
route,MSP->TPA,3,3,0,0.0
route,MSP->TTN,3,3,0,0.0
route,MSP->TUL,3,3,0,0.0
route,MSP->TVC,2,2,0,0.0
route,MSP->TYS,2,2,0,0.0
route,MSP->XNA,1,1,0,0.0
route,MSY->ATL,30,30,0,0.0
route,MSY->AUS,15,15,0,0.0
route,MSY->BNA,10,10,0,0.0
route,MSY->BOS,4,4,0,0.0
route,MSY->BWI,15,15,0,0.0
route,MSY->CLE,1,1,0,0.0
route,MSY->CLT,17,17,0,0.0
route,MSY->CMH,3,3,0,0.0
route,MSY->DAL,19,19,0,0.0
route,MSY->DCA,12,12,0,0.0
route,MSY->DEN,12,12,0,0.0
route,MSY->DFW,30,30,0,0.0
route,MSY->DTW,12,12,0,0.0
route,MSY->EWR,4,4,0,0.0
route,MSY->FLL,7,7,0,0.0
route,MSY->HOU,26,26,0,0.0
route,MSY->IAD,9,9,0,0.0
route,MSY->IAH,28,28,0,0.0
route,MSY->JFK,6,6,0,0.0
route,MSY->LAS,8,8,0,0.0
route,MSY->LAX,16,16,0,0.0
route,MSY->LGA,6,6,0,0.0
route,MSY->MCI,2,2,0,0.0
route,MSY->MCO,12,12,0,0.0
route,MSY->MDW,11,11,0,0.0
route,MSY->MIA,9,9,0,0.0
route,MSY->MSP,2,2,0,0.0
route,MSY->OAK,3,3,0,0.0
route,MSY->ORD,19,19,0,0.0
route,MSY->PHL,3,3,0,0.0
route,MSY->PHX,4,4,0,0.0
route,MSY->PIT,1,1,0,0.0
route,MSY->RDU,4,4,0,0.0
route,MSY->SAN,4,4,0,0.0
route,MSY->SAT,5,5,0,0.0
route,MSY->SEA,2,2,0,0.0
route,MSY->SFO,7,7,0,0.0
route,MSY->SLC,2,2,0,0.0
route,MSY->STL,7,7,0,0.0
route,MSY->TPA,8,8,0,0.0
route,MTJ->DEN,8,8,0,0.0
route,MTJ->DFW,8,8,0,0.0
route,MTJ->IAH,1,1,0,0.0
route,MTJ->ORD,1,1,0,0.0
route,MVY->BOS,4,4,0,0.0
route,MVY->DCA,5,5,0,0.0
route,MVY->JFK,12,12,0,0.0
route,MVY->LGA,3,3,0,0.0
route,MYR->ABE,1,1,0,0.0
route,MYR->ACY,3,3,0,0.0
route,MYR->ALB,2,2,0,0.0
route,MYR->ATL,4,4,0,0.0
route,MYR->BDL,3,3,0,0.0
route,MYR->BLV,2,2,0,0.0
route,MYR->BOS,4,4,0,0.0
route,MYR->BWI,6,6,0,0.0
route,MYR->CKB,2,2,0,0.0
route,MYR->CLE,4,4,0,0.0
route,MYR->CLT,33,33,0,0.0
route,MYR->CMH,2,2,0,0.0
route,MYR->CVG,4,4,0,0.0
route,MYR->DAY,1,1,0,0.0
route,MYR->DCA,2,2,0,0.0
route,MYR->DEN,3,3,0,0.0
route,MYR->DFW,4,4,0,0.0
route,MYR->DTW,10,10,0,0.0
route,MYR->EWR,6,6,0,0.0
route,MYR->FLL,5,5,0,0.0
route,MYR->FWA,2,2,0,0.0
route,MYR->HTS,1,1,0,0.0
route,MYR->IAG,1,1,0,0.0
route,MYR->IAH,2,2,0,0.0
route,MYR->IND,2,2,0,0.0
route,MYR->ISP,3,3,0,0.0
route,MYR->LBE,3,3,0,0.0
route,MYR->LCK,4,4,0,0.0
route,MYR->LEX,1,1,0,0.0
route,MYR->LGA,10,10,0,0.0
route,MYR->MCI,1,1,0,0.0
route,MYR->MCO,1,1,0,0.0
route,MYR->MDT,1,1,0,0.0
route,MYR->MSP,2,2,0,0.0
route,MYR->ORD,4,4,0,0.0
route,MYR->PBG,2,2,0,0.0
route,MYR->PHL,13,13,0,0.0
route,MYR->PIT,4,4,0,0.0
route,MYR->PSM,1,1,0,0.0
route,MYR->SWF,1,1,0,0.0
route,MYR->SYR,1,1,0,0.0
route,MYR->TTN,2,2,0,0.0
route,OAJ->ATL,3,3,0,0.0
route,OAJ->CLT,22,22,0,0.0
route,OAK->ABQ,3,3,0,0.0
route,OAK->ATL,5,5,0,0.0
route,OAK->AUS,2,2,0,0.0
route,OAK->AZA,1,1,0,0.0
route,OAK->BLI,7,7,0,0.0
route,OAK->BNA,5,5,0,0.0
route,OAK->BOI,3,3,0,0.0
route,OAK->BOS,4,4,0,0.0
route,OAK->BUR,38,38,0,0.0
route,OAK->BWI,5,5,0,0.0
route,OAK->CMH,1,1,0,0.0
route,OAK->DAL,2,2,0,0.0
route,OAK->DEN,15,15,0,0.0
route,OAK->DFW,6,6,0,0.0
route,OAK->DTW,2,2,0,0.0
route,OAK->EWR,4,4,0,0.0
route,OAK->FCA,3,3,0,0.0
route,OAK->GEG,4,4,0,0.0
route,OAK->HNL,4,3,1,0.25
route,OAK->HOU,7,7,0,0.0
route,OAK->IAH,3,3,0,0.0
route,OAK->IND,2,2,0,0.0
route,OAK->JFK,5,5,0,0.0
route,OAK->KOA,3,3,0,0.0
route,OAK->LAS,39,39,0,0.0
route,OAK->LAX,52,52,0,0.0
route,OAK->LGB,24,24,0,0.0
route,OAK->LIH,4,2,2,0.5
route,OAK->MCI,3,3,0,0.0
route,OAK->MCO,1,1,0,0.0
route,OAK->MDW,9,9,0,0.0
route,OAK->MSO,2,2,0,0.0
route,OAK->MSP,3,3,0,0.0
route,OAK->MSY,3,3,0,0.0
route,OAK->OGG,1,1,0,0.0
route,OAK->ONT,24,24,0,0.0
route,OAK->ORD,5,5,0,0.0
route,OAK->PDX,29,29,0,0.0
route,OAK->PHX,28,28,0,0.0
route,OAK->RNO,11,11,0,0.0
route,OAK->SAN,41,41,0,0.0
route,OAK->SAT,4,4,0,0.0
route,OAK->SEA,29,29,0,0.0
route,OAK->SLC,12,12,0,0.0
route,OAK->SNA,27,27,0,0.0
route,OAK->STL,3,3,0,0.0
route,OGD->AZA,1,1,0,0.0
route,OGG->DEN,5,5,0,0.0
route,OGG->DFW,5,5,0,0.0
route,OGG->HNL,92,42,50,0.5434782608695652
route,OGG->ITO,4,1,3,0.75
route,OGG->KOA,6,6,0,0.0
route,OGG->LAX,28,27,1,0.0357142857142857
route,OGG->LIH,8,0,8,1.0
route,OGG->OAK,14,8,6,0.4285714285714286
route,OGG->ORD,2,2,0,0.0
route,OGG->PDX,11,8,3,0.2727272727272727
route,OGG->PHX,5,5,0,0.0
route,OGG->SAN,7,4,3,0.4285714285714286
route,OGG->SEA,11,7,4,0.36363636363636365
route,OGG->SFO,28,25,3,0.1071428571428571
route,OGG->SJC,2,1,1,0.5
route,OGG->SMF,2,2,0,0.0
route,OGS->ORD,3,3,0,0.0
route,OGS->SFB,2,2,0,0.0
route,OKC->ATL,7,7,0,0.0
route,OKC->BWI,7,7,0,0.0
route,OKC->CLT,4,4,0,0.0
route,OKC->DAL,8,8,0,0.0
route,OKC->DCA,1,1,0,0.0
route,OKC->DEN,30,30,0,0.0
route,OKC->DFW,24,24,0,0.0
route,OKC->DTW,1,1,0,0.0
route,OKC->EWR,1,1,0,0.0
route,OKC->HOU,8,8,0,0.0
route,OKC->IAD,1,1,0,0.0
route,OKC->IAH,22,22,0,0.0
route,OKC->LAS,9,9,0,0.0
route,OKC->LAX,6,6,0,0.0
route,OKC->MCO,2,2,0,0.0
route,OKC->MSP,2,2,0,0.0
route,OKC->ORD,21,21,0,0.0
route,OKC->PHL,3,3,0,0.0
route,OKC->PHX,5,5,0,0.0
route,OKC->SEA,1,1,0,0.0
route,OKC->SFB,2,2,0,0.0
route,OKC->SFO,4,4,0,0.0
route,OKC->SLC,2,2,0,0.0
route,OKC->STL,10,10,0,0.0
route,OKC->VPS,3,3,0,0.0
route,OMA->ATL,7,7,0,0.0
route,OMA->AZA,1,1,0,0.0
route,OMA->CLT,8,8,0,0.0
route,OMA->DAL,4,4,0,0.0
route,OMA->DCA,6,6,0,0.0
route,OMA->DEN,35,35,0,0.0
route,OMA->DFW,15,15,0,0.0
route,OMA->DTW,4,4,0,0.0
route,OMA->EWR,4,4,0,0.0
route,OMA->HOU,4,4,0,0.0
route,OMA->IAH,13,13,0,0.0
route,OMA->LAS,17,17,0,0.0
route,OMA->LAX,5,5,0,0.0
route,OMA->LGA,2,2,0,0.0
route,OMA->MCO,1,1,0,0.0
route,OMA->MDW,16,16,0,0.0
route,OMA->MIA,1,1,0,0.0
route,OMA->MSP,7,7,0,0.0
route,OMA->ORD,38,38,0,0.0
route,OMA->PHL,4,4,0,0.0
route,OMA->PHX,11,11,0,0.0
route,OMA->SEA,1,1,0,0.0
route,OMA->SFO,6,6,0,0.0
route,OMA->SLC,6,6,0,0.0
route,OMA->STL,9,9,0,0.0
route,OME->ANC,3,3,0,0.0
route,ONT->ATL,3,3,0,0.0
route,ONT->AUS,4,4,0,0.0
route,ONT->DAL,2,2,0,0.0
route,ONT->DEN,26,26,0,0.0
route,ONT->DFW,11,11,0,0.0
route,ONT->IAH,1,1,0,0.0
route,ONT->JFK,2,2,0,0.0
route,ONT->LAS,14,14,0,0.0
route,ONT->MCO,2,2,0,0.0
route,ONT->MDW,2,2,0,0.0
route,ONT->OAK,20,20,0,0.0
route,ONT->PDX,6,6,0,0.0
route,ONT->PHX,43,43,0,0.0
route,ONT->SAT,3,3,0,0.0
route,ONT->SEA,1,1,0,0.0
route,ONT->SFO,34,34,0,0.0
route,ONT->SJC,12,12,0,0.0
route,ONT->SLC,6,6,0,0.0
route,ONT->SMF,26,26,0,0.0
route,ORD->ABE,10,10,0,0.0
route,ORD->ABQ,17,17,0,0.0
route,ORD->ALB,20,20,0,0.0
route,ORD->ALO,8,8,0,0.0
route,ORD->ANC,10,10,0,0.0
route,ORD->ASE,10,10,0,0.0
route,ORD->ATL,55,55,0,0.0
route,ORD->ATW,23,23,0,0.0
route,ORD->AUS,26,26,0,0.0
route,ORD->AVL,13,13,0,0.0
route,ORD->AVP,14,14,0,0.0
route,ORD->AZO,17,17,0,0.0
route,ORD->BDL,27,27,0,0.0
route,ORD->BFM,1,1,0,0.0
route,ORD->BGR,8,8,0,0.0
route,ORD->BHM,22,22,0,0.0
route,ORD->BIL,1,1,0,0.0
route,ORD->BIS,6,6,0,0.0
route,ORD->BKG,2,2,0,0.0
route,ORD->BMI,10,10,0,0.0
route,ORD->BNA,54,54,0,0.0
route,ORD->BOI,15,15,0,0.0
route,ORD->BOS,68,68,0,0.0
route,ORD->BTV,12,12,0,0.0
route,ORD->BUF,44,44,0,0.0
route,ORD->BWI,42,42,0,0.0
route,ORD->BZN,11,11,0,0.0
route,ORD->CAE,7,7,0,0.0
route,ORD->CAK,15,15,0,0.0
route,ORD->CGI,2,2,0,0.0
route,ORD->CHA,7,7,0,0.0
route,ORD->CHO,22,22,0,0.0
route,ORD->CHS,15,15,0,0.0
route,ORD->CID,29,29,0,0.0
route,ORD->CKB,4,4,0,0.0
route,ORD->CLE,52,52,0,0.0
route,ORD->CLT,60,60,0,0.0
route,ORD->CMH,43,43,0,0.0
route,ORD->CMI,25,25,0,0.0
route,ORD->CMX,8,8,0,0.0
route,ORD->COS,16,16,0,0.0
route,ORD->COU,23,23,0,0.0
route,ORD->CRW,9,9,0,0.0
route,ORD->CVG,54,54,0,0.0
route,ORD->CWA,13,13,0,0.0
route,ORD->DAY,35,35,0,0.0
route,ORD->DBQ,7,7,0,0.0
route,ORD->DCA,77,77,0,0.0
route,ORD->DEN,56,56,0,0.0
route,ORD->DFW,65,65,0,0.0
route,ORD->DLH,14,14,0,0.0
route,ORD->DRO,2,2,0,0.0
route,ORD->DSM,35,35,0,0.0
route,ORD->DTW,50,50,0,0.0
route,ORD->EAU,11,11,0,0.0
route,ORD->ELP,9,9,0,0.0
route,ORD->ERI,5,5,0,0.0
route,ORD->EUG,1,1,0,0.0
route,ORD->EVV,18,18,0,0.0
route,ORD->EWR,43,43,0,0.0
route,ORD->FAI,2,2,0,0.0
route,ORD->FAR,23,23,0,0.0
route,ORD->FAT,4,4,0,0.0
route,ORD->FCA,5,5,0,0.0
route,ORD->FLL,25,25,0,0.0
route,ORD->FNT,20,20,0,0.0
route,ORD->FSD,28,28,0,0.0
route,ORD->FWA,22,22,0,0.0
route,ORD->GEG,6,6,0,0.0
route,ORD->GJT,1,1,0,0.0
route,ORD->GRB,36,36,0,0.0
route,ORD->GRR,42,42,0,0.0
route,ORD->GSO,11,11,0,0.0
route,ORD->GSP,19,19,0,0.0
route,ORD->GTF,3,3,0,0.0
route,ORD->HNL,8,8,0,0.0
route,ORD->HPN,15,15,0,0.0
route,ORD->HRL,1,1,0,0.0
route,ORD->HSV,13,13,0,0.0
route,ORD->IAD,18,18,0,0.0
route,ORD->IAH,45,45,0,0.0
route,ORD->ICT,26,26,0,0.0
route,ORD->ILM,8,8,0,0.0
route,ORD->IND,53,53,0,0.0
route,ORD->ISP,2,2,0,0.0
route,ORD->JAC,14,14,0,0.0
route,ORD->JAN,2,2,0,0.0
route,ORD->JAX,21,21,0,0.0
route,ORD->JFK,16,16,0,0.0
route,ORD->JLN,5,5,0,0.0
route,ORD->LAN,7,7,0,0.0
route,ORD->LAS,41,41,0,0.0
route,ORD->LAX,87,87,0,0.0
route,ORD->LEX,16,16,0,0.0
route,ORD->LGA,94,94,0,0.0
route,ORD->LIT,18,18,0,0.0
route,ORD->LNK,17,17,0,0.0
route,ORD->LSE,10,10,0,0.0
route,ORD->LWB,3,3,0,0.0
route,ORD->MBS,9,9,0,0.0
route,ORD->MCI,43,43,0,0.0
route,ORD->MCO,35,35,0,0.0
route,ORD->MDT,35,35,0,0.0
route,ORD->MEI,4,4,0,0.0
route,ORD->MEM,25,25,0,0.0
route,ORD->MHK,9,9,0,0.0
route,ORD->MHT,7,7,0,0.0
route,ORD->MIA,32,32,0,0.0
route,ORD->MKE,46,46,0,0.0
route,ORD->MKG,8,8,0,0.0
route,ORD->MLI,22,22,0,0.0
route,ORD->MQT,8,8,0,0.0
route,ORD->MSN,47,47,0,0.0
route,ORD->MSO,4,4,0,0.0
route,ORD->MSP,68,68,0,0.0
route,ORD->MSY,17,17,0,0.0
route,ORD->MTJ,4,4,0,0.0
route,ORD->MYR,6,6,0,0.0
route,ORD->OAK,2,2,0,0.0
route,ORD->OGG,3,3,0,0.0
route,ORD->OGS,1,1,0,0.0
route,ORD->OKC,25,25,0,0.0
route,ORD->OMA,36,36,0,0.0
route,ORD->ORF,21,21,0,0.0
route,ORD->PAH,6,6,0,0.0
route,ORD->PBI,5,5,0,0.0
route,ORD->PDX,28,28,0,0.0
route,ORD->PHL,53,53,0,0.0
route,ORD->PHX,39,39,0,0.0
route,ORD->PIA,20,20,0,0.0
route,ORD->PIT,31,31,0,0.0
route,ORD->PNS,4,4,0,0.0
route,ORD->PVD,20,20,0,0.0
route,ORD->PWM,17,17,0,0.0
route,ORD->RAP,20,20,0,0.0
route,ORD->RDU,49,49,0,0.0
route,ORD->RIC,42,42,0,0.0
route,ORD->RNO,10,10,0,0.0
route,ORD->ROA,11,11,0,0.0
route,ORD->ROC,28,28,0,0.0
route,ORD->RST,15,15,0,0.0
route,ORD->RSW,16,16,0,0.0
route,ORD->SAN,29,29,0,0.0
route,ORD->SAT,16,16,0,0.0
route,ORD->SAV,22,22,0,0.0
route,ORD->SBN,10,10,0,0.0
route,ORD->SCE,6,6,0,0.0
route,ORD->SDF,32,32,0,0.0
route,ORD->SEA,50,50,0,0.0
route,ORD->SFO,77,77,0,0.0
route,ORD->SGF,19,19,0,0.0
route,ORD->SHD,1,1,0,0.0
route,ORD->SJC,7,7,0,0.0
route,ORD->SJU,7,7,0,0.0
route,ORD->SLC,35,35,0,0.0
route,ORD->SLN,5,5,0,0.0
route,ORD->SMF,11,11,0,0.0
route,ORD->SNA,21,21,0,0.0
route,ORD->SPI,9,9,0,0.0
route,ORD->SRQ,4,4,0,0.0
route,ORD->STL,41,41,0,0.0
route,ORD->SUX,9,9,0,0.0
route,ORD->SYR,23,23,0,0.0
route,ORD->TOL,7,7,0,0.0
route,ORD->TPA,20,20,0,0.0
route,ORD->TTN,3,3,0,0.0
route,ORD->TUL,22,22,0,0.0
route,ORD->TUS,13,13,0,0.0
route,ORD->TVC,34,34,0,0.0
route,ORD->TYS,19,19,0,0.0
route,ORD->UIN,7,7,0,0.0
route,ORD->VPS,1,1,0,0.0
route,ORD->XNA,26,26,0,0.0
route,ORF->ATL,11,11,0,0.0
route,ORF->BOS,2,2,0,0.0
route,ORF->BWI,19,19,0,0.0
route,ORF->CLT,30,30,0,0.0
route,ORF->DCA,9,9,0,0.0
route,ORF->DEN,3,3,0,0.0
route,ORF->DFW,13,13,0,0.0
route,ORF->DTW,6,6,0,0.0
route,ORF->EWR,15,15,0,0.0
route,ORF->FLL,2,2,0,0.0
route,ORF->IAD,24,24,0,0.0
route,ORF->IAH,6,6,0,0.0
route,ORF->JAX,1,1,0,0.0
route,ORF->JFK,14,14,0,0.0
route,ORF->LAS,1,1,0,0.0
route,ORF->LGA,16,16,0,0.0
route,ORF->MCO,3,3,0,0.0
route,ORF->MDW,7,7,0,0.0
route,ORF->MIA,11,11,0,0.0
route,ORF->ORD,24,24,0,0.0
route,ORF->PHL,29,29,0,0.0
route,ORF->SFB,2,2,0,0.0
route,ORH->DTW,1,1,0,0.0
route,ORH->FLL,4,4,0,0.0
route,ORH->MCO,5,5,0,0.0
route,OTH->SFO,4,4,0,0.0
route,OTZ->ANC,3,3,0,0.0
route,OTZ->OME,2,2,0,0.0
route,OWB->SFB,2,2,0,0.0
route,PAE->DEN,2,2,0,0.0
route,PAE->LAS,3,3,0,0.0
route,PAE->LAX,8,8,0,0.0
route,PAE->PDX,5,5,0,0.0
route,PAE->PHX,1,1,0,0.0
route,PAE->SAN,2,2,0,0.0
route,PAE->SFO,6,6,0,0.0
route,PAE->SJC,5,5,0,0.0
route,PAE->SNA,1,1,0,0.0
route,PAH->CGI,3,3,0,0.0
route,PAH->ORD,5,5,0,0.0
route,PBG->FLL,4,4,0,0.0
route,PBG->IAD,4,4,0,0.0
route,PBG->PIE,1,1,0,0.0
route,PBG->SFB,2,2,0,0.0
route,PBI->ATL,20,20,0,0.0
route,PBI->BDL,3,3,0,0.0
route,PBI->BOS,16,16,0,0.0
route,PBI->BWI,6,6,0,0.0
route,PBI->CLT,19,19,0,0.0
route,PBI->DCA,5,5,0,0.0
route,PBI->DFW,11,11,0,0.0
route,PBI->DTW,1,1,0,0.0
route,PBI->EWR,24,24,0,0.0
route,PBI->HPN,12,12,0,0.0
route,PBI->ISP,11,11,0,0.0
route,PBI->JFK,15,15,0,0.0
route,PBI->LGA,15,15,0,0.0
route,PBI->ORD,3,3,0,0.0
route,PBI->PHL,10,10,0,0.0
route,PBI->PVD,3,3,0,0.0
route,PBI->RDU,1,1,0,0.0
route,PDX->ABQ,1,1,0,0.0
route,PDX->ANC,10,10,0,0.0
route,PDX->ATL,5,5,0,0.0
route,PDX->AUS,2,2,0,0.0
route,PDX->BIL,1,1,0,0.0
route,PDX->BOI,3,3,0,0.0
route,PDX->BOS,10,10,0,0.0
route,PDX->BUR,5,5,0,0.0
route,PDX->BWI,1,1,0,0.0
route,PDX->BZN,2,2,0,0.0
route,PDX->CLT,5,5,0,0.0
route,PDX->DAL,7,7,0,0.0
route,PDX->DCA,1,1,0,0.0
route,PDX->DEN,33,33,0,0.0
route,PDX->DFW,16,16,0,0.0
route,PDX->DTW,2,2,0,0.0
route,PDX->EUG,5,5,0,0.0
route,PDX->EWR,9,9,0,0.0
route,PDX->FAT,4,4,0,0.0
route,PDX->FCA,1,1,0,0.0
route,PDX->GEG,14,14,0,0.0
route,PDX->HNL,1,0,1,1.0
route,PDX->IAD,7,7,0,0.0
route,PDX->IAH,5,5,0,0.0
route,PDX->JFK,5,5,0,0.0
route,PDX->LAS,35,35,0,0.0
route,PDX->LAX,33,33,0,0.0
route,PDX->LGB,6,6,0,0.0
route,PDX->MCI,3,3,0,0.0
route,PDX->MCO,2,2,0,0.0
route,PDX->MDW,4,4,0,0.0
route,PDX->MFR,7,7,0,0.0
route,PDX->MSP,6,6,0,0.0
route,PDX->OAK,20,20,0,0.0
route,PDX->OGG,6,3,3,0.5
route,PDX->OMA,2,2,0,0.0
route,PDX->ONT,8,8,0,0.0
route,PDX->ORD,29,29,0,0.0
route,PDX->PAE,6,6,0,0.0
route,PDX->PHL,2,2,0,0.0
route,PDX->PHX,35,35,0,0.0
route,PDX->RDM,3,3,0,0.0
route,PDX->RNO,8,8,0,0.0
route,PDX->SAN,9,9,0,0.0
route,PDX->SBA,2,2,0,0.0
route,PDX->SEA,44,44,0,0.0
route,PDX->SFO,47,47,0,0.0
route,PDX->SJC,19,19,0,0.0
route,PDX->SLC,15,15,0,0.0
route,PDX->SMF,27,27,0,0.0
route,PDX->SNA,4,4,0,0.0
route,PDX->STL,2,2,0,0.0
route,PDX->STS,2,2,0,0.0
route,PGD->ABE,3,3,0,0.0
route,PGD->ALB,1,1,0,0.0
route,PGD->BLV,2,2,0,0.0
route,PGD->BNA,1,1,0,0.0
route,PGD->CID,1,1,0,0.0
route,PGD->CVG,3,3,0,0.0
route,PGD->DAY,1,1,0,0.0
route,PGD->FNT,1,1,0,0.0
route,PGD->FWA,2,2,0,0.0
route,PGD->IAG,1,1,0,0.0
route,PGD->IND,4,4,0,0.0
route,PGD->LEX,1,1,0,0.0
route,PGD->MDT,2,2,0,0.0
route,PGD->MKE,1,1,0,0.0
route,PGD->PIT,2,2,0,0.0
route,PGD->PSM,1,1,0,0.0
route,PGD->PVD,1,1,0,0.0
route,PGD->SBN,3,3,0,0.0
route,PGD->SGF,1,1,0,0.0
route,PGD->SPI,1,1,0,0.0
route,PGD->SWF,1,1,0,0.0
route,PGD->TYS,2,2,0,0.0
route,PGD->USA,2,2,0,0.0
route,PGV->CLT,14,14,0,0.0
route,PHF->ATL,4,4,0,0.0
route,PHF->CLT,24,24,0,0.0
route,PHF->PHL,8,8,0,0.0
route,PHL->ABE,15,15,0,0.0
route,PHL->ALB,15,15,0,0.0
route,PHL->ART,6,6,0,0.0
route,PHL->ATL,36,36,0,0.0
route,PHL->AUS,4,4,0,0.0
route,PHL->AVL,1,1,0,0.0
route,PHL->AVP,11,11,0,0.0
route,PHL->BDL,21,21,0,0.0
route,PHL->BGR,8,8,0,0.0
route,PHL->BHM,13,13,0,0.0
route,PHL->BNA,32,32,0,0.0
route,PHL->BOS,65,65,0,0.0
route,PHL->BTV,15,15,0,0.0
route,PHL->BUF,22,22,0,0.0
route,PHL->BWI,4,4,0,0.0
route,PHL->CAE,7,7,0,0.0
route,PHL->CAK,7,7,0,0.0
route,PHL->CHA,2,2,0,0.0
route,PHL->CHO,5,5,0,0.0
route,PHL->CHS,19,19,0,0.0
route,PHL->CLE,15,15,0,0.0
route,PHL->CLT,30,30,0,0.0
route,PHL->CMH,11,11,0,0.0
route,PHL->CRW,5,5,0,0.0
route,PHL->CVG,28,28,0,0.0
route,PHL->DAL,2,2,0,0.0
route,PHL->DAY,12,12,0,0.0
route,PHL->DCA,13,13,0,0.0
route,PHL->DEN,25,25,0,0.0
route,PHL->DFW,37,37,0,0.0
route,PHL->DSM,9,9,0,0.0
route,PHL->DTW,28,28,0,0.0
route,PHL->ERI,4,4,0,0.0
route,PHL->FLL,28,28,0,0.0
route,PHL->FWA,7,7,0,0.0
route,PHL->GRR,10,10,0,0.0
route,PHL->GSO,13,13,0,0.0
route,PHL->GSP,5,5,0,0.0
route,PHL->HOU,1,1,0,0.0
route,PHL->HVN,12,12,0,0.0
route,PHL->IAD,6,6,0,0.0
route,PHL->IAH,20,20,0,0.0
route,PHL->ILM,6,6,0,0.0
route,PHL->IND,19,19,0,0.0
route,PHL->IPT,12,12,0,0.0
route,PHL->ISP,8,8,0,0.0
route,PHL->ITH,10,10,0,0.0
route,PHL->JAX,14,14,0,0.0
route,PHL->JFK,1,1,0,0.0
route,PHL->LAS,22,22,0,0.0
route,PHL->LAX,32,32,0,0.0
route,PHL->LEX,2,2,0,0.0
route,PHL->LGA,9,9,0,0.0
route,PHL->MCI,7,7,0,0.0
route,PHL->MCO,57,57,0,0.0
route,PHL->MDT,19,19,0,0.0
route,PHL->MDW,23,23,0,0.0
route,PHL->MEM,12,12,0,0.0
route,PHL->MHT,21,21,0,0.0
route,PHL->MIA,15,15,0,0.0
route,PHL->MKE,16,16,0,0.0
route,PHL->MSN,10,10,0,0.0
route,PHL->MSP,15,15,0,0.0
route,PHL->MSY,11,11,0,0.0
route,PHL->MYR,10,10,0,0.0
route,PHL->OKC,6,6,0,0.0
route,PHL->OMA,7,7,0,0.0
route,PHL->ORD,38,38,0,0.0
route,PHL->ORF,19,19,0,0.0
route,PHL->ORH,2,2,0,0.0
route,PHL->PBI,11,11,0,0.0
route,PHL->PDX,4,4,0,0.0
route,PHL->PHF,10,10,0,0.0
route,PHL->PHX,16,16,0,0.0
route,PHL->PIT,18,18,0,0.0
route,PHL->PNS,6,6,0,0.0
route,PHL->PVD,12,12,0,0.0
route,PHL->PWM,19,19,0,0.0
route,PHL->RDU,25,25,0,0.0
route,PHL->RIC,23,23,0,0.0
route,PHL->ROA,8,8,0,0.0
route,PHL->ROC,23,23,0,0.0
route,PHL->RSW,13,13,0,0.0
route,PHL->SAN,14,14,0,0.0
route,PHL->SAT,3,3,0,0.0
route,PHL->SAV,8,8,0,0.0
route,PHL->SBY,11,11,0,0.0
route,PHL->SCE,18,18,0,0.0
route,PHL->SDF,11,11,0,0.0
route,PHL->SEA,16,16,0,0.0
route,PHL->SFO,26,26,0,0.0
route,PHL->SJU,13,13,0,0.0
route,PHL->SLC,3,3,0,0.0
route,PHL->STL,27,27,0,0.0
route,PHL->SWF,9,9,0,0.0
route,PHL->SYR,12,12,0,0.0
route,PHL->TPA,32,32,0,0.0
route,PHL->TYS,13,13,0,0.0
route,PHX->ABQ,33,33,0,0.0
route,PHX->AMA,2,2,0,0.0
route,PHX->ANC,3,3,0,0.0
route,PHX->ASE,1,1,0,0.0
route,PHX->ATL,15,15,0,0.0
route,PHX->AUS,26,26,0,0.0
route,PHX->BFL,9,9,0,0.0
route,PHX->BNA,9,9,0,0.0
route,PHX->BOI,11,11,0,0.0
route,PHX->BOS,18,18,0,0.0
route,PHX->BUF,4,4,0,0.0
route,PHX->BUR,28,28,0,0.0
route,PHX->BWI,18,18,0,0.0
route,PHX->CLE,7,7,0,0.0
route,PHX->CLT,20,20,0,0.0
route,PHX->CMH,8,8,0,0.0
route,PHX->COS,2,2,0,0.0
route,PHX->CVG,1,1,0,0.0
route,PHX->DAL,25,25,0,0.0
route,PHX->DCA,9,9,0,0.0
route,PHX->DEN,55,55,0,0.0
route,PHX->DFW,39,39,0,0.0
route,PHX->DRO,12,12,0,0.0
route,PHX->DSM,6,6,0,0.0
route,PHX->DTW,24,24,0,0.0
route,PHX->ELP,39,39,0,0.0
route,PHX->EWR,21,21,0,0.0
route,PHX->FAT,23,23,0,0.0
route,PHX->FLG,12,12,0,0.0
route,PHX->FLL,10,10,0,0.0
route,PHX->FSD,3,3,0,0.0
route,PHX->GEG,7,7,0,0.0
route,PHX->GJT,5,5,0,0.0
route,PHX->HNL,9,7,2,0.2222222222222222
route,PHX->HOU,12,12,0,0.0
route,PHX->IAD,3,3,0,0.0
route,PHX->IAH,24,24,0,0.0
route,PHX->ICT,3,3,0,0.0
route,PHX->IND,16,16,0,0.0
route,PHX->JAC,1,1,0,0.0
route,PHX->JFK,20,20,0,0.0
route,PHX->KOA,1,1,0,0.0
route,PHX->LAS,54,54,0,0.0
route,PHX->LAX,80,80,0,0.0
route,PHX->LBB,4,4,0,0.0
route,PHX->LGB,6,6,0,0.0
route,PHX->LIH,4,4,0,0.0
route,PHX->LIT,3,3,0,0.0
route,PHX->MAF,2,2,0,0.0
route,PHX->MCI,20,20,0,0.0
route,PHX->MCO,7,7,0,0.0
route,PHX->MDW,30,30,0,0.0
route,PHX->MEM,6,6,0,0.0
route,PHX->MFR,3,3,0,0.0
route,PHX->MIA,14,14,0,0.0
route,PHX->MKE,15,15,0,0.0
route,PHX->MRY,7,7,0,0.0
route,PHX->MSP,25,25,0,0.0
route,PHX->MSY,5,5,0,0.0
route,PHX->MTJ,4,4,0,0.0
route,PHX->OAK,28,28,0,0.0
route,PHX->OGG,7,7,0,0.0
route,PHX->OKC,6,6,0,0.0
route,PHX->OMA,6,6,0,0.0
route,PHX->ONT,35,35,0,0.0
route,PHX->ORD,59,59,0,0.0
route,PHX->PAE,1,1,0,0.0
route,PHX->PDX,33,33,0,0.0
route,PHX->PHL,32,32,0,0.0
route,PHX->PIT,6,6,0,0.0
route,PHX->PSP,10,10,0,0.0
route,PHX->RDM,4,4,0,0.0
route,PHX->RDU,3,3,0,0.0
route,PHX->RNO,20,20,0,0.0
route,PHX->ROW,5,5,0,0.0
route,PHX->SAF,5,5,0,0.0
route,PHX->SAN,51,51,0,0.0
route,PHX->SAT,31,31,0,0.0
route,PHX->SBA,13,13,0,0.0
route,PHX->SBP,16,16,0,0.0
route,PHX->SDF,2,2,0,0.0
route,PHX->SEA,45,45,0,0.0
route,PHX->SFO,50,50,0,0.0
route,PHX->SGU,4,4,0,0.0
route,PHX->SJC,34,34,0,0.0
route,PHX->SLC,39,39,0,0.0
route,PHX->SMF,28,28,0,0.0
route,PHX->SNA,38,38,0,0.0
route,PHX->STL,15,15,0,0.0
route,PHX->STS,2,2,0,0.0
route,PHX->TPA,10,10,0,0.0
route,PHX->TUL,6,6,0,0.0
route,PHX->TUS,23,23,0,0.0
route,PHX->YUM,14,14,0,0.0
route,PIA->ATL,3,3,0,0.0
route,PIA->AZA,1,1,0,0.0
route,PIA->CLT,4,4,0,0.0
route,PIA->DFW,7,7,0,0.0
route,PIA->LAS,2,2,0,0.0
route,PIA->MSP,2,2,0,0.0
route,PIA->ORD,18,18,0,0.0
route,PIA->PGD,2,2,0,0.0
route,PIB->DFW,3,3,0,0.0
route,PIB->MEI,6,6,0,0.0
route,PIE->ABE,1,1,0,0.0
route,PIE->ATW,1,1,0,0.0
route,PIE->AVL,3,3,0,0.0
route,PIE->BLV,3,3,0,0.0
route,PIE->BMI,1,1,0,0.0
route,PIE->BNA,3,3,0,0.0
route,PIE->CHA,1,1,0,0.0
route,PIE->CID,2,2,0,0.0
route,PIE->CVG,2,2,0,0.0
route,PIE->DAY,2,2,0,0.0
route,PIE->DSM,1,1,0,0.0
route,PIE->ELM,2,2,0,0.0
route,PIE->FWA,3,3,0,0.0
route,PIE->GRR,1,1,0,0.0
route,PIE->GSO,4,4,0,0.0
route,PIE->GSP,3,3,0,0.0
route,PIE->HTS,2,2,0,0.0
route,PIE->IND,1,1,0,0.0
route,PIE->LEX,2,2,0,0.0
route,PIE->MCI,1,1,0,0.0
route,PIE->PBG,1,1,0,0.0
route,PIE->PIA,1,1,0,0.0
route,PIE->PIT,4,4,0,0.0
route,PIE->RIC,2,2,0,0.0
route,PIE->SBN,2,2,0,0.0
route,PIE->SGF,3,3,0,0.0
route,PIE->SWF,1,1,0,0.0
route,PIE->SYR,3,3,0,0.0
route,PIE->TOL,1,1,0,0.0
route,PIE->TRI,2,2,0,0.0
route,PIE->TYS,4,4,0,0.0
route,PIE->USA,3,3,0,0.0
route,PIH->SLC,4,4,0,0.0
route,PIR->ATY,1,1,0,0.0
route,PIR->DEN,3,3,0,0.0
route,PIT->ATL,20,20,0,0.0
route,PIT->AUS,1,1,0,0.0
route,PIT->BNA,2,2,0,0.0
route,PIT->BOS,27,27,0,0.0
route,PIT->BWI,6,6,0,0.0
route,PIT->CHS,1,1,0,0.0
route,PIT->CLT,29,29,0,0.0
route,PIT->DAL,4,4,0,0.0
route,PIT->DCA,12,12,0,0.0
route,PIT->DEN,16,16,0,0.0
route,PIT->DFW,16,16,0,0.0
route,PIT->DTW,6,6,0,0.0
route,PIT->EWR,24,24,0,0.0
route,PIT->FLL,6,6,0,0.0
route,PIT->HOU,3,3,0,0.0
route,PIT->IAD,19,19,0,0.0
route,PIT->IAH,8,8,0,0.0
route,PIT->JAX,1,1,0,0.0
route,PIT->JFK,10,10,0,0.0
route,PIT->LAS,6,6,0,0.0
route,PIT->LAX,5,5,0,0.0
route,PIT->LGA,21,21,0,0.0
route,PIT->MCO,16,16,0,0.0
route,PIT->MDW,20,20,0,0.0
route,PIT->MIA,8,8,0,0.0
route,PIT->MSP,5,5,0,0.0
route,PIT->MSY,1,1,0,0.0
route,PIT->MYR,5,5,0,0.0
route,PIT->ORD,37,37,0,0.0
route,PIT->PGD,1,1,0,0.0
route,PIT->PHL,16,16,0,0.0
route,PIT->PHX,12,12,0,0.0
route,PIT->PIE,5,5,0,0.0
route,PIT->RDU,3,3,0,0.0
route,PIT->RSW,1,1,0,0.0
route,PIT->SEA,5,5,0,0.0
route,PIT->SFB,1,1,0,0.0
route,PIT->SFO,14,14,0,0.0
route,PIT->SLC,2,2,0,0.0
route,PIT->SRQ,1,1,0,0.0
route,PIT->STL,5,5,0,0.0
route,PIT->TPA,6,6,0,0.0
route,PIT->VPS,2,2,0,0.0
route,PLN->APN,1,1,0,0.0
route,PLN->DTW,3,3,0,0.0
route,PNS->ATL,13,13,0,0.0
route,PNS->BNA,3,3,0,0.0
route,PNS->CLT,13,13,0,0.0
route,PNS->DAL,2,2,0,0.0
route,PNS->DCA,3,3,0,0.0
route,PNS->DEN,3,3,0,0.0
route,PNS->DFW,14,14,0,0.0
route,PNS->HOU,3,3,0,0.0
route,PNS->IAH,21,21,0,0.0
route,PNS->MIA,13,13,0,0.0
route,PNS->ORD,6,6,0,0.0
route,PNS->PHL,8,8,0,0.0
route,PNS->STL,1,1,0,0.0
route,PQI->EWR,7,7,0,0.0
route,PRC->DEN,4,4,0,0.0
route,PRC->LAX,3,3,0,0.0
route,PSC->AZA,1,1,0,0.0
route,PSC->DEN,11,11,0,0.0
route,PSC->LAX,1,1,0,0.0
route,PSC->MSP,1,1,0,0.0
route,PSC->SEA,13,13,0,0.0
route,PSC->SFO,4,4,0,0.0
route,PSC->SLC,1,1,0,0.0
route,PSE->JFK,2,2,0,0.0
route,PSE->MCO,7,7,0,0.0
route,PSG->WRG,2,2,0,0.0
route,PSP->BLI,1,1,0,0.0
route,PSP->DEN,13,13,0,0.0
route,PSP->DFW,9,9,0,0.0
route,PSP->LAX,6,6,0,0.0
route,PSP->PHX,21,21,0,0.0
route,PSP->SEA,2,2,0,0.0
route,PSP->SFO,17,17,0,0.0
route,PSP->SLC,2,2,0,0.0
route,PUB->DEN,6,6,0,0.0
route,PUB->LBL,2,2,0,0.0
route,PUW->SEA,2,2,0,0.0
route,PVD->ATL,7,7,0,0.0
route,PVD->BWI,20,20,0,0.0
route,PVD->CLT,21,21,0,0.0
route,PVD->DCA,33,33,0,0.0
route,PVD->DEN,2,2,0,0.0
route,PVD->DTW,7,7,0,0.0
route,PVD->EWR,11,11,0,0.0
route,PVD->FLL,7,7,0,0.0
route,PVD->IAD,9,9,0,0.0
route,PVD->MCO,26,26,0,0.0
route,PVD->MDW,5,5,0,0.0
route,PVD->ORD,17,17,0,0.0
route,PVD->PBI,3,3,0,0.0
route,PVD->PGD,1,1,0,0.0
route,PVD->PHL,20,20,0,0.0
route,PVD->RDU,2,2,0,0.0
route,PVD->TPA,5,5,0,0.0
route,PVU->AZA,4,4,0,0.0
route,PVU->LAX,1,1,0,0.0
route,PVU->TUS,1,1,0,0.0
route,PWM->ATL,4,4,0,0.0
route,PWM->BWI,23,23,0,0.0
route,PWM->CLT,4,4,0,0.0
route,PWM->DCA,12,12,0,0.0
route,PWM->DTW,3,3,0,0.0
route,PWM->EWR,24,24,0,0.0
route,PWM->IAD,11,11,0,0.0
route,PWM->JFK,16,16,0,0.0
route,PWM->LGA,11,11,0,0.0
route,PWM->MCO,1,1,0,0.0
route,PWM->MDW,1,1,0,0.0
route,PWM->ORD,18,18,0,0.0
route,PWM->PHL,18,18,0,0.0
route,PWM->RDU,1,1,0,0.0
route,RAP->AZA,1,1,0,0.0
route,RAP->CLT,3,3,0,0.0
route,RAP->DEN,25,25,0,0.0
route,RAP->DFW,6,6,0,0.0
route,RAP->EWR,1,1,0,0.0
route,RAP->LAS,2,2,0,0.0
route,RAP->MSP,7,7,0,0.0
route,RAP->ORD,12,12,0,0.0
route,RAP->SLC,1,1,0,0.0
route,RDD->LAX,2,2,0,0.0
route,RDD->SFO,7,7,0,0.0
route,RDM->DEN,9,9,0,0.0
route,RDM->LAX,7,7,0,0.0
route,RDM->PDX,6,6,0,0.0
route,RDM->PHX,3,3,0,0.0
route,RDM->SEA,9,9,0,0.0
route,RDM->SFO,17,17,0,0.0
route,RDM->SLC,4,4,0,0.0
route,RDU->ALB,2,2,0,0.0
route,RDU->ATL,13,13,0,0.0
route,RDU->AUS,3,3,0,0.0
route,RDU->BDL,3,3,0,0.0
route,RDU->BNA,14,14,0,0.0
route,RDU->BOS,28,28,0,0.0
route,RDU->BUF,1,1,0,0.0
route,RDU->BWI,34,34,0,0.0
route,RDU->CLE,7,7,0,0.0
route,RDU->CLT,30,30,0,0.0
route,RDU->CMH,4,4,0,0.0
route,RDU->CVG,5,5,0,0.0
route,RDU->DAL,2,2,0,0.0
route,RDU->DCA,21,21,0,0.0
route,RDU->DEN,20,20,0,0.0
route,RDU->DFW,17,17,0,0.0
route,RDU->DTW,11,11,0,0.0
route,RDU->EWR,27,27,0,0.0
route,RDU->FLL,15,15,0,0.0
route,RDU->HOU,3,3,0,0.0
route,RDU->IAD,17,17,0,0.0
route,RDU->IAH,16,16,0,0.0
route,RDU->IND,3,3,0,0.0
route,RDU->ISP,1,1,0,0.0
route,RDU->JAX,2,2,0,0.0
route,RDU->JFK,24,24,0,0.0
route,RDU->LAS,5,5,0,0.0
route,RDU->LAX,6,6,0,0.0
route,RDU->LGA,38,38,0,0.0
route,RDU->MCI,6,6,0,0.0
route,RDU->MCO,8,8,0,0.0
route,RDU->MDW,9,9,0,0.0
route,RDU->MIA,11,11,0,0.0
route,RDU->MSP,6,6,0,0.0
route,RDU->MSY,3,3,0,0.0
route,RDU->ORD,37,37,0,0.0
route,RDU->PBI,1,1,0,0.0
route,RDU->PHL,23,23,0,0.0
route,RDU->PHX,2,2,0,0.0
route,RDU->PIE,2,2,0,0.0
route,RDU->PIT,9,9,0,0.0
route,RDU->PVD,1,1,0,0.0
route,RDU->PWM,2,2,0,0.0
route,RDU->SAN,1,1,0,0.0
route,RDU->SEA,2,2,0,0.0
route,RDU->SFB,1,1,0,0.0
route,RDU->SFO,7,7,0,0.0
route,RDU->SLC,1,1,0,0.0
route,RDU->STL,7,7,0,0.0
route,RDU->SYR,1,1,0,0.0
route,RDU->TPA,9,9,0,0.0
route,RDU->TTN,3,3,0,0.0
route,RFD->AZA,2,2,0,0.0
route,RFD->LAS,1,1,0,0.0
route,RFD->PGD,1,1,0,0.0
route,RFD->PIE,1,1,0,0.0
route,RFD->SFB,1,1,0,0.0
route,RHI->MSP,3,3,0,0.0
route,RIC->ATL,22,22,0,0.0
route,RIC->BNA,1,1,0,0.0
route,RIC->BOS,18,18,0,0.0
route,RIC->CLT,30,30,0,0.0
route,RIC->DEN,10,10,0,0.0
route,RIC->DFW,13,13,0,0.0
route,RIC->DTW,2,2,0,0.0
route,RIC->EWR,16,16,0,0.0
route,RIC->FLL,5,5,0,0.0
route,RIC->IAD,19,19,0,0.0
route,RIC->IAH,9,9,0,0.0
route,RIC->JFK,2,2,0,0.0
route,RIC->LGA,20,20,0,0.0
route,RIC->MCO,5,5,0,0.0
route,RIC->MIA,8,8,0,0.0
route,RIC->MSP,3,3,0,0.0
route,RIC->ORD,26,26,0,0.0
route,RIC->PHL,23,23,0,0.0
route,RIC->PIE,1,1,0,0.0
route,RIC->SFB,1,1,0,0.0
route,RIC->SRQ,3,3,0,0.0
route,RKS->DEN,4,4,0,0.0
route,RNO->BOI,2,2,0,0.0
route,RNO->DEN,26,26,0,0.0
route,RNO->DFW,12,12,0,0.0
route,RNO->IAH,1,1,0,0.0
route,RNO->JFK,4,4,0,0.0
route,RNO->LAS,37,37,0,0.0
route,RNO->LAX,33,33,0,0.0
route,RNO->LGB,3,3,0,0.0
route,RNO->MDW,1,1,0,0.0
route,RNO->MSP,1,1,0,0.0
route,RNO->OAK,10,10,0,0.0
route,RNO->ORD,8,8,0,0.0
route,RNO->PDX,7,7,0,0.0
route,RNO->PHX,10,10,0,0.0
route,RNO->SAN,3,3,0,0.0
route,RNO->SEA,6,6,0,0.0
route,RNO->SFO,15,15,0,0.0
route,RNO->SJC,7,7,0,0.0
route,RNO->SLC,8,8,0,0.0
route,ROA->ATL,8,8,0,0.0
route,ROA->CLT,29,29,0,0.0
route,ROA->IAD,8,8,0,0.0
route,ROA->LGA,4,4,0,0.0
route,ROA->ORD,12,12,0,0.0
route,ROA->PHL,4,4,0,0.0
route,ROA->SFB,1,1,0,0.0
route,ROC->ATL,2,2,0,0.0
route,ROC->BOS,6,6,0,0.0
route,ROC->BWI,16,16,0,0.0
route,ROC->CLT,10,10,0,0.0
route,ROC->DCA,8,8,0,0.0
route,ROC->DTW,4,4,0,0.0
route,ROC->EWR,15,15,0,0.0
route,ROC->IAD,6,6,0,0.0
route,ROC->JFK,14,14,0,0.0
route,ROC->LGA,5,5,0,0.0
route,ROC->MCO,7,7,0,0.0
route,ROC->MSP,1,1,0,0.0
route,ROC->ORD,24,24,0,0.0
route,ROC->PGD,1,1,0,0.0
route,ROC->PHL,19,19,0,0.0
route,ROC->SFB,2,2,0,0.0
route,ROC->TPA,1,1,0,0.0
route,ROW->DFW,9,9,0,0.0
route,ROW->PHX,4,4,0,0.0
route,RST->ATL,2,2,0,0.0
route,RST->MSP,8,8,0,0.0
route,RST->ORD,30,30,0,0.0
route,RSW->ACY,6,6,0,0.0
route,RSW->ATL,16,16,0,0.0
route,RSW->BOS,11,11,0,0.0
route,RSW->BWI,11,11,0,0.0
route,RSW->CLE,2,2,0,0.0
route,RSW->CLT,19,19,0,0.0
route,RSW->CMH,5,5,0,0.0
route,RSW->CVG,3,3,0,0.0
route,RSW->DCA,4,4,0,0.0
route,RSW->DEN,2,2,0,0.0
route,RSW->DFW,8,8,0,0.0
route,RSW->DTW,8,8,0,0.0
route,RSW->EWR,5,5,0,0.0
route,RSW->HPN,5,5,0,0.0
route,RSW->IAH,4,4,0,0.0
route,RSW->IND,6,6,0,0.0
route,RSW->JFK,3,3,0,0.0
route,RSW->MDW,6,6,0,0.0
route,RSW->ORD,15,15,0,0.0
route,RSW->PHL,15,15,0,0.0
route,RSW->PIT,3,3,0,0.0
route,RSW->STL,1,1,0,0.0
route,RSW->TTN,2,2,0,0.0
route,SAF->DEN,9,9,0,0.0
route,SAF->DFW,12,12,0,0.0
route,SAF->PHX,4,4,0,0.0
route,SAN->ABQ,2,2,0,0.0
route,SAN->ATL,14,14,0,0.0
route,SAN->AUS,11,11,0,0.0
route,SAN->BNA,4,4,0,0.0
route,SAN->BOI,8,8,0,0.0
route,SAN->BOS,11,11,0,0.0
route,SAN->BWI,15,15,0,0.0
route,SAN->CLT,8,8,0,0.0
route,SAN->CVG,1,1,0,0.0
route,SAN->DAL,12,12,0,0.0
route,SAN->DEN,35,35,0,0.0
route,SAN->DFW,33,33,0,0.0
route,SAN->DTW,12,12,0,0.0
route,SAN->ELP,1,1,0,0.0
route,SAN->EWR,14,14,0,0.0
route,SAN->FAT,3,3,0,0.0
route,SAN->FLL,4,4,0,0.0
route,SAN->GEG,4,4,0,0.0
route,SAN->HNL,3,1,2,0.6666666666666667
route,SAN->HOU,7,7,0,0.0
route,SAN->IAD,11,11,0,0.0
route,SAN->IAH,20,20,0,0.0
route,SAN->IND,2,2,0,0.0
route,SAN->JFK,16,16,0,0.0
route,SAN->LAS,44,44,0,0.0
route,SAN->LAX,31,31,0,0.0
route,SAN->LIH,2,2,0,0.0
route,SAN->MCI,15,15,0,0.0
route,SAN->MCO,6,6,0,0.0
route,SAN->MDW,13,13,0,0.0
route,SAN->MIA,4,4,0,0.0
route,SAN->MKE,1,1,0,0.0
route,SAN->MRY,2,2,0,0.0
route,SAN->MSP,9,9,0,0.0
route,SAN->MSY,5,5,0,0.0
route,SAN->OAK,47,47,0,0.0
route,SAN->OGG,7,5,2,0.2857142857142857
route,SAN->OMA,5,5,0,0.0
route,SAN->ORD,39,39,0,0.0
route,SAN->ORF,1,1,0,0.0
route,SAN->PAE,3,3,0,0.0
route,SAN->PDX,16,16,0,0.0
route,SAN->PHL,4,4,0,0.0
route,SAN->PHX,39,39,0,0.0
route,SAN->RNO,12,12,0,0.0
route,SAN->SAT,7,7,0,0.0
route,SAN->SEA,18,18,0,0.0
route,SAN->SFO,80,80,0,0.0
route,SAN->SJC,51,51,0,0.0
route,SAN->SLC,9,9,0,0.0
route,SAN->SMF,49,49,0,0.0
route,SAN->STL,12,12,0,0.0
route,SAN->STS,2,2,0,0.0
route,SAN->TPA,1,1,0,0.0
route,SAN->TUS,5,5,0,0.0
route,SAT->ATL,13,13,0,0.0
route,SAT->BNA,5,5,0,0.0
route,SAT->BWI,7,7,0,0.0
route,SAT->CLE,1,1,0,0.0
route,SAT->CLT,14,14,0,0.0
route,SAT->COS,2,2,0,0.0
route,SAT->CVG,2,2,0,0.0
route,SAT->DAL,27,27,0,0.0
route,SAT->DEN,22,22,0,0.0
route,SAT->DFW,31,31,0,0.0
route,SAT->DTW,4,4,0,0.0
route,SAT->ELP,2,2,0,0.0
route,SAT->EWR,3,3,0,0.0
route,SAT->FLL,4,4,0,0.0
route,SAT->HOU,13,13,0,0.0
route,SAT->IAD,3,3,0,0.0
route,SAT->IAH,35,35,0,0.0
route,SAT->JAX,1,1,0,0.0
route,SAT->JFK,2,2,0,0.0
route,SAT->LAS,19,19,0,0.0
route,SAT->LAX,16,16,0,0.0
route,SAT->MCI,5,5,0,0.0
route,SAT->MCO,6,6,0,0.0
route,SAT->MDW,8,8,0,0.0
route,SAT->MEM,1,1,0,0.0
route,SAT->MIA,4,4,0,0.0
route,SAT->MSP,3,3,0,0.0
route,SAT->MSY,6,6,0,0.0
route,SAT->OAK,3,3,0,0.0
route,SAT->OKC,1,1,0,0.0
route,SAT->ONT,1,1,0,0.0
route,SAT->ORD,15,15,0,0.0
route,SAT->PHL,3,3,0,0.0
route,SAT->PHX,25,25,0,0.0
route,SAT->RDU,1,1,0,0.0
route,SAT->SAN,8,8,0,0.0
route,SAT->SEA,3,3,0,0.0
route,SAT->SFO,3,3,0,0.0
route,SAT->SLC,3,3,0,0.0
route,SAT->SNA,3,3,0,0.0
route,SAT->STL,6,6,0,0.0
route,SAT->TPA,1,1,0,0.0
route,SAV->ATL,15,15,0,0.0
route,SAV->BNA,3,3,0,0.0
route,SAV->BOS,5,5,0,0.0
route,SAV->BWI,1,1,0,0.0
route,SAV->CLT,33,33,0,0.0
route,SAV->CVG,2,2,0,0.0
route,SAV->DCA,9,9,0,0.0
route,SAV->DEN,1,1,0,0.0
route,SAV->DFW,4,4,0,0.0
route,SAV->DTW,2,2,0,0.0
route,SAV->EWR,10,10,0,0.0
route,SAV->IAD,11,11,0,0.0
route,SAV->IAG,1,1,0,0.0
route,SAV->IAH,2,2,0,0.0
route,SAV->JFK,11,11,0,0.0
route,SAV->LEX,1,1,0,0.0
route,SAV->LGA,2,2,0,0.0
route,SAV->MIA,7,7,0,0.0
route,SAV->ORD,15,15,0,0.0
route,SAV->PHL,14,14,0,0.0
route,SAV->PVD,1,1,0,0.0
route,SAV->SDF,1,1,0,0.0
route,SBA->DEN,18,18,0,0.0
route,SBA->DFW,3,3,0,0.0
route,SBA->LAX,3,3,0,0.0
route,SBA->PHX,16,16,0,0.0
route,SBA->SEA,2,2,0,0.0
route,SBA->SFO,17,17,0,0.0
route,SBA->SLC,4,4,0,0.0
route,SBN->ATL,2,2,0,0.0
route,SBN->AZA,1,1,0,0.0
route,SBN->CLT,8,8,0,0.0
route,SBN->DFW,7,7,0,0.0
route,SBN->DTW,4,4,0,0.0
route,SBN->EWR,2,2,0,0.0
route,SBN->MSP,4,4,0,0.0
route,SBN->ORD,10,10,0,0.0
route,SBN->PGD,2,2,0,0.0
route,SBN->PIE,2,2,0,0.0
route,SBP->DEN,5,5,0,0.0
route,SBP->LAX,12,12,0,0.0
route,SBP->PHX,10,10,0,0.0
route,SBP->SEA,1,1,0,0.0
route,SBP->SFO,13,13,0,0.0
route,SBY->CLT,4,4,0,0.0
route,SBY->PHL,20,20,0,0.0
route,SCC->ANC,2,2,0,0.0
route,SCE->DTW,2,2,0,0.0
route,SCE->IAD,9,9,0,0.0
route,SCE->ORD,12,12,0,0.0
route,SCE->PHL,8,8,0,0.0
route,SCK->AZA,1,1,0,0.0
route,SCK->LAS,5,5,0,0.0
route,SCK->LAX,1,1,0,0.0
route,SCK->SAN,3,3,0,0.0
route,SDF->ATL,18,18,0,0.0
route,SDF->BWI,9,9,0,0.0
route,SDF->CLT,25,25,0,0.0
route,SDF->DAL,1,1,0,0.0
route,SDF->DCA,9,9,0,0.0
route,SDF->DEN,11,11,0,0.0
route,SDF->DFW,30,30,0,0.0
route,SDF->DTW,7,7,0,0.0
route,SDF->EWR,14,14,0,0.0
route,SDF->FLL,5,5,0,0.0
route,SDF->HOU,2,2,0,0.0
route,SDF->IAD,6,6,0,0.0
route,SDF->IAH,7,7,0,0.0
route,SDF->LAS,6,6,0,0.0
route,SDF->LAX,2,2,0,0.0
route,SDF->LGA,14,14,0,0.0
route,SDF->MCO,5,5,0,0.0
route,SDF->MDW,10,10,0,0.0
route,SDF->MIA,2,2,0,0.0
route,SDF->MSP,1,1,0,0.0
route,SDF->MYR,1,1,0,0.0
route,SDF->ORD,31,31,0,0.0
route,SDF->PGD,1,1,0,0.0
route,SDF->PHL,17,17,0,0.0
route,SDF->PHX,2,2,0,0.0
route,SDF->SFB,2,2,0,0.0
route,SDF->TPA,1,1,0,0.0
route,SDF->VPS,2,2,0,0.0
route,SEA->ABQ,5,5,0,0.0
route,SEA->ALW,3,3,0,0.0
route,SEA->ANC,37,37,0,0.0
route,SEA->ATL,10,10,0,0.0
route,SEA->AUS,6,6,0,0.0
route,SEA->BIL,4,4,0,0.0
route,SEA->BLI,4,4,0,0.0
route,SEA->BNA,9,9,0,0.0
route,SEA->BOI,23,23,0,0.0
route,SEA->BOS,21,21,0,0.0
route,SEA->BUR,4,4,0,0.0
route,SEA->BWI,8,8,0,0.0
route,SEA->BZN,5,5,0,0.0
route,SEA->CHS,1,1,0,0.0
route,SEA->CLE,1,1,0,0.0
route,SEA->CLT,13,13,0,0.0
route,SEA->CMH,3,3,0,0.0
route,SEA->DAL,6,6,0,0.0
route,SEA->DCA,5,5,0,0.0
route,SEA->DEN,52,52,0,0.0
route,SEA->DFW,42,42,0,0.0
route,SEA->DTW,9,9,0,0.0
route,SEA->EAT,3,3,0,0.0
route,SEA->ELP,1,1,0,0.0
route,SEA->EUG,12,12,0,0.0
route,SEA->EWR,21,21,0,0.0
route,SEA->FAI,8,8,0,0.0
route,SEA->FAT,1,1,0,0.0
route,SEA->FCA,5,5,0,0.0
route,SEA->GEG,34,34,0,0.0
route,SEA->GTF,1,1,0,0.0
route,SEA->HNL,12,10,2,0.16666666666666663
route,SEA->HOU,2,2,0,0.0
route,SEA->IAD,18,18,0,0.0
route,SEA->IAH,26,26,0,0.0
route,SEA->ICT,2,2,0,0.0
route,SEA->IND,4,4,0,0.0
route,SEA->JFK,23,23,0,0.0
route,SEA->JNU,12,12,0,0.0
route,SEA->KOA,5,5,0,0.0
route,SEA->KTN,8,8,0,0.0
route,SEA->LAS,31,31,0,0.0
route,SEA->LAX,68,68,0,0.0
route,SEA->LGB,8,8,0,0.0
route,SEA->LIH,5,5,0,0.0
route,SEA->MCI,7,7,0,0.0
route,SEA->MCO,4,4,0,0.0
route,SEA->MDW,13,13,0,0.0
route,SEA->MFR,12,12,0,0.0
route,SEA->MIA,8,8,0,0.0
route,SEA->MKE,7,7,0,0.0
route,SEA->MSO,5,5,0,0.0
route,SEA->MSP,17,17,0,0.0
route,SEA->MSY,2,2,0,0.0
route,SEA->OAK,28,28,0,0.0
route,SEA->OGG,4,2,2,0.5
route,SEA->OKC,2,2,0,0.0
route,SEA->OMA,2,2,0,0.0
route,SEA->ONT,2,2,0,0.0
route,SEA->ORD,49,49,0,0.0
route,SEA->PDX,45,45,0,0.0
route,SEA->PHL,10,10,0,0.0
route,SEA->PHX,44,44,0,0.0
route,SEA->PIT,2,2,0,0.0
route,SEA->PSC,14,14,0,0.0
route,SEA->PSP,1,1,0,0.0
route,SEA->PUW,7,7,0,0.0
route,SEA->RDM,16,16,0,0.0
route,SEA->RDU,5,5,0,0.0
route,SEA->RNO,6,6,0,0.0
route,SEA->SAN,24,24,0,0.0
route,SEA->SAT,3,3,0,0.0
route,SEA->SBP,1,1,0,0.0
route,SEA->SFO,72,72,0,0.0
route,SEA->SIT,2,2,0,0.0
route,SEA->SJC,27,27,0,0.0
route,SEA->SLC,28,28,0,0.0
route,SEA->SMF,37,37,0,0.0
route,SEA->SNA,19,19,0,0.0
route,SEA->STL,4,4,0,0.0
route,SEA->STS,3,3,0,0.0
route,SEA->SUN,1,1,0,0.0
route,SEA->TPA,1,1,0,0.0
route,SEA->YKM,7,7,0,0.0
route,SFB->ABE,4,4,0,0.0
route,SFB->ALB,1,1,0,0.0
route,SFB->ATW,2,2,0,0.0
route,SFB->AVL,2,2,0,0.0
route,SFB->BGR,3,3,0,0.0
route,SFB->BLV,1,1,0,0.0
route,SFB->BMI,1,1,0,0.0
route,SFB->BNA,1,1,0,0.0
route,SFB->CHA,1,1,0,0.0
route,SFB->CID,1,1,0,0.0
route,SFB->CVG,2,2,0,0.0
route,SFB->DSM,2,2,0,0.0
route,SFB->ELM,1,1,0,0.0
route,SFB->ELP,1,1,0,0.0
route,SFB->EVV,1,1,0,0.0
route,SFB->FNT,3,3,0,0.0
route,SFB->GPT,2,2,0,0.0
route,SFB->GRR,4,4,0,0.0
route,SFB->GSO,1,1,0,0.0
route,SFB->HTS,2,2,0,0.0
route,SFB->IND,2,2,0,0.0
route,SFB->LEX,1,1,0,0.0
route,SFB->MDT,2,2,0,0.0
route,SFB->MLI,1,1,0,0.0
route,SFB->OMA,1,1,0,0.0
route,SFB->ORF,3,3,0,0.0
route,SFB->PBG,3,3,0,0.0
route,SFB->PSM,1,1,0,0.0
route,SFB->RIC,3,3,0,0.0
route,SFB->ROC,1,1,0,0.0
route,SFB->SAT,1,1,0,0.0
route,SFB->SBN,2,2,0,0.0
route,SFB->SDF,1,1,0,0.0
route,SFB->SGF,1,1,0,0.0
route,SFB->SHV,1,1,0,0.0
route,SFB->SWF,2,2,0,0.0
route,SFB->SYR,1,1,0,0.0
route,SFB->TUL,1,1,0,0.0
route,SFB->TYS,4,4,0,0.0
route,SFB->USA,2,2,0,0.0
route,SFB->XNA,1,1,0,0.0
route,SFO->ABQ,9,9,0,0.0
route,SFO->ACV,14,14,0,0.0
route,SFO->ANC,5,5,0,0.0
route,SFO->ASE,2,2,0,0.0
route,SFO->ATL,20,20,0,0.0
route,SFO->AUS,20,20,0,0.0
route,SFO->BDL,3,3,0,0.0
route,SFO->BFL,2,2,0,0.0
route,SFO->BNA,8,8,0,0.0
route,SFO->BOI,18,18,0,0.0
route,SFO->BOS,42,42,0,0.0
route,SFO->BUR,39,39,0,0.0
route,SFO->BWI,5,5,0,0.0
route,SFO->BZN,6,6,0,0.0
route,SFO->CLE,4,4,0,0.0
route,SFO->CLT,14,14,0,0.0
route,SFO->CMH,2,2,0,0.0
route,SFO->CVG,8,8,0,0.0
route,SFO->DAL,15,15,0,0.0
route,SFO->DCA,5,5,0,0.0
route,SFO->DEN,66,66,0,0.0
route,SFO->DFW,40,40,0,0.0
route,SFO->DSM,1,1,0,0.0
route,SFO->DTW,11,11,0,0.0
route,SFO->EUG,12,12,0,0.0
route,SFO->EWR,57,57,0,0.0
route,SFO->FAI,1,1,0,0.0
route,SFO->FAT,16,16,0,0.0
route,SFO->FCA,4,4,0,0.0
route,SFO->FLL,9,9,0,0.0
route,SFO->GEG,13,13,0,0.0
route,SFO->HNL,22,21,1,0.045454545454545414
route,SFO->IAD,24,24,0,0.0
route,SFO->IAH,35,35,0,0.0
route,SFO->IND,2,2,0,0.0
route,SFO->JAC,4,4,0,0.0
route,SFO->JFK,39,39,0,0.0
route,SFO->KOA,8,8,0,0.0
route,SFO->LAS,63,63,0,0.0
route,SFO->LAX,154,154,0,0.0
route,SFO->LGB,12,12,0,0.0
route,SFO->LIH,7,7,0,0.0
route,SFO->MCI,7,7,0,0.0
route,SFO->MCO,10,10,0,0.0
route,SFO->MDW,10,10,0,0.0
route,SFO->MFR,16,16,0,0.0
route,SFO->MIA,15,15,0,0.0
route,SFO->MRY,6,6,0,0.0
route,SFO->MSN,7,7,0,0.0
route,SFO->MSO,2,2,0,0.0
route,SFO->MSP,22,22,0,0.0
route,SFO->MSY,3,3,0,0.0
route,SFO->OGG,24,21,3,0.125
route,SFO->OKC,3,3,0,0.0
route,SFO->OMA,4,4,0,0.0
route,SFO->ONT,17,17,0,0.0
route,SFO->ORD,80,80,0,0.0
route,SFO->OTH,4,4,0,0.0
route,SFO->PAE,12,12,0,0.0
route,SFO->PDX,57,57,0,0.0
route,SFO->PHL,26,26,0,0.0
route,SFO->PHX,45,45,0,0.0
route,SFO->PIT,7,7,0,0.0
route,SFO->PSC,4,4,0,0.0
route,SFO->PSP,21,21,0,0.0
route,SFO->RAP,1,1,0,0.0
route,SFO->RDD,11,11,0,0.0
route,SFO->RDM,16,16,0,0.0
route,SFO->RDU,9,9,0,0.0
route,SFO->RNO,12,12,0,0.0
route,SFO->SAN,72,72,0,0.0
route,SFO->SAT,1,1,0,0.0
route,SFO->SBA,21,21,0,0.0
route,SFO->SBP,15,15,0,0.0
route,SFO->SEA,79,79,0,0.0
route,SFO->SLC,29,29,0,0.0
route,SFO->SMF,15,15,0,0.0
route,SFO->SNA,40,40,0,0.0
route,SFO->STL,8,8,0,0.0
route,SFO->STS,7,7,0,0.0
route,SFO->SUN,1,1,0,0.0
route,SFO->TPA,4,4,0,0.0
route,SFO->TUS,5,5,0,0.0
route,SFO->XNA,4,4,0,0.0
route,SGF->ATL,3,3,0,0.0
route,SGF->AZA,1,1,0,0.0
route,SGF->CLT,14,14,0,0.0
route,SGF->DEN,14,14,0,0.0
route,SGF->DFW,21,21,0,0.0
route,SGF->IAH,5,5,0,0.0
route,SGF->LAS,1,1,0,0.0
route,SGF->ORD,27,27,0,0.0
route,SGF->PIE,1,1,0,0.0
route,SGF->SFB,1,1,0,0.0
route,SGF->VPS,1,1,0,0.0
route,SGU->DEN,1,1,0,0.0
route,SGU->LAX,1,1,0,0.0
route,SGU->PHX,2,2,0,0.0
route,SHD->IAD,2,2,0,0.0
route,SHD->LWB,1,1,0,0.0
route,SHD->ORD,1,1,0,0.0
route,SHV->ATL,11,11,0,0.0
route,SHV->CLT,10,10,0,0.0
route,SHV->DEN,1,1,0,0.0
route,SHV->DFW,15,15,0,0.0
route,SHV->IAH,7,7,0,0.0
route,SIT->JNU,3,3,0,0.0
route,SIT->KTN,2,2,0,0.0
route,SIT->SEA,6,6,0,0.0
route,SJC->ABQ,3,3,0,0.0
route,SJC->ATL,3,3,0,0.0
route,SJC->AUS,10,10,0,0.0
route,SJC->BNA,1,1,0,0.0
route,SJC->BOI,5,5,0,0.0
route,SJC->BOS,5,5,0,0.0
route,SJC->BUR,32,32,0,0.0
route,SJC->BWI,5,5,0,0.0
route,SJC->CLT,3,3,0,0.0
route,SJC->DAL,8,8,0,0.0
route,SJC->DEN,35,35,0,0.0
route,SJC->DFW,10,10,0,0.0
route,SJC->DTW,2,2,0,0.0
route,SJC->EWR,3,3,0,0.0
route,SJC->GEG,4,4,0,0.0
route,SJC->HNL,8,6,2,0.25
route,SJC->IAH,4,4,0,0.0
route,SJC->JFK,6,6,0,0.0
route,SJC->LAS,37,37,0,0.0
route,SJC->LAX,68,68,0,0.0
route,SJC->LGB,18,18,0,0.0
route,SJC->LIH,2,2,0,0.0
route,SJC->MDW,2,2,0,0.0
route,SJC->MSP,4,4,0,0.0
route,SJC->OGG,5,4,1,0.19999999999999996
route,SJC->ONT,12,12,0,0.0
route,SJC->ORD,9,9,0,0.0
route,SJC->PAE,1,1,0,0.0
route,SJC->PDX,30,30,0,0.0
route,SJC->PHX,32,32,0,0.0
route,SJC->RNO,1,1,0,0.0
route,SJC->SAN,46,46,0,0.0
route,SJC->SEA,39,39,0,0.0
route,SJC->SLC,10,10,0,0.0
route,SJC->SNA,24,24,0,0.0
route,SJC->STL,3,3,0,0.0
route,SJC->TUL,2,2,0,0.0
route,SJC->TUS,1,1,0,0.0
route,SJT->DFW,16,16,0,0.0
route,SJU->ATL,6,6,0,0.0
route,SJU->BDL,10,10,0,0.0
route,SJU->BOS,14,14,0,0.0
route,SJU->BWI,5,5,0,0.0
route,SJU->CLT,2,2,0,0.0
route,SJU->DCA,2,2,0,0.0
route,SJU->DFW,7,7,0,0.0
route,SJU->EWR,13,13,0,0.0
route,SJU->FLL,34,34,0,0.0
route,SJU->HOU,3,3,0,0.0
route,SJU->IAH,5,5,0,0.0
route,SJU->JFK,26,26,0,0.0
route,SJU->MCO,42,42,0,0.0
route,SJU->MIA,26,26,0,0.0
route,SJU->ORD,4,4,0,0.0
route,SJU->PHL,15,15,0,0.0
route,SJU->STT,9,9,0,0.0
route,SJU->STX,1,1,0,0.0
route,SJU->TPA,15,15,0,0.0
route,SLC->ABQ,6,6,0,0.0
route,SLC->ANC,2,2,0,0.0
route,SLC->ASE,3,3,0,0.0
route,SLC->ATL,13,13,0,0.0
route,SLC->AUS,3,3,0,0.0
route,SLC->BIL,3,3,0,0.0
route,SLC->BNA,3,3,0,0.0
route,SLC->BOI,14,14,0,0.0
route,SLC->BOS,13,13,0,0.0
route,SLC->BTM,2,2,0,0.0
route,SLC->BUR,10,10,0,0.0
route,SLC->BWI,5,5,0,0.0
route,SLC->BZN,1,1,0,0.0
route,SLC->CDC,2,2,0,0.0
route,SLC->CLT,3,3,0,0.0
route,SLC->CMH,1,1,0,0.0
route,SLC->COS,5,5,0,0.0
route,SLC->CPR,1,1,0,0.0
route,SLC->DAL,1,1,0,0.0
route,SLC->DCA,2,2,0,0.0
route,SLC->DEN,54,54,0,0.0
route,SLC->DFW,39,39,0,0.0
route,SLC->DSM,1,1,0,0.0
route,SLC->DTW,4,4,0,0.0
route,SLC->EKO,2,2,0,0.0
route,SLC->EUG,2,2,0,0.0
route,SLC->EWR,8,8,0,0.0
route,SLC->FAT,3,3,0,0.0
route,SLC->FCA,4,4,0,0.0
route,SLC->FLL,7,7,0,0.0
route,SLC->GEG,6,6,0,0.0
route,SLC->GJT,7,7,0,0.0
route,SLC->GTF,4,4,0,0.0
route,SLC->HLN,5,5,0,0.0
route,SLC->HOU,2,2,0,0.0
route,SLC->IAD,2,2,0,0.0
route,SLC->IAH,23,23,0,0.0
route,SLC->IDA,7,7,0,0.0
route,SLC->JAC,10,10,0,0.0
route,SLC->JFK,10,10,0,0.0
route,SLC->LAS,22,22,0,0.0
route,SLC->LAX,41,41,0,0.0
route,SLC->LGB,9,9,0,0.0
route,SLC->LWS,1,1,0,0.0
route,SLC->MCI,5,5,0,0.0
route,SLC->MCO,6,6,0,0.0
route,SLC->MDW,9,9,0,0.0
route,SLC->MFR,3,3,0,0.0
route,SLC->MKE,1,1,0,0.0
route,SLC->MSO,5,5,0,0.0
route,SLC->MSP,8,8,0,0.0
route,SLC->MSY,2,2,0,0.0
route,SLC->OAK,12,12,0,0.0
route,SLC->OMA,7,7,0,0.0
route,SLC->ONT,3,3,0,0.0
route,SLC->ORD,31,31,0,0.0
route,SLC->PDX,13,13,0,0.0
route,SLC->PHL,3,3,0,0.0
route,SLC->PHX,39,39,0,0.0
route,SLC->PIH,7,7,0,0.0
route,SLC->PIT,1,1,0,0.0
route,SLC->PSC,4,4,0,0.0
route,SLC->PSP,2,2,0,0.0
route,SLC->RAP,1,1,0,0.0
route,SLC->RDM,1,1,0,0.0
route,SLC->RDU,2,2,0,0.0
route,SLC->RNO,7,7,0,0.0
route,SLC->SAN,15,15,0,0.0
route,SLC->SAT,9,9,0,0.0
route,SLC->SBA,2,2,0,0.0
route,SLC->SEA,16,16,0,0.0
route,SLC->SFO,24,24,0,0.0
route,SLC->SJC,12,12,0,0.0
route,SLC->SMF,7,7,0,0.0
route,SLC->SNA,1,1,0,0.0
route,SLC->STL,3,3,0,0.0
route,SLC->SUN,3,3,0,0.0
route,SLC->TPA,1,1,0,0.0
route,SLC->TUL,3,3,0,0.0
route,SLC->TUS,2,2,0,0.0
route,SLC->TWF,1,1,0,0.0
route,SLC->WYS,2,2,0,0.0
route,SLN->HYS,5,5,0,0.0
route,SLN->ORD,3,3,0,0.0
route,SMF->ATL,6,6,0,0.0
route,SMF->AUS,5,5,0,0.0
route,SMF->BOI,3,3,0,0.0
route,SMF->BOS,1,1,0,0.0
route,SMF->BUR,33,33,0,0.0
route,SMF->BWI,1,1,0,0.0
route,SMF->CLT,3,3,0,0.0
route,SMF->DEN,27,27,0,0.0
route,SMF->DFW,20,20,0,0.0
route,SMF->DTW,2,2,0,0.0
route,SMF->EWR,2,2,0,0.0
route,SMF->GEG,3,3,0,0.0
route,SMF->HNL,3,2,1,0.33333333333333337
route,SMF->HOU,1,1,0,0.0
route,SMF->IAD,2,2,0,0.0
route,SMF->IAH,1,1,0,0.0
route,SMF->JFK,5,5,0,0.0
route,SMF->LAS,24,24,0,0.0
route,SMF->LAX,54,54,0,0.0
route,SMF->LGB,15,15,0,0.0
route,SMF->MCO,1,1,0,0.0
route,SMF->MDW,5,5,0,0.0
route,SMF->MSP,3,3,0,0.0
route,SMF->OGG,3,3,0,0.0
route,SMF->ONT,22,22,0,0.0
route,SMF->ORD,17,17,0,0.0
route,SMF->PDX,14,14,0,0.0
route,SMF->PHX,40,40,0,0.0
route,SMF->SAN,43,43,0,0.0
route,SMF->SEA,38,38,0,0.0
route,SMF->SFO,13,13,0,0.0
route,SMF->SLC,8,8,0,0.0
route,SMF->SNA,21,21,0,0.0
route,SMF->STL,1,1,0,0.0
route,SNA->ATL,4,4,0,0.0
route,SNA->AUS,2,2,0,0.0
route,SNA->DAL,4,4,0,0.0
route,SNA->DEN,31,31,0,0.0
route,SNA->DFW,30,30,0,0.0
route,SNA->EWR,12,12,0,0.0
route,SNA->HOU,4,4,0,0.0
route,SNA->IAH,13,13,0,0.0
route,SNA->LAS,30,30,0,0.0
route,SNA->MDW,1,1,0,0.0
route,SNA->MSP,7,7,0,0.0
route,SNA->OAK,28,28,0,0.0
route,SNA->ORD,28,28,0,0.0
route,SNA->PAE,2,2,0,0.0
route,SNA->PDX,7,7,0,0.0
route,SNA->PHX,33,33,0,0.0
route,SNA->SEA,12,12,0,0.0
route,SNA->SFO,35,35,0,0.0
route,SNA->SJC,41,41,0,0.0
route,SNA->SLC,9,9,0,0.0
route,SNA->SMF,14,14,0,0.0
route,SNA->STS,1,1,0,0.0
route,SPI->DFW,5,5,0,0.0
route,SPI->ORD,8,8,0,0.0
route,SPI->PGD,3,3,0,0.0
route,SPN->GUM,3,3,0,0.0
route,SPS->DFW,8,8,0,0.0
route,SRQ->ATL,10,10,0,0.0
route,SRQ->BNA,1,1,0,0.0
route,SRQ->CLT,7,7,0,0.0
route,SRQ->DCA,2,2,0,0.0
route,SRQ->EWR,6,6,0,0.0
route,SRQ->IND,1,1,0,0.0
route,SRQ->LCK,1,1,0,0.0
route,SRQ->MDT,1,1,0,0.0
route,SRQ->ORD,7,7,0,0.0
route,SRQ->PIT,1,1,0,0.0
route,SRQ->SYR,1,1,0,0.0
route,STL->ATL,17,17,0,0.0
route,STL->AUS,6,6,0,0.0
route,STL->BDL,2,2,0,0.0
route,STL->BNA,6,6,0,0.0
route,STL->BOS,11,11,0,0.0
route,STL->BWI,13,13,0,0.0
route,STL->CHS,2,2,0,0.0
route,STL->CLE,5,5,0,0.0
route,STL->CLT,17,17,0,0.0
route,STL->CMH,5,5,0,0.0
route,STL->DAL,19,19,0,0.0
route,STL->DCA,22,22,0,0.0
route,STL->DEN,36,36,0,0.0
route,STL->DFW,19,19,0,0.0
route,STL->DSM,3,3,0,0.0
route,STL->DTW,17,17,0,0.0
route,STL->ECP,3,3,0,0.0
route,STL->EWR,27,27,0,0.0
route,STL->FLL,8,8,0,0.0
route,STL->HOU,10,10,0,0.0
route,STL->IAD,10,10,0,0.0
route,STL->IAH,20,20,0,0.0
route,STL->ICT,10,10,0,0.0
route,STL->JAX,3,3,0,0.0
route,STL->LAS,11,11,0,0.0
route,STL->LAX,21,21,0,0.0
route,STL->LGA,28,28,0,0.0
route,STL->LIT,6,6,0,0.0
route,STL->MCI,17,17,0,0.0
route,STL->MCO,23,23,0,0.0
route,STL->MDW,25,25,0,0.0
route,STL->MIA,8,8,0,0.0
route,STL->MKE,7,7,0,0.0
route,STL->MSP,18,18,0,0.0
route,STL->MSY,4,4,0,0.0
route,STL->OAK,3,3,0,0.0
route,STL->OKC,4,4,0,0.0
route,STL->OMA,7,7,0,0.0
route,STL->ORD,36,36,0,0.0
route,STL->PDX,2,2,0,0.0
route,STL->PHL,23,23,0,0.0
route,STL->PHX,22,22,0,0.0
route,STL->PIT,4,4,0,0.0
route,STL->PNS,1,1,0,0.0
route,STL->RDU,8,8,0,0.0
route,STL->RSW,4,4,0,0.0
route,STL->SAN,8,8,0,0.0
route,STL->SAT,8,8,0,0.0
route,STL->SEA,9,9,0,0.0
route,STL->SFO,9,9,0,0.0
route,STL->SJC,1,1,0,0.0
route,STL->SLC,1,1,0,0.0
route,STL->SMF,3,3,0,0.0
route,STL->TPA,6,6,0,0.0
route,STL->TUL,5,5,0,0.0
route,STS->DEN,4,4,0,0.0
route,STS->DFW,1,1,0,0.0
route,STS->LAX,3,3,0,0.0
route,STS->PDX,3,3,0,0.0
route,STS->PHX,1,1,0,0.0
route,STS->SEA,1,1,0,0.0
route,STS->SFO,4,4,0,0.0
route,STS->SNA,1,1,0,0.0
route,STT->ATL,3,3,0,0.0
route,STT->FLL,1,1,0,0.0
route,STT->IAD,1,1,0,0.0
route,STT->IAH,2,2,0,0.0
route,STT->MIA,5,5,0,0.0
route,STT->SJU,9,9,0,0.0
route,STX->ATL,1,1,0,0.0
route,STX->CLT,1,1,0,0.0
route,STX->MIA,7,7,0,0.0
route,STX->SJU,1,1,0,0.0
route,SUN->DEN,2,2,0,0.0
route,SUN->LAX,2,2,0,0.0
route,SUN->SEA,2,2,0,0.0
route,SUN->SFO,4,4,0,0.0
route,SUN->SLC,3,3,0,0.0
route,SUX->DFW,3,3,0,0.0
route,SUX->ORD,7,7,0,0.0
route,SWF->DTW,5,5,0,0.0
route,SWF->FLL,6,6,0,0.0
route,SWF->MCO,1,1,0,0.0
route,SWF->MYR,1,1,0,0.0
route,SWF->PGD,1,1,0,0.0
route,SWF->PHL,6,6,0,0.0
route,SWF->PIE,1,1,0,0.0
route,SWF->SFB,1,1,0,0.0
route,SWO->DFW,5,5,0,0.0
route,SYR->ATL,1,1,0,0.0
route,SYR->BOS,1,1,0,0.0
route,SYR->CLT,9,9,0,0.0
route,SYR->DCA,10,10,0,0.0
route,SYR->DEN,2,2,0,0.0
route,SYR->DTW,4,4,0,0.0
route,SYR->EWR,12,12,0,0.0
route,SYR->FLL,2,2,0,0.0
route,SYR->IAD,11,11,0,0.0
route,SYR->JFK,12,12,0,0.0
route,SYR->LGA,5,5,0,0.0
route,SYR->MCO,4,4,0,0.0
route,SYR->MSP,2,2,0,0.0
route,SYR->ORD,36,36,0,0.0
route,SYR->PHL,15,15,0,0.0
route,SYR->PIE,1,1,0,0.0
route,SYR->RDU,1,1,0,0.0
route,SYR->SFB,2,2,0,0.0
route,TLH->ATL,12,12,0,0.0
route,TLH->CLT,7,7,0,0.0
route,TLH->DCA,3,3,0,0.0
route,TLH->DFW,10,10,0,0.0
route,TLH->MIA,10,10,0,0.0
route,TOL->CLT,5,5,0,0.0
route,TOL->ORD,10,10,0,0.0
route,TOL->PGD,1,1,0,0.0
route,TOL->PIE,1,1,0,0.0
route,TOL->SFB,2,2,0,0.0
route,TPA->ACY,2,2,0,0.0
route,TPA->ALB,4,4,0,0.0
route,TPA->ATL,38,38,0,0.0
route,TPA->AUS,4,4,0,0.0
route,TPA->AVL,2,2,0,0.0
route,TPA->BDL,9,9,0,0.0
route,TPA->BHM,6,6,0,0.0
route,TPA->BNA,11,11,0,0.0
route,TPA->BOS,14,14,0,0.0
route,TPA->BUF,4,4,0,0.0
route,TPA->BWI,30,30,0,0.0
route,TPA->CLE,2,2,0,0.0
route,TPA->CLT,27,27,0,0.0
route,TPA->CMH,1,1,0,0.0
route,TPA->CVG,5,5,0,0.0
route,TPA->DAL,10,10,0,0.0
route,TPA->DCA,22,22,0,0.0
route,TPA->DEN,21,21,0,0.0
route,TPA->DFW,28,28,0,0.0
route,TPA->DTW,7,7,0,0.0
route,TPA->EWR,31,31,0,0.0
route,TPA->FLL,19,19,0,0.0
route,TPA->GSO,2,2,0,0.0
route,TPA->HOU,10,10,0,0.0
route,TPA->HPN,2,2,0,0.0
route,TPA->IAD,8,8,0,0.0
route,TPA->IAH,19,19,0,0.0
route,TPA->IND,6,6,0,0.0
route,TPA->ISP,2,2,0,0.0
route,TPA->JFK,16,16,0,0.0
route,TPA->LAS,21,21,0,0.0
route,TPA->LAX,4,4,0,0.0
route,TPA->LGA,14,14,0,0.0
route,TPA->MCI,2,2,0,0.0
route,TPA->MDW,15,15,0,0.0
route,TPA->MEM,2,2,0,0.0
route,TPA->MHT,3,3,0,0.0
route,TPA->MIA,15,15,0,0.0
route,TPA->MKE,2,2,0,0.0
route,TPA->MSP,5,5,0,0.0
route,TPA->MSY,12,12,0,0.0
route,TPA->ORD,27,27,0,0.0
route,TPA->PHL,27,27,0,0.0
route,TPA->PHX,6,6,0,0.0
route,TPA->PIT,8,8,0,0.0
route,TPA->PVD,2,2,0,0.0
route,TPA->RDU,12,12,0,0.0
route,TPA->ROC,1,1,0,0.0
route,TPA->SAT,5,5,0,0.0
route,TPA->SDF,2,2,0,0.0
route,TPA->SFO,7,7,0,0.0
route,TPA->SJU,9,9,0,0.0
route,TPA->STL,10,10,0,0.0
route,TPA->TTN,1,1,0,0.0
route,TRI->ATL,9,9,0,0.0
route,TRI->CLT,16,16,0,0.0
route,TRI->SFB,1,1,0,0.0
route,TTN->ATL,2,2,0,0.0
route,TTN->CHS,1,1,0,0.0
route,TTN->CLT,1,1,0,0.0
route,TTN->DTW,1,1,0,0.0
route,TTN->FLL,1,1,0,0.0
route,TTN->JAX,2,2,0,0.0
route,TTN->MCO,5,5,0,0.0
route,TTN->MSP,1,1,0,0.0
route,TTN->MYR,2,2,0,0.0
route,TTN->ORD,2,2,0,0.0
route,TTN->PBI,1,1,0,0.0
route,TTN->RDU,4,4,0,0.0
route,TTN->RSW,1,1,0,0.0
route,TTN->TPA,2,2,0,0.0
route,TUL->ATL,10,10,0,0.0
route,TUL->CLT,6,6,0,0.0
route,TUL->DAL,8,8,0,0.0
route,TUL->DEN,16,16,0,0.0
route,TUL->DFW,35,35,0,0.0
route,TUL->HOU,7,7,0,0.0
route,TUL->IAH,18,18,0,0.0
route,TUL->LAS,1,1,0,0.0
route,TUL->LAX,2,2,0,0.0
route,TUL->MSP,2,2,0,0.0
route,TUL->ORD,27,27,0,0.0
route,TUL->PHX,6,6,0,0.0
route,TUL->SAN,2,2,0,0.0
route,TUL->SAT,1,1,0,0.0
route,TUL->SFB,1,1,0,0.0
route,TUL->SLC,4,4,0,0.0
route,TUL->STL,6,6,0,0.0
route,TUS->ATL,2,2,0,0.0
route,TUS->CLT,3,3,0,0.0
route,TUS->DEN,13,13,0,0.0
route,TUS->DFW,23,23,0,0.0
route,TUS->IAH,9,9,0,0.0
route,TUS->LAS,11,11,0,0.0
route,TUS->LAX,22,22,0,0.0
route,TUS->MDW,1,1,0,0.0
route,TUS->ORD,12,12,0,0.0
route,TUS->PHX,25,25,0,0.0
route,TUS->PVU,1,1,0,0.0
route,TUS->SAN,11,11,0,0.0
route,TUS->SFO,9,9,0,0.0
route,TUS->SJC,2,2,0,0.0
route,TUS->SLC,3,3,0,0.0
route,TVC->DEN,3,3,0,0.0
route,TVC->DFW,2,2,0,0.0
route,TVC->DTW,9,9,0,0.0
route,TVC->EWR,3,3,0,0.0
route,TVC->MSP,7,7,0,0.0
route,TVC->ORD,32,32,0,0.0
route,TWF->SLC,2,2,0,0.0
route,TXK->DFW,13,13,0,0.0
route,TYR->DFW,10,10,0,0.0
route,TYS->ATL,12,12,0,0.0
route,TYS->CLT,23,23,0,0.0
route,TYS->DCA,6,6,0,0.0
route,TYS->DEN,11,11,0,0.0
route,TYS->DFW,19,19,0,0.0
route,TYS->DTW,10,10,0,0.0
route,TYS->EWR,7,7,0,0.0
route,TYS->IAD,13,13,0,0.0
route,TYS->IAH,9,9,0,0.0
route,TYS->LAS,1,1,0,0.0
route,TYS->LGA,6,6,0,0.0
route,TYS->MIA,1,1,0,0.0
route,TYS->MSP,1,1,0,0.0
route,TYS->ORD,24,24,0,0.0
route,TYS->PGD,2,2,0,0.0
route,TYS->PHL,16,16,0,0.0
route,TYS->PIE,3,3,0,0.0
route,TYS->SFB,2,2,0,0.0
route,TYS->VPS,1,1,0,0.0
route,UIN->ORD,4,4,0,0.0
route,USA->FLL,2,2,0,0.0
route,USA->PIE,1,1,0,0.0
route,USA->SFB,1,1,0,0.0
route,USA->VPS,1,1,0,0.0
route,VEL->DEN,4,4,0,0.0
route,VLD->ATL,2,2,0,0.0
route,VPS->ATL,9,9,0,0.0
route,VPS->AUS,2,2,0,0.0
route,VPS->BNA,1,1,0,0.0
route,VPS->BWI,2,2,0,0.0
route,VPS->CLT,5,5,0,0.0
route,VPS->CVG,2,2,0,0.0
route,VPS->DCA,3,3,0,0.0
route,VPS->DFW,12,12,0,0.0
route,VPS->EVV,4,4,0,0.0
route,VPS->EWR,1,1,0,0.0
route,VPS->IAH,15,15,0,0.0
route,VPS->MEM,2,2,0,0.0
route,VPS->OKC,1,1,0,0.0
route,VPS->ORD,2,2,0,0.0
route,VPS->PIA,3,3,0,0.0
route,VPS->PIT,2,2,0,0.0
route,VPS->SDF,1,1,0,0.0
route,VPS->SGF,4,4,0,0.0
route,VPS->TYS,2,2,0,0.0
route,VPS->USA,4,4,0,0.0
route,VPS->XNA,1,1,0,0.0
route,WRG->KTN,1,1,0,0.0
route,XNA->ATL,4,4,0,0.0
route,XNA->CLT,9,9,0,0.0
route,XNA->DCA,2,2,0,0.0
route,XNA->DEN,9,9,0,0.0
route,XNA->DFW,34,34,0,0.0
route,XNA->EWR,5,5,0,0.0
route,XNA->IAH,9,9,0,0.0
route,XNA->LAX,5,5,0,0.0
route,XNA->LGA,2,2,0,0.0
route,XNA->MSP,2,2,0,0.0
route,XNA->ORD,34,34,0,0.0
route,XNA->SFB,1,1,0,0.0
route,XNA->SFO,3,3,0,0.0
route,XNA->VPS,1,1,0,0.0
route,YAK->JNU,2,2,0,0.0
route,YKM->SEA,3,3,0,0.0
route,YUM->PHX,13,13,0,0.0
Day_of_Month,1,2157,2150,7,0.0032452480296708552
Day_of_Month,10,1983,1968,15,0.0075642965204235635
Day_of_Month,11,1970,1953,17,0.00862944162436552
Day_of_Month,12,2127,2113,14,0.006582040432534075
Day_of_Month,13,2166,2158,8,0.003693444136657398
Day_of_Month,14,2147,2131,16,0.007452258965999103
Day_of_Month,15,2175,2160,15,0.006896551724137945
Day_of_Month,16,2185,2173,12,0.005491990846681949
Day_of_Month,17,1974,1960,14,0.007092198581560294
Day_of_Month,18,1913,1898,15,0.007841087297438598
Day_of_Month,19,2083,2073,10,0.004800768122899646
Day_of_Month,2,2190,2176,14,0.006392694063926951
Day_of_Month,20,2087,2075,12,0.005749880210828895
Day_of_Month,21,2038,2031,7,0.0034347399411187585
Day_of_Month,22,1970,1954,16,0.008121827411167515
Day_of_Month,23,2141,2123,18,0.00840728631480614
Day_of_Month,24,1888,1880,8,0.004237288135593209
Day_of_Month,25,1744,1732,12,0.006880733944954143
Day_of_Month,26,1945,1934,11,0.005655526992287885
Day_of_Month,27,2042,2032,10,0.004897159647404559
Day_of_Month,28,1970,1958,12,0.006091370558375608
Day_of_Month,29,2067,2056,11,0.005321722302854326
Day_of_Month,3,1926,1914,12,0.006230529595015577
Day_of_Month,30,1986,1971,15,0.007552870090634434
Day_of_Month,31,1813,1796,17,0.009376723662437914
Day_of_Month,4,1976,1959,17,0.0086032388663968
Day_of_Month,5,2074,2062,12,0.005785920925747368
Day_of_Month,6,2145,2122,23,0.010722610722610715
Day_of_Month,7,1999,1980,19,0.009504752376188086
Day_of_Month,8,2142,2131,11,0.0051353874883286466
Day_of_Month,9,2233,2222,11,0.0049261083743842304
