dimension,value,eligible_rows,matched_rows,unmatched_rows,unmatched_rate
Carrier_ID(DOT),19393,11868,11868,0,0.0
Carrier_ID(DOT),19687,968,968,0,0.0
Carrier_ID(DOT),19690,676,676,0,0.0
Carrier_ID(DOT),19790,8177,8177,0,0.0
Carrier_ID(DOT),19805,8066,8066,0,0.0
Carrier_ID(DOT),19930,2174,2174,0,0.0
Carrier_ID(DOT),19977,5347,5347,0,0.0
Carrier_ID(DOT),20046,894,894,0,0.0
Carrier_ID(DOT),20225,9,9,0,0.0
Carrier_ID(DOT),20237,611,611,0,0.0
Carrier_ID(DOT),20263,69,69,0,0.0
Carrier_ID(DOT),20304,6809,6809,0,0.0
Carrier_ID(DOT),20363,2070,2070,0,0.0
Carrier_ID(DOT),20366,1384,1384,0,0.0
Carrier_ID(DOT),20368,849,849,0,0.0
Carrier_ID(DOT),20378,1978,1978,0,0.0
Carrier_ID(DOT),20397,2583,2583,0,0.0
Carrier_ID(DOT),20398,2598,2598,0,0.0
Carrier_ID(DOT),20409,2621,2621,0,0.0
Carrier_ID(DOT),20416,1644,1644,0,0.0
Carrier_ID(DOT),20427,966,966,0,0.0
Carrier_ID(DOT),20436,1234,1234,0,0.0
Carrier_ID(DOT),20445,482,482,0,0.0
Carrier_ID(DOT),20452,2711,2711,0,0.0
Carrier_ID(DOT),20500,727,727,0,0.0
Carrier_ID(DOT),21167,768,768,0,0.0
Airline,(missing),7394,7394,0,0.0
Airline,Air Wisconsin Airlines Corp,817,817,0,0.0
Airline,Alaska Airlines Inc.,1938,1938,0,0.0
Airline,Allegiant Air,754,754,0,0.0
Airline,American Airlines Inc.,7190,7190,0,0.0
Airline,Capital Cargo International,848,848,0,0.0
Airline,Comair Inc.,2298,2298,0,0.0
Airline,"Commutair Aka Champlain Enterprises, Inc.",438,438,0,0.0
Airline,Compass Airlines,684,684,0,0.0
Airline,Delta Air Lines Inc.,7262,7262,0,0.0
Airline,Empire Airlines Inc.,56,56,0,0.0
Airline,Endeavor Air Inc.,1871,1871,0,0.0
Airline,Envoy Air,2286,2286,0,0.0
Airline,ExpressJet Airlines Inc.,1244,1244,0,0.0
Airline,Frontier Airlines Inc.,1084,1084,0,0.0
Airline,"GoJet Airlines, LLC d/b/a United Express",663,663,0,0.0
Airline,Hawaiian Airlines Inc.,603,603,0,0.0
Airline,Horizon Air,859,859,0,0.0
Airline,JetBlue Airways,2335,2335,0,0.0
Airline,Mesa Airlines Inc.,1754,1754,0,0.0
Airline,Peninsula Airways Inc.,7,7,0,0.0
Airline,Republic Airlines,2440,2440,0,0.0
Airline,SkyWest Airlines Inc.,6099,6099,0,0.0
Airline,Southwest Airlines Co.,10608,10608,0,0.0
Airline,Spirit Air Lines,1465,1465,0,0.0
Airline,Trans States Airlines,534,534,0,0.0
Airline,United Air Lines Inc.,4752,4752,0,0.0
carrier_group,previously-absent operator,5494,5494,0,0.0
carrier_group,reporting carrier,62789,62789,0,0.0
route,ABE->ATL,3,3,0,0.0
route,ABE->BNA,3,3,0,0.0
route,ABE->CLT,13,13,0,0.0
route,ABE->DTW,5,5,0,0.0
route,ABE->FLL,1,1,0,0.0
route,ABE->ORD,7,7,0,0.0
route,ABE->PGD,1,1,0,0.0
route,ABE->PHL,8,8,0,0.0
route,ABE->PIE,2,2,0,0.0
route,ABE->SFB,4,4,0,0.0
route,ABI->DFW,8,8,0,0.0
route,ABQ->ATL,10,10,0,0.0
route,ABQ->AUS,3,3,0,0.0
route,ABQ->BWI,2,2,0,0.0
route,ABQ->DAL,17,17,0,0.0
route,ABQ->DEN,24,24,0,0.0
route,ABQ->DFW,22,22,0,0.0
route,ABQ->HOU,8,8,0,0.0
route,ABQ->IAH,13,13,0,0.0
route,ABQ->JFK,2,2,0,0.0
route,ABQ->LAS,9,9,0,0.0
route,ABQ->LAX,26,26,0,0.0
route,ABQ->MCI,3,3,0,0.0
route,ABQ->MCO,1,1,0,0.0
route,ABQ->MDW,6,6,0,0.0
route,ABQ->OAK,14,14,0,0.0
route,ABQ->ORD,7,7,0,0.0
route,ABQ->PDX,3,3,0,0.0
route,ABQ->PHX,31,31,0,0.0
route,ABQ->SAN,11,11,0,0.0
route,ABQ->SEA,4,4,0,0.0
route,ABQ->SFO,10,10,0,0.0
route,ABQ->SJC,1,1,0,0.0
route,ABQ->SLC,6,6,0,0.0
route,ABQ->SNA,2,2,0,0.0
route,ABR->MSP,9,9,0,0.0
route,ABY->ATL,7,7,0,0.0
route,ACT->DFW,12,12,0,0.0
route,ACV->LAX,6,6,0,0.0
route,ACV->SFO,17,17,0,0.0
route,ACY->ATL,1,1,0,0.0
route,ACY->FLL,11,11,0,0.0
route,ACY->MCO,7,7,0,0.0
route,ACY->MSY,1,1,0,0.0
route,ACY->MYR,2,2,0,0.0
route,ACY->PBI,2,2,0,0.0
route,ACY->RSW,6,6,0,0.0
route,ADK->ANC,2,2,0,0.0
route,ADQ->ANC,6,6,0,0.0
route,AEX->ATL,13,13,0,0.0
route,AEX->DFW,10,10,0,0.0
route,AEX->IAH,12,12,0,0.0
route,AGS->ATL,15,15,0,0.0
route,AGS->CLT,7,7,0,0.0
route,AGS->DFW,1,1,0,0.0
route,ALB->ATL,11,11,0,0.0
route,ALB->BWI,21,21,0,0.0
route,ALB->CLT,8,8,0,0.0
route,ALB->DCA,13,13,0,0.0
route,ALB->DEN,4,4,0,0.0
route,ALB->DTW,12,12,0,0.0
route,ALB->EWR,18,18,0,0.0
route,ALB->FLL,6,6,0,0.0
route,ALB->IAD,3,3,0,0.0
route,ALB->LAS,1,1,0,0.0
route,ALB->MCO,16,16,0,0.0
route,ALB->MDW,10,10,0,0.0
route,ALB->ORD,20,20,0,0.0
route,ALB->PHL,18,18,0,0.0
route,ALB->TPA,5,5,0,0.0
route,ALO->ORD,10,10,0,0.0
route,ALW->SEA,7,7,0,0.0
route,AMA->DAL,10,10,0,0.0
route,AMA->DEN,6,6,0,0.0
route,AMA->DFW,16,16,0,0.0
route,AMA->IAH,8,8,0,0.0
route,AMA->LAS,3,3,0,0.0
route,ANC->ADQ,9,9,0,0.0
route,ANC->BET,5,5,0,0.0
route,ANC->CDV,4,4,0,0.0
route,ANC->DEN,5,5,0,0.0
route,ANC->DUT,7,7,0,0.0
route,ANC->FAI,20,20,0,0.0
route,ANC->HNL,2,2,0,0.0
route,ANC->JNU,11,11,0,0.0
route,ANC->MSP,1,1,0,0.0
route,ANC->OGG,1,1,0,0.0
route,ANC->OME,1,1,0,0.0
route,ANC->ORD,1,1,0,0.0
route,ANC->OTZ,6,6,0,0.0
route,ANC->PDX,8,8,0,0.0
route,ANC->PHX,3,3,0,0.0
route,ANC->SCC,5,5,0,0.0
route,ANC->SEA,48,48,0,0.0
route,APN->DTW,2,2,0,0.0
route,APN->PLN,6,6,0,0.0
route,ART->PHL,4,4,0,0.0
route,ASE->DEN,14,14,0,0.0
route,ASE->DFW,3,3,0,0.0
route,ASE->IAH,1,1,0,0.0
route,ASE->LAX,2,2,0,0.0
route,ASE->SLC,3,3,0,0.0
route,ATL->ABE,7,7,0,0.0
route,ATL->ABQ,5,5,0,0.0
route,ATL->ABY,7,7,0,0.0
route,ATL->ACY,1,1,0,0.0
route,ATL->AEX,14,14,0,0.0
route,ATL->AGS,18,18,0,0.0
route,ATL->ALB,8,8,0,0.0
route,ATL->ATW,4,4,0,0.0
route,ATL->AUS,39,39,0,0.0
route,ATL->AVL,15,15,0,0.0
route,ATL->BDL,19,19,0,0.0
route,ATL->BHM,33,33,0,0.0
route,ATL->BMI,8,8,0,0.0
route,ATL->BNA,37,37,0,0.0
route,ATL->BOS,61,61,0,0.0
route,ATL->BQK,12,12,0,0.0
route,ATL->BTR,21,21,0,0.0
route,ATL->BTV,4,4,0,0.0
route,ATL->BUF,15,15,0,0.0
route,ATL->BUR,3,3,0,0.0
route,ATL->BWI,56,56,0,0.0
route,ATL->CAE,22,22,0,0.0
route,ATL->CAK,9,9,0,0.0
route,ATL->CHA,34,34,0,0.0
route,ATL->CHO,15,15,0,0.0
route,ATL->CHS,37,37,0,0.0
route,ATL->CID,12,12,0,0.0
route,ATL->CLE,26,26,0,0.0
route,ATL->CLT,56,56,0,0.0
route,ATL->CMH,25,25,0,0.0
route,ATL->COS,4,4,0,0.0
route,ATL->CRW,16,16,0,0.0
route,ATL->CSG,7,7,0,0.0
route,ATL->CVG,30,30,0,0.0
route,ATL->DAB,14,14,0,0.0
route,ATL->DAL,32,32,0,0.0
route,ATL->DAY,5,5,0,0.0
route,ATL->DCA,59,59,0,0.0
route,ATL->DEN,55,55,0,0.0
route,ATL->DFW,56,56,0,0.0
route,ATL->DHN,13,13,0,0.0
route,ATL->DSM,10,10,0,0.0
route,ATL->DTW,42,42,0,0.0
route,ATL->ECP,11,11,0,0.0
route,ATL->ELP,7,7,0,0.0
route,ATL->EVV,7,7,0,0.0
route,ATL->EWN,10,10,0,0.0
route,ATL->EWR,63,63,0,0.0
route,ATL->EYW,13,13,0,0.0
route,ATL->FAY,22,22,0,0.0
route,ATL->FLL,60,60,0,0.0
route,ATL->FNT,9,9,0,0.0
route,ATL->FSD,4,4,0,0.0
route,ATL->FSM,3,3,0,0.0
route,ATL->FWA,7,7,0,0.0
route,ATL->GNV,21,21,0,0.0
route,ATL->GPT,10,10,0,0.0
route,ATL->GRB,4,4,0,0.0
route,ATL->GRR,16,16,0,0.0
route,ATL->GSO,29,29,0,0.0
route,ATL->GSP,38,38,0,0.0
route,ATL->GTR,7,7,0,0.0
route,ATL->HHH,2,2,0,0.0
route,ATL->HNL,2,2,0,0.0
route,ATL->HOU,30,30,0,0.0
route,ATL->HPN,17,17,0,0.0
route,ATL->HSV,18,18,0,0.0
route,ATL->IAD,29,29,0,0.0
route,ATL->IAH,45,45,0,0.0
route,ATL->ICT,9,9,0,0.0
route,ATL->ILM,12,12,0,0.0
route,ATL->IND,32,32,0,0.0
route,ATL->JAN,22,22,0,0.0
route,ATL->JAX,46,46,0,0.0
route,ATL->JFK,25,25,0,0.0
route,ATL->LAS,40,40,0,0.0
route,ATL->LAX,53,53,0,0.0
route,ATL->LEX,21,21,0,0.0
route,ATL->LFT,15,15,0,0.0
route,ATL->LGA,59,59,0,0.0
route,ATL->LIT,18,18,0,0.0
route,ATL->MCI,30,30,0,0.0
route,ATL->MCO,85,85,0,0.0
route,ATL->MDT,7,7,0,0.0
route,ATL->MDW,37,37,0,0.0
route,ATL->MEM,27,27,0,0.0
route,ATL->MGM,19,19,0,0.0
route,ATL->MHT,2,2,0,0.0
route,ATL->MIA,59,59,0,0.0
route,ATL->MKE,24,24,0,0.0
route,ATL->MLB,12,12,0,0.0
route,ATL->MLI,13,13,0,0.0
route,ATL->MLU,16,16,0,0.0
route,ATL->MOB,22,22,0,0.0
route,ATL->MSN,18,18,0,0.0
route,ATL->MSP,32,32,0,0.0
route,ATL->MSY,46,46,0,0.0
route,ATL->MYR,12,12,0,0.0
route,ATL->OAJ,10,10,0,0.0
route,ATL->OAK,7,7,0,0.0
route,ATL->OKC,14,14,0,0.0
route,ATL->OMA,20,20,0,0.0
route,ATL->ONT,1,1,0,0.0
route,ATL->ORD,75,75,0,0.0
route,ATL->ORF,18,18,0,0.0
route,ATL->PBI,31,31,0,0.0
route,ATL->PDX,9,9,0,0.0
route,ATL->PHF,9,9,0,0.0
route,ATL->PHL,54,54,0,0.0
route,ATL->PHX,38,38,0,0.0
route,ATL->PIA,7,7,0,0.0
route,ATL->PIT,26,26,0,0.0
route,ATL->PNS,30,30,0,0.0
route,ATL->PVD,9,9,0,0.0
route,ATL->PWM,2,2,0,0.0
route,ATL->RDU,49,49,0,0.0
route,ATL->RIC,29,29,0,0.0
route,ATL->ROA,14,14,0,0.0
route,ATL->ROC,9,9,0,0.0
route,ATL->RST,4,4,0,0.0
route,ATL->RSW,25,25,0,0.0
route,ATL->SAN,18,18,0,0.0
route,ATL->SAT,33,33,0,0.0
route,ATL->SAV,33,33,0,0.0
route,ATL->SBN,10,10,0,0.0
route,ATL->SDF,19,19,0,0.0
route,ATL->SEA,31,31,0,0.0
route,ATL->SFO,31,31,0,0.0
route,ATL->SGF,15,15,0,0.0
route,ATL->SHV,13,13,0,0.0
route,ATL->SJC,6,6,0,0.0
route,ATL->SJU,11,11,0,0.0
route,ATL->SLC,22,22,0,0.0
route,ATL->SMF,8,8,0,0.0
route,ATL->SNA,13,13,0,0.0
route,ATL->SRQ,15,15,0,0.0
route,ATL->STL,34,34,0,0.0
route,ATL->STT,3,3,0,0.0
route,ATL->SYR,9,9,0,0.0
route,ATL->TLH,26,26,0,0.0
route,ATL->TPA,68,68,0,0.0
route,ATL->TRI,16,16,0,0.0
route,ATL->TTN,10,10,0,0.0
route,ATL->TUL,14,14,0,0.0
route,ATL->TUS,5,5,0,0.0
route,ATL->TYS,36,36,0,0.0
route,ATL->VLD,9,9,0,0.0
route,ATL->VPS,13,13,0,0.0
route,ATL->XNA,17,17,0,0.0
route,ATW->ATL,4,4,0,0.0
route,ATW->DEN,3,3,0,0.0
route,ATW->DTW,8,8,0,0.0
route,ATW->LAS,2,2,0,0.0
route,ATW->MSP,9,9,0,0.0
route,ATW->ORD,25,25,0,0.0
route,ATW->PGD,1,1,0,0.0
route,ATW->PIE,1,1,0,0.0
route,ATW->SFB,1,1,0,0.0
route,ATY->DEN,2,2,0,0.0
route,ATY->ORD,1,1,0,0.0
route,AUS->ABQ,3,3,0,0.0
route,AUS->ATL,38,38,0,0.0
route,AUS->BNA,8,8,0,0.0
route,AUS->BOS,15,15,0,0.0
route,AUS->BWI,6,6,0,0.0
route,AUS->CLT,8,8,0,0.0
route,AUS->CMH,1,1,0,0.0
route,AUS->CVG,6,6,0,0.0
route,AUS->DAL,23,23,0,0.0
route,AUS->DCA,3,3,0,0.0
route,AUS->DEN,31,31,0,0.0
route,AUS->DFW,36,36,0,0.0
route,AUS->DTW,2,2,0,0.0
route,AUS->ELP,7,7,0,0.0
route,AUS->EWR,18,18,0,0.0
route,AUS->FLL,5,5,0,0.0
route,AUS->HOU,19,19,0,0.0
route,AUS->HRL,4,4,0,0.0
route,AUS->IAD,9,9,0,0.0
route,AUS->IAH,24,24,0,0.0
route,AUS->IND,1,1,0,0.0
route,AUS->JAX,1,1,0,0.0
route,AUS->JFK,9,9,0,0.0
route,AUS->LAS,15,15,0,0.0
route,AUS->LAX,33,33,0,0.0
route,AUS->LBB,5,5,0,0.0
route,AUS->LGB,3,3,0,0.0
route,AUS->MCI,2,2,0,0.0
route,AUS->MCO,16,16,0,0.0
route,AUS->MDW,14,14,0,0.0
route,AUS->MIA,11,11,0,0.0
route,AUS->MSP,8,8,0,0.0
route,AUS->MSY,10,10,0,0.0
route,AUS->OAK,3,3,0,0.0
route,AUS->ORD,21,21,0,0.0
route,AUS->PDX,5,5,0,0.0
route,AUS->PHL,6,6,0,0.0
route,AUS->PHX,31,31,0,0.0
route,AUS->RDU,3,3,0,0.0
route,AUS->RNO,1,1,0,0.0
route,AUS->SAN,17,17,0,0.0
route,AUS->SEA,10,10,0,0.0
route,AUS->SFO,28,28,0,0.0
route,AUS->SJC,14,14,0,0.0
route,AUS->SLC,6,6,0,0.0
route,AUS->SMF,3,3,0,0.0
route,AUS->STL,9,9,0,0.0
route,AUS->TPA,2,2,0,0.0
route,AUS->VPS,1,1,0,0.0
route,AVL->ATL,27,27,0,0.0
route,AVL->CLT,17,17,0,0.0
route,AVL->EWR,3,3,0,0.0
route,AVL->FLL,4,4,0,0.0
route,AVL->IAD,1,1,0,0.0
route,AVL->MCO,1,1,0,0.0
route,AVL->ORD,2,2,0,0.0
route,AVL->PGD,3,3,0,0.0
route,AVL->PIE,5,5,0,0.0
route,AVL->SFB,4,4,0,0.0
route,AVP->ATL,7,7,0,0.0
route,AVP->CLT,14,14,0,0.0
route,AVP->DTW,10,10,0,0.0
route,AVP->IAD,9,9,0,0.0
route,AVP->ORD,7,7,0,0.0
route,AVP->PHL,7,7,0,0.0
route,AZA->BIL,1,1,0,0.0
route,AZA->BIS,1,1,0,0.0
route,AZA->BLI,1,1,0,0.0
route,AZA->BZN,1,1,0,0.0
route,AZA->CID,4,4,0,0.0
route,AZA->CVG,1,1,0,0.0
route,AZA->FAR,2,2,0,0.0
route,AZA->FCA,2,2,0,0.0
route,AZA->FSD,3,3,0,0.0
route,AZA->FWA,2,2,0,0.0
route,AZA->GFK,2,2,0,0.0
route,AZA->GRI,1,1,0,0.0
route,AZA->GRR,2,2,0,0.0
route,AZA->GTF,1,1,0,0.0
route,AZA->ICT,2,2,0,0.0
route,AZA->IDA,1,1,0,0.0
route,AZA->LAS,1,1,0,0.0
route,AZA->MCI,1,1,0,0.0
route,AZA->MFE,1,1,0,0.0
route,AZA->MLI,2,2,0,0.0
route,AZA->MSO,2,2,0,0.0
route,AZA->PIA,1,1,0,0.0
route,AZA->PSC,1,1,0,0.0
route,AZA->PVU,3,3,0,0.0
route,AZA->RAP,1,1,0,0.0
route,AZA->RDM,1,1,0,0.0
route,AZO->DTW,11,11,0,0.0
route,AZO->MSP,3,3,0,0.0
route,AZO->ORD,17,17,0,0.0
route,BDL->ATL,16,16,0,0.0
route,BDL->BWI,27,27,0,0.0
route,BDL->CLE,1,1,0,0.0
route,BDL->CLT,13,13,0,0.0
route,BDL->CVG,3,3,0,0.0
route,BDL->DCA,17,17,0,0.0
route,BDL->DEN,11,11,0,0.0
route,BDL->DFW,7,7,0,0.0
route,BDL->DTW,10,10,0,0.0
route,BDL->FLL,14,14,0,0.0
route,BDL->IAD,10,10,0,0.0
route,BDL->IAH,4,4,0,0.0
route,BDL->LAX,2,2,0,0.0
route,BDL->MCO,21,21,0,0.0
route,BDL->MDW,4,4,0,0.0
route,BDL->MIA,3,3,0,0.0
route,BDL->MSP,7,7,0,0.0
route,BDL->MYR,1,1,0,0.0
route,BDL->ORD,24,24,0,0.0
route,BDL->PBI,2,2,0,0.0
route,BDL->PHL,15,15,0,0.0
route,BDL->RDU,4,4,0,0.0
route,BDL->RSW,7,7,0,0.0
route,BDL->SJU,4,4,0,0.0
route,BDL->STL,1,1,0,0.0
route,BDL->TPA,10,10,0,0.0
route,BET->ANC,6,6,0,0.0
route,BFF->DEN,6,6,0,0.0
route,BFL->DEN,6,6,0,0.0
route,BFL->PHX,7,7,0,0.0
route,BFL->SFO,2,2,0,0.0
route,BGM->DTW,10,10,0,0.0
route,BGR->DCA,10,10,0,0.0
route,BGR->EWR,8,8,0,0.0
route,BGR->JFK,1,1,0,0.0
route,BGR->LGA,9,9,0,0.0
route,BGR->PHL,16,16,0,0.0
route,BHM->ATL,25,25,0,0.0
route,BHM->BWI,6,6,0,0.0
route,BHM->CLT,16,16,0,0.0
route,BHM->DAL,6,6,0,0.0
route,BHM->DCA,7,7,0,0.0
route,BHM->DEN,11,11,0,0.0
route,BHM->DFW,20,20,0,0.0
route,BHM->DTW,6,6,0,0.0
route,BHM->HOU,6,6,0,0.0
route,BHM->IAH,22,22,0,0.0
route,BHM->LAS,1,1,0,0.0
route,BHM->LGA,2,2,0,0.0
route,BHM->MCO,6,6,0,0.0
route,BHM->MDW,4,4,0,0.0
route,BHM->MIA,3,3,0,0.0
route,BHM->ORD,14,14,0,0.0
route,BHM->PHL,7,7,0,0.0
route,BHM->TPA,9,9,0,0.0
route,BIL->AZA,4,4,0,0.0
route,BIL->DEN,15,15,0,0.0
route,BIL->DFW,2,2,0,0.0
route,BIL->LAS,3,3,0,0.0
route,BIL->MSP,3,3,0,0.0
route,BIL->PDX,4,4,0,0.0
route,BIL->SEA,4,4,0,0.0
route,BIL->SLC,10,10,0,0.0
route,BIS->DEN,17,17,0,0.0
route,BIS->DFW,4,4,0,0.0
route,BIS->MSP,14,14,0,0.0
route,BIS->ORD,7,7,0,0.0
route,BIS->SFB,2,2,0,0.0
route,BJI->MSP,10,10,0,0.0
route,BKG->DEN,2,2,0,0.0
route,BLI->AZA,1,1,0,0.0
route,BLI->LAS,7,7,0,0.0
route,BLI->LAX,3,3,0,0.0
route,BLI->OAK,4,4,0,0.0
route,BLI->PSP,5,5,0,0.0
route,BLI->SAN,1,1,0,0.0
route,BLI->SEA,15,15,0,0.0
route,BLV->AZA,3,3,0,0.0
route,BLV->LAS,1,1,0,0.0
route,BLV->PGD,1,1,0,0.0
route,BLV->PIE,1,1,0,0.0
route,BLV->SFB,3,3,0,0.0
route,BLV->SRQ,1,1,0,0.0
route,BLV->VPS,2,2,0,0.0
route,BMI->ATL,6,6,0,0.0
route,BMI->DEN,1,1,0,0.0
route,BMI->DFW,5,5,0,0.0
route,BMI->MCO,1,1,0,0.0
route,BMI->ORD,10,10,0,0.0
route,BMI->PIE,1,1,0,0.0
route,BNA->ATL,46,46,0,0.0
route,BNA->AUS,11,11,0,0.0
route,BNA->BOS,23,23,0,0.0
route,BNA->BWI,19,19,0,0.0
route,BNA->CHS,7,7,0,0.0
route,BNA->CLE,8,8,0,0.0
route,BNA->CLT,17,17,0,0.0
route,BNA->CMH,7,7,0,0.0
route,BNA->DAL,18,18,0,0.0
route,BNA->DCA,19,19,0,0.0
route,BNA->DEN,33,33,0,0.0
route,BNA->DFW,22,22,0,0.0
route,BNA->DTW,34,34,0,0.0
route,BNA->ECP,8,8,0,0.0
route,BNA->EWR,20,20,0,0.0
route,BNA->FLL,20,20,0,0.0
route,BNA->HOU,11,11,0,0.0
route,BNA->IAD,5,5,0,0.0
route,BNA->IAH,18,18,0,0.0
route,BNA->JAX,13,13,0,0.0
route,BNA->JFK,9,9,0,0.0
route,BNA->LAS,9,9,0,0.0
route,BNA->LAX,17,17,0,0.0
route,BNA->LGA,43,43,0,0.0
route,BNA->MCI,8,8,0,0.0
route,BNA->MCO,18,18,0,0.0
route,BNA->MDW,25,25,0,0.0
route,BNA->MIA,9,9,0,0.0
route,BNA->MKE,4,4,0,0.0
route,BNA->MSP,15,15,0,0.0
route,BNA->MSY,13,13,0,0.0
route,BNA->OAK,7,7,0,0.0
route,BNA->ORD,46,46,0,0.0
route,BNA->PGD,1,1,0,0.0
route,BNA->PHL,29,29,0,0.0
route,BNA->PHX,11,11,0,0.0
route,BNA->PIT,8,8,0,0.0
route,BNA->PNS,5,5,0,0.0
route,BNA->RDU,14,14,0,0.0
route,BNA->SAN,11,11,0,0.0
route,BNA->SAT,8,8,0,0.0
route,BNA->SEA,7,7,0,0.0
route,BNA->SFB,1,1,0,0.0
route,BNA->SFO,9,9,0,0.0
route,BNA->SJC,3,3,0,0.0
route,BNA->SLC,7,7,0,0.0
route,BNA->STL,6,6,0,0.0
route,BNA->TPA,9,9,0,0.0
route,BNA->TTN,1,1,0,0.0
route,BNA->VPS,1,1,0,0.0
route,BOI->AZA,1,1,0,0.0
route,BOI->DEN,21,21,0,0.0
route,BOI->DFW,6,6,0,0.0
route,BOI->GEG,9,9,0,0.0
route,BOI->IAH,4,4,0,0.0
route,BOI->LAS,12,12,0,0.0
route,BOI->LAX,8,8,0,0.0
route,BOI->MSP,7,7,0,0.0
route,BOI->OAK,9,9,0,0.0
route,BOI->ORD,5,5,0,0.0
route,BOI->PDX,11,11,0,0.0
route,BOI->PHX,12,12,0,0.0
route,BOI->RNO,4,4,0,0.0
route,BOI->SAN,4,4,0,0.0
route,BOI->SEA,38,38,0,0.0
route,BOI->SFO,17,17,0,0.0
route,BOI->SJC,6,6,0,0.0
route,BOI->SLC,14,14,0,0.0
route,BOI->SMF,11,11,0,0.0
route,BOS->ATL,48,48,0,0.0
route,BOS->AUS,8,8,0,0.0
route,BOS->BNA,19,19,0,0.0
route,BOS->BUF,24,24,0,0.0
route,BOS->BUR,3,3,0,0.0
route,BOS->BWI,39,39,0,0.0
route,BOS->CHS,10,10,0,0.0
route,BOS->CLE,25,25,0,0.0
route,BOS->CLT,44,44,0,0.0
route,BOS->CMH,16,16,0,0.0
route,BOS->CVG,13,13,0,0.0
route,BOS->DAL,1,1,0,0.0
route,BOS->DCA,92,92,0,0.0
route,BOS->DEN,21,21,0,0.0
route,BOS->DFW,26,26,0,0.0
route,BOS->DTW,24,24,0,0.0
route,BOS->EWR,64,64,0,0.0
route,BOS->FLL,27,27,0,0.0
route,BOS->HOU,5,5,0,0.0
route,BOS->IAD,20,20,0,0.0
route,BOS->IAH,15,15,0,0.0
route,BOS->IND,12,12,0,0.0
route,BOS->JAX,12,12,0,0.0
route,BOS->JFK,68,68,0,0.0
route,BOS->LAS,18,18,0,0.0
route,BOS->LAX,35,35,0,0.0
route,BOS->LGA,82,82,0,0.0
route,BOS->LGB,2,2,0,0.0
route,BOS->MCI,4,4,0,0.0
route,BOS->MCO,32,32,0,0.0
route,BOS->MDT,2,2,0,0.0
route,BOS->MDW,10,10,0,0.0
route,BOS->MIA,14,14,0,0.0
route,BOS->MKE,10,10,0,0.0
route,BOS->MSP,25,25,0,0.0
route,BOS->MSY,12,12,0,0.0
route,BOS->MYR,4,4,0,0.0
route,BOS->ORD,72,72,0,0.0
route,BOS->ORF,1,1,0,0.0
route,BOS->PBI,15,15,0,0.0
route,BOS->PDX,3,3,0,0.0
route,BOS->PHL,61,61,0,0.0
route,BOS->PHX,22,22,0,0.0
route,BOS->PIT,34,34,0,0.0
route,BOS->RDU,36,36,0,0.0
route,BOS->RIC,22,22,0,0.0
route,BOS->ROC,12,12,0,0.0
route,BOS->RSW,20,20,0,0.0
route,BOS->SAN,10,10,0,0.0
route,BOS->SAV,4,4,0,0.0
route,BOS->SEA,16,16,0,0.0
route,BOS->SFO,42,42,0,0.0
route,BOS->SJU,8,8,0,0.0
route,BOS->SLC,9,9,0,0.0
route,BOS->SRQ,3,3,0,0.0
route,BOS->STL,9,9,0,0.0
route,BOS->SYR,5,5,0,0.0
route,BOS->TPA,32,32,0,0.0
route,BPT->DFW,8,8,0,0.0
route,BQK->ATL,8,8,0,0.0
route,BQN->EWR,4,4,0,0.0
route,BQN->FLL,8,8,0,0.0
route,BQN->JFK,2,2,0,0.0
route,BQN->MCO,5,5,0,0.0
route,BRD->MSP,6,6,0,0.0
route,BRO->DFW,5,5,0,0.0
route,BRO->IAH,13,13,0,0.0
route,BRO->ORD,1,1,0,0.0
route,BRW->ANC,1,1,0,0.0
route,BRW->FAI,4,4,0,0.0
route,BTM->SLC,7,7,0,0.0
route,BTR->ATL,23,23,0,0.0
route,BTR->CLT,15,15,0,0.0
route,BTR->DFW,11,11,0,0.0
route,BTR->IAH,15,15,0,0.0
route,BTV->ATL,2,2,0,0.0
route,BTV->CLT,3,3,0,0.0
route,BTV->DCA,5,5,0,0.0
route,BTV->DTW,6,6,0,0.0
route,BTV->EWR,13,13,0,0.0
route,BTV->IAD,14,14,0,0.0
route,BTV->JFK,18,18,0,0.0
route,BTV->LGA,5,5,0,0.0
route,BTV->MCO,1,1,0,0.0
route,BTV->ORD,11,11,0,0.0
route,BTV->PHL,12,12,0,0.0
route,BUF->ATL,9,9,0,0.0
route,BUF->AUS,1,1,0,0.0
route,BUF->BOS,22,22,0,0.0
route,BUF->BWI,22,22,0,0.0
route,BUF->CLT,15,15,0,0.0
route,BUF->DCA,12,12,0,0.0
route,BUF->DEN,1,1,0,0.0
route,BUF->DFW,1,1,0,0.0
route,BUF->DTW,16,16,0,0.0
route,BUF->EWR,20,20,0,0.0
route,BUF->FLL,5,5,0,0.0
route,BUF->IAD,15,15,0,0.0
route,BUF->JFK,24,24,0,0.0
route,BUF->LAS,5,5,0,0.0
route,BUF->LAX,1,1,0,0.0
route,BUF->LGA,13,13,0,0.0
route,BUF->MCO,15,15,0,0.0
route,BUF->MDW,6,6,0,0.0
route,BUF->MSP,2,2,0,0.0
route,BUF->ORD,25,25,0,0.0
route,BUF->PHL,16,16,0,0.0
route,BUF->PHX,3,3,0,0.0
route,BUF->RSW,1,1,0,0.0
route,BUF->TPA,6,6,0,0.0
route,BUR->ATL,2,2,0,0.0
route,BUR->BOS,3,3,0,0.0
route,BUR->DAL,5,5,0,0.0
route,BUR->DEN,10,10,0,0.0
route,BUR->DFW,4,4,0,0.0
route,BUR->HOU,4,4,0,0.0
route,BUR->JFK,3,3,0,0.0
route,BUR->LAS,34,34,0,0.0
route,BUR->MDW,3,3,0,0.0
route,BUR->OAK,43,43,0,0.0
route,BUR->PDX,12,12,0,0.0
route,BUR->PHX,39,39,0,0.0
route,BUR->SEA,13,13,0,0.0
route,BUR->SFO,31,31,0,0.0
route,BUR->SJC,32,32,0,0.0
route,BUR->SLC,20,20,0,0.0
route,BUR->SMF,20,20,0,0.0
route,BWI->ABQ,1,1,0,0.0
route,BWI->ALB,11,11,0,0.0
route,BWI->ATL,58,58,0,0.0
route,BWI->AUS,12,12,0,0.0
route,BWI->BDL,14,14,0,0.0
route,BWI->BHM,4,4,0,0.0
route,BWI->BNA,18,18,0,0.0
route,BWI->BOS,53,53,0,0.0
route,BWI->BUF,13,13,0,0.0
route,BWI->CHS,11,11,0,0.0
route,BWI->CLE,14,14,0,0.0
route,BWI->CLT,49,49,0,0.0
route,BWI->CMH,18,18,0,0.0
route,BWI->CVG,17,17,0,0.0
route,BWI->DAL,10,10,0,0.0
route,BWI->DEN,20,20,0,0.0
route,BWI->DFW,9,9,0,0.0
route,BWI->DTW,20,20,0,0.0
route,BWI->FLL,34,34,0,0.0
route,BWI->GRR,3,3,0,0.0
route,BWI->GSP,1,1,0,0.0
route,BWI->HOU,18,18,0,0.0
route,BWI->IAH,9,9,0,0.0
route,BWI->IND,12,12,0,0.0
route,BWI->ISP,10,10,0,0.0
route,BWI->JAX,12,12,0,0.0
route,BWI->JFK,18,18,0,0.0
route,BWI->LAS,19,19,0,0.0
route,BWI->LAX,19,19,0,0.0
route,BWI->MCI,4,4,0,0.0
route,BWI->MCO,40,40,0,0.0
route,BWI->MDW,25,25,0,0.0
route,BWI->MEM,9,9,0,0.0
route,BWI->MHT,17,17,0,0.0
route,BWI->MIA,6,6,0,0.0
route,BWI->MKE,7,7,0,0.0
route,BWI->MSP,16,16,0,0.0
route,BWI->MSY,16,16,0,0.0
route,BWI->MYR,2,2,0,0.0
route,BWI->OAK,6,6,0,0.0
route,BWI->OKC,5,5,0,0.0
route,BWI->ORD,34,34,0,0.0
route,BWI->ORF,13,13,0,0.0
route,BWI->PBI,10,10,0,0.0
route,BWI->PHL,10,10,0,0.0
route,BWI->PHX,10,10,0,0.0
route,BWI->PIT,6,6,0,0.0
route,BWI->PVD,30,30,0,0.0
route,BWI->PWM,9,9,0,0.0
route,BWI->RDU,19,19,0,0.0
route,BWI->ROC,9,9,0,0.0
route,BWI->RSW,14,14,0,0.0
route,BWI->SAN,14,14,0,0.0
route,BWI->SAT,16,16,0,0.0
route,BWI->SDF,7,7,0,0.0
route,BWI->SEA,4,4,0,0.0
route,BWI->SFO,7,7,0,0.0
route,BWI->SJC,2,2,0,0.0
route,BWI->SJU,6,6,0,0.0
route,BWI->SLC,5,5,0,0.0
route,BWI->SMF,3,3,0,0.0
route,BWI->STL,11,11,0,0.0
route,BWI->TPA,35,35,0,0.0
route,BZN->AZA,2,2,0,0.0
route,BZN->DEN,11,11,0,0.0
route,BZN->DFW,4,4,0,0.0
route,BZN->LAS,2,2,0,0.0
route,BZN->LAX,3,3,0,0.0
route,BZN->MSP,6,6,0,0.0
route,BZN->ORD,2,2,0,0.0
route,BZN->PDX,3,3,0,0.0
route,BZN->SEA,7,7,0,0.0
route,BZN->SFO,4,4,0,0.0
route,BZN->SLC,10,10,0,0.0
route,CAE->ATL,30,30,0,0.0
route,CAE->CLT,18,18,0,0.0
route,CAE->DCA,8,8,0,0.0
route,CAE->DFW,9,9,0,0.0
route,CAE->IAD,17,17,0,0.0
route,CAE->IAH,1,1,0,0.0
route,CAE->LGA,3,3,0,0.0
route,CAE->ORD,10,10,0,0.0
route,CAE->PHL,8,8,0,0.0
route,CAK->ATL,7,7,0,0.0
route,CAK->CLT,16,16,0,0.0
route,CAK->DCA,3,3,0,0.0
route,CAK->DTW,1,1,0,0.0
route,CAK->EWR,3,3,0,0.0
route,CAK->IAH,1,1,0,0.0
route,CAK->LGA,3,3,0,0.0
route,CAK->MCO,3,3,0,0.0
route,CAK->ORD,22,22,0,0.0
route,CAK->PHL,5,5,0,0.0
route,CAK->RSW,2,2,0,0.0
route,CAK->TPA,2,2,0,0.0
route,CDC->SLC,6,6,0,0.0
route,CDV->ANC,3,3,0,0.0
route,CGI->ORD,5,5,0,0.0
route,CGI->PAH,3,3,0,0.0
route,CGI->UIN,2,2,0,0.0
route,CHA->ATL,26,26,0,0.0
route,CHA->CLT,19,19,0,0.0
route,CHA->DCA,3,3,0,0.0
route,CHA->DFW,7,7,0,0.0
route,CHA->DTW,4,4,0,0.0
route,CHA->IAD,4,4,0,0.0
route,CHA->LGA,1,1,0,0.0
route,CHA->ORD,7,7,0,0.0
route,CHA->PHL,2,2,0,0.0
route,CHA->PIE,2,2,0,0.0
route,CHA->SFB,3,3,0,0.0
route,CHO->ATL,22,22,0,0.0
route,CHO->CLT,29,29,0,0.0
route,CHO->IAD,4,4,0,0.0
route,CHO->LGA,18,18,0,0.0
route,CHO->ORD,11,11,0,0.0
route,CHO->PHL,5,5,0,0.0
route,CHS->ATL,40,40,0,0.0
route,CHS->BNA,7,7,0,0.0
route,CHS->BOS,8,8,0,0.0
route,CHS->BWI,16,16,0,0.0
route,CHS->CLT,31,31,0,0.0
route,CHS->DCA,7,7,0,0.0
route,CHS->DEN,4,4,0,0.0
route,CHS->DFW,8,8,0,0.0
route,CHS->DTW,10,10,0,0.0
route,CHS->EWR,17,17,0,0.0
route,CHS->FLL,3,3,0,0.0
route,CHS->HOU,2,2,0,0.0
route,CHS->IAD,7,7,0,0.0
route,CHS->IAH,6,6,0,0.0
route,CHS->IND,2,2,0,0.0
route,CHS->JFK,11,11,0,0.0
route,CHS->LGA,8,8,0,0.0
route,CHS->MDW,5,5,0,0.0
route,CHS->MIA,10,10,0,0.0
route,CHS->MSP,1,1,0,0.0
route,CHS->ORD,16,16,0,0.0
route,CHS->PGD,1,1,0,0.0
route,CHS->PHL,11,11,0,0.0
route,CHS->PIT,3,3,0,0.0
route,CHS->SEA,2,2,0,0.0
route,CID->ATL,11,11,0,0.0
route,CID->AZA,2,2,0,0.0
route,CID->CLT,6,6,0,0.0
route,CID->DEN,3,3,0,0.0
route,CID->DFW,12,12,0,0.0
route,CID->DTW,13,13,0,0.0
route,CID->MSP,10,10,0,0.0
route,CID->ORD,29,29,0,0.0
route,CID->PIE,1,1,0,0.0
route,CID->SFB,2,2,0,0.0
route,CIU->DTW,4,4,0,0.0
route,CIU->MSP,4,4,0,0.0
route,CKB->IAD,4,4,0,0.0
route,CKB->ORD,2,2,0,0.0
route,CLE->ATL,31,31,0,0.0
route,CLE->BDL,3,3,0,0.0
route,CLE->BNA,7,7,0,0.0
route,CLE->BOS,26,26,0,0.0
route,CLE->BWI,12,12,0,0.0
route,CLE->CLT,16,16,0,0.0
route,CLE->DCA,20,20,0,0.0
route,CLE->DEN,16,16,0,0.0
route,CLE->DFW,12,12,0,0.0
route,CLE->DTW,12,12,0,0.0
route,CLE->EWR,11,11,0,0.0
route,CLE->FLL,8,8,0,0.0
route,CLE->IAD,6,6,0,0.0
route,CLE->IAH,13,13,0,0.0
route,CLE->JFK,14,14,0,0.0
route,CLE->LAS,6,6,0,0.0
route,CLE->LAX,11,11,0,0.0
route,CLE->LGA,40,40,0,0.0
route,CLE->MCO,18,18,0,0.0
route,CLE->MDW,18,18,0,0.0
route,CLE->MIA,5,5,0,0.0
route,CLE->MKE,8,8,0,0.0
route,CLE->MSP,10,10,0,0.0
route,CLE->MSY,2,2,0,0.0
route,CLE->ORD,47,47,0,0.0
route,CLE->PGD,2,2,0,0.0
route,CLE->PHL,15,15,0,0.0
route,CLE->PHX,6,6,0,0.0
route,CLE->PIE,2,2,0,0.0
route,CLE->RDU,4,4,0,0.0
route,CLE->RSW,8,8,0,0.0
route,CLE->SAN,2,2,0,0.0
route,CLE->SAV,2,2,0,0.0
route,CLE->SFO,5,5,0,0.0
route,CLE->SRQ,1,1,0,0.0
route,CLE->STL,5,5,0,0.0
route,CLE->TPA,7,7,0,0.0
route,CLL->DFW,7,7,0,0.0
route,CLL->IAH,11,11,0,0.0
route,CLT->ABE,12,12,0,0.0
route,CLT->AGS,15,15,0,0.0
route,CLT->ALB,12,12,0,0.0
route,CLT->ATL,51,51,0,0.0
route,CLT->AUS,23,23,0,0.0
route,CLT->AVL,29,29,0,0.0
route,CLT->AVP,7,7,0,0.0
route,CLT->BDL,21,21,0,0.0
route,CLT->BHM,24,24,0,0.0
route,CLT->BNA,34,34,0,0.0
route,CLT->BOS,28,28,0,0.0
route,CLT->BTR,15,15,0,0.0
route,CLT->BTV,2,2,0,0.0
route,CLT->BUF,10,10,0,0.0
route,CLT->BWI,32,32,0,0.0
route,CLT->CAE,19,19,0,0.0
route,CLT->CAK,27,27,0,0.0
route,CLT->CHA,25,25,0,0.0
route,CLT->CHO,25,25,0,0.0
route,CLT->CHS,28,28,0,0.0
route,CLT->CID,8,8,0,0.0
route,CLT->CLE,26,26,0,0.0
route,CLT->CMH,25,25,0,0.0
route,CLT->CMI,3,3,0,0.0
route,CLT->CRW,14,14,0,0.0
route,CLT->CVG,34,34,0,0.0
route,CLT->DAB,13,13,0,0.0
route,CLT->DAL,6,6,0,0.0
route,CLT->DAY,13,13,0,0.0
route,CLT->DCA,32,32,0,0.0
route,CLT->DEN,28,28,0,0.0
route,CLT->DFW,39,39,0,0.0
route,CLT->DSM,14,14,0,0.0
route,CLT->DTW,31,31,0,0.0
route,CLT->ECP,7,7,0,0.0
route,CLT->ERI,1,1,0,0.0
route,CLT->EVV,8,8,0,0.0
route,CLT->EWN,19,19,0,0.0
route,CLT->EWR,47,47,0,0.0
route,CLT->EYW,4,4,0,0.0
route,CLT->FAY,25,25,0,0.0
route,CLT->FLL,27,27,0,0.0
route,CLT->FLO,9,9,0,0.0
route,CLT->FNT,1,1,0,0.0
route,CLT->FWA,8,8,0,0.0
route,CLT->GNV,14,14,0,0.0
route,CLT->GPT,7,7,0,0.0
route,CLT->GRR,9,9,0,0.0
route,CLT->GSO,43,43,0,0.0
route,CLT->GSP,29,29,0,0.0
route,CLT->HHH,14,14,0,0.0
route,CLT->HOU,1,1,0,0.0
route,CLT->HPN,13,13,0,0.0
route,CLT->HSV,12,12,0,0.0
route,CLT->HTS,9,9,0,0.0
route,CLT->HVN,1,1,0,0.0
route,CLT->IAD,24,24,0,0.0
route,CLT->IAH,32,32,0,0.0
route,CLT->ILM,26,26,0,0.0
route,CLT->IND,25,25,0,0.0
route,CLT->JAN,8,8,0,0.0
route,CLT->JAX,30,30,0,0.0
route,CLT->JFK,36,36,0,0.0
route,CLT->LAS,17,17,0,0.0
route,CLT->LAX,20,20,0,0.0
route,CLT->LEX,17,17,0,0.0
route,CLT->LGA,51,51,0,0.0
route,CLT->LIT,11,11,0,0.0
route,CLT->LYH,30,30,0,0.0
route,CLT->MCI,15,15,0,0.0
route,CLT->MCO,27,27,0,0.0
route,CLT->MDT,19,19,0,0.0
route,CLT->MDW,9,9,0,0.0
route,CLT->MEM,21,21,0,0.0
route,CLT->MGM,15,15,0,0.0
route,CLT->MHT,12,12,0,0.0
route,CLT->MIA,22,22,0,0.0
route,CLT->MKE,15,15,0,0.0
route,CLT->MLB,10,10,0,0.0
route,CLT->MOB,16,16,0,0.0
route,CLT->MSN,7,7,0,0.0
route,CLT->MSP,23,23,0,0.0
route,CLT->MSY,19,19,0,0.0
route,CLT->MYR,30,30,0,0.0
route,CLT->OAJ,25,25,0,0.0
route,CLT->OKC,7,7,0,0.0
route,CLT->OMA,9,9,0,0.0
route,CLT->ORD,41,41,0,0.0
route,CLT->ORF,30,30,0,0.0
route,CLT->PBI,26,26,0,0.0
route,CLT->PDX,2,2,0,0.0
route,CLT->PGV,18,18,0,0.0
route,CLT->PHF,16,16,0,0.0
route,CLT->PHL,39,39,0,0.0
route,CLT->PHX,27,27,0,0.0
route,CLT->PIA,8,8,0,0.0
route,CLT->PIT,23,23,0,0.0
route,CLT->PNS,13,13,0,0.0
route,CLT->PVD,19,19,0,0.0
route,CLT->PWM,10,10,0,0.0
route,CLT->RDU,29,29,0,0.0
route,CLT->RIC,38,38,0,0.0
route,CLT->ROA,14,14,0,0.0
route,CLT->ROC,15,15,0,0.0
route,CLT->RSW,18,18,0,0.0
route,CLT->SAN,7,7,0,0.0
route,CLT->SAT,14,14,0,0.0
route,CLT->SAV,28,28,0,0.0
route,CLT->SBN,9,9,0,0.0
route,CLT->SBY,11,11,0,0.0
route,CLT->SDF,24,24,0,0.0
route,CLT->SEA,4,4,0,0.0
route,CLT->SFO,24,24,0,0.0
route,CLT->SGF,10,10,0,0.0
route,CLT->SHV,5,5,0,0.0
route,CLT->SJU,4,4,0,0.0
route,CLT->SLC,2,2,0,0.0
route,CLT->SMF,2,2,0,0.0
route,CLT->SRQ,6,6,0,0.0
route,CLT->STL,21,21,0,0.0
route,CLT->STT,1,1,0,0.0
route,CLT->SYR,10,10,0,0.0
route,CLT->TLH,18,18,0,0.0
route,CLT->TOL,5,5,0,0.0
route,CLT->TPA,28,28,0,0.0
route,CLT->TRI,19,19,0,0.0
route,CLT->TTN,1,1,0,0.0
route,CLT->TUL,4,4,0,0.0
route,CLT->TUS,1,1,0,0.0
route,CLT->TYS,26,26,0,0.0
route,CLT->VPS,21,21,0,0.0
route,CLT->XNA,13,13,0,0.0
route,CMH->ATL,31,31,0,0.0
route,CMH->AUS,1,1,0,0.0
route,CMH->BNA,9,9,0,0.0
route,CMH->BOS,13,13,0,0.0
route,CMH->BWI,9,9,0,0.0
route,CMH->CLT,25,25,0,0.0
route,CMH->DAL,8,8,0,0.0
route,CMH->DCA,22,22,0,0.0
route,CMH->DEN,10,10,0,0.0
route,CMH->DFW,13,13,0,0.0
route,CMH->DTW,18,18,0,0.0
route,CMH->EWR,30,30,0,0.0
route,CMH->FLL,8,8,0,0.0
route,CMH->HOU,3,3,0,0.0
route,CMH->IAD,17,17,0,0.0
route,CMH->IAH,11,11,0,0.0
route,CMH->JFK,9,9,0,0.0
route,CMH->LAS,13,13,0,0.0
route,CMH->LAX,7,7,0,0.0
route,CMH->LGA,40,40,0,0.0
route,CMH->MCO,17,17,0,0.0
route,CMH->MDW,11,11,0,0.0
route,CMH->MIA,7,7,0,0.0
route,CMH->MSP,14,14,0,0.0
route,CMH->MYR,1,1,0,0.0
route,CMH->OAK,3,3,0,0.0
route,CMH->ORD,53,53,0,0.0
route,CMH->PHL,15,15,0,0.0
route,CMH->PHX,8,8,0,0.0
route,CMH->RDU,5,5,0,0.0
route,CMH->RSW,9,9,0,0.0
route,CMH->SFO,1,1,0,0.0
route,CMH->SLC,1,1,0,0.0
route,CMH->STL,7,7,0,0.0
route,CMH->TPA,12,12,0,0.0
route,CMI->CLT,1,1,0,0.0
route,CMI->DFW,7,7,0,0.0
route,CMI->ORD,17,17,0,0.0
route,CMX->ORD,5,5,0,0.0
route,CNY->DEN,4,4,0,0.0
route,COD->DEN,4,4,0,0.0
route,COS->ATL,2,2,0,0.0
route,COS->DEN,36,36,0,0.0
route,COS->DFW,12,12,0,0.0
route,COS->IAH,8,8,0,0.0
route,COS->LAS,1,1,0,0.0
route,COS->LAX,1,1,0,0.0
route,COS->MCO,2,2,0,0.0
route,COS->ORD,17,17,0,0.0
route,COS->PHX,3,3,0,0.0
route,COS->SLC,7,7,0,0.0
route,COU->DEN,5,5,0,0.0
route,COU->DFW,7,7,0,0.0
route,COU->ORD,10,10,0,0.0
route,CPR->DEN,13,13,0,0.0
route,CPR->SLC,3,3,0,0.0
route,CRP->DFW,27,27,0,0.0
route,CRP->HOU,10,10,0,0.0
route,CRP->IAH,16,16,0,0.0
route,CRW->ATL,12,12,0,0.0
route,CRW->CLT,27,27,0,0.0
route,CRW->DCA,4,4,0,0.0
route,CRW->IAD,4,4,0,0.0
route,CRW->IAH,2,2,0,0.0
route,CRW->ORD,8,8,0,0.0
route,CRW->PHL,3,3,0,0.0
route,CSG->ATL,18,18,0,0.0
route,CVG->ATL,25,25,0,0.0
route,CVG->AUS,5,5,0,0.0
route,CVG->AZA,2,2,0,0.0
route,CVG->BDL,1,1,0,0.0
route,CVG->BOS,7,7,0,0.0
route,CVG->BWI,16,16,0,0.0
route,CVG->CLT,30,30,0,0.0
route,CVG->DCA,21,21,0,0.0
route,CVG->DEN,15,15,0,0.0
route,CVG->DFW,16,16,0,0.0
route,CVG->DTW,21,21,0,0.0
route,CVG->EWR,21,21,0,0.0
route,CVG->FLL,6,6,0,0.0
route,CVG->IAD,17,17,0,0.0
route,CVG->IAH,18,18,0,0.0
route,CVG->JAX,5,5,0,0.0
route,CVG->JFK,11,11,0,0.0
route,CVG->LAS,7,7,0,0.0
route,CVG->LAX,12,12,0,0.0
route,CVG->LGA,24,24,0,0.0
route,CVG->MCI,5,5,0,0.0
route,CVG->MCO,14,14,0,0.0
route,CVG->MDW,11,11,0,0.0
route,CVG->MIA,12,12,0,0.0
route,CVG->MKE,1,1,0,0.0
route,CVG->MSP,16,16,0,0.0
route,CVG->MSY,1,1,0,0.0
route,CVG->ORD,53,53,0,0.0
route,CVG->PGD,1,1,0,0.0
route,CVG->PHL,18,18,0,0.0
route,CVG->PHX,4,4,0,0.0
route,CVG->PIE,2,2,0,0.0
route,CVG->RDU,1,1,0,0.0
route,CVG->RSW,4,4,0,0.0
route,CVG->SAN,1,1,0,0.0
route,CVG->SAT,2,2,0,0.0
route,CVG->SAV,1,1,0,0.0
route,CVG->SEA,1,1,0,0.0
route,CVG->SFB,2,2,0,0.0
route,CVG->SFO,3,3,0,0.0
route,CVG->SLC,3,3,0,0.0
route,CVG->SRQ,1,1,0,0.0
route,CVG->STL,4,4,0,0.0
route,CVG->TPA,7,7,0,0.0
route,CWA->DTW,8,8,0,0.0
route,CWA->MSP,5,5,0,0.0
route,CWA->ORD,17,17,0,0.0
route,CYS->DFW,3,3,0,0.0
route,DAB->ATL,14,14,0,0.0
route,DAB->CLT,13,13,0,0.0
route,DAB->JFK,2,2,0,0.0
route,DAL->ABQ,12,12,0,0.0
route,DAL->AMA,10,10,0,0.0
route,DAL->ATL,40,40,0,0.0
route,DAL->AUS,25,25,0,0.0
route,DAL->BHM,3,3,0,0.0
route,DAL->BNA,12,12,0,0.0
route,DAL->BOS,3,3,0,0.0
route,DAL->BUR,4,4,0,0.0
route,DAL->BWI,11,11,0,0.0
route,DAL->CHS,3,3,0,0.0
route,DAL->CLT,6,6,0,0.0
route,DAL->CMH,4,4,0,0.0
route,DAL->CRP,1,1,0,0.0
route,DAL->DCA,23,23,0,0.0
route,DAL->DEN,25,25,0,0.0
route,DAL->DTW,4,4,0,0.0
route,DAL->ECP,4,4,0,0.0
route,DAL->ELP,3,3,0,0.0
route,DAL->FLL,5,5,0,0.0
route,DAL->HOU,56,56,0,0.0
route,DAL->HRL,1,1,0,0.0
route,DAL->IND,2,2,0,0.0
route,DAL->JAX,1,1,0,0.0
route,DAL->LAS,15,15,0,0.0
route,DAL->LAX,28,28,0,0.0
route,DAL->LBB,13,13,0,0.0
route,DAL->LGA,7,7,0,0.0
route,DAL->LIT,8,8,0,0.0
route,DAL->MAF,16,16,0,0.0
route,DAL->MCI,11,11,0,0.0
route,DAL->MCO,13,13,0,0.0
route,DAL->MDW,29,29,0,0.0
route,DAL->MEM,3,3,0,0.0
route,DAL->MKE,1,1,0,0.0
route,DAL->MSP,1,1,0,0.0
route,DAL->MSY,24,24,0,0.0
route,DAL->OAK,3,3,0,0.0
route,DAL->OKC,8,8,0,0.0
route,DAL->OMA,5,5,0,0.0
route,DAL->ONT,3,3,0,0.0
route,DAL->PDX,11,11,0,0.0
route,DAL->PHL,1,1,0,0.0
route,DAL->PHX,27,27,0,0.0
route,DAL->PIT,2,2,0,0.0
route,DAL->PNS,1,1,0,0.0
route,DAL->RDU,2,2,0,0.0
route,DAL->RSW,1,1,0,0.0
route,DAL->SAN,11,11,0,0.0
route,DAL->SAT,28,28,0,0.0
route,DAL->SDF,2,2,0,0.0
route,DAL->SEA,12,12,0,0.0
route,DAL->SFO,10,10,0,0.0
route,DAL->SJC,11,11,0,0.0
route,DAL->SLC,4,4,0,0.0
route,DAL->SMF,5,5,0,0.0
route,DAL->SNA,4,4,0,0.0
route,DAL->STL,20,20,0,0.0
route,DAL->TPA,8,8,0,0.0
route,DAL->TUL,11,11,0,0.0
route,DAY->ATL,10,10,0,0.0
route,DAY->CLT,20,20,0,0.0
route,DAY->DCA,10,10,0,0.0
route,DAY->DEN,10,10,0,0.0
route,DAY->DFW,12,12,0,0.0
route,DAY->DTW,14,14,0,0.0
route,DAY->EWR,4,4,0,0.0
route,DAY->IAD,4,4,0,0.0
route,DAY->IAH,6,6,0,0.0
route,DAY->LGA,12,12,0,0.0
route,DAY->MSP,11,11,0,0.0
route,DAY->ORD,35,35,0,0.0
route,DAY->PGD,1,1,0,0.0
route,DAY->PHL,10,10,0,0.0
route,DAY->PIE,4,4,0,0.0
route,DAY->SFB,1,1,0,0.0
route,DBQ->ORD,8,8,0,0.0
route,DCA->ALB,16,16,0,0.0
route,DCA->ATL,65,65,0,0.0
route,DCA->AUS,1,1,0,0.0
route,DCA->BDL,25,25,0,0.0
route,DCA->BGR,11,11,0,0.0
route,DCA->BHM,9,9,0,0.0
route,DCA->BNA,24,24,0,0.0
route,DCA->BOS,60,60,0,0.0
route,DCA->BTV,12,12,0,0.0
route,DCA->BUF,11,11,0,0.0
route,DCA->CAE,6,6,0,0.0
route,DCA->CAK,6,6,0,0.0
route,DCA->CHA,2,2,0,0.0
route,DCA->CHS,18,18,0,0.0
route,DCA->CLE,29,29,0,0.0
route,DCA->CLT,28,28,0,0.0
route,DCA->CMH,18,18,0,0.0
route,DCA->CRW,5,5,0,0.0
route,DCA->CVG,13,13,0,0.0
route,DCA->DAL,14,14,0,0.0
route,DCA->DAY,11,11,0,0.0
route,DCA->DEN,13,13,0,0.0
route,DCA->DFW,28,28,0,0.0
route,DCA->DSM,7,7,0,0.0
route,DCA->DTW,25,25,0,0.0
route,DCA->EWR,19,19,0,0.0
route,DCA->EYW,1,1,0,0.0
route,DCA->FLL,23,23,0,0.0
route,DCA->GRR,8,8,0,0.0
route,DCA->GSO,11,11,0,0.0
route,DCA->GSP,9,9,0,0.0
route,DCA->HOU,8,8,0,0.0
route,DCA->HPN,12,12,0,0.0
route,DCA->HSV,10,10,0,0.0
route,DCA->IAH,20,20,0,0.0
route,DCA->ILM,6,6,0,0.0
route,DCA->IND,15,15,0,0.0
route,DCA->JAN,3,3,0,0.0
route,DCA->JAX,16,16,0,0.0
route,DCA->JFK,24,24,0,0.0
route,DCA->LAN,3,3,0,0.0
route,DCA->LAS,5,5,0,0.0
route,DCA->LAX,9,9,0,0.0
route,DCA->LEX,3,3,0,0.0
route,DCA->LGA,46,46,0,0.0
route,DCA->LIT,3,3,0,0.0
route,DCA->MCI,12,12,0,0.0
route,DCA->MCO,41,41,0,0.0
route,DCA->MDW,12,12,0,0.0
route,DCA->MEM,6,6,0,0.0
route,DCA->MGM,1,1,0,0.0
route,DCA->MHT,6,6,0,0.0
route,DCA->MIA,33,33,0,0.0
route,DCA->MKE,7,7,0,0.0
route,DCA->MSN,1,1,0,0.0
route,DCA->MSP,14,14,0,0.0
route,DCA->MSY,15,15,0,0.0
route,DCA->MYR,3,3,0,0.0
route,DCA->OKC,2,2,0,0.0
route,DCA->OMA,7,7,0,0.0
route,DCA->ORD,72,72,0,0.0
route,DCA->ORF,6,6,0,0.0
route,DCA->PBI,18,18,0,0.0
route,DCA->PDX,5,5,0,0.0
route,DCA->PHL,13,13,0,0.0
route,DCA->PHX,6,6,0,0.0
route,DCA->PIT,6,6,0,0.0
route,DCA->PNS,11,11,0,0.0
route,DCA->PVD,40,40,0,0.0
route,DCA->PWM,17,17,0,0.0
route,DCA->RDU,33,33,0,0.0
route,DCA->ROC,7,7,0,0.0
route,DCA->RSW,6,6,0,0.0
route,DCA->SAV,7,7,0,0.0
route,DCA->SDF,13,13,0,0.0
route,DCA->SEA,4,4,0,0.0
route,DCA->SFO,11,11,0,0.0
route,DCA->SJU,3,3,0,0.0
route,DCA->SLC,1,1,0,0.0
route,DCA->STL,26,26,0,0.0
route,DCA->SYR,12,12,0,0.0
route,DCA->TLH,4,4,0,0.0
route,DCA->TPA,26,26,0,0.0
route,DCA->TYS,8,8,0,0.0
route,DCA->VPS,3,3,0,0.0
route,DCA->XNA,1,1,0,0.0
route,DEN->ABQ,21,21,0,0.0
route,DEN->ACV,2,2,0,0.0
route,DEN->ALB,2,2,0,0.0
route,DEN->AMA,5,5,0,0.0
route,DEN->ANC,4,4,0,0.0
route,DEN->ASE,11,11,0,0.0
route,DEN->ATL,36,36,0,0.0
route,DEN->ATW,4,4,0,0.0
route,DEN->ATY,1,1,0,0.0
route,DEN->AUS,29,29,0,0.0
route,DEN->BDL,7,7,0,0.0
route,DEN->BFF,10,10,0,0.0
route,DEN->BFL,8,8,0,0.0
route,DEN->BFM,1,1,0,0.0
route,DEN->BHM,4,4,0,0.0
route,DEN->BIL,14,14,0,0.0
route,DEN->BIS,10,10,0,0.0
route,DEN->BNA,34,34,0,0.0
route,DEN->BOI,22,22,0,0.0
route,DEN->BOS,21,21,0,0.0
route,DEN->BUF,1,1,0,0.0
route,DEN->BUR,10,10,0,0.0
route,DEN->BWI,19,19,0,0.0
route,DEN->BZN,14,14,0,0.0
route,DEN->CHS,4,4,0,0.0
route,DEN->CID,11,11,0,0.0
route,DEN->CLE,9,9,0,0.0
route,DEN->CLT,24,24,0,0.0
route,DEN->CMH,12,12,0,0.0
route,DEN->CNY,2,2,0,0.0
route,DEN->COD,2,2,0,0.0
route,DEN->COS,32,32,0,0.0
route,DEN->COU,7,7,0,0.0
route,DEN->CPR,13,13,0,0.0
route,DEN->CVG,11,11,0,0.0
route,DEN->DAL,29,29,0,0.0
route,DEN->DAY,12,12,0,0.0
route,DEN->DCA,8,8,0,0.0
route,DEN->DFW,55,55,0,0.0
route,DEN->DIK,3,3,0,0.0
route,DEN->DRO,20,20,0,0.0
route,DEN->DSM,18,18,0,0.0
route,DEN->DTW,29,29,0,0.0
route,DEN->EAR,7,7,0,0.0
route,DEN->EGE,5,5,0,0.0
route,DEN->ELP,12,12,0,0.0
route,DEN->EUG,10,10,0,0.0
route,DEN->EWR,44,44,0,0.0
route,DEN->FAR,9,9,0,0.0
route,DEN->FAT,10,10,0,0.0
route,DEN->FCA,8,8,0,0.0
route,DEN->FLG,3,3,0,0.0
route,DEN->FLL,17,17,0,0.0
route,DEN->FSD,12,12,0,0.0
route,DEN->GCC,2,2,0,0.0
route,DEN->GEG,12,12,0,0.0
route,DEN->GJT,4,4,0,0.0
route,DEN->GRR,13,13,0,0.0
route,DEN->GSP,2,2,0,0.0
route,DEN->GTF,5,5,0,0.0
route,DEN->GUC,2,2,0,0.0
route,DEN->HDN,6,6,0,0.0
route,DEN->HLN,8,8,0,0.0
route,DEN->HNL,2,2,0,0.0
route,DEN->HOB,4,4,0,0.0
route,DEN->HOU,15,15,0,0.0
route,DEN->HRL,2,2,0,0.0
route,DEN->HSV,7,7,0,0.0
route,DEN->HYS,8,8,0,0.0
route,DEN->IAD,35,35,0,0.0
route,DEN->IAH,50,50,0,0.0
route,DEN->ICT,12,12,0,0.0
route,DEN->IDA,9,9,0,0.0
route,DEN->IND,22,22,0,0.0
route,DEN->ISN,5,5,0,0.0
route,DEN->JAC,6,6,0,0.0
route,DEN->JAN,1,1,0,0.0
route,DEN->JAX,12,12,0,0.0
route,DEN->JFK,9,9,0,0.0
route,DEN->JMS,2,2,0,0.0
route,DEN->KOA,2,2,0,0.0
route,DEN->LAR,5,5,0,0.0
route,DEN->LAS,54,54,0,0.0
route,DEN->LAX,65,65,0,0.0
route,DEN->LBB,9,9,0,0.0
route,DEN->LBF,3,3,0,0.0
route,DEN->LBL,4,4,0,0.0
route,DEN->LFT,2,2,0,0.0
route,DEN->LGA,37,37,0,0.0
route,DEN->LGB,1,1,0,0.0
route,DEN->LIH,5,5,0,0.0
route,DEN->LIT,9,9,0,0.0
route,DEN->LNK,12,12,0,0.0
route,DEN->MAF,11,11,0,0.0
route,DEN->MCI,40,40,0,0.0
route,DEN->MCO,31,31,0,0.0
route,DEN->MDT,2,2,0,0.0
route,DEN->MDW,23,23,0,0.0
route,DEN->MEM,8,8,0,0.0
route,DEN->MFR,9,9,0,0.0
route,DEN->MIA,12,12,0,0.0
route,DEN->MKE,20,20,0,0.0
route,DEN->MLI,5,5,0,0.0
route,DEN->MOT,6,6,0,0.0
route,DEN->MRY,6,6,0,0.0
route,DEN->MSN,5,5,0,0.0
route,DEN->MSO,8,8,0,0.0
route,DEN->MSP,55,55,0,0.0
route,DEN->MSY,26,26,0,0.0
route,DEN->MTJ,9,9,0,0.0
route,DEN->MYR,1,1,0,0.0
route,DEN->OAK,16,16,0,0.0
route,DEN->OGG,4,4,0,0.0
route,DEN->OKC,21,21,0,0.0
route,DEN->OMA,19,19,0,0.0
route,DEN->ONT,17,17,0,0.0
route,DEN->ORD,50,50,0,0.0
route,DEN->ORF,5,5,0,0.0
route,DEN->PAE,1,1,0,0.0
route,DEN->PDX,32,32,0,0.0
route,DEN->PHL,31,31,0,0.0
route,DEN->PHX,74,74,0,0.0
route,DEN->PIR,1,1,0,0.0
route,DEN->PIT,10,10,0,0.0
route,DEN->PRC,6,6,0,0.0
route,DEN->PSC,7,7,0,0.0
route,DEN->PSP,3,3,0,0.0
route,DEN->PUB,6,6,0,0.0
route,DEN->PVD,1,1,0,0.0
route,DEN->RAP,18,18,0,0.0
route,DEN->RDM,6,6,0,0.0
route,DEN->RDU,17,17,0,0.0
route,DEN->RIC,4,4,0,0.0
route,DEN->RKS,5,5,0,0.0
route,DEN->RNO,19,19,0,0.0
route,DEN->RSW,5,5,0,0.0
route,DEN->SAF,12,12,0,0.0
route,DEN->SAN,45,45,0,0.0
route,DEN->SAT,27,27,0,0.0
route,DEN->SBA,4,4,0,0.0
route,DEN->SBP,5,5,0,0.0
route,DEN->SDF,6,6,0,0.0
route,DEN->SEA,60,60,0,0.0
route,DEN->SFO,53,53,0,0.0
route,DEN->SGF,12,12,0,0.0
route,DEN->SGU,4,4,0,0.0
route,DEN->SHV,3,3,0,0.0
route,DEN->SJC,29,29,0,0.0
route,DEN->SLC,65,65,0,0.0
route,DEN->SMF,29,29,0,0.0
route,DEN->SNA,28,28,0,0.0
route,DEN->STL,50,50,0,0.0
route,DEN->STS,2,2,0,0.0
route,DEN->SYR,1,1,0,0.0
route,DEN->TPA,21,21,0,0.0
route,DEN->TUL,24,24,0,0.0
route,DEN->TUS,22,22,0,0.0
route,DEN->TYS,10,10,0,0.0
route,DEN->VEL,5,5,0,0.0
route,DEN->XNA,13,13,0,0.0
route,DEN->XWA,6,6,0,0.0
route,DFW->ABI,14,14,0,0.0
route,DFW->ABQ,29,29,0,0.0
route,DFW->ACT,16,16,0,0.0
route,DFW->AEX,9,9,0,0.0
route,DFW->AGS,1,1,0,0.0
route,DFW->AMA,20,20,0,0.0
route,DFW->ASE,1,1,0,0.0
route,DFW->ATL,57,57,0,0.0
route,DFW->AUS,37,37,0,0.0
route,DFW->BDL,8,8,0,0.0
route,DFW->BFL,2,2,0,0.0
route,DFW->BHM,15,15,0,0.0
route,DFW->BIL,3,3,0,0.0
route,DFW->BIS,5,5,0,0.0
route,DFW->BMI,2,2,0,0.0
route,DFW->BNA,24,24,0,0.0
route,DFW->BOI,11,11,0,0.0
route,DFW->BOS,22,22,0,0.0
route,DFW->BPT,9,9,0,0.0
route,DFW->BRO,10,10,0,0.0
route,DFW->BTR,18,18,0,0.0
route,DFW->BUR,2,2,0,0.0
route,DFW->BWI,15,15,0,0.0
route,DFW->BZN,4,4,0,0.0
route,DFW->CAE,7,7,0,0.0
route,DFW->CHA,7,7,0,0.0
route,DFW->CHS,7,7,0,0.0
route,DFW->CID,9,9,0,0.0
route,DFW->CLE,13,13,0,0.0
route,DFW->CLL,10,10,0,0.0
route,DFW->CLT,37,37,0,0.0
route,DFW->CMH,18,18,0,0.0
route,DFW->CMI,8,8,0,0.0
route,DFW->COS,12,12,0,0.0
route,DFW->COU,9,9,0,0.0
route,DFW->CRP,14,14,0,0.0
route,DFW->CVG,12,12,0,0.0
route,DFW->CYS,4,4,0,0.0
route,DFW->DAY,12,12,0,0.0
route,DFW->DCA,32,32,0,0.0
route,DFW->DEN,42,42,0,0.0
route,DFW->DRO,14,14,0,0.0
route,DFW->DRT,8,8,0,0.0
route,DFW->DSM,5,5,0,0.0
route,DFW->DTW,42,42,0,0.0
route,DFW->ECP,12,12,0,0.0
route,DFW->EGE,1,1,0,0.0
route,DFW->ELP,33,33,0,0.0
route,DFW->EVV,6,6,0,0.0
route,DFW->EWR,37,37,0,0.0
route,DFW->EYW,2,2,0,0.0
route,DFW->FAR,4,4,0,0.0
route,DFW->FAT,6,6,0,0.0
route,DFW->FLG,3,3,0,0.0
route,DFW->FLL,19,19,0,0.0
route,DFW->FSD,11,11,0,0.0
route,DFW->FSM,9,9,0,0.0
route,DFW->FWA,5,5,0,0.0
route,DFW->GCK,6,6,0,0.0
route,DFW->GEG,3,3,0,0.0
route,DFW->GGG,9,9,0,0.0
route,DFW->GJT,14,14,0,0.0
route,DFW->GNV,1,1,0,0.0
route,DFW->GPT,10,10,0,0.0
route,DFW->GRI,7,7,0,0.0
route,DFW->GRK,20,20,0,0.0
route,DFW->GRR,10,10,0,0.0
route,DFW->GSO,8,8,0,0.0
route,DFW->GSP,3,3,0,0.0
route,DFW->HNL,7,7,0,0.0
route,DFW->HOU,27,27,0,0.0
route,DFW->HRL,3,3,0,0.0
route,DFW->HSV,15,15,0,0.0
route,DFW->IAD,22,22,0,0.0
route,DFW->IAH,68,68,0,0.0
route,DFW->ICT,20,20,0,0.0
route,DFW->ILM,2,2,0,0.0
route,DFW->IND,15,15,0,0.0
route,DFW->JAC,2,2,0,0.0
route,DFW->JAN,21,21,0,0.0
route,DFW->JAX,19,19,0,0.0
route,DFW->JFK,16,16,0,0.0
route,DFW->JLN,9,9,0,0.0
route,DFW->LAS,42,42,0,0.0
route,DFW->LAW,8,8,0,0.0
route,DFW->LAX,79,79,0,0.0
route,DFW->LBB,21,21,0,0.0
route,DFW->LCH,8,8,0,0.0
route,DFW->LEX,5,5,0,0.0
route,DFW->LFT,11,11,0,0.0
route,DFW->LGA,60,60,0,0.0
route,DFW->LIT,30,30,0,0.0
route,DFW->LRD,12,12,0,0.0
route,DFW->MAF,20,20,0,0.0
route,DFW->MCI,21,21,0,0.0
route,DFW->MCO,30,30,0,0.0
route,DFW->MDT,2,2,0,0.0
route,DFW->MEI,1,1,0,0.0
route,DFW->MEM,22,22,0,0.0
route,DFW->MFE,26,26,0,0.0
route,DFW->MGM,4,4,0,0.0
route,DFW->MHK,6,6,0,0.0
route,DFW->MIA,37,37,0,0.0
route,DFW->MKE,17,17,0,0.0
route,DFW->MLI,6,6,0,0.0
route,DFW->MLU,8,8,0,0.0
route,DFW->MOB,10,10,0,0.0
route,DFW->MRY,1,1,0,0.0
route,DFW->MSN,9,9,0,0.0
route,DFW->MSO,3,3,0,0.0
route,DFW->MSP,42,42,0,0.0
route,DFW->MSY,25,25,0,0.0
route,DFW->MTJ,3,3,0,0.0
route,DFW->MYR,1,1,0,0.0
route,DFW->OAK,3,3,0,0.0
route,DFW->OGG,4,4,0,0.0
route,DFW->OKC,26,26,0,0.0
route,DFW->OMA,7,7,0,0.0
route,DFW->ONT,12,12,0,0.0
route,DFW->ORD,75,75,0,0.0
route,DFW->ORF,6,6,0,0.0
route,DFW->PBI,10,10,0,0.0
route,DFW->PDX,10,10,0,0.0
route,DFW->PHL,36,36,0,0.0
route,DFW->PHX,53,53,0,0.0
route,DFW->PIA,4,4,0,0.0
route,DFW->PIB,6,6,0,0.0
route,DFW->PIT,11,11,0,0.0
route,DFW->PNS,17,17,0,0.0
route,DFW->PSP,8,8,0,0.0
route,DFW->RAP,4,4,0,0.0
route,DFW->RDU,17,17,0,0.0
route,DFW->RIC,11,11,0,0.0
route,DFW->RNO,9,9,0,0.0
route,DFW->ROW,7,7,0,0.0
route,DFW->RSW,10,10,0,0.0
route,DFW->SAF,8,8,0,0.0
route,DFW->SAN,23,23,0,0.0
route,DFW->SAT,39,39,0,0.0
route,DFW->SAV,5,5,0,0.0
route,DFW->SBA,1,1,0,0.0
route,DFW->SBN,5,5,0,0.0
route,DFW->SBP,1,1,0,0.0
route,DFW->SDF,20,20,0,0.0
route,DFW->SEA,28,28,0,0.0
route,DFW->SFO,40,40,0,0.0
route,DFW->SGF,24,24,0,0.0
route,DFW->SGU,1,1,0,0.0
route,DFW->SHV,23,23,0,0.0
route,DFW->SJC,12,12,0,0.0
route,DFW->SJT,9,9,0,0.0
route,DFW->SJU,2,2,0,0.0
route,DFW->SLC,29,29,0,0.0
route,DFW->SMF,17,17,0,0.0
route,DFW->SNA,27,27,0,0.0
route,DFW->SPI,7,7,0,0.0
route,DFW->SPS,10,10,0,0.0
route,DFW->SRQ,1,1,0,0.0
route,DFW->STL,14,14,0,0.0
route,DFW->STS,2,2,0,0.0
route,DFW->SUX,6,6,0,0.0
route,DFW->SWO,6,6,0,0.0
route,DFW->TLH,4,4,0,0.0
route,DFW->TPA,16,16,0,0.0
route,DFW->TRI,3,3,0,0.0
route,DFW->TUL,20,20,0,0.0
route,DFW->TUS,17,17,0,0.0
route,DFW->TXK,9,9,0,0.0
route,DFW->TYR,18,18,0,0.0
route,DFW->TYS,13,13,0,0.0
route,DFW->VPS,10,10,0,0.0
route,DFW->XNA,21,21,0,0.0
route,DFW->YUM,2,2,0,0.0
route,DHN->ATL,17,17,0,0.0
route,DIK->DEN,5,5,0,0.0
route,DLH->MSP,18,18,0,0.0
route,DLH->ORD,18,18,0,0.0
route,DRO->DEN,15,15,0,0.0
route,DRO->DFW,9,9,0,0.0
route,DRO->PHX,6,6,0,0.0
route,DRT->DFW,2,2,0,0.0
route,DSM->ATL,10,10,0,0.0
route,DSM->AZA,2,2,0,0.0
route,DSM->CLT,7,7,0,0.0
route,DSM->DCA,2,2,0,0.0
route,DSM->DEN,8,8,0,0.0
route,DSM->DFW,9,9,0,0.0
route,DSM->DTW,19,19,0,0.0
route,DSM->IAH,7,7,0,0.0
route,DSM->LAS,3,3,0,0.0
route,DSM->LGA,3,3,0,0.0
route,DSM->MSP,20,20,0,0.0
route,DSM->ORD,32,32,0,0.0
route,DSM->PHL,2,2,0,0.0
route,DSM->PHX,8,8,0,0.0
route,DSM->SFB,1,1,0,0.0
route,DSM->SLC,5,5,0,0.0
route,DSM->STL,3,3,0,0.0
route,DTW->ABE,11,11,0,0.0
route,DTW->ALB,10,10,0,0.0
route,DTW->APN,1,1,0,0.0
route,DTW->ATL,48,48,0,0.0
route,DTW->ATW,10,10,0,0.0
route,DTW->AUS,10,10,0,0.0
route,DTW->AVP,6,6,0,0.0
route,DTW->AZO,19,19,0,0.0
route,DTW->BDL,9,9,0,0.0
route,DTW->BGM,15,15,0,0.0
route,DTW->BHM,6,6,0,0.0
route,DTW->BNA,21,21,0,0.0
route,DTW->BOS,28,28,0,0.0
route,DTW->BTV,9,9,0,0.0
route,DTW->BUF,16,16,0,0.0
route,DTW->BWI,28,28,0,0.0
route,DTW->CAK,2,2,0,0.0
route,DTW->CHA,4,4,0,0.0
route,DTW->CHS,3,3,0,0.0
route,DTW->CID,12,12,0,0.0
route,DTW->CIU,3,3,0,0.0
route,DTW->CLE,18,18,0,0.0
route,DTW->CLT,34,34,0,0.0
route,DTW->CMH,24,24,0,0.0
route,DTW->CVG,16,16,0,0.0
route,DTW->CWA,2,2,0,0.0
route,DTW->DAL,1,1,0,0.0
route,DTW->DAY,14,14,0,0.0
route,DTW->DCA,16,16,0,0.0
route,DTW->DEN,22,22,0,0.0
route,DTW->DFW,37,37,0,0.0
route,DTW->DSM,13,13,0,0.0
route,DTW->ELM,9,9,0,0.0
route,DTW->ERI,4,4,0,0.0
route,DTW->ESC,6,6,0,0.0
route,DTW->EVV,7,7,0,0.0
route,DTW->EWR,56,56,0,0.0
route,DTW->FLL,18,18,0,0.0
route,DTW->FWA,11,11,0,0.0
route,DTW->GRB,17,17,0,0.0
route,DTW->GRR,21,21,0,0.0
route,DTW->GSO,10,10,0,0.0
route,DTW->GSP,8,8,0,0.0
route,DTW->HPN,11,11,0,0.0
route,DTW->HSV,3,3,0,0.0
route,DTW->IAD,19,19,0,0.0
route,DTW->IAH,30,30,0,0.0
route,DTW->IND,26,26,0,0.0
route,DTW->ITH,13,13,0,0.0
route,DTW->JAX,7,7,0,0.0
route,DTW->JFK,18,18,0,0.0
route,DTW->LAN,13,13,0,0.0
route,DTW->LAS,22,22,0,0.0
route,DTW->LAX,13,13,0,0.0
route,DTW->LEX,12,12,0,0.0
route,DTW->LGA,41,41,0,0.0
route,DTW->LIT,5,5,0,0.0
route,DTW->LSE,1,1,0,0.0
route,DTW->MBS,16,16,0,0.0
route,DTW->MCI,13,13,0,0.0
route,DTW->MCO,33,33,0,0.0
route,DTW->MDT,12,12,0,0.0
route,DTW->MDW,17,17,0,0.0
route,DTW->MEM,7,7,0,0.0
route,DTW->MHT,9,9,0,0.0
route,DTW->MIA,11,11,0,0.0
route,DTW->MKE,20,20,0,0.0
route,DTW->MLI,4,4,0,0.0
route,DTW->MQT,8,8,0,0.0
route,DTW->MSN,15,15,0,0.0
route,DTW->MSP,27,27,0,0.0
route,DTW->MSY,14,14,0,0.0
route,DTW->MYR,1,1,0,0.0
route,DTW->OKC,4,4,0,0.0
route,DTW->OMA,14,14,0,0.0
route,DTW->ORD,55,55,0,0.0
route,DTW->ORF,8,8,0,0.0
route,DTW->PHL,33,33,0,0.0
route,DTW->PHX,13,13,0,0.0
route,DTW->PIA,4,4,0,0.0
route,DTW->PIT,15,15,0,0.0
route,DTW->PLN,4,4,0,0.0
route,DTW->PVD,6,6,0,0.0
route,DTW->PWM,5,5,0,0.0
route,DTW->RDU,11,11,0,0.0
route,DTW->RIC,9,9,0,0.0
route,DTW->ROC,14,14,0,0.0
route,DTW->RSW,20,20,0,0.0
route,DTW->SAN,6,6,0,0.0
route,DTW->SAT,4,4,0,0.0
route,DTW->SAV,5,5,0,0.0
route,DTW->SBN,10,10,0,0.0
route,DTW->SCE,12,12,0,0.0
route,DTW->SDF,14,14,0,0.0
route,DTW->SEA,21,21,0,0.0
route,DTW->SFO,23,23,0,0.0
route,DTW->SJC,3,3,0,0.0
route,DTW->SLC,14,14,0,0.0
route,DTW->SNA,2,2,0,0.0
route,DTW->SRQ,2,2,0,0.0
route,DTW->STL,19,19,0,0.0
route,DTW->SWF,8,8,0,0.0
route,DTW->SYR,7,7,0,0.0
route,DTW->TPA,20,20,0,0.0
route,DTW->TTN,2,2,0,0.0
route,DTW->TVC,11,11,0,0.0
route,DTW->TYS,14,14,0,0.0
route,DUT->ANC,2,2,0,0.0
route,DVL->DEN,3,3,0,0.0
route,DVL->JMS,3,3,0,0.0
route,EAR->DEN,4,4,0,0.0
route,EAT->SEA,10,10,0,0.0
route,EAU->ORD,5,5,0,0.0
route,ECP->ATL,11,11,0,0.0
route,ECP->BNA,4,4,0,0.0
route,ECP->CLT,9,9,0,0.0
route,ECP->DAL,2,2,0,0.0
route,ECP->DFW,8,8,0,0.0
route,ECP->HOU,2,2,0,0.0
route,ECP->IAH,8,8,0,0.0
route,EGE->DEN,2,2,0,0.0
route,EGE->DFW,2,2,0,0.0
route,EKO->SLC,7,7,0,0.0
route,ELM->DTW,28,28,0,0.0
route,ELM->EWR,4,4,0,0.0
route,ELM->IAD,2,2,0,0.0
route,ELM->PGD,1,1,0,0.0
route,ELM->PIE,1,1,0,0.0
route,ELM->SFB,4,4,0,0.0
route,ELP->ATL,5,5,0,0.0
route,ELP->AUS,9,9,0,0.0
route,ELP->DAL,14,14,0,0.0
route,ELP->DEN,13,13,0,0.0
route,ELP->DFW,26,26,0,0.0
route,ELP->HOU,11,11,0,0.0
route,ELP->IAH,19,19,0,0.0
route,ELP->LAS,7,7,0,0.0
route,ELP->LAX,17,17,0,0.0
route,ELP->ORD,15,15,0,0.0
route,ELP->PHX,25,25,0,0.0
route,ELP->SAN,2,2,0,0.0
route,ELP->SAT,5,5,0,0.0
route,ELP->SEA,2,2,0,0.0
route,ELP->SLC,3,3,0,0.0
route,ERI->CLT,5,5,0,0.0
route,ERI->DTW,7,7,0,0.0
route,ERI->ORD,7,7,0,0.0
route,ERI->PHL,5,5,0,0.0
route,ESC->DTW,7,7,0,0.0
route,EUG->AZA,1,1,0,0.0
route,EUG->DEN,5,5,0,0.0
route,EUG->LAX,13,13,0,0.0
route,EUG->OAK,2,2,0,0.0
route,EUG->ORD,2,2,0,0.0
route,EUG->PDX,7,7,0,0.0
route,EUG->PHX,5,5,0,0.0
route,EUG->SEA,14,14,0,0.0
route,EUG->SFO,9,9,0,0.0
route,EUG->SLC,7,7,0,0.0
route,EVV->ATL,10,10,0,0.0
route,EVV->CLT,5,5,0,0.0
route,EVV->DFW,10,10,0,0.0
route,EVV->DTW,11,11,0,0.0
route,EVV->ORD,13,13,0,0.0
route,EWN->ATL,5,5,0,0.0
route,EWN->CLT,22,22,0,0.0
route,EWR->ALB,19,19,0,0.0
route,EWR->ATL,48,48,0,0.0
route,EWR->AUS,10,10,0,0.0
route,EWR->AVL,2,2,0,0.0
route,EWR->BNA,25,25,0,0.0
route,EWR->BOS,49,49,0,0.0
route,EWR->BQN,4,4,0,0.0
route,EWR->BTV,15,15,0,0.0
route,EWR->BUF,21,21,0,0.0
route,EWR->CAK,10,10,0,0.0
route,EWR->CHS,11,11,0,0.0
route,EWR->CLE,14,14,0,0.0
route,EWR->CLT,51,51,0,0.0
route,EWR->CMH,13,13,0,0.0
route,EWR->CVG,29,29,0,0.0
route,EWR->DAY,6,6,0,0.0
route,EWR->DCA,23,23,0,0.0
route,EWR->DEN,30,30,0,0.0
route,EWR->DFW,36,36,0,0.0
route,EWR->DTW,44,44,0,0.0
route,EWR->ELM,2,2,0,0.0
route,EWR->EYW,5,5,0,0.0
route,EWR->FLL,48,48,0,0.0
route,EWR->GRR,6,6,0,0.0
route,EWR->GSO,13,13,0,0.0
route,EWR->GSP,9,9,0,0.0
route,EWR->HNL,3,3,0,0.0
route,EWR->IAD,18,18,0,0.0
route,EWR->IAH,48,48,0,0.0
route,EWR->IND,24,24,0,0.0
route,EWR->JAX,16,16,0,0.0
route,EWR->LAS,28,28,0,0.0
route,EWR->LAX,41,41,0,0.0
route,EWR->LEX,1,1,0,0.0
route,EWR->MCI,10,10,0,0.0
route,EWR->MCO,62,62,0,0.0
route,EWR->MDW,12,12,0,0.0
route,EWR->MEM,10,10,0,0.0
route,EWR->MHT,5,5,0,0.0
route,EWR->MIA,21,21,0,0.0
route,EWR->MKE,14,14,0,0.0
route,EWR->MSN,8,8,0,0.0
route,EWR->MSP,28,28,0,0.0
route,EWR->MSY,23,23,0,0.0
route,EWR->MYR,1,1,0,0.0
route,EWR->OAK,3,3,0,0.0
route,EWR->OKC,2,2,0,0.0
route,EWR->OMA,4,4,0,0.0
route,EWR->ORD,61,61,0,0.0
route,EWR->ORF,13,13,0,0.0
route,EWR->PBI,22,22,0,0.0
route,EWR->PDX,12,12,0,0.0
route,EWR->PHX,30,30,0,0.0
route,EWR->PIT,21,21,0,0.0
route,EWR->PQI,5,5,0,0.0
route,EWR->PVD,6,6,0,0.0
route,EWR->PWM,11,11,0,0.0
route,EWR->RDU,42,42,0,0.0
route,EWR->RIC,19,19,0,0.0
route,EWR->ROC,16,16,0,0.0
route,EWR->RSW,23,23,0,0.0
route,EWR->SAN,13,13,0,0.0
route,EWR->SAT,2,2,0,0.0
route,EWR->SAV,7,7,0,0.0
route,EWR->SBN,8,8,0,0.0
route,EWR->SDF,6,6,0,0.0
route,EWR->SEA,12,12,0,0.0
route,EWR->SFO,52,52,0,0.0
route,EWR->SJU,11,11,0,0.0
route,EWR->SLC,6,6,0,0.0
route,EWR->SMF,3,3,0,0.0
route,EWR->SNA,9,9,0,0.0
route,EWR->SRQ,5,5,0,0.0
route,EWR->STL,24,24,0,0.0
route,EWR->STT,4,4,0,0.0
route,EWR->SYR,13,13,0,0.0
route,EWR->TPA,26,26,0,0.0
route,EWR->TYS,6,6,0,0.0
route,EWR->VPS,1,1,0,0.0
route,EWR->XNA,1,1,0,0.0
route,EYW->ATL,13,13,0,0.0
route,EYW->CLT,6,6,0,0.0
route,EYW->DCA,2,2,0,0.0
route,EYW->DFW,1,1,0,0.0
route,EYW->EWR,2,2,0,0.0
route,EYW->MIA,12,12,0,0.0
route,EYW->ORD,1,1,0,0.0
route,FAI->ANC,27,27,0,0.0
route,FAI->SCC,1,1,0,0.0
route,FAI->SEA,24,24,0,0.0
route,FAR->AZA,2,2,0,0.0
route,FAR->DEN,14,14,0,0.0
route,FAR->DFW,5,5,0,0.0
route,FAR->LAS,2,2,0,0.0
route,FAR->MSP,23,23,0,0.0
route,FAR->ORD,17,17,0,0.0
route,FAR->SFB,2,2,0,0.0
route,FAT->DEN,13,13,0,0.0
route,FAT->DFW,5,5,0,0.0
route,FAT->LAS,5,5,0,0.0
route,FAT->LAX,23,23,0,0.0
route,FAT->ORD,1,1,0,0.0
route,FAT->PDX,7,7,0,0.0
route,FAT->PHX,10,10,0,0.0
route,FAT->SAN,8,8,0,0.0
route,FAT->SEA,8,8,0,0.0
route,FAT->SFO,15,15,0,0.0
route,FAT->SLC,6,6,0,0.0
route,FAY->ATL,10,10,0,0.0
route,FAY->CLT,19,19,0,0.0
route,FAY->IAD,5,5,0,0.0
route,FCA->DEN,8,8,0,0.0
route,FCA->MSP,1,1,0,0.0
route,FCA->SEA,7,7,0,0.0
route,FCA->SLC,5,5,0,0.0
route,FLG->DEN,2,2,0,0.0
route,FLG->DFW,3,3,0,0.0
route,FLG->PHX,8,8,0,0.0
route,FLL->ACY,6,6,0,0.0
route,FLL->ALB,4,4,0,0.0
route,FLL->ATL,60,60,0,0.0
route,FLL->AUS,11,11,0,0.0
route,FLL->AVL,6,6,0,0.0
route,FLL->BDL,20,20,0,0.0
route,FLL->BNA,12,12,0,0.0
route,FLL->BOS,32,32,0,0.0
route,FLL->BQN,3,3,0,0.0
route,FLL->BUF,7,7,0,0.0
route,FLL->BWI,57,57,0,0.0
route,FLL->CHS,10,10,0,0.0
route,FLL->CLE,9,9,0,0.0
route,FLL->CLT,28,28,0,0.0
route,FLL->CMH,11,11,0,0.0
route,FLL->CVG,6,6,0,0.0
route,FLL->DAL,10,10,0,0.0
route,FLL->DCA,21,21,0,0.0
route,FLL->DEN,17,17,0,0.0
route,FLL->DFW,20,20,0,0.0
route,FLL->DTW,21,21,0,0.0
route,FLL->EWR,45,45,0,0.0
route,FLL->GRR,1,1,0,0.0
route,FLL->GSO,2,2,0,0.0
route,FLL->GSP,1,1,0,0.0
route,FLL->HOU,9,9,0,0.0
route,FLL->HPN,10,10,0,0.0
route,FLL->IAD,3,3,0,0.0
route,FLL->IAG,2,2,0,0.0
route,FLL->IAH,22,22,0,0.0
route,FLL->IND,10,10,0,0.0
route,FLL->ISP,4,4,0,0.0
route,FLL->JAX,18,18,0,0.0
route,FLL->JFK,40,40,0,0.0
route,FLL->LAS,8,8,0,0.0
route,FLL->LAX,21,21,0,0.0
route,FLL->LBE,1,1,0,0.0
route,FLL->LCK,1,1,0,0.0
route,FLL->LEX,2,2,0,0.0
route,FLL->LGA,45,45,0,0.0
route,FLL->LGB,1,1,0,0.0
route,FLL->MCI,7,7,0,0.0
route,FLL->MCO,22,22,0,0.0
route,FLL->MDW,13,13,0,0.0
route,FLL->MKE,2,2,0,0.0
route,FLL->MSP,8,8,0,0.0
route,FLL->MSY,18,18,0,0.0
route,FLL->MYR,5,5,0,0.0
route,FLL->ORD,35,35,0,0.0
route,FLL->ORF,3,3,0,0.0
route,FLL->ORH,5,5,0,0.0
route,FLL->PBG,5,5,0,0.0
route,FLL->PHL,24,24,0,0.0
route,FLL->PHX,8,8,0,0.0
route,FLL->PIT,8,8,0,0.0
route,FLL->PVD,4,4,0,0.0
route,FLL->RDU,21,21,0,0.0
route,FLL->RIC,9,9,0,0.0
route,FLL->SAN,1,1,0,0.0
route,FLL->SAT,3,3,0,0.0
route,FLL->SDF,2,2,0,0.0
route,FLL->SEA,6,6,0,0.0
route,FLL->SFO,8,8,0,0.0
route,FLL->SJU,38,38,0,0.0
route,FLL->SLC,8,8,0,0.0
route,FLL->STL,5,5,0,0.0
route,FLL->STT,4,4,0,0.0
route,FLL->SWF,3,3,0,0.0
route,FLL->SYR,1,1,0,0.0
route,FLL->TPA,14,14,0,0.0
route,FLL->TYS,2,2,0,0.0
route,FLL->USA,4,4,0,0.0
route,FLO->CLT,7,7,0,0.0
route,FNT->ATL,3,3,0,0.0
route,FNT->CLT,3,3,0,0.0
route,FNT->FLL,1,1,0,0.0
route,FNT->MSP,4,4,0,0.0
route,FNT->ORD,15,15,0,0.0
route,FNT->PGD,2,2,0,0.0
route,FNT->PIE,1,1,0,0.0
route,FSD->ATL,3,3,0,0.0
route,FSD->AZA,3,3,0,0.0
route,FSD->DEN,14,14,0,0.0
route,FSD->DFW,13,13,0,0.0
route,FSD->LAS,1,1,0,0.0
route,FSD->MSP,18,18,0,0.0
route,FSD->ORD,23,23,0,0.0
route,FSD->PGD,1,1,0,0.0
route,FSD->PHX,3,3,0,0.0
route,FSD->PIE,1,1,0,0.0
route,FSD->SFB,1,1,0,0.0
route,FSM->ATL,6,6,0,0.0
route,FSM->DFW,14,14,0,0.0
route,FWA->ATL,15,15,0,0.0
route,FWA->AZA,2,2,0,0.0
route,FWA->CLT,6,6,0,0.0
route,FWA->DFW,5,5,0,0.0
route,FWA->DTW,11,11,0,0.0
route,FWA->MSP,3,3,0,0.0
route,FWA->ORD,25,25,0,0.0
route,FWA->PGD,4,4,0,0.0
route,FWA->PHL,2,2,0,0.0
route,FWA->PIE,1,1,0,0.0
route,FWA->SFB,1,1,0,0.0
route,GCC->DEN,6,6,0,0.0
route,GCK->DFW,5,5,0,0.0
route,GEG->BOI,6,6,0,0.0
route,GEG->DEN,19,19,0,0.0
route,GEG->DFW,3,3,0,0.0
route,GEG->LAS,3,3,0,0.0
route,GEG->LAX,3,3,0,0.0
route,GEG->MSP,7,7,0,0.0
route,GEG->OAK,6,6,0,0.0
route,GEG->ORD,4,4,0,0.0
route,GEG->PAE,3,3,0,0.0
route,GEG->PDX,15,15,0,0.0
route,GEG->PHX,9,9,0,0.0
route,GEG->SAN,4,4,0,0.0
route,GEG->SEA,71,71,0,0.0
route,GEG->SFO,5,5,0,0.0
route,GEG->SJC,2,2,0,0.0
route,GEG->SLC,13,13,0,0.0
route,GEG->SMF,3,3,0,0.0
route,GFK->MSP,18,18,0,0.0
route,GGG->DFW,5,5,0,0.0
route,GJT->DEN,16,16,0,0.0
route,GJT->DFW,16,16,0,0.0
route,GJT->LAS,2,2,0,0.0
route,GJT->PHX,6,6,0,0.0
route,GJT->SLC,12,12,0,0.0
route,GNV->ATL,17,17,0,0.0
route,GNV->CLT,11,11,0,0.0
route,GNV->DFW,2,2,0,0.0
route,GNV->MIA,6,6,0,0.0
route,GPT->ATL,19,19,0,0.0
route,GPT->CLT,5,5,0,0.0
route,GPT->DFW,8,8,0,0.0
route,GPT->IAH,5,5,0,0.0
route,GRB->ATL,9,9,0,0.0
route,GRB->DTW,14,14,0,0.0
route,GRB->MSP,13,13,0,0.0
route,GRB->ORD,23,23,0,0.0
route,GRI->AZA,1,1,0,0.0
route,GRI->DFW,3,3,0,0.0
route,GRK->DFW,15,15,0,0.0
route,GRK->IAH,6,6,0,0.0
route,GRR->ATL,13,13,0,0.0
route,GRR->AZA,1,1,0,0.0
route,GRR->BWI,2,2,0,0.0
route,GRR->CLT,9,9,0,0.0
route,GRR->DCA,6,6,0,0.0
route,GRR->DEN,11,11,0,0.0
route,GRR->DFW,5,5,0,0.0
route,GRR->DTW,15,15,0,0.0
route,GRR->EWR,6,6,0,0.0
route,GRR->IAD,2,2,0,0.0
route,GRR->IAH,6,6,0,0.0
route,GRR->LGA,4,4,0,0.0
route,GRR->MCO,2,2,0,0.0
route,GRR->MDW,10,10,0,0.0
route,GRR->MSP,19,19,0,0.0
route,GRR->ORD,41,41,0,0.0
route,GRR->PGD,3,3,0,0.0
route,GRR->PHL,5,5,0,0.0
route,GRR->SAV,1,1,0,0.0
route,GRR->SFB,2,2,0,0.0
route,GRR->SRQ,1,1,0,0.0
route,GRR->TPA,1,1,0,0.0
route,GSO->ATL,27,27,0,0.0
route,GSO->CLT,28,28,0,0.0
route,GSO->DCA,6,6,0,0.0
route,GSO->DFW,6,6,0,0.0
route,GSO->DTW,6,6,0,0.0
route,GSO->EWR,16,16,0,0.0
route,GSO->FLL,1,1,0,0.0
route,GSO->IAD,12,12,0,0.0
route,GSO->LGA,19,19,0,0.0
route,GSO->MCO,5,5,0,0.0
route,GSO->ORD,12,12,0,0.0
route,GSO->PHL,7,7,0,0.0
route,GSP->ATL,32,32,0,0.0
route,GSP->CLT,25,25,0,0.0
route,GSP->DCA,4,4,0,0.0
route,GSP->DEN,2,2,0,0.0
route,GSP->DFW,6,6,0,0.0
route,GSP->DTW,14,14,0,0.0
route,GSP->EWR,8,8,0,0.0
route,GSP->FLL,2,2,0,0.0
route,GSP->IAD,13,13,0,0.0
route,GSP->IAH,11,11,0,0.0
route,GSP->LGA,3,3,0,0.0
route,GSP->MIA,5,5,0,0.0
route,GSP->ORD,12,12,0,0.0
route,GSP->PHL,8,8,0,0.0
route,GSP->PIE,2,2,0,0.0
route,GSP->SFB,2,2,0,0.0
route,GTF->AZA,5,5,0,0.0
route,GTF->DEN,6,6,0,0.0
route,GTF->MSP,2,2,0,0.0
route,GTF->SEA,6,6,0,0.0
route,GTF->SLC,6,6,0,0.0
route,GTR->ATL,9,9,0,0.0
route,GUC->DEN,3,3,0,0.0
route,GUM->HNL,3,3,0,0.0
route,GUM->SPN,4,4,0,0.0
route,HDN->DEN,5,5,0,0.0
route,HGR->SFB,1,1,0,0.0
route,HHH->ATL,4,4,0,0.0
route,HHH->CLT,9,9,0,0.0
route,HIB->MSP,5,5,0,0.0
route,HLN->DEN,7,7,0,0.0
route,HLN->MSP,3,3,0,0.0
route,HLN->SEA,5,5,0,0.0
route,HLN->SLC,9,9,0,0.0
route,HNL->ANC,4,4,0,0.0
route,HNL->ATL,2,2,0,0.0
route,HNL->DEN,2,2,0,0.0
route,HNL->DFW,6,6,0,0.0
route,HNL->EWR,1,1,0,0.0
route,HNL->GUM,3,3,0,0.0
route,HNL->IAD,2,2,0,0.0
route,HNL->IAH,5,5,0,0.0
route,HNL->ITO,47,47,0,0.0
route,HNL->JFK,4,4,0,0.0
route,HNL->JHM,8,8,0,0.0
route,HNL->KOA,51,51,0,0.0
route,HNL->LAS,6,6,0,0.0
route,HNL->LAX,46,46,0,0.0
route,HNL->LGB,3,3,0,0.0
route,HNL->LIH,61,61,0,0.0
route,HNL->LNY,14,14,0,0.0
route,HNL->MKK,7,7,0,0.0
route,HNL->OAK,11,11,0,0.0
route,HNL->OGG,76,76,0,0.0
route,HNL->ORD,3,3,0,0.0
route,HNL->PDX,8,8,0,0.0
route,HNL->PHX,6,6,0,0.0
route,HNL->PPG,1,1,0,0.0
route,HNL->SAN,4,4,0,0.0
route,HNL->SEA,15,15,0,0.0
route,HNL->SFO,25,25,0,0.0
route,HNL->SJC,10,10,0,0.0
route,HNL->SLC,3,3,0,0.0
route,HNL->SMF,3,3,0,0.0
route,HOB->DEN,2,2,0,0.0
route,HOB->IAH,6,6,0,0.0
route,HOU->ABQ,9,9,0,0.0
route,HOU->ATL,33,33,0,0.0
route,HOU->AUS,13,13,0,0.0
route,HOU->BHM,10,10,0,0.0
route,HOU->BNA,11,11,0,0.0
route,HOU->BOS,9,9,0,0.0
route,HOU->BUR,1,1,0,0.0
route,HOU->BWI,13,13,0,0.0
route,HOU->CHS,5,5,0,0.0
route,HOU->CLT,2,2,0,0.0
route,HOU->CMH,3,3,0,0.0
route,HOU->CRP,11,11,0,0.0
route,HOU->DAL,51,51,0,0.0
route,HOU->DCA,10,10,0,0.0
route,HOU->DEN,26,26,0,0.0
route,HOU->DFW,25,25,0,0.0
route,HOU->ECP,5,5,0,0.0
route,HOU->ELP,10,10,0,0.0
route,HOU->FLL,14,14,0,0.0
route,HOU->HRL,23,23,0,0.0
route,HOU->IND,3,3,0,0.0
route,HOU->JAX,5,5,0,0.0
route,HOU->JFK,4,4,0,0.0
route,HOU->LAS,18,18,0,0.0
route,HOU->LAX,18,18,0,0.0
route,HOU->LBB,2,2,0,0.0
route,HOU->LGA,14,14,0,0.0
route,HOU->MAF,10,10,0,0.0
route,HOU->MCI,12,12,0,0.0
route,HOU->MCO,14,14,0,0.0
route,HOU->MDW,20,20,0,0.0
route,HOU->MEM,4,4,0,0.0
route,HOU->MSY,22,22,0,0.0
route,HOU->OAK,11,11,0,0.0
route,HOU->OKC,7,7,0,0.0
route,HOU->OMA,3,3,0,0.0
route,HOU->PHX,20,20,0,0.0
route,HOU->PIT,3,3,0,0.0
route,HOU->PNS,2,2,0,0.0
route,HOU->RDU,4,4,0,0.0
route,HOU->SAN,9,9,0,0.0
route,HOU->SAT,15,15,0,0.0
route,HOU->SDF,3,3,0,0.0
route,HOU->SJC,3,3,0,0.0
route,HOU->SJU,2,2,0,0.0
route,HOU->SLC,1,1,0,0.0
route,HOU->SNA,3,3,0,0.0
route,HOU->STL,16,16,0,0.0
route,HOU->TPA,8,8,0,0.0
route,HOU->TUL,6,6,0,0.0
route,HPN->ATL,16,16,0,0.0
route,HPN->CLT,12,12,0,0.0
route,HPN->DCA,10,10,0,0.0
route,HPN->DTW,8,8,0,0.0
route,HPN->FLL,5,5,0,0.0
route,HPN->MCO,9,9,0,0.0
route,HPN->ORD,16,16,0,0.0
route,HPN->PBI,13,13,0,0.0
route,HPN->RSW,2,2,0,0.0
route,HPN->TPA,4,4,0,0.0
route,HRL->AUS,4,4,0,0.0
route,HRL->DEN,2,2,0,0.0
route,HRL->DFW,6,6,0,0.0
route,HRL->HOU,10,10,0,0.0
route,HRL->IAH,11,11,0,0.0
route,HRL->ORD,2,2,0,0.0
route,HSV->ATL,21,21,0,0.0
route,HSV->CLT,17,17,0,0.0
route,HSV->DCA,11,11,0,0.0
route,HSV->DEN,3,3,0,0.0
route,HSV->DFW,15,15,0,0.0
route,HSV->DTW,3,3,0,0.0
route,HSV->IAD,5,5,0,0.0
route,HSV->IAH,12,12,0,0.0
route,HSV->MCO,3,3,0,0.0
route,HSV->ORD,9,9,0,0.0
route,HTS->CLT,6,6,0,0.0
route,HVN->PHL,8,8,0,0.0
route,HYS->DEN,5,5,0,0.0
route,HYS->SLN,7,7,0,0.0
route,IAD->ALB,16,16,0,0.0
route,IAD->ATL,37,37,0,0.0
route,IAD->AUS,8,8,0,0.0
route,IAD->AVL,2,2,0,0.0
route,IAD->AVP,4,4,0,0.0
route,IAD->BDL,20,20,0,0.0
route,IAD->BNA,7,7,0,0.0
route,IAD->BOS,20,20,0,0.0
route,IAD->BTV,16,16,0,0.0
route,IAD->BUF,9,9,0,0.0
route,IAD->CAE,12,12,0,0.0
route,IAD->CHA,9,9,0,0.0
route,IAD->CHO,8,8,0,0.0
route,IAD->CHS,11,11,0,0.0
route,IAD->CKB,1,1,0,0.0
route,IAD->CLE,11,11,0,0.0
route,IAD->CLT,30,30,0,0.0
route,IAD->CMH,13,13,0,0.0
route,IAD->CRW,7,7,0,0.0
route,IAD->CVG,13,13,0,0.0
route,IAD->DAY,7,7,0,0.0
route,IAD->DEN,23,23,0,0.0
route,IAD->DFW,23,23,0,0.0
route,IAD->DTW,24,24,0,0.0
route,IAD->ELM,3,3,0,0.0
route,IAD->EWR,22,22,0,0.0
route,IAD->FAY,7,7,0,0.0
route,IAD->FLL,6,6,0,0.0
route,IAD->GRR,5,5,0,0.0
route,IAD->GSO,8,8,0,0.0
route,IAD->GSP,6,6,0,0.0
route,IAD->HSV,7,7,0,0.0
route,IAD->IAH,7,7,0,0.0
route,IAD->ILM,6,6,0,0.0
route,IAD->IND,10,10,0,0.0
route,IAD->ITH,7,7,0,0.0
route,IAD->JAX,7,7,0,0.0
route,IAD->JFK,6,6,0,0.0
route,IAD->LAS,7,7,0,0.0
route,IAD->LAX,30,30,0,0.0
route,IAD->LEX,1,1,0,0.0
route,IAD->LGA,11,11,0,0.0
route,IAD->LWB,2,2,0,0.0
route,IAD->MCI,1,1,0,0.0
route,IAD->MCO,19,19,0,0.0
route,IAD->MDT,9,9,0,0.0
route,IAD->MHT,7,7,0,0.0
route,IAD->MIA,6,6,0,0.0
route,IAD->MSP,12,12,0,0.0
route,IAD->MSY,6,6,0,0.0
route,IAD->OKC,5,5,0,0.0
route,IAD->ORD,15,15,0,0.0
route,IAD->ORF,9,9,0,0.0
route,IAD->PBG,4,4,0,0.0
route,IAD->PDX,2,2,0,0.0
route,IAD->PHL,8,8,0,0.0
route,IAD->PHX,3,3,0,0.0
route,IAD->PIT,5,5,0,0.0
route,IAD->PVD,12,12,0,0.0
route,IAD->PWM,9,9,0,0.0
route,IAD->RDU,10,10,0,0.0
route,IAD->RIC,12,12,0,0.0
route,IAD->ROA,6,6,0,0.0
route,IAD->ROC,13,13,0,0.0
route,IAD->RSW,3,3,0,0.0
route,IAD->SAN,6,6,0,0.0
route,IAD->SAT,8,8,0,0.0
route,IAD->SAV,13,13,0,0.0
route,IAD->SCE,5,5,0,0.0
route,IAD->SDF,8,8,0,0.0
route,IAD->SEA,17,17,0,0.0
route,IAD->SFO,28,28,0,0.0
route,IAD->SHD,2,2,0,0.0
route,IAD->SJU,1,1,0,0.0
route,IAD->SMF,3,3,0,0.0
route,IAD->SRQ,2,2,0,0.0
route,IAD->STL,10,10,0,0.0
route,IAD->STT,1,1,0,0.0
route,IAD->SYR,9,9,0,0.0
route,IAD->TPA,6,6,0,0.0
route,IAD->TYS,3,3,0,0.0
route,IAG->FLL,2,2,0,0.0
route,IAG->MYR,1,1,0,0.0
route,IAG->PGD,2,2,0,0.0
route,IAG->PIE,1,1,0,0.0
route,IAG->SFB,1,1,0,0.0
route,IAH->ABQ,11,11,0,0.0
route,IAH->AEX,6,6,0,0.0
route,IAH->AMA,7,7,0,0.0
route,IAH->ASE,1,1,0,0.0
route,IAH->ATL,53,53,0,0.0
route,IAH->AUS,21,21,0,0.0
route,IAH->BDL,3,3,0,0.0
route,IAH->BHM,10,10,0,0.0
route,IAH->BNA,18,18,0,0.0
route,IAH->BOI,3,3,0,0.0
route,IAH->BOS,7,7,0,0.0
route,IAH->BRO,13,13,0,0.0
route,IAH->BTR,18,18,0,0.0
route,IAH->BWI,11,11,0,0.0
route,IAH->CAE,2,2,0,0.0
route,IAH->CAK,4,4,0,0.0
route,IAH->CHS,4,4,0,0.0
route,IAH->CLE,18,18,0,0.0
route,IAH->CLL,9,9,0,0.0
route,IAH->CLT,24,24,0,0.0
route,IAH->CMH,11,11,0,0.0
route,IAH->COS,12,12,0,0.0
route,IAH->CRP,14,14,0,0.0
route,IAH->CRW,4,4,0,0.0
route,IAH->CVG,15,15,0,0.0
route,IAH->DAY,6,6,0,0.0
route,IAH->DCA,23,23,0,0.0
route,IAH->DEN,34,34,0,0.0
route,IAH->DFW,50,50,0,0.0
route,IAH->DSM,6,6,0,0.0
route,IAH->DTW,43,43,0,0.0
route,IAH->ECP,7,7,0,0.0
route,IAH->ELP,19,19,0,0.0
route,IAH->EWR,31,31,0,0.0
route,IAH->FLL,17,17,0,0.0
route,IAH->GPT,14,14,0,0.0
route,IAH->GRK,6,6,0,0.0
route,IAH->GRR,5,5,0,0.0
route,IAH->GSP,8,8,0,0.0
route,IAH->HNL,4,4,0,0.0
route,IAH->HOB,8,8,0,0.0
route,IAH->HRL,12,12,0,0.0
route,IAH->HSV,15,15,0,0.0
route,IAH->IAD,12,12,0,0.0
route,IAH->ICT,12,12,0,0.0
route,IAH->IND,18,18,0,0.0
route,IAH->JAN,17,17,0,0.0
route,IAH->JAX,9,9,0,0.0
route,IAH->JFK,3,3,0,0.0
route,IAH->LAS,24,24,0,0.0
route,IAH->LAX,45,45,0,0.0
route,IAH->LBB,14,14,0,0.0
route,IAH->LCH,15,15,0,0.0
route,IAH->LFT,20,20,0,0.0
route,IAH->LGA,29,29,0,0.0
route,IAH->LIT,16,16,0,0.0
route,IAH->LRD,10,10,0,0.0
route,IAH->MAF,19,19,0,0.0
route,IAH->MCI,17,17,0,0.0
route,IAH->MCO,29,29,0,0.0
route,IAH->MEM,17,17,0,0.0
route,IAH->MFE,22,22,0,0.0
route,IAH->MIA,26,26,0,0.0
route,IAH->MKE,7,7,0,0.0
route,IAH->MLU,7,7,0,0.0
route,IAH->MOB,16,16,0,0.0
route,IAH->MSP,23,23,0,0.0
route,IAH->MSY,21,21,0,0.0
route,IAH->OAK,1,1,0,0.0
route,IAH->OKC,33,33,0,0.0
route,IAH->OMA,12,12,0,0.0
route,IAH->ONT,1,1,0,0.0
route,IAH->ORD,40,40,0,0.0
route,IAH->ORF,5,5,0,0.0
route,IAH->PBI,1,1,0,0.0
route,IAH->PDX,7,7,0,0.0
route,IAH->PHL,21,21,0,0.0
route,IAH->PHX,25,25,0,0.0
route,IAH->PIT,20,20,0,0.0
route,IAH->PNS,15,15,0,0.0
route,IAH->PSP,5,5,0,0.0
route,IAH->RDU,11,11,0,0.0
route,IAH->RIC,8,8,0,0.0
route,IAH->RNO,2,2,0,0.0
route,IAH->RSW,6,6,0,0.0
route,IAH->SAN,19,19,0,0.0
route,IAH->SAT,16,16,0,0.0
route,IAH->SAV,12,12,0,0.0
route,IAH->SDF,8,8,0,0.0
route,IAH->SEA,13,13,0,0.0
route,IAH->SFO,32,32,0,0.0
route,IAH->SGF,7,7,0,0.0
route,IAH->SHV,7,7,0,0.0
route,IAH->SJC,4,4,0,0.0
route,IAH->SJU,10,10,0,0.0
route,IAH->SLC,21,21,0,0.0
route,IAH->SMF,2,2,0,0.0
route,IAH->SNA,16,16,0,0.0
route,IAH->STL,13,13,0,0.0
route,IAH->TPA,23,23,0,0.0
route,IAH->TUL,15,15,0,0.0
route,IAH->TUS,10,10,0,0.0
route,IAH->TYS,7,7,0,0.0
route,IAH->VPS,9,9,0,0.0
route,IAH->XNA,11,11,0,0.0
route,ICT->ATL,10,10,0,0.0
route,ICT->DEN,11,11,0,0.0
route,ICT->DFW,27,27,0,0.0
route,ICT->IAH,8,8,0,0.0
route,ICT->LAS,3,3,0,0.0
route,ICT->MSP,7,7,0,0.0
route,ICT->ORD,20,20,0,0.0
route,ICT->PHX,3,3,0,0.0
route,ICT->SEA,3,3,0,0.0
route,ICT->STL,5,5,0,0.0
route,IDA->DEN,6,6,0,0.0
route,IDA->SLC,15,15,0,0.0
route,ILM->ATL,17,17,0,0.0
route,ILM->CLT,23,23,0,0.0
route,ILM->DCA,3,3,0,0.0
route,ILM->DFW,3,3,0,0.0
route,ILM->IAD,8,8,0,0.0
route,ILM->LGA,10,10,0,0.0
route,ILM->ORD,7,7,0,0.0
route,ILM->PHL,7,7,0,0.0
route,IMT->DTW,2,2,0,0.0
route,IMT->MSP,2,2,0,0.0
route,IND->ATL,34,34,0,0.0
route,IND->BOS,8,8,0,0.0
route,IND->BWI,11,11,0,0.0
route,IND->CHS,1,1,0,0.0
route,IND->CLT,26,26,0,0.0
route,IND->DAL,9,9,0,0.0
route,IND->DCA,20,20,0,0.0
route,IND->DEN,24,24,0,0.0
route,IND->DFW,15,15,0,0.0
route,IND->DTW,16,16,0,0.0
route,IND->EWR,20,20,0,0.0
route,IND->FLL,7,7,0,0.0
route,IND->HOU,10,10,0,0.0
route,IND->IAD,14,14,0,0.0
route,IND->IAH,14,14,0,0.0
route,IND->JFK,5,5,0,0.0
route,IND->LAS,9,9,0,0.0
route,IND->LAX,14,14,0,0.0
route,IND->LGA,14,14,0,0.0
route,IND->MCI,8,8,0,0.0
route,IND->MCO,21,21,0,0.0
route,IND->MDW,9,9,0,0.0
route,IND->MIA,11,11,0,0.0
route,IND->MSP,12,12,0,0.0
route,IND->OAK,3,3,0,0.0
route,IND->ORD,56,56,0,0.0
route,IND->PHL,26,26,0,0.0
route,IND->PHX,10,10,0,0.0
route,IND->PIE,1,1,0,0.0
route,IND->RDU,7,7,0,0.0
route,IND->RSW,11,11,0,0.0
route,IND->SEA,3,3,0,0.0
route,IND->SFO,3,3,0,0.0
route,IND->SLC,6,6,0,0.0
route,IND->SRQ,2,2,0,0.0
route,IND->TPA,10,10,0,0.0
route,INL->MSP,1,1,0,0.0
route,IPT->PHL,3,3,0,0.0
route,ISN->DEN,4,4,0,0.0
route,ISN->MSP,4,4,0,0.0
route,ISP->BWI,9,9,0,0.0
route,ISP->FLL,6,6,0,0.0
route,ISP->MCO,11,11,0,0.0
route,ISP->MYR,2,2,0,0.0
route,ISP->PBI,7,7,0,0.0
route,ISP->PHL,8,8,0,0.0
route,ISP->RSW,2,2,0,0.0
route,ISP->TPA,8,8,0,0.0
route,ITH->DTW,13,13,0,0.0
route,ITH->IAD,4,4,0,0.0
route,ITH->PHL,9,9,0,0.0
route,ITO->HNL,42,42,0,0.0
route,ITO->LAX,2,2,0,0.0
route,ITO->OGG,7,7,0,0.0
route,JAC->DEN,2,2,0,0.0
route,JAC->DFW,1,1,0,0.0
route,JAC->SLC,14,14,0,0.0
route,JAN->ATL,18,18,0,0.0
route,JAN->CLT,20,20,0,0.0
route,JAN->DCA,5,5,0,0.0
route,JAN->DFW,23,23,0,0.0
route,JAN->IAH,10,10,0,0.0
route,JAN->MCO,1,1,0,0.0
route,JAN->ORD,2,2,0,0.0
route,JAX->ATL,31,31,0,0.0
route,JAX->BNA,11,11,0,0.0
route,JAX->BOS,14,14,0,0.0
route,JAX->BWI,14,14,0,0.0
route,JAX->CLT,20,20,0,0.0
route,JAX->CVG,1,1,0,0.0
route,JAX->DAL,1,1,0,0.0
route,JAX->DCA,14,14,0,0.0
route,JAX->DEN,3,3,0,0.0
route,JAX->DFW,8,8,0,0.0
route,JAX->DTW,7,7,0,0.0
route,JAX->EWR,15,15,0,0.0
route,JAX->FLL,22,22,0,0.0
route,JAX->HOU,1,1,0,0.0
route,JAX->IAD,10,10,0,0.0
route,JAX->IAH,9,9,0,0.0
route,JAX->JFK,16,16,0,0.0
route,JAX->LAS,2,2,0,0.0
route,JAX->LGA,8,8,0,0.0
route,JAX->MDW,4,4,0,0.0
route,JAX->MIA,19,19,0,0.0
route,JAX->MSP,2,2,0,0.0
route,JAX->ORD,26,26,0,0.0
route,JAX->PHL,12,12,0,0.0
route,JAX->RDU,1,1,0,0.0
route,JAX->STL,1,1,0,0.0
route,JFK->ABQ,5,5,0,0.0
route,JFK->ATL,32,32,0,0.0
route,JFK->AUS,16,16,0,0.0
route,JFK->BGR,2,2,0,0.0
route,JFK->BNA,7,7,0,0.0
route,JFK->BOS,48,48,0,0.0
route,JFK->BQN,6,6,0,0.0
route,JFK->BTV,17,17,0,0.0
route,JFK->BUF,33,33,0,0.0
route,JFK->BUR,6,6,0,0.0
route,JFK->BWI,23,23,0,0.0
route,JFK->CHS,18,18,0,0.0
route,JFK->CLE,14,14,0,0.0
route,JFK->CLT,35,35,0,0.0
route,JFK->CMH,10,10,0,0.0
route,JFK->CVG,7,7,0,0.0
route,JFK->DAB,3,3,0,0.0
route,JFK->DCA,22,22,0,0.0
route,JFK->DEN,9,9,0,0.0
route,JFK->DFW,9,9,0,0.0
route,JFK->DTW,8,8,0,0.0
route,JFK->FLL,30,30,0,0.0
route,JFK->HNL,2,2,0,0.0
route,JFK->HOU,2,2,0,0.0
route,JFK->IAD,9,9,0,0.0
route,JFK->IAH,6,6,0,0.0
route,JFK->IND,11,11,0,0.0
route,JFK->JAX,19,19,0,0.0
route,JFK->LAS,38,38,0,0.0
route,JFK->LAX,105,105,0,0.0
route,JFK->LGB,8,8,0,0.0
route,JFK->MCO,39,39,0,0.0
route,JFK->MIA,28,28,0,0.0
route,JFK->MSP,14,14,0,0.0
route,JFK->MSY,18,18,0,0.0
route,JFK->OAK,1,1,0,0.0
route,JFK->ONT,4,4,0,0.0
route,JFK->ORD,20,20,0,0.0
route,JFK->ORF,16,16,0,0.0
route,JFK->ORH,4,4,0,0.0
route,JFK->PBI,18,18,0,0.0
route,JFK->PDX,13,13,0,0.0
route,JFK->PHL,3,3,0,0.0
route,JFK->PHX,26,26,0,0.0
route,JFK->PIT,9,9,0,0.0
route,JFK->PSE,5,5,0,0.0
route,JFK->PSP,4,4,0,0.0
route,JFK->PWM,8,8,0,0.0
route,JFK->RDU,39,39,0,0.0
route,JFK->RIC,13,13,0,0.0
route,JFK->RNO,1,1,0,0.0
route,JFK->ROC,10,10,0,0.0
route,JFK->RSW,15,15,0,0.0
route,JFK->SAN,28,28,0,0.0
route,JFK->SAT,5,5,0,0.0
route,JFK->SAV,17,17,0,0.0
route,JFK->SEA,30,30,0,0.0
route,JFK->SFO,62,62,0,0.0
route,JFK->SJC,3,3,0,0.0
route,JFK->SJU,25,25,0,0.0
route,JFK->SLC,15,15,0,0.0
route,JFK->SMF,6,6,0,0.0
route,JFK->SNA,1,1,0,0.0
route,JFK->SRQ,2,2,0,0.0
route,JFK->STT,2,2,0,0.0
route,JFK->SYR,13,13,0,0.0
route,JFK->TPA,28,28,0,0.0
route,JHM->HNL,15,15,0,0.0
route,JLN->DFW,9,9,0,0.0
route,JLN->ORD,4,4,0,0.0
route,JMS->DEN,3,3,0,0.0
route,JMS->DVL,3,3,0,0.0
route,JNU->ANC,7,7,0,0.0
route,JNU->KTN,3,3,0,0.0
route,JNU->PSG,2,2,0,0.0
route,JNU->SEA,5,5,0,0.0
route,JNU->SIT,4,4,0,0.0
route,JNU->YAK,3,3,0,0.0
route,KOA->ANC,2,2,0,0.0
route,KOA->DEN,5,5,0,0.0
route,KOA->HNL,61,61,0,0.0
route,KOA->LAX,15,15,0,0.0
route,KOA->LIH,1,1,0,0.0
route,KOA->OAK,3,3,0,0.0
route,KOA->OGG,13,13,0,0.0
route,KOA->PDX,2,2,0,0.0
route,KOA->PHX,5,5,0,0.0
route,KOA->SEA,11,11,0,0.0
route,KOA->SFO,11,11,0,0.0
route,KOA->SJC,2,2,0,0.0
route,KOA->SMF,1,1,0,0.0
route,KTN->JNU,1,1,0,0.0
route,KTN->SEA,16,16,0,0.0
route,KTN->SIT,3,3,0,0.0
route,KTN->WRG,4,4,0,0.0
route,LAN->DCA,4,4,0,0.0
route,LAN->DTW,14,14,0,0.0
route,LAN->MSP,2,2,0,0.0
route,LAN->ORD,17,17,0,0.0
route,LAR->DEN,4,4,0,0.0
route,LAS->ABQ,12,12,0,0.0
route,LAS->AMA,3,3,0,0.0
route,LAS->ATL,43,43,0,0.0
route,LAS->AUS,20,20,0,0.0
route,LAS->AZA,2,2,0,0.0
route,LAS->BHM,2,2,0,0.0
route,LAS->BIL,1,1,0,0.0
route,LAS->BIS,3,3,0,0.0
route,LAS->BLI,7,7,0,0.0
route,LAS->BNA,12,12,0,0.0
route,LAS->BOI,7,7,0,0.0
route,LAS->BOS,12,12,0,0.0
route,LAS->BUF,4,4,0,0.0
route,LAS->BUR,30,30,0,0.0
route,LAS->BWI,17,17,0,0.0
route,LAS->BZN,3,3,0,0.0
route,LAS->CID,1,1,0,0.0
route,LAS->CLE,9,9,0,0.0
route,LAS->CLT,17,17,0,0.0
route,LAS->CMH,16,16,0,0.0
route,LAS->COS,5,5,0,0.0
route,LAS->CVG,9,9,0,0.0
route,LAS->DAL,16,16,0,0.0
route,LAS->DCA,6,6,0,0.0
route,LAS->DEN,53,53,0,0.0
route,LAS->DFW,39,39,0,0.0
route,LAS->DSM,5,5,0,0.0
route,LAS->DTW,25,25,0,0.0
route,LAS->ELP,10,10,0,0.0
route,LAS->EUG,3,3,0,0.0
route,LAS->EWR,19,19,0,0.0
route,LAS->FAR,2,2,0,0.0
route,LAS->FAT,3,3,0,0.0
route,LAS->FLL,6,6,0,0.0
route,LAS->FSD,2,2,0,0.0
route,LAS->GEG,10,10,0,0.0
route,LAS->GFK,1,1,0,0.0
route,LAS->GJT,2,2,0,0.0
route,LAS->GRI,1,1,0,0.0
route,LAS->GRR,2,2,0,0.0
route,LAS->HNL,4,4,0,0.0
route,LAS->HOU,21,21,0,0.0
route,LAS->IAD,11,11,0,0.0
route,LAS->IAH,37,37,0,0.0
route,LAS->ICT,5,5,0,0.0
route,LAS->IDA,2,2,0,0.0
route,LAS->IND,13,13,0,0.0
route,LAS->JAX,2,2,0,0.0
route,LAS->JFK,29,29,0,0.0
route,LAS->LAX,96,96,0,0.0
route,LAS->LBB,8,8,0,0.0
route,LAS->LGB,20,20,0,0.0
route,LAS->LIT,1,1,0,0.0
route,LAS->LRD,1,1,0,0.0
route,LAS->MAF,1,1,0,0.0
route,LAS->MCI,19,19,0,0.0
route,LAS->MCO,20,20,0,0.0
route,LAS->MDW,16,16,0,0.0
route,LAS->MEM,2,2,0,0.0
route,LAS->MFE,1,1,0,0.0
route,LAS->MFR,1,1,0,0.0
route,LAS->MIA,7,7,0,0.0
route,LAS->MKE,6,6,0,0.0
route,LAS->MLI,1,1,0,0.0
route,LAS->MOT,2,2,0,0.0
route,LAS->MRY,1,1,0,0.0
route,LAS->MSN,3,3,0,0.0
route,LAS->MSP,19,19,0,0.0
route,LAS->MSY,14,14,0,0.0
route,LAS->OAK,38,38,0,0.0
route,LAS->OKC,5,5,0,0.0
route,LAS->OMA,15,15,0,0.0
route,LAS->ONT,12,12,0,0.0
route,LAS->ORD,43,43,0,0.0
route,LAS->PAE,2,2,0,0.0
route,LAS->PDX,32,32,0,0.0
route,LAS->PHL,14,14,0,0.0
route,LAS->PHX,42,42,0,0.0
route,LAS->PIA,1,1,0,0.0
route,LAS->PIT,5,5,0,0.0
route,LAS->PSC,1,1,0,0.0
route,LAS->RAP,2,2,0,0.0
route,LAS->RDU,5,5,0,0.0
route,LAS->RFD,1,1,0,0.0
route,LAS->RNO,37,37,0,0.0
route,LAS->SAN,56,56,0,0.0
route,LAS->SAT,10,10,0,0.0
route,LAS->SBN,1,1,0,0.0
route,LAS->SCK,5,5,0,0.0
route,LAS->SDF,1,1,0,0.0
route,LAS->SEA,57,57,0,0.0
route,LAS->SFO,79,79,0,0.0
route,LAS->SJC,32,32,0,0.0
route,LAS->SLC,29,29,0,0.0
route,LAS->SMF,35,35,0,0.0
route,LAS->SMX,4,4,0,0.0
route,LAS->SNA,34,34,0,0.0
route,LAS->STL,14,14,0,0.0
route,LAS->TPA,11,11,0,0.0
route,LAS->TUL,8,8,0,0.0
route,LAS->TUS,10,10,0,0.0
route,LAW->DFW,8,8,0,0.0
route,LAX->ABQ,24,24,0,0.0
route,LAX->ACV,4,4,0,0.0
route,LAX->ANC,3,3,0,0.0
route,LAX->ASE,3,3,0,0.0
route,LAX->ATL,41,41,0,0.0
route,LAX->AUS,35,35,0,0.0
route,LAX->BDL,3,3,0,0.0
route,LAX->BNA,24,24,0,0.0
route,LAX->BOI,15,15,0,0.0
route,LAX->BOS,51,51,0,0.0
route,LAX->BUF,1,1,0,0.0
route,LAX->BWI,24,24,0,0.0
route,LAX->BZN,2,2,0,0.0
route,LAX->CLE,10,10,0,0.0
route,LAX->CLT,19,19,0,0.0
route,LAX->CMH,6,6,0,0.0
route,LAX->COS,8,8,0,0.0
route,LAX->CVG,6,6,0,0.0
route,LAX->DAL,14,14,0,0.0
route,LAX->DCA,14,14,0,0.0
route,LAX->DEN,69,69,0,0.0
route,LAX->DFW,61,61,0,0.0
route,LAX->DTW,18,18,0,0.0
route,LAX->ELP,17,17,0,0.0
route,LAX->EUG,10,10,0,0.0
route,LAX->EWR,42,42,0,0.0
route,LAX->FAT,28,28,0,0.0
route,LAX->FLL,17,17,0,0.0
route,LAX->GEG,6,6,0,0.0
route,LAX->HNL,57,57,0,0.0
route,LAX->HOU,9,9,0,0.0
route,LAX->IAD,37,37,0,0.0
route,LAX->IAH,43,43,0,0.0
route,LAX->IND,6,6,0,0.0
route,LAX->ITO,6,6,0,0.0
route,LAX->JFK,111,111,0,0.0
route,LAX->KOA,5,5,0,0.0
route,LAX->LAS,91,91,0,0.0
route,LAX->LIH,16,16,0,0.0
route,LAX->MCI,10,10,0,0.0
route,LAX->MCO,31,31,0,0.0
route,LAX->MDW,23,23,0,0.0
route,LAX->MEM,4,4,0,0.0
route,LAX->MFR,8,8,0,0.0
route,LAX->MIA,30,30,0,0.0
route,LAX->MKE,5,5,0,0.0
route,LAX->MMH,1,1,0,0.0
route,LAX->MRY,11,11,0,0.0
route,LAX->MSP,32,32,0,0.0
route,LAX->MSY,23,23,0,0.0
route,LAX->OAK,35,35,0,0.0
route,LAX->OGG,23,23,0,0.0
route,LAX->OKC,11,11,0,0.0
route,LAX->OMA,9,9,0,0.0
route,LAX->ORD,68,68,0,0.0
route,LAX->PAE,4,4,0,0.0
route,LAX->PDX,44,44,0,0.0
route,LAX->PHL,22,22,0,0.0
route,LAX->PHX,88,88,0,0.0
route,LAX->PIT,4,4,0,0.0
route,LAX->PRC,1,1,0,0.0
route,LAX->PSC,2,2,0,0.0
route,LAX->PSP,7,7,0,0.0
route,LAX->PVU,3,3,0,0.0
route,LAX->RDD,1,1,0,0.0
route,LAX->RDM,8,8,0,0.0
route,LAX->RDU,6,6,0,0.0
route,LAX->RNO,36,36,0,0.0
route,LAX->SAN,54,54,0,0.0
route,LAX->SAT,20,20,0,0.0
route,LAX->SBA,11,11,0,0.0
route,LAX->SBP,11,11,0,0.0
route,LAX->SCK,2,2,0,0.0
route,LAX->SDF,1,1,0,0.0
route,LAX->SEA,85,85,0,0.0
route,LAX->SFO,152,152,0,0.0
route,LAX->SGF,3,3,0,0.0
route,LAX->SGU,1,1,0,0.0
route,LAX->SJC,84,84,0,0.0
route,LAX->SLC,44,44,0,0.0
route,LAX->SMF,75,75,0,0.0
route,LAX->STL,13,13,0,0.0
route,LAX->STS,15,15,0,0.0
route,LAX->TPA,5,5,0,0.0
route,LAX->TUL,1,1,0,0.0
route,LAX->TUS,22,22,0,0.0
route,LAX->XNA,2,2,0,0.0
route,LBB->AUS,5,5,0,0.0
route,LBB->DAL,14,14,0,0.0
route,LBB->DEN,7,7,0,0.0
route,LBB->DFW,18,18,0,0.0
route,LBB->HOU,1,1,0,0.0
route,LBB->IAH,12,12,0,0.0
route,LBB->LAS,2,2,0,0.0
route,LBB->PHX,4,4,0,0.0
route,LBE->FLL,3,3,0,0.0
route,LBE->MCO,5,5,0,0.0
route,LBE->MYR,2,2,0,0.0
route,LBE->RSW,3,3,0,0.0
route,LBE->TPA,1,1,0,0.0
route,LBF->DEN,5,5,0,0.0
route,LBL->DEN,6,6,0,0.0
route,LCH->DFW,14,14,0,0.0
route,LCH->IAH,3,3,0,0.0
route,LCK->SRQ,2,2,0,0.0
route,LCK->VPS,1,1,0,0.0
route,LEX->ATL,22,22,0,0.0
route,LEX->CLT,16,16,0,0.0
route,LEX->DCA,1,1,0,0.0
route,LEX->DFW,10,10,0,0.0
route,LEX->DTW,20,20,0,0.0
route,LEX->EWR,4,4,0,0.0
route,LEX->IAD,4,4,0,0.0
route,LEX->IAH,4,4,0,0.0
route,LEX->LGA,1,1,0,0.0
route,LEX->MSP,3,3,0,0.0
route,LEX->ORD,18,18,0,0.0
route,LEX->PGD,2,2,0,0.0
route,LEX->PHL,7,7,0,0.0
route,LEX->PIE,1,1,0,0.0
route,LEX->SFB,2,2,0,0.0
route,LFT->ATL,17,17,0,0.0
route,LFT->DFW,14,14,0,0.0
route,LFT->IAH,21,21,0,0.0
route,LFT->MCO,1,1,0,0.0
route,LGA->ATL,88,88,0,0.0
route,LGA->BGR,8,8,0,0.0
route,LGA->BHM,7,7,0,0.0
route,LGA->BNA,40,40,0,0.0
route,LGA->BOS,80,80,0,0.0
route,LGA->BTV,9,9,0,0.0
route,LGA->BUF,11,11,0,0.0
route,LGA->CAE,1,1,0,0.0
route,LGA->CAK,2,2,0,0.0
route,LGA->CHA,5,5,0,0.0
route,LGA->CHO,11,11,0,0.0
route,LGA->CHS,13,13,0,0.0
route,LGA->CLE,33,33,0,0.0
route,LGA->CLT,50,50,0,0.0
route,LGA->CMH,37,37,0,0.0
route,LGA->CVG,20,20,0,0.0
route,LGA->DAL,13,13,0,0.0
route,LGA->DAY,12,12,0,0.0
route,LGA->DCA,57,57,0,0.0
route,LGA->DEN,40,40,0,0.0
route,LGA->DFW,59,59,0,0.0
route,LGA->DSM,5,5,0,0.0
route,LGA->DTW,41,41,0,0.0
route,LGA->FLL,35,35,0,0.0
route,LGA->GRR,5,5,0,0.0
route,LGA->GSO,13,13,0,0.0
route,LGA->GSP,9,9,0,0.0
route,LGA->HOU,12,12,0,0.0
route,LGA->IAD,10,10,0,0.0
route,LGA->IAH,42,42,0,0.0
route,LGA->ILM,10,10,0,0.0
route,LGA->IND,19,19,0,0.0
route,LGA->JAX,4,4,0,0.0
route,LGA->LEX,3,3,0,0.0
route,LGA->MCI,15,15,0,0.0
route,LGA->MCO,19,19,0,0.0
route,LGA->MDW,23,23,0,0.0
route,LGA->MEM,18,18,0,0.0
route,LGA->MHT,6,6,0,0.0
route,LGA->MIA,48,48,0,0.0
route,LGA->MKE,15,15,0,0.0
route,LGA->MSN,8,8,0,0.0
route,LGA->MSP,31,31,0,0.0
route,LGA->MSY,14,14,0,0.0
route,LGA->MYR,7,7,0,0.0
route,LGA->OMA,5,5,0,0.0
route,LGA->ORD,113,113,0,0.0
route,LGA->ORF,26,26,0,0.0
route,LGA->PBI,24,24,0,0.0
route,LGA->PHL,9,9,0,0.0
route,LGA->PIT,38,38,0,0.0
route,LGA->PWM,16,16,0,0.0
route,LGA->RDU,42,42,0,0.0
route,LGA->RIC,34,34,0,0.0
route,LGA->ROA,2,2,0,0.0
route,LGA->ROC,13,13,0,0.0
route,LGA->RSW,9,9,0,0.0
route,LGA->SAV,8,8,0,0.0
route,LGA->SDF,14,14,0,0.0
route,LGA->SRQ,2,2,0,0.0
route,LGA->STL,38,38,0,0.0
route,LGA->SYR,9,9,0,0.0
route,LGA->TPA,18,18,0,0.0
route,LGA->TYS,11,11,0,0.0
route,LGA->XNA,8,8,0,0.0
route,LGB->AUS,2,2,0,0.0
route,LGB->BOS,2,2,0,0.0
route,LGB->DEN,2,2,0,0.0
route,LGB->FLL,4,4,0,0.0
route,LGB->HNL,4,4,0,0.0
route,LGB->JFK,7,7,0,0.0
route,LGB->LAS,20,20,0,0.0
route,LGB->OAK,12,12,0,0.0
route,LGB->PDX,2,2,0,0.0
route,LGB->PHX,13,13,0,0.0
route,LGB->RNO,3,3,0,0.0
route,LGB->SEA,4,4,0,0.0
route,LGB->SFO,7,7,0,0.0
route,LGB->SJC,7,7,0,0.0
route,LGB->SLC,23,23,0,0.0
route,LGB->SMF,13,13,0,0.0
route,LIH->DEN,2,2,0,0.0
route,LIH->HNL,54,54,0,0.0
route,LIH->KOA,5,5,0,0.0
route,LIH->LAX,11,11,0,0.0
route,LIH->OAK,5,5,0,0.0
route,LIH->OGG,10,10,0,0.0
route,LIH->PDX,4,4,0,0.0
route,LIH->PHX,4,4,0,0.0
route,LIH->SAN,3,3,0,0.0
route,LIH->SEA,5,5,0,0.0
route,LIH->SFO,4,4,0,0.0
route,LIH->SJC,1,1,0,0.0
route,LIT->ATL,24,24,0,0.0
route,LIT->CLT,17,17,0,0.0
route,LIT->DAL,7,7,0,0.0
route,LIT->DEN,13,13,0,0.0
route,LIT->DFW,14,14,0,0.0
route,LIT->DTW,3,3,0,0.0
route,LIT->IAH,13,13,0,0.0
route,LIT->LAS,1,1,0,0.0
route,LIT->ORD,27,27,0,0.0
route,LIT->PHX,5,5,0,0.0
route,LIT->STL,9,9,0,0.0
route,LNK->ATL,2,2,0,0.0
route,LNK->DEN,12,12,0,0.0
route,LNK->MSP,9,9,0,0.0
route,LNK->ORD,14,14,0,0.0
route,LNY->HNL,11,11,0,0.0
route,LRD->DFW,12,12,0,0.0
route,LRD->IAH,10,10,0,0.0
route,LRD->LAS,2,2,0,0.0
route,LSE->DTW,3,3,0,0.0
route,LSE->MSP,6,6,0,0.0
route,LSE->ORD,11,11,0,0.0
route,LWB->IAD,3,3,0,0.0
route,LWB->ORD,3,3,0,0.0
route,LWS->SLC,6,6,0,0.0
route,LYH->CLT,21,21,0,0.0
route,MAF->DAL,10,10,0,0.0
route,MAF->DEN,11,11,0,0.0
route,MAF->DFW,26,26,0,0.0
route,MAF->HOU,4,4,0,0.0
route,MAF->IAH,18,18,0,0.0
route,MAF->LAS,4,4,0,0.0
route,MAF->PHX,2,2,0,0.0
route,MBS->DTW,14,14,0,0.0
route,MBS->MSP,1,1,0,0.0
route,MBS->ORD,7,7,0,0.0
route,MCI->ABQ,2,2,0,0.0
route,MCI->ATL,40,40,0,0.0
route,MCI->AUS,4,4,0,0.0
route,MCI->BNA,6,6,0,0.0
route,MCI->BOS,7,7,0,0.0
route,MCI->BWI,7,7,0,0.0
route,MCI->CLT,17,17,0,0.0
route,MCI->CVG,5,5,0,0.0
route,MCI->DAL,13,13,0,0.0
route,MCI->DCA,19,19,0,0.0
route,MCI->DEN,31,31,0,0.0
route,MCI->DFW,27,27,0,0.0
route,MCI->DTW,12,12,0,0.0
route,MCI->EWR,8,8,0,0.0
route,MCI->FLL,6,6,0,0.0
route,MCI->HOU,11,11,0,0.0
route,MCI->IAD,3,3,0,0.0
route,MCI->IAH,13,13,0,0.0
route,MCI->IND,4,4,0,0.0
route,MCI->LAS,19,19,0,0.0
route,MCI->LAX,20,20,0,0.0
route,MCI->LGA,15,15,0,0.0
route,MCI->MCO,13,13,0,0.0
route,MCI->MDW,23,23,0,0.0
route,MCI->MIA,7,7,0,0.0
route,MCI->MKE,5,5,0,0.0
route,MCI->MSP,19,19,0,0.0
route,MCI->MSY,4,4,0,0.0
route,MCI->OAK,1,1,0,0.0
route,MCI->ORD,37,37,0,0.0
route,MCI->PDX,2,2,0,0.0
route,MCI->PGD,2,2,0,0.0
route,MCI->PHL,11,11,0,0.0
route,MCI->PHX,15,15,0,0.0
route,MCI->RDU,4,4,0,0.0
route,MCI->RSW,1,1,0,0.0
route,MCI->SAN,11,11,0,0.0
route,MCI->SAT,2,2,0,0.0
route,MCI->SEA,13,13,0,0.0
route,MCI->SFB,1,1,0,0.0
route,MCI->SFO,7,7,0,0.0
route,MCI->SLC,7,7,0,0.0
route,MCI->STL,8,8,0,0.0
route,MCI->TPA,5,5,0,0.0
route,MCO->ACY,4,4,0,0.0
route,MCO->ALB,7,7,0,0.0
route,MCO->ATL,97,97,0,0.0
route,MCO->AUS,12,12,0,0.0
route,MCO->AVL,1,1,0,0.0
route,MCO->BDL,21,21,0,0.0
route,MCO->BHM,11,11,0,0.0
route,MCO->BMI,2,2,0,0.0
route,MCO->BNA,18,18,0,0.0
route,MCO->BOS,34,34,0,0.0
route,MCO->BQN,4,4,0,0.0
route,MCO->BTV,1,1,0,0.0
route,MCO->BUF,17,17,0,0.0
route,MCO->BWI,30,30,0,0.0
route,MCO->CAK,7,7,0,0.0
route,MCO->CLE,15,15,0,0.0
route,MCO->CLT,41,41,0,0.0
route,MCO->CMH,21,21,0,0.0
route,MCO->COS,1,1,0,0.0
route,MCO->CVG,10,10,0,0.0
route,MCO->DAL,14,14,0,0.0
route,MCO->DCA,33,33,0,0.0
route,MCO->DEN,30,30,0,0.0
route,MCO->DFW,23,23,0,0.0
route,MCO->DSM,1,1,0,0.0
route,MCO->DTW,41,41,0,0.0
route,MCO->EWR,69,69,0,0.0
route,MCO->FLL,13,13,0,0.0
route,MCO->GRR,2,2,0,0.0
route,MCO->GSO,1,1,0,0.0
route,MCO->HOU,14,14,0,0.0
route,MCO->HPN,7,7,0,0.0
route,MCO->IAD,11,11,0,0.0
route,MCO->IAH,22,22,0,0.0
route,MCO->IND,13,13,0,0.0
route,MCO->ISP,12,12,0,0.0
route,MCO->JAN,1,1,0,0.0
route,MCO->JFK,43,43,0,0.0
route,MCO->LAS,6,6,0,0.0
route,MCO->LAX,12,12,0,0.0
route,MCO->LBE,2,2,0,0.0
route,MCO->LGA,27,27,0,0.0
route,MCO->MCI,17,17,0,0.0
route,MCO->MDT,1,1,0,0.0
route,MCO->MDW,24,24,0,0.0
route,MCO->MEM,6,6,0,0.0
route,MCO->MHT,8,8,0,0.0
route,MCO->MIA,20,20,0,0.0
route,MCO->MKE,8,8,0,0.0
route,MCO->MSN,3,3,0,0.0
route,MCO->MSP,14,14,0,0.0
route,MCO->MSY,13,13,0,0.0
route,MCO->MYR,1,1,0,0.0
route,MCO->OAK,4,4,0,0.0
route,MCO->OKC,3,3,0,0.0
route,MCO->OMA,1,1,0,0.0
route,MCO->ONT,5,5,0,0.0
route,MCO->ORD,37,37,0,0.0
route,MCO->ORF,6,6,0,0.0
route,MCO->ORH,2,2,0,0.0
route,MCO->PHL,45,45,0,0.0
route,MCO->PHX,15,15,0,0.0
route,MCO->PIT,17,17,0,0.0
route,MCO->PSE,3,3,0,0.0
route,MCO->PVD,18,18,0,0.0
route,MCO->PWM,2,2,0,0.0
route,MCO->RDU,22,22,0,0.0
route,MCO->RIC,10,10,0,0.0
route,MCO->SAN,3,3,0,0.0
route,MCO->SAT,8,8,0,0.0
route,MCO->SDF,6,6,0,0.0
route,MCO->SEA,12,12,0,0.0
route,MCO->SFO,8,8,0,0.0
route,MCO->SJC,6,6,0,0.0
route,MCO->SJU,45,45,0,0.0
route,MCO->SLC,17,17,0,0.0
route,MCO->SMF,5,5,0,0.0
route,MCO->STL,16,16,0,0.0
route,MCO->STT,1,1,0,0.0
route,MCO->SWF,1,1,0,0.0
route,MCO->SYR,6,6,0,0.0
route,MCO->TTN,7,7,0,0.0
route,MCO->TUL,1,1,0,0.0
route,MDT->ATL,7,7,0,0.0
route,MDT->BNA,1,1,0,0.0
route,MDT->BOS,2,2,0,0.0
route,MDT->CLT,17,17,0,0.0
route,MDT->DFW,1,1,0,0.0
route,MDT->DTW,3,3,0,0.0
route,MDT->IAD,10,10,0,0.0
route,MDT->MCO,3,3,0,0.0
route,MDT->ORD,21,21,0,0.0
route,MDT->PHL,10,10,0,0.0
route,MDT->SFB,1,1,0,0.0
route,MDW->ABQ,4,4,0,0.0
route,MDW->ALB,5,5,0,0.0
route,MDW->ATL,34,34,0,0.0
route,MDW->AUS,8,8,0,0.0
route,MDW->BDL,11,11,0,0.0
route,MDW->BHM,5,5,0,0.0
route,MDW->BNA,27,27,0,0.0
route,MDW->BOS,11,11,0,0.0
route,MDW->BUF,5,5,0,0.0
route,MDW->BUR,3,3,0,0.0
route,MDW->BWI,22,22,0,0.0
route,MDW->CHS,6,6,0,0.0
route,MDW->CLE,18,18,0,0.0
route,MDW->CLT,8,8,0,0.0
route,MDW->CMH,17,17,0,0.0
route,MDW->CVG,13,13,0,0.0
route,MDW->DAL,22,22,0,0.0
route,MDW->DCA,22,22,0,0.0
route,MDW->DEN,29,29,0,0.0
route,MDW->DTW,21,21,0,0.0
route,MDW->EWR,12,12,0,0.0
route,MDW->FLL,11,11,0,0.0
route,MDW->GRR,10,10,0,0.0
route,MDW->HOU,27,27,0,0.0
route,MDW->IND,6,6,0,0.0
route,MDW->JAX,5,5,0,0.0
route,MDW->LAS,16,16,0,0.0
route,MDW->LAX,18,18,0,0.0
route,MDW->LGA,16,16,0,0.0
route,MDW->MCI,27,27,0,0.0
route,MDW->MCO,13,13,0,0.0
route,MDW->MEM,3,3,0,0.0
route,MDW->MHT,5,5,0,0.0
route,MDW->MSP,39,39,0,0.0
route,MDW->MSY,11,11,0,0.0
route,MDW->OAK,16,16,0,0.0
route,MDW->OKC,2,2,0,0.0
route,MDW->OMA,11,11,0,0.0
route,MDW->ONT,1,1,0,0.0
route,MDW->ORF,6,6,0,0.0
route,MDW->PDX,8,8,0,0.0
route,MDW->PHL,13,13,0,0.0
route,MDW->PHX,24,24,0,0.0
route,MDW->PIT,11,11,0,0.0
route,MDW->PNS,1,1,0,0.0
route,MDW->PVD,3,3,0,0.0
route,MDW->RDU,8,8,0,0.0
route,MDW->RSW,23,23,0,0.0
route,MDW->SAN,17,17,0,0.0
route,MDW->SAT,6,6,0,0.0
route,MDW->SDF,16,16,0,0.0
route,MDW->SEA,8,8,0,0.0
route,MDW->SFO,5,5,0,0.0
route,MDW->SJC,7,7,0,0.0
route,MDW->SJU,4,4,0,0.0
route,MDW->SLC,7,7,0,0.0
route,MDW->SMF,8,8,0,0.0
route,MDW->STL,12,12,0,0.0
route,MDW->TPA,15,15,0,0.0
route,MEI->DFW,8,8,0,0.0
route,MEI->ORD,3,3,0,0.0
route,MEI->PIB,2,2,0,0.0
route,MEM->ATL,34,34,0,0.0
route,MEM->BWI,5,5,0,0.0
route,MEM->CLT,13,13,0,0.0
route,MEM->DAL,11,11,0,0.0
route,MEM->DCA,6,6,0,0.0
route,MEM->DEN,14,14,0,0.0
route,MEM->DFW,20,20,0,0.0
route,MEM->DTW,5,5,0,0.0
route,MEM->EWR,11,11,0,0.0
route,MEM->FLL,2,2,0,0.0
route,MEM->HOU,8,8,0,0.0
route,MEM->IAH,14,14,0,0.0
route,MEM->LAS,1,1,0,0.0
route,MEM->LAX,3,3,0,0.0
route,MEM->LGA,5,5,0,0.0
route,MEM->MCO,6,6,0,0.0
route,MEM->MDW,8,8,0,0.0
route,MEM->MIA,5,5,0,0.0
route,MEM->MSP,8,8,0,0.0
route,MEM->ORD,25,25,0,0.0
route,MEM->PHL,4,4,0,0.0
route,MEM->PHX,4,4,0,0.0
route,MEM->SFB,3,3,0,0.0
route,MEM->TPA,3,3,0,0.0
route,MFE->DFW,24,24,0,0.0
route,MFE->IAH,15,15,0,0.0
route,MFE->LAS,2,2,0,0.0
route,MFR->DEN,9,9,0,0.0
route,MFR->LAX,17,17,0,0.0
route,MFR->PDX,11,11,0,0.0
route,MFR->PHX,3,3,0,0.0
route,MFR->SEA,16,16,0,0.0
route,MFR->SFO,14,14,0,0.0
route,MFR->SLC,7,7,0,0.0
route,MGM->ATL,26,26,0,0.0
route,MGM->CLT,9,9,0,0.0
route,MGM->DCA,8,8,0,0.0
route,MGM->DFW,6,6,0,0.0
route,MHK->DFW,5,5,0,0.0
route,MHK->ORD,10,10,0,0.0
route,MHT->ATL,4,4,0,0.0
route,MHT->BWI,21,21,0,0.0
route,MHT->CLT,5,5,0,0.0
route,MHT->DCA,8,8,0,0.0
route,MHT->DTW,8,8,0,0.0
route,MHT->EWR,5,5,0,0.0
route,MHT->IAD,2,2,0,0.0
route,MHT->LGA,2,2,0,0.0
route,MHT->MCO,4,4,0,0.0
route,MHT->MDW,8,8,0,0.0
route,MHT->ORD,3,3,0,0.0
route,MHT->PHL,15,15,0,0.0
route,MHT->TPA,2,2,0,0.0
route,MIA->ATL,66,66,0,0.0
route,MIA->AUS,7,7,0,0.0
route,MIA->BDL,5,5,0,0.0
route,MIA->BHM,8,8,0,0.0
route,MIA->BNA,11,11,0,0.0
route,MIA->BOS,19,19,0,0.0
route,MIA->BWI,5,5,0,0.0
route,MIA->CHS,6,6,0,0.0
route,MIA->CLE,9,9,0,0.0
route,MIA->CLT,17,17,0,0.0
route,MIA->CMH,8,8,0,0.0
route,MIA->CVG,9,9,0,0.0
route,MIA->DCA,35,35,0,0.0
route,MIA->DEN,7,7,0,0.0
route,MIA->DFW,39,39,0,0.0
route,MIA->DTW,9,9,0,0.0
route,MIA->EWR,20,20,0,0.0
route,MIA->EYW,18,18,0,0.0
route,MIA->GNV,9,9,0,0.0
route,MIA->GSO,3,3,0,0.0
route,MIA->GSP,2,2,0,0.0
route,MIA->IAD,4,4,0,0.0
route,MIA->IAH,27,27,0,0.0
route,MIA->IND,9,9,0,0.0
route,MIA->JAX,16,16,0,0.0
route,MIA->JFK,28,28,0,0.0
route,MIA->LAS,8,8,0,0.0
route,MIA->LAX,24,24,0,0.0
route,MIA->LGA,37,37,0,0.0
route,MIA->MCI,3,3,0,0.0
route,MIA->MCO,17,17,0,0.0
route,MIA->MEM,8,8,0,0.0
route,MIA->MSP,9,9,0,0.0
route,MIA->MSY,11,11,0,0.0
route,MIA->ORD,55,55,0,0.0
route,MIA->ORF,13,13,0,0.0
route,MIA->PHL,13,13,0,0.0
route,MIA->PHX,5,5,0,0.0
route,MIA->PIT,9,9,0,0.0
route,MIA->PNS,8,8,0,0.0
route,MIA->RDU,11,11,0,0.0
route,MIA->RIC,4,4,0,0.0
route,MIA->SAN,3,3,0,0.0
route,MIA->SAT,1,1,0,0.0
route,MIA->SAV,4,4,0,0.0
route,MIA->SDF,6,6,0,0.0
route,MIA->SEA,2,2,0,0.0
route,MIA->SFO,21,21,0,0.0
route,MIA->SJU,21,21,0,0.0
route,MIA->STL,6,6,0,0.0
route,MIA->STT,7,7,0,0.0
route,MIA->STX,3,3,0,0.0
route,MIA->TLH,3,3,0,0.0
route,MIA->TPA,18,18,0,0.0
route,MIA->TYS,1,1,0,0.0
route,MKE->ATL,21,21,0,0.0
route,MKE->AUS,2,2,0,0.0
route,MKE->BNA,4,4,0,0.0
route,MKE->BOS,10,10,0,0.0
route,MKE->BWI,12,12,0,0.0
route,MKE->CLE,3,3,0,0.0
route,MKE->CLT,20,20,0,0.0
route,MKE->CVG,2,2,0,0.0
route,MKE->DCA,8,8,0,0.0
route,MKE->DEN,14,14,0,0.0
route,MKE->DFW,7,7,0,0.0
route,MKE->DTW,16,16,0,0.0
route,MKE->EWR,10,10,0,0.0
route,MKE->HOU,2,2,0,0.0
route,MKE->IAH,13,13,0,0.0
route,MKE->LAS,13,13,0,0.0
route,MKE->LAX,2,2,0,0.0
route,MKE->LGA,27,27,0,0.0
route,MKE->MCI,4,4,0,0.0
route,MKE->MCO,11,11,0,0.0
route,MKE->MSP,15,15,0,0.0
route,MKE->ORD,48,48,0,0.0
route,MKE->PHL,13,13,0,0.0
route,MKE->PHX,17,17,0,0.0
route,MKE->RDU,1,1,0,0.0
route,MKE->RSW,6,6,0,0.0
route,MKE->SEA,10,10,0,0.0
route,MKE->SLC,3,3,0,0.0
route,MKE->STL,9,9,0,0.0
route,MKE->TPA,11,11,0,0.0
route,MKG->ORD,6,6,0,0.0
route,MKK->HNL,14,14,0,0.0
route,MLB->ATL,8,8,0,0.0
route,MLB->CLT,11,11,0,0.0
route,MLI->ATL,7,7,0,0.0
route,MLI->AZA,2,2,0,0.0
route,MLI->DEN,8,8,0,0.0
route,MLI->DFW,8,8,0,0.0
route,MLI->DTW,8,8,0,0.0
route,MLI->LAS,2,2,0,0.0
route,MLI->MSP,4,4,0,0.0
route,MLI->ORD,19,19,0,0.0
route,MLI->PGD,3,3,0,0.0
route,MLI->PIE,1,1,0,0.0
route,MLI->SFB,2,2,0,0.0
route,MLU->ATL,10,10,0,0.0
route,MLU->DFW,8,8,0,0.0
route,MLU->IAH,10,10,0,0.0
route,MMH->LAX,2,2,0,0.0
route,MOB->ATL,25,25,0,0.0
route,MOB->CLT,18,18,0,0.0
route,MOB->DFW,10,10,0,0.0
route,MOB->IAH,13,13,0,0.0
route,MOT->AZA,1,1,0,0.0
route,MOT->DEN,5,5,0,0.0
route,MOT->LAS,2,2,0,0.0
route,MOT->MSP,13,13,0,0.0
route,MQT->DTW,1,1,0,0.0
route,MQT->MSP,3,3,0,0.0
route,MQT->ORD,2,2,0,0.0
route,MRY->DEN,5,5,0,0.0
route,MRY->DFW,1,1,0,0.0
route,MRY->LAS,1,1,0,0.0
route,MRY->LAX,12,12,0,0.0
route,MRY->PHX,7,7,0,0.0
route,MRY->SFO,3,3,0,0.0
route,MSN->ATL,6,6,0,0.0
route,MSN->CLT,6,6,0,0.0
route,MSN->DCA,3,3,0,0.0
route,MSN->DEN,12,12,0,0.0
route,MSN->DFW,9,9,0,0.0
route,MSN->DTW,12,12,0,0.0
route,MSN->EWR,8,8,0,0.0
route,MSN->LAS,1,1,0,0.0
route,MSN->LAX,4,4,0,0.0
route,MSN->LGA,4,4,0,0.0
route,MSN->MCO,1,1,0,0.0
route,MSN->MSP,13,13,0,0.0
route,MSN->ORD,31,31,0,0.0
route,MSN->PHL,5,5,0,0.0
route,MSN->PHX,2,2,0,0.0
route,MSN->SFO,2,2,0,0.0
route,MSN->SLC,2,2,0,0.0
route,MSO->DEN,12,12,0,0.0
route,MSO->DFW,2,2,0,0.0
route,MSO->MSP,6,6,0,0.0
route,MSO->PDX,1,1,0,0.0
route,MSO->SEA,7,7,0,0.0
route,MSO->SLC,8,8,0,0.0
route,MSP->ABQ,2,2,0,0.0
route,MSP->ABR,5,5,0,0.0
route,MSP->ALB,1,1,0,0.0
route,MSP->ANC,2,2,0,0.0
route,MSP->ATL,56,56,0,0.0
route,MSP->ATW,12,12,0,0.0
route,MSP->AUS,5,5,0,0.0
route,MSP->AZO,5,5,0,0.0
route,MSP->BDL,20,20,0,0.0
route,MSP->BIL,5,5,0,0.0
route,MSP->BIS,22,22,0,0.0
route,MSP->BJI,8,8,0,0.0
route,MSP->BMI,1,1,0,0.0
route,MSP->BNA,12,12,0,0.0
route,MSP->BOI,12,12,0,0.0
route,MSP->BOS,30,30,0,0.0
route,MSP->BRD,2,2,0,0.0
route,MSP->BUF,3,3,0,0.0
route,MSP->BWI,14,14,0,0.0
route,MSP->BZN,9,9,0,0.0
route,MSP->CID,10,10,0,0.0
route,MSP->CIU,3,3,0,0.0
route,MSP->CLE,15,15,0,0.0
route,MSP->CLT,20,20,0,0.0
route,MSP->CMH,15,15,0,0.0
route,MSP->CVG,18,18,0,0.0
route,MSP->CWA,6,6,0,0.0
route,MSP->DAL,1,1,0,0.0
route,MSP->DAY,8,8,0,0.0
route,MSP->DCA,29,29,0,0.0
route,MSP->DEN,58,58,0,0.0
route,MSP->DFW,36,36,0,0.0
route,MSP->DLH,17,17,0,0.0
route,MSP->DSM,17,17,0,0.0
route,MSP->DTW,32,32,0,0.0
route,MSP->EWR,26,26,0,0.0
route,MSP->FAR,26,26,0,0.0
route,MSP->FCA,3,3,0,0.0
route,MSP->FLL,8,8,0,0.0
route,MSP->FNT,4,4,0,0.0
route,MSP->FSD,15,15,0,0.0
route,MSP->FWA,2,2,0,0.0
route,MSP->GEG,10,10,0,0.0
route,MSP->GFK,20,20,0,0.0
route,MSP->GRB,9,9,0,0.0
route,MSP->GRR,8,8,0,0.0
route,MSP->GTF,1,1,0,0.0
route,MSP->HIB,6,6,0,0.0
route,MSP->HLN,5,5,0,0.0
route,MSP->IAD,18,18,0,0.0
route,MSP->IAH,21,21,0,0.0
route,MSP->ICT,9,9,0,0.0
route,MSP->IMT,2,2,0,0.0
route,MSP->IND,18,18,0,0.0
route,MSP->INL,8,8,0,0.0
route,MSP->ISN,2,2,0,0.0
route,MSP->JAX,3,3,0,0.0
route,MSP->JFK,14,14,0,0.0
route,MSP->LAN,3,3,0,0.0
route,MSP->LAS,13,13,0,0.0
route,MSP->LAX,24,24,0,0.0
route,MSP->LEX,1,1,0,0.0
route,MSP->LGA,20,20,0,0.0
route,MSP->LNK,9,9,0,0.0
route,MSP->LSE,6,6,0,0.0
route,MSP->MBS,4,4,0,0.0
route,MSP->MCI,20,20,0,0.0
route,MSP->MCO,22,22,0,0.0
route,MSP->MDW,43,43,0,0.0
route,MSP->MEM,7,7,0,0.0
route,MSP->MIA,12,12,0,0.0
route,MSP->MKE,15,15,0,0.0
route,MSP->MLI,2,2,0,0.0
route,MSP->MOT,12,12,0,0.0
route,MSP->MQT,4,4,0,0.0
route,MSP->MSN,20,20,0,0.0
route,MSP->MSO,5,5,0,0.0
route,MSP->MSY,6,6,0,0.0
route,MSP->OAK,2,2,0,0.0
route,MSP->OKC,7,7,0,0.0
route,MSP->OMA,18,18,0,0.0
route,MSP->ORD,52,52,0,0.0
route,MSP->ORF,3,3,0,0.0
route,MSP->PDX,8,8,0,0.0
route,MSP->PHL,13,13,0,0.0
route,MSP->PHX,29,29,0,0.0
route,MSP->PIA,6,6,0,0.0
route,MSP->PIT,17,17,0,0.0
route,MSP->PSC,5,5,0,0.0
route,MSP->RAP,14,14,0,0.0
route,MSP->RDU,9,9,0,0.0
route,MSP->RHI,6,6,0,0.0
route,MSP->RIC,4,4,0,0.0
route,MSP->ROC,3,3,0,0.0
route,MSP->RST,6,6,0,0.0
route,MSP->RSW,7,7,0,0.0
route,MSP->SAN,12,12,0,0.0
route,MSP->SAT,15,15,0,0.0
route,MSP->SBN,3,3,0,0.0
route,MSP->SDF,3,3,0,0.0
route,MSP->SEA,21,21,0,0.0
route,MSP->SFO,22,22,0,0.0
route,MSP->SJC,6,6,0,0.0
route,MSP->SLC,20,20,0,0.0
route,MSP->SMF,3,3,0,0.0
route,MSP->SNA,6,6,0,0.0
route,MSP->STL,26,26,0,0.0
route,MSP->SYR,1,1,0,0.0
route,MSP->TPA,9,9,0,0.0
route,MSP->TUL,3,3,0,0.0
route,MSP->TUS,4,4,0,0.0
route,MSP->TYS,2,2,0,0.0
route,MSP->XNA,2,2,0,0.0
route,MSP->XWA,3,3,0,0.0
route,MSY->ATL,51,51,0,0.0
route,MSY->AUS,11,11,0,0.0
route,MSY->BNA,8,8,0,0.0
route,MSY->BOS,8,8,0,0.0
route,MSY->BWI,9,9,0,0.0
route,MSY->CLT,24,24,0,0.0
route,MSY->CVG,1,1,0,0.0
route,MSY->DAL,27,27,0,0.0
route,MSY->DCA,23,23,0,0.0
route,MSY->DEN,17,17,0,0.0
route,MSY->DFW,33,33,0,0.0
route,MSY->DTW,12,12,0,0.0
route,MSY->EWR,24,24,0,0.0
route,MSY->FLL,12,12,0,0.0
route,MSY->HOU,22,22,0,0.0
route,MSY->IAD,7,7,0,0.0
route,MSY->IAH,21,21,0,0.0
route,MSY->IND,1,1,0,0.0
route,MSY->JFK,14,14,0,0.0
route,MSY->LAS,13,13,0,0.0
route,MSY->LAX,14,14,0,0.0
route,MSY->LGA,14,14,0,0.0
route,MSY->MCI,3,3,0,0.0
route,MSY->MCO,16,16,0,0.0
route,MSY->MDW,3,3,0,0.0
route,MSY->MIA,12,12,0,0.0
route,MSY->MSP,6,6,0,0.0
route,MSY->OAK,5,5,0,0.0
route,MSY->ORD,18,18,0,0.0
route,MSY->PHL,7,7,0,0.0
route,MSY->PHX,6,6,0,0.0
route,MSY->RDU,4,4,0,0.0
route,MSY->SAN,3,3,0,0.0
route,MSY->SAT,4,4,0,0.0
route,MSY->SDF,2,2,0,0.0
route,MSY->SEA,5,5,0,0.0
route,MSY->SFO,6,6,0,0.0
route,MSY->SMF,2,2,0,0.0
route,MSY->STL,2,2,0,0.0
route,MSY->TPA,8,8,0,0.0
route,MSY->USA,2,2,0,0.0
route,MTJ->DEN,5,5,0,0.0
route,MTJ->DFW,4,4,0,0.0
route,MYR->ACY,3,3,0,0.0
route,MYR->ATL,17,17,0,0.0
route,MYR->BDL,1,1,0,0.0
route,MYR->BOS,3,3,0,0.0
route,MYR->BWI,3,3,0,0.0
route,MYR->CLE,1,1,0,0.0
route,MYR->CLT,21,21,0,0.0
route,MYR->DCA,2,2,0,0.0
route,MYR->DEN,3,3,0,0.0
route,MYR->DFW,2,2,0,0.0
route,MYR->DTW,1,1,0,0.0
route,MYR->EWR,2,2,0,0.0
route,MYR->FLL,4,4,0,0.0
route,MYR->LGA,6,6,0,0.0
route,MYR->PHL,5,5,0,0.0
route,MYR->TTN,1,1,0,0.0
route,OAJ->ATL,13,13,0,0.0
route,OAJ->CLT,16,16,0,0.0
route,OAK->ABQ,10,10,0,0.0
route,OAK->ATL,1,1,0,0.0
route,OAK->AUS,4,4,0,0.0
route,OAK->AZA,4,4,0,0.0
route,OAK->BLI,5,5,0,0.0
route,OAK->BNA,1,1,0,0.0
route,OAK->BOI,9,9,0,0.0
route,OAK->BUR,40,40,0,0.0
route,OAK->BWI,5,5,0,0.0
route,OAK->DAL,4,4,0,0.0
route,OAK->DEN,12,12,0,0.0
route,OAK->DTW,1,1,0,0.0
route,OAK->EUG,1,1,0,0.0
route,OAK->EWR,3,3,0,0.0
route,OAK->GEG,10,10,0,0.0
route,OAK->HNL,12,12,0,0.0
route,OAK->HOU,9,9,0,0.0
route,OAK->IND,1,1,0,0.0
route,OAK->JFK,3,3,0,0.0
route,OAK->KOA,5,5,0,0.0
route,OAK->LAS,39,39,0,0.0
route,OAK->LAX,42,42,0,0.0
route,OAK->LGB,14,14,0,0.0
route,OAK->LIH,4,4,0,0.0
route,OAK->MCI,2,2,0,0.0
route,OAK->MCO,2,2,0,0.0
route,OAK->MDW,13,13,0,0.0
route,OAK->MSP,1,1,0,0.0
route,OAK->MSY,3,3,0,0.0
route,OAK->OGG,6,6,0,0.0
route,OAK->ONT,15,15,0,0.0
route,OAK->ORD,1,1,0,0.0
route,OAK->PDX,27,27,0,0.0
route,OAK->PHX,30,30,0,0.0
route,OAK->RNO,9,9,0,0.0
route,OAK->SAN,38,38,0,0.0
route,OAK->SAT,3,3,0,0.0
route,OAK->SEA,24,24,0,0.0
route,OAK->SLC,23,23,0,0.0
route,OAK->SNA,20,20,0,0.0
route,OAK->STL,2,2,0,0.0
route,OGG->ANC,1,1,0,0.0
route,OGG->BLI,1,1,0,0.0
route,OGG->DEN,2,2,0,0.0
route,OGG->DFW,2,2,0,0.0
route,OGG->HNL,97,97,0,0.0
route,OGG->ITO,4,4,0,0.0
route,OGG->KOA,3,3,0,0.0
route,OGG->LAX,22,22,0,0.0
route,OGG->LIH,10,10,0,0.0
route,OGG->OAK,10,10,0,0.0
route,OGG->PDX,6,6,0,0.0
route,OGG->PHX,4,4,0,0.0
route,OGG->SAN,11,11,0,0.0
route,OGG->SEA,11,11,0,0.0
route,OGG->SFO,16,16,0,0.0
route,OGG->SJC,7,7,0,0.0
route,OGG->SMF,2,2,0,0.0
route,OGS->IAD,2,2,0,0.0
route,OGS->ORD,2,2,0,0.0
route,OGS->SFB,1,1,0,0.0
route,OKC->ATL,14,14,0,0.0
route,OKC->BWI,7,7,0,0.0
route,OKC->CLT,8,8,0,0.0
route,OKC->DAL,12,12,0,0.0
route,OKC->DCA,3,3,0,0.0
route,OKC->DEN,34,34,0,0.0
route,OKC->DFW,39,39,0,0.0
route,OKC->DTW,5,5,0,0.0
route,OKC->EWR,1,1,0,0.0
route,OKC->HOU,10,10,0,0.0
route,OKC->IAD,1,1,0,0.0
route,OKC->IAH,28,28,0,0.0
route,OKC->LAS,4,4,0,0.0
route,OKC->LAX,8,8,0,0.0
route,OKC->MDW,4,4,0,0.0
route,OKC->MSP,9,9,0,0.0
route,OKC->ORD,28,28,0,0.0
route,OKC->PHL,3,3,0,0.0
route,OKC->PHX,11,11,0,0.0
route,OKC->SAT,1,1,0,0.0
route,OKC->SEA,4,4,0,0.0
route,OKC->SFB,1,1,0,0.0
route,OKC->SFO,3,3,0,0.0
route,OKC->SLC,6,6,0,0.0
route,OKC->STL,7,7,0,0.0
route,OKC->VPS,1,1,0,0.0
route,OMA->ATL,10,10,0,0.0
route,OMA->CLT,5,5,0,0.0
route,OMA->DAL,11,11,0,0.0
route,OMA->DCA,9,9,0,0.0
route,OMA->DEN,26,26,0,0.0
route,OMA->DFW,14,14,0,0.0
route,OMA->DTW,11,11,0,0.0
route,OMA->EWR,9,9,0,0.0
route,OMA->HOU,1,1,0,0.0
route,OMA->IAH,11,11,0,0.0
route,OMA->LAS,10,10,0,0.0
route,OMA->LAX,9,9,0,0.0
route,OMA->LGA,6,6,0,0.0
route,OMA->MDW,7,7,0,0.0
route,OMA->MSP,20,20,0,0.0
route,OMA->ORD,37,37,0,0.0
route,OMA->PGD,1,1,0,0.0
route,OMA->PHL,5,5,0,0.0
route,OMA->PHX,9,9,0,0.0
route,OMA->PIE,1,1,0,0.0
route,OMA->SAN,3,3,0,0.0
route,OMA->SAT,1,1,0,0.0
route,OMA->SFB,1,1,0,0.0
route,OMA->SFO,3,3,0,0.0
route,OMA->SLC,4,4,0,0.0
route,OMA->STL,5,5,0,0.0
route,OME->ANC,4,4,0,0.0
route,ONT->ATL,2,2,0,0.0
route,ONT->AUS,2,2,0,0.0
route,ONT->DAL,5,5,0,0.0
route,ONT->DEN,10,10,0,0.0
route,ONT->DFW,16,16,0,0.0
route,ONT->IAH,1,1,0,0.0
route,ONT->JFK,5,5,0,0.0
route,ONT->LAS,9,9,0,0.0
route,ONT->MCO,1,1,0,0.0
route,ONT->MDW,6,6,0,0.0
route,ONT->OAK,15,15,0,0.0
route,ONT->PDX,8,8,0,0.0
route,ONT->PHX,33,33,0,0.0
route,ONT->SEA,6,6,0,0.0
route,ONT->SFO,27,27,0,0.0
route,ONT->SJC,17,17,0,0.0
route,ONT->SLC,10,10,0,0.0
route,ONT->SMF,29,29,0,0.0
route,ORD->ABE,12,12,0,0.0
route,ORD->ABQ,16,16,0,0.0
route,ORD->ALB,19,19,0,0.0
route,ORD->ALO,7,7,0,0.0
route,ORD->ANC,1,1,0,0.0
route,ORD->ATL,60,60,0,0.0
route,ORD->ATW,19,19,0,0.0
route,ORD->AUS,18,18,0,0.0
route,ORD->AVL,7,7,0,0.0
route,ORD->AVP,12,12,0,0.0
route,ORD->AZO,18,18,0,0.0
route,ORD->BDL,23,23,0,0.0
route,ORD->BHM,20,20,0,0.0
route,ORD->BIS,11,11,0,0.0
route,ORD->BMI,10,10,0,0.0
route,ORD->BNA,46,46,0,0.0
route,ORD->BOI,9,9,0,0.0
route,ORD->BOS,67,67,0,0.0
route,ORD->BTV,13,13,0,0.0
route,ORD->BUF,17,17,0,0.0
route,ORD->BWI,29,29,0,0.0
route,ORD->BZN,1,1,0,0.0
route,ORD->CAE,11,11,0,0.0
route,ORD->CAK,17,17,0,0.0
route,ORD->CGI,2,2,0,0.0
route,ORD->CHA,11,11,0,0.0
route,ORD->CHO,12,12,0,0.0
route,ORD->CHS,11,11,0,0.0
route,ORD->CID,31,31,0,0.0
route,ORD->CKB,2,2,0,0.0
route,ORD->CLE,49,49,0,0.0
route,ORD->CLT,47,47,0,0.0
route,ORD->CMH,68,68,0,0.0
route,ORD->CMI,11,11,0,0.0
route,ORD->CMX,7,7,0,0.0
route,ORD->COS,13,13,0,0.0
route,ORD->COU,13,13,0,0.0
route,ORD->CRW,13,13,0,0.0
route,ORD->CVG,36,36,0,0.0
route,ORD->CWA,17,17,0,0.0
route,ORD->DAY,44,44,0,0.0
route,ORD->DBQ,5,5,0,0.0
route,ORD->DCA,75,75,0,0.0
route,ORD->DEN,52,52,0,0.0
route,ORD->DFW,64,64,0,0.0
route,ORD->DLH,13,13,0,0.0
route,ORD->DSM,34,34,0,0.0
route,ORD->DTW,62,62,0,0.0
route,ORD->EAU,7,7,0,0.0
route,ORD->ELP,10,10,0,0.0
route,ORD->ERI,10,10,0,0.0
route,ORD->EUG,1,1,0,0.0
route,ORD->EVV,17,17,0,0.0
route,ORD->EWR,41,41,0,0.0
route,ORD->EYW,3,3,0,0.0
route,ORD->FAR,14,14,0,0.0
route,ORD->FAT,2,2,0,0.0
route,ORD->FLL,20,20,0,0.0
route,ORD->FNT,23,23,0,0.0
route,ORD->FSD,25,25,0,0.0
route,ORD->FWA,15,15,0,0.0
route,ORD->GEG,2,2,0,0.0
route,ORD->GRB,23,23,0,0.0
route,ORD->GRR,35,35,0,0.0
route,ORD->GSO,24,24,0,0.0
route,ORD->GSP,18,18,0,0.0
route,ORD->HNL,8,8,0,0.0
route,ORD->HPN,14,14,0,0.0
route,ORD->HSV,14,14,0,0.0
route,ORD->IAD,14,14,0,0.0
route,ORD->IAH,58,58,0,0.0
route,ORD->ICT,22,22,0,0.0
route,ORD->ILM,4,4,0,0.0
route,ORD->IND,44,44,0,0.0
route,ORD->JAN,3,3,0,0.0
route,ORD->JAX,15,15,0,0.0
route,ORD->JFK,33,33,0,0.0
route,ORD->JLN,3,3,0,0.0
route,ORD->LAN,20,20,0,0.0
route,ORD->LAS,47,47,0,0.0
route,ORD->LAX,89,89,0,0.0
route,ORD->LEX,26,26,0,0.0
route,ORD->LGA,128,128,0,0.0
route,ORD->LIT,25,25,0,0.0
route,ORD->LNK,12,12,0,0.0
route,ORD->LSE,9,9,0,0.0
route,ORD->LWB,2,2,0,0.0
route,ORD->MBS,10,10,0,0.0
route,ORD->MCI,35,35,0,0.0
route,ORD->MCO,49,49,0,0.0
route,ORD->MDT,21,21,0,0.0
route,ORD->MEI,4,4,0,0.0
route,ORD->MEM,34,34,0,0.0
route,ORD->MHK,7,7,0,0.0
route,ORD->MHT,5,5,0,0.0
route,ORD->MIA,34,34,0,0.0
route,ORD->MKE,39,39,0,0.0
route,ORD->MKG,4,4,0,0.0
route,ORD->MLI,27,27,0,0.0
route,ORD->MQT,6,6,0,0.0
route,ORD->MSN,36,36,0,0.0
route,ORD->MSP,62,62,0,0.0
route,ORD->MSY,18,18,0,0.0
route,ORD->MTJ,2,2,0,0.0
route,ORD->MYR,2,2,0,0.0
route,ORD->OGS,1,1,0,0.0
route,ORD->OKC,18,18,0,0.0
route,ORD->OMA,37,37,0,0.0
route,ORD->ORF,15,15,0,0.0
route,ORD->PAH,7,7,0,0.0
route,ORD->PBI,9,9,0,0.0
route,ORD->PDX,20,20,0,0.0
route,ORD->PHL,49,49,0,0.0
route,ORD->PHX,50,50,0,0.0
route,ORD->PIA,17,17,0,0.0
route,ORD->PIT,37,37,0,0.0
route,ORD->PNS,4,4,0,0.0
route,ORD->PSP,12,12,0,0.0
route,ORD->PVD,15,15,0,0.0
route,ORD->PWM,13,13,0,0.0
route,ORD->RAP,4,4,0,0.0
route,ORD->RDU,32,32,0,0.0
route,ORD->RIC,18,18,0,0.0
route,ORD->ROA,9,9,0,0.0
route,ORD->ROC,29,29,0,0.0
route,ORD->RST,10,10,0,0.0
route,ORD->RSW,24,24,0,0.0
route,ORD->SAN,27,27,0,0.0
route,ORD->SAT,17,17,0,0.0
route,ORD->SAV,12,12,0,0.0
route,ORD->SBN,15,15,0,0.0
route,ORD->SCE,19,19,0,0.0
route,ORD->SDF,31,31,0,0.0
route,ORD->SEA,61,61,0,0.0
route,ORD->SFO,52,52,0,0.0
route,ORD->SGF,23,23,0,0.0
route,ORD->SJC,9,9,0,0.0
route,ORD->SJU,7,7,0,0.0
route,ORD->SLC,25,25,0,0.0
route,ORD->SLN,1,1,0,0.0
route,ORD->SMF,10,10,0,0.0
route,ORD->SNA,19,19,0,0.0
route,ORD->SPI,16,16,0,0.0
route,ORD->SRQ,3,3,0,0.0
route,ORD->STL,35,35,0,0.0
route,ORD->SUX,9,9,0,0.0
route,ORD->SYR,24,24,0,0.0
route,ORD->TOL,9,9,0,0.0
route,ORD->TPA,30,30,0,0.0
route,ORD->TTN,2,2,0,0.0
route,ORD->TUL,19,19,0,0.0
route,ORD->TUS,15,15,0,0.0
route,ORD->TVC,30,30,0,0.0
route,ORD->TYS,17,17,0,0.0
route,ORD->UIN,6,6,0,0.0
route,ORD->XNA,25,25,0,0.0
route,ORF->ATL,25,25,0,0.0
route,ORF->BOS,2,2,0,0.0
route,ORF->BWI,17,17,0,0.0
route,ORF->CLT,24,24,0,0.0
route,ORF->DCA,7,7,0,0.0
route,ORF->DEN,8,8,0,0.0
route,ORF->DFW,7,7,0,0.0
route,ORF->DTW,14,14,0,0.0
route,ORF->EWR,14,14,0,0.0
route,ORF->FLL,1,1,0,0.0
route,ORF->IAD,15,15,0,0.0
route,ORF->IAH,6,6,0,0.0
route,ORF->JFK,14,14,0,0.0
route,ORF->LAS,2,2,0,0.0
route,ORF->LGA,21,21,0,0.0
route,ORF->MCO,5,5,0,0.0
route,ORF->MDW,2,2,0,0.0
route,ORF->MIA,13,13,0,0.0
route,ORF->MSP,2,2,0,0.0
route,ORF->ORD,16,16,0,0.0
route,ORF->PHL,15,15,0,0.0
route,ORF->SFB,1,1,0,0.0
route,ORH->FLL,2,2,0,0.0
route,ORH->JFK,3,3,0,0.0
route,ORH->MCO,3,3,0,0.0
route,ORH->PHL,3,3,0,0.0
route,OTZ->ANC,4,4,0,0.0
route,OTZ->OME,3,3,0,0.0
route,OWB->SFB,1,1,0,0.0
route,PAE->DEN,1,1,0,0.0
route,PAE->GEG,5,5,0,0.0
route,PAE->LAS,3,3,0,0.0
route,PAE->LAX,1,1,0,0.0
route,PAE->PDX,6,6,0,0.0
route,PAE->PHX,5,5,0,0.0
route,PAE->SAN,5,5,0,0.0
route,PAE->SFO,6,6,0,0.0
route,PAE->SJC,4,4,0,0.0
route,PAH->ORD,1,1,0,0.0
route,PBG->FLL,3,3,0,0.0
route,PBG->IAD,1,1,0,0.0
route,PBG->PIE,1,1,0,0.0
route,PBI->ATL,37,37,0,0.0
route,PBI->AVL,1,1,0,0.0
route,PBI->BDL,5,5,0,0.0
route,PBI->BOS,18,18,0,0.0
route,PBI->BWI,8,8,0,0.0
route,PBI->CLT,13,13,0,0.0
route,PBI->DCA,10,10,0,0.0
route,PBI->DFW,11,11,0,0.0
route,PBI->DTW,1,1,0,0.0
route,PBI->EWR,25,25,0,0.0
route,PBI->HPN,15,15,0,0.0
route,PBI->IAH,2,2,0,0.0
route,PBI->ISP,14,14,0,0.0
route,PBI->JFK,16,16,0,0.0
route,PBI->LGA,27,27,0,0.0
route,PBI->ORD,8,8,0,0.0
route,PBI->PHL,12,12,0,0.0
route,PBI->PIT,1,1,0,0.0
route,PBI->TTN,5,5,0,0.0
route,PBI->USA,2,2,0,0.0
route,PDX->ABQ,4,4,0,0.0
route,PDX->ANC,8,8,0,0.0
route,PDX->ATL,9,9,0,0.0
route,PDX->AUS,4,4,0,0.0
route,PDX->BIL,3,3,0,0.0
route,PDX->BOI,26,26,0,0.0
route,PDX->BOS,3,3,0,0.0
route,PDX->BUR,9,9,0,0.0
route,PDX->BZN,1,1,0,0.0
route,PDX->CLT,5,5,0,0.0
route,PDX->DAL,8,8,0,0.0
route,PDX->DCA,1,1,0,0.0
route,PDX->DEN,26,26,0,0.0
route,PDX->DFW,13,13,0,0.0
route,PDX->DTW,1,1,0,0.0
route,PDX->EUG,4,4,0,0.0
route,PDX->EWR,5,5,0,0.0
route,PDX->FAT,8,8,0,0.0
route,PDX->GEG,24,24,0,0.0
route,PDX->HNL,8,8,0,0.0
route,PDX->IAD,5,5,0,0.0
route,PDX->IAH,7,7,0,0.0
route,PDX->JFK,7,7,0,0.0
route,PDX->KOA,2,2,0,0.0
route,PDX->LAS,29,29,0,0.0
route,PDX->LAX,46,46,0,0.0
route,PDX->LGB,4,4,0,0.0
route,PDX->LIH,1,1,0,0.0
route,PDX->MCI,5,5,0,0.0
route,PDX->MCO,3,3,0,0.0
route,PDX->MDW,3,3,0,0.0
route,PDX->MFR,9,9,0,0.0
route,PDX->MSO,3,3,0,0.0
route,PDX->MSP,11,11,0,0.0
route,PDX->OAK,24,24,0,0.0
route,PDX->OGG,8,8,0,0.0
route,PDX->ONT,5,5,0,0.0
route,PDX->ORD,18,18,0,0.0
route,PDX->PAE,5,5,0,0.0
route,PDX->PHX,21,21,0,0.0
route,PDX->PSP,9,9,0,0.0
route,PDX->RDM,12,12,0,0.0
route,PDX->RNO,9,9,0,0.0
route,PDX->SAN,10,10,0,0.0
route,PDX->SBA,4,4,0,0.0
route,PDX->SEA,96,96,0,0.0
route,PDX->SFO,47,47,0,0.0
route,PDX->SJC,36,36,0,0.0
route,PDX->SLC,22,22,0,0.0
route,PDX->SMF,26,26,0,0.0
route,PDX->SNA,14,14,0,0.0
route,PDX->STL,2,2,0,0.0
route,PDX->STS,2,2,0,0.0
route,PDX->TUS,6,6,0,0.0
route,PGD->ABE,1,1,0,0.0
route,PGD->ALB,1,1,0,0.0
route,PGD->ATW,1,1,0,0.0
route,PGD->AVL,3,3,0,0.0
route,PGD->BLV,1,1,0,0.0
route,PGD->BNA,1,1,0,0.0
route,PGD->CLE,2,2,0,0.0
route,PGD->CVG,6,6,0,0.0
route,PGD->DSM,3,3,0,0.0
route,PGD->FNT,4,4,0,0.0
route,PGD->FSD,1,1,0,0.0
route,PGD->FWA,1,1,0,0.0
route,PGD->GRR,2,2,0,0.0
route,PGD->IND,2,2,0,0.0
route,PGD->LCK,3,3,0,0.0
route,PGD->LEX,2,2,0,0.0
route,PGD->OMA,1,1,0,0.0
route,PGD->PIT,3,3,0,0.0
route,PGD->PVD,1,1,0,0.0
route,PGD->ROC,1,1,0,0.0
route,PGD->SBN,1,1,0,0.0
route,PGD->SPI,4,4,0,0.0
route,PGD->STC,2,2,0,0.0
route,PGD->SWF,2,2,0,0.0
route,PGD->TYS,1,1,0,0.0
route,PGD->USA,2,2,0,0.0
route,PGV->CLT,8,8,0,0.0
route,PHF->ATL,7,7,0,0.0
route,PHF->CLT,23,23,0,0.0
route,PHF->PHL,8,8,0,0.0
route,PHL->ABE,5,5,0,0.0
route,PHL->ALB,19,19,0,0.0
route,PHL->ART,8,8,0,0.0
route,PHL->ATL,55,55,0,0.0
route,PHL->AUS,14,14,0,0.0
route,PHL->AVP,14,14,0,0.0
route,PHL->BDL,21,21,0,0.0
route,PHL->BGR,8,8,0,0.0
route,PHL->BHM,8,8,0,0.0
route,PHL->BNA,13,13,0,0.0
route,PHL->BOS,63,63,0,0.0
route,PHL->BTV,11,11,0,0.0
route,PHL->BUF,15,15,0,0.0
route,PHL->BWI,8,8,0,0.0
route,PHL->CAE,13,13,0,0.0
route,PHL->CAK,4,4,0,0.0
route,PHL->CHO,4,4,0,0.0
route,PHL->CHS,14,14,0,0.0
route,PHL->CLE,16,16,0,0.0
route,PHL->CLT,35,35,0,0.0
route,PHL->CMH,14,14,0,0.0
route,PHL->CRW,2,2,0,0.0
route,PHL->CVG,24,24,0,0.0
route,PHL->DAL,2,2,0,0.0
route,PHL->DAY,24,24,0,0.0
route,PHL->DCA,18,18,0,0.0
route,PHL->DEN,20,20,0,0.0
route,PHL->DFW,34,34,0,0.0
route,PHL->DSM,3,3,0,0.0
route,PHL->DTW,19,19,0,0.0
route,PHL->ERI,2,2,0,0.0
route,PHL->FLL,32,32,0,0.0
route,PHL->FWA,4,4,0,0.0
route,PHL->GRR,2,2,0,0.0
route,PHL->GSO,17,17,0,0.0
route,PHL->GSP,10,10,0,0.0
route,PHL->HOU,1,1,0,0.0
route,PHL->HVN,10,10,0,0.0
route,PHL->IAD,4,4,0,0.0
route,PHL->IAH,29,29,0,0.0
route,PHL->ILM,10,10,0,0.0
route,PHL->IND,16,16,0,0.0
route,PHL->IPT,5,5,0,0.0
route,PHL->ISP,5,5,0,0.0
route,PHL->ITH,20,20,0,0.0
route,PHL->JAX,7,7,0,0.0
route,PHL->JFK,3,3,0,0.0
route,PHL->LAS,10,10,0,0.0
route,PHL->LAX,24,24,0,0.0
route,PHL->LEX,7,7,0,0.0
route,PHL->LGA,10,10,0,0.0
route,PHL->MCI,14,14,0,0.0
route,PHL->MCO,59,59,0,0.0
route,PHL->MDT,25,25,0,0.0
route,PHL->MDW,13,13,0,0.0
route,PHL->MEM,6,6,0,0.0
route,PHL->MHT,13,13,0,0.0
route,PHL->MIA,24,24,0,0.0
route,PHL->MKE,14,14,0,0.0
route,PHL->MSN,5,5,0,0.0
route,PHL->MSP,16,16,0,0.0
route,PHL->MSY,8,8,0,0.0
route,PHL->MYR,2,2,0,0.0
route,PHL->OKC,8,8,0,0.0
route,PHL->OMA,8,8,0,0.0
route,PHL->ORD,36,36,0,0.0
route,PHL->ORF,16,16,0,0.0
route,PHL->ORH,6,6,0,0.0
route,PHL->PBI,8,8,0,0.0
route,PHL->PDX,1,1,0,0.0
route,PHL->PHF,6,6,0,0.0
route,PHL->PHX,17,17,0,0.0
route,PHL->PIT,17,17,0,0.0
route,PHL->PNS,11,11,0,0.0
route,PHL->PVD,14,14,0,0.0
route,PHL->PWM,16,16,0,0.0
route,PHL->RDU,26,26,0,0.0
route,PHL->RIC,15,15,0,0.0
route,PHL->ROA,5,5,0,0.0
route,PHL->ROC,20,20,0,0.0
route,PHL->RSW,10,10,0,0.0
route,PHL->SAN,4,4,0,0.0
route,PHL->SAT,2,2,0,0.0
route,PHL->SAV,10,10,0,0.0
route,PHL->SBY,8,8,0,0.0
route,PHL->SCE,7,7,0,0.0
route,PHL->SDF,9,9,0,0.0
route,PHL->SEA,5,5,0,0.0
route,PHL->SFO,18,18,0,0.0
route,PHL->SJU,13,13,0,0.0
route,PHL->SLC,4,4,0,0.0
route,PHL->STL,20,20,0,0.0
route,PHL->SWF,6,6,0,0.0
route,PHL->SYR,16,16,0,0.0
route,PHL->TPA,26,26,0,0.0
route,PHL->TYS,6,6,0,0.0
route,PHL->XNA,1,1,0,0.0
route,PHX->ABQ,28,28,0,0.0
route,PHX->AMA,2,2,0,0.0
route,PHX->ANC,4,4,0,0.0
route,PHX->ATL,29,29,0,0.0
route,PHX->AUS,27,27,0,0.0
route,PHX->BFL,7,7,0,0.0
route,PHX->BNA,10,10,0,0.0
route,PHX->BOI,13,13,0,0.0
route,PHX->BOS,17,17,0,0.0
route,PHX->BUR,25,25,0,0.0
route,PHX->BWI,19,19,0,0.0
route,PHX->CLE,2,2,0,0.0
route,PHX->CLT,26,26,0,0.0
route,PHX->CMH,9,9,0,0.0
route,PHX->COS,5,5,0,0.0
route,PHX->CVG,5,5,0,0.0
route,PHX->DAL,22,22,0,0.0
route,PHX->DCA,8,8,0,0.0
route,PHX->DEN,64,64,0,0.0
route,PHX->DFW,41,41,0,0.0
route,PHX->DRO,9,9,0,0.0
route,PHX->DSM,7,7,0,0.0
route,PHX->DTW,17,17,0,0.0
route,PHX->ELP,29,29,0,0.0
route,PHX->EUG,4,4,0,0.0
route,PHX->EWR,18,18,0,0.0
route,PHX->FAT,13,13,0,0.0
route,PHX->FLG,7,7,0,0.0
route,PHX->FLL,3,3,0,0.0
route,PHX->FSD,4,4,0,0.0
route,PHX->GEG,10,10,0,0.0
route,PHX->GJT,2,2,0,0.0
route,PHX->HNL,5,5,0,0.0
route,PHX->HOU,19,19,0,0.0
route,PHX->IAD,1,1,0,0.0
route,PHX->IAH,32,32,0,0.0
route,PHX->ICT,2,2,0,0.0
route,PHX->IND,5,5,0,0.0
route,PHX->JFK,23,23,0,0.0
route,PHX->KOA,3,3,0,0.0
route,PHX->LAS,46,46,0,0.0
route,PHX->LAX,67,67,0,0.0
route,PHX->LBB,6,6,0,0.0
route,PHX->LGB,6,6,0,0.0
route,PHX->LIH,4,4,0,0.0
route,PHX->LIT,1,1,0,0.0
route,PHX->MAF,4,4,0,0.0
route,PHX->MCI,12,12,0,0.0
route,PHX->MCO,7,7,0,0.0
route,PHX->MDW,19,19,0,0.0
route,PHX->MEM,2,2,0,0.0
route,PHX->MFR,4,4,0,0.0
route,PHX->MIA,11,11,0,0.0
route,PHX->MKE,16,16,0,0.0
route,PHX->MRY,11,11,0,0.0
route,PHX->MSN,2,2,0,0.0
route,PHX->MSP,43,43,0,0.0
route,PHX->MSY,5,5,0,0.0
route,PHX->OAK,35,35,0,0.0
route,PHX->OGG,4,4,0,0.0
route,PHX->OKC,9,9,0,0.0
route,PHX->OMA,6,6,0,0.0
route,PHX->ONT,35,35,0,0.0
route,PHX->ORD,42,42,0,0.0
route,PHX->ORF,1,1,0,0.0
route,PHX->PAE,2,2,0,0.0
route,PHX->PDX,29,29,0,0.0
route,PHX->PHL,25,25,0,0.0
route,PHX->PIT,8,8,0,0.0
route,PHX->PSP,19,19,0,0.0
route,PHX->RAP,1,1,0,0.0
route,PHX->RDM,3,3,0,0.0
route,PHX->RDU,2,2,0,0.0
route,PHX->RNO,16,16,0,0.0
route,PHX->ROW,2,2,0,0.0
route,PHX->RSW,2,2,0,0.0
route,PHX->SAF,3,3,0,0.0
route,PHX->SAN,33,33,0,0.0
route,PHX->SAT,32,32,0,0.0
route,PHX->SBA,10,10,0,0.0
route,PHX->SBP,6,6,0,0.0
route,PHX->SDF,5,5,0,0.0
route,PHX->SEA,49,49,0,0.0
route,PHX->SFO,46,46,0,0.0
route,PHX->SGU,13,13,0,0.0
route,PHX->SJC,39,39,0,0.0
route,PHX->SLC,47,47,0,0.0
route,PHX->SMF,23,23,0,0.0
route,PHX->SNA,26,26,0,0.0
route,PHX->STL,20,20,0,0.0
route,PHX->STS,3,3,0,0.0
route,PHX->TPA,11,11,0,0.0
route,PHX->TUL,8,8,0,0.0
route,PHX->TUS,24,24,0,0.0
route,PHX->YUM,8,8,0,0.0
route,PIA->ATL,14,14,0,0.0
route,PIA->AZA,2,2,0,0.0
route,PIA->CLT,9,9,0,0.0
route,PIA->DFW,8,8,0,0.0
route,PIA->DTW,3,3,0,0.0
route,PIA->MSP,1,1,0,0.0
route,PIA->ORD,19,19,0,0.0
route,PIA->PGD,1,1,0,0.0
route,PIA->PIE,1,1,0,0.0
route,PIB->DFW,1,1,0,0.0
route,PIB->MEI,6,6,0,0.0
route,PIE->ABE,1,1,0,0.0
route,PIE->ATW,1,1,0,0.0
route,PIE->AVL,3,3,0,0.0
route,PIE->AZA,1,1,0,0.0
route,PIE->BGR,3,3,0,0.0
route,PIE->BLV,2,2,0,0.0
route,PIE->CVG,1,1,0,0.0
route,PIE->DAY,2,2,0,0.0
route,PIE->DSM,2,2,0,0.0
route,PIE->ELM,2,2,0,0.0
route,PIE->FNT,2,2,0,0.0
route,PIE->FWA,1,1,0,0.0
route,PIE->GRR,4,4,0,0.0
route,PIE->GSO,1,1,0,0.0
route,PIE->GSP,1,1,0,0.0
route,PIE->HTS,1,1,0,0.0
route,PIE->IAG,1,1,0,0.0
route,PIE->IND,6,6,0,0.0
route,PIE->LCK,2,2,0,0.0
route,PIE->LEX,1,1,0,0.0
route,PIE->MDT,2,2,0,0.0
route,PIE->MLI,2,2,0,0.0
route,PIE->PBG,1,1,0,0.0
route,PIE->PIA,3,3,0,0.0
route,PIE->PIT,2,2,0,0.0
route,PIE->PVD,2,2,0,0.0
route,PIE->RDU,2,2,0,0.0
route,PIE->RIC,1,1,0,0.0
route,PIE->SBN,2,2,0,0.0
route,PIE->SDF,2,2,0,0.0
route,PIE->SGF,1,1,0,0.0
route,PIE->TOL,1,1,0,0.0
route,PIE->TVC,1,1,0,0.0
route,PIE->TYS,1,1,0,0.0
route,PIE->USA,3,3,0,0.0
route,PIH->SLC,10,10,0,0.0
route,PIR->DEN,3,3,0,0.0
route,PIT->ATL,30,30,0,0.0
route,PIT->BNA,8,8,0,0.0
route,PIT->BOS,34,34,0,0.0
route,PIT->BWI,8,8,0,0.0
route,PIT->CLT,23,23,0,0.0
route,PIT->DAL,5,5,0,0.0
route,PIT->DCA,12,12,0,0.0
route,PIT->DEN,18,18,0,0.0
route,PIT->DFW,11,11,0,0.0
route,PIT->DTW,9,9,0,0.0
route,PIT->EWR,34,34,0,0.0
route,PIT->FLL,6,6,0,0.0
route,PIT->HOU,3,3,0,0.0
route,PIT->IAD,15,15,0,0.0
route,PIT->IAH,11,11,0,0.0
route,PIT->JAX,2,2,0,0.0
route,PIT->JFK,8,8,0,0.0
route,PIT->LAS,4,4,0,0.0
route,PIT->LAX,3,3,0,0.0
route,PIT->LGA,47,47,0,0.0
route,PIT->MCO,18,18,0,0.0
route,PIT->MDW,12,12,0,0.0
route,PIT->MIA,3,3,0,0.0
route,PIT->MSP,5,5,0,0.0
route,PIT->ORD,29,29,0,0.0
route,PIT->PHL,10,10,0,0.0
route,PIT->PHX,9,9,0,0.0
route,PIT->PIE,3,3,0,0.0
route,PIT->RDU,1,1,0,0.0
route,PIT->RSW,7,7,0,0.0
route,PIT->SAN,1,1,0,0.0
route,PIT->SAV,2,2,0,0.0
route,PIT->SEA,4,4,0,0.0
route,PIT->SFB,2,2,0,0.0
route,PIT->SFO,2,2,0,0.0
route,PIT->SLC,1,1,0,0.0
route,PIT->STL,1,1,0,0.0
route,PIT->TPA,5,5,0,0.0
route,PLN->APN,1,1,0,0.0
route,PLN->DTW,5,5,0,0.0
route,PNS->ATL,23,23,0,0.0
route,PNS->BNA,9,9,0,0.0
route,PNS->CLT,20,20,0,0.0
route,PNS->DEN,1,1,0,0.0
route,PNS->DFW,15,15,0,0.0
route,PNS->HOU,4,4,0,0.0
route,PNS->IAH,21,21,0,0.0
route,PNS->MIA,11,11,0,0.0
route,PNS->ORD,2,2,0,0.0
route,PNS->PHL,2,2,0,0.0
route,PQI->EWR,8,8,0,0.0
route,PRC->DEN,5,5,0,0.0
route,PRC->LAX,3,3,0,0.0
route,PSC->AZA,4,4,0,0.0
route,PSC->DEN,8,8,0,0.0
route,PSC->LAS,1,1,0,0.0
route,PSC->LAX,3,3,0,0.0
route,PSC->MSP,5,5,0,0.0
route,PSC->SEA,34,34,0,0.0
route,PSC->SFO,4,4,0,0.0
route,PSC->SLC,16,16,0,0.0
route,PSE->JFK,4,4,0,0.0
route,PSE->MCO,6,6,0,0.0
route,PSG->JNU,4,4,0,0.0
route,PSG->WRG,3,3,0,0.0
route,PSM->PGD,2,2,0,0.0
route,PSM->SFB,1,1,0,0.0
route,PSP->BLI,3,3,0,0.0
route,PSP->DEN,11,11,0,0.0
route,PSP->DFW,4,4,0,0.0
route,PSP->IAH,10,10,0,0.0
route,PSP->JFK,2,2,0,0.0
route,PSP->LAX,3,3,0,0.0
route,PSP->ORD,11,11,0,0.0
route,PSP->PAE,1,1,0,0.0
route,PSP->PDX,5,5,0,0.0
route,PSP->PHX,13,13,0,0.0
route,PSP->SEA,14,14,0,0.0
route,PSP->SFO,29,29,0,0.0
route,PSP->SLC,10,10,0,0.0
route,PUB->DEN,7,7,0,0.0
route,PUB->LBL,9,9,0,0.0
route,PUW->SEA,17,17,0,0.0
route,PVD->ATL,10,10,0,0.0
route,PVD->BWI,25,25,0,0.0
route,PVD->CLT,14,14,0,0.0
route,PVD->DCA,21,21,0,0.0
route,PVD->DTW,8,8,0,0.0
route,PVD->EWR,15,15,0,0.0
route,PVD->FLL,8,8,0,0.0
route,PVD->IAD,9,9,0,0.0
route,PVD->MCO,21,21,0,0.0
route,PVD->MDW,4,4,0,0.0
route,PVD->MYR,2,2,0,0.0
route,PVD->ORD,20,20,0,0.0
route,PVD->PBI,2,2,0,0.0
route,PVD->PGD,2,2,0,0.0
route,PVD->PHL,15,15,0,0.0
route,PVD->PIE,1,1,0,0.0
route,PVD->RSW,2,2,0,0.0
route,PVD->SAV,1,1,0,0.0
route,PVD->TPA,7,7,0,0.0
route,PVU->AZA,5,5,0,0.0
route,PVU->LAX,2,2,0,0.0
route,PWM->ATL,1,1,0,0.0
route,PWM->BWI,9,9,0,0.0
route,PWM->CLT,15,15,0,0.0
route,PWM->DCA,19,19,0,0.0
route,PWM->DTW,8,8,0,0.0
route,PWM->EWR,15,15,0,0.0
route,PWM->IAD,12,12,0,0.0
route,PWM->JFK,10,10,0,0.0
route,PWM->LGA,16,16,0,0.0
route,PWM->MCO,3,3,0,0.0
route,PWM->ORD,8,8,0,0.0
route,PWM->PHL,15,15,0,0.0
route,PWM->RSW,1,1,0,0.0
route,PWM->TPA,2,2,0,0.0
route,RAP->DEN,13,13,0,0.0
route,RAP->DFW,7,7,0,0.0
route,RAP->LAS,2,2,0,0.0
route,RAP->MSP,15,15,0,0.0
route,RAP->ORD,4,4,0,0.0
route,RAP->PHX,2,2,0,0.0
route,RAP->SLC,3,3,0,0.0
route,RDD->LAX,2,2,0,0.0
route,RDD->SFO,12,12,0,0.0
route,RDM->DEN,6,6,0,0.0
route,RDM->LAS,1,1,0,0.0
route,RDM->LAX,7,7,0,0.0
route,RDM->PDX,13,13,0,0.0
route,RDM->PHX,5,5,0,0.0
route,RDM->SEA,22,22,0,0.0
route,RDM->SFO,17,17,0,0.0
route,RDM->SLC,6,6,0,0.0
route,RDU->ALB,1,1,0,0.0
route,RDU->ATL,43,43,0,0.0
route,RDU->AUS,2,2,0,0.0
route,RDU->BDL,2,2,0,0.0
route,RDU->BNA,17,17,0,0.0
route,RDU->BOS,31,31,0,0.0
route,RDU->BWI,32,32,0,0.0
route,RDU->CLE,4,4,0,0.0
route,RDU->CLT,27,27,0,0.0
route,RDU->CMH,9,9,0,0.0
route,RDU->CVG,6,6,0,0.0
route,RDU->DAL,7,7,0,0.0
route,RDU->DCA,31,31,0,0.0
route,RDU->DEN,13,13,0,0.0
route,RDU->DFW,9,9,0,0.0
route,RDU->DTW,11,11,0,0.0
route,RDU->EWR,43,43,0,0.0
route,RDU->FLL,13,13,0,0.0
route,RDU->HOU,5,5,0,0.0
route,RDU->IAD,10,10,0,0.0
route,RDU->IAH,14,14,0,0.0
route,RDU->IND,1,1,0,0.0
route,RDU->ISP,1,1,0,0.0
route,RDU->JAX,1,1,0,0.0
route,RDU->JFK,26,26,0,0.0
route,RDU->LAS,6,6,0,0.0
route,RDU->LAX,12,12,0,0.0
route,RDU->LGA,46,46,0,0.0
route,RDU->MCI,4,4,0,0.0
route,RDU->MCO,26,26,0,0.0
route,RDU->MDW,10,10,0,0.0
route,RDU->MIA,19,19,0,0.0
route,RDU->MSP,14,14,0,0.0
route,RDU->MSY,4,4,0,0.0
route,RDU->ORD,29,29,0,0.0
route,RDU->PGD,1,1,0,0.0
route,RDU->PHL,24,24,0,0.0
route,RDU->PHX,3,3,0,0.0
route,RDU->PIT,6,6,0,0.0
route,RDU->SAN,1,1,0,0.0
route,RDU->SEA,4,4,0,0.0
route,RDU->SFB,1,1,0,0.0
route,RDU->SFO,7,7,0,0.0
route,RDU->SJU,1,1,0,0.0
route,RDU->SLC,1,1,0,0.0
route,RDU->STL,7,7,0,0.0
route,RDU->SYR,1,1,0,0.0
route,RDU->TPA,20,20,0,0.0
route,RDU->TTN,2,2,0,0.0
route,RFD->AZA,2,2,0,0.0
route,RFD->LAS,2,2,0,0.0
route,RFD->PGD,4,4,0,0.0
route,RFD->PIE,2,2,0,0.0
route,RHI->MSP,9,9,0,0.0
route,RIC->ATL,32,32,0,0.0
route,RIC->BNA,2,2,0,0.0
route,RIC->BOS,24,24,0,0.0
route,RIC->CLT,28,28,0,0.0
route,RIC->DEN,10,10,0,0.0
route,RIC->DFW,10,10,0,0.0
route,RIC->DTW,11,11,0,0.0
route,RIC->EWR,24,24,0,0.0
route,RIC->FLL,12,12,0,0.0
route,RIC->IAD,10,10,0,0.0
route,RIC->IAH,5,5,0,0.0
route,RIC->JFK,8,8,0,0.0
route,RIC->LGA,25,25,0,0.0
route,RIC->MCO,15,15,0,0.0
route,RIC->MIA,7,7,0,0.0
route,RIC->MSP,3,3,0,0.0
route,RIC->ORD,20,20,0,0.0
route,RIC->PHL,10,10,0,0.0
route,RIC->PIE,1,1,0,0.0
route,RIC->SFB,1,1,0,0.0
route,RKS->DEN,3,3,0,0.0
route,RNO->BOI,3,3,0,0.0
route,RNO->DEN,19,19,0,0.0
route,RNO->DFW,9,9,0,0.0
route,RNO->IAH,2,2,0,0.0
route,RNO->JFK,1,1,0,0.0
route,RNO->LAS,42,42,0,0.0
route,RNO->LAX,36,36,0,0.0
route,RNO->LGB,2,2,0,0.0
route,RNO->OAK,4,4,0,0.0
route,RNO->PDX,10,10,0,0.0
route,RNO->PHX,21,21,0,0.0
route,RNO->SAN,10,10,0,0.0
route,RNO->SEA,13,13,0,0.0
route,RNO->SFO,13,13,0,0.0
route,RNO->SJC,12,12,0,0.0
route,RNO->SLC,20,20,0,0.0
route,ROA->ATL,15,15,0,0.0
route,ROA->CLT,25,25,0,0.0
route,ROA->IAD,4,4,0,0.0
route,ROA->LGA,1,1,0,0.0
route,ROA->ORD,10,10,0,0.0
route,ROA->PHL,8,8,0,0.0
route,ROA->PIE,1,1,0,0.0
route,ROA->SFB,1,1,0,0.0
route,ROC->ATL,13,13,0,0.0
route,ROC->BOS,8,8,0,0.0
route,ROC->BWI,10,10,0,0.0
route,ROC->CLT,10,10,0,0.0
route,ROC->DCA,8,8,0,0.0
route,ROC->DTW,9,9,0,0.0
route,ROC->EWR,15,15,0,0.0
route,ROC->IAD,10,10,0,0.0
route,ROC->JFK,16,16,0,0.0
route,ROC->LGA,13,13,0,0.0
route,ROC->MCO,4,4,0,0.0
route,ROC->MSP,2,2,0,0.0
route,ROC->ORD,23,23,0,0.0
route,ROC->PHL,16,16,0,0.0
route,ROC->SFB,2,2,0,0.0
route,ROC->TPA,5,5,0,0.0
route,ROW->DFW,8,8,0,0.0
route,ROW->PHX,3,3,0,0.0
route,RST->ATL,7,7,0,0.0
route,RST->MSP,15,15,0,0.0
route,RST->ORD,20,20,0,0.0
route,RSW->ACY,11,11,0,0.0
route,RSW->ATL,26,26,0,0.0
route,RSW->BDL,8,8,0,0.0
route,RSW->BNA,1,1,0,0.0
route,RSW->BOS,26,26,0,0.0
route,RSW->BUF,2,2,0,0.0
route,RSW->BWI,7,7,0,0.0
route,RSW->CAK,1,1,0,0.0
route,RSW->CLE,7,7,0,0.0
route,RSW->CLT,20,20,0,0.0
route,RSW->CMH,7,7,0,0.0
route,RSW->CVG,5,5,0,0.0
route,RSW->DAL,1,1,0,0.0
route,RSW->DCA,11,11,0,0.0
route,RSW->DEN,6,6,0,0.0
route,RSW->DFW,8,8,0,0.0
route,RSW->DTW,12,12,0,0.0
route,RSW->EWR,24,24,0,0.0
route,RSW->HPN,3,3,0,0.0
route,RSW->IAD,2,2,0,0.0
route,RSW->IAH,10,10,0,0.0
route,RSW->IND,8,8,0,0.0
route,RSW->ISP,1,1,0,0.0
route,RSW->JFK,10,10,0,0.0
route,RSW->LBE,1,1,0,0.0
route,RSW->LGA,7,7,0,0.0
route,RSW->MDW,4,4,0,0.0
route,RSW->MKE,5,5,0,0.0
route,RSW->MSP,11,11,0,0.0
route,RSW->OMA,2,2,0,0.0
route,RSW->ORD,20,20,0,0.0
route,RSW->PHL,10,10,0,0.0
route,RSW->PHX,3,3,0,0.0
route,RSW->PIT,12,12,0,0.0
route,RSW->PWM,3,3,0,0.0
route,RSW->STL,5,5,0,0.0
route,SAF->DEN,5,5,0,0.0
route,SAF->DFW,8,8,0,0.0
route,SAF->PHX,5,5,0,0.0
route,SAN->ABQ,8,8,0,0.0
route,SAN->ATL,14,14,0,0.0
route,SAN->AUS,15,15,0,0.0
route,SAN->BNA,7,7,0,0.0
route,SAN->BOI,5,5,0,0.0
route,SAN->BOS,12,12,0,0.0
route,SAN->BWI,12,12,0,0.0
route,SAN->CLT,6,6,0,0.0
route,SAN->CVG,1,1,0,0.0
route,SAN->DAL,16,16,0,0.0
route,SAN->DEN,41,41,0,0.0
route,SAN->DFW,28,28,0,0.0
route,SAN->DTW,6,6,0,0.0
route,SAN->ELP,3,3,0,0.0
route,SAN->EWR,17,17,0,0.0
route,SAN->FAT,8,8,0,0.0
route,SAN->FLL,1,1,0,0.0
route,SAN->GEG,5,5,0,0.0
route,SAN->HNL,4,4,0,0.0
route,SAN->HOU,5,5,0,0.0
route,SAN->IAD,7,7,0,0.0
route,SAN->IAH,17,17,0,0.0
route,SAN->JFK,16,16,0,0.0
route,SAN->KOA,5,5,0,0.0
route,SAN->LAS,60,60,0,0.0
route,SAN->LAX,41,41,0,0.0
route,SAN->LIH,3,3,0,0.0
route,SAN->MCI,18,18,0,0.0
route,SAN->MCO,9,9,0,0.0
route,SAN->MDW,6,6,0,0.0
route,SAN->MIA,2,2,0,0.0
route,SAN->MKE,1,1,0,0.0
route,SAN->MRY,1,1,0,0.0
route,SAN->MSP,16,16,0,0.0
route,SAN->MSY,6,6,0,0.0
route,SAN->OAK,30,30,0,0.0
route,SAN->OGG,8,8,0,0.0
route,SAN->OMA,4,4,0,0.0
route,SAN->ORD,27,27,0,0.0
route,SAN->PAE,1,1,0,0.0
route,SAN->PDX,21,21,0,0.0
route,SAN->PHL,8,8,0,0.0
route,SAN->PHX,52,52,0,0.0
route,SAN->RDU,1,1,0,0.0
route,SAN->RNO,8,8,0,0.0
route,SAN->SAT,9,9,0,0.0
route,SAN->SEA,41,41,0,0.0
route,SAN->SFO,71,71,0,0.0
route,SAN->SJC,52,52,0,0.0
route,SAN->SLC,24,24,0,0.0
route,SAN->SMF,51,51,0,0.0
route,SAN->STL,11,11,0,0.0
route,SAN->STS,2,2,0,0.0
route,SAN->TPA,1,1,0,0.0
route,SAN->TUS,8,8,0,0.0
route,SAT->ATL,27,27,0,0.0
route,SAT->BNA,5,5,0,0.0
route,SAT->BWI,3,3,0,0.0
route,SAT->CLT,17,17,0,0.0
route,SAT->CVG,3,3,0,0.0
route,SAT->DAL,26,26,0,0.0
route,SAT->DEN,25,25,0,0.0
route,SAT->DFW,33,33,0,0.0
route,SAT->DTW,8,8,0,0.0
route,SAT->ELP,5,5,0,0.0
route,SAT->EWR,10,10,0,0.0
route,SAT->HOU,13,13,0,0.0
route,SAT->IAD,5,5,0,0.0
route,SAT->IAH,22,22,0,0.0
route,SAT->JFK,6,6,0,0.0
route,SAT->LAS,16,16,0,0.0
route,SAT->LAX,25,25,0,0.0
route,SAT->MCI,7,7,0,0.0
route,SAT->MCO,5,5,0,0.0
route,SAT->MDW,6,6,0,0.0
route,SAT->MIA,4,4,0,0.0
route,SAT->MSP,9,9,0,0.0
route,SAT->MSY,5,5,0,0.0
route,SAT->OAK,2,2,0,0.0
route,SAT->ORD,17,17,0,0.0
route,SAT->PHL,1,1,0,0.0
route,SAT->PHX,25,25,0,0.0
route,SAT->RDU,1,1,0,0.0
route,SAT->SAN,4,4,0,0.0
route,SAT->SEA,5,5,0,0.0
route,SAT->SFB,1,1,0,0.0
route,SAT->SFO,3,3,0,0.0
route,SAT->SLC,9,9,0,0.0
route,SAT->SNA,2,2,0,0.0
route,SAT->STL,8,8,0,0.0
route,SAT->TPA,4,4,0,0.0
route,SAT->TUL,1,1,0,0.0
route,SAV->ABE,2,2,0,0.0
route,SAV->ATL,26,26,0,0.0
route,SAV->BOS,7,7,0,0.0
route,SAV->CLT,20,20,0,0.0
route,SAV->CVG,2,2,0,0.0
route,SAV->DCA,11,11,0,0.0
route,SAV->DEN,1,1,0,0.0
route,SAV->DFW,2,2,0,0.0
route,SAV->DTW,5,5,0,0.0
route,SAV->EWR,13,13,0,0.0
route,SAV->IAD,7,7,0,0.0
route,SAV->IAH,5,5,0,0.0
route,SAV->JFK,17,17,0,0.0
route,SAV->LGA,8,8,0,0.0
route,SAV->MIA,2,2,0,0.0
route,SAV->ORD,9,9,0,0.0
route,SAV->PHL,5,5,0,0.0
route,SAV->PVD,1,1,0,0.0
route,SAV->SDF,1,1,0,0.0
route,SBA->DEN,14,14,0,0.0
route,SBA->DFW,4,4,0,0.0
route,SBA->LAX,9,9,0,0.0
route,SBA->PDX,3,3,0,0.0
route,SBA->PHX,16,16,0,0.0
route,SBA->SEA,4,4,0,0.0
route,SBA->SFO,19,19,0,0.0
route,SBA->SLC,2,2,0,0.0
route,SBN->ATL,9,9,0,0.0
route,SBN->AZA,2,2,0,0.0
route,SBN->CLT,3,3,0,0.0
route,SBN->DFW,6,6,0,0.0
route,SBN->DTW,13,13,0,0.0
route,SBN->EWR,5,5,0,0.0
route,SBN->LAS,2,2,0,0.0
route,SBN->MSP,7,7,0,0.0
route,SBN->ORD,14,14,0,0.0
route,SBN->PGD,1,1,0,0.0
route,SBN->SFB,2,2,0,0.0
route,SBP->DEN,6,6,0,0.0
route,SBP->LAX,14,14,0,0.0
route,SBP->PHX,10,10,0,0.0
route,SBP->SEA,5,5,0,0.0
route,SBP->SFO,10,10,0,0.0
route,SBY->CLT,9,9,0,0.0
route,SBY->PHL,12,12,0,0.0
route,SCC->BRW,4,4,0,0.0
route,SCE->DTW,12,12,0,0.0
route,SCE->IAD,9,9,0,0.0
route,SCE->ORD,11,11,0,0.0
route,SCE->PHL,11,11,0,0.0
route,SCE->SFB,1,1,0,0.0
route,SCK->AZA,2,2,0,0.0
route,SCK->LAS,5,5,0,0.0
route,SCK->LAX,3,3,0,0.0
route,SCK->SAN,1,1,0,0.0
route,SDF->ATL,28,28,0,0.0
route,SDF->AUS,1,1,0,0.0
route,SDF->BWI,5,5,0,0.0
route,SDF->CLT,19,19,0,0.0
route,SDF->DAL,1,1,0,0.0
route,SDF->DCA,12,12,0,0.0
route,SDF->DEN,6,6,0,0.0
route,SDF->DFW,20,20,0,0.0
route,SDF->DTW,21,21,0,0.0
route,SDF->EWR,7,7,0,0.0
route,SDF->FLL,1,1,0,0.0
route,SDF->HOU,6,6,0,0.0
route,SDF->IAD,10,10,0,0.0
route,SDF->IAH,11,11,0,0.0
route,SDF->LAS,4,4,0,0.0
route,SDF->LAX,2,2,0,0.0
route,SDF->LGA,17,17,0,0.0
route,SDF->MCO,3,3,0,0.0
route,SDF->MDW,8,8,0,0.0
route,SDF->MIA,4,4,0,0.0
route,SDF->MSP,13,13,0,0.0
route,SDF->MSY,1,1,0,0.0
route,SDF->ORD,29,29,0,0.0
route,SDF->PGD,2,2,0,0.0
route,SDF->PHL,11,11,0,0.0
route,SDF->PHX,4,4,0,0.0
route,SDF->VPS,2,2,0,0.0
route,SEA->ABQ,7,7,0,0.0
route,SEA->ALW,9,9,0,0.0
route,SEA->ANC,52,52,0,0.0
route,SEA->ATL,15,15,0,0.0
route,SEA->AUS,13,13,0,0.0
route,SEA->BIL,5,5,0,0.0
route,SEA->BLI,17,17,0,0.0
route,SEA->BNA,3,3,0,0.0
route,SEA->BOI,49,49,0,0.0
route,SEA->BOS,14,14,0,0.0
route,SEA->BUR,13,13,0,0.0
route,SEA->BWI,3,3,0,0.0
route,SEA->BZN,6,6,0,0.0
route,SEA->CLT,6,6,0,0.0
route,SEA->CMH,1,1,0,0.0
route,SEA->CVG,1,1,0,0.0
route,SEA->DAL,9,9,0,0.0
route,SEA->DCA,2,2,0,0.0
route,SEA->DEN,64,64,0,0.0
route,SEA->DFW,27,27,0,0.0
route,SEA->DTW,18,18,0,0.0
route,SEA->EAT,15,15,0,0.0
route,SEA->ELP,3,3,0,0.0
route,SEA->EUG,13,13,0,0.0
route,SEA->EWR,16,16,0,0.0
route,SEA->FAI,16,16,0,0.0
route,SEA->FAT,8,8,0,0.0
route,SEA->FCA,8,8,0,0.0
route,SEA->FLL,2,2,0,0.0
route,SEA->GEG,76,76,0,0.0
route,SEA->GTF,4,4,0,0.0
route,SEA->HLN,3,3,0,0.0
route,SEA->HNL,12,12,0,0.0
route,SEA->IAD,9,9,0,0.0
route,SEA->IAH,14,14,0,0.0
route,SEA->ICT,4,4,0,0.0
route,SEA->IND,6,6,0,0.0
route,SEA->JFK,28,28,0,0.0
route,SEA->JNU,6,6,0,0.0
route,SEA->KOA,8,8,0,0.0
route,SEA->KTN,10,10,0,0.0
route,SEA->LAS,66,66,0,0.0
route,SEA->LAX,85,85,0,0.0
route,SEA->LGB,2,2,0,0.0
route,SEA->LIH,6,6,0,0.0
route,SEA->MCI,6,6,0,0.0
route,SEA->MCO,6,6,0,0.0
route,SEA->MDW,8,8,0,0.0
route,SEA->MFR,14,14,0,0.0
route,SEA->MIA,2,2,0,0.0
route,SEA->MKE,5,5,0,0.0
route,SEA->MSO,12,12,0,0.0
route,SEA->MSP,19,19,0,0.0
route,SEA->MSY,4,4,0,0.0
route,SEA->OAK,49,49,0,0.0
route,SEA->OGG,10,10,0,0.0
route,SEA->OKC,6,6,0,0.0
route,SEA->OMA,2,2,0,0.0
route,SEA->ONT,9,9,0,0.0
route,SEA->ORD,60,60,0,0.0
route,SEA->PDX,82,82,0,0.0
route,SEA->PHL,4,4,0,0.0
route,SEA->PHX,45,45,0,0.0
route,SEA->PIT,3,3,0,0.0
route,SEA->PSC,23,23,0,0.0
route,SEA->PSP,9,9,0,0.0
route,SEA->PUW,16,16,0,0.0
route,SEA->RDM,21,21,0,0.0
route,SEA->RDU,4,4,0,0.0
route,SEA->RNO,10,10,0,0.0
route,SEA->SAN,49,49,0,0.0
route,SEA->SAT,8,8,0,0.0
route,SEA->SBA,4,4,0,0.0
route,SEA->SBP,2,2,0,0.0
route,SEA->SFO,96,96,0,0.0
route,SEA->SJC,58,58,0,0.0
route,SEA->SLC,45,45,0,0.0
route,SEA->SMF,44,44,0,0.0
route,SEA->SNA,36,36,0,0.0
route,SEA->STL,6,6,0,0.0
route,SEA->TPA,8,8,0,0.0
route,SEA->TUS,8,8,0,0.0
route,SEA->YKM,5,5,0,0.0
route,SFB->ABE,1,1,0,0.0
route,SFB->ATW,1,1,0,0.0
route,SFB->AVL,4,4,0,0.0
route,SFB->BIS,1,1,0,0.0
route,SFB->BLV,1,1,0,0.0
route,SFB->BMI,1,1,0,0.0
route,SFB->CHA,3,3,0,0.0
route,SFB->CID,1,1,0,0.0
route,SFB->CVG,3,3,0,0.0
route,SFB->DSM,1,1,0,0.0
route,SFB->ELM,1,1,0,0.0
route,SFB->EVV,1,1,0,0.0
route,SFB->FNT,3,3,0,0.0
route,SFB->FSD,3,3,0,0.0
route,SFB->FWA,2,2,0,0.0
route,SFB->GRR,2,2,0,0.0
route,SFB->GSO,1,1,0,0.0
route,SFB->GSP,1,1,0,0.0
route,SFB->HGR,2,2,0,0.0
route,SFB->IAG,2,2,0,0.0
route,SFB->IND,2,2,0,0.0
route,SFB->LCK,1,1,0,0.0
route,SFB->LEX,2,2,0,0.0
route,SFB->MCI,1,1,0,0.0
route,SFB->MDT,2,2,0,0.0
route,SFB->MKE,1,1,0,0.0
route,SFB->MLI,1,1,0,0.0
route,SFB->OGS,3,3,0,0.0
route,SFB->OKC,2,2,0,0.0
route,SFB->OWB,2,2,0,0.0
route,SFB->PBG,1,1,0,0.0
route,SFB->PIT,4,4,0,0.0
route,SFB->PSM,1,1,0,0.0
route,SFB->RDU,3,3,0,0.0
route,SFB->RFD,2,2,0,0.0
route,SFB->RIC,1,1,0,0.0
route,SFB->ROA,1,1,0,0.0
route,SFB->SBN,2,2,0,0.0
route,SFB->SCE,1,1,0,0.0
route,SFB->SGF,2,2,0,0.0
route,SFB->SJU,1,1,0,0.0
route,SFB->SYR,1,1,0,0.0
route,SFB->TUL,2,2,0,0.0
route,SFB->TYS,5,5,0,0.0
route,SFB->USA,5,5,0,0.0
route,SFB->XNA,4,4,0,0.0
route,SFO->ABQ,3,3,0,0.0
route,SFO->ACV,11,11,0,0.0
route,SFO->ATL,50,50,0,0.0
route,SFO->AUS,23,23,0,0.0
route,SFO->BFL,3,3,0,0.0
route,SFO->BNA,7,7,0,0.0
route,SFO->BOI,21,21,0,0.0
route,SFO->BOS,35,35,0,0.0
route,SFO->BUR,44,44,0,0.0
route,SFO->BWI,6,6,0,0.0
route,SFO->CLE,6,6,0,0.0
route,SFO->CLT,12,12,0,0.0
route,SFO->CMH,1,1,0,0.0
route,SFO->CVG,7,7,0,0.0
route,SFO->DAL,11,11,0,0.0
route,SFO->DCA,3,3,0,0.0
route,SFO->DEN,46,46,0,0.0
route,SFO->DFW,31,31,0,0.0
route,SFO->DTW,19,19,0,0.0
route,SFO->EUG,20,20,0,0.0
route,SFO->EWR,63,63,0,0.0
route,SFO->FAT,12,12,0,0.0
route,SFO->FLL,6,6,0,0.0
route,SFO->GEG,4,4,0,0.0
route,SFO->HNL,21,21,0,0.0
route,SFO->IAD,25,25,0,0.0
route,SFO->IAH,29,29,0,0.0
route,SFO->IND,6,6,0,0.0
route,SFO->JFK,76,76,0,0.0
route,SFO->KOA,11,11,0,0.0
route,SFO->LAS,70,70,0,0.0
route,SFO->LAX,140,140,0,0.0
route,SFO->LGB,4,4,0,0.0
route,SFO->LIH,5,5,0,0.0
route,SFO->MCI,11,11,0,0.0
route,SFO->MCO,12,12,0,0.0
route,SFO->MDW,3,3,0,0.0
route,SFO->MFR,12,12,0,0.0
route,SFO->MIA,12,12,0,0.0
route,SFO->MRY,3,3,0,0.0
route,SFO->MSN,1,1,0,0.0
route,SFO->MSP,25,25,0,0.0
route,SFO->MSY,6,6,0,0.0
route,SFO->OGG,17,17,0,0.0
route,SFO->OMA,1,1,0,0.0
route,SFO->ONT,18,18,0,0.0
route,SFO->ORD,59,59,0,0.0
route,SFO->OTH,4,4,0,0.0
route,SFO->PAE,7,7,0,0.0
route,SFO->PDX,40,40,0,0.0
route,SFO->PHL,20,20,0,0.0
route,SFO->PHX,41,41,0,0.0
route,SFO->PIT,3,3,0,0.0
route,SFO->PSC,2,2,0,0.0
route,SFO->PSP,28,28,0,0.0
route,SFO->RDD,12,12,0,0.0
route,SFO->RDM,14,14,0,0.0
route,SFO->RDU,6,6,0,0.0
route,SFO->RNO,17,17,0,0.0
route,SFO->SAN,73,73,0,0.0
route,SFO->SAT,2,2,0,0.0
route,SFO->SBA,14,14,0,0.0
route,SFO->SBP,11,11,0,0.0
route,SFO->SEA,91,91,0,0.0
route,SFO->SLC,26,26,0,0.0
route,SFO->SMF,21,21,0,0.0
route,SFO->SNA,43,43,0,0.0
route,SFO->STL,8,8,0,0.0
route,SFO->STS,2,2,0,0.0
route,SFO->TPA,4,4,0,0.0
route,SFO->TUS,11,11,0,0.0
route,SFO->XNA,6,6,0,0.0
route,SGF->ATL,10,10,0,0.0
route,SGF->AZA,2,2,0,0.0
route,SGF->CLT,11,11,0,0.0
route,SGF->DEN,13,13,0,0.0
route,SGF->DFW,17,17,0,0.0
route,SGF->IAH,1,1,0,0.0
route,SGF->ORD,29,29,0,0.0
route,SGF->VPS,1,1,0,0.0
route,SGU->DEN,8,8,0,0.0
route,SGU->DFW,2,2,0,0.0
route,SGU->LAX,8,8,0,0.0
route,SGU->PHX,12,12,0,0.0
route,SGU->SLC,11,11,0,0.0
route,SHD->IAD,6,6,0,0.0
route,SHD->ORD,3,3,0,0.0
route,SHV->ATL,20,20,0,0.0
route,SHV->CLT,5,5,0,0.0
route,SHV->DEN,6,6,0,0.0
route,SHV->DFW,22,22,0,0.0
route,SHV->IAH,12,12,0,0.0
route,SHV->LAS,3,3,0,0.0
route,SIT->JNU,7,7,0,0.0
route,SIT->KTN,6,6,0,0.0
route,SJC->ABQ,1,1,0,0.0
route,SJC->ATL,7,7,0,0.0
route,SJC->AUS,7,7,0,0.0
route,SJC->BNA,1,1,0,0.0
route,SJC->BOI,8,8,0,0.0
route,SJC->BOS,1,1,0,0.0
route,SJC->BUR,31,31,0,0.0
route,SJC->BWI,4,4,0,0.0
route,SJC->CVG,2,2,0,0.0
route,SJC->DAL,11,11,0,0.0
route,SJC->DEN,28,28,0,0.0
route,SJC->DFW,14,14,0,0.0
route,SJC->DTW,3,3,0,0.0
route,SJC->EWR,3,3,0,0.0
route,SJC->GEG,3,3,0,0.0
route,SJC->HNL,3,3,0,0.0
route,SJC->HOU,2,2,0,0.0
route,SJC->IAH,5,5,0,0.0
route,SJC->JFK,12,12,0,0.0
route,SJC->KOA,1,1,0,0.0
route,SJC->LAS,45,45,0,0.0
route,SJC->LAX,77,77,0,0.0
route,SJC->LGB,4,4,0,0.0
route,SJC->LIH,3,3,0,0.0
route,SJC->MCO,5,5,0,0.0
route,SJC->MDW,12,12,0,0.0
route,SJC->MSP,3,3,0,0.0
route,SJC->OGG,7,7,0,0.0
route,SJC->ONT,15,15,0,0.0
route,SJC->ORD,8,8,0,0.0
route,SJC->PAE,3,3,0,0.0
route,SJC->PDX,42,42,0,0.0
route,SJC->PHX,25,25,0,0.0
route,SJC->RNO,11,11,0,0.0
route,SJC->SAN,57,57,0,0.0
route,SJC->SEA,65,65,0,0.0
route,SJC->SLC,22,22,0,0.0
route,SJC->SNA,28,28,0,0.0
route,SJC->TUS,3,3,0,0.0
route,SJT->DFW,16,16,0,0.0
route,SJU->ATL,10,10,0,0.0
route,SJU->BDL,2,2,0,0.0
route,SJU->BOS,5,5,0,0.0
route,SJU->BWI,7,7,0,0.0
route,SJU->CLT,5,5,0,0.0
route,SJU->DCA,3,3,0,0.0
route,SJU->DFW,4,4,0,0.0
route,SJU->EWR,8,8,0,0.0
route,SJU->FLL,33,33,0,0.0
route,SJU->HOU,1,1,0,0.0
route,SJU->IAD,3,3,0,0.0
route,SJU->IAH,2,2,0,0.0
route,SJU->JFK,25,25,0,0.0
route,SJU->MCO,48,48,0,0.0
route,SJU->MDW,5,5,0,0.0
route,SJU->MIA,19,19,0,0.0
route,SJU->ORD,4,4,0,0.0
route,SJU->PHL,7,7,0,0.0
route,SJU->RDU,1,1,0,0.0
route,SJU->SFB,1,1,0,0.0
route,SJU->STT,9,9,0,0.0
route,SJU->STX,2,2,0,0.0
route,SJU->TPA,12,12,0,0.0
route,SLC->ABQ,7,7,0,0.0
route,SLC->ASE,4,4,0,0.0
route,SLC->ATL,20,20,0,0.0
route,SLC->AUS,14,14,0,0.0
route,SLC->BIL,11,11,0,0.0
route,SLC->BNA,2,2,0,0.0
route,SLC->BOI,19,19,0,0.0
route,SLC->BOS,8,8,0,0.0
route,SLC->BTM,7,7,0,0.0
route,SLC->BUR,17,17,0,0.0
route,SLC->BWI,10,10,0,0.0
route,SLC->BZN,8,8,0,0.0
route,SLC->CDC,8,8,0,0.0
route,SLC->CLE,5,5,0,0.0
route,SLC->CLT,4,4,0,0.0
route,SLC->CMH,2,2,0,0.0
route,SLC->COS,4,4,0,0.0
route,SLC->CPR,6,6,0,0.0
route,SLC->CVG,4,4,0,0.0
route,SLC->DAL,7,7,0,0.0
route,SLC->DCA,5,5,0,0.0
route,SLC->DEN,71,71,0,0.0
route,SLC->DFW,24,24,0,0.0
route,SLC->DSM,2,2,0,0.0
route,SLC->DTW,4,4,0,0.0
route,SLC->EKO,5,5,0,0.0
route,SLC->ELP,4,4,0,0.0
route,SLC->EUG,10,10,0,0.0
route,SLC->EWR,8,8,0,0.0
route,SLC->FAT,11,11,0,0.0
route,SLC->FCA,7,7,0,0.0
route,SLC->FLL,5,5,0,0.0
route,SLC->GEG,10,10,0,0.0
route,SLC->GJT,13,13,0,0.0
route,SLC->GTF,10,10,0,0.0
route,SLC->HLN,8,8,0,0.0
route,SLC->HNL,3,3,0,0.0
route,SLC->HOU,7,7,0,0.0
route,SLC->IAH,25,25,0,0.0
route,SLC->IDA,13,13,0,0.0
route,SLC->IND,4,4,0,0.0
route,SLC->JAC,11,11,0,0.0
route,SLC->JFK,24,24,0,0.0
route,SLC->LAS,27,27,0,0.0
route,SLC->LAX,35,35,0,0.0
route,SLC->LGB,27,27,0,0.0
route,SLC->LWS,7,7,0,0.0
route,SLC->MCI,11,11,0,0.0
route,SLC->MCO,10,10,0,0.0
route,SLC->MDW,4,4,0,0.0
route,SLC->MFR,4,4,0,0.0
route,SLC->MKE,1,1,0,0.0
route,SLC->MSN,1,1,0,0.0
route,SLC->MSO,10,10,0,0.0
route,SLC->MSP,18,18,0,0.0
route,SLC->MSY,4,4,0,0.0
route,SLC->OAK,15,15,0,0.0
route,SLC->OKC,5,5,0,0.0
route,SLC->OMA,5,5,0,0.0
route,SLC->ONT,8,8,0,0.0
route,SLC->ORD,34,34,0,0.0
route,SLC->PDX,27,27,0,0.0
route,SLC->PHL,1,1,0,0.0
route,SLC->PHX,59,59,0,0.0
route,SLC->PIH,8,8,0,0.0
route,SLC->PIT,3,3,0,0.0
route,SLC->PSC,4,4,0,0.0
route,SLC->PSP,12,12,0,0.0
route,SLC->RAP,7,7,0,0.0
route,SLC->RDM,4,4,0,0.0
route,SLC->RDU,2,2,0,0.0
route,SLC->RNO,10,10,0,0.0
route,SLC->RSW,1,1,0,0.0
route,SLC->SAN,27,27,0,0.0
route,SLC->SAT,12,12,0,0.0
route,SLC->SBA,5,5,0,0.0
route,SLC->SEA,38,38,0,0.0
route,SLC->SFO,27,27,0,0.0
route,SLC->SGU,5,5,0,0.0
route,SLC->SJC,21,21,0,0.0
route,SLC->SMF,16,16,0,0.0
route,SLC->SNA,16,16,0,0.0
route,SLC->STL,8,8,0,0.0
route,SLC->SUN,9,9,0,0.0
route,SLC->TPA,2,2,0,0.0
route,SLC->TUL,8,8,0,0.0
route,SLC->TUS,10,10,0,0.0
route,SLC->TWF,5,5,0,0.0
route,SLN->HYS,9,9,0,0.0
route,SLN->ORD,4,4,0,0.0
route,SMF->ATL,6,6,0,0.0
route,SMF->AUS,2,2,0,0.0
route,SMF->BOI,8,8,0,0.0
route,SMF->BUR,19,19,0,0.0
route,SMF->BWI,2,2,0,0.0
route,SMF->CLT,2,2,0,0.0
route,SMF->DAL,4,4,0,0.0
route,SMF->DEN,29,29,0,0.0
route,SMF->DFW,16,16,0,0.0
route,SMF->EWR,2,2,0,0.0
route,SMF->GEG,1,1,0,0.0
route,SMF->HNL,4,4,0,0.0
route,SMF->IAD,3,3,0,0.0
route,SMF->IAH,7,7,0,0.0
route,SMF->JFK,6,6,0,0.0
route,SMF->LAS,37,37,0,0.0
route,SMF->LAX,46,46,0,0.0
route,SMF->LGB,19,19,0,0.0
route,SMF->MCO,4,4,0,0.0
route,SMF->MDW,2,2,0,0.0
route,SMF->MSP,8,8,0,0.0
route,SMF->MSY,2,2,0,0.0
route,SMF->OGG,4,4,0,0.0
route,SMF->ONT,21,21,0,0.0
route,SMF->ORD,9,9,0,0.0
route,SMF->PDX,31,31,0,0.0
route,SMF->PHX,30,30,0,0.0
route,SMF->SAN,30,30,0,0.0
route,SMF->SEA,42,42,0,0.0
route,SMF->SFO,18,18,0,0.0
route,SMF->SLC,18,18,0,0.0
route,SMF->SNA,18,18,0,0.0
route,SMF->STL,3,3,0,0.0
route,SMX->LAS,1,1,0,0.0
route,SNA->ABQ,2,2,0,0.0
route,SNA->ATL,8,8,0,0.0
route,SNA->DAL,1,1,0,0.0
route,SNA->DEN,26,26,0,0.0
route,SNA->DFW,23,23,0,0.0
route,SNA->DTW,1,1,0,0.0
route,SNA->EWR,14,14,0,0.0
route,SNA->HOU,1,1,0,0.0
route,SNA->IAH,10,10,0,0.0
route,SNA->JFK,3,3,0,0.0
route,SNA->LAS,36,36,0,0.0
route,SNA->MSP,11,11,0,0.0
route,SNA->OAK,18,18,0,0.0
route,SNA->ORD,22,22,0,0.0
route,SNA->PDX,16,16,0,0.0
route,SNA->PHX,49,49,0,0.0
route,SNA->SAT,2,2,0,0.0
route,SNA->SEA,37,37,0,0.0
route,SNA->SFO,32,32,0,0.0
route,SNA->SJC,52,52,0,0.0
route,SNA->SLC,14,14,0,0.0
route,SNA->SMF,13,13,0,0.0
route,SNA->STS,3,3,0,0.0
route,SPI->DFW,9,9,0,0.0
route,SPI->ORD,12,12,0,0.0
route,SPI->PGD,2,2,0,0.0
route,SPN->GUM,4,4,0,0.0
route,SPS->DFW,13,13,0,0.0
route,SRQ->ATL,23,23,0,0.0
route,SRQ->AVL,1,1,0,0.0
route,SRQ->BOS,2,2,0,0.0
route,SRQ->CLE,1,1,0,0.0
route,SRQ->CLT,18,18,0,0.0
route,SRQ->CVG,2,2,0,0.0
route,SRQ->DCA,1,1,0,0.0
route,SRQ->DFW,3,3,0,0.0
route,SRQ->DTW,1,1,0,0.0
route,SRQ->EWR,2,2,0,0.0
route,SRQ->IAD,4,4,0,0.0
route,SRQ->IND,2,2,0,0.0
route,SRQ->JFK,3,3,0,0.0
route,SRQ->LGA,2,2,0,0.0
route,SRQ->ORD,5,5,0,0.0
route,SRQ->RIC,2,2,0,0.0
route,STC->AZA,1,1,0,0.0
route,STL->ATL,28,28,0,0.0
route,STL->AUS,5,5,0,0.0
route,STL->BDL,2,2,0,0.0
route,STL->BNA,13,13,0,0.0
route,STL->BOS,10,10,0,0.0
route,STL->BWI,8,8,0,0.0
route,STL->CLE,6,6,0,0.0
route,STL->CLT,17,17,0,0.0
route,STL->CMH,3,3,0,0.0
route,STL->CVG,4,4,0,0.0
route,STL->DAL,11,11,0,0.0
route,STL->DCA,28,28,0,0.0
route,STL->DEN,37,37,0,0.0
route,STL->DFW,15,15,0,0.0
route,STL->DSM,12,12,0,0.0
route,STL->DTW,21,21,0,0.0
route,STL->EWR,21,21,0,0.0
route,STL->FLL,7,7,0,0.0
route,STL->HOU,3,3,0,0.0
route,STL->IAD,7,7,0,0.0
route,STL->IAH,18,18,0,0.0
route,STL->ICT,3,3,0,0.0
route,STL->LAS,17,17,0,0.0
route,STL->LAX,11,11,0,0.0
route,STL->LGA,33,33,0,0.0
route,STL->LIT,6,6,0,0.0
route,STL->MCI,8,8,0,0.0
route,STL->MCO,16,16,0,0.0
route,STL->MDW,19,19,0,0.0
route,STL->MIA,6,6,0,0.0
route,STL->MKE,3,3,0,0.0
route,STL->MSP,24,24,0,0.0
route,STL->MSY,7,7,0,0.0
route,STL->OAK,2,2,0,0.0
route,STL->OKC,8,8,0,0.0
route,STL->OMA,9,9,0,0.0
route,STL->ORD,44,44,0,0.0
route,STL->PDX,3,3,0,0.0
route,STL->PHL,25,25,0,0.0
route,STL->PHX,12,12,0,0.0
route,STL->PIT,8,8,0,0.0
route,STL->RDU,6,6,0,0.0
route,STL->RSW,6,6,0,0.0
route,STL->SAN,11,11,0,0.0
route,STL->SAT,7,7,0,0.0
route,STL->SEA,3,3,0,0.0
route,STL->SFO,6,6,0,0.0
route,STL->SJC,2,2,0,0.0
route,STL->SLC,12,12,0,0.0
route,STL->SMF,4,4,0,0.0
route,STL->TPA,5,5,0,0.0
route,STL->TUL,7,7,0,0.0
route,STS->DEN,2,2,0,0.0
route,STS->LAX,11,11,0,0.0
route,STS->PDX,4,4,0,0.0
route,STS->PHX,4,4,0,0.0
route,STS->SAN,1,1,0,0.0
route,STS->SEA,6,6,0,0.0
route,STS->SFO,1,1,0,0.0
route,STS->SNA,3,3,0,0.0
route,STT->ATL,6,6,0,0.0
route,STT->CLT,5,5,0,0.0
route,STT->EWR,1,1,0,0.0
route,STT->FLL,4,4,0,0.0
route,STT->MCO,2,2,0,0.0
route,STT->MIA,11,11,0,0.0
route,STT->ORD,1,1,0,0.0
route,STT->PHL,1,1,0,0.0
route,STT->SJU,3,3,0,0.0
route,STX->FLL,1,1,0,0.0
route,STX->MIA,4,4,0,0.0
route,STX->SJU,1,1,0,0.0
route,SUN->SEA,1,1,0,0.0
route,SUN->SLC,8,8,0,0.0
route,SUX->DFW,3,3,0,0.0
route,SUX->ORD,9,9,0,0.0
route,SWF->DTW,8,8,0,0.0
route,SWF->FLL,5,5,0,0.0
route,SWF->MCO,3,3,0,0.0
route,SWF->PHL,8,8,0,0.0
route,SWF->PIE,2,2,0,0.0
route,SWF->SFB,2,2,0,0.0
route,SWO->DFW,7,7,0,0.0
route,SYR->ATL,11,11,0,0.0
route,SYR->BNA,1,1,0,0.0
route,SYR->BOS,9,9,0,0.0
route,SYR->CLT,16,16,0,0.0
route,SYR->DCA,10,10,0,0.0
route,SYR->DEN,2,2,0,0.0
route,SYR->DTW,8,8,0,0.0
route,SYR->EWR,14,14,0,0.0
route,SYR->FLL,2,2,0,0.0
route,SYR->IAD,7,7,0,0.0
route,SYR->JFK,17,17,0,0.0
route,SYR->LGA,7,7,0,0.0
route,SYR->MCO,2,2,0,0.0
route,SYR->MSP,6,6,0,0.0
route,SYR->ORD,33,33,0,0.0
route,SYR->PGD,2,2,0,0.0
route,SYR->PHL,13,13,0,0.0
route,SYR->PIE,1,1,0,0.0
route,SYR->RSW,1,1,0,0.0
route,SYR->SFB,2,2,0,0.0
route,SYR->TPA,1,1,0,0.0
route,TLH->ATL,26,26,0,0.0
route,TLH->CLT,8,8,0,0.0
route,TLH->DCA,1,1,0,0.0
route,TLH->DFW,10,10,0,0.0
route,TLH->MIA,9,9,0,0.0
route,TOL->CLT,6,6,0,0.0
route,TOL->ORD,4,4,0,0.0
route,TOL->PGD,1,1,0,0.0
route,TPA->ACY,2,2,0,0.0
route,TPA->ALB,4,4,0,0.0
route,TPA->ATL,45,45,0,0.0
route,TPA->AUS,6,6,0,0.0
route,TPA->AVL,2,2,0,0.0
route,TPA->BDL,14,14,0,0.0
route,TPA->BHM,3,3,0,0.0
route,TPA->BNA,12,12,0,0.0
route,TPA->BOS,30,30,0,0.0
route,TPA->BUF,4,4,0,0.0
route,TPA->BWI,32,32,0,0.0
route,TPA->CAK,1,1,0,0.0
route,TPA->CLE,7,7,0,0.0
route,TPA->CLT,30,30,0,0.0
route,TPA->CMH,17,17,0,0.0
route,TPA->CVG,2,2,0,0.0
route,TPA->DAL,10,10,0,0.0
route,TPA->DCA,11,11,0,0.0
route,TPA->DEN,18,18,0,0.0
route,TPA->DFW,17,17,0,0.0
route,TPA->DTW,19,19,0,0.0
route,TPA->EWR,38,38,0,0.0
route,TPA->FLL,26,26,0,0.0
route,TPA->HOU,8,8,0,0.0
route,TPA->HPN,3,3,0,0.0
route,TPA->IAD,9,9,0,0.0
route,TPA->IAH,18,18,0,0.0
route,TPA->IND,9,9,0,0.0
route,TPA->ISP,7,7,0,0.0
route,TPA->JFK,27,27,0,0.0
route,TPA->LAS,15,15,0,0.0
route,TPA->LAX,4,4,0,0.0
route,TPA->LBE,1,1,0,0.0
route,TPA->LGA,16,16,0,0.0
route,TPA->MCI,3,3,0,0.0
route,TPA->MDW,18,18,0,0.0
route,TPA->MEM,3,3,0,0.0
route,TPA->MHT,1,1,0,0.0
route,TPA->MIA,20,20,0,0.0
route,TPA->MKE,8,8,0,0.0
route,TPA->MSP,11,11,0,0.0
route,TPA->MSY,12,12,0,0.0
route,TPA->ORD,23,23,0,0.0
route,TPA->PHL,19,19,0,0.0
route,TPA->PHX,11,11,0,0.0
route,TPA->PIT,9,9,0,0.0
route,TPA->PVD,2,2,0,0.0
route,TPA->RDU,14,14,0,0.0
route,TPA->RIC,1,1,0,0.0
route,TPA->ROC,1,1,0,0.0
route,TPA->SAN,3,3,0,0.0
route,TPA->SAT,4,4,0,0.0
route,TPA->SDF,2,2,0,0.0
route,TPA->SEA,4,4,0,0.0
route,TPA->SFO,2,2,0,0.0
route,TPA->SJU,9,9,0,0.0
route,TPA->SLC,1,1,0,0.0
route,TPA->STL,7,7,0,0.0
route,TPA->SYR,1,1,0,0.0
route,TPA->TTN,1,1,0,0.0
route,TRI->ATL,17,17,0,0.0
route,TRI->CLT,14,14,0,0.0
route,TRI->DFW,4,4,0,0.0
route,TTN->ATL,7,7,0,0.0
route,TTN->CHS,1,1,0,0.0
route,TTN->CLT,1,1,0,0.0
route,TTN->FLL,1,1,0,0.0
route,TTN->JAX,1,1,0,0.0
route,TTN->MCO,1,1,0,0.0
route,TTN->MYR,3,3,0,0.0
route,TTN->PBI,1,1,0,0.0
route,TTN->RDU,3,3,0,0.0
route,TTN->SRQ,1,1,0,0.0
route,TTN->TPA,5,5,0,0.0
route,TUL->ATL,14,14,0,0.0
route,TUL->CLT,5,5,0,0.0
route,TUL->DAL,11,11,0,0.0
route,TUL->DEN,15,15,0,0.0
route,TUL->DFW,28,28,0,0.0
route,TUL->HOU,10,10,0,0.0
route,TUL->IAH,23,23,0,0.0
route,TUL->LAS,7,7,0,0.0
route,TUL->LAX,2,2,0,0.0
route,TUL->MSP,2,2,0,0.0
route,TUL->ORD,25,25,0,0.0
route,TUL->PHX,5,5,0,0.0
route,TUL->SFB,1,1,0,0.0
route,TUL->SLC,4,4,0,0.0
route,TUL->STL,6,6,0,0.0
route,TUS->ATL,10,10,0,0.0
route,TUS->BLI,1,1,0,0.0
route,TUS->CLT,1,1,0,0.0
route,TUS->DEN,24,24,0,0.0
route,TUS->DFW,15,15,0,0.0
route,TUS->IAH,10,10,0,0.0
route,TUS->IND,1,1,0,0.0
route,TUS->LAS,9,9,0,0.0
route,TUS->LAX,22,22,0,0.0
route,TUS->MDW,1,1,0,0.0
route,TUS->MSP,3,3,0,0.0
route,TUS->ORD,11,11,0,0.0
route,TUS->PDX,3,3,0,0.0
route,TUS->PHX,21,21,0,0.0
route,TUS->SAN,3,3,0,0.0
route,TUS->SEA,7,7,0,0.0
route,TUS->SFO,5,5,0,0.0
route,TUS->SJC,12,12,0,0.0
route,TUS->SLC,11,11,0,0.0
route,TVC->DTW,14,14,0,0.0
route,TVC->ORD,20,20,0,0.0
route,TVC->PGD,1,1,0,0.0
route,TVC->PIE,1,1,0,0.0
route,TWF->SLC,9,9,0,0.0
route,TXK->DFW,15,15,0,0.0
route,TYR->DFW,12,12,0,0.0
route,TYS->ATL,20,20,0,0.0
route,TYS->CLT,23,23,0,0.0
route,TYS->DCA,7,7,0,0.0
route,TYS->DEN,4,4,0,0.0
route,TYS->DFW,16,16,0,0.0
route,TYS->DTW,7,7,0,0.0
route,TYS->EWR,5,5,0,0.0
route,TYS->FLL,1,1,0,0.0
route,TYS->IAD,7,7,0,0.0
route,TYS->IAH,14,14,0,0.0
route,TYS->LAS,1,1,0,0.0
route,TYS->LGA,8,8,0,0.0
route,TYS->MIA,2,2,0,0.0
route,TYS->MSP,1,1,0,0.0
route,TYS->ORD,20,20,0,0.0
route,TYS->PGD,1,1,0,0.0
route,TYS->PHL,6,6,0,0.0
route,TYS->PIE,1,1,0,0.0
route,TYS->SFB,6,6,0,0.0
route,UIN->CGI,1,1,0,0.0
route,UIN->ORD,4,4,0,0.0
route,USA->FLL,6,6,0,0.0
route,USA->PGD,1,1,0,0.0
route,USA->PIE,3,3,0,0.0
route,USA->SFB,2,2,0,0.0
route,VEL->DEN,6,6,0,0.0
route,VLD->ATL,11,11,0,0.0
route,VPS->ATL,16,16,0,0.0
route,VPS->BLV,3,3,0,0.0
route,VPS->CLT,9,9,0,0.0
route,VPS->CVG,2,2,0,0.0
route,VPS->DCA,2,2,0,0.0
route,VPS->DFW,15,15,0,0.0
route,VPS->IAH,4,4,0,0.0
route,VPS->OKC,2,2,0,0.0
route,VPS->SDF,2,2,0,0.0
route,VPS->SGF,1,1,0,0.0
route,WRG->KTN,2,2,0,0.0
route,WRG->PSG,4,4,0,0.0
route,XNA->ATL,13,13,0,0.0
route,XNA->AZA,1,1,0,0.0
route,XNA->CLT,10,10,0,0.0
route,XNA->DCA,2,2,0,0.0
route,XNA->DEN,4,4,0,0.0
route,XNA->DFW,28,28,0,0.0
route,XNA->EWR,2,2,0,0.0
route,XNA->IAH,11,11,0,0.0
route,XNA->LAS,1,1,0,0.0
route,XNA->LAX,2,2,0,0.0
route,XNA->LGA,13,13,0,0.0
route,XNA->MSP,4,4,0,0.0
route,XNA->ORD,35,35,0,0.0
route,XNA->PHL,1,1,0,0.0
route,XNA->SFB,1,1,0,0.0
route,XNA->SFO,2,2,0,0.0
route,XNA->VPS,1,1,0,0.0
route,XWA->DEN,3,3,0,0.0
route,XWA->MSP,5,5,0,0.0
route,YAK->CDV,4,4,0,0.0
route,YAK->JNU,4,4,0,0.0
route,YKM->SEA,7,7,0,0.0
route,YUM->DFW,2,2,0,0.0
route,YUM->PHX,9,9,0,0.0
Day_of_Month,1,2246,2246,0,0.0
Day_of_Month,10,2081,2081,0,0.0
Day_of_Month,11,2327,2327,0,0.0
Day_of_Month,12,2503,2503,0,0.0
Day_of_Month,13,2309,2309,0,0.0
Day_of_Month,14,2473,2473,0,0.0
Day_of_Month,15,2451,2451,0,0.0
Day_of_Month,16,2264,2264,0,0.0
Day_of_Month,17,2124,2124,0,0.0
Day_of_Month,18,2235,2235,0,0.0
Day_of_Month,19,2301,2301,0,0.0
Day_of_Month,2,2184,2184,0,0.0
Day_of_Month,20,2379,2379,0,0.0
Day_of_Month,21,2490,2490,0,0.0
Day_of_Month,22,1869,1869,0,0.0
Day_of_Month,23,1807,1807,0,0.0
Day_of_Month,24,2351,2351,0,0.0
Day_of_Month,25,2432,2432,0,0.0
Day_of_Month,26,2388,2388,0,0.0
Day_of_Month,27,2415,2415,0,0.0
Day_of_Month,28,1904,1904,0,0.0
Day_of_Month,29,2163,2163,0,0.0
Day_of_Month,3,2036,2036,0,0.0
Day_of_Month,30,2431,2431,0,0.0
Day_of_Month,4,2325,2325,0,0.0
Day_of_Month,5,2347,2347,0,0.0
Day_of_Month,6,2250,2250,0,0.0
Day_of_Month,7,2405,2405,0,0.0
Day_of_Month,8,2450,2450,0,0.0
Day_of_Month,9,2343,2343,0,0.0
