dimension,value,eligible_rows,matched_rows,unmatched_rows,unmatched_rate
Carrier_ID(DOT),19393,12967,12967,0,0.0
Carrier_ID(DOT),19687,1116,1116,0,0.0
Carrier_ID(DOT),19690,763,763,0,0.0
Carrier_ID(DOT),19790,3975,3975,0,0.0
Carrier_ID(DOT),19805,3573,3573,0,0.0
Carrier_ID(DOT),19930,2628,2628,0,0.0
Carrier_ID(DOT),19977,6198,6198,0,0.0
Carrier_ID(DOT),20046,939,939,0,0.0
Carrier_ID(DOT),20225,21,21,0,0.0
Carrier_ID(DOT),20237,679,679,0,0.0
Carrier_ID(DOT),20263,66,66,0,0.0
Carrier_ID(DOT),20304,5017,5017,0,0.0
Carrier_ID(DOT),20363,944,944,0,0.0
Carrier_ID(DOT),20366,1191,1191,0,0.0
Carrier_ID(DOT),20368,1227,1227,0,0.0
Carrier_ID(DOT),20378,1509,1509,0,0.0
Carrier_ID(DOT),20397,1080,1080,0,0.0
Carrier_ID(DOT),20398,1270,1270,0,0.0
Carrier_ID(DOT),20409,2954,2954,0,0.0
Carrier_ID(DOT),20416,1848,1848,0,0.0
Carrier_ID(DOT),20427,483,483,0,0.0
Carrier_ID(DOT),20436,1326,1326,0,0.0
Carrier_ID(DOT),20445,473,473,0,0.0
Carrier_ID(DOT),20452,1746,1746,0,0.0
Carrier_ID(DOT),20500,505,505,0,0.0
Carrier_ID(DOT),21167,398,398,0,0.0
Airline,(missing),6079,6079,0,0.0
Airline,Air Wisconsin Airlines Corp,833,833,0,0.0
Airline,Alaska Airlines Inc.,2346,2346,0,0.0
Airline,Allegiant Air,1090,1090,0,0.0
Airline,American Airlines Inc.,3181,3181,0,0.0
Airline,Capital Cargo International,434,434,0,0.0
Airline,Comair Inc.,963,963,0,0.0
Airline,"Commutair Aka Champlain Enterprises, Inc.",433,433,0,0.0
Airline,Compass Airlines,365,365,0,0.0
Airline,Delta Air Lines Inc.,3525,3525,0,0.0
Airline,Empire Airlines Inc.,63,63,0,0.0
Airline,Endeavor Air Inc.,847,847,0,0.0
Airline,Envoy Air,1147,1147,0,0.0
Airline,ExpressJet Airlines Inc.,1055,1055,0,0.0
Airline,Frontier Airlines Inc.,1155,1155,0,0.0
Airline,"GoJet Airlines, LLC d/b/a United Express",462,462,0,0.0
Airline,Hawaiian Airlines Inc.,678,678,0,0.0
Airline,Horizon Air,994,994,0,0.0
Airline,JetBlue Airways,2625,2625,0,0.0
Airline,Mesa Airlines Inc.,1343,1343,0,0.0
Airline,Peninsula Airways Inc.,19,19,0,0.0
Airline,Republic Airlines,1544,1544,0,0.0
Airline,SkyWest Airlines Inc.,4438,4438,0,0.0
Airline,Southwest Airlines Co.,11485,11485,0,0.0
Airline,Spirit Air Lines,1654,1654,0,0.0
Airline,Trans States Airlines,607,607,0,0.0
Airline,United Air Lines Inc.,5531,5531,0,0.0
carrier_group,previously-absent operator,4680,4680,0,0.0
carrier_group,reporting carrier,50216,50216,0,0.0
route,ABE->ATL,3,3,0,0.0
route,ABE->DTW,5,5,0,0.0
route,ABE->ORD,10,10,0,0.0
route,ABE->PHL,6,6,0,0.0
route,ABE->SAV,1,1,0,0.0
route,ABE->SFB,6,6,0,0.0
route,ABI->DFW,10,10,0,0.0
route,ABQ->ATL,3,3,0,0.0
route,ABQ->AUS,5,5,0,0.0
route,ABQ->BWI,6,6,0,0.0
route,ABQ->DAL,9,9,0,0.0
route,ABQ->DEN,37,37,0,0.0
route,ABQ->DFW,10,10,0,0.0
route,ABQ->HOU,10,10,0,0.0
route,ABQ->IAH,13,13,0,0.0
route,ABQ->JFK,2,2,0,0.0
route,ABQ->LAS,16,16,0,0.0
route,ABQ->LAX,23,23,0,0.0
route,ABQ->MCI,6,6,0,0.0
route,ABQ->MCO,1,1,0,0.0
route,ABQ->MDW,5,5,0,0.0
route,ABQ->MSP,5,5,0,0.0
route,ABQ->OAK,5,5,0,0.0
route,ABQ->ORD,5,5,0,0.0
route,ABQ->PDX,6,6,0,0.0
route,ABQ->PHX,25,25,0,0.0
route,ABQ->SAN,12,12,0,0.0
route,ABQ->SEA,3,3,0,0.0
route,ABQ->SFO,11,11,0,0.0
route,ABQ->SLC,4,4,0,0.0
route,ABQ->SNA,2,2,0,0.0
route,ABR->MSP,5,5,0,0.0
route,ABY->ATL,2,2,0,0.0
route,ACK->BOS,4,4,0,0.0
route,ACK->DCA,3,3,0,0.0
route,ACK->EWR,11,11,0,0.0
route,ACK->HPN,2,2,0,0.0
route,ACK->JFK,16,16,0,0.0
route,ACK->LGA,5,5,0,0.0
route,ACT->DFW,6,6,0,0.0
route,ACV->DEN,1,1,0,0.0
route,ACV->LAX,5,5,0,0.0
route,ACV->SFO,11,11,0,0.0
route,ACY->ATL,4,4,0,0.0
route,ACY->FLL,4,4,0,0.0
route,ACY->MCO,7,7,0,0.0
route,ACY->MYR,3,3,0,0.0
route,ACY->RSW,5,5,0,0.0
route,ACY->TPA,2,2,0,0.0
route,ADQ->ANC,7,7,0,0.0
route,AEX->ATL,6,6,0,0.0
route,AEX->DFW,5,5,0,0.0
route,AEX->IAH,10,10,0,0.0
route,AGS->ATL,8,8,0,0.0
route,AGS->CLT,14,14,0,0.0
route,AGS->DFW,1,1,0,0.0
route,AKN->ANC,7,7,0,0.0
route,ALB->ATL,3,3,0,0.0
route,ALB->BWI,20,20,0,0.0
route,ALB->CLT,2,2,0,0.0
route,ALB->DCA,5,5,0,0.0
route,ALB->DEN,3,3,0,0.0
route,ALB->DTW,3,3,0,0.0
route,ALB->EWR,17,17,0,0.0
route,ALB->FLL,4,4,0,0.0
route,ALB->IAD,7,7,0,0.0
route,ALB->MCO,4,4,0,0.0
route,ALB->MDW,9,9,0,0.0
route,ALB->MSP,2,2,0,0.0
route,ALB->ORD,16,16,0,0.0
route,ALB->PHL,7,7,0,0.0
route,ALB->RDU,2,2,0,0.0
route,ALB->SFB,1,1,0,0.0
route,ALW->SEA,13,13,0,0.0
route,AMA->DAL,8,8,0,0.0
route,AMA->DEN,5,5,0,0.0
route,AMA->DFW,11,11,0,0.0
route,AMA->IAH,6,6,0,0.0
route,AMA->LAS,6,6,0,0.0
route,ANC->ADQ,8,8,0,0.0
route,ANC->AKN,2,2,0,0.0
route,ANC->ATL,2,2,0,0.0
route,ANC->BET,12,12,0,0.0
route,ANC->BLI,2,2,0,0.0
route,ANC->CDV,7,7,0,0.0
route,ANC->DEN,6,6,0,0.0
route,ANC->DLG,1,1,0,0.0
route,ANC->DUT,10,10,0,0.0
route,ANC->EWR,2,2,0,0.0
route,ANC->FAI,21,21,0,0.0
route,ANC->HNL,4,4,0,0.0
route,ANC->IAH,2,2,0,0.0
route,ANC->JNU,18,18,0,0.0
route,ANC->LAX,6,6,0,0.0
route,ANC->MSP,5,5,0,0.0
route,ANC->OME,2,2,0,0.0
route,ANC->ORD,8,8,0,0.0
route,ANC->OTZ,3,3,0,0.0
route,ANC->PDX,15,15,0,0.0
route,ANC->PHX,1,1,0,0.0
route,ANC->SCC,6,6,0,0.0
route,ANC->SEA,61,61,0,0.0
route,ANC->SFO,2,2,0,0.0
route,ANC->SLC,2,2,0,0.0
route,APN->DTW,1,1,0,0.0
route,ART->PHL,3,3,0,0.0
route,ASE->DEN,27,27,0,0.0
route,ASE->DFW,4,4,0,0.0
route,ASE->IAH,4,4,0,0.0
route,ASE->LAX,7,7,0,0.0
route,ASE->ORD,7,7,0,0.0
route,ASE->PHX,2,2,0,0.0
route,ASE->SFO,4,4,0,0.0
route,ASE->SLC,2,2,0,0.0
route,ATL->ABE,6,6,0,0.0
route,ATL->ABQ,4,4,0,0.0
route,ATL->ABY,3,3,0,0.0
route,ATL->ACY,5,5,0,0.0
route,ATL->AEX,4,4,0,0.0
route,ATL->AGS,9,9,0,0.0
route,ATL->ALB,9,9,0,0.0
route,ATL->ANC,3,3,0,0.0
route,ATL->ATW,4,4,0,0.0
route,ATL->AUS,15,15,0,0.0
route,ATL->AVL,12,12,0,0.0
route,ATL->AVP,1,1,0,0.0
route,ATL->BDL,9,9,0,0.0
route,ATL->BHM,16,16,0,0.0
route,ATL->BMI,6,6,0,0.0
route,ATL->BNA,22,22,0,0.0
route,ATL->BOS,65,65,0,0.0
route,ATL->BQK,6,6,0,0.0
route,ATL->BTR,8,8,0,0.0
route,ATL->BTV,2,2,0,0.0
route,ATL->BUF,10,10,0,0.0
route,ATL->BUR,5,5,0,0.0
route,ATL->BWI,41,41,0,0.0
route,ATL->CAE,19,19,0,0.0
route,ATL->CAK,2,2,0,0.0
route,ATL->CHA,19,19,0,0.0
route,ATL->CHO,4,4,0,0.0
route,ATL->CHS,11,11,0,0.0
route,ATL->CID,5,5,0,0.0
route,ATL->CLE,19,19,0,0.0
route,ATL->CLT,13,13,0,0.0
route,ATL->CMH,16,16,0,0.0
route,ATL->COS,4,4,0,0.0
route,ATL->CRW,10,10,0,0.0
route,ATL->CSG,4,4,0,0.0
route,ATL->CVG,10,10,0,0.0
route,ATL->DAB,9,9,0,0.0
route,ATL->DAL,20,20,0,0.0
route,ATL->DAY,3,3,0,0.0
route,ATL->DCA,27,27,0,0.0
route,ATL->DEN,42,42,0,0.0
route,ATL->DFW,32,32,0,0.0
route,ATL->DHN,4,4,0,0.0
route,ATL->DSM,3,3,0,0.0
route,ATL->DTW,34,34,0,0.0
route,ATL->ECP,10,10,0,0.0
route,ATL->ELP,9,9,0,0.0
route,ATL->EVV,4,4,0,0.0
route,ATL->EWN,3,3,0,0.0
route,ATL->EWR,47,47,0,0.0
route,ATL->EYW,5,5,0,0.0
route,ATL->FAY,5,5,0,0.0
route,ATL->FCA,1,1,0,0.0
route,ATL->FLL,60,60,0,0.0
route,ATL->FNT,6,6,0,0.0
route,ATL->FSM,3,3,0,0.0
route,ATL->FWA,10,10,0,0.0
route,ATL->GNV,9,9,0,0.0
route,ATL->GPT,11,11,0,0.0
route,ATL->GRB,1,1,0,0.0
route,ATL->GRR,6,6,0,0.0
route,ATL->GSO,8,8,0,0.0
route,ATL->GSP,19,19,0,0.0
route,ATL->GTR,8,8,0,0.0
route,ATL->HHH,5,5,0,0.0
route,ATL->HNL,2,2,0,0.0
route,ATL->HOU,33,33,0,0.0
route,ATL->HPN,10,10,0,0.0
route,ATL->HSV,6,6,0,0.0
route,ATL->IAD,25,25,0,0.0
route,ATL->IAH,37,37,0,0.0
route,ATL->ICT,6,6,0,0.0
route,ATL->ILM,8,8,0,0.0
route,ATL->IND,24,24,0,0.0
route,ATL->ISP,1,1,0,0.0
route,ATL->JAN,13,13,0,0.0
route,ATL->JAX,28,28,0,0.0
route,ATL->JFK,24,24,0,0.0
route,ATL->LAS,34,34,0,0.0
route,ATL->LAX,35,35,0,0.0
route,ATL->LEX,9,9,0,0.0
route,ATL->LFT,5,5,0,0.0
route,ATL->LGA,56,56,0,0.0
route,ATL->LIT,6,6,0,0.0
route,ATL->LNK,4,4,0,0.0
route,ATL->MCI,24,24,0,0.0
route,ATL->MCO,53,53,0,0.0
route,ATL->MDT,3,3,0,0.0
route,ATL->MDW,25,25,0,0.0
route,ATL->MEM,13,13,0,0.0
route,ATL->MGM,7,7,0,0.0
route,ATL->MHT,1,1,0,0.0
route,ATL->MIA,22,22,0,0.0
route,ATL->MKE,12,12,0,0.0
route,ATL->MLB,5,5,0,0.0
route,ATL->MLI,6,6,0,0.0
route,ATL->MLU,8,8,0,0.0
route,ATL->MOB,9,9,0,0.0
route,ATL->MSN,3,3,0,0.0
route,ATL->MSP,28,28,0,0.0
route,ATL->MSY,25,25,0,0.0
route,ATL->MYR,4,4,0,0.0
route,ATL->OAJ,6,6,0,0.0
route,ATL->OAK,3,3,0,0.0
route,ATL->OKC,7,7,0,0.0
route,ATL->OMA,2,2,0,0.0
route,ATL->ONT,4,4,0,0.0
route,ATL->ORD,61,61,0,0.0
route,ATL->ORF,6,6,0,0.0
route,ATL->PBI,15,15,0,0.0
route,ATL->PDX,13,13,0,0.0
route,ATL->PHF,2,2,0,0.0
route,ATL->PHL,39,39,0,0.0
route,ATL->PHX,18,18,0,0.0
route,ATL->PIA,4,4,0,0.0
route,ATL->PIT,14,14,0,0.0
route,ATL->PNS,11,11,0,0.0
route,ATL->PVD,1,1,0,0.0
route,ATL->PWM,4,4,0,0.0
route,ATL->RDU,27,27,0,0.0
route,ATL->RIC,21,21,0,0.0
route,ATL->ROA,7,7,0,0.0
route,ATL->ROC,4,4,0,0.0
route,ATL->RST,3,3,0,0.0
route,ATL->RSW,16,16,0,0.0
route,ATL->SAN,11,11,0,0.0
route,ATL->SAT,21,21,0,0.0
route,ATL->SAV,10,10,0,0.0
route,ATL->SBN,11,11,0,0.0
route,ATL->SDF,6,6,0,0.0
route,ATL->SEA,15,15,0,0.0
route,ATL->SFO,23,23,0,0.0
route,ATL->SGF,6,6,0,0.0
route,ATL->SHV,12,12,0,0.0
route,ATL->SJC,6,6,0,0.0
route,ATL->SJU,12,12,0,0.0
route,ATL->SLC,13,13,0,0.0
route,ATL->SMF,5,5,0,0.0
route,ATL->SNA,6,6,0,0.0
route,ATL->SRQ,8,8,0,0.0
route,ATL->STL,20,20,0,0.0
route,ATL->SYR,4,4,0,0.0
route,ATL->TLH,13,13,0,0.0
route,ATL->TPA,53,53,0,0.0
route,ATL->TRI,8,8,0,0.0
route,ATL->TTN,2,2,0,0.0
route,ATL->TUL,5,5,0,0.0
route,ATL->TUS,4,4,0,0.0
route,ATL->TYS,11,11,0,0.0
route,ATL->VLD,3,3,0,0.0
route,ATL->VPS,7,7,0,0.0
route,ATL->XNA,7,7,0,0.0
route,ATW->ATL,3,3,0,0.0
route,ATW->AZA,1,1,0,0.0
route,ATW->DEN,1,1,0,0.0
route,ATW->DTW,4,4,0,0.0
route,ATW->LAS,1,1,0,0.0
route,ATW->MSP,7,7,0,0.0
route,ATW->ORD,20,20,0,0.0
route,ATW->PIE,2,2,0,0.0
route,ATW->SFB,1,1,0,0.0
route,ATY->DEN,1,1,0,0.0
route,ATY->PIR,2,2,0,0.0
route,AUS->ABQ,5,5,0,0.0
route,AUS->ATL,31,31,0,0.0
route,AUS->BNA,8,8,0,0.0
route,AUS->BOS,9,9,0,0.0
route,AUS->BUF,1,1,0,0.0
route,AUS->BWI,7,7,0,0.0
route,AUS->CLE,2,2,0,0.0
route,AUS->CLT,5,5,0,0.0
route,AUS->CVG,3,3,0,0.0
route,AUS->DAL,34,34,0,0.0
route,AUS->DCA,4,4,0,0.0
route,AUS->DEN,44,44,0,0.0
route,AUS->DFW,13,13,0,0.0
route,AUS->DTW,9,9,0,0.0
route,AUS->ELP,12,12,0,0.0
route,AUS->EWR,17,17,0,0.0
route,AUS->FLL,12,12,0,0.0
route,AUS->HOU,14,14,0,0.0
route,AUS->HRL,2,2,0,0.0
route,AUS->IAD,11,11,0,0.0
route,AUS->IAH,27,27,0,0.0
route,AUS->JFK,17,17,0,0.0
route,AUS->LAS,17,17,0,0.0
route,AUS->LAX,28,28,0,0.0
route,AUS->LBB,2,2,0,0.0
route,AUS->LGB,6,6,0,0.0
route,AUS->MCI,2,2,0,0.0
route,AUS->MCO,16,16,0,0.0
route,AUS->MDW,15,15,0,0.0
route,AUS->MEM,3,3,0,0.0
route,AUS->MIA,4,4,0,0.0
route,AUS->MKE,1,1,0,0.0
route,AUS->MSP,9,9,0,0.0
route,AUS->MSY,9,9,0,0.0
route,AUS->OAK,3,3,0,0.0
route,AUS->OMA,1,1,0,0.0
route,AUS->ONT,2,2,0,0.0
route,AUS->ORD,25,25,0,0.0
route,AUS->PDX,4,4,0,0.0
route,AUS->PHL,6,6,0,0.0
route,AUS->PHX,20,20,0,0.0
route,AUS->PNS,1,1,0,0.0
route,AUS->RDU,2,2,0,0.0
route,AUS->SAN,16,16,0,0.0
route,AUS->SEA,9,9,0,0.0
route,AUS->SFB,2,2,0,0.0
route,AUS->SFO,25,25,0,0.0
route,AUS->SJC,14,14,0,0.0
route,AUS->SLC,9,9,0,0.0
route,AUS->SMF,5,5,0,0.0
route,AUS->SNA,1,1,0,0.0
route,AUS->STL,9,9,0,0.0
route,AUS->TPA,8,8,0,0.0
route,AVL->ATL,11,11,0,0.0
route,AVL->BWI,1,1,0,0.0
route,AVL->CLT,9,9,0,0.0
route,AVL->DFW,2,2,0,0.0
route,AVL->EWR,4,4,0,0.0
route,AVL->FLL,10,10,0,0.0
route,AVL->IAD,4,4,0,0.0
route,AVL->MCO,2,2,0,0.0
route,AVL->ORD,5,5,0,0.0
route,AVL->PGD,1,1,0,0.0
route,AVL->PHL,1,1,0,0.0
route,AVL->PIE,4,4,0,0.0
route,AVL->SFB,4,4,0,0.0
route,AVP->ATL,1,1,0,0.0
route,AVP->CLT,3,3,0,0.0
route,AVP->DTW,3,3,0,0.0
route,AVP->EWR,5,5,0,0.0
route,AVP->ORD,6,6,0,0.0
route,AVP->PHL,3,3,0,0.0
route,AZA->ATW,2,2,0,0.0
route,AZA->BIL,2,2,0,0.0
route,AZA->BIS,1,1,0,0.0
route,AZA->BLI,3,3,0,0.0
route,AZA->BZN,2,2,0,0.0
route,AZA->CID,4,4,0,0.0
route,AZA->CVG,2,2,0,0.0
route,AZA->DSM,1,1,0,0.0
route,AZA->EUG,3,3,0,0.0
route,AZA->FAR,4,4,0,0.0
route,AZA->FSD,3,3,0,0.0
route,AZA->FWA,2,2,0,0.0
route,AZA->GRI,4,4,0,0.0
route,AZA->GRR,3,3,0,0.0
route,AZA->IDA,1,1,0,0.0
route,AZA->LAS,3,3,0,0.0
route,AZA->MEM,1,1,0,0.0
route,AZA->MFR,1,1,0,0.0
route,AZA->MSO,3,3,0,0.0
route,AZA->OAK,1,1,0,0.0
route,AZA->OGD,1,1,0,0.0
route,AZA->OMA,1,1,0,0.0
route,AZA->PIA,1,1,0,0.0
route,AZA->PSC,1,1,0,0.0
route,AZA->PVU,8,8,0,0.0
route,AZA->RFD,1,1,0,0.0
route,AZA->SBN,1,1,0,0.0
route,AZA->SGF,4,4,0,0.0
route,AZA->STC,1,1,0,0.0
route,AZO->DTW,10,10,0,0.0
route,AZO->MSP,1,1,0,0.0
route,AZO->ORD,10,10,0,0.0
route,BDL->ATL,13,13,0,0.0
route,BDL->BWI,17,17,0,0.0
route,BDL->CLT,7,7,0,0.0
route,BDL->CVG,1,1,0,0.0
route,BDL->DCA,11,11,0,0.0
route,BDL->DEN,7,7,0,0.0
route,BDL->DTW,10,10,0,0.0
route,BDL->EWR,1,1,0,0.0
route,BDL->FLL,16,16,0,0.0
route,BDL->IAD,16,16,0,0.0
route,BDL->IAH,1,1,0,0.0
route,BDL->LAS,4,4,0,0.0
route,BDL->LAX,1,1,0,0.0
route,BDL->MCO,31,31,0,0.0
route,BDL->MDW,9,9,0,0.0
route,BDL->MIA,1,1,0,0.0
route,BDL->MSP,3,3,0,0.0
route,BDL->MYR,4,4,0,0.0
route,BDL->ORD,19,19,0,0.0
route,BDL->PBI,5,5,0,0.0
route,BDL->PHL,7,7,0,0.0
route,BDL->RDU,2,2,0,0.0
route,BDL->SFO,3,3,0,0.0
route,BDL->SJU,8,8,0,0.0
route,BDL->STL,1,1,0,0.0
route,BDL->TPA,16,16,0,0.0
route,BET->ANC,10,10,0,0.0
route,BFF->DEN,3,3,0,0.0
route,BFL->DEN,10,10,0,0.0
route,BFL->DFW,1,1,0,0.0
route,BFL->PHX,6,6,0,0.0
route,BFL->SFO,4,4,0,0.0
route,BGM->DTW,3,3,0,0.0
route,BGR->CLT,5,5,0,0.0
route,BGR->DCA,2,2,0,0.0
route,BGR->EWR,11,11,0,0.0
route,BGR->LGA,4,4,0,0.0
route,BGR->ORD,3,3,0,0.0
route,BGR->PHL,5,5,0,0.0
route,BGR->PIE,3,3,0,0.0
route,BGR->SFB,1,1,0,0.0
route,BHM->ATL,11,11,0,0.0
route,BHM->BWI,5,5,0,0.0
route,BHM->CLT,8,8,0,0.0
route,BHM->DAL,10,10,0,0.0
route,BHM->DCA,4,4,0,0.0
route,BHM->DEN,8,8,0,0.0
route,BHM->DFW,5,5,0,0.0
route,BHM->DTW,4,4,0,0.0
route,BHM->HOU,7,7,0,0.0
route,BHM->IAH,7,7,0,0.0
route,BHM->LAS,3,3,0,0.0
route,BHM->LGA,5,5,0,0.0
route,BHM->MCO,8,8,0,0.0
route,BHM->MDW,5,5,0,0.0
route,BHM->MIA,2,2,0,0.0
route,BHM->ORD,18,18,0,0.0
route,BHM->PHL,5,5,0,0.0
route,BHM->TPA,4,4,0,0.0
route,BIL->AZA,1,1,0,0.0
route,BIL->DEN,16,16,0,0.0
route,BIL->DFW,3,3,0,0.0
route,BIL->MSP,4,4,0,0.0
route,BIL->ORD,4,4,0,0.0
route,BIL->PDX,1,1,0,0.0
route,BIL->SEA,4,4,0,0.0
route,BIL->SLC,2,2,0,0.0
route,BIS->AZA,1,1,0,0.0
route,BIS->DEN,14,14,0,0.0
route,BIS->DFW,1,1,0,0.0
route,BIS->LAS,1,1,0,0.0
route,BIS->MSP,8,8,0,0.0
route,BIS->ORD,8,8,0,0.0
route,BIS->SFB,1,1,0,0.0
route,BJI->MSP,5,5,0,0.0
route,BKG->DEN,1,1,0,0.0
route,BLI->ANC,3,3,0,0.0
route,BLI->AZA,3,3,0,0.0
route,BLI->LAS,7,7,0,0.0
route,BLI->LAX,3,3,0,0.0
route,BLI->OAK,5,5,0,0.0
route,BLI->PDX,4,4,0,0.0
route,BLI->PSP,1,1,0,0.0
route,BLI->SEA,17,17,0,0.0
route,BLV->FLL,2,2,0,0.0
route,BLV->JAX,1,1,0,0.0
route,BLV->LAS,2,2,0,0.0
route,BLV->MYR,2,2,0,0.0
route,BLV->PGD,3,3,0,0.0
route,BLV->PIE,2,2,0,0.0
route,BLV->SFB,2,2,0,0.0
route,BLV->VPS,6,6,0,0.0
route,BMI->ATL,4,4,0,0.0
route,BMI->DEN,1,1,0,0.0
route,BMI->DFW,3,3,0,0.0
route,BMI->ORD,3,3,0,0.0
route,BNA->ABE,1,1,0,0.0
route,BNA->ATL,19,19,0,0.0
route,BNA->AUS,4,4,0,0.0
route,BNA->BOS,18,18,0,0.0
route,BNA->BUR,2,2,0,0.0
route,BNA->BWI,13,13,0,0.0
route,BNA->CHS,6,6,0,0.0
route,BNA->CID,2,2,0,0.0
route,BNA->CLE,8,8,0,0.0
route,BNA->CLT,17,17,0,0.0
route,BNA->CMH,4,4,0,0.0
route,BNA->DAL,20,20,0,0.0
route,BNA->DCA,15,15,0,0.0
route,BNA->DEN,33,33,0,0.0
route,BNA->DFW,11,11,0,0.0
route,BNA->DTW,16,16,0,0.0
route,BNA->ECP,7,7,0,0.0
route,BNA->EWR,17,17,0,0.0
route,BNA->FLL,19,19,0,0.0
route,BNA->HOU,15,15,0,0.0
route,BNA->IAD,10,10,0,0.0
route,BNA->IAH,11,11,0,0.0
route,BNA->JAX,11,11,0,0.0
route,BNA->JFK,9,9,0,0.0
route,BNA->LAS,15,15,0,0.0
route,BNA->LAX,10,10,0,0.0
route,BNA->LGA,22,22,0,0.0
route,BNA->MCI,16,16,0,0.0
route,BNA->MCO,19,19,0,0.0
route,BNA->MDT,1,1,0,0.0
route,BNA->MDW,24,24,0,0.0
route,BNA->MIA,3,3,0,0.0
route,BNA->MKE,9,9,0,0.0
route,BNA->MSP,8,8,0,0.0
route,BNA->MSY,12,12,0,0.0
route,BNA->MYR,1,1,0,0.0
route,BNA->OAK,4,4,0,0.0
route,BNA->ORD,20,20,0,0.0
route,BNA->PGD,2,2,0,0.0
route,BNA->PHL,11,11,0,0.0
route,BNA->PHX,8,8,0,0.0
route,BNA->PIT,2,2,0,0.0
route,BNA->PNS,12,12,0,0.0
route,BNA->RDU,9,9,0,0.0
route,BNA->RIC,2,2,0,0.0
route,BNA->SAN,8,8,0,0.0
route,BNA->SAT,4,4,0,0.0
route,BNA->SEA,11,11,0,0.0
route,BNA->SFO,18,18,0,0.0
route,BNA->SJC,3,3,0,0.0
route,BNA->SLC,1,1,0,0.0
route,BNA->STL,7,7,0,0.0
route,BNA->SYR,3,3,0,0.0
route,BNA->TPA,12,12,0,0.0
route,BNA->TTN,1,1,0,0.0
route,BNA->VPS,1,1,0,0.0
route,BOI->DAL,2,2,0,0.0
route,BOI->DEN,22,22,0,0.0
route,BOI->DFW,3,3,0,0.0
route,BOI->GEG,13,13,0,0.0
route,BOI->IAH,7,7,0,0.0
route,BOI->LAS,5,5,0,0.0
route,BOI->LAX,8,8,0,0.0
route,BOI->LWS,4,4,0,0.0
route,BOI->MDW,3,3,0,0.0
route,BOI->MSP,3,3,0,0.0
route,BOI->OAK,9,9,0,0.0
route,BOI->ORD,5,5,0,0.0
route,BOI->PDX,24,24,0,0.0
route,BOI->PHX,4,4,0,0.0
route,BOI->RNO,3,3,0,0.0
route,BOI->SAN,7,7,0,0.0
route,BOI->SEA,39,39,0,0.0
route,BOI->SFO,14,14,0,0.0
route,BOI->SJC,10,10,0,0.0
route,BOI->SLC,6,6,0,0.0
route,BOI->SMF,7,7,0,0.0
route,BOS->ACK,4,4,0,0.0
route,BOS->ATL,38,38,0,0.0
route,BOS->AUS,5,5,0,0.0
route,BOS->BNA,20,20,0,0.0
route,BOS->BUF,23,23,0,0.0
route,BOS->BUR,1,1,0,0.0
route,BOS->BWI,44,44,0,0.0
route,BOS->CHS,7,7,0,0.0
route,BOS->CLE,27,27,0,0.0
route,BOS->CLT,17,17,0,0.0
route,BOS->CMH,6,6,0,0.0
route,BOS->CVG,3,3,0,0.0
route,BOS->DAL,4,4,0,0.0
route,BOS->DCA,47,47,0,0.0
route,BOS->DEN,37,37,0,0.0
route,BOS->DFW,20,20,0,0.0
route,BOS->DTW,26,26,0,0.0
route,BOS->EWR,44,44,0,0.0
route,BOS->FLL,14,14,0,0.0
route,BOS->HNL,3,3,0,0.0
route,BOS->HOU,5,5,0,0.0
route,BOS->IAD,17,17,0,0.0
route,BOS->IAH,15,15,0,0.0
route,BOS->IND,8,8,0,0.0
route,BOS->JAX,10,10,0,0.0
route,BOS->JFK,18,18,0,0.0
route,BOS->LAS,17,17,0,0.0
route,BOS->LAX,43,43,0,0.0
route,BOS->LGA,32,32,0,0.0
route,BOS->LGB,3,3,0,0.0
route,BOS->MCI,4,4,0,0.0
route,BOS->MCO,39,39,0,0.0
route,BOS->MDT,1,1,0,0.0
route,BOS->MDW,22,22,0,0.0
route,BOS->MIA,11,11,0,0.0
route,BOS->MKE,8,8,0,0.0
route,BOS->MSP,31,31,0,0.0
route,BOS->MSY,4,4,0,0.0
route,BOS->MVY,5,5,0,0.0
route,BOS->OAK,2,2,0,0.0
route,BOS->ORD,54,54,0,0.0
route,BOS->ORF,2,2,0,0.0
route,BOS->PBI,10,10,0,0.0
route,BOS->PDX,17,17,0,0.0
route,BOS->PHL,49,49,0,0.0
route,BOS->PHX,7,7,0,0.0
route,BOS->PIT,19,19,0,0.0
route,BOS->RDU,26,26,0,0.0
route,BOS->RIC,11,11,0,0.0
route,BOS->ROC,8,8,0,0.0
route,BOS->RSW,8,8,0,0.0
route,BOS->SAN,17,17,0,0.0
route,BOS->SAV,3,3,0,0.0
route,BOS->SEA,27,27,0,0.0
route,BOS->SFO,44,44,0,0.0
route,BOS->SJC,5,5,0,0.0
route,BOS->SJU,9,9,0,0.0
route,BOS->SLC,7,7,0,0.0
route,BOS->SMF,4,4,0,0.0
route,BOS->STL,13,13,0,0.0
route,BOS->SYR,1,1,0,0.0
route,BOS->TPA,19,19,0,0.0
route,BPT->DFW,2,2,0,0.0
route,BQK->ATL,5,5,0,0.0
route,BQN->EWR,6,6,0,0.0
route,BQN->FLL,11,11,0,0.0
route,BQN->JFK,3,3,0,0.0
route,BQN->MCO,12,12,0,0.0
route,BRD->MSP,3,3,0,0.0
route,BRO->DFW,4,4,0,0.0
route,BRO->IAH,8,8,0,0.0
route,BRW->ANC,6,6,0,0.0
route,BRW->FAI,1,1,0,0.0
route,BTM->SLC,4,4,0,0.0
route,BTR->ATL,5,5,0,0.0
route,BTR->CLT,2,2,0,0.0
route,BTR->DFW,7,7,0,0.0
route,BTR->IAH,26,26,0,0.0
route,BTV->ATL,1,1,0,0.0
route,BTV->DCA,5,5,0,0.0
route,BTV->DEN,4,4,0,0.0
route,BTV->DTW,8,8,0,0.0
route,BTV->EWR,8,8,0,0.0
route,BTV->IAD,8,8,0,0.0
route,BTV->JFK,17,17,0,0.0
route,BTV->LGA,3,3,0,0.0
route,BTV->ORD,20,20,0,0.0
route,BTV->PHL,7,7,0,0.0
route,BUF->ATL,9,9,0,0.0
route,BUF->AUS,1,1,0,0.0
route,BUF->BOS,13,13,0,0.0
route,BUF->BWI,19,19,0,0.0
route,BUF->CLT,6,6,0,0.0
route,BUF->DCA,2,2,0,0.0
route,BUF->DEN,5,5,0,0.0
route,BUF->DFW,1,1,0,0.0
route,BUF->DTW,12,12,0,0.0
route,BUF->EWR,25,25,0,0.0
route,BUF->FLL,6,6,0,0.0
route,BUF->IAD,12,12,0,0.0
route,BUF->JFK,24,24,0,0.0
route,BUF->LAS,5,5,0,0.0
route,BUF->LAX,2,2,0,0.0
route,BUF->LGA,5,5,0,0.0
route,BUF->MCO,18,18,0,0.0
route,BUF->MDW,8,8,0,0.0
route,BUF->MSP,3,3,0,0.0
route,BUF->ORD,14,14,0,0.0
route,BUF->PHL,5,5,0,0.0
route,BUF->PHX,3,3,0,0.0
route,BUF->RDU,1,1,0,0.0
route,BUF->TPA,4,4,0,0.0
route,BUR->ATL,2,2,0,0.0
route,BUR->BNA,2,2,0,0.0
route,BUR->DAL,5,5,0,0.0
route,BUR->DEN,20,20,0,0.0
route,BUR->DFW,2,2,0,0.0
route,BUR->JFK,2,2,0,0.0
route,BUR->LAS,42,42,0,0.0
route,BUR->MDW,3,3,0,0.0
route,BUR->OAK,38,38,0,0.0
route,BUR->PDX,14,14,0,0.0
route,BUR->PHX,20,20,0,0.0
route,BUR->SEA,8,8,0,0.0
route,BUR->SFO,29,29,0,0.0
route,BUR->SJC,42,42,0,0.0
route,BUR->SLC,8,8,0,0.0
route,BUR->SMF,26,26,0,0.0
route,BWI->ABQ,7,7,0,0.0
route,BWI->ALB,19,19,0,0.0
route,BWI->ATL,38,38,0,0.0
route,BWI->AUS,11,11,0,0.0
route,BWI->AVL,3,3,0,0.0
route,BWI->BDL,16,16,0,0.0
route,BWI->BHM,1,1,0,0.0
route,BWI->BNA,16,16,0,0.0
route,BWI->BOS,49,49,0,0.0
route,BWI->BUF,18,18,0,0.0
route,BWI->CHS,8,8,0,0.0
route,BWI->CLE,12,12,0,0.0
route,BWI->CLT,25,25,0,0.0
route,BWI->CMH,14,14,0,0.0
route,BWI->CVG,11,11,0,0.0
route,BWI->DAL,16,16,0,0.0
route,BWI->DEN,26,26,0,0.0
route,BWI->DFW,7,7,0,0.0
route,BWI->DTW,19,19,0,0.0
route,BWI->ECP,1,1,0,0.0
route,BWI->EWR,6,6,0,0.0
route,BWI->FLL,53,53,0,0.0
route,BWI->GRR,1,1,0,0.0
route,BWI->HOU,17,17,0,0.0
route,BWI->IAH,8,8,0,0.0
route,BWI->IND,11,11,0,0.0
route,BWI->ISP,12,12,0,0.0
route,BWI->JAX,12,12,0,0.0
route,BWI->JFK,2,2,0,0.0
route,BWI->LAS,21,21,0,0.0
route,BWI->LAX,24,24,0,0.0
route,BWI->MCI,16,16,0,0.0
route,BWI->MCO,32,32,0,0.0
route,BWI->MDW,26,26,0,0.0
route,BWI->MEM,3,3,0,0.0
route,BWI->MHT,18,18,0,0.0
route,BWI->MIA,2,2,0,0.0
route,BWI->MKE,10,10,0,0.0
route,BWI->MSP,14,14,0,0.0
route,BWI->MSY,21,21,0,0.0
route,BWI->MYR,3,3,0,0.0
route,BWI->OAK,5,5,0,0.0
route,BWI->ORD,24,24,0,0.0
route,BWI->ORF,10,10,0,0.0
route,BWI->PBI,16,16,0,0.0
route,BWI->PDX,3,3,0,0.0
route,BWI->PHL,3,3,0,0.0
route,BWI->PHX,14,14,0,0.0
route,BWI->PIT,9,9,0,0.0
route,BWI->PVD,27,27,0,0.0
route,BWI->PWM,16,16,0,0.0
route,BWI->RDU,36,36,0,0.0
route,BWI->ROC,9,9,0,0.0
route,BWI->RSW,11,11,0,0.0
route,BWI->SAN,19,19,0,0.0
route,BWI->SAT,7,7,0,0.0
route,BWI->SDF,10,10,0,0.0
route,BWI->SEA,15,15,0,0.0
route,BWI->SFO,13,13,0,0.0
route,BWI->SJC,3,3,0,0.0
route,BWI->SJU,14,14,0,0.0
route,BWI->SLC,11,11,0,0.0
route,BWI->SMF,3,3,0,0.0
route,BWI->STL,18,18,0,0.0
route,BWI->TPA,33,33,0,0.0
route,BWI->TYS,3,3,0,0.0
route,BZN->ATL,1,1,0,0.0
route,BZN->AZA,1,1,0,0.0
route,BZN->DEN,15,15,0,0.0
route,BZN->DFW,2,2,0,0.0
route,BZN->EWR,4,4,0,0.0
route,BZN->IAH,1,1,0,0.0
route,BZN->LAX,5,5,0,0.0
route,BZN->MSP,7,7,0,0.0
route,BZN->ORD,11,11,0,0.0
route,BZN->PDX,9,9,0,0.0
route,BZN->SEA,3,3,0,0.0
route,BZN->SFO,4,4,0,0.0
route,BZN->SLC,9,9,0,0.0
route,CAE->ATL,9,9,0,0.0
route,CAE->CLT,10,10,0,0.0
route,CAE->DCA,7,7,0,0.0
route,CAE->DFW,4,4,0,0.0
route,CAE->IAD,8,8,0,0.0
route,CAE->IAH,1,1,0,0.0
route,CAE->LGA,1,1,0,0.0
route,CAE->ORD,7,7,0,0.0
route,CAE->PHL,2,2,0,0.0
route,CAK->ATL,3,3,0,0.0
route,CAK->CLT,9,9,0,0.0
route,CAK->DCA,1,1,0,0.0
route,CAK->EWR,5,5,0,0.0
route,CAK->IAH,3,3,0,0.0
route,CAK->MCO,4,4,0,0.0
route,CAK->ORD,11,11,0,0.0
route,CAK->PHL,3,3,0,0.0
route,CDC->SLC,5,5,0,0.0
route,CDV->ANC,3,3,0,0.0
route,CDV->YAK,6,6,0,0.0
route,CGI->ORD,3,3,0,0.0
route,CGI->UIN,2,2,0,0.0
route,CHA->ATL,16,16,0,0.0
route,CHA->CLT,11,11,0,0.0
route,CHA->DCA,2,2,0,0.0
route,CHA->DFW,1,1,0,0.0
route,CHA->DTW,1,1,0,0.0
route,CHA->EWR,2,2,0,0.0
route,CHA->ORD,8,8,0,0.0
route,CHA->PHL,2,2,0,0.0
route,CHA->PIE,1,1,0,0.0
route,CHA->SFB,1,1,0,0.0
route,CHO->ATL,9,9,0,0.0
route,CHO->CLT,7,7,0,0.0
route,CHO->IAD,6,6,0,0.0
route,CHO->LGA,3,3,0,0.0
route,CHO->ORD,13,13,0,0.0
route,CHO->PHL,3,3,0,0.0
route,CHS->ATL,9,9,0,0.0
route,CHS->BOS,15,15,0,0.0
route,CHS->BWI,16,16,0,0.0
route,CHS->CLE,2,2,0,0.0
route,CHS->CLT,13,13,0,0.0
route,CHS->CVG,1,1,0,0.0
route,CHS->DAL,2,2,0,0.0
route,CHS->DCA,19,19,0,0.0
route,CHS->DEN,3,3,0,0.0
route,CHS->DFW,4,4,0,0.0
route,CHS->DTW,7,7,0,0.0
route,CHS->EWR,12,12,0,0.0
route,CHS->FLL,3,3,0,0.0
route,CHS->HOU,5,5,0,0.0
route,CHS->IAD,15,15,0,0.0
route,CHS->IAH,6,6,0,0.0
route,CHS->JFK,13,13,0,0.0
route,CHS->LCK,1,1,0,0.0
route,CHS->LGA,2,2,0,0.0
route,CHS->MDW,8,8,0,0.0
route,CHS->MIA,5,5,0,0.0
route,CHS->ORD,15,15,0,0.0
route,CHS->PHL,10,10,0,0.0
route,CHS->PIT,2,2,0,0.0
route,CHS->SEA,1,1,0,0.0
route,CHS->STL,2,2,0,0.0
route,CHS->TTN,1,1,0,0.0
route,CID->ATL,5,5,0,0.0
route,CID->AZA,2,2,0,0.0
route,CID->BNA,3,3,0,0.0
route,CID->CLT,1,1,0,0.0
route,CID->DEN,10,10,0,0.0
route,CID->DFW,4,4,0,0.0
route,CID->DTW,6,6,0,0.0
route,CID->LAS,1,1,0,0.0
route,CID->MSP,8,8,0,0.0
route,CID->ORD,19,19,0,0.0
route,CID->PIE,3,3,0,0.0
route,CID->SFB,1,1,0,0.0
route,CIU->DTW,1,1,0,0.0
route,CIU->MSP,3,3,0,0.0
route,CKB->MYR,1,1,0,0.0
route,CKB->ORD,3,3,0,0.0
route,CKB->SFB,1,1,0,0.0
route,CLE->ATL,18,18,0,0.0
route,CLE->AUS,2,2,0,0.0
route,CLE->BNA,9,9,0,0.0
route,CLE->BOS,23,23,0,0.0
route,CLE->BWI,4,4,0,0.0
route,CLE->CHS,1,1,0,0.0
route,CLE->CLT,10,10,0,0.0
route,CLE->DCA,14,14,0,0.0
route,CLE->DEN,20,20,0,0.0
route,CLE->DFW,7,7,0,0.0
route,CLE->DTW,11,11,0,0.0
route,CLE->EWR,28,28,0,0.0
route,CLE->FLL,6,6,0,0.0
route,CLE->IAD,14,14,0,0.0
route,CLE->IAH,12,12,0,0.0
route,CLE->JAX,1,1,0,0.0
route,CLE->JFK,8,8,0,0.0
route,CLE->LAS,7,7,0,0.0
route,CLE->LAX,9,9,0,0.0
route,CLE->LGA,31,31,0,0.0
route,CLE->MCO,10,10,0,0.0
route,CLE->MDW,17,17,0,0.0
route,CLE->MIA,4,4,0,0.0
route,CLE->MKE,2,2,0,0.0
route,CLE->MSP,5,5,0,0.0
route,CLE->MSY,3,3,0,0.0
route,CLE->MYR,4,4,0,0.0
route,CLE->ORD,36,36,0,0.0
route,CLE->ORF,1,1,0,0.0
route,CLE->PDX,1,1,0,0.0
route,CLE->PGD,3,3,0,0.0
route,CLE->PHL,6,6,0,0.0
route,CLE->PHX,10,10,0,0.0
route,CLE->RDU,2,2,0,0.0
route,CLE->RSW,6,6,0,0.0
route,CLE->SAV,6,6,0,0.0
route,CLE->SEA,1,1,0,0.0
route,CLE->SFB,2,2,0,0.0
route,CLE->SFO,6,6,0,0.0
route,CLE->SLC,1,1,0,0.0
route,CLE->SRQ,1,1,0,0.0
route,CLE->STL,8,8,0,0.0
route,CLE->TPA,3,3,0,0.0
route,CLL->DFW,5,5,0,0.0
route,CLL->IAH,6,6,0,0.0
route,CLT->ABE,5,5,0,0.0
route,CLT->AGS,5,5,0,0.0
route,CLT->ALB,5,5,0,0.0
route,CLT->ATL,17,17,0,0.0
route,CLT->AUS,10,10,0,0.0
route,CLT->AVL,9,9,0,0.0
route,CLT->AVP,8,8,0,0.0
route,CLT->BDL,14,14,0,0.0
route,CLT->BHM,12,12,0,0.0
route,CLT->BNA,14,14,0,0.0
route,CLT->BOS,17,17,0,0.0
route,CLT->BTR,5,5,0,0.0
route,CLT->BTV,3,3,0,0.0
route,CLT->BUF,8,8,0,0.0
route,CLT->BWI,21,21,0,0.0
route,CLT->CAE,6,6,0,0.0
route,CLT->CAK,5,5,0,0.0
route,CLT->CHA,7,7,0,0.0
route,CLT->CHO,8,8,0,0.0
route,CLT->CHS,13,13,0,0.0
route,CLT->CID,3,3,0,0.0
route,CLT->CLE,6,6,0,0.0
route,CLT->CMH,13,13,0,0.0
route,CLT->CMI,6,6,0,0.0
route,CLT->CRW,13,13,0,0.0
route,CLT->CVG,12,12,0,0.0
route,CLT->DAB,6,6,0,0.0
route,CLT->DAL,3,3,0,0.0
route,CLT->DAY,2,2,0,0.0
route,CLT->DCA,13,13,0,0.0
route,CLT->DEN,14,14,0,0.0
route,CLT->DFW,16,16,0,0.0
route,CLT->DSM,3,3,0,0.0
route,CLT->DTW,11,11,0,0.0
route,CLT->ECP,2,2,0,0.0
route,CLT->ERI,1,1,0,0.0
route,CLT->EVV,3,3,0,0.0
route,CLT->EWN,7,7,0,0.0
route,CLT->EWR,37,37,0,0.0
route,CLT->EYW,1,1,0,0.0
route,CLT->FAY,5,5,0,0.0
route,CLT->FLL,14,14,0,0.0
route,CLT->FLO,1,1,0,0.0
route,CLT->FWA,6,6,0,0.0
route,CLT->GNV,5,5,0,0.0
route,CLT->GPT,3,3,0,0.0
route,CLT->GRR,7,7,0,0.0
route,CLT->GSO,9,9,0,0.0
route,CLT->GSP,6,6,0,0.0
route,CLT->HHH,10,10,0,0.0
route,CLT->HOU,5,5,0,0.0
route,CLT->HPN,5,5,0,0.0
route,CLT->HSV,6,6,0,0.0
route,CLT->HTS,5,5,0,0.0
route,CLT->IAD,20,20,0,0.0
route,CLT->IAH,24,24,0,0.0
route,CLT->ILM,2,2,0,0.0
route,CLT->IND,13,13,0,0.0
route,CLT->JAN,7,7,0,0.0
route,CLT->JAX,14,14,0,0.0
route,CLT->JFK,23,23,0,0.0
route,CLT->LAS,9,9,0,0.0
route,CLT->LAX,5,5,0,0.0
route,CLT->LEX,4,4,0,0.0
route,CLT->LGA,30,30,0,0.0
route,CLT->LIT,1,1,0,0.0
route,CLT->LYH,3,3,0,0.0
route,CLT->MCI,6,6,0,0.0
route,CLT->MCO,20,20,0,0.0
route,CLT->MDT,7,7,0,0.0
route,CLT->MDW,7,7,0,0.0
route,CLT->MEM,6,6,0,0.0
route,CLT->MGM,6,6,0,0.0
route,CLT->MHT,5,5,0,0.0
route,CLT->MIA,5,5,0,0.0
route,CLT->MKE,6,6,0,0.0
route,CLT->MLB,3,3,0,0.0
route,CLT->MOB,5,5,0,0.0
route,CLT->MSN,5,5,0,0.0
route,CLT->MSP,12,12,0,0.0
route,CLT->MSY,6,6,0,0.0
route,CLT->MYR,6,6,0,0.0
route,CLT->OAJ,15,15,0,0.0
route,CLT->OKC,3,3,0,0.0
route,CLT->OMA,3,3,0,0.0
route,CLT->ORD,23,23,0,0.0
route,CLT->ORF,8,8,0,0.0
route,CLT->PBI,7,7,0,0.0
route,CLT->PDX,1,1,0,0.0
route,CLT->PGV,2,2,0,0.0
route,CLT->PHF,5,5,0,0.0
route,CLT->PHL,15,15,0,0.0
route,CLT->PHX,12,12,0,0.0
route,CLT->PIA,2,2,0,0.0
route,CLT->PIT,13,13,0,0.0
route,CLT->PNS,9,9,0,0.0
route,CLT->PVD,7,7,0,0.0
route,CLT->PWM,1,1,0,0.0
route,CLT->RAP,1,1,0,0.0
route,CLT->RDU,8,8,0,0.0
route,CLT->RIC,11,11,0,0.0
route,CLT->ROA,11,11,0,0.0
route,CLT->ROC,3,3,0,0.0
route,CLT->RSW,8,8,0,0.0
route,CLT->SAN,8,8,0,0.0
route,CLT->SAT,3,3,0,0.0
route,CLT->SAV,12,12,0,0.0
route,CLT->SBN,1,1,0,0.0
route,CLT->SBY,3,3,0,0.0
route,CLT->SDF,11,11,0,0.0
route,CLT->SEA,7,7,0,0.0
route,CLT->SFO,8,8,0,0.0
route,CLT->SGF,4,4,0,0.0
route,CLT->SHV,3,3,0,0.0
route,CLT->SJU,2,2,0,0.0
route,CLT->SLC,4,4,0,0.0
route,CLT->SMF,1,1,0,0.0
route,CLT->SRQ,5,5,0,0.0
route,CLT->STL,9,9,0,0.0
route,CLT->STT,1,1,0,0.0
route,CLT->SYR,4,4,0,0.0
route,CLT->TLH,7,7,0,0.0
route,CLT->TOL,2,2,0,0.0
route,CLT->TPA,19,19,0,0.0
route,CLT->TRI,11,11,0,0.0
route,CLT->TTN,1,1,0,0.0
route,CLT->TUL,5,5,0,0.0
route,CLT->TYS,5,5,0,0.0
route,CLT->VPS,7,7,0,0.0
route,CLT->XNA,6,6,0,0.0
route,CMH->ATL,22,22,0,0.0
route,CMH->AUS,1,1,0,0.0
route,CMH->BNA,8,8,0,0.0
route,CMH->BOS,9,9,0,0.0
route,CMH->BWI,19,19,0,0.0
route,CMH->CLT,8,8,0,0.0
route,CMH->DAL,2,2,0,0.0
route,CMH->DCA,15,15,0,0.0
route,CMH->DEN,22,22,0,0.0
route,CMH->DFW,9,9,0,0.0
route,CMH->DTW,8,8,0,0.0
route,CMH->EWR,20,20,0,0.0
route,CMH->FLL,3,3,0,0.0
route,CMH->HOU,1,1,0,0.0
route,CMH->IAD,11,11,0,0.0
route,CMH->IAH,9,9,0,0.0
route,CMH->JFK,3,3,0,0.0
route,CMH->LAS,12,12,0,0.0
route,CMH->LAX,3,3,0,0.0
route,CMH->LGA,7,7,0,0.0
route,CMH->MCO,9,9,0,0.0
route,CMH->MDW,15,15,0,0.0
route,CMH->MIA,7,7,0,0.0
route,CMH->MSP,1,1,0,0.0
route,CMH->MSY,3,3,0,0.0
route,CMH->MYR,3,3,0,0.0
route,CMH->OAK,3,3,0,0.0
route,CMH->ORD,35,35,0,0.0
route,CMH->PHL,7,7,0,0.0
route,CMH->PHX,8,8,0,0.0
route,CMH->RDU,2,2,0,0.0
route,CMH->RSW,8,8,0,0.0
route,CMH->SEA,1,1,0,0.0
route,CMH->SFO,1,1,0,0.0
route,CMH->SLC,2,2,0,0.0
route,CMH->STL,7,7,0,0.0
route,CMH->TPA,10,10,0,0.0
route,CMI->CLT,1,1,0,0.0
route,CMI->DFW,3,3,0,0.0
route,CMI->ORD,9,9,0,0.0
route,CMX->ORD,9,9,0,0.0
route,CNY->DEN,2,2,0,0.0
route,COD->DEN,17,17,0,0.0
route,COD->SLC,1,1,0,0.0
route,COS->ATL,2,2,0,0.0
route,COS->DEN,39,39,0,0.0
route,COS->DFW,7,7,0,0.0
route,COS->IAD,2,2,0,0.0
route,COS->IAH,12,12,0,0.0
route,COS->LAS,5,5,0,0.0
route,COS->LAX,5,5,0,0.0
route,COS->MCO,1,1,0,0.0
route,COS->MSP,2,2,0,0.0
route,COS->ORD,10,10,0,0.0
route,COS->PHX,3,3,0,0.0
route,COS->SAN,1,1,0,0.0
route,COS->SAT,4,4,0,0.0
route,COS->SEA,1,1,0,0.0
route,COS->SLC,4,4,0,0.0
route,COU->DEN,4,4,0,0.0
route,COU->DFW,1,1,0,0.0
route,COU->ORD,13,13,0,0.0
route,CPR->DEN,17,17,0,0.0
route,CPR->SLC,1,1,0,0.0
route,CRP->DFW,11,11,0,0.0
route,CRP->HOU,4,4,0,0.0
route,CRP->IAH,16,16,0,0.0
route,CRW->ATL,8,8,0,0.0
route,CRW->CLT,9,9,0,0.0
route,CRW->DCA,1,1,0,0.0
route,CRW->IAD,3,3,0,0.0
route,CRW->MYR,1,1,0,0.0
route,CRW->ORD,7,7,0,0.0
route,CRW->PHL,1,1,0,0.0
route,CSG->ATL,6,6,0,0.0
route,CVG->ATL,14,14,0,0.0
route,CVG->AUS,1,1,0,0.0
route,CVG->BDL,2,2,0,0.0
route,CVG->BOS,8,8,0,0.0
route,CVG->BWI,15,15,0,0.0
route,CVG->CHS,3,3,0,0.0
route,CVG->CLT,17,17,0,0.0
route,CVG->DCA,3,3,0,0.0
route,CVG->DEN,14,14,0,0.0
route,CVG->DFW,12,12,0,0.0
route,CVG->DTW,8,8,0,0.0
route,CVG->EWR,27,27,0,0.0
route,CVG->FLL,7,7,0,0.0
route,CVG->IAD,19,19,0,0.0
route,CVG->IAH,15,15,0,0.0
route,CVG->JAX,1,1,0,0.0
route,CVG->JFK,4,4,0,0.0
route,CVG->LAS,6,6,0,0.0
route,CVG->LAX,6,6,0,0.0
route,CVG->LGA,7,7,0,0.0
route,CVG->MCI,4,4,0,0.0
route,CVG->MCO,12,12,0,0.0
route,CVG->MDW,15,15,0,0.0
route,CVG->MIA,4,4,0,0.0
route,CVG->MSP,8,8,0,0.0
route,CVG->MSY,1,1,0,0.0
route,CVG->MYR,1,1,0,0.0
route,CVG->ORD,35,35,0,0.0
route,CVG->PGD,4,4,0,0.0
route,CVG->PHL,12,12,0,0.0
route,CVG->PHX,3,3,0,0.0
route,CVG->PIE,6,6,0,0.0
route,CVG->PVD,1,1,0,0.0
route,CVG->RDU,4,4,0,0.0
route,CVG->RSW,6,6,0,0.0
route,CVG->SAN,1,1,0,0.0
route,CVG->SAT,1,1,0,0.0
route,CVG->SAV,5,5,0,0.0
route,CVG->SFB,4,4,0,0.0
route,CVG->SFO,6,6,0,0.0
route,CVG->SJC,2,2,0,0.0
route,CVG->TPA,7,7,0,0.0
route,CVG->VPS,5,5,0,0.0
route,CWA->DTW,5,5,0,0.0
route,CWA->MSP,3,3,0,0.0
route,CWA->ORD,13,13,0,0.0
route,CYS->DFW,2,2,0,0.0
route,DAB->ATL,9,9,0,0.0
route,DAB->CLT,1,1,0,0.0
route,DAB->JFK,5,5,0,0.0
route,DAB->LGA,2,2,0,0.0
route,DAL->ABQ,24,24,0,0.0
route,DAL->AMA,9,9,0,0.0
route,DAL->ATL,31,31,0,0.0
route,DAL->AUS,25,25,0,0.0
route,DAL->BHM,7,7,0,0.0
route,DAL->BNA,11,11,0,0.0
route,DAL->BOS,3,3,0,0.0
route,DAL->BUR,4,4,0,0.0
route,DAL->BWI,11,11,0,0.0
route,DAL->CHS,3,3,0,0.0
route,DAL->CLT,4,4,0,0.0
route,DAL->CMH,3,3,0,0.0
route,DAL->DCA,21,21,0,0.0
route,DAL->DEN,23,23,0,0.0
route,DAL->ECP,6,6,0,0.0
route,DAL->ELP,17,17,0,0.0
route,DAL->FLL,11,11,0,0.0
route,DAL->HOU,61,61,0,0.0
route,DAL->IND,4,4,0,0.0
route,DAL->JAX,3,3,0,0.0
route,DAL->LAS,13,13,0,0.0
route,DAL->LAX,25,25,0,0.0
route,DAL->LBB,13,13,0,0.0
route,DAL->LGA,25,25,0,0.0
route,DAL->LIT,6,6,0,0.0
route,DAL->MAF,14,14,0,0.0
route,DAL->MCI,21,21,0,0.0
route,DAL->MCO,17,17,0,0.0
route,DAL->MDW,23,23,0,0.0
route,DAL->MEM,6,6,0,0.0
route,DAL->MSP,1,1,0,0.0
route,DAL->MSY,25,25,0,0.0
route,DAL->OAK,5,5,0,0.0
route,DAL->OKC,9,9,0,0.0
route,DAL->OMA,3,3,0,0.0
route,DAL->ONT,1,1,0,0.0
route,DAL->PDX,5,5,0,0.0
route,DAL->PHL,4,4,0,0.0
route,DAL->PHX,20,20,0,0.0
route,DAL->PIT,6,6,0,0.0
route,DAL->PNS,1,1,0,0.0
route,DAL->RDU,5,5,0,0.0
route,DAL->RNO,2,2,0,0.0
route,DAL->SAN,17,17,0,0.0
route,DAL->SAT,25,25,0,0.0
route,DAL->SDF,1,1,0,0.0
route,DAL->SEA,11,11,0,0.0
route,DAL->SFO,14,14,0,0.0
route,DAL->SJC,8,8,0,0.0
route,DAL->SLC,4,4,0,0.0
route,DAL->SMF,6,6,0,0.0
route,DAL->SNA,3,3,0,0.0
route,DAL->STL,17,17,0,0.0
route,DAL->TPA,4,4,0,0.0
route,DAL->TUL,14,14,0,0.0
route,DAY->ATL,5,5,0,0.0
route,DAY->CLT,8,8,0,0.0
route,DAY->DCA,5,5,0,0.0
route,DAY->DEN,7,7,0,0.0
route,DAY->DFW,3,3,0,0.0
route,DAY->DTW,3,3,0,0.0
route,DAY->EWR,2,2,0,0.0
route,DAY->IAD,12,12,0,0.0
route,DAY->IAH,1,1,0,0.0
route,DAY->LGA,2,2,0,0.0
route,DAY->MSP,4,4,0,0.0
route,DAY->ORD,29,29,0,0.0
route,DAY->PGD,1,1,0,0.0
route,DAY->PHL,6,6,0,0.0
route,DAY->SFB,2,2,0,0.0
route,DBQ->ORD,8,8,0,0.0
route,DCA->ACK,6,6,0,0.0
route,DCA->ALB,3,3,0,0.0
route,DCA->ATL,31,31,0,0.0
route,DCA->AUS,4,4,0,0.0
route,DCA->BDL,10,10,0,0.0
route,DCA->BGR,7,7,0,0.0
route,DCA->BHM,2,2,0,0.0
route,DCA->BNA,16,16,0,0.0
route,DCA->BOS,43,43,0,0.0
route,DCA->BTV,5,5,0,0.0
route,DCA->BUF,3,3,0,0.0
route,DCA->CAE,6,6,0,0.0
route,DCA->CAK,3,3,0,0.0
route,DCA->CHS,7,7,0,0.0
route,DCA->CLE,17,17,0,0.0
route,DCA->CLT,9,9,0,0.0
route,DCA->CMH,8,8,0,0.0
route,DCA->CRW,3,3,0,0.0
route,DCA->CVG,8,8,0,0.0
route,DCA->DAL,15,15,0,0.0
route,DCA->DAY,2,2,0,0.0
route,DCA->DEN,16,16,0,0.0
route,DCA->DFW,14,14,0,0.0
route,DCA->DTW,5,5,0,0.0
route,DCA->EWR,26,26,0,0.0
route,DCA->EYW,1,1,0,0.0
route,DCA->FLL,27,27,0,0.0
route,DCA->GRR,1,1,0,0.0
route,DCA->GSO,3,3,0,0.0
route,DCA->GSP,6,6,0,0.0
route,DCA->HOU,10,10,0,0.0
route,DCA->HPN,5,5,0,0.0
route,DCA->HSV,5,5,0,0.0
route,DCA->IAH,31,31,0,0.0
route,DCA->IND,7,7,0,0.0
route,DCA->JAN,4,4,0,0.0
route,DCA->JAX,10,10,0,0.0
route,DCA->JFK,12,12,0,0.0
route,DCA->LAN,3,3,0,0.0
route,DCA->LAS,2,2,0,0.0
route,DCA->LAX,8,8,0,0.0
route,DCA->LGA,27,27,0,0.0
route,DCA->LIT,2,2,0,0.0
route,DCA->MCI,17,17,0,0.0
route,DCA->MCO,28,28,0,0.0
route,DCA->MDW,25,25,0,0.0
route,DCA->MEM,5,5,0,0.0
route,DCA->MGM,2,2,0,0.0
route,DCA->MHT,4,4,0,0.0
route,DCA->MIA,11,11,0,0.0
route,DCA->MKE,5,5,0,0.0
route,DCA->MSP,12,12,0,0.0
route,DCA->MSY,13,13,0,0.0
route,DCA->MYR,2,2,0,0.0
route,DCA->OKC,2,2,0,0.0
route,DCA->OMA,6,6,0,0.0
route,DCA->ORD,45,45,0,0.0
route,DCA->ORF,5,5,0,0.0
route,DCA->PBI,9,9,0,0.0
route,DCA->PDX,4,4,0,0.0
route,DCA->PHL,2,2,0,0.0
route,DCA->PHX,5,5,0,0.0
route,DCA->PIT,5,5,0,0.0
route,DCA->PNS,1,1,0,0.0
route,DCA->PVD,15,15,0,0.0
route,DCA->PWM,4,4,0,0.0
route,DCA->RDU,10,10,0,0.0
route,DCA->ROC,3,3,0,0.0
route,DCA->RSW,7,7,0,0.0
route,DCA->SAV,1,1,0,0.0
route,DCA->SDF,7,7,0,0.0
route,DCA->SEA,6,6,0,0.0
route,DCA->SFO,5,5,0,0.0
route,DCA->SJU,6,6,0,0.0
route,DCA->SLC,1,1,0,0.0
route,DCA->SRQ,1,1,0,0.0
route,DCA->STL,14,14,0,0.0
route,DCA->SYR,5,5,0,0.0
route,DCA->TLH,2,2,0,0.0
route,DCA->TPA,14,14,0,0.0
route,DCA->TYS,9,9,0,0.0
route,DCA->VPS,1,1,0,0.0
route,DCA->XNA,4,4,0,0.0
route,DEN->ABQ,27,27,0,0.0
route,DEN->ACV,3,3,0,0.0
route,DEN->ALB,5,5,0,0.0
route,DEN->AMA,9,9,0,0.0
route,DEN->ANC,5,5,0,0.0
route,DEN->ASE,24,24,0,0.0
route,DEN->ATL,42,42,0,0.0
route,DEN->ATW,5,5,0,0.0
route,DEN->ATY,3,3,0,0.0
route,DEN->AUS,39,39,0,0.0
route,DEN->AVL,1,1,0,0.0
route,DEN->BDL,7,7,0,0.0
route,DEN->BFF,8,8,0,0.0
route,DEN->BFL,5,5,0,0.0
route,DEN->BHM,10,10,0,0.0
route,DEN->BIL,15,15,0,0.0
route,DEN->BIS,16,16,0,0.0
route,DEN->BKG,3,3,0,0.0
route,DEN->BLI,1,1,0,0.0
route,DEN->BNA,35,35,0,0.0
route,DEN->BOI,25,25,0,0.0
route,DEN->BOS,41,41,0,0.0
route,DEN->BUF,5,5,0,0.0
route,DEN->BUR,21,21,0,0.0
route,DEN->BWI,32,32,0,0.0
route,DEN->BZN,22,22,0,0.0
route,DEN->CHS,7,7,0,0.0
route,DEN->CID,14,14,0,0.0
route,DEN->CLE,25,25,0,0.0
route,DEN->CLT,20,20,0,0.0
route,DEN->CMH,15,15,0,0.0
route,DEN->CNY,2,2,0,0.0
route,DEN->COD,15,15,0,0.0
route,DEN->COS,18,18,0,0.0
route,DEN->COU,5,5,0,0.0
route,DEN->CPR,20,20,0,0.0
route,DEN->CVG,10,10,0,0.0
route,DEN->DAL,28,28,0,0.0
route,DEN->DAY,5,5,0,0.0
route,DEN->DCA,16,16,0,0.0
route,DEN->DFW,45,45,0,0.0
route,DEN->DIK,6,6,0,0.0
route,DEN->DRO,17,17,0,0.0
route,DEN->DSM,11,11,0,0.0
route,DEN->DTW,26,26,0,0.0
route,DEN->EGE,7,7,0,0.0
route,DEN->ELP,15,15,0,0.0
route,DEN->EUG,4,4,0,0.0
route,DEN->EWR,44,44,0,0.0
route,DEN->FAR,16,16,0,0.0
route,DEN->FAT,15,15,0,0.0
route,DEN->FCA,14,14,0,0.0
route,DEN->FLG,4,4,0,0.0
route,DEN->FLL,12,12,0,0.0
route,DEN->FSD,18,18,0,0.0
route,DEN->GCC,6,6,0,0.0
route,DEN->GEG,21,21,0,0.0
route,DEN->GJT,17,17,0,0.0
route,DEN->GRB,1,1,0,0.0
route,DEN->GRR,17,17,0,0.0
route,DEN->GSO,1,1,0,0.0
route,DEN->GSP,2,2,0,0.0
route,DEN->GTF,11,11,0,0.0
route,DEN->GUC,11,11,0,0.0
route,DEN->HDN,5,5,0,0.0
route,DEN->HLN,8,8,0,0.0
route,DEN->HNL,2,2,0,0.0
route,DEN->HOU,15,15,0,0.0
route,DEN->HSV,9,9,0,0.0
route,DEN->HYS,7,7,0,0.0
route,DEN->IAD,34,34,0,0.0
route,DEN->IAH,43,43,0,0.0
route,DEN->ICT,10,10,0,0.0
route,DEN->IDA,8,8,0,0.0
route,DEN->IND,28,28,0,0.0
route,DEN->ISN,13,13,0,0.0
route,DEN->JAC,16,16,0,0.0
route,DEN->JAX,8,8,0,0.0
route,DEN->JFK,10,10,0,0.0
route,DEN->JMS,5,5,0,0.0
route,DEN->KOA,5,5,0,0.0
route,DEN->LAR,7,7,0,0.0
route,DEN->LAS,72,72,0,0.0
route,DEN->LAX,50,50,0,0.0
route,DEN->LBB,9,9,0,0.0
route,DEN->LBF,7,7,0,0.0
route,DEN->LBL,2,2,0,0.0
route,DEN->LGA,31,31,0,0.0
route,DEN->LGB,1,1,0,0.0
route,DEN->LIT,8,8,0,0.0
route,DEN->LNK,9,9,0,0.0
route,DEN->MAF,10,10,0,0.0
route,DEN->MCI,39,39,0,0.0
route,DEN->MCO,23,23,0,0.0
route,DEN->MDT,2,2,0,0.0
route,DEN->MDW,22,22,0,0.0
route,DEN->MEM,10,10,0,0.0
route,DEN->MFR,14,14,0,0.0
route,DEN->MIA,7,7,0,0.0
route,DEN->MKE,18,18,0,0.0
route,DEN->MLI,4,4,0,0.0
route,DEN->MOT,6,6,0,0.0
route,DEN->MRY,2,2,0,0.0
route,DEN->MSN,11,11,0,0.0
route,DEN->MSO,14,14,0,0.0
route,DEN->MSP,41,41,0,0.0
route,DEN->MSY,23,23,0,0.0
route,DEN->MTJ,11,11,0,0.0
route,DEN->OAK,22,22,0,0.0
route,DEN->OGG,1,1,0,0.0
route,DEN->OKC,26,26,0,0.0
route,DEN->OMA,30,30,0,0.0
route,DEN->ONT,13,13,0,0.0
route,DEN->ORD,58,58,0,0.0
route,DEN->ORF,7,7,0,0.0
route,DEN->PAE,3,3,0,0.0
route,DEN->PDX,37,37,0,0.0
route,DEN->PHL,33,33,0,0.0
route,DEN->PHX,56,56,0,0.0
route,DEN->PIR,1,1,0,0.0
route,DEN->PIT,22,22,0,0.0
route,DEN->PNS,2,2,0,0.0
route,DEN->PRC,1,1,0,0.0
route,DEN->PSC,7,7,0,0.0
route,DEN->PSP,9,9,0,0.0
route,DEN->PUB,5,5,0,0.0
route,DEN->PVD,1,1,0,0.0
route,DEN->PWM,2,2,0,0.0
route,DEN->RAP,24,24,0,0.0
route,DEN->RDM,8,8,0,0.0
route,DEN->RDU,16,16,0,0.0
route,DEN->RIC,4,4,0,0.0
route,DEN->RKS,8,8,0,0.0
route,DEN->RNO,18,18,0,0.0
route,DEN->RSW,1,1,0,0.0
route,DEN->SAF,9,9,0,0.0
route,DEN->SAN,41,41,0,0.0
route,DEN->SAT,22,22,0,0.0
route,DEN->SAV,3,3,0,0.0
route,DEN->SBA,18,18,0,0.0
route,DEN->SBP,4,4,0,0.0
route,DEN->SDF,13,13,0,0.0
route,DEN->SEA,62,62,0,0.0
route,DEN->SFO,66,66,0,0.0
route,DEN->SGF,17,17,0,0.0
route,DEN->SGU,2,2,0,0.0
route,DEN->SHV,4,4,0,0.0
route,DEN->SJC,32,32,0,0.0
route,DEN->SLC,64,64,0,0.0
route,DEN->SMF,38,38,0,0.0
route,DEN->SNA,41,41,0,0.0
route,DEN->STL,59,59,0,0.0
route,DEN->SUN,6,6,0,0.0
route,DEN->SYR,4,4,0,0.0
route,DEN->TPA,20,20,0,0.0
route,DEN->TUL,28,28,0,0.0
route,DEN->TUS,20,20,0,0.0
route,DEN->TVC,1,1,0,0.0
route,DEN->TYS,10,10,0,0.0
route,DEN->VEL,5,5,0,0.0
route,DEN->XNA,6,6,0,0.0
route,DFW->ABI,9,9,0,0.0
route,DFW->ABQ,14,14,0,0.0
route,DFW->ACT,4,4,0,0.0
route,DFW->AEX,1,1,0,0.0
route,DFW->AMA,9,9,0,0.0
route,DFW->ASE,3,3,0,0.0
route,DFW->ATL,28,28,0,0.0
route,DFW->AUS,13,13,0,0.0
route,DFW->AVL,1,1,0,0.0
route,DFW->BDL,2,2,0,0.0
route,DFW->BHM,10,10,0,0.0
route,DFW->BIL,1,1,0,0.0
route,DFW->BIS,8,8,0,0.0
route,DFW->BMI,1,1,0,0.0
route,DFW->BNA,9,9,0,0.0
route,DFW->BOI,6,6,0,0.0
route,DFW->BOS,17,17,0,0.0
route,DFW->BPT,3,3,0,0.0
route,DFW->BRO,7,7,0,0.0
route,DFW->BTR,4,4,0,0.0
route,DFW->BUF,2,2,0,0.0
route,DFW->BWI,11,11,0,0.0
route,DFW->BZN,4,4,0,0.0
route,DFW->CAE,4,4,0,0.0
route,DFW->CHA,3,3,0,0.0
route,DFW->CHS,3,3,0,0.0
route,DFW->CID,9,9,0,0.0
route,DFW->CLE,8,8,0,0.0
route,DFW->CLL,7,7,0,0.0
route,DFW->CLT,10,10,0,0.0
route,DFW->CMH,3,3,0,0.0
route,DFW->COS,9,9,0,0.0
route,DFW->COU,1,1,0,0.0
route,DFW->CRP,8,8,0,0.0
route,DFW->CVG,12,12,0,0.0
route,DFW->CYS,3,3,0,0.0
route,DFW->DAY,4,4,0,0.0
route,DFW->DCA,12,12,0,0.0
route,DFW->DEN,45,45,0,0.0
route,DFW->DRO,2,2,0,0.0
route,DFW->DRT,2,2,0,0.0
route,DFW->DSM,5,5,0,0.0
route,DFW->DTW,13,13,0,0.0
route,DFW->ECP,1,1,0,0.0
route,DFW->EGE,4,4,0,0.0
route,DFW->ELP,11,11,0,0.0
route,DFW->EVV,1,1,0,0.0
route,DFW->EWR,20,20,0,0.0
route,DFW->EYW,1,1,0,0.0
route,DFW->FAR,4,4,0,0.0
route,DFW->FAT,2,2,0,0.0
route,DFW->FCA,3,3,0,0.0
route,DFW->FLG,5,5,0,0.0
route,DFW->FLL,19,19,0,0.0
route,DFW->FSD,1,1,0,0.0
route,DFW->FSM,7,7,0,0.0
route,DFW->FWA,2,2,0,0.0
route,DFW->GCK,3,3,0,0.0
route,DFW->GEG,4,4,0,0.0
route,DFW->GGG,7,7,0,0.0
route,DFW->GJT,8,8,0,0.0
route,DFW->GNV,1,1,0,0.0
route,DFW->GPT,3,3,0,0.0
route,DFW->GRI,4,4,0,0.0
route,DFW->GRK,10,10,0,0.0
route,DFW->GRR,3,3,0,0.0
route,DFW->GSO,7,7,0,0.0
route,DFW->GSP,4,4,0,0.0
route,DFW->HNL,3,3,0,0.0
route,DFW->HOU,14,14,0,0.0
route,DFW->HRL,4,4,0,0.0
route,DFW->HSV,8,8,0,0.0
route,DFW->IAD,12,12,0,0.0
route,DFW->IAH,37,37,0,0.0
route,DFW->ICT,5,5,0,0.0
route,DFW->ILM,2,2,0,0.0
route,DFW->IND,5,5,0,0.0
route,DFW->JAC,1,1,0,0.0
route,DFW->JAN,11,11,0,0.0
route,DFW->JAX,9,9,0,0.0
route,DFW->JFK,4,4,0,0.0
route,DFW->JLN,3,3,0,0.0
route,DFW->KOA,1,1,0,0.0
route,DFW->LAS,33,33,0,0.0
route,DFW->LAW,6,6,0,0.0
route,DFW->LAX,40,40,0,0.0
route,DFW->LBB,9,9,0,0.0
route,DFW->LCH,5,5,0,0.0
route,DFW->LEX,5,5,0,0.0
route,DFW->LFT,7,7,0,0.0
route,DFW->LGA,32,32,0,0.0
route,DFW->LIT,10,10,0,0.0
route,DFW->LRD,9,9,0,0.0
route,DFW->MAF,9,9,0,0.0
route,DFW->MCI,9,9,0,0.0
route,DFW->MCO,28,28,0,0.0
route,DFW->MDT,2,2,0,0.0
route,DFW->MEI,2,2,0,0.0
route,DFW->MEM,8,8,0,0.0
route,DFW->MFE,8,8,0,0.0
route,DFW->MGM,5,5,0,0.0
route,DFW->MHK,2,2,0,0.0
route,DFW->MIA,19,19,0,0.0
route,DFW->MKE,3,3,0,0.0
route,DFW->MLI,4,4,0,0.0
route,DFW->MLU,2,2,0,0.0
route,DFW->MOB,5,5,0,0.0
route,DFW->MSN,6,6,0,0.0
route,DFW->MSO,4,4,0,0.0
route,DFW->MSP,17,17,0,0.0
route,DFW->MSY,13,13,0,0.0
route,DFW->MTJ,4,4,0,0.0
route,DFW->MYR,2,2,0,0.0
route,DFW->OAK,4,4,0,0.0
route,DFW->OGG,2,2,0,0.0
route,DFW->OKC,8,8,0,0.0
route,DFW->OMA,4,4,0,0.0
route,DFW->ONT,12,12,0,0.0
route,DFW->ORD,48,48,0,0.0
route,DFW->ORF,3,3,0,0.0
route,DFW->PBI,2,2,0,0.0
route,DFW->PDX,7,7,0,0.0
route,DFW->PHL,16,16,0,0.0
route,DFW->PHX,22,22,0,0.0
route,DFW->PIA,5,5,0,0.0
route,DFW->PIT,6,6,0,0.0
route,DFW->PNS,9,9,0,0.0
route,DFW->PSP,3,3,0,0.0
route,DFW->RAP,2,2,0,0.0
route,DFW->RDU,10,10,0,0.0
route,DFW->RIC,7,7,0,0.0
route,DFW->RNO,2,2,0,0.0
route,DFW->ROW,4,4,0,0.0
route,DFW->RSW,7,7,0,0.0
route,DFW->SAF,4,4,0,0.0
route,DFW->SAN,22,22,0,0.0
route,DFW->SAT,21,21,0,0.0
route,DFW->SAV,3,3,0,0.0
route,DFW->SBA,5,5,0,0.0
route,DFW->SBN,3,3,0,0.0
route,DFW->SDF,8,8,0,0.0
route,DFW->SEA,40,40,0,0.0
route,DFW->SFO,25,25,0,0.0
route,DFW->SGF,8,8,0,0.0
route,DFW->SHV,5,5,0,0.0
route,DFW->SJC,4,4,0,0.0
route,DFW->SJT,8,8,0,0.0
route,DFW->SJU,2,2,0,0.0
route,DFW->SLC,16,16,0,0.0
route,DFW->SMF,8,8,0,0.0
route,DFW->SNA,10,10,0,0.0
route,DFW->SPI,2,2,0,0.0
route,DFW->SPS,5,5,0,0.0
route,DFW->STL,4,4,0,0.0
route,DFW->SUX,2,2,0,0.0
route,DFW->SWO,2,2,0,0.0
route,DFW->TLH,4,4,0,0.0
route,DFW->TPA,15,15,0,0.0
route,DFW->TUL,9,9,0,0.0
route,DFW->TUS,12,12,0,0.0
route,DFW->TVC,1,1,0,0.0
route,DFW->TXK,3,3,0,0.0
route,DFW->TYR,5,5,0,0.0
route,DFW->TYS,8,8,0,0.0
route,DFW->VPS,7,7,0,0.0
route,DFW->XNA,9,9,0,0.0
route,DFW->YUM,1,1,0,0.0
route,DHN->ATL,6,6,0,0.0
route,DIK->DEN,4,4,0,0.0
route,DLG->ANC,2,2,0,0.0
route,DLH->MSP,10,10,0,0.0
route,DLH->ORD,13,13,0,0.0
route,DRO->DEN,12,12,0,0.0
route,DRO->DFW,6,6,0,0.0
route,DRO->PHX,3,3,0,0.0
route,DRT->DFW,6,6,0,0.0
route,DSM->ATL,3,3,0,0.0
route,DSM->AZA,3,3,0,0.0
route,DSM->CLT,4,4,0,0.0
route,DSM->DCA,2,2,0,0.0
route,DSM->DEN,24,24,0,0.0
route,DSM->DFW,3,3,0,0.0
route,DSM->DTW,6,6,0,0.0
route,DSM->EWR,1,1,0,0.0
route,DSM->IAH,8,8,0,0.0
route,DSM->LAS,5,5,0,0.0
route,DSM->LAX,1,1,0,0.0
route,DSM->LGA,2,2,0,0.0
route,DSM->MCO,2,2,0,0.0
route,DSM->MSP,12,12,0,0.0
route,DSM->ORD,27,27,0,0.0
route,DSM->PGD,1,1,0,0.0
route,DSM->PHX,2,2,0,0.0
route,DSM->PIE,1,1,0,0.0
route,DSM->SFB,1,1,0,0.0
route,DSM->SLC,2,2,0,0.0
route,DSM->STL,7,7,0,0.0
route,DTW->ABE,5,5,0,0.0
route,DTW->ALB,5,5,0,0.0
route,DTW->ATL,27,27,0,0.0
route,DTW->ATW,4,4,0,0.0
route,DTW->AUS,3,3,0,0.0
route,DTW->AVL,1,1,0,0.0
route,DTW->AVP,1,1,0,0.0
route,DTW->AZO,6,6,0,0.0
route,DTW->BDL,6,6,0,0.0
route,DTW->BGM,3,3,0,0.0
route,DTW->BHM,2,2,0,0.0
route,DTW->BNA,19,19,0,0.0
route,DTW->BOS,25,25,0,0.0
route,DTW->BTV,6,6,0,0.0
route,DTW->BUF,8,8,0,0.0
route,DTW->BWI,18,18,0,0.0
route,DTW->CHA,5,5,0,0.0
route,DTW->CHS,3,3,0,0.0
route,DTW->CID,3,3,0,0.0
route,DTW->CIU,1,1,0,0.0
route,DTW->CLE,7,7,0,0.0
route,DTW->CLT,18,18,0,0.0
route,DTW->CMH,10,10,0,0.0
route,DTW->CVG,8,8,0,0.0
route,DTW->CWA,3,3,0,0.0
route,DTW->DAL,3,3,0,0.0
route,DTW->DAY,6,6,0,0.0
route,DTW->DCA,14,14,0,0.0
route,DTW->DEN,28,28,0,0.0
route,DTW->DFW,17,17,0,0.0
route,DTW->DSM,2,2,0,0.0
route,DTW->ELM,6,6,0,0.0
route,DTW->ERI,3,3,0,0.0
route,DTW->ESC,3,3,0,0.0
route,DTW->EVV,6,6,0,0.0
route,DTW->EWR,28,28,0,0.0
route,DTW->FLL,16,16,0,0.0
route,DTW->FWA,4,4,0,0.0
route,DTW->GRB,2,2,0,0.0
route,DTW->GRR,7,7,0,0.0
route,DTW->GSO,2,2,0,0.0
route,DTW->GSP,3,3,0,0.0
route,DTW->HPN,7,7,0,0.0
route,DTW->HSV,1,1,0,0.0
route,DTW->IAD,16,16,0,0.0
route,DTW->IAH,27,27,0,0.0
route,DTW->IND,9,9,0,0.0
route,DTW->ITH,7,7,0,0.0
route,DTW->JAX,3,3,0,0.0
route,DTW->JFK,9,9,0,0.0
route,DTW->LAN,5,5,0,0.0
route,DTW->LAS,23,23,0,0.0
route,DTW->LAX,10,10,0,0.0
route,DTW->LEX,7,7,0,0.0
route,DTW->LGA,25,25,0,0.0
route,DTW->LIT,1,1,0,0.0
route,DTW->LSE,1,1,0,0.0
route,DTW->MBS,9,9,0,0.0
route,DTW->MCI,13,13,0,0.0
route,DTW->MCO,19,19,0,0.0
route,DTW->MDT,4,4,0,0.0
route,DTW->MDW,19,19,0,0.0
route,DTW->MEM,3,3,0,0.0
route,DTW->MHT,3,3,0,0.0
route,DTW->MIA,8,8,0,0.0
route,DTW->MKE,5,5,0,0.0
route,DTW->MLI,3,3,0,0.0
route,DTW->MQT,1,1,0,0.0
route,DTW->MSN,9,9,0,0.0
route,DTW->MSP,12,12,0,0.0
route,DTW->MSY,10,10,0,0.0
route,DTW->MYR,6,6,0,0.0
route,DTW->OAK,8,8,0,0.0
route,DTW->OMA,4,4,0,0.0
route,DTW->ORD,39,39,0,0.0
route,DTW->ORF,7,7,0,0.0
route,DTW->PBI,1,1,0,0.0
route,DTW->PDX,6,6,0,0.0
route,DTW->PHL,15,15,0,0.0
route,DTW->PHX,13,13,0,0.0
route,DTW->PIT,9,9,0,0.0
route,DTW->PLN,4,4,0,0.0
route,DTW->PVD,5,5,0,0.0
route,DTW->PWM,3,3,0,0.0
route,DTW->RDU,2,2,0,0.0
route,DTW->RIC,2,2,0,0.0
route,DTW->ROC,5,5,0,0.0
route,DTW->RSW,6,6,0,0.0
route,DTW->SAN,12,12,0,0.0
route,DTW->SAT,2,2,0,0.0
route,DTW->SAV,4,4,0,0.0
route,DTW->SBN,3,3,0,0.0
route,DTW->SCE,4,4,0,0.0
route,DTW->SDF,7,7,0,0.0
route,DTW->SEA,17,17,0,0.0
route,DTW->SFO,10,10,0,0.0
route,DTW->SJC,1,1,0,0.0
route,DTW->SLC,2,2,0,0.0
route,DTW->SMF,1,1,0,0.0
route,DTW->STL,17,17,0,0.0
route,DTW->SWF,2,2,0,0.0
route,DTW->SYR,3,3,0,0.0
route,DTW->TPA,5,5,0,0.0
route,DTW->TTN,1,1,0,0.0
route,DTW->TVC,7,7,0,0.0
route,DTW->TYS,7,7,0,0.0
route,DUT->ANC,11,11,0,0.0
route,DVL->DEN,4,4,0,0.0
route,DVL->JMS,1,1,0,0.0
route,EAR->DEN,2,2,0,0.0
route,EAT->SEA,16,16,0,0.0
route,EAU->ORD,9,9,0,0.0
route,ECP->ATL,8,8,0,0.0
route,ECP->AUS,2,2,0,0.0
route,ECP->BNA,10,10,0,0.0
route,ECP->BWI,4,4,0,0.0
route,ECP->CLT,2,2,0,0.0
route,ECP->DAL,7,7,0,0.0
route,ECP->DEN,1,1,0,0.0
route,ECP->DFW,3,3,0,0.0
route,ECP->HOU,3,3,0,0.0
route,ECP->IAH,3,3,0,0.0
route,ECP->ORD,1,1,0,0.0
route,ECP->STL,5,5,0,0.0
route,EGE->DEN,4,4,0,0.0
route,EGE->DFW,2,2,0,0.0
route,EKO->SLC,6,6,0,0.0
route,ELM->DTW,6,6,0,0.0
route,ELM->EWR,4,4,0,0.0
route,ELM->SFB,2,2,0,0.0
route,ELP->ATL,4,4,0,0.0
route,ELP->AUS,9,9,0,0.0
route,ELP->DAL,13,13,0,0.0
route,ELP->DEN,19,19,0,0.0
route,ELP->DFW,12,12,0,0.0
route,ELP->HOU,17,17,0,0.0
route,ELP->IAH,15,15,0,0.0
route,ELP->LAS,8,8,0,0.0
route,ELP->LAX,12,12,0,0.0
route,ELP->ORD,9,9,0,0.0
route,ELP->PHX,25,25,0,0.0
route,ELP->SAN,4,4,0,0.0
route,ELP->SAT,8,8,0,0.0
route,ELP->SEA,3,3,0,0.0
route,ELP->SFB,2,2,0,0.0
route,ERI->CLT,2,2,0,0.0
route,ERI->ORD,7,7,0,0.0
route,ESC->DTW,3,3,0,0.0
route,EUG->DEN,12,12,0,0.0
route,EUG->LAS,2,2,0,0.0
route,EUG->LAX,5,5,0,0.0
route,EUG->OAK,1,1,0,0.0
route,EUG->ORD,2,2,0,0.0
route,EUG->PDX,10,10,0,0.0
route,EUG->PHX,2,2,0,0.0
route,EUG->SEA,17,17,0,0.0
route,EUG->SFO,14,14,0,0.0
route,EUG->SJC,4,4,0,0.0
route,EUG->SLC,5,5,0,0.0
route,EVV->ATL,8,8,0,0.0
route,EVV->DFW,2,2,0,0.0
route,EVV->DTW,4,4,0,0.0
route,EVV->ORD,11,11,0,0.0
route,EVV->SFB,1,1,0,0.0
route,EWN->ATL,1,1,0,0.0
route,EWN->CLT,10,10,0,0.0
route,EWR->ACK,5,5,0,0.0
route,EWR->ALB,11,11,0,0.0
route,EWR->ATL,47,47,0,0.0
route,EWR->AUS,20,20,0,0.0
route,EWR->AVL,5,5,0,0.0
route,EWR->AVP,3,3,0,0.0
route,EWR->BDL,7,7,0,0.0
route,EWR->BGR,10,10,0,0.0
route,EWR->BNA,21,21,0,0.0
route,EWR->BOS,51,51,0,0.0
route,EWR->BQN,1,1,0,0.0
route,EWR->BTV,14,14,0,0.0
route,EWR->BUF,18,18,0,0.0
route,EWR->BWI,5,5,0,0.0
route,EWR->BZN,4,4,0,0.0
route,EWR->CAK,14,14,0,0.0
route,EWR->CHA,2,2,0,0.0
route,EWR->CHS,13,13,0,0.0
route,EWR->CLE,23,23,0,0.0
route,EWR->CLT,33,33,0,0.0
route,EWR->CMH,21,21,0,0.0
route,EWR->CVG,26,26,0,0.0
route,EWR->DAY,5,5,0,0.0
route,EWR->DCA,21,21,0,0.0
route,EWR->DEN,32,32,0,0.0
route,EWR->DFW,21,21,0,0.0
route,EWR->DSM,3,3,0,0.0
route,EWR->DTW,27,27,0,0.0
route,EWR->ELM,3,3,0,0.0
route,EWR->EYW,4,4,0,0.0
route,EWR->FLL,43,43,0,0.0
route,EWR->GRR,8,8,0,0.0
route,EWR->GSO,6,6,0,0.0
route,EWR->GSP,10,10,0,0.0
route,EWR->HNL,2,2,0,0.0
route,EWR->IAD,18,18,0,0.0
route,EWR->IAH,32,32,0,0.0
route,EWR->IND,29,29,0,0.0
route,EWR->JAX,8,8,0,0.0
route,EWR->LAS,25,25,0,0.0
route,EWR->LAX,56,56,0,0.0
route,EWR->MCI,13,13,0,0.0
route,EWR->MCO,59,59,0,0.0
route,EWR->MDW,16,16,0,0.0
route,EWR->MEM,6,6,0,0.0
route,EWR->MHT,7,7,0,0.0
route,EWR->MIA,16,16,0,0.0
route,EWR->MKE,10,10,0,0.0
route,EWR->MSN,6,6,0,0.0
route,EWR->MSP,26,26,0,0.0
route,EWR->MSY,19,19,0,0.0
route,EWR->MYR,10,10,0,0.0
route,EWR->OAK,1,1,0,0.0
route,EWR->OKC,5,5,0,0.0
route,EWR->OMA,5,5,0,0.0
route,EWR->ORD,31,31,0,0.0
route,EWR->ORF,17,17,0,0.0
route,EWR->PBI,22,22,0,0.0
route,EWR->PDX,10,10,0,0.0
route,EWR->PHX,13,13,0,0.0
route,EWR->PIT,24,24,0,0.0
route,EWR->PNS,3,3,0,0.0
route,EWR->PQI,1,1,0,0.0
route,EWR->PVD,6,6,0,0.0
route,EWR->PWM,14,14,0,0.0
route,EWR->RDU,37,37,0,0.0
route,EWR->RIC,15,15,0,0.0
route,EWR->ROC,10,10,0,0.0
route,EWR->RSW,16,16,0,0.0
route,EWR->SAN,16,16,0,0.0
route,EWR->SAT,4,4,0,0.0
route,EWR->SAV,11,11,0,0.0
route,EWR->SBN,2,2,0,0.0
route,EWR->SDF,12,12,0,0.0
route,EWR->SEA,24,24,0,0.0
route,EWR->SFO,60,60,0,0.0
route,EWR->SJC,8,8,0,0.0
route,EWR->SJU,19,19,0,0.0
route,EWR->SLC,1,1,0,0.0
route,EWR->SMF,4,4,0,0.0
route,EWR->SNA,8,8,0,0.0
route,EWR->SRQ,1,1,0,0.0
route,EWR->STL,24,24,0,0.0
route,EWR->SYR,14,14,0,0.0
route,EWR->TPA,29,29,0,0.0
route,EWR->TVC,5,5,0,0.0
route,EWR->TYS,8,8,0,0.0
route,EWR->XNA,4,4,0,0.0
route,EYW->ATL,10,10,0,0.0
route,EYW->CLT,2,2,0,0.0
route,EYW->DCA,1,1,0,0.0
route,EYW->DFW,3,3,0,0.0
route,EYW->EWR,1,1,0,0.0
route,EYW->LGA,2,2,0,0.0
route,EYW->MIA,6,6,0,0.0
route,EYW->ORD,1,1,0,0.0
route,FAI->ANC,17,17,0,0.0
route,FAI->DEN,3,3,0,0.0
route,FAI->MSP,2,2,0,0.0
route,FAI->ORD,1,1,0,0.0
route,FAI->SEA,17,17,0,0.0
route,FAR->AZA,2,2,0,0.0
route,FAR->DEN,12,12,0,0.0
route,FAR->DFW,4,4,0,0.0
route,FAR->LAX,2,2,0,0.0
route,FAR->MSP,9,9,0,0.0
route,FAR->ORD,16,16,0,0.0
route,FAT->DEN,14,14,0,0.0
route,FAT->DFW,3,3,0,0.0
route,FAT->LAS,5,5,0,0.0
route,FAT->LAX,15,15,0,0.0
route,FAT->ORD,2,2,0,0.0
route,FAT->PDX,3,3,0,0.0
route,FAT->PHX,10,10,0,0.0
route,FAT->SAN,6,6,0,0.0
route,FAT->SEA,10,10,0,0.0
route,FAT->SFO,19,19,0,0.0
route,FAT->SLC,7,7,0,0.0
route,FAY->ATL,13,13,0,0.0
route,FAY->CLT,5,5,0,0.0
route,FAY->IAD,4,4,0,0.0
route,FCA->ATL,1,1,0,0.0
route,FCA->AZA,2,2,0,0.0
route,FCA->DEN,22,22,0,0.0
route,FCA->LAS,1,1,0,0.0
route,FCA->LAX,5,5,0,0.0
route,FCA->MSP,2,2,0,0.0
route,FCA->ORD,4,4,0,0.0
route,FCA->PDX,3,3,0,0.0
route,FCA->SEA,15,15,0,0.0
route,FCA->SFO,3,3,0,0.0
route,FCA->SLC,8,8,0,0.0
route,FLG->DEN,4,4,0,0.0
route,FLG->DFW,6,6,0,0.0
route,FLG->PHX,6,6,0,0.0
route,FLL->ABE,1,1,0,0.0
route,FLL->ACY,6,6,0,0.0
route,FLL->ALB,9,9,0,0.0
route,FLL->ATL,52,52,0,0.0
route,FLL->AUS,12,12,0,0.0
route,FLL->AVL,11,11,0,0.0
route,FLL->BDL,12,12,0,0.0
route,FLL->BLV,3,3,0,0.0
route,FLL->BNA,18,18,0,0.0
route,FLL->BOS,20,20,0,0.0
route,FLL->BQN,6,6,0,0.0
route,FLL->BUF,3,3,0,0.0
route,FLL->BWI,44,44,0,0.0
route,FLL->CHS,3,3,0,0.0
route,FLL->CLE,5,5,0,0.0
route,FLL->CLT,8,8,0,0.0
route,FLL->CMH,4,4,0,0.0
route,FLL->CVG,4,4,0,0.0
route,FLL->DAL,8,8,0,0.0
route,FLL->DCA,32,32,0,0.0
route,FLL->DEN,18,18,0,0.0
route,FLL->DFW,22,22,0,0.0
route,FLL->DTW,14,14,0,0.0
route,FLL->EWR,41,41,0,0.0
route,FLL->GSO,4,4,0,0.0
route,FLL->GSP,2,2,0,0.0
route,FLL->HOU,11,11,0,0.0
route,FLL->HPN,9,9,0,0.0
route,FLL->IAD,9,9,0,0.0
route,FLL->IAH,26,26,0,0.0
route,FLL->IND,2,2,0,0.0
route,FLL->ISP,5,5,0,0.0
route,FLL->JAX,22,22,0,0.0
route,FLL->JFK,30,30,0,0.0
route,FLL->LAS,7,7,0,0.0
route,FLL->LAX,17,17,0,0.0
route,FLL->LBE,1,1,0,0.0
route,FLL->LEX,1,1,0,0.0
route,FLL->LGA,30,30,0,0.0
route,FLL->LGB,1,1,0,0.0
route,FLL->MCI,2,2,0,0.0
route,FLL->MCO,20,20,0,0.0
route,FLL->MDW,13,13,0,0.0
route,FLL->MSP,1,1,0,0.0
route,FLL->MSY,17,17,0,0.0
route,FLL->MYR,3,3,0,0.0
route,FLL->ORD,17,17,0,0.0
route,FLL->ORH,1,1,0,0.0
route,FLL->PBG,4,4,0,0.0
route,FLL->PHL,14,14,0,0.0
route,FLL->PHX,6,6,0,0.0
route,FLL->PIT,9,9,0,0.0
route,FLL->PVD,9,9,0,0.0
route,FLL->RDU,12,12,0,0.0
route,FLL->RIC,11,11,0,0.0
route,FLL->SAN,4,4,0,0.0
route,FLL->SAT,3,3,0,0.0
route,FLL->SDF,2,2,0,0.0
route,FLL->SEA,4,4,0,0.0
route,FLL->SFO,14,14,0,0.0
route,FLL->SJU,32,32,0,0.0
route,FLL->SLC,5,5,0,0.0
route,FLL->STL,5,5,0,0.0
route,FLL->STT,5,5,0,0.0
route,FLL->SWF,2,2,0,0.0
route,FLL->SYR,3,3,0,0.0
route,FLL->TPA,24,24,0,0.0
route,FLL->TYS,2,2,0,0.0
route,FLL->USA,4,4,0,0.0
route,FLO->CLT,5,5,0,0.0
route,FNT->ORD,17,17,0,0.0
route,FNT->PGD,1,1,0,0.0
route,FNT->PIE,4,4,0,0.0
route,FNT->SFB,4,4,0,0.0
route,FSD->AZA,1,1,0,0.0
route,FSD->DEN,17,17,0,0.0
route,FSD->DFW,4,4,0,0.0
route,FSD->LAS,3,3,0,0.0
route,FSD->MSP,14,14,0,0.0
route,FSD->ORD,11,11,0,0.0
route,FSD->PHX,1,1,0,0.0
route,FSD->PIE,1,1,0,0.0
route,FSD->SFB,1,1,0,0.0
route,FSM->ATL,5,5,0,0.0
route,FSM->DFW,4,4,0,0.0
route,FWA->ATL,2,2,0,0.0
route,FWA->CLT,1,1,0,0.0
route,FWA->DFW,3,3,0,0.0
route,FWA->DTW,3,3,0,0.0
route,FWA->MSP,1,1,0,0.0
route,FWA->ORD,9,9,0,0.0
route,FWA->PGD,3,3,0,0.0
route,FWA->PHL,1,1,0,0.0
route,FWA->SFB,1,1,0,0.0
route,GCC->DEN,3,3,0,0.0
route,GCK->DFW,1,1,0,0.0
route,GEG->BOI,12,12,0,0.0
route,GEG->DEN,17,17,0,0.0
route,GEG->LAS,8,8,0,0.0
route,GEG->MSP,8,8,0,0.0
route,GEG->OAK,4,4,0,0.0
route,GEG->ORD,9,9,0,0.0
route,GEG->PDX,37,37,0,0.0
route,GEG->PHX,5,5,0,0.0
route,GEG->SAN,4,4,0,0.0
route,GEG->SEA,66,66,0,0.0
route,GEG->SFO,11,11,0,0.0
route,GEG->SJC,2,2,0,0.0
route,GEG->SLC,13,13,0,0.0
route,GEG->SMF,3,3,0,0.0
route,GFK->MSP,12,12,0,0.0
route,GGG->DFW,3,3,0,0.0
route,GJT->DEN,18,18,0,0.0
route,GJT->DFW,4,4,0,0.0
route,GJT->LAX,1,1,0,0.0
route,GJT->PHX,2,2,0,0.0
route,GJT->SLC,2,2,0,0.0
route,GNV->ATL,7,7,0,0.0
route,GNV->CLT,3,3,0,0.0
route,GNV->DFW,3,3,0,0.0
route,GNV->MIA,1,1,0,0.0
route,GPT->ATL,5,5,0,0.0
route,GPT->CLT,1,1,0,0.0
route,GPT->DFW,6,6,0,0.0
route,GPT->IAH,8,8,0,0.0
route,GPT->SFB,1,1,0,0.0
route,GRB->ATL,4,4,0,0.0
route,GRB->DEN,1,1,0,0.0
route,GRB->DTW,2,2,0,0.0
route,GRB->MSP,8,8,0,0.0
route,GRB->ORD,22,22,0,0.0
route,GRI->AZA,2,2,0,0.0
route,GRI->DFW,1,1,0,0.0
route,GRI->LAS,1,1,0,0.0
route,GRK->DFW,4,4,0,0.0
route,GRK->IAH,9,9,0,0.0
route,GRR->ATL,7,7,0,0.0
route,GRR->AZA,2,2,0,0.0
route,GRR->BWI,2,2,0,0.0
route,GRR->CLT,3,3,0,0.0
route,GRR->DCA,1,1,0,0.0
route,GRR->DEN,17,17,0,0.0
route,GRR->DFW,4,4,0,0.0
route,GRR->DTW,6,6,0,0.0
route,GRR->EWR,9,9,0,0.0
route,GRR->IAD,5,5,0,0.0
route,GRR->IAH,5,5,0,0.0
route,GRR->LAS,2,2,0,0.0
route,GRR->LGA,5,5,0,0.0
route,GRR->MDW,9,9,0,0.0
route,GRR->MSP,3,3,0,0.0
route,GRR->ORD,45,45,0,0.0
route,GRR->PGD,1,1,0,0.0
route,GRR->PHL,6,6,0,0.0
route,GRR->PIE,3,3,0,0.0
route,GRR->SFB,1,1,0,0.0
route,GSO->ATL,11,11,0,0.0
route,GSO->CLT,17,17,0,0.0
route,GSO->DCA,6,6,0,0.0
route,GSO->DEN,1,1,0,0.0
route,GSO->DFW,1,1,0,0.0
route,GSO->DTW,3,3,0,0.0
route,GSO->EWR,8,8,0,0.0
route,GSO->IAD,10,10,0,0.0
route,GSO->LGA,10,10,0,0.0
route,GSO->MCO,1,1,0,0.0
route,GSO->MIA,1,1,0,0.0
route,GSO->ORD,16,16,0,0.0
route,GSO->PHL,5,5,0,0.0
route,GSO->PIE,1,1,0,0.0
route,GSO->SFB,2,2,0,0.0
route,GSO->TPA,1,1,0,0.0
route,GSP->ATL,25,25,0,0.0
route,GSP->CLT,15,15,0,0.0
route,GSP->DCA,1,1,0,0.0
route,GSP->DEN,2,2,0,0.0
route,GSP->DTW,2,2,0,0.0
route,GSP->EWR,8,8,0,0.0
route,GSP->IAD,12,12,0,0.0
route,GSP->IAH,5,5,0,0.0
route,GSP->LGA,1,1,0,0.0
route,GSP->MIA,2,2,0,0.0
route,GSP->ORD,18,18,0,0.0
route,GSP->PHL,8,8,0,0.0
route,GSP->SFB,3,3,0,0.0
route,GST->JNU,5,5,0,0.0
route,GTF->DEN,18,18,0,0.0
route,GTF->MSP,2,2,0,0.0
route,GTF->ORD,6,6,0,0.0
route,GTF->SEA,2,2,0,0.0
route,GTF->SLC,2,2,0,0.0
route,GTR->ATL,4,4,0,0.0
route,GUC->DEN,9,9,0,0.0
route,GUC->IAH,4,4,0,0.0
route,GUM->HNL,3,3,0,0.0
route,GUM->SPN,7,7,0,0.0
route,HDN->DEN,5,5,0,0.0
route,HDN->IAH,3,3,0,0.0
route,HGR->PIE,4,4,0,0.0
route,HGR->SFB,3,3,0,0.0
route,HHH->ATL,5,5,0,0.0
route,HHH->CLT,2,2,0,0.0
route,HHH->EWR,1,1,0,0.0
route,HHH->IAD,6,6,0,0.0
route,HIB->MSP,2,2,0,0.0
route,HLN->DEN,3,3,0,0.0
route,HLN->MSP,3,3,0,0.0
route,HLN->SEA,3,3,0,0.0
route,HLN->SLC,3,3,0,0.0
route,HNL->ANC,6,6,0,0.0
route,HNL->DFW,5,5,0,0.0
route,HNL->DTW,2,2,0,0.0
route,HNL->EWR,2,2,0,0.0
route,HNL->GUM,2,2,0,0.0
route,HNL->IAD,3,3,0,0.0
route,HNL->IAH,2,2,0,0.0
route,HNL->ITO,45,45,0,0.0
route,HNL->JFK,5,5,0,0.0
route,HNL->JHM,9,9,0,0.0
route,HNL->KOA,75,75,0,0.0
route,HNL->LAS,11,11,0,0.0
route,HNL->LAX,40,40,0,0.0
route,HNL->LGB,5,5,0,0.0
route,HNL->LIH,56,56,0,0.0
route,HNL->LNY,15,15,0,0.0
route,HNL->MKK,8,8,0,0.0
route,HNL->OAK,11,11,0,0.0
route,HNL->OGG,84,84,0,0.0
route,HNL->ORD,3,3,0,0.0
route,HNL->PDX,10,10,0,0.0
route,HNL->PHX,2,2,0,0.0
route,HNL->PPG,1,1,0,0.0
route,HNL->SAN,7,7,0,0.0
route,HNL->SEA,16,16,0,0.0
route,HNL->SFO,27,27,0,0.0
route,HNL->SJC,7,7,0,0.0
route,HNL->SLC,3,3,0,0.0
route,HNL->SMF,6,6,0,0.0
route,HOB->IAH,5,5,0,0.0
route,HOU->ABQ,8,8,0,0.0
route,HOU->ATL,31,31,0,0.0
route,HOU->AUS,24,24,0,0.0
route,HOU->BHM,5,5,0,0.0
route,HOU->BNA,13,13,0,0.0
route,HOU->BOS,13,13,0,0.0
route,HOU->BWI,13,13,0,0.0
route,HOU->CHS,5,5,0,0.0
route,HOU->CLT,4,4,0,0.0
route,HOU->CMH,4,4,0,0.0
route,HOU->CRP,12,12,0,0.0
route,HOU->DAL,61,61,0,0.0
route,HOU->DCA,8,8,0,0.0
route,HOU->DEN,12,12,0,0.0
route,HOU->DFW,12,12,0,0.0
route,HOU->ECP,4,4,0,0.0
route,HOU->ELP,10,10,0,0.0
route,HOU->FLL,13,13,0,0.0
route,HOU->HRL,16,16,0,0.0
route,HOU->IND,9,9,0,0.0
route,HOU->JAX,5,5,0,0.0
route,HOU->JFK,4,4,0,0.0
route,HOU->LAS,18,18,0,0.0
route,HOU->LAX,14,14,0,0.0
route,HOU->LGA,13,13,0,0.0
route,HOU->MAF,13,13,0,0.0
route,HOU->MCI,6,6,0,0.0
route,HOU->MCO,16,16,0,0.0
route,HOU->MDW,22,22,0,0.0
route,HOU->MEM,2,2,0,0.0
route,HOU->MKE,1,1,0,0.0
route,HOU->MSY,26,26,0,0.0
route,HOU->OAK,12,12,0,0.0
route,HOU->OKC,8,8,0,0.0
route,HOU->OMA,1,1,0,0.0
route,HOU->PDX,1,1,0,0.0
route,HOU->PHL,1,1,0,0.0
route,HOU->PHX,13,13,0,0.0
route,HOU->PIT,5,5,0,0.0
route,HOU->PNS,3,3,0,0.0
route,HOU->RDU,5,5,0,0.0
route,HOU->SAN,13,13,0,0.0
route,HOU->SAT,13,13,0,0.0
route,HOU->SDF,1,1,0,0.0
route,HOU->SEA,2,2,0,0.0
route,HOU->SJC,2,2,0,0.0
route,HOU->SJU,1,1,0,0.0
route,HOU->SLC,2,2,0,0.0
route,HOU->SNA,6,6,0,0.0
route,HOU->STL,11,11,0,0.0
route,HOU->TPA,12,12,0,0.0
route,HOU->TUL,7,7,0,0.0
route,HPN->ATL,10,10,0,0.0
route,HPN->CLT,9,9,0,0.0
route,HPN->DCA,7,7,0,0.0
route,HPN->DTW,6,6,0,0.0
route,HPN->FLL,10,10,0,0.0
route,HPN->MCO,9,9,0,0.0
route,HPN->ORD,11,11,0,0.0
route,HPN->PBI,11,11,0,0.0
route,HPN->RSW,5,5,0,0.0
route,HPN->TPA,1,1,0,0.0
route,HRL->AUS,5,5,0,0.0
route,HRL->DEN,1,1,0,0.0
route,HRL->DFW,3,3,0,0.0
route,HRL->HOU,17,17,0,0.0
route,HRL->IAH,12,12,0,0.0
route,HSV->ATL,7,7,0,0.0
route,HSV->DCA,4,4,0,0.0
route,HSV->DEN,7,7,0,0.0
route,HSV->DFW,5,5,0,0.0
route,HSV->DTW,1,1,0,0.0
route,HSV->IAD,1,1,0,0.0
route,HSV->IAH,6,6,0,0.0
route,HSV->ORD,10,10,0,0.0
route,HTS->CLT,3,3,0,0.0
route,HTS->MYR,1,1,0,0.0
route,HTS->PGD,1,1,0,0.0
route,HTS->PIE,3,3,0,0.0
route,HTS->SFB,2,2,0,0.0
route,HTS->VPS,1,1,0,0.0
route,HVN->PHL,3,3,0,0.0
route,HYA->JFK,5,5,0,0.0
route,HYS->DEN,7,7,0,0.0
route,HYS->SLN,4,4,0,0.0
route,IAD->ALB,8,8,0,0.0
route,IAD->ATL,30,30,0,0.0
route,IAD->AUS,19,19,0,0.0
route,IAD->AVL,1,1,0,0.0
route,IAD->AVP,1,1,0,0.0
route,IAD->BDL,10,10,0,0.0
route,IAD->BNA,13,13,0,0.0
route,IAD->BOS,23,23,0,0.0
route,IAD->BTV,10,10,0,0.0
route,IAD->BUF,19,19,0,0.0
route,IAD->CAE,9,9,0,0.0
route,IAD->CHA,3,3,0,0.0
route,IAD->CHO,6,6,0,0.0
route,IAD->CHS,12,12,0,0.0
route,IAD->CKB,6,6,0,0.0
route,IAD->CLE,14,14,0,0.0
route,IAD->CLT,29,29,0,0.0
route,IAD->CMH,13,13,0,0.0
route,IAD->COS,3,3,0,0.0
route,IAD->CRW,3,3,0,0.0
route,IAD->CVG,16,16,0,0.0
route,IAD->DAY,8,8,0,0.0
route,IAD->DEN,33,33,0,0.0
route,IAD->DFW,12,12,0,0.0
route,IAD->DTW,11,11,0,0.0
route,IAD->ELM,5,5,0,0.0
route,IAD->EWR,19,19,0,0.0
route,IAD->FAY,7,7,0,0.0
route,IAD->FLL,4,4,0,0.0
route,IAD->GRR,4,4,0,0.0
route,IAD->GSO,7,7,0,0.0
route,IAD->GSP,9,9,0,0.0
route,IAD->HHH,4,4,0,0.0
route,IAD->HNL,6,6,0,0.0
route,IAD->HSV,3,3,0,0.0
route,IAD->IAH,11,11,0,0.0
route,IAD->ILM,4,4,0,0.0
route,IAD->IND,14,14,0,0.0
route,IAD->ITH,5,5,0,0.0
route,IAD->JAX,13,13,0,0.0
route,IAD->JFK,9,9,0,0.0
route,IAD->LAS,7,7,0,0.0
route,IAD->LAX,35,35,0,0.0
route,IAD->LEX,2,2,0,0.0
route,IAD->LGA,7,7,0,0.0
route,IAD->LWB,1,1,0,0.0
route,IAD->MCI,8,8,0,0.0
route,IAD->MCO,19,19,0,0.0
route,IAD->MDT,9,9,0,0.0
route,IAD->MHT,5,5,0,0.0
route,IAD->MSP,16,16,0,0.0
route,IAD->MSY,6,6,0,0.0
route,IAD->OKC,5,5,0,0.0
route,IAD->ORD,15,15,0,0.0
route,IAD->ORF,12,12,0,0.0
route,IAD->PBG,2,2,0,0.0
route,IAD->PDX,4,4,0,0.0
route,IAD->PHL,8,8,0,0.0
route,IAD->PHX,1,1,0,0.0
route,IAD->PIT,18,18,0,0.0
route,IAD->PVD,10,10,0,0.0
route,IAD->PWM,12,12,0,0.0
route,IAD->RDU,14,14,0,0.0
route,IAD->RIC,12,12,0,0.0
route,IAD->ROA,8,8,0,0.0
route,IAD->ROC,6,6,0,0.0
route,IAD->SAN,10,10,0,0.0
route,IAD->SAT,10,10,0,0.0
route,IAD->SAV,5,5,0,0.0
route,IAD->SCE,3,3,0,0.0
route,IAD->SDF,8,8,0,0.0
route,IAD->SEA,12,12,0,0.0
route,IAD->SFO,24,24,0,0.0
route,IAD->SHD,3,3,0,0.0
route,IAD->SLC,2,2,0,0.0
route,IAD->SMF,2,2,0,0.0
route,IAD->STL,12,12,0,0.0
route,IAD->STT,2,2,0,0.0
route,IAD->SYR,6,6,0,0.0
route,IAD->TPA,9,9,0,0.0
route,IAD->TUL,1,1,0,0.0
route,IAD->TVC,1,1,0,0.0
route,IAD->TYS,9,9,0,0.0
route,IAG->PGD,1,1,0,0.0
route,IAG->PIE,1,1,0,0.0
route,IAG->SFB,3,3,0,0.0
route,IAH->ABQ,15,15,0,0.0
route,IAH->AEX,10,10,0,0.0
route,IAH->AMA,7,7,0,0.0
route,IAH->ANC,1,1,0,0.0
route,IAH->ASE,4,4,0,0.0
route,IAH->ATL,37,37,0,0.0
route,IAH->AUS,32,32,0,0.0
route,IAH->BDL,4,4,0,0.0
route,IAH->BHM,13,13,0,0.0
route,IAH->BNA,21,21,0,0.0
route,IAH->BOI,3,3,0,0.0
route,IAH->BOS,17,17,0,0.0
route,IAH->BRO,16,16,0,0.0
route,IAH->BTR,27,27,0,0.0
route,IAH->BWI,7,7,0,0.0
route,IAH->BZN,3,3,0,0.0
route,IAH->CAE,4,4,0,0.0
route,IAH->CAK,3,3,0,0.0
route,IAH->CHS,3,3,0,0.0
route,IAH->CLE,13,13,0,0.0
route,IAH->CLL,12,12,0,0.0
route,IAH->CLT,22,22,0,0.0
route,IAH->CMH,6,6,0,0.0
route,IAH->COS,11,11,0,0.0
route,IAH->CRP,13,13,0,0.0
route,IAH->CRW,1,1,0,0.0
route,IAH->CVG,15,15,0,0.0
route,IAH->DAY,2,2,0,0.0
route,IAH->DCA,19,19,0,0.0
route,IAH->DEN,49,49,0,0.0
route,IAH->DFW,45,45,0,0.0
route,IAH->DSM,3,3,0,0.0
route,IAH->DTW,28,28,0,0.0
route,IAH->ECP,7,7,0,0.0
route,IAH->ELP,18,18,0,0.0
route,IAH->EWR,41,41,0,0.0
route,IAH->FLL,17,17,0,0.0
route,IAH->GPT,10,10,0,0.0
route,IAH->GRK,8,8,0,0.0
route,IAH->GRR,1,1,0,0.0
route,IAH->GSP,10,10,0,0.0
route,IAH->GUC,5,5,0,0.0
route,IAH->HNL,2,2,0,0.0
route,IAH->HOB,4,4,0,0.0
route,IAH->HRL,12,12,0,0.0
route,IAH->HSV,7,7,0,0.0
route,IAH->IAD,12,12,0,0.0
route,IAH->ICT,7,7,0,0.0
route,IAH->IND,12,12,0,0.0
route,IAH->JAC,2,2,0,0.0
route,IAH->JAN,17,17,0,0.0
route,IAH->JAX,7,7,0,0.0
route,IAH->LAS,33,33,0,0.0
route,IAH->LAX,40,40,0,0.0
route,IAH->LBB,5,5,0,0.0
route,IAH->LCH,3,3,0,0.0
route,IAH->LEX,3,3,0,0.0
route,IAH->LFT,15,15,0,0.0
route,IAH->LGA,39,39,0,0.0
route,IAH->LIT,16,16,0,0.0
route,IAH->LRD,10,10,0,0.0
route,IAH->MAF,21,21,0,0.0
route,IAH->MCI,21,21,0,0.0
route,IAH->MCO,32,32,0,0.0
route,IAH->MEM,22,22,0,0.0
route,IAH->MFE,19,19,0,0.0
route,IAH->MIA,30,30,0,0.0
route,IAH->MKE,5,5,0,0.0
route,IAH->MLU,12,12,0,0.0
route,IAH->MOB,15,15,0,0.0
route,IAH->MSP,24,24,0,0.0
route,IAH->MSY,26,26,0,0.0
route,IAH->MTJ,3,3,0,0.0
route,IAH->OAK,2,2,0,0.0
route,IAH->OKC,39,39,0,0.0
route,IAH->OMA,9,9,0,0.0
route,IAH->ONT,3,3,0,0.0
route,IAH->ORD,43,43,0,0.0
route,IAH->ORF,4,4,0,0.0
route,IAH->PDX,10,10,0,0.0
route,IAH->PHL,19,19,0,0.0
route,IAH->PHX,13,13,0,0.0
route,IAH->PIT,13,13,0,0.0
route,IAH->PNS,17,17,0,0.0
route,IAH->RDU,14,14,0,0.0
route,IAH->RIC,7,7,0,0.0
route,IAH->RSW,6,6,0,0.0
route,IAH->SAN,21,21,0,0.0
route,IAH->SAT,26,26,0,0.0
route,IAH->SAV,5,5,0,0.0
route,IAH->SDF,7,7,0,0.0
route,IAH->SEA,37,37,0,0.0
route,IAH->SFO,35,35,0,0.0
route,IAH->SGF,5,5,0,0.0
route,IAH->SHV,8,8,0,0.0
route,IAH->SJC,3,3,0,0.0
route,IAH->SJU,7,7,0,0.0
route,IAH->SLC,30,30,0,0.0
route,IAH->SMF,6,6,0,0.0
route,IAH->SNA,16,16,0,0.0
route,IAH->STL,12,12,0,0.0
route,IAH->STT,1,1,0,0.0
route,IAH->TPA,23,23,0,0.0
route,IAH->TUL,18,18,0,0.0
route,IAH->TUS,6,6,0,0.0
route,IAH->TYS,9,9,0,0.0
route,IAH->VPS,11,11,0,0.0
route,IAH->XNA,13,13,0,0.0
route,ICT->ATL,2,2,0,0.0
route,ICT->DEN,6,6,0,0.0
route,ICT->DFW,8,8,0,0.0
route,ICT->IAH,9,9,0,0.0
route,ICT->LAS,4,4,0,0.0
route,ICT->LAX,1,1,0,0.0
route,ICT->MSP,8,8,0,0.0
route,ICT->ORD,12,12,0,0.0
route,ICT->PHX,3,3,0,0.0
route,ICT->SEA,1,1,0,0.0
route,ICT->STL,3,3,0,0.0
route,IDA->AZA,4,4,0,0.0
route,IDA->DEN,14,14,0,0.0
route,IDA->LAS,1,1,0,0.0
route,IDA->SLC,3,3,0,0.0
route,ILM->ATL,10,10,0,0.0
route,ILM->CLT,12,12,0,0.0
route,ILM->DCA,3,3,0,0.0
route,ILM->IAD,11,11,0,0.0
route,ILM->LGA,2,2,0,0.0
route,ILM->ORD,6,6,0,0.0
route,ILM->PHL,5,5,0,0.0
route,IMT->DTW,1,1,0,0.0
route,IMT->MSP,1,1,0,0.0
route,IND->ATL,25,25,0,0.0
route,IND->AUS,3,3,0,0.0
route,IND->BOS,8,8,0,0.0
route,IND->BWI,10,10,0,0.0
route,IND->CHS,2,2,0,0.0
route,IND->CLT,9,9,0,0.0
route,IND->DAL,4,4,0,0.0
route,IND->DCA,8,8,0,0.0
route,IND->DEN,24,24,0,0.0
route,IND->DFW,6,6,0,0.0
route,IND->DTW,6,6,0,0.0
route,IND->EWR,16,16,0,0.0
route,IND->FLL,5,5,0,0.0
route,IND->HOU,9,9,0,0.0
route,IND->IAD,16,16,0,0.0
route,IND->IAH,12,12,0,0.0
route,IND->JAX,1,1,0,0.0
route,IND->JFK,3,3,0,0.0
route,IND->LAS,13,13,0,0.0
route,IND->LAX,1,1,0,0.0
route,IND->LGA,7,7,0,0.0
route,IND->MCI,3,3,0,0.0
route,IND->MCO,14,14,0,0.0
route,IND->MDW,3,3,0,0.0
route,IND->MIA,1,1,0,0.0
route,IND->MSP,11,11,0,0.0
route,IND->ORD,24,24,0,0.0
route,IND->PGD,2,2,0,0.0
route,IND->PHL,9,9,0,0.0
route,IND->PHX,8,8,0,0.0
route,IND->PIE,5,5,0,0.0
route,IND->RDU,2,2,0,0.0
route,IND->RSW,5,5,0,0.0
route,IND->SAN,3,3,0,0.0
route,IND->SAV,1,1,0,0.0
route,IND->SEA,5,5,0,0.0
route,IND->SFB,3,3,0,0.0
route,IND->SFO,9,9,0,0.0
route,IND->SLC,1,1,0,0.0
route,IND->SRQ,1,1,0,0.0
route,IND->TPA,14,14,0,0.0
route,IND->VPS,4,4,0,0.0
route,INL->MSP,1,1,0,0.0
route,IPT->PHL,1,1,0,0.0
route,ISN->DEN,16,16,0,0.0
route,ISN->MSP,2,2,0,0.0
route,ISP->ATL,6,6,0,0.0
route,ISP->BWI,17,17,0,0.0
route,ISP->FLL,1,1,0,0.0
route,ISP->MCO,17,17,0,0.0
route,ISP->MYR,1,1,0,0.0
route,ISP->ORD,2,2,0,0.0
route,ISP->PBI,7,7,0,0.0
route,ISP->PHL,3,3,0,0.0
route,ISP->SJU,1,1,0,0.0
route,ISP->TPA,11,11,0,0.0
route,ITH->DTW,2,2,0,0.0
route,ITH->EWR,2,2,0,0.0
route,ITH->IAD,6,6,0,0.0
route,ITH->PHL,5,5,0,0.0
route,ITO->HNL,46,46,0,0.0
route,ITO->LAX,4,4,0,0.0
route,ITO->OGG,5,5,0,0.0
route,JAC->DEN,13,13,0,0.0
route,JAC->DFW,2,2,0,0.0
route,JAC->LAX,9,9,0,0.0
route,JAC->LGA,1,1,0,0.0
route,JAC->MSP,2,2,0,0.0
route,JAC->ORD,18,18,0,0.0
route,JAC->PHX,1,1,0,0.0
route,JAC->SFO,5,5,0,0.0
route,JAC->SLC,5,5,0,0.0
route,JAN->ATL,8,8,0,0.0
route,JAN->CLT,6,6,0,0.0
route,JAN->DCA,3,3,0,0.0
route,JAN->DEN,1,1,0,0.0
route,JAN->DFW,3,3,0,0.0
route,JAN->IAH,16,16,0,0.0
route,JAN->ORD,6,6,0,0.0
route,JAX->ATL,26,26,0,0.0
route,JAX->BLV,1,1,0,0.0
route,JAX->BNA,13,13,0,0.0
route,JAX->BOS,16,16,0,0.0
route,JAX->BWI,13,13,0,0.0
route,JAX->CLE,2,2,0,0.0
route,JAX->CLT,6,6,0,0.0
route,JAX->CVG,3,3,0,0.0
route,JAX->DAL,4,4,0,0.0
route,JAX->DCA,8,8,0,0.0
route,JAX->DEN,10,10,0,0.0
route,JAX->DFW,6,6,0,0.0
route,JAX->DTW,7,7,0,0.0
route,JAX->EWR,9,9,0,0.0
route,JAX->FLL,21,21,0,0.0
route,JAX->HOU,4,4,0,0.0
route,JAX->IAD,11,11,0,0.0
route,JAX->IAH,14,14,0,0.0
route,JAX->JFK,12,12,0,0.0
route,JAX->LCK,2,2,0,0.0
route,JAX->LGA,4,4,0,0.0
route,JAX->MDW,4,4,0,0.0
route,JAX->MIA,10,10,0,0.0
route,JAX->MSP,2,2,0,0.0
route,JAX->ORD,20,20,0,0.0
route,JAX->ORF,1,1,0,0.0
route,JAX->PHL,7,7,0,0.0
route,JAX->PIT,2,2,0,0.0
route,JAX->SDF,1,1,0,0.0
route,JAX->TTN,2,2,0,0.0
route,JFK->ABQ,5,5,0,0.0
route,JFK->ACK,13,13,0,0.0
route,JFK->ATL,22,22,0,0.0
route,JFK->AUS,17,17,0,0.0
route,JFK->BNA,8,8,0,0.0
route,JFK->BOS,26,26,0,0.0
route,JFK->BQN,7,7,0,0.0
route,JFK->BTV,12,12,0,0.0
route,JFK->BUF,20,20,0,0.0
route,JFK->BUR,5,5,0,0.0
route,JFK->BWI,5,5,0,0.0
route,JFK->CHS,15,15,0,0.0
route,JFK->CLE,6,6,0,0.0
route,JFK->CLT,22,22,0,0.0
route,JFK->CMH,5,5,0,0.0
route,JFK->CVG,3,3,0,0.0
route,JFK->DAB,2,2,0,0.0
route,JFK->DCA,3,3,0,0.0
route,JFK->DEN,11,11,0,0.0
route,JFK->DFW,8,8,0,0.0
route,JFK->DTW,6,6,0,0.0
route,JFK->FLL,24,24,0,0.0
route,JFK->HNL,2,2,0,0.0
route,JFK->HOU,4,4,0,0.0
route,JFK->IAD,10,10,0,0.0
route,JFK->IND,9,9,0,0.0
route,JFK->JAX,12,12,0,0.0
route,JFK->LAS,31,31,0,0.0
route,JFK->LAX,70,70,0,0.0
route,JFK->LGB,9,9,0,0.0
route,JFK->MCO,34,34,0,0.0
route,JFK->MIA,12,12,0,0.0
route,JFK->MSP,3,3,0,0.0
route,JFK->MSY,9,9,0,0.0
route,JFK->MVY,7,7,0,0.0
route,JFK->OAK,2,2,0,0.0
route,JFK->ONT,1,1,0,0.0
route,JFK->ORD,14,14,0,0.0
route,JFK->ORF,9,9,0,0.0
route,JFK->ORH,7,7,0,0.0
route,JFK->PBI,15,15,0,0.0
route,JFK->PDX,12,12,0,0.0
route,JFK->PHX,11,11,0,0.0
route,JFK->PIT,7,7,0,0.0
route,JFK->PSE,2,2,0,0.0
route,JFK->PWM,8,8,0,0.0
route,JFK->RDU,14,14,0,0.0
route,JFK->RIC,2,2,0,0.0
route,JFK->RNO,3,3,0,0.0
route,JFK->ROC,13,13,0,0.0
route,JFK->RSW,7,7,0,0.0
route,JFK->SAN,8,8,0,0.0
route,JFK->SAT,5,5,0,0.0
route,JFK->SAV,7,7,0,0.0
route,JFK->SEA,20,20,0,0.0
route,JFK->SFO,45,45,0,0.0
route,JFK->SJC,11,11,0,0.0
route,JFK->SJU,29,29,0,0.0
route,JFK->SLC,10,10,0,0.0
route,JFK->SMF,7,7,0,0.0
route,JFK->SRQ,3,3,0,0.0
route,JFK->STT,3,3,0,0.0
route,JFK->SYR,6,6,0,0.0
route,JFK->TPA,14,14,0,0.0
route,JHM->HNL,6,6,0,0.0
route,JLN->DFW,5,5,0,0.0
route,JLN->ORD,3,3,0,0.0
route,JMS->DEN,3,3,0,0.0
route,JMS->DVL,5,5,0,0.0
route,JNU->ANC,10,10,0,0.0
route,JNU->GST,5,5,0,0.0
route,JNU->KTN,6,6,0,0.0
route,JNU->PSG,3,3,0,0.0
route,JNU->SEA,17,17,0,0.0
route,JNU->SIT,11,11,0,0.0
route,JNU->YAK,2,2,0,0.0
route,KOA->DEN,3,3,0,0.0
route,KOA->DFW,6,6,0,0.0
route,KOA->HNL,72,72,0,0.0
route,KOA->LAX,14,14,0,0.0
route,KOA->LIH,7,7,0,0.0
route,KOA->OAK,4,4,0,0.0
route,KOA->OGG,11,11,0,0.0
route,KOA->PDX,2,2,0,0.0
route,KOA->PHX,2,2,0,0.0
route,KOA->SAN,6,6,0,0.0
route,KOA->SEA,6,6,0,0.0
route,KOA->SFO,11,11,0,0.0
route,KOA->SJC,3,3,0,0.0
route,KOA->SMF,2,2,0,0.0
route,KTN->JNU,2,2,0,0.0
route,KTN->SEA,22,22,0,0.0
route,KTN->SIT,4,4,0,0.0
route,KTN->WRG,3,3,0,0.0
route,LAN->DCA,1,1,0,0.0
route,LAN->DTW,5,5,0,0.0
route,LAN->ORD,13,13,0,0.0
route,LAR->DEN,3,3,0,0.0
route,LAS->ABQ,6,6,0,0.0
route,LAS->AMA,5,5,0,0.0
route,LAS->ATL,25,25,0,0.0
route,LAS->ATW,2,2,0,0.0
route,LAS->AUS,25,25,0,0.0
route,LAS->AZA,1,1,0,0.0
route,LAS->BDL,4,4,0,0.0
route,LAS->BHM,2,2,0,0.0
route,LAS->BIL,3,3,0,0.0
route,LAS->BIS,2,2,0,0.0
route,LAS->BLI,8,8,0,0.0
route,LAS->BLV,1,1,0,0.0
route,LAS->BNA,14,14,0,0.0
route,LAS->BOI,6,6,0,0.0
route,LAS->BOS,21,21,0,0.0
route,LAS->BUF,5,5,0,0.0
route,LAS->BUR,40,40,0,0.0
route,LAS->BWI,23,23,0,0.0
route,LAS->CID,1,1,0,0.0
route,LAS->CLE,10,10,0,0.0
route,LAS->CLT,10,10,0,0.0
route,LAS->CMH,5,5,0,0.0
route,LAS->COS,1,1,0,0.0
route,LAS->CVG,6,6,0,0.0
route,LAS->DAL,25,25,0,0.0
route,LAS->DCA,3,3,0,0.0
route,LAS->DEN,70,70,0,0.0
route,LAS->DFW,24,24,0,0.0
route,LAS->DSM,7,7,0,0.0
route,LAS->DTW,17,17,0,0.0
route,LAS->ELP,8,8,0,0.0
route,LAS->EUG,1,1,0,0.0
route,LAS->EWR,22,22,0,0.0
route,LAS->FAT,6,6,0,0.0
route,LAS->FCA,1,1,0,0.0
route,LAS->FLL,12,12,0,0.0
route,LAS->FSD,3,3,0,0.0
route,LAS->GEG,7,7,0,0.0
route,LAS->GJT,1,1,0,0.0
route,LAS->GRI,1,1,0,0.0
route,LAS->HNL,11,11,0,0.0
route,LAS->HOU,20,20,0,0.0
route,LAS->IAD,7,7,0,0.0
route,LAS->IAH,25,25,0,0.0
route,LAS->ICT,5,5,0,0.0
route,LAS->IDA,1,1,0,0.0
route,LAS->IND,10,10,0,0.0
route,LAS->JFK,26,26,0,0.0
route,LAS->LAX,73,73,0,0.0
route,LAS->LBB,4,4,0,0.0
route,LAS->LGB,22,22,0,0.0
route,LAS->LIT,5,5,0,0.0
route,LAS->LRD,1,1,0,0.0
route,LAS->MAF,3,3,0,0.0
route,LAS->MCI,16,16,0,0.0
route,LAS->MCO,12,12,0,0.0
route,LAS->MDW,25,25,0,0.0
route,LAS->MEM,2,2,0,0.0
route,LAS->MFE,4,4,0,0.0
route,LAS->MFR,1,1,0,0.0
route,LAS->MIA,5,5,0,0.0
route,LAS->MKE,13,13,0,0.0
route,LAS->MLI,1,1,0,0.0
route,LAS->MRY,1,1,0,0.0
route,LAS->MSN,2,2,0,0.0
route,LAS->MSP,10,10,0,0.0
route,LAS->MSY,6,6,0,0.0
route,LAS->OAK,45,45,0,0.0
route,LAS->OKC,9,9,0,0.0
route,LAS->OMA,10,10,0,0.0
route,LAS->ONT,9,9,0,0.0
route,LAS->ORD,37,37,0,0.0
route,LAS->PAE,3,3,0,0.0
route,LAS->PDX,38,38,0,0.0
route,LAS->PHL,14,14,0,0.0
route,LAS->PHX,25,25,0,0.0
route,LAS->PIA,2,2,0,0.0
route,LAS->PIT,10,10,0,0.0
route,LAS->PSC,1,1,0,0.0
route,LAS->RDU,7,7,0,0.0
route,LAS->RNO,29,29,0,0.0
route,LAS->SAN,39,39,0,0.0
route,LAS->SAT,14,14,0,0.0
route,LAS->SCK,5,5,0,0.0
route,LAS->SDF,2,2,0,0.0
route,LAS->SEA,52,52,0,0.0
route,LAS->SFO,65,65,0,0.0
route,LAS->SHV,4,4,0,0.0
route,LAS->SJC,35,35,0,0.0
route,LAS->SLC,24,24,0,0.0
route,LAS->SMF,31,31,0,0.0
route,LAS->SMX,4,4,0,0.0
route,LAS->SNA,19,19,0,0.0
route,LAS->STL,10,10,0,0.0
route,LAS->TPA,15,15,0,0.0
route,LAS->TUL,3,3,0,0.0
route,LAS->TUS,8,8,0,0.0
route,LAS->TYS,4,4,0,0.0
route,LAW->DFW,3,3,0,0.0
route,LAX->ABQ,21,21,0,0.0
route,LAX->ACV,6,6,0,0.0
route,LAX->ANC,12,12,0,0.0
route,LAX->ASE,7,7,0,0.0
route,LAX->ATL,35,35,0,0.0
route,LAX->AUS,17,17,0,0.0
route,LAX->BDL,2,2,0,0.0
route,LAX->BLI,5,5,0,0.0
route,LAX->BNA,15,15,0,0.0
route,LAX->BOI,12,12,0,0.0
route,LAX->BOS,27,27,0,0.0
route,LAX->BUF,5,5,0,0.0
route,LAX->BWI,14,14,0,0.0
route,LAX->BZN,6,6,0,0.0
route,LAX->CID,2,2,0,0.0
route,LAX->CLE,7,7,0,0.0
route,LAX->CLT,8,8,0,0.0
route,LAX->CMH,3,3,0,0.0
route,LAX->COS,5,5,0,0.0
route,LAX->CVG,11,11,0,0.0
route,LAX->DAL,26,26,0,0.0
route,LAX->DCA,7,7,0,0.0
route,LAX->DEN,73,73,0,0.0
route,LAX->DFW,48,48,0,0.0
route,LAX->DRO,1,1,0,0.0
route,LAX->DTW,15,15,0,0.0
route,LAX->ELP,12,12,0,0.0
route,LAX->EUG,3,3,0,0.0
route,LAX->EWR,60,60,0,0.0
route,LAX->FAR,1,1,0,0.0
route,LAX->FAT,11,11,0,0.0
route,LAX->FCA,4,4,0,0.0
route,LAX->FLL,23,23,0,0.0
route,LAX->FSD,1,1,0,0.0
route,LAX->GJT,1,1,0,0.0
route,LAX->HNL,48,48,0,0.0
route,LAX->HOU,12,12,0,0.0
route,LAX->IAD,40,40,0,0.0
route,LAX->IAH,33,33,0,0.0
route,LAX->ICT,2,2,0,0.0
route,LAX->IND,7,7,0,0.0
route,LAX->ITO,4,4,0,0.0
route,LAX->JAC,9,9,0,0.0
route,LAX->JFK,66,66,0,0.0
route,LAX->KOA,15,15,0,0.0
route,LAX->LAS,81,81,0,0.0
route,LAX->LIH,15,15,0,0.0
route,LAX->LIT,1,1,0,0.0
route,LAX->MCI,14,14,0,0.0
route,LAX->MCO,15,15,0,0.0
route,LAX->MDW,19,19,0,0.0
route,LAX->MEM,1,1,0,0.0
route,LAX->MFE,1,1,0,0.0
route,LAX->MFR,3,3,0,0.0
route,LAX->MIA,8,8,0,0.0
route,LAX->MKE,2,2,0,0.0
route,LAX->MMH,4,4,0,0.0
route,LAX->MRY,16,16,0,0.0
route,LAX->MSO,8,8,0,0.0
route,LAX->MSP,12,12,0,0.0
route,LAX->MSY,11,11,0,0.0
route,LAX->OAK,51,51,0,0.0
route,LAX->OGG,25,25,0,0.0
route,LAX->OKC,3,3,0,0.0
route,LAX->OMA,4,4,0,0.0
route,LAX->ORD,58,58,0,0.0
route,LAX->PAE,5,5,0,0.0
route,LAX->PDX,43,43,0,0.0
route,LAX->PHL,18,18,0,0.0
route,LAX->PHX,64,64,0,0.0
route,LAX->PIT,2,2,0,0.0
route,LAX->PRC,1,1,0,0.0
route,LAX->PSC,2,2,0,0.0
route,LAX->PSP,3,3,0,0.0
route,LAX->PVU,1,1,0,0.0
route,LAX->RDM,6,6,0,0.0
route,LAX->RDU,5,5,0,0.0
route,LAX->RNO,22,22,0,0.0
route,LAX->SAN,33,33,0,0.0
route,LAX->SAT,19,19,0,0.0
route,LAX->SBA,10,10,0,0.0
route,LAX->SBP,8,8,0,0.0
route,LAX->SEA,70,70,0,0.0
route,LAX->SFO,139,139,0,0.0
route,LAX->SGF,1,1,0,0.0
route,LAX->SGU,1,1,0,0.0
route,LAX->SJC,53,53,0,0.0
route,LAX->SLC,30,30,0,0.0
route,LAX->SMF,59,59,0,0.0
route,LAX->STL,13,13,0,0.0
route,LAX->STS,10,10,0,0.0
route,LAX->SUN,3,3,0,0.0
route,LAX->TPA,10,10,0,0.0
route,LAX->TUL,4,4,0,0.0
route,LAX->TUS,15,15,0,0.0
route,LAX->XNA,4,4,0,0.0
route,LBB->AUS,1,1,0,0.0
route,LBB->DAL,17,17,0,0.0
route,LBB->DEN,7,7,0,0.0
route,LBB->DFW,11,11,0,0.0
route,LBB->IAH,12,12,0,0.0
route,LBB->LAS,1,1,0,0.0
route,LBE->FLL,1,1,0,0.0
route,LBE->MCO,5,5,0,0.0
route,LBE->MYR,1,1,0,0.0
route,LBF->DEN,7,7,0,0.0
route,LBL->DEN,1,1,0,0.0
route,LBL->PUB,2,2,0,0.0
route,LCH->DFW,4,4,0,0.0
route,LCH->IAH,7,7,0,0.0
route,LCK->JAX,1,1,0,0.0
route,LCK->MYR,7,7,0,0.0
route,LCK->PGD,2,2,0,0.0
route,LCK->PIE,3,3,0,0.0
route,LCK->SAV,1,1,0,0.0
route,LCK->SFB,4,4,0,0.0
route,LEX->ATL,14,14,0,0.0
route,LEX->CLT,6,6,0,0.0
route,LEX->DCA,1,1,0,0.0
route,LEX->DFW,4,4,0,0.0
route,LEX->DTW,5,5,0,0.0
route,LEX->EWR,6,6,0,0.0
route,LEX->FLL,2,2,0,0.0
route,LEX->IAD,4,4,0,0.0
route,LEX->MSP,1,1,0,0.0
route,LEX->MYR,2,2,0,0.0
route,LEX->ORD,17,17,0,0.0
route,LEX->PGD,1,1,0,0.0
route,LEX->PHL,4,4,0,0.0
route,LEX->PIE,3,3,0,0.0
route,LEX->SAV,1,1,0,0.0
route,LEX->SFB,4,4,0,0.0
route,LEX->VPS,3,3,0,0.0
route,LFT->ATL,7,7,0,0.0
route,LFT->DFW,6,6,0,0.0
route,LFT->IAH,12,12,0,0.0
route,LFT->MCO,1,1,0,0.0
route,LGA->ACK,2,2,0,0.0
route,LGA->ATL,47,47,0,0.0
route,LGA->AVL,1,1,0,0.0
route,LGA->BGR,5,5,0,0.0
route,LGA->BNA,25,25,0,0.0
route,LGA->BOS,45,45,0,0.0
route,LGA->BUF,2,2,0,0.0
route,LGA->CAE,1,1,0,0.0
route,LGA->CAK,1,1,0,0.0
route,LGA->CHA,4,4,0,0.0
route,LGA->CHO,4,4,0,0.0
route,LGA->CHS,8,8,0,0.0
route,LGA->CLE,28,28,0,0.0
route,LGA->CLT,17,17,0,0.0
route,LGA->CMH,15,15,0,0.0
route,LGA->CVG,12,12,0,0.0
route,LGA->DAL,13,13,0,0.0
route,LGA->DAY,3,3,0,0.0
route,LGA->DCA,16,16,0,0.0
route,LGA->DEN,23,23,0,0.0
route,LGA->DFW,33,33,0,0.0
route,LGA->DSM,2,2,0,0.0
route,LGA->DTW,22,22,0,0.0
route,LGA->FLL,36,36,0,0.0
route,LGA->GRR,6,6,0,0.0
route,LGA->GSO,9,9,0,0.0
route,LGA->GSP,3,3,0,0.0
route,LGA->HOU,11,11,0,0.0
route,LGA->IAD,15,15,0,0.0
route,LGA->IAH,30,30,0,0.0
route,LGA->ILM,3,3,0,0.0
route,LGA->IND,9,9,0,0.0
route,LGA->JAC,1,1,0,0.0
route,LGA->JAX,2,2,0,0.0
route,LGA->MCI,11,11,0,0.0
route,LGA->MCO,22,22,0,0.0
route,LGA->MDW,12,12,0,0.0
route,LGA->MEM,8,8,0,0.0
route,LGA->MHT,3,3,0,0.0
route,LGA->MIA,17,17,0,0.0
route,LGA->MKE,14,14,0,0.0
route,LGA->MSN,4,4,0,0.0
route,LGA->MSP,11,11,0,0.0
route,LGA->MSY,8,8,0,0.0
route,LGA->MVY,3,3,0,0.0
route,LGA->MYR,7,7,0,0.0
route,LGA->OMA,4,4,0,0.0
route,LGA->ORD,83,83,0,0.0
route,LGA->ORF,12,12,0,0.0
route,LGA->PBI,15,15,0,0.0
route,LGA->PIT,19,19,0,0.0
route,LGA->PWM,13,13,0,0.0
route,LGA->RDU,19,19,0,0.0
route,LGA->RIC,15,15,0,0.0
route,LGA->ROA,3,3,0,0.0
route,LGA->ROC,6,6,0,0.0
route,LGA->RSW,2,2,0,0.0
route,LGA->SAV,5,5,0,0.0
route,LGA->SDF,10,10,0,0.0
route,LGA->SRQ,1,1,0,0.0
route,LGA->STL,19,19,0,0.0
route,LGA->SYR,2,2,0,0.0
route,LGA->TPA,11,11,0,0.0
route,LGA->TYS,6,6,0,0.0
route,LGB->AUS,4,4,0,0.0
route,LGB->BOS,4,4,0,0.0
route,LGB->DEN,1,1,0,0.0
route,LGB->FLL,3,3,0,0.0
route,LGB->HNL,1,1,0,0.0
route,LGB->JFK,6,6,0,0.0
route,LGB->LAS,20,20,0,0.0
route,LGB->OAK,23,23,0,0.0
route,LGB->PDX,4,4,0,0.0
route,LGB->PHX,5,5,0,0.0
route,LGB->RNO,5,5,0,0.0
route,LGB->SEA,4,4,0,0.0
route,LGB->SFO,15,15,0,0.0
route,LGB->SJC,9,9,0,0.0
route,LGB->SLC,11,11,0,0.0
route,LGB->SMF,14,14,0,0.0
route,LIH->DEN,3,3,0,0.0
route,LIH->HNL,64,64,0,0.0
route,LIH->KOA,3,3,0,0.0
route,LIH->LAX,12,12,0,0.0
route,LIH->OAK,4,4,0,0.0
route,LIH->OGG,8,8,0,0.0
route,LIH->PHX,4,4,0,0.0
route,LIH->SAN,4,4,0,0.0
route,LIH->SEA,12,12,0,0.0
route,LIH->SFO,5,5,0,0.0
route,LIH->SJC,5,5,0,0.0
route,LIT->ATL,11,11,0,0.0
route,LIT->CLT,3,3,0,0.0
route,LIT->DAL,11,11,0,0.0
route,LIT->DCA,1,1,0,0.0
route,LIT->DEN,11,11,0,0.0
route,LIT->DFW,11,11,0,0.0
route,LIT->DTW,1,1,0,0.0
route,LIT->IAH,22,22,0,0.0
route,LIT->LAS,5,5,0,0.0
route,LIT->LAX,1,1,0,0.0
route,LIT->ORD,14,14,0,0.0
route,LIT->PHX,2,2,0,0.0
route,LIT->SFB,2,2,0,0.0
route,LIT->STL,3,3,0,0.0
route,LNK->ATL,1,1,0,0.0
route,LNK->DEN,14,14,0,0.0
route,LNK->MSP,4,4,0,0.0
route,LNK->ORD,11,11,0,0.0
route,LNY->HNL,11,11,0,0.0
route,LRD->DFW,3,3,0,0.0
route,LRD->IAH,8,8,0,0.0
route,LSE->DTW,2,2,0,0.0
route,LSE->MSP,4,4,0,0.0
route,LSE->ORD,2,2,0,0.0
route,LWB->IAD,2,2,0,0.0
route,LWB->SHD,5,5,0,0.0
route,LWS->SEA,5,5,0,0.0
route,LWS->SLC,5,5,0,0.0
route,LYH->CLT,8,8,0,0.0
route,MAF->DAL,19,19,0,0.0
route,MAF->DEN,6,6,0,0.0
route,MAF->DFW,9,9,0,0.0
route,MAF->HOU,8,8,0,0.0
route,MAF->IAH,28,28,0,0.0
route,MAF->LAS,3,3,0,0.0
route,MAF->PHX,2,2,0,0.0
route,MBS->DTW,5,5,0,0.0
route,MBS->MSP,1,1,0,0.0
route,MBS->ORD,11,11,0,0.0
route,MCI->ABQ,2,2,0,0.0
route,MCI->ATL,25,25,0,0.0
route,MCI->AUS,3,3,0,0.0
route,MCI->BNA,11,11,0,0.0
route,MCI->BOS,5,5,0,0.0
route,MCI->BWI,7,7,0,0.0
route,MCI->CLT,3,3,0,0.0
route,MCI->CVG,1,1,0,0.0
route,MCI->DAL,23,23,0,0.0
route,MCI->DCA,10,10,0,0.0
route,MCI->DEN,44,44,0,0.0
route,MCI->DFW,8,8,0,0.0
route,MCI->DTW,7,7,0,0.0
route,MCI->EWR,6,6,0,0.0
route,MCI->FLL,4,4,0,0.0
route,MCI->HOU,6,6,0,0.0
route,MCI->IAD,7,7,0,0.0
route,MCI->IAH,15,15,0,0.0
route,MCI->IND,9,9,0,0.0
route,MCI->LAS,21,21,0,0.0
route,MCI->LAX,9,9,0,0.0
route,MCI->LGA,5,5,0,0.0
route,MCI->MCO,16,16,0,0.0
route,MCI->MDW,25,25,0,0.0
route,MCI->MIA,3,3,0,0.0
route,MCI->MKE,7,7,0,0.0
route,MCI->MSP,18,18,0,0.0
route,MCI->MSY,3,3,0,0.0
route,MCI->MYR,2,2,0,0.0
route,MCI->OAK,3,3,0,0.0
route,MCI->ORD,30,30,0,0.0
route,MCI->PDX,8,8,0,0.0
route,MCI->PHL,6,6,0,0.0
route,MCI->PHX,12,12,0,0.0
route,MCI->PIE,2,2,0,0.0
route,MCI->PNS,1,1,0,0.0
route,MCI->RDU,3,3,0,0.0
route,MCI->SAN,6,6,0,0.0
route,MCI->SAT,6,6,0,0.0
route,MCI->SEA,12,12,0,0.0
route,MCI->SFB,1,1,0,0.0
route,MCI->SFO,6,6,0,0.0
route,MCI->SLC,10,10,0,0.0
route,MCI->STL,6,6,0,0.0
route,MCI->TPA,4,4,0,0.0
route,MCI->VPS,4,4,0,0.0
route,MCO->ABQ,2,2,0,0.0
route,MCO->ACY,14,14,0,0.0
route,MCO->ALB,11,11,0,0.0
route,MCO->ATL,60,60,0,0.0
route,MCO->AUS,12,12,0,0.0
route,MCO->BDL,33,33,0,0.0
route,MCO->BHM,12,12,0,0.0
route,MCO->BNA,21,21,0,0.0
route,MCO->BOS,35,35,0,0.0
route,MCO->BQN,7,7,0,0.0
route,MCO->BUF,13,13,0,0.0
route,MCO->BWI,34,34,0,0.0
route,MCO->CAK,6,6,0,0.0
route,MCO->CLE,12,12,0,0.0
route,MCO->CLT,16,16,0,0.0
route,MCO->CMH,18,18,0,0.0
route,MCO->COS,2,2,0,0.0
route,MCO->CVG,11,11,0,0.0
route,MCO->DAL,11,11,0,0.0
route,MCO->DCA,21,21,0,0.0
route,MCO->DEN,47,47,0,0.0
route,MCO->DFW,22,22,0,0.0
route,MCO->DSM,1,1,0,0.0
route,MCO->DTW,16,16,0,0.0
route,MCO->EWR,72,72,0,0.0
route,MCO->FLL,24,24,0,0.0
route,MCO->GRR,2,2,0,0.0
route,MCO->GSO,1,1,0,0.0
route,MCO->GSP,1,1,0,0.0
route,MCO->HOU,17,17,0,0.0
route,MCO->HPN,16,16,0,0.0
route,MCO->HSV,2,2,0,0.0
route,MCO->IAD,9,9,0,0.0
route,MCO->IAH,31,31,0,0.0
route,MCO->IND,17,17,0,0.0
route,MCO->ISP,12,12,0,0.0
route,MCO->JFK,38,38,0,0.0
route,MCO->LAS,16,16,0,0.0
route,MCO->LAX,23,23,0,0.0
route,MCO->LBE,5,5,0,0.0
route,MCO->LGA,28,28,0,0.0
route,MCO->MCI,21,21,0,0.0
route,MCO->MDW,29,29,0,0.0
route,MCO->MEM,1,1,0,0.0
route,MCO->MHT,5,5,0,0.0
route,MCO->MIA,9,9,0,0.0
route,MCO->MKE,14,14,0,0.0
route,MCO->MSP,11,11,0,0.0
route,MCO->MSY,17,17,0,0.0
route,MCO->OAK,2,2,0,0.0
route,MCO->OMA,3,3,0,0.0
route,MCO->ONT,2,2,0,0.0
route,MCO->ORD,30,30,0,0.0
route,MCO->ORF,2,2,0,0.0
route,MCO->ORH,2,2,0,0.0
route,MCO->PDX,4,4,0,0.0
route,MCO->PHL,39,39,0,0.0
route,MCO->PHX,13,13,0,0.0
route,MCO->PIT,17,17,0,0.0
route,MCO->PSE,4,4,0,0.0
route,MCO->PVD,32,32,0,0.0
route,MCO->RDU,18,18,0,0.0
route,MCO->RIC,12,12,0,0.0
route,MCO->SAN,6,6,0,0.0
route,MCO->SAT,12,12,0,0.0
route,MCO->SDF,4,4,0,0.0
route,MCO->SEA,9,9,0,0.0
route,MCO->SFO,18,18,0,0.0
route,MCO->SJC,4,4,0,0.0
route,MCO->SJU,71,71,0,0.0
route,MCO->SLC,9,9,0,0.0
route,MCO->SMF,3,3,0,0.0
route,MCO->STL,19,19,0,0.0
route,MCO->STT,1,1,0,0.0
route,MCO->SWF,3,3,0,0.0
route,MCO->SYR,3,3,0,0.0
route,MCO->TTN,1,1,0,0.0
route,MCO->TUL,1,1,0,0.0
route,MDT->ATL,2,2,0,0.0
route,MDT->BNA,1,1,0,0.0
route,MDT->BOS,1,1,0,0.0
route,MDT->CLT,6,6,0,0.0
route,MDT->DEN,1,1,0,0.0
route,MDT->DFW,1,1,0,0.0
route,MDT->DTW,7,7,0,0.0
route,MDT->IAD,16,16,0,0.0
route,MDT->ORD,10,10,0,0.0
route,MDT->PGD,1,1,0,0.0
route,MDT->PHL,10,10,0,0.0
route,MDT->PIE,5,5,0,0.0
route,MDT->SFB,2,2,0,0.0
route,MDW->ABQ,4,4,0,0.0
route,MDW->ALB,5,5,0,0.0
route,MDW->ATL,36,36,0,0.0
route,MDW->AUS,10,10,0,0.0
route,MDW->BDL,11,11,0,0.0
route,MDW->BHM,8,8,0,0.0
route,MDW->BNA,17,17,0,0.0
route,MDW->BOI,2,2,0,0.0
route,MDW->BOS,22,22,0,0.0
route,MDW->BUF,16,16,0,0.0
route,MDW->BUR,7,7,0,0.0
route,MDW->BWI,28,28,0,0.0
route,MDW->CHS,8,8,0,0.0
route,MDW->CLE,16,16,0,0.0
route,MDW->CLT,12,12,0,0.0
route,MDW->CMH,33,33,0,0.0
route,MDW->CVG,10,10,0,0.0
route,MDW->DAL,19,19,0,0.0
route,MDW->DCA,29,29,0,0.0
route,MDW->DEN,31,31,0,0.0
route,MDW->DTW,12,12,0,0.0
route,MDW->EWR,17,17,0,0.0
route,MDW->FLL,13,13,0,0.0
route,MDW->GEG,2,2,0,0.0
route,MDW->GRR,15,15,0,0.0
route,MDW->HOU,20,20,0,0.0
route,MDW->IND,5,5,0,0.0
route,MDW->JAX,4,4,0,0.0
route,MDW->LAS,35,35,0,0.0
route,MDW->LAX,20,20,0,0.0
route,MDW->LGA,20,20,0,0.0
route,MDW->MCI,23,23,0,0.0
route,MDW->MCO,34,34,0,0.0
route,MDW->MEM,5,5,0,0.0
route,MDW->MHT,8,8,0,0.0
route,MDW->MSP,28,28,0,0.0
route,MDW->MSY,9,9,0,0.0
route,MDW->OAK,9,9,0,0.0
route,MDW->OKC,2,2,0,0.0
route,MDW->OMA,11,11,0,0.0
route,MDW->ONT,6,6,0,0.0
route,MDW->ORF,6,6,0,0.0
route,MDW->PDX,6,6,0,0.0
route,MDW->PHL,22,22,0,0.0
route,MDW->PHX,26,26,0,0.0
route,MDW->PIT,14,14,0,0.0
route,MDW->PNS,1,1,0,0.0
route,MDW->PVD,14,14,0,0.0
route,MDW->RDU,10,10,0,0.0
route,MDW->RNO,3,3,0,0.0
route,MDW->RSW,12,12,0,0.0
route,MDW->SAN,17,17,0,0.0
route,MDW->SAT,12,12,0,0.0
route,MDW->SDF,20,20,0,0.0
route,MDW->SEA,17,17,0,0.0
route,MDW->SFO,5,5,0,0.0
route,MDW->SJC,5,5,0,0.0
route,MDW->SJU,1,1,0,0.0
route,MDW->SLC,7,7,0,0.0
route,MDW->SMF,12,12,0,0.0
route,MDW->SNA,4,4,0,0.0
route,MDW->STL,30,30,0,0.0
route,MDW->TPA,19,19,0,0.0
route,MDW->TUS,3,3,0,0.0
route,MEI->DFW,3,3,0,0.0
route,MEI->ORD,2,2,0,0.0
route,MEI->PIB,1,1,0,0.0
route,MEM->ATL,18,18,0,0.0
route,MEM->AUS,1,1,0,0.0
route,MEM->AZA,1,1,0,0.0
route,MEM->BWI,6,6,0,0.0
route,MEM->CLT,9,9,0,0.0
route,MEM->DAL,6,6,0,0.0
route,MEM->DCA,2,2,0,0.0
route,MEM->DEN,11,11,0,0.0
route,MEM->DFW,12,12,0,0.0
route,MEM->DTW,3,3,0,0.0
route,MEM->EWR,12,12,0,0.0
route,MEM->FLL,2,2,0,0.0
route,MEM->HOU,6,6,0,0.0
route,MEM->IAH,15,15,0,0.0
route,MEM->LAS,2,2,0,0.0
route,MEM->LGA,3,3,0,0.0
route,MEM->MCO,5,5,0,0.0
route,MEM->MDW,9,9,0,0.0
route,MEM->MIA,7,7,0,0.0
route,MEM->MSP,5,5,0,0.0
route,MEM->OAK,2,2,0,0.0
route,MEM->ORD,15,15,0,0.0
route,MEM->PHL,2,2,0,0.0
route,MEM->PHX,2,2,0,0.0
route,MEM->PIE,1,1,0,0.0
route,MEM->TPA,3,3,0,0.0
route,MEM->VPS,3,3,0,0.0
route,MFE->DFW,10,10,0,0.0
route,MFE->IAH,17,17,0,0.0
route,MFE->LAS,3,3,0,0.0
route,MFE->LAX,1,1,0,0.0
route,MFE->SFB,3,3,0,0.0
route,MFR->AZA,1,1,0,0.0
route,MFR->DEN,12,12,0,0.0
route,MFR->LAX,13,13,0,0.0
route,MFR->PDX,17,17,0,0.0
route,MFR->PHX,2,2,0,0.0
route,MFR->SEA,22,22,0,0.0
route,MFR->SFO,9,9,0,0.0
route,MFR->SLC,2,2,0,0.0
route,MGM->ATL,5,5,0,0.0
route,MGM->CLT,1,1,0,0.0
route,MGM->DCA,2,2,0,0.0
route,MGM->DFW,3,3,0,0.0
route,MHK->DFW,4,4,0,0.0
route,MHK->ORD,2,2,0,0.0
route,MHT->ATL,1,1,0,0.0
route,MHT->BWI,11,11,0,0.0
route,MHT->CLT,4,4,0,0.0
route,MHT->DCA,7,7,0,0.0
route,MHT->DTW,5,5,0,0.0
route,MHT->EWR,2,2,0,0.0
route,MHT->IAD,2,2,0,0.0
route,MHT->LGA,1,1,0,0.0
route,MHT->MCO,3,3,0,0.0
route,MHT->MDW,7,7,0,0.0
route,MHT->ORD,8,8,0,0.0
route,MHT->PHL,9,9,0,0.0
route,MHT->TPA,4,4,0,0.0
route,MIA->ATL,31,31,0,0.0
route,MIA->AUS,3,3,0,0.0
route,MIA->BHM,2,2,0,0.0
route,MIA->BNA,5,5,0,0.0
route,MIA->BOS,4,4,0,0.0
route,MIA->BWI,3,3,0,0.0
route,MIA->CHS,4,4,0,0.0
route,MIA->CLE,5,5,0,0.0
route,MIA->CLT,9,9,0,0.0
route,MIA->CMH,5,5,0,0.0
route,MIA->CVG,6,6,0,0.0
route,MIA->DCA,11,11,0,0.0
route,MIA->DEN,8,8,0,0.0
route,MIA->DFW,21,21,0,0.0
route,MIA->DTW,6,6,0,0.0
route,MIA->EWR,18,18,0,0.0
route,MIA->EYW,3,3,0,0.0
route,MIA->GNV,1,1,0,0.0
route,MIA->GSO,3,3,0,0.0
route,MIA->GSP,3,3,0,0.0
route,MIA->IAH,26,26,0,0.0
route,MIA->IND,3,3,0,0.0
route,MIA->JAX,6,6,0,0.0
route,MIA->JFK,16,16,0,0.0
route,MIA->LAS,1,1,0,0.0
route,MIA->LAX,13,13,0,0.0
route,MIA->LGA,19,19,0,0.0
route,MIA->MCI,2,2,0,0.0
route,MIA->MCO,4,4,0,0.0
route,MIA->MEM,4,4,0,0.0
route,MIA->MSP,4,4,0,0.0
route,MIA->MSY,2,2,0,0.0
route,MIA->ORD,22,22,0,0.0
route,MIA->ORF,6,6,0,0.0
route,MIA->PHL,13,13,0,0.0
route,MIA->PHX,9,9,0,0.0
route,MIA->PIT,3,3,0,0.0
route,MIA->PNS,2,2,0,0.0
route,MIA->RDU,4,4,0,0.0
route,MIA->RIC,5,5,0,0.0
route,MIA->SAT,2,2,0,0.0
route,MIA->SAV,2,2,0,0.0
route,MIA->SDF,2,2,0,0.0
route,MIA->SEA,3,3,0,0.0
route,MIA->SFO,4,4,0,0.0
route,MIA->SJU,16,16,0,0.0
route,MIA->STL,3,3,0,0.0
route,MIA->STT,3,3,0,0.0
route,MIA->STX,4,4,0,0.0
route,MIA->TLH,6,6,0,0.0
route,MIA->TPA,12,12,0,0.0
route,MIA->TYS,3,3,0,0.0
route,MKE->ATL,12,12,0,0.0
route,MKE->BNA,5,5,0,0.0
route,MKE->BOS,7,7,0,0.0
route,MKE->BWI,11,11,0,0.0
route,MKE->CLE,6,6,0,0.0
route,MKE->CLT,9,9,0,0.0
route,MKE->DCA,7,7,0,0.0
route,MKE->DEN,14,14,0,0.0
route,MKE->DFW,5,5,0,0.0
route,MKE->DTW,6,6,0,0.0
route,MKE->EWR,8,8,0,0.0
route,MKE->HOU,4,4,0,0.0
route,MKE->IAH,12,12,0,0.0
route,MKE->LAS,12,12,0,0.0
route,MKE->LAX,3,3,0,0.0
route,MKE->LGA,8,8,0,0.0
route,MKE->MCI,5,5,0,0.0
route,MKE->MCO,10,10,0,0.0
route,MKE->MSP,6,6,0,0.0
route,MKE->ORD,43,43,0,0.0
route,MKE->PDX,3,3,0,0.0
route,MKE->PHL,5,5,0,0.0
route,MKE->PHX,10,10,0,0.0
route,MKE->PIE,1,1,0,0.0
route,MKE->RDU,2,2,0,0.0
route,MKE->SAN,3,3,0,0.0
route,MKE->SEA,3,3,0,0.0
route,MKE->SFO,5,5,0,0.0
route,MKE->SLC,1,1,0,0.0
route,MKE->STL,6,6,0,0.0
route,MKE->TPA,1,1,0,0.0
route,MKG->ORD,5,5,0,0.0
route,MKK->HNL,17,17,0,0.0
route,MLB->ATL,5,5,0,0.0
route,MLB->CLT,7,7,0,0.0
route,MLI->ATL,8,8,0,0.0
route,MLI->DEN,9,9,0,0.0
route,MLI->DFW,2,2,0,0.0
route,MLI->DTW,3,3,0,0.0
route,MLI->MSP,3,3,0,0.0
route,MLI->ORD,19,19,0,0.0
route,MLI->PGD,1,1,0,0.0
route,MLI->PIE,1,1,0,0.0
route,MLU->ATL,5,5,0,0.0
route,MLU->DFW,1,1,0,0.0
route,MLU->IAH,7,7,0,0.0
route,MMH->LAX,2,2,0,0.0
route,MOB->ATL,12,12,0,0.0
route,MOB->CLT,5,5,0,0.0
route,MOB->DFW,3,3,0,0.0
route,MOB->IAH,8,8,0,0.0
route,MOB->ORD,1,1,0,0.0
route,MOT->AZA,3,3,0,0.0
route,MOT->DEN,9,9,0,0.0
route,MOT->LAS,3,3,0,0.0
route,MOT->MSP,6,6,0,0.0
route,MQT->DTW,4,4,0,0.0
route,MQT->ORD,1,1,0,0.0
route,MRY->DEN,2,2,0,0.0
route,MRY->LAS,2,2,0,0.0
route,MRY->LAX,13,13,0,0.0
route,MRY->PHX,6,6,0,0.0
route,MRY->SAN,4,4,0,0.0
route,MRY->SFO,7,7,0,0.0
route,MSN->ATL,2,2,0,0.0
route,MSN->CLT,6,6,0,0.0
route,MSN->DCA,1,1,0,0.0
route,MSN->DEN,13,13,0,0.0
route,MSN->DTW,8,8,0,0.0
route,MSN->EWR,10,10,0,0.0
route,MSN->LAS,1,1,0,0.0
route,MSN->LAX,4,4,0,0.0
route,MSN->LGA,4,4,0,0.0
route,MSN->MSP,4,4,0,0.0
route,MSN->ORD,31,31,0,0.0
route,MSN->PHL,7,7,0,0.0
route,MSN->SFO,2,2,0,0.0
route,MSN->SLC,1,1,0,0.0
route,MSO->AZA,2,2,0,0.0
route,MSO->DEN,14,14,0,0.0
route,MSO->DFW,1,1,0,0.0
route,MSO->LAS,1,1,0,0.0
route,MSO->LAX,2,2,0,0.0
route,MSO->OAK,1,1,0,0.0
route,MSO->ORD,5,5,0,0.0
route,MSO->PDX,5,5,0,0.0
route,MSO->SEA,11,11,0,0.0
route,MSO->SFO,7,7,0,0.0
route,MSO->SLC,7,7,0,0.0
route,MSP->ABR,3,3,0,0.0
route,MSP->ALB,2,2,0,0.0
route,MSP->ANC,5,5,0,0.0
route,MSP->ATL,23,23,0,0.0
route,MSP->ATW,5,5,0,0.0
route,MSP->AUS,5,5,0,0.0
route,MSP->AZO,7,7,0,0.0
route,MSP->BDL,5,5,0,0.0
route,MSP->BIL,4,4,0,0.0
route,MSP->BIS,5,5,0,0.0
route,MSP->BJI,5,5,0,0.0
route,MSP->BNA,19,19,0,0.0
route,MSP->BOI,2,2,0,0.0
route,MSP->BOS,20,20,0,0.0
route,MSP->BRD,3,3,0,0.0
route,MSP->BUF,5,5,0,0.0
route,MSP->BWI,11,11,0,0.0
route,MSP->BZN,8,8,0,0.0
route,MSP->CHS,1,1,0,0.0
route,MSP->CID,8,8,0,0.0
route,MSP->CLE,6,6,0,0.0
route,MSP->CLT,7,7,0,0.0
route,MSP->CMH,6,6,0,0.0
route,MSP->COS,1,1,0,0.0
route,MSP->CVG,4,4,0,0.0
route,MSP->CWA,3,3,0,0.0
route,MSP->DAL,2,2,0,0.0
route,MSP->DAY,4,4,0,0.0
route,MSP->DCA,8,8,0,0.0
route,MSP->DEN,52,52,0,0.0
route,MSP->DFW,26,26,0,0.0
route,MSP->DLH,10,10,0,0.0
route,MSP->DSM,4,4,0,0.0
route,MSP->DTW,17,17,0,0.0
route,MSP->EWR,23,23,0,0.0
route,MSP->FAI,1,1,0,0.0
route,MSP->FAR,5,5,0,0.0
route,MSP->FCA,3,3,0,0.0
route,MSP->FSD,10,10,0,0.0
route,MSP->FWA,3,3,0,0.0
route,MSP->GEG,6,6,0,0.0
route,MSP->GFK,6,6,0,0.0
route,MSP->GRB,7,7,0,0.0
route,MSP->GRR,6,6,0,0.0
route,MSP->GTF,4,4,0,0.0
route,MSP->HIB,3,3,0,0.0
route,MSP->HLN,2,2,0,0.0
route,MSP->HNL,1,1,0,0.0
route,MSP->IAD,9,9,0,0.0
route,MSP->IAH,21,21,0,0.0
route,MSP->ICT,2,2,0,0.0
route,MSP->IND,5,5,0,0.0
route,MSP->INL,2,2,0,0.0
route,MSP->ISN,2,2,0,0.0
route,MSP->JAC,1,1,0,0.0
route,MSP->JAX,1,1,0,0.0
route,MSP->JFK,6,6,0,0.0
route,MSP->LAS,10,10,0,0.0
route,MSP->LAX,22,22,0,0.0
route,MSP->LEX,4,4,0,0.0
route,MSP->LGA,7,7,0,0.0
route,MSP->LNK,5,5,0,0.0
route,MSP->LSE,2,2,0,0.0
route,MSP->MCI,9,9,0,0.0
route,MSP->MCO,9,9,0,0.0
route,MSP->MDW,24,24,0,0.0
route,MSP->MEM,3,3,0,0.0
route,MSP->MIA,9,9,0,0.0
route,MSP->MKE,9,9,0,0.0
route,MSP->MLI,2,2,0,0.0
route,MSP->MOT,6,6,0,0.0
route,MSP->MQT,4,4,0,0.0
route,MSP->MSN,12,12,0,0.0
route,MSP->MSO,1,1,0,0.0
route,MSP->MSY,1,1,0,0.0
route,MSP->MYR,2,2,0,0.0
route,MSP->OAK,1,1,0,0.0
route,MSP->OKC,2,2,0,0.0
route,MSP->OMA,5,5,0,0.0
route,MSP->ORD,44,44,0,0.0
route,MSP->ORF,1,1,0,0.0
route,MSP->PDX,9,9,0,0.0
route,MSP->PHL,5,5,0,0.0
route,MSP->PHX,19,19,0,0.0
route,MSP->PIA,3,3,0,0.0
route,MSP->PIT,5,5,0,0.0
route,MSP->PSC,2,2,0,0.0
route,MSP->RAP,9,9,0,0.0
route,MSP->RDU,6,6,0,0.0
route,MSP->RHI,4,4,0,0.0
route,MSP->RIC,5,5,0,0.0
route,MSP->ROC,3,3,0,0.0
route,MSP->RST,6,6,0,0.0
route,MSP->RSW,1,1,0,0.0
route,MSP->SAN,16,16,0,0.0
route,MSP->SAT,2,2,0,0.0
route,MSP->SBN,2,2,0,0.0
route,MSP->SDF,3,3,0,0.0
route,MSP->SEA,23,23,0,0.0
route,MSP->SFO,18,18,0,0.0
route,MSP->SJC,4,4,0,0.0
route,MSP->SLC,5,5,0,0.0
route,MSP->SMF,2,2,0,0.0
route,MSP->SNA,3,3,0,0.0
route,MSP->STL,22,22,0,0.0
route,MSP->SYR,3,3,0,0.0
route,MSP->TPA,3,3,0,0.0
route,MSP->TTN,4,4,0,0.0
route,MSP->TUL,3,3,0,0.0
route,MSP->TVC,2,2,0,0.0
route,MSP->TYS,2,2,0,0.0
route,MSP->XNA,2,2,0,0.0
route,MSY->ACY,1,1,0,0.0
route,MSY->ATL,28,28,0,0.0
route,MSY->AUS,8,8,0,0.0
route,MSY->BNA,9,9,0,0.0
route,MSY->BOS,9,9,0,0.0
route,MSY->BWI,21,21,0,0.0
route,MSY->CLE,3,3,0,0.0
route,MSY->CLT,10,10,0,0.0
route,MSY->CMH,2,2,0,0.0
route,MSY->CVG,2,2,0,0.0
route,MSY->DAL,28,28,0,0.0
route,MSY->DCA,10,10,0,0.0
route,MSY->DEN,22,22,0,0.0
route,MSY->DFW,15,15,0,0.0
route,MSY->DTW,9,9,0,0.0
route,MSY->EWR,14,14,0,0.0
route,MSY->FLL,23,23,0,0.0
route,MSY->HOU,37,37,0,0.0
route,MSY->IAD,8,8,0,0.0
route,MSY->IAH,34,34,0,0.0
route,MSY->IND,1,1,0,0.0
route,MSY->JFK,13,13,0,0.0
route,MSY->LAS,11,11,0,0.0
route,MSY->LAX,17,17,0,0.0
route,MSY->LGA,6,6,0,0.0
route,MSY->MCI,3,3,0,0.0
route,MSY->MCO,22,22,0,0.0
route,MSY->MDW,13,13,0,0.0
route,MSY->MIA,4,4,0,0.0
route,MSY->MSP,2,2,0,0.0
route,MSY->OAK,1,1,0,0.0
route,MSY->ORD,9,9,0,0.0
route,MSY->PHL,3,3,0,0.0
route,MSY->PHX,7,7,0,0.0
route,MSY->PIT,2,2,0,0.0
route,MSY->RDU,5,5,0,0.0
route,MSY->SAN,2,2,0,0.0
route,MSY->SAT,4,4,0,0.0
route,MSY->SEA,6,6,0,0.0
route,MSY->SFO,8,8,0,0.0
route,MSY->SLC,2,2,0,0.0
route,MSY->STL,5,5,0,0.0
route,MSY->TPA,15,15,0,0.0
route,MSY->USA,3,3,0,0.0
route,MTJ->DEN,15,15,0,0.0
route,MTJ->DFW,5,5,0,0.0
route,MTJ->IAH,3,3,0,0.0
route,MTJ->ORD,4,4,0,0.0
route,MTJ->PHX,2,2,0,0.0
route,MVY->BOS,1,1,0,0.0
route,MVY->DCA,1,1,0,0.0
route,MVY->JFK,9,9,0,0.0
route,MVY->LGA,6,6,0,0.0
route,MYR->ABE,2,2,0,0.0
route,MYR->ACY,2,2,0,0.0
route,MYR->ATL,6,6,0,0.0
route,MYR->BDL,2,2,0,0.0
route,MYR->BLV,1,1,0,0.0
route,MYR->BOS,4,4,0,0.0
route,MYR->BWI,4,4,0,0.0
route,MYR->CKB,1,1,0,0.0
route,MYR->CLE,6,6,0,0.0
route,MYR->CLT,13,13,0,0.0
route,MYR->CRW,1,1,0,0.0
route,MYR->CVG,2,2,0,0.0
route,MYR->DAY,1,1,0,0.0
route,MYR->DCA,2,2,0,0.0
route,MYR->DEN,1,1,0,0.0
route,MYR->DFW,4,4,0,0.0
route,MYR->DTW,10,10,0,0.0
route,MYR->EWR,10,10,0,0.0
route,MYR->FLL,4,4,0,0.0
route,MYR->FNT,1,1,0,0.0
route,MYR->FWA,1,1,0,0.0
route,MYR->HTS,2,2,0,0.0
route,MYR->IAG,6,6,0,0.0
route,MYR->IND,1,1,0,0.0
route,MYR->ISP,2,2,0,0.0
route,MYR->LBE,5,5,0,0.0
route,MYR->LCK,8,8,0,0.0
route,MYR->LEX,1,1,0,0.0
route,MYR->LGA,10,10,0,0.0
route,MYR->MDT,1,1,0,0.0
route,MYR->MSP,1,1,0,0.0
route,MYR->ORD,8,8,0,0.0
route,MYR->PHL,7,7,0,0.0
route,MYR->PIT,7,7,0,0.0
route,MYR->PSM,1,1,0,0.0
route,MYR->PVD,1,1,0,0.0
route,MYR->SWF,3,3,0,0.0
route,MYR->SYR,2,2,0,0.0
route,MYR->TTN,4,4,0,0.0
route,OAJ->ATL,9,9,0,0.0
route,OAJ->CLT,8,8,0,0.0
route,OAK->ABQ,8,8,0,0.0
route,OAK->ATL,2,2,0,0.0
route,OAK->AUS,3,3,0,0.0
route,OAK->AZA,1,1,0,0.0
route,OAK->BLI,1,1,0,0.0
route,OAK->BNA,1,1,0,0.0
route,OAK->BOI,5,5,0,0.0
route,OAK->BOS,4,4,0,0.0
route,OAK->BUR,37,37,0,0.0
route,OAK->BWI,4,4,0,0.0
route,OAK->CMH,3,3,0,0.0
route,OAK->DAL,5,5,0,0.0
route,OAK->DEN,13,13,0,0.0
route,OAK->DFW,1,1,0,0.0
route,OAK->DTW,2,2,0,0.0
route,OAK->EUG,2,2,0,0.0
route,OAK->EWR,4,4,0,0.0
route,OAK->GEG,8,8,0,0.0
route,OAK->HNL,6,6,0,0.0
route,OAK->HOU,7,7,0,0.0
route,OAK->IAH,1,1,0,0.0
route,OAK->IND,3,3,0,0.0
route,OAK->JFK,2,2,0,0.0
route,OAK->KOA,2,2,0,0.0
route,OAK->LAS,47,47,0,0.0
route,OAK->LAX,41,41,0,0.0
route,OAK->LGB,22,22,0,0.0
route,OAK->LIH,2,2,0,0.0
route,OAK->MCI,3,3,0,0.0
route,OAK->MCO,1,1,0,0.0
route,OAK->MDW,10,10,0,0.0
route,OAK->MEM,1,1,0,0.0
route,OAK->MSP,2,2,0,0.0
route,OAK->OGG,13,13,0,0.0
route,OAK->ONT,16,16,0,0.0
route,OAK->ORD,5,5,0,0.0
route,OAK->PDX,34,34,0,0.0
route,OAK->PHX,19,19,0,0.0
route,OAK->RNO,12,12,0,0.0
route,OAK->SAN,33,33,0,0.0
route,OAK->SAT,4,4,0,0.0
route,OAK->SEA,40,40,0,0.0
route,OAK->SLC,23,23,0,0.0
route,OAK->SNA,28,28,0,0.0
route,OAK->STL,4,4,0,0.0
route,OGG->DEN,3,3,0,0.0
route,OGG->DFW,5,5,0,0.0
route,OGG->HNL,95,95,0,0.0
route,OGG->ITO,8,8,0,0.0
route,OGG->KOA,9,9,0,0.0
route,OGG->LAX,32,32,0,0.0
route,OGG->LIH,11,11,0,0.0
route,OGG->OAK,13,13,0,0.0
route,OGG->ORD,2,2,0,0.0
route,OGG->PDX,10,10,0,0.0
route,OGG->PHX,5,5,0,0.0
route,OGG->SAN,6,6,0,0.0
route,OGG->SEA,12,12,0,0.0
route,OGG->SFO,23,23,0,0.0
route,OGG->SJC,10,10,0,0.0
route,OGG->SMF,6,6,0,0.0
route,OGS->IAD,2,2,0,0.0
route,OGS->SFB,1,1,0,0.0
route,OKC->ATL,11,11,0,0.0
route,OKC->BNA,1,1,0,0.0
route,OKC->BWI,5,5,0,0.0
route,OKC->CLT,4,4,0,0.0
route,OKC->DAL,9,9,0,0.0
route,OKC->DCA,1,1,0,0.0
route,OKC->DEN,22,22,0,0.0
route,OKC->DFW,11,11,0,0.0
route,OKC->EWR,6,6,0,0.0
route,OKC->HOU,11,11,0,0.0
route,OKC->IAD,2,2,0,0.0
route,OKC->IAH,23,23,0,0.0
route,OKC->LAS,6,6,0,0.0
route,OKC->LAX,6,6,0,0.0
route,OKC->MCO,2,2,0,0.0
route,OKC->MDW,4,4,0,0.0
route,OKC->MSP,6,6,0,0.0
route,OKC->ORD,14,14,0,0.0
route,OKC->PHX,10,10,0,0.0
route,OKC->SEA,7,7,0,0.0
route,OKC->SFB,2,2,0,0.0
route,OKC->SFO,5,5,0,0.0
route,OKC->SLC,1,1,0,0.0
route,OKC->STL,7,7,0,0.0
route,OKC->VPS,2,2,0,0.0
route,OMA->ATL,5,5,0,0.0
route,OMA->AZA,1,1,0,0.0
route,OMA->CLT,1,1,0,0.0
route,OMA->DAL,3,3,0,0.0
route,OMA->DCA,3,3,0,0.0
route,OMA->DEN,26,26,0,0.0
route,OMA->DFW,3,3,0,0.0
route,OMA->DTW,3,3,0,0.0
route,OMA->EWR,6,6,0,0.0
route,OMA->HOU,5,5,0,0.0
route,OMA->IAH,5,5,0,0.0
route,OMA->LAS,12,12,0,0.0
route,OMA->LAX,9,9,0,0.0
route,OMA->LGA,4,4,0,0.0
route,OMA->MCO,3,3,0,0.0
route,OMA->MDW,21,21,0,0.0
route,OMA->MSP,3,3,0,0.0
route,OMA->ORD,24,24,0,0.0
route,OMA->PDX,2,2,0,0.0
route,OMA->PHL,1,1,0,0.0
route,OMA->PHX,5,5,0,0.0
route,OMA->PIE,1,1,0,0.0
route,OMA->SAN,6,6,0,0.0
route,OMA->SEA,3,3,0,0.0
route,OMA->SFB,1,1,0,0.0
route,OMA->SFO,4,4,0,0.0
route,OMA->SLC,3,3,0,0.0
route,OMA->STL,10,10,0,0.0
route,OME->ANC,6,6,0,0.0
route,OME->OTZ,1,1,0,0.0
route,ONT->AUS,3,3,0,0.0
route,ONT->DAL,4,4,0,0.0
route,ONT->DEN,18,18,0,0.0
route,ONT->DFW,6,6,0,0.0
route,ONT->IAH,1,1,0,0.0
route,ONT->JFK,2,2,0,0.0
route,ONT->LAS,9,9,0,0.0
route,ONT->MCO,1,1,0,0.0
route,ONT->MDW,2,2,0,0.0
route,ONT->OAK,24,24,0,0.0
route,ONT->PDX,10,10,0,0.0
route,ONT->PHX,34,34,0,0.0
route,ONT->SAT,3,3,0,0.0
route,ONT->SEA,10,10,0,0.0
route,ONT->SFO,27,27,0,0.0
route,ONT->SJC,9,9,0,0.0
route,ONT->SLC,3,3,0,0.0
route,ONT->SMF,16,16,0,0.0
route,ORD->ABE,10,10,0,0.0
route,ORD->ABQ,7,7,0,0.0
route,ORD->ALB,20,20,0,0.0
route,ORD->ALO,4,4,0,0.0
route,ORD->ANC,14,14,0,0.0
route,ORD->ATL,60,60,0,0.0
route,ORD->ATW,19,19,0,0.0
route,ORD->AUS,20,20,0,0.0
route,ORD->AVL,11,11,0,0.0
route,ORD->AVP,10,10,0,0.0
route,ORD->AZO,13,13,0,0.0
route,ORD->BDL,25,25,0,0.0
route,ORD->BFM,1,1,0,0.0
route,ORD->BGR,10,10,0,0.0
route,ORD->BHM,10,10,0,0.0
route,ORD->BIL,3,3,0,0.0
route,ORD->BIS,6,6,0,0.0
route,ORD->BMI,2,2,0,0.0
route,ORD->BNA,33,33,0,0.0
route,ORD->BOI,12,12,0,0.0
route,ORD->BOS,56,56,0,0.0
route,ORD->BTV,24,24,0,0.0
route,ORD->BUF,28,28,0,0.0
route,ORD->BWI,27,27,0,0.0
route,ORD->BZN,6,6,0,0.0
route,ORD->CAE,5,5,0,0.0
route,ORD->CAK,10,10,0,0.0
route,ORD->CGI,2,2,0,0.0
route,ORD->CHA,6,6,0,0.0
route,ORD->CHO,18,18,0,0.0
route,ORD->CHS,16,16,0,0.0
route,ORD->CID,18,18,0,0.0
route,ORD->CKB,3,3,0,0.0
route,ORD->CLE,30,30,0,0.0
route,ORD->CLT,28,28,0,0.0
route,ORD->CMH,34,34,0,0.0
route,ORD->CMI,9,9,0,0.0
route,ORD->CMX,7,7,0,0.0
route,ORD->COD,1,1,0,0.0
route,ORD->COS,16,16,0,0.0
route,ORD->COU,16,16,0,0.0
route,ORD->CRW,5,5,0,0.0
route,ORD->CVG,32,32,0,0.0
route,ORD->CWA,11,11,0,0.0
route,ORD->DAY,26,26,0,0.0
route,ORD->DBQ,3,3,0,0.0
route,ORD->DCA,45,45,0,0.0
route,ORD->DEN,48,48,0,0.0
route,ORD->DFW,49,49,0,0.0
route,ORD->DLH,10,10,0,0.0
route,ORD->DSM,26,26,0,0.0
route,ORD->DTW,50,50,0,0.0
route,ORD->EAU,6,6,0,0.0
route,ORD->ELP,6,6,0,0.0
route,ORD->ERI,12,12,0,0.0
route,ORD->EUG,5,5,0,0.0
route,ORD->EVV,9,9,0,0.0
route,ORD->EWR,42,42,0,0.0
route,ORD->FAI,3,3,0,0.0
route,ORD->FAR,18,18,0,0.0
route,ORD->FAT,3,3,0,0.0
route,ORD->FCA,5,5,0,0.0
route,ORD->FLL,13,13,0,0.0
route,ORD->FNT,13,13,0,0.0
route,ORD->FSD,15,15,0,0.0
route,ORD->FWA,10,10,0,0.0
route,ORD->GEG,7,7,0,0.0
route,ORD->GJT,1,1,0,0.0
route,ORD->GRB,14,14,0,0.0
route,ORD->GRR,37,37,0,0.0
route,ORD->GSO,16,16,0,0.0
route,ORD->GSP,12,12,0,0.0
route,ORD->GTF,5,5,0,0.0
route,ORD->HNL,5,5,0,0.0
route,ORD->HPN,17,17,0,0.0
route,ORD->HRL,1,1,0,0.0
route,ORD->HSV,7,7,0,0.0
route,ORD->IAD,19,19,0,0.0
route,ORD->IAH,37,37,0,0.0
route,ORD->ICT,21,21,0,0.0
route,ORD->ILM,9,9,0,0.0
route,ORD->IND,38,38,0,0.0
route,ORD->ISP,1,1,0,0.0
route,ORD->JAC,15,15,0,0.0
route,ORD->JAN,3,3,0,0.0
route,ORD->JAX,18,18,0,0.0
route,ORD->JFK,17,17,0,0.0
route,ORD->JLN,2,2,0,0.0
route,ORD->LAN,12,12,0,0.0
route,ORD->LAS,29,29,0,0.0
route,ORD->LAX,69,69,0,0.0
route,ORD->LEX,14,14,0,0.0
route,ORD->LGA,83,83,0,0.0
route,ORD->LIT,22,22,0,0.0
route,ORD->LNK,11,11,0,0.0
route,ORD->LSE,3,3,0,0.0
route,ORD->LWB,6,6,0,0.0
route,ORD->MBS,4,4,0,0.0
route,ORD->MCI,24,24,0,0.0
route,ORD->MCO,24,24,0,0.0
route,ORD->MDT,17,17,0,0.0
route,ORD->MEI,1,1,0,0.0
route,ORD->MEM,16,16,0,0.0
route,ORD->MHK,1,1,0,0.0
route,ORD->MHT,7,7,0,0.0
route,ORD->MIA,22,22,0,0.0
route,ORD->MKE,32,32,0,0.0
route,ORD->MKG,10,10,0,0.0
route,ORD->MLI,13,13,0,0.0
route,ORD->MOB,3,3,0,0.0
route,ORD->MQT,3,3,0,0.0
route,ORD->MSN,33,33,0,0.0
route,ORD->MSO,4,4,0,0.0
route,ORD->MSP,46,46,0,0.0
route,ORD->MSY,18,18,0,0.0
route,ORD->MTJ,5,5,0,0.0
route,ORD->MYR,8,8,0,0.0
route,ORD->OAK,4,4,0,0.0
route,ORD->OGS,3,3,0,0.0
route,ORD->OKC,14,14,0,0.0
route,ORD->OMA,14,14,0,0.0
route,ORD->ORF,20,20,0,0.0
route,ORD->PAH,2,2,0,0.0
route,ORD->PBI,3,3,0,0.0
route,ORD->PDX,28,28,0,0.0
route,ORD->PHL,35,35,0,0.0
route,ORD->PHX,32,32,0,0.0
route,ORD->PIA,22,22,0,0.0
route,ORD->PIT,28,28,0,0.0
route,ORD->PNS,6,6,0,0.0
route,ORD->PVD,13,13,0,0.0
route,ORD->PWM,17,17,0,0.0
route,ORD->RAP,15,15,0,0.0
route,ORD->RDM,2,2,0,0.0
route,ORD->RDU,27,27,0,0.0
route,ORD->RIC,19,19,0,0.0
route,ORD->RNO,5,5,0,0.0
route,ORD->ROA,14,14,0,0.0
route,ORD->ROC,22,22,0,0.0
route,ORD->RST,8,8,0,0.0
route,ORD->RSW,12,12,0,0.0
route,ORD->SAN,15,15,0,0.0
route,ORD->SAT,21,21,0,0.0
route,ORD->SAV,9,9,0,0.0
route,ORD->SBN,12,12,0,0.0
route,ORD->SCE,9,9,0,0.0
route,ORD->SDF,22,22,0,0.0
route,ORD->SEA,38,38,0,0.0
route,ORD->SFO,79,79,0,0.0
route,ORD->SGF,10,10,0,0.0
route,ORD->SHD,2,2,0,0.0
route,ORD->SJC,8,8,0,0.0
route,ORD->SJU,5,5,0,0.0
route,ORD->SLC,24,24,0,0.0
route,ORD->SLN,3,3,0,0.0
route,ORD->SMF,15,15,0,0.0
route,ORD->SNA,12,12,0,0.0
route,ORD->SPI,10,10,0,0.0
route,ORD->SRQ,3,3,0,0.0
route,ORD->STL,30,30,0,0.0
route,ORD->SUX,3,3,0,0.0
route,ORD->SYR,25,25,0,0.0
route,ORD->TOL,1,1,0,0.0
route,ORD->TPA,13,13,0,0.0
route,ORD->TTN,2,2,0,0.0
route,ORD->TUL,13,13,0,0.0
route,ORD->TUS,9,9,0,0.0
route,ORD->TVC,23,23,0,0.0
route,ORD->TYS,22,22,0,0.0
route,ORD->UIN,9,9,0,0.0
route,ORD->VPS,1,1,0,0.0
route,ORD->XNA,15,15,0,0.0
route,ORF->ATL,8,8,0,0.0
route,ORF->BOS,3,3,0,0.0
route,ORF->BWI,12,12,0,0.0
route,ORF->CLT,16,16,0,0.0
route,ORF->CVG,1,1,0,0.0
route,ORF->DCA,5,5,0,0.0
route,ORF->DEN,5,5,0,0.0
route,ORF->DFW,1,1,0,0.0
route,ORF->DTW,5,5,0,0.0
route,ORF->EWR,23,23,0,0.0
route,ORF->FLL,2,2,0,0.0
route,ORF->IAD,12,12,0,0.0
route,ORF->IAH,3,3,0,0.0
route,ORF->JAX,1,1,0,0.0
route,ORF->JFK,6,6,0,0.0
route,ORF->LGA,5,5,0,0.0
route,ORF->MCO,2,2,0,0.0
route,ORF->MDW,5,5,0,0.0
route,ORF->MIA,9,9,0,0.0
route,ORF->MSP,1,1,0,0.0
route,ORF->ORD,25,25,0,0.0
route,ORF->PHL,5,5,0,0.0
route,ORF->PIE,1,1,0,0.0
route,ORF->SFB,1,1,0,0.0
route,ORH->FLL,2,2,0,0.0
route,ORH->JFK,4,4,0,0.0
route,OTZ->ANC,5,5,0,0.0
route,OTZ->OME,6,6,0,0.0
route,OWB->SFB,2,2,0,0.0
route,PAE->DEN,4,4,0,0.0
route,PAE->LAS,2,2,0,0.0
route,PAE->LAX,6,6,0,0.0
route,PAE->PDX,1,1,0,0.0
route,PAE->PHX,2,2,0,0.0
route,PAE->SAN,3,3,0,0.0
route,PAE->SFO,6,6,0,0.0
route,PAE->SJC,2,2,0,0.0
route,PAE->SNA,2,2,0,0.0
route,PAH->CGI,3,3,0,0.0
route,PAH->ORD,4,4,0,0.0
route,PBG->FLL,3,3,0,0.0
route,PBG->IAD,2,2,0,0.0
route,PBG->MYR,1,1,0,0.0
route,PBG->SFB,3,3,0,0.0
route,PBI->ATL,17,17,0,0.0
route,PBI->BDL,5,5,0,0.0
route,PBI->BOS,12,12,0,0.0
route,PBI->BWI,10,10,0,0.0
route,PBI->CLT,5,5,0,0.0
route,PBI->DCA,4,4,0,0.0
route,PBI->DFW,1,1,0,0.0
route,PBI->DTW,2,2,0,0.0
route,PBI->EWR,33,33,0,0.0
route,PBI->HPN,10,10,0,0.0
route,PBI->ISP,9,9,0,0.0
route,PBI->JFK,9,9,0,0.0
route,PBI->LGA,17,17,0,0.0
route,PBI->ORD,4,4,0,0.0
route,PBI->PHL,3,3,0,0.0
route,PBI->PVD,1,1,0,0.0
route,PBI->TTN,1,1,0,0.0
route,PDX->ABQ,1,1,0,0.0
route,PDX->ANC,11,11,0,0.0
route,PDX->ATL,13,13,0,0.0
route,PDX->AUS,6,6,0,0.0
route,PDX->BIL,3,3,0,0.0
route,PDX->BLI,2,2,0,0.0
route,PDX->BOI,25,25,0,0.0
route,PDX->BOS,17,17,0,0.0
route,PDX->BUR,12,12,0,0.0
route,PDX->BWI,4,4,0,0.0
route,PDX->BZN,8,8,0,0.0
route,PDX->CLE,1,1,0,0.0
route,PDX->CLT,3,3,0,0.0
route,PDX->DAL,14,14,0,0.0
route,PDX->DCA,2,2,0,0.0
route,PDX->DEN,39,39,0,0.0
route,PDX->DFW,10,10,0,0.0
route,PDX->DTW,2,2,0,0.0
route,PDX->EUG,10,10,0,0.0
route,PDX->EWR,8,8,0,0.0
route,PDX->FAT,9,9,0,0.0
route,PDX->FCA,2,2,0,0.0
route,PDX->GEG,29,29,0,0.0
route,PDX->HNL,7,7,0,0.0
route,PDX->HOU,2,2,0,0.0
route,PDX->IAD,1,1,0,0.0
route,PDX->IAH,8,8,0,0.0
route,PDX->JFK,15,15,0,0.0
route,PDX->KOA,2,2,0,0.0
route,PDX->LAS,31,31,0,0.0
route,PDX->LAX,43,43,0,0.0
route,PDX->LGB,3,3,0,0.0
route,PDX->MCI,3,3,0,0.0
route,PDX->MCO,1,1,0,0.0
route,PDX->MDW,5,5,0,0.0
route,PDX->MFR,12,12,0,0.0
route,PDX->MKE,1,1,0,0.0
route,PDX->MSO,3,3,0,0.0
route,PDX->MSP,5,5,0,0.0
route,PDX->OAK,28,28,0,0.0
route,PDX->OGG,9,9,0,0.0
route,PDX->ONT,11,11,0,0.0
route,PDX->ORD,24,24,0,0.0
route,PDX->PAE,5,5,0,0.0
route,PDX->PHL,7,7,0,0.0
route,PDX->PHX,23,23,0,0.0
route,PDX->PSC,3,3,0,0.0
route,PDX->RDM,23,23,0,0.0
route,PDX->RNO,8,8,0,0.0
route,PDX->SAN,24,24,0,0.0
route,PDX->SEA,87,87,0,0.0
route,PDX->SFO,68,68,0,0.0
route,PDX->SJC,35,35,0,0.0
route,PDX->SLC,14,14,0,0.0
route,PDX->SMF,28,28,0,0.0
route,PDX->SNA,12,12,0,0.0
route,PDX->STL,6,6,0,0.0
route,PDX->STS,7,7,0,0.0
route,PGD->ABE,3,3,0,0.0
route,PGD->ALB,1,1,0,0.0
route,PGD->AVL,2,2,0,0.0
route,PGD->BLV,4,4,0,0.0
route,PGD->BNA,1,1,0,0.0
route,PGD->CID,2,2,0,0.0
route,PGD->CLE,1,1,0,0.0
route,PGD->CVG,3,3,0,0.0
route,PGD->DAY,2,2,0,0.0
route,PGD->FNT,2,2,0,0.0
route,PGD->GRR,1,1,0,0.0
route,PGD->IAG,1,1,0,0.0
route,PGD->LCK,2,2,0,0.0
route,PGD->LEX,2,2,0,0.0
route,PGD->MCI,1,1,0,0.0
route,PGD->MDT,2,2,0,0.0
route,PGD->MLI,3,3,0,0.0
route,PGD->PIA,1,1,0,0.0
route,PGD->PIT,2,2,0,0.0
route,PGD->PSM,3,3,0,0.0
route,PGD->PVD,1,1,0,0.0
route,PGD->RDU,2,2,0,0.0
route,PGD->RFD,1,1,0,0.0
route,PGD->SBN,2,2,0,0.0
route,PGD->SDF,3,3,0,0.0
route,PGD->SPI,1,1,0,0.0
route,PGD->SWF,1,1,0,0.0
route,PGD->TOL,1,1,0,0.0
route,PGD->USA,3,3,0,0.0
route,PGV->CLT,9,9,0,0.0
route,PHF->ATL,4,4,0,0.0
route,PHF->CLT,6,6,0,0.0
route,PHF->PHL,7,7,0,0.0
route,PHL->ABE,8,8,0,0.0
route,PHL->ALB,7,7,0,0.0
route,PHL->ART,6,6,0,0.0
route,PHL->ATL,28,28,0,0.0
route,PHL->AUS,2,2,0,0.0
route,PHL->AVL,1,1,0,0.0
route,PHL->AVP,4,4,0,0.0
route,PHL->BDL,8,8,0,0.0
route,PHL->BGR,5,5,0,0.0
route,PHL->BHM,4,4,0,0.0
route,PHL->BNA,19,19,0,0.0
route,PHL->BOS,50,50,0,0.0
route,PHL->BTV,8,8,0,0.0
route,PHL->BUF,5,5,0,0.0
route,PHL->BWI,5,5,0,0.0
route,PHL->CAE,1,1,0,0.0
route,PHL->CAK,3,3,0,0.0
route,PHL->CHA,4,4,0,0.0
route,PHL->CHO,2,2,0,0.0
route,PHL->CHS,6,6,0,0.0
route,PHL->CLE,5,5,0,0.0
route,PHL->CLT,20,20,0,0.0
route,PHL->CMH,10,10,0,0.0
route,PHL->CVG,11,11,0,0.0
route,PHL->DAL,5,5,0,0.0
route,PHL->DAY,7,7,0,0.0
route,PHL->DCA,4,4,0,0.0
route,PHL->DEN,18,18,0,0.0
route,PHL->DFW,19,19,0,0.0
route,PHL->DSM,5,5,0,0.0
route,PHL->DTW,22,22,0,0.0
route,PHL->FLL,14,14,0,0.0
route,PHL->FWA,5,5,0,0.0
route,PHL->GSO,4,4,0,0.0
route,PHL->GSP,2,2,0,0.0
route,PHL->HOU,1,1,0,0.0
route,PHL->HVN,1,1,0,0.0
route,PHL->IAD,6,6,0,0.0
route,PHL->IAH,20,20,0,0.0
route,PHL->ILM,8,8,0,0.0
route,PHL->IND,8,8,0,0.0
route,PHL->IPT,3,3,0,0.0
route,PHL->ISP,4,4,0,0.0
route,PHL->ITH,5,5,0,0.0
route,PHL->JAX,4,4,0,0.0
route,PHL->LAS,10,10,0,0.0
route,PHL->LAX,17,17,0,0.0
route,PHL->LEX,4,4,0,0.0
route,PHL->LGA,4,4,0,0.0
route,PHL->MCI,6,6,0,0.0
route,PHL->MCO,29,29,0,0.0
route,PHL->MDT,5,5,0,0.0
route,PHL->MDW,20,20,0,0.0
route,PHL->MEM,4,4,0,0.0
route,PHL->MHT,10,10,0,0.0
route,PHL->MIA,8,8,0,0.0
route,PHL->MKE,7,7,0,0.0
route,PHL->MSN,3,3,0,0.0
route,PHL->MSP,7,7,0,0.0
route,PHL->MSY,7,7,0,0.0
route,PHL->MYR,8,8,0,0.0
route,PHL->OMA,3,3,0,0.0
route,PHL->ORD,29,29,0,0.0
route,PHL->ORF,8,8,0,0.0
route,PHL->ORH,2,2,0,0.0
route,PHL->PBI,5,5,0,0.0
route,PHL->PDX,5,5,0,0.0
route,PHL->PHF,5,5,0,0.0
route,PHL->PHX,10,10,0,0.0
route,PHL->PIT,7,7,0,0.0
route,PHL->PNS,7,7,0,0.0
route,PHL->PVD,6,6,0,0.0
route,PHL->PWM,8,8,0,0.0
route,PHL->RDU,17,17,0,0.0
route,PHL->RIC,7,7,0,0.0
route,PHL->ROA,1,1,0,0.0
route,PHL->ROC,8,8,0,0.0
route,PHL->RSW,5,5,0,0.0
route,PHL->SAN,3,3,0,0.0
route,PHL->SAT,1,1,0,0.0
route,PHL->SAV,2,2,0,0.0
route,PHL->SBY,12,12,0,0.0
route,PHL->SCE,8,8,0,0.0
route,PHL->SDF,5,5,0,0.0
route,PHL->SEA,5,5,0,0.0
route,PHL->SFO,15,15,0,0.0
route,PHL->SJU,12,12,0,0.0
route,PHL->SLC,1,1,0,0.0
route,PHL->STL,12,12,0,0.0
route,PHL->SWF,7,7,0,0.0
route,PHL->SYR,3,3,0,0.0
route,PHL->TPA,11,11,0,0.0
route,PHL->TYS,5,5,0,0.0
route,PHX->ABQ,22,22,0,0.0
route,PHX->ANC,2,2,0,0.0
route,PHX->ASE,1,1,0,0.0
route,PHX->ATL,22,22,0,0.0
route,PHX->AUS,20,20,0,0.0
route,PHX->BFL,2,2,0,0.0
route,PHX->BNA,15,15,0,0.0
route,PHX->BOI,5,5,0,0.0
route,PHX->BOS,8,8,0,0.0
route,PHX->BUF,4,4,0,0.0
route,PHX->BUR,22,22,0,0.0
route,PHX->BWI,9,9,0,0.0
route,PHX->CLE,9,9,0,0.0
route,PHX->CLT,6,6,0,0.0
route,PHX->CMH,6,6,0,0.0
route,PHX->COS,2,2,0,0.0
route,PHX->CVG,1,1,0,0.0
route,PHX->DAL,14,14,0,0.0
route,PHX->DCA,2,2,0,0.0
route,PHX->DEN,51,51,0,0.0
route,PHX->DFW,20,20,0,0.0
route,PHX->DRO,4,4,0,0.0
route,PHX->DSM,5,5,0,0.0
route,PHX->DTW,12,12,0,0.0
route,PHX->ELP,9,9,0,0.0
route,PHX->EUG,2,2,0,0.0
route,PHX->EWR,18,18,0,0.0
route,PHX->FAT,4,4,0,0.0
route,PHX->FLG,3,3,0,0.0
route,PHX->FLL,8,8,0,0.0
route,PHX->FSD,4,4,0,0.0
route,PHX->GEG,6,6,0,0.0
route,PHX->GJT,2,2,0,0.0
route,PHX->HNL,6,6,0,0.0
route,PHX->HOU,10,10,0,0.0
route,PHX->IAD,4,4,0,0.0
route,PHX->IAH,25,25,0,0.0
route,PHX->ICT,3,3,0,0.0
route,PHX->IND,12,12,0,0.0
route,PHX->JAC,2,2,0,0.0
route,PHX->JFK,18,18,0,0.0
route,PHX->LAS,39,39,0,0.0
route,PHX->LAX,49,49,0,0.0
route,PHX->LBB,2,2,0,0.0
route,PHX->LGB,7,7,0,0.0
route,PHX->LIH,1,1,0,0.0
route,PHX->LIT,5,5,0,0.0
route,PHX->MAF,1,1,0,0.0
route,PHX->MCI,11,11,0,0.0
route,PHX->MCO,7,7,0,0.0
route,PHX->MDW,25,25,0,0.0
route,PHX->MEM,1,1,0,0.0
route,PHX->MFR,3,3,0,0.0
route,PHX->MIA,3,3,0,0.0
route,PHX->MKE,9,9,0,0.0
route,PHX->MRY,2,2,0,0.0
route,PHX->MSP,14,14,0,0.0
route,PHX->MSY,4,4,0,0.0
route,PHX->OAK,20,20,0,0.0
route,PHX->OGG,2,2,0,0.0
route,PHX->OKC,8,8,0,0.0
route,PHX->OMA,4,4,0,0.0
route,PHX->ONT,21,21,0,0.0
route,PHX->ORD,28,28,0,0.0
route,PHX->PAE,2,2,0,0.0
route,PHX->PDX,22,22,0,0.0
route,PHX->PHL,8,8,0,0.0
route,PHX->PIT,3,3,0,0.0
route,PHX->PSP,5,5,0,0.0
route,PHX->RDU,8,8,0,0.0
route,PHX->RNO,13,13,0,0.0
route,PHX->ROW,2,2,0,0.0
route,PHX->SAF,3,3,0,0.0
route,PHX->SAN,51,51,0,0.0
route,PHX->SAT,18,18,0,0.0
route,PHX->SBA,6,6,0,0.0
route,PHX->SBP,2,2,0,0.0
route,PHX->SDF,5,5,0,0.0
route,PHX->SEA,41,41,0,0.0
route,PHX->SFO,39,39,0,0.0
route,PHX->SJC,24,24,0,0.0
route,PHX->SLC,22,22,0,0.0
route,PHX->SMF,24,24,0,0.0
route,PHX->SNA,33,33,0,0.0
route,PHX->STL,14,14,0,0.0
route,PHX->STS,1,1,0,0.0
route,PHX->TPA,10,10,0,0.0
route,PHX->TUL,6,6,0,0.0
route,PHX->TUS,5,5,0,0.0
route,PHX->YUM,3,3,0,0.0
route,PIA->ATL,3,3,0,0.0
route,PIA->AZA,1,1,0,0.0
route,PIA->CLT,4,4,0,0.0
route,PIA->DFW,2,2,0,0.0
route,PIA->MSP,2,2,0,0.0
route,PIA->ORD,15,15,0,0.0
route,PIA->PGD,2,2,0,0.0
route,PIA->PIE,3,3,0,0.0
route,PIA->SFB,1,1,0,0.0
route,PIB->MEI,2,2,0,0.0
route,PIE->ABE,1,1,0,0.0
route,PIE->ALB,1,1,0,0.0
route,PIE->ATW,1,1,0,0.0
route,PIE->AVL,4,4,0,0.0
route,PIE->BGR,3,3,0,0.0
route,PIE->BLV,3,3,0,0.0
route,PIE->BMI,1,1,0,0.0
route,PIE->BNA,1,1,0,0.0
route,PIE->CHA,1,1,0,0.0
route,PIE->CID,1,1,0,0.0
route,PIE->CLE,1,1,0,0.0
route,PIE->CVG,5,5,0,0.0
route,PIE->DAY,1,1,0,0.0
route,PIE->DSM,2,2,0,0.0
route,PIE->ELM,2,2,0,0.0
route,PIE->FNT,1,1,0,0.0
route,PIE->FSD,1,1,0,0.0
route,PIE->GRR,3,3,0,0.0
route,PIE->GSO,1,1,0,0.0
route,PIE->GSP,4,4,0,0.0
route,PIE->HGR,1,1,0,0.0
route,PIE->HTS,4,4,0,0.0
route,PIE->IND,3,3,0,0.0
route,PIE->LCK,3,3,0,0.0
route,PIE->LEX,3,3,0,0.0
route,PIE->MDT,2,2,0,0.0
route,PIE->MEM,1,1,0,0.0
route,PIE->MKE,1,1,0,0.0
route,PIE->OMA,3,3,0,0.0
route,PIE->ORF,1,1,0,0.0
route,PIE->PBG,2,2,0,0.0
route,PIE->PIT,2,2,0,0.0
route,PIE->PVD,1,1,0,0.0
route,PIE->RDU,3,3,0,0.0
route,PIE->RIC,1,1,0,0.0
route,PIE->ROA,2,2,0,0.0
route,PIE->SBN,2,2,0,0.0
route,PIE->SGF,2,2,0,0.0
route,PIE->SWF,2,2,0,0.0
route,PIE->SYR,2,2,0,0.0
route,PIE->TOL,2,2,0,0.0
route,PIE->TRI,1,1,0,0.0
route,PIE->TUL,2,2,0,0.0
route,PIE->TYS,7,7,0,0.0
route,PIE->USA,4,4,0,0.0
route,PIH->SLC,4,4,0,0.0
route,PIT->ATL,22,22,0,0.0
route,PIT->AUS,1,1,0,0.0
route,PIT->BNA,6,6,0,0.0
route,PIT->BOS,21,21,0,0.0
route,PIT->BWI,4,4,0,0.0
route,PIT->CHS,1,1,0,0.0
route,PIT->CLT,7,7,0,0.0
route,PIT->DAL,1,1,0,0.0
route,PIT->DCA,2,2,0,0.0
route,PIT->DEN,21,21,0,0.0
route,PIT->DFW,8,8,0,0.0
route,PIT->DTW,7,7,0,0.0
route,PIT->EWR,24,24,0,0.0
route,PIT->FLL,12,12,0,0.0
route,PIT->HOU,5,5,0,0.0
route,PIT->IAD,12,12,0,0.0
route,PIT->IAH,24,24,0,0.0
route,PIT->JAX,1,1,0,0.0
route,PIT->JFK,4,4,0,0.0
route,PIT->LAS,5,5,0,0.0
route,PIT->LAX,3,3,0,0.0
route,PIT->LGA,17,17,0,0.0
route,PIT->MCO,16,16,0,0.0
route,PIT->MDW,20,20,0,0.0
route,PIT->MIA,5,5,0,0.0
route,PIT->MSP,6,6,0,0.0
route,PIT->MSY,1,1,0,0.0
route,PIT->MYR,5,5,0,0.0
route,PIT->ORD,23,23,0,0.0
route,PIT->PHL,11,11,0,0.0
route,PIT->PHX,2,2,0,0.0
route,PIT->PIE,1,1,0,0.0
route,PIT->RDU,3,3,0,0.0
route,PIT->RSW,3,3,0,0.0
route,PIT->SEA,1,1,0,0.0
route,PIT->SFO,8,8,0,0.0
route,PIT->SRQ,2,2,0,0.0
route,PIT->STL,2,2,0,0.0
route,PIT->TPA,12,12,0,0.0
route,PIT->VPS,1,1,0,0.0
route,PLN->APN,1,1,0,0.0
route,PLN->DTW,6,6,0,0.0
route,PNS->ATL,13,13,0,0.0
route,PNS->BNA,2,2,0,0.0
route,PNS->CLT,5,5,0,0.0
route,PNS->DAL,1,1,0,0.0
route,PNS->DCA,3,3,0,0.0
route,PNS->DEN,3,3,0,0.0
route,PNS->DFW,8,8,0,0.0
route,PNS->HOU,4,4,0,0.0
route,PNS->IAH,14,14,0,0.0
route,PNS->MCI,1,1,0,0.0
route,PNS->MDW,4,4,0,0.0
route,PNS->MIA,4,4,0,0.0
route,PNS->ORD,5,5,0,0.0
route,PNS->PHL,3,3,0,0.0
route,PQI->EWR,4,4,0,0.0
route,PRC->DEN,2,2,0,0.0
route,PRC->LAX,1,1,0,0.0
route,PSC->AZA,2,2,0,0.0
route,PSC->DEN,7,7,0,0.0
route,PSC->LAS,1,1,0,0.0
route,PSC->LAX,1,1,0,0.0
route,PSC->MSP,2,2,0,0.0
route,PSC->PDX,1,1,0,0.0
route,PSC->SEA,30,30,0,0.0
route,PSC->SFO,5,5,0,0.0
route,PSC->SLC,2,2,0,0.0
route,PSE->JFK,2,2,0,0.0
route,PSE->MCO,3,3,0,0.0
route,PSG->JNU,2,2,0,0.0
route,PSG->WRG,6,6,0,0.0
route,PSM->MYR,2,2,0,0.0
route,PSM->PGD,2,2,0,0.0
route,PSM->SFB,1,1,0,0.0
route,PSP->DEN,7,7,0,0.0
route,PSP->DFW,4,4,0,0.0
route,PSP->LAX,4,4,0,0.0
route,PSP->PDX,1,1,0,0.0
route,PSP->PHX,13,13,0,0.0
route,PSP->SFO,20,20,0,0.0
route,PSP->SLC,2,2,0,0.0
route,PUB->DEN,5,5,0,0.0
route,PUB->LBL,2,2,0,0.0
route,PUW->SEA,11,11,0,0.0
route,PVD->ATL,2,2,0,0.0
route,PVD->BWI,22,22,0,0.0
route,PVD->CLT,7,7,0,0.0
route,PVD->CVG,2,2,0,0.0
route,PVD->DCA,14,14,0,0.0
route,PVD->DEN,4,4,0,0.0
route,PVD->DTW,2,2,0,0.0
route,PVD->EWR,8,8,0,0.0
route,PVD->FLL,6,6,0,0.0
route,PVD->IAD,9,9,0,0.0
route,PVD->MCO,19,19,0,0.0
route,PVD->MDW,9,9,0,0.0
route,PVD->ORD,10,10,0,0.0
route,PVD->PBI,1,1,0,0.0
route,PVD->PHL,4,4,0,0.0
route,PVD->PIE,1,1,0,0.0
route,PVD->RDU,2,2,0,0.0
route,PVD->TPA,7,7,0,0.0
route,PVU->AZA,4,4,0,0.0
route,PVU->LAX,1,1,0,0.0
route,PWM->ATL,3,3,0,0.0
route,PWM->BWI,6,6,0,0.0
route,PWM->CLT,4,4,0,0.0
route,PWM->DCA,10,10,0,0.0
route,PWM->DEN,1,1,0,0.0
route,PWM->DTW,3,3,0,0.0
route,PWM->EWR,17,17,0,0.0
route,PWM->IAD,13,13,0,0.0
route,PWM->JFK,13,13,0,0.0
route,PWM->LGA,13,13,0,0.0
route,PWM->MCO,1,1,0,0.0
route,PWM->ORD,11,11,0,0.0
route,PWM->PHL,6,6,0,0.0
route,PWM->RDU,1,1,0,0.0
route,RAP->AZA,3,3,0,0.0
route,RAP->CLT,2,2,0,0.0
route,RAP->DEN,23,23,0,0.0
route,RAP->DFW,7,7,0,0.0
route,RAP->EWR,1,1,0,0.0
route,RAP->LAX,1,1,0,0.0
route,RAP->MSP,10,10,0,0.0
route,RAP->ORD,18,18,0,0.0
route,RAP->SLC,1,1,0,0.0
route,RDD->LAX,1,1,0,0.0
route,RDD->SFO,8,8,0,0.0
route,RDM->DEN,7,7,0,0.0
route,RDM->LAX,6,6,0,0.0
route,RDM->PDX,19,19,0,0.0
route,RDM->PHX,1,1,0,0.0
route,RDM->SEA,22,22,0,0.0
route,RDM->SFO,17,17,0,0.0
route,RDM->SLC,4,4,0,0.0
route,RDU->ALB,1,1,0,0.0
route,RDU->ATL,17,17,0,0.0
route,RDU->AUS,2,2,0,0.0
route,RDU->BDL,1,1,0,0.0
route,RDU->BNA,11,11,0,0.0
route,RDU->BOS,29,29,0,0.0
route,RDU->BWI,21,21,0,0.0
route,RDU->CLE,3,3,0,0.0
route,RDU->CLT,8,8,0,0.0
route,RDU->CMH,3,3,0,0.0
route,RDU->CVG,2,2,0,0.0
route,RDU->DAL,7,7,0,0.0
route,RDU->DCA,8,8,0,0.0
route,RDU->DEN,15,15,0,0.0
route,RDU->DFW,6,6,0,0.0
route,RDU->DTW,14,14,0,0.0
route,RDU->EWR,20,20,0,0.0
route,RDU->FLL,13,13,0,0.0
route,RDU->HOU,4,4,0,0.0
route,RDU->IAD,18,18,0,0.0
route,RDU->IAH,13,13,0,0.0
route,RDU->IND,2,2,0,0.0
route,RDU->ISP,1,1,0,0.0
route,RDU->JFK,13,13,0,0.0
route,RDU->LAS,9,9,0,0.0
route,RDU->LAX,6,6,0,0.0
route,RDU->LGA,18,18,0,0.0
route,RDU->MCI,8,8,0,0.0
route,RDU->MCO,17,17,0,0.0
route,RDU->MDT,1,1,0,0.0
route,RDU->MDW,12,12,0,0.0
route,RDU->MIA,4,4,0,0.0
route,RDU->MKE,1,1,0,0.0
route,RDU->MSP,5,5,0,0.0
route,RDU->MSY,3,3,0,0.0
route,RDU->ORD,33,33,0,0.0
route,RDU->PHL,20,20,0,0.0
route,RDU->PHX,7,7,0,0.0
route,RDU->PIT,3,3,0,0.0
route,RDU->PVD,2,2,0,0.0
route,RDU->SAN,1,1,0,0.0
route,RDU->SAT,2,2,0,0.0
route,RDU->SEA,8,8,0,0.0
route,RDU->SFB,1,1,0,0.0
route,RDU->SFO,16,16,0,0.0
route,RDU->SJU,2,2,0,0.0
route,RDU->STL,8,8,0,0.0
route,RDU->SYR,2,2,0,0.0
route,RDU->TPA,10,10,0,0.0
route,RDU->TTN,2,2,0,0.0
route,RDU->VPS,2,2,0,0.0
route,RFD->AZA,1,1,0,0.0
route,RFD->LAS,1,1,0,0.0
route,RFD->PGD,1,1,0,0.0
route,RFD->PIE,1,1,0,0.0
route,RFD->SFB,1,1,0,0.0
route,RHI->MSP,10,10,0,0.0
route,RIC->ATL,14,14,0,0.0
route,RIC->BOS,18,18,0,0.0
route,RIC->CLT,8,8,0,0.0
route,RIC->DEN,5,5,0,0.0
route,RIC->DFW,7,7,0,0.0
route,RIC->DTW,3,3,0,0.0
route,RIC->EWR,18,18,0,0.0
route,RIC->FLL,11,11,0,0.0
route,RIC->IAD,15,15,0,0.0
route,RIC->IAH,7,7,0,0.0
route,RIC->JFK,3,3,0,0.0
route,RIC->LGA,10,10,0,0.0
route,RIC->MCO,3,3,0,0.0
route,RIC->MIA,3,3,0,0.0
route,RIC->MSP,1,1,0,0.0
route,RIC->ORD,27,27,0,0.0
route,RIC->PHL,3,3,0,0.0
route,RKS->DEN,6,6,0,0.0
route,RNO->AUS,1,1,0,0.0
route,RNO->BOI,5,5,0,0.0
route,RNO->DAL,1,1,0,0.0
route,RNO->DEN,13,13,0,0.0
route,RNO->IAH,4,4,0,0.0
route,RNO->JFK,1,1,0,0.0
route,RNO->LAS,39,39,0,0.0
route,RNO->LAX,18,18,0,0.0
route,RNO->LGB,1,1,0,0.0
route,RNO->MDW,1,1,0,0.0
route,RNO->OAK,5,5,0,0.0
route,RNO->ORD,4,4,0,0.0
route,RNO->PDX,17,17,0,0.0
route,RNO->PHX,15,15,0,0.0
route,RNO->SAN,15,15,0,0.0
route,RNO->SEA,11,11,0,0.0
route,RNO->SFO,15,15,0,0.0
route,RNO->SJC,17,17,0,0.0
route,RNO->SLC,4,4,0,0.0
route,ROA->ATL,6,6,0,0.0
route,ROA->CLT,3,3,0,0.0
route,ROA->IAD,7,7,0,0.0
route,ROA->LGA,1,1,0,0.0
route,ROA->ORD,10,10,0,0.0
route,ROA->PHL,1,1,0,0.0
route,ROA->SFB,3,3,0,0.0
route,ROC->ATL,5,5,0,0.0
route,ROC->BOS,8,8,0,0.0
route,ROC->BWI,14,14,0,0.0
route,ROC->CLT,4,4,0,0.0
route,ROC->DCA,8,8,0,0.0
route,ROC->DTW,8,8,0,0.0
route,ROC->EWR,11,11,0,0.0
route,ROC->IAD,5,5,0,0.0
route,ROC->JFK,19,19,0,0.0
route,ROC->LGA,7,7,0,0.0
route,ROC->MCO,4,4,0,0.0
route,ROC->MSP,4,4,0,0.0
route,ROC->ORD,12,12,0,0.0
route,ROC->PHL,10,10,0,0.0
route,ROC->SFB,2,2,0,0.0
route,ROC->TPA,2,2,0,0.0
route,ROW->DFW,3,3,0,0.0
route,ROW->PHX,4,4,0,0.0
route,RST->ATL,1,1,0,0.0
route,RST->MSP,3,3,0,0.0
route,RST->ORD,10,10,0,0.0
route,RSW->ACY,3,3,0,0.0
route,RSW->ATL,18,18,0,0.0
route,RSW->BOS,5,5,0,0.0
route,RSW->BWI,6,6,0,0.0
route,RSW->CLE,5,5,0,0.0
route,RSW->CLT,1,1,0,0.0
route,RSW->CMH,6,6,0,0.0
route,RSW->CVG,2,2,0,0.0
route,RSW->DCA,4,4,0,0.0
route,RSW->DFW,4,4,0,0.0
route,RSW->DTW,6,6,0,0.0
route,RSW->EWR,12,12,0,0.0
route,RSW->HPN,5,5,0,0.0
route,RSW->IAH,2,2,0,0.0
route,RSW->IND,5,5,0,0.0
route,RSW->JFK,5,5,0,0.0
route,RSW->LGA,2,2,0,0.0
route,RSW->MDW,9,9,0,0.0
route,RSW->MSP,1,1,0,0.0
route,RSW->ORD,13,13,0,0.0
route,RSW->PHL,6,6,0,0.0
route,RSW->PIT,6,6,0,0.0
route,RSW->STL,2,2,0,0.0
route,RSW->TTN,3,3,0,0.0
route,SAF->DEN,11,11,0,0.0
route,SAF->DFW,3,3,0,0.0
route,SAF->PHX,2,2,0,0.0
route,SAN->ABQ,12,12,0,0.0
route,SAN->ATL,8,8,0,0.0
route,SAN->AUS,12,12,0,0.0
route,SAN->BLI,2,2,0,0.0
route,SAN->BNA,6,6,0,0.0
route,SAN->BOI,3,3,0,0.0
route,SAN->BOS,17,17,0,0.0
route,SAN->BWI,11,11,0,0.0
route,SAN->CLE,1,1,0,0.0
route,SAN->CLT,5,5,0,0.0
route,SAN->CVG,1,1,0,0.0
route,SAN->DAL,14,14,0,0.0
route,SAN->DEN,40,40,0,0.0
route,SAN->DFW,11,11,0,0.0
route,SAN->DTW,10,10,0,0.0
route,SAN->ELP,1,1,0,0.0
route,SAN->EWR,12,12,0,0.0
route,SAN->FAT,10,10,0,0.0
route,SAN->FLL,1,1,0,0.0
route,SAN->GEG,1,1,0,0.0
route,SAN->HNL,7,7,0,0.0
route,SAN->HOU,3,3,0,0.0
route,SAN->IAD,10,10,0,0.0
route,SAN->IAH,19,19,0,0.0
route,SAN->IND,5,5,0,0.0
route,SAN->JFK,10,10,0,0.0
route,SAN->KOA,5,5,0,0.0
route,SAN->LAS,56,56,0,0.0
route,SAN->LAX,36,36,0,0.0
route,SAN->LIH,2,2,0,0.0
route,SAN->MCI,13,13,0,0.0
route,SAN->MCO,4,4,0,0.0
route,SAN->MDW,10,10,0,0.0
route,SAN->MIA,2,2,0,0.0
route,SAN->MKE,2,2,0,0.0
route,SAN->MRY,6,6,0,0.0
route,SAN->MSP,12,12,0,0.0
route,SAN->MSY,4,4,0,0.0
route,SAN->OAK,42,42,0,0.0
route,SAN->OGG,3,3,0,0.0
route,SAN->OKC,1,1,0,0.0
route,SAN->OMA,3,3,0,0.0
route,SAN->ORD,24,24,0,0.0
route,SAN->PAE,2,2,0,0.0
route,SAN->PDX,17,17,0,0.0
route,SAN->PHL,8,8,0,0.0
route,SAN->PHX,39,39,0,0.0
route,SAN->RNO,6,6,0,0.0
route,SAN->SAT,4,4,0,0.0
route,SAN->SCK,3,3,0,0.0
route,SAN->SEA,43,43,0,0.0
route,SAN->SFO,63,63,0,0.0
route,SAN->SJC,47,47,0,0.0
route,SAN->SLC,13,13,0,0.0
route,SAN->SMF,52,52,0,0.0
route,SAN->STL,11,11,0,0.0
route,SAN->STS,5,5,0,0.0
route,SAN->TPA,4,4,0,0.0
route,SAN->TUL,1,1,0,0.0
route,SAN->TUS,5,5,0,0.0
route,SAT->ATL,13,13,0,0.0
route,SAT->BNA,13,13,0,0.0
route,SAT->BWI,9,9,0,0.0
route,SAT->CLT,3,3,0,0.0
route,SAT->COS,2,2,0,0.0
route,SAT->DAL,32,32,0,0.0
route,SAT->DEN,28,28,0,0.0
route,SAT->DFW,12,12,0,0.0
route,SAT->DTW,7,7,0,0.0
route,SAT->ELP,7,7,0,0.0
route,SAT->EWR,3,3,0,0.0
route,SAT->FLL,3,3,0,0.0
route,SAT->HOU,20,20,0,0.0
route,SAT->IAD,8,8,0,0.0
route,SAT->IAH,19,19,0,0.0
route,SAT->JFK,2,2,0,0.0
route,SAT->LAS,17,17,0,0.0
route,SAT->LAX,19,19,0,0.0
route,SAT->MCI,4,4,0,0.0
route,SAT->MCO,9,9,0,0.0
route,SAT->MDW,7,7,0,0.0
route,SAT->MSP,3,3,0,0.0
route,SAT->MSY,2,2,0,0.0
route,SAT->OAK,1,1,0,0.0
route,SAT->ONT,3,3,0,0.0
route,SAT->ORD,13,13,0,0.0
route,SAT->PHL,1,1,0,0.0
route,SAT->PHX,18,18,0,0.0
route,SAT->SAN,8,8,0,0.0
route,SAT->SEA,6,6,0,0.0
route,SAT->SFB,2,2,0,0.0
route,SAT->SFO,1,1,0,0.0
route,SAT->SLC,3,3,0,0.0
route,SAT->STL,8,8,0,0.0
route,SAT->TPA,5,5,0,0.0
route,SAV->ATL,17,17,0,0.0
route,SAV->BOS,3,3,0,0.0
route,SAV->BWI,1,1,0,0.0
route,SAV->CLE,2,2,0,0.0
route,SAV->CLT,11,11,0,0.0
route,SAV->CVG,4,4,0,0.0
route,SAV->DCA,2,2,0,0.0
route,SAV->DEN,1,1,0,0.0
route,SAV->DFW,6,6,0,0.0
route,SAV->EWR,9,9,0,0.0
route,SAV->IAD,13,13,0,0.0
route,SAV->IAH,4,4,0,0.0
route,SAV->IND,2,2,0,0.0
route,SAV->JFK,7,7,0,0.0
route,SAV->LCK,1,1,0,0.0
route,SAV->LGA,4,4,0,0.0
route,SAV->MIA,4,4,0,0.0
route,SAV->ORD,21,21,0,0.0
route,SAV->PHL,5,5,0,0.0
route,SAV->PIT,2,2,0,0.0
route,SBA->DEN,13,13,0,0.0
route,SBA->DFW,2,2,0,0.0
route,SBA->LAX,11,11,0,0.0
route,SBA->PDX,4,4,0,0.0
route,SBA->PHX,2,2,0,0.0
route,SBA->SEA,3,3,0,0.0
route,SBA->SFO,18,18,0,0.0
route,SBN->ATL,8,8,0,0.0
route,SBN->CLT,5,5,0,0.0
route,SBN->DFW,1,1,0,0.0
route,SBN->DTW,7,7,0,0.0
route,SBN->EWR,3,3,0,0.0
route,SBN->LAS,1,1,0,0.0
route,SBN->MSP,5,5,0,0.0
route,SBN->ORD,10,10,0,0.0
route,SBN->PGD,1,1,0,0.0
route,SBN->PIE,1,1,0,0.0
route,SBN->SFB,1,1,0,0.0
route,SBP->DEN,6,6,0,0.0
route,SBP->DFW,1,1,0,0.0
route,SBP->LAX,12,12,0,0.0
route,SBP->PHX,7,7,0,0.0
route,SBP->SEA,4,4,0,0.0
route,SBP->SFO,13,13,0,0.0
route,SBY->CLT,4,4,0,0.0
route,SBY->PHL,8,8,0,0.0
route,SCC->ANC,2,2,0,0.0
route,SCC->BRW,5,5,0,0.0
route,SCE->DTW,1,1,0,0.0
route,SCE->IAD,5,5,0,0.0
route,SCE->ORD,13,13,0,0.0
route,SCE->PHL,8,8,0,0.0
route,SCK->AZA,1,1,0,0.0
route,SCK->LAS,7,7,0,0.0
route,SCK->SAN,5,5,0,0.0
route,SDF->ATL,8,8,0,0.0
route,SDF->BWI,13,13,0,0.0
route,SDF->CLT,12,12,0,0.0
route,SDF->DAL,1,1,0,0.0
route,SDF->DCA,4,4,0,0.0
route,SDF->DEN,14,14,0,0.0
route,SDF->DFW,11,11,0,0.0
route,SDF->DTW,8,8,0,0.0
route,SDF->EWR,10,10,0,0.0
route,SDF->FLL,1,1,0,0.0
route,SDF->HOU,2,2,0,0.0
route,SDF->IAD,6,6,0,0.0
route,SDF->IAH,13,13,0,0.0
route,SDF->LAS,5,5,0,0.0
route,SDF->LAX,2,2,0,0.0
route,SDF->LGA,7,7,0,0.0
route,SDF->MCO,3,3,0,0.0
route,SDF->MDW,7,7,0,0.0
route,SDF->MIA,4,4,0,0.0
route,SDF->MSP,5,5,0,0.0
route,SDF->ORD,22,22,0,0.0
route,SDF->PGD,2,2,0,0.0
route,SDF->PHL,5,5,0,0.0
route,SDF->PHX,1,1,0,0.0
route,SDF->PIE,1,1,0,0.0
route,SDF->SAV,1,1,0,0.0
route,SDF->SFB,1,1,0,0.0
route,SDF->TPA,2,2,0,0.0
route,SDF->VPS,1,1,0,0.0
route,SEA->ABQ,5,5,0,0.0
route,SEA->ALW,7,7,0,0.0
route,SEA->ANC,84,84,0,0.0
route,SEA->ATL,21,21,0,0.0
route,SEA->AUS,12,12,0,0.0
route,SEA->BIL,1,1,0,0.0
route,SEA->BLI,15,15,0,0.0
route,SEA->BNA,13,13,0,0.0
route,SEA->BOI,39,39,0,0.0
route,SEA->BOS,27,27,0,0.0
route,SEA->BUR,14,14,0,0.0
route,SEA->BWI,15,15,0,0.0
route,SEA->BZN,9,9,0,0.0
route,SEA->CHS,3,3,0,0.0
route,SEA->CLE,1,1,0,0.0
route,SEA->CLT,5,5,0,0.0
route,SEA->CMH,2,2,0,0.0
route,SEA->COS,1,1,0,0.0
route,SEA->DAL,10,10,0,0.0
route,SEA->DCA,4,4,0,0.0
route,SEA->DEN,61,61,0,0.0
route,SEA->DFW,21,21,0,0.0
route,SEA->DTW,10,10,0,0.0
route,SEA->EAT,19,19,0,0.0
route,SEA->ELP,1,1,0,0.0
route,SEA->EUG,15,15,0,0.0
route,SEA->EWR,21,21,0,0.0
route,SEA->FAI,17,17,0,0.0
route,SEA->FAT,10,10,0,0.0
route,SEA->FCA,12,12,0,0.0
route,SEA->FLL,6,6,0,0.0
route,SEA->GEG,57,57,0,0.0
route,SEA->GTF,6,6,0,0.0
route,SEA->HLN,4,4,0,0.0
route,SEA->HNL,13,13,0,0.0
route,SEA->HOU,1,1,0,0.0
route,SEA->IAD,23,23,0,0.0
route,SEA->IAH,27,27,0,0.0
route,SEA->ICT,2,2,0,0.0
route,SEA->IND,6,6,0,0.0
route,SEA->JAC,1,1,0,0.0
route,SEA->JFK,16,16,0,0.0
route,SEA->JNU,20,20,0,0.0
route,SEA->KOA,9,9,0,0.0
route,SEA->KTN,26,26,0,0.0
route,SEA->LAS,50,50,0,0.0
route,SEA->LAX,65,65,0,0.0
route,SEA->LGB,11,11,0,0.0
route,SEA->LIH,15,15,0,0.0
route,SEA->LWS,2,2,0,0.0
route,SEA->MCI,6,6,0,0.0
route,SEA->MCO,8,8,0,0.0
route,SEA->MDW,10,10,0,0.0
route,SEA->MFR,11,11,0,0.0
route,SEA->MIA,1,1,0,0.0
route,SEA->MKE,8,8,0,0.0
route,SEA->MSO,14,14,0,0.0
route,SEA->MSP,15,15,0,0.0
route,SEA->MSY,2,2,0,0.0
route,SEA->OAK,43,43,0,0.0
route,SEA->OGG,10,10,0,0.0
route,SEA->OKC,2,2,0,0.0
route,SEA->ONT,11,11,0,0.0
route,SEA->ORD,52,52,0,0.0
route,SEA->PDX,92,92,0,0.0
route,SEA->PHL,6,6,0,0.0
route,SEA->PHX,41,41,0,0.0
route,SEA->PIT,1,1,0,0.0
route,SEA->PSC,32,32,0,0.0
route,SEA->PSP,2,2,0,0.0
route,SEA->PUW,14,14,0,0.0
route,SEA->RDM,24,24,0,0.0
route,SEA->RDU,2,2,0,0.0
route,SEA->RNO,17,17,0,0.0
route,SEA->SAN,30,30,0,0.0
route,SEA->SAT,4,4,0,0.0
route,SEA->SBA,5,5,0,0.0
route,SEA->SBP,4,4,0,0.0
route,SEA->SFO,79,79,0,0.0
route,SEA->SIT,2,2,0,0.0
route,SEA->SJC,45,45,0,0.0
route,SEA->SLC,24,24,0,0.0
route,SEA->SMF,44,44,0,0.0
route,SEA->SNA,36,36,0,0.0
route,SEA->STL,5,5,0,0.0
route,SEA->STS,3,3,0,0.0
route,SEA->SUN,3,3,0,0.0
route,SEA->TPA,1,1,0,0.0
route,SEA->TUS,7,7,0,0.0
route,SEA->YKM,9,9,0,0.0
route,SFB->ABE,2,2,0,0.0
route,SFB->ALB,1,1,0,0.0
route,SFB->ATW,1,1,0,0.0
route,SFB->AVL,3,3,0,0.0
route,SFB->BGR,3,3,0,0.0
route,SFB->BIS,2,2,0,0.0
route,SFB->BLV,3,3,0,0.0
route,SFB->BMI,1,1,0,0.0
route,SFB->CHA,1,1,0,0.0
route,SFB->CID,4,4,0,0.0
route,SFB->CKB,1,1,0,0.0
route,SFB->CLE,1,1,0,0.0
route,SFB->CVG,6,6,0,0.0
route,SFB->DAY,1,1,0,0.0
route,SFB->DSM,3,3,0,0.0
route,SFB->ELM,2,2,0,0.0
route,SFB->EVV,1,1,0,0.0
route,SFB->FNT,2,2,0,0.0
route,SFB->FWA,2,2,0,0.0
route,SFB->GRR,3,3,0,0.0
route,SFB->GSP,1,1,0,0.0
route,SFB->HTS,2,2,0,0.0
route,SFB->IAG,2,2,0,0.0
route,SFB->ICT,1,1,0,0.0
route,SFB->IND,2,2,0,0.0
route,SFB->LCK,3,3,0,0.0
route,SFB->LEX,3,3,0,0.0
route,SFB->LIT,2,2,0,0.0
route,SFB->MFE,4,4,0,0.0
route,SFB->MLI,1,1,0,0.0
route,SFB->OGS,1,1,0,0.0
route,SFB->OKC,2,2,0,0.0
route,SFB->OMA,3,3,0,0.0
route,SFB->ORF,1,1,0,0.0
route,SFB->OWB,2,2,0,0.0
route,SFB->PBG,1,1,0,0.0
route,SFB->PIT,2,2,0,0.0
route,SFB->PSM,2,2,0,0.0
route,SFB->RFD,2,2,0,0.0
route,SFB->RIC,3,3,0,0.0
route,SFB->ROA,3,3,0,0.0
route,SFB->SAT,2,2,0,0.0
route,SFB->SBN,1,1,0,0.0
route,SFB->SDF,1,1,0,0.0
route,SFB->SGF,3,3,0,0.0
route,SFB->SJU,1,1,0,0.0
route,SFB->SWF,3,3,0,0.0
route,SFB->TOL,2,2,0,0.0
route,SFB->TRI,1,1,0,0.0
route,SFB->TUL,3,3,0,0.0
route,SFB->TYS,13,13,0,0.0
route,SFB->USA,3,3,0,0.0
route,SFB->XNA,3,3,0,0.0
route,SFO->ABQ,14,14,0,0.0
route,SFO->ACV,9,9,0,0.0
route,SFO->ANC,5,5,0,0.0
route,SFO->ASE,4,4,0,0.0
route,SFO->ATL,27,27,0,0.0
route,SFO->AUS,33,33,0,0.0
route,SFO->BDL,1,1,0,0.0
route,SFO->BFL,7,7,0,0.0
route,SFO->BNA,16,16,0,0.0
route,SFO->BOI,13,13,0,0.0
route,SFO->BOS,62,62,0,0.0
route,SFO->BUR,29,29,0,0.0
route,SFO->BWI,6,6,0,0.0
route,SFO->BZN,5,5,0,0.0
route,SFO->CLE,6,6,0,0.0
route,SFO->CLT,7,7,0,0.0
route,SFO->CMH,3,3,0,0.0
route,SFO->CVG,5,5,0,0.0
route,SFO->DAL,14,14,0,0.0
route,SFO->DCA,11,11,0,0.0
route,SFO->DEN,60,60,0,0.0
route,SFO->DFW,32,32,0,0.0
route,SFO->DSM,2,2,0,0.0
route,SFO->DTW,8,8,0,0.0
route,SFO->EUG,5,5,0,0.0
route,SFO->EWR,55,55,0,0.0
route,SFO->FAT,8,8,0,0.0
route,SFO->FCA,4,4,0,0.0
route,SFO->FLL,10,10,0,0.0
route,SFO->GEG,4,4,0,0.0
route,SFO->HNL,27,27,0,0.0
route,SFO->IAD,36,36,0,0.0
route,SFO->IAH,31,31,0,0.0
route,SFO->IND,2,2,0,0.0
route,SFO->JAC,1,1,0,0.0
route,SFO->JFK,42,42,0,0.0
route,SFO->KOA,14,14,0,0.0
route,SFO->LAS,85,85,0,0.0
route,SFO->LAX,130,130,0,0.0
route,SFO->LGB,9,9,0,0.0
route,SFO->LIH,3,3,0,0.0
route,SFO->MCI,10,10,0,0.0
route,SFO->MCO,13,13,0,0.0
route,SFO->MDW,8,8,0,0.0
route,SFO->MFR,11,11,0,0.0
route,SFO->MIA,9,9,0,0.0
route,SFO->MKE,3,3,0,0.0
route,SFO->MRY,7,7,0,0.0
route,SFO->MSN,4,4,0,0.0
route,SFO->MSO,4,4,0,0.0
route,SFO->MSP,15,15,0,0.0
route,SFO->MSY,9,9,0,0.0
route,SFO->OGG,18,18,0,0.0
route,SFO->OKC,1,1,0,0.0
route,SFO->OMA,3,3,0,0.0
route,SFO->ONT,31,31,0,0.0
route,SFO->ORD,68,68,0,0.0
route,SFO->OTH,2,2,0,0.0
route,SFO->PAE,9,9,0,0.0
route,SFO->PDX,51,51,0,0.0
route,SFO->PHL,13,13,0,0.0
route,SFO->PHX,36,36,0,0.0
route,SFO->PIT,6,6,0,0.0
route,SFO->PSP,25,25,0,0.0
route,SFO->RDD,10,10,0,0.0
route,SFO->RDM,19,19,0,0.0
route,SFO->RDU,17,17,0,0.0
route,SFO->RNO,20,20,0,0.0
route,SFO->SAN,78,78,0,0.0
route,SFO->SAT,2,2,0,0.0
route,SFO->SBA,20,20,0,0.0
route,SFO->SBP,12,12,0,0.0
route,SFO->SEA,82,82,0,0.0
route,SFO->SLC,22,22,0,0.0
route,SFO->SMF,13,13,0,0.0
route,SFO->SNA,40,40,0,0.0
route,SFO->STL,12,12,0,0.0
route,SFO->STS,3,3,0,0.0
route,SFO->SUN,2,2,0,0.0
route,SFO->TPA,7,7,0,0.0
route,SFO->TUS,6,6,0,0.0
route,SFO->XNA,1,1,0,0.0
route,SGF->ATL,5,5,0,0.0
route,SGF->AZA,2,2,0,0.0
route,SGF->CLT,11,11,0,0.0
route,SGF->DEN,10,10,0,0.0
route,SGF->DFW,12,12,0,0.0
route,SGF->IAH,7,7,0,0.0
route,SGF->ORD,29,29,0,0.0
route,SGF->PGD,1,1,0,0.0
route,SGF->PIE,2,2,0,0.0
route,SGF->SFB,2,2,0,0.0
route,SGF->VPS,3,3,0,0.0
route,SGU->DEN,4,4,0,0.0
route,SGU->LAX,2,2,0,0.0
route,SHD->IAD,4,4,0,0.0
route,SHD->ORD,1,1,0,0.0
route,SHV->ATL,8,8,0,0.0
route,SHV->CLT,5,5,0,0.0
route,SHV->DEN,5,5,0,0.0
route,SHV->DFW,7,7,0,0.0
route,SHV->IAH,18,18,0,0.0
route,SHV->LAS,1,1,0,0.0
route,SHV->SFB,1,1,0,0.0
route,SIT->JNU,4,4,0,0.0
route,SIT->KTN,1,1,0,0.0
route,SIT->SEA,4,4,0,0.0
route,SJC->ATL,4,4,0,0.0
route,SJC->AUS,8,8,0,0.0
route,SJC->BOI,7,7,0,0.0
route,SJC->BOS,3,3,0,0.0
route,SJC->BUR,29,29,0,0.0
route,SJC->BWI,1,1,0,0.0
route,SJC->CVG,2,2,0,0.0
route,SJC->DAL,11,11,0,0.0
route,SJC->DEN,42,42,0,0.0
route,SJC->DFW,4,4,0,0.0
route,SJC->EWR,7,7,0,0.0
route,SJC->GEG,1,1,0,0.0
route,SJC->HNL,9,9,0,0.0
route,SJC->HOU,7,7,0,0.0
route,SJC->IAH,4,4,0,0.0
route,SJC->JFK,11,11,0,0.0
route,SJC->KOA,2,2,0,0.0
route,SJC->LAS,28,28,0,0.0
route,SJC->LAX,74,74,0,0.0
route,SJC->LGB,20,20,0,0.0
route,SJC->LIH,4,4,0,0.0
route,SJC->MCO,2,2,0,0.0
route,SJC->MDW,10,10,0,0.0
route,SJC->MSP,5,5,0,0.0
route,SJC->OGG,6,6,0,0.0
route,SJC->ONT,12,12,0,0.0
route,SJC->ORD,7,7,0,0.0
route,SJC->PAE,4,4,0,0.0
route,SJC->PDX,36,36,0,0.0
route,SJC->PHX,25,25,0,0.0
route,SJC->RNO,10,10,0,0.0
route,SJC->SAN,63,63,0,0.0
route,SJC->SAT,1,1,0,0.0
route,SJC->SEA,54,54,0,0.0
route,SJC->SLC,8,8,0,0.0
route,SJC->SNA,45,45,0,0.0
route,SJC->STL,1,1,0,0.0
route,SJC->TUL,1,1,0,0.0
route,SJC->TUS,7,7,0,0.0
route,SJT->DFW,4,4,0,0.0
route,SJU->ATL,8,8,0,0.0
route,SJU->BDL,6,6,0,0.0
route,SJU->BOS,13,13,0,0.0
route,SJU->BWI,13,13,0,0.0
route,SJU->CLT,3,3,0,0.0
route,SJU->DCA,5,5,0,0.0
route,SJU->DFW,3,3,0,0.0
route,SJU->EWR,14,14,0,0.0
route,SJU->FLL,30,30,0,0.0
route,SJU->HOU,6,6,0,0.0
route,SJU->IAD,7,7,0,0.0
route,SJU->IAH,7,7,0,0.0
route,SJU->ISP,4,4,0,0.0
route,SJU->JFK,27,27,0,0.0
route,SJU->MCO,54,54,0,0.0
route,SJU->MIA,12,12,0,0.0
route,SJU->ORD,6,6,0,0.0
route,SJU->PHL,4,4,0,0.0
route,SJU->RDU,2,2,0,0.0
route,SJU->SFB,2,2,0,0.0
route,SJU->STT,10,10,0,0.0
route,SJU->TPA,18,18,0,0.0
route,SLC->ABQ,9,9,0,0.0
route,SLC->ANC,2,2,0,0.0
route,SLC->ATL,24,24,0,0.0
route,SLC->AUS,7,7,0,0.0
route,SLC->BIL,5,5,0,0.0
route,SLC->BNA,5,5,0,0.0
route,SLC->BOI,12,12,0,0.0
route,SLC->BOS,4,4,0,0.0
route,SLC->BTM,4,4,0,0.0
route,SLC->BUR,11,11,0,0.0
route,SLC->BWI,8,8,0,0.0
route,SLC->BZN,3,3,0,0.0
route,SLC->CDC,4,4,0,0.0
route,SLC->CLT,2,2,0,0.0
route,SLC->CMH,1,1,0,0.0
route,SLC->COD,2,2,0,0.0
route,SLC->COS,4,4,0,0.0
route,SLC->CPR,3,3,0,0.0
route,SLC->CVG,2,2,0,0.0
route,SLC->DAL,2,2,0,0.0
route,SLC->DEN,65,65,0,0.0
route,SLC->DFW,15,15,0,0.0
route,SLC->DTW,4,4,0,0.0
route,SLC->EKO,3,3,0,0.0
route,SLC->EWR,1,1,0,0.0
route,SLC->FAT,4,4,0,0.0
route,SLC->FCA,3,3,0,0.0
route,SLC->FLL,4,4,0,0.0
route,SLC->GEG,5,5,0,0.0
route,SLC->GJT,1,1,0,0.0
route,SLC->GTF,2,2,0,0.0
route,SLC->HLN,2,2,0,0.0
route,SLC->HNL,1,1,0,0.0
route,SLC->IAD,1,1,0,0.0
route,SLC->IAH,20,20,0,0.0
route,SLC->IDA,3,3,0,0.0
route,SLC->IND,2,2,0,0.0
route,SLC->JAC,9,9,0,0.0
route,SLC->JFK,15,15,0,0.0
route,SLC->LAS,36,36,0,0.0
route,SLC->LAX,28,28,0,0.0
route,SLC->LGB,16,16,0,0.0
route,SLC->LWS,6,6,0,0.0
route,SLC->MCO,16,16,0,0.0
route,SLC->MDW,2,2,0,0.0
route,SLC->MFR,1,1,0,0.0
route,SLC->MSN,2,2,0,0.0
route,SLC->MSO,7,7,0,0.0
route,SLC->MSP,6,6,0,0.0
route,SLC->MSY,2,2,0,0.0
route,SLC->OAK,19,19,0,0.0
route,SLC->OKC,2,2,0,0.0
route,SLC->OMA,4,4,0,0.0
route,SLC->ONT,1,1,0,0.0
route,SLC->ORD,11,11,0,0.0
route,SLC->PDX,17,17,0,0.0
route,SLC->PHL,1,1,0,0.0
route,SLC->PHX,34,34,0,0.0
route,SLC->PIH,3,3,0,0.0
route,SLC->PSC,1,1,0,0.0
route,SLC->PSP,1,1,0,0.0
route,SLC->RAP,1,1,0,0.0
route,SLC->RDM,2,2,0,0.0
route,SLC->RDU,5,5,0,0.0
route,SLC->RNO,6,6,0,0.0
route,SLC->SAN,9,9,0,0.0
route,SLC->SAT,4,4,0,0.0
route,SLC->SEA,35,35,0,0.0
route,SLC->SFO,23,23,0,0.0
route,SLC->SJC,11,11,0,0.0
route,SLC->SMF,7,7,0,0.0
route,SLC->SNA,3,3,0,0.0
route,SLC->STL,3,3,0,0.0
route,SLC->SUN,5,5,0,0.0
route,SLC->TPA,2,2,0,0.0
route,SLC->TUS,1,1,0,0.0
route,SLC->TWF,3,3,0,0.0
route,SLN->HYS,7,7,0,0.0
route,SLN->ORD,5,5,0,0.0
route,SMF->ATL,1,1,0,0.0
route,SMF->AUS,4,4,0,0.0
route,SMF->BOI,8,8,0,0.0
route,SMF->BOS,2,2,0,0.0
route,SMF->BUR,21,21,0,0.0
route,SMF->BWI,4,4,0,0.0
route,SMF->CLT,2,2,0,0.0
route,SMF->DAL,3,3,0,0.0
route,SMF->DEN,23,23,0,0.0
route,SMF->DFW,9,9,0,0.0
route,SMF->DTW,2,2,0,0.0
route,SMF->EWR,5,5,0,0.0
route,SMF->GEG,8,8,0,0.0
route,SMF->HNL,3,3,0,0.0
route,SMF->IAD,3,3,0,0.0
route,SMF->IAH,8,8,0,0.0
route,SMF->JFK,4,4,0,0.0
route,SMF->LAS,26,26,0,0.0
route,SMF->LAX,52,52,0,0.0
route,SMF->LGB,19,19,0,0.0
route,SMF->MCO,2,2,0,0.0
route,SMF->MDW,6,6,0,0.0
route,SMF->MSP,1,1,0,0.0
route,SMF->MSY,1,1,0,0.0
route,SMF->OGG,5,5,0,0.0
route,SMF->ONT,18,18,0,0.0
route,SMF->ORD,6,6,0,0.0
route,SMF->PDX,18,18,0,0.0
route,SMF->PHX,15,15,0,0.0
route,SMF->SAN,63,63,0,0.0
route,SMF->SEA,36,36,0,0.0
route,SMF->SFO,15,15,0,0.0
route,SMF->SLC,10,10,0,0.0
route,SMF->SNA,17,17,0,0.0
route,SMF->STL,2,2,0,0.0
route,SMX->LAS,2,2,0,0.0
route,SNA->ABQ,9,9,0,0.0
route,SNA->ATL,2,2,0,0.0
route,SNA->DAL,2,2,0,0.0
route,SNA->DEN,26,26,0,0.0
route,SNA->DFW,9,9,0,0.0
route,SNA->DTW,3,3,0,0.0
route,SNA->EWR,6,6,0,0.0
route,SNA->HOU,5,5,0,0.0
route,SNA->IAH,17,17,0,0.0
route,SNA->LAS,21,21,0,0.0
route,SNA->MDW,2,2,0,0.0
route,SNA->MSP,2,2,0,0.0
route,SNA->OAK,23,23,0,0.0
route,SNA->ORD,16,16,0,0.0
route,SNA->PAE,2,2,0,0.0
route,SNA->PDX,7,7,0,0.0
route,SNA->PHX,32,32,0,0.0
route,SNA->SEA,29,29,0,0.0
route,SNA->SFO,29,29,0,0.0
route,SNA->SJC,44,44,0,0.0
route,SNA->SLC,5,5,0,0.0
route,SNA->SMF,20,20,0,0.0
route,SNA->STS,2,2,0,0.0
route,SPI->DFW,3,3,0,0.0
route,SPI->ORD,7,7,0,0.0
route,SPI->PGD,1,1,0,0.0
route,SPN->GUM,2,2,0,0.0
route,SPS->DFW,1,1,0,0.0
route,SRQ->ATL,11,11,0,0.0
route,SRQ->CLE,1,1,0,0.0
route,SRQ->CLT,7,7,0,0.0
route,SRQ->CVG,2,2,0,0.0
route,SRQ->EWR,4,4,0,0.0
route,SRQ->GRR,1,1,0,0.0
route,SRQ->JFK,4,4,0,0.0
route,SRQ->LGA,1,1,0,0.0
route,SRQ->ORD,2,2,0,0.0
route,SRQ->PIT,3,3,0,0.0
route,SRQ->RIC,1,1,0,0.0
route,SRQ->SYR,1,1,0,0.0
route,STC->AZA,1,1,0,0.0
route,STL->ATL,20,20,0,0.0
route,STL->AUS,4,4,0,0.0
route,STL->BDL,2,2,0,0.0
route,STL->BNA,9,9,0,0.0
route,STL->BOS,20,20,0,0.0
route,STL->BWI,19,19,0,0.0
route,STL->CHS,2,2,0,0.0
route,STL->CLE,14,14,0,0.0
route,STL->CLT,10,10,0,0.0
route,STL->CMH,5,5,0,0.0
route,STL->CVG,3,3,0,0.0
route,STL->DAL,22,22,0,0.0
route,STL->DCA,26,26,0,0.0
route,STL->DEN,46,46,0,0.0
route,STL->DFW,11,11,0,0.0
route,STL->DSM,3,3,0,0.0
route,STL->DTW,13,13,0,0.0
route,STL->ECP,3,3,0,0.0
route,STL->EWR,28,28,0,0.0
route,STL->FLL,4,4,0,0.0
route,STL->HOU,15,15,0,0.0
route,STL->IAD,14,14,0,0.0
route,STL->IAH,16,16,0,0.0
route,STL->ICT,4,4,0,0.0
route,STL->LAS,12,12,0,0.0
route,STL->LAX,14,14,0,0.0
route,STL->LGA,18,18,0,0.0
route,STL->LIT,10,10,0,0.0
route,STL->MCI,16,16,0,0.0
route,STL->MCO,19,19,0,0.0
route,STL->MDW,22,22,0,0.0
route,STL->MIA,3,3,0,0.0
route,STL->MKE,10,10,0,0.0
route,STL->MSP,23,23,0,0.0
route,STL->MSY,8,8,0,0.0
route,STL->OAK,3,3,0,0.0
route,STL->OKC,7,7,0,0.0
route,STL->OMA,14,14,0,0.0
route,STL->ORD,35,35,0,0.0
route,STL->PDX,1,1,0,0.0
route,STL->PHL,17,17,0,0.0
route,STL->PHX,15,15,0,0.0
route,STL->PIT,2,2,0,0.0
route,STL->RDU,3,3,0,0.0
route,STL->RSW,2,2,0,0.0
route,STL->SAN,8,8,0,0.0
route,STL->SAT,14,14,0,0.0
route,STL->SEA,10,10,0,0.0
route,STL->SFO,9,9,0,0.0
route,STL->SJC,5,5,0,0.0
route,STL->SLC,4,4,0,0.0
route,STL->TPA,5,5,0,0.0
route,STL->TUL,5,5,0,0.0
route,STS->DEN,1,1,0,0.0
route,STS->DFW,5,5,0,0.0
route,STS->LAX,3,3,0,0.0
route,STS->PDX,4,4,0,0.0
route,STS->SAN,1,1,0,0.0
route,STS->SEA,4,4,0,0.0
route,STS->SFO,4,4,0,0.0
route,STS->SNA,2,2,0,0.0
route,STT->ATL,3,3,0,0.0
route,STT->CLT,1,1,0,0.0
route,STT->FLL,2,2,0,0.0
route,STT->IAD,1,1,0,0.0
route,STT->IAH,1,1,0,0.0
route,STT->JFK,1,1,0,0.0
route,STT->MCO,1,1,0,0.0
route,STT->MIA,4,4,0,0.0
route,STT->SJU,3,3,0,0.0
route,STX->ATL,1,1,0,0.0
route,STX->FLL,3,3,0,0.0
route,STX->MIA,4,4,0,0.0
route,STX->SJU,2,2,0,0.0
route,SUN->DEN,2,2,0,0.0
route,SUN->LAX,4,4,0,0.0
route,SUN->SEA,3,3,0,0.0
route,SUN->SFO,7,7,0,0.0
route,SUN->SLC,3,3,0,0.0
route,SUX->DFW,1,1,0,0.0
route,SUX->ORD,5,5,0,0.0
route,SWF->DTW,1,1,0,0.0
route,SWF->FLL,3,3,0,0.0
route,SWF->MCO,5,5,0,0.0
route,SWF->MYR,1,1,0,0.0
route,SWF->PGD,1,1,0,0.0
route,SWF->PHL,6,6,0,0.0
route,SWF->PIE,4,4,0,0.0
route,SWF->SFB,1,1,0,0.0
route,SWO->DFW,7,7,0,0.0
route,SYR->ATL,3,3,0,0.0
route,SYR->BNA,2,2,0,0.0
route,SYR->BOS,5,5,0,0.0
route,SYR->CLT,3,3,0,0.0
route,SYR->DCA,3,3,0,0.0
route,SYR->DEN,2,2,0,0.0
route,SYR->DTW,5,5,0,0.0
route,SYR->EWR,8,8,0,0.0
route,SYR->FLL,1,1,0,0.0
route,SYR->IAD,7,7,0,0.0
route,SYR->JFK,11,11,0,0.0
route,SYR->LGA,7,7,0,0.0
route,SYR->MCO,5,5,0,0.0
route,SYR->MSP,2,2,0,0.0
route,SYR->MYR,2,2,0,0.0
route,SYR->ORD,17,17,0,0.0
route,SYR->PHL,6,6,0,0.0
route,SYR->PIE,1,1,0,0.0
route,SYR->RDU,1,1,0,0.0
route,SYR->SFB,1,1,0,0.0
route,SYR->SRQ,1,1,0,0.0
route,TLH->ATL,10,10,0,0.0
route,TLH->CLT,8,8,0,0.0
route,TLH->DCA,2,2,0,0.0
route,TLH->DFW,3,3,0,0.0
route,TLH->MIA,3,3,0,0.0
route,TOL->CLT,1,1,0,0.0
route,TOL->ORD,4,4,0,0.0
route,TOL->PIE,1,1,0,0.0
route,TOL->VPS,2,2,0,0.0
route,TPA->ACY,1,1,0,0.0
route,TPA->ALB,7,7,0,0.0
route,TPA->ATL,51,51,0,0.0
route,TPA->AUS,5,5,0,0.0
route,TPA->BDL,12,12,0,0.0
route,TPA->BHM,6,6,0,0.0
route,TPA->BNA,9,9,0,0.0
route,TPA->BOS,17,17,0,0.0
route,TPA->BUF,10,10,0,0.0
route,TPA->BWI,28,28,0,0.0
route,TPA->CLE,4,4,0,0.0
route,TPA->CLT,10,10,0,0.0
route,TPA->CMH,7,7,0,0.0
route,TPA->CVG,4,4,0,0.0
route,TPA->DAL,4,4,0,0.0
route,TPA->DCA,10,10,0,0.0
route,TPA->DEN,22,22,0,0.0
route,TPA->DFW,14,14,0,0.0
route,TPA->DTW,10,10,0,0.0
route,TPA->EWR,29,29,0,0.0
route,TPA->FLL,11,11,0,0.0
route,TPA->HOU,8,8,0,0.0
route,TPA->HPN,7,7,0,0.0
route,TPA->IAD,7,7,0,0.0
route,TPA->IAH,19,19,0,0.0
route,TPA->IND,12,12,0,0.0
route,TPA->ISP,8,8,0,0.0
route,TPA->JFK,17,17,0,0.0
route,TPA->LAS,6,6,0,0.0
route,TPA->LAX,6,6,0,0.0
route,TPA->LGA,8,8,0,0.0
route,TPA->MCI,6,6,0,0.0
route,TPA->MDW,16,16,0,0.0
route,TPA->MEM,3,3,0,0.0
route,TPA->MHT,5,5,0,0.0
route,TPA->MIA,11,11,0,0.0
route,TPA->MKE,9,9,0,0.0
route,TPA->MSP,2,2,0,0.0
route,TPA->MSY,9,9,0,0.0
route,TPA->ORD,13,13,0,0.0
route,TPA->PHL,20,20,0,0.0
route,TPA->PHX,9,9,0,0.0
route,TPA->PIT,9,9,0,0.0
route,TPA->PVD,9,9,0,0.0
route,TPA->RDU,9,9,0,0.0
route,TPA->ROC,5,5,0,0.0
route,TPA->SAN,2,2,0,0.0
route,TPA->SAT,4,4,0,0.0
route,TPA->SDF,4,4,0,0.0
route,TPA->SEA,5,5,0,0.0
route,TPA->SFO,4,4,0,0.0
route,TPA->SJU,15,15,0,0.0
route,TPA->SLC,2,2,0,0.0
route,TPA->STL,8,8,0,0.0
route,TPA->TTN,1,1,0,0.0
route,TRI->ATL,13,13,0,0.0
route,TRI->CLT,6,6,0,0.0
route,TRI->PIE,1,1,0,0.0
route,TRI->SFB,1,1,0,0.0
route,TTN->ATL,6,6,0,0.0
route,TTN->BNA,2,2,0,0.0
route,TTN->CHS,3,3,0,0.0
route,TTN->CLT,4,4,0,0.0
route,TTN->JAX,2,2,0,0.0
route,TTN->MCO,3,3,0,0.0
route,TTN->MSP,1,1,0,0.0
route,TTN->MYR,1,1,0,0.0
route,TTN->ORD,4,4,0,0.0
route,TTN->PBI,2,2,0,0.0
route,TTN->RDU,1,1,0,0.0
route,TTN->TPA,4,4,0,0.0
route,TUL->ATL,5,5,0,0.0
route,TUL->BWI,1,1,0,0.0
route,TUL->CLT,3,3,0,0.0
route,TUL->DAL,21,21,0,0.0
route,TUL->DEN,23,23,0,0.0
route,TUL->HOU,14,14,0,0.0
route,TUL->IAD,2,2,0,0.0
route,TUL->IAH,21,21,0,0.0
route,TUL->LAS,8,8,0,0.0
route,TUL->LAX,3,3,0,0.0
route,TUL->MCO,2,2,0,0.0
route,TUL->MSP,1,1,0,0.0
route,TUL->ORD,13,13,0,0.0
route,TUL->PHX,13,13,0,0.0
route,TUL->PIE,1,1,0,0.0
route,TUL->SFB,3,3,0,0.0
route,TUL->SJC,1,1,0,0.0
route,TUL->SLC,1,1,0,0.0
route,TUL->STL,4,4,0,0.0
route,TUS->ATL,4,4,0,0.0
route,TUS->DEN,18,18,0,0.0
route,TUS->DFW,8,8,0,0.0
route,TUS->IAH,5,5,0,0.0
route,TUS->LAS,5,5,0,0.0
route,TUS->LAX,17,17,0,0.0
route,TUS->MDW,3,3,0,0.0
route,TUS->ORD,7,7,0,0.0
route,TUS->PHX,6,6,0,0.0
route,TUS->SAN,7,7,0,0.0
route,TUS->SEA,2,2,0,0.0
route,TUS->SFO,11,11,0,0.0
route,TUS->SJC,6,6,0,0.0
route,TUS->SLC,3,3,0,0.0
route,TVC->ATL,3,3,0,0.0
route,TVC->DFW,3,3,0,0.0
route,TVC->DTW,7,7,0,0.0
route,TVC->EWR,4,4,0,0.0
route,TVC->LGA,1,1,0,0.0
route,TVC->MSP,4,4,0,0.0
route,TVC->ORD,22,22,0,0.0
route,TWF->SLC,3,3,0,0.0
route,TXK->DFW,9,9,0,0.0
route,TYR->DEN,2,2,0,0.0
route,TYR->DFW,6,6,0,0.0
route,TYS->ATL,8,8,0,0.0
route,TYS->CLT,11,11,0,0.0
route,TYS->DCA,3,3,0,0.0
route,TYS->DEN,7,7,0,0.0
route,TYS->DFW,9,9,0,0.0
route,TYS->DTW,10,10,0,0.0
route,TYS->EWR,4,4,0,0.0
route,TYS->FLL,1,1,0,0.0
route,TYS->IAD,16,16,0,0.0
route,TYS->IAH,11,11,0,0.0
route,TYS->LAS,1,1,0,0.0
route,TYS->LGA,3,3,0,0.0
route,TYS->MIA,5,5,0,0.0
route,TYS->MSP,1,1,0,0.0
route,TYS->ORD,30,30,0,0.0
route,TYS->PGD,3,3,0,0.0
route,TYS->PHL,4,4,0,0.0
route,TYS->PIE,2,2,0,0.0
route,TYS->SFB,5,5,0,0.0
route,UIN->CGI,2,2,0,0.0
route,UIN->ORD,3,3,0,0.0
route,USA->FLL,6,6,0,0.0
route,USA->PIE,2,2,0,0.0
route,VEL->DEN,6,6,0,0.0
route,VLD->ATL,3,3,0,0.0
route,VPS->ATL,7,7,0,0.0
route,VPS->AUS,2,2,0,0.0
route,VPS->BLV,4,4,0,0.0
route,VPS->BNA,1,1,0,0.0
route,VPS->BWI,3,3,0,0.0
route,VPS->CLT,3,3,0,0.0
route,VPS->CVG,4,4,0,0.0
route,VPS->DCA,2,2,0,0.0
route,VPS->DFW,8,8,0,0.0
route,VPS->EVV,2,2,0,0.0
route,VPS->EWR,1,1,0,0.0
route,VPS->IAH,12,12,0,0.0
route,VPS->IND,1,1,0,0.0
route,VPS->LCK,3,3,0,0.0
route,VPS->LEX,1,1,0,0.0
route,VPS->MCI,3,3,0,0.0
route,VPS->MEM,2,2,0,0.0
route,VPS->OKC,1,1,0,0.0
route,VPS->ORD,2,2,0,0.0
route,VPS->PIA,1,1,0,0.0
route,VPS->PIT,3,3,0,0.0
route,VPS->RDU,1,1,0,0.0
route,VPS->RFD,1,1,0,0.0
route,VPS->SDF,2,2,0,0.0
route,VPS->SGF,1,1,0,0.0
route,VPS->TUL,1,1,0,0.0
route,VPS->TYS,2,2,0,0.0
route,VPS->USA,1,1,0,0.0
route,VPS->XNA,3,3,0,0.0
route,WRG->KTN,8,8,0,0.0
route,WYS->SLC,4,4,0,0.0
route,XNA->ATL,3,3,0,0.0
route,XNA->CLT,4,4,0,0.0
route,XNA->DCA,2,2,0,0.0
route,XNA->DEN,10,10,0,0.0
route,XNA->DFW,6,6,0,0.0
route,XNA->EWR,3,3,0,0.0
route,XNA->IAH,12,12,0,0.0
route,XNA->LAS,1,1,0,0.0
route,XNA->LAX,6,6,0,0.0
route,XNA->MSP,1,1,0,0.0
route,XNA->ORD,12,12,0,0.0
route,XNA->SFB,3,3,0,0.0
route,XNA->SFO,3,3,0,0.0
route,YAK->CDV,3,3,0,0.0
route,YAK->JNU,3,3,0,0.0
route,YKM->SEA,8,8,0,0.0
route,YUM->PHX,4,4,0,0.0
Day_of_Month,1,1669,1669,0,0.0
Day_of_Month,10,1819,1819,0,0.0
Day_of_Month,11,1721,1721,0,0.0
Day_of_Month,12,1902,1902,0,0.0
Day_of_Month,13,1633,1633,0,0.0
Day_of_Month,14,1661,1661,0,0.0
Day_of_Month,15,1865,1865,0,0.0
Day_of_Month,16,1844,1844,0,0.0
Day_of_Month,17,1775,1775,0,0.0
Day_of_Month,18,1944,1944,0,0.0
Day_of_Month,19,1878,1878,0,0.0
Day_of_Month,2,1677,1677,0,0.0
Day_of_Month,20,1739,1739,0,0.0
Day_of_Month,21,1829,1829,0,0.0
Day_of_Month,22,1804,1804,0,0.0
Day_of_Month,23,1880,1880,0,0.0
Day_of_Month,24,1823,1823,0,0.0
Day_of_Month,25,1844,1844,0,0.0
Day_of_Month,26,1894,1894,0,0.0
Day_of_Month,27,1666,1666,0,0.0
Day_of_Month,28,1745,1745,0,0.0
Day_of_Month,29,1868,1868,0,0.0
Day_of_Month,3,1561,1561,0,0.0
Day_of_Month,30,1882,1882,0,0.0
Day_of_Month,31,1792,1792,0,0.0
Day_of_Month,4,1444,1444,0,0.0
Day_of_Month,5,1638,1638,0,0.0
Day_of_Month,6,1666,1666,0,0.0
Day_of_Month,7,1733,1733,0,0.0
Day_of_Month,8,1892,1892,0,0.0
Day_of_Month,9,1808,1808,0,0.0
