dimension,value,eligible_rows,matched_rows,unmatched_rows,unmatched_rate
Carrier_ID(DOT),19393,12727,12727,0,0.0
Carrier_ID(DOT),19687,1056,1056,0,0.0
Carrier_ID(DOT),19690,718,718,0,0.0
Carrier_ID(DOT),19790,3824,3824,0,0.0
Carrier_ID(DOT),19805,3683,3683,0,0.0
Carrier_ID(DOT),19930,2393,2393,0,0.0
Carrier_ID(DOT),19977,5699,5699,0,0.0
Carrier_ID(DOT),20046,938,938,0,0.0
Carrier_ID(DOT),20225,13,13,0,0.0
Carrier_ID(DOT),20237,536,536,0,0.0
Carrier_ID(DOT),20253,20,20,0,0.0
Carrier_ID(DOT),20263,69,69,0,0.0
Carrier_ID(DOT),20304,4868,4868,0,0.0
Carrier_ID(DOT),20363,921,921,0,0.0
Carrier_ID(DOT),20366,1094,1094,0,0.0
Carrier_ID(DOT),20368,931,931,0,0.0
Carrier_ID(DOT),20378,1409,1409,0,0.0
Carrier_ID(DOT),20397,1060,1060,0,0.0
Carrier_ID(DOT),20398,1253,1253,0,0.0
Carrier_ID(DOT),20409,2891,2891,0,0.0
Carrier_ID(DOT),20416,1773,1773,0,0.0
Carrier_ID(DOT),20427,502,502,0,0.0
Carrier_ID(DOT),20436,1178,1178,0,0.0
Carrier_ID(DOT),20445,432,432,0,0.0
Carrier_ID(DOT),20452,1842,1842,0,0.0
Carrier_ID(DOT),20500,552,552,0,0.0
Carrier_ID(DOT),21167,386,386,0,0.0
Airline,(missing),5787,5787,0,0.0
Airline,Air Wisconsin Airlines Corp,845,845,0,0.0
Airline,Alaska Airlines Inc.,2147,2147,0,0.0
Airline,Allegiant Air,814,814,0,0.0
Airline,American Airlines Inc.,3282,3282,0,0.0
Airline,Cape Air,15,15,0,0.0
Airline,Capital Cargo International,455,455,0,0.0
Airline,Comair Inc.,942,942,0,0.0
Airline,"Commutair Aka Champlain Enterprises, Inc.",386,386,0,0.0
Airline,Compass Airlines,353,353,0,0.0
Airline,Delta Air Lines Inc.,3413,3413,0,0.0
Airline,Empire Airlines Inc.,60,60,0,0.0
Airline,Endeavor Air Inc.,816,816,0,0.0
Airline,Envoy Air,1120,1120,0,0.0
Airline,ExpressJet Airlines Inc.,976,976,0,0.0
Airline,Frontier Airlines Inc.,1035,1035,0,0.0
Airline,"GoJet Airlines, LLC d/b/a United Express",494,494,0,0.0
Airline,Hawaiian Airlines Inc.,645,645,0,0.0
Airline,Horizon Air,937,937,0,0.0
Airline,JetBlue Airways,2569,2569,0,0.0
Airline,Mesa Airlines Inc.,1265,1265,0,0.0
Airline,Peninsula Airways Inc.,12,12,0,0.0
Airline,Republic Airlines,1625,1625,0,0.0
Airline,SkyWest Airlines Inc.,4268,4268,0,0.0
Airline,Southwest Airlines Co.,11350,11350,0,0.0
Airline,Spirit Air Lines,1597,1597,0,0.0
Airline,Trans States Airlines,476,476,0,0.0
Airline,United Air Lines Inc.,5084,5084,0,0.0
carrier_group,previously-absent operator,4484,4484,0,0.0
carrier_group,reporting carrier,48284,48284,0,0.0
route,ABE->ATL,5,5,0,0.0
route,ABE->BNA,3,3,0,0.0
route,ABE->CLT,3,3,0,0.0
route,ABE->DTW,3,3,0,0.0
route,ABE->ORD,5,5,0,0.0
route,ABE->PHL,3,3,0,0.0
route,ABE->PIE,1,1,0,0.0
route,ABE->SFB,2,2,0,0.0
route,ABI->DFW,7,7,0,0.0
route,ABQ->ATL,4,4,0,0.0
route,ABQ->AUS,9,9,0,0.0
route,ABQ->BWI,5,5,0,0.0
route,ABQ->DAL,16,16,0,0.0
route,ABQ->DEN,26,26,0,0.0
route,ABQ->DFW,4,4,0,0.0
route,ABQ->HOU,14,14,0,0.0
route,ABQ->IAH,15,15,0,0.0
route,ABQ->JFK,2,2,0,0.0
route,ABQ->LAS,16,16,0,0.0
route,ABQ->LAX,14,14,0,0.0
route,ABQ->MCI,6,6,0,0.0
route,ABQ->MDW,2,2,0,0.0
route,ABQ->MSP,1,1,0,0.0
route,ABQ->OAK,8,8,0,0.0
route,ABQ->ORD,1,1,0,0.0
route,ABQ->PDX,4,4,0,0.0
route,ABQ->PHX,21,21,0,0.0
route,ABQ->SAN,8,8,0,0.0
route,ABQ->SEA,9,9,0,0.0
route,ABQ->SFO,7,7,0,0.0
route,ABQ->SLC,5,5,0,0.0
route,ABQ->SNA,1,1,0,0.0
route,ABR->MSP,5,5,0,0.0
route,ABY->ATL,6,6,0,0.0
route,ACK->BOS,1,1,0,0.0
route,ACK->DCA,1,1,0,0.0
route,ACK->JFK,5,5,0,0.0
route,ACT->DFW,14,14,0,0.0
route,ACV->LAX,3,3,0,0.0
route,ACV->SFO,8,8,0,0.0
route,ACY->ATL,3,3,0,0.0
route,ACY->FLL,6,6,0,0.0
route,ACY->MCO,9,9,0,0.0
route,ACY->MSY,1,1,0,0.0
route,ACY->MYR,3,3,0,0.0
route,ACY->RSW,3,3,0,0.0
route,ADQ->ANC,4,4,0,0.0
route,AEX->ATL,6,6,0,0.0
route,AEX->DFW,4,4,0,0.0
route,AEX->IAH,5,5,0,0.0
route,AGS->ATL,12,12,0,0.0
route,AGS->CLT,4,4,0,0.0
route,AGS->DFW,3,3,0,0.0
route,ALB->ATL,4,4,0,0.0
route,ALB->BWI,13,13,0,0.0
route,ALB->CLT,3,3,0,0.0
route,ALB->DCA,9,9,0,0.0
route,ALB->DEN,5,5,0,0.0
route,ALB->DTW,2,2,0,0.0
route,ALB->EWR,18,18,0,0.0
route,ALB->FLL,12,12,0,0.0
route,ALB->IAD,12,12,0,0.0
route,ALB->MCO,8,8,0,0.0
route,ALB->MDW,9,9,0,0.0
route,ALB->MSP,1,1,0,0.0
route,ALB->ORD,15,15,0,0.0
route,ALB->PHL,7,7,0,0.0
route,ALB->PIE,1,1,0,0.0
route,ALB->TPA,1,1,0,0.0
route,ALO->ORD,1,1,0,0.0
route,ALW->SEA,4,4,0,0.0
route,AMA->DAL,11,11,0,0.0
route,AMA->DEN,8,8,0,0.0
route,AMA->DFW,11,11,0,0.0
route,AMA->IAH,3,3,0,0.0
route,AMA->LAS,3,3,0,0.0
route,ANC->ADK,1,1,0,0.0
route,ANC->ADQ,8,8,0,0.0
route,ANC->ATL,3,3,0,0.0
route,ANC->BET,9,9,0,0.0
route,ANC->CDV,7,7,0,0.0
route,ANC->DEN,5,5,0,0.0
route,ANC->DFW,1,1,0,0.0
route,ANC->DUT,5,5,0,0.0
route,ANC->FAI,22,22,0,0.0
route,ANC->HNL,2,2,0,0.0
route,ANC->JNU,14,14,0,0.0
route,ANC->LAX,2,2,0,0.0
route,ANC->MSP,3,3,0,0.0
route,ANC->OME,4,4,0,0.0
route,ANC->ORD,2,2,0,0.0
route,ANC->OTZ,8,8,0,0.0
route,ANC->PDX,14,14,0,0.0
route,ANC->SCC,5,5,0,0.0
route,ANC->SEA,57,57,0,0.0
route,ART->PHL,3,3,0,0.0
route,ASE->DEN,19,19,0,0.0
route,ASE->DFW,1,1,0,0.0
route,ASE->SLC,4,4,0,0.0
route,ATL->ABE,2,2,0,0.0
route,ATL->ABQ,4,4,0,0.0
route,ATL->ABY,4,4,0,0.0
route,ATL->ACY,2,2,0,0.0
route,ATL->AEX,3,3,0,0.0
route,ATL->AGS,11,11,0,0.0
route,ATL->ALB,5,5,0,0.0
route,ATL->ATW,2,2,0,0.0
route,ATL->AUS,20,20,0,0.0
route,ATL->AVL,12,12,0,0.0
route,ATL->AVP,1,1,0,0.0
route,ATL->BDL,12,12,0,0.0
route,ATL->BHM,10,10,0,0.0
route,ATL->BMI,4,4,0,0.0
route,ATL->BNA,21,21,0,0.0
route,ATL->BOS,55,55,0,0.0
route,ATL->BQK,4,4,0,0.0
route,ATL->BTR,10,10,0,0.0
route,ATL->BTV,2,2,0,0.0
route,ATL->BUF,8,8,0,0.0
route,ATL->BWI,45,45,0,0.0
route,ATL->CAE,10,10,0,0.0
route,ATL->CAK,7,7,0,0.0
route,ATL->CHA,13,13,0,0.0
route,ATL->CHO,7,7,0,0.0
route,ATL->CHS,13,13,0,0.0
route,ATL->CID,2,2,0,0.0
route,ATL->CLE,23,23,0,0.0
route,ATL->CLT,24,24,0,0.0
route,ATL->CMH,19,19,0,0.0
route,ATL->COS,3,3,0,0.0
route,ATL->CRW,4,4,0,0.0
route,ATL->CSG,10,10,0,0.0
route,ATL->CVG,10,10,0,0.0
route,ATL->DAB,4,4,0,0.0
route,ATL->DAL,22,22,0,0.0
route,ATL->DAY,3,3,0,0.0
route,ATL->DCA,32,32,0,0.0
route,ATL->DEN,37,37,0,0.0
route,ATL->DFW,23,23,0,0.0
route,ATL->DHN,4,4,0,0.0
route,ATL->DSM,6,6,0,0.0
route,ATL->DTW,29,29,0,0.0
route,ATL->ECP,10,10,0,0.0
route,ATL->ELP,3,3,0,0.0
route,ATL->EVV,6,6,0,0.0
route,ATL->EWN,6,6,0,0.0
route,ATL->EWR,42,42,0,0.0
route,ATL->EYW,8,8,0,0.0
route,ATL->FAY,12,12,0,0.0
route,ATL->FLL,64,64,0,0.0
route,ATL->FNT,2,2,0,0.0
route,ATL->FSD,2,2,0,0.0
route,ATL->FSM,2,2,0,0.0
route,ATL->FWA,4,4,0,0.0
route,ATL->GNV,9,9,0,0.0
route,ATL->GPT,6,6,0,0.0
route,ATL->GRB,4,4,0,0.0
route,ATL->GRR,8,8,0,0.0
route,ATL->GSO,14,14,0,0.0
route,ATL->GSP,25,25,0,0.0
route,ATL->GTR,4,4,0,0.0
route,ATL->HOU,25,25,0,0.0
route,ATL->HPN,10,10,0,0.0
route,ATL->HSV,10,10,0,0.0
route,ATL->IAD,32,32,0,0.0
route,ATL->IAH,39,39,0,0.0
route,ATL->ICT,3,3,0,0.0
route,ATL->ILM,5,5,0,0.0
route,ATL->IND,24,24,0,0.0
route,ATL->ISP,1,1,0,0.0
route,ATL->JAN,4,4,0,0.0
route,ATL->JAX,21,21,0,0.0
route,ATL->JFK,18,18,0,0.0
route,ATL->LAS,42,42,0,0.0
route,ATL->LAX,26,26,0,0.0
route,ATL->LEX,3,3,0,0.0
route,ATL->LFT,10,10,0,0.0
route,ATL->LGA,58,58,0,0.0
route,ATL->LIT,6,6,0,0.0
route,ATL->LNK,1,1,0,0.0
route,ATL->MCI,27,27,0,0.0
route,ATL->MCO,42,42,0,0.0
route,ATL->MDT,3,3,0,0.0
route,ATL->MDW,30,30,0,0.0
route,ATL->MEM,24,24,0,0.0
route,ATL->MGM,12,12,0,0.0
route,ATL->MHT,4,4,0,0.0
route,ATL->MIA,24,24,0,0.0
route,ATL->MKE,20,20,0,0.0
route,ATL->MLB,5,5,0,0.0
route,ATL->MLU,6,6,0,0.0
route,ATL->MOB,7,7,0,0.0
route,ATL->MSN,3,3,0,0.0
route,ATL->MSP,21,21,0,0.0
route,ATL->MSY,29,29,0,0.0
route,ATL->MYR,8,8,0,0.0
route,ATL->OAJ,6,6,0,0.0
route,ATL->OAK,2,2,0,0.0
route,ATL->OKC,7,7,0,0.0
route,ATL->OMA,10,10,0,0.0
route,ATL->ONT,1,1,0,0.0
route,ATL->ORD,58,58,0,0.0
route,ATL->ORF,10,10,0,0.0
route,ATL->PBI,18,18,0,0.0
route,ATL->PDX,4,4,0,0.0
route,ATL->PHF,4,4,0,0.0
route,ATL->PHL,36,36,0,0.0
route,ATL->PHX,19,19,0,0.0
route,ATL->PIA,3,3,0,0.0
route,ATL->PIT,17,17,0,0.0
route,ATL->PNS,7,7,0,0.0
route,ATL->PVD,5,5,0,0.0
route,ATL->PWM,3,3,0,0.0
route,ATL->RDU,29,29,0,0.0
route,ATL->RIC,24,24,0,0.0
route,ATL->ROA,7,7,0,0.0
route,ATL->ROC,6,6,0,0.0
route,ATL->RST,2,2,0,0.0
route,ATL->RSW,19,19,0,0.0
route,ATL->SAN,9,9,0,0.0
route,ATL->SAT,15,15,0,0.0
route,ATL->SAV,20,20,0,0.0
route,ATL->SBN,3,3,0,0.0
route,ATL->SDF,15,15,0,0.0
route,ATL->SEA,12,12,0,0.0
route,ATL->SFO,17,17,0,0.0
route,ATL->SGF,6,6,0,0.0
route,ATL->SHV,12,12,0,0.0
route,ATL->SJC,5,5,0,0.0
route,ATL->SJU,8,8,0,0.0
route,ATL->SLC,13,13,0,0.0
route,ATL->SMF,6,6,0,0.0
route,ATL->SNA,8,8,0,0.0
route,ATL->SRQ,10,10,0,0.0
route,ATL->STL,24,24,0,0.0
route,ATL->STT,1,1,0,0.0
route,ATL->SYR,3,3,0,0.0
route,ATL->TLH,15,15,0,0.0
route,ATL->TPA,46,46,0,0.0
route,ATL->TRI,7,7,0,0.0
route,ATL->TTN,2,2,0,0.0
route,ATL->TUL,7,7,0,0.0
route,ATL->TUS,3,3,0,0.0
route,ATL->TYS,9,9,0,0.0
route,ATL->VLD,5,5,0,0.0
route,ATL->VPS,9,9,0,0.0
route,ATL->XNA,14,14,0,0.0
route,ATW->ATL,2,2,0,0.0
route,ATW->DEN,4,4,0,0.0
route,ATW->DTW,3,3,0,0.0
route,ATW->LAS,1,1,0,0.0
route,ATW->MSP,4,4,0,0.0
route,ATW->ORD,17,17,0,0.0
route,AUS->ABQ,5,5,0,0.0
route,AUS->ATL,25,25,0,0.0
route,AUS->BNA,16,16,0,0.0
route,AUS->BOS,8,8,0,0.0
route,AUS->BWI,3,3,0,0.0
route,AUS->CLE,2,2,0,0.0
route,AUS->CLT,8,8,0,0.0
route,AUS->CMH,2,2,0,0.0
route,AUS->CVG,4,4,0,0.0
route,AUS->DAL,26,26,0,0.0
route,AUS->DCA,3,3,0,0.0
route,AUS->DEN,38,38,0,0.0
route,AUS->DFW,8,8,0,0.0
route,AUS->DTW,8,8,0,0.0
route,AUS->ELP,5,5,0,0.0
route,AUS->EWR,20,20,0,0.0
route,AUS->FLL,15,15,0,0.0
route,AUS->HOU,14,14,0,0.0
route,AUS->HRL,2,2,0,0.0
route,AUS->IAD,14,14,0,0.0
route,AUS->IAH,33,33,0,0.0
route,AUS->IND,3,3,0,0.0
route,AUS->JAX,2,2,0,0.0
route,AUS->JFK,14,14,0,0.0
route,AUS->LAS,15,15,0,0.0
route,AUS->LAX,22,22,0,0.0
route,AUS->LBB,1,1,0,0.0
route,AUS->LGB,4,4,0,0.0
route,AUS->MCI,4,4,0,0.0
route,AUS->MCO,13,13,0,0.0
route,AUS->MDW,3,3,0,0.0
route,AUS->MEM,1,1,0,0.0
route,AUS->MIA,5,5,0,0.0
route,AUS->MKE,3,3,0,0.0
route,AUS->MSP,2,2,0,0.0
route,AUS->MSY,16,16,0,0.0
route,AUS->OAK,3,3,0,0.0
route,AUS->OMA,2,2,0,0.0
route,AUS->ONT,1,1,0,0.0
route,AUS->ORD,19,19,0,0.0
route,AUS->PDX,6,6,0,0.0
route,AUS->PHL,4,4,0,0.0
route,AUS->PHX,24,24,0,0.0
route,AUS->RDU,3,3,0,0.0
route,AUS->RNO,1,1,0,0.0
route,AUS->SAN,17,17,0,0.0
route,AUS->SEA,6,6,0,0.0
route,AUS->SFB,1,1,0,0.0
route,AUS->SFO,28,28,0,0.0
route,AUS->SJC,8,8,0,0.0
route,AUS->SLC,7,7,0,0.0
route,AUS->SMF,5,5,0,0.0
route,AUS->SNA,1,1,0,0.0
route,AUS->STL,3,3,0,0.0
route,AUS->TPA,7,7,0,0.0
route,AVL->ATL,7,7,0,0.0
route,AVL->BWI,2,2,0,0.0
route,AVL->CLT,10,10,0,0.0
route,AVL->DFW,1,1,0,0.0
route,AVL->EWR,6,6,0,0.0
route,AVL->FLL,7,7,0,0.0
route,AVL->IAD,2,2,0,0.0
route,AVL->LGA,1,1,0,0.0
route,AVL->ORD,12,12,0,0.0
route,AVL->PGD,1,1,0,0.0
route,AVL->PHL,3,3,0,0.0
route,AVL->PIE,4,4,0,0.0
route,AVL->SFB,2,2,0,0.0
route,AVP->ATL,2,2,0,0.0
route,AVP->CLT,7,7,0,0.0
route,AVP->DTW,6,6,0,0.0
route,AVP->EWR,1,1,0,0.0
route,AVP->IAD,4,4,0,0.0
route,AVP->ORD,10,10,0,0.0
route,AVP->PHL,3,3,0,0.0
route,AZA->ATW,1,1,0,0.0
route,AZA->BIS,2,2,0,0.0
route,AZA->BLI,1,1,0,0.0
route,AZA->BOI,1,1,0,0.0
route,AZA->CID,1,1,0,0.0
route,AZA->DSM,3,3,0,0.0
route,AZA->FAR,1,1,0,0.0
route,AZA->FSD,1,1,0,0.0
route,AZA->FWA,2,2,0,0.0
route,AZA->GFK,1,1,0,0.0
route,AZA->GJT,1,1,0,0.0
route,AZA->GRR,3,3,0,0.0
route,AZA->ICT,1,1,0,0.0
route,AZA->IDA,2,2,0,0.0
route,AZA->LAS,1,1,0,0.0
route,AZA->MFR,2,2,0,0.0
route,AZA->MLI,1,1,0,0.0
route,AZA->OAK,1,1,0,0.0
route,AZA->OGD,1,1,0,0.0
route,AZA->PIA,2,2,0,0.0
route,AZA->PSC,1,1,0,0.0
route,AZA->PVU,3,3,0,0.0
route,AZA->RAP,2,2,0,0.0
route,AZA->RFD,1,1,0,0.0
route,AZO->DTW,6,6,0,0.0
route,AZO->MSP,3,3,0,0.0
route,AZO->ORD,16,16,0,0.0
route,BDL->ATL,5,5,0,0.0
route,BDL->BWI,30,30,0,0.0
route,BDL->CLE,3,3,0,0.0
route,BDL->CLT,7,7,0,0.0
route,BDL->CVG,1,1,0,0.0
route,BDL->DCA,9,9,0,0.0
route,BDL->DEN,8,8,0,0.0
route,BDL->DFW,2,2,0,0.0
route,BDL->DTW,5,5,0,0.0
route,BDL->EWR,4,4,0,0.0
route,BDL->FLL,20,20,0,0.0
route,BDL->IAD,16,16,0,0.0
route,BDL->LAS,1,1,0,0.0
route,BDL->MCO,17,17,0,0.0
route,BDL->MDW,7,7,0,0.0
route,BDL->MIA,1,1,0,0.0
route,BDL->MSP,5,5,0,0.0
route,BDL->MYR,3,3,0,0.0
route,BDL->ORD,19,19,0,0.0
route,BDL->PBI,2,2,0,0.0
route,BDL->PHL,2,2,0,0.0
route,BDL->RDU,4,4,0,0.0
route,BDL->RSW,6,6,0,0.0
route,BDL->SJU,6,6,0,0.0
route,BDL->STL,1,1,0,0.0
route,BDL->TPA,11,11,0,0.0
route,BET->ANC,7,7,0,0.0
route,BFF->DEN,4,4,0,0.0
route,BFL->DEN,9,9,0,0.0
route,BFL->PHX,4,4,0,0.0
route,BFL->SFO,9,9,0,0.0
route,BGM->DTW,4,4,0,0.0
route,BGR->CLT,2,2,0,0.0
route,BGR->DCA,3,3,0,0.0
route,BGR->EWR,7,7,0,0.0
route,BGR->LGA,5,5,0,0.0
route,BGR->PHL,12,12,0,0.0
route,BGR->SFB,4,4,0,0.0
route,BHM->ATL,11,11,0,0.0
route,BHM->BWI,3,3,0,0.0
route,BHM->CLT,8,8,0,0.0
route,BHM->DAL,10,10,0,0.0
route,BHM->DCA,3,3,0,0.0
route,BHM->DEN,7,7,0,0.0
route,BHM->DFW,7,7,0,0.0
route,BHM->DTW,2,2,0,0.0
route,BHM->HOU,3,3,0,0.0
route,BHM->IAH,10,10,0,0.0
route,BHM->LAS,1,1,0,0.0
route,BHM->LGA,2,2,0,0.0
route,BHM->MCO,6,6,0,0.0
route,BHM->MDW,10,10,0,0.0
route,BHM->MIA,6,6,0,0.0
route,BHM->ORD,22,22,0,0.0
route,BHM->PHL,2,2,0,0.0
route,BHM->TPA,7,7,0,0.0
route,BIL->AZA,1,1,0,0.0
route,BIL->DEN,14,14,0,0.0
route,BIL->LAS,1,1,0,0.0
route,BIL->MSP,1,1,0,0.0
route,BIL->PDX,2,2,0,0.0
route,BIL->SEA,3,3,0,0.0
route,BIL->SLC,5,5,0,0.0
route,BIS->DEN,18,18,0,0.0
route,BIS->DFW,2,2,0,0.0
route,BIS->LAS,1,1,0,0.0
route,BIS->MSP,11,11,0,0.0
route,BIS->ORD,4,4,0,0.0
route,BIS->SFB,1,1,0,0.0
route,BJI->MSP,8,8,0,0.0
route,BKG->DEN,1,1,0,0.0
route,BLI->AZA,1,1,0,0.0
route,BLI->DEN,1,1,0,0.0
route,BLI->LAS,8,8,0,0.0
route,BLI->LAX,2,2,0,0.0
route,BLI->OAK,2,2,0,0.0
route,BLI->PDX,4,4,0,0.0
route,BLI->PSP,1,1,0,0.0
route,BLI->SEA,13,13,0,0.0
route,BLV->AZA,1,1,0,0.0
route,BLV->FLL,1,1,0,0.0
route,BLV->JAX,1,1,0,0.0
route,BLV->LAS,2,2,0,0.0
route,BLV->PGD,1,1,0,0.0
route,BLV->PIE,2,2,0,0.0
route,BLV->SFB,1,1,0,0.0
route,BMI->ATL,6,6,0,0.0
route,BMI->DFW,1,1,0,0.0
route,BMI->MCO,1,1,0,0.0
route,BMI->ORD,3,3,0,0.0
route,BMI->SFB,3,3,0,0.0
route,BNA->ABE,1,1,0,0.0
route,BNA->ATL,22,22,0,0.0
route,BNA->AUS,12,12,0,0.0
route,BNA->BOS,27,27,0,0.0
route,BNA->BWI,18,18,0,0.0
route,BNA->CHS,5,5,0,0.0
route,BNA->CLE,8,8,0,0.0
route,BNA->CLT,13,13,0,0.0
route,BNA->CMH,5,5,0,0.0
route,BNA->DAL,10,10,0,0.0
route,BNA->DCA,16,16,0,0.0
route,BNA->DEN,24,24,0,0.0
route,BNA->DFW,7,7,0,0.0
route,BNA->DTW,10,10,0,0.0
route,BNA->ECP,6,6,0,0.0
route,BNA->EWR,19,19,0,0.0
route,BNA->FLL,13,13,0,0.0
route,BNA->HOU,15,15,0,0.0
route,BNA->IAD,7,7,0,0.0
route,BNA->IAH,16,16,0,0.0
route,BNA->JAX,10,10,0,0.0
route,BNA->JFK,8,8,0,0.0
route,BNA->LAS,16,16,0,0.0
route,BNA->LAX,19,19,0,0.0
route,BNA->LGA,28,28,0,0.0
route,BNA->MCI,16,16,0,0.0
route,BNA->MCO,21,21,0,0.0
route,BNA->MDW,32,32,0,0.0
route,BNA->MIA,5,5,0,0.0
route,BNA->MKE,5,5,0,0.0
route,BNA->MSP,10,10,0,0.0
route,BNA->MSY,9,9,0,0.0
route,BNA->OAK,5,5,0,0.0
route,BNA->ORD,39,39,0,0.0
route,BNA->PGD,2,2,0,0.0
route,BNA->PHL,19,19,0,0.0
route,BNA->PHX,8,8,0,0.0
route,BNA->PIT,6,6,0,0.0
route,BNA->PNS,9,9,0,0.0
route,BNA->RDU,21,21,0,0.0
route,BNA->RIC,1,1,0,0.0
route,BNA->SAN,3,3,0,0.0
route,BNA->SAT,10,10,0,0.0
route,BNA->SEA,5,5,0,0.0
route,BNA->SFO,13,13,0,0.0
route,BNA->SMF,2,2,0,0.0
route,BNA->SRQ,1,1,0,0.0
route,BNA->STL,6,6,0,0.0
route,BNA->TPA,16,16,0,0.0
route,BOI->AZA,1,1,0,0.0
route,BOI->DEN,20,20,0,0.0
route,BOI->DFW,3,3,0,0.0
route,BOI->GEG,19,19,0,0.0
route,BOI->IAH,4,4,0,0.0
route,BOI->LAS,15,15,0,0.0
route,BOI->LAX,6,6,0,0.0
route,BOI->LWS,3,3,0,0.0
route,BOI->MSP,5,5,0,0.0
route,BOI->OAK,12,12,0,0.0
route,BOI->ORD,6,6,0,0.0
route,BOI->PDX,22,22,0,0.0
route,BOI->PHX,9,9,0,0.0
route,BOI->RNO,3,3,0,0.0
route,BOI->SAN,7,7,0,0.0
route,BOI->SEA,27,27,0,0.0
route,BOI->SFO,24,24,0,0.0
route,BOI->SJC,6,6,0,0.0
route,BOI->SLC,8,8,0,0.0
route,BOI->SMF,9,9,0,0.0
route,BOS->ATL,42,42,0,0.0
route,BOS->AUS,11,11,0,0.0
route,BOS->BNA,29,29,0,0.0
route,BOS->BUF,15,15,0,0.0
route,BOS->BWI,63,63,0,0.0
route,BOS->CHS,13,13,0,0.0
route,BOS->CLE,24,24,0,0.0
route,BOS->CLT,21,21,0,0.0
route,BOS->CMH,10,10,0,0.0
route,BOS->CVG,3,3,0,0.0
route,BOS->DAL,4,4,0,0.0
route,BOS->DCA,55,55,0,0.0
route,BOS->DEN,26,26,0,0.0
route,BOS->DFW,25,25,0,0.0
route,BOS->DTW,21,21,0,0.0
route,BOS->EWR,44,44,0,0.0
route,BOS->FLL,34,34,0,0.0
route,BOS->HNL,1,1,0,0.0
route,BOS->HOU,3,3,0,0.0
route,BOS->IAD,21,21,0,0.0
route,BOS->IAH,16,16,0,0.0
route,BOS->IND,9,9,0,0.0
route,BOS->JAX,20,20,0,0.0
route,BOS->JFK,29,29,0,0.0
route,BOS->LAS,18,18,0,0.0
route,BOS->LAX,49,49,0,0.0
route,BOS->LGA,48,48,0,0.0
route,BOS->LGB,3,3,0,0.0
route,BOS->MCI,3,3,0,0.0
route,BOS->MCO,32,32,0,0.0
route,BOS->MDT,2,2,0,0.0
route,BOS->MDW,12,12,0,0.0
route,BOS->MIA,6,6,0,0.0
route,BOS->MKE,8,8,0,0.0
route,BOS->MSP,20,20,0,0.0
route,BOS->MSY,14,14,0,0.0
route,BOS->MYR,1,1,0,0.0
route,BOS->ORD,54,54,0,0.0
route,BOS->ORF,5,5,0,0.0
route,BOS->PBI,19,19,0,0.0
route,BOS->PDX,3,3,0,0.0
route,BOS->PHL,34,34,0,0.0
route,BOS->PHX,7,7,0,0.0
route,BOS->PIT,30,30,0,0.0
route,BOS->RDU,29,29,0,0.0
route,BOS->RIC,18,18,0,0.0
route,BOS->ROC,4,4,0,0.0
route,BOS->RSW,17,17,0,0.0
route,BOS->SAN,16,16,0,0.0
route,BOS->SAV,9,9,0,0.0
route,BOS->SEA,19,19,0,0.0
route,BOS->SFO,42,42,0,0.0
route,BOS->SJC,1,1,0,0.0
route,BOS->SJU,7,7,0,0.0
route,BOS->SLC,9,9,0,0.0
route,BOS->SMF,2,2,0,0.0
route,BOS->SRQ,2,2,0,0.0
route,BOS->STL,8,8,0,0.0
route,BOS->SYR,6,6,0,0.0
route,BOS->TPA,17,17,0,0.0
route,BPT->DFW,5,5,0,0.0
route,BQK->ATL,3,3,0,0.0
route,BQN->EWR,4,4,0,0.0
route,BQN->FLL,2,2,0,0.0
route,BQN->JFK,3,3,0,0.0
route,BQN->MCO,4,4,0,0.0
route,BRD->MSP,1,1,0,0.0
route,BRO->DFW,3,3,0,0.0
route,BRO->IAH,14,14,0,0.0
route,BRW->ANC,8,8,0,0.0
route,BRW->FAI,2,2,0,0.0
route,BTM->SLC,4,4,0,0.0
route,BTR->ATL,10,10,0,0.0
route,BTR->CLT,4,4,0,0.0
route,BTR->DFW,7,7,0,0.0
route,BTR->IAH,14,14,0,0.0
route,BTV->ATL,5,5,0,0.0
route,BTV->CLT,3,3,0,0.0
route,BTV->DCA,2,2,0,0.0
route,BTV->DEN,1,1,0,0.0
route,BTV->DTW,5,5,0,0.0
route,BTV->EWR,17,17,0,0.0
route,BTV->IAD,7,7,0,0.0
route,BTV->JFK,12,12,0,0.0
route,BTV->LGA,5,5,0,0.0
route,BTV->ORD,10,10,0,0.0
route,BTV->PHL,2,2,0,0.0
route,BUF->ATL,2,2,0,0.0
route,BUF->BOS,14,14,0,0.0
route,BUF->BWI,16,16,0,0.0
route,BUF->CLT,2,2,0,0.0
route,BUF->DCA,4,4,0,0.0
route,BUF->DEN,3,3,0,0.0
route,BUF->DTW,4,4,0,0.0
route,BUF->EWR,10,10,0,0.0
route,BUF->FLL,5,5,0,0.0
route,BUF->IAD,12,12,0,0.0
route,BUF->JFK,25,25,0,0.0
route,BUF->LAS,6,6,0,0.0
route,BUF->LAX,1,1,0,0.0
route,BUF->LGA,4,4,0,0.0
route,BUF->MCO,12,12,0,0.0
route,BUF->MDW,8,8,0,0.0
route,BUF->MSP,1,1,0,0.0
route,BUF->ORD,12,12,0,0.0
route,BUF->PHL,8,8,0,0.0
route,BUF->PHX,2,2,0,0.0
route,BUF->RDU,2,2,0,0.0
route,BUF->TPA,7,7,0,0.0
route,BUR->BOS,1,1,0,0.0
route,BUR->DAL,2,2,0,0.0
route,BUR->DEN,15,15,0,0.0
route,BUR->DFW,1,1,0,0.0
route,BUR->HOU,3,3,0,0.0
route,BUR->JFK,8,8,0,0.0
route,BUR->LAS,34,34,0,0.0
route,BUR->MDW,1,1,0,0.0
route,BUR->OAK,29,29,0,0.0
route,BUR->PDX,9,9,0,0.0
route,BUR->PHX,21,21,0,0.0
route,BUR->SEA,8,8,0,0.0
route,BUR->SFO,34,34,0,0.0
route,BUR->SJC,38,38,0,0.0
route,BUR->SLC,6,6,0,0.0
route,BUR->SMF,30,30,0,0.0
route,BWI->ABQ,2,2,0,0.0
route,BWI->ALB,19,19,0,0.0
route,BWI->ATL,43,43,0,0.0
route,BWI->AUS,12,12,0,0.0
route,BWI->AVL,1,1,0,0.0
route,BWI->BDL,23,23,0,0.0
route,BWI->BHM,5,5,0,0.0
route,BWI->BNA,20,20,0,0.0
route,BWI->BOS,46,46,0,0.0
route,BWI->BUF,18,18,0,0.0
route,BWI->CHS,13,13,0,0.0
route,BWI->CLE,6,6,0,0.0
route,BWI->CLT,22,22,0,0.0
route,BWI->CMH,13,13,0,0.0
route,BWI->CVG,13,13,0,0.0
route,BWI->DAL,8,8,0,0.0
route,BWI->DEN,15,15,0,0.0
route,BWI->DFW,6,6,0,0.0
route,BWI->DTW,17,17,0,0.0
route,BWI->ECP,3,3,0,0.0
route,BWI->EWR,6,6,0,0.0
route,BWI->FLL,40,40,0,0.0
route,BWI->GRR,3,3,0,0.0
route,BWI->HOU,11,11,0,0.0
route,BWI->IAH,8,8,0,0.0
route,BWI->IND,14,14,0,0.0
route,BWI->ISP,18,18,0,0.0
route,BWI->JAX,10,10,0,0.0
route,BWI->JFK,9,9,0,0.0
route,BWI->LAS,29,29,0,0.0
route,BWI->LAX,22,22,0,0.0
route,BWI->MCI,9,9,0,0.0
route,BWI->MCO,37,37,0,0.0
route,BWI->MDW,25,25,0,0.0
route,BWI->MEM,3,3,0,0.0
route,BWI->MHT,21,21,0,0.0
route,BWI->MIA,2,2,0,0.0
route,BWI->MKE,15,15,0,0.0
route,BWI->MSP,6,6,0,0.0
route,BWI->MSY,16,16,0,0.0
route,BWI->MYR,3,3,0,0.0
route,BWI->OAK,5,5,0,0.0
route,BWI->OKC,8,8,0,0.0
route,BWI->ORD,17,17,0,0.0
route,BWI->ORF,11,11,0,0.0
route,BWI->PBI,7,7,0,0.0
route,BWI->PHL,3,3,0,0.0
route,BWI->PHX,9,9,0,0.0
route,BWI->PIT,6,6,0,0.0
route,BWI->PVD,15,15,0,0.0
route,BWI->PWM,11,11,0,0.0
route,BWI->RDU,20,20,0,0.0
route,BWI->ROC,7,7,0,0.0
route,BWI->RSW,11,11,0,0.0
route,BWI->SAN,18,18,0,0.0
route,BWI->SAT,6,6,0,0.0
route,BWI->SDF,17,17,0,0.0
route,BWI->SEA,7,7,0,0.0
route,BWI->SFO,14,14,0,0.0
route,BWI->SJC,3,3,0,0.0
route,BWI->SJU,5,5,0,0.0
route,BWI->SLC,9,9,0,0.0
route,BWI->SMF,4,4,0,0.0
route,BWI->SRQ,1,1,0,0.0
route,BWI->STL,12,12,0,0.0
route,BWI->TPA,33,33,0,0.0
route,BZN->AZA,1,1,0,0.0
route,BZN->DEN,13,13,0,0.0
route,BZN->DFW,2,2,0,0.0
route,BZN->LAS,2,2,0,0.0
route,BZN->MSP,1,1,0,0.0
route,BZN->ORD,5,5,0,0.0
route,BZN->PDX,5,5,0,0.0
route,BZN->SEA,8,8,0,0.0
route,BZN->SFO,4,4,0,0.0
route,BZN->SLC,5,5,0,0.0
route,CAE->ATL,16,16,0,0.0
route,CAE->CLT,15,15,0,0.0
route,CAE->DCA,1,1,0,0.0
route,CAE->DFW,3,3,0,0.0
route,CAE->IAD,12,12,0,0.0
route,CAE->IAH,2,2,0,0.0
route,CAE->LGA,2,2,0,0.0
route,CAE->ORD,6,6,0,0.0
route,CAE->PHL,3,3,0,0.0
route,CAK->ATL,5,5,0,0.0
route,CAK->CLT,8,8,0,0.0
route,CAK->DCA,1,1,0,0.0
route,CAK->EWR,5,5,0,0.0
route,CAK->IAH,1,1,0,0.0
route,CAK->LGA,1,1,0,0.0
route,CAK->MCO,1,1,0,0.0
route,CAK->ORD,17,17,0,0.0
route,CAK->PHL,4,4,0,0.0
route,CDC->SLC,5,5,0,0.0
route,CDV->ANC,1,1,0,0.0
route,CDV->YAK,4,4,0,0.0
route,CGI->ORD,3,3,0,0.0
route,CGI->PAH,3,3,0,0.0
route,CGI->UIN,2,2,0,0.0
route,CHA->ATL,11,11,0,0.0
route,CHA->CLT,10,10,0,0.0
route,CHA->DCA,1,1,0,0.0
route,CHA->DFW,5,5,0,0.0
route,CHA->DTW,1,1,0,0.0
route,CHA->EWR,6,6,0,0.0
route,CHA->IAD,1,1,0,0.0
route,CHA->LGA,3,3,0,0.0
route,CHA->ORD,5,5,0,0.0
route,CHA->PIE,2,2,0,0.0
route,CHO->ATL,5,5,0,0.0
route,CHO->CLT,7,7,0,0.0
route,CHO->IAD,12,12,0,0.0
route,CHO->LGA,6,6,0,0.0
route,CHO->ORD,8,8,0,0.0
route,CHO->PHL,5,5,0,0.0
route,CHS->ATL,10,10,0,0.0
route,CHS->BNA,7,7,0,0.0
route,CHS->BOS,9,9,0,0.0
route,CHS->BWI,15,15,0,0.0
route,CHS->CLT,13,13,0,0.0
route,CHS->DAL,1,1,0,0.0
route,CHS->DCA,12,12,0,0.0
route,CHS->DEN,3,3,0,0.0
route,CHS->DFW,7,7,0,0.0
route,CHS->DTW,2,2,0,0.0
route,CHS->EWR,18,18,0,0.0
route,CHS->FLL,1,1,0,0.0
route,CHS->HOU,5,5,0,0.0
route,CHS->IAD,12,12,0,0.0
route,CHS->IAH,6,6,0,0.0
route,CHS->IND,2,2,0,0.0
route,CHS->JFK,17,17,0,0.0
route,CHS->LGA,5,5,0,0.0
route,CHS->MDW,4,4,0,0.0
route,CHS->MIA,7,7,0,0.0
route,CHS->ORD,12,12,0,0.0
route,CHS->PHL,13,13,0,0.0
route,CHS->SEA,4,4,0,0.0
route,CID->ATL,5,5,0,0.0
route,CID->AZA,3,3,0,0.0
route,CID->CLT,2,2,0,0.0
route,CID->DEN,7,7,0,0.0
route,CID->DFW,6,6,0,0.0
route,CID->DTW,3,3,0,0.0
route,CID->MSP,7,7,0,0.0
route,CID->ORD,13,13,0,0.0
route,CID->PGD,2,2,0,0.0
route,CIU->DTW,3,3,0,0.0
route,CIU->MSP,1,1,0,0.0
route,CKB->IAD,3,3,0,0.0
route,CKB->ORD,3,3,0,0.0
route,CLE->ATL,15,15,0,0.0
route,CLE->AUS,1,1,0,0.0
route,CLE->BDL,1,1,0,0.0
route,CLE->BNA,1,1,0,0.0
route,CLE->BOS,21,21,0,0.0
route,CLE->BWI,13,13,0,0.0
route,CLE->CLT,8,8,0,0.0
route,CLE->DCA,18,18,0,0.0
route,CLE->DEN,12,12,0,0.0
route,CLE->DFW,6,6,0,0.0
route,CLE->DTW,6,6,0,0.0
route,CLE->EWR,21,21,0,0.0
route,CLE->FLL,8,8,0,0.0
route,CLE->IAD,8,8,0,0.0
route,CLE->IAH,18,18,0,0.0
route,CLE->JAX,2,2,0,0.0
route,CLE->JFK,5,5,0,0.0
route,CLE->LAS,13,13,0,0.0
route,CLE->LAX,8,8,0,0.0
route,CLE->LGA,23,23,0,0.0
route,CLE->MCO,9,9,0,0.0
route,CLE->MDW,18,18,0,0.0
route,CLE->MIA,5,5,0,0.0
route,CLE->MKE,16,16,0,0.0
route,CLE->MSP,6,6,0,0.0
route,CLE->MSY,3,3,0,0.0
route,CLE->MYR,3,3,0,0.0
route,CLE->ORD,33,33,0,0.0
route,CLE->PDX,3,3,0,0.0
route,CLE->PHL,6,6,0,0.0
route,CLE->PHX,4,4,0,0.0
route,CLE->PIE,1,1,0,0.0
route,CLE->RDU,4,4,0,0.0
route,CLE->RSW,3,3,0,0.0
route,CLE->SAV,1,1,0,0.0
route,CLE->SFO,5,5,0,0.0
route,CLE->SLC,1,1,0,0.0
route,CLE->STL,4,4,0,0.0
route,CLE->TPA,4,4,0,0.0
route,CLE->VPS,1,1,0,0.0
route,CLL->DFW,1,1,0,0.0
route,CLL->IAH,6,6,0,0.0
route,CLT->ABE,6,6,0,0.0
route,CLT->AGS,14,14,0,0.0
route,CLT->ALB,3,3,0,0.0
route,CLT->ATL,28,28,0,0.0
route,CLT->AUS,8,8,0,0.0
route,CLT->AVL,8,8,0,0.0
route,CLT->AVP,10,10,0,0.0
route,CLT->BDL,10,10,0,0.0
route,CLT->BGR,3,3,0,0.0
route,CLT->BHM,6,6,0,0.0
route,CLT->BNA,17,17,0,0.0
route,CLT->BOS,21,21,0,0.0
route,CLT->BTR,3,3,0,0.0
route,CLT->BTV,3,3,0,0.0
route,CLT->BUF,1,1,0,0.0
route,CLT->BWI,14,14,0,0.0
route,CLT->CAE,6,6,0,0.0
route,CLT->CAK,4,4,0,0.0
route,CLT->CHA,6,6,0,0.0
route,CLT->CHO,5,5,0,0.0
route,CLT->CHS,11,11,0,0.0
route,CLT->CLE,5,5,0,0.0
route,CLT->CMH,7,7,0,0.0
route,CLT->CRW,7,7,0,0.0
route,CLT->CVG,16,16,0,0.0
route,CLT->DAB,11,11,0,0.0
route,CLT->DAL,6,6,0,0.0
route,CLT->DAY,11,11,0,0.0
route,CLT->DCA,18,18,0,0.0
route,CLT->DEN,17,17,0,0.0
route,CLT->DFW,11,11,0,0.0
route,CLT->DSM,2,2,0,0.0
route,CLT->DTW,18,18,0,0.0
route,CLT->ECP,1,1,0,0.0
route,CLT->ERI,3,3,0,0.0
route,CLT->EVV,3,3,0,0.0
route,CLT->EWN,7,7,0,0.0
route,CLT->EWR,26,26,0,0.0
route,CLT->EYW,1,1,0,0.0
route,CLT->FAY,9,9,0,0.0
route,CLT->FLL,10,10,0,0.0
route,CLT->FLO,6,6,0,0.0
route,CLT->FWA,5,5,0,0.0
route,CLT->GNV,2,2,0,0.0
route,CLT->GPT,4,4,0,0.0
route,CLT->GRR,8,8,0,0.0
route,CLT->GSO,10,10,0,0.0
route,CLT->GSP,11,11,0,0.0
route,CLT->HHH,5,5,0,0.0
route,CLT->HOU,6,6,0,0.0
route,CLT->HPN,4,4,0,0.0
route,CLT->HSV,3,3,0,0.0
route,CLT->HTS,5,5,0,0.0
route,CLT->HVN,1,1,0,0.0
route,CLT->IAD,25,25,0,0.0
route,CLT->IAH,21,21,0,0.0
route,CLT->ILM,15,15,0,0.0
route,CLT->IND,13,13,0,0.0
route,CLT->JAN,1,1,0,0.0
route,CLT->JAX,13,13,0,0.0
route,CLT->JFK,19,19,0,0.0
route,CLT->LAS,8,8,0,0.0
route,CLT->LAX,16,16,0,0.0
route,CLT->LEX,6,6,0,0.0
route,CLT->LGA,18,18,0,0.0
route,CLT->LIT,6,6,0,0.0
route,CLT->LYH,15,15,0,0.0
route,CLT->MCI,6,6,0,0.0
route,CLT->MCO,21,21,0,0.0
route,CLT->MDT,5,5,0,0.0
route,CLT->MDW,11,11,0,0.0
route,CLT->MEM,12,12,0,0.0
route,CLT->MGM,3,3,0,0.0
route,CLT->MHT,9,9,0,0.0
route,CLT->MIA,13,13,0,0.0
route,CLT->MKE,8,8,0,0.0
route,CLT->MLB,5,5,0,0.0
route,CLT->MOB,5,5,0,0.0
route,CLT->MSN,4,4,0,0.0
route,CLT->MSP,15,15,0,0.0
route,CLT->MSY,7,7,0,0.0
route,CLT->MYR,7,7,0,0.0
route,CLT->OAJ,12,12,0,0.0
route,CLT->OKC,4,4,0,0.0
route,CLT->OMA,5,5,0,0.0
route,CLT->ORD,22,22,0,0.0
route,CLT->ORF,17,17,0,0.0
route,CLT->PBI,9,9,0,0.0
route,CLT->PGV,6,6,0,0.0
route,CLT->PHF,5,5,0,0.0
route,CLT->PHL,13,13,0,0.0
route,CLT->PHX,6,6,0,0.0
route,CLT->PIA,2,2,0,0.0
route,CLT->PIT,13,13,0,0.0
route,CLT->PNS,5,5,0,0.0
route,CLT->PVD,10,10,0,0.0
route,CLT->PWM,1,1,0,0.0
route,CLT->RDU,17,17,0,0.0
route,CLT->RIC,13,13,0,0.0
route,CLT->ROA,15,15,0,0.0
route,CLT->ROC,6,6,0,0.0
route,CLT->RSW,11,11,0,0.0
route,CLT->SAN,4,4,0,0.0
route,CLT->SAT,8,8,0,0.0
route,CLT->SAV,8,8,0,0.0
route,CLT->SBN,4,4,0,0.0
route,CLT->SBY,4,4,0,0.0
route,CLT->SDF,14,14,0,0.0
route,CLT->SEA,7,7,0,0.0
route,CLT->SFO,3,3,0,0.0
route,CLT->SGF,4,4,0,0.0
route,CLT->SHV,1,1,0,0.0
route,CLT->SJU,2,2,0,0.0
route,CLT->SLC,4,4,0,0.0
route,CLT->SMF,2,2,0,0.0
route,CLT->SRQ,4,4,0,0.0
route,CLT->STL,7,7,0,0.0
route,CLT->STT,1,1,0,0.0
route,CLT->SYR,6,6,0,0.0
route,CLT->TLH,4,4,0,0.0
route,CLT->TOL,4,4,0,0.0
route,CLT->TPA,12,12,0,0.0
route,CLT->TRI,4,4,0,0.0
route,CLT->TTN,2,2,0,0.0
route,CLT->TUL,4,4,0,0.0
route,CLT->TYS,4,4,0,0.0
route,CLT->VPS,4,4,0,0.0
route,CLT->XNA,8,8,0,0.0
route,CMH->ATL,17,17,0,0.0
route,CMH->AUS,1,1,0,0.0
route,CMH->BNA,3,3,0,0.0
route,CMH->BOS,12,12,0,0.0
route,CMH->BWI,12,12,0,0.0
route,CMH->CLT,4,4,0,0.0
route,CMH->DAL,4,4,0,0.0
route,CMH->DCA,12,12,0,0.0
route,CMH->DEN,12,12,0,0.0
route,CMH->DFW,6,6,0,0.0
route,CMH->DTW,7,7,0,0.0
route,CMH->EWR,21,21,0,0.0
route,CMH->FLL,2,2,0,0.0
route,CMH->HOU,2,2,0,0.0
route,CMH->IAD,13,13,0,0.0
route,CMH->IAH,4,4,0,0.0
route,CMH->JFK,7,7,0,0.0
route,CMH->LAS,15,15,0,0.0
route,CMH->LAX,6,6,0,0.0
route,CMH->LGA,18,18,0,0.0
route,CMH->MCO,14,14,0,0.0
route,CMH->MDW,16,16,0,0.0
route,CMH->MIA,7,7,0,0.0
route,CMH->MSP,3,3,0,0.0
route,CMH->MSY,4,4,0,0.0
route,CMH->MYR,2,2,0,0.0
route,CMH->OAK,2,2,0,0.0
route,CMH->ORD,43,43,0,0.0
route,CMH->PHL,4,4,0,0.0
route,CMH->PHX,6,6,0,0.0
route,CMH->RSW,1,1,0,0.0
route,CMH->SEA,3,3,0,0.0
route,CMH->STL,8,8,0,0.0
route,CMH->TPA,5,5,0,0.0
route,CMI->CLT,2,2,0,0.0
route,CMI->DFW,3,3,0,0.0
route,CMI->ORD,11,11,0,0.0
route,CMX->ORD,4,4,0,0.0
route,CNY->DEN,5,5,0,0.0
route,COD->DEN,4,4,0,0.0
route,COD->SLC,1,1,0,0.0
route,COS->ATL,1,1,0,0.0
route,COS->DEN,32,32,0,0.0
route,COS->DFW,8,8,0,0.0
route,COS->IAD,5,5,0,0.0
route,COS->IAH,8,8,0,0.0
route,COS->LAS,2,2,0,0.0
route,COS->LAX,9,9,0,0.0
route,COS->MCO,2,2,0,0.0
route,COS->MSP,1,1,0,0.0
route,COS->ORD,10,10,0,0.0
route,COS->PHX,7,7,0,0.0
route,COS->SAT,4,4,0,0.0
route,COS->SEA,1,1,0,0.0
route,COS->SLC,2,2,0,0.0
route,COU->DEN,4,4,0,0.0
route,COU->DFW,5,5,0,0.0
route,COU->ORD,10,10,0,0.0
route,CPR->DEN,9,9,0,0.0
route,CPR->SLC,1,1,0,0.0
route,CRP->DFW,7,7,0,0.0
route,CRP->HOU,18,18,0,0.0
route,CRP->IAH,19,19,0,0.0
route,CRW->ATL,8,8,0,0.0
route,CRW->CLT,7,7,0,0.0
route,CRW->DCA,1,1,0,0.0
route,CRW->IAD,1,1,0,0.0
route,CRW->IAH,5,5,0,0.0
route,CRW->MYR,1,1,0,0.0
route,CRW->ORD,2,2,0,0.0
route,CSG->ATL,6,6,0,0.0
route,CVG->ATL,11,11,0,0.0
route,CVG->AUS,4,4,0,0.0
route,CVG->BDL,1,1,0,0.0
route,CVG->BOS,6,6,0,0.0
route,CVG->BWI,6,6,0,0.0
route,CVG->CHS,1,1,0,0.0
route,CVG->CLT,11,11,0,0.0
route,CVG->DCA,9,9,0,0.0
route,CVG->DEN,16,16,0,0.0
route,CVG->DFW,14,14,0,0.0
route,CVG->DTW,7,7,0,0.0
route,CVG->EWR,23,23,0,0.0
route,CVG->FLL,7,7,0,0.0
route,CVG->IAD,13,13,0,0.0
route,CVG->IAH,16,16,0,0.0
route,CVG->LAS,5,5,0,0.0
route,CVG->LAX,3,3,0,0.0
route,CVG->LGA,12,12,0,0.0
route,CVG->MCI,3,3,0,0.0
route,CVG->MCO,6,6,0,0.0
route,CVG->MDW,13,13,0,0.0
route,CVG->MIA,1,1,0,0.0
route,CVG->MSP,13,13,0,0.0
route,CVG->MSY,2,2,0,0.0
route,CVG->MYR,2,2,0,0.0
route,CVG->ORD,41,41,0,0.0
route,CVG->PGD,3,3,0,0.0
route,CVG->PHL,17,17,0,0.0
route,CVG->PHX,2,2,0,0.0
route,CVG->PIE,3,3,0,0.0
route,CVG->PVD,1,1,0,0.0
route,CVG->RDU,3,3,0,0.0
route,CVG->RSW,4,4,0,0.0
route,CVG->SAV,5,5,0,0.0
route,CVG->SFB,3,3,0,0.0
route,CVG->SFO,4,4,0,0.0
route,CVG->SRQ,1,1,0,0.0
route,CVG->STL,2,2,0,0.0
route,CVG->TPA,6,6,0,0.0
route,CVG->VPS,4,4,0,0.0
route,CWA->DTW,2,2,0,0.0
route,CWA->MSP,3,3,0,0.0
route,CWA->ORD,12,12,0,0.0
route,CYS->DFW,2,2,0,0.0
route,DAB->ATL,8,8,0,0.0
route,DAB->CLT,4,4,0,0.0
route,DAB->JFK,3,3,0,0.0
route,DAL->ABQ,18,18,0,0.0
route,DAL->AMA,14,14,0,0.0
route,DAL->ATL,25,25,0,0.0
route,DAL->AUS,30,30,0,0.0
route,DAL->BHM,8,8,0,0.0
route,DAL->BNA,13,13,0,0.0
route,DAL->BOS,3,3,0,0.0
route,DAL->BUR,6,6,0,0.0
route,DAL->BWI,11,11,0,0.0
route,DAL->CHS,1,1,0,0.0
route,DAL->CLT,3,3,0,0.0
route,DAL->CMH,3,3,0,0.0
route,DAL->DCA,21,21,0,0.0
route,DAL->DEN,31,31,0,0.0
route,DAL->DTW,6,6,0,0.0
route,DAL->ECP,3,3,0,0.0
route,DAL->ELP,10,10,0,0.0
route,DAL->FLL,14,14,0,0.0
route,DAL->HOU,62,62,0,0.0
route,DAL->IND,3,3,0,0.0
route,DAL->JAX,2,2,0,0.0
route,DAL->LAS,23,23,0,0.0
route,DAL->LAX,26,26,0,0.0
route,DAL->LBB,19,19,0,0.0
route,DAL->LGA,15,15,0,0.0
route,DAL->LIT,7,7,0,0.0
route,DAL->MAF,14,14,0,0.0
route,DAL->MCI,22,22,0,0.0
route,DAL->MCO,9,9,0,0.0
route,DAL->MDW,18,18,0,0.0
route,DAL->MEM,13,13,0,0.0
route,DAL->MKE,1,1,0,0.0
route,DAL->MSY,27,27,0,0.0
route,DAL->OAK,3,3,0,0.0
route,DAL->OKC,10,10,0,0.0
route,DAL->OMA,5,5,0,0.0
route,DAL->ONT,4,4,0,0.0
route,DAL->PDX,4,4,0,0.0
route,DAL->PHL,5,5,0,0.0
route,DAL->PHX,12,12,0,0.0
route,DAL->PIT,6,6,0,0.0
route,DAL->PNS,2,2,0,0.0
route,DAL->RDU,5,5,0,0.0
route,DAL->SAN,14,14,0,0.0
route,DAL->SAT,32,32,0,0.0
route,DAL->SDF,2,2,0,0.0
route,DAL->SEA,11,11,0,0.0
route,DAL->SFO,17,17,0,0.0
route,DAL->SJC,14,14,0,0.0
route,DAL->SLC,2,2,0,0.0
route,DAL->SMF,4,4,0,0.0
route,DAL->SNA,1,1,0,0.0
route,DAL->STL,14,14,0,0.0
route,DAL->TPA,8,8,0,0.0
route,DAL->TUL,22,22,0,0.0
route,DAY->ATL,5,5,0,0.0
route,DAY->CLT,9,9,0,0.0
route,DAY->DCA,5,5,0,0.0
route,DAY->DEN,4,4,0,0.0
route,DAY->DFW,6,6,0,0.0
route,DAY->DTW,6,6,0,0.0
route,DAY->EWR,3,3,0,0.0
route,DAY->IAD,5,5,0,0.0
route,DAY->LGA,5,5,0,0.0
route,DAY->MSP,7,7,0,0.0
route,DAY->ORD,29,29,0,0.0
route,DAY->PGD,1,1,0,0.0
route,DAY->PHL,5,5,0,0.0
route,DAY->SFB,1,1,0,0.0
route,DBQ->ORD,5,5,0,0.0
route,DCA->ALB,7,7,0,0.0
route,DCA->ATL,43,43,0,0.0
route,DCA->AUS,1,1,0,0.0
route,DCA->BDL,14,14,0,0.0
route,DCA->BGR,4,4,0,0.0
route,DCA->BHM,3,3,0,0.0
route,DCA->BNA,17,17,0,0.0
route,DCA->BOS,61,61,0,0.0
route,DCA->BTV,6,6,0,0.0
route,DCA->BUF,3,3,0,0.0
route,DCA->CAE,5,5,0,0.0
route,DCA->CHA,1,1,0,0.0
route,DCA->CHS,9,9,0,0.0
route,DCA->CLE,17,17,0,0.0
route,DCA->CLT,18,18,0,0.0
route,DCA->CMH,14,14,0,0.0
route,DCA->CRW,2,2,0,0.0
route,DCA->CVG,6,6,0,0.0
route,DCA->DAL,30,30,0,0.0
route,DCA->DAY,4,4,0,0.0
route,DCA->DEN,18,18,0,0.0
route,DCA->DFW,13,13,0,0.0
route,DCA->DSM,2,2,0,0.0
route,DCA->DTW,16,16,0,0.0
route,DCA->EWR,21,21,0,0.0
route,DCA->FLL,19,19,0,0.0
route,DCA->GRR,4,4,0,0.0
route,DCA->GSO,1,1,0,0.0
route,DCA->GSP,5,5,0,0.0
route,DCA->HHH,1,1,0,0.0
route,DCA->HOU,10,10,0,0.0
route,DCA->HPN,4,4,0,0.0
route,DCA->HSV,3,3,0,0.0
route,DCA->IAH,27,27,0,0.0
route,DCA->ILM,1,1,0,0.0
route,DCA->IND,12,12,0,0.0
route,DCA->JAN,1,1,0,0.0
route,DCA->JAX,16,16,0,0.0
route,DCA->JFK,15,15,0,0.0
route,DCA->LAN,1,1,0,0.0
route,DCA->LAS,1,1,0,0.0
route,DCA->LAX,6,6,0,0.0
route,DCA->LEX,2,2,0,0.0
route,DCA->LGA,34,34,0,0.0
route,DCA->LIT,2,2,0,0.0
route,DCA->MCI,10,10,0,0.0
route,DCA->MCO,22,22,0,0.0
route,DCA->MDW,19,19,0,0.0
route,DCA->MEM,1,1,0,0.0
route,DCA->MGM,1,1,0,0.0
route,DCA->MHT,3,3,0,0.0
route,DCA->MIA,12,12,0,0.0
route,DCA->MKE,5,5,0,0.0
route,DCA->MSP,13,13,0,0.0
route,DCA->MSY,15,15,0,0.0
route,DCA->MYR,1,1,0,0.0
route,DCA->OKC,1,1,0,0.0
route,DCA->OMA,7,7,0,0.0
route,DCA->ORD,67,67,0,0.0
route,DCA->ORF,4,4,0,0.0
route,DCA->PBI,2,2,0,0.0
route,DCA->PDX,3,3,0,0.0
route,DCA->PHL,1,1,0,0.0
route,DCA->PHX,9,9,0,0.0
route,DCA->PIT,6,6,0,0.0
route,DCA->PNS,2,2,0,0.0
route,DCA->PVD,11,11,0,0.0
route,DCA->PWM,5,5,0,0.0
route,DCA->RDU,9,9,0,0.0
route,DCA->ROC,7,7,0,0.0
route,DCA->RSW,2,2,0,0.0
route,DCA->SAV,2,2,0,0.0
route,DCA->SDF,9,9,0,0.0
route,DCA->SEA,7,7,0,0.0
route,DCA->SFO,10,10,0,0.0
route,DCA->SJU,4,4,0,0.0
route,DCA->STL,13,13,0,0.0
route,DCA->SYR,11,11,0,0.0
route,DCA->TLH,2,2,0,0.0
route,DCA->TPA,20,20,0,0.0
route,DCA->TYS,4,4,0,0.0
route,DCA->VPS,1,1,0,0.0
route,DCA->XNA,1,1,0,0.0
route,DEN->ABQ,31,31,0,0.0
route,DEN->ALB,4,4,0,0.0
route,DEN->AMA,6,6,0,0.0
route,DEN->ASE,11,11,0,0.0
route,DEN->ATL,38,38,0,0.0
route,DEN->ATW,2,2,0,0.0
route,DEN->ATY,3,3,0,0.0
route,DEN->AUS,32,32,0,0.0
route,DEN->AVL,1,1,0,0.0
route,DEN->BDL,4,4,0,0.0
route,DEN->BFF,4,4,0,0.0
route,DEN->BFL,3,3,0,0.0
route,DEN->BHM,7,7,0,0.0
route,DEN->BIL,10,10,0,0.0
route,DEN->BIS,9,9,0,0.0
route,DEN->BKG,1,1,0,0.0
route,DEN->BNA,30,30,0,0.0
route,DEN->BOI,24,24,0,0.0
route,DEN->BOS,32,32,0,0.0
route,DEN->BUF,4,4,0,0.0
route,DEN->BUR,12,12,0,0.0
route,DEN->BWI,31,31,0,0.0
route,DEN->BZN,10,10,0,0.0
route,DEN->CHS,3,3,0,0.0
route,DEN->CID,9,9,0,0.0
route,DEN->CLE,18,18,0,0.0
route,DEN->CLT,15,15,0,0.0
route,DEN->CMH,13,13,0,0.0
route,DEN->CNY,7,7,0,0.0
route,DEN->COD,5,5,0,0.0
route,DEN->COS,26,26,0,0.0
route,DEN->COU,3,3,0,0.0
route,DEN->CPR,13,13,0,0.0
route,DEN->CVG,15,15,0,0.0
route,DEN->DAL,15,15,0,0.0
route,DEN->DAY,7,7,0,0.0
route,DEN->DCA,13,13,0,0.0
route,DEN->DFW,37,37,0,0.0
route,DEN->DIK,7,7,0,0.0
route,DEN->DRO,18,18,0,0.0
route,DEN->DSM,18,18,0,0.0
route,DEN->DTW,17,17,0,0.0
route,DEN->EAR,3,3,0,0.0
route,DEN->EGE,2,2,0,0.0
route,DEN->ELP,13,13,0,0.0
route,DEN->EUG,15,15,0,0.0
route,DEN->EWR,36,36,0,0.0
route,DEN->FAR,9,9,0,0.0
route,DEN->FAT,15,15,0,0.0
route,DEN->FCA,12,12,0,0.0
route,DEN->FLG,3,3,0,0.0
route,DEN->FLL,22,22,0,0.0
route,DEN->FSD,13,13,0,0.0
route,DEN->GCC,6,6,0,0.0
route,DEN->GEG,14,14,0,0.0
route,DEN->GJT,21,21,0,0.0
route,DEN->GRR,15,15,0,0.0
route,DEN->GSO,2,2,0,0.0
route,DEN->GSP,1,1,0,0.0
route,DEN->GTF,1,1,0,0.0
route,DEN->GUC,3,3,0,0.0
route,DEN->HDN,5,5,0,0.0
route,DEN->HLN,5,5,0,0.0
route,DEN->HNL,4,4,0,0.0
route,DEN->HOU,14,14,0,0.0
route,DEN->HRL,2,2,0,0.0
route,DEN->HSV,3,3,0,0.0
route,DEN->HYS,5,5,0,0.0
route,DEN->IAD,36,36,0,0.0
route,DEN->IAH,42,42,0,0.0
route,DEN->ICT,16,16,0,0.0
route,DEN->IDA,14,14,0,0.0
route,DEN->IND,23,23,0,0.0
route,DEN->ISN,7,7,0,0.0
route,DEN->JAC,9,9,0,0.0
route,DEN->JAX,11,11,0,0.0
route,DEN->JFK,11,11,0,0.0
route,DEN->JMS,6,6,0,0.0
route,DEN->KOA,2,2,0,0.0
route,DEN->LAR,3,3,0,0.0
route,DEN->LAS,71,71,0,0.0
route,DEN->LAX,71,71,0,0.0
route,DEN->LBB,4,4,0,0.0
route,DEN->LBF,6,6,0,0.0
route,DEN->LBL,5,5,0,0.0
route,DEN->LFT,1,1,0,0.0
route,DEN->LGA,31,31,0,0.0
route,DEN->LIH,3,3,0,0.0
route,DEN->LIT,16,16,0,0.0
route,DEN->LNK,11,11,0,0.0
route,DEN->MAF,10,10,0,0.0
route,DEN->MCI,46,46,0,0.0
route,DEN->MCO,29,29,0,0.0
route,DEN->MDT,1,1,0,0.0
route,DEN->MDW,29,29,0,0.0
route,DEN->MEM,14,14,0,0.0
route,DEN->MFR,5,5,0,0.0
route,DEN->MIA,9,9,0,0.0
route,DEN->MKE,27,27,0,0.0
route,DEN->MLI,4,4,0,0.0
route,DEN->MOT,10,10,0,0.0
route,DEN->MRY,2,2,0,0.0
route,DEN->MSN,8,8,0,0.0
route,DEN->MSO,15,15,0,0.0
route,DEN->MSP,50,50,0,0.0
route,DEN->MSY,24,24,0,0.0
route,DEN->MTJ,11,11,0,0.0
route,DEN->OAK,20,20,0,0.0
route,DEN->OGG,4,4,0,0.0
route,DEN->OKC,26,26,0,0.0
route,DEN->OMA,30,30,0,0.0
route,DEN->ONT,22,22,0,0.0
route,DEN->ORD,39,39,0,0.0
route,DEN->ORF,3,3,0,0.0
route,DEN->PAE,6,6,0,0.0
route,DEN->PDX,30,30,0,0.0
route,DEN->PHL,28,28,0,0.0
route,DEN->PHX,70,70,0,0.0
route,DEN->PIR,4,4,0,0.0
route,DEN->PIT,5,5,0,0.0
route,DEN->PNS,2,2,0,0.0
route,DEN->PRC,1,1,0,0.0
route,DEN->PSC,10,10,0,0.0
route,DEN->PSP,5,5,0,0.0
route,DEN->PUB,6,6,0,0.0
route,DEN->PVD,2,2,0,0.0
route,DEN->RAP,15,15,0,0.0
route,DEN->RDM,9,9,0,0.0
route,DEN->RDU,16,16,0,0.0
route,DEN->RIC,5,5,0,0.0
route,DEN->RKS,7,7,0,0.0
route,DEN->RNO,16,16,0,0.0
route,DEN->RSW,2,2,0,0.0
route,DEN->SAF,10,10,0,0.0
route,DEN->SAN,47,47,0,0.0
route,DEN->SAT,24,24,0,0.0
route,DEN->SBA,12,12,0,0.0
route,DEN->SBP,8,8,0,0.0
route,DEN->SDF,10,10,0,0.0
route,DEN->SEA,50,50,0,0.0
route,DEN->SFO,46,46,0,0.0
route,DEN->SGF,6,6,0,0.0
route,DEN->SGU,11,11,0,0.0
route,DEN->SHV,2,2,0,0.0
route,DEN->SJC,32,32,0,0.0
route,DEN->SLC,63,63,0,0.0
route,DEN->SMF,27,27,0,0.0
route,DEN->SNA,36,36,0,0.0
route,DEN->STL,40,40,0,0.0
route,DEN->STS,2,2,0,0.0
route,DEN->TPA,9,9,0,0.0
route,DEN->TUL,26,26,0,0.0
route,DEN->TUS,13,13,0,0.0
route,DEN->TYS,9,9,0,0.0
route,DEN->VEL,1,1,0,0.0
route,DEN->VPS,1,1,0,0.0
route,DEN->XNA,12,12,0,0.0
route,DFW->ABI,10,10,0,0.0
route,DFW->ABQ,6,6,0,0.0
route,DFW->ACT,11,11,0,0.0
route,DFW->AEX,4,4,0,0.0
route,DFW->AMA,12,12,0,0.0
route,DFW->ATL,27,27,0,0.0
route,DFW->AUS,18,18,0,0.0
route,DFW->AVL,3,3,0,0.0
route,DFW->BDL,2,2,0,0.0
route,DFW->BFL,1,1,0,0.0
route,DFW->BHM,12,12,0,0.0
route,DFW->BIL,3,3,0,0.0
route,DFW->BIS,2,2,0,0.0
route,DFW->BMI,3,3,0,0.0
route,DFW->BNA,8,8,0,0.0
route,DFW->BOI,1,1,0,0.0
route,DFW->BOS,20,20,0,0.0
route,DFW->BPT,5,5,0,0.0
route,DFW->BRO,8,8,0,0.0
route,DFW->BTR,4,4,0,0.0
route,DFW->BUR,3,3,0,0.0
route,DFW->BWI,12,12,0,0.0
route,DFW->BZN,1,1,0,0.0
route,DFW->CAE,5,5,0,0.0
route,DFW->CHA,5,5,0,0.0
route,DFW->CHS,7,7,0,0.0
route,DFW->CID,4,4,0,0.0
route,DFW->CLE,10,10,0,0.0
route,DFW->CLL,3,3,0,0.0
route,DFW->CLT,10,10,0,0.0
route,DFW->CMH,5,5,0,0.0
route,DFW->CMI,3,3,0,0.0
route,DFW->COS,8,8,0,0.0
route,DFW->COU,4,4,0,0.0
route,DFW->CRP,7,7,0,0.0
route,DFW->CVG,16,16,0,0.0
route,DFW->CYS,3,3,0,0.0
route,DFW->DAY,6,6,0,0.0
route,DFW->DCA,14,14,0,0.0
route,DFW->DEN,34,34,0,0.0
route,DFW->DRO,1,1,0,0.0
route,DFW->DRT,2,2,0,0.0
route,DFW->DSM,6,6,0,0.0
route,DFW->DTW,13,13,0,0.0
route,DFW->ECP,6,6,0,0.0
route,DFW->ELP,11,11,0,0.0
route,DFW->EWR,20,20,0,0.0
route,DFW->FAR,5,5,0,0.0
route,DFW->FAT,4,4,0,0.0
route,DFW->FLG,1,1,0,0.0
route,DFW->FLL,15,15,0,0.0
route,DFW->FSD,2,2,0,0.0
route,DFW->FSM,4,4,0,0.0
route,DFW->FWA,2,2,0,0.0
route,DFW->GCK,5,5,0,0.0
route,DFW->GGG,1,1,0,0.0
route,DFW->GJT,3,3,0,0.0
route,DFW->GNV,3,3,0,0.0
route,DFW->GPT,4,4,0,0.0
route,DFW->GRI,4,4,0,0.0
route,DFW->GRK,13,13,0,0.0
route,DFW->GRR,6,6,0,0.0
route,DFW->GSO,2,2,0,0.0
route,DFW->GSP,7,7,0,0.0
route,DFW->HNL,5,5,0,0.0
route,DFW->HOU,12,12,0,0.0
route,DFW->HRL,4,4,0,0.0
route,DFW->HSV,9,9,0,0.0
route,DFW->IAD,13,13,0,0.0
route,DFW->IAH,34,34,0,0.0
route,DFW->ICT,11,11,0,0.0
route,DFW->ILM,1,1,0,0.0
route,DFW->IND,4,4,0,0.0
route,DFW->JAC,1,1,0,0.0
route,DFW->JAN,10,10,0,0.0
route,DFW->JAX,8,8,0,0.0
route,DFW->JFK,8,8,0,0.0
route,DFW->JLN,6,6,0,0.0
route,DFW->LAS,21,21,0,0.0
route,DFW->LAW,6,6,0,0.0
route,DFW->LAX,38,38,0,0.0
route,DFW->LBB,16,16,0,0.0
route,DFW->LCH,3,3,0,0.0
route,DFW->LEX,2,2,0,0.0
route,DFW->LFT,7,7,0,0.0
route,DFW->LGA,30,30,0,0.0
route,DFW->LIT,13,13,0,0.0
route,DFW->LRD,7,7,0,0.0
route,DFW->MAF,10,10,0,0.0
route,DFW->MCI,7,7,0,0.0
route,DFW->MCO,31,31,0,0.0
route,DFW->MEI,1,1,0,0.0
route,DFW->MEM,8,8,0,0.0
route,DFW->MFE,9,9,0,0.0
route,DFW->MGM,1,1,0,0.0
route,DFW->MHK,5,5,0,0.0
route,DFW->MIA,15,15,0,0.0
route,DFW->MKE,7,7,0,0.0
route,DFW->MLI,2,2,0,0.0
route,DFW->MLU,4,4,0,0.0
route,DFW->MOB,4,4,0,0.0
route,DFW->MRY,1,1,0,0.0
route,DFW->MSN,3,3,0,0.0
route,DFW->MSP,18,18,0,0.0
route,DFW->MSY,15,15,0,0.0
route,DFW->MYR,3,3,0,0.0
route,DFW->OAK,5,5,0,0.0
route,DFW->OKC,14,14,0,0.0
route,DFW->OMA,5,5,0,0.0
route,DFW->ONT,10,10,0,0.0
route,DFW->ORD,60,60,0,0.0
route,DFW->ORF,7,7,0,0.0
route,DFW->PBI,1,1,0,0.0
route,DFW->PDX,10,10,0,0.0
route,DFW->PHL,16,16,0,0.0
route,DFW->PHX,24,24,0,0.0
route,DFW->PIB,2,2,0,0.0
route,DFW->PIT,11,11,0,0.0
route,DFW->PNS,3,3,0,0.0
route,DFW->PSP,1,1,0,0.0
route,DFW->RAP,7,7,0,0.0
route,DFW->RDU,4,4,0,0.0
route,DFW->RIC,2,2,0,0.0
route,DFW->RNO,10,10,0,0.0
route,DFW->ROW,2,2,0,0.0
route,DFW->RSW,9,9,0,0.0
route,DFW->SAF,8,8,0,0.0
route,DFW->SAN,24,24,0,0.0
route,DFW->SAT,11,11,0,0.0
route,DFW->SAV,2,2,0,0.0
route,DFW->SBA,3,3,0,0.0
route,DFW->SBN,1,1,0,0.0
route,DFW->SBP,1,1,0,0.0
route,DFW->SDF,4,4,0,0.0
route,DFW->SEA,23,23,0,0.0
route,DFW->SFO,21,21,0,0.0
route,DFW->SGF,8,8,0,0.0
route,DFW->SHV,3,3,0,0.0
route,DFW->SJC,4,4,0,0.0
route,DFW->SJT,8,8,0,0.0
route,DFW->SJU,1,1,0,0.0
route,DFW->SLC,10,10,0,0.0
route,DFW->SMF,8,8,0,0.0
route,DFW->SNA,8,8,0,0.0
route,DFW->SPI,4,4,0,0.0
route,DFW->SPS,4,4,0,0.0
route,DFW->STL,8,8,0,0.0
route,DFW->SUX,2,2,0,0.0
route,DFW->SWO,5,5,0,0.0
route,DFW->TLH,2,2,0,0.0
route,DFW->TPA,17,17,0,0.0
route,DFW->TUL,16,16,0,0.0
route,DFW->TUS,9,9,0,0.0
route,DFW->TXK,4,4,0,0.0
route,DFW->TYR,4,4,0,0.0
route,DFW->TYS,10,10,0,0.0
route,DFW->VPS,10,10,0,0.0
route,DFW->XNA,6,6,0,0.0
route,DFW->YUM,1,1,0,0.0
route,DHN->ATL,9,9,0,0.0
route,DIK->DEN,4,4,0,0.0
route,DLH->MSP,5,5,0,0.0
route,DLH->ORD,11,11,0,0.0
route,DRO->DEN,14,14,0,0.0
route,DRO->DFW,4,4,0,0.0
route,DRO->PHX,2,2,0,0.0
route,DRT->DFW,2,2,0,0.0
route,DSM->ATL,3,3,0,0.0
route,DSM->AZA,3,3,0,0.0
route,DSM->CLT,3,3,0,0.0
route,DSM->DCA,2,2,0,0.0
route,DSM->DEN,13,13,0,0.0
route,DSM->DFW,3,3,0,0.0
route,DSM->DTW,5,5,0,0.0
route,DSM->EWR,3,3,0,0.0
route,DSM->IAH,8,8,0,0.0
route,DSM->LAS,6,6,0,0.0
route,DSM->LGA,1,1,0,0.0
route,DSM->MSP,7,7,0,0.0
route,DSM->ORD,27,27,0,0.0
route,DSM->PGD,3,3,0,0.0
route,DSM->PHL,1,1,0,0.0
route,DSM->SLC,4,4,0,0.0
route,DSM->STL,5,5,0,0.0
route,DTW->ABE,3,3,0,0.0
route,DTW->ALB,6,6,0,0.0
route,DTW->APN,1,1,0,0.0
route,DTW->ATL,42,42,0,0.0
route,DTW->ATW,8,8,0,0.0
route,DTW->AUS,4,4,0,0.0
route,DTW->AVP,4,4,0,0.0
route,DTW->AZO,5,5,0,0.0
route,DTW->BDL,6,6,0,0.0
route,DTW->BGM,4,4,0,0.0
route,DTW->BHM,3,3,0,0.0
route,DTW->BNA,12,12,0,0.0
route,DTW->BOS,30,30,0,0.0
route,DTW->BTV,3,3,0,0.0
route,DTW->BUF,4,4,0,0.0
route,DTW->BWI,17,17,0,0.0
route,DTW->CHS,4,4,0,0.0
route,DTW->CID,4,4,0,0.0
route,DTW->CIU,1,1,0,0.0
route,DTW->CLE,8,8,0,0.0
route,DTW->CLT,14,14,0,0.0
route,DTW->CMH,8,8,0,0.0
route,DTW->CVG,7,7,0,0.0
route,DTW->CWA,1,1,0,0.0
route,DTW->DAL,4,4,0,0.0
route,DTW->DAY,5,5,0,0.0
route,DTW->DCA,8,8,0,0.0
route,DTW->DEN,31,31,0,0.0
route,DTW->DFW,12,12,0,0.0
route,DTW->DSM,2,2,0,0.0
route,DTW->ELM,9,9,0,0.0
route,DTW->ERI,3,3,0,0.0
route,DTW->ESC,4,4,0,0.0
route,DTW->EVV,2,2,0,0.0
route,DTW->EWR,29,29,0,0.0
route,DTW->FLL,8,8,0,0.0
route,DTW->FWA,6,6,0,0.0
route,DTW->GRB,3,3,0,0.0
route,DTW->GRR,11,11,0,0.0
route,DTW->GSO,1,1,0,0.0
route,DTW->GSP,4,4,0,0.0
route,DTW->HPN,3,3,0,0.0
route,DTW->HSV,1,1,0,0.0
route,DTW->IAD,22,22,0,0.0
route,DTW->IAH,25,25,0,0.0
route,DTW->IMT,2,2,0,0.0
route,DTW->IND,6,6,0,0.0
route,DTW->ISP,2,2,0,0.0
route,DTW->ITH,4,4,0,0.0
route,DTW->JAX,3,3,0,0.0
route,DTW->JFK,4,4,0,0.0
route,DTW->LAN,5,5,0,0.0
route,DTW->LAS,19,19,0,0.0
route,DTW->LAX,14,14,0,0.0
route,DTW->LEX,4,4,0,0.0
route,DTW->LGA,19,19,0,0.0
route,DTW->LIT,1,1,0,0.0
route,DTW->LSE,2,2,0,0.0
route,DTW->MBS,7,7,0,0.0
route,DTW->MCI,5,5,0,0.0
route,DTW->MCO,16,16,0,0.0
route,DTW->MDT,4,4,0,0.0
route,DTW->MDW,27,27,0,0.0
route,DTW->MEM,2,2,0,0.0
route,DTW->MHT,6,6,0,0.0
route,DTW->MIA,9,9,0,0.0
route,DTW->MKE,8,8,0,0.0
route,DTW->MLI,2,2,0,0.0
route,DTW->MQT,6,6,0,0.0
route,DTW->MSN,7,7,0,0.0
route,DTW->MSP,8,8,0,0.0
route,DTW->MSY,4,4,0,0.0
route,DTW->MYR,9,9,0,0.0
route,DTW->OAK,4,4,0,0.0
route,DTW->OKC,4,4,0,0.0
route,DTW->OMA,4,4,0,0.0
route,DTW->ORD,33,33,0,0.0
route,DTW->ORF,4,4,0,0.0
route,DTW->PBI,1,1,0,0.0
route,DTW->PDX,4,4,0,0.0
route,DTW->PHL,18,18,0,0.0
route,DTW->PHX,14,14,0,0.0
route,DTW->PIT,7,7,0,0.0
route,DTW->PLN,1,1,0,0.0
route,DTW->PVD,4,4,0,0.0
route,DTW->PWM,5,5,0,0.0
route,DTW->RDU,7,7,0,0.0
route,DTW->RIC,4,4,0,0.0
route,DTW->ROC,5,5,0,0.0
route,DTW->RSW,8,8,0,0.0
route,DTW->SAN,6,6,0,0.0
route,DTW->SAT,4,4,0,0.0
route,DTW->SAV,1,1,0,0.0
route,DTW->SBN,5,5,0,0.0
route,DTW->SCE,5,5,0,0.0
route,DTW->SDF,7,7,0,0.0
route,DTW->SEA,16,16,0,0.0
route,DTW->SFO,13,13,0,0.0
route,DTW->SJC,1,1,0,0.0
route,DTW->SLC,7,7,0,0.0
route,DTW->SNA,2,2,0,0.0
route,DTW->STL,14,14,0,0.0
route,DTW->SWF,3,3,0,0.0
route,DTW->SYR,5,5,0,0.0
route,DTW->TPA,12,12,0,0.0
route,DTW->TTN,1,1,0,0.0
route,DTW->TVC,5,5,0,0.0
route,DTW->TYS,4,4,0,0.0
route,DUT->ANC,8,8,0,0.0
route,DVL->DEN,3,3,0,0.0
route,DVL->JMS,1,1,0,0.0
route,EAR->DEN,1,1,0,0.0
route,EAT->SEA,14,14,0,0.0
route,EAU->ORD,7,7,0,0.0
route,ECP->ATL,6,6,0,0.0
route,ECP->BNA,8,8,0,0.0
route,ECP->BWI,4,4,0,0.0
route,ECP->CLT,3,3,0,0.0
route,ECP->DAL,3,3,0,0.0
route,ECP->DFW,2,2,0,0.0
route,ECP->HOU,1,1,0,0.0
route,ECP->IAH,7,7,0,0.0
route,ECP->STL,2,2,0,0.0
route,EGE->DEN,7,7,0,0.0
route,ELM->DTW,6,6,0,0.0
route,ELM->EWR,5,5,0,0.0
route,ELM->IAD,4,4,0,0.0
route,ELP->ATL,5,5,0,0.0
route,ELP->AUS,2,2,0,0.0
route,ELP->DAL,14,14,0,0.0
route,ELP->DEN,15,15,0,0.0
route,ELP->DFW,15,15,0,0.0
route,ELP->HOU,8,8,0,0.0
route,ELP->IAH,16,16,0,0.0
route,ELP->LAS,6,6,0,0.0
route,ELP->LAX,7,7,0,0.0
route,ELP->ORD,8,8,0,0.0
route,ELP->PHX,18,18,0,0.0
route,ELP->SAN,6,6,0,0.0
route,ELP->SAT,7,7,0,0.0
route,ERI->CLT,4,4,0,0.0
route,ERI->DTW,4,4,0,0.0
route,ERI->ORD,6,6,0,0.0
route,ESC->DTW,3,3,0,0.0
route,EUG->AZA,1,1,0,0.0
route,EUG->DEN,4,4,0,0.0
route,EUG->LAS,2,2,0,0.0
route,EUG->LAX,6,6,0,0.0
route,EUG->OAK,3,3,0,0.0
route,EUG->PDX,10,10,0,0.0
route,EUG->PHX,1,1,0,0.0
route,EUG->SEA,16,16,0,0.0
route,EUG->SFO,11,11,0,0.0
route,EUG->SJC,1,1,0,0.0
route,EVV->ATL,5,5,0,0.0
route,EVV->CLT,5,5,0,0.0
route,EVV->DFW,2,2,0,0.0
route,EVV->DTW,4,4,0,0.0
route,EVV->ORD,5,5,0,0.0
route,EVV->SFB,1,1,0,0.0
route,EVV->VPS,1,1,0,0.0
route,EWN->ATL,1,1,0,0.0
route,EWN->CLT,6,6,0,0.0
route,EWR->ALB,19,19,0,0.0
route,EWR->ATL,40,40,0,0.0
route,EWR->AUS,22,22,0,0.0
route,EWR->AVL,3,3,0,0.0
route,EWR->AVP,6,6,0,0.0
route,EWR->BDL,7,7,0,0.0
route,EWR->BGR,10,10,0,0.0
route,EWR->BNA,23,23,0,0.0
route,EWR->BOS,51,51,0,0.0
route,EWR->BQN,5,5,0,0.0
route,EWR->BTV,11,11,0,0.0
route,EWR->BUF,9,9,0,0.0
route,EWR->BWI,6,6,0,0.0
route,EWR->CAK,6,6,0,0.0
route,EWR->CHA,4,4,0,0.0
route,EWR->CHS,23,23,0,0.0
route,EWR->CLE,20,20,0,0.0
route,EWR->CLT,26,26,0,0.0
route,EWR->CMH,14,14,0,0.0
route,EWR->CVG,25,25,0,0.0
route,EWR->DAY,4,4,0,0.0
route,EWR->DCA,24,24,0,0.0
route,EWR->DEN,24,24,0,0.0
route,EWR->DFW,30,30,0,0.0
route,EWR->DSM,4,4,0,0.0
route,EWR->DTW,23,23,0,0.0
route,EWR->ELM,5,5,0,0.0
route,EWR->EYW,1,1,0,0.0
route,EWR->FLL,68,68,0,0.0
route,EWR->FWA,5,5,0,0.0
route,EWR->GRR,4,4,0,0.0
route,EWR->GSO,10,10,0,0.0
route,EWR->GSP,10,10,0,0.0
route,EWR->HNL,2,2,0,0.0
route,EWR->IAD,17,17,0,0.0
route,EWR->IAH,35,35,0,0.0
route,EWR->IND,15,15,0,0.0
route,EWR->ITH,7,7,0,0.0
route,EWR->JAX,15,15,0,0.0
route,EWR->LAS,25,25,0,0.0
route,EWR->LAX,48,48,0,0.0
route,EWR->LEX,3,3,0,0.0
route,EWR->MCI,12,12,0,0.0
route,EWR->MCO,70,70,0,0.0
route,EWR->MDW,18,18,0,0.0
route,EWR->MEM,14,14,0,0.0
route,EWR->MHT,4,4,0,0.0
route,EWR->MIA,16,16,0,0.0
route,EWR->MKE,10,10,0,0.0
route,EWR->MSN,11,11,0,0.0
route,EWR->MSP,20,20,0,0.0
route,EWR->MSY,21,21,0,0.0
route,EWR->MYR,10,10,0,0.0
route,EWR->OAK,4,4,0,0.0
route,EWR->OKC,4,4,0,0.0
route,EWR->OMA,6,6,0,0.0
route,EWR->ORD,40,40,0,0.0
route,EWR->ORF,13,13,0,0.0
route,EWR->PBI,43,43,0,0.0
route,EWR->PDX,14,14,0,0.0
route,EWR->PHX,20,20,0,0.0
route,EWR->PIT,11,11,0,0.0
route,EWR->PQI,4,4,0,0.0
route,EWR->PVD,14,14,0,0.0
route,EWR->PWM,12,12,0,0.0
route,EWR->RDU,28,28,0,0.0
route,EWR->RIC,25,25,0,0.0
route,EWR->ROC,10,10,0,0.0
route,EWR->RSW,29,29,0,0.0
route,EWR->SAN,12,12,0,0.0
route,EWR->SAT,7,7,0,0.0
route,EWR->SAV,9,9,0,0.0
route,EWR->SBN,1,1,0,0.0
route,EWR->SDF,3,3,0,0.0
route,EWR->SEA,19,19,0,0.0
route,EWR->SFO,55,55,0,0.0
route,EWR->SJC,8,8,0,0.0
route,EWR->SJU,14,14,0,0.0
route,EWR->SLC,7,7,0,0.0
route,EWR->SMF,5,5,0,0.0
route,EWR->SNA,7,7,0,0.0
route,EWR->SRQ,7,7,0,0.0
route,EWR->STL,24,24,0,0.0
route,EWR->SYR,11,11,0,0.0
route,EWR->TPA,21,21,0,0.0
route,EWR->TYS,4,4,0,0.0
route,EWR->XNA,4,4,0,0.0
route,EYW->ATL,8,8,0,0.0
route,EYW->DCA,1,1,0,0.0
route,EYW->EWR,4,4,0,0.0
route,EYW->MIA,4,4,0,0.0
route,EYW->ORD,4,4,0,0.0
route,FAI->ANC,16,16,0,0.0
route,FAI->ORD,2,2,0,0.0
route,FAI->SCC,2,2,0,0.0
route,FAI->SEA,23,23,0,0.0
route,FAR->AZA,2,2,0,0.0
route,FAR->DEN,6,6,0,0.0
route,FAR->DFW,2,2,0,0.0
route,FAR->LAS,2,2,0,0.0
route,FAR->MSP,10,10,0,0.0
route,FAR->ORD,14,14,0,0.0
route,FAT->DEN,18,18,0,0.0
route,FAT->DFW,5,5,0,0.0
route,FAT->LAS,5,5,0,0.0
route,FAT->LAX,19,19,0,0.0
route,FAT->ORD,1,1,0,0.0
route,FAT->PDX,6,6,0,0.0
route,FAT->PHX,8,8,0,0.0
route,FAT->SAN,5,5,0,0.0
route,FAT->SEA,10,10,0,0.0
route,FAT->SFO,12,12,0,0.0
route,FAT->SLC,1,1,0,0.0
route,FAY->ATL,9,9,0,0.0
route,FAY->CLT,7,7,0,0.0
route,FAY->IAD,8,8,0,0.0
route,FCA->DEN,11,11,0,0.0
route,FCA->LAS,3,3,0,0.0
route,FCA->MSP,1,1,0,0.0
route,FCA->PDX,1,1,0,0.0
route,FCA->SEA,8,8,0,0.0
route,FCA->SLC,8,8,0,0.0
route,FLG->DFW,1,1,0,0.0
route,FLG->PHX,4,4,0,0.0
route,FLL->ACY,4,4,0,0.0
route,FLL->ALB,8,8,0,0.0
route,FLL->ATL,58,58,0,0.0
route,FLL->AUS,9,9,0,0.0
route,FLL->AVL,10,10,0,0.0
route,FLL->BDL,16,16,0,0.0
route,FLL->BNA,14,14,0,0.0
route,FLL->BOS,26,26,0,0.0
route,FLL->BQN,6,6,0,0.0
route,FLL->BUF,5,5,0,0.0
route,FLL->BWI,34,34,0,0.0
route,FLL->CHS,7,7,0,0.0
route,FLL->CLE,3,3,0,0.0
route,FLL->CLT,6,6,0,0.0
route,FLL->CMH,9,9,0,0.0
route,FLL->CVG,4,4,0,0.0
route,FLL->DAL,6,6,0,0.0
route,FLL->DCA,27,27,0,0.0
route,FLL->DEN,9,9,0,0.0
route,FLL->DFW,21,21,0,0.0
route,FLL->DTW,15,15,0,0.0
route,FLL->EWR,59,59,0,0.0
route,FLL->GSO,1,1,0,0.0
route,FLL->GSP,1,1,0,0.0
route,FLL->HOU,11,11,0,0.0
route,FLL->HPN,13,13,0,0.0
route,FLL->IAD,9,9,0,0.0
route,FLL->IAG,2,2,0,0.0
route,FLL->IAH,21,21,0,0.0
route,FLL->IND,2,2,0,0.0
route,FLL->ISP,5,5,0,0.0
route,FLL->JAX,16,16,0,0.0
route,FLL->JFK,30,30,0,0.0
route,FLL->LAS,7,7,0,0.0
route,FLL->LAX,14,14,0,0.0
route,FLL->LBE,5,5,0,0.0
route,FLL->LCK,1,1,0,0.0
route,FLL->LEX,3,3,0,0.0
route,FLL->LGA,33,33,0,0.0
route,FLL->LGB,1,1,0,0.0
route,FLL->MCI,8,8,0,0.0
route,FLL->MCO,16,16,0,0.0
route,FLL->MDW,14,14,0,0.0
route,FLL->MEM,8,8,0,0.0
route,FLL->MSP,1,1,0,0.0
route,FLL->MSY,23,23,0,0.0
route,FLL->MYR,3,3,0,0.0
route,FLL->ORD,18,18,0,0.0
route,FLL->ORF,1,1,0,0.0
route,FLL->ORH,5,5,0,0.0
route,FLL->PBG,1,1,0,0.0
route,FLL->PHL,19,19,0,0.0
route,FLL->PHX,2,2,0,0.0
route,FLL->PIT,14,14,0,0.0
route,FLL->PVD,6,6,0,0.0
route,FLL->RDU,25,25,0,0.0
route,FLL->RIC,12,12,0,0.0
route,FLL->SAN,4,4,0,0.0
route,FLL->SAT,1,1,0,0.0
route,FLL->SDF,3,3,0,0.0
route,FLL->SEA,7,7,0,0.0
route,FLL->SFO,14,14,0,0.0
route,FLL->SJU,25,25,0,0.0
route,FLL->SLC,3,3,0,0.0
route,FLL->STL,10,10,0,0.0
route,FLL->STT,6,6,0,0.0
route,FLL->STX,1,1,0,0.0
route,FLL->SWF,3,3,0,0.0
route,FLL->TPA,26,26,0,0.0
route,FLL->TTN,1,1,0,0.0
route,FLL->TYS,1,1,0,0.0
route,FLL->USA,4,4,0,0.0
route,FLO->CLT,5,5,0,0.0
route,FNT->ATL,6,6,0,0.0
route,FNT->MDW,2,2,0,0.0
route,FNT->ORD,19,19,0,0.0
route,FNT->PIE,5,5,0,0.0
route,FNT->SFB,3,3,0,0.0
route,FSD->ATL,1,1,0,0.0
route,FSD->DEN,13,13,0,0.0
route,FSD->LAS,3,3,0,0.0
route,FSD->MSP,11,11,0,0.0
route,FSD->ORD,14,14,0,0.0
route,FSD->PHX,1,1,0,0.0
route,FSD->SFB,1,1,0,0.0
route,FSM->ATL,2,2,0,0.0
route,FSM->DFW,5,5,0,0.0
route,FWA->ATL,4,4,0,0.0
route,FWA->CLT,6,6,0,0.0
route,FWA->DFW,3,3,0,0.0
route,FWA->DTW,4,4,0,0.0
route,FWA->EWR,2,2,0,0.0
route,FWA->MSP,2,2,0,0.0
route,FWA->ORD,14,14,0,0.0
route,FWA->PGD,3,3,0,0.0
route,FWA->PHL,2,2,0,0.0
route,FWA->PIE,1,1,0,0.0
route,FWA->SFB,2,2,0,0.0
route,GCC->DEN,8,8,0,0.0
route,GCK->DFW,4,4,0,0.0
route,GEG->BOI,12,12,0,0.0
route,GEG->DEN,8,8,0,0.0
route,GEG->DFW,1,1,0,0.0
route,GEG->LAS,7,7,0,0.0
route,GEG->LAX,2,2,0,0.0
route,GEG->MSP,1,1,0,0.0
route,GEG->OAK,5,5,0,0.0
route,GEG->ORD,3,3,0,0.0
route,GEG->PDX,32,32,0,0.0
route,GEG->PHX,7,7,0,0.0
route,GEG->SEA,71,71,0,0.0
route,GEG->SFO,7,7,0,0.0
route,GEG->SJC,1,1,0,0.0
route,GEG->SLC,2,2,0,0.0
route,GEG->SMF,5,5,0,0.0
route,GFK->AZA,1,1,0,0.0
route,GFK->MSP,5,5,0,0.0
route,GGG->DFW,7,7,0,0.0
route,GJT->DEN,17,17,0,0.0
route,GJT->DFW,3,3,0,0.0
route,GJT->LAS,1,1,0,0.0
route,GJT->PHX,6,6,0,0.0
route,GJT->SLC,5,5,0,0.0
route,GNV->ATL,14,14,0,0.0
route,GNV->CLT,7,7,0,0.0
route,GNV->DFW,2,2,0,0.0
route,GNV->MIA,1,1,0,0.0
route,GPT->ATL,8,8,0,0.0
route,GPT->CLT,1,1,0,0.0
route,GPT->DFW,5,5,0,0.0
route,GPT->IAH,13,13,0,0.0
route,GPT->SFB,1,1,0,0.0
route,GRB->DTW,3,3,0,0.0
route,GRB->MSP,3,3,0,0.0
route,GRB->ORD,17,17,0,0.0
route,GRI->DFW,3,3,0,0.0
route,GRI->LAS,1,1,0,0.0
route,GRK->DFW,4,4,0,0.0
route,GRK->IAH,5,5,0,0.0
route,GRR->ATL,8,8,0,0.0
route,GRR->AZA,3,3,0,0.0
route,GRR->BWI,4,4,0,0.0
route,GRR->CLT,5,5,0,0.0
route,GRR->DCA,4,4,0,0.0
route,GRR->DEN,7,7,0,0.0
route,GRR->DFW,6,6,0,0.0
route,GRR->DTW,12,12,0,0.0
route,GRR->EWR,4,4,0,0.0
route,GRR->IAD,6,6,0,0.0
route,GRR->IAH,5,5,0,0.0
route,GRR->LGA,6,6,0,0.0
route,GRR->MCO,2,2,0,0.0
route,GRR->MDW,5,5,0,0.0
route,GRR->MSP,6,6,0,0.0
route,GRR->ORD,33,33,0,0.0
route,GRR->PGD,3,3,0,0.0
route,GRR->PHL,1,1,0,0.0
route,GRR->PIE,1,1,0,0.0
route,GRR->SFB,4,4,0,0.0
route,GSO->ATL,7,7,0,0.0
route,GSO->CLT,9,9,0,0.0
route,GSO->DCA,4,4,0,0.0
route,GSO->DEN,1,1,0,0.0
route,GSO->DFW,4,4,0,0.0
route,GSO->DTW,6,6,0,0.0
route,GSO->EWR,14,14,0,0.0
route,GSO->IAD,7,7,0,0.0
route,GSO->LGA,4,4,0,0.0
route,GSO->MCO,1,1,0,0.0
route,GSO->MIA,3,3,0,0.0
route,GSO->ORD,14,14,0,0.0
route,GSO->PHL,6,6,0,0.0
route,GSP->ATL,18,18,0,0.0
route,GSP->CLT,9,9,0,0.0
route,GSP->DCA,7,7,0,0.0
route,GSP->DFW,3,3,0,0.0
route,GSP->DTW,3,3,0,0.0
route,GSP->EWR,6,6,0,0.0
route,GSP->FLL,3,3,0,0.0
route,GSP->IAD,13,13,0,0.0
route,GSP->IAH,6,6,0,0.0
route,GSP->LAS,1,1,0,0.0
route,GSP->MIA,2,2,0,0.0
route,GSP->ORD,17,17,0,0.0
route,GSP->PHL,1,1,0,0.0
route,GSP->PIE,3,3,0,0.0
route,GTF->DEN,6,6,0,0.0
route,GTF->LAS,1,1,0,0.0
route,GTF->MSP,1,1,0,0.0
route,GTF->SEA,6,6,0,0.0
route,GTF->SLC,6,6,0,0.0
route,GTR->ATL,3,3,0,0.0
route,GUC->DEN,2,2,0,0.0
route,GUM->HNL,2,2,0,0.0
route,GUM->ROP,1,1,0,0.0
route,GUM->SPN,10,10,0,0.0
route,HDN->DEN,4,4,0,0.0
route,HGR->SFB,1,1,0,0.0
route,HHH->CLT,4,4,0,0.0
route,HHH->IAD,2,2,0,0.0
route,HIB->MSP,1,1,0,0.0
route,HLN->DEN,1,1,0,0.0
route,HLN->MSP,1,1,0,0.0
route,HLN->SEA,3,3,0,0.0
route,HLN->SLC,3,3,0,0.0
route,HNL->ANC,1,1,0,0.0
route,HNL->ATL,1,1,0,0.0
route,HNL->DEN,1,1,0,0.0
route,HNL->DFW,3,3,0,0.0
route,HNL->EWR,3,3,0,0.0
route,HNL->GUM,3,3,0,0.0
route,HNL->IAD,2,2,0,0.0
route,HNL->IAH,2,2,0,0.0
route,HNL->ITO,38,38,0,0.0
route,HNL->JFK,2,2,0,0.0
route,HNL->JHM,10,10,0,0.0
route,HNL->KOA,63,63,0,0.0
route,HNL->LAS,8,8,0,0.0
route,HNL->LAX,35,35,0,0.0
route,HNL->LGB,4,4,0,0.0
route,HNL->LIH,58,58,0,0.0
route,HNL->LNY,15,15,0,0.0
route,HNL->MKK,8,8,0,0.0
route,HNL->OAK,12,12,0,0.0
route,HNL->OGG,92,92,0,0.0
route,HNL->ORD,1,1,0,0.0
route,HNL->PDX,7,7,0,0.0
route,HNL->PHX,10,10,0,0.0
route,HNL->PPG,1,1,0,0.0
route,HNL->SAN,5,5,0,0.0
route,HNL->SEA,11,11,0,0.0
route,HNL->SFO,18,18,0,0.0
route,HNL->SJC,11,11,0,0.0
route,HNL->SLC,1,1,0,0.0
route,HNL->SMF,2,2,0,0.0
route,HOB->IAH,9,9,0,0.0
route,HOU->ABQ,7,7,0,0.0
route,HOU->ATL,21,21,0,0.0
route,HOU->AUS,15,15,0,0.0
route,HOU->BHM,7,7,0,0.0
route,HOU->BNA,8,8,0,0.0
route,HOU->BOS,10,10,0,0.0
route,HOU->BUR,3,3,0,0.0
route,HOU->BWI,6,6,0,0.0
route,HOU->CHS,5,5,0,0.0
route,HOU->CLT,3,3,0,0.0
route,HOU->CMH,1,1,0,0.0
route,HOU->CRP,9,9,0,0.0
route,HOU->DAL,57,57,0,0.0
route,HOU->DCA,10,10,0,0.0
route,HOU->DEN,13,13,0,0.0
route,HOU->DFW,13,13,0,0.0
route,HOU->ECP,5,5,0,0.0
route,HOU->ELP,3,3,0,0.0
route,HOU->FLL,13,13,0,0.0
route,HOU->HRL,16,16,0,0.0
route,HOU->IND,4,4,0,0.0
route,HOU->JAX,3,3,0,0.0
route,HOU->JFK,4,4,0,0.0
route,HOU->LAS,14,14,0,0.0
route,HOU->LAX,18,18,0,0.0
route,HOU->LGA,8,8,0,0.0
route,HOU->MAF,16,16,0,0.0
route,HOU->MCI,13,13,0,0.0
route,HOU->MCO,15,15,0,0.0
route,HOU->MDW,23,23,0,0.0
route,HOU->MEM,8,8,0,0.0
route,HOU->MKE,4,4,0,0.0
route,HOU->MSY,36,36,0,0.0
route,HOU->OAK,8,8,0,0.0
route,HOU->OKC,13,13,0,0.0
route,HOU->OMA,5,5,0,0.0
route,HOU->PDX,1,1,0,0.0
route,HOU->PHL,1,1,0,0.0
route,HOU->PHX,16,16,0,0.0
route,HOU->PIT,5,5,0,0.0
route,HOU->PNS,3,3,0,0.0
route,HOU->RDU,1,1,0,0.0
route,HOU->SAN,4,4,0,0.0
route,HOU->SAT,14,14,0,0.0
route,HOU->SDF,1,1,0,0.0
route,HOU->SJC,6,6,0,0.0
route,HOU->SJU,1,1,0,0.0
route,HOU->SNA,2,2,0,0.0
route,HOU->STL,12,12,0,0.0
route,HOU->TPA,13,13,0,0.0
route,HOU->TUL,9,9,0,0.0
route,HPN->ATL,7,7,0,0.0
route,HPN->CLT,1,1,0,0.0
route,HPN->DCA,9,9,0,0.0
route,HPN->DTW,3,3,0,0.0
route,HPN->FLL,5,5,0,0.0
route,HPN->MCO,7,7,0,0.0
route,HPN->ORD,13,13,0,0.0
route,HPN->PBI,14,14,0,0.0
route,HPN->RSW,1,1,0,0.0
route,HPN->TPA,1,1,0,0.0
route,HRL->AUS,1,1,0,0.0
route,HRL->DEN,1,1,0,0.0
route,HRL->DFW,6,6,0,0.0
route,HRL->HOU,13,13,0,0.0
route,HRL->IAH,9,9,0,0.0
route,HSV->ATL,10,10,0,0.0
route,HSV->CLT,1,1,0,0.0
route,HSV->DCA,2,2,0,0.0
route,HSV->DEN,5,5,0,0.0
route,HSV->DFW,8,8,0,0.0
route,HSV->DTW,1,1,0,0.0
route,HSV->IAD,2,2,0,0.0
route,HSV->IAH,6,6,0,0.0
route,HSV->ORD,2,2,0,0.0
route,HTS->CLT,5,5,0,0.0
route,HTS->PGD,1,1,0,0.0
route,HTS->SFB,2,2,0,0.0
route,HVN->PHL,4,4,0,0.0
route,HYS->DEN,5,5,0,0.0
route,HYS->SLN,3,3,0,0.0
route,IAD->ALB,9,9,0,0.0
route,IAD->ATL,30,30,0,0.0
route,IAD->AUS,14,14,0,0.0
route,IAD->AVL,3,3,0,0.0
route,IAD->AVP,2,2,0,0.0
route,IAD->BDL,9,9,0,0.0
route,IAD->BNA,10,10,0,0.0
route,IAD->BOS,20,20,0,0.0
route,IAD->BTV,4,4,0,0.0
route,IAD->BUF,10,10,0,0.0
route,IAD->CAE,14,14,0,0.0
route,IAD->CHA,5,5,0,0.0
route,IAD->CHO,4,4,0,0.0
route,IAD->CHS,12,12,0,0.0
route,IAD->CKB,1,1,0,0.0
route,IAD->CLE,8,8,0,0.0
route,IAD->CLT,18,18,0,0.0
route,IAD->CMH,13,13,0,0.0
route,IAD->COS,1,1,0,0.0
route,IAD->CRW,2,2,0,0.0
route,IAD->CVG,12,12,0,0.0
route,IAD->DAY,6,6,0,0.0
route,IAD->DEN,34,34,0,0.0
route,IAD->DFW,17,17,0,0.0
route,IAD->DTW,19,19,0,0.0
route,IAD->ELM,3,3,0,0.0
route,IAD->EWR,15,15,0,0.0
route,IAD->FAY,7,7,0,0.0
route,IAD->FLL,7,7,0,0.0
route,IAD->GRR,2,2,0,0.0
route,IAD->GSO,6,6,0,0.0
route,IAD->GSP,7,7,0,0.0
route,IAD->HHH,5,5,0,0.0
route,IAD->HNL,1,1,0,0.0
route,IAD->HSV,5,5,0,0.0
route,IAD->IAH,24,24,0,0.0
route,IAD->ILM,7,7,0,0.0
route,IAD->IND,9,9,0,0.0
route,IAD->ITH,9,9,0,0.0
route,IAD->JAX,8,8,0,0.0
route,IAD->JFK,7,7,0,0.0
route,IAD->LAS,9,9,0,0.0
route,IAD->LAX,25,25,0,0.0
route,IAD->LEX,1,1,0,0.0
route,IAD->LGA,11,11,0,0.0
route,IAD->LWB,1,1,0,0.0
route,IAD->MCI,10,10,0,0.0
route,IAD->MCO,7,7,0,0.0
route,IAD->MDT,15,15,0,0.0
route,IAD->MHT,2,2,0,0.0
route,IAD->MSP,10,10,0,0.0
route,IAD->MSY,5,5,0,0.0
route,IAD->OGS,2,2,0,0.0
route,IAD->OKC,5,5,0,0.0
route,IAD->ORD,18,18,0,0.0
route,IAD->ORF,10,10,0,0.0
route,IAD->PBG,3,3,0,0.0
route,IAD->PDX,7,7,0,0.0
route,IAD->PHL,7,7,0,0.0
route,IAD->PHX,5,5,0,0.0
route,IAD->PIT,12,12,0,0.0
route,IAD->PVD,5,5,0,0.0
route,IAD->PWM,16,16,0,0.0
route,IAD->RDU,13,13,0,0.0
route,IAD->RIC,10,10,0,0.0
route,IAD->ROA,11,11,0,0.0
route,IAD->ROC,8,8,0,0.0
route,IAD->SAN,10,10,0,0.0
route,IAD->SAT,4,4,0,0.0
route,IAD->SAV,8,8,0,0.0
route,IAD->SCE,6,6,0,0.0
route,IAD->SDF,5,5,0,0.0
route,IAD->SEA,9,9,0,0.0
route,IAD->SFO,45,45,0,0.0
route,IAD->SHD,3,3,0,0.0
route,IAD->SLC,2,2,0,0.0
route,IAD->SMF,6,6,0,0.0
route,IAD->STL,15,15,0,0.0
route,IAD->SYR,19,19,0,0.0
route,IAD->TPA,11,11,0,0.0
route,IAD->TUL,2,2,0,0.0
route,IAD->TYS,11,11,0,0.0
route,IAG->FLL,1,1,0,0.0
route,IAG->MYR,3,3,0,0.0
route,IAG->PGD,1,1,0,0.0
route,IAG->SFB,1,1,0,0.0
route,IAH->ABQ,12,12,0,0.0
route,IAH->AEX,7,7,0,0.0
route,IAH->AMA,6,6,0,0.0
route,IAH->ATL,38,38,0,0.0
route,IAH->AUS,28,28,0,0.0
route,IAH->BDL,1,1,0,0.0
route,IAH->BHM,17,17,0,0.0
route,IAH->BNA,12,12,0,0.0
route,IAH->BOI,3,3,0,0.0
route,IAH->BOS,19,19,0,0.0
route,IAH->BRO,13,13,0,0.0
route,IAH->BTR,17,17,0,0.0
route,IAH->BWI,7,7,0,0.0
route,IAH->CAE,5,5,0,0.0
route,IAH->CAK,4,4,0,0.0
route,IAH->CHS,8,8,0,0.0
route,IAH->CLE,16,16,0,0.0
route,IAH->CLL,12,12,0,0.0
route,IAH->CLT,29,29,0,0.0
route,IAH->CMH,10,10,0,0.0
route,IAH->COS,3,3,0,0.0
route,IAH->CRP,19,19,0,0.0
route,IAH->CRW,2,2,0,0.0
route,IAH->CVG,17,17,0,0.0
route,IAH->DAY,2,2,0,0.0
route,IAH->DCA,35,35,0,0.0
route,IAH->DEN,41,41,0,0.0
route,IAH->DFW,40,40,0,0.0
route,IAH->DSM,6,6,0,0.0
route,IAH->DTW,27,27,0,0.0
route,IAH->ECP,5,5,0,0.0
route,IAH->ELP,14,14,0,0.0
route,IAH->EWR,40,40,0,0.0
route,IAH->FLL,25,25,0,0.0
route,IAH->GPT,12,12,0,0.0
route,IAH->GRK,5,5,0,0.0
route,IAH->GRR,4,4,0,0.0
route,IAH->GSP,2,2,0,0.0
route,IAH->HNL,3,3,0,0.0
route,IAH->HOB,4,4,0,0.0
route,IAH->HRL,13,13,0,0.0
route,IAH->HSV,11,11,0,0.0
route,IAH->IAD,12,12,0,0.0
route,IAH->ICT,16,16,0,0.0
route,IAH->IND,14,14,0,0.0
route,IAH->JAN,14,14,0,0.0
route,IAH->JAX,17,17,0,0.0
route,IAH->LAS,40,40,0,0.0
route,IAH->LAX,43,43,0,0.0
route,IAH->LBB,14,14,0,0.0
route,IAH->LCH,7,7,0,0.0
route,IAH->LEX,4,4,0,0.0
route,IAH->LFT,10,10,0,0.0
route,IAH->LGA,28,28,0,0.0
route,IAH->LIT,14,14,0,0.0
route,IAH->LRD,8,8,0,0.0
route,IAH->MAF,25,25,0,0.0
route,IAH->MCI,13,13,0,0.0
route,IAH->MCO,29,29,0,0.0
route,IAH->MEM,18,18,0,0.0
route,IAH->MFE,23,23,0,0.0
route,IAH->MIA,21,21,0,0.0
route,IAH->MKE,5,5,0,0.0
route,IAH->MLU,5,5,0,0.0
route,IAH->MOB,19,19,0,0.0
route,IAH->MSP,18,18,0,0.0
route,IAH->MSY,32,32,0,0.0
route,IAH->MYR,1,1,0,0.0
route,IAH->OAK,5,5,0,0.0
route,IAH->OKC,25,25,0,0.0
route,IAH->OMA,6,6,0,0.0
route,IAH->ORD,42,42,0,0.0
route,IAH->ORF,6,6,0,0.0
route,IAH->PBI,6,6,0,0.0
route,IAH->PDX,5,5,0,0.0
route,IAH->PHL,19,19,0,0.0
route,IAH->PHX,17,17,0,0.0
route,IAH->PIT,10,10,0,0.0
route,IAH->PNS,24,24,0,0.0
route,IAH->RDU,13,13,0,0.0
route,IAH->RIC,7,7,0,0.0
route,IAH->RNO,4,4,0,0.0
route,IAH->RSW,8,8,0,0.0
route,IAH->SAN,19,19,0,0.0
route,IAH->SAT,26,26,0,0.0
route,IAH->SAV,6,6,0,0.0
route,IAH->SDF,10,10,0,0.0
route,IAH->SEA,22,22,0,0.0
route,IAH->SFO,31,31,0,0.0
route,IAH->SGF,8,8,0,0.0
route,IAH->SHV,12,12,0,0.0
route,IAH->SJC,7,7,0,0.0
route,IAH->SJU,8,8,0,0.0
route,IAH->SLC,19,19,0,0.0
route,IAH->SMF,3,3,0,0.0
route,IAH->SNA,16,16,0,0.0
route,IAH->STL,16,16,0,0.0
route,IAH->STT,2,2,0,0.0
route,IAH->TPA,18,18,0,0.0
route,IAH->TUL,27,27,0,0.0
route,IAH->TUS,6,6,0,0.0
route,IAH->TYS,6,6,0,0.0
route,IAH->VPS,7,7,0,0.0
route,IAH->XNA,14,14,0,0.0
route,ICT->ATL,7,7,0,0.0
route,ICT->DEN,12,12,0,0.0
route,ICT->DFW,6,6,0,0.0
route,ICT->IAH,7,7,0,0.0
route,ICT->LAS,4,4,0,0.0
route,ICT->MSP,1,1,0,0.0
route,ICT->ORD,22,22,0,0.0
route,ICT->PHX,3,3,0,0.0
route,ICT->SEA,2,2,0,0.0
route,ICT->SFB,1,1,0,0.0
route,ICT->STL,3,3,0,0.0
route,IDA->AZA,3,3,0,0.0
route,IDA->DEN,5,5,0,0.0
route,IDA->SLC,5,5,0,0.0
route,ILM->ATL,7,7,0,0.0
route,ILM->CLT,10,10,0,0.0
route,ILM->DCA,1,1,0,0.0
route,ILM->DFW,1,1,0,0.0
route,ILM->IAD,7,7,0,0.0
route,ILM->LGA,1,1,0,0.0
route,ILM->ORD,8,8,0,0.0
route,ILM->PHL,5,5,0,0.0
route,IMT->DTW,2,2,0,0.0
route,IMT->MSP,2,2,0,0.0
route,IND->ATL,31,31,0,0.0
route,IND->AUS,2,2,0,0.0
route,IND->BOS,11,11,0,0.0
route,IND->BWI,12,12,0,0.0
route,IND->CLT,10,10,0,0.0
route,IND->DAL,4,4,0,0.0
route,IND->DCA,9,9,0,0.0
route,IND->DEN,24,24,0,0.0
route,IND->DFW,9,9,0,0.0
route,IND->DTW,7,7,0,0.0
route,IND->EWR,31,31,0,0.0
route,IND->FLL,5,5,0,0.0
route,IND->HOU,4,4,0,0.0
route,IND->IAD,11,11,0,0.0
route,IND->IAH,18,18,0,0.0
route,IND->JAX,3,3,0,0.0
route,IND->JFK,2,2,0,0.0
route,IND->LAS,16,16,0,0.0
route,IND->LAX,6,6,0,0.0
route,IND->LGA,11,11,0,0.0
route,IND->MCI,5,5,0,0.0
route,IND->MCO,17,17,0,0.0
route,IND->MDW,5,5,0,0.0
route,IND->MIA,5,5,0,0.0
route,IND->MSP,9,9,0,0.0
route,IND->MSY,2,2,0,0.0
route,IND->MYR,2,2,0,0.0
route,IND->OAK,1,1,0,0.0
route,IND->ORD,39,39,0,0.0
route,IND->PHL,6,6,0,0.0
route,IND->PHX,7,7,0,0.0
route,IND->PIE,4,4,0,0.0
route,IND->RDU,2,2,0,0.0
route,IND->RSW,5,5,0,0.0
route,IND->SAV,1,1,0,0.0
route,IND->SEA,3,3,0,0.0
route,IND->SFB,3,3,0,0.0
route,IND->SFO,9,9,0,0.0
route,IND->SLC,3,3,0,0.0
route,IND->TPA,16,16,0,0.0
route,IND->VPS,2,2,0,0.0
route,IPT->PHL,3,3,0,0.0
route,ISN->DEN,14,14,0,0.0
route,ISN->MSP,2,2,0,0.0
route,ISP->ATL,1,1,0,0.0
route,ISP->BWI,12,12,0,0.0
route,ISP->DTW,1,1,0,0.0
route,ISP->FLL,2,2,0,0.0
route,ISP->MCO,17,17,0,0.0
route,ISP->MYR,1,1,0,0.0
route,ISP->ORD,4,4,0,0.0
route,ISP->PBI,9,9,0,0.0
route,ISP->PHL,1,1,0,0.0
route,ISP->RDU,1,1,0,0.0
route,ISP->SJU,1,1,0,0.0
route,ISP->TPA,3,3,0,0.0
route,ITH->DTW,6,6,0,0.0
route,ITH->EWR,6,6,0,0.0
route,ITH->IAD,4,4,0,0.0
route,ITH->PHL,1,1,0,0.0
route,ITO->HNL,47,47,0,0.0
route,ITO->LAX,1,1,0,0.0
route,ITO->OGG,8,8,0,0.0
route,JAC->DEN,5,5,0,0.0
route,JAC->DFW,3,3,0,0.0
route,JAC->SLC,5,5,0,0.0
route,JAN->ATL,7,7,0,0.0
route,JAN->CLT,5,5,0,0.0
route,JAN->DCA,2,2,0,0.0
route,JAN->DFW,10,10,0,0.0
route,JAN->IAH,14,14,0,0.0
route,JAN->ORD,7,7,0,0.0
route,JAX->ATL,25,25,0,0.0
route,JAX->BLV,1,1,0,0.0
route,JAX->BNA,5,5,0,0.0
route,JAX->BOS,13,13,0,0.0
route,JAX->BWI,12,12,0,0.0
route,JAX->CLE,1,1,0,0.0
route,JAX->CLT,17,17,0,0.0
route,JAX->CVG,3,3,0,0.0
route,JAX->DAL,1,1,0,0.0
route,JAX->DCA,11,11,0,0.0
route,JAX->DEN,8,8,0,0.0
route,JAX->DFW,4,4,0,0.0
route,JAX->DTW,3,3,0,0.0
route,JAX->EWR,15,15,0,0.0
route,JAX->FLL,15,15,0,0.0
route,JAX->HOU,4,4,0,0.0
route,JAX->IAD,10,10,0,0.0
route,JAX->IAH,8,8,0,0.0
route,JAX->IND,2,2,0,0.0
route,JAX->JFK,12,12,0,0.0
route,JAX->LAS,1,1,0,0.0
route,JAX->LCK,1,1,0,0.0
route,JAX->LGA,2,2,0,0.0
route,JAX->MDW,1,1,0,0.0
route,JAX->MIA,12,12,0,0.0
route,JAX->MSP,2,2,0,0.0
route,JAX->ORD,12,12,0,0.0
route,JAX->PHL,6,6,0,0.0
route,JAX->PIT,1,1,0,0.0
route,JAX->TTN,1,1,0,0.0
route,JFK->ABQ,4,4,0,0.0
route,JFK->ACK,6,6,0,0.0
route,JFK->ATL,14,14,0,0.0
route,JFK->AUS,10,10,0,0.0
route,JFK->BNA,11,11,0,0.0
route,JFK->BOS,32,32,0,0.0
route,JFK->BQN,10,10,0,0.0
route,JFK->BTV,17,17,0,0.0
route,JFK->BUF,32,32,0,0.0
route,JFK->BUR,1,1,0,0.0
route,JFK->BWI,9,9,0,0.0
route,JFK->CHS,13,13,0,0.0
route,JFK->CLE,6,6,0,0.0
route,JFK->CLT,22,22,0,0.0
route,JFK->CMH,7,7,0,0.0
route,JFK->CVG,4,4,0,0.0
route,JFK->DAB,3,3,0,0.0
route,JFK->DCA,8,8,0,0.0
route,JFK->DEN,7,7,0,0.0
route,JFK->DFW,15,15,0,0.0
route,JFK->DTW,8,8,0,0.0
route,JFK->FLL,26,26,0,0.0
route,JFK->HNL,5,5,0,0.0
route,JFK->HOU,2,2,0,0.0
route,JFK->IAD,7,7,0,0.0
route,JFK->IND,6,6,0,0.0
route,JFK->JAX,16,16,0,0.0
route,JFK->LAS,28,28,0,0.0
route,JFK->LAX,79,79,0,0.0
route,JFK->LGB,6,6,0,0.0
route,JFK->MCO,27,27,0,0.0
route,JFK->MIA,17,17,0,0.0
route,JFK->MSP,4,4,0,0.0
route,JFK->MSY,7,7,0,0.0
route,JFK->MVY,1,1,0,0.0
route,JFK->OAK,1,1,0,0.0
route,JFK->ONT,2,2,0,0.0
route,JFK->ORD,23,23,0,0.0
route,JFK->ORF,4,4,0,0.0
route,JFK->ORH,2,2,0,0.0
route,JFK->PBI,14,14,0,0.0
route,JFK->PDX,10,10,0,0.0
route,JFK->PHX,13,13,0,0.0
route,JFK->PIT,7,7,0,0.0
route,JFK->PSE,2,2,0,0.0
route,JFK->PWM,8,8,0,0.0
route,JFK->RDU,21,21,0,0.0
route,JFK->RIC,6,6,0,0.0
route,JFK->RNO,4,4,0,0.0
route,JFK->ROC,18,18,0,0.0
route,JFK->RSW,8,8,0,0.0
route,JFK->SAN,9,9,0,0.0
route,JFK->SAV,10,10,0,0.0
route,JFK->SEA,21,21,0,0.0
route,JFK->SFO,50,50,0,0.0
route,JFK->SJC,7,7,0,0.0
route,JFK->SJU,18,18,0,0.0
route,JFK->SLC,7,7,0,0.0
route,JFK->SMF,3,3,0,0.0
route,JFK->SRQ,4,4,0,0.0
route,JFK->STT,1,1,0,0.0
route,JFK->SYR,6,6,0,0.0
route,JFK->TPA,16,16,0,0.0
route,JHM->HNL,14,14,0,0.0
route,JLN->DFW,2,2,0,0.0
route,JMS->DEN,3,3,0,0.0
route,JMS->DVL,2,2,0,0.0
route,JNU->ANC,10,10,0,0.0
route,JNU->KTN,3,3,0,0.0
route,JNU->PSG,3,3,0,0.0
route,JNU->SEA,11,11,0,0.0
route,JNU->SIT,4,4,0,0.0
route,JNU->YAK,2,2,0,0.0
route,KOA->DEN,4,4,0,0.0
route,KOA->HNL,72,72,0,0.0
route,KOA->LAX,16,16,0,0.0
route,KOA->LIH,4,4,0,0.0
route,KOA->OAK,3,3,0,0.0
route,KOA->OGG,11,11,0,0.0
route,KOA->PDX,1,1,0,0.0
route,KOA->PHX,1,1,0,0.0
route,KOA->SAN,1,1,0,0.0
route,KOA->SEA,7,7,0,0.0
route,KOA->SFO,13,13,0,0.0
route,KOA->SJC,3,3,0,0.0
route,KOA->SMF,1,1,0,0.0
route,KTN->JNU,3,3,0,0.0
route,KTN->SEA,4,4,0,0.0
route,KTN->SIT,5,5,0,0.0
route,KTN->WRG,2,2,0,0.0
route,LAN->DTW,6,6,0,0.0
route,LAN->MSP,1,1,0,0.0
route,LAN->ORD,18,18,0,0.0
route,LAR->DEN,7,7,0,0.0
route,LAS->ABQ,10,10,0,0.0
route,LAS->AMA,3,3,0,0.0
route,LAS->ATL,30,30,0,0.0
route,LAS->ATW,1,1,0,0.0
route,LAS->AUS,14,14,0,0.0
route,LAS->BDL,1,1,0,0.0
route,LAS->BHM,1,1,0,0.0
route,LAS->BIL,1,1,0,0.0
route,LAS->BIS,3,3,0,0.0
route,LAS->BLI,10,10,0,0.0
route,LAS->BNA,19,19,0,0.0
route,LAS->BOI,9,9,0,0.0
route,LAS->BOS,17,17,0,0.0
route,LAS->BUF,2,2,0,0.0
route,LAS->BUR,34,34,0,0.0
route,LAS->BWI,25,25,0,0.0
route,LAS->BZN,1,1,0,0.0
route,LAS->CLE,4,4,0,0.0
route,LAS->CLT,7,7,0,0.0
route,LAS->CMH,9,9,0,0.0
route,LAS->COS,4,4,0,0.0
route,LAS->CVG,6,6,0,0.0
route,LAS->DAL,14,14,0,0.0
route,LAS->DCA,2,2,0,0.0
route,LAS->DEN,61,61,0,0.0
route,LAS->DFW,23,23,0,0.0
route,LAS->DSM,6,6,0,0.0
route,LAS->DTW,20,20,0,0.0
route,LAS->ELP,13,13,0,0.0
route,LAS->EUG,2,2,0,0.0
route,LAS->EWR,18,18,0,0.0
route,LAS->FAR,3,3,0,0.0
route,LAS->FAT,4,4,0,0.0
route,LAS->FCA,3,3,0,0.0
route,LAS->FLL,13,13,0,0.0
route,LAS->FSD,2,2,0,0.0
route,LAS->GEG,8,8,0,0.0
route,LAS->GFK,1,1,0,0.0
route,LAS->GRR,2,2,0,0.0
route,LAS->GTF,2,2,0,0.0
route,LAS->HNL,10,10,0,0.0
route,LAS->HOU,9,9,0,0.0
route,LAS->IAD,7,7,0,0.0
route,LAS->IAH,36,36,0,0.0
route,LAS->ICT,4,4,0,0.0
route,LAS->IDA,2,2,0,0.0
route,LAS->IND,17,17,0,0.0
route,LAS->JAX,1,1,0,0.0
route,LAS->JFK,23,23,0,0.0
route,LAS->LAX,102,102,0,0.0
route,LAS->LBB,6,6,0,0.0
route,LAS->LGB,20,20,0,0.0
route,LAS->LIT,3,3,0,0.0
route,LAS->MAF,6,6,0,0.0
route,LAS->MCI,14,14,0,0.0
route,LAS->MCO,8,8,0,0.0
route,LAS->MDW,40,40,0,0.0
route,LAS->MEM,4,4,0,0.0
route,LAS->MFE,4,4,0,0.0
route,LAS->MFR,2,2,0,0.0
route,LAS->MIA,7,7,0,0.0
route,LAS->MKE,12,12,0,0.0
route,LAS->MLI,2,2,0,0.0
route,LAS->MOT,1,1,0,0.0
route,LAS->MSN,2,2,0,0.0
route,LAS->MSO,1,1,0,0.0
route,LAS->MSP,6,6,0,0.0
route,LAS->MSY,12,12,0,0.0
route,LAS->OAK,38,38,0,0.0
route,LAS->OKC,7,7,0,0.0
route,LAS->OMA,15,15,0,0.0
route,LAS->ONT,18,18,0,0.0
route,LAS->ORD,38,38,0,0.0
route,LAS->ORF,1,1,0,0.0
route,LAS->PDX,34,34,0,0.0
route,LAS->PHL,13,13,0,0.0
route,LAS->PHX,43,43,0,0.0
route,LAS->PIA,2,2,0,0.0
route,LAS->PIT,5,5,0,0.0
route,LAS->PSC,2,2,0,0.0
route,LAS->RAP,2,2,0,0.0
route,LAS->RDU,9,9,0,0.0
route,LAS->RFD,1,1,0,0.0
route,LAS->RNO,45,45,0,0.0
route,LAS->SAN,40,40,0,0.0
route,LAS->SAT,14,14,0,0.0
route,LAS->SBN,1,1,0,0.0
route,LAS->SCK,5,5,0,0.0
route,LAS->SDF,5,5,0,0.0
route,LAS->SEA,48,48,0,0.0
route,LAS->SFO,64,64,0,0.0
route,LAS->SGF,2,2,0,0.0
route,LAS->SHV,1,1,0,0.0
route,LAS->SJC,45,45,0,0.0
route,LAS->SLC,22,22,0,0.0
route,LAS->SMF,26,26,0,0.0
route,LAS->SNA,26,26,0,0.0
route,LAS->STL,8,8,0,0.0
route,LAS->TPA,12,12,0,0.0
route,LAS->TUL,5,5,0,0.0
route,LAS->TUS,10,10,0,0.0
route,LAS->XNA,1,1,0,0.0
route,LAW->DFW,2,2,0,0.0
route,LAX->ABQ,15,15,0,0.0
route,LAX->ANC,7,7,0,0.0
route,LAX->ATL,28,28,0,0.0
route,LAX->AUS,25,25,0,0.0
route,LAX->BLI,2,2,0,0.0
route,LAX->BNA,9,9,0,0.0
route,LAX->BOI,6,6,0,0.0
route,LAX->BOS,36,36,0,0.0
route,LAX->BUF,1,1,0,0.0
route,LAX->BWI,12,12,0,0.0
route,LAX->BZN,1,1,0,0.0
route,LAX->CLE,8,8,0,0.0
route,LAX->CLT,9,9,0,0.0
route,LAX->CMH,3,3,0,0.0
route,LAX->COS,6,6,0,0.0
route,LAX->CVG,3,3,0,0.0
route,LAX->DAL,31,31,0,0.0
route,LAX->DCA,13,13,0,0.0
route,LAX->DEN,72,72,0,0.0
route,LAX->DFW,43,43,0,0.0
route,LAX->DTW,12,12,0,0.0
route,LAX->ELP,13,13,0,0.0
route,LAX->EUG,8,8,0,0.0
route,LAX->EWR,41,41,0,0.0
route,LAX->FAT,17,17,0,0.0
route,LAX->FLL,13,13,0,0.0
route,LAX->HNL,40,40,0,0.0
route,LAX->HOU,21,21,0,0.0
route,LAX->IAD,30,30,0,0.0
route,LAX->IAH,43,43,0,0.0
route,LAX->IND,7,7,0,0.0
route,LAX->ITO,4,4,0,0.0
route,LAX->JFK,86,86,0,0.0
route,LAX->KOA,15,15,0,0.0
route,LAX->LAS,87,87,0,0.0
route,LAX->LIH,15,15,0,0.0
route,LAX->MCI,14,14,0,0.0
route,LAX->MCO,22,22,0,0.0
route,LAX->MDW,21,21,0,0.0
route,LAX->MEM,1,1,0,0.0
route,LAX->MFR,10,10,0,0.0
route,LAX->MIA,14,14,0,0.0
route,LAX->MKE,2,2,0,0.0
route,LAX->MMH,3,3,0,0.0
route,LAX->MRY,15,15,0,0.0
route,LAX->MSN,1,1,0,0.0
route,LAX->MSP,14,14,0,0.0
route,LAX->MSY,18,18,0,0.0
route,LAX->OAK,48,48,0,0.0
route,LAX->OGG,19,19,0,0.0
route,LAX->OKC,3,3,0,0.0
route,LAX->OMA,4,4,0,0.0
route,LAX->ORD,53,53,0,0.0
route,LAX->PAE,8,8,0,0.0
route,LAX->PDX,40,40,0,0.0
route,LAX->PHL,18,18,0,0.0
route,LAX->PHX,35,35,0,0.0
route,LAX->PIT,4,4,0,0.0
route,LAX->PRC,3,3,0,0.0
route,LAX->PSC,3,3,0,0.0
route,LAX->PSP,6,6,0,0.0
route,LAX->RDD,3,3,0,0.0
route,LAX->RDM,6,6,0,0.0
route,LAX->RDU,2,2,0,0.0
route,LAX->RNO,32,32,0,0.0
route,LAX->SAN,26,26,0,0.0
route,LAX->SAT,30,30,0,0.0
route,LAX->SBA,8,8,0,0.0
route,LAX->SBP,10,10,0,0.0
route,LAX->SDF,4,4,0,0.0
route,LAX->SEA,69,69,0,0.0
route,LAX->SFO,139,139,0,0.0
route,LAX->SGF,6,6,0,0.0
route,LAX->SGU,3,3,0,0.0
route,LAX->SJC,69,69,0,0.0
route,LAX->SLC,26,26,0,0.0
route,LAX->SMF,51,51,0,0.0
route,LAX->STL,27,27,0,0.0
route,LAX->STS,10,10,0,0.0
route,LAX->TPA,7,7,0,0.0
route,LAX->TUL,2,2,0,0.0
route,LAX->TUS,13,13,0,0.0
route,LAX->XNA,1,1,0,0.0
route,LBB->AUS,3,3,0,0.0
route,LBB->DAL,23,23,0,0.0
route,LBB->DEN,7,7,0,0.0
route,LBB->DFW,16,16,0,0.0
route,LBB->IAH,16,16,0,0.0
route,LBB->LAS,5,5,0,0.0
route,LBE->FLL,2,2,0,0.0
route,LBE->MCO,4,4,0,0.0
route,LBE->MYR,3,3,0,0.0
route,LBF->DEN,8,8,0,0.0
route,LBL->DEN,3,3,0,0.0
route,LBL->PUB,4,4,0,0.0
route,LCH->DFW,5,5,0,0.0
route,LCH->IAH,16,16,0,0.0
route,LCK->FLL,3,3,0,0.0
route,LCK->MSY,1,1,0,0.0
route,LCK->MYR,4,4,0,0.0
route,LCK->PGD,1,1,0,0.0
route,LCK->PIE,2,2,0,0.0
route,LCK->SAV,1,1,0,0.0
route,LCK->SFB,1,1,0,0.0
route,LCK->VPS,1,1,0,0.0
route,LEX->ATL,8,8,0,0.0
route,LEX->CLT,4,4,0,0.0
route,LEX->DCA,1,1,0,0.0
route,LEX->DFW,4,4,0,0.0
route,LEX->DTW,9,9,0,0.0
route,LEX->EWR,4,4,0,0.0
route,LEX->FLL,2,2,0,0.0
route,LEX->IAD,2,2,0,0.0
route,LEX->IAH,3,3,0,0.0
route,LEX->LGA,2,2,0,0.0
route,LEX->MYR,1,1,0,0.0
route,LEX->ORD,11,11,0,0.0
route,LEX->PGD,3,3,0,0.0
route,LEX->PHL,4,4,0,0.0
route,LEX->PIE,2,2,0,0.0
route,LEX->SFB,6,6,0,0.0
route,LFT->ATL,6,6,0,0.0
route,LFT->DFW,5,5,0,0.0
route,LFT->IAH,12,12,0,0.0
route,LGA->ATL,57,57,0,0.0
route,LGA->BGR,3,3,0,0.0
route,LGA->BHM,7,7,0,0.0
route,LGA->BNA,24,24,0,0.0
route,LGA->BOS,72,72,0,0.0
route,LGA->BTV,1,1,0,0.0
route,LGA->BUF,4,4,0,0.0
route,LGA->CAE,4,4,0,0.0
route,LGA->CAK,2,2,0,0.0
route,LGA->CHO,2,2,0,0.0
route,LGA->CHS,5,5,0,0.0
route,LGA->CLE,25,25,0,0.0
route,LGA->CLT,22,22,0,0.0
route,LGA->CMH,14,14,0,0.0
route,LGA->CVG,13,13,0,0.0
route,LGA->DAB,2,2,0,0.0
route,LGA->DAL,35,35,0,0.0
route,LGA->DAY,3,3,0,0.0
route,LGA->DCA,23,23,0,0.0
route,LGA->DEN,32,32,0,0.0
route,LGA->DFW,28,28,0,0.0
route,LGA->DSM,1,1,0,0.0
route,LGA->DTW,26,26,0,0.0
route,LGA->FLL,31,31,0,0.0
route,LGA->GRR,4,4,0,0.0
route,LGA->GSO,9,9,0,0.0
route,LGA->GSP,2,2,0,0.0
route,LGA->HOU,9,9,0,0.0
route,LGA->IAD,12,12,0,0.0
route,LGA->IAH,40,40,0,0.0
route,LGA->ILM,6,6,0,0.0
route,LGA->IND,8,8,0,0.0
route,LGA->JAX,4,4,0,0.0
route,LGA->MCI,12,12,0,0.0
route,LGA->MCO,18,18,0,0.0
route,LGA->MDW,26,26,0,0.0
route,LGA->MEM,8,8,0,0.0
route,LGA->MHT,1,1,0,0.0
route,LGA->MIA,25,25,0,0.0
route,LGA->MKE,17,17,0,0.0
route,LGA->MSN,4,4,0,0.0
route,LGA->MSP,15,15,0,0.0
route,LGA->MSY,4,4,0,0.0
route,LGA->MYR,7,7,0,0.0
route,LGA->OMA,3,3,0,0.0
route,LGA->ORD,92,92,0,0.0
route,LGA->ORF,10,10,0,0.0
route,LGA->PBI,16,16,0,0.0
route,LGA->PHL,4,4,0,0.0
route,LGA->PIT,19,19,0,0.0
route,LGA->PWM,6,6,0,0.0
route,LGA->RDU,12,12,0,0.0
route,LGA->RIC,10,10,0,0.0
route,LGA->ROA,1,1,0,0.0
route,LGA->ROC,5,5,0,0.0
route,LGA->RSW,4,4,0,0.0
route,LGA->SAV,3,3,0,0.0
route,LGA->SDF,2,2,0,0.0
route,LGA->SRQ,1,1,0,0.0
route,LGA->STL,20,20,0,0.0
route,LGA->SYR,3,3,0,0.0
route,LGA->TPA,8,8,0,0.0
route,LGA->TYS,3,3,0,0.0
route,LGA->XNA,4,4,0,0.0
route,LGB->AUS,4,4,0,0.0
route,LGB->BOS,3,3,0,0.0
route,LGB->DEN,2,2,0,0.0
route,LGB->FLL,1,1,0,0.0
route,LGB->HNL,2,2,0,0.0
route,LGB->JFK,7,7,0,0.0
route,LGB->LAS,23,23,0,0.0
route,LGB->OAK,13,13,0,0.0
route,LGB->PDX,3,3,0,0.0
route,LGB->PHX,6,6,0,0.0
route,LGB->RNO,3,3,0,0.0
route,LGB->SEA,6,6,0,0.0
route,LGB->SFO,13,13,0,0.0
route,LGB->SJC,20,20,0,0.0
route,LGB->SLC,14,14,0,0.0
route,LGB->SMF,17,17,0,0.0
route,LIH->DEN,1,1,0,0.0
route,LIH->HNL,49,49,0,0.0
route,LIH->KOA,3,3,0,0.0
route,LIH->LAX,13,13,0,0.0
route,LIH->OGG,8,8,0,0.0
route,LIH->PDX,2,2,0,0.0
route,LIH->SAN,4,4,0,0.0
route,LIH->SEA,6,6,0,0.0
route,LIH->SFO,3,3,0,0.0
route,LIH->SJC,4,4,0,0.0
route,LIT->ATL,10,10,0,0.0
route,LIT->CLT,6,6,0,0.0
route,LIT->DAL,11,11,0,0.0
route,LIT->DCA,2,2,0,0.0
route,LIT->DEN,15,15,0,0.0
route,LIT->DFW,10,10,0,0.0
route,LIT->DTW,2,2,0,0.0
route,LIT->IAH,16,16,0,0.0
route,LIT->LAS,7,7,0,0.0
route,LIT->ORD,14,14,0,0.0
route,LIT->PHX,2,2,0,0.0
route,LIT->SFB,1,1,0,0.0
route,LIT->STL,5,5,0,0.0
route,LNK->ATL,2,2,0,0.0
route,LNK->DEN,5,5,0,0.0
route,LNK->MSP,2,2,0,0.0
route,LNK->ORD,6,6,0,0.0
route,LNY->HNL,14,14,0,0.0
route,LRD->DFW,8,8,0,0.0
route,LRD->IAH,6,6,0,0.0
route,LSE->ORD,7,7,0,0.0
route,LWB->IAD,3,3,0,0.0
route,LWB->ORD,1,1,0,0.0
route,LWB->SHD,2,2,0,0.0
route,LWS->BOI,4,4,0,0.0
route,LWS->SEA,4,4,0,0.0
route,LWS->SLC,2,2,0,0.0
route,LYH->CLT,6,6,0,0.0
route,MAF->DAL,15,15,0,0.0
route,MAF->DEN,6,6,0,0.0
route,MAF->DFW,10,10,0,0.0
route,MAF->HOU,9,9,0,0.0
route,MAF->IAH,18,18,0,0.0
route,MAF->LAS,5,5,0,0.0
route,MAF->PHX,3,3,0,0.0
route,MBS->DTW,7,7,0,0.0
route,MBS->MSP,2,2,0,0.0
route,MBS->ORD,8,8,0,0.0
route,MCI->ABQ,3,3,0,0.0
route,MCI->ATL,22,22,0,0.0
route,MCI->AUS,5,5,0,0.0
route,MCI->BNA,12,12,0,0.0
route,MCI->BOS,8,8,0,0.0
route,MCI->BWI,9,9,0,0.0
route,MCI->CLT,2,2,0,0.0
route,MCI->CVG,4,4,0,0.0
route,MCI->DAL,22,22,0,0.0
route,MCI->DCA,5,5,0,0.0
route,MCI->DEN,35,35,0,0.0
route,MCI->DFW,11,11,0,0.0
route,MCI->DTW,9,9,0,0.0
route,MCI->EWR,16,16,0,0.0
route,MCI->FLL,4,4,0,0.0
route,MCI->HOU,4,4,0,0.0
route,MCI->IAD,7,7,0,0.0
route,MCI->IAH,19,19,0,0.0
route,MCI->IND,8,8,0,0.0
route,MCI->LAS,15,15,0,0.0
route,MCI->LAX,13,13,0,0.0
route,MCI->LGA,11,11,0,0.0
route,MCI->MCO,8,8,0,0.0
route,MCI->MDW,32,32,0,0.0
route,MCI->MIA,5,5,0,0.0
route,MCI->MKE,4,4,0,0.0
route,MCI->MSP,15,15,0,0.0
route,MCI->MSY,2,2,0,0.0
route,MCI->OAK,3,3,0,0.0
route,MCI->ORD,28,28,0,0.0
route,MCI->PDX,5,5,0,0.0
route,MCI->PGD,1,1,0,0.0
route,MCI->PHL,9,9,0,0.0
route,MCI->PHX,14,14,0,0.0
route,MCI->PIE,1,1,0,0.0
route,MCI->RDU,4,4,0,0.0
route,MCI->SAN,13,13,0,0.0
route,MCI->SAT,2,2,0,0.0
route,MCI->SEA,11,11,0,0.0
route,MCI->SFB,1,1,0,0.0
route,MCI->SFO,8,8,0,0.0
route,MCI->SLC,7,7,0,0.0
route,MCI->STL,10,10,0,0.0
route,MCI->TPA,5,5,0,0.0
route,MCI->VPS,1,1,0,0.0
route,MCO->ABQ,1,1,0,0.0
route,MCO->ACY,2,2,0,0.0
route,MCO->ALB,8,8,0,0.0
route,MCO->ATL,55,55,0,0.0
route,MCO->AUS,12,12,0,0.0
route,MCO->AVL,2,2,0,0.0
route,MCO->BDL,28,28,0,0.0
route,MCO->BHM,7,7,0,0.0
route,MCO->BNA,12,12,0,0.0
route,MCO->BOS,22,22,0,0.0
route,MCO->BQN,8,8,0,0.0
route,MCO->BUF,20,20,0,0.0
route,MCO->BWI,36,36,0,0.0
route,MCO->CAK,3,3,0,0.0
route,MCO->CLE,11,11,0,0.0
route,MCO->CLT,18,18,0,0.0
route,MCO->CMH,17,17,0,0.0
route,MCO->COS,1,1,0,0.0
route,MCO->CVG,5,5,0,0.0
route,MCO->DAL,14,14,0,0.0
route,MCO->DCA,15,15,0,0.0
route,MCO->DEN,27,27,0,0.0
route,MCO->DFW,15,15,0,0.0
route,MCO->DTW,14,14,0,0.0
route,MCO->EWR,75,75,0,0.0
route,MCO->FLL,22,22,0,0.0
route,MCO->GRR,1,1,0,0.0
route,MCO->HOU,12,12,0,0.0
route,MCO->HPN,13,13,0,0.0
route,MCO->IAD,15,15,0,0.0
route,MCO->IAH,46,46,0,0.0
route,MCO->IND,10,10,0,0.0
route,MCO->ISP,14,14,0,0.0
route,MCO->JFK,23,23,0,0.0
route,MCO->LAS,18,18,0,0.0
route,MCO->LAX,26,26,0,0.0
route,MCO->LBE,4,4,0,0.0
route,MCO->LFT,1,1,0,0.0
route,MCO->LGA,26,26,0,0.0
route,MCO->MCI,10,10,0,0.0
route,MCO->MDT,1,1,0,0.0
route,MCO->MDW,21,21,0,0.0
route,MCO->MEM,7,7,0,0.0
route,MCO->MHT,9,9,0,0.0
route,MCO->MIA,5,5,0,0.0
route,MCO->MKE,20,20,0,0.0
route,MCO->MSP,10,10,0,0.0
route,MCO->MSY,11,11,0,0.0
route,MCO->MYR,1,1,0,0.0
route,MCO->OAK,1,1,0,0.0
route,MCO->ONT,1,1,0,0.0
route,MCO->ORD,32,32,0,0.0
route,MCO->ORF,6,6,0,0.0
route,MCO->ORH,2,2,0,0.0
route,MCO->PDX,2,2,0,0.0
route,MCO->PHL,42,42,0,0.0
route,MCO->PHX,11,11,0,0.0
route,MCO->PIT,17,17,0,0.0
route,MCO->PSE,5,5,0,0.0
route,MCO->PSM,1,1,0,0.0
route,MCO->PVD,25,25,0,0.0
route,MCO->PWM,2,2,0,0.0
route,MCO->RDU,12,12,0,0.0
route,MCO->RIC,7,7,0,0.0
route,MCO->ROC,3,3,0,0.0
route,MCO->SAN,9,9,0,0.0
route,MCO->SAT,8,8,0,0.0
route,MCO->SDF,4,4,0,0.0
route,MCO->SEA,6,6,0,0.0
route,MCO->SFO,18,18,0,0.0
route,MCO->SJC,2,2,0,0.0
route,MCO->SJU,49,49,0,0.0
route,MCO->SLC,6,6,0,0.0
route,MCO->SMF,1,1,0,0.0
route,MCO->STL,19,19,0,0.0
route,MCO->SWF,1,1,0,0.0
route,MCO->SYR,2,2,0,0.0
route,MCO->TTN,2,2,0,0.0
route,MCO->TUL,1,1,0,0.0
route,MDT->ATL,3,3,0,0.0
route,MDT->BOS,3,3,0,0.0
route,MDT->CLT,7,7,0,0.0
route,MDT->DTW,4,4,0,0.0
route,MDT->IAD,11,11,0,0.0
route,MDT->ORD,11,11,0,0.0
route,MDT->PGD,1,1,0,0.0
route,MDT->PHL,7,7,0,0.0
route,MDT->PIE,1,1,0,0.0
route,MDT->SFB,3,3,0,0.0
route,MDW->ABQ,6,6,0,0.0
route,MDW->ALB,11,11,0,0.0
route,MDW->ATL,29,29,0,0.0
route,MDW->AUS,9,9,0,0.0
route,MDW->BDL,9,9,0,0.0
route,MDW->BHM,6,6,0,0.0
route,MDW->BNA,19,19,0,0.0
route,MDW->BOS,11,11,0,0.0
route,MDW->BUF,17,17,0,0.0
route,MDW->BUR,1,1,0,0.0
route,MDW->BWI,26,26,0,0.0
route,MDW->CHS,10,10,0,0.0
route,MDW->CLE,10,10,0,0.0
route,MDW->CLT,14,14,0,0.0
route,MDW->CMH,17,17,0,0.0
route,MDW->CVG,12,12,0,0.0
route,MDW->DAL,20,20,0,0.0
route,MDW->DCA,21,21,0,0.0
route,MDW->DEN,29,29,0,0.0
route,MDW->DTW,17,17,0,0.0
route,MDW->EWR,16,16,0,0.0
route,MDW->FLL,19,19,0,0.0
route,MDW->FNT,6,6,0,0.0
route,MDW->GRR,15,15,0,0.0
route,MDW->HOU,26,26,0,0.0
route,MDW->IND,8,8,0,0.0
route,MDW->JAX,6,6,0,0.0
route,MDW->LAS,32,32,0,0.0
route,MDW->LAX,26,26,0,0.0
route,MDW->LGA,18,18,0,0.0
route,MDW->MCI,26,26,0,0.0
route,MDW->MCO,26,26,0,0.0
route,MDW->MEM,9,9,0,0.0
route,MDW->MHT,6,6,0,0.0
route,MDW->MSP,22,22,0,0.0
route,MDW->MSY,12,12,0,0.0
route,MDW->OAK,10,10,0,0.0
route,MDW->OKC,2,2,0,0.0
route,MDW->OMA,15,15,0,0.0
route,MDW->ONT,6,6,0,0.0
route,MDW->ORF,6,6,0,0.0
route,MDW->PDX,7,7,0,0.0
route,MDW->PHL,18,18,0,0.0
route,MDW->PHX,27,27,0,0.0
route,MDW->PIT,16,16,0,0.0
route,MDW->PVD,6,6,0,0.0
route,MDW->RDU,12,12,0,0.0
route,MDW->RNO,2,2,0,0.0
route,MDW->RSW,11,11,0,0.0
route,MDW->SAN,20,20,0,0.0
route,MDW->SAT,6,6,0,0.0
route,MDW->SDF,16,16,0,0.0
route,MDW->SEA,7,7,0,0.0
route,MDW->SFO,9,9,0,0.0
route,MDW->SJC,11,11,0,0.0
route,MDW->SJU,2,2,0,0.0
route,MDW->SLC,13,13,0,0.0
route,MDW->SMF,5,5,0,0.0
route,MDW->STL,31,31,0,0.0
route,MDW->TPA,8,8,0,0.0
route,MDW->TUS,3,3,0,0.0
route,MEI->DFW,1,1,0,0.0
route,MEI->ORD,1,1,0,0.0
route,MEI->PIB,2,2,0,0.0
route,MEM->ATL,13,13,0,0.0
route,MEM->BWI,9,9,0,0.0
route,MEM->CLT,10,10,0,0.0
route,MEM->DAL,3,3,0,0.0
route,MEM->DCA,6,6,0,0.0
route,MEM->DEN,13,13,0,0.0
route,MEM->DFW,16,16,0,0.0
route,MEM->DTW,1,1,0,0.0
route,MEM->EWR,10,10,0,0.0
route,MEM->FLL,1,1,0,0.0
route,MEM->HOU,5,5,0,0.0
route,MEM->IAH,17,17,0,0.0
route,MEM->LAS,1,1,0,0.0
route,MEM->LAX,1,1,0,0.0
route,MEM->LGA,1,1,0,0.0
route,MEM->MCO,4,4,0,0.0
route,MEM->MDW,7,7,0,0.0
route,MEM->MIA,2,2,0,0.0
route,MEM->MSP,7,7,0,0.0
route,MEM->ORD,26,26,0,0.0
route,MEM->PHL,7,7,0,0.0
route,MEM->PHX,3,3,0,0.0
route,MEM->PIE,1,1,0,0.0
route,MEM->SFB,1,1,0,0.0
route,MEM->TPA,9,9,0,0.0
route,MFE->DFW,12,12,0,0.0
route,MFE->IAH,12,12,0,0.0
route,MFE->LAS,6,6,0,0.0
route,MFE->SFB,1,1,0,0.0
route,MFR->AZA,2,2,0,0.0
route,MFR->DEN,7,7,0,0.0
route,MFR->LAX,13,13,0,0.0
route,MFR->PDX,16,16,0,0.0
route,MFR->PHX,4,4,0,0.0
route,MFR->SEA,14,14,0,0.0
route,MFR->SFO,17,17,0,0.0
route,MFR->SLC,2,2,0,0.0
route,MGM->ATL,5,5,0,0.0
route,MGM->CLT,4,4,0,0.0
route,MGM->DCA,3,3,0,0.0
route,MGM->DFW,2,2,0,0.0
route,MHK->DFW,6,6,0,0.0
route,MHK->ORD,4,4,0,0.0
route,MHT->ATL,3,3,0,0.0
route,MHT->BWI,20,20,0,0.0
route,MHT->CLT,4,4,0,0.0
route,MHT->DCA,6,6,0,0.0
route,MHT->DTW,3,3,0,0.0
route,MHT->EWR,6,6,0,0.0
route,MHT->IAD,1,1,0,0.0
route,MHT->LGA,1,1,0,0.0
route,MHT->MCO,7,7,0,0.0
route,MHT->MDW,11,11,0,0.0
route,MHT->ORD,5,5,0,0.0
route,MHT->PHL,12,12,0,0.0
route,MHT->TPA,4,4,0,0.0
route,MIA->ATL,28,28,0,0.0
route,MIA->BDL,1,1,0,0.0
route,MIA->BHM,3,3,0,0.0
route,MIA->BNA,6,6,0,0.0
route,MIA->BOS,11,11,0,0.0
route,MIA->BWI,2,2,0,0.0
route,MIA->CHS,6,6,0,0.0
route,MIA->CLE,1,1,0,0.0
route,MIA->CLT,12,12,0,0.0
route,MIA->CMH,4,4,0,0.0
route,MIA->CVG,2,2,0,0.0
route,MIA->DCA,12,12,0,0.0
route,MIA->DEN,11,11,0,0.0
route,MIA->DFW,17,17,0,0.0
route,MIA->DTW,3,3,0,0.0
route,MIA->EWR,23,23,0,0.0
route,MIA->EYW,3,3,0,0.0
route,MIA->GSO,1,1,0,0.0
route,MIA->GSP,2,2,0,0.0
route,MIA->IAH,11,11,0,0.0
route,MIA->IND,2,2,0,0.0
route,MIA->JAX,9,9,0,0.0
route,MIA->JFK,9,9,0,0.0
route,MIA->LAS,3,3,0,0.0
route,MIA->LAX,13,13,0,0.0
route,MIA->LGA,26,26,0,0.0
route,MIA->MCI,4,4,0,0.0
route,MIA->MCO,14,14,0,0.0
route,MIA->MEM,4,4,0,0.0
route,MIA->MSP,5,5,0,0.0
route,MIA->MSY,7,7,0,0.0
route,MIA->ORD,15,15,0,0.0
route,MIA->ORF,5,5,0,0.0
route,MIA->PHL,9,9,0,0.0
route,MIA->PHX,4,4,0,0.0
route,MIA->PIT,2,2,0,0.0
route,MIA->PNS,3,3,0,0.0
route,MIA->RDU,1,1,0,0.0
route,MIA->RIC,1,1,0,0.0
route,MIA->SAN,1,1,0,0.0
route,MIA->SAT,1,1,0,0.0
route,MIA->SDF,3,3,0,0.0
route,MIA->SEA,3,3,0,0.0
route,MIA->SFO,7,7,0,0.0
route,MIA->SJU,9,9,0,0.0
route,MIA->STL,2,2,0,0.0
route,MIA->STT,3,3,0,0.0
route,MIA->STX,1,1,0,0.0
route,MIA->TLH,2,2,0,0.0
route,MIA->TPA,8,8,0,0.0
route,MIA->TYS,2,2,0,0.0
route,MKE->ATL,15,15,0,0.0
route,MKE->BNA,2,2,0,0.0
route,MKE->BOS,9,9,0,0.0
route,MKE->BWI,5,5,0,0.0
route,MKE->CLE,8,8,0,0.0
route,MKE->CLT,4,4,0,0.0
route,MKE->DCA,7,7,0,0.0
route,MKE->DEN,20,20,0,0.0
route,MKE->DFW,6,6,0,0.0
route,MKE->DTW,4,4,0,0.0
route,MKE->EWR,15,15,0,0.0
route,MKE->FLL,2,2,0,0.0
route,MKE->HOU,2,2,0,0.0
route,MKE->IAH,5,5,0,0.0
route,MKE->LAS,7,7,0,0.0
route,MKE->LAX,2,2,0,0.0
route,MKE->LGA,9,9,0,0.0
route,MKE->MCI,6,6,0,0.0
route,MKE->MCO,13,13,0,0.0
route,MKE->MSP,10,10,0,0.0
route,MKE->ORD,30,30,0,0.0
route,MKE->PGD,1,1,0,0.0
route,MKE->PHL,8,8,0,0.0
route,MKE->PHX,10,10,0,0.0
route,MKE->RDU,1,1,0,0.0
route,MKE->SEA,3,3,0,0.0
route,MKE->SFB,1,1,0,0.0
route,MKE->SLC,1,1,0,0.0
route,MKE->STL,8,8,0,0.0
route,MKE->TPA,4,4,0,0.0
route,MKG->ORD,1,1,0,0.0
route,MKK->HNL,8,8,0,0.0
route,MLB->CLT,2,2,0,0.0
route,MLI->ATL,5,5,0,0.0
route,MLI->DEN,6,6,0,0.0
route,MLI->DFW,5,5,0,0.0
route,MLI->DTW,2,2,0,0.0
route,MLI->LAS,1,1,0,0.0
route,MLI->ORD,25,25,0,0.0
route,MLI->PGD,1,1,0,0.0
route,MLI->PIE,1,1,0,0.0
route,MLI->SFB,1,1,0,0.0
route,MLU->ATL,5,5,0,0.0
route,MLU->DFW,2,2,0,0.0
route,MLU->IAH,5,5,0,0.0
route,MMH->LAX,4,4,0,0.0
route,MOB->ATL,6,6,0,0.0
route,MOB->CLT,5,5,0,0.0
route,MOB->DFW,6,6,0,0.0
route,MOB->IAH,9,9,0,0.0
route,MOT->AZA,2,2,0,0.0
route,MOT->DEN,7,7,0,0.0
route,MOT->LAS,1,1,0,0.0
route,MOT->MSP,7,7,0,0.0
route,MQT->DTW,1,1,0,0.0
route,MQT->MSP,2,2,0,0.0
route,MQT->ORD,4,4,0,0.0
route,MRY->DEN,3,3,0,0.0
route,MRY->DFW,1,1,0,0.0
route,MRY->LAS,2,2,0,0.0
route,MRY->LAX,16,16,0,0.0
route,MRY->PHX,3,3,0,0.0
route,MRY->SAN,3,3,0,0.0
route,MRY->SFO,9,9,0,0.0
route,MSN->ATL,2,2,0,0.0
route,MSN->CLT,4,4,0,0.0
route,MSN->DCA,2,2,0,0.0
route,MSN->DEN,4,4,0,0.0
route,MSN->DFW,7,7,0,0.0
route,MSN->DTW,11,11,0,0.0
route,MSN->EWR,9,9,0,0.0
route,MSN->LGA,3,3,0,0.0
route,MSN->MSP,6,6,0,0.0
route,MSN->ORD,25,25,0,0.0
route,MSN->PHL,5,5,0,0.0
route,MSN->SLC,1,1,0,0.0
route,MSO->AZA,3,3,0,0.0
route,MSO->DEN,9,9,0,0.0
route,MSO->DFW,2,2,0,0.0
route,MSO->LAX,1,1,0,0.0
route,MSO->MSP,2,2,0,0.0
route,MSO->PDX,1,1,0,0.0
route,MSO->SEA,9,9,0,0.0
route,MSO->SLC,8,8,0,0.0
route,MSP->ABR,3,3,0,0.0
route,MSP->ATL,20,20,0,0.0
route,MSP->ATW,1,1,0,0.0
route,MSP->AUS,5,5,0,0.0
route,MSP->AZO,3,3,0,0.0
route,MSP->BDL,5,5,0,0.0
route,MSP->BIL,2,2,0,0.0
route,MSP->BIS,6,6,0,0.0
route,MSP->BNA,10,10,0,0.0
route,MSP->BOI,2,2,0,0.0
route,MSP->BOS,14,14,0,0.0
route,MSP->BRD,2,2,0,0.0
route,MSP->BUF,1,1,0,0.0
route,MSP->BWI,18,18,0,0.0
route,MSP->BZN,4,4,0,0.0
route,MSP->CID,8,8,0,0.0
route,MSP->CIU,1,1,0,0.0
route,MSP->CLE,7,7,0,0.0
route,MSP->CLT,9,9,0,0.0
route,MSP->CMH,4,4,0,0.0
route,MSP->COS,2,2,0,0.0
route,MSP->CVG,13,13,0,0.0
route,MSP->CWA,3,3,0,0.0
route,MSP->DAY,3,3,0,0.0
route,MSP->DCA,10,10,0,0.0
route,MSP->DEN,42,42,0,0.0
route,MSP->DFW,14,14,0,0.0
route,MSP->DLH,5,5,0,0.0
route,MSP->DSM,5,5,0,0.0
route,MSP->DTW,11,11,0,0.0
route,MSP->EWR,22,22,0,0.0
route,MSP->FAR,9,9,0,0.0
route,MSP->FLL,1,1,0,0.0
route,MSP->FSD,5,5,0,0.0
route,MSP->FWA,2,2,0,0.0
route,MSP->GEG,4,4,0,0.0
route,MSP->GFK,3,3,0,0.0
route,MSP->GRB,5,5,0,0.0
route,MSP->GRR,7,7,0,0.0
route,MSP->GTF,1,1,0,0.0
route,MSP->HIB,3,3,0,0.0
route,MSP->HLN,1,1,0,0.0
route,MSP->IAD,19,19,0,0.0
route,MSP->IAH,30,30,0,0.0
route,MSP->ICT,2,2,0,0.0
route,MSP->IND,5,5,0,0.0
route,MSP->ISN,1,1,0,0.0
route,MSP->ISP,1,1,0,0.0
route,MSP->JAX,2,2,0,0.0
route,MSP->JFK,4,4,0,0.0
route,MSP->LAN,1,1,0,0.0
route,MSP->LAS,16,16,0,0.0
route,MSP->LAX,13,13,0,0.0
route,MSP->LEX,1,1,0,0.0
route,MSP->LGA,9,9,0,0.0
route,MSP->LNK,5,5,0,0.0
route,MSP->LSE,4,4,0,0.0
route,MSP->MBS,2,2,0,0.0
route,MSP->MCI,16,16,0,0.0
route,MSP->MCO,11,11,0,0.0
route,MSP->MDW,33,33,0,0.0
route,MSP->MEM,2,2,0,0.0
route,MSP->MIA,4,4,0,0.0
route,MSP->MKE,6,6,0,0.0
route,MSP->MLI,1,1,0,0.0
route,MSP->MOT,12,12,0,0.0
route,MSP->MSN,9,9,0,0.0
route,MSP->MSY,4,4,0,0.0
route,MSP->MYR,1,1,0,0.0
route,MSP->OAK,1,1,0,0.0
route,MSP->OKC,2,2,0,0.0
route,MSP->OMA,10,10,0,0.0
route,MSP->ORD,37,37,0,0.0
route,MSP->ORF,1,1,0,0.0
route,MSP->PDX,8,8,0,0.0
route,MSP->PHL,14,14,0,0.0
route,MSP->PHX,16,16,0,0.0
route,MSP->PIT,2,2,0,0.0
route,MSP->RAP,3,3,0,0.0
route,MSP->RDU,5,5,0,0.0
route,MSP->RHI,1,1,0,0.0
route,MSP->RIC,2,2,0,0.0
route,MSP->ROC,2,2,0,0.0
route,MSP->RST,7,7,0,0.0
route,MSP->RSW,2,2,0,0.0
route,MSP->SAN,9,9,0,0.0
route,MSP->SAT,3,3,0,0.0
route,MSP->SDF,4,4,0,0.0
route,MSP->SEA,20,20,0,0.0
route,MSP->SFO,6,6,0,0.0
route,MSP->SJC,2,2,0,0.0
route,MSP->SLC,9,9,0,0.0
route,MSP->SNA,6,6,0,0.0
route,MSP->STL,22,22,0,0.0
route,MSP->TPA,1,1,0,0.0
route,MSP->TTN,3,3,0,0.0
route,MSP->TUL,2,2,0,0.0
route,MSP->TYS,4,4,0,0.0
route,MSP->XNA,3,3,0,0.0
route,MSY->ATL,25,25,0,0.0
route,MSY->AUS,11,11,0,0.0
route,MSY->BNA,14,14,0,0.0
route,MSY->BOS,10,10,0,0.0
route,MSY->BWI,16,16,0,0.0
route,MSY->CLE,4,4,0,0.0
route,MSY->CLT,11,11,0,0.0
route,MSY->CMH,1,1,0,0.0
route,MSY->CVG,2,2,0,0.0
route,MSY->DAL,28,28,0,0.0
route,MSY->DCA,9,9,0,0.0
route,MSY->DEN,15,15,0,0.0
route,MSY->DFW,16,16,0,0.0
route,MSY->DTW,8,8,0,0.0
route,MSY->EWR,25,25,0,0.0
route,MSY->FLL,25,25,0,0.0
route,MSY->HOU,29,29,0,0.0
route,MSY->IAD,16,16,0,0.0
route,MSY->IAH,25,25,0,0.0
route,MSY->IND,1,1,0,0.0
route,MSY->JFK,22,22,0,0.0
route,MSY->LAS,15,15,0,0.0
route,MSY->LAX,20,20,0,0.0
route,MSY->LCK,1,1,0,0.0
route,MSY->LGA,3,3,0,0.0
route,MSY->MCI,2,2,0,0.0
route,MSY->MCO,25,25,0,0.0
route,MSY->MDW,10,10,0,0.0
route,MSY->MIA,4,4,0,0.0
route,MSY->MSP,5,5,0,0.0
route,MSY->OAK,3,3,0,0.0
route,MSY->ORD,17,17,0,0.0
route,MSY->PHL,9,9,0,0.0
route,MSY->PHX,4,4,0,0.0
route,MSY->PIE,1,1,0,0.0
route,MSY->PIT,3,3,0,0.0
route,MSY->RDU,2,2,0,0.0
route,MSY->SAN,3,3,0,0.0
route,MSY->SAT,4,4,0,0.0
route,MSY->SEA,3,3,0,0.0
route,MSY->SFO,9,9,0,0.0
route,MSY->SJC,2,2,0,0.0
route,MSY->STL,5,5,0,0.0
route,MSY->TPA,11,11,0,0.0
route,MSY->USA,4,4,0,0.0
route,MTJ->DEN,11,11,0,0.0
route,MTJ->DFW,2,2,0,0.0
route,MVY->JFK,1,1,0,0.0
route,MYR->ACY,3,3,0,0.0
route,MYR->ATL,3,3,0,0.0
route,MYR->BDL,4,4,0,0.0
route,MYR->BOS,4,4,0,0.0
route,MYR->BWI,5,5,0,0.0
route,MYR->CKB,1,1,0,0.0
route,MYR->CLE,7,7,0,0.0
route,MYR->CLT,12,12,0,0.0
route,MYR->CMH,3,3,0,0.0
route,MYR->CVG,2,2,0,0.0
route,MYR->DCA,2,2,0,0.0
route,MYR->DFW,3,3,0,0.0
route,MYR->DTW,4,4,0,0.0
route,MYR->EWR,5,5,0,0.0
route,MYR->FLL,7,7,0,0.0
route,MYR->HTS,2,2,0,0.0
route,MYR->IAG,1,1,0,0.0
route,MYR->IND,1,1,0,0.0
route,MYR->ISP,1,1,0,0.0
route,MYR->LBE,1,1,0,0.0
route,MYR->LCK,2,2,0,0.0
route,MYR->LGA,7,7,0,0.0
route,MYR->MCO,1,1,0,0.0
route,MYR->MDT,1,1,0,0.0
route,MYR->MSP,3,3,0,0.0
route,MYR->ORD,7,7,0,0.0
route,MYR->PHL,9,9,0,0.0
route,MYR->PIT,8,8,0,0.0
route,MYR->SWF,1,1,0,0.0
route,OAJ->ATL,4,4,0,0.0
route,OAJ->CLT,11,11,0,0.0
route,OAK->ABQ,12,12,0,0.0
route,OAK->ATL,6,6,0,0.0
route,OAK->AUS,8,8,0,0.0
route,OAK->AZA,2,2,0,0.0
route,OAK->BLI,2,2,0,0.0
route,OAK->BNA,2,2,0,0.0
route,OAK->BOI,8,8,0,0.0
route,OAK->BUR,43,43,0,0.0
route,OAK->BWI,9,9,0,0.0
route,OAK->CMH,3,3,0,0.0
route,OAK->DAL,1,1,0,0.0
route,OAK->DEN,14,14,0,0.0
route,OAK->DFW,2,2,0,0.0
route,OAK->DTW,4,4,0,0.0
route,OAK->EWR,1,1,0,0.0
route,OAK->GEG,6,6,0,0.0
route,OAK->HNL,10,10,0,0.0
route,OAK->HOU,5,5,0,0.0
route,OAK->IAH,1,1,0,0.0
route,OAK->IND,4,4,0,0.0
route,OAK->JFK,4,4,0,0.0
route,OAK->LAS,40,40,0,0.0
route,OAK->LAX,58,58,0,0.0
route,OAK->LGB,23,23,0,0.0
route,OAK->LIH,1,1,0,0.0
route,OAK->MCI,1,1,0,0.0
route,OAK->MCO,5,5,0,0.0
route,OAK->MDW,10,10,0,0.0
route,OAK->MSP,1,1,0,0.0
route,OAK->MSY,1,1,0,0.0
route,OAK->OGG,14,14,0,0.0
route,OAK->ONT,20,20,0,0.0
route,OAK->ORD,3,3,0,0.0
route,OAK->PDX,34,34,0,0.0
route,OAK->PHX,19,19,0,0.0
route,OAK->RNO,7,7,0,0.0
route,OAK->SAN,43,43,0,0.0
route,OAK->SAT,1,1,0,0.0
route,OAK->SEA,37,37,0,0.0
route,OAK->SLC,15,15,0,0.0
route,OAK->SNA,22,22,0,0.0
route,OAK->STL,2,2,0,0.0
route,OGD->AZA,2,2,0,0.0
route,OGG->DEN,3,3,0,0.0
route,OGG->DFW,2,2,0,0.0
route,OGG->HNL,76,76,0,0.0
route,OGG->ITO,7,7,0,0.0
route,OGG->KOA,13,13,0,0.0
route,OGG->LAX,18,18,0,0.0
route,OGG->LIH,8,8,0,0.0
route,OGG->OAK,12,12,0,0.0
route,OGG->ORD,1,1,0,0.0
route,OGG->PDX,8,8,0,0.0
route,OGG->SAN,5,5,0,0.0
route,OGG->SEA,7,7,0,0.0
route,OGG->SFO,18,18,0,0.0
route,OGG->SJC,9,9,0,0.0
route,OGG->SMF,12,12,0,0.0
route,OKC->ATL,8,8,0,0.0
route,OKC->BWI,2,2,0,0.0
route,OKC->CLT,2,2,0,0.0
route,OKC->DAL,7,7,0,0.0
route,OKC->DCA,5,5,0,0.0
route,OKC->DEN,18,18,0,0.0
route,OKC->DFW,10,10,0,0.0
route,OKC->DTW,4,4,0,0.0
route,OKC->EWR,2,2,0,0.0
route,OKC->HOU,8,8,0,0.0
route,OKC->IAD,4,4,0,0.0
route,OKC->IAH,23,23,0,0.0
route,OKC->LAS,6,6,0,0.0
route,OKC->LAX,3,3,0,0.0
route,OKC->MCO,1,1,0,0.0
route,OKC->MDW,4,4,0,0.0
route,OKC->MSP,3,3,0,0.0
route,OKC->ORD,19,19,0,0.0
route,OKC->PHL,5,5,0,0.0
route,OKC->PHX,10,10,0,0.0
route,OKC->SEA,1,1,0,0.0
route,OKC->SFB,1,1,0,0.0
route,OKC->SFO,5,5,0,0.0
route,OKC->STL,6,6,0,0.0
route,OMA->ATL,3,3,0,0.0
route,OMA->AUS,1,1,0,0.0
route,OMA->AZA,1,1,0,0.0
route,OMA->CLT,1,1,0,0.0
route,OMA->DAL,6,6,0,0.0
route,OMA->DCA,2,2,0,0.0
route,OMA->DEN,24,24,0,0.0
route,OMA->DFW,6,6,0,0.0
route,OMA->DTW,3,3,0,0.0
route,OMA->EWR,11,11,0,0.0
route,OMA->HOU,3,3,0,0.0
route,OMA->IAH,12,12,0,0.0
route,OMA->LAS,11,11,0,0.0
route,OMA->LAX,3,3,0,0.0
route,OMA->LGA,3,3,0,0.0
route,OMA->MCO,1,1,0,0.0
route,OMA->MDW,22,22,0,0.0
route,OMA->MSP,7,7,0,0.0
route,OMA->ORD,27,27,0,0.0
route,OMA->PDX,3,3,0,0.0
route,OMA->PHL,2,2,0,0.0
route,OMA->PHX,10,10,0,0.0
route,OMA->PIE,1,1,0,0.0
route,OMA->SAN,2,2,0,0.0
route,OMA->SEA,3,3,0,0.0
route,OMA->SFB,3,3,0,0.0
route,OMA->SFO,1,1,0,0.0
route,OMA->SLC,3,3,0,0.0
route,OMA->STL,14,14,0,0.0
route,OME->ANC,10,10,0,0.0
route,ONT->DAL,1,1,0,0.0
route,ONT->DEN,24,24,0,0.0
route,ONT->DFW,11,11,0,0.0
route,ONT->JFK,1,1,0,0.0
route,ONT->LAS,16,16,0,0.0
route,ONT->MDW,4,4,0,0.0
route,ONT->OAK,22,22,0,0.0
route,ONT->PDX,10,10,0,0.0
route,ONT->PHX,33,33,0,0.0
route,ONT->SAT,3,3,0,0.0
route,ONT->SEA,3,3,0,0.0
route,ONT->SFO,24,24,0,0.0
route,ONT->SJC,15,15,0,0.0
route,ONT->SLC,1,1,0,0.0
route,ONT->SMF,21,21,0,0.0
route,ORD->ABE,10,10,0,0.0
route,ORD->ABQ,2,2,0,0.0
route,ORD->ALB,22,22,0,0.0
route,ORD->ALO,2,2,0,0.0
route,ORD->ANC,6,6,0,0.0
route,ORD->ATL,50,50,0,0.0
route,ORD->ATW,26,26,0,0.0
route,ORD->AUS,16,16,0,0.0
route,ORD->AVL,6,6,0,0.0
route,ORD->AVP,10,10,0,0.0
route,ORD->AZO,8,8,0,0.0
route,ORD->BDL,17,17,0,0.0
route,ORD->BHM,19,19,0,0.0
route,ORD->BIS,2,2,0,0.0
route,ORD->BKG,1,1,0,0.0
route,ORD->BMI,1,1,0,0.0
route,ORD->BNA,43,43,0,0.0
route,ORD->BOI,6,6,0,0.0
route,ORD->BOS,48,48,0,0.0
route,ORD->BTV,7,7,0,0.0
route,ORD->BUF,24,24,0,0.0
route,ORD->BWI,27,27,0,0.0
route,ORD->BZN,2,2,0,0.0
route,ORD->CAE,8,8,0,0.0
route,ORD->CAK,11,11,0,0.0
route,ORD->CGI,4,4,0,0.0
route,ORD->CHA,4,4,0,0.0
route,ORD->CHO,7,7,0,0.0
route,ORD->CHS,13,13,0,0.0
route,ORD->CID,29,29,0,0.0
route,ORD->CKB,1,1,0,0.0
route,ORD->CLE,44,44,0,0.0
route,ORD->CLT,36,36,0,0.0
route,ORD->CMH,42,42,0,0.0
route,ORD->CMI,14,14,0,0.0
route,ORD->CMX,4,4,0,0.0
route,ORD->COS,18,18,0,0.0
route,ORD->COU,10,10,0,0.0
route,ORD->CRW,7,7,0,0.0
route,ORD->CVG,35,35,0,0.0
route,ORD->CWA,15,15,0,0.0
route,ORD->DAY,21,21,0,0.0
route,ORD->DBQ,1,1,0,0.0
route,ORD->DCA,49,49,0,0.0
route,ORD->DEN,55,55,0,0.0
route,ORD->DFW,49,49,0,0.0
route,ORD->DLH,13,13,0,0.0
route,ORD->DSM,33,33,0,0.0
route,ORD->DTW,37,37,0,0.0
route,ORD->EAU,6,6,0,0.0
route,ORD->ELP,8,8,0,0.0
route,ORD->ERI,11,11,0,0.0
route,ORD->EVV,14,14,0,0.0
route,ORD->EWR,43,43,0,0.0
route,ORD->EYW,2,2,0,0.0
route,ORD->FAI,3,3,0,0.0
route,ORD->FAR,15,15,0,0.0
route,ORD->FAT,2,2,0,0.0
route,ORD->FLL,29,29,0,0.0
route,ORD->FNT,15,15,0,0.0
route,ORD->FSD,22,22,0,0.0
route,ORD->FWA,14,14,0,0.0
route,ORD->GRB,17,17,0,0.0
route,ORD->GRR,33,33,0,0.0
route,ORD->GSO,16,16,0,0.0
route,ORD->GSP,18,18,0,0.0
route,ORD->HHH,2,2,0,0.0
route,ORD->HNL,4,4,0,0.0
route,ORD->HPN,7,7,0,0.0
route,ORD->HSV,6,6,0,0.0
route,ORD->IAD,18,18,0,0.0
route,ORD->IAH,51,51,0,0.0
route,ORD->ICT,15,15,0,0.0
route,ORD->ILM,10,10,0,0.0
route,ORD->IND,34,34,0,0.0
route,ORD->ISP,3,3,0,0.0
route,ORD->JAN,7,7,0,0.0
route,ORD->JAX,9,9,0,0.0
route,ORD->JFK,21,21,0,0.0
route,ORD->LAN,16,16,0,0.0
route,ORD->LAS,28,28,0,0.0
route,ORD->LAX,40,40,0,0.0
route,ORD->LEX,16,16,0,0.0
route,ORD->LGA,80,80,0,0.0
route,ORD->LIT,18,18,0,0.0
route,ORD->LNK,16,16,0,0.0
route,ORD->LSE,4,4,0,0.0
route,ORD->LWB,3,3,0,0.0
route,ORD->MBS,8,8,0,0.0
route,ORD->MCI,28,28,0,0.0
route,ORD->MCO,34,34,0,0.0
route,ORD->MDT,13,13,0,0.0
route,ORD->MEI,2,2,0,0.0
route,ORD->MEM,20,20,0,0.0
route,ORD->MHK,2,2,0,0.0
route,ORD->MHT,8,8,0,0.0
route,ORD->MIA,12,12,0,0.0
route,ORD->MKE,44,44,0,0.0
route,ORD->MKG,8,8,0,0.0
route,ORD->MLI,18,18,0,0.0
route,ORD->MOB,4,4,0,0.0
route,ORD->MQT,1,1,0,0.0
route,ORD->MSN,28,28,0,0.0
route,ORD->MSP,45,45,0,0.0
route,ORD->MSY,20,20,0,0.0
route,ORD->MYR,3,3,0,0.0
route,ORD->OAK,4,4,0,0.0
route,ORD->OGG,1,1,0,0.0
route,ORD->OKC,12,12,0,0.0
route,ORD->OMA,26,26,0,0.0
route,ORD->ORF,16,16,0,0.0
route,ORD->PAH,9,9,0,0.0
route,ORD->PBI,4,4,0,0.0
route,ORD->PDX,16,16,0,0.0
route,ORD->PHL,34,34,0,0.0
route,ORD->PHX,36,36,0,0.0
route,ORD->PIA,15,15,0,0.0
route,ORD->PIT,26,26,0,0.0
route,ORD->PNS,6,6,0,0.0
route,ORD->PVD,10,10,0,0.0
route,ORD->PWM,8,8,0,0.0
route,ORD->RAP,5,5,0,0.0
route,ORD->RDU,27,27,0,0.0
route,ORD->RIC,22,22,0,0.0
route,ORD->RNO,5,5,0,0.0
route,ORD->ROA,13,13,0,0.0
route,ORD->ROC,22,22,0,0.0
route,ORD->RST,11,11,0,0.0
route,ORD->RSW,16,16,0,0.0
route,ORD->SAN,18,18,0,0.0
route,ORD->SAT,22,22,0,0.0
route,ORD->SAV,15,15,0,0.0
route,ORD->SBN,9,9,0,0.0
route,ORD->SCE,14,14,0,0.0
route,ORD->SDF,27,27,0,0.0
route,ORD->SEA,31,31,0,0.0
route,ORD->SFO,58,58,0,0.0
route,ORD->SGF,14,14,0,0.0
route,ORD->SJC,14,14,0,0.0
route,ORD->SJU,3,3,0,0.0
route,ORD->SLC,19,19,0,0.0
route,ORD->SLN,2,2,0,0.0
route,ORD->SMF,13,13,0,0.0
route,ORD->SNA,9,9,0,0.0
route,ORD->SPI,10,10,0,0.0
route,ORD->SRQ,5,5,0,0.0
route,ORD->STL,30,30,0,0.0
route,ORD->SUX,7,7,0,0.0
route,ORD->SYR,22,22,0,0.0
route,ORD->TOL,5,5,0,0.0
route,ORD->TPA,16,16,0,0.0
route,ORD->TTN,5,5,0,0.0
route,ORD->TUL,16,16,0,0.0
route,ORD->TUS,5,5,0,0.0
route,ORD->TVC,18,18,0,0.0
route,ORD->TYS,16,16,0,0.0
route,ORD->UIN,3,3,0,0.0
route,ORD->XNA,21,21,0,0.0
route,ORF->ATL,18,18,0,0.0
route,ORF->BOS,4,4,0,0.0
route,ORF->BWI,11,11,0,0.0
route,ORF->CLT,12,12,0,0.0
route,ORF->DEN,4,4,0,0.0
route,ORF->DFW,1,1,0,0.0
route,ORF->DTW,4,4,0,0.0
route,ORF->EWR,21,21,0,0.0
route,ORF->FLL,3,3,0,0.0
route,ORF->IAD,6,6,0,0.0
route,ORF->IAH,5,5,0,0.0
route,ORF->JAX,1,1,0,0.0
route,ORF->JFK,8,8,0,0.0
route,ORF->LGA,6,6,0,0.0
route,ORF->MCO,3,3,0,0.0
route,ORF->MDW,8,8,0,0.0
route,ORF->MIA,8,8,0,0.0
route,ORF->ORD,11,11,0,0.0
route,ORF->PHL,10,10,0,0.0
route,ORF->PIE,1,1,0,0.0
route,ORF->SFB,1,1,0,0.0
route,ORH->FLL,4,4,0,0.0
route,ORH->JFK,1,1,0,0.0
route,ORH->MCO,4,4,0,0.0
route,ORH->PHL,3,3,0,0.0
route,OTH->SFO,2,2,0,0.0
route,OTZ->ANC,4,4,0,0.0
route,OTZ->OME,1,1,0,0.0
route,OWB->SFB,2,2,0,0.0
route,PAE->DEN,3,3,0,0.0
route,PAE->LAS,2,2,0,0.0
route,PAE->LAX,3,3,0,0.0
route,PAE->PDX,5,5,0,0.0
route,PAE->PHX,2,2,0,0.0
route,PAE->SAN,4,4,0,0.0
route,PAE->SFO,7,7,0,0.0
route,PAE->SJC,3,3,0,0.0
route,PAE->SNA,1,1,0,0.0
route,PAH->CGI,5,5,0,0.0
route,PAH->ORD,11,11,0,0.0
route,PBG->FLL,2,2,0,0.0
route,PBG->IAD,4,4,0,0.0
route,PBG->MYR,1,1,0,0.0
route,PBG->SFB,1,1,0,0.0
route,PBI->ATL,26,26,0,0.0
route,PBI->BDL,5,5,0,0.0
route,PBI->BOS,15,15,0,0.0
route,PBI->BWI,20,20,0,0.0
route,PBI->CLT,10,10,0,0.0
route,PBI->DCA,2,2,0,0.0
route,PBI->DFW,4,4,0,0.0
route,PBI->EWR,26,26,0,0.0
route,PBI->HPN,21,21,0,0.0
route,PBI->IAH,6,6,0,0.0
route,PBI->ISP,13,13,0,0.0
route,PBI->JFK,26,26,0,0.0
route,PBI->LGA,19,19,0,0.0
route,PBI->ORD,3,3,0,0.0
route,PBI->PHL,6,6,0,0.0
route,PBI->PVD,2,2,0,0.0
route,PBI->TTN,2,2,0,0.0
route,PDX->ABQ,3,3,0,0.0
route,PDX->ANC,9,9,0,0.0
route,PDX->ATL,5,5,0,0.0
route,PDX->AUS,5,5,0,0.0
route,PDX->BIL,4,4,0,0.0
route,PDX->BLI,4,4,0,0.0
route,PDX->BOI,32,32,0,0.0
route,PDX->BOS,8,8,0,0.0
route,PDX->BUR,8,8,0,0.0
route,PDX->BZN,4,4,0,0.0
route,PDX->CLE,1,1,0,0.0
route,PDX->CLT,2,2,0,0.0
route,PDX->DAL,4,4,0,0.0
route,PDX->DEN,30,30,0,0.0
route,PDX->DFW,15,15,0,0.0
route,PDX->DTW,7,7,0,0.0
route,PDX->EUG,4,4,0,0.0
route,PDX->EWR,9,9,0,0.0
route,PDX->FAT,5,5,0,0.0
route,PDX->FCA,2,2,0,0.0
route,PDX->GEG,25,25,0,0.0
route,PDX->HNL,5,5,0,0.0
route,PDX->HOU,3,3,0,0.0
route,PDX->IAD,4,4,0,0.0
route,PDX->IAH,12,12,0,0.0
route,PDX->JFK,11,11,0,0.0
route,PDX->KOA,3,3,0,0.0
route,PDX->LAS,34,34,0,0.0
route,PDX->LAX,39,39,0,0.0
route,PDX->LGB,9,9,0,0.0
route,PDX->LIH,1,1,0,0.0
route,PDX->MCI,2,2,0,0.0
route,PDX->MCO,2,2,0,0.0
route,PDX->MDW,7,7,0,0.0
route,PDX->MFR,17,17,0,0.0
route,PDX->MSO,2,2,0,0.0
route,PDX->MSP,13,13,0,0.0
route,PDX->OAK,27,27,0,0.0
route,PDX->OGG,5,5,0,0.0
route,PDX->OMA,5,5,0,0.0
route,PDX->ONT,14,14,0,0.0
route,PDX->ORD,19,19,0,0.0
route,PDX->PAE,4,4,0,0.0
route,PDX->PHX,15,15,0,0.0
route,PDX->PSP,7,7,0,0.0
route,PDX->RDM,13,13,0,0.0
route,PDX->RNO,6,6,0,0.0
route,PDX->SAN,20,20,0,0.0
route,PDX->SBA,3,3,0,0.0
route,PDX->SEA,66,66,0,0.0
route,PDX->SFO,66,66,0,0.0
route,PDX->SJC,33,33,0,0.0
route,PDX->SLC,15,15,0,0.0
route,PDX->SMF,32,32,0,0.0
route,PDX->SNA,13,13,0,0.0
route,PDX->STL,4,4,0,0.0
route,PDX->STS,4,4,0,0.0
route,PDX->TUS,4,4,0,0.0
route,PGD->ABE,4,4,0,0.0
route,PGD->ALB,1,1,0,0.0
route,PGD->AVL,2,2,0,0.0
route,PGD->BLV,1,1,0,0.0
route,PGD->CID,1,1,0,0.0
route,PGD->CLE,2,2,0,0.0
route,PGD->CVG,3,3,0,0.0
route,PGD->DAY,1,1,0,0.0
route,PGD->FNT,1,1,0,0.0
route,PGD->GRR,2,2,0,0.0
route,PGD->HTS,1,1,0,0.0
route,PGD->IAG,3,3,0,0.0
route,PGD->IND,3,3,0,0.0
route,PGD->LEX,1,1,0,0.0
route,PGD->MKE,1,1,0,0.0
route,PGD->PIA,1,1,0,0.0
route,PGD->PIT,1,1,0,0.0
route,PGD->RDU,2,2,0,0.0
route,PGD->RFD,1,1,0,0.0
route,PGD->ROC,1,1,0,0.0
route,PGD->SDF,1,1,0,0.0
route,PGD->SPI,1,1,0,0.0
route,PGD->SWF,1,1,0,0.0
route,PGV->CLT,7,7,0,0.0
route,PHF->CLT,9,9,0,0.0
route,PHF->PHL,4,4,0,0.0
route,PHL->ABE,3,3,0,0.0
route,PHL->ALB,8,8,0,0.0
route,PHL->ART,4,4,0,0.0
route,PHL->ATL,29,29,0,0.0
route,PHL->AUS,6,6,0,0.0
route,PHL->AVL,1,1,0,0.0
route,PHL->AVP,2,2,0,0.0
route,PHL->BDL,5,5,0,0.0
route,PHL->BGR,5,5,0,0.0
route,PHL->BHM,5,5,0,0.0
route,PHL->BNA,8,8,0,0.0
route,PHL->BOS,53,53,0,0.0
route,PHL->BTV,11,11,0,0.0
route,PHL->BUF,9,9,0,0.0
route,PHL->BWI,4,4,0,0.0
route,PHL->CAE,1,1,0,0.0
route,PHL->CAK,3,3,0,0.0
route,PHL->CHA,2,2,0,0.0
route,PHL->CHO,4,4,0,0.0
route,PHL->CHS,8,8,0,0.0
route,PHL->CLE,12,12,0,0.0
route,PHL->CLT,14,14,0,0.0
route,PHL->CMH,6,6,0,0.0
route,PHL->CRW,2,2,0,0.0
route,PHL->CVG,9,9,0,0.0
route,PHL->DAL,3,3,0,0.0
route,PHL->DAY,3,3,0,0.0
route,PHL->DCA,6,6,0,0.0
route,PHL->DEN,25,25,0,0.0
route,PHL->DFW,12,12,0,0.0
route,PHL->DSM,1,1,0,0.0
route,PHL->DTW,17,17,0,0.0
route,PHL->FLL,13,13,0,0.0
route,PHL->FWA,3,3,0,0.0
route,PHL->GRR,2,2,0,0.0
route,PHL->GSO,2,2,0,0.0
route,PHL->GSP,4,4,0,0.0
route,PHL->HVN,3,3,0,0.0
route,PHL->IAD,6,6,0,0.0
route,PHL->IAH,17,17,0,0.0
route,PHL->ILM,4,4,0,0.0
route,PHL->IND,6,6,0,0.0
route,PHL->IPT,5,5,0,0.0
route,PHL->ISP,3,3,0,0.0
route,PHL->ITH,6,6,0,0.0
route,PHL->JAX,6,6,0,0.0
route,PHL->JFK,1,1,0,0.0
route,PHL->LAS,6,6,0,0.0
route,PHL->LAX,18,18,0,0.0
route,PHL->LEX,5,5,0,0.0
route,PHL->LGA,4,4,0,0.0
route,PHL->MCI,3,3,0,0.0
route,PHL->MCO,44,44,0,0.0
route,PHL->MDT,6,6,0,0.0
route,PHL->MDW,13,13,0,0.0
route,PHL->MEM,4,4,0,0.0
route,PHL->MHT,7,7,0,0.0
route,PHL->MIA,6,6,0,0.0
route,PHL->MKE,5,5,0,0.0
route,PHL->MSN,7,7,0,0.0
route,PHL->MSP,11,11,0,0.0
route,PHL->MSY,8,8,0,0.0
route,PHL->MYR,9,9,0,0.0
route,PHL->OKC,2,2,0,0.0
route,PHL->OMA,4,4,0,0.0
route,PHL->ORD,28,28,0,0.0
route,PHL->ORF,8,8,0,0.0
route,PHL->ORH,6,6,0,0.0
route,PHL->PBI,6,6,0,0.0
route,PHL->PHF,4,4,0,0.0
route,PHL->PHX,11,11,0,0.0
route,PHL->PIT,6,6,0,0.0
route,PHL->PNS,1,1,0,0.0
route,PHL->PVD,12,12,0,0.0
route,PHL->PWM,9,9,0,0.0
route,PHL->RDU,15,15,0,0.0
route,PHL->RIC,8,8,0,0.0
route,PHL->ROA,4,4,0,0.0
route,PHL->ROC,5,5,0,0.0
route,PHL->RSW,4,4,0,0.0
route,PHL->SAN,3,3,0,0.0
route,PHL->SAT,1,1,0,0.0
route,PHL->SAV,4,4,0,0.0
route,PHL->SCE,8,8,0,0.0
route,PHL->SDF,6,6,0,0.0
route,PHL->SEA,6,6,0,0.0
route,PHL->SFO,19,19,0,0.0
route,PHL->SJU,5,5,0,0.0
route,PHL->SLC,1,1,0,0.0
route,PHL->SRQ,1,1,0,0.0
route,PHL->STL,16,16,0,0.0
route,PHL->SWF,6,6,0,0.0
route,PHL->SYR,7,7,0,0.0
route,PHL->TPA,19,19,0,0.0
route,PHL->TYS,5,5,0,0.0
route,PHX->ABQ,23,23,0,0.0
route,PHX->ATL,25,25,0,0.0
route,PHX->AUS,20,20,0,0.0
route,PHX->BFL,5,5,0,0.0
route,PHX->BNA,12,12,0,0.0
route,PHX->BOI,4,4,0,0.0
route,PHX->BOS,7,7,0,0.0
route,PHX->BUF,4,4,0,0.0
route,PHX->BUR,22,22,0,0.0
route,PHX->BWI,9,9,0,0.0
route,PHX->CLE,8,8,0,0.0
route,PHX->CLT,11,11,0,0.0
route,PHX->CMH,1,1,0,0.0
route,PHX->COS,3,3,0,0.0
route,PHX->CVG,4,4,0,0.0
route,PHX->DAL,11,11,0,0.0
route,PHX->DCA,6,6,0,0.0
route,PHX->DEN,53,53,0,0.0
route,PHX->DFW,11,11,0,0.0
route,PHX->DRO,2,2,0,0.0
route,PHX->DSM,7,7,0,0.0
route,PHX->DTW,15,15,0,0.0
route,PHX->ELP,22,22,0,0.0
route,PHX->EWR,20,20,0,0.0
route,PHX->FAT,8,8,0,0.0
route,PHX->FLG,6,6,0,0.0
route,PHX->FLL,4,4,0,0.0
route,PHX->FSD,1,1,0,0.0
route,PHX->GEG,13,13,0,0.0
route,PHX->GJT,3,3,0,0.0
route,PHX->HNL,7,7,0,0.0
route,PHX->HOU,13,13,0,0.0
route,PHX->IAD,3,3,0,0.0
route,PHX->IAH,22,22,0,0.0
route,PHX->ICT,3,3,0,0.0
route,PHX->IND,6,6,0,0.0
route,PHX->JFK,8,8,0,0.0
route,PHX->KOA,1,1,0,0.0
route,PHX->LAS,47,47,0,0.0
route,PHX->LAX,47,47,0,0.0
route,PHX->LBB,2,2,0,0.0
route,PHX->LGB,2,2,0,0.0
route,PHX->LIH,1,1,0,0.0
route,PHX->LIT,4,4,0,0.0
route,PHX->MAF,1,1,0,0.0
route,PHX->MCI,21,21,0,0.0
route,PHX->MCO,5,5,0,0.0
route,PHX->MDW,25,25,0,0.0
route,PHX->MEM,1,1,0,0.0
route,PHX->MFR,3,3,0,0.0
route,PHX->MIA,6,6,0,0.0
route,PHX->MKE,7,7,0,0.0
route,PHX->MRY,4,4,0,0.0
route,PHX->MSP,9,9,0,0.0
route,PHX->MSY,5,5,0,0.0
route,PHX->OAK,26,26,0,0.0
route,PHX->OKC,11,11,0,0.0
route,PHX->OMA,7,7,0,0.0
route,PHX->ONT,29,29,0,0.0
route,PHX->ORD,22,22,0,0.0
route,PHX->PAE,2,2,0,0.0
route,PHX->PDX,19,19,0,0.0
route,PHX->PHL,12,12,0,0.0
route,PHX->PIT,8,8,0,0.0
route,PHX->PSP,10,10,0,0.0
route,PHX->RDM,1,1,0,0.0
route,PHX->RDU,3,3,0,0.0
route,PHX->RNO,15,15,0,0.0
route,PHX->SAF,2,2,0,0.0
route,PHX->SAN,36,36,0,0.0
route,PHX->SAT,15,15,0,0.0
route,PHX->SBA,6,6,0,0.0
route,PHX->SBP,9,9,0,0.0
route,PHX->SDF,2,2,0,0.0
route,PHX->SEA,40,40,0,0.0
route,PHX->SFO,44,44,0,0.0
route,PHX->SGU,4,4,0,0.0
route,PHX->SJC,32,32,0,0.0
route,PHX->SLC,23,23,0,0.0
route,PHX->SMF,17,17,0,0.0
route,PHX->SNA,34,34,0,0.0
route,PHX->STL,15,15,0,0.0
route,PHX->STS,4,4,0,0.0
route,PHX->TPA,6,6,0,0.0
route,PHX->TUL,3,3,0,0.0
route,PHX->TUS,10,10,0,0.0
route,PHX->YUM,2,2,0,0.0
route,PIA->ATL,2,2,0,0.0
route,PIA->AZA,2,2,0,0.0
route,PIA->CLT,5,5,0,0.0
route,PIA->LAS,3,3,0,0.0
route,PIA->MSP,1,1,0,0.0
route,PIA->ORD,19,19,0,0.0
route,PIA->PGD,1,1,0,0.0
route,PIA->VPS,2,2,0,0.0
route,PIB->DFW,1,1,0,0.0
route,PIE->ABE,1,1,0,0.0
route,PIE->ATW,1,1,0,0.0
route,PIE->AVL,4,4,0,0.0
route,PIE->BGR,2,2,0,0.0
route,PIE->BLV,5,5,0,0.0
route,PIE->BMI,1,1,0,0.0
route,PIE->BNA,1,1,0,0.0
route,PIE->CHA,2,2,0,0.0
route,PIE->CLE,2,2,0,0.0
route,PIE->CVG,4,4,0,0.0
route,PIE->DSM,1,1,0,0.0
route,PIE->ELM,1,1,0,0.0
route,PIE->FNT,1,1,0,0.0
route,PIE->FSD,2,2,0,0.0
route,PIE->GRR,5,5,0,0.0
route,PIE->GSO,1,1,0,0.0
route,PIE->GSP,2,2,0,0.0
route,PIE->HTS,1,1,0,0.0
route,PIE->IAG,2,2,0,0.0
route,PIE->IND,2,2,0,0.0
route,PIE->LCK,3,3,0,0.0
route,PIE->LEX,3,3,0,0.0
route,PIE->MCI,2,2,0,0.0
route,PIE->MDT,1,1,0,0.0
route,PIE->MKE,2,2,0,0.0
route,PIE->MLI,1,1,0,0.0
route,PIE->OGS,1,1,0,0.0
route,PIE->OMA,1,1,0,0.0
route,PIE->ORF,1,1,0,0.0
route,PIE->PIA,1,1,0,0.0
route,PIE->PIT,2,2,0,0.0
route,PIE->RDU,1,1,0,0.0
route,PIE->RIC,1,1,0,0.0
route,PIE->ROA,3,3,0,0.0
route,PIE->SDF,5,5,0,0.0
route,PIE->SGF,1,1,0,0.0
route,PIE->SWF,1,1,0,0.0
route,PIE->SYR,3,3,0,0.0
route,PIE->TRI,1,1,0,0.0
route,PIE->TUL,1,1,0,0.0
route,PIE->USA,1,1,0,0.0
route,PIH->SLC,4,4,0,0.0
route,PIR->ATY,3,3,0,0.0
route,PIT->ATL,16,16,0,0.0
route,PIT->AUS,2,2,0,0.0
route,PIT->BNA,6,6,0,0.0
route,PIT->BOS,31,31,0,0.0
route,PIT->BWI,9,9,0,0.0
route,PIT->CHS,1,1,0,0.0
route,PIT->CLT,17,17,0,0.0
route,PIT->DAL,2,2,0,0.0
route,PIT->DCA,4,4,0,0.0
route,PIT->DEN,17,17,0,0.0
route,PIT->DFW,4,4,0,0.0
route,PIT->DTW,7,7,0,0.0
route,PIT->EWR,22,22,0,0.0
route,PIT->FLL,5,5,0,0.0
route,PIT->HOU,2,2,0,0.0
route,PIT->IAD,9,9,0,0.0
route,PIT->IAH,18,18,0,0.0
route,PIT->JFK,5,5,0,0.0
route,PIT->LAS,8,8,0,0.0
route,PIT->LAX,7,7,0,0.0
route,PIT->LGA,25,25,0,0.0
route,PIT->MCO,18,18,0,0.0
route,PIT->MDW,15,15,0,0.0
route,PIT->MIA,3,3,0,0.0
route,PIT->MSP,2,2,0,0.0
route,PIT->MSY,1,1,0,0.0
route,PIT->MYR,8,8,0,0.0
route,PIT->ORD,25,25,0,0.0
route,PIT->PGD,4,4,0,0.0
route,PIT->PHL,3,3,0,0.0
route,PIT->PHX,6,6,0,0.0
route,PIT->PIE,2,2,0,0.0
route,PIT->RDU,4,4,0,0.0
route,PIT->RSW,4,4,0,0.0
route,PIT->SEA,2,2,0,0.0
route,PIT->SFB,2,2,0,0.0
route,PIT->SFO,6,6,0,0.0
route,PIT->SLC,2,2,0,0.0
route,PIT->SRQ,1,1,0,0.0
route,PIT->STL,3,3,0,0.0
route,PIT->TPA,12,12,0,0.0
route,PNS->ATL,12,12,0,0.0
route,PNS->BNA,6,6,0,0.0
route,PNS->CLT,8,8,0,0.0
route,PNS->DAL,3,3,0,0.0
route,PNS->DCA,4,4,0,0.0
route,PNS->DFW,4,4,0,0.0
route,PNS->HOU,3,3,0,0.0
route,PNS->IAH,18,18,0,0.0
route,PNS->MCI,2,2,0,0.0
route,PNS->MIA,8,8,0,0.0
route,PNS->ORD,7,7,0,0.0
route,PNS->PHL,1,1,0,0.0
route,PQI->EWR,1,1,0,0.0
route,PRC->DEN,2,2,0,0.0
route,PSC->DEN,5,5,0,0.0
route,PSC->LAS,3,3,0,0.0
route,PSC->LAX,1,1,0,0.0
route,PSC->PDX,2,2,0,0.0
route,PSC->SEA,26,26,0,0.0
route,PSC->SFO,4,4,0,0.0
route,PSC->SLC,1,1,0,0.0
route,PSE->JFK,1,1,0,0.0
route,PSE->MCO,4,4,0,0.0
route,PSG->JNU,2,2,0,0.0
route,PSG->WRG,2,2,0,0.0
route,PSM->MCO,1,1,0,0.0
route,PSM->PGD,2,2,0,0.0
route,PSM->SFB,1,1,0,0.0
route,PSP->BLI,1,1,0,0.0
route,PSP->DEN,7,7,0,0.0
route,PSP->DFW,2,2,0,0.0
route,PSP->LAX,1,1,0,0.0
route,PSP->ORD,2,2,0,0.0
route,PSP->PDX,5,5,0,0.0
route,PSP->PHX,7,7,0,0.0
route,PSP->SEA,11,11,0,0.0
route,PSP->SFO,24,24,0,0.0
route,PSP->SLC,6,6,0,0.0
route,PUB->DEN,4,4,0,0.0
route,PUB->LBL,2,2,0,0.0
route,PUW->SEA,10,10,0,0.0
route,PVD->ATL,4,4,0,0.0
route,PVD->BWI,19,19,0,0.0
route,PVD->CLT,12,12,0,0.0
route,PVD->DCA,15,15,0,0.0
route,PVD->DEN,2,2,0,0.0
route,PVD->DTW,4,4,0,0.0
route,PVD->EWR,8,8,0,0.0
route,PVD->FLL,8,8,0,0.0
route,PVD->IAD,11,11,0,0.0
route,PVD->MCO,28,28,0,0.0
route,PVD->MDW,9,9,0,0.0
route,PVD->ORD,9,9,0,0.0
route,PVD->PBI,3,3,0,0.0
route,PVD->PGD,2,2,0,0.0
route,PVD->PHL,6,6,0,0.0
route,PVD->TPA,7,7,0,0.0
route,PVU->AZA,4,4,0,0.0
route,PVU->LAX,2,2,0,0.0
route,PWM->ATL,3,3,0,0.0
route,PWM->BWI,8,8,0,0.0
route,PWM->CLT,2,2,0,0.0
route,PWM->DCA,8,8,0,0.0
route,PWM->DTW,5,5,0,0.0
route,PWM->EWR,16,16,0,0.0
route,PWM->IAD,7,7,0,0.0
route,PWM->JFK,11,11,0,0.0
route,PWM->LGA,7,7,0,0.0
route,PWM->MCO,1,1,0,0.0
route,PWM->ORD,7,7,0,0.0
route,PWM->PHL,5,5,0,0.0
route,RAP->AZA,1,1,0,0.0
route,RAP->DEN,17,17,0,0.0
route,RAP->DFW,6,6,0,0.0
route,RAP->MSP,7,7,0,0.0
route,RAP->ORD,5,5,0,0.0
route,RAP->SLC,2,2,0,0.0
route,RDD->SFO,20,20,0,0.0
route,RDM->DEN,6,6,0,0.0
route,RDM->LAX,6,6,0,0.0
route,RDM->PDX,16,16,0,0.0
route,RDM->PHX,2,2,0,0.0
route,RDM->SEA,21,21,0,0.0
route,RDM->SFO,14,14,0,0.0
route,RDM->SLC,2,2,0,0.0
route,RDU->ATL,21,21,0,0.0
route,RDU->AUS,4,4,0,0.0
route,RDU->BNA,14,14,0,0.0
route,RDU->BOS,25,25,0,0.0
route,RDU->BUF,1,1,0,0.0
route,RDU->BWI,18,18,0,0.0
route,RDU->CLE,1,1,0,0.0
route,RDU->CLT,10,10,0,0.0
route,RDU->CMH,1,1,0,0.0
route,RDU->CVG,1,1,0,0.0
route,RDU->DAL,2,2,0,0.0
route,RDU->DCA,17,17,0,0.0
route,RDU->DEN,14,14,0,0.0
route,RDU->DFW,9,9,0,0.0
route,RDU->DTW,4,4,0,0.0
route,RDU->EWR,36,36,0,0.0
route,RDU->FLL,20,20,0,0.0
route,RDU->IAD,13,13,0,0.0
route,RDU->IAH,12,12,0,0.0
route,RDU->JFK,18,18,0,0.0
route,RDU->LAS,11,11,0,0.0
route,RDU->LAX,3,3,0,0.0
route,RDU->LGA,15,15,0,0.0
route,RDU->MCI,4,4,0,0.0
route,RDU->MCO,14,14,0,0.0
route,RDU->MDW,6,6,0,0.0
route,RDU->MIA,9,9,0,0.0
route,RDU->MKE,2,2,0,0.0
route,RDU->MSP,5,5,0,0.0
route,RDU->MSY,4,4,0,0.0
route,RDU->ORD,29,29,0,0.0
route,RDU->PBI,1,1,0,0.0
route,RDU->PGD,4,4,0,0.0
route,RDU->PHL,10,10,0,0.0
route,RDU->PHX,2,2,0,0.0
route,RDU->PIE,1,1,0,0.0
route,RDU->PIT,5,5,0,0.0
route,RDU->PVD,1,1,0,0.0
route,RDU->SAN,2,2,0,0.0
route,RDU->SAT,1,1,0,0.0
route,RDU->SEA,3,3,0,0.0
route,RDU->SFB,1,1,0,0.0
route,RDU->SFO,10,10,0,0.0
route,RDU->SJU,2,2,0,0.0
route,RDU->SLC,1,1,0,0.0
route,RDU->STL,5,5,0,0.0
route,RDU->SYR,2,2,0,0.0
route,RDU->TPA,16,16,0,0.0
route,RDU->TTN,1,1,0,0.0
route,RFD->PGD,1,1,0,0.0
route,RFD->PIE,2,2,0,0.0
route,RHI->MSP,1,1,0,0.0
route,RIC->ATL,28,28,0,0.0
route,RIC->BNA,1,1,0,0.0
route,RIC->BOS,12,12,0,0.0
route,RIC->CLT,8,8,0,0.0
route,RIC->DEN,3,3,0,0.0
route,RIC->DFW,5,5,0,0.0
route,RIC->DTW,4,4,0,0.0
route,RIC->EWR,16,16,0,0.0
route,RIC->FLL,10,10,0,0.0
route,RIC->IAD,11,11,0,0.0
route,RIC->IAH,5,5,0,0.0
route,RIC->JFK,4,4,0,0.0
route,RIC->LGA,7,7,0,0.0
route,RIC->MCO,11,11,0,0.0
route,RIC->MIA,2,2,0,0.0
route,RIC->MSP,1,1,0,0.0
route,RIC->ORD,25,25,0,0.0
route,RIC->PHL,10,10,0,0.0
route,RIC->PIE,1,1,0,0.0
route,RIC->SRQ,1,1,0,0.0
route,RKS->DEN,3,3,0,0.0
route,RNO->AUS,1,1,0,0.0
route,RNO->BOI,2,2,0,0.0
route,RNO->DEN,17,17,0,0.0
route,RNO->DFW,7,7,0,0.0
route,RNO->JFK,2,2,0,0.0
route,RNO->LAS,26,26,0,0.0
route,RNO->LAX,20,20,0,0.0
route,RNO->LGB,1,1,0,0.0
route,RNO->MDW,6,6,0,0.0
route,RNO->OAK,12,12,0,0.0
route,RNO->ORD,3,3,0,0.0
route,RNO->PDX,11,11,0,0.0
route,RNO->PHX,11,11,0,0.0
route,RNO->SAN,8,8,0,0.0
route,RNO->SEA,14,14,0,0.0
route,RNO->SFO,16,16,0,0.0
route,RNO->SJC,7,7,0,0.0
route,RNO->SLC,4,4,0,0.0
route,ROA->ATL,9,9,0,0.0
route,ROA->CLT,9,9,0,0.0
route,ROA->IAD,8,8,0,0.0
route,ROA->ORD,9,9,0,0.0
route,ROA->PHL,1,1,0,0.0
route,ROA->PIE,1,1,0,0.0
route,ROA->SFB,2,2,0,0.0
route,ROC->ATL,3,3,0,0.0
route,ROC->BOS,2,2,0,0.0
route,ROC->BWI,4,4,0,0.0
route,ROC->CLT,6,6,0,0.0
route,ROC->DCA,5,5,0,0.0
route,ROC->DTW,5,5,0,0.0
route,ROC->EWR,13,13,0,0.0
route,ROC->IAD,9,9,0,0.0
route,ROC->JFK,9,9,0,0.0
route,ROC->LGA,2,2,0,0.0
route,ROC->MCO,2,2,0,0.0
route,ROC->MSP,1,1,0,0.0
route,ROC->ORD,13,13,0,0.0
route,ROC->PGD,1,1,0,0.0
route,ROC->PHL,7,7,0,0.0
route,ROC->SFB,1,1,0,0.0
route,ROC->TPA,4,4,0,0.0
route,ROP->GUM,1,1,0,0.0
route,ROW->DFW,4,4,0,0.0
route,RST->ATL,1,1,0,0.0
route,RST->MSP,2,2,0,0.0
route,RST->ORD,12,12,0,0.0
route,RSW->ACY,4,4,0,0.0
route,RSW->ATL,18,18,0,0.0
route,RSW->BDL,4,4,0,0.0
route,RSW->BOS,21,21,0,0.0
route,RSW->BWI,15,15,0,0.0
route,RSW->CLE,2,2,0,0.0
route,RSW->CLT,10,10,0,0.0
route,RSW->CMH,4,4,0,0.0
route,RSW->DCA,8,8,0,0.0
route,RSW->DEN,4,4,0,0.0
route,RSW->DFW,2,2,0,0.0
route,RSW->DTW,9,9,0,0.0
route,RSW->EWR,12,12,0,0.0
route,RSW->HPN,3,3,0,0.0
route,RSW->IAH,5,5,0,0.0
route,RSW->IND,1,1,0,0.0
route,RSW->JFK,8,8,0,0.0
route,RSW->LGA,3,3,0,0.0
route,RSW->MCI,2,2,0,0.0
route,RSW->MDW,12,12,0,0.0
route,RSW->MKE,2,2,0,0.0
route,RSW->MSP,4,4,0,0.0
route,RSW->ORD,11,11,0,0.0
route,RSW->PHL,9,9,0,0.0
route,RSW->PIT,3,3,0,0.0
route,RSW->PVD,1,1,0,0.0
route,RSW->STL,5,5,0,0.0
route,SAF->DEN,4,4,0,0.0
route,SAF->DFW,4,4,0,0.0
route,SAF->PHX,4,4,0,0.0
route,SAN->ABQ,10,10,0,0.0
route,SAN->ATL,9,9,0,0.0
route,SAN->AUS,16,16,0,0.0
route,SAN->BLI,1,1,0,0.0
route,SAN->BNA,6,6,0,0.0
route,SAN->BOI,5,5,0,0.0
route,SAN->BOS,10,10,0,0.0
route,SAN->BWI,12,12,0,0.0
route,SAN->CLT,7,7,0,0.0
route,SAN->COS,1,1,0,0.0
route,SAN->CVG,1,1,0,0.0
route,SAN->DAL,12,12,0,0.0
route,SAN->DEN,38,38,0,0.0
route,SAN->DFW,14,14,0,0.0
route,SAN->DTW,8,8,0,0.0
route,SAN->ELP,2,2,0,0.0
route,SAN->EWR,14,14,0,0.0
route,SAN->FAT,12,12,0,0.0
route,SAN->FLL,2,2,0,0.0
route,SAN->GEG,2,2,0,0.0
route,SAN->HNL,6,6,0,0.0
route,SAN->HOU,6,6,0,0.0
route,SAN->IAD,9,9,0,0.0
route,SAN->IAH,22,22,0,0.0
route,SAN->JFK,11,11,0,0.0
route,SAN->KOA,1,1,0,0.0
route,SAN->LAS,40,40,0,0.0
route,SAN->LAX,34,34,0,0.0
route,SAN->LIH,1,1,0,0.0
route,SAN->MCI,10,10,0,0.0
route,SAN->MCO,7,7,0,0.0
route,SAN->MDW,11,11,0,0.0
route,SAN->MRY,3,3,0,0.0
route,SAN->MSP,9,9,0,0.0
route,SAN->MSY,2,2,0,0.0
route,SAN->OAK,35,35,0,0.0
route,SAN->OGG,3,3,0,0.0
route,SAN->OKC,1,1,0,0.0
route,SAN->OMA,4,4,0,0.0
route,SAN->ORD,22,22,0,0.0
route,SAN->PAE,4,4,0,0.0
route,SAN->PDX,22,22,0,0.0
route,SAN->PHL,2,2,0,0.0
route,SAN->PHX,34,34,0,0.0
route,SAN->RNO,4,4,0,0.0
route,SAN->SAT,6,6,0,0.0
route,SAN->SCK,3,3,0,0.0
route,SAN->SEA,47,47,0,0.0
route,SAN->SFO,83,83,0,0.0
route,SAN->SJC,50,50,0,0.0
route,SAN->SLC,14,14,0,0.0
route,SAN->SMF,39,39,0,0.0
route,SAN->STL,12,12,0,0.0
route,SAN->STS,1,1,0,0.0
route,SAN->TPA,4,4,0,0.0
route,SAN->TUS,3,3,0,0.0
route,SAT->ATL,25,25,0,0.0
route,SAT->BNA,6,6,0,0.0
route,SAT->BWI,11,11,0,0.0
route,SAT->CLT,6,6,0,0.0
route,SAT->DAL,31,31,0,0.0
route,SAT->DEN,24,24,0,0.0
route,SAT->DFW,8,8,0,0.0
route,SAT->DTW,5,5,0,0.0
route,SAT->ELP,7,7,0,0.0
route,SAT->EWR,4,4,0,0.0
route,SAT->FLL,1,1,0,0.0
route,SAT->HOU,18,18,0,0.0
route,SAT->IAD,6,6,0,0.0
route,SAT->IAH,22,22,0,0.0
route,SAT->JFK,3,3,0,0.0
route,SAT->LAS,16,16,0,0.0
route,SAT->LAX,17,17,0,0.0
route,SAT->MCI,5,5,0,0.0
route,SAT->MCO,3,3,0,0.0
route,SAT->MDW,6,6,0,0.0
route,SAT->MIA,4,4,0,0.0
route,SAT->MSP,2,2,0,0.0
route,SAT->MSY,8,8,0,0.0
route,SAT->ONT,1,1,0,0.0
route,SAT->ORD,18,18,0,0.0
route,SAT->PHL,1,1,0,0.0
route,SAT->PHX,14,14,0,0.0
route,SAT->RDU,1,1,0,0.0
route,SAT->SAN,10,10,0,0.0
route,SAT->SEA,3,3,0,0.0
route,SAT->SFB,1,1,0,0.0
route,SAT->SFO,3,3,0,0.0
route,SAT->SLC,6,6,0,0.0
route,SAT->STL,7,7,0,0.0
route,SAT->TPA,2,2,0,0.0
route,SAV->ATL,15,15,0,0.0
route,SAV->BOS,6,6,0,0.0
route,SAV->BWI,2,2,0,0.0
route,SAV->CLE,1,1,0,0.0
route,SAV->CLT,15,15,0,0.0
route,SAV->DCA,5,5,0,0.0
route,SAV->DEN,2,2,0,0.0
route,SAV->DFW,1,1,0,0.0
route,SAV->DTW,3,3,0,0.0
route,SAV->EWR,11,11,0,0.0
route,SAV->IAD,17,17,0,0.0
route,SAV->IAH,4,4,0,0.0
route,SAV->JFK,16,16,0,0.0
route,SAV->LGA,8,8,0,0.0
route,SAV->MIA,3,3,0,0.0
route,SAV->MSP,1,1,0,0.0
route,SAV->ORD,14,14,0,0.0
route,SAV->PHL,5,5,0,0.0
route,SAV->PIT,3,3,0,0.0
route,SBA->DEN,8,8,0,0.0
route,SBA->DFW,1,1,0,0.0
route,SBA->LAX,11,11,0,0.0
route,SBA->PDX,5,5,0,0.0
route,SBA->PHX,4,4,0,0.0
route,SBA->SEA,2,2,0,0.0
route,SBA->SFO,24,24,0,0.0
route,SBN->ATL,8,8,0,0.0
route,SBN->AZA,1,1,0,0.0
route,SBN->CLT,2,2,0,0.0
route,SBN->DFW,3,3,0,0.0
route,SBN->DTW,5,5,0,0.0
route,SBN->LAS,3,3,0,0.0
route,SBN->MSP,3,3,0,0.0
route,SBN->ORD,11,11,0,0.0
route,SBN->PGD,1,1,0,0.0
route,SBN->PIE,1,1,0,0.0
route,SBP->DEN,2,2,0,0.0
route,SBP->DFW,2,2,0,0.0
route,SBP->LAX,7,7,0,0.0
route,SBP->PHX,8,8,0,0.0
route,SBP->SEA,7,7,0,0.0
route,SBP->SFO,9,9,0,0.0
route,SBY->CLT,1,1,0,0.0
route,SBY->PHL,6,6,0,0.0
route,SCC->ANC,2,2,0,0.0
route,SCC->BRW,6,6,0,0.0
route,SCE->DTW,2,2,0,0.0
route,SCE->IAD,8,8,0,0.0
route,SCE->ORD,10,10,0,0.0
route,SCE->PHL,6,6,0,0.0
route,SCK->AZA,2,2,0,0.0
route,SCK->LAS,11,11,0,0.0
route,SDF->ATL,13,13,0,0.0
route,SDF->AZA,1,1,0,0.0
route,SDF->BWI,8,8,0,0.0
route,SDF->CLT,4,4,0,0.0
route,SDF->DAL,2,2,0,0.0
route,SDF->DCA,5,5,0,0.0
route,SDF->DEN,15,15,0,0.0
route,SDF->DFW,9,9,0,0.0
route,SDF->DTW,3,3,0,0.0
route,SDF->EWR,10,10,0,0.0
route,SDF->FLL,1,1,0,0.0
route,SDF->HOU,1,1,0,0.0
route,SDF->IAD,5,5,0,0.0
route,SDF->IAH,9,9,0,0.0
route,SDF->LAS,2,2,0,0.0
route,SDF->LAX,3,3,0,0.0
route,SDF->LGA,6,6,0,0.0
route,SDF->MCO,5,5,0,0.0
route,SDF->MDW,15,15,0,0.0
route,SDF->MIA,5,5,0,0.0
route,SDF->MSP,2,2,0,0.0
route,SDF->ORD,23,23,0,0.0
route,SDF->PGD,2,2,0,0.0
route,SDF->PHL,5,5,0,0.0
route,SDF->PHX,5,5,0,0.0
route,SDF->PIE,1,1,0,0.0
route,SDF->SAV,2,2,0,0.0
route,SDF->TPA,4,4,0,0.0
route,SEA->ABQ,5,5,0,0.0
route,SEA->ALW,10,10,0,0.0
route,SEA->ANC,60,60,0,0.0
route,SEA->ATL,15,15,0,0.0
route,SEA->AUS,12,12,0,0.0
route,SEA->BIL,5,5,0,0.0
route,SEA->BLI,8,8,0,0.0
route,SEA->BNA,6,6,0,0.0
route,SEA->BOI,32,32,0,0.0
route,SEA->BOS,19,19,0,0.0
route,SEA->BUR,5,5,0,0.0
route,SEA->BWI,8,8,0,0.0
route,SEA->BZN,6,6,0,0.0
route,SEA->CHS,5,5,0,0.0
route,SEA->CLE,2,2,0,0.0
route,SEA->CLT,2,2,0,0.0
route,SEA->CMH,1,1,0,0.0
route,SEA->DAL,14,14,0,0.0
route,SEA->DCA,4,4,0,0.0
route,SEA->DEN,62,62,0,0.0
route,SEA->DFW,21,21,0,0.0
route,SEA->DTW,17,17,0,0.0
route,SEA->EAT,10,10,0,0.0
route,SEA->ELP,2,2,0,0.0
route,SEA->EUG,16,16,0,0.0
route,SEA->EWR,15,15,0,0.0
route,SEA->FAI,9,9,0,0.0
route,SEA->FAT,9,9,0,0.0
route,SEA->FCA,8,8,0,0.0
route,SEA->FLL,9,9,0,0.0
route,SEA->GEG,67,67,0,0.0
route,SEA->GTF,6,6,0,0.0
route,SEA->HLN,5,5,0,0.0
route,SEA->HNL,13,13,0,0.0
route,SEA->IAD,16,16,0,0.0
route,SEA->IAH,29,29,0,0.0
route,SEA->ICT,3,3,0,0.0
route,SEA->IND,6,6,0,0.0
route,SEA->JFK,24,24,0,0.0
route,SEA->JNU,13,13,0,0.0
route,SEA->KOA,11,11,0,0.0
route,SEA->KTN,17,17,0,0.0
route,SEA->LAS,47,47,0,0.0
route,SEA->LAX,77,77,0,0.0
route,SEA->LGB,8,8,0,0.0
route,SEA->LIH,7,7,0,0.0
route,SEA->LWS,3,3,0,0.0
route,SEA->MCI,10,10,0,0.0
route,SEA->MCO,12,12,0,0.0
route,SEA->MDW,11,11,0,0.0
route,SEA->MFR,10,10,0,0.0
route,SEA->MIA,3,3,0,0.0
route,SEA->MKE,6,6,0,0.0
route,SEA->MSO,16,16,0,0.0
route,SEA->MSP,12,12,0,0.0
route,SEA->MSY,6,6,0,0.0
route,SEA->OAK,20,20,0,0.0
route,SEA->OGG,14,14,0,0.0
route,SEA->OKC,1,1,0,0.0
route,SEA->OMA,3,3,0,0.0
route,SEA->ONT,7,7,0,0.0
route,SEA->ORD,52,52,0,0.0
route,SEA->PDX,84,84,0,0.0
route,SEA->PHL,7,7,0,0.0
route,SEA->PHX,42,42,0,0.0
route,SEA->PSC,19,19,0,0.0
route,SEA->PSP,12,12,0,0.0
route,SEA->PUW,10,10,0,0.0
route,SEA->RDM,23,23,0,0.0
route,SEA->RDU,6,6,0,0.0
route,SEA->RNO,18,18,0,0.0
route,SEA->SAN,38,38,0,0.0
route,SEA->SAT,5,5,0,0.0
route,SEA->SBA,4,4,0,0.0
route,SEA->SBP,1,1,0,0.0
route,SEA->SFO,78,78,0,0.0
route,SEA->SIT,3,3,0,0.0
route,SEA->SJC,30,30,0,0.0
route,SEA->SLC,27,27,0,0.0
route,SEA->SMF,47,47,0,0.0
route,SEA->SNA,30,30,0,0.0
route,SEA->STL,5,5,0,0.0
route,SEA->STS,7,7,0,0.0
route,SEA->TPA,2,2,0,0.0
route,SEA->TUS,5,5,0,0.0
route,SEA->YKM,9,9,0,0.0
route,SFB->ABE,2,2,0,0.0
route,SFB->ATW,2,2,0,0.0
route,SFB->AVL,3,3,0,0.0
route,SFB->BGR,2,2,0,0.0
route,SFB->BIS,1,1,0,0.0
route,SFB->BMI,1,1,0,0.0
route,SFB->CHA,1,1,0,0.0
route,SFB->CKB,2,2,0,0.0
route,SFB->CLE,2,2,0,0.0
route,SFB->EVV,2,2,0,0.0
route,SFB->FAR,1,1,0,0.0
route,SFB->FSD,2,2,0,0.0
route,SFB->FWA,2,2,0,0.0
route,SFB->GPT,3,3,0,0.0
route,SFB->GRR,4,4,0,0.0
route,SFB->GSO,1,1,0,0.0
route,SFB->HTS,2,2,0,0.0
route,SFB->IND,3,3,0,0.0
route,SFB->LCK,1,1,0,0.0
route,SFB->MCI,2,2,0,0.0
route,SFB->MEM,2,2,0,0.0
route,SFB->MLI,1,1,0,0.0
route,SFB->OMA,1,1,0,0.0
route,SFB->ORF,3,3,0,0.0
route,SFB->PBG,2,2,0,0.0
route,SFB->PIA,2,2,0,0.0
route,SFB->PSM,2,2,0,0.0
route,SFB->RDU,1,1,0,0.0
route,SFB->RFD,1,1,0,0.0
route,SFB->ROA,1,1,0,0.0
route,SFB->ROC,3,3,0,0.0
route,SFB->SAT,3,3,0,0.0
route,SFB->SBN,5,5,0,0.0
route,SFB->SDF,1,1,0,0.0
route,SFB->SGF,1,1,0,0.0
route,SFB->SHV,1,1,0,0.0
route,SFB->SJU,3,3,0,0.0
route,SFB->TOL,1,1,0,0.0
route,SFB->TRI,1,1,0,0.0
route,SFB->TYS,5,5,0,0.0
route,SFB->USA,1,1,0,0.0
route,SFB->XNA,2,2,0,0.0
route,SFO->ABQ,7,7,0,0.0
route,SFO->ACV,13,13,0,0.0
route,SFO->ATL,14,14,0,0.0
route,SFO->AUS,21,21,0,0.0
route,SFO->BFL,4,4,0,0.0
route,SFO->BNA,15,15,0,0.0
route,SFO->BOI,13,13,0,0.0
route,SFO->BOS,57,57,0,0.0
route,SFO->BUR,41,41,0,0.0
route,SFO->BWI,17,17,0,0.0
route,SFO->CLE,4,4,0,0.0
route,SFO->CLT,4,4,0,0.0
route,SFO->CVG,3,3,0,0.0
route,SFO->DAL,10,10,0,0.0
route,SFO->DCA,4,4,0,0.0
route,SFO->DEN,56,56,0,0.0
route,SFO->DFW,25,25,0,0.0
route,SFO->DTW,13,13,0,0.0
route,SFO->EUG,12,12,0,0.0
route,SFO->EWR,51,51,0,0.0
route,SFO->FAT,15,15,0,0.0
route,SFO->FLL,9,9,0,0.0
route,SFO->GEG,5,5,0,0.0
route,SFO->HNL,27,27,0,0.0
route,SFO->IAD,42,42,0,0.0
route,SFO->IAH,40,40,0,0.0
route,SFO->IND,6,6,0,0.0
route,SFO->JFK,42,42,0,0.0
route,SFO->KOA,14,14,0,0.0
route,SFO->LAS,68,68,0,0.0
route,SFO->LAX,143,143,0,0.0
route,SFO->LGB,7,7,0,0.0
route,SFO->LIH,3,3,0,0.0
route,SFO->MCI,11,11,0,0.0
route,SFO->MCO,14,14,0,0.0
route,SFO->MDW,6,6,0,0.0
route,SFO->MFR,12,12,0,0.0
route,SFO->MIA,2,2,0,0.0
route,SFO->MRY,4,4,0,0.0
route,SFO->MSN,2,2,0,0.0
route,SFO->MSP,16,16,0,0.0
route,SFO->MSY,12,12,0,0.0
route,SFO->OGG,14,14,0,0.0
route,SFO->OKC,5,5,0,0.0
route,SFO->OMA,4,4,0,0.0
route,SFO->ONT,14,14,0,0.0
route,SFO->ORD,43,43,0,0.0
route,SFO->OTH,4,4,0,0.0
route,SFO->PAE,5,5,0,0.0
route,SFO->PDX,52,52,0,0.0
route,SFO->PHL,10,10,0,0.0
route,SFO->PHX,29,29,0,0.0
route,SFO->PIT,5,5,0,0.0
route,SFO->PSC,3,3,0,0.0
route,SFO->PSP,33,33,0,0.0
route,SFO->RDD,9,9,0,0.0
route,SFO->RDM,19,19,0,0.0
route,SFO->RDU,9,9,0,0.0
route,SFO->RNO,17,17,0,0.0
route,SFO->SAN,55,55,0,0.0
route,SFO->SBA,17,17,0,0.0
route,SFO->SBP,11,11,0,0.0
route,SFO->SEA,72,72,0,0.0
route,SFO->SLC,26,26,0,0.0
route,SFO->SMF,19,19,0,0.0
route,SFO->SNA,34,34,0,0.0
route,SFO->STL,1,1,0,0.0
route,SFO->STS,9,9,0,0.0
route,SFO->TPA,3,3,0,0.0
route,SFO->TUS,12,12,0,0.0
route,SFO->XNA,4,4,0,0.0
route,SGF->ATL,6,6,0,0.0
route,SGF->AZA,2,2,0,0.0
route,SGF->CLT,6,6,0,0.0
route,SGF->DEN,5,5,0,0.0
route,SGF->DFW,11,11,0,0.0
route,SGF->IAH,2,2,0,0.0
route,SGF->LAS,1,1,0,0.0
route,SGF->LAX,1,1,0,0.0
route,SGF->ORD,13,13,0,0.0
route,SGF->PGD,1,1,0,0.0
route,SGF->PIE,2,2,0,0.0
route,SGF->SFB,1,1,0,0.0
route,SGU->DEN,11,11,0,0.0
route,SGU->LAX,1,1,0,0.0
route,SGU->PHX,2,2,0,0.0
route,SGU->SLC,3,3,0,0.0
route,SHD->IAD,10,10,0,0.0
route,SHD->LWB,1,1,0,0.0
route,SHV->ATL,6,6,0,0.0
route,SHV->CLT,5,5,0,0.0
route,SHV->DFW,9,9,0,0.0
route,SHV->IAH,8,8,0,0.0
route,SHV->VPS,1,1,0,0.0
route,SIT->JNU,5,5,0,0.0
route,SIT->KTN,4,4,0,0.0
route,SIT->SEA,3,3,0,0.0
route,SJC->ATL,4,4,0,0.0
route,SJC->AUS,7,7,0,0.0
route,SJC->BOI,10,10,0,0.0
route,SJC->BOS,3,3,0,0.0
route,SJC->BUR,35,35,0,0.0
route,SJC->BWI,4,4,0,0.0
route,SJC->DAL,9,9,0,0.0
route,SJC->DEN,34,34,0,0.0
route,SJC->DFW,3,3,0,0.0
route,SJC->DTW,1,1,0,0.0
route,SJC->EWR,4,4,0,0.0
route,SJC->GEG,4,4,0,0.0
route,SJC->HNL,5,5,0,0.0
route,SJC->HOU,3,3,0,0.0
route,SJC->IAH,9,9,0,0.0
route,SJC->JFK,9,9,0,0.0
route,SJC->KOA,3,3,0,0.0
route,SJC->LAS,33,33,0,0.0
route,SJC->LAX,57,57,0,0.0
route,SJC->LGB,13,13,0,0.0
route,SJC->LIH,1,1,0,0.0
route,SJC->MCI,2,2,0,0.0
route,SJC->MCO,1,1,0,0.0
route,SJC->MDW,3,3,0,0.0
route,SJC->MSP,3,3,0,0.0
route,SJC->OGG,4,4,0,0.0
route,SJC->ONT,20,20,0,0.0
route,SJC->ORD,6,6,0,0.0
route,SJC->PAE,6,6,0,0.0
route,SJC->PDX,29,29,0,0.0
route,SJC->PHX,31,31,0,0.0
route,SJC->PSP,1,1,0,0.0
route,SJC->RNO,13,13,0,0.0
route,SJC->SAN,54,54,0,0.0
route,SJC->SEA,55,55,0,0.0
route,SJC->SLC,15,15,0,0.0
route,SJC->SNA,34,34,0,0.0
route,SJC->STL,3,3,0,0.0
route,SJC->TUS,5,5,0,0.0
route,SJT->DFW,6,6,0,0.0
route,SJU->ATL,3,3,0,0.0
route,SJU->BDL,8,8,0,0.0
route,SJU->BOS,6,6,0,0.0
route,SJU->BWI,8,8,0,0.0
route,SJU->CLT,6,6,0,0.0
route,SJU->DCA,4,4,0,0.0
route,SJU->DFW,2,2,0,0.0
route,SJU->EWR,15,15,0,0.0
route,SJU->FLL,29,29,0,0.0
route,SJU->HOU,2,2,0,0.0
route,SJU->IAH,3,3,0,0.0
route,SJU->ISP,4,4,0,0.0
route,SJU->JFK,18,18,0,0.0
route,SJU->MCO,44,44,0,0.0
route,SJU->MDW,1,1,0,0.0
route,SJU->MIA,10,10,0,0.0
route,SJU->ORD,8,8,0,0.0
route,SJU->PHL,13,13,0,0.0
route,SJU->RDU,3,3,0,0.0
route,SJU->SFB,3,3,0,0.0
route,SJU->STT,3,3,0,0.0
route,SJU->STX,2,2,0,0.0
route,SJU->TPA,12,12,0,0.0
route,SLC->ABQ,5,5,0,0.0
route,SLC->ASE,3,3,0,0.0
route,SLC->ATL,14,14,0,0.0
route,SLC->AUS,5,5,0,0.0
route,SLC->BIL,5,5,0,0.0
route,SLC->BNA,2,2,0,0.0
route,SLC->BOI,6,6,0,0.0
route,SLC->BOS,9,9,0,0.0
route,SLC->BTM,1,1,0,0.0
route,SLC->BUR,8,8,0,0.0
route,SLC->BWI,7,7,0,0.0
route,SLC->BZN,4,4,0,0.0
route,SLC->CDC,2,2,0,0.0
route,SLC->CLT,3,3,0,0.0
route,SLC->COS,3,3,0,0.0
route,SLC->CPR,4,4,0,0.0
route,SLC->CVG,3,3,0,0.0
route,SLC->DAL,5,5,0,0.0
route,SLC->DCA,2,2,0,0.0
route,SLC->DEN,72,72,0,0.0
route,SLC->DFW,15,15,0,0.0
route,SLC->DSM,3,3,0,0.0
route,SLC->DTW,7,7,0,0.0
route,SLC->EKO,4,4,0,0.0
route,SLC->EUG,2,2,0,0.0
route,SLC->EWR,3,3,0,0.0
route,SLC->FAT,3,3,0,0.0
route,SLC->FCA,4,4,0,0.0
route,SLC->FLL,8,8,0,0.0
route,SLC->GEG,5,5,0,0.0
route,SLC->GTF,8,8,0,0.0
route,SLC->HLN,1,1,0,0.0
route,SLC->IAH,21,21,0,0.0
route,SLC->IDA,7,7,0,0.0
route,SLC->IND,1,1,0,0.0
route,SLC->JAC,5,5,0,0.0
route,SLC->JFK,12,12,0,0.0
route,SLC->LAS,31,31,0,0.0
route,SLC->LAX,46,46,0,0.0
route,SLC->LGB,13,13,0,0.0
route,SLC->LWS,4,4,0,0.0
route,SLC->MCI,6,6,0,0.0
route,SLC->MCO,5,5,0,0.0
route,SLC->MDW,5,5,0,0.0
route,SLC->MFR,1,1,0,0.0
route,SLC->MKE,1,1,0,0.0
route,SLC->MSN,1,1,0,0.0
route,SLC->MSO,4,4,0,0.0
route,SLC->MSP,5,5,0,0.0
route,SLC->MSY,1,1,0,0.0
route,SLC->OAK,13,13,0,0.0
route,SLC->OKC,3,3,0,0.0
route,SLC->OMA,3,3,0,0.0
route,SLC->ONT,5,5,0,0.0
route,SLC->ORD,20,20,0,0.0
route,SLC->PDX,6,6,0,0.0
route,SLC->PHL,2,2,0,0.0
route,SLC->PHX,25,25,0,0.0
route,SLC->PIH,3,3,0,0.0
route,SLC->PIT,1,1,0,0.0
route,SLC->PSC,5,5,0,0.0
route,SLC->PSP,1,1,0,0.0
route,SLC->RAP,2,2,0,0.0
route,SLC->RDM,2,2,0,0.0
route,SLC->RDU,2,2,0,0.0
route,SLC->RNO,5,5,0,0.0
route,SLC->SAN,16,16,0,0.0
route,SLC->SAT,3,3,0,0.0
route,SLC->SEA,22,22,0,0.0
route,SLC->SFO,21,21,0,0.0
route,SLC->SGU,4,4,0,0.0
route,SLC->SJC,14,14,0,0.0
route,SLC->SMF,4,4,0,0.0
route,SLC->SNA,10,10,0,0.0
route,SLC->STL,4,4,0,0.0
route,SLC->TPA,3,3,0,0.0
route,SLC->TUL,2,2,0,0.0
route,SLC->TUS,1,1,0,0.0
route,SLC->TWF,4,4,0,0.0
route,SLN->HYS,11,11,0,0.0
route,SLN->ORD,3,3,0,0.0
route,SMF->ATL,4,4,0,0.0
route,SMF->BNA,1,1,0,0.0
route,SMF->BOI,7,7,0,0.0
route,SMF->BUR,16,16,0,0.0
route,SMF->BWI,4,4,0,0.0
route,SMF->DAL,4,4,0,0.0
route,SMF->DEN,21,21,0,0.0
route,SMF->DFW,9,9,0,0.0
route,SMF->EWR,4,4,0,0.0
route,SMF->GEG,2,2,0,0.0
route,SMF->HNL,1,1,0,0.0
route,SMF->IAD,4,4,0,0.0
route,SMF->IAH,5,5,0,0.0
route,SMF->JFK,3,3,0,0.0
route,SMF->LAS,23,23,0,0.0
route,SMF->LAX,42,42,0,0.0
route,SMF->LGB,23,23,0,0.0
route,SMF->MCO,3,3,0,0.0
route,SMF->MDW,3,3,0,0.0
route,SMF->MSP,4,4,0,0.0
route,SMF->OGG,5,5,0,0.0
route,SMF->ONT,33,33,0,0.0
route,SMF->ORD,14,14,0,0.0
route,SMF->PDX,35,35,0,0.0
route,SMF->PHX,26,26,0,0.0
route,SMF->SAN,45,45,0,0.0
route,SMF->SEA,38,38,0,0.0
route,SMF->SFO,13,13,0,0.0
route,SMF->SLC,8,8,0,0.0
route,SMF->SNA,24,24,0,0.0
route,SMF->STL,1,1,0,0.0
route,SNA->ABQ,3,3,0,0.0
route,SNA->ATL,6,6,0,0.0
route,SNA->AUS,2,2,0,0.0
route,SNA->DAL,3,3,0,0.0
route,SNA->DEN,33,33,0,0.0
route,SNA->DFW,15,15,0,0.0
route,SNA->DTW,1,1,0,0.0
route,SNA->EWR,7,7,0,0.0
route,SNA->HOU,7,7,0,0.0
route,SNA->IAH,14,14,0,0.0
route,SNA->LAS,28,28,0,0.0
route,SNA->MSP,4,4,0,0.0
route,SNA->OAK,19,19,0,0.0
route,SNA->ORD,22,22,0,0.0
route,SNA->PAE,2,2,0,0.0
route,SNA->PDX,10,10,0,0.0
route,SNA->PHX,33,33,0,0.0
route,SNA->SEA,34,34,0,0.0
route,SNA->SFO,53,53,0,0.0
route,SNA->SJC,44,44,0,0.0
route,SNA->SLC,3,3,0,0.0
route,SNA->SMF,18,18,0,0.0
route,SNA->STS,5,5,0,0.0
route,SPI->DFW,2,2,0,0.0
route,SPI->ORD,6,6,0,0.0
route,SPI->PGD,3,3,0,0.0
route,SPN->GUM,8,8,0,0.0
route,SPN->ROP,2,2,0,0.0
route,SPS->DFW,4,4,0,0.0
route,SRQ->ATL,17,17,0,0.0
route,SRQ->BOS,1,1,0,0.0
route,SRQ->BWI,1,1,0,0.0
route,SRQ->CLE,1,1,0,0.0
route,SRQ->CLT,3,3,0,0.0
route,SRQ->CVG,1,1,0,0.0
route,SRQ->DCA,1,1,0,0.0
route,SRQ->EWR,5,5,0,0.0
route,SRQ->GRR,1,1,0,0.0
route,SRQ->IND,1,1,0,0.0
route,SRQ->JFK,5,5,0,0.0
route,SRQ->LGA,1,1,0,0.0
route,SRQ->MDT,3,3,0,0.0
route,SRQ->ORD,2,2,0,0.0
route,SRQ->PHL,1,1,0,0.0
route,SRQ->PIT,1,1,0,0.0
route,STC->AZA,2,2,0,0.0
route,STL->ATL,26,26,0,0.0
route,STL->AUS,10,10,0,0.0
route,STL->BDL,4,4,0,0.0
route,STL->BNA,6,6,0,0.0
route,STL->BOS,12,12,0,0.0
route,STL->BWI,12,12,0,0.0
route,STL->CLE,14,14,0,0.0
route,STL->CLT,8,8,0,0.0
route,STL->CMH,4,4,0,0.0
route,STL->CVG,7,7,0,0.0
route,STL->DAL,14,14,0,0.0
route,STL->DCA,19,19,0,0.0
route,STL->DEN,35,35,0,0.0
route,STL->DFW,9,9,0,0.0
route,STL->DSM,5,5,0,0.0
route,STL->DTW,11,11,0,0.0
route,STL->ECP,5,5,0,0.0
route,STL->EWR,18,18,0,0.0
route,STL->FLL,10,10,0,0.0
route,STL->HOU,7,7,0,0.0
route,STL->IAD,7,7,0,0.0
route,STL->IAH,13,13,0,0.0
route,STL->ICT,8,8,0,0.0
route,STL->LAS,12,12,0,0.0
route,STL->LAX,16,16,0,0.0
route,STL->LGA,21,21,0,0.0
route,STL->LIT,7,7,0,0.0
route,STL->MCI,18,18,0,0.0
route,STL->MCO,20,20,0,0.0
route,STL->MDW,26,26,0,0.0
route,STL->MIA,3,3,0,0.0
route,STL->MKE,6,6,0,0.0
route,STL->MSP,16,16,0,0.0
route,STL->MSY,3,3,0,0.0
route,STL->OAK,2,2,0,0.0
route,STL->OKC,3,3,0,0.0
route,STL->OMA,7,7,0,0.0
route,STL->ORD,41,41,0,0.0
route,STL->PDX,7,7,0,0.0
route,STL->PHL,18,18,0,0.0
route,STL->PHX,6,6,0,0.0
route,STL->PIT,3,3,0,0.0
route,STL->RDU,3,3,0,0.0
route,STL->RSW,9,9,0,0.0
route,STL->SAN,9,9,0,0.0
route,STL->SAT,6,6,0,0.0
route,STL->SEA,8,8,0,0.0
route,STL->SFO,5,5,0,0.0
route,STL->SJC,8,8,0,0.0
route,STL->SLC,1,1,0,0.0
route,STL->SMF,4,4,0,0.0
route,STL->TPA,3,3,0,0.0
route,STL->TUL,2,2,0,0.0
route,STS->DEN,1,1,0,0.0
route,STS->LAX,9,9,0,0.0
route,STS->PDX,6,6,0,0.0
route,STS->PHX,2,2,0,0.0
route,STS->SAN,5,5,0,0.0
route,STS->SEA,8,8,0,0.0
route,STS->SFO,2,2,0,0.0
route,STS->SNA,2,2,0,0.0
route,STT->ATL,2,2,0,0.0
route,STT->CLT,2,2,0,0.0
route,STT->FLL,4,4,0,0.0
route,STT->JFK,1,1,0,0.0
route,STT->MCO,2,2,0,0.0
route,STT->MIA,6,6,0,0.0
route,STT->PHL,1,1,0,0.0
route,STT->SJU,11,11,0,0.0
route,STX->CLT,2,2,0,0.0
route,STX->FLL,2,2,0,0.0
route,STX->MIA,3,3,0,0.0
route,SUN->SLC,2,2,0,0.0
route,SUX->ORD,6,6,0,0.0
route,SWF->DTW,4,4,0,0.0
route,SWF->FLL,1,1,0,0.0
route,SWF->MCO,1,1,0,0.0
route,SWF->PBI,1,1,0,0.0
route,SWF->PHL,8,8,0,0.0
route,SWF->PIE,1,1,0,0.0
route,SWO->DFW,3,3,0,0.0
route,SYR->ATL,3,3,0,0.0
route,SYR->BOS,9,9,0,0.0
route,SYR->CLT,3,3,0,0.0
route,SYR->DCA,6,6,0,0.0
route,SYR->DEN,1,1,0,0.0
route,SYR->DTW,4,4,0,0.0
route,SYR->EWR,14,14,0,0.0
route,SYR->FLL,1,1,0,0.0
route,SYR->IAD,11,11,0,0.0
route,SYR->JFK,13,13,0,0.0
route,SYR->LGA,1,1,0,0.0
route,SYR->MCO,1,1,0,0.0
route,SYR->MSP,2,2,0,0.0
route,SYR->ORD,15,15,0,0.0
route,SYR->PHL,9,9,0,0.0
route,SYR->RDU,1,1,0,0.0
route,TLH->ATL,11,11,0,0.0
route,TLH->CLT,4,4,0,0.0
route,TLH->DCA,1,1,0,0.0
route,TLH->DFW,4,4,0,0.0
route,TLH->MIA,4,4,0,0.0
route,TOL->CLT,4,4,0,0.0
route,TOL->ORD,5,5,0,0.0
route,TPA->ACY,2,2,0,0.0
route,TPA->ALB,6,6,0,0.0
route,TPA->ATL,38,38,0,0.0
route,TPA->AUS,3,3,0,0.0
route,TPA->BDL,11,11,0,0.0
route,TPA->BHM,9,9,0,0.0
route,TPA->BNA,15,15,0,0.0
route,TPA->BOS,21,21,0,0.0
route,TPA->BUF,12,12,0,0.0
route,TPA->BWI,35,35,0,0.0
route,TPA->CLE,3,3,0,0.0
route,TPA->CLT,11,11,0,0.0
route,TPA->CMH,8,8,0,0.0
route,TPA->CVG,4,4,0,0.0
route,TPA->DAL,9,9,0,0.0
route,TPA->DCA,19,19,0,0.0
route,TPA->DEN,18,18,0,0.0
route,TPA->DFW,20,20,0,0.0
route,TPA->DTW,6,6,0,0.0
route,TPA->EWR,34,34,0,0.0
route,TPA->FLL,22,22,0,0.0
route,TPA->HOU,10,10,0,0.0
route,TPA->HPN,2,2,0,0.0
route,TPA->IAD,16,16,0,0.0
route,TPA->IAH,19,19,0,0.0
route,TPA->IND,6,6,0,0.0
route,TPA->ISP,11,11,0,0.0
route,TPA->JFK,15,15,0,0.0
route,TPA->LAS,16,16,0,0.0
route,TPA->LAX,4,4,0,0.0
route,TPA->LGA,12,12,0,0.0
route,TPA->MCI,5,5,0,0.0
route,TPA->MDW,23,23,0,0.0
route,TPA->MEM,3,3,0,0.0
route,TPA->MHT,6,6,0,0.0
route,TPA->MIA,2,2,0,0.0
route,TPA->MKE,5,5,0,0.0
route,TPA->MSP,3,3,0,0.0
route,TPA->MSY,17,17,0,0.0
route,TPA->ORD,14,14,0,0.0
route,TPA->PHL,16,16,0,0.0
route,TPA->PHX,11,11,0,0.0
route,TPA->PIT,9,9,0,0.0
route,TPA->PVD,4,4,0,0.0
route,TPA->RDU,18,18,0,0.0
route,TPA->ROC,6,6,0,0.0
route,TPA->SAN,3,3,0,0.0
route,TPA->SAT,4,4,0,0.0
route,TPA->SDF,5,5,0,0.0
route,TPA->SEA,4,4,0,0.0
route,TPA->SFO,7,7,0,0.0
route,TPA->SJU,11,11,0,0.0
route,TPA->STL,7,7,0,0.0
route,TPA->TTN,1,1,0,0.0
route,TRI->ATL,7,7,0,0.0
route,TRI->CLT,3,3,0,0.0
route,TRI->SFB,2,2,0,0.0
route,TTN->ATL,3,3,0,0.0
route,TTN->BNA,3,3,0,0.0
route,TTN->CLT,2,2,0,0.0
route,TTN->DTW,1,1,0,0.0
route,TTN->JAX,1,1,0,0.0
route,TTN->MCO,5,5,0,0.0
route,TTN->MSP,1,1,0,0.0
route,TTN->ORD,3,3,0,0.0
route,TTN->PBI,2,2,0,0.0
route,TTN->RDU,2,2,0,0.0
route,TTN->TPA,1,1,0,0.0
route,TUL->ATL,7,7,0,0.0
route,TUL->CLT,3,3,0,0.0
route,TUL->DAL,18,18,0,0.0
route,TUL->DEN,21,21,0,0.0
route,TUL->DFW,15,15,0,0.0
route,TUL->HOU,12,12,0,0.0
route,TUL->IAD,2,2,0,0.0
route,TUL->IAH,24,24,0,0.0
route,TUL->LAS,4,4,0,0.0
route,TUL->LAX,2,2,0,0.0
route,TUL->MSP,3,3,0,0.0
route,TUL->ORD,13,13,0,0.0
route,TUL->PHX,2,2,0,0.0
route,TUL->PIE,1,1,0,0.0
route,TUL->SAN,2,2,0,0.0
route,TUL->SFB,3,3,0,0.0
route,TUL->SJC,2,2,0,0.0
route,TUL->SLC,3,3,0,0.0
route,TUL->STL,9,9,0,0.0
route,TUS->DEN,21,21,0,0.0
route,TUS->DFW,12,12,0,0.0
route,TUS->IAH,9,9,0,0.0
route,TUS->LAS,6,6,0,0.0
route,TUS->LAX,19,19,0,0.0
route,TUS->MDW,2,2,0,0.0
route,TUS->MSP,2,2,0,0.0
route,TUS->OAK,2,2,0,0.0
route,TUS->ORD,6,6,0,0.0
route,TUS->PDX,4,4,0,0.0
route,TUS->PHX,10,10,0,0.0
route,TUS->SAN,4,4,0,0.0
route,TUS->SEA,5,5,0,0.0
route,TUS->SFO,21,21,0,0.0
route,TUS->SJC,7,7,0,0.0
route,TUS->SLC,7,7,0,0.0
route,TVC->DTW,8,8,0,0.0
route,TVC->ORD,17,17,0,0.0
route,TWF->SLC,4,4,0,0.0
route,TXK->DFW,3,3,0,0.0
route,TYR->DFW,9,9,0,0.0
route,TYS->ATL,10,10,0,0.0
route,TYS->BWI,1,1,0,0.0
route,TYS->CLT,12,12,0,0.0
route,TYS->DCA,3,3,0,0.0
route,TYS->DEN,6,6,0,0.0
route,TYS->DFW,9,9,0,0.0
route,TYS->DTW,8,8,0,0.0
route,TYS->EWR,11,11,0,0.0
route,TYS->FLL,3,3,0,0.0
route,TYS->IAD,9,9,0,0.0
route,TYS->IAH,6,6,0,0.0
route,TYS->LAS,2,2,0,0.0
route,TYS->LGA,1,1,0,0.0
route,TYS->MSP,2,2,0,0.0
route,TYS->ORD,19,19,0,0.0
route,TYS->PGD,2,2,0,0.0
route,TYS->PHL,6,6,0,0.0
route,TYS->PIE,5,5,0,0.0
route,TYS->SFB,4,4,0,0.0
route,UIN->CGI,1,1,0,0.0
route,UIN->ORD,6,6,0,0.0
route,USA->FLL,3,3,0,0.0
route,USA->PIE,1,1,0,0.0
route,USA->SFB,5,5,0,0.0
route,USA->VPS,1,1,0,0.0
route,VEL->DEN,3,3,0,0.0
route,VLD->ATL,6,6,0,0.0
route,VPS->ATL,6,6,0,0.0
route,VPS->BLV,1,1,0,0.0
route,VPS->CLE,1,1,0,0.0
route,VPS->CLT,3,3,0,0.0
route,VPS->CVG,2,2,0,0.0
route,VPS->DCA,3,3,0,0.0
route,VPS->DFW,2,2,0,0.0
route,VPS->DSM,1,1,0,0.0
route,VPS->IAH,11,11,0,0.0
route,VPS->PIT,1,1,0,0.0
route,VPS->SDF,1,1,0,0.0
route,VPS->SGF,4,4,0,0.0
route,VPS->XNA,4,4,0,0.0
route,WRG->KTN,1,1,0,0.0
route,WRG->PSG,3,3,0,0.0
route,WYS->SLC,2,2,0,0.0
route,XNA->ATL,8,8,0,0.0
route,XNA->CLT,4,4,0,0.0
route,XNA->DEN,4,4,0,0.0
route,XNA->DFW,10,10,0,0.0
route,XNA->IAH,14,14,0,0.0
route,XNA->LAS,1,1,0,0.0
route,XNA->LAX,3,3,0,0.0
route,XNA->LGA,1,1,0,0.0
route,XNA->MSP,5,5,0,0.0
route,XNA->ORD,21,21,0,0.0
route,XNA->SFB,3,3,0,0.0
route,XNA->SFO,2,2,0,0.0
route,XNA->VPS,1,1,0,0.0
route,YAK->CDV,5,5,0,0.0
route,YAK->JNU,4,4,0,0.0
route,YKM->SEA,14,14,0,0.0
route,YUM->DFW,2,2,0,0.0
route,YUM->PHX,6,6,0,0.0
Day_of_Month,1,1643,1643,0,0.0
Day_of_Month,10,1834,1834,0,0.0
Day_of_Month,11,1567,1567,0,0.0
Day_of_Month,12,1582,1582,0,0.0
Day_of_Month,13,1736,1736,0,0.0
Day_of_Month,14,1677,1677,0,0.0
Day_of_Month,15,1638,1638,0,0.0
Day_of_Month,16,1814,1814,0,0.0
Day_of_Month,17,1836,1836,0,0.0
Day_of_Month,18,1562,1562,0,0.0
Day_of_Month,19,1689,1689,0,0.0
Day_of_Month,2,1682,1682,0,0.0
Day_of_Month,20,1794,1794,0,0.0
Day_of_Month,21,1825,1825,0,0.0
Day_of_Month,22,1689,1689,0,0.0
Day_of_Month,23,1842,1842,0,0.0
Day_of_Month,24,1891,1891,0,0.0
Day_of_Month,25,1519,1519,0,0.0
Day_of_Month,26,1422,1422,0,0.0
Day_of_Month,27,1660,1660,0,0.0
Day_of_Month,28,1646,1646,0,0.0
Day_of_Month,29,1803,1803,0,0.0
Day_of_Month,3,1779,1779,0,0.0
Day_of_Month,30,1797,1797,0,0.0
Day_of_Month,31,1748,1748,0,0.0
Day_of_Month,4,1622,1622,0,0.0
Day_of_Month,5,1547,1547,0,0.0
Day_of_Month,6,1794,1794,0,0.0
Day_of_Month,7,1654,1654,0,0.0
Day_of_Month,8,1693,1693,0,0.0
Day_of_Month,9,1783,1783,0,0.0
