dimension,value,eligible_rows,matched_rows,unmatched_rows,unmatched_rate
Carrier_ID(DOT),19393,12199,12199,0,0.0
Carrier_ID(DOT),19687,1062,1062,0,0.0
Carrier_ID(DOT),19690,762,762,0,0.0
Carrier_ID(DOT),19790,8867,8867,0,0.0
Carrier_ID(DOT),19805,8401,8401,0,0.0
Carrier_ID(DOT),19930,2290,2290,0,0.0
Carrier_ID(DOT),19977,5915,5915,0,0.0
Carrier_ID(DOT),20046,983,983,0,0.0
Carrier_ID(DOT),20225,10,10,0,0.0
Carrier_ID(DOT),20237,660,660,0,0.0
Carrier_ID(DOT),20263,72,72,0,0.0
Carrier_ID(DOT),20304,7140,7140,0,0.0
Carrier_ID(DOT),20363,2197,2197,0,0.0
Carrier_ID(DOT),20366,1364,1364,0,0.0
Carrier_ID(DOT),20368,788,788,0,0.0
Carrier_ID(DOT),20378,2070,2070,0,0.0
Carrier_ID(DOT),20397,2465,2465,0,0.0
Carrier_ID(DOT),20398,2836,2836,0,0.0
Carrier_ID(DOT),20409,2623,2623,0,0.0
Carrier_ID(DOT),20416,1571,1571,0,0.0
Carrier_ID(DOT),20427,1053,1053,0,0.0
Carrier_ID(DOT),20436,1317,1317,0,0.0
Carrier_ID(DOT),20445,549,549,0,0.0
Carrier_ID(DOT),20452,3052,3052,0,0.0
Carrier_ID(DOT),20500,717,717,0,0.0
Carrier_ID(DOT),21167,787,787,0,0.0
Airline,(missing),7746,7746,0,0.0
Airline,Air Wisconsin Airlines Corp,867,867,0,0.0
Airline,Alaska Airlines Inc.,2046,2046,0,0.0
Airline,Allegiant Air,706,706,0,0.0
Airline,American Airlines Inc.,7489,7489,0,0.0
Airline,Capital Cargo International,948,948,0,0.0
Airline,Comair Inc.,2182,2182,0,0.0
Airline,"Commutair Aka Champlain Enterprises, Inc.",491,491,0,0.0
Airline,Compass Airlines,711,711,0,0.0
Airline,Delta Air Lines Inc.,7931,7931,0,0.0
Airline,Empire Airlines Inc.,62,62,0,0.0
Airline,Endeavor Air Inc.,1953,1953,0,0.0
Airline,Envoy Air,2540,2540,0,0.0
Airline,ExpressJet Airlines Inc.,1210,1210,0,0.0
Airline,Frontier Airlines Inc.,1157,1157,0,0.0
Airline,"GoJet Airlines, LLC d/b/a United Express",633,633,0,0.0
Airline,Hawaiian Airlines Inc.,701,701,0,0.0
Airline,Horizon Air,945,945,0,0.0
Airline,JetBlue Airways,2341,2341,0,0.0
Airline,Mesa Airlines Inc.,1839,1839,0,0.0
Airline,Peninsula Airways Inc.,9,9,0,0.0
Airline,Republic Airlines,2733,2733,0,0.0
Airline,SkyWest Airlines Inc.,6378,6378,0,0.0
Airline,Southwest Airlines Co.,10889,10889,0,0.0
Airline,Spirit Air Lines,1413,1413,0,0.0
Airline,Trans States Airlines,592,592,0,0.0
Airline,United Air Lines Inc.,5238,5238,0,0.0
carrier_group,previously-absent operator,5893,5893,0,0.0
carrier_group,reporting carrier,65857,65857,0,0.0
route,ABE->ATL,4,4,0,0.0
route,ABE->CLT,8,8,0,0.0
route,ABE->DTW,5,5,0,0.0
route,ABE->ORD,7,7,0,0.0
route,ABE->PGD,1,1,0,0.0
route,ABE->PHL,4,4,0,0.0
route,ABE->PIE,1,1,0,0.0
route,ABE->SFB,5,5,0,0.0
route,ABI->DFW,23,23,0,0.0
route,ABQ->ATL,13,13,0,0.0
route,ABQ->AUS,2,2,0,0.0
route,ABQ->BWI,6,6,0,0.0
route,ABQ->DAL,13,13,0,0.0
route,ABQ->DEN,30,30,0,0.0
route,ABQ->DFW,16,16,0,0.0
route,ABQ->HOU,6,6,0,0.0
route,ABQ->IAH,9,9,0,0.0
route,ABQ->JFK,3,3,0,0.0
route,ABQ->LAS,12,12,0,0.0
route,ABQ->LAX,24,24,0,0.0
route,ABQ->MCI,4,4,0,0.0
route,ABQ->MDW,4,4,0,0.0
route,ABQ->MSP,3,3,0,0.0
route,ABQ->OAK,5,5,0,0.0
route,ABQ->ORD,8,8,0,0.0
route,ABQ->PDX,6,6,0,0.0
route,ABQ->PHX,35,35,0,0.0
route,ABQ->SAN,11,11,0,0.0
route,ABQ->SEA,3,3,0,0.0
route,ABQ->SFO,10,10,0,0.0
route,ABQ->SJC,2,2,0,0.0
route,ABQ->SLC,14,14,0,0.0
route,ABQ->SNA,2,2,0,0.0
route,ABR->MSP,8,8,0,0.0
route,ABY->ATL,14,14,0,0.0
route,ACK->JFK,4,4,0,0.0
route,ACT->DFW,15,15,0,0.0
route,ACV->DEN,1,1,0,0.0
route,ACV->LAX,5,5,0,0.0
route,ACV->SFO,17,17,0,0.0
route,ACY->ATL,5,5,0,0.0
route,ACY->FLL,2,2,0,0.0
route,ACY->MCO,6,6,0,0.0
route,ACY->MYR,8,8,0,0.0
route,ACY->RSW,2,2,0,0.0
route,ACY->TPA,1,1,0,0.0
route,ADQ->ANC,3,3,0,0.0
route,AEX->ATL,14,14,0,0.0
route,AEX->DFW,7,7,0,0.0
route,AEX->IAH,9,9,0,0.0
route,AGS->ATL,18,18,0,0.0
route,AGS->CLT,20,20,0,0.0
route,AGS->DFW,2,2,0,0.0
route,ALB->ATL,7,7,0,0.0
route,ALB->BWI,11,11,0,0.0
route,ALB->CLT,12,12,0,0.0
route,ALB->DCA,13,13,0,0.0
route,ALB->DEN,3,3,0,0.0
route,ALB->DTW,10,10,0,0.0
route,ALB->EWR,12,12,0,0.0
route,ALB->FLL,2,2,0,0.0
route,ALB->IAD,15,15,0,0.0
route,ALB->LAS,2,2,0,0.0
route,ALB->MCO,3,3,0,0.0
route,ALB->MDW,3,3,0,0.0
route,ALB->MSP,1,1,0,0.0
route,ALB->ORD,16,16,0,0.0
route,ALB->PHL,17,17,0,0.0
route,ALB->RDU,1,1,0,0.0
route,ALB->TPA,4,4,0,0.0
route,ALO->ORD,8,8,0,0.0
route,ALW->SEA,9,9,0,0.0
route,AMA->DAL,12,12,0,0.0
route,AMA->DEN,7,7,0,0.0
route,AMA->DFW,19,19,0,0.0
route,AMA->HOU,1,1,0,0.0
route,AMA->IAH,8,8,0,0.0
route,AMA->LAS,2,2,0,0.0
route,AMA->PHX,4,4,0,0.0
route,ANC->ADQ,8,8,0,0.0
route,ANC->BET,9,9,0,0.0
route,ANC->CDV,5,5,0,0.0
route,ANC->DEN,5,5,0,0.0
route,ANC->DFW,1,1,0,0.0
route,ANC->DUT,5,5,0,0.0
route,ANC->FAI,19,19,0,0.0
route,ANC->HNL,2,2,0,0.0
route,ANC->JNU,19,19,0,0.0
route,ANC->LAX,1,1,0,0.0
route,ANC->MSP,3,3,0,0.0
route,ANC->OME,4,4,0,0.0
route,ANC->OTZ,5,5,0,0.0
route,ANC->PDX,7,7,0,0.0
route,ANC->SCC,5,5,0,0.0
route,ANC->SEA,54,54,0,0.0
route,APN->DTW,4,4,0,0.0
route,APN->PLN,3,3,0,0.0
route,ART->PHL,5,5,0,0.0
route,ASE->DEN,15,15,0,0.0
route,ASE->DFW,2,2,0,0.0
route,ASE->LAX,7,7,0,0.0
route,ASE->ORD,2,2,0,0.0
route,ASE->SLC,4,4,0,0.0
route,ATL->ABE,10,10,0,0.0
route,ATL->ABQ,11,11,0,0.0
route,ATL->ABY,11,11,0,0.0
route,ATL->AEX,11,11,0,0.0
route,ATL->AGS,25,25,0,0.0
route,ATL->ALB,10,10,0,0.0
route,ATL->ATW,3,3,0,0.0
route,ATL->AUS,34,34,0,0.0
route,ATL->AVL,17,17,0,0.0
route,ATL->AVP,2,2,0,0.0
route,ATL->BDL,15,15,0,0.0
route,ATL->BHM,33,33,0,0.0
route,ATL->BMI,12,12,0,0.0
route,ATL->BNA,44,44,0,0.0
route,ATL->BOS,55,55,0,0.0
route,ATL->BQK,5,5,0,0.0
route,ATL->BTR,21,21,0,0.0
route,ATL->BTV,5,5,0,0.0
route,ATL->BUF,10,10,0,0.0
route,ATL->BUR,4,4,0,0.0
route,ATL->BWI,58,58,0,0.0
route,ATL->CAE,17,17,0,0.0
route,ATL->CAK,11,11,0,0.0
route,ATL->CHA,39,39,0,0.0
route,ATL->CHO,14,14,0,0.0
route,ATL->CHS,29,29,0,0.0
route,ATL->CID,4,4,0,0.0
route,ATL->CLE,37,37,0,0.0
route,ATL->CLT,63,63,0,0.0
route,ATL->CMH,49,49,0,0.0
route,ATL->COS,1,1,0,0.0
route,ATL->CRW,13,13,0,0.0
route,ATL->CSG,12,12,0,0.0
route,ATL->CVG,25,25,0,0.0
route,ATL->DAB,24,24,0,0.0
route,ATL->DAL,30,30,0,0.0
route,ATL->DAY,11,11,0,0.0
route,ATL->DCA,58,58,0,0.0
route,ATL->DEN,44,44,0,0.0
route,ATL->DFW,54,54,0,0.0
route,ATL->DHN,10,10,0,0.0
route,ATL->DSM,11,11,0,0.0
route,ATL->DTW,51,51,0,0.0
route,ATL->ECP,20,20,0,0.0
route,ATL->ELP,6,6,0,0.0
route,ATL->EVV,10,10,0,0.0
route,ATL->EWN,6,6,0,0.0
route,ATL->EWR,68,68,0,0.0
route,ATL->EYW,15,15,0,0.0
route,ATL->FAY,25,25,0,0.0
route,ATL->FLL,60,60,0,0.0
route,ATL->FNT,8,8,0,0.0
route,ATL->FSD,2,2,0,0.0
route,ATL->FSM,9,9,0,0.0
route,ATL->FWA,5,5,0,0.0
route,ATL->GNV,23,23,0,0.0
route,ATL->GPT,11,11,0,0.0
route,ATL->GRB,7,7,0,0.0
route,ATL->GRR,15,15,0,0.0
route,ATL->GSO,25,25,0,0.0
route,ATL->GSP,42,42,0,0.0
route,ATL->GTR,12,12,0,0.0
route,ATL->HNL,2,2,0,0.0
route,ATL->HOU,40,40,0,0.0
route,ATL->HPN,20,20,0,0.0
route,ATL->HSV,27,27,0,0.0
route,ATL->IAD,30,30,0,0.0
route,ATL->IAH,44,44,0,0.0
route,ATL->ICT,5,5,0,0.0
route,ATL->ILM,11,11,0,0.0
route,ATL->IND,47,47,0,0.0
route,ATL->ISP,1,1,0,0.0
route,ATL->JAN,16,16,0,0.0
route,ATL->JAX,53,53,0,0.0
route,ATL->JFK,34,34,0,0.0
route,ATL->LAS,37,37,0,0.0
route,ATL->LAX,52,52,0,0.0
route,ATL->LEX,25,25,0,0.0
route,ATL->LFT,9,9,0,0.0
route,ATL->LGA,88,88,0,0.0
route,ATL->LIT,16,16,0,0.0
route,ATL->LNK,1,1,0,0.0
route,ATL->MCI,37,37,0,0.0
route,ATL->MCO,94,94,0,0.0
route,ATL->MDT,10,10,0,0.0
route,ATL->MDW,37,37,0,0.0
route,ATL->MEM,35,35,0,0.0
route,ATL->MGM,23,23,0,0.0
route,ATL->MHT,4,4,0,0.0
route,ATL->MIA,60,60,0,0.0
route,ATL->MKE,22,22,0,0.0
route,ATL->MLB,12,12,0,0.0
route,ATL->MLI,9,9,0,0.0
route,ATL->MLU,11,11,0,0.0
route,ATL->MOB,17,17,0,0.0
route,ATL->MSN,13,13,0,0.0
route,ATL->MSP,36,36,0,0.0
route,ATL->MSY,51,51,0,0.0
route,ATL->MYR,16,16,0,0.0
route,ATL->OAJ,11,11,0,0.0
route,ATL->OAK,1,1,0,0.0
route,ATL->OKC,14,14,0,0.0
route,ATL->OMA,17,17,0,0.0
route,ATL->ORD,67,67,0,0.0
route,ATL->ORF,30,30,0,0.0
route,ATL->PBI,42,42,0,0.0
route,ATL->PDX,12,12,0,0.0
route,ATL->PHF,11,11,0,0.0
route,ATL->PHL,51,51,0,0.0
route,ATL->PHX,39,39,0,0.0
route,ATL->PIA,10,10,0,0.0
route,ATL->PIT,26,26,0,0.0
route,ATL->PNS,21,21,0,0.0
route,ATL->PVD,3,3,0,0.0
route,ATL->PWM,5,5,0,0.0
route,ATL->RDU,52,52,0,0.0
route,ATL->RIC,34,34,0,0.0
route,ATL->ROA,17,17,0,0.0
route,ATL->ROC,8,8,0,0.0
route,ATL->RST,7,7,0,0.0
route,ATL->RSW,22,22,0,0.0
route,ATL->SAN,26,26,0,0.0
route,ATL->SAT,31,31,0,0.0
route,ATL->SAV,38,38,0,0.0
route,ATL->SBN,15,15,0,0.0
route,ATL->SDF,22,22,0,0.0
route,ATL->SEA,22,22,0,0.0
route,ATL->SFO,36,36,0,0.0
route,ATL->SGF,15,15,0,0.0
route,ATL->SHV,22,22,0,0.0
route,ATL->SJC,10,10,0,0.0
route,ATL->SJU,14,14,0,0.0
route,ATL->SLC,22,22,0,0.0
route,ATL->SMF,9,9,0,0.0
route,ATL->SNA,14,14,0,0.0
route,ATL->SRQ,16,16,0,0.0
route,ATL->STL,38,38,0,0.0
route,ATL->STT,2,2,0,0.0
route,ATL->SYR,15,15,0,0.0
route,ATL->TLH,21,21,0,0.0
route,ATL->TPA,74,74,0,0.0
route,ATL->TRI,17,17,0,0.0
route,ATL->TTN,5,5,0,0.0
route,ATL->TUL,16,16,0,0.0
route,ATL->TUS,7,7,0,0.0
route,ATL->TYS,30,30,0,0.0
route,ATL->VLD,4,4,0,0.0
route,ATL->VPS,23,23,0,0.0
route,ATL->XNA,19,19,0,0.0
route,ATW->ATL,7,7,0,0.0
route,ATW->AZA,2,2,0,0.0
route,ATW->DEN,4,4,0,0.0
route,ATW->DTW,11,11,0,0.0
route,ATW->MSP,7,7,0,0.0
route,ATW->ORD,17,17,0,0.0
route,ATW->SFB,1,1,0,0.0
route,ATY->DEN,5,5,0,0.0
route,ATY->ORD,1,1,0,0.0
route,AUS->ABQ,3,3,0,0.0
route,AUS->ATL,37,37,0,0.0
route,AUS->BNA,4,4,0,0.0
route,AUS->BOS,10,10,0,0.0
route,AUS->BWI,7,7,0,0.0
route,AUS->CHS,1,1,0,0.0
route,AUS->CLE,1,1,0,0.0
route,AUS->CLT,18,18,0,0.0
route,AUS->CMH,3,3,0,0.0
route,AUS->CVG,4,4,0,0.0
route,AUS->DAL,29,29,0,0.0
route,AUS->DCA,5,5,0,0.0
route,AUS->DEN,38,38,0,0.0
route,AUS->DFW,34,34,0,0.0
route,AUS->DTW,10,10,0,0.0
route,AUS->ELP,6,6,0,0.0
route,AUS->EWR,14,14,0,0.0
route,AUS->FLL,10,10,0,0.0
route,AUS->HOU,17,17,0,0.0
route,AUS->HRL,8,8,0,0.0
route,AUS->IAD,13,13,0,0.0
route,AUS->IAH,28,28,0,0.0
route,AUS->IND,1,1,0,0.0
route,AUS->JAX,1,1,0,0.0
route,AUS->JFK,23,23,0,0.0
route,AUS->LAS,11,11,0,0.0
route,AUS->LAX,25,25,0,0.0
route,AUS->LBB,2,2,0,0.0
route,AUS->LGB,3,3,0,0.0
route,AUS->MCI,2,2,0,0.0
route,AUS->MCO,9,9,0,0.0
route,AUS->MDW,11,11,0,0.0
route,AUS->MIA,14,14,0,0.0
route,AUS->MSP,14,14,0,0.0
route,AUS->MSY,11,11,0,0.0
route,AUS->OAK,3,3,0,0.0
route,AUS->OMA,1,1,0,0.0
route,AUS->ONT,2,2,0,0.0
route,AUS->ORD,24,24,0,0.0
route,AUS->PDX,2,2,0,0.0
route,AUS->PHL,7,7,0,0.0
route,AUS->PHX,27,27,0,0.0
route,AUS->RDU,7,7,0,0.0
route,AUS->RNO,1,1,0,0.0
route,AUS->SAN,12,12,0,0.0
route,AUS->SEA,12,12,0,0.0
route,AUS->SFO,28,28,0,0.0
route,AUS->SJC,15,15,0,0.0
route,AUS->SLC,10,10,0,0.0
route,AUS->SMF,5,5,0,0.0
route,AUS->SNA,3,3,0,0.0
route,AUS->STL,8,8,0,0.0
route,AUS->TPA,1,1,0,0.0
route,AUS->VPS,2,2,0,0.0
route,AVL->ATL,22,22,0,0.0
route,AVL->BWI,1,1,0,0.0
route,AVL->CLT,25,25,0,0.0
route,AVL->DFW,2,2,0,0.0
route,AVL->DTW,1,1,0,0.0
route,AVL->EWR,8,8,0,0.0
route,AVL->FLL,10,10,0,0.0
route,AVL->IAD,2,2,0,0.0
route,AVL->LGA,2,2,0,0.0
route,AVL->ORD,10,10,0,0.0
route,AVL->PGD,2,2,0,0.0
route,AVL->PHL,2,2,0,0.0
route,AVL->PIE,8,8,0,0.0
route,AVL->SFB,1,1,0,0.0
route,AVL->SRQ,1,1,0,0.0
route,AVL->TPA,1,1,0,0.0
route,AVP->ATL,4,4,0,0.0
route,AVP->CLT,5,5,0,0.0
route,AVP->DTW,3,3,0,0.0
route,AVP->EWR,1,1,0,0.0
route,AVP->IAD,2,2,0,0.0
route,AVP->ORD,12,12,0,0.0
route,AVP->PHL,13,13,0,0.0
route,AZA->ATW,2,2,0,0.0
route,AZA->BIL,2,2,0,0.0
route,AZA->BLV,1,1,0,0.0
route,AZA->BOI,2,2,0,0.0
route,AZA->BZN,2,2,0,0.0
route,AZA->CID,1,1,0,0.0
route,AZA->CVG,1,1,0,0.0
route,AZA->DSM,1,1,0,0.0
route,AZA->EUG,2,2,0,0.0
route,AZA->FAR,5,5,0,0.0
route,AZA->FSD,1,1,0,0.0
route,AZA->GRI,1,1,0,0.0
route,AZA->GRR,2,2,0,0.0
route,AZA->GTF,1,1,0,0.0
route,AZA->ICT,2,2,0,0.0
route,AZA->MLI,1,1,0,0.0
route,AZA->MSO,1,1,0,0.0
route,AZA->OAK,1,1,0,0.0
route,AZA->PIA,1,1,0,0.0
route,AZA->PIE,1,1,0,0.0
route,AZA->PSC,1,1,0,0.0
route,AZA->PVU,5,5,0,0.0
route,AZA->RAP,1,1,0,0.0
route,AZA->RFD,2,2,0,0.0
route,AZA->SCK,2,2,0,0.0
route,AZA->SGF,1,1,0,0.0
route,AZA->STC,1,1,0,0.0
route,AZO->DTW,15,15,0,0.0
route,AZO->MSP,6,6,0,0.0
route,AZO->ORD,12,12,0,0.0
route,BDL->ATL,21,21,0,0.0
route,BDL->BWI,18,18,0,0.0
route,BDL->CLE,2,2,0,0.0
route,BDL->CLT,19,19,0,0.0
route,BDL->CVG,1,1,0,0.0
route,BDL->DCA,19,19,0,0.0
route,BDL->DEN,5,5,0,0.0
route,BDL->DFW,6,6,0,0.0
route,BDL->DTW,14,14,0,0.0
route,BDL->FLL,14,14,0,0.0
route,BDL->IAD,15,15,0,0.0
route,BDL->IAH,2,2,0,0.0
route,BDL->LAS,2,2,0,0.0
route,BDL->LAX,4,4,0,0.0
route,BDL->MCO,18,18,0,0.0
route,BDL->MDW,6,6,0,0.0
route,BDL->MIA,1,1,0,0.0
route,BDL->MSP,9,9,0,0.0
route,BDL->MYR,3,3,0,0.0
route,BDL->ORD,33,33,0,0.0
route,BDL->PBI,2,2,0,0.0
route,BDL->PHL,17,17,0,0.0
route,BDL->RDU,4,4,0,0.0
route,BDL->RSW,2,2,0,0.0
route,BDL->SJU,4,4,0,0.0
route,BDL->STL,3,3,0,0.0
route,BDL->TPA,6,6,0,0.0
route,BET->ANC,8,8,0,0.0
route,BFF->DEN,4,4,0,0.0
route,BFL->DEN,7,7,0,0.0
route,BFL->DFW,2,2,0,0.0
route,BFL->PHX,9,9,0,0.0
route,BFL->SFO,3,3,0,0.0
route,BFM->DEN,1,1,0,0.0
route,BGM->DTW,12,12,0,0.0
route,BGR->CLT,3,3,0,0.0
route,BGR->DCA,9,9,0,0.0
route,BGR->EWR,11,11,0,0.0
route,BGR->LGA,19,19,0,0.0
route,BGR->ORD,1,1,0,0.0
route,BGR->PHL,19,19,0,0.0
route,BGR->PIE,3,3,0,0.0
route,BHM->ATL,33,33,0,0.0
route,BHM->BWI,1,1,0,0.0
route,BHM->CLT,17,17,0,0.0
route,BHM->DAL,7,7,0,0.0
route,BHM->DCA,11,11,0,0.0
route,BHM->DEN,5,5,0,0.0
route,BHM->DFW,11,11,0,0.0
route,BHM->DTW,10,10,0,0.0
route,BHM->HOU,6,6,0,0.0
route,BHM->IAH,18,18,0,0.0
route,BHM->LAS,4,4,0,0.0
route,BHM->LGA,10,10,0,0.0
route,BHM->MCO,5,5,0,0.0
route,BHM->MDW,6,6,0,0.0
route,BHM->MIA,11,11,0,0.0
route,BHM->ORD,20,20,0,0.0
route,BHM->PHL,1,1,0,0.0
route,BHM->TPA,5,5,0,0.0
route,BIL->AZA,1,1,0,0.0
route,BIL->DEN,13,13,0,0.0
route,BIL->LAS,1,1,0,0.0
route,BIL->MSP,8,8,0,0.0
route,BIL->PDX,4,4,0,0.0
route,BIL->SEA,8,8,0,0.0
route,BIL->SLC,9,9,0,0.0
route,BIS->AZA,2,2,0,0.0
route,BIS->DEN,12,12,0,0.0
route,BIS->DFW,4,4,0,0.0
route,BIS->LAS,1,1,0,0.0
route,BIS->MSP,16,16,0,0.0
route,BIS->ORD,9,9,0,0.0
route,BJI->MSP,2,2,0,0.0
route,BKG->DEN,3,3,0,0.0
route,BLI->AZA,1,1,0,0.0
route,BLI->LAS,6,6,0,0.0
route,BLI->LAX,1,1,0,0.0
route,BLI->OAK,1,1,0,0.0
route,BLI->PSP,2,2,0,0.0
route,BLI->SEA,14,14,0,0.0
route,BLI->TUS,1,1,0,0.0
route,BLV->LAS,1,1,0,0.0
route,BLV->PGD,2,2,0,0.0
route,BLV->VPS,1,1,0,0.0
route,BMI->ATL,10,10,0,0.0
route,BMI->DEN,2,2,0,0.0
route,BMI->DFW,2,2,0,0.0
route,BMI->MCO,1,1,0,0.0
route,BMI->MSP,5,5,0,0.0
route,BMI->ORD,7,7,0,0.0
route,BMI->SFB,1,1,0,0.0
route,BNA->ABE,1,1,0,0.0
route,BNA->ATL,53,53,0,0.0
route,BNA->AUS,12,12,0,0.0
route,BNA->BOS,28,28,0,0.0
route,BNA->BWI,22,22,0,0.0
route,BNA->CHS,5,5,0,0.0
route,BNA->CLE,7,7,0,0.0
route,BNA->CLT,33,33,0,0.0
route,BNA->CMH,4,4,0,0.0
route,BNA->DAL,9,9,0,0.0
route,BNA->DCA,21,21,0,0.0
route,BNA->DEN,40,40,0,0.0
route,BNA->DFW,36,36,0,0.0
route,BNA->DTW,27,27,0,0.0
route,BNA->ECP,6,6,0,0.0
route,BNA->EWR,23,23,0,0.0
route,BNA->FLL,15,15,0,0.0
route,BNA->HOU,16,16,0,0.0
route,BNA->IAD,6,6,0,0.0
route,BNA->IAH,21,21,0,0.0
route,BNA->JAX,12,12,0,0.0
route,BNA->JFK,16,16,0,0.0
route,BNA->LAS,8,8,0,0.0
route,BNA->LAX,29,29,0,0.0
route,BNA->LGA,49,49,0,0.0
route,BNA->MCI,7,7,0,0.0
route,BNA->MCO,12,12,0,0.0
route,BNA->MDW,22,22,0,0.0
route,BNA->MIA,9,9,0,0.0
route,BNA->MKE,7,7,0,0.0
route,BNA->MSP,21,21,0,0.0
route,BNA->MSY,14,14,0,0.0
route,BNA->OAK,3,3,0,0.0
route,BNA->ORD,45,45,0,0.0
route,BNA->ORF,1,1,0,0.0
route,BNA->PGD,2,2,0,0.0
route,BNA->PHL,24,24,0,0.0
route,BNA->PHX,7,7,0,0.0
route,BNA->PIT,4,4,0,0.0
route,BNA->PNS,5,5,0,0.0
route,BNA->RDU,13,13,0,0.0
route,BNA->SAN,6,6,0,0.0
route,BNA->SAT,8,8,0,0.0
route,BNA->SEA,6,6,0,0.0
route,BNA->SFO,8,8,0,0.0
route,BNA->SJC,2,2,0,0.0
route,BNA->SLC,3,3,0,0.0
route,BNA->STL,10,10,0,0.0
route,BNA->TPA,14,14,0,0.0
route,BNA->TTN,1,1,0,0.0
route,BOI->AZA,1,1,0,0.0
route,BOI->DEN,17,17,0,0.0
route,BOI->DFW,4,4,0,0.0
route,BOI->GEG,7,7,0,0.0
route,BOI->IAH,3,3,0,0.0
route,BOI->LAS,10,10,0,0.0
route,BOI->LAX,9,9,0,0.0
route,BOI->MSP,10,10,0,0.0
route,BOI->OAK,3,3,0,0.0
route,BOI->ORD,11,11,0,0.0
route,BOI->PDX,31,31,0,0.0
route,BOI->PHX,12,12,0,0.0
route,BOI->RNO,1,1,0,0.0
route,BOI->SAN,7,7,0,0.0
route,BOI->SEA,60,60,0,0.0
route,BOI->SFO,16,16,0,0.0
route,BOI->SJC,9,9,0,0.0
route,BOI->SLC,14,14,0,0.0
route,BOI->SMF,5,5,0,0.0
route,BOS->ACK,1,1,0,0.0
route,BOS->ATL,69,69,0,0.0
route,BOS->AUS,18,18,0,0.0
route,BOS->BNA,25,25,0,0.0
route,BOS->BUF,17,17,0,0.0
route,BOS->BUR,4,4,0,0.0
route,BOS->BWI,54,54,0,0.0
route,BOS->CHS,8,8,0,0.0
route,BOS->CLE,17,17,0,0.0
route,BOS->CLT,43,43,0,0.0
route,BOS->CMH,11,11,0,0.0
route,BOS->CVG,10,10,0,0.0
route,BOS->DAL,3,3,0,0.0
route,BOS->DCA,72,72,0,0.0
route,BOS->DEN,24,24,0,0.0
route,BOS->DFW,29,29,0,0.0
route,BOS->DTW,38,38,0,0.0
route,BOS->EWR,63,63,0,0.0
route,BOS->FLL,26,26,0,0.0
route,BOS->GSP,1,1,0,0.0
route,BOS->HNL,3,3,0,0.0
route,BOS->HOU,8,8,0,0.0
route,BOS->IAD,18,18,0,0.0
route,BOS->IAH,14,14,0,0.0
route,BOS->IND,17,17,0,0.0
route,BOS->JAX,16,16,0,0.0
route,BOS->JFK,43,43,0,0.0
route,BOS->LAS,16,16,0,0.0
route,BOS->LAX,58,58,0,0.0
route,BOS->LGA,124,124,0,0.0
route,BOS->LGB,8,8,0,0.0
route,BOS->MCI,21,21,0,0.0
route,BOS->MCO,42,42,0,0.0
route,BOS->MDT,7,7,0,0.0
route,BOS->MDW,15,15,0,0.0
route,BOS->MIA,21,21,0,0.0
route,BOS->MKE,12,12,0,0.0
route,BOS->MSP,25,25,0,0.0
route,BOS->MSY,10,10,0,0.0
route,BOS->MYR,4,4,0,0.0
route,BOS->ORD,78,78,0,0.0
route,BOS->ORF,2,2,0,0.0
route,BOS->PBI,8,8,0,0.0
route,BOS->PDX,8,8,0,0.0
route,BOS->PHL,78,78,0,0.0
route,BOS->PHX,15,15,0,0.0
route,BOS->PIT,23,23,0,0.0
route,BOS->RDU,39,39,0,0.0
route,BOS->RIC,22,22,0,0.0
route,BOS->ROC,7,7,0,0.0
route,BOS->RSW,14,14,0,0.0
route,BOS->SAN,4,4,0,0.0
route,BOS->SAV,10,10,0,0.0
route,BOS->SEA,19,19,0,0.0
route,BOS->SFO,51,51,0,0.0
route,BOS->SJC,2,2,0,0.0
route,BOS->SJU,7,7,0,0.0
route,BOS->SLC,5,5,0,0.0
route,BOS->SRQ,2,2,0,0.0
route,BOS->STL,8,8,0,0.0
route,BOS->SYR,8,8,0,0.0
route,BOS->TPA,20,20,0,0.0
route,BPT->DFW,6,6,0,0.0
route,BQK->ATL,9,9,0,0.0
route,BQN->EWR,3,3,0,0.0
route,BQN->FLL,5,5,0,0.0
route,BQN->JFK,1,1,0,0.0
route,BQN->MCO,9,9,0,0.0
route,BRD->MSP,4,4,0,0.0
route,BRO->DFW,14,14,0,0.0
route,BRO->IAH,17,17,0,0.0
route,BRW->ANC,5,5,0,0.0
route,BRW->FAI,2,2,0,0.0
route,BTM->SLC,7,7,0,0.0
route,BTR->ATL,22,22,0,0.0
route,BTR->CLT,13,13,0,0.0
route,BTR->DFW,22,22,0,0.0
route,BTR->IAH,24,24,0,0.0
route,BTV->ATL,3,3,0,0.0
route,BTV->CLT,3,3,0,0.0
route,BTV->DCA,11,11,0,0.0
route,BTV->DTW,8,8,0,0.0
route,BTV->EWR,19,19,0,0.0
route,BTV->IAD,9,9,0,0.0
route,BTV->JFK,16,16,0,0.0
route,BTV->LGA,7,7,0,0.0
route,BTV->ORD,8,8,0,0.0
route,BTV->PHL,16,16,0,0.0
route,BUF->ATL,11,11,0,0.0
route,BUF->AUS,1,1,0,0.0
route,BUF->BOS,28,28,0,0.0
route,BUF->BWI,19,19,0,0.0
route,BUF->CLT,4,4,0,0.0
route,BUF->DCA,16,16,0,0.0
route,BUF->DEN,3,3,0,0.0
route,BUF->DFW,2,2,0,0.0
route,BUF->DTW,17,17,0,0.0
route,BUF->EWR,19,19,0,0.0
route,BUF->FLL,6,6,0,0.0
route,BUF->IAD,13,13,0,0.0
route,BUF->JFK,45,45,0,0.0
route,BUF->LAS,4,4,0,0.0
route,BUF->LAX,4,4,0,0.0
route,BUF->LGA,16,16,0,0.0
route,BUF->MCO,17,17,0,0.0
route,BUF->MDW,12,12,0,0.0
route,BUF->MSP,5,5,0,0.0
route,BUF->ORD,24,24,0,0.0
route,BUF->PHL,18,18,0,0.0
route,BUF->PHX,7,7,0,0.0
route,BUF->RDU,1,1,0,0.0
route,BUF->TPA,9,9,0,0.0
route,BUR->ATL,1,1,0,0.0
route,BUR->BOS,4,4,0,0.0
route,BUR->DAL,2,2,0,0.0
route,BUR->DEN,10,10,0,0.0
route,BUR->DFW,5,5,0,0.0
route,BUR->JFK,4,4,0,0.0
route,BUR->LAS,34,34,0,0.0
route,BUR->MDW,2,2,0,0.0
route,BUR->OAK,44,44,0,0.0
route,BUR->PDX,13,13,0,0.0
route,BUR->PHX,30,30,0,0.0
route,BUR->SEA,10,10,0,0.0
route,BUR->SFO,36,36,0,0.0
route,BUR->SJC,48,48,0,0.0
route,BUR->SLC,17,17,0,0.0
route,BUR->SMF,24,24,0,0.0
route,BWI->ABQ,4,4,0,0.0
route,BWI->ALB,27,27,0,0.0
route,BWI->ATL,72,72,0,0.0
route,BWI->AUS,14,14,0,0.0
route,BWI->BDL,17,17,0,0.0
route,BWI->BHM,2,2,0,0.0
route,BWI->BNA,23,23,0,0.0
route,BWI->BOS,50,50,0,0.0
route,BWI->BUF,20,20,0,0.0
route,BWI->CHS,10,10,0,0.0
route,BWI->CLE,8,8,0,0.0
route,BWI->CLT,35,35,0,0.0
route,BWI->CMH,21,21,0,0.0
route,BWI->CVG,20,20,0,0.0
route,BWI->DAL,13,13,0,0.0
route,BWI->DEN,23,23,0,0.0
route,BWI->DFW,17,17,0,0.0
route,BWI->DTW,25,25,0,0.0
route,BWI->EWR,4,4,0,0.0
route,BWI->FLL,40,40,0,0.0
route,BWI->GRR,3,3,0,0.0
route,BWI->HOU,15,15,0,0.0
route,BWI->IAH,19,19,0,0.0
route,BWI->IND,9,9,0,0.0
route,BWI->ISP,12,12,0,0.0
route,BWI->JAX,9,9,0,0.0
route,BWI->JFK,15,15,0,0.0
route,BWI->LAS,21,21,0,0.0
route,BWI->LAX,18,18,0,0.0
route,BWI->MCI,7,7,0,0.0
route,BWI->MCO,34,34,0,0.0
route,BWI->MDW,20,20,0,0.0
route,BWI->MEM,2,2,0,0.0
route,BWI->MHT,17,17,0,0.0
route,BWI->MIA,4,4,0,0.0
route,BWI->MKE,8,8,0,0.0
route,BWI->MSP,10,10,0,0.0
route,BWI->MSY,17,17,0,0.0
route,BWI->OKC,4,4,0,0.0
route,BWI->ORD,27,27,0,0.0
route,BWI->ORF,14,14,0,0.0
route,BWI->PBI,9,9,0,0.0
route,BWI->PHL,13,13,0,0.0
route,BWI->PHX,12,12,0,0.0
route,BWI->PIT,11,11,0,0.0
route,BWI->PVD,21,21,0,0.0
route,BWI->PWM,11,11,0,0.0
route,BWI->RDU,33,33,0,0.0
route,BWI->ROC,11,11,0,0.0
route,BWI->RSW,16,16,0,0.0
route,BWI->SAN,10,10,0,0.0
route,BWI->SAT,2,2,0,0.0
route,BWI->SAV,2,2,0,0.0
route,BWI->SDF,10,10,0,0.0
route,BWI->SEA,6,6,0,0.0
route,BWI->SFO,14,14,0,0.0
route,BWI->SJC,1,1,0,0.0
route,BWI->SJU,4,4,0,0.0
route,BWI->SLC,9,9,0,0.0
route,BWI->SMF,5,5,0,0.0
route,BWI->SRQ,1,1,0,0.0
route,BWI->STL,12,12,0,0.0
route,BWI->TPA,28,28,0,0.0
route,BZN->AZA,3,3,0,0.0
route,BZN->DEN,18,18,0,0.0
route,BZN->DFW,3,3,0,0.0
route,BZN->LAX,2,2,0,0.0
route,BZN->MSP,5,5,0,0.0
route,BZN->ORD,4,4,0,0.0
route,BZN->PDX,5,5,0,0.0
route,BZN->SEA,9,9,0,0.0
route,BZN->SFO,3,3,0,0.0
route,BZN->SLC,13,13,0,0.0
route,CAE->ATL,22,22,0,0.0
route,CAE->CLT,30,30,0,0.0
route,CAE->DCA,16,16,0,0.0
route,CAE->DFW,6,6,0,0.0
route,CAE->IAD,7,7,0,0.0
route,CAE->IAH,1,1,0,0.0
route,CAE->LGA,8,8,0,0.0
route,CAE->ORD,12,12,0,0.0
route,CAE->PHL,4,4,0,0.0
route,CAK->ATL,8,8,0,0.0
route,CAK->CLT,21,21,0,0.0
route,CAK->DCA,4,4,0,0.0
route,CAK->DTW,1,1,0,0.0
route,CAK->EWR,9,9,0,0.0
route,CAK->IAH,6,6,0,0.0
route,CAK->LGA,2,2,0,0.0
route,CAK->MCO,2,2,0,0.0
route,CAK->ORD,20,20,0,0.0
route,CAK->PHL,4,4,0,0.0
route,CDC->SLC,5,5,0,0.0
route,CDV->ANC,1,1,0,0.0
route,CDV->YAK,5,5,0,0.0
route,CGI->ORD,1,1,0,0.0
route,CGI->PAH,4,4,0,0.0
route,CHA->ATL,26,26,0,0.0
route,CHA->CLT,19,19,0,0.0
route,CHA->DCA,4,4,0,0.0
route,CHA->DFW,7,7,0,0.0
route,CHA->DTW,6,6,0,0.0
route,CHA->EWR,1,1,0,0.0
route,CHA->IAD,5,5,0,0.0
route,CHA->LGA,4,4,0,0.0
route,CHA->ORD,16,16,0,0.0
route,CHA->PHL,2,2,0,0.0
route,CHO->ATL,12,12,0,0.0
route,CHO->CLT,24,24,0,0.0
route,CHO->IAD,4,4,0,0.0
route,CHO->LGA,10,10,0,0.0
route,CHO->ORD,12,12,0,0.0
route,CHO->PHL,6,6,0,0.0
route,CHS->ATL,34,34,0,0.0
route,CHS->AUS,1,1,0,0.0
route,CHS->BNA,7,7,0,0.0
route,CHS->BOS,7,7,0,0.0
route,CHS->BWI,11,11,0,0.0
route,CHS->CLE,1,1,0,0.0
route,CHS->CLT,21,21,0,0.0
route,CHS->CVG,1,1,0,0.0
route,CHS->DAL,1,1,0,0.0
route,CHS->DCA,17,17,0,0.0
route,CHS->DEN,4,4,0,0.0
route,CHS->DFW,6,6,0,0.0
route,CHS->DTW,2,2,0,0.0
route,CHS->EWR,18,18,0,0.0
route,CHS->FLL,2,2,0,0.0
route,CHS->HOU,1,1,0,0.0
route,CHS->IAD,5,5,0,0.0
route,CHS->IAH,11,11,0,0.0
route,CHS->IND,2,2,0,0.0
route,CHS->JFK,15,15,0,0.0
route,CHS->LGA,13,13,0,0.0
route,CHS->MDW,5,5,0,0.0
route,CHS->MIA,9,9,0,0.0
route,CHS->MSP,1,1,0,0.0
route,CHS->ORD,11,11,0,0.0
route,CHS->PHL,12,12,0,0.0
route,CHS->PIT,4,4,0,0.0
route,CHS->SEA,4,4,0,0.0
route,CID->ATL,11,11,0,0.0
route,CID->BNA,1,1,0,0.0
route,CID->CLT,5,5,0,0.0
route,CID->DEN,7,7,0,0.0
route,CID->DFW,10,10,0,0.0
route,CID->DTW,6,6,0,0.0
route,CID->LAS,4,4,0,0.0
route,CID->MSP,13,13,0,0.0
route,CID->ORD,37,37,0,0.0
route,CID->PGD,1,1,0,0.0
route,CID->PIE,4,4,0,0.0
route,CID->SFB,3,3,0,0.0
route,CIU->DTW,2,2,0,0.0
route,CIU->MSP,2,2,0,0.0
route,CKB->IAD,4,4,0,0.0
route,CKB->ORD,2,2,0,0.0
route,CKB->SFB,1,1,0,0.0
route,CLE->ATL,42,42,0,0.0
route,CLE->BDL,6,6,0,0.0
route,CLE->BNA,16,16,0,0.0
route,CLE->BOS,19,19,0,0.0
route,CLE->BWI,15,15,0,0.0
route,CLE->CHS,1,1,0,0.0
route,CLE->CLT,15,15,0,0.0
route,CLE->DCA,20,20,0,0.0
route,CLE->DEN,16,16,0,0.0
route,CLE->DFW,14,14,0,0.0
route,CLE->DTW,23,23,0,0.0
route,CLE->EWR,17,17,0,0.0
route,CLE->FLL,10,10,0,0.0
route,CLE->IAD,17,17,0,0.0
route,CLE->IAH,11,11,0,0.0
route,CLE->JFK,9,9,0,0.0
route,CLE->LAS,11,11,0,0.0
route,CLE->LAX,3,3,0,0.0
route,CLE->LGA,44,44,0,0.0
route,CLE->MCO,15,15,0,0.0
route,CLE->MDW,20,20,0,0.0
route,CLE->MIA,5,5,0,0.0
route,CLE->MKE,5,5,0,0.0
route,CLE->MSP,12,12,0,0.0
route,CLE->MSY,3,3,0,0.0
route,CLE->MYR,4,4,0,0.0
route,CLE->ORD,43,43,0,0.0
route,CLE->PGD,2,2,0,0.0
route,CLE->PHL,15,15,0,0.0
route,CLE->PHX,4,4,0,0.0
route,CLE->RDU,6,6,0,0.0
route,CLE->RSW,3,3,0,0.0
route,CLE->SAN,2,2,0,0.0
route,CLE->SFO,1,1,0,0.0
route,CLE->SLC,2,2,0,0.0
route,CLE->SRQ,1,1,0,0.0
route,CLE->STL,7,7,0,0.0
route,CLE->TPA,6,6,0,0.0
route,CLL->DFW,6,6,0,0.0
route,CLL->IAH,9,9,0,0.0
route,CLT->ABE,10,10,0,0.0
route,CLT->AGS,20,20,0,0.0
route,CLT->ALB,10,10,0,0.0
route,CLT->ATL,59,59,0,0.0
route,CLT->AUS,16,16,0,0.0
route,CLT->AVL,20,20,0,0.0
route,CLT->AVP,11,11,0,0.0
route,CLT->BDL,13,13,0,0.0
route,CLT->BGR,4,4,0,0.0
route,CLT->BHM,13,13,0,0.0
route,CLT->BNA,35,35,0,0.0
route,CLT->BOS,49,49,0,0.0
route,CLT->BTR,11,11,0,0.0
route,CLT->BTV,2,2,0,0.0
route,CLT->BUF,10,10,0,0.0
route,CLT->BWI,37,37,0,0.0
route,CLT->CAE,22,22,0,0.0
route,CLT->CAK,13,13,0,0.0
route,CLT->CHA,21,21,0,0.0
route,CLT->CHO,28,28,0,0.0
route,CLT->CHS,35,35,0,0.0
route,CLT->CID,5,5,0,0.0
route,CLT->CLE,18,18,0,0.0
route,CLT->CMH,24,24,0,0.0
route,CLT->CRW,11,11,0,0.0
route,CLT->CVG,22,22,0,0.0
route,CLT->DAB,18,18,0,0.0
route,CLT->DAL,4,4,0,0.0
route,CLT->DAY,14,14,0,0.0
route,CLT->DCA,35,35,0,0.0
route,CLT->DEN,30,30,0,0.0
route,CLT->DFW,33,33,0,0.0
route,CLT->DSM,6,6,0,0.0
route,CLT->DTW,32,32,0,0.0
route,CLT->ECP,4,4,0,0.0
route,CLT->ERI,1,1,0,0.0
route,CLT->EVV,4,4,0,0.0
route,CLT->EWN,17,17,0,0.0
route,CLT->EWR,39,39,0,0.0
route,CLT->EYW,2,2,0,0.0
route,CLT->FAY,24,24,0,0.0
route,CLT->FLL,29,29,0,0.0
route,CLT->FLO,13,13,0,0.0
route,CLT->FNT,4,4,0,0.0
route,CLT->FWA,4,4,0,0.0
route,CLT->GNV,13,13,0,0.0
route,CLT->GPT,9,9,0,0.0
route,CLT->GRR,11,11,0,0.0
route,CLT->GSO,28,28,0,0.0
route,CLT->GSP,33,33,0,0.0
route,CLT->HHH,11,11,0,0.0
route,CLT->HOU,3,3,0,0.0
route,CLT->HPN,9,9,0,0.0
route,CLT->HSV,15,15,0,0.0
route,CLT->HTS,7,7,0,0.0
route,CLT->IAD,35,35,0,0.0
route,CLT->IAH,38,38,0,0.0
route,CLT->ILM,17,17,0,0.0
route,CLT->IND,20,20,0,0.0
route,CLT->JAN,13,13,0,0.0
route,CLT->JAX,19,19,0,0.0
route,CLT->JFK,40,40,0,0.0
route,CLT->LAS,12,12,0,0.0
route,CLT->LAX,24,24,0,0.0
route,CLT->LEX,13,13,0,0.0
route,CLT->LGA,60,60,0,0.0
route,CLT->LIT,11,11,0,0.0
route,CLT->LYH,34,34,0,0.0
route,CLT->MCI,11,11,0,0.0
route,CLT->MCO,34,34,0,0.0
route,CLT->MDT,16,16,0,0.0
route,CLT->MDW,9,9,0,0.0
route,CLT->MEM,17,17,0,0.0
route,CLT->MGM,10,10,0,0.0
route,CLT->MHT,14,14,0,0.0
route,CLT->MIA,24,24,0,0.0
route,CLT->MKE,12,12,0,0.0
route,CLT->MLB,12,12,0,0.0
route,CLT->MOB,9,9,0,0.0
route,CLT->MSN,10,10,0,0.0
route,CLT->MSP,18,18,0,0.0
route,CLT->MSY,21,21,0,0.0
route,CLT->MYR,22,22,0,0.0
route,CLT->OAJ,17,17,0,0.0
route,CLT->OKC,11,11,0,0.0
route,CLT->OMA,11,11,0,0.0
route,CLT->ORD,47,47,0,0.0
route,CLT->ORF,25,25,0,0.0
route,CLT->PBI,14,14,0,0.0
route,CLT->PDX,6,6,0,0.0
route,CLT->PGV,15,15,0,0.0
route,CLT->PHF,18,18,0,0.0
route,CLT->PHL,29,29,0,0.0
route,CLT->PHX,22,22,0,0.0
route,CLT->PIA,6,6,0,0.0
route,CLT->PIT,24,24,0,0.0
route,CLT->PNS,23,23,0,0.0
route,CLT->PVD,19,19,0,0.0
route,CLT->PWM,14,14,0,0.0
route,CLT->RDU,27,27,0,0.0
route,CLT->RIC,25,25,0,0.0
route,CLT->ROA,23,23,0,0.0
route,CLT->ROC,12,12,0,0.0
route,CLT->RSW,21,21,0,0.0
route,CLT->SAN,10,10,0,0.0
route,CLT->SAT,19,19,0,0.0
route,CLT->SAV,35,35,0,0.0
route,CLT->SBN,11,11,0,0.0
route,CLT->SBY,11,11,0,0.0
route,CLT->SDF,24,24,0,0.0
route,CLT->SEA,5,5,0,0.0
route,CLT->SFO,22,22,0,0.0
route,CLT->SGF,15,15,0,0.0
route,CLT->SHV,12,12,0,0.0
route,CLT->SJC,2,2,0,0.0
route,CLT->SJU,4,4,0,0.0
route,CLT->SLC,4,4,0,0.0
route,CLT->SMF,3,3,0,0.0
route,CLT->SRQ,8,8,0,0.0
route,CLT->STL,18,18,0,0.0
route,CLT->SYR,19,19,0,0.0
route,CLT->TLH,8,8,0,0.0
route,CLT->TOL,6,6,0,0.0
route,CLT->TPA,29,29,0,0.0
route,CLT->TRI,16,16,0,0.0
route,CLT->TTN,1,1,0,0.0
route,CLT->TUL,10,10,0,0.0
route,CLT->TUS,2,2,0,0.0
route,CLT->TYS,17,17,0,0.0
route,CLT->VPS,19,19,0,0.0
route,CLT->XNA,14,14,0,0.0
route,CMH->ATL,31,31,0,0.0
route,CMH->AUS,1,1,0,0.0
route,CMH->BNA,9,9,0,0.0
route,CMH->BOS,18,18,0,0.0
route,CMH->BWI,9,9,0,0.0
route,CMH->CLT,21,21,0,0.0
route,CMH->DAL,2,2,0,0.0
route,CMH->DCA,16,16,0,0.0
route,CMH->DEN,12,12,0,0.0
route,CMH->DFW,10,10,0,0.0
route,CMH->DTW,22,22,0,0.0
route,CMH->EWR,28,28,0,0.0
route,CMH->FLL,4,4,0,0.0
route,CMH->HOU,4,4,0,0.0
route,CMH->IAD,11,11,0,0.0
route,CMH->IAH,14,14,0,0.0
route,CMH->JFK,12,12,0,0.0
route,CMH->LAS,9,9,0,0.0
route,CMH->LAX,6,6,0,0.0
route,CMH->LGA,39,39,0,0.0
route,CMH->MCO,13,13,0,0.0
route,CMH->MDW,11,11,0,0.0
route,CMH->MIA,13,13,0,0.0
route,CMH->MSP,10,10,0,0.0
route,CMH->MSY,1,1,0,0.0
route,CMH->MYR,3,3,0,0.0
route,CMH->OAK,3,3,0,0.0
route,CMH->ORD,54,54,0,0.0
route,CMH->PHL,19,19,0,0.0
route,CMH->PHX,17,17,0,0.0
route,CMH->RDU,7,7,0,0.0
route,CMH->SEA,2,2,0,0.0
route,CMH->SFO,1,1,0,0.0
route,CMH->SLC,1,1,0,0.0
route,CMH->STL,3,3,0,0.0
route,CMH->TPA,10,10,0,0.0
route,CMI->DFW,6,6,0,0.0
route,CMI->ORD,12,12,0,0.0
route,CMX->ORD,7,7,0,0.0
route,CNY->DEN,7,7,0,0.0
route,COD->DEN,4,4,0,0.0
route,COS->ATL,6,6,0,0.0
route,COS->DEN,28,28,0,0.0
route,COS->DFW,12,12,0,0.0
route,COS->IAH,13,13,0,0.0
route,COS->LAS,5,5,0,0.0
route,COS->LAX,7,7,0,0.0
route,COS->MSP,2,2,0,0.0
route,COS->ORD,14,14,0,0.0
route,COS->PHX,4,4,0,0.0
route,COS->SLC,2,2,0,0.0
route,COU->DEN,5,5,0,0.0
route,COU->DFW,9,9,0,0.0
route,COU->ORD,21,21,0,0.0
route,CPR->DEN,12,12,0,0.0
route,CPR->SLC,8,8,0,0.0
route,CRP->DAL,1,1,0,0.0
route,CRP->DFW,24,24,0,0.0
route,CRP->HOU,16,16,0,0.0
route,CRP->IAH,17,17,0,0.0
route,CRW->ATL,17,17,0,0.0
route,CRW->CLT,26,26,0,0.0
route,CRW->DCA,1,1,0,0.0
route,CRW->IAD,2,2,0,0.0
route,CRW->IAH,1,1,0,0.0
route,CRW->ORD,10,10,0,0.0
route,CRW->PHL,4,4,0,0.0
route,CSG->ATL,5,5,0,0.0
route,CVG->ATL,23,23,0,0.0
route,CVG->AUS,2,2,0,0.0
route,CVG->AZA,2,2,0,0.0
route,CVG->BDL,2,2,0,0.0
route,CVG->BOS,8,8,0,0.0
route,CVG->BWI,16,16,0,0.0
route,CVG->CLT,23,23,0,0.0
route,CVG->DCA,13,13,0,0.0
route,CVG->DEN,19,19,0,0.0
route,CVG->DFW,25,25,0,0.0
route,CVG->DTW,11,11,0,0.0
route,CVG->EWR,34,34,0,0.0
route,CVG->FLL,6,6,0,0.0
route,CVG->IAD,9,9,0,0.0
route,CVG->IAH,23,23,0,0.0
route,CVG->JAX,5,5,0,0.0
route,CVG->JFK,6,6,0,0.0
route,CVG->LAS,6,6,0,0.0
route,CVG->LAX,9,9,0,0.0
route,CVG->LGA,22,22,0,0.0
route,CVG->MCI,4,4,0,0.0
route,CVG->MCO,12,12,0,0.0
route,CVG->MDW,4,4,0,0.0
route,CVG->MIA,11,11,0,0.0
route,CVG->MKE,3,3,0,0.0
route,CVG->MSP,15,15,0,0.0
route,CVG->MYR,1,1,0,0.0
route,CVG->ORD,46,46,0,0.0
route,CVG->PGD,4,4,0,0.0
route,CVG->PHL,30,30,0,0.0
route,CVG->PHX,1,1,0,0.0
route,CVG->PIE,5,5,0,0.0
route,CVG->RDU,5,5,0,0.0
route,CVG->RSW,3,3,0,0.0
route,CVG->SAN,1,1,0,0.0
route,CVG->SAV,2,2,0,0.0
route,CVG->SEA,1,1,0,0.0
route,CVG->SFB,1,1,0,0.0
route,CVG->SFO,6,6,0,0.0
route,CVG->SJC,2,2,0,0.0
route,CVG->SLC,5,5,0,0.0
route,CVG->SRQ,1,1,0,0.0
route,CVG->STL,3,3,0,0.0
route,CVG->TPA,5,5,0,0.0
route,CVG->VPS,4,4,0,0.0
route,CWA->DTW,6,6,0,0.0
route,CWA->MSP,4,4,0,0.0
route,CWA->ORD,21,21,0,0.0
route,DAB->ATL,13,13,0,0.0
route,DAB->CLT,15,15,0,0.0
route,DAB->JFK,2,2,0,0.0
route,DAL->ABQ,23,23,0,0.0
route,DAL->AMA,8,8,0,0.0
route,DAL->ATL,38,38,0,0.0
route,DAL->AUS,31,31,0,0.0
route,DAL->BHM,8,8,0,0.0
route,DAL->BNA,11,11,0,0.0
route,DAL->BOS,3,3,0,0.0
route,DAL->BUR,4,4,0,0.0
route,DAL->BWI,10,10,0,0.0
route,DAL->CHS,2,2,0,0.0
route,DAL->CLE,1,1,0,0.0
route,DAL->CLT,6,6,0,0.0
route,DAL->CMH,4,4,0,0.0
route,DAL->DCA,19,19,0,0.0
route,DAL->DEN,28,28,0,0.0
route,DAL->DTW,8,8,0,0.0
route,DAL->ECP,1,1,0,0.0
route,DAL->ELP,10,10,0,0.0
route,DAL->FLL,10,10,0,0.0
route,DAL->HOU,70,70,0,0.0
route,DAL->IND,4,4,0,0.0
route,DAL->JAX,2,2,0,0.0
route,DAL->LAS,15,15,0,0.0
route,DAL->LAX,30,30,0,0.0
route,DAL->LBB,18,18,0,0.0
route,DAL->LGA,17,17,0,0.0
route,DAL->LIT,9,9,0,0.0
route,DAL->MAF,11,11,0,0.0
route,DAL->MCI,23,23,0,0.0
route,DAL->MCO,27,27,0,0.0
route,DAL->MDW,26,26,0,0.0
route,DAL->MEM,7,7,0,0.0
route,DAL->MKE,2,2,0,0.0
route,DAL->MSP,3,3,0,0.0
route,DAL->MSY,26,26,0,0.0
route,DAL->OAK,5,5,0,0.0
route,DAL->OKC,9,9,0,0.0
route,DAL->OMA,3,3,0,0.0
route,DAL->ONT,5,5,0,0.0
route,DAL->PDX,9,9,0,0.0
route,DAL->PHL,4,4,0,0.0
route,DAL->PHX,23,23,0,0.0
route,DAL->PIT,2,2,0,0.0
route,DAL->PNS,1,1,0,0.0
route,DAL->RDU,1,1,0,0.0
route,DAL->SAN,14,14,0,0.0
route,DAL->SAT,23,23,0,0.0
route,DAL->SEA,8,8,0,0.0
route,DAL->SFO,11,11,0,0.0
route,DAL->SJC,7,7,0,0.0
route,DAL->SLC,5,5,0,0.0
route,DAL->SMF,4,4,0,0.0
route,DAL->SNA,3,3,0,0.0
route,DAL->STL,21,21,0,0.0
route,DAL->TPA,8,8,0,0.0
route,DAL->TUL,14,14,0,0.0
route,DAY->ATL,11,11,0,0.0
route,DAY->CLT,25,25,0,0.0
route,DAY->DCA,12,12,0,0.0
route,DAY->DEN,9,9,0,0.0
route,DAY->DFW,12,12,0,0.0
route,DAY->DTW,13,13,0,0.0
route,DAY->EWR,7,7,0,0.0
route,DAY->IAD,7,7,0,0.0
route,DAY->IAH,6,6,0,0.0
route,DAY->LGA,5,5,0,0.0
route,DAY->MSP,12,12,0,0.0
route,DAY->ORD,28,28,0,0.0
route,DAY->PHL,15,15,0,0.0
route,DAY->PIE,2,2,0,0.0
route,DBQ->ORD,14,14,0,0.0
route,DCA->ALB,14,14,0,0.0
route,DCA->ATL,65,65,0,0.0
route,DCA->AUS,4,4,0,0.0
route,DCA->BDL,22,22,0,0.0
route,DCA->BGR,11,11,0,0.0
route,DCA->BHM,9,9,0,0.0
route,DCA->BNA,33,33,0,0.0
route,DCA->BOS,95,95,0,0.0
route,DCA->BTV,7,7,0,0.0
route,DCA->BUF,6,6,0,0.0
route,DCA->CAE,11,11,0,0.0
route,DCA->CAK,1,1,0,0.0
route,DCA->CHA,2,2,0,0.0
route,DCA->CHS,17,17,0,0.0
route,DCA->CLE,16,16,0,0.0
route,DCA->CLT,33,33,0,0.0
route,DCA->CMH,15,15,0,0.0
route,DCA->CRW,7,7,0,0.0
route,DCA->CVG,14,14,0,0.0
route,DCA->DAL,10,10,0,0.0
route,DCA->DAY,10,10,0,0.0
route,DCA->DEN,14,14,0,0.0
route,DCA->DFW,23,23,0,0.0
route,DCA->DSM,5,5,0,0.0
route,DCA->DTW,27,27,0,0.0
route,DCA->EWR,29,29,0,0.0
route,DCA->FLL,30,30,0,0.0
route,DCA->GRR,3,3,0,0.0
route,DCA->GSO,6,6,0,0.0
route,DCA->GSP,8,8,0,0.0
route,DCA->HOU,7,7,0,0.0
route,DCA->HPN,12,12,0,0.0
route,DCA->HSV,8,8,0,0.0
route,DCA->IAH,25,25,0,0.0
route,DCA->ILM,5,5,0,0.0
route,DCA->IND,17,17,0,0.0
route,DCA->JAN,2,2,0,0.0
route,DCA->JAX,21,21,0,0.0
route,DCA->JFK,26,26,0,0.0
route,DCA->LAN,7,7,0,0.0
route,DCA->LAS,4,4,0,0.0
route,DCA->LAX,14,14,0,0.0
route,DCA->LEX,4,4,0,0.0
route,DCA->LGA,65,65,0,0.0
route,DCA->LIT,2,2,0,0.0
route,DCA->MCI,16,16,0,0.0
route,DCA->MCO,28,28,0,0.0
route,DCA->MDW,21,21,0,0.0
route,DCA->MEM,6,6,0,0.0
route,DCA->MGM,1,1,0,0.0
route,DCA->MHT,10,10,0,0.0
route,DCA->MIA,21,21,0,0.0
route,DCA->MKE,3,3,0,0.0
route,DCA->MSN,3,3,0,0.0
route,DCA->MSP,26,26,0,0.0
route,DCA->MSY,21,21,0,0.0
route,DCA->MYR,2,2,0,0.0
route,DCA->OKC,4,4,0,0.0
route,DCA->OMA,5,5,0,0.0
route,DCA->ORD,84,84,0,0.0
route,DCA->ORF,9,9,0,0.0
route,DCA->PBI,3,3,0,0.0
route,DCA->PDX,3,3,0,0.0
route,DCA->PHL,12,12,0,0.0
route,DCA->PHX,10,10,0,0.0
route,DCA->PIT,10,10,0,0.0
route,DCA->PNS,3,3,0,0.0
route,DCA->PVD,31,31,0,0.0
route,DCA->PWM,15,15,0,0.0
route,DCA->RDU,26,26,0,0.0
route,DCA->ROC,11,11,0,0.0
route,DCA->RSW,4,4,0,0.0
route,DCA->SAV,8,8,0,0.0
route,DCA->SDF,17,17,0,0.0
route,DCA->SEA,4,4,0,0.0
route,DCA->SFO,2,2,0,0.0
route,DCA->SJU,2,2,0,0.0
route,DCA->SLC,3,3,0,0.0
route,DCA->SRQ,1,1,0,0.0
route,DCA->STL,26,26,0,0.0
route,DCA->SYR,7,7,0,0.0
route,DCA->TLH,1,1,0,0.0
route,DCA->TPA,22,22,0,0.0
route,DCA->TYS,12,12,0,0.0
route,DCA->VPS,6,6,0,0.0
route,DCA->XNA,4,4,0,0.0
route,DEN->ABQ,21,21,0,0.0
route,DEN->ALB,6,6,0,0.0
route,DEN->AMA,5,5,0,0.0
route,DEN->ANC,7,7,0,0.0
route,DEN->ASE,20,20,0,0.0
route,DEN->ATL,40,40,0,0.0
route,DEN->ATW,2,2,0,0.0
route,DEN->ATY,1,1,0,0.0
route,DEN->AUS,32,32,0,0.0
route,DEN->AVL,1,1,0,0.0
route,DEN->BDL,5,5,0,0.0
route,DEN->BFF,5,5,0,0.0
route,DEN->BFL,6,6,0,0.0
route,DEN->BHM,5,5,0,0.0
route,DEN->BIL,17,17,0,0.0
route,DEN->BIS,14,14,0,0.0
route,DEN->BKG,1,1,0,0.0
route,DEN->BNA,32,32,0,0.0
route,DEN->BOI,20,20,0,0.0
route,DEN->BOS,34,34,0,0.0
route,DEN->BUF,2,2,0,0.0
route,DEN->BUR,14,14,0,0.0
route,DEN->BWI,23,23,0,0.0
route,DEN->BZN,15,15,0,0.0
route,DEN->CHS,3,3,0,0.0
route,DEN->CID,9,9,0,0.0
route,DEN->CLE,25,25,0,0.0
route,DEN->CLT,25,25,0,0.0
route,DEN->CMH,9,9,0,0.0
route,DEN->CNY,7,7,0,0.0
route,DEN->COD,5,5,0,0.0
route,DEN->COS,33,33,0,0.0
route,DEN->COU,2,2,0,0.0
route,DEN->CPR,18,18,0,0.0
route,DEN->CVG,22,22,0,0.0
route,DEN->DAL,24,24,0,0.0
route,DEN->DAY,6,6,0,0.0
route,DEN->DCA,13,13,0,0.0
route,DEN->DFW,62,62,0,0.0
route,DEN->DIK,5,5,0,0.0
route,DEN->DRO,27,27,0,0.0
route,DEN->DSM,18,18,0,0.0
route,DEN->DTW,28,28,0,0.0
route,DEN->EAR,9,9,0,0.0
route,DEN->EGE,1,1,0,0.0
route,DEN->ELP,13,13,0,0.0
route,DEN->EUG,11,11,0,0.0
route,DEN->EWR,32,32,0,0.0
route,DEN->FAR,13,13,0,0.0
route,DEN->FAT,13,13,0,0.0
route,DEN->FCA,9,9,0,0.0
route,DEN->FLG,3,3,0,0.0
route,DEN->FLL,13,13,0,0.0
route,DEN->FSD,13,13,0,0.0
route,DEN->GCC,7,7,0,0.0
route,DEN->GEG,21,21,0,0.0
route,DEN->GJT,10,10,0,0.0
route,DEN->GRB,1,1,0,0.0
route,DEN->GRR,11,11,0,0.0
route,DEN->GSP,3,3,0,0.0
route,DEN->GTF,9,9,0,0.0
route,DEN->GUC,3,3,0,0.0
route,DEN->HDN,5,5,0,0.0
route,DEN->HLN,3,3,0,0.0
route,DEN->HNL,3,3,0,0.0
route,DEN->HOU,20,20,0,0.0
route,DEN->HSV,5,5,0,0.0
route,DEN->HYS,4,4,0,0.0
route,DEN->IAD,38,38,0,0.0
route,DEN->IAH,43,43,0,0.0
route,DEN->ICT,14,14,0,0.0
route,DEN->IDA,15,15,0,0.0
route,DEN->IND,20,20,0,0.0
route,DEN->ISN,8,8,0,0.0
route,DEN->JAC,9,9,0,0.0
route,DEN->JAN,2,2,0,0.0
route,DEN->JAX,11,11,0,0.0
route,DEN->JFK,16,16,0,0.0
route,DEN->JMS,6,6,0,0.0
route,DEN->KOA,4,4,0,0.0
route,DEN->LAR,6,6,0,0.0
route,DEN->LAS,64,64,0,0.0
route,DEN->LAX,69,69,0,0.0
route,DEN->LBB,10,10,0,0.0
route,DEN->LBF,7,7,0,0.0
route,DEN->LBL,3,3,0,0.0
route,DEN->LGA,41,41,0,0.0
route,DEN->LGB,2,2,0,0.0
route,DEN->LIH,4,4,0,0.0
route,DEN->LIT,9,9,0,0.0
route,DEN->LNK,9,9,0,0.0
route,DEN->MAF,15,15,0,0.0
route,DEN->MCI,43,43,0,0.0
route,DEN->MCO,35,35,0,0.0
route,DEN->MDT,3,3,0,0.0
route,DEN->MDW,31,31,0,0.0
route,DEN->MEM,21,21,0,0.0
route,DEN->MFR,6,6,0,0.0
route,DEN->MIA,13,13,0,0.0
route,DEN->MKE,22,22,0,0.0
route,DEN->MLI,11,11,0,0.0
route,DEN->MOT,9,9,0,0.0
route,DEN->MRY,2,2,0,0.0
route,DEN->MSN,9,9,0,0.0
route,DEN->MSO,13,13,0,0.0
route,DEN->MSP,46,46,0,0.0
route,DEN->MSY,10,10,0,0.0
route,DEN->MTJ,17,17,0,0.0
route,DEN->MYR,3,3,0,0.0
route,DEN->OAK,23,23,0,0.0
route,DEN->OGG,3,3,0,0.0
route,DEN->OKC,26,26,0,0.0
route,DEN->OMA,26,26,0,0.0
route,DEN->ONT,12,12,0,0.0
route,DEN->ORD,75,75,0,0.0
route,DEN->ORF,7,7,0,0.0
route,DEN->PAE,6,6,0,0.0
route,DEN->PDX,34,34,0,0.0
route,DEN->PHL,20,20,0,0.0
route,DEN->PHX,74,74,0,0.0
route,DEN->PIR,2,2,0,0.0
route,DEN->PIT,18,18,0,0.0
route,DEN->PNS,2,2,0,0.0
route,DEN->PRC,8,8,0,0.0
route,DEN->PSC,5,5,0,0.0
route,DEN->PSP,8,8,0,0.0
route,DEN->PUB,2,2,0,0.0
route,DEN->PVD,2,2,0,0.0
route,DEN->RAP,21,21,0,0.0
route,DEN->RDM,7,7,0,0.0
route,DEN->RDU,17,17,0,0.0
route,DEN->RIC,9,9,0,0.0
route,DEN->RKS,6,6,0,0.0
route,DEN->RNO,15,15,0,0.0
route,DEN->RSW,4,4,0,0.0
route,DEN->SAF,11,11,0,0.0
route,DEN->SAN,52,52,0,0.0
route,DEN->SAT,23,23,0,0.0
route,DEN->SAV,2,2,0,0.0
route,DEN->SBA,9,9,0,0.0
route,DEN->SBP,5,5,0,0.0
route,DEN->SDF,14,14,0,0.0
route,DEN->SEA,56,56,0,0.0
route,DEN->SFO,65,65,0,0.0
route,DEN->SGF,17,17,0,0.0
route,DEN->SGU,6,6,0,0.0
route,DEN->SHV,5,5,0,0.0
route,DEN->SJC,35,35,0,0.0
route,DEN->SLC,72,72,0,0.0
route,DEN->SMF,34,34,0,0.0
route,DEN->SNA,33,33,0,0.0
route,DEN->STL,39,39,0,0.0
route,DEN->STS,1,1,0,0.0
route,DEN->SYR,4,4,0,0.0
route,DEN->TPA,27,27,0,0.0
route,DEN->TUL,16,16,0,0.0
route,DEN->TUS,12,12,0,0.0
route,DEN->TYR,1,1,0,0.0
route,DEN->TYS,11,11,0,0.0
route,DEN->VEL,4,4,0,0.0
route,DEN->XNA,6,6,0,0.0
route,DEN->XWA,5,5,0,0.0
route,DFW->ABI,19,19,0,0.0
route,DFW->ABQ,29,29,0,0.0
route,DFW->ACT,16,16,0,0.0
route,DFW->AEX,10,10,0,0.0
route,DFW->AMA,18,18,0,0.0
route,DFW->ANC,1,1,0,0.0
route,DFW->ATL,56,56,0,0.0
route,DFW->AUS,41,41,0,0.0
route,DFW->AVL,2,2,0,0.0
route,DFW->BDL,7,7,0,0.0
route,DFW->BFL,1,1,0,0.0
route,DFW->BHM,14,14,0,0.0
route,DFW->BIL,2,2,0,0.0
route,DFW->BIS,2,2,0,0.0
route,DFW->BMI,3,3,0,0.0
route,DFW->BNA,25,25,0,0.0
route,DFW->BOI,6,6,0,0.0
route,DFW->BOS,21,21,0,0.0
route,DFW->BPT,10,10,0,0.0
route,DFW->BRO,9,9,0,0.0
route,DFW->BTR,23,23,0,0.0
route,DFW->BUF,1,1,0,0.0
route,DFW->BUR,1,1,0,0.0
route,DFW->BWI,18,18,0,0.0
route,DFW->BZN,3,3,0,0.0
route,DFW->CAE,8,8,0,0.0
route,DFW->CHA,10,10,0,0.0
route,DFW->CHS,8,8,0,0.0
route,DFW->CID,10,10,0,0.0
route,DFW->CLE,13,13,0,0.0
route,DFW->CLL,14,14,0,0.0
route,DFW->CLT,33,33,0,0.0
route,DFW->CMH,11,11,0,0.0
route,DFW->CMI,4,4,0,0.0
route,DFW->COS,11,11,0,0.0
route,DFW->COU,5,5,0,0.0
route,DFW->CRP,18,18,0,0.0
route,DFW->CVG,29,29,0,0.0
route,DFW->DAY,14,14,0,0.0
route,DFW->DCA,25,25,0,0.0
route,DFW->DEN,58,58,0,0.0
route,DFW->DRO,11,11,0,0.0
route,DFW->DRT,4,4,0,0.0
route,DFW->DSM,7,7,0,0.0
route,DFW->DTW,45,45,0,0.0
route,DFW->ECP,3,3,0,0.0
route,DFW->EGE,3,3,0,0.0
route,DFW->ELP,29,29,0,0.0
route,DFW->EVV,9,9,0,0.0
route,DFW->EWR,32,32,0,0.0
route,DFW->EYW,1,1,0,0.0
route,DFW->FAR,7,7,0,0.0
route,DFW->FAT,7,7,0,0.0
route,DFW->FLG,2,2,0,0.0
route,DFW->FLL,23,23,0,0.0
route,DFW->FSD,11,11,0,0.0
route,DFW->FSM,14,14,0,0.0
route,DFW->FWA,3,3,0,0.0
route,DFW->GCK,6,6,0,0.0
route,DFW->GEG,6,6,0,0.0
route,DFW->GGG,8,8,0,0.0
route,DFW->GJT,14,14,0,0.0
route,DFW->GNV,2,2,0,0.0
route,DFW->GPT,6,6,0,0.0
route,DFW->GRI,7,7,0,0.0
route,DFW->GRK,24,24,0,0.0
route,DFW->GRR,11,11,0,0.0
route,DFW->GSO,8,8,0,0.0
route,DFW->GSP,11,11,0,0.0
route,DFW->HNL,9,9,0,0.0
route,DFW->HOU,19,19,0,0.0
route,DFW->HRL,3,3,0,0.0
route,DFW->HSV,12,12,0,0.0
route,DFW->IAD,32,32,0,0.0
route,DFW->IAH,46,46,0,0.0
route,DFW->ICT,22,22,0,0.0
route,DFW->ILM,1,1,0,0.0
route,DFW->IND,18,18,0,0.0
route,DFW->JAC,4,4,0,0.0
route,DFW->JAN,17,17,0,0.0
route,DFW->JAX,18,18,0,0.0
route,DFW->JFK,14,14,0,0.0
route,DFW->JLN,10,10,0,0.0
route,DFW->LAS,28,28,0,0.0
route,DFW->LAW,11,11,0,0.0
route,DFW->LAX,79,79,0,0.0
route,DFW->LBB,34,34,0,0.0
route,DFW->LCH,9,9,0,0.0
route,DFW->LEX,7,7,0,0.0
route,DFW->LFT,20,20,0,0.0
route,DFW->LGA,69,69,0,0.0
route,DFW->LIT,26,26,0,0.0
route,DFW->LRD,13,13,0,0.0
route,DFW->MAF,27,27,0,0.0
route,DFW->MCI,28,28,0,0.0
route,DFW->MCO,44,44,0,0.0
route,DFW->MDT,3,3,0,0.0
route,DFW->MEI,3,3,0,0.0
route,DFW->MEM,14,14,0,0.0
route,DFW->MFE,28,28,0,0.0
route,DFW->MGM,12,12,0,0.0
route,DFW->MHK,12,12,0,0.0
route,DFW->MIA,33,33,0,0.0
route,DFW->MKE,6,6,0,0.0
route,DFW->MLI,4,4,0,0.0
route,DFW->MLU,7,7,0,0.0
route,DFW->MOB,6,6,0,0.0
route,DFW->MRY,2,2,0,0.0
route,DFW->MSN,6,6,0,0.0
route,DFW->MSO,3,3,0,0.0
route,DFW->MSP,28,28,0,0.0
route,DFW->MSY,20,20,0,0.0
route,DFW->MTJ,4,4,0,0.0
route,DFW->MYR,2,2,0,0.0
route,DFW->OAK,4,4,0,0.0
route,DFW->OGG,5,5,0,0.0
route,DFW->OKC,26,26,0,0.0
route,DFW->OMA,11,11,0,0.0
route,DFW->ONT,21,21,0,0.0
route,DFW->ORD,73,73,0,0.0
route,DFW->ORF,10,10,0,0.0
route,DFW->PBI,9,9,0,0.0
route,DFW->PDX,19,19,0,0.0
route,DFW->PHL,35,35,0,0.0
route,DFW->PHX,34,34,0,0.0
route,DFW->PIA,8,8,0,0.0
route,DFW->PIB,4,4,0,0.0
route,DFW->PIT,12,12,0,0.0
route,DFW->PNS,19,19,0,0.0
route,DFW->PSP,6,6,0,0.0
route,DFW->RAP,8,8,0,0.0
route,DFW->RDU,15,15,0,0.0
route,DFW->RIC,11,11,0,0.0
route,DFW->RNO,4,4,0,0.0
route,DFW->ROW,14,14,0,0.0
route,DFW->RSW,6,6,0,0.0
route,DFW->SAF,11,11,0,0.0
route,DFW->SAN,32,32,0,0.0
route,DFW->SAT,30,30,0,0.0
route,DFW->SAV,6,6,0,0.0
route,DFW->SBA,5,5,0,0.0
route,DFW->SBN,3,3,0,0.0
route,DFW->SBP,1,1,0,0.0
route,DFW->SDF,14,14,0,0.0
route,DFW->SEA,36,36,0,0.0
route,DFW->SFO,51,51,0,0.0
route,DFW->SGF,21,21,0,0.0
route,DFW->SGU,1,1,0,0.0
route,DFW->SHV,32,32,0,0.0
route,DFW->SJC,11,11,0,0.0
route,DFW->SJT,11,11,0,0.0
route,DFW->SJU,4,4,0,0.0
route,DFW->SLC,37,37,0,0.0
route,DFW->SMF,17,17,0,0.0
route,DFW->SNA,24,24,0,0.0
route,DFW->SPI,7,7,0,0.0
route,DFW->SPS,11,11,0,0.0
route,DFW->STL,25,25,0,0.0
route,DFW->STS,4,4,0,0.0
route,DFW->SUX,3,3,0,0.0
route,DFW->SWO,6,6,0,0.0
route,DFW->TLH,14,14,0,0.0
route,DFW->TPA,22,22,0,0.0
route,DFW->TRI,2,2,0,0.0
route,DFW->TUL,47,47,0,0.0
route,DFW->TUS,26,26,0,0.0
route,DFW->TXK,7,7,0,0.0
route,DFW->TYR,22,22,0,0.0
route,DFW->TYS,18,18,0,0.0
route,DFW->VPS,13,13,0,0.0
route,DFW->XNA,28,28,0,0.0
route,DHN->ATL,8,8,0,0.0
route,DIK->DEN,11,11,0,0.0
route,DLH->MSP,19,19,0,0.0
route,DLH->ORD,15,15,0,0.0
route,DRO->DEN,16,16,0,0.0
route,DRO->DFW,6,6,0,0.0
route,DRO->PHX,5,5,0,0.0
route,DRT->DFW,3,3,0,0.0
route,DSM->ATL,11,11,0,0.0
route,DSM->AZA,2,2,0,0.0
route,DSM->CLT,14,14,0,0.0
route,DSM->DCA,4,4,0,0.0
route,DSM->DEN,15,15,0,0.0
route,DSM->DFW,7,7,0,0.0
route,DSM->DTW,13,13,0,0.0
route,DSM->IAH,7,7,0,0.0
route,DSM->LAS,2,2,0,0.0
route,DSM->LGA,6,6,0,0.0
route,DSM->MCO,1,1,0,0.0
route,DSM->MSP,12,12,0,0.0
route,DSM->ORD,37,37,0,0.0
route,DSM->PGD,3,3,0,0.0
route,DSM->PHL,4,4,0,0.0
route,DSM->PHX,6,6,0,0.0
route,DSM->PIE,2,2,0,0.0
route,DSM->SLC,4,4,0,0.0
route,DSM->STL,5,5,0,0.0
route,DTW->ABE,9,9,0,0.0
route,DTW->ALB,9,9,0,0.0
route,DTW->APN,4,4,0,0.0
route,DTW->ATL,53,53,0,0.0
route,DTW->ATW,15,15,0,0.0
route,DTW->AUS,14,14,0,0.0
route,DTW->AVP,6,6,0,0.0
route,DTW->AZO,10,10,0,0.0
route,DTW->BDL,8,8,0,0.0
route,DTW->BGM,12,12,0,0.0
route,DTW->BHM,8,8,0,0.0
route,DTW->BNA,22,22,0,0.0
route,DTW->BOS,34,34,0,0.0
route,DTW->BTV,5,5,0,0.0
route,DTW->BUF,18,18,0,0.0
route,DTW->BWI,30,30,0,0.0
route,DTW->CAK,4,4,0,0.0
route,DTW->CHA,5,5,0,0.0
route,DTW->CHS,4,4,0,0.0
route,DTW->CID,13,13,0,0.0
route,DTW->CIU,1,1,0,0.0
route,DTW->CLE,17,17,0,0.0
route,DTW->CLT,24,24,0,0.0
route,DTW->CMH,25,25,0,0.0
route,DTW->CVG,21,21,0,0.0
route,DTW->CWA,9,9,0,0.0
route,DTW->DAL,2,2,0,0.0
route,DTW->DAY,7,7,0,0.0
route,DTW->DCA,24,24,0,0.0
route,DTW->DEN,23,23,0,0.0
route,DTW->DFW,45,45,0,0.0
route,DTW->DSM,12,12,0,0.0
route,DTW->ELM,17,17,0,0.0
route,DTW->ERI,4,4,0,0.0
route,DTW->ESC,4,4,0,0.0
route,DTW->EVV,12,12,0,0.0
route,DTW->EWR,56,56,0,0.0
route,DTW->FLL,32,32,0,0.0
route,DTW->FWA,6,6,0,0.0
route,DTW->GRB,11,11,0,0.0
route,DTW->GRR,24,24,0,0.0
route,DTW->GSO,8,8,0,0.0
route,DTW->GSP,6,6,0,0.0
route,DTW->HPN,11,11,0,0.0
route,DTW->HSV,3,3,0,0.0
route,DTW->IAD,21,21,0,0.0
route,DTW->IAH,35,35,0,0.0
route,DTW->IMT,4,4,0,0.0
route,DTW->IND,24,24,0,0.0
route,DTW->ITH,9,9,0,0.0
route,DTW->JAX,5,5,0,0.0
route,DTW->JFK,15,15,0,0.0
route,DTW->LAN,9,9,0,0.0
route,DTW->LAS,33,33,0,0.0
route,DTW->LAX,24,24,0,0.0
route,DTW->LEX,7,7,0,0.0
route,DTW->LGA,30,30,0,0.0
route,DTW->LSE,1,1,0,0.0
route,DTW->MBS,13,13,0,0.0
route,DTW->MCI,11,11,0,0.0
route,DTW->MCO,35,35,0,0.0
route,DTW->MDT,11,11,0,0.0
route,DTW->MDW,24,24,0,0.0
route,DTW->MEM,6,6,0,0.0
route,DTW->MHT,4,4,0,0.0
route,DTW->MIA,12,12,0,0.0
route,DTW->MKE,18,18,0,0.0
route,DTW->MLI,7,7,0,0.0
route,DTW->MQT,3,3,0,0.0
route,DTW->MSN,16,16,0,0.0
route,DTW->MSP,36,36,0,0.0
route,DTW->MSY,11,11,0,0.0
route,DTW->MYR,7,7,0,0.0
route,DTW->OAK,2,2,0,0.0
route,DTW->OKC,8,8,0,0.0
route,DTW->OMA,8,8,0,0.0
route,DTW->ORD,74,74,0,0.0
route,DTW->ORF,14,14,0,0.0
route,DTW->PBI,2,2,0,0.0
route,DTW->PDX,5,5,0,0.0
route,DTW->PHL,38,38,0,0.0
route,DTW->PHX,18,18,0,0.0
route,DTW->PIA,2,2,0,0.0
route,DTW->PIT,11,11,0,0.0
route,DTW->PLN,6,6,0,0.0
route,DTW->PVD,10,10,0,0.0
route,DTW->PWM,9,9,0,0.0
route,DTW->RDU,18,18,0,0.0
route,DTW->RIC,11,11,0,0.0
route,DTW->ROC,12,12,0,0.0
route,DTW->RSW,13,13,0,0.0
route,DTW->SAN,7,7,0,0.0
route,DTW->SAT,11,11,0,0.0
route,DTW->SBN,16,16,0,0.0
route,DTW->SCE,9,9,0,0.0
route,DTW->SDF,15,15,0,0.0
route,DTW->SEA,18,18,0,0.0
route,DTW->SFO,12,12,0,0.0
route,DTW->SLC,15,15,0,0.0
route,DTW->SMF,1,1,0,0.0
route,DTW->SNA,1,1,0,0.0
route,DTW->STL,23,23,0,0.0
route,DTW->SWF,10,10,0,0.0
route,DTW->SYR,14,14,0,0.0
route,DTW->TPA,11,11,0,0.0
route,DTW->TTN,1,1,0,0.0
route,DTW->TVC,15,15,0,0.0
route,DTW->TYS,13,13,0,0.0
route,DUT->ANC,5,5,0,0.0
route,DVL->DEN,3,3,0,0.0
route,DVL->JMS,6,6,0,0.0
route,EAR->DEN,4,4,0,0.0
route,EAT->SEA,17,17,0,0.0
route,EAU->ORD,7,7,0,0.0
route,ECP->ATL,19,19,0,0.0
route,ECP->BNA,8,8,0,0.0
route,ECP->CLT,4,4,0,0.0
route,ECP->DAL,1,1,0,0.0
route,ECP->DFW,4,4,0,0.0
route,ECP->HOU,5,5,0,0.0
route,ECP->IAH,13,13,0,0.0
route,ECP->STL,1,1,0,0.0
route,EGE->DEN,2,2,0,0.0
route,EGE->DFW,5,5,0,0.0
route,EKO->SLC,3,3,0,0.0
route,ELM->DTW,14,14,0,0.0
route,ELM->EWR,5,5,0,0.0
route,ELM->IAD,5,5,0,0.0
route,ELM->SFB,1,1,0,0.0
route,ELP->ATL,6,6,0,0.0
route,ELP->AUS,11,11,0,0.0
route,ELP->DAL,11,11,0,0.0
route,ELP->DEN,12,12,0,0.0
route,ELP->DFW,22,22,0,0.0
route,ELP->HOU,11,11,0,0.0
route,ELP->IAH,19,19,0,0.0
route,ELP->LAS,7,7,0,0.0
route,ELP->LAX,12,12,0,0.0
route,ELP->ORD,10,10,0,0.0
route,ELP->PHX,25,25,0,0.0
route,ELP->SAN,1,1,0,0.0
route,ELP->SAT,9,9,0,0.0
route,ELP->SEA,1,1,0,0.0
route,ELP->SLC,2,2,0,0.0
route,ERI->DTW,6,6,0,0.0
route,ERI->ORD,9,9,0,0.0
route,ERI->PHL,6,6,0,0.0
route,ESC->DTW,2,2,0,0.0
route,EUG->AZA,2,2,0,0.0
route,EUG->DEN,2,2,0,0.0
route,EUG->LAS,1,1,0,0.0
route,EUG->LAX,13,13,0,0.0
route,EUG->OAK,1,1,0,0.0
route,EUG->ORD,3,3,0,0.0
route,EUG->PDX,11,11,0,0.0
route,EUG->PHX,6,6,0,0.0
route,EUG->SEA,22,22,0,0.0
route,EUG->SFO,8,8,0,0.0
route,EUG->SLC,4,4,0,0.0
route,EVV->ATL,10,10,0,0.0
route,EVV->CLT,10,10,0,0.0
route,EVV->DFW,6,6,0,0.0
route,EVV->DTW,7,7,0,0.0
route,EVV->ORD,15,15,0,0.0
route,EVV->SFB,1,1,0,0.0
route,EWN->ATL,2,2,0,0.0
route,EWN->CLT,15,15,0,0.0
route,EWR->ALB,12,12,0,0.0
route,EWR->ATL,70,70,0,0.0
route,EWR->AUS,19,19,0,0.0
route,EWR->AVL,2,2,0,0.0
route,EWR->BGR,9,9,0,0.0
route,EWR->BNA,22,22,0,0.0
route,EWR->BOS,71,71,0,0.0
route,EWR->BQN,3,3,0,0.0
route,EWR->BTV,12,12,0,0.0
route,EWR->BUF,15,15,0,0.0
route,EWR->BWI,4,4,0,0.0
route,EWR->CAK,7,7,0,0.0
route,EWR->CHS,22,22,0,0.0
route,EWR->CLE,19,19,0,0.0
route,EWR->CLT,49,49,0,0.0
route,EWR->CMH,31,31,0,0.0
route,EWR->CVG,25,25,0,0.0
route,EWR->DAY,6,6,0,0.0
route,EWR->DCA,18,18,0,0.0
route,EWR->DEN,31,31,0,0.0
route,EWR->DFW,27,27,0,0.0
route,EWR->DTW,51,51,0,0.0
route,EWR->ELM,2,2,0,0.0
route,EWR->EYW,3,3,0,0.0
route,EWR->FLL,45,45,0,0.0
route,EWR->GRR,15,15,0,0.0
route,EWR->GSO,16,16,0,0.0
route,EWR->GSP,3,3,0,0.0
route,EWR->HNL,3,3,0,0.0
route,EWR->IAD,23,23,0,0.0
route,EWR->IAH,36,36,0,0.0
route,EWR->IND,15,15,0,0.0
route,EWR->ITH,1,1,0,0.0
route,EWR->JAX,14,14,0,0.0
route,EWR->LAS,40,40,0,0.0
route,EWR->LAX,51,51,0,0.0
route,EWR->LEX,2,2,0,0.0
route,EWR->MCI,9,9,0,0.0
route,EWR->MCO,65,65,0,0.0
route,EWR->MDW,29,29,0,0.0
route,EWR->MEM,14,14,0,0.0
route,EWR->MHT,5,5,0,0.0
route,EWR->MIA,37,37,0,0.0
route,EWR->MKE,15,15,0,0.0
route,EWR->MSN,10,10,0,0.0
route,EWR->MSP,32,32,0,0.0
route,EWR->MSY,13,13,0,0.0
route,EWR->MYR,2,2,0,0.0
route,EWR->OAK,3,3,0,0.0
route,EWR->OKC,3,3,0,0.0
route,EWR->OMA,7,7,0,0.0
route,EWR->ORD,53,53,0,0.0
route,EWR->ORF,18,18,0,0.0
route,EWR->PBI,14,14,0,0.0
route,EWR->PDX,8,8,0,0.0
route,EWR->PHX,28,28,0,0.0
route,EWR->PIT,23,23,0,0.0
route,EWR->PQI,7,7,0,0.0
route,EWR->PVD,12,12,0,0.0
route,EWR->PWM,19,19,0,0.0
route,EWR->RDU,36,36,0,0.0
route,EWR->RIC,27,27,0,0.0
route,EWR->ROC,16,16,0,0.0
route,EWR->RSW,11,11,0,0.0
route,EWR->SAN,16,16,0,0.0
route,EWR->SAT,1,1,0,0.0
route,EWR->SAV,9,9,0,0.0
route,EWR->SBN,3,3,0,0.0
route,EWR->SDF,12,12,0,0.0
route,EWR->SEA,23,23,0,0.0
route,EWR->SFO,61,61,0,0.0
route,EWR->SJC,2,2,0,0.0
route,EWR->SJU,6,6,0,0.0
route,EWR->SLC,5,5,0,0.0
route,EWR->SMF,2,2,0,0.0
route,EWR->SNA,8,8,0,0.0
route,EWR->SRQ,6,6,0,0.0
route,EWR->STL,17,17,0,0.0
route,EWR->SYR,16,16,0,0.0
route,EWR->TPA,20,20,0,0.0
route,EWR->TYS,6,6,0,0.0
route,EWR->XNA,3,3,0,0.0
route,EYW->ATL,9,9,0,0.0
route,EYW->CLT,7,7,0,0.0
route,EYW->DCA,1,1,0,0.0
route,EYW->DFW,1,1,0,0.0
route,EYW->EWR,4,4,0,0.0
route,EYW->MIA,14,14,0,0.0
route,EYW->ORD,1,1,0,0.0
route,FAI->ANC,18,18,0,0.0
route,FAI->ORD,1,1,0,0.0
route,FAI->SCC,4,4,0,0.0
route,FAI->SEA,17,17,0,0.0
route,FAR->AZA,1,1,0,0.0
route,FAR->DEN,9,9,0,0.0
route,FAR->DFW,8,8,0,0.0
route,FAR->MSP,20,20,0,0.0
route,FAR->ORD,21,21,0,0.0
route,FAT->DEN,16,16,0,0.0
route,FAT->DFW,11,11,0,0.0
route,FAT->LAS,4,4,0,0.0
route,FAT->LAX,31,31,0,0.0
route,FAT->ORD,1,1,0,0.0
route,FAT->PDX,4,4,0,0.0
route,FAT->PHX,22,22,0,0.0
route,FAT->SAN,7,7,0,0.0
route,FAT->SEA,9,9,0,0.0
route,FAT->SFO,7,7,0,0.0
route,FAT->SLC,2,2,0,0.0
route,FAY->ATL,21,21,0,0.0
route,FAY->CLT,23,23,0,0.0
route,FAY->IAD,5,5,0,0.0
route,FCA->DEN,10,10,0,0.0
route,FCA->MSP,2,2,0,0.0
route,FCA->ORD,1,1,0,0.0
route,FCA->SEA,7,7,0,0.0
route,FCA->SLC,8,8,0,0.0
route,FLG->DEN,2,2,0,0.0
route,FLG->DFW,2,2,0,0.0
route,FLG->PHX,9,9,0,0.0
route,FLL->ACY,5,5,0,0.0
route,FLL->ALB,5,5,0,0.0
route,FLL->ATL,60,60,0,0.0
route,FLL->AUS,8,8,0,0.0
route,FLL->AVL,11,11,0,0.0
route,FLL->BDL,8,8,0,0.0
route,FLL->BNA,17,17,0,0.0
route,FLL->BOS,35,35,0,0.0
route,FLL->BQN,8,8,0,0.0
route,FLL->BUF,4,4,0,0.0
route,FLL->BWI,49,49,0,0.0
route,FLL->CHS,2,2,0,0.0
route,FLL->CLE,5,5,0,0.0
route,FLL->CLT,18,18,0,0.0
route,FLL->CMH,6,6,0,0.0
route,FLL->CVG,4,4,0,0.0
route,FLL->DAL,6,6,0,0.0
route,FLL->DCA,18,18,0,0.0
route,FLL->DEN,18,18,0,0.0
route,FLL->DFW,17,17,0,0.0
route,FLL->DTW,24,24,0,0.0
route,FLL->EWR,48,48,0,0.0
route,FLL->GSP,2,2,0,0.0
route,FLL->HOU,10,10,0,0.0
route,FLL->HPN,8,8,0,0.0
route,FLL->IAD,5,5,0,0.0
route,FLL->IAH,18,18,0,0.0
route,FLL->IND,8,8,0,0.0
route,FLL->ISP,2,2,0,0.0
route,FLL->JAX,18,18,0,0.0
route,FLL->JFK,25,25,0,0.0
route,FLL->LAS,18,18,0,0.0
route,FLL->LAX,7,7,0,0.0
route,FLL->LBE,2,2,0,0.0
route,FLL->LCK,1,1,0,0.0
route,FLL->LEX,1,1,0,0.0
route,FLL->LGA,44,44,0,0.0
route,FLL->LGB,1,1,0,0.0
route,FLL->MCI,2,2,0,0.0
route,FLL->MCO,20,20,0,0.0
route,FLL->MDW,11,11,0,0.0
route,FLL->MSP,2,2,0,0.0
route,FLL->MSY,11,11,0,0.0
route,FLL->MYR,5,5,0,0.0
route,FLL->ORD,21,21,0,0.0
route,FLL->ORF,1,1,0,0.0
route,FLL->ORH,2,2,0,0.0
route,FLL->PBG,2,2,0,0.0
route,FLL->PHL,25,25,0,0.0
route,FLL->PHX,5,5,0,0.0
route,FLL->PIT,7,7,0,0.0
route,FLL->PVD,7,7,0,0.0
route,FLL->RDU,8,8,0,0.0
route,FLL->RIC,12,12,0,0.0
route,FLL->SAT,4,4,0,0.0
route,FLL->SDF,3,3,0,0.0
route,FLL->SEA,2,2,0,0.0
route,FLL->SFO,14,14,0,0.0
route,FLL->SJU,25,25,0,0.0
route,FLL->SLC,12,12,0,0.0
route,FLL->STL,5,5,0,0.0
route,FLL->STT,3,3,0,0.0
route,FLL->SWF,5,5,0,0.0
route,FLL->TPA,20,20,0,0.0
route,FLL->TTN,1,1,0,0.0
route,FLL->USA,2,2,0,0.0
route,FLO->CLT,13,13,0,0.0
route,FNT->ATL,6,6,0,0.0
route,FNT->CLT,3,3,0,0.0
route,FNT->FLL,1,1,0,0.0
route,FNT->MSP,4,4,0,0.0
route,FNT->ORD,18,18,0,0.0
route,FSD->ATL,3,3,0,0.0
route,FSD->AZA,1,1,0,0.0
route,FSD->DEN,19,19,0,0.0
route,FSD->DFW,7,7,0,0.0
route,FSD->LAS,1,1,0,0.0
route,FSD->MSP,19,19,0,0.0
route,FSD->ORD,21,21,0,0.0
route,FSD->PHX,5,5,0,0.0
route,FSD->SFB,1,1,0,0.0
route,FSM->ATL,4,4,0,0.0
route,FSM->DFW,17,17,0,0.0
route,FWA->ATL,12,12,0,0.0
route,FWA->AZA,1,1,0,0.0
route,FWA->CLT,8,8,0,0.0
route,FWA->DFW,4,4,0,0.0
route,FWA->DTW,6,6,0,0.0
route,FWA->MSP,4,4,0,0.0
route,FWA->ORD,14,14,0,0.0
route,FWA->PGD,2,2,0,0.0
route,FWA->PHL,5,5,0,0.0
route,FWA->PIE,1,1,0,0.0
route,GCC->DEN,8,8,0,0.0
route,GCK->DFW,4,4,0,0.0
route,GEG->BOI,10,10,0,0.0
route,GEG->DEN,11,11,0,0.0
route,GEG->DFW,2,2,0,0.0
route,GEG->LAS,3,3,0,0.0
route,GEG->LAX,4,4,0,0.0
route,GEG->MSP,6,6,0,0.0
route,GEG->OAK,7,7,0,0.0
route,GEG->ORD,4,4,0,0.0
route,GEG->PDX,32,32,0,0.0
route,GEG->PHX,7,7,0,0.0
route,GEG->SAN,4,4,0,0.0
route,GEG->SEA,87,87,0,0.0
route,GEG->SFO,3,3,0,0.0
route,GEG->SJC,3,3,0,0.0
route,GEG->SLC,17,17,0,0.0
route,GEG->SMF,3,3,0,0.0
route,GFK->AZA,1,1,0,0.0
route,GFK->LAS,1,1,0,0.0
route,GFK->MSP,17,17,0,0.0
route,GGG->DFW,8,8,0,0.0
route,GJT->DEN,20,20,0,0.0
route,GJT->DFW,2,2,0,0.0
route,GJT->PHX,5,5,0,0.0
route,GJT->SLC,8,8,0,0.0
route,GNV->ATL,31,31,0,0.0
route,GNV->CLT,10,10,0,0.0
route,GNV->DFW,3,3,0,0.0
route,GNV->MIA,8,8,0,0.0
route,GPT->ATL,13,13,0,0.0
route,GPT->CLT,7,7,0,0.0
route,GPT->DFW,9,9,0,0.0
route,GPT->IAH,17,17,0,0.0
route,GPT->SFB,2,2,0,0.0
route,GRB->ATL,4,4,0,0.0
route,GRB->DEN,1,1,0,0.0
route,GRB->DTW,12,12,0,0.0
route,GRB->MSP,10,10,0,0.0
route,GRB->ORD,29,29,0,0.0
route,GRI->AZA,1,1,0,0.0
route,GRI->DFW,7,7,0,0.0
route,GRK->DFW,18,18,0,0.0
route,GRK->IAH,5,5,0,0.0
route,GRR->ATL,9,9,0,0.0
route,GRR->AZA,2,2,0,0.0
route,GRR->BWI,2,2,0,0.0
route,GRR->CLT,10,10,0,0.0
route,GRR->DCA,3,3,0,0.0
route,GRR->DEN,7,7,0,0.0
route,GRR->DFW,5,5,0,0.0
route,GRR->DTW,21,21,0,0.0
route,GRR->EWR,14,14,0,0.0
route,GRR->IAD,5,5,0,0.0
route,GRR->IAH,6,6,0,0.0
route,GRR->LAS,1,1,0,0.0
route,GRR->LGA,11,11,0,0.0
route,GRR->MCO,1,1,0,0.0
route,GRR->MDW,7,7,0,0.0
route,GRR->MSP,11,11,0,0.0
route,GRR->ORD,59,59,0,0.0
route,GRR->PHL,6,6,0,0.0
route,GRR->PIE,3,3,0,0.0
route,GRR->SFB,6,6,0,0.0
route,GSO->ATL,21,21,0,0.0
route,GSO->CLT,37,37,0,0.0
route,GSO->DCA,6,6,0,0.0
route,GSO->DFW,4,4,0,0.0
route,GSO->DTW,12,12,0,0.0
route,GSO->EWR,20,20,0,0.0
route,GSO->FLL,2,2,0,0.0
route,GSO->IAD,18,18,0,0.0
route,GSO->LGA,26,26,0,0.0
route,GSO->MIA,1,1,0,0.0
route,GSO->ORD,20,20,0,0.0
route,GSO->PHL,12,12,0,0.0
route,GSO->PIE,1,1,0,0.0
route,GSO->TPA,1,1,0,0.0
route,GSP->ATL,34,34,0,0.0
route,GSP->CLT,31,31,0,0.0
route,GSP->DCA,2,2,0,0.0
route,GSP->DEN,2,2,0,0.0
route,GSP->DFW,6,6,0,0.0
route,GSP->DTW,10,10,0,0.0
route,GSP->EWR,12,12,0,0.0
route,GSP->FLL,2,2,0,0.0
route,GSP->IAD,15,15,0,0.0
route,GSP->IAH,10,10,0,0.0
route,GSP->LAS,3,3,0,0.0
route,GSP->LGA,12,12,0,0.0
route,GSP->MCO,1,1,0,0.0
route,GSP->MIA,4,4,0,0.0
route,GSP->ORD,17,17,0,0.0
route,GSP->PHL,8,8,0,0.0
route,GSP->SFB,1,1,0,0.0
route,GTF->AZA,2,2,0,0.0
route,GTF->DEN,10,10,0,0.0
route,GTF->LAS,1,1,0,0.0
route,GTF->MSP,1,1,0,0.0
route,GTF->SEA,2,2,0,0.0
route,GTF->SLC,3,3,0,0.0
route,GTR->ATL,10,10,0,0.0
route,GUC->DEN,2,2,0,0.0
route,GUM->HNL,2,2,0,0.0
route,GUM->SPN,2,2,0,0.0
route,HDN->DEN,5,5,0,0.0
route,HGR->SFB,2,2,0,0.0
route,HHH->ATL,1,1,0,0.0
route,HHH->CLT,10,10,0,0.0
route,HIB->MSP,6,6,0,0.0
route,HLN->DEN,2,2,0,0.0
route,HLN->MSP,2,2,0,0.0
route,HLN->SEA,3,3,0,0.0
route,HLN->SLC,9,9,0,0.0
route,HNL->ANC,1,1,0,0.0
route,HNL->ATL,2,2,0,0.0
route,HNL->BOS,2,2,0,0.0
route,HNL->DEN,4,4,0,0.0
route,HNL->DFW,5,5,0,0.0
route,HNL->EWR,3,3,0,0.0
route,HNL->GUM,1,1,0,0.0
route,HNL->IAH,4,4,0,0.0
route,HNL->ITO,50,50,0,0.0
route,HNL->JFK,2,2,0,0.0
route,HNL->JHM,6,6,0,0.0
route,HNL->KOA,63,63,0,0.0
route,HNL->LAS,9,9,0,0.0
route,HNL->LAX,42,42,0,0.0
route,HNL->LGB,4,4,0,0.0
route,HNL->LIH,70,70,0,0.0
route,HNL->LNY,20,20,0,0.0
route,HNL->MKK,9,9,0,0.0
route,HNL->OAK,8,8,0,0.0
route,HNL->OGG,80,80,0,0.0
route,HNL->PDX,8,8,0,0.0
route,HNL->PHX,8,8,0,0.0
route,HNL->PPG,1,1,0,0.0
route,HNL->SAN,4,4,0,0.0
route,HNL->SEA,12,12,0,0.0
route,HNL->SFO,29,29,0,0.0
route,HNL->SJC,5,5,0,0.0
route,HNL->SLC,3,3,0,0.0
route,HNL->SMF,1,1,0,0.0
route,HOB->IAH,7,7,0,0.0
route,HOU->ABQ,7,7,0,0.0
route,HOU->ATL,44,44,0,0.0
route,HOU->AUS,17,17,0,0.0
route,HOU->BHM,11,11,0,0.0
route,HOU->BNA,15,15,0,0.0
route,HOU->BOS,8,8,0,0.0
route,HOU->BUR,1,1,0,0.0
route,HOU->BWI,10,10,0,0.0
route,HOU->CHS,2,2,0,0.0
route,HOU->CLT,2,2,0,0.0
route,HOU->CMH,3,3,0,0.0
route,HOU->CRP,16,16,0,0.0
route,HOU->DAL,52,52,0,0.0
route,HOU->DCA,3,3,0,0.0
route,HOU->DEN,19,19,0,0.0
route,HOU->DFW,29,29,0,0.0
route,HOU->ECP,1,1,0,0.0
route,HOU->ELP,5,5,0,0.0
route,HOU->FLL,3,3,0,0.0
route,HOU->HRL,11,11,0,0.0
route,HOU->IND,7,7,0,0.0
route,HOU->JAX,4,4,0,0.0
route,HOU->JFK,3,3,0,0.0
route,HOU->LAS,15,15,0,0.0
route,HOU->LAX,13,13,0,0.0
route,HOU->LGA,15,15,0,0.0
route,HOU->MAF,10,10,0,0.0
route,HOU->MCI,6,6,0,0.0
route,HOU->MCO,13,13,0,0.0
route,HOU->MDW,18,18,0,0.0
route,HOU->MEM,11,11,0,0.0
route,HOU->MKE,3,3,0,0.0
route,HOU->MSY,33,33,0,0.0
route,HOU->OAK,8,8,0,0.0
route,HOU->OKC,9,9,0,0.0
route,HOU->OMA,4,4,0,0.0
route,HOU->PHX,14,14,0,0.0
route,HOU->PIT,5,5,0,0.0
route,HOU->PNS,2,2,0,0.0
route,HOU->RDU,6,6,0,0.0
route,HOU->SAN,2,2,0,0.0
route,HOU->SAT,13,13,0,0.0
route,HOU->SDF,3,3,0,0.0
route,HOU->SJC,5,5,0,0.0
route,HOU->SNA,6,6,0,0.0
route,HOU->STL,10,10,0,0.0
route,HOU->TPA,5,5,0,0.0
route,HOU->TUL,10,10,0,0.0
route,HPN->ATL,22,22,0,0.0
route,HPN->CLT,17,17,0,0.0
route,HPN->DCA,13,13,0,0.0
route,HPN->DTW,6,6,0,0.0
route,HPN->FLL,5,5,0,0.0
route,HPN->MCO,12,12,0,0.0
route,HPN->ORD,15,15,0,0.0
route,HPN->PBI,7,7,0,0.0
route,HPN->RSW,8,8,0,0.0
route,HPN->TPA,3,3,0,0.0
route,HRL->AUS,4,4,0,0.0
route,HRL->DFW,3,3,0,0.0
route,HRL->HOU,14,14,0,0.0
route,HRL->IAH,11,11,0,0.0
route,HRL->ORD,1,1,0,0.0
route,HSV->ATL,17,17,0,0.0
route,HSV->CLT,13,13,0,0.0
route,HSV->DCA,13,13,0,0.0
route,HSV->DEN,10,10,0,0.0
route,HSV->DFW,14,14,0,0.0
route,HSV->DTW,5,5,0,0.0
route,HSV->IAD,5,5,0,0.0
route,HSV->IAH,9,9,0,0.0
route,HSV->MCO,1,1,0,0.0
route,HSV->ORD,12,12,0,0.0
route,HTS->CLT,8,8,0,0.0
route,HTS->PIE,1,1,0,0.0
route,HVN->CLT,1,1,0,0.0
route,HVN->PHL,6,6,0,0.0
route,HYS->DEN,3,3,0,0.0
route,HYS->SLN,6,6,0,0.0
route,IAD->ALB,10,10,0,0.0
route,IAD->ATL,39,39,0,0.0
route,IAD->AUS,11,11,0,0.0
route,IAD->AVL,4,4,0,0.0
route,IAD->AVP,8,8,0,0.0
route,IAD->BDL,21,21,0,0.0
route,IAD->BNA,13,13,0,0.0
route,IAD->BOS,21,21,0,0.0
route,IAD->BTV,14,14,0,0.0
route,IAD->BUF,8,8,0,0.0
route,IAD->CAE,7,7,0,0.0
route,IAD->CHA,5,5,0,0.0
route,IAD->CHO,10,10,0,0.0
route,IAD->CHS,6,6,0,0.0
route,IAD->CLE,9,9,0,0.0
route,IAD->CLT,33,33,0,0.0
route,IAD->CMH,11,11,0,0.0
route,IAD->CRW,5,5,0,0.0
route,IAD->CVG,8,8,0,0.0
route,IAD->DAY,5,5,0,0.0
route,IAD->DEN,33,33,0,0.0
route,IAD->DFW,24,24,0,0.0
route,IAD->DTW,35,35,0,0.0
route,IAD->ELM,4,4,0,0.0
route,IAD->EWR,15,15,0,0.0
route,IAD->FAY,2,2,0,0.0
route,IAD->FLL,5,5,0,0.0
route,IAD->GRR,2,2,0,0.0
route,IAD->GSO,8,8,0,0.0
route,IAD->GSP,11,11,0,0.0
route,IAD->HNL,1,1,0,0.0
route,IAD->HSV,5,5,0,0.0
route,IAD->IAH,13,13,0,0.0
route,IAD->ILM,4,4,0,0.0
route,IAD->IND,12,12,0,0.0
route,IAD->ITH,12,12,0,0.0
route,IAD->JAX,10,10,0,0.0
route,IAD->JFK,17,17,0,0.0
route,IAD->LAS,7,7,0,0.0
route,IAD->LAX,33,33,0,0.0
route,IAD->LEX,4,4,0,0.0
route,IAD->LGA,17,17,0,0.0
route,IAD->LWB,3,3,0,0.0
route,IAD->MCI,10,10,0,0.0
route,IAD->MCO,18,18,0,0.0
route,IAD->MDT,12,12,0,0.0
route,IAD->MHT,5,5,0,0.0
route,IAD->MIA,4,4,0,0.0
route,IAD->MSP,16,16,0,0.0
route,IAD->MSY,2,2,0,0.0
route,IAD->OGS,1,1,0,0.0
route,IAD->OKC,7,7,0,0.0
route,IAD->ORD,22,22,0,0.0
route,IAD->ORF,18,18,0,0.0
route,IAD->PBG,4,4,0,0.0
route,IAD->PDX,2,2,0,0.0
route,IAD->PHL,8,8,0,0.0
route,IAD->PHX,3,3,0,0.0
route,IAD->PIT,6,6,0,0.0
route,IAD->PVD,9,9,0,0.0
route,IAD->PWM,11,11,0,0.0
route,IAD->RDU,13,13,0,0.0
route,IAD->RIC,10,10,0,0.0
route,IAD->ROA,7,7,0,0.0
route,IAD->ROC,15,15,0,0.0
route,IAD->SAN,13,13,0,0.0
route,IAD->SAT,7,7,0,0.0
route,IAD->SAV,5,5,0,0.0
route,IAD->SCE,9,9,0,0.0
route,IAD->SDF,10,10,0,0.0
route,IAD->SEA,15,15,0,0.0
route,IAD->SFO,30,30,0,0.0
route,IAD->SHD,3,3,0,0.0
route,IAD->SJU,1,1,0,0.0
route,IAD->SLC,2,2,0,0.0
route,IAD->SMF,2,2,0,0.0
route,IAD->STL,5,5,0,0.0
route,IAD->SYR,9,9,0,0.0
route,IAD->TPA,8,8,0,0.0
route,IAD->TYS,8,8,0,0.0
route,IAG->MYR,4,4,0,0.0
route,IAG->PGD,2,2,0,0.0
route,IAG->PIE,1,1,0,0.0
route,IAG->SFB,1,1,0,0.0
route,IAH->ABQ,14,14,0,0.0
route,IAH->AEX,5,5,0,0.0
route,IAH->AMA,8,8,0,0.0
route,IAH->ASE,1,1,0,0.0
route,IAH->ATL,49,49,0,0.0
route,IAH->AUS,23,23,0,0.0
route,IAH->BDL,5,5,0,0.0
route,IAH->BHM,21,21,0,0.0
route,IAH->BNA,22,22,0,0.0
route,IAH->BOI,4,4,0,0.0
route,IAH->BOS,16,16,0,0.0
route,IAH->BRO,19,19,0,0.0
route,IAH->BTR,13,13,0,0.0
route,IAH->BWI,12,12,0,0.0
route,IAH->CAE,1,1,0,0.0
route,IAH->CAK,1,1,0,0.0
route,IAH->CHS,8,8,0,0.0
route,IAH->CLE,15,15,0,0.0
route,IAH->CLL,10,10,0,0.0
route,IAH->CLT,37,37,0,0.0
route,IAH->CMH,13,13,0,0.0
route,IAH->COS,13,13,0,0.0
route,IAH->CRP,24,24,0,0.0
route,IAH->CRW,1,1,0,0.0
route,IAH->CVG,18,18,0,0.0
route,IAH->DAY,3,3,0,0.0
route,IAH->DCA,25,25,0,0.0
route,IAH->DEN,42,42,0,0.0
route,IAH->DFW,45,45,0,0.0
route,IAH->DRO,1,1,0,0.0
route,IAH->DSM,8,8,0,0.0
route,IAH->DTW,27,27,0,0.0
route,IAH->ECP,3,3,0,0.0
route,IAH->ELP,17,17,0,0.0
route,IAH->EWR,37,37,0,0.0
route,IAH->FLL,24,24,0,0.0
route,IAH->GPT,4,4,0,0.0
route,IAH->GRK,7,7,0,0.0
route,IAH->GRR,8,8,0,0.0
route,IAH->GSP,3,3,0,0.0
route,IAH->HNL,4,4,0,0.0
route,IAH->HOB,9,9,0,0.0
route,IAH->HRL,8,8,0,0.0
route,IAH->HSV,2,2,0,0.0
route,IAH->IAD,19,19,0,0.0
route,IAH->ICT,16,16,0,0.0
route,IAH->IND,11,11,0,0.0
route,IAH->JAN,12,12,0,0.0
route,IAH->JAX,14,14,0,0.0
route,IAH->LAS,21,21,0,0.0
route,IAH->LAX,50,50,0,0.0
route,IAH->LBB,15,15,0,0.0
route,IAH->LCH,8,8,0,0.0
route,IAH->LEX,2,2,0,0.0
route,IAH->LFT,23,23,0,0.0
route,IAH->LGA,38,38,0,0.0
route,IAH->LIT,16,16,0,0.0
route,IAH->LRD,11,11,0,0.0
route,IAH->MAF,16,16,0,0.0
route,IAH->MCI,14,14,0,0.0
route,IAH->MCO,34,34,0,0.0
route,IAH->MEM,15,15,0,0.0
route,IAH->MFE,17,17,0,0.0
route,IAH->MIA,33,33,0,0.0
route,IAH->MKE,5,5,0,0.0
route,IAH->MLU,5,5,0,0.0
route,IAH->MOB,23,23,0,0.0
route,IAH->MSP,28,28,0,0.0
route,IAH->MSY,32,32,0,0.0
route,IAH->OAK,2,2,0,0.0
route,IAH->OKC,25,25,0,0.0
route,IAH->OMA,5,5,0,0.0
route,IAH->ORD,41,41,0,0.0
route,IAH->ORF,2,2,0,0.0
route,IAH->PBI,1,1,0,0.0
route,IAH->PDX,8,8,0,0.0
route,IAH->PHL,19,19,0,0.0
route,IAH->PHX,24,24,0,0.0
route,IAH->PIT,17,17,0,0.0
route,IAH->PNS,29,29,0,0.0
route,IAH->PSP,3,3,0,0.0
route,IAH->RDU,18,18,0,0.0
route,IAH->RIC,9,9,0,0.0
route,IAH->RNO,1,1,0,0.0
route,IAH->RSW,9,9,0,0.0
route,IAH->SAN,18,18,0,0.0
route,IAH->SAT,25,25,0,0.0
route,IAH->SAV,10,10,0,0.0
route,IAH->SDF,13,13,0,0.0
route,IAH->SEA,22,22,0,0.0
route,IAH->SFO,30,30,0,0.0
route,IAH->SGF,4,4,0,0.0
route,IAH->SHV,9,9,0,0.0
route,IAH->SJC,1,1,0,0.0
route,IAH->SJU,4,4,0,0.0
route,IAH->SLC,30,30,0,0.0
route,IAH->SMF,5,5,0,0.0
route,IAH->SNA,15,15,0,0.0
route,IAH->STL,13,13,0,0.0
route,IAH->TPA,13,13,0,0.0
route,IAH->TUL,19,19,0,0.0
route,IAH->TUS,12,12,0,0.0
route,IAH->TYS,10,10,0,0.0
route,IAH->VPS,10,10,0,0.0
route,IAH->XNA,9,9,0,0.0
route,ICT->ATL,8,8,0,0.0
route,ICT->AZA,1,1,0,0.0
route,ICT->DEN,19,19,0,0.0
route,ICT->DFW,21,21,0,0.0
route,ICT->IAH,10,10,0,0.0
route,ICT->LAS,4,4,0,0.0
route,ICT->MSP,8,8,0,0.0
route,ICT->ORD,31,31,0,0.0
route,ICT->PHX,4,4,0,0.0
route,ICT->SEA,6,6,0,0.0
route,ICT->STL,2,2,0,0.0
route,IDA->AZA,2,2,0,0.0
route,IDA->DEN,14,14,0,0.0
route,IDA->LAS,2,2,0,0.0
route,IDA->SLC,10,10,0,0.0
route,ILM->ATL,9,9,0,0.0
route,ILM->CLT,18,18,0,0.0
route,ILM->DCA,4,4,0,0.0
route,ILM->DFW,1,1,0,0.0
route,ILM->IAD,10,10,0,0.0
route,ILM->LGA,9,9,0,0.0
route,ILM->ORD,6,6,0,0.0
route,ILM->PHL,11,11,0,0.0
route,IMT->DTW,3,3,0,0.0
route,IMT->MSP,3,3,0,0.0
route,IND->ATL,38,38,0,0.0
route,IND->AUS,1,1,0,0.0
route,IND->BOS,16,16,0,0.0
route,IND->BWI,11,11,0,0.0
route,IND->CHS,1,1,0,0.0
route,IND->CLT,20,20,0,0.0
route,IND->DAL,4,4,0,0.0
route,IND->DCA,25,25,0,0.0
route,IND->DEN,25,25,0,0.0
route,IND->DFW,18,18,0,0.0
route,IND->DTW,14,14,0,0.0
route,IND->EWR,21,21,0,0.0
route,IND->FLL,7,7,0,0.0
route,IND->HOU,3,3,0,0.0
route,IND->IAD,13,13,0,0.0
route,IND->IAH,20,20,0,0.0
route,IND->JAX,1,1,0,0.0
route,IND->JFK,12,12,0,0.0
route,IND->LAS,10,10,0,0.0
route,IND->LAX,15,15,0,0.0
route,IND->LGA,28,28,0,0.0
route,IND->MCI,3,3,0,0.0
route,IND->MCO,17,17,0,0.0
route,IND->MDW,2,2,0,0.0
route,IND->MIA,8,8,0,0.0
route,IND->MSP,15,15,0,0.0
route,IND->OAK,4,4,0,0.0
route,IND->ORD,61,61,0,0.0
route,IND->PGD,3,3,0,0.0
route,IND->PHL,12,12,0,0.0
route,IND->PHX,11,11,0,0.0
route,IND->PIE,1,1,0,0.0
route,IND->RDU,8,8,0,0.0
route,IND->RSW,3,3,0,0.0
route,IND->SEA,6,6,0,0.0
route,IND->SFB,4,4,0,0.0
route,IND->SFO,4,4,0,0.0
route,IND->SLC,4,4,0,0.0
route,IND->TPA,5,5,0,0.0
route,INL->MSP,4,4,0,0.0
route,IPT->PHL,11,11,0,0.0
route,ISN->DEN,9,9,0,0.0
route,ISN->MSP,6,6,0,0.0
route,ISP->BWI,21,21,0,0.0
route,ISP->FLL,5,5,0,0.0
route,ISP->MCO,10,10,0,0.0
route,ISP->MYR,1,1,0,0.0
route,ISP->ORD,1,1,0,0.0
route,ISP->PBI,5,5,0,0.0
route,ISP->PHL,4,4,0,0.0
route,ISP->RDU,1,1,0,0.0
route,ISP->TPA,6,6,0,0.0
route,ITH->DTW,9,9,0,0.0
route,ITH->IAD,3,3,0,0.0
route,ITH->PHL,14,14,0,0.0
route,ITO->HNL,50,50,0,0.0
route,ITO->LAX,1,1,0,0.0
route,ITO->OGG,11,11,0,0.0
route,JAC->DEN,9,9,0,0.0
route,JAC->DFW,5,5,0,0.0
route,JAC->ORD,1,1,0,0.0
route,JAC->SLC,8,8,0,0.0
route,JAN->ATL,22,22,0,0.0
route,JAN->CLT,16,16,0,0.0
route,JAN->DCA,3,3,0,0.0
route,JAN->DFW,16,16,0,0.0
route,JAN->IAH,15,15,0,0.0
route,JAN->ORD,6,6,0,0.0
route,JAX->ATL,35,35,0,0.0
route,JAX->AUS,1,1,0,0.0
route,JAX->BNA,5,5,0,0.0
route,JAX->BOS,15,15,0,0.0
route,JAX->BWI,9,9,0,0.0
route,JAX->CLT,21,21,0,0.0
route,JAX->CVG,3,3,0,0.0
route,JAX->DCA,22,22,0,0.0
route,JAX->DEN,9,9,0,0.0
route,JAX->DFW,18,18,0,0.0
route,JAX->DTW,4,4,0,0.0
route,JAX->EWR,15,15,0,0.0
route,JAX->FLL,16,16,0,0.0
route,JAX->GRR,2,2,0,0.0
route,JAX->HOU,3,3,0,0.0
route,JAX->IAD,10,10,0,0.0
route,JAX->IAH,17,17,0,0.0
route,JAX->JFK,25,25,0,0.0
route,JAX->LAS,4,4,0,0.0
route,JAX->LGA,8,8,0,0.0
route,JAX->MDW,5,5,0,0.0
route,JAX->MIA,16,16,0,0.0
route,JAX->MSP,4,4,0,0.0
route,JAX->ORD,21,21,0,0.0
route,JAX->ORF,2,2,0,0.0
route,JAX->PHL,16,16,0,0.0
route,JAX->RDU,2,2,0,0.0
route,JAX->TTN,2,2,0,0.0
route,JFK->ABQ,1,1,0,0.0
route,JFK->ACK,2,2,0,0.0
route,JFK->ATL,25,25,0,0.0
route,JFK->AUS,22,22,0,0.0
route,JFK->BGR,1,1,0,0.0
route,JFK->BNA,18,18,0,0.0
route,JFK->BOS,37,37,0,0.0
route,JFK->BQN,1,1,0,0.0
route,JFK->BTV,14,14,0,0.0
route,JFK->BUF,34,34,0,0.0
route,JFK->BUR,9,9,0,0.0
route,JFK->BWI,11,11,0,0.0
route,JFK->CHS,16,16,0,0.0
route,JFK->CLE,22,22,0,0.0
route,JFK->CLT,29,29,0,0.0
route,JFK->CMH,12,12,0,0.0
route,JFK->CVG,4,4,0,0.0
route,JFK->DAB,1,1,0,0.0
route,JFK->DCA,28,28,0,0.0
route,JFK->DEN,15,15,0,0.0
route,JFK->DFW,22,22,0,0.0
route,JFK->DTW,11,11,0,0.0
route,JFK->FLL,39,39,0,0.0
route,JFK->HNL,2,2,0,0.0
route,JFK->HOU,1,1,0,0.0
route,JFK->IAD,13,13,0,0.0
route,JFK->IAH,2,2,0,0.0
route,JFK->IND,19,19,0,0.0
route,JFK->JAX,13,13,0,0.0
route,JFK->LAS,40,40,0,0.0
route,JFK->LAX,123,123,0,0.0
route,JFK->LGB,5,5,0,0.0
route,JFK->MCO,39,39,0,0.0
route,JFK->MIA,29,29,0,0.0
route,JFK->MSP,13,13,0,0.0
route,JFK->MSY,27,27,0,0.0
route,JFK->MVY,2,2,0,0.0
route,JFK->ONT,4,4,0,0.0
route,JFK->ORD,34,34,0,0.0
route,JFK->ORF,13,13,0,0.0
route,JFK->ORH,4,4,0,0.0
route,JFK->PBI,9,9,0,0.0
route,JFK->PDX,9,9,0,0.0
route,JFK->PHL,2,2,0,0.0
route,JFK->PHX,17,17,0,0.0
route,JFK->PIT,15,15,0,0.0
route,JFK->PSE,4,4,0,0.0
route,JFK->PSP,5,5,0,0.0
route,JFK->PWM,14,14,0,0.0
route,JFK->RDU,30,30,0,0.0
route,JFK->RIC,7,7,0,0.0
route,JFK->RNO,3,3,0,0.0
route,JFK->ROC,19,19,0,0.0
route,JFK->RSW,13,13,0,0.0
route,JFK->SAN,25,25,0,0.0
route,JFK->SAT,7,7,0,0.0
route,JFK->SAV,6,6,0,0.0
route,JFK->SEA,26,26,0,0.0
route,JFK->SFO,84,84,0,0.0
route,JFK->SJC,6,6,0,0.0
route,JFK->SJU,31,31,0,0.0
route,JFK->SLC,19,19,0,0.0
route,JFK->SMF,5,5,0,0.0
route,JFK->SNA,1,1,0,0.0
route,JFK->SRQ,1,1,0,0.0
route,JFK->STT,3,3,0,0.0
route,JFK->SYR,20,20,0,0.0
route,JFK->TPA,23,23,0,0.0
route,JHM->HNL,9,9,0,0.0
route,JLN->DFW,7,7,0,0.0
route,JLN->ORD,2,2,0,0.0
route,JMS->DEN,1,1,0,0.0
route,JMS->DVL,7,7,0,0.0
route,JNU->ANC,8,8,0,0.0
route,JNU->KTN,1,1,0,0.0
route,JNU->PSG,3,3,0,0.0
route,JNU->SEA,13,13,0,0.0
route,JNU->SIT,7,7,0,0.0
route,JNU->YAK,1,1,0,0.0
route,KOA->DEN,3,3,0,0.0
route,KOA->HNL,64,64,0,0.0
route,KOA->LAX,12,12,0,0.0
route,KOA->LIH,10,10,0,0.0
route,KOA->OAK,3,3,0,0.0
route,KOA->OGG,7,7,0,0.0
route,KOA->PHX,4,4,0,0.0
route,KOA->SEA,7,7,0,0.0
route,KOA->SFO,7,7,0,0.0
route,KOA->SJC,1,1,0,0.0
route,KTN->JNU,2,2,0,0.0
route,KTN->SEA,10,10,0,0.0
route,KTN->SIT,1,1,0,0.0
route,KTN->WRG,2,2,0,0.0
route,LAN->DCA,5,5,0,0.0
route,LAN->DTW,15,15,0,0.0
route,LAN->MSP,9,9,0,0.0
route,LAN->ORD,18,18,0,0.0
route,LAR->DEN,6,6,0,0.0
route,LAS->ABQ,14,14,0,0.0
route,LAS->AMA,2,2,0,0.0
route,LAS->ATL,52,52,0,0.0
route,LAS->ATW,2,2,0,0.0
route,LAS->AUS,18,18,0,0.0
route,LAS->AZA,4,4,0,0.0
route,LAS->BDL,4,4,0,0.0
route,LAS->BHM,2,2,0,0.0
route,LAS->BIL,1,1,0,0.0
route,LAS->BLI,9,9,0,0.0
route,LAS->BLV,2,2,0,0.0
route,LAS->BNA,16,16,0,0.0
route,LAS->BOI,3,3,0,0.0
route,LAS->BOS,24,24,0,0.0
route,LAS->BUF,8,8,0,0.0
route,LAS->BUR,32,32,0,0.0
route,LAS->BWI,20,20,0,0.0
route,LAS->CID,1,1,0,0.0
route,LAS->CLE,8,8,0,0.0
route,LAS->CLT,13,13,0,0.0
route,LAS->CMH,7,7,0,0.0
route,LAS->COS,8,8,0,0.0
route,LAS->CVG,6,6,0,0.0
route,LAS->DAL,16,16,0,0.0
route,LAS->DCA,4,4,0,0.0
route,LAS->DEN,66,66,0,0.0
route,LAS->DFW,32,32,0,0.0
route,LAS->DSM,5,5,0,0.0
route,LAS->DTW,29,29,0,0.0
route,LAS->ELP,7,7,0,0.0
route,LAS->EUG,1,1,0,0.0
route,LAS->EWR,36,36,0,0.0
route,LAS->FAR,1,1,0,0.0
route,LAS->FAT,9,9,0,0.0
route,LAS->FCA,3,3,0,0.0
route,LAS->FLL,14,14,0,0.0
route,LAS->FSD,3,3,0,0.0
route,LAS->GEG,12,12,0,0.0
route,LAS->GFK,2,2,0,0.0
route,LAS->GJT,2,2,0,0.0
route,LAS->GRR,1,1,0,0.0
route,LAS->GSP,1,1,0,0.0
route,LAS->GTF,1,1,0,0.0
route,LAS->HNL,11,11,0,0.0
route,LAS->HOU,14,14,0,0.0
route,LAS->IAD,7,7,0,0.0
route,LAS->IAH,23,23,0,0.0
route,LAS->ICT,8,8,0,0.0
route,LAS->IDA,2,2,0,0.0
route,LAS->IND,14,14,0,0.0
route,LAS->JAX,2,2,0,0.0
route,LAS->JFK,37,37,0,0.0
route,LAS->LAX,130,130,0,0.0
route,LAS->LBB,3,3,0,0.0
route,LAS->LGB,16,16,0,0.0
route,LAS->LIT,5,5,0,0.0
route,LAS->LRD,1,1,0,0.0
route,LAS->MCI,22,22,0,0.0
route,LAS->MCO,16,16,0,0.0
route,LAS->MDW,42,42,0,0.0
route,LAS->MEM,2,2,0,0.0
route,LAS->MFE,4,4,0,0.0
route,LAS->MIA,10,10,0,0.0
route,LAS->MKE,8,8,0,0.0
route,LAS->MLI,2,2,0,0.0
route,LAS->MOT,1,1,0,0.0
route,LAS->MRY,1,1,0,0.0
route,LAS->MSO,1,1,0,0.0
route,LAS->MSP,23,23,0,0.0
route,LAS->MSY,8,8,0,0.0
route,LAS->OAK,46,46,0,0.0
route,LAS->OKC,9,9,0,0.0
route,LAS->OMA,6,6,0,0.0
route,LAS->ONT,15,15,0,0.0
route,LAS->ORD,42,42,0,0.0
route,LAS->ORF,1,1,0,0.0
route,LAS->PAE,3,3,0,0.0
route,LAS->PDX,39,39,0,0.0
route,LAS->PHL,11,11,0,0.0
route,LAS->PHX,80,80,0,0.0
route,LAS->PIA,2,2,0,0.0
route,LAS->PIT,13,13,0,0.0
route,LAS->PSC,1,1,0,0.0
route,LAS->RDU,8,8,0,0.0
route,LAS->RFD,3,3,0,0.0
route,LAS->RNO,27,27,0,0.0
route,LAS->SAN,59,59,0,0.0
route,LAS->SAT,16,16,0,0.0
route,LAS->SBN,1,1,0,0.0
route,LAS->SCK,5,5,0,0.0
route,LAS->SEA,62,62,0,0.0
route,LAS->SFO,70,70,0,0.0
route,LAS->SGF,1,1,0,0.0
route,LAS->SHV,1,1,0,0.0
route,LAS->SJC,49,49,0,0.0
route,LAS->SLC,39,39,0,0.0
route,LAS->SMF,36,36,0,0.0
route,LAS->SMX,2,2,0,0.0
route,LAS->SNA,29,29,0,0.0
route,LAS->STL,20,20,0,0.0
route,LAS->TPA,8,8,0,0.0
route,LAS->TUL,5,5,0,0.0
route,LAS->TUS,9,9,0,0.0
route,LAS->XNA,1,1,0,0.0
route,LAW->DFW,15,15,0,0.0
route,LAX->ABQ,29,29,0,0.0
route,LAX->ACV,7,7,0,0.0
route,LAX->ANC,1,1,0,0.0
route,LAX->ASE,3,3,0,0.0
route,LAX->ATL,71,71,0,0.0
route,LAX->AUS,36,36,0,0.0
route,LAX->BDL,6,6,0,0.0
route,LAX->BLI,1,1,0,0.0
route,LAX->BNA,27,27,0,0.0
route,LAX->BOI,16,16,0,0.0
route,LAX->BOS,54,54,0,0.0
route,LAX->BWI,16,16,0,0.0
route,LAX->CLE,11,11,0,0.0
route,LAX->CLT,21,21,0,0.0
route,LAX->CMH,7,7,0,0.0
route,LAX->COS,6,6,0,0.0
route,LAX->CVG,11,11,0,0.0
route,LAX->DAL,24,24,0,0.0
route,LAX->DCA,16,16,0,0.0
route,LAX->DEN,78,78,0,0.0
route,LAX->DFW,78,78,0,0.0
route,LAX->DTW,26,26,0,0.0
route,LAX->ELP,19,19,0,0.0
route,LAX->EUG,8,8,0,0.0
route,LAX->EWR,43,43,0,0.0
route,LAX->FAT,27,27,0,0.0
route,LAX->FLL,20,20,0,0.0
route,LAX->GEG,3,3,0,0.0
route,LAX->HNL,57,57,0,0.0
route,LAX->HOU,16,16,0,0.0
route,LAX->IAD,25,25,0,0.0
route,LAX->IAH,52,52,0,0.0
route,LAX->IND,8,8,0,0.0
route,LAX->ITO,4,4,0,0.0
route,LAX->JFK,118,118,0,0.0
route,LAX->KOA,15,15,0,0.0
route,LAX->LAS,107,107,0,0.0
route,LAX->LIH,14,14,0,0.0
route,LAX->MCI,13,13,0,0.0
route,LAX->MCO,26,26,0,0.0
route,LAX->MDW,19,19,0,0.0
route,LAX->MEM,2,2,0,0.0
route,LAX->MFR,9,9,0,0.0
route,LAX->MIA,24,24,0,0.0
route,LAX->MKE,4,4,0,0.0
route,LAX->MMH,6,6,0,0.0
route,LAX->MRY,17,17,0,0.0
route,LAX->MSN,3,3,0,0.0
route,LAX->MSP,26,26,0,0.0
route,LAX->MSY,22,22,0,0.0
route,LAX->OAK,56,56,0,0.0
route,LAX->OGG,32,32,0,0.0
route,LAX->OKC,15,15,0,0.0
route,LAX->OMA,10,10,0,0.0
route,LAX->ORD,79,79,0,0.0
route,LAX->PAE,5,5,0,0.0
route,LAX->PDX,63,63,0,0.0
route,LAX->PHL,30,30,0,0.0
route,LAX->PHX,78,78,0,0.0
route,LAX->PIT,8,8,0,0.0
route,LAX->PRC,5,5,0,0.0
route,LAX->PSC,3,3,0,0.0
route,LAX->PSP,2,2,0,0.0
route,LAX->PVU,1,1,0,0.0
route,LAX->RDD,2,2,0,0.0
route,LAX->RDM,5,5,0,0.0
route,LAX->RDU,3,3,0,0.0
route,LAX->RNO,31,31,0,0.0
route,LAX->SAN,58,58,0,0.0
route,LAX->SAT,17,17,0,0.0
route,LAX->SBA,9,9,0,0.0
route,LAX->SBP,18,18,0,0.0
route,LAX->SCK,4,4,0,0.0
route,LAX->SDF,2,2,0,0.0
route,LAX->SEA,112,112,0,0.0
route,LAX->SFO,150,150,0,0.0
route,LAX->SGF,1,1,0,0.0
route,LAX->SGU,5,5,0,0.0
route,LAX->SJC,69,69,0,0.0
route,LAX->SLC,47,47,0,0.0
route,LAX->SMF,75,75,0,0.0
route,LAX->STL,13,13,0,0.0
route,LAX->STS,9,9,0,0.0
route,LAX->SUN,1,1,0,0.0
route,LAX->TPA,3,3,0,0.0
route,LAX->TUS,26,26,0,0.0
route,LAX->XNA,3,3,0,0.0
route,LBB->AUS,3,3,0,0.0
route,LBB->DAL,9,9,0,0.0
route,LBB->DEN,9,9,0,0.0
route,LBB->DFW,24,24,0,0.0
route,LBB->IAH,10,10,0,0.0
route,LBB->LAS,3,3,0,0.0
route,LBB->PHX,2,2,0,0.0
route,LBE->FLL,3,3,0,0.0
route,LBE->MCO,2,2,0,0.0
route,LBF->DEN,6,6,0,0.0
route,LBL->PUB,5,5,0,0.0
route,LCH->DFW,11,11,0,0.0
route,LCH->IAH,12,12,0,0.0
route,LCK->FLL,1,1,0,0.0
route,LCK->PGD,1,1,0,0.0
route,LCK->PIE,1,1,0,0.0
route,LCK->SFB,2,2,0,0.0
route,LCK->SRQ,2,2,0,0.0
route,LCK->VPS,1,1,0,0.0
route,LEX->ATL,32,32,0,0.0
route,LEX->CLT,16,16,0,0.0
route,LEX->DCA,3,3,0,0.0
route,LEX->DFW,11,11,0,0.0
route,LEX->DTW,10,10,0,0.0
route,LEX->EWR,2,2,0,0.0
route,LEX->FLL,1,1,0,0.0
route,LEX->IAD,3,3,0,0.0
route,LEX->IAH,1,1,0,0.0
route,LEX->MSP,1,1,0,0.0
route,LEX->ORD,25,25,0,0.0
route,LEX->PGD,2,2,0,0.0
route,LEX->PHL,14,14,0,0.0
route,LEX->PIE,4,4,0,0.0
route,LEX->SFB,3,3,0,0.0
route,LFT->ATL,9,9,0,0.0
route,LFT->DFW,5,5,0,0.0
route,LFT->IAH,18,18,0,0.0
route,LGA->ATL,95,95,0,0.0
route,LGA->BGR,12,12,0,0.0
route,LGA->BHM,5,5,0,0.0
route,LGA->BNA,51,51,0,0.0
route,LGA->BOS,100,100,0,0.0
route,LGA->BTV,4,4,0,0.0
route,LGA->BUF,17,17,0,0.0
route,LGA->CAE,5,5,0,0.0
route,LGA->CAK,1,1,0,0.0
route,LGA->CHA,2,2,0,0.0
route,LGA->CHO,13,13,0,0.0
route,LGA->CHS,8,8,0,0.0
route,LGA->CLE,38,38,0,0.0
route,LGA->CLT,57,57,0,0.0
route,LGA->CMH,54,54,0,0.0
route,LGA->CVG,28,28,0,0.0
route,LGA->DAL,33,33,0,0.0
route,LGA->DAY,4,4,0,0.0
route,LGA->DCA,63,63,0,0.0
route,LGA->DEN,31,31,0,0.0
route,LGA->DFW,44,44,0,0.0
route,LGA->DSM,4,4,0,0.0
route,LGA->DTW,43,43,0,0.0
route,LGA->FLL,47,47,0,0.0
route,LGA->GRR,9,9,0,0.0
route,LGA->GSO,18,18,0,0.0
route,LGA->GSP,6,6,0,0.0
route,LGA->HOU,10,10,0,0.0
route,LGA->IAD,15,15,0,0.0
route,LGA->IAH,43,43,0,0.0
route,LGA->ILM,7,7,0,0.0
route,LGA->IND,24,24,0,0.0
route,LGA->JAX,9,9,0,0.0
route,LGA->LEX,4,4,0,0.0
route,LGA->MCI,13,13,0,0.0
route,LGA->MCO,32,32,0,0.0
route,LGA->MDW,15,15,0,0.0
route,LGA->MEM,15,15,0,0.0
route,LGA->MHT,3,3,0,0.0
route,LGA->MIA,55,55,0,0.0
route,LGA->MKE,28,28,0,0.0
route,LGA->MSN,10,10,0,0.0
route,LGA->MSP,34,34,0,0.0
route,LGA->MSY,9,9,0,0.0
route,LGA->MYR,14,14,0,0.0
route,LGA->OMA,7,7,0,0.0
route,LGA->ORD,119,119,0,0.0
route,LGA->ORF,21,21,0,0.0
route,LGA->PBI,25,25,0,0.0
route,LGA->PHL,12,12,0,0.0
route,LGA->PIT,33,33,0,0.0
route,LGA->PWM,15,15,0,0.0
route,LGA->RDU,44,44,0,0.0
route,LGA->RIC,22,22,0,0.0
route,LGA->ROA,1,1,0,0.0
route,LGA->ROC,14,14,0,0.0
route,LGA->RSW,10,10,0,0.0
route,LGA->SAV,9,9,0,0.0
route,LGA->SDF,13,13,0,0.0
route,LGA->SRQ,2,2,0,0.0
route,LGA->STL,48,48,0,0.0
route,LGA->SYR,15,15,0,0.0
route,LGA->TPA,18,18,0,0.0
route,LGA->TYS,9,9,0,0.0
route,LGA->XNA,9,9,0,0.0
route,LGB->AUS,1,1,0,0.0
route,LGB->BOS,4,4,0,0.0
route,LGB->DEN,1,1,0,0.0
route,LGB->HNL,3,3,0,0.0
route,LGB->JFK,4,4,0,0.0
route,LGB->LAS,13,13,0,0.0
route,LGB->OAK,17,17,0,0.0
route,LGB->PDX,3,3,0,0.0
route,LGB->PHX,9,9,0,0.0
route,LGB->RNO,2,2,0,0.0
route,LGB->SEA,5,5,0,0.0
route,LGB->SFO,12,12,0,0.0
route,LGB->SJC,10,10,0,0.0
route,LGB->SLC,22,22,0,0.0
route,LGB->SMF,13,13,0,0.0
route,LIH->DEN,9,9,0,0.0
route,LIH->HNL,52,52,0,0.0
route,LIH->KOA,3,3,0,0.0
route,LIH->LAX,12,12,0,0.0
route,LIH->OAK,8,8,0,0.0
route,LIH->OGG,11,11,0,0.0
route,LIH->PHX,2,2,0,0.0
route,LIH->SEA,10,10,0,0.0
route,LIH->SFO,13,13,0,0.0
route,LIH->SJC,1,1,0,0.0
route,LIT->ATL,15,15,0,0.0
route,LIT->CLT,13,13,0,0.0
route,LIT->DAL,5,5,0,0.0
route,LIT->DCA,2,2,0,0.0
route,LIT->DEN,15,15,0,0.0
route,LIT->DFW,41,41,0,0.0
route,LIT->DTW,2,2,0,0.0
route,LIT->IAH,16,16,0,0.0
route,LIT->LAS,1,1,0,0.0
route,LIT->ORD,18,18,0,0.0
route,LIT->PHX,2,2,0,0.0
route,LIT->SFB,2,2,0,0.0
route,LIT->STL,9,9,0,0.0
route,LNK->ATL,3,3,0,0.0
route,LNK->DEN,9,9,0,0.0
route,LNK->MSP,4,4,0,0.0
route,LNK->ORD,17,17,0,0.0
route,LNY->HNL,15,15,0,0.0
route,LRD->DFW,10,10,0,0.0
route,LRD->IAH,3,3,0,0.0
route,LSE->DTW,1,1,0,0.0
route,LSE->MSP,13,13,0,0.0
route,LSE->ORD,6,6,0,0.0
route,LWB->IAD,3,3,0,0.0
route,LWB->ORD,4,4,0,0.0
route,LWS->SLC,6,6,0,0.0
route,LYH->CLT,24,24,0,0.0
route,MAF->DAL,11,11,0,0.0
route,MAF->DEN,10,10,0,0.0
route,MAF->DFW,21,21,0,0.0
route,MAF->HOU,8,8,0,0.0
route,MAF->IAH,25,25,0,0.0
route,MAF->LAS,6,6,0,0.0
route,MAF->PHX,4,4,0,0.0
route,MBS->DTW,14,14,0,0.0
route,MBS->MSP,1,1,0,0.0
route,MBS->ORD,10,10,0,0.0
route,MCI->ABQ,2,2,0,0.0
route,MCI->ATL,37,37,0,0.0
route,MCI->AUS,5,5,0,0.0
route,MCI->BNA,11,11,0,0.0
route,MCI->BOS,10,10,0,0.0
route,MCI->BWI,12,12,0,0.0
route,MCI->CLT,18,18,0,0.0
route,MCI->CVG,3,3,0,0.0
route,MCI->DAL,18,18,0,0.0
route,MCI->DCA,16,16,0,0.0
route,MCI->DEN,33,33,0,0.0
route,MCI->DFW,22,22,0,0.0
route,MCI->DTW,12,12,0,0.0
route,MCI->EWR,14,14,0,0.0
route,MCI->FLL,6,6,0,0.0
route,MCI->HOU,11,11,0,0.0
route,MCI->IAD,4,4,0,0.0
route,MCI->IAH,25,25,0,0.0
route,MCI->IND,5,5,0,0.0
route,MCI->LAS,17,17,0,0.0
route,MCI->LAX,21,21,0,0.0
route,MCI->LGA,21,21,0,0.0
route,MCI->MCO,12,12,0,0.0
route,MCI->MDW,27,27,0,0.0
route,MCI->MIA,5,5,0,0.0
route,MCI->MKE,8,8,0,0.0
route,MCI->MSP,16,16,0,0.0
route,MCI->MSY,1,1,0,0.0
route,MCI->OAK,2,2,0,0.0
route,MCI->ORD,45,45,0,0.0
route,MCI->PDX,7,7,0,0.0
route,MCI->PGD,1,1,0,0.0
route,MCI->PHL,17,17,0,0.0
route,MCI->PHX,17,17,0,0.0
route,MCI->PIE,1,1,0,0.0
route,MCI->RDU,3,3,0,0.0
route,MCI->SAN,7,7,0,0.0
route,MCI->SAT,3,3,0,0.0
route,MCI->SEA,10,10,0,0.0
route,MCI->SFB,1,1,0,0.0
route,MCI->SFO,11,11,0,0.0
route,MCI->SLC,10,10,0,0.0
route,MCI->STL,11,11,0,0.0
route,MCI->TPA,4,4,0,0.0
route,MCI->VPS,2,2,0,0.0
route,MCO->ACY,6,6,0,0.0
route,MCO->ALB,10,10,0,0.0
route,MCO->ATL,77,77,0,0.0
route,MCO->AUS,9,9,0,0.0
route,MCO->BDL,14,14,0,0.0
route,MCO->BHM,4,4,0,0.0
route,MCO->BMI,1,1,0,0.0
route,MCO->BNA,16,16,0,0.0
route,MCO->BOS,39,39,0,0.0
route,MCO->BQN,6,6,0,0.0
route,MCO->BUF,12,12,0,0.0
route,MCO->BWI,40,40,0,0.0
route,MCO->CAK,2,2,0,0.0
route,MCO->CLE,11,11,0,0.0
route,MCO->CLT,35,35,0,0.0
route,MCO->CMH,11,11,0,0.0
route,MCO->COS,1,1,0,0.0
route,MCO->CVG,10,10,0,0.0
route,MCO->DAL,8,8,0,0.0
route,MCO->DCA,41,41,0,0.0
route,MCO->DEN,33,33,0,0.0
route,MCO->DFW,35,35,0,0.0
route,MCO->DSM,1,1,0,0.0
route,MCO->DTW,32,32,0,0.0
route,MCO->EWR,52,52,0,0.0
route,MCO->FLL,28,28,0,0.0
route,MCO->GSO,2,2,0,0.0
route,MCO->HOU,16,16,0,0.0
route,MCO->HPN,12,12,0,0.0
route,MCO->HSV,3,3,0,0.0
route,MCO->IAD,20,20,0,0.0
route,MCO->IAH,34,34,0,0.0
route,MCO->IND,17,17,0,0.0
route,MCO->ISP,10,10,0,0.0
route,MCO->JAN,1,1,0,0.0
route,MCO->JFK,50,50,0,0.0
route,MCO->LAS,13,13,0,0.0
route,MCO->LAX,19,19,0,0.0
route,MCO->LBE,2,2,0,0.0
route,MCO->LGA,35,35,0,0.0
route,MCO->MCI,13,13,0,0.0
route,MCO->MDT,4,4,0,0.0
route,MCO->MDW,22,22,0,0.0
route,MCO->MEM,3,3,0,0.0
route,MCO->MHT,4,4,0,0.0
route,MCO->MIA,15,15,0,0.0
route,MCO->MKE,12,12,0,0.0
route,MCO->MSN,1,1,0,0.0
route,MCO->MSP,15,15,0,0.0
route,MCO->MSY,12,12,0,0.0
route,MCO->OAK,5,5,0,0.0
route,MCO->OMA,3,3,0,0.0
route,MCO->ONT,3,3,0,0.0
route,MCO->ORD,45,45,0,0.0
route,MCO->ORF,8,8,0,0.0
route,MCO->ORH,6,6,0,0.0
route,MCO->PDX,2,2,0,0.0
route,MCO->PHL,40,40,0,0.0
route,MCO->PHX,17,17,0,0.0
route,MCO->PIT,16,16,0,0.0
route,MCO->PSE,2,2,0,0.0
route,MCO->PVD,13,13,0,0.0
route,MCO->PWM,5,5,0,0.0
route,MCO->RDU,18,18,0,0.0
route,MCO->RIC,10,10,0,0.0
route,MCO->ROC,5,5,0,0.0
route,MCO->SAN,4,4,0,0.0
route,MCO->SAT,7,7,0,0.0
route,MCO->SDF,5,5,0,0.0
route,MCO->SEA,8,8,0,0.0
route,MCO->SFO,23,23,0,0.0
route,MCO->SJC,3,3,0,0.0
route,MCO->SJU,45,45,0,0.0
route,MCO->SLC,8,8,0,0.0
route,MCO->STL,11,11,0,0.0
route,MCO->STT,1,1,0,0.0
route,MCO->SWF,3,3,0,0.0
route,MCO->SYR,4,4,0,0.0
route,MCO->TTN,4,4,0,0.0
route,MDT->ATL,5,5,0,0.0
route,MDT->BOS,2,2,0,0.0
route,MDT->CLT,17,17,0,0.0
route,MDT->DEN,1,1,0,0.0
route,MDT->DTW,10,10,0,0.0
route,MDT->IAD,12,12,0,0.0
route,MDT->MCO,2,2,0,0.0
route,MDT->ORD,28,28,0,0.0
route,MDT->PGD,1,1,0,0.0
route,MDT->PHL,14,14,0,0.0
route,MDT->SFB,2,2,0,0.0
route,MDW->ABQ,5,5,0,0.0
route,MDW->ALB,3,3,0,0.0
route,MDW->ATL,38,38,0,0.0
route,MDW->AUS,24,24,0,0.0
route,MDW->BDL,11,11,0,0.0
route,MDW->BHM,4,4,0,0.0
route,MDW->BNA,26,26,0,0.0
route,MDW->BOS,13,13,0,0.0
route,MDW->BUF,12,12,0,0.0
route,MDW->BUR,1,1,0,0.0
route,MDW->BWI,27,27,0,0.0
route,MDW->CHS,7,7,0,0.0
route,MDW->CLE,14,14,0,0.0
route,MDW->CLT,9,9,0,0.0
route,MDW->CMH,21,21,0,0.0
route,MDW->CVG,8,8,0,0.0
route,MDW->DAL,15,15,0,0.0
route,MDW->DCA,17,17,0,0.0
route,MDW->DEN,27,27,0,0.0
route,MDW->DTW,23,23,0,0.0
route,MDW->EWR,12,12,0,0.0
route,MDW->FLL,13,13,0,0.0
route,MDW->GRR,10,10,0,0.0
route,MDW->HOU,23,23,0,0.0
route,MDW->IND,1,1,0,0.0
route,MDW->JAX,4,4,0,0.0
route,MDW->LAS,28,28,0,0.0
route,MDW->LAX,16,16,0,0.0
route,MDW->LGA,24,24,0,0.0
route,MDW->MCI,41,41,0,0.0
route,MDW->MCO,20,20,0,0.0
route,MDW->MEM,6,6,0,0.0
route,MDW->MHT,11,11,0,0.0
route,MDW->MSP,29,29,0,0.0
route,MDW->MSY,16,16,0,0.0
route,MDW->OAK,11,11,0,0.0
route,MDW->OKC,2,2,0,0.0
route,MDW->OMA,13,13,0,0.0
route,MDW->ONT,3,3,0,0.0
route,MDW->ORF,4,4,0,0.0
route,MDW->PDX,2,2,0,0.0
route,MDW->PHL,22,22,0,0.0
route,MDW->PHX,16,16,0,0.0
route,MDW->PIT,12,12,0,0.0
route,MDW->PNS,1,1,0,0.0
route,MDW->PVD,11,11,0,0.0
route,MDW->PWM,1,1,0,0.0
route,MDW->RDU,15,15,0,0.0
route,MDW->RNO,1,1,0,0.0
route,MDW->RSW,6,6,0,0.0
route,MDW->SAN,11,11,0,0.0
route,MDW->SAT,12,12,0,0.0
route,MDW->SDF,14,14,0,0.0
route,MDW->SEA,2,2,0,0.0
route,MDW->SFO,3,3,0,0.0
route,MDW->SJC,5,5,0,0.0
route,MDW->SJU,3,3,0,0.0
route,MDW->SLC,4,4,0,0.0
route,MDW->SMF,10,10,0,0.0
route,MDW->STL,30,30,0,0.0
route,MDW->TPA,10,10,0,0.0
route,MDW->TUS,5,5,0,0.0
route,MEI->DFW,4,4,0,0.0
route,MEI->ORD,6,6,0,0.0
route,MEI->PIB,2,2,0,0.0
route,MEM->ATL,27,27,0,0.0
route,MEM->BWI,5,5,0,0.0
route,MEM->CLT,26,26,0,0.0
route,MEM->DAL,5,5,0,0.0
route,MEM->DCA,6,6,0,0.0
route,MEM->DEN,10,10,0,0.0
route,MEM->DFW,22,22,0,0.0
route,MEM->DTW,5,5,0,0.0
route,MEM->EWR,8,8,0,0.0
route,MEM->HOU,2,2,0,0.0
route,MEM->IAH,12,12,0,0.0
route,MEM->LAS,7,7,0,0.0
route,MEM->LAX,3,3,0,0.0
route,MEM->LGA,7,7,0,0.0
route,MEM->MCO,6,6,0,0.0
route,MEM->MDW,8,8,0,0.0
route,MEM->MIA,8,8,0,0.0
route,MEM->MSP,7,7,0,0.0
route,MEM->ORD,25,25,0,0.0
route,MEM->PHL,5,5,0,0.0
route,MEM->PHX,6,6,0,0.0
route,MEM->PIE,1,1,0,0.0
route,MEM->SAT,2,2,0,0.0
route,MEM->SFB,2,2,0,0.0
route,MEM->TPA,4,4,0,0.0
route,MFE->DFW,21,21,0,0.0
route,MFE->IAH,20,20,0,0.0
route,MFE->LAS,3,3,0,0.0
route,MFR->DEN,13,13,0,0.0
route,MFR->LAX,7,7,0,0.0
route,MFR->PDX,9,9,0,0.0
route,MFR->PHX,6,6,0,0.0
route,MFR->SEA,14,14,0,0.0
route,MFR->SFO,16,16,0,0.0
route,MFR->SLC,4,4,0,0.0
route,MGM->ATL,20,20,0,0.0
route,MGM->CLT,10,10,0,0.0
route,MGM->DCA,4,4,0,0.0
route,MGM->DFW,9,9,0,0.0
route,MHK->DFW,7,7,0,0.0
route,MHK->ORD,14,14,0,0.0
route,MHT->ATL,5,5,0,0.0
route,MHT->BWI,15,15,0,0.0
route,MHT->CLT,6,6,0,0.0
route,MHT->DCA,9,9,0,0.0
route,MHT->DTW,14,14,0,0.0
route,MHT->EWR,6,6,0,0.0
route,MHT->IAD,2,2,0,0.0
route,MHT->LGA,3,3,0,0.0
route,MHT->MCO,9,9,0,0.0
route,MHT->MDW,4,4,0,0.0
route,MHT->ORD,2,2,0,0.0
route,MHT->PHL,18,18,0,0.0
route,MHT->TPA,1,1,0,0.0
route,MIA->ATL,66,66,0,0.0
route,MIA->AUS,13,13,0,0.0
route,MIA->BDL,3,3,0,0.0
route,MIA->BHM,3,3,0,0.0
route,MIA->BNA,11,11,0,0.0
route,MIA->BOS,13,13,0,0.0
route,MIA->BWI,5,5,0,0.0
route,MIA->CHS,4,4,0,0.0
route,MIA->CLE,8,8,0,0.0
route,MIA->CLT,25,25,0,0.0
route,MIA->CMH,12,12,0,0.0
route,MIA->CVG,15,15,0,0.0
route,MIA->DCA,38,38,0,0.0
route,MIA->DEN,7,7,0,0.0
route,MIA->DFW,28,28,0,0.0
route,MIA->DTW,17,17,0,0.0
route,MIA->EWR,37,37,0,0.0
route,MIA->EYW,6,6,0,0.0
route,MIA->GNV,2,2,0,0.0
route,MIA->GSO,4,4,0,0.0
route,MIA->GSP,4,4,0,0.0
route,MIA->IAD,5,5,0,0.0
route,MIA->IAH,26,26,0,0.0
route,MIA->IND,6,6,0,0.0
route,MIA->JAX,13,13,0,0.0
route,MIA->JFK,39,39,0,0.0
route,MIA->LAS,10,10,0,0.0
route,MIA->LAX,22,22,0,0.0
route,MIA->LGA,56,56,0,0.0
route,MIA->MCI,1,1,0,0.0
route,MIA->MCO,22,22,0,0.0
route,MIA->MEM,6,6,0,0.0
route,MIA->MSP,12,12,0,0.0
route,MIA->MSY,16,16,0,0.0
route,MIA->ORD,42,42,0,0.0
route,MIA->ORF,10,10,0,0.0
route,MIA->PHL,14,14,0,0.0
route,MIA->PHX,11,11,0,0.0
route,MIA->PIT,6,6,0,0.0
route,MIA->PNS,8,8,0,0.0
route,MIA->RDU,15,15,0,0.0
route,MIA->RIC,5,5,0,0.0
route,MIA->SAN,3,3,0,0.0
route,MIA->SAT,4,4,0,0.0
route,MIA->SAV,3,3,0,0.0
route,MIA->SDF,6,6,0,0.0
route,MIA->SEA,1,1,0,0.0
route,MIA->SFO,16,16,0,0.0
route,MIA->SJU,21,21,0,0.0
route,MIA->STL,10,10,0,0.0
route,MIA->STT,4,4,0,0.0
route,MIA->STX,3,3,0,0.0
route,MIA->TLH,12,12,0,0.0
route,MIA->TPA,16,16,0,0.0
route,MIA->TYS,2,2,0,0.0
route,MKE->ATL,31,31,0,0.0
route,MKE->AUS,1,1,0,0.0
route,MKE->BNA,5,5,0,0.0
route,MKE->BOS,3,3,0,0.0
route,MKE->BWI,6,6,0,0.0
route,MKE->CLE,4,4,0,0.0
route,MKE->CLT,16,16,0,0.0
route,MKE->CVG,3,3,0,0.0
route,MKE->DCA,9,9,0,0.0
route,MKE->DEN,21,21,0,0.0
route,MKE->DFW,17,17,0,0.0
route,MKE->DTW,18,18,0,0.0
route,MKE->EWR,9,9,0,0.0
route,MKE->HOU,4,4,0,0.0
route,MKE->IAH,5,5,0,0.0
route,MKE->LAS,11,11,0,0.0
route,MKE->LAX,2,2,0,0.0
route,MKE->LGA,23,23,0,0.0
route,MKE->MCI,8,8,0,0.0
route,MKE->MCO,11,11,0,0.0
route,MKE->MSP,21,21,0,0.0
route,MKE->ORD,36,36,0,0.0
route,MKE->PHL,14,14,0,0.0
route,MKE->PHX,9,9,0,0.0
route,MKE->SAN,1,1,0,0.0
route,MKE->SEA,2,2,0,0.0
route,MKE->SLC,2,2,0,0.0
route,MKE->STL,2,2,0,0.0
route,MKE->TPA,4,4,0,0.0
route,MKG->ORD,5,5,0,0.0
route,MKK->HNL,13,13,0,0.0
route,MLB->ATL,19,19,0,0.0
route,MLB->CLT,16,16,0,0.0
route,MLI->ATL,8,8,0,0.0
route,MLI->AZA,2,2,0,0.0
route,MLI->DEN,7,7,0,0.0
route,MLI->DFW,6,6,0,0.0
route,MLI->DTW,7,7,0,0.0
route,MLI->LAS,1,1,0,0.0
route,MLI->MSP,4,4,0,0.0
route,MLI->ORD,27,27,0,0.0
route,MLI->SFB,1,1,0,0.0
route,MLU->ATL,8,8,0,0.0
route,MLU->DFW,7,7,0,0.0
route,MLU->IAH,8,8,0,0.0
route,MMH->LAX,2,2,0,0.0
route,MOB->ATL,15,15,0,0.0
route,MOB->CLT,18,18,0,0.0
route,MOB->DFW,11,11,0,0.0
route,MOB->IAH,7,7,0,0.0
route,MOT->DEN,7,7,0,0.0
route,MOT->LAS,1,1,0,0.0
route,MOT->MSP,14,14,0,0.0
route,MQT->DTW,12,12,0,0.0
route,MQT->MSP,2,2,0,0.0
route,MQT->ORD,3,3,0,0.0
route,MRY->DEN,10,10,0,0.0
route,MRY->DFW,2,2,0,0.0
route,MRY->LAS,1,1,0,0.0
route,MRY->LAX,15,15,0,0.0
route,MRY->PHX,14,14,0,0.0
route,MRY->SAN,1,1,0,0.0
route,MRY->SFO,8,8,0,0.0
route,MSN->ATL,12,12,0,0.0
route,MSN->CLT,10,10,0,0.0
route,MSN->DCA,6,6,0,0.0
route,MSN->DEN,14,14,0,0.0
route,MSN->DFW,12,12,0,0.0
route,MSN->DTW,9,9,0,0.0
route,MSN->EWR,9,9,0,0.0
route,MSN->LAS,3,3,0,0.0
route,MSN->LAX,2,2,0,0.0
route,MSN->LGA,9,9,0,0.0
route,MSN->MSP,22,22,0,0.0
route,MSN->ORD,43,43,0,0.0
route,MSN->PHL,7,7,0,0.0
route,MSN->SFO,6,6,0,0.0
route,MSN->SLC,3,3,0,0.0
route,MSO->AZA,1,1,0,0.0
route,MSO->DEN,15,15,0,0.0
route,MSO->DFW,3,3,0,0.0
route,MSO->LAS,3,3,0,0.0
route,MSO->MSP,6,6,0,0.0
route,MSO->PDX,2,2,0,0.0
route,MSO->SEA,14,14,0,0.0
route,MSO->SLC,10,10,0,0.0
route,MSP->ABQ,1,1,0,0.0
route,MSP->ABR,10,10,0,0.0
route,MSP->ALB,3,3,0,0.0
route,MSP->ANC,3,3,0,0.0
route,MSP->ATL,49,49,0,0.0
route,MSP->ATW,8,8,0,0.0
route,MSP->AUS,6,6,0,0.0
route,MSP->AZO,4,4,0,0.0
route,MSP->BDL,13,13,0,0.0
route,MSP->BIL,6,6,0,0.0
route,MSP->BIS,22,22,0,0.0
route,MSP->BJI,7,7,0,0.0
route,MSP->BMI,2,2,0,0.0
route,MSP->BNA,20,20,0,0.0
route,MSP->BOI,7,7,0,0.0
route,MSP->BOS,30,30,0,0.0
route,MSP->BRD,6,6,0,0.0
route,MSP->BUF,4,4,0,0.0
route,MSP->BWI,13,13,0,0.0
route,MSP->BZN,5,5,0,0.0
route,MSP->CHS,2,2,0,0.0
route,MSP->CID,9,9,0,0.0
route,MSP->CIU,2,2,0,0.0
route,MSP->CLE,12,12,0,0.0
route,MSP->CLT,24,24,0,0.0
route,MSP->CMH,12,12,0,0.0
route,MSP->CVG,14,14,0,0.0
route,MSP->CWA,12,12,0,0.0
route,MSP->DAY,5,5,0,0.0
route,MSP->DCA,31,31,0,0.0
route,MSP->DEN,56,56,0,0.0
route,MSP->DFW,44,44,0,0.0
route,MSP->DLH,17,17,0,0.0
route,MSP->DSM,13,13,0,0.0
route,MSP->DTW,22,22,0,0.0
route,MSP->EWR,43,43,0,0.0
route,MSP->FAR,25,25,0,0.0
route,MSP->FCA,4,4,0,0.0
route,MSP->FLL,4,4,0,0.0
route,MSP->FNT,2,2,0,0.0
route,MSP->FSD,21,21,0,0.0
route,MSP->FWA,4,4,0,0.0
route,MSP->GEG,6,6,0,0.0
route,MSP->GFK,18,18,0,0.0
route,MSP->GRB,19,19,0,0.0
route,MSP->GRR,17,17,0,0.0
route,MSP->GTF,3,3,0,0.0
route,MSP->HIB,8,8,0,0.0
route,MSP->HLN,4,4,0,0.0
route,MSP->IAD,10,10,0,0.0
route,MSP->IAH,42,42,0,0.0
route,MSP->ICT,11,11,0,0.0
route,MSP->IMT,1,1,0,0.0
route,MSP->IND,10,10,0,0.0
route,MSP->INL,5,5,0,0.0
route,MSP->ISN,4,4,0,0.0
route,MSP->JAX,3,3,0,0.0
route,MSP->JFK,13,13,0,0.0
route,MSP->LAN,7,7,0,0.0
route,MSP->LAS,30,30,0,0.0
route,MSP->LAX,32,32,0,0.0
route,MSP->LEX,1,1,0,0.0
route,MSP->LGA,26,26,0,0.0
route,MSP->LNK,10,10,0,0.0
route,MSP->LSE,9,9,0,0.0
route,MSP->MBS,2,2,0,0.0
route,MSP->MCI,23,23,0,0.0
route,MSP->MCO,10,10,0,0.0
route,MSP->MDW,41,41,0,0.0
route,MSP->MEM,9,9,0,0.0
route,MSP->MIA,14,14,0,0.0
route,MSP->MKE,8,8,0,0.0
route,MSP->MLI,3,3,0,0.0
route,MSP->MOT,20,20,0,0.0
route,MSP->MQT,7,7,0,0.0
route,MSP->MSN,10,10,0,0.0
route,MSP->MSO,4,4,0,0.0
route,MSP->MSY,6,6,0,0.0
route,MSP->MYR,1,1,0,0.0
route,MSP->OAK,1,1,0,0.0
route,MSP->OKC,11,11,0,0.0
route,MSP->OMA,15,15,0,0.0
route,MSP->ORD,78,78,0,0.0
route,MSP->ORF,1,1,0,0.0
route,MSP->PDX,9,9,0,0.0
route,MSP->PHL,14,14,0,0.0
route,MSP->PHX,36,36,0,0.0
route,MSP->PIA,4,4,0,0.0
route,MSP->PIT,13,13,0,0.0
route,MSP->PSC,7,7,0,0.0
route,MSP->RAP,14,14,0,0.0
route,MSP->RDU,16,16,0,0.0
route,MSP->RHI,3,3,0,0.0
route,MSP->RIC,4,4,0,0.0
route,MSP->ROC,2,2,0,0.0
route,MSP->RST,7,7,0,0.0
route,MSP->RSW,4,4,0,0.0
route,MSP->SAN,13,13,0,0.0
route,MSP->SAT,11,11,0,0.0
route,MSP->SBN,4,4,0,0.0
route,MSP->SDF,10,10,0,0.0
route,MSP->SEA,26,26,0,0.0
route,MSP->SFO,17,17,0,0.0
route,MSP->SJC,9,9,0,0.0
route,MSP->SLC,14,14,0,0.0
route,MSP->SMF,10,10,0,0.0
route,MSP->SNA,5,5,0,0.0
route,MSP->STL,27,27,0,0.0
route,MSP->SYR,1,1,0,0.0
route,MSP->TPA,10,10,0,0.0
route,MSP->TTN,1,1,0,0.0
route,MSP->TUL,3,3,0,0.0
route,MSP->TYS,3,3,0,0.0
route,MSP->XNA,3,3,0,0.0
route,MSP->XWA,5,5,0,0.0
route,MSY->ATL,43,43,0,0.0
route,MSY->AUS,12,12,0,0.0
route,MSY->BNA,11,11,0,0.0
route,MSY->BOS,9,9,0,0.0
route,MSY->BWI,14,14,0,0.0
route,MSY->CLE,1,1,0,0.0
route,MSY->CLT,18,18,0,0.0
route,MSY->CMH,2,2,0,0.0
route,MSY->DAL,15,15,0,0.0
route,MSY->DCA,25,25,0,0.0
route,MSY->DEN,19,19,0,0.0
route,MSY->DFW,32,32,0,0.0
route,MSY->DTW,18,18,0,0.0
route,MSY->EWR,14,14,0,0.0
route,MSY->FLL,11,11,0,0.0
route,MSY->GRR,1,1,0,0.0
route,MSY->HOU,27,27,0,0.0
route,MSY->IAD,10,10,0,0.0
route,MSY->IAH,28,28,0,0.0
route,MSY->JFK,25,25,0,0.0
route,MSY->LAS,12,12,0,0.0
route,MSY->LAX,35,35,0,0.0
route,MSY->LGA,12,12,0,0.0
route,MSY->MCI,5,5,0,0.0
route,MSY->MCO,12,12,0,0.0
route,MSY->MDW,24,24,0,0.0
route,MSY->MIA,8,8,0,0.0
route,MSY->MSP,2,2,0,0.0
route,MSY->OAK,3,3,0,0.0
route,MSY->ORD,25,25,0,0.0
route,MSY->PHL,8,8,0,0.0
route,MSY->PHX,7,7,0,0.0
route,MSY->RDU,3,3,0,0.0
route,MSY->SAN,2,2,0,0.0
route,MSY->SAT,4,4,0,0.0
route,MSY->SEA,9,9,0,0.0
route,MSY->SFO,9,9,0,0.0
route,MSY->SLC,6,6,0,0.0
route,MSY->STL,2,2,0,0.0
route,MSY->TPA,11,11,0,0.0
route,MSY->USA,1,1,0,0.0
route,MTJ->DEN,8,8,0,0.0
route,MTJ->DFW,2,2,0,0.0
route,MTJ->ORD,1,1,0,0.0
route,MVY->JFK,2,2,0,0.0
route,MYR->ABE,1,1,0,0.0
route,MYR->ACY,3,3,0,0.0
route,MYR->ATL,11,11,0,0.0
route,MYR->BDL,2,2,0,0.0
route,MYR->BNA,2,2,0,0.0
route,MYR->BOS,1,1,0,0.0
route,MYR->BWI,3,3,0,0.0
route,MYR->CLT,24,24,0,0.0
route,MYR->CMH,1,1,0,0.0
route,MYR->DCA,3,3,0,0.0
route,MYR->DEN,1,1,0,0.0
route,MYR->DFW,1,1,0,0.0
route,MYR->DTW,6,6,0,0.0
route,MYR->EWR,8,8,0,0.0
route,MYR->FLL,3,3,0,0.0
route,MYR->IAG,2,2,0,0.0
route,MYR->LBE,2,2,0,0.0
route,MYR->LGA,11,11,0,0.0
route,MYR->ORD,3,3,0,0.0
route,MYR->PHL,4,4,0,0.0
route,MYR->PIT,3,3,0,0.0
route,MYR->SWF,4,4,0,0.0
route,MYR->TTN,3,3,0,0.0
route,OAJ->ATL,9,9,0,0.0
route,OAJ->CLT,23,23,0,0.0
route,OAK->ABQ,8,8,0,0.0
route,OAK->ATL,3,3,0,0.0
route,OAK->AUS,1,1,0,0.0
route,OAK->AZA,1,1,0,0.0
route,OAK->BLI,1,1,0,0.0
route,OAK->BNA,2,2,0,0.0
route,OAK->BOI,9,9,0,0.0
route,OAK->BUR,31,31,0,0.0
route,OAK->BWI,5,5,0,0.0
route,OAK->CMH,4,4,0,0.0
route,OAK->DAL,5,5,0,0.0
route,OAK->DEN,13,13,0,0.0
route,OAK->DFW,4,4,0,0.0
route,OAK->DTW,3,3,0,0.0
route,OAK->EUG,1,1,0,0.0
route,OAK->EWR,2,2,0,0.0
route,OAK->GEG,5,5,0,0.0
route,OAK->HNL,5,5,0,0.0
route,OAK->HOU,4,4,0,0.0
route,OAK->IAH,3,3,0,0.0
route,OAK->IND,2,2,0,0.0
route,OAK->JFK,3,3,0,0.0
route,OAK->KOA,1,1,0,0.0
route,OAK->LAS,36,36,0,0.0
route,OAK->LAX,57,57,0,0.0
route,OAK->LGB,14,14,0,0.0
route,OAK->LIH,6,6,0,0.0
route,OAK->MCI,4,4,0,0.0
route,OAK->MDW,11,11,0,0.0
route,OAK->MSP,3,3,0,0.0
route,OAK->MSY,4,4,0,0.0
route,OAK->OGG,11,11,0,0.0
route,OAK->ONT,27,27,0,0.0
route,OAK->ORD,2,2,0,0.0
route,OAK->PDX,36,36,0,0.0
route,OAK->PHX,28,28,0,0.0
route,OAK->RNO,4,4,0,0.0
route,OAK->SAN,28,28,0,0.0
route,OAK->SAT,3,3,0,0.0
route,OAK->SEA,31,31,0,0.0
route,OAK->SLC,23,23,0,0.0
route,OAK->SNA,22,22,0,0.0
route,OAK->STL,6,6,0,0.0
route,OGD->AZA,1,1,0,0.0
route,OGG->DEN,1,1,0,0.0
route,OGG->DFW,4,4,0,0.0
route,OGG->HNL,98,98,0,0.0
route,OGG->ITO,5,5,0,0.0
route,OGG->KOA,9,9,0,0.0
route,OGG->LAX,28,28,0,0.0
route,OGG->LIH,18,18,0,0.0
route,OGG->OAK,10,10,0,0.0
route,OGG->PDX,8,8,0,0.0
route,OGG->PHX,3,3,0,0.0
route,OGG->SAN,4,4,0,0.0
route,OGG->SEA,13,13,0,0.0
route,OGG->SFO,24,24,0,0.0
route,OGG->SJC,7,7,0,0.0
route,OGG->SMF,8,8,0,0.0
route,OGS->ORD,3,3,0,0.0
route,OGS->SFB,3,3,0,0.0
route,OKC->ATL,16,16,0,0.0
route,OKC->BWI,3,3,0,0.0
route,OKC->CLT,13,13,0,0.0
route,OKC->DAL,7,7,0,0.0
route,OKC->DCA,1,1,0,0.0
route,OKC->DEN,26,26,0,0.0
route,OKC->DFW,27,27,0,0.0
route,OKC->DTW,4,4,0,0.0
route,OKC->EWR,4,4,0,0.0
route,OKC->HOU,14,14,0,0.0
route,OKC->IAD,2,2,0,0.0
route,OKC->IAH,34,34,0,0.0
route,OKC->LAS,12,12,0,0.0
route,OKC->LAX,6,6,0,0.0
route,OKC->MDW,1,1,0,0.0
route,OKC->MSP,13,13,0,0.0
route,OKC->ORD,29,29,0,0.0
route,OKC->PHL,5,5,0,0.0
route,OKC->PHX,11,11,0,0.0
route,OKC->SEA,6,6,0,0.0
route,OKC->SFB,1,1,0,0.0
route,OKC->SFO,2,2,0,0.0
route,OKC->SLC,6,6,0,0.0
route,OKC->STL,6,6,0,0.0
route,OMA->ATL,13,13,0,0.0
route,OMA->CLT,4,4,0,0.0
route,OMA->DAL,3,3,0,0.0
route,OMA->DCA,8,8,0,0.0
route,OMA->DEN,18,18,0,0.0
route,OMA->DFW,12,12,0,0.0
route,OMA->DTW,13,13,0,0.0
route,OMA->EWR,8,8,0,0.0
route,OMA->HOU,7,7,0,0.0
route,OMA->IAH,9,9,0,0.0
route,OMA->LAS,12,12,0,0.0
route,OMA->LAX,8,8,0,0.0
route,OMA->LGA,6,6,0,0.0
route,OMA->MDW,18,18,0,0.0
route,OMA->MSP,12,12,0,0.0
route,OMA->ORD,24,24,0,0.0
route,OMA->PHL,4,4,0,0.0
route,OMA->PHX,7,7,0,0.0
route,OMA->SAN,2,2,0,0.0
route,OMA->SEA,3,3,0,0.0
route,OMA->SFB,1,1,0,0.0
route,OMA->SFO,4,4,0,0.0
route,OMA->SLC,3,3,0,0.0
route,OMA->STL,10,10,0,0.0
route,OME->ANC,4,4,0,0.0
route,ONT->ATL,2,2,0,0.0
route,ONT->DAL,4,4,0,0.0
route,ONT->DEN,17,17,0,0.0
route,ONT->DFW,15,15,0,0.0
route,ONT->IAH,2,2,0,0.0
route,ONT->JFK,2,2,0,0.0
route,ONT->LAS,12,12,0,0.0
route,ONT->MCO,1,1,0,0.0
route,ONT->MDW,3,3,0,0.0
route,ONT->OAK,23,23,0,0.0
route,ONT->PDX,12,12,0,0.0
route,ONT->PHX,35,35,0,0.0
route,ONT->SAT,4,4,0,0.0
route,ONT->SEA,12,12,0,0.0
route,ONT->SFO,25,25,0,0.0
route,ONT->SJC,12,12,0,0.0
route,ONT->SLC,7,7,0,0.0
route,ONT->SMF,16,16,0,0.0
route,ORD->ABE,12,12,0,0.0
route,ORD->ABQ,12,12,0,0.0
route,ORD->ALB,29,29,0,0.0
route,ORD->ALO,4,4,0,0.0
route,ORD->ANC,4,4,0,0.0
route,ORD->ASE,5,5,0,0.0
route,ORD->ATL,73,73,0,0.0
route,ORD->ATW,30,30,0,0.0
route,ORD->ATY,1,1,0,0.0
route,ORD->AUS,29,29,0,0.0
route,ORD->AVL,11,11,0,0.0
route,ORD->AVP,14,14,0,0.0
route,ORD->AZO,19,19,0,0.0
route,ORD->BDL,22,22,0,0.0
route,ORD->BFM,1,1,0,0.0
route,ORD->BGR,5,5,0,0.0
route,ORD->BHM,15,15,0,0.0
route,ORD->BIS,10,10,0,0.0
route,ORD->BKG,1,1,0,0.0
route,ORD->BMI,7,7,0,0.0
route,ORD->BNA,46,46,0,0.0
route,ORD->BOI,3,3,0,0.0
route,ORD->BOS,76,76,0,0.0
route,ORD->BTV,11,11,0,0.0
route,ORD->BUF,29,29,0,0.0
route,ORD->BWI,22,22,0,0.0
route,ORD->BZN,2,2,0,0.0
route,ORD->CAE,11,11,0,0.0
route,ORD->CAK,20,20,0,0.0
route,ORD->CGI,3,3,0,0.0
route,ORD->CHA,12,12,0,0.0
route,ORD->CHO,12,12,0,0.0
route,ORD->CHS,11,11,0,0.0
route,ORD->CID,32,32,0,0.0
route,ORD->CKB,6,6,0,0.0
route,ORD->CLE,44,44,0,0.0
route,ORD->CLT,56,56,0,0.0
route,ORD->CMH,58,58,0,0.0
route,ORD->CMI,13,13,0,0.0
route,ORD->CMX,6,6,0,0.0
route,ORD->COS,14,14,0,0.0
route,ORD->COU,12,12,0,0.0
route,ORD->CRW,9,9,0,0.0
route,ORD->CVG,58,58,0,0.0
route,ORD->CWA,24,24,0,0.0
route,ORD->DAY,44,44,0,0.0
route,ORD->DBQ,10,10,0,0.0
route,ORD->DCA,77,77,0,0.0
route,ORD->DEN,57,57,0,0.0
route,ORD->DFW,63,63,0,0.0
route,ORD->DLH,13,13,0,0.0
route,ORD->DRO,1,1,0,0.0
route,ORD->DSM,27,27,0,0.0
route,ORD->DTW,63,63,0,0.0
route,ORD->EAU,5,5,0,0.0
route,ORD->ELP,17,17,0,0.0
route,ORD->ERI,9,9,0,0.0
route,ORD->EUG,1,1,0,0.0
route,ORD->EVV,20,20,0,0.0
route,ORD->EWR,36,36,0,0.0
route,ORD->EYW,4,4,0,0.0
route,ORD->FAR,27,27,0,0.0
route,ORD->FAT,2,2,0,0.0
route,ORD->FCA,1,1,0,0.0
route,ORD->FLL,24,24,0,0.0
route,ORD->FNT,25,25,0,0.0
route,ORD->FSD,25,25,0,0.0
route,ORD->FWA,19,19,0,0.0
route,ORD->GEG,2,2,0,0.0
route,ORD->GRB,26,26,0,0.0
route,ORD->GRR,37,37,0,0.0
route,ORD->GSO,17,17,0,0.0
route,ORD->GSP,25,25,0,0.0
route,ORD->HNL,5,5,0,0.0
route,ORD->HPN,12,12,0,0.0
route,ORD->HSV,10,10,0,0.0
route,ORD->IAD,13,13,0,0.0
route,ORD->IAH,55,55,0,0.0
route,ORD->ICT,24,24,0,0.0
route,ORD->ILM,3,3,0,0.0
route,ORD->IND,58,58,0,0.0
route,ORD->ISP,2,2,0,0.0
route,ORD->JAN,5,5,0,0.0
route,ORD->JAX,17,17,0,0.0
route,ORD->JFK,29,29,0,0.0
route,ORD->JLN,3,3,0,0.0
route,ORD->LAN,17,17,0,0.0
route,ORD->LAS,45,45,0,0.0
route,ORD->LAX,71,71,0,0.0
route,ORD->LEX,31,31,0,0.0
route,ORD->LGA,158,158,0,0.0
route,ORD->LIT,22,22,0,0.0
route,ORD->LNK,10,10,0,0.0
route,ORD->LSE,6,6,0,0.0
route,ORD->LWB,5,5,0,0.0
route,ORD->MBS,8,8,0,0.0
route,ORD->MCI,44,44,0,0.0
route,ORD->MCO,42,42,0,0.0
route,ORD->MDT,25,25,0,0.0
route,ORD->MEI,1,1,0,0.0
route,ORD->MEM,28,28,0,0.0
route,ORD->MHK,10,10,0,0.0
route,ORD->MHT,2,2,0,0.0
route,ORD->MIA,34,34,0,0.0
route,ORD->MKE,39,39,0,0.0
route,ORD->MKG,8,8,0,0.0
route,ORD->MLI,25,25,0,0.0
route,ORD->MQT,4,4,0,0.0
route,ORD->MSN,46,46,0,0.0
route,ORD->MSP,87,87,0,0.0
route,ORD->MSY,24,24,0,0.0
route,ORD->MTJ,3,3,0,0.0
route,ORD->MYR,4,4,0,0.0
route,ORD->OGS,2,2,0,0.0
route,ORD->OKC,35,35,0,0.0
route,ORD->OMA,33,33,0,0.0
route,ORD->ORF,17,17,0,0.0
route,ORD->PAH,6,6,0,0.0
route,ORD->PBI,3,3,0,0.0
route,ORD->PDX,35,35,0,0.0
route,ORD->PHL,54,54,0,0.0
route,ORD->PHX,47,47,0,0.0
route,ORD->PIA,13,13,0,0.0
route,ORD->PIT,35,35,0,0.0
route,ORD->PNS,4,4,0,0.0
route,ORD->PSP,7,7,0,0.0
route,ORD->PVD,14,14,0,0.0
route,ORD->PWM,16,16,0,0.0
route,ORD->RAP,6,6,0,0.0
route,ORD->RDM,4,4,0,0.0
route,ORD->RDU,30,30,0,0.0
route,ORD->RIC,27,27,0,0.0
route,ORD->RNO,2,2,0,0.0
route,ORD->ROA,10,10,0,0.0
route,ORD->ROC,35,35,0,0.0
route,ORD->RST,18,18,0,0.0
route,ORD->RSW,17,17,0,0.0
route,ORD->SAN,36,36,0,0.0
route,ORD->SAT,12,12,0,0.0
route,ORD->SAV,14,14,0,0.0
route,ORD->SBN,15,15,0,0.0
route,ORD->SCE,19,19,0,0.0
route,ORD->SDF,46,46,0,0.0
route,ORD->SEA,44,44,0,0.0
route,ORD->SFO,66,66,0,0.0
route,ORD->SGF,33,33,0,0.0
route,ORD->SHD,2,2,0,0.0
route,ORD->SJC,7,7,0,0.0
route,ORD->SJU,6,6,0,0.0
route,ORD->SLC,39,39,0,0.0
route,ORD->SLN,3,3,0,0.0
route,ORD->SMF,13,13,0,0.0
route,ORD->SNA,24,24,0,0.0
route,ORD->SPI,5,5,0,0.0
route,ORD->SRQ,6,6,0,0.0
route,ORD->STL,53,53,0,0.0
route,ORD->SUX,8,8,0,0.0
route,ORD->SYR,37,37,0,0.0
route,ORD->TOL,4,4,0,0.0
route,ORD->TPA,23,23,0,0.0
route,ORD->TTN,3,3,0,0.0
route,ORD->TUL,20,20,0,0.0
route,ORD->TUS,14,14,0,0.0
route,ORD->TVC,36,36,0,0.0
route,ORD->TYS,28,28,0,0.0
route,ORD->UIN,2,2,0,0.0
route,ORD->XNA,28,28,0,0.0
route,ORF->ATL,26,26,0,0.0
route,ORF->BOS,1,1,0,0.0
route,ORF->BWI,19,19,0,0.0
route,ORF->CLT,20,20,0,0.0
route,ORF->DCA,8,8,0,0.0
route,ORF->DEN,4,4,0,0.0
route,ORF->DFW,6,6,0,0.0
route,ORF->DTW,11,11,0,0.0
route,ORF->EWR,18,18,0,0.0
route,ORF->IAD,15,15,0,0.0
route,ORF->IAH,4,4,0,0.0
route,ORF->JAX,3,3,0,0.0
route,ORF->JFK,10,10,0,0.0
route,ORF->LGA,25,25,0,0.0
route,ORF->MCO,2,2,0,0.0
route,ORF->MDW,6,6,0,0.0
route,ORF->MIA,17,17,0,0.0
route,ORF->ORD,16,16,0,0.0
route,ORF->PHL,24,24,0,0.0
route,ORF->PIE,2,2,0,0.0
route,ORF->SFB,1,1,0,0.0
route,ORH->DTW,2,2,0,0.0
route,ORH->FLL,2,2,0,0.0
route,ORH->JFK,1,1,0,0.0
route,ORH->MCO,3,3,0,0.0
route,ORH->PHL,6,6,0,0.0
route,OTH->SFO,1,1,0,0.0
route,OTZ->ANC,5,5,0,0.0
route,OTZ->OME,3,3,0,0.0
route,OWB->SFB,2,2,0,0.0
route,PAE->DEN,4,4,0,0.0
route,PAE->LAS,5,5,0,0.0
route,PAE->LAX,9,9,0,0.0
route,PAE->PDX,7,7,0,0.0
route,PAE->PHX,5,5,0,0.0
route,PAE->SAN,4,4,0,0.0
route,PAE->SFO,10,10,0,0.0
route,PAE->SNA,5,5,0,0.0
route,PAH->CGI,2,2,0,0.0
route,PAH->ORD,3,3,0,0.0
route,PBG->FLL,1,1,0,0.0
route,PBG->IAD,9,9,0,0.0
route,PBG->PIE,1,1,0,0.0
route,PBG->SFB,1,1,0,0.0
route,PBI->ATL,33,33,0,0.0
route,PBI->BDL,4,4,0,0.0
route,PBI->BOS,18,18,0,0.0
route,PBI->BWI,4,4,0,0.0
route,PBI->CLT,19,19,0,0.0
route,PBI->DCA,7,7,0,0.0
route,PBI->DFW,5,5,0,0.0
route,PBI->EWR,28,28,0,0.0
route,PBI->HPN,19,19,0,0.0
route,PBI->IAH,4,4,0,0.0
route,PBI->ISP,6,6,0,0.0
route,PBI->JFK,14,14,0,0.0
route,PBI->LGA,20,20,0,0.0
route,PBI->ORD,3,3,0,0.0
route,PBI->PHL,8,8,0,0.0
route,PBI->PVD,1,1,0,0.0
route,PDX->ABQ,3,3,0,0.0
route,PDX->ANC,11,11,0,0.0
route,PDX->ATL,12,12,0,0.0
route,PDX->AUS,5,5,0,0.0
route,PDX->BIL,4,4,0,0.0
route,PDX->BOI,25,25,0,0.0
route,PDX->BOS,7,7,0,0.0
route,PDX->BUR,10,10,0,0.0
route,PDX->BZN,5,5,0,0.0
route,PDX->CLT,4,4,0,0.0
route,PDX->DAL,7,7,0,0.0
route,PDX->DCA,3,3,0,0.0
route,PDX->DEN,35,35,0,0.0
route,PDX->DFW,13,13,0,0.0
route,PDX->DTW,4,4,0,0.0
route,PDX->EUG,15,15,0,0.0
route,PDX->EWR,7,7,0,0.0
route,PDX->FAT,5,5,0,0.0
route,PDX->GEG,25,25,0,0.0
route,PDX->HNL,11,11,0,0.0
route,PDX->IAD,2,2,0,0.0
route,PDX->IAH,4,4,0,0.0
route,PDX->JFK,10,10,0,0.0
route,PDX->LAS,34,34,0,0.0
route,PDX->LAX,46,46,0,0.0
route,PDX->LGB,1,1,0,0.0
route,PDX->MCI,6,6,0,0.0
route,PDX->MCO,4,4,0,0.0
route,PDX->MDW,5,5,0,0.0
route,PDX->MFR,18,18,0,0.0
route,PDX->MSO,4,4,0,0.0
route,PDX->MSP,19,19,0,0.0
route,PDX->OAK,25,25,0,0.0
route,PDX->OGG,9,9,0,0.0
route,PDX->ONT,5,5,0,0.0
route,PDX->ORD,29,29,0,0.0
route,PDX->PAE,7,7,0,0.0
route,PDX->PHX,18,18,0,0.0
route,PDX->PSP,4,4,0,0.0
route,PDX->RDM,17,17,0,0.0
route,PDX->RNO,8,8,0,0.0
route,PDX->SAN,22,22,0,0.0
route,PDX->SBA,3,3,0,0.0
route,PDX->SEA,118,118,0,0.0
route,PDX->SFO,50,50,0,0.0
route,PDX->SJC,36,36,0,0.0
route,PDX->SLC,21,21,0,0.0
route,PDX->SMF,28,28,0,0.0
route,PDX->SNA,13,13,0,0.0
route,PDX->STL,5,5,0,0.0
route,PDX->STS,8,8,0,0.0
route,PGD->AVL,2,2,0,0.0
route,PGD->BNA,2,2,0,0.0
route,PGD->CID,1,1,0,0.0
route,PGD->CVG,2,2,0,0.0
route,PGD->DSM,1,1,0,0.0
route,PGD->FNT,3,3,0,0.0
route,PGD->FWA,2,2,0,0.0
route,PGD->GRR,1,1,0,0.0
route,PGD->IAG,2,2,0,0.0
route,PGD->IND,3,3,0,0.0
route,PGD->LCK,1,1,0,0.0
route,PGD->MCI,1,1,0,0.0
route,PGD->MDT,1,1,0,0.0
route,PGD->PIA,2,2,0,0.0
route,PGD->PIT,1,1,0,0.0
route,PGD->PSM,1,1,0,0.0
route,PGD->PVD,2,2,0,0.0
route,PGD->RDU,1,1,0,0.0
route,PGD->SBN,1,1,0,0.0
route,PGD->SPI,2,2,0,0.0
route,PGD->TYS,1,1,0,0.0
route,PGD->USA,1,1,0,0.0
route,PGV->CLT,20,20,0,0.0
route,PHF->ATL,10,10,0,0.0
route,PHF->CLT,18,18,0,0.0
route,PHF->PHL,8,8,0,0.0
route,PHL->ABE,6,6,0,0.0
route,PHL->ALB,22,22,0,0.0
route,PHL->ART,5,5,0,0.0
route,PHL->ATL,59,59,0,0.0
route,PHL->AUS,9,9,0,0.0
route,PHL->AVL,1,1,0,0.0
route,PHL->AVP,5,5,0,0.0
route,PHL->BDL,11,11,0,0.0
route,PHL->BGR,19,19,0,0.0
route,PHL->BHM,5,5,0,0.0
route,PHL->BNA,28,28,0,0.0
route,PHL->BOS,61,61,0,0.0
route,PHL->BTV,10,10,0,0.0
route,PHL->BUF,17,17,0,0.0
route,PHL->BWI,11,11,0,0.0
route,PHL->CAE,9,9,0,0.0
route,PHL->CAK,10,10,0,0.0
route,PHL->CHA,2,2,0,0.0
route,PHL->CHO,13,13,0,0.0
route,PHL->CHS,16,16,0,0.0
route,PHL->CLE,19,19,0,0.0
route,PHL->CLT,28,28,0,0.0
route,PHL->CMH,17,17,0,0.0
route,PHL->CRW,3,3,0,0.0
route,PHL->CVG,23,23,0,0.0
route,PHL->DAL,3,3,0,0.0
route,PHL->DAY,14,14,0,0.0
route,PHL->DCA,14,14,0,0.0
route,PHL->DEN,26,26,0,0.0
route,PHL->DFW,35,35,0,0.0
route,PHL->DSM,8,8,0,0.0
route,PHL->DTW,21,21,0,0.0
route,PHL->ERI,4,4,0,0.0
route,PHL->FLL,26,26,0,0.0
route,PHL->FWA,6,6,0,0.0
route,PHL->GRR,5,5,0,0.0
route,PHL->GSO,13,13,0,0.0
route,PHL->GSP,12,12,0,0.0
route,PHL->HVN,13,13,0,0.0
route,PHL->IAD,10,10,0,0.0
route,PHL->IAH,30,30,0,0.0
route,PHL->ILM,11,11,0,0.0
route,PHL->IND,25,25,0,0.0
route,PHL->IPT,7,7,0,0.0
route,PHL->ISP,8,8,0,0.0
route,PHL->ITH,7,7,0,0.0
route,PHL->JAX,4,4,0,0.0
route,PHL->JFK,1,1,0,0.0
route,PHL->LAS,21,21,0,0.0
route,PHL->LAX,32,32,0,0.0
route,PHL->LEX,6,6,0,0.0
route,PHL->LGA,8,8,0,0.0
route,PHL->MCI,17,17,0,0.0
route,PHL->MCO,42,42,0,0.0
route,PHL->MDT,19,19,0,0.0
route,PHL->MDW,16,16,0,0.0
route,PHL->MEM,6,6,0,0.0
route,PHL->MHT,16,16,0,0.0
route,PHL->MIA,26,26,0,0.0
route,PHL->MKE,12,12,0,0.0
route,PHL->MSN,12,12,0,0.0
route,PHL->MSP,25,25,0,0.0
route,PHL->MSY,15,15,0,0.0
route,PHL->MYR,6,6,0,0.0
route,PHL->OKC,4,4,0,0.0
route,PHL->OMA,4,4,0,0.0
route,PHL->ORD,54,54,0,0.0
route,PHL->ORF,34,34,0,0.0
route,PHL->ORH,5,5,0,0.0
route,PHL->PBI,12,12,0,0.0
route,PHL->PHF,5,5,0,0.0
route,PHL->PHX,19,19,0,0.0
route,PHL->PIT,14,14,0,0.0
route,PHL->PNS,6,6,0,0.0
route,PHL->PVD,17,17,0,0.0
route,PHL->PWM,14,14,0,0.0
route,PHL->RDU,27,27,0,0.0
route,PHL->RIC,20,20,0,0.0
route,PHL->ROA,4,4,0,0.0
route,PHL->ROC,21,21,0,0.0
route,PHL->RSW,14,14,0,0.0
route,PHL->SAN,7,7,0,0.0
route,PHL->SAT,1,1,0,0.0
route,PHL->SAV,4,4,0,0.0
route,PHL->SBY,10,10,0,0.0
route,PHL->SCE,7,7,0,0.0
route,PHL->SDF,10,10,0,0.0
route,PHL->SEA,12,12,0,0.0
route,PHL->SFO,22,22,0,0.0
route,PHL->SJU,5,5,0,0.0
route,PHL->SLC,3,3,0,0.0
route,PHL->SRQ,1,1,0,0.0
route,PHL->STL,22,22,0,0.0
route,PHL->SWF,12,12,0,0.0
route,PHL->SYR,11,11,0,0.0
route,PHL->TPA,24,24,0,0.0
route,PHL->TYS,11,11,0,0.0
route,PHX->ABQ,30,30,0,0.0
route,PHX->AMA,1,1,0,0.0
route,PHX->ATL,27,27,0,0.0
route,PHX->AUS,26,26,0,0.0
route,PHX->BFL,11,11,0,0.0
route,PHX->BNA,13,13,0,0.0
route,PHX->BOI,9,9,0,0.0
route,PHX->BOS,13,13,0,0.0
route,PHX->BUF,4,4,0,0.0
route,PHX->BUR,37,37,0,0.0
route,PHX->BWI,9,9,0,0.0
route,PHX->CLE,2,2,0,0.0
route,PHX->CLT,29,29,0,0.0
route,PHX->CMH,8,8,0,0.0
route,PHX->COS,5,5,0,0.0
route,PHX->DAL,21,21,0,0.0
route,PHX->DCA,13,13,0,0.0
route,PHX->DEN,77,77,0,0.0
route,PHX->DFW,41,41,0,0.0
route,PHX->DRO,9,9,0,0.0
route,PHX->DSM,7,7,0,0.0
route,PHX->DTW,22,22,0,0.0
route,PHX->ELP,29,29,0,0.0
route,PHX->EUG,1,1,0,0.0
route,PHX->EWR,30,30,0,0.0
route,PHX->FAT,13,13,0,0.0
route,PHX->FLG,9,9,0,0.0
route,PHX->FLL,8,8,0,0.0
route,PHX->FSD,5,5,0,0.0
route,PHX->GEG,8,8,0,0.0
route,PHX->GJT,7,7,0,0.0
route,PHX->HNL,11,11,0,0.0
route,PHX->HOU,22,22,0,0.0
route,PHX->IAD,3,3,0,0.0
route,PHX->IAH,22,22,0,0.0
route,PHX->ICT,3,3,0,0.0
route,PHX->IND,8,8,0,0.0
route,PHX->JFK,23,23,0,0.0
route,PHX->KOA,1,1,0,0.0
route,PHX->LAS,47,47,0,0.0
route,PHX->LAX,66,66,0,0.0
route,PHX->LBB,5,5,0,0.0
route,PHX->LGB,7,7,0,0.0
route,PHX->LIH,3,3,0,0.0
route,PHX->LIT,7,7,0,0.0
route,PHX->MAF,3,3,0,0.0
route,PHX->MCI,15,15,0,0.0
route,PHX->MCO,7,7,0,0.0
route,PHX->MDW,30,30,0,0.0
route,PHX->MEM,6,6,0,0.0
route,PHX->MFR,2,2,0,0.0
route,PHX->MIA,10,10,0,0.0
route,PHX->MKE,14,14,0,0.0
route,PHX->MRY,8,8,0,0.0
route,PHX->MSP,28,28,0,0.0
route,PHX->MSY,3,3,0,0.0
route,PHX->OAK,29,29,0,0.0
route,PHX->OGG,6,6,0,0.0
route,PHX->OKC,13,13,0,0.0
route,PHX->OMA,11,11,0,0.0
route,PHX->ONT,31,31,0,0.0
route,PHX->ORD,43,43,0,0.0
route,PHX->PAE,2,2,0,0.0
route,PHX->PDX,24,24,0,0.0
route,PHX->PHL,22,22,0,0.0
route,PHX->PIT,12,12,0,0.0
route,PHX->PSP,19,19,0,0.0
route,PHX->RAP,1,1,0,0.0
route,PHX->RDM,5,5,0,0.0
route,PHX->RDU,4,4,0,0.0
route,PHX->RNO,24,24,0,0.0
route,PHX->ROW,3,3,0,0.0
route,PHX->SAF,9,9,0,0.0
route,PHX->SAN,56,56,0,0.0
route,PHX->SAT,20,20,0,0.0
route,PHX->SBA,17,17,0,0.0
route,PHX->SBP,12,12,0,0.0
route,PHX->SDF,4,4,0,0.0
route,PHX->SEA,53,53,0,0.0
route,PHX->SFO,40,40,0,0.0
route,PHX->SGU,6,6,0,0.0
route,PHX->SJC,31,31,0,0.0
route,PHX->SLC,50,50,0,0.0
route,PHX->SMF,32,32,0,0.0
route,PHX->SNA,39,39,0,0.0
route,PHX->STL,21,21,0,0.0
route,PHX->STS,5,5,0,0.0
route,PHX->TPA,13,13,0,0.0
route,PHX->TUL,1,1,0,0.0
route,PHX->TUS,20,20,0,0.0
route,PHX->YUM,7,7,0,0.0
route,PIA->ATL,8,8,0,0.0
route,PIA->AZA,3,3,0,0.0
route,PIA->CLT,12,12,0,0.0
route,PIA->DFW,4,4,0,0.0
route,PIA->DTW,4,4,0,0.0
route,PIA->MSP,2,2,0,0.0
route,PIA->ORD,27,27,0,0.0
route,PIA->PIE,2,2,0,0.0
route,PIB->DFW,2,2,0,0.0
route,PIB->MEI,3,3,0,0.0
route,PIE->ABE,2,2,0,0.0
route,PIE->ALB,1,1,0,0.0
route,PIE->ATW,1,1,0,0.0
route,PIE->AVL,5,5,0,0.0
route,PIE->BLV,1,1,0,0.0
route,PIE->BMI,1,1,0,0.0
route,PIE->CHA,1,1,0,0.0
route,PIE->CID,1,1,0,0.0
route,PIE->CVG,5,5,0,0.0
route,PIE->DAY,1,1,0,0.0
route,PIE->ELM,1,1,0,0.0
route,PIE->FNT,2,2,0,0.0
route,PIE->FWA,1,1,0,0.0
route,PIE->GSO,1,1,0,0.0
route,PIE->HTS,5,5,0,0.0
route,PIE->IAG,2,2,0,0.0
route,PIE->IND,4,4,0,0.0
route,PIE->LCK,1,1,0,0.0
route,PIE->LEX,1,1,0,0.0
route,PIE->MLI,1,1,0,0.0
route,PIE->PIT,2,2,0,0.0
route,PIE->RDU,1,1,0,0.0
route,PIE->RFD,1,1,0,0.0
route,PIE->ROA,1,1,0,0.0
route,PIE->SBN,1,1,0,0.0
route,PIE->SDF,2,2,0,0.0
route,PIE->SGF,1,1,0,0.0
route,PIE->SWF,1,1,0,0.0
route,PIE->TYS,8,8,0,0.0
route,PIE->USA,2,2,0,0.0
route,PIH->SLC,10,10,0,0.0
route,PIR->DEN,4,4,0,0.0
route,PIT->ATL,27,27,0,0.0
route,PIT->BNA,10,10,0,0.0
route,PIT->BOS,25,25,0,0.0
route,PIT->BWI,9,9,0,0.0
route,PIT->CHS,1,1,0,0.0
route,PIT->CLT,28,28,0,0.0
route,PIT->DAL,3,3,0,0.0
route,PIT->DCA,11,11,0,0.0
route,PIT->DEN,16,16,0,0.0
route,PIT->DFW,8,8,0,0.0
route,PIT->DTW,12,12,0,0.0
route,PIT->EWR,32,32,0,0.0
route,PIT->FLL,9,9,0,0.0
route,PIT->HOU,3,3,0,0.0
route,PIT->IAD,12,12,0,0.0
route,PIT->IAH,21,21,0,0.0
route,PIT->JFK,8,8,0,0.0
route,PIT->LAS,8,8,0,0.0
route,PIT->LAX,5,5,0,0.0
route,PIT->LGA,39,39,0,0.0
route,PIT->MCO,11,11,0,0.0
route,PIT->MDW,15,15,0,0.0
route,PIT->MIA,14,14,0,0.0
route,PIT->MSP,18,18,0,0.0
route,PIT->MSY,2,2,0,0.0
route,PIT->MYR,4,4,0,0.0
route,PIT->ORD,43,43,0,0.0
route,PIT->PHL,19,19,0,0.0
route,PIT->PHX,4,4,0,0.0
route,PIT->PIE,1,1,0,0.0
route,PIT->RSW,2,2,0,0.0
route,PIT->SEA,4,4,0,0.0
route,PIT->SFO,1,1,0,0.0
route,PIT->SLC,3,3,0,0.0
route,PIT->TPA,14,14,0,0.0
route,PIT->VPS,1,1,0,0.0
route,PLN->APN,4,4,0,0.0
route,PLN->DTW,4,4,0,0.0
route,PNS->ATL,20,20,0,0.0
route,PNS->BNA,5,5,0,0.0
route,PNS->CLT,11,11,0,0.0
route,PNS->DAL,2,2,0,0.0
route,PNS->DCA,3,3,0,0.0
route,PNS->DEN,1,1,0,0.0
route,PNS->DFW,8,8,0,0.0
route,PNS->HOU,4,4,0,0.0
route,PNS->IAH,15,15,0,0.0
route,PNS->MIA,15,15,0,0.0
route,PNS->ORD,4,4,0,0.0
route,PNS->PHL,4,4,0,0.0
route,PPG->HNL,2,2,0,0.0
route,PQI->EWR,6,6,0,0.0
route,PRC->DEN,4,4,0,0.0
route,PSC->DEN,9,9,0,0.0
route,PSC->MSP,3,3,0,0.0
route,PSC->SEA,23,23,0,0.0
route,PSC->SFO,2,2,0,0.0
route,PSC->SLC,9,9,0,0.0
route,PSE->JFK,3,3,0,0.0
route,PSE->MCO,3,3,0,0.0
route,PSG->JNU,5,5,0,0.0
route,PSG->WRG,1,1,0,0.0
route,PSM->PGD,1,1,0,0.0
route,PSP->DEN,13,13,0,0.0
route,PSP->DFW,8,8,0,0.0
route,PSP->IAH,1,1,0,0.0
route,PSP->JFK,2,2,0,0.0
route,PSP->LAX,4,4,0,0.0
route,PSP->ORD,2,2,0,0.0
route,PSP->PDX,2,2,0,0.0
route,PSP->PHX,15,15,0,0.0
route,PSP->SEA,5,5,0,0.0
route,PSP->SFO,21,21,0,0.0
route,PSP->SLC,10,10,0,0.0
route,PUB->DEN,5,5,0,0.0
route,PUW->SEA,12,12,0,0.0
route,PVD->ATL,11,11,0,0.0
route,PVD->BWI,13,13,0,0.0
route,PVD->CLT,14,14,0,0.0
route,PVD->DCA,23,23,0,0.0
route,PVD->DEN,1,1,0,0.0
route,PVD->DTW,14,14,0,0.0
route,PVD->EWR,17,17,0,0.0
route,PVD->FLL,8,8,0,0.0
route,PVD->IAD,14,14,0,0.0
route,PVD->MCO,18,18,0,0.0
route,PVD->MDW,8,8,0,0.0
route,PVD->ORD,12,12,0,0.0
route,PVD->PBI,1,1,0,0.0
route,PVD->PHL,17,17,0,0.0
route,PVD->PIE,1,1,0,0.0
route,PVD->RDU,2,2,0,0.0
route,PVD->SAV,1,1,0,0.0
route,PVD->TPA,6,6,0,0.0
route,PVU->AZA,5,5,0,0.0
route,PVU->LAX,1,1,0,0.0
route,PWM->ATL,12,12,0,0.0
route,PWM->BWI,15,15,0,0.0
route,PWM->CLT,11,11,0,0.0
route,PWM->DCA,15,15,0,0.0
route,PWM->DTW,8,8,0,0.0
route,PWM->EWR,15,15,0,0.0
route,PWM->IAD,6,6,0,0.0
route,PWM->JFK,9,9,0,0.0
route,PWM->LGA,21,21,0,0.0
route,PWM->MCO,4,4,0,0.0
route,PWM->ORD,6,6,0,0.0
route,PWM->PHL,17,17,0,0.0
route,PWM->RDU,1,1,0,0.0
route,RAP->AZA,5,5,0,0.0
route,RAP->CLT,1,1,0,0.0
route,RAP->DEN,13,13,0,0.0
route,RAP->DFW,5,5,0,0.0
route,RAP->LAS,2,2,0,0.0
route,RAP->MSP,15,15,0,0.0
route,RAP->ORD,8,8,0,0.0
route,RAP->PHX,1,1,0,0.0
route,RAP->SLC,6,6,0,0.0
route,RDD->LAX,1,1,0,0.0
route,RDD->SFO,10,10,0,0.0
route,RDM->DEN,7,7,0,0.0
route,RDM->LAX,6,6,0,0.0
route,RDM->ORD,1,1,0,0.0
route,RDM->PDX,12,12,0,0.0
route,RDM->PHX,2,2,0,0.0
route,RDM->SEA,28,28,0,0.0
route,RDM->SFO,20,20,0,0.0
route,RDM->SLC,10,10,0,0.0
route,RDU->ALB,1,1,0,0.0
route,RDU->ATL,42,42,0,0.0
route,RDU->AUS,3,3,0,0.0
route,RDU->BDL,2,2,0,0.0
route,RDU->BNA,15,15,0,0.0
route,RDU->BOS,39,39,0,0.0
route,RDU->BWI,27,27,0,0.0
route,RDU->CLE,7,7,0,0.0
route,RDU->CLT,27,27,0,0.0
route,RDU->CMH,3,3,0,0.0
route,RDU->CVG,7,7,0,0.0
route,RDU->DAL,2,2,0,0.0
route,RDU->DCA,36,36,0,0.0
route,RDU->DEN,12,12,0,0.0
route,RDU->DFW,11,11,0,0.0
route,RDU->DTW,13,13,0,0.0
route,RDU->EWR,38,38,0,0.0
route,RDU->FLL,8,8,0,0.0
route,RDU->HOU,4,4,0,0.0
route,RDU->IAD,13,13,0,0.0
route,RDU->IAH,16,16,0,0.0
route,RDU->IND,2,2,0,0.0
route,RDU->JFK,39,39,0,0.0
route,RDU->LAS,7,7,0,0.0
route,RDU->LAX,7,7,0,0.0
route,RDU->LGA,49,49,0,0.0
route,RDU->MCI,1,1,0,0.0
route,RDU->MCO,24,24,0,0.0
route,RDU->MDW,7,7,0,0.0
route,RDU->MIA,15,15,0,0.0
route,RDU->MKE,1,1,0,0.0
route,RDU->MSP,20,20,0,0.0
route,RDU->MSY,5,5,0,0.0
route,RDU->ORD,45,45,0,0.0
route,RDU->PHL,29,29,0,0.0
route,RDU->PHX,1,1,0,0.0
route,RDU->PIE,1,1,0,0.0
route,RDU->PIT,3,3,0,0.0
route,RDU->PVD,2,2,0,0.0
route,RDU->SEA,8,8,0,0.0
route,RDU->SFB,1,1,0,0.0
route,RDU->SFO,10,10,0,0.0
route,RDU->SLC,3,3,0,0.0
route,RDU->STL,6,6,0,0.0
route,RDU->SYR,1,1,0,0.0
route,RDU->TPA,15,15,0,0.0
route,RFD->AZA,1,1,0,0.0
route,RFD->LAS,2,2,0,0.0
route,RFD->PGD,1,1,0,0.0
route,RFD->PIE,1,1,0,0.0
route,RFD->SFB,2,2,0,0.0
route,RHI->MSP,6,6,0,0.0
route,RIC->ATL,33,33,0,0.0
route,RIC->BOS,23,23,0,0.0
route,RIC->CLT,28,28,0,0.0
route,RIC->DEN,6,6,0,0.0
route,RIC->DFW,9,9,0,0.0
route,RIC->DTW,12,12,0,0.0
route,RIC->EWR,18,18,0,0.0
route,RIC->FLL,8,8,0,0.0
route,RIC->IAD,16,16,0,0.0
route,RIC->IAH,6,6,0,0.0
route,RIC->JFK,16,16,0,0.0
route,RIC->LGA,27,27,0,0.0
route,RIC->MCO,4,4,0,0.0
route,RIC->MIA,3,3,0,0.0
route,RIC->MSP,4,4,0,0.0
route,RIC->ORD,27,27,0,0.0
route,RIC->PHL,15,15,0,0.0
route,RIC->PIE,1,1,0,0.0
route,RIC->SFB,2,2,0,0.0
route,RIC->SRQ,1,1,0,0.0
route,RKS->DEN,11,11,0,0.0
route,RNO->AUS,1,1,0,0.0
route,RNO->BOI,4,4,0,0.0
route,RNO->DEN,21,21,0,0.0
route,RNO->DFW,5,5,0,0.0
route,RNO->IAH,5,5,0,0.0
route,RNO->JFK,3,3,0,0.0
route,RNO->LAS,21,21,0,0.0
route,RNO->LAX,24,24,0,0.0
route,RNO->LGB,3,3,0,0.0
route,RNO->OAK,6,6,0,0.0
route,RNO->PDX,12,12,0,0.0
route,RNO->PHX,21,21,0,0.0
route,RNO->SAN,8,8,0,0.0
route,RNO->SEA,15,15,0,0.0
route,RNO->SFO,6,6,0,0.0
route,RNO->SJC,7,7,0,0.0
route,RNO->SLC,19,19,0,0.0
route,ROA->ATL,13,13,0,0.0
route,ROA->CLT,26,26,0,0.0
route,ROA->IAD,6,6,0,0.0
route,ROA->LGA,3,3,0,0.0
route,ROA->ORD,14,14,0,0.0
route,ROA->PHL,4,4,0,0.0
route,ROA->PIE,1,1,0,0.0
route,ROA->SFB,1,1,0,0.0
route,ROC->ATL,10,10,0,0.0
route,ROC->BOS,14,14,0,0.0
route,ROC->BWI,12,12,0,0.0
route,ROC->CLT,13,13,0,0.0
route,ROC->DCA,14,14,0,0.0
route,ROC->DTW,7,7,0,0.0
route,ROC->EWR,12,12,0,0.0
route,ROC->IAD,14,14,0,0.0
route,ROC->JFK,15,15,0,0.0
route,ROC->LGA,13,13,0,0.0
route,ROC->MCO,3,3,0,0.0
route,ROC->MSP,2,2,0,0.0
route,ROC->ORD,24,24,0,0.0
route,ROC->PGD,1,1,0,0.0
route,ROC->PHL,15,15,0,0.0
route,ROC->SFB,1,1,0,0.0
route,ROW->DFW,14,14,0,0.0
route,ROW->PHX,4,4,0,0.0
route,RST->ATL,3,3,0,0.0
route,RST->MSP,15,15,0,0.0
route,RST->ORD,25,25,0,0.0
route,RSW->ACY,6,6,0,0.0
route,RSW->ATL,23,23,0,0.0
route,RSW->BDL,5,5,0,0.0
route,RSW->BOS,12,12,0,0.0
route,RSW->BWI,7,7,0,0.0
route,RSW->CLE,8,8,0,0.0
route,RSW->CLT,18,18,0,0.0
route,RSW->CMH,4,4,0,0.0
route,RSW->CVG,13,13,0,0.0
route,RSW->DCA,1,1,0,0.0
route,RSW->DEN,1,1,0,0.0
route,RSW->DFW,9,9,0,0.0
route,RSW->DTW,5,5,0,0.0
route,RSW->EWR,17,17,0,0.0
route,RSW->HPN,2,2,0,0.0
route,RSW->IAH,11,11,0,0.0
route,RSW->IND,3,3,0,0.0
route,RSW->JFK,6,6,0,0.0
route,RSW->LGA,10,10,0,0.0
route,RSW->MDW,9,9,0,0.0
route,RSW->MKE,3,3,0,0.0
route,RSW->MSP,4,4,0,0.0
route,RSW->ORD,18,18,0,0.0
route,RSW->PHL,13,13,0,0.0
route,RSW->PIT,2,2,0,0.0
route,RSW->STL,4,4,0,0.0
route,RSW->TTN,1,1,0,0.0
route,SAF->DEN,7,7,0,0.0
route,SAF->DFW,8,8,0,0.0
route,SAF->PHX,4,4,0,0.0
route,SAN->ABQ,8,8,0,0.0
route,SAN->ATL,26,26,0,0.0
route,SAN->AUS,11,11,0,0.0
route,SAN->BLI,1,1,0,0.0
route,SAN->BNA,7,7,0,0.0
route,SAN->BOI,12,12,0,0.0
route,SAN->BOS,9,9,0,0.0
route,SAN->BWI,17,17,0,0.0
route,SAN->CLE,1,1,0,0.0
route,SAN->CLT,5,5,0,0.0
route,SAN->CVG,2,2,0,0.0
route,SAN->DAL,20,20,0,0.0
route,SAN->DEN,39,39,0,0.0
route,SAN->DFW,25,25,0,0.0
route,SAN->DTW,10,10,0,0.0
route,SAN->ELP,3,3,0,0.0
route,SAN->EWR,9,9,0,0.0
route,SAN->FAT,10,10,0,0.0
route,SAN->FLL,2,2,0,0.0
route,SAN->GEG,4,4,0,0.0
route,SAN->HNL,8,8,0,0.0
route,SAN->HOU,8,8,0,0.0
route,SAN->IAD,6,6,0,0.0
route,SAN->IAH,19,19,0,0.0
route,SAN->IND,1,1,0,0.0
route,SAN->JFK,15,15,0,0.0
route,SAN->LAS,55,55,0,0.0
route,SAN->LAX,49,49,0,0.0
route,SAN->LIH,3,3,0,0.0
route,SAN->MCI,9,9,0,0.0
route,SAN->MCO,4,4,0,0.0
route,SAN->MDW,7,7,0,0.0
route,SAN->MIA,5,5,0,0.0
route,SAN->MKE,3,3,0,0.0
route,SAN->MRY,2,2,0,0.0
route,SAN->MSP,16,16,0,0.0
route,SAN->MSY,4,4,0,0.0
route,SAN->OAK,41,41,0,0.0
route,SAN->OGG,7,7,0,0.0
route,SAN->OMA,2,2,0,0.0
route,SAN->ORD,26,26,0,0.0
route,SAN->PAE,2,2,0,0.0
route,SAN->PDX,16,16,0,0.0
route,SAN->PHL,6,6,0,0.0
route,SAN->PHX,47,47,0,0.0
route,SAN->PIT,2,2,0,0.0
route,SAN->RNO,12,12,0,0.0
route,SAN->SAT,7,7,0,0.0
route,SAN->SCK,1,1,0,0.0
route,SAN->SEA,48,48,0,0.0
route,SAN->SFO,71,71,0,0.0
route,SAN->SJC,63,63,0,0.0
route,SAN->SLC,21,21,0,0.0
route,SAN->SMF,49,49,0,0.0
route,SAN->STL,10,10,0,0.0
route,SAN->STS,4,4,0,0.0
route,SAN->TPA,3,3,0,0.0
route,SAN->TUS,6,6,0,0.0
route,SAT->ATL,27,27,0,0.0
route,SAT->BNA,7,7,0,0.0
route,SAT->BWI,3,3,0,0.0
route,SAT->CLT,15,15,0,0.0
route,SAT->CMH,1,1,0,0.0
route,SAT->COS,1,1,0,0.0
route,SAT->CVG,1,1,0,0.0
route,SAT->DAL,30,30,0,0.0
route,SAT->DEN,27,27,0,0.0
route,SAT->DFW,49,49,0,0.0
route,SAT->DTW,10,10,0,0.0
route,SAT->ELP,1,1,0,0.0
route,SAT->EWR,6,6,0,0.0
route,SAT->FLL,5,5,0,0.0
route,SAT->HOU,15,15,0,0.0
route,SAT->IAD,3,3,0,0.0
route,SAT->IAH,28,28,0,0.0
route,SAT->JFK,2,2,0,0.0
route,SAT->LAS,19,19,0,0.0
route,SAT->LAX,26,26,0,0.0
route,SAT->MCI,1,1,0,0.0
route,SAT->MCO,6,6,0,0.0
route,SAT->MDW,7,7,0,0.0
route,SAT->MIA,4,4,0,0.0
route,SAT->MSP,12,12,0,0.0
route,SAT->MSY,4,4,0,0.0
route,SAT->OKC,1,1,0,0.0
route,SAT->OMA,1,1,0,0.0
route,SAT->ORD,19,19,0,0.0
route,SAT->PHL,3,3,0,0.0
route,SAT->PHX,16,16,0,0.0
route,SAT->SAN,4,4,0,0.0
route,SAT->SEA,3,3,0,0.0
route,SAT->SFB,1,1,0,0.0
route,SAT->SFO,3,3,0,0.0
route,SAT->SLC,7,7,0,0.0
route,SAT->SNA,1,1,0,0.0
route,SAT->STL,9,9,0,0.0
route,SAT->TPA,5,5,0,0.0
route,SAT->TUL,1,1,0,0.0
route,SAV->ABE,1,1,0,0.0
route,SAV->ALB,1,1,0,0.0
route,SAV->ATL,33,33,0,0.0
route,SAV->BNA,1,1,0,0.0
route,SAV->BOS,3,3,0,0.0
route,SAV->CLE,1,1,0,0.0
route,SAV->CLT,23,23,0,0.0
route,SAV->CVG,2,2,0,0.0
route,SAV->DCA,7,7,0,0.0
route,SAV->DEN,1,1,0,0.0
route,SAV->DFW,5,5,0,0.0
route,SAV->DTW,2,2,0,0.0
route,SAV->EWR,12,12,0,0.0
route,SAV->IAD,10,10,0,0.0
route,SAV->IAH,7,7,0,0.0
route,SAV->JFK,14,14,0,0.0
route,SAV->LCK,3,3,0,0.0
route,SAV->LGA,12,12,0,0.0
route,SAV->MIA,6,6,0,0.0
route,SAV->MSP,1,1,0,0.0
route,SAV->ORD,10,10,0,0.0
route,SAV->PHL,12,12,0,0.0
route,SAV->PIT,1,1,0,0.0
route,SAV->PVD,1,1,0,0.0
route,SAV->SDF,1,1,0,0.0
route,SBA->DEN,12,12,0,0.0
route,SBA->DFW,2,2,0,0.0
route,SBA->LAX,8,8,0,0.0
route,SBA->PDX,4,4,0,0.0
route,SBA->PHX,8,8,0,0.0
route,SBA->SEA,6,6,0,0.0
route,SBA->SFO,31,31,0,0.0
route,SBA->SLC,3,3,0,0.0
route,SBN->ATL,19,19,0,0.0
route,SBN->CLT,1,1,0,0.0
route,SBN->DFW,4,4,0,0.0
route,SBN->DTW,15,15,0,0.0
route,SBN->EWR,7,7,0,0.0
route,SBN->MSP,8,8,0,0.0
route,SBN->ORD,16,16,0,0.0
route,SBP->DEN,4,4,0,0.0
route,SBP->LAX,13,13,0,0.0
route,SBP->PHX,12,12,0,0.0
route,SBP->SEA,4,4,0,0.0
route,SBP->SFO,11,11,0,0.0
route,SBY->CLT,8,8,0,0.0
route,SBY->PHL,10,10,0,0.0
route,SCC->ANC,3,3,0,0.0
route,SCC->BRW,8,8,0,0.0
route,SCE->DTW,5,5,0,0.0
route,SCE->IAD,15,15,0,0.0
route,SCE->ORD,7,7,0,0.0
route,SCE->PHL,9,9,0,0.0
route,SCK->AZA,1,1,0,0.0
route,SCK->LAS,7,7,0,0.0
route,SCK->LAX,2,2,0,0.0
route,SCK->SAN,1,1,0,0.0
route,SDF->ATL,20,20,0,0.0
route,SDF->BWI,11,11,0,0.0
route,SDF->CLT,30,30,0,0.0
route,SDF->DAL,1,1,0,0.0
route,SDF->DCA,6,6,0,0.0
route,SDF->DEN,11,11,0,0.0
route,SDF->DFW,18,18,0,0.0
route,SDF->DTW,16,16,0,0.0
route,SDF->EWR,11,11,0,0.0
route,SDF->FLL,2,2,0,0.0
route,SDF->HOU,1,1,0,0.0
route,SDF->IAD,9,9,0,0.0
route,SDF->IAH,10,10,0,0.0
route,SDF->LAS,4,4,0,0.0
route,SDF->LAX,1,1,0,0.0
route,SDF->LGA,22,22,0,0.0
route,SDF->MCO,6,6,0,0.0
route,SDF->MDW,11,11,0,0.0
route,SDF->MIA,4,4,0,0.0
route,SDF->MSP,5,5,0,0.0
route,SDF->ORD,39,39,0,0.0
route,SDF->PGD,3,3,0,0.0
route,SDF->PHL,7,7,0,0.0
route,SDF->PHX,1,1,0,0.0
route,SDF->PIE,2,2,0,0.0
route,SDF->SAV,1,1,0,0.0
route,SDF->SFB,2,2,0,0.0
route,SDF->TPA,6,6,0,0.0
route,SDF->VPS,3,3,0,0.0
route,SEA->ABQ,8,8,0,0.0
route,SEA->ALW,5,5,0,0.0
route,SEA->ANC,57,57,0,0.0
route,SEA->ATL,28,28,0,0.0
route,SEA->AUS,13,13,0,0.0
route,SEA->BIL,7,7,0,0.0
route,SEA->BLI,17,17,0,0.0
route,SEA->BNA,6,6,0,0.0
route,SEA->BOI,50,50,0,0.0
route,SEA->BOS,28,28,0,0.0
route,SEA->BUR,7,7,0,0.0
route,SEA->BWI,8,8,0,0.0
route,SEA->BZN,11,11,0,0.0
route,SEA->CHS,2,2,0,0.0
route,SEA->CLT,12,12,0,0.0
route,SEA->CVG,1,1,0,0.0
route,SEA->DAL,15,15,0,0.0
route,SEA->DCA,5,5,0,0.0
route,SEA->DEN,52,52,0,0.0
route,SEA->DFW,43,43,0,0.0
route,SEA->DTW,25,25,0,0.0
route,SEA->EAT,7,7,0,0.0
route,SEA->EUG,25,25,0,0.0
route,SEA->EWR,19,19,0,0.0
route,SEA->FAI,19,19,0,0.0
route,SEA->FAT,7,7,0,0.0
route,SEA->FCA,11,11,0,0.0
route,SEA->FLL,3,3,0,0.0
route,SEA->GEG,81,81,0,0.0
route,SEA->GTF,4,4,0,0.0
route,SEA->HLN,1,1,0,0.0
route,SEA->HNL,14,14,0,0.0
route,SEA->IAD,22,22,0,0.0
route,SEA->IAH,18,18,0,0.0
route,SEA->ICT,5,5,0,0.0
route,SEA->IND,6,6,0,0.0
route,SEA->JFK,33,33,0,0.0
route,SEA->JNU,9,9,0,0.0
route,SEA->KOA,9,9,0,0.0
route,SEA->KTN,11,11,0,0.0
route,SEA->LAS,59,59,0,0.0
route,SEA->LAX,85,85,0,0.0
route,SEA->LGB,10,10,0,0.0
route,SEA->LIH,8,8,0,0.0
route,SEA->MCI,14,14,0,0.0
route,SEA->MCO,9,9,0,0.0
route,SEA->MDW,2,2,0,0.0
route,SEA->MFR,13,13,0,0.0
route,SEA->MIA,4,4,0,0.0
route,SEA->MKE,5,5,0,0.0
route,SEA->MSO,6,6,0,0.0
route,SEA->MSP,24,24,0,0.0
route,SEA->MSY,3,3,0,0.0
route,SEA->OAK,30,30,0,0.0
route,SEA->OGG,12,12,0,0.0
route,SEA->OKC,8,8,0,0.0
route,SEA->OMA,6,6,0,0.0
route,SEA->ONT,7,7,0,0.0
route,SEA->ORD,58,58,0,0.0
route,SEA->PDX,97,97,0,0.0
route,SEA->PHL,13,13,0,0.0
route,SEA->PHX,51,51,0,0.0
route,SEA->PIT,2,2,0,0.0
route,SEA->PSC,27,27,0,0.0
route,SEA->PSP,4,4,0,0.0
route,SEA->PUW,14,14,0,0.0
route,SEA->RDM,22,22,0,0.0
route,SEA->RDU,4,4,0,0.0
route,SEA->RNO,21,21,0,0.0
route,SEA->SAN,43,43,0,0.0
route,SEA->SAT,6,6,0,0.0
route,SEA->SBA,8,8,0,0.0
route,SEA->SBP,2,2,0,0.0
route,SEA->SFO,83,83,0,0.0
route,SEA->SJC,62,62,0,0.0
route,SEA->SLC,42,42,0,0.0
route,SEA->SMF,62,62,0,0.0
route,SEA->SNA,43,43,0,0.0
route,SEA->STL,6,6,0,0.0
route,SEA->STS,4,4,0,0.0
route,SEA->SUN,3,3,0,0.0
route,SEA->TPA,2,2,0,0.0
route,SEA->TUS,4,4,0,0.0
route,SEA->YKM,10,10,0,0.0
route,SFB->ALB,1,1,0,0.0
route,SFB->AUS,1,1,0,0.0
route,SFB->AVL,1,1,0,0.0
route,SFB->BGR,1,1,0,0.0
route,SFB->BLV,1,1,0,0.0
route,SFB->BNA,1,1,0,0.0
route,SFB->CHA,1,1,0,0.0
route,SFB->CVG,4,4,0,0.0
route,SFB->ELM,1,1,0,0.0
route,SFB->EVV,1,1,0,0.0
route,SFB->FAR,1,1,0,0.0
route,SFB->FSD,1,1,0,0.0
route,SFB->FWA,4,4,0,0.0
route,SFB->GRR,2,2,0,0.0
route,SFB->GSO,1,1,0,0.0
route,SFB->GSP,3,3,0,0.0
route,SFB->HGR,1,1,0,0.0
route,SFB->HTS,1,1,0,0.0
route,SFB->IAG,2,2,0,0.0
route,SFB->IND,4,4,0,0.0
route,SFB->LCK,1,1,0,0.0
route,SFB->LEX,3,3,0,0.0
route,SFB->LIT,2,2,0,0.0
route,SFB->MDT,1,1,0,0.0
route,SFB->MEM,2,2,0,0.0
route,SFB->OKC,3,3,0,0.0
route,SFB->ORF,1,1,0,0.0
route,SFB->PBG,1,1,0,0.0
route,SFB->PIT,2,2,0,0.0
route,SFB->ROA,3,3,0,0.0
route,SFB->ROC,2,2,0,0.0
route,SFB->SBN,3,3,0,0.0
route,SFB->SCE,1,1,0,0.0
route,SFB->SDF,2,2,0,0.0
route,SFB->SGF,1,1,0,0.0
route,SFB->SYR,3,3,0,0.0
route,SFB->TOL,1,1,0,0.0
route,SFB->TRI,1,1,0,0.0
route,SFB->TUL,1,1,0,0.0
route,SFB->TYS,5,5,0,0.0
route,SFB->XNA,1,1,0,0.0
route,SFO->ABQ,11,11,0,0.0
route,SFO->ACV,8,8,0,0.0
route,SFO->ATL,22,22,0,0.0
route,SFO->AUS,18,18,0,0.0
route,SFO->BFL,6,6,0,0.0
route,SFO->BNA,13,13,0,0.0
route,SFO->BOI,18,18,0,0.0
route,SFO->BOS,45,45,0,0.0
route,SFO->BUR,24,24,0,0.0
route,SFO->BWI,9,9,0,0.0
route,SFO->BZN,2,2,0,0.0
route,SFO->CLE,6,6,0,0.0
route,SFO->CLT,17,17,0,0.0
route,SFO->CMH,1,1,0,0.0
route,SFO->CVG,2,2,0,0.0
route,SFO->DAL,16,16,0,0.0
route,SFO->DCA,11,11,0,0.0
route,SFO->DEN,47,47,0,0.0
route,SFO->DFW,51,51,0,0.0
route,SFO->DSM,3,3,0,0.0
route,SFO->DTW,21,21,0,0.0
route,SFO->EUG,19,19,0,0.0
route,SFO->EWR,61,61,0,0.0
route,SFO->FAT,12,12,0,0.0
route,SFO->FLL,8,8,0,0.0
route,SFO->GEG,4,4,0,0.0
route,SFO->HNL,22,22,0,0.0
route,SFO->IAD,23,23,0,0.0
route,SFO->IAH,26,26,0,0.0
route,SFO->IND,8,8,0,0.0
route,SFO->JFK,73,73,0,0.0
route,SFO->KOA,10,10,0,0.0
route,SFO->LAS,83,83,0,0.0
route,SFO->LAX,140,140,0,0.0
route,SFO->LGB,7,7,0,0.0
route,SFO->LIH,7,7,0,0.0
route,SFO->MCI,8,8,0,0.0
route,SFO->MCO,12,12,0,0.0
route,SFO->MDW,14,14,0,0.0
route,SFO->MFR,10,10,0,0.0
route,SFO->MIA,13,13,0,0.0
route,SFO->MRY,5,5,0,0.0
route,SFO->MSN,4,4,0,0.0
route,SFO->MSO,1,1,0,0.0
route,SFO->MSP,14,14,0,0.0
route,SFO->MSY,5,5,0,0.0
route,SFO->OGG,16,16,0,0.0
route,SFO->OKC,6,6,0,0.0
route,SFO->OMA,3,3,0,0.0
route,SFO->ONT,29,29,0,0.0
route,SFO->ORD,67,67,0,0.0
route,SFO->OTH,3,3,0,0.0
route,SFO->PAE,3,3,0,0.0
route,SFO->PDX,51,51,0,0.0
route,SFO->PHL,20,20,0,0.0
route,SFO->PHX,41,41,0,0.0
route,SFO->PIT,5,5,0,0.0
route,SFO->PSC,3,3,0,0.0
route,SFO->PSP,21,21,0,0.0
route,SFO->RDD,11,11,0,0.0
route,SFO->RDM,14,14,0,0.0
route,SFO->RDU,15,15,0,0.0
route,SFO->RNO,12,12,0,0.0
route,SFO->SAN,56,56,0,0.0
route,SFO->SAT,4,4,0,0.0
route,SFO->SBA,18,18,0,0.0
route,SFO->SBP,6,6,0,0.0
route,SFO->SEA,108,108,0,0.0
route,SFO->SLC,36,36,0,0.0
route,SFO->SMF,15,15,0,0.0
route,SFO->SNA,42,42,0,0.0
route,SFO->STL,10,10,0,0.0
route,SFO->STS,6,6,0,0.0
route,SFO->TPA,4,4,0,0.0
route,SFO->TUS,6,6,0,0.0
route,SFO->XNA,3,3,0,0.0
route,SGF->ATL,12,12,0,0.0
route,SGF->AZA,2,2,0,0.0
route,SGF->CLT,13,13,0,0.0
route,SGF->DEN,10,10,0,0.0
route,SGF->DFW,32,32,0,0.0
route,SGF->IAH,6,6,0,0.0
route,SGF->LAX,3,3,0,0.0
route,SGF->ORD,36,36,0,0.0
route,SGU->DEN,6,6,0,0.0
route,SGU->DFW,2,2,0,0.0
route,SGU->LAX,5,5,0,0.0
route,SGU->PHX,7,7,0,0.0
route,SGU->SLC,11,11,0,0.0
route,SHD->ORD,1,1,0,0.0
route,SHV->ATL,28,28,0,0.0
route,SHV->CLT,6,6,0,0.0
route,SHV->DEN,4,4,0,0.0
route,SHV->DFW,13,13,0,0.0
route,SHV->IAH,12,12,0,0.0
route,SIT->JNU,5,5,0,0.0
route,SIT->KTN,5,5,0,0.0
route,SJC->ABQ,4,4,0,0.0
route,SJC->ATL,10,10,0,0.0
route,SJC->AUS,11,11,0,0.0
route,SJC->BNA,4,4,0,0.0
route,SJC->BOI,8,8,0,0.0
route,SJC->BOS,3,3,0,0.0
route,SJC->BUR,32,32,0,0.0
route,SJC->BWI,5,5,0,0.0
route,SJC->CVG,2,2,0,0.0
route,SJC->DAL,5,5,0,0.0
route,SJC->DEN,35,35,0,0.0
route,SJC->DFW,8,8,0,0.0
route,SJC->EWR,4,4,0,0.0
route,SJC->GEG,1,1,0,0.0
route,SJC->HNL,8,8,0,0.0
route,SJC->HOU,3,3,0,0.0
route,SJC->IAH,6,6,0,0.0
route,SJC->JFK,9,9,0,0.0
route,SJC->LAS,44,44,0,0.0
route,SJC->LAX,80,80,0,0.0
route,SJC->LGB,11,11,0,0.0
route,SJC->MCO,3,3,0,0.0
route,SJC->MDW,5,5,0,0.0
route,SJC->MSP,7,7,0,0.0
route,SJC->OGG,9,9,0,0.0
route,SJC->ONT,15,15,0,0.0
route,SJC->ORD,7,7,0,0.0
route,SJC->PAE,2,2,0,0.0
route,SJC->PDX,30,30,0,0.0
route,SJC->PHX,43,43,0,0.0
route,SJC->RNO,16,16,0,0.0
route,SJC->SAN,49,49,0,0.0
route,SJC->SAT,2,2,0,0.0
route,SJC->SEA,68,68,0,0.0
route,SJC->SLC,17,17,0,0.0
route,SJC->SNA,48,48,0,0.0
route,SJC->STL,3,3,0,0.0
route,SJC->TUL,2,2,0,0.0
route,SJC->TUS,3,3,0,0.0
route,SJT->DFW,13,13,0,0.0
route,SJU->ATL,10,10,0,0.0
route,SJU->BDL,3,3,0,0.0
route,SJU->BOS,8,8,0,0.0
route,SJU->BWI,5,5,0,0.0
route,SJU->CLT,2,2,0,0.0
route,SJU->DCA,4,4,0,0.0
route,SJU->DFW,2,2,0,0.0
route,SJU->EWR,4,4,0,0.0
route,SJU->FLL,17,17,0,0.0
route,SJU->IAD,1,1,0,0.0
route,SJU->IAH,6,6,0,0.0
route,SJU->JFK,18,18,0,0.0
route,SJU->MCO,36,36,0,0.0
route,SJU->MDW,2,2,0,0.0
route,SJU->MIA,18,18,0,0.0
route,SJU->ORD,4,4,0,0.0
route,SJU->PHL,11,11,0,0.0
route,SJU->RDU,1,1,0,0.0
route,SJU->SFB,1,1,0,0.0
route,SJU->STT,4,4,0,0.0
route,SJU->STX,3,3,0,0.0
route,SJU->TPA,8,8,0,0.0
route,SLC->ABQ,10,10,0,0.0
route,SLC->ASE,5,5,0,0.0
route,SLC->ATL,29,29,0,0.0
route,SLC->AUS,11,11,0,0.0
route,SLC->BIL,7,7,0,0.0
route,SLC->BNA,9,9,0,0.0
route,SLC->BOI,19,19,0,0.0
route,SLC->BOS,5,5,0,0.0
route,SLC->BTM,11,11,0,0.0
route,SLC->BUR,21,21,0,0.0
route,SLC->BWI,11,11,0,0.0
route,SLC->BZN,9,9,0,0.0
route,SLC->CDC,6,6,0,0.0
route,SLC->CLE,3,3,0,0.0
route,SLC->CLT,4,4,0,0.0
route,SLC->CMH,1,1,0,0.0
route,SLC->COD,3,3,0,0.0
route,SLC->COS,11,11,0,0.0
route,SLC->CPR,4,4,0,0.0
route,SLC->CVG,5,5,0,0.0
route,SLC->DAL,5,5,0,0.0
route,SLC->DCA,5,5,0,0.0
route,SLC->DEN,75,75,0,0.0
route,SLC->DFW,24,24,0,0.0
route,SLC->DSM,3,3,0,0.0
route,SLC->DTW,13,13,0,0.0
route,SLC->EKO,5,5,0,0.0
route,SLC->ELP,2,2,0,0.0
route,SLC->EUG,3,3,0,0.0
route,SLC->EWR,3,3,0,0.0
route,SLC->FAT,7,7,0,0.0
route,SLC->FCA,7,7,0,0.0
route,SLC->FLL,5,5,0,0.0
route,SLC->GEG,8,8,0,0.0
route,SLC->GJT,4,4,0,0.0
route,SLC->GTF,6,6,0,0.0
route,SLC->HLN,11,11,0,0.0
route,SLC->HNL,5,5,0,0.0
route,SLC->IAD,1,1,0,0.0
route,SLC->IAH,24,24,0,0.0
route,SLC->IDA,8,8,0,0.0
route,SLC->IND,5,5,0,0.0
route,SLC->JAC,11,11,0,0.0
route,SLC->JFK,15,15,0,0.0
route,SLC->LAS,38,38,0,0.0
route,SLC->LAX,62,62,0,0.0
route,SLC->LGB,24,24,0,0.0
route,SLC->LWS,5,5,0,0.0
route,SLC->MCI,9,9,0,0.0
route,SLC->MCO,19,19,0,0.0
route,SLC->MDW,7,7,0,0.0
route,SLC->MFR,5,5,0,0.0
route,SLC->MKE,2,2,0,0.0
route,SLC->MSN,3,3,0,0.0
route,SLC->MSO,7,7,0,0.0
route,SLC->MSP,12,12,0,0.0
route,SLC->MSY,1,1,0,0.0
route,SLC->OAK,24,24,0,0.0
route,SLC->OKC,4,4,0,0.0
route,SLC->OMA,7,7,0,0.0
route,SLC->ONT,18,18,0,0.0
route,SLC->ORD,33,33,0,0.0
route,SLC->PDX,24,24,0,0.0
route,SLC->PHL,3,3,0,0.0
route,SLC->PHX,55,55,0,0.0
route,SLC->PIH,12,12,0,0.0
route,SLC->PIT,4,4,0,0.0
route,SLC->PSC,10,10,0,0.0
route,SLC->PSP,9,9,0,0.0
route,SLC->RAP,2,2,0,0.0
route,SLC->RDM,4,4,0,0.0
route,SLC->RDU,1,1,0,0.0
route,SLC->RNO,17,17,0,0.0
route,SLC->SAN,23,23,0,0.0
route,SLC->SAT,5,5,0,0.0
route,SLC->SBA,3,3,0,0.0
route,SLC->SEA,39,39,0,0.0
route,SLC->SFO,22,22,0,0.0
route,SLC->SGU,16,16,0,0.0
route,SLC->SJC,17,17,0,0.0
route,SLC->SMF,8,8,0,0.0
route,SLC->SNA,18,18,0,0.0
route,SLC->STL,9,9,0,0.0
route,SLC->SUN,10,10,0,0.0
route,SLC->TPA,4,4,0,0.0
route,SLC->TUL,5,5,0,0.0
route,SLC->TUS,11,11,0,0.0
route,SLC->TWF,3,3,0,0.0
route,SLC->WYS,1,1,0,0.0
route,SLN->HYS,6,6,0,0.0
route,SLN->ORD,4,4,0,0.0
route,SMF->ATL,12,12,0,0.0
route,SMF->AUS,3,3,0,0.0
route,SMF->BOI,8,8,0,0.0
route,SMF->BUR,27,27,0,0.0
route,SMF->BWI,1,1,0,0.0
route,SMF->CLT,2,2,0,0.0
route,SMF->DAL,3,3,0,0.0
route,SMF->DEN,24,24,0,0.0
route,SMF->DFW,14,14,0,0.0
route,SMF->EWR,2,2,0,0.0
route,SMF->GEG,4,4,0,0.0
route,SMF->HNL,4,4,0,0.0
route,SMF->IAD,1,1,0,0.0
route,SMF->IAH,5,5,0,0.0
route,SMF->JFK,1,1,0,0.0
route,SMF->KOA,1,1,0,0.0
route,SMF->LAS,34,34,0,0.0
route,SMF->LAX,67,67,0,0.0
route,SMF->LGB,16,16,0,0.0
route,SMF->MCO,3,3,0,0.0
route,SMF->MDW,4,4,0,0.0
route,SMF->MSP,6,6,0,0.0
route,SMF->OGG,7,7,0,0.0
route,SMF->ONT,25,25,0,0.0
route,SMF->ORD,9,9,0,0.0
route,SMF->PDX,24,24,0,0.0
route,SMF->PHX,22,22,0,0.0
route,SMF->SAN,50,50,0,0.0
route,SMF->SEA,39,39,0,0.0
route,SMF->SFO,24,24,0,0.0
route,SMF->SLC,18,18,0,0.0
route,SMF->SNA,26,26,0,0.0
route,SMF->STL,6,6,0,0.0
route,SNA->ABQ,2,2,0,0.0
route,SNA->ATL,16,16,0,0.0
route,SNA->AUS,3,3,0,0.0
route,SNA->DEN,25,25,0,0.0
route,SNA->DFW,25,25,0,0.0
route,SNA->DTW,3,3,0,0.0
route,SNA->EWR,10,10,0,0.0
route,SNA->HOU,7,7,0,0.0
route,SNA->IAH,8,8,0,0.0
route,SNA->JFK,2,2,0,0.0
route,SNA->LAS,31,31,0,0.0
route,SNA->MSP,6,6,0,0.0
route,SNA->OAK,24,24,0,0.0
route,SNA->ORD,24,24,0,0.0
route,SNA->PAE,4,4,0,0.0
route,SNA->PDX,13,13,0,0.0
route,SNA->PHX,45,45,0,0.0
route,SNA->SAT,2,2,0,0.0
route,SNA->SEA,40,40,0,0.0
route,SNA->SFO,28,28,0,0.0
route,SNA->SJC,56,56,0,0.0
route,SNA->SLC,17,17,0,0.0
route,SNA->SMF,19,19,0,0.0
route,SNA->STS,5,5,0,0.0
route,SPI->DFW,10,10,0,0.0
route,SPI->ORD,6,6,0,0.0
route,SPI->PGD,1,1,0,0.0
route,SPN->GUM,3,3,0,0.0
route,SPS->DFW,11,11,0,0.0
route,SRQ->ATL,21,21,0,0.0
route,SRQ->BOS,2,2,0,0.0
route,SRQ->CLT,15,15,0,0.0
route,SRQ->CVG,2,2,0,0.0
route,SRQ->DCA,2,2,0,0.0
route,SRQ->DFW,5,5,0,0.0
route,SRQ->EWR,6,6,0,0.0
route,SRQ->IAD,1,1,0,0.0
route,SRQ->JFK,3,3,0,0.0
route,SRQ->LCK,2,2,0,0.0
route,SRQ->LGA,5,5,0,0.0
route,SRQ->ORD,2,2,0,0.0
route,STC->AZA,1,1,0,0.0
route,STL->ATL,30,30,0,0.0
route,STL->AUS,6,6,0,0.0
route,STL->BDL,3,3,0,0.0
route,STL->BNA,13,13,0,0.0
route,STL->BOS,13,13,0,0.0
route,STL->BWI,9,9,0,0.0
route,STL->CLE,7,7,0,0.0
route,STL->CLT,22,22,0,0.0
route,STL->CMH,8,8,0,0.0
route,STL->CVG,8,8,0,0.0
route,STL->DAL,15,15,0,0.0
route,STL->DCA,28,28,0,0.0
route,STL->DEN,44,44,0,0.0
route,STL->DFW,26,26,0,0.0
route,STL->DSM,6,6,0,0.0
route,STL->DTW,24,24,0,0.0
route,STL->EWR,31,31,0,0.0
route,STL->FLL,4,4,0,0.0
route,STL->HOU,14,14,0,0.0
route,STL->IAD,14,14,0,0.0
route,STL->IAH,14,14,0,0.0
route,STL->ICT,8,8,0,0.0
route,STL->JAX,1,1,0,0.0
route,STL->LAS,16,16,0,0.0
route,STL->LAX,18,18,0,0.0
route,STL->LGA,31,31,0,0.0
route,STL->LIT,10,10,0,0.0
route,STL->MCI,11,11,0,0.0
route,STL->MCO,19,19,0,0.0
route,STL->MDW,19,19,0,0.0
route,STL->MIA,8,8,0,0.0
route,STL->MKE,6,6,0,0.0
route,STL->MSP,21,21,0,0.0
route,STL->MSY,8,8,0,0.0
route,STL->OAK,4,4,0,0.0
route,STL->OKC,8,8,0,0.0
route,STL->OMA,15,15,0,0.0
route,STL->ORD,48,48,0,0.0
route,STL->PDX,3,3,0,0.0
route,STL->PHL,29,29,0,0.0
route,STL->PHX,10,10,0,0.0
route,STL->PIT,3,3,0,0.0
route,STL->RDU,1,1,0,0.0
route,STL->RSW,1,1,0,0.0
route,STL->SAN,9,9,0,0.0
route,STL->SAT,7,7,0,0.0
route,STL->SEA,10,10,0,0.0
route,STL->SFO,8,8,0,0.0
route,STL->SJC,2,2,0,0.0
route,STL->SLC,8,8,0,0.0
route,STL->TPA,13,13,0,0.0
route,STL->TUL,8,8,0,0.0
route,STS->DEN,2,2,0,0.0
route,STS->DFW,2,2,0,0.0
route,STS->LAX,10,10,0,0.0
route,STS->PDX,8,8,0,0.0
route,STS->PHX,2,2,0,0.0
route,STS->SAN,4,4,0,0.0
route,STS->SEA,4,4,0,0.0
route,STS->SFO,6,6,0,0.0
route,STS->SNA,1,1,0,0.0
route,STT->ATL,2,2,0,0.0
route,STT->CLT,1,1,0,0.0
route,STT->FLL,3,3,0,0.0
route,STT->MIA,4,4,0,0.0
route,STT->SJU,5,5,0,0.0
route,STX->FLL,1,1,0,0.0
route,STX->MIA,1,1,0,0.0
route,STX->SJU,4,4,0,0.0
route,SUN->LAX,1,1,0,0.0
route,SUN->SLC,12,12,0,0.0
route,SUX->DFW,6,6,0,0.0
route,SUX->ORD,9,9,0,0.0
route,SWF->DTW,5,5,0,0.0
route,SWF->FLL,2,2,0,0.0
route,SWF->MCO,2,2,0,0.0
route,SWF->PGD,2,2,0,0.0
route,SWF->PHL,9,9,0,0.0
route,SWF->SFB,1,1,0,0.0
route,SWO->DFW,9,9,0,0.0
route,SYR->ATL,10,10,0,0.0
route,SYR->BNA,1,1,0,0.0
route,SYR->BOS,4,4,0,0.0
route,SYR->CLT,10,10,0,0.0
route,SYR->DCA,10,10,0,0.0
route,SYR->DEN,2,2,0,0.0
route,SYR->DTW,15,15,0,0.0
route,SYR->EWR,12,12,0,0.0
route,SYR->IAD,8,8,0,0.0
route,SYR->JFK,15,15,0,0.0
route,SYR->LGA,12,12,0,0.0
route,SYR->MCO,4,4,0,0.0
route,SYR->MSP,2,2,0,0.0
route,SYR->MYR,1,1,0,0.0
route,SYR->ORD,34,34,0,0.0
route,SYR->PHL,24,24,0,0.0
route,SYR->PIE,1,1,0,0.0
route,SYR->SFB,1,1,0,0.0
route,TLH->ATL,15,15,0,0.0
route,TLH->CLT,13,13,0,0.0
route,TLH->DCA,1,1,0,0.0
route,TLH->DFW,11,11,0,0.0
route,TLH->MIA,10,10,0,0.0
route,TOL->CLT,6,6,0,0.0
route,TOL->ORD,5,5,0,0.0
route,TOL->PGD,1,1,0,0.0
route,TOL->PIE,2,2,0,0.0
route,TOL->SFB,1,1,0,0.0
route,TPA->ACY,3,3,0,0.0
route,TPA->ALB,4,4,0,0.0
route,TPA->ATL,69,69,0,0.0
route,TPA->AUS,6,6,0,0.0
route,TPA->AVL,1,1,0,0.0
route,TPA->BDL,12,12,0,0.0
route,TPA->BHM,4,4,0,0.0
route,TPA->BNA,11,11,0,0.0
route,TPA->BOS,25,25,0,0.0
route,TPA->BUF,4,4,0,0.0
route,TPA->BWI,21,21,0,0.0
route,TPA->CLE,15,15,0,0.0
route,TPA->CLT,32,32,0,0.0
route,TPA->CMH,12,12,0,0.0
route,TPA->CVG,6,6,0,0.0
route,TPA->DAL,6,6,0,0.0
route,TPA->DCA,21,21,0,0.0
route,TPA->DEN,16,16,0,0.0
route,TPA->DFW,18,18,0,0.0
route,TPA->DTW,12,12,0,0.0
route,TPA->EWR,32,32,0,0.0
route,TPA->FLL,14,14,0,0.0
route,TPA->GSO,2,2,0,0.0
route,TPA->HOU,6,6,0,0.0
route,TPA->HPN,2,2,0,0.0
route,TPA->IAD,11,11,0,0.0
route,TPA->IAH,19,19,0,0.0
route,TPA->IND,9,9,0,0.0
route,TPA->ISP,6,6,0,0.0
route,TPA->JFK,21,21,0,0.0
route,TPA->LAS,15,15,0,0.0
route,TPA->LAX,12,12,0,0.0
route,TPA->LGA,28,28,0,0.0
route,TPA->MCI,4,4,0,0.0
route,TPA->MDW,14,14,0,0.0
route,TPA->MEM,4,4,0,0.0
route,TPA->MHT,4,4,0,0.0
route,TPA->MIA,10,10,0,0.0
route,TPA->MKE,6,6,0,0.0
route,TPA->MSP,6,6,0,0.0
route,TPA->MSY,13,13,0,0.0
route,TPA->ORD,24,24,0,0.0
route,TPA->PHL,16,16,0,0.0
route,TPA->PHX,7,7,0,0.0
route,TPA->PIT,6,6,0,0.0
route,TPA->PVD,2,2,0,0.0
route,TPA->RDU,20,20,0,0.0
route,TPA->RIC,1,1,0,0.0
route,TPA->SAN,5,5,0,0.0
route,TPA->SAT,3,3,0,0.0
route,TPA->SDF,4,4,0,0.0
route,TPA->SEA,6,6,0,0.0
route,TPA->SFO,1,1,0,0.0
route,TPA->SJU,11,11,0,0.0
route,TPA->SLC,1,1,0,0.0
route,TPA->STL,10,10,0,0.0
route,TPA->TTN,3,3,0,0.0
route,TRI->ATL,27,27,0,0.0
route,TRI->CLT,14,14,0,0.0
route,TRI->DFW,2,2,0,0.0
route,TTN->ATL,2,2,0,0.0
route,TTN->BNA,1,1,0,0.0
route,TTN->CHS,4,4,0,0.0
route,TTN->CLT,4,4,0,0.0
route,TTN->DTW,2,2,0,0.0
route,TTN->JAX,1,1,0,0.0
route,TTN->MCO,1,1,0,0.0
route,TTN->MSP,2,2,0,0.0
route,TTN->MYR,1,1,0,0.0
route,TTN->ORD,4,4,0,0.0
route,TTN->RDU,4,4,0,0.0
route,TTN->TPA,3,3,0,0.0
route,TUL->ATL,17,17,0,0.0
route,TUL->CLT,3,3,0,0.0
route,TUL->DAL,14,14,0,0.0
route,TUL->DEN,22,22,0,0.0
route,TUL->DFW,23,23,0,0.0
route,TUL->HOU,14,14,0,0.0
route,TUL->IAD,2,2,0,0.0
route,TUL->IAH,16,16,0,0.0
route,TUL->LAS,6,6,0,0.0
route,TUL->LAX,1,1,0,0.0
route,TUL->MCO,1,1,0,0.0
route,TUL->MSP,2,2,0,0.0
route,TUL->ORD,17,17,0,0.0
route,TUL->PHX,4,4,0,0.0
route,TUL->SAT,1,1,0,0.0
route,TUL->SFB,1,1,0,0.0
route,TUL->SLC,3,3,0,0.0
route,TUL->STL,5,5,0,0.0
route,TUS->ATL,7,7,0,0.0
route,TUS->BLI,1,1,0,0.0
route,TUS->DEN,22,22,0,0.0
route,TUS->DFW,23,23,0,0.0
route,TUS->IAH,7,7,0,0.0
route,TUS->LAS,16,16,0,0.0
route,TUS->LAX,30,30,0,0.0
route,TUS->MDW,3,3,0,0.0
route,TUS->ORD,14,14,0,0.0
route,TUS->PHX,25,25,0,0.0
route,TUS->SAN,7,7,0,0.0
route,TUS->SEA,6,6,0,0.0
route,TUS->SFO,8,8,0,0.0
route,TUS->SJC,3,3,0,0.0
route,TUS->SLC,9,9,0,0.0
route,TVC->DTW,20,20,0,0.0
route,TVC->ORD,29,29,0,0.0
route,TWF->SLC,12,12,0,0.0
route,TXK->DFW,13,13,0,0.0
route,TYR->DEN,1,1,0,0.0
route,TYR->DFW,11,11,0,0.0
route,TYS->ATL,23,23,0,0.0
route,TYS->CLT,21,21,0,0.0
route,TYS->DCA,10,10,0,0.0
route,TYS->DEN,11,11,0,0.0
route,TYS->DFW,13,13,0,0.0
route,TYS->DTW,15,15,0,0.0
route,TYS->EWR,11,11,0,0.0
route,TYS->FLL,4,4,0,0.0
route,TYS->IAD,16,16,0,0.0
route,TYS->IAH,12,12,0,0.0
route,TYS->LGA,12,12,0,0.0
route,TYS->MIA,1,1,0,0.0
route,TYS->MSP,2,2,0,0.0
route,TYS->ORD,25,25,0,0.0
route,TYS->PGD,1,1,0,0.0
route,TYS->PHL,9,9,0,0.0
route,TYS->PIE,8,8,0,0.0
route,TYS->SFB,4,4,0,0.0
route,TYS->VPS,1,1,0,0.0
route,UIN->CGI,2,2,0,0.0
route,UIN->ORD,4,4,0,0.0
route,USA->FLL,2,2,0,0.0
route,USA->PGD,2,2,0,0.0
route,USA->PIE,3,3,0,0.0
route,USA->SFB,4,4,0,0.0
route,VEL->DEN,7,7,0,0.0
route,VLD->ATL,12,12,0,0.0
route,VPS->ATL,28,28,0,0.0
route,VPS->AUS,1,1,0,0.0
route,VPS->BLV,2,2,0,0.0
route,VPS->CLT,5,5,0,0.0
route,VPS->DCA,3,3,0,0.0
route,VPS->DFW,12,12,0,0.0
route,VPS->EWR,2,2,0,0.0
route,VPS->IAH,11,11,0,0.0
route,VPS->LCK,3,3,0,0.0
route,VPS->OKC,2,2,0,0.0
route,VPS->SDF,2,2,0,0.0
route,VPS->SGF,3,3,0,0.0
route,WRG->KTN,2,2,0,0.0
route,WRG->PSG,7,7,0,0.0
route,WYS->SLC,2,2,0,0.0
route,XNA->ATL,14,14,0,0.0
route,XNA->CLT,12,12,0,0.0
route,XNA->DCA,2,2,0,0.0
route,XNA->DEN,7,7,0,0.0
route,XNA->DFW,31,31,0,0.0
route,XNA->EWR,4,4,0,0.0
route,XNA->IAH,10,10,0,0.0
route,XNA->LAS,2,2,0,0.0
route,XNA->LAX,2,2,0,0.0
route,XNA->LGA,11,11,0,0.0
route,XNA->MSP,6,6,0,0.0
route,XNA->ORD,22,22,0,0.0
route,XNA->PHL,1,1,0,0.0
route,XNA->SFB,1,1,0,0.0
route,XNA->SFO,4,4,0,0.0
route,XWA->DEN,5,5,0,0.0
route,XWA->MSP,4,4,0,0.0
route,YAK->CDV,6,6,0,0.0
route,YAK->JNU,2,2,0,0.0
route,YKM->SEA,7,7,0,0.0
route,YUM->DFW,1,1,0,0.0
route,YUM->PHX,15,15,0,0.0
Day_of_Month,1,2432,2432,0,0.0
Day_of_Month,10,2454,2454,0,0.0
Day_of_Month,11,2466,2466,0,0.0
Day_of_Month,12,2202,2202,0,0.0
Day_of_Month,13,2125,2125,0,0.0
Day_of_Month,14,2360,2360,0,0.0
Day_of_Month,15,2435,2435,0,0.0
Day_of_Month,16,2373,2373,0,0.0
Day_of_Month,17,2500,2500,0,0.0
Day_of_Month,18,2529,2529,0,0.0
Day_of_Month,19,2250,2250,0,0.0
Day_of_Month,2,2286,2286,0,0.0
Day_of_Month,20,2125,2125,0,0.0
Day_of_Month,21,2361,2361,0,0.0
Day_of_Month,22,2394,2394,0,0.0
Day_of_Month,23,2323,2323,0,0.0
Day_of_Month,24,2387,2387,0,0.0
Day_of_Month,25,2508,2508,0,0.0
Day_of_Month,26,2225,2225,0,0.0
Day_of_Month,27,2081,2081,0,0.0
Day_of_Month,28,2266,2266,0,0.0
Day_of_Month,29,2249,2249,0,0.0
Day_of_Month,3,2293,2293,0,0.0
Day_of_Month,30,2223,2223,0,0.0
Day_of_Month,31,1968,1968,0,0.0
Day_of_Month,4,2460,2460,0,0.0
Day_of_Month,5,2208,2208,0,0.0
Day_of_Month,6,2075,2075,0,0.0
Day_of_Month,7,2372,2372,0,0.0
Day_of_Month,8,2402,2402,0,0.0
Day_of_Month,9,2418,2418,0,0.0
