dimension,value,eligible_rows,matched_rows,unmatched_rows,unmatched_rate
Carrier_ID(DOT),19393,11248,11248,0,0.0
Carrier_ID(DOT),19687,926,926,0,0.0
Carrier_ID(DOT),19690,725,725,0,0.0
Carrier_ID(DOT),19790,8376,8376,0,0.0
Carrier_ID(DOT),19805,7995,7995,0,0.0
Carrier_ID(DOT),19930,2297,2297,0,0.0
Carrier_ID(DOT),19977,5641,5641,0,0.0
Carrier_ID(DOT),20046,894,894,0,0.0
Carrier_ID(DOT),20225,11,11,0,0.0
Carrier_ID(DOT),20237,635,635,0,0.0
Carrier_ID(DOT),20263,66,66,0,0.0
Carrier_ID(DOT),20304,6750,6750,0,0.0
Carrier_ID(DOT),20363,2076,2076,0,0.0
Carrier_ID(DOT),20366,1415,1415,0,0.0
Carrier_ID(DOT),20368,606,606,0,0.0
Carrier_ID(DOT),20378,2054,2054,0,0.0
Carrier_ID(DOT),20397,2388,2388,0,0.0
Carrier_ID(DOT),20398,2750,2750,0,0.0
Carrier_ID(DOT),20409,2602,2602,0,0.0
Carrier_ID(DOT),20416,1562,1562,0,0.0
Carrier_ID(DOT),20427,897,897,0,0.0
Carrier_ID(DOT),20436,1157,1157,0,0.0
Carrier_ID(DOT),20445,556,556,0,0.0
Carrier_ID(DOT),20452,2680,2680,0,0.0
Carrier_ID(DOT),20500,686,686,0,0.0
Carrier_ID(DOT),21167,776,776,0,0.0
Airline,(missing),7299,7299,0,0.0
Airline,Air Wisconsin Airlines Corp,791,791,0,0.0
Airline,Alaska Airlines Inc.,2054,2054,0,0.0
Airline,Allegiant Air,546,546,0,0.0
Airline,American Airlines Inc.,7128,7128,0,0.0
Airline,Capital Cargo International,803,803,0,0.0
Airline,Comair Inc.,2092,2092,0,0.0
Airline,"Commutair Aka Champlain Enterprises, Inc.",486,486,0,0.0
Airline,Compass Airlines,711,711,0,0.0
Airline,Delta Air Lines Inc.,7459,7459,0,0.0
Airline,Empire Airlines Inc.,57,57,0,0.0
Airline,Endeavor Air Inc.,1883,1883,0,0.0
Airline,Envoy Air,2417,2417,0,0.0
Airline,ExpressJet Airlines Inc.,1257,1257,0,0.0
Airline,Frontier Airlines Inc.,1034,1034,0,0.0
Airline,"GoJet Airlines, LLC d/b/a United Express",611,611,0,0.0
Airline,Hawaiian Airlines Inc.,644,644,0,0.0
Airline,Horizon Air,840,840,0,0.0
Airline,JetBlue Airways,2334,2334,0,0.0
Airline,Mesa Airlines Inc.,1845,1845,0,0.0
Airline,Peninsula Airways Inc.,7,7,0,0.0
Airline,Republic Airlines,2401,2401,0,0.0
Airline,SkyWest Airlines Inc.,6033,6033,0,0.0
Airline,Southwest Airlines Co.,10065,10065,0,0.0
Airline,Spirit Air Lines,1407,1407,0,0.0
Airline,Trans States Airlines,566,566,0,0.0
Airline,United Air Lines Inc.,4999,4999,0,0.0
carrier_group,previously-absent operator,5447,5447,0,0.0
carrier_group,reporting carrier,62322,62322,0,0.0
route,ABE->ATL,11,11,0,0.0
route,ABE->BNA,1,1,0,0.0
route,ABE->CLT,7,7,0,0.0
route,ABE->DTW,8,8,0,0.0
route,ABE->ORD,11,11,0,0.0
route,ABE->PGD,2,2,0,0.0
route,ABE->PHL,9,9,0,0.0
route,ABE->PIE,1,1,0,0.0
route,ABE->SFB,2,2,0,0.0
route,ABI->DFW,22,22,0,0.0
route,ABQ->ATL,4,4,0,0.0
route,ABQ->AUS,3,3,0,0.0
route,ABQ->BWI,6,6,0,0.0
route,ABQ->DAL,15,15,0,0.0
route,ABQ->DEN,25,25,0,0.0
route,ABQ->DFW,19,19,0,0.0
route,ABQ->HOU,6,6,0,0.0
route,ABQ->IAH,14,14,0,0.0
route,ABQ->JFK,2,2,0,0.0
route,ABQ->LAS,12,12,0,0.0
route,ABQ->LAX,24,24,0,0.0
route,ABQ->MCI,4,4,0,0.0
route,ABQ->MCO,1,1,0,0.0
route,ABQ->MDW,6,6,0,0.0
route,ABQ->MSP,2,2,0,0.0
route,ABQ->OAK,8,8,0,0.0
route,ABQ->ORD,20,20,0,0.0
route,ABQ->PDX,8,8,0,0.0
route,ABQ->PHX,30,30,0,0.0
route,ABQ->SAN,9,9,0,0.0
route,ABQ->SEA,2,2,0,0.0
route,ABQ->SFO,10,10,0,0.0
route,ABQ->SJC,1,1,0,0.0
route,ABQ->SLC,11,11,0,0.0
route,ABQ->SNA,2,2,0,0.0
route,ABR->MSP,5,5,0,0.0
route,ABY->ATL,6,6,0,0.0
route,ACK->BOS,3,3,0,0.0
route,ACK->DCA,1,1,0,0.0
route,ACK->EWR,4,4,0,0.0
route,ACK->JFK,14,14,0,0.0
route,ACK->LGA,2,2,0,0.0
route,ACT->DFW,13,13,0,0.0
route,ACV->LAX,6,6,0,0.0
route,ACV->SFO,6,6,0,0.0
route,ACY->ATL,2,2,0,0.0
route,ACY->FLL,4,4,0,0.0
route,ACY->MCO,8,8,0,0.0
route,ACY->MSY,1,1,0,0.0
route,ACY->MYR,1,1,0,0.0
route,ACY->RSW,3,3,0,0.0
route,ACY->TPA,1,1,0,0.0
route,ADQ->ANC,3,3,0,0.0
route,AEX->ATL,13,13,0,0.0
route,AEX->DFW,11,11,0,0.0
route,AEX->IAH,10,10,0,0.0
route,AGS->ATL,23,23,0,0.0
route,AGS->CLT,14,14,0,0.0
route,AGS->DFW,2,2,0,0.0
route,ALB->ATL,11,11,0,0.0
route,ALB->BWI,12,12,0,0.0
route,ALB->CLT,13,13,0,0.0
route,ALB->DCA,12,12,0,0.0
route,ALB->DEN,3,3,0,0.0
route,ALB->DTW,10,10,0,0.0
route,ALB->EWR,19,19,0,0.0
route,ALB->FLL,1,1,0,0.0
route,ALB->IAD,5,5,0,0.0
route,ALB->MCO,4,4,0,0.0
route,ALB->MDW,5,5,0,0.0
route,ALB->MSP,1,1,0,0.0
route,ALB->MYR,2,2,0,0.0
route,ALB->ORD,13,13,0,0.0
route,ALB->PHL,14,14,0,0.0
route,ALB->RDU,1,1,0,0.0
route,ALB->SFB,1,1,0,0.0
route,ALO->ORD,5,5,0,0.0
route,ALW->SEA,7,7,0,0.0
route,AMA->DAL,11,11,0,0.0
route,AMA->DEN,8,8,0,0.0
route,AMA->DFW,15,15,0,0.0
route,AMA->IAH,8,8,0,0.0
route,AMA->LAS,4,4,0,0.0
route,AMA->PHX,1,1,0,0.0
route,ANC->ADQ,4,4,0,0.0
route,ANC->ATL,1,1,0,0.0
route,ANC->BET,10,10,0,0.0
route,ANC->DEN,6,6,0,0.0
route,ANC->DFW,4,4,0,0.0
route,ANC->DUT,4,4,0,0.0
route,ANC->FAI,15,15,0,0.0
route,ANC->HNL,4,4,0,0.0
route,ANC->JNU,14,14,0,0.0
route,ANC->LAX,2,2,0,0.0
route,ANC->MSP,4,4,0,0.0
route,ANC->OME,5,5,0,0.0
route,ANC->ORD,5,5,0,0.0
route,ANC->OTZ,3,3,0,0.0
route,ANC->PDX,10,10,0,0.0
route,ANC->SCC,8,8,0,0.0
route,ANC->SEA,65,65,0,0.0
route,ANC->SFO,1,1,0,0.0
route,APN->DTW,6,6,0,0.0
route,APN->PLN,6,6,0,0.0
route,ART->PHL,8,8,0,0.0
route,ASE->DEN,22,22,0,0.0
route,ASE->DFW,6,6,0,0.0
route,ASE->LAX,3,3,0,0.0
route,ASE->ORD,8,8,0,0.0
route,ASE->SLC,4,4,0,0.0
route,ATL->ABE,8,8,0,0.0
route,ATL->ABQ,14,14,0,0.0
route,ATL->ABY,9,9,0,0.0
route,ATL->ACY,3,3,0,0.0
route,ATL->AEX,9,9,0,0.0
route,ATL->AGS,18,18,0,0.0
route,ATL->ALB,9,9,0,0.0
route,ATL->ANC,2,2,0,0.0
route,ATL->ATW,8,8,0,0.0
route,ATL->AUS,45,45,0,0.0
route,ATL->AVL,20,20,0,0.0
route,ATL->AVP,2,2,0,0.0
route,ATL->BDL,25,25,0,0.0
route,ATL->BHM,36,36,0,0.0
route,ATL->BMI,10,10,0,0.0
route,ATL->BNA,45,45,0,0.0
route,ATL->BOS,54,54,0,0.0
route,ATL->BQK,5,5,0,0.0
route,ATL->BTR,14,14,0,0.0
route,ATL->BTV,6,6,0,0.0
route,ATL->BUF,14,14,0,0.0
route,ATL->BWI,66,66,0,0.0
route,ATL->CAE,22,22,0,0.0
route,ATL->CAK,2,2,0,0.0
route,ATL->CHA,35,35,0,0.0
route,ATL->CHO,13,13,0,0.0
route,ATL->CHS,23,23,0,0.0
route,ATL->CID,7,7,0,0.0
route,ATL->CLE,27,27,0,0.0
route,ATL->CLT,45,45,0,0.0
route,ATL->CMH,35,35,0,0.0
route,ATL->COS,8,8,0,0.0
route,ATL->CRW,10,10,0,0.0
route,ATL->CSG,8,8,0,0.0
route,ATL->CVG,33,33,0,0.0
route,ATL->DAB,19,19,0,0.0
route,ATL->DAL,38,38,0,0.0
route,ATL->DAY,14,14,0,0.0
route,ATL->DCA,58,58,0,0.0
route,ATL->DEN,33,33,0,0.0
route,ATL->DFW,54,54,0,0.0
route,ATL->DHN,14,14,0,0.0
route,ATL->DSM,9,9,0,0.0
route,ATL->DTW,47,47,0,0.0
route,ATL->ECP,19,19,0,0.0
route,ATL->ELP,6,6,0,0.0
route,ATL->EVV,6,6,0,0.0
route,ATL->EWN,3,3,0,0.0
route,ATL->EWR,61,61,0,0.0
route,ATL->EYW,13,13,0,0.0
route,ATL->FAY,11,11,0,0.0
route,ATL->FLL,74,74,0,0.0
route,ATL->FNT,6,6,0,0.0
route,ATL->FSD,2,2,0,0.0
route,ATL->FSM,7,7,0,0.0
route,ATL->FWA,6,6,0,0.0
route,ATL->GNV,13,13,0,0.0
route,ATL->GPT,14,14,0,0.0
route,ATL->GRB,9,9,0,0.0
route,ATL->GRR,13,13,0,0.0
route,ATL->GSO,20,20,0,0.0
route,ATL->GSP,36,36,0,0.0
route,ATL->GTR,9,9,0,0.0
route,ATL->HHH,2,2,0,0.0
route,ATL->HNL,5,5,0,0.0
route,ATL->HOU,30,30,0,0.0
route,ATL->HPN,26,26,0,0.0
route,ATL->HSV,20,20,0,0.0
route,ATL->IAD,42,42,0,0.0
route,ATL->IAH,48,48,0,0.0
route,ATL->ICT,8,8,0,0.0
route,ATL->ILM,11,11,0,0.0
route,ATL->IND,38,38,0,0.0
route,ATL->JAN,28,28,0,0.0
route,ATL->JAX,46,46,0,0.0
route,ATL->JFK,32,32,0,0.0
route,ATL->LAS,48,48,0,0.0
route,ATL->LAX,60,60,0,0.0
route,ATL->LEX,22,22,0,0.0
route,ATL->LFT,11,11,0,0.0
route,ATL->LGA,71,71,0,0.0
route,ATL->LIT,20,20,0,0.0
route,ATL->LNK,2,2,0,0.0
route,ATL->MCI,40,40,0,0.0
route,ATL->MCO,101,101,0,0.0
route,ATL->MDT,6,6,0,0.0
route,ATL->MDW,28,28,0,0.0
route,ATL->MEM,37,37,0,0.0
route,ATL->MGM,18,18,0,0.0
route,ATL->MHT,3,3,0,0.0
route,ATL->MIA,44,44,0,0.0
route,ATL->MKE,20,20,0,0.0
route,ATL->MLB,9,9,0,0.0
route,ATL->MLI,7,7,0,0.0
route,ATL->MLU,9,9,0,0.0
route,ATL->MOB,18,18,0,0.0
route,ATL->MSN,16,16,0,0.0
route,ATL->MSP,44,44,0,0.0
route,ATL->MSY,50,50,0,0.0
route,ATL->MYR,13,13,0,0.0
route,ATL->OAJ,12,12,0,0.0
route,ATL->OAK,3,3,0,0.0
route,ATL->OKC,18,18,0,0.0
route,ATL->OMA,14,14,0,0.0
route,ATL->ONT,2,2,0,0.0
route,ATL->ORD,80,80,0,0.0
route,ATL->ORF,21,21,0,0.0
route,ATL->PBI,29,29,0,0.0
route,ATL->PDX,10,10,0,0.0
route,ATL->PHF,7,7,0,0.0
route,ATL->PHL,41,41,0,0.0
route,ATL->PHX,19,19,0,0.0
route,ATL->PIA,3,3,0,0.0
route,ATL->PIT,26,26,0,0.0
route,ATL->PNS,26,26,0,0.0
route,ATL->PVD,6,6,0,0.0
route,ATL->PWM,6,6,0,0.0
route,ATL->RDU,42,42,0,0.0
route,ATL->RIC,38,38,0,0.0
route,ATL->ROA,15,15,0,0.0
route,ATL->ROC,9,9,0,0.0
route,ATL->RST,3,3,0,0.0
route,ATL->RSW,29,29,0,0.0
route,ATL->SAN,20,20,0,0.0
route,ATL->SAT,28,28,0,0.0
route,ATL->SAV,22,22,0,0.0
route,ATL->SBN,12,12,0,0.0
route,ATL->SDF,25,25,0,0.0
route,ATL->SEA,35,35,0,0.0
route,ATL->SFO,26,26,0,0.0
route,ATL->SGF,13,13,0,0.0
route,ATL->SHV,20,20,0,0.0
route,ATL->SJC,10,10,0,0.0
route,ATL->SJU,11,11,0,0.0
route,ATL->SLC,24,24,0,0.0
route,ATL->SMF,9,9,0,0.0
route,ATL->SNA,13,13,0,0.0
route,ATL->SRQ,17,17,0,0.0
route,ATL->STL,30,30,0,0.0
route,ATL->STT,3,3,0,0.0
route,ATL->SYR,11,11,0,0.0
route,ATL->TLH,18,18,0,0.0
route,ATL->TPA,53,53,0,0.0
route,ATL->TRI,11,11,0,0.0
route,ATL->TTN,2,2,0,0.0
route,ATL->TUL,13,13,0,0.0
route,ATL->TUS,5,5,0,0.0
route,ATL->TYS,27,27,0,0.0
route,ATL->VLD,7,7,0,0.0
route,ATL->VPS,14,14,0,0.0
route,ATL->XNA,15,15,0,0.0
route,ATW->ATL,5,5,0,0.0
route,ATW->DEN,3,3,0,0.0
route,ATW->DTW,7,7,0,0.0
route,ATW->LAS,2,2,0,0.0
route,ATW->MSP,13,13,0,0.0
route,ATW->ORD,25,25,0,0.0
route,ATW->PIE,1,1,0,0.0
route,ATY->DEN,1,1,0,0.0
route,ATY->PIR,1,1,0,0.0
route,AUS->ABQ,4,4,0,0.0
route,AUS->ATL,30,30,0,0.0
route,AUS->BNA,11,11,0,0.0
route,AUS->BOS,10,10,0,0.0
route,AUS->BUF,1,1,0,0.0
route,AUS->BWI,11,11,0,0.0
route,AUS->CHS,1,1,0,0.0
route,AUS->CLE,1,1,0,0.0
route,AUS->CLT,16,16,0,0.0
route,AUS->CMH,1,1,0,0.0
route,AUS->CVG,5,5,0,0.0
route,AUS->DAL,28,28,0,0.0
route,AUS->DCA,6,6,0,0.0
route,AUS->DEN,41,41,0,0.0
route,AUS->DFW,31,31,0,0.0
route,AUS->DTW,15,15,0,0.0
route,AUS->ECP,1,1,0,0.0
route,AUS->ELP,10,10,0,0.0
route,AUS->EWR,12,12,0,0.0
route,AUS->FLL,11,11,0,0.0
route,AUS->HOU,16,16,0,0.0
route,AUS->HRL,7,7,0,0.0
route,AUS->IAD,9,9,0,0.0
route,AUS->IAH,27,27,0,0.0
route,AUS->JFK,20,20,0,0.0
route,AUS->LAS,17,17,0,0.0
route,AUS->LAX,37,37,0,0.0
route,AUS->LBB,2,2,0,0.0
route,AUS->LGB,3,3,0,0.0
route,AUS->MCI,5,5,0,0.0
route,AUS->MCO,11,11,0,0.0
route,AUS->MDW,15,15,0,0.0
route,AUS->MIA,7,7,0,0.0
route,AUS->MSP,8,8,0,0.0
route,AUS->MSY,8,8,0,0.0
route,AUS->OAK,1,1,0,0.0
route,AUS->ONT,2,2,0,0.0
route,AUS->ORD,27,27,0,0.0
route,AUS->PDX,2,2,0,0.0
route,AUS->PHL,5,5,0,0.0
route,AUS->PHX,25,25,0,0.0
route,AUS->RDU,2,2,0,0.0
route,AUS->RNO,1,1,0,0.0
route,AUS->SAN,12,12,0,0.0
route,AUS->SEA,15,15,0,0.0
route,AUS->SFO,16,16,0,0.0
route,AUS->SJC,15,15,0,0.0
route,AUS->SLC,10,10,0,0.0
route,AUS->SMF,2,2,0,0.0
route,AUS->SNA,1,1,0,0.0
route,AUS->STL,6,6,0,0.0
route,AUS->TPA,1,1,0,0.0
route,AUS->VPS,1,1,0,0.0
route,AVL->ATL,17,17,0,0.0
route,AVL->BWI,1,1,0,0.0
route,AVL->CLT,16,16,0,0.0
route,AVL->DFW,2,2,0,0.0
route,AVL->DTW,1,1,0,0.0
route,AVL->EWR,9,9,0,0.0
route,AVL->FLL,5,5,0,0.0
route,AVL->IAD,3,3,0,0.0
route,AVL->LGA,2,2,0,0.0
route,AVL->MCO,1,1,0,0.0
route,AVL->ORD,17,17,0,0.0
route,AVL->PGD,1,1,0,0.0
route,AVL->PHL,2,2,0,0.0
route,AVL->PIE,4,4,0,0.0
route,AVL->SFB,1,1,0,0.0
route,AVL->TPA,2,2,0,0.0
route,AVP->ATL,6,6,0,0.0
route,AVP->CLT,14,14,0,0.0
route,AVP->DTW,7,7,0,0.0
route,AVP->EWR,3,3,0,0.0
route,AVP->IAD,8,8,0,0.0
route,AVP->ORD,19,19,0,0.0
route,AVP->PHL,11,11,0,0.0
route,AZA->BIL,1,1,0,0.0
route,AZA->BLI,2,2,0,0.0
route,AZA->BOI,1,1,0,0.0
route,AZA->BZN,2,2,0,0.0
route,AZA->CID,2,2,0,0.0
route,AZA->EUG,1,1,0,0.0
route,AZA->FAR,2,2,0,0.0
route,AZA->GFK,1,1,0,0.0
route,AZA->GJT,2,2,0,0.0
route,AZA->GRR,2,2,0,0.0
route,AZA->ICT,1,1,0,0.0
route,AZA->MSO,2,2,0,0.0
route,AZA->OMA,1,1,0,0.0
route,AZA->PIA,1,1,0,0.0
route,AZA->PVU,7,7,0,0.0
route,AZA->RAP,1,1,0,0.0
route,AZA->SBN,1,1,0,0.0
route,AZA->SCK,1,1,0,0.0
route,AZA->SGF,3,3,0,0.0
route,AZO->DTW,11,11,0,0.0
route,AZO->MSP,6,6,0,0.0
route,AZO->ORD,27,27,0,0.0
route,BDL->ATL,20,20,0,0.0
route,BDL->BWI,14,14,0,0.0
route,BDL->CLE,3,3,0,0.0
route,BDL->CLT,18,18,0,0.0
route,BDL->CVG,4,4,0,0.0
route,BDL->DCA,27,27,0,0.0
route,BDL->DEN,7,7,0,0.0
route,BDL->DFW,2,2,0,0.0
route,BDL->DTW,10,10,0,0.0
route,BDL->EWR,4,4,0,0.0
route,BDL->FLL,11,11,0,0.0
route,BDL->IAD,9,9,0,0.0
route,BDL->IAH,2,2,0,0.0
route,BDL->LAS,3,3,0,0.0
route,BDL->LAX,4,4,0,0.0
route,BDL->MCO,17,17,0,0.0
route,BDL->MDW,7,7,0,0.0
route,BDL->MIA,2,2,0,0.0
route,BDL->MSP,10,10,0,0.0
route,BDL->ORD,21,21,0,0.0
route,BDL->PBI,6,6,0,0.0
route,BDL->PHL,19,19,0,0.0
route,BDL->RDU,5,5,0,0.0
route,BDL->RSW,4,4,0,0.0
route,BDL->SJU,4,4,0,0.0
route,BDL->STL,3,3,0,0.0
route,BDL->TPA,9,9,0,0.0
route,BET->ANC,6,6,0,0.0
route,BFF->DEN,5,5,0,0.0
route,BFL->DEN,8,8,0,0.0
route,BFL->DFW,1,1,0,0.0
route,BFL->PHX,6,6,0,0.0
route,BFL->SFO,3,3,0,0.0
route,BFM->DEN,2,2,0,0.0
route,BFM->ORD,1,1,0,0.0
route,BGM->DTW,10,10,0,0.0
route,BGR->CLT,5,5,0,0.0
route,BGR->DCA,5,5,0,0.0
route,BGR->EWR,7,7,0,0.0
route,BGR->JFK,2,2,0,0.0
route,BGR->LGA,17,17,0,0.0
route,BGR->ORD,9,9,0,0.0
route,BGR->PHL,6,6,0,0.0
route,BGR->PIE,1,1,0,0.0
route,BHM->ATL,30,30,0,0.0
route,BHM->BWI,3,3,0,0.0
route,BHM->CLT,14,14,0,0.0
route,BHM->DAL,6,6,0,0.0
route,BHM->DCA,5,5,0,0.0
route,BHM->DEN,4,4,0,0.0
route,BHM->DFW,19,19,0,0.0
route,BHM->DTW,3,3,0,0.0
route,BHM->HOU,8,8,0,0.0
route,BHM->IAH,16,16,0,0.0
route,BHM->LAS,2,2,0,0.0
route,BHM->LGA,5,5,0,0.0
route,BHM->MCO,8,8,0,0.0
route,BHM->MDW,6,6,0,0.0
route,BHM->MIA,8,8,0,0.0
route,BHM->ORD,21,21,0,0.0
route,BHM->PHL,9,9,0,0.0
route,BHM->TPA,6,6,0,0.0
route,BIL->DEN,13,13,0,0.0
route,BIL->DFW,4,4,0,0.0
route,BIL->MSP,9,9,0,0.0
route,BIL->PDX,2,2,0,0.0
route,BIL->SEA,7,7,0,0.0
route,BIL->SLC,11,11,0,0.0
route,BIS->AZA,1,1,0,0.0
route,BIS->DEN,18,18,0,0.0
route,BIS->DFW,7,7,0,0.0
route,BIS->LAS,2,2,0,0.0
route,BIS->MSP,13,13,0,0.0
route,BIS->ORD,14,14,0,0.0
route,BJI->MSP,3,3,0,0.0
route,BKG->DEN,4,4,0,0.0
route,BKG->DFW,1,1,0,0.0
route,BKG->ORD,1,1,0,0.0
route,BLI->AZA,1,1,0,0.0
route,BLI->LAS,6,6,0,0.0
route,BLI->LAX,1,1,0,0.0
route,BLI->OAK,1,1,0,0.0
route,BLI->PSP,1,1,0,0.0
route,BLI->SEA,11,11,0,0.0
route,BLV->LAS,1,1,0,0.0
route,BLV->PGD,4,4,0,0.0
route,BLV->PIE,1,1,0,0.0
route,BLV->SFB,1,1,0,0.0
route,BLV->VPS,3,3,0,0.0
route,BMI->ATL,11,11,0,0.0
route,BMI->DEN,1,1,0,0.0
route,BMI->DFW,4,4,0,0.0
route,BMI->MCO,1,1,0,0.0
route,BMI->MSP,4,4,0,0.0
route,BMI->ORD,8,8,0,0.0
route,BNA->ATL,46,46,0,0.0
route,BNA->AUS,8,8,0,0.0
route,BNA->BOS,30,30,0,0.0
route,BNA->BWI,14,14,0,0.0
route,BNA->CHS,2,2,0,0.0
route,BNA->CLE,7,7,0,0.0
route,BNA->CLT,28,28,0,0.0
route,BNA->CMH,7,7,0,0.0
route,BNA->CVG,2,2,0,0.0
route,BNA->DAL,13,13,0,0.0
route,BNA->DCA,24,24,0,0.0
route,BNA->DEN,44,44,0,0.0
route,BNA->DFW,27,27,0,0.0
route,BNA->DTW,29,29,0,0.0
route,BNA->ECP,9,9,0,0.0
route,BNA->EWR,20,20,0,0.0
route,BNA->FLL,13,13,0,0.0
route,BNA->HOU,7,7,0,0.0
route,BNA->IAD,10,10,0,0.0
route,BNA->IAH,20,20,0,0.0
route,BNA->JAX,8,8,0,0.0
route,BNA->JFK,15,15,0,0.0
route,BNA->LAS,5,5,0,0.0
route,BNA->LAX,20,20,0,0.0
route,BNA->LGA,44,44,0,0.0
route,BNA->MCI,8,8,0,0.0
route,BNA->MCO,5,5,0,0.0
route,BNA->MDW,30,30,0,0.0
route,BNA->MIA,10,10,0,0.0
route,BNA->MKE,6,6,0,0.0
route,BNA->MSP,16,16,0,0.0
route,BNA->MSY,10,10,0,0.0
route,BNA->OAK,2,2,0,0.0
route,BNA->ORD,46,46,0,0.0
route,BNA->PHL,23,23,0,0.0
route,BNA->PHX,6,6,0,0.0
route,BNA->PIT,4,4,0,0.0
route,BNA->PNS,7,7,0,0.0
route,BNA->RDU,14,14,0,0.0
route,BNA->RIC,1,1,0,0.0
route,BNA->SAN,8,8,0,0.0
route,BNA->SAT,4,4,0,0.0
route,BNA->SAV,1,1,0,0.0
route,BNA->SEA,10,10,0,0.0
route,BNA->SFO,5,5,0,0.0
route,BNA->SJC,2,2,0,0.0
route,BNA->SLC,1,1,0,0.0
route,BNA->SRQ,3,3,0,0.0
route,BNA->STL,11,11,0,0.0
route,BNA->SYR,1,1,0,0.0
route,BNA->TPA,6,6,0,0.0
route,BNA->TTN,1,1,0,0.0
route,BNA->VPS,3,3,0,0.0
route,BOI->AZA,1,1,0,0.0
route,BOI->DEN,23,23,0,0.0
route,BOI->DFW,3,3,0,0.0
route,BOI->GEG,14,14,0,0.0
route,BOI->IAH,1,1,0,0.0
route,BOI->LAS,5,5,0,0.0
route,BOI->LAX,11,11,0,0.0
route,BOI->MDW,1,1,0,0.0
route,BOI->MSP,6,6,0,0.0
route,BOI->OAK,5,5,0,0.0
route,BOI->ORD,7,7,0,0.0
route,BOI->PDX,16,16,0,0.0
route,BOI->PHX,9,9,0,0.0
route,BOI->RNO,3,3,0,0.0
route,BOI->SAN,6,6,0,0.0
route,BOI->SEA,39,39,0,0.0
route,BOI->SFO,16,16,0,0.0
route,BOI->SJC,7,7,0,0.0
route,BOI->SLC,13,13,0,0.0
route,BOI->SMF,5,5,0,0.0
route,BOS->ACK,2,2,0,0.0
route,BOS->ATL,54,54,0,0.0
route,BOS->AUS,17,17,0,0.0
route,BOS->BNA,32,32,0,0.0
route,BOS->BUF,17,17,0,0.0
route,BOS->BUR,1,1,0,0.0
route,BOS->BWI,51,51,0,0.0
route,BOS->CHS,6,6,0,0.0
route,BOS->CLE,23,23,0,0.0
route,BOS->CLT,32,32,0,0.0
route,BOS->CMH,8,8,0,0.0
route,BOS->CVG,13,13,0,0.0
route,BOS->DAL,2,2,0,0.0
route,BOS->DCA,67,67,0,0.0
route,BOS->DEN,36,36,0,0.0
route,BOS->DFW,23,23,0,0.0
route,BOS->DTW,35,35,0,0.0
route,BOS->EWR,56,56,0,0.0
route,BOS->FLL,24,24,0,0.0
route,BOS->HNL,1,1,0,0.0
route,BOS->HOU,10,10,0,0.0
route,BOS->IAD,15,15,0,0.0
route,BOS->IAH,23,23,0,0.0
route,BOS->IND,16,16,0,0.0
route,BOS->JAX,21,21,0,0.0
route,BOS->JFK,54,54,0,0.0
route,BOS->LAS,21,21,0,0.0
route,BOS->LAX,59,59,0,0.0
route,BOS->LGA,88,88,0,0.0
route,BOS->LGB,6,6,0,0.0
route,BOS->MCI,9,9,0,0.0
route,BOS->MCO,41,41,0,0.0
route,BOS->MDT,2,2,0,0.0
route,BOS->MDW,10,10,0,0.0
route,BOS->MIA,13,13,0,0.0
route,BOS->MKE,9,9,0,0.0
route,BOS->MSP,24,24,0,0.0
route,BOS->MSY,8,8,0,0.0
route,BOS->MVY,2,2,0,0.0
route,BOS->MYR,1,1,0,0.0
route,BOS->ORD,77,77,0,0.0
route,BOS->ORF,1,1,0,0.0
route,BOS->PBI,8,8,0,0.0
route,BOS->PDX,15,15,0,0.0
route,BOS->PHL,46,46,0,0.0
route,BOS->PHX,10,10,0,0.0
route,BOS->PIT,41,41,0,0.0
route,BOS->RDU,57,57,0,0.0
route,BOS->RIC,28,28,0,0.0
route,BOS->ROC,9,9,0,0.0
route,BOS->RSW,11,11,0,0.0
route,BOS->SAN,14,14,0,0.0
route,BOS->SAV,5,5,0,0.0
route,BOS->SEA,30,30,0,0.0
route,BOS->SFO,63,63,0,0.0
route,BOS->SJC,3,3,0,0.0
route,BOS->SJU,7,7,0,0.0
route,BOS->SLC,9,9,0,0.0
route,BOS->SMF,1,1,0,0.0
route,BOS->SRQ,5,5,0,0.0
route,BOS->STL,9,9,0,0.0
route,BOS->SYR,9,9,0,0.0
route,BOS->TPA,21,21,0,0.0
route,BPT->DFW,9,9,0,0.0
route,BQK->ATL,11,11,0,0.0
route,BQN->EWR,1,1,0,0.0
route,BQN->FLL,2,2,0,0.0
route,BQN->JFK,4,4,0,0.0
route,BQN->MCO,4,4,0,0.0
route,BRD->MSP,3,3,0,0.0
route,BRO->DFW,7,7,0,0.0
route,BRO->IAH,13,13,0,0.0
route,BRW->ANC,2,2,0,0.0
route,BRW->FAI,2,2,0,0.0
route,BTM->SLC,3,3,0,0.0
route,BTR->ATL,22,22,0,0.0
route,BTR->CLT,6,6,0,0.0
route,BTR->DFW,22,22,0,0.0
route,BTR->IAH,18,18,0,0.0
route,BTV->ATL,2,2,0,0.0
route,BTV->CLT,7,7,0,0.0
route,BTV->DCA,7,7,0,0.0
route,BTV->DTW,10,10,0,0.0
route,BTV->EWR,20,20,0,0.0
route,BTV->IAD,13,13,0,0.0
route,BTV->JFK,16,16,0,0.0
route,BTV->LGA,7,7,0,0.0
route,BTV->ORD,20,20,0,0.0
route,BTV->PHL,4,4,0,0.0
route,BUF->ATL,11,11,0,0.0
route,BUF->BOS,22,22,0,0.0
route,BUF->BWI,17,17,0,0.0
route,BUF->CLT,9,9,0,0.0
route,BUF->DCA,5,5,0,0.0
route,BUF->DFW,1,1,0,0.0
route,BUF->DTW,17,17,0,0.0
route,BUF->EWR,22,22,0,0.0
route,BUF->FLL,7,7,0,0.0
route,BUF->IAD,20,20,0,0.0
route,BUF->JFK,26,26,0,0.0
route,BUF->LAS,6,6,0,0.0
route,BUF->LAX,3,3,0,0.0
route,BUF->LGA,8,8,0,0.0
route,BUF->MCO,16,16,0,0.0
route,BUF->MDW,6,6,0,0.0
route,BUF->MSP,2,2,0,0.0
route,BUF->ORD,26,26,0,0.0
route,BUF->PHL,16,16,0,0.0
route,BUF->PHX,3,3,0,0.0
route,BUF->TPA,2,2,0,0.0
route,BUR->BOS,2,2,0,0.0
route,BUR->DAL,7,7,0,0.0
route,BUR->DEN,15,15,0,0.0
route,BUR->DFW,4,4,0,0.0
route,BUR->HOU,3,3,0,0.0
route,BUR->JFK,5,5,0,0.0
route,BUR->LAS,40,40,0,0.0
route,BUR->OAK,37,37,0,0.0
route,BUR->PDX,6,6,0,0.0
route,BUR->PHX,20,20,0,0.0
route,BUR->SEA,9,9,0,0.0
route,BUR->SFO,28,28,0,0.0
route,BUR->SJC,33,33,0,0.0
route,BUR->SLC,13,13,0,0.0
route,BUR->SMF,27,27,0,0.0
route,BWI->ABQ,8,8,0,0.0
route,BWI->ALB,16,16,0,0.0
route,BWI->ATL,60,60,0,0.0
route,BWI->AUS,5,5,0,0.0
route,BWI->AVL,1,1,0,0.0
route,BWI->BDL,12,12,0,0.0
route,BWI->BHM,2,2,0,0.0
route,BWI->BNA,18,18,0,0.0
route,BWI->BOS,53,53,0,0.0
route,BWI->BUF,17,17,0,0.0
route,BWI->CHS,11,11,0,0.0
route,BWI->CLE,9,9,0,0.0
route,BWI->CLT,24,24,0,0.0
route,BWI->CMH,11,11,0,0.0
route,BWI->CVG,18,18,0,0.0
route,BWI->DAL,9,9,0,0.0
route,BWI->DEN,39,39,0,0.0
route,BWI->DFW,12,12,0,0.0
route,BWI->DTW,29,29,0,0.0
route,BWI->EWR,8,8,0,0.0
route,BWI->FLL,38,38,0,0.0
route,BWI->GRR,3,3,0,0.0
route,BWI->HOU,8,8,0,0.0
route,BWI->IAH,6,6,0,0.0
route,BWI->IND,10,10,0,0.0
route,BWI->ISP,12,12,0,0.0
route,BWI->JAX,16,16,0,0.0
route,BWI->JFK,16,16,0,0.0
route,BWI->LAS,12,12,0,0.0
route,BWI->LAX,25,25,0,0.0
route,BWI->MCI,10,10,0,0.0
route,BWI->MCO,27,27,0,0.0
route,BWI->MDW,19,19,0,0.0
route,BWI->MEM,1,1,0,0.0
route,BWI->MHT,23,23,0,0.0
route,BWI->MIA,3,3,0,0.0
route,BWI->MKE,9,9,0,0.0
route,BWI->MSP,22,22,0,0.0
route,BWI->MSY,8,8,0,0.0
route,BWI->MYR,5,5,0,0.0
route,BWI->OAK,2,2,0,0.0
route,BWI->OKC,4,4,0,0.0
route,BWI->ORD,30,30,0,0.0
route,BWI->ORF,9,9,0,0.0
route,BWI->PBI,10,10,0,0.0
route,BWI->PHL,12,12,0,0.0
route,BWI->PHX,15,15,0,0.0
route,BWI->PIT,8,8,0,0.0
route,BWI->PVD,25,25,0,0.0
route,BWI->PWM,11,11,0,0.0
route,BWI->RDU,21,21,0,0.0
route,BWI->ROC,2,2,0,0.0
route,BWI->RSW,10,10,0,0.0
route,BWI->SAN,11,11,0,0.0
route,BWI->SAT,6,6,0,0.0
route,BWI->SAV,1,1,0,0.0
route,BWI->SDF,9,9,0,0.0
route,BWI->SEA,6,6,0,0.0
route,BWI->SFO,7,7,0,0.0
route,BWI->SJU,3,3,0,0.0
route,BWI->SLC,4,4,0,0.0
route,BWI->SMF,3,3,0,0.0
route,BWI->STL,12,12,0,0.0
route,BWI->TPA,33,33,0,0.0
route,BZN->AZA,1,1,0,0.0
route,BZN->DEN,13,13,0,0.0
route,BZN->DFW,4,4,0,0.0
route,BZN->EWR,1,1,0,0.0
route,BZN->LAX,2,2,0,0.0
route,BZN->MSP,11,11,0,0.0
route,BZN->ORD,8,8,0,0.0
route,BZN->PDX,6,6,0,0.0
route,BZN->SEA,16,16,0,0.0
route,BZN->SFO,2,2,0,0.0
route,BZN->SLC,11,11,0,0.0
route,CAE->ATL,20,20,0,0.0
route,CAE->CLT,22,22,0,0.0
route,CAE->DCA,9,9,0,0.0
route,CAE->DFW,5,5,0,0.0
route,CAE->IAD,8,8,0,0.0
route,CAE->IAH,2,2,0,0.0
route,CAE->LGA,7,7,0,0.0
route,CAE->ORD,12,12,0,0.0
route,CAE->PHL,13,13,0,0.0
route,CAK->ATL,9,9,0,0.0
route,CAK->CLT,11,11,0,0.0
route,CAK->DCA,2,2,0,0.0
route,CAK->DTW,6,6,0,0.0
route,CAK->EWR,3,3,0,0.0
route,CAK->IAH,5,5,0,0.0
route,CAK->LGA,4,4,0,0.0
route,CAK->MCO,5,5,0,0.0
route,CAK->ORD,16,16,0,0.0
route,CAK->PHL,2,2,0,0.0
route,CDC->SLC,13,13,0,0.0
route,CDV->ANC,2,2,0,0.0
route,CDV->YAK,7,7,0,0.0
route,CGI->ORD,2,2,0,0.0
route,CGI->UIN,2,2,0,0.0
route,CHA->ATL,24,24,0,0.0
route,CHA->CLT,21,21,0,0.0
route,CHA->DCA,3,3,0,0.0
route,CHA->DFW,5,5,0,0.0
route,CHA->DTW,2,2,0,0.0
route,CHA->EWR,2,2,0,0.0
route,CHA->IAD,3,3,0,0.0
route,CHA->LGA,2,2,0,0.0
route,CHA->ORD,3,3,0,0.0
route,CHA->PHL,4,4,0,0.0
route,CHA->PIE,1,1,0,0.0
route,CHO->ATL,11,11,0,0.0
route,CHO->CLT,23,23,0,0.0
route,CHO->IAD,12,12,0,0.0
route,CHO->LGA,13,13,0,0.0
route,CHO->ORD,12,12,0,0.0
route,CHO->PHL,4,4,0,0.0
route,CHS->ATL,28,28,0,0.0
route,CHS->BNA,3,3,0,0.0
route,CHS->BOS,9,9,0,0.0
route,CHS->BWI,10,10,0,0.0
route,CHS->CLT,26,26,0,0.0
route,CHS->DAL,1,1,0,0.0
route,CHS->DCA,19,19,0,0.0
route,CHS->DEN,2,2,0,0.0
route,CHS->DFW,6,6,0,0.0
route,CHS->DTW,4,4,0,0.0
route,CHS->EWR,11,11,0,0.0
route,CHS->FLL,2,2,0,0.0
route,CHS->IAD,6,6,0,0.0
route,CHS->IAH,4,4,0,0.0
route,CHS->JFK,12,12,0,0.0
route,CHS->LGA,9,9,0,0.0
route,CHS->MDW,6,6,0,0.0
route,CHS->MIA,8,8,0,0.0
route,CHS->MSP,2,2,0,0.0
route,CHS->ORD,19,19,0,0.0
route,CHS->PHL,13,13,0,0.0
route,CHS->PIT,1,1,0,0.0
route,CHS->SEA,3,3,0,0.0
route,CHS->TTN,2,2,0,0.0
route,CID->ATL,10,10,0,0.0
route,CID->AZA,2,2,0,0.0
route,CID->CLT,9,9,0,0.0
route,CID->DEN,12,12,0,0.0
route,CID->DFW,11,11,0,0.0
route,CID->DTW,15,15,0,0.0
route,CID->LAS,1,1,0,0.0
route,CID->MSP,20,20,0,0.0
route,CID->ORD,37,37,0,0.0
route,CID->SFB,2,2,0,0.0
route,CIU->DTW,5,5,0,0.0
route,CIU->MSP,3,3,0,0.0
route,CKB->IAD,3,3,0,0.0
route,CKB->ORD,7,7,0,0.0
route,CLE->ATL,27,27,0,0.0
route,CLE->BDL,2,2,0,0.0
route,CLE->BNA,11,11,0,0.0
route,CLE->BOS,13,13,0,0.0
route,CLE->BWI,10,10,0,0.0
route,CLE->CHS,1,1,0,0.0
route,CLE->CLT,16,16,0,0.0
route,CLE->DCA,17,17,0,0.0
route,CLE->DEN,21,21,0,0.0
route,CLE->DFW,21,21,0,0.0
route,CLE->DTW,13,13,0,0.0
route,CLE->EWR,16,16,0,0.0
route,CLE->FLL,6,6,0,0.0
route,CLE->IAD,21,21,0,0.0
route,CLE->IAH,13,13,0,0.0
route,CLE->JFK,12,12,0,0.0
route,CLE->LAS,14,14,0,0.0
route,CLE->LAX,8,8,0,0.0
route,CLE->LGA,34,34,0,0.0
route,CLE->MCO,7,7,0,0.0
route,CLE->MDW,12,12,0,0.0
route,CLE->MIA,7,7,0,0.0
route,CLE->MKE,11,11,0,0.0
route,CLE->MSP,14,14,0,0.0
route,CLE->MSY,1,1,0,0.0
route,CLE->MYR,4,4,0,0.0
route,CLE->ORD,45,45,0,0.0
route,CLE->PHL,16,16,0,0.0
route,CLE->PHX,7,7,0,0.0
route,CLE->PIE,1,1,0,0.0
route,CLE->RDU,3,3,0,0.0
route,CLE->RSW,5,5,0,0.0
route,CLE->SAT,1,1,0,0.0
route,CLE->SAV,1,1,0,0.0
route,CLE->SFB,2,2,0,0.0
route,CLE->SFO,3,3,0,0.0
route,CLE->SRQ,1,1,0,0.0
route,CLE->STL,5,5,0,0.0
route,CLE->TPA,4,4,0,0.0
route,CLL->DFW,13,13,0,0.0
route,CLL->IAH,12,12,0,0.0
route,CLT->ABE,11,11,0,0.0
route,CLT->AGS,19,19,0,0.0
route,CLT->ALB,4,4,0,0.0
route,CLT->ATL,70,70,0,0.0
route,CLT->AUS,13,13,0,0.0
route,CLT->AVL,26,26,0,0.0
route,CLT->AVP,7,7,0,0.0
route,CLT->BDL,14,14,0,0.0
route,CLT->BGR,7,7,0,0.0
route,CLT->BHM,25,25,0,0.0
route,CLT->BNA,30,30,0,0.0
route,CLT->BOS,37,37,0,0.0
route,CLT->BTR,11,11,0,0.0
route,CLT->BTV,4,4,0,0.0
route,CLT->BUF,9,9,0,0.0
route,CLT->BWI,34,34,0,0.0
route,CLT->CAE,28,28,0,0.0
route,CLT->CAK,12,12,0,0.0
route,CLT->CHA,28,28,0,0.0
route,CLT->CHO,22,22,0,0.0
route,CLT->CHS,27,27,0,0.0
route,CLT->CID,5,5,0,0.0
route,CLT->CLE,22,22,0,0.0
route,CLT->CMH,20,20,0,0.0
route,CLT->CMI,1,1,0,0.0
route,CLT->CRW,16,16,0,0.0
route,CLT->CVG,27,27,0,0.0
route,CLT->DAB,12,12,0,0.0
route,CLT->DAL,3,3,0,0.0
route,CLT->DAY,18,18,0,0.0
route,CLT->DCA,30,30,0,0.0
route,CLT->DEN,27,27,0,0.0
route,CLT->DFW,23,23,0,0.0
route,CLT->DSM,10,10,0,0.0
route,CLT->DTW,39,39,0,0.0
route,CLT->ECP,9,9,0,0.0
route,CLT->ERI,4,4,0,0.0
route,CLT->EVV,5,5,0,0.0
route,CLT->EWN,13,13,0,0.0
route,CLT->EWR,42,42,0,0.0
route,CLT->FAY,19,19,0,0.0
route,CLT->FLL,24,24,0,0.0
route,CLT->FLO,13,13,0,0.0
route,CLT->FNT,2,2,0,0.0
route,CLT->FWA,7,7,0,0.0
route,CLT->GNV,14,14,0,0.0
route,CLT->GPT,2,2,0,0.0
route,CLT->GRR,4,4,0,0.0
route,CLT->GSO,24,24,0,0.0
route,CLT->GSP,23,23,0,0.0
route,CLT->HHH,11,11,0,0.0
route,CLT->HOU,5,5,0,0.0
route,CLT->HPN,13,13,0,0.0
route,CLT->HSV,13,13,0,0.0
route,CLT->HTS,7,7,0,0.0
route,CLT->IAD,30,30,0,0.0
route,CLT->IAH,30,30,0,0.0
route,CLT->ILM,29,29,0,0.0
route,CLT->IND,32,32,0,0.0
route,CLT->JAN,11,11,0,0.0
route,CLT->JAX,20,20,0,0.0
route,CLT->JFK,37,37,0,0.0
route,CLT->LAS,23,23,0,0.0
route,CLT->LAX,27,27,0,0.0
route,CLT->LEX,17,17,0,0.0
route,CLT->LGA,55,55,0,0.0
route,CLT->LIT,9,9,0,0.0
route,CLT->LYH,23,23,0,0.0
route,CLT->MCI,12,12,0,0.0
route,CLT->MCO,32,32,0,0.0
route,CLT->MDT,13,13,0,0.0
route,CLT->MDW,8,8,0,0.0
route,CLT->MEM,15,15,0,0.0
route,CLT->MGM,12,12,0,0.0
route,CLT->MHT,12,12,0,0.0
route,CLT->MIA,21,21,0,0.0
route,CLT->MKE,13,13,0,0.0
route,CLT->MLB,10,10,0,0.0
route,CLT->MOB,16,16,0,0.0
route,CLT->MSN,7,7,0,0.0
route,CLT->MSP,16,16,0,0.0
route,CLT->MSY,18,18,0,0.0
route,CLT->MYR,29,29,0,0.0
route,CLT->OAJ,23,23,0,0.0
route,CLT->OKC,9,9,0,0.0
route,CLT->OMA,9,9,0,0.0
route,CLT->ORD,49,49,0,0.0
route,CLT->ORF,28,28,0,0.0
route,CLT->PBI,13,13,0,0.0
route,CLT->PDX,6,6,0,0.0
route,CLT->PGV,12,12,0,0.0
route,CLT->PHF,18,18,0,0.0
route,CLT->PHL,23,23,0,0.0
route,CLT->PHX,23,23,0,0.0
route,CLT->PIA,4,4,0,0.0
route,CLT->PIT,38,38,0,0.0
route,CLT->PNS,13,13,0,0.0
route,CLT->PVD,22,22,0,0.0
route,CLT->PWM,11,11,0,0.0
route,CLT->RAP,2,2,0,0.0
route,CLT->RDU,27,27,0,0.0
route,CLT->RIC,29,29,0,0.0
route,CLT->ROA,23,23,0,0.0
route,CLT->ROC,7,7,0,0.0
route,CLT->RSW,16,16,0,0.0
route,CLT->SAN,14,14,0,0.0
route,CLT->SAT,10,10,0,0.0
route,CLT->SAV,23,23,0,0.0
route,CLT->SBN,5,5,0,0.0
route,CLT->SBY,9,9,0,0.0
route,CLT->SDF,23,23,0,0.0
route,CLT->SEA,15,15,0,0.0
route,CLT->SFO,14,14,0,0.0
route,CLT->SGF,9,9,0,0.0
route,CLT->SHV,6,6,0,0.0
route,CLT->SJC,2,2,0,0.0
route,CLT->SJU,3,3,0,0.0
route,CLT->SLC,6,6,0,0.0
route,CLT->SMF,7,7,0,0.0
route,CLT->SRQ,11,11,0,0.0
route,CLT->STL,17,17,0,0.0
route,CLT->STT,1,1,0,0.0
route,CLT->SYR,12,12,0,0.0
route,CLT->TLH,12,12,0,0.0
route,CLT->TOL,4,4,0,0.0
route,CLT->TPA,28,28,0,0.0
route,CLT->TRI,11,11,0,0.0
route,CLT->TTN,2,2,0,0.0
route,CLT->TUL,9,9,0,0.0
route,CLT->TUS,1,1,0,0.0
route,CLT->TYS,26,26,0,0.0
route,CLT->VPS,12,12,0,0.0
route,CLT->XNA,14,14,0,0.0
route,CMH->ATL,32,32,0,0.0
route,CMH->BNA,5,5,0,0.0
route,CMH->BOS,12,12,0,0.0
route,CMH->BWI,14,14,0,0.0
route,CMH->CLT,20,20,0,0.0
route,CMH->DCA,18,18,0,0.0
route,CMH->DEN,3,3,0,0.0
route,CMH->DFW,13,13,0,0.0
route,CMH->DTW,22,22,0,0.0
route,CMH->EWR,17,17,0,0.0
route,CMH->FLL,5,5,0,0.0
route,CMH->HOU,1,1,0,0.0
route,CMH->IAD,16,16,0,0.0
route,CMH->IAH,10,10,0,0.0
route,CMH->JFK,3,3,0,0.0
route,CMH->LAS,5,5,0,0.0
route,CMH->LAX,4,4,0,0.0
route,CMH->LGA,38,38,0,0.0
route,CMH->MCO,8,8,0,0.0
route,CMH->MDW,16,16,0,0.0
route,CMH->MIA,10,10,0,0.0
route,CMH->MSP,11,11,0,0.0
route,CMH->MSY,3,3,0,0.0
route,CMH->MYR,1,1,0,0.0
route,CMH->OAK,1,1,0,0.0
route,CMH->ORD,50,50,0,0.0
route,CMH->PHL,17,17,0,0.0
route,CMH->PHX,11,11,0,0.0
route,CMH->RDU,2,2,0,0.0
route,CMH->RSW,4,4,0,0.0
route,CMH->SAT,1,1,0,0.0
route,CMH->SEA,4,4,0,0.0
route,CMH->SFO,1,1,0,0.0
route,CMH->SLC,1,1,0,0.0
route,CMH->STL,7,7,0,0.0
route,CMH->TPA,2,2,0,0.0
route,CMI->CLT,1,1,0,0.0
route,CMI->DFW,5,5,0,0.0
route,CMI->ORD,19,19,0,0.0
route,CMX->ORD,9,9,0,0.0
route,CNY->DEN,5,5,0,0.0
route,COD->DEN,7,7,0,0.0
route,COD->ORD,1,1,0,0.0
route,COD->SLC,3,3,0,0.0
route,COS->ATL,5,5,0,0.0
route,COS->DEN,43,43,0,0.0
route,COS->DFW,12,12,0,0.0
route,COS->IAH,6,6,0,0.0
route,COS->LAS,7,7,0,0.0
route,COS->LAX,6,6,0,0.0
route,COS->MSP,1,1,0,0.0
route,COS->ORD,16,16,0,0.0
route,COS->PHX,2,2,0,0.0
route,COS->SAT,2,2,0,0.0
route,COS->SLC,7,7,0,0.0
route,COU->DEN,5,5,0,0.0
route,COU->DFW,4,4,0,0.0
route,COU->ORD,14,14,0,0.0
route,CPR->DEN,9,9,0,0.0
route,CPR->SLC,1,1,0,0.0
route,CRP->DFW,18,18,0,0.0
route,CRP->HOU,9,9,0,0.0
route,CRP->IAH,11,11,0,0.0
route,CRW->ATL,11,11,0,0.0
route,CRW->CLT,20,20,0,0.0
route,CRW->DCA,4,4,0,0.0
route,CRW->IAD,1,1,0,0.0
route,CRW->IAH,1,1,0,0.0
route,CRW->ORD,13,13,0,0.0
route,CRW->PHL,4,4,0,0.0
route,CSG->ATL,7,7,0,0.0
route,CVG->ATL,28,28,0,0.0
route,CVG->AZA,2,2,0,0.0
route,CVG->BDL,4,4,0,0.0
route,CVG->BNA,2,2,0,0.0
route,CVG->BOS,17,17,0,0.0
route,CVG->BWI,17,17,0,0.0
route,CVG->CLT,27,27,0,0.0
route,CVG->DCA,20,20,0,0.0
route,CVG->DEN,14,14,0,0.0
route,CVG->DFW,16,16,0,0.0
route,CVG->DTW,11,11,0,0.0
route,CVG->EWR,25,25,0,0.0
route,CVG->FLL,7,7,0,0.0
route,CVG->IAD,13,13,0,0.0
route,CVG->IAH,14,14,0,0.0
route,CVG->JAX,3,3,0,0.0
route,CVG->JFK,6,6,0,0.0
route,CVG->LAS,8,8,0,0.0
route,CVG->LAX,6,6,0,0.0
route,CVG->LGA,28,28,0,0.0
route,CVG->MCI,6,6,0,0.0
route,CVG->MCO,9,9,0,0.0
route,CVG->MDW,16,16,0,0.0
route,CVG->MIA,8,8,0,0.0
route,CVG->MKE,2,2,0,0.0
route,CVG->MSP,13,13,0,0.0
route,CVG->MYR,1,1,0,0.0
route,CVG->ORD,63,63,0,0.0
route,CVG->PHL,23,23,0,0.0
route,CVG->PHX,1,1,0,0.0
route,CVG->PIE,2,2,0,0.0
route,CVG->RDU,6,6,0,0.0
route,CVG->RSW,4,4,0,0.0
route,CVG->SAN,2,2,0,0.0
route,CVG->SAT,2,2,0,0.0
route,CVG->SAV,1,1,0,0.0
route,CVG->SEA,1,1,0,0.0
route,CVG->SFB,4,4,0,0.0
route,CVG->SFO,3,3,0,0.0
route,CVG->SJC,1,1,0,0.0
route,CVG->SLC,5,5,0,0.0
route,CVG->SRQ,1,1,0,0.0
route,CVG->STL,1,1,0,0.0
route,CVG->TPA,2,2,0,0.0
route,CVG->VPS,1,1,0,0.0
route,CWA->DTW,6,6,0,0.0
route,CWA->MSP,5,5,0,0.0
route,CWA->ORD,16,16,0,0.0
route,CYS->DFW,3,3,0,0.0
route,DAB->ATL,11,11,0,0.0
route,DAB->CLT,11,11,0,0.0
route,DAB->JFK,5,5,0,0.0
route,DAL->ABQ,17,17,0,0.0
route,DAL->AMA,15,15,0,0.0
route,DAL->ATL,33,33,0,0.0
route,DAL->AUS,26,26,0,0.0
route,DAL->BHM,4,4,0,0.0
route,DAL->BNA,16,16,0,0.0
route,DAL->BOS,3,3,0,0.0
route,DAL->BUR,3,3,0,0.0
route,DAL->BWI,15,15,0,0.0
route,DAL->CHS,2,2,0,0.0
route,DAL->CLT,2,2,0,0.0
route,DAL->CMH,4,4,0,0.0
route,DAL->DCA,25,25,0,0.0
route,DAL->DEN,19,19,0,0.0
route,DAL->DTW,3,3,0,0.0
route,DAL->ECP,8,8,0,0.0
route,DAL->ELP,13,13,0,0.0
route,DAL->FLL,5,5,0,0.0
route,DAL->HOU,57,57,0,0.0
route,DAL->IND,4,4,0,0.0
route,DAL->JAX,3,3,0,0.0
route,DAL->LAS,19,19,0,0.0
route,DAL->LAX,19,19,0,0.0
route,DAL->LBB,21,21,0,0.0
route,DAL->LGA,24,24,0,0.0
route,DAL->LIT,8,8,0,0.0
route,DAL->MAF,14,14,0,0.0
route,DAL->MCI,25,25,0,0.0
route,DAL->MCO,12,12,0,0.0
route,DAL->MDW,27,27,0,0.0
route,DAL->MEM,9,9,0,0.0
route,DAL->MKE,2,2,0,0.0
route,DAL->MSP,2,2,0,0.0
route,DAL->MSY,23,23,0,0.0
route,DAL->OAK,6,6,0,0.0
route,DAL->OKC,9,9,0,0.0
route,DAL->OMA,4,4,0,0.0
route,DAL->ONT,7,7,0,0.0
route,DAL->PDX,10,10,0,0.0
route,DAL->PHL,4,4,0,0.0
route,DAL->PHX,14,14,0,0.0
route,DAL->PIT,4,4,0,0.0
route,DAL->PNS,4,4,0,0.0
route,DAL->RDU,6,6,0,0.0
route,DAL->SAN,14,14,0,0.0
route,DAL->SAT,31,31,0,0.0
route,DAL->SDF,1,1,0,0.0
route,DAL->SEA,8,8,0,0.0
route,DAL->SFO,13,13,0,0.0
route,DAL->SJC,11,11,0,0.0
route,DAL->SMF,4,4,0,0.0
route,DAL->SNA,3,3,0,0.0
route,DAL->STL,19,19,0,0.0
route,DAL->TPA,6,6,0,0.0
route,DAL->TUL,8,8,0,0.0
route,DAY->ATL,15,15,0,0.0
route,DAY->CLT,9,9,0,0.0
route,DAY->DCA,16,16,0,0.0
route,DAY->DEN,5,5,0,0.0
route,DAY->DFW,9,9,0,0.0
route,DAY->DTW,6,6,0,0.0
route,DAY->EWR,4,4,0,0.0
route,DAY->IAD,9,9,0,0.0
route,DAY->IAH,3,3,0,0.0
route,DAY->LGA,6,6,0,0.0
route,DAY->MSP,17,17,0,0.0
route,DAY->ORD,37,37,0,0.0
route,DAY->PHL,13,13,0,0.0
route,DBQ->ORD,7,7,0,0.0
route,DCA->ALB,8,8,0,0.0
route,DCA->ATL,66,66,0,0.0
route,DCA->AUS,1,1,0,0.0
route,DCA->BDL,25,25,0,0.0
route,DCA->BGR,13,13,0,0.0
route,DCA->BHM,7,7,0,0.0
route,DCA->BNA,27,27,0,0.0
route,DCA->BOS,73,73,0,0.0
route,DCA->BTV,7,7,0,0.0
route,DCA->BUF,6,6,0,0.0
route,DCA->CAE,6,6,0,0.0
route,DCA->CAK,2,2,0,0.0
route,DCA->CHA,1,1,0,0.0
route,DCA->CHS,22,22,0,0.0
route,DCA->CLE,26,26,0,0.0
route,DCA->CLT,25,25,0,0.0
route,DCA->CMH,22,22,0,0.0
route,DCA->CRW,5,5,0,0.0
route,DCA->CVG,14,14,0,0.0
route,DCA->DAL,22,22,0,0.0
route,DCA->DAY,10,10,0,0.0
route,DCA->DEN,13,13,0,0.0
route,DCA->DFW,29,29,0,0.0
route,DCA->DSM,6,6,0,0.0
route,DCA->DTW,24,24,0,0.0
route,DCA->EWR,21,21,0,0.0
route,DCA->FLL,13,13,0,0.0
route,DCA->GRR,9,9,0,0.0
route,DCA->GSO,3,3,0,0.0
route,DCA->GSP,8,8,0,0.0
route,DCA->HOU,11,11,0,0.0
route,DCA->HPN,23,23,0,0.0
route,DCA->HSV,12,12,0,0.0
route,DCA->IAH,19,19,0,0.0
route,DCA->IND,19,19,0,0.0
route,DCA->JAN,2,2,0,0.0
route,DCA->JAX,10,10,0,0.0
route,DCA->JFK,26,26,0,0.0
route,DCA->LAN,1,1,0,0.0
route,DCA->LAS,1,1,0,0.0
route,DCA->LAX,7,7,0,0.0
route,DCA->LEX,4,4,0,0.0
route,DCA->LGA,61,61,0,0.0
route,DCA->LIT,4,4,0,0.0
route,DCA->MCI,12,12,0,0.0
route,DCA->MCO,33,33,0,0.0
route,DCA->MDW,23,23,0,0.0
route,DCA->MEM,7,7,0,0.0
route,DCA->MGM,5,5,0,0.0
route,DCA->MHT,9,9,0,0.0
route,DCA->MIA,27,27,0,0.0
route,DCA->MKE,4,4,0,0.0
route,DCA->MLB,1,1,0,0.0
route,DCA->MSN,5,5,0,0.0
route,DCA->MSP,22,22,0,0.0
route,DCA->MSY,25,25,0,0.0
route,DCA->MYR,2,2,0,0.0
route,DCA->OKC,1,1,0,0.0
route,DCA->OMA,7,7,0,0.0
route,DCA->ORD,57,57,0,0.0
route,DCA->ORF,8,8,0,0.0
route,DCA->PBI,4,4,0,0.0
route,DCA->PDX,2,2,0,0.0
route,DCA->PHL,8,8,0,0.0
route,DCA->PHX,10,10,0,0.0
route,DCA->PIT,10,10,0,0.0
route,DCA->PNS,1,1,0,0.0
route,DCA->PVD,24,24,0,0.0
route,DCA->PWM,15,15,0,0.0
route,DCA->RDU,33,33,0,0.0
route,DCA->ROC,13,13,0,0.0
route,DCA->RSW,4,4,0,0.0
route,DCA->SAV,7,7,0,0.0
route,DCA->SDF,9,9,0,0.0
route,DCA->SEA,6,6,0,0.0
route,DCA->SFO,6,6,0,0.0
route,DCA->SLC,3,3,0,0.0
route,DCA->SRQ,5,5,0,0.0
route,DCA->STL,31,31,0,0.0
route,DCA->SYR,10,10,0,0.0
route,DCA->TLH,2,2,0,0.0
route,DCA->TPA,10,10,0,0.0
route,DCA->TYS,11,11,0,0.0
route,DCA->VPS,7,7,0,0.0
route,DCA->XNA,3,3,0,0.0
route,DEN->ABQ,23,23,0,0.0
route,DEN->ALB,5,5,0,0.0
route,DEN->AMA,4,4,0,0.0
route,DEN->ANC,5,5,0,0.0
route,DEN->ASE,20,20,0,0.0
route,DEN->ATL,62,62,0,0.0
route,DEN->ATW,2,2,0,0.0
route,DEN->ATY,2,2,0,0.0
route,DEN->AUS,36,36,0,0.0
route,DEN->BDL,9,9,0,0.0
route,DEN->BFF,4,4,0,0.0
route,DEN->BFL,8,8,0,0.0
route,DEN->BFM,1,1,0,0.0
route,DEN->BHM,11,11,0,0.0
route,DEN->BIL,17,17,0,0.0
route,DEN->BIS,12,12,0,0.0
route,DEN->BKG,4,4,0,0.0
route,DEN->BNA,27,27,0,0.0
route,DEN->BOI,19,19,0,0.0
route,DEN->BOS,28,28,0,0.0
route,DEN->BTV,2,2,0,0.0
route,DEN->BUF,3,3,0,0.0
route,DEN->BUR,12,12,0,0.0
route,DEN->BWI,31,31,0,0.0
route,DEN->BZN,16,16,0,0.0
route,DEN->CHS,3,3,0,0.0
route,DEN->CID,7,7,0,0.0
route,DEN->CLE,19,19,0,0.0
route,DEN->CLT,35,35,0,0.0
route,DEN->CMH,11,11,0,0.0
route,DEN->CNY,3,3,0,0.0
route,DEN->COD,5,5,0,0.0
route,DEN->COS,34,34,0,0.0
route,DEN->COU,4,4,0,0.0
route,DEN->CPR,12,12,0,0.0
route,DEN->CVG,19,19,0,0.0
route,DEN->DAL,20,20,0,0.0
route,DEN->DAY,8,8,0,0.0
route,DEN->DCA,20,20,0,0.0
route,DEN->DFW,36,36,0,0.0
route,DEN->DIK,4,4,0,0.0
route,DEN->DRO,21,21,0,0.0
route,DEN->DSM,24,24,0,0.0
route,DEN->DTW,28,28,0,0.0
route,DEN->EAR,7,7,0,0.0
route,DEN->EGE,6,6,0,0.0
route,DEN->ELP,18,18,0,0.0
route,DEN->EUG,14,14,0,0.0
route,DEN->EWR,29,29,0,0.0
route,DEN->FAR,8,8,0,0.0
route,DEN->FAT,9,9,0,0.0
route,DEN->FCA,11,11,0,0.0
route,DEN->FLG,2,2,0,0.0
route,DEN->FLL,10,10,0,0.0
route,DEN->FSD,11,11,0,0.0
route,DEN->GCC,6,6,0,0.0
route,DEN->GEG,14,14,0,0.0
route,DEN->GJT,19,19,0,0.0
route,DEN->GRR,14,14,0,0.0
route,DEN->GSP,3,3,0,0.0
route,DEN->GTF,13,13,0,0.0
route,DEN->GUC,6,6,0,0.0
route,DEN->HDN,5,5,0,0.0
route,DEN->HLN,5,5,0,0.0
route,DEN->HNL,4,4,0,0.0
route,DEN->HOU,15,15,0,0.0
route,DEN->HSV,4,4,0,0.0
route,DEN->HYS,5,5,0,0.0
route,DEN->IAD,37,37,0,0.0
route,DEN->IAH,39,39,0,0.0
route,DEN->ICT,13,13,0,0.0
route,DEN->IDA,12,12,0,0.0
route,DEN->IND,18,18,0,0.0
route,DEN->ISN,5,5,0,0.0
route,DEN->JAC,20,20,0,0.0
route,DEN->JAN,1,1,0,0.0
route,DEN->JAX,8,8,0,0.0
route,DEN->JFK,20,20,0,0.0
route,DEN->JMS,7,7,0,0.0
route,DEN->KOA,1,1,0,0.0
route,DEN->LAR,4,4,0,0.0
route,DEN->LAS,73,73,0,0.0
route,DEN->LAX,68,68,0,0.0
route,DEN->LBB,6,6,0,0.0
route,DEN->LBF,8,8,0,0.0
route,DEN->LBL,3,3,0,0.0
route,DEN->LGA,49,49,0,0.0
route,DEN->LGB,2,2,0,0.0
route,DEN->LIH,1,1,0,0.0
route,DEN->LIT,5,5,0,0.0
route,DEN->LNK,17,17,0,0.0
route,DEN->MAF,9,9,0,0.0
route,DEN->MCI,46,46,0,0.0
route,DEN->MCO,21,21,0,0.0
route,DEN->MDT,2,2,0,0.0
route,DEN->MDW,18,18,0,0.0
route,DEN->MEM,7,7,0,0.0
route,DEN->MFR,8,8,0,0.0
route,DEN->MIA,8,8,0,0.0
route,DEN->MKE,21,21,0,0.0
route,DEN->MLI,8,8,0,0.0
route,DEN->MOT,5,5,0,0.0
route,DEN->MRY,2,2,0,0.0
route,DEN->MSN,14,14,0,0.0
route,DEN->MSO,13,13,0,0.0
route,DEN->MSP,52,52,0,0.0
route,DEN->MSY,16,16,0,0.0
route,DEN->MTJ,14,14,0,0.0
route,DEN->MYR,1,1,0,0.0
route,DEN->OAK,16,16,0,0.0
route,DEN->OKC,21,21,0,0.0
route,DEN->OMA,29,29,0,0.0
route,DEN->ONT,16,16,0,0.0
route,DEN->ORD,62,62,0,0.0
route,DEN->ORF,2,2,0,0.0
route,DEN->OTH,1,1,0,0.0
route,DEN->PAE,1,1,0,0.0
route,DEN->PDX,39,39,0,0.0
route,DEN->PHL,30,30,0,0.0
route,DEN->PHX,53,53,0,0.0
route,DEN->PIR,2,2,0,0.0
route,DEN->PIT,14,14,0,0.0
route,DEN->PRC,2,2,0,0.0
route,DEN->PSC,7,7,0,0.0
route,DEN->PSP,12,12,0,0.0
route,DEN->PUB,6,6,0,0.0
route,DEN->PVD,1,1,0,0.0
route,DEN->RAP,22,22,0,0.0
route,DEN->RDM,12,12,0,0.0
route,DEN->RDU,17,17,0,0.0
route,DEN->RIC,1,1,0,0.0
route,DEN->RKS,7,7,0,0.0
route,DEN->RNO,20,20,0,0.0
route,DEN->SAF,5,5,0,0.0
route,DEN->SAN,36,36,0,0.0
route,DEN->SAT,12,12,0,0.0
route,DEN->SAV,1,1,0,0.0
route,DEN->SBA,13,13,0,0.0
route,DEN->SBP,7,7,0,0.0
route,DEN->SDF,17,17,0,0.0
route,DEN->SEA,71,71,0,0.0
route,DEN->SFO,51,51,0,0.0
route,DEN->SGF,10,10,0,0.0
route,DEN->SGU,5,5,0,0.0
route,DEN->SHV,3,3,0,0.0
route,DEN->SJC,30,30,0,0.0
route,DEN->SLC,68,68,0,0.0
route,DEN->SMF,33,33,0,0.0
route,DEN->SNA,24,24,0,0.0
route,DEN->STL,28,28,0,0.0
route,DEN->STS,1,1,0,0.0
route,DEN->SYR,4,4,0,0.0
route,DEN->TPA,10,10,0,0.0
route,DEN->TUL,26,26,0,0.0
route,DEN->TUS,22,22,0,0.0
route,DEN->TYR,1,1,0,0.0
route,DEN->TYS,5,5,0,0.0
route,DEN->VEL,5,5,0,0.0
route,DEN->XNA,9,9,0,0.0
route,DFW->ABI,19,19,0,0.0
route,DFW->ABQ,25,25,0,0.0
route,DFW->ACT,17,17,0,0.0
route,DFW->AEX,6,6,0,0.0
route,DFW->AGS,2,2,0,0.0
route,DFW->AMA,23,23,0,0.0
route,DFW->ANC,4,4,0,0.0
route,DFW->ASE,5,5,0,0.0
route,DFW->ATL,58,58,0,0.0
route,DFW->AUS,38,38,0,0.0
route,DFW->AVL,1,1,0,0.0
route,DFW->BDL,9,9,0,0.0
route,DFW->BFL,2,2,0,0.0
route,DFW->BHM,15,15,0,0.0
route,DFW->BIL,1,1,0,0.0
route,DFW->BMI,12,12,0,0.0
route,DFW->BNA,22,22,0,0.0
route,DFW->BOI,5,5,0,0.0
route,DFW->BOS,38,38,0,0.0
route,DFW->BPT,10,10,0,0.0
route,DFW->BRO,10,10,0,0.0
route,DFW->BTR,19,19,0,0.0
route,DFW->BUF,2,2,0,0.0
route,DFW->BUR,3,3,0,0.0
route,DFW->BWI,15,15,0,0.0
route,DFW->BZN,4,4,0,0.0
route,DFW->CAE,2,2,0,0.0
route,DFW->CHA,6,6,0,0.0
route,DFW->CHS,3,3,0,0.0
route,DFW->CID,9,9,0,0.0
route,DFW->CLE,11,11,0,0.0
route,DFW->CLL,6,6,0,0.0
route,DFW->CLT,38,38,0,0.0
route,DFW->CMH,9,9,0,0.0
route,DFW->CMI,6,6,0,0.0
route,DFW->COS,20,20,0,0.0
route,DFW->COU,12,12,0,0.0
route,DFW->CRP,20,20,0,0.0
route,DFW->CVG,22,22,0,0.0
route,DFW->CYS,2,2,0,0.0
route,DFW->DAY,13,13,0,0.0
route,DFW->DCA,27,27,0,0.0
route,DFW->DEN,50,50,0,0.0
route,DFW->DRO,12,12,0,0.0
route,DFW->DRT,4,4,0,0.0
route,DFW->DSM,7,7,0,0.0
route,DFW->DTW,33,33,0,0.0
route,DFW->ECP,8,8,0,0.0
route,DFW->EGE,2,2,0,0.0
route,DFW->ELP,26,26,0,0.0
route,DFW->EVV,4,4,0,0.0
route,DFW->EWR,26,26,0,0.0
route,DFW->EYW,3,3,0,0.0
route,DFW->FAR,5,5,0,0.0
route,DFW->FAT,9,9,0,0.0
route,DFW->FCA,3,3,0,0.0
route,DFW->FLG,1,1,0,0.0
route,DFW->FLL,19,19,0,0.0
route,DFW->FSD,11,11,0,0.0
route,DFW->FSM,11,11,0,0.0
route,DFW->FWA,3,3,0,0.0
route,DFW->GCK,6,6,0,0.0
route,DFW->GEG,1,1,0,0.0
route,DFW->GGG,3,3,0,0.0
route,DFW->GJT,9,9,0,0.0
route,DFW->GNV,2,2,0,0.0
route,DFW->GPT,9,9,0,0.0
route,DFW->GRI,5,5,0,0.0
route,DFW->GRK,23,23,0,0.0
route,DFW->GRR,5,5,0,0.0
route,DFW->GSO,8,8,0,0.0
route,DFW->GSP,10,10,0,0.0
route,DFW->HNL,7,7,0,0.0
route,DFW->HOU,24,24,0,0.0
route,DFW->HRL,4,4,0,0.0
route,DFW->HSV,16,16,0,0.0
route,DFW->IAD,26,26,0,0.0
route,DFW->IAH,69,69,0,0.0
route,DFW->ICT,22,22,0,0.0
route,DFW->ILM,3,3,0,0.0
route,DFW->IND,22,22,0,0.0
route,DFW->JAC,5,5,0,0.0
route,DFW->JAN,24,24,0,0.0
route,DFW->JAX,19,19,0,0.0
route,DFW->JFK,24,24,0,0.0
route,DFW->JLN,7,7,0,0.0
route,DFW->LAS,37,37,0,0.0
route,DFW->LAW,7,7,0,0.0
route,DFW->LAX,71,71,0,0.0
route,DFW->LBB,20,20,0,0.0
route,DFW->LCH,11,11,0,0.0
route,DFW->LEX,8,8,0,0.0
route,DFW->LFT,16,16,0,0.0
route,DFW->LGA,61,61,0,0.0
route,DFW->LIT,25,25,0,0.0
route,DFW->LRD,9,9,0,0.0
route,DFW->MAF,20,20,0,0.0
route,DFW->MCI,18,18,0,0.0
route,DFW->MCO,29,29,0,0.0
route,DFW->MDT,2,2,0,0.0
route,DFW->MEI,1,1,0,0.0
route,DFW->MEM,22,22,0,0.0
route,DFW->MFE,24,24,0,0.0
route,DFW->MGM,5,5,0,0.0
route,DFW->MHK,13,13,0,0.0
route,DFW->MIA,36,36,0,0.0
route,DFW->MKE,10,10,0,0.0
route,DFW->MLI,8,8,0,0.0
route,DFW->MLU,3,3,0,0.0
route,DFW->MOB,11,11,0,0.0
route,DFW->MRY,1,1,0,0.0
route,DFW->MSN,15,15,0,0.0
route,DFW->MSO,3,3,0,0.0
route,DFW->MSP,51,51,0,0.0
route,DFW->MSY,32,32,0,0.0
route,DFW->MTJ,6,6,0,0.0
route,DFW->MYR,2,2,0,0.0
route,DFW->OAK,1,1,0,0.0
route,DFW->OGG,6,6,0,0.0
route,DFW->OKC,27,27,0,0.0
route,DFW->OMA,11,11,0,0.0
route,DFW->ONT,14,14,0,0.0
route,DFW->ORD,63,63,0,0.0
route,DFW->ORF,8,8,0,0.0
route,DFW->PBI,4,4,0,0.0
route,DFW->PDX,15,15,0,0.0
route,DFW->PHL,32,32,0,0.0
route,DFW->PHX,35,35,0,0.0
route,DFW->PIA,6,6,0,0.0
route,DFW->PIB,5,5,0,0.0
route,DFW->PIT,16,16,0,0.0
route,DFW->PNS,9,9,0,0.0
route,DFW->PSP,2,2,0,0.0
route,DFW->RAP,6,6,0,0.0
route,DFW->RDU,21,21,0,0.0
route,DFW->RIC,10,10,0,0.0
route,DFW->RNO,11,11,0,0.0
route,DFW->ROW,10,10,0,0.0
route,DFW->RSW,9,9,0,0.0
route,DFW->SAF,11,11,0,0.0
route,DFW->SAN,28,28,0,0.0
route,DFW->SAT,47,47,0,0.0
route,DFW->SAV,7,7,0,0.0
route,DFW->SBA,9,9,0,0.0
route,DFW->SBN,6,6,0,0.0
route,DFW->SDF,25,25,0,0.0
route,DFW->SEA,42,42,0,0.0
route,DFW->SFO,37,37,0,0.0
route,DFW->SGF,12,12,0,0.0
route,DFW->SHV,14,14,0,0.0
route,DFW->SJC,12,12,0,0.0
route,DFW->SJT,12,12,0,0.0
route,DFW->SJU,5,5,0,0.0
route,DFW->SLC,26,26,0,0.0
route,DFW->SMF,18,18,0,0.0
route,DFW->SNA,21,21,0,0.0
route,DFW->SPI,4,4,0,0.0
route,DFW->SPS,6,6,0,0.0
route,DFW->STL,19,19,0,0.0
route,DFW->SUX,7,7,0,0.0
route,DFW->SWO,9,9,0,0.0
route,DFW->TLH,4,4,0,0.0
route,DFW->TPA,20,20,0,0.0
route,DFW->TRI,1,1,0,0.0
route,DFW->TUL,38,38,0,0.0
route,DFW->TUS,26,26,0,0.0
route,DFW->TVC,1,1,0,0.0
route,DFW->TXK,11,11,0,0.0
route,DFW->TYR,17,17,0,0.0
route,DFW->TYS,10,10,0,0.0
route,DFW->VPS,16,16,0,0.0
route,DFW->XNA,24,24,0,0.0
route,DHN->ATL,16,16,0,0.0
route,DIK->DEN,4,4,0,0.0
route,DLH->MSP,15,15,0,0.0
route,DLH->ORD,15,15,0,0.0
route,DRO->DEN,17,17,0,0.0
route,DRO->DFW,11,11,0,0.0
route,DRO->LAX,1,1,0,0.0
route,DRO->PHX,7,7,0,0.0
route,DRT->DFW,7,7,0,0.0
route,DSM->ATL,14,14,0,0.0
route,DSM->AZA,1,1,0,0.0
route,DSM->CLT,9,9,0,0.0
route,DSM->DCA,5,5,0,0.0
route,DSM->DEN,12,12,0,0.0
route,DSM->DFW,14,14,0,0.0
route,DSM->DTW,5,5,0,0.0
route,DSM->EWR,3,3,0,0.0
route,DSM->IAH,5,5,0,0.0
route,DSM->LAS,2,2,0,0.0
route,DSM->LGA,4,4,0,0.0
route,DSM->MCO,1,1,0,0.0
route,DSM->MSP,14,14,0,0.0
route,DSM->ORD,45,45,0,0.0
route,DSM->PHL,6,6,0,0.0
route,DSM->PHX,6,6,0,0.0
route,DSM->PIE,2,2,0,0.0
route,DSM->SFO,1,1,0,0.0
route,DSM->SLC,3,3,0,0.0
route,DSM->STL,4,4,0,0.0
route,DTW->ABE,5,5,0,0.0
route,DTW->ALB,7,7,0,0.0
route,DTW->APN,1,1,0,0.0
route,DTW->ATL,40,40,0,0.0
route,DTW->ATW,7,7,0,0.0
route,DTW->AUS,7,7,0,0.0
route,DTW->AVP,6,6,0,0.0
route,DTW->AZO,11,11,0,0.0
route,DTW->BDL,14,14,0,0.0
route,DTW->BGM,6,6,0,0.0
route,DTW->BHM,10,10,0,0.0
route,DTW->BNA,15,15,0,0.0
route,DTW->BOS,33,33,0,0.0
route,DTW->BTV,13,13,0,0.0
route,DTW->BUF,12,12,0,0.0
route,DTW->BWI,23,23,0,0.0
route,DTW->CAK,2,2,0,0.0
route,DTW->CHA,4,4,0,0.0
route,DTW->CHS,2,2,0,0.0
route,DTW->CID,8,8,0,0.0
route,DTW->CIU,3,3,0,0.0
route,DTW->CLE,16,16,0,0.0
route,DTW->CLT,32,32,0,0.0
route,DTW->CMH,18,18,0,0.0
route,DTW->CVG,9,9,0,0.0
route,DTW->CWA,4,4,0,0.0
route,DTW->DAY,12,12,0,0.0
route,DTW->DCA,26,26,0,0.0
route,DTW->DEN,35,35,0,0.0
route,DTW->DFW,31,31,0,0.0
route,DTW->DSM,11,11,0,0.0
route,DTW->ELM,15,15,0,0.0
route,DTW->ERI,9,9,0,0.0
route,DTW->ESC,4,4,0,0.0
route,DTW->EVV,6,6,0,0.0
route,DTW->EWR,46,46,0,0.0
route,DTW->FLL,23,23,0,0.0
route,DTW->FWA,8,8,0,0.0
route,DTW->GRB,14,14,0,0.0
route,DTW->GRR,19,19,0,0.0
route,DTW->GSO,3,3,0,0.0
route,DTW->GSP,11,11,0,0.0
route,DTW->HPN,8,8,0,0.0
route,DTW->HSV,1,1,0,0.0
route,DTW->IAD,27,27,0,0.0
route,DTW->IAH,33,33,0,0.0
route,DTW->IMT,3,3,0,0.0
route,DTW->IND,13,13,0,0.0
route,DTW->ITH,5,5,0,0.0
route,DTW->JAX,4,4,0,0.0
route,DTW->JFK,15,15,0,0.0
route,DTW->LAN,10,10,0,0.0
route,DTW->LAS,30,30,0,0.0
route,DTW->LAX,19,19,0,0.0
route,DTW->LEX,18,18,0,0.0
route,DTW->LGA,57,57,0,0.0
route,DTW->LSE,1,1,0,0.0
route,DTW->MBS,15,15,0,0.0
route,DTW->MCI,18,18,0,0.0
route,DTW->MCO,25,25,0,0.0
route,DTW->MDT,8,8,0,0.0
route,DTW->MDW,18,18,0,0.0
route,DTW->MEM,6,6,0,0.0
route,DTW->MHT,13,13,0,0.0
route,DTW->MIA,3,3,0,0.0
route,DTW->MKE,17,17,0,0.0
route,DTW->MLI,4,4,0,0.0
route,DTW->MQT,8,8,0,0.0
route,DTW->MSN,12,12,0,0.0
route,DTW->MSP,22,22,0,0.0
route,DTW->MSY,4,4,0,0.0
route,DTW->MYR,5,5,0,0.0
route,DTW->OAK,1,1,0,0.0
route,DTW->OKC,1,1,0,0.0
route,DTW->OMA,10,10,0,0.0
route,DTW->ORD,62,62,0,0.0
route,DTW->ORF,15,15,0,0.0
route,DTW->PBI,3,3,0,0.0
route,DTW->PDX,3,3,0,0.0
route,DTW->PHL,36,36,0,0.0
route,DTW->PHX,23,23,0,0.0
route,DTW->PIA,5,5,0,0.0
route,DTW->PIT,12,12,0,0.0
route,DTW->PLN,6,6,0,0.0
route,DTW->PVD,9,9,0,0.0
route,DTW->PWM,8,8,0,0.0
route,DTW->RDU,18,18,0,0.0
route,DTW->RIC,13,13,0,0.0
route,DTW->ROC,6,6,0,0.0
route,DTW->RSW,4,4,0,0.0
route,DTW->SAN,7,7,0,0.0
route,DTW->SAT,6,6,0,0.0
route,DTW->SAV,4,4,0,0.0
route,DTW->SBN,15,15,0,0.0
route,DTW->SCE,7,7,0,0.0
route,DTW->SDF,13,13,0,0.0
route,DTW->SEA,15,15,0,0.0
route,DTW->SFO,12,12,0,0.0
route,DTW->SJC,1,1,0,0.0
route,DTW->SLC,16,16,0,0.0
route,DTW->SMF,3,3,0,0.0
route,DTW->SNA,1,1,0,0.0
route,DTW->STL,21,21,0,0.0
route,DTW->SWF,3,3,0,0.0
route,DTW->SYR,10,10,0,0.0
route,DTW->TPA,10,10,0,0.0
route,DTW->TTN,1,1,0,0.0
route,DTW->TUL,2,2,0,0.0
route,DTW->TVC,17,17,0,0.0
route,DTW->TYS,12,12,0,0.0
route,DUT->ANC,7,7,0,0.0
route,DVL->DEN,4,4,0,0.0
route,DVL->JMS,1,1,0,0.0
route,EAR->DEN,2,2,0,0.0
route,EAT->SEA,8,8,0,0.0
route,EAU->ORD,8,8,0,0.0
route,ECP->ATL,18,18,0,0.0
route,ECP->BNA,9,9,0,0.0
route,ECP->CLT,6,6,0,0.0
route,ECP->DAL,3,3,0,0.0
route,ECP->DFW,9,9,0,0.0
route,ECP->HOU,1,1,0,0.0
route,ECP->IAH,10,10,0,0.0
route,ECP->STL,1,1,0,0.0
route,EGE->DEN,7,7,0,0.0
route,EGE->DFW,5,5,0,0.0
route,EKO->SLC,10,10,0,0.0
route,ELM->DTW,13,13,0,0.0
route,ELM->EWR,2,2,0,0.0
route,ELM->IAD,2,2,0,0.0
route,ELM->SFB,1,1,0,0.0
route,ELP->ATL,6,6,0,0.0
route,ELP->AUS,3,3,0,0.0
route,ELP->DAL,10,10,0,0.0
route,ELP->DEN,14,14,0,0.0
route,ELP->DFW,24,24,0,0.0
route,ELP->HOU,10,10,0,0.0
route,ELP->IAH,17,17,0,0.0
route,ELP->LAS,6,6,0,0.0
route,ELP->LAX,7,7,0,0.0
route,ELP->ORD,11,11,0,0.0
route,ELP->PHX,26,26,0,0.0
route,ELP->SAN,3,3,0,0.0
route,ELP->SAT,7,7,0,0.0
route,ELP->SEA,1,1,0,0.0
route,ERI->CLT,3,3,0,0.0
route,ERI->DTW,9,9,0,0.0
route,ERI->ORD,12,12,0,0.0
route,ERI->PHL,3,3,0,0.0
route,ESC->DTW,4,4,0,0.0
route,EUG->DEN,18,18,0,0.0
route,EUG->LAX,16,16,0,0.0
route,EUG->ORD,1,1,0,0.0
route,EUG->PDX,11,11,0,0.0
route,EUG->SEA,14,14,0,0.0
route,EUG->SFO,13,13,0,0.0
route,EUG->SLC,5,5,0,0.0
route,EVV->ATL,10,10,0,0.0
route,EVV->CLT,7,7,0,0.0
route,EVV->DFW,7,7,0,0.0
route,EVV->DTW,12,12,0,0.0
route,EVV->ORD,15,15,0,0.0
route,EVV->SFB,2,2,0,0.0
route,EWN->ATL,3,3,0,0.0
route,EWN->CLT,15,15,0,0.0
route,EWR->ACK,6,6,0,0.0
route,EWR->ALB,17,17,0,0.0
route,EWR->ATL,53,53,0,0.0
route,EWR->AUS,15,15,0,0.0
route,EWR->AVL,6,6,0,0.0
route,EWR->AVP,2,2,0,0.0
route,EWR->BDL,4,4,0,0.0
route,EWR->BGR,8,8,0,0.0
route,EWR->BNA,32,32,0,0.0
route,EWR->BOS,57,57,0,0.0
route,EWR->BQN,2,2,0,0.0
route,EWR->BTV,15,15,0,0.0
route,EWR->BUF,26,26,0,0.0
route,EWR->BWI,4,4,0,0.0
route,EWR->BZN,1,1,0,0.0
route,EWR->CAK,3,3,0,0.0
route,EWR->CHA,4,4,0,0.0
route,EWR->CHS,13,13,0,0.0
route,EWR->CLE,21,21,0,0.0
route,EWR->CLT,41,41,0,0.0
route,EWR->CMH,36,36,0,0.0
route,EWR->CVG,25,25,0,0.0
route,EWR->DAY,5,5,0,0.0
route,EWR->DCA,25,25,0,0.0
route,EWR->DEN,21,21,0,0.0
route,EWR->DFW,36,36,0,0.0
route,EWR->DSM,1,1,0,0.0
route,EWR->DTW,41,41,0,0.0
route,EWR->ELM,3,3,0,0.0
route,EWR->FLL,27,27,0,0.0
route,EWR->GRR,13,13,0,0.0
route,EWR->GSO,15,15,0,0.0
route,EWR->GSP,3,3,0,0.0
route,EWR->HNL,2,2,0,0.0
route,EWR->IAD,20,20,0,0.0
route,EWR->IAH,26,26,0,0.0
route,EWR->IND,22,22,0,0.0
route,EWR->ITH,3,3,0,0.0
route,EWR->JAX,9,9,0,0.0
route,EWR->LAS,26,26,0,0.0
route,EWR->LAX,44,44,0,0.0
route,EWR->LEX,3,3,0,0.0
route,EWR->MCI,8,8,0,0.0
route,EWR->MCO,54,54,0,0.0
route,EWR->MDW,16,16,0,0.0
route,EWR->MEM,10,10,0,0.0
route,EWR->MHT,8,8,0,0.0
route,EWR->MIA,21,21,0,0.0
route,EWR->MKE,12,12,0,0.0
route,EWR->MSN,11,11,0,0.0
route,EWR->MSP,35,35,0,0.0
route,EWR->MSY,8,8,0,0.0
route,EWR->MYR,3,3,0,0.0
route,EWR->OAK,6,6,0,0.0
route,EWR->OKC,5,5,0,0.0
route,EWR->OMA,11,11,0,0.0
route,EWR->ORD,56,56,0,0.0
route,EWR->ORF,15,15,0,0.0
route,EWR->PBI,19,19,0,0.0
route,EWR->PDX,6,6,0,0.0
route,EWR->PHX,17,17,0,0.0
route,EWR->PIT,30,30,0,0.0
route,EWR->PQI,4,4,0,0.0
route,EWR->PVD,12,12,0,0.0
route,EWR->PWM,23,23,0,0.0
route,EWR->RDU,39,39,0,0.0
route,EWR->RIC,14,14,0,0.0
route,EWR->ROC,15,15,0,0.0
route,EWR->RSW,14,14,0,0.0
route,EWR->SAN,16,16,0,0.0
route,EWR->SAT,5,5,0,0.0
route,EWR->SAV,16,16,0,0.0
route,EWR->SBN,3,3,0,0.0
route,EWR->SDF,11,11,0,0.0
route,EWR->SEA,17,17,0,0.0
route,EWR->SFO,54,54,0,0.0
route,EWR->SJC,10,10,0,0.0
route,EWR->SJU,9,9,0,0.0
route,EWR->SLC,8,8,0,0.0
route,EWR->SMF,1,1,0,0.0
route,EWR->SNA,6,6,0,0.0
route,EWR->SRQ,2,2,0,0.0
route,EWR->STL,23,23,0,0.0
route,EWR->STT,1,1,0,0.0
route,EWR->SYR,12,12,0,0.0
route,EWR->TPA,27,27,0,0.0
route,EWR->TVC,2,2,0,0.0
route,EWR->TYS,4,4,0,0.0
route,EWR->VPS,1,1,0,0.0
route,EWR->XNA,5,5,0,0.0
route,EYW->ATL,11,11,0,0.0
route,EYW->CLT,4,4,0,0.0
route,EYW->DFW,3,3,0,0.0
route,EYW->EWR,1,1,0,0.0
route,EYW->MIA,15,15,0,0.0
route,FAI->ANC,15,15,0,0.0
route,FAI->ORD,2,2,0,0.0
route,FAI->SCC,2,2,0,0.0
route,FAI->SEA,18,18,0,0.0
route,FAR->DEN,11,11,0,0.0
route,FAR->DFW,8,8,0,0.0
route,FAR->LAS,1,1,0,0.0
route,FAR->MSP,20,20,0,0.0
route,FAR->ORD,16,16,0,0.0
route,FAT->DEN,9,9,0,0.0
route,FAT->DFW,9,9,0,0.0
route,FAT->LAX,23,23,0,0.0
route,FAT->ORD,2,2,0,0.0
route,FAT->PDX,4,4,0,0.0
route,FAT->PHX,15,15,0,0.0
route,FAT->SAN,9,9,0,0.0
route,FAT->SEA,10,10,0,0.0
route,FAT->SFO,3,3,0,0.0
route,FAT->SLC,12,12,0,0.0
route,FAY->ATL,8,8,0,0.0
route,FAY->CLT,14,14,0,0.0
route,FAY->IAD,3,3,0,0.0
route,FCA->DEN,14,14,0,0.0
route,FCA->DFW,1,1,0,0.0
route,FCA->ORD,1,1,0,0.0
route,FCA->PDX,2,2,0,0.0
route,FCA->SEA,3,3,0,0.0
route,FCA->SFO,1,1,0,0.0
route,FCA->SLC,8,8,0,0.0
route,FLG->DEN,1,1,0,0.0
route,FLG->DFW,7,7,0,0.0
route,FLG->PHX,8,8,0,0.0
route,FLL->ACY,3,3,0,0.0
route,FLL->ALB,3,3,0,0.0
route,FLL->ATL,73,73,0,0.0
route,FLL->AUS,9,9,0,0.0
route,FLL->AVL,5,5,0,0.0
route,FLL->BDL,10,10,0,0.0
route,FLL->BNA,9,9,0,0.0
route,FLL->BOS,22,22,0,0.0
route,FLL->BQN,6,6,0,0.0
route,FLL->BUF,3,3,0,0.0
route,FLL->BWI,39,39,0,0.0
route,FLL->CHS,4,4,0,0.0
route,FLL->CLE,10,10,0,0.0
route,FLL->CLT,12,12,0,0.0
route,FLL->CMH,9,9,0,0.0
route,FLL->CVG,2,2,0,0.0
route,FLL->DAL,13,13,0,0.0
route,FLL->DCA,24,24,0,0.0
route,FLL->DEN,12,12,0,0.0
route,FLL->DFW,16,16,0,0.0
route,FLL->DTW,20,20,0,0.0
route,FLL->EWR,45,45,0,0.0
route,FLL->GSO,1,1,0,0.0
route,FLL->GSP,1,1,0,0.0
route,FLL->HOU,6,6,0,0.0
route,FLL->HPN,1,1,0,0.0
route,FLL->IAD,3,3,0,0.0
route,FLL->IAG,2,2,0,0.0
route,FLL->IAH,21,21,0,0.0
route,FLL->IND,5,5,0,0.0
route,FLL->ISP,3,3,0,0.0
route,FLL->JAX,11,11,0,0.0
route,FLL->JFK,34,34,0,0.0
route,FLL->LAS,10,10,0,0.0
route,FLL->LAX,10,10,0,0.0
route,FLL->LBE,2,2,0,0.0
route,FLL->LCK,1,1,0,0.0
route,FLL->LGA,44,44,0,0.0
route,FLL->LGB,2,2,0,0.0
route,FLL->MCI,7,7,0,0.0
route,FLL->MCO,15,15,0,0.0
route,FLL->MDW,8,8,0,0.0
route,FLL->MEM,2,2,0,0.0
route,FLL->MSP,1,1,0,0.0
route,FLL->MSY,16,16,0,0.0
route,FLL->MYR,2,2,0,0.0
route,FLL->ORD,9,9,0,0.0
route,FLL->ORF,1,1,0,0.0
route,FLL->ORH,4,4,0,0.0
route,FLL->PBG,5,5,0,0.0
route,FLL->PHL,18,18,0,0.0
route,FLL->PHX,4,4,0,0.0
route,FLL->PIT,11,11,0,0.0
route,FLL->PVD,4,4,0,0.0
route,FLL->RDU,11,11,0,0.0
route,FLL->RIC,9,9,0,0.0
route,FLL->SAN,2,2,0,0.0
route,FLL->SAT,6,6,0,0.0
route,FLL->SEA,2,2,0,0.0
route,FLL->SFO,10,10,0,0.0
route,FLL->SJU,18,18,0,0.0
route,FLL->SLC,11,11,0,0.0
route,FLL->STL,8,8,0,0.0
route,FLL->STT,3,3,0,0.0
route,FLL->SWF,1,1,0,0.0
route,FLL->SYR,1,1,0,0.0
route,FLL->TPA,13,13,0,0.0
route,FLL->TYS,2,2,0,0.0
route,FLL->USA,3,3,0,0.0
route,FLO->CLT,9,9,0,0.0
route,FNT->ATL,6,6,0,0.0
route,FNT->CLT,2,2,0,0.0
route,FNT->MSP,7,7,0,0.0
route,FNT->ORD,24,24,0,0.0
route,FNT->PGD,2,2,0,0.0
route,FNT->PIE,2,2,0,0.0
route,FSD->ATL,2,2,0,0.0
route,FSD->AZA,1,1,0,0.0
route,FSD->DEN,14,14,0,0.0
route,FSD->DFW,9,9,0,0.0
route,FSD->LAS,2,2,0,0.0
route,FSD->MSP,15,15,0,0.0
route,FSD->ORD,23,23,0,0.0
route,FSD->PHX,3,3,0,0.0
route,FSM->ATL,11,11,0,0.0
route,FSM->DFW,12,12,0,0.0
route,FWA->ATL,12,12,0,0.0
route,FWA->CLT,2,2,0,0.0
route,FWA->DFW,7,7,0,0.0
route,FWA->DTW,6,6,0,0.0
route,FWA->MSP,2,2,0,0.0
route,FWA->ORD,27,27,0,0.0
route,FWA->PHL,5,5,0,0.0
route,FWA->SFB,1,1,0,0.0
route,GCC->DEN,7,7,0,0.0
route,GCK->DFW,6,6,0,0.0
route,GEG->BOI,13,13,0,0.0
route,GEG->DEN,19,19,0,0.0
route,GEG->DFW,1,1,0,0.0
route,GEG->LAS,6,6,0,0.0
route,GEG->LAX,7,7,0,0.0
route,GEG->MSP,9,9,0,0.0
route,GEG->OAK,2,2,0,0.0
route,GEG->ORD,4,4,0,0.0
route,GEG->PDX,20,20,0,0.0
route,GEG->PHX,10,10,0,0.0
route,GEG->SAN,3,3,0,0.0
route,GEG->SEA,86,86,0,0.0
route,GEG->SFO,5,5,0,0.0
route,GEG->SJC,4,4,0,0.0
route,GEG->SLC,15,15,0,0.0
route,GEG->SMF,2,2,0,0.0
route,GFK->LAS,1,1,0,0.0
route,GFK->MSP,11,11,0,0.0
route,GGG->DFW,4,4,0,0.0
route,GJT->DEN,17,17,0,0.0
route,GJT->DFW,16,16,0,0.0
route,GJT->LAS,1,1,0,0.0
route,GJT->PHX,7,7,0,0.0
route,GJT->SLC,10,10,0,0.0
route,GNV->ATL,24,24,0,0.0
route,GNV->CLT,12,12,0,0.0
route,GNV->DFW,2,2,0,0.0
route,GNV->MIA,5,5,0,0.0
route,GPT->ATL,10,10,0,0.0
route,GPT->CLT,10,10,0,0.0
route,GPT->DFW,10,10,0,0.0
route,GPT->IAH,5,5,0,0.0
route,GPT->SFB,1,1,0,0.0
route,GRB->ATL,3,3,0,0.0
route,GRB->DTW,10,10,0,0.0
route,GRB->MSP,14,14,0,0.0
route,GRB->ORD,28,28,0,0.0
route,GRI->AZA,2,2,0,0.0
route,GRI->DFW,5,5,0,0.0
route,GRI->LAS,1,1,0,0.0
route,GRK->DFW,18,18,0,0.0
route,GRK->IAH,12,12,0,0.0
route,GRR->ATL,14,14,0,0.0
route,GRR->BWI,5,5,0,0.0
route,GRR->CLT,3,3,0,0.0
route,GRR->DCA,11,11,0,0.0
route,GRR->DEN,15,15,0,0.0
route,GRR->DFW,4,4,0,0.0
route,GRR->DTW,15,15,0,0.0
route,GRR->EWR,14,14,0,0.0
route,GRR->IAD,4,4,0,0.0
route,GRR->IAH,4,4,0,0.0
route,GRR->LAS,1,1,0,0.0
route,GRR->LGA,2,2,0,0.0
route,GRR->MDW,10,10,0,0.0
route,GRR->MSP,15,15,0,0.0
route,GRR->ORD,49,49,0,0.0
route,GRR->PGD,1,1,0,0.0
route,GRR->PHL,9,9,0,0.0
route,GRR->PIE,1,1,0,0.0
route,GRR->SAV,2,2,0,0.0
route,GRR->SFB,4,4,0,0.0
route,GSO->ATL,24,24,0,0.0
route,GSO->CLT,23,23,0,0.0
route,GSO->DCA,8,8,0,0.0
route,GSO->DFW,9,9,0,0.0
route,GSO->DTW,7,7,0,0.0
route,GSO->EWR,11,11,0,0.0
route,GSO->FLL,1,1,0,0.0
route,GSO->IAD,12,12,0,0.0
route,GSO->LGA,25,25,0,0.0
route,GSO->MCO,1,1,0,0.0
route,GSO->MIA,4,4,0,0.0
route,GSO->ORD,11,11,0,0.0
route,GSO->PHL,10,10,0,0.0
route,GSO->SFB,1,1,0,0.0
route,GSO->TPA,1,1,0,0.0
route,GSP->ATL,35,35,0,0.0
route,GSP->CLT,37,37,0,0.0
route,GSP->DCA,10,10,0,0.0
route,GSP->DEN,4,4,0,0.0
route,GSP->DFW,10,10,0,0.0
route,GSP->DTW,5,5,0,0.0
route,GSP->EWR,7,7,0,0.0
route,GSP->FLL,1,1,0,0.0
route,GSP->IAD,6,6,0,0.0
route,GSP->IAH,3,3,0,0.0
route,GSP->LGA,10,10,0,0.0
route,GSP->MCO,3,3,0,0.0
route,GSP->MIA,2,2,0,0.0
route,GSP->ORD,23,23,0,0.0
route,GSP->PHL,10,10,0,0.0
route,GSP->PIE,1,1,0,0.0
route,GSP->SFB,1,1,0,0.0
route,GTF->DEN,6,6,0,0.0
route,GTF->LAS,1,1,0,0.0
route,GTF->MSP,3,3,0,0.0
route,GTF->SEA,6,6,0,0.0
route,GTF->SLC,13,13,0,0.0
route,GTR->ATL,15,15,0,0.0
route,GUC->DEN,4,4,0,0.0
route,GUM->HNL,4,4,0,0.0
route,GUM->SPN,2,2,0,0.0
route,HDN->DEN,5,5,0,0.0
route,HGR->SFB,1,1,0,0.0
route,HHH->ATL,4,4,0,0.0
route,HHH->CLT,8,8,0,0.0
route,HHH->IAD,2,2,0,0.0
route,HIB->MSP,3,3,0,0.0
route,HLN->DEN,7,7,0,0.0
route,HLN->MSP,2,2,0,0.0
route,HLN->SEA,1,1,0,0.0
route,HLN->SLC,8,8,0,0.0
route,HNL->ANC,6,6,0,0.0
route,HNL->ATL,3,3,0,0.0
route,HNL->DEN,5,5,0,0.0
route,HNL->DFW,8,8,0,0.0
route,HNL->EWR,3,3,0,0.0
route,HNL->GUM,1,1,0,0.0
route,HNL->IAD,2,2,0,0.0
route,HNL->IAH,4,4,0,0.0
route,HNL->ITO,57,57,0,0.0
route,HNL->JFK,3,3,0,0.0
route,HNL->JHM,10,10,0,0.0
route,HNL->KOA,64,64,0,0.0
route,HNL->LAS,2,2,0,0.0
route,HNL->LAX,50,50,0,0.0
route,HNL->LGB,4,4,0,0.0
route,HNL->LIH,57,57,0,0.0
route,HNL->LNY,11,11,0,0.0
route,HNL->MKK,10,10,0,0.0
route,HNL->OAK,13,13,0,0.0
route,HNL->OGG,76,76,0,0.0
route,HNL->ORD,2,2,0,0.0
route,HNL->PDX,8,8,0,0.0
route,HNL->PHX,8,8,0,0.0
route,HNL->SAN,6,6,0,0.0
route,HNL->SEA,18,18,0,0.0
route,HNL->SFO,23,23,0,0.0
route,HNL->SJC,4,4,0,0.0
route,HNL->SMF,2,2,0,0.0
route,HOB->IAH,7,7,0,0.0
route,HOU->ABQ,11,11,0,0.0
route,HOU->ATL,38,38,0,0.0
route,HOU->AUS,24,24,0,0.0
route,HOU->BHM,5,5,0,0.0
route,HOU->BNA,16,16,0,0.0
route,HOU->BOS,9,9,0,0.0
route,HOU->BUR,3,3,0,0.0
route,HOU->BWI,10,10,0,0.0
route,HOU->CHS,2,2,0,0.0
route,HOU->CLT,2,2,0,0.0
route,HOU->CRP,12,12,0,0.0
route,HOU->DAL,54,54,0,0.0
route,HOU->DCA,6,6,0,0.0
route,HOU->DEN,21,21,0,0.0
route,HOU->DFW,28,28,0,0.0
route,HOU->ECP,2,2,0,0.0
route,HOU->ELP,10,10,0,0.0
route,HOU->FLL,14,14,0,0.0
route,HOU->HRL,11,11,0,0.0
route,HOU->IND,5,5,0,0.0
route,HOU->JAX,6,6,0,0.0
route,HOU->JFK,4,4,0,0.0
route,HOU->LAS,17,17,0,0.0
route,HOU->LAX,16,16,0,0.0
route,HOU->LGA,13,13,0,0.0
route,HOU->MAF,10,10,0,0.0
route,HOU->MCI,8,8,0,0.0
route,HOU->MCO,12,12,0,0.0
route,HOU->MDW,24,24,0,0.0
route,HOU->MEM,4,4,0,0.0
route,HOU->MKE,4,4,0,0.0
route,HOU->MSY,27,27,0,0.0
route,HOU->OAK,8,8,0,0.0
route,HOU->OKC,11,11,0,0.0
route,HOU->OMA,7,7,0,0.0
route,HOU->PHX,16,16,0,0.0
route,HOU->PIT,1,1,0,0.0
route,HOU->PNS,2,2,0,0.0
route,HOU->RDU,3,3,0,0.0
route,HOU->SAN,6,6,0,0.0
route,HOU->SAT,25,25,0,0.0
route,HOU->SJC,5,5,0,0.0
route,HOU->SLC,1,1,0,0.0
route,HOU->SNA,1,1,0,0.0
route,HOU->STL,13,13,0,0.0
route,HOU->TPA,16,16,0,0.0
route,HOU->TUL,11,11,0,0.0
route,HPN->ACK,2,2,0,0.0
route,HPN->ATL,25,25,0,0.0
route,HPN->CLT,14,14,0,0.0
route,HPN->DCA,11,11,0,0.0
route,HPN->DTW,12,12,0,0.0
route,HPN->FLL,7,7,0,0.0
route,HPN->MCO,9,9,0,0.0
route,HPN->ORD,14,14,0,0.0
route,HPN->PBI,11,11,0,0.0
route,HPN->RSW,6,6,0,0.0
route,HPN->TPA,2,2,0,0.0
route,HRL->AUS,4,4,0,0.0
route,HRL->HOU,11,11,0,0.0
route,HRL->IAH,16,16,0,0.0
route,HRL->ORD,1,1,0,0.0
route,HSV->ATL,27,27,0,0.0
route,HSV->CLT,11,11,0,0.0
route,HSV->DCA,12,12,0,0.0
route,HSV->DEN,12,12,0,0.0
route,HSV->DFW,17,17,0,0.0
route,HSV->DTW,2,2,0,0.0
route,HSV->IAD,8,8,0,0.0
route,HSV->IAH,10,10,0,0.0
route,HSV->MCO,1,1,0,0.0
route,HSV->ORD,7,7,0,0.0
route,HTS->CLT,8,8,0,0.0
route,HTS->PIE,1,1,0,0.0
route,HTS->SFB,1,1,0,0.0
route,HVN->PHL,5,5,0,0.0
route,HYA->JFK,1,1,0,0.0
route,HYS->DEN,4,4,0,0.0
route,HYS->SLN,3,3,0,0.0
route,IAD->ALB,9,9,0,0.0
route,IAD->ATL,37,37,0,0.0
route,IAD->AUS,13,13,0,0.0
route,IAD->AVL,3,3,0,0.0
route,IAD->AVP,2,2,0,0.0
route,IAD->BDL,10,10,0,0.0
route,IAD->BNA,16,16,0,0.0
route,IAD->BOS,22,22,0,0.0
route,IAD->BTV,11,11,0,0.0
route,IAD->BUF,9,9,0,0.0
route,IAD->CAE,8,8,0,0.0
route,IAD->CHA,4,4,0,0.0
route,IAD->CHO,8,8,0,0.0
route,IAD->CHS,5,5,0,0.0
route,IAD->CKB,2,2,0,0.0
route,IAD->CLE,11,11,0,0.0
route,IAD->CLT,27,27,0,0.0
route,IAD->CMH,17,17,0,0.0
route,IAD->CRW,3,3,0,0.0
route,IAD->CVG,8,8,0,0.0
route,IAD->DAY,4,4,0,0.0
route,IAD->DEN,37,37,0,0.0
route,IAD->DFW,19,19,0,0.0
route,IAD->DTW,31,31,0,0.0
route,IAD->ELM,5,5,0,0.0
route,IAD->EWR,17,17,0,0.0
route,IAD->FAY,6,6,0,0.0
route,IAD->FLL,3,3,0,0.0
route,IAD->GRR,2,2,0,0.0
route,IAD->GSO,9,9,0,0.0
route,IAD->GSP,5,5,0,0.0
route,IAD->HHH,1,1,0,0.0
route,IAD->HNL,1,1,0,0.0
route,IAD->HSV,6,6,0,0.0
route,IAD->IAH,13,13,0,0.0
route,IAD->ILM,11,11,0,0.0
route,IAD->IND,10,10,0,0.0
route,IAD->ITH,5,5,0,0.0
route,IAD->JAX,11,11,0,0.0
route,IAD->JFK,16,16,0,0.0
route,IAD->LAS,4,4,0,0.0
route,IAD->LAX,39,39,0,0.0
route,IAD->LEX,1,1,0,0.0
route,IAD->LGA,18,18,0,0.0
route,IAD->LWB,1,1,0,0.0
route,IAD->MCI,7,7,0,0.0
route,IAD->MCO,13,13,0,0.0
route,IAD->MDT,12,12,0,0.0
route,IAD->MHT,3,3,0,0.0
route,IAD->MIA,2,2,0,0.0
route,IAD->MSP,16,16,0,0.0
route,IAD->MSY,6,6,0,0.0
route,IAD->OKC,1,1,0,0.0
route,IAD->ORD,19,19,0,0.0
route,IAD->ORF,13,13,0,0.0
route,IAD->PBG,8,8,0,0.0
route,IAD->PDX,4,4,0,0.0
route,IAD->PHL,5,5,0,0.0
route,IAD->PHX,1,1,0,0.0
route,IAD->PIT,9,9,0,0.0
route,IAD->PVD,5,5,0,0.0
route,IAD->PWM,14,14,0,0.0
route,IAD->RDU,13,13,0,0.0
route,IAD->RIC,12,12,0,0.0
route,IAD->ROA,5,5,0,0.0
route,IAD->ROC,6,6,0,0.0
route,IAD->SAN,9,9,0,0.0
route,IAD->SAT,8,8,0,0.0
route,IAD->SAV,7,7,0,0.0
route,IAD->SCE,4,4,0,0.0
route,IAD->SDF,9,9,0,0.0
route,IAD->SEA,25,25,0,0.0
route,IAD->SFO,34,34,0,0.0
route,IAD->SHD,7,7,0,0.0
route,IAD->SJU,2,2,0,0.0
route,IAD->SLC,3,3,0,0.0
route,IAD->SMF,3,3,0,0.0
route,IAD->STL,12,12,0,0.0
route,IAD->SYR,11,11,0,0.0
route,IAD->TPA,7,7,0,0.0
route,IAD->TUL,1,1,0,0.0
route,IAD->TYS,7,7,0,0.0
route,IAG->FLL,1,1,0,0.0
route,IAG->PIE,2,2,0,0.0
route,IAH->ABQ,6,6,0,0.0
route,IAH->AEX,6,6,0,0.0
route,IAH->AMA,18,18,0,0.0
route,IAH->ATL,55,55,0,0.0
route,IAH->AUS,26,26,0,0.0
route,IAH->BHM,10,10,0,0.0
route,IAH->BNA,17,17,0,0.0
route,IAH->BOI,4,4,0,0.0
route,IAH->BOS,16,16,0,0.0
route,IAH->BRO,21,21,0,0.0
route,IAH->BTR,22,22,0,0.0
route,IAH->BWI,11,11,0,0.0
route,IAH->CAE,3,3,0,0.0
route,IAH->CAK,2,2,0,0.0
route,IAH->CHS,10,10,0,0.0
route,IAH->CLE,15,15,0,0.0
route,IAH->CLL,9,9,0,0.0
route,IAH->CLT,33,33,0,0.0
route,IAH->CMH,13,13,0,0.0
route,IAH->COS,21,21,0,0.0
route,IAH->CRP,16,16,0,0.0
route,IAH->CVG,17,17,0,0.0
route,IAH->DAY,5,5,0,0.0
route,IAH->DCA,19,19,0,0.0
route,IAH->DEN,37,37,0,0.0
route,IAH->DFW,51,51,0,0.0
route,IAH->DSM,7,7,0,0.0
route,IAH->DTW,29,29,0,0.0
route,IAH->ECP,12,12,0,0.0
route,IAH->ELP,13,13,0,0.0
route,IAH->EWR,31,31,0,0.0
route,IAH->FLL,16,16,0,0.0
route,IAH->GPT,9,9,0,0.0
route,IAH->GRK,4,4,0,0.0
route,IAH->GRR,7,7,0,0.0
route,IAH->GSP,11,11,0,0.0
route,IAH->HNL,4,4,0,0.0
route,IAH->HOB,2,2,0,0.0
route,IAH->HRL,10,10,0,0.0
route,IAH->HSV,10,10,0,0.0
route,IAH->IAD,4,4,0,0.0
route,IAH->ICT,14,14,0,0.0
route,IAH->IND,14,14,0,0.0
route,IAH->JAN,14,14,0,0.0
route,IAH->JAX,13,13,0,0.0
route,IAH->LAS,28,28,0,0.0
route,IAH->LAX,50,50,0,0.0
route,IAH->LBB,11,11,0,0.0
route,IAH->LCH,6,6,0,0.0
route,IAH->LEX,1,1,0,0.0
route,IAH->LFT,20,20,0,0.0
route,IAH->LGA,37,37,0,0.0
route,IAH->LIT,18,18,0,0.0
route,IAH->LRD,4,4,0,0.0
route,IAH->MAF,19,19,0,0.0
route,IAH->MCI,7,7,0,0.0
route,IAH->MCO,27,27,0,0.0
route,IAH->MEM,22,22,0,0.0
route,IAH->MFE,22,22,0,0.0
route,IAH->MIA,28,28,0,0.0
route,IAH->MKE,10,10,0,0.0
route,IAH->MLU,6,6,0,0.0
route,IAH->MOB,16,16,0,0.0
route,IAH->MSP,32,32,0,0.0
route,IAH->MSY,32,32,0,0.0
route,IAH->MTJ,1,1,0,0.0
route,IAH->OAK,3,3,0,0.0
route,IAH->OKC,18,18,0,0.0
route,IAH->OMA,14,14,0,0.0
route,IAH->ONT,1,1,0,0.0
route,IAH->ORD,35,35,0,0.0
route,IAH->ORF,2,2,0,0.0
route,IAH->PDX,4,4,0,0.0
route,IAH->PHL,16,16,0,0.0
route,IAH->PHX,19,19,0,0.0
route,IAH->PIT,15,15,0,0.0
route,IAH->PNS,21,21,0,0.0
route,IAH->RDU,17,17,0,0.0
route,IAH->RIC,7,7,0,0.0
route,IAH->RNO,2,2,0,0.0
route,IAH->RSW,9,9,0,0.0
route,IAH->SAN,21,21,0,0.0
route,IAH->SAT,24,24,0,0.0
route,IAH->SAV,4,4,0,0.0
route,IAH->SDF,13,13,0,0.0
route,IAH->SEA,20,20,0,0.0
route,IAH->SFO,26,26,0,0.0
route,IAH->SGF,1,1,0,0.0
route,IAH->SHV,9,9,0,0.0
route,IAH->SJC,5,5,0,0.0
route,IAH->SJU,3,3,0,0.0
route,IAH->SLC,23,23,0,0.0
route,IAH->SMF,8,8,0,0.0
route,IAH->SNA,19,19,0,0.0
route,IAH->STL,10,10,0,0.0
route,IAH->TPA,9,9,0,0.0
route,IAH->TUL,23,23,0,0.0
route,IAH->TUS,12,12,0,0.0
route,IAH->TYS,13,13,0,0.0
route,IAH->VPS,10,10,0,0.0
route,IAH->XNA,8,8,0,0.0
route,ICT->ATL,5,5,0,0.0
route,ICT->DEN,7,7,0,0.0
route,ICT->DFW,17,17,0,0.0
route,ICT->IAH,9,9,0,0.0
route,ICT->LAS,5,5,0,0.0
route,ICT->MSP,7,7,0,0.0
route,ICT->ORD,20,20,0,0.0
route,ICT->PHX,1,1,0,0.0
route,ICT->SEA,3,3,0,0.0
route,ICT->STL,1,1,0,0.0
route,IDA->AZA,1,1,0,0.0
route,IDA->DEN,11,11,0,0.0
route,IDA->SLC,7,7,0,0.0
route,ILM->ATL,13,13,0,0.0
route,ILM->CLT,31,31,0,0.0
route,ILM->IAD,5,5,0,0.0
route,ILM->LGA,9,9,0,0.0
route,ILM->ORD,4,4,0,0.0
route,ILM->PHL,9,9,0,0.0
route,IMT->DTW,5,5,0,0.0
route,IMT->MSP,5,5,0,0.0
route,IND->ATL,43,43,0,0.0
route,IND->AUS,1,1,0,0.0
route,IND->BOS,11,11,0,0.0
route,IND->BWI,7,7,0,0.0
route,IND->CLT,28,28,0,0.0
route,IND->DAL,4,4,0,0.0
route,IND->DCA,10,10,0,0.0
route,IND->DEN,16,16,0,0.0
route,IND->DFW,15,15,0,0.0
route,IND->DTW,30,30,0,0.0
route,IND->EWR,18,18,0,0.0
route,IND->FLL,4,4,0,0.0
route,IND->HOU,3,3,0,0.0
route,IND->IAD,13,13,0,0.0
route,IND->IAH,21,21,0,0.0
route,IND->JFK,10,10,0,0.0
route,IND->LAS,20,20,0,0.0
route,IND->LAX,10,10,0,0.0
route,IND->LGA,22,22,0,0.0
route,IND->MCI,8,8,0,0.0
route,IND->MCO,18,18,0,0.0
route,IND->MDW,2,2,0,0.0
route,IND->MIA,7,7,0,0.0
route,IND->MSP,18,18,0,0.0
route,IND->OAK,4,4,0,0.0
route,IND->ORD,48,48,0,0.0
route,IND->PGD,1,1,0,0.0
route,IND->PHL,22,22,0,0.0
route,IND->PHX,10,10,0,0.0
route,IND->PIE,5,5,0,0.0
route,IND->RDU,3,3,0,0.0
route,IND->RSW,4,4,0,0.0
route,IND->SAN,1,1,0,0.0
route,IND->SEA,10,10,0,0.0
route,IND->SFB,2,2,0,0.0
route,IND->SFO,6,6,0,0.0
route,IND->SLC,3,3,0,0.0
route,INL->MSP,5,5,0,0.0
route,IPT->PHL,5,5,0,0.0
route,ISN->DEN,9,9,0,0.0
route,ISN->MSP,10,10,0,0.0
route,ISP->BWI,19,19,0,0.0
route,ISP->MCO,8,8,0,0.0
route,ISP->PBI,4,4,0,0.0
route,ISP->PHL,14,14,0,0.0
route,ISP->TPA,3,3,0,0.0
route,ITH->DTW,12,12,0,0.0
route,ITH->EWR,3,3,0,0.0
route,ITH->IAD,4,4,0,0.0
route,ITH->PHL,9,9,0,0.0
route,ITO->HNL,40,40,0,0.0
route,ITO->LAX,1,1,0,0.0
route,ITO->OGG,5,5,0,0.0
route,JAC->DEN,8,8,0,0.0
route,JAC->DFW,6,6,0,0.0
route,JAC->LAX,1,1,0,0.0
route,JAC->ORD,13,13,0,0.0
route,JAC->SFO,1,1,0,0.0
route,JAC->SLC,16,16,0,0.0
route,JAN->ATL,20,20,0,0.0
route,JAN->CLT,8,8,0,0.0
route,JAN->DCA,4,4,0,0.0
route,JAN->DEN,1,1,0,0.0
route,JAN->DFW,21,21,0,0.0
route,JAN->IAH,15,15,0,0.0
route,JAN->ORD,1,1,0,0.0
route,JAX->ATL,41,41,0,0.0
route,JAX->BNA,3,3,0,0.0
route,JAX->BOS,15,15,0,0.0
route,JAX->BWI,5,5,0,0.0
route,JAX->CLT,20,20,0,0.0
route,JAX->CVG,2,2,0,0.0
route,JAX->DAL,3,3,0,0.0
route,JAX->DCA,22,22,0,0.0
route,JAX->DEN,11,11,0,0.0
route,JAX->DFW,7,7,0,0.0
route,JAX->DTW,5,5,0,0.0
route,JAX->EWR,15,15,0,0.0
route,JAX->FLL,21,21,0,0.0
route,JAX->HOU,5,5,0,0.0
route,JAX->IAD,6,6,0,0.0
route,JAX->IAH,7,7,0,0.0
route,JAX->JFK,18,18,0,0.0
route,JAX->LAS,2,2,0,0.0
route,JAX->LGA,10,10,0,0.0
route,JAX->MDW,1,1,0,0.0
route,JAX->MIA,18,18,0,0.0
route,JAX->MKE,1,1,0,0.0
route,JAX->MSP,6,6,0,0.0
route,JAX->ORD,32,32,0,0.0
route,JAX->PHL,10,10,0,0.0
route,JAX->PIT,1,1,0,0.0
route,JAX->RDU,1,1,0,0.0
route,JAX->STL,2,2,0,0.0
route,JFK->ABQ,7,7,0,0.0
route,JFK->ACK,8,8,0,0.0
route,JFK->ATL,34,34,0,0.0
route,JFK->AUS,28,28,0,0.0
route,JFK->BGR,2,2,0,0.0
route,JFK->BNA,13,13,0,0.0
route,JFK->BOS,53,53,0,0.0
route,JFK->BTV,19,19,0,0.0
route,JFK->BUF,32,32,0,0.0
route,JFK->BUR,5,5,0,0.0
route,JFK->BWI,14,14,0,0.0
route,JFK->CHS,13,13,0,0.0
route,JFK->CLE,20,20,0,0.0
route,JFK->CLT,33,33,0,0.0
route,JFK->CMH,4,4,0,0.0
route,JFK->CVG,7,7,0,0.0
route,JFK->DAB,2,2,0,0.0
route,JFK->DCA,29,29,0,0.0
route,JFK->DEN,18,18,0,0.0
route,JFK->DFW,11,11,0,0.0
route,JFK->DTW,18,18,0,0.0
route,JFK->FLL,40,40,0,0.0
route,JFK->HNL,4,4,0,0.0
route,JFK->HOU,3,3,0,0.0
route,JFK->IAD,8,8,0,0.0
route,JFK->IND,16,16,0,0.0
route,JFK->JAX,19,19,0,0.0
route,JFK->LAS,38,38,0,0.0
route,JFK->LAX,109,109,0,0.0
route,JFK->LGB,4,4,0,0.0
route,JFK->MCO,41,41,0,0.0
route,JFK->MIA,32,32,0,0.0
route,JFK->MSP,10,10,0,0.0
route,JFK->MSY,20,20,0,0.0
route,JFK->MVY,3,3,0,0.0
route,JFK->OAK,3,3,0,0.0
route,JFK->ONT,2,2,0,0.0
route,JFK->ORD,26,26,0,0.0
route,JFK->ORF,14,14,0,0.0
route,JFK->ORH,4,4,0,0.0
route,JFK->PBI,11,11,0,0.0
route,JFK->PDX,17,17,0,0.0
route,JFK->PHL,3,3,0,0.0
route,JFK->PHX,28,28,0,0.0
route,JFK->PIT,16,16,0,0.0
route,JFK->PSE,4,4,0,0.0
route,JFK->PWM,17,17,0,0.0
route,JFK->RDU,33,33,0,0.0
route,JFK->RIC,5,5,0,0.0
route,JFK->RNO,4,4,0,0.0
route,JFK->ROC,19,19,0,0.0
route,JFK->RSW,5,5,0,0.0
route,JFK->SAN,13,13,0,0.0
route,JFK->SAT,6,6,0,0.0
route,JFK->SAV,9,9,0,0.0
route,JFK->SEA,27,27,0,0.0
route,JFK->SFO,63,63,0,0.0
route,JFK->SJC,6,6,0,0.0
route,JFK->SJU,16,16,0,0.0
route,JFK->SLC,19,19,0,0.0
route,JFK->SMF,6,6,0,0.0
route,JFK->SRQ,2,2,0,0.0
route,JFK->STT,1,1,0,0.0
route,JFK->SYR,15,15,0,0.0
route,JFK->TPA,15,15,0,0.0
route,JHM->HNL,9,9,0,0.0
route,JLN->DFW,7,7,0,0.0
route,JLN->ORD,4,4,0,0.0
route,JMS->DEN,4,4,0,0.0
route,JMS->DVL,7,7,0,0.0
route,JNU->ANC,5,5,0,0.0
route,JNU->KTN,1,1,0,0.0
route,JNU->PSG,1,1,0,0.0
route,JNU->SEA,8,8,0,0.0
route,JNU->SIT,2,2,0,0.0
route,JNU->YAK,3,3,0,0.0
route,KOA->DEN,1,1,0,0.0
route,KOA->HNL,67,67,0,0.0
route,KOA->LAX,20,20,0,0.0
route,KOA->LIH,2,2,0,0.0
route,KOA->OAK,1,1,0,0.0
route,KOA->OGG,11,11,0,0.0
route,KOA->PHX,4,4,0,0.0
route,KOA->SAN,2,2,0,0.0
route,KOA->SEA,6,6,0,0.0
route,KOA->SFO,12,12,0,0.0
route,KOA->SJC,2,2,0,0.0
route,KOA->SMF,1,1,0,0.0
route,KTN->JNU,4,4,0,0.0
route,KTN->SEA,14,14,0,0.0
route,KTN->SIT,3,3,0,0.0
route,KTN->WRG,5,5,0,0.0
route,LAN->DCA,5,5,0,0.0
route,LAN->DTW,13,13,0,0.0
route,LAN->MSP,7,7,0,0.0
route,LAN->ORD,12,12,0,0.0
route,LAR->DEN,8,8,0,0.0
route,LAS->ABQ,10,10,0,0.0
route,LAS->AMA,5,5,0,0.0
route,LAS->ATL,41,41,0,0.0
route,LAS->AUS,13,13,0,0.0
route,LAS->AZA,2,2,0,0.0
route,LAS->BDL,4,4,0,0.0
route,LAS->BIL,2,2,0,0.0
route,LAS->BIS,2,2,0,0.0
route,LAS->BLI,5,5,0,0.0
route,LAS->BNA,11,11,0,0.0
route,LAS->BOI,5,5,0,0.0
route,LAS->BOS,14,14,0,0.0
route,LAS->BUF,3,3,0,0.0
route,LAS->BUR,36,36,0,0.0
route,LAS->BWI,16,16,0,0.0
route,LAS->BZN,1,1,0,0.0
route,LAS->CLE,10,10,0,0.0
route,LAS->CLT,17,17,0,0.0
route,LAS->CMH,8,8,0,0.0
route,LAS->COS,8,8,0,0.0
route,LAS->CVG,8,8,0,0.0
route,LAS->DAL,18,18,0,0.0
route,LAS->DCA,6,6,0,0.0
route,LAS->DEN,56,56,0,0.0
route,LAS->DFW,32,32,0,0.0
route,LAS->DSM,5,5,0,0.0
route,LAS->DTW,25,25,0,0.0
route,LAS->ELP,16,16,0,0.0
route,LAS->EUG,1,1,0,0.0
route,LAS->EWR,22,22,0,0.0
route,LAS->FAT,3,3,0,0.0
route,LAS->FLL,11,11,0,0.0
route,LAS->FSD,4,4,0,0.0
route,LAS->GEG,13,13,0,0.0
route,LAS->GFK,1,1,0,0.0
route,LAS->GJT,2,2,0,0.0
route,LAS->GRI,1,1,0,0.0
route,LAS->GRR,1,1,0,0.0
route,LAS->GSP,1,1,0,0.0
route,LAS->HNL,4,4,0,0.0
route,LAS->HOU,8,8,0,0.0
route,LAS->IAD,7,7,0,0.0
route,LAS->IAH,26,26,0,0.0
route,LAS->ICT,5,5,0,0.0
route,LAS->IND,9,9,0,0.0
route,LAS->JAX,2,2,0,0.0
route,LAS->JFK,45,45,0,0.0
route,LAS->LAX,128,128,0,0.0
route,LAS->LBB,3,3,0,0.0
route,LAS->LGB,21,21,0,0.0
route,LAS->LIT,2,2,0,0.0
route,LAS->LRD,5,5,0,0.0
route,LAS->MAF,1,1,0,0.0
route,LAS->MCI,14,14,0,0.0
route,LAS->MCO,9,9,0,0.0
route,LAS->MDW,28,28,0,0.0
route,LAS->MEM,2,2,0,0.0
route,LAS->MFE,2,2,0,0.0
route,LAS->MIA,13,13,0,0.0
route,LAS->MKE,4,4,0,0.0
route,LAS->MRY,2,2,0,0.0
route,LAS->MSN,1,1,0,0.0
route,LAS->MSP,26,26,0,0.0
route,LAS->MSY,8,8,0,0.0
route,LAS->OAK,49,49,0,0.0
route,LAS->OKC,10,10,0,0.0
route,LAS->OMA,13,13,0,0.0
route,LAS->ONT,10,10,0,0.0
route,LAS->ORD,39,39,0,0.0
route,LAS->PAE,5,5,0,0.0
route,LAS->PDX,30,30,0,0.0
route,LAS->PHL,20,20,0,0.0
route,LAS->PHX,50,50,0,0.0
route,LAS->PIA,2,2,0,0.0
route,LAS->PIT,11,11,0,0.0
route,LAS->PSC,1,1,0,0.0
route,LAS->RAP,1,1,0,0.0
route,LAS->RDU,3,3,0,0.0
route,LAS->RFD,1,1,0,0.0
route,LAS->RNO,26,26,0,0.0
route,LAS->SAN,55,55,0,0.0
route,LAS->SAT,20,20,0,0.0
route,LAS->SBN,1,1,0,0.0
route,LAS->SCK,5,5,0,0.0
route,LAS->SDF,5,5,0,0.0
route,LAS->SEA,72,72,0,0.0
route,LAS->SFO,75,75,0,0.0
route,LAS->SJC,40,40,0,0.0
route,LAS->SLC,36,36,0,0.0
route,LAS->SMF,31,31,0,0.0
route,LAS->SMX,2,2,0,0.0
route,LAS->SNA,27,27,0,0.0
route,LAS->STL,13,13,0,0.0
route,LAS->TPA,11,11,0,0.0
route,LAS->TUS,9,9,0,0.0
route,LAS->TYS,1,1,0,0.0
route,LAS->XNA,2,2,0,0.0
route,LAW->DFW,8,8,0,0.0
route,LAX->ABQ,27,27,0,0.0
route,LAX->ACV,8,8,0,0.0
route,LAX->ANC,3,3,0,0.0
route,LAX->ASE,3,3,0,0.0
route,LAX->ATL,54,54,0,0.0
route,LAX->AUS,35,35,0,0.0
route,LAX->BNA,17,17,0,0.0
route,LAX->BOI,9,9,0,0.0
route,LAX->BOS,53,53,0,0.0
route,LAX->BUF,3,3,0,0.0
route,LAX->BWI,19,19,0,0.0
route,LAX->CLE,5,5,0,0.0
route,LAX->CLT,20,20,0,0.0
route,LAX->CMH,6,6,0,0.0
route,LAX->COS,7,7,0,0.0
route,LAX->CVG,5,5,0,0.0
route,LAX->DAL,28,28,0,0.0
route,LAX->DCA,13,13,0,0.0
route,LAX->DEN,88,88,0,0.0
route,LAX->DFW,59,59,0,0.0
route,LAX->DTW,25,25,0,0.0
route,LAX->ELP,17,17,0,0.0
route,LAX->EUG,5,5,0,0.0
route,LAX->EWR,54,54,0,0.0
route,LAX->FAT,18,18,0,0.0
route,LAX->FLL,5,5,0,0.0
route,LAX->GEG,1,1,0,0.0
route,LAX->HNL,46,46,0,0.0
route,LAX->HOU,7,7,0,0.0
route,LAX->IAD,39,39,0,0.0
route,LAX->IAH,35,35,0,0.0
route,LAX->IND,10,10,0,0.0
route,LAX->ITO,1,1,0,0.0
route,LAX->JFK,96,96,0,0.0
route,LAX->KOA,7,7,0,0.0
route,LAX->LAS,124,124,0,0.0
route,LAX->LIH,16,16,0,0.0
route,LAX->MCI,20,20,0,0.0
route,LAX->MCO,24,24,0,0.0
route,LAX->MDW,16,16,0,0.0
route,LAX->MEM,3,3,0,0.0
route,LAX->MFR,10,10,0,0.0
route,LAX->MIA,27,27,0,0.0
route,LAX->MKE,4,4,0,0.0
route,LAX->MMH,4,4,0,0.0
route,LAX->MRY,12,12,0,0.0
route,LAX->MSN,1,1,0,0.0
route,LAX->MSP,24,24,0,0.0
route,LAX->MSY,16,16,0,0.0
route,LAX->OAK,63,63,0,0.0
route,LAX->OGG,27,27,0,0.0
route,LAX->OKC,9,9,0,0.0
route,LAX->OMA,4,4,0,0.0
route,LAX->ORD,77,77,0,0.0
route,LAX->PAE,3,3,0,0.0
route,LAX->PDX,63,63,0,0.0
route,LAX->PHL,25,25,0,0.0
route,LAX->PHX,75,75,0,0.0
route,LAX->PIT,3,3,0,0.0
route,LAX->PRC,2,2,0,0.0
route,LAX->PSC,2,2,0,0.0
route,LAX->RDD,2,2,0,0.0
route,LAX->RDM,5,5,0,0.0
route,LAX->RDU,5,5,0,0.0
route,LAX->RNO,28,28,0,0.0
route,LAX->SAN,51,51,0,0.0
route,LAX->SAT,27,27,0,0.0
route,LAX->SBA,14,14,0,0.0
route,LAX->SBP,11,11,0,0.0
route,LAX->SCK,1,1,0,0.0
route,LAX->SDF,1,1,0,0.0
route,LAX->SEA,84,84,0,0.0
route,LAX->SFO,148,148,0,0.0
route,LAX->SJC,82,82,0,0.0
route,LAX->SLC,60,60,0,0.0
route,LAX->SMF,53,53,0,0.0
route,LAX->STL,17,17,0,0.0
route,LAX->STS,5,5,0,0.0
route,LAX->SUN,3,3,0,0.0
route,LAX->TPA,6,6,0,0.0
route,LAX->TUL,3,3,0,0.0
route,LAX->TUS,30,30,0,0.0
route,LAX->XNA,6,6,0,0.0
route,LBB->AUS,5,5,0,0.0
route,LBB->DAL,19,19,0,0.0
route,LBB->DEN,8,8,0,0.0
route,LBB->DFW,13,13,0,0.0
route,LBB->HOU,1,1,0,0.0
route,LBB->IAH,11,11,0,0.0
route,LBB->LAS,4,4,0,0.0
route,LBB->PHX,2,2,0,0.0
route,LBE->FLL,3,3,0,0.0
route,LBE->MCO,4,4,0,0.0
route,LBE->MYR,1,1,0,0.0
route,LBF->DEN,4,4,0,0.0
route,LBL->DEN,3,3,0,0.0
route,LBL->PUB,3,3,0,0.0
route,LCH->DFW,10,10,0,0.0
route,LCH->IAH,7,7,0,0.0
route,LCK->MYR,2,2,0,0.0
route,LCK->PIE,1,1,0,0.0
route,LCK->SFB,2,2,0,0.0
route,LCK->SRQ,1,1,0,0.0
route,LCK->VPS,4,4,0,0.0
route,LEX->ATL,23,23,0,0.0
route,LEX->CLT,18,18,0,0.0
route,LEX->DCA,1,1,0,0.0
route,LEX->DFW,10,10,0,0.0
route,LEX->DTW,9,9,0,0.0
route,LEX->EWR,4,4,0,0.0
route,LEX->FLL,1,1,0,0.0
route,LEX->IAD,3,3,0,0.0
route,LEX->IAH,1,1,0,0.0
route,LEX->LGA,4,4,0,0.0
route,LEX->MSP,3,3,0,0.0
route,LEX->MYR,1,1,0,0.0
route,LEX->ORD,22,22,0,0.0
route,LEX->PGD,2,2,0,0.0
route,LEX->PHL,7,7,0,0.0
route,LEX->SFB,1,1,0,0.0
route,LFT->ATL,8,8,0,0.0
route,LFT->DEN,1,1,0,0.0
route,LFT->DFW,13,13,0,0.0
route,LFT->IAH,12,12,0,0.0
route,LGA->ATL,65,65,0,0.0
route,LGA->BGR,13,13,0,0.0
route,LGA->BHM,4,4,0,0.0
route,LGA->BNA,36,36,0,0.0
route,LGA->BOS,82,82,0,0.0
route,LGA->BTV,9,9,0,0.0
route,LGA->BUF,14,14,0,0.0
route,LGA->CAE,4,4,0,0.0
route,LGA->CAK,2,2,0,0.0
route,LGA->CHA,1,1,0,0.0
route,LGA->CHO,19,19,0,0.0
route,LGA->CHS,15,15,0,0.0
route,LGA->CLE,45,45,0,0.0
route,LGA->CLT,60,60,0,0.0
route,LGA->CMH,34,34,0,0.0
route,LGA->CVG,21,21,0,0.0
route,LGA->DAL,20,20,0,0.0
route,LGA->DAY,5,5,0,0.0
route,LGA->DCA,57,57,0,0.0
route,LGA->DEN,34,34,0,0.0
route,LGA->DFW,47,47,0,0.0
route,LGA->DSM,2,2,0,0.0
route,LGA->DTW,38,38,0,0.0
route,LGA->FLL,46,46,0,0.0
route,LGA->GRR,6,6,0,0.0
route,LGA->GSO,20,20,0,0.0
route,LGA->GSP,12,12,0,0.0
route,LGA->HOU,8,8,0,0.0
route,LGA->IAD,12,12,0,0.0
route,LGA->IAH,32,32,0,0.0
route,LGA->ILM,14,14,0,0.0
route,LGA->IND,23,23,0,0.0
route,LGA->JAX,3,3,0,0.0
route,LGA->LEX,4,4,0,0.0
route,LGA->MCI,17,17,0,0.0
route,LGA->MCO,30,30,0,0.0
route,LGA->MDW,12,12,0,0.0
route,LGA->MEM,12,12,0,0.0
route,LGA->MHT,2,2,0,0.0
route,LGA->MIA,42,42,0,0.0
route,LGA->MKE,26,26,0,0.0
route,LGA->MSN,4,4,0,0.0
route,LGA->MSP,21,21,0,0.0
route,LGA->MSY,9,9,0,0.0
route,LGA->MYR,5,5,0,0.0
route,LGA->OMA,6,6,0,0.0
route,LGA->ORD,136,136,0,0.0
route,LGA->ORF,28,28,0,0.0
route,LGA->PBI,18,18,0,0.0
route,LGA->PHL,6,6,0,0.0
route,LGA->PIT,35,35,0,0.0
route,LGA->PWM,21,21,0,0.0
route,LGA->RDU,38,38,0,0.0
route,LGA->RIC,27,27,0,0.0
route,LGA->ROA,4,4,0,0.0
route,LGA->ROC,10,10,0,0.0
route,LGA->RSW,5,5,0,0.0
route,LGA->SAV,10,10,0,0.0
route,LGA->SDF,14,14,0,0.0
route,LGA->SRQ,2,2,0,0.0
route,LGA->STL,36,36,0,0.0
route,LGA->SYR,9,9,0,0.0
route,LGA->TPA,23,23,0,0.0
route,LGA->TYS,6,6,0,0.0
route,LGA->XNA,5,5,0,0.0
route,LGB->AUS,3,3,0,0.0
route,LGB->BOS,3,3,0,0.0
route,LGB->DEN,2,2,0,0.0
route,LGB->FLL,1,1,0,0.0
route,LGB->HNL,5,5,0,0.0
route,LGB->JFK,12,12,0,0.0
route,LGB->LAS,15,15,0,0.0
route,LGB->OAK,24,24,0,0.0
route,LGB->PDX,5,5,0,0.0
route,LGB->PHX,9,9,0,0.0
route,LGB->RNO,2,2,0,0.0
route,LGB->SEA,7,7,0,0.0
route,LGB->SFO,8,8,0,0.0
route,LGB->SJC,12,12,0,0.0
route,LGB->SLC,26,26,0,0.0
route,LGB->SMF,20,20,0,0.0
route,LIH->DEN,6,6,0,0.0
route,LIH->HNL,56,56,0,0.0
route,LIH->KOA,3,3,0,0.0
route,LIH->LAX,18,18,0,0.0
route,LIH->OAK,6,6,0,0.0
route,LIH->OGG,6,6,0,0.0
route,LIH->PHX,1,1,0,0.0
route,LIH->SAN,2,2,0,0.0
route,LIH->SEA,12,12,0,0.0
route,LIH->SFO,1,1,0,0.0
route,LIH->SJC,2,2,0,0.0
route,LIT->ATL,14,14,0,0.0
route,LIT->CLT,12,12,0,0.0
route,LIT->DAL,3,3,0,0.0
route,LIT->DCA,1,1,0,0.0
route,LIT->DEN,8,8,0,0.0
route,LIT->DFW,21,21,0,0.0
route,LIT->DTW,3,3,0,0.0
route,LIT->IAH,10,10,0,0.0
route,LIT->LAS,4,4,0,0.0
route,LIT->ORD,21,21,0,0.0
route,LIT->PHX,3,3,0,0.0
route,LIT->STL,5,5,0,0.0
route,LNK->ATL,1,1,0,0.0
route,LNK->DEN,8,8,0,0.0
route,LNK->MSP,7,7,0,0.0
route,LNK->ORD,9,9,0,0.0
route,LNY->HNL,16,16,0,0.0
route,LRD->DFW,13,13,0,0.0
route,LRD->IAH,10,10,0,0.0
route,LRD->LAS,1,1,0,0.0
route,LSE->DTW,2,2,0,0.0
route,LSE->MSP,10,10,0,0.0
route,LSE->ORD,13,13,0,0.0
route,LWB->IAD,3,3,0,0.0
route,LWB->SHD,2,2,0,0.0
route,LWS->SLC,11,11,0,0.0
route,LYH->CLT,16,16,0,0.0
route,MAF->DAL,11,11,0,0.0
route,MAF->DEN,9,9,0,0.0
route,MAF->DFW,19,19,0,0.0
route,MAF->HOU,10,10,0,0.0
route,MAF->IAH,22,22,0,0.0
route,MAF->LAS,1,1,0,0.0
route,MAF->PHX,4,4,0,0.0
route,MBS->DTW,14,14,0,0.0
route,MBS->MSP,3,3,0,0.0
route,MBS->ORD,11,11,0,0.0
route,MCI->ABQ,4,4,0,0.0
route,MCI->ATL,29,29,0,0.0
route,MCI->AUS,3,3,0,0.0
route,MCI->BNA,12,12,0,0.0
route,MCI->BOS,10,10,0,0.0
route,MCI->BWI,12,12,0,0.0
route,MCI->CLT,13,13,0,0.0
route,MCI->CVG,3,3,0,0.0
route,MCI->DAL,11,11,0,0.0
route,MCI->DCA,11,11,0,0.0
route,MCI->DEN,47,47,0,0.0
route,MCI->DFW,25,25,0,0.0
route,MCI->DTW,10,10,0,0.0
route,MCI->EWR,8,8,0,0.0
route,MCI->FLL,3,3,0,0.0
route,MCI->HOU,9,9,0,0.0
route,MCI->IAD,6,6,0,0.0
route,MCI->IAH,24,24,0,0.0
route,MCI->IND,9,9,0,0.0
route,MCI->LAS,17,17,0,0.0
route,MCI->LAX,19,19,0,0.0
route,MCI->LGA,16,16,0,0.0
route,MCI->MCO,4,4,0,0.0
route,MCI->MDW,21,21,0,0.0
route,MCI->MIA,2,2,0,0.0
route,MCI->MKE,3,3,0,0.0
route,MCI->MSP,17,17,0,0.0
route,MCI->MSY,3,3,0,0.0
route,MCI->OAK,5,5,0,0.0
route,MCI->ORD,39,39,0,0.0
route,MCI->PDX,7,7,0,0.0
route,MCI->PHL,5,5,0,0.0
route,MCI->PHX,12,12,0,0.0
route,MCI->RDU,6,6,0,0.0
route,MCI->SAN,7,7,0,0.0
route,MCI->SAT,2,2,0,0.0
route,MCI->SEA,8,8,0,0.0
route,MCI->SFO,13,13,0,0.0
route,MCI->SLC,8,8,0,0.0
route,MCI->STL,8,8,0,0.0
route,MCI->TPA,2,2,0,0.0
route,MCO->ACY,7,7,0,0.0
route,MCO->ALB,8,8,0,0.0
route,MCO->ATL,68,68,0,0.0
route,MCO->AUS,5,5,0,0.0
route,MCO->BDL,21,21,0,0.0
route,MCO->BHM,10,10,0,0.0
route,MCO->BNA,10,10,0,0.0
route,MCO->BOS,37,37,0,0.0
route,MCO->BQN,10,10,0,0.0
route,MCO->BUF,14,14,0,0.0
route,MCO->BWI,27,27,0,0.0
route,MCO->CAK,1,1,0,0.0
route,MCO->CLE,8,8,0,0.0
route,MCO->CLT,29,29,0,0.0
route,MCO->CMH,9,9,0,0.0
route,MCO->COS,1,1,0,0.0
route,MCO->CVG,6,6,0,0.0
route,MCO->DAL,16,16,0,0.0
route,MCO->DCA,29,29,0,0.0
route,MCO->DEN,19,19,0,0.0
route,MCO->DFW,34,34,0,0.0
route,MCO->DTW,26,26,0,0.0
route,MCO->EWR,66,66,0,0.0
route,MCO->FLL,18,18,0,0.0
route,MCO->GRR,2,2,0,0.0
route,MCO->HOU,8,8,0,0.0
route,MCO->HPN,10,10,0,0.0
route,MCO->IAD,18,18,0,0.0
route,MCO->IAH,26,26,0,0.0
route,MCO->IND,8,8,0,0.0
route,MCO->ISP,5,5,0,0.0
route,MCO->JAN,2,2,0,0.0
route,MCO->JFK,41,41,0,0.0
route,MCO->LAS,12,12,0,0.0
route,MCO->LAX,27,27,0,0.0
route,MCO->LBE,2,2,0,0.0
route,MCO->LGA,33,33,0,0.0
route,MCO->MCI,8,8,0,0.0
route,MCO->MDW,15,15,0,0.0
route,MCO->MEM,2,2,0,0.0
route,MCO->MHT,3,3,0,0.0
route,MCO->MIA,21,21,0,0.0
route,MCO->MKE,12,12,0,0.0
route,MCO->MSP,16,16,0,0.0
route,MCO->MSY,15,15,0,0.0
route,MCO->OMA,2,2,0,0.0
route,MCO->ONT,3,3,0,0.0
route,MCO->ORD,39,39,0,0.0
route,MCO->ORF,3,3,0,0.0
route,MCO->ORH,1,1,0,0.0
route,MCO->PDX,6,6,0,0.0
route,MCO->PHL,48,48,0,0.0
route,MCO->PHX,6,6,0,0.0
route,MCO->PIT,18,18,0,0.0
route,MCO->PSE,2,2,0,0.0
route,MCO->PVD,9,9,0,0.0
route,MCO->RDU,16,16,0,0.0
route,MCO->RIC,5,5,0,0.0
route,MCO->ROC,1,1,0,0.0
route,MCO->SAN,9,9,0,0.0
route,MCO->SAT,6,6,0,0.0
route,MCO->SDF,7,7,0,0.0
route,MCO->SEA,3,3,0,0.0
route,MCO->SFO,10,10,0,0.0
route,MCO->SJC,1,1,0,0.0
route,MCO->SJU,36,36,0,0.0
route,MCO->SLC,15,15,0,0.0
route,MCO->STL,11,11,0,0.0
route,MCO->SWF,5,5,0,0.0
route,MCO->SYR,3,3,0,0.0
route,MCO->TTN,3,3,0,0.0
route,MDT->ATL,9,9,0,0.0
route,MDT->BOS,2,2,0,0.0
route,MDT->CLT,8,8,0,0.0
route,MDT->DEN,1,1,0,0.0
route,MDT->DTW,11,11,0,0.0
route,MDT->IAD,10,10,0,0.0
route,MDT->MCO,3,3,0,0.0
route,MDT->ORD,19,19,0,0.0
route,MDT->PHL,13,13,0,0.0
route,MDT->PIE,1,1,0,0.0
route,MDT->SFB,1,1,0,0.0
route,MDW->ABQ,6,6,0,0.0
route,MDW->ALB,6,6,0,0.0
route,MDW->ATL,29,29,0,0.0
route,MDW->AUS,8,8,0,0.0
route,MDW->BDL,12,12,0,0.0
route,MDW->BHM,5,5,0,0.0
route,MDW->BNA,19,19,0,0.0
route,MDW->BOI,2,2,0,0.0
route,MDW->BOS,13,13,0,0.0
route,MDW->BUF,8,8,0,0.0
route,MDW->BUR,1,1,0,0.0
route,MDW->BWI,23,23,0,0.0
route,MDW->CHS,8,8,0,0.0
route,MDW->CLE,9,9,0,0.0
route,MDW->CLT,13,13,0,0.0
route,MDW->CMH,19,19,0,0.0
route,MDW->CVG,19,19,0,0.0
route,MDW->DAL,21,21,0,0.0
route,MDW->DCA,18,18,0,0.0
route,MDW->DEN,36,36,0,0.0
route,MDW->DTW,26,26,0,0.0
route,MDW->EWR,16,16,0,0.0
route,MDW->FLL,13,13,0,0.0
route,MDW->GRR,6,6,0,0.0
route,MDW->HOU,20,20,0,0.0
route,MDW->IND,6,6,0,0.0
route,MDW->JAX,1,1,0,0.0
route,MDW->LAS,18,18,0,0.0
route,MDW->LAX,16,16,0,0.0
route,MDW->LGA,15,15,0,0.0
route,MDW->MCI,23,23,0,0.0
route,MDW->MCO,15,15,0,0.0
route,MDW->MEM,5,5,0,0.0
route,MDW->MHT,7,7,0,0.0
route,MDW->MSP,40,40,0,0.0
route,MDW->MSY,11,11,0,0.0
route,MDW->OAK,10,10,0,0.0
route,MDW->OKC,5,5,0,0.0
route,MDW->OMA,11,11,0,0.0
route,MDW->ONT,4,4,0,0.0
route,MDW->ORF,5,5,0,0.0
route,MDW->PDX,7,7,0,0.0
route,MDW->PHL,21,21,0,0.0
route,MDW->PHX,23,23,0,0.0
route,MDW->PIT,10,10,0,0.0
route,MDW->PVD,11,11,0,0.0
route,MDW->RDU,12,12,0,0.0
route,MDW->RSW,7,7,0,0.0
route,MDW->SAN,10,10,0,0.0
route,MDW->SAT,7,7,0,0.0
route,MDW->SDF,9,9,0,0.0
route,MDW->SEA,5,5,0,0.0
route,MDW->SFO,14,14,0,0.0
route,MDW->SJC,5,5,0,0.0
route,MDW->SJU,2,2,0,0.0
route,MDW->SLC,4,4,0,0.0
route,MDW->SNA,1,1,0,0.0
route,MDW->STL,26,26,0,0.0
route,MDW->TPA,14,14,0,0.0
route,MDW->TUS,4,4,0,0.0
route,MEI->DFW,1,1,0,0.0
route,MEI->ORD,2,2,0,0.0
route,MEI->PIB,1,1,0,0.0
route,MEM->ATL,28,28,0,0.0
route,MEM->BWI,3,3,0,0.0
route,MEM->CLT,11,11,0,0.0
route,MEM->DAL,6,6,0,0.0
route,MEM->DCA,14,14,0,0.0
route,MEM->DEN,11,11,0,0.0
route,MEM->DFW,24,24,0,0.0
route,MEM->DTW,6,6,0,0.0
route,MEM->EWR,8,8,0,0.0
route,MEM->FLL,1,1,0,0.0
route,MEM->HOU,8,8,0,0.0
route,MEM->IAH,18,18,0,0.0
route,MEM->LAS,4,4,0,0.0
route,MEM->LAX,3,3,0,0.0
route,MEM->LGA,9,9,0,0.0
route,MEM->MCO,4,4,0,0.0
route,MEM->MDW,3,3,0,0.0
route,MEM->MIA,9,9,0,0.0
route,MEM->MSP,9,9,0,0.0
route,MEM->ORD,29,29,0,0.0
route,MEM->PHL,5,5,0,0.0
route,MEM->PHX,8,8,0,0.0
route,MEM->PIE,1,1,0,0.0
route,MEM->SAT,1,1,0,0.0
route,MEM->SFB,1,1,0,0.0
route,MFE->DFW,16,16,0,0.0
route,MFE->IAH,29,29,0,0.0
route,MFE->LAS,3,3,0,0.0
route,MFR->DEN,6,6,0,0.0
route,MFR->LAX,7,7,0,0.0
route,MFR->PDX,14,14,0,0.0
route,MFR->PHX,3,3,0,0.0
route,MFR->SEA,23,23,0,0.0
route,MFR->SFO,12,12,0,0.0
route,MFR->SLC,4,4,0,0.0
route,MGM->ATL,25,25,0,0.0
route,MGM->CLT,9,9,0,0.0
route,MGM->DCA,2,2,0,0.0
route,MGM->DFW,12,12,0,0.0
route,MHK->DFW,7,7,0,0.0
route,MHK->ORD,5,5,0,0.0
route,MHT->ATL,4,4,0,0.0
route,MHT->BWI,20,20,0,0.0
route,MHT->CLT,12,12,0,0.0
route,MHT->DCA,5,5,0,0.0
route,MHT->DTW,9,9,0,0.0
route,MHT->EWR,5,5,0,0.0
route,MHT->IAD,1,1,0,0.0
route,MHT->LGA,4,4,0,0.0
route,MHT->MCO,5,5,0,0.0
route,MHT->MDW,10,10,0,0.0
route,MHT->ORD,5,5,0,0.0
route,MHT->PHL,18,18,0,0.0
route,MHT->TPA,3,3,0,0.0
route,MIA->ATL,60,60,0,0.0
route,MIA->AUS,11,11,0,0.0
route,MIA->BDL,2,2,0,0.0
route,MIA->BHM,6,6,0,0.0
route,MIA->BNA,8,8,0,0.0
route,MIA->BOS,13,13,0,0.0
route,MIA->BWI,7,7,0,0.0
route,MIA->CHS,4,4,0,0.0
route,MIA->CLE,3,3,0,0.0
route,MIA->CLT,19,19,0,0.0
route,MIA->CMH,7,7,0,0.0
route,MIA->CVG,4,4,0,0.0
route,MIA->DCA,32,32,0,0.0
route,MIA->DEN,4,4,0,0.0
route,MIA->DFW,33,33,0,0.0
route,MIA->DTW,9,9,0,0.0
route,MIA->EWR,26,26,0,0.0
route,MIA->EYW,10,10,0,0.0
route,MIA->GNV,5,5,0,0.0
route,MIA->GSO,8,8,0,0.0
route,MIA->GSP,7,7,0,0.0
route,MIA->IAD,2,2,0,0.0
route,MIA->IAH,21,21,0,0.0
route,MIA->IND,7,7,0,0.0
route,MIA->JAX,8,8,0,0.0
route,MIA->JFK,25,25,0,0.0
route,MIA->LAS,8,8,0,0.0
route,MIA->LAX,31,31,0,0.0
route,MIA->LGA,49,49,0,0.0
route,MIA->MCI,7,7,0,0.0
route,MIA->MCO,30,30,0,0.0
route,MIA->MEM,6,6,0,0.0
route,MIA->MSP,14,14,0,0.0
route,MIA->MSY,12,12,0,0.0
route,MIA->ORD,31,31,0,0.0
route,MIA->ORF,16,16,0,0.0
route,MIA->PHL,26,26,0,0.0
route,MIA->PHX,8,8,0,0.0
route,MIA->PIT,13,13,0,0.0
route,MIA->PNS,11,11,0,0.0
route,MIA->RDU,6,6,0,0.0
route,MIA->RIC,10,10,0,0.0
route,MIA->SAN,2,2,0,0.0
route,MIA->SAT,4,4,0,0.0
route,MIA->SAV,3,3,0,0.0
route,MIA->SDF,3,3,0,0.0
route,MIA->SEA,3,3,0,0.0
route,MIA->SFO,13,13,0,0.0
route,MIA->SJU,13,13,0,0.0
route,MIA->STL,6,6,0,0.0
route,MIA->STT,7,7,0,0.0
route,MIA->STX,2,2,0,0.0
route,MIA->TLH,16,16,0,0.0
route,MIA->TPA,14,14,0,0.0
route,MIA->TYS,4,4,0,0.0
route,MKE->ATL,32,32,0,0.0
route,MKE->AUS,2,2,0,0.0
route,MKE->BNA,4,4,0,0.0
route,MKE->BOS,10,10,0,0.0
route,MKE->BWI,4,4,0,0.0
route,MKE->CLE,12,12,0,0.0
route,MKE->CLT,11,11,0,0.0
route,MKE->CVG,1,1,0,0.0
route,MKE->DAL,1,1,0,0.0
route,MKE->DCA,7,7,0,0.0
route,MKE->DEN,30,30,0,0.0
route,MKE->DFW,9,9,0,0.0
route,MKE->DTW,9,9,0,0.0
route,MKE->EWR,16,16,0,0.0
route,MKE->HOU,2,2,0,0.0
route,MKE->IAH,5,5,0,0.0
route,MKE->JAX,1,1,0,0.0
route,MKE->LAS,8,8,0,0.0
route,MKE->LAX,1,1,0,0.0
route,MKE->LGA,20,20,0,0.0
route,MKE->MCI,4,4,0,0.0
route,MKE->MCO,10,10,0,0.0
route,MKE->MSP,16,16,0,0.0
route,MKE->ORD,46,46,0,0.0
route,MKE->PHL,6,6,0,0.0
route,MKE->PHX,10,10,0,0.0
route,MKE->RDU,1,1,0,0.0
route,MKE->SEA,11,11,0,0.0
route,MKE->SLC,2,2,0,0.0
route,MKE->STL,6,6,0,0.0
route,MKE->TPA,4,4,0,0.0
route,MKG->ORD,14,14,0,0.0
route,MKK->HNL,10,10,0,0.0
route,MLB->ATL,10,10,0,0.0
route,MLB->CLT,11,11,0,0.0
route,MLB->DCA,1,1,0,0.0
route,MLI->ATL,8,8,0,0.0
route,MLI->DEN,6,6,0,0.0
route,MLI->DFW,6,6,0,0.0
route,MLI->DTW,9,9,0,0.0
route,MLI->LAS,2,2,0,0.0
route,MLI->MSP,4,4,0,0.0
route,MLI->ORD,17,17,0,0.0
route,MLU->ATL,14,14,0,0.0
route,MLU->DFW,12,12,0,0.0
route,MLU->IAH,9,9,0,0.0
route,MMH->LAX,3,3,0,0.0
route,MOB->ATL,24,24,0,0.0
route,MOB->CLT,14,14,0,0.0
route,MOB->DFW,16,16,0,0.0
route,MOB->IAH,13,13,0,0.0
route,MOB->ORD,1,1,0,0.0
route,MOT->DEN,4,4,0,0.0
route,MOT->LAS,1,1,0,0.0
route,MOT->MSP,9,9,0,0.0
route,MQT->DTW,4,4,0,0.0
route,MQT->MSP,3,3,0,0.0
route,MQT->ORD,4,4,0,0.0
route,MRY->DFW,3,3,0,0.0
route,MRY->LAX,14,14,0,0.0
route,MRY->PHX,13,13,0,0.0
route,MRY->SAN,6,6,0,0.0
route,MRY->SFO,4,4,0,0.0
route,MSN->ATL,18,18,0,0.0
route,MSN->CLT,7,7,0,0.0
route,MSN->DCA,1,1,0,0.0
route,MSN->DEN,8,8,0,0.0
route,MSN->DFW,12,12,0,0.0
route,MSN->DTW,17,17,0,0.0
route,MSN->EWR,4,4,0,0.0
route,MSN->LAX,2,2,0,0.0
route,MSN->LGA,10,10,0,0.0
route,MSN->MSP,16,16,0,0.0
route,MSN->ORD,40,40,0,0.0
route,MSN->PHL,8,8,0,0.0
route,MSN->SFO,9,9,0,0.0
route,MSN->SLC,1,1,0,0.0
route,MSO->AZA,2,2,0,0.0
route,MSO->DEN,3,3,0,0.0
route,MSO->DFW,1,1,0,0.0
route,MSO->LAS,2,2,0,0.0
route,MSO->MSP,8,8,0,0.0
route,MSO->PDX,3,3,0,0.0
route,MSO->SEA,10,10,0,0.0
route,MSO->SFO,4,4,0,0.0
route,MSO->SLC,11,11,0,0.0
route,MSP->ABQ,2,2,0,0.0
route,MSP->ABR,3,3,0,0.0
route,MSP->ALB,2,2,0,0.0
route,MSP->ANC,4,4,0,0.0
route,MSP->ATL,43,43,0,0.0
route,MSP->ATW,8,8,0,0.0
route,MSP->AUS,15,15,0,0.0
route,MSP->AZO,4,4,0,0.0
route,MSP->BDL,12,12,0,0.0
route,MSP->BIL,6,6,0,0.0
route,MSP->BIS,17,17,0,0.0
route,MSP->BJI,4,4,0,0.0
route,MSP->BNA,21,21,0,0.0
route,MSP->BOI,9,9,0,0.0
route,MSP->BOS,27,27,0,0.0
route,MSP->BRD,2,2,0,0.0
route,MSP->BUF,2,2,0,0.0
route,MSP->BWI,14,14,0,0.0
route,MSP->BZN,7,7,0,0.0
route,MSP->CID,11,11,0,0.0
route,MSP->CIU,2,2,0,0.0
route,MSP->CLE,12,12,0,0.0
route,MSP->CLT,24,24,0,0.0
route,MSP->CMH,14,14,0,0.0
route,MSP->COS,1,1,0,0.0
route,MSP->CVG,16,16,0,0.0
route,MSP->CWA,8,8,0,0.0
route,MSP->DAY,20,20,0,0.0
route,MSP->DCA,25,25,0,0.0
route,MSP->DEN,47,47,0,0.0
route,MSP->DFW,35,35,0,0.0
route,MSP->DLH,16,16,0,0.0
route,MSP->DSM,10,10,0,0.0
route,MSP->DTW,22,22,0,0.0
route,MSP->EWR,34,34,0,0.0
route,MSP->FAR,22,22,0,0.0
route,MSP->FCA,3,3,0,0.0
route,MSP->FLL,1,1,0,0.0
route,MSP->FNT,4,4,0,0.0
route,MSP->FSD,15,15,0,0.0
route,MSP->FWA,4,4,0,0.0
route,MSP->GEG,8,8,0,0.0
route,MSP->GFK,21,21,0,0.0
route,MSP->GRB,12,12,0,0.0
route,MSP->GRR,13,13,0,0.0
route,MSP->GTF,5,5,0,0.0
route,MSP->HIB,7,7,0,0.0
route,MSP->HLN,3,3,0,0.0
route,MSP->IAD,19,19,0,0.0
route,MSP->IAH,25,25,0,0.0
route,MSP->ICT,7,7,0,0.0
route,MSP->IMT,5,5,0,0.0
route,MSP->IND,18,18,0,0.0
route,MSP->INL,4,4,0,0.0
route,MSP->ISN,3,3,0,0.0
route,MSP->JAX,3,3,0,0.0
route,MSP->JFK,12,12,0,0.0
route,MSP->LAN,5,5,0,0.0
route,MSP->LAS,23,23,0,0.0
route,MSP->LAX,22,22,0,0.0
route,MSP->LEX,3,3,0,0.0
route,MSP->LGA,32,32,0,0.0
route,MSP->LNK,5,5,0,0.0
route,MSP->LSE,7,7,0,0.0
route,MSP->MBS,4,4,0,0.0
route,MSP->MCI,24,24,0,0.0
route,MSP->MCO,16,16,0,0.0
route,MSP->MDW,36,36,0,0.0
route,MSP->MEM,7,7,0,0.0
route,MSP->MIA,10,10,0,0.0
route,MSP->MKE,11,11,0,0.0
route,MSP->MLI,8,8,0,0.0
route,MSP->MOT,11,11,0,0.0
route,MSP->MQT,1,1,0,0.0
route,MSP->MSN,12,12,0,0.0
route,MSP->MSO,11,11,0,0.0
route,MSP->MSY,4,4,0,0.0
route,MSP->OAK,3,3,0,0.0
route,MSP->OKC,7,7,0,0.0
route,MSP->OMA,22,22,0,0.0
route,MSP->ORD,65,65,0,0.0
route,MSP->ORF,3,3,0,0.0
route,MSP->PDX,17,17,0,0.0
route,MSP->PHL,19,19,0,0.0
route,MSP->PHX,27,27,0,0.0
route,MSP->PIT,8,8,0,0.0
route,MSP->PSC,5,5,0,0.0
route,MSP->RAP,13,13,0,0.0
route,MSP->RDU,9,9,0,0.0
route,MSP->RHI,12,12,0,0.0
route,MSP->RIC,7,7,0,0.0
route,MSP->ROC,4,4,0,0.0
route,MSP->RST,14,14,0,0.0
route,MSP->RSW,1,1,0,0.0
route,MSP->SAN,10,10,0,0.0
route,MSP->SAT,7,7,0,0.0
route,MSP->SBN,5,5,0,0.0
route,MSP->SDF,3,3,0,0.0
route,MSP->SEA,30,30,0,0.0
route,MSP->SFO,28,28,0,0.0
route,MSP->SJC,7,7,0,0.0
route,MSP->SLC,18,18,0,0.0
route,MSP->SMF,7,7,0,0.0
route,MSP->SNA,7,7,0,0.0
route,MSP->STL,20,20,0,0.0
route,MSP->SYR,3,3,0,0.0
route,MSP->TPA,3,3,0,0.0
route,MSP->TTN,2,2,0,0.0
route,MSP->TUL,2,2,0,0.0
route,MSP->TVC,8,8,0,0.0
route,MSP->TYS,4,4,0,0.0
route,MSP->XNA,5,5,0,0.0
route,MSY->ATL,38,38,0,0.0
route,MSY->AUS,5,5,0,0.0
route,MSY->BNA,13,13,0,0.0
route,MSY->BOS,9,9,0,0.0
route,MSY->BWI,8,8,0,0.0
route,MSY->CLE,2,2,0,0.0
route,MSY->CLT,20,20,0,0.0
route,MSY->CMH,1,1,0,0.0
route,MSY->DAL,18,18,0,0.0
route,MSY->DCA,18,18,0,0.0
route,MSY->DEN,18,18,0,0.0
route,MSY->DFW,27,27,0,0.0
route,MSY->DTW,11,11,0,0.0
route,MSY->EWR,16,16,0,0.0
route,MSY->FLL,10,10,0,0.0
route,MSY->HOU,23,23,0,0.0
route,MSY->IAD,15,15,0,0.0
route,MSY->IAH,37,37,0,0.0
route,MSY->JFK,15,15,0,0.0
route,MSY->LAS,2,2,0,0.0
route,MSY->LAX,19,19,0,0.0
route,MSY->LGA,13,13,0,0.0
route,MSY->MCI,1,1,0,0.0
route,MSY->MCO,21,21,0,0.0
route,MSY->MDW,11,11,0,0.0
route,MSY->MIA,11,11,0,0.0
route,MSY->MSP,5,5,0,0.0
route,MSY->OAK,1,1,0,0.0
route,MSY->ORD,20,20,0,0.0
route,MSY->PHL,13,13,0,0.0
route,MSY->PHX,4,4,0,0.0
route,MSY->RDU,2,2,0,0.0
route,MSY->SAN,4,4,0,0.0
route,MSY->SAT,2,2,0,0.0
route,MSY->SEA,4,4,0,0.0
route,MSY->SFO,6,6,0,0.0
route,MSY->SLC,5,5,0,0.0
route,MSY->STL,2,2,0,0.0
route,MSY->TPA,10,10,0,0.0
route,MTJ->DEN,13,13,0,0.0
route,MTJ->DFW,4,4,0,0.0
route,MTJ->ORD,5,5,0,0.0
route,MVY->JFK,1,1,0,0.0
route,MYR->ABE,2,2,0,0.0
route,MYR->ACY,3,3,0,0.0
route,MYR->ALB,1,1,0,0.0
route,MYR->ATL,14,14,0,0.0
route,MYR->BDL,2,2,0,0.0
route,MYR->BOS,1,1,0,0.0
route,MYR->BWI,3,3,0,0.0
route,MYR->CKB,1,1,0,0.0
route,MYR->CLT,27,27,0,0.0
route,MYR->CMH,2,2,0,0.0
route,MYR->DAY,1,1,0,0.0
route,MYR->DCA,4,4,0,0.0
route,MYR->DFW,2,2,0,0.0
route,MYR->DTW,8,8,0,0.0
route,MYR->EWR,6,6,0,0.0
route,MYR->FLL,6,6,0,0.0
route,MYR->IAG,2,2,0,0.0
route,MYR->LBE,2,2,0,0.0
route,MYR->LCK,1,1,0,0.0
route,MYR->LGA,8,8,0,0.0
route,MYR->ORD,4,4,0,0.0
route,MYR->PHL,5,5,0,0.0
route,MYR->PIT,3,3,0,0.0
route,MYR->TTN,1,1,0,0.0
route,OAJ->ATL,13,13,0,0.0
route,OAJ->CLT,8,8,0,0.0
route,OAK->ABQ,5,5,0,0.0
route,OAK->ATL,5,5,0,0.0
route,OAK->AUS,2,2,0,0.0
route,OAK->AZA,1,1,0,0.0
route,OAK->BNA,3,3,0,0.0
route,OAK->BOI,6,6,0,0.0
route,OAK->BUR,25,25,0,0.0
route,OAK->BWI,2,2,0,0.0
route,OAK->CMH,2,2,0,0.0
route,OAK->DAL,5,5,0,0.0
route,OAK->DEN,19,19,0,0.0
route,OAK->DFW,2,2,0,0.0
route,OAK->DTW,1,1,0,0.0
route,OAK->EWR,3,3,0,0.0
route,OAK->GEG,9,9,0,0.0
route,OAK->HNL,8,8,0,0.0
route,OAK->HOU,5,5,0,0.0
route,OAK->IAH,1,1,0,0.0
route,OAK->IDA,2,2,0,0.0
route,OAK->IND,2,2,0,0.0
route,OAK->JFK,5,5,0,0.0
route,OAK->KOA,1,1,0,0.0
route,OAK->LAS,36,36,0,0.0
route,OAK->LAX,61,61,0,0.0
route,OAK->LGB,14,14,0,0.0
route,OAK->LIH,3,3,0,0.0
route,OAK->MCI,4,4,0,0.0
route,OAK->MDW,17,17,0,0.0
route,OAK->MSY,4,4,0,0.0
route,OAK->OGG,7,7,0,0.0
route,OAK->ONT,20,20,0,0.0
route,OAK->ORD,1,1,0,0.0
route,OAK->PDX,23,23,0,0.0
route,OAK->PHX,27,27,0,0.0
route,OAK->PSP,1,1,0,0.0
route,OAK->RNO,5,5,0,0.0
route,OAK->SAN,41,41,0,0.0
route,OAK->SAT,1,1,0,0.0
route,OAK->SEA,38,38,0,0.0
route,OAK->SLC,22,22,0,0.0
route,OAK->SNA,20,20,0,0.0
route,OAK->STL,1,1,0,0.0
route,OGG->DEN,3,3,0,0.0
route,OGG->DFW,1,1,0,0.0
route,OGG->HNL,100,100,0,0.0
route,OGG->ITO,12,12,0,0.0
route,OGG->KOA,8,8,0,0.0
route,OGG->LAX,21,21,0,0.0
route,OGG->LIH,17,17,0,0.0
route,OGG->OAK,11,11,0,0.0
route,OGG->ORD,1,1,0,0.0
route,OGG->PDX,12,12,0,0.0
route,OGG->PHX,2,2,0,0.0
route,OGG->SAN,6,6,0,0.0
route,OGG->SEA,15,15,0,0.0
route,OGG->SFO,20,20,0,0.0
route,OGG->SJC,4,4,0,0.0
route,OGG->SMF,8,8,0,0.0
route,OGS->ORD,2,2,0,0.0
route,OKC->ATL,13,13,0,0.0
route,OKC->BWI,4,4,0,0.0
route,OKC->CLT,11,11,0,0.0
route,OKC->DAL,14,14,0,0.0
route,OKC->DCA,3,3,0,0.0
route,OKC->DEN,22,22,0,0.0
route,OKC->DFW,21,21,0,0.0
route,OKC->DTW,6,6,0,0.0
route,OKC->EWR,3,3,0,0.0
route,OKC->HOU,10,10,0,0.0
route,OKC->IAD,8,8,0,0.0
route,OKC->IAH,17,17,0,0.0
route,OKC->LAS,5,5,0,0.0
route,OKC->LAX,7,7,0,0.0
route,OKC->MDW,3,3,0,0.0
route,OKC->MSP,8,8,0,0.0
route,OKC->ORD,23,23,0,0.0
route,OKC->PHL,3,3,0,0.0
route,OKC->PHX,8,8,0,0.0
route,OKC->SAT,2,2,0,0.0
route,OKC->SEA,2,2,0,0.0
route,OKC->SFO,6,6,0,0.0
route,OKC->SLC,6,6,0,0.0
route,OKC->STL,5,5,0,0.0
route,OMA->ATL,23,23,0,0.0
route,OMA->AZA,1,1,0,0.0
route,OMA->CLT,4,4,0,0.0
route,OMA->DAL,4,4,0,0.0
route,OMA->DCA,6,6,0,0.0
route,OMA->DEN,30,30,0,0.0
route,OMA->DFW,13,13,0,0.0
route,OMA->DTW,16,16,0,0.0
route,OMA->EWR,8,8,0,0.0
route,OMA->HOU,5,5,0,0.0
route,OMA->IAH,15,15,0,0.0
route,OMA->LAS,8,8,0,0.0
route,OMA->LAX,5,5,0,0.0
route,OMA->LGA,6,6,0,0.0
route,OMA->MCO,1,1,0,0.0
route,OMA->MDW,13,13,0,0.0
route,OMA->MSP,27,27,0,0.0
route,OMA->ORD,34,34,0,0.0
route,OMA->PHL,5,5,0,0.0
route,OMA->PHX,6,6,0,0.0
route,OMA->SAN,5,5,0,0.0
route,OMA->SAT,3,3,0,0.0
route,OMA->SEA,5,5,0,0.0
route,OMA->SFO,7,7,0,0.0
route,OMA->SLC,4,4,0,0.0
route,OMA->STL,6,6,0,0.0
route,OME->ANC,6,6,0,0.0
route,ONT->ATL,3,3,0,0.0
route,ONT->AUS,2,2,0,0.0
route,ONT->DAL,3,3,0,0.0
route,ONT->DEN,24,24,0,0.0
route,ONT->DFW,18,18,0,0.0
route,ONT->IAH,2,2,0,0.0
route,ONT->JFK,3,3,0,0.0
route,ONT->LAS,6,6,0,0.0
route,ONT->MCO,3,3,0,0.0
route,ONT->MDW,2,2,0,0.0
route,ONT->OAK,20,20,0,0.0
route,ONT->PDX,9,9,0,0.0
route,ONT->PHX,29,29,0,0.0
route,ONT->SAT,1,1,0,0.0
route,ONT->SEA,7,7,0,0.0
route,ONT->SFO,21,21,0,0.0
route,ONT->SJC,15,15,0,0.0
route,ONT->SLC,3,3,0,0.0
route,ONT->SMF,25,25,0,0.0
route,ORD->ABE,14,14,0,0.0
route,ORD->ABQ,8,8,0,0.0
route,ORD->ALB,29,29,0,0.0
route,ORD->ALO,11,11,0,0.0
route,ORD->ANC,8,8,0,0.0
route,ORD->ASE,5,5,0,0.0
route,ORD->ATL,84,84,0,0.0
route,ORD->ATW,24,24,0,0.0
route,ORD->ATY,2,2,0,0.0
route,ORD->AUS,25,25,0,0.0
route,ORD->AVL,11,11,0,0.0
route,ORD->AVP,17,17,0,0.0
route,ORD->AZO,17,17,0,0.0
route,ORD->BDL,20,20,0,0.0
route,ORD->BGR,9,9,0,0.0
route,ORD->BHM,15,15,0,0.0
route,ORD->BIS,6,6,0,0.0
route,ORD->BMI,10,10,0,0.0
route,ORD->BNA,53,53,0,0.0
route,ORD->BOI,5,5,0,0.0
route,ORD->BOS,72,72,0,0.0
route,ORD->BTV,27,27,0,0.0
route,ORD->BUF,21,21,0,0.0
route,ORD->BWI,17,17,0,0.0
route,ORD->BZN,12,12,0,0.0
route,ORD->CAE,8,8,0,0.0
route,ORD->CAK,23,23,0,0.0
route,ORD->CGI,2,2,0,0.0
route,ORD->CHA,5,5,0,0.0
route,ORD->CHO,9,9,0,0.0
route,ORD->CHS,15,15,0,0.0
route,ORD->CID,32,32,0,0.0
route,ORD->CKB,7,7,0,0.0
route,ORD->CLE,57,57,0,0.0
route,ORD->CLT,36,36,0,0.0
route,ORD->CMH,48,48,0,0.0
route,ORD->CMI,23,23,0,0.0
route,ORD->CMX,7,7,0,0.0
route,ORD->COS,14,14,0,0.0
route,ORD->COU,14,14,0,0.0
route,ORD->CRW,6,6,0,0.0
route,ORD->CVG,42,42,0,0.0
route,ORD->CWA,26,26,0,0.0
route,ORD->DAY,39,39,0,0.0
route,ORD->DBQ,6,6,0,0.0
route,ORD->DCA,65,65,0,0.0
route,ORD->DEN,70,70,0,0.0
route,ORD->DFW,76,76,0,0.0
route,ORD->DLH,20,20,0,0.0
route,ORD->DSM,38,38,0,0.0
route,ORD->DTW,73,73,0,0.0
route,ORD->EAU,6,6,0,0.0
route,ORD->ELP,6,6,0,0.0
route,ORD->ERI,12,12,0,0.0
route,ORD->EVV,25,25,0,0.0
route,ORD->EWR,51,51,0,0.0
route,ORD->FAR,19,19,0,0.0
route,ORD->FAT,3,3,0,0.0
route,ORD->FCA,3,3,0,0.0
route,ORD->FLL,20,20,0,0.0
route,ORD->FNT,16,16,0,0.0
route,ORD->FSD,20,20,0,0.0
route,ORD->FWA,25,25,0,0.0
route,ORD->GEG,3,3,0,0.0
route,ORD->GJT,1,1,0,0.0
route,ORD->GRB,31,31,0,0.0
route,ORD->GRR,39,39,0,0.0
route,ORD->GSO,11,11,0,0.0
route,ORD->GSP,18,18,0,0.0
route,ORD->HNL,2,2,0,0.0
route,ORD->HPN,11,11,0,0.0
route,ORD->HRL,1,1,0,0.0
route,ORD->HSV,12,12,0,0.0
route,ORD->IAD,20,20,0,0.0
route,ORD->IAH,34,34,0,0.0
route,ORD->ICT,28,28,0,0.0
route,ORD->ILM,5,5,0,0.0
route,ORD->IND,48,48,0,0.0
route,ORD->JAC,18,18,0,0.0
route,ORD->JAN,3,3,0,0.0
route,ORD->JAX,24,24,0,0.0
route,ORD->JFK,33,33,0,0.0
route,ORD->JLN,3,3,0,0.0
route,ORD->LAN,17,17,0,0.0
route,ORD->LAS,47,47,0,0.0
route,ORD->LAX,72,72,0,0.0
route,ORD->LEX,25,25,0,0.0
route,ORD->LGA,150,150,0,0.0
route,ORD->LIT,15,15,0,0.0
route,ORD->LNK,9,9,0,0.0
route,ORD->LSE,10,10,0,0.0
route,ORD->LWB,4,4,0,0.0
route,ORD->MBS,5,5,0,0.0
route,ORD->MCI,38,38,0,0.0
route,ORD->MCO,27,27,0,0.0
route,ORD->MDT,21,21,0,0.0
route,ORD->MEI,4,4,0,0.0
route,ORD->MEM,21,21,0,0.0
route,ORD->MHK,6,6,0,0.0
route,ORD->MHT,1,1,0,0.0
route,ORD->MIA,42,42,0,0.0
route,ORD->MKE,54,54,0,0.0
route,ORD->MKG,7,7,0,0.0
route,ORD->MLI,31,31,0,0.0
route,ORD->MQT,6,6,0,0.0
route,ORD->MSN,39,39,0,0.0
route,ORD->MSO,1,1,0,0.0
route,ORD->MSP,54,54,0,0.0
route,ORD->MSY,19,19,0,0.0
route,ORD->MTJ,2,2,0,0.0
route,ORD->MYR,3,3,0,0.0
route,ORD->OAK,1,1,0,0.0
route,ORD->OGS,1,1,0,0.0
route,ORD->OKC,23,23,0,0.0
route,ORD->OMA,25,25,0,0.0
route,ORD->ORF,20,20,0,0.0
route,ORD->PAH,5,5,0,0.0
route,ORD->PBI,5,5,0,0.0
route,ORD->PDX,28,28,0,0.0
route,ORD->PHL,43,43,0,0.0
route,ORD->PHX,49,49,0,0.0
route,ORD->PIA,16,16,0,0.0
route,ORD->PIT,31,31,0,0.0
route,ORD->PNS,5,5,0,0.0
route,ORD->PVD,19,19,0,0.0
route,ORD->PWM,17,17,0,0.0
route,ORD->RAP,8,8,0,0.0
route,ORD->RDM,1,1,0,0.0
route,ORD->RDU,31,31,0,0.0
route,ORD->RIC,18,18,0,0.0
route,ORD->RNO,9,9,0,0.0
route,ORD->ROA,12,12,0,0.0
route,ORD->ROC,17,17,0,0.0
route,ORD->RST,21,21,0,0.0
route,ORD->RSW,13,13,0,0.0
route,ORD->SAN,23,23,0,0.0
route,ORD->SAT,15,15,0,0.0
route,ORD->SAV,9,9,0,0.0
route,ORD->SBN,14,14,0,0.0
route,ORD->SCE,19,19,0,0.0
route,ORD->SDF,22,22,0,0.0
route,ORD->SEA,56,56,0,0.0
route,ORD->SFO,63,63,0,0.0
route,ORD->SGF,14,14,0,0.0
route,ORD->SHD,1,1,0,0.0
route,ORD->SJC,9,9,0,0.0
route,ORD->SJU,9,9,0,0.0
route,ORD->SLC,28,28,0,0.0
route,ORD->SLN,3,3,0,0.0
route,ORD->SMF,10,10,0,0.0
route,ORD->SNA,23,23,0,0.0
route,ORD->SPI,8,8,0,0.0
route,ORD->SRQ,1,1,0,0.0
route,ORD->STL,48,48,0,0.0
route,ORD->SUX,6,6,0,0.0
route,ORD->SYR,25,25,0,0.0
route,ORD->TOL,7,7,0,0.0
route,ORD->TPA,22,22,0,0.0
route,ORD->TTN,2,2,0,0.0
route,ORD->TUL,28,28,0,0.0
route,ORD->TUS,10,10,0,0.0
route,ORD->TVC,32,32,0,0.0
route,ORD->TYS,26,26,0,0.0
route,ORD->UIN,9,9,0,0.0
route,ORD->XNA,21,21,0,0.0
route,ORF->ATL,27,27,0,0.0
route,ORF->BOS,8,8,0,0.0
route,ORF->BWI,8,8,0,0.0
route,ORF->CLT,24,24,0,0.0
route,ORF->DCA,11,11,0,0.0
route,ORF->DEN,4,4,0,0.0
route,ORF->DFW,6,6,0,0.0
route,ORF->DTW,11,11,0,0.0
route,ORF->EWR,14,14,0,0.0
route,ORF->IAD,24,24,0,0.0
route,ORF->IAH,4,4,0,0.0
route,ORF->JAX,1,1,0,0.0
route,ORF->JFK,18,18,0,0.0
route,ORF->LAS,2,2,0,0.0
route,ORF->LGA,27,27,0,0.0
route,ORF->MCO,2,2,0,0.0
route,ORF->MIA,8,8,0,0.0
route,ORF->MSP,5,5,0,0.0
route,ORF->ORD,21,21,0,0.0
route,ORF->PHL,28,28,0,0.0
route,ORH->DTW,2,2,0,0.0
route,ORH->FLL,2,2,0,0.0
route,ORH->JFK,2,2,0,0.0
route,ORH->MCO,2,2,0,0.0
route,ORH->PHL,2,2,0,0.0
route,OTH->DEN,1,1,0,0.0
route,OTH->SFO,2,2,0,0.0
route,OTZ->ANC,1,1,0,0.0
route,OTZ->OME,1,1,0,0.0
route,PAE->DEN,3,3,0,0.0
route,PAE->LAS,1,1,0,0.0
route,PAE->LAX,5,5,0,0.0
route,PAE->PDX,8,8,0,0.0
route,PAE->PHX,1,1,0,0.0
route,PAE->SAN,2,2,0,0.0
route,PAE->SFO,8,8,0,0.0
route,PAE->SJC,1,1,0,0.0
route,PAE->SNA,2,2,0,0.0
route,PAH->CGI,4,4,0,0.0
route,PAH->ORD,9,9,0,0.0
route,PBG->IAD,3,3,0,0.0
route,PBG->SFB,2,2,0,0.0
route,PBI->ATL,36,36,0,0.0
route,PBI->BDL,3,3,0,0.0
route,PBI->BOS,14,14,0,0.0
route,PBI->BWI,8,8,0,0.0
route,PBI->CLT,22,22,0,0.0
route,PBI->DCA,4,4,0,0.0
route,PBI->DFW,7,7,0,0.0
route,PBI->DTW,7,7,0,0.0
route,PBI->EWR,19,19,0,0.0
route,PBI->HPN,5,5,0,0.0
route,PBI->ISP,8,8,0,0.0
route,PBI->JFK,12,12,0,0.0
route,PBI->LGA,26,26,0,0.0
route,PBI->ORD,4,4,0,0.0
route,PBI->PHL,4,4,0,0.0
route,PBI->PVD,1,1,0,0.0
route,PDX->ABQ,5,5,0,0.0
route,PDX->ANC,10,10,0,0.0
route,PDX->ATL,14,14,0,0.0
route,PDX->AUS,2,2,0,0.0
route,PDX->BIL,2,2,0,0.0
route,PDX->BOI,27,27,0,0.0
route,PDX->BOS,10,10,0,0.0
route,PDX->BUR,9,9,0,0.0
route,PDX->BZN,4,4,0,0.0
route,PDX->CLT,8,8,0,0.0
route,PDX->DAL,8,8,0,0.0
route,PDX->DCA,5,5,0,0.0
route,PDX->DEN,31,31,0,0.0
route,PDX->DFW,16,16,0,0.0
route,PDX->DTW,3,3,0,0.0
route,PDX->EUG,8,8,0,0.0
route,PDX->EWR,8,8,0,0.0
route,PDX->FAT,7,7,0,0.0
route,PDX->FCA,1,1,0,0.0
route,PDX->GEG,29,29,0,0.0
route,PDX->HNL,6,6,0,0.0
route,PDX->IAD,3,3,0,0.0
route,PDX->IAH,8,8,0,0.0
route,PDX->JFK,10,10,0,0.0
route,PDX->LAS,43,43,0,0.0
route,PDX->LAX,58,58,0,0.0
route,PDX->LGB,2,2,0,0.0
route,PDX->MCI,7,7,0,0.0
route,PDX->MCO,5,5,0,0.0
route,PDX->MDW,9,9,0,0.0
route,PDX->MFR,13,13,0,0.0
route,PDX->MSO,1,1,0,0.0
route,PDX->MSP,15,15,0,0.0
route,PDX->OAK,34,34,0,0.0
route,PDX->OGG,6,6,0,0.0
route,PDX->ONT,12,12,0,0.0
route,PDX->ORD,33,33,0,0.0
route,PDX->PAE,1,1,0,0.0
route,PDX->PHX,16,16,0,0.0
route,PDX->RDM,10,10,0,0.0
route,PDX->RNO,5,5,0,0.0
route,PDX->SAN,25,25,0,0.0
route,PDX->SBA,5,5,0,0.0
route,PDX->SEA,85,85,0,0.0
route,PDX->SFO,55,55,0,0.0
route,PDX->SJC,37,37,0,0.0
route,PDX->SLC,30,30,0,0.0
route,PDX->SMF,19,19,0,0.0
route,PDX->SNA,13,13,0,0.0
route,PDX->STL,3,3,0,0.0
route,PDX->STS,7,7,0,0.0
route,PGD->AVL,2,2,0,0.0
route,PGD->BLV,1,1,0,0.0
route,PGD->BNA,1,1,0,0.0
route,PGD->CLE,1,1,0,0.0
route,PGD->CVG,1,1,0,0.0
route,PGD->DAY,2,2,0,0.0
route,PGD->FNT,1,1,0,0.0
route,PGD->FWA,1,1,0,0.0
route,PGD->GRR,1,1,0,0.0
route,PGD->IAG,1,1,0,0.0
route,PGD->IND,1,1,0,0.0
route,PGD->LCK,1,1,0,0.0
route,PGD->LEX,2,2,0,0.0
route,PGD->MCI,1,1,0,0.0
route,PGD->PIA,3,3,0,0.0
route,PGD->PIT,3,3,0,0.0
route,PGD->TOL,1,1,0,0.0
route,PGD->TYS,2,2,0,0.0
route,PGV->CLT,12,12,0,0.0
route,PHF->ATL,12,12,0,0.0
route,PHF->CLT,11,11,0,0.0
route,PHF->PHL,15,15,0,0.0
route,PHL->ABE,3,3,0,0.0
route,PHL->ALB,13,13,0,0.0
route,PHL->ART,4,4,0,0.0
route,PHL->ATL,46,46,0,0.0
route,PHL->AUS,14,14,0,0.0
route,PHL->AVL,2,2,0,0.0
route,PHL->AVP,9,9,0,0.0
route,PHL->BDL,20,20,0,0.0
route,PHL->BGR,12,12,0,0.0
route,PHL->BHM,5,5,0,0.0
route,PHL->BNA,27,27,0,0.0
route,PHL->BOS,52,52,0,0.0
route,PHL->BTV,14,14,0,0.0
route,PHL->BUF,20,20,0,0.0
route,PHL->BWI,11,11,0,0.0
route,PHL->CAE,6,6,0,0.0
route,PHL->CAK,7,7,0,0.0
route,PHL->CHO,7,7,0,0.0
route,PHL->CHS,9,9,0,0.0
route,PHL->CLE,13,13,0,0.0
route,PHL->CLT,23,23,0,0.0
route,PHL->CMH,15,15,0,0.0
route,PHL->CRW,7,7,0,0.0
route,PHL->CVG,18,18,0,0.0
route,PHL->DAL,1,1,0,0.0
route,PHL->DAY,14,14,0,0.0
route,PHL->DCA,11,11,0,0.0
route,PHL->DEN,28,28,0,0.0
route,PHL->DFW,23,23,0,0.0
route,PHL->DSM,6,6,0,0.0
route,PHL->DTW,29,29,0,0.0
route,PHL->ERI,3,3,0,0.0
route,PHL->FLL,17,17,0,0.0
route,PHL->FWA,2,2,0,0.0
route,PHL->GRR,9,9,0,0.0
route,PHL->GSO,11,11,0,0.0
route,PHL->GSP,9,9,0,0.0
route,PHL->HVN,6,6,0,0.0
route,PHL->IAD,8,8,0,0.0
route,PHL->IAH,23,23,0,0.0
route,PHL->ILM,7,7,0,0.0
route,PHL->IND,19,19,0,0.0
route,PHL->IPT,10,10,0,0.0
route,PHL->ISP,8,8,0,0.0
route,PHL->ITH,9,9,0,0.0
route,PHL->JAX,10,10,0,0.0
route,PHL->JFK,9,9,0,0.0
route,PHL->LAS,15,15,0,0.0
route,PHL->LAX,43,43,0,0.0
route,PHL->LEX,8,8,0,0.0
route,PHL->LGA,9,9,0,0.0
route,PHL->MCI,9,9,0,0.0
route,PHL->MCO,43,43,0,0.0
route,PHL->MDT,14,14,0,0.0
route,PHL->MDW,14,14,0,0.0
route,PHL->MEM,10,10,0,0.0
route,PHL->MHT,19,19,0,0.0
route,PHL->MIA,19,19,0,0.0
route,PHL->MKE,15,15,0,0.0
route,PHL->MSN,10,10,0,0.0
route,PHL->MSP,32,32,0,0.0
route,PHL->MSY,12,12,0,0.0
route,PHL->MYR,11,11,0,0.0
route,PHL->OKC,6,6,0,0.0
route,PHL->OMA,3,3,0,0.0
route,PHL->ORD,61,61,0,0.0
route,PHL->ORF,18,18,0,0.0
route,PHL->ORH,1,1,0,0.0
route,PHL->PBI,9,9,0,0.0
route,PHL->PHF,5,5,0,0.0
route,PHL->PHX,28,28,0,0.0
route,PHL->PIT,10,10,0,0.0
route,PHL->PNS,5,5,0,0.0
route,PHL->PVD,20,20,0,0.0
route,PHL->PWM,11,11,0,0.0
route,PHL->RDU,32,32,0,0.0
route,PHL->RIC,17,17,0,0.0
route,PHL->ROA,11,11,0,0.0
route,PHL->ROC,20,20,0,0.0
route,PHL->RSW,14,14,0,0.0
route,PHL->SAN,6,6,0,0.0
route,PHL->SAT,1,1,0,0.0
route,PHL->SAV,11,11,0,0.0
route,PHL->SBY,18,18,0,0.0
route,PHL->SCE,17,17,0,0.0
route,PHL->SDF,10,10,0,0.0
route,PHL->SEA,14,14,0,0.0
route,PHL->SFO,20,20,0,0.0
route,PHL->SJU,9,9,0,0.0
route,PHL->SLC,2,2,0,0.0
route,PHL->STL,24,24,0,0.0
route,PHL->SWF,8,8,0,0.0
route,PHL->SYR,10,10,0,0.0
route,PHL->TPA,14,14,0,0.0
route,PHL->TYS,13,13,0,0.0
route,PHL->XNA,2,2,0,0.0
route,PHX->ABQ,20,20,0,0.0
route,PHX->AMA,5,5,0,0.0
route,PHX->ATL,28,28,0,0.0
route,PHX->AUS,24,24,0,0.0
route,PHX->BFL,12,12,0,0.0
route,PHX->BNA,8,8,0,0.0
route,PHX->BOI,8,8,0,0.0
route,PHX->BOS,15,15,0,0.0
route,PHX->BUF,2,2,0,0.0
route,PHX->BUR,31,31,0,0.0
route,PHX->BWI,18,18,0,0.0
route,PHX->CLE,6,6,0,0.0
route,PHX->CLT,23,23,0,0.0
route,PHX->CMH,9,9,0,0.0
route,PHX->COS,3,3,0,0.0
route,PHX->DAL,15,15,0,0.0
route,PHX->DCA,13,13,0,0.0
route,PHX->DEN,80,80,0,0.0
route,PHX->DFW,40,40,0,0.0
route,PHX->DRO,8,8,0,0.0
route,PHX->DSM,4,4,0,0.0
route,PHX->DTW,20,20,0,0.0
route,PHX->ELP,27,27,0,0.0
route,PHX->EUG,4,4,0,0.0
route,PHX->EWR,15,15,0,0.0
route,PHX->FAT,14,14,0,0.0
route,PHX->FLG,5,5,0,0.0
route,PHX->FLL,5,5,0,0.0
route,PHX->GEG,9,9,0,0.0
route,PHX->GJT,6,6,0,0.0
route,PHX->HNL,11,11,0,0.0
route,PHX->HOU,20,20,0,0.0
route,PHX->IAD,1,1,0,0.0
route,PHX->IAH,23,23,0,0.0
route,PHX->ICT,1,1,0,0.0
route,PHX->IND,7,7,0,0.0
route,PHX->JFK,18,18,0,0.0
route,PHX->KOA,6,6,0,0.0
route,PHX->LAS,37,37,0,0.0
route,PHX->LAX,76,76,0,0.0
route,PHX->LBB,2,2,0,0.0
route,PHX->LGB,13,13,0,0.0
route,PHX->LIH,5,5,0,0.0
route,PHX->LIT,2,2,0,0.0
route,PHX->MAF,3,3,0,0.0
route,PHX->MCI,14,14,0,0.0
route,PHX->MCO,11,11,0,0.0
route,PHX->MDW,19,19,0,0.0
route,PHX->MEM,10,10,0,0.0
route,PHX->MFR,5,5,0,0.0
route,PHX->MIA,11,11,0,0.0
route,PHX->MKE,8,8,0,0.0
route,PHX->MRY,10,10,0,0.0
route,PHX->MSP,24,24,0,0.0
route,PHX->MSY,6,6,0,0.0
route,PHX->OAK,22,22,0,0.0
route,PHX->OGG,4,4,0,0.0
route,PHX->OKC,15,15,0,0.0
route,PHX->OMA,10,10,0,0.0
route,PHX->ONT,36,36,0,0.0
route,PHX->ORD,54,54,0,0.0
route,PHX->PAE,3,3,0,0.0
route,PHX->PDX,21,21,0,0.0
route,PHX->PHL,25,25,0,0.0
route,PHX->PIT,12,12,0,0.0
route,PHX->PSP,12,12,0,0.0
route,PHX->RAP,1,1,0,0.0
route,PHX->RDM,1,1,0,0.0
route,PHX->RDU,3,3,0,0.0
route,PHX->RNO,16,16,0,0.0
route,PHX->ROW,4,4,0,0.0
route,PHX->SAF,2,2,0,0.0
route,PHX->SAN,42,42,0,0.0
route,PHX->SAT,11,11,0,0.0
route,PHX->SBA,9,9,0,0.0
route,PHX->SBP,13,13,0,0.0
route,PHX->SDF,4,4,0,0.0
route,PHX->SEA,59,59,0,0.0
route,PHX->SFO,36,36,0,0.0
route,PHX->SGU,9,9,0,0.0
route,PHX->SJC,26,26,0,0.0
route,PHX->SLC,39,39,0,0.0
route,PHX->SMF,33,33,0,0.0
route,PHX->SNA,38,38,0,0.0
route,PHX->STL,23,23,0,0.0
route,PHX->STS,4,4,0,0.0
route,PHX->TPA,3,3,0,0.0
route,PHX->TUL,10,10,0,0.0
route,PHX->TUS,21,21,0,0.0
route,PHX->YUM,11,11,0,0.0
route,PIA->ATL,5,5,0,0.0
route,PIA->CLT,4,4,0,0.0
route,PIA->DFW,3,3,0,0.0
route,PIA->DTW,2,2,0,0.0
route,PIA->LAS,1,1,0,0.0
route,PIA->MSP,3,3,0,0.0
route,PIA->ORD,24,24,0,0.0
route,PIA->PIE,2,2,0,0.0
route,PIB->DFW,3,3,0,0.0
route,PIB->MEI,7,7,0,0.0
route,PIE->ABE,2,2,0,0.0
route,PIE->ATW,2,2,0,0.0
route,PIE->AVL,2,2,0,0.0
route,PIE->BLV,1,1,0,0.0
route,PIE->CHA,2,2,0,0.0
route,PIE->CID,2,2,0,0.0
route,PIE->CLE,1,1,0,0.0
route,PIE->CVG,1,1,0,0.0
route,PIE->GRR,2,2,0,0.0
route,PIE->GSP,1,1,0,0.0
route,PIE->IAG,1,1,0,0.0
route,PIE->IND,1,1,0,0.0
route,PIE->MKE,1,1,0,0.0
route,PIE->PIA,2,2,0,0.0
route,PIE->RFD,2,2,0,0.0
route,PIE->RIC,1,1,0,0.0
route,PIE->ROA,2,2,0,0.0
route,PIE->SBN,1,1,0,0.0
route,PIE->SGF,1,1,0,0.0
route,PIE->SWF,1,1,0,0.0
route,PIE->SYR,1,1,0,0.0
route,PIE->TOL,1,1,0,0.0
route,PIE->TYS,5,5,0,0.0
route,PIE->USA,1,1,0,0.0
route,PIH->SLC,10,10,0,0.0
route,PIT->ATL,31,31,0,0.0
route,PIT->BNA,7,7,0,0.0
route,PIT->BOS,29,29,0,0.0
route,PIT->BWI,7,7,0,0.0
route,PIT->CHS,1,1,0,0.0
route,PIT->CLT,17,17,0,0.0
route,PIT->DAL,1,1,0,0.0
route,PIT->DCA,12,12,0,0.0
route,PIT->DEN,11,11,0,0.0
route,PIT->DFW,18,18,0,0.0
route,PIT->DTW,23,23,0,0.0
route,PIT->EWR,29,29,0,0.0
route,PIT->FLL,4,4,0,0.0
route,PIT->HOU,4,4,0,0.0
route,PIT->IAD,18,18,0,0.0
route,PIT->IAH,17,17,0,0.0
route,PIT->JFK,10,10,0,0.0
route,PIT->LAS,7,7,0,0.0
route,PIT->LAX,10,10,0,0.0
route,PIT->LGA,32,32,0,0.0
route,PIT->MCO,10,10,0,0.0
route,PIT->MDW,17,17,0,0.0
route,PIT->MIA,10,10,0,0.0
route,PIT->MSP,14,14,0,0.0
route,PIT->MYR,3,3,0,0.0
route,PIT->ORD,42,42,0,0.0
route,PIT->PGD,1,1,0,0.0
route,PIT->PHL,16,16,0,0.0
route,PIT->PHX,10,10,0,0.0
route,PIT->PIE,1,1,0,0.0
route,PIT->RDU,6,6,0,0.0
route,PIT->SAN,3,3,0,0.0
route,PIT->SAV,1,1,0,0.0
route,PIT->SEA,2,2,0,0.0
route,PIT->SFO,5,5,0,0.0
route,PIT->SLC,6,6,0,0.0
route,PIT->STL,4,4,0,0.0
route,PIT->TPA,5,5,0,0.0
route,PLN->APN,3,3,0,0.0
route,PLN->DTW,6,6,0,0.0
route,PNS->ATL,25,25,0,0.0
route,PNS->BNA,4,4,0,0.0
route,PNS->CLT,17,17,0,0.0
route,PNS->DCA,8,8,0,0.0
route,PNS->DEN,1,1,0,0.0
route,PNS->DFW,17,17,0,0.0
route,PNS->HOU,3,3,0,0.0
route,PNS->IAH,15,15,0,0.0
route,PNS->MIA,9,9,0,0.0
route,PNS->ORD,2,2,0,0.0
route,PNS->PHL,3,3,0,0.0
route,PPG->HNL,1,1,0,0.0
route,PQI->EWR,5,5,0,0.0
route,PRC->DEN,3,3,0,0.0
route,PRC->LAX,8,8,0,0.0
route,PSC->AZA,1,1,0,0.0
route,PSC->DEN,11,11,0,0.0
route,PSC->LAS,1,1,0,0.0
route,PSC->LAX,3,3,0,0.0
route,PSC->MSP,6,6,0,0.0
route,PSC->SEA,27,27,0,0.0
route,PSC->SFO,2,2,0,0.0
route,PSC->SLC,8,8,0,0.0
route,PSE->JFK,3,3,0,0.0
route,PSE->MCO,3,3,0,0.0
route,PSG->JNU,1,1,0,0.0
route,PSG->WRG,2,2,0,0.0
route,PSM->SFB,1,1,0,0.0
route,PSP->DEN,7,7,0,0.0
route,PSP->DFW,5,5,0,0.0
route,PSP->LAX,4,4,0,0.0
route,PSP->PDX,1,1,0,0.0
route,PSP->PHX,13,13,0,0.0
route,PSP->SEA,3,3,0,0.0
route,PSP->SFO,26,26,0,0.0
route,PSP->SLC,5,5,0,0.0
route,PUB->DEN,4,4,0,0.0
route,PUB->LBL,4,4,0,0.0
route,PUW->SEA,6,6,0,0.0
route,PVD->ATL,8,8,0,0.0
route,PVD->BWI,29,29,0,0.0
route,PVD->CLT,17,17,0,0.0
route,PVD->DCA,28,28,0,0.0
route,PVD->DEN,1,1,0,0.0
route,PVD->DTW,11,11,0,0.0
route,PVD->EWR,6,6,0,0.0
route,PVD->FLL,6,6,0,0.0
route,PVD->IAD,13,13,0,0.0
route,PVD->MCO,15,15,0,0.0
route,PVD->MDW,8,8,0,0.0
route,PVD->MYR,1,1,0,0.0
route,PVD->ORD,11,11,0,0.0
route,PVD->PBI,1,1,0,0.0
route,PVD->PHL,14,14,0,0.0
route,PVD->RDU,1,1,0,0.0
route,PVD->SAV,1,1,0,0.0
route,PVD->TPA,4,4,0,0.0
route,PVU->AZA,7,7,0,0.0
route,PVU->LAX,3,3,0,0.0
route,PVU->TUS,1,1,0,0.0
route,PWM->ATL,12,12,0,0.0
route,PWM->BWI,15,15,0,0.0
route,PWM->CLT,5,5,0,0.0
route,PWM->DCA,15,15,0,0.0
route,PWM->DEN,1,1,0,0.0
route,PWM->DTW,11,11,0,0.0
route,PWM->EWR,19,19,0,0.0
route,PWM->IAD,13,13,0,0.0
route,PWM->JFK,13,13,0,0.0
route,PWM->LGA,21,21,0,0.0
route,PWM->MCO,1,1,0,0.0
route,PWM->MDW,1,1,0,0.0
route,PWM->ORD,14,14,0,0.0
route,PWM->PHL,18,18,0,0.0
route,RAP->AZA,3,3,0,0.0
route,RAP->CLT,2,2,0,0.0
route,RAP->DEN,22,22,0,0.0
route,RAP->DFW,5,5,0,0.0
route,RAP->LAS,3,3,0,0.0
route,RAP->MSP,21,21,0,0.0
route,RAP->ORD,14,14,0,0.0
route,RAP->PHX,1,1,0,0.0
route,RAP->SLC,4,4,0,0.0
route,RDD->LAX,1,1,0,0.0
route,RDD->SFO,9,9,0,0.0
route,RDM->DEN,7,7,0,0.0
route,RDM->LAX,7,7,0,0.0
route,RDM->ORD,1,1,0,0.0
route,RDM->PDX,10,10,0,0.0
route,RDM->PHX,3,3,0,0.0
route,RDM->SEA,26,26,0,0.0
route,RDM->SFO,11,11,0,0.0
route,RDM->SLC,9,9,0,0.0
route,RDU->ATL,59,59,0,0.0
route,RDU->AUS,4,4,0,0.0
route,RDU->BDL,3,3,0,0.0
route,RDU->BNA,16,16,0,0.0
route,RDU->BOS,37,37,0,0.0
route,RDU->BUF,1,1,0,0.0
route,RDU->BWI,18,18,0,0.0
route,RDU->CLE,4,4,0,0.0
route,RDU->CLT,31,31,0,0.0
route,RDU->CMH,4,4,0,0.0
route,RDU->CVG,11,11,0,0.0
route,RDU->DAL,2,2,0,0.0
route,RDU->DCA,29,29,0,0.0
route,RDU->DEN,14,14,0,0.0
route,RDU->DFW,9,9,0,0.0
route,RDU->DTW,18,18,0,0.0
route,RDU->EWR,41,41,0,0.0
route,RDU->FLL,14,14,0,0.0
route,RDU->HOU,4,4,0,0.0
route,RDU->IAD,9,9,0,0.0
route,RDU->IAH,14,14,0,0.0
route,RDU->IND,3,3,0,0.0
route,RDU->ISP,1,1,0,0.0
route,RDU->JAX,2,2,0,0.0
route,RDU->JFK,26,26,0,0.0
route,RDU->LAS,6,6,0,0.0
route,RDU->LAX,9,9,0,0.0
route,RDU->LGA,30,30,0,0.0
route,RDU->MCI,2,2,0,0.0
route,RDU->MCO,14,14,0,0.0
route,RDU->MDW,7,7,0,0.0
route,RDU->MIA,8,8,0,0.0
route,RDU->MKE,4,4,0,0.0
route,RDU->MSP,11,11,0,0.0
route,RDU->MSY,3,3,0,0.0
route,RDU->ORD,34,34,0,0.0
route,RDU->PHL,26,26,0,0.0
route,RDU->PHX,5,5,0,0.0
route,RDU->PIT,2,2,0,0.0
route,RDU->PWM,1,1,0,0.0
route,RDU->SAT,1,1,0,0.0
route,RDU->SEA,4,4,0,0.0
route,RDU->SFB,1,1,0,0.0
route,RDU->SFO,7,7,0,0.0
route,RDU->SLC,3,3,0,0.0
route,RDU->STL,6,6,0,0.0
route,RDU->SYR,2,2,0,0.0
route,RDU->TPA,14,14,0,0.0
route,RFD->AZA,2,2,0,0.0
route,RFD->PGD,1,1,0,0.0
route,RFD->PIE,1,1,0,0.0
route,RFD->SFB,1,1,0,0.0
route,RHI->MSP,7,7,0,0.0
route,RIC->ATL,28,28,0,0.0
route,RIC->BOS,25,25,0,0.0
route,RIC->CLT,22,22,0,0.0
route,RIC->DEN,7,7,0,0.0
route,RIC->DFW,11,11,0,0.0
route,RIC->DTW,13,13,0,0.0
route,RIC->EWR,24,24,0,0.0
route,RIC->FLL,7,7,0,0.0
route,RIC->IAD,11,11,0,0.0
route,RIC->IAH,7,7,0,0.0
route,RIC->JFK,12,12,0,0.0
route,RIC->LGA,22,22,0,0.0
route,RIC->MCO,12,12,0,0.0
route,RIC->MIA,8,8,0,0.0
route,RIC->MSP,6,6,0,0.0
route,RIC->ORD,29,29,0,0.0
route,RIC->PHL,16,16,0,0.0
route,RIC->PIE,1,1,0,0.0
route,RIC->SFB,1,1,0,0.0
route,RKS->DEN,9,9,0,0.0
route,RNO->BOI,4,4,0,0.0
route,RNO->DEN,13,13,0,0.0
route,RNO->DFW,6,6,0,0.0
route,RNO->IAH,1,1,0,0.0
route,RNO->JFK,2,2,0,0.0
route,RNO->LAS,21,21,0,0.0
route,RNO->LAX,38,38,0,0.0
route,RNO->LGB,5,5,0,0.0
route,RNO->MDW,1,1,0,0.0
route,RNO->OAK,4,4,0,0.0
route,RNO->ORD,4,4,0,0.0
route,RNO->PDX,9,9,0,0.0
route,RNO->PHX,21,21,0,0.0
route,RNO->SAN,5,5,0,0.0
route,RNO->SEA,8,8,0,0.0
route,RNO->SFO,14,14,0,0.0
route,RNO->SJC,14,14,0,0.0
route,RNO->SLC,19,19,0,0.0
route,ROA->ATL,12,12,0,0.0
route,ROA->CLT,18,18,0,0.0
route,ROA->IAD,6,6,0,0.0
route,ROA->LGA,6,6,0,0.0
route,ROA->ORD,9,9,0,0.0
route,ROA->PHL,7,7,0,0.0
route,ROA->PIE,2,2,0,0.0
route,ROC->ATL,2,2,0,0.0
route,ROC->BOS,8,8,0,0.0
route,ROC->BWI,10,10,0,0.0
route,ROC->CLT,15,15,0,0.0
route,ROC->DCA,14,14,0,0.0
route,ROC->DTW,9,9,0,0.0
route,ROC->EWR,12,12,0,0.0
route,ROC->IAD,11,11,0,0.0
route,ROC->JFK,19,19,0,0.0
route,ROC->LGA,15,15,0,0.0
route,ROC->MCO,2,2,0,0.0
route,ROC->MSP,4,4,0,0.0
route,ROC->ORD,22,22,0,0.0
route,ROC->PHL,13,13,0,0.0
route,ROW->DFW,5,5,0,0.0
route,ROW->PHX,5,5,0,0.0
route,RST->ATL,4,4,0,0.0
route,RST->MSP,9,9,0,0.0
route,RST->ORD,24,24,0,0.0
route,RSW->ACY,3,3,0,0.0
route,RSW->ATL,38,38,0,0.0
route,RSW->BDL,3,3,0,0.0
route,RSW->BOS,11,11,0,0.0
route,RSW->BWI,7,7,0,0.0
route,RSW->CLE,5,5,0,0.0
route,RSW->CLT,15,15,0,0.0
route,RSW->CMH,6,6,0,0.0
route,RSW->CVG,6,6,0,0.0
route,RSW->DCA,3,3,0,0.0
route,RSW->DFW,10,10,0,0.0
route,RSW->DTW,7,7,0,0.0
route,RSW->EWR,9,9,0,0.0
route,RSW->HPN,2,2,0,0.0
route,RSW->IAH,1,1,0,0.0
route,RSW->IND,3,3,0,0.0
route,RSW->JFK,6,6,0,0.0
route,RSW->LGA,9,9,0,0.0
route,RSW->MDW,4,4,0,0.0
route,RSW->MSP,5,5,0,0.0
route,RSW->ORD,11,11,0,0.0
route,RSW->PHL,11,11,0,0.0
route,RSW->PIT,1,1,0,0.0
route,RSW->STL,6,6,0,0.0
route,RSW->TTN,1,1,0,0.0
route,SAF->DEN,9,9,0,0.0
route,SAF->DFW,15,15,0,0.0
route,SAF->PHX,5,5,0,0.0
route,SAN->ABQ,13,13,0,0.0
route,SAN->ATL,20,20,0,0.0
route,SAN->AUS,16,16,0,0.0
route,SAN->BNA,3,3,0,0.0
route,SAN->BOI,4,4,0,0.0
route,SAN->BOS,12,12,0,0.0
route,SAN->BWI,10,10,0,0.0
route,SAN->CLT,9,9,0,0.0
route,SAN->CVG,2,2,0,0.0
route,SAN->DAL,12,12,0,0.0
route,SAN->DEN,34,34,0,0.0
route,SAN->DFW,27,27,0,0.0
route,SAN->DTW,11,11,0,0.0
route,SAN->ELP,6,6,0,0.0
route,SAN->EWR,16,16,0,0.0
route,SAN->FAT,12,12,0,0.0
route,SAN->FLL,1,1,0,0.0
route,SAN->GEG,2,2,0,0.0
route,SAN->HNL,11,11,0,0.0
route,SAN->HOU,3,3,0,0.0
route,SAN->IAD,5,5,0,0.0
route,SAN->IAH,24,24,0,0.0
route,SAN->JFK,17,17,0,0.0
route,SAN->LAS,54,54,0,0.0
route,SAN->LAX,43,43,0,0.0
route,SAN->LIH,3,3,0,0.0
route,SAN->MCI,7,7,0,0.0
route,SAN->MCO,7,7,0,0.0
route,SAN->MDW,20,20,0,0.0
route,SAN->MIA,2,2,0,0.0
route,SAN->MKE,1,1,0,0.0
route,SAN->MSP,5,5,0,0.0
route,SAN->MSY,2,2,0,0.0
route,SAN->OAK,37,37,0,0.0
route,SAN->OGG,5,5,0,0.0
route,SAN->OMA,6,6,0,0.0
route,SAN->ORD,33,33,0,0.0
route,SAN->PAE,2,2,0,0.0
route,SAN->PDX,18,18,0,0.0
route,SAN->PHL,2,2,0,0.0
route,SAN->PHX,48,48,0,0.0
route,SAN->RNO,5,5,0,0.0
route,SAN->SAT,7,7,0,0.0
route,SAN->SEA,43,43,0,0.0
route,SAN->SFO,57,57,0,0.0
route,SAN->SJC,60,60,0,0.0
route,SAN->SLC,20,20,0,0.0
route,SAN->SMF,42,42,0,0.0
route,SAN->STL,7,7,0,0.0
route,SAN->TPA,1,1,0,0.0
route,SAN->TUS,3,3,0,0.0
route,SAT->ABQ,1,1,0,0.0
route,SAT->ATL,34,34,0,0.0
route,SAT->BNA,6,6,0,0.0
route,SAT->BWI,5,5,0,0.0
route,SAT->CLT,15,15,0,0.0
route,SAT->CVG,1,1,0,0.0
route,SAT->DAL,24,24,0,0.0
route,SAT->DEN,22,22,0,0.0
route,SAT->DFW,32,32,0,0.0
route,SAT->DTW,6,6,0,0.0
route,SAT->ELP,8,8,0,0.0
route,SAT->EWR,3,3,0,0.0
route,SAT->FLL,7,7,0,0.0
route,SAT->HOU,18,18,0,0.0
route,SAT->IAD,8,8,0,0.0
route,SAT->IAH,26,26,0,0.0
route,SAT->JAX,1,1,0,0.0
route,SAT->JFK,9,9,0,0.0
route,SAT->LAS,8,8,0,0.0
route,SAT->LAX,21,21,0,0.0
route,SAT->MCI,4,4,0,0.0
route,SAT->MCO,5,5,0,0.0
route,SAT->MDW,11,11,0,0.0
route,SAT->MEM,1,1,0,0.0
route,SAT->MIA,2,2,0,0.0
route,SAT->MSP,13,13,0,0.0
route,SAT->MSY,5,5,0,0.0
route,SAT->OAK,2,2,0,0.0
route,SAT->OMA,1,1,0,0.0
route,SAT->ORD,14,14,0,0.0
route,SAT->PHL,4,4,0,0.0
route,SAT->PHX,20,20,0,0.0
route,SAT->SAN,6,6,0,0.0
route,SAT->SEA,3,3,0,0.0
route,SAT->SFO,2,2,0,0.0
route,SAT->SJC,1,1,0,0.0
route,SAT->SLC,6,6,0,0.0
route,SAT->SNA,2,2,0,0.0
route,SAT->STL,5,5,0,0.0
route,SAT->TPA,5,5,0,0.0
route,SAT->TUL,2,2,0,0.0
route,SAV->ALB,1,1,0,0.0
route,SAV->ATL,25,25,0,0.0
route,SAV->BOS,6,6,0,0.0
route,SAV->BWI,3,3,0,0.0
route,SAV->CLE,2,2,0,0.0
route,SAV->CLT,28,28,0,0.0
route,SAV->CVG,1,1,0,0.0
route,SAV->DCA,5,5,0,0.0
route,SAV->DFW,6,6,0,0.0
route,SAV->DTW,3,3,0,0.0
route,SAV->EWR,8,8,0,0.0
route,SAV->IAD,8,8,0,0.0
route,SAV->IAH,4,4,0,0.0
route,SAV->JFK,12,12,0,0.0
route,SAV->LGA,10,10,0,0.0
route,SAV->MIA,2,2,0,0.0
route,SAV->MSP,1,1,0,0.0
route,SAV->ORD,11,11,0,0.0
route,SAV->PHL,7,7,0,0.0
route,SAV->PIT,2,2,0,0.0
route,SAV->SDF,1,1,0,0.0
route,SBA->DEN,17,17,0,0.0
route,SBA->DFW,4,4,0,0.0
route,SBA->LAX,14,14,0,0.0
route,SBA->PDX,4,4,0,0.0
route,SBA->PHX,11,11,0,0.0
route,SBA->SEA,1,1,0,0.0
route,SBA->SFO,12,12,0,0.0
route,SBA->SLC,1,1,0,0.0
route,SBN->ATL,5,5,0,0.0
route,SBN->AZA,1,1,0,0.0
route,SBN->CLT,6,6,0,0.0
route,SBN->DFW,4,4,0,0.0
route,SBN->DTW,11,11,0,0.0
route,SBN->EWR,3,3,0,0.0
route,SBN->LAS,1,1,0,0.0
route,SBN->MSP,7,7,0,0.0
route,SBN->ORD,10,10,0,0.0
route,SBN->PGD,1,1,0,0.0
route,SBP->DEN,4,4,0,0.0
route,SBP->DFW,1,1,0,0.0
route,SBP->LAX,12,12,0,0.0
route,SBP->PHX,8,8,0,0.0
route,SBP->SEA,3,3,0,0.0
route,SBP->SFO,7,7,0,0.0
route,SBY->CLT,6,6,0,0.0
route,SBY->PHL,5,5,0,0.0
route,SCC->ANC,2,2,0,0.0
route,SCC->BRW,7,7,0,0.0
route,SCE->DTW,10,10,0,0.0
route,SCE->IAD,5,5,0,0.0
route,SCE->ORD,12,12,0,0.0
route,SCE->PHL,11,11,0,0.0
route,SCK->AZA,2,2,0,0.0
route,SCK->LAS,3,3,0,0.0
route,SCK->LAX,2,2,0,0.0
route,SDF->ATL,19,19,0,0.0
route,SDF->BWI,8,8,0,0.0
route,SDF->CLT,14,14,0,0.0
route,SDF->DAL,1,1,0,0.0
route,SDF->DCA,11,11,0,0.0
route,SDF->DEN,9,9,0,0.0
route,SDF->DFW,15,15,0,0.0
route,SDF->DTW,11,11,0,0.0
route,SDF->EWR,7,7,0,0.0
route,SDF->FLL,1,1,0,0.0
route,SDF->HOU,1,1,0,0.0
route,SDF->IAD,8,8,0,0.0
route,SDF->IAH,11,11,0,0.0
route,SDF->LAS,3,3,0,0.0
route,SDF->LGA,17,17,0,0.0
route,SDF->MCO,1,1,0,0.0
route,SDF->MDW,12,12,0,0.0
route,SDF->MIA,2,2,0,0.0
route,SDF->MSP,13,13,0,0.0
route,SDF->ORD,30,30,0,0.0
route,SDF->PHL,14,14,0,0.0
route,SDF->PHX,2,2,0,0.0
route,SDF->PIE,2,2,0,0.0
route,SDF->SAV,2,2,0,0.0
route,SDF->SFB,1,1,0,0.0
route,SDF->TPA,3,3,0,0.0
route,SDF->VPS,2,2,0,0.0
route,SEA->ABQ,6,6,0,0.0
route,SEA->ALW,9,9,0,0.0
route,SEA->ANC,66,66,0,0.0
route,SEA->ATL,19,19,0,0.0
route,SEA->AUS,5,5,0,0.0
route,SEA->BIL,6,6,0,0.0
route,SEA->BLI,13,13,0,0.0
route,SEA->BNA,12,12,0,0.0
route,SEA->BOI,44,44,0,0.0
route,SEA->BOS,27,27,0,0.0
route,SEA->BUR,7,7,0,0.0
route,SEA->BWI,12,12,0,0.0
route,SEA->BZN,9,9,0,0.0
route,SEA->CHS,1,1,0,0.0
route,SEA->CLT,10,10,0,0.0
route,SEA->CMH,1,1,0,0.0
route,SEA->CVG,1,1,0,0.0
route,SEA->DAL,11,11,0,0.0
route,SEA->DCA,9,9,0,0.0
route,SEA->DEN,63,63,0,0.0
route,SEA->DFW,37,37,0,0.0
route,SEA->DTW,17,17,0,0.0
route,SEA->EAT,8,8,0,0.0
route,SEA->ELP,1,1,0,0.0
route,SEA->EUG,24,24,0,0.0
route,SEA->EWR,15,15,0,0.0
route,SEA->FAI,10,10,0,0.0
route,SEA->FAT,8,8,0,0.0
route,SEA->FCA,18,18,0,0.0
route,SEA->FLL,2,2,0,0.0
route,SEA->GEG,78,78,0,0.0
route,SEA->GTF,6,6,0,0.0
route,SEA->HLN,3,3,0,0.0
route,SEA->HNL,12,12,0,0.0
route,SEA->IAD,10,10,0,0.0
route,SEA->IAH,25,25,0,0.0
route,SEA->ICT,3,3,0,0.0
route,SEA->IND,11,11,0,0.0
route,SEA->JFK,35,35,0,0.0
route,SEA->JNU,6,6,0,0.0
route,SEA->KOA,6,6,0,0.0
route,SEA->KTN,12,12,0,0.0
route,SEA->LAS,66,66,0,0.0
route,SEA->LAX,102,102,0,0.0
route,SEA->LGB,3,3,0,0.0
route,SEA->LIH,4,4,0,0.0
route,SEA->MCI,11,11,0,0.0
route,SEA->MCO,6,6,0,0.0
route,SEA->MDW,6,6,0,0.0
route,SEA->MFR,16,16,0,0.0
route,SEA->MIA,3,3,0,0.0
route,SEA->MKE,8,8,0,0.0
route,SEA->MSO,23,23,0,0.0
route,SEA->MSP,35,35,0,0.0
route,SEA->MSY,3,3,0,0.0
route,SEA->OAK,32,32,0,0.0
route,SEA->OGG,12,12,0,0.0
route,SEA->OKC,5,5,0,0.0
route,SEA->OMA,3,3,0,0.0
route,SEA->ONT,8,8,0,0.0
route,SEA->ORD,49,49,0,0.0
route,SEA->PDX,90,90,0,0.0
route,SEA->PHL,14,14,0,0.0
route,SEA->PHX,60,60,0,0.0
route,SEA->PIT,4,4,0,0.0
route,SEA->PSC,29,29,0,0.0
route,SEA->PSP,4,4,0,0.0
route,SEA->PUW,10,10,0,0.0
route,SEA->RDM,25,25,0,0.0
route,SEA->RDU,7,7,0,0.0
route,SEA->RNO,12,12,0,0.0
route,SEA->SAN,45,45,0,0.0
route,SEA->SAT,5,5,0,0.0
route,SEA->SBA,5,5,0,0.0
route,SEA->SBP,1,1,0,0.0
route,SEA->SFO,70,70,0,0.0
route,SEA->SJC,64,64,0,0.0
route,SEA->SLC,44,44,0,0.0
route,SEA->SMF,45,45,0,0.0
route,SEA->SNA,41,41,0,0.0
route,SEA->STL,13,13,0,0.0
route,SEA->STS,3,3,0,0.0
route,SEA->SUN,2,2,0,0.0
route,SEA->TPA,2,2,0,0.0
route,SEA->YKM,8,8,0,0.0
route,SFB->ABE,1,1,0,0.0
route,SFB->ALB,1,1,0,0.0
route,SFB->AVL,4,4,0,0.0
route,SFB->BLV,1,1,0,0.0
route,SFB->BMI,3,3,0,0.0
route,SFB->BNA,1,1,0,0.0
route,SFB->CHA,2,2,0,0.0
route,SFB->CVG,6,6,0,0.0
route,SFB->DSM,2,2,0,0.0
route,SFB->FNT,2,2,0,0.0
route,SFB->FWA,2,2,0,0.0
route,SFB->GPT,1,1,0,0.0
route,SFB->GRR,2,2,0,0.0
route,SFB->GSO,1,1,0,0.0
route,SFB->HGR,1,1,0,0.0
route,SFB->HTS,1,1,0,0.0
route,SFB->IAG,1,1,0,0.0
route,SFB->IND,2,2,0,0.0
route,SFB->LEX,3,3,0,0.0
route,SFB->MDT,2,2,0,0.0
route,SFB->MEM,1,1,0,0.0
route,SFB->ORF,2,2,0,0.0
route,SFB->OWB,1,1,0,0.0
route,SFB->PBG,1,1,0,0.0
route,SFB->PIT,1,1,0,0.0
route,SFB->PSM,3,3,0,0.0
route,SFB->SBN,3,3,0,0.0
route,SFB->SDF,1,1,0,0.0
route,SFB->SGF,1,1,0,0.0
route,SFB->SJU,1,1,0,0.0
route,SFB->SYR,1,1,0,0.0
route,SFB->TRI,1,1,0,0.0
route,SFB->TYS,5,5,0,0.0
route,SFB->XNA,1,1,0,0.0
route,SFO->ABQ,5,5,0,0.0
route,SFO->ACV,6,6,0,0.0
route,SFO->ASE,1,1,0,0.0
route,SFO->ATL,15,15,0,0.0
route,SFO->AUS,26,26,0,0.0
route,SFO->BNA,15,15,0,0.0
route,SFO->BOI,10,10,0,0.0
route,SFO->BOS,51,51,0,0.0
route,SFO->BUR,34,34,0,0.0
route,SFO->BWI,14,14,0,0.0
route,SFO->BZN,3,3,0,0.0
route,SFO->CLE,7,7,0,0.0
route,SFO->CLT,18,18,0,0.0
route,SFO->CMH,1,1,0,0.0
route,SFO->CVG,7,7,0,0.0
route,SFO->DAL,9,9,0,0.0
route,SFO->DCA,5,5,0,0.0
route,SFO->DEN,58,58,0,0.0
route,SFO->DFW,44,44,0,0.0
route,SFO->DSM,5,5,0,0.0
route,SFO->DTW,14,14,0,0.0
route,SFO->EUG,12,12,0,0.0
route,SFO->EWR,43,43,0,0.0
route,SFO->FAT,14,14,0,0.0
route,SFO->FCA,1,1,0,0.0
route,SFO->FLL,13,13,0,0.0
route,SFO->GEG,7,7,0,0.0
route,SFO->HNL,26,26,0,0.0
route,SFO->IAD,32,32,0,0.0
route,SFO->IAH,21,21,0,0.0
route,SFO->IND,2,2,0,0.0
route,SFO->JFK,57,57,0,0.0
route,SFO->KOA,13,13,0,0.0
route,SFO->LAS,65,65,0,0.0
route,SFO->LAX,146,146,0,0.0
route,SFO->LGB,4,4,0,0.0
route,SFO->LIH,7,7,0,0.0
route,SFO->MCI,7,7,0,0.0
route,SFO->MCO,11,11,0,0.0
route,SFO->MDW,6,6,0,0.0
route,SFO->MFR,14,14,0,0.0
route,SFO->MIA,13,13,0,0.0
route,SFO->MRY,11,11,0,0.0
route,SFO->MSN,1,1,0,0.0
route,SFO->MSO,2,2,0,0.0
route,SFO->MSP,17,17,0,0.0
route,SFO->MSY,9,9,0,0.0
route,SFO->OGG,14,14,0,0.0
route,SFO->OKC,3,3,0,0.0
route,SFO->OMA,2,2,0,0.0
route,SFO->ONT,31,31,0,0.0
route,SFO->ORD,53,53,0,0.0
route,SFO->OTH,3,3,0,0.0
route,SFO->PAE,5,5,0,0.0
route,SFO->PDX,63,63,0,0.0
route,SFO->PHL,26,26,0,0.0
route,SFO->PHX,45,45,0,0.0
route,SFO->PIT,6,6,0,0.0
route,SFO->PSC,4,4,0,0.0
route,SFO->PSP,13,13,0,0.0
route,SFO->RDD,7,7,0,0.0
route,SFO->RDM,12,12,0,0.0
route,SFO->RDU,4,4,0,0.0
route,SFO->RNO,12,12,0,0.0
route,SFO->SAN,64,64,0,0.0
route,SFO->SAT,4,4,0,0.0
route,SFO->SBA,22,22,0,0.0
route,SFO->SBP,9,9,0,0.0
route,SFO->SEA,88,88,0,0.0
route,SFO->SLC,25,25,0,0.0
route,SFO->SMF,11,11,0,0.0
route,SFO->SNA,36,36,0,0.0
route,SFO->STL,3,3,0,0.0
route,SFO->STS,4,4,0,0.0
route,SFO->TPA,3,3,0,0.0
route,SFO->TUS,6,6,0,0.0
route,SFO->XNA,2,2,0,0.0
route,SGF->ATL,9,9,0,0.0
route,SGF->AZA,3,3,0,0.0
route,SGF->CLT,11,11,0,0.0
route,SGF->DEN,7,7,0,0.0
route,SGF->DFW,22,22,0,0.0
route,SGF->IAH,6,6,0,0.0
route,SGF->LAX,2,2,0,0.0
route,SGF->ORD,34,34,0,0.0
route,SGF->PIE,1,1,0,0.0
route,SGF->SFB,1,1,0,0.0
route,SGF->VPS,4,4,0,0.0
route,SGU->DEN,1,1,0,0.0
route,SGU->LAX,2,2,0,0.0
route,SGU->PHX,4,4,0,0.0
route,SGU->SLC,5,5,0,0.0
route,SHD->IAD,2,2,0,0.0
route,SHD->LWB,3,3,0,0.0
route,SHD->ORD,2,2,0,0.0
route,SHV->ATL,16,16,0,0.0
route,SHV->CLT,8,8,0,0.0
route,SHV->DEN,9,9,0,0.0
route,SHV->DFW,16,16,0,0.0
route,SHV->IAH,8,8,0,0.0
route,SHV->LAS,1,1,0,0.0
route,SHV->VPS,1,1,0,0.0
route,SIT->JNU,6,6,0,0.0
route,SIT->KTN,1,1,0,0.0
route,SIT->SEA,2,2,0,0.0
route,SJC->ABQ,2,2,0,0.0
route,SJC->ATL,12,12,0,0.0
route,SJC->AUS,14,14,0,0.0
route,SJC->BOI,6,6,0,0.0
route,SJC->BOS,5,5,0,0.0
route,SJC->BUR,31,31,0,0.0
route,SJC->BWI,4,4,0,0.0
route,SJC->CLT,1,1,0,0.0
route,SJC->CVG,1,1,0,0.0
route,SJC->DAL,14,14,0,0.0
route,SJC->DEN,33,33,0,0.0
route,SJC->DFW,14,14,0,0.0
route,SJC->DTW,1,1,0,0.0
route,SJC->EUG,1,1,0,0.0
route,SJC->EWR,3,3,0,0.0
route,SJC->GEG,5,5,0,0.0
route,SJC->HNL,11,11,0,0.0
route,SJC->HOU,3,3,0,0.0
route,SJC->IAH,2,2,0,0.0
route,SJC->JFK,16,16,0,0.0
route,SJC->KOA,2,2,0,0.0
route,SJC->LAS,40,40,0,0.0
route,SJC->LAX,82,82,0,0.0
route,SJC->LGB,11,11,0,0.0
route,SJC->LIH,1,1,0,0.0
route,SJC->MCO,1,1,0,0.0
route,SJC->MDW,4,4,0,0.0
route,SJC->MSP,7,7,0,0.0
route,SJC->OGG,8,8,0,0.0
route,SJC->ONT,14,14,0,0.0
route,SJC->ORD,9,9,0,0.0
route,SJC->PAE,1,1,0,0.0
route,SJC->PDX,35,35,0,0.0
route,SJC->PHX,30,30,0,0.0
route,SJC->PSP,2,2,0,0.0
route,SJC->RNO,13,13,0,0.0
route,SJC->SAN,46,46,0,0.0
route,SJC->SEA,46,46,0,0.0
route,SJC->SLC,16,16,0,0.0
route,SJC->SNA,42,42,0,0.0
route,SJC->STL,3,3,0,0.0
route,SJC->TUS,5,5,0,0.0
route,SJT->DFW,7,7,0,0.0
route,SJU->ATL,7,7,0,0.0
route,SJU->BDL,7,7,0,0.0
route,SJU->BOS,7,7,0,0.0
route,SJU->BWI,3,3,0,0.0
route,SJU->CLT,2,2,0,0.0
route,SJU->DCA,2,2,0,0.0
route,SJU->EWR,6,6,0,0.0
route,SJU->FLL,18,18,0,0.0
route,SJU->IAD,2,2,0,0.0
route,SJU->IAH,2,2,0,0.0
route,SJU->JFK,21,21,0,0.0
route,SJU->MCO,35,35,0,0.0
route,SJU->MDW,2,2,0,0.0
route,SJU->MIA,16,16,0,0.0
route,SJU->ORD,2,2,0,0.0
route,SJU->PHL,8,8,0,0.0
route,SJU->RDU,1,1,0,0.0
route,SJU->STT,6,6,0,0.0
route,SJU->STX,1,1,0,0.0
route,SJU->TPA,4,4,0,0.0
route,SLC->ABQ,10,10,0,0.0
route,SLC->ASE,5,5,0,0.0
route,SLC->ATL,26,26,0,0.0
route,SLC->AUS,13,13,0,0.0
route,SLC->BIL,12,12,0,0.0
route,SLC->BNA,2,2,0,0.0
route,SLC->BOI,18,18,0,0.0
route,SLC->BOS,14,14,0,0.0
route,SLC->BTM,7,7,0,0.0
route,SLC->BUR,19,19,0,0.0
route,SLC->BWI,5,5,0,0.0
route,SLC->BZN,5,5,0,0.0
route,SLC->CDC,6,6,0,0.0
route,SLC->CLE,1,1,0,0.0
route,SLC->CLT,5,5,0,0.0
route,SLC->CMH,5,5,0,0.0
route,SLC->COD,4,4,0,0.0
route,SLC->COS,4,4,0,0.0
route,SLC->CPR,10,10,0,0.0
route,SLC->CVG,7,7,0,0.0
route,SLC->DAL,3,3,0,0.0
route,SLC->DCA,3,3,0,0.0
route,SLC->DEN,68,68,0,0.0
route,SLC->DFW,30,30,0,0.0
route,SLC->DSM,4,4,0,0.0
route,SLC->DTW,11,11,0,0.0
route,SLC->EKO,10,10,0,0.0
route,SLC->EUG,7,7,0,0.0
route,SLC->EWR,5,5,0,0.0
route,SLC->FAT,13,13,0,0.0
route,SLC->FCA,13,13,0,0.0
route,SLC->FLL,9,9,0,0.0
route,SLC->GEG,8,8,0,0.0
route,SLC->GJT,6,6,0,0.0
route,SLC->GTF,12,12,0,0.0
route,SLC->HLN,9,9,0,0.0
route,SLC->HNL,3,3,0,0.0
route,SLC->IAH,30,30,0,0.0
route,SLC->IDA,4,4,0,0.0
route,SLC->IND,2,2,0,0.0
route,SLC->JAC,12,12,0,0.0
route,SLC->JFK,13,13,0,0.0
route,SLC->LAS,38,38,0,0.0
route,SLC->LAX,56,56,0,0.0
route,SLC->LGB,22,22,0,0.0
route,SLC->LWS,6,6,0,0.0
route,SLC->MCI,5,5,0,0.0
route,SLC->MCO,8,8,0,0.0
route,SLC->MDW,10,10,0,0.0
route,SLC->MFR,4,4,0,0.0
route,SLC->MSN,2,2,0,0.0
route,SLC->MSO,11,11,0,0.0
route,SLC->MSP,15,15,0,0.0
route,SLC->MSY,3,3,0,0.0
route,SLC->OAK,20,20,0,0.0
route,SLC->OKC,12,12,0,0.0
route,SLC->OMA,7,7,0,0.0
route,SLC->ONT,10,10,0,0.0
route,SLC->ORD,26,26,0,0.0
route,SLC->PDX,25,25,0,0.0
route,SLC->PHL,4,4,0,0.0
route,SLC->PHX,37,37,0,0.0
route,SLC->PIH,7,7,0,0.0
route,SLC->PIT,5,5,0,0.0
route,SLC->PSC,7,7,0,0.0
route,SLC->PSP,8,8,0,0.0
route,SLC->RAP,5,5,0,0.0
route,SLC->RDM,5,5,0,0.0
route,SLC->RDU,3,3,0,0.0
route,SLC->RNO,8,8,0,0.0
route,SLC->SAN,21,21,0,0.0
route,SLC->SAT,6,6,0,0.0
route,SLC->SBA,3,3,0,0.0
route,SLC->SEA,31,31,0,0.0
route,SLC->SFO,35,35,0,0.0
route,SLC->SGU,7,7,0,0.0
route,SLC->SJC,19,19,0,0.0
route,SLC->SMF,15,15,0,0.0
route,SLC->SNA,16,16,0,0.0
route,SLC->STL,7,7,0,0.0
route,SLC->SUN,11,11,0,0.0
route,SLC->TPA,2,2,0,0.0
route,SLC->TUL,3,3,0,0.0
route,SLC->TUS,7,7,0,0.0
route,SLC->TWF,7,7,0,0.0
route,SLC->WYS,3,3,0,0.0
route,SLN->HYS,9,9,0,0.0
route,SLN->ORD,4,4,0,0.0
route,SMF->ATL,10,10,0,0.0
route,SMF->AUS,4,4,0,0.0
route,SMF->BOI,7,7,0,0.0
route,SMF->BUR,24,24,0,0.0
route,SMF->BWI,1,1,0,0.0
route,SMF->CLT,1,1,0,0.0
route,SMF->DAL,3,3,0,0.0
route,SMF->DEN,37,37,0,0.0
route,SMF->DFW,8,8,0,0.0
route,SMF->DTW,2,2,0,0.0
route,SMF->EWR,4,4,0,0.0
route,SMF->GEG,4,4,0,0.0
route,SMF->HNL,4,4,0,0.0
route,SMF->IAD,5,5,0,0.0
route,SMF->IAH,3,3,0,0.0
route,SMF->JFK,3,3,0,0.0
route,SMF->KOA,1,1,0,0.0
route,SMF->LAS,32,32,0,0.0
route,SMF->LAX,74,74,0,0.0
route,SMF->LGB,24,24,0,0.0
route,SMF->MCO,1,1,0,0.0
route,SMF->MDW,4,4,0,0.0
route,SMF->MSP,5,5,0,0.0
route,SMF->OGG,2,2,0,0.0
route,SMF->ONT,11,11,0,0.0
route,SMF->ORD,10,10,0,0.0
route,SMF->PDX,18,18,0,0.0
route,SMF->PHX,25,25,0,0.0
route,SMF->SAN,37,37,0,0.0
route,SMF->SEA,55,55,0,0.0
route,SMF->SFO,9,9,0,0.0
route,SMF->SLC,20,20,0,0.0
route,SMF->SNA,17,17,0,0.0
route,SMF->STL,3,3,0,0.0
route,SMX->LAS,2,2,0,0.0
route,SNA->ABQ,4,4,0,0.0
route,SNA->ATL,11,11,0,0.0
route,SNA->AUS,2,2,0,0.0
route,SNA->DAL,3,3,0,0.0
route,SNA->DEN,22,22,0,0.0
route,SNA->DFW,22,22,0,0.0
route,SNA->DTW,3,3,0,0.0
route,SNA->EWR,9,9,0,0.0
route,SNA->HOU,1,1,0,0.0
route,SNA->IAH,14,14,0,0.0
route,SNA->LAS,30,30,0,0.0
route,SNA->MSP,11,11,0,0.0
route,SNA->OAK,23,23,0,0.0
route,SNA->ORD,14,14,0,0.0
route,SNA->PAE,1,1,0,0.0
route,SNA->PDX,11,11,0,0.0
route,SNA->PHX,32,32,0,0.0
route,SNA->SEA,41,41,0,0.0
route,SNA->SFO,41,41,0,0.0
route,SNA->SJC,36,36,0,0.0
route,SNA->SLC,17,17,0,0.0
route,SNA->SMF,25,25,0,0.0
route,SNA->STS,3,3,0,0.0
route,SPI->DFW,9,9,0,0.0
route,SPI->ORD,9,9,0,0.0
route,SPN->GUM,3,3,0,0.0
route,SPS->DFW,14,14,0,0.0
route,SRQ->ATL,19,19,0,0.0
route,SRQ->AVL,1,1,0,0.0
route,SRQ->BNA,1,1,0,0.0
route,SRQ->BOS,3,3,0,0.0
route,SRQ->CLT,15,15,0,0.0
route,SRQ->DCA,2,2,0,0.0
route,SRQ->EWR,5,5,0,0.0
route,SRQ->JFK,3,3,0,0.0
route,SRQ->LGA,1,1,0,0.0
route,SRQ->MDT,1,1,0,0.0
route,SRQ->ORD,2,2,0,0.0
route,SRQ->SYR,1,1,0,0.0
route,STL->ATL,23,23,0,0.0
route,STL->AUS,8,8,0,0.0
route,STL->BDL,3,3,0,0.0
route,STL->BNA,9,9,0,0.0
route,STL->BOS,12,12,0,0.0
route,STL->BWI,14,14,0,0.0
route,STL->CLE,4,4,0,0.0
route,STL->CLT,20,20,0,0.0
route,STL->CMH,6,6,0,0.0
route,STL->CVG,1,1,0,0.0
route,STL->DAL,14,14,0,0.0
route,STL->DCA,34,34,0,0.0
route,STL->DEN,34,34,0,0.0
route,STL->DFW,27,27,0,0.0
route,STL->DSM,8,8,0,0.0
route,STL->DTW,26,26,0,0.0
route,STL->ECP,2,2,0,0.0
route,STL->EWR,15,15,0,0.0
route,STL->FLL,6,6,0,0.0
route,STL->HOU,9,9,0,0.0
route,STL->IAD,11,11,0,0.0
route,STL->IAH,12,12,0,0.0
route,STL->ICT,7,7,0,0.0
route,STL->LAS,11,11,0,0.0
route,STL->LAX,15,15,0,0.0
route,STL->LGA,33,33,0,0.0
route,STL->LIT,8,8,0,0.0
route,STL->MCI,10,10,0,0.0
route,STL->MCO,16,16,0,0.0
route,STL->MDW,21,21,0,0.0
route,STL->MIA,8,8,0,0.0
route,STL->MKE,4,4,0,0.0
route,STL->MSP,21,21,0,0.0
route,STL->MSY,6,6,0,0.0
route,STL->OAK,3,3,0,0.0
route,STL->OKC,7,7,0,0.0
route,STL->OMA,9,9,0,0.0
route,STL->ORD,46,46,0,0.0
route,STL->PDX,1,1,0,0.0
route,STL->PHL,25,25,0,0.0
route,STL->PHX,22,22,0,0.0
route,STL->PIT,3,3,0,0.0
route,STL->RDU,5,5,0,0.0
route,STL->RSW,4,4,0,0.0
route,STL->SAN,11,11,0,0.0
route,STL->SAT,3,3,0,0.0
route,STL->SEA,4,4,0,0.0
route,STL->SFO,7,7,0,0.0
route,STL->SJC,4,4,0,0.0
route,STL->SLC,8,8,0,0.0
route,STL->SMF,2,2,0,0.0
route,STL->TPA,3,3,0,0.0
route,STL->TUL,6,6,0,0.0
route,STS->LAX,13,13,0,0.0
route,STS->PDX,6,6,0,0.0
route,STS->PHX,4,4,0,0.0
route,STS->SAN,5,5,0,0.0
route,STS->SEA,13,13,0,0.0
route,STS->SFO,6,6,0,0.0
route,STS->SNA,1,1,0,0.0
route,STT->ATL,1,1,0,0.0
route,STT->FLL,3,3,0,0.0
route,STT->JFK,1,1,0,0.0
route,STT->MCO,1,1,0,0.0
route,STT->MIA,2,2,0,0.0
route,STT->SJU,7,7,0,0.0
route,STX->FLL,1,1,0,0.0
route,STX->MIA,1,1,0,0.0
route,STX->SJU,1,1,0,0.0
route,SUN->DEN,1,1,0,0.0
route,SUN->SEA,1,1,0,0.0
route,SUN->SLC,11,11,0,0.0
route,SUX->DFW,4,4,0,0.0
route,SUX->ORD,6,6,0,0.0
route,SWF->DTW,6,6,0,0.0
route,SWF->FLL,5,5,0,0.0
route,SWF->MCO,1,1,0,0.0
route,SWF->MYR,1,1,0,0.0
route,SWF->PHL,6,6,0,0.0
route,SWF->PIE,1,1,0,0.0
route,SWO->DFW,6,6,0,0.0
route,SYR->ATL,12,12,0,0.0
route,SYR->BNA,1,1,0,0.0
route,SYR->BOS,3,3,0,0.0
route,SYR->CLT,11,11,0,0.0
route,SYR->DCA,9,9,0,0.0
route,SYR->DEN,2,2,0,0.0
route,SYR->DTW,11,11,0,0.0
route,SYR->EWR,10,10,0,0.0
route,SYR->IAD,7,7,0,0.0
route,SYR->JFK,16,16,0,0.0
route,SYR->LGA,8,8,0,0.0
route,SYR->MCO,6,6,0,0.0
route,SYR->MSP,2,2,0,0.0
route,SYR->ORD,22,22,0,0.0
route,SYR->PHL,13,13,0,0.0
route,SYR->PIE,1,1,0,0.0
route,TLH->ATL,24,24,0,0.0
route,TLH->CLT,12,12,0,0.0
route,TLH->DCA,4,4,0,0.0
route,TLH->DFW,6,6,0,0.0
route,TLH->MIA,9,9,0,0.0
route,TOL->CLT,1,1,0,0.0
route,TOL->ORD,8,8,0,0.0
route,TOL->PGD,2,2,0,0.0
route,TOL->PIE,3,3,0,0.0
route,TPA->ACY,2,2,0,0.0
route,TPA->ATL,42,42,0,0.0
route,TPA->AUS,7,7,0,0.0
route,TPA->AVL,1,1,0,0.0
route,TPA->BDL,7,7,0,0.0
route,TPA->BHM,1,1,0,0.0
route,TPA->BNA,7,7,0,0.0
route,TPA->BOS,22,22,0,0.0
route,TPA->BUF,2,2,0,0.0
route,TPA->BWI,19,19,0,0.0
route,TPA->CLE,2,2,0,0.0
route,TPA->CLT,22,22,0,0.0
route,TPA->CMH,7,7,0,0.0
route,TPA->CVG,3,3,0,0.0
route,TPA->DAL,6,6,0,0.0
route,TPA->DCA,19,19,0,0.0
route,TPA->DEN,17,17,0,0.0
route,TPA->DFW,28,28,0,0.0
route,TPA->DTW,11,11,0,0.0
route,TPA->EWR,27,27,0,0.0
route,TPA->FLL,21,21,0,0.0
route,TPA->HOU,9,9,0,0.0
route,TPA->IAD,8,8,0,0.0
route,TPA->IAH,14,14,0,0.0
route,TPA->IND,3,3,0,0.0
route,TPA->ISP,2,2,0,0.0
route,TPA->JFK,22,22,0,0.0
route,TPA->LAS,9,9,0,0.0
route,TPA->LAX,13,13,0,0.0
route,TPA->LGA,12,12,0,0.0
route,TPA->MCI,1,1,0,0.0
route,TPA->MDW,13,13,0,0.0
route,TPA->MEM,1,1,0,0.0
route,TPA->MHT,2,2,0,0.0
route,TPA->MIA,14,14,0,0.0
route,TPA->MKE,2,2,0,0.0
route,TPA->MSP,5,5,0,0.0
route,TPA->MSY,6,6,0,0.0
route,TPA->ORD,19,19,0,0.0
route,TPA->PHL,23,23,0,0.0
route,TPA->PHX,6,6,0,0.0
route,TPA->PIT,8,8,0,0.0
route,TPA->PVD,2,2,0,0.0
route,TPA->RDU,11,11,0,0.0
route,TPA->SAT,2,2,0,0.0
route,TPA->SDF,1,1,0,0.0
route,TPA->SEA,1,1,0,0.0
route,TPA->SFO,2,2,0,0.0
route,TPA->SJU,8,8,0,0.0
route,TPA->SLC,3,3,0,0.0
route,TPA->STL,1,1,0,0.0
route,TRI->ATL,21,21,0,0.0
route,TRI->CLT,20,20,0,0.0
route,TRI->DFW,3,3,0,0.0
route,TTN->BNA,1,1,0,0.0
route,TTN->CHS,2,2,0,0.0
route,TTN->CLT,4,4,0,0.0
route,TTN->FLL,1,1,0,0.0
route,TTN->MCO,5,5,0,0.0
route,TTN->MSP,2,2,0,0.0
route,TTN->MYR,4,4,0,0.0
route,TTN->ORD,2,2,0,0.0
route,TTN->PBI,2,2,0,0.0
route,TTN->TPA,5,5,0,0.0
route,TUL->ATL,14,14,0,0.0
route,TUL->CLT,8,8,0,0.0
route,TUL->DAL,12,12,0,0.0
route,TUL->DEN,21,21,0,0.0
route,TUL->DFW,20,20,0,0.0
route,TUL->DTW,1,1,0,0.0
route,TUL->HOU,6,6,0,0.0
route,TUL->IAH,29,29,0,0.0
route,TUL->LAS,3,3,0,0.0
route,TUL->LAX,2,2,0,0.0
route,TUL->MSP,7,7,0,0.0
route,TUL->ORD,23,23,0,0.0
route,TUL->PHX,6,6,0,0.0
route,TUL->SFB,1,1,0,0.0
route,TUL->SLC,3,3,0,0.0
route,TUL->STL,5,5,0,0.0
route,TUS->ATL,6,6,0,0.0
route,TUS->CLT,3,3,0,0.0
route,TUS->DEN,17,17,0,0.0
route,TUS->DFW,25,25,0,0.0
route,TUS->IAH,16,16,0,0.0
route,TUS->LAS,16,16,0,0.0
route,TUS->LAX,17,17,0,0.0
route,TUS->MDW,1,1,0,0.0
route,TUS->ORD,10,10,0,0.0
route,TUS->PHX,21,21,0,0.0
route,TUS->SAN,7,7,0,0.0
route,TUS->SEA,3,3,0,0.0
route,TUS->SFO,9,9,0,0.0
route,TUS->SJC,4,4,0,0.0
route,TUS->SLC,5,5,0,0.0
route,TVC->DFW,1,1,0,0.0
route,TVC->DTW,8,8,0,0.0
route,TVC->EWR,1,1,0,0.0
route,TVC->MSP,12,12,0,0.0
route,TVC->ORD,23,23,0,0.0
route,TWF->SLC,8,8,0,0.0
route,TXK->DFW,15,15,0,0.0
route,TYR->DFW,15,15,0,0.0
route,TYS->ATL,21,21,0,0.0
route,TYS->CLT,25,25,0,0.0
route,TYS->DCA,11,11,0,0.0
route,TYS->DEN,8,8,0,0.0
route,TYS->DFW,12,12,0,0.0
route,TYS->DTW,12,12,0,0.0
route,TYS->EWR,4,4,0,0.0
route,TYS->FLL,2,2,0,0.0
route,TYS->IAD,7,7,0,0.0
route,TYS->IAH,11,11,0,0.0
route,TYS->LGA,4,4,0,0.0
route,TYS->MIA,4,4,0,0.0
route,TYS->MSP,3,3,0,0.0
route,TYS->ORD,24,24,0,0.0
route,TYS->PGD,1,1,0,0.0
route,TYS->PHL,15,15,0,0.0
route,TYS->PIE,2,2,0,0.0
route,TYS->SFB,3,3,0,0.0
route,UIN->CGI,2,2,0,0.0
route,UIN->ORD,5,5,0,0.0
route,USA->FLL,4,4,0,0.0
route,USA->PIE,3,3,0,0.0
route,USA->SFB,1,1,0,0.0
route,VEL->DEN,5,5,0,0.0
route,VLD->ATL,10,10,0,0.0
route,VPS->ATL,17,17,0,0.0
route,VPS->BLV,4,4,0,0.0
route,VPS->BWI,1,1,0,0.0
route,VPS->CLT,14,14,0,0.0
route,VPS->CVG,1,1,0,0.0
route,VPS->DCA,2,2,0,0.0
route,VPS->DFW,15,15,0,0.0
route,VPS->EWR,2,2,0,0.0
route,VPS->IAH,8,8,0,0.0
route,VPS->MCI,1,1,0,0.0
route,VPS->OKC,1,1,0,0.0
route,VPS->PIT,1,1,0,0.0
route,VPS->TYS,2,2,0,0.0
route,WRG->KTN,3,3,0,0.0
route,WRG->PSG,2,2,0,0.0
route,WYS->SLC,7,7,0,0.0
route,XNA->ATL,18,18,0,0.0
route,XNA->CLT,9,9,0,0.0
route,XNA->DCA,8,8,0,0.0
route,XNA->DEN,6,6,0,0.0
route,XNA->DFW,23,23,0,0.0
route,XNA->EWR,3,3,0,0.0
route,XNA->IAH,12,12,0,0.0
route,XNA->LAX,4,4,0,0.0
route,XNA->LGA,8,8,0,0.0
route,XNA->MSP,3,3,0,0.0
route,XNA->ORD,27,27,0,0.0
route,XNA->PHL,2,2,0,0.0
route,XNA->SFB,2,2,0,0.0
route,XNA->SFO,5,5,0,0.0
route,YAK->JNU,5,5,0,0.0
route,YKM->SEA,8,8,0,0.0
route,YUM->PHX,10,10,0,0.0
Day_of_Month,1,1759,1759,0,0.0
Day_of_Month,10,2421,2421,0,0.0
Day_of_Month,11,2274,2274,0,0.0
Day_of_Month,12,2433,2433,0,0.0
Day_of_Month,13,2467,2467,0,0.0
Day_of_Month,14,2060,2060,0,0.0
Day_of_Month,15,1951,1951,0,0.0
Day_of_Month,16,2333,2333,0,0.0
Day_of_Month,17,2363,2363,0,0.0
Day_of_Month,18,2354,2354,0,0.0
Day_of_Month,19,2366,2366,0,0.0
Day_of_Month,2,1999,1999,0,0.0
Day_of_Month,20,2398,2398,0,0.0
Day_of_Month,21,2201,2201,0,0.0
Day_of_Month,22,2113,2113,0,0.0
Day_of_Month,23,2311,2311,0,0.0
Day_of_Month,24,2411,2411,0,0.0
Day_of_Month,25,2381,2381,0,0.0
Day_of_Month,26,2485,2485,0,0.0
Day_of_Month,27,2473,2473,0,0.0
Day_of_Month,28,2290,2290,0,0.0
Day_of_Month,29,2072,2072,0,0.0
Day_of_Month,3,2261,2261,0,0.0
Day_of_Month,30,2413,2413,0,0.0
Day_of_Month,4,2254,2254,0,0.0
Day_of_Month,5,2197,2197,0,0.0
Day_of_Month,6,2244,2244,0,0.0
Day_of_Month,7,2124,2124,0,0.0
Day_of_Month,8,2005,2005,0,0.0
Day_of_Month,9,2356,2356,0,0.0
