[10:38:29] git HEAD c18e1bc007a622541d81d85257598dd1dd003a10; dirty entries: [' M output/baseline_recovery_v2_calibration_20260917_level_summary.csv', ' M output/baseline_recovery_v2_row_date_attribution_20260918_status_summary.csv', ' M output/baseline_recovery_v2_weather_expanded_stratafix_20260918_latency_sensitivity.csv', ' M output/preprocessing_full_summary.csv', ' M scripts/build_readme_story.py', ' M src/classifier_compare.py', '?? notebooks/run_classifier_tuning.py', '?? output/baseline_recovery_v2_classifier_tuning_20261008.log', '?? tests/test_classifier_tuning.py']; priority=below_normal
[10:38:39] loaded weather_on (180332, 39), weather_off (180332, 25), positives=31805 in 10.4s
[10:38:39] START seed=42 weather_on/random_forest_tuned
[10:38:55]     rf[weather_on] fold=1 {'min_samples_leaf': 10, 'max_features': 0.5} inner_LL=0.433399 (15.9s)
[10:39:18]     rf[weather_on] fold=1 {'min_samples_leaf': 10, 'max_features': 0.7} inner_LL=0.433486 (23.0s)
[10:39:57]     rf[weather_on] fold=1 {'min_samples_leaf': 10, 'max_features': 1.0} inner_LL=0.434439 (38.6s)
[10:40:14]     rf[weather_on] fold=1 {'min_samples_leaf': 25, 'max_features': 0.5} inner_LL=0.432877 (17.4s)
[10:40:37]     rf[weather_on] fold=1 {'min_samples_leaf': 25, 'max_features': 0.7} inner_LL=0.433289 (22.4s)
[10:41:10]     rf[weather_on] fold=1 {'min_samples_leaf': 25, 'max_features': 1.0} inner_LL=0.433565 (33.2s)
[10:41:26]     rf[weather_on] fold=1 {'min_samples_leaf': 50, 'max_features': 0.5} inner_LL=0.433331 (15.5s)
[10:41:46]     rf[weather_on] fold=1 {'min_samples_leaf': 50, 'max_features': 0.7} inner_LL=0.433341 (20.4s)
[10:42:15]     rf[weather_on] fold=1 {'min_samples_leaf': 50, 'max_features': 1.0} inner_LL=0.433532 (29.3s)
[10:42:16]   42_weather_on_random_forest_tuned fold=1 params={'min_samples_leaf': 25, 'max_features': 0.5} edge={'min_samples_leaf': None, 'max_features': 'low'} thr=0.25 (216.4s)
[10:42:36]     rf[weather_on] fold=2 {'min_samples_leaf': 10, 'max_features': 0.5} inner_LL=0.432084 (20.0s)
[10:43:02]     rf[weather_on] fold=2 {'min_samples_leaf': 10, 'max_features': 0.7} inner_LL=0.432663 (26.1s)
[10:43:39]     rf[weather_on] fold=2 {'min_samples_leaf': 10, 'max_features': 1.0} inner_LL=0.433536 (37.3s)
[10:43:56]     rf[weather_on] fold=2 {'min_samples_leaf': 25, 'max_features': 0.5} inner_LL=0.431795 (16.4s)
[10:44:18]     rf[weather_on] fold=2 {'min_samples_leaf': 25, 'max_features': 0.7} inner_LL=0.432090 (22.6s)
[10:44:51]     rf[weather_on] fold=2 {'min_samples_leaf': 25, 'max_features': 1.0} inner_LL=0.432278 (32.7s)
[10:45:06]     rf[weather_on] fold=2 {'min_samples_leaf': 50, 'max_features': 0.5} inner_LL=0.432594 (15.1s)
[10:45:26]     rf[weather_on] fold=2 {'min_samples_leaf': 50, 'max_features': 0.7} inner_LL=0.432647 (20.1s)
[10:45:55]     rf[weather_on] fold=2 {'min_samples_leaf': 50, 'max_features': 1.0} inner_LL=0.432916 (29.0s)
[10:45:56]   42_weather_on_random_forest_tuned fold=2 params={'min_samples_leaf': 25, 'max_features': 0.5} edge={'min_samples_leaf': None, 'max_features': 'low'} thr=0.25 (219.9s)
[10:46:15]     rf[weather_on] fold=3 {'min_samples_leaf': 10, 'max_features': 0.5} inner_LL=0.431615 (18.8s)
[10:46:40]     rf[weather_on] fold=3 {'min_samples_leaf': 10, 'max_features': 0.7} inner_LL=0.432235 (25.6s)
[10:47:19]     rf[weather_on] fold=3 {'min_samples_leaf': 10, 'max_features': 1.0} inner_LL=0.432639 (38.6s)
[10:47:36]     rf[weather_on] fold=3 {'min_samples_leaf': 25, 'max_features': 0.5} inner_LL=0.430640 (16.8s)
[10:47:58]     rf[weather_on] fold=3 {'min_samples_leaf': 25, 'max_features': 0.7} inner_LL=0.430978 (22.5s)
[10:48:31]     rf[weather_on] fold=3 {'min_samples_leaf': 25, 'max_features': 1.0} inner_LL=0.431781 (32.9s)
[10:48:46]     rf[weather_on] fold=3 {'min_samples_leaf': 50, 'max_features': 0.5} inner_LL=0.431263 (15.1s)
[10:49:07]     rf[weather_on] fold=3 {'min_samples_leaf': 50, 'max_features': 0.7} inner_LL=0.431556 (20.3s)
[10:49:36]     rf[weather_on] fold=3 {'min_samples_leaf': 50, 'max_features': 1.0} inner_LL=0.431812 (29.5s)
[10:49:36]   42_weather_on_random_forest_tuned fold=3 params={'min_samples_leaf': 25, 'max_features': 0.5} edge={'min_samples_leaf': None, 'max_features': 'low'} thr=0.26 (220.9s)
[10:49:56]     rf[weather_on] fold=4 {'min_samples_leaf': 10, 'max_features': 0.5} inner_LL=0.431202 (18.9s)
[10:50:21]     rf[weather_on] fold=4 {'min_samples_leaf': 10, 'max_features': 0.7} inner_LL=0.431480 (25.6s)
[10:50:59]     rf[weather_on] fold=4 {'min_samples_leaf': 10, 'max_features': 1.0} inner_LL=0.432082 (37.4s)
[10:51:15]     rf[weather_on] fold=4 {'min_samples_leaf': 25, 'max_features': 0.5} inner_LL=0.430267 (16.7s)
[10:51:38]     rf[weather_on] fold=4 {'min_samples_leaf': 25, 'max_features': 0.7} inner_LL=0.430295 (22.7s)
[10:52:11]     rf[weather_on] fold=4 {'min_samples_leaf': 25, 'max_features': 1.0} inner_LL=0.430455 (33.4s)
[10:52:27]     rf[weather_on] fold=4 {'min_samples_leaf': 50, 'max_features': 0.5} inner_LL=0.430411 (15.2s)
[10:52:47]     rf[weather_on] fold=4 {'min_samples_leaf': 50, 'max_features': 0.7} inner_LL=0.430344 (20.4s)
[10:53:17]     rf[weather_on] fold=4 {'min_samples_leaf': 50, 'max_features': 1.0} inner_LL=0.430662 (29.7s)
[10:53:17]   42_weather_on_random_forest_tuned fold=4 params={'min_samples_leaf': 25, 'max_features': 0.5} edge={'min_samples_leaf': None, 'max_features': 'low'} thr=0.25 (220.5s)
[10:53:36]     rf[weather_on] fold=5 {'min_samples_leaf': 10, 'max_features': 0.5} inner_LL=0.432595 (19.0s)
[10:54:02]     rf[weather_on] fold=5 {'min_samples_leaf': 10, 'max_features': 0.7} inner_LL=0.433056 (25.6s)
[10:54:39]     rf[weather_on] fold=5 {'min_samples_leaf': 10, 'max_features': 1.0} inner_LL=0.433489 (37.4s)
[10:54:56]     rf[weather_on] fold=5 {'min_samples_leaf': 25, 'max_features': 0.5} inner_LL=0.431923 (16.6s)
[10:55:18]     rf[weather_on] fold=5 {'min_samples_leaf': 25, 'max_features': 0.7} inner_LL=0.431853 (22.4s)
[10:55:51]     rf[weather_on] fold=5 {'min_samples_leaf': 25, 'max_features': 1.0} inner_LL=0.431972 (32.7s)
[10:56:06]     rf[weather_on] fold=5 {'min_samples_leaf': 50, 'max_features': 0.5} inner_LL=0.432059 (14.9s)
[10:56:26]     rf[weather_on] fold=5 {'min_samples_leaf': 50, 'max_features': 0.7} inner_LL=0.432023 (20.1s)
[10:56:55]     rf[weather_on] fold=5 {'min_samples_leaf': 50, 'max_features': 1.0} inner_LL=0.432259 (29.2s)
[10:56:56]   42_weather_on_random_forest_tuned fold=5 params={'min_samples_leaf': 25, 'max_features': 0.7} edge={'min_samples_leaf': None, 'max_features': None} thr=0.25 (218.5s)
[10:56:59] DONE seed=42 weather_on/random_forest_tuned MacroF1=0.609882 LL=0.431571 AUC=0.687429 P1=0.3470 R1=0.3847 (1096s)
[10:56:59] START seed=42 weather_off/random_forest_tuned
[10:57:11]     rf[weather_off] fold=1 {'min_samples_leaf': 10, 'max_features': 0.5} inner_LL=0.447623 (11.4s)
[10:57:27]     rf[weather_off] fold=1 {'min_samples_leaf': 10, 'max_features': 0.7} inner_LL=0.448168 (16.4s)
[10:57:50]     rf[weather_off] fold=1 {'min_samples_leaf': 10, 'max_features': 1.0} inner_LL=0.448326 (23.0s)
[10:58:00]     rf[weather_off] fold=1 {'min_samples_leaf': 25, 'max_features': 0.5} inner_LL=0.445177 (10.4s)
[10:58:15]     rf[weather_off] fold=1 {'min_samples_leaf': 25, 'max_features': 0.7} inner_LL=0.445867 (14.4s)
[10:58:35]     rf[weather_off] fold=1 {'min_samples_leaf': 25, 'max_features': 1.0} inner_LL=0.445600 (20.1s)
[10:58:44]     rf[weather_off] fold=1 {'min_samples_leaf': 50, 'max_features': 0.5} inner_LL=0.444648 (9.3s)
[10:58:57]     rf[weather_off] fold=1 {'min_samples_leaf': 50, 'max_features': 0.7} inner_LL=0.444835 (12.8s)
[10:59:15]     rf[weather_off] fold=1 {'min_samples_leaf': 50, 'max_features': 1.0} inner_LL=0.444852 (18.0s)
[10:59:15]   42_weather_off_random_forest_tuned fold=1 params={'min_samples_leaf': 50, 'max_features': 0.5} edge={'min_samples_leaf': 'high', 'max_features': 'low'} thr=0.23 (136.4s)
[10:59:27]     rf[weather_off] fold=2 {'min_samples_leaf': 10, 'max_features': 0.5} inner_LL=0.447376 (11.9s)
[10:59:44]     rf[weather_off] fold=2 {'min_samples_leaf': 10, 'max_features': 0.7} inner_LL=0.447867 (16.6s)
[11:00:07]     rf[weather_off] fold=2 {'min_samples_leaf': 10, 'max_features': 1.0} inner_LL=0.448383 (23.1s)
[11:00:18]     rf[weather_off] fold=2 {'min_samples_leaf': 25, 'max_features': 0.5} inner_LL=0.445493 (10.5s)
[11:00:32]     rf[weather_off] fold=2 {'min_samples_leaf': 25, 'max_features': 0.7} inner_LL=0.446056 (14.4s)
[11:00:52]     rf[weather_off] fold=2 {'min_samples_leaf': 25, 'max_features': 1.0} inner_LL=0.446054 (20.5s)
[11:01:02]     rf[weather_off] fold=2 {'min_samples_leaf': 50, 'max_features': 0.5} inner_LL=0.445165 (9.5s)
[11:01:14]     rf[weather_off] fold=2 {'min_samples_leaf': 50, 'max_features': 0.7} inner_LL=0.445476 (12.2s)
[11:01:31]     rf[weather_off] fold=2 {'min_samples_leaf': 50, 'max_features': 1.0} inner_LL=0.445344 (17.2s)
[11:01:32]   42_weather_off_random_forest_tuned fold=2 params={'min_samples_leaf': 50, 'max_features': 0.5} edge={'min_samples_leaf': 'high', 'max_features': 'low'} thr=0.25 (136.3s)
[11:01:43]     rf[weather_off] fold=3 {'min_samples_leaf': 10, 'max_features': 0.5} inner_LL=0.445858 (11.2s)
[11:01:59]     rf[weather_off] fold=3 {'min_samples_leaf': 10, 'max_features': 0.7} inner_LL=0.446446 (15.5s)
[11:02:21]     rf[weather_off] fold=3 {'min_samples_leaf': 10, 'max_features': 1.0} inner_LL=0.446493 (22.1s)
[11:02:31]     rf[weather_off] fold=3 {'min_samples_leaf': 25, 'max_features': 0.5} inner_LL=0.443323 (10.4s)
[11:02:46]     rf[weather_off] fold=3 {'min_samples_leaf': 25, 'max_features': 0.7} inner_LL=0.443581 (14.8s)
[11:03:07]     rf[weather_off] fold=3 {'min_samples_leaf': 25, 'max_features': 1.0} inner_LL=0.443549 (20.7s)
[11:03:16]     rf[weather_off] fold=3 {'min_samples_leaf': 50, 'max_features': 0.5} inner_LL=0.442760 (9.6s)
[11:03:30]     rf[weather_off] fold=3 {'min_samples_leaf': 50, 'max_features': 0.7} inner_LL=0.442751 (13.3s)
[11:03:49]     rf[weather_off] fold=3 {'min_samples_leaf': 50, 'max_features': 1.0} inner_LL=0.442631 (19.7s)
[11:03:50]   42_weather_off_random_forest_tuned fold=3 params={'min_samples_leaf': 50, 'max_features': 1.0} edge={'min_samples_leaf': 'high', 'max_features': 'high'} thr=0.24 (138.0s)
[11:04:02]     rf[weather_off] fold=4 {'min_samples_leaf': 10, 'max_features': 0.5} inner_LL=0.445823 (12.1s)
[11:04:19]     rf[weather_off] fold=4 {'min_samples_leaf': 10, 'max_features': 0.7} inner_LL=0.447112 (16.8s)
[11:04:42]     rf[weather_off] fold=4 {'min_samples_leaf': 10, 'max_features': 1.0} inner_LL=0.447137 (23.3s)
[11:04:52]     rf[weather_off] fold=4 {'min_samples_leaf': 25, 'max_features': 0.5} inner_LL=0.443886 (10.2s)
[11:05:07]     rf[weather_off] fold=4 {'min_samples_leaf': 25, 'max_features': 0.7} inner_LL=0.444390 (14.3s)
[11:05:27]     rf[weather_off] fold=4 {'min_samples_leaf': 25, 'max_features': 1.0} inner_LL=0.444819 (19.9s)
[11:05:36]     rf[weather_off] fold=4 {'min_samples_leaf': 50, 'max_features': 0.5} inner_LL=0.443417 (9.8s)
[11:05:49]     rf[weather_off] fold=4 {'min_samples_leaf': 50, 'max_features': 0.7} inner_LL=0.443622 (12.9s)
[11:06:07]     rf[weather_off] fold=4 {'min_samples_leaf': 50, 'max_features': 1.0} inner_LL=0.443694 (17.7s)
[11:06:07]   42_weather_off_random_forest_tuned fold=4 params={'min_samples_leaf': 50, 'max_features': 0.5} edge={'min_samples_leaf': 'high', 'max_features': 'low'} thr=0.26 (137.6s)
[11:06:20]     rf[weather_off] fold=5 {'min_samples_leaf': 10, 'max_features': 0.5} inner_LL=0.446776 (12.1s)
[11:06:37]     rf[weather_off] fold=5 {'min_samples_leaf': 10, 'max_features': 0.7} inner_LL=0.447662 (17.1s)
[11:07:00]     rf[weather_off] fold=5 {'min_samples_leaf': 10, 'max_features': 1.0} inner_LL=0.448038 (23.4s)
[11:07:10]     rf[weather_off] fold=5 {'min_samples_leaf': 25, 'max_features': 0.5} inner_LL=0.444391 (10.3s)
[11:07:25]     rf[weather_off] fold=5 {'min_samples_leaf': 25, 'max_features': 0.7} inner_LL=0.444704 (14.7s)
[11:07:45]     rf[weather_off] fold=5 {'min_samples_leaf': 25, 'max_features': 1.0} inner_LL=0.445108 (19.7s)
[11:07:54]     rf[weather_off] fold=5 {'min_samples_leaf': 50, 'max_features': 0.5} inner_LL=0.443806 (9.1s)
[11:08:07]     rf[weather_off] fold=5 {'min_samples_leaf': 50, 'max_features': 0.7} inner_LL=0.443866 (12.7s)
[11:08:25]     rf[weather_off] fold=5 {'min_samples_leaf': 50, 'max_features': 1.0} inner_LL=0.444184 (18.3s)
[11:08:25]   42_weather_off_random_forest_tuned fold=5 params={'min_samples_leaf': 50, 'max_features': 0.5} edge={'min_samples_leaf': 'high', 'max_features': 'low'} thr=0.24 (138.1s)
[11:08:29] DONE seed=42 weather_off/random_forest_tuned MacroF1=0.582136 LL=0.443541 AUC=0.654451 P1=0.3052 R1=0.3325 (686s)
[11:08:29] START seed=42 weather_on/lightgbm_tuned
[11:08:38]     lgbm fold=1 {'learning_rate': 0.03, 'num_leaves': 31, 'min_child_samples': 20, 'subsample': 0.8, 'subsample_freq': 0} k*=150 inner_LL=0.438060 (9.1s)
[11:08:48]     lgbm fold=1 {'learning_rate': 0.03, 'num_leaves': 31, 'min_child_samples': 100, 'subsample': 0.8, 'subsample_freq': 0} k*=150 inner_LL=0.438382 (9.3s)
[11:08:58]     lgbm fold=1 {'learning_rate': 0.03, 'num_leaves': 63, 'min_child_samples': 20, 'subsample': 0.8, 'subsample_freq': 0} k*=150 inner_LL=0.437451 (10.1s)
[11:09:08]     lgbm fold=1 {'learning_rate': 0.03, 'num_leaves': 63, 'min_child_samples': 100, 'subsample': 0.8, 'subsample_freq': 0} k*=100 inner_LL=0.437923 (10.6s)
[11:09:20]     lgbm fold=1 {'learning_rate': 0.03, 'num_leaves': 127, 'min_child_samples': 20, 'subsample': 0.8, 'subsample_freq': 0} k*=150 inner_LL=0.437537 (11.7s)
[11:09:31]     lgbm fold=1 {'learning_rate': 0.03, 'num_leaves': 127, 'min_child_samples': 100, 'subsample': 0.8, 'subsample_freq': 0} k*=100 inner_LL=0.437901 (10.7s)
[11:09:40]     lgbm fold=1 {'learning_rate': 0.05, 'num_leaves': 31, 'min_child_samples': 20, 'subsample': 0.8, 'subsample_freq': 0} k*=75 inner_LL=0.438184 (9.5s)
[11:09:50]     lgbm fold=1 {'learning_rate': 0.05, 'num_leaves': 31, 'min_child_samples': 100, 'subsample': 0.8, 'subsample_freq': 0} k*=100 inner_LL=0.438143 (9.7s)
[11:10:00]     lgbm fold=1 {'learning_rate': 0.05, 'num_leaves': 63, 'min_child_samples': 20, 'subsample': 0.8, 'subsample_freq': 0} k*=100 inner_LL=0.437884 (10.3s)
[11:10:10]     lgbm fold=1 {'learning_rate': 0.05, 'num_leaves': 63, 'min_child_samples': 100, 'subsample': 0.8, 'subsample_freq': 0} k*=100 inner_LL=0.437990 (10.0s)
[11:10:22]     lgbm fold=1 {'learning_rate': 0.05, 'num_leaves': 127, 'min_child_samples': 20, 'subsample': 0.8, 'subsample_freq': 0} k*=75 inner_LL=0.437594 (11.6s)
[11:10:33]     lgbm fold=1 {'learning_rate': 0.05, 'num_leaves': 127, 'min_child_samples': 100, 'subsample': 0.8, 'subsample_freq': 0} k*=100 inner_LL=0.438042 (11.1s)
[11:10:42]     lgbm fold=1 {'learning_rate': 0.1, 'num_leaves': 31, 'min_child_samples': 20, 'subsample': 0.8, 'subsample_freq': 0} k*=50 inner_LL=0.438318 (9.7s)
[11:10:52]     lgbm fold=1 {'learning_rate': 0.1, 'num_leaves': 31, 'min_child_samples': 100, 'subsample': 0.8, 'subsample_freq': 0} k*=25 inner_LL=0.439235 (10.0s)
[11:11:04]     lgbm fold=1 {'learning_rate': 0.1, 'num_leaves': 63, 'min_child_samples': 20, 'subsample': 0.8, 'subsample_freq': 0} k*=25 inner_LL=0.438427 (11.5s)
[11:11:15]     lgbm fold=1 {'learning_rate': 0.1, 'num_leaves': 63, 'min_child_samples': 100, 'subsample': 0.8, 'subsample_freq': 0} k*=25 inner_LL=0.438535 (11.1s)
[11:11:27]     lgbm fold=1 {'learning_rate': 0.1, 'num_leaves': 127, 'min_child_samples': 20, 'subsample': 0.8, 'subsample_freq': 0} k*=25 inner_LL=0.437720 (12.1s)
[11:11:38]     lgbm fold=1 {'learning_rate': 0.1, 'num_leaves': 127, 'min_child_samples': 100, 'subsample': 0.8, 'subsample_freq': 0} k*=25 inner_LL=0.439176 (11.2s)
[11:11:50]     lgbm fold=1 {'learning_rate': 0.03, 'num_leaves': 63, 'min_child_samples': 20, 'subsample': 0.8, 'subsample_freq': 1} k*=150 inner_LL=0.438118 (11.7s)
[11:12:01]     lgbm fold=1 {'learning_rate': 0.03, 'num_leaves': 127, 'min_child_samples': 20, 'subsample': 0.8, 'subsample_freq': 1} k*=150 inner_LL=0.438045 (11.2s)
[11:12:12]     lgbm fold=1 {'learning_rate': 0.05, 'num_leaves': 63, 'min_child_samples': 20, 'subsample': 0.8, 'subsample_freq': 1} k*=50 inner_LL=0.438650 (10.3s)
[11:12:22]     lgbm fold=1 {'learning_rate': 0.05, 'num_leaves': 127, 'min_child_samples': 20, 'subsample': 0.8, 'subsample_freq': 1} k*=50 inner_LL=0.438131 (10.7s)
[11:12:33]     lgbm fold=1 {'learning_rate': 0.1, 'num_leaves': 63, 'min_child_samples': 20, 'subsample': 0.8, 'subsample_freq': 1} k*=25 inner_LL=0.439117 (10.4s)
[11:12:43]     lgbm fold=1 {'learning_rate': 0.1, 'num_leaves': 127, 'min_child_samples': 20, 'subsample': 0.8, 'subsample_freq': 1} k*=25 inner_LL=0.439218 (10.4s)
[11:12:43]   42_weather_on_lightgbm_tuned fold=1 params={'learning_rate': 0.03, 'num_leaves': 63, 'min_child_samples': 20, 'subsample': 0.8, 'subsample_freq': 0, 'n_estimators': 150} edge={'learning_rate': 'low', 'num_leaves': None, 'min_child_samples': 'low', 'n_estimators': None} thr=0.23 (254.1s)
[11:12:53]     lgbm fold=2 {'learning_rate': 0.03, 'num_leaves': 31, 'min_child_samples': 20, 'subsample': 0.8, 'subsample_freq': 0} k*=150 inner_LL=0.437893 (9.8s)
[11:13:03]     lgbm fold=2 {'learning_rate': 0.03, 'num_leaves': 31, 'min_child_samples': 100, 'subsample': 0.8, 'subsample_freq': 0} k*=150 inner_LL=0.438079 (9.9s)
[11:13:14]     lgbm fold=2 {'learning_rate': 0.03, 'num_leaves': 63, 'min_child_samples': 20, 'subsample': 0.8, 'subsample_freq': 0} k*=150 inner_LL=0.437768 (11.2s)
[11:13:25]     lgbm fold=2 {'learning_rate': 0.03, 'num_leaves': 63, 'min_child_samples': 100, 'subsample': 0.8, 'subsample_freq': 0} k*=150 inner_LL=0.437480 (10.5s)
[11:13:37]     lgbm fold=2 {'learning_rate': 0.03, 'num_leaves': 127, 'min_child_samples': 20, 'subsample': 0.8, 'subsample_freq': 0} k*=150 inner_LL=0.437432 (12.8s)
[11:13:48]     lgbm fold=2 {'learning_rate': 0.03, 'num_leaves': 127, 'min_child_samples': 100, 'subsample': 0.8, 'subsample_freq': 0} k*=150 inner_LL=0.437735 (10.9s)
[11:13:58]     lgbm fold=2 {'learning_rate': 0.05, 'num_leaves': 31, 'min_child_samples': 20, 'subsample': 0.8, 'subsample_freq': 0} k*=100 inner_LL=0.438419 (9.9s)
[11:14:08]     lgbm fold=2 {'learning_rate': 0.05, 'num_leaves': 31, 'min_child_samples': 100, 'subsample': 0.8, 'subsample_freq': 0} k*=100 inner_LL=0.438284 (10.2s)
[11:14:19]     lgbm fold=2 {'learning_rate': 0.05, 'num_leaves': 63, 'min_child_samples': 20, 'subsample': 0.8, 'subsample_freq': 0} k*=100 inner_LL=0.437994 (10.6s)
[11:14:30]     lgbm fold=2 {'learning_rate': 0.05, 'num_leaves': 63, 'min_child_samples': 100, 'subsample': 0.8, 'subsample_freq': 0} k*=100 inner_LL=0.438098 (10.6s)
[11:14:42]     lgbm fold=2 {'learning_rate': 0.05, 'num_leaves': 127, 'min_child_samples': 20, 'subsample': 0.8, 'subsample_freq': 0} k*=100 inner_LL=0.437810 (12.6s)
[11:14:53]     lgbm fold=2 {'learning_rate': 0.05, 'num_leaves': 127, 'min_child_samples': 100, 'subsample': 0.8, 'subsample_freq': 0} k*=100 inner_LL=0.438018 (10.3s)
[11:15:02]     lgbm fold=2 {'learning_rate': 0.1, 'num_leaves': 31, 'min_child_samples': 20, 'subsample': 0.8, 'subsample_freq': 0} k*=50 inner_LL=0.438190 (9.3s)
[11:15:12]     lgbm fold=2 {'learning_rate': 0.1, 'num_leaves': 31, 'min_child_samples': 100, 'subsample': 0.8, 'subsample_freq': 0} k*=50 inner_LL=0.439633 (10.2s)
[11:15:22]     lgbm fold=2 {'learning_rate': 0.1, 'num_leaves': 63, 'min_child_samples': 20, 'subsample': 0.8, 'subsample_freq': 0} k*=25 inner_LL=0.438266 (10.0s)
[11:15:32]     lgbm fold=2 {'learning_rate': 0.1, 'num_leaves': 63, 'min_child_samples': 100, 'subsample': 0.8, 'subsample_freq': 0} k*=25 inner_LL=0.439067 (9.6s)
[11:15:43]     lgbm fold=2 {'learning_rate': 0.1, 'num_leaves': 127, 'min_child_samples': 20, 'subsample': 0.8, 'subsample_freq': 0} k*=25 inner_LL=0.438013 (11.5s)
[11:15:54]     lgbm fold=2 {'learning_rate': 0.1, 'num_leaves': 127, 'min_child_samples': 100, 'subsample': 0.8, 'subsample_freq': 0} k*=50 inner_LL=0.439122 (10.4s)
[11:16:03]     lgbm fold=2 {'learning_rate': 0.03, 'num_leaves': 63, 'min_child_samples': 20, 'subsample': 0.8, 'subsample_freq': 1} k*=150 inner_LL=0.438045 (9.6s)
[11:16:14]     lgbm fold=2 {'learning_rate': 0.03, 'num_leaves': 127, 'min_child_samples': 20, 'subsample': 0.8, 'subsample_freq': 1} k*=150 inner_LL=0.437752 (10.6s)
[11:16:24]     lgbm fold=2 {'learning_rate': 0.05, 'num_leaves': 63, 'min_child_samples': 20, 'subsample': 0.8, 'subsample_freq': 1} k*=50 inner_LL=0.438433 (10.4s)
[11:16:34]     lgbm fold=2 {'learning_rate': 0.05, 'num_leaves': 127, 'min_child_samples': 20, 'subsample': 0.8, 'subsample_freq': 1} k*=50 inner_LL=0.437450 (9.6s)
[11:16:43]     lgbm fold=2 {'learning_rate': 0.1, 'num_leaves': 63, 'min_child_samples': 20, 'subsample': 0.8, 'subsample_freq': 1} k*=25 inner_LL=0.439348 (9.2s)
[11:16:53]     lgbm fold=2 {'learning_rate': 0.1, 'num_leaves': 127, 'min_child_samples': 20, 'subsample': 0.8, 'subsample_freq': 1} k*=25 inner_LL=0.439005 (10.5s)
[11:16:53]   42_weather_on_lightgbm_tuned fold=2 params={'learning_rate': 0.03, 'num_leaves': 127, 'min_child_samples': 20, 'subsample': 0.8, 'subsample_freq': 0, 'n_estimators': 150} edge={'learning_rate': 'low', 'num_leaves': 'high', 'min_child_samples': 'low', 'n_estimators': None} thr=0.24 (250.4s)
[11:17:03]     lgbm fold=3 {'learning_rate': 0.03, 'num_leaves': 31, 'min_child_samples': 20, 'subsample': 0.8, 'subsample_freq': 0} k*=150 inner_LL=0.435319 (9.2s)
[11:17:12]     lgbm fold=3 {'learning_rate': 0.03, 'num_leaves': 31, 'min_child_samples': 100, 'subsample': 0.8, 'subsample_freq': 0} k*=150 inner_LL=0.435320 (9.5s)
[11:17:23]     lgbm fold=3 {'learning_rate': 0.03, 'num_leaves': 63, 'min_child_samples': 20, 'subsample': 0.8, 'subsample_freq': 0} k*=150 inner_LL=0.434604 (10.3s)
[11:17:32]     lgbm fold=3 {'learning_rate': 0.03, 'num_leaves': 63, 'min_child_samples': 100, 'subsample': 0.8, 'subsample_freq': 0} k*=150 inner_LL=0.435461 (9.7s)
[11:17:44]     lgbm fold=3 {'learning_rate': 0.03, 'num_leaves': 127, 'min_child_samples': 20, 'subsample': 0.8, 'subsample_freq': 0} k*=150 inner_LL=0.434973 (11.7s)
[11:17:55]     lgbm fold=3 {'learning_rate': 0.03, 'num_leaves': 127, 'min_child_samples': 100, 'subsample': 0.8, 'subsample_freq': 0} k*=150 inner_LL=0.435239 (10.7s)
[11:18:04]     lgbm fold=3 {'learning_rate': 0.05, 'num_leaves': 31, 'min_child_samples': 20, 'subsample': 0.8, 'subsample_freq': 0} k*=100 inner_LL=0.435342 (9.2s)
[11:18:13]     lgbm fold=3 {'learning_rate': 0.05, 'num_leaves': 31, 'min_child_samples': 100, 'subsample': 0.8, 'subsample_freq': 0} k*=100 inner_LL=0.435585 (9.5s)
[11:18:24]     lgbm fold=3 {'learning_rate': 0.05, 'num_leaves': 63, 'min_child_samples': 20, 'subsample': 0.8, 'subsample_freq': 0} k*=100 inner_LL=0.435106 (10.3s)
[11:18:34]     lgbm fold=3 {'learning_rate': 0.05, 'num_leaves': 63, 'min_child_samples': 100, 'subsample': 0.8, 'subsample_freq': 0} k*=100 inner_LL=0.435867 (10.6s)
[11:18:45]     lgbm fold=3 {'learning_rate': 0.05, 'num_leaves': 127, 'min_child_samples': 20, 'subsample': 0.8, 'subsample_freq': 0} k*=100 inner_LL=0.435229 (11.1s)
[11:18:56]     lgbm fold=3 {'learning_rate': 0.05, 'num_leaves': 127, 'min_child_samples': 100, 'subsample': 0.8, 'subsample_freq': 0} k*=100 inner_LL=0.435409 (10.5s)
[11:19:06]     lgbm fold=3 {'learning_rate': 0.1, 'num_leaves': 31, 'min_child_samples': 20, 'subsample': 0.8, 'subsample_freq': 0} k*=50 inner_LL=0.436513 (9.6s)
[11:19:16]     lgbm fold=3 {'learning_rate': 0.1, 'num_leaves': 31, 'min_child_samples': 100, 'subsample': 0.8, 'subsample_freq': 0} k*=50 inner_LL=0.436346 (10.8s)
[11:19:28]     lgbm fold=3 {'learning_rate': 0.1, 'num_leaves': 63, 'min_child_samples': 20, 'subsample': 0.8, 'subsample_freq': 0} k*=50 inner_LL=0.435969 (11.8s)
[11:19:39]     lgbm fold=3 {'learning_rate': 0.1, 'num_leaves': 63, 'min_child_samples': 100, 'subsample': 0.8, 'subsample_freq': 0} k*=50 inner_LL=0.436622 (10.5s)
[11:19:51]     lgbm fold=3 {'learning_rate': 0.1, 'num_leaves': 127, 'min_child_samples': 20, 'subsample': 0.8, 'subsample_freq': 0} k*=50 inner_LL=0.436336 (12.1s)
[11:20:02]     lgbm fold=3 {'learning_rate': 0.1, 'num_leaves': 127, 'min_child_samples': 100, 'subsample': 0.8, 'subsample_freq': 0} k*=50 inner_LL=0.436992 (10.8s)
[11:20:12]     lgbm fold=3 {'learning_rate': 0.03, 'num_leaves': 63, 'min_child_samples': 20, 'subsample': 0.8, 'subsample_freq': 1} k*=150 inner_LL=0.435641 (10.8s)
[11:20:24]     lgbm fold=3 {'learning_rate': 0.03, 'num_leaves': 127, 'min_child_samples': 20, 'subsample': 0.8, 'subsample_freq': 1} k*=150 inner_LL=0.435581 (11.3s)
[11:20:34]     lgbm fold=3 {'learning_rate': 0.05, 'num_leaves': 63, 'min_child_samples': 20, 'subsample': 0.8, 'subsample_freq': 1} k*=75 inner_LL=0.436897 (10.7s)
[11:20:45]     lgbm fold=3 {'learning_rate': 0.05, 'num_leaves': 127, 'min_child_samples': 20, 'subsample': 0.8, 'subsample_freq': 1} k*=50 inner_LL=0.436570 (10.9s)
[11:20:55]     lgbm fold=3 {'learning_rate': 0.1, 'num_leaves': 63, 'min_child_samples': 20, 'subsample': 0.8, 'subsample_freq': 1} k*=25 inner_LL=0.437129 (9.8s)
[11:21:06]     lgbm fold=3 {'learning_rate': 0.1, 'num_leaves': 127, 'min_child_samples': 20, 'subsample': 0.8, 'subsample_freq': 1} k*=25 inner_LL=0.437618 (11.2s)
[11:21:06]   42_weather_on_lightgbm_tuned fold=3 params={'learning_rate': 0.03, 'num_leaves': 63, 'min_child_samples': 20, 'subsample': 0.8, 'subsample_freq': 0, 'n_estimators': 150} edge={'learning_rate': 'low', 'num_leaves': None, 'min_child_samples': 'low', 'n_estimators': None} thr=0.24 (252.8s)
[11:21:16]     lgbm fold=4 {'learning_rate': 0.03, 'num_leaves': 31, 'min_child_samples': 20, 'subsample': 0.8, 'subsample_freq': 0} k*=150 inner_LL=0.435688 (9.9s)
[11:21:26]     lgbm fold=4 {'learning_rate': 0.03, 'num_leaves': 31, 'min_child_samples': 100, 'subsample': 0.8, 'subsample_freq': 0} k*=150 inner_LL=0.435891 (9.6s)
[11:21:36]     lgbm fold=4 {'learning_rate': 0.03, 'num_leaves': 63, 'min_child_samples': 20, 'subsample': 0.8, 'subsample_freq': 0} k*=150 inner_LL=0.434912 (10.5s)
[11:21:46]     lgbm fold=4 {'learning_rate': 0.03, 'num_leaves': 63, 'min_child_samples': 100, 'subsample': 0.8, 'subsample_freq': 0} k*=150 inner_LL=0.435339 (10.2s)
[11:21:59]     lgbm fold=4 {'learning_rate': 0.03, 'num_leaves': 127, 'min_child_samples': 20, 'subsample': 0.8, 'subsample_freq': 0} k*=150 inner_LL=0.434640 (12.4s)
[11:22:09]     lgbm fold=4 {'learning_rate': 0.03, 'num_leaves': 127, 'min_child_samples': 100, 'subsample': 0.8, 'subsample_freq': 0} k*=100 inner_LL=0.435372 (10.5s)
[11:22:19]     lgbm fold=4 {'learning_rate': 0.05, 'num_leaves': 31, 'min_child_samples': 20, 'subsample': 0.8, 'subsample_freq': 0} k*=75 inner_LL=0.435999 (10.0s)
[11:22:29]     lgbm fold=4 {'learning_rate': 0.05, 'num_leaves': 31, 'min_child_samples': 100, 'subsample': 0.8, 'subsample_freq': 0} k*=100 inner_LL=0.435961 (9.9s)
[11:22:40]     lgbm fold=4 {'learning_rate': 0.05, 'num_leaves': 63, 'min_child_samples': 20, 'subsample': 0.8, 'subsample_freq': 0} k*=100 inner_LL=0.436279 (10.6s)
[11:22:50]     lgbm fold=4 {'learning_rate': 0.05, 'num_leaves': 63, 'min_child_samples': 100, 'subsample': 0.8, 'subsample_freq': 0} k*=100 inner_LL=0.435662 (10.2s)
[11:23:02]     lgbm fold=4 {'learning_rate': 0.05, 'num_leaves': 127, 'min_child_samples': 20, 'subsample': 0.8, 'subsample_freq': 0} k*=100 inner_LL=0.435593 (12.0s)
[11:23:13]     lgbm fold=4 {'learning_rate': 0.05, 'num_leaves': 127, 'min_child_samples': 100, 'subsample': 0.8, 'subsample_freq': 0} k*=100 inner_LL=0.435792 (11.1s)
[11:23:23]     lgbm fold=4 {'learning_rate': 0.1, 'num_leaves': 31, 'min_child_samples': 20, 'subsample': 0.8, 'subsample_freq': 0} k*=50 inner_LL=0.436117 (10.1s)
[11:23:34]     lgbm fold=4 {'learning_rate': 0.1, 'num_leaves': 31, 'min_child_samples': 100, 'subsample': 0.8, 'subsample_freq': 0} k*=50 inner_LL=0.437456 (10.6s)
[11:23:45]     lgbm fold=4 {'learning_rate': 0.1, 'num_leaves': 63, 'min_child_samples': 20, 'subsample': 0.8, 'subsample_freq': 0} k*=50 inner_LL=0.436251 (11.0s)
[11:23:56]     lgbm fold=4 {'learning_rate': 0.1, 'num_leaves': 63, 'min_child_samples': 100, 'subsample': 0.8, 'subsample_freq': 0} k*=25 inner_LL=0.436319 (10.8s)
[11:24:08]     lgbm fold=4 {'learning_rate': 0.1, 'num_leaves': 127, 'min_child_samples': 20, 'subsample': 0.8, 'subsample_freq': 0} k*=25 inner_LL=0.436041 (12.2s)
[11:24:18]     lgbm fold=4 {'learning_rate': 0.1, 'num_leaves': 127, 'min_child_samples': 100, 'subsample': 0.8, 'subsample_freq': 0} k*=50 inner_LL=0.436829 (10.2s)
[11:24:28]     lgbm fold=4 {'learning_rate': 0.03, 'num_leaves': 63, 'min_child_samples': 20, 'subsample': 0.8, 'subsample_freq': 1} k*=150 inner_LL=0.436079 (9.9s)
[11:24:40]     lgbm fold=4 {'learning_rate': 0.03, 'num_leaves': 127, 'min_child_samples': 20, 'subsample': 0.8, 'subsample_freq': 1} k*=150 inner_LL=0.435629 (11.7s)
[11:24:50]     lgbm fold=4 {'learning_rate': 0.05, 'num_leaves': 63, 'min_child_samples': 20, 'subsample': 0.8, 'subsample_freq': 1} k*=50 inner_LL=0.436823 (10.0s)
[11:25:00]     lgbm fold=4 {'learning_rate': 0.05, 'num_leaves': 127, 'min_child_samples': 20, 'subsample': 0.8, 'subsample_freq': 1} k*=50 inner_LL=0.436290 (10.5s)
[11:25:11]     lgbm fold=4 {'learning_rate': 0.1, 'num_leaves': 63, 'min_child_samples': 20, 'subsample': 0.8, 'subsample_freq': 1} k*=25 inner_LL=0.437178 (10.5s)
[11:25:21]     lgbm fold=4 {'learning_rate': 0.1, 'num_leaves': 127, 'min_child_samples': 20, 'subsample': 0.8, 'subsample_freq': 1} k*=25 inner_LL=0.437186 (10.7s)
[11:25:21]   42_weather_on_lightgbm_tuned fold=4 params={'learning_rate': 0.03, 'num_leaves': 127, 'min_child_samples': 20, 'subsample': 0.8, 'subsample_freq': 0, 'n_estimators': 150} edge={'learning_rate': 'low', 'num_leaves': 'high', 'min_child_samples': 'low', 'n_estimators': None} thr=0.24 (255.0s)
[11:25:31]     lgbm fold=5 {'learning_rate': 0.03, 'num_leaves': 31, 'min_child_samples': 20, 'subsample': 0.8, 'subsample_freq': 0} k*=150 inner_LL=0.436202 (9.7s)
[11:25:41]     lgbm fold=5 {'learning_rate': 0.03, 'num_leaves': 31, 'min_child_samples': 100, 'subsample': 0.8, 'subsample_freq': 0} k*=150 inner_LL=0.436548 (9.8s)
[11:25:51]     lgbm fold=5 {'learning_rate': 0.03, 'num_leaves': 63, 'min_child_samples': 20, 'subsample': 0.8, 'subsample_freq': 0} k*=150 inner_LL=0.435900 (10.5s)
[11:26:03]     lgbm fold=5 {'learning_rate': 0.03, 'num_leaves': 63, 'min_child_samples': 100, 'subsample': 0.8, 'subsample_freq': 0} k*=150 inner_LL=0.436251 (11.5s)
[11:26:15]     lgbm fold=5 {'learning_rate': 0.03, 'num_leaves': 127, 'min_child_samples': 20, 'subsample': 0.8, 'subsample_freq': 0} k*=150 inner_LL=0.435995 (12.1s)
[11:26:25]     lgbm fold=5 {'learning_rate': 0.03, 'num_leaves': 127, 'min_child_samples': 100, 'subsample': 0.8, 'subsample_freq': 0} k*=150 inner_LL=0.436356 (10.6s)
[11:26:35]     lgbm fold=5 {'learning_rate': 0.05, 'num_leaves': 31, 'min_child_samples': 20, 'subsample': 0.8, 'subsample_freq': 0} k*=100 inner_LL=0.436390 (9.7s)
[11:26:45]     lgbm fold=5 {'learning_rate': 0.05, 'num_leaves': 31, 'min_child_samples': 100, 'subsample': 0.8, 'subsample_freq': 0} k*=100 inner_LL=0.436463 (10.0s)
[11:26:57]     lgbm fold=5 {'learning_rate': 0.05, 'num_leaves': 63, 'min_child_samples': 20, 'subsample': 0.8, 'subsample_freq': 0} k*=75 inner_LL=0.436485 (12.0s)
[11:27:09]     lgbm fold=5 {'learning_rate': 0.05, 'num_leaves': 63, 'min_child_samples': 100, 'subsample': 0.8, 'subsample_freq': 0} k*=100 inner_LL=0.436428 (11.6s)
[11:27:22]     lgbm fold=5 {'learning_rate': 0.05, 'num_leaves': 127, 'min_child_samples': 20, 'subsample': 0.8, 'subsample_freq': 0} k*=75 inner_LL=0.436468 (12.9s)
[11:27:33]     lgbm fold=5 {'learning_rate': 0.05, 'num_leaves': 127, 'min_child_samples': 100, 'subsample': 0.8, 'subsample_freq': 0} k*=100 inner_LL=0.436501 (11.2s)
[11:27:42]     lgbm fold=5 {'learning_rate': 0.1, 'num_leaves': 31, 'min_child_samples': 20, 'subsample': 0.8, 'subsample_freq': 0} k*=50 inner_LL=0.436687 (9.6s)
[11:27:52]     lgbm fold=5 {'learning_rate': 0.1, 'num_leaves': 31, 'min_child_samples': 100, 'subsample': 0.8, 'subsample_freq': 0} k*=50 inner_LL=0.436966 (9.4s)
[11:28:03]     lgbm fold=5 {'learning_rate': 0.1, 'num_leaves': 63, 'min_child_samples': 20, 'subsample': 0.8, 'subsample_freq': 0} k*=25 inner_LL=0.437240 (11.1s)
[11:28:14]     lgbm fold=5 {'learning_rate': 0.1, 'num_leaves': 63, 'min_child_samples': 100, 'subsample': 0.8, 'subsample_freq': 0} k*=50 inner_LL=0.437138 (11.0s)
[11:28:28]     lgbm fold=5 {'learning_rate': 0.1, 'num_leaves': 127, 'min_child_samples': 20, 'subsample': 0.8, 'subsample_freq': 0} k*=50 inner_LL=0.436674 (13.7s)
[11:28:39]     lgbm fold=5 {'learning_rate': 0.1, 'num_leaves': 127, 'min_child_samples': 100, 'subsample': 0.8, 'subsample_freq': 0} k*=25 inner_LL=0.437769 (10.9s)
[11:28:49]     lgbm fold=5 {'learning_rate': 0.03, 'num_leaves': 63, 'min_child_samples': 20, 'subsample': 0.8, 'subsample_freq': 1} k*=150 inner_LL=0.436154 (10.1s)
[11:29:01]     lgbm fold=5 {'learning_rate': 0.03, 'num_leaves': 127, 'min_child_samples': 20, 'subsample': 0.8, 'subsample_freq': 1} k*=150 inner_LL=0.436131 (11.8s)
[11:29:11]     lgbm fold=5 {'learning_rate': 0.05, 'num_leaves': 63, 'min_child_samples': 20, 'subsample': 0.8, 'subsample_freq': 1} k*=50 inner_LL=0.437461 (10.2s)
[11:29:21]     lgbm fold=5 {'learning_rate': 0.05, 'num_leaves': 127, 'min_child_samples': 20, 'subsample': 0.8, 'subsample_freq': 1} k*=50 inner_LL=0.437321 (10.4s)
[11:29:31]     lgbm fold=5 {'learning_rate': 0.1, 'num_leaves': 63, 'min_child_samples': 20, 'subsample': 0.8, 'subsample_freq': 1} k*=25 inner_LL=0.437523 (10.0s)
[11:29:42]     lgbm fold=5 {'learning_rate': 0.1, 'num_leaves': 127, 'min_child_samples': 20, 'subsample': 0.8, 'subsample_freq': 1} k*=25 inner_LL=0.437816 (11.2s)
[11:29:42]   42_weather_on_lightgbm_tuned fold=5 params={'learning_rate': 0.03, 'num_leaves': 63, 'min_child_samples': 20, 'subsample': 0.8, 'subsample_freq': 0, 'n_estimators': 150} edge={'learning_rate': 'low', 'num_leaves': None, 'min_child_samples': 'low', 'n_estimators': None} thr=0.23 (261.1s)
[11:29:46] DONE seed=42 weather_on/lightgbm_tuned MacroF1=0.600827 LL=0.436023 AUC=0.674670 P1=0.3384 R1=0.3529 (1273s)
[11:29:46] START seed=1 weather_on/random_forest_tuned
[11:30:06]     rf[weather_on] fold=1 {'min_samples_leaf': 10, 'max_features': 0.5} inner_LL=0.432377 (19.2s)
[11:30:32]     rf[weather_on] fold=1 {'min_samples_leaf': 10, 'max_features': 0.7} inner_LL=0.432984 (26.6s)
[11:31:11]     rf[weather_on] fold=1 {'min_samples_leaf': 10, 'max_features': 1.0} inner_LL=0.433509 (39.0s)
[11:31:28]     rf[weather_on] fold=1 {'min_samples_leaf': 25, 'max_features': 0.5} inner_LL=0.431492 (17.2s)
[11:31:51]     rf[weather_on] fold=1 {'min_samples_leaf': 25, 'max_features': 0.7} inner_LL=0.431978 (22.6s)
[11:32:24]     rf[weather_on] fold=1 {'min_samples_leaf': 25, 'max_features': 1.0} inner_LL=0.432269 (33.1s)
[11:32:39]     rf[weather_on] fold=1 {'min_samples_leaf': 50, 'max_features': 0.5} inner_LL=0.432390 (15.1s)
[11:33:00]     rf[weather_on] fold=1 {'min_samples_leaf': 50, 'max_features': 0.7} inner_LL=0.432476 (20.3s)
[11:33:29]     rf[weather_on] fold=1 {'min_samples_leaf': 50, 'max_features': 1.0} inner_LL=0.432441 (29.5s)
[11:33:29]   1_weather_on_random_forest_tuned fold=1 params={'min_samples_leaf': 25, 'max_features': 0.5} edge={'min_samples_leaf': None, 'max_features': 'low'} thr=0.25 (223.3s)
[11:33:50]     rf[weather_on] fold=2 {'min_samples_leaf': 10, 'max_features': 0.5} inner_LL=0.430221 (20.0s)
[11:34:17]     rf[weather_on] fold=2 {'min_samples_leaf': 10, 'max_features': 0.7} inner_LL=0.430928 (27.6s)
[11:34:57]     rf[weather_on] fold=2 {'min_samples_leaf': 10, 'max_features': 1.0} inner_LL=0.432074 (39.8s)
[11:35:14]     rf[weather_on] fold=2 {'min_samples_leaf': 25, 'max_features': 0.5} inner_LL=0.429560 (16.6s)
[11:35:37]     rf[weather_on] fold=2 {'min_samples_leaf': 25, 'max_features': 0.7} inner_LL=0.429355 (23.2s)
[11:36:10]     rf[weather_on] fold=2 {'min_samples_leaf': 25, 'max_features': 1.0} inner_LL=0.430137 (33.2s)
[11:36:26]     rf[weather_on] fold=2 {'min_samples_leaf': 50, 'max_features': 0.5} inner_LL=0.429470 (16.0s)
[11:36:46]     rf[weather_on] fold=2 {'min_samples_leaf': 50, 'max_features': 0.7} inner_LL=0.429454 (20.0s)
[11:37:17]     rf[weather_on] fold=2 {'min_samples_leaf': 50, 'max_features': 1.0} inner_LL=0.429887 (30.6s)
[11:37:17]   1_weather_on_random_forest_tuned fold=2 params={'min_samples_leaf': 25, 'max_features': 0.7} edge={'min_samples_leaf': None, 'max_features': None} thr=0.25 (227.7s)
[11:37:37]     rf[weather_on] fold=3 {'min_samples_leaf': 10, 'max_features': 0.5} inner_LL=0.429258 (19.8s)
[11:38:04]     rf[weather_on] fold=3 {'min_samples_leaf': 10, 'max_features': 0.7} inner_LL=0.429669 (26.9s)
[11:38:42]     rf[weather_on] fold=3 {'min_samples_leaf': 10, 'max_features': 1.0} inner_LL=0.430301 (37.9s)
[11:39:00]     rf[weather_on] fold=3 {'min_samples_leaf': 25, 'max_features': 0.5} inner_LL=0.429008 (18.3s)
[11:39:23]     rf[weather_on] fold=3 {'min_samples_leaf': 25, 'max_features': 0.7} inner_LL=0.428789 (22.5s)
[11:39:55]     rf[weather_on] fold=3 {'min_samples_leaf': 25, 'max_features': 1.0} inner_LL=0.428878 (32.2s)
[11:40:10]     rf[weather_on] fold=3 {'min_samples_leaf': 50, 'max_features': 0.5} inner_LL=0.429551 (14.9s)
[11:40:31]     rf[weather_on] fold=3 {'min_samples_leaf': 50, 'max_features': 0.7} inner_LL=0.429307 (20.8s)
[11:41:02]     rf[weather_on] fold=3 {'min_samples_leaf': 50, 'max_features': 1.0} inner_LL=0.429254 (31.0s)
[11:41:02]   1_weather_on_random_forest_tuned fold=3 params={'min_samples_leaf': 25, 'max_features': 0.7} edge={'min_samples_leaf': None, 'max_features': None} thr=0.25 (224.9s)
[11:41:22]     rf[weather_on] fold=4 {'min_samples_leaf': 10, 'max_features': 0.5} inner_LL=0.432122 (19.5s)
[11:41:48]     rf[weather_on] fold=4 {'min_samples_leaf': 10, 'max_features': 0.7} inner_LL=0.432562 (26.2s)
[11:42:25]     rf[weather_on] fold=4 {'min_samples_leaf': 10, 'max_features': 1.0} inner_LL=0.433241 (37.1s)
[11:42:42]     rf[weather_on] fold=4 {'min_samples_leaf': 25, 'max_features': 0.5} inner_LL=0.431133 (17.2s)
[11:43:05]     rf[weather_on] fold=4 {'min_samples_leaf': 25, 'max_features': 0.7} inner_LL=0.431654 (22.9s)
[11:43:38]     rf[weather_on] fold=4 {'min_samples_leaf': 25, 'max_features': 1.0} inner_LL=0.431811 (32.9s)
[11:43:53]     rf[weather_on] fold=4 {'min_samples_leaf': 50, 'max_features': 0.5} inner_LL=0.431298 (15.2s)
[11:44:14]     rf[weather_on] fold=4 {'min_samples_leaf': 50, 'max_features': 0.7} inner_LL=0.431660 (20.6s)
[11:44:44]     rf[weather_on] fold=4 {'min_samples_leaf': 50, 'max_features': 1.0} inner_LL=0.431753 (29.5s)
[11:44:44]   1_weather_on_random_forest_tuned fold=4 params={'min_samples_leaf': 25, 'max_features': 0.5} edge={'min_samples_leaf': None, 'max_features': 'low'} thr=0.28 (221.8s)
[11:45:03]     rf[weather_on] fold=5 {'min_samples_leaf': 10, 'max_features': 0.5} inner_LL=0.433492 (19.2s)
[11:45:29]     rf[weather_on] fold=5 {'min_samples_leaf': 10, 'max_features': 0.7} inner_LL=0.434726 (25.7s)
[11:46:09]     rf[weather_on] fold=5 {'min_samples_leaf': 10, 'max_features': 1.0} inner_LL=0.434560 (39.6s)
[11:46:26]     rf[weather_on] fold=5 {'min_samples_leaf': 25, 'max_features': 0.5} inner_LL=0.432467 (17.6s)
[11:46:51]     rf[weather_on] fold=5 {'min_samples_leaf': 25, 'max_features': 0.7} inner_LL=0.432781 (24.2s)
[11:47:24]     rf[weather_on] fold=5 {'min_samples_leaf': 25, 'max_features': 1.0} inner_LL=0.433239 (33.8s)
[11:47:40]     rf[weather_on] fold=5 {'min_samples_leaf': 50, 'max_features': 0.5} inner_LL=0.432739 (15.4s)
[11:48:00]     rf[weather_on] fold=5 {'min_samples_leaf': 50, 'max_features': 0.7} inner_LL=0.432672 (20.4s)
[11:48:30]     rf[weather_on] fold=5 {'min_samples_leaf': 50, 'max_features': 1.0} inner_LL=0.432963 (30.0s)
[11:48:30]   1_weather_on_random_forest_tuned fold=5 params={'min_samples_leaf': 25, 'max_features': 0.5} edge={'min_samples_leaf': None, 'max_features': 'low'} thr=0.25 (226.6s)
[11:48:34] DONE seed=1 weather_on/random_forest_tuned MacroF1=0.607277 LL=0.432011 AUC=0.686721 P1=0.3468 R1=0.3689 (1124s)
[11:48:34] START seed=1 weather_off/random_forest_tuned
[11:48:47]     rf[weather_off] fold=1 {'min_samples_leaf': 10, 'max_features': 0.5} inner_LL=0.447181 (12.1s)
[11:49:05]     rf[weather_off] fold=1 {'min_samples_leaf': 10, 'max_features': 0.7} inner_LL=0.447534 (18.0s)
[11:49:28]     rf[weather_off] fold=1 {'min_samples_leaf': 10, 'max_features': 1.0} inner_LL=0.448233 (23.3s)
[11:49:38]     rf[weather_off] fold=1 {'min_samples_leaf': 25, 'max_features': 0.5} inner_LL=0.444918 (10.3s)
[11:49:52]     rf[weather_off] fold=1 {'min_samples_leaf': 25, 'max_features': 0.7} inner_LL=0.445106 (14.0s)
[11:50:12]     rf[weather_off] fold=1 {'min_samples_leaf': 25, 'max_features': 1.0} inner_LL=0.445623 (20.1s)
[11:50:22]     rf[weather_off] fold=1 {'min_samples_leaf': 50, 'max_features': 0.5} inner_LL=0.444240 (9.2s)
[11:50:34]     rf[weather_off] fold=1 {'min_samples_leaf': 50, 'max_features': 0.7} inner_LL=0.444432 (12.6s)
[11:50:52]     rf[weather_off] fold=1 {'min_samples_leaf': 50, 'max_features': 1.0} inner_LL=0.444547 (17.4s)
[11:50:52]   1_weather_off_random_forest_tuned fold=1 params={'min_samples_leaf': 50, 'max_features': 0.5} edge={'min_samples_leaf': 'high', 'max_features': 'low'} thr=0.23 (137.7s)
[11:51:04]     rf[weather_off] fold=2 {'min_samples_leaf': 10, 'max_features': 0.5} inner_LL=0.444498 (11.7s)
[11:51:20]     rf[weather_off] fold=2 {'min_samples_leaf': 10, 'max_features': 0.7} inner_LL=0.444655 (16.1s)
[11:51:43]     rf[weather_off] fold=2 {'min_samples_leaf': 10, 'max_features': 1.0} inner_LL=0.445423 (23.5s)
[11:51:54]     rf[weather_off] fold=2 {'min_samples_leaf': 25, 'max_features': 0.5} inner_LL=0.441864 (10.6s)
[11:52:09]     rf[weather_off] fold=2 {'min_samples_leaf': 25, 'max_features': 0.7} inner_LL=0.442289 (14.8s)
[11:52:29]     rf[weather_off] fold=2 {'min_samples_leaf': 25, 'max_features': 1.0} inner_LL=0.442538 (20.2s)
[11:52:38]     rf[weather_off] fold=2 {'min_samples_leaf': 50, 'max_features': 0.5} inner_LL=0.441169 (9.3s)
[11:52:52]     rf[weather_off] fold=2 {'min_samples_leaf': 50, 'max_features': 0.7} inner_LL=0.441440 (13.4s)
[11:53:10]     rf[weather_off] fold=2 {'min_samples_leaf': 50, 'max_features': 1.0} inner_LL=0.441618 (18.5s)
[11:53:11]   1_weather_off_random_forest_tuned fold=2 params={'min_samples_leaf': 50, 'max_features': 0.5} edge={'min_samples_leaf': 'high', 'max_features': 'low'} thr=0.24 (138.7s)
[11:53:23]     rf[weather_off] fold=3 {'min_samples_leaf': 10, 'max_features': 0.5} inner_LL=0.444316 (12.0s)
[11:53:39]     rf[weather_off] fold=3 {'min_samples_leaf': 10, 'max_features': 0.7} inner_LL=0.444502 (16.2s)
[11:54:03]     rf[weather_off] fold=3 {'min_samples_leaf': 10, 'max_features': 1.0} inner_LL=0.445384 (23.7s)
[11:54:13]     rf[weather_off] fold=3 {'min_samples_leaf': 25, 'max_features': 0.5} inner_LL=0.442362 (10.5s)
[11:54:27]     rf[weather_off] fold=3 {'min_samples_leaf': 25, 'max_features': 0.7} inner_LL=0.442925 (14.2s)
[11:54:48]     rf[weather_off] fold=3 {'min_samples_leaf': 25, 'max_features': 1.0} inner_LL=0.443033 (20.2s)
[11:54:57]     rf[weather_off] fold=3 {'min_samples_leaf': 50, 'max_features': 0.5} inner_LL=0.441968 (9.4s)
[11:55:10]     rf[weather_off] fold=3 {'min_samples_leaf': 50, 'max_features': 0.7} inner_LL=0.442224 (13.1s)
[11:55:29]     rf[weather_off] fold=3 {'min_samples_leaf': 50, 'max_features': 1.0} inner_LL=0.442294 (18.5s)
[11:55:29]   1_weather_off_random_forest_tuned fold=3 params={'min_samples_leaf': 50, 'max_features': 0.5} edge={'min_samples_leaf': 'high', 'max_features': 'low'} thr=0.25 (138.4s)
[11:55:41]     rf[weather_off] fold=4 {'min_samples_leaf': 10, 'max_features': 0.5} inner_LL=0.445041 (12.1s)
[11:55:58]     rf[weather_off] fold=4 {'min_samples_leaf': 10, 'max_features': 0.7} inner_LL=0.445591 (16.5s)
[11:56:21]     rf[weather_off] fold=4 {'min_samples_leaf': 10, 'max_features': 1.0} inner_LL=0.445806 (23.5s)
[11:56:32]     rf[weather_off] fold=4 {'min_samples_leaf': 25, 'max_features': 0.5} inner_LL=0.443111 (10.6s)
[11:56:46]     rf[weather_off] fold=4 {'min_samples_leaf': 25, 'max_features': 0.7} inner_LL=0.443219 (14.3s)
[11:57:06]     rf[weather_off] fold=4 {'min_samples_leaf': 25, 'max_features': 1.0} inner_LL=0.443375 (19.9s)
[11:57:16]     rf[weather_off] fold=4 {'min_samples_leaf': 50, 'max_features': 0.5} inner_LL=0.442395 (9.4s)
[11:57:28]     rf[weather_off] fold=4 {'min_samples_leaf': 50, 'max_features': 0.7} inner_LL=0.442570 (12.7s)
[11:57:46]     rf[weather_off] fold=4 {'min_samples_leaf': 50, 'max_features': 1.0} inner_LL=0.442550 (18.0s)
[11:57:47]   1_weather_off_random_forest_tuned fold=4 params={'min_samples_leaf': 50, 'max_features': 0.5} edge={'min_samples_leaf': 'high', 'max_features': 'low'} thr=0.24 (137.7s)
[11:57:58]     rf[weather_off] fold=5 {'min_samples_leaf': 10, 'max_features': 0.5} inner_LL=0.447579 (11.6s)
[11:58:15]     rf[weather_off] fold=5 {'min_samples_leaf': 10, 'max_features': 0.7} inner_LL=0.448538 (16.2s)
[11:58:37]     rf[weather_off] fold=5 {'min_samples_leaf': 10, 'max_features': 1.0} inner_LL=0.448859 (22.7s)
[11:58:48]     rf[weather_off] fold=5 {'min_samples_leaf': 25, 'max_features': 0.5} inner_LL=0.444867 (10.5s)
[11:59:02]     rf[weather_off] fold=5 {'min_samples_leaf': 25, 'max_features': 0.7} inner_LL=0.445437 (14.3s)
[11:59:22]     rf[weather_off] fold=5 {'min_samples_leaf': 25, 'max_features': 1.0} inner_LL=0.445549 (19.9s)
[11:59:31]     rf[weather_off] fold=5 {'min_samples_leaf': 50, 'max_features': 0.5} inner_LL=0.444061 (9.3s)
[11:59:44]     rf[weather_off] fold=5 {'min_samples_leaf': 50, 'max_features': 0.7} inner_LL=0.444357 (12.7s)
[12:00:02]     rf[weather_off] fold=5 {'min_samples_leaf': 50, 'max_features': 1.0} inner_LL=0.444519 (17.9s)
[12:00:02]   1_weather_off_random_forest_tuned fold=5 params={'min_samples_leaf': 50, 'max_features': 0.5} edge={'min_samples_leaf': 'high', 'max_features': 'low'} thr=0.23 (135.5s)
[12:00:06] DONE seed=1 weather_off/random_forest_tuned MacroF1=0.582969 LL=0.443418 AUC=0.654927 P1=0.3016 R1=0.3546 (688s)
[12:00:06] START seed=1 weather_on/lightgbm_tuned
[12:00:16]     lgbm fold=1 {'learning_rate': 0.03, 'num_leaves': 31, 'min_child_samples': 20, 'subsample': 0.8, 'subsample_freq': 0} k*=150 inner_LL=0.437015 (10.1s)
[12:00:26]     lgbm fold=1 {'learning_rate': 0.03, 'num_leaves': 31, 'min_child_samples': 100, 'subsample': 0.8, 'subsample_freq': 0} k*=150 inner_LL=0.437744 (10.1s)
[12:00:37]     lgbm fold=1 {'learning_rate': 0.03, 'num_leaves': 63, 'min_child_samples': 20, 'subsample': 0.8, 'subsample_freq': 0} k*=150 inner_LL=0.437010 (11.2s)
[12:00:48]     lgbm fold=1 {'learning_rate': 0.03, 'num_leaves': 63, 'min_child_samples': 100, 'subsample': 0.8, 'subsample_freq': 0} k*=150 inner_LL=0.437243 (10.7s)
[12:01:00]     lgbm fold=1 {'learning_rate': 0.03, 'num_leaves': 127, 'min_child_samples': 20, 'subsample': 0.8, 'subsample_freq': 0} k*=150 inner_LL=0.436846 (12.3s)
[12:01:11]     lgbm fold=1 {'learning_rate': 0.03, 'num_leaves': 127, 'min_child_samples': 100, 'subsample': 0.8, 'subsample_freq': 0} k*=150 inner_LL=0.437220 (11.0s)
[12:01:22]     lgbm fold=1 {'learning_rate': 0.05, 'num_leaves': 31, 'min_child_samples': 20, 'subsample': 0.8, 'subsample_freq': 0} k*=150 inner_LL=0.437808 (10.4s)
[12:01:32]     lgbm fold=1 {'learning_rate': 0.05, 'num_leaves': 31, 'min_child_samples': 100, 'subsample': 0.8, 'subsample_freq': 0} k*=100 inner_LL=0.437653 (10.2s)
[12:01:44]     lgbm fold=1 {'learning_rate': 0.05, 'num_leaves': 63, 'min_child_samples': 20, 'subsample': 0.8, 'subsample_freq': 0} k*=150 inner_LL=0.437060 (12.1s)
[12:01:56]     lgbm fold=1 {'learning_rate': 0.05, 'num_leaves': 63, 'min_child_samples': 100, 'subsample': 0.8, 'subsample_freq': 0} k*=100 inner_LL=0.437175 (12.2s)
[12:02:10]     lgbm fold=1 {'learning_rate': 0.05, 'num_leaves': 127, 'min_child_samples': 20, 'subsample': 0.8, 'subsample_freq': 0} k*=150 inner_LL=0.437180 (13.6s)
[12:02:22]     lgbm fold=1 {'learning_rate': 0.05, 'num_leaves': 127, 'min_child_samples': 100, 'subsample': 0.8, 'subsample_freq': 0} k*=100 inner_LL=0.437334 (12.0s)
[12:02:32]     lgbm fold=1 {'learning_rate': 0.1, 'num_leaves': 31, 'min_child_samples': 20, 'subsample': 0.8, 'subsample_freq': 0} k*=50 inner_LL=0.437656 (10.3s)
[12:02:42]     lgbm fold=1 {'learning_rate': 0.1, 'num_leaves': 31, 'min_child_samples': 100, 'subsample': 0.8, 'subsample_freq': 0} k*=50 inner_LL=0.438775 (10.2s)
[12:02:53]     lgbm fold=1 {'learning_rate': 0.1, 'num_leaves': 63, 'min_child_samples': 20, 'subsample': 0.8, 'subsample_freq': 0} k*=50 inner_LL=0.437818 (10.6s)
[12:03:02]     lgbm fold=1 {'learning_rate': 0.1, 'num_leaves': 63, 'min_child_samples': 100, 'subsample': 0.8, 'subsample_freq': 0} k*=50 inner_LL=0.437780 (9.3s)
[12:03:12]     lgbm fold=1 {'learning_rate': 0.1, 'num_leaves': 127, 'min_child_samples': 20, 'subsample': 0.8, 'subsample_freq': 0} k*=25 inner_LL=0.438262 (10.0s)
[12:03:22]     lgbm fold=1 {'learning_rate': 0.1, 'num_leaves': 127, 'min_child_samples': 100, 'subsample': 0.8, 'subsample_freq': 0} k*=50 inner_LL=0.438779 (9.9s)
[12:03:33]     lgbm fold=1 {'learning_rate': 0.03, 'num_leaves': 63, 'min_child_samples': 20, 'subsample': 0.8, 'subsample_freq': 1} k*=150 inner_LL=0.437343 (10.7s)
[12:03:44]     lgbm fold=1 {'learning_rate': 0.03, 'num_leaves': 127, 'min_child_samples': 20, 'subsample': 0.8, 'subsample_freq': 1} k*=150 inner_LL=0.437693 (10.8s)
[12:03:55]     lgbm fold=1 {'learning_rate': 0.05, 'num_leaves': 63, 'min_child_samples': 20, 'subsample': 0.8, 'subsample_freq': 1} k*=50 inner_LL=0.437974 (11.1s)
[12:04:06]     lgbm fold=1 {'learning_rate': 0.05, 'num_leaves': 127, 'min_child_samples': 20, 'subsample': 0.8, 'subsample_freq': 1} k*=50 inner_LL=0.437680 (11.1s)
[12:04:16]     lgbm fold=1 {'learning_rate': 0.1, 'num_leaves': 63, 'min_child_samples': 20, 'subsample': 0.8, 'subsample_freq': 1} k*=25 inner_LL=0.438915 (9.7s)
[12:04:26]     lgbm fold=1 {'learning_rate': 0.1, 'num_leaves': 127, 'min_child_samples': 20, 'subsample': 0.8, 'subsample_freq': 1} k*=25 inner_LL=0.438845 (10.3s)
[12:04:26]   1_weather_on_lightgbm_tuned fold=1 params={'learning_rate': 0.03, 'num_leaves': 127, 'min_child_samples': 20, 'subsample': 0.8, 'subsample_freq': 0, 'n_estimators': 150} edge={'learning_rate': 'low', 'num_leaves': 'high', 'min_child_samples': 'low', 'n_estimators': None} thr=0.23 (260.2s)
[12:04:36]     lgbm fold=2 {'learning_rate': 0.03, 'num_leaves': 31, 'min_child_samples': 20, 'subsample': 0.8, 'subsample_freq': 0} k*=150 inner_LL=0.434373 (9.5s)
[12:04:45]     lgbm fold=2 {'learning_rate': 0.03, 'num_leaves': 31, 'min_child_samples': 100, 'subsample': 0.8, 'subsample_freq': 0} k*=150 inner_LL=0.434586 (9.4s)
[12:04:56]     lgbm fold=2 {'learning_rate': 0.03, 'num_leaves': 63, 'min_child_samples': 20, 'subsample': 0.8, 'subsample_freq': 0} k*=150 inner_LL=0.434165 (11.4s)
[12:05:08]     lgbm fold=2 {'learning_rate': 0.03, 'num_leaves': 63, 'min_child_samples': 100, 'subsample': 0.8, 'subsample_freq': 0} k*=150 inner_LL=0.434965 (11.4s)
[12:05:19]     lgbm fold=2 {'learning_rate': 0.03, 'num_leaves': 127, 'min_child_samples': 20, 'subsample': 0.8, 'subsample_freq': 0} k*=150 inner_LL=0.434092 (11.2s)
[12:05:30]     lgbm fold=2 {'learning_rate': 0.03, 'num_leaves': 127, 'min_child_samples': 100, 'subsample': 0.8, 'subsample_freq': 0} k*=150 inner_LL=0.434751 (11.1s)
[12:05:40]     lgbm fold=2 {'learning_rate': 0.05, 'num_leaves': 31, 'min_child_samples': 20, 'subsample': 0.8, 'subsample_freq': 0} k*=100 inner_LL=0.434982 (10.2s)
[12:05:50]     lgbm fold=2 {'learning_rate': 0.05, 'num_leaves': 31, 'min_child_samples': 100, 'subsample': 0.8, 'subsample_freq': 0} k*=100 inner_LL=0.435042 (10.1s)
[12:06:01]     lgbm fold=2 {'learning_rate': 0.05, 'num_leaves': 63, 'min_child_samples': 20, 'subsample': 0.8, 'subsample_freq': 0} k*=75 inner_LL=0.434355 (10.3s)
[12:06:11]     lgbm fold=2 {'learning_rate': 0.05, 'num_leaves': 63, 'min_child_samples': 100, 'subsample': 0.8, 'subsample_freq': 0} k*=100 inner_LL=0.434640 (10.2s)
[12:06:22]     lgbm fold=2 {'learning_rate': 0.05, 'num_leaves': 127, 'min_child_samples': 20, 'subsample': 0.8, 'subsample_freq': 0} k*=150 inner_LL=0.434483 (11.0s)
[12:06:32]     lgbm fold=2 {'learning_rate': 0.05, 'num_leaves': 127, 'min_child_samples': 100, 'subsample': 0.8, 'subsample_freq': 0} k*=100 inner_LL=0.434165 (10.2s)
[12:06:42]     lgbm fold=2 {'learning_rate': 0.1, 'num_leaves': 31, 'min_child_samples': 20, 'subsample': 0.8, 'subsample_freq': 0} k*=50 inner_LL=0.435351 (9.8s)
[12:06:52]     lgbm fold=2 {'learning_rate': 0.1, 'num_leaves': 31, 'min_child_samples': 100, 'subsample': 0.8, 'subsample_freq': 0} k*=50 inner_LL=0.435294 (9.8s)
[12:07:02]     lgbm fold=2 {'learning_rate': 0.1, 'num_leaves': 63, 'min_child_samples': 20, 'subsample': 0.8, 'subsample_freq': 0} k*=50 inner_LL=0.435429 (10.1s)
[12:07:13]     lgbm fold=2 {'learning_rate': 0.1, 'num_leaves': 63, 'min_child_samples': 100, 'subsample': 0.8, 'subsample_freq': 0} k*=50 inner_LL=0.435787 (11.0s)
[12:07:24]     lgbm fold=2 {'learning_rate': 0.1, 'num_leaves': 127, 'min_child_samples': 20, 'subsample': 0.8, 'subsample_freq': 0} k*=50 inner_LL=0.435535 (10.6s)
[12:07:34]     lgbm fold=2 {'learning_rate': 0.1, 'num_leaves': 127, 'min_child_samples': 100, 'subsample': 0.8, 'subsample_freq': 0} k*=50 inner_LL=0.435555 (10.2s)
[12:07:43]     lgbm fold=2 {'learning_rate': 0.03, 'num_leaves': 63, 'min_child_samples': 20, 'subsample': 0.8, 'subsample_freq': 1} k*=150 inner_LL=0.434632 (9.6s)
[12:07:54]     lgbm fold=2 {'learning_rate': 0.03, 'num_leaves': 127, 'min_child_samples': 20, 'subsample': 0.8, 'subsample_freq': 1} k*=150 inner_LL=0.434322 (11.0s)
[12:08:04]     lgbm fold=2 {'learning_rate': 0.05, 'num_leaves': 63, 'min_child_samples': 20, 'subsample': 0.8, 'subsample_freq': 1} k*=75 inner_LL=0.435708 (9.8s)
[12:08:14]     lgbm fold=2 {'learning_rate': 0.05, 'num_leaves': 127, 'min_child_samples': 20, 'subsample': 0.8, 'subsample_freq': 1} k*=75 inner_LL=0.434829 (10.1s)
[12:08:24]     lgbm fold=2 {'learning_rate': 0.1, 'num_leaves': 63, 'min_child_samples': 20, 'subsample': 0.8, 'subsample_freq': 1} k*=50 inner_LL=0.435652 (10.1s)
[12:08:35]     lgbm fold=2 {'learning_rate': 0.1, 'num_leaves': 127, 'min_child_samples': 20, 'subsample': 0.8, 'subsample_freq': 1} k*=50 inner_LL=0.436468 (10.2s)
[12:08:35]   1_weather_on_lightgbm_tuned fold=2 params={'learning_rate': 0.03, 'num_leaves': 127, 'min_child_samples': 20, 'subsample': 0.8, 'subsample_freq': 0, 'n_estimators': 150} edge={'learning_rate': 'low', 'num_leaves': 'high', 'min_child_samples': 'low', 'n_estimators': None} thr=0.23 (248.6s)
[12:08:45]     lgbm fold=3 {'learning_rate': 0.03, 'num_leaves': 31, 'min_child_samples': 20, 'subsample': 0.8, 'subsample_freq': 0} k*=150 inner_LL=0.434951 (10.2s)
[12:08:55]     lgbm fold=3 {'learning_rate': 0.03, 'num_leaves': 31, 'min_child_samples': 100, 'subsample': 0.8, 'subsample_freq': 0} k*=150 inner_LL=0.435136 (10.3s)
[12:09:06]     lgbm fold=3 {'learning_rate': 0.03, 'num_leaves': 63, 'min_child_samples': 20, 'subsample': 0.8, 'subsample_freq': 0} k*=150 inner_LL=0.434185 (10.3s)
[12:09:15]     lgbm fold=3 {'learning_rate': 0.03, 'num_leaves': 63, 'min_child_samples': 100, 'subsample': 0.8, 'subsample_freq': 0} k*=150 inner_LL=0.434679 (9.7s)
[12:09:27]     lgbm fold=3 {'learning_rate': 0.03, 'num_leaves': 127, 'min_child_samples': 20, 'subsample': 0.8, 'subsample_freq': 0} k*=150 inner_LL=0.434464 (11.9s)
[12:09:38]     lgbm fold=3 {'learning_rate': 0.03, 'num_leaves': 127, 'min_child_samples': 100, 'subsample': 0.8, 'subsample_freq': 0} k*=150 inner_LL=0.434590 (11.2s)
[12:09:48]     lgbm fold=3 {'learning_rate': 0.05, 'num_leaves': 31, 'min_child_samples': 20, 'subsample': 0.8, 'subsample_freq': 0} k*=75 inner_LL=0.435290 (9.9s)
[12:09:58]     lgbm fold=3 {'learning_rate': 0.05, 'num_leaves': 31, 'min_child_samples': 100, 'subsample': 0.8, 'subsample_freq': 0} k*=100 inner_LL=0.435433 (10.0s)
[12:10:09]     lgbm fold=3 {'learning_rate': 0.05, 'num_leaves': 63, 'min_child_samples': 20, 'subsample': 0.8, 'subsample_freq': 0} k*=100 inner_LL=0.434652 (10.6s)
[12:10:19]     lgbm fold=3 {'learning_rate': 0.05, 'num_leaves': 63, 'min_child_samples': 100, 'subsample': 0.8, 'subsample_freq': 0} k*=100 inner_LL=0.434254 (10.3s)
[12:10:31]     lgbm fold=3 {'learning_rate': 0.05, 'num_leaves': 127, 'min_child_samples': 20, 'subsample': 0.8, 'subsample_freq': 0} k*=100 inner_LL=0.434757 (11.7s)
[12:10:41]     lgbm fold=3 {'learning_rate': 0.05, 'num_leaves': 127, 'min_child_samples': 100, 'subsample': 0.8, 'subsample_freq': 0} k*=100 inner_LL=0.435162 (10.3s)
[12:10:51]     lgbm fold=3 {'learning_rate': 0.1, 'num_leaves': 31, 'min_child_samples': 20, 'subsample': 0.8, 'subsample_freq': 0} k*=50 inner_LL=0.435142 (9.4s)
[12:11:00]     lgbm fold=3 {'learning_rate': 0.1, 'num_leaves': 31, 'min_child_samples': 100, 'subsample': 0.8, 'subsample_freq': 0} k*=50 inner_LL=0.436283 (9.3s)
[12:11:10]     lgbm fold=3 {'learning_rate': 0.1, 'num_leaves': 63, 'min_child_samples': 20, 'subsample': 0.8, 'subsample_freq': 0} k*=50 inner_LL=0.435020 (10.3s)
[12:11:20]     lgbm fold=3 {'learning_rate': 0.1, 'num_leaves': 63, 'min_child_samples': 100, 'subsample': 0.8, 'subsample_freq': 0} k*=25 inner_LL=0.436434 (10.1s)
[12:11:31]     lgbm fold=3 {'learning_rate': 0.1, 'num_leaves': 127, 'min_child_samples': 20, 'subsample': 0.8, 'subsample_freq': 0} k*=25 inner_LL=0.435428 (11.2s)
[12:11:42]     lgbm fold=3 {'learning_rate': 0.1, 'num_leaves': 127, 'min_child_samples': 100, 'subsample': 0.8, 'subsample_freq': 0} k*=50 inner_LL=0.436300 (10.2s)
[12:11:51]     lgbm fold=3 {'learning_rate': 0.03, 'num_leaves': 63, 'min_child_samples': 20, 'subsample': 0.8, 'subsample_freq': 1} k*=150 inner_LL=0.435311 (9.7s)
[12:12:02]     lgbm fold=3 {'learning_rate': 0.03, 'num_leaves': 127, 'min_child_samples': 20, 'subsample': 0.8, 'subsample_freq': 1} k*=150 inner_LL=0.435096 (10.7s)
[12:12:11]     lgbm fold=3 {'learning_rate': 0.05, 'num_leaves': 63, 'min_child_samples': 20, 'subsample': 0.8, 'subsample_freq': 1} k*=75 inner_LL=0.436195 (9.2s)
[12:12:21]     lgbm fold=3 {'learning_rate': 0.05, 'num_leaves': 127, 'min_child_samples': 20, 'subsample': 0.8, 'subsample_freq': 1} k*=50 inner_LL=0.435625 (10.0s)
[12:12:31]     lgbm fold=3 {'learning_rate': 0.1, 'num_leaves': 63, 'min_child_samples': 20, 'subsample': 0.8, 'subsample_freq': 1} k*=25 inner_LL=0.436361 (10.2s)
[12:12:43]     lgbm fold=3 {'learning_rate': 0.1, 'num_leaves': 127, 'min_child_samples': 20, 'subsample': 0.8, 'subsample_freq': 1} k*=25 inner_LL=0.437220 (11.6s)
[12:12:43]   1_weather_on_lightgbm_tuned fold=3 params={'learning_rate': 0.03, 'num_leaves': 63, 'min_child_samples': 20, 'subsample': 0.8, 'subsample_freq': 0, 'n_estimators': 150} edge={'learning_rate': 'low', 'num_leaves': None, 'min_child_samples': 'low', 'n_estimators': None} thr=0.23 (248.4s)
[12:12:53]     lgbm fold=4 {'learning_rate': 0.03, 'num_leaves': 31, 'min_child_samples': 20, 'subsample': 0.8, 'subsample_freq': 0} k*=150 inner_LL=0.435466 (10.1s)
[12:13:03]     lgbm fold=4 {'learning_rate': 0.03, 'num_leaves': 31, 'min_child_samples': 100, 'subsample': 0.8, 'subsample_freq': 0} k*=150 inner_LL=0.435649 (10.1s)
[12:13:14]     lgbm fold=4 {'learning_rate': 0.03, 'num_leaves': 63, 'min_child_samples': 20, 'subsample': 0.8, 'subsample_freq': 0} k*=150 inner_LL=0.435261 (10.4s)
[12:13:23]     lgbm fold=4 {'learning_rate': 0.03, 'num_leaves': 63, 'min_child_samples': 100, 'subsample': 0.8, 'subsample_freq': 0} k*=150 inner_LL=0.435392 (9.6s)
[12:13:34]     lgbm fold=4 {'learning_rate': 0.03, 'num_leaves': 127, 'min_child_samples': 20, 'subsample': 0.8, 'subsample_freq': 0} k*=150 inner_LL=0.435231 (10.6s)
[12:13:44]     lgbm fold=4 {'learning_rate': 0.03, 'num_leaves': 127, 'min_child_samples': 100, 'subsample': 0.8, 'subsample_freq': 0} k*=150 inner_LL=0.435270 (10.0s)
[12:13:53]     lgbm fold=4 {'learning_rate': 0.05, 'num_leaves': 31, 'min_child_samples': 20, 'subsample': 0.8, 'subsample_freq': 0} k*=100 inner_LL=0.436131 (9.4s)
[12:14:03]     lgbm fold=4 {'learning_rate': 0.05, 'num_leaves': 31, 'min_child_samples': 100, 'subsample': 0.8, 'subsample_freq': 0} k*=100 inner_LL=0.435848 (9.2s)
[12:14:13]     lgbm fold=4 {'learning_rate': 0.05, 'num_leaves': 63, 'min_child_samples': 20, 'subsample': 0.8, 'subsample_freq': 0} k*=100 inner_LL=0.435831 (10.0s)
[12:14:22]     lgbm fold=4 {'learning_rate': 0.05, 'num_leaves': 63, 'min_child_samples': 100, 'subsample': 0.8, 'subsample_freq': 0} k*=100 inner_LL=0.435301 (9.4s)
[12:14:33]     lgbm fold=4 {'learning_rate': 0.05, 'num_leaves': 127, 'min_child_samples': 20, 'subsample': 0.8, 'subsample_freq': 0} k*=100 inner_LL=0.435833 (10.6s)
[12:14:43]     lgbm fold=4 {'learning_rate': 0.05, 'num_leaves': 127, 'min_child_samples': 100, 'subsample': 0.8, 'subsample_freq': 0} k*=100 inner_LL=0.435784 (10.8s)
[12:14:53]     lgbm fold=4 {'learning_rate': 0.1, 'num_leaves': 31, 'min_child_samples': 20, 'subsample': 0.8, 'subsample_freq': 0} k*=50 inner_LL=0.435760 (9.4s)
[12:15:02]     lgbm fold=4 {'learning_rate': 0.1, 'num_leaves': 31, 'min_child_samples': 100, 'subsample': 0.8, 'subsample_freq': 0} k*=50 inner_LL=0.436182 (9.6s)
[12:15:13]     lgbm fold=4 {'learning_rate': 0.1, 'num_leaves': 63, 'min_child_samples': 20, 'subsample': 0.8, 'subsample_freq': 0} k*=50 inner_LL=0.436044 (10.1s)
[12:15:23]     lgbm fold=4 {'learning_rate': 0.1, 'num_leaves': 63, 'min_child_samples': 100, 'subsample': 0.8, 'subsample_freq': 0} k*=50 inner_LL=0.436577 (10.1s)
[12:15:35]     lgbm fold=4 {'learning_rate': 0.1, 'num_leaves': 127, 'min_child_samples': 20, 'subsample': 0.8, 'subsample_freq': 0} k*=25 inner_LL=0.436421 (12.1s)
[12:15:46]     lgbm fold=4 {'learning_rate': 0.1, 'num_leaves': 127, 'min_child_samples': 100, 'subsample': 0.8, 'subsample_freq': 0} k*=50 inner_LL=0.436951 (11.0s)
[12:15:57]     lgbm fold=4 {'learning_rate': 0.03, 'num_leaves': 63, 'min_child_samples': 20, 'subsample': 0.8, 'subsample_freq': 1} k*=150 inner_LL=0.436375 (10.9s)
[12:16:08]     lgbm fold=4 {'learning_rate': 0.03, 'num_leaves': 127, 'min_child_samples': 20, 'subsample': 0.8, 'subsample_freq': 1} k*=150 inner_LL=0.436427 (11.8s)
[12:16:18]     lgbm fold=4 {'learning_rate': 0.05, 'num_leaves': 63, 'min_child_samples': 20, 'subsample': 0.8, 'subsample_freq': 1} k*=75 inner_LL=0.436935 (9.9s)
[12:16:30]     lgbm fold=4 {'learning_rate': 0.05, 'num_leaves': 127, 'min_child_samples': 20, 'subsample': 0.8, 'subsample_freq': 1} k*=50 inner_LL=0.436604 (11.4s)
[12:16:40]     lgbm fold=4 {'learning_rate': 0.1, 'num_leaves': 63, 'min_child_samples': 20, 'subsample': 0.8, 'subsample_freq': 1} k*=25 inner_LL=0.437258 (10.5s)
[12:16:51]     lgbm fold=4 {'learning_rate': 0.1, 'num_leaves': 127, 'min_child_samples': 20, 'subsample': 0.8, 'subsample_freq': 1} k*=25 inner_LL=0.437860 (11.2s)
[12:16:51]   1_weather_on_lightgbm_tuned fold=4 params={'learning_rate': 0.03, 'num_leaves': 127, 'min_child_samples': 20, 'subsample': 0.8, 'subsample_freq': 0, 'n_estimators': 150} edge={'learning_rate': 'low', 'num_leaves': 'high', 'min_child_samples': 'low', 'n_estimators': None} thr=0.24 (248.5s)
[12:17:02]     lgbm fold=5 {'learning_rate': 0.03, 'num_leaves': 31, 'min_child_samples': 20, 'subsample': 0.8, 'subsample_freq': 0} k*=150 inner_LL=0.436711 (10.4s)
[12:17:13]     lgbm fold=5 {'learning_rate': 0.03, 'num_leaves': 31, 'min_child_samples': 100, 'subsample': 0.8, 'subsample_freq': 0} k*=150 inner_LL=0.437146 (10.9s)
[12:17:25]     lgbm fold=5 {'learning_rate': 0.03, 'num_leaves': 63, 'min_child_samples': 20, 'subsample': 0.8, 'subsample_freq': 0} k*=150 inner_LL=0.436042 (12.5s)
[12:17:36]     lgbm fold=5 {'learning_rate': 0.03, 'num_leaves': 63, 'min_child_samples': 100, 'subsample': 0.8, 'subsample_freq': 0} k*=150 inner_LL=0.436668 (11.1s)
[12:17:48]     lgbm fold=5 {'learning_rate': 0.03, 'num_leaves': 127, 'min_child_samples': 20, 'subsample': 0.8, 'subsample_freq': 0} k*=150 inner_LL=0.436086 (11.8s)
[12:17:59]     lgbm fold=5 {'learning_rate': 0.03, 'num_leaves': 127, 'min_child_samples': 100, 'subsample': 0.8, 'subsample_freq': 0} k*=150 inner_LL=0.436464 (11.0s)
[12:18:09]     lgbm fold=5 {'learning_rate': 0.05, 'num_leaves': 31, 'min_child_samples': 20, 'subsample': 0.8, 'subsample_freq': 0} k*=100 inner_LL=0.437171 (9.6s)
[12:18:18]     lgbm fold=5 {'learning_rate': 0.05, 'num_leaves': 31, 'min_child_samples': 100, 'subsample': 0.8, 'subsample_freq': 0} k*=100 inner_LL=0.436887 (9.5s)
[12:18:29]     lgbm fold=5 {'learning_rate': 0.05, 'num_leaves': 63, 'min_child_samples': 20, 'subsample': 0.8, 'subsample_freq': 0} k*=150 inner_LL=0.436696 (10.6s)
[12:18:39]     lgbm fold=5 {'learning_rate': 0.05, 'num_leaves': 63, 'min_child_samples': 100, 'subsample': 0.8, 'subsample_freq': 0} k*=100 inner_LL=0.436870 (10.5s)
[12:18:51]     lgbm fold=5 {'learning_rate': 0.05, 'num_leaves': 127, 'min_child_samples': 20, 'subsample': 0.8, 'subsample_freq': 0} k*=100 inner_LL=0.437167 (11.4s)
[12:19:01]     lgbm fold=5 {'learning_rate': 0.05, 'num_leaves': 127, 'min_child_samples': 100, 'subsample': 0.8, 'subsample_freq': 0} k*=100 inner_LL=0.436746 (10.5s)
[12:19:11]     lgbm fold=5 {'learning_rate': 0.1, 'num_leaves': 31, 'min_child_samples': 20, 'subsample': 0.8, 'subsample_freq': 0} k*=50 inner_LL=0.437479 (9.5s)
[12:19:21]     lgbm fold=5 {'learning_rate': 0.1, 'num_leaves': 31, 'min_child_samples': 100, 'subsample': 0.8, 'subsample_freq': 0} k*=50 inner_LL=0.437362 (9.8s)
[12:19:32]     lgbm fold=5 {'learning_rate': 0.1, 'num_leaves': 63, 'min_child_samples': 20, 'subsample': 0.8, 'subsample_freq': 0} k*=25 inner_LL=0.437975 (11.2s)
[12:19:42]     lgbm fold=5 {'learning_rate': 0.1, 'num_leaves': 63, 'min_child_samples': 100, 'subsample': 0.8, 'subsample_freq': 0} k*=50 inner_LL=0.438152 (10.4s)
[12:19:53]     lgbm fold=5 {'learning_rate': 0.1, 'num_leaves': 127, 'min_child_samples': 20, 'subsample': 0.8, 'subsample_freq': 0} k*=50 inner_LL=0.437176 (11.3s)
[12:20:04]     lgbm fold=5 {'learning_rate': 0.1, 'num_leaves': 127, 'min_child_samples': 100, 'subsample': 0.8, 'subsample_freq': 0} k*=25 inner_LL=0.437549 (10.8s)
[12:20:15]     lgbm fold=5 {'learning_rate': 0.03, 'num_leaves': 63, 'min_child_samples': 20, 'subsample': 0.8, 'subsample_freq': 1} k*=150 inner_LL=0.436886 (10.7s)
[12:20:26]     lgbm fold=5 {'learning_rate': 0.03, 'num_leaves': 127, 'min_child_samples': 20, 'subsample': 0.8, 'subsample_freq': 1} k*=150 inner_LL=0.436950 (11.0s)
[12:20:37]     lgbm fold=5 {'learning_rate': 0.05, 'num_leaves': 63, 'min_child_samples': 20, 'subsample': 0.8, 'subsample_freq': 1} k*=75 inner_LL=0.437506 (10.9s)
[12:20:48]     lgbm fold=5 {'learning_rate': 0.05, 'num_leaves': 127, 'min_child_samples': 20, 'subsample': 0.8, 'subsample_freq': 1} k*=75 inner_LL=0.437506 (11.3s)
[12:20:59]     lgbm fold=5 {'learning_rate': 0.1, 'num_leaves': 63, 'min_child_samples': 20, 'subsample': 0.8, 'subsample_freq': 1} k*=50 inner_LL=0.438483 (10.4s)
[12:21:09]     lgbm fold=5 {'learning_rate': 0.1, 'num_leaves': 127, 'min_child_samples': 20, 'subsample': 0.8, 'subsample_freq': 1} k*=25 inner_LL=0.438263 (10.2s)
[12:21:09]   1_weather_on_lightgbm_tuned fold=5 params={'learning_rate': 0.03, 'num_leaves': 63, 'min_child_samples': 20, 'subsample': 0.8, 'subsample_freq': 0, 'n_estimators': 150} edge={'learning_rate': 'low', 'num_leaves': None, 'min_child_samples': 'low', 'n_estimators': None} thr=0.23 (257.5s)
[12:21:12] DONE seed=1 weather_on/lightgbm_tuned MacroF1=0.599806 LL=0.435928 AUC=0.675349 P1=0.3334 R1=0.3610 (1263s)
[12:21:12] START seed=7 weather_on/random_forest_tuned
[12:21:31]     rf[weather_on] fold=1 {'min_samples_leaf': 10, 'max_features': 0.5} inner_LL=0.429582 (18.2s)
[12:21:57]     rf[weather_on] fold=1 {'min_samples_leaf': 10, 'max_features': 0.7} inner_LL=0.429609 (25.5s)
[12:22:34]     rf[weather_on] fold=1 {'min_samples_leaf': 10, 'max_features': 1.0} inner_LL=0.430199 (37.6s)
[12:22:50]     rf[weather_on] fold=1 {'min_samples_leaf': 25, 'max_features': 0.5} inner_LL=0.428824 (16.3s)
[12:23:14]     rf[weather_on] fold=1 {'min_samples_leaf': 25, 'max_features': 0.7} inner_LL=0.428937 (23.5s)
[12:23:48]     rf[weather_on] fold=1 {'min_samples_leaf': 25, 'max_features': 1.0} inner_LL=0.429030 (33.6s)
[12:24:05]     rf[weather_on] fold=1 {'min_samples_leaf': 50, 'max_features': 0.5} inner_LL=0.429608 (17.0s)
[12:24:25]     rf[weather_on] fold=1 {'min_samples_leaf': 50, 'max_features': 0.7} inner_LL=0.429436 (20.4s)
[12:24:53]     rf[weather_on] fold=1 {'min_samples_leaf': 50, 'max_features': 1.0} inner_LL=0.429282 (28.5s)
[12:24:54]   7_weather_on_random_forest_tuned fold=1 params={'min_samples_leaf': 25, 'max_features': 0.5} edge={'min_samples_leaf': None, 'max_features': 'low'} thr=0.27 (221.3s)
[12:25:13]     rf[weather_on] fold=2 {'min_samples_leaf': 10, 'max_features': 0.5} inner_LL=0.433111 (18.7s)
[12:25:39]     rf[weather_on] fold=2 {'min_samples_leaf': 10, 'max_features': 0.7} inner_LL=0.433522 (26.0s)
[12:26:17]     rf[weather_on] fold=2 {'min_samples_leaf': 10, 'max_features': 1.0} inner_LL=0.434643 (37.8s)
[12:26:34]     rf[weather_on] fold=2 {'min_samples_leaf': 25, 'max_features': 0.5} inner_LL=0.432455 (17.6s)
[12:26:57]     rf[weather_on] fold=2 {'min_samples_leaf': 25, 'max_features': 0.7} inner_LL=0.432300 (22.7s)
[12:27:29]     rf[weather_on] fold=2 {'min_samples_leaf': 25, 'max_features': 1.0} inner_LL=0.433197 (31.8s)
[12:27:44]     rf[weather_on] fold=2 {'min_samples_leaf': 50, 'max_features': 0.5} inner_LL=0.432628 (14.9s)
[12:28:04]     rf[weather_on] fold=2 {'min_samples_leaf': 50, 'max_features': 0.7} inner_LL=0.432630 (20.5s)
[12:28:34]     rf[weather_on] fold=2 {'min_samples_leaf': 50, 'max_features': 1.0} inner_LL=0.432864 (29.7s)
[12:28:34]   7_weather_on_random_forest_tuned fold=2 params={'min_samples_leaf': 25, 'max_features': 0.7} edge={'min_samples_leaf': None, 'max_features': None} thr=0.26 (220.4s)
[12:28:52]     rf[weather_on] fold=3 {'min_samples_leaf': 10, 'max_features': 0.5} inner_LL=0.433134 (18.0s)
[12:29:17]     rf[weather_on] fold=3 {'min_samples_leaf': 10, 'max_features': 0.7} inner_LL=0.433579 (24.8s)
[12:29:54]     rf[weather_on] fold=3 {'min_samples_leaf': 10, 'max_features': 1.0} inner_LL=0.433585 (37.2s)
[12:30:10]     rf[weather_on] fold=3 {'min_samples_leaf': 25, 'max_features': 0.5} inner_LL=0.432280 (16.0s)
[12:30:32]     rf[weather_on] fold=3 {'min_samples_leaf': 25, 'max_features': 0.7} inner_LL=0.432704 (21.8s)
[12:31:04]     rf[weather_on] fold=3 {'min_samples_leaf': 25, 'max_features': 1.0} inner_LL=0.432660 (31.8s)
[12:31:19]     rf[weather_on] fold=3 {'min_samples_leaf': 50, 'max_features': 0.5} inner_LL=0.432514 (15.0s)
[12:31:39]     rf[weather_on] fold=3 {'min_samples_leaf': 50, 'max_features': 0.7} inner_LL=0.432716 (19.8s)
[12:32:08]     rf[weather_on] fold=3 {'min_samples_leaf': 50, 'max_features': 1.0} inner_LL=0.432925 (29.1s)
[12:32:08]   7_weather_on_random_forest_tuned fold=3 params={'min_samples_leaf': 25, 'max_features': 0.5} edge={'min_samples_leaf': None, 'max_features': 'low'} thr=0.25 (214.2s)
[12:32:27]     rf[weather_on] fold=4 {'min_samples_leaf': 10, 'max_features': 0.5} inner_LL=0.431720 (18.2s)
[12:32:52]     rf[weather_on] fold=4 {'min_samples_leaf': 10, 'max_features': 0.7} inner_LL=0.432096 (24.8s)
[12:33:31]     rf[weather_on] fold=4 {'min_samples_leaf': 10, 'max_features': 1.0} inner_LL=0.432624 (39.6s)
[12:33:49]     rf[weather_on] fold=4 {'min_samples_leaf': 25, 'max_features': 0.5} inner_LL=0.430856 (17.8s)
[12:34:12]     rf[weather_on] fold=4 {'min_samples_leaf': 25, 'max_features': 0.7} inner_LL=0.430961 (22.8s)
[12:34:44]     rf[weather_on] fold=4 {'min_samples_leaf': 25, 'max_features': 1.0} inner_LL=0.431284 (32.3s)
[12:34:59]     rf[weather_on] fold=4 {'min_samples_leaf': 50, 'max_features': 0.5} inner_LL=0.431203 (14.5s)
[12:35:18]     rf[weather_on] fold=4 {'min_samples_leaf': 50, 'max_features': 0.7} inner_LL=0.431140 (19.6s)
[12:35:46]     rf[weather_on] fold=4 {'min_samples_leaf': 50, 'max_features': 1.0} inner_LL=0.431115 (27.9s)
[12:35:47]   7_weather_on_random_forest_tuned fold=4 params={'min_samples_leaf': 25, 'max_features': 0.5} edge={'min_samples_leaf': None, 'max_features': 'low'} thr=0.25 (218.3s)
[12:36:05]     rf[weather_on] fold=5 {'min_samples_leaf': 10, 'max_features': 0.5} inner_LL=0.430463 (18.4s)
[12:36:31]     rf[weather_on] fold=5 {'min_samples_leaf': 10, 'max_features': 0.7} inner_LL=0.431167 (25.5s)
[12:37:08]     rf[weather_on] fold=5 {'min_samples_leaf': 10, 'max_features': 1.0} inner_LL=0.431598 (37.0s)
[12:37:25]     rf[weather_on] fold=5 {'min_samples_leaf': 25, 'max_features': 0.5} inner_LL=0.429534 (17.0s)
[12:37:48]     rf[weather_on] fold=5 {'min_samples_leaf': 25, 'max_features': 0.7} inner_LL=0.429996 (22.6s)
[12:38:22]     rf[weather_on] fold=5 {'min_samples_leaf': 25, 'max_features': 1.0} inner_LL=0.430389 (34.5s)
[12:38:37]     rf[weather_on] fold=5 {'min_samples_leaf': 50, 'max_features': 0.5} inner_LL=0.429923 (14.8s)
[12:38:57]     rf[weather_on] fold=5 {'min_samples_leaf': 50, 'max_features': 0.7} inner_LL=0.430039 (20.1s)
[12:39:26]     rf[weather_on] fold=5 {'min_samples_leaf': 50, 'max_features': 1.0} inner_LL=0.430237 (29.2s)
[12:39:26]   7_weather_on_random_forest_tuned fold=5 params={'min_samples_leaf': 25, 'max_features': 0.5} edge={'min_samples_leaf': None, 'max_features': 'low'} thr=0.25 (219.8s)
[12:39:30] DONE seed=7 weather_on/random_forest_tuned MacroF1=0.608276 LL=0.431576 AUC=0.687695 P1=0.3492 R1=0.3682 (1094s)
[12:39:30] START seed=7 weather_off/random_forest_tuned
[12:39:42]     rf[weather_off] fold=1 {'min_samples_leaf': 10, 'max_features': 0.5} inner_LL=0.445172 (11.4s)
[12:39:58]     rf[weather_off] fold=1 {'min_samples_leaf': 10, 'max_features': 0.7} inner_LL=0.445831 (16.2s)
[12:40:21]     rf[weather_off] fold=1 {'min_samples_leaf': 10, 'max_features': 1.0} inner_LL=0.446479 (23.2s)
[12:40:31]     rf[weather_off] fold=1 {'min_samples_leaf': 25, 'max_features': 0.5} inner_LL=0.443473 (10.4s)
[12:40:46]     rf[weather_off] fold=1 {'min_samples_leaf': 25, 'max_features': 0.7} inner_LL=0.443543 (14.5s)
[12:41:06]     rf[weather_off] fold=1 {'min_samples_leaf': 25, 'max_features': 1.0} inner_LL=0.443978 (20.2s)
[12:41:16]     rf[weather_off] fold=1 {'min_samples_leaf': 50, 'max_features': 0.5} inner_LL=0.443179 (9.6s)
[12:41:29]     rf[weather_off] fold=1 {'min_samples_leaf': 50, 'max_features': 0.7} inner_LL=0.443221 (12.9s)
[12:41:47]     rf[weather_off] fold=1 {'min_samples_leaf': 50, 'max_features': 1.0} inner_LL=0.443337 (18.2s)
[12:41:47]   7_weather_off_random_forest_tuned fold=1 params={'min_samples_leaf': 50, 'max_features': 0.5} edge={'min_samples_leaf': 'high', 'max_features': 'low'} thr=0.24 (137.1s)
[12:41:59]     rf[weather_off] fold=2 {'min_samples_leaf': 10, 'max_features': 0.5} inner_LL=0.445819 (11.9s)
[12:42:16]     rf[weather_off] fold=2 {'min_samples_leaf': 10, 'max_features': 0.7} inner_LL=0.446174 (16.6s)
[12:42:39]     rf[weather_off] fold=2 {'min_samples_leaf': 10, 'max_features': 1.0} inner_LL=0.446049 (23.6s)
[12:42:50]     rf[weather_off] fold=2 {'min_samples_leaf': 25, 'max_features': 0.5} inner_LL=0.443804 (10.8s)
[12:43:05]     rf[weather_off] fold=2 {'min_samples_leaf': 25, 'max_features': 0.7} inner_LL=0.443724 (15.2s)
[12:43:26]     rf[weather_off] fold=2 {'min_samples_leaf': 25, 'max_features': 1.0} inner_LL=0.443995 (20.2s)
[12:43:35]     rf[weather_off] fold=2 {'min_samples_leaf': 50, 'max_features': 0.5} inner_LL=0.443156 (9.3s)
[12:43:48]     rf[weather_off] fold=2 {'min_samples_leaf': 50, 'max_features': 0.7} inner_LL=0.443071 (12.6s)
[12:44:06]     rf[weather_off] fold=2 {'min_samples_leaf': 50, 'max_features': 1.0} inner_LL=0.443050 (18.2s)
[12:44:06]   7_weather_off_random_forest_tuned fold=2 params={'min_samples_leaf': 50, 'max_features': 1.0} edge={'min_samples_leaf': 'high', 'max_features': 'high'} thr=0.24 (139.0s)
[12:44:18]     rf[weather_off] fold=3 {'min_samples_leaf': 10, 'max_features': 0.5} inner_LL=0.446269 (12.0s)
[12:44:36]     rf[weather_off] fold=3 {'min_samples_leaf': 10, 'max_features': 0.7} inner_LL=0.446837 (17.4s)
[12:44:59]     rf[weather_off] fold=3 {'min_samples_leaf': 10, 'max_features': 1.0} inner_LL=0.446967 (23.7s)
[12:45:10]     rf[weather_off] fold=3 {'min_samples_leaf': 25, 'max_features': 0.5} inner_LL=0.444707 (10.5s)
[12:45:25]     rf[weather_off] fold=3 {'min_samples_leaf': 25, 'max_features': 0.7} inner_LL=0.444651 (14.5s)
[12:45:45]     rf[weather_off] fold=3 {'min_samples_leaf': 25, 'max_features': 1.0} inner_LL=0.444653 (20.2s)
[12:45:54]     rf[weather_off] fold=3 {'min_samples_leaf': 50, 'max_features': 0.5} inner_LL=0.444217 (9.4s)
[12:46:07]     rf[weather_off] fold=3 {'min_samples_leaf': 50, 'max_features': 0.7} inner_LL=0.444251 (12.6s)
[12:46:24]     rf[weather_off] fold=3 {'min_samples_leaf': 50, 'max_features': 1.0} inner_LL=0.444206 (17.7s)
[12:46:25]   7_weather_off_random_forest_tuned fold=3 params={'min_samples_leaf': 50, 'max_features': 1.0} edge={'min_samples_leaf': 'high', 'max_features': 'high'} thr=0.25 (138.6s)
[12:46:37]     rf[weather_off] fold=4 {'min_samples_leaf': 10, 'max_features': 0.5} inner_LL=0.446237 (11.8s)
[12:46:53]     rf[weather_off] fold=4 {'min_samples_leaf': 10, 'max_features': 0.7} inner_LL=0.446893 (16.3s)
[12:47:16]     rf[weather_off] fold=4 {'min_samples_leaf': 10, 'max_features': 1.0} inner_LL=0.447278 (23.1s)
[12:47:27]     rf[weather_off] fold=4 {'min_samples_leaf': 25, 'max_features': 0.5} inner_LL=0.444228 (10.4s)
[12:47:41]     rf[weather_off] fold=4 {'min_samples_leaf': 25, 'max_features': 0.7} inner_LL=0.444509 (14.4s)
[12:48:02]     rf[weather_off] fold=4 {'min_samples_leaf': 25, 'max_features': 1.0} inner_LL=0.444732 (20.9s)
[12:48:11]     rf[weather_off] fold=4 {'min_samples_leaf': 50, 'max_features': 0.5} inner_LL=0.443527 (9.5s)
[12:48:24]     rf[weather_off] fold=4 {'min_samples_leaf': 50, 'max_features': 0.7} inner_LL=0.443859 (12.8s)
[12:48:42]     rf[weather_off] fold=4 {'min_samples_leaf': 50, 'max_features': 1.0} inner_LL=0.444150 (18.2s)
[12:48:43]   7_weather_off_random_forest_tuned fold=4 params={'min_samples_leaf': 50, 'max_features': 0.5} edge={'min_samples_leaf': 'high', 'max_features': 'low'} thr=0.25 (137.9s)
[12:48:55]     rf[weather_off] fold=5 {'min_samples_leaf': 10, 'max_features': 0.5} inner_LL=0.445394 (11.9s)
[12:49:11]     rf[weather_off] fold=5 {'min_samples_leaf': 10, 'max_features': 0.7} inner_LL=0.445835 (15.9s)
[12:49:34]     rf[weather_off] fold=5 {'min_samples_leaf': 10, 'max_features': 1.0} inner_LL=0.446132 (23.1s)
[12:49:44]     rf[weather_off] fold=5 {'min_samples_leaf': 25, 'max_features': 0.5} inner_LL=0.443403 (10.6s)
[12:49:58]     rf[weather_off] fold=5 {'min_samples_leaf': 25, 'max_features': 0.7} inner_LL=0.443687 (14.0s)
[12:50:18]     rf[weather_off] fold=5 {'min_samples_leaf': 25, 'max_features': 1.0} inner_LL=0.443608 (19.5s)
[12:50:27]     rf[weather_off] fold=5 {'min_samples_leaf': 50, 'max_features': 0.5} inner_LL=0.442503 (9.1s)
[12:50:40]     rf[weather_off] fold=5 {'min_samples_leaf': 50, 'max_features': 0.7} inner_LL=0.442715 (12.5s)
[12:50:58]     rf[weather_off] fold=5 {'min_samples_leaf': 50, 'max_features': 1.0} inner_LL=0.442857 (18.1s)
[12:50:58]   7_weather_off_random_forest_tuned fold=5 params={'min_samples_leaf': 50, 'max_features': 0.5} edge={'min_samples_leaf': 'high', 'max_features': 'low'} thr=0.24 (135.4s)
[12:51:02] DONE seed=7 weather_off/random_forest_tuned MacroF1=0.581812 LL=0.443571 AUC=0.654025 P1=0.3057 R1=0.3284 (688s)
[12:51:02] START seed=7 weather_on/lightgbm_tuned
[12:51:11]     lgbm fold=1 {'learning_rate': 0.03, 'num_leaves': 31, 'min_child_samples': 20, 'subsample': 0.8, 'subsample_freq': 0} k*=150 inner_LL=0.436076 (9.1s)
[12:51:20]     lgbm fold=1 {'learning_rate': 0.03, 'num_leaves': 31, 'min_child_samples': 100, 'subsample': 0.8, 'subsample_freq': 0} k*=100 inner_LL=0.436565 (9.4s)
[12:51:30]     lgbm fold=1 {'learning_rate': 0.03, 'num_leaves': 63, 'min_child_samples': 20, 'subsample': 0.8, 'subsample_freq': 0} k*=150 inner_LL=0.435827 (9.9s)
[12:51:40]     lgbm fold=1 {'learning_rate': 0.03, 'num_leaves': 63, 'min_child_samples': 100, 'subsample': 0.8, 'subsample_freq': 0} k*=100 inner_LL=0.435961 (9.6s)
[12:51:52]     lgbm fold=1 {'learning_rate': 0.03, 'num_leaves': 127, 'min_child_samples': 20, 'subsample': 0.8, 'subsample_freq': 0} k*=150 inner_LL=0.435573 (12.2s)
[12:52:03]     lgbm fold=1 {'learning_rate': 0.03, 'num_leaves': 127, 'min_child_samples': 100, 'subsample': 0.8, 'subsample_freq': 0} k*=100 inner_LL=0.435834 (11.5s)
[12:52:14]     lgbm fold=1 {'learning_rate': 0.05, 'num_leaves': 31, 'min_child_samples': 20, 'subsample': 0.8, 'subsample_freq': 0} k*=100 inner_LL=0.436300 (10.5s)
[12:52:25]     lgbm fold=1 {'learning_rate': 0.05, 'num_leaves': 31, 'min_child_samples': 100, 'subsample': 0.8, 'subsample_freq': 0} k*=100 inner_LL=0.436508 (10.9s)
[12:52:36]     lgbm fold=1 {'learning_rate': 0.05, 'num_leaves': 63, 'min_child_samples': 20, 'subsample': 0.8, 'subsample_freq': 0} k*=100 inner_LL=0.436269 (11.3s)
[12:52:47]     lgbm fold=1 {'learning_rate': 0.05, 'num_leaves': 63, 'min_child_samples': 100, 'subsample': 0.8, 'subsample_freq': 0} k*=100 inner_LL=0.435864 (10.5s)
[12:52:58]     lgbm fold=1 {'learning_rate': 0.05, 'num_leaves': 127, 'min_child_samples': 20, 'subsample': 0.8, 'subsample_freq': 0} k*=50 inner_LL=0.436642 (11.1s)
[12:53:08]     lgbm fold=1 {'learning_rate': 0.05, 'num_leaves': 127, 'min_child_samples': 100, 'subsample': 0.8, 'subsample_freq': 0} k*=100 inner_LL=0.436181 (10.4s)
[12:53:18]     lgbm fold=1 {'learning_rate': 0.1, 'num_leaves': 31, 'min_child_samples': 20, 'subsample': 0.8, 'subsample_freq': 0} k*=50 inner_LL=0.436591 (9.6s)
[12:53:27]     lgbm fold=1 {'learning_rate': 0.1, 'num_leaves': 31, 'min_child_samples': 100, 'subsample': 0.8, 'subsample_freq': 0} k*=50 inner_LL=0.436997 (9.5s)
[12:53:38]     lgbm fold=1 {'learning_rate': 0.1, 'num_leaves': 63, 'min_child_samples': 20, 'subsample': 0.8, 'subsample_freq': 0} k*=50 inner_LL=0.436668 (10.9s)
[12:53:48]     lgbm fold=1 {'learning_rate': 0.1, 'num_leaves': 63, 'min_child_samples': 100, 'subsample': 0.8, 'subsample_freq': 0} k*=50 inner_LL=0.436908 (9.9s)
[12:53:59]     lgbm fold=1 {'learning_rate': 0.1, 'num_leaves': 127, 'min_child_samples': 20, 'subsample': 0.8, 'subsample_freq': 0} k*=50 inner_LL=0.437217 (11.2s)
[12:54:10]     lgbm fold=1 {'learning_rate': 0.1, 'num_leaves': 127, 'min_child_samples': 100, 'subsample': 0.8, 'subsample_freq': 0} k*=50 inner_LL=0.437306 (10.3s)
[12:54:19]     lgbm fold=1 {'learning_rate': 0.03, 'num_leaves': 63, 'min_child_samples': 20, 'subsample': 0.8, 'subsample_freq': 1} k*=150 inner_LL=0.436338 (9.7s)
[12:54:31]     lgbm fold=1 {'learning_rate': 0.03, 'num_leaves': 127, 'min_child_samples': 20, 'subsample': 0.8, 'subsample_freq': 1} k*=150 inner_LL=0.436183 (11.3s)
[12:54:41]     lgbm fold=1 {'learning_rate': 0.05, 'num_leaves': 63, 'min_child_samples': 20, 'subsample': 0.8, 'subsample_freq': 1} k*=50 inner_LL=0.436905 (10.1s)
[12:54:51]     lgbm fold=1 {'learning_rate': 0.05, 'num_leaves': 127, 'min_child_samples': 20, 'subsample': 0.8, 'subsample_freq': 1} k*=50 inner_LL=0.436909 (10.0s)
[12:55:00]     lgbm fold=1 {'learning_rate': 0.1, 'num_leaves': 63, 'min_child_samples': 20, 'subsample': 0.8, 'subsample_freq': 1} k*=25 inner_LL=0.437503 (9.5s)
[12:55:10]     lgbm fold=1 {'learning_rate': 0.1, 'num_leaves': 127, 'min_child_samples': 20, 'subsample': 0.8, 'subsample_freq': 1} k*=25 inner_LL=0.437491 (9.9s)
[12:55:10]   7_weather_on_lightgbm_tuned fold=1 params={'learning_rate': 0.03, 'num_leaves': 127, 'min_child_samples': 20, 'subsample': 0.8, 'subsample_freq': 0, 'n_estimators': 150} edge={'learning_rate': 'low', 'num_leaves': 'high', 'min_child_samples': 'low', 'n_estimators': None} thr=0.22 (248.5s)
[12:55:20]     lgbm fold=2 {'learning_rate': 0.03, 'num_leaves': 31, 'min_child_samples': 20, 'subsample': 0.8, 'subsample_freq': 0} k*=150 inner_LL=0.437379 (9.8s)
[12:55:29]     lgbm fold=2 {'learning_rate': 0.03, 'num_leaves': 31, 'min_child_samples': 100, 'subsample': 0.8, 'subsample_freq': 0} k*=150 inner_LL=0.437547 (9.5s)
[12:55:40]     lgbm fold=2 {'learning_rate': 0.03, 'num_leaves': 63, 'min_child_samples': 20, 'subsample': 0.8, 'subsample_freq': 0} k*=150 inner_LL=0.437060 (10.3s)
[12:55:51]     lgbm fold=2 {'learning_rate': 0.03, 'num_leaves': 63, 'min_child_samples': 100, 'subsample': 0.8, 'subsample_freq': 0} k*=150 inner_LL=0.436913 (10.8s)
[12:56:03]     lgbm fold=2 {'learning_rate': 0.03, 'num_leaves': 127, 'min_child_samples': 20, 'subsample': 0.8, 'subsample_freq': 0} k*=150 inner_LL=0.436692 (12.7s)
[12:56:14]     lgbm fold=2 {'learning_rate': 0.03, 'num_leaves': 127, 'min_child_samples': 100, 'subsample': 0.8, 'subsample_freq': 0} k*=150 inner_LL=0.437363 (10.9s)
[12:56:23]     lgbm fold=2 {'learning_rate': 0.05, 'num_leaves': 31, 'min_child_samples': 20, 'subsample': 0.8, 'subsample_freq': 0} k*=150 inner_LL=0.438083 (9.2s)
[12:56:33]     lgbm fold=2 {'learning_rate': 0.05, 'num_leaves': 31, 'min_child_samples': 100, 'subsample': 0.8, 'subsample_freq': 0} k*=100 inner_LL=0.437090 (9.5s)
[12:56:44]     lgbm fold=2 {'learning_rate': 0.05, 'num_leaves': 63, 'min_child_samples': 20, 'subsample': 0.8, 'subsample_freq': 0} k*=75 inner_LL=0.437689 (10.8s)
[12:56:55]     lgbm fold=2 {'learning_rate': 0.05, 'num_leaves': 63, 'min_child_samples': 100, 'subsample': 0.8, 'subsample_freq': 0} k*=100 inner_LL=0.437375 (11.0s)
[12:57:06]     lgbm fold=2 {'learning_rate': 0.05, 'num_leaves': 127, 'min_child_samples': 20, 'subsample': 0.8, 'subsample_freq': 0} k*=75 inner_LL=0.437631 (11.3s)
[12:57:16]     lgbm fold=2 {'learning_rate': 0.05, 'num_leaves': 127, 'min_child_samples': 100, 'subsample': 0.8, 'subsample_freq': 0} k*=100 inner_LL=0.437658 (9.6s)
[12:57:25]     lgbm fold=2 {'learning_rate': 0.1, 'num_leaves': 31, 'min_child_samples': 20, 'subsample': 0.8, 'subsample_freq': 0} k*=50 inner_LL=0.438048 (9.0s)
[12:57:35]     lgbm fold=2 {'learning_rate': 0.1, 'num_leaves': 31, 'min_child_samples': 100, 'subsample': 0.8, 'subsample_freq': 0} k*=25 inner_LL=0.439037 (10.2s)
[12:57:47]     lgbm fold=2 {'learning_rate': 0.1, 'num_leaves': 63, 'min_child_samples': 20, 'subsample': 0.8, 'subsample_freq': 0} k*=25 inner_LL=0.438006 (11.7s)
[12:57:57]     lgbm fold=2 {'learning_rate': 0.1, 'num_leaves': 63, 'min_child_samples': 100, 'subsample': 0.8, 'subsample_freq': 0} k*=25 inner_LL=0.438469 (10.4s)
[12:58:08]     lgbm fold=2 {'learning_rate': 0.1, 'num_leaves': 127, 'min_child_samples': 20, 'subsample': 0.8, 'subsample_freq': 0} k*=25 inner_LL=0.437861 (11.4s)
[12:58:18]     lgbm fold=2 {'learning_rate': 0.1, 'num_leaves': 127, 'min_child_samples': 100, 'subsample': 0.8, 'subsample_freq': 0} k*=50 inner_LL=0.438773 (9.9s)
[12:58:28]     lgbm fold=2 {'learning_rate': 0.03, 'num_leaves': 63, 'min_child_samples': 20, 'subsample': 0.8, 'subsample_freq': 1} k*=150 inner_LL=0.438271 (9.8s)
[12:58:38]     lgbm fold=2 {'learning_rate': 0.03, 'num_leaves': 127, 'min_child_samples': 20, 'subsample': 0.8, 'subsample_freq': 1} k*=150 inner_LL=0.437983 (10.2s)
[12:58:48]     lgbm fold=2 {'learning_rate': 0.05, 'num_leaves': 63, 'min_child_samples': 20, 'subsample': 0.8, 'subsample_freq': 1} k*=50 inner_LL=0.438003 (9.6s)
[12:58:58]     lgbm fold=2 {'learning_rate': 0.05, 'num_leaves': 127, 'min_child_samples': 20, 'subsample': 0.8, 'subsample_freq': 1} k*=50 inner_LL=0.437931 (10.1s)
[12:59:08]     lgbm fold=2 {'learning_rate': 0.1, 'num_leaves': 63, 'min_child_samples': 20, 'subsample': 0.8, 'subsample_freq': 1} k*=25 inner_LL=0.438825 (9.5s)
[12:59:18]     lgbm fold=2 {'learning_rate': 0.1, 'num_leaves': 127, 'min_child_samples': 20, 'subsample': 0.8, 'subsample_freq': 1} k*=25 inner_LL=0.437688 (10.2s)
[12:59:18]   7_weather_on_lightgbm_tuned fold=2 params={'learning_rate': 0.03, 'num_leaves': 127, 'min_child_samples': 20, 'subsample': 0.8, 'subsample_freq': 0, 'n_estimators': 150} edge={'learning_rate': 'low', 'num_leaves': 'high', 'min_child_samples': 'low', 'n_estimators': None} thr=0.23 (247.6s)
[12:59:27]     lgbm fold=3 {'learning_rate': 0.03, 'num_leaves': 31, 'min_child_samples': 20, 'subsample': 0.8, 'subsample_freq': 0} k*=150 inner_LL=0.436424 (9.4s)
[12:59:37]     lgbm fold=3 {'learning_rate': 0.03, 'num_leaves': 31, 'min_child_samples': 100, 'subsample': 0.8, 'subsample_freq': 0} k*=150 inner_LL=0.436525 (9.5s)
[12:59:47]     lgbm fold=3 {'learning_rate': 0.03, 'num_leaves': 63, 'min_child_samples': 20, 'subsample': 0.8, 'subsample_freq': 0} k*=150 inner_LL=0.436175 (10.3s)
[12:59:57]     lgbm fold=3 {'learning_rate': 0.03, 'num_leaves': 63, 'min_child_samples': 100, 'subsample': 0.8, 'subsample_freq': 0} k*=150 inner_LL=0.436655 (9.9s)
[13:00:08]     lgbm fold=3 {'learning_rate': 0.03, 'num_leaves': 127, 'min_child_samples': 20, 'subsample': 0.8, 'subsample_freq': 0} k*=150 inner_LL=0.436233 (11.2s)
[13:00:18]     lgbm fold=3 {'learning_rate': 0.03, 'num_leaves': 127, 'min_child_samples': 100, 'subsample': 0.8, 'subsample_freq': 0} k*=150 inner_LL=0.436240 (10.2s)
[13:00:28]     lgbm fold=3 {'learning_rate': 0.05, 'num_leaves': 31, 'min_child_samples': 20, 'subsample': 0.8, 'subsample_freq': 0} k*=100 inner_LL=0.437237 (9.4s)
[13:00:37]     lgbm fold=3 {'learning_rate': 0.05, 'num_leaves': 31, 'min_child_samples': 100, 'subsample': 0.8, 'subsample_freq': 0} k*=100 inner_LL=0.436999 (9.3s)
[13:00:47]     lgbm fold=3 {'learning_rate': 0.05, 'num_leaves': 63, 'min_child_samples': 20, 'subsample': 0.8, 'subsample_freq': 0} k*=75 inner_LL=0.436284 (10.3s)
[13:00:57]     lgbm fold=3 {'learning_rate': 0.05, 'num_leaves': 63, 'min_child_samples': 100, 'subsample': 0.8, 'subsample_freq': 0} k*=100 inner_LL=0.436263 (9.8s)
[13:01:08]     lgbm fold=3 {'learning_rate': 0.05, 'num_leaves': 127, 'min_child_samples': 20, 'subsample': 0.8, 'subsample_freq': 0} k*=100 inner_LL=0.436613 (10.9s)
[13:01:18]     lgbm fold=3 {'learning_rate': 0.05, 'num_leaves': 127, 'min_child_samples': 100, 'subsample': 0.8, 'subsample_freq': 0} k*=100 inner_LL=0.435972 (10.1s)
[13:01:27]     lgbm fold=3 {'learning_rate': 0.1, 'num_leaves': 31, 'min_child_samples': 20, 'subsample': 0.8, 'subsample_freq': 0} k*=50 inner_LL=0.436943 (9.2s)
[13:01:36]     lgbm fold=3 {'learning_rate': 0.1, 'num_leaves': 31, 'min_child_samples': 100, 'subsample': 0.8, 'subsample_freq': 0} k*=50 inner_LL=0.437583 (9.3s)
[13:01:47]     lgbm fold=3 {'learning_rate': 0.1, 'num_leaves': 63, 'min_child_samples': 20, 'subsample': 0.8, 'subsample_freq': 0} k*=50 inner_LL=0.437134 (10.0s)
[13:01:56]     lgbm fold=3 {'learning_rate': 0.1, 'num_leaves': 63, 'min_child_samples': 100, 'subsample': 0.8, 'subsample_freq': 0} k*=50 inner_LL=0.437204 (9.7s)
[13:02:07]     lgbm fold=3 {'learning_rate': 0.1, 'num_leaves': 127, 'min_child_samples': 20, 'subsample': 0.8, 'subsample_freq': 0} k*=25 inner_LL=0.437550 (10.8s)
[13:02:17]     lgbm fold=3 {'learning_rate': 0.1, 'num_leaves': 127, 'min_child_samples': 100, 'subsample': 0.8, 'subsample_freq': 0} k*=25 inner_LL=0.437438 (9.7s)
[13:02:27]     lgbm fold=3 {'learning_rate': 0.03, 'num_leaves': 63, 'min_child_samples': 20, 'subsample': 0.8, 'subsample_freq': 1} k*=150 inner_LL=0.436488 (10.5s)
[13:02:40]     lgbm fold=3 {'learning_rate': 0.03, 'num_leaves': 127, 'min_child_samples': 20, 'subsample': 0.8, 'subsample_freq': 1} k*=150 inner_LL=0.436792 (12.5s)
[13:02:52]     lgbm fold=3 {'learning_rate': 0.05, 'num_leaves': 63, 'min_child_samples': 20, 'subsample': 0.8, 'subsample_freq': 1} k*=50 inner_LL=0.437482 (12.1s)
[13:03:04]     lgbm fold=3 {'learning_rate': 0.05, 'num_leaves': 127, 'min_child_samples': 20, 'subsample': 0.8, 'subsample_freq': 1} k*=50 inner_LL=0.437306 (11.8s)
[13:03:14]     lgbm fold=3 {'learning_rate': 0.1, 'num_leaves': 63, 'min_child_samples': 20, 'subsample': 0.8, 'subsample_freq': 1} k*=25 inner_LL=0.438222 (10.7s)
[13:03:26]     lgbm fold=3 {'learning_rate': 0.1, 'num_leaves': 127, 'min_child_samples': 20, 'subsample': 0.8, 'subsample_freq': 1} k*=25 inner_LL=0.437577 (11.2s)
[13:03:26]   7_weather_on_lightgbm_tuned fold=3 params={'learning_rate': 0.05, 'num_leaves': 127, 'min_child_samples': 100, 'subsample': 0.8, 'subsample_freq': 0, 'n_estimators': 100} edge={'learning_rate': None, 'num_leaves': 'high', 'min_child_samples': 'high', 'n_estimators': None} thr=0.24 (247.8s)
[13:03:35]     lgbm fold=4 {'learning_rate': 0.03, 'num_leaves': 31, 'min_child_samples': 20, 'subsample': 0.8, 'subsample_freq': 0} k*=150 inner_LL=0.435514 (9.6s)
[13:03:45]     lgbm fold=4 {'learning_rate': 0.03, 'num_leaves': 31, 'min_child_samples': 100, 'subsample': 0.8, 'subsample_freq': 0} k*=150 inner_LL=0.435439 (9.5s)
[13:03:55]     lgbm fold=4 {'learning_rate': 0.03, 'num_leaves': 63, 'min_child_samples': 20, 'subsample': 0.8, 'subsample_freq': 0} k*=150 inner_LL=0.434865 (10.4s)
[13:04:05]     lgbm fold=4 {'learning_rate': 0.03, 'num_leaves': 63, 'min_child_samples': 100, 'subsample': 0.8, 'subsample_freq': 0} k*=150 inner_LL=0.435018 (10.1s)
[13:04:16]     lgbm fold=4 {'learning_rate': 0.03, 'num_leaves': 127, 'min_child_samples': 20, 'subsample': 0.8, 'subsample_freq': 0} k*=150 inner_LL=0.435023 (11.3s)
[13:04:27]     lgbm fold=4 {'learning_rate': 0.03, 'num_leaves': 127, 'min_child_samples': 100, 'subsample': 0.8, 'subsample_freq': 0} k*=150 inner_LL=0.434914 (10.3s)
[13:04:36]     lgbm fold=4 {'learning_rate': 0.05, 'num_leaves': 31, 'min_child_samples': 20, 'subsample': 0.8, 'subsample_freq': 0} k*=100 inner_LL=0.435719 (9.4s)
[13:04:46]     lgbm fold=4 {'learning_rate': 0.05, 'num_leaves': 31, 'min_child_samples': 100, 'subsample': 0.8, 'subsample_freq': 0} k*=100 inner_LL=0.435494 (9.5s)
[13:04:56]     lgbm fold=4 {'learning_rate': 0.05, 'num_leaves': 63, 'min_child_samples': 20, 'subsample': 0.8, 'subsample_freq': 0} k*=100 inner_LL=0.435526 (10.4s)
[13:05:06]     lgbm fold=4 {'learning_rate': 0.05, 'num_leaves': 63, 'min_child_samples': 100, 'subsample': 0.8, 'subsample_freq': 0} k*=100 inner_LL=0.435358 (9.8s)
[13:05:17]     lgbm fold=4 {'learning_rate': 0.05, 'num_leaves': 127, 'min_child_samples': 20, 'subsample': 0.8, 'subsample_freq': 0} k*=75 inner_LL=0.435621 (10.9s)
[13:05:27]     lgbm fold=4 {'learning_rate': 0.05, 'num_leaves': 127, 'min_child_samples': 100, 'subsample': 0.8, 'subsample_freq': 0} k*=100 inner_LL=0.435673 (10.1s)
[13:05:36]     lgbm fold=4 {'learning_rate': 0.1, 'num_leaves': 31, 'min_child_samples': 20, 'subsample': 0.8, 'subsample_freq': 0} k*=50 inner_LL=0.436217 (9.3s)
[13:05:45]     lgbm fold=4 {'learning_rate': 0.1, 'num_leaves': 31, 'min_child_samples': 100, 'subsample': 0.8, 'subsample_freq': 0} k*=50 inner_LL=0.436660 (9.3s)
[13:05:56]     lgbm fold=4 {'learning_rate': 0.1, 'num_leaves': 63, 'min_child_samples': 20, 'subsample': 0.8, 'subsample_freq': 0} k*=25 inner_LL=0.436264 (10.1s)
[13:06:05]     lgbm fold=4 {'learning_rate': 0.1, 'num_leaves': 63, 'min_child_samples': 100, 'subsample': 0.8, 'subsample_freq': 0} k*=25 inner_LL=0.436882 (9.7s)
[13:06:16]     lgbm fold=4 {'learning_rate': 0.1, 'num_leaves': 127, 'min_child_samples': 20, 'subsample': 0.8, 'subsample_freq': 0} k*=25 inner_LL=0.436687 (11.0s)
[13:06:26]     lgbm fold=4 {'learning_rate': 0.1, 'num_leaves': 127, 'min_child_samples': 100, 'subsample': 0.8, 'subsample_freq': 0} k*=50 inner_LL=0.436764 (9.8s)
[13:06:36]     lgbm fold=4 {'learning_rate': 0.03, 'num_leaves': 63, 'min_child_samples': 20, 'subsample': 0.8, 'subsample_freq': 1} k*=150 inner_LL=0.436090 (9.6s)
[13:06:46]     lgbm fold=4 {'learning_rate': 0.03, 'num_leaves': 127, 'min_child_samples': 20, 'subsample': 0.8, 'subsample_freq': 1} k*=150 inner_LL=0.435439 (10.2s)
[13:06:55]     lgbm fold=4 {'learning_rate': 0.05, 'num_leaves': 63, 'min_child_samples': 20, 'subsample': 0.8, 'subsample_freq': 1} k*=75 inner_LL=0.436531 (9.5s)
[13:07:05]     lgbm fold=4 {'learning_rate': 0.05, 'num_leaves': 127, 'min_child_samples': 20, 'subsample': 0.8, 'subsample_freq': 1} k*=150 inner_LL=0.436118 (10.1s)
[13:07:15]     lgbm fold=4 {'learning_rate': 0.1, 'num_leaves': 63, 'min_child_samples': 20, 'subsample': 0.8, 'subsample_freq': 1} k*=25 inner_LL=0.437019 (9.6s)
[13:07:25]     lgbm fold=4 {'learning_rate': 0.1, 'num_leaves': 127, 'min_child_samples': 20, 'subsample': 0.8, 'subsample_freq': 1} k*=25 inner_LL=0.436543 (9.9s)
[13:07:25]   7_weather_on_lightgbm_tuned fold=4 params={'learning_rate': 0.03, 'num_leaves': 63, 'min_child_samples': 20, 'subsample': 0.8, 'subsample_freq': 0, 'n_estimators': 150} edge={'learning_rate': 'low', 'num_leaves': None, 'min_child_samples': 'low', 'n_estimators': None} thr=0.24 (239.3s)
[13:07:34]     lgbm fold=5 {'learning_rate': 0.03, 'num_leaves': 31, 'min_child_samples': 20, 'subsample': 0.8, 'subsample_freq': 0} k*=150 inner_LL=0.433893 (9.3s)
[13:07:43]     lgbm fold=5 {'learning_rate': 0.03, 'num_leaves': 31, 'min_child_samples': 100, 'subsample': 0.8, 'subsample_freq': 0} k*=150 inner_LL=0.433949 (9.3s)
[13:07:54]     lgbm fold=5 {'learning_rate': 0.03, 'num_leaves': 63, 'min_child_samples': 20, 'subsample': 0.8, 'subsample_freq': 0} k*=150 inner_LL=0.433344 (10.4s)
[13:08:04]     lgbm fold=5 {'learning_rate': 0.03, 'num_leaves': 63, 'min_child_samples': 100, 'subsample': 0.8, 'subsample_freq': 0} k*=150 inner_LL=0.433967 (9.9s)
[13:08:15]     lgbm fold=5 {'learning_rate': 0.03, 'num_leaves': 127, 'min_child_samples': 20, 'subsample': 0.8, 'subsample_freq': 0} k*=150 inner_LL=0.433528 (11.0s)
[13:08:25]     lgbm fold=5 {'learning_rate': 0.03, 'num_leaves': 127, 'min_child_samples': 100, 'subsample': 0.8, 'subsample_freq': 0} k*=150 inner_LL=0.433268 (10.3s)
[13:08:34]     lgbm fold=5 {'learning_rate': 0.05, 'num_leaves': 31, 'min_child_samples': 20, 'subsample': 0.8, 'subsample_freq': 0} k*=100 inner_LL=0.434107 (9.3s)
[13:08:44]     lgbm fold=5 {'learning_rate': 0.05, 'num_leaves': 31, 'min_child_samples': 100, 'subsample': 0.8, 'subsample_freq': 0} k*=100 inner_LL=0.434128 (9.3s)
[13:08:54]     lgbm fold=5 {'learning_rate': 0.05, 'num_leaves': 63, 'min_child_samples': 20, 'subsample': 0.8, 'subsample_freq': 0} k*=100 inner_LL=0.433994 (10.1s)
[13:09:04]     lgbm fold=5 {'learning_rate': 0.05, 'num_leaves': 63, 'min_child_samples': 100, 'subsample': 0.8, 'subsample_freq': 0} k*=100 inner_LL=0.433870 (9.8s)
[13:09:14]     lgbm fold=5 {'learning_rate': 0.05, 'num_leaves': 127, 'min_child_samples': 20, 'subsample': 0.8, 'subsample_freq': 0} k*=100 inner_LL=0.433782 (10.9s)
[13:09:25]     lgbm fold=5 {'learning_rate': 0.05, 'num_leaves': 127, 'min_child_samples': 100, 'subsample': 0.8, 'subsample_freq': 0} k*=100 inner_LL=0.433757 (10.1s)
[13:09:34]     lgbm fold=5 {'learning_rate': 0.1, 'num_leaves': 31, 'min_child_samples': 20, 'subsample': 0.8, 'subsample_freq': 0} k*=50 inner_LL=0.434503 (9.2s)
[13:09:43]     lgbm fold=5 {'learning_rate': 0.1, 'num_leaves': 31, 'min_child_samples': 100, 'subsample': 0.8, 'subsample_freq': 0} k*=50 inner_LL=0.434825 (9.5s)
[13:09:54]     lgbm fold=5 {'learning_rate': 0.1, 'num_leaves': 63, 'min_child_samples': 20, 'subsample': 0.8, 'subsample_freq': 0} k*=50 inner_LL=0.434189 (10.4s)
[13:10:04]     lgbm fold=5 {'learning_rate': 0.1, 'num_leaves': 63, 'min_child_samples': 100, 'subsample': 0.8, 'subsample_freq': 0} k*=50 inner_LL=0.435185 (10.7s)
[13:10:16]     lgbm fold=5 {'learning_rate': 0.1, 'num_leaves': 127, 'min_child_samples': 20, 'subsample': 0.8, 'subsample_freq': 0} k*=50 inner_LL=0.435002 (11.6s)
[13:10:26]     lgbm fold=5 {'learning_rate': 0.1, 'num_leaves': 127, 'min_child_samples': 100, 'subsample': 0.8, 'subsample_freq': 0} k*=50 inner_LL=0.435022 (9.9s)
[13:10:36]     lgbm fold=5 {'learning_rate': 0.03, 'num_leaves': 63, 'min_child_samples': 20, 'subsample': 0.8, 'subsample_freq': 1} k*=150 inner_LL=0.434232 (10.3s)
[13:10:48]     lgbm fold=5 {'learning_rate': 0.03, 'num_leaves': 127, 'min_child_samples': 20, 'subsample': 0.8, 'subsample_freq': 1} k*=150 inner_LL=0.434282 (12.4s)
[13:11:01]     lgbm fold=5 {'learning_rate': 0.05, 'num_leaves': 63, 'min_child_samples': 20, 'subsample': 0.8, 'subsample_freq': 1} k*=75 inner_LL=0.434791 (12.4s)
[13:11:11]     lgbm fold=5 {'learning_rate': 0.05, 'num_leaves': 127, 'min_child_samples': 20, 'subsample': 0.8, 'subsample_freq': 1} k*=75 inner_LL=0.434882 (10.3s)
[13:11:20]     lgbm fold=5 {'learning_rate': 0.1, 'num_leaves': 63, 'min_child_samples': 20, 'subsample': 0.8, 'subsample_freq': 1} k*=50 inner_LL=0.435005 (9.4s)
[13:11:30]     lgbm fold=5 {'learning_rate': 0.1, 'num_leaves': 127, 'min_child_samples': 20, 'subsample': 0.8, 'subsample_freq': 1} k*=50 inner_LL=0.435429 (9.7s)
[13:11:30]   7_weather_on_lightgbm_tuned fold=5 params={'learning_rate': 0.03, 'num_leaves': 127, 'min_child_samples': 100, 'subsample': 0.8, 'subsample_freq': 0, 'n_estimators': 150} edge={'learning_rate': 'low', 'num_leaves': 'high', 'min_child_samples': 'high', 'n_estimators': None} thr=0.23 (245.3s)
[13:11:34] DONE seed=7 weather_on/lightgbm_tuned MacroF1=0.600770 LL=0.435979 AUC=0.674516 P1=0.3350 R1=0.3624 (1228s)
[13:11:34] FINISHED {"runs": "baseline_recovery_v2_classifier_tuning_20261008_runs.csv", "lightgbm_reproduction_max_abs_diff": 0.0, "rf_reproduction_max_abs_diff": 5.551115123125783e-17}
