iata,icao,state,country,candidate_networks,candidate_sid,mwgg_tz,lat,lon,matched_network,evidence_basis,location_distance_km,valid_subperiod_start,valid_subperiod_end,utc_offset_equivalent_2018_2019,found_in_iem_network,verification_tier,iem_tzname,archive_begin,archive_end,period_covers_2018_2019,tz_matches_mwgg,note
ABE,KABE,Pennsylvania,US,PA_ASOS,ABE,America/New_York,40.6520996094,-75.4408035278,PA_ASOS,"IEM network-metadata lookup only: station id presence + archive period coverage + tzname string match. Does NOT by itself confirm physical location, facility identity, or absence of a mid-period relocation/rename.",0.7229355998140874,2018-01-01,2019-12-31,,True,confirmed_period,America/New_York,1929-12-31,,True,True,
ABI,KABI,Texas,US,TX_ASOS,ABI,America/Chicago,32.4113006592,-99.6819000244,TX_ASOS,"IEM network-metadata lookup only: station id presence + archive period coverage + tzname string match. Does NOT by itself confirm physical location, facility identity, or absence of a mid-period relocation/rename.",0.08013957003128866,2018-01-01,2019-12-31,,True,confirmed_period,America/Chicago,1930-08-11,,True,True,
ABQ,KABQ,New Mexico,US,NM_ASOS,ABQ,America/Denver,35.0401992798,-106.6090011597,NM_ASOS,"IEM network-metadata lookup only: station id presence + archive period coverage + tzname string match. Does NOT by itself confirm physical location, facility identity, or absence of a mid-period relocation/rename.",0.6211424024024452,2018-01-01,2019-12-31,,True,confirmed_period,America/Denver,1941-07-01,,True,True,
ABR,KABR,South Dakota,US,SD_ASOS,ABR,America/Chicago,45.4491004944,-98.4217987061,SD_ASOS,"IEM network-metadata lookup only: station id presence + archive period coverage + tzname string match. Does NOT by itself confirm physical location, facility identity, or absence of a mid-period relocation/rename.",0.17231285074147284,2018-01-01,2019-12-31,,True,confirmed_period,America/Chicago,1934-08-08,,True,True,
ABY,KABY,Georgia,US,GA_ASOS,ABY,America/New_York,31.5354995728,-84.1945037842,GA_ASOS,"IEM network-metadata lookup only: station id presence + archive period coverage + tzname string match. Does NOT by itself confirm physical location, facility identity, or absence of a mid-period relocation/rename.",0.0003617736161877305,2018-01-01,2019-12-31,,True,confirmed_period,America/New_York,1948-01-01,,True,True,
ACK,KACK,Massachusetts,US,MA_ASOS,ACK,America/New_York,41.25310135,-70.06020355,MA_ASOS,"IEM network-metadata lookup only: station id presence + archive period coverage + tzname string match. Does NOT by itself confirm physical location, facility identity, or absence of a mid-period relocation/rename.",0.00806432019363195,2018-01-01,2019-12-31,,True,confirmed_period,America/New_York,1947-12-31,,True,True,
ACT,KACT,Texas,US,TX_ASOS,ACT,America/Chicago,31.6112995148,-97.2304992676,TX_ASOS,"IEM network-metadata lookup only: station id presence + archive period coverage + tzname string match. Does NOT by itself confirm physical location, facility identity, or absence of a mid-period relocation/rename.",0.7736188173565367,2018-01-01,2019-12-31,,True,confirmed_period,America/Chicago,1929-03-11,,True,True,
ACV,KACV,California,US,CA_ASOS,ACV,America/Los_Angeles,40.978099823,-124.1090011597,CA_ASOS,"IEM network-metadata lookup only: station id presence + archive period coverage + tzname string match. Does NOT by itself confirm physical location, facility identity, or absence of a mid-period relocation/rename.",0.03367650808881589,2018-01-01,2019-12-31,,True,confirmed_period,America/Los_Angeles,1949-12-01,,True,True,
ACY,KACY,New Jersey,US,NJ_ASOS,ACY,America/New_York,39.4575996399,-74.5772018433,NJ_ASOS,"IEM network-metadata lookup only: station id presence + archive period coverage + tzname string match. Does NOT by itself confirm physical location, facility identity, or absence of a mid-period relocation/rename.",0.0001632402264092047,2018-01-01,2019-12-31,,True,confirmed_period,America/New_York,1947-01-01,,True,True,
ADK,PADK,Alaska,US,AK_ASOS,PADK,America/Adak,51.8779983521,-176.6459960938,AK_ASOS,"IEM network-metadata lookup only: station id presence + archive period coverage + tzname string match. Does NOT by itself confirm physical location, facility identity, or absence of a mid-period relocation/rename.",0.00032477044573720853,2018-01-01,2019-12-31,,True,confirmed_period,America/Adak,1942-10-30,,True,True,
ADQ,PADQ,Alaska,US,AK_ASOS,PADQ,America/Anchorage,57.75,-152.4940033,AK_ASOS,"IEM network-metadata lookup only: station id presence + archive period coverage + tzname string match. Does NOT by itself confirm physical location, facility identity, or absence of a mid-period relocation/rename.",0.006129337410133617,2018-01-01,2019-12-31,,True,confirmed_period,America/Anchorage,1945-01-01,,True,True,
AEX,KAEX,Louisiana,US,LA_ASOS,AEX,America/Chicago,31.3274002075,-92.5497970581,LA_ASOS,"IEM network-metadata lookup only: station id presence + archive period coverage + tzname string match. Does NOT by itself confirm physical location, facility identity, or absence of a mid-period relocation/rename.",1.1653033310741836,2018-01-01,2019-12-31,,True,confirmed_period,America/Chicago,1943-09-01,,True,True,
AGS,KAGS,Georgia,US,GA_ASOS,AGS,America/New_York,33.3698997498,-81.9645004272,GA_ASOS,"IEM network-metadata lookup only: station id presence + archive period coverage + tzname string match. Does NOT by itself confirm physical location, facility identity, or absence of a mid-period relocation/rename.",4.8454170710677725e-05,2018-01-01,2019-12-31,,True,confirmed_period,America/New_York,1947-12-31,,True,True,
AKN,PAKN,Alaska,US,AK_ASOS,PAKN,America/Anchorage,58.67679977,-156.6490021,AK_ASOS,"IEM network-metadata lookup only: station id presence + archive period coverage + tzname string match. Does NOT by itself confirm physical location, facility identity, or absence of a mid-period relocation/rename.",0.8074113417738287,2018-01-01,2019-12-31,,True,confirmed_period,America/Anchorage,1935-07-01,,True,True,
ALB,KALB,New York,US,NY_ASOS,ALB,America/New_York,42.748298645,-73.8016967773,NY_ASOS,"IEM network-metadata lookup only: station id presence + archive period coverage + tzname string match. Does NOT by itself confirm physical location, facility identity, or absence of a mid-period relocation/rename.",1.0458737979206632,2018-01-01,2019-12-31,,True,confirmed_period,America/New_York,1945-01-01,,True,True,
ALO,KALO,Iowa,US,IA_ASOS,ALO,America/Chicago,42.5570983887,-92.4002990723,IA_ASOS,"IEM network-metadata lookup only: station id presence + archive period coverage + tzname string match. Does NOT by itself confirm physical location, facility identity, or absence of a mid-period relocation/rename.",0.31104659407574464,2018-01-01,2019-12-31,,True,confirmed_period,America/Chicago,1949-01-01,,True,True,
ALW,KALW,Washington,US,WA_ASOS,ALW,America/Los_Angeles,46.09489822,-118.288002,WA_ASOS,"IEM network-metadata lookup only: station id presence + archive period coverage + tzname string match. Does NOT by itself confirm physical location, facility identity, or absence of a mid-period relocation/rename.",0.07772698665819096,2018-01-01,2019-12-31,,True,confirmed_period,America/Los_Angeles,1931-01-11,,True,True,
AMA,KAMA,Texas,US,TX_ASOS,AMA,America/Chicago,35.2193984985,-101.7060012817,TX_ASOS,"IEM network-metadata lookup only: station id presence + archive period coverage + tzname string match. Does NOT by itself confirm physical location, facility identity, or absence of a mid-period relocation/rename.",0.009202023945595309,2018-01-01,2019-12-31,,True,confirmed_period,America/Chicago,1932-01-01,,True,True,
ANC,PANC,Alaska,US,AK_ASOS,PANC,America/Anchorage,61.1744003296,-149.9960021973,AK_ASOS,"IEM network-metadata lookup only: station id presence + archive period coverage + tzname string match. Does NOT by itself confirm physical location, facility identity, or absence of a mid-period relocation/rename.",1.6962568154349136,2018-01-01,2019-12-31,,True,confirmed_period,America/Anchorage,1953-11-01,,True,True,
APN,KAPN,Michigan,US,MI_ASOS,APN,America/Detroit,45.0780983,-83.56030273,MI_ASOS,"IEM network-metadata lookup only: station id presence + archive period coverage + tzname string match. Does NOT by itself confirm physical location, facility identity, or absence of a mid-period relocation/rename.",0.7808247131633824,2018-01-01,2019-12-31,,True,confirmed_period,America/Detroit,1959-09-01,,True,True,
ART,KART,New York,US,NY_ASOS,ART,America/New_York,43.9919013977,-76.021697998,NY_ASOS,"IEM network-metadata lookup only: station id presence + archive period coverage + tzname string match. Does NOT by itself confirm physical location, facility identity, or absence of a mid-period relocation/rename.",0.4986422072267164,2018-01-01,2019-12-31,,True,confirmed_period,America/New_York,1949-04-30,,True,True,
ASE,KASE,Colorado,US,CO_ASOS,ASE,America/Denver,39.22320175,-106.8690033,CO_ASOS,"IEM network-metadata lookup only: station id presence + archive period coverage + tzname string match. Does NOT by itself confirm physical location, facility identity, or absence of a mid-period relocation/rename.",0.008900549482048355,2018-01-01,2019-12-31,,True,confirmed_period,America/Denver,1972-12-31,,True,True,
ATL,KATL,Georgia,US,GA_ASOS,ATL,America/New_York,33.6366996765,-84.4281005859,GA_ASOS,"IEM network-metadata lookup only: station id presence + archive period coverage + tzname string match. Does NOT by itself confirm physical location, facility identity, or absence of a mid-period relocation/rename.",1.4653094865454117,2018-01-01,2019-12-31,,True,confirmed_period,America/New_York,1945-01-01,,True,True,
ATW,KATW,Wisconsin,US,WI_ASOS,ATW,America/Chicago,44.2580986023,-88.5190963745,WI_ASOS,"IEM network-metadata lookup only: station id presence + archive period coverage + tzname string match. Does NOT by itself confirm physical location, facility identity, or absence of a mid-period relocation/rename.",0.00032790053105050885,2018-01-01,2019-12-31,,True,confirmed_period,America/Chicago,1980-09-10,,True,True,
ATY,KATY,South Dakota,US,SD_ASOS,ATY,America/Chicago,44.91400146,-97.15470123,SD_ASOS,"IEM network-metadata lookup only: station id presence + archive period coverage + tzname string match. Does NOT by itself confirm physical location, facility identity, or absence of a mid-period relocation/rename.",0.00018904212819044589,2018-01-01,2019-12-31,,True,confirmed_period,America/Chicago,1948-01-01,,True,True,
AUS,KAUS,Texas,US,TX_ASOS,AUS,America/Chicago,30.1944999695,-97.6698989868,TX_ASOS,"IEM network-metadata lookup only: station id presence + archive period coverage + tzname string match. Does NOT by itself confirm physical location, facility identity, or absence of a mid-period relocation/rename.",1.5997359255505164,2018-01-01,2019-12-31,,True,confirmed_period,America/Chicago,1998-04-28,,True,True,
AVL,KAVL,North Carolina,US,NC_ASOS,AVL,America/New_York,35.4361991882,-82.5418014526,NC_ASOS,"IEM network-metadata lookup only: station id presence + archive period coverage + tzname string match. Does NOT by itself confirm physical location, facility identity, or absence of a mid-period relocation/rename.",0.6167700217120218,2018-01-01,2019-12-31,,True,confirmed_period,America/New_York,1948-01-01,,True,True,
AVP,KAVP,Pennsylvania,US,PA_ASOS,AVP,America/New_York,41.3385009766,-75.7233963013,PA_ASOS,"IEM network-metadata lookup only: station id presence + archive period coverage + tzname string match. Does NOT by itself confirm physical location, facility identity, or absence of a mid-period relocation/rename.",0.5591145265917554,2018-01-01,2019-12-31,,True,confirmed_period,America/New_York,1934-09-21,,True,True,
AZA,KIWA,Arizona,US,AZ_ASOS,AZA,America/Phoenix,33.30780029,-111.6549988,,"IEM network-metadata lookup only: station id presence + archive period coverage + tzname string match. Does NOT by itself confirm physical location, facility identity, or absence of a mid-period relocation/rename.",,,,,False,unconfirmed,,,,,,candidate sid AZA not found in AZ_ASOS
AZO,KAZO,Michigan,US,MI_ASOS,AZO,America/Detroit,42.2349014282,-85.5521011353,MI_ASOS,"IEM network-metadata lookup only: station id presence + archive period coverage + tzname string match. Does NOT by itself confirm physical location, facility identity, or absence of a mid-period relocation/rename.",0.0278544110992788,2018-01-01,2019-12-31,,True,confirmed_period,America/Detroit,1972-12-31,,True,True,
BDL,KBDL,Connecticut,US,CT_ASOS,BDL,America/New_York,41.9388999939,-72.6831970215,CT_ASOS,"IEM network-metadata lookup only: station id presence + archive period coverage + tzname string match. Does NOT by itself confirm physical location, facility identity, or absence of a mid-period relocation/rename.",0.10600456835458327,2018-01-01,2019-12-31,,True,confirmed_period,America/New_York,1941-09-12,,True,True,
BET,PABE,Alaska,US,AK_ASOS,PABE,America/Anchorage,60.77980042,-161.8379974,AK_ASOS,"IEM network-metadata lookup only: station id presence + archive period coverage + tzname string match. Does NOT by itself confirm physical location, facility identity, or absence of a mid-period relocation/rename.",0.9172160507874784,2018-01-01,2019-12-31,,True,confirmed_period,America/Anchorage,1945-01-01,,True,True,
BFF,KBFF,Nebraska,US,NE_ASOS,BFF,America/Denver,41.87400055,-103.5960007,NE_ASOS,"IEM network-metadata lookup only: station id presence + archive period coverage + tzname string match. Does NOT by itself confirm physical location, facility identity, or absence of a mid-period relocation/rename.",0.03317700307795852,2018-01-01,2019-12-31,,True,confirmed_period,America/Denver,1940-04-13,,True,True,
BFL,KBFL,California,US,CA_ASOS,BFL,America/Los_Angeles,35.43360138,-119.0569992,CA_ASOS,"IEM network-metadata lookup only: station id presence + archive period coverage + tzname string match. Does NOT by itself confirm physical location, facility identity, or absence of a mid-period relocation/rename.",0.268705456428721,2018-01-01,2019-12-31,,True,confirmed_period,America/Los_Angeles,1928-01-01,,True,True,
BFM,KBFM,Alabama,US,AL_ASOS,BFM,America/Chicago,30.6268005371,-88.0680999756,AL_ASOS,"IEM network-metadata lookup only: station id presence + archive period coverage + tzname string match. Does NOT by itself confirm physical location, facility identity, or absence of a mid-period relocation/rename.",5.9768493355013575e-05,2018-01-01,2019-12-31,,True,confirmed_period,America/Chicago,1942-07-01,,True,True,
BGM,KBGM,New York,US,NY_ASOS,BGM,America/New_York,42.20869827,-75.97979736,NY_ASOS,"IEM network-metadata lookup only: station id presence + archive period coverage + tzname string match. Does NOT by itself confirm physical location, facility identity, or absence of a mid-period relocation/rename.",0.013553739000155482,2018-01-01,2019-12-31,,True,confirmed_period,America/New_York,1948-01-01,,True,True,
BGR,KBGR,Maine,US,ME_ASOS,BGR,America/New_York,44.8073997498,-68.8281021118,ME_ASOS,"IEM network-metadata lookup only: station id presence + archive period coverage + tzname string match. Does NOT by itself confirm physical location, facility identity, or absence of a mid-period relocation/rename.",0.00016890824904388578,2018-01-01,2019-12-31,,True,confirmed_period,America/New_York,1941-11-30,,True,True,
BHM,KBHM,Alabama,US,AL_ASOS,BHM,America/Chicago,33.56290054,-86.75350189,AL_ASOS,"IEM network-metadata lookup only: station id presence + archive period coverage + tzname string match. Does NOT by itself confirm physical location, facility identity, or absence of a mid-period relocation/rename.",0.847804571296441,2018-01-01,2019-12-31,,True,confirmed_period,America/Chicago,1942-08-01,,True,True,
BIL,KBIL,Montana,US,MT_ASOS,BIL,America/Denver,45.8077011108,-108.5429992676,MT_ASOS,"IEM network-metadata lookup only: station id presence + archive period coverage + tzname string match. Does NOT by itself confirm physical location, facility identity, or absence of a mid-period relocation/rename.",0.10850457426702773,2018-01-01,2019-12-31,,True,confirmed_period,America/Denver,1935-05-01,,True,True,
BIS,KBIS,North Dakota,US,ND_ASOS,BIS,America/Chicago,46.7727012634,-100.7460021973,ND_ASOS,"IEM network-metadata lookup only: station id presence + archive period coverage + tzname string match. Does NOT by itself confirm physical location, facility identity, or absence of a mid-period relocation/rename.",0.015399356889712053,2018-01-01,2019-12-31,,True,confirmed_period,America/Chicago,1900-12-31,,True,True,
BJI,KBJI,Minnesota,US,MN_ASOS,BJI,America/Chicago,47.50939941,-94.93370056,MN_ASOS,"IEM network-metadata lookup only: station id presence + archive period coverage + tzname string match. Does NOT by itself confirm physical location, facility identity, or absence of a mid-period relocation/rename.",7.793043801964256e-05,2018-01-01,2019-12-31,,True,confirmed_period,America/Chicago,1972-12-31,,True,True,
BKG,KBBG,Missouri,US,MO_ASOS,BKG,America/Chicago,36.532082,-93.200544,,"IEM network-metadata lookup only: station id presence + archive period coverage + tzname string match. Does NOT by itself confirm physical location, facility identity, or absence of a mid-period relocation/rename.",,,,,False,unconfirmed,,,,,,candidate sid BKG not found in MO_ASOS
BLI,KBLI,Washington,US,WA_ASOS,BLI,America/Los_Angeles,48.7928009033,-122.5380020142,WA_ASOS,"IEM network-metadata lookup only: station id presence + archive period coverage + tzname string match. Does NOT by itself confirm physical location, facility identity, or absence of a mid-period relocation/rename.",0.03844789185704071,2018-01-01,2019-12-31,,True,confirmed_period,America/Los_Angeles,1930-02-05,,True,True,
BLV,KBLV,Illinois,US,IL_ASOS,BLV,America/Chicago,38.54520035,-89.83519745,IL_ASOS,"IEM network-metadata lookup only: station id presence + archive period coverage + tzname string match. Does NOT by itself confirm physical location, facility identity, or absence of a mid-period relocation/rename.",1.4179645278618385,2018-01-01,2019-12-31,,True,confirmed_period,America/Chicago,1938-01-01,,True,True,
BMI,KBMI,Illinois,US,IL_ASOS,BMI,America/Chicago,40.47710037,-88.91590118,IL_ASOS,"IEM network-metadata lookup only: station id presence + archive period coverage + tzname string match. Does NOT by itself confirm physical location, facility identity, or absence of a mid-period relocation/rename.",0.00010795429288141793,2018-01-01,2019-12-31,,True,confirmed_period,America/Chicago,1976-04-02,,True,True,
BNA,KBNA,Tennessee,US,TN_ASOS,BNA,America/Chicago,36.1245002747,-86.6781997681,TN_ASOS,"IEM network-metadata lookup only: station id presence + archive period coverage + tzname string match. Does NOT by itself confirm physical location, facility identity, or absence of a mid-period relocation/rename.",1.167904813323156,2018-01-01,2019-12-31,,True,confirmed_period,America/Chicago,1934-01-01,,True,True,
BOI,KBOI,Idaho,US,ID_ASOS,BOI,America/Boise,43.56439972,-116.2229996,ID_ASOS,"IEM network-metadata lookup only: station id presence + archive period coverage + tzname string match. Does NOT by itself confirm physical location, facility identity, or absence of a mid-period relocation/rename.",1.4409550449487971,2018-01-01,2019-12-31,,True,confirmed_period,America/Boise,1929-01-01,,True,True,
BOS,KBOS,Massachusetts,US,MA_ASOS,BOS,America/New_York,42.36429977,-71.00520325,MA_ASOS,"IEM network-metadata lookup only: station id presence + archive period coverage + tzname string match. Does NOT by itself confirm physical location, facility identity, or absence of a mid-period relocation/rename.",0.5529449150622391,2018-01-01,2019-12-31,,True,confirmed_period,America/New_York,1936-01-01,,True,True,
BPT,KBPT,Texas,US,TX_ASOS,BPT,America/Chicago,29.950799942,-94.0206985474,TX_ASOS,"IEM network-metadata lookup only: station id presence + archive period coverage + tzname string match. Does NOT by itself confirm physical location, facility identity, or absence of a mid-period relocation/rename.",0.5401073454189395,2018-01-01,2019-12-31,,True,confirmed_period,America/Chicago,1944-03-04,,True,True,
BQK,KBQK,Georgia,US,GA_ASOS,BQK,America/New_York,31.2588005066,-81.4664993286,GA_ASOS,"IEM network-metadata lookup only: station id presence + archive period coverage + tzname string match. Does NOT by itself confirm physical location, facility identity, or absence of a mid-period relocation/rename.",8.512375009720977e-05,2018-01-01,2019-12-31,,True,confirmed_period,America/New_York,1972-12-31,,True,True,
BQN,TJBQ,Aguadilla,PR,PR_ASOS,TJBQ,America/Puerto_Rico,18.4948997498,-67.1294021606,PR_ASOS,"IEM network-metadata lookup only: station id presence + archive period coverage + tzname string match. Does NOT by itself confirm physical location, facility identity, or absence of a mid-period relocation/rename.",0.00022953202752117619,2018-01-01,2019-12-31,,True,confirmed_period,America/Puerto_Rico,1940-03-11,,True,True,
BRD,KBRD,Minnesota,US,MN_ASOS,BRD,America/Chicago,46.39830017,-94.13809967,MN_ASOS,"IEM network-metadata lookup only: station id presence + archive period coverage + tzname string match. Does NOT by itself confirm physical location, facility identity, or absence of a mid-period relocation/rename.",0.9053870326441377,2018-01-01,2019-12-31,,True,confirmed_period,America/Chicago,1972-12-31,,True,True,
BRO,KBRO,Texas,US,TX_ASOS,BRO,America/Chicago,25.9067993164,-97.4259033203,TX_ASOS,"IEM network-metadata lookup only: station id presence + archive period coverage + tzname string match. Does NOT by itself confirm physical location, facility identity, or absence of a mid-period relocation/rename.",0.9115875969276712,2018-01-01,2019-12-31,,True,confirmed_period,America/Chicago,1947-01-01,,True,True,
BRW,PABR,Alaska,US,AK_ASOS,PABR,America/Anchorage,71.2854003906,-156.7660064697,AK_ASOS,"IEM network-metadata lookup only: station id presence + archive period coverage + tzname string match. Does NOT by itself confirm physical location, facility identity, or absence of a mid-period relocation/rename.",0.9850953331222948,2018-01-01,2019-12-31,,True,confirmed_period,America/Anchorage,1920-10-01,,True,True,
BTM,KBTM,Montana,US,MT_ASOS,BTM,America/Denver,45.9547996521,-112.4970016479,MT_ASOS,"IEM network-metadata lookup only: station id presence + archive period coverage + tzname string match. Does NOT by itself confirm physical location, facility identity, or absence of a mid-period relocation/rename.",0.0385254625705876,2018-01-01,2019-12-31,,True,confirmed_period,America/Denver,1931-04-06,,True,True,
BTR,KBTR,Louisiana,US,LA_ASOS,BTR,America/Chicago,30.53319931,-91.14959717,LA_ASOS,"IEM network-metadata lookup only: station id presence + archive period coverage + tzname string match. Does NOT by itself confirm physical location, facility identity, or absence of a mid-period relocation/rename.",0.5144187971534238,2018-01-01,2019-12-31,,True,confirmed_period,America/Chicago,1932-06-04,,True,True,
BTV,KBTV,Vermont,US,VT_ASOS,BTV,America/New_York,44.4719009399,-73.1532974243,VT_ASOS,"IEM network-metadata lookup only: station id presence + archive period coverage + tzname string match. Does NOT by itself confirm physical location, facility identity, or absence of a mid-period relocation/rename.",0.33636223048083225,2018-01-01,2019-12-31,,True,confirmed_period,America/New_York,1947-12-31,,True,True,
BUF,KBUF,New York,US,NY_ASOS,BUF,America/New_York,42.94049835,-78.73220062,NY_ASOS,"IEM network-metadata lookup only: station id presence + archive period coverage + tzname string match. Does NOT by itself confirm physical location, facility identity, or absence of a mid-period relocation/rename.",0.29490842402125383,2018-01-01,2019-12-31,,True,confirmed_period,America/New_York,1929-12-16,,True,True,
BUR,KBUR,California,US,CA_ASOS,BUR,America/Los_Angeles,34.2006988525,-118.3590011597,CA_ASOS,"IEM network-metadata lookup only: station id presence + archive period coverage + tzname string match. Does NOT by itself confirm physical location, facility identity, or absence of a mid-period relocation/rename.",0.027696905849205047,2018-01-01,2019-12-31,,True,confirmed_period,America/Los_Angeles,1943-06-01,,True,True,
BWI,KBWI,Maryland,US,MD_ASOS,BWI,America/New_York,39.17539978,-76.66829681,MD_ASOS,"IEM network-metadata lookup only: station id presence + archive period coverage + tzname string match. Does NOT by itself confirm physical location, facility identity, or absence of a mid-period relocation/rename.",1.3821225288817927,2018-01-01,2019-12-31,,True,confirmed_period,America/New_York,1945-01-01,,True,True,
BZN,KBZN,Montana,US,MT_ASOS,BZN,America/Denver,45.77750015,-111.1529999,MT_ASOS,"IEM network-metadata lookup only: station id presence + archive period coverage + tzname string match. Does NOT by itself confirm physical location, facility identity, or absence of a mid-period relocation/rename.",1.3247924795629722,2018-01-01,2019-12-31,,True,confirmed_period,America/Denver,1948-01-01,,True,True,
CAE,KCAE,South Carolina,US,SC_ASOS,CAE,America/New_York,33.9388008118,-81.1194992065,SC_ASOS,"IEM network-metadata lookup only: station id presence + archive period coverage + tzname string match. Does NOT by itself confirm physical location, facility identity, or absence of a mid-period relocation/rename.",0.3679943069018782,2018-01-01,2019-12-31,,True,confirmed_period,America/New_York,1942-04-23,,True,True,
CAK,KCAK,Ohio,US,OH_ASOS,CAK,America/New_York,40.9160995483,-81.442199707,OH_ASOS,"IEM network-metadata lookup only: station id presence + archive period coverage + tzname string match. Does NOT by itself confirm physical location, facility identity, or absence of a mid-period relocation/rename.",5.593629702330334e-05,2018-01-01,2019-12-31,,True,confirmed_period,America/New_York,1948-07-01,,True,True,
CDC,KCDC,Utah,US,UT_ASOS,CDC,America/Denver,37.7010002136,-113.0989990234,UT_ASOS,"IEM network-metadata lookup only: station id presence + archive period coverage + tzname string match. Does NOT by itself confirm physical location, facility identity, or absence of a mid-period relocation/rename.",0.14186317098405832,2018-01-01,2019-12-31,,True,confirmed_period,America/Denver,1928-01-01,,True,True,
CDV,PACV,Alaska,US,AK_ASOS,PACV,America/Anchorage,60.4917984,-145.4779968,AK_ASOS,"IEM network-metadata lookup only: station id presence + archive period coverage + tzname string match. Does NOT by itself confirm physical location, facility identity, or absence of a mid-period relocation/rename.",1.5080163730402143,2018-01-01,2019-12-31,,True,confirmed_period,America/Anchorage,1942-06-11,,True,True,
CGI,KCGI,Missouri,US,MO_ASOS,CGI,America/Chicago,37.2252998352,-89.5708007813,MO_ASOS,"IEM network-metadata lookup only: station id presence + archive period coverage + tzname string match. Does NOT by itself confirm physical location, facility identity, or absence of a mid-period relocation/rename.",7.156269893967811e-05,2018-01-01,2019-12-31,,True,confirmed_period,America/Chicago,1972-12-31,,True,True,
CHA,KCHA,Tennessee,US,TN_ASOS,CHA,America/New_York,35.0353012085,-85.2037963867,TN_ASOS,"IEM network-metadata lookup only: station id presence + archive period coverage + tzname string match. Does NOT by itself confirm physical location, facility identity, or absence of a mid-period relocation/rename.",0.00035536487887495523,2018-01-01,2019-12-31,,True,confirmed_period,America/New_York,1932-12-31,,True,True,
CHO,KCHO,Virginia,US,VA_ASOS,CHO,America/New_York,38.1385993958,-78.4529037476,VA_ASOS,"IEM network-metadata lookup only: station id presence + archive period coverage + tzname string match. Does NOT by itself confirm physical location, facility identity, or absence of a mid-period relocation/rename.",0.0003345690297566766,2018-01-01,2019-12-31,,True,confirmed_period,America/New_York,1961-04-20,,True,True,
CHS,KCHS,South Carolina,US,SC_ASOS,CHS,America/New_York,32.89860153,-80.04049683,SC_ASOS,"IEM network-metadata lookup only: station id presence + archive period coverage + tzname string match. Does NOT by itself confirm physical location, facility identity, or absence of a mid-period relocation/rename.",0.0003413745397823711,2018-01-01,2019-12-31,,True,confirmed_period,America/New_York,1945-01-01,,True,True,
CID,KCID,Iowa,US,IA_ASOS,CID,America/Chicago,41.8847007751,-91.7108001709,IA_ASOS,"IEM network-metadata lookup only: station id presence + archive period coverage + tzname string match. Does NOT by itself confirm physical location, facility identity, or absence of a mid-period relocation/rename.",1.1598313309950574,2018-01-01,2019-12-31,,True,confirmed_period,America/Chicago,1972-12-31,,True,True,
CIU,KCIU,Michigan,US,MI_ASOS,CIU,America/Detroit,46.2508010864,-84.4723968506,MI_ASOS,"IEM network-metadata lookup only: station id presence + archive period coverage + tzname string match. Does NOT by itself confirm physical location, facility identity, or absence of a mid-period relocation/rename.",0.20469716683913322,2018-01-01,2019-12-31,,True,confirmed_period,America/Detroit,1953-04-14,,True,True,
CKB,KCKB,West Virginia,US,WV_ASOS,CKB,America/New_York,39.2966003418,-80.2281036377,WV_ASOS,"IEM network-metadata lookup only: station id presence + archive period coverage + tzname string match. Does NOT by itself confirm physical location, facility identity, or absence of a mid-period relocation/rename.",0.0003153280293084366,2018-01-01,2019-12-31,,True,confirmed_period,America/New_York,1972-12-31,,True,True,
CLE,KCLE,Ohio,US,OH_ASOS,CLE,America/New_York,41.4117012024,-81.8498001099,OH_ASOS,"IEM network-metadata lookup only: station id presence + archive period coverage + tzname string match. Does NOT by itself confirm physical location, facility identity, or absence of a mid-period relocation/rename.",0.7006623409894833,2018-01-01,2019-12-31,,True,confirmed_period,America/New_York,1931-02-14,,True,True,
CLL,KCLL,Texas,US,TX_ASOS,CLL,America/Chicago,30.58860016,-96.36380005,TX_ASOS,"IEM network-metadata lookup only: station id presence + archive period coverage + tzname string match. Does NOT by itself confirm physical location, facility identity, or absence of a mid-period relocation/rename.",0.05643226096865255,2018-01-01,2019-12-31,,True,confirmed_period,America/Chicago,1929-07-25,,True,True,
CLT,KCLT,North Carolina,US,NC_ASOS,CLT,America/New_York,35.2140007019,-80.9430999756,NC_ASOS,"IEM network-metadata lookup only: station id presence + archive period coverage + tzname string match. Does NOT by itself confirm physical location, facility identity, or absence of a mid-period relocation/rename.",1.3962403912390466,2018-01-01,2019-12-31,,True,confirmed_period,America/New_York,1941-07-22,,True,True,
CMH,KCMH,Ohio,US,OH_ASOS,CMH,America/New_York,39.9980010986,-82.8918991089,OH_ASOS,"IEM network-metadata lookup only: station id presence + archive period coverage + tzname string match. Does NOT by itself confirm physical location, facility identity, or absence of a mid-period relocation/rename.",1.1969710658278212,2018-01-01,2019-12-31,,True,confirmed_period,America/New_York,1945-04-01,,True,True,
CMI,KCMI,Illinois,US,IL_ASOS,CMI,America/Chicago,40.03919983,-88.27809906,IL_ASOS,"IEM network-metadata lookup only: station id presence + archive period coverage + tzname string match. Does NOT by itself confirm physical location, facility identity, or absence of a mid-period relocation/rename.",0.7878200380556257,2018-01-01,2019-12-31,,True,confirmed_period,America/Chicago,1972-12-31,,True,True,
CMX,KCMX,Michigan,US,MI_ASOS,CMX,America/Detroit,47.1683998108,-88.4890975952,MI_ASOS,"IEM network-metadata lookup only: station id presence + archive period coverage + tzname string match. Does NOT by itself confirm physical location, facility identity, or absence of a mid-period relocation/rename.",0.00018300537930725734,2018-01-01,2019-12-31,,True,confirmed_period,America/Detroit,1947-12-31,,True,True,
CNY,KCNY,Utah,US,UT_ASOS,CNY,America/Denver,38.75500107,-109.7549973,UT_ASOS,"IEM network-metadata lookup only: station id presence + archive period coverage + tzname string match. Does NOT by itself confirm physical location, facility identity, or absence of a mid-period relocation/rename.",0.017108936544491575,2018-01-01,2019-12-31,,True,confirmed_period,America/Denver,1973-03-01,,True,True,
COD,KCOD,Wyoming,US,WY_ASOS,COD,America/Denver,44.520198822,-109.0240020752,WY_ASOS,"IEM network-metadata lookup only: station id presence + archive period coverage + tzname string match. Does NOT by itself confirm physical location, facility identity, or absence of a mid-period relocation/rename.",0.016021554301493962,2018-01-01,2019-12-31,,True,confirmed_period,America/Denver,1973-01-01,,True,True,
COS,KCOS,Colorado,US,CO_ASOS,COS,America/Denver,38.8058013916,-104.7009963989,CO_ASOS,"IEM network-metadata lookup only: station id presence + archive period coverage + tzname string match. Does NOT by itself confirm physical location, facility identity, or absence of a mid-period relocation/rename.",0.017018961396070655,2018-01-01,2019-12-31,,True,confirmed_period,America/Denver,1942-09-01,,True,True,
COU,KCOU,Missouri,US,MO_ASOS,COU,America/Chicago,38.8180999756,-92.2195968628,MO_ASOS,"IEM network-metadata lookup only: station id presence + archive period coverage + tzname string match. Does NOT by itself confirm physical location, facility identity, or absence of a mid-period relocation/rename.",0.174436089051058,2018-01-01,2019-12-31,,True,confirmed_period,America/Chicago,1969-11-01,,True,True,
CPR,KCPR,Wyoming,US,WY_ASOS,CPR,America/Denver,42.90800095,-106.4639969,WY_ASOS,"IEM network-metadata lookup only: station id presence + archive period coverage + tzname string match. Does NOT by itself confirm physical location, facility identity, or absence of a mid-period relocation/rename.",0.03283048670430338,2018-01-01,2019-12-31,,True,confirmed_period,America/Denver,1940-01-01,,True,True,
CRP,KCRP,Texas,US,TX_ASOS,CRP,America/Chicago,27.7703990936,-97.5011978149,TX_ASOS,"IEM network-metadata lookup only: station id presence + archive period coverage + tzname string match. Does NOT by itself confirm physical location, facility identity, or absence of a mid-period relocation/rename.",1.1803466032422743,2018-01-01,2019-12-31,,True,confirmed_period,America/Chicago,1937-04-01,,True,True,
CRW,KCRW,West Virginia,US,WV_ASOS,CRW,America/New_York,38.3731002808,-81.5932006836,WV_ASOS,"IEM network-metadata lookup only: station id presence + archive period coverage + tzname string match. Does NOT by itself confirm physical location, facility identity, or absence of a mid-period relocation/rename.",0.7540177630674898,2018-01-01,2019-12-31,,True,confirmed_period,America/New_York,1949-02-01,,True,True,
CSG,KCSG,Georgia,US,GA_ASOS,CSG,America/New_York,32.5163002014,-84.9389038086,GA_ASOS,"IEM network-metadata lookup only: station id presence + archive period coverage + tzname string match. Does NOT by itself confirm physical location, facility identity, or absence of a mid-period relocation/rename.",0.30986505406107895,2018-01-01,2019-12-31,,True,confirmed_period,America/New_York,1947-12-31,,True,True,
CVG,KCVG,Kentucky,US,KY_ASOS,CVG,America/New_York,39.0488014221,-84.6678009033,KY_ASOS,"IEM network-metadata lookup only: station id presence + archive period coverage + tzname string match. Does NOT by itself confirm physical location, facility identity, or absence of a mid-period relocation/rename.",0.7178432576778634,2018-01-01,2019-12-31,,True,confirmed_period,America/New_York,1947-12-31,,True,True,
CWA,KCWA,Wisconsin,US,WI_ASOS,CWA,America/Chicago,44.7775993347,-89.6668014526,WI_ASOS,"IEM network-metadata lookup only: station id presence + archive period coverage + tzname string match. Does NOT by itself confirm physical location, facility identity, or absence of a mid-period relocation/rename.",0.0001364503539685175,2018-01-01,2019-12-31,,True,confirmed_period,America/Chicago,1972-12-31,,True,True,
CYS,KCYS,Wyoming,US,WY_ASOS,CYS,America/Denver,41.15570068,-104.8119965,WY_ASOS,"IEM network-metadata lookup only: station id presence + archive period coverage + tzname string match. Does NOT by itself confirm physical location, facility identity, or absence of a mid-period relocation/rename.",0.12578840296737956,2018-01-01,2019-12-31,,True,confirmed_period,America/Denver,1934-01-04,,True,True,
DAB,KDAB,Florida,US,FL_ASOS,DAB,America/New_York,29.1798992157,-81.0580978394,FL_ASOS,"IEM network-metadata lookup only: station id presence + archive period coverage + tzname string match. Does NOT by itself confirm physical location, facility identity, or absence of a mid-period relocation/rename.",0.0002271661525860374,2018-01-01,2019-12-31,,True,confirmed_period,America/New_York,1943-05-01,,True,True,
DAL,KDAL,Texas,US,TX_ASOS,DAL,America/Chicago,32.8470993042,-96.8517990112,TX_ASOS,"IEM network-metadata lookup only: station id presence + archive period coverage + tzname string match. Does NOT by itself confirm physical location, facility identity, or absence of a mid-period relocation/rename.",0.0001204925554935386,2018-01-01,2019-12-31,,True,confirmed_period,America/Chicago,1930-01-01,,True,True,
DAY,KDAY,Ohio,US,OH_ASOS,DAY,America/New_York,39.9024009705,-84.2193984985,OH_ASOS,"IEM network-metadata lookup only: station id presence + archive period coverage + tzname string match. Does NOT by itself confirm physical location, facility identity, or absence of a mid-period relocation/rename.",0.4169152320840462,2018-01-01,2019-12-31,,True,confirmed_period,America/New_York,1929-12-31,,True,True,
DBQ,KDBQ,Iowa,US,IA_ASOS,DBQ,America/Chicago,42.40200043,-90.70950317,IA_ASOS,"IEM network-metadata lookup only: station id presence + archive period coverage + tzname string match. Does NOT by itself confirm physical location, facility identity, or absence of a mid-period relocation/rename.",0.4017165183477206,2018-01-01,2019-12-31,,True,confirmed_period,America/Chicago,1951-02-01,,True,True,
DCA,KDCA,Virginia,US,VA_ASOS,DCA,America/New_York,38.8521003723,-77.0376968384,VA_ASOS,"IEM network-metadata lookup only: station id presence + archive period coverage + tzname string match. Does NOT by itself confirm physical location, facility identity, or absence of a mid-period relocation/rename.",0.6073168896051097,2018-01-01,2019-12-31,,True,confirmed_period,America/New_York,1929-07-01,,True,True,
DEN,KDEN,Colorado,US,CO_ASOS,DEN,America/Denver,39.8616981506,-104.672996521,CO_ASOS,"IEM network-metadata lookup only: station id presence + archive period coverage + tzname string match. Does NOT by itself confirm physical location, facility identity, or absence of a mid-period relocation/rename.",3.4750099314437675,2018-01-01,2019-12-31,,True,confirmed_period,America/Denver,1974-11-12,,True,True,
DFW,KDFW,Texas,US,TX_ASOS,DFW,America/Chicago,32.8968009949,-97.0380020142,TX_ASOS,"IEM network-metadata lookup only: station id presence + archive period coverage + tzname string match. Does NOT by itself confirm physical location, facility identity, or absence of a mid-period relocation/rename.",0.00021818227821184918,2018-01-01,2019-12-31,,True,confirmed_period,America/Chicago,1953-05-01,,True,True,
DHN,KDHN,Alabama,US,AL_ASOS,DHN,America/Chicago,31.3213005066,-85.4496002197,AL_ASOS,"IEM network-metadata lookup only: station id presence + archive period coverage + tzname string match. Does NOT by itself confirm physical location, facility identity, or absence of a mid-period relocation/rename.",0.14951310343346122,2018-01-01,2019-12-31,,True,confirmed_period,America/Chicago,1941-12-16,,True,True,
DIK,KDIK,North Dakota,US,ND_ASOS,DIK,America/Denver,46.7974014282,-102.802001953,ND_ASOS,"IEM network-metadata lookup only: station id presence + archive period coverage + tzname string match. Does NOT by itself confirm physical location, facility identity, or absence of a mid-period relocation/rename.",0.013690562618036618,2018-01-01,2019-12-31,,True,confirmed_period,America/Denver,1948-12-01,,True,True,
DLG,PADL,Alaska,US,AK_ASOS,PADL,America/Anchorage,59.04470062,-158.5050049,AK_ASOS,"IEM network-metadata lookup only: station id presence + archive period coverage + tzname string match. Does NOT by itself confirm physical location, facility identity, or absence of a mid-period relocation/rename.",0.028317488188296835,2018-01-01,2019-12-31,,True,confirmed_period,America/Anchorage,1972-12-31,,True,True,
DLH,KDLH,Minnesota,US,MN_ASOS,DLH,America/Chicago,46.8420982361,-92.1936035156,MN_ASOS,"IEM network-metadata lookup only: station id presence + archive period coverage + tzname string match. Does NOT by itself confirm physical location, facility identity, or absence of a mid-period relocation/rename.",0.00033161449069306055,2018-01-01,2019-12-31,,True,confirmed_period,America/Chicago,1940-08-08,,True,True,
DRO,KDRO,Colorado,US,CO_ASOS,DRO,America/Denver,37.1515007019,-107.753997803,CO_ASOS,"IEM network-metadata lookup only: station id presence + archive period coverage + tzname string match. Does NOT by itself confirm physical location, facility identity, or absence of a mid-period relocation/rename.",0.01753087680168666,2018-01-01,2019-12-31,,True,confirmed_period,America/Denver,1972-12-31,,True,True,
DRT,KDRT,Texas,US,TX_ASOS,DRT,America/Chicago,29.3742008209,-100.927001953,TX_ASOS,"IEM network-metadata lookup only: station id presence + archive period coverage + tzname string match. Does NOT by itself confirm physical location, facility identity, or absence of a mid-period relocation/rename.",0.019190824682901675,2018-01-01,2019-12-31,,True,confirmed_period,America/Chicago,1946-08-09,,True,True,
DSM,KDSM,Iowa,US,IA_ASOS,DSM,America/Chicago,41.5340003967,-93.6631011963,IA_ASOS,"IEM network-metadata lookup only: station id presence + archive period coverage + tzname string match. Does NOT by itself confirm physical location, facility identity, or absence of a mid-period relocation/rename.",0.8324641155100768,2018-01-01,2019-12-31,,True,confirmed_period,America/Chicago,1928-01-01,,True,True,
DTW,KDTW,Michigan,US,MI_ASOS,DTW,America/Detroit,42.2123985291,-83.3534011841,MI_ASOS,"IEM network-metadata lookup only: station id presence + archive period coverage + tzname string match. Does NOT by itself confirm physical location, facility identity, or absence of a mid-period relocation/rename.",2.7466237555025637,2018-01-01,2019-12-31,,True,confirmed_period,America/Detroit,1942-08-01,,True,True,
DUT,PADU,Alaska,US,AK_ASOS,PADU,America/Nome,53.900100708,-166.5440063477,AK_ASOS,"IEM network-metadata lookup only: station id presence + archive period coverage + tzname string match. Does NOT by itself confirm physical location, facility identity, or absence of a mid-period relocation/rename.",0.03317375608776175,2018-01-01,2019-12-31,,True,confirmed_period,America/Nome,1946-01-01,,True,True,
DVL,KDVL,North Dakota,US,ND_ASOS,DVL,America/Chicago,48.11420059,-98.90879822,ND_ASOS,"IEM network-metadata lookup only: station id presence + archive period coverage + tzname string match. Does NOT by itself confirm physical location, facility identity, or absence of a mid-period relocation/rename.",0.05779726683441571,2018-01-01,2019-12-31,,True,confirmed_period,America/Chicago,1948-01-01,,True,True,
EAR,KEAR,Nebraska,US,NE_ASOS,EAR,America/Chicago,40.72700119,-99.00679779,NE_ASOS,"IEM network-metadata lookup only: station id presence + archive period coverage + tzname string match. Does NOT by itself confirm physical location, facility identity, or absence of a mid-period relocation/rename.",0.00022845236694570782,2018-01-01,2019-12-31,,True,confirmed_period,America/Chicago,1943-03-12,,True,True,
EAT,KEAT,Washington,US,WA_ASOS,EAT,America/Los_Angeles,47.3988990784,-120.2070007324,WA_ASOS,"IEM network-metadata lookup only: station id presence + archive period coverage + tzname string match. Does NOT by itself confirm physical location, facility identity, or absence of a mid-period relocation/rename.",0.011222120803796837,2018-01-01,2019-12-31,,True,confirmed_period,America/Los_Angeles,1972-12-31,,True,True,
EAU,KEAU,Wisconsin,US,WI_ASOS,EAU,America/Chicago,44.8657989502,-91.4842987061,WI_ASOS,"IEM network-metadata lookup only: station id presence + archive period coverage + tzname string match. Does NOT by itself confirm physical location, facility identity, or absence of a mid-period relocation/rename.",0.00015500011726131177,2018-01-01,2019-12-31,,True,confirmed_period,America/Chicago,1947-07-04,,True,True,
ECP,KECP,Florida,US,FL_ASOS,ECP,America/Chicago,30.3417,-85.7973,FL_ASOS,"IEM network-metadata lookup only: station id presence + archive period coverage + tzname string match. Does NOT by itself confirm physical location, facility identity, or absence of a mid-period relocation/rename.",1.8419563542278932,2018-01-01,2019-12-31,,True,confirmed_period,America/Chicago,2010-05-23,,True,True,
EGE,KEGE,Colorado,US,CO_ASOS,EGE,America/Denver,39.64260101,-106.9179993,CO_ASOS,"IEM network-metadata lookup only: station id presence + archive period coverage + tzname string match. Does NOT by itself confirm physical location, facility identity, or absence of a mid-period relocation/rename.",0.02562767650760794,2018-01-01,2019-12-31,,True,confirmed_period,America/Denver,1948-01-01,,True,True,
EKO,KEKO,Nevada,US,NV_ASOS,EKO,America/Los_Angeles,40.8249015808,-115.7919998169,NV_ASOS,"IEM network-metadata lookup only: station id presence + archive period coverage + tzname string match. Does NOT by itself confirm physical location, facility identity, or absence of a mid-period relocation/rename.",0.5108344923136475,2018-01-01,2019-12-31,,True,confirmed_period,America/Los_Angeles,1930-01-01,,True,True,
ELM,KELM,New York,US,NY_ASOS,ELM,America/New_York,42.1599006653,-76.8916015625,NY_ASOS,"IEM network-metadata lookup only: station id presence + archive period coverage + tzname string match. Does NOT by itself confirm physical location, facility identity, or absence of a mid-period relocation/rename.",0.7142729011517968,2018-01-01,2019-12-31,,True,confirmed_period,America/New_York,1929-05-01,,True,True,
ELP,KELP,Texas,US,TX_ASOS,ELP,America/Denver,31.80719948,-106.3779984,TX_ASOS,"IEM network-metadata lookup only: station id presence + archive period coverage + tzname string match. Does NOT by itself confirm physical location, facility identity, or absence of a mid-period relocation/rename.",0.4809016732203537,2018-01-01,2019-12-31,,True,confirmed_period,America/Denver,1930-01-01,,True,True,
ERI,KERI,Pennsylvania,US,PA_ASOS,ERI,America/New_York,42.0831270134,-80.1738667488,PA_ASOS,"IEM network-metadata lookup only: station id presence + archive period coverage + tzname string match. Does NOT by itself confirm physical location, facility identity, or absence of a mid-period relocation/rename.",0.6140883137690832,2018-01-01,2019-12-31,,True,confirmed_period,America/New_York,1929-10-16,,True,True,
ESC,KESC,Michigan,US,MI_ASOS,ESC,America/Detroit,45.7226982117,-87.0936965942,MI_ASOS,"IEM network-metadata lookup only: station id presence + archive period coverage + tzname string match. Does NOT by itself confirm physical location, facility identity, or absence of a mid-period relocation/rename.",0.0003308209587323227,2018-01-01,2019-12-31,,True,confirmed_period,America/Detroit,1947-12-31,,True,True,
EUG,KEUG,Oregon,US,OR_ASOS,EUG,America/Los_Angeles,44.1245994568,-123.2119979858,OR_ASOS,"IEM network-metadata lookup only: station id presence + archive period coverage + tzname string match. Does NOT by itself confirm physical location, facility identity, or absence of a mid-period relocation/rename.",0.00017174305367637327,2018-01-01,2019-12-31,,True,confirmed_period,America/Los_Angeles,1948-01-01,,True,True,
EVV,KEVV,Indiana,US,IN_ASOS,EVV,America/Chicago,38.0369987488,-87.5324020386,IN_ASOS,"IEM network-metadata lookup only: station id presence + archive period coverage + tzname string match. Does NOT by itself confirm physical location, facility identity, or absence of a mid-period relocation/rename.",1.3076413080376452,2018-01-01,2019-12-31,,True,confirmed_period,America/Chicago,1901-01-01,,True,True,
EWN,KEWN,North Carolina,US,NC_ASOS,EWN,America/New_York,35.0730018616,-77.0429000854,NC_ASOS,"IEM network-metadata lookup only: station id presence + archive period coverage + tzname string match. Does NOT by itself confirm physical location, facility identity, or absence of a mid-period relocation/rename.",0.7262294662871698,2018-01-01,2019-12-31,,True,confirmed_period,America/New_York,1948-12-31,,True,True,
EWR,KEWR,New Jersey,US,NJ_ASOS,EWR,America/New_York,40.6925010681,-74.1687011719,NJ_ASOS,"IEM network-metadata lookup only: station id presence + archive period coverage + tzname string match. Does NOT by itself confirm physical location, facility identity, or absence of a mid-period relocation/rename.",1.0909995352415516,2018-01-01,2019-12-31,,True,confirmed_period,America/New_York,1930-12-31,,True,True,
EYW,KEYW,Florida,US,FL_ASOS,EYW,America/New_York,24.5561008453,-81.7595977783,FL_ASOS,"IEM network-metadata lookup only: station id presence + archive period coverage + tzname string match. Does NOT by itself confirm physical location, facility identity, or absence of a mid-period relocation/rename.",0.00024356531699186573,2018-01-01,2019-12-31,,True,confirmed_period,America/New_York,1932-07-06,,True,True,
FAI,PAFA,Alaska,US,AK_ASOS,PAFA,America/Anchorage,64.81510162,-147.8560028,AK_ASOS,"IEM network-metadata lookup only: station id presence + archive period coverage + tzname string match. Does NOT by itself confirm physical location, facility identity, or absence of a mid-period relocation/rename.",1.5672056128696337,2018-01-01,2019-12-31,,True,confirmed_period,America/Anchorage,1923-01-01,,True,True,
FAR,KFAR,North Dakota,US,ND_ASOS,FAR,America/Chicago,46.9207000732,-96.8158035278,ND_ASOS,"IEM network-metadata lookup only: station id presence + archive period coverage + tzname string match. Does NOT by itself confirm physical location, facility identity, or absence of a mid-period relocation/rename.",0.623872360682664,2018-01-01,2019-12-31,,True,confirmed_period,America/Chicago,1947-12-31,,True,True,
FAT,KFAT,California,US,CA_ASOS,FAT,America/Los_Angeles,36.7761993408,-119.7180023193,CA_ASOS,"IEM network-metadata lookup only: station id presence + archive period coverage + tzname string match. Does NOT by itself confirm physical location, facility identity, or absence of a mid-period relocation/rename.",0.4405663707235198,2018-01-01,2019-12-31,,True,confirmed_period,America/Los_Angeles,1941-12-04,,True,True,
FAY,KFAY,North Carolina,US,NC_ASOS,FAY,America/New_York,34.9911994934,-78.8803024292,NC_ASOS,"IEM network-metadata lookup only: station id presence + archive period coverage + tzname string match. Does NOT by itself confirm physical location, facility identity, or absence of a mid-period relocation/rename.",0.00022834645767188212,2018-01-01,2019-12-31,,True,confirmed_period,America/New_York,1972-12-31,,True,True,
FCA,KGPI,Montana,US,MT_ASOS,FCA,America/Denver,48.3105010986,-114.2559967041,,"IEM network-metadata lookup only: station id presence + archive period coverage + tzname string match. Does NOT by itself confirm physical location, facility identity, or absence of a mid-period relocation/rename.",,,,,False,unconfirmed,,,,,,candidate sid FCA not found in MT_ASOS
FLG,KFLG,Arizona,US,AZ_ASOS,FLG,America/Phoenix,35.13850021,-111.6709976,AZ_ASOS,"IEM network-metadata lookup only: station id presence + archive period coverage + tzname string match. Does NOT by itself confirm physical location, facility identity, or absence of a mid-period relocation/rename.",0.22804641991328323,2018-01-01,2019-12-31,,True,confirmed_period,America/Phoenix,1948-01-01,,True,True,
FLL,KFLL,Florida,US,FL_ASOS,FLL,America/New_York,26.072599411,-80.1527023315,FL_ASOS,"IEM network-metadata lookup only: station id presence + archive period coverage + tzname string match. Does NOT by itself confirm physical location, facility identity, or absence of a mid-period relocation/rename.",1.166192979947325,2018-01-01,2019-12-31,,True,confirmed_period,America/New_York,1945-12-31,,True,True,
FLO,KFLO,South Carolina,US,SC_ASOS,FLO,America/New_York,34.1853981018,-79.7238998413,SC_ASOS,"IEM network-metadata lookup only: station id presence + archive period coverage + tzname string match. Does NOT by itself confirm physical location, facility identity, or absence of a mid-period relocation/rename.",0.0002115746931332634,2018-01-01,2019-12-31,,True,confirmed_period,America/New_York,1947-12-31,,True,True,
FNT,KFNT,Michigan,US,MI_ASOS,FNT,America/Detroit,42.9654006958,-83.743598938,MI_ASOS,"IEM network-metadata lookup only: station id presence + archive period coverage + tzname string match. Does NOT by itself confirm physical location, facility identity, or absence of a mid-period relocation/rename.",0.4936357260739256,2018-01-01,2019-12-31,,True,confirmed_period,America/Detroit,1948-11-30,,True,True,
FSD,KFSD,South Dakota,US,SD_ASOS,FSD,America/Chicago,43.5820007324,-96.741897583,SD_ASOS,"IEM network-metadata lookup only: station id presence + archive period coverage + tzname string match. Does NOT by itself confirm physical location, facility identity, or absence of a mid-period relocation/rename.",1.1001274750270646,2018-01-01,2019-12-31,,True,confirmed_period,America/Chicago,1932-01-15,,True,True,
FSM,KFSM,Arkansas,US,AR_ASOS,FSM,America/Chicago,35.3366012573,-94.367401123,AR_ASOS,"IEM network-metadata lookup only: station id presence + archive period coverage + tzname string match. Does NOT by itself confirm physical location, facility identity, or absence of a mid-period relocation/rename.",0.00017298097808763016,2018-01-01,2019-12-31,,True,confirmed_period,America/Chicago,1947-01-01,,True,True,
FWA,KFWA,Indiana,US,IN_ASOS,FWA,America/Indiana/Indianapolis,40.97850037,-85.19509888,IN_ASOS,"IEM network-metadata lookup only: station id presence + archive period coverage + tzname string match. Does NOT by itself confirm physical location, facility identity, or absence of a mid-period relocation/rename.",1.1598635171778833,2018-01-01,2019-12-31,,True,confirmed_period,America/Indiana/Indianapolis,1911-05-20,,True,True,
GCC,KGCC,Wyoming,US,WY_ASOS,GCC,America/Denver,44.3488998413,-105.5390014648,WY_ASOS,"IEM network-metadata lookup only: station id presence + archive period coverage + tzname string match. Does NOT by itself confirm physical location, facility identity, or absence of a mid-period relocation/rename.",0.031689611693055605,2018-01-01,2019-12-31,,True,confirmed_period,America/Denver,1976-08-20,,True,True,
GCK,KGCK,Kansas,US,KS_ASOS,GCK,America/Chicago,37.9275016785,-100.7239990234,KS_ASOS,"IEM network-metadata lookup only: station id presence + archive period coverage + tzname string match. Does NOT by itself confirm physical location, facility identity, or absence of a mid-period relocation/rename.",0.03516994140508116,2018-01-01,2019-12-31,,True,confirmed_period,America/Chicago,1943-02-01,,True,True,
GEG,KGEG,Washington,US,WA_ASOS,GEG,America/Los_Angeles,47.6198997498,-117.533996582,WA_ASOS,"IEM network-metadata lookup only: station id presence + archive period coverage + tzname string match. Does NOT by itself confirm physical location, facility identity, or absence of a mid-period relocation/rename.",0.4875856928825947,2018-01-01,2019-12-31,,True,confirmed_period,America/Los_Angeles,1900-12-31,,True,True,
GFK,KGFK,North Dakota,US,ND_ASOS,GFK,America/Chicago,47.9492988586,-97.1761016846,ND_ASOS,"IEM network-metadata lookup only: station id presence + archive period coverage + tzname string match. Does NOT by itself confirm physical location, facility identity, or absence of a mid-period relocation/rename.",0.010993305931238881,2018-01-01,2019-12-31,,True,confirmed_period,America/Chicago,1948-01-01,,True,True,
GGG,KGGG,Texas,US,TX_ASOS,GGG,America/Chicago,32.3839988708,-94.7115020752,TX_ASOS,"IEM network-metadata lookup only: station id presence + archive period coverage + tzname string match. Does NOT by itself confirm physical location, facility identity, or absence of a mid-period relocation/rename.",0.00023181461863151036,2018-01-01,2019-12-31,,True,confirmed_period,America/Chicago,1947-05-04,,True,True,
GJT,KGJT,Colorado,US,CO_ASOS,GJT,America/Denver,39.1223983765,-108.527000427,CO_ASOS,"IEM network-metadata lookup only: station id presence + archive period coverage + tzname string match. Does NOT by itself confirm physical location, facility identity, or absence of a mid-period relocation/rename.",1.7261038188071793,2018-01-01,2019-12-31,,True,confirmed_period,America/Denver,1948-01-01,,True,True,
GNV,KGNV,Florida,US,FL_ASOS,GNV,America/New_York,29.6900997162,-82.2717971802,FL_ASOS,"IEM network-metadata lookup only: station id presence + archive period coverage + tzname string match. Does NOT by itself confirm physical location, facility identity, or absence of a mid-period relocation/rename.",0.4432619444514444,2018-01-01,2019-12-31,,True,confirmed_period,America/New_York,1943-11-01,,True,True,
GPT,KGPT,Mississippi,US,MS_ASOS,GPT,America/Chicago,30.4073009491,-89.070098877,MS_ASOS,"IEM network-metadata lookup only: station id presence + archive period coverage + tzname string match. Does NOT by itself confirm physical location, facility identity, or absence of a mid-period relocation/rename.",0.00015078487460361718,2018-01-01,2019-12-31,,True,confirmed_period,America/Chicago,1935-09-10,,True,True,
GRB,KGRB,Wisconsin,US,WI_ASOS,GRB,America/Chicago,44.4850997925,-88.1296005249,WI_ASOS,"IEM network-metadata lookup only: station id presence + archive period coverage + tzname string match. Does NOT by itself confirm physical location, facility identity, or absence of a mid-period relocation/rename.",0.8478895945389501,2018-01-01,2019-12-31,,True,confirmed_period,America/Chicago,1949-09-01,,True,True,
GRI,KGRI,Nebraska,US,NE_ASOS,GRI,America/Chicago,40.9674987793,-98.3096008301,NE_ASOS,"IEM network-metadata lookup only: station id presence + archive period coverage + tzname string match. Does NOT by itself confirm physical location, facility identity, or absence of a mid-period relocation/rename.",0.00015258372894889005,2018-01-01,2019-12-31,,True,confirmed_period,America/Chicago,1929-02-04,,True,True,
GRK,KGRK,Texas,US,TX_ASOS,GRK,America/Chicago,31.067199707,-97.8289031982,TX_ASOS,"IEM network-metadata lookup only: station id presence + archive period coverage + tzname string match. Does NOT by itself confirm physical location, facility identity, or absence of a mid-period relocation/rename.",0.328434891529952,2018-01-01,2019-12-31,,True,confirmed_period,America/Chicago,1950-09-26,,True,True,
GRR,KGRR,Michigan,US,MI_ASOS,GRR,America/Detroit,42.88079834,-85.52279663,MI_ASOS,"IEM network-metadata lookup only: station id presence + archive period coverage + tzname string match. Does NOT by itself confirm physical location, facility identity, or absence of a mid-period relocation/rename.",0.14568364784899068,2018-01-01,2019-12-31,,True,confirmed_period,America/Detroit,1963-12-01,,True,True,
GSO,KGSO,North Carolina,US,NC_ASOS,GSO,America/New_York,36.0978012085,-79.9373016357,NC_ASOS,"IEM network-metadata lookup only: station id presence + archive period coverage + tzname string match. Does NOT by itself confirm physical location, facility identity, or absence of a mid-period relocation/rename.",0.5668806033585534,2018-01-01,2019-12-31,,True,confirmed_period,America/New_York,1945-10-31,,True,True,
GSP,KGSP,South Carolina,US,SC_ASOS,GSP,America/New_York,34.8956985474,-82.2189025879,SC_ASOS,"IEM network-metadata lookup only: station id presence + archive period coverage + tzname string match. Does NOT by itself confirm physical location, facility identity, or absence of a mid-period relocation/rename.",1.2956188378819409,2018-01-01,2019-12-31,,True,confirmed_period,America/New_York,1962-10-15,,True,True,
GST,PAGS,Alaska,US,AK_ASOS,PAGS,America/Juneau,58.4253006,-135.7070007,AK_ASOS,"IEM network-metadata lookup only: station id presence + archive period coverage + tzname string match. Does NOT by itself confirm physical location, facility identity, or absence of a mid-period relocation/rename.",0.02324847122938483,2018-01-01,2019-12-31,,True,confirmed_period,America/Juneau,1948-12-31,,True,True,
GTF,KGTF,Montana,US,MT_ASOS,GTF,America/Denver,47.48199844,-111.3710022,MT_ASOS,"IEM network-metadata lookup only: station id presence + archive period coverage + tzname string match. Does NOT by itself confirm physical location, facility identity, or absence of a mid-period relocation/rename.",1.2820879023524352,2018-01-01,2019-12-31,,True,confirmed_period,America/Denver,1948-01-01,,True,True,
GTR,KGTR,Mississippi,US,MS_ASOS,GTR,America/Chicago,33.4502983093,-88.5914001465,MS_ASOS,"IEM network-metadata lookup only: station id presence + archive period coverage + tzname string match. Does NOT by itself confirm physical location, facility identity, or absence of a mid-period relocation/rename.",0.00018848821343822844,2018-01-01,2019-12-31,,True,confirmed_period,America/Chicago,1977-01-02,,True,True,
GUC,KGUC,Colorado,US,CO_ASOS,GUC,America/Denver,38.53390121,-106.9329987,CO_ASOS,"IEM network-metadata lookup only: station id presence + archive period coverage + tzname string match. Does NOT by itself confirm physical location, facility identity, or absence of a mid-period relocation/rename.",0.00017575187864045608,2018-01-01,2019-12-31,,True,confirmed_period,America/Denver,1973-01-01,,True,True,
GUM,PGUM,Barrigada,GU,GU_ASOS,PGUM,Pacific/Guam,13.4834003448,144.796005249,GU_ASOS,"IEM network-metadata lookup only: station id presence + archive period coverage + tzname string match. Does NOT by itself confirm physical location, facility identity, or absence of a mid-period relocation/rename.",0.14062902132959806,2018-01-01,2019-12-31,,True,confirmed_period,Pacific/Guam,1945-08-31,,True,True,
HDN,KHDN,Colorado,US,CO_ASOS,HDN,America/Denver,40.48120117,-107.2180023,CO_ASOS,"IEM network-metadata lookup only: station id presence + archive period coverage + tzname string match. Does NOT by itself confirm physical location, facility identity, or absence of a mid-period relocation/rename.",0.2153770422079879,2018-01-01,2019-12-31,,True,confirmed_period,America/Denver,1973-01-01,,True,True,
HGR,KHGR,Maryland,US,MD_ASOS,HGR,America/New_York,39.707901,-77.72949982,MD_ASOS,"IEM network-metadata lookup only: station id presence + archive period coverage + tzname string match. Does NOT by itself confirm physical location, facility identity, or absence of a mid-period relocation/rename.",0.020478400206677516,2018-01-01,2019-12-31,,True,confirmed_period,America/New_York,1973-01-22,,True,True,
HHH,KHXD,South Carolina,US,SC_ASOS,HHH,America/New_York,32.2243995667,-80.6975021362,,"IEM network-metadata lookup only: station id presence + archive period coverage + tzname string match. Does NOT by itself confirm physical location, facility identity, or absence of a mid-period relocation/rename.",,,,,False,unconfirmed,,,,,,candidate sid HHH not found in SC_ASOS
HIB,KHIB,Minnesota,US,MN_ASOS,HIB,America/Chicago,47.38660049,-92.83899689,MN_ASOS,"IEM network-metadata lookup only: station id presence + archive period coverage + tzname string match. Does NOT by itself confirm physical location, facility identity, or absence of a mid-period relocation/rename.",0.00024039064461934745,2018-01-01,2019-12-31,,True,confirmed_period,America/Chicago,1972-01-01,,True,True,
HLN,KHLN,Montana,US,MT_ASOS,HLN,America/Denver,46.6068000793,-111.983001709,MT_ASOS,"IEM network-metadata lookup only: station id presence + archive period coverage + tzname string match. Does NOT by itself confirm physical location, facility identity, or absence of a mid-period relocation/rename.",1.488130592985389,2018-01-01,2019-12-31,,True,confirmed_period,America/Denver,1936-04-01,,True,True,
HNL,PHNL,Hawaii,US,HI_ASOS,PHNL,Pacific/Honolulu,21.3187007904,-157.9219970703,HI_ASOS,"IEM network-metadata lookup only: station id presence + archive period coverage + tzname string match. Does NOT by itself confirm physical location, facility identity, or absence of a mid-period relocation/rename.",0.04173808613301506,2018-01-01,2019-12-31,,True,confirmed_period,Pacific/Honolulu,1939-06-01,,True,True,
HOB,KHOB,New Mexico,US,NM_ASOS,HOB,America/Denver,32.6875,-103.2170029,NM_ASOS,"IEM network-metadata lookup only: station id presence + archive period coverage + tzname string match. Does NOT by itself confirm physical location, facility identity, or absence of a mid-period relocation/rename.",0.00027139639102420057,2018-01-01,2019-12-31,,True,confirmed_period,America/Denver,1942-11-01,,True,True,
HOU,KHOU,Texas,US,TX_ASOS,HOU,America/Chicago,29.64539909,-95.27890015,TX_ASOS,"IEM network-metadata lookup only: station id presence + archive period coverage + tzname string match. Does NOT by itself confirm physical location, facility identity, or absence of a mid-period relocation/rename.",0.9412154630526355,2018-01-01,2019-12-31,,True,confirmed_period,America/Chicago,1929-02-01,,True,True,
HPN,KHPN,New York,US,NY_ASOS,HPN,America/New_York,41.0670013428,-73.7076034546,NY_ASOS,"IEM network-metadata lookup only: station id presence + archive period coverage + tzname string match. Does NOT by itself confirm physical location, facility identity, or absence of a mid-period relocation/rename.",0.014220011122170844,2018-01-01,2019-12-31,,True,confirmed_period,America/New_York,1948-12-31,,True,True,
HRL,KHRL,Texas,US,TX_ASOS,HRL,America/Chicago,26.2285003662,-97.6544036865,TX_ASOS,"IEM network-metadata lookup only: station id presence + archive period coverage + tzname string match. Does NOT by itself confirm physical location, facility identity, or absence of a mid-period relocation/rename.",0.0003699623929551756,2018-01-01,2019-12-31,,True,confirmed_period,America/Chicago,1942-03-01,,True,True,
HSV,KHSV,Alabama,US,AL_ASOS,HSV,America/Chicago,34.6371994019,-86.775100708,AL_ASOS,"IEM network-metadata lookup only: station id presence + archive period coverage + tzname string match. Does NOT by itself confirm physical location, facility identity, or absence of a mid-period relocation/rename.",1.2520752070644214,2018-01-01,2019-12-31,,True,confirmed_period,America/Chicago,1958-09-01,,True,True,
HTS,KHTS,West Virginia,US,WV_ASOS,HTS,America/New_York,38.36669922,-82.55799866,WV_ASOS,"IEM network-metadata lookup only: station id presence + archive period coverage + tzname string match. Does NOT by itself confirm physical location, facility identity, or absence of a mid-period relocation/rename.",0.32256556002692227,2018-01-01,2019-12-31,,True,confirmed_period,America/New_York,1961-12-01,,True,True,
HVN,KHVN,Connecticut,US,CT_ASOS,HVN,America/New_York,41.26369858,-72.88680267,CT_ASOS,"IEM network-metadata lookup only: station id presence + archive period coverage + tzname string match. Does NOT by itself confirm physical location, facility identity, or absence of a mid-period relocation/rename.",0.01127961293903281,2018-01-01,2019-12-31,,True,confirmed_period,America/New_York,1948-01-01,,True,True,
HYA,KHYA,Massachusetts,US,MA_ASOS,HYA,America/New_York,41.66930008,-70.28040314,MA_ASOS,"IEM network-metadata lookup only: station id presence + archive period coverage + tzname string match. Does NOT by itself confirm physical location, facility identity, or absence of a mid-period relocation/rename.",0.08472556906808812,2018-01-01,2019-12-31,,True,confirmed_period,America/New_York,1972-12-31,,True,True,
HYS,KHYS,Kansas,US,KS_ASOS,HYS,America/Chicago,38.84220123,-99.27320099,KS_ASOS,"IEM network-metadata lookup only: station id presence + archive period coverage + tzname string match. Does NOT by itself confirm physical location, facility identity, or absence of a mid-period relocation/rename.",0.00016142354550178844,2018-01-01,2019-12-31,,True,confirmed_period,America/Chicago,1980-08-25,,True,True,
IAD,KIAD,Virginia,US,VA_ASOS,IAD,America/New_York,38.94449997,-77.45580292,VA_ASOS,"IEM network-metadata lookup only: station id presence + archive period coverage + tzname string match. Does NOT by itself confirm physical location, facility identity, or absence of a mid-period relocation/rename.",1.3054401198099361,2018-01-01,2019-12-31,,True,confirmed_period,America/New_York,1962-11-16,,True,True,
IAG,KIAG,New York,US,NY_ASOS,IAG,America/New_York,43.1072998047,-78.9461975098,NY_ASOS,"IEM network-metadata lookup only: station id presence + archive period coverage + tzname string match. Does NOT by itself confirm physical location, facility identity, or absence of a mid-period relocation/rename.",0.00020331944177220363,2018-01-01,2019-12-31,,True,confirmed_period,America/New_York,1951-06-12,,True,True,
IAH,KIAH,Texas,US,TX_ASOS,IAH,America/Chicago,29.9843997955,-95.3414001465,TX_ASOS,"IEM network-metadata lookup only: station id presence + archive period coverage + tzname string match. Does NOT by itself confirm physical location, facility identity, or absence of a mid-period relocation/rename.",1.8588248273336931,2018-01-01,2019-12-31,,True,confirmed_period,America/Chicago,1966-08-13,,True,True,
ICT,KICT,Kansas,US,KS_ASOS,ICT,America/Chicago,37.6498985291,-97.4330978394,KS_ASOS,"IEM network-metadata lookup only: station id presence + archive period coverage + tzname string match. Does NOT by itself confirm physical location, facility identity, or absence of a mid-period relocation/rename.",0.2729656209955066,2018-01-01,2019-12-31,,True,confirmed_period,America/Chicago,1954-01-01,,True,True,
IDA,KIDA,Idaho,US,ID_ASOS,IDA,America/Boise,43.5145988464,-112.0709991455,ID_ASOS,"IEM network-metadata lookup only: station id presence + archive period coverage + tzname string match. Does NOT by itself confirm physical location, facility identity, or absence of a mid-period relocation/rename.",0.10122920215150341,2018-01-01,2019-12-31,,True,confirmed_period,America/Boise,1933-05-01,,True,True,
ILM,KILM,North Carolina,US,NC_ASOS,ILM,America/New_York,34.2705993652,-77.9026031494,NC_ASOS,"IEM network-metadata lookup only: station id presence + archive period coverage + tzname string match. Does NOT by itself confirm physical location, facility identity, or absence of a mid-period relocation/rename.",0.24831569309250995,2018-01-01,2019-12-31,,True,confirmed_period,America/New_York,1942-06-01,,True,True,
IMT,KIMT,Michigan,US,MI_ASOS,IMT,America/Chicago,45.8184013367,-88.1145019531,MI_ASOS,"IEM network-metadata lookup only: station id presence + archive period coverage + tzname string match. Does NOT by itself confirm physical location, facility identity, or absence of a mid-period relocation/rename.",0.007599669165107767,2018-01-01,2019-12-31,True,True,tz_conflict_needs_resolution,America/Menominee,1972-12-31,,True,False,
IND,KIND,Indiana,US,IN_ASOS,IND,America/Indiana/Indianapolis,39.717300415,-86.2944030762,IN_ASOS,"IEM network-metadata lookup only: station id presence + archive period coverage + tzname string match. Does NOT by itself confirm physical location, facility identity, or absence of a mid-period relocation/rename.",1.3305539038236969,2018-01-01,2019-12-31,,True,confirmed_period,America/Indiana/Indianapolis,1931-04-01,,True,True,
INL,KINL,Minnesota,US,MN_ASOS,INL,America/Chicago,48.5662002563,-93.4030990601,MN_ASOS,"IEM network-metadata lookup only: station id presence + archive period coverage + tzname string match. Does NOT by itself confirm physical location, facility identity, or absence of a mid-period relocation/rename.",0.9271526196727414,2018-01-01,2019-12-31,,True,confirmed_period,America/Chicago,1939-10-25,,True,True,
IPT,KIPT,Pennsylvania,US,PA_ASOS,IPT,America/New_York,41.2417984009,-76.9210968018,PA_ASOS,"IEM network-metadata lookup only: station id presence + archive period coverage + tzname string match. Does NOT by itself confirm physical location, facility identity, or absence of a mid-period relocation/rename.",0.17442098183406324,2018-01-01,2019-12-31,,True,confirmed_period,America/New_York,1937-10-26,,True,True,
ISN,KISN,North Dakota,US,ND_ASOS,ISN,America/Chicago,48.177898407,-103.641998291,ND_ASOS,"IEM network-metadata lookup only: station id presence + archive period coverage + tzname string match. Does NOT by itself confirm physical location, facility identity, or absence of a mid-period relocation/rename.",0.6065559819683396,2018-01-01,2019-10-18,,True,confirmed_current_only,America/Chicago,1950-04-01,2019-10-18,False,True,
ISP,KISP,New York,US,NY_ASOS,ISP,America/New_York,40.79520035,-73.10019684,NY_ASOS,"IEM network-metadata lookup only: station id presence + archive period coverage + tzname string match. Does NOT by itself confirm physical location, facility identity, or absence of a mid-period relocation/rename.",0.1921425341060668,2018-01-01,2019-12-31,,True,confirmed_period,America/New_York,1972-12-31,,True,True,
ITH,KITH,New York,US,NY_ASOS,ITH,America/New_York,42.4910011292,-76.4583969116,NY_ASOS,"IEM network-metadata lookup only: station id presence + archive period coverage + tzname string match. Does NOT by itself confirm physical location, facility identity, or absence of a mid-period relocation/rename.",0.0002826487826728812,2018-01-01,2019-12-31,,True,confirmed_period,America/New_York,1972-12-31,,True,True,
ITO,PHTO,Hawaii,US,HI_ASOS,PHTO,Pacific/Honolulu,19.7213993073,-155.0480041504,HI_ASOS,"IEM network-metadata lookup only: station id presence + archive period coverage + tzname string match. Does NOT by itself confirm physical location, facility identity, or absence of a mid-period relocation/rename.",0.13280007129264662,2018-01-01,2019-12-31,,True,confirmed_period,Pacific/Honolulu,1943-04-15,,True,True,
JAC,KJAC,Wyoming,US,WY_ASOS,JAC,America/Denver,43.6072998047,-110.7379989624,WY_ASOS,"IEM network-metadata lookup only: station id presence + archive period coverage + tzname string match. Does NOT by itself confirm physical location, facility identity, or absence of a mid-period relocation/rename.",0.616860263987275,2018-01-01,2019-12-31,,True,confirmed_period,America/Denver,1973-01-01,,True,True,
JAN,KJAN,Mississippi,US,MS_ASOS,JAN,America/Chicago,32.3111991882,-90.0758972168,MS_ASOS,"IEM network-metadata lookup only: station id presence + archive period coverage + tzname string match. Does NOT by itself confirm physical location, facility identity, or absence of a mid-period relocation/rename.",1.0518176445261538,2018-01-01,2019-12-31,,True,confirmed_period,America/Chicago,1942-09-01,,True,True,
JAX,KJAX,Florida,US,FL_ASOS,JAX,America/New_York,30.4941005707,-81.6878967285,FL_ASOS,"IEM network-metadata lookup only: station id presence + archive period coverage + tzname string match. Does NOT by itself confirm physical location, facility identity, or absence of a mid-period relocation/rename.",0.0003198169888835954,2018-01-01,2019-12-31,,True,confirmed_period,America/New_York,1930-10-31,,True,True,
JFK,KJFK,New York,US,NY_ASOS,JFK,America/New_York,40.63980103,-73.77890015,NY_ASOS,"IEM network-metadata lookup only: station id presence + archive period coverage + tzname string match. Does NOT by itself confirm physical location, facility identity, or absence of a mid-period relocation/rename.",1.4154346817265318,2018-01-01,2019-12-31,,True,confirmed_period,America/New_York,1948-07-01,,True,True,
JHM,PHJH,Hawaii,US,HI_ASOS,PHJH,Pacific/Honolulu,20.9629001617,-156.6730041504,HI_ASOS,"IEM network-metadata lookup only: station id presence + archive period coverage + tzname string match. Does NOT by itself confirm physical location, facility identity, or absence of a mid-period relocation/rename.",0.1868027448866146,2018-01-01,2019-12-31,,True,confirmed_period,Pacific/Honolulu,1987-03-25,2023-01-26,True,True,
JLN,KJLN,Missouri,US,MO_ASOS,JLN,America/Chicago,37.1517982483,-94.498298645,MO_ASOS,"IEM network-metadata lookup only: station id presence + archive period coverage + tzname string match. Does NOT by itself confirm physical location, facility identity, or absence of a mid-period relocation/rename.",0.2782318014532779,2018-01-01,2019-12-31,,True,confirmed_period,America/Chicago,1948-01-01,,True,True,
JMS,KJMS,North Dakota,US,ND_ASOS,JMS,America/Chicago,46.92969894,-98.67819977,ND_ASOS,"IEM network-metadata lookup only: station id presence + archive period coverage + tzname string match. Does NOT by itself confirm physical location, facility identity, or absence of a mid-period relocation/rename.",0.1407386859207755,2018-01-01,2019-12-31,,True,confirmed_period,America/Chicago,1948-12-01,,True,True,
JNU,PAJN,Alaska,US,AK_ASOS,PAJN,America/Juneau,58.3549995422,-134.5760040283,AK_ASOS,"IEM network-metadata lookup only: station id presence + archive period coverage + tzname string match. Does NOT by itself confirm physical location, facility identity, or absence of a mid-period relocation/rename.",0.017266774148932598,2018-01-01,2019-12-31,,True,confirmed_period,America/Juneau,1943-07-01,,True,True,
KOA,PHKO,Hawaii,US,HI_ASOS,PHKO,Pacific/Honolulu,19.7388000488,-156.046005249,HI_ASOS,"IEM network-metadata lookup only: station id presence + archive period coverage + tzname string match. Does NOT by itself confirm physical location, facility identity, or absence of a mid-period relocation/rename.",0.0424139626800026,2018-01-01,2019-12-31,,True,confirmed_period,Pacific/Honolulu,1972-12-31,,True,True,
KTN,PAKT,Alaska,US,AK_ASOS,PAKT,America/Sitka,55.35559845,-131.7140045,AK_ASOS,"IEM network-metadata lookup only: station id presence + archive period coverage + tzname string match. Does NOT by itself confirm physical location, facility identity, or absence of a mid-period relocation/rename.",0.19032350705100287,2018-01-01,2019-12-31,True,True,tz_conflict_needs_resolution,America/Juneau,1948-07-01,,True,False,
LAN,KLAN,Michigan,US,MI_ASOS,LAN,America/Detroit,42.7787017822,-84.5874023438,MI_ASOS,"IEM network-metadata lookup only: station id presence + archive period coverage + tzname string match. Does NOT by itself confirm physical location, facility identity, or absence of a mid-period relocation/rename.",0.6211447465519276,2018-01-01,2019-12-31,,True,confirmed_period,America/Detroit,1948-01-01,,True,True,
LAR,KLAR,Wyoming,US,WY_ASOS,LAR,America/Denver,41.3120994568,-105.6750030518,WY_ASOS,"IEM network-metadata lookup only: station id presence + archive period coverage + tzname string match. Does NOT by itself confirm physical location, facility identity, or absence of a mid-period relocation/rename.",0.0002619493944033205,2018-01-01,2019-12-31,,True,confirmed_period,America/Denver,1928-11-26,,True,True,
LAS,KLAS,Nevada,US,NV_ASOS,LAS,America/Los_Angeles,36.08010101,-115.1520004,NV_ASOS,"IEM network-metadata lookup only: station id presence + archive period coverage + tzname string match. Does NOT by itself confirm physical location, facility identity, or absence of a mid-period relocation/rename.",1.3715655617768103,2018-01-01,2019-12-31,,True,confirmed_period,America/Los_Angeles,1948-12-18,,True,True,
LAW,KLAW,Oklahoma,US,OK_ASOS,LAW,America/Chicago,34.5676994324,-98.4166030884,OK_ASOS,"IEM network-metadata lookup only: station id presence + archive period coverage + tzname string match. Does NOT by itself confirm physical location, facility identity, or absence of a mid-period relocation/rename.",0.00028974471873150284,2018-01-01,2019-12-31,,True,confirmed_period,America/Chicago,1985-01-30,,True,True,
LAX,KLAX,California,US,CA_ASOS,LAX,America/Los_Angeles,33.94250107,-118.4079971,CA_ASOS,"IEM network-metadata lookup only: station id presence + archive period coverage + tzname string match. Does NOT by itself confirm physical location, facility identity, or absence of a mid-period relocation/rename.",2.0399534922139746,2018-01-01,2019-12-31,,True,confirmed_period,America/Los_Angeles,1931-06-02,,True,True,
LBB,KLBB,Texas,US,TX_ASOS,LBB,America/Chicago,33.6636009216,-101.8229980469,TX_ASOS,"IEM network-metadata lookup only: station id presence + archive period coverage + tzname string match. Does NOT by itself confirm physical location, facility identity, or absence of a mid-period relocation/rename.",0.018329206556735055,2018-01-01,2019-12-31,,True,confirmed_period,America/Chicago,1937-03-31,,True,True,
LBE,KLBE,Pennsylvania,US,PA_ASOS,LBE,America/New_York,40.27590179,-79.40480042,PA_ASOS,"IEM network-metadata lookup only: station id presence + archive period coverage + tzname string match. Does NOT by itself confirm physical location, facility identity, or absence of a mid-period relocation/rename.",0.00020220324822742196,2018-01-01,2019-12-31,,True,confirmed_period,America/New_York,1973-01-02,,True,True,
LBF,KLBF,Nebraska,US,NE_ASOS,LBF,America/Chicago,41.12620163,-100.6839981,NE_ASOS,"IEM network-metadata lookup only: station id presence + archive period coverage + tzname string match. Does NOT by itself confirm physical location, facility identity, or absence of a mid-period relocation/rename.",1.3442473509846327,2018-01-01,2019-12-31,,True,confirmed_period,America/Chicago,1933-06-01,,True,True,
LBL,KLBL,Kansas,US,KS_ASOS,LBL,America/Chicago,37.0442009,-100.9599991,KS_ASOS,"IEM network-metadata lookup only: station id presence + archive period coverage + tzname string match. Does NOT by itself confirm physical location, facility identity, or absence of a mid-period relocation/rename.",0.008795960808968445,2018-01-01,2019-12-31,,True,confirmed_period,America/Chicago,1943-06-18,,True,True,
LCH,KLCH,Louisiana,US,LA_ASOS,LCH,America/Chicago,30.1261005402,-93.2232971191,LA_ASOS,"IEM network-metadata lookup only: station id presence + archive period coverage + tzname string match. Does NOT by itself confirm physical location, facility identity, or absence of a mid-period relocation/rename.",0.42868207622503196,2018-01-01,2019-12-31,,True,confirmed_period,America/Chicago,1942-05-02,,True,True,
LCK,KLCK,Ohio,US,OH_ASOS,LCK,America/New_York,39.8138008118,-82.9278030396,OH_ASOS,"IEM network-metadata lookup only: station id presence + archive period coverage + tzname string match. Does NOT by itself confirm physical location, facility identity, or absence of a mid-period relocation/rename.",0.0002748642005937535,2018-01-01,2019-12-31,,True,confirmed_period,America/New_York,1942-08-01,,True,True,
LEX,KLEX,Kentucky,US,KY_ASOS,LEX,America/New_York,38.0364990234,-84.6059036255,KY_ASOS,"IEM network-metadata lookup only: station id presence + archive period coverage + tzname string match. Does NOT by itself confirm physical location, facility identity, or absence of a mid-period relocation/rename.",0.4783335352908111,2018-01-01,2019-12-31,,True,confirmed_period,America/New_York,1948-01-01,,True,True,
LFT,KLFT,Louisiana,US,LA_ASOS,LFT,America/Chicago,30.20529938,-91.98760223,LA_ASOS,"IEM network-metadata lookup only: station id presence + archive period coverage + tzname string match. Does NOT by itself confirm physical location, facility identity, or absence of a mid-period relocation/rename.",0.7692803117405113,2018-01-01,2019-12-31,,True,confirmed_period,America/Chicago,1937-05-01,,True,True,
LGA,KLGA,New York,US,NY_ASOS,LGA,America/New_York,40.77719879,-73.87259674,NY_ASOS,"IEM network-metadata lookup only: station id presence + archive period coverage + tzname string match. Does NOT by itself confirm physical location, facility identity, or absence of a mid-period relocation/rename.",0.6932722503539497,2018-01-01,2019-12-31,,True,confirmed_period,America/New_York,1935-02-22,,True,True,
LGB,KLGB,California,US,CA_ASOS,LGB,America/Los_Angeles,33.81769943,-118.1520004,CA_ASOS,"IEM network-metadata lookup only: station id presence + archive period coverage + tzname string match. Does NOT by itself confirm physical location, facility identity, or absence of a mid-period relocation/rename.",0.7918336780912842,2018-01-01,2019-12-31,,True,confirmed_period,America/Los_Angeles,1930-12-07,,True,True,
LIH,PHLI,Hawaii,US,HI_ASOS,PHLI,Pacific/Honolulu,21.9759998322,-159.3390045166,HI_ASOS,"IEM network-metadata lookup only: station id presence + archive period coverage + tzname string match. Does NOT by itself confirm physical location, facility identity, or absence of a mid-period relocation/rename.",0.28098142324742065,2018-01-01,2019-12-31,,True,confirmed_period,Pacific/Honolulu,1950-02-01,,True,True,
LIT,KLIT,Arkansas,US,AR_ASOS,LIT,America/Chicago,34.7294006348,-92.2242965698,AR_ASOS,"IEM network-metadata lookup only: station id presence + archive period coverage + tzname string match. Does NOT by itself confirm physical location, facility identity, or absence of a mid-period relocation/rename.",1.0679821002321541,2018-01-01,2019-12-31,,True,confirmed_period,America/Chicago,1948-07-01,,True,True,
LNK,KLNK,Nebraska,US,NE_ASOS,LNK,America/Chicago,40.8510017395,-96.7592010498,NE_ASOS,"IEM network-metadata lookup only: station id presence + archive period coverage + tzname string match. Does NOT by itself confirm physical location, facility identity, or absence of a mid-period relocation/rename.",2.228691340043468,2018-01-01,2019-12-31,,True,confirmed_period,America/Chicago,1942-10-01,,True,True,
LNY,PHNY,Hawaii,US,HI_ASOS,PHNY,Pacific/Honolulu,20.7856006622,-156.9510040283,HI_ASOS,"IEM network-metadata lookup only: station id presence + archive period coverage + tzname string match. Does NOT by itself confirm physical location, facility identity, or absence of a mid-period relocation/rename.",0.04116446671287259,2018-01-01,2019-12-31,,True,confirmed_period,Pacific/Honolulu,1972-12-31,,True,True,
LRD,KLRD,Texas,US,TX_ASOS,LRD,America/Chicago,27.543800354,-99.4616012573,TX_ASOS,"IEM network-metadata lookup only: station id presence + archive period coverage + tzname string match. Does NOT by itself confirm physical location, facility identity, or absence of a mid-period relocation/rename.",0.009983233428857196,2018-01-01,2019-12-31,,True,confirmed_period,America/Chicago,1943-01-01,,True,True,
LSE,KLSE,Wisconsin,US,WI_ASOS,LSE,America/Chicago,43.87900162,-91.25669861,WI_ASOS,"IEM network-metadata lookup only: station id presence + archive period coverage + tzname string match. Does NOT by itself confirm physical location, facility identity, or absence of a mid-period relocation/rename.",0.29726265209868075,2018-01-01,2019-12-31,,True,confirmed_period,America/Chicago,1933-05-22,,True,True,
LWB,KLWB,West Virginia,US,WV_ASOS,LWB,America/New_York,37.8582992554,-80.3994979858,WV_ASOS,"IEM network-metadata lookup only: station id presence + archive period coverage + tzname string match. Does NOT by itself confirm physical location, facility identity, or absence of a mid-period relocation/rename.",0.00019525419861114794,2018-01-01,2019-12-31,,True,confirmed_period,America/New_York,1972-12-31,,True,True,
LWS,KLWS,Idaho,US,ID_ASOS,LWS,America/Los_Angeles,46.3745002747,-117.0149993896,ID_ASOS,"IEM network-metadata lookup only: station id presence + archive period coverage + tzname string match. Does NOT by itself confirm physical location, facility identity, or absence of a mid-period relocation/rename.",0.030734096241767477,2018-01-01,2019-12-31,,True,confirmed_period,America/Los_Angeles,1946-10-01,,True,True,
LYH,KLYH,Virginia,US,VA_ASOS,LYH,America/New_York,37.3266983032,-79.2004013062,VA_ASOS,"IEM network-metadata lookup only: station id presence + archive period coverage + tzname string match. Does NOT by itself confirm physical location, facility identity, or absence of a mid-period relocation/rename.",0.860442104610913,2018-01-01,2019-12-31,,True,confirmed_period,America/New_York,1947-12-31,,True,True,
MAF,KMAF,Texas,US,TX_ASOS,MAF,America/Chicago,31.9424991608,-102.202003479,TX_ASOS,"IEM network-metadata lookup only: station id presence + archive period coverage + tzname string match. Does NOT by itself confirm physical location, facility identity, or absence of a mid-period relocation/rename.",0.6905832120334618,2018-01-01,2019-12-31,,True,confirmed_period,America/Chicago,1930-06-01,,True,True,
MBS,KMBS,Michigan,US,MI_ASOS,MBS,America/Detroit,43.5329017639,-84.0795974731,MI_ASOS,"IEM network-metadata lookup only: station id presence + archive period coverage + tzname string match. Does NOT by itself confirm physical location, facility identity, or absence of a mid-period relocation/rename.",0.324289519682137,2018-01-01,2019-12-31,,True,confirmed_period,America/Detroit,1948-11-30,,True,True,
MCI,KMCI,Missouri,US,MO_ASOS,MCI,America/Chicago,39.2975997925,-94.7138977051,MO_ASOS,"IEM network-metadata lookup only: station id presence + archive period coverage + tzname string match. Does NOT by itself confirm physical location, facility identity, or absence of a mid-period relocation/rename.",0.00019881988969593184,2018-01-01,2019-12-31,,True,confirmed_period,America/Chicago,1972-10-01,,True,True,
MCO,KMCO,Florida,US,FL_ASOS,MCO,America/New_York,28.4293994904,-81.3089981079,FL_ASOS,"IEM network-metadata lookup only: station id presence + archive period coverage + tzname string match. Does NOT by itself confirm physical location, facility identity, or absence of a mid-period relocation/rename.",0.00019350261916740064,2018-01-01,2019-12-31,,True,confirmed_period,America/New_York,1952-05-07,,True,True,
MDT,KMDT,Pennsylvania,US,PA_ASOS,MDT,America/New_York,40.1935005188,-76.7633972168,PA_ASOS,"IEM network-metadata lookup only: station id presence + archive period coverage + tzname string match. Does NOT by itself confirm physical location, facility identity, or absence of a mid-period relocation/rename.",0.013803957097672155,2018-01-01,2019-12-31,,True,confirmed_period,America/New_York,1935-02-01,,True,True,
MDW,KMDW,Illinois,US,IL_ASOS,MDW,America/Chicago,41.7859992981,-87.7524032593,IL_ASOS,"IEM network-metadata lookup only: station id presence + archive period coverage + tzname string match. Does NOT by itself confirm physical location, facility identity, or absence of a mid-period relocation/rename.",0.00028127807427715245,2018-01-01,2019-12-31,,True,confirmed_period,America/Chicago,1928-10-04,,True,True,
MEI,KMEI,Mississippi,US,MS_ASOS,MEI,America/Chicago,32.3325996399,-88.7518997192,MS_ASOS,"IEM network-metadata lookup only: station id presence + archive period coverage + tzname string match. Does NOT by itself confirm physical location, facility identity, or absence of a mid-period relocation/rename.",0.2559464138361933,2018-01-01,2019-12-31,,True,confirmed_period,America/Chicago,1942-03-01,,True,True,
MEM,KMEM,Tennessee,US,TN_ASOS,MEM,America/Chicago,35.0424003601,-89.9766998291,TN_ASOS,"IEM network-metadata lookup only: station id presence + archive period coverage + tzname string match. Does NOT by itself confirm physical location, facility identity, or absence of a mid-period relocation/rename.",2.2123233763011085,2018-01-01,2019-12-31,,True,confirmed_period,America/Chicago,1931-10-31,,True,True,
MFE,KMFE,Texas,US,TX_ASOS,MFE,America/Chicago,26.17580032,-98.23860168,TX_ASOS,"IEM network-metadata lookup only: station id presence + archive period coverage + tzname string match. Does NOT by itself confirm physical location, facility identity, or absence of a mid-period relocation/rename.",0.00017138408752837844,2018-01-01,2019-12-31,,True,confirmed_period,America/Chicago,1972-12-31,,True,True,
MFR,KMFR,Oregon,US,OR_ASOS,MFR,America/Los_Angeles,42.3741989136,-122.8730010986,OR_ASOS,"IEM network-metadata lookup only: station id presence + archive period coverage + tzname string match. Does NOT by itself confirm physical location, facility identity, or absence of a mid-period relocation/rename.",0.7701831084735138,2018-01-01,2019-12-31,,True,confirmed_period,America/Los_Angeles,1911-08-01,,True,True,
MGM,KMGM,Alabama,US,AL_ASOS,MGM,America/Chicago,32.30059814,-86.39399719,AL_ASOS,"IEM network-metadata lookup only: station id presence + archive period coverage + tzname string match. Does NOT by itself confirm physical location, facility identity, or absence of a mid-period relocation/rename.",0.0003354524071909982,2018-01-01,2019-12-31,,True,confirmed_period,America/Chicago,1948-01-01,,True,True,
MHK,KMHK,Kansas,US,KS_ASOS,MHK,America/Chicago,39.1409988403,-96.6707992554,KS_ASOS,"IEM network-metadata lookup only: station id presence + archive period coverage + tzname string match. Does NOT by itself confirm physical location, facility identity, or absence of a mid-period relocation/rename.",0.875277389269358,2018-01-01,2019-12-31,,True,confirmed_period,America/Chicago,1972-12-31,,True,True,
MHT,KMHT,New Hampshire,US,NH_ASOS,MHT,America/New_York,42.932598114,-71.4356994629,NH_ASOS,"IEM network-metadata lookup only: station id presence + archive period coverage + tzname string match. Does NOT by itself confirm physical location, facility identity, or absence of a mid-period relocation/rename.",0.023894317791593626,2018-01-01,2019-12-31,,True,confirmed_period,America/New_York,1947-12-31,,True,True,
MIA,KMIA,Florida,US,FL_ASOS,MIA,America/New_York,25.7931995392,-80.2906036377,FL_ASOS,"IEM network-metadata lookup only: station id presence + archive period coverage + tzname string match. Does NOT by itself confirm physical location, facility identity, or absence of a mid-period relocation/rename.",2.6955001012421005,2018-01-01,2019-12-31,,True,confirmed_period,America/New_York,1932-07-01,,True,True,
MKE,KMKE,Wisconsin,US,WI_ASOS,MKE,America/Chicago,42.9472007751,-87.8965988159,WI_ASOS,"IEM network-metadata lookup only: station id presence + archive period coverage + tzname string match. Does NOT by itself confirm physical location, facility identity, or absence of a mid-period relocation/rename.",0.00823610644907373,2018-01-01,2019-12-31,,True,confirmed_period,America/Chicago,1929-03-11,,True,True,
MKG,KMKG,Michigan,US,MI_ASOS,MKG,America/Detroit,43.16949844,-86.23819733,MI_ASOS,"IEM network-metadata lookup only: station id presence + archive period coverage + tzname string match. Does NOT by itself confirm physical location, facility identity, or absence of a mid-period relocation/rename.",0.21554474218348807,2018-01-01,2019-12-31,,True,confirmed_period,America/Detroit,1947-12-31,,True,True,
MKK,PHMK,Hawaii,US,HI_ASOS,PHMK,Pacific/Honolulu,21.1529006958,-157.095993042,HI_ASOS,"IEM network-metadata lookup only: station id presence + archive period coverage + tzname string match. Does NOT by itself confirm physical location, facility identity, or absence of a mid-period relocation/rename.",0.03183251037439365,2018-01-01,2019-12-31,,True,confirmed_period,Pacific/Honolulu,1940-01-29,,True,True,
MLB,KMLB,Florida,US,FL_ASOS,MLB,America/New_York,28.1028003693,-80.6453018188,FL_ASOS,"IEM network-metadata lookup only: station id presence + archive period coverage + tzname string match. Does NOT by itself confirm physical location, facility identity, or absence of a mid-period relocation/rename.",0.0001830632756848013,2018-01-01,2019-12-31,,True,confirmed_period,America/New_York,1928-01-01,,True,True,
MLI,KMLI,Illinois,US,IL_ASOS,MLI,America/Chicago,41.4485015869,-90.5074996948,IL_ASOS,"IEM network-metadata lookup only: station id presence + archive period coverage + tzname string match. Does NOT by itself confirm physical location, facility identity, or absence of a mid-period relocation/rename.",0.00017827953005099668,2018-01-01,2019-12-31,,True,confirmed_period,America/Chicago,1929-07-08,,True,True,
MLU,KMLU,Louisiana,US,LA_ASOS,MLU,America/Chicago,32.5108985901,-92.0376968384,LA_ASOS,"IEM network-metadata lookup only: station id presence + archive period coverage + tzname string match. Does NOT by itself confirm physical location, facility identity, or absence of a mid-period relocation/rename.",0.0003353621789447466,2018-01-01,2019-12-31,,True,confirmed_period,America/Chicago,1912-07-01,,True,True,
MMH,KMMH,California,US,CA_ASOS,MMH,America/Los_Angeles,37.62409973,-118.8379974,CA_ASOS,"IEM network-metadata lookup only: station id presence + archive period coverage + tzname string match. Does NOT by itself confirm physical location, facility identity, or absence of a mid-period relocation/rename.",0.07068512121455445,2018-01-01,2019-12-31,,True,confirmed_period,America/Los_Angeles,1984-03-31,,True,True,
MOB,KMOB,Alabama,US,AL_ASOS,MOB,America/Chicago,30.6912002563,-88.2427978516,AL_ASOS,"IEM network-metadata lookup only: station id presence + archive period coverage + tzname string match. Does NOT by itself confirm physical location, facility identity, or absence of a mid-period relocation/rename.",0.41928198967416075,2018-01-01,2019-12-31,,True,confirmed_period,America/Chicago,1948-01-01,,True,True,
MOT,KMOT,North Dakota,US,ND_ASOS,MOT,America/Chicago,48.2593994141,-101.2799987793,ND_ASOS,"IEM network-metadata lookup only: station id presence + archive period coverage + tzname string match. Does NOT by itself confirm physical location, facility identity, or absence of a mid-period relocation/rename.",0.022299208923813048,2018-01-01,2019-12-31,,True,confirmed_period,America/Chicago,1948-12-01,,True,True,
MQT,KSAW,Michigan,US,MI_ASOS,MQT,America/Detroit,46.3535995483,-87.395401001,,"IEM network-metadata lookup only: station id presence + archive period coverage + tzname string match. Does NOT by itself confirm physical location, facility identity, or absence of a mid-period relocation/rename.",,,,,False,unconfirmed,,,,,,candidate sid MQT not found in MI_ASOS
MRY,KMRY,California,US,CA_ASOS,MRY,America/Los_Angeles,36.5870018005,-121.8430023193,CA_ASOS,"IEM network-metadata lookup only: station id presence + archive period coverage + tzname string match. Does NOT by itself confirm physical location, facility identity, or absence of a mid-period relocation/rename.",0.640876233808084,2018-01-01,2019-12-31,,True,confirmed_period,America/Los_Angeles,1945-03-01,,True,True,
MSN,KMSN,Wisconsin,US,WI_ASOS,MSN,America/Chicago,43.1399002075,-89.3375015259,WI_ASOS,"IEM network-metadata lookup only: station id presence + archive period coverage + tzname string match. Does NOT by itself confirm physical location, facility identity, or absence of a mid-period relocation/rename.",0.6375119594413422,2018-01-01,2019-12-31,,True,confirmed_period,America/Chicago,1939-09-27,,True,True,
MSO,KMSO,Montana,US,MT_ASOS,MSO,America/Denver,46.91630173,-114.0910034,MT_ASOS,"IEM network-metadata lookup only: station id presence + archive period coverage + tzname string match. Does NOT by itself confirm physical location, facility identity, or absence of a mid-period relocation/rename.",0.5129383934690785,2018-01-01,2019-12-31,,True,confirmed_period,America/Denver,1948-01-01,,True,True,
MSP,KMSP,Minnesota,US,MN_ASOS,MSP,America/Chicago,44.8819999695,-93.2218017578,MN_ASOS,"IEM network-metadata lookup only: station id presence + archive period coverage + tzname string match. Does NOT by itself confirm physical location, facility identity, or absence of a mid-period relocation/rename.",0.838411144927293,2018-01-01,2019-12-31,,True,confirmed_period,America/Chicago,1931-01-01,,True,True,
MSY,KMSY,Louisiana,US,LA_ASOS,MSY,America/Chicago,29.9934005737,-90.2580032349,LA_ASOS,"IEM network-metadata lookup only: station id presence + archive period coverage + tzname string match. Does NOT by itself confirm physical location, facility identity, or absence of a mid-period relocation/rename.",0.6649046812488402,2018-01-01,2019-12-31,,True,confirmed_period,America/Chicago,1932-05-01,,True,True,
MTJ,KMTJ,Colorado,US,CO_ASOS,MTJ,America/Denver,38.5097999573,-107.893997192,CO_ASOS,"IEM network-metadata lookup only: station id presence + archive period coverage + tzname string match. Does NOT by itself confirm physical location, facility identity, or absence of a mid-period relocation/rename.",0.614627371730268,2018-01-01,2019-12-31,,True,confirmed_period,America/Denver,1972-12-31,,True,True,
MVY,KMVY,Massachusetts,US,MA_ASOS,MVY,America/New_York,41.3931007385,-70.6143035889,MA_ASOS,"IEM network-metadata lookup only: station id presence + archive period coverage + tzname string match. Does NOT by itself confirm physical location, facility identity, or absence of a mid-period relocation/rename.",0.0580929414881578,2018-01-01,2019-12-31,,True,confirmed_period,America/New_York,1973-01-01,,True,True,
MYR,KMYR,South Carolina,US,SC_ASOS,MYR,America/New_York,33.6796989441,-78.9282989502,SC_ASOS,"IEM network-metadata lookup only: station id presence + archive period coverage + tzname string match. Does NOT by itself confirm physical location, facility identity, or absence of a mid-period relocation/rename.",0.16092014405495475,2018-01-01,2019-12-31,,True,confirmed_period,America/New_York,1942-11-01,,True,True,
OAJ,KOAJ,North Carolina,US,NC_ASOS,OAJ,America/New_York,34.8292007446,-77.6120986938,NC_ASOS,"IEM network-metadata lookup only: station id presence + archive period coverage + tzname string match. Does NOT by itself confirm physical location, facility identity, or absence of a mid-period relocation/rename.",0.000145153361363868,2018-01-01,2019-12-31,,True,confirmed_period,America/New_York,1976-12-25,,True,True,
OAK,KOAK,California,US,CA_ASOS,OAK,America/Los_Angeles,37.7212982178,-122.2210006714,CA_ASOS,"IEM network-metadata lookup only: station id presence + archive period coverage + tzname string match. Does NOT by itself confirm physical location, facility identity, or absence of a mid-period relocation/rename.",1.1248243329360295,2018-01-01,2019-12-31,,True,confirmed_period,America/Los_Angeles,1914-05-01,,True,True,
OGD,KOGD,Utah,US,UT_ASOS,OGD,America/Denver,41.1958999634,-112.0120010376,UT_ASOS,"IEM network-metadata lookup only: station id presence + archive period coverage + tzname string match. Does NOT by itself confirm physical location, facility identity, or absence of a mid-period relocation/rename.",0.07843401615977855,2018-01-01,2019-12-31,,True,confirmed_period,America/Denver,1948-01-01,,True,True,
OGG,PHOG,Hawaii,US,HI_ASOS,PHOG,Pacific/Honolulu,20.8985996246,-156.4299926758,HI_ASOS,"IEM network-metadata lookup only: station id presence + archive period coverage + tzname string match. Does NOT by itself confirm physical location, facility identity, or absence of a mid-period relocation/rename.",1.1717061719863373,2018-01-01,2019-12-31,,True,confirmed_period,Pacific/Honolulu,1945-04-01,,True,True,
OGS,KOGS,New York,US,NY_ASOS,OGS,America/New_York,44.6819000244,-75.4654998779,NY_ASOS,"IEM network-metadata lookup only: station id presence + archive period coverage + tzname string match. Does NOT by itself confirm physical location, facility identity, or absence of a mid-period relocation/rename.",1.0027511618413437e-05,2018-01-01,2019-12-31,,True,confirmed_period,America/New_York,1977-05-01,,True,True,
OKC,KOKC,Oklahoma,US,OK_ASOS,OKC,America/Chicago,35.3931007385,-97.6007003784,OK_ASOS,"IEM network-metadata lookup only: station id presence + archive period coverage + tzname string match. Does NOT by itself confirm physical location, facility identity, or absence of a mid-period relocation/rename.",0.46719007166496596,2018-01-01,2019-12-31,,True,confirmed_period,America/Chicago,1941-12-14,,True,True,
OMA,KOMA,Nebraska,US,NE_ASOS,OMA,America/Chicago,41.3031997681,-95.8940963745,NE_ASOS,"IEM network-metadata lookup only: station id presence + archive period coverage + tzname string match. Does NOT by itself confirm physical location, facility identity, or absence of a mid-period relocation/rename.",0.897249325939418,2018-01-01,2019-12-31,,True,confirmed_period,America/Chicago,1929-01-01,,True,True,
OME,PAOM,Alaska,US,AK_ASOS,PAOM,America/Nome,64.5121994019,-165.4450073242,AK_ASOS,"IEM network-metadata lookup only: station id presence + archive period coverage + tzname string match. Does NOT by itself confirm physical location, facility identity, or absence of a mid-period relocation/rename.",0.009219650713330127,2018-01-01,2019-12-31,,True,confirmed_period,America/Nome,1908-06-14,,True,True,
ONT,KONT,California,US,CA_ASOS,ONT,America/Los_Angeles,34.0559997559,-117.6009979248,CA_ASOS,"IEM network-metadata lookup only: station id presence + archive period coverage + tzname string match. Does NOT by itself confirm physical location, facility identity, or absence of a mid-period relocation/rename.",0.01861601213028987,2018-01-01,2019-12-31,,True,confirmed_period,America/Los_Angeles,1942-12-15,,True,True,
ORD,KORD,Illinois,US,IL_ASOS,ORD,America/Chicago,41.97859955,-87.90480042,IL_ASOS,"IEM network-metadata lookup only: station id presence + archive period coverage + tzname string match. Does NOT by itself confirm physical location, facility identity, or absence of a mid-period relocation/rename.",3.0157670189099623,2018-01-01,2019-12-31,,True,confirmed_period,America/Chicago,1946-10-01,,True,True,
ORF,KORF,Virginia,US,VA_ASOS,ORF,America/New_York,36.8945999146,-76.2012023926,VA_ASOS,"IEM network-metadata lookup only: station id presence + archive period coverage + tzname string match. Does NOT by itself confirm physical location, facility identity, or absence of a mid-period relocation/rename.",1.2556657178686286,2018-01-01,2019-12-31,,True,confirmed_period,America/New_York,1948-01-01,,True,True,
ORH,KORH,Massachusetts,US,MA_ASOS,ORH,America/New_York,42.2672996521,-71.8757019043,MA_ASOS,"IEM network-metadata lookup only: station id presence + archive period coverage + tzname string match. Does NOT by itself confirm physical location, facility identity, or absence of a mid-period relocation/rename.",0.00016140184284640176,2018-01-01,2019-12-31,,True,confirmed_period,America/New_York,1949-01-01,,True,True,
OTH,KOTH,Oregon,US,OR_ASOS,OTH,America/Los_Angeles,43.417098999,-124.2460021973,OR_ASOS,"IEM network-metadata lookup only: station id presence + archive period coverage + tzname string match. Does NOT by itself confirm physical location, facility identity, or absence of a mid-period relocation/rename.",0.3253496973773285,2018-01-01,2019-12-31,,True,confirmed_period,America/Los_Angeles,1949-05-01,,True,True,
OTZ,PAOT,Alaska,US,AK_ASOS,PAOT,America/Nome,66.88469696,-162.598999,AK_ASOS,"IEM network-metadata lookup only: station id presence + archive period coverage + tzname string match. Does NOT by itself confirm physical location, facility identity, or absence of a mid-period relocation/rename.",0.35833199082311434,2018-01-01,2019-12-31,,True,confirmed_period,America/Nome,1945-01-01,,True,True,
OWB,KOWB,Kentucky,US,KY_ASOS,OWB,America/Chicago,37.74010086,-87.16680145,KY_ASOS,"IEM network-metadata lookup only: station id presence + archive period coverage + tzname string match. Does NOT by itself confirm physical location, facility identity, or absence of a mid-period relocation/rename.",0.14464928826702533,2018-01-01,2019-12-31,,True,confirmed_period,America/Chicago,1972-12-31,,True,True,
PAE,KPAE,Washington,US,WA_ASOS,PAE,America/Los_Angeles,47.90629959,-122.2819977,WA_ASOS,"IEM network-metadata lookup only: station id presence + archive period coverage + tzname string match. Does NOT by itself confirm physical location, facility identity, or absence of a mid-period relocation/rename.",0.08333303479208087,2018-01-01,2019-12-31,,True,confirmed_period,America/Los_Angeles,1941-10-01,,True,True,
PAH,KPAH,Kentucky,US,KY_ASOS,PAH,America/Chicago,37.060798645,-88.7738037109,KY_ASOS,"IEM network-metadata lookup only: station id presence + archive period coverage + tzname string match. Does NOT by itself confirm physical location, facility identity, or absence of a mid-period relocation/rename.",0.5030178427996549,2018-01-01,2019-12-31,,True,confirmed_period,America/Chicago,1949-09-01,,True,True,
PBG,KPBG,New York,US,NY_ASOS,PBG,America/New_York,44.6509017944,-73.4681015015,NY_ASOS,"IEM network-metadata lookup only: station id presence + archive period coverage + tzname string match. Does NOT by itself confirm physical location, facility identity, or absence of a mid-period relocation/rename.",1.4826553752475096,2018-01-01,2019-12-31,,True,confirmed_period,America/New_York,1956-01-14,,True,True,
PBI,KDJT,Florida,US,FL_ASOS,PBI,America/New_York,26.6832008362,-80.0955963135,,"IEM network-metadata lookup only: station id presence + archive period coverage + tzname string match. Does NOT by itself confirm physical location, facility identity, or absence of a mid-period relocation/rename.",,,,,False,unconfirmed,,,,,,candidate sid PBI not found in FL_ASOS
PDX,KPDX,Oregon,US,OR_ASOS,PDX,America/Los_Angeles,45.58869934,-122.5979996,OR_ASOS,"IEM network-metadata lookup only: station id presence + archive period coverage + tzname string match. Does NOT by itself confirm physical location, facility identity, or absence of a mid-period relocation/rename.",0.2942833429358203,2018-01-01,2019-12-31,,True,confirmed_period,America/Los_Angeles,1936-05-01,,True,True,
PGD,KPGD,Florida,US,FL_ASOS,PGD,America/New_York,26.92020035,-81.9905014,FL_ASOS,"IEM network-metadata lookup only: station id presence + archive period coverage + tzname string match. Does NOT by itself confirm physical location, facility identity, or absence of a mid-period relocation/rename.",0.3453154236816713,2018-01-01,2019-12-31,,True,confirmed_period,America/New_York,1944-01-04,,True,True,
PGV,KPGV,North Carolina,US,NC_ASOS,PGV,America/New_York,35.6352005,-77.38529968,NC_ASOS,"IEM network-metadata lookup only: station id presence + archive period coverage + tzname string match. Does NOT by itself confirm physical location, facility identity, or absence of a mid-period relocation/rename.",6.266910104987634e-05,2018-01-01,2019-12-31,,True,confirmed_period,America/New_York,1972-12-31,,True,True,
PHF,KPHF,Virginia,US,VA_ASOS,PHF,America/New_York,37.13190079,-76.49299622,VA_ASOS,"IEM network-metadata lookup only: station id presence + archive period coverage + tzname string match. Does NOT by itself confirm physical location, facility identity, or absence of a mid-period relocation/rename.",0.0003464198550363223,2018-01-01,2019-12-31,,True,confirmed_period,America/New_York,1972-12-31,,True,True,
PHL,KPHL,Pennsylvania,US,PA_ASOS,PHL,America/New_York,39.8718986511,-75.2410964966,PA_ASOS,"IEM network-metadata lookup only: station id presence + archive period coverage + tzname string match. Does NOT by itself confirm physical location, facility identity, or absence of a mid-period relocation/rename.",1.2483301509580693,2018-01-01,2019-12-31,,True,confirmed_period,America/New_York,1940-01-25,,True,True,
PHX,KPHX,Arizona,US,AZ_ASOS,PHX,America/Phoenix,33.434299469,-112.0120010376,AZ_ASOS,"IEM network-metadata lookup only: station id presence + archive period coverage + tzname string match. Does NOT by itself confirm physical location, facility identity, or absence of a mid-period relocation/rename.",0.037214056261639344,2018-01-01,2019-12-31,,True,confirmed_period,America/Phoenix,1931-01-01,,True,True,
PIA,KPIA,Illinois,US,IL_ASOS,PIA,America/Chicago,40.6641998291,-89.6932983398,IL_ASOS,"IEM network-metadata lookup only: station id presence + archive period coverage + tzname string match. Does NOT by itself confirm physical location, facility identity, or absence of a mid-period relocation/rename.",0.8735129909005215,2018-01-01,2019-12-31,,True,confirmed_period,America/Chicago,1935-04-17,,True,True,
PIB,KPIB,Mississippi,US,MS_ASOS,PIB,America/Chicago,31.4671001434,-89.337097168,MS_ASOS,"IEM network-metadata lookup only: station id presence + archive period coverage + tzname string match. Does NOT by itself confirm physical location, facility identity, or absence of a mid-period relocation/rename.",0.0002690675223643444,2018-01-01,2019-12-31,,True,confirmed_period,America/Chicago,1978-12-20,,True,True,
PIE,KPIE,Florida,US,FL_ASOS,PIE,America/New_York,27.91020012,-82.68740082,FL_ASOS,"IEM network-metadata lookup only: station id presence + archive period coverage + tzname string match. Does NOT by itself confirm physical location, facility identity, or absence of a mid-period relocation/rename.",0.022252505332418234,2018-01-01,2019-12-31,,True,confirmed_period,America/New_York,1972-12-31,,True,True,
PIH,KPIH,Idaho,US,ID_ASOS,PIH,America/Boise,42.9098014832,-112.5960006714,ID_ASOS,"IEM network-metadata lookup only: station id presence + archive period coverage + tzname string match. Does NOT by itself confirm physical location, facility identity, or absence of a mid-period relocation/rename.",0.00820056065902613,2018-01-01,2019-12-31,,True,confirmed_period,America/Boise,1900-12-31,,True,True,
PIR,KPIR,South Dakota,US,SD_ASOS,PIR,America/Chicago,44.38270187,-100.2860031,SD_ASOS,"IEM network-metadata lookup only: station id presence + archive period coverage + tzname string match. Does NOT by itself confirm physical location, facility identity, or absence of a mid-period relocation/rename.",0.0003223780903539755,2018-01-01,2019-12-31,,True,confirmed_period,America/Chicago,1944-03-01,,True,True,
PIT,KPIT,Pennsylvania,US,PA_ASOS,PIT,America/New_York,40.49150085,-80.23290253,PA_ASOS,"IEM network-metadata lookup only: station id presence + archive period coverage + tzname string match. Does NOT by itself confirm physical location, facility identity, or absence of a mid-period relocation/rename.",0.00023389452414475658,2018-01-01,2019-12-31,,True,confirmed_period,America/New_York,1945-02-01,,True,True,
PLN,KPLN,Michigan,US,MI_ASOS,PLN,America/Detroit,45.57089996,-84.79669952,MI_ASOS,"IEM network-metadata lookup only: station id presence + archive period coverage + tzname string match. Does NOT by itself confirm physical location, facility identity, or absence of a mid-period relocation/rename.",3.76267493570071e-05,2018-01-01,2019-12-31,,True,confirmed_period,America/Detroit,1947-12-31,,True,True,
PNS,KPNS,Florida,US,FL_ASOS,PNS,America/Chicago,30.473400116,-87.1865997314,FL_ASOS,"IEM network-metadata lookup only: station id presence + archive period coverage + tzname string match. Does NOT by itself confirm physical location, facility identity, or absence of a mid-period relocation/rename.",0.5233955983485942,2018-01-01,2019-12-31,,True,confirmed_period,America/Chicago,1937-04-01,,True,True,
PPG,NSTU,Eastern-District,AS,AS_ASOS,NSTU,Pacific/Pago_Pago,-14.3310003281,-170.710006714,AS_ASOS,"IEM network-metadata lookup only: station id presence + archive period coverage + tzname string match. Does NOT by itself confirm physical location, facility identity, or absence of a mid-period relocation/rename.",0.05314413342083197,2018-01-01,2019-12-31,,True,confirmed_period,Pacific/Pago_Pago,1945-08-01,,True,True,
PQI,KPQI,Maine,US,ME_ASOS,PQI,America/New_York,46.68899918,-68.0447998,ME_ASOS,"IEM network-metadata lookup only: station id presence + archive period coverage + tzname string match. Does NOT by itself confirm physical location, facility identity, or absence of a mid-period relocation/rename.",9.24472937401351e-05,2018-01-01,2019-12-31,,True,confirmed_period,America/New_York,1941-10-31,,True,True,
PRC,KPRC,Arizona,US,AZ_ASOS,PRC,America/Phoenix,34.65449905,-112.4199982,AZ_ASOS,"IEM network-metadata lookup only: station id presence + archive period coverage + tzname string match. Does NOT by itself confirm physical location, facility identity, or absence of a mid-period relocation/rename.",0.5002722528184306,2018-01-01,2019-12-31,,True,confirmed_period,America/Phoenix,1918-08-06,,True,True,
PSC,KPSC,Washington,US,WA_ASOS,PSC,America/Los_Angeles,46.2647018433,-119.1190032959,WA_ASOS,"IEM network-metadata lookup only: station id presence + archive period coverage + tzname string match. Does NOT by itself confirm physical location, facility identity, or absence of a mid-period relocation/rename.",0.00032588944733923347,2018-01-01,2019-12-31,,True,confirmed_period,America/Los_Angeles,1945-04-01,,True,True,
PSE,TJPS,Ponce,PR,PR_ASOS,TJPS,America/Puerto_Rico,18.0083007813,-66.56300354,PR_ASOS,"IEM network-metadata lookup only: station id presence + archive period coverage + tzname string match. Does NOT by itself confirm physical location, facility identity, or absence of a mid-period relocation/rename.",0.00038429606955781107,2018-01-01,2019-12-31,,True,confirmed_period,America/Puerto_Rico,1941-04-01,,True,True,
PSG,PAPG,Alaska,US,AK_ASOS,PAPG,America/Sitka,56.80170059,-132.9450073,AK_ASOS,"IEM network-metadata lookup only: station id presence + archive period coverage + tzname string match. Does NOT by itself confirm physical location, facility identity, or absence of a mid-period relocation/rename.",0.36909304058906595,2018-01-01,2019-12-31,True,True,tz_conflict_needs_resolution,America/Juneau,1948-07-01,,True,False,
PSM,KPSM,New Hampshire,US,NH_ASOS,PSM,America/New_York,43.0778999329,-70.8233032227,NH_ASOS,"IEM network-metadata lookup only: station id presence + archive period coverage + tzname string match. Does NOT by itself confirm physical location, facility identity, or absence of a mid-period relocation/rename.",0.00026185321735943675,2018-01-01,2019-12-31,,True,confirmed_period,America/New_York,1948-01-01,,True,True,
PSP,KPSP,California,US,CA_ASOS,PSP,America/Los_Angeles,33.82970047,-116.5070037842,CA_ASOS,"IEM network-metadata lookup only: station id presence + archive period coverage + tzname string match. Does NOT by itself confirm physical location, facility identity, or absence of a mid-period relocation/rename.",0.028060384857724524,2018-01-01,2019-12-31,,True,confirmed_period,America/Los_Angeles,1943-05-10,,True,True,
PUB,KPUB,Colorado,US,CO_ASOS,PUB,America/Denver,38.289100647,-104.4970016479,CO_ASOS,"IEM network-metadata lookup only: station id presence + archive period coverage + tzname string match. Does NOT by itself confirm physical location, facility identity, or absence of a mid-period relocation/rename.",0.15113226881097003,2018-01-01,2019-12-31,,True,confirmed_period,America/Denver,1942-10-01,,True,True,
PUW,KPUW,Washington,US,WA_ASOS,PUW,America/Los_Angeles,46.7439002991,-117.1100006104,WA_ASOS,"IEM network-metadata lookup only: station id presence + archive period coverage + tzname string match. Does NOT by itself confirm physical location, facility identity, or absence of a mid-period relocation/rename.",0.03052556900392733,2018-01-01,2019-12-31,,True,confirmed_period,America/Los_Angeles,1972-12-31,,True,True,
PVD,KPVD,Rhode Island,US,RI_ASOS,PVD,America/New_York,41.7326011658,-71.4204025269,RI_ASOS,"IEM network-metadata lookup only: station id presence + archive period coverage + tzname string match. Does NOT by itself confirm physical location, facility identity, or absence of a mid-period relocation/rename.",1.556852990772905,2018-01-01,2019-12-31,,True,confirmed_period,America/New_York,1948-01-01,,True,True,
PVU,KPVU,Utah,US,UT_ASOS,PVU,America/Denver,40.2192001343,-111.7229995728,UT_ASOS,"IEM network-metadata lookup only: station id presence + archive period coverage + tzname string match. Does NOT by itself confirm physical location, facility identity, or absence of a mid-period relocation/rename.",0.03399879721277592,2018-01-01,2019-12-31,,True,confirmed_period,America/Denver,1980-05-29,,True,True,
PWM,KPWM,Maine,US,ME_ASOS,PWM,America/New_York,43.64619827,-70.30930328,ME_ASOS,"IEM network-metadata lookup only: station id presence + archive period coverage + tzname string match. Does NOT by itself confirm physical location, facility identity, or absence of a mid-period relocation/rename.",0.57796409006495,2018-01-01,2019-12-31,,True,confirmed_period,America/New_York,1948-01-01,,True,True,
RAP,KRAP,South Dakota,US,SD_ASOS,RAP,America/Denver,44.04529953,-103.0569992065,SD_ASOS,"IEM network-metadata lookup only: station id presence + archive period coverage + tzname string match. Does NOT by itself confirm physical location, facility identity, or absence of a mid-period relocation/rename.",0.0320338444759126,2018-01-01,2019-12-31,,True,confirmed_period,America/Denver,1950-11-01,,True,True,
RDD,KRDD,California,US,CA_ASOS,RDD,America/Los_Angeles,40.50899887,-122.2929993,CA_ASOS,"IEM network-metadata lookup only: station id presence + archive period coverage + tzname string match. Does NOT by itself confirm physical location, facility identity, or absence of a mid-period relocation/rename.",0.03387623584860703,2018-01-01,2019-12-31,,True,confirmed_period,America/Los_Angeles,1944-09-01,,True,True,
RDM,KRDM,Oregon,US,OR_ASOS,RDM,America/Los_Angeles,44.2541008,-121.1500015,OR_ASOS,"IEM network-metadata lookup only: station id presence + archive period coverage + tzname string match. Does NOT by itself confirm physical location, facility identity, or absence of a mid-period relocation/rename.",0.022328291709632755,2018-01-01,2019-12-31,,True,confirmed_period,America/Los_Angeles,1942-01-01,,True,True,
RDU,KRDU,North Carolina,US,NC_ASOS,RDU,America/New_York,35.8776016235,-78.7874984741,NC_ASOS,"IEM network-metadata lookup only: station id presence + archive period coverage + tzname string match. Does NOT by itself confirm physical location, facility identity, or absence of a mid-period relocation/rename.",1.699818359702351,2018-01-01,2019-12-31,,True,confirmed_period,America/New_York,1945-10-31,,True,True,
RFD,KRFD,Illinois,US,IL_ASOS,RFD,America/Chicago,42.195400238,-89.0971984863,IL_ASOS,"IEM network-metadata lookup only: station id presence + archive period coverage + tzname string match. Does NOT by itself confirm physical location, facility identity, or absence of a mid-period relocation/rename.",0.9018668890659978,2018-01-01,2019-12-31,,True,confirmed_period,America/Chicago,1951-03-01,,True,True,
RHI,KRHI,Wisconsin,US,WI_ASOS,RHI,America/Chicago,45.6311988831,-89.4674987793,WI_ASOS,"IEM network-metadata lookup only: station id presence + archive period coverage + tzname string match. Does NOT by itself confirm physical location, facility identity, or absence of a mid-period relocation/rename.",0.0001563113897683705,2018-01-01,2019-12-31,,True,confirmed_period,America/Chicago,1972-12-31,,True,True,
RIC,KRIC,Virginia,US,VA_ASOS,RIC,America/New_York,37.5051994324,-77.3197021484,VA_ASOS,"IEM network-metadata lookup only: station id presence + archive period coverage + tzname string match. Does NOT by itself confirm physical location, facility identity, or absence of a mid-period relocation/rename.",0.7728005275986787,2018-01-01,2019-12-31,,True,confirmed_period,America/New_York,1942-09-24,,True,True,
RKS,KRKS,Wyoming,US,WY_ASOS,RKS,America/Denver,41.59420013,-109.0650024,WY_ASOS,"IEM network-metadata lookup only: station id presence + archive period coverage + tzname string match. Does NOT by itself confirm physical location, facility identity, or absence of a mid-period relocation/rename.",0.016432213186603244,2018-01-01,2019-12-31,,True,confirmed_period,America/Denver,1930-04-09,,True,True,
RNO,KRNO,Nevada,US,NV_ASOS,RNO,America/Los_Angeles,39.4990997314,-119.7679977417,NV_ASOS,"IEM network-metadata lookup only: station id presence + archive period coverage + tzname string match. Does NOT by itself confirm physical location, facility identity, or absence of a mid-period relocation/rename.",1.710971865648842,2018-01-01,2019-12-31,,True,confirmed_period,America/Los_Angeles,1943-01-05,,True,True,
ROA,KROA,Virginia,US,VA_ASOS,ROA,America/New_York,37.3255004883,-79.975402832,VA_ASOS,"IEM network-metadata lookup only: station id presence + archive period coverage + tzname string match. Does NOT by itself confirm physical location, facility identity, or absence of a mid-period relocation/rename.",0.9351756846932763,2018-01-01,2019-12-31,,True,confirmed_period,America/New_York,1948-01-01,,True,True,
ROC,KROC,New York,US,NY_ASOS,ROC,America/New_York,43.1189002991,-77.6724014282,NY_ASOS,"IEM network-metadata lookup only: station id presence + archive period coverage + tzname string match. Does NOT by itself confirm physical location, facility identity, or absence of a mid-period relocation/rename.",0.4261360957783263,2018-01-01,2019-12-31,,True,confirmed_period,America/New_York,1930-04-17,,True,True,
ROP,PGRO,Rota,MP,GU_ASOS,PGRO,Pacific/Saipan,14.1743001938,145.2429962158,GU_ASOS,"IEM network-metadata lookup only: station id presence + archive period coverage + tzname string match. Does NOT by itself confirm physical location, facility identity, or absence of a mid-period relocation/rename.",0.05349691940175564,2018-01-01,2019-12-31,,True,confirmed_period,Pacific/Saipan,2000-01-07,,True,True,
ROW,KROW,New Mexico,US,NM_ASOS,ROW,America/Denver,33.3016014099,-104.53099823,NM_ASOS,"IEM network-metadata lookup only: station id presence + archive period coverage + tzname string match. Does NOT by itself confirm physical location, facility identity, or absence of a mid-period relocation/rename.",0.20078654450670075,2018-01-01,2019-12-31,,True,confirmed_period,America/Denver,1942-07-13,,True,True,
RST,KRST,Minnesota,US,MN_ASOS,RST,America/Chicago,43.9082984924,-92.5,MN_ASOS,"IEM network-metadata lookup only: station id presence + archive period coverage + tzname string match. Does NOT by itself confirm physical location, facility identity, or absence of a mid-period relocation/rename.",0.8190333384408227,2018-01-01,2019-12-31,,True,confirmed_period,America/Chicago,1948-01-01,,True,True,
RSW,KRSW,Florida,US,FL_ASOS,RSW,America/New_York,26.5361995697,-81.7552032471,FL_ASOS,"IEM network-metadata lookup only: station id presence + archive period coverage + tzname string match. Does NOT by itself confirm physical location, facility identity, or absence of a mid-period relocation/rename.",0.25850699496969143,2018-01-01,2019-12-31,,True,confirmed_period,America/New_York,1983-07-22,,True,True,
SAF,KSAF,New Mexico,US,NM_ASOS,SAF,America/Denver,35.617099762,-106.088996887,NM_ASOS,"IEM network-metadata lookup only: station id presence + archive period coverage + tzname string match. Does NOT by itself confirm physical location, facility identity, or absence of a mid-period relocation/rename.",0.036438797300588785,2018-01-01,2019-12-31,,True,confirmed_period,America/Denver,1946-08-01,,True,True,
SAN,KSAN,California,US,CA_ASOS,SAN,America/Los_Angeles,32.7336006165,-117.1900024414,CA_ASOS,"IEM network-metadata lookup only: station id presence + archive period coverage + tzname string match. Does NOT by itself confirm physical location, facility identity, or absence of a mid-period relocation/rename.",0.515754364873703,2018-01-01,2019-12-31,,True,confirmed_period,America/Los_Angeles,1930-01-01,,True,True,
SAT,KSAT,Texas,US,TX_ASOS,SAT,America/Chicago,29.533700943,-98.4698028564,TX_ASOS,"IEM network-metadata lookup only: station id presence + archive period coverage + tzname string match. Does NOT by itself confirm physical location, facility identity, or absence of a mid-period relocation/rename.",0.4774830196369617,2018-01-01,2019-12-31,,True,confirmed_period,America/Chicago,1934-03-09,,True,True,
SAV,KSAV,Georgia,US,GA_ASOS,SAV,America/New_York,32.12760162,-81.20210266,GA_ASOS,"IEM network-metadata lookup only: station id presence + archive period coverage + tzname string match. Does NOT by itself confirm physical location, facility identity, or absence of a mid-period relocation/rename.",0.42276975961061597,2018-01-01,2019-12-31,,True,confirmed_period,America/New_York,1947-12-31,,True,True,
SBA,KSBA,California,US,CA_ASOS,SBA,America/Los_Angeles,34.42620087,-119.8399963,CA_ASOS,"IEM network-metadata lookup only: station id presence + archive period coverage + tzname string match. Does NOT by itself confirm physical location, facility identity, or absence of a mid-period relocation/rename.",0.33072118170953474,2018-01-01,2019-12-31,,True,confirmed_period,America/Los_Angeles,1937-01-01,,True,True,
SBN,KSBN,Indiana,US,IN_ASOS,SBN,America/Indiana/Indianapolis,41.7086982727,-86.3172988892,IN_ASOS,"IEM network-metadata lookup only: station id presence + archive period coverage + tzname string match. Does NOT by itself confirm physical location, facility identity, or absence of a mid-period relocation/rename.",0.18254782675993858,2018-01-01,2019-12-31,,True,confirmed_period,America/Indiana/Indianapolis,1929-12-02,,True,True,
SBP,KSBP,California,US,CA_ASOS,SBP,America/Los_Angeles,35.2368011475,-120.641998291,CA_ASOS,"IEM network-metadata lookup only: station id presence + archive period coverage + tzname string match. Does NOT by itself confirm physical location, facility identity, or absence of a mid-period relocation/rename.",0.23936049143557556,2018-01-01,2019-12-31,,True,confirmed_period,America/Los_Angeles,1973-02-27,,True,True,
SBY,KSBY,Maryland,US,MD_ASOS,SBY,America/New_York,38.3404998779,-75.5102996826,MD_ASOS,"IEM network-metadata lookup only: station id presence + archive period coverage + tzname string match. Does NOT by itself confirm physical location, facility identity, or absence of a mid-period relocation/rename.",3.083212514097459e-05,2018-01-01,2019-12-31,,True,confirmed_period,America/New_York,1948-12-31,,True,True,
SCC,PASC,Alaska,US,AK_ASOS,PASC,America/Anchorage,70.19470215,-148.4649963,AK_ASOS,"IEM network-metadata lookup only: station id presence + archive period coverage + tzname string match. Does NOT by itself confirm physical location, facility identity, or absence of a mid-period relocation/rename.",0.013314733097489347,2018-01-01,2019-12-31,,True,confirmed_period,America/Anchorage,1972-12-31,,True,True,
SCE,KUNV,Pennsylvania,US,PA_ASOS,SCE,America/New_York,40.8493003845,-77.8487014771,,"IEM network-metadata lookup only: station id presence + archive period coverage + tzname string match. Does NOT by itself confirm physical location, facility identity, or absence of a mid-period relocation/rename.",,,,,False,unconfirmed,,,,,,candidate sid SCE not found in PA_ASOS
SCK,KSCK,California,US,CA_ASOS,SCK,America/Los_Angeles,37.8941993713,-121.2379989624,CA_ASOS,"IEM network-metadata lookup only: station id presence + archive period coverage + tzname string match. Does NOT by itself confirm physical location, facility identity, or absence of a mid-period relocation/rename.",0.026415895820231034,2018-01-01,2019-12-31,,True,confirmed_period,America/Los_Angeles,1941-01-03,,True,True,
SDF,KSDF,Kentucky,US,KY_ASOS,SDF,America/Kentucky/Louisville,38.1744003296,-85.736000061,KY_ASOS,"IEM network-metadata lookup only: station id presence + archive period coverage + tzname string match. Does NOT by itself confirm physical location, facility identity, or absence of a mid-period relocation/rename.",0.5637995141683649,2018-01-01,2019-12-31,True,True,tz_conflict_needs_resolution,America/New_York,1929-12-31,,True,False,
SEA,KSEA,Washington,US,WA_ASOS,SEA,America/Los_Angeles,47.4490013123,-122.3089981079,WA_ASOS,"IEM network-metadata lookup only: station id presence + archive period coverage + tzname string match. Does NOT by itself confirm physical location, facility identity, or absence of a mid-period relocation/rename.",0.6275073753132514,2018-01-01,2019-12-31,,True,confirmed_period,America/Los_Angeles,1944-07-07,,True,True,
SFB,KSFB,Florida,US,FL_ASOS,SFB,America/New_York,28.7775993347,-81.2375030518,FL_ASOS,"IEM network-metadata lookup only: station id presence + archive period coverage + tzname string match. Does NOT by itself confirm physical location, facility identity, or absence of a mid-period relocation/rename.",0.6384763135956102,2018-01-01,2019-12-31,,True,confirmed_period,America/New_York,1945-04-01,,True,True,
SFO,KSFO,California,US,CA_ASOS,SFO,America/Los_Angeles,37.6189994812,-122.375,CA_ASOS,"IEM network-metadata lookup only: station id presence + archive period coverage + tzname string match. Does NOT by itself confirm physical location, facility identity, or absence of a mid-period relocation/rename.",0.00880780968134658,2018-01-01,2019-12-31,,True,confirmed_period,America/Los_Angeles,1932-01-01,,True,True,
SGF,KSGF,Missouri,US,MO_ASOS,SGF,America/Chicago,37.24570084,-93.38860321,MO_ASOS,"IEM network-metadata lookup only: station id presence + archive period coverage + tzname string match. Does NOT by itself confirm physical location, facility identity, or absence of a mid-period relocation/rename.",0.6742901159852495,2018-01-01,2019-12-31,,True,confirmed_period,America/Chicago,1948-01-01,,True,True,
SGU,KSGU,Utah,US,UT_ASOS,SGU,America/Denver,37.0363888889,-113.510305556,UT_ASOS,"IEM network-metadata lookup only: station id presence + archive period coverage + tzname string match. Does NOT by itself confirm physical location, facility identity, or absence of a mid-period relocation/rename.",0.0013302882467819675,2018-01-01,2019-12-31,,True,confirmed_period,America/Denver,1980-07-01,,True,True,
SHD,KSHD,Virginia,US,VA_ASOS,SHD,America/New_York,38.2638015747,-78.8964004517,VA_ASOS,"IEM network-metadata lookup only: station id presence + archive period coverage + tzname string match. Does NOT by itself confirm physical location, facility identity, or absence of a mid-period relocation/rename.",0.00017948497911290487,2018-01-01,2019-12-31,,True,confirmed_period,America/New_York,1972-12-31,,True,True,
SHV,KSHV,Louisiana,US,LA_ASOS,SHV,America/Chicago,32.4466018677,-93.8255996704,LA_ASOS,"IEM network-metadata lookup only: station id presence + archive period coverage + tzname string match. Does NOT by itself confirm physical location, facility identity, or absence of a mid-period relocation/rename.",0.13075203920442033,2018-01-01,2019-12-31,,True,confirmed_period,America/Chicago,1934-01-01,,True,True,
SIT,PASI,Alaska,US,AK_ASOS,PASI,America/Sitka,57.0471000671,-135.3619995117,AK_ASOS,"IEM network-metadata lookup only: station id presence + archive period coverage + tzname string match. Does NOT by itself confirm physical location, facility identity, or absence of a mid-period relocation/rename.",0.02416426639033764,2018-01-01,2019-12-31,True,True,tz_conflict_needs_resolution,America/Juneau,1930-08-01,,True,False,
SJC,KSJC,California,US,CA_ASOS,SJC,America/Los_Angeles,37.3625984192,-121.9290008545,CA_ASOS,"IEM network-metadata lookup only: station id presence + archive period coverage + tzname string match. Does NOT by itself confirm physical location, facility identity, or absence of a mid-period relocation/rename.",0.5402148456609636,2018-01-01,2019-12-31,,True,confirmed_period,America/Los_Angeles,1951-01-01,,True,True,
SJT,KSJT,Texas,US,TX_ASOS,SJT,America/Chicago,31.3577003479,-100.4960021973,TX_ASOS,"IEM network-metadata lookup only: station id presence + archive period coverage + tzname string match. Does NOT by itself confirm physical location, facility identity, or absence of a mid-period relocation/rename.",0.673961766175568,2018-01-01,2019-12-31,,True,confirmed_period,America/Chicago,1941-07-01,,True,True,
SJU,TJSJ,Carolina,PR,PR_ASOS,TJSJ,America/Puerto_Rico,18.4393997192,-66.0018005371,PR_ASOS,"IEM network-metadata lookup only: station id presence + archive period coverage + tzname string match. Does NOT by itself confirm physical location, facility identity, or absence of a mid-period relocation/rename.",1.2205987590885852,2018-01-01,2019-12-31,,True,confirmed_period,America/Puerto_Rico,1941-06-17,,True,True,
SLC,KSLC,Utah,US,UT_ASOS,SLC,America/Denver,40.7883987427,-111.9779968262,UT_ASOS,"IEM network-metadata lookup only: station id presence + archive period coverage + tzname string match. Does NOT by itself confirm physical location, facility identity, or absence of a mid-period relocation/rename.",1.1512954504398316,2018-01-01,2019-12-31,,True,confirmed_period,America/Denver,1930-02-06,,True,True,
SLN,KSLN,Kansas,US,KS_ASOS,SLN,America/Chicago,38.7910003662,-97.6521987915,KS_ASOS,"IEM network-metadata lookup only: station id presence + archive period coverage + tzname string match. Does NOT by itself confirm physical location, facility identity, or absence of a mid-period relocation/rename.",0.00011237692464991386,2018-01-01,2019-12-31,,True,confirmed_period,America/Chicago,1942-11-06,,True,True,
SMF,KSMF,California,US,CA_ASOS,SMF,America/Los_Angeles,38.695400238,-121.591003418,CA_ASOS,"IEM network-metadata lookup only: station id presence + archive period coverage + tzname string match. Does NOT by itself confirm physical location, facility identity, or absence of a mid-period relocation/rename.",0.0176537736431497,2018-01-01,2019-12-31,,True,confirmed_period,America/Los_Angeles,1972-12-31,,True,True,
SMX,KSMX,California,US,CA_ASOS,SMX,America/Los_Angeles,34.89889908,-120.4570007,CA_ASOS,"IEM network-metadata lookup only: station id presence + archive period coverage + tzname string match. Does NOT by itself confirm physical location, facility identity, or absence of a mid-period relocation/rename.",0.6500763854003384,2018-01-01,2019-12-31,,True,confirmed_period,America/Los_Angeles,1948-01-01,,True,True,
SNA,KSNA,California,US,CA_ASOS,SNA,America/Los_Angeles,33.67570114,-117.8679962,CA_ASOS,"IEM network-metadata lookup only: station id presence + archive period coverage + tzname string match. Does NOT by itself confirm physical location, facility identity, or absence of a mid-period relocation/rename.",0.018859132924366123,2018-01-01,2019-12-31,,True,confirmed_period,America/Los_Angeles,1940-06-17,,True,True,
SPI,KSPI,Illinois,US,IL_ASOS,SPI,America/Chicago,39.84410095,-89.67790222,IL_ASOS,"IEM network-metadata lookup only: station id presence + archive period coverage + tzname string match. Does NOT by itself confirm physical location, facility identity, or absence of a mid-period relocation/rename.",0.5163698991620125,2018-01-01,2019-12-31,,True,confirmed_period,America/Chicago,1935-11-01,,True,True,
SPN,PGSN,Saipan,MP,GU_ASOS,PGSN,Pacific/Saipan,15.1190004349,145.7290039063,,"IEM network-metadata lookup only: station id presence + archive period coverage + tzname string match. Does NOT by itself confirm physical location, facility identity, or absence of a mid-period relocation/rename.",,,,,False,unconfirmed,,,,,,candidate sid PGSN not found in GU_ASOS
SPS,KSPS,Texas,US,TX_ASOS,SPS,America/Chicago,33.98880005,-98.49189758,TX_ASOS,"IEM network-metadata lookup only: station id presence + archive period coverage + tzname string match. Does NOT by itself confirm physical location, facility identity, or absence of a mid-period relocation/rename.",1.1372432913745447,2018-01-01,2019-12-31,,True,confirmed_period,America/Chicago,1933-01-01,,True,True,
SRQ,KSRQ,Florida,US,FL_ASOS,SRQ,America/New_York,27.3953990936,-82.554397583,FL_ASOS,"IEM network-metadata lookup only: station id presence + archive period coverage + tzname string match. Does NOT by itself confirm physical location, facility identity, or absence of a mid-period relocation/rename.",0.7857285554922122,2018-01-01,2019-12-31,,True,confirmed_period,America/New_York,1972-12-31,,True,True,
STC,KSTC,Minnesota,US,MN_ASOS,STC,America/Chicago,45.5466003418,-94.0598983765,MN_ASOS,"IEM network-metadata lookup only: station id presence + archive period coverage + tzname string match. Does NOT by itself confirm physical location, facility identity, or absence of a mid-period relocation/rename.",0.7635723056933807,2018-01-01,2019-12-31,,True,confirmed_period,America/Chicago,1948-01-01,,True,True,
STL,KSTL,Missouri,US,MO_ASOS,STL,America/Chicago,38.7486991882,-90.3700027466,MO_ASOS,"IEM network-metadata lookup only: station id presence + archive period coverage + tzname string match. Does NOT by itself confirm physical location, facility identity, or absence of a mid-period relocation/rename.",0.5060972439785477,2018-01-01,2019-12-31,,True,confirmed_period,America/Chicago,1929-01-01,,True,True,
STS,KSTS,California,US,CA_ASOS,STS,America/Los_Angeles,38.50899887,-122.8130035,CA_ASOS,"IEM network-metadata lookup only: station id presence + archive period coverage + tzname string match. Does NOT by itself confirm physical location, facility identity, or absence of a mid-period relocation/rename.",0.6144579576093293,2018-01-01,2019-12-31,,True,confirmed_period,America/Los_Angeles,1943-04-04,,True,True,
STT,TIST,Saint-Thomas-Island,VI,VI_ASOS,TIST,America/St_Thomas,18.3372993469,-64.9733963013,VI_ASOS,"IEM network-metadata lookup only: station id presence + archive period coverage + tzname string match. Does NOT by itself confirm physical location, facility identity, or absence of a mid-period relocation/rename.",0.00039709008055329495,2018-01-01,2019-12-31,False,True,tz_conflict_needs_resolution,Atlantic/Bermuda,1952-12-31,,True,False,
STX,TISX,Saint-Croix-Island,VI,VI_ASOS,TISX,America/St_Thomas,17.7019004822,-64.7985992432,VI_ASOS,"IEM network-metadata lookup only: station id presence + archive period coverage + tzname string match. Does NOT by itself confirm physical location, facility identity, or absence of a mid-period relocation/rename.",0.6799313906917641,2018-01-01,2019-12-31,False,True,tz_conflict_needs_resolution,Atlantic/Bermuda,1941-09-01,,True,False,
SUN,KSUN,Idaho,US,ID_ASOS,SUN,America/Boise,43.50439835,-114.2959976,ID_ASOS,"IEM network-metadata lookup only: station id presence + archive period coverage + tzname string match. Does NOT by itself confirm physical location, facility identity, or absence of a mid-period relocation/rename.",0.8855136361682191,2018-01-01,2019-12-31,,True,confirmed_period,America/Boise,1973-01-01,,True,True,
SUX,KSUX,Iowa,US,IA_ASOS,SUX,America/Chicago,42.40259933,-96.38439941,IA_ASOS,"IEM network-metadata lookup only: station id presence + archive period coverage + tzname string match. Does NOT by itself confirm physical location, facility identity, or absence of a mid-period relocation/rename.",1.2769847259213933,2018-01-01,2019-12-31,,True,confirmed_period,America/Chicago,1939-12-04,,True,True,
SWF,KSWF,New York,US,NY_ASOS,SWF,America/New_York,41.5041007996,-74.1047973633,NY_ASOS,"IEM network-metadata lookup only: station id presence + archive period coverage + tzname string match. Does NOT by itself confirm physical location, facility identity, or absence of a mid-period relocation/rename.",0.00023688960302690925,2018-01-01,2019-12-31,,True,confirmed_period,America/New_York,1942-08-01,,True,True,
SWO,KSWO,Oklahoma,US,OK_ASOS,SWO,America/Chicago,36.1612014771,-97.0857009888,OK_ASOS,"IEM network-metadata lookup only: station id presence + archive period coverage + tzname string match. Does NOT by itself confirm physical location, facility identity, or absence of a mid-period relocation/rename.",0.00018669966749872057,2018-01-01,2019-12-31,,True,confirmed_period,America/Chicago,1973-01-03,,True,True,
SYR,KSYR,New York,US,NY_ASOS,SYR,America/New_York,43.1111984253,-76.106300354,NY_ASOS,"IEM network-metadata lookup only: station id presence + archive period coverage + tzname string match. Does NOT by itself confirm physical location, facility identity, or absence of a mid-period relocation/rename.",0.0001774412263847447,2018-01-01,2019-12-31,,True,confirmed_period,America/New_York,1930-01-01,,True,True,
TLH,KTLH,Florida,US,FL_ASOS,TLH,America/New_York,30.3964996338,-84.3503036499,FL_ASOS,"IEM network-metadata lookup only: station id presence + archive period coverage + tzname string match. Does NOT by itself confirm physical location, facility identity, or absence of a mid-period relocation/rename.",0.34972728162677724,2018-01-01,2019-12-31,,True,confirmed_period,America/New_York,1937-02-22,,True,True,
TOL,KTOL,Ohio,US,OH_ASOS,TOL,America/New_York,41.58679962,-83.80780029,OH_ASOS,"IEM network-metadata lookup only: station id presence + archive period coverage + tzname string match. Does NOT by itself confirm physical location, facility identity, or absence of a mid-period relocation/rename.",0.20086774998940826,2018-01-01,2019-12-31,,True,confirmed_period,America/New_York,1955-01-31,,True,True,
TPA,KTPA,Florida,US,FL_ASOS,TPA,America/New_York,27.9755001068,-82.533203125,FL_ASOS,"IEM network-metadata lookup only: station id presence + archive period coverage + tzname string match. Does NOT by itself confirm physical location, facility identity, or absence of a mid-period relocation/rename.",1.6651461467432056,2018-01-01,2019-12-31,,True,confirmed_period,America/New_York,1937-04-01,,True,True,
TRI,KTRI,Tennessee,US,TN_ASOS,TRI,America/New_York,36.4752006531,-82.4074020386,TN_ASOS,"IEM network-metadata lookup only: station id presence + archive period coverage + tzname string match. Does NOT by itself confirm physical location, facility identity, or absence of a mid-period relocation/rename.",0.00019621243548028868,2018-01-01,2019-12-31,,True,confirmed_period,America/New_York,1934-07-01,,True,True,
TTN,KTTN,New Jersey,US,NJ_ASOS,TTN,America/New_York,40.2766990662,-74.8134994507,NJ_ASOS,"IEM network-metadata lookup only: station id presence + archive period coverage + tzname string match. Does NOT by itself confirm physical location, facility identity, or absence of a mid-period relocation/rename.",0.2039575771600726,2018-01-01,2019-12-31,,True,confirmed_period,America/New_York,1930-06-07,,True,True,
TUL,KTUL,Oklahoma,US,OK_ASOS,TUL,America/Chicago,36.1983985901,-95.8880996704,OK_ASOS,"IEM network-metadata lookup only: station id presence + archive period coverage + tzname string match. Does NOT by itself confirm physical location, facility identity, or absence of a mid-period relocation/rename.",0.00015953929555096406,2018-01-01,2019-12-31,,True,confirmed_period,America/Chicago,1930-01-01,,True,True,
TUS,KTUS,Arizona,US,AZ_ASOS,TUS,America/Phoenix,32.1161003113,-110.9410018921,AZ_ASOS,"IEM network-metadata lookup only: station id presence + archive period coverage + tzname string match. Does NOT by itself confirm physical location, facility identity, or absence of a mid-period relocation/rename.",0.5458930703001492,2018-01-01,2019-12-31,,True,confirmed_period,America/Phoenix,1928-05-01,,True,True,
TVC,KTVC,Michigan,US,MI_ASOS,TVC,America/Detroit,44.7414016724,-85.5821990967,MI_ASOS,"IEM network-metadata lookup only: station id presence + archive period coverage + tzname string match. Does NOT by itself confirm physical location, facility identity, or absence of a mid-period relocation/rename.",0.02716826069052813,2018-01-01,2019-12-31,,True,confirmed_period,America/Detroit,1948-12-01,,True,True,
TWF,KTWF,Idaho,US,ID_ASOS,TWF,America/Boise,42.48180008,-114.487999,ID_ASOS,"IEM network-metadata lookup only: station id presence + archive period coverage + tzname string match. Does NOT by itself confirm physical location, facility identity, or absence of a mid-period relocation/rename.",0.016319091159833037,2018-01-01,2019-12-31,,True,confirmed_period,America/Boise,1972-12-31,,True,True,
TXK,KTXK,Arkansas,US,AR_ASOS,TXK,America/Chicago,33.4537010193,-93.9909973145,AR_ASOS,"IEM network-metadata lookup only: station id presence + archive period coverage + tzname string match. Does NOT by itself confirm physical location, facility identity, or absence of a mid-period relocation/rename.",0.00027371271903978524,2018-01-01,2019-12-31,,True,confirmed_period,America/Chicago,1946-07-29,,True,True,
TYR,KTYR,Texas,US,TX_ASOS,TYR,America/Chicago,32.3540992737,-95.4023971558,TX_ASOS,"IEM network-metadata lookup only: station id presence + archive period coverage + tzname string match. Does NOT by itself confirm physical location, facility identity, or absence of a mid-period relocation/rename.",0.0002791035343376413,2018-01-01,2019-12-31,,True,confirmed_period,America/Chicago,1934-09-16,,True,True,
TYS,KTYS,Tennessee,US,TN_ASOS,TYS,America/New_York,35.81100082,-83.9940033,TN_ASOS,"IEM network-metadata lookup only: station id presence + archive period coverage + tzname string match. Does NOT by itself confirm physical location, facility identity, or absence of a mid-period relocation/rename.",1.0817965201955317,2018-01-01,2019-12-31,,True,confirmed_period,America/New_York,1900-12-31,,True,True,
UIN,KUIN,Illinois,US,IL_ASOS,UIN,America/Chicago,39.94269943,-91.19460297,IL_ASOS,"IEM network-metadata lookup only: station id presence + archive period coverage + tzname string match. Does NOT by itself confirm physical location, facility identity, or absence of a mid-period relocation/rename.",0.011185755243581614,2018-01-01,2019-12-31,,True,confirmed_period,America/Chicago,1948-12-01,,True,True,
USA,KJQF,North Carolina,US,NC_ASOS,USA,America/New_York,35.3877983093,-80.7090988159,,"IEM network-metadata lookup only: station id presence + archive period coverage + tzname string match. Does NOT by itself confirm physical location, facility identity, or absence of a mid-period relocation/rename.",,,,,False,unconfirmed,,,,,,candidate sid USA not found in NC_ASOS
VEL,KVEL,Utah,US,UT_ASOS,VEL,America/Denver,40.4408989,-109.5100021,UT_ASOS,"IEM network-metadata lookup only: station id presence + archive period coverage + tzname string match. Does NOT by itself confirm physical location, facility identity, or absence of a mid-period relocation/rename.",0.008641368927396666,2018-01-01,2019-12-31,,True,confirmed_period,America/Denver,1973-01-01,,True,True,
VLD,KVLD,Georgia,US,GA_ASOS,VLD,America/New_York,30.7824993134,-83.2767028809,GA_ASOS,"IEM network-metadata lookup only: station id presence + archive period coverage + tzname string match. Does NOT by itself confirm physical location, facility identity, or absence of a mid-period relocation/rename.",0.00028560436946156595,2018-01-01,2019-12-31,,True,confirmed_period,America/New_York,1947-12-31,,True,True,
VPS,KVPS,Florida,US,FL_ASOS,VPS,America/Chicago,30.4832000732,-86.5253982544,FL_ASOS,"IEM network-metadata lookup only: station id presence + archive period coverage + tzname string match. Does NOT by itself confirm physical location, facility identity, or absence of a mid-period relocation/rename.",0.00016747085127289047,2018-01-01,2019-12-31,,True,confirmed_period,America/Chicago,1938-09-10,,True,True,
WRG,PAWG,Alaska,US,AK_ASOS,PAWG,America/Sitka,56.48429871,-132.3699951,AK_ASOS,"IEM network-metadata lookup only: station id presence + archive period coverage + tzname string match. Does NOT by itself confirm physical location, facility identity, or absence of a mid-period relocation/rename.",0.0119796249961082,2018-01-01,2019-12-31,True,True,tz_conflict_needs_resolution,America/Juneau,1972-12-31,,True,False,
WYS,KWYS,Montana,US,MT_ASOS,WYS,America/Denver,44.68840027,-111.1179962,MT_ASOS,"IEM network-metadata lookup only: station id presence + archive period coverage + tzname string match. Does NOT by itself confirm physical location, facility identity, or absence of a mid-period relocation/rename.",0.03132090720294979,2018-01-01,2019-12-31,,True,confirmed_period,America/Denver,1973-06-01,,True,True,
XNA,KXNA,Arkansas,US,AR_ASOS,XNA,America/Chicago,36.2818984985,-94.3068008423,AR_ASOS,"IEM network-metadata lookup only: station id presence + archive period coverage + tzname string match. Does NOT by itself confirm physical location, facility identity, or absence of a mid-period relocation/rename.",0.021120309837045773,2018-01-01,2019-12-31,,True,confirmed_period,America/Chicago,1998-11-01,,True,True,
XWA,KXWA,North Dakota,US,ND_ASOS,XWA,America/Chicago,48.259722,-103.750556,ND_ASOS,"IEM network-metadata lookup only: station id presence + archive period coverage + tzname string match. Does NOT by itself confirm physical location, facility identity, or absence of a mid-period relocation/rename.",0.004813564604778663,2019-10-12,2019-12-31,,True,confirmed_current_only,America/Chicago,2019-10-12,,False,True,
YAK,PAYA,Alaska,US,AK_ASOS,PAYA,America/Yakutat,59.5032997131,-139.660003662,AK_ASOS,"IEM network-metadata lookup only: station id presence + archive period coverage + tzname string match. Does NOT by itself confirm physical location, facility identity, or absence of a mid-period relocation/rename.",1.1586671731001283,2018-01-01,2019-12-31,,True,confirmed_period,America/Yakutat,1941-05-01,,True,True,
YKM,KYKM,Washington,US,WA_ASOS,YKM,America/Los_Angeles,46.56819916,-120.5439987,WA_ASOS,"IEM network-metadata lookup only: station id presence + archive period coverage + tzname string match. Does NOT by itself confirm physical location, facility identity, or absence of a mid-period relocation/rename.",0.007744500552224314,2018-01-01,2019-12-31,,True,confirmed_period,America/Los_Angeles,1909-03-01,,True,True,
YNG,KYNG,Ohio,US,OH_ASOS,YNG,America/New_York,41.26070023,-80.67910004,OH_ASOS,"IEM network-metadata lookup only: station id presence + archive period coverage + tzname string match. Does NOT by itself confirm physical location, facility identity, or absence of a mid-period relocation/rename.",0.8244522046744069,2018-01-01,2019-12-31,,True,confirmed_period,America/New_York,1947-12-31,,True,True,
YUM,KNYL,Arizona,US,AZ_ASOS,YUM,America/Phoenix,32.65660095,-114.6060028,AZ_ASOS,"IEM network-metadata lookup only: station id presence + archive period coverage + tzname string match. Does NOT by itself confirm physical location, facility identity, or absence of a mid-period relocation/rename.",0.00028261314823396885,,,,True,confirmed_current_only,America/Phoenix,1940-04-01,2007-01-05,False,True,
