dimension,value,eligible_rows,matched_rows,unmatched_rows,unmatched_rate
Carrier_ID(DOT),19393,12018,12018,0,0.0
Carrier_ID(DOT),19687,960,960,0,0.0
Carrier_ID(DOT),19690,699,699,0,0.0
Carrier_ID(DOT),19790,8248,8248,0,0.0
Carrier_ID(DOT),19805,3278,3278,0,0.0
Carrier_ID(DOT),19930,2324,2324,0,0.0
Carrier_ID(DOT),19977,5459,5459,0,0.0
Carrier_ID(DOT),20046,911,911,0,0.0
Carrier_ID(DOT),20225,14,14,0,0.0
Carrier_ID(DOT),20237,550,550,0,0.0
Carrier_ID(DOT),20253,16,16,0,0.0
Carrier_ID(DOT),20263,63,63,0,0.0
Carrier_ID(DOT),20304,6238,6238,0,0.0
Carrier_ID(DOT),20363,2104,2104,0,0.0
Carrier_ID(DOT),20366,1403,1403,0,0.0
Carrier_ID(DOT),20368,911,911,0,0.0
Carrier_ID(DOT),20378,1336,1336,0,0.0
Carrier_ID(DOT),20397,1055,1055,0,0.0
Carrier_ID(DOT),20398,1076,1076,0,0.0
Carrier_ID(DOT),20409,2876,2876,0,0.0
Carrier_ID(DOT),20416,1646,1646,0,0.0
Carrier_ID(DOT),20427,415,415,0,0.0
Carrier_ID(DOT),20436,1038,1038,0,0.0
Carrier_ID(DOT),20445,436,436,0,0.0
Carrier_ID(DOT),20452,2008,2008,0,0.0
Carrier_ID(DOT),20500,788,788,0,0.0
Carrier_ID(DOT),21167,679,679,0,0.0
Airline,(missing),6512,6512,0,0.0
Airline,Air Wisconsin Airlines Corp,812,812,0,0.0
Airline,Alaska Airlines Inc.,2059,2059,0,0.0
Airline,Allegiant Air,810,810,0,0.0
Airline,American Airlines Inc.,2929,2929,0,0.0
Airline,Cape Air,15,15,0,0.0
Airline,Capital Cargo International,379,379,0,0.0
Airline,Comair Inc.,922,922,0,0.0
Airline,"Commutair Aka Champlain Enterprises, Inc.",386,386,0,0.0
Airline,Compass Airlines,590,590,0,0.0
Airline,Delta Air Lines Inc.,7280,7280,0,0.0
Airline,Empire Airlines Inc.,56,56,0,0.0
Airline,Endeavor Air Inc.,1879,1879,0,0.0
Airline,Envoy Air,954,954,0,0.0
Airline,ExpressJet Airlines Inc.,1271,1271,0,0.0
Airline,Frontier Airlines Inc.,930,930,0,0.0
Airline,"GoJet Airlines, LLC d/b/a United Express",711,711,0,0.0
Airline,Hawaiian Airlines Inc.,611,611,0,0.0
Airline,Horizon Air,847,847,0,0.0
Airline,JetBlue Airways,2575,2575,0,0.0
Airline,Mesa Airlines Inc.,1197,1197,0,0.0
Airline,Peninsula Airways Inc.,10,10,0,0.0
Airline,Republic Airlines,1781,1781,0,0.0
Airline,SkyWest Airlines Inc.,5541,5541,0,0.0
Airline,Southwest Airlines Co.,10676,10676,0,0.0
Airline,Spirit Air Lines,1442,1442,0,0.0
Airline,Trans States Airlines,491,491,0,0.0
Airline,United Air Lines Inc.,4883,4883,0,0.0
carrier_group,previously-absent operator,4816,4816,0,0.0
carrier_group,reporting carrier,53733,53733,0,0.0
route,ABE->ATL,7,7,0,0.0
route,ABE->CLT,5,5,0,0.0
route,ABE->DTW,9,9,0,0.0
route,ABE->ORD,10,10,0,0.0
route,ABE->PGD,1,1,0,0.0
route,ABE->PHL,5,5,0,0.0
route,ABE->SFB,2,2,0,0.0
route,ABI->DFW,6,6,0,0.0
route,ABQ->ATL,3,3,0,0.0
route,ABQ->AUS,2,2,0,0.0
route,ABQ->BWI,6,6,0,0.0
route,ABQ->DAL,9,9,0,0.0
route,ABQ->DEN,25,25,0,0.0
route,ABQ->DFW,9,9,0,0.0
route,ABQ->HOU,9,9,0,0.0
route,ABQ->IAH,14,14,0,0.0
route,ABQ->JFK,3,3,0,0.0
route,ABQ->LAS,13,13,0,0.0
route,ABQ->LAX,17,17,0,0.0
route,ABQ->MCI,4,4,0,0.0
route,ABQ->MCO,2,2,0,0.0
route,ABQ->MDW,12,12,0,0.0
route,ABQ->OAK,3,3,0,0.0
route,ABQ->ORD,4,4,0,0.0
route,ABQ->PDX,1,1,0,0.0
route,ABQ->PHX,28,28,0,0.0
route,ABQ->SAN,7,7,0,0.0
route,ABQ->SEA,3,3,0,0.0
route,ABQ->SFO,7,7,0,0.0
route,ABQ->SLC,9,9,0,0.0
route,ABR->MSP,2,2,0,0.0
route,ABY->ATL,12,12,0,0.0
route,ACT->DFW,9,9,0,0.0
route,ACV->LAX,1,1,0,0.0
route,ACV->SFO,10,10,0,0.0
route,ACY->ATL,3,3,0,0.0
route,ACY->FLL,7,7,0,0.0
route,ACY->MCO,6,6,0,0.0
route,ACY->MSY,1,1,0,0.0
route,ACY->MYR,2,2,0,0.0
route,ACY->PBI,2,2,0,0.0
route,ACY->RSW,5,5,0,0.0
route,ACY->TPA,2,2,0,0.0
route,ADK->ANC,1,1,0,0.0
route,ADQ->ANC,10,10,0,0.0
route,AEX->ATL,14,14,0,0.0
route,AEX->DFW,5,5,0,0.0
route,AEX->IAH,7,7,0,0.0
route,AGS->ATL,35,35,0,0.0
route,AGS->CLT,8,8,0,0.0
route,AGS->DFW,2,2,0,0.0
route,AGS->LGA,1,1,0,0.0
route,ALB->ATL,6,6,0,0.0
route,ALB->BWI,15,15,0,0.0
route,ALB->CLT,3,3,0,0.0
route,ALB->DCA,2,2,0,0.0
route,ALB->DEN,1,1,0,0.0
route,ALB->DTW,15,15,0,0.0
route,ALB->EWR,17,17,0,0.0
route,ALB->FLL,8,8,0,0.0
route,ALB->IAD,9,9,0,0.0
route,ALB->MCO,15,15,0,0.0
route,ALB->MDW,3,3,0,0.0
route,ALB->MSP,4,4,0,0.0
route,ALB->ORD,25,25,0,0.0
route,ALB->PHL,8,8,0,0.0
route,ALB->PIE,2,2,0,0.0
route,ALB->TPA,5,5,0,0.0
route,ALO->ORD,1,1,0,0.0
route,ALW->SEA,9,9,0,0.0
route,AMA->DAL,11,11,0,0.0
route,AMA->DEN,3,3,0,0.0
route,AMA->DFW,6,6,0,0.0
route,AMA->IAH,9,9,0,0.0
route,AMA->LAS,5,5,0,0.0
route,AMA->PHX,4,4,0,0.0
route,ANC->ADK,2,2,0,0.0
route,ANC->ADQ,3,3,0,0.0
route,ANC->BET,7,7,0,0.0
route,ANC->CDV,4,4,0,0.0
route,ANC->DEN,2,2,0,0.0
route,ANC->DUT,4,4,0,0.0
route,ANC->FAI,17,17,0,0.0
route,ANC->HNL,4,4,0,0.0
route,ANC->JNU,12,12,0,0.0
route,ANC->LAX,2,2,0,0.0
route,ANC->MSP,4,4,0,0.0
route,ANC->OME,4,4,0,0.0
route,ANC->ORD,1,1,0,0.0
route,ANC->OTZ,8,8,0,0.0
route,ANC->PDX,6,6,0,0.0
route,ANC->PHX,3,3,0,0.0
route,ANC->SCC,6,6,0,0.0
route,ANC->SEA,46,46,0,0.0
route,APN->DTW,5,5,0,0.0
route,APN->PLN,1,1,0,0.0
route,ART->PHL,2,2,0,0.0
route,ASE->DEN,17,17,0,0.0
route,ASE->DFW,1,1,0,0.0
route,ASE->LAX,3,3,0,0.0
route,ASE->ORD,2,2,0,0.0
route,ASE->SFO,1,1,0,0.0
route,ASE->SLC,4,4,0,0.0
route,ATL->ABE,6,6,0,0.0
route,ATL->ABQ,6,6,0,0.0
route,ATL->ABY,9,9,0,0.0
route,ATL->AEX,17,17,0,0.0
route,ATL->AGS,25,25,0,0.0
route,ATL->ALB,8,8,0,0.0
route,ATL->ATW,2,2,0,0.0
route,ATL->AUS,39,39,0,0.0
route,ATL->AVL,20,20,0,0.0
route,ATL->BDL,20,20,0,0.0
route,ATL->BHM,28,28,0,0.0
route,ATL->BMI,10,10,0,0.0
route,ATL->BNA,32,32,0,0.0
route,ATL->BOS,61,61,0,0.0
route,ATL->BQK,10,10,0,0.0
route,ATL->BTR,19,19,0,0.0
route,ATL->BTV,5,5,0,0.0
route,ATL->BUF,12,12,0,0.0
route,ATL->BWI,46,46,0,0.0
route,ATL->CAE,30,30,0,0.0
route,ATL->CAK,11,11,0,0.0
route,ATL->CHA,40,40,0,0.0
route,ATL->CHO,14,14,0,0.0
route,ATL->CHS,36,36,0,0.0
route,ATL->CID,10,10,0,0.0
route,ATL->CLE,33,33,0,0.0
route,ATL->CLT,50,50,0,0.0
route,ATL->CMH,29,29,0,0.0
route,ATL->COS,6,6,0,0.0
route,ATL->CRW,16,16,0,0.0
route,ATL->CSG,10,10,0,0.0
route,ATL->CVG,31,31,0,0.0
route,ATL->DAB,7,7,0,0.0
route,ATL->DAL,22,22,0,0.0
route,ATL->DAY,15,15,0,0.0
route,ATL->DCA,51,51,0,0.0
route,ATL->DEN,45,45,0,0.0
route,ATL->DFW,48,48,0,0.0
route,ATL->DHN,11,11,0,0.0
route,ATL->DSM,7,7,0,0.0
route,ATL->DTW,40,40,0,0.0
route,ATL->ECP,22,22,0,0.0
route,ATL->ELP,7,7,0,0.0
route,ATL->EVV,12,12,0,0.0
route,ATL->EWN,4,4,0,0.0
route,ATL->EWR,62,62,0,0.0
route,ATL->EYW,17,17,0,0.0
route,ATL->FAY,13,13,0,0.0
route,ATL->FLL,88,88,0,0.0
route,ATL->FNT,12,12,0,0.0
route,ATL->FSD,3,3,0,0.0
route,ATL->FSM,8,8,0,0.0
route,ATL->FWA,13,13,0,0.0
route,ATL->GNV,20,20,0,0.0
route,ATL->GPT,10,10,0,0.0
route,ATL->GRB,3,3,0,0.0
route,ATL->GRR,11,11,0,0.0
route,ATL->GSO,18,18,0,0.0
route,ATL->GSP,44,44,0,0.0
route,ATL->GTR,7,7,0,0.0
route,ATL->HDN,1,1,0,0.0
route,ATL->HNL,1,1,0,0.0
route,ATL->HOU,41,41,0,0.0
route,ATL->HPN,16,16,0,0.0
route,ATL->HSV,19,19,0,0.0
route,ATL->IAD,28,28,0,0.0
route,ATL->IAH,39,39,0,0.0
route,ATL->ICT,11,11,0,0.0
route,ATL->ILM,14,14,0,0.0
route,ATL->IND,43,43,0,0.0
route,ATL->ISP,1,1,0,0.0
route,ATL->JAN,23,23,0,0.0
route,ATL->JAX,46,46,0,0.0
route,ATL->JFK,35,35,0,0.0
route,ATL->LAS,49,49,0,0.0
route,ATL->LAX,52,52,0,0.0
route,ATL->LEX,27,27,0,0.0
route,ATL->LFT,14,14,0,0.0
route,ATL->LGA,82,82,0,0.0
route,ATL->LIT,15,15,0,0.0
route,ATL->LNK,4,4,0,0.0
route,ATL->MCI,46,46,0,0.0
route,ATL->MCO,84,84,0,0.0
route,ATL->MDT,12,12,0,0.0
route,ATL->MDW,29,29,0,0.0
route,ATL->MEM,28,28,0,0.0
route,ATL->MGM,19,19,0,0.0
route,ATL->MHT,1,1,0,0.0
route,ATL->MIA,52,52,0,0.0
route,ATL->MKE,27,27,0,0.0
route,ATL->MLB,11,11,0,0.0
route,ATL->MLI,9,9,0,0.0
route,ATL->MLU,10,10,0,0.0
route,ATL->MOB,20,20,0,0.0
route,ATL->MSN,11,11,0,0.0
route,ATL->MSP,42,42,0,0.0
route,ATL->MSY,56,56,0,0.0
route,ATL->MYR,9,9,0,0.0
route,ATL->OAJ,15,15,0,0.0
route,ATL->OAK,6,6,0,0.0
route,ATL->OKC,11,11,0,0.0
route,ATL->OMA,9,9,0,0.0
route,ATL->ORD,59,59,0,0.0
route,ATL->ORF,33,33,0,0.0
route,ATL->PBI,33,33,0,0.0
route,ATL->PDX,10,10,0,0.0
route,ATL->PHF,13,13,0,0.0
route,ATL->PHL,46,46,0,0.0
route,ATL->PHX,32,32,0,0.0
route,ATL->PIA,10,10,0,0.0
route,ATL->PIT,37,37,0,0.0
route,ATL->PNS,23,23,0,0.0
route,ATL->PVD,9,9,0,0.0
route,ATL->PWM,3,3,0,0.0
route,ATL->RDU,41,41,0,0.0
route,ATL->RIC,44,44,0,0.0
route,ATL->ROA,12,12,0,0.0
route,ATL->ROC,10,10,0,0.0
route,ATL->RST,1,1,0,0.0
route,ATL->RSW,38,38,0,0.0
route,ATL->SAN,20,20,0,0.0
route,ATL->SAT,39,39,0,0.0
route,ATL->SAV,24,24,0,0.0
route,ATL->SBN,12,12,0,0.0
route,ATL->SDF,24,24,0,0.0
route,ATL->SEA,16,16,0,0.0
route,ATL->SFO,36,36,0,0.0
route,ATL->SGF,8,8,0,0.0
route,ATL->SHV,14,14,0,0.0
route,ATL->SJC,16,16,0,0.0
route,ATL->SJU,12,12,0,0.0
route,ATL->SLC,22,22,0,0.0
route,ATL->SMF,8,8,0,0.0
route,ATL->SNA,13,13,0,0.0
route,ATL->SRQ,19,19,0,0.0
route,ATL->STL,38,38,0,0.0
route,ATL->STT,4,4,0,0.0
route,ATL->SYR,8,8,0,0.0
route,ATL->TLH,23,23,0,0.0
route,ATL->TPA,70,70,0,0.0
route,ATL->TRI,19,19,0,0.0
route,ATL->TUL,10,10,0,0.0
route,ATL->TUS,2,2,0,0.0
route,ATL->TYS,20,20,0,0.0
route,ATL->VLD,7,7,0,0.0
route,ATL->VPS,25,25,0,0.0
route,ATL->XNA,23,23,0,0.0
route,ATW->ATL,6,6,0,0.0
route,ATW->DEN,2,2,0,0.0
route,ATW->DTW,10,10,0,0.0
route,ATW->MSP,9,9,0,0.0
route,ATW->ORD,28,28,0,0.0
route,ATW->PGD,1,1,0,0.0
route,ATY->DEN,2,2,0,0.0
route,AUS->ABQ,1,1,0,0.0
route,AUS->ATL,28,28,0,0.0
route,AUS->BNA,7,7,0,0.0
route,AUS->BOS,11,11,0,0.0
route,AUS->BWI,10,10,0,0.0
route,AUS->CLE,3,3,0,0.0
route,AUS->CLT,8,8,0,0.0
route,AUS->CMH,1,1,0,0.0
route,AUS->CVG,7,7,0,0.0
route,AUS->DAL,35,35,0,0.0
route,AUS->DCA,5,5,0,0.0
route,AUS->DEN,35,35,0,0.0
route,AUS->DFW,12,12,0,0.0
route,AUS->DTW,16,16,0,0.0
route,AUS->ELP,11,11,0,0.0
route,AUS->EWR,20,20,0,0.0
route,AUS->FLL,11,11,0,0.0
route,AUS->HOU,13,13,0,0.0
route,AUS->HRL,1,1,0,0.0
route,AUS->IAD,10,10,0,0.0
route,AUS->IAH,28,28,0,0.0
route,AUS->IND,1,1,0,0.0
route,AUS->JAX,2,2,0,0.0
route,AUS->JFK,21,21,0,0.0
route,AUS->LAS,17,17,0,0.0
route,AUS->LAX,32,32,0,0.0
route,AUS->LBB,5,5,0,0.0
route,AUS->LCK,1,1,0,0.0
route,AUS->LGB,1,1,0,0.0
route,AUS->MCI,2,2,0,0.0
route,AUS->MCO,10,10,0,0.0
route,AUS->MDW,7,7,0,0.0
route,AUS->MEM,1,1,0,0.0
route,AUS->MIA,1,1,0,0.0
route,AUS->MKE,1,1,0,0.0
route,AUS->MSP,14,14,0,0.0
route,AUS->MSY,9,9,0,0.0
route,AUS->OAK,1,1,0,0.0
route,AUS->ORD,23,23,0,0.0
route,AUS->PDX,4,4,0,0.0
route,AUS->PHL,6,6,0,0.0
route,AUS->PHX,28,28,0,0.0
route,AUS->PIE,2,2,0,0.0
route,AUS->PVD,2,2,0,0.0
route,AUS->RDU,4,4,0,0.0
route,AUS->RNO,1,1,0,0.0
route,AUS->SAN,15,15,0,0.0
route,AUS->SEA,9,9,0,0.0
route,AUS->SFO,25,25,0,0.0
route,AUS->SJC,5,5,0,0.0
route,AUS->SLC,8,8,0,0.0
route,AUS->SMF,5,5,0,0.0
route,AUS->STL,2,2,0,0.0
route,AUS->TPA,5,5,0,0.0
route,AVL->ATL,22,22,0,0.0
route,AVL->CLT,7,7,0,0.0
route,AVL->EWR,3,3,0,0.0
route,AVL->FLL,3,3,0,0.0
route,AVL->IAD,3,3,0,0.0
route,AVL->ORD,4,4,0,0.0
route,AVL->PGD,2,2,0,0.0
route,AVL->PIE,3,3,0,0.0
route,AVL->SFB,3,3,0,0.0
route,AVP->ATL,4,4,0,0.0
route,AVP->CLT,5,5,0,0.0
route,AVP->DTW,9,9,0,0.0
route,AVP->EWR,6,6,0,0.0
route,AVP->IAD,1,1,0,0.0
route,AVP->ORD,7,7,0,0.0
route,AVP->PHL,6,6,0,0.0
route,AZA->ATW,1,1,0,0.0
route,AZA->BIL,2,2,0,0.0
route,AZA->BIS,1,1,0,0.0
route,AZA->BLI,4,4,0,0.0
route,AZA->BLV,1,1,0,0.0
route,AZA->BOI,1,1,0,0.0
route,AZA->BZN,2,2,0,0.0
route,AZA->CID,4,4,0,0.0
route,AZA->CVG,1,1,0,0.0
route,AZA->DSM,1,1,0,0.0
route,AZA->EUG,1,1,0,0.0
route,AZA->FAR,3,3,0,0.0
route,AZA->FSD,2,2,0,0.0
route,AZA->FWA,1,1,0,0.0
route,AZA->GFK,1,1,0,0.0
route,AZA->GRI,2,2,0,0.0
route,AZA->GRR,1,1,0,0.0
route,AZA->GTF,4,4,0,0.0
route,AZA->ICT,2,2,0,0.0
route,AZA->LAS,1,1,0,0.0
route,AZA->MOT,1,1,0,0.0
route,AZA->MSO,1,1,0,0.0
route,AZA->OAK,1,1,0,0.0
route,AZA->OGD,1,1,0,0.0
route,AZA->PIA,3,3,0,0.0
route,AZA->PSC,1,1,0,0.0
route,AZA->PVU,5,5,0,0.0
route,AZA->RAP,1,1,0,0.0
route,AZA->SBN,1,1,0,0.0
route,AZA->SCK,1,1,0,0.0
route,AZA->SGF,4,4,0,0.0
route,AZA->STC,1,1,0,0.0
route,AZO->DTW,13,13,0,0.0
route,AZO->MSP,9,9,0,0.0
route,AZO->ORD,10,10,0,0.0
route,BDL->ATL,23,23,0,0.0
route,BDL->BWI,25,25,0,0.0
route,BDL->CLE,4,4,0,0.0
route,BDL->CLT,8,8,0,0.0
route,BDL->CVG,4,4,0,0.0
route,BDL->DCA,13,13,0,0.0
route,BDL->DEN,8,8,0,0.0
route,BDL->DFW,1,1,0,0.0
route,BDL->DTW,12,12,0,0.0
route,BDL->EWR,1,1,0,0.0
route,BDL->FLL,15,15,0,0.0
route,BDL->IAD,15,15,0,0.0
route,BDL->IAH,2,2,0,0.0
route,BDL->LAS,2,2,0,0.0
route,BDL->MCO,25,25,0,0.0
route,BDL->MDW,12,12,0,0.0
route,BDL->MIA,1,1,0,0.0
route,BDL->MSP,11,11,0,0.0
route,BDL->MYR,3,3,0,0.0
route,BDL->ORD,12,12,0,0.0
route,BDL->PBI,5,5,0,0.0
route,BDL->PHL,2,2,0,0.0
route,BDL->RDU,1,1,0,0.0
route,BDL->RSW,10,10,0,0.0
route,BDL->SJU,7,7,0,0.0
route,BDL->TPA,14,14,0,0.0
route,BET->ANC,10,10,0,0.0
route,BFF->DEN,4,4,0,0.0
route,BFL->DEN,7,7,0,0.0
route,BFL->DFW,1,1,0,0.0
route,BFL->PHX,6,6,0,0.0
route,BFL->SFO,4,4,0,0.0
route,BGM->DTW,10,10,0,0.0
route,BGR->DCA,3,3,0,0.0
route,BGR->EWR,4,4,0,0.0
route,BGR->JFK,1,1,0,0.0
route,BGR->LGA,14,14,0,0.0
route,BGR->PHL,4,4,0,0.0
route,BGR->PIE,3,3,0,0.0
route,BGR->SFB,3,3,0,0.0
route,BHM->ATL,22,22,0,0.0
route,BHM->BWI,5,5,0,0.0
route,BHM->CLT,11,11,0,0.0
route,BHM->DAL,5,5,0,0.0
route,BHM->DCA,6,6,0,0.0
route,BHM->DEN,4,4,0,0.0
route,BHM->DFW,7,7,0,0.0
route,BHM->DTW,10,10,0,0.0
route,BHM->HOU,7,7,0,0.0
route,BHM->IAH,13,13,0,0.0
route,BHM->LAS,5,5,0,0.0
route,BHM->LGA,8,8,0,0.0
route,BHM->MCO,7,7,0,0.0
route,BHM->MDW,5,5,0,0.0
route,BHM->MIA,2,2,0,0.0
route,BHM->ORD,11,11,0,0.0
route,BHM->PHL,2,2,0,0.0
route,BHM->TPA,2,2,0,0.0
route,BIL->AZA,1,1,0,0.0
route,BIL->DEN,17,17,0,0.0
route,BIL->DFW,2,2,0,0.0
route,BIL->LAS,3,3,0,0.0
route,BIL->MSP,5,5,0,0.0
route,BIL->PDX,4,4,0,0.0
route,BIL->SEA,11,11,0,0.0
route,BIL->SLC,9,9,0,0.0
route,BIS->AZA,3,3,0,0.0
route,BIS->DEN,8,8,0,0.0
route,BIS->DFW,3,3,0,0.0
route,BIS->LAS,1,1,0,0.0
route,BIS->MSP,17,17,0,0.0
route,BIS->ORD,4,4,0,0.0
route,BIS->SFB,1,1,0,0.0
route,BJI->MSP,5,5,0,0.0
route,BLI->LAS,8,8,0,0.0
route,BLI->LAX,1,1,0,0.0
route,BLI->OAK,1,1,0,0.0
route,BLI->PDX,3,3,0,0.0
route,BLI->PSP,1,1,0,0.0
route,BLI->SEA,13,13,0,0.0
route,BLI->TUS,1,1,0,0.0
route,BLV->JAX,2,2,0,0.0
route,BLV->PGD,2,2,0,0.0
route,BLV->PIE,5,5,0,0.0
route,BMI->ATL,10,10,0,0.0
route,BMI->DFW,2,2,0,0.0
route,BMI->MCO,1,1,0,0.0
route,BMI->MSP,4,4,0,0.0
route,BMI->ORD,4,4,0,0.0
route,BMI->SFB,2,2,0,0.0
route,BNA->ATL,30,30,0,0.0
route,BNA->AUS,13,13,0,0.0
route,BNA->BOS,25,25,0,0.0
route,BNA->BWI,16,16,0,0.0
route,BNA->CHS,4,4,0,0.0
route,BNA->CLE,6,6,0,0.0
route,BNA->CLT,18,18,0,0.0
route,BNA->CMH,6,6,0,0.0
route,BNA->CVG,2,2,0,0.0
route,BNA->DAL,11,11,0,0.0
route,BNA->DCA,24,24,0,0.0
route,BNA->DEN,29,29,0,0.0
route,BNA->DFW,16,16,0,0.0
route,BNA->DTW,28,28,0,0.0
route,BNA->ECP,4,4,0,0.0
route,BNA->EWR,24,24,0,0.0
route,BNA->FLL,10,10,0,0.0
route,BNA->HOU,8,8,0,0.0
route,BNA->IAD,15,15,0,0.0
route,BNA->IAH,28,28,0,0.0
route,BNA->JAX,10,10,0,0.0
route,BNA->JFK,11,11,0,0.0
route,BNA->LAS,13,13,0,0.0
route,BNA->LAX,13,13,0,0.0
route,BNA->LGA,35,35,0,0.0
route,BNA->MCI,7,7,0,0.0
route,BNA->MCO,20,20,0,0.0
route,BNA->MDW,23,23,0,0.0
route,BNA->MIA,3,3,0,0.0
route,BNA->MKE,3,3,0,0.0
route,BNA->MSP,13,13,0,0.0
route,BNA->MSY,5,5,0,0.0
route,BNA->OAK,4,4,0,0.0
route,BNA->ORD,39,39,0,0.0
route,BNA->PHL,15,15,0,0.0
route,BNA->PHX,12,12,0,0.0
route,BNA->PIT,5,5,0,0.0
route,BNA->PNS,5,5,0,0.0
route,BNA->RDU,17,17,0,0.0
route,BNA->RSW,3,3,0,0.0
route,BNA->SAN,3,3,0,0.0
route,BNA->SAT,7,7,0,0.0
route,BNA->SEA,7,7,0,0.0
route,BNA->SFO,13,13,0,0.0
route,BNA->SLC,5,5,0,0.0
route,BNA->STL,6,6,0,0.0
route,BNA->TPA,19,19,0,0.0
route,BNA->TTN,1,1,0,0.0
route,BOI->AZA,2,2,0,0.0
route,BOI->DEN,28,28,0,0.0
route,BOI->DFW,1,1,0,0.0
route,BOI->GEG,10,10,0,0.0
route,BOI->IAH,2,2,0,0.0
route,BOI->LAS,6,6,0,0.0
route,BOI->LAX,5,5,0,0.0
route,BOI->LWS,5,5,0,0.0
route,BOI->MSP,1,1,0,0.0
route,BOI->OAK,3,3,0,0.0
route,BOI->ORD,8,8,0,0.0
route,BOI->PDX,26,26,0,0.0
route,BOI->PHX,8,8,0,0.0
route,BOI->RNO,2,2,0,0.0
route,BOI->SAN,5,5,0,0.0
route,BOI->SEA,46,46,0,0.0
route,BOI->SFO,19,19,0,0.0
route,BOI->SJC,6,6,0,0.0
route,BOI->SLC,17,17,0,0.0
route,BOI->SMF,5,5,0,0.0
route,BOS->ATL,67,67,0,0.0
route,BOS->AUS,10,10,0,0.0
route,BOS->BNA,27,27,0,0.0
route,BOS->BUF,15,15,0,0.0
route,BOS->BUR,2,2,0,0.0
route,BOS->BWI,58,58,0,0.0
route,BOS->CHS,9,9,0,0.0
route,BOS->CLE,13,13,0,0.0
route,BOS->CLT,20,20,0,0.0
route,BOS->CMH,14,14,0,0.0
route,BOS->CVG,11,11,0,0.0
route,BOS->DAL,8,8,0,0.0
route,BOS->DCA,41,41,0,0.0
route,BOS->DEN,24,24,0,0.0
route,BOS->DFW,27,27,0,0.0
route,BOS->DTW,26,26,0,0.0
route,BOS->EWR,47,47,0,0.0
route,BOS->FLL,29,29,0,0.0
route,BOS->HNL,1,1,0,0.0
route,BOS->HOU,12,12,0,0.0
route,BOS->IAD,17,17,0,0.0
route,BOS->IAH,21,21,0,0.0
route,BOS->IND,9,9,0,0.0
route,BOS->JAX,14,14,0,0.0
route,BOS->JFK,49,49,0,0.0
route,BOS->LAS,20,20,0,0.0
route,BOS->LAX,24,24,0,0.0
route,BOS->LGA,60,60,0,0.0
route,BOS->LGB,4,4,0,0.0
route,BOS->MCI,7,7,0,0.0
route,BOS->MCO,39,39,0,0.0
route,BOS->MDT,1,1,0,0.0
route,BOS->MDW,9,9,0,0.0
route,BOS->MIA,6,6,0,0.0
route,BOS->MKE,14,14,0,0.0
route,BOS->MSP,22,22,0,0.0
route,BOS->MSY,7,7,0,0.0
route,BOS->MYR,2,2,0,0.0
route,BOS->ORD,36,36,0,0.0
route,BOS->ORF,2,2,0,0.0
route,BOS->PBI,22,22,0,0.0
route,BOS->PDX,2,2,0,0.0
route,BOS->PHL,32,32,0,0.0
route,BOS->PHX,6,6,0,0.0
route,BOS->PIT,24,24,0,0.0
route,BOS->PSP,1,1,0,0.0
route,BOS->RDU,34,34,0,0.0
route,BOS->RIC,22,22,0,0.0
route,BOS->ROC,1,1,0,0.0
route,BOS->RSW,38,38,0,0.0
route,BOS->SAN,8,8,0,0.0
route,BOS->SAV,6,6,0,0.0
route,BOS->SEA,20,20,0,0.0
route,BOS->SFO,47,47,0,0.0
route,BOS->SJC,3,3,0,0.0
route,BOS->SJU,7,7,0,0.0
route,BOS->SLC,16,16,0,0.0
route,BOS->SRQ,4,4,0,0.0
route,BOS->STL,10,10,0,0.0
route,BOS->STT,1,1,0,0.0
route,BOS->SYR,3,3,0,0.0
route,BOS->TPA,27,27,0,0.0
route,BPT->DFW,2,2,0,0.0
route,BQK->ATL,4,4,0,0.0
route,BQN->EWR,2,2,0,0.0
route,BQN->FLL,13,13,0,0.0
route,BQN->JFK,3,3,0,0.0
route,BQN->MCO,6,6,0,0.0
route,BRD->MSP,6,6,0,0.0
route,BRO->DFW,4,4,0,0.0
route,BRO->IAH,12,12,0,0.0
route,BRO->ORD,1,1,0,0.0
route,BRW->ANC,6,6,0,0.0
route,BRW->FAI,1,1,0,0.0
route,BTM->SLC,4,4,0,0.0
route,BTR->ATL,13,13,0,0.0
route,BTR->CLT,4,4,0,0.0
route,BTR->DFW,5,5,0,0.0
route,BTR->IAH,16,16,0,0.0
route,BTV->ATL,3,3,0,0.0
route,BTV->CLT,3,3,0,0.0
route,BTV->DCA,4,4,0,0.0
route,BTV->DTW,6,6,0,0.0
route,BTV->EWR,14,14,0,0.0
route,BTV->IAD,7,7,0,0.0
route,BTV->JFK,16,16,0,0.0
route,BTV->LGA,9,9,0,0.0
route,BTV->ORD,14,14,0,0.0
route,BTV->PHL,9,9,0,0.0
route,BUF->ATL,15,15,0,0.0
route,BUF->BOS,28,28,0,0.0
route,BUF->BWI,18,18,0,0.0
route,BUF->CLT,5,5,0,0.0
route,BUF->DCA,1,1,0,0.0
route,BUF->DEN,2,2,0,0.0
route,BUF->DFW,2,2,0,0.0
route,BUF->DTW,14,14,0,0.0
route,BUF->EWR,18,18,0,0.0
route,BUF->FLL,11,11,0,0.0
route,BUF->IAD,7,7,0,0.0
route,BUF->JFK,36,36,0,0.0
route,BUF->LAS,3,3,0,0.0
route,BUF->LAX,4,4,0,0.0
route,BUF->LGA,12,12,0,0.0
route,BUF->MCO,18,18,0,0.0
route,BUF->MDW,9,9,0,0.0
route,BUF->MSP,4,4,0,0.0
route,BUF->ORD,14,14,0,0.0
route,BUF->PHL,5,5,0,0.0
route,BUF->PHX,4,4,0,0.0
route,BUF->RSW,2,2,0,0.0
route,BUF->TPA,10,10,0,0.0
route,BUR->BOS,2,2,0,0.0
route,BUR->DAL,5,5,0,0.0
route,BUR->DEN,13,13,0,0.0
route,BUR->DFW,4,4,0,0.0
route,BUR->JFK,3,3,0,0.0
route,BUR->LAS,37,37,0,0.0
route,BUR->MDW,1,1,0,0.0
route,BUR->OAK,34,34,0,0.0
route,BUR->PDX,12,12,0,0.0
route,BUR->PHX,26,26,0,0.0
route,BUR->SEA,15,15,0,0.0
route,BUR->SFO,32,32,0,0.0
route,BUR->SJC,32,32,0,0.0
route,BUR->SLC,11,11,0,0.0
route,BUR->SMF,29,29,0,0.0
route,BWI->ABQ,5,5,0,0.0
route,BWI->ALB,16,16,0,0.0
route,BWI->ATL,58,58,0,0.0
route,BWI->AUS,3,3,0,0.0
route,BWI->BDL,17,17,0,0.0
route,BWI->BHM,2,2,0,0.0
route,BWI->BNA,19,19,0,0.0
route,BWI->BOS,61,61,0,0.0
route,BWI->BUF,15,15,0,0.0
route,BWI->CHS,10,10,0,0.0
route,BWI->CLE,8,8,0,0.0
route,BWI->CLT,11,11,0,0.0
route,BWI->CMH,7,7,0,0.0
route,BWI->CVG,22,22,0,0.0
route,BWI->DAL,10,10,0,0.0
route,BWI->DEN,18,18,0,0.0
route,BWI->DFW,5,5,0,0.0
route,BWI->DTW,25,25,0,0.0
route,BWI->ECP,2,2,0,0.0
route,BWI->EWR,7,7,0,0.0
route,BWI->FLL,31,31,0,0.0
route,BWI->GRR,2,2,0,0.0
route,BWI->HOU,15,15,0,0.0
route,BWI->IAH,5,5,0,0.0
route,BWI->IND,9,9,0,0.0
route,BWI->ISP,15,15,0,0.0
route,BWI->JAX,12,12,0,0.0
route,BWI->JFK,13,13,0,0.0
route,BWI->LAS,13,13,0,0.0
route,BWI->LAX,14,14,0,0.0
route,BWI->MCI,9,9,0,0.0
route,BWI->MCO,40,40,0,0.0
route,BWI->MDW,20,20,0,0.0
route,BWI->MEM,5,5,0,0.0
route,BWI->MHT,15,15,0,0.0
route,BWI->MIA,4,4,0,0.0
route,BWI->MKE,12,12,0,0.0
route,BWI->MSP,18,18,0,0.0
route,BWI->MSY,25,25,0,0.0
route,BWI->MYR,6,6,0,0.0
route,BWI->OAK,2,2,0,0.0
route,BWI->OKC,2,2,0,0.0
route,BWI->ORD,17,17,0,0.0
route,BWI->ORF,12,12,0,0.0
route,BWI->PBI,10,10,0,0.0
route,BWI->PHL,1,1,0,0.0
route,BWI->PHX,12,12,0,0.0
route,BWI->PIT,8,8,0,0.0
route,BWI->PVD,21,21,0,0.0
route,BWI->PWM,5,5,0,0.0
route,BWI->RDU,26,26,0,0.0
route,BWI->ROC,8,8,0,0.0
route,BWI->RSW,12,12,0,0.0
route,BWI->SAN,15,15,0,0.0
route,BWI->SAT,9,9,0,0.0
route,BWI->SAV,4,4,0,0.0
route,BWI->SDF,11,11,0,0.0
route,BWI->SEA,12,12,0,0.0
route,BWI->SFO,20,20,0,0.0
route,BWI->SJC,4,4,0,0.0
route,BWI->SJU,6,6,0,0.0
route,BWI->SLC,8,8,0,0.0
route,BWI->SMF,3,3,0,0.0
route,BWI->STL,19,19,0,0.0
route,BWI->TPA,21,21,0,0.0
route,BZN->AZA,1,1,0,0.0
route,BZN->DEN,12,12,0,0.0
route,BZN->DFW,1,1,0,0.0
route,BZN->IAH,2,2,0,0.0
route,BZN->LAS,2,2,0,0.0
route,BZN->MSP,3,3,0,0.0
route,BZN->ORD,3,3,0,0.0
route,BZN->PDX,3,3,0,0.0
route,BZN->SEA,6,6,0,0.0
route,BZN->SFO,3,3,0,0.0
route,BZN->SLC,7,7,0,0.0
route,CAE->ATL,22,22,0,0.0
route,CAE->CLT,9,9,0,0.0
route,CAE->DCA,11,11,0,0.0
route,CAE->DFW,2,2,0,0.0
route,CAE->IAD,13,13,0,0.0
route,CAE->IAH,3,3,0,0.0
route,CAE->LGA,1,1,0,0.0
route,CAE->ORD,4,4,0,0.0
route,CAE->PHL,2,2,0,0.0
route,CAK->ATL,11,11,0,0.0
route,CAK->CLT,7,7,0,0.0
route,CAK->DCA,3,3,0,0.0
route,CAK->DTW,4,4,0,0.0
route,CAK->IAH,3,3,0,0.0
route,CAK->LGA,1,1,0,0.0
route,CAK->MCO,3,3,0,0.0
route,CAK->ORD,12,12,0,0.0
route,CAK->PHL,2,2,0,0.0
route,CAK->RSW,1,1,0,0.0
route,CAK->TPA,2,2,0,0.0
route,CDC->SLC,3,3,0,0.0
route,CDV->ANC,3,3,0,0.0
route,CDV->YAK,1,1,0,0.0
route,CGI->ORD,3,3,0,0.0
route,CGI->PAH,2,2,0,0.0
route,CHA->ATL,31,31,0,0.0
route,CHA->CLT,10,10,0,0.0
route,CHA->DTW,4,4,0,0.0
route,CHA->EWR,2,2,0,0.0
route,CHA->IAD,4,4,0,0.0
route,CHA->ORD,6,6,0,0.0
route,CHA->PIE,4,4,0,0.0
route,CHA->SFB,2,2,0,0.0
route,CHO->ATL,17,17,0,0.0
route,CHO->CLT,10,10,0,0.0
route,CHO->IAD,12,12,0,0.0
route,CHO->LGA,4,4,0,0.0
route,CHO->ORD,9,9,0,0.0
route,CHO->PHL,2,2,0,0.0
route,CHS->ATL,29,29,0,0.0
route,CHS->BNA,3,3,0,0.0
route,CHS->BOS,6,6,0,0.0
route,CHS->BWI,16,16,0,0.0
route,CHS->CLT,12,12,0,0.0
route,CHS->CVG,1,1,0,0.0
route,CHS->DAL,3,3,0,0.0
route,CHS->DCA,14,14,0,0.0
route,CHS->DFW,2,2,0,0.0
route,CHS->DTW,12,12,0,0.0
route,CHS->EWR,18,18,0,0.0
route,CHS->FLL,4,4,0,0.0
route,CHS->HOU,6,6,0,0.0
route,CHS->IAD,19,19,0,0.0
route,CHS->IAH,4,4,0,0.0
route,CHS->JFK,14,14,0,0.0
route,CHS->LGA,8,8,0,0.0
route,CHS->MDW,6,6,0,0.0
route,CHS->MIA,3,3,0,0.0
route,CHS->ORD,15,15,0,0.0
route,CHS->PHL,8,8,0,0.0
route,CHS->SEA,2,2,0,0.0
route,CHS->STL,1,1,0,0.0
route,CHS->TTN,1,1,0,0.0
route,CID->ATL,6,6,0,0.0
route,CID->AZA,3,3,0,0.0
route,CID->CLT,4,4,0,0.0
route,CID->DEN,6,6,0,0.0
route,CID->DFW,10,10,0,0.0
route,CID->DTW,8,8,0,0.0
route,CID->MSP,6,6,0,0.0
route,CID->ORD,21,21,0,0.0
route,CID->SFB,1,1,0,0.0
route,CIU->DTW,1,1,0,0.0
route,CIU->MSP,2,2,0,0.0
route,CKB->IAD,6,6,0,0.0
route,CKB->ORD,3,3,0,0.0
route,CLE->ATL,27,27,0,0.0
route,CLE->BNA,6,6,0,0.0
route,CLE->BOS,26,26,0,0.0
route,CLE->BWI,8,8,0,0.0
route,CLE->CLT,6,6,0,0.0
route,CLE->DCA,11,11,0,0.0
route,CLE->DEN,18,18,0,0.0
route,CLE->DFW,8,8,0,0.0
route,CLE->DTW,12,12,0,0.0
route,CLE->EWR,20,20,0,0.0
route,CLE->FLL,12,12,0,0.0
route,CLE->IAD,15,15,0,0.0
route,CLE->IAH,23,23,0,0.0
route,CLE->JAX,2,2,0,0.0
route,CLE->JFK,13,13,0,0.0
route,CLE->LAS,10,10,0,0.0
route,CLE->LAX,8,8,0,0.0
route,CLE->LGA,34,34,0,0.0
route,CLE->MCO,16,16,0,0.0
route,CLE->MDW,17,17,0,0.0
route,CLE->MIA,3,3,0,0.0
route,CLE->MKE,8,8,0,0.0
route,CLE->MSP,11,11,0,0.0
route,CLE->MSY,2,2,0,0.0
route,CLE->MYR,1,1,0,0.0
route,CLE->ORD,31,31,0,0.0
route,CLE->PBI,1,1,0,0.0
route,CLE->PDX,2,2,0,0.0
route,CLE->PGD,2,2,0,0.0
route,CLE->PHL,3,3,0,0.0
route,CLE->PHX,14,14,0,0.0
route,CLE->PIE,1,1,0,0.0
route,CLE->RDU,7,7,0,0.0
route,CLE->RSW,11,11,0,0.0
route,CLE->SAN,1,1,0,0.0
route,CLE->SEA,1,1,0,0.0
route,CLE->SFB,1,1,0,0.0
route,CLE->SFO,4,4,0,0.0
route,CLE->SLC,2,2,0,0.0
route,CLE->SRQ,4,4,0,0.0
route,CLE->STL,7,7,0,0.0
route,CLE->TPA,3,3,0,0.0
route,CLL->DFW,3,3,0,0.0
route,CLL->IAH,9,9,0,0.0
route,CLT->ABE,4,4,0,0.0
route,CLT->AGS,11,11,0,0.0
route,CLT->ALB,4,4,0,0.0
route,CLT->ATL,36,36,0,0.0
route,CLT->AUS,5,5,0,0.0
route,CLT->AVL,12,12,0,0.0
route,CLT->AVP,8,8,0,0.0
route,CLT->BDL,8,8,0,0.0
route,CLT->BHM,9,9,0,0.0
route,CLT->BNA,14,14,0,0.0
route,CLT->BOS,17,17,0,0.0
route,CLT->BTR,2,2,0,0.0
route,CLT->BTV,4,4,0,0.0
route,CLT->BUF,3,3,0,0.0
route,CLT->BWI,19,19,0,0.0
route,CLT->CAE,5,5,0,0.0
route,CLT->CAK,8,8,0,0.0
route,CLT->CHA,13,13,0,0.0
route,CLT->CHO,9,9,0,0.0
route,CLT->CHS,12,12,0,0.0
route,CLT->CID,4,4,0,0.0
route,CLT->CLE,7,7,0,0.0
route,CLT->CMH,9,9,0,0.0
route,CLT->CMI,2,2,0,0.0
route,CLT->CRW,2,2,0,0.0
route,CLT->CVG,16,16,0,0.0
route,CLT->DAB,5,5,0,0.0
route,CLT->DAL,5,5,0,0.0
route,CLT->DAY,5,5,0,0.0
route,CLT->DCA,11,11,0,0.0
route,CLT->DEN,17,17,0,0.0
route,CLT->DFW,17,17,0,0.0
route,CLT->DSM,5,5,0,0.0
route,CLT->DTW,18,18,0,0.0
route,CLT->ECP,5,5,0,0.0
route,CLT->EVV,3,3,0,0.0
route,CLT->EWN,7,7,0,0.0
route,CLT->EWR,27,27,0,0.0
route,CLT->EYW,3,3,0,0.0
route,CLT->FAY,8,8,0,0.0
route,CLT->FLL,5,5,0,0.0
route,CLT->FLO,1,1,0,0.0
route,CLT->FWA,3,3,0,0.0
route,CLT->GNV,8,8,0,0.0
route,CLT->GPT,3,3,0,0.0
route,CLT->GRR,4,4,0,0.0
route,CLT->GSO,16,16,0,0.0
route,CLT->GSP,13,13,0,0.0
route,CLT->HHH,2,2,0,0.0
route,CLT->HOU,3,3,0,0.0
route,CLT->HPN,1,1,0,0.0
route,CLT->HSV,1,1,0,0.0
route,CLT->HTS,3,3,0,0.0
route,CLT->HVN,1,1,0,0.0
route,CLT->IAD,25,25,0,0.0
route,CLT->IAH,23,23,0,0.0
route,CLT->ILM,15,15,0,0.0
route,CLT->IND,5,5,0,0.0
route,CLT->JAN,3,3,0,0.0
route,CLT->JAX,9,9,0,0.0
route,CLT->JFK,23,23,0,0.0
route,CLT->LAS,9,9,0,0.0
route,CLT->LAX,5,5,0,0.0
route,CLT->LEX,4,4,0,0.0
route,CLT->LGA,34,34,0,0.0
route,CLT->LIT,2,2,0,0.0
route,CLT->LYH,7,7,0,0.0
route,CLT->MCI,5,5,0,0.0
route,CLT->MCO,13,13,0,0.0
route,CLT->MDT,6,6,0,0.0
route,CLT->MDW,9,9,0,0.0
route,CLT->MEM,1,1,0,0.0
route,CLT->MGM,3,3,0,0.0
route,CLT->MHT,4,4,0,0.0
route,CLT->MIA,9,9,0,0.0
route,CLT->MKE,13,13,0,0.0
route,CLT->MLB,4,4,0,0.0
route,CLT->MOB,3,3,0,0.0
route,CLT->MSN,1,1,0,0.0
route,CLT->MSP,9,9,0,0.0
route,CLT->MSY,8,8,0,0.0
route,CLT->MYR,12,12,0,0.0
route,CLT->OAJ,9,9,0,0.0
route,CLT->OKC,5,5,0,0.0
route,CLT->OMA,6,6,0,0.0
route,CLT->ORD,34,34,0,0.0
route,CLT->ORF,11,11,0,0.0
route,CLT->PBI,16,16,0,0.0
route,CLT->PDX,2,2,0,0.0
route,CLT->PGV,6,6,0,0.0
route,CLT->PHF,8,8,0,0.0
route,CLT->PHL,15,15,0,0.0
route,CLT->PHX,12,12,0,0.0
route,CLT->PIA,3,3,0,0.0
route,CLT->PIT,11,11,0,0.0
route,CLT->PNS,10,10,0,0.0
route,CLT->PVD,5,5,0,0.0
route,CLT->PWM,2,2,0,0.0
route,CLT->RDU,13,13,0,0.0
route,CLT->RIC,14,14,0,0.0
route,CLT->ROA,11,11,0,0.0
route,CLT->ROC,5,5,0,0.0
route,CLT->RSW,6,6,0,0.0
route,CLT->SAN,4,4,0,0.0
route,CLT->SAT,7,7,0,0.0
route,CLT->SAV,7,7,0,0.0
route,CLT->SBN,4,4,0,0.0
route,CLT->SBY,3,3,0,0.0
route,CLT->SDF,11,11,0,0.0
route,CLT->SEA,3,3,0,0.0
route,CLT->SFO,6,6,0,0.0
route,CLT->SGF,4,4,0,0.0
route,CLT->SJU,5,5,0,0.0
route,CLT->SLC,6,6,0,0.0
route,CLT->SMF,3,3,0,0.0
route,CLT->SRQ,2,2,0,0.0
route,CLT->STL,3,3,0,0.0
route,CLT->STT,1,1,0,0.0
route,CLT->SYR,9,9,0,0.0
route,CLT->TLH,9,9,0,0.0
route,CLT->TPA,14,14,0,0.0
route,CLT->TRI,5,5,0,0.0
route,CLT->TTN,3,3,0,0.0
route,CLT->TUL,5,5,0,0.0
route,CLT->TYS,11,11,0,0.0
route,CLT->VPS,3,3,0,0.0
route,CLT->XNA,2,2,0,0.0
route,CMH->ATL,26,26,0,0.0
route,CMH->BNA,6,6,0,0.0
route,CMH->BOS,16,16,0,0.0
route,CMH->BWI,9,9,0,0.0
route,CMH->CLT,13,13,0,0.0
route,CMH->DAL,5,5,0,0.0
route,CMH->DCA,9,9,0,0.0
route,CMH->DEN,12,12,0,0.0
route,CMH->DFW,3,3,0,0.0
route,CMH->DTW,14,14,0,0.0
route,CMH->EWR,19,19,0,0.0
route,CMH->FLL,6,6,0,0.0
route,CMH->HOU,3,3,0,0.0
route,CMH->IAD,18,18,0,0.0
route,CMH->IAH,9,9,0,0.0
route,CMH->JFK,9,9,0,0.0
route,CMH->LAS,9,9,0,0.0
route,CMH->LAX,7,7,0,0.0
route,CMH->LGA,25,25,0,0.0
route,CMH->MCO,16,16,0,0.0
route,CMH->MDW,16,16,0,0.0
route,CMH->MIA,2,2,0,0.0
route,CMH->MSP,16,16,0,0.0
route,CMH->MSY,4,4,0,0.0
route,CMH->OAK,1,1,0,0.0
route,CMH->ORD,27,27,0,0.0
route,CMH->PBI,2,2,0,0.0
route,CMH->PHL,4,4,0,0.0
route,CMH->PHX,5,5,0,0.0
route,CMH->RDU,8,8,0,0.0
route,CMH->RSW,6,6,0,0.0
route,CMH->SEA,1,1,0,0.0
route,CMH->STL,7,7,0,0.0
route,CMH->TPA,7,7,0,0.0
route,CMI->CLT,3,3,0,0.0
route,CMI->DFW,4,4,0,0.0
route,CMI->ORD,18,18,0,0.0
route,CMX->ORD,10,10,0,0.0
route,CNY->DEN,3,3,0,0.0
route,COD->DEN,10,10,0,0.0
route,COD->SLC,1,1,0,0.0
route,COS->ATL,3,3,0,0.0
route,COS->DEN,24,24,0,0.0
route,COS->DFW,3,3,0,0.0
route,COS->IAD,1,1,0,0.0
route,COS->IAH,7,7,0,0.0
route,COS->LAS,1,1,0,0.0
route,COS->LAX,3,3,0,0.0
route,COS->MCO,2,2,0,0.0
route,COS->MSP,1,1,0,0.0
route,COS->ORD,13,13,0,0.0
route,COS->PHX,3,3,0,0.0
route,COS->SAN,1,1,0,0.0
route,COS->SLC,6,6,0,0.0
route,COU->DEN,1,1,0,0.0
route,COU->DFW,2,2,0,0.0
route,COU->ORD,10,10,0,0.0
route,CPR->DEN,17,17,0,0.0
route,CPR->SLC,1,1,0,0.0
route,CRP->DFW,8,8,0,0.0
route,CRP->HOU,13,13,0,0.0
route,CRP->IAH,13,13,0,0.0
route,CRW->ATL,10,10,0,0.0
route,CRW->CLT,3,3,0,0.0
route,CRW->IAD,10,10,0,0.0
route,CRW->IAH,5,5,0,0.0
route,CRW->ORD,10,10,0,0.0
route,CRW->PHL,1,1,0,0.0
route,CSG->ATL,14,14,0,0.0
route,CVG->ATL,20,20,0,0.0
route,CVG->AUS,4,4,0,0.0
route,CVG->AZA,1,1,0,0.0
route,CVG->BDL,1,1,0,0.0
route,CVG->BNA,1,1,0,0.0
route,CVG->BOS,6,6,0,0.0
route,CVG->BWI,18,18,0,0.0
route,CVG->CHS,2,2,0,0.0
route,CVG->CLT,14,14,0,0.0
route,CVG->DCA,14,14,0,0.0
route,CVG->DEN,11,11,0,0.0
route,CVG->DFW,15,15,0,0.0
route,CVG->DTW,14,14,0,0.0
route,CVG->EWR,15,15,0,0.0
route,CVG->FLL,8,8,0,0.0
route,CVG->IAD,8,8,0,0.0
route,CVG->IAH,19,19,0,0.0
route,CVG->JAX,3,3,0,0.0
route,CVG->JFK,6,6,0,0.0
route,CVG->LAS,7,7,0,0.0
route,CVG->LAX,10,10,0,0.0
route,CVG->LGA,20,20,0,0.0
route,CVG->MCI,2,2,0,0.0
route,CVG->MCO,6,6,0,0.0
route,CVG->MDW,15,15,0,0.0
route,CVG->MIA,3,3,0,0.0
route,CVG->MKE,3,3,0,0.0
route,CVG->MSP,16,16,0,0.0
route,CVG->MSY,2,2,0,0.0
route,CVG->ORD,55,55,0,0.0
route,CVG->PGD,2,2,0,0.0
route,CVG->PHL,12,12,0,0.0
route,CVG->PHX,3,3,0,0.0
route,CVG->PIE,1,1,0,0.0
route,CVG->RDU,4,4,0,0.0
route,CVG->RSW,9,9,0,0.0
route,CVG->SAN,1,1,0,0.0
route,CVG->SAV,1,1,0,0.0
route,CVG->SEA,2,2,0,0.0
route,CVG->SFB,3,3,0,0.0
route,CVG->SFO,8,8,0,0.0
route,CVG->SJC,2,2,0,0.0
route,CVG->SLC,2,2,0,0.0
route,CVG->STL,5,5,0,0.0
route,CVG->TPA,3,3,0,0.0
route,CVG->VPS,4,4,0,0.0
route,CVG->XNA,1,1,0,0.0
route,CWA->DTW,4,4,0,0.0
route,CWA->MSP,11,11,0,0.0
route,CWA->ORD,13,13,0,0.0
route,DAB->ATL,7,7,0,0.0
route,DAB->CLT,7,7,0,0.0
route,DAB->JFK,2,2,0,0.0
route,DAL->ABQ,17,17,0,0.0
route,DAL->AMA,16,16,0,0.0
route,DAL->ATL,31,31,0,0.0
route,DAL->AUS,31,31,0,0.0
route,DAL->BHM,3,3,0,0.0
route,DAL->BNA,14,14,0,0.0
route,DAL->BOS,1,1,0,0.0
route,DAL->BUR,1,1,0,0.0
route,DAL->BWI,14,14,0,0.0
route,DAL->CHS,2,2,0,0.0
route,DAL->CLT,2,2,0,0.0
route,DAL->CMH,6,6,0,0.0
route,DAL->DCA,15,15,0,0.0
route,DAL->DEN,19,19,0,0.0
route,DAL->DTW,3,3,0,0.0
route,DAL->ECP,4,4,0,0.0
route,DAL->ELP,12,12,0,0.0
route,DAL->FLL,6,6,0,0.0
route,DAL->HOU,37,37,0,0.0
route,DAL->IND,1,1,0,0.0
route,DAL->JAX,1,1,0,0.0
route,DAL->LAS,22,22,0,0.0
route,DAL->LAX,20,20,0,0.0
route,DAL->LBB,10,10,0,0.0
route,DAL->LGA,16,16,0,0.0
route,DAL->LIT,7,7,0,0.0
route,DAL->MAF,14,14,0,0.0
route,DAL->MCI,26,26,0,0.0
route,DAL->MCO,14,14,0,0.0
route,DAL->MDW,17,17,0,0.0
route,DAL->MEM,8,8,0,0.0
route,DAL->MSP,2,2,0,0.0
route,DAL->MSY,26,26,0,0.0
route,DAL->OAK,3,3,0,0.0
route,DAL->OKC,9,9,0,0.0
route,DAL->OMA,5,5,0,0.0
route,DAL->ONT,3,3,0,0.0
route,DAL->PDX,4,4,0,0.0
route,DAL->PHL,4,4,0,0.0
route,DAL->PHX,14,14,0,0.0
route,DAL->PIT,5,5,0,0.0
route,DAL->RDU,3,3,0,0.0
route,DAL->SAN,16,16,0,0.0
route,DAL->SAT,26,26,0,0.0
route,DAL->SDF,3,3,0,0.0
route,DAL->SEA,11,11,0,0.0
route,DAL->SFO,15,15,0,0.0
route,DAL->SJC,10,10,0,0.0
route,DAL->SLC,4,4,0,0.0
route,DAL->SMF,4,4,0,0.0
route,DAL->SNA,4,4,0,0.0
route,DAL->STL,16,16,0,0.0
route,DAL->TPA,6,6,0,0.0
route,DAL->TUL,16,16,0,0.0
route,DAY->ATL,6,6,0,0.0
route,DAY->CLT,11,11,0,0.0
route,DAY->DCA,6,6,0,0.0
route,DAY->DEN,7,7,0,0.0
route,DAY->DFW,4,4,0,0.0
route,DAY->DTW,10,10,0,0.0
route,DAY->EWR,4,4,0,0.0
route,DAY->IAD,10,10,0,0.0
route,DAY->IAH,1,1,0,0.0
route,DAY->LGA,3,3,0,0.0
route,DAY->MSP,9,9,0,0.0
route,DAY->ORD,23,23,0,0.0
route,DAY->PHL,1,1,0,0.0
route,DAY->PIE,2,2,0,0.0
route,DBQ->ORD,8,8,0,0.0
route,DCA->ALB,4,4,0,0.0
route,DCA->ATL,64,64,0,0.0
route,DCA->AUS,2,2,0,0.0
route,DCA->BDL,23,23,0,0.0
route,DCA->BHM,5,5,0,0.0
route,DCA->BNA,16,16,0,0.0
route,DCA->BOS,46,46,0,0.0
route,DCA->BTV,2,2,0,0.0
route,DCA->BUF,3,3,0,0.0
route,DCA->CAE,5,5,0,0.0
route,DCA->CAK,2,2,0,0.0
route,DCA->CHA,2,2,0,0.0
route,DCA->CHS,7,7,0,0.0
route,DCA->CLE,28,28,0,0.0
route,DCA->CLT,12,12,0,0.0
route,DCA->CMH,11,11,0,0.0
route,DCA->CVG,11,11,0,0.0
route,DCA->DAL,18,18,0,0.0
route,DCA->DAY,4,4,0,0.0
route,DCA->DEN,7,7,0,0.0
route,DCA->DFW,5,5,0,0.0
route,DCA->DSM,4,4,0,0.0
route,DCA->DTW,26,26,0,0.0
route,DCA->EWR,28,28,0,0.0
route,DCA->EYW,1,1,0,0.0
route,DCA->FLL,29,29,0,0.0
route,DCA->GRR,3,3,0,0.0
route,DCA->GSO,1,1,0,0.0
route,DCA->GSP,3,3,0,0.0
route,DCA->HOU,7,7,0,0.0
route,DCA->HPN,5,5,0,0.0
route,DCA->HSV,3,3,0,0.0
route,DCA->IAH,39,39,0,0.0
route,DCA->ILM,4,4,0,0.0
route,DCA->IND,3,3,0,0.0
route,DCA->JAN,1,1,0,0.0
route,DCA->JAX,13,13,0,0.0
route,DCA->JFK,18,18,0,0.0
route,DCA->LAN,1,1,0,0.0
route,DCA->LAX,7,7,0,0.0
route,DCA->LEX,2,2,0,0.0
route,DCA->LGA,48,48,0,0.0
route,DCA->LIT,1,1,0,0.0
route,DCA->MCI,7,7,0,0.0
route,DCA->MCO,23,23,0,0.0
route,DCA->MDW,18,18,0,0.0
route,DCA->MEM,3,3,0,0.0
route,DCA->MGM,2,2,0,0.0
route,DCA->MHT,6,6,0,0.0
route,DCA->MIA,8,8,0,0.0
route,DCA->MKE,2,2,0,0.0
route,DCA->MSP,26,26,0,0.0
route,DCA->MSY,10,10,0,0.0
route,DCA->MYR,1,1,0,0.0
route,DCA->OKC,5,5,0,0.0
route,DCA->OMA,7,7,0,0.0
route,DCA->ORD,56,56,0,0.0
route,DCA->ORF,2,2,0,0.0
route,DCA->PBI,6,6,0,0.0
route,DCA->PDX,7,7,0,0.0
route,DCA->PHL,6,6,0,0.0
route,DCA->PHX,4,4,0,0.0
route,DCA->PIT,7,7,0,0.0
route,DCA->PVD,20,20,0,0.0
route,DCA->PWM,9,9,0,0.0
route,DCA->RDU,22,22,0,0.0
route,DCA->ROC,7,7,0,0.0
route,DCA->RSW,8,8,0,0.0
route,DCA->SAV,1,1,0,0.0
route,DCA->SDF,1,1,0,0.0
route,DCA->SEA,6,6,0,0.0
route,DCA->SFO,6,6,0,0.0
route,DCA->SJU,2,2,0,0.0
route,DCA->SLC,1,1,0,0.0
route,DCA->SRQ,1,1,0,0.0
route,DCA->STL,19,19,0,0.0
route,DCA->SYR,4,4,0,0.0
route,DCA->TLH,1,1,0,0.0
route,DCA->TPA,22,22,0,0.0
route,DCA->TYS,3,3,0,0.0
route,DCA->VPS,1,1,0,0.0
route,DCA->XNA,1,1,0,0.0
route,DEN->ABQ,18,18,0,0.0
route,DEN->ALB,3,3,0,0.0
route,DEN->AMA,6,6,0,0.0
route,DEN->ANC,1,1,0,0.0
route,DEN->ASE,20,20,0,0.0
route,DEN->ATL,53,53,0,0.0
route,DEN->ATW,4,4,0,0.0
route,DEN->ATY,2,2,0,0.0
route,DEN->AUS,36,36,0,0.0
route,DEN->BDL,5,5,0,0.0
route,DEN->BFF,5,5,0,0.0
route,DEN->BFL,6,6,0,0.0
route,DEN->BHM,3,3,0,0.0
route,DEN->BIL,9,9,0,0.0
route,DEN->BIS,16,16,0,0.0
route,DEN->BKG,1,1,0,0.0
route,DEN->BNA,29,29,0,0.0
route,DEN->BOI,17,17,0,0.0
route,DEN->BOS,41,41,0,0.0
route,DEN->BUR,10,10,0,0.0
route,DEN->BWI,20,20,0,0.0
route,DEN->BZN,14,14,0,0.0
route,DEN->CHS,1,1,0,0.0
route,DEN->CID,16,16,0,0.0
route,DEN->CLE,16,16,0,0.0
route,DEN->CLT,15,15,0,0.0
route,DEN->CMH,9,9,0,0.0
route,DEN->CNY,3,3,0,0.0
route,DEN->COD,2,2,0,0.0
route,DEN->COS,21,21,0,0.0
route,DEN->COU,3,3,0,0.0
route,DEN->CPR,20,20,0,0.0
route,DEN->CVG,16,16,0,0.0
route,DEN->DAL,19,19,0,0.0
route,DEN->DAY,9,9,0,0.0
route,DEN->DCA,14,14,0,0.0
route,DEN->DFW,38,38,0,0.0
route,DEN->DIK,6,6,0,0.0
route,DEN->DRO,19,19,0,0.0
route,DEN->DSM,15,15,0,0.0
route,DEN->DTW,20,20,0,0.0
route,DEN->EGE,3,3,0,0.0
route,DEN->ELP,13,13,0,0.0
route,DEN->EUG,7,7,0,0.0
route,DEN->EWR,37,37,0,0.0
route,DEN->FAR,8,8,0,0.0
route,DEN->FAT,18,18,0,0.0
route,DEN->FCA,8,8,0,0.0
route,DEN->FLG,4,4,0,0.0
route,DEN->FLL,19,19,0,0.0
route,DEN->FSD,16,16,0,0.0
route,DEN->GCC,3,3,0,0.0
route,DEN->GEG,16,16,0,0.0
route,DEN->GJT,13,13,0,0.0
route,DEN->GRR,12,12,0,0.0
route,DEN->GTF,11,11,0,0.0
route,DEN->GUC,3,3,0,0.0
route,DEN->HDN,6,6,0,0.0
route,DEN->HLN,4,4,0,0.0
route,DEN->HNL,4,4,0,0.0
route,DEN->HOU,17,17,0,0.0
route,DEN->HSV,3,3,0,0.0
route,DEN->HYS,6,6,0,0.0
route,DEN->IAD,23,23,0,0.0
route,DEN->IAH,41,41,0,0.0
route,DEN->ICT,17,17,0,0.0
route,DEN->IDA,9,9,0,0.0
route,DEN->IND,27,27,0,0.0
route,DEN->ISN,9,9,0,0.0
route,DEN->JAC,3,3,0,0.0
route,DEN->JAN,1,1,0,0.0
route,DEN->JAX,4,4,0,0.0
route,DEN->JFK,12,12,0,0.0
route,DEN->JMS,8,8,0,0.0
route,DEN->KOA,5,5,0,0.0
route,DEN->LAR,2,2,0,0.0
route,DEN->LAS,68,68,0,0.0
route,DEN->LAX,75,75,0,0.0
route,DEN->LBB,7,7,0,0.0
route,DEN->LBF,11,11,0,0.0
route,DEN->LGA,35,35,0,0.0
route,DEN->LIH,1,1,0,0.0
route,DEN->LIT,10,10,0,0.0
route,DEN->LNK,6,6,0,0.0
route,DEN->MAF,5,5,0,0.0
route,DEN->MCI,32,32,0,0.0
route,DEN->MCO,23,23,0,0.0
route,DEN->MDW,29,29,0,0.0
route,DEN->MEM,7,7,0,0.0
route,DEN->MFR,10,10,0,0.0
route,DEN->MIA,9,9,0,0.0
route,DEN->MKE,21,21,0,0.0
route,DEN->MLI,5,5,0,0.0
route,DEN->MOT,6,6,0,0.0
route,DEN->MRY,3,3,0,0.0
route,DEN->MSN,3,3,0,0.0
route,DEN->MSO,9,9,0,0.0
route,DEN->MSP,40,40,0,0.0
route,DEN->MSY,20,20,0,0.0
route,DEN->MTJ,3,3,0,0.0
route,DEN->OAK,8,8,0,0.0
route,DEN->OGG,4,4,0,0.0
route,DEN->OKC,32,32,0,0.0
route,DEN->OMA,15,15,0,0.0
route,DEN->ONT,16,16,0,0.0
route,DEN->ORD,38,38,0,0.0
route,DEN->ORF,2,2,0,0.0
route,DEN->PAE,2,2,0,0.0
route,DEN->PDX,39,39,0,0.0
route,DEN->PHL,12,12,0,0.0
route,DEN->PHX,60,60,0,0.0
route,DEN->PIR,3,3,0,0.0
route,DEN->PIT,13,13,0,0.0
route,DEN->PRC,4,4,0,0.0
route,DEN->PSC,8,8,0,0.0
route,DEN->PSP,13,13,0,0.0
route,DEN->PUB,4,4,0,0.0
route,DEN->PVD,3,3,0,0.0
route,DEN->RAP,15,15,0,0.0
route,DEN->RDM,7,7,0,0.0
route,DEN->RDU,14,14,0,0.0
route,DEN->RIC,2,2,0,0.0
route,DEN->RKS,4,4,0,0.0
route,DEN->RNO,15,15,0,0.0
route,DEN->RSW,6,6,0,0.0
route,DEN->SAF,8,8,0,0.0
route,DEN->SAN,29,29,0,0.0
route,DEN->SAT,21,21,0,0.0
route,DEN->SBA,12,12,0,0.0
route,DEN->SBP,3,3,0,0.0
route,DEN->SDF,10,10,0,0.0
route,DEN->SEA,60,60,0,0.0
route,DEN->SFO,51,51,0,0.0
route,DEN->SGF,6,6,0,0.0
route,DEN->SGU,9,9,0,0.0
route,DEN->SHV,2,2,0,0.0
route,DEN->SJC,29,29,0,0.0
route,DEN->SLC,54,54,0,0.0
route,DEN->SMF,29,29,0,0.0
route,DEN->SNA,30,30,0,0.0
route,DEN->STL,23,23,0,0.0
route,DEN->STS,1,1,0,0.0
route,DEN->TPA,18,18,0,0.0
route,DEN->TUL,18,18,0,0.0
route,DEN->TUS,27,27,0,0.0
route,DEN->TYS,6,6,0,0.0
route,DEN->XNA,9,9,0,0.0
route,DFW->ABI,7,7,0,0.0
route,DFW->ABQ,10,10,0,0.0
route,DFW->ACT,6,6,0,0.0
route,DFW->AEX,5,5,0,0.0
route,DFW->AGS,1,1,0,0.0
route,DFW->AMA,8,8,0,0.0
route,DFW->ASE,1,1,0,0.0
route,DFW->ATL,55,55,0,0.0
route,DFW->AUS,10,10,0,0.0
route,DFW->BDL,3,3,0,0.0
route,DFW->BFL,2,2,0,0.0
route,DFW->BHM,7,7,0,0.0
route,DFW->BIL,1,1,0,0.0
route,DFW->BIS,1,1,0,0.0
route,DFW->BMI,3,3,0,0.0
route,DFW->BNA,9,9,0,0.0
route,DFW->BOI,1,1,0,0.0
route,DFW->BOS,17,17,0,0.0
route,DFW->BPT,7,7,0,0.0
route,DFW->BRO,2,2,0,0.0
route,DFW->BTR,5,5,0,0.0
route,DFW->BUF,4,4,0,0.0
route,DFW->BUR,1,1,0,0.0
route,DFW->BWI,3,3,0,0.0
route,DFW->BZN,2,2,0,0.0
route,DFW->CAE,2,2,0,0.0
route,DFW->CHA,9,9,0,0.0
route,DFW->CHS,8,8,0,0.0
route,DFW->CID,4,4,0,0.0
route,DFW->CLE,5,5,0,0.0
route,DFW->CLL,3,3,0,0.0
route,DFW->CLT,20,20,0,0.0
route,DFW->CMH,5,5,0,0.0
route,DFW->CMI,5,5,0,0.0
route,DFW->COS,2,2,0,0.0
route,DFW->COU,1,1,0,0.0
route,DFW->CRP,6,6,0,0.0
route,DFW->CVG,9,9,0,0.0
route,DFW->DAY,9,9,0,0.0
route,DFW->DCA,12,12,0,0.0
route,DFW->DEN,31,31,0,0.0
route,DFW->DRO,7,7,0,0.0
route,DFW->DRT,4,4,0,0.0
route,DFW->DSM,8,8,0,0.0
route,DFW->DTW,31,31,0,0.0
route,DFW->ECP,4,4,0,0.0
route,DFW->ELP,16,16,0,0.0
route,DFW->EVV,2,2,0,0.0
route,DFW->EWR,19,19,0,0.0
route,DFW->FAR,1,1,0,0.0
route,DFW->FAT,2,2,0,0.0
route,DFW->FLG,2,2,0,0.0
route,DFW->FLL,12,12,0,0.0
route,DFW->FSD,4,4,0,0.0
route,DFW->FSM,4,4,0,0.0
route,DFW->FWA,3,3,0,0.0
route,DFW->GCK,1,1,0,0.0
route,DFW->GGG,3,3,0,0.0
route,DFW->GNV,3,3,0,0.0
route,DFW->GPT,4,4,0,0.0
route,DFW->GRI,6,6,0,0.0
route,DFW->GRK,10,10,0,0.0
route,DFW->GRR,4,4,0,0.0
route,DFW->GSO,2,2,0,0.0
route,DFW->GSP,5,5,0,0.0
route,DFW->HNL,2,2,0,0.0
route,DFW->HOU,12,12,0,0.0
route,DFW->HRL,7,7,0,0.0
route,DFW->HSV,8,8,0,0.0
route,DFW->IAD,12,12,0,0.0
route,DFW->IAH,46,46,0,0.0
route,DFW->ICT,11,11,0,0.0
route,DFW->ILM,1,1,0,0.0
route,DFW->IND,5,5,0,0.0
route,DFW->JAC,1,1,0,0.0
route,DFW->JAN,8,8,0,0.0
route,DFW->JAX,3,3,0,0.0
route,DFW->JFK,7,7,0,0.0
route,DFW->LAS,30,30,0,0.0
route,DFW->LAW,8,8,0,0.0
route,DFW->LAX,41,41,0,0.0
route,DFW->LBB,15,15,0,0.0
route,DFW->LCH,1,1,0,0.0
route,DFW->LEX,1,1,0,0.0
route,DFW->LFT,3,3,0,0.0
route,DFW->LGA,36,36,0,0.0
route,DFW->LIT,11,11,0,0.0
route,DFW->LRD,5,5,0,0.0
route,DFW->MAF,6,6,0,0.0
route,DFW->MCI,13,13,0,0.0
route,DFW->MCO,17,17,0,0.0
route,DFW->MEM,5,5,0,0.0
route,DFW->MFE,7,7,0,0.0
route,DFW->MGM,5,5,0,0.0
route,DFW->MHK,5,5,0,0.0
route,DFW->MIA,7,7,0,0.0
route,DFW->MKE,4,4,0,0.0
route,DFW->MLI,4,4,0,0.0
route,DFW->MLU,6,6,0,0.0
route,DFW->MOB,2,2,0,0.0
route,DFW->MRY,3,3,0,0.0
route,DFW->MSN,7,7,0,0.0
route,DFW->MSO,2,2,0,0.0
route,DFW->MSP,35,35,0,0.0
route,DFW->MSY,10,10,0,0.0
route,DFW->MTJ,2,2,0,0.0
route,DFW->OAK,6,6,0,0.0
route,DFW->OGG,2,2,0,0.0
route,DFW->OKC,12,12,0,0.0
route,DFW->OMA,6,6,0,0.0
route,DFW->ONT,8,8,0,0.0
route,DFW->ORD,35,35,0,0.0
route,DFW->ORF,1,1,0,0.0
route,DFW->PBI,2,2,0,0.0
route,DFW->PDX,9,9,0,0.0
route,DFW->PHL,15,15,0,0.0
route,DFW->PHX,28,28,0,0.0
route,DFW->PIA,2,2,0,0.0
route,DFW->PIB,2,2,0,0.0
route,DFW->PIT,7,7,0,0.0
route,DFW->PNS,7,7,0,0.0
route,DFW->PSP,5,5,0,0.0
route,DFW->RAP,4,4,0,0.0
route,DFW->RDU,5,5,0,0.0
route,DFW->RIC,4,4,0,0.0
route,DFW->RNO,1,1,0,0.0
route,DFW->ROW,4,4,0,0.0
route,DFW->RSW,5,5,0,0.0
route,DFW->SAF,4,4,0,0.0
route,DFW->SAN,8,8,0,0.0
route,DFW->SAT,21,21,0,0.0
route,DFW->SAV,4,4,0,0.0
route,DFW->SBA,1,1,0,0.0
route,DFW->SBN,2,2,0,0.0
route,DFW->SBP,1,1,0,0.0
route,DFW->SDF,10,10,0,0.0
route,DFW->SEA,19,19,0,0.0
route,DFW->SFO,27,27,0,0.0
route,DFW->SGF,12,12,0,0.0
route,DFW->SHV,7,7,0,0.0
route,DFW->SJC,2,2,0,0.0
route,DFW->SJT,4,4,0,0.0
route,DFW->SJU,1,1,0,0.0
route,DFW->SLC,26,26,0,0.0
route,DFW->SMF,4,4,0,0.0
route,DFW->SNA,8,8,0,0.0
route,DFW->SPI,3,3,0,0.0
route,DFW->SPS,3,3,0,0.0
route,DFW->SRQ,1,1,0,0.0
route,DFW->STL,18,18,0,0.0
route,DFW->TLH,2,2,0,0.0
route,DFW->TPA,13,13,0,0.0
route,DFW->TUL,15,15,0,0.0
route,DFW->TUS,10,10,0,0.0
route,DFW->TXK,5,5,0,0.0
route,DFW->TYR,3,3,0,0.0
route,DFW->TYS,5,5,0,0.0
route,DFW->VPS,7,7,0,0.0
route,DFW->XNA,14,14,0,0.0
route,DFW->YUM,1,1,0,0.0
route,DHN->ATL,11,11,0,0.0
route,DIK->DEN,6,6,0,0.0
route,DLH->MSP,19,19,0,0.0
route,DLH->ORD,7,7,0,0.0
route,DRO->DEN,14,14,0,0.0
route,DRO->DFW,4,4,0,0.0
route,DRO->PHX,1,1,0,0.0
route,DRT->DFW,5,5,0,0.0
route,DSM->ATL,6,6,0,0.0
route,DSM->AZA,2,2,0,0.0
route,DSM->CLT,6,6,0,0.0
route,DSM->DCA,1,1,0,0.0
route,DSM->DEN,16,16,0,0.0
route,DSM->DFW,3,3,0,0.0
route,DSM->DTW,13,13,0,0.0
route,DSM->EWR,2,2,0,0.0
route,DSM->IAH,12,12,0,0.0
route,DSM->LAS,1,1,0,0.0
route,DSM->LGA,3,3,0,0.0
route,DSM->MSP,13,13,0,0.0
route,DSM->ORD,21,21,0,0.0
route,DSM->PGD,1,1,0,0.0
route,DSM->PHL,2,2,0,0.0
route,DSM->PHX,6,6,0,0.0
route,DSM->SFB,2,2,0,0.0
route,DSM->SLC,4,4,0,0.0
route,DSM->STL,5,5,0,0.0
route,DTW->ABE,5,5,0,0.0
route,DTW->ALB,18,18,0,0.0
route,DTW->APN,3,3,0,0.0
route,DTW->ATL,57,57,0,0.0
route,DTW->ATW,9,9,0,0.0
route,DTW->AUS,8,8,0,0.0
route,DTW->AVP,9,9,0,0.0
route,DTW->AZO,12,12,0,0.0
route,DTW->BDL,10,10,0,0.0
route,DTW->BGM,9,9,0,0.0
route,DTW->BHM,4,4,0,0.0
route,DTW->BNA,25,25,0,0.0
route,DTW->BOS,32,32,0,0.0
route,DTW->BTV,10,10,0,0.0
route,DTW->BUF,15,15,0,0.0
route,DTW->BWI,23,23,0,0.0
route,DTW->CAK,3,3,0,0.0
route,DTW->CHA,4,4,0,0.0
route,DTW->CHS,6,6,0,0.0
route,DTW->CID,6,6,0,0.0
route,DTW->CIU,3,3,0,0.0
route,DTW->CLE,6,6,0,0.0
route,DTW->CLT,30,30,0,0.0
route,DTW->CMH,15,15,0,0.0
route,DTW->CVG,15,15,0,0.0
route,DTW->CWA,7,7,0,0.0
route,DTW->DAL,2,2,0,0.0
route,DTW->DAY,7,7,0,0.0
route,DTW->DCA,25,25,0,0.0
route,DTW->DEN,28,28,0,0.0
route,DTW->DFW,26,26,0,0.0
route,DTW->DSM,9,9,0,0.0
route,DTW->ELM,19,19,0,0.0
route,DTW->ERI,10,10,0,0.0
route,DTW->ESC,2,2,0,0.0
route,DTW->EVV,8,8,0,0.0
route,DTW->EWR,35,35,0,0.0
route,DTW->FLL,24,24,0,0.0
route,DTW->FWA,6,6,0,0.0
route,DTW->GRB,10,10,0,0.0
route,DTW->GRR,28,28,0,0.0
route,DTW->GSO,6,6,0,0.0
route,DTW->GSP,12,12,0,0.0
route,DTW->HPN,4,4,0,0.0
route,DTW->HSV,2,2,0,0.0
route,DTW->IAD,23,23,0,0.0
route,DTW->IAH,33,33,0,0.0
route,DTW->IND,20,20,0,0.0
route,DTW->ISP,3,3,0,0.0
route,DTW->ITH,6,6,0,0.0
route,DTW->JAX,5,5,0,0.0
route,DTW->JFK,8,8,0,0.0
route,DTW->LAN,12,12,0,0.0
route,DTW->LAS,30,30,0,0.0
route,DTW->LAX,22,22,0,0.0
route,DTW->LEX,16,16,0,0.0
route,DTW->LGA,34,34,0,0.0
route,DTW->LIT,4,4,0,0.0
route,DTW->LSE,2,2,0,0.0
route,DTW->MBS,7,7,0,0.0
route,DTW->MCI,13,13,0,0.0
route,DTW->MCO,26,26,0,0.0
route,DTW->MDT,12,12,0,0.0
route,DTW->MDW,25,25,0,0.0
route,DTW->MEM,11,11,0,0.0
route,DTW->MHT,7,7,0,0.0
route,DTW->MIA,15,15,0,0.0
route,DTW->MKE,15,15,0,0.0
route,DTW->MLI,7,7,0,0.0
route,DTW->MQT,6,6,0,0.0
route,DTW->MSN,15,15,0,0.0
route,DTW->MSP,23,23,0,0.0
route,DTW->MSY,13,13,0,0.0
route,DTW->MYR,6,6,0,0.0
route,DTW->OAK,2,2,0,0.0
route,DTW->OKC,5,5,0,0.0
route,DTW->OMA,7,7,0,0.0
route,DTW->ORD,59,59,0,0.0
route,DTW->ORF,8,8,0,0.0
route,DTW->PBI,5,5,0,0.0
route,DTW->PDX,4,4,0,0.0
route,DTW->PHL,27,27,0,0.0
route,DTW->PHX,21,21,0,0.0
route,DTW->PIA,3,3,0,0.0
route,DTW->PIT,8,8,0,0.0
route,DTW->PLN,5,5,0,0.0
route,DTW->PVD,8,8,0,0.0
route,DTW->PWM,8,8,0,0.0
route,DTW->RDU,14,14,0,0.0
route,DTW->RIC,7,7,0,0.0
route,DTW->ROC,13,13,0,0.0
route,DTW->RSW,17,17,0,0.0
route,DTW->SAN,5,5,0,0.0
route,DTW->SAT,8,8,0,0.0
route,DTW->SAV,1,1,0,0.0
route,DTW->SBN,12,12,0,0.0
route,DTW->SCE,11,11,0,0.0
route,DTW->SDF,11,11,0,0.0
route,DTW->SEA,19,19,0,0.0
route,DTW->SFO,12,12,0,0.0
route,DTW->SLC,13,13,0,0.0
route,DTW->SNA,5,5,0,0.0
route,DTW->SRQ,1,1,0,0.0
route,DTW->STL,18,18,0,0.0
route,DTW->SWF,13,13,0,0.0
route,DTW->SYR,6,6,0,0.0
route,DTW->TPA,23,23,0,0.0
route,DTW->TTN,1,1,0,0.0
route,DTW->TUL,1,1,0,0.0
route,DTW->TVC,11,11,0,0.0
route,DTW->TYS,5,5,0,0.0
route,DUT->ANC,10,10,0,0.0
route,DVL->JMS,1,1,0,0.0
route,EAR->DEN,1,1,0,0.0
route,EAT->SEA,6,6,0,0.0
route,EAU->ORD,12,12,0,0.0
route,ECP->ATL,22,22,0,0.0
route,ECP->BNA,4,4,0,0.0
route,ECP->BWI,4,4,0,0.0
route,ECP->CLT,6,6,0,0.0
route,ECP->DAL,7,7,0,0.0
route,ECP->DFW,4,4,0,0.0
route,ECP->HOU,2,2,0,0.0
route,ECP->IAH,10,10,0,0.0
route,ECP->STL,4,4,0,0.0
route,EGE->DEN,3,3,0,0.0
route,EGE->DFW,2,2,0,0.0
route,EKO->SLC,4,4,0,0.0
route,ELM->DTW,19,19,0,0.0
route,ELM->EWR,1,1,0,0.0
route,ELM->IAD,1,1,0,0.0
route,ELM->SFB,1,1,0,0.0
route,ELP->ATL,4,4,0,0.0
route,ELP->AUS,7,7,0,0.0
route,ELP->DAL,9,9,0,0.0
route,ELP->DEN,16,16,0,0.0
route,ELP->DFW,12,12,0,0.0
route,ELP->HOU,15,15,0,0.0
route,ELP->IAH,9,9,0,0.0
route,ELP->LAS,4,4,0,0.0
route,ELP->LAX,7,7,0,0.0
route,ELP->ORD,9,9,0,0.0
route,ELP->PHX,16,16,0,0.0
route,ELP->SAN,2,2,0,0.0
route,ELP->SAT,3,3,0,0.0
route,ELP->SEA,1,1,0,0.0
route,ERI->DTW,7,7,0,0.0
route,ERI->ORD,5,5,0,0.0
route,ERI->PHL,2,2,0,0.0
route,ESC->DTW,2,2,0,0.0
route,EUG->AZA,1,1,0,0.0
route,EUG->DEN,1,1,0,0.0
route,EUG->LAX,1,1,0,0.0
route,EUG->PDX,5,5,0,0.0
route,EUG->PHX,1,1,0,0.0
route,EUG->SEA,21,21,0,0.0
route,EUG->SFO,11,11,0,0.0
route,EUG->SJC,1,1,0,0.0
route,EUG->SLC,3,3,0,0.0
route,EVV->ATL,8,8,0,0.0
route,EVV->CLT,3,3,0,0.0
route,EVV->DFW,5,5,0,0.0
route,EVV->DTW,13,13,0,0.0
route,EVV->ORD,9,9,0,0.0
route,EWN->ATL,7,7,0,0.0
route,EWN->CLT,3,3,0,0.0
route,EWR->ALB,17,17,0,0.0
route,EWR->ATL,64,64,0,0.0
route,EWR->AUS,18,18,0,0.0
route,EWR->AVL,3,3,0,0.0
route,EWR->AVP,3,3,0,0.0
route,EWR->BDL,5,5,0,0.0
route,EWR->BGR,9,9,0,0.0
route,EWR->BNA,16,16,0,0.0
route,EWR->BOS,54,54,0,0.0
route,EWR->BQN,3,3,0,0.0
route,EWR->BTV,10,10,0,0.0
route,EWR->BUF,29,29,0,0.0
route,EWR->BWI,11,11,0,0.0
route,EWR->CAK,3,3,0,0.0
route,EWR->CHA,3,3,0,0.0
route,EWR->CHS,19,19,0,0.0
route,EWR->CLE,24,24,0,0.0
route,EWR->CLT,28,28,0,0.0
route,EWR->CMH,17,17,0,0.0
route,EWR->CVG,30,30,0,0.0
route,EWR->DAY,6,6,0,0.0
route,EWR->DCA,23,23,0,0.0
route,EWR->DEN,25,25,0,0.0
route,EWR->DFW,20,20,0,0.0
route,EWR->DSM,4,4,0,0.0
route,EWR->DTW,48,48,0,0.0
route,EWR->ELM,5,5,0,0.0
route,EWR->EYW,4,4,0,0.0
route,EWR->FLL,54,54,0,0.0
route,EWR->FWA,3,3,0,0.0
route,EWR->GRR,9,9,0,0.0
route,EWR->GSO,13,13,0,0.0
route,EWR->GSP,7,7,0,0.0
route,EWR->HNL,4,4,0,0.0
route,EWR->IAD,15,15,0,0.0
route,EWR->IAH,32,32,0,0.0
route,EWR->IND,26,26,0,0.0
route,EWR->ITH,3,3,0,0.0
route,EWR->JAC,1,1,0,0.0
route,EWR->JAX,13,13,0,0.0
route,EWR->LAS,24,24,0,0.0
route,EWR->LAX,49,49,0,0.0
route,EWR->LEX,2,2,0,0.0
route,EWR->MCI,5,5,0,0.0
route,EWR->MCO,64,64,0,0.0
route,EWR->MDW,20,20,0,0.0
route,EWR->MEM,11,11,0,0.0
route,EWR->MHT,4,4,0,0.0
route,EWR->MIA,25,25,0,0.0
route,EWR->MKE,8,8,0,0.0
route,EWR->MSN,5,5,0,0.0
route,EWR->MSP,31,31,0,0.0
route,EWR->MSY,20,20,0,0.0
route,EWR->MYR,6,6,0,0.0
route,EWR->OAK,3,3,0,0.0
route,EWR->OKC,5,5,0,0.0
route,EWR->OMA,8,8,0,0.0
route,EWR->ORD,34,34,0,0.0
route,EWR->ORF,19,19,0,0.0
route,EWR->PBI,38,38,0,0.0
route,EWR->PDX,12,12,0,0.0
route,EWR->PHX,18,18,0,0.0
route,EWR->PIT,26,26,0,0.0
route,EWR->PVD,9,9,0,0.0
route,EWR->PWM,20,20,0,0.0
route,EWR->RDU,35,35,0,0.0
route,EWR->RIC,15,15,0,0.0
route,EWR->ROC,9,9,0,0.0
route,EWR->RSW,33,33,0,0.0
route,EWR->SAN,16,16,0,0.0
route,EWR->SAT,5,5,0,0.0
route,EWR->SAV,9,9,0,0.0
route,EWR->SBN,3,3,0,0.0
route,EWR->SDF,7,7,0,0.0
route,EWR->SEA,16,16,0,0.0
route,EWR->SFO,58,58,0,0.0
route,EWR->SJC,9,9,0,0.0
route,EWR->SJU,17,17,0,0.0
route,EWR->SLC,6,6,0,0.0
route,EWR->SMF,2,2,0,0.0
route,EWR->SNA,12,12,0,0.0
route,EWR->SRQ,4,4,0,0.0
route,EWR->STL,24,24,0,0.0
route,EWR->STT,1,1,0,0.0
route,EWR->SYR,9,9,0,0.0
route,EWR->TPA,26,26,0,0.0
route,EWR->TYS,3,3,0,0.0
route,EWR->XNA,4,4,0,0.0
route,EYW->ATL,13,13,0,0.0
route,EYW->CLT,2,2,0,0.0
route,EYW->DCA,2,2,0,0.0
route,EYW->EWR,11,11,0,0.0
route,EYW->MIA,8,8,0,0.0
route,EYW->ORD,6,6,0,0.0
route,FAI->ANC,19,19,0,0.0
route,FAI->SCC,2,2,0,0.0
route,FAI->SEA,14,14,0,0.0
route,FAR->AZA,4,4,0,0.0
route,FAR->DEN,12,12,0,0.0
route,FAR->DFW,3,3,0,0.0
route,FAR->LAS,4,4,0,0.0
route,FAR->MSP,31,31,0,0.0
route,FAR->ORD,15,15,0,0.0
route,FAT->DEN,7,7,0,0.0
route,FAT->DFW,1,1,0,0.0
route,FAT->LAS,5,5,0,0.0
route,FAT->LAX,17,17,0,0.0
route,FAT->ORD,3,3,0,0.0
route,FAT->PDX,4,4,0,0.0
route,FAT->PHX,8,8,0,0.0
route,FAT->SAN,6,6,0,0.0
route,FAT->SEA,8,8,0,0.0
route,FAT->SFO,13,13,0,0.0
route,FAT->SLC,13,13,0,0.0
route,FAY->ATL,19,19,0,0.0
route,FAY->CLT,9,9,0,0.0
route,FAY->IAD,4,4,0,0.0
route,FCA->DEN,13,13,0,0.0
route,FCA->MSP,4,4,0,0.0
route,FCA->PDX,1,1,0,0.0
route,FCA->SEA,6,6,0,0.0
route,FCA->SLC,7,7,0,0.0
route,FLG->DEN,1,1,0,0.0
route,FLG->PHX,7,7,0,0.0
route,FLL->ABE,2,2,0,0.0
route,FLL->ACY,10,10,0,0.0
route,FLL->ALB,8,8,0,0.0
route,FLL->ATL,75,75,0,0.0
route,FLL->AUS,8,8,0,0.0
route,FLL->AVL,4,4,0,0.0
route,FLL->BDL,13,13,0,0.0
route,FLL->BNA,19,19,0,0.0
route,FLL->BOS,36,36,0,0.0
route,FLL->BQN,6,6,0,0.0
route,FLL->BUF,3,3,0,0.0
route,FLL->BWI,47,47,0,0.0
route,FLL->CHS,3,3,0,0.0
route,FLL->CLE,13,13,0,0.0
route,FLL->CLT,11,11,0,0.0
route,FLL->CMH,9,9,0,0.0
route,FLL->CVG,5,5,0,0.0
route,FLL->DAL,13,13,0,0.0
route,FLL->DCA,18,18,0,0.0
route,FLL->DEN,20,20,0,0.0
route,FLL->DFW,13,13,0,0.0
route,FLL->DTW,25,25,0,0.0
route,FLL->EWR,66,66,0,0.0
route,FLL->GSP,1,1,0,0.0
route,FLL->HOU,13,13,0,0.0
route,FLL->HPN,9,9,0,0.0
route,FLL->IAD,9,9,0,0.0
route,FLL->IAG,3,3,0,0.0
route,FLL->IAH,19,19,0,0.0
route,FLL->IND,7,7,0,0.0
route,FLL->ISP,3,3,0,0.0
route,FLL->JAX,23,23,0,0.0
route,FLL->JFK,32,32,0,0.0
route,FLL->LAS,11,11,0,0.0
route,FLL->LAX,23,23,0,0.0
route,FLL->LBE,1,1,0,0.0
route,FLL->LCK,2,2,0,0.0
route,FLL->LGA,45,45,0,0.0
route,FLL->LGB,3,3,0,0.0
route,FLL->MCI,4,4,0,0.0
route,FLL->MCO,16,16,0,0.0
route,FLL->MDW,16,16,0,0.0
route,FLL->MEM,1,1,0,0.0
route,FLL->MKE,3,3,0,0.0
route,FLL->MSP,5,5,0,0.0
route,FLL->MSY,21,21,0,0.0
route,FLL->MYR,2,2,0,0.0
route,FLL->ORD,24,24,0,0.0
route,FLL->ORH,2,2,0,0.0
route,FLL->PBG,3,3,0,0.0
route,FLL->PHL,21,21,0,0.0
route,FLL->PHX,4,4,0,0.0
route,FLL->PIT,8,8,0,0.0
route,FLL->PVD,10,10,0,0.0
route,FLL->RDU,14,14,0,0.0
route,FLL->RIC,7,7,0,0.0
route,FLL->SAN,4,4,0,0.0
route,FLL->SDF,3,3,0,0.0
route,FLL->SEA,7,7,0,0.0
route,FLL->SFO,9,9,0,0.0
route,FLL->SJU,20,20,0,0.0
route,FLL->SLC,8,8,0,0.0
route,FLL->STL,2,2,0,0.0
route,FLL->STT,2,2,0,0.0
route,FLL->SWF,6,6,0,0.0
route,FLL->SYR,7,7,0,0.0
route,FLL->TPA,16,16,0,0.0
route,FLL->TYS,3,3,0,0.0
route,FLL->USA,2,2,0,0.0
route,FLO->CLT,2,2,0,0.0
route,FNT->ATL,11,11,0,0.0
route,FNT->MCO,1,1,0,0.0
route,FNT->MDW,5,5,0,0.0
route,FNT->MSP,1,1,0,0.0
route,FNT->ORD,12,12,0,0.0
route,FNT->PGD,1,1,0,0.0
route,FNT->SFB,3,3,0,0.0
route,FSD->AZA,1,1,0,0.0
route,FSD->DEN,12,12,0,0.0
route,FSD->DFW,1,1,0,0.0
route,FSD->LAS,2,2,0,0.0
route,FSD->MSP,20,20,0,0.0
route,FSD->ORD,11,11,0,0.0
route,FSD->SFB,1,1,0,0.0
route,FSM->ATL,9,9,0,0.0
route,FSM->DFW,6,6,0,0.0
route,FWA->ATL,12,12,0,0.0
route,FWA->CLT,2,2,0,0.0
route,FWA->DFW,4,4,0,0.0
route,FWA->DTW,10,10,0,0.0
route,FWA->EWR,2,2,0,0.0
route,FWA->ORD,8,8,0,0.0
route,FWA->PGD,1,1,0,0.0
route,FWA->PHL,4,4,0,0.0
route,FWA->PIE,2,2,0,0.0
route,FWA->SFB,4,4,0,0.0
route,GCC->DEN,2,2,0,0.0
route,GCK->DFW,1,1,0,0.0
route,GEG->BOI,6,6,0,0.0
route,GEG->DEN,14,14,0,0.0
route,GEG->DFW,1,1,0,0.0
route,GEG->LAS,8,8,0,0.0
route,GEG->LAX,2,2,0,0.0
route,GEG->MSP,7,7,0,0.0
route,GEG->OAK,13,13,0,0.0
route,GEG->ORD,3,3,0,0.0
route,GEG->PDX,21,21,0,0.0
route,GEG->PHX,6,6,0,0.0
route,GEG->SAN,1,1,0,0.0
route,GEG->SEA,67,67,0,0.0
route,GEG->SFO,7,7,0,0.0
route,GEG->SJC,8,8,0,0.0
route,GEG->SLC,15,15,0,0.0
route,GEG->SMF,1,1,0,0.0
route,GFK->LAS,2,2,0,0.0
route,GFK->MSP,5,5,0,0.0
route,GFK->SFB,1,1,0,0.0
route,GGG->DFW,2,2,0,0.0
route,GJT->DEN,11,11,0,0.0
route,GJT->DFW,1,1,0,0.0
route,GJT->PHX,5,5,0,0.0
route,GJT->SLC,12,12,0,0.0
route,GNV->ATL,22,22,0,0.0
route,GNV->CLT,7,7,0,0.0
route,GNV->DFW,3,3,0,0.0
route,GNV->MIA,2,2,0,0.0
route,GPT->ATL,11,11,0,0.0
route,GPT->CLT,2,2,0,0.0
route,GPT->DFW,2,2,0,0.0
route,GPT->IAH,6,6,0,0.0
route,GRB->ATL,3,3,0,0.0
route,GRB->DTW,9,9,0,0.0
route,GRB->MSP,10,10,0,0.0
route,GRB->ORD,27,27,0,0.0
route,GRI->AZA,3,3,0,0.0
route,GRI->DFW,3,3,0,0.0
route,GRK->DFW,5,5,0,0.0
route,GRK->IAH,8,8,0,0.0
route,GRR->ATL,13,13,0,0.0
route,GRR->AZA,2,2,0,0.0
route,GRR->BWI,5,5,0,0.0
route,GRR->CLT,1,1,0,0.0
route,GRR->DCA,7,7,0,0.0
route,GRR->DEN,13,13,0,0.0
route,GRR->DFW,2,2,0,0.0
route,GRR->DTW,11,11,0,0.0
route,GRR->EWR,5,5,0,0.0
route,GRR->FLL,1,1,0,0.0
route,GRR->IAD,2,2,0,0.0
route,GRR->IAH,3,3,0,0.0
route,GRR->LAS,1,1,0,0.0
route,GRR->LGA,10,10,0,0.0
route,GRR->MCO,4,4,0,0.0
route,GRR->MDW,6,6,0,0.0
route,GRR->MSP,15,15,0,0.0
route,GRR->ORD,33,33,0,0.0
route,GRR->PGD,2,2,0,0.0
route,GRR->PHL,2,2,0,0.0
route,GRR->PIE,1,1,0,0.0
route,GRR->RSW,6,6,0,0.0
route,GRR->SFB,5,5,0,0.0
route,GSO->ATL,26,26,0,0.0
route,GSO->CLT,8,8,0,0.0
route,GSO->DCA,4,4,0,0.0
route,GSO->DFW,3,3,0,0.0
route,GSO->DTW,7,7,0,0.0
route,GSO->EWR,9,9,0,0.0
route,GSO->FLL,1,1,0,0.0
route,GSO->IAD,11,11,0,0.0
route,GSO->LGA,24,24,0,0.0
route,GSO->MIA,1,1,0,0.0
route,GSO->ORD,10,10,0,0.0
route,GSO->PHL,7,7,0,0.0
route,GSO->PIE,1,1,0,0.0
route,GSO->SFB,3,3,0,0.0
route,GSP->ATL,33,33,0,0.0
route,GSP->CLT,14,14,0,0.0
route,GSP->DCA,3,3,0,0.0
route,GSP->DFW,2,2,0,0.0
route,GSP->DTW,5,5,0,0.0
route,GSP->EWR,9,9,0,0.0
route,GSP->FLL,1,1,0,0.0
route,GSP->IAD,13,13,0,0.0
route,GSP->IAH,6,6,0,0.0
route,GSP->LGA,3,3,0,0.0
route,GSP->MIA,5,5,0,0.0
route,GSP->ORD,14,14,0,0.0
route,GSP->PHL,5,5,0,0.0
route,GSP->PIE,2,2,0,0.0
route,GSP->SFB,1,1,0,0.0
route,GTF->AZA,1,1,0,0.0
route,GTF->DEN,3,3,0,0.0
route,GTF->LAS,2,2,0,0.0
route,GTF->MSP,6,6,0,0.0
route,GTF->SEA,6,6,0,0.0
route,GTF->SLC,9,9,0,0.0
route,GTR->ATL,8,8,0,0.0
route,GUC->DEN,1,1,0,0.0
route,GUM->HNL,2,2,0,0.0
route,GUM->SPN,4,4,0,0.0
route,HDN->DEN,6,6,0,0.0
route,HGR->SFB,1,1,0,0.0
route,HHH->CLT,4,4,0,0.0
route,HHH->IAD,2,2,0,0.0
route,HHH->ORD,1,1,0,0.0
route,HIB->MSP,4,4,0,0.0
route,HLN->DEN,2,2,0,0.0
route,HLN->MSP,1,1,0,0.0
route,HLN->SEA,1,1,0,0.0
route,HLN->SLC,11,11,0,0.0
route,HNL->ANC,6,6,0,0.0
route,HNL->ATL,7,7,0,0.0
route,HNL->DEN,4,4,0,0.0
route,HNL->DFW,3,3,0,0.0
route,HNL->EWR,2,2,0,0.0
route,HNL->GUM,4,4,0,0.0
route,HNL->IAD,1,1,0,0.0
route,HNL->IAH,1,1,0,0.0
route,HNL->ITO,51,51,0,0.0
route,HNL->JFK,4,4,0,0.0
route,HNL->JHM,9,9,0,0.0
route,HNL->KOA,45,45,0,0.0
route,HNL->LAS,12,12,0,0.0
route,HNL->LAX,29,29,0,0.0
route,HNL->LGB,2,2,0,0.0
route,HNL->LIH,47,47,0,0.0
route,HNL->LNY,14,14,0,0.0
route,HNL->MKK,7,7,0,0.0
route,HNL->MSP,1,1,0,0.0
route,HNL->OAK,8,8,0,0.0
route,HNL->OGG,98,98,0,0.0
route,HNL->ORD,4,4,0,0.0
route,HNL->PDX,6,6,0,0.0
route,HNL->PHX,2,2,0,0.0
route,HNL->PPG,1,1,0,0.0
route,HNL->SAN,11,11,0,0.0
route,HNL->SEA,13,13,0,0.0
route,HNL->SFO,23,23,0,0.0
route,HNL->SJC,4,4,0,0.0
route,HNL->SLC,4,4,0,0.0
route,HNL->SMF,5,5,0,0.0
route,HOB->IAH,5,5,0,0.0
route,HOU->ABQ,9,9,0,0.0
route,HOU->ATL,37,37,0,0.0
route,HOU->AUS,19,19,0,0.0
route,HOU->BHM,2,2,0,0.0
route,HOU->BNA,11,11,0,0.0
route,HOU->BOS,6,6,0,0.0
route,HOU->BWI,12,12,0,0.0
route,HOU->CHS,4,4,0,0.0
route,HOU->CLT,3,3,0,0.0
route,HOU->CMH,2,2,0,0.0
route,HOU->CRP,11,11,0,0.0
route,HOU->DAL,62,62,0,0.0
route,HOU->DCA,9,9,0,0.0
route,HOU->DEN,10,10,0,0.0
route,HOU->DFW,15,15,0,0.0
route,HOU->ECP,8,8,0,0.0
route,HOU->ELP,14,14,0,0.0
route,HOU->FLL,8,8,0,0.0
route,HOU->HRL,14,14,0,0.0
route,HOU->IND,8,8,0,0.0
route,HOU->JAX,1,1,0,0.0
route,HOU->JFK,1,1,0,0.0
route,HOU->LAS,15,15,0,0.0
route,HOU->LAX,18,18,0,0.0
route,HOU->LGA,8,8,0,0.0
route,HOU->MAF,9,9,0,0.0
route,HOU->MCI,7,7,0,0.0
route,HOU->MCO,11,11,0,0.0
route,HOU->MDW,17,17,0,0.0
route,HOU->MEM,3,3,0,0.0
route,HOU->MKE,2,2,0,0.0
route,HOU->MSY,37,37,0,0.0
route,HOU->OAK,6,6,0,0.0
route,HOU->OKC,11,11,0,0.0
route,HOU->OMA,2,2,0,0.0
route,HOU->PDX,1,1,0,0.0
route,HOU->PHL,2,2,0,0.0
route,HOU->PHX,12,12,0,0.0
route,HOU->PIT,1,1,0,0.0
route,HOU->RDU,2,2,0,0.0
route,HOU->SAN,5,5,0,0.0
route,HOU->SAT,13,13,0,0.0
route,HOU->SDF,1,1,0,0.0
route,HOU->SJC,1,1,0,0.0
route,HOU->SJU,1,1,0,0.0
route,HOU->SNA,4,4,0,0.0
route,HOU->STL,12,12,0,0.0
route,HOU->TPA,9,9,0,0.0
route,HOU->TUL,11,11,0,0.0
route,HPN->ATL,19,19,0,0.0
route,HPN->CLT,8,8,0,0.0
route,HPN->DCA,4,4,0,0.0
route,HPN->DTW,7,7,0,0.0
route,HPN->FLL,2,2,0,0.0
route,HPN->MCO,8,8,0,0.0
route,HPN->ORD,10,10,0,0.0
route,HPN->PBI,22,22,0,0.0
route,HPN->RSW,4,4,0,0.0
route,HPN->TPA,6,6,0,0.0
route,HRL->AUS,3,3,0,0.0
route,HRL->DFW,3,3,0,0.0
route,HRL->HOU,19,19,0,0.0
route,HRL->IAH,16,16,0,0.0
route,HSV->ATL,19,19,0,0.0
route,HSV->CLT,3,3,0,0.0
route,HSV->DCA,2,2,0,0.0
route,HSV->DEN,7,7,0,0.0
route,HSV->DFW,6,6,0,0.0
route,HSV->DTW,2,2,0,0.0
route,HSV->IAD,4,4,0,0.0
route,HSV->IAH,6,6,0,0.0
route,HSV->ORD,6,6,0,0.0
route,HTS->CLT,4,4,0,0.0
route,HTS->SFB,2,2,0,0.0
route,HVN->PHL,6,6,0,0.0
route,HYS->DEN,6,6,0,0.0
route,HYS->SLN,4,4,0,0.0
route,IAD->ALB,7,7,0,0.0
route,IAD->ATL,38,38,0,0.0
route,IAD->AUS,17,17,0,0.0
route,IAD->AVL,3,3,0,0.0
route,IAD->AVP,2,2,0,0.0
route,IAD->BDL,12,12,0,0.0
route,IAD->BNA,9,9,0,0.0
route,IAD->BOS,15,15,0,0.0
route,IAD->BTV,13,13,0,0.0
route,IAD->BUF,6,6,0,0.0
route,IAD->CAE,10,10,0,0.0
route,IAD->CHA,2,2,0,0.0
route,IAD->CHO,9,9,0,0.0
route,IAD->CHS,12,12,0,0.0
route,IAD->CKB,1,1,0,0.0
route,IAD->CLE,12,12,0,0.0
route,IAD->CLT,20,20,0,0.0
route,IAD->CMH,9,9,0,0.0
route,IAD->COS,2,2,0,0.0
route,IAD->CRW,4,4,0,0.0
route,IAD->CVG,9,9,0,0.0
route,IAD->DAY,4,4,0,0.0
route,IAD->DEN,29,29,0,0.0
route,IAD->DFW,12,12,0,0.0
route,IAD->DTW,15,15,0,0.0
route,IAD->ELM,4,4,0,0.0
route,IAD->EWR,17,17,0,0.0
route,IAD->FAY,5,5,0,0.0
route,IAD->FLL,5,5,0,0.0
route,IAD->GRR,4,4,0,0.0
route,IAD->GSO,7,7,0,0.0
route,IAD->GSP,10,10,0,0.0
route,IAD->HHH,1,1,0,0.0
route,IAD->HNL,1,1,0,0.0
route,IAD->HSV,8,8,0,0.0
route,IAD->IAH,16,16,0,0.0
route,IAD->ILM,6,6,0,0.0
route,IAD->IND,7,7,0,0.0
route,IAD->ITH,1,1,0,0.0
route,IAD->JAX,13,13,0,0.0
route,IAD->JFK,17,17,0,0.0
route,IAD->LAS,8,8,0,0.0
route,IAD->LAX,32,32,0,0.0
route,IAD->LEX,3,3,0,0.0
route,IAD->LGA,8,8,0,0.0
route,IAD->LWB,1,1,0,0.0
route,IAD->MCI,5,5,0,0.0
route,IAD->MCO,13,13,0,0.0
route,IAD->MDT,9,9,0,0.0
route,IAD->MHT,1,1,0,0.0
route,IAD->MIA,1,1,0,0.0
route,IAD->MSP,19,19,0,0.0
route,IAD->MSY,9,9,0,0.0
route,IAD->OKC,7,7,0,0.0
route,IAD->ORD,13,13,0,0.0
route,IAD->ORF,19,19,0,0.0
route,IAD->PBG,3,3,0,0.0
route,IAD->PDX,4,4,0,0.0
route,IAD->PHL,6,6,0,0.0
route,IAD->PHX,3,3,0,0.0
route,IAD->PIT,13,13,0,0.0
route,IAD->PVD,15,15,0,0.0
route,IAD->PWM,8,8,0,0.0
route,IAD->RDU,10,10,0,0.0
route,IAD->RIC,14,14,0,0.0
route,IAD->ROA,3,3,0,0.0
route,IAD->ROC,7,7,0,0.0
route,IAD->SAN,3,3,0,0.0
route,IAD->SAT,6,6,0,0.0
route,IAD->SAV,14,14,0,0.0
route,IAD->SCE,7,7,0,0.0
route,IAD->SDF,6,6,0,0.0
route,IAD->SEA,12,12,0,0.0
route,IAD->SFO,35,35,0,0.0
route,IAD->SHD,7,7,0,0.0
route,IAD->SJU,4,4,0,0.0
route,IAD->SLC,4,4,0,0.0
route,IAD->SMF,3,3,0,0.0
route,IAD->STL,6,6,0,0.0
route,IAD->STT,2,2,0,0.0
route,IAD->SYR,14,14,0,0.0
route,IAD->TPA,9,9,0,0.0
route,IAD->TYS,9,9,0,0.0
route,IAG->MYR,1,1,0,0.0
route,IAG->PGD,4,4,0,0.0
route,IAG->PIE,4,4,0,0.0
route,IAG->SFB,1,1,0,0.0
route,IAH->ABQ,16,16,0,0.0
route,IAH->AEX,6,6,0,0.0
route,IAH->AMA,12,12,0,0.0
route,IAH->ASE,2,2,0,0.0
route,IAH->ATL,50,50,0,0.0
route,IAH->AUS,25,25,0,0.0
route,IAH->BDL,1,1,0,0.0
route,IAH->BHM,17,17,0,0.0
route,IAH->BNA,18,18,0,0.0
route,IAH->BOI,1,1,0,0.0
route,IAH->BOS,13,13,0,0.0
route,IAH->BRO,11,11,0,0.0
route,IAH->BTR,17,17,0,0.0
route,IAH->BWI,4,4,0,0.0
route,IAH->BZN,1,1,0,0.0
route,IAH->CAE,2,2,0,0.0
route,IAH->CAK,2,2,0,0.0
route,IAH->CHS,7,7,0,0.0
route,IAH->CLE,11,11,0,0.0
route,IAH->CLL,12,12,0,0.0
route,IAH->CLT,23,23,0,0.0
route,IAH->CMH,14,14,0,0.0
route,IAH->COS,8,8,0,0.0
route,IAH->CRP,18,18,0,0.0
route,IAH->CRW,4,4,0,0.0
route,IAH->CVG,12,12,0,0.0
route,IAH->DAY,1,1,0,0.0
route,IAH->DCA,33,33,0,0.0
route,IAH->DEN,46,46,0,0.0
route,IAH->DFW,26,26,0,0.0
route,IAH->DSM,5,5,0,0.0
route,IAH->DTW,36,36,0,0.0
route,IAH->ECP,6,6,0,0.0
route,IAH->ELP,8,8,0,0.0
route,IAH->EWR,31,31,0,0.0
route,IAH->FLL,23,23,0,0.0
route,IAH->GPT,5,5,0,0.0
route,IAH->GRK,7,7,0,0.0
route,IAH->GRR,4,4,0,0.0
route,IAH->GSO,1,1,0,0.0
route,IAH->GSP,4,4,0,0.0
route,IAH->HNL,5,5,0,0.0
route,IAH->HOB,5,5,0,0.0
route,IAH->HRL,10,10,0,0.0
route,IAH->HSV,11,11,0,0.0
route,IAH->IAD,11,11,0,0.0
route,IAH->ICT,8,8,0,0.0
route,IAH->IND,8,8,0,0.0
route,IAH->JAN,11,11,0,0.0
route,IAH->JAX,16,16,0,0.0
route,IAH->LAS,23,23,0,0.0
route,IAH->LAX,35,35,0,0.0
route,IAH->LBB,10,10,0,0.0
route,IAH->LCH,10,10,0,0.0
route,IAH->LEX,7,7,0,0.0
route,IAH->LFT,12,12,0,0.0
route,IAH->LGA,48,48,0,0.0
route,IAH->LIT,14,14,0,0.0
route,IAH->LRD,8,8,0,0.0
route,IAH->MAF,26,26,0,0.0
route,IAH->MCI,16,16,0,0.0
route,IAH->MCO,23,23,0,0.0
route,IAH->MEM,13,13,0,0.0
route,IAH->MFE,19,19,0,0.0
route,IAH->MIA,26,26,0,0.0
route,IAH->MKE,6,6,0,0.0
route,IAH->MLU,7,7,0,0.0
route,IAH->MOB,15,15,0,0.0
route,IAH->MSP,31,31,0,0.0
route,IAH->MSY,31,31,0,0.0
route,IAH->OAK,1,1,0,0.0
route,IAH->OKC,25,25,0,0.0
route,IAH->OMA,13,13,0,0.0
route,IAH->ORD,32,32,0,0.0
route,IAH->ORF,6,6,0,0.0
route,IAH->PBI,1,1,0,0.0
route,IAH->PDX,7,7,0,0.0
route,IAH->PHL,15,15,0,0.0
route,IAH->PHX,29,29,0,0.0
route,IAH->PIT,11,11,0,0.0
route,IAH->PNS,11,11,0,0.0
route,IAH->PSP,7,7,0,0.0
route,IAH->RDU,9,9,0,0.0
route,IAH->RIC,2,2,0,0.0
route,IAH->RSW,5,5,0,0.0
route,IAH->SAN,27,27,0,0.0
route,IAH->SAT,15,15,0,0.0
route,IAH->SAV,5,5,0,0.0
route,IAH->SDF,6,6,0,0.0
route,IAH->SEA,33,33,0,0.0
route,IAH->SFO,23,23,0,0.0
route,IAH->SGF,4,4,0,0.0
route,IAH->SHV,18,18,0,0.0
route,IAH->SJC,5,5,0,0.0
route,IAH->SJU,4,4,0,0.0
route,IAH->SLC,26,26,0,0.0
route,IAH->SMF,9,9,0,0.0
route,IAH->SNA,11,11,0,0.0
route,IAH->STL,18,18,0,0.0
route,IAH->TPA,20,20,0,0.0
route,IAH->TUL,14,14,0,0.0
route,IAH->TUS,10,10,0,0.0
route,IAH->TYS,10,10,0,0.0
route,IAH->VPS,7,7,0,0.0
route,IAH->XNA,10,10,0,0.0
route,ICT->ATL,9,9,0,0.0
route,ICT->AZA,2,2,0,0.0
route,ICT->DEN,8,8,0,0.0
route,ICT->DFW,11,11,0,0.0
route,ICT->IAH,13,13,0,0.0
route,ICT->LAS,5,5,0,0.0
route,ICT->MSP,6,6,0,0.0
route,ICT->ORD,17,17,0,0.0
route,ICT->PHX,5,5,0,0.0
route,ICT->SEA,2,2,0,0.0
route,ICT->STL,6,6,0,0.0
route,IDA->AZA,1,1,0,0.0
route,IDA->DEN,11,11,0,0.0
route,IDA->LAS,2,2,0,0.0
route,IDA->SLC,11,11,0,0.0
route,ILM->ATL,20,20,0,0.0
route,ILM->CLT,13,13,0,0.0
route,ILM->DCA,1,1,0,0.0
route,ILM->DFW,1,1,0,0.0
route,ILM->IAD,5,5,0,0.0
route,ILM->LGA,8,8,0,0.0
route,ILM->ORD,2,2,0,0.0
route,ILM->PHL,2,2,0,0.0
route,IMT->DTW,4,4,0,0.0
route,IMT->MSP,2,2,0,0.0
route,IND->ATL,40,40,0,0.0
route,IND->BOS,13,13,0,0.0
route,IND->BWI,11,11,0,0.0
route,IND->CHS,1,1,0,0.0
route,IND->CLT,10,10,0,0.0
route,IND->DAL,1,1,0,0.0
route,IND->DCA,2,2,0,0.0
route,IND->DEN,33,33,0,0.0
route,IND->DFW,2,2,0,0.0
route,IND->DTW,16,16,0,0.0
route,IND->EWR,20,20,0,0.0
route,IND->FLL,11,11,0,0.0
route,IND->HOU,7,7,0,0.0
route,IND->IAD,14,14,0,0.0
route,IND->IAH,11,11,0,0.0
route,IND->JAX,2,2,0,0.0
route,IND->JFK,3,3,0,0.0
route,IND->LAS,14,14,0,0.0
route,IND->LAX,5,5,0,0.0
route,IND->LGA,18,18,0,0.0
route,IND->MCI,5,5,0,0.0
route,IND->MCO,19,19,0,0.0
route,IND->MDW,8,8,0,0.0
route,IND->MIA,2,2,0,0.0
route,IND->MSP,12,12,0,0.0
route,IND->MSY,2,2,0,0.0
route,IND->MYR,1,1,0,0.0
route,IND->OAK,2,2,0,0.0
route,IND->ORD,42,42,0,0.0
route,IND->PGD,5,5,0,0.0
route,IND->PHL,6,6,0,0.0
route,IND->PHX,10,10,0,0.0
route,IND->PIE,4,4,0,0.0
route,IND->RDU,4,4,0,0.0
route,IND->RSW,4,4,0,0.0
route,IND->SAV,3,3,0,0.0
route,IND->SEA,8,8,0,0.0
route,IND->SFB,4,4,0,0.0
route,IND->SFO,7,7,0,0.0
route,IND->SLC,2,2,0,0.0
route,IND->TPA,7,7,0,0.0
route,INL->MSP,3,3,0,0.0
route,IPT->PHL,3,3,0,0.0
route,ISN->DEN,12,12,0,0.0
route,ISN->MSP,3,3,0,0.0
route,ISP->ATL,1,1,0,0.0
route,ISP->BWI,12,12,0,0.0
route,ISP->DTW,1,1,0,0.0
route,ISP->MCO,13,13,0,0.0
route,ISP->ORD,2,2,0,0.0
route,ISP->PBI,9,9,0,0.0
route,ISP->PHL,3,3,0,0.0
route,ISP->RSW,1,1,0,0.0
route,ISP->TPA,13,13,0,0.0
route,ITH->DTW,14,14,0,0.0
route,ITH->EWR,9,9,0,0.0
route,ITH->PHL,3,3,0,0.0
route,ITO->HNL,46,46,0,0.0
route,ITO->LAX,3,3,0,0.0
route,ITO->OGG,4,4,0,0.0
route,JAC->DEN,9,9,0,0.0
route,JAC->DFW,4,4,0,0.0
route,JAC->LAX,1,1,0,0.0
route,JAC->ORD,3,3,0,0.0
route,JAC->SFO,1,1,0,0.0
route,JAC->SLC,9,9,0,0.0
route,JAN->ATL,22,22,0,0.0
route,JAN->CLT,4,4,0,0.0
route,JAN->DCA,1,1,0,0.0
route,JAN->DFW,11,11,0,0.0
route,JAN->IAH,21,21,0,0.0
route,JAN->ORD,4,4,0,0.0
route,JAX->ATL,45,45,0,0.0
route,JAX->AUS,1,1,0,0.0
route,JAX->BLV,2,2,0,0.0
route,JAX->BNA,12,12,0,0.0
route,JAX->BOS,17,17,0,0.0
route,JAX->BWI,13,13,0,0.0
route,JAX->CLE,2,2,0,0.0
route,JAX->CLT,14,14,0,0.0
route,JAX->CVG,3,3,0,0.0
route,JAX->DAL,1,1,0,0.0
route,JAX->DCA,14,14,0,0.0
route,JAX->DEN,5,5,0,0.0
route,JAX->DFW,9,9,0,0.0
route,JAX->DTW,7,7,0,0.0
route,JAX->EWR,23,23,0,0.0
route,JAX->FLL,17,17,0,0.0
route,JAX->HOU,4,4,0,0.0
route,JAX->IAD,5,5,0,0.0
route,JAX->IAH,7,7,0,0.0
route,JAX->IND,1,1,0,0.0
route,JAX->JFK,13,13,0,0.0
route,JAX->LGA,9,9,0,0.0
route,JAX->MDW,1,1,0,0.0
route,JAX->MIA,3,3,0,0.0
route,JAX->ORD,11,11,0,0.0
route,JAX->PHL,7,7,0,0.0
route,JAX->RDU,1,1,0,0.0
route,JAX->TTN,2,2,0,0.0
route,JFK->ABQ,3,3,0,0.0
route,JFK->ATL,28,28,0,0.0
route,JFK->AUS,19,19,0,0.0
route,JFK->BGR,1,1,0,0.0
route,JFK->BNA,6,6,0,0.0
route,JFK->BOS,46,46,0,0.0
route,JFK->BQN,2,2,0,0.0
route,JFK->BTV,21,21,0,0.0
route,JFK->BUF,30,30,0,0.0
route,JFK->BUR,3,3,0,0.0
route,JFK->BWI,8,8,0,0.0
route,JFK->CHS,14,14,0,0.0
route,JFK->CLE,7,7,0,0.0
route,JFK->CLT,25,25,0,0.0
route,JFK->CMH,15,15,0,0.0
route,JFK->CVG,6,6,0,0.0
route,JFK->DAB,3,3,0,0.0
route,JFK->DCA,22,22,0,0.0
route,JFK->DEN,9,9,0,0.0
route,JFK->DFW,20,20,0,0.0
route,JFK->DTW,9,9,0,0.0
route,JFK->FLL,38,38,0,0.0
route,JFK->HNL,4,4,0,0.0
route,JFK->HOU,3,3,0,0.0
route,JFK->IAD,15,15,0,0.0
route,JFK->IND,10,10,0,0.0
route,JFK->JAX,16,16,0,0.0
route,JFK->LAS,35,35,0,0.0
route,JFK->LAX,90,90,0,0.0
route,JFK->LGB,9,9,0,0.0
route,JFK->MCO,36,36,0,0.0
route,JFK->MIA,26,26,0,0.0
route,JFK->MSP,11,11,0,0.0
route,JFK->MSY,22,22,0,0.0
route,JFK->OAK,3,3,0,0.0
route,JFK->ONT,2,2,0,0.0
route,JFK->ORD,26,26,0,0.0
route,JFK->ORF,8,8,0,0.0
route,JFK->ORH,1,1,0,0.0
route,JFK->PBI,22,22,0,0.0
route,JFK->PDX,14,14,0,0.0
route,JFK->PHL,3,3,0,0.0
route,JFK->PHX,18,18,0,0.0
route,JFK->PIT,10,10,0,0.0
route,JFK->PSE,2,2,0,0.0
route,JFK->PSP,3,3,0,0.0
route,JFK->PWM,14,14,0,0.0
route,JFK->RDU,27,27,0,0.0
route,JFK->RIC,9,9,0,0.0
route,JFK->RNO,4,4,0,0.0
route,JFK->ROC,16,16,0,0.0
route,JFK->RSW,17,17,0,0.0
route,JFK->SAN,12,12,0,0.0
route,JFK->SAT,5,5,0,0.0
route,JFK->SAV,13,13,0,0.0
route,JFK->SEA,29,29,0,0.0
route,JFK->SFO,59,59,0,0.0
route,JFK->SJC,10,10,0,0.0
route,JFK->SJU,35,35,0,0.0
route,JFK->SLC,20,20,0,0.0
route,JFK->SMF,4,4,0,0.0
route,JFK->SRQ,4,4,0,0.0
route,JFK->SYR,13,13,0,0.0
route,JFK->TPA,15,15,0,0.0
route,JHM->HNL,14,14,0,0.0
route,JLN->DFW,2,2,0,0.0
route,JMS->DEN,2,2,0,0.0
route,JMS->DVL,5,5,0,0.0
route,JNU->ANC,9,9,0,0.0
route,JNU->KTN,3,3,0,0.0
route,JNU->PSG,3,3,0,0.0
route,JNU->SEA,14,14,0,0.0
route,JNU->SIT,8,8,0,0.0
route,JNU->YAK,1,1,0,0.0
route,KOA->DEN,2,2,0,0.0
route,KOA->HNL,56,56,0,0.0
route,KOA->LAX,11,11,0,0.0
route,KOA->LIH,3,3,0,0.0
route,KOA->OAK,4,4,0,0.0
route,KOA->OGG,11,11,0,0.0
route,KOA->PDX,1,1,0,0.0
route,KOA->PHX,1,1,0,0.0
route,KOA->SEA,10,10,0,0.0
route,KOA->SFO,8,8,0,0.0
route,KOA->SJC,2,2,0,0.0
route,KTN->SEA,8,8,0,0.0
route,KTN->SIT,1,1,0,0.0
route,KTN->WRG,3,3,0,0.0
route,LAN->DCA,1,1,0,0.0
route,LAN->DTW,12,12,0,0.0
route,LAN->MSP,8,8,0,0.0
route,LAN->ORD,18,18,0,0.0
route,LAR->DEN,1,1,0,0.0
route,LAS->ABQ,13,13,0,0.0
route,LAS->AMA,5,5,0,0.0
route,LAS->ATL,44,44,0,0.0
route,LAS->AUS,17,17,0,0.0
route,LAS->BDL,2,2,0,0.0
route,LAS->BHM,8,8,0,0.0
route,LAS->BIL,3,3,0,0.0
route,LAS->BIS,2,2,0,0.0
route,LAS->BLI,7,7,0,0.0
route,LAS->BLV,2,2,0,0.0
route,LAS->BNA,9,9,0,0.0
route,LAS->BOI,5,5,0,0.0
route,LAS->BOS,16,16,0,0.0
route,LAS->BUF,8,8,0,0.0
route,LAS->BUR,26,26,0,0.0
route,LAS->BWI,25,25,0,0.0
route,LAS->BZN,1,1,0,0.0
route,LAS->CLE,10,10,0,0.0
route,LAS->CLT,5,5,0,0.0
route,LAS->CMH,12,12,0,0.0
route,LAS->COS,2,2,0,0.0
route,LAS->CVG,10,10,0,0.0
route,LAS->DAL,16,16,0,0.0
route,LAS->DCA,2,2,0,0.0
route,LAS->DEN,59,59,0,0.0
route,LAS->DFW,27,27,0,0.0
route,LAS->DSM,6,6,0,0.0
route,LAS->DTW,41,41,0,0.0
route,LAS->ELP,7,7,0,0.0
route,LAS->EUG,2,2,0,0.0
route,LAS->EWR,24,24,0,0.0
route,LAS->FAR,3,3,0,0.0
route,LAS->FAT,6,6,0,0.0
route,LAS->FCA,2,2,0,0.0
route,LAS->FLL,13,13,0,0.0
route,LAS->FSD,2,2,0,0.0
route,LAS->GEG,6,6,0,0.0
route,LAS->GFK,1,1,0,0.0
route,LAS->GJT,1,1,0,0.0
route,LAS->GRI,2,2,0,0.0
route,LAS->GRR,2,2,0,0.0
route,LAS->GTF,1,1,0,0.0
route,LAS->HNL,9,9,0,0.0
route,LAS->HOU,19,19,0,0.0
route,LAS->IAD,9,9,0,0.0
route,LAS->IAH,21,21,0,0.0
route,LAS->ICT,4,4,0,0.0
route,LAS->IND,8,8,0,0.0
route,LAS->JAX,1,1,0,0.0
route,LAS->JFK,25,25,0,0.0
route,LAS->LAX,90,90,0,0.0
route,LAS->LBB,2,2,0,0.0
route,LAS->LGB,25,25,0,0.0
route,LAS->LIT,2,2,0,0.0
route,LAS->MAF,5,5,0,0.0
route,LAS->MCI,16,16,0,0.0
route,LAS->MCO,8,8,0,0.0
route,LAS->MDW,34,34,0,0.0
route,LAS->MEM,1,1,0,0.0
route,LAS->MFE,1,1,0,0.0
route,LAS->MIA,6,6,0,0.0
route,LAS->MKE,7,7,0,0.0
route,LAS->MOT,1,1,0,0.0
route,LAS->MSN,1,1,0,0.0
route,LAS->MSO,1,1,0,0.0
route,LAS->MSP,28,28,0,0.0
route,LAS->MSY,11,11,0,0.0
route,LAS->OAK,28,28,0,0.0
route,LAS->OKC,7,7,0,0.0
route,LAS->OMA,9,9,0,0.0
route,LAS->ONT,14,14,0,0.0
route,LAS->ORD,34,34,0,0.0
route,LAS->ORF,1,1,0,0.0
route,LAS->PAE,4,4,0,0.0
route,LAS->PDX,28,28,0,0.0
route,LAS->PHL,10,10,0,0.0
route,LAS->PHX,33,33,0,0.0
route,LAS->PIA,1,1,0,0.0
route,LAS->PIT,8,8,0,0.0
route,LAS->PSC,4,4,0,0.0
route,LAS->RDU,9,9,0,0.0
route,LAS->RFD,3,3,0,0.0
route,LAS->RNO,34,34,0,0.0
route,LAS->SAN,55,55,0,0.0
route,LAS->SAT,16,16,0,0.0
route,LAS->SBN,2,2,0,0.0
route,LAS->SCK,6,6,0,0.0
route,LAS->SDF,6,6,0,0.0
route,LAS->SEA,61,61,0,0.0
route,LAS->SFO,55,55,0,0.0
route,LAS->SJC,38,38,0,0.0
route,LAS->SLC,24,24,0,0.0
route,LAS->SMF,21,21,0,0.0
route,LAS->SMX,3,3,0,0.0
route,LAS->SNA,26,26,0,0.0
route,LAS->STL,16,16,0,0.0
route,LAS->TPA,21,21,0,0.0
route,LAS->TUL,5,5,0,0.0
route,LAS->TUS,13,13,0,0.0
route,LAS->TYS,2,2,0,0.0
route,LAW->DFW,2,2,0,0.0
route,LAX->ABQ,18,18,0,0.0
route,LAX->ACV,2,2,0,0.0
route,LAX->ANC,3,3,0,0.0
route,LAX->ATL,38,38,0,0.0
route,LAX->AUS,43,43,0,0.0
route,LAX->BLI,3,3,0,0.0
route,LAX->BNA,23,23,0,0.0
route,LAX->BOI,9,9,0,0.0
route,LAX->BOS,34,34,0,0.0
route,LAX->BUF,3,3,0,0.0
route,LAX->BWI,18,18,0,0.0
route,LAX->CLE,8,8,0,0.0
route,LAX->CLT,11,11,0,0.0
route,LAX->CMH,5,5,0,0.0
route,LAX->COS,6,6,0,0.0
route,LAX->CVG,8,8,0,0.0
route,LAX->DAL,22,22,0,0.0
route,LAX->DCA,9,9,0,0.0
route,LAX->DEN,61,61,0,0.0
route,LAX->DFW,54,54,0,0.0
route,LAX->DTW,23,23,0,0.0
route,LAX->ELP,10,10,0,0.0
route,LAX->EUG,2,2,0,0.0
route,LAX->EWR,47,47,0,0.0
route,LAX->FAT,13,13,0,0.0
route,LAX->FLL,20,20,0,0.0
route,LAX->GEG,1,1,0,0.0
route,LAX->HNL,49,49,0,0.0
route,LAX->HOU,23,23,0,0.0
route,LAX->IAD,28,28,0,0.0
route,LAX->IAH,36,36,0,0.0
route,LAX->IND,10,10,0,0.0
route,LAX->ITO,4,4,0,0.0
route,LAX->JFK,109,109,0,0.0
route,LAX->KOA,12,12,0,0.0
route,LAX->LAS,90,90,0,0.0
route,LAX->LIH,9,9,0,0.0
route,LAX->MCI,20,20,0,0.0
route,LAX->MCO,29,29,0,0.0
route,LAX->MDW,14,14,0,0.0
route,LAX->MEM,7,7,0,0.0
route,LAX->MFR,14,14,0,0.0
route,LAX->MIA,10,10,0,0.0
route,LAX->MKE,2,2,0,0.0
route,LAX->MMH,4,4,0,0.0
route,LAX->MRY,5,5,0,0.0
route,LAX->MSN,2,2,0,0.0
route,LAX->MSP,21,21,0,0.0
route,LAX->MSY,19,19,0,0.0
route,LAX->OAK,59,59,0,0.0
route,LAX->OGG,27,27,0,0.0
route,LAX->OKC,1,1,0,0.0
route,LAX->OMA,2,2,0,0.0
route,LAX->ORD,66,66,0,0.0
route,LAX->PAE,6,6,0,0.0
route,LAX->PDX,40,40,0,0.0
route,LAX->PHL,14,14,0,0.0
route,LAX->PHX,55,55,0,0.0
route,LAX->PIT,5,5,0,0.0
route,LAX->PRC,2,2,0,0.0
route,LAX->PSC,3,3,0,0.0
route,LAX->PSP,4,4,0,0.0
route,LAX->RDM,4,4,0,0.0
route,LAX->RDU,5,5,0,0.0
route,LAX->RNO,19,19,0,0.0
route,LAX->SAN,33,33,0,0.0
route,LAX->SAT,17,17,0,0.0
route,LAX->SBA,7,7,0,0.0
route,LAX->SBP,14,14,0,0.0
route,LAX->SDF,1,1,0,0.0
route,LAX->SEA,82,82,0,0.0
route,LAX->SFO,157,157,0,0.0
route,LAX->SGF,2,2,0,0.0
route,LAX->SJC,81,81,0,0.0
route,LAX->SLC,56,56,0,0.0
route,LAX->SMF,53,53,0,0.0
route,LAX->STL,11,11,0,0.0
route,LAX->STS,9,9,0,0.0
route,LAX->TPA,8,8,0,0.0
route,LAX->TUL,3,3,0,0.0
route,LAX->TUS,23,23,0,0.0
route,LAX->XNA,1,1,0,0.0
route,LBB->AUS,4,4,0,0.0
route,LBB->DAL,16,16,0,0.0
route,LBB->DEN,6,6,0,0.0
route,LBB->DFW,10,10,0,0.0
route,LBB->IAH,7,7,0,0.0
route,LBB->LAS,4,4,0,0.0
route,LBE->FLL,1,1,0,0.0
route,LBE->MCO,7,7,0,0.0
route,LBE->MYR,2,2,0,0.0
route,LBE->RSW,5,5,0,0.0
route,LBE->TPA,1,1,0,0.0
route,LBF->DEN,3,3,0,0.0
route,LBL->DEN,2,2,0,0.0
route,LBL->PUB,4,4,0,0.0
route,LCH->DFW,1,1,0,0.0
route,LCH->IAH,10,10,0,0.0
route,LCK->FLL,3,3,0,0.0
route,LCK->MSY,1,1,0,0.0
route,LCK->MYR,1,1,0,0.0
route,LCK->PGD,3,3,0,0.0
route,LCK->PIE,4,4,0,0.0
route,LCK->SAV,2,2,0,0.0
route,LCK->SFB,1,1,0,0.0
route,LEX->ATL,23,23,0,0.0
route,LEX->CLT,6,6,0,0.0
route,LEX->DCA,3,3,0,0.0
route,LEX->DFW,3,3,0,0.0
route,LEX->DTW,13,13,0,0.0
route,LEX->IAD,2,2,0,0.0
route,LEX->IAH,3,3,0,0.0
route,LEX->LGA,3,3,0,0.0
route,LEX->MSP,1,1,0,0.0
route,LEX->ORD,10,10,0,0.0
route,LEX->PHL,1,1,0,0.0
route,LEX->PIE,1,1,0,0.0
route,LEX->SFB,4,4,0,0.0
route,LFT->ATL,14,14,0,0.0
route,LFT->DEN,1,1,0,0.0
route,LFT->DFW,5,5,0,0.0
route,LFT->IAH,19,19,0,0.0
route,LFT->MCO,1,1,0,0.0
route,LGA->AGS,1,1,0,0.0
route,LGA->ATL,73,73,0,0.0
route,LGA->BGR,12,12,0,0.0
route,LGA->BHM,7,7,0,0.0
route,LGA->BNA,34,34,0,0.0
route,LGA->BOS,62,62,0,0.0
route,LGA->BTV,8,8,0,0.0
route,LGA->BUF,15,15,0,0.0
route,LGA->CAE,2,2,0,0.0
route,LGA->CHA,4,4,0,0.0
route,LGA->CHO,7,7,0,0.0
route,LGA->CHS,10,10,0,0.0
route,LGA->CLE,35,35,0,0.0
route,LGA->CLT,36,36,0,0.0
route,LGA->CMH,34,34,0,0.0
route,LGA->CVG,17,17,0,0.0
route,LGA->DAL,25,25,0,0.0
route,LGA->DAY,3,3,0,0.0
route,LGA->DCA,40,40,0,0.0
route,LGA->DEN,34,34,0,0.0
route,LGA->DFW,33,33,0,0.0
route,LGA->DSM,3,3,0,0.0
route,LGA->DTW,44,44,0,0.0
route,LGA->FLL,48,48,0,0.0
route,LGA->GRR,2,2,0,0.0
route,LGA->GSO,14,14,0,0.0
route,LGA->GSP,6,6,0,0.0
route,LGA->HOU,10,10,0,0.0
route,LGA->IAD,12,12,0,0.0
route,LGA->IAH,31,31,0,0.0
route,LGA->ILM,3,3,0,0.0
route,LGA->IND,15,15,0,0.0
route,LGA->JAX,13,13,0,0.0
route,LGA->LEX,1,1,0,0.0
route,LGA->MCI,18,18,0,0.0
route,LGA->MCO,27,27,0,0.0
route,LGA->MDW,14,14,0,0.0
route,LGA->MEM,3,3,0,0.0
route,LGA->MHT,7,7,0,0.0
route,LGA->MIA,30,30,0,0.0
route,LGA->MKE,27,27,0,0.0
route,LGA->MSN,8,8,0,0.0
route,LGA->MSP,31,31,0,0.0
route,LGA->MSY,11,11,0,0.0
route,LGA->MYR,6,6,0,0.0
route,LGA->OMA,3,3,0,0.0
route,LGA->ORD,111,111,0,0.0
route,LGA->ORF,14,14,0,0.0
route,LGA->PBI,20,20,0,0.0
route,LGA->PHL,4,4,0,0.0
route,LGA->PIT,27,27,0,0.0
route,LGA->PWM,13,13,0,0.0
route,LGA->RDU,34,34,0,0.0
route,LGA->RIC,19,19,0,0.0
route,LGA->ROA,2,2,0,0.0
route,LGA->ROC,17,17,0,0.0
route,LGA->RSW,7,7,0,0.0
route,LGA->SAV,10,10,0,0.0
route,LGA->SDF,15,15,0,0.0
route,LGA->SRQ,2,2,0,0.0
route,LGA->STL,29,29,0,0.0
route,LGA->SYR,9,9,0,0.0
route,LGA->TPA,19,19,0,0.0
route,LGA->TYS,8,8,0,0.0
route,LGA->XNA,4,4,0,0.0
route,LGB->AUS,2,2,0,0.0
route,LGB->BOS,6,6,0,0.0
route,LGB->BZN,1,1,0,0.0
route,LGB->FLL,3,3,0,0.0
route,LGB->HNL,1,1,0,0.0
route,LGB->JFK,12,12,0,0.0
route,LGB->LAS,29,29,0,0.0
route,LGB->OAK,25,25,0,0.0
route,LGB->PDX,7,7,0,0.0
route,LGB->PHX,7,7,0,0.0
route,LGB->RNO,4,4,0,0.0
route,LGB->SEA,9,9,0,0.0
route,LGB->SFO,13,13,0,0.0
route,LGB->SJC,12,12,0,0.0
route,LGB->SLC,29,29,0,0.0
route,LGB->SMF,14,14,0,0.0
route,LIH->DEN,2,2,0,0.0
route,LIH->HNL,56,56,0,0.0
route,LIH->KOA,2,2,0,0.0
route,LIH->LAX,17,17,0,0.0
route,LIH->OAK,1,1,0,0.0
route,LIH->OGG,9,9,0,0.0
route,LIH->PDX,3,3,0,0.0
route,LIH->PHX,2,2,0,0.0
route,LIH->SAN,3,3,0,0.0
route,LIH->SEA,6,6,0,0.0
route,LIH->SFO,7,7,0,0.0
route,LIH->SJC,3,3,0,0.0
route,LIT->ATL,17,17,0,0.0
route,LIT->CLT,2,2,0,0.0
route,LIT->DAL,5,5,0,0.0
route,LIT->DEN,13,13,0,0.0
route,LIT->DFW,12,12,0,0.0
route,LIT->DTW,2,2,0,0.0
route,LIT->IAH,16,16,0,0.0
route,LIT->LAS,1,1,0,0.0
route,LIT->ORD,8,8,0,0.0
route,LIT->PHX,3,3,0,0.0
route,LIT->STL,3,3,0,0.0
route,LNK->ATL,2,2,0,0.0
route,LNK->DEN,8,8,0,0.0
route,LNK->MSP,5,5,0,0.0
route,LNK->ORD,14,14,0,0.0
route,LNY->HNL,12,12,0,0.0
route,LRD->DFW,3,3,0,0.0
route,LRD->IAH,13,13,0,0.0
route,LRD->LAS,2,2,0,0.0
route,LSE->DTW,3,3,0,0.0
route,LSE->MSP,7,7,0,0.0
route,LSE->ORD,2,2,0,0.0
route,LWB->ORD,5,5,0,0.0
route,LWS->SEA,3,3,0,0.0
route,LWS->SLC,6,6,0,0.0
route,LYH->CLT,10,10,0,0.0
route,MAF->DAL,14,14,0,0.0
route,MAF->DEN,9,9,0,0.0
route,MAF->DFW,11,11,0,0.0
route,MAF->HOU,10,10,0,0.0
route,MAF->IAH,19,19,0,0.0
route,MAF->LAS,4,4,0,0.0
route,MAF->PHX,1,1,0,0.0
route,MBS->DTW,15,15,0,0.0
route,MBS->MSP,2,2,0,0.0
route,MBS->ORD,11,11,0,0.0
route,MCI->ABQ,3,3,0,0.0
route,MCI->ATL,31,31,0,0.0
route,MCI->AUS,4,4,0,0.0
route,MCI->BNA,9,9,0,0.0
route,MCI->BOS,6,6,0,0.0
route,MCI->BWI,9,9,0,0.0
route,MCI->CLT,2,2,0,0.0
route,MCI->CVG,9,9,0,0.0
route,MCI->DAL,23,23,0,0.0
route,MCI->DCA,6,6,0,0.0
route,MCI->DEN,26,26,0,0.0
route,MCI->DFW,11,11,0,0.0
route,MCI->DTW,19,19,0,0.0
route,MCI->EWR,11,11,0,0.0
route,MCI->FLL,1,1,0,0.0
route,MCI->HOU,12,12,0,0.0
route,MCI->IAD,4,4,0,0.0
route,MCI->IAH,20,20,0,0.0
route,MCI->IND,7,7,0,0.0
route,MCI->LAS,15,15,0,0.0
route,MCI->LAX,14,14,0,0.0
route,MCI->LGA,16,16,0,0.0
route,MCI->MCO,11,11,0,0.0
route,MCI->MDW,20,20,0,0.0
route,MCI->MIA,4,4,0,0.0
route,MCI->MKE,4,4,0,0.0
route,MCI->MSP,20,20,0,0.0
route,MCI->MSY,3,3,0,0.0
route,MCI->OAK,1,1,0,0.0
route,MCI->ORD,20,20,0,0.0
route,MCI->PDX,1,1,0,0.0
route,MCI->PGD,1,1,0,0.0
route,MCI->PHL,3,3,0,0.0
route,MCI->PHX,13,13,0,0.0
route,MCI->RDU,2,2,0,0.0
route,MCI->SAN,9,9,0,0.0
route,MCI->SAT,1,1,0,0.0
route,MCI->SEA,12,12,0,0.0
route,MCI->SFB,2,2,0,0.0
route,MCI->SFO,8,8,0,0.0
route,MCI->SLC,9,9,0,0.0
route,MCI->STL,8,8,0,0.0
route,MCI->TPA,4,4,0,0.0
route,MCO->ABQ,2,2,0,0.0
route,MCO->ACY,6,6,0,0.0
route,MCO->ALB,8,8,0,0.0
route,MCO->ATL,89,89,0,0.0
route,MCO->AUS,13,13,0,0.0
route,MCO->BDL,23,23,0,0.0
route,MCO->BHM,5,5,0,0.0
route,MCO->BMI,1,1,0,0.0
route,MCO->BNA,28,28,0,0.0
route,MCO->BOS,38,38,0,0.0
route,MCO->BQN,5,5,0,0.0
route,MCO->BUF,18,18,0,0.0
route,MCO->BWI,39,39,0,0.0
route,MCO->CAK,4,4,0,0.0
route,MCO->CLE,10,10,0,0.0
route,MCO->CLT,15,15,0,0.0
route,MCO->CMH,11,11,0,0.0
route,MCO->COS,6,6,0,0.0
route,MCO->CVG,5,5,0,0.0
route,MCO->DAL,9,9,0,0.0
route,MCO->DCA,25,25,0,0.0
route,MCO->DEN,33,33,0,0.0
route,MCO->DFW,25,25,0,0.0
route,MCO->DSM,1,1,0,0.0
route,MCO->DTW,28,28,0,0.0
route,MCO->EWR,59,59,0,0.0
route,MCO->FLL,22,22,0,0.0
route,MCO->GRR,2,2,0,0.0
route,MCO->HOU,10,10,0,0.0
route,MCO->HPN,6,6,0,0.0
route,MCO->IAD,21,21,0,0.0
route,MCO->IAH,28,28,0,0.0
route,MCO->IND,9,9,0,0.0
route,MCO->ISP,20,20,0,0.0
route,MCO->JFK,51,51,0,0.0
route,MCO->LAS,7,7,0,0.0
route,MCO->LAX,27,27,0,0.0
route,MCO->LBE,1,1,0,0.0
route,MCO->LGA,37,37,0,0.0
route,MCO->MCI,17,17,0,0.0
route,MCO->MDT,1,1,0,0.0
route,MCO->MDW,24,24,0,0.0
route,MCO->MEM,8,8,0,0.0
route,MCO->MHT,12,12,0,0.0
route,MCO->MIA,7,7,0,0.0
route,MCO->MKE,11,11,0,0.0
route,MCO->MSP,16,16,0,0.0
route,MCO->MSY,18,18,0,0.0
route,MCO->MYR,1,1,0,0.0
route,MCO->OAK,2,2,0,0.0
route,MCO->OKC,4,4,0,0.0
route,MCO->OMA,2,2,0,0.0
route,MCO->ORD,31,31,0,0.0
route,MCO->ORF,5,5,0,0.0
route,MCO->ORH,4,4,0,0.0
route,MCO->PDX,5,5,0,0.0
route,MCO->PHL,40,40,0,0.0
route,MCO->PHX,12,12,0,0.0
route,MCO->PIT,19,19,0,0.0
route,MCO->PSE,5,5,0,0.0
route,MCO->PSM,1,1,0,0.0
route,MCO->PVD,26,26,0,0.0
route,MCO->PWM,3,3,0,0.0
route,MCO->RDU,27,27,0,0.0
route,MCO->RIC,14,14,0,0.0
route,MCO->ROC,3,3,0,0.0
route,MCO->SAN,5,5,0,0.0
route,MCO->SAT,3,3,0,0.0
route,MCO->SDF,3,3,0,0.0
route,MCO->SEA,10,10,0,0.0
route,MCO->SFO,5,5,0,0.0
route,MCO->SJU,41,41,0,0.0
route,MCO->SLC,17,17,0,0.0
route,MCO->SMF,3,3,0,0.0
route,MCO->STL,21,21,0,0.0
route,MCO->STT,1,1,0,0.0
route,MCO->SWF,6,6,0,0.0
route,MCO->SYR,2,2,0,0.0
route,MCO->TTN,4,4,0,0.0
route,MCO->TUL,1,1,0,0.0
route,MCO->TYS,1,1,0,0.0
route,MDT->ATL,11,11,0,0.0
route,MDT->BOS,1,1,0,0.0
route,MDT->CLT,8,8,0,0.0
route,MDT->DTW,18,18,0,0.0
route,MDT->IAD,12,12,0,0.0
route,MDT->MYR,1,1,0,0.0
route,MDT->ORD,14,14,0,0.0
route,MDT->PGD,2,2,0,0.0
route,MDT->PHL,7,7,0,0.0
route,MDT->PIE,1,1,0,0.0
route,MDT->SFB,4,4,0,0.0
route,MDW->ABQ,3,3,0,0.0
route,MDW->ALB,8,8,0,0.0
route,MDW->ATL,39,39,0,0.0
route,MDW->AUS,15,15,0,0.0
route,MDW->BDL,8,8,0,0.0
route,MDW->BHM,8,8,0,0.0
route,MDW->BNA,13,13,0,0.0
route,MDW->BOS,10,10,0,0.0
route,MDW->BUF,5,5,0,0.0
route,MDW->BUR,2,2,0,0.0
route,MDW->BWI,16,16,0,0.0
route,MDW->CHS,10,10,0,0.0
route,MDW->CLE,11,11,0,0.0
route,MDW->CLT,6,6,0,0.0
route,MDW->CMH,13,13,0,0.0
route,MDW->CVG,14,14,0,0.0
route,MDW->DAL,18,18,0,0.0
route,MDW->DCA,16,16,0,0.0
route,MDW->DEN,26,26,0,0.0
route,MDW->DTW,34,34,0,0.0
route,MDW->EWR,22,22,0,0.0
route,MDW->FLL,13,13,0,0.0
route,MDW->FNT,5,5,0,0.0
route,MDW->GRR,7,7,0,0.0
route,MDW->HOU,16,16,0,0.0
route,MDW->IND,4,4,0,0.0
route,MDW->JAX,4,4,0,0.0
route,MDW->LAS,42,42,0,0.0
route,MDW->LAX,16,16,0,0.0
route,MDW->LGA,19,19,0,0.0
route,MDW->MCI,16,16,0,0.0
route,MDW->MCO,17,17,0,0.0
route,MDW->MEM,10,10,0,0.0
route,MDW->MHT,12,12,0,0.0
route,MDW->MSP,31,31,0,0.0
route,MDW->MSY,13,13,0,0.0
route,MDW->OAK,8,8,0,0.0
route,MDW->OKC,3,3,0,0.0
route,MDW->OMA,23,23,0,0.0
route,MDW->ONT,4,4,0,0.0
route,MDW->ORF,8,8,0,0.0
route,MDW->PDX,3,3,0,0.0
route,MDW->PHL,14,14,0,0.0
route,MDW->PHX,33,33,0,0.0
route,MDW->PIT,13,13,0,0.0
route,MDW->PNS,1,1,0,0.0
route,MDW->PVD,6,6,0,0.0
route,MDW->RDU,11,11,0,0.0
route,MDW->RNO,7,7,0,0.0
route,MDW->RSW,14,14,0,0.0
route,MDW->SAN,10,10,0,0.0
route,MDW->SAT,6,6,0,0.0
route,MDW->SDF,8,8,0,0.0
route,MDW->SEA,11,11,0,0.0
route,MDW->SFO,7,7,0,0.0
route,MDW->SJC,3,3,0,0.0
route,MDW->SJU,1,1,0,0.0
route,MDW->SLC,9,9,0,0.0
route,MDW->SMF,4,4,0,0.0
route,MDW->STL,23,23,0,0.0
route,MDW->TPA,14,14,0,0.0
route,MDW->TUS,5,5,0,0.0
route,MEI->ORD,3,3,0,0.0
route,MEI->PIB,1,1,0,0.0
route,MEM->ATL,24,24,0,0.0
route,MEM->AUS,1,1,0,0.0
route,MEM->BWI,4,4,0,0.0
route,MEM->CLT,8,8,0,0.0
route,MEM->DAL,6,6,0,0.0
route,MEM->DCA,7,7,0,0.0
route,MEM->DEN,9,9,0,0.0
route,MEM->DFW,6,6,0,0.0
route,MEM->DTW,5,5,0,0.0
route,MEM->EWR,10,10,0,0.0
route,MEM->FLL,1,1,0,0.0
route,MEM->HOU,9,9,0,0.0
route,MEM->IAH,7,7,0,0.0
route,MEM->LAS,3,3,0,0.0
route,MEM->LAX,1,1,0,0.0
route,MEM->LGA,8,8,0,0.0
route,MEM->MCO,6,6,0,0.0
route,MEM->MDW,10,10,0,0.0
route,MEM->MIA,3,3,0,0.0
route,MEM->MSP,6,6,0,0.0
route,MEM->ORD,17,17,0,0.0
route,MEM->PHL,1,1,0,0.0
route,MEM->PHX,1,1,0,0.0
route,MEM->PIE,1,1,0,0.0
route,MEM->SFB,1,1,0,0.0
route,MEM->TPA,2,2,0,0.0
route,MFE->DFW,7,7,0,0.0
route,MFE->IAH,14,14,0,0.0
route,MFE->LAS,3,3,0,0.0
route,MFR->DEN,9,9,0,0.0
route,MFR->LAS,2,2,0,0.0
route,MFR->LAX,5,5,0,0.0
route,MFR->PDX,10,10,0,0.0
route,MFR->PHX,3,3,0,0.0
route,MFR->SEA,18,18,0,0.0
route,MFR->SFO,10,10,0,0.0
route,MFR->SLC,9,9,0,0.0
route,MGM->ATL,18,18,0,0.0
route,MGM->CLT,4,4,0,0.0
route,MGM->DCA,1,1,0,0.0
route,MGM->DFW,2,2,0,0.0
route,MHK->DFW,2,2,0,0.0
route,MHK->ORD,2,2,0,0.0
route,MHT->ATL,4,4,0,0.0
route,MHT->BWI,14,14,0,0.0
route,MHT->CLT,2,2,0,0.0
route,MHT->DCA,3,3,0,0.0
route,MHT->DTW,6,6,0,0.0
route,MHT->EWR,5,5,0,0.0
route,MHT->IAD,5,5,0,0.0
route,MHT->LGA,10,10,0,0.0
route,MHT->MCO,10,10,0,0.0
route,MHT->MDW,13,13,0,0.0
route,MHT->ORD,4,4,0,0.0
route,MHT->PHL,2,2,0,0.0
route,MHT->TPA,7,7,0,0.0
route,MIA->AGS,1,1,0,0.0
route,MIA->ATL,39,39,0,0.0
route,MIA->AUS,6,6,0,0.0
route,MIA->BDL,1,1,0,0.0
route,MIA->BNA,4,4,0,0.0
route,MIA->BOS,9,9,0,0.0
route,MIA->BWI,3,3,0,0.0
route,MIA->CHS,3,3,0,0.0
route,MIA->CLE,3,3,0,0.0
route,MIA->CLT,14,14,0,0.0
route,MIA->CMH,3,3,0,0.0
route,MIA->CVG,2,2,0,0.0
route,MIA->DCA,13,13,0,0.0
route,MIA->DEN,9,9,0,0.0
route,MIA->DFW,17,17,0,0.0
route,MIA->DTW,12,12,0,0.0
route,MIA->EWR,21,21,0,0.0
route,MIA->EYW,8,8,0,0.0
route,MIA->GNV,2,2,0,0.0
route,MIA->GSO,1,1,0,0.0
route,MIA->GSP,5,5,0,0.0
route,MIA->IAD,1,1,0,0.0
route,MIA->IAH,14,14,0,0.0
route,MIA->IND,4,4,0,0.0
route,MIA->ISP,2,2,0,0.0
route,MIA->JAX,4,4,0,0.0
route,MIA->JFK,19,19,0,0.0
route,MIA->LAS,9,9,0,0.0
route,MIA->LAX,4,4,0,0.0
route,MIA->LGA,34,34,0,0.0
route,MIA->MCI,3,3,0,0.0
route,MIA->MCO,10,10,0,0.0
route,MIA->MEM,7,7,0,0.0
route,MIA->MKE,1,1,0,0.0
route,MIA->MSP,8,8,0,0.0
route,MIA->MSY,4,4,0,0.0
route,MIA->ORD,21,21,0,0.0
route,MIA->ORF,2,2,0,0.0
route,MIA->PHL,9,9,0,0.0
route,MIA->PHX,7,7,0,0.0
route,MIA->PNS,2,2,0,0.0
route,MIA->RDU,3,3,0,0.0
route,MIA->RIC,3,3,0,0.0
route,MIA->SAN,3,3,0,0.0
route,MIA->SAT,3,3,0,0.0
route,MIA->SAV,3,3,0,0.0
route,MIA->SDF,4,4,0,0.0
route,MIA->SEA,1,1,0,0.0
route,MIA->SFO,4,4,0,0.0
route,MIA->SJU,9,9,0,0.0
route,MIA->STL,1,1,0,0.0
route,MIA->STT,1,1,0,0.0
route,MIA->STX,2,2,0,0.0
route,MIA->TLH,2,2,0,0.0
route,MIA->TPA,5,5,0,0.0
route,MIA->TYS,4,4,0,0.0
route,MKE->ATL,33,33,0,0.0
route,MKE->AUS,1,1,0,0.0
route,MKE->BNA,7,7,0,0.0
route,MKE->BOS,9,9,0,0.0
route,MKE->BWI,7,7,0,0.0
route,MKE->CLE,11,11,0,0.0
route,MKE->CLT,9,9,0,0.0
route,MKE->CVG,1,1,0,0.0
route,MKE->DAL,3,3,0,0.0
route,MKE->DCA,4,4,0,0.0
route,MKE->DEN,22,22,0,0.0
route,MKE->DFW,6,6,0,0.0
route,MKE->DTW,10,10,0,0.0
route,MKE->EWR,7,7,0,0.0
route,MKE->FLL,4,4,0,0.0
route,MKE->HOU,4,4,0,0.0
route,MKE->IAH,4,4,0,0.0
route,MKE->LAS,3,3,0,0.0
route,MKE->LAX,1,1,0,0.0
route,MKE->LGA,19,19,0,0.0
route,MKE->MCI,6,6,0,0.0
route,MKE->MCO,19,19,0,0.0
route,MKE->MSP,16,16,0,0.0
route,MKE->ORD,29,29,0,0.0
route,MKE->PGD,1,1,0,0.0
route,MKE->PHL,9,9,0,0.0
route,MKE->PHX,12,12,0,0.0
route,MKE->RDU,1,1,0,0.0
route,MKE->RSW,4,4,0,0.0
route,MKE->SEA,8,8,0,0.0
route,MKE->SFB,2,2,0,0.0
route,MKE->SLC,3,3,0,0.0
route,MKE->STL,2,2,0,0.0
route,MKE->TPA,8,8,0,0.0
route,MKG->ORD,4,4,0,0.0
route,MKK->HNL,7,7,0,0.0
route,MLB->ATL,13,13,0,0.0
route,MLB->CLT,2,2,0,0.0
route,MLI->ATL,7,7,0,0.0
route,MLI->AZA,1,1,0,0.0
route,MLI->DEN,6,6,0,0.0
route,MLI->DFW,4,4,0,0.0
route,MLI->DTW,7,7,0,0.0
route,MLI->MSP,4,4,0,0.0
route,MLI->ORD,15,15,0,0.0
route,MLI->PGD,1,1,0,0.0
route,MLI->PIE,2,2,0,0.0
route,MLU->ATL,10,10,0,0.0
route,MLU->DFW,4,4,0,0.0
route,MLU->IAH,4,4,0,0.0
route,MMH->LAX,3,3,0,0.0
route,MMH->SFO,1,1,0,0.0
route,MOB->ATL,16,16,0,0.0
route,MOB->CLT,4,4,0,0.0
route,MOB->DFW,2,2,0,0.0
route,MOB->IAH,12,12,0,0.0
route,MOB->ORD,2,2,0,0.0
route,MOT->AZA,2,2,0,0.0
route,MOT->DEN,5,5,0,0.0
route,MOT->LAS,2,2,0,0.0
route,MOT->MSP,22,22,0,0.0
route,MQT->DTW,9,9,0,0.0
route,MQT->MSP,1,1,0,0.0
route,MRY->DFW,2,2,0,0.0
route,MRY->LAS,2,2,0,0.0
route,MRY->LAX,17,17,0,0.0
route,MRY->PHX,6,6,0,0.0
route,MRY->SAN,4,4,0,0.0
route,MRY->SFO,4,4,0,0.0
route,MSN->ATL,11,11,0,0.0
route,MSN->DCA,3,3,0,0.0
route,MSN->DEN,9,9,0,0.0
route,MSN->DFW,5,5,0,0.0
route,MSN->DTW,18,18,0,0.0
route,MSN->EWR,4,4,0,0.0
route,MSN->LAS,1,1,0,0.0
route,MSN->LAX,4,4,0,0.0
route,MSN->LGA,1,1,0,0.0
route,MSN->MCO,1,1,0,0.0
route,MSN->MSP,15,15,0,0.0
route,MSN->ORD,33,33,0,0.0
route,MSN->PHL,4,4,0,0.0
route,MSN->PHX,1,1,0,0.0
route,MSN->SFO,2,2,0,0.0
route,MSN->SLC,5,5,0,0.0
route,MSO->DEN,11,11,0,0.0
route,MSO->DFW,2,2,0,0.0
route,MSO->LAS,2,2,0,0.0
route,MSO->MSP,3,3,0,0.0
route,MSO->PDX,1,1,0,0.0
route,MSO->SEA,9,9,0,0.0
route,MSO->SLC,8,8,0,0.0
route,MSP->ABR,3,3,0,0.0
route,MSP->ALB,3,3,0,0.0
route,MSP->ANC,6,6,0,0.0
route,MSP->ATL,38,38,0,0.0
route,MSP->ATW,13,13,0,0.0
route,MSP->AUS,5,5,0,0.0
route,MSP->AZO,11,11,0,0.0
route,MSP->BDL,8,8,0,0.0
route,MSP->BIL,8,8,0,0.0
route,MSP->BIS,25,25,0,0.0
route,MSP->BJI,9,9,0,0.0
route,MSP->BMI,3,3,0,0.0
route,MSP->BNA,15,15,0,0.0
route,MSP->BOI,5,5,0,0.0
route,MSP->BOS,30,30,0,0.0
route,MSP->BRD,5,5,0,0.0
route,MSP->BUF,2,2,0,0.0
route,MSP->BWI,15,15,0,0.0
route,MSP->BZN,9,9,0,0.0
route,MSP->CID,12,12,0,0.0
route,MSP->CIU,4,4,0,0.0
route,MSP->CLE,13,13,0,0.0
route,MSP->CLT,17,17,0,0.0
route,MSP->CMH,17,17,0,0.0
route,MSP->COS,1,1,0,0.0
route,MSP->CVG,14,14,0,0.0
route,MSP->CWA,11,11,0,0.0
route,MSP->DAL,2,2,0,0.0
route,MSP->DAY,8,8,0,0.0
route,MSP->DCA,16,16,0,0.0
route,MSP->DEN,36,36,0,0.0
route,MSP->DFW,27,27,0,0.0
route,MSP->DLH,18,18,0,0.0
route,MSP->DSM,15,15,0,0.0
route,MSP->DTW,31,31,0,0.0
route,MSP->EWR,27,27,0,0.0
route,MSP->FAR,23,23,0,0.0
route,MSP->FCA,2,2,0,0.0
route,MSP->FLL,2,2,0,0.0
route,MSP->FNT,5,5,0,0.0
route,MSP->FSD,18,18,0,0.0
route,MSP->FWA,3,3,0,0.0
route,MSP->GEG,3,3,0,0.0
route,MSP->GFK,15,15,0,0.0
route,MSP->GRB,19,19,0,0.0
route,MSP->GRR,13,13,0,0.0
route,MSP->GTF,3,3,0,0.0
route,MSP->HIB,7,7,0,0.0
route,MSP->HNL,2,2,0,0.0
route,MSP->IAD,20,20,0,0.0
route,MSP->IAH,24,24,0,0.0
route,MSP->ICT,5,5,0,0.0
route,MSP->IMT,1,1,0,0.0
route,MSP->IND,14,14,0,0.0
route,MSP->INL,5,5,0,0.0
route,MSP->ISN,2,2,0,0.0
route,MSP->JAX,1,1,0,0.0
route,MSP->JFK,6,6,0,0.0
route,MSP->LAN,4,4,0,0.0
route,MSP->LAS,27,27,0,0.0
route,MSP->LAX,24,24,0,0.0
route,MSP->LEX,2,2,0,0.0
route,MSP->LGA,27,27,0,0.0
route,MSP->LNK,6,6,0,0.0
route,MSP->LSE,11,11,0,0.0
route,MSP->MBS,2,2,0,0.0
route,MSP->MCI,20,20,0,0.0
route,MSP->MCO,18,18,0,0.0
route,MSP->MDW,54,54,0,0.0
route,MSP->MEM,4,4,0,0.0
route,MSP->MIA,7,7,0,0.0
route,MSP->MKE,14,14,0,0.0
route,MSP->MLI,1,1,0,0.0
route,MSP->MOT,17,17,0,0.0
route,MSP->MQT,3,3,0,0.0
route,MSP->MSN,14,14,0,0.0
route,MSP->MSO,1,1,0,0.0
route,MSP->MSY,5,5,0,0.0
route,MSP->OAK,2,2,0,0.0
route,MSP->OKC,8,8,0,0.0
route,MSP->OMA,21,21,0,0.0
route,MSP->ORD,56,56,0,0.0
route,MSP->ORF,1,1,0,0.0
route,MSP->PDX,21,21,0,0.0
route,MSP->PHL,11,11,0,0.0
route,MSP->PHX,34,34,0,0.0
route,MSP->PIA,3,3,0,0.0
route,MSP->PIT,9,9,0,0.0
route,MSP->PSP,3,3,0,0.0
route,MSP->RAP,6,6,0,0.0
route,MSP->RDU,11,11,0,0.0
route,MSP->RHI,4,4,0,0.0
route,MSP->RIC,7,7,0,0.0
route,MSP->ROC,5,5,0,0.0
route,MSP->RST,6,6,0,0.0
route,MSP->RSW,9,9,0,0.0
route,MSP->SAN,10,10,0,0.0
route,MSP->SAT,6,6,0,0.0
route,MSP->SAV,3,3,0,0.0
route,MSP->SBN,8,8,0,0.0
route,MSP->SDF,12,12,0,0.0
route,MSP->SEA,33,33,0,0.0
route,MSP->SFO,21,21,0,0.0
route,MSP->SJC,5,5,0,0.0
route,MSP->SLC,23,23,0,0.0
route,MSP->SMF,2,2,0,0.0
route,MSP->SNA,8,8,0,0.0
route,MSP->STL,24,24,0,0.0
route,MSP->SYR,1,1,0,0.0
route,MSP->TPA,8,8,0,0.0
route,MSP->TTN,1,1,0,0.0
route,MSP->TUL,4,4,0,0.0
route,MSP->TUS,2,2,0,0.0
route,MSP->TYS,2,2,0,0.0
route,MSP->XNA,5,5,0,0.0
route,MSY->ATL,43,43,0,0.0
route,MSY->AUS,8,8,0,0.0
route,MSY->BNA,19,19,0,0.0
route,MSY->BOS,14,14,0,0.0
route,MSY->BWI,11,11,0,0.0
route,MSY->CLE,4,4,0,0.0
route,MSY->CLT,9,9,0,0.0
route,MSY->CMH,1,1,0,0.0
route,MSY->CVG,1,1,0,0.0
route,MSY->DAL,25,25,0,0.0
route,MSY->DCA,10,10,0,0.0
route,MSY->DEN,23,23,0,0.0
route,MSY->DFW,9,9,0,0.0
route,MSY->DTW,8,8,0,0.0
route,MSY->EWR,24,24,0,0.0
route,MSY->FLL,15,15,0,0.0
route,MSY->HOU,28,28,0,0.0
route,MSY->IAD,11,11,0,0.0
route,MSY->IAH,37,37,0,0.0
route,MSY->JFK,20,20,0,0.0
route,MSY->LAS,9,9,0,0.0
route,MSY->LAX,19,19,0,0.0
route,MSY->LGA,13,13,0,0.0
route,MSY->MCI,2,2,0,0.0
route,MSY->MCO,23,23,0,0.0
route,MSY->MDW,13,13,0,0.0
route,MSY->MIA,4,4,0,0.0
route,MSY->MSP,8,8,0,0.0
route,MSY->OAK,5,5,0,0.0
route,MSY->ORD,15,15,0,0.0
route,MSY->PHL,7,7,0,0.0
route,MSY->PHX,5,5,0,0.0
route,MSY->PIT,2,2,0,0.0
route,MSY->RDU,3,3,0,0.0
route,MSY->SAN,3,3,0,0.0
route,MSY->SAT,7,7,0,0.0
route,MSY->SEA,2,2,0,0.0
route,MSY->SFO,8,8,0,0.0
route,MSY->SLC,3,3,0,0.0
route,MSY->SMF,1,1,0,0.0
route,MSY->STL,10,10,0,0.0
route,MSY->TPA,10,10,0,0.0
route,MSY->USA,1,1,0,0.0
route,MTJ->DEN,11,11,0,0.0
route,MTJ->DFW,3,3,0,0.0
route,MTJ->EWR,1,1,0,0.0
route,MTJ->ORD,1,1,0,0.0
route,MYR->ABE,1,1,0,0.0
route,MYR->ACY,1,1,0,0.0
route,MYR->ATL,17,17,0,0.0
route,MYR->BDL,3,3,0,0.0
route,MYR->BWI,6,6,0,0.0
route,MYR->CLE,3,3,0,0.0
route,MYR->CLT,12,12,0,0.0
route,MYR->CMH,5,5,0,0.0
route,MYR->DCA,1,1,0,0.0
route,MYR->DTW,6,6,0,0.0
route,MYR->EWR,8,8,0,0.0
route,MYR->FLL,2,2,0,0.0
route,MYR->IAG,1,1,0,0.0
route,MYR->ISP,1,1,0,0.0
route,MYR->LBE,2,2,0,0.0
route,MYR->LGA,8,8,0,0.0
route,MYR->MCO,1,1,0,0.0
route,MYR->MDT,1,1,0,0.0
route,MYR->MSP,1,1,0,0.0
route,MYR->ORD,5,5,0,0.0
route,MYR->PHL,5,5,0,0.0
route,MYR->PIT,3,3,0,0.0
route,MYR->TTN,1,1,0,0.0
route,OAJ->ATL,17,17,0,0.0
route,OAJ->CLT,9,9,0,0.0
route,OAK->ABQ,8,8,0,0.0
route,OAK->ATL,6,6,0,0.0
route,OAK->AUS,5,5,0,0.0
route,OAK->AZA,3,3,0,0.0
route,OAK->BLI,2,2,0,0.0
route,OAK->BNA,2,2,0,0.0
route,OAK->BOI,7,7,0,0.0
route,OAK->BUR,38,38,0,0.0
route,OAK->BWI,2,2,0,0.0
route,OAK->CMH,1,1,0,0.0
route,OAK->DAL,7,7,0,0.0
route,OAK->DEN,7,7,0,0.0
route,OAK->DFW,3,3,0,0.0
route,OAK->DTW,1,1,0,0.0
route,OAK->EUG,2,2,0,0.0
route,OAK->EWR,2,2,0,0.0
route,OAK->GEG,8,8,0,0.0
route,OAK->HNL,15,15,0,0.0
route,OAK->HOU,3,3,0,0.0
route,OAK->JFK,3,3,0,0.0
route,OAK->KOA,4,4,0,0.0
route,OAK->LAS,36,36,0,0.0
route,OAK->LAX,53,53,0,0.0
route,OAK->LGB,18,18,0,0.0
route,OAK->LIH,2,2,0,0.0
route,OAK->MCI,1,1,0,0.0
route,OAK->MCO,3,3,0,0.0
route,OAK->MDW,7,7,0,0.0
route,OAK->MSY,3,3,0,0.0
route,OAK->OGG,4,4,0,0.0
route,OAK->ONT,18,18,0,0.0
route,OAK->ORD,1,1,0,0.0
route,OAK->PDX,26,26,0,0.0
route,OAK->PHX,25,25,0,0.0
route,OAK->RNO,8,8,0,0.0
route,OAK->SAN,49,49,0,0.0
route,OAK->SEA,21,21,0,0.0
route,OAK->SLC,29,29,0,0.0
route,OAK->SNA,18,18,0,0.0
route,OGG->DEN,1,1,0,0.0
route,OGG->DFW,4,4,0,0.0
route,OGG->HNL,80,80,0,0.0
route,OGG->ITO,11,11,0,0.0
route,OGG->KOA,9,9,0,0.0
route,OGG->LAX,18,18,0,0.0
route,OGG->LIH,12,12,0,0.0
route,OGG->OAK,7,7,0,0.0
route,OGG->ORD,1,1,0,0.0
route,OGG->PDX,11,11,0,0.0
route,OGG->SAN,2,2,0,0.0
route,OGG->SEA,18,18,0,0.0
route,OGG->SFO,8,8,0,0.0
route,OGG->SJC,6,6,0,0.0
route,OGG->SMF,3,3,0,0.0
route,OGS->PIE,1,1,0,0.0
route,OGS->SFB,1,1,0,0.0
route,OKC->ATL,17,17,0,0.0
route,OKC->BWI,6,6,0,0.0
route,OKC->CLT,6,6,0,0.0
route,OKC->DAL,12,12,0,0.0
route,OKC->DEN,32,32,0,0.0
route,OKC->DFW,8,8,0,0.0
route,OKC->DTW,1,1,0,0.0
route,OKC->EWR,2,2,0,0.0
route,OKC->HOU,15,15,0,0.0
route,OKC->IAD,3,3,0,0.0
route,OKC->IAH,26,26,0,0.0
route,OKC->LAS,7,7,0,0.0
route,OKC->LAX,5,5,0,0.0
route,OKC->MCO,3,3,0,0.0
route,OKC->MDW,3,3,0,0.0
route,OKC->MSP,4,4,0,0.0
route,OKC->ORD,8,8,0,0.0
route,OKC->PHL,3,3,0,0.0
route,OKC->PHX,7,7,0,0.0
route,OKC->SAN,1,1,0,0.0
route,OKC->SFO,2,2,0,0.0
route,OKC->SLC,9,9,0,0.0
route,OKC->STL,8,8,0,0.0
route,OMA->ATL,14,14,0,0.0
route,OMA->AUS,1,1,0,0.0
route,OMA->CLT,7,7,0,0.0
route,OMA->DAL,4,4,0,0.0
route,OMA->DCA,5,5,0,0.0
route,OMA->DEN,21,21,0,0.0
route,OMA->DFW,5,5,0,0.0
route,OMA->DTW,4,4,0,0.0
route,OMA->EWR,7,7,0,0.0
route,OMA->HOU,1,1,0,0.0
route,OMA->IAH,11,11,0,0.0
route,OMA->LAS,12,12,0,0.0
route,OMA->LAX,4,4,0,0.0
route,OMA->LGA,4,4,0,0.0
route,OMA->MDW,16,16,0,0.0
route,OMA->MSP,15,15,0,0.0
route,OMA->ORD,26,26,0,0.0
route,OMA->PGD,1,1,0,0.0
route,OMA->PHL,2,2,0,0.0
route,OMA->PHX,5,5,0,0.0
route,OMA->PIE,1,1,0,0.0
route,OMA->RSW,1,1,0,0.0
route,OMA->SAN,3,3,0,0.0
route,OMA->SEA,5,5,0,0.0
route,OMA->SFB,4,4,0,0.0
route,OMA->SFO,4,4,0,0.0
route,OMA->SLC,7,7,0,0.0
route,OMA->STL,11,11,0,0.0
route,OME->ANC,3,3,0,0.0
route,ONT->AUS,1,1,0,0.0
route,ONT->DAL,6,6,0,0.0
route,ONT->DEN,19,19,0,0.0
route,ONT->DFW,4,4,0,0.0
route,ONT->JFK,1,1,0,0.0
route,ONT->LAS,11,11,0,0.0
route,ONT->MDW,8,8,0,0.0
route,ONT->OAK,21,21,0,0.0
route,ONT->PDX,13,13,0,0.0
route,ONT->PHX,26,26,0,0.0
route,ONT->SEA,14,14,0,0.0
route,ONT->SFO,23,23,0,0.0
route,ONT->SJC,15,15,0,0.0
route,ONT->SLC,11,11,0,0.0
route,ONT->SMF,20,20,0,0.0
route,ORD->ABE,12,12,0,0.0
route,ORD->ABQ,11,11,0,0.0
route,ORD->ALB,15,15,0,0.0
route,ORD->ALO,1,1,0,0.0
route,ORD->ANC,1,1,0,0.0
route,ORD->ASE,3,3,0,0.0
route,ORD->ATL,65,65,0,0.0
route,ORD->ATW,15,15,0,0.0
route,ORD->AUS,24,24,0,0.0
route,ORD->AVL,6,6,0,0.0
route,ORD->AVP,8,8,0,0.0
route,ORD->AZO,10,10,0,0.0
route,ORD->BDL,18,18,0,0.0
route,ORD->BHM,11,11,0,0.0
route,ORD->BIS,7,7,0,0.0
route,ORD->BMI,2,2,0,0.0
route,ORD->BNA,25,25,0,0.0
route,ORD->BOI,3,3,0,0.0
route,ORD->BOS,51,51,0,0.0
route,ORD->BTV,9,9,0,0.0
route,ORD->BUF,25,25,0,0.0
route,ORD->BWI,22,22,0,0.0
route,ORD->BZN,9,9,0,0.0
route,ORD->CAE,7,7,0,0.0
route,ORD->CAK,13,13,0,0.0
route,ORD->CGI,3,3,0,0.0
route,ORD->CHA,8,8,0,0.0
route,ORD->CHO,8,8,0,0.0
route,ORD->CHS,8,8,0,0.0
route,ORD->CID,17,17,0,0.0
route,ORD->CKB,3,3,0,0.0
route,ORD->CLE,34,34,0,0.0
route,ORD->CLT,21,21,0,0.0
route,ORD->CMH,35,35,0,0.0
route,ORD->CMI,13,13,0,0.0
route,ORD->CMX,8,8,0,0.0
route,ORD->COS,12,12,0,0.0
route,ORD->COU,6,6,0,0.0
route,ORD->CRW,7,7,0,0.0
route,ORD->CVG,50,50,0,0.0
route,ORD->CWA,13,13,0,0.0
route,ORD->DAY,18,18,0,0.0
route,ORD->DBQ,5,5,0,0.0
route,ORD->DCA,48,48,0,0.0
route,ORD->DEN,50,50,0,0.0
route,ORD->DFW,44,44,0,0.0
route,ORD->DLH,12,12,0,0.0
route,ORD->DSM,21,21,0,0.0
route,ORD->DTW,46,46,0,0.0
route,ORD->EAU,4,4,0,0.0
route,ORD->ECP,1,1,0,0.0
route,ORD->ELP,8,8,0,0.0
route,ORD->ERI,8,8,0,0.0
route,ORD->EVV,8,8,0,0.0
route,ORD->EWR,35,35,0,0.0
route,ORD->EYW,2,2,0,0.0
route,ORD->FAR,11,11,0,0.0
route,ORD->FLL,22,22,0,0.0
route,ORD->FNT,4,4,0,0.0
route,ORD->FSD,16,16,0,0.0
route,ORD->FWA,15,15,0,0.0
route,ORD->GEG,2,2,0,0.0
route,ORD->GRB,12,12,0,0.0
route,ORD->GRR,21,21,0,0.0
route,ORD->GSO,14,14,0,0.0
route,ORD->GSP,14,14,0,0.0
route,ORD->HNL,3,3,0,0.0
route,ORD->HPN,7,7,0,0.0
route,ORD->HRL,2,2,0,0.0
route,ORD->HSV,6,6,0,0.0
route,ORD->IAD,13,13,0,0.0
route,ORD->IAH,34,34,0,0.0
route,ORD->ICT,11,11,0,0.0
route,ORD->ILM,6,6,0,0.0
route,ORD->IND,49,49,0,0.0
route,ORD->ISP,2,2,0,0.0
route,ORD->JAC,1,1,0,0.0
route,ORD->JAN,5,5,0,0.0
route,ORD->JAX,10,10,0,0.0
route,ORD->JFK,29,29,0,0.0
route,ORD->LAN,11,11,0,0.0
route,ORD->LAS,42,42,0,0.0
route,ORD->LAX,67,67,0,0.0
route,ORD->LEX,17,17,0,0.0
route,ORD->LGA,121,121,0,0.0
route,ORD->LIT,16,16,0,0.0
route,ORD->LNK,8,8,0,0.0
route,ORD->LSE,9,9,0,0.0
route,ORD->LWB,3,3,0,0.0
route,ORD->MBS,10,10,0,0.0
route,ORD->MCI,27,27,0,0.0
route,ORD->MCO,38,38,0,0.0
route,ORD->MDT,11,11,0,0.0
route,ORD->MEI,1,1,0,0.0
route,ORD->MEM,15,15,0,0.0
route,ORD->MHK,2,2,0,0.0
route,ORD->MHT,5,5,0,0.0
route,ORD->MIA,19,19,0,0.0
route,ORD->MKE,34,34,0,0.0
route,ORD->MKG,3,3,0,0.0
route,ORD->MLI,7,7,0,0.0
route,ORD->MOB,1,1,0,0.0
route,ORD->MQT,1,1,0,0.0
route,ORD->MSN,23,23,0,0.0
route,ORD->MSP,55,55,0,0.0
route,ORD->MSY,16,16,0,0.0
route,ORD->MYR,5,5,0,0.0
route,ORD->OKC,12,12,0,0.0
route,ORD->OMA,30,30,0,0.0
route,ORD->ORF,6,6,0,0.0
route,ORD->PAH,8,8,0,0.0
route,ORD->PBI,3,3,0,0.0
route,ORD->PDX,18,18,0,0.0
route,ORD->PHL,30,30,0,0.0
route,ORD->PHX,39,39,0,0.0
route,ORD->PIA,13,13,0,0.0
route,ORD->PIT,16,16,0,0.0
route,ORD->PNS,5,5,0,0.0
route,ORD->PSP,7,7,0,0.0
route,ORD->PVD,10,10,0,0.0
route,ORD->PWM,3,3,0,0.0
route,ORD->RAP,2,2,0,0.0
route,ORD->RDU,20,20,0,0.0
route,ORD->RIC,21,21,0,0.0
route,ORD->ROA,9,9,0,0.0
route,ORD->ROC,13,13,0,0.0
route,ORD->RST,10,10,0,0.0
route,ORD->RSW,22,22,0,0.0
route,ORD->SAN,18,18,0,0.0
route,ORD->SAT,17,17,0,0.0
route,ORD->SAV,14,14,0,0.0
route,ORD->SBN,18,18,0,0.0
route,ORD->SCE,7,7,0,0.0
route,ORD->SDF,17,17,0,0.0
route,ORD->SEA,54,54,0,0.0
route,ORD->SFO,32,32,0,0.0
route,ORD->SGF,12,12,0,0.0
route,ORD->SHD,2,2,0,0.0
route,ORD->SJC,11,11,0,0.0
route,ORD->SJU,6,6,0,0.0
route,ORD->SLC,14,14,0,0.0
route,ORD->SLN,4,4,0,0.0
route,ORD->SMF,6,6,0,0.0
route,ORD->SNA,11,11,0,0.0
route,ORD->SPI,6,6,0,0.0
route,ORD->SRQ,9,9,0,0.0
route,ORD->STL,27,27,0,0.0
route,ORD->SUX,2,2,0,0.0
route,ORD->SYR,13,13,0,0.0
route,ORD->TOL,1,1,0,0.0
route,ORD->TPA,22,22,0,0.0
route,ORD->TTN,1,1,0,0.0
route,ORD->TUL,13,13,0,0.0
route,ORD->TUS,6,6,0,0.0
route,ORD->TVC,12,12,0,0.0
route,ORD->TYS,10,10,0,0.0
route,ORD->UIN,7,7,0,0.0
route,ORD->XNA,17,17,0,0.0
route,ORF->ATL,21,21,0,0.0
route,ORF->BOS,3,3,0,0.0
route,ORF->BWI,11,11,0,0.0
route,ORF->CLT,8,8,0,0.0
route,ORF->DCA,3,3,0,0.0
route,ORF->DEN,5,5,0,0.0
route,ORF->DFW,6,6,0,0.0
route,ORF->DTW,10,10,0,0.0
route,ORF->EWR,12,12,0,0.0
route,ORF->FLL,1,1,0,0.0
route,ORF->IAD,16,16,0,0.0
route,ORF->IAH,9,9,0,0.0
route,ORF->JFK,10,10,0,0.0
route,ORF->LGA,19,19,0,0.0
route,ORF->MCO,7,7,0,0.0
route,ORF->MDW,6,6,0,0.0
route,ORF->MIA,3,3,0,0.0
route,ORF->ORD,14,14,0,0.0
route,ORF->PHL,14,14,0,0.0
route,ORF->PIE,2,2,0,0.0
route,ORF->SFB,2,2,0,0.0
route,ORH->FLL,4,4,0,0.0
route,ORH->JFK,2,2,0,0.0
route,ORH->MCO,4,4,0,0.0
route,ORH->PHL,2,2,0,0.0
route,OTH->SFO,4,4,0,0.0
route,OTZ->ANC,3,3,0,0.0
route,OTZ->OME,4,4,0,0.0
route,OWB->SFB,4,4,0,0.0
route,PAE->DEN,3,3,0,0.0
route,PAE->LAS,2,2,0,0.0
route,PAE->LAX,4,4,0,0.0
route,PAE->PDX,4,4,0,0.0
route,PAE->PHX,1,1,0,0.0
route,PAE->SAN,2,2,0,0.0
route,PAE->SFO,4,4,0,0.0
route,PAE->SJC,2,2,0,0.0
route,PAE->SNA,5,5,0,0.0
route,PAH->CGI,2,2,0,0.0
route,PAH->ORD,7,7,0,0.0
route,PBG->FLL,2,2,0,0.0
route,PBG->IAD,1,1,0,0.0
route,PBG->MYR,1,1,0,0.0
route,PBG->PGD,1,1,0,0.0
route,PBG->PIE,4,4,0,0.0
route,PBG->SFB,2,2,0,0.0
route,PBI->ATL,29,29,0,0.0
route,PBI->BDL,1,1,0,0.0
route,PBI->BOS,20,20,0,0.0
route,PBI->BWI,13,13,0,0.0
route,PBI->CLT,5,5,0,0.0
route,PBI->CMH,1,1,0,0.0
route,PBI->DCA,5,5,0,0.0
route,PBI->DFW,4,4,0,0.0
route,PBI->DTW,3,3,0,0.0
route,PBI->EWR,40,40,0,0.0
route,PBI->HPN,13,13,0,0.0
route,PBI->IAH,4,4,0,0.0
route,PBI->ISP,11,11,0,0.0
route,PBI->JFK,21,21,0,0.0
route,PBI->LGA,29,29,0,0.0
route,PBI->ORD,9,9,0,0.0
route,PBI->PHL,6,6,0,0.0
route,PBI->PVD,1,1,0,0.0
route,PBI->STL,1,1,0,0.0
route,PBI->TTN,3,3,0,0.0
route,PDX->ABQ,2,2,0,0.0
route,PDX->ANC,6,6,0,0.0
route,PDX->ATL,8,8,0,0.0
route,PDX->AUS,2,2,0,0.0
route,PDX->BIL,4,4,0,0.0
route,PDX->BLI,6,6,0,0.0
route,PDX->BOI,23,23,0,0.0
route,PDX->BOS,3,3,0,0.0
route,PDX->BUR,11,11,0,0.0
route,PDX->BZN,1,1,0,0.0
route,PDX->DAL,10,10,0,0.0
route,PDX->DCA,3,3,0,0.0
route,PDX->DEN,34,34,0,0.0
route,PDX->DFW,11,11,0,0.0
route,PDX->DTW,6,6,0,0.0
route,PDX->EUG,9,9,0,0.0
route,PDX->EWR,6,6,0,0.0
route,PDX->FAT,5,5,0,0.0
route,PDX->FCA,4,4,0,0.0
route,PDX->GEG,15,15,0,0.0
route,PDX->HNL,5,5,0,0.0
route,PDX->IAD,3,3,0,0.0
route,PDX->IAH,4,4,0,0.0
route,PDX->JFK,10,10,0,0.0
route,PDX->KOA,3,3,0,0.0
route,PDX->LAS,33,33,0,0.0
route,PDX->LAX,43,43,0,0.0
route,PDX->LGB,6,6,0,0.0
route,PDX->LIH,4,4,0,0.0
route,PDX->MCI,3,3,0,0.0
route,PDX->MCO,7,7,0,0.0
route,PDX->MDW,6,6,0,0.0
route,PDX->MFR,11,11,0,0.0
route,PDX->MSO,5,5,0,0.0
route,PDX->MSP,15,15,0,0.0
route,PDX->OAK,26,26,0,0.0
route,PDX->OGG,8,8,0,0.0
route,PDX->ONT,8,8,0,0.0
route,PDX->ORD,15,15,0,0.0
route,PDX->PAE,5,5,0,0.0
route,PDX->PHX,28,28,0,0.0
route,PDX->PSC,2,2,0,0.0
route,PDX->PSP,3,3,0,0.0
route,PDX->RDM,13,13,0,0.0
route,PDX->RNO,4,4,0,0.0
route,PDX->SAN,10,10,0,0.0
route,PDX->SBA,1,1,0,0.0
route,PDX->SEA,94,94,0,0.0
route,PDX->SFO,43,43,0,0.0
route,PDX->SJC,25,25,0,0.0
route,PDX->SLC,25,25,0,0.0
route,PDX->SMF,26,26,0,0.0
route,PDX->SNA,14,14,0,0.0
route,PDX->STL,7,7,0,0.0
route,PDX->STS,7,7,0,0.0
route,PDX->TUS,1,1,0,0.0
route,PGD->ABE,2,2,0,0.0
route,PGD->ALB,2,2,0,0.0
route,PGD->AVL,1,1,0,0.0
route,PGD->BLV,3,3,0,0.0
route,PGD->BNA,1,1,0,0.0
route,PGD->CID,1,1,0,0.0
route,PGD->CLE,2,2,0,0.0
route,PGD->CVG,4,4,0,0.0
route,PGD->DAY,2,2,0,0.0
route,PGD->DSM,1,1,0,0.0
route,PGD->FNT,1,1,0,0.0
route,PGD->FWA,2,2,0,0.0
route,PGD->GRR,1,1,0,0.0
route,PGD->IAG,3,3,0,0.0
route,PGD->IND,3,3,0,0.0
route,PGD->LCK,2,2,0,0.0
route,PGD->MCI,2,2,0,0.0
route,PGD->MKE,1,1,0,0.0
route,PGD->OMA,1,1,0,0.0
route,PGD->PIA,3,3,0,0.0
route,PGD->PIT,1,1,0,0.0
route,PGD->PSM,5,5,0,0.0
route,PGD->PVD,2,2,0,0.0
route,PGD->RFD,1,1,0,0.0
route,PGD->SBN,1,1,0,0.0
route,PGD->SDF,2,2,0,0.0
route,PGD->SPI,2,2,0,0.0
route,PGD->SYR,1,1,0,0.0
route,PGD->TOL,2,2,0,0.0
route,PGD->TTN,1,1,0,0.0
route,PGD->TYS,2,2,0,0.0
route,PGD->USA,2,2,0,0.0
route,PGV->CLT,9,9,0,0.0
route,PHF->ATL,11,11,0,0.0
route,PHF->CLT,6,6,0,0.0
route,PHF->PHL,1,1,0,0.0
route,PHL->ABE,3,3,0,0.0
route,PHL->ALB,16,16,0,0.0
route,PHL->ART,2,2,0,0.0
route,PHL->ATL,39,39,0,0.0
route,PHL->AUS,3,3,0,0.0
route,PHL->AVP,4,4,0,0.0
route,PHL->BDL,5,5,0,0.0
route,PHL->BGR,5,5,0,0.0
route,PHL->BHM,2,2,0,0.0
route,PHL->BNA,15,15,0,0.0
route,PHL->BOS,43,43,0,0.0
route,PHL->BTV,3,3,0,0.0
route,PHL->BUF,8,8,0,0.0
route,PHL->BWI,5,5,0,0.0
route,PHL->CAE,1,1,0,0.0
route,PHL->CAK,2,2,0,0.0
route,PHL->CHO,2,2,0,0.0
route,PHL->CHS,5,5,0,0.0
route,PHL->CLE,9,9,0,0.0
route,PHL->CLT,6,6,0,0.0
route,PHL->CMH,7,7,0,0.0
route,PHL->CVG,12,12,0,0.0
route,PHL->DAL,1,1,0,0.0
route,PHL->DAY,4,4,0,0.0
route,PHL->DCA,10,10,0,0.0
route,PHL->DEN,17,17,0,0.0
route,PHL->DFW,17,17,0,0.0
route,PHL->DTW,17,17,0,0.0
route,PHL->FLL,23,23,0,0.0
route,PHL->FWA,2,2,0,0.0
route,PHL->GRR,5,5,0,0.0
route,PHL->GSO,7,7,0,0.0
route,PHL->GSP,6,6,0,0.0
route,PHL->HOU,1,1,0,0.0
route,PHL->HVN,2,2,0,0.0
route,PHL->IAD,7,7,0,0.0
route,PHL->IAH,17,17,0,0.0
route,PHL->ILM,4,4,0,0.0
route,PHL->IND,6,6,0,0.0
route,PHL->IPT,2,2,0,0.0
route,PHL->ISP,4,4,0,0.0
route,PHL->ITH,3,3,0,0.0
route,PHL->JAX,4,4,0,0.0
route,PHL->JFK,5,5,0,0.0
route,PHL->LAS,9,9,0,0.0
route,PHL->LAX,23,23,0,0.0
route,PHL->LEX,1,1,0,0.0
route,PHL->LGA,1,1,0,0.0
route,PHL->MCI,5,5,0,0.0
route,PHL->MCO,43,43,0,0.0
route,PHL->MDT,6,6,0,0.0
route,PHL->MDW,12,12,0,0.0
route,PHL->MEM,4,4,0,0.0
route,PHL->MHT,7,7,0,0.0
route,PHL->MIA,13,13,0,0.0
route,PHL->MKE,5,5,0,0.0
route,PHL->MSN,4,4,0,0.0
route,PHL->MSP,16,16,0,0.0
route,PHL->MSY,3,3,0,0.0
route,PHL->MYR,5,5,0,0.0
route,PHL->OMA,5,5,0,0.0
route,PHL->ORD,30,30,0,0.0
route,PHL->ORF,6,6,0,0.0
route,PHL->ORH,1,1,0,0.0
route,PHL->PBI,4,4,0,0.0
route,PHL->PHF,3,3,0,0.0
route,PHL->PHX,11,11,0,0.0
route,PHL->PIT,9,9,0,0.0
route,PHL->PNS,1,1,0,0.0
route,PHL->PVD,11,11,0,0.0
route,PHL->PWM,8,8,0,0.0
route,PHL->RDU,20,20,0,0.0
route,PHL->RIC,9,9,0,0.0
route,PHL->ROA,4,4,0,0.0
route,PHL->ROC,3,3,0,0.0
route,PHL->RSW,5,5,0,0.0
route,PHL->SAN,4,4,0,0.0
route,PHL->SAV,3,3,0,0.0
route,PHL->SBY,5,5,0,0.0
route,PHL->SCE,3,3,0,0.0
route,PHL->SDF,2,2,0,0.0
route,PHL->SEA,1,1,0,0.0
route,PHL->SFO,12,12,0,0.0
route,PHL->SJU,2,2,0,0.0
route,PHL->SLC,5,5,0,0.0
route,PHL->STL,4,4,0,0.0
route,PHL->STT,1,1,0,0.0
route,PHL->SWF,1,1,0,0.0
route,PHL->SYR,14,14,0,0.0
route,PHL->TPA,17,17,0,0.0
route,PHL->TYS,3,3,0,0.0
route,PHX->ABQ,39,39,0,0.0
route,PHX->AMA,2,2,0,0.0
route,PHX->ANC,4,4,0,0.0
route,PHX->ATL,24,24,0,0.0
route,PHX->AUS,16,16,0,0.0
route,PHX->BFL,4,4,0,0.0
route,PHX->BNA,15,15,0,0.0
route,PHX->BOI,7,7,0,0.0
route,PHX->BOS,7,7,0,0.0
route,PHX->BUF,4,4,0,0.0
route,PHX->BUR,11,11,0,0.0
route,PHX->BWI,7,7,0,0.0
route,PHX->CLE,12,12,0,0.0
route,PHX->CLT,8,8,0,0.0
route,PHX->CMH,3,3,0,0.0
route,PHX->COS,4,4,0,0.0
route,PHX->CVG,1,1,0,0.0
route,PHX->DAL,20,20,0,0.0
route,PHX->DCA,3,3,0,0.0
route,PHX->DEN,67,67,0,0.0
route,PHX->DFW,16,16,0,0.0
route,PHX->DRO,4,4,0,0.0
route,PHX->DSM,2,2,0,0.0
route,PHX->DTW,19,19,0,0.0
route,PHX->ELP,18,18,0,0.0
route,PHX->EUG,1,1,0,0.0
route,PHX->EWR,20,20,0,0.0
route,PHX->FAT,5,5,0,0.0
route,PHX->FLG,8,8,0,0.0
route,PHX->FLL,6,6,0,0.0
route,PHX->GEG,5,5,0,0.0
route,PHX->GJT,5,5,0,0.0
route,PHX->GRR,1,1,0,0.0
route,PHX->HNL,5,5,0,0.0
route,PHX->HOU,19,19,0,0.0
route,PHX->IAD,5,5,0,0.0
route,PHX->IAH,20,20,0,0.0
route,PHX->ICT,3,3,0,0.0
route,PHX->IND,9,9,0,0.0
route,PHX->JFK,14,14,0,0.0
route,PHX->KOA,1,1,0,0.0
route,PHX->LAS,34,34,0,0.0
route,PHX->LAX,57,57,0,0.0
route,PHX->LBB,3,3,0,0.0
route,PHX->LGB,3,3,0,0.0
route,PHX->LIT,3,3,0,0.0
route,PHX->MCI,21,21,0,0.0
route,PHX->MCO,9,9,0,0.0
route,PHX->MDW,20,20,0,0.0
route,PHX->MEM,2,2,0,0.0
route,PHX->MIA,4,4,0,0.0
route,PHX->MKE,11,11,0,0.0
route,PHX->MRY,7,7,0,0.0
route,PHX->MSN,1,1,0,0.0
route,PHX->MSP,44,44,0,0.0
route,PHX->MSY,2,2,0,0.0
route,PHX->OAK,23,23,0,0.0
route,PHX->OKC,10,10,0,0.0
route,PHX->OMA,5,5,0,0.0
route,PHX->ONT,32,32,0,0.0
route,PHX->ORD,36,36,0,0.0
route,PHX->PAE,1,1,0,0.0
route,PHX->PDX,31,31,0,0.0
route,PHX->PHL,12,12,0,0.0
route,PHX->PIT,4,4,0,0.0
route,PHX->PSP,5,5,0,0.0
route,PHX->RDM,3,3,0,0.0
route,PHX->RNO,12,12,0,0.0
route,PHX->ROW,1,1,0,0.0
route,PHX->RSW,1,1,0,0.0
route,PHX->SAF,1,1,0,0.0
route,PHX->SAN,44,44,0,0.0
route,PHX->SAT,13,13,0,0.0
route,PHX->SBA,6,6,0,0.0
route,PHX->SBP,9,9,0,0.0
route,PHX->SDF,2,2,0,0.0
route,PHX->SEA,52,52,0,0.0
route,PHX->SFO,50,50,0,0.0
route,PHX->SGU,3,3,0,0.0
route,PHX->SJC,20,20,0,0.0
route,PHX->SLC,29,29,0,0.0
route,PHX->SMF,17,17,0,0.0
route,PHX->SNA,32,32,0,0.0
route,PHX->STL,12,12,0,0.0
route,PHX->STS,3,3,0,0.0
route,PHX->TPA,11,11,0,0.0
route,PHX->TUL,1,1,0,0.0
route,PHX->TUS,5,5,0,0.0
route,PHX->YUM,7,7,0,0.0
route,PIA->ATL,8,8,0,0.0
route,PIA->AZA,1,1,0,0.0
route,PIA->CLT,1,1,0,0.0
route,PIA->DFW,6,6,0,0.0
route,PIA->DTW,4,4,0,0.0
route,PIA->LAS,1,1,0,0.0
route,PIA->MSP,1,1,0,0.0
route,PIA->ORD,10,10,0,0.0
route,PIA->PGD,1,1,0,0.0
route,PIA->PIE,1,1,0,0.0
route,PIA->SFB,1,1,0,0.0
route,PIB->MEI,4,4,0,0.0
route,PIE->ABE,1,1,0,0.0
route,PIE->ALB,2,2,0,0.0
route,PIE->AVL,1,1,0,0.0
route,PIE->BGR,1,1,0,0.0
route,PIE->BMI,1,1,0,0.0
route,PIE->CHA,1,1,0,0.0
route,PIE->CID,1,1,0,0.0
route,PIE->CVG,7,7,0,0.0
route,PIE->DAY,1,1,0,0.0
route,PIE->DSM,3,3,0,0.0
route,PIE->FNT,5,5,0,0.0
route,PIE->FSD,1,1,0,0.0
route,PIE->FWA,2,2,0,0.0
route,PIE->GRR,2,2,0,0.0
route,PIE->GSO,1,1,0,0.0
route,PIE->GSP,3,3,0,0.0
route,PIE->HTS,2,2,0,0.0
route,PIE->IAG,1,1,0,0.0
route,PIE->IND,2,2,0,0.0
route,PIE->LCK,1,1,0,0.0
route,PIE->LEX,1,1,0,0.0
route,PIE->MKE,1,1,0,0.0
route,PIE->MLI,2,2,0,0.0
route,PIE->MSY,1,1,0,0.0
route,PIE->OGS,1,1,0,0.0
route,PIE->PBG,1,1,0,0.0
route,PIE->PIA,3,3,0,0.0
route,PIE->PVD,2,2,0,0.0
route,PIE->RDU,2,2,0,0.0
route,PIE->RIC,3,3,0,0.0
route,PIE->ROA,1,1,0,0.0
route,PIE->SBN,1,1,0,0.0
route,PIE->SDF,1,1,0,0.0
route,PIE->SGF,1,1,0,0.0
route,PIE->TYS,5,5,0,0.0
route,PIE->USA,1,1,0,0.0
route,PIH->SLC,18,18,0,0.0
route,PIR->ATY,2,2,0,0.0
route,PIT->ATL,31,31,0,0.0
route,PIT->BNA,4,4,0,0.0
route,PIT->BOS,23,23,0,0.0
route,PIT->BWI,7,7,0,0.0
route,PIT->CHS,1,1,0,0.0
route,PIT->CLT,9,9,0,0.0
route,PIT->DAL,3,3,0,0.0
route,PIT->DCA,4,4,0,0.0
route,PIT->DEN,9,9,0,0.0
route,PIT->DFW,5,5,0,0.0
route,PIT->DTW,14,14,0,0.0
route,PIT->EWR,16,16,0,0.0
route,PIT->FLL,6,6,0,0.0
route,PIT->HOU,2,2,0,0.0
route,PIT->IAD,16,16,0,0.0
route,PIT->IAH,12,12,0,0.0
route,PIT->JFK,4,4,0,0.0
route,PIT->LAS,9,9,0,0.0
route,PIT->LAX,1,1,0,0.0
route,PIT->LGA,31,31,0,0.0
route,PIT->MCO,21,21,0,0.0
route,PIT->MDW,12,12,0,0.0
route,PIT->MIA,1,1,0,0.0
route,PIT->MSP,15,15,0,0.0
route,PIT->MSY,1,1,0,0.0
route,PIT->MYR,2,2,0,0.0
route,PIT->ORD,29,29,0,0.0
route,PIT->PBI,1,1,0,0.0
route,PIT->PGD,3,3,0,0.0
route,PIT->PHL,8,8,0,0.0
route,PIT->PHX,2,2,0,0.0
route,PIT->RDU,3,3,0,0.0
route,PIT->RSW,6,6,0,0.0
route,PIT->SAV,2,2,0,0.0
route,PIT->SEA,1,1,0,0.0
route,PIT->SFO,8,8,0,0.0
route,PIT->SLC,2,2,0,0.0
route,PIT->TPA,17,17,0,0.0
route,PLN->APN,4,4,0,0.0
route,PLN->DTW,4,4,0,0.0
route,PNS->ATL,19,19,0,0.0
route,PNS->BNA,6,6,0,0.0
route,PNS->CLT,3,3,0,0.0
route,PNS->DAL,3,3,0,0.0
route,PNS->DCA,3,3,0,0.0
route,PNS->DEN,1,1,0,0.0
route,PNS->DFW,3,3,0,0.0
route,PNS->HOU,6,6,0,0.0
route,PNS->IAH,19,19,0,0.0
route,PNS->MIA,5,5,0,0.0
route,PNS->ORD,4,4,0,0.0
route,PPG->HNL,2,2,0,0.0
route,PQI->EWR,3,3,0,0.0
route,PRC->DEN,1,1,0,0.0
route,PRC->LAX,1,1,0,0.0
route,PSC->DEN,3,3,0,0.0
route,PSC->LAS,2,2,0,0.0
route,PSC->LAX,2,2,0,0.0
route,PSC->MSP,1,1,0,0.0
route,PSC->PDX,2,2,0,0.0
route,PSC->SEA,27,27,0,0.0
route,PSC->SFO,4,4,0,0.0
route,PSC->SLC,6,6,0,0.0
route,PSE->JFK,3,3,0,0.0
route,PSE->MCO,4,4,0,0.0
route,PSG->JNU,3,3,0,0.0
route,PSG->WRG,5,5,0,0.0
route,PSM->PGD,4,4,0,0.0
route,PSM->SFB,1,1,0,0.0
route,PSP->BLI,2,2,0,0.0
route,PSP->BOS,4,4,0,0.0
route,PSP->DEN,14,14,0,0.0
route,PSP->DFW,5,5,0,0.0
route,PSP->IAH,6,6,0,0.0
route,PSP->JFK,5,5,0,0.0
route,PSP->LAX,3,3,0,0.0
route,PSP->MSP,2,2,0,0.0
route,PSP->ORD,5,5,0,0.0
route,PSP->PDX,5,5,0,0.0
route,PSP->PHX,7,7,0,0.0
route,PSP->SEA,18,18,0,0.0
route,PSP->SFO,29,29,0,0.0
route,PSP->SLC,12,12,0,0.0
route,PUB->DEN,8,8,0,0.0
route,PUB->LBL,5,5,0,0.0
route,PUW->SEA,16,16,0,0.0
route,PVD->ATL,7,7,0,0.0
route,PVD->BWI,20,20,0,0.0
route,PVD->CLT,7,7,0,0.0
route,PVD->DCA,12,12,0,0.0
route,PVD->DTW,12,12,0,0.0
route,PVD->EWR,11,11,0,0.0
route,PVD->FLL,11,11,0,0.0
route,PVD->IAD,8,8,0,0.0
route,PVD->MCO,26,26,0,0.0
route,PVD->MDW,6,6,0,0.0
route,PVD->ORD,3,3,0,0.0
route,PVD->PBI,3,3,0,0.0
route,PVD->PGD,1,1,0,0.0
route,PVD->PHL,9,9,0,0.0
route,PVD->RDU,1,1,0,0.0
route,PVD->RSW,3,3,0,0.0
route,PVD->TPA,6,6,0,0.0
route,PVU->AZA,4,4,0,0.0
route,PVU->TUS,2,2,0,0.0
route,PWM->ATL,4,4,0,0.0
route,PWM->BWI,7,7,0,0.0
route,PWM->CLT,1,1,0,0.0
route,PWM->DCA,3,3,0,0.0
route,PWM->DTW,11,11,0,0.0
route,PWM->EWR,18,18,0,0.0
route,PWM->IAD,3,3,0,0.0
route,PWM->JFK,15,15,0,0.0
route,PWM->LGA,11,11,0,0.0
route,PWM->MCO,1,1,0,0.0
route,PWM->ORD,2,2,0,0.0
route,PWM->PHL,5,5,0,0.0
route,RAP->AZA,2,2,0,0.0
route,RAP->DEN,12,12,0,0.0
route,RAP->DFW,6,6,0,0.0
route,RAP->MSP,12,12,0,0.0
route,RAP->ORD,3,3,0,0.0
route,RAP->SLC,5,5,0,0.0
route,RDD->LAX,2,2,0,0.0
route,RDD->SFO,12,12,0,0.0
route,RDM->DEN,3,3,0,0.0
route,RDM->LAX,5,5,0,0.0
route,RDM->PDX,12,12,0,0.0
route,RDM->PHX,4,4,0,0.0
route,RDM->SEA,25,25,0,0.0
route,RDM->SFO,12,12,0,0.0
route,RDM->SLC,12,12,0,0.0
route,RDU->ATL,60,60,0,0.0
route,RDU->AUS,9,9,0,0.0
route,RDU->BDL,3,3,0,0.0
route,RDU->BNA,16,16,0,0.0
route,RDU->BOS,34,34,0,0.0
route,RDU->BUF,2,2,0,0.0
route,RDU->BWI,27,27,0,0.0
route,RDU->CLE,2,2,0,0.0
route,RDU->CLT,12,12,0,0.0
route,RDU->CMH,6,6,0,0.0
route,RDU->CVG,8,8,0,0.0
route,RDU->DAL,4,4,0,0.0
route,RDU->DCA,14,14,0,0.0
route,RDU->DEN,16,16,0,0.0
route,RDU->DFW,6,6,0,0.0
route,RDU->DTW,14,14,0,0.0
route,RDU->EWR,33,33,0,0.0
route,RDU->FLL,15,15,0,0.0
route,RDU->HOU,3,3,0,0.0
route,RDU->IAD,12,12,0,0.0
route,RDU->IAH,10,10,0,0.0
route,RDU->IND,11,11,0,0.0
route,RDU->JFK,29,29,0,0.0
route,RDU->LAS,8,8,0,0.0
route,RDU->LAX,6,6,0,0.0
route,RDU->LGA,32,32,0,0.0
route,RDU->MCI,4,4,0,0.0
route,RDU->MCO,23,23,0,0.0
route,RDU->MDW,13,13,0,0.0
route,RDU->MIA,3,3,0,0.0
route,RDU->MSP,19,19,0,0.0
route,RDU->ORD,18,18,0,0.0
route,RDU->PGD,2,2,0,0.0
route,RDU->PHL,13,13,0,0.0
route,RDU->PHX,2,2,0,0.0
route,RDU->PIT,1,1,0,0.0
route,RDU->SEA,11,11,0,0.0
route,RDU->SFO,8,8,0,0.0
route,RDU->SJU,1,1,0,0.0
route,RDU->SLC,4,4,0,0.0
route,RDU->STL,6,6,0,0.0
route,RDU->TPA,8,8,0,0.0
route,RDU->TTN,1,1,0,0.0
route,RFD->AZA,2,2,0,0.0
route,RFD->LAS,1,1,0,0.0
route,RFD->PGD,2,2,0,0.0
route,RFD->SFB,1,1,0,0.0
route,RHI->MSP,4,4,0,0.0
route,RIC->ATL,40,40,0,0.0
route,RIC->BOS,18,18,0,0.0
route,RIC->CLT,6,6,0,0.0
route,RIC->DEN,3,3,0,0.0
route,RIC->DFW,1,1,0,0.0
route,RIC->DTW,7,7,0,0.0
route,RIC->EWR,15,15,0,0.0
route,RIC->FLL,13,13,0,0.0
route,RIC->IAD,10,10,0,0.0
route,RIC->IAH,3,3,0,0.0
route,RIC->JFK,8,8,0,0.0
route,RIC->LGA,13,13,0,0.0
route,RIC->MCO,7,7,0,0.0
route,RIC->MIA,3,3,0,0.0
route,RIC->MSP,4,4,0,0.0
route,RIC->ORD,22,22,0,0.0
route,RIC->PHL,3,3,0,0.0
route,RIC->PIE,1,1,0,0.0
route,RIC->SFB,1,1,0,0.0
route,RKS->DEN,8,8,0,0.0
route,RNO->BOI,3,3,0,0.0
route,RNO->DAL,1,1,0,0.0
route,RNO->DEN,13,13,0,0.0
route,RNO->DFW,1,1,0,0.0
route,RNO->JFK,2,2,0,0.0
route,RNO->LAS,38,38,0,0.0
route,RNO->LAX,23,23,0,0.0
route,RNO->LGB,2,2,0,0.0
route,RNO->MDW,1,1,0,0.0
route,RNO->OAK,12,12,0,0.0
route,RNO->ORD,2,2,0,0.0
route,RNO->PDX,10,10,0,0.0
route,RNO->PHX,12,12,0,0.0
route,RNO->SAN,8,8,0,0.0
route,RNO->SEA,13,13,0,0.0
route,RNO->SFO,13,13,0,0.0
route,RNO->SJC,10,10,0,0.0
route,RNO->SLC,12,12,0,0.0
route,ROA->ATL,18,18,0,0.0
route,ROA->CLT,7,7,0,0.0
route,ROA->IAD,6,6,0,0.0
route,ROA->LGA,2,2,0,0.0
route,ROA->ORD,6,6,0,0.0
route,ROA->PHL,3,3,0,0.0
route,ROA->SFB,2,2,0,0.0
route,ROC->ATL,6,6,0,0.0
route,ROC->BOS,5,5,0,0.0
route,ROC->BWI,10,10,0,0.0
route,ROC->CLT,2,2,0,0.0
route,ROC->DCA,6,6,0,0.0
route,ROC->DTW,11,11,0,0.0
route,ROC->EWR,20,20,0,0.0
route,ROC->IAD,12,12,0,0.0
route,ROC->JFK,22,22,0,0.0
route,ROC->LGA,14,14,0,0.0
route,ROC->MCO,3,3,0,0.0
route,ROC->MSP,4,4,0,0.0
route,ROC->ORD,16,16,0,0.0
route,ROC->PGD,2,2,0,0.0
route,ROC->PHL,4,4,0,0.0
route,ROC->SFB,1,1,0,0.0
route,ROC->TPA,4,4,0,0.0
route,ROP->GUM,2,2,0,0.0
route,ROP->SPN,2,2,0,0.0
route,ROW->DFW,3,3,0,0.0
route,ROW->PHX,1,1,0,0.0
route,RST->ATL,2,2,0,0.0
route,RST->MSP,11,11,0,0.0
route,RST->ORD,14,14,0,0.0
route,RSW->ACY,5,5,0,0.0
route,RSW->ALB,1,1,0,0.0
route,RSW->ATL,33,33,0,0.0
route,RSW->BDL,11,11,0,0.0
route,RSW->BNA,1,1,0,0.0
route,RSW->BOS,38,38,0,0.0
route,RSW->BUF,2,2,0,0.0
route,RSW->BWI,17,17,0,0.0
route,RSW->CLE,11,11,0,0.0
route,RSW->CLT,8,8,0,0.0
route,RSW->CMH,8,8,0,0.0
route,RSW->CVG,4,4,0,0.0
route,RSW->DCA,7,7,0,0.0
route,RSW->DEN,8,8,0,0.0
route,RSW->DFW,4,4,0,0.0
route,RSW->DTW,18,18,0,0.0
route,RSW->EWR,31,31,0,0.0
route,RSW->GRR,1,1,0,0.0
route,RSW->HPN,6,6,0,0.0
route,RSW->IAH,6,6,0,0.0
route,RSW->IND,8,8,0,0.0
route,RSW->ISP,1,1,0,0.0
route,RSW->JFK,15,15,0,0.0
route,RSW->LBE,1,1,0,0.0
route,RSW->LGA,11,11,0,0.0
route,RSW->MCI,1,1,0,0.0
route,RSW->MDW,16,16,0,0.0
route,RSW->MKE,1,1,0,0.0
route,RSW->MSP,10,10,0,0.0
route,RSW->ORD,21,21,0,0.0
route,RSW->PHL,8,8,0,0.0
route,RSW->PHX,2,2,0,0.0
route,RSW->PIT,4,4,0,0.0
route,RSW->PVD,1,1,0,0.0
route,RSW->PWM,1,1,0,0.0
route,RSW->RDU,3,3,0,0.0
route,RSW->STL,10,10,0,0.0
route,SAF->DEN,5,5,0,0.0
route,SAF->DFW,7,7,0,0.0
route,SAN->ABQ,6,6,0,0.0
route,SAN->ATL,10,10,0,0.0
route,SAN->AUS,9,9,0,0.0
route,SAN->BLI,2,2,0,0.0
route,SAN->BNA,6,6,0,0.0
route,SAN->BOI,9,9,0,0.0
route,SAN->BOS,7,7,0,0.0
route,SAN->BWI,13,13,0,0.0
route,SAN->CLE,1,1,0,0.0
route,SAN->CLT,1,1,0,0.0
route,SAN->COS,1,1,0,0.0
route,SAN->CVG,1,1,0,0.0
route,SAN->DAL,15,15,0,0.0
route,SAN->DEN,40,40,0,0.0
route,SAN->DFW,12,12,0,0.0
route,SAN->DTW,5,5,0,0.0
route,SAN->ELP,3,3,0,0.0
route,SAN->EWR,11,11,0,0.0
route,SAN->FAT,7,7,0,0.0
route,SAN->FLL,2,2,0,0.0
route,SAN->HNL,4,4,0,0.0
route,SAN->HOU,6,6,0,0.0
route,SAN->IAD,9,9,0,0.0
route,SAN->IAH,18,18,0,0.0
route,SAN->JFK,16,16,0,0.0
route,SAN->KOA,2,2,0,0.0
route,SAN->LAS,40,40,0,0.0
route,SAN->LAX,50,50,0,0.0
route,SAN->LIH,1,1,0,0.0
route,SAN->MCI,4,4,0,0.0
route,SAN->MCO,7,7,0,0.0
route,SAN->MDW,15,15,0,0.0
route,SAN->MMH,2,2,0,0.0
route,SAN->MRY,2,2,0,0.0
route,SAN->MSP,21,21,0,0.0
route,SAN->MSY,4,4,0,0.0
route,SAN->OAK,38,38,0,0.0
route,SAN->OGG,4,4,0,0.0
route,SAN->OKC,1,1,0,0.0
route,SAN->ORD,17,17,0,0.0
route,SAN->PAE,3,3,0,0.0
route,SAN->PDX,17,17,0,0.0
route,SAN->PHL,1,1,0,0.0
route,SAN->PHX,36,36,0,0.0
route,SAN->RNO,5,5,0,0.0
route,SAN->SAT,4,4,0,0.0
route,SAN->SCK,1,1,0,0.0
route,SAN->SEA,48,48,0,0.0
route,SAN->SFO,64,64,0,0.0
route,SAN->SJC,40,40,0,0.0
route,SAN->SLC,22,22,0,0.0
route,SAN->SMF,49,49,0,0.0
route,SAN->STL,9,9,0,0.0
route,SAN->STS,5,5,0,0.0
route,SAN->TPA,4,4,0,0.0
route,SAN->TUS,7,7,0,0.0
route,SAT->ATL,39,39,0,0.0
route,SAT->BNA,6,6,0,0.0
route,SAT->BWI,13,13,0,0.0
route,SAT->CLT,5,5,0,0.0
route,SAT->CVG,1,1,0,0.0
route,SAT->DAL,35,35,0,0.0
route,SAT->DEN,16,16,0,0.0
route,SAT->DFW,23,23,0,0.0
route,SAT->DTW,6,6,0,0.0
route,SAT->ELP,8,8,0,0.0
route,SAT->EWR,4,4,0,0.0
route,SAT->FLL,3,3,0,0.0
route,SAT->HOU,14,14,0,0.0
route,SAT->IAD,4,4,0,0.0
route,SAT->IAH,25,25,0,0.0
route,SAT->JFK,3,3,0,0.0
route,SAT->LAS,20,20,0,0.0
route,SAT->LAX,33,33,0,0.0
route,SAT->MCI,2,2,0,0.0
route,SAT->MCO,9,9,0,0.0
route,SAT->MDW,5,5,0,0.0
route,SAT->MIA,2,2,0,0.0
route,SAT->MSP,6,6,0,0.0
route,SAT->MSY,3,3,0,0.0
route,SAT->OAK,2,2,0,0.0
route,SAT->ORD,12,12,0,0.0
route,SAT->PHL,5,5,0,0.0
route,SAT->PHX,14,14,0,0.0
route,SAT->SAN,5,5,0,0.0
route,SAT->SEA,4,4,0,0.0
route,SAT->SFB,1,1,0,0.0
route,SAT->SFO,5,5,0,0.0
route,SAT->SLC,12,12,0,0.0
route,SAT->SNA,1,1,0,0.0
route,SAT->STL,5,5,0,0.0
route,SAT->TPA,2,2,0,0.0
route,SAV->ATL,42,42,0,0.0
route,SAV->BOS,10,10,0,0.0
route,SAV->CLE,1,1,0,0.0
route,SAV->CLT,21,21,0,0.0
route,SAV->DCA,4,4,0,0.0
route,SAV->DFW,2,2,0,0.0
route,SAV->DTW,4,4,0,0.0
route,SAV->EWR,16,16,0,0.0
route,SAV->IAD,14,14,0,0.0
route,SAV->IAH,8,8,0,0.0
route,SAV->IND,1,1,0,0.0
route,SAV->JFK,9,9,0,0.0
route,SAV->LCK,2,2,0,0.0
route,SAV->LEX,1,1,0,0.0
route,SAV->LGA,8,8,0,0.0
route,SAV->ORD,8,8,0,0.0
route,SAV->PHL,3,3,0,0.0
route,SAV->PIT,1,1,0,0.0
route,SAV->SDF,2,2,0,0.0
route,SBA->DEN,6,6,0,0.0
route,SBA->DFW,1,1,0,0.0
route,SBA->LAX,14,14,0,0.0
route,SBA->PDX,2,2,0,0.0
route,SBA->PHX,3,3,0,0.0
route,SBA->SEA,2,2,0,0.0
route,SBA->SFO,20,20,0,0.0
route,SBN->ATL,14,14,0,0.0
route,SBN->AZA,1,1,0,0.0
route,SBN->DFW,1,1,0,0.0
route,SBN->DTW,15,15,0,0.0
route,SBN->LAS,3,3,0,0.0
route,SBN->MSP,7,7,0,0.0
route,SBN->ORD,22,22,0,0.0
route,SBN->PGD,1,1,0,0.0
route,SBP->DEN,5,5,0,0.0
route,SBP->DFW,3,3,0,0.0
route,SBP->LAX,11,11,0,0.0
route,SBP->PHX,9,9,0,0.0
route,SBP->SEA,4,4,0,0.0
route,SBP->SFO,14,14,0,0.0
route,SBY->CLT,2,2,0,0.0
route,SBY->PHL,1,1,0,0.0
route,SCC->ANC,2,2,0,0.0
route,SCC->BRW,6,6,0,0.0
route,SCE->DTW,8,8,0,0.0
route,SCE->IAD,7,7,0,0.0
route,SCE->ORD,6,6,0,0.0
route,SCE->PHL,6,6,0,0.0
route,SCK->AZA,2,2,0,0.0
route,SCK->LAS,8,8,0,0.0
route,SDF->ATL,24,24,0,0.0
route,SDF->BWI,9,9,0,0.0
route,SDF->CLT,8,8,0,0.0
route,SDF->DCA,3,3,0,0.0
route,SDF->DEN,6,6,0,0.0
route,SDF->DFW,6,6,0,0.0
route,SDF->DTW,20,20,0,0.0
route,SDF->EWR,8,8,0,0.0
route,SDF->HOU,2,2,0,0.0
route,SDF->IAD,7,7,0,0.0
route,SDF->IAH,7,7,0,0.0
route,SDF->LAS,4,4,0,0.0
route,SDF->LGA,11,11,0,0.0
route,SDF->MCO,5,5,0,0.0
route,SDF->MDW,12,12,0,0.0
route,SDF->MIA,2,2,0,0.0
route,SDF->MSP,11,11,0,0.0
route,SDF->MSY,1,1,0,0.0
route,SDF->ORD,33,33,0,0.0
route,SDF->PGD,3,3,0,0.0
route,SDF->PHL,1,1,0,0.0
route,SDF->PHX,5,5,0,0.0
route,SDF->PIE,1,1,0,0.0
route,SDF->SAV,2,2,0,0.0
route,SDF->SFB,2,2,0,0.0
route,SDF->TPA,3,3,0,0.0
route,SEA->ABQ,3,3,0,0.0
route,SEA->ALW,6,6,0,0.0
route,SEA->ANC,68,68,0,0.0
route,SEA->ATL,19,19,0,0.0
route,SEA->AUS,6,6,0,0.0
route,SEA->BIL,4,4,0,0.0
route,SEA->BLI,17,17,0,0.0
route,SEA->BNA,4,4,0,0.0
route,SEA->BOI,33,33,0,0.0
route,SEA->BOS,20,20,0,0.0
route,SEA->BUR,9,9,0,0.0
route,SEA->BWI,4,4,0,0.0
route,SEA->BZN,12,12,0,0.0
route,SEA->CHS,1,1,0,0.0
route,SEA->CLT,3,3,0,0.0
route,SEA->CMH,2,2,0,0.0
route,SEA->CVG,4,4,0,0.0
route,SEA->DAL,6,6,0,0.0
route,SEA->DCA,4,4,0,0.0
route,SEA->DEN,63,63,0,0.0
route,SEA->DFW,15,15,0,0.0
route,SEA->DTW,23,23,0,0.0
route,SEA->EAT,6,6,0,0.0
route,SEA->ELP,2,2,0,0.0
route,SEA->EUG,17,17,0,0.0
route,SEA->EWR,16,16,0,0.0
route,SEA->FAI,12,12,0,0.0
route,SEA->FAT,10,10,0,0.0
route,SEA->FCA,7,7,0,0.0
route,SEA->FLL,6,6,0,0.0
route,SEA->GEG,82,82,0,0.0
route,SEA->GTF,2,2,0,0.0
route,SEA->HLN,2,2,0,0.0
route,SEA->HNL,12,12,0,0.0
route,SEA->IAD,18,18,0,0.0
route,SEA->IAH,24,24,0,0.0
route,SEA->ICT,3,3,0,0.0
route,SEA->IND,3,3,0,0.0
route,SEA->JFK,29,29,0,0.0
route,SEA->JNU,7,7,0,0.0
route,SEA->KOA,5,5,0,0.0
route,SEA->KTN,9,9,0,0.0
route,SEA->LAS,62,62,0,0.0
route,SEA->LAX,90,90,0,0.0
route,SEA->LGB,6,6,0,0.0
route,SEA->LIH,7,7,0,0.0
route,SEA->LWS,4,4,0,0.0
route,SEA->MCI,12,12,0,0.0
route,SEA->MCO,8,8,0,0.0
route,SEA->MDW,8,8,0,0.0
route,SEA->MFR,14,14,0,0.0
route,SEA->MKE,4,4,0,0.0
route,SEA->MSO,10,10,0,0.0
route,SEA->MSP,24,24,0,0.0
route,SEA->MSY,5,5,0,0.0
route,SEA->OAK,27,27,0,0.0
route,SEA->OGG,16,16,0,0.0
route,SEA->OKC,2,2,0,0.0
route,SEA->OMA,8,8,0,0.0
route,SEA->ONT,5,5,0,0.0
route,SEA->ORD,45,45,0,0.0
route,SEA->PDX,84,84,0,0.0
route,SEA->PHL,4,4,0,0.0
route,SEA->PHX,43,43,0,0.0
route,SEA->PSC,33,33,0,0.0
route,SEA->PSP,10,10,0,0.0
route,SEA->PUW,11,11,0,0.0
route,SEA->RDM,21,21,0,0.0
route,SEA->RDU,4,4,0,0.0
route,SEA->RNO,9,9,0,0.0
route,SEA->SAN,47,47,0,0.0
route,SEA->SBA,1,1,0,0.0
route,SEA->SBP,11,11,0,0.0
route,SEA->SFO,89,89,0,0.0
route,SEA->SJC,54,54,0,0.0
route,SEA->SLC,38,38,0,0.0
route,SEA->SMF,50,50,0,0.0
route,SEA->SNA,45,45,0,0.0
route,SEA->STL,14,14,0,0.0
route,SEA->STS,4,4,0,0.0
route,SEA->SUN,1,1,0,0.0
route,SEA->TPA,4,4,0,0.0
route,SEA->TUS,6,6,0,0.0
route,SEA->YKM,12,12,0,0.0
route,SFB->ABE,5,5,0,0.0
route,SFB->ALB,3,3,0,0.0
route,SFB->ATW,1,1,0,0.0
route,SFB->AUS,4,4,0,0.0
route,SFB->AVL,2,2,0,0.0
route,SFB->BGR,2,2,0,0.0
route,SFB->BIS,1,1,0,0.0
route,SFB->BLV,1,1,0,0.0
route,SFB->CHA,2,2,0,0.0
route,SFB->CVG,2,2,0,0.0
route,SFB->DAY,1,1,0,0.0
route,SFB->FNT,3,3,0,0.0
route,SFB->FWA,1,1,0,0.0
route,SFB->GFK,1,1,0,0.0
route,SFB->GRR,5,5,0,0.0
route,SFB->GSO,2,2,0,0.0
route,SFB->HTS,2,2,0,0.0
route,SFB->IND,5,5,0,0.0
route,SFB->LCK,1,1,0,0.0
route,SFB->LEX,1,1,0,0.0
route,SFB->MCI,1,1,0,0.0
route,SFB->MDT,1,1,0,0.0
route,SFB->MEM,1,1,0,0.0
route,SFB->MLI,2,2,0,0.0
route,SFB->MSY,1,1,0,0.0
route,SFB->OKC,1,1,0,0.0
route,SFB->OMA,2,2,0,0.0
route,SFB->OWB,2,2,0,0.0
route,SFB->PBG,2,2,0,0.0
route,SFB->PIA,2,2,0,0.0
route,SFB->PSM,2,2,0,0.0
route,SFB->ROA,1,1,0,0.0
route,SFB->SAT,1,1,0,0.0
route,SFB->SBN,3,3,0,0.0
route,SFB->SGF,3,3,0,0.0
route,SFB->SJU,1,1,0,0.0
route,SFB->TOL,2,2,0,0.0
route,SFB->TUL,3,3,0,0.0
route,SFB->TYS,4,4,0,0.0
route,SFB->USA,2,2,0,0.0
route,SFO->ABQ,11,11,0,0.0
route,SFO->ACV,12,12,0,0.0
route,SFO->ASE,1,1,0,0.0
route,SFO->ATL,25,25,0,0.0
route,SFO->AUS,24,24,0,0.0
route,SFO->BFL,9,9,0,0.0
route,SFO->BNA,6,6,0,0.0
route,SFO->BOI,11,11,0,0.0
route,SFO->BOS,37,37,0,0.0
route,SFO->BUR,26,26,0,0.0
route,SFO->BWI,11,11,0,0.0
route,SFO->CLE,8,8,0,0.0
route,SFO->CLT,8,8,0,0.0
route,SFO->CVG,11,11,0,0.0
route,SFO->DAL,15,15,0,0.0
route,SFO->DCA,6,6,0,0.0
route,SFO->DEN,44,44,0,0.0
route,SFO->DFW,34,34,0,0.0
route,SFO->DTW,11,11,0,0.0
route,SFO->EUG,15,15,0,0.0
route,SFO->EWR,57,57,0,0.0
route,SFO->FAT,18,18,0,0.0
route,SFO->FLL,6,6,0,0.0
route,SFO->GEG,6,6,0,0.0
route,SFO->HNL,23,23,0,0.0
route,SFO->IAD,35,35,0,0.0
route,SFO->IAH,28,28,0,0.0
route,SFO->IND,7,7,0,0.0
route,SFO->JAC,1,1,0,0.0
route,SFO->JFK,59,59,0,0.0
route,SFO->KOA,9,9,0,0.0
route,SFO->LAS,63,63,0,0.0
route,SFO->LAX,154,154,0,0.0
route,SFO->LGB,10,10,0,0.0
route,SFO->LIH,11,11,0,0.0
route,SFO->MCI,11,11,0,0.0
route,SFO->MCO,16,16,0,0.0
route,SFO->MDW,5,5,0,0.0
route,SFO->MFR,16,16,0,0.0
route,SFO->MIA,6,6,0,0.0
route,SFO->MRY,7,7,0,0.0
route,SFO->MSP,24,24,0,0.0
route,SFO->MSY,4,4,0,0.0
route,SFO->OGG,21,21,0,0.0
route,SFO->OKC,5,5,0,0.0
route,SFO->OMA,4,4,0,0.0
route,SFO->ONT,18,18,0,0.0
route,SFO->ORD,49,49,0,0.0
route,SFO->OTH,1,1,0,0.0
route,SFO->PAE,6,6,0,0.0
route,SFO->PDX,54,54,0,0.0
route,SFO->PHL,14,14,0,0.0
route,SFO->PHX,36,36,0,0.0
route,SFO->PIT,4,4,0,0.0
route,SFO->PSC,4,4,0,0.0
route,SFO->PSP,26,26,0,0.0
route,SFO->RDD,7,7,0,0.0
route,SFO->RDM,12,12,0,0.0
route,SFO->RDU,8,8,0,0.0
route,SFO->RNO,14,14,0,0.0
route,SFO->SAN,78,78,0,0.0
route,SFO->SAT,3,3,0,0.0
route,SFO->SBA,19,19,0,0.0
route,SFO->SBP,10,10,0,0.0
route,SFO->SEA,77,77,0,0.0
route,SFO->SLC,23,23,0,0.0
route,SFO->SMF,15,15,0,0.0
route,SFO->SNA,37,37,0,0.0
route,SFO->STL,6,6,0,0.0
route,SFO->STS,8,8,0,0.0
route,SFO->TPA,2,2,0,0.0
route,SFO->TUS,18,18,0,0.0
route,SFO->XNA,3,3,0,0.0
route,SGF->ATL,9,9,0,0.0
route,SGF->AZA,2,2,0,0.0
route,SGF->CLT,5,5,0,0.0
route,SGF->DEN,6,6,0,0.0
route,SGF->DFW,8,8,0,0.0
route,SGF->IAH,3,3,0,0.0
route,SGF->LAS,1,1,0,0.0
route,SGF->ORD,19,19,0,0.0
route,SGF->PIE,2,2,0,0.0
route,SGF->SFB,1,1,0,0.0
route,SGU->AZA,2,2,0,0.0
route,SGU->DEN,10,10,0,0.0
route,SGU->LAX,3,3,0,0.0
route,SGU->PHX,4,4,0,0.0
route,SGU->SLC,9,9,0,0.0
route,SHD->IAD,3,3,0,0.0
route,SHD->LWB,1,1,0,0.0
route,SHV->ATL,21,21,0,0.0
route,SHV->CLT,5,5,0,0.0
route,SHV->DEN,2,2,0,0.0
route,SHV->DFW,7,7,0,0.0
route,SHV->IAH,14,14,0,0.0
route,SIT->JNU,8,8,0,0.0
route,SIT->KTN,5,5,0,0.0
route,SJC->ATL,10,10,0,0.0
route,SJC->AUS,11,11,0,0.0
route,SJC->BOI,8,8,0,0.0
route,SJC->BOS,3,3,0,0.0
route,SJC->BUR,32,32,0,0.0
route,SJC->BWI,1,1,0,0.0
route,SJC->DAL,8,8,0,0.0
route,SJC->DEN,24,24,0,0.0
route,SJC->DFW,4,4,0,0.0
route,SJC->DTW,2,2,0,0.0
route,SJC->EUG,1,1,0,0.0
route,SJC->EWR,5,5,0,0.0
route,SJC->GEG,3,3,0,0.0
route,SJC->HOU,9,9,0,0.0
route,SJC->IAH,5,5,0,0.0
route,SJC->JFK,9,9,0,0.0
route,SJC->KOA,1,1,0,0.0
route,SJC->LAS,42,42,0,0.0
route,SJC->LAX,53,53,0,0.0
route,SJC->LGB,19,19,0,0.0
route,SJC->LIH,1,1,0,0.0
route,SJC->MDW,6,6,0,0.0
route,SJC->MSP,6,6,0,0.0
route,SJC->MSY,2,2,0,0.0
route,SJC->OGG,3,3,0,0.0
route,SJC->ONT,15,15,0,0.0
route,SJC->ORD,7,7,0,0.0
route,SJC->PDX,28,28,0,0.0
route,SJC->PHX,26,26,0,0.0
route,SJC->RNO,13,13,0,0.0
route,SJC->SAN,63,63,0,0.0
route,SJC->SEA,46,46,0,0.0
route,SJC->SLC,17,17,0,0.0
route,SJC->SNA,47,47,0,0.0
route,SJC->STL,1,1,0,0.0
route,SJC->TUS,6,6,0,0.0
route,SJT->DFW,5,5,0,0.0
route,SJU->ATL,11,11,0,0.0
route,SJU->BDL,5,5,0,0.0
route,SJU->BOS,7,7,0,0.0
route,SJU->BWI,7,7,0,0.0
route,SJU->CLT,2,2,0,0.0
route,SJU->DCA,6,6,0,0.0
route,SJU->EWR,14,14,0,0.0
route,SJU->FLL,27,27,0,0.0
route,SJU->HOU,1,1,0,0.0
route,SJU->IAD,8,8,0,0.0
route,SJU->IAH,8,8,0,0.0
route,SJU->ISP,1,1,0,0.0
route,SJU->JFK,21,21,0,0.0
route,SJU->MCO,47,47,0,0.0
route,SJU->MIA,10,10,0,0.0
route,SJU->ORD,5,5,0,0.0
route,SJU->PHL,4,4,0,0.0
route,SJU->SFB,1,1,0,0.0
route,SJU->STT,8,8,0,0.0
route,SJU->STX,2,2,0,0.0
route,SJU->TPA,7,7,0,0.0
route,SLC->ABQ,7,7,0,0.0
route,SLC->ASE,7,7,0,0.0
route,SLC->ATL,19,19,0,0.0
route,SLC->AUS,5,5,0,0.0
route,SLC->BIL,7,7,0,0.0
route,SLC->BNA,2,2,0,0.0
route,SLC->BOI,19,19,0,0.0
route,SLC->BOS,9,9,0,0.0
route,SLC->BTM,5,5,0,0.0
route,SLC->BUR,14,14,0,0.0
route,SLC->BWI,10,10,0,0.0
route,SLC->BZN,6,6,0,0.0
route,SLC->CDC,4,4,0,0.0
route,SLC->CLT,4,4,0,0.0
route,SLC->COD,2,2,0,0.0
route,SLC->COS,8,8,0,0.0
route,SLC->CPR,8,8,0,0.0
route,SLC->CVG,4,4,0,0.0
route,SLC->DAL,2,2,0,0.0
route,SLC->DCA,2,2,0,0.0
route,SLC->DEN,60,60,0,0.0
route,SLC->DFW,19,19,0,0.0
route,SLC->DSM,1,1,0,0.0
route,SLC->DTW,13,13,0,0.0
route,SLC->EKO,5,5,0,0.0
route,SLC->ELP,1,1,0,0.0
route,SLC->EUG,4,4,0,0.0
route,SLC->EWR,14,14,0,0.0
route,SLC->FAT,9,9,0,0.0
route,SLC->FCA,17,17,0,0.0
route,SLC->FLL,4,4,0,0.0
route,SLC->GEG,7,7,0,0.0
route,SLC->GJT,8,8,0,0.0
route,SLC->GTF,6,6,0,0.0
route,SLC->HLN,8,8,0,0.0
route,SLC->IAD,3,3,0,0.0
route,SLC->IAH,17,17,0,0.0
route,SLC->IDA,7,7,0,0.0
route,SLC->IND,3,3,0,0.0
route,SLC->JAC,11,11,0,0.0
route,SLC->JFK,22,22,0,0.0
route,SLC->LAS,35,35,0,0.0
route,SLC->LAX,39,39,0,0.0
route,SLC->LGB,29,29,0,0.0
route,SLC->LWS,3,3,0,0.0
route,SLC->MCI,5,5,0,0.0
route,SLC->MCO,16,16,0,0.0
route,SLC->MDW,5,5,0,0.0
route,SLC->MFR,1,1,0,0.0
route,SLC->MKE,5,5,0,0.0
route,SLC->MSO,7,7,0,0.0
route,SLC->MSP,18,18,0,0.0
route,SLC->MSY,5,5,0,0.0
route,SLC->OAK,17,17,0,0.0
route,SLC->OKC,2,2,0,0.0
route,SLC->OMA,5,5,0,0.0
route,SLC->ONT,7,7,0,0.0
route,SLC->ORD,19,19,0,0.0
route,SLC->PDX,29,29,0,0.0
route,SLC->PHL,2,2,0,0.0
route,SLC->PHX,41,41,0,0.0
route,SLC->PIH,8,8,0,0.0
route,SLC->PSC,19,19,0,0.0
route,SLC->PSP,6,6,0,0.0
route,SLC->RAP,5,5,0,0.0
route,SLC->RDM,5,5,0,0.0
route,SLC->RDU,2,2,0,0.0
route,SLC->RNO,16,16,0,0.0
route,SLC->RSW,2,2,0,0.0
route,SLC->SAN,25,25,0,0.0
route,SLC->SAT,10,10,0,0.0
route,SLC->SEA,35,35,0,0.0
route,SLC->SFO,29,29,0,0.0
route,SLC->SGU,15,15,0,0.0
route,SLC->SJC,19,19,0,0.0
route,SLC->SMF,13,13,0,0.0
route,SLC->SNA,8,8,0,0.0
route,SLC->STL,5,5,0,0.0
route,SLC->SUN,3,3,0,0.0
route,SLC->TPA,3,3,0,0.0
route,SLC->TUL,3,3,0,0.0
route,SLC->TUS,13,13,0,0.0
route,SLC->TWF,14,14,0,0.0
route,SLN->HYS,4,4,0,0.0
route,SLN->ORD,4,4,0,0.0
route,SMF->ATL,10,10,0,0.0
route,SMF->BOI,7,7,0,0.0
route,SMF->BUR,28,28,0,0.0
route,SMF->BWI,5,5,0,0.0
route,SMF->DAL,3,3,0,0.0
route,SMF->DEN,28,28,0,0.0
route,SMF->DFW,2,2,0,0.0
route,SMF->EWR,1,1,0,0.0
route,SMF->GEG,2,2,0,0.0
route,SMF->HNL,2,2,0,0.0
route,SMF->IAD,5,5,0,0.0
route,SMF->IAH,5,5,0,0.0
route,SMF->JFK,3,3,0,0.0
route,SMF->LAS,21,21,0,0.0
route,SMF->LAX,63,63,0,0.0
route,SMF->LGB,7,7,0,0.0
route,SMF->MCO,2,2,0,0.0
route,SMF->MDW,4,4,0,0.0
route,SMF->MSP,3,3,0,0.0
route,SMF->OGG,5,5,0,0.0
route,SMF->ONT,17,17,0,0.0
route,SMF->ORD,11,11,0,0.0
route,SMF->PDX,23,23,0,0.0
route,SMF->PHX,17,17,0,0.0
route,SMF->SAN,56,56,0,0.0
route,SMF->SEA,32,32,0,0.0
route,SMF->SFO,16,16,0,0.0
route,SMF->SLC,18,18,0,0.0
route,SMF->SNA,17,17,0,0.0
route,SNA->ABQ,1,1,0,0.0
route,SNA->ATL,7,7,0,0.0
route,SNA->AUS,3,3,0,0.0
route,SNA->DAL,4,4,0,0.0
route,SNA->DEN,25,25,0,0.0
route,SNA->DFW,9,9,0,0.0
route,SNA->DTW,2,2,0,0.0
route,SNA->EWR,13,13,0,0.0
route,SNA->HOU,2,2,0,0.0
route,SNA->IAH,10,10,0,0.0
route,SNA->LAS,25,25,0,0.0
route,SNA->MSP,8,8,0,0.0
route,SNA->OAK,23,23,0,0.0
route,SNA->ORD,15,15,0,0.0
route,SNA->PDX,10,10,0,0.0
route,SNA->PHX,25,25,0,0.0
route,SNA->SEA,39,39,0,0.0
route,SNA->SFO,41,41,0,0.0
route,SNA->SJC,37,37,0,0.0
route,SNA->SLC,15,15,0,0.0
route,SNA->SMF,22,22,0,0.0
route,SNA->STS,6,6,0,0.0
route,SPI->DFW,1,1,0,0.0
route,SPI->ORD,12,12,0,0.0
route,SPI->PGD,1,1,0,0.0
route,SPN->GUM,9,9,0,0.0
route,SPN->ROP,2,2,0,0.0
route,SPS->DFW,7,7,0,0.0
route,SRQ->ATL,21,21,0,0.0
route,SRQ->BOS,6,6,0,0.0
route,SRQ->BWI,1,1,0,0.0
route,SRQ->CLE,1,1,0,0.0
route,SRQ->CLT,6,6,0,0.0
route,SRQ->DCA,2,2,0,0.0
route,SRQ->EWR,5,5,0,0.0
route,SRQ->IND,1,1,0,0.0
route,SRQ->JFK,4,4,0,0.0
route,SRQ->LGA,3,3,0,0.0
route,SRQ->ORD,4,4,0,0.0
route,SRQ->PHL,3,3,0,0.0
route,STC->AZA,2,2,0,0.0
route,STL->ATL,45,45,0,0.0
route,STL->AUS,7,7,0,0.0
route,STL->BDL,5,5,0,0.0
route,STL->BNA,6,6,0,0.0
route,STL->BOS,8,8,0,0.0
route,STL->BWI,13,13,0,0.0
route,STL->CLE,5,5,0,0.0
route,STL->CLT,6,6,0,0.0
route,STL->CMH,7,7,0,0.0
route,STL->CVG,9,9,0,0.0
route,STL->DAL,13,13,0,0.0
route,STL->DCA,22,22,0,0.0
route,STL->DEN,24,24,0,0.0
route,STL->DFW,4,4,0,0.0
route,STL->DSM,8,8,0,0.0
route,STL->DTW,22,22,0,0.0
route,STL->ECP,1,1,0,0.0
route,STL->EWR,19,19,0,0.0
route,STL->FLL,5,5,0,0.0
route,STL->HOU,19,19,0,0.0
route,STL->IAD,11,11,0,0.0
route,STL->IAH,18,18,0,0.0
route,STL->ICT,7,7,0,0.0
route,STL->LAS,13,13,0,0.0
route,STL->LAX,13,13,0,0.0
route,STL->LGA,22,22,0,0.0
route,STL->LIT,6,6,0,0.0
route,STL->MCI,16,16,0,0.0
route,STL->MCO,17,17,0,0.0
route,STL->MDW,26,26,0,0.0
route,STL->MIA,2,2,0,0.0
route,STL->MKE,4,4,0,0.0
route,STL->MSP,28,28,0,0.0
route,STL->MSY,3,3,0,0.0
route,STL->OAK,5,5,0,0.0
route,STL->OKC,7,7,0,0.0
route,STL->OMA,6,6,0,0.0
route,STL->ORD,35,35,0,0.0
route,STL->PBI,2,2,0,0.0
route,STL->PDX,2,2,0,0.0
route,STL->PHL,16,16,0,0.0
route,STL->PHX,13,13,0,0.0
route,STL->PIT,4,4,0,0.0
route,STL->RDU,3,3,0,0.0
route,STL->RSW,7,7,0,0.0
route,STL->SAN,6,6,0,0.0
route,STL->SAT,8,8,0,0.0
route,STL->SEA,5,5,0,0.0
route,STL->SFO,7,7,0,0.0
route,STL->SJC,1,1,0,0.0
route,STL->SLC,5,5,0,0.0
route,STL->SMF,3,3,0,0.0
route,STL->TPA,10,10,0,0.0
route,STL->TUL,1,1,0,0.0
route,STS->DEN,1,1,0,0.0
route,STS->LAX,12,12,0,0.0
route,STS->PDX,3,3,0,0.0
route,STS->PHX,1,1,0,0.0
route,STS->SAN,2,2,0,0.0
route,STS->SEA,3,3,0,0.0
route,STS->SFO,4,4,0,0.0
route,STS->SNA,6,6,0,0.0
route,STT->ATL,6,6,0,0.0
route,STT->EWR,3,3,0,0.0
route,STT->FLL,2,2,0,0.0
route,STT->IAD,1,1,0,0.0
route,STT->JFK,3,3,0,0.0
route,STT->MIA,1,1,0,0.0
route,STT->SJU,10,10,0,0.0
route,STX->MIA,1,1,0,0.0
route,STX->SJU,3,3,0,0.0
route,SUN->SLC,8,8,0,0.0
route,SUX->DFW,2,2,0,0.0
route,SWF->DTW,4,4,0,0.0
route,SWF->FLL,2,2,0,0.0
route,SWF->MCO,3,3,0,0.0
route,SWF->PHL,2,2,0,0.0
route,SWF->SFB,1,1,0,0.0
route,SYR->ATL,8,8,0,0.0
route,SYR->BOS,5,5,0,0.0
route,SYR->CLT,4,4,0,0.0
route,SYR->DCA,7,7,0,0.0
route,SYR->DTW,11,11,0,0.0
route,SYR->EWR,16,16,0,0.0
route,SYR->FLL,2,2,0,0.0
route,SYR->IAD,5,5,0,0.0
route,SYR->JFK,13,13,0,0.0
route,SYR->LGA,12,12,0,0.0
route,SYR->MCO,6,6,0,0.0
route,SYR->ORD,21,21,0,0.0
route,SYR->PGD,1,1,0,0.0
route,SYR->PHL,4,4,0,0.0
route,SYR->PIE,2,2,0,0.0
route,SYR->TPA,1,1,0,0.0
route,TLH->ATL,14,14,0,0.0
route,TLH->CLT,5,5,0,0.0
route,TLH->DCA,2,2,0,0.0
route,TLH->DFW,1,1,0,0.0
route,TLH->MIA,5,5,0,0.0
route,TOL->CLT,4,4,0,0.0
route,TOL->ORD,4,4,0,0.0
route,TOL->PGD,1,1,0,0.0
route,TOL->PIE,1,1,0,0.0
route,TOL->SFB,1,1,0,0.0
route,TPA->ACY,3,3,0,0.0
route,TPA->ALB,5,5,0,0.0
route,TPA->ATL,63,63,0,0.0
route,TPA->AUS,6,6,0,0.0
route,TPA->BDL,16,16,0,0.0
route,TPA->BHM,5,5,0,0.0
route,TPA->BNA,17,17,0,0.0
route,TPA->BOS,22,22,0,0.0
route,TPA->BUF,8,8,0,0.0
route,TPA->BWI,29,29,0,0.0
route,TPA->CAK,1,1,0,0.0
route,TPA->CLE,3,3,0,0.0
route,TPA->CLT,11,11,0,0.0
route,TPA->CMH,7,7,0,0.0
route,TPA->CVG,4,4,0,0.0
route,TPA->DAL,10,10,0,0.0
route,TPA->DCA,14,14,0,0.0
route,TPA->DEN,19,19,0,0.0
route,TPA->DFW,12,12,0,0.0
route,TPA->DTW,28,28,0,0.0
route,TPA->EWR,27,27,0,0.0
route,TPA->FLL,23,23,0,0.0
route,TPA->GSO,2,2,0,0.0
route,TPA->HOU,8,8,0,0.0
route,TPA->HPN,4,4,0,0.0
route,TPA->IAD,6,6,0,0.0
route,TPA->IAH,17,17,0,0.0
route,TPA->IND,10,10,0,0.0
route,TPA->ISP,9,9,0,0.0
route,TPA->JFK,21,21,0,0.0
route,TPA->LAS,7,7,0,0.0
route,TPA->LAX,7,7,0,0.0
route,TPA->LGA,23,23,0,0.0
route,TPA->MCI,5,5,0,0.0
route,TPA->MDW,11,11,0,0.0
route,TPA->MEM,3,3,0,0.0
route,TPA->MHT,7,7,0,0.0
route,TPA->MIA,5,5,0,0.0
route,TPA->MKE,7,7,0,0.0
route,TPA->MSP,9,9,0,0.0
route,TPA->MSY,15,15,0,0.0
route,TPA->ORD,28,28,0,0.0
route,TPA->PHL,24,24,0,0.0
route,TPA->PHX,6,6,0,0.0
route,TPA->PIT,7,7,0,0.0
route,TPA->PVD,12,12,0,0.0
route,TPA->PWM,2,2,0,0.0
route,TPA->RDU,13,13,0,0.0
route,TPA->ROC,5,5,0,0.0
route,TPA->SAT,4,4,0,0.0
route,TPA->SDF,2,2,0,0.0
route,TPA->SEA,6,6,0,0.0
route,TPA->SFO,4,4,0,0.0
route,TPA->SJU,10,10,0,0.0
route,TPA->SLC,1,1,0,0.0
route,TPA->STL,7,7,0,0.0
route,TPA->TTN,3,3,0,0.0
route,TRI->ATL,12,12,0,0.0
route,TRI->CLT,9,9,0,0.0
route,TRI->SFB,2,2,0,0.0
route,TTN->ATL,4,4,0,0.0
route,TTN->BNA,1,1,0,0.0
route,TTN->CLT,2,2,0,0.0
route,TTN->DTW,3,3,0,0.0
route,TTN->FLL,1,1,0,0.0
route,TTN->JAX,5,5,0,0.0
route,TTN->MCO,4,4,0,0.0
route,TTN->ORD,2,2,0,0.0
route,TTN->PBI,1,1,0,0.0
route,TTN->PGD,1,1,0,0.0
route,TTN->RDU,1,1,0,0.0
route,TTN->RSW,1,1,0,0.0
route,TTN->TPA,1,1,0,0.0
route,TUL->ATL,13,13,0,0.0
route,TUL->CLT,2,2,0,0.0
route,TUL->DAL,8,8,0,0.0
route,TUL->DEN,34,34,0,0.0
route,TUL->DFW,13,13,0,0.0
route,TUL->DTW,1,1,0,0.0
route,TUL->HOU,8,8,0,0.0
route,TUL->IAD,1,1,0,0.0
route,TUL->IAH,18,18,0,0.0
route,TUL->LAS,5,5,0,0.0
route,TUL->LAX,2,2,0,0.0
route,TUL->MCO,2,2,0,0.0
route,TUL->MSP,3,3,0,0.0
route,TUL->ORD,12,12,0,0.0
route,TUL->PHX,8,8,0,0.0
route,TUL->SAN,1,1,0,0.0
route,TUL->SFB,1,1,0,0.0
route,TUL->SLC,11,11,0,0.0
route,TUL->STL,3,3,0,0.0
route,TUS->ATL,12,12,0,0.0
route,TUS->DAL,1,1,0,0.0
route,TUS->DEN,18,18,0,0.0
route,TUS->DFW,9,9,0,0.0
route,TUS->IAH,6,6,0,0.0
route,TUS->LAS,14,14,0,0.0
route,TUS->LAX,24,24,0,0.0
route,TUS->MDW,2,2,0,0.0
route,TUS->MSP,4,4,0,0.0
route,TUS->OAK,1,1,0,0.0
route,TUS->ORD,2,2,0,0.0
route,TUS->PDX,2,2,0,0.0
route,TUS->PHX,7,7,0,0.0
route,TUS->SAN,6,6,0,0.0
route,TUS->SEA,4,4,0,0.0
route,TUS->SFO,20,20,0,0.0
route,TUS->SJC,3,3,0,0.0
route,TUS->SLC,7,7,0,0.0
route,TVC->DTW,4,4,0,0.0
route,TVC->ORD,11,11,0,0.0
route,TWF->SLC,13,13,0,0.0
route,TXK->DFW,6,6,0,0.0
route,TYR->DFW,10,10,0,0.0
route,TYS->ATL,29,29,0,0.0
route,TYS->CLT,7,7,0,0.0
route,TYS->DCA,4,4,0,0.0
route,TYS->DEN,6,6,0,0.0
route,TYS->DFW,6,6,0,0.0
route,TYS->DTW,13,13,0,0.0
route,TYS->EWR,3,3,0,0.0
route,TYS->FLL,4,4,0,0.0
route,TYS->IAD,9,9,0,0.0
route,TYS->IAH,9,9,0,0.0
route,TYS->LAS,1,1,0,0.0
route,TYS->LGA,8,8,0,0.0
route,TYS->MCO,1,1,0,0.0
route,TYS->MIA,5,5,0,0.0
route,TYS->MSP,3,3,0,0.0
route,TYS->ORD,15,15,0,0.0
route,TYS->PHL,5,5,0,0.0
route,TYS->PIE,1,1,0,0.0
route,TYS->SFB,3,3,0,0.0
route,UIN->CGI,4,4,0,0.0
route,UIN->ORD,11,11,0,0.0
route,USA->FLL,4,4,0,0.0
route,USA->MSY,1,1,0,0.0
route,USA->PGD,1,1,0,0.0
route,USA->PIE,2,2,0,0.0
route,USA->SFB,2,2,0,0.0
route,VLD->ATL,11,11,0,0.0
route,VPS->ATL,20,20,0,0.0
route,VPS->BLV,1,1,0,0.0
route,VPS->CLT,5,5,0,0.0
route,VPS->CVG,3,3,0,0.0
route,VPS->DCA,1,1,0,0.0
route,VPS->DFW,8,8,0,0.0
route,VPS->IAH,5,5,0,0.0
route,VPS->IND,1,1,0,0.0
route,VPS->OKC,1,1,0,0.0
route,WRG->KTN,6,6,0,0.0
route,WRG->PSG,5,5,0,0.0
route,XNA->ATL,19,19,0,0.0
route,XNA->CLT,7,7,0,0.0
route,XNA->DCA,1,1,0,0.0
route,XNA->DEN,5,5,0,0.0
route,XNA->DFW,9,9,0,0.0
route,XNA->EWR,2,2,0,0.0
route,XNA->IAH,11,11,0,0.0
route,XNA->LAX,1,1,0,0.0
route,XNA->LGA,3,3,0,0.0
route,XNA->MSP,6,6,0,0.0
route,XNA->ORD,19,19,0,0.0
route,XNA->SFB,2,2,0,0.0
route,XNA->SFO,2,2,0,0.0
route,YAK->CDV,4,4,0,0.0
route,YAK->JNU,6,6,0,0.0
route,YKM->SEA,16,16,0,0.0
route,YUM->PHX,8,8,0,0.0
Day_of_Month,1,2048,2048,0,0.0
Day_of_Month,10,1987,1987,0,0.0
Day_of_Month,11,2022,2022,0,0.0
Day_of_Month,12,2097,2097,0,0.0
Day_of_Month,13,1833,1833,0,0.0
Day_of_Month,14,1778,1778,0,0.0
Day_of_Month,15,2011,2011,0,0.0
Day_of_Month,16,2031,2031,0,0.0
Day_of_Month,17,1948,1948,0,0.0
Day_of_Month,18,1986,1986,0,0.0
Day_of_Month,19,2178,2178,0,0.0
Day_of_Month,2,1939,1939,0,0.0
Day_of_Month,20,1753,1753,0,0.0
Day_of_Month,21,1739,1739,0,0.0
Day_of_Month,22,2016,2016,0,0.0
Day_of_Month,23,1932,1932,0,0.0
Day_of_Month,24,1965,1965,0,0.0
Day_of_Month,25,1968,1968,0,0.0
Day_of_Month,26,2013,2013,0,0.0
Day_of_Month,27,1816,1816,0,0.0
Day_of_Month,28,1708,1708,0,0.0
Day_of_Month,29,2030,2030,0,0.0
Day_of_Month,3,2028,2028,0,0.0
Day_of_Month,30,1975,1975,0,0.0
Day_of_Month,4,2028,2028,0,0.0
Day_of_Month,5,1979,1979,0,0.0
Day_of_Month,6,1908,1908,0,0.0
Day_of_Month,7,1810,1810,0,0.0
Day_of_Month,8,1991,1991,0,0.0
Day_of_Month,9,2032,2032,0,0.0
