dimension,value,eligible_rows,matched_rows,unmatched_rows,unmatched_rate
Carrier_ID(DOT),19393,10302,10302,0,0.0
Carrier_ID(DOT),19687,363,363,0,0.0
Carrier_ID(DOT),19690,627,627,0,0.0
Carrier_ID(DOT),19790,2932,2932,0,0.0
Carrier_ID(DOT),19805,3215,3215,0,0.0
Carrier_ID(DOT),19930,820,820,0,0.0
Carrier_ID(DOT),19977,4524,4524,0,0.0
Carrier_ID(DOT),20046,744,744,0,0.0
Carrier_ID(DOT),20225,5,5,0,0.0
Carrier_ID(DOT),20237,589,589,0,0.0
Carrier_ID(DOT),20253,18,18,0,0.0
Carrier_ID(DOT),20263,75,75,0,0.0
Carrier_ID(DOT),20304,3923,3923,0,0.0
Carrier_ID(DOT),20363,811,811,0,0.0
Carrier_ID(DOT),20366,1298,1298,0,0.0
Carrier_ID(DOT),20368,804,804,0,0.0
Carrier_ID(DOT),20378,1211,1211,0,0.0
Carrier_ID(DOT),20397,942,942,0,0.0
Carrier_ID(DOT),20398,1006,1006,0,0.0
Carrier_ID(DOT),20409,2424,2424,0,0.0
Carrier_ID(DOT),20416,1421,1421,0,0.0
Carrier_ID(DOT),20427,357,357,0,0.0
Carrier_ID(DOT),20436,946,946,0,0.0
Carrier_ID(DOT),20445,332,332,0,0.0
Carrier_ID(DOT),20452,1536,1536,0,0.0
Carrier_ID(DOT),20500,503,503,0,0.0
Carrier_ID(DOT),21167,326,326,0,0.0
Carrier_ID(DOT),21171,308,308,0,0.0
Airline,(missing),4595,4595,0,0.0
Airline,Air Wisconsin Airlines Corp,643,643,0,0.0
Airline,Alaska Airlines Inc.,745,745,0,0.0
Airline,Allegiant Air,712,712,0,0.0
Airline,American Airlines Inc.,2860,2860,0,0.0
Airline,Cape Air,18,18,0,0.0
Airline,Capital Cargo International,327,327,0,0.0
Airline,Comair Inc.,836,836,0,0.0
Airline,"Commutair Aka Champlain Enterprises, Inc.",305,305,0,0.0
Airline,Compass Airlines,291,291,0,0.0
Airline,Delta Air Lines Inc.,2591,2591,0,0.0
Airline,Empire Airlines Inc.,68,68,0,0.0
Airline,Endeavor Air Inc.,718,718,0,0.0
Airline,Envoy Air,900,900,0,0.0
Airline,ExpressJet Airlines Inc.,1148,1148,0,0.0
Airline,Frontier Airlines Inc.,847,847,0,0.0
Airline,"GoJet Airlines, LLC d/b/a United Express",432,432,0,0.0
Airline,Hawaiian Airlines Inc.,562,562,0,0.0
Airline,Horizon Air,319,319,0,0.0
Airline,JetBlue Airways,2185,2185,0,0.0
Airline,Mesa Airlines Inc.,1093,1093,0,0.0
Airline,Peninsula Airways Inc.,5,5,0,0.0
Airline,Republic Airlines,1379,1379,0,0.0
Airline,SkyWest Airlines Inc.,3486,3486,0,0.0
Airline,Southwest Airlines Co.,9207,9207,0,0.0
Airline,Spirit Air Lines,1237,1237,0,0.0
Airline,Trans States Airlines,532,532,0,0.0
Airline,United Air Lines Inc.,4049,4049,0,0.0
Airline,Virgin America,272,272,0,0.0
carrier_group,previously-absent operator,3294,3294,0,0.0
carrier_group,reporting carrier,39068,39068,0,0.0
route,ABE->ATL,4,4,0,0.0
route,ABE->CLT,3,3,0,0.0
route,ABE->DTW,2,2,0,0.0
route,ABE->FLL,3,3,0,0.0
route,ABE->ORD,7,7,0,0.0
route,ABE->PGD,1,1,0,0.0
route,ABE->PHL,6,6,0,0.0
route,ABE->PIE,1,1,0,0.0
route,ABE->SFB,7,7,0,0.0
route,ABI->DFW,11,11,0,0.0
route,ABQ->BWI,2,2,0,0.0
route,ABQ->DAL,7,7,0,0.0
route,ABQ->DEN,21,21,0,0.0
route,ABQ->DFW,2,2,0,0.0
route,ABQ->HOU,9,9,0,0.0
route,ABQ->IAH,4,4,0,0.0
route,ABQ->LAS,11,11,0,0.0
route,ABQ->LAX,14,14,0,0.0
route,ABQ->MCI,5,5,0,0.0
route,ABQ->MCO,1,1,0,0.0
route,ABQ->MDW,5,5,0,0.0
route,ABQ->OAK,5,5,0,0.0
route,ABQ->ORD,5,5,0,0.0
route,ABQ->PHX,23,23,0,0.0
route,ABQ->SAN,8,8,0,0.0
route,ABQ->SFO,7,7,0,0.0
route,ABQ->SLC,1,1,0,0.0
route,ABR->MSP,2,2,0,0.0
route,ABY->ATL,3,3,0,0.0
route,ACT->DFW,7,7,0,0.0
route,ACV->LAX,1,1,0,0.0
route,ACV->SFO,10,10,0,0.0
route,ACY->FLL,5,5,0,0.0
route,ACY->MCO,7,7,0,0.0
route,ACY->MYR,5,5,0,0.0
route,ACY->PBI,5,5,0,0.0
route,ACY->RSW,2,2,0,0.0
route,ACY->TPA,3,3,0,0.0
route,ADQ->ANC,3,3,0,0.0
route,AEX->ATL,1,1,0,0.0
route,AEX->IAH,9,9,0,0.0
route,AGS->ATL,7,7,0,0.0
route,AGS->CLT,9,9,0,0.0
route,ALB->ATL,2,2,0,0.0
route,ALB->BWI,13,13,0,0.0
route,ALB->CLT,4,4,0,0.0
route,ALB->DCA,7,7,0,0.0
route,ALB->DEN,1,1,0,0.0
route,ALB->DTW,2,2,0,0.0
route,ALB->EWR,20,20,0,0.0
route,ALB->FLL,8,8,0,0.0
route,ALB->IAD,7,7,0,0.0
route,ALB->MCO,5,5,0,0.0
route,ALB->MDW,7,7,0,0.0
route,ALB->ORD,10,10,0,0.0
route,ALB->PHL,10,10,0,0.0
route,ALB->TPA,3,3,0,0.0
route,ALO->ORD,3,3,0,0.0
route,ALW->SEA,2,2,0,0.0
route,AMA->DAL,6,6,0,0.0
route,AMA->DEN,8,8,0,0.0
route,AMA->DFW,8,8,0,0.0
route,AMA->IAH,10,10,0,0.0
route,AMA->LAS,4,4,0,0.0
route,AMA->PHX,1,1,0,0.0
route,ANC->ADQ,2,2,0,0.0
route,ANC->BET,3,3,0,0.0
route,ANC->CDV,1,1,0,0.0
route,ANC->DEN,1,1,0,0.0
route,ANC->DUT,1,1,0,0.0
route,ANC->FAI,6,6,0,0.0
route,ANC->HNL,3,3,0,0.0
route,ANC->JNU,6,6,0,0.0
route,ANC->LAX,1,1,0,0.0
route,ANC->MSP,2,2,0,0.0
route,ANC->OGG,1,1,0,0.0
route,ANC->OTZ,1,1,0,0.0
route,ANC->PDX,4,4,0,0.0
route,ANC->PHX,1,1,0,0.0
route,ANC->SCC,4,4,0,0.0
route,ANC->SEA,21,21,0,0.0
route,APN->DTW,1,1,0,0.0
route,APN->PLN,1,1,0,0.0
route,ART->PHL,2,2,0,0.0
route,ASE->DEN,22,22,0,0.0
route,ASE->DFW,6,6,0,0.0
route,ASE->IAH,6,6,0,0.0
route,ASE->LAX,8,8,0,0.0
route,ASE->ORD,17,17,0,0.0
route,ASE->PHX,1,1,0,0.0
route,ASE->SFO,4,4,0,0.0
route,ASE->SLC,1,1,0,0.0
route,ATL->ABE,5,5,0,0.0
route,ATL->ABQ,2,2,0,0.0
route,ATL->ABY,3,3,0,0.0
route,ATL->AEX,5,5,0,0.0
route,ATL->AGS,9,9,0,0.0
route,ATL->ALB,4,4,0,0.0
route,ATL->ASE,1,1,0,0.0
route,ATL->ATW,3,3,0,0.0
route,ATL->AUS,13,13,0,0.0
route,ATL->AVL,11,11,0,0.0
route,ATL->BDL,6,6,0,0.0
route,ATL->BHM,11,11,0,0.0
route,ATL->BMI,4,4,0,0.0
route,ATL->BNA,22,22,0,0.0
route,ATL->BOS,37,37,0,0.0
route,ATL->BQK,3,3,0,0.0
route,ATL->BTR,12,12,0,0.0
route,ATL->BTV,1,1,0,0.0
route,ATL->BUF,5,5,0,0.0
route,ATL->BWI,35,35,0,0.0
route,ATL->CAE,2,2,0,0.0
route,ATL->CAK,3,3,0,0.0
route,ATL->CHA,8,8,0,0.0
route,ATL->CHO,8,8,0,0.0
route,ATL->CHS,11,11,0,0.0
route,ATL->CID,1,1,0,0.0
route,ATL->CLE,14,14,0,0.0
route,ATL->CLT,21,21,0,0.0
route,ATL->CMH,15,15,0,0.0
route,ATL->COS,1,1,0,0.0
route,ATL->CRW,4,4,0,0.0
route,ATL->CSG,4,4,0,0.0
route,ATL->CVG,4,4,0,0.0
route,ATL->DAB,3,3,0,0.0
route,ATL->DAL,19,19,0,0.0
route,ATL->DAY,2,2,0,0.0
route,ATL->DCA,34,34,0,0.0
route,ATL->DEN,34,34,0,0.0
route,ATL->DFW,29,29,0,0.0
route,ATL->DHN,5,5,0,0.0
route,ATL->DSM,2,2,0,0.0
route,ATL->DTW,25,25,0,0.0
route,ATL->ECP,7,7,0,0.0
route,ATL->ELP,4,4,0,0.0
route,ATL->EVV,3,3,0,0.0
route,ATL->EWN,3,3,0,0.0
route,ATL->EWR,32,32,0,0.0
route,ATL->EYW,5,5,0,0.0
route,ATL->FAY,3,3,0,0.0
route,ATL->FLL,43,43,0,0.0
route,ATL->FNT,2,2,0,0.0
route,ATL->FWA,5,5,0,0.0
route,ATL->GNV,2,2,0,0.0
route,ATL->GPT,4,4,0,0.0
route,ATL->GRR,3,3,0,0.0
route,ATL->GSO,5,5,0,0.0
route,ATL->GSP,19,19,0,0.0
route,ATL->GTR,1,1,0,0.0
route,ATL->HDN,1,1,0,0.0
route,ATL->HNL,1,1,0,0.0
route,ATL->HOU,22,22,0,0.0
route,ATL->HPN,5,5,0,0.0
route,ATL->HSV,16,16,0,0.0
route,ATL->IAD,24,24,0,0.0
route,ATL->IAH,26,26,0,0.0
route,ATL->ICT,2,2,0,0.0
route,ATL->ILM,6,6,0,0.0
route,ATL->IND,23,23,0,0.0
route,ATL->JAN,5,5,0,0.0
route,ATL->JAX,23,23,0,0.0
route,ATL->JFK,15,15,0,0.0
route,ATL->LAS,15,15,0,0.0
route,ATL->LAX,34,34,0,0.0
route,ATL->LEX,9,9,0,0.0
route,ATL->LGA,46,46,0,0.0
route,ATL->LIT,5,5,0,0.0
route,ATL->MCI,18,18,0,0.0
route,ATL->MCO,41,41,0,0.0
route,ATL->MDT,3,3,0,0.0
route,ATL->MDW,19,19,0,0.0
route,ATL->MEM,17,17,0,0.0
route,ATL->MGM,6,6,0,0.0
route,ATL->MIA,21,21,0,0.0
route,ATL->MKE,9,9,0,0.0
route,ATL->MLB,5,5,0,0.0
route,ATL->MLI,2,2,0,0.0
route,ATL->MLU,4,4,0,0.0
route,ATL->MOB,8,8,0,0.0
route,ATL->MSN,2,2,0,0.0
route,ATL->MSP,28,28,0,0.0
route,ATL->MSY,19,19,0,0.0
route,ATL->MYR,4,4,0,0.0
route,ATL->OAK,5,5,0,0.0
route,ATL->OKC,4,4,0,0.0
route,ATL->OMA,7,7,0,0.0
route,ATL->ORD,46,46,0,0.0
route,ATL->ORF,2,2,0,0.0
route,ATL->PBI,19,19,0,0.0
route,ATL->PDX,4,4,0,0.0
route,ATL->PHF,4,4,0,0.0
route,ATL->PHL,16,16,0,0.0
route,ATL->PHX,18,18,0,0.0
route,ATL->PIA,3,3,0,0.0
route,ATL->PIT,15,15,0,0.0
route,ATL->PNS,10,10,0,0.0
route,ATL->PVD,4,4,0,0.0
route,ATL->PWM,1,1,0,0.0
route,ATL->RDU,14,14,0,0.0
route,ATL->RIC,25,25,0,0.0
route,ATL->RNO,1,1,0,0.0
route,ATL->ROA,8,8,0,0.0
route,ATL->ROC,2,2,0,0.0
route,ATL->RSW,12,12,0,0.0
route,ATL->SAN,3,3,0,0.0
route,ATL->SAT,13,13,0,0.0
route,ATL->SAV,14,14,0,0.0
route,ATL->SBN,2,2,0,0.0
route,ATL->SDF,11,11,0,0.0
route,ATL->SEA,11,11,0,0.0
route,ATL->SFO,13,13,0,0.0
route,ATL->SGF,5,5,0,0.0
route,ATL->SHV,6,6,0,0.0
route,ATL->SJC,3,3,0,0.0
route,ATL->SJU,7,7,0,0.0
route,ATL->SLC,12,12,0,0.0
route,ATL->SMF,4,4,0,0.0
route,ATL->SNA,3,3,0,0.0
route,ATL->SRQ,6,6,0,0.0
route,ATL->STL,23,23,0,0.0
route,ATL->STT,2,2,0,0.0
route,ATL->SYR,2,2,0,0.0
route,ATL->TLH,9,9,0,0.0
route,ATL->TPA,35,35,0,0.0
route,ATL->TRI,11,11,0,0.0
route,ATL->TTN,1,1,0,0.0
route,ATL->TUL,8,8,0,0.0
route,ATL->TUS,2,2,0,0.0
route,ATL->TYS,14,14,0,0.0
route,ATL->VLD,4,4,0,0.0
route,ATL->VPS,7,7,0,0.0
route,ATL->XNA,5,5,0,0.0
route,ATW->ATL,2,2,0,0.0
route,ATW->DTW,4,4,0,0.0
route,ATW->LAS,1,1,0,0.0
route,ATW->MSP,1,1,0,0.0
route,ATW->ORD,18,18,0,0.0
route,ATW->PIE,1,1,0,0.0
route,ATW->SFB,2,2,0,0.0
route,AUS->ABQ,2,2,0,0.0
route,AUS->ATL,12,12,0,0.0
route,AUS->BNA,5,5,0,0.0
route,AUS->BOS,9,9,0,0.0
route,AUS->BWI,8,8,0,0.0
route,AUS->CLT,5,5,0,0.0
route,AUS->DAL,28,28,0,0.0
route,AUS->DCA,4,4,0,0.0
route,AUS->DEN,23,23,0,0.0
route,AUS->DFW,8,8,0,0.0
route,AUS->DTW,3,3,0,0.0
route,AUS->ELP,5,5,0,0.0
route,AUS->EWR,15,15,0,0.0
route,AUS->FLL,8,8,0,0.0
route,AUS->HOU,22,22,0,0.0
route,AUS->HRL,2,2,0,0.0
route,AUS->IAD,6,6,0,0.0
route,AUS->IAH,18,18,0,0.0
route,AUS->JFK,10,10,0,0.0
route,AUS->LAS,8,8,0,0.0
route,AUS->LAX,21,21,0,0.0
route,AUS->LBB,3,3,0,0.0
route,AUS->LGB,2,2,0,0.0
route,AUS->MCI,2,2,0,0.0
route,AUS->MCO,14,14,0,0.0
route,AUS->MDW,8,8,0,0.0
route,AUS->MEM,1,1,0,0.0
route,AUS->MIA,5,5,0,0.0
route,AUS->MSY,7,7,0,0.0
route,AUS->OAK,2,2,0,0.0
route,AUS->ONT,2,2,0,0.0
route,AUS->ORD,8,8,0,0.0
route,AUS->PHL,1,1,0,0.0
route,AUS->PHX,14,14,0,0.0
route,AUS->PIE,1,1,0,0.0
route,AUS->PIT,1,1,0,0.0
route,AUS->SAN,7,7,0,0.0
route,AUS->SEA,2,2,0,0.0
route,AUS->SFO,15,15,0,0.0
route,AUS->SJC,7,7,0,0.0
route,AUS->SLC,3,3,0,0.0
route,AUS->SMF,1,1,0,0.0
route,AUS->STL,8,8,0,0.0
route,AUS->TPA,3,3,0,0.0
route,AVL->ATL,7,7,0,0.0
route,AVL->CLT,7,7,0,0.0
route,AVL->EWR,2,2,0,0.0
route,AVL->FLL,7,7,0,0.0
route,AVL->IAD,1,1,0,0.0
route,AVL->ORD,9,9,0,0.0
route,AVL->PIE,3,3,0,0.0
route,AVL->SFB,3,3,0,0.0
route,AVL->SRQ,1,1,0,0.0
route,AVP->ATL,2,2,0,0.0
route,AVP->CLT,5,5,0,0.0
route,AVP->DTW,1,1,0,0.0
route,AVP->EWR,2,2,0,0.0
route,AVP->IAD,2,2,0,0.0
route,AVP->ORD,9,9,0,0.0
route,AVP->PHL,1,1,0,0.0
route,AZA->ATW,1,1,0,0.0
route,AZA->BIL,3,3,0,0.0
route,AZA->BIS,1,1,0,0.0
route,AZA->BLI,2,2,0,0.0
route,AZA->BLV,1,1,0,0.0
route,AZA->BZN,1,1,0,0.0
route,AZA->CID,2,2,0,0.0
route,AZA->CVG,1,1,0,0.0
route,AZA->DSM,2,2,0,0.0
route,AZA->EUG,1,1,0,0.0
route,AZA->FAR,4,4,0,0.0
route,AZA->FSD,2,2,0,0.0
route,AZA->GFK,1,1,0,0.0
route,AZA->GRI,1,1,0,0.0
route,AZA->GRR,2,2,0,0.0
route,AZA->ICT,1,1,0,0.0
route,AZA->LAS,2,2,0,0.0
route,AZA->MCI,2,2,0,0.0
route,AZA->MKE,1,1,0,0.0
route,AZA->MLI,1,1,0,0.0
route,AZA->MOT,3,3,0,0.0
route,AZA->MSO,2,2,0,0.0
route,AZA->OAK,2,2,0,0.0
route,AZA->OGD,1,1,0,0.0
route,AZA->OMA,3,3,0,0.0
route,AZA->PSC,1,1,0,0.0
route,AZA->PVU,3,3,0,0.0
route,AZA->RAP,1,1,0,0.0
route,AZA->RFD,3,3,0,0.0
route,AZA->SBN,1,1,0,0.0
route,AZA->SCK,1,1,0,0.0
route,AZA->STC,1,1,0,0.0
route,AZO->DTW,7,7,0,0.0
route,AZO->MSP,1,1,0,0.0
route,AZO->ORD,11,11,0,0.0
route,BDL->ATL,9,9,0,0.0
route,BDL->BWI,15,15,0,0.0
route,BDL->CLE,1,1,0,0.0
route,BDL->CLT,6,6,0,0.0
route,BDL->CVG,2,2,0,0.0
route,BDL->DCA,14,14,0,0.0
route,BDL->DEN,4,4,0,0.0
route,BDL->DFW,1,1,0,0.0
route,BDL->DTW,4,4,0,0.0
route,BDL->EWR,6,6,0,0.0
route,BDL->FLL,19,19,0,0.0
route,BDL->IAD,10,10,0,0.0
route,BDL->IAH,2,2,0,0.0
route,BDL->MCO,23,23,0,0.0
route,BDL->MDW,5,5,0,0.0
route,BDL->MSP,4,4,0,0.0
route,BDL->ORD,19,19,0,0.0
route,BDL->PBI,3,3,0,0.0
route,BDL->PHL,4,4,0,0.0
route,BDL->RDU,1,1,0,0.0
route,BDL->RSW,7,7,0,0.0
route,BDL->SJU,5,5,0,0.0
route,BDL->TPA,7,7,0,0.0
route,BET->ANC,3,3,0,0.0
route,BFF->DEN,6,6,0,0.0
route,BFL->DEN,4,4,0,0.0
route,BFL->PHX,4,4,0,0.0
route,BFL->SFO,7,7,0,0.0
route,BGM->DTW,3,3,0,0.0
route,BGR->DCA,4,4,0,0.0
route,BGR->EWR,8,8,0,0.0
route,BGR->LGA,8,8,0,0.0
route,BGR->PHL,2,2,0,0.0
route,BGR->PIE,2,2,0,0.0
route,BGR->SFB,1,1,0,0.0
route,BHM->ATL,11,11,0,0.0
route,BHM->BWI,4,4,0,0.0
route,BHM->CLT,11,11,0,0.0
route,BHM->DAL,3,3,0,0.0
route,BHM->DCA,3,3,0,0.0
route,BHM->DEN,5,5,0,0.0
route,BHM->DFW,5,5,0,0.0
route,BHM->DTW,2,2,0,0.0
route,BHM->HOU,2,2,0,0.0
route,BHM->IAH,12,12,0,0.0
route,BHM->LAS,2,2,0,0.0
route,BHM->LGA,5,5,0,0.0
route,BHM->MCO,6,6,0,0.0
route,BHM->MDW,3,3,0,0.0
route,BHM->MIA,2,2,0,0.0
route,BHM->ORD,11,11,0,0.0
route,BHM->PHL,3,3,0,0.0
route,BHM->TPA,7,7,0,0.0
route,BIL->AZA,4,4,0,0.0
route,BIL->DEN,18,18,0,0.0
route,BIL->DFW,4,4,0,0.0
route,BIL->MSP,2,2,0,0.0
route,BIL->SLC,5,5,0,0.0
route,BIS->AZA,4,4,0,0.0
route,BIS->DEN,6,6,0,0.0
route,BIS->DFW,5,5,0,0.0
route,BIS->LAS,4,4,0,0.0
route,BIS->MSP,6,6,0,0.0
route,BIS->ORD,4,4,0,0.0
route,BJI->MSP,1,1,0,0.0
route,BLI->AZA,1,1,0,0.0
route,BLI->LAS,5,5,0,0.0
route,BLI->LAX,2,2,0,0.0
route,BLI->OAK,1,1,0,0.0
route,BLI->OGG,2,2,0,0.0
route,BLI->PSP,2,2,0,0.0
route,BLI->SAN,1,1,0,0.0
route,BLI->SEA,6,6,0,0.0
route,BLV->AZA,1,1,0,0.0
route,BLV->FLL,1,1,0,0.0
route,BLV->JAX,1,1,0,0.0
route,BLV->PGD,2,2,0,0.0
route,BLV->PIE,1,1,0,0.0
route,BLV->SFB,2,2,0,0.0
route,BLV->VPS,2,2,0,0.0
route,BMI->DFW,2,2,0,0.0
route,BMI->MCO,1,1,0,0.0
route,BMI->ORD,2,2,0,0.0
route,BMI->PIE,1,1,0,0.0
route,BMI->SFB,1,1,0,0.0
route,BNA->ATL,10,10,0,0.0
route,BNA->AUS,7,7,0,0.0
route,BNA->BOS,14,14,0,0.0
route,BNA->BWI,22,22,0,0.0
route,BNA->CHS,8,8,0,0.0
route,BNA->CLE,5,5,0,0.0
route,BNA->CLT,9,9,0,0.0
route,BNA->CMH,6,6,0,0.0
route,BNA->DAL,10,10,0,0.0
route,BNA->DCA,16,16,0,0.0
route,BNA->DEN,21,21,0,0.0
route,BNA->DFW,12,12,0,0.0
route,BNA->DTW,10,10,0,0.0
route,BNA->ECP,5,5,0,0.0
route,BNA->EWR,17,17,0,0.0
route,BNA->FLL,14,14,0,0.0
route,BNA->HOU,15,15,0,0.0
route,BNA->IAD,9,9,0,0.0
route,BNA->IAH,14,14,0,0.0
route,BNA->JAX,5,5,0,0.0
route,BNA->JFK,9,9,0,0.0
route,BNA->LAS,9,9,0,0.0
route,BNA->LAX,14,14,0,0.0
route,BNA->LGA,15,15,0,0.0
route,BNA->MCI,11,11,0,0.0
route,BNA->MCO,12,12,0,0.0
route,BNA->MDW,19,19,0,0.0
route,BNA->MIA,4,4,0,0.0
route,BNA->MKE,5,5,0,0.0
route,BNA->MSP,7,7,0,0.0
route,BNA->MSY,13,13,0,0.0
route,BNA->OAK,2,2,0,0.0
route,BNA->ORD,26,26,0,0.0
route,BNA->PHL,13,13,0,0.0
route,BNA->PHX,14,14,0,0.0
route,BNA->PIE,1,1,0,0.0
route,BNA->PIT,3,3,0,0.0
route,BNA->PNS,6,6,0,0.0
route,BNA->RDU,11,11,0,0.0
route,BNA->RSW,2,2,0,0.0
route,BNA->SAN,2,2,0,0.0
route,BNA->SAT,4,4,0,0.0
route,BNA->SEA,4,4,0,0.0
route,BNA->SFO,6,6,0,0.0
route,BNA->STL,6,6,0,0.0
route,BNA->TPA,11,11,0,0.0
route,BOI->DEN,27,27,0,0.0
route,BOI->DFW,3,3,0,0.0
route,BOI->GEG,4,4,0,0.0
route,BOI->IAH,4,4,0,0.0
route,BOI->LAS,5,5,0,0.0
route,BOI->LAX,9,9,0,0.0
route,BOI->MSP,2,2,0,0.0
route,BOI->OAK,5,5,0,0.0
route,BOI->ORD,7,7,0,0.0
route,BOI->PDX,6,6,0,0.0
route,BOI->PHX,8,8,0,0.0
route,BOI->RNO,1,1,0,0.0
route,BOI->SAN,3,3,0,0.0
route,BOI->SEA,19,19,0,0.0
route,BOI->SFO,9,9,0,0.0
route,BOI->SJC,5,5,0,0.0
route,BOI->SLC,7,7,0,0.0
route,BOI->SMF,2,2,0,0.0
route,BOS->ATL,23,23,0,0.0
route,BOS->AUS,7,7,0,0.0
route,BOS->BNA,12,12,0,0.0
route,BOS->BUF,8,8,0,0.0
route,BOS->BUR,1,1,0,0.0
route,BOS->BWI,38,38,0,0.0
route,BOS->CHS,6,6,0,0.0
route,BOS->CLE,17,17,0,0.0
route,BOS->CLT,11,11,0,0.0
route,BOS->CMH,5,5,0,0.0
route,BOS->CVG,7,7,0,0.0
route,BOS->DAL,3,3,0,0.0
route,BOS->DCA,43,43,0,0.0
route,BOS->DEN,19,19,0,0.0
route,BOS->DFW,8,8,0,0.0
route,BOS->DTW,11,11,0,0.0
route,BOS->EWR,39,39,0,0.0
route,BOS->FLL,25,25,0,0.0
route,BOS->HOU,3,3,0,0.0
route,BOS->IAD,15,15,0,0.0
route,BOS->IAH,7,7,0,0.0
route,BOS->IND,8,8,0,0.0
route,BOS->JAX,11,11,0,0.0
route,BOS->JFK,34,34,0,0.0
route,BOS->LAS,22,22,0,0.0
route,BOS->LAX,32,32,0,0.0
route,BOS->LGA,29,29,0,0.0
route,BOS->MCI,3,3,0,0.0
route,BOS->MCO,38,38,0,0.0
route,BOS->MDT,1,1,0,0.0
route,BOS->MDW,5,5,0,0.0
route,BOS->MIA,9,9,0,0.0
route,BOS->MKE,6,6,0,0.0
route,BOS->MSP,12,12,0,0.0
route,BOS->MSY,7,7,0,0.0
route,BOS->MYR,1,1,0,0.0
route,BOS->ORD,45,45,0,0.0
route,BOS->PBI,20,20,0,0.0
route,BOS->PDX,1,1,0,0.0
route,BOS->PHL,40,40,0,0.0
route,BOS->PHX,9,9,0,0.0
route,BOS->PIT,15,15,0,0.0
route,BOS->RDU,24,24,0,0.0
route,BOS->RIC,6,6,0,0.0
route,BOS->ROC,2,2,0,0.0
route,BOS->RSW,42,42,0,0.0
route,BOS->SAN,6,6,0,0.0
route,BOS->SAV,4,4,0,0.0
route,BOS->SEA,9,9,0,0.0
route,BOS->SFO,35,35,0,0.0
route,BOS->SJC,5,5,0,0.0
route,BOS->SJU,5,5,0,0.0
route,BOS->SLC,6,6,0,0.0
route,BOS->SRQ,5,5,0,0.0
route,BOS->STL,3,3,0,0.0
route,BOS->SYR,3,3,0,0.0
route,BOS->TPA,12,12,0,0.0
route,BPT->DFW,4,4,0,0.0
route,BQK->ATL,2,2,0,0.0
route,BQN->EWR,3,3,0,0.0
route,BQN->FLL,6,6,0,0.0
route,BQN->JFK,5,5,0,0.0
route,BQN->MCO,4,4,0,0.0
route,BRD->MSP,3,3,0,0.0
route,BRO->DFW,3,3,0,0.0
route,BRO->IAH,12,12,0,0.0
route,BRW->ANC,1,1,0,0.0
route,BRW->FAI,1,1,0,0.0
route,BTM->SLC,2,2,0,0.0
route,BTR->ATL,12,12,0,0.0
route,BTR->CLT,4,4,0,0.0
route,BTR->DFW,6,6,0,0.0
route,BTR->IAH,22,22,0,0.0
route,BTV->ATL,1,1,0,0.0
route,BTV->CLT,4,4,0,0.0
route,BTV->DCA,3,3,0,0.0
route,BTV->DTW,5,5,0,0.0
route,BTV->EWR,10,10,0,0.0
route,BTV->IAD,3,3,0,0.0
route,BTV->JFK,11,11,0,0.0
route,BTV->LGA,2,2,0,0.0
route,BTV->ORD,1,1,0,0.0
route,BTV->PHL,4,4,0,0.0
route,BUF->ATL,1,1,0,0.0
route,BUF->BOS,9,9,0,0.0
route,BUF->BWI,6,6,0,0.0
route,BUF->CLT,2,2,0,0.0
route,BUF->DCA,5,5,0,0.0
route,BUF->DFW,3,3,0,0.0
route,BUF->DTW,6,6,0,0.0
route,BUF->EWR,10,10,0,0.0
route,BUF->FLL,8,8,0,0.0
route,BUF->IAD,5,5,0,0.0
route,BUF->JFK,16,16,0,0.0
route,BUF->LAS,6,6,0,0.0
route,BUF->LAX,4,4,0,0.0
route,BUF->LGA,4,4,0,0.0
route,BUF->MCO,18,18,0,0.0
route,BUF->MDW,4,4,0,0.0
route,BUF->ORD,8,8,0,0.0
route,BUF->PHL,3,3,0,0.0
route,BUF->PHX,8,8,0,0.0
route,BUF->RSW,1,1,0,0.0
route,BUF->TPA,13,13,0,0.0
route,BUR->BOS,2,2,0,0.0
route,BUR->DAL,2,2,0,0.0
route,BUR->DEN,16,16,0,0.0
route,BUR->HOU,1,1,0,0.0
route,BUR->JFK,3,3,0,0.0
route,BUR->LAS,28,28,0,0.0
route,BUR->MDW,1,1,0,0.0
route,BUR->OAK,26,26,0,0.0
route,BUR->PDX,3,3,0,0.0
route,BUR->PHX,18,18,0,0.0
route,BUR->SEA,4,4,0,0.0
route,BUR->SFO,34,34,0,0.0
route,BUR->SJC,34,34,0,0.0
route,BUR->SLC,7,7,0,0.0
route,BUR->SMF,29,29,0,0.0
route,BWI->ABQ,3,3,0,0.0
route,BWI->ALB,14,14,0,0.0
route,BWI->ATL,28,28,0,0.0
route,BWI->AUS,9,9,0,0.0
route,BWI->BDL,16,16,0,0.0
route,BWI->BHM,3,3,0,0.0
route,BWI->BNA,15,15,0,0.0
route,BWI->BOS,31,31,0,0.0
route,BWI->BUF,11,11,0,0.0
route,BWI->CHS,9,9,0,0.0
route,BWI->CLE,8,8,0,0.0
route,BWI->CLT,19,19,0,0.0
route,BWI->CMH,8,8,0,0.0
route,BWI->CVG,10,10,0,0.0
route,BWI->DAL,11,11,0,0.0
route,BWI->DEN,18,18,0,0.0
route,BWI->DFW,7,7,0,0.0
route,BWI->DTW,13,13,0,0.0
route,BWI->EWR,7,7,0,0.0
route,BWI->FLL,37,37,0,0.0
route,BWI->GRR,1,1,0,0.0
route,BWI->HOU,11,11,0,0.0
route,BWI->IAH,5,5,0,0.0
route,BWI->IND,4,4,0,0.0
route,BWI->ISP,14,14,0,0.0
route,BWI->JAX,8,8,0,0.0
route,BWI->JFK,4,4,0,0.0
route,BWI->LAS,12,12,0,0.0
route,BWI->LAX,10,10,0,0.0
route,BWI->MCI,6,6,0,0.0
route,BWI->MCO,58,58,0,0.0
route,BWI->MDW,19,19,0,0.0
route,BWI->MEM,1,1,0,0.0
route,BWI->MHT,8,8,0,0.0
route,BWI->MIA,5,5,0,0.0
route,BWI->MKE,9,9,0,0.0
route,BWI->MSP,9,9,0,0.0
route,BWI->MSY,9,9,0,0.0
route,BWI->OAK,1,1,0,0.0
route,BWI->OKC,3,3,0,0.0
route,BWI->ORD,13,13,0,0.0
route,BWI->ORF,10,10,0,0.0
route,BWI->PBI,14,14,0,0.0
route,BWI->PHL,2,2,0,0.0
route,BWI->PHX,8,8,0,0.0
route,BWI->PIT,9,9,0,0.0
route,BWI->PVD,13,13,0,0.0
route,BWI->PWM,8,8,0,0.0
route,BWI->RDU,10,10,0,0.0
route,BWI->ROC,8,8,0,0.0
route,BWI->RSW,11,11,0,0.0
route,BWI->SAN,4,4,0,0.0
route,BWI->SAT,6,6,0,0.0
route,BWI->SDF,6,6,0,0.0
route,BWI->SEA,4,4,0,0.0
route,BWI->SFO,4,4,0,0.0
route,BWI->SJC,1,1,0,0.0
route,BWI->SJU,4,4,0,0.0
route,BWI->SLC,2,2,0,0.0
route,BWI->SMF,2,2,0,0.0
route,BWI->STL,8,8,0,0.0
route,BWI->TPA,13,13,0,0.0
route,BZN->ATL,1,1,0,0.0
route,BZN->DEN,8,8,0,0.0
route,BZN->DFW,3,3,0,0.0
route,BZN->EWR,1,1,0,0.0
route,BZN->IAH,4,4,0,0.0
route,BZN->LAS,2,2,0,0.0
route,BZN->LAX,5,5,0,0.0
route,BZN->LGB,2,2,0,0.0
route,BZN->MSP,2,2,0,0.0
route,BZN->ORD,8,8,0,0.0
route,BZN->SEA,4,4,0,0.0
route,BZN->SFO,1,1,0,0.0
route,BZN->SLC,3,3,0,0.0
route,CAE->ATL,8,8,0,0.0
route,CAE->CLT,7,7,0,0.0
route,CAE->DCA,3,3,0,0.0
route,CAE->DFW,1,1,0,0.0
route,CAE->IAD,11,11,0,0.0
route,CAE->IAH,1,1,0,0.0
route,CAE->LGA,1,1,0,0.0
route,CAE->ORD,8,8,0,0.0
route,CAE->PHL,2,2,0,0.0
route,CAK->ATL,2,2,0,0.0
route,CAK->CLT,3,3,0,0.0
route,CAK->DCA,4,4,0,0.0
route,CAK->EWR,4,4,0,0.0
route,CAK->FLL,1,1,0,0.0
route,CAK->LGA,1,1,0,0.0
route,CAK->MCO,4,4,0,0.0
route,CAK->ORD,17,17,0,0.0
route,CAK->PHL,2,2,0,0.0
route,CAK->RSW,1,1,0,0.0
route,CAK->TPA,1,1,0,0.0
route,CDC->SLC,5,5,0,0.0
route,CDV->ANC,1,1,0,0.0
route,CDV->YAK,1,1,0,0.0
route,CGI->ORD,3,3,0,0.0
route,CGI->PAH,5,5,0,0.0
route,CHA->ATL,8,8,0,0.0
route,CHA->CLT,4,4,0,0.0
route,CHA->DFW,3,3,0,0.0
route,CHA->DTW,1,1,0,0.0
route,CHA->EWR,5,5,0,0.0
route,CHA->IAD,1,1,0,0.0
route,CHA->LGA,2,2,0,0.0
route,CHA->ORD,11,11,0,0.0
route,CHA->PIE,1,1,0,0.0
route,CHA->SFB,1,1,0,0.0
route,CHO->ATL,6,6,0,0.0
route,CHO->CLT,7,7,0,0.0
route,CHO->IAD,10,10,0,0.0
route,CHO->LGA,5,5,0,0.0
route,CHO->ORD,8,8,0,0.0
route,CHO->PHL,3,3,0,0.0
route,CHS->ATL,8,8,0,0.0
route,CHS->BNA,4,4,0,0.0
route,CHS->BOS,5,5,0,0.0
route,CHS->BWI,6,6,0,0.0
route,CHS->CLT,10,10,0,0.0
route,CHS->DAL,2,2,0,0.0
route,CHS->DCA,14,14,0,0.0
route,CHS->DEN,1,1,0,0.0
route,CHS->DFW,3,3,0,0.0
route,CHS->EWR,14,14,0,0.0
route,CHS->HOU,3,3,0,0.0
route,CHS->IAD,5,5,0,0.0
route,CHS->IAH,2,2,0,0.0
route,CHS->JFK,14,14,0,0.0
route,CHS->LGA,7,7,0,0.0
route,CHS->MIA,4,4,0,0.0
route,CHS->ORD,8,8,0,0.0
route,CHS->PHL,3,3,0,0.0
route,CHS->SEA,1,1,0,0.0
route,CID->ATL,2,2,0,0.0
route,CID->AZA,1,1,0,0.0
route,CID->CLT,2,2,0,0.0
route,CID->DEN,5,5,0,0.0
route,CID->DFW,5,5,0,0.0
route,CID->DTW,3,3,0,0.0
route,CID->LAS,4,4,0,0.0
route,CID->MCO,2,2,0,0.0
route,CID->MSP,4,4,0,0.0
route,CID->ORD,19,19,0,0.0
route,CID->SFB,1,1,0,0.0
route,CIU->DTW,2,2,0,0.0
route,CIU->MSP,1,1,0,0.0
route,CKB->AVL,1,1,0,0.0
route,CKB->IAD,2,2,0,0.0
route,CKB->ORD,1,1,0,0.0
route,CKB->SFB,1,1,0,0.0
route,CLE->ATL,10,10,0,0.0
route,CLE->BDL,2,2,0,0.0
route,CLE->BNA,7,7,0,0.0
route,CLE->BOS,11,11,0,0.0
route,CLE->BWI,3,3,0,0.0
route,CLE->CLT,9,9,0,0.0
route,CLE->DCA,18,18,0,0.0
route,CLE->DEN,12,12,0,0.0
route,CLE->DFW,5,5,0,0.0
route,CLE->DTW,7,7,0,0.0
route,CLE->EWR,14,14,0,0.0
route,CLE->FLL,9,9,0,0.0
route,CLE->IAD,14,14,0,0.0
route,CLE->IAH,19,19,0,0.0
route,CLE->JFK,5,5,0,0.0
route,CLE->LAS,7,7,0,0.0
route,CLE->LAX,7,7,0,0.0
route,CLE->LGA,24,24,0,0.0
route,CLE->MCO,10,10,0,0.0
route,CLE->MDW,12,12,0,0.0
route,CLE->MIA,6,6,0,0.0
route,CLE->MKE,11,11,0,0.0
route,CLE->MSP,8,8,0,0.0
route,CLE->MSY,3,3,0,0.0
route,CLE->ORD,35,35,0,0.0
route,CLE->PHL,5,5,0,0.0
route,CLE->PHX,7,7,0,0.0
route,CLE->PIE,2,2,0,0.0
route,CLE->RSW,8,8,0,0.0
route,CLE->SAN,1,1,0,0.0
route,CLE->SAV,1,1,0,0.0
route,CLE->SFO,7,7,0,0.0
route,CLE->STL,8,8,0,0.0
route,CLE->TPA,7,7,0,0.0
route,CLL->DFW,6,6,0,0.0
route,CLL->IAH,8,8,0,0.0
route,CLT->ABE,5,5,0,0.0
route,CLT->AGS,5,5,0,0.0
route,CLT->ALB,3,3,0,0.0
route,CLT->ATL,23,23,0,0.0
route,CLT->AUS,10,10,0,0.0
route,CLT->AVL,3,3,0,0.0
route,CLT->AVP,4,4,0,0.0
route,CLT->BDL,6,6,0,0.0
route,CLT->BHM,12,12,0,0.0
route,CLT->BNA,16,16,0,0.0
route,CLT->BOS,17,17,0,0.0
route,CLT->BTR,5,5,0,0.0
route,CLT->BTV,2,2,0,0.0
route,CLT->BUF,3,3,0,0.0
route,CLT->BWI,18,18,0,0.0
route,CLT->CAE,10,10,0,0.0
route,CLT->CAK,6,6,0,0.0
route,CLT->CHA,9,9,0,0.0
route,CLT->CHO,10,10,0,0.0
route,CLT->CHS,13,13,0,0.0
route,CLT->CID,6,6,0,0.0
route,CLT->CLE,11,11,0,0.0
route,CLT->CMH,9,9,0,0.0
route,CLT->CMI,1,1,0,0.0
route,CLT->CRW,6,6,0,0.0
route,CLT->CVG,8,8,0,0.0
route,CLT->DAB,7,7,0,0.0
route,CLT->DAL,4,4,0,0.0
route,CLT->DAY,8,8,0,0.0
route,CLT->DCA,7,7,0,0.0
route,CLT->DEN,14,14,0,0.0
route,CLT->DFW,12,12,0,0.0
route,CLT->DSM,5,5,0,0.0
route,CLT->DTW,15,15,0,0.0
route,CLT->ECP,1,1,0,0.0
route,CLT->EVV,2,2,0,0.0
route,CLT->EWN,5,5,0,0.0
route,CLT->EWR,20,20,0,0.0
route,CLT->EYW,3,3,0,0.0
route,CLT->FAY,9,9,0,0.0
route,CLT->FLL,6,6,0,0.0
route,CLT->FLO,3,3,0,0.0
route,CLT->FWA,4,4,0,0.0
route,CLT->GNV,3,3,0,0.0
route,CLT->GPT,1,1,0,0.0
route,CLT->GRR,4,4,0,0.0
route,CLT->GSO,8,8,0,0.0
route,CLT->GSP,10,10,0,0.0
route,CLT->HHH,7,7,0,0.0
route,CLT->HOU,1,1,0,0.0
route,CLT->HPN,2,2,0,0.0
route,CLT->HSV,3,3,0,0.0
route,CLT->HTS,3,3,0,0.0
route,CLT->IAD,22,22,0,0.0
route,CLT->IAH,24,24,0,0.0
route,CLT->ILM,9,9,0,0.0
route,CLT->IND,8,8,0,0.0
route,CLT->ITH,1,1,0,0.0
route,CLT->JAN,5,5,0,0.0
route,CLT->JAX,10,10,0,0.0
route,CLT->JFK,16,16,0,0.0
route,CLT->LAS,3,3,0,0.0
route,CLT->LAX,7,7,0,0.0
route,CLT->LEX,3,3,0,0.0
route,CLT->LGA,25,25,0,0.0
route,CLT->LIT,3,3,0,0.0
route,CLT->LYH,6,6,0,0.0
route,CLT->MCI,9,9,0,0.0
route,CLT->MCO,18,18,0,0.0
route,CLT->MDT,5,5,0,0.0
route,CLT->MDW,8,8,0,0.0
route,CLT->MEM,5,5,0,0.0
route,CLT->MGM,6,6,0,0.0
route,CLT->MHT,7,7,0,0.0
route,CLT->MIA,8,8,0,0.0
route,CLT->MKE,9,9,0,0.0
route,CLT->MLB,3,3,0,0.0
route,CLT->MOB,6,6,0,0.0
route,CLT->MSN,1,1,0,0.0
route,CLT->MSP,7,7,0,0.0
route,CLT->MSY,10,10,0,0.0
route,CLT->MYR,12,12,0,0.0
route,CLT->OAJ,9,9,0,0.0
route,CLT->OKC,1,1,0,0.0
route,CLT->OMA,6,6,0,0.0
route,CLT->ORD,28,28,0,0.0
route,CLT->ORF,11,11,0,0.0
route,CLT->PBI,5,5,0,0.0
route,CLT->PGV,4,4,0,0.0
route,CLT->PHF,5,5,0,0.0
route,CLT->PHL,19,19,0,0.0
route,CLT->PHX,5,5,0,0.0
route,CLT->PIA,5,5,0,0.0
route,CLT->PIT,7,7,0,0.0
route,CLT->PNS,4,4,0,0.0
route,CLT->PVD,6,6,0,0.0
route,CLT->PWM,2,2,0,0.0
route,CLT->RDU,16,16,0,0.0
route,CLT->RIC,15,15,0,0.0
route,CLT->ROA,14,14,0,0.0
route,CLT->ROC,4,4,0,0.0
route,CLT->RSW,9,9,0,0.0
route,CLT->SAN,5,5,0,0.0
route,CLT->SAT,5,5,0,0.0
route,CLT->SAV,19,19,0,0.0
route,CLT->SBN,4,4,0,0.0
route,CLT->SBY,3,3,0,0.0
route,CLT->SDF,7,7,0,0.0
route,CLT->SEA,1,1,0,0.0
route,CLT->SFO,7,7,0,0.0
route,CLT->SGF,2,2,0,0.0
route,CLT->SHV,5,5,0,0.0
route,CLT->SJU,3,3,0,0.0
route,CLT->SLC,1,1,0,0.0
route,CLT->SMF,2,2,0,0.0
route,CLT->SRQ,9,9,0,0.0
route,CLT->STL,8,8,0,0.0
route,CLT->STT,3,3,0,0.0
route,CLT->SYR,6,6,0,0.0
route,CLT->TLH,1,1,0,0.0
route,CLT->TPA,14,14,0,0.0
route,CLT->TRI,5,5,0,0.0
route,CLT->TUL,2,2,0,0.0
route,CLT->TYS,7,7,0,0.0
route,CLT->VPS,5,5,0,0.0
route,CLT->XNA,7,7,0,0.0
route,CMH->ATL,18,18,0,0.0
route,CMH->BNA,8,8,0,0.0
route,CMH->BOS,12,12,0,0.0
route,CMH->BWI,8,8,0,0.0
route,CMH->CLT,12,12,0,0.0
route,CMH->DAL,3,3,0,0.0
route,CMH->DCA,8,8,0,0.0
route,CMH->DEN,12,12,0,0.0
route,CMH->DFW,2,2,0,0.0
route,CMH->DTW,6,6,0,0.0
route,CMH->EWR,16,16,0,0.0
route,CMH->FLL,10,10,0,0.0
route,CMH->HOU,3,3,0,0.0
route,CMH->IAD,10,10,0,0.0
route,CMH->IAH,12,12,0,0.0
route,CMH->JFK,2,2,0,0.0
route,CMH->LAS,14,14,0,0.0
route,CMH->LAX,5,5,0,0.0
route,CMH->LGA,13,13,0,0.0
route,CMH->MCO,16,16,0,0.0
route,CMH->MDW,15,15,0,0.0
route,CMH->MIA,1,1,0,0.0
route,CMH->MSP,7,7,0,0.0
route,CMH->MSY,1,1,0,0.0
route,CMH->ORD,37,37,0,0.0
route,CMH->PHL,6,6,0,0.0
route,CMH->PHX,4,4,0,0.0
route,CMH->RSW,15,15,0,0.0
route,CMH->STL,5,5,0,0.0
route,CMH->TPA,9,9,0,0.0
route,CMI->CLT,3,3,0,0.0
route,CMI->DFW,4,4,0,0.0
route,CMI->ORD,11,11,0,0.0
route,CMX->ORD,7,7,0,0.0
route,CNY->DEN,3,3,0,0.0
route,COD->DEN,3,3,0,0.0
route,COS->ATL,1,1,0,0.0
route,COS->DEN,17,17,0,0.0
route,COS->DFW,6,6,0,0.0
route,COS->IAH,4,4,0,0.0
route,COS->LAS,5,5,0,0.0
route,COS->LAX,4,4,0,0.0
route,COS->ORD,9,9,0,0.0
route,COS->PHX,4,4,0,0.0
route,COS->SLC,2,2,0,0.0
route,COS->TPA,1,1,0,0.0
route,COU->DEN,3,3,0,0.0
route,COU->DFW,1,1,0,0.0
route,COU->ORD,5,5,0,0.0
route,CPR->DEN,13,13,0,0.0
route,CPR->SLC,3,3,0,0.0
route,CRP->DFW,9,9,0,0.0
route,CRP->HOU,8,8,0,0.0
route,CRP->IAH,13,13,0,0.0
route,CRW->ATL,6,6,0,0.0
route,CRW->CLT,5,5,0,0.0
route,CRW->DCA,3,3,0,0.0
route,CRW->IAD,6,6,0,0.0
route,CRW->IAH,4,4,0,0.0
route,CRW->ORD,2,2,0,0.0
route,CSG->ATL,5,5,0,0.0
route,CVG->ATL,10,10,0,0.0
route,CVG->AUS,1,1,0,0.0
route,CVG->AZA,2,2,0,0.0
route,CVG->BDL,2,2,0,0.0
route,CVG->BOS,3,3,0,0.0
route,CVG->BWI,18,18,0,0.0
route,CVG->CHS,1,1,0,0.0
route,CVG->CLT,13,13,0,0.0
route,CVG->DCA,6,6,0,0.0
route,CVG->DEN,16,16,0,0.0
route,CVG->DFW,3,3,0,0.0
route,CVG->DTW,7,7,0,0.0
route,CVG->EWR,21,21,0,0.0
route,CVG->FLL,3,3,0,0.0
route,CVG->IAD,11,11,0,0.0
route,CVG->IAH,17,17,0,0.0
route,CVG->JAX,1,1,0,0.0
route,CVG->JFK,1,1,0,0.0
route,CVG->LAS,6,6,0,0.0
route,CVG->LAX,2,2,0,0.0
route,CVG->LGA,8,8,0,0.0
route,CVG->MCI,3,3,0,0.0
route,CVG->MCO,9,9,0,0.0
route,CVG->MDW,11,11,0,0.0
route,CVG->MIA,4,4,0,0.0
route,CVG->MSP,10,10,0,0.0
route,CVG->MSY,1,1,0,0.0
route,CVG->ORD,44,44,0,0.0
route,CVG->PGD,4,4,0,0.0
route,CVG->PHL,6,6,0,0.0
route,CVG->PHX,3,3,0,0.0
route,CVG->PIE,3,3,0,0.0
route,CVG->PVD,2,2,0,0.0
route,CVG->RDU,8,8,0,0.0
route,CVG->RSW,2,2,0,0.0
route,CVG->SFB,3,3,0,0.0
route,CVG->SFO,4,4,0,0.0
route,CVG->SLC,1,1,0,0.0
route,CVG->STL,5,5,0,0.0
route,CVG->TPA,2,2,0,0.0
route,CVG->VPS,2,2,0,0.0
route,CWA->DTW,6,6,0,0.0
route,CWA->MSP,1,1,0,0.0
route,CWA->ORD,10,10,0,0.0
route,CYS->DFW,1,1,0,0.0
route,DAB->ATL,5,5,0,0.0
route,DAB->CLT,7,7,0,0.0
route,DAL->ABQ,19,19,0,0.0
route,DAL->AMA,11,11,0,0.0
route,DAL->ATL,21,21,0,0.0
route,DAL->AUS,33,33,0,0.0
route,DAL->BHM,9,9,0,0.0
route,DAL->BNA,13,13,0,0.0
route,DAL->BOS,4,4,0,0.0
route,DAL->BUR,4,4,0,0.0
route,DAL->BWI,18,18,0,0.0
route,DAL->CHS,2,2,0,0.0
route,DAL->CLT,6,6,0,0.0
route,DAL->CMH,2,2,0,0.0
route,DAL->DCA,12,12,0,0.0
route,DAL->DEN,22,22,0,0.0
route,DAL->DTW,10,10,0,0.0
route,DAL->ECP,3,3,0,0.0
route,DAL->ELP,16,16,0,0.0
route,DAL->FLL,9,9,0,0.0
route,DAL->HOU,49,49,0,0.0
route,DAL->IND,3,3,0,0.0
route,DAL->LAS,20,20,0,0.0
route,DAL->LAX,20,20,0,0.0
route,DAL->LBB,14,14,0,0.0
route,DAL->LGA,14,14,0,0.0
route,DAL->LIT,6,6,0,0.0
route,DAL->MAF,9,9,0,0.0
route,DAL->MCI,13,13,0,0.0
route,DAL->MCO,18,18,0,0.0
route,DAL->MDW,21,21,0,0.0
route,DAL->MEM,5,5,0,0.0
route,DAL->MSY,21,21,0,0.0
route,DAL->OAK,4,4,0,0.0
route,DAL->OKC,8,8,0,0.0
route,DAL->OMA,1,1,0,0.0
route,DAL->ONT,3,3,0,0.0
route,DAL->PDX,10,10,0,0.0
route,DAL->PHL,5,5,0,0.0
route,DAL->PHX,19,19,0,0.0
route,DAL->PIT,3,3,0,0.0
route,DAL->RDU,4,4,0,0.0
route,DAL->RSW,1,1,0,0.0
route,DAL->SAN,14,14,0,0.0
route,DAL->SAT,25,25,0,0.0
route,DAL->SDF,1,1,0,0.0
route,DAL->SEA,14,14,0,0.0
route,DAL->SFO,15,15,0,0.0
route,DAL->SJC,6,6,0,0.0
route,DAL->SLC,2,2,0,0.0
route,DAL->SMF,4,4,0,0.0
route,DAL->SNA,1,1,0,0.0
route,DAL->STL,13,13,0,0.0
route,DAL->TPA,6,6,0,0.0
route,DAL->TUL,7,7,0,0.0
route,DAL->TUS,1,1,0,0.0
route,DAY->ATL,4,4,0,0.0
route,DAY->CLT,3,3,0,0.0
route,DAY->DCA,4,4,0,0.0
route,DAY->DEN,7,7,0,0.0
route,DAY->DFW,7,7,0,0.0
route,DAY->DTW,9,9,0,0.0
route,DAY->EWR,14,14,0,0.0
route,DAY->IAD,7,7,0,0.0
route,DAY->LGA,2,2,0,0.0
route,DAY->MSP,1,1,0,0.0
route,DAY->ORD,17,17,0,0.0
route,DAY->PHL,4,4,0,0.0
route,DBQ->ORD,2,2,0,0.0
route,DCA->ALB,5,5,0,0.0
route,DCA->ATL,22,22,0,0.0
route,DCA->AUS,1,1,0,0.0
route,DCA->BDL,15,15,0,0.0
route,DCA->BGR,3,3,0,0.0
route,DCA->BHM,4,4,0,0.0
route,DCA->BNA,8,8,0,0.0
route,DCA->BOS,22,22,0,0.0
route,DCA->BTV,5,5,0,0.0
route,DCA->BUF,1,1,0,0.0
route,DCA->CAE,3,3,0,0.0
route,DCA->CHA,1,1,0,0.0
route,DCA->CHS,6,6,0,0.0
route,DCA->CLE,16,16,0,0.0
route,DCA->CLT,12,12,0,0.0
route,DCA->CMH,10,10,0,0.0
route,DCA->CRW,1,1,0,0.0
route,DCA->CVG,7,7,0,0.0
route,DCA->DAL,25,25,0,0.0
route,DCA->DAY,8,8,0,0.0
route,DCA->DEN,13,13,0,0.0
route,DCA->DFW,11,11,0,0.0
route,DCA->DSM,1,1,0,0.0
route,DCA->DTW,9,9,0,0.0
route,DCA->EWR,17,17,0,0.0
route,DCA->FLL,16,16,0,0.0
route,DCA->GRR,2,2,0,0.0
route,DCA->GSO,5,5,0,0.0
route,DCA->GSP,2,2,0,0.0
route,DCA->HOU,4,4,0,0.0
route,DCA->HPN,5,5,0,0.0
route,DCA->HSV,4,4,0,0.0
route,DCA->IAH,21,21,0,0.0
route,DCA->IND,4,4,0,0.0
route,DCA->JAN,1,1,0,0.0
route,DCA->JAX,8,8,0,0.0
route,DCA->JFK,11,11,0,0.0
route,DCA->LAS,1,1,0,0.0
route,DCA->LAX,4,4,0,0.0
route,DCA->LEX,2,2,0,0.0
route,DCA->LGA,25,25,0,0.0
route,DCA->LIT,1,1,0,0.0
route,DCA->MCI,8,8,0,0.0
route,DCA->MCO,26,26,0,0.0
route,DCA->MDW,13,13,0,0.0
route,DCA->MEM,6,6,0,0.0
route,DCA->MGM,3,3,0,0.0
route,DCA->MHT,5,5,0,0.0
route,DCA->MIA,16,16,0,0.0
route,DCA->MKE,5,5,0,0.0
route,DCA->MSN,1,1,0,0.0
route,DCA->MSP,9,9,0,0.0
route,DCA->MSY,14,14,0,0.0
route,DCA->MYR,1,1,0,0.0
route,DCA->OKC,2,2,0,0.0
route,DCA->OMA,3,3,0,0.0
route,DCA->ORD,50,50,0,0.0
route,DCA->ORF,6,6,0,0.0
route,DCA->PBI,8,8,0,0.0
route,DCA->PHL,5,5,0,0.0
route,DCA->PHX,1,1,0,0.0
route,DCA->PIT,6,6,0,0.0
route,DCA->PNS,4,4,0,0.0
route,DCA->PVD,14,14,0,0.0
route,DCA->PWM,6,6,0,0.0
route,DCA->RDU,7,7,0,0.0
route,DCA->ROC,4,4,0,0.0
route,DCA->RSW,11,11,0,0.0
route,DCA->SAV,2,2,0,0.0
route,DCA->SDF,4,4,0,0.0
route,DCA->SEA,5,5,0,0.0
route,DCA->SFO,3,3,0,0.0
route,DCA->SJU,3,3,0,0.0
route,DCA->SLC,2,2,0,0.0
route,DCA->STL,9,9,0,0.0
route,DCA->SYR,2,2,0,0.0
route,DCA->TLH,1,1,0,0.0
route,DCA->TPA,16,16,0,0.0
route,DCA->TYS,3,3,0,0.0
route,DCA->VPS,2,2,0,0.0
route,DCA->XNA,1,1,0,0.0
route,DEN->ABQ,18,18,0,0.0
route,DEN->ALB,1,1,0,0.0
route,DEN->AMA,5,5,0,0.0
route,DEN->ANC,1,1,0,0.0
route,DEN->ASE,25,25,0,0.0
route,DEN->ATL,28,28,0,0.0
route,DEN->ATW,2,2,0,0.0
route,DEN->AUS,29,29,0,0.0
route,DEN->BDL,2,2,0,0.0
route,DEN->BFF,5,5,0,0.0
route,DEN->BFL,2,2,0,0.0
route,DEN->BHM,4,4,0,0.0
route,DEN->BIL,18,18,0,0.0
route,DEN->BIS,10,10,0,0.0
route,DEN->BNA,23,23,0,0.0
route,DEN->BOI,19,19,0,0.0
route,DEN->BOS,23,23,0,0.0
route,DEN->BUF,1,1,0,0.0
route,DEN->BUR,10,10,0,0.0
route,DEN->BWI,18,18,0,0.0
route,DEN->BZN,15,15,0,0.0
route,DEN->CHS,1,1,0,0.0
route,DEN->CID,6,6,0,0.0
route,DEN->CLE,12,12,0,0.0
route,DEN->CLT,19,19,0,0.0
route,DEN->CMH,17,17,0,0.0
route,DEN->CNY,2,2,0,0.0
route,DEN->COS,24,24,0,0.0
route,DEN->COU,2,2,0,0.0
route,DEN->CPR,15,15,0,0.0
route,DEN->CVG,13,13,0,0.0
route,DEN->DAL,21,21,0,0.0
route,DEN->DAY,8,8,0,0.0
route,DEN->DCA,13,13,0,0.0
route,DEN->DFW,43,43,0,0.0
route,DEN->DIK,10,10,0,0.0
route,DEN->DRO,12,12,0,0.0
route,DEN->DSM,13,13,0,0.0
route,DEN->DTW,17,17,0,0.0
route,DEN->EAR,4,4,0,0.0
route,DEN->EGE,6,6,0,0.0
route,DEN->ELP,13,13,0,0.0
route,DEN->EUG,9,9,0,0.0
route,DEN->EWR,18,18,0,0.0
route,DEN->FAR,12,12,0,0.0
route,DEN->FAT,7,7,0,0.0
route,DEN->FCA,13,13,0,0.0
route,DEN->FLL,24,24,0,0.0
route,DEN->FSD,11,11,0,0.0
route,DEN->GCC,8,8,0,0.0
route,DEN->GEG,11,11,0,0.0
route,DEN->GJT,10,10,0,0.0
route,DEN->GRR,8,8,0,0.0
route,DEN->GTF,5,5,0,0.0
route,DEN->GUC,2,2,0,0.0
route,DEN->HDN,15,15,0,0.0
route,DEN->HNL,6,6,0,0.0
route,DEN->HOU,15,15,0,0.0
route,DEN->HRL,1,1,0,0.0
route,DEN->HSV,3,3,0,0.0
route,DEN->HYS,9,9,0,0.0
route,DEN->IAD,19,19,0,0.0
route,DEN->IAH,39,39,0,0.0
route,DEN->ICT,11,11,0,0.0
route,DEN->IDA,6,6,0,0.0
route,DEN->IND,13,13,0,0.0
route,DEN->ISN,10,10,0,0.0
route,DEN->JAC,8,8,0,0.0
route,DEN->JAN,2,2,0,0.0
route,DEN->JAX,7,7,0,0.0
route,DEN->JFK,3,3,0,0.0
route,DEN->JMS,2,2,0,0.0
route,DEN->KOA,6,6,0,0.0
route,DEN->LAR,5,5,0,0.0
route,DEN->LAS,50,50,0,0.0
route,DEN->LAX,58,58,0,0.0
route,DEN->LBB,7,7,0,0.0
route,DEN->LBF,3,3,0,0.0
route,DEN->LFT,1,1,0,0.0
route,DEN->LGA,29,29,0,0.0
route,DEN->LIH,2,2,0,0.0
route,DEN->LIT,9,9,0,0.0
route,DEN->LNK,3,3,0,0.0
route,DEN->MAF,10,10,0,0.0
route,DEN->MCI,32,32,0,0.0
route,DEN->MCO,22,22,0,0.0
route,DEN->MDW,19,19,0,0.0
route,DEN->MEM,9,9,0,0.0
route,DEN->MFR,7,7,0,0.0
route,DEN->MIA,11,11,0,0.0
route,DEN->MKE,17,17,0,0.0
route,DEN->MLI,2,2,0,0.0
route,DEN->MMH,4,4,0,0.0
route,DEN->MOT,8,8,0,0.0
route,DEN->MRY,3,3,0,0.0
route,DEN->MSN,3,3,0,0.0
route,DEN->MSO,11,11,0,0.0
route,DEN->MSP,43,43,0,0.0
route,DEN->MSY,18,18,0,0.0
route,DEN->MTJ,10,10,0,0.0
route,DEN->OAK,16,16,0,0.0
route,DEN->OGG,1,1,0,0.0
route,DEN->OKC,18,18,0,0.0
route,DEN->OMA,19,19,0,0.0
route,DEN->ONT,12,12,0,0.0
route,DEN->ORD,39,39,0,0.0
route,DEN->PDX,33,33,0,0.0
route,DEN->PHL,15,15,0,0.0
route,DEN->PHX,57,57,0,0.0
route,DEN->PIT,7,7,0,0.0
route,DEN->PNS,1,1,0,0.0
route,DEN->PSC,11,11,0,0.0
route,DEN->PSP,15,15,0,0.0
route,DEN->PUB,4,4,0,0.0
route,DEN->RAP,13,13,0,0.0
route,DEN->RDM,4,4,0,0.0
route,DEN->RDU,9,9,0,0.0
route,DEN->RIC,3,3,0,0.0
route,DEN->RKS,11,11,0,0.0
route,DEN->RNO,8,8,0,0.0
route,DEN->RSW,2,2,0,0.0
route,DEN->SAF,7,7,0,0.0
route,DEN->SAN,30,30,0,0.0
route,DEN->SAT,15,15,0,0.0
route,DEN->SBA,6,6,0,0.0
route,DEN->SBP,4,4,0,0.0
route,DEN->SDF,7,7,0,0.0
route,DEN->SEA,34,34,0,0.0
route,DEN->SFO,44,44,0,0.0
route,DEN->SGF,16,16,0,0.0
route,DEN->SGU,8,8,0,0.0
route,DEN->SJC,24,24,0,0.0
route,DEN->SLC,59,59,0,0.0
route,DEN->SMF,16,16,0,0.0
route,DEN->SNA,22,22,0,0.0
route,DEN->STL,37,37,0,0.0
route,DEN->SUN,4,4,0,0.0
route,DEN->TPA,20,20,0,0.0
route,DEN->TUL,21,21,0,0.0
route,DEN->TUS,16,16,0,0.0
route,DEN->TYS,4,4,0,0.0
route,DEN->VEL,6,6,0,0.0
route,DEN->XNA,9,9,0,0.0
route,DFW->ABI,3,3,0,0.0
route,DFW->ABQ,15,15,0,0.0
route,DFW->ACT,4,4,0,0.0
route,DFW->AEX,4,4,0,0.0
route,DFW->AMA,11,11,0,0.0
route,DFW->ASE,1,1,0,0.0
route,DFW->ATL,23,23,0,0.0
route,DFW->AUS,15,15,0,0.0
route,DFW->BDL,4,4,0,0.0
route,DFW->BHM,9,9,0,0.0
route,DFW->BIL,1,1,0,0.0
route,DFW->BIS,1,1,0,0.0
route,DFW->BMI,1,1,0,0.0
route,DFW->BNA,13,13,0,0.0
route,DFW->BOI,2,2,0,0.0
route,DFW->BOS,14,14,0,0.0
route,DFW->BPT,6,6,0,0.0
route,DFW->BRO,1,1,0,0.0
route,DFW->BTR,4,4,0,0.0
route,DFW->BUF,1,1,0,0.0
route,DFW->BWI,7,7,0,0.0
route,DFW->BZN,1,1,0,0.0
route,DFW->CAE,4,4,0,0.0
route,DFW->CHA,4,4,0,0.0
route,DFW->CHS,2,2,0,0.0
route,DFW->CID,4,4,0,0.0
route,DFW->CLE,6,6,0,0.0
route,DFW->CLL,6,6,0,0.0
route,DFW->CLT,13,13,0,0.0
route,DFW->CMH,4,4,0,0.0
route,DFW->CMI,3,3,0,0.0
route,DFW->COS,5,5,0,0.0
route,DFW->COU,2,2,0,0.0
route,DFW->CRP,9,9,0,0.0
route,DFW->CVG,13,13,0,0.0
route,DFW->DAY,3,3,0,0.0
route,DFW->DCA,5,5,0,0.0
route,DFW->DEN,30,30,0,0.0
route,DFW->DRO,1,1,0,0.0
route,DFW->DRT,3,3,0,0.0
route,DFW->DSM,6,6,0,0.0
route,DFW->DTW,14,14,0,0.0
route,DFW->ECP,2,2,0,0.0
route,DFW->EGE,4,4,0,0.0
route,DFW->ELP,9,9,0,0.0
route,DFW->EVV,1,1,0,0.0
route,DFW->EWR,17,17,0,0.0
route,DFW->FAR,2,2,0,0.0
route,DFW->FAT,2,2,0,0.0
route,DFW->FLL,10,10,0,0.0
route,DFW->FSD,2,2,0,0.0
route,DFW->FSM,6,6,0,0.0
route,DFW->FWA,1,1,0,0.0
route,DFW->GEG,2,2,0,0.0
route,DFW->GGG,2,2,0,0.0
route,DFW->GJT,1,1,0,0.0
route,DFW->GPT,1,1,0,0.0
route,DFW->GRI,4,4,0,0.0
route,DFW->GRK,4,4,0,0.0
route,DFW->GRR,1,1,0,0.0
route,DFW->GSO,3,3,0,0.0
route,DFW->GSP,1,1,0,0.0
route,DFW->GUC,1,1,0,0.0
route,DFW->HDN,1,1,0,0.0
route,DFW->HNL,4,4,0,0.0
route,DFW->HOU,9,9,0,0.0
route,DFW->HSV,5,5,0,0.0
route,DFW->IAD,9,9,0,0.0
route,DFW->IAH,40,40,0,0.0
route,DFW->ICT,9,9,0,0.0
route,DFW->IND,7,7,0,0.0
route,DFW->JAC,2,2,0,0.0
route,DFW->JAN,5,5,0,0.0
route,DFW->JAX,2,2,0,0.0
route,DFW->JLN,3,3,0,0.0
route,DFW->LAS,23,23,0,0.0
route,DFW->LAW,3,3,0,0.0
route,DFW->LAX,34,34,0,0.0
route,DFW->LBB,10,10,0,0.0
route,DFW->LCH,3,3,0,0.0
route,DFW->LEX,8,8,0,0.0
route,DFW->LFT,3,3,0,0.0
route,DFW->LGA,16,16,0,0.0
route,DFW->LIT,8,8,0,0.0
route,DFW->LRD,5,5,0,0.0
route,DFW->MAF,6,6,0,0.0
route,DFW->MCI,5,5,0,0.0
route,DFW->MCO,19,19,0,0.0
route,DFW->MEM,7,7,0,0.0
route,DFW->MFE,11,11,0,0.0
route,DFW->MGM,2,2,0,0.0
route,DFW->MHK,3,3,0,0.0
route,DFW->MIA,9,9,0,0.0
route,DFW->MKE,6,6,0,0.0
route,DFW->MLI,4,4,0,0.0
route,DFW->MLU,1,1,0,0.0
route,DFW->MOB,4,4,0,0.0
route,DFW->MSN,4,4,0,0.0
route,DFW->MSO,1,1,0,0.0
route,DFW->MSP,16,16,0,0.0
route,DFW->MSY,8,8,0,0.0
route,DFW->MTJ,5,5,0,0.0
route,DFW->OAK,3,3,0,0.0
route,DFW->OGG,3,3,0,0.0
route,DFW->OKC,9,9,0,0.0
route,DFW->OMA,4,4,0,0.0
route,DFW->ONT,6,6,0,0.0
route,DFW->ORD,29,29,0,0.0
route,DFW->ORF,3,3,0,0.0
route,DFW->PBI,5,5,0,0.0
route,DFW->PDX,4,4,0,0.0
route,DFW->PHL,9,9,0,0.0
route,DFW->PHX,18,18,0,0.0
route,DFW->PIA,3,3,0,0.0
route,DFW->PIB,2,2,0,0.0
route,DFW->PIT,8,8,0,0.0
route,DFW->PNS,6,6,0,0.0
route,DFW->PSP,5,5,0,0.0
route,DFW->RAP,2,2,0,0.0
route,DFW->RDU,2,2,0,0.0
route,DFW->RIC,2,2,0,0.0
route,DFW->RNO,5,5,0,0.0
route,DFW->ROW,2,2,0,0.0
route,DFW->RSW,8,8,0,0.0
route,DFW->SAF,5,5,0,0.0
route,DFW->SAN,15,15,0,0.0
route,DFW->SAT,11,11,0,0.0
route,DFW->SAV,1,1,0,0.0
route,DFW->SBA,1,1,0,0.0
route,DFW->SBN,4,4,0,0.0
route,DFW->SDF,2,2,0,0.0
route,DFW->SEA,11,11,0,0.0
route,DFW->SFO,16,16,0,0.0
route,DFW->SGF,11,11,0,0.0
route,DFW->SHV,8,8,0,0.0
route,DFW->SJC,8,8,0,0.0
route,DFW->SJU,3,3,0,0.0
route,DFW->SLC,12,12,0,0.0
route,DFW->SMF,4,4,0,0.0
route,DFW->SNA,7,7,0,0.0
route,DFW->SPI,4,4,0,0.0
route,DFW->SPS,5,5,0,0.0
route,DFW->SRQ,1,1,0,0.0
route,DFW->STL,8,8,0,0.0
route,DFW->SUX,2,2,0,0.0
route,DFW->SWO,3,3,0,0.0
route,DFW->TLH,2,2,0,0.0
route,DFW->TPA,8,8,0,0.0
route,DFW->TUL,10,10,0,0.0
route,DFW->TUS,8,8,0,0.0
route,DFW->TXK,7,7,0,0.0
route,DFW->TYR,3,3,0,0.0
route,DFW->TYS,3,3,0,0.0
route,DFW->VPS,1,1,0,0.0
route,DFW->XNA,7,7,0,0.0
route,DHN->ATL,5,5,0,0.0
route,DIK->DEN,8,8,0,0.0
route,DLH->MSP,6,6,0,0.0
route,DLH->ORD,5,5,0,0.0
route,DRO->DEN,11,11,0,0.0
route,DRO->DFW,2,2,0,0.0
route,DRO->PHX,6,6,0,0.0
route,DRT->DFW,1,1,0,0.0
route,DSM->ATL,2,2,0,0.0
route,DSM->AZA,3,3,0,0.0
route,DSM->CLT,4,4,0,0.0
route,DSM->DCA,1,1,0,0.0
route,DSM->DEN,14,14,0,0.0
route,DSM->DFW,7,7,0,0.0
route,DSM->DTW,7,7,0,0.0
route,DSM->EWR,2,2,0,0.0
route,DSM->IAH,11,11,0,0.0
route,DSM->LAS,7,7,0,0.0
route,DSM->MCO,1,1,0,0.0
route,DSM->MSP,7,7,0,0.0
route,DSM->ORD,19,19,0,0.0
route,DSM->PGD,1,1,0,0.0
route,DSM->PHX,1,1,0,0.0
route,DSM->PIE,3,3,0,0.0
route,DSM->SLC,2,2,0,0.0
route,DSM->STL,6,6,0,0.0
route,DTW->ABE,10,10,0,0.0
route,DTW->ATL,28,28,0,0.0
route,DTW->ATW,1,1,0,0.0
route,DTW->AUS,4,4,0,0.0
route,DTW->AVP,3,3,0,0.0
route,DTW->AZO,4,4,0,0.0
route,DTW->BDL,6,6,0,0.0
route,DTW->BGM,2,2,0,0.0
route,DTW->BHM,6,6,0,0.0
route,DTW->BNA,10,10,0,0.0
route,DTW->BOS,13,13,0,0.0
route,DTW->BTV,4,4,0,0.0
route,DTW->BUF,5,5,0,0.0
route,DTW->BWI,6,6,0,0.0
route,DTW->CHA,1,1,0,0.0
route,DTW->CID,4,4,0,0.0
route,DTW->CLE,3,3,0,0.0
route,DTW->CLT,14,14,0,0.0
route,DTW->CMH,13,13,0,0.0
route,DTW->CVG,3,3,0,0.0
route,DTW->CWA,3,3,0,0.0
route,DTW->DAL,3,3,0,0.0
route,DTW->DAY,5,5,0,0.0
route,DTW->DCA,17,17,0,0.0
route,DTW->DEN,19,19,0,0.0
route,DTW->DFW,17,17,0,0.0
route,DTW->DSM,7,7,0,0.0
route,DTW->ELM,4,4,0,0.0
route,DTW->ERI,1,1,0,0.0
route,DTW->ESC,1,1,0,0.0
route,DTW->EVV,4,4,0,0.0
route,DTW->EWR,26,26,0,0.0
route,DTW->FLL,10,10,0,0.0
route,DTW->FWA,3,3,0,0.0
route,DTW->GRB,5,5,0,0.0
route,DTW->GRR,5,5,0,0.0
route,DTW->GSO,6,6,0,0.0
route,DTW->GSP,2,2,0,0.0
route,DTW->HPN,3,3,0,0.0
route,DTW->IAD,21,21,0,0.0
route,DTW->IAH,21,21,0,0.0
route,DTW->IND,7,7,0,0.0
route,DTW->ITH,6,6,0,0.0
route,DTW->JAX,4,4,0,0.0
route,DTW->JFK,4,4,0,0.0
route,DTW->LAN,7,7,0,0.0
route,DTW->LAS,19,19,0,0.0
route,DTW->LAX,9,9,0,0.0
route,DTW->LEX,2,2,0,0.0
route,DTW->LGA,22,22,0,0.0
route,DTW->MBS,10,10,0,0.0
route,DTW->MCI,7,7,0,0.0
route,DTW->MCO,26,26,0,0.0
route,DTW->MDT,1,1,0,0.0
route,DTW->MDW,19,19,0,0.0
route,DTW->MEM,3,3,0,0.0
route,DTW->MHT,4,4,0,0.0
route,DTW->MIA,8,8,0,0.0
route,DTW->MKE,7,7,0,0.0
route,DTW->MLI,1,1,0,0.0
route,DTW->MSN,5,5,0,0.0
route,DTW->MSP,14,14,0,0.0
route,DTW->MSY,7,7,0,0.0
route,DTW->MYR,4,4,0,0.0
route,DTW->OKC,4,4,0,0.0
route,DTW->OMA,6,6,0,0.0
route,DTW->ORD,31,31,0,0.0
route,DTW->ORF,3,3,0,0.0
route,DTW->PBI,1,1,0,0.0
route,DTW->PHL,12,12,0,0.0
route,DTW->PHX,8,8,0,0.0
route,DTW->PIT,7,7,0,0.0
route,DTW->PLN,4,4,0,0.0
route,DTW->PVD,2,2,0,0.0
route,DTW->RDU,1,1,0,0.0
route,DTW->RIC,8,8,0,0.0
route,DTW->ROC,1,1,0,0.0
route,DTW->RSW,22,22,0,0.0
route,DTW->SAT,2,2,0,0.0
route,DTW->SBN,5,5,0,0.0
route,DTW->SDF,1,1,0,0.0
route,DTW->SEA,1,1,0,0.0
route,DTW->SFO,4,4,0,0.0
route,DTW->SLC,6,6,0,0.0
route,DTW->SNA,1,1,0,0.0
route,DTW->STL,11,11,0,0.0
route,DTW->SWF,1,1,0,0.0
route,DTW->SYR,2,2,0,0.0
route,DTW->TPA,12,12,0,0.0
route,DTW->TVC,4,4,0,0.0
route,DTW->TYS,5,5,0,0.0
route,DUT->ANC,4,4,0,0.0
route,DVL->DEN,1,1,0,0.0
route,DVL->JMS,5,5,0,0.0
route,EAR->DEN,8,8,0,0.0
route,EAT->SEA,5,5,0,0.0
route,EAU->ORD,6,6,0,0.0
route,ECP->ATL,3,3,0,0.0
route,ECP->BNA,6,6,0,0.0
route,ECP->CLT,2,2,0,0.0
route,ECP->DFW,2,2,0,0.0
route,ECP->HOU,1,1,0,0.0
route,ECP->IAH,10,10,0,0.0
route,EGE->ATL,2,2,0,0.0
route,EGE->DEN,7,7,0,0.0
route,EGE->DFW,3,3,0,0.0
route,EGE->EWR,2,2,0,0.0
route,EGE->IAH,3,3,0,0.0
route,EGE->LAX,1,1,0,0.0
route,EGE->ORD,3,3,0,0.0
route,EGE->SFO,1,1,0,0.0
route,EKO->SLC,2,2,0,0.0
route,ELM->DTW,7,7,0,0.0
route,ELM->EWR,1,1,0,0.0
route,ELM->PIE,2,2,0,0.0
route,ELM->SFB,2,2,0,0.0
route,ELP->ATL,2,2,0,0.0
route,ELP->AUS,11,11,0,0.0
route,ELP->DAL,10,10,0,0.0
route,ELP->DEN,16,16,0,0.0
route,ELP->DFW,6,6,0,0.0
route,ELP->HOU,8,8,0,0.0
route,ELP->IAH,8,8,0,0.0
route,ELP->LAS,7,7,0,0.0
route,ELP->LAX,8,8,0,0.0
route,ELP->ORD,3,3,0,0.0
route,ELP->PHX,18,18,0,0.0
route,ELP->SAN,2,2,0,0.0
route,ELP->SAT,9,9,0,0.0
route,ELP->SEA,1,1,0,0.0
route,ELP->SLC,2,2,0,0.0
route,ERI->DTW,4,4,0,0.0
route,ERI->ORD,7,7,0,0.0
route,ERI->PHL,3,3,0,0.0
route,ESC->DTW,5,5,0,0.0
route,EUG->AZA,1,1,0,0.0
route,EUG->DEN,6,6,0,0.0
route,EUG->LAS,1,1,0,0.0
route,EUG->LAX,4,4,0,0.0
route,EUG->PDX,2,2,0,0.0
route,EUG->PHX,2,2,0,0.0
route,EUG->SEA,8,8,0,0.0
route,EUG->SFO,5,5,0,0.0
route,EUG->SLC,3,3,0,0.0
route,EVV->ATL,3,3,0,0.0
route,EVV->CLT,4,4,0,0.0
route,EVV->DFW,2,2,0,0.0
route,EVV->DTW,1,1,0,0.0
route,EVV->ORD,7,7,0,0.0
route,EVV->SFB,1,1,0,0.0
route,EWN->CLT,9,9,0,0.0
route,EWR->ALB,10,10,0,0.0
route,EWR->ATL,41,41,0,0.0
route,EWR->AUS,11,11,0,0.0
route,EWR->AVL,3,3,0,0.0
route,EWR->AVP,3,3,0,0.0
route,EWR->BDL,9,9,0,0.0
route,EWR->BGR,9,9,0,0.0
route,EWR->BNA,15,15,0,0.0
route,EWR->BOS,39,39,0,0.0
route,EWR->BQN,1,1,0,0.0
route,EWR->BTV,10,10,0,0.0
route,EWR->BUF,11,11,0,0.0
route,EWR->BWI,8,8,0,0.0
route,EWR->BZN,4,4,0,0.0
route,EWR->CAK,4,4,0,0.0
route,EWR->CHA,4,4,0,0.0
route,EWR->CHS,9,9,0,0.0
route,EWR->CLE,11,11,0,0.0
route,EWR->CLT,29,29,0,0.0
route,EWR->CMH,12,12,0,0.0
route,EWR->CVG,25,25,0,0.0
route,EWR->DAY,5,5,0,0.0
route,EWR->DCA,12,12,0,0.0
route,EWR->DEN,26,26,0,0.0
route,EWR->DFW,21,21,0,0.0
route,EWR->DSM,1,1,0,0.0
route,EWR->DTW,14,14,0,0.0
route,EWR->EGE,5,5,0,0.0
route,EWR->ELM,4,4,0,0.0
route,EWR->EYW,3,3,0,0.0
route,EWR->FLL,65,65,0,0.0
route,EWR->FWA,2,2,0,0.0
route,EWR->GRR,6,6,0,0.0
route,EWR->GSO,7,7,0,0.0
route,EWR->GSP,6,6,0,0.0
route,EWR->HNL,3,3,0,0.0
route,EWR->IAD,13,13,0,0.0
route,EWR->IAH,26,26,0,0.0
route,EWR->IND,21,21,0,0.0
route,EWR->ITH,7,7,0,0.0
route,EWR->JAC,3,3,0,0.0
route,EWR->JAX,11,11,0,0.0
route,EWR->LAS,22,22,0,0.0
route,EWR->LAX,24,24,0,0.0
route,EWR->LEX,2,2,0,0.0
route,EWR->MCI,6,6,0,0.0
route,EWR->MCO,52,52,0,0.0
route,EWR->MDW,15,15,0,0.0
route,EWR->MEM,9,9,0,0.0
route,EWR->MHT,6,6,0,0.0
route,EWR->MIA,22,22,0,0.0
route,EWR->MKE,4,4,0,0.0
route,EWR->MSN,3,3,0,0.0
route,EWR->MSP,32,32,0,0.0
route,EWR->MSY,22,22,0,0.0
route,EWR->MTJ,2,2,0,0.0
route,EWR->MYR,1,1,0,0.0
route,EWR->OAK,1,1,0,0.0
route,EWR->OMA,9,9,0,0.0
route,EWR->ORD,40,40,0,0.0
route,EWR->ORF,15,15,0,0.0
route,EWR->PBI,38,38,0,0.0
route,EWR->PDX,9,9,0,0.0
route,EWR->PHX,18,18,0,0.0
route,EWR->PIT,12,12,0,0.0
route,EWR->PSP,2,2,0,0.0
route,EWR->PVD,6,6,0,0.0
route,EWR->PWM,9,9,0,0.0
route,EWR->RDU,29,29,0,0.0
route,EWR->RIC,13,13,0,0.0
route,EWR->ROC,18,18,0,0.0
route,EWR->RSW,20,20,0,0.0
route,EWR->SAN,12,12,0,0.0
route,EWR->SAT,6,6,0,0.0
route,EWR->SAV,3,3,0,0.0
route,EWR->SBN,2,2,0,0.0
route,EWR->SDF,5,5,0,0.0
route,EWR->SEA,8,8,0,0.0
route,EWR->SFO,36,36,0,0.0
route,EWR->SJC,1,1,0,0.0
route,EWR->SJU,9,9,0,0.0
route,EWR->SLC,7,7,0,0.0
route,EWR->SNA,10,10,0,0.0
route,EWR->SRQ,3,3,0,0.0
route,EWR->STL,17,17,0,0.0
route,EWR->STT,2,2,0,0.0
route,EWR->SYR,17,17,0,0.0
route,EWR->TPA,12,12,0,0.0
route,EWR->TYS,5,5,0,0.0
route,EWR->VPS,1,1,0,0.0
route,EWR->XNA,2,2,0,0.0
route,EYW->ATL,4,4,0,0.0
route,EYW->CLT,5,5,0,0.0
route,EYW->DFW,1,1,0,0.0
route,EYW->EWR,8,8,0,0.0
route,EYW->MIA,8,8,0,0.0
route,EYW->ORD,6,6,0,0.0
route,FAI->ANC,10,10,0,0.0
route,FAI->SCC,1,1,0,0.0
route,FAI->SEA,4,4,0,0.0
route,FAR->AZA,4,4,0,0.0
route,FAR->DEN,16,16,0,0.0
route,FAR->DFW,4,4,0,0.0
route,FAR->LAS,2,2,0,0.0
route,FAR->MSP,7,7,0,0.0
route,FAR->ORD,14,14,0,0.0
route,FAT->DEN,10,10,0,0.0
route,FAT->DFW,1,1,0,0.0
route,FAT->LAS,5,5,0,0.0
route,FAT->LAX,14,14,0,0.0
route,FAT->PDX,3,3,0,0.0
route,FAT->PHX,5,5,0,0.0
route,FAT->SAN,3,3,0,0.0
route,FAT->SEA,3,3,0,0.0
route,FAT->SFO,14,14,0,0.0
route,FAT->SLC,5,5,0,0.0
route,FAY->ATL,5,5,0,0.0
route,FAY->CLT,5,5,0,0.0
route,FAY->IAD,4,4,0,0.0
route,FCA->DEN,7,7,0,0.0
route,FCA->LAX,1,1,0,0.0
route,FCA->MSP,1,1,0,0.0
route,FCA->SEA,1,1,0,0.0
route,FCA->SLC,5,5,0,0.0
route,FLG->PHX,1,1,0,0.0
route,FLL->ACY,13,13,0,0.0
route,FLL->ALB,5,5,0,0.0
route,FLL->ATL,47,47,0,0.0
route,FLL->AUS,7,7,0,0.0
route,FLL->AVL,4,4,0,0.0
route,FLL->BDL,19,19,0,0.0
route,FLL->BNA,9,9,0,0.0
route,FLL->BOS,22,22,0,0.0
route,FLL->BQN,4,4,0,0.0
route,FLL->BUF,8,8,0,0.0
route,FLL->BWI,40,40,0,0.0
route,FLL->CAK,1,1,0,0.0
route,FLL->CHS,5,5,0,0.0
route,FLL->CLE,11,11,0,0.0
route,FLL->CLT,11,11,0,0.0
route,FLL->CMH,5,5,0,0.0
route,FLL->CVG,5,5,0,0.0
route,FLL->DAL,8,8,0,0.0
route,FLL->DCA,15,15,0,0.0
route,FLL->DEN,15,15,0,0.0
route,FLL->DFW,5,5,0,0.0
route,FLL->DTW,18,18,0,0.0
route,FLL->EWR,64,64,0,0.0
route,FLL->GRR,1,1,0,0.0
route,FLL->GSO,1,1,0,0.0
route,FLL->GSP,1,1,0,0.0
route,FLL->HOU,8,8,0,0.0
route,FLL->HPN,5,5,0,0.0
route,FLL->IAD,6,6,0,0.0
route,FLL->IAG,5,5,0,0.0
route,FLL->IAH,14,14,0,0.0
route,FLL->IND,7,7,0,0.0
route,FLL->ISP,6,6,0,0.0
route,FLL->JAX,10,10,0,0.0
route,FLL->JFK,32,32,0,0.0
route,FLL->LAS,10,10,0,0.0
route,FLL->LAX,12,12,0,0.0
route,FLL->LBE,2,2,0,0.0
route,FLL->LCK,2,2,0,0.0
route,FLL->LGA,41,41,0,0.0
route,FLL->LGB,2,2,0,0.0
route,FLL->MCI,7,7,0,0.0
route,FLL->MCO,19,19,0,0.0
route,FLL->MDW,10,10,0,0.0
route,FLL->MEM,1,1,0,0.0
route,FLL->MKE,2,2,0,0.0
route,FLL->MSP,7,7,0,0.0
route,FLL->MSY,17,17,0,0.0
route,FLL->MYR,3,3,0,0.0
route,FLL->ORD,20,20,0,0.0
route,FLL->ORF,1,1,0,0.0
route,FLL->ORH,2,2,0,0.0
route,FLL->PBG,6,6,0,0.0
route,FLL->PHL,15,15,0,0.0
route,FLL->PHX,2,2,0,0.0
route,FLL->PIT,7,7,0,0.0
route,FLL->PVD,10,10,0,0.0
route,FLL->RDU,15,15,0,0.0
route,FLL->RIC,11,11,0,0.0
route,FLL->SAN,1,1,0,0.0
route,FLL->SDF,1,1,0,0.0
route,FLL->SEA,3,3,0,0.0
route,FLL->SFO,6,6,0,0.0
route,FLL->SJU,23,23,0,0.0
route,FLL->SLC,2,2,0,0.0
route,FLL->STT,1,1,0,0.0
route,FLL->SWF,2,2,0,0.0
route,FLL->SYR,5,5,0,0.0
route,FLL->TPA,22,22,0,0.0
route,FLL->TYS,2,2,0,0.0
route,FLO->CLT,4,4,0,0.0
route,FNT->ATL,1,1,0,0.0
route,FNT->MCO,1,1,0,0.0
route,FNT->MDW,2,2,0,0.0
route,FNT->ORD,12,12,0,0.0
route,FNT->PGD,1,1,0,0.0
route,FNT->PIE,1,1,0,0.0
route,FNT->SFB,2,2,0,0.0
route,FNT->TPA,1,1,0,0.0
route,FSD->ATL,2,2,0,0.0
route,FSD->AZA,5,5,0,0.0
route,FSD->DEN,12,12,0,0.0
route,FSD->DFW,2,2,0,0.0
route,FSD->MSP,8,8,0,0.0
route,FSD->ORD,19,19,0,0.0
route,FSD->PIE,2,2,0,0.0
route,FSM->ATL,2,2,0,0.0
route,FSM->DFW,3,3,0,0.0
route,FWA->ATL,3,3,0,0.0
route,FWA->AZA,1,1,0,0.0
route,FWA->CLT,5,5,0,0.0
route,FWA->DFW,2,2,0,0.0
route,FWA->DTW,1,1,0,0.0
route,FWA->EWR,3,3,0,0.0
route,FWA->ORD,5,5,0,0.0
route,FWA->PGD,1,1,0,0.0
route,FWA->PHL,1,1,0,0.0
route,FWA->PIE,1,1,0,0.0
route,FWA->SFB,2,2,0,0.0
route,GCC->DEN,5,5,0,0.0
route,GCK->DFW,1,1,0,0.0
route,GEG->BOI,4,4,0,0.0
route,GEG->DEN,13,13,0,0.0
route,GEG->LAS,7,7,0,0.0
route,GEG->LAX,2,2,0,0.0
route,GEG->MSP,1,1,0,0.0
route,GEG->OAK,11,11,0,0.0
route,GEG->ORD,3,3,0,0.0
route,GEG->PDX,8,8,0,0.0
route,GEG->PHX,4,4,0,0.0
route,GEG->SAN,1,1,0,0.0
route,GEG->SEA,30,30,0,0.0
route,GEG->SFO,4,4,0,0.0
route,GEG->SLC,3,3,0,0.0
route,GEG->SMF,1,1,0,0.0
route,GFK->AZA,2,2,0,0.0
route,GFK->LAS,1,1,0,0.0
route,GFK->MSP,5,5,0,0.0
route,GGG->DFW,1,1,0,0.0
route,GJT->DEN,14,14,0,0.0
route,GJT->DFW,2,2,0,0.0
route,GJT->SLC,3,3,0,0.0
route,GNV->ATL,6,6,0,0.0
route,GNV->CLT,7,7,0,0.0
route,GNV->MIA,2,2,0,0.0
route,GPT->ATL,4,4,0,0.0
route,GPT->CLT,1,1,0,0.0
route,GPT->DFW,1,1,0,0.0
route,GPT->IAH,7,7,0,0.0
route,GPT->SFB,2,2,0,0.0
route,GRB->ATL,3,3,0,0.0
route,GRB->DTW,3,3,0,0.0
route,GRB->MSP,2,2,0,0.0
route,GRB->ORD,18,18,0,0.0
route,GRI->AZA,1,1,0,0.0
route,GRK->DFW,6,6,0,0.0
route,GRK->IAH,5,5,0,0.0
route,GRR->ATL,7,7,0,0.0
route,GRR->AZA,2,2,0,0.0
route,GRR->BWI,5,5,0,0.0
route,GRR->CLT,4,4,0,0.0
route,GRR->DCA,4,4,0,0.0
route,GRR->DEN,9,9,0,0.0
route,GRR->DFW,2,2,0,0.0
route,GRR->DTW,7,7,0,0.0
route,GRR->EWR,5,5,0,0.0
route,GRR->FLL,2,2,0,0.0
route,GRR->IAD,2,2,0,0.0
route,GRR->IAH,5,5,0,0.0
route,GRR->LAS,1,1,0,0.0
route,GRR->LGA,2,2,0,0.0
route,GRR->MCO,4,4,0,0.0
route,GRR->MDW,7,7,0,0.0
route,GRR->MIA,3,3,0,0.0
route,GRR->MSP,6,6,0,0.0
route,GRR->ORD,23,23,0,0.0
route,GRR->PGD,5,5,0,0.0
route,GRR->PHL,2,2,0,0.0
route,GRR->PHX,2,2,0,0.0
route,GRR->PIE,2,2,0,0.0
route,GRR->RSW,5,5,0,0.0
route,GRR->SFB,2,2,0,0.0
route,GRR->TPA,6,6,0,0.0
route,GSO->ATL,5,5,0,0.0
route,GSO->CLT,8,8,0,0.0
route,GSO->DCA,3,3,0,0.0
route,GSO->DFW,4,4,0,0.0
route,GSO->DTW,6,6,0,0.0
route,GSO->EWR,6,6,0,0.0
route,GSO->FLL,1,1,0,0.0
route,GSO->IAD,8,8,0,0.0
route,GSO->LGA,5,5,0,0.0
route,GSO->MCO,1,1,0,0.0
route,GSO->MIA,1,1,0,0.0
route,GSO->ORD,5,5,0,0.0
route,GSO->PHL,5,5,0,0.0
route,GSO->PIE,1,1,0,0.0
route,GSO->SFB,1,1,0,0.0
route,GSO->TPA,1,1,0,0.0
route,GSP->ATL,13,13,0,0.0
route,GSP->CLT,15,15,0,0.0
route,GSP->DCA,2,2,0,0.0
route,GSP->DFW,1,1,0,0.0
route,GSP->DTW,1,1,0,0.0
route,GSP->EWR,7,7,0,0.0
route,GSP->IAD,6,6,0,0.0
route,GSP->IAH,1,1,0,0.0
route,GSP->LGA,1,1,0,0.0
route,GSP->MIA,2,2,0,0.0
route,GSP->ORD,13,13,0,0.0
route,GSP->PHL,4,4,0,0.0
route,GSP->PIE,1,1,0,0.0
route,GSP->SFB,2,2,0,0.0
route,GTF->AZA,1,1,0,0.0
route,GTF->DEN,2,2,0,0.0
route,GTF->LAS,1,1,0,0.0
route,GTF->MSP,3,3,0,0.0
route,GTR->ATL,3,3,0,0.0
route,GUC->DEN,5,5,0,0.0
route,GUC->DFW,3,3,0,0.0
route,GUM->HNL,4,4,0,0.0
route,GUM->ROP,1,1,0,0.0
route,GUM->SPN,8,8,0,0.0
route,HDN->ATL,1,1,0,0.0
route,HDN->DEN,15,15,0,0.0
route,HDN->DFW,2,2,0,0.0
route,HDN->EWR,1,1,0,0.0
route,HDN->IAD,1,1,0,0.0
route,HDN->IAH,3,3,0,0.0
route,HDN->LAX,2,2,0,0.0
route,HDN->ORD,4,4,0,0.0
route,HDN->SEA,1,1,0,0.0
route,HGR->SFB,2,2,0,0.0
route,HHH->CLT,2,2,0,0.0
route,HIB->MSP,3,3,0,0.0
route,HLN->DEN,6,6,0,0.0
route,HLN->MSP,1,1,0,0.0
route,HLN->SEA,2,2,0,0.0
route,HLN->SLC,3,3,0,0.0
route,HNL->ANC,1,1,0,0.0
route,HNL->ATL,1,1,0,0.0
route,HNL->DEN,2,2,0,0.0
route,HNL->DFW,1,1,0,0.0
route,HNL->EWR,4,4,0,0.0
route,HNL->GUM,2,2,0,0.0
route,HNL->IAD,2,2,0,0.0
route,HNL->IAH,4,4,0,0.0
route,HNL->ITO,41,41,0,0.0
route,HNL->JFK,6,6,0,0.0
route,HNL->JHM,6,6,0,0.0
route,HNL->KOA,43,43,0,0.0
route,HNL->LAS,10,10,0,0.0
route,HNL->LAX,34,34,0,0.0
route,HNL->LIH,47,47,0,0.0
route,HNL->LNY,14,14,0,0.0
route,HNL->MKK,4,4,0,0.0
route,HNL->MSP,1,1,0,0.0
route,HNL->OAK,7,7,0,0.0
route,HNL->OGG,88,88,0,0.0
route,HNL->ORD,3,3,0,0.0
route,HNL->PDX,7,7,0,0.0
route,HNL->PHX,3,3,0,0.0
route,HNL->SAN,3,3,0,0.0
route,HNL->SEA,9,9,0,0.0
route,HNL->SFO,18,18,0,0.0
route,HNL->SJC,3,3,0,0.0
route,HNL->SLC,1,1,0,0.0
route,HNL->SMF,5,5,0,0.0
route,HOB->IAH,6,6,0,0.0
route,HOU->ABQ,12,12,0,0.0
route,HOU->ATL,22,22,0,0.0
route,HOU->AUS,12,12,0,0.0
route,HOU->BHM,7,7,0,0.0
route,HOU->BNA,9,9,0,0.0
route,HOU->BOS,3,3,0,0.0
route,HOU->BUR,2,2,0,0.0
route,HOU->BWI,10,10,0,0.0
route,HOU->CHS,4,4,0,0.0
route,HOU->CLT,2,2,0,0.0
route,HOU->CRP,10,10,0,0.0
route,HOU->DAL,62,62,0,0.0
route,HOU->DCA,10,10,0,0.0
route,HOU->DEN,15,15,0,0.0
route,HOU->DFW,10,10,0,0.0
route,HOU->ECP,3,3,0,0.0
route,HOU->ELP,10,10,0,0.0
route,HOU->FLL,5,5,0,0.0
route,HOU->HRL,9,9,0,0.0
route,HOU->IND,5,5,0,0.0
route,HOU->JAX,2,2,0,0.0
route,HOU->JFK,3,3,0,0.0
route,HOU->LAS,16,16,0,0.0
route,HOU->LAX,10,10,0,0.0
route,HOU->LGA,15,15,0,0.0
route,HOU->MAF,11,11,0,0.0
route,HOU->MCI,10,10,0,0.0
route,HOU->MCO,12,12,0,0.0
route,HOU->MDW,15,15,0,0.0
route,HOU->MEM,2,2,0,0.0
route,HOU->MIA,4,4,0,0.0
route,HOU->MKE,3,3,0,0.0
route,HOU->MSY,30,30,0,0.0
route,HOU->OAK,4,4,0,0.0
route,HOU->OKC,10,10,0,0.0
route,HOU->OMA,1,1,0,0.0
route,HOU->PHX,15,15,0,0.0
route,HOU->PIT,4,4,0,0.0
route,HOU->PNS,3,3,0,0.0
route,HOU->RDU,3,3,0,0.0
route,HOU->SAN,1,1,0,0.0
route,HOU->SAT,17,17,0,0.0
route,HOU->SDF,2,2,0,0.0
route,HOU->SJC,3,3,0,0.0
route,HOU->SLC,1,1,0,0.0
route,HOU->SNA,1,1,0,0.0
route,HOU->STL,8,8,0,0.0
route,HOU->TPA,14,14,0,0.0
route,HOU->TUL,3,3,0,0.0
route,HPN->ATL,5,5,0,0.0
route,HPN->CLT,8,8,0,0.0
route,HPN->DCA,10,10,0,0.0
route,HPN->DTW,6,6,0,0.0
route,HPN->FLL,9,9,0,0.0
route,HPN->MCO,11,11,0,0.0
route,HPN->ORD,13,13,0,0.0
route,HPN->PBI,13,13,0,0.0
route,HPN->RSW,5,5,0,0.0
route,HPN->TPA,3,3,0,0.0
route,HRL->AUS,3,3,0,0.0
route,HRL->HOU,10,10,0,0.0
route,HRL->IAH,16,16,0,0.0
route,HRL->MSP,1,1,0,0.0
route,HRL->ORD,1,1,0,0.0
route,HSV->ATL,4,4,0,0.0
route,HSV->CLT,5,5,0,0.0
route,HSV->DCA,5,5,0,0.0
route,HSV->DEN,2,2,0,0.0
route,HSV->DFW,3,3,0,0.0
route,HSV->DTW,1,1,0,0.0
route,HSV->IAD,7,7,0,0.0
route,HSV->IAH,8,8,0,0.0
route,HSV->MCO,1,1,0,0.0
route,HSV->ORD,3,3,0,0.0
route,HTS->CLT,7,7,0,0.0
route,HTS->SFB,1,1,0,0.0
route,HVN->PHL,3,3,0,0.0
route,HYS->DEN,5,5,0,0.0
route,HYS->SLN,2,2,0,0.0
route,IAD->ALB,7,7,0,0.0
route,IAD->ATL,25,25,0,0.0
route,IAD->AUS,12,12,0,0.0
route,IAD->AVL,1,1,0,0.0
route,IAD->BDL,6,6,0,0.0
route,IAD->BNA,7,7,0,0.0
route,IAD->BOS,16,16,0,0.0
route,IAD->BTV,6,6,0,0.0
route,IAD->BUF,6,6,0,0.0
route,IAD->CAE,7,7,0,0.0
route,IAD->CHA,6,6,0,0.0
route,IAD->CHO,6,6,0,0.0
route,IAD->CHS,8,8,0,0.0
route,IAD->CKB,6,6,0,0.0
route,IAD->CLE,13,13,0,0.0
route,IAD->CLT,22,22,0,0.0
route,IAD->CMH,12,12,0,0.0
route,IAD->CRW,3,3,0,0.0
route,IAD->CVG,11,11,0,0.0
route,IAD->DAY,6,6,0,0.0
route,IAD->DEN,20,20,0,0.0
route,IAD->DFW,24,24,0,0.0
route,IAD->DTW,10,10,0,0.0
route,IAD->EGE,1,1,0,0.0
route,IAD->EWR,21,21,0,0.0
route,IAD->FAY,7,7,0,0.0
route,IAD->FLL,9,9,0,0.0
route,IAD->GRR,4,4,0,0.0
route,IAD->GSO,5,5,0,0.0
route,IAD->GSP,6,6,0,0.0
route,IAD->HSV,3,3,0,0.0
route,IAD->IAH,12,12,0,0.0
route,IAD->ILM,2,2,0,0.0
route,IAD->IND,9,9,0,0.0
route,IAD->ITH,3,3,0,0.0
route,IAD->JAX,11,11,0,0.0
route,IAD->JFK,11,11,0,0.0
route,IAD->LAS,8,8,0,0.0
route,IAD->LAX,20,20,0,0.0
route,IAD->LEX,1,1,0,0.0
route,IAD->LGA,4,4,0,0.0
route,IAD->LWB,2,2,0,0.0
route,IAD->MCI,8,8,0,0.0
route,IAD->MCO,15,15,0,0.0
route,IAD->MDT,9,9,0,0.0
route,IAD->MIA,1,1,0,0.0
route,IAD->MSP,4,4,0,0.0
route,IAD->MSY,5,5,0,0.0
route,IAD->OKC,4,4,0,0.0
route,IAD->ORD,9,9,0,0.0
route,IAD->ORF,9,9,0,0.0
route,IAD->PBG,2,2,0,0.0
route,IAD->PHL,7,7,0,0.0
route,IAD->PHX,4,4,0,0.0
route,IAD->PIT,7,7,0,0.0
route,IAD->PVD,3,3,0,0.0
route,IAD->PWM,7,7,0,0.0
route,IAD->RDU,12,12,0,0.0
route,IAD->RIC,11,11,0,0.0
route,IAD->ROA,5,5,0,0.0
route,IAD->ROC,5,5,0,0.0
route,IAD->SAN,9,9,0,0.0
route,IAD->SAT,6,6,0,0.0
route,IAD->SAV,7,7,0,0.0
route,IAD->SCE,8,8,0,0.0
route,IAD->SDF,6,6,0,0.0
route,IAD->SEA,6,6,0,0.0
route,IAD->SFO,30,30,0,0.0
route,IAD->SHD,2,2,0,0.0
route,IAD->SJU,2,2,0,0.0
route,IAD->STL,7,7,0,0.0
route,IAD->SYR,7,7,0,0.0
route,IAD->TPA,11,11,0,0.0
route,IAD->TYS,2,2,0,0.0
route,IAG->FLL,5,5,0,0.0
route,IAG->MYR,1,1,0,0.0
route,IAG->PGD,4,4,0,0.0
route,IAG->SFB,3,3,0,0.0
route,IAH->ABQ,10,10,0,0.0
route,IAH->AEX,13,13,0,0.0
route,IAH->AMA,12,12,0,0.0
route,IAH->ASE,7,7,0,0.0
route,IAH->ATL,33,33,0,0.0
route,IAH->AUS,26,26,0,0.0
route,IAH->BHM,10,10,0,0.0
route,IAH->BNA,21,21,0,0.0
route,IAH->BOI,6,6,0,0.0
route,IAH->BOS,10,10,0,0.0
route,IAH->BRO,9,9,0,0.0
route,IAH->BTR,21,21,0,0.0
route,IAH->BWI,8,8,0,0.0
route,IAH->BZN,3,3,0,0.0
route,IAH->CAE,1,1,0,0.0
route,IAH->CHS,5,5,0,0.0
route,IAH->CLE,15,15,0,0.0
route,IAH->CLL,6,6,0,0.0
route,IAH->CLT,16,16,0,0.0
route,IAH->CMH,14,14,0,0.0
route,IAH->COS,8,8,0,0.0
route,IAH->CRP,13,13,0,0.0
route,IAH->CRW,4,4,0,0.0
route,IAH->CVG,13,13,0,0.0
route,IAH->DCA,26,26,0,0.0
route,IAH->DEN,29,29,0,0.0
route,IAH->DFW,34,34,0,0.0
route,IAH->DSM,9,9,0,0.0
route,IAH->DTW,23,23,0,0.0
route,IAH->ECP,6,6,0,0.0
route,IAH->EGE,2,2,0,0.0
route,IAH->ELP,14,14,0,0.0
route,IAH->EWR,33,33,0,0.0
route,IAH->FLL,8,8,0,0.0
route,IAH->GPT,13,13,0,0.0
route,IAH->GRK,8,8,0,0.0
route,IAH->GRR,4,4,0,0.0
route,IAH->GSP,4,4,0,0.0
route,IAH->GUC,1,1,0,0.0
route,IAH->HDN,3,3,0,0.0
route,IAH->HNL,2,2,0,0.0
route,IAH->HOB,7,7,0,0.0
route,IAH->HRL,15,15,0,0.0
route,IAH->HSV,13,13,0,0.0
route,IAH->IAD,11,11,0,0.0
route,IAH->ICT,15,15,0,0.0
route,IAH->IND,4,4,0,0.0
route,IAH->JAC,2,2,0,0.0
route,IAH->JAN,15,15,0,0.0
route,IAH->JAX,10,10,0,0.0
route,IAH->LAS,20,20,0,0.0
route,IAH->LAX,43,43,0,0.0
route,IAH->LBB,12,12,0,0.0
route,IAH->LCH,6,6,0,0.0
route,IAH->LEX,3,3,0,0.0
route,IAH->LFT,19,19,0,0.0
route,IAH->LGA,27,27,0,0.0
route,IAH->LIT,16,16,0,0.0
route,IAH->LRD,16,16,0,0.0
route,IAH->MAF,18,18,0,0.0
route,IAH->MCI,14,14,0,0.0
route,IAH->MCO,29,29,0,0.0
route,IAH->MEM,11,11,0,0.0
route,IAH->MFE,22,22,0,0.0
route,IAH->MIA,20,20,0,0.0
route,IAH->MKE,2,2,0,0.0
route,IAH->MLU,5,5,0,0.0
route,IAH->MOB,15,15,0,0.0
route,IAH->MSP,11,11,0,0.0
route,IAH->MSY,28,28,0,0.0
route,IAH->OKC,20,20,0,0.0
route,IAH->OMA,9,9,0,0.0
route,IAH->ORD,37,37,0,0.0
route,IAH->ORF,5,5,0,0.0
route,IAH->PBI,1,1,0,0.0
route,IAH->PDX,11,11,0,0.0
route,IAH->PHL,14,14,0,0.0
route,IAH->PHX,18,18,0,0.0
route,IAH->PIT,14,14,0,0.0
route,IAH->PNS,10,10,0,0.0
route,IAH->PSP,7,7,0,0.0
route,IAH->RDU,7,7,0,0.0
route,IAH->RIC,3,3,0,0.0
route,IAH->RNO,1,1,0,0.0
route,IAH->RSW,6,6,0,0.0
route,IAH->SAN,12,12,0,0.0
route,IAH->SAT,17,17,0,0.0
route,IAH->SAV,4,4,0,0.0
route,IAH->SDF,12,12,0,0.0
route,IAH->SEA,15,15,0,0.0
route,IAH->SFO,25,25,0,0.0
route,IAH->SGF,6,6,0,0.0
route,IAH->SHV,14,14,0,0.0
route,IAH->SJU,3,3,0,0.0
route,IAH->SLC,23,23,0,0.0
route,IAH->SMF,2,2,0,0.0
route,IAH->SNA,14,14,0,0.0
route,IAH->STL,15,15,0,0.0
route,IAH->TPA,8,8,0,0.0
route,IAH->TUL,24,24,0,0.0
route,IAH->TUS,15,15,0,0.0
route,IAH->TYS,7,7,0,0.0
route,IAH->VPS,7,7,0,0.0
route,IAH->XNA,10,10,0,0.0
route,ICT->ATL,5,5,0,0.0
route,ICT->AZA,1,1,0,0.0
route,ICT->DEN,10,10,0,0.0
route,ICT->DFW,6,6,0,0.0
route,ICT->IAH,11,11,0,0.0
route,ICT->LAS,6,6,0,0.0
route,ICT->MSP,4,4,0,0.0
route,ICT->ORD,12,12,0,0.0
route,ICT->PHX,3,3,0,0.0
route,ICT->SEA,1,1,0,0.0
route,ICT->STL,3,3,0,0.0
route,IDA->AZA,1,1,0,0.0
route,IDA->DEN,7,7,0,0.0
route,IDA->LAS,2,2,0,0.0
route,IDA->SLC,3,3,0,0.0
route,ILM->ATL,6,6,0,0.0
route,ILM->CLT,8,8,0,0.0
route,ILM->DCA,2,2,0,0.0
route,ILM->IAD,2,2,0,0.0
route,ILM->LGA,3,3,0,0.0
route,ILM->ORD,1,1,0,0.0
route,IMT->DTW,1,1,0,0.0
route,IMT->MSP,1,1,0,0.0
route,IND->ATL,14,14,0,0.0
route,IND->AZA,1,1,0,0.0
route,IND->BOS,4,4,0,0.0
route,IND->BWI,5,5,0,0.0
route,IND->CLT,6,6,0,0.0
route,IND->DAL,3,3,0,0.0
route,IND->DCA,5,5,0,0.0
route,IND->DEN,18,18,0,0.0
route,IND->DFW,7,7,0,0.0
route,IND->DTW,8,8,0,0.0
route,IND->EWR,26,26,0,0.0
route,IND->FLL,8,8,0,0.0
route,IND->HOU,5,5,0,0.0
route,IND->IAD,12,12,0,0.0
route,IND->IAH,17,17,0,0.0
route,IND->JAX,2,2,0,0.0
route,IND->JFK,1,1,0,0.0
route,IND->LAS,14,14,0,0.0
route,IND->LAX,6,6,0,0.0
route,IND->LGA,9,9,0,0.0
route,IND->MCI,4,4,0,0.0
route,IND->MCO,15,15,0,0.0
route,IND->MDW,2,2,0,0.0
route,IND->MIA,3,3,0,0.0
route,IND->MSP,5,5,0,0.0
route,IND->OAK,2,2,0,0.0
route,IND->ORD,35,35,0,0.0
route,IND->PGD,1,1,0,0.0
route,IND->PHL,7,7,0,0.0
route,IND->PHX,8,8,0,0.0
route,IND->RDU,4,4,0,0.0
route,IND->RSW,14,14,0,0.0
route,IND->SEA,4,4,0,0.0
route,IND->SFB,2,2,0,0.0
route,IND->SFO,3,3,0,0.0
route,IND->TPA,8,8,0,0.0
route,INL->MSP,3,3,0,0.0
route,IPT->PHL,2,2,0,0.0
route,ISN->DEN,14,14,0,0.0
route,ISN->MSP,1,1,0,0.0
route,ISP->BWI,5,5,0,0.0
route,ISP->FLL,3,3,0,0.0
route,ISP->MCO,20,20,0,0.0
route,ISP->MIA,1,1,0,0.0
route,ISP->PBI,7,7,0,0.0
route,ISP->PHL,1,1,0,0.0
route,ISP->RSW,2,2,0,0.0
route,ISP->TPA,7,7,0,0.0
route,ITH->EWR,4,4,0,0.0
route,ITH->IAD,1,1,0,0.0
route,ITH->PHL,2,2,0,0.0
route,ITO->HNL,31,31,0,0.0
route,ITO->LAX,1,1,0,0.0
route,ITO->OGG,6,6,0,0.0
route,JAC->DEN,12,12,0,0.0
route,JAC->EWR,6,6,0,0.0
route,JAC->LAX,1,1,0,0.0
route,JAC->ORD,7,7,0,0.0
route,JAC->SFO,4,4,0,0.0
route,JAC->SLC,3,3,0,0.0
route,JAN->ATL,7,7,0,0.0
route,JAN->CLT,2,2,0,0.0
route,JAN->DCA,1,1,0,0.0
route,JAN->DFW,6,6,0,0.0
route,JAN->IAH,13,13,0,0.0
route,JAN->ORD,1,1,0,0.0
route,JAX->ATL,21,21,0,0.0
route,JAX->BLV,2,2,0,0.0
route,JAX->BNA,5,5,0,0.0
route,JAX->BOS,11,11,0,0.0
route,JAX->BWI,15,15,0,0.0
route,JAX->CLE,1,1,0,0.0
route,JAX->CLT,12,12,0,0.0
route,JAX->CVG,3,3,0,0.0
route,JAX->DAL,1,1,0,0.0
route,JAX->DCA,13,13,0,0.0
route,JAX->DEN,4,4,0,0.0
route,JAX->DFW,3,3,0,0.0
route,JAX->DTW,2,2,0,0.0
route,JAX->EWR,6,6,0,0.0
route,JAX->FLL,14,14,0,0.0
route,JAX->HOU,3,3,0,0.0
route,JAX->IAD,7,7,0,0.0
route,JAX->IAH,7,7,0,0.0
route,JAX->JFK,13,13,0,0.0
route,JAX->LAS,1,1,0,0.0
route,JAX->LGA,3,3,0,0.0
route,JAX->MDW,2,2,0,0.0
route,JAX->MIA,9,9,0,0.0
route,JAX->MSP,1,1,0,0.0
route,JAX->ORD,12,12,0,0.0
route,JAX->PHL,2,2,0,0.0
route,JAX->STL,2,2,0,0.0
route,JFK->ABQ,1,1,0,0.0
route,JFK->ATL,15,15,0,0.0
route,JFK->AUS,14,14,0,0.0
route,JFK->BNA,6,6,0,0.0
route,JFK->BOS,39,39,0,0.0
route,JFK->BQN,2,2,0,0.0
route,JFK->BTV,10,10,0,0.0
route,JFK->BUF,19,19,0,0.0
route,JFK->BUR,4,4,0,0.0
route,JFK->BWI,4,4,0,0.0
route,JFK->CHS,9,9,0,0.0
route,JFK->CLE,3,3,0,0.0
route,JFK->CLT,14,14,0,0.0
route,JFK->CMH,6,6,0,0.0
route,JFK->CVG,3,3,0,0.0
route,JFK->DAB,1,1,0,0.0
route,JFK->DCA,9,9,0,0.0
route,JFK->DEN,9,9,0,0.0
route,JFK->DFW,5,5,0,0.0
route,JFK->DTW,7,7,0,0.0
route,JFK->FLL,28,28,0,0.0
route,JFK->HNL,3,3,0,0.0
route,JFK->HOU,2,2,0,0.0
route,JFK->IAD,8,8,0,0.0
route,JFK->IND,2,2,0,0.0
route,JFK->JAX,10,10,0,0.0
route,JFK->LAS,19,19,0,0.0
route,JFK->LAX,71,71,0,0.0
route,JFK->LGB,3,3,0,0.0
route,JFK->MCO,37,37,0,0.0
route,JFK->MIA,14,14,0,0.0
route,JFK->MSP,7,7,0,0.0
route,JFK->MSY,6,6,0,0.0
route,JFK->OAK,1,1,0,0.0
route,JFK->ONT,3,3,0,0.0
route,JFK->ORD,20,20,0,0.0
route,JFK->ORF,6,6,0,0.0
route,JFK->PBI,11,11,0,0.0
route,JFK->PDX,1,1,0,0.0
route,JFK->PHL,1,1,0,0.0
route,JFK->PHX,15,15,0,0.0
route,JFK->PIT,7,7,0,0.0
route,JFK->PSE,4,4,0,0.0
route,JFK->PSP,3,3,0,0.0
route,JFK->PWM,8,8,0,0.0
route,JFK->RDU,11,11,0,0.0
route,JFK->RIC,4,4,0,0.0
route,JFK->RNO,2,2,0,0.0
route,JFK->ROC,6,6,0,0.0
route,JFK->RSW,12,12,0,0.0
route,JFK->SAN,9,9,0,0.0
route,JFK->SAT,4,4,0,0.0
route,JFK->SAV,8,8,0,0.0
route,JFK->SEA,9,9,0,0.0
route,JFK->SFO,48,48,0,0.0
route,JFK->SJC,4,4,0,0.0
route,JFK->SJU,19,19,0,0.0
route,JFK->SLC,9,9,0,0.0
route,JFK->SMF,1,1,0,0.0
route,JFK->SRQ,6,6,0,0.0
route,JFK->SYR,8,8,0,0.0
route,JFK->TPA,13,13,0,0.0
route,JHM->HNL,7,7,0,0.0
route,JLN->DFW,3,3,0,0.0
route,JMS->DEN,2,2,0,0.0
route,JMS->DVL,3,3,0,0.0
route,JNU->ANC,4,4,0,0.0
route,JNU->PSG,2,2,0,0.0
route,JNU->SEA,4,4,0,0.0
route,JNU->SIT,2,2,0,0.0
route,KOA->DEN,3,3,0,0.0
route,KOA->HNL,52,52,0,0.0
route,KOA->LAX,14,14,0,0.0
route,KOA->OAK,4,4,0,0.0
route,KOA->OGG,4,4,0,0.0
route,KOA->PHX,1,1,0,0.0
route,KOA->SEA,3,3,0,0.0
route,KOA->SFO,13,13,0,0.0
route,KOA->SMF,1,1,0,0.0
route,KTN->JNU,3,3,0,0.0
route,KTN->SEA,4,4,0,0.0
route,KTN->SIT,2,2,0,0.0
route,KTN->WRG,2,2,0,0.0
route,LAN->DTW,6,6,0,0.0
route,LAN->MSP,1,1,0,0.0
route,LAN->ORD,15,15,0,0.0
route,LAR->DEN,8,8,0,0.0
route,LAS->ABQ,10,10,0,0.0
route,LAS->AMA,1,1,0,0.0
route,LAS->ATL,19,19,0,0.0
route,LAS->ATW,1,1,0,0.0
route,LAS->AUS,15,15,0,0.0
route,LAS->AZA,3,3,0,0.0
route,LAS->BHM,6,6,0,0.0
route,LAS->BIS,2,2,0,0.0
route,LAS->BLI,5,5,0,0.0
route,LAS->BNA,8,8,0,0.0
route,LAS->BOI,7,7,0,0.0
route,LAS->BOS,12,12,0,0.0
route,LAS->BUF,4,4,0,0.0
route,LAS->BUR,16,16,0,0.0
route,LAS->BWI,15,15,0,0.0
route,LAS->BZN,1,1,0,0.0
route,LAS->CID,2,2,0,0.0
route,LAS->CLE,10,10,0,0.0
route,LAS->CLT,5,5,0,0.0
route,LAS->CMH,4,4,0,0.0
route,LAS->COS,1,1,0,0.0
route,LAS->CVG,5,5,0,0.0
route,LAS->DAL,23,23,0,0.0
route,LAS->DEN,42,42,0,0.0
route,LAS->DFW,22,22,0,0.0
route,LAS->DSM,1,1,0,0.0
route,LAS->DTW,21,21,0,0.0
route,LAS->ELP,10,10,0,0.0
route,LAS->EUG,1,1,0,0.0
route,LAS->EWR,28,28,0,0.0
route,LAS->FAR,1,1,0,0.0
route,LAS->FAT,4,4,0,0.0
route,LAS->FCA,1,1,0,0.0
route,LAS->FLL,10,10,0,0.0
route,LAS->FSD,4,4,0,0.0
route,LAS->GEG,4,4,0,0.0
route,LAS->GRR,1,1,0,0.0
route,LAS->HNL,3,3,0,0.0
route,LAS->HOU,20,20,0,0.0
route,LAS->IAD,12,12,0,0.0
route,LAS->IAH,21,21,0,0.0
route,LAS->ICT,2,2,0,0.0
route,LAS->IDA,1,1,0,0.0
route,LAS->IND,5,5,0,0.0
route,LAS->JFK,15,15,0,0.0
route,LAS->LAX,89,89,0,0.0
route,LAS->LBB,8,8,0,0.0
route,LAS->LGB,12,12,0,0.0
route,LAS->LIT,7,7,0,0.0
route,LAS->LRD,1,1,0,0.0
route,LAS->MAF,5,5,0,0.0
route,LAS->MCI,13,13,0,0.0
route,LAS->MCO,9,9,0,0.0
route,LAS->MDW,16,16,0,0.0
route,LAS->MEM,3,3,0,0.0
route,LAS->MFE,2,2,0,0.0
route,LAS->MFR,2,2,0,0.0
route,LAS->MIA,7,7,0,0.0
route,LAS->MKE,11,11,0,0.0
route,LAS->MLI,2,2,0,0.0
route,LAS->MOT,1,1,0,0.0
route,LAS->MRY,1,1,0,0.0
route,LAS->MSN,1,1,0,0.0
route,LAS->MSP,15,15,0,0.0
route,LAS->MSY,10,10,0,0.0
route,LAS->OAK,49,49,0,0.0
route,LAS->OKC,5,5,0,0.0
route,LAS->OMA,7,7,0,0.0
route,LAS->ONT,16,16,0,0.0
route,LAS->ORD,25,25,0,0.0
route,LAS->PDX,15,15,0,0.0
route,LAS->PHL,7,7,0,0.0
route,LAS->PHX,44,44,0,0.0
route,LAS->PIA,1,1,0,0.0
route,LAS->PIT,7,7,0,0.0
route,LAS->PSC,1,1,0,0.0
route,LAS->RAP,1,1,0,0.0
route,LAS->RDU,4,4,0,0.0
route,LAS->RNO,18,18,0,0.0
route,LAS->SAN,47,47,0,0.0
route,LAS->SAT,22,22,0,0.0
route,LAS->SCK,4,4,0,0.0
route,LAS->SDF,2,2,0,0.0
route,LAS->SEA,27,27,0,0.0
route,LAS->SFO,59,59,0,0.0
route,LAS->SGF,2,2,0,0.0
route,LAS->SHV,1,1,0,0.0
route,LAS->SJC,31,31,0,0.0
route,LAS->SLC,22,22,0,0.0
route,LAS->SMF,18,18,0,0.0
route,LAS->SNA,14,14,0,0.0
route,LAS->STL,15,15,0,0.0
route,LAS->TPA,9,9,0,0.0
route,LAS->TUL,5,5,0,0.0
route,LAS->TUS,16,16,0,0.0
route,LAS->TYS,1,1,0,0.0
route,LAS->XNA,1,1,0,0.0
route,LAW->DFW,5,5,0,0.0
route,LAX->ABQ,5,5,0,0.0
route,LAX->ACV,2,2,0,0.0
route,LAX->ANC,2,2,0,0.0
route,LAX->ASE,12,12,0,0.0
route,LAX->ATL,26,26,0,0.0
route,LAX->AUS,22,22,0,0.0
route,LAX->BLI,1,1,0,0.0
route,LAX->BNA,16,16,0,0.0
route,LAX->BOI,8,8,0,0.0
route,LAX->BOS,16,16,0,0.0
route,LAX->BUF,4,4,0,0.0
route,LAX->BWI,16,16,0,0.0
route,LAX->BZN,4,4,0,0.0
route,LAX->CLE,5,5,0,0.0
route,LAX->CLT,11,11,0,0.0
route,LAX->CMH,2,2,0,0.0
route,LAX->COS,8,8,0,0.0
route,LAX->CVG,2,2,0,0.0
route,LAX->DAL,15,15,0,0.0
route,LAX->DCA,8,8,0,0.0
route,LAX->DEN,59,59,0,0.0
route,LAX->DFW,31,31,0,0.0
route,LAX->DTW,14,14,0,0.0
route,LAX->EGE,2,2,0,0.0
route,LAX->ELP,10,10,0,0.0
route,LAX->EUG,2,2,0,0.0
route,LAX->EWR,29,29,0,0.0
route,LAX->FAT,12,12,0,0.0
route,LAX->FLL,16,16,0,0.0
route,LAX->GEG,3,3,0,0.0
route,LAX->HDN,1,1,0,0.0
route,LAX->HNL,38,38,0,0.0
route,LAX->HOU,11,11,0,0.0
route,LAX->IAD,29,29,0,0.0
route,LAX->IAH,46,46,0,0.0
route,LAX->IND,2,2,0,0.0
route,LAX->ITO,1,1,0,0.0
route,LAX->JAC,2,2,0,0.0
route,LAX->JFK,80,80,0,0.0
route,LAX->KOA,11,11,0,0.0
route,LAX->LAS,86,86,0,0.0
route,LAX->LIH,10,10,0,0.0
route,LAX->MCI,10,10,0,0.0
route,LAX->MCO,19,19,0,0.0
route,LAX->MDW,14,14,0,0.0
route,LAX->MEM,1,1,0,0.0
route,LAX->MFR,5,5,0,0.0
route,LAX->MIA,10,10,0,0.0
route,LAX->MKE,6,6,0,0.0
route,LAX->MMH,2,2,0,0.0
route,LAX->MRY,17,17,0,0.0
route,LAX->MSP,10,10,0,0.0
route,LAX->MSY,13,13,0,0.0
route,LAX->MTJ,5,5,0,0.0
route,LAX->OAK,48,48,0,0.0
route,LAX->OGD,2,2,0,0.0
route,LAX->OGG,15,15,0,0.0
route,LAX->OKC,3,3,0,0.0
route,LAX->OMA,2,2,0,0.0
route,LAX->ORD,38,38,0,0.0
route,LAX->PDX,22,22,0,0.0
route,LAX->PHL,9,9,0,0.0
route,LAX->PHX,44,44,0,0.0
route,LAX->PIT,4,4,0,0.0
route,LAX->PSP,3,3,0,0.0
route,LAX->PVU,1,1,0,0.0
route,LAX->RDU,1,1,0,0.0
route,LAX->RNO,24,24,0,0.0
route,LAX->SAN,27,27,0,0.0
route,LAX->SAT,23,23,0,0.0
route,LAX->SBA,13,13,0,0.0
route,LAX->SBP,12,12,0,0.0
route,LAX->SEA,36,36,0,0.0
route,LAX->SFO,117,117,0,0.0
route,LAX->SGU,2,2,0,0.0
route,LAX->SJC,46,46,0,0.0
route,LAX->SLC,26,26,0,0.0
route,LAX->SMF,43,43,0,0.0
route,LAX->STL,11,11,0,0.0
route,LAX->STS,5,5,0,0.0
route,LAX->TPA,2,2,0,0.0
route,LAX->TUL,1,1,0,0.0
route,LAX->TUS,22,22,0,0.0
route,LAX->XNA,2,2,0,0.0
route,LBB->AUS,2,2,0,0.0
route,LBB->DAL,14,14,0,0.0
route,LBB->DEN,7,7,0,0.0
route,LBB->DFW,9,9,0,0.0
route,LBB->IAH,10,10,0,0.0
route,LBB->LAS,4,4,0,0.0
route,LBE->FLL,3,3,0,0.0
route,LBE->MCO,3,3,0,0.0
route,LBE->TPA,1,1,0,0.0
route,LBF->DEN,2,2,0,0.0
route,LBL->DEN,1,1,0,0.0
route,LBL->PUB,3,3,0,0.0
route,LCH->IAH,6,6,0,0.0
route,LCK->FLL,1,1,0,0.0
route,LCK->PGD,1,1,0,0.0
route,LCK->PIE,1,1,0,0.0
route,LEX->ATL,11,11,0,0.0
route,LEX->CLT,5,5,0,0.0
route,LEX->DFW,1,1,0,0.0
route,LEX->DTW,3,3,0,0.0
route,LEX->EWR,2,2,0,0.0
route,LEX->FLL,2,2,0,0.0
route,LEX->IAD,1,1,0,0.0
route,LEX->IAH,3,3,0,0.0
route,LEX->LGA,1,1,0,0.0
route,LEX->ORD,17,17,0,0.0
route,LEX->PGD,2,2,0,0.0
route,LEX->PHL,1,1,0,0.0
route,LEX->PIE,2,2,0,0.0
route,LEX->SFB,2,2,0,0.0
route,LFT->ATL,1,1,0,0.0
route,LFT->DFW,3,3,0,0.0
route,LFT->IAH,11,11,0,0.0
route,LGA->ATL,39,39,0,0.0
route,LGA->BGR,4,4,0,0.0
route,LGA->BHM,2,2,0,0.0
route,LGA->BNA,24,24,0,0.0
route,LGA->BOS,48,48,0,0.0
route,LGA->BTV,5,5,0,0.0
route,LGA->BUF,1,1,0,0.0
route,LGA->CAE,2,2,0,0.0
route,LGA->CHA,1,1,0,0.0
route,LGA->CHO,4,4,0,0.0
route,LGA->CHS,2,2,0,0.0
route,LGA->CLE,29,29,0,0.0
route,LGA->CLT,19,19,0,0.0
route,LGA->CMH,8,8,0,0.0
route,LGA->CVG,8,8,0,0.0
route,LGA->DAL,9,9,0,0.0
route,LGA->DAY,1,1,0,0.0
route,LGA->DCA,26,26,0,0.0
route,LGA->DEN,27,27,0,0.0
route,LGA->DFW,29,29,0,0.0
route,LGA->DSM,1,1,0,0.0
route,LGA->DTW,22,22,0,0.0
route,LGA->FLL,22,22,0,0.0
route,LGA->GRR,3,3,0,0.0
route,LGA->GSO,9,9,0,0.0
route,LGA->HOU,3,3,0,0.0
route,LGA->IAD,13,13,0,0.0
route,LGA->IAH,37,37,0,0.0
route,LGA->ILM,4,4,0,0.0
route,LGA->IND,5,5,0,0.0
route,LGA->JAX,3,3,0,0.0
route,LGA->MCI,8,8,0,0.0
route,LGA->MCO,18,18,0,0.0
route,LGA->MDW,12,12,0,0.0
route,LGA->MEM,6,6,0,0.0
route,LGA->MHT,2,2,0,0.0
route,LGA->MIA,22,22,0,0.0
route,LGA->MKE,11,11,0,0.0
route,LGA->MSN,3,3,0,0.0
route,LGA->MSP,9,9,0,0.0
route,LGA->MSY,4,4,0,0.0
route,LGA->MYR,8,8,0,0.0
route,LGA->OMA,2,2,0,0.0
route,LGA->ORD,86,86,0,0.0
route,LGA->ORF,8,8,0,0.0
route,LGA->PBI,14,14,0,0.0
route,LGA->PHL,4,4,0,0.0
route,LGA->PIT,9,9,0,0.0
route,LGA->PWM,6,6,0,0.0
route,LGA->RDU,15,15,0,0.0
route,LGA->RIC,10,10,0,0.0
route,LGA->ROC,2,2,0,0.0
route,LGA->RSW,5,5,0,0.0
route,LGA->SAV,3,3,0,0.0
route,LGA->SDF,4,4,0,0.0
route,LGA->SRQ,2,2,0,0.0
route,LGA->STL,16,16,0,0.0
route,LGA->SYR,3,3,0,0.0
route,LGA->TPA,9,9,0,0.0
route,LGA->TYS,3,3,0,0.0
route,LGA->XNA,4,4,0,0.0
route,LGB->AUS,4,4,0,0.0
route,LGB->BOS,1,1,0,0.0
route,LGB->HNL,1,1,0,0.0
route,LGB->JFK,4,4,0,0.0
route,LGB->LAS,15,15,0,0.0
route,LGB->OAK,21,21,0,0.0
route,LGB->PDX,6,6,0,0.0
route,LGB->PHX,4,4,0,0.0
route,LGB->RNO,2,2,0,0.0
route,LGB->SEA,5,5,0,0.0
route,LGB->SFO,14,14,0,0.0
route,LGB->SJC,14,14,0,0.0
route,LGB->SLC,22,22,0,0.0
route,LGB->SMF,13,13,0,0.0
route,LIH->DEN,2,2,0,0.0
route,LIH->HNL,59,59,0,0.0
route,LIH->KOA,3,3,0,0.0
route,LIH->LAX,6,6,0,0.0
route,LIH->OGG,15,15,0,0.0
route,LIH->PDX,3,3,0,0.0
route,LIH->PHX,2,2,0,0.0
route,LIH->SAN,2,2,0,0.0
route,LIH->SEA,3,3,0,0.0
route,LIH->SFO,5,5,0,0.0
route,LIH->SJC,1,1,0,0.0
route,LIT->ATL,8,8,0,0.0
route,LIT->CLT,7,7,0,0.0
route,LIT->DAL,5,5,0,0.0
route,LIT->DCA,2,2,0,0.0
route,LIT->DEN,11,11,0,0.0
route,LIT->DFW,15,15,0,0.0
route,LIT->IAH,20,20,0,0.0
route,LIT->LAS,1,1,0,0.0
route,LIT->ORD,18,18,0,0.0
route,LIT->STL,5,5,0,0.0
route,LNK->DEN,7,7,0,0.0
route,LNK->MSP,3,3,0,0.0
route,LNK->ORD,8,8,0,0.0
route,LNY->HNL,14,14,0,0.0
route,LNY->MKK,2,2,0,0.0
route,LRD->DFW,3,3,0,0.0
route,LRD->IAH,10,10,0,0.0
route,LRD->LAS,1,1,0,0.0
route,LSE->MSP,2,2,0,0.0
route,LSE->ORD,5,5,0,0.0
route,LWB->ORD,1,1,0,0.0
route,LWS->SLC,2,2,0,0.0
route,LYH->CLT,3,3,0,0.0
route,MAF->DAL,19,19,0,0.0
route,MAF->DEN,2,2,0,0.0
route,MAF->DFW,15,15,0,0.0
route,MAF->HOU,11,11,0,0.0
route,MAF->IAH,14,14,0,0.0
route,MAF->LAS,2,2,0,0.0
route,MBS->DTW,3,3,0,0.0
route,MBS->ORD,5,5,0,0.0
route,MCI->ABQ,1,1,0,0.0
route,MCI->ATL,15,15,0,0.0
route,MCI->AUS,1,1,0,0.0
route,MCI->AZA,1,1,0,0.0
route,MCI->BNA,13,13,0,0.0
route,MCI->BOS,2,2,0,0.0
route,MCI->BWI,4,4,0,0.0
route,MCI->CLT,6,6,0,0.0
route,MCI->CVG,3,3,0,0.0
route,MCI->DAL,15,15,0,0.0
route,MCI->DCA,11,11,0,0.0
route,MCI->DEN,33,33,0,0.0
route,MCI->DFW,4,4,0,0.0
route,MCI->DTW,5,5,0,0.0
route,MCI->EWR,11,11,0,0.0
route,MCI->FLL,6,6,0,0.0
route,MCI->HOU,9,9,0,0.0
route,MCI->IAD,13,13,0,0.0
route,MCI->IAH,12,12,0,0.0
route,MCI->IND,5,5,0,0.0
route,MCI->LAS,13,13,0,0.0
route,MCI->LAX,10,10,0,0.0
route,MCI->LGA,6,6,0,0.0
route,MCI->MCO,8,8,0,0.0
route,MCI->MDW,15,15,0,0.0
route,MCI->MIA,1,1,0,0.0
route,MCI->MKE,3,3,0,0.0
route,MCI->MSP,10,10,0,0.0
route,MCI->MSY,2,2,0,0.0
route,MCI->OAK,3,3,0,0.0
route,MCI->ORD,21,21,0,0.0
route,MCI->PDX,2,2,0,0.0
route,MCI->PHL,3,3,0,0.0
route,MCI->PHX,12,12,0,0.0
route,MCI->PIE,3,3,0,0.0
route,MCI->RSW,5,5,0,0.0
route,MCI->SAN,8,8,0,0.0
route,MCI->SAT,2,2,0,0.0
route,MCI->SEA,7,7,0,0.0
route,MCI->SFO,4,4,0,0.0
route,MCI->SLC,2,2,0,0.0
route,MCI->STL,10,10,0,0.0
route,MCI->TPA,5,5,0,0.0
route,MCO->ABQ,1,1,0,0.0
route,MCO->ACY,4,4,0,0.0
route,MCO->ALB,9,9,0,0.0
route,MCO->ATL,38,38,0,0.0
route,MCO->AUS,17,17,0,0.0
route,MCO->AVL,1,1,0,0.0
route,MCO->BDL,22,22,0,0.0
route,MCO->BHM,6,6,0,0.0
route,MCO->BNA,16,16,0,0.0
route,MCO->BOS,27,27,0,0.0
route,MCO->BQN,3,3,0,0.0
route,MCO->BTV,1,1,0,0.0
route,MCO->BUF,14,14,0,0.0
route,MCO->BWI,30,30,0,0.0
route,MCO->CAK,2,2,0,0.0
route,MCO->CLE,15,15,0,0.0
route,MCO->CLT,7,7,0,0.0
route,MCO->CMH,12,12,0,0.0
route,MCO->COS,2,2,0,0.0
route,MCO->CVG,1,1,0,0.0
route,MCO->DAL,15,15,0,0.0
route,MCO->DCA,29,29,0,0.0
route,MCO->DEN,22,22,0,0.0
route,MCO->DFW,16,16,0,0.0
route,MCO->DTW,16,16,0,0.0
route,MCO->EWR,57,57,0,0.0
route,MCO->FLL,17,17,0,0.0
route,MCO->GRR,10,10,0,0.0
route,MCO->HOU,10,10,0,0.0
route,MCO->HPN,16,16,0,0.0
route,MCO->IAD,18,18,0,0.0
route,MCO->IAH,30,30,0,0.0
route,MCO->IND,9,9,0,0.0
route,MCO->ISP,14,14,0,0.0
route,MCO->JFK,22,22,0,0.0
route,MCO->LAS,11,11,0,0.0
route,MCO->LAX,21,21,0,0.0
route,MCO->LBE,2,2,0,0.0
route,MCO->LGA,16,16,0,0.0
route,MCO->MCI,14,14,0,0.0
route,MCO->MDW,15,15,0,0.0
route,MCO->MEM,2,2,0,0.0
route,MCO->MHT,9,9,0,0.0
route,MCO->MIA,8,8,0,0.0
route,MCO->MKE,14,14,0,0.0
route,MCO->MSN,2,2,0,0.0
route,MCO->MSP,10,10,0,0.0
route,MCO->MSY,17,17,0,0.0
route,MCO->MYR,1,1,0,0.0
route,MCO->OAK,1,1,0,0.0
route,MCO->OKC,1,1,0,0.0
route,MCO->OMA,4,4,0,0.0
route,MCO->ONT,2,2,0,0.0
route,MCO->ORD,36,36,0,0.0
route,MCO->ORF,2,2,0,0.0
route,MCO->PDX,1,1,0,0.0
route,MCO->PHL,35,35,0,0.0
route,MCO->PHX,14,14,0,0.0
route,MCO->PIT,21,21,0,0.0
route,MCO->PSM,2,2,0,0.0
route,MCO->PVD,20,20,0,0.0
route,MCO->PWM,1,1,0,0.0
route,MCO->RDU,16,16,0,0.0
route,MCO->RIC,10,10,0,0.0
route,MCO->ROC,4,4,0,0.0
route,MCO->SAN,7,7,0,0.0
route,MCO->SAT,3,3,0,0.0
route,MCO->SDF,3,3,0,0.0
route,MCO->SEA,1,1,0,0.0
route,MCO->SFO,17,17,0,0.0
route,MCO->SJU,39,39,0,0.0
route,MCO->SLC,8,8,0,0.0
route,MCO->SMF,1,1,0,0.0
route,MCO->STL,16,16,0,0.0
route,MCO->STT,1,1,0,0.0
route,MCO->SWF,2,2,0,0.0
route,MCO->SYR,6,6,0,0.0
route,MCO->TTN,2,2,0,0.0
route,MCO->TYS,1,1,0,0.0
route,MDT->ATL,6,6,0,0.0
route,MDT->BOS,3,3,0,0.0
route,MDT->CLT,5,5,0,0.0
route,MDT->DTW,3,3,0,0.0
route,MDT->IAD,10,10,0,0.0
route,MDT->ORD,19,19,0,0.0
route,MDT->PGD,1,1,0,0.0
route,MDT->PHL,1,1,0,0.0
route,MDT->PIE,4,4,0,0.0
route,MDT->SFB,2,2,0,0.0
route,MDW->ABQ,4,4,0,0.0
route,MDW->ALB,7,7,0,0.0
route,MDW->ATL,19,19,0,0.0
route,MDW->AUS,10,10,0,0.0
route,MDW->BDL,4,4,0,0.0
route,MDW->BHM,4,4,0,0.0
route,MDW->BNA,15,15,0,0.0
route,MDW->BOS,4,4,0,0.0
route,MDW->BUF,10,10,0,0.0
route,MDW->BUR,1,1,0,0.0
route,MDW->BWI,14,14,0,0.0
route,MDW->CHS,4,4,0,0.0
route,MDW->CLE,10,10,0,0.0
route,MDW->CLT,7,7,0,0.0
route,MDW->CMH,13,13,0,0.0
route,MDW->CVG,11,11,0,0.0
route,MDW->DAL,23,23,0,0.0
route,MDW->DCA,19,19,0,0.0
route,MDW->DEN,14,14,0,0.0
route,MDW->DTW,24,24,0,0.0
route,MDW->EWR,5,5,0,0.0
route,MDW->FLL,9,9,0,0.0
route,MDW->FNT,5,5,0,0.0
route,MDW->GRR,6,6,0,0.0
route,MDW->HOU,17,17,0,0.0
route,MDW->IND,7,7,0,0.0
route,MDW->JAX,6,6,0,0.0
route,MDW->LAS,19,19,0,0.0
route,MDW->LAX,11,11,0,0.0
route,MDW->LGA,18,18,0,0.0
route,MDW->MCI,16,16,0,0.0
route,MDW->MCO,20,20,0,0.0
route,MDW->MEM,5,5,0,0.0
route,MDW->MHT,10,10,0,0.0
route,MDW->MSP,21,21,0,0.0
route,MDW->MSY,8,8,0,0.0
route,MDW->OAK,7,7,0,0.0
route,MDW->OMA,8,8,0,0.0
route,MDW->ONT,6,6,0,0.0
route,MDW->ORF,3,3,0,0.0
route,MDW->PDX,3,3,0,0.0
route,MDW->PHL,13,13,0,0.0
route,MDW->PHX,20,20,0,0.0
route,MDW->PIT,14,14,0,0.0
route,MDW->PVD,5,5,0,0.0
route,MDW->RDU,7,7,0,0.0
route,MDW->RSW,12,12,0,0.0
route,MDW->SAN,15,15,0,0.0
route,MDW->SAT,2,2,0,0.0
route,MDW->SDF,9,9,0,0.0
route,MDW->SEA,6,6,0,0.0
route,MDW->SFO,5,5,0,0.0
route,MDW->SJC,3,3,0,0.0
route,MDW->SJU,1,1,0,0.0
route,MDW->SLC,7,7,0,0.0
route,MDW->SMF,2,2,0,0.0
route,MDW->STL,7,7,0,0.0
route,MDW->TPA,11,11,0,0.0
route,MDW->TUS,3,3,0,0.0
route,MEI->DFW,1,1,0,0.0
route,MEI->ORD,5,5,0,0.0
route,MEI->PIB,3,3,0,0.0
route,MEM->ATL,15,15,0,0.0
route,MEM->BWI,2,2,0,0.0
route,MEM->CLT,6,6,0,0.0
route,MEM->DAL,5,5,0,0.0
route,MEM->DCA,6,6,0,0.0
route,MEM->DEN,9,9,0,0.0
route,MEM->DFW,11,11,0,0.0
route,MEM->DTW,5,5,0,0.0
route,MEM->EWR,14,14,0,0.0
route,MEM->HOU,6,6,0,0.0
route,MEM->IAH,14,14,0,0.0
route,MEM->LAS,5,5,0,0.0
route,MEM->LAX,5,5,0,0.0
route,MEM->LGA,7,7,0,0.0
route,MEM->MCO,4,4,0,0.0
route,MEM->MDW,1,1,0,0.0
route,MEM->MIA,1,1,0,0.0
route,MEM->MSP,2,2,0,0.0
route,MEM->ORD,14,14,0,0.0
route,MEM->PHL,1,1,0,0.0
route,MEM->PHX,2,2,0,0.0
route,MEM->PIE,1,1,0,0.0
route,MEM->TPA,5,5,0,0.0
route,MFE->DFW,11,11,0,0.0
route,MFE->IAH,14,14,0,0.0
route,MFE->LAS,2,2,0,0.0
route,MFR->DEN,11,11,0,0.0
route,MFR->LAS,2,2,0,0.0
route,MFR->LAX,7,7,0,0.0
route,MFR->PDX,5,5,0,0.0
route,MFR->PHX,2,2,0,0.0
route,MFR->SEA,3,3,0,0.0
route,MFR->SFO,10,10,0,0.0
route,MFR->SLC,3,3,0,0.0
route,MGM->ATL,11,11,0,0.0
route,MGM->CLT,3,3,0,0.0
route,MGM->DCA,2,2,0,0.0
route,MGM->DFW,4,4,0,0.0
route,MHK->DFW,4,4,0,0.0
route,MHK->ORD,3,3,0,0.0
route,MHT->BWI,12,12,0,0.0
route,MHT->CLT,2,2,0,0.0
route,MHT->DCA,3,3,0,0.0
route,MHT->DTW,7,7,0,0.0
route,MHT->EWR,7,7,0,0.0
route,MHT->MCO,4,4,0,0.0
route,MHT->MDW,7,7,0,0.0
route,MHT->ORD,2,2,0,0.0
route,MHT->PHL,4,4,0,0.0
route,MHT->TPA,3,3,0,0.0
route,MIA->ATL,32,32,0,0.0
route,MIA->AUS,3,3,0,0.0
route,MIA->BNA,4,4,0,0.0
route,MIA->BOS,6,6,0,0.0
route,MIA->BUF,5,5,0,0.0
route,MIA->BWI,6,6,0,0.0
route,MIA->CHS,3,3,0,0.0
route,MIA->CLE,9,9,0,0.0
route,MIA->CLT,9,9,0,0.0
route,MIA->CMH,2,2,0,0.0
route,MIA->CVG,7,7,0,0.0
route,MIA->DCA,11,11,0,0.0
route,MIA->DEN,12,12,0,0.0
route,MIA->DFW,13,13,0,0.0
route,MIA->DTW,9,9,0,0.0
route,MIA->EGE,1,1,0,0.0
route,MIA->EWR,30,30,0,0.0
route,MIA->EYW,2,2,0,0.0
route,MIA->GNV,3,3,0,0.0
route,MIA->GRR,1,1,0,0.0
route,MIA->GSO,2,2,0,0.0
route,MIA->GSP,2,2,0,0.0
route,MIA->IAD,3,3,0,0.0
route,MIA->IAH,14,14,0,0.0
route,MIA->IND,5,5,0,0.0
route,MIA->ISP,5,5,0,0.0
route,MIA->JAX,5,5,0,0.0
route,MIA->JFK,19,19,0,0.0
route,MIA->LAS,3,3,0,0.0
route,MIA->LAX,12,12,0,0.0
route,MIA->LGA,28,28,0,0.0
route,MIA->MCI,2,2,0,0.0
route,MIA->MCO,14,14,0,0.0
route,MIA->MEM,3,3,0,0.0
route,MIA->MKE,4,4,0,0.0
route,MIA->MSP,8,8,0,0.0
route,MIA->MSY,4,4,0,0.0
route,MIA->ORD,25,25,0,0.0
route,MIA->ORF,2,2,0,0.0
route,MIA->PHL,15,15,0,0.0
route,MIA->PHX,3,3,0,0.0
route,MIA->PIT,7,7,0,0.0
route,MIA->PVD,2,2,0,0.0
route,MIA->RIC,2,2,0,0.0
route,MIA->RSW,2,2,0,0.0
route,MIA->SAN,2,2,0,0.0
route,MIA->SAT,2,2,0,0.0
route,MIA->SAV,6,6,0,0.0
route,MIA->SDF,3,3,0,0.0
route,MIA->SEA,1,1,0,0.0
route,MIA->SFO,5,5,0,0.0
route,MIA->SJU,6,6,0,0.0
route,MIA->STL,2,2,0,0.0
route,MIA->STT,2,2,0,0.0
route,MIA->STX,5,5,0,0.0
route,MIA->TLH,1,1,0,0.0
route,MIA->TPA,9,9,0,0.0
route,MIA->TTN,2,2,0,0.0
route,MIA->TYS,1,1,0,0.0
route,MKE->ATL,11,11,0,0.0
route,MKE->AZA,3,3,0,0.0
route,MKE->BNA,9,9,0,0.0
route,MKE->BOS,5,5,0,0.0
route,MKE->BWI,5,5,0,0.0
route,MKE->CLE,7,7,0,0.0
route,MKE->CLT,6,6,0,0.0
route,MKE->DAL,4,4,0,0.0
route,MKE->DCA,5,5,0,0.0
route,MKE->DEN,18,18,0,0.0
route,MKE->DFW,3,3,0,0.0
route,MKE->DTW,2,2,0,0.0
route,MKE->EWR,11,11,0,0.0
route,MKE->FLL,3,3,0,0.0
route,MKE->HOU,1,1,0,0.0
route,MKE->IAH,5,5,0,0.0
route,MKE->LAS,7,7,0,0.0
route,MKE->LAX,5,5,0,0.0
route,MKE->LGA,9,9,0,0.0
route,MKE->MCI,6,6,0,0.0
route,MKE->MCO,14,14,0,0.0
route,MKE->MIA,3,3,0,0.0
route,MKE->MSP,4,4,0,0.0
route,MKE->ORD,29,29,0,0.0
route,MKE->PGD,1,1,0,0.0
route,MKE->PHL,4,4,0,0.0
route,MKE->PHX,11,11,0,0.0
route,MKE->RSW,9,9,0,0.0
route,MKE->SAN,2,2,0,0.0
route,MKE->SEA,4,4,0,0.0
route,MKE->SFB,2,2,0,0.0
route,MKE->STL,6,6,0,0.0
route,MKE->TPA,7,7,0,0.0
route,MKG->ORD,3,3,0,0.0
route,MKK->HNL,13,13,0,0.0
route,MKK->OGG,1,1,0,0.0
route,MLB->ATL,5,5,0,0.0
route,MLB->CLT,7,7,0,0.0
route,MLI->ATL,3,3,0,0.0
route,MLI->AZA,1,1,0,0.0
route,MLI->DEN,4,4,0,0.0
route,MLI->DFW,2,2,0,0.0
route,MLI->DTW,1,1,0,0.0
route,MLI->MSP,3,3,0,0.0
route,MLI->ORD,13,13,0,0.0
route,MLI->SFB,2,2,0,0.0
route,MLU->ATL,5,5,0,0.0
route,MLU->DFW,1,1,0,0.0
route,MLU->IAH,6,6,0,0.0
route,MMH->LAX,1,1,0,0.0
route,MMH->SFO,4,4,0,0.0
route,MOB->ATL,9,9,0,0.0
route,MOB->CLT,3,3,0,0.0
route,MOB->DFW,2,2,0,0.0
route,MOB->IAH,17,17,0,0.0
route,MOB->ORD,2,2,0,0.0
route,MOT->AZA,3,3,0,0.0
route,MOT->DEN,6,6,0,0.0
route,MOT->LAS,3,3,0,0.0
route,MOT->MSP,5,5,0,0.0
route,MQT->MSP,2,2,0,0.0
route,MQT->ORD,1,1,0,0.0
route,MRY->DEN,2,2,0,0.0
route,MRY->LAX,7,7,0,0.0
route,MRY->PHX,3,3,0,0.0
route,MRY->SAN,1,1,0,0.0
route,MRY->SFO,6,6,0,0.0
route,MSN->ATL,3,3,0,0.0
route,MSN->CLT,4,4,0,0.0
route,MSN->DCA,3,3,0,0.0
route,MSN->DEN,5,5,0,0.0
route,MSN->DFW,4,4,0,0.0
route,MSN->DTW,4,4,0,0.0
route,MSN->EWR,4,4,0,0.0
route,MSN->LAS,1,1,0,0.0
route,MSN->LGA,1,1,0,0.0
route,MSN->MCO,2,2,0,0.0
route,MSN->MSP,7,7,0,0.0
route,MSN->ORD,23,23,0,0.0
route,MSN->PHL,4,4,0,0.0
route,MSN->SFO,2,2,0,0.0
route,MSN->SLC,1,1,0,0.0
route,MSO->AZA,2,2,0,0.0
route,MSO->DEN,9,9,0,0.0
route,MSO->DFW,2,2,0,0.0
route,MSO->MSP,1,1,0,0.0
route,MSO->PDX,4,4,0,0.0
route,MSO->SEA,1,1,0,0.0
route,MSO->SLC,3,3,0,0.0
route,MSP->ABR,4,4,0,0.0
route,MSP->ATL,13,13,0,0.0
route,MSP->ATW,5,5,0,0.0
route,MSP->AUS,3,3,0,0.0
route,MSP->AZO,1,1,0,0.0
route,MSP->BDL,6,6,0,0.0
route,MSP->BIL,3,3,0,0.0
route,MSP->BIS,5,5,0,0.0
route,MSP->BJI,3,3,0,0.0
route,MSP->BNA,12,12,0,0.0
route,MSP->BOS,12,12,0,0.0
route,MSP->BRD,3,3,0,0.0
route,MSP->BWI,6,6,0,0.0
route,MSP->BZN,1,1,0,0.0
route,MSP->CID,5,5,0,0.0
route,MSP->CIU,2,2,0,0.0
route,MSP->CLE,4,4,0,0.0
route,MSP->CLT,12,12,0,0.0
route,MSP->CMH,5,5,0,0.0
route,MSP->CVG,7,7,0,0.0
route,MSP->CWA,2,2,0,0.0
route,MSP->DAL,1,1,0,0.0
route,MSP->DAY,1,1,0,0.0
route,MSP->DCA,11,11,0,0.0
route,MSP->DEN,28,28,0,0.0
route,MSP->DFW,11,11,0,0.0
route,MSP->DLH,5,5,0,0.0
route,MSP->DSM,6,6,0,0.0
route,MSP->DTW,16,16,0,0.0
route,MSP->EWR,17,17,0,0.0
route,MSP->FAR,7,7,0,0.0
route,MSP->FCA,1,1,0,0.0
route,MSP->FLL,9,9,0,0.0
route,MSP->FSD,4,4,0,0.0
route,MSP->FWA,4,4,0,0.0
route,MSP->GEG,3,3,0,0.0
route,MSP->GFK,5,5,0,0.0
route,MSP->GRB,8,8,0,0.0
route,MSP->GRR,5,5,0,0.0
route,MSP->GTF,2,2,0,0.0
route,MSP->HDN,1,1,0,0.0
route,MSP->HIB,3,3,0,0.0
route,MSP->HLN,2,2,0,0.0
route,MSP->IAD,4,4,0,0.0
route,MSP->IAH,26,26,0,0.0
route,MSP->ICT,1,1,0,0.0
route,MSP->IMT,1,1,0,0.0
route,MSP->IND,3,3,0,0.0
route,MSP->INL,2,2,0,0.0
route,MSP->ISN,5,5,0,0.0
route,MSP->JFK,6,6,0,0.0
route,MSP->LAN,2,2,0,0.0
route,MSP->LAS,15,15,0,0.0
route,MSP->LAX,14,14,0,0.0
route,MSP->LGA,11,11,0,0.0
route,MSP->LNK,1,1,0,0.0
route,MSP->LSE,1,1,0,0.0
route,MSP->MBS,2,2,0,0.0
route,MSP->MCI,14,14,0,0.0
route,MSP->MCO,11,11,0,0.0
route,MSP->MDW,11,11,0,0.0
route,MSP->MEM,5,5,0,0.0
route,MSP->MIA,7,7,0,0.0
route,MSP->MKE,11,11,0,0.0
route,MSP->MLI,1,1,0,0.0
route,MSP->MOT,5,5,0,0.0
route,MSP->MSN,4,4,0,0.0
route,MSP->MSY,1,1,0,0.0
route,MSP->OAK,1,1,0,0.0
route,MSP->OKC,2,2,0,0.0
route,MSP->OMA,7,7,0,0.0
route,MSP->ORD,48,48,0,0.0
route,MSP->PDX,4,4,0,0.0
route,MSP->PHL,7,7,0,0.0
route,MSP->PHX,23,23,0,0.0
route,MSP->PIA,2,2,0,0.0
route,MSP->PIT,1,1,0,0.0
route,MSP->PSC,1,1,0,0.0
route,MSP->PSP,1,1,0,0.0
route,MSP->RAP,3,3,0,0.0
route,MSP->RDU,3,3,0,0.0
route,MSP->ROC,2,2,0,0.0
route,MSP->RST,3,3,0,0.0
route,MSP->RSW,12,12,0,0.0
route,MSP->SAN,5,5,0,0.0
route,MSP->SAT,1,1,0,0.0
route,MSP->SBN,2,2,0,0.0
route,MSP->SDF,4,4,0,0.0
route,MSP->SEA,14,14,0,0.0
route,MSP->SFO,11,11,0,0.0
route,MSP->SJC,1,1,0,0.0
route,MSP->SLC,10,10,0,0.0
route,MSP->SNA,4,4,0,0.0
route,MSP->STL,10,10,0,0.0
route,MSP->TPA,4,4,0,0.0
route,MSP->TUL,2,2,0,0.0
route,MSP->TUS,2,2,0,0.0
route,MSY->ATL,21,21,0,0.0
route,MSY->AUS,8,8,0,0.0
route,MSY->BNA,20,20,0,0.0
route,MSY->BOS,5,5,0,0.0
route,MSY->BWI,7,7,0,0.0
route,MSY->CLE,3,3,0,0.0
route,MSY->CLT,6,6,0,0.0
route,MSY->CVG,2,2,0,0.0
route,MSY->DAL,18,18,0,0.0
route,MSY->DCA,14,14,0,0.0
route,MSY->DEN,16,16,0,0.0
route,MSY->DFW,5,5,0,0.0
route,MSY->DTW,4,4,0,0.0
route,MSY->EWR,15,15,0,0.0
route,MSY->FLL,14,14,0,0.0
route,MSY->HOU,32,32,0,0.0
route,MSY->IAD,6,6,0,0.0
route,MSY->IAH,26,26,0,0.0
route,MSY->JFK,10,10,0,0.0
route,MSY->LAS,7,7,0,0.0
route,MSY->LAX,16,16,0,0.0
route,MSY->LGA,2,2,0,0.0
route,MSY->MCI,2,2,0,0.0
route,MSY->MCO,14,14,0,0.0
route,MSY->MDW,8,8,0,0.0
route,MSY->MIA,8,8,0,0.0
route,MSY->MSP,3,3,0,0.0
route,MSY->ORD,9,9,0,0.0
route,MSY->PHL,6,6,0,0.0
route,MSY->PHX,6,6,0,0.0
route,MSY->RDU,2,2,0,0.0
route,MSY->SAN,5,5,0,0.0
route,MSY->SAT,4,4,0,0.0
route,MSY->SEA,1,1,0,0.0
route,MSY->SFB,1,1,0,0.0
route,MSY->SFO,6,6,0,0.0
route,MSY->STL,7,7,0,0.0
route,MSY->TPA,16,16,0,0.0
route,MSY->USA,2,2,0,0.0
route,MTJ->CLT,1,1,0,0.0
route,MTJ->DEN,14,14,0,0.0
route,MTJ->DFW,1,1,0,0.0
route,MTJ->EWR,3,3,0,0.0
route,MTJ->IAH,3,3,0,0.0
route,MTJ->ORD,2,2,0,0.0
route,MTJ->PHX,2,2,0,0.0
route,MTJ->SFO,3,3,0,0.0
route,MYR->ACY,3,3,0,0.0
route,MYR->ATL,5,5,0,0.0
route,MYR->BOS,3,3,0,0.0
route,MYR->BWI,1,1,0,0.0
route,MYR->CLT,4,4,0,0.0
route,MYR->DTW,3,3,0,0.0
route,MYR->EWR,4,4,0,0.0
route,MYR->FLL,3,3,0,0.0
route,MYR->IAG,1,1,0,0.0
route,MYR->LGA,5,5,0,0.0
route,MYR->PHL,4,4,0,0.0
route,OAJ->ATL,2,2,0,0.0
route,OAJ->CLT,8,8,0,0.0
route,OAK->ABQ,7,7,0,0.0
route,OAK->ATL,6,6,0,0.0
route,OAK->AUS,3,3,0,0.0
route,OAK->AZA,1,1,0,0.0
route,OAK->BLI,4,4,0,0.0
route,OAK->BNA,2,2,0,0.0
route,OAK->BOI,8,8,0,0.0
route,OAK->BUR,35,35,0,0.0
route,OAK->BWI,3,3,0,0.0
route,OAK->CMH,2,2,0,0.0
route,OAK->DAL,4,4,0,0.0
route,OAK->DEN,14,14,0,0.0
route,OAK->GEG,10,10,0,0.0
route,OAK->HNL,3,3,0,0.0
route,OAK->HOU,4,4,0,0.0
route,OAK->JFK,1,1,0,0.0
route,OAK->KOA,1,1,0,0.0
route,OAK->LAS,39,39,0,0.0
route,OAK->LAX,41,41,0,0.0
route,OAK->LGB,20,20,0,0.0
route,OAK->LIH,1,1,0,0.0
route,OAK->MCO,1,1,0,0.0
route,OAK->MDW,7,7,0,0.0
route,OAK->MSP,3,3,0,0.0
route,OAK->MSY,2,2,0,0.0
route,OAK->OGG,4,4,0,0.0
route,OAK->ONT,25,25,0,0.0
route,OAK->PDX,13,13,0,0.0
route,OAK->PHX,15,15,0,0.0
route,OAK->RNO,5,5,0,0.0
route,OAK->SAN,33,33,0,0.0
route,OAK->SAT,1,1,0,0.0
route,OAK->SEA,17,17,0,0.0
route,OAK->SLC,7,7,0,0.0
route,OAK->SNA,20,20,0,0.0
route,OAK->STL,1,1,0,0.0
route,OAK->TUS,1,1,0,0.0
route,OGD->AZA,1,1,0,0.0
route,OGD->LAX,1,1,0,0.0
route,OGG->BLI,1,1,0,0.0
route,OGG->DEN,1,1,0,0.0
route,OGG->DFW,3,3,0,0.0
route,OGG->HNL,67,67,0,0.0
route,OGG->ITO,7,7,0,0.0
route,OGG->JHM,2,2,0,0.0
route,OGG->KOA,12,12,0,0.0
route,OGG->LAX,14,14,0,0.0
route,OGG->LIH,7,7,0,0.0
route,OGG->MKK,5,5,0,0.0
route,OGG->OAK,5,5,0,0.0
route,OGG->ORD,1,1,0,0.0
route,OGG->PDX,6,6,0,0.0
route,OGG->PHX,1,1,0,0.0
route,OGG->SAN,1,1,0,0.0
route,OGG->SEA,11,11,0,0.0
route,OGG->SFO,12,12,0,0.0
route,OGG->SJC,3,3,0,0.0
route,OGG->SLC,1,1,0,0.0
route,OGG->SMF,1,1,0,0.0
route,OGS->PIE,1,1,0,0.0
route,OGS->SFB,1,1,0,0.0
route,OKC->ATL,6,6,0,0.0
route,OKC->BWI,7,7,0,0.0
route,OKC->CLT,3,3,0,0.0
route,OKC->DAL,8,8,0,0.0
route,OKC->DCA,2,2,0,0.0
route,OKC->DEN,27,27,0,0.0
route,OKC->DFW,12,12,0,0.0
route,OKC->DTW,1,1,0,0.0
route,OKC->HOU,5,5,0,0.0
route,OKC->IAD,1,1,0,0.0
route,OKC->IAH,22,22,0,0.0
route,OKC->LAS,4,4,0,0.0
route,OKC->LAX,4,4,0,0.0
route,OKC->MCO,1,1,0,0.0
route,OKC->MSP,1,1,0,0.0
route,OKC->ORD,10,10,0,0.0
route,OKC->PHL,2,2,0,0.0
route,OKC->PHX,7,7,0,0.0
route,OKC->SFO,2,2,0,0.0
route,OKC->SLC,1,1,0,0.0
route,OKC->STL,6,6,0,0.0
route,OMA->ATL,5,5,0,0.0
route,OMA->AZA,1,1,0,0.0
route,OMA->CLT,8,8,0,0.0
route,OMA->DAL,4,4,0,0.0
route,OMA->DCA,2,2,0,0.0
route,OMA->DEN,24,24,0,0.0
route,OMA->DFW,4,4,0,0.0
route,OMA->DTW,3,3,0,0.0
route,OMA->EWR,3,3,0,0.0
route,OMA->HOU,1,1,0,0.0
route,OMA->IAH,8,8,0,0.0
route,OMA->LAS,4,4,0,0.0
route,OMA->LGA,1,1,0,0.0
route,OMA->MCO,3,3,0,0.0
route,OMA->MDW,10,10,0,0.0
route,OMA->MIA,1,1,0,0.0
route,OMA->MSP,4,4,0,0.0
route,OMA->ORD,18,18,0,0.0
route,OMA->PGD,2,2,0,0.0
route,OMA->PHL,6,6,0,0.0
route,OMA->PHX,7,7,0,0.0
route,OMA->SAN,1,1,0,0.0
route,OMA->SEA,1,1,0,0.0
route,OMA->SFO,2,2,0,0.0
route,OMA->SLC,2,2,0,0.0
route,OMA->STL,8,8,0,0.0
route,ONT->AUS,1,1,0,0.0
route,ONT->DAL,5,5,0,0.0
route,ONT->DEN,13,13,0,0.0
route,ONT->DFW,6,6,0,0.0
route,ONT->JFK,1,1,0,0.0
route,ONT->LAS,13,13,0,0.0
route,ONT->MCO,1,1,0,0.0
route,ONT->MDW,3,3,0,0.0
route,ONT->OAK,21,21,0,0.0
route,ONT->PDX,6,6,0,0.0
route,ONT->PHX,22,22,0,0.0
route,ONT->SFO,15,15,0,0.0
route,ONT->SJC,8,8,0,0.0
route,ONT->SLC,2,2,0,0.0
route,ONT->SMF,18,18,0,0.0
route,ORD->ABE,4,4,0,0.0
route,ORD->ABQ,7,7,0,0.0
route,ORD->ALB,8,8,0,0.0
route,ORD->ALO,1,1,0,0.0
route,ORD->ASE,7,7,0,0.0
route,ORD->ATL,50,50,0,0.0
route,ORD->ATW,16,16,0,0.0
route,ORD->AUS,23,23,0,0.0
route,ORD->AVL,5,5,0,0.0
route,ORD->AVP,4,4,0,0.0
route,ORD->AZO,15,15,0,0.0
route,ORD->BDL,9,9,0,0.0
route,ORD->BHM,7,7,0,0.0
route,ORD->BIS,5,5,0,0.0
route,ORD->BMI,2,2,0,0.0
route,ORD->BNA,30,30,0,0.0
route,ORD->BOI,8,8,0,0.0
route,ORD->BOS,33,33,0,0.0
route,ORD->BTV,8,8,0,0.0
route,ORD->BUF,7,7,0,0.0
route,ORD->BWI,15,15,0,0.0
route,ORD->BZN,10,10,0,0.0
route,ORD->CAE,10,10,0,0.0
route,ORD->CAK,11,11,0,0.0
route,ORD->CGI,3,3,0,0.0
route,ORD->CHA,7,7,0,0.0
route,ORD->CHO,10,10,0,0.0
route,ORD->CHS,8,8,0,0.0
route,ORD->CID,24,24,0,0.0
route,ORD->CKB,1,1,0,0.0
route,ORD->CLE,32,32,0,0.0
route,ORD->CLT,23,23,0,0.0
route,ORD->CMH,25,25,0,0.0
route,ORD->CMI,7,7,0,0.0
route,ORD->CMX,5,5,0,0.0
route,ORD->COS,12,12,0,0.0
route,ORD->COU,5,5,0,0.0
route,ORD->CRW,2,2,0,0.0
route,ORD->CVG,40,40,0,0.0
route,ORD->CWA,8,8,0,0.0
route,ORD->DAY,25,25,0,0.0
route,ORD->DBQ,4,4,0,0.0
route,ORD->DCA,40,40,0,0.0
route,ORD->DEN,40,40,0,0.0
route,ORD->DFW,45,45,0,0.0
route,ORD->DLH,9,9,0,0.0
route,ORD->DSM,28,28,0,0.0
route,ORD->DTW,28,28,0,0.0
route,ORD->EAU,5,5,0,0.0
route,ORD->EGE,7,7,0,0.0
route,ORD->ELP,7,7,0,0.0
route,ORD->ERI,5,5,0,0.0
route,ORD->EVV,12,12,0,0.0
route,ORD->EWR,29,29,0,0.0
route,ORD->FAR,12,12,0,0.0
route,ORD->FLL,16,16,0,0.0
route,ORD->FNT,10,10,0,0.0
route,ORD->FSD,6,6,0,0.0
route,ORD->FWA,24,24,0,0.0
route,ORD->GEG,1,1,0,0.0
route,ORD->GRB,17,17,0,0.0
route,ORD->GRR,26,26,0,0.0
route,ORD->GSO,5,5,0,0.0
route,ORD->GSP,8,8,0,0.0
route,ORD->HDN,3,3,0,0.0
route,ORD->HNL,3,3,0,0.0
route,ORD->HPN,13,13,0,0.0
route,ORD->HSV,9,9,0,0.0
route,ORD->IAD,16,16,0,0.0
route,ORD->IAH,46,46,0,0.0
route,ORD->ICT,16,16,0,0.0
route,ORD->ILM,2,2,0,0.0
route,ORD->IND,35,35,0,0.0
route,ORD->JAC,4,4,0,0.0
route,ORD->JAN,7,7,0,0.0
route,ORD->JAX,11,11,0,0.0
route,ORD->JFK,14,14,0,0.0
route,ORD->LAN,16,16,0,0.0
route,ORD->LAS,40,40,0,0.0
route,ORD->LAX,30,30,0,0.0
route,ORD->LEX,16,16,0,0.0
route,ORD->LGA,87,87,0,0.0
route,ORD->LIT,11,11,0,0.0
route,ORD->LNK,7,7,0,0.0
route,ORD->LSE,4,4,0,0.0
route,ORD->MBS,7,7,0,0.0
route,ORD->MCI,26,26,0,0.0
route,ORD->MCO,37,37,0,0.0
route,ORD->MDT,15,15,0,0.0
route,ORD->MEI,1,1,0,0.0
route,ORD->MEM,11,11,0,0.0
route,ORD->MHK,2,2,0,0.0
route,ORD->MIA,21,21,0,0.0
route,ORD->MKE,19,19,0,0.0
route,ORD->MKG,5,5,0,0.0
route,ORD->MLI,17,17,0,0.0
route,ORD->MOB,4,4,0,0.0
route,ORD->MQT,1,1,0,0.0
route,ORD->MSN,19,19,0,0.0
route,ORD->MSP,49,49,0,0.0
route,ORD->MSY,9,9,0,0.0
route,ORD->MTJ,3,3,0,0.0
route,ORD->OGG,1,1,0,0.0
route,ORD->OKC,4,4,0,0.0
route,ORD->OMA,13,13,0,0.0
route,ORD->ORF,14,14,0,0.0
route,ORD->PAH,3,3,0,0.0
route,ORD->PBI,6,6,0,0.0
route,ORD->PDX,9,9,0,0.0
route,ORD->PHL,20,20,0,0.0
route,ORD->PHX,39,39,0,0.0
route,ORD->PIA,22,22,0,0.0
route,ORD->PIT,25,25,0,0.0
route,ORD->PSP,4,4,0,0.0
route,ORD->PVD,10,10,0,0.0
route,ORD->PWM,1,1,0,0.0
route,ORD->RDU,15,15,0,0.0
route,ORD->RIC,17,17,0,0.0
route,ORD->RNO,1,1,0,0.0
route,ORD->ROA,8,8,0,0.0
route,ORD->ROC,6,6,0,0.0
route,ORD->RST,13,13,0,0.0
route,ORD->RSW,30,30,0,0.0
route,ORD->SAN,18,18,0,0.0
route,ORD->SAT,16,16,0,0.0
route,ORD->SAV,5,5,0,0.0
route,ORD->SBN,15,15,0,0.0
route,ORD->SCE,5,5,0,0.0
route,ORD->SDF,21,21,0,0.0
route,ORD->SEA,13,13,0,0.0
route,ORD->SFO,23,23,0,0.0
route,ORD->SGF,11,11,0,0.0
route,ORD->SHD,1,1,0,0.0
route,ORD->SJC,6,6,0,0.0
route,ORD->SJU,4,4,0,0.0
route,ORD->SLC,18,18,0,0.0
route,ORD->SLN,3,3,0,0.0
route,ORD->SMF,9,9,0,0.0
route,ORD->SNA,17,17,0,0.0
route,ORD->SPI,7,7,0,0.0
route,ORD->SRQ,5,5,0,0.0
route,ORD->STL,39,39,0,0.0
route,ORD->SUX,4,4,0,0.0
route,ORD->SYR,16,16,0,0.0
route,ORD->TOL,2,2,0,0.0
route,ORD->TPA,22,22,0,0.0
route,ORD->TUL,11,11,0,0.0
route,ORD->TUS,9,9,0,0.0
route,ORD->TVC,16,16,0,0.0
route,ORD->TYS,17,17,0,0.0
route,ORD->UIN,2,2,0,0.0
route,ORD->XNA,13,13,0,0.0
route,ORF->ATL,7,7,0,0.0
route,ORF->BWI,15,15,0,0.0
route,ORF->CLT,13,13,0,0.0
route,ORF->DCA,6,6,0,0.0
route,ORF->DEN,2,2,0,0.0
route,ORF->DFW,1,1,0,0.0
route,ORF->DTW,2,2,0,0.0
route,ORF->EWR,10,10,0,0.0
route,ORF->FLL,1,1,0,0.0
route,ORF->IAD,11,11,0,0.0
route,ORF->IAH,3,3,0,0.0
route,ORF->JFK,8,8,0,0.0
route,ORF->LGA,7,7,0,0.0
route,ORF->MCO,3,3,0,0.0
route,ORF->MDW,6,6,0,0.0
route,ORF->MIA,2,2,0,0.0
route,ORF->ORD,10,10,0,0.0
route,ORF->PHL,9,9,0,0.0
route,ORF->PHX,1,1,0,0.0
route,ORF->SFB,1,1,0,0.0
route,ORH->FLL,3,3,0,0.0
route,ORH->JFK,1,1,0,0.0
route,ORH->MCO,6,6,0,0.0
route,ORH->PHL,3,3,0,0.0
route,OTH->SFO,5,5,0,0.0
route,OTZ->OME,2,2,0,0.0
route,PAH->CGI,1,1,0,0.0
route,PAH->ORD,4,4,0,0.0
route,PBG->FLL,3,3,0,0.0
route,PBG->PIE,2,2,0,0.0
route,PBG->SFB,2,2,0,0.0
route,PBI->ACY,1,1,0,0.0
route,PBI->ATL,22,22,0,0.0
route,PBI->BDL,5,5,0,0.0
route,PBI->BOS,34,34,0,0.0
route,PBI->BWI,13,13,0,0.0
route,PBI->CLE,1,1,0,0.0
route,PBI->CLT,5,5,0,0.0
route,PBI->CMH,1,1,0,0.0
route,PBI->DCA,9,9,0,0.0
route,PBI->DFW,3,3,0,0.0
route,PBI->DTW,1,1,0,0.0
route,PBI->EWR,29,29,0,0.0
route,PBI->HPN,13,13,0,0.0
route,PBI->ISP,14,14,0,0.0
route,PBI->JFK,12,12,0,0.0
route,PBI->LGA,25,25,0,0.0
route,PBI->ORD,11,11,0,0.0
route,PBI->PHL,7,7,0,0.0
route,PBI->RDU,1,1,0,0.0
route,PBI->TTN,1,1,0,0.0
route,PDX->ABQ,1,1,0,0.0
route,PDX->ANC,1,1,0,0.0
route,PDX->AUS,1,1,0,0.0
route,PDX->BIL,1,1,0,0.0
route,PDX->BOI,7,7,0,0.0
route,PDX->BOS,1,1,0,0.0
route,PDX->BUR,6,6,0,0.0
route,PDX->CLT,1,1,0,0.0
route,PDX->DAL,9,9,0,0.0
route,PDX->DCA,1,1,0,0.0
route,PDX->DEN,29,29,0,0.0
route,PDX->DFW,2,2,0,0.0
route,PDX->EUG,3,3,0,0.0
route,PDX->EWR,7,7,0,0.0
route,PDX->FAT,2,2,0,0.0
route,PDX->GEG,10,10,0,0.0
route,PDX->HNL,6,6,0,0.0
route,PDX->IAH,5,5,0,0.0
route,PDX->JFK,3,3,0,0.0
route,PDX->LAS,13,13,0,0.0
route,PDX->LAX,13,13,0,0.0
route,PDX->LGB,8,8,0,0.0
route,PDX->LIH,2,2,0,0.0
route,PDX->MCO,1,1,0,0.0
route,PDX->MDW,3,3,0,0.0
route,PDX->MFR,5,5,0,0.0
route,PDX->MSO,1,1,0,0.0
route,PDX->MSP,3,3,0,0.0
route,PDX->OAK,13,13,0,0.0
route,PDX->OGG,7,7,0,0.0
route,PDX->ONT,5,5,0,0.0
route,PDX->ORD,13,13,0,0.0
route,PDX->PHX,18,18,0,0.0
route,PDX->PSP,3,3,0,0.0
route,PDX->RDM,7,7,0,0.0
route,PDX->RNO,2,2,0,0.0
route,PDX->SAN,9,9,0,0.0
route,PDX->SBA,1,1,0,0.0
route,PDX->SEA,31,31,0,0.0
route,PDX->SFO,33,33,0,0.0
route,PDX->SJC,14,14,0,0.0
route,PDX->SLC,10,10,0,0.0
route,PDX->SMF,14,14,0,0.0
route,PDX->SNA,5,5,0,0.0
route,PDX->STL,3,3,0,0.0
route,PDX->STS,4,4,0,0.0
route,PDX->TUS,4,4,0,0.0
route,PGD->ABE,1,1,0,0.0
route,PGD->ALB,1,1,0,0.0
route,PGD->AVL,4,4,0,0.0
route,PGD->BLV,4,4,0,0.0
route,PGD->CLE,1,1,0,0.0
route,PGD->CVG,5,5,0,0.0
route,PGD->DAY,4,4,0,0.0
route,PGD->DSM,2,2,0,0.0
route,PGD->FNT,3,3,0,0.0
route,PGD->FWA,3,3,0,0.0
route,PGD->GRR,5,5,0,0.0
route,PGD->IAG,2,2,0,0.0
route,PGD->IND,3,3,0,0.0
route,PGD->LCK,2,2,0,0.0
route,PGD->LEX,3,3,0,0.0
route,PGD->MCI,1,1,0,0.0
route,PGD->MKE,1,1,0,0.0
route,PGD->OMA,2,2,0,0.0
route,PGD->PBG,1,1,0,0.0
route,PGD->PIA,1,1,0,0.0
route,PGD->PIT,3,3,0,0.0
route,PGD->PSM,2,2,0,0.0
route,PGD->PVD,1,1,0,0.0
route,PGD->RDU,1,1,0,0.0
route,PGD->RFD,2,2,0,0.0
route,PGD->ROC,2,2,0,0.0
route,PGD->SWF,1,1,0,0.0
route,PGD->TYS,4,4,0,0.0
route,PGD->USA,2,2,0,0.0
route,PGV->CLT,2,2,0,0.0
route,PHF->ATL,4,4,0,0.0
route,PHF->CLT,9,9,0,0.0
route,PHF->PHL,1,1,0,0.0
route,PHL->ABE,5,5,0,0.0
route,PHL->ALB,6,6,0,0.0
route,PHL->ART,2,2,0,0.0
route,PHL->ATL,15,15,0,0.0
route,PHL->AUS,3,3,0,0.0
route,PHL->AVP,1,1,0,0.0
route,PHL->BDL,6,6,0,0.0
route,PHL->BGR,4,4,0,0.0
route,PHL->BHM,2,2,0,0.0
route,PHL->BNA,13,13,0,0.0
route,PHL->BOS,24,24,0,0.0
route,PHL->BTV,5,5,0,0.0
route,PHL->BUF,5,5,0,0.0
route,PHL->BWI,2,2,0,0.0
route,PHL->CAE,2,2,0,0.0
route,PHL->CAK,2,2,0,0.0
route,PHL->CHO,6,6,0,0.0
route,PHL->CHS,5,5,0,0.0
route,PHL->CLE,5,5,0,0.0
route,PHL->CLT,16,16,0,0.0
route,PHL->CMH,8,8,0,0.0
route,PHL->CRW,1,1,0,0.0
route,PHL->CVG,8,8,0,0.0
route,PHL->DAL,4,4,0,0.0
route,PHL->DAY,4,4,0,0.0
route,PHL->DCA,6,6,0,0.0
route,PHL->DEN,22,22,0,0.0
route,PHL->DFW,14,14,0,0.0
route,PHL->DSM,1,1,0,0.0
route,PHL->DTW,13,13,0,0.0
route,PHL->ERI,2,2,0,0.0
route,PHL->FLL,24,24,0,0.0
route,PHL->FWA,2,2,0,0.0
route,PHL->GRR,3,3,0,0.0
route,PHL->GSO,6,6,0,0.0
route,PHL->GSP,4,4,0,0.0
route,PHL->HVN,1,1,0,0.0
route,PHL->IAD,7,7,0,0.0
route,PHL->IAH,18,18,0,0.0
route,PHL->ILM,2,2,0,0.0
route,PHL->IND,4,4,0,0.0
route,PHL->IPT,2,2,0,0.0
route,PHL->ISP,4,4,0,0.0
route,PHL->ITH,4,4,0,0.0
route,PHL->JAX,3,3,0,0.0
route,PHL->JFK,1,1,0,0.0
route,PHL->LAS,7,7,0,0.0
route,PHL->LAX,15,15,0,0.0
route,PHL->LGA,4,4,0,0.0
route,PHL->MCI,2,2,0,0.0
route,PHL->MCO,39,39,0,0.0
route,PHL->MDT,9,9,0,0.0
route,PHL->MDW,12,12,0,0.0
route,PHL->MEM,5,5,0,0.0
route,PHL->MHT,2,2,0,0.0
route,PHL->MIA,11,11,0,0.0
route,PHL->MKE,3,3,0,0.0
route,PHL->MSP,9,9,0,0.0
route,PHL->MSY,3,3,0,0.0
route,PHL->MYR,2,2,0,0.0
route,PHL->OKC,3,3,0,0.0
route,PHL->OMA,3,3,0,0.0
route,PHL->ORD,20,20,0,0.0
route,PHL->ORF,8,8,0,0.0
route,PHL->ORH,1,1,0,0.0
route,PHL->PBI,7,7,0,0.0
route,PHL->PHF,8,8,0,0.0
route,PHL->PHX,13,13,0,0.0
route,PHL->PIT,9,9,0,0.0
route,PHL->PNS,1,1,0,0.0
route,PHL->PVD,4,4,0,0.0
route,PHL->PWM,8,8,0,0.0
route,PHL->RDU,9,9,0,0.0
route,PHL->RIC,8,8,0,0.0
route,PHL->ROA,2,2,0,0.0
route,PHL->ROC,4,4,0,0.0
route,PHL->RSW,2,2,0,0.0
route,PHL->SAN,1,1,0,0.0
route,PHL->SAT,1,1,0,0.0
route,PHL->SBY,1,1,0,0.0
route,PHL->SCE,8,8,0,0.0
route,PHL->SDF,1,1,0,0.0
route,PHL->SEA,4,4,0,0.0
route,PHL->SFO,19,19,0,0.0
route,PHL->SJU,7,7,0,0.0
route,PHL->SLC,2,2,0,0.0
route,PHL->SRQ,2,2,0,0.0
route,PHL->STL,8,8,0,0.0
route,PHL->STT,1,1,0,0.0
route,PHL->SWF,2,2,0,0.0
route,PHL->SYR,2,2,0,0.0
route,PHL->TPA,13,13,0,0.0
route,PHL->TYS,1,1,0,0.0
route,PHX->ABQ,31,31,0,0.0
route,PHX->AMA,2,2,0,0.0
route,PHX->ASE,1,1,0,0.0
route,PHX->ATL,14,14,0,0.0
route,PHX->AUS,20,20,0,0.0
route,PHX->BFL,4,4,0,0.0
route,PHX->BNA,8,8,0,0.0
route,PHX->BOI,5,5,0,0.0
route,PHX->BOS,11,11,0,0.0
route,PHX->BUR,17,17,0,0.0
route,PHX->BWI,7,7,0,0.0
route,PHX->CLE,5,5,0,0.0
route,PHX->CLT,13,13,0,0.0
route,PHX->CMH,6,6,0,0.0
route,PHX->COS,2,2,0,0.0
route,PHX->CVG,1,1,0,0.0
route,PHX->DAL,16,16,0,0.0
route,PHX->DCA,3,3,0,0.0
route,PHX->DEN,65,65,0,0.0
route,PHX->DFW,15,15,0,0.0
route,PHX->DRO,1,1,0,0.0
route,PHX->DSM,6,6,0,0.0
route,PHX->DTW,13,13,0,0.0
route,PHX->EGE,2,2,0,0.0
route,PHX->ELP,17,17,0,0.0
route,PHX->EUG,1,1,0,0.0
route,PHX->EWR,16,16,0,0.0
route,PHX->FAT,9,9,0,0.0
route,PHX->FLG,4,4,0,0.0
route,PHX->FLL,2,2,0,0.0
route,PHX->GEG,5,5,0,0.0
route,PHX->GJT,5,5,0,0.0
route,PHX->GRR,2,2,0,0.0
route,PHX->HNL,7,7,0,0.0
route,PHX->HOU,11,11,0,0.0
route,PHX->IAD,2,2,0,0.0
route,PHX->IAH,16,16,0,0.0
route,PHX->ICT,1,1,0,0.0
route,PHX->IND,6,6,0,0.0
route,PHX->JFK,14,14,0,0.0
route,PHX->KOA,2,2,0,0.0
route,PHX->LAS,33,33,0,0.0
route,PHX->LAX,58,58,0,0.0
route,PHX->LGB,3,3,0,0.0
route,PHX->LIH,1,1,0,0.0
route,PHX->MCI,11,11,0,0.0
route,PHX->MCO,10,10,0,0.0
route,PHX->MDW,21,21,0,0.0
route,PHX->MEM,5,5,0,0.0
route,PHX->MIA,4,4,0,0.0
route,PHX->MKE,13,13,0,0.0
route,PHX->MRY,4,4,0,0.0
route,PHX->MSN,2,2,0,0.0
route,PHX->MSP,20,20,0,0.0
route,PHX->MSY,4,4,0,0.0
route,PHX->OAK,18,18,0,0.0
route,PHX->OKC,5,5,0,0.0
route,PHX->OMA,14,14,0,0.0
route,PHX->ONT,33,33,0,0.0
route,PHX->ORD,23,23,0,0.0
route,PHX->PDX,20,20,0,0.0
route,PHX->PHL,17,17,0,0.0
route,PHX->PIT,8,8,0,0.0
route,PHX->PSP,8,8,0,0.0
route,PHX->RDM,1,1,0,0.0
route,PHX->RDU,2,2,0,0.0
route,PHX->RNO,11,11,0,0.0
route,PHX->ROW,2,2,0,0.0
route,PHX->SAF,2,2,0,0.0
route,PHX->SAN,40,40,0,0.0
route,PHX->SAT,14,14,0,0.0
route,PHX->SBA,9,9,0,0.0
route,PHX->SBP,4,4,0,0.0
route,PHX->SDF,1,1,0,0.0
route,PHX->SEA,25,25,0,0.0
route,PHX->SFO,32,32,0,0.0
route,PHX->SGU,6,6,0,0.0
route,PHX->SJC,25,25,0,0.0
route,PHX->SLC,28,28,0,0.0
route,PHX->SMF,21,21,0,0.0
route,PHX->SNA,22,22,0,0.0
route,PHX->STL,6,6,0,0.0
route,PHX->TPA,10,10,0,0.0
route,PHX->TUL,3,3,0,0.0
route,PHX->TUS,15,15,0,0.0
route,PHX->YUM,4,4,0,0.0
route,PIA->ATL,6,6,0,0.0
route,PIA->CLT,2,2,0,0.0
route,PIA->DFW,4,4,0,0.0
route,PIA->LAS,1,1,0,0.0
route,PIA->ORD,11,11,0,0.0
route,PIA->PGD,3,3,0,0.0
route,PIA->PIE,1,1,0,0.0
route,PIA->SFB,1,1,0,0.0
route,PIB->MEI,1,1,0,0.0
route,PIE->ABE,2,2,0,0.0
route,PIE->ATW,1,1,0,0.0
route,PIE->AVL,9,9,0,0.0
route,PIE->AZA,1,1,0,0.0
route,PIE->BGR,2,2,0,0.0
route,PIE->BLV,1,1,0,0.0
route,PIE->BNA,1,1,0,0.0
route,PIE->CHA,1,1,0,0.0
route,PIE->CID,1,1,0,0.0
route,PIE->CVG,1,1,0,0.0
route,PIE->DAY,1,1,0,0.0
route,PIE->DSM,1,1,0,0.0
route,PIE->ELM,3,3,0,0.0
route,PIE->FSD,2,2,0,0.0
route,PIE->FWA,1,1,0,0.0
route,PIE->GRR,5,5,0,0.0
route,PIE->GSP,3,3,0,0.0
route,PIE->IAG,2,2,0,0.0
route,PIE->IND,4,4,0,0.0
route,PIE->LCK,1,1,0,0.0
route,PIE->LEX,2,2,0,0.0
route,PIE->MDT,2,2,0,0.0
route,PIE->MLI,2,2,0,0.0
route,PIE->OGS,2,2,0,0.0
route,PIE->ORF,1,1,0,0.0
route,PIE->PBG,1,1,0,0.0
route,PIE->PVD,1,1,0,0.0
route,PIE->RDU,1,1,0,0.0
route,PIE->RIC,1,1,0,0.0
route,PIE->ROA,1,1,0,0.0
route,PIE->SGF,1,1,0,0.0
route,PIE->SWF,2,2,0,0.0
route,PIE->SYR,2,2,0,0.0
route,PIE->TOL,1,1,0,0.0
route,PIE->TYS,2,2,0,0.0
route,PIH->SLC,6,6,0,0.0
route,PIT->ATL,19,19,0,0.0
route,PIT->AUS,1,1,0,0.0
route,PIT->BNA,8,8,0,0.0
route,PIT->BOS,10,10,0,0.0
route,PIT->BWI,6,6,0,0.0
route,PIT->CHS,1,1,0,0.0
route,PIT->CLT,10,10,0,0.0
route,PIT->DAL,3,3,0,0.0
route,PIT->DCA,4,4,0,0.0
route,PIT->DEN,12,12,0,0.0
route,PIT->DFW,11,11,0,0.0
route,PIT->DTW,9,9,0,0.0
route,PIT->EWR,20,20,0,0.0
route,PIT->FLL,5,5,0,0.0
route,PIT->HOU,2,2,0,0.0
route,PIT->IAD,14,14,0,0.0
route,PIT->IAH,12,12,0,0.0
route,PIT->JFK,6,6,0,0.0
route,PIT->LAS,5,5,0,0.0
route,PIT->LAX,6,6,0,0.0
route,PIT->LGA,16,16,0,0.0
route,PIT->MCO,10,10,0,0.0
route,PIT->MDW,11,11,0,0.0
route,PIT->MIA,3,3,0,0.0
route,PIT->MSP,4,4,0,0.0
route,PIT->ORD,19,19,0,0.0
route,PIT->PBI,1,1,0,0.0
route,PIT->PGD,1,1,0,0.0
route,PIT->PHL,4,4,0,0.0
route,PIT->PHX,5,5,0,0.0
route,PIT->PIE,3,3,0,0.0
route,PIT->RSW,6,6,0,0.0
route,PIT->SAV,1,1,0,0.0
route,PIT->SEA,1,1,0,0.0
route,PIT->SFB,1,1,0,0.0
route,PIT->SFO,2,2,0,0.0
route,PIT->SJU,1,1,0,0.0
route,PIT->SLC,3,3,0,0.0
route,PIT->STL,5,5,0,0.0
route,PIT->TPA,1,1,0,0.0
route,PLN->APN,1,1,0,0.0
route,PLN->DTW,2,2,0,0.0
route,PNS->ATL,7,7,0,0.0
route,PNS->BNA,8,8,0,0.0
route,PNS->CLT,4,4,0,0.0
route,PNS->DCA,1,1,0,0.0
route,PNS->DEN,2,2,0,0.0
route,PNS->DFW,2,2,0,0.0
route,PNS->HOU,3,3,0,0.0
route,PNS->IAH,13,13,0,0.0
route,PNS->MIA,1,1,0,0.0
route,PNS->ORD,2,2,0,0.0
route,PQI->EWR,3,3,0,0.0
route,PRC->DEN,4,4,0,0.0
route,PSC->AZA,3,3,0,0.0
route,PSC->DEN,6,6,0,0.0
route,PSC->LAS,1,1,0,0.0
route,PSC->SEA,8,8,0,0.0
route,PSC->SFO,4,4,0,0.0
route,PSC->SLC,5,5,0,0.0
route,PSE->JFK,2,2,0,0.0
route,PSE->MCO,3,3,0,0.0
route,PSG->WRG,3,3,0,0.0
route,PSM->PGD,2,2,0,0.0
route,PSM->SFB,3,3,0,0.0
route,PSP->BLI,4,4,0,0.0
route,PSP->BOS,2,2,0,0.0
route,PSP->DEN,12,12,0,0.0
route,PSP->DFW,5,5,0,0.0
route,PSP->EWR,3,3,0,0.0
route,PSP->IAH,13,13,0,0.0
route,PSP->JFK,1,1,0,0.0
route,PSP->LAX,2,2,0,0.0
route,PSP->MSP,1,1,0,0.0
route,PSP->ORD,9,9,0,0.0
route,PSP->PDX,2,2,0,0.0
route,PSP->PHX,8,8,0,0.0
route,PSP->SEA,8,8,0,0.0
route,PSP->SFO,23,23,0,0.0
route,PSP->SLC,3,3,0,0.0
route,PUB->DEN,5,5,0,0.0
route,PUB->LBL,3,3,0,0.0
route,PUW->SEA,7,7,0,0.0
route,PVD->ATL,3,3,0,0.0
route,PVD->BWI,13,13,0,0.0
route,PVD->CLT,2,2,0,0.0
route,PVD->CVG,1,1,0,0.0
route,PVD->DCA,8,8,0,0.0
route,PVD->EWR,7,7,0,0.0
route,PVD->FLL,14,14,0,0.0
route,PVD->IAD,4,4,0,0.0
route,PVD->MCO,17,17,0,0.0
route,PVD->MDW,3,3,0,0.0
route,PVD->MIA,4,4,0,0.0
route,PVD->ORD,4,4,0,0.0
route,PVD->PHL,2,2,0,0.0
route,PVD->RSW,1,1,0,0.0
route,PVD->TPA,7,7,0,0.0
route,PVU->AZA,6,6,0,0.0
route,PVU->LAX,1,1,0,0.0
route,PWM->BWI,12,12,0,0.0
route,PWM->CLT,5,5,0,0.0
route,PWM->DCA,5,5,0,0.0
route,PWM->DTW,6,6,0,0.0
route,PWM->EWR,9,9,0,0.0
route,PWM->IAD,7,7,0,0.0
route,PWM->JFK,4,4,0,0.0
route,PWM->LGA,6,6,0,0.0
route,PWM->ORD,5,5,0,0.0
route,PWM->PHL,3,3,0,0.0
route,RAP->DEN,7,7,0,0.0
route,RAP->DFW,2,2,0,0.0
route,RAP->LAS,1,1,0,0.0
route,RAP->MSP,4,4,0,0.0
route,RDD->SFO,3,3,0,0.0
route,RDM->DEN,6,6,0,0.0
route,RDM->LAX,1,1,0,0.0
route,RDM->PDX,2,2,0,0.0
route,RDM->SEA,6,6,0,0.0
route,RDM->SFO,9,9,0,0.0
route,RDM->SLC,4,4,0,0.0
route,RDU->ATL,28,28,0,0.0
route,RDU->BNA,13,13,0,0.0
route,RDU->BOS,14,14,0,0.0
route,RDU->BWI,10,10,0,0.0
route,RDU->CLE,2,2,0,0.0
route,RDU->CLT,11,11,0,0.0
route,RDU->CVG,6,6,0,0.0
route,RDU->DAL,2,2,0,0.0
route,RDU->DCA,11,11,0,0.0
route,RDU->DEN,12,12,0,0.0
route,RDU->DFW,5,5,0,0.0
route,RDU->DTW,1,1,0,0.0
route,RDU->EWR,24,24,0,0.0
route,RDU->FLL,12,12,0,0.0
route,RDU->HOU,2,2,0,0.0
route,RDU->IAD,10,10,0,0.0
route,RDU->IAH,10,10,0,0.0
route,RDU->IND,1,1,0,0.0
route,RDU->JFK,18,18,0,0.0
route,RDU->LAS,3,3,0,0.0
route,RDU->LAX,3,3,0,0.0
route,RDU->LGA,9,9,0,0.0
route,RDU->MCO,15,15,0,0.0
route,RDU->MDW,6,6,0,0.0
route,RDU->MIA,4,4,0,0.0
route,RDU->MSP,6,6,0,0.0
route,RDU->MSY,2,2,0,0.0
route,RDU->ORD,15,15,0,0.0
route,RDU->PGD,2,2,0,0.0
route,RDU->PHL,4,4,0,0.0
route,RDU->PHX,3,3,0,0.0
route,RDU->PIE,4,4,0,0.0
route,RDU->PIT,2,2,0,0.0
route,RDU->SAN,2,2,0,0.0
route,RDU->SEA,4,4,0,0.0
route,RDU->SFO,11,11,0,0.0
route,RDU->SJU,1,1,0,0.0
route,RDU->SLC,2,2,0,0.0
route,RDU->STL,5,5,0,0.0
route,RDU->TPA,7,7,0,0.0
route,RFD->AZA,2,2,0,0.0
route,RFD->LAS,1,1,0,0.0
route,RFD->PGD,1,1,0,0.0
route,RFD->PIE,1,1,0,0.0
route,RFD->SFB,1,1,0,0.0
route,RHI->MSP,3,3,0,0.0
route,RIC->ATL,18,18,0,0.0
route,RIC->BNA,1,1,0,0.0
route,RIC->BOS,14,14,0,0.0
route,RIC->CLT,9,9,0,0.0
route,RIC->DEN,5,5,0,0.0
route,RIC->DFW,1,1,0,0.0
route,RIC->DTW,2,2,0,0.0
route,RIC->EWR,18,18,0,0.0
route,RIC->FLL,7,7,0,0.0
route,RIC->IAD,8,8,0,0.0
route,RIC->IAH,4,4,0,0.0
route,RIC->JFK,6,6,0,0.0
route,RIC->LGA,8,8,0,0.0
route,RIC->MCO,4,4,0,0.0
route,RIC->MIA,3,3,0,0.0
route,RIC->ORD,13,13,0,0.0
route,RIC->PHL,8,8,0,0.0
route,RKS->DEN,5,5,0,0.0
route,RNO->BOI,3,3,0,0.0
route,RNO->DAL,1,1,0,0.0
route,RNO->DEN,17,17,0,0.0
route,RNO->DFW,2,2,0,0.0
route,RNO->IAH,2,2,0,0.0
route,RNO->JFK,3,3,0,0.0
route,RNO->LAS,24,24,0,0.0
route,RNO->LAX,22,22,0,0.0
route,RNO->LGB,2,2,0,0.0
route,RNO->OAK,3,3,0,0.0
route,RNO->PDX,2,2,0,0.0
route,RNO->PHX,10,10,0,0.0
route,RNO->SAN,7,7,0,0.0
route,RNO->SEA,5,5,0,0.0
route,RNO->SFO,15,15,0,0.0
route,RNO->SJC,6,6,0,0.0
route,RNO->SLC,3,3,0,0.0
route,ROA->ATL,8,8,0,0.0
route,ROA->CLT,8,8,0,0.0
route,ROA->IAD,6,6,0,0.0
route,ROA->LGA,1,1,0,0.0
route,ROA->ORD,6,6,0,0.0
route,ROA->PHL,1,1,0,0.0
route,ROA->SFB,1,1,0,0.0
route,ROC->ATL,5,5,0,0.0
route,ROC->BOS,5,5,0,0.0
route,ROC->BWI,8,8,0,0.0
route,ROC->CLT,4,4,0,0.0
route,ROC->DCA,4,4,0,0.0
route,ROC->DTW,4,4,0,0.0
route,ROC->EWR,12,12,0,0.0
route,ROC->IAD,6,6,0,0.0
route,ROC->JFK,13,13,0,0.0
route,ROC->LGA,5,5,0,0.0
route,ROC->MCO,3,3,0,0.0
route,ROC->MSP,1,1,0,0.0
route,ROC->ORD,10,10,0,0.0
route,ROC->PGD,1,1,0,0.0
route,ROC->PHL,5,5,0,0.0
route,ROC->RSW,1,1,0,0.0
route,ROC->SFB,2,2,0,0.0
route,ROC->TPA,1,1,0,0.0
route,ROP->GUM,1,1,0,0.0
route,ROW->DFW,5,5,0,0.0
route,ROW->PHX,1,1,0,0.0
route,RST->ATL,1,1,0,0.0
route,RST->MSP,3,3,0,0.0
route,RST->ORD,9,9,0,0.0
route,RSW->ACY,5,5,0,0.0
route,RSW->ALB,1,1,0,0.0
route,RSW->ATL,14,14,0,0.0
route,RSW->BDL,8,8,0,0.0
route,RSW->BNA,2,2,0,0.0
route,RSW->BOS,30,30,0,0.0
route,RSW->BUF,1,1,0,0.0
route,RSW->BWI,20,20,0,0.0
route,RSW->CAK,2,2,0,0.0
route,RSW->CLE,8,8,0,0.0
route,RSW->CLT,7,7,0,0.0
route,RSW->CMH,5,5,0,0.0
route,RSW->COS,2,2,0,0.0
route,RSW->CVG,2,2,0,0.0
route,RSW->DAL,1,1,0,0.0
route,RSW->DCA,15,15,0,0.0
route,RSW->DEN,2,2,0,0.0
route,RSW->DFW,7,7,0,0.0
route,RSW->DTW,23,23,0,0.0
route,RSW->EWR,21,21,0,0.0
route,RSW->GRR,5,5,0,0.0
route,RSW->HPN,4,4,0,0.0
route,RSW->IAH,16,16,0,0.0
route,RSW->IND,11,11,0,0.0
route,RSW->ISP,2,2,0,0.0
route,RSW->JFK,13,13,0,0.0
route,RSW->LBE,3,3,0,0.0
route,RSW->LGA,9,9,0,0.0
route,RSW->MCI,6,6,0,0.0
route,RSW->MDW,9,9,0,0.0
route,RSW->MIA,3,3,0,0.0
route,RSW->MKE,8,8,0,0.0
route,RSW->MSP,11,11,0,0.0
route,RSW->OMA,2,2,0,0.0
route,RSW->ORD,18,18,0,0.0
route,RSW->PHL,10,10,0,0.0
route,RSW->PHX,2,2,0,0.0
route,RSW->PIT,8,8,0,0.0
route,RSW->PVD,1,1,0,0.0
route,RSW->PWM,1,1,0,0.0
route,RSW->STL,7,7,0,0.0
route,SAF->DEN,8,8,0,0.0
route,SAF->DFW,1,1,0,0.0
route,SAN->ABQ,9,9,0,0.0
route,SAN->ATL,9,9,0,0.0
route,SAN->AUS,10,10,0,0.0
route,SAN->BLI,1,1,0,0.0
route,SAN->BNA,3,3,0,0.0
route,SAN->BOI,2,2,0,0.0
route,SAN->BOS,9,9,0,0.0
route,SAN->BWI,12,12,0,0.0
route,SAN->CLT,7,7,0,0.0
route,SAN->COS,1,1,0,0.0
route,SAN->DAL,9,9,0,0.0
route,SAN->DEN,32,32,0,0.0
route,SAN->DFW,15,15,0,0.0
route,SAN->DTW,2,2,0,0.0
route,SAN->ELP,3,3,0,0.0
route,SAN->EWR,10,10,0,0.0
route,SAN->FAT,3,3,0,0.0
route,SAN->FLL,2,2,0,0.0
route,SAN->GEG,1,1,0,0.0
route,SAN->HNL,4,4,0,0.0
route,SAN->HOU,9,9,0,0.0
route,SAN->IAD,5,5,0,0.0
route,SAN->IAH,24,24,0,0.0
route,SAN->IND,1,1,0,0.0
route,SAN->JFK,8,8,0,0.0
route,SAN->KOA,1,1,0,0.0
route,SAN->LAS,44,44,0,0.0
route,SAN->LAX,24,24,0,0.0
route,SAN->MCI,8,8,0,0.0
route,SAN->MCO,8,8,0,0.0
route,SAN->MDW,7,7,0,0.0
route,SAN->MIA,1,1,0,0.0
route,SAN->MKE,1,1,0,0.0
route,SAN->MRY,1,1,0,0.0
route,SAN->MSP,7,7,0,0.0
route,SAN->MSY,3,3,0,0.0
route,SAN->OAK,30,30,0,0.0
route,SAN->OGG,4,4,0,0.0
route,SAN->OMA,1,1,0,0.0
route,SAN->ORD,15,15,0,0.0
route,SAN->PDX,13,13,0,0.0
route,SAN->PHL,2,2,0,0.0
route,SAN->PHX,36,36,0,0.0
route,SAN->RNO,6,6,0,0.0
route,SAN->SAT,4,4,0,0.0
route,SAN->SEA,20,20,0,0.0
route,SAN->SFO,55,55,0,0.0
route,SAN->SJC,47,47,0,0.0
route,SAN->SLC,12,12,0,0.0
route,SAN->SMF,34,34,0,0.0
route,SAN->STL,8,8,0,0.0
route,SAN->STS,2,2,0,0.0
route,SAN->TPA,1,1,0,0.0
route,SAN->TUS,7,7,0,0.0
route,SAT->ATL,15,15,0,0.0
route,SAT->BNA,5,5,0,0.0
route,SAT->BWI,6,6,0,0.0
route,SAT->CLT,5,5,0,0.0
route,SAT->DAL,29,29,0,0.0
route,SAT->DEN,8,8,0,0.0
route,SAT->DFW,15,15,0,0.0
route,SAT->DTW,3,3,0,0.0
route,SAT->ELP,3,3,0,0.0
route,SAT->EWR,7,7,0,0.0
route,SAT->FLL,1,1,0,0.0
route,SAT->HOU,15,15,0,0.0
route,SAT->IAD,5,5,0,0.0
route,SAT->IAH,30,30,0,0.0
route,SAT->JFK,3,3,0,0.0
route,SAT->LAS,13,13,0,0.0
route,SAT->LAX,23,23,0,0.0
route,SAT->MCI,2,2,0,0.0
route,SAT->MCO,4,4,0,0.0
route,SAT->MDW,5,5,0,0.0
route,SAT->MSP,3,3,0,0.0
route,SAT->MSY,1,1,0,0.0
route,SAT->OAK,2,2,0,0.0
route,SAT->ONT,1,1,0,0.0
route,SAT->ORD,19,19,0,0.0
route,SAT->PHL,2,2,0,0.0
route,SAT->PHX,18,18,0,0.0
route,SAT->SAN,3,3,0,0.0
route,SAT->SFO,3,3,0,0.0
route,SAT->SLC,2,2,0,0.0
route,SAT->STL,9,9,0,0.0
route,SAT->TPA,1,1,0,0.0
route,SAV->ATL,8,8,0,0.0
route,SAV->BOS,2,2,0,0.0
route,SAV->BWI,1,1,0,0.0
route,SAV->CLE,1,1,0,0.0
route,SAV->CLT,7,7,0,0.0
route,SAV->CVG,1,1,0,0.0
route,SAV->DFW,4,4,0,0.0
route,SAV->EWR,5,5,0,0.0
route,SAV->IAD,7,7,0,0.0
route,SAV->IAH,5,5,0,0.0
route,SAV->JFK,9,9,0,0.0
route,SAV->LCK,1,1,0,0.0
route,SAV->LGA,2,2,0,0.0
route,SAV->MIA,1,1,0,0.0
route,SAV->ORD,8,8,0,0.0
route,SAV->PHL,4,4,0,0.0
route,SAV->PIT,1,1,0,0.0
route,SBA->DEN,8,8,0,0.0
route,SBA->DFW,3,3,0,0.0
route,SBA->LAX,15,15,0,0.0
route,SBA->PHX,3,3,0,0.0
route,SBA->SFO,18,18,0,0.0
route,SBN->ATL,3,3,0,0.0
route,SBN->CLT,1,1,0,0.0
route,SBN->DFW,2,2,0,0.0
route,SBN->DTW,4,4,0,0.0
route,SBN->EWR,2,2,0,0.0
route,SBN->LAS,1,1,0,0.0
route,SBN->MSP,1,1,0,0.0
route,SBN->ORD,15,15,0,0.0
route,SBN->PGD,1,1,0,0.0
route,SBN->PIE,3,3,0,0.0
route,SBN->SFB,5,5,0,0.0
route,SBP->DEN,5,5,0,0.0
route,SBP->LAX,15,15,0,0.0
route,SBP->PHX,8,8,0,0.0
route,SBP->SEA,1,1,0,0.0
route,SBP->SFO,10,10,0,0.0
route,SBY->CLT,4,4,0,0.0
route,SBY->PHL,8,8,0,0.0
route,SCC->ANC,1,1,0,0.0
route,SCC->BRW,4,4,0,0.0
route,SCE->DTW,2,2,0,0.0
route,SCE->IAD,7,7,0,0.0
route,SCE->ORD,10,10,0,0.0
route,SCE->PHL,7,7,0,0.0
route,SCK->LAS,4,4,0,0.0
route,SDF->ATL,9,9,0,0.0
route,SDF->BWI,6,6,0,0.0
route,SDF->CLT,8,8,0,0.0
route,SDF->DCA,1,1,0,0.0
route,SDF->DEN,8,8,0,0.0
route,SDF->DFW,5,5,0,0.0
route,SDF->DTW,3,3,0,0.0
route,SDF->EWR,14,14,0,0.0
route,SDF->FLL,1,1,0,0.0
route,SDF->HOU,2,2,0,0.0
route,SDF->IAD,1,1,0,0.0
route,SDF->IAH,5,5,0,0.0
route,SDF->LAS,5,5,0,0.0
route,SDF->LGA,6,6,0,0.0
route,SDF->MCO,6,6,0,0.0
route,SDF->MDW,4,4,0,0.0
route,SDF->MIA,4,4,0,0.0
route,SDF->MSP,2,2,0,0.0
route,SDF->ORD,40,40,0,0.0
route,SDF->PGD,1,1,0,0.0
route,SDF->PHL,2,2,0,0.0
route,SDF->PHX,4,4,0,0.0
route,SDF->PIE,1,1,0,0.0
route,SDF->TPA,4,4,0,0.0
route,SEA->ABQ,4,4,0,0.0
route,SEA->ALW,2,2,0,0.0
route,SEA->ANC,14,14,0,0.0
route,SEA->ATL,4,4,0,0.0
route,SEA->AUS,3,3,0,0.0
route,SEA->BIL,1,1,0,0.0
route,SEA->BLI,6,6,0,0.0
route,SEA->BNA,2,2,0,0.0
route,SEA->BOI,20,20,0,0.0
route,SEA->BOS,6,6,0,0.0
route,SEA->BUR,6,6,0,0.0
route,SEA->BWI,5,5,0,0.0
route,SEA->BZN,1,1,0,0.0
route,SEA->CLT,3,3,0,0.0
route,SEA->CVG,2,2,0,0.0
route,SEA->DAL,7,7,0,0.0
route,SEA->DCA,4,4,0,0.0
route,SEA->DEN,30,30,0,0.0
route,SEA->DFW,14,14,0,0.0
route,SEA->DTW,7,7,0,0.0
route,SEA->EAT,4,4,0,0.0
route,SEA->ELP,1,1,0,0.0
route,SEA->EUG,8,8,0,0.0
route,SEA->EWR,6,6,0,0.0
route,SEA->FAI,9,9,0,0.0
route,SEA->FAT,5,5,0,0.0
route,SEA->FCA,4,4,0,0.0
route,SEA->FLL,1,1,0,0.0
route,SEA->GEG,23,23,0,0.0
route,SEA->GTF,2,2,0,0.0
route,SEA->HLN,3,3,0,0.0
route,SEA->HNL,6,6,0,0.0
route,SEA->IAD,8,8,0,0.0
route,SEA->IAH,10,10,0,0.0
route,SEA->ICT,3,3,0,0.0
route,SEA->IND,1,1,0,0.0
route,SEA->JFK,16,16,0,0.0
route,SEA->JNU,4,4,0,0.0
route,SEA->KOA,1,1,0,0.0
route,SEA->KTN,7,7,0,0.0
route,SEA->LAS,30,30,0,0.0
route,SEA->LAX,44,44,0,0.0
route,SEA->LGB,8,8,0,0.0
route,SEA->LIH,2,2,0,0.0
route,SEA->MCI,2,2,0,0.0
route,SEA->MCO,5,5,0,0.0
route,SEA->MDW,3,3,0,0.0
route,SEA->MFR,5,5,0,0.0
route,SEA->MIA,1,1,0,0.0
route,SEA->MSO,5,5,0,0.0
route,SEA->MSP,8,8,0,0.0
route,SEA->MSY,3,3,0,0.0
route,SEA->OAK,20,20,0,0.0
route,SEA->OGG,10,10,0,0.0
route,SEA->OKC,1,1,0,0.0
route,SEA->OMA,1,1,0,0.0
route,SEA->ONT,1,1,0,0.0
route,SEA->ORD,21,21,0,0.0
route,SEA->PDX,37,37,0,0.0
route,SEA->PHL,4,4,0,0.0
route,SEA->PHX,29,29,0,0.0
route,SEA->PSC,11,11,0,0.0
route,SEA->PSP,6,6,0,0.0
route,SEA->PUW,2,2,0,0.0
route,SEA->RDM,7,7,0,0.0
route,SEA->RDU,2,2,0,0.0
route,SEA->RNO,3,3,0,0.0
route,SEA->SAN,15,15,0,0.0
route,SEA->SBA,1,1,0,0.0
route,SEA->SBP,2,2,0,0.0
route,SEA->SFO,56,56,0,0.0
route,SEA->SJC,25,25,0,0.0
route,SEA->SLC,10,10,0,0.0
route,SEA->SMF,20,20,0,0.0
route,SEA->SNA,16,16,0,0.0
route,SEA->STL,3,3,0,0.0
route,SEA->STS,1,1,0,0.0
route,SEA->SUN,2,2,0,0.0
route,SEA->TUS,2,2,0,0.0
route,SEA->YKM,5,5,0,0.0
route,SFB->ABE,4,4,0,0.0
route,SFB->AVL,4,4,0,0.0
route,SFB->BGR,2,2,0,0.0
route,SFB->CHA,1,1,0,0.0
route,SFB->CID,2,2,0,0.0
route,SFB->CLE,1,1,0,0.0
route,SFB->CVG,2,2,0,0.0
route,SFB->DSM,1,1,0,0.0
route,SFB->ELM,4,4,0,0.0
route,SFB->EVV,1,1,0,0.0
route,SFB->FAR,1,1,0,0.0
route,SFB->FNT,1,1,0,0.0
route,SFB->FWA,1,1,0,0.0
route,SFB->GPT,2,2,0,0.0
route,SFB->GRR,3,3,0,0.0
route,SFB->HGR,1,1,0,0.0
route,SFB->HTS,2,2,0,0.0
route,SFB->IND,3,3,0,0.0
route,SFB->LEX,2,2,0,0.0
route,SFB->LIT,2,2,0,0.0
route,SFB->MDT,2,2,0,0.0
route,SFB->MEM,1,1,0,0.0
route,SFB->MLI,2,2,0,0.0
route,SFB->MSY,1,1,0,0.0
route,SFB->OGS,2,2,0,0.0
route,SFB->OWB,1,1,0,0.0
route,SFB->PBG,3,3,0,0.0
route,SFB->PIA,3,3,0,0.0
route,SFB->PIT,1,1,0,0.0
route,SFB->RDU,1,1,0,0.0
route,SFB->RFD,1,1,0,0.0
route,SFB->RIC,1,1,0,0.0
route,SFB->SAT,1,1,0,0.0
route,SFB->SBN,2,2,0,0.0
route,SFB->SDF,2,2,0,0.0
route,SFB->SGF,3,3,0,0.0
route,SFB->SJU,3,3,0,0.0
route,SFB->SWF,1,1,0,0.0
route,SFB->SYR,1,1,0,0.0
route,SFB->TRI,1,1,0,0.0
route,SFB->TUL,2,2,0,0.0
route,SFB->TYS,3,3,0,0.0
route,SFB->USA,1,1,0,0.0
route,SFO->ABQ,3,3,0,0.0
route,SFO->ACV,11,11,0,0.0
route,SFO->ASE,6,6,0,0.0
route,SFO->ATL,16,16,0,0.0
route,SFO->AUS,17,17,0,0.0
route,SFO->BFL,5,5,0,0.0
route,SFO->BNA,5,5,0,0.0
route,SFO->BOI,13,13,0,0.0
route,SFO->BOS,38,38,0,0.0
route,SFO->BUR,35,35,0,0.0
route,SFO->BWI,10,10,0,0.0
route,SFO->BZN,2,2,0,0.0
route,SFO->CLE,5,5,0,0.0
route,SFO->CLT,5,5,0,0.0
route,SFO->CVG,5,5,0,0.0
route,SFO->DAL,12,12,0,0.0
route,SFO->DCA,4,4,0,0.0
route,SFO->DEN,37,37,0,0.0
route,SFO->DFW,21,21,0,0.0
route,SFO->DTW,10,10,0,0.0
route,SFO->EGE,1,1,0,0.0
route,SFO->EUG,13,13,0,0.0
route,SFO->EWR,30,30,0,0.0
route,SFO->FAT,11,11,0,0.0
route,SFO->FLL,12,12,0,0.0
route,SFO->GEG,5,5,0,0.0
route,SFO->HNL,11,11,0,0.0
route,SFO->IAD,23,23,0,0.0
route,SFO->IAH,27,27,0,0.0
route,SFO->IND,8,8,0,0.0
route,SFO->JAC,6,6,0,0.0
route,SFO->JFK,44,44,0,0.0
route,SFO->KOA,14,14,0,0.0
route,SFO->LAS,53,53,0,0.0
route,SFO->LAX,115,115,0,0.0
route,SFO->LGB,12,12,0,0.0
route,SFO->LIH,10,10,0,0.0
route,SFO->MCI,4,4,0,0.0
route,SFO->MCO,12,12,0,0.0
route,SFO->MDW,6,6,0,0.0
route,SFO->MFR,14,14,0,0.0
route,SFO->MIA,9,9,0,0.0
route,SFO->MMH,2,2,0,0.0
route,SFO->MRY,4,4,0,0.0
route,SFO->MSN,3,3,0,0.0
route,SFO->MSP,9,9,0,0.0
route,SFO->MSY,3,3,0,0.0
route,SFO->MTJ,3,3,0,0.0
route,SFO->OGG,14,14,0,0.0
route,SFO->OKC,4,4,0,0.0
route,SFO->OMA,3,3,0,0.0
route,SFO->ONT,10,10,0,0.0
route,SFO->ORD,28,28,0,0.0
route,SFO->OTH,3,3,0,0.0
route,SFO->PDX,38,38,0,0.0
route,SFO->PHL,12,12,0,0.0
route,SFO->PHX,34,34,0,0.0
route,SFO->PIT,1,1,0,0.0
route,SFO->PSC,2,2,0,0.0
route,SFO->PSP,24,24,0,0.0
route,SFO->RDD,7,7,0,0.0
route,SFO->RDM,17,17,0,0.0
route,SFO->RDU,6,6,0,0.0
route,SFO->RNO,8,8,0,0.0
route,SFO->SAN,64,64,0,0.0
route,SFO->SAT,3,3,0,0.0
route,SFO->SBA,16,16,0,0.0
route,SFO->SBP,18,18,0,0.0
route,SFO->SEA,45,45,0,0.0
route,SFO->SLC,23,23,0,0.0
route,SFO->SMF,14,14,0,0.0
route,SFO->SNA,27,27,0,0.0
route,SFO->STL,6,6,0,0.0
route,SFO->STS,7,7,0,0.0
route,SFO->SUN,1,1,0,0.0
route,SFO->TPA,2,2,0,0.0
route,SFO->TUS,11,11,0,0.0
route,SFO->XNA,1,1,0,0.0
route,SGF->ATL,8,8,0,0.0
route,SGF->CLT,1,1,0,0.0
route,SGF->DEN,9,9,0,0.0
route,SGF->DFW,6,6,0,0.0
route,SGF->IAH,5,5,0,0.0
route,SGF->LAS,1,1,0,0.0
route,SGF->ORD,12,12,0,0.0
route,SGF->PIE,1,1,0,0.0
route,SGF->SFB,1,1,0,0.0
route,SGU->DEN,5,5,0,0.0
route,SGU->LAX,3,3,0,0.0
route,SGU->PHX,1,1,0,0.0
route,SGU->SLC,1,1,0,0.0
route,SHV->ATL,8,8,0,0.0
route,SHV->CLT,1,1,0,0.0
route,SHV->DEN,4,4,0,0.0
route,SHV->DFW,7,7,0,0.0
route,SHV->IAH,14,14,0,0.0
route,SHV->LAS,2,2,0,0.0
route,SIT->JNU,2,2,0,0.0
route,SIT->KTN,1,1,0,0.0
route,SJC->ATL,4,4,0,0.0
route,SJC->AUS,8,8,0,0.0
route,SJC->BOI,4,4,0,0.0
route,SJC->BOS,2,2,0,0.0
route,SJC->BUR,20,20,0,0.0
route,SJC->DAL,5,5,0,0.0
route,SJC->DEN,25,25,0,0.0
route,SJC->DFW,4,4,0,0.0
route,SJC->EWR,1,1,0,0.0
route,SJC->HNL,4,4,0,0.0
route,SJC->HOU,2,2,0,0.0
route,SJC->IAH,3,3,0,0.0
route,SJC->JFK,5,5,0,0.0
route,SJC->KOA,1,1,0,0.0
route,SJC->LAS,41,41,0,0.0
route,SJC->LAX,50,50,0,0.0
route,SJC->LGB,11,11,0,0.0
route,SJC->LIH,1,1,0,0.0
route,SJC->MCO,2,2,0,0.0
route,SJC->MDW,6,6,0,0.0
route,SJC->MSP,2,2,0,0.0
route,SJC->OGG,5,5,0,0.0
route,SJC->ONT,14,14,0,0.0
route,SJC->ORD,7,7,0,0.0
route,SJC->PDX,25,25,0,0.0
route,SJC->PHX,23,23,0,0.0
route,SJC->RNO,5,5,0,0.0
route,SJC->SAN,35,35,0,0.0
route,SJC->SEA,31,31,0,0.0
route,SJC->SLC,10,10,0,0.0
route,SJC->SNA,31,31,0,0.0
route,SJC->TUS,2,2,0,0.0
route,SJT->DFW,4,4,0,0.0
route,SJU->ATL,9,9,0,0.0
route,SJU->BDL,3,3,0,0.0
route,SJU->BOS,10,10,0,0.0
route,SJU->BWI,10,10,0,0.0
route,SJU->CLT,4,4,0,0.0
route,SJU->CVG,1,1,0,0.0
route,SJU->DCA,3,3,0,0.0
route,SJU->DFW,1,1,0,0.0
route,SJU->EWR,15,15,0,0.0
route,SJU->FLL,32,32,0,0.0
route,SJU->HOU,1,1,0,0.0
route,SJU->IAD,3,3,0,0.0
route,SJU->IAH,6,6,0,0.0
route,SJU->JFK,15,15,0,0.0
route,SJU->MCO,35,35,0,0.0
route,SJU->MDW,1,1,0,0.0
route,SJU->MIA,4,4,0,0.0
route,SJU->ORD,6,6,0,0.0
route,SJU->PHL,5,5,0,0.0
route,SJU->SFB,1,1,0,0.0
route,SJU->STT,8,8,0,0.0
route,SJU->STX,3,3,0,0.0
route,SJU->TPA,11,11,0,0.0
route,SLC->ABQ,4,4,0,0.0
route,SLC->ASE,1,1,0,0.0
route,SLC->ATL,5,5,0,0.0
route,SLC->AUS,4,4,0,0.0
route,SLC->BNA,3,3,0,0.0
route,SLC->BOI,11,11,0,0.0
route,SLC->BOS,8,8,0,0.0
route,SLC->BTM,1,1,0,0.0
route,SLC->BUR,7,7,0,0.0
route,SLC->BWI,4,4,0,0.0
route,SLC->BZN,2,2,0,0.0
route,SLC->CDC,2,2,0,0.0
route,SLC->CLT,2,2,0,0.0
route,SLC->COS,4,4,0,0.0
route,SLC->CPR,3,3,0,0.0
route,SLC->DAL,3,3,0,0.0
route,SLC->DEN,53,53,0,0.0
route,SLC->DFW,16,16,0,0.0
route,SLC->DSM,1,1,0,0.0
route,SLC->DTW,5,5,0,0.0
route,SLC->EKO,4,4,0,0.0
route,SLC->EUG,2,2,0,0.0
route,SLC->EWR,8,8,0,0.0
route,SLC->FAT,3,3,0,0.0
route,SLC->FCA,5,5,0,0.0
route,SLC->FLL,6,6,0,0.0
route,SLC->GEG,2,2,0,0.0
route,SLC->GTF,3,3,0,0.0
route,SLC->HLN,7,7,0,0.0
route,SLC->HNL,2,2,0,0.0
route,SLC->HOU,2,2,0,0.0
route,SLC->IAD,1,1,0,0.0
route,SLC->IAH,15,15,0,0.0
route,SLC->IDA,8,8,0,0.0
route,SLC->IND,2,2,0,0.0
route,SLC->JAC,3,3,0,0.0
route,SLC->JFK,16,16,0,0.0
route,SLC->LAS,22,22,0,0.0
route,SLC->LAX,31,31,0,0.0
route,SLC->LGB,9,9,0,0.0
route,SLC->LWS,1,1,0,0.0
route,SLC->MCI,4,4,0,0.0
route,SLC->MCO,11,11,0,0.0
route,SLC->MDW,3,3,0,0.0
route,SLC->MFR,3,3,0,0.0
route,SLC->MSO,3,3,0,0.0
route,SLC->MSP,12,12,0,0.0
route,SLC->MSY,1,1,0,0.0
route,SLC->OAK,20,20,0,0.0
route,SLC->OGG,1,1,0,0.0
route,SLC->OKC,4,4,0,0.0
route,SLC->ONT,6,6,0,0.0
route,SLC->ORD,20,20,0,0.0
route,SLC->PDX,11,11,0,0.0
route,SLC->PHL,3,3,0,0.0
route,SLC->PHX,27,27,0,0.0
route,SLC->PIH,2,2,0,0.0
route,SLC->PIT,2,2,0,0.0
route,SLC->PSC,6,6,0,0.0
route,SLC->PSP,4,4,0,0.0
route,SLC->RDM,3,3,0,0.0
route,SLC->RNO,6,6,0,0.0
route,SLC->RSW,1,1,0,0.0
route,SLC->SAN,11,11,0,0.0
route,SLC->SAT,2,2,0,0.0
route,SLC->SEA,11,11,0,0.0
route,SLC->SFO,17,17,0,0.0
route,SLC->SGU,3,3,0,0.0
route,SLC->SJC,14,14,0,0.0
route,SLC->SMF,8,8,0,0.0
route,SLC->SNA,9,9,0,0.0
route,SLC->STL,3,3,0,0.0
route,SLC->TUL,3,3,0,0.0
route,SLC->TUS,4,4,0,0.0
route,SLC->TWF,3,3,0,0.0
route,SLN->HYS,2,2,0,0.0
route,SLN->ORD,6,6,0,0.0
route,SMF->ATL,4,4,0,0.0
route,SMF->BOI,1,1,0,0.0
route,SMF->BUR,21,21,0,0.0
route,SMF->BWI,5,5,0,0.0
route,SMF->DAL,4,4,0,0.0
route,SMF->DEN,24,24,0,0.0
route,SMF->DFW,7,7,0,0.0
route,SMF->GEG,3,3,0,0.0
route,SMF->HNL,3,3,0,0.0
route,SMF->IAD,1,1,0,0.0
route,SMF->IAH,2,2,0,0.0
route,SMF->JFK,3,3,0,0.0
route,SMF->LAS,21,21,0,0.0
route,SMF->LAX,40,40,0,0.0
route,SMF->LGB,13,13,0,0.0
route,SMF->MCO,2,2,0,0.0
route,SMF->MDW,1,1,0,0.0
route,SMF->MSP,1,1,0,0.0
route,SMF->ONT,11,11,0,0.0
route,SMF->ORD,6,6,0,0.0
route,SMF->PDX,20,20,0,0.0
route,SMF->PHX,21,21,0,0.0
route,SMF->SAN,34,34,0,0.0
route,SMF->SEA,22,22,0,0.0
route,SMF->SFO,11,11,0,0.0
route,SMF->SLC,12,12,0,0.0
route,SMF->SNA,24,24,0,0.0
route,SMX->LAS,4,4,0,0.0
route,SNA->ATL,5,5,0,0.0
route,SNA->DAL,4,4,0,0.0
route,SNA->DEN,29,29,0,0.0
route,SNA->DFW,10,10,0,0.0
route,SNA->DTW,3,3,0,0.0
route,SNA->EWR,4,4,0,0.0
route,SNA->HOU,3,3,0,0.0
route,SNA->IAH,15,15,0,0.0
route,SNA->LAS,20,20,0,0.0
route,SNA->MSP,4,4,0,0.0
route,SNA->OAK,13,13,0,0.0
route,SNA->ORD,12,12,0,0.0
route,SNA->PDX,2,2,0,0.0
route,SNA->PHX,14,14,0,0.0
route,SNA->SEA,11,11,0,0.0
route,SNA->SFO,28,28,0,0.0
route,SNA->SJC,30,30,0,0.0
route,SNA->SLC,3,3,0,0.0
route,SNA->SMF,15,15,0,0.0
route,SNA->STS,1,1,0,0.0
route,SPI->DFW,2,2,0,0.0
route,SPI->ORD,4,4,0,0.0
route,SPI->PGD,1,1,0,0.0
route,SPN->GUM,7,7,0,0.0
route,SPN->ROP,3,3,0,0.0
route,SPS->DFW,5,5,0,0.0
route,SRQ->ATL,4,4,0,0.0
route,SRQ->BOS,5,5,0,0.0
route,SRQ->CLT,4,4,0,0.0
route,SRQ->DFW,2,2,0,0.0
route,SRQ->DTW,1,1,0,0.0
route,SRQ->EWR,4,4,0,0.0
route,SRQ->IND,1,1,0,0.0
route,SRQ->JFK,4,4,0,0.0
route,SRQ->ORD,5,5,0,0.0
route,SRQ->PHL,3,3,0,0.0
route,STC->AZA,1,1,0,0.0
route,STC->PGD,1,1,0,0.0
route,STL->ATL,16,16,0,0.0
route,STL->AUS,7,7,0,0.0
route,STL->BNA,3,3,0,0.0
route,STL->BOS,7,7,0,0.0
route,STL->BWI,5,5,0,0.0
route,STL->CLE,3,3,0,0.0
route,STL->CLT,3,3,0,0.0
route,STL->CMH,9,9,0,0.0
route,STL->CVG,2,2,0,0.0
route,STL->DAL,8,8,0,0.0
route,STL->DCA,17,17,0,0.0
route,STL->DEN,39,39,0,0.0
route,STL->DFW,15,15,0,0.0
route,STL->DSM,8,8,0,0.0
route,STL->DTW,11,11,0,0.0
route,STL->EWR,23,23,0,0.0
route,STL->FLL,6,6,0,0.0
route,STL->HOU,12,12,0,0.0
route,STL->IAD,7,7,0,0.0
route,STL->IAH,16,16,0,0.0
route,STL->ICT,2,2,0,0.0
route,STL->LAS,13,13,0,0.0
route,STL->LAX,12,12,0,0.0
route,STL->LGA,24,24,0,0.0
route,STL->LIT,4,4,0,0.0
route,STL->MCI,11,11,0,0.0
route,STL->MCO,16,16,0,0.0
route,STL->MDW,16,16,0,0.0
route,STL->MIA,5,5,0,0.0
route,STL->MKE,3,3,0,0.0
route,STL->MSP,12,12,0,0.0
route,STL->MSY,3,3,0,0.0
route,STL->OAK,1,1,0,0.0
route,STL->OKC,4,4,0,0.0
route,STL->OMA,4,4,0,0.0
route,STL->ORD,31,31,0,0.0
route,STL->PDX,2,2,0,0.0
route,STL->PHL,11,11,0,0.0
route,STL->PHX,9,9,0,0.0
route,STL->PIT,3,3,0,0.0
route,STL->RDU,2,2,0,0.0
route,STL->RSW,9,9,0,0.0
route,STL->SAN,6,6,0,0.0
route,STL->SAT,2,2,0,0.0
route,STL->SEA,5,5,0,0.0
route,STL->SFO,6,6,0,0.0
route,STL->SLC,5,5,0,0.0
route,STL->SMF,1,1,0,0.0
route,STL->TPA,4,4,0,0.0
route,STL->TUL,4,4,0,0.0
route,STS->LAX,1,1,0,0.0
route,STS->PDX,5,5,0,0.0
route,STS->PHX,1,1,0,0.0
route,STS->SAN,4,4,0,0.0
route,STS->SFO,5,5,0,0.0
route,STS->SNA,2,2,0,0.0
route,STT->ATL,1,1,0,0.0
route,STT->CLT,3,3,0,0.0
route,STT->EWR,2,2,0,0.0
route,STT->FLL,1,1,0,0.0
route,STT->MIA,2,2,0,0.0
route,STT->ORD,1,1,0,0.0
route,STT->PHL,2,2,0,0.0
route,STT->SJU,9,9,0,0.0
route,STX->ATL,1,1,0,0.0
route,STX->MIA,2,2,0,0.0
route,STX->SJU,1,1,0,0.0
route,SUN->DEN,1,1,0,0.0
route,SUN->SFO,3,3,0,0.0
route,SUN->SLC,3,3,0,0.0
route,SUX->DFW,1,1,0,0.0
route,SUX->ORD,3,3,0,0.0
route,SWF->DTW,1,1,0,0.0
route,SWF->FLL,4,4,0,0.0
route,SWF->MCO,2,2,0,0.0
route,SWF->PGD,2,2,0,0.0
route,SWF->PIE,1,1,0,0.0
route,SWO->DFW,3,3,0,0.0
route,SYR->ATL,1,1,0,0.0
route,SYR->BOS,4,4,0,0.0
route,SYR->CLT,8,8,0,0.0
route,SYR->DCA,3,3,0,0.0
route,SYR->DTW,5,5,0,0.0
route,SYR->EWR,15,15,0,0.0
route,SYR->FLL,3,3,0,0.0
route,SYR->IAD,9,9,0,0.0
route,SYR->JFK,11,11,0,0.0
route,SYR->LGA,3,3,0,0.0
route,SYR->MCO,3,3,0,0.0
route,SYR->ORD,21,21,0,0.0
route,SYR->PGD,1,1,0,0.0
route,SYR->PHL,7,7,0,0.0
route,SYR->PIE,4,4,0,0.0
route,SYR->RSW,1,1,0,0.0
route,SYR->SFB,1,1,0,0.0
route,SYR->TPA,1,1,0,0.0
route,TLH->ATL,13,13,0,0.0
route,TLH->CLT,4,4,0,0.0
route,TLH->DCA,2,2,0,0.0
route,TLH->DFW,3,3,0,0.0
route,TLH->MIA,5,5,0,0.0
route,TOL->CLT,1,1,0,0.0
route,TOL->ORD,2,2,0,0.0
route,TOL->PGD,2,2,0,0.0
route,TOL->PIE,1,1,0,0.0
route,TOL->SFB,2,2,0,0.0
route,TPA->ACY,2,2,0,0.0
route,TPA->ALB,3,3,0,0.0
route,TPA->ATL,36,36,0,0.0
route,TPA->AUS,1,1,0,0.0
route,TPA->BDL,6,6,0,0.0
route,TPA->BHM,5,5,0,0.0
route,TPA->BNA,8,8,0,0.0
route,TPA->BOS,16,16,0,0.0
route,TPA->BUF,11,11,0,0.0
route,TPA->BWI,29,29,0,0.0
route,TPA->CLE,3,3,0,0.0
route,TPA->CLT,12,12,0,0.0
route,TPA->CMH,8,8,0,0.0
route,TPA->COS,1,1,0,0.0
route,TPA->CVG,2,2,0,0.0
route,TPA->DAL,10,10,0,0.0
route,TPA->DCA,10,10,0,0.0
route,TPA->DEN,26,26,0,0.0
route,TPA->DFW,11,11,0,0.0
route,TPA->DTW,7,7,0,0.0
route,TPA->EWR,31,31,0,0.0
route,TPA->FLL,27,27,0,0.0
route,TPA->FNT,1,1,0,0.0
route,TPA->GSO,1,1,0,0.0
route,TPA->HOU,13,13,0,0.0
route,TPA->HPN,1,1,0,0.0
route,TPA->IAD,10,10,0,0.0
route,TPA->IAH,12,12,0,0.0
route,TPA->IND,7,7,0,0.0
route,TPA->ISP,5,5,0,0.0
route,TPA->JFK,22,22,0,0.0
route,TPA->LAS,7,7,0,0.0
route,TPA->LAX,1,1,0,0.0
route,TPA->LBE,2,2,0,0.0
route,TPA->LGA,9,9,0,0.0
route,TPA->MCI,2,2,0,0.0
route,TPA->MDW,7,7,0,0.0
route,TPA->MEM,4,4,0,0.0
route,TPA->MHT,3,3,0,0.0
route,TPA->MIA,8,8,0,0.0
route,TPA->MKE,2,2,0,0.0
route,TPA->MSP,9,9,0,0.0
route,TPA->MSY,8,8,0,0.0
route,TPA->ORD,31,31,0,0.0
route,TPA->ORF,1,1,0,0.0
route,TPA->PHL,25,25,0,0.0
route,TPA->PHX,4,4,0,0.0
route,TPA->PIT,7,7,0,0.0
route,TPA->PVD,3,3,0,0.0
route,TPA->PWM,1,1,0,0.0
route,TPA->RDU,17,17,0,0.0
route,TPA->ROC,4,4,0,0.0
route,TPA->SAN,1,1,0,0.0
route,TPA->SAT,2,2,0,0.0
route,TPA->SDF,3,3,0,0.0
route,TPA->SEA,1,1,0,0.0
route,TPA->SFO,2,2,0,0.0
route,TPA->SJU,11,11,0,0.0
route,TPA->SLC,2,2,0,0.0
route,TPA->STL,4,4,0,0.0
route,TPA->SYR,1,1,0,0.0
route,TPA->TTN,1,1,0,0.0
route,TRI->ATL,5,5,0,0.0
route,TRI->CLT,6,6,0,0.0
route,TTN->ATL,1,1,0,0.0
route,TTN->CLT,2,2,0,0.0
route,TTN->JAX,1,1,0,0.0
route,TTN->MCO,7,7,0,0.0
route,TTN->PBI,1,1,0,0.0
route,TTN->RDU,1,1,0,0.0
route,TTN->RSW,2,2,0,0.0
route,TTN->TPA,2,2,0,0.0
route,TUL->ATL,5,5,0,0.0
route,TUL->CLT,2,2,0,0.0
route,TUL->DAL,8,8,0,0.0
route,TUL->DEN,18,18,0,0.0
route,TUL->DFW,8,8,0,0.0
route,TUL->HOU,8,8,0,0.0
route,TUL->IAH,22,22,0,0.0
route,TUL->LAS,3,3,0,0.0
route,TUL->LAX,2,2,0,0.0
route,TUL->MSP,3,3,0,0.0
route,TUL->ORD,14,14,0,0.0
route,TUL->PHX,4,4,0,0.0
route,TUL->SLC,2,2,0,0.0
route,TUL->STL,2,2,0,0.0
route,TUS->ATL,1,1,0,0.0
route,TUS->CLT,2,2,0,0.0
route,TUS->DEN,25,25,0,0.0
route,TUS->DFW,8,8,0,0.0
route,TUS->IAH,11,11,0,0.0
route,TUS->LAS,11,11,0,0.0
route,TUS->LAX,24,24,0,0.0
route,TUS->OAK,1,1,0,0.0
route,TUS->ORD,5,5,0,0.0
route,TUS->PHX,13,13,0,0.0
route,TUS->SAN,1,1,0,0.0
route,TUS->SEA,7,7,0,0.0
route,TUS->SFO,8,8,0,0.0
route,TUS->SJC,1,1,0,0.0
route,TUS->SLC,5,5,0,0.0
route,TVC->DTW,4,4,0,0.0
route,TVC->ORD,13,13,0,0.0
route,TWF->LAX,1,1,0,0.0
route,TWF->ORD,1,1,0,0.0
route,TWF->SLC,7,7,0,0.0
route,TXK->DFW,2,2,0,0.0
route,TYR->DFW,4,4,0,0.0
route,TYS->ATL,8,8,0,0.0
route,TYS->CLT,11,11,0,0.0
route,TYS->DCA,4,4,0,0.0
route,TYS->DEN,6,6,0,0.0
route,TYS->DFW,3,3,0,0.0
route,TYS->DTW,6,6,0,0.0
route,TYS->EWR,5,5,0,0.0
route,TYS->FLL,1,1,0,0.0
route,TYS->IAD,7,7,0,0.0
route,TYS->IAH,11,11,0,0.0
route,TYS->MCO,2,2,0,0.0
route,TYS->MIA,1,1,0,0.0
route,TYS->MSP,1,1,0,0.0
route,TYS->ORD,12,12,0,0.0
route,TYS->PHL,5,5,0,0.0
route,TYS->PIE,3,3,0,0.0
route,TYS->SFB,3,3,0,0.0
route,UIN->CGI,1,1,0,0.0
route,UIN->ORD,4,4,0,0.0
route,USA->FLL,3,3,0,0.0
route,USA->MSY,2,2,0,0.0
route,USA->PGD,1,1,0,0.0
route,USA->PIE,1,1,0,0.0
route,USA->SFB,2,2,0,0.0
route,VEL->DEN,1,1,0,0.0
route,VLD->ATL,4,4,0,0.0
route,VPS->ATL,8,8,0,0.0
route,VPS->BLV,1,1,0,0.0
route,VPS->CLT,6,6,0,0.0
route,VPS->CVG,3,3,0,0.0
route,VPS->DFW,2,2,0,0.0
route,VPS->EWR,1,1,0,0.0
route,VPS->IAH,9,9,0,0.0
route,WRG->PSG,1,1,0,0.0
route,XNA->ATL,5,5,0,0.0
route,XNA->CLT,6,6,0,0.0
route,XNA->DCA,2,2,0,0.0
route,XNA->DEN,3,3,0,0.0
route,XNA->DFW,11,11,0,0.0
route,XNA->EWR,3,3,0,0.0
route,XNA->IAH,13,13,0,0.0
route,XNA->LGA,2,2,0,0.0
route,XNA->MSP,4,4,0,0.0
route,XNA->ORD,20,20,0,0.0
route,XNA->SFB,1,1,0,0.0
route,XNA->SFO,2,2,0,0.0
route,YAK->CDV,1,1,0,0.0
route,YAK->JNU,1,1,0,0.0
route,YKM->SEA,5,5,0,0.0
route,YUM->PHX,5,5,0,0.0
Day_of_Month,1,1573,1573,0,0.0
Day_of_Month,10,1447,1447,0,0.0
Day_of_Month,11,1515,1515,0,0.0
Day_of_Month,12,1482,1482,0,0.0
Day_of_Month,13,1609,1609,0,0.0
Day_of_Month,14,1586,1586,0,0.0
Day_of_Month,15,1635,1635,0,0.0
Day_of_Month,16,1408,1408,0,0.0
Day_of_Month,17,1412,1412,0,0.0
Day_of_Month,18,1633,1633,0,0.0
Day_of_Month,19,1613,1613,0,0.0
Day_of_Month,2,1394,1394,0,0.0
Day_of_Month,20,1582,1582,0,0.0
Day_of_Month,21,1676,1676,0,0.0
Day_of_Month,22,1667,1667,0,0.0
Day_of_Month,23,1379,1379,0,0.0
Day_of_Month,24,1449,1449,0,0.0
Day_of_Month,25,1597,1597,0,0.0
Day_of_Month,26,1558,1558,0,0.0
Day_of_Month,27,1489,1489,0,0.0
Day_of_Month,28,1593,1593,0,0.0
Day_of_Month,3,1201,1201,0,0.0
Day_of_Month,4,1456,1456,0,0.0
Day_of_Month,5,1505,1505,0,0.0
Day_of_Month,6,1504,1504,0,0.0
Day_of_Month,7,1567,1567,0,0.0
Day_of_Month,8,1569,1569,0,0.0
Day_of_Month,9,1263,1263,0,0.0
