dimension,value,eligible_rows,matched_rows,unmatched_rows,unmatched_rate
Carrier_ID(DOT),19393,12325,12325,0,0.0
Carrier_ID(DOT),19687,1109,1109,0,0.0
Carrier_ID(DOT),19690,745,745,0,0.0
Carrier_ID(DOT),19790,8270,8270,0,0.0
Carrier_ID(DOT),19805,8259,8259,0,0.0
Carrier_ID(DOT),19930,2287,2287,0,0.0
Carrier_ID(DOT),19977,5600,5600,0,0.0
Carrier_ID(DOT),20046,920,920,0,0.0
Carrier_ID(DOT),20225,5,5,0,0.0
Carrier_ID(DOT),20237,644,644,0,0.0
Carrier_ID(DOT),20263,63,63,0,0.0
Carrier_ID(DOT),20304,7257,7257,0,0.0
Carrier_ID(DOT),20363,2335,2335,0,0.0
Carrier_ID(DOT),20366,1306,1306,0,0.0
Carrier_ID(DOT),20368,919,919,0,0.0
Carrier_ID(DOT),20378,2032,2032,0,0.0
Carrier_ID(DOT),20397,2437,2437,0,0.0
Carrier_ID(DOT),20398,2725,2725,0,0.0
Carrier_ID(DOT),20409,2816,2816,0,0.0
Carrier_ID(DOT),20416,1657,1657,0,0.0
Carrier_ID(DOT),20427,1051,1051,0,0.0
Carrier_ID(DOT),20436,1175,1175,0,0.0
Carrier_ID(DOT),20445,493,493,0,0.0
Carrier_ID(DOT),20452,2754,2754,0,0.0
Carrier_ID(DOT),20500,742,742,0,0.0
Carrier_ID(DOT),21167,792,792,0,0.0
Airline,(missing),7742,7742,0,0.0
Airline,Air Wisconsin Airlines Corp,826,826,0,0.0
Airline,Alaska Airlines Inc.,2017,2017,0,0.0
Airline,Allegiant Air,823,823,0,0.0
Airline,American Airlines Inc.,7353,7353,0,0.0
Airline,Capital Cargo International,922,922,0,0.0
Airline,Comair Inc.,2149,2149,0,0.0
Airline,"Commutair Aka Champlain Enterprises, Inc.",438,438,0,0.0
Airline,Compass Airlines,704,704,0,0.0
Airline,Delta Air Lines Inc.,7382,7382,0,0.0
Airline,Empire Airlines Inc.,62,62,0,0.0
Airline,Endeavor Air Inc.,2070,2070,0,0.0
Airline,Envoy Air,2383,2383,0,0.0
Airline,ExpressJet Airlines Inc.,1168,1168,0,0.0
Airline,Frontier Airlines Inc.,1046,1046,0,0.0
Airline,"GoJet Airlines, LLC d/b/a United Express",677,677,0,0.0
Airline,Hawaiian Airlines Inc.,660,660,0,0.0
Airline,Horizon Air,1001,1001,0,0.0
Airline,JetBlue Airways,2518,2518,0,0.0
Airline,Mesa Airlines Inc.,1800,1800,0,0.0
Airline,Peninsula Airways Inc.,5,5,0,0.0
Airline,Republic Airlines,2458,2458,0,0.0
Airline,SkyWest Airlines Inc.,6464,6464,0,0.0
Airline,Southwest Airlines Co.,11007,11007,0,0.0
Airline,Spirit Air Lines,1465,1465,0,0.0
Airline,Trans States Airlines,582,582,0,0.0
Airline,United Air Lines Inc.,4996,4996,0,0.0
carrier_group,previously-absent operator,5819,5819,0,0.0
carrier_group,reporting carrier,64899,64899,0,0.0
route,ABE->ATL,9,9,0,0.0
route,ABE->BNA,1,1,0,0.0
route,ABE->CLT,14,14,0,0.0
route,ABE->DTW,11,11,0,0.0
route,ABE->FLL,1,1,0,0.0
route,ABE->ORD,13,13,0,0.0
route,ABE->PGD,2,2,0,0.0
route,ABE->PHL,6,6,0,0.0
route,ABE->PIE,1,1,0,0.0
route,ABE->SFB,3,3,0,0.0
route,ABI->DFW,21,21,0,0.0
route,ABQ->ATL,6,6,0,0.0
route,ABQ->AUS,1,1,0,0.0
route,ABQ->BWI,3,3,0,0.0
route,ABQ->DAL,25,25,0,0.0
route,ABQ->DEN,20,20,0,0.0
route,ABQ->DFW,18,18,0,0.0
route,ABQ->HOU,13,13,0,0.0
route,ABQ->IAH,15,15,0,0.0
route,ABQ->JFK,5,5,0,0.0
route,ABQ->LAS,14,14,0,0.0
route,ABQ->LAX,18,18,0,0.0
route,ABQ->MCI,5,5,0,0.0
route,ABQ->MCO,3,3,0,0.0
route,ABQ->MDW,3,3,0,0.0
route,ABQ->MSP,1,1,0,0.0
route,ABQ->OAK,13,13,0,0.0
route,ABQ->ORD,13,13,0,0.0
route,ABQ->PDX,5,5,0,0.0
route,ABQ->PHX,24,24,0,0.0
route,ABQ->SAN,8,8,0,0.0
route,ABQ->SAT,3,3,0,0.0
route,ABQ->SEA,3,3,0,0.0
route,ABQ->SFO,10,10,0,0.0
route,ABQ->SJC,1,1,0,0.0
route,ABQ->SLC,9,9,0,0.0
route,ABQ->SNA,7,7,0,0.0
route,ABR->MSP,8,8,0,0.0
route,ABY->ATL,8,8,0,0.0
route,ACT->DFW,12,12,0,0.0
route,ACV->DEN,1,1,0,0.0
route,ACV->LAX,4,4,0,0.0
route,ACV->SFO,10,10,0,0.0
route,ACY->FLL,10,10,0,0.0
route,ACY->MCO,6,6,0,0.0
route,ACY->MYR,1,1,0,0.0
route,ACY->PBI,3,3,0,0.0
route,ACY->RSW,4,4,0,0.0
route,ACY->TPA,5,5,0,0.0
route,ADK->ANC,2,2,0,0.0
route,ADQ->ANC,10,10,0,0.0
route,AEX->ATL,12,12,0,0.0
route,AEX->DFW,7,7,0,0.0
route,AEX->IAH,3,3,0,0.0
route,AGS->ATL,20,20,0,0.0
route,AGS->CLT,18,18,0,0.0
route,AGS->DFW,2,2,0,0.0
route,ALB->ATL,4,4,0,0.0
route,ALB->BWI,20,20,0,0.0
route,ALB->CLT,4,4,0,0.0
route,ALB->DCA,12,12,0,0.0
route,ALB->DEN,1,1,0,0.0
route,ALB->DTW,14,14,0,0.0
route,ALB->EWR,12,12,0,0.0
route,ALB->FLL,4,4,0,0.0
route,ALB->IAD,7,7,0,0.0
route,ALB->MCO,9,9,0,0.0
route,ALB->MDW,4,4,0,0.0
route,ALB->MSP,1,1,0,0.0
route,ALB->ORD,27,27,0,0.0
route,ALB->PGD,1,1,0,0.0
route,ALB->PHL,17,17,0,0.0
route,ALB->PIE,4,4,0,0.0
route,ALB->TPA,8,8,0,0.0
route,ALO->ORD,6,6,0,0.0
route,ALW->SEA,11,11,0,0.0
route,AMA->DAL,11,11,0,0.0
route,AMA->DEN,7,7,0,0.0
route,AMA->DFW,21,21,0,0.0
route,AMA->HOU,1,1,0,0.0
route,AMA->IAH,9,9,0,0.0
route,AMA->LAS,2,2,0,0.0
route,AMA->PHX,1,1,0,0.0
route,ANC->ADQ,9,9,0,0.0
route,ANC->BET,5,5,0,0.0
route,ANC->CDV,3,3,0,0.0
route,ANC->DEN,5,5,0,0.0
route,ANC->DUT,1,1,0,0.0
route,ANC->FAI,14,14,0,0.0
route,ANC->HNL,6,6,0,0.0
route,ANC->JNU,9,9,0,0.0
route,ANC->KOA,1,1,0,0.0
route,ANC->LAX,3,3,0,0.0
route,ANC->MSP,2,2,0,0.0
route,ANC->OGG,3,3,0,0.0
route,ANC->OME,5,5,0,0.0
route,ANC->ORD,4,4,0,0.0
route,ANC->OTZ,5,5,0,0.0
route,ANC->PDX,9,9,0,0.0
route,ANC->PHX,2,2,0,0.0
route,ANC->SCC,3,3,0,0.0
route,ANC->SEA,61,61,0,0.0
route,APN->DTW,8,8,0,0.0
route,APN->PLN,7,7,0,0.0
route,ART->PHL,10,10,0,0.0
route,ASE->ATL,3,3,0,0.0
route,ASE->DEN,20,20,0,0.0
route,ASE->DFW,6,6,0,0.0
route,ASE->IAH,7,7,0,0.0
route,ASE->LAX,23,23,0,0.0
route,ASE->MSP,3,3,0,0.0
route,ASE->ORD,8,8,0,0.0
route,ASE->PHX,2,2,0,0.0
route,ASE->SFO,6,6,0,0.0
route,ASE->SLC,4,4,0,0.0
route,ATL->ABE,5,5,0,0.0
route,ATL->ABQ,3,3,0,0.0
route,ATL->ABY,9,9,0,0.0
route,ATL->AEX,19,19,0,0.0
route,ATL->AGS,17,17,0,0.0
route,ATL->ALB,8,8,0,0.0
route,ATL->ASE,1,1,0,0.0
route,ATL->ATW,5,5,0,0.0
route,ATL->AUS,33,33,0,0.0
route,ATL->AVL,35,35,0,0.0
route,ATL->AVP,4,4,0,0.0
route,ATL->BDL,24,24,0,0.0
route,ATL->BHM,22,22,0,0.0
route,ATL->BMI,8,8,0,0.0
route,ATL->BNA,30,30,0,0.0
route,ATL->BOS,56,56,0,0.0
route,ATL->BQK,8,8,0,0.0
route,ATL->BTR,17,17,0,0.0
route,ATL->BTV,5,5,0,0.0
route,ATL->BUF,10,10,0,0.0
route,ATL->BUR,2,2,0,0.0
route,ATL->BWI,70,70,0,0.0
route,ATL->BZN,2,2,0,0.0
route,ATL->CAE,27,27,0,0.0
route,ATL->CAK,12,12,0,0.0
route,ATL->CHA,33,33,0,0.0
route,ATL->CHO,16,16,0,0.0
route,ATL->CHS,19,19,0,0.0
route,ATL->CID,10,10,0,0.0
route,ATL->CLE,25,25,0,0.0
route,ATL->CLT,46,46,0,0.0
route,ATL->CMH,35,35,0,0.0
route,ATL->COS,4,4,0,0.0
route,ATL->CRW,16,16,0,0.0
route,ATL->CSG,10,10,0,0.0
route,ATL->CVG,21,21,0,0.0
route,ATL->DAB,11,11,0,0.0
route,ATL->DAL,33,33,0,0.0
route,ATL->DAY,15,15,0,0.0
route,ATL->DCA,68,68,0,0.0
route,ATL->DEN,50,50,0,0.0
route,ATL->DFW,61,61,0,0.0
route,ATL->DHN,12,12,0,0.0
route,ATL->DSM,12,12,0,0.0
route,ATL->DTW,53,53,0,0.0
route,ATL->ECP,22,22,0,0.0
route,ATL->ELM,1,1,0,0.0
route,ATL->ELP,12,12,0,0.0
route,ATL->EVV,12,12,0,0.0
route,ATL->EWN,6,6,0,0.0
route,ATL->EWR,52,52,0,0.0
route,ATL->EYW,12,12,0,0.0
route,ATL->FAR,2,2,0,0.0
route,ATL->FAY,13,13,0,0.0
route,ATL->FLL,76,76,0,0.0
route,ATL->FNT,7,7,0,0.0
route,ATL->FSD,1,1,0,0.0
route,ATL->FSM,9,9,0,0.0
route,ATL->FWA,15,15,0,0.0
route,ATL->GNV,15,15,0,0.0
route,ATL->GPT,12,12,0,0.0
route,ATL->GRB,8,8,0,0.0
route,ATL->GRR,19,19,0,0.0
route,ATL->GSO,17,17,0,0.0
route,ATL->GSP,37,37,0,0.0
route,ATL->GTR,11,11,0,0.0
route,ATL->HDN,1,1,0,0.0
route,ATL->HHH,6,6,0,0.0
route,ATL->HNL,3,3,0,0.0
route,ATL->HOU,43,43,0,0.0
route,ATL->HPN,15,15,0,0.0
route,ATL->HSV,28,28,0,0.0
route,ATL->IAD,37,37,0,0.0
route,ATL->IAH,45,45,0,0.0
route,ATL->ICT,1,1,0,0.0
route,ATL->ILM,22,22,0,0.0
route,ATL->IND,38,38,0,0.0
route,ATL->ISP,1,1,0,0.0
route,ATL->JAN,28,28,0,0.0
route,ATL->JAX,38,38,0,0.0
route,ATL->JFK,30,30,0,0.0
route,ATL->LAS,41,41,0,0.0
route,ATL->LAX,60,60,0,0.0
route,ATL->LEX,20,20,0,0.0
route,ATL->LFT,10,10,0,0.0
route,ATL->LGA,85,85,0,0.0
route,ATL->LIT,17,17,0,0.0
route,ATL->LNK,3,3,0,0.0
route,ATL->MCI,39,39,0,0.0
route,ATL->MCO,95,95,0,0.0
route,ATL->MDT,11,11,0,0.0
route,ATL->MDW,36,36,0,0.0
route,ATL->MEM,30,30,0,0.0
route,ATL->MGM,15,15,0,0.0
route,ATL->MIA,62,62,0,0.0
route,ATL->MKE,24,24,0,0.0
route,ATL->MLB,14,14,0,0.0
route,ATL->MLI,9,9,0,0.0
route,ATL->MLU,10,10,0,0.0
route,ATL->MOB,11,11,0,0.0
route,ATL->MSN,5,5,0,0.0
route,ATL->MSP,41,41,0,0.0
route,ATL->MSY,40,40,0,0.0
route,ATL->MTJ,1,1,0,0.0
route,ATL->MYR,18,18,0,0.0
route,ATL->OAJ,16,16,0,0.0
route,ATL->OAK,3,3,0,0.0
route,ATL->OKC,19,19,0,0.0
route,ATL->OMA,12,12,0,0.0
route,ATL->ONT,3,3,0,0.0
route,ATL->ORD,77,77,0,0.0
route,ATL->ORF,20,20,0,0.0
route,ATL->PBI,29,29,0,0.0
route,ATL->PDX,10,10,0,0.0
route,ATL->PHF,7,7,0,0.0
route,ATL->PHL,65,65,0,0.0
route,ATL->PHX,27,27,0,0.0
route,ATL->PIA,8,8,0,0.0
route,ATL->PIT,28,28,0,0.0
route,ATL->PNS,24,24,0,0.0
route,ATL->PVD,10,10,0,0.0
route,ATL->PWM,2,2,0,0.0
route,ATL->RDU,54,54,0,0.0
route,ATL->RIC,30,30,0,0.0
route,ATL->RNO,1,1,0,0.0
route,ATL->ROA,17,17,0,0.0
route,ATL->ROC,14,14,0,0.0
route,ATL->RST,1,1,0,0.0
route,ATL->RSW,22,22,0,0.0
route,ATL->SAN,24,24,0,0.0
route,ATL->SAT,28,28,0,0.0
route,ATL->SAV,29,29,0,0.0
route,ATL->SBN,13,13,0,0.0
route,ATL->SDF,27,27,0,0.0
route,ATL->SEA,26,26,0,0.0
route,ATL->SFO,33,33,0,0.0
route,ATL->SGF,13,13,0,0.0
route,ATL->SHV,16,16,0,0.0
route,ATL->SJC,14,14,0,0.0
route,ATL->SJU,10,10,0,0.0
route,ATL->SLC,27,27,0,0.0
route,ATL->SMF,7,7,0,0.0
route,ATL->SNA,10,10,0,0.0
route,ATL->SRQ,20,20,0,0.0
route,ATL->STL,36,36,0,0.0
route,ATL->STT,6,6,0,0.0
route,ATL->STX,1,1,0,0.0
route,ATL->SYR,10,10,0,0.0
route,ATL->TLH,26,26,0,0.0
route,ATL->TPA,70,70,0,0.0
route,ATL->TRI,17,17,0,0.0
route,ATL->TTN,1,1,0,0.0
route,ATL->TUL,15,15,0,0.0
route,ATL->TUS,2,2,0,0.0
route,ATL->TYS,21,21,0,0.0
route,ATL->VLD,6,6,0,0.0
route,ATL->VPS,15,15,0,0.0
route,ATL->XNA,18,18,0,0.0
route,ATW->ATL,5,5,0,0.0
route,ATW->AZA,1,1,0,0.0
route,ATW->DEN,2,2,0,0.0
route,ATW->DTW,8,8,0,0.0
route,ATW->MSP,11,11,0,0.0
route,ATW->ORD,24,24,0,0.0
route,ATW->PGD,1,1,0,0.0
route,ATW->PIE,1,1,0,0.0
route,ATW->SFB,2,2,0,0.0
route,ATY->ORD,1,1,0,0.0
route,AUS->ATL,38,38,0,0.0
route,AUS->BNA,8,8,0,0.0
route,AUS->BOS,10,10,0,0.0
route,AUS->BWI,9,9,0,0.0
route,AUS->CLT,11,11,0,0.0
route,AUS->CVG,8,8,0,0.0
route,AUS->DAL,30,30,0,0.0
route,AUS->DCA,2,2,0,0.0
route,AUS->DEN,25,25,0,0.0
route,AUS->DFW,32,32,0,0.0
route,AUS->DTW,8,8,0,0.0
route,AUS->ELP,12,12,0,0.0
route,AUS->EWR,6,6,0,0.0
route,AUS->FLL,9,9,0,0.0
route,AUS->HOU,20,20,0,0.0
route,AUS->HRL,3,3,0,0.0
route,AUS->IAD,9,9,0,0.0
route,AUS->IAH,32,32,0,0.0
route,AUS->IND,1,1,0,0.0
route,AUS->JFK,19,19,0,0.0
route,AUS->LAS,16,16,0,0.0
route,AUS->LAX,31,31,0,0.0
route,AUS->LBB,3,3,0,0.0
route,AUS->LGB,3,3,0,0.0
route,AUS->MCI,2,2,0,0.0
route,AUS->MCO,19,19,0,0.0
route,AUS->MDW,5,5,0,0.0
route,AUS->MIA,9,9,0,0.0
route,AUS->MSP,4,4,0,0.0
route,AUS->MSY,6,6,0,0.0
route,AUS->OAK,2,2,0,0.0
route,AUS->ONT,2,2,0,0.0
route,AUS->ORD,25,25,0,0.0
route,AUS->PDX,2,2,0,0.0
route,AUS->PHL,9,9,0,0.0
route,AUS->PHX,29,29,0,0.0
route,AUS->SAN,18,18,0,0.0
route,AUS->SEA,8,8,0,0.0
route,AUS->SFB,3,3,0,0.0
route,AUS->SFO,18,18,0,0.0
route,AUS->SJC,22,22,0,0.0
route,AUS->SLC,9,9,0,0.0
route,AUS->SMF,3,3,0,0.0
route,AUS->SNA,2,2,0,0.0
route,AUS->STL,10,10,0,0.0
route,AUS->TPA,2,2,0,0.0
route,AVL->ATL,19,19,0,0.0
route,AVL->CLT,23,23,0,0.0
route,AVL->EWR,4,4,0,0.0
route,AVL->FLL,9,9,0,0.0
route,AVL->IAD,2,2,0,0.0
route,AVL->ORD,13,13,0,0.0
route,AVL->PGD,1,1,0,0.0
route,AVL->PHL,1,1,0,0.0
route,AVL->PIE,6,6,0,0.0
route,AVL->SFB,3,3,0,0.0
route,AVP->ATL,5,5,0,0.0
route,AVP->CLT,9,9,0,0.0
route,AVP->DTW,6,6,0,0.0
route,AVP->IAD,8,8,0,0.0
route,AVP->ORD,22,22,0,0.0
route,AVP->PHL,8,8,0,0.0
route,AZA->ATW,2,2,0,0.0
route,AZA->BIL,1,1,0,0.0
route,AZA->BIS,2,2,0,0.0
route,AZA->BLI,1,1,0,0.0
route,AZA->BLV,1,1,0,0.0
route,AZA->BZN,2,2,0,0.0
route,AZA->CID,3,3,0,0.0
route,AZA->CVG,1,1,0,0.0
route,AZA->DSM,2,2,0,0.0
route,AZA->EUG,2,2,0,0.0
route,AZA->FAR,1,1,0,0.0
route,AZA->FSD,2,2,0,0.0
route,AZA->FWA,1,1,0,0.0
route,AZA->GRR,3,3,0,0.0
route,AZA->ICT,1,1,0,0.0
route,AZA->IDA,2,2,0,0.0
route,AZA->MKE,2,2,0,0.0
route,AZA->MOT,2,2,0,0.0
route,AZA->OAK,2,2,0,0.0
route,AZA->OMA,2,2,0,0.0
route,AZA->PIA,2,2,0,0.0
route,AZA->PSC,3,3,0,0.0
route,AZA->PVU,3,3,0,0.0
route,AZA->RAP,2,2,0,0.0
route,AZA->RDM,2,2,0,0.0
route,AZA->RFD,3,3,0,0.0
route,AZA->SCK,2,2,0,0.0
route,AZA->SGF,1,1,0,0.0
route,AZA->SGU,1,1,0,0.0
route,AZA->STC,1,1,0,0.0
route,AZO->DTW,15,15,0,0.0
route,AZO->MSP,5,5,0,0.0
route,AZO->ORD,22,22,0,0.0
route,BDL->ATL,14,14,0,0.0
route,BDL->BWI,19,19,0,0.0
route,BDL->CLE,2,2,0,0.0
route,BDL->CLT,19,19,0,0.0
route,BDL->CVG,6,6,0,0.0
route,BDL->DCA,15,15,0,0.0
route,BDL->DEN,7,7,0,0.0
route,BDL->DFW,6,6,0,0.0
route,BDL->DTW,10,10,0,0.0
route,BDL->FLL,16,16,0,0.0
route,BDL->IAD,12,12,0,0.0
route,BDL->IAH,1,1,0,0.0
route,BDL->LAX,4,4,0,0.0
route,BDL->MCO,19,19,0,0.0
route,BDL->MDW,5,5,0,0.0
route,BDL->MIA,7,7,0,0.0
route,BDL->MSP,11,11,0,0.0
route,BDL->ORD,29,29,0,0.0
route,BDL->PBI,4,4,0,0.0
route,BDL->PHL,20,20,0,0.0
route,BDL->RDU,3,3,0,0.0
route,BDL->RSW,10,10,0,0.0
route,BDL->SJU,3,3,0,0.0
route,BDL->STL,1,1,0,0.0
route,BDL->TPA,14,14,0,0.0
route,BET->ANC,6,6,0,0.0
route,BFF->DEN,4,4,0,0.0
route,BFL->DEN,7,7,0,0.0
route,BFL->DFW,5,5,0,0.0
route,BFL->PHX,11,11,0,0.0
route,BFL->SFO,9,9,0,0.0
route,BGM->DTW,7,7,0,0.0
route,BGR->DCA,9,9,0,0.0
route,BGR->EWR,7,7,0,0.0
route,BGR->LGA,7,7,0,0.0
route,BGR->PHL,9,9,0,0.0
route,BGR->PIE,2,2,0,0.0
route,BGR->SFB,1,1,0,0.0
route,BHM->ATL,33,33,0,0.0
route,BHM->BWI,4,4,0,0.0
route,BHM->CLT,19,19,0,0.0
route,BHM->DAL,8,8,0,0.0
route,BHM->DCA,8,8,0,0.0
route,BHM->DEN,5,5,0,0.0
route,BHM->DFW,18,18,0,0.0
route,BHM->DTW,9,9,0,0.0
route,BHM->HOU,4,4,0,0.0
route,BHM->IAH,6,6,0,0.0
route,BHM->LAS,1,1,0,0.0
route,BHM->LGA,7,7,0,0.0
route,BHM->MCO,4,4,0,0.0
route,BHM->MDW,11,11,0,0.0
route,BHM->MIA,8,8,0,0.0
route,BHM->ORD,25,25,0,0.0
route,BHM->PHL,6,6,0,0.0
route,BHM->TPA,10,10,0,0.0
route,BIL->AZA,3,3,0,0.0
route,BIL->DEN,12,12,0,0.0
route,BIL->DFW,2,2,0,0.0
route,BIL->LAS,1,1,0,0.0
route,BIL->MSP,6,6,0,0.0
route,BIL->PDX,5,5,0,0.0
route,BIL->SEA,4,4,0,0.0
route,BIL->SLC,11,11,0,0.0
route,BIS->AZA,1,1,0,0.0
route,BIS->DEN,16,16,0,0.0
route,BIS->DFW,3,3,0,0.0
route,BIS->LAS,2,2,0,0.0
route,BIS->MSP,25,25,0,0.0
route,BIS->ORD,7,7,0,0.0
route,BJI->MSP,9,9,0,0.0
route,BLI->KOA,1,1,0,0.0
route,BLI->LAS,8,8,0,0.0
route,BLI->OAK,4,4,0,0.0
route,BLI->OGG,1,1,0,0.0
route,BLI->PSP,1,1,0,0.0
route,BLI->SEA,16,16,0,0.0
route,BLV->AZA,1,1,0,0.0
route,BLV->PGD,1,1,0,0.0
route,BLV->SFB,2,2,0,0.0
route,BLV->VPS,3,3,0,0.0
route,BMI->ATL,3,3,0,0.0
route,BMI->DFW,4,4,0,0.0
route,BMI->MCO,2,2,0,0.0
route,BMI->ORD,3,3,0,0.0
route,BMI->PIE,1,1,0,0.0
route,BMI->SFB,2,2,0,0.0
route,BNA->ATL,45,45,0,0.0
route,BNA->AUS,8,8,0,0.0
route,BNA->BOS,22,22,0,0.0
route,BNA->BUR,1,1,0,0.0
route,BNA->BWI,21,21,0,0.0
route,BNA->CHS,6,6,0,0.0
route,BNA->CLE,6,6,0,0.0
route,BNA->CLT,22,22,0,0.0
route,BNA->CMH,4,4,0,0.0
route,BNA->DAL,17,17,0,0.0
route,BNA->DCA,27,27,0,0.0
route,BNA->DEN,24,24,0,0.0
route,BNA->DFW,23,23,0,0.0
route,BNA->DTW,19,19,0,0.0
route,BNA->ECP,3,3,0,0.0
route,BNA->EWR,17,17,0,0.0
route,BNA->FLL,18,18,0,0.0
route,BNA->GRR,1,1,0,0.0
route,BNA->HOU,15,15,0,0.0
route,BNA->IAD,11,11,0,0.0
route,BNA->IAH,12,12,0,0.0
route,BNA->JAX,7,7,0,0.0
route,BNA->JFK,18,18,0,0.0
route,BNA->LAS,11,11,0,0.0
route,BNA->LAX,28,28,0,0.0
route,BNA->LGA,42,42,0,0.0
route,BNA->MCI,6,6,0,0.0
route,BNA->MCO,16,16,0,0.0
route,BNA->MDW,21,21,0,0.0
route,BNA->MIA,10,10,0,0.0
route,BNA->MKE,6,6,0,0.0
route,BNA->MSP,21,21,0,0.0
route,BNA->MSY,12,12,0,0.0
route,BNA->OAK,1,1,0,0.0
route,BNA->ORD,39,39,0,0.0
route,BNA->PGD,3,3,0,0.0
route,BNA->PHL,22,22,0,0.0
route,BNA->PHX,12,12,0,0.0
route,BNA->PIE,3,3,0,0.0
route,BNA->PIT,9,9,0,0.0
route,BNA->PNS,7,7,0,0.0
route,BNA->RDU,17,17,0,0.0
route,BNA->RSW,4,4,0,0.0
route,BNA->SAN,5,5,0,0.0
route,BNA->SAT,5,5,0,0.0
route,BNA->SEA,10,10,0,0.0
route,BNA->SFB,1,1,0,0.0
route,BNA->SFO,9,9,0,0.0
route,BNA->SJC,1,1,0,0.0
route,BNA->SLC,2,2,0,0.0
route,BNA->STL,6,6,0,0.0
route,BNA->TPA,14,14,0,0.0
route,BOI->DEN,18,18,0,0.0
route,BOI->DFW,5,5,0,0.0
route,BOI->GEG,16,16,0,0.0
route,BOI->IAH,4,4,0,0.0
route,BOI->LAS,5,5,0,0.0
route,BOI->LAX,11,11,0,0.0
route,BOI->MSP,4,4,0,0.0
route,BOI->OAK,5,5,0,0.0
route,BOI->ORD,7,7,0,0.0
route,BOI->PDX,24,24,0,0.0
route,BOI->PHX,15,15,0,0.0
route,BOI->RNO,4,4,0,0.0
route,BOI->SAN,7,7,0,0.0
route,BOI->SEA,40,40,0,0.0
route,BOI->SFO,22,22,0,0.0
route,BOI->SJC,4,4,0,0.0
route,BOI->SLC,17,17,0,0.0
route,BOI->SMF,5,5,0,0.0
route,BOS->ATL,54,54,0,0.0
route,BOS->AUS,10,10,0,0.0
route,BOS->BNA,22,22,0,0.0
route,BOS->BUF,12,12,0,0.0
route,BOS->BUR,3,3,0,0.0
route,BOS->BWI,45,45,0,0.0
route,BOS->CHS,10,10,0,0.0
route,BOS->CLE,15,15,0,0.0
route,BOS->CLT,36,36,0,0.0
route,BOS->CMH,14,14,0,0.0
route,BOS->CVG,10,10,0,0.0
route,BOS->DAL,2,2,0,0.0
route,BOS->DCA,73,73,0,0.0
route,BOS->DEN,24,24,0,0.0
route,BOS->DFW,26,26,0,0.0
route,BOS->DTW,30,30,0,0.0
route,BOS->EWR,64,64,0,0.0
route,BOS->FLL,29,29,0,0.0
route,BOS->HNL,1,1,0,0.0
route,BOS->HOU,7,7,0,0.0
route,BOS->IAD,15,15,0,0.0
route,BOS->IAH,19,19,0,0.0
route,BOS->IND,8,8,0,0.0
route,BOS->JAX,12,12,0,0.0
route,BOS->JFK,46,46,0,0.0
route,BOS->LAS,21,21,0,0.0
route,BOS->LAX,46,46,0,0.0
route,BOS->LGA,66,66,0,0.0
route,BOS->LGB,5,5,0,0.0
route,BOS->MCI,4,4,0,0.0
route,BOS->MCO,46,46,0,0.0
route,BOS->MDT,3,3,0,0.0
route,BOS->MDW,9,9,0,0.0
route,BOS->MIA,20,20,0,0.0
route,BOS->MKE,12,12,0,0.0
route,BOS->MSP,26,26,0,0.0
route,BOS->MSY,12,12,0,0.0
route,BOS->MYR,5,5,0,0.0
route,BOS->ORD,71,71,0,0.0
route,BOS->ORF,1,1,0,0.0
route,BOS->PBI,34,34,0,0.0
route,BOS->PDX,7,7,0,0.0
route,BOS->PHL,76,76,0,0.0
route,BOS->PHX,19,19,0,0.0
route,BOS->PIT,23,23,0,0.0
route,BOS->RDU,37,37,0,0.0
route,BOS->RIC,13,13,0,0.0
route,BOS->ROC,5,5,0,0.0
route,BOS->RSW,26,26,0,0.0
route,BOS->SAN,14,14,0,0.0
route,BOS->SAV,3,3,0,0.0
route,BOS->SEA,10,10,0,0.0
route,BOS->SFO,42,42,0,0.0
route,BOS->SJC,4,4,0,0.0
route,BOS->SJU,4,4,0,0.0
route,BOS->SLC,10,10,0,0.0
route,BOS->SRQ,3,3,0,0.0
route,BOS->STL,10,10,0,0.0
route,BOS->SYR,3,3,0,0.0
route,BOS->TPA,35,35,0,0.0
route,BPT->DFW,12,12,0,0.0
route,BQK->ATL,8,8,0,0.0
route,BQN->FLL,8,8,0,0.0
route,BQN->JFK,5,5,0,0.0
route,BQN->MCO,10,10,0,0.0
route,BRD->MSP,4,4,0,0.0
route,BRO->DFW,6,6,0,0.0
route,BRO->IAH,16,16,0,0.0
route,BRW->ANC,2,2,0,0.0
route,BTM->SLC,6,6,0,0.0
route,BTR->ATL,22,22,0,0.0
route,BTR->CLT,3,3,0,0.0
route,BTR->DFW,16,16,0,0.0
route,BTR->IAH,16,16,0,0.0
route,BTV->ATL,1,1,0,0.0
route,BTV->CLT,5,5,0,0.0
route,BTV->DCA,10,10,0,0.0
route,BTV->DTW,12,12,0,0.0
route,BTV->EWR,19,19,0,0.0
route,BTV->IAD,7,7,0,0.0
route,BTV->JFK,9,9,0,0.0
route,BTV->LGA,5,5,0,0.0
route,BTV->MCO,1,1,0,0.0
route,BTV->ORD,3,3,0,0.0
route,BTV->PHL,13,13,0,0.0
route,BUF->ATL,12,12,0,0.0
route,BUF->BOS,16,16,0,0.0
route,BUF->BWI,21,21,0,0.0
route,BUF->CLT,12,12,0,0.0
route,BUF->DCA,5,5,0,0.0
route,BUF->DEN,3,3,0,0.0
route,BUF->DFW,4,4,0,0.0
route,BUF->DTW,12,12,0,0.0
route,BUF->EWR,22,22,0,0.0
route,BUF->FLL,7,7,0,0.0
route,BUF->IAD,10,10,0,0.0
route,BUF->JFK,34,34,0,0.0
route,BUF->LAS,4,4,0,0.0
route,BUF->LAX,1,1,0,0.0
route,BUF->LGA,12,12,0,0.0
route,BUF->MCO,13,13,0,0.0
route,BUF->MDW,10,10,0,0.0
route,BUF->MSP,3,3,0,0.0
route,BUF->ORD,15,15,0,0.0
route,BUF->PHL,8,8,0,0.0
route,BUF->PHX,4,4,0,0.0
route,BUF->RSW,2,2,0,0.0
route,BUF->TPA,9,9,0,0.0
route,BUR->ATL,3,3,0,0.0
route,BUR->BOS,3,3,0,0.0
route,BUR->DAL,3,3,0,0.0
route,BUR->DEN,12,12,0,0.0
route,BUR->DFW,5,5,0,0.0
route,BUR->HOU,4,4,0,0.0
route,BUR->JFK,1,1,0,0.0
route,BUR->LAS,39,39,0,0.0
route,BUR->MDW,1,1,0,0.0
route,BUR->OAK,41,41,0,0.0
route,BUR->PDX,12,12,0,0.0
route,BUR->PHX,42,42,0,0.0
route,BUR->SEA,17,17,0,0.0
route,BUR->SFO,24,24,0,0.0
route,BUR->SJC,32,32,0,0.0
route,BUR->SLC,11,11,0,0.0
route,BUR->SMF,25,25,0,0.0
route,BWI->ABQ,7,7,0,0.0
route,BWI->ALB,14,14,0,0.0
route,BWI->ATL,53,53,0,0.0
route,BWI->AUS,11,11,0,0.0
route,BWI->AVL,2,2,0,0.0
route,BWI->BDL,19,19,0,0.0
route,BWI->BHM,4,4,0,0.0
route,BWI->BNA,18,18,0,0.0
route,BWI->BOS,51,51,0,0.0
route,BWI->BUF,17,17,0,0.0
route,BWI->CHS,10,10,0,0.0
route,BWI->CLE,11,11,0,0.0
route,BWI->CLT,39,39,0,0.0
route,BWI->CMH,14,14,0,0.0
route,BWI->CVG,22,22,0,0.0
route,BWI->DAL,15,15,0,0.0
route,BWI->DEN,27,27,0,0.0
route,BWI->DFW,8,8,0,0.0
route,BWI->DTW,30,30,0,0.0
route,BWI->FLL,40,40,0,0.0
route,BWI->GRR,4,4,0,0.0
route,BWI->GSP,2,2,0,0.0
route,BWI->HOU,15,15,0,0.0
route,BWI->IAH,6,6,0,0.0
route,BWI->IND,12,12,0,0.0
route,BWI->ISP,15,15,0,0.0
route,BWI->JAX,15,15,0,0.0
route,BWI->JFK,8,8,0,0.0
route,BWI->LAS,18,18,0,0.0
route,BWI->LAX,21,21,0,0.0
route,BWI->MCI,9,9,0,0.0
route,BWI->MCO,46,46,0,0.0
route,BWI->MDW,25,25,0,0.0
route,BWI->MEM,2,2,0,0.0
route,BWI->MHT,19,19,0,0.0
route,BWI->MIA,5,5,0,0.0
route,BWI->MKE,12,12,0,0.0
route,BWI->MSP,17,17,0,0.0
route,BWI->MSY,21,21,0,0.0
route,BWI->OAK,4,4,0,0.0
route,BWI->OKC,3,3,0,0.0
route,BWI->ORD,28,28,0,0.0
route,BWI->ORF,17,17,0,0.0
route,BWI->PBI,19,19,0,0.0
route,BWI->PHL,10,10,0,0.0
route,BWI->PHX,19,19,0,0.0
route,BWI->PIT,9,9,0,0.0
route,BWI->PVD,25,25,0,0.0
route,BWI->PWM,11,11,0,0.0
route,BWI->RDU,20,20,0,0.0
route,BWI->ROC,13,13,0,0.0
route,BWI->RSW,13,13,0,0.0
route,BWI->SAN,7,7,0,0.0
route,BWI->SAT,6,6,0,0.0
route,BWI->SAV,1,1,0,0.0
route,BWI->SDF,8,8,0,0.0
route,BWI->SEA,6,6,0,0.0
route,BWI->SFO,12,12,0,0.0
route,BWI->SJC,2,2,0,0.0
route,BWI->SJU,12,12,0,0.0
route,BWI->SLC,13,13,0,0.0
route,BWI->SMF,1,1,0,0.0
route,BWI->STL,5,5,0,0.0
route,BWI->TPA,32,32,0,0.0
route,BZN->ATL,5,5,0,0.0
route,BZN->AZA,1,1,0,0.0
route,BZN->DEN,14,14,0,0.0
route,BZN->DFW,6,6,0,0.0
route,BZN->IAH,2,2,0,0.0
route,BZN->LAS,1,1,0,0.0
route,BZN->LAX,6,6,0,0.0
route,BZN->LGB,1,1,0,0.0
route,BZN->MSP,6,6,0,0.0
route,BZN->ORD,6,6,0,0.0
route,BZN->PDX,3,3,0,0.0
route,BZN->SEA,8,8,0,0.0
route,BZN->SFO,4,4,0,0.0
route,BZN->SLC,12,12,0,0.0
route,CAE->ATL,28,28,0,0.0
route,CAE->CLT,30,30,0,0.0
route,CAE->DCA,6,6,0,0.0
route,CAE->DFW,7,7,0,0.0
route,CAE->IAD,9,9,0,0.0
route,CAE->IAH,1,1,0,0.0
route,CAE->LGA,1,1,0,0.0
route,CAE->ORD,8,8,0,0.0
route,CAE->PHL,3,3,0,0.0
route,CAK->ATL,9,9,0,0.0
route,CAK->CLT,8,8,0,0.0
route,CAK->DCA,3,3,0,0.0
route,CAK->EWR,3,3,0,0.0
route,CAK->IAH,4,4,0,0.0
route,CAK->LGA,3,3,0,0.0
route,CAK->MCO,2,2,0,0.0
route,CAK->ORD,16,16,0,0.0
route,CAK->PHL,4,4,0,0.0
route,CAK->RSW,2,2,0,0.0
route,CDC->SLC,6,6,0,0.0
route,CDV->ANC,4,4,0,0.0
route,CDV->YAK,2,2,0,0.0
route,CGI->ORD,9,9,0,0.0
route,CGI->UIN,2,2,0,0.0
route,CHA->ATL,29,29,0,0.0
route,CHA->CLT,27,27,0,0.0
route,CHA->DCA,3,3,0,0.0
route,CHA->DFW,11,11,0,0.0
route,CHA->DTW,7,7,0,0.0
route,CHA->IAD,2,2,0,0.0
route,CHA->ORD,12,12,0,0.0
route,CHA->PHL,3,3,0,0.0
route,CHO->ATL,12,12,0,0.0
route,CHO->CLT,30,30,0,0.0
route,CHO->IAD,4,4,0,0.0
route,CHO->LGA,10,10,0,0.0
route,CHO->ORD,11,11,0,0.0
route,CHO->PHL,7,7,0,0.0
route,CHS->ATL,35,35,0,0.0
route,CHS->BNA,7,7,0,0.0
route,CHS->BOS,8,8,0,0.0
route,CHS->BWI,16,16,0,0.0
route,CHS->CLT,25,25,0,0.0
route,CHS->CVG,1,1,0,0.0
route,CHS->DCA,16,16,0,0.0
route,CHS->DEN,4,4,0,0.0
route,CHS->DFW,3,3,0,0.0
route,CHS->DTW,6,6,0,0.0
route,CHS->EWR,15,15,0,0.0
route,CHS->FLL,4,4,0,0.0
route,CHS->HOU,4,4,0,0.0
route,CHS->IAD,11,11,0,0.0
route,CHS->IAH,8,8,0,0.0
route,CHS->JFK,14,14,0,0.0
route,CHS->LGA,14,14,0,0.0
route,CHS->MDW,8,8,0,0.0
route,CHS->MIA,8,8,0,0.0
route,CHS->ORD,12,12,0,0.0
route,CHS->PHL,8,8,0,0.0
route,CHS->SEA,2,2,0,0.0
route,CID->ATL,9,9,0,0.0
route,CID->AZA,2,2,0,0.0
route,CID->CLT,5,5,0,0.0
route,CID->DEN,8,8,0,0.0
route,CID->DFW,6,6,0,0.0
route,CID->DTW,9,9,0,0.0
route,CID->LAS,2,2,0,0.0
route,CID->MSP,8,8,0,0.0
route,CID->ORD,29,29,0,0.0
route,CID->PGD,2,2,0,0.0
route,CID->PHX,1,1,0,0.0
route,CID->PIE,2,2,0,0.0
route,CID->SFB,1,1,0,0.0
route,CIU->DTW,3,3,0,0.0
route,CIU->MSP,1,1,0,0.0
route,CKB->IAD,3,3,0,0.0
route,CKB->ORD,4,4,0,0.0
route,CLE->ATL,34,34,0,0.0
route,CLE->BNA,4,4,0,0.0
route,CLE->BOS,20,20,0,0.0
route,CLE->BWI,10,10,0,0.0
route,CLE->CLT,16,16,0,0.0
route,CLE->DAL,1,1,0,0.0
route,CLE->DCA,18,18,0,0.0
route,CLE->DEN,13,13,0,0.0
route,CLE->DFW,14,14,0,0.0
route,CLE->DTW,14,14,0,0.0
route,CLE->EWR,27,27,0,0.0
route,CLE->FLL,10,10,0,0.0
route,CLE->IAD,12,12,0,0.0
route,CLE->IAH,11,11,0,0.0
route,CLE->JFK,16,16,0,0.0
route,CLE->LAS,10,10,0,0.0
route,CLE->LAX,9,9,0,0.0
route,CLE->LGA,40,40,0,0.0
route,CLE->MCO,9,9,0,0.0
route,CLE->MDW,13,13,0,0.0
route,CLE->MIA,9,9,0,0.0
route,CLE->MKE,5,5,0,0.0
route,CLE->MSP,10,10,0,0.0
route,CLE->MSY,2,2,0,0.0
route,CLE->ORD,50,50,0,0.0
route,CLE->PGD,1,1,0,0.0
route,CLE->PHL,13,13,0,0.0
route,CLE->PHX,6,6,0,0.0
route,CLE->PIE,2,2,0,0.0
route,CLE->RDU,3,3,0,0.0
route,CLE->RSW,11,11,0,0.0
route,CLE->SAV,1,1,0,0.0
route,CLE->SFO,5,5,0,0.0
route,CLE->SLC,1,1,0,0.0
route,CLE->STL,3,3,0,0.0
route,CLE->TPA,10,10,0,0.0
route,CLL->DFW,8,8,0,0.0
route,CLL->IAH,8,8,0,0.0
route,CLT->ABE,4,4,0,0.0
route,CLT->AGS,15,15,0,0.0
route,CLT->ALB,9,9,0,0.0
route,CLT->ATL,55,55,0,0.0
route,CLT->AUS,13,13,0,0.0
route,CLT->AVL,22,22,0,0.0
route,CLT->AVP,8,8,0,0.0
route,CLT->BDL,10,10,0,0.0
route,CLT->BHM,20,20,0,0.0
route,CLT->BNA,34,34,0,0.0
route,CLT->BOS,46,46,0,0.0
route,CLT->BTR,8,8,0,0.0
route,CLT->BTV,7,7,0,0.0
route,CLT->BUF,13,13,0,0.0
route,CLT->BWI,37,37,0,0.0
route,CLT->CAE,28,28,0,0.0
route,CLT->CAK,13,13,0,0.0
route,CLT->CHA,19,19,0,0.0
route,CLT->CHO,25,25,0,0.0
route,CLT->CHS,17,17,0,0.0
route,CLT->CID,6,6,0,0.0
route,CLT->CLE,30,30,0,0.0
route,CLT->CMH,29,29,0,0.0
route,CLT->CMI,1,1,0,0.0
route,CLT->CRW,13,13,0,0.0
route,CLT->CVG,23,23,0,0.0
route,CLT->DAB,10,10,0,0.0
route,CLT->DAL,4,4,0,0.0
route,CLT->DAY,18,18,0,0.0
route,CLT->DCA,28,28,0,0.0
route,CLT->DEN,31,31,0,0.0
route,CLT->DFW,35,35,0,0.0
route,CLT->DSM,12,12,0,0.0
route,CLT->DTW,42,42,0,0.0
route,CLT->ECP,5,5,0,0.0
route,CLT->ERI,3,3,0,0.0
route,CLT->EVV,6,6,0,0.0
route,CLT->EWN,18,18,0,0.0
route,CLT->EWR,48,48,0,0.0
route,CLT->EYW,4,4,0,0.0
route,CLT->FAY,16,16,0,0.0
route,CLT->FLL,16,16,0,0.0
route,CLT->FLO,9,9,0,0.0
route,CLT->FNT,3,3,0,0.0
route,CLT->FWA,7,7,0,0.0
route,CLT->GNV,10,10,0,0.0
route,CLT->GPT,11,11,0,0.0
route,CLT->GRR,6,6,0,0.0
route,CLT->GSO,31,31,0,0.0
route,CLT->GSP,24,24,0,0.0
route,CLT->HHH,9,9,0,0.0
route,CLT->HOU,3,3,0,0.0
route,CLT->HPN,12,12,0,0.0
route,CLT->HSV,12,12,0,0.0
route,CLT->HTS,9,9,0,0.0
route,CLT->IAD,41,41,0,0.0
route,CLT->IAH,23,23,0,0.0
route,CLT->ILM,25,25,0,0.0
route,CLT->IND,17,17,0,0.0
route,CLT->JAN,13,13,0,0.0
route,CLT->JAX,24,24,0,0.0
route,CLT->JFK,35,35,0,0.0
route,CLT->LAS,17,17,0,0.0
route,CLT->LAX,20,20,0,0.0
route,CLT->LEX,20,20,0,0.0
route,CLT->LGA,54,54,0,0.0
route,CLT->LIT,14,14,0,0.0
route,CLT->LYH,14,14,0,0.0
route,CLT->MCI,16,16,0,0.0
route,CLT->MCO,38,38,0,0.0
route,CLT->MDT,14,14,0,0.0
route,CLT->MDW,3,3,0,0.0
route,CLT->MEM,24,24,0,0.0
route,CLT->MGM,6,6,0,0.0
route,CLT->MHT,8,8,0,0.0
route,CLT->MIA,26,26,0,0.0
route,CLT->MKE,22,22,0,0.0
route,CLT->MLB,7,7,0,0.0
route,CLT->MOB,11,11,0,0.0
route,CLT->MSN,5,5,0,0.0
route,CLT->MSP,22,22,0,0.0
route,CLT->MSY,17,17,0,0.0
route,CLT->MYR,27,27,0,0.0
route,CLT->OAJ,22,22,0,0.0
route,CLT->OKC,9,9,0,0.0
route,CLT->OMA,8,8,0,0.0
route,CLT->ORD,43,43,0,0.0
route,CLT->ORF,24,24,0,0.0
route,CLT->PBI,17,17,0,0.0
route,CLT->PDX,4,4,0,0.0
route,CLT->PGV,12,12,0,0.0
route,CLT->PHF,18,18,0,0.0
route,CLT->PHL,38,38,0,0.0
route,CLT->PHX,32,32,0,0.0
route,CLT->PIA,5,5,0,0.0
route,CLT->PIT,22,22,0,0.0
route,CLT->PNS,15,15,0,0.0
route,CLT->PVD,13,13,0,0.0
route,CLT->PWM,8,8,0,0.0
route,CLT->RDU,33,33,0,0.0
route,CLT->RIC,27,27,0,0.0
route,CLT->ROA,19,19,0,0.0
route,CLT->ROC,14,14,0,0.0
route,CLT->RSW,17,17,0,0.0
route,CLT->SAN,15,15,0,0.0
route,CLT->SAT,13,13,0,0.0
route,CLT->SAV,20,20,0,0.0
route,CLT->SBN,5,5,0,0.0
route,CLT->SBY,10,10,0,0.0
route,CLT->SDF,22,22,0,0.0
route,CLT->SEA,5,5,0,0.0
route,CLT->SFO,12,12,0,0.0
route,CLT->SGF,14,14,0,0.0
route,CLT->SHV,4,4,0,0.0
route,CLT->SJU,5,5,0,0.0
route,CLT->SLC,7,7,0,0.0
route,CLT->SMF,3,3,0,0.0
route,CLT->SRQ,10,10,0,0.0
route,CLT->STL,19,19,0,0.0
route,CLT->STT,2,2,0,0.0
route,CLT->STX,2,2,0,0.0
route,CLT->SYR,12,12,0,0.0
route,CLT->TLH,18,18,0,0.0
route,CLT->TOL,5,5,0,0.0
route,CLT->TPA,33,33,0,0.0
route,CLT->TRI,17,17,0,0.0
route,CLT->TTN,4,4,0,0.0
route,CLT->TUL,10,10,0,0.0
route,CLT->TYS,18,18,0,0.0
route,CLT->VPS,15,15,0,0.0
route,CLT->XNA,8,8,0,0.0
route,CMH->ATL,33,33,0,0.0
route,CMH->AUS,1,1,0,0.0
route,CMH->BNA,5,5,0,0.0
route,CMH->BOS,12,12,0,0.0
route,CMH->BWI,14,14,0,0.0
route,CMH->CLT,24,24,0,0.0
route,CMH->DAL,4,4,0,0.0
route,CMH->DCA,27,27,0,0.0
route,CMH->DEN,12,12,0,0.0
route,CMH->DFW,12,12,0,0.0
route,CMH->DTW,20,20,0,0.0
route,CMH->EWR,16,16,0,0.0
route,CMH->FLL,7,7,0,0.0
route,CMH->HOU,3,3,0,0.0
route,CMH->IAD,13,13,0,0.0
route,CMH->IAH,15,15,0,0.0
route,CMH->JFK,9,9,0,0.0
route,CMH->LAS,6,6,0,0.0
route,CMH->LAX,6,6,0,0.0
route,CMH->LGA,26,26,0,0.0
route,CMH->MCO,15,15,0,0.0
route,CMH->MDW,12,12,0,0.0
route,CMH->MIA,11,11,0,0.0
route,CMH->MSP,14,14,0,0.0
route,CMH->ORD,61,61,0,0.0
route,CMH->PHL,18,18,0,0.0
route,CMH->PHX,9,9,0,0.0
route,CMH->RDU,3,3,0,0.0
route,CMH->RSW,9,9,0,0.0
route,CMH->SEA,1,1,0,0.0
route,CMH->SFO,2,2,0,0.0
route,CMH->STL,1,1,0,0.0
route,CMH->TPA,14,14,0,0.0
route,CMI->CLT,3,3,0,0.0
route,CMI->DFW,4,4,0,0.0
route,CMI->ORD,16,16,0,0.0
route,CMX->ORD,6,6,0,0.0
route,CNY->DEN,4,4,0,0.0
route,COD->DEN,7,7,0,0.0
route,COS->ATL,2,2,0,0.0
route,COS->DEN,21,21,0,0.0
route,COS->DFW,26,26,0,0.0
route,COS->IAH,13,13,0,0.0
route,COS->LAS,4,4,0,0.0
route,COS->LAX,8,8,0,0.0
route,COS->ORD,11,11,0,0.0
route,COS->SLC,4,4,0,0.0
route,COU->DEN,3,3,0,0.0
route,COU->DFW,6,6,0,0.0
route,COU->ORD,17,17,0,0.0
route,CPR->DEN,12,12,0,0.0
route,CPR->SLC,5,5,0,0.0
route,CRP->DFW,20,20,0,0.0
route,CRP->HOU,16,16,0,0.0
route,CRP->IAH,12,12,0,0.0
route,CRW->ATL,14,14,0,0.0
route,CRW->CLT,13,13,0,0.0
route,CRW->DCA,7,7,0,0.0
route,CRW->IAD,1,1,0,0.0
route,CRW->IAH,1,1,0,0.0
route,CRW->ORD,12,12,0,0.0
route,CRW->PHL,3,3,0,0.0
route,CSG->ATL,7,7,0,0.0
route,CVG->ATL,26,26,0,0.0
route,CVG->AUS,4,4,0,0.0
route,CVG->BDL,1,1,0,0.0
route,CVG->BOS,16,16,0,0.0
route,CVG->BWI,24,24,0,0.0
route,CVG->CHS,1,1,0,0.0
route,CVG->CLT,27,27,0,0.0
route,CVG->DCA,11,11,0,0.0
route,CVG->DEN,18,18,0,0.0
route,CVG->DFW,18,18,0,0.0
route,CVG->DTW,11,11,0,0.0
route,CVG->EWR,29,29,0,0.0
route,CVG->FLL,8,8,0,0.0
route,CVG->IAD,10,10,0,0.0
route,CVG->IAH,15,15,0,0.0
route,CVG->JFK,8,8,0,0.0
route,CVG->LAS,9,9,0,0.0
route,CVG->LAX,4,4,0,0.0
route,CVG->LGA,20,20,0,0.0
route,CVG->MCI,2,2,0,0.0
route,CVG->MCO,13,13,0,0.0
route,CVG->MDW,12,12,0,0.0
route,CVG->MIA,10,10,0,0.0
route,CVG->MSP,18,18,0,0.0
route,CVG->MSY,1,1,0,0.0
route,CVG->ORD,56,56,0,0.0
route,CVG->PGD,1,1,0,0.0
route,CVG->PHL,18,18,0,0.0
route,CVG->PHX,6,6,0,0.0
route,CVG->PIE,7,7,0,0.0
route,CVG->RDU,5,5,0,0.0
route,CVG->RSW,4,4,0,0.0
route,CVG->SAN,1,1,0,0.0
route,CVG->SAV,1,1,0,0.0
route,CVG->SEA,2,2,0,0.0
route,CVG->SFB,1,1,0,0.0
route,CVG->SFO,3,3,0,0.0
route,CVG->SLC,9,9,0,0.0
route,CVG->SRQ,1,1,0,0.0
route,CVG->STL,7,7,0,0.0
route,CVG->TPA,11,11,0,0.0
route,CVG->VPS,3,3,0,0.0
route,CWA->DTW,2,2,0,0.0
route,CWA->MSP,7,7,0,0.0
route,CWA->ORD,15,15,0,0.0
route,CYS->DFW,4,4,0,0.0
route,DAB->ATL,14,14,0,0.0
route,DAB->CLT,12,12,0,0.0
route,DAB->JFK,1,1,0,0.0
route,DAL->ABQ,14,14,0,0.0
route,DAL->AMA,15,15,0,0.0
route,DAL->ATL,24,24,0,0.0
route,DAL->AUS,38,38,0,0.0
route,DAL->BHM,7,7,0,0.0
route,DAL->BNA,14,14,0,0.0
route,DAL->BOS,1,1,0,0.0
route,DAL->BUR,8,8,0,0.0
route,DAL->BWI,13,13,0,0.0
route,DAL->CHS,1,1,0,0.0
route,DAL->CLT,3,3,0,0.0
route,DAL->CMH,6,6,0,0.0
route,DAL->DCA,7,7,0,0.0
route,DAL->DEN,29,29,0,0.0
route,DAL->DTW,2,2,0,0.0
route,DAL->ECP,2,2,0,0.0
route,DAL->ELP,10,10,0,0.0
route,DAL->FLL,7,7,0,0.0
route,DAL->HOU,65,65,0,0.0
route,DAL->IND,4,4,0,0.0
route,DAL->LAS,20,20,0,0.0
route,DAL->LAX,18,18,0,0.0
route,DAL->LBB,10,10,0,0.0
route,DAL->LGA,16,16,0,0.0
route,DAL->LIT,12,12,0,0.0
route,DAL->MAF,17,17,0,0.0
route,DAL->MCI,16,16,0,0.0
route,DAL->MCO,18,18,0,0.0
route,DAL->MDW,18,18,0,0.0
route,DAL->MEM,3,3,0,0.0
route,DAL->MKE,1,1,0,0.0
route,DAL->MSY,17,17,0,0.0
route,DAL->OAK,9,9,0,0.0
route,DAL->OKC,5,5,0,0.0
route,DAL->OMA,6,6,0,0.0
route,DAL->ONT,4,4,0,0.0
route,DAL->PDX,8,8,0,0.0
route,DAL->PHL,5,5,0,0.0
route,DAL->PHX,26,26,0,0.0
route,DAL->PIT,8,8,0,0.0
route,DAL->RDU,2,2,0,0.0
route,DAL->RSW,3,3,0,0.0
route,DAL->SAN,16,16,0,0.0
route,DAL->SAT,24,24,0,0.0
route,DAL->SDF,3,3,0,0.0
route,DAL->SEA,16,16,0,0.0
route,DAL->SFO,15,15,0,0.0
route,DAL->SJC,12,12,0,0.0
route,DAL->SLC,3,3,0,0.0
route,DAL->SMF,5,5,0,0.0
route,DAL->SNA,2,2,0,0.0
route,DAL->STL,15,15,0,0.0
route,DAL->TPA,11,11,0,0.0
route,DAL->TUL,11,11,0,0.0
route,DAY->ATL,13,13,0,0.0
route,DAY->CLT,13,13,0,0.0
route,DAY->DCA,6,6,0,0.0
route,DAY->DEN,3,3,0,0.0
route,DAY->DFW,7,7,0,0.0
route,DAY->DTW,11,11,0,0.0
route,DAY->EWR,2,2,0,0.0
route,DAY->IAD,5,5,0,0.0
route,DAY->IAH,2,2,0,0.0
route,DAY->LGA,9,9,0,0.0
route,DAY->MSP,8,8,0,0.0
route,DAY->ORD,40,40,0,0.0
route,DAY->PGD,1,1,0,0.0
route,DAY->PHL,14,14,0,0.0
route,DAY->PIE,1,1,0,0.0
route,DBQ->ORD,12,12,0,0.0
route,DCA->ALB,10,10,0,0.0
route,DCA->ATL,54,54,0,0.0
route,DCA->AUS,5,5,0,0.0
route,DCA->BDL,16,16,0,0.0
route,DCA->BGR,5,5,0,0.0
route,DCA->BHM,6,6,0,0.0
route,DCA->BNA,27,27,0,0.0
route,DCA->BOS,65,65,0,0.0
route,DCA->BTV,7,7,0,0.0
route,DCA->BUF,6,6,0,0.0
route,DCA->CAE,9,9,0,0.0
route,DCA->CAK,5,5,0,0.0
route,DCA->CHA,1,1,0,0.0
route,DCA->CHS,17,17,0,0.0
route,DCA->CLE,13,13,0,0.0
route,DCA->CLT,30,30,0,0.0
route,DCA->CMH,23,23,0,0.0
route,DCA->CRW,3,3,0,0.0
route,DCA->CVG,15,15,0,0.0
route,DCA->DAL,18,18,0,0.0
route,DCA->DAY,9,9,0,0.0
route,DCA->DEN,14,14,0,0.0
route,DCA->DFW,19,19,0,0.0
route,DCA->DSM,2,2,0,0.0
route,DCA->DTW,34,34,0,0.0
route,DCA->EWR,27,27,0,0.0
route,DCA->EYW,2,2,0,0.0
route,DCA->FLL,23,23,0,0.0
route,DCA->GRR,8,8,0,0.0
route,DCA->GSO,7,7,0,0.0
route,DCA->GSP,12,12,0,0.0
route,DCA->HOU,18,18,0,0.0
route,DCA->HPN,13,13,0,0.0
route,DCA->HSV,11,11,0,0.0
route,DCA->IAH,20,20,0,0.0
route,DCA->IND,13,13,0,0.0
route,DCA->JAN,3,3,0,0.0
route,DCA->JAX,18,18,0,0.0
route,DCA->JFK,17,17,0,0.0
route,DCA->LAN,2,2,0,0.0
route,DCA->LAS,3,3,0,0.0
route,DCA->LAX,17,17,0,0.0
route,DCA->LEX,2,2,0,0.0
route,DCA->LGA,55,55,0,0.0
route,DCA->LIT,1,1,0,0.0
route,DCA->MCI,16,16,0,0.0
route,DCA->MCO,25,25,0,0.0
route,DCA->MDW,12,12,0,0.0
route,DCA->MEM,6,6,0,0.0
route,DCA->MGM,4,4,0,0.0
route,DCA->MHT,11,11,0,0.0
route,DCA->MIA,26,26,0,0.0
route,DCA->MKE,8,8,0,0.0
route,DCA->MSN,3,3,0,0.0
route,DCA->MSP,21,21,0,0.0
route,DCA->MSY,17,17,0,0.0
route,DCA->MYR,2,2,0,0.0
route,DCA->OKC,3,3,0,0.0
route,DCA->OMA,3,3,0,0.0
route,DCA->ORD,67,67,0,0.0
route,DCA->ORF,5,5,0,0.0
route,DCA->PBI,19,19,0,0.0
route,DCA->PDX,4,4,0,0.0
route,DCA->PHL,13,13,0,0.0
route,DCA->PHX,6,6,0,0.0
route,DCA->PIT,14,14,0,0.0
route,DCA->PNS,8,8,0,0.0
route,DCA->PVD,26,26,0,0.0
route,DCA->PWM,12,12,0,0.0
route,DCA->RDU,25,25,0,0.0
route,DCA->ROC,10,10,0,0.0
route,DCA->RSW,11,11,0,0.0
route,DCA->SAV,12,12,0,0.0
route,DCA->SDF,14,14,0,0.0
route,DCA->SEA,11,11,0,0.0
route,DCA->SFO,6,6,0,0.0
route,DCA->SJU,6,6,0,0.0
route,DCA->SLC,3,3,0,0.0
route,DCA->SRQ,2,2,0,0.0
route,DCA->STL,26,26,0,0.0
route,DCA->SYR,12,12,0,0.0
route,DCA->TLH,1,1,0,0.0
route,DCA->TPA,21,21,0,0.0
route,DCA->TYS,12,12,0,0.0
route,DCA->VPS,2,2,0,0.0
route,DCA->XNA,3,3,0,0.0
route,DEN->ABQ,23,23,0,0.0
route,DEN->ACV,1,1,0,0.0
route,DEN->AMA,8,8,0,0.0
route,DEN->ANC,2,2,0,0.0
route,DEN->ASE,19,19,0,0.0
route,DEN->ATL,45,45,0,0.0
route,DEN->ATY,1,1,0,0.0
route,DEN->AUS,38,38,0,0.0
route,DEN->BDL,13,13,0,0.0
route,DEN->BFF,6,6,0,0.0
route,DEN->BFL,4,4,0,0.0
route,DEN->BHM,8,8,0,0.0
route,DEN->BIL,14,14,0,0.0
route,DEN->BIS,8,8,0,0.0
route,DEN->BNA,25,25,0,0.0
route,DEN->BOI,15,15,0,0.0
route,DEN->BOS,28,28,0,0.0
route,DEN->BUF,3,3,0,0.0
route,DEN->BUR,9,9,0,0.0
route,DEN->BWI,16,16,0,0.0
route,DEN->BZN,6,6,0,0.0
route,DEN->CHS,4,4,0,0.0
route,DEN->CID,10,10,0,0.0
route,DEN->CLE,12,12,0,0.0
route,DEN->CLT,18,18,0,0.0
route,DEN->CMH,14,14,0,0.0
route,DEN->CNY,5,5,0,0.0
route,DEN->COD,8,8,0,0.0
route,DEN->COS,32,32,0,0.0
route,DEN->COU,3,3,0,0.0
route,DEN->CPR,14,14,0,0.0
route,DEN->CVG,20,20,0,0.0
route,DEN->DAL,17,17,0,0.0
route,DEN->DAY,4,4,0,0.0
route,DEN->DCA,15,15,0,0.0
route,DEN->DFW,49,49,0,0.0
route,DEN->DIK,4,4,0,0.0
route,DEN->DRO,18,18,0,0.0
route,DEN->DSM,17,17,0,0.0
route,DEN->DTW,30,30,0,0.0
route,DEN->EAR,4,4,0,0.0
route,DEN->EGE,16,16,0,0.0
route,DEN->ELP,27,27,0,0.0
route,DEN->EUG,6,6,0,0.0
route,DEN->EWR,25,25,0,0.0
route,DEN->FAR,17,17,0,0.0
route,DEN->FAT,15,15,0,0.0
route,DEN->FCA,5,5,0,0.0
route,DEN->FLG,2,2,0,0.0
route,DEN->FLL,22,22,0,0.0
route,DEN->FSD,10,10,0,0.0
route,DEN->GCC,3,3,0,0.0
route,DEN->GEG,9,9,0,0.0
route,DEN->GJT,16,16,0,0.0
route,DEN->GRR,15,15,0,0.0
route,DEN->GSP,1,1,0,0.0
route,DEN->GTF,9,9,0,0.0
route,DEN->GUC,3,3,0,0.0
route,DEN->HDN,8,8,0,0.0
route,DEN->HLN,8,8,0,0.0
route,DEN->HNL,3,3,0,0.0
route,DEN->HOB,1,1,0,0.0
route,DEN->HOU,22,22,0,0.0
route,DEN->HRL,2,2,0,0.0
route,DEN->HSV,5,5,0,0.0
route,DEN->HYS,2,2,0,0.0
route,DEN->IAD,31,31,0,0.0
route,DEN->IAH,36,36,0,0.0
route,DEN->ICT,16,16,0,0.0
route,DEN->IDA,8,8,0,0.0
route,DEN->IND,24,24,0,0.0
route,DEN->ISN,4,4,0,0.0
route,DEN->JAC,6,6,0,0.0
route,DEN->JAX,11,11,0,0.0
route,DEN->JFK,6,6,0,0.0
route,DEN->JMS,2,2,0,0.0
route,DEN->KOA,4,4,0,0.0
route,DEN->LAR,8,8,0,0.0
route,DEN->LAS,45,45,0,0.0
route,DEN->LAX,74,74,0,0.0
route,DEN->LBB,7,7,0,0.0
route,DEN->LBF,6,6,0,0.0
route,DEN->LBL,3,3,0,0.0
route,DEN->LGA,41,41,0,0.0
route,DEN->LIH,3,3,0,0.0
route,DEN->LIT,9,9,0,0.0
route,DEN->LNK,14,14,0,0.0
route,DEN->MAF,10,10,0,0.0
route,DEN->MCI,38,38,0,0.0
route,DEN->MCO,24,24,0,0.0
route,DEN->MDW,21,21,0,0.0
route,DEN->MEM,17,17,0,0.0
route,DEN->MFR,5,5,0,0.0
route,DEN->MIA,20,20,0,0.0
route,DEN->MKE,17,17,0,0.0
route,DEN->MLI,4,4,0,0.0
route,DEN->MOT,7,7,0,0.0
route,DEN->MRY,4,4,0,0.0
route,DEN->MSN,8,8,0,0.0
route,DEN->MSO,9,9,0,0.0
route,DEN->MSP,54,54,0,0.0
route,DEN->MSY,16,16,0,0.0
route,DEN->MTJ,13,13,0,0.0
route,DEN->OAK,16,16,0,0.0
route,DEN->OGG,2,2,0,0.0
route,DEN->OKC,21,21,0,0.0
route,DEN->OMA,23,23,0,0.0
route,DEN->ONT,14,14,0,0.0
route,DEN->ORD,48,48,0,0.0
route,DEN->ORF,1,1,0,0.0
route,DEN->PAE,2,2,0,0.0
route,DEN->PDX,28,28,0,0.0
route,DEN->PHL,36,36,0,0.0
route,DEN->PHX,60,60,0,0.0
route,DEN->PIR,3,3,0,0.0
route,DEN->PIT,13,13,0,0.0
route,DEN->PNS,3,3,0,0.0
route,DEN->PRC,2,2,0,0.0
route,DEN->PSC,5,5,0,0.0
route,DEN->PSP,13,13,0,0.0
route,DEN->PUB,5,5,0,0.0
route,DEN->RAP,18,18,0,0.0
route,DEN->RDM,9,9,0,0.0
route,DEN->RDU,15,15,0,0.0
route,DEN->RIC,6,6,0,0.0
route,DEN->RKS,7,7,0,0.0
route,DEN->RNO,12,12,0,0.0
route,DEN->RSW,9,9,0,0.0
route,DEN->SAF,12,12,0,0.0
route,DEN->SAN,33,33,0,0.0
route,DEN->SAT,18,18,0,0.0
route,DEN->SAV,2,2,0,0.0
route,DEN->SBA,12,12,0,0.0
route,DEN->SBP,7,7,0,0.0
route,DEN->SDF,8,8,0,0.0
route,DEN->SEA,44,44,0,0.0
route,DEN->SFO,66,66,0,0.0
route,DEN->SGF,8,8,0,0.0
route,DEN->SGU,6,6,0,0.0
route,DEN->SHV,1,1,0,0.0
route,DEN->SJC,31,31,0,0.0
route,DEN->SLC,59,59,0,0.0
route,DEN->SMF,23,23,0,0.0
route,DEN->SNA,34,34,0,0.0
route,DEN->STL,35,35,0,0.0
route,DEN->SYR,2,2,0,0.0
route,DEN->TPA,17,17,0,0.0
route,DEN->TUL,21,21,0,0.0
route,DEN->TUS,18,18,0,0.0
route,DEN->TYR,1,1,0,0.0
route,DEN->TYS,8,8,0,0.0
route,DEN->VEL,7,7,0,0.0
route,DEN->XNA,9,9,0,0.0
route,DEN->XWA,5,5,0,0.0
route,DFW->ABI,16,16,0,0.0
route,DFW->ABQ,18,18,0,0.0
route,DFW->ACT,14,14,0,0.0
route,DFW->AEX,13,13,0,0.0
route,DFW->AGS,2,2,0,0.0
route,DFW->AMA,25,25,0,0.0
route,DFW->ASE,7,7,0,0.0
route,DFW->ATL,65,65,0,0.0
route,DFW->AUS,30,30,0,0.0
route,DFW->AVL,1,1,0,0.0
route,DFW->BDL,2,2,0,0.0
route,DFW->BFL,1,1,0,0.0
route,DFW->BHM,13,13,0,0.0
route,DFW->BIL,6,6,0,0.0
route,DFW->BIS,6,6,0,0.0
route,DFW->BMI,8,8,0,0.0
route,DFW->BNA,22,22,0,0.0
route,DFW->BOI,8,8,0,0.0
route,DFW->BOS,27,27,0,0.0
route,DFW->BPT,6,6,0,0.0
route,DFW->BRO,5,5,0,0.0
route,DFW->BTR,18,18,0,0.0
route,DFW->BUF,1,1,0,0.0
route,DFW->BUR,2,2,0,0.0
route,DFW->BWI,13,13,0,0.0
route,DFW->BZN,1,1,0,0.0
route,DFW->CAE,9,9,0,0.0
route,DFW->CHA,7,7,0,0.0
route,DFW->CHS,5,5,0,0.0
route,DFW->CID,13,13,0,0.0
route,DFW->CLE,9,9,0,0.0
route,DFW->CLL,11,11,0,0.0
route,DFW->CLT,28,28,0,0.0
route,DFW->CMH,14,14,0,0.0
route,DFW->CMI,10,10,0,0.0
route,DFW->COS,12,12,0,0.0
route,DFW->COU,7,7,0,0.0
route,DFW->CRP,20,20,0,0.0
route,DFW->CVG,18,18,0,0.0
route,DFW->CYS,4,4,0,0.0
route,DFW->DCA,38,38,0,0.0
route,DFW->DEN,40,40,0,0.0
route,DFW->DRO,8,8,0,0.0
route,DFW->DRT,4,4,0,0.0
route,DFW->DSM,10,10,0,0.0
route,DFW->DTW,28,28,0,0.0
route,DFW->ECP,12,12,0,0.0
route,DFW->EGE,5,5,0,0.0
route,DFW->ELP,28,28,0,0.0
route,DFW->EVV,10,10,0,0.0
route,DFW->EWR,33,33,0,0.0
route,DFW->EYW,4,4,0,0.0
route,DFW->FAR,8,8,0,0.0
route,DFW->FAT,8,8,0,0.0
route,DFW->FLG,5,5,0,0.0
route,DFW->FLL,20,20,0,0.0
route,DFW->FSD,8,8,0,0.0
route,DFW->FSM,8,8,0,0.0
route,DFW->FWA,6,6,0,0.0
route,DFW->GCK,3,3,0,0.0
route,DFW->GEG,5,5,0,0.0
route,DFW->GGG,5,5,0,0.0
route,DFW->GJT,5,5,0,0.0
route,DFW->GNV,2,2,0,0.0
route,DFW->GPT,7,7,0,0.0
route,DFW->GRI,8,8,0,0.0
route,DFW->GRK,27,27,0,0.0
route,DFW->GRR,8,8,0,0.0
route,DFW->GSO,4,4,0,0.0
route,DFW->GSP,6,6,0,0.0
route,DFW->GUC,2,2,0,0.0
route,DFW->HDN,1,1,0,0.0
route,DFW->HNL,8,8,0,0.0
route,DFW->HOU,31,31,0,0.0
route,DFW->HRL,5,5,0,0.0
route,DFW->HSV,14,14,0,0.0
route,DFW->IAD,16,16,0,0.0
route,DFW->IAH,48,48,0,0.0
route,DFW->ICT,20,20,0,0.0
route,DFW->ILM,2,2,0,0.0
route,DFW->IND,14,14,0,0.0
route,DFW->JAC,5,5,0,0.0
route,DFW->JAN,15,15,0,0.0
route,DFW->JAX,8,8,0,0.0
route,DFW->JFK,18,18,0,0.0
route,DFW->JLN,9,9,0,0.0
route,DFW->KOA,1,1,0,0.0
route,DFW->LAS,44,44,0,0.0
route,DFW->LAW,13,13,0,0.0
route,DFW->LAX,74,74,0,0.0
route,DFW->LBB,24,24,0,0.0
route,DFW->LCH,11,11,0,0.0
route,DFW->LEX,11,11,0,0.0
route,DFW->LFT,18,18,0,0.0
route,DFW->LGA,62,62,0,0.0
route,DFW->LIT,28,28,0,0.0
route,DFW->LRD,14,14,0,0.0
route,DFW->MAF,14,14,0,0.0
route,DFW->MCI,26,26,0,0.0
route,DFW->MCO,31,31,0,0.0
route,DFW->MDT,1,1,0,0.0
route,DFW->MEI,1,1,0,0.0
route,DFW->MEM,15,15,0,0.0
route,DFW->MFE,18,18,0,0.0
route,DFW->MGM,6,6,0,0.0
route,DFW->MHK,5,5,0,0.0
route,DFW->MIA,40,40,0,0.0
route,DFW->MKE,11,11,0,0.0
route,DFW->MLI,5,5,0,0.0
route,DFW->MLU,8,8,0,0.0
route,DFW->MOB,12,12,0,0.0
route,DFW->MSN,11,11,0,0.0
route,DFW->MSO,3,3,0,0.0
route,DFW->MSP,26,26,0,0.0
route,DFW->MSY,16,16,0,0.0
route,DFW->MTJ,7,7,0,0.0
route,DFW->OAK,3,3,0,0.0
route,DFW->OGG,8,8,0,0.0
route,DFW->OKC,28,28,0,0.0
route,DFW->OMA,11,11,0,0.0
route,DFW->ONT,22,22,0,0.0
route,DFW->ORD,84,84,0,0.0
route,DFW->ORF,10,10,0,0.0
route,DFW->PBI,13,13,0,0.0
route,DFW->PDX,14,14,0,0.0
route,DFW->PHL,35,35,0,0.0
route,DFW->PHX,39,39,0,0.0
route,DFW->PIA,4,4,0,0.0
route,DFW->PIB,9,9,0,0.0
route,DFW->PIT,12,12,0,0.0
route,DFW->PNS,12,12,0,0.0
route,DFW->PSP,9,9,0,0.0
route,DFW->RAP,14,14,0,0.0
route,DFW->RDU,25,25,0,0.0
route,DFW->RIC,10,10,0,0.0
route,DFW->RNO,13,13,0,0.0
route,DFW->ROW,6,6,0,0.0
route,DFW->RSW,16,16,0,0.0
route,DFW->SAF,8,8,0,0.0
route,DFW->SAN,37,37,0,0.0
route,DFW->SAT,24,24,0,0.0
route,DFW->SAV,10,10,0,0.0
route,DFW->SBA,3,3,0,0.0
route,DFW->SBN,3,3,0,0.0
route,DFW->SDF,18,18,0,0.0
route,DFW->SEA,31,31,0,0.0
route,DFW->SFO,45,45,0,0.0
route,DFW->SGF,23,23,0,0.0
route,DFW->SGU,2,2,0,0.0
route,DFW->SHV,18,18,0,0.0
route,DFW->SJC,16,16,0,0.0
route,DFW->SJT,18,18,0,0.0
route,DFW->SJU,6,6,0,0.0
route,DFW->SLC,33,33,0,0.0
route,DFW->SMF,13,13,0,0.0
route,DFW->SNA,28,28,0,0.0
route,DFW->SPI,8,8,0,0.0
route,DFW->SPS,5,5,0,0.0
route,DFW->SRQ,5,5,0,0.0
route,DFW->STL,12,12,0,0.0
route,DFW->STS,2,2,0,0.0
route,DFW->SUX,4,4,0,0.0
route,DFW->SWO,4,4,0,0.0
route,DFW->TLH,11,11,0,0.0
route,DFW->TPA,27,27,0,0.0
route,DFW->TRI,4,4,0,0.0
route,DFW->TUL,31,31,0,0.0
route,DFW->TUS,18,18,0,0.0
route,DFW->TXK,9,9,0,0.0
route,DFW->TYR,14,14,0,0.0
route,DFW->TYS,9,9,0,0.0
route,DFW->VPS,14,14,0,0.0
route,DFW->XNA,24,24,0,0.0
route,DFW->YUM,2,2,0,0.0
route,DHN->ATL,17,17,0,0.0
route,DIK->DEN,4,4,0,0.0
route,DLH->MSP,13,13,0,0.0
route,DLH->ORD,7,7,0,0.0
route,DRO->DEN,14,14,0,0.0
route,DRO->DFW,7,7,0,0.0
route,DRO->PHX,7,7,0,0.0
route,DRT->DFW,8,8,0,0.0
route,DSM->ATL,10,10,0,0.0
route,DSM->CLT,10,10,0,0.0
route,DSM->DCA,3,3,0,0.0
route,DSM->DEN,16,16,0,0.0
route,DSM->DFW,7,7,0,0.0
route,DSM->DTW,8,8,0,0.0
route,DSM->IAH,7,7,0,0.0
route,DSM->LAS,4,4,0,0.0
route,DSM->LGA,8,8,0,0.0
route,DSM->MCO,1,1,0,0.0
route,DSM->MSP,19,19,0,0.0
route,DSM->ORD,44,44,0,0.0
route,DSM->PGD,1,1,0,0.0
route,DSM->PHL,3,3,0,0.0
route,DSM->PHX,9,9,0,0.0
route,DSM->PIE,2,2,0,0.0
route,DSM->SLC,8,8,0,0.0
route,DSM->STL,9,9,0,0.0
route,DTW->ABE,6,6,0,0.0
route,DTW->ALB,9,9,0,0.0
route,DTW->APN,6,6,0,0.0
route,DTW->ATL,44,44,0,0.0
route,DTW->ATW,12,12,0,0.0
route,DTW->AUS,15,15,0,0.0
route,DTW->AVP,4,4,0,0.0
route,DTW->AZO,19,19,0,0.0
route,DTW->BDL,10,10,0,0.0
route,DTW->BGM,7,7,0,0.0
route,DTW->BHM,6,6,0,0.0
route,DTW->BNA,23,23,0,0.0
route,DTW->BOS,29,29,0,0.0
route,DTW->BTV,11,11,0,0.0
route,DTW->BUF,11,11,0,0.0
route,DTW->BWI,52,52,0,0.0
route,DTW->CHA,5,5,0,0.0
route,DTW->CHS,11,11,0,0.0
route,DTW->CID,3,3,0,0.0
route,DTW->CIU,1,1,0,0.0
route,DTW->CLE,18,18,0,0.0
route,DTW->CLT,22,22,0,0.0
route,DTW->CMH,14,14,0,0.0
route,DTW->CVG,21,21,0,0.0
route,DTW->CWA,4,4,0,0.0
route,DTW->DAL,6,6,0,0.0
route,DTW->DAY,12,12,0,0.0
route,DTW->DCA,21,21,0,0.0
route,DTW->DEN,21,21,0,0.0
route,DTW->DFW,36,36,0,0.0
route,DTW->DSM,9,9,0,0.0
route,DTW->ELM,15,15,0,0.0
route,DTW->ERI,7,7,0,0.0
route,DTW->ESC,3,3,0,0.0
route,DTW->EVV,4,4,0,0.0
route,DTW->EWR,38,38,0,0.0
route,DTW->FLL,27,27,0,0.0
route,DTW->FWA,6,6,0,0.0
route,DTW->GRB,14,14,0,0.0
route,DTW->GRR,20,20,0,0.0
route,DTW->GSO,9,9,0,0.0
route,DTW->GSP,12,12,0,0.0
route,DTW->HPN,10,10,0,0.0
route,DTW->HSV,1,1,0,0.0
route,DTW->IAD,25,25,0,0.0
route,DTW->IAH,29,29,0,0.0
route,DTW->IMT,2,2,0,0.0
route,DTW->IND,13,13,0,0.0
route,DTW->ITH,9,9,0,0.0
route,DTW->JAX,3,3,0,0.0
route,DTW->JFK,13,13,0,0.0
route,DTW->LAN,9,9,0,0.0
route,DTW->LAS,28,28,0,0.0
route,DTW->LAX,20,20,0,0.0
route,DTW->LEX,5,5,0,0.0
route,DTW->LGA,42,42,0,0.0
route,DTW->LIT,1,1,0,0.0
route,DTW->LSE,3,3,0,0.0
route,DTW->MBS,16,16,0,0.0
route,DTW->MCI,14,14,0,0.0
route,DTW->MCO,25,25,0,0.0
route,DTW->MDT,11,11,0,0.0
route,DTW->MDW,14,14,0,0.0
route,DTW->MEM,4,4,0,0.0
route,DTW->MHT,10,10,0,0.0
route,DTW->MIA,15,15,0,0.0
route,DTW->MKE,15,15,0,0.0
route,DTW->MLI,5,5,0,0.0
route,DTW->MQT,4,4,0,0.0
route,DTW->MSN,13,13,0,0.0
route,DTW->MSP,31,31,0,0.0
route,DTW->MSY,11,11,0,0.0
route,DTW->OKC,5,5,0,0.0
route,DTW->OMA,11,11,0,0.0
route,DTW->ORD,57,57,0,0.0
route,DTW->ORF,7,7,0,0.0
route,DTW->ORH,1,1,0,0.0
route,DTW->PBI,8,8,0,0.0
route,DTW->PDX,2,2,0,0.0
route,DTW->PHL,27,27,0,0.0
route,DTW->PHX,20,20,0,0.0
route,DTW->PIT,9,9,0,0.0
route,DTW->PLN,8,8,0,0.0
route,DTW->PVD,10,10,0,0.0
route,DTW->PWM,6,6,0,0.0
route,DTW->RDU,28,28,0,0.0
route,DTW->RIC,11,11,0,0.0
route,DTW->ROC,14,14,0,0.0
route,DTW->RSW,30,30,0,0.0
route,DTW->SAN,11,11,0,0.0
route,DTW->SAT,3,3,0,0.0
route,DTW->SAV,2,2,0,0.0
route,DTW->SBN,6,6,0,0.0
route,DTW->SCE,8,8,0,0.0
route,DTW->SDF,23,23,0,0.0
route,DTW->SEA,9,9,0,0.0
route,DTW->SFO,12,12,0,0.0
route,DTW->SJC,3,3,0,0.0
route,DTW->SLC,12,12,0,0.0
route,DTW->SMF,2,2,0,0.0
route,DTW->SNA,1,1,0,0.0
route,DTW->SRQ,1,1,0,0.0
route,DTW->STL,19,19,0,0.0
route,DTW->SWF,4,4,0,0.0
route,DTW->SYR,7,7,0,0.0
route,DTW->TPA,36,36,0,0.0
route,DTW->TVC,9,9,0,0.0
route,DTW->TYS,17,17,0,0.0
route,DUT->ANC,4,4,0,0.0
route,DVL->DEN,1,1,0,0.0
route,DVL->JMS,4,4,0,0.0
route,EAR->DEN,6,6,0,0.0
route,EAR->ORD,2,2,0,0.0
route,EAT->SEA,14,14,0,0.0
route,EAU->ORD,6,6,0,0.0
route,ECP->ATL,23,23,0,0.0
route,ECP->BNA,9,9,0,0.0
route,ECP->CLT,9,9,0,0.0
route,ECP->DAL,3,3,0,0.0
route,ECP->DFW,8,8,0,0.0
route,ECP->HOU,3,3,0,0.0
route,ECP->IAH,7,7,0,0.0
route,EGE->ATL,1,1,0,0.0
route,EGE->DEN,10,10,0,0.0
route,EGE->DFW,9,9,0,0.0
route,EGE->IAH,1,1,0,0.0
route,EGE->LAX,3,3,0,0.0
route,EGE->ORD,1,1,0,0.0
route,EGE->PHL,1,1,0,0.0
route,EGE->PHX,1,1,0,0.0
route,EGE->SFO,3,3,0,0.0
route,EKO->SLC,8,8,0,0.0
route,ELM->ATL,3,3,0,0.0
route,ELM->DTW,22,22,0,0.0
route,ELM->EWR,7,7,0,0.0
route,ELM->SFB,1,1,0,0.0
route,ELP->ATL,10,10,0,0.0
route,ELP->AUS,11,11,0,0.0
route,ELP->DAL,17,17,0,0.0
route,ELP->DEN,9,9,0,0.0
route,ELP->DFW,31,31,0,0.0
route,ELP->HOU,8,8,0,0.0
route,ELP->IAH,13,13,0,0.0
route,ELP->LAS,10,10,0,0.0
route,ELP->LAX,13,13,0,0.0
route,ELP->ORD,14,14,0,0.0
route,ELP->PHX,27,27,0,0.0
route,ELP->SAN,6,6,0,0.0
route,ELP->SAT,2,2,0,0.0
route,ELP->SEA,2,2,0,0.0
route,ELP->SJC,1,1,0,0.0
route,ERI->CLT,3,3,0,0.0
route,ERI->DTW,6,6,0,0.0
route,ERI->ORD,10,10,0,0.0
route,ERI->PHL,4,4,0,0.0
route,ESC->DTW,5,5,0,0.0
route,EUG->DEN,10,10,0,0.0
route,EUG->LAS,2,2,0,0.0
route,EUG->LAX,11,11,0,0.0
route,EUG->OAK,2,2,0,0.0
route,EUG->ORD,1,1,0,0.0
route,EUG->PDX,9,9,0,0.0
route,EUG->PHX,5,5,0,0.0
route,EUG->SEA,32,32,0,0.0
route,EUG->SFO,4,4,0,0.0
route,EUG->SLC,4,4,0,0.0
route,EVV->ATL,6,6,0,0.0
route,EVV->CLT,4,4,0,0.0
route,EVV->DFW,10,10,0,0.0
route,EVV->DTW,8,8,0,0.0
route,EVV->ORD,16,16,0,0.0
route,EVV->SFB,1,1,0,0.0
route,EWN->ATL,6,6,0,0.0
route,EWN->CLT,14,14,0,0.0
route,EWR->ALB,16,16,0,0.0
route,EWR->ATL,73,73,0,0.0
route,EWR->AUS,14,14,0,0.0
route,EWR->AVL,7,7,0,0.0
route,EWR->BGR,6,6,0,0.0
route,EWR->BNA,10,10,0,0.0
route,EWR->BOS,63,63,0,0.0
route,EWR->BQN,2,2,0,0.0
route,EWR->BTV,5,5,0,0.0
route,EWR->BUF,14,14,0,0.0
route,EWR->BZN,2,2,0,0.0
route,EWR->CAK,4,4,0,0.0
route,EWR->CHS,7,7,0,0.0
route,EWR->CLE,18,18,0,0.0
route,EWR->CLT,34,34,0,0.0
route,EWR->CMH,20,20,0,0.0
route,EWR->CVG,24,24,0,0.0
route,EWR->DAY,6,6,0,0.0
route,EWR->DCA,20,20,0,0.0
route,EWR->DEN,26,26,0,0.0
route,EWR->DFW,29,29,0,0.0
route,EWR->DTW,30,30,0,0.0
route,EWR->EGE,2,2,0,0.0
route,EWR->EYW,4,4,0,0.0
route,EWR->FLL,56,56,0,0.0
route,EWR->GRR,4,4,0,0.0
route,EWR->GSO,13,13,0,0.0
route,EWR->GSP,12,12,0,0.0
route,EWR->HDN,1,1,0,0.0
route,EWR->HNL,1,1,0,0.0
route,EWR->IAD,28,28,0,0.0
route,EWR->IAH,36,36,0,0.0
route,EWR->IND,34,34,0,0.0
route,EWR->JAX,12,12,0,0.0
route,EWR->LAS,20,20,0,0.0
route,EWR->LAX,45,45,0,0.0
route,EWR->LEX,2,2,0,0.0
route,EWR->MCI,8,8,0,0.0
route,EWR->MCO,73,73,0,0.0
route,EWR->MDW,14,14,0,0.0
route,EWR->MEM,9,9,0,0.0
route,EWR->MHT,2,2,0,0.0
route,EWR->MIA,37,37,0,0.0
route,EWR->MKE,10,10,0,0.0
route,EWR->MSN,3,3,0,0.0
route,EWR->MSP,27,27,0,0.0
route,EWR->MSY,21,21,0,0.0
route,EWR->MTJ,1,1,0,0.0
route,EWR->MYR,4,4,0,0.0
route,EWR->OAK,2,2,0,0.0
route,EWR->OKC,6,6,0,0.0
route,EWR->OMA,14,14,0,0.0
route,EWR->ORD,54,54,0,0.0
route,EWR->ORF,17,17,0,0.0
route,EWR->PBI,38,38,0,0.0
route,EWR->PDX,5,5,0,0.0
route,EWR->PHX,29,29,0,0.0
route,EWR->PIT,19,19,0,0.0
route,EWR->PQI,7,7,0,0.0
route,EWR->PSP,2,2,0,0.0
route,EWR->PVD,12,12,0,0.0
route,EWR->PWM,21,21,0,0.0
route,EWR->RDU,45,45,0,0.0
route,EWR->RIC,16,16,0,0.0
route,EWR->ROC,12,12,0,0.0
route,EWR->RSW,28,28,0,0.0
route,EWR->SAN,7,7,0,0.0
route,EWR->SAT,7,7,0,0.0
route,EWR->SAV,11,11,0,0.0
route,EWR->SBN,1,1,0,0.0
route,EWR->SDF,5,5,0,0.0
route,EWR->SEA,18,18,0,0.0
route,EWR->SFO,56,56,0,0.0
route,EWR->SJC,4,4,0,0.0
route,EWR->SJU,22,22,0,0.0
route,EWR->SLC,6,6,0,0.0
route,EWR->SMF,3,3,0,0.0
route,EWR->SNA,15,15,0,0.0
route,EWR->SRQ,8,8,0,0.0
route,EWR->STL,23,23,0,0.0
route,EWR->STT,2,2,0,0.0
route,EWR->SYR,12,12,0,0.0
route,EWR->TPA,25,25,0,0.0
route,EWR->TYS,6,6,0,0.0
route,EWR->VPS,1,1,0,0.0
route,EWR->XNA,1,1,0,0.0
route,EYW->ATL,19,19,0,0.0
route,EYW->CLT,16,16,0,0.0
route,EYW->DCA,2,2,0,0.0
route,EYW->DFW,1,1,0,0.0
route,EYW->EWR,6,6,0,0.0
route,EYW->MIA,13,13,0,0.0
route,EYW->ORD,7,7,0,0.0
route,FAI->ANC,11,11,0,0.0
route,FAI->SCC,4,4,0,0.0
route,FAI->SEA,20,20,0,0.0
route,FAR->ATL,1,1,0,0.0
route,FAR->AZA,3,3,0,0.0
route,FAR->DEN,12,12,0,0.0
route,FAR->DFW,10,10,0,0.0
route,FAR->MSP,19,19,0,0.0
route,FAR->ORD,18,18,0,0.0
route,FAR->PHX,1,1,0,0.0
route,FAR->SFB,2,2,0,0.0
route,FAT->DEN,9,9,0,0.0
route,FAT->DFW,6,6,0,0.0
route,FAT->LAS,1,1,0,0.0
route,FAT->LAX,28,28,0,0.0
route,FAT->ORD,2,2,0,0.0
route,FAT->PDX,3,3,0,0.0
route,FAT->PHX,8,8,0,0.0
route,FAT->SAN,6,6,0,0.0
route,FAT->SEA,12,12,0,0.0
route,FAT->SFO,13,13,0,0.0
route,FAT->SLC,13,13,0,0.0
route,FAY->ATL,20,20,0,0.0
route,FAY->CLT,21,21,0,0.0
route,FAY->IAD,4,4,0,0.0
route,FCA->DEN,7,7,0,0.0
route,FCA->LAS,1,1,0,0.0
route,FCA->LAX,1,1,0,0.0
route,FCA->MSP,5,5,0,0.0
route,FCA->ORD,6,6,0,0.0
route,FCA->SEA,8,8,0,0.0
route,FCA->SLC,18,18,0,0.0
route,FLG->DEN,1,1,0,0.0
route,FLG->DFW,3,3,0,0.0
route,FLG->PHX,6,6,0,0.0
route,FLL->ABE,1,1,0,0.0
route,FLL->ACY,8,8,0,0.0
route,FLL->ALB,8,8,0,0.0
route,FLL->ATL,77,77,0,0.0
route,FLL->AUS,4,4,0,0.0
route,FLL->AVL,15,15,0,0.0
route,FLL->BDL,17,17,0,0.0
route,FLL->BNA,17,17,0,0.0
route,FLL->BOS,35,35,0,0.0
route,FLL->BQN,8,8,0,0.0
route,FLL->BUF,4,4,0,0.0
route,FLL->BWI,57,57,0,0.0
route,FLL->CHS,6,6,0,0.0
route,FLL->CLE,8,8,0,0.0
route,FLL->CLT,33,33,0,0.0
route,FLL->CMH,9,9,0,0.0
route,FLL->CVG,8,8,0,0.0
route,FLL->DAL,3,3,0,0.0
route,FLL->DCA,24,24,0,0.0
route,FLL->DEN,10,10,0,0.0
route,FLL->DFW,22,22,0,0.0
route,FLL->DTW,33,33,0,0.0
route,FLL->EWR,54,54,0,0.0
route,FLL->GRR,1,1,0,0.0
route,FLL->GSO,1,1,0,0.0
route,FLL->GSP,3,3,0,0.0
route,FLL->HOU,4,4,0,0.0
route,FLL->HPN,9,9,0,0.0
route,FLL->IAD,10,10,0,0.0
route,FLL->IAH,29,29,0,0.0
route,FLL->IND,8,8,0,0.0
route,FLL->ISP,4,4,0,0.0
route,FLL->JAX,15,15,0,0.0
route,FLL->JFK,38,38,0,0.0
route,FLL->LAS,11,11,0,0.0
route,FLL->LAX,16,16,0,0.0
route,FLL->LBE,3,3,0,0.0
route,FLL->LEX,2,2,0,0.0
route,FLL->LGA,42,42,0,0.0
route,FLL->LGB,1,1,0,0.0
route,FLL->MCI,4,4,0,0.0
route,FLL->MCO,21,21,0,0.0
route,FLL->MDW,19,19,0,0.0
route,FLL->MEM,1,1,0,0.0
route,FLL->MKE,2,2,0,0.0
route,FLL->MSP,4,4,0,0.0
route,FLL->MSY,19,19,0,0.0
route,FLL->MYR,5,5,0,0.0
route,FLL->ORD,35,35,0,0.0
route,FLL->ORF,1,1,0,0.0
route,FLL->ORH,5,5,0,0.0
route,FLL->PBG,3,3,0,0.0
route,FLL->PHL,34,34,0,0.0
route,FLL->PHX,2,2,0,0.0
route,FLL->PIT,12,12,0,0.0
route,FLL->PVD,6,6,0,0.0
route,FLL->RDU,21,21,0,0.0
route,FLL->RIC,14,14,0,0.0
route,FLL->SAN,4,4,0,0.0
route,FLL->SAT,6,6,0,0.0
route,FLL->SEA,5,5,0,0.0
route,FLL->SFO,14,14,0,0.0
route,FLL->SJU,42,42,0,0.0
route,FLL->SLC,13,13,0,0.0
route,FLL->STL,9,9,0,0.0
route,FLL->STT,6,6,0,0.0
route,FLL->SWF,3,3,0,0.0
route,FLL->SYR,3,3,0,0.0
route,FLL->TPA,21,21,0,0.0
route,FLL->TTN,5,5,0,0.0
route,FLL->TYS,2,2,0,0.0
route,FLL->USA,4,4,0,0.0
route,FLO->CLT,8,8,0,0.0
route,FNT->ATL,12,12,0,0.0
route,FNT->CLT,4,4,0,0.0
route,FNT->FLL,1,1,0,0.0
route,FNT->ORD,19,19,0,0.0
route,FNT->PGD,4,4,0,0.0
route,FNT->PIE,5,5,0,0.0
route,FSD->ATL,4,4,0,0.0
route,FSD->AZA,4,4,0,0.0
route,FSD->DEN,13,13,0,0.0
route,FSD->DFW,9,9,0,0.0
route,FSD->LAS,3,3,0,0.0
route,FSD->MSP,26,26,0,0.0
route,FSD->ORD,23,23,0,0.0
route,FSD->PGD,2,2,0,0.0
route,FSD->PHX,1,1,0,0.0
route,FSD->PIE,1,1,0,0.0
route,FSD->SFB,2,2,0,0.0
route,FSM->ATL,4,4,0,0.0
route,FSM->DFW,16,16,0,0.0
route,FWA->ATL,17,17,0,0.0
route,FWA->CLT,2,2,0,0.0
route,FWA->DFW,10,10,0,0.0
route,FWA->DTW,8,8,0,0.0
route,FWA->MSP,4,4,0,0.0
route,FWA->ORD,22,22,0,0.0
route,FWA->PGD,2,2,0,0.0
route,FWA->PHL,6,6,0,0.0
route,FWA->PIE,1,1,0,0.0
route,GCC->DEN,4,4,0,0.0
route,GCK->DFW,5,5,0,0.0
route,GEG->BOI,15,15,0,0.0
route,GEG->DEN,8,8,0,0.0
route,GEG->DFW,7,7,0,0.0
route,GEG->LAS,2,2,0,0.0
route,GEG->LAX,3,3,0,0.0
route,GEG->MSP,6,6,0,0.0
route,GEG->OAK,7,7,0,0.0
route,GEG->ORD,6,6,0,0.0
route,GEG->PDX,30,30,0,0.0
route,GEG->PHX,9,9,0,0.0
route,GEG->SAN,7,7,0,0.0
route,GEG->SEA,93,93,0,0.0
route,GEG->SFO,6,6,0,0.0
route,GEG->SJC,3,3,0,0.0
route,GEG->SLC,11,11,0,0.0
route,GEG->SMF,6,6,0,0.0
route,GFK->AZA,1,1,0,0.0
route,GFK->LAS,1,1,0,0.0
route,GFK->MSP,11,11,0,0.0
route,GGG->DFW,9,9,0,0.0
route,GJT->DEN,13,13,0,0.0
route,GJT->DFW,9,9,0,0.0
route,GJT->LAS,2,2,0,0.0
route,GJT->PHX,7,7,0,0.0
route,GJT->SLC,12,12,0,0.0
route,GNV->ATL,19,19,0,0.0
route,GNV->CLT,14,14,0,0.0
route,GNV->DFW,5,5,0,0.0
route,GNV->MIA,5,5,0,0.0
route,GPT->ATL,14,14,0,0.0
route,GPT->CLT,4,4,0,0.0
route,GPT->DFW,5,5,0,0.0
route,GPT->IAH,11,11,0,0.0
route,GPT->SFB,1,1,0,0.0
route,GRB->ATL,2,2,0,0.0
route,GRB->DTW,13,13,0,0.0
route,GRB->MSP,13,13,0,0.0
route,GRB->ORD,25,25,0,0.0
route,GRI->AZA,2,2,0,0.0
route,GRI->DFW,5,5,0,0.0
route,GRI->LAS,1,1,0,0.0
route,GRK->DFW,24,24,0,0.0
route,GRK->IAH,13,13,0,0.0
route,GRR->ATL,14,14,0,0.0
route,GRR->AZA,3,3,0,0.0
route,GRR->BWI,5,5,0,0.0
route,GRR->CLT,12,12,0,0.0
route,GRR->DCA,6,6,0,0.0
route,GRR->DEN,9,9,0,0.0
route,GRR->DFW,14,14,0,0.0
route,GRR->DTW,21,21,0,0.0
route,GRR->EWR,8,8,0,0.0
route,GRR->FLL,2,2,0,0.0
route,GRR->IAD,7,7,0,0.0
route,GRR->IAH,5,5,0,0.0
route,GRR->LAS,1,1,0,0.0
route,GRR->LGA,4,4,0,0.0
route,GRR->MCO,2,2,0,0.0
route,GRR->MDW,7,7,0,0.0
route,GRR->MIA,1,1,0,0.0
route,GRR->MSP,14,14,0,0.0
route,GRR->ORD,47,47,0,0.0
route,GRR->PGD,3,3,0,0.0
route,GRR->PHL,8,8,0,0.0
route,GRR->PHX,2,2,0,0.0
route,GRR->PIE,7,7,0,0.0
route,GRR->RSW,2,2,0,0.0
route,GRR->SFB,2,2,0,0.0
route,GRR->TPA,1,1,0,0.0
route,GSO->ATL,16,16,0,0.0
route,GSO->CLT,34,34,0,0.0
route,GSO->DCA,4,4,0,0.0
route,GSO->DFW,4,4,0,0.0
route,GSO->DTW,8,8,0,0.0
route,GSO->EWR,9,9,0,0.0
route,GSO->IAD,14,14,0,0.0
route,GSO->LGA,24,24,0,0.0
route,GSO->MCO,2,2,0,0.0
route,GSO->MIA,3,3,0,0.0
route,GSO->ORD,26,26,0,0.0
route,GSO->PHL,21,21,0,0.0
route,GSO->PIE,2,2,0,0.0
route,GSP->ATL,25,25,0,0.0
route,GSP->BWI,1,1,0,0.0
route,GSP->CLT,27,27,0,0.0
route,GSP->DCA,9,9,0,0.0
route,GSP->DEN,2,2,0,0.0
route,GSP->DFW,5,5,0,0.0
route,GSP->DTW,13,13,0,0.0
route,GSP->EWR,7,7,0,0.0
route,GSP->FLL,1,1,0,0.0
route,GSP->IAD,7,7,0,0.0
route,GSP->IAH,8,8,0,0.0
route,GSP->LAS,1,1,0,0.0
route,GSP->LGA,7,7,0,0.0
route,GSP->MCO,1,1,0,0.0
route,GSP->MIA,3,3,0,0.0
route,GSP->ORD,12,12,0,0.0
route,GSP->PHL,15,15,0,0.0
route,GSP->SFB,1,1,0,0.0
route,GTF->DEN,8,8,0,0.0
route,GTF->LAS,3,3,0,0.0
route,GTF->MSP,3,3,0,0.0
route,GTF->SEA,8,8,0,0.0
route,GTF->SLC,9,9,0,0.0
route,GTR->ATL,12,12,0,0.0
route,GUC->DEN,8,8,0,0.0
route,GUC->DFW,2,2,0,0.0
route,GUM->HNL,3,3,0,0.0
route,GUM->SPN,3,3,0,0.0
route,HDN->ATL,2,2,0,0.0
route,HDN->BOS,1,1,0,0.0
route,HDN->DEN,1,1,0,0.0
route,HDN->DFW,4,4,0,0.0
route,HDN->IAH,1,1,0,0.0
route,HDN->LAX,1,1,0,0.0
route,HDN->MSP,2,2,0,0.0
route,HDN->ORD,3,3,0,0.0
route,HDN->SEA,3,3,0,0.0
route,HGR->SFB,2,2,0,0.0
route,HHH->ATL,2,2,0,0.0
route,HHH->CLT,13,13,0,0.0
route,HIB->MSP,2,2,0,0.0
route,HLN->DEN,6,6,0,0.0
route,HLN->MSP,3,3,0,0.0
route,HLN->SEA,5,5,0,0.0
route,HLN->SLC,7,7,0,0.0
route,HNL->ANC,2,2,0,0.0
route,HNL->ATL,2,2,0,0.0
route,HNL->DEN,4,4,0,0.0
route,HNL->DFW,6,6,0,0.0
route,HNL->DTW,1,1,0,0.0
route,HNL->EWR,2,2,0,0.0
route,HNL->GUM,2,2,0,0.0
route,HNL->IAD,3,3,0,0.0
route,HNL->IAH,2,2,0,0.0
route,HNL->ITO,42,42,0,0.0
route,HNL->JFK,6,6,0,0.0
route,HNL->JHM,13,13,0,0.0
route,HNL->KOA,82,82,0,0.0
route,HNL->LAS,12,12,0,0.0
route,HNL->LAX,53,53,0,0.0
route,HNL->LGB,7,7,0,0.0
route,HNL->LIH,61,61,0,0.0
route,HNL->LNY,20,20,0,0.0
route,HNL->MKK,4,4,0,0.0
route,HNL->MSP,2,2,0,0.0
route,HNL->OAK,11,11,0,0.0
route,HNL->OGG,89,89,0,0.0
route,HNL->ORD,4,4,0,0.0
route,HNL->PDX,12,12,0,0.0
route,HNL->PHX,4,4,0,0.0
route,HNL->SAN,9,9,0,0.0
route,HNL->SEA,23,23,0,0.0
route,HNL->SFO,35,35,0,0.0
route,HNL->SJC,7,7,0,0.0
route,HNL->SMF,4,4,0,0.0
route,HOB->DEN,1,1,0,0.0
route,HOB->IAH,2,2,0,0.0
route,HOU->ABQ,7,7,0,0.0
route,HOU->ATL,35,35,0,0.0
route,HOU->AUS,18,18,0,0.0
route,HOU->BHM,13,13,0,0.0
route,HOU->BNA,12,12,0,0.0
route,HOU->BOS,7,7,0,0.0
route,HOU->BUR,5,5,0,0.0
route,HOU->BWI,21,21,0,0.0
route,HOU->CHS,6,6,0,0.0
route,HOU->CLT,3,3,0,0.0
route,HOU->CMH,1,1,0,0.0
route,HOU->CRP,10,10,0,0.0
route,HOU->DAL,60,60,0,0.0
route,HOU->DCA,13,13,0,0.0
route,HOU->DEN,22,22,0,0.0
route,HOU->DFW,21,21,0,0.0
route,HOU->ECP,6,6,0,0.0
route,HOU->ELP,12,12,0,0.0
route,HOU->FLL,9,9,0,0.0
route,HOU->HRL,14,14,0,0.0
route,HOU->IND,1,1,0,0.0
route,HOU->JAX,5,5,0,0.0
route,HOU->JFK,3,3,0,0.0
route,HOU->LAS,16,16,0,0.0
route,HOU->LAX,14,14,0,0.0
route,HOU->LGA,15,15,0,0.0
route,HOU->MAF,12,12,0,0.0
route,HOU->MCI,5,5,0,0.0
route,HOU->MCO,21,21,0,0.0
route,HOU->MDW,27,27,0,0.0
route,HOU->MEM,5,5,0,0.0
route,HOU->MKE,2,2,0,0.0
route,HOU->MSY,28,28,0,0.0
route,HOU->OAK,16,16,0,0.0
route,HOU->OKC,6,6,0,0.0
route,HOU->OMA,11,11,0,0.0
route,HOU->PHX,14,14,0,0.0
route,HOU->PIT,4,4,0,0.0
route,HOU->PNS,2,2,0,0.0
route,HOU->RDU,6,6,0,0.0
route,HOU->SAN,8,8,0,0.0
route,HOU->SAT,13,13,0,0.0
route,HOU->SDF,3,3,0,0.0
route,HOU->SJC,5,5,0,0.0
route,HOU->SJU,2,2,0,0.0
route,HOU->SLC,2,2,0,0.0
route,HOU->SMF,1,1,0,0.0
route,HOU->SNA,1,1,0,0.0
route,HOU->STL,14,14,0,0.0
route,HOU->TPA,7,7,0,0.0
route,HOU->TUL,7,7,0,0.0
route,HPN->ATL,18,18,0,0.0
route,HPN->CLT,9,9,0,0.0
route,HPN->DCA,6,6,0,0.0
route,HPN->DTW,11,11,0,0.0
route,HPN->FLL,4,4,0,0.0
route,HPN->MCO,10,10,0,0.0
route,HPN->ORD,20,20,0,0.0
route,HPN->PBI,12,12,0,0.0
route,HPN->RSW,3,3,0,0.0
route,HPN->TPA,2,2,0,0.0
route,HRL->AUS,4,4,0,0.0
route,HRL->DEN,1,1,0,0.0
route,HRL->DFW,2,2,0,0.0
route,HRL->HOU,15,15,0,0.0
route,HRL->IAH,13,13,0,0.0
route,HRL->MSP,2,2,0,0.0
route,HRL->ORD,1,1,0,0.0
route,HSV->ATL,25,25,0,0.0
route,HSV->CLT,13,13,0,0.0
route,HSV->DCA,8,8,0,0.0
route,HSV->DEN,5,5,0,0.0
route,HSV->DFW,11,11,0,0.0
route,HSV->DTW,1,1,0,0.0
route,HSV->IAD,5,5,0,0.0
route,HSV->IAH,12,12,0,0.0
route,HSV->MCO,1,1,0,0.0
route,HSV->ORD,7,7,0,0.0
route,HTS->CLT,4,4,0,0.0
route,HTS->PIE,4,4,0,0.0
route,HTS->SFB,1,1,0,0.0
route,HVN->PHL,12,12,0,0.0
route,HYS->DEN,9,9,0,0.0
route,HYS->SLN,7,7,0,0.0
route,IAD->ALB,10,10,0,0.0
route,IAD->ATL,38,38,0,0.0
route,IAD->AUS,11,11,0,0.0
route,IAD->AVL,2,2,0,0.0
route,IAD->AVP,3,3,0,0.0
route,IAD->BDL,13,13,0,0.0
route,IAD->BNA,10,10,0,0.0
route,IAD->BOS,15,15,0,0.0
route,IAD->BTV,13,13,0,0.0
route,IAD->BUF,15,15,0,0.0
route,IAD->CAE,8,8,0,0.0
route,IAD->CHA,4,4,0,0.0
route,IAD->CHO,7,7,0,0.0
route,IAD->CHS,13,13,0,0.0
route,IAD->CKB,2,2,0,0.0
route,IAD->CLE,5,5,0,0.0
route,IAD->CLT,42,42,0,0.0
route,IAD->CMH,18,18,0,0.0
route,IAD->CRW,6,6,0,0.0
route,IAD->CVG,7,7,0,0.0
route,IAD->DAY,7,7,0,0.0
route,IAD->DEN,25,25,0,0.0
route,IAD->DFW,19,19,0,0.0
route,IAD->DTW,25,25,0,0.0
route,IAD->EGE,3,3,0,0.0
route,IAD->ELM,4,4,0,0.0
route,IAD->EWR,17,17,0,0.0
route,IAD->FAY,3,3,0,0.0
route,IAD->FLL,19,19,0,0.0
route,IAD->GRR,5,5,0,0.0
route,IAD->GSO,7,7,0,0.0
route,IAD->GSP,15,15,0,0.0
route,IAD->HNL,3,3,0,0.0
route,IAD->HSV,5,5,0,0.0
route,IAD->IAH,23,23,0,0.0
route,IAD->ILM,7,7,0,0.0
route,IAD->IND,10,10,0,0.0
route,IAD->ITH,8,8,0,0.0
route,IAD->JAX,12,12,0,0.0
route,IAD->JFK,18,18,0,0.0
route,IAD->LAS,11,11,0,0.0
route,IAD->LAX,36,36,0,0.0
route,IAD->LEX,1,1,0,0.0
route,IAD->LGA,8,8,0,0.0
route,IAD->LWB,3,3,0,0.0
route,IAD->MCI,4,4,0,0.0
route,IAD->MCO,20,20,0,0.0
route,IAD->MDT,10,10,0,0.0
route,IAD->MHT,1,1,0,0.0
route,IAD->MIA,8,8,0,0.0
route,IAD->MSP,6,6,0,0.0
route,IAD->MSY,3,3,0,0.0
route,IAD->OGS,2,2,0,0.0
route,IAD->OKC,6,6,0,0.0
route,IAD->ORD,19,19,0,0.0
route,IAD->ORF,15,15,0,0.0
route,IAD->PBG,6,6,0,0.0
route,IAD->PDX,5,5,0,0.0
route,IAD->PHL,7,7,0,0.0
route,IAD->PIT,15,15,0,0.0
route,IAD->PVD,5,5,0,0.0
route,IAD->PWM,8,8,0,0.0
route,IAD->RDU,18,18,0,0.0
route,IAD->RIC,11,11,0,0.0
route,IAD->ROA,7,7,0,0.0
route,IAD->ROC,9,9,0,0.0
route,IAD->RSW,4,4,0,0.0
route,IAD->SAN,11,11,0,0.0
route,IAD->SAT,5,5,0,0.0
route,IAD->SAV,6,6,0,0.0
route,IAD->SCE,6,6,0,0.0
route,IAD->SDF,8,8,0,0.0
route,IAD->SEA,12,12,0,0.0
route,IAD->SFO,25,25,0,0.0
route,IAD->SHD,2,2,0,0.0
route,IAD->SJU,5,5,0,0.0
route,IAD->SLC,5,5,0,0.0
route,IAD->SMF,4,4,0,0.0
route,IAD->SRQ,3,3,0,0.0
route,IAD->STL,10,10,0,0.0
route,IAD->STT,3,3,0,0.0
route,IAD->SYR,7,7,0,0.0
route,IAD->TPA,7,7,0,0.0
route,IAD->TYS,12,12,0,0.0
route,IAG->FLL,3,3,0,0.0
route,IAG->PGD,2,2,0,0.0
route,IAG->PIE,2,2,0,0.0
route,IAH->ABQ,16,16,0,0.0
route,IAH->AEX,8,8,0,0.0
route,IAH->AMA,9,9,0,0.0
route,IAH->ASE,10,10,0,0.0
route,IAH->ATL,50,50,0,0.0
route,IAH->AUS,24,24,0,0.0
route,IAH->BDL,3,3,0,0.0
route,IAH->BHM,14,14,0,0.0
route,IAH->BNA,24,24,0,0.0
route,IAH->BOI,4,4,0,0.0
route,IAH->BOS,17,17,0,0.0
route,IAH->BRO,18,18,0,0.0
route,IAH->BTR,15,15,0,0.0
route,IAH->BWI,9,9,0,0.0
route,IAH->BZN,5,5,0,0.0
route,IAH->CAE,1,1,0,0.0
route,IAH->CAK,5,5,0,0.0
route,IAH->CHS,8,8,0,0.0
route,IAH->CLE,11,11,0,0.0
route,IAH->CLL,5,5,0,0.0
route,IAH->CLT,35,35,0,0.0
route,IAH->CMH,15,15,0,0.0
route,IAH->COS,11,11,0,0.0
route,IAH->CRP,21,21,0,0.0
route,IAH->CRW,1,1,0,0.0
route,IAH->CVG,11,11,0,0.0
route,IAH->DAY,3,3,0,0.0
route,IAH->DCA,27,27,0,0.0
route,IAH->DEN,37,37,0,0.0
route,IAH->DFW,59,59,0,0.0
route,IAH->DSM,5,5,0,0.0
route,IAH->DTW,38,38,0,0.0
route,IAH->ECP,6,6,0,0.0
route,IAH->EGE,1,1,0,0.0
route,IAH->ELP,14,14,0,0.0
route,IAH->EWR,42,42,0,0.0
route,IAH->FLL,22,22,0,0.0
route,IAH->GPT,4,4,0,0.0
route,IAH->GRK,4,4,0,0.0
route,IAH->GRR,4,4,0,0.0
route,IAH->GSP,5,5,0,0.0
route,IAH->GUC,2,2,0,0.0
route,IAH->HDN,3,3,0,0.0
route,IAH->HNL,2,2,0,0.0
route,IAH->HOB,8,8,0,0.0
route,IAH->HRL,10,10,0,0.0
route,IAH->HSV,12,12,0,0.0
route,IAH->IAD,12,12,0,0.0
route,IAH->ICT,9,9,0,0.0
route,IAH->IND,8,8,0,0.0
route,IAH->JAN,8,8,0,0.0
route,IAH->JAX,13,13,0,0.0
route,IAH->JFK,3,3,0,0.0
route,IAH->LAS,26,26,0,0.0
route,IAH->LAX,58,58,0,0.0
route,IAH->LBB,9,9,0,0.0
route,IAH->LCH,11,11,0,0.0
route,IAH->LEX,3,3,0,0.0
route,IAH->LFT,16,16,0,0.0
route,IAH->LGA,39,39,0,0.0
route,IAH->LIT,21,21,0,0.0
route,IAH->LRD,9,9,0,0.0
route,IAH->MAF,23,23,0,0.0
route,IAH->MCI,10,10,0,0.0
route,IAH->MCO,31,31,0,0.0
route,IAH->MEM,12,12,0,0.0
route,IAH->MFE,23,23,0,0.0
route,IAH->MIA,32,32,0,0.0
route,IAH->MKE,10,10,0,0.0
route,IAH->MLU,3,3,0,0.0
route,IAH->MOB,15,15,0,0.0
route,IAH->MSP,28,28,0,0.0
route,IAH->MSY,28,28,0,0.0
route,IAH->MTJ,1,1,0,0.0
route,IAH->OKC,24,24,0,0.0
route,IAH->OMA,8,8,0,0.0
route,IAH->ONT,1,1,0,0.0
route,IAH->ORD,53,53,0,0.0
route,IAH->ORF,6,6,0,0.0
route,IAH->PBI,3,3,0,0.0
route,IAH->PDX,5,5,0,0.0
route,IAH->PHL,22,22,0,0.0
route,IAH->PHX,25,25,0,0.0
route,IAH->PIT,16,16,0,0.0
route,IAH->PNS,15,15,0,0.0
route,IAH->PSP,9,9,0,0.0
route,IAH->RDU,15,15,0,0.0
route,IAH->RIC,6,6,0,0.0
route,IAH->RNO,2,2,0,0.0
route,IAH->RSW,9,9,0,0.0
route,IAH->SAN,15,15,0,0.0
route,IAH->SAT,16,16,0,0.0
route,IAH->SAV,4,4,0,0.0
route,IAH->SDF,13,13,0,0.0
route,IAH->SEA,14,14,0,0.0
route,IAH->SFO,34,34,0,0.0
route,IAH->SGF,5,5,0,0.0
route,IAH->SHV,12,12,0,0.0
route,IAH->SJC,3,3,0,0.0
route,IAH->SJU,13,13,0,0.0
route,IAH->SLC,29,29,0,0.0
route,IAH->SMF,8,8,0,0.0
route,IAH->SNA,11,11,0,0.0
route,IAH->STL,18,18,0,0.0
route,IAH->TPA,14,14,0,0.0
route,IAH->TUL,18,18,0,0.0
route,IAH->TUS,12,12,0,0.0
route,IAH->TYS,5,5,0,0.0
route,IAH->VPS,9,9,0,0.0
route,IAH->XNA,11,11,0,0.0
route,ICT->ATL,19,19,0,0.0
route,ICT->DEN,19,19,0,0.0
route,ICT->DFW,20,20,0,0.0
route,ICT->IAH,13,13,0,0.0
route,ICT->LAS,7,7,0,0.0
route,ICT->MSP,10,10,0,0.0
route,ICT->ORD,18,18,0,0.0
route,ICT->PHX,1,1,0,0.0
route,ICT->SEA,1,1,0,0.0
route,ICT->STL,10,10,0,0.0
route,IDA->AZA,1,1,0,0.0
route,IDA->DEN,9,9,0,0.0
route,IDA->LAS,3,3,0,0.0
route,IDA->SLC,20,20,0,0.0
route,ILM->ATL,10,10,0,0.0
route,ILM->CLT,23,23,0,0.0
route,ILM->DCA,1,1,0,0.0
route,ILM->DFW,2,2,0,0.0
route,ILM->IAD,10,10,0,0.0
route,ILM->LGA,11,11,0,0.0
route,ILM->ORD,6,6,0,0.0
route,ILM->PHL,8,8,0,0.0
route,IMT->DTW,4,4,0,0.0
route,IMT->MSP,3,3,0,0.0
route,IND->ATL,26,26,0,0.0
route,IND->AUS,1,1,0,0.0
route,IND->BOS,11,11,0,0.0
route,IND->BWI,7,7,0,0.0
route,IND->CLT,18,18,0,0.0
route,IND->DAL,8,8,0,0.0
route,IND->DCA,11,11,0,0.0
route,IND->DEN,28,28,0,0.0
route,IND->DFW,11,11,0,0.0
route,IND->DTW,25,25,0,0.0
route,IND->EWR,32,32,0,0.0
route,IND->FLL,10,10,0,0.0
route,IND->HOU,4,4,0,0.0
route,IND->IAD,17,17,0,0.0
route,IND->IAH,15,15,0,0.0
route,IND->JFK,12,12,0,0.0
route,IND->LAS,7,7,0,0.0
route,IND->LAX,5,5,0,0.0
route,IND->LGA,20,20,0,0.0
route,IND->MCI,5,5,0,0.0
route,IND->MCO,18,18,0,0.0
route,IND->MDW,4,4,0,0.0
route,IND->MIA,13,13,0,0.0
route,IND->MSP,20,20,0,0.0
route,IND->OAK,2,2,0,0.0
route,IND->ORD,51,51,0,0.0
route,IND->PBI,1,1,0,0.0
route,IND->PGD,1,1,0,0.0
route,IND->PHL,18,18,0,0.0
route,IND->PHX,6,6,0,0.0
route,IND->PIE,3,3,0,0.0
route,IND->RDU,5,5,0,0.0
route,IND->RSW,10,10,0,0.0
route,IND->SEA,7,7,0,0.0
route,IND->SFB,2,2,0,0.0
route,IND->SFO,5,5,0,0.0
route,IND->SLC,2,2,0,0.0
route,IND->SRQ,2,2,0,0.0
route,IND->TPA,16,16,0,0.0
route,IND->TUS,1,1,0,0.0
route,INL->MSP,7,7,0,0.0
route,IPT->PHL,7,7,0,0.0
route,ISN->DEN,2,2,0,0.0
route,ISN->MSP,4,4,0,0.0
route,ISP->BWI,14,14,0,0.0
route,ISP->FLL,9,9,0,0.0
route,ISP->MCO,13,13,0,0.0
route,ISP->PBI,13,13,0,0.0
route,ISP->PHL,6,6,0,0.0
route,ISP->RSW,4,4,0,0.0
route,ISP->TPA,8,8,0,0.0
route,ITH->DTW,9,9,0,0.0
route,ITH->IAD,4,4,0,0.0
route,ITH->PHL,11,11,0,0.0
route,ITO->HNL,49,49,0,0.0
route,ITO->LAX,5,5,0,0.0
route,ITO->OGG,5,5,0,0.0
route,JAC->ATL,1,1,0,0.0
route,JAC->DEN,11,11,0,0.0
route,JAC->DFW,4,4,0,0.0
route,JAC->EWR,3,3,0,0.0
route,JAC->IAH,3,3,0,0.0
route,JAC->LAX,5,5,0,0.0
route,JAC->MSP,1,1,0,0.0
route,JAC->ORD,3,3,0,0.0
route,JAC->SEA,2,2,0,0.0
route,JAC->SFO,2,2,0,0.0
route,JAC->SLC,11,11,0,0.0
route,JAN->ATL,26,26,0,0.0
route,JAN->CLT,8,8,0,0.0
route,JAN->DCA,3,3,0,0.0
route,JAN->DEN,2,2,0,0.0
route,JAN->DFW,16,16,0,0.0
route,JAN->IAH,11,11,0,0.0
route,JAN->ORD,5,5,0,0.0
route,JAX->ATL,44,44,0,0.0
route,JAX->BNA,3,3,0,0.0
route,JAX->BOS,13,13,0,0.0
route,JAX->BWI,16,16,0,0.0
route,JAX->CLT,28,28,0,0.0
route,JAX->CVG,1,1,0,0.0
route,JAX->DAL,1,1,0,0.0
route,JAX->DCA,16,16,0,0.0
route,JAX->DEN,3,3,0,0.0
route,JAX->DFW,11,11,0,0.0
route,JAX->DTW,5,5,0,0.0
route,JAX->EWR,16,16,0,0.0
route,JAX->FLL,23,23,0,0.0
route,JAX->GRR,1,1,0,0.0
route,JAX->HOU,4,4,0,0.0
route,JAX->IAD,14,14,0,0.0
route,JAX->IAH,11,11,0,0.0
route,JAX->IND,1,1,0,0.0
route,JAX->JFK,13,13,0,0.0
route,JAX->LAS,1,1,0,0.0
route,JAX->LGA,8,8,0,0.0
route,JAX->MDW,4,4,0,0.0
route,JAX->MIA,14,14,0,0.0
route,JAX->MSP,4,4,0,0.0
route,JAX->ORD,19,19,0,0.0
route,JAX->ORF,1,1,0,0.0
route,JAX->PHL,10,10,0,0.0
route,JAX->RDU,1,1,0,0.0
route,JAX->STL,2,2,0,0.0
route,JFK->ABQ,4,4,0,0.0
route,JFK->ATL,19,19,0,0.0
route,JFK->AUS,22,22,0,0.0
route,JFK->BNA,14,14,0,0.0
route,JFK->BOS,58,58,0,0.0
route,JFK->BQN,7,7,0,0.0
route,JFK->BTV,16,16,0,0.0
route,JFK->BUF,39,39,0,0.0
route,JFK->BUR,5,5,0,0.0
route,JFK->BWI,21,21,0,0.0
route,JFK->CHS,15,15,0,0.0
route,JFK->CLE,13,13,0,0.0
route,JFK->CLT,24,24,0,0.0
route,JFK->CMH,8,8,0,0.0
route,JFK->CVG,11,11,0,0.0
route,JFK->DAB,1,1,0,0.0
route,JFK->DCA,20,20,0,0.0
route,JFK->DEN,15,15,0,0.0
route,JFK->DFW,14,14,0,0.0
route,JFK->DTW,14,14,0,0.0
route,JFK->EGE,1,1,0,0.0
route,JFK->FLL,49,49,0,0.0
route,JFK->HNL,5,5,0,0.0
route,JFK->HOU,2,2,0,0.0
route,JFK->IAD,23,23,0,0.0
route,JFK->IAH,4,4,0,0.0
route,JFK->IND,9,9,0,0.0
route,JFK->JAX,23,23,0,0.0
route,JFK->LAS,29,29,0,0.0
route,JFK->LAX,117,117,0,0.0
route,JFK->LGB,7,7,0,0.0
route,JFK->MCO,63,63,0,0.0
route,JFK->MIA,33,33,0,0.0
route,JFK->MSP,14,14,0,0.0
route,JFK->MSY,19,19,0,0.0
route,JFK->OAK,1,1,0,0.0
route,JFK->ONT,4,4,0,0.0
route,JFK->ORD,15,15,0,0.0
route,JFK->ORF,16,16,0,0.0
route,JFK->ORH,6,6,0,0.0
route,JFK->PBI,27,27,0,0.0
route,JFK->PDX,2,2,0,0.0
route,JFK->PHL,3,3,0,0.0
route,JFK->PHX,28,28,0,0.0
route,JFK->PIT,6,6,0,0.0
route,JFK->PSE,2,2,0,0.0
route,JFK->PSP,3,3,0,0.0
route,JFK->PWM,9,9,0,0.0
route,JFK->RDU,30,30,0,0.0
route,JFK->RIC,8,8,0,0.0
route,JFK->RNO,2,2,0,0.0
route,JFK->ROC,20,20,0,0.0
route,JFK->RSW,18,18,0,0.0
route,JFK->SAN,26,26,0,0.0
route,JFK->SAT,1,1,0,0.0
route,JFK->SAV,15,15,0,0.0
route,JFK->SEA,30,30,0,0.0
route,JFK->SFO,70,70,0,0.0
route,JFK->SJC,9,9,0,0.0
route,JFK->SJU,28,28,0,0.0
route,JFK->SLC,24,24,0,0.0
route,JFK->SMF,1,1,0,0.0
route,JFK->SNA,2,2,0,0.0
route,JFK->SRQ,6,6,0,0.0
route,JFK->STT,2,2,0,0.0
route,JFK->SYR,17,17,0,0.0
route,JFK->TPA,30,30,0,0.0
route,JHM->HNL,10,10,0,0.0
route,JLN->DFW,9,9,0,0.0
route,JLN->ORD,4,4,0,0.0
route,JMS->DEN,5,5,0,0.0
route,JMS->DVL,7,7,0,0.0
route,JNU->ANC,10,10,0,0.0
route,JNU->KTN,4,4,0,0.0
route,JNU->PSG,3,3,0,0.0
route,JNU->SEA,8,8,0,0.0
route,JNU->SIT,4,4,0,0.0
route,JNU->YAK,4,4,0,0.0
route,KOA->ANC,2,2,0,0.0
route,KOA->BLI,1,1,0,0.0
route,KOA->DEN,3,3,0,0.0
route,KOA->DFW,1,1,0,0.0
route,KOA->HNL,54,54,0,0.0
route,KOA->LAX,20,20,0,0.0
route,KOA->LIH,4,4,0,0.0
route,KOA->OAK,3,3,0,0.0
route,KOA->OGG,9,9,0,0.0
route,KOA->PDX,2,2,0,0.0
route,KOA->PHX,4,4,0,0.0
route,KOA->SAN,1,1,0,0.0
route,KOA->SEA,7,7,0,0.0
route,KOA->SFO,12,12,0,0.0
route,KOA->SJC,4,4,0,0.0
route,KTN->JNU,1,1,0,0.0
route,KTN->SEA,5,5,0,0.0
route,KTN->SIT,6,6,0,0.0
route,KTN->WRG,7,7,0,0.0
route,LAN->DCA,4,4,0,0.0
route,LAN->DTW,14,14,0,0.0
route,LAN->MSP,1,1,0,0.0
route,LAN->ORD,18,18,0,0.0
route,LAR->DEN,3,3,0,0.0
route,LAS->ABQ,10,10,0,0.0
route,LAS->AMA,1,1,0,0.0
route,LAS->ATL,39,39,0,0.0
route,LAS->AUS,18,18,0,0.0
route,LAS->AZA,1,1,0,0.0
route,LAS->BHM,2,2,0,0.0
route,LAS->BIL,4,4,0,0.0
route,LAS->BIS,4,4,0,0.0
route,LAS->BLI,7,7,0,0.0
route,LAS->BNA,11,11,0,0.0
route,LAS->BOI,5,5,0,0.0
route,LAS->BOS,15,15,0,0.0
route,LAS->BUF,3,3,0,0.0
route,LAS->BUR,36,36,0,0.0
route,LAS->BWI,21,21,0,0.0
route,LAS->BZN,1,1,0,0.0
route,LAS->CID,2,2,0,0.0
route,LAS->CLE,9,9,0,0.0
route,LAS->CLT,15,15,0,0.0
route,LAS->CMH,7,7,0,0.0
route,LAS->COS,4,4,0,0.0
route,LAS->CVG,8,8,0,0.0
route,LAS->DAL,15,15,0,0.0
route,LAS->DCA,2,2,0,0.0
route,LAS->DEN,42,42,0,0.0
route,LAS->DFW,31,31,0,0.0
route,LAS->DSM,8,8,0,0.0
route,LAS->DTW,26,26,0,0.0
route,LAS->ELP,5,5,0,0.0
route,LAS->EWR,19,19,0,0.0
route,LAS->FAR,2,2,0,0.0
route,LAS->FAT,3,3,0,0.0
route,LAS->FLL,11,11,0,0.0
route,LAS->FSD,1,1,0,0.0
route,LAS->GEG,7,7,0,0.0
route,LAS->GRI,2,2,0,0.0
route,LAS->GRR,1,1,0,0.0
route,LAS->HNL,10,10,0,0.0
route,LAS->HOU,15,15,0,0.0
route,LAS->IAD,9,9,0,0.0
route,LAS->IAH,26,26,0,0.0
route,LAS->ICT,5,5,0,0.0
route,LAS->IDA,2,2,0,0.0
route,LAS->IND,10,10,0,0.0
route,LAS->JAX,1,1,0,0.0
route,LAS->JFK,34,34,0,0.0
route,LAS->LAX,93,93,0,0.0
route,LAS->LBB,4,4,0,0.0
route,LAS->LGB,26,26,0,0.0
route,LAS->LIT,4,4,0,0.0
route,LAS->LRD,2,2,0,0.0
route,LAS->MAF,3,3,0,0.0
route,LAS->MCI,13,13,0,0.0
route,LAS->MCO,13,13,0,0.0
route,LAS->MDW,24,24,0,0.0
route,LAS->MEM,1,1,0,0.0
route,LAS->MFE,5,5,0,0.0
route,LAS->MFR,2,2,0,0.0
route,LAS->MIA,11,11,0,0.0
route,LAS->MKE,8,8,0,0.0
route,LAS->MLI,1,1,0,0.0
route,LAS->MOT,3,3,0,0.0
route,LAS->MRY,1,1,0,0.0
route,LAS->MSN,4,4,0,0.0
route,LAS->MSO,1,1,0,0.0
route,LAS->MSP,24,24,0,0.0
route,LAS->MSY,8,8,0,0.0
route,LAS->OAK,41,41,0,0.0
route,LAS->OKC,7,7,0,0.0
route,LAS->OMA,13,13,0,0.0
route,LAS->ONT,12,12,0,0.0
route,LAS->ORD,21,21,0,0.0
route,LAS->ORF,3,3,0,0.0
route,LAS->PAE,2,2,0,0.0
route,LAS->PDX,25,25,0,0.0
route,LAS->PHL,20,20,0,0.0
route,LAS->PHX,47,47,0,0.0
route,LAS->PIT,7,7,0,0.0
route,LAS->RAP,1,1,0,0.0
route,LAS->RDU,7,7,0,0.0
route,LAS->RFD,1,1,0,0.0
route,LAS->RNO,32,32,0,0.0
route,LAS->RSW,1,1,0,0.0
route,LAS->SAN,47,47,0,0.0
route,LAS->SAT,12,12,0,0.0
route,LAS->SBN,1,1,0,0.0
route,LAS->SCK,6,6,0,0.0
route,LAS->SDF,3,3,0,0.0
route,LAS->SEA,58,58,0,0.0
route,LAS->SFO,76,76,0,0.0
route,LAS->SGF,1,1,0,0.0
route,LAS->SHV,1,1,0,0.0
route,LAS->SJC,44,44,0,0.0
route,LAS->SLC,34,34,0,0.0
route,LAS->SMF,24,24,0,0.0
route,LAS->SMX,1,1,0,0.0
route,LAS->SNA,40,40,0,0.0
route,LAS->STL,15,15,0,0.0
route,LAS->TPA,5,5,0,0.0
route,LAS->TUL,7,7,0,0.0
route,LAS->TUS,14,14,0,0.0
route,LAS->TYS,1,1,0,0.0
route,LAW->DFW,8,8,0,0.0
route,LAX->ABQ,18,18,0,0.0
route,LAX->ACV,3,3,0,0.0
route,LAX->ANC,2,2,0,0.0
route,LAX->ASE,9,9,0,0.0
route,LAX->ATL,77,77,0,0.0
route,LAX->AUS,33,33,0,0.0
route,LAX->BDL,3,3,0,0.0
route,LAX->BNA,27,27,0,0.0
route,LAX->BOI,12,12,0,0.0
route,LAX->BOS,48,48,0,0.0
route,LAX->BUF,1,1,0,0.0
route,LAX->BWI,18,18,0,0.0
route,LAX->BZN,4,4,0,0.0
route,LAX->CLE,4,4,0,0.0
route,LAX->CLT,17,17,0,0.0
route,LAX->CMH,6,6,0,0.0
route,LAX->COS,12,12,0,0.0
route,LAX->CVG,3,3,0,0.0
route,LAX->DAL,25,25,0,0.0
route,LAX->DCA,8,8,0,0.0
route,LAX->DEN,66,66,0,0.0
route,LAX->DFW,80,80,0,0.0
route,LAX->DTW,24,24,0,0.0
route,LAX->EGE,2,2,0,0.0
route,LAX->ELP,20,20,0,0.0
route,LAX->EUG,13,13,0,0.0
route,LAX->EWR,44,44,0,0.0
route,LAX->FAT,32,32,0,0.0
route,LAX->FCA,2,2,0,0.0
route,LAX->FLL,22,22,0,0.0
route,LAX->GEG,2,2,0,0.0
route,LAX->HDN,2,2,0,0.0
route,LAX->HNL,57,57,0,0.0
route,LAX->HOU,22,22,0,0.0
route,LAX->IAD,35,35,0,0.0
route,LAX->IAH,46,46,0,0.0
route,LAX->IND,13,13,0,0.0
route,LAX->ITO,1,1,0,0.0
route,LAX->JAC,5,5,0,0.0
route,LAX->JFK,113,113,0,0.0
route,LAX->KOA,15,15,0,0.0
route,LAX->LAS,115,115,0,0.0
route,LAX->LIH,23,23,0,0.0
route,LAX->MCI,18,18,0,0.0
route,LAX->MCO,30,30,0,0.0
route,LAX->MDW,15,15,0,0.0
route,LAX->MEM,7,7,0,0.0
route,LAX->MFR,15,15,0,0.0
route,LAX->MIA,25,25,0,0.0
route,LAX->MMH,2,2,0,0.0
route,LAX->MRY,15,15,0,0.0
route,LAX->MSP,18,18,0,0.0
route,LAX->MSY,30,30,0,0.0
route,LAX->MTJ,1,1,0,0.0
route,LAX->OAK,34,34,0,0.0
route,LAX->OGG,31,31,0,0.0
route,LAX->OKC,8,8,0,0.0
route,LAX->OMA,8,8,0,0.0
route,LAX->ORD,96,96,0,0.0
route,LAX->PAE,3,3,0,0.0
route,LAX->PDX,59,59,0,0.0
route,LAX->PHL,28,28,0,0.0
route,LAX->PHX,74,74,0,0.0
route,LAX->PIT,4,4,0,0.0
route,LAX->PRC,2,2,0,0.0
route,LAX->PSC,3,3,0,0.0
route,LAX->PSP,6,6,0,0.0
route,LAX->RDD,1,1,0,0.0
route,LAX->RDM,11,11,0,0.0
route,LAX->RDU,8,8,0,0.0
route,LAX->RNO,31,31,0,0.0
route,LAX->SAN,51,51,0,0.0
route,LAX->SAT,31,31,0,0.0
route,LAX->SBA,12,12,0,0.0
route,LAX->SBP,10,10,0,0.0
route,LAX->SCK,1,1,0,0.0
route,LAX->SDF,4,4,0,0.0
route,LAX->SEA,93,93,0,0.0
route,LAX->SFO,167,167,0,0.0
route,LAX->SGF,2,2,0,0.0
route,LAX->SGU,2,2,0,0.0
route,LAX->SJC,70,70,0,0.0
route,LAX->SLC,54,54,0,0.0
route,LAX->SMF,69,69,0,0.0
route,LAX->STL,13,13,0,0.0
route,LAX->STS,6,6,0,0.0
route,LAX->SUN,1,1,0,0.0
route,LAX->TPA,6,6,0,0.0
route,LAX->TUL,4,4,0,0.0
route,LAX->TUS,28,28,0,0.0
route,LAX->XNA,5,5,0,0.0
route,LBB->AUS,5,5,0,0.0
route,LBB->DAL,12,12,0,0.0
route,LBB->DEN,8,8,0,0.0
route,LBB->DFW,20,20,0,0.0
route,LBB->IAH,7,7,0,0.0
route,LBB->LAS,4,4,0,0.0
route,LBB->PHX,3,3,0,0.0
route,LBE->FLL,2,2,0,0.0
route,LBE->MCO,1,1,0,0.0
route,LBF->DEN,2,2,0,0.0
route,LBL->DEN,1,1,0,0.0
route,LBL->PUB,1,1,0,0.0
route,LCH->DFW,5,5,0,0.0
route,LCH->IAH,10,10,0,0.0
route,LCK->FLL,1,1,0,0.0
route,LCK->PGD,2,2,0,0.0
route,LCK->PIE,2,2,0,0.0
route,LCK->SAV,1,1,0,0.0
route,LCK->SFB,2,2,0,0.0
route,LCK->SRQ,1,1,0,0.0
route,LEX->ATL,26,26,0,0.0
route,LEX->CLT,11,11,0,0.0
route,LEX->DCA,2,2,0,0.0
route,LEX->DFW,8,8,0,0.0
route,LEX->DTW,9,9,0,0.0
route,LEX->FLL,4,4,0,0.0
route,LEX->IAD,2,2,0,0.0
route,LEX->IAH,5,5,0,0.0
route,LEX->LGA,3,3,0,0.0
route,LEX->MSP,3,3,0,0.0
route,LEX->ORD,26,26,0,0.0
route,LEX->PGD,1,1,0,0.0
route,LEX->PHL,6,6,0,0.0
route,LEX->SFB,4,4,0,0.0
route,LFT->ATL,6,6,0,0.0
route,LFT->DEN,1,1,0,0.0
route,LFT->DFW,14,14,0,0.0
route,LFT->IAH,18,18,0,0.0
route,LFT->MCO,1,1,0,0.0
route,LGA->ATL,80,80,0,0.0
route,LGA->BGR,12,12,0,0.0
route,LGA->BHM,3,3,0,0.0
route,LGA->BNA,52,52,0,0.0
route,LGA->BOS,75,75,0,0.0
route,LGA->BTV,4,4,0,0.0
route,LGA->BUF,10,10,0,0.0
route,LGA->CAE,6,6,0,0.0
route,LGA->CAK,2,2,0,0.0
route,LGA->CHA,5,5,0,0.0
route,LGA->CHO,8,8,0,0.0
route,LGA->CHS,11,11,0,0.0
route,LGA->CLE,37,37,0,0.0
route,LGA->CLT,31,31,0,0.0
route,LGA->CMH,39,39,0,0.0
route,LGA->CVG,20,20,0,0.0
route,LGA->DAL,23,23,0,0.0
route,LGA->DAY,9,9,0,0.0
route,LGA->DCA,35,35,0,0.0
route,LGA->DEN,41,41,0,0.0
route,LGA->DFW,57,57,0,0.0
route,LGA->DSM,3,3,0,0.0
route,LGA->DTW,38,38,0,0.0
route,LGA->EGE,1,1,0,0.0
route,LGA->FLL,41,41,0,0.0
route,LGA->GRR,2,2,0,0.0
route,LGA->GSO,14,14,0,0.0
route,LGA->GSP,5,5,0,0.0
route,LGA->HOU,10,10,0,0.0
route,LGA->IAD,16,16,0,0.0
route,LGA->IAH,51,51,0,0.0
route,LGA->ILM,9,9,0,0.0
route,LGA->IND,16,16,0,0.0
route,LGA->JAX,9,9,0,0.0
route,LGA->LEX,1,1,0,0.0
route,LGA->MCI,10,10,0,0.0
route,LGA->MCO,25,25,0,0.0
route,LGA->MDW,21,21,0,0.0
route,LGA->MEM,11,11,0,0.0
route,LGA->MHT,2,2,0,0.0
route,LGA->MIA,62,62,0,0.0
route,LGA->MKE,20,20,0,0.0
route,LGA->MSN,10,10,0,0.0
route,LGA->MSP,24,24,0,0.0
route,LGA->MSY,15,15,0,0.0
route,LGA->MYR,2,2,0,0.0
route,LGA->OMA,7,7,0,0.0
route,LGA->ORD,115,115,0,0.0
route,LGA->ORF,30,30,0,0.0
route,LGA->PBI,26,26,0,0.0
route,LGA->PHL,18,18,0,0.0
route,LGA->PIT,29,29,0,0.0
route,LGA->PWM,9,9,0,0.0
route,LGA->RDU,46,46,0,0.0
route,LGA->RIC,28,28,0,0.0
route,LGA->ROA,5,5,0,0.0
route,LGA->ROC,8,8,0,0.0
route,LGA->RSW,7,7,0,0.0
route,LGA->SAV,8,8,0,0.0
route,LGA->SDF,17,17,0,0.0
route,LGA->SRQ,4,4,0,0.0
route,LGA->STL,36,36,0,0.0
route,LGA->SYR,5,5,0,0.0
route,LGA->TPA,19,19,0,0.0
route,LGA->TYS,10,10,0,0.0
route,LGA->XNA,5,5,0,0.0
route,LGB->AUS,3,3,0,0.0
route,LGB->BOS,5,5,0,0.0
route,LGB->DEN,1,1,0,0.0
route,LGB->FLL,1,1,0,0.0
route,LGB->HNL,4,4,0,0.0
route,LGB->JFK,5,5,0,0.0
route,LGB->LAS,20,20,0,0.0
route,LGB->OAK,12,12,0,0.0
route,LGB->PDX,3,3,0,0.0
route,LGB->PHX,13,13,0,0.0
route,LGB->RNO,3,3,0,0.0
route,LGB->SEA,5,5,0,0.0
route,LGB->SFO,6,6,0,0.0
route,LGB->SJC,7,7,0,0.0
route,LGB->SLC,21,21,0,0.0
route,LGB->SMF,14,14,0,0.0
route,LIH->DEN,4,4,0,0.0
route,LIH->HNL,67,67,0,0.0
route,LIH->KOA,4,4,0,0.0
route,LIH->LAX,11,11,0,0.0
route,LIH->OAK,5,5,0,0.0
route,LIH->OGG,9,9,0,0.0
route,LIH->PDX,4,4,0,0.0
route,LIH->PHX,4,4,0,0.0
route,LIH->SAN,2,2,0,0.0
route,LIH->SEA,4,4,0,0.0
route,LIH->SFO,4,4,0,0.0
route,LIH->SJC,2,2,0,0.0
route,LIT->ATL,15,15,0,0.0
route,LIT->CLT,11,11,0,0.0
route,LIT->DAL,10,10,0,0.0
route,LIT->DCA,2,2,0,0.0
route,LIT->DEN,12,12,0,0.0
route,LIT->DFW,19,19,0,0.0
route,LIT->DTW,1,1,0,0.0
route,LIT->IAH,17,17,0,0.0
route,LIT->LAS,4,4,0,0.0
route,LIT->MCO,1,1,0,0.0
route,LIT->ORD,27,27,0,0.0
route,LIT->PHX,4,4,0,0.0
route,LIT->SFB,1,1,0,0.0
route,LIT->STL,7,7,0,0.0
route,LNK->ATL,3,3,0,0.0
route,LNK->DEN,12,12,0,0.0
route,LNK->MSP,13,13,0,0.0
route,LNK->ORD,16,16,0,0.0
route,LNY->HNL,9,9,0,0.0
route,LRD->DFW,8,8,0,0.0
route,LRD->IAH,4,4,0,0.0
route,LSE->DTW,2,2,0,0.0
route,LSE->MSP,3,3,0,0.0
route,LSE->ORD,13,13,0,0.0
route,LWB->IAD,4,4,0,0.0
route,LWB->ORD,1,1,0,0.0
route,LWS->SLC,11,11,0,0.0
route,LYH->CLT,15,15,0,0.0
route,MAF->DAL,7,7,0,0.0
route,MAF->DEN,9,9,0,0.0
route,MAF->DFW,28,28,0,0.0
route,MAF->HOU,7,7,0,0.0
route,MAF->IAH,13,13,0,0.0
route,MAF->LAS,5,5,0,0.0
route,MBS->DTW,11,11,0,0.0
route,MBS->MSP,2,2,0,0.0
route,MBS->ORD,12,12,0,0.0
route,MCI->ABQ,3,3,0,0.0
route,MCI->ATL,24,24,0,0.0
route,MCI->AUS,2,2,0,0.0
route,MCI->BNA,12,12,0,0.0
route,MCI->BOS,11,11,0,0.0
route,MCI->BWI,5,5,0,0.0
route,MCI->CLT,16,16,0,0.0
route,MCI->CVG,3,3,0,0.0
route,MCI->DAL,13,13,0,0.0
route,MCI->DCA,23,23,0,0.0
route,MCI->DEN,25,25,0,0.0
route,MCI->DFW,23,23,0,0.0
route,MCI->DTW,16,16,0,0.0
route,MCI->EWR,8,8,0,0.0
route,MCI->FLL,4,4,0,0.0
route,MCI->HOU,7,7,0,0.0
route,MCI->IAD,2,2,0,0.0
route,MCI->IAH,12,12,0,0.0
route,MCI->IND,9,9,0,0.0
route,MCI->LAS,9,9,0,0.0
route,MCI->LAX,18,18,0,0.0
route,MCI->LGA,21,21,0,0.0
route,MCI->MCO,17,17,0,0.0
route,MCI->MDW,27,27,0,0.0
route,MCI->MIA,4,4,0,0.0
route,MCI->MKE,3,3,0,0.0
route,MCI->MSP,17,17,0,0.0
route,MCI->MSY,9,9,0,0.0
route,MCI->OAK,2,2,0,0.0
route,MCI->ORD,26,26,0,0.0
route,MCI->PDX,5,5,0,0.0
route,MCI->PGD,1,1,0,0.0
route,MCI->PHL,12,12,0,0.0
route,MCI->PHX,14,14,0,0.0
route,MCI->RDU,2,2,0,0.0
route,MCI->SAN,17,17,0,0.0
route,MCI->SAT,2,2,0,0.0
route,MCI->SEA,10,10,0,0.0
route,MCI->SFO,11,11,0,0.0
route,MCI->SLC,14,14,0,0.0
route,MCI->STL,6,6,0,0.0
route,MCI->TPA,4,4,0,0.0
route,MCI->VPS,1,1,0,0.0
route,MCO->ABQ,1,1,0,0.0
route,MCO->ACY,3,3,0,0.0
route,MCO->ALB,11,11,0,0.0
route,MCO->ATL,77,77,0,0.0
route,MCO->AUS,15,15,0,0.0
route,MCO->AVL,3,3,0,0.0
route,MCO->BDL,23,23,0,0.0
route,MCO->BHM,8,8,0,0.0
route,MCO->BMI,2,2,0,0.0
route,MCO->BNA,28,28,0,0.0
route,MCO->BOS,46,46,0,0.0
route,MCO->BQN,8,8,0,0.0
route,MCO->BTV,1,1,0,0.0
route,MCO->BUF,20,20,0,0.0
route,MCO->BWI,52,52,0,0.0
route,MCO->CAK,3,3,0,0.0
route,MCO->CLE,20,20,0,0.0
route,MCO->CLT,36,36,0,0.0
route,MCO->CMH,25,25,0,0.0
route,MCO->CVG,12,12,0,0.0
route,MCO->DAL,21,21,0,0.0
route,MCO->DCA,44,44,0,0.0
route,MCO->DEN,40,40,0,0.0
route,MCO->DFW,50,50,0,0.0
route,MCO->DSM,1,1,0,0.0
route,MCO->DTW,30,30,0,0.0
route,MCO->EWR,74,74,0,0.0
route,MCO->FLL,17,17,0,0.0
route,MCO->GRR,1,1,0,0.0
route,MCO->GSO,2,2,0,0.0
route,MCO->GSP,1,1,0,0.0
route,MCO->HOU,13,13,0,0.0
route,MCO->HPN,7,7,0,0.0
route,MCO->HSV,4,4,0,0.0
route,MCO->IAD,24,24,0,0.0
route,MCO->IAH,24,24,0,0.0
route,MCO->IND,13,13,0,0.0
route,MCO->ISP,23,23,0,0.0
route,MCO->JFK,39,39,0,0.0
route,MCO->LAS,3,3,0,0.0
route,MCO->LAX,34,34,0,0.0
route,MCO->LBE,2,2,0,0.0
route,MCO->LFT,1,1,0,0.0
route,MCO->LGA,38,38,0,0.0
route,MCO->LIT,1,1,0,0.0
route,MCO->MCI,10,10,0,0.0
route,MCO->MDW,19,19,0,0.0
route,MCO->MEM,3,3,0,0.0
route,MCO->MHT,4,4,0,0.0
route,MCO->MIA,26,26,0,0.0
route,MCO->MKE,10,10,0,0.0
route,MCO->MSN,1,1,0,0.0
route,MCO->MSP,30,30,0,0.0
route,MCO->MSY,23,23,0,0.0
route,MCO->MYR,3,3,0,0.0
route,MCO->OAK,4,4,0,0.0
route,MCO->OKC,1,1,0,0.0
route,MCO->OMA,3,3,0,0.0
route,MCO->ONT,3,3,0,0.0
route,MCO->ORD,40,40,0,0.0
route,MCO->ORF,6,6,0,0.0
route,MCO->ORH,1,1,0,0.0
route,MCO->PDX,4,4,0,0.0
route,MCO->PHL,57,57,0,0.0
route,MCO->PHX,21,21,0,0.0
route,MCO->PIT,24,24,0,0.0
route,MCO->PSE,5,5,0,0.0
route,MCO->PSM,2,2,0,0.0
route,MCO->PVD,21,21,0,0.0
route,MCO->PWM,4,4,0,0.0
route,MCO->RDU,25,25,0,0.0
route,MCO->RIC,7,7,0,0.0
route,MCO->ROC,3,3,0,0.0
route,MCO->SAN,8,8,0,0.0
route,MCO->SAT,9,9,0,0.0
route,MCO->SDF,6,6,0,0.0
route,MCO->SEA,8,8,0,0.0
route,MCO->SFO,14,14,0,0.0
route,MCO->SJC,3,3,0,0.0
route,MCO->SJU,59,59,0,0.0
route,MCO->SLC,16,16,0,0.0
route,MCO->SMF,1,1,0,0.0
route,MCO->STL,19,19,0,0.0
route,MCO->SWF,3,3,0,0.0
route,MCO->SYR,3,3,0,0.0
route,MCO->TTN,3,3,0,0.0
route,MCO->TYS,1,1,0,0.0
route,MDT->ATL,14,14,0,0.0
route,MDT->BOS,3,3,0,0.0
route,MDT->CLT,19,19,0,0.0
route,MDT->DFW,1,1,0,0.0
route,MDT->DTW,7,7,0,0.0
route,MDT->IAD,6,6,0,0.0
route,MDT->MCO,1,1,0,0.0
route,MDT->ORD,22,22,0,0.0
route,MDT->PGD,1,1,0,0.0
route,MDT->PHL,20,20,0,0.0
route,MDT->PIE,2,2,0,0.0
route,MDT->SFB,3,3,0,0.0
route,MDW->ABQ,5,5,0,0.0
route,MDW->ALB,10,10,0,0.0
route,MDW->ATL,29,29,0,0.0
route,MDW->AUS,15,15,0,0.0
route,MDW->BDL,14,14,0,0.0
route,MDW->BHM,6,6,0,0.0
route,MDW->BNA,25,25,0,0.0
route,MDW->BOS,16,16,0,0.0
route,MDW->BUF,8,8,0,0.0
route,MDW->BWI,23,23,0,0.0
route,MDW->CHS,8,8,0,0.0
route,MDW->CLE,15,15,0,0.0
route,MDW->CLT,9,9,0,0.0
route,MDW->CMH,7,7,0,0.0
route,MDW->CVG,18,18,0,0.0
route,MDW->DAL,22,22,0,0.0
route,MDW->DCA,23,23,0,0.0
route,MDW->DEN,28,28,0,0.0
route,MDW->DTW,15,15,0,0.0
route,MDW->EWR,17,17,0,0.0
route,MDW->FLL,10,10,0,0.0
route,MDW->GRR,6,6,0,0.0
route,MDW->HOU,18,18,0,0.0
route,MDW->IND,4,4,0,0.0
route,MDW->JAX,7,7,0,0.0
route,MDW->LAS,27,27,0,0.0
route,MDW->LAX,21,21,0,0.0
route,MDW->LGA,17,17,0,0.0
route,MDW->MCI,22,22,0,0.0
route,MDW->MCO,20,20,0,0.0
route,MDW->MEM,8,8,0,0.0
route,MDW->MHT,2,2,0,0.0
route,MDW->MSP,37,37,0,0.0
route,MDW->MSY,9,9,0,0.0
route,MDW->OAK,14,14,0,0.0
route,MDW->OKC,6,6,0,0.0
route,MDW->OMA,17,17,0,0.0
route,MDW->ONT,5,5,0,0.0
route,MDW->ORF,8,8,0,0.0
route,MDW->PDX,8,8,0,0.0
route,MDW->PHL,12,12,0,0.0
route,MDW->PHX,23,23,0,0.0
route,MDW->PIT,16,16,0,0.0
route,MDW->PVD,8,8,0,0.0
route,MDW->RDU,15,15,0,0.0
route,MDW->RSW,10,10,0,0.0
route,MDW->SAN,14,14,0,0.0
route,MDW->SAT,8,8,0,0.0
route,MDW->SDF,12,12,0,0.0
route,MDW->SEA,6,6,0,0.0
route,MDW->SFO,5,5,0,0.0
route,MDW->SJC,2,2,0,0.0
route,MDW->SJU,5,5,0,0.0
route,MDW->SLC,10,10,0,0.0
route,MDW->SMF,3,3,0,0.0
route,MDW->STL,25,25,0,0.0
route,MDW->TPA,20,20,0,0.0
route,MDW->TUS,1,1,0,0.0
route,MEI->DFW,4,4,0,0.0
route,MEI->ORD,1,1,0,0.0
route,MEI->PIB,5,5,0,0.0
route,MEM->ATL,37,37,0,0.0
route,MEM->BWI,3,3,0,0.0
route,MEM->CLT,24,24,0,0.0
route,MEM->DAL,7,7,0,0.0
route,MEM->DCA,8,8,0,0.0
route,MEM->DEN,15,15,0,0.0
route,MEM->DFW,24,24,0,0.0
route,MEM->DTW,11,11,0,0.0
route,MEM->EWR,9,9,0,0.0
route,MEM->FLL,2,2,0,0.0
route,MEM->HOU,8,8,0,0.0
route,MEM->IAH,12,12,0,0.0
route,MEM->LAS,4,4,0,0.0
route,MEM->LAX,5,5,0,0.0
route,MEM->LGA,24,24,0,0.0
route,MEM->MCO,8,8,0,0.0
route,MEM->MDW,9,9,0,0.0
route,MEM->MIA,9,9,0,0.0
route,MEM->MSP,7,7,0,0.0
route,MEM->ORD,20,20,0,0.0
route,MEM->PGD,2,2,0,0.0
route,MEM->PHL,7,7,0,0.0
route,MEM->PHX,11,11,0,0.0
route,MEM->PIE,1,1,0,0.0
route,MEM->SFB,2,2,0,0.0
route,MEM->TPA,4,4,0,0.0
route,MFE->DFW,23,23,0,0.0
route,MFE->IAH,18,18,0,0.0
route,MFE->LAS,2,2,0,0.0
route,MFE->SFB,1,1,0,0.0
route,MFR->DEN,4,4,0,0.0
route,MFR->LAS,2,2,0,0.0
route,MFR->LAX,18,18,0,0.0
route,MFR->PDX,12,12,0,0.0
route,MFR->PHX,3,3,0,0.0
route,MFR->SEA,16,16,0,0.0
route,MFR->SFO,19,19,0,0.0
route,MFR->SLC,7,7,0,0.0
route,MGM->ATL,16,16,0,0.0
route,MGM->CLT,9,9,0,0.0
route,MGM->DFW,4,4,0,0.0
route,MHK->DFW,8,8,0,0.0
route,MHK->ORD,8,8,0,0.0
route,MHT->ATL,3,3,0,0.0
route,MHT->BWI,18,18,0,0.0
route,MHT->CLT,11,11,0,0.0
route,MHT->DCA,6,6,0,0.0
route,MHT->DTW,5,5,0,0.0
route,MHT->EWR,3,3,0,0.0
route,MHT->LGA,3,3,0,0.0
route,MHT->MCO,10,10,0,0.0
route,MHT->MDW,2,2,0,0.0
route,MHT->ORD,2,2,0,0.0
route,MHT->PHL,10,10,0,0.0
route,MHT->TPA,1,1,0,0.0
route,MIA->ATL,73,73,0,0.0
route,MIA->AUS,3,3,0,0.0
route,MIA->BDL,7,7,0,0.0
route,MIA->BHM,7,7,0,0.0
route,MIA->BNA,10,10,0,0.0
route,MIA->BOS,30,30,0,0.0
route,MIA->BUF,1,1,0,0.0
route,MIA->BWI,11,11,0,0.0
route,MIA->CAE,1,1,0,0.0
route,MIA->CHS,14,14,0,0.0
route,MIA->CLE,7,7,0,0.0
route,MIA->CLT,27,27,0,0.0
route,MIA->CMH,7,7,0,0.0
route,MIA->CVG,11,11,0,0.0
route,MIA->DCA,26,26,0,0.0
route,MIA->DEN,15,15,0,0.0
route,MIA->DFW,30,30,0,0.0
route,MIA->DTW,12,12,0,0.0
route,MIA->EGE,1,1,0,0.0
route,MIA->EWR,37,37,0,0.0
route,MIA->EYW,16,16,0,0.0
route,MIA->GNV,4,4,0,0.0
route,MIA->GRR,1,1,0,0.0
route,MIA->GSO,6,6,0,0.0
route,MIA->GSP,2,2,0,0.0
route,MIA->IAD,2,2,0,0.0
route,MIA->IAH,38,38,0,0.0
route,MIA->IND,12,12,0,0.0
route,MIA->JAX,13,13,0,0.0
route,MIA->JFK,30,30,0,0.0
route,MIA->LAS,13,13,0,0.0
route,MIA->LAX,32,32,0,0.0
route,MIA->LGA,62,62,0,0.0
route,MIA->MCI,3,3,0,0.0
route,MIA->MCO,26,26,0,0.0
route,MIA->MEM,8,8,0,0.0
route,MIA->MSP,15,15,0,0.0
route,MIA->MSY,14,14,0,0.0
route,MIA->OMA,2,2,0,0.0
route,MIA->ORD,44,44,0,0.0
route,MIA->ORF,4,4,0,0.0
route,MIA->PHL,23,23,0,0.0
route,MIA->PHX,10,10,0,0.0
route,MIA->PIT,4,4,0,0.0
route,MIA->PNS,12,12,0,0.0
route,MIA->PVD,1,1,0,0.0
route,MIA->RDU,10,10,0,0.0
route,MIA->RIC,3,3,0,0.0
route,MIA->RSW,1,1,0,0.0
route,MIA->SAN,2,2,0,0.0
route,MIA->SAT,7,7,0,0.0
route,MIA->SAV,4,4,0,0.0
route,MIA->SDF,8,8,0,0.0
route,MIA->SEA,4,4,0,0.0
route,MIA->SFO,10,10,0,0.0
route,MIA->SJU,18,18,0,0.0
route,MIA->STL,9,9,0,0.0
route,MIA->STT,6,6,0,0.0
route,MIA->STX,10,10,0,0.0
route,MIA->TLH,12,12,0,0.0
route,MIA->TPA,22,22,0,0.0
route,MIA->TYS,7,7,0,0.0
route,MIA->XNA,2,2,0,0.0
route,MKE->ATL,30,30,0,0.0
route,MKE->AZA,2,2,0,0.0
route,MKE->BNA,5,5,0,0.0
route,MKE->BOS,9,9,0,0.0
route,MKE->BWI,18,18,0,0.0
route,MKE->CLE,3,3,0,0.0
route,MKE->CLT,12,12,0,0.0
route,MKE->DAL,1,1,0,0.0
route,MKE->DCA,4,4,0,0.0
route,MKE->DEN,20,20,0,0.0
route,MKE->DFW,8,8,0,0.0
route,MKE->DTW,18,18,0,0.0
route,MKE->EWR,15,15,0,0.0
route,MKE->FLL,3,3,0,0.0
route,MKE->HOU,6,6,0,0.0
route,MKE->IAH,7,7,0,0.0
route,MKE->LAS,5,5,0,0.0
route,MKE->LAX,2,2,0,0.0
route,MKE->LGA,16,16,0,0.0
route,MKE->MCI,2,2,0,0.0
route,MKE->MCO,14,14,0,0.0
route,MKE->MSP,22,22,0,0.0
route,MKE->ORD,47,47,0,0.0
route,MKE->PHL,8,8,0,0.0
route,MKE->PHX,14,14,0,0.0
route,MKE->PIE,1,1,0,0.0
route,MKE->RSW,7,7,0,0.0
route,MKE->SAN,1,1,0,0.0
route,MKE->SEA,9,9,0,0.0
route,MKE->SLC,1,1,0,0.0
route,MKE->STL,3,3,0,0.0
route,MKE->TPA,9,9,0,0.0
route,MKG->ORD,6,6,0,0.0
route,MKK->HNL,7,7,0,0.0
route,MLB->ATL,11,11,0,0.0
route,MLB->CLT,7,7,0,0.0
route,MLI->ATL,8,8,0,0.0
route,MLI->AZA,3,3,0,0.0
route,MLI->DEN,4,4,0,0.0
route,MLI->DFW,6,6,0,0.0
route,MLI->DTW,5,5,0,0.0
route,MLI->MSP,2,2,0,0.0
route,MLI->ORD,25,25,0,0.0
route,MLI->PGD,1,1,0,0.0
route,MLI->PIE,1,1,0,0.0
route,MLU->ATL,14,14,0,0.0
route,MLU->DFW,7,7,0,0.0
route,MLU->IAH,4,4,0,0.0
route,MMH->DEN,1,1,0,0.0
route,MMH->SFO,1,1,0,0.0
route,MOB->ATL,19,19,0,0.0
route,MOB->CLT,16,16,0,0.0
route,MOB->DFW,6,6,0,0.0
route,MOB->IAH,14,14,0,0.0
route,MOT->AZA,4,4,0,0.0
route,MOT->DEN,8,8,0,0.0
route,MOT->LAS,4,4,0,0.0
route,MOT->MSP,12,12,0,0.0
route,MQT->DTW,5,5,0,0.0
route,MQT->MSP,3,3,0,0.0
route,MQT->ORD,9,9,0,0.0
route,MRY->DEN,7,7,0,0.0
route,MRY->DFW,1,1,0,0.0
route,MRY->LAX,10,10,0,0.0
route,MRY->PHX,9,9,0,0.0
route,MRY->SAN,4,4,0,0.0
route,MRY->SFO,9,9,0,0.0
route,MSN->ATL,9,9,0,0.0
route,MSN->CLT,5,5,0,0.0
route,MSN->DEN,4,4,0,0.0
route,MSN->DFW,13,13,0,0.0
route,MSN->DTW,11,11,0,0.0
route,MSN->EWR,6,6,0,0.0
route,MSN->LAX,2,2,0,0.0
route,MSN->LGA,6,6,0,0.0
route,MSN->MCO,1,1,0,0.0
route,MSN->MSP,14,14,0,0.0
route,MSN->ORD,39,39,0,0.0
route,MSN->PHL,7,7,0,0.0
route,MSN->PHX,1,1,0,0.0
route,MSN->SFO,7,7,0,0.0
route,MSN->SLC,2,2,0,0.0
route,MSO->AZA,3,3,0,0.0
route,MSO->DEN,14,14,0,0.0
route,MSO->DFW,1,1,0,0.0
route,MSO->LAS,2,2,0,0.0
route,MSO->LAX,1,1,0,0.0
route,MSO->MSP,2,2,0,0.0
route,MSO->PDX,5,5,0,0.0
route,MSO->SEA,14,14,0,0.0
route,MSO->SLC,11,11,0,0.0
route,MSP->ABQ,1,1,0,0.0
route,MSP->ABR,9,9,0,0.0
route,MSP->ANC,8,8,0,0.0
route,MSP->ATL,34,34,0,0.0
route,MSP->ATW,11,11,0,0.0
route,MSP->AUS,6,6,0,0.0
route,MSP->AZO,3,3,0,0.0
route,MSP->BDL,10,10,0,0.0
route,MSP->BIL,5,5,0,0.0
route,MSP->BIS,14,14,0,0.0
route,MSP->BJI,8,8,0,0.0
route,MSP->BNA,10,10,0,0.0
route,MSP->BOI,11,11,0,0.0
route,MSP->BOS,34,34,0,0.0
route,MSP->BRD,3,3,0,0.0
route,MSP->BUF,2,2,0,0.0
route,MSP->BWI,17,17,0,0.0
route,MSP->BZN,8,8,0,0.0
route,MSP->CID,8,8,0,0.0
route,MSP->CIU,2,2,0,0.0
route,MSP->CLE,13,13,0,0.0
route,MSP->CLT,16,16,0,0.0
route,MSP->CMH,15,15,0,0.0
route,MSP->CVG,13,13,0,0.0
route,MSP->CWA,2,2,0,0.0
route,MSP->DAL,1,1,0,0.0
route,MSP->DAY,13,13,0,0.0
route,MSP->DCA,25,25,0,0.0
route,MSP->DEN,55,55,0,0.0
route,MSP->DFW,28,28,0,0.0
route,MSP->DLH,18,18,0,0.0
route,MSP->DSM,15,15,0,0.0
route,MSP->DTW,19,19,0,0.0
route,MSP->EWR,33,33,0,0.0
route,MSP->FAR,31,31,0,0.0
route,MSP->FCA,1,1,0,0.0
route,MSP->FLL,8,8,0,0.0
route,MSP->FSD,18,18,0,0.0
route,MSP->FWA,1,1,0,0.0
route,MSP->GEG,12,12,0,0.0
route,MSP->GFK,10,10,0,0.0
route,MSP->GRB,10,10,0,0.0
route,MSP->GRR,23,23,0,0.0
route,MSP->GTF,1,1,0,0.0
route,MSP->HDN,1,1,0,0.0
route,MSP->HIB,9,9,0,0.0
route,MSP->HLN,4,4,0,0.0
route,MSP->HNL,3,3,0,0.0
route,MSP->IAD,17,17,0,0.0
route,MSP->IAH,30,30,0,0.0
route,MSP->ICT,11,11,0,0.0
route,MSP->IMT,2,2,0,0.0
route,MSP->IND,14,14,0,0.0
route,MSP->INL,4,4,0,0.0
route,MSP->JAX,3,3,0,0.0
route,MSP->JFK,15,15,0,0.0
route,MSP->LAN,4,4,0,0.0
route,MSP->LAS,14,14,0,0.0
route,MSP->LAX,22,22,0,0.0
route,MSP->LEX,3,3,0,0.0
route,MSP->LGA,29,29,0,0.0
route,MSP->LNK,5,5,0,0.0
route,MSP->LSE,11,11,0,0.0
route,MSP->MBS,2,2,0,0.0
route,MSP->MCI,23,23,0,0.0
route,MSP->MCO,19,19,0,0.0
route,MSP->MDW,46,46,0,0.0
route,MSP->MEM,14,14,0,0.0
route,MSP->MIA,15,15,0,0.0
route,MSP->MKE,15,15,0,0.0
route,MSP->MOT,14,14,0,0.0
route,MSP->MQT,5,5,0,0.0
route,MSP->MSN,14,14,0,0.0
route,MSP->MSO,8,8,0,0.0
route,MSP->MSY,7,7,0,0.0
route,MSP->OAK,1,1,0,0.0
route,MSP->OKC,6,6,0,0.0
route,MSP->OMA,19,19,0,0.0
route,MSP->ORD,53,53,0,0.0
route,MSP->PBI,2,2,0,0.0
route,MSP->PDX,12,12,0,0.0
route,MSP->PHL,20,20,0,0.0
route,MSP->PHX,45,45,0,0.0
route,MSP->PIA,2,2,0,0.0
route,MSP->PIT,14,14,0,0.0
route,MSP->PSC,3,3,0,0.0
route,MSP->PSP,1,1,0,0.0
route,MSP->RAP,16,16,0,0.0
route,MSP->RDU,9,9,0,0.0
route,MSP->RHI,3,3,0,0.0
route,MSP->RIC,4,4,0,0.0
route,MSP->RNO,1,1,0,0.0
route,MSP->ROC,6,6,0,0.0
route,MSP->RST,9,9,0,0.0
route,MSP->RSW,13,13,0,0.0
route,MSP->SAN,12,12,0,0.0
route,MSP->SAT,10,10,0,0.0
route,MSP->SDF,8,8,0,0.0
route,MSP->SEA,24,24,0,0.0
route,MSP->SFO,18,18,0,0.0
route,MSP->SJC,3,3,0,0.0
route,MSP->SLC,6,6,0,0.0
route,MSP->SMF,9,9,0,0.0
route,MSP->SNA,6,6,0,0.0
route,MSP->STL,22,22,0,0.0
route,MSP->SYR,3,3,0,0.0
route,MSP->TPA,11,11,0,0.0
route,MSP->TUL,3,3,0,0.0
route,MSP->TUS,2,2,0,0.0
route,MSP->TYS,2,2,0,0.0
route,MSP->XNA,5,5,0,0.0
route,MSP->XWA,1,1,0,0.0
route,MSY->ATL,43,43,0,0.0
route,MSY->AUS,5,5,0,0.0
route,MSY->BNA,10,10,0,0.0
route,MSY->BOS,11,11,0,0.0
route,MSY->BWI,14,14,0,0.0
route,MSY->CLE,1,1,0,0.0
route,MSY->CLT,22,22,0,0.0
route,MSY->CVG,4,4,0,0.0
route,MSY->DAL,22,22,0,0.0
route,MSY->DCA,30,30,0,0.0
route,MSY->DEN,22,22,0,0.0
route,MSY->DFW,25,25,0,0.0
route,MSY->DTW,6,6,0,0.0
route,MSY->EWR,22,22,0,0.0
route,MSY->FLL,23,23,0,0.0
route,MSY->HOU,27,27,0,0.0
route,MSY->IAD,4,4,0,0.0
route,MSY->IAH,31,31,0,0.0
route,MSY->JFK,16,16,0,0.0
route,MSY->LAS,9,9,0,0.0
route,MSY->LAX,22,22,0,0.0
route,MSY->LGA,9,9,0,0.0
route,MSY->MCI,3,3,0,0.0
route,MSY->MCO,19,19,0,0.0
route,MSY->MDW,12,12,0,0.0
route,MSY->MIA,15,15,0,0.0
route,MSY->MSP,5,5,0,0.0
route,MSY->OAK,2,2,0,0.0
route,MSY->ORD,13,13,0,0.0
route,MSY->PHL,16,16,0,0.0
route,MSY->PHX,3,3,0,0.0
route,MSY->RDU,1,1,0,0.0
route,MSY->SAN,7,7,0,0.0
route,MSY->SAT,5,5,0,0.0
route,MSY->SDF,1,1,0,0.0
route,MSY->SEA,13,13,0,0.0
route,MSY->SFO,8,8,0,0.0
route,MSY->SJC,1,1,0,0.0
route,MSY->SLC,2,2,0,0.0
route,MSY->SMF,4,4,0,0.0
route,MSY->STL,5,5,0,0.0
route,MSY->TPA,16,16,0,0.0
route,MSY->USA,1,1,0,0.0
route,MTJ->CLT,1,1,0,0.0
route,MTJ->DEN,13,13,0,0.0
route,MTJ->DFW,7,7,0,0.0
route,MTJ->EWR,1,1,0,0.0
route,MTJ->IAH,1,1,0,0.0
route,MTJ->ORD,2,2,0,0.0
route,MTJ->SFO,3,3,0,0.0
route,MTJ->SLC,1,1,0,0.0
route,MYR->ACY,2,2,0,0.0
route,MYR->ATL,6,6,0,0.0
route,MYR->BOS,4,4,0,0.0
route,MYR->BWI,1,1,0,0.0
route,MYR->CLT,33,33,0,0.0
route,MYR->DCA,4,4,0,0.0
route,MYR->EWR,1,1,0,0.0
route,MYR->FLL,3,3,0,0.0
route,MYR->LGA,2,2,0,0.0
route,MYR->MCO,1,1,0,0.0
route,MYR->PHL,3,3,0,0.0
route,OAJ->ATL,5,5,0,0.0
route,OAJ->CLT,18,18,0,0.0
route,OAK->ABQ,7,7,0,0.0
route,OAK->ATL,4,4,0,0.0
route,OAK->AUS,3,3,0,0.0
route,OAK->AZA,3,3,0,0.0
route,OAK->BLI,1,1,0,0.0
route,OAK->BNA,4,4,0,0.0
route,OAK->BOI,4,4,0,0.0
route,OAK->BUR,38,38,0,0.0
route,OAK->BWI,7,7,0,0.0
route,OAK->DAL,5,5,0,0.0
route,OAK->DEN,16,16,0,0.0
route,OAK->EUG,2,2,0,0.0
route,OAK->GEG,9,9,0,0.0
route,OAK->HNL,7,7,0,0.0
route,OAK->HOU,15,15,0,0.0
route,OAK->IND,3,3,0,0.0
route,OAK->JFK,3,3,0,0.0
route,OAK->KOA,4,4,0,0.0
route,OAK->LAS,39,39,0,0.0
route,OAK->LAX,47,47,0,0.0
route,OAK->LGB,16,16,0,0.0
route,OAK->LIH,5,5,0,0.0
route,OAK->MCI,3,3,0,0.0
route,OAK->MCO,5,5,0,0.0
route,OAK->MDW,5,5,0,0.0
route,OAK->MSP,1,1,0,0.0
route,OAK->MSY,4,4,0,0.0
route,OAK->OGG,6,6,0,0.0
route,OAK->ONT,26,26,0,0.0
route,OAK->PDX,26,26,0,0.0
route,OAK->PHX,32,32,0,0.0
route,OAK->RNO,9,9,0,0.0
route,OAK->SAN,31,31,0,0.0
route,OAK->SAT,1,1,0,0.0
route,OAK->SEA,38,38,0,0.0
route,OAK->SLC,26,26,0,0.0
route,OAK->SNA,24,24,0,0.0
route,OAK->STL,2,2,0,0.0
route,OGG->BLI,1,1,0,0.0
route,OGG->DEN,3,3,0,0.0
route,OGG->DFW,3,3,0,0.0
route,OGG->HNL,80,80,0,0.0
route,OGG->ITO,5,5,0,0.0
route,OGG->KOA,11,11,0,0.0
route,OGG->LAX,39,39,0,0.0
route,OGG->LIH,9,9,0,0.0
route,OGG->OAK,12,12,0,0.0
route,OGG->ORD,1,1,0,0.0
route,OGG->PDX,7,7,0,0.0
route,OGG->PHX,9,9,0,0.0
route,OGG->SAN,8,8,0,0.0
route,OGG->SEA,17,17,0,0.0
route,OGG->SFO,27,27,0,0.0
route,OGG->SJC,6,6,0,0.0
route,OGG->SLC,1,1,0,0.0
route,OGG->SMF,3,3,0,0.0
route,OGS->IAD,3,3,0,0.0
route,OGS->PIE,2,2,0,0.0
route,OGS->SFB,1,1,0,0.0
route,OKC->ATL,28,28,0,0.0
route,OKC->BNA,1,1,0,0.0
route,OKC->BWI,4,4,0,0.0
route,OKC->CLT,4,4,0,0.0
route,OKC->DAL,5,5,0,0.0
route,OKC->DCA,3,3,0,0.0
route,OKC->DEN,27,27,0,0.0
route,OKC->DFW,33,33,0,0.0
route,OKC->DTW,6,6,0,0.0
route,OKC->EWR,4,4,0,0.0
route,OKC->HOU,13,13,0,0.0
route,OKC->IAD,4,4,0,0.0
route,OKC->IAH,25,25,0,0.0
route,OKC->LAS,12,12,0,0.0
route,OKC->LAX,13,13,0,0.0
route,OKC->MCO,1,1,0,0.0
route,OKC->MDW,6,6,0,0.0
route,OKC->MSP,5,5,0,0.0
route,OKC->ORD,27,27,0,0.0
route,OKC->PHL,5,5,0,0.0
route,OKC->PHX,10,10,0,0.0
route,OKC->SEA,4,4,0,0.0
route,OKC->SFO,2,2,0,0.0
route,OKC->SLC,5,5,0,0.0
route,OKC->STL,4,4,0,0.0
route,OKC->VPS,2,2,0,0.0
route,OMA->ATL,15,15,0,0.0
route,OMA->CLT,13,13,0,0.0
route,OMA->DAL,9,9,0,0.0
route,OMA->DCA,7,7,0,0.0
route,OMA->DEN,21,21,0,0.0
route,OMA->DFW,14,14,0,0.0
route,OMA->DTW,6,6,0,0.0
route,OMA->EWR,7,7,0,0.0
route,OMA->HOU,1,1,0,0.0
route,OMA->IAH,7,7,0,0.0
route,OMA->LAS,7,7,0,0.0
route,OMA->LAX,8,8,0,0.0
route,OMA->LGA,5,5,0,0.0
route,OMA->MCO,2,2,0,0.0
route,OMA->MDW,20,20,0,0.0
route,OMA->MIA,1,1,0,0.0
route,OMA->MSP,13,13,0,0.0
route,OMA->ORD,33,33,0,0.0
route,OMA->PHL,5,5,0,0.0
route,OMA->PHX,15,15,0,0.0
route,OMA->RSW,1,1,0,0.0
route,OMA->SAN,3,3,0,0.0
route,OMA->SEA,3,3,0,0.0
route,OMA->SFB,1,1,0,0.0
route,OMA->SFO,3,3,0,0.0
route,OMA->SLC,6,6,0,0.0
route,OMA->STL,9,9,0,0.0
route,OME->ANC,6,6,0,0.0
route,ONT->ATL,5,5,0,0.0
route,ONT->DAL,1,1,0,0.0
route,ONT->DEN,11,11,0,0.0
route,ONT->DFW,15,15,0,0.0
route,ONT->IAH,2,2,0,0.0
route,ONT->JFK,4,4,0,0.0
route,ONT->LAS,12,12,0,0.0
route,ONT->MCO,4,4,0,0.0
route,ONT->MDW,1,1,0,0.0
route,ONT->OAK,21,21,0,0.0
route,ONT->PDX,12,12,0,0.0
route,ONT->PHX,32,32,0,0.0
route,ONT->SEA,12,12,0,0.0
route,ONT->SFO,20,20,0,0.0
route,ONT->SJC,9,9,0,0.0
route,ONT->SLC,14,14,0,0.0
route,ONT->SMF,31,31,0,0.0
route,ORD->ABE,12,12,0,0.0
route,ORD->ABQ,10,10,0,0.0
route,ORD->ALB,33,33,0,0.0
route,ORD->ALO,8,8,0,0.0
route,ORD->ASE,10,10,0,0.0
route,ORD->ATL,74,74,0,0.0
route,ORD->ATW,18,18,0,0.0
route,ORD->ATY,1,1,0,0.0
route,ORD->AUS,24,24,0,0.0
route,ORD->AVL,10,10,0,0.0
route,ORD->AVP,14,14,0,0.0
route,ORD->AZO,16,16,0,0.0
route,ORD->BDL,35,35,0,0.0
route,ORD->BGR,1,1,0,0.0
route,ORD->BHM,10,10,0,0.0
route,ORD->BIS,6,6,0,0.0
route,ORD->BMI,14,14,0,0.0
route,ORD->BNA,50,50,0,0.0
route,ORD->BOI,9,9,0,0.0
route,ORD->BOS,78,78,0,0.0
route,ORD->BTV,10,10,0,0.0
route,ORD->BUF,23,23,0,0.0
route,ORD->BWI,21,21,0,0.0
route,ORD->BZN,6,6,0,0.0
route,ORD->CAE,6,6,0,0.0
route,ORD->CAK,27,27,0,0.0
route,ORD->CGI,2,2,0,0.0
route,ORD->CHA,18,18,0,0.0
route,ORD->CHO,11,11,0,0.0
route,ORD->CHS,11,11,0,0.0
route,ORD->CID,35,35,0,0.0
route,ORD->CKB,3,3,0,0.0
route,ORD->CLE,49,49,0,0.0
route,ORD->CLT,50,50,0,0.0
route,ORD->CMH,48,48,0,0.0
route,ORD->CMI,14,14,0,0.0
route,ORD->CMX,8,8,0,0.0
route,ORD->COS,10,10,0,0.0
route,ORD->COU,13,13,0,0.0
route,ORD->CRW,9,9,0,0.0
route,ORD->CVG,46,46,0,0.0
route,ORD->CWA,19,19,0,0.0
route,ORD->DAY,43,43,0,0.0
route,ORD->DBQ,9,9,0,0.0
route,ORD->DCA,60,60,0,0.0
route,ORD->DEN,50,50,0,0.0
route,ORD->DFW,60,60,0,0.0
route,ORD->DLH,6,6,0,0.0
route,ORD->DSM,41,41,0,0.0
route,ORD->DTW,74,74,0,0.0
route,ORD->EAR,1,1,0,0.0
route,ORD->EAU,3,3,0,0.0
route,ORD->EGE,4,4,0,0.0
route,ORD->ELP,16,16,0,0.0
route,ORD->ERI,7,7,0,0.0
route,ORD->EVV,12,12,0,0.0
route,ORD->EWR,46,46,0,0.0
route,ORD->EYW,6,6,0,0.0
route,ORD->FAR,22,22,0,0.0
route,ORD->FAT,2,2,0,0.0
route,ORD->FCA,3,3,0,0.0
route,ORD->FLL,34,34,0,0.0
route,ORD->FNT,27,27,0,0.0
route,ORD->FSD,30,30,0,0.0
route,ORD->FWA,24,24,0,0.0
route,ORD->GEG,7,7,0,0.0
route,ORD->GRB,31,31,0,0.0
route,ORD->GRR,36,36,0,0.0
route,ORD->GSO,19,19,0,0.0
route,ORD->GSP,22,22,0,0.0
route,ORD->HDN,3,3,0,0.0
route,ORD->HNL,7,7,0,0.0
route,ORD->HPN,19,19,0,0.0
route,ORD->HSV,11,11,0,0.0
route,ORD->IAD,22,22,0,0.0
route,ORD->IAH,45,45,0,0.0
route,ORD->ICT,28,28,0,0.0
route,ORD->ILM,4,4,0,0.0
route,ORD->IND,38,38,0,0.0
route,ORD->JAC,5,5,0,0.0
route,ORD->JAN,8,8,0,0.0
route,ORD->JAX,15,15,0,0.0
route,ORD->JFK,30,30,0,0.0
route,ORD->JLN,2,2,0,0.0
route,ORD->LAN,14,14,0,0.0
route,ORD->LAS,35,35,0,0.0
route,ORD->LAX,71,71,0,0.0
route,ORD->LEX,33,33,0,0.0
route,ORD->LGA,135,135,0,0.0
route,ORD->LIT,20,20,0,0.0
route,ORD->LNK,12,12,0,0.0
route,ORD->LSE,14,14,0,0.0
route,ORD->LWB,2,2,0,0.0
route,ORD->MBS,8,8,0,0.0
route,ORD->MCI,47,47,0,0.0
route,ORD->MCO,52,52,0,0.0
route,ORD->MDT,22,22,0,0.0
route,ORD->MEI,5,5,0,0.0
route,ORD->MEM,26,26,0,0.0
route,ORD->MHK,8,8,0,0.0
route,ORD->MHT,4,4,0,0.0
route,ORD->MIA,43,43,0,0.0
route,ORD->MKE,43,43,0,0.0
route,ORD->MKG,8,8,0,0.0
route,ORD->MLI,14,14,0,0.0
route,ORD->MQT,2,2,0,0.0
route,ORD->MSN,28,28,0,0.0
route,ORD->MSP,44,44,0,0.0
route,ORD->MSY,20,20,0,0.0
route,ORD->MTJ,3,3,0,0.0
route,ORD->OKC,22,22,0,0.0
route,ORD->OMA,26,26,0,0.0
route,ORD->ONT,3,3,0,0.0
route,ORD->ORF,16,16,0,0.0
route,ORD->PAH,5,5,0,0.0
route,ORD->PBI,7,7,0,0.0
route,ORD->PDX,19,19,0,0.0
route,ORD->PHL,49,49,0,0.0
route,ORD->PHX,55,55,0,0.0
route,ORD->PIA,19,19,0,0.0
route,ORD->PIT,43,43,0,0.0
route,ORD->PNS,6,6,0,0.0
route,ORD->PSP,11,11,0,0.0
route,ORD->PVD,10,10,0,0.0
route,ORD->PWM,12,12,0,0.0
route,ORD->RAP,3,3,0,0.0
route,ORD->RDU,36,36,0,0.0
route,ORD->RIC,19,19,0,0.0
route,ORD->ROA,9,9,0,0.0
route,ORD->ROC,27,27,0,0.0
route,ORD->RST,14,14,0,0.0
route,ORD->RSW,31,31,0,0.0
route,ORD->SAN,21,21,0,0.0
route,ORD->SAT,15,15,0,0.0
route,ORD->SAV,6,6,0,0.0
route,ORD->SBN,16,16,0,0.0
route,ORD->SCE,23,23,0,0.0
route,ORD->SDF,32,32,0,0.0
route,ORD->SEA,38,38,0,0.0
route,ORD->SFO,70,70,0,0.0
route,ORD->SGF,22,22,0,0.0
route,ORD->SJC,7,7,0,0.0
route,ORD->SJU,8,8,0,0.0
route,ORD->SLC,33,33,0,0.0
route,ORD->SLN,1,1,0,0.0
route,ORD->SMF,7,7,0,0.0
route,ORD->SNA,11,11,0,0.0
route,ORD->SPI,7,7,0,0.0
route,ORD->SRQ,13,13,0,0.0
route,ORD->STL,39,39,0,0.0
route,ORD->STT,1,1,0,0.0
route,ORD->SUX,3,3,0,0.0
route,ORD->SYR,29,29,0,0.0
route,ORD->TOL,16,16,0,0.0
route,ORD->TPA,29,29,0,0.0
route,ORD->TUL,22,22,0,0.0
route,ORD->TUS,8,8,0,0.0
route,ORD->TVC,21,21,0,0.0
route,ORD->TYS,24,24,0,0.0
route,ORD->XNA,30,30,0,0.0
route,ORF->ATL,22,22,0,0.0
route,ORF->BOS,1,1,0,0.0
route,ORF->BWI,21,21,0,0.0
route,ORF->CLT,26,26,0,0.0
route,ORF->DCA,7,7,0,0.0
route,ORF->DEN,3,3,0,0.0
route,ORF->DFW,6,6,0,0.0
route,ORF->DTW,4,4,0,0.0
route,ORF->EWR,14,14,0,0.0
route,ORF->FLL,1,1,0,0.0
route,ORF->IAD,13,13,0,0.0
route,ORF->IAH,5,5,0,0.0
route,ORF->JAX,1,1,0,0.0
route,ORF->JFK,13,13,0,0.0
route,ORF->LAS,2,2,0,0.0
route,ORF->LGA,21,21,0,0.0
route,ORF->MCO,7,7,0,0.0
route,ORF->MDW,7,7,0,0.0
route,ORF->MIA,11,11,0,0.0
route,ORF->MSP,2,2,0,0.0
route,ORF->ORD,15,15,0,0.0
route,ORF->PHL,15,15,0,0.0
route,ORF->PHX,1,1,0,0.0
route,ORF->SFB,2,2,0,0.0
route,ORF->TPA,1,1,0,0.0
route,ORH->DTW,3,3,0,0.0
route,ORH->FLL,4,4,0,0.0
route,ORH->JFK,1,1,0,0.0
route,ORH->MCO,1,1,0,0.0
route,ORH->PHL,7,7,0,0.0
route,OTH->SFO,2,2,0,0.0
route,OTZ->ANC,4,4,0,0.0
route,OTZ->OME,4,4,0,0.0
route,PAE->DEN,2,2,0,0.0
route,PAE->GEG,2,2,0,0.0
route,PAE->LAS,2,2,0,0.0
route,PAE->LAX,1,1,0,0.0
route,PAE->PDX,5,5,0,0.0
route,PAE->PHX,2,2,0,0.0
route,PAE->PSP,2,2,0,0.0
route,PAE->SAN,3,3,0,0.0
route,PAE->SFO,7,7,0,0.0
route,PAE->SJC,3,3,0,0.0
route,PAE->SNA,2,2,0,0.0
route,PAH->CGI,1,1,0,0.0
route,PAH->ORD,10,10,0,0.0
route,PBG->FLL,3,3,0,0.0
route,PBG->IAD,5,5,0,0.0
route,PBG->PIE,2,2,0,0.0
route,PBI->ACY,3,3,0,0.0
route,PBI->ATL,37,37,0,0.0
route,PBI->BDL,4,4,0,0.0
route,PBI->BOS,29,29,0,0.0
route,PBI->BWI,10,10,0,0.0
route,PBI->CLE,1,1,0,0.0
route,PBI->CLT,13,13,0,0.0
route,PBI->CVG,1,1,0,0.0
route,PBI->DCA,15,15,0,0.0
route,PBI->DFW,9,9,0,0.0
route,PBI->DTW,6,6,0,0.0
route,PBI->EWR,43,43,0,0.0
route,PBI->HPN,19,19,0,0.0
route,PBI->IAH,4,4,0,0.0
route,PBI->IND,1,1,0,0.0
route,PBI->ISP,12,12,0,0.0
route,PBI->JFK,17,17,0,0.0
route,PBI->LGA,32,32,0,0.0
route,PBI->MSP,2,2,0,0.0
route,PBI->ORD,16,16,0,0.0
route,PBI->PHL,13,13,0,0.0
route,PBI->PIT,1,1,0,0.0
route,PBI->PVD,2,2,0,0.0
route,PBI->RDU,1,1,0,0.0
route,PBI->TTN,4,4,0,0.0
route,PBI->TYS,1,1,0,0.0
route,PDX->ABQ,2,2,0,0.0
route,PDX->ANC,8,8,0,0.0
route,PDX->ATL,12,12,0,0.0
route,PDX->AUS,4,4,0,0.0
route,PDX->BIL,5,5,0,0.0
route,PDX->BOI,31,31,0,0.0
route,PDX->BOS,1,1,0,0.0
route,PDX->BUR,11,11,0,0.0
route,PDX->BZN,2,2,0,0.0
route,PDX->CLT,6,6,0,0.0
route,PDX->DAL,14,14,0,0.0
route,PDX->DCA,2,2,0,0.0
route,PDX->DEN,37,37,0,0.0
route,PDX->DFW,16,16,0,0.0
route,PDX->DTW,3,3,0,0.0
route,PDX->EUG,20,20,0,0.0
route,PDX->EWR,17,17,0,0.0
route,PDX->FAT,7,7,0,0.0
route,PDX->GEG,31,31,0,0.0
route,PDX->HNL,4,4,0,0.0
route,PDX->IAD,2,2,0,0.0
route,PDX->IAH,8,8,0,0.0
route,PDX->JFK,11,11,0,0.0
route,PDX->KOA,4,4,0,0.0
route,PDX->LAS,33,33,0,0.0
route,PDX->LAX,62,62,0,0.0
route,PDX->LGB,3,3,0,0.0
route,PDX->LIH,2,2,0,0.0
route,PDX->MCI,5,5,0,0.0
route,PDX->MCO,1,1,0,0.0
route,PDX->MDW,6,6,0,0.0
route,PDX->MFR,13,13,0,0.0
route,PDX->MSO,2,2,0,0.0
route,PDX->MSP,21,21,0,0.0
route,PDX->OAK,13,13,0,0.0
route,PDX->OGG,11,11,0,0.0
route,PDX->ONT,5,5,0,0.0
route,PDX->ORD,20,20,0,0.0
route,PDX->PAE,8,8,0,0.0
route,PDX->PHX,29,29,0,0.0
route,PDX->PSP,13,13,0,0.0
route,PDX->RDM,12,12,0,0.0
route,PDX->RNO,12,12,0,0.0
route,PDX->SAN,18,18,0,0.0
route,PDX->SBA,2,2,0,0.0
route,PDX->SEA,97,97,0,0.0
route,PDX->SFO,40,40,0,0.0
route,PDX->SJC,28,28,0,0.0
route,PDX->SLC,22,22,0,0.0
route,PDX->SMF,32,32,0,0.0
route,PDX->SNA,12,12,0,0.0
route,PDX->STL,1,1,0,0.0
route,PDX->STS,7,7,0,0.0
route,PDX->TUS,3,3,0,0.0
route,PGD->ABE,1,1,0,0.0
route,PGD->ALB,2,2,0,0.0
route,PGD->AVL,2,2,0,0.0
route,PGD->BLV,2,2,0,0.0
route,PGD->CLE,2,2,0,0.0
route,PGD->CVG,3,3,0,0.0
route,PGD->DSM,2,2,0,0.0
route,PGD->FNT,3,3,0,0.0
route,PGD->FWA,2,2,0,0.0
route,PGD->GRR,4,4,0,0.0
route,PGD->IAG,1,1,0,0.0
route,PGD->IND,2,2,0,0.0
route,PGD->LCK,1,1,0,0.0
route,PGD->LEX,1,1,0,0.0
route,PGD->MCI,2,2,0,0.0
route,PGD->MDT,3,3,0,0.0
route,PGD->MLI,1,1,0,0.0
route,PGD->PIA,2,2,0,0.0
route,PGD->PIT,2,2,0,0.0
route,PGD->PSM,3,3,0,0.0
route,PGD->PVD,2,2,0,0.0
route,PGD->RFD,2,2,0,0.0
route,PGD->SBN,1,1,0,0.0
route,PGD->SDF,1,1,0,0.0
route,PGD->SPI,2,2,0,0.0
route,PGD->SWF,1,1,0,0.0
route,PGD->SYR,2,2,0,0.0
route,PGD->TOL,3,3,0,0.0
route,PGD->TYS,1,1,0,0.0
route,PGD->USA,4,4,0,0.0
route,PGV->CLT,11,11,0,0.0
route,PHF->ATL,10,10,0,0.0
route,PHF->CLT,14,14,0,0.0
route,PHF->PHL,11,11,0,0.0
route,PHL->ABE,9,9,0,0.0
route,PHL->ALB,20,20,0,0.0
route,PHL->ART,12,12,0,0.0
route,PHL->ATL,60,60,0,0.0
route,PHL->AUS,8,8,0,0.0
route,PHL->AVL,2,2,0,0.0
route,PHL->AVP,16,16,0,0.0
route,PHL->BDL,16,16,0,0.0
route,PHL->BGR,14,14,0,0.0
route,PHL->BHM,5,5,0,0.0
route,PHL->BNA,19,19,0,0.0
route,PHL->BOS,50,50,0,0.0
route,PHL->BTV,12,12,0,0.0
route,PHL->BUF,13,13,0,0.0
route,PHL->BWI,11,11,0,0.0
route,PHL->CAE,11,11,0,0.0
route,PHL->CAK,7,7,0,0.0
route,PHL->CHA,4,4,0,0.0
route,PHL->CHO,6,6,0,0.0
route,PHL->CHS,11,11,0,0.0
route,PHL->CLE,14,14,0,0.0
route,PHL->CLT,24,24,0,0.0
route,PHL->CMH,14,14,0,0.0
route,PHL->CRW,1,1,0,0.0
route,PHL->CVG,26,26,0,0.0
route,PHL->DAL,2,2,0,0.0
route,PHL->DAY,11,11,0,0.0
route,PHL->DCA,12,12,0,0.0
route,PHL->DEN,22,22,0,0.0
route,PHL->DFW,35,35,0,0.0
route,PHL->DSM,9,9,0,0.0
route,PHL->DTW,33,33,0,0.0
route,PHL->ERI,3,3,0,0.0
route,PHL->EYW,3,3,0,0.0
route,PHL->FLL,28,28,0,0.0
route,PHL->FWA,5,5,0,0.0
route,PHL->GRR,5,5,0,0.0
route,PHL->GSO,9,9,0,0.0
route,PHL->GSP,12,12,0,0.0
route,PHL->HOU,2,2,0,0.0
route,PHL->HVN,10,10,0,0.0
route,PHL->IAD,5,5,0,0.0
route,PHL->IAH,17,17,0,0.0
route,PHL->ILM,10,10,0,0.0
route,PHL->IND,18,18,0,0.0
route,PHL->IPT,7,7,0,0.0
route,PHL->ISP,17,17,0,0.0
route,PHL->ITH,9,9,0,0.0
route,PHL->JAX,9,9,0,0.0
route,PHL->JFK,3,3,0,0.0
route,PHL->LAS,22,22,0,0.0
route,PHL->LAX,28,28,0,0.0
route,PHL->LEX,7,7,0,0.0
route,PHL->LGA,18,18,0,0.0
route,PHL->MCI,8,8,0,0.0
route,PHL->MCO,54,54,0,0.0
route,PHL->MDT,19,19,0,0.0
route,PHL->MDW,12,12,0,0.0
route,PHL->MEM,8,8,0,0.0
route,PHL->MHT,14,14,0,0.0
route,PHL->MIA,29,29,0,0.0
route,PHL->MKE,12,12,0,0.0
route,PHL->MSN,5,5,0,0.0
route,PHL->MSP,19,19,0,0.0
route,PHL->MSY,10,10,0,0.0
route,PHL->MYR,4,4,0,0.0
route,PHL->OKC,3,3,0,0.0
route,PHL->OMA,7,7,0,0.0
route,PHL->ORD,37,37,0,0.0
route,PHL->ORF,17,17,0,0.0
route,PHL->ORH,4,4,0,0.0
route,PHL->PBI,8,8,0,0.0
route,PHL->PHF,12,12,0,0.0
route,PHL->PHX,18,18,0,0.0
route,PHL->PIT,16,16,0,0.0
route,PHL->PNS,1,1,0,0.0
route,PHL->PVD,13,13,0,0.0
route,PHL->PWM,15,15,0,0.0
route,PHL->RDU,26,26,0,0.0
route,PHL->RIC,18,18,0,0.0
route,PHL->ROA,4,4,0,0.0
route,PHL->ROC,13,13,0,0.0
route,PHL->RSW,21,21,0,0.0
route,PHL->SAN,10,10,0,0.0
route,PHL->SAT,3,3,0,0.0
route,PHL->SAV,13,13,0,0.0
route,PHL->SBY,11,11,0,0.0
route,PHL->SCE,17,17,0,0.0
route,PHL->SDF,9,9,0,0.0
route,PHL->SEA,11,11,0,0.0
route,PHL->SFO,24,24,0,0.0
route,PHL->SJU,15,15,0,0.0
route,PHL->SLC,3,3,0,0.0
route,PHL->SRQ,4,4,0,0.0
route,PHL->STL,23,23,0,0.0
route,PHL->STT,4,4,0,0.0
route,PHL->SWF,8,8,0,0.0
route,PHL->SYR,16,16,0,0.0
route,PHL->TPA,36,36,0,0.0
route,PHL->TYS,9,9,0,0.0
route,PHL->XNA,1,1,0,0.0
route,PHX->ABQ,28,28,0,0.0
route,PHX->ANC,1,1,0,0.0
route,PHX->ASE,1,1,0,0.0
route,PHX->ATL,35,35,0,0.0
route,PHX->AUS,20,20,0,0.0
route,PHX->BFL,13,13,0,0.0
route,PHX->BNA,7,7,0,0.0
route,PHX->BOI,17,17,0,0.0
route,PHX->BOS,18,18,0,0.0
route,PHX->BUF,2,2,0,0.0
route,PHX->BUR,33,33,0,0.0
route,PHX->BWI,15,15,0,0.0
route,PHX->CID,1,1,0,0.0
route,PHX->CLE,7,7,0,0.0
route,PHX->CLT,20,20,0,0.0
route,PHX->CMH,10,10,0,0.0
route,PHX->COS,4,4,0,0.0
route,PHX->CVG,6,6,0,0.0
route,PHX->DAL,21,21,0,0.0
route,PHX->DCA,9,9,0,0.0
route,PHX->DEN,66,66,0,0.0
route,PHX->DFW,44,44,0,0.0
route,PHX->DRO,7,7,0,0.0
route,PHX->DSM,11,11,0,0.0
route,PHX->DTW,28,28,0,0.0
route,PHX->EGE,2,2,0,0.0
route,PHX->ELP,26,26,0,0.0
route,PHX->EUG,4,4,0,0.0
route,PHX->EWR,22,22,0,0.0
route,PHX->FAR,1,1,0,0.0
route,PHX->FAT,16,16,0,0.0
route,PHX->FLG,10,10,0,0.0
route,PHX->FLL,8,8,0,0.0
route,PHX->FSD,2,2,0,0.0
route,PHX->GEG,11,11,0,0.0
route,PHX->GJT,6,6,0,0.0
route,PHX->GRR,3,3,0,0.0
route,PHX->HNL,6,6,0,0.0
route,PHX->HOU,17,17,0,0.0
route,PHX->IAD,6,6,0,0.0
route,PHX->IAH,35,35,0,0.0
route,PHX->ICT,3,3,0,0.0
route,PHX->IND,11,11,0,0.0
route,PHX->JFK,26,26,0,0.0
route,PHX->KOA,2,2,0,0.0
route,PHX->LAS,43,43,0,0.0
route,PHX->LAX,78,78,0,0.0
route,PHX->LGB,9,9,0,0.0
route,PHX->LIH,3,3,0,0.0
route,PHX->LIT,4,4,0,0.0
route,PHX->MAF,7,7,0,0.0
route,PHX->MCI,16,16,0,0.0
route,PHX->MCO,7,7,0,0.0
route,PHX->MDW,15,15,0,0.0
route,PHX->MEM,4,4,0,0.0
route,PHX->MFR,1,1,0,0.0
route,PHX->MIA,11,11,0,0.0
route,PHX->MKE,9,9,0,0.0
route,PHX->MRY,7,7,0,0.0
route,PHX->MSN,2,2,0,0.0
route,PHX->MSP,43,43,0,0.0
route,PHX->MSY,5,5,0,0.0
route,PHX->MTJ,4,4,0,0.0
route,PHX->OAK,37,37,0,0.0
route,PHX->OGG,4,4,0,0.0
route,PHX->OKC,10,10,0,0.0
route,PHX->OMA,9,9,0,0.0
route,PHX->ONT,39,39,0,0.0
route,PHX->ORD,45,45,0,0.0
route,PHX->ORF,2,2,0,0.0
route,PHX->PDX,28,28,0,0.0
route,PHX->PHL,22,22,0,0.0
route,PHX->PIT,9,9,0,0.0
route,PHX->PSP,18,18,0,0.0
route,PHX->RDM,2,2,0,0.0
route,PHX->RDU,6,6,0,0.0
route,PHX->RNO,20,20,0,0.0
route,PHX->ROW,3,3,0,0.0
route,PHX->RSW,2,2,0,0.0
route,PHX->SAF,2,2,0,0.0
route,PHX->SAN,46,46,0,0.0
route,PHX->SAT,28,28,0,0.0
route,PHX->SBA,18,18,0,0.0
route,PHX->SBP,16,16,0,0.0
route,PHX->SDF,2,2,0,0.0
route,PHX->SEA,48,48,0,0.0
route,PHX->SFO,42,42,0,0.0
route,PHX->SGU,8,8,0,0.0
route,PHX->SJC,36,36,0,0.0
route,PHX->SLC,44,44,0,0.0
route,PHX->SMF,30,30,0,0.0
route,PHX->SNA,34,34,0,0.0
route,PHX->STL,26,26,0,0.0
route,PHX->STS,5,5,0,0.0
route,PHX->TPA,8,8,0,0.0
route,PHX->TUL,5,5,0,0.0
route,PHX->TUS,22,22,0,0.0
route,PHX->YUM,17,17,0,0.0
route,PIA->ATL,8,8,0,0.0
route,PIA->AZA,1,1,0,0.0
route,PIA->CLT,6,6,0,0.0
route,PIA->DFW,14,14,0,0.0
route,PIA->LAS,2,2,0,0.0
route,PIA->MSP,2,2,0,0.0
route,PIA->ORD,16,16,0,0.0
route,PIA->PIE,3,3,0,0.0
route,PIB->MEI,6,6,0,0.0
route,PIE->ALB,1,1,0,0.0
route,PIE->AVL,7,7,0,0.0
route,PIE->BGR,2,2,0,0.0
route,PIE->BLV,3,3,0,0.0
route,PIE->BNA,2,2,0,0.0
route,PIE->CHA,2,2,0,0.0
route,PIE->CID,1,1,0,0.0
route,PIE->CVG,3,3,0,0.0
route,PIE->DAY,3,3,0,0.0
route,PIE->DSM,3,3,0,0.0
route,PIE->ELM,4,4,0,0.0
route,PIE->FNT,3,3,0,0.0
route,PIE->FWA,3,3,0,0.0
route,PIE->GRR,5,5,0,0.0
route,PIE->HTS,3,3,0,0.0
route,PIE->IAG,1,1,0,0.0
route,PIE->IND,4,4,0,0.0
route,PIE->LCK,2,2,0,0.0
route,PIE->LEX,1,1,0,0.0
route,PIE->MCI,1,1,0,0.0
route,PIE->MDT,2,2,0,0.0
route,PIE->MKE,1,1,0,0.0
route,PIE->MLI,2,2,0,0.0
route,PIE->OGS,1,1,0,0.0
route,PIE->ORF,1,1,0,0.0
route,PIE->PBG,1,1,0,0.0
route,PIE->PIA,3,3,0,0.0
route,PIE->PIT,1,1,0,0.0
route,PIE->RDU,1,1,0,0.0
route,PIE->RIC,3,3,0,0.0
route,PIE->ROA,2,2,0,0.0
route,PIE->SGF,1,1,0,0.0
route,PIE->SYR,1,1,0,0.0
route,PIE->TOL,1,1,0,0.0
route,PIE->USA,3,3,0,0.0
route,PIH->SLC,9,9,0,0.0
route,PIR->DEN,4,4,0,0.0
route,PIT->ATL,22,22,0,0.0
route,PIT->BNA,6,6,0,0.0
route,PIT->BOS,29,29,0,0.0
route,PIT->BWI,14,14,0,0.0
route,PIT->CLT,26,26,0,0.0
route,PIT->DAL,8,8,0,0.0
route,PIT->DCA,12,12,0,0.0
route,PIT->DEN,14,14,0,0.0
route,PIT->DFW,7,7,0,0.0
route,PIT->DTW,7,7,0,0.0
route,PIT->EWR,13,13,0,0.0
route,PIT->FLL,13,13,0,0.0
route,PIT->HOU,8,8,0,0.0
route,PIT->IAD,14,14,0,0.0
route,PIT->IAH,19,19,0,0.0
route,PIT->JAX,4,4,0,0.0
route,PIT->JFK,13,13,0,0.0
route,PIT->LAS,10,10,0,0.0
route,PIT->LAX,10,10,0,0.0
route,PIT->LGA,32,32,0,0.0
route,PIT->MCO,15,15,0,0.0
route,PIT->MDW,11,11,0,0.0
route,PIT->MIA,9,9,0,0.0
route,PIT->MSP,9,9,0,0.0
route,PIT->ORD,32,32,0,0.0
route,PIT->PBI,2,2,0,0.0
route,PIT->PGD,2,2,0,0.0
route,PIT->PHL,14,14,0,0.0
route,PIT->PHX,6,6,0,0.0
route,PIT->PIE,2,2,0,0.0
route,PIT->RDU,5,5,0,0.0
route,PIT->RSW,8,8,0,0.0
route,PIT->SEA,5,5,0,0.0
route,PIT->SFB,1,1,0,0.0
route,PIT->SFO,9,9,0,0.0
route,PIT->SLC,2,2,0,0.0
route,PIT->SRQ,2,2,0,0.0
route,PIT->STL,4,4,0,0.0
route,PIT->TPA,12,12,0,0.0
route,PLN->APN,1,1,0,0.0
route,PLN->DTW,7,7,0,0.0
route,PNS->ATL,27,27,0,0.0
route,PNS->BNA,17,17,0,0.0
route,PNS->CLT,17,17,0,0.0
route,PNS->DCA,7,7,0,0.0
route,PNS->DFW,20,20,0,0.0
route,PNS->HOU,4,4,0,0.0
route,PNS->IAH,8,8,0,0.0
route,PNS->MIA,7,7,0,0.0
route,PNS->ORD,2,2,0,0.0
route,PNS->PHL,5,5,0,0.0
route,PPG->HNL,2,2,0,0.0
route,PQI->EWR,8,8,0,0.0
route,PRC->DEN,4,4,0,0.0
route,PRC->LAX,7,7,0,0.0
route,PSC->AZA,2,2,0,0.0
route,PSC->DEN,5,5,0,0.0
route,PSC->LAS,1,1,0,0.0
route,PSC->MSP,6,6,0,0.0
route,PSC->SEA,32,32,0,0.0
route,PSC->SFO,2,2,0,0.0
route,PSC->SLC,11,11,0,0.0
route,PSE->JFK,3,3,0,0.0
route,PSE->MCO,3,3,0,0.0
route,PSG->JNU,4,4,0,0.0
route,PSG->WRG,3,3,0,0.0
route,PSM->MCO,1,1,0,0.0
route,PSM->PGD,4,4,0,0.0
route,PSM->SFB,1,1,0,0.0
route,PSP->ATL,1,1,0,0.0
route,PSP->DEN,11,11,0,0.0
route,PSP->DFW,7,7,0,0.0
route,PSP->EWR,3,3,0,0.0
route,PSP->IAH,4,4,0,0.0
route,PSP->JFK,2,2,0,0.0
route,PSP->LAX,2,2,0,0.0
route,PSP->MSP,2,2,0,0.0
route,PSP->ORD,12,12,0,0.0
route,PSP->PAE,4,4,0,0.0
route,PSP->PDX,4,4,0,0.0
route,PSP->PHX,16,16,0,0.0
route,PSP->SEA,14,14,0,0.0
route,PSP->SFO,28,28,0,0.0
route,PSP->SLC,12,12,0,0.0
route,PUB->DEN,9,9,0,0.0
route,PUB->LBL,1,1,0,0.0
route,PUW->SEA,14,14,0,0.0
route,PVD->ATL,5,5,0,0.0
route,PVD->BWI,21,21,0,0.0
route,PVD->CLT,22,22,0,0.0
route,PVD->DCA,30,30,0,0.0
route,PVD->DTW,7,7,0,0.0
route,PVD->EWR,7,7,0,0.0
route,PVD->FLL,7,7,0,0.0
route,PVD->IAD,9,9,0,0.0
route,PVD->MCO,17,17,0,0.0
route,PVD->MDW,7,7,0,0.0
route,PVD->MIA,1,1,0,0.0
route,PVD->ORD,8,8,0,0.0
route,PVD->PBI,4,4,0,0.0
route,PVD->PGD,2,2,0,0.0
route,PVD->PHL,17,17,0,0.0
route,PVD->TPA,13,13,0,0.0
route,PVU->AZA,4,4,0,0.0
route,PVU->LAX,1,1,0,0.0
route,PVU->TUS,1,1,0,0.0
route,PWM->ATL,2,2,0,0.0
route,PWM->BWI,9,9,0,0.0
route,PWM->CLT,9,9,0,0.0
route,PWM->DCA,16,16,0,0.0
route,PWM->DTW,11,11,0,0.0
route,PWM->EWR,22,22,0,0.0
route,PWM->IAD,2,2,0,0.0
route,PWM->JFK,12,12,0,0.0
route,PWM->LGA,14,14,0,0.0
route,PWM->MCO,2,2,0,0.0
route,PWM->ORD,12,12,0,0.0
route,PWM->PHL,14,14,0,0.0
route,PWM->RSW,2,2,0,0.0
route,PWM->TPA,2,2,0,0.0
route,RAP->AZA,1,1,0,0.0
route,RAP->DEN,12,12,0,0.0
route,RAP->DFW,3,3,0,0.0
route,RAP->MSP,10,10,0,0.0
route,RAP->ORD,8,8,0,0.0
route,RAP->PHX,1,1,0,0.0
route,RAP->SLC,5,5,0,0.0
route,RDD->LAX,4,4,0,0.0
route,RDD->SFO,10,10,0,0.0
route,RDM->AZA,1,1,0,0.0
route,RDM->DEN,8,8,0,0.0
route,RDM->LAX,6,6,0,0.0
route,RDM->PDX,11,11,0,0.0
route,RDM->PHX,5,5,0,0.0
route,RDM->SEA,21,21,0,0.0
route,RDM->SFO,10,10,0,0.0
route,RDM->SLC,9,9,0,0.0
route,RDU->ATL,39,39,0,0.0
route,RDU->AUS,3,3,0,0.0
route,RDU->BDL,2,2,0,0.0
route,RDU->BNA,15,15,0,0.0
route,RDU->BOS,40,40,0,0.0
route,RDU->BWI,19,19,0,0.0
route,RDU->CLE,3,3,0,0.0
route,RDU->CLT,33,33,0,0.0
route,RDU->CMH,6,6,0,0.0
route,RDU->CVG,4,4,0,0.0
route,RDU->DAL,9,9,0,0.0
route,RDU->DCA,23,23,0,0.0
route,RDU->DEN,17,17,0,0.0
route,RDU->DFW,11,11,0,0.0
route,RDU->DTW,12,12,0,0.0
route,RDU->EWR,31,31,0,0.0
route,RDU->FLL,20,20,0,0.0
route,RDU->HOU,2,2,0,0.0
route,RDU->IAD,16,16,0,0.0
route,RDU->IAH,15,15,0,0.0
route,RDU->JAX,2,2,0,0.0
route,RDU->JFK,28,28,0,0.0
route,RDU->LAS,6,6,0,0.0
route,RDU->LAX,9,9,0,0.0
route,RDU->LGA,43,43,0,0.0
route,RDU->MCI,6,6,0,0.0
route,RDU->MCO,22,22,0,0.0
route,RDU->MDW,5,5,0,0.0
route,RDU->MIA,16,16,0,0.0
route,RDU->MSP,17,17,0,0.0
route,RDU->MSY,6,6,0,0.0
route,RDU->ORD,31,31,0,0.0
route,RDU->PGD,2,2,0,0.0
route,RDU->PHL,27,27,0,0.0
route,RDU->PHX,5,5,0,0.0
route,RDU->PIE,2,2,0,0.0
route,RDU->PIT,7,7,0,0.0
route,RDU->RSW,1,1,0,0.0
route,RDU->SAN,1,1,0,0.0
route,RDU->SAT,2,2,0,0.0
route,RDU->SEA,6,6,0,0.0
route,RDU->SFB,1,1,0,0.0
route,RDU->SFO,10,10,0,0.0
route,RDU->SJU,2,2,0,0.0
route,RDU->STL,13,13,0,0.0
route,RDU->TPA,20,20,0,0.0
route,RDU->TTN,5,5,0,0.0
route,RFD->PGD,3,3,0,0.0
route,RFD->SRQ,1,1,0,0.0
route,RHI->MSP,4,4,0,0.0
route,RIC->ATL,37,37,0,0.0
route,RIC->BNA,2,2,0,0.0
route,RIC->BOS,16,16,0,0.0
route,RIC->CLT,23,23,0,0.0
route,RIC->DEN,3,3,0,0.0
route,RIC->DFW,6,6,0,0.0
route,RIC->DTW,11,11,0,0.0
route,RIC->EWR,14,14,0,0.0
route,RIC->FLL,9,9,0,0.0
route,RIC->IAD,12,12,0,0.0
route,RIC->IAH,3,3,0,0.0
route,RIC->JFK,15,15,0,0.0
route,RIC->LGA,21,21,0,0.0
route,RIC->MCO,6,6,0,0.0
route,RIC->MIA,5,5,0,0.0
route,RIC->MSP,2,2,0,0.0
route,RIC->ORD,27,27,0,0.0
route,RIC->PHL,19,19,0,0.0
route,RIC->SFB,1,1,0,0.0
route,RKS->DEN,7,7,0,0.0
route,RNO->ATL,2,2,0,0.0
route,RNO->BOI,1,1,0,0.0
route,RNO->DEN,17,17,0,0.0
route,RNO->DFW,7,7,0,0.0
route,RNO->IAH,3,3,0,0.0
route,RNO->JFK,1,1,0,0.0
route,RNO->LAS,22,22,0,0.0
route,RNO->LAX,35,35,0,0.0
route,RNO->LGB,3,3,0,0.0
route,RNO->OAK,7,7,0,0.0
route,RNO->ORD,1,1,0,0.0
route,RNO->PDX,13,13,0,0.0
route,RNO->PHX,18,18,0,0.0
route,RNO->SAN,9,9,0,0.0
route,RNO->SEA,16,16,0,0.0
route,RNO->SFO,18,18,0,0.0
route,RNO->SJC,9,9,0,0.0
route,RNO->SLC,13,13,0,0.0
route,ROA->ATL,19,19,0,0.0
route,ROA->CLT,21,21,0,0.0
route,ROA->IAD,14,14,0,0.0
route,ROA->LGA,1,1,0,0.0
route,ROA->ORD,9,9,0,0.0
route,ROA->PHL,2,2,0,0.0
route,ROA->PIE,1,1,0,0.0
route,ROA->SFB,3,3,0,0.0
route,ROC->ATL,11,11,0,0.0
route,ROC->BOS,10,10,0,0.0
route,ROC->BWI,12,12,0,0.0
route,ROC->CLT,11,11,0,0.0
route,ROC->DCA,11,11,0,0.0
route,ROC->DTW,17,17,0,0.0
route,ROC->EWR,10,10,0,0.0
route,ROC->IAD,7,7,0,0.0
route,ROC->JFK,24,24,0,0.0
route,ROC->LGA,8,8,0,0.0
route,ROC->MCO,3,3,0,0.0
route,ROC->MSP,4,4,0,0.0
route,ROC->ORD,30,30,0,0.0
route,ROC->PGD,1,1,0,0.0
route,ROC->PHL,11,11,0,0.0
route,ROC->SFB,2,2,0,0.0
route,ROC->TPA,1,1,0,0.0
route,ROW->DFW,10,10,0,0.0
route,ROW->PHX,6,6,0,0.0
route,RST->ATL,3,3,0,0.0
route,RST->MSP,13,13,0,0.0
route,RST->ORD,21,21,0,0.0
route,RSW->ACY,4,4,0,0.0
route,RSW->ALB,3,3,0,0.0
route,RSW->ATL,25,25,0,0.0
route,RSW->BDL,12,12,0,0.0
route,RSW->BNA,1,1,0,0.0
route,RSW->BOS,18,18,0,0.0
route,RSW->BUF,1,1,0,0.0
route,RSW->BWI,13,13,0,0.0
route,RSW->CAK,1,1,0,0.0
route,RSW->CLE,9,9,0,0.0
route,RSW->CLT,10,10,0,0.0
route,RSW->CMH,10,10,0,0.0
route,RSW->CVG,7,7,0,0.0
route,RSW->DAL,1,1,0,0.0
route,RSW->DCA,8,8,0,0.0
route,RSW->DEN,10,10,0,0.0
route,RSW->DFW,13,13,0,0.0
route,RSW->DTW,28,28,0,0.0
route,RSW->EWR,25,25,0,0.0
route,RSW->GRR,1,1,0,0.0
route,RSW->HPN,4,4,0,0.0
route,RSW->IAD,1,1,0,0.0
route,RSW->IAH,12,12,0,0.0
route,RSW->IND,8,8,0,0.0
route,RSW->ISP,2,2,0,0.0
route,RSW->JFK,15,15,0,0.0
route,RSW->LAS,1,1,0,0.0
route,RSW->LBE,1,1,0,0.0
route,RSW->LGA,16,16,0,0.0
route,RSW->MDW,13,13,0,0.0
route,RSW->MKE,6,6,0,0.0
route,RSW->MSP,18,18,0,0.0
route,RSW->OMA,1,1,0,0.0
route,RSW->ORD,37,37,0,0.0
route,RSW->PHL,27,27,0,0.0
route,RSW->PIT,10,10,0,0.0
route,RSW->PWM,2,2,0,0.0
route,RSW->STL,4,4,0,0.0
route,RSW->SYR,1,1,0,0.0
route,SAF->DEN,2,2,0,0.0
route,SAF->DFW,7,7,0,0.0
route,SAF->PHX,2,2,0,0.0
route,SAN->ABQ,10,10,0,0.0
route,SAN->ATL,21,21,0,0.0
route,SAN->AUS,13,13,0,0.0
route,SAN->BLI,2,2,0,0.0
route,SAN->BNA,6,6,0,0.0
route,SAN->BOI,5,5,0,0.0
route,SAN->BOS,11,11,0,0.0
route,SAN->BWI,8,8,0,0.0
route,SAN->CLE,1,1,0,0.0
route,SAN->CLT,10,10,0,0.0
route,SAN->DAL,13,13,0,0.0
route,SAN->DEN,34,34,0,0.0
route,SAN->DFW,23,23,0,0.0
route,SAN->DTW,6,6,0,0.0
route,SAN->ELP,3,3,0,0.0
route,SAN->EWR,12,12,0,0.0
route,SAN->FAT,7,7,0,0.0
route,SAN->FLL,2,2,0,0.0
route,SAN->GEG,3,3,0,0.0
route,SAN->HDN,1,1,0,0.0
route,SAN->HNL,4,4,0,0.0
route,SAN->HOU,8,8,0,0.0
route,SAN->IAD,11,11,0,0.0
route,SAN->IAH,17,17,0,0.0
route,SAN->JFK,25,25,0,0.0
route,SAN->KOA,2,2,0,0.0
route,SAN->LAS,40,40,0,0.0
route,SAN->LAX,54,54,0,0.0
route,SAN->LIH,4,4,0,0.0
route,SAN->MCI,9,9,0,0.0
route,SAN->MCO,7,7,0,0.0
route,SAN->MDW,16,16,0,0.0
route,SAN->MIA,3,3,0,0.0
route,SAN->MKE,1,1,0,0.0
route,SAN->MRY,3,3,0,0.0
route,SAN->MSP,15,15,0,0.0
route,SAN->MSY,3,3,0,0.0
route,SAN->OAK,32,32,0,0.0
route,SAN->OGG,7,7,0,0.0
route,SAN->OMA,4,4,0,0.0
route,SAN->ORD,27,27,0,0.0
route,SAN->PAE,3,3,0,0.0
route,SAN->PDX,18,18,0,0.0
route,SAN->PHL,6,6,0,0.0
route,SAN->PHX,62,62,0,0.0
route,SAN->RNO,12,12,0,0.0
route,SAN->SAT,7,7,0,0.0
route,SAN->SEA,54,54,0,0.0
route,SAN->SFO,78,78,0,0.0
route,SAN->SJC,64,64,0,0.0
route,SAN->SLC,22,22,0,0.0
route,SAN->SMF,62,62,0,0.0
route,SAN->STL,9,9,0,0.0
route,SAN->STS,4,4,0,0.0
route,SAN->TPA,3,3,0,0.0
route,SAN->TUS,3,3,0,0.0
route,SAT->ATL,29,29,0,0.0
route,SAT->BNA,5,5,0,0.0
route,SAT->BWI,12,12,0,0.0
route,SAT->CLT,14,14,0,0.0
route,SAT->CVG,1,1,0,0.0
route,SAT->DAL,28,28,0,0.0
route,SAT->DEN,24,24,0,0.0
route,SAT->DFW,36,36,0,0.0
route,SAT->DTW,10,10,0,0.0
route,SAT->ELP,9,9,0,0.0
route,SAT->EWR,9,9,0,0.0
route,SAT->FLL,6,6,0,0.0
route,SAT->HOU,18,18,0,0.0
route,SAT->IAD,7,7,0,0.0
route,SAT->IAH,23,23,0,0.0
route,SAT->JFK,3,3,0,0.0
route,SAT->LAS,12,12,0,0.0
route,SAT->LAX,33,33,0,0.0
route,SAT->MCI,1,1,0,0.0
route,SAT->MCO,7,7,0,0.0
route,SAT->MDW,4,4,0,0.0
route,SAT->MIA,3,3,0,0.0
route,SAT->MSP,12,12,0,0.0
route,SAT->MSY,7,7,0,0.0
route,SAT->OAK,2,2,0,0.0
route,SAT->ONT,2,2,0,0.0
route,SAT->ORD,23,23,0,0.0
route,SAT->PHX,31,31,0,0.0
route,SAT->RDU,1,1,0,0.0
route,SAT->SAN,10,10,0,0.0
route,SAT->SEA,4,4,0,0.0
route,SAT->SFO,5,5,0,0.0
route,SAT->SLC,11,11,0,0.0
route,SAT->STL,5,5,0,0.0
route,SAT->TPA,7,7,0,0.0
route,SAV->ATL,22,22,0,0.0
route,SAV->BOS,8,8,0,0.0
route,SAV->CLT,21,21,0,0.0
route,SAV->DCA,5,5,0,0.0
route,SAV->DEN,1,1,0,0.0
route,SAV->DFW,7,7,0,0.0
route,SAV->DTW,3,3,0,0.0
route,SAV->EWR,8,8,0,0.0
route,SAV->IAD,13,13,0,0.0
route,SAV->IAH,7,7,0,0.0
route,SAV->JFK,13,13,0,0.0
route,SAV->LCK,1,1,0,0.0
route,SAV->LGA,9,9,0,0.0
route,SAV->MIA,4,4,0,0.0
route,SAV->ORD,18,18,0,0.0
route,SAV->PHL,11,11,0,0.0
route,SAV->PIT,1,1,0,0.0
route,SBA->DEN,19,19,0,0.0
route,SBA->DFW,2,2,0,0.0
route,SBA->LAX,12,12,0,0.0
route,SBA->PDX,5,5,0,0.0
route,SBA->PHX,19,19,0,0.0
route,SBA->SEA,4,4,0,0.0
route,SBA->SFO,17,17,0,0.0
route,SBA->SLC,4,4,0,0.0
route,SBN->ATL,17,17,0,0.0
route,SBN->AZA,1,1,0,0.0
route,SBN->CLT,10,10,0,0.0
route,SBN->DFW,3,3,0,0.0
route,SBN->DTW,7,7,0,0.0
route,SBN->EWR,2,2,0,0.0
route,SBN->MSP,4,4,0,0.0
route,SBN->ORD,9,9,0,0.0
route,SBN->PIE,1,1,0,0.0
route,SBN->SRQ,1,1,0,0.0
route,SBP->DEN,12,12,0,0.0
route,SBP->DFW,2,2,0,0.0
route,SBP->LAX,14,14,0,0.0
route,SBP->PHX,12,12,0,0.0
route,SBP->SEA,5,5,0,0.0
route,SBP->SFO,15,15,0,0.0
route,SBY->CLT,6,6,0,0.0
route,SBY->PHL,17,17,0,0.0
route,SCC->ANC,1,1,0,0.0
route,SCC->BRW,11,11,0,0.0
route,SCE->DTW,9,9,0,0.0
route,SCE->IAD,10,10,0,0.0
route,SCE->ORD,12,12,0,0.0
route,SCE->PHL,20,20,0,0.0
route,SCK->AZA,3,3,0,0.0
route,SCK->LAS,9,9,0,0.0
route,SCK->LAX,1,1,0,0.0
route,SDF->ATL,29,29,0,0.0
route,SDF->BWI,7,7,0,0.0
route,SDF->CLT,22,22,0,0.0
route,SDF->DAL,2,2,0,0.0
route,SDF->DCA,10,10,0,0.0
route,SDF->DEN,6,6,0,0.0
route,SDF->DFW,22,22,0,0.0
route,SDF->DTW,21,21,0,0.0
route,SDF->EWR,10,10,0,0.0
route,SDF->HOU,5,5,0,0.0
route,SDF->IAD,12,12,0,0.0
route,SDF->IAH,14,14,0,0.0
route,SDF->LAS,4,4,0,0.0
route,SDF->LAX,5,5,0,0.0
route,SDF->LGA,8,8,0,0.0
route,SDF->MCO,5,5,0,0.0
route,SDF->MDW,10,10,0,0.0
route,SDF->MIA,3,3,0,0.0
route,SDF->MSP,8,8,0,0.0
route,SDF->ORD,35,35,0,0.0
route,SDF->PGD,2,2,0,0.0
route,SDF->PHL,8,8,0,0.0
route,SDF->PHX,3,3,0,0.0
route,SDF->SRQ,1,1,0,0.0
route,SDF->TPA,5,5,0,0.0
route,SEA->ABQ,6,6,0,0.0
route,SEA->ALW,9,9,0,0.0
route,SEA->ANC,53,53,0,0.0
route,SEA->ATL,35,35,0,0.0
route,SEA->AUS,6,6,0,0.0
route,SEA->BIL,12,12,0,0.0
route,SEA->BLI,8,8,0,0.0
route,SEA->BNA,6,6,0,0.0
route,SEA->BOI,44,44,0,0.0
route,SEA->BOS,13,13,0,0.0
route,SEA->BUR,13,13,0,0.0
route,SEA->BWI,7,7,0,0.0
route,SEA->BZN,10,10,0,0.0
route,SEA->CHS,1,1,0,0.0
route,SEA->CLT,14,14,0,0.0
route,SEA->DAL,13,13,0,0.0
route,SEA->DCA,9,9,0,0.0
route,SEA->DEN,57,57,0,0.0
route,SEA->DFW,37,37,0,0.0
route,SEA->DTW,18,18,0,0.0
route,SEA->EAT,10,10,0,0.0
route,SEA->ELP,1,1,0,0.0
route,SEA->EUG,23,23,0,0.0
route,SEA->EWR,16,16,0,0.0
route,SEA->FAI,15,15,0,0.0
route,SEA->FAT,5,5,0,0.0
route,SEA->FCA,8,8,0,0.0
route,SEA->FLL,6,6,0,0.0
route,SEA->GEG,64,64,0,0.0
route,SEA->GTF,6,6,0,0.0
route,SEA->HDN,2,2,0,0.0
route,SEA->HNL,16,16,0,0.0
route,SEA->IAD,12,12,0,0.0
route,SEA->IAH,13,13,0,0.0
route,SEA->ICT,1,1,0,0.0
route,SEA->IND,7,7,0,0.0
route,SEA->JAC,1,1,0,0.0
route,SEA->JFK,32,32,0,0.0
route,SEA->JNU,6,6,0,0.0
route,SEA->KOA,10,10,0,0.0
route,SEA->KTN,11,11,0,0.0
route,SEA->LAS,61,61,0,0.0
route,SEA->LAX,92,92,0,0.0
route,SEA->LGB,3,3,0,0.0
route,SEA->LIH,18,18,0,0.0
route,SEA->MCI,13,13,0,0.0
route,SEA->MCO,9,9,0,0.0
route,SEA->MDW,6,6,0,0.0
route,SEA->MFR,20,20,0,0.0
route,SEA->MIA,1,1,0,0.0
route,SEA->MKE,7,7,0,0.0
route,SEA->MSO,10,10,0,0.0
route,SEA->MSP,28,28,0,0.0
route,SEA->MSY,7,7,0,0.0
route,SEA->OAK,26,26,0,0.0
route,SEA->OGG,13,13,0,0.0
route,SEA->OKC,3,3,0,0.0
route,SEA->OMA,1,1,0,0.0
route,SEA->ONT,6,6,0,0.0
route,SEA->ORD,49,49,0,0.0
route,SEA->PDX,103,103,0,0.0
route,SEA->PHL,9,9,0,0.0
route,SEA->PHX,63,63,0,0.0
route,SEA->PIT,4,4,0,0.0
route,SEA->PSC,25,25,0,0.0
route,SEA->PSP,19,19,0,0.0
route,SEA->PUW,13,13,0,0.0
route,SEA->RDM,21,21,0,0.0
route,SEA->RDU,5,5,0,0.0
route,SEA->RNO,15,15,0,0.0
route,SEA->SAN,45,45,0,0.0
route,SEA->SAT,9,9,0,0.0
route,SEA->SBA,3,3,0,0.0
route,SEA->SBP,3,3,0,0.0
route,SEA->SFO,66,66,0,0.0
route,SEA->SJC,57,57,0,0.0
route,SEA->SLC,32,32,0,0.0
route,SEA->SMF,43,43,0,0.0
route,SEA->SNA,34,34,0,0.0
route,SEA->STL,11,11,0,0.0
route,SEA->STS,5,5,0,0.0
route,SEA->SUN,5,5,0,0.0
route,SEA->TPA,6,6,0,0.0
route,SEA->TUS,7,7,0,0.0
route,SEA->YKM,5,5,0,0.0
route,SFB->ALB,1,1,0,0.0
route,SFB->ATW,2,2,0,0.0
route,SFB->AVL,6,6,0,0.0
route,SFB->BGR,3,3,0,0.0
route,SFB->BLV,2,2,0,0.0
route,SFB->BMI,2,2,0,0.0
route,SFB->BNA,1,1,0,0.0
route,SFB->CHA,2,2,0,0.0
route,SFB->CVG,3,3,0,0.0
route,SFB->DSM,2,2,0,0.0
route,SFB->ELM,3,3,0,0.0
route,SFB->FNT,1,1,0,0.0
route,SFB->FWA,2,2,0,0.0
route,SFB->GPT,1,1,0,0.0
route,SFB->GRR,7,7,0,0.0
route,SFB->HTS,1,1,0,0.0
route,SFB->IND,3,3,0,0.0
route,SFB->LEX,1,1,0,0.0
route,SFB->MDT,4,4,0,0.0
route,SFB->MEM,1,1,0,0.0
route,SFB->MFE,1,1,0,0.0
route,SFB->MKE,1,1,0,0.0
route,SFB->MLI,1,1,0,0.0
route,SFB->OMA,2,2,0,0.0
route,SFB->ORF,1,1,0,0.0
route,SFB->OWB,2,2,0,0.0
route,SFB->PBG,2,2,0,0.0
route,SFB->PIA,3,3,0,0.0
route,SFB->PIT,1,1,0,0.0
route,SFB->PSM,1,1,0,0.0
route,SFB->RDU,4,4,0,0.0
route,SFB->RFD,1,1,0,0.0
route,SFB->RIC,2,2,0,0.0
route,SFB->ROA,1,1,0,0.0
route,SFB->ROC,1,1,0,0.0
route,SFB->SBN,1,1,0,0.0
route,SFB->SDF,1,1,0,0.0
route,SFB->SGF,2,2,0,0.0
route,SFB->SYR,1,1,0,0.0
route,SFB->TOL,2,2,0,0.0
route,SFB->TYS,3,3,0,0.0
route,SFB->USA,1,1,0,0.0
route,SFO->ABQ,8,8,0,0.0
route,SFO->ACV,11,11,0,0.0
route,SFO->ASE,4,4,0,0.0
route,SFO->ATL,33,33,0,0.0
route,SFO->AUS,19,19,0,0.0
route,SFO->BFL,3,3,0,0.0
route,SFO->BNA,8,8,0,0.0
route,SFO->BOI,18,18,0,0.0
route,SFO->BOS,40,40,0,0.0
route,SFO->BUR,26,26,0,0.0
route,SFO->BWI,9,9,0,0.0
route,SFO->BZN,3,3,0,0.0
route,SFO->CLE,10,10,0,0.0
route,SFO->CLT,11,11,0,0.0
route,SFO->CMH,1,1,0,0.0
route,SFO->CVG,7,7,0,0.0
route,SFO->DAL,10,10,0,0.0
route,SFO->DCA,5,5,0,0.0
route,SFO->DEN,51,51,0,0.0
route,SFO->DFW,39,39,0,0.0
route,SFO->DTW,13,13,0,0.0
route,SFO->EGE,2,2,0,0.0
route,SFO->EUG,17,17,0,0.0
route,SFO->EWR,50,50,0,0.0
route,SFO->FAT,14,14,0,0.0
route,SFO->FLL,17,17,0,0.0
route,SFO->GEG,10,10,0,0.0
route,SFO->HDN,1,1,0,0.0
route,SFO->HNL,29,29,0,0.0
route,SFO->IAD,31,31,0,0.0
route,SFO->IAH,32,32,0,0.0
route,SFO->IND,6,6,0,0.0
route,SFO->JAC,2,2,0,0.0
route,SFO->JFK,68,68,0,0.0
route,SFO->KOA,14,14,0,0.0
route,SFO->LAS,79,79,0,0.0
route,SFO->LAX,154,154,0,0.0
route,SFO->LGB,7,7,0,0.0
route,SFO->LIH,4,4,0,0.0
route,SFO->MCI,13,13,0,0.0
route,SFO->MCO,8,8,0,0.0
route,SFO->MDW,6,6,0,0.0
route,SFO->MFR,9,9,0,0.0
route,SFO->MIA,16,16,0,0.0
route,SFO->MMH,3,3,0,0.0
route,SFO->MRY,6,6,0,0.0
route,SFO->MSN,4,4,0,0.0
route,SFO->MSP,18,18,0,0.0
route,SFO->MSY,2,2,0,0.0
route,SFO->OGG,23,23,0,0.0
route,SFO->OKC,3,3,0,0.0
route,SFO->OMA,5,5,0,0.0
route,SFO->ONT,16,16,0,0.0
route,SFO->ORD,73,73,0,0.0
route,SFO->OTH,2,2,0,0.0
route,SFO->PAE,11,11,0,0.0
route,SFO->PDX,31,31,0,0.0
route,SFO->PHL,16,16,0,0.0
route,SFO->PHX,37,37,0,0.0
route,SFO->PIT,7,7,0,0.0
route,SFO->PSC,3,3,0,0.0
route,SFO->PSP,30,30,0,0.0
route,SFO->RDD,12,12,0,0.0
route,SFO->RDM,12,12,0,0.0
route,SFO->RDU,5,5,0,0.0
route,SFO->RNO,21,21,0,0.0
route,SFO->SAN,80,80,0,0.0
route,SFO->SAT,2,2,0,0.0
route,SFO->SBA,18,18,0,0.0
route,SFO->SBP,14,14,0,0.0
route,SFO->SEA,90,90,0,0.0
route,SFO->SLC,40,40,0,0.0
route,SFO->SMF,16,16,0,0.0
route,SFO->SNA,28,28,0,0.0
route,SFO->STL,11,11,0,0.0
route,SFO->STS,2,2,0,0.0
route,SFO->TPA,3,3,0,0.0
route,SFO->TUS,10,10,0,0.0
route,SFO->XNA,5,5,0,0.0
route,SGF->ATL,17,17,0,0.0
route,SGF->AZA,3,3,0,0.0
route,SGF->CLT,10,10,0,0.0
route,SGF->DEN,12,12,0,0.0
route,SGF->DFW,24,24,0,0.0
route,SGF->IAH,5,5,0,0.0
route,SGF->ORD,26,26,0,0.0
route,SGF->PIE,1,1,0,0.0
route,SGF->SFB,1,1,0,0.0
route,SGU->DEN,6,6,0,0.0
route,SGU->DFW,3,3,0,0.0
route,SGU->LAX,6,6,0,0.0
route,SGU->PHX,11,11,0,0.0
route,SGU->SLC,13,13,0,0.0
route,SHD->IAD,5,5,0,0.0
route,SHD->ORD,3,3,0,0.0
route,SHV->ATL,18,18,0,0.0
route,SHV->CLT,5,5,0,0.0
route,SHV->DEN,4,4,0,0.0
route,SHV->DFW,22,22,0,0.0
route,SHV->IAH,14,14,0,0.0
route,SHV->LAS,1,1,0,0.0
route,SIT->JNU,2,2,0,0.0
route,SIT->KTN,3,3,0,0.0
route,SJC->ABQ,2,2,0,0.0
route,SJC->ATL,7,7,0,0.0
route,SJC->AUS,10,10,0,0.0
route,SJC->BNA,1,1,0,0.0
route,SJC->BOI,4,4,0,0.0
route,SJC->BOS,1,1,0,0.0
route,SJC->BUR,31,31,0,0.0
route,SJC->BWI,5,5,0,0.0
route,SJC->DAL,9,9,0,0.0
route,SJC->DEN,23,23,0,0.0
route,SJC->DFW,11,11,0,0.0
route,SJC->EWR,3,3,0,0.0
route,SJC->GEG,3,3,0,0.0
route,SJC->HNL,7,7,0,0.0
route,SJC->HOU,2,2,0,0.0
route,SJC->IAH,7,7,0,0.0
route,SJC->JFK,7,7,0,0.0
route,SJC->KOA,4,4,0,0.0
route,SJC->LAS,32,32,0,0.0
route,SJC->LAX,71,71,0,0.0
route,SJC->LGB,13,13,0,0.0
route,SJC->LIH,2,2,0,0.0
route,SJC->MDW,4,4,0,0.0
route,SJC->MSP,5,5,0,0.0
route,SJC->OGG,13,13,0,0.0
route,SJC->ONT,16,16,0,0.0
route,SJC->ORD,14,14,0,0.0
route,SJC->PAE,4,4,0,0.0
route,SJC->PDX,39,39,0,0.0
route,SJC->PHX,29,29,0,0.0
route,SJC->RNO,10,10,0,0.0
route,SJC->SAN,54,54,0,0.0
route,SJC->SEA,52,52,0,0.0
route,SJC->SLC,19,19,0,0.0
route,SJC->SNA,44,44,0,0.0
route,SJC->TUS,3,3,0,0.0
route,SJT->DFW,12,12,0,0.0
route,SJU->ATL,13,13,0,0.0
route,SJU->BDL,8,8,0,0.0
route,SJU->BOS,13,13,0,0.0
route,SJU->BWI,6,6,0,0.0
route,SJU->CLT,3,3,0,0.0
route,SJU->CVG,1,1,0,0.0
route,SJU->DCA,5,5,0,0.0
route,SJU->DFW,1,1,0,0.0
route,SJU->EWR,17,17,0,0.0
route,SJU->FLL,31,31,0,0.0
route,SJU->HOU,3,3,0,0.0
route,SJU->IAH,1,1,0,0.0
route,SJU->JFK,43,43,0,0.0
route,SJU->MCO,56,56,0,0.0
route,SJU->MDW,4,4,0,0.0
route,SJU->MIA,13,13,0,0.0
route,SJU->ORD,7,7,0,0.0
route,SJU->PHL,7,7,0,0.0
route,SJU->PIT,1,1,0,0.0
route,SJU->RDU,2,2,0,0.0
route,SJU->SFB,2,2,0,0.0
route,SJU->STT,3,3,0,0.0
route,SJU->STX,2,2,0,0.0
route,SJU->TPA,22,22,0,0.0
route,SLC->ABQ,8,8,0,0.0
route,SLC->ASE,8,8,0,0.0
route,SLC->ATL,27,27,0,0.0
route,SLC->AUS,11,11,0,0.0
route,SLC->BIL,16,16,0,0.0
route,SLC->BNA,3,3,0,0.0
route,SLC->BOI,20,20,0,0.0
route,SLC->BOS,7,7,0,0.0
route,SLC->BTM,5,5,0,0.0
route,SLC->BUR,18,18,0,0.0
route,SLC->BWI,4,4,0,0.0
route,SLC->BZN,11,11,0,0.0
route,SLC->CDC,5,5,0,0.0
route,SLC->CLE,4,4,0,0.0
route,SLC->CLT,2,2,0,0.0
route,SLC->CMH,1,1,0,0.0
route,SLC->COS,10,10,0,0.0
route,SLC->CPR,9,9,0,0.0
route,SLC->CVG,2,2,0,0.0
route,SLC->DAL,4,4,0,0.0
route,SLC->DCA,4,4,0,0.0
route,SLC->DEN,66,66,0,0.0
route,SLC->DFW,36,36,0,0.0
route,SLC->DSM,5,5,0,0.0
route,SLC->DTW,9,9,0,0.0
route,SLC->EKO,6,6,0,0.0
route,SLC->ELP,1,1,0,0.0
route,SLC->EUG,5,5,0,0.0
route,SLC->EWR,6,6,0,0.0
route,SLC->FAT,7,7,0,0.0
route,SLC->FCA,9,9,0,0.0
route,SLC->FLL,8,8,0,0.0
route,SLC->GEG,7,7,0,0.0
route,SLC->GJT,5,5,0,0.0
route,SLC->GTF,6,6,0,0.0
route,SLC->HLN,6,6,0,0.0
route,SLC->HNL,4,4,0,0.0
route,SLC->HOU,2,2,0,0.0
route,SLC->IAD,3,3,0,0.0
route,SLC->IAH,32,32,0,0.0
route,SLC->IDA,12,12,0,0.0
route,SLC->IND,3,3,0,0.0
route,SLC->JAC,9,9,0,0.0
route,SLC->JFK,16,16,0,0.0
route,SLC->LAS,37,37,0,0.0
route,SLC->LAX,56,56,0,0.0
route,SLC->LGB,17,17,0,0.0
route,SLC->LWS,8,8,0,0.0
route,SLC->MCI,7,7,0,0.0
route,SLC->MCO,18,18,0,0.0
route,SLC->MDW,8,8,0,0.0
route,SLC->MFR,5,5,0,0.0
route,SLC->MKE,4,4,0,0.0
route,SLC->MSN,3,3,0,0.0
route,SLC->MSO,9,9,0,0.0
route,SLC->MSP,17,17,0,0.0
route,SLC->MSY,4,4,0,0.0
route,SLC->MTJ,1,1,0,0.0
route,SLC->OAK,26,26,0,0.0
route,SLC->OGG,1,1,0,0.0
route,SLC->OKC,6,6,0,0.0
route,SLC->OMA,6,6,0,0.0
route,SLC->ONT,7,7,0,0.0
route,SLC->ORD,30,30,0,0.0
route,SLC->PDX,21,21,0,0.0
route,SLC->PHL,2,2,0,0.0
route,SLC->PHX,41,41,0,0.0
route,SLC->PIH,11,11,0,0.0
route,SLC->PIT,3,3,0,0.0
route,SLC->PSC,8,8,0,0.0
route,SLC->PSP,7,7,0,0.0
route,SLC->RAP,2,2,0,0.0
route,SLC->RDM,6,6,0,0.0
route,SLC->RDU,3,3,0,0.0
route,SLC->RNO,19,19,0,0.0
route,SLC->SAN,20,20,0,0.0
route,SLC->SAT,6,6,0,0.0
route,SLC->SBA,5,5,0,0.0
route,SLC->SEA,41,41,0,0.0
route,SLC->SFO,43,43,0,0.0
route,SLC->SGU,13,13,0,0.0
route,SLC->SJC,21,21,0,0.0
route,SLC->SMF,16,16,0,0.0
route,SLC->SNA,13,13,0,0.0
route,SLC->STL,9,9,0,0.0
route,SLC->SUN,1,1,0,0.0
route,SLC->TPA,3,3,0,0.0
route,SLC->TUL,7,7,0,0.0
route,SLC->TUS,9,9,0,0.0
route,SLC->TWF,12,12,0,0.0
route,SLN->HYS,8,8,0,0.0
route,SLN->ORD,3,3,0,0.0
route,SMF->ATL,11,11,0,0.0
route,SMF->AUS,4,4,0,0.0
route,SMF->BOI,10,10,0,0.0
route,SMF->BOS,1,1,0,0.0
route,SMF->BUR,24,24,0,0.0
route,SMF->BWI,3,3,0,0.0
route,SMF->CLT,3,3,0,0.0
route,SMF->DAL,4,4,0,0.0
route,SMF->DEN,30,30,0,0.0
route,SMF->DFW,10,10,0,0.0
route,SMF->DTW,2,2,0,0.0
route,SMF->EWR,2,2,0,0.0
route,SMF->GEG,1,1,0,0.0
route,SMF->HNL,5,5,0,0.0
route,SMF->IAD,3,3,0,0.0
route,SMF->IAH,3,3,0,0.0
route,SMF->JFK,1,1,0,0.0
route,SMF->KOA,1,1,0,0.0
route,SMF->LAS,20,20,0,0.0
route,SMF->LAX,71,71,0,0.0
route,SMF->LGB,23,23,0,0.0
route,SMF->MCO,3,3,0,0.0
route,SMF->MDW,5,5,0,0.0
route,SMF->MSP,6,6,0,0.0
route,SMF->MSY,3,3,0,0.0
route,SMF->OGG,3,3,0,0.0
route,SMF->ONT,29,29,0,0.0
route,SMF->ORD,7,7,0,0.0
route,SMF->PDX,23,23,0,0.0
route,SMF->PHX,34,34,0,0.0
route,SMF->SAN,49,49,0,0.0
route,SMF->SEA,36,36,0,0.0
route,SMF->SFO,10,10,0,0.0
route,SMF->SLC,21,21,0,0.0
route,SMF->SNA,14,14,0,0.0
route,SMF->STL,4,4,0,0.0
route,SNA->ABQ,1,1,0,0.0
route,SNA->ATL,10,10,0,0.0
route,SNA->AUS,1,1,0,0.0
route,SNA->DAL,3,3,0,0.0
route,SNA->DEN,35,35,0,0.0
route,SNA->DFW,19,19,0,0.0
route,SNA->DTW,3,3,0,0.0
route,SNA->EWR,12,12,0,0.0
route,SNA->HOU,2,2,0,0.0
route,SNA->IAH,8,8,0,0.0
route,SNA->JFK,3,3,0,0.0
route,SNA->LAS,24,24,0,0.0
route,SNA->MSP,13,13,0,0.0
route,SNA->OAK,20,20,0,0.0
route,SNA->ORD,15,15,0,0.0
route,SNA->PAE,2,2,0,0.0
route,SNA->PDX,5,5,0,0.0
route,SNA->PHX,31,31,0,0.0
route,SNA->SAT,2,2,0,0.0
route,SNA->SEA,54,54,0,0.0
route,SNA->SFO,32,32,0,0.0
route,SNA->SJC,38,38,0,0.0
route,SNA->SLC,10,10,0,0.0
route,SNA->SMF,25,25,0,0.0
route,SNA->STS,5,5,0,0.0
route,SPI->DFW,4,4,0,0.0
route,SPI->ORD,9,9,0,0.0
route,SPI->PGD,1,1,0,0.0
route,SPN->GUM,2,2,0,0.0
route,SPS->DFW,7,7,0,0.0
route,SRQ->ATL,9,9,0,0.0
route,SRQ->AVL,1,1,0,0.0
route,SRQ->BLV,1,1,0,0.0
route,SRQ->BNA,1,1,0,0.0
route,SRQ->BOS,6,6,0,0.0
route,SRQ->CLE,1,1,0,0.0
route,SRQ->CLT,11,11,0,0.0
route,SRQ->CVG,1,1,0,0.0
route,SRQ->DCA,4,4,0,0.0
route,SRQ->DFW,2,2,0,0.0
route,SRQ->DSM,1,1,0,0.0
route,SRQ->EWR,13,13,0,0.0
route,SRQ->FNT,1,1,0,0.0
route,SRQ->IAD,2,2,0,0.0
route,SRQ->IND,3,3,0,0.0
route,SRQ->LCK,2,2,0,0.0
route,SRQ->LGA,8,8,0,0.0
route,SRQ->ORD,5,5,0,0.0
route,SRQ->PHL,1,1,0,0.0
route,SRQ->SBN,1,1,0,0.0
route,SRQ->SYR,1,1,0,0.0
route,SRQ->TTN,1,1,0,0.0
route,STL->ATL,26,26,0,0.0
route,STL->AUS,8,8,0,0.0
route,STL->BDL,4,4,0,0.0
route,STL->BNA,6,6,0,0.0
route,STL->BOS,13,13,0,0.0
route,STL->BWI,17,17,0,0.0
route,STL->CLE,5,5,0,0.0
route,STL->CLT,18,18,0,0.0
route,STL->CMH,8,8,0,0.0
route,STL->CVG,6,6,0,0.0
route,STL->DAL,19,19,0,0.0
route,STL->DCA,18,18,0,0.0
route,STL->DEN,42,42,0,0.0
route,STL->DFW,16,16,0,0.0
route,STL->DSM,7,7,0,0.0
route,STL->DTW,22,22,0,0.0
route,STL->EWR,13,13,0,0.0
route,STL->FLL,8,8,0,0.0
route,STL->HOU,10,10,0,0.0
route,STL->IAD,10,10,0,0.0
route,STL->IAH,21,21,0,0.0
route,STL->ICT,6,6,0,0.0
route,STL->JAX,1,1,0,0.0
route,STL->LAS,11,11,0,0.0
route,STL->LAX,14,14,0,0.0
route,STL->LGA,37,37,0,0.0
route,STL->LIT,4,4,0,0.0
route,STL->MCI,10,10,0,0.0
route,STL->MCO,16,16,0,0.0
route,STL->MDW,24,24,0,0.0
route,STL->MIA,6,6,0,0.0
route,STL->MKE,3,3,0,0.0
route,STL->MSP,21,21,0,0.0
route,STL->MSY,10,10,0,0.0
route,STL->OAK,3,3,0,0.0
route,STL->OKC,7,7,0,0.0
route,STL->OMA,11,11,0,0.0
route,STL->ORD,42,42,0,0.0
route,STL->PDX,3,3,0,0.0
route,STL->PHL,23,23,0,0.0
route,STL->PHX,12,12,0,0.0
route,STL->PIT,3,3,0,0.0
route,STL->RDU,5,5,0,0.0
route,STL->RSW,6,6,0,0.0
route,STL->SAN,5,5,0,0.0
route,STL->SAT,7,7,0,0.0
route,STL->SEA,9,9,0,0.0
route,STL->SFO,8,8,0,0.0
route,STL->SJC,6,6,0,0.0
route,STL->SLC,5,5,0,0.0
route,STL->SMF,4,4,0,0.0
route,STL->TPA,12,12,0,0.0
route,STL->TUL,5,5,0,0.0
route,STS->DEN,1,1,0,0.0
route,STS->DFW,2,2,0,0.0
route,STS->LAX,10,10,0,0.0
route,STS->PDX,3,3,0,0.0
route,STS->PHX,3,3,0,0.0
route,STS->SAN,2,2,0,0.0
route,STS->SEA,2,2,0,0.0
route,STS->SFO,1,1,0,0.0
route,STS->SNA,8,8,0,0.0
route,STT->ATL,2,2,0,0.0
route,STT->CLT,1,1,0,0.0
route,STT->FLL,5,5,0,0.0
route,STT->IAD,2,2,0,0.0
route,STT->JFK,4,4,0,0.0
route,STT->MIA,9,9,0,0.0
route,STT->SJU,7,7,0,0.0
route,STX->ATL,1,1,0,0.0
route,STX->FLL,1,1,0,0.0
route,STX->MIA,4,4,0,0.0
route,STX->SJU,4,4,0,0.0
route,SUN->ORD,1,1,0,0.0
route,SUN->SEA,5,5,0,0.0
route,SUN->SFO,3,3,0,0.0
route,SUN->SLC,10,10,0,0.0
route,SUX->DFW,7,7,0,0.0
route,SUX->ORD,10,10,0,0.0
route,SWF->DTW,5,5,0,0.0
route,SWF->FLL,5,5,0,0.0
route,SWF->MCO,3,3,0,0.0
route,SWF->PHL,10,10,0,0.0
route,SWF->SFB,2,2,0,0.0
route,SWO->DFW,9,9,0,0.0
route,SYR->ATL,7,7,0,0.0
route,SYR->BOS,6,6,0,0.0
route,SYR->CLT,15,15,0,0.0
route,SYR->DCA,14,14,0,0.0
route,SYR->DEN,1,1,0,0.0
route,SYR->DTW,9,9,0,0.0
route,SYR->EWR,11,11,0,0.0
route,SYR->FLL,1,1,0,0.0
route,SYR->IAD,3,3,0,0.0
route,SYR->JFK,14,14,0,0.0
route,SYR->LGA,11,11,0,0.0
route,SYR->MCO,5,5,0,0.0
route,SYR->MSP,3,3,0,0.0
route,SYR->ORD,40,40,0,0.0
route,SYR->PGD,3,3,0,0.0
route,SYR->PHL,16,16,0,0.0
route,SYR->RSW,1,1,0,0.0
route,SYR->SFB,2,2,0,0.0
route,SYR->TPA,3,3,0,0.0
route,TLH->ATL,17,17,0,0.0
route,TLH->CLT,12,12,0,0.0
route,TLH->DCA,2,2,0,0.0
route,TLH->DFW,3,3,0,0.0
route,TLH->MIA,9,9,0,0.0
route,TOL->CLT,4,4,0,0.0
route,TOL->ORD,10,10,0,0.0
route,TOL->PGD,1,1,0,0.0
route,TOL->SFB,2,2,0,0.0
route,TPA->ACY,3,3,0,0.0
route,TPA->ALB,3,3,0,0.0
route,TPA->ATL,62,62,0,0.0
route,TPA->AUS,5,5,0,0.0
route,TPA->AVL,1,1,0,0.0
route,TPA->BDL,11,11,0,0.0
route,TPA->BHM,10,10,0,0.0
route,TPA->BNA,11,11,0,0.0
route,TPA->BOS,29,29,0,0.0
route,TPA->BUF,5,5,0,0.0
route,TPA->BWI,28,28,0,0.0
route,TPA->CLE,7,7,0,0.0
route,TPA->CLT,31,31,0,0.0
route,TPA->CMH,14,14,0,0.0
route,TPA->CVG,4,4,0,0.0
route,TPA->DAL,10,10,0,0.0
route,TPA->DCA,18,18,0,0.0
route,TPA->DEN,21,21,0,0.0
route,TPA->DFW,26,26,0,0.0
route,TPA->DTW,29,29,0,0.0
route,TPA->EWR,28,28,0,0.0
route,TPA->FLL,22,22,0,0.0
route,TPA->GRR,3,3,0,0.0
route,TPA->GSP,2,2,0,0.0
route,TPA->HOU,10,10,0,0.0
route,TPA->HPN,5,5,0,0.0
route,TPA->IAD,11,11,0,0.0
route,TPA->IAH,25,25,0,0.0
route,TPA->IND,4,4,0,0.0
route,TPA->ISP,8,8,0,0.0
route,TPA->JFK,22,22,0,0.0
route,TPA->LAS,7,7,0,0.0
route,TPA->LAX,11,11,0,0.0
route,TPA->LGA,33,33,0,0.0
route,TPA->MCI,3,3,0,0.0
route,TPA->MDW,19,19,0,0.0
route,TPA->MEM,8,8,0,0.0
route,TPA->MHT,4,4,0,0.0
route,TPA->MIA,27,27,0,0.0
route,TPA->MKE,9,9,0,0.0
route,TPA->MSP,13,13,0,0.0
route,TPA->MSY,15,15,0,0.0
route,TPA->ORD,27,27,0,0.0
route,TPA->ORF,2,2,0,0.0
route,TPA->PHL,33,33,0,0.0
route,TPA->PHX,10,10,0,0.0
route,TPA->PIT,8,8,0,0.0
route,TPA->PVD,5,5,0,0.0
route,TPA->PWM,3,3,0,0.0
route,TPA->RDU,15,15,0,0.0
route,TPA->SAN,3,3,0,0.0
route,TPA->SAT,3,3,0,0.0
route,TPA->SDF,7,7,0,0.0
route,TPA->SEA,5,5,0,0.0
route,TPA->SFO,5,5,0,0.0
route,TPA->SJU,18,18,0,0.0
route,TPA->SLC,2,2,0,0.0
route,TPA->STL,7,7,0,0.0
route,TPA->TTN,2,2,0,0.0
route,TRI->ATL,20,20,0,0.0
route,TRI->CLT,11,11,0,0.0
route,TRI->DFW,2,2,0,0.0
route,TRI->SFB,3,3,0,0.0
route,TTN->ATL,3,3,0,0.0
route,TTN->CLT,1,1,0,0.0
route,TTN->FLL,4,4,0,0.0
route,TTN->MCO,2,2,0,0.0
route,TTN->PBI,4,4,0,0.0
route,TTN->RDU,1,1,0,0.0
route,TTN->RSW,2,2,0,0.0
route,TTN->SRQ,1,1,0,0.0
route,TTN->TPA,3,3,0,0.0
route,TUL->ATL,16,16,0,0.0
route,TUL->CLT,8,8,0,0.0
route,TUL->DAL,12,12,0,0.0
route,TUL->DEN,17,17,0,0.0
route,TUL->DFW,22,22,0,0.0
route,TUL->HOU,4,4,0,0.0
route,TUL->IAH,25,25,0,0.0
route,TUL->LAS,9,9,0,0.0
route,TUL->LAX,4,4,0,0.0
route,TUL->MSP,4,4,0,0.0
route,TUL->ORD,25,25,0,0.0
route,TUL->PHX,6,6,0,0.0
route,TUL->SFB,1,1,0,0.0
route,TUL->SLC,6,6,0,0.0
route,TUL->STL,8,8,0,0.0
route,TUS->ATL,5,5,0,0.0
route,TUS->BLI,1,1,0,0.0
route,TUS->CLT,1,1,0,0.0
route,TUS->DEN,23,23,0,0.0
route,TUS->DFW,19,19,0,0.0
route,TUS->IAH,9,9,0,0.0
route,TUS->IND,1,1,0,0.0
route,TUS->LAS,8,8,0,0.0
route,TUS->LAX,28,28,0,0.0
route,TUS->MDW,3,3,0,0.0
route,TUS->MSP,6,6,0,0.0
route,TUS->ORD,4,4,0,0.0
route,TUS->PDX,4,4,0,0.0
route,TUS->PHX,23,23,0,0.0
route,TUS->SAN,10,10,0,0.0
route,TUS->SEA,12,12,0,0.0
route,TUS->SFO,11,11,0,0.0
route,TUS->SJC,8,8,0,0.0
route,TUS->SLC,10,10,0,0.0
route,TVC->AZA,1,1,0,0.0
route,TVC->DTW,14,14,0,0.0
route,TVC->ORD,20,20,0,0.0
route,TWF->DEN,1,1,0,0.0
route,TWF->LAX,1,1,0,0.0
route,TWF->SLC,17,17,0,0.0
route,TXK->DFW,7,7,0,0.0
route,TYR->DEN,2,2,0,0.0
route,TYR->DFW,13,13,0,0.0
route,TYS->ATL,20,20,0,0.0
route,TYS->CLT,21,21,0,0.0
route,TYS->DCA,10,10,0,0.0
route,TYS->DEN,3,3,0,0.0
route,TYS->DFW,18,18,0,0.0
route,TYS->DTW,7,7,0,0.0
route,TYS->EWR,5,5,0,0.0
route,TYS->FLL,3,3,0,0.0
route,TYS->IAD,4,4,0,0.0
route,TYS->IAH,11,11,0,0.0
route,TYS->LAS,2,2,0,0.0
route,TYS->LGA,12,12,0,0.0
route,TYS->MCO,1,1,0,0.0
route,TYS->MIA,3,3,0,0.0
route,TYS->ORD,29,29,0,0.0
route,TYS->PGD,2,2,0,0.0
route,TYS->PHL,12,12,0,0.0
route,TYS->PIE,3,3,0,0.0
route,TYS->SFB,3,3,0,0.0
route,TYS->SRQ,1,1,0,0.0
route,UIN->CGI,1,1,0,0.0
route,UIN->ORD,6,6,0,0.0
route,USA->FLL,3,3,0,0.0
route,USA->PGD,2,2,0,0.0
route,USA->PIE,2,2,0,0.0
route,USA->SFB,1,1,0,0.0
route,VEL->DEN,5,5,0,0.0
route,VLD->ATL,3,3,0,0.0
route,VPS->ATL,15,15,0,0.0
route,VPS->CLT,6,6,0,0.0
route,VPS->CVG,2,2,0,0.0
route,VPS->DCA,5,5,0,0.0
route,VPS->DFW,11,11,0,0.0
route,VPS->IAH,6,6,0,0.0
route,VPS->MCI,1,1,0,0.0
route,VPS->OKC,2,2,0,0.0
route,WRG->KTN,6,6,0,0.0
route,WRG->PSG,7,7,0,0.0
route,XNA->ATL,24,24,0,0.0
route,XNA->CLT,17,17,0,0.0
route,XNA->DCA,2,2,0,0.0
route,XNA->DEN,6,6,0,0.0
route,XNA->DFW,19,19,0,0.0
route,XNA->IAH,8,8,0,0.0
route,XNA->LAX,4,4,0,0.0
route,XNA->LGA,12,12,0,0.0
route,XNA->MIA,1,1,0,0.0
route,XNA->MSP,6,6,0,0.0
route,XNA->ORD,35,35,0,0.0
route,XNA->PHL,2,2,0,0.0
route,XNA->SFB,4,4,0,0.0
route,XNA->SFO,2,2,0,0.0
route,XNA->VPS,1,1,0,0.0
route,XWA->DEN,3,3,0,0.0
route,XWA->MSP,5,5,0,0.0
route,YAK->CDV,3,3,0,0.0
route,YAK->JNU,9,9,0,0.0
route,YKM->SEA,16,16,0,0.0
route,YUM->DFW,7,7,0,0.0
route,YUM->PHX,13,13,0,0.0
Day_of_Month,1,2204,2204,0,0.0
Day_of_Month,10,2302,2302,0,0.0
Day_of_Month,11,2241,2241,0,0.0
Day_of_Month,12,2253,2253,0,0.0
Day_of_Month,13,2358,2358,0,0.0
Day_of_Month,14,2193,2193,0,0.0
Day_of_Month,15,2038,2038,0,0.0
Day_of_Month,16,2380,2380,0,0.0
Day_of_Month,17,2231,2231,0,0.0
Day_of_Month,18,2303,2303,0,0.0
Day_of_Month,19,2444,2444,0,0.0
Day_of_Month,2,2303,2303,0,0.0
Day_of_Month,20,2547,2547,0,0.0
Day_of_Month,21,2502,2502,0,0.0
Day_of_Month,22,2324,2324,0,0.0
Day_of_Month,23,2442,2442,0,0.0
Day_of_Month,24,1902,1902,0,0.0
Day_of_Month,25,1821,1821,0,0.0
Day_of_Month,26,2409,2409,0,0.0
Day_of_Month,27,2481,2481,0,0.0
Day_of_Month,28,2455,2455,0,0.0
Day_of_Month,29,2386,2386,0,0.0
Day_of_Month,3,2319,2319,0,0.0
Day_of_Month,30,2433,2433,0,0.0
Day_of_Month,31,2017,2017,0,0.0
Day_of_Month,4,2291,2291,0,0.0
Day_of_Month,5,2296,2296,0,0.0
Day_of_Month,6,2530,2530,0,0.0
Day_of_Month,7,2119,2119,0,0.0
Day_of_Month,8,2009,2009,0,0.0
Day_of_Month,9,2185,2185,0,0.0
