seed,model,arm,calibrator,calibration_data,binning,bin,lower,upper,n,mean_probability,observed_rate,abs_gap
42,logistic_regression,none,none,none,equal_frequency_15,0,0.0089051523,0.062435599,12023,0.0487533488,0.0576395242,0.0088861754
42,logistic_regression,none,none,none,equal_frequency_15,1,0.062435599,0.0799451489,12022,0.0715531487,0.0753618366,0.003808688
42,logistic_regression,none,none,none,equal_frequency_15,2,0.0799451489,0.0951976842,12022,0.0876479257,0.0932457162,0.0055977905
42,logistic_regression,none,none,none,equal_frequency_15,3,0.0951976842,0.1093083907,12022,0.1022839535,0.1001497255,0.002134228
42,logistic_regression,none,none,none,equal_frequency_15,4,0.1093083907,0.1233120982,12022,0.1162967166,0.1142904675,0.0020062491
42,logistic_regression,none,none,none,equal_frequency_15,5,0.1233120982,0.1376979426,12022,0.1304727215,0.1262685077,0.0042042138
42,logistic_regression,none,none,none,equal_frequency_15,6,0.1376979426,0.1523177773,12022,0.1449566139,0.1454832807,0.0005266668
42,logistic_regression,none,none,none,equal_frequency_15,7,0.1523177773,0.1674109414,12022,0.159770235,0.1523041091,0.0074661259
42,logistic_regression,none,none,none,equal_frequency_15,8,0.1674109414,0.1837711535,12022,0.175511391,0.1747629346,0.0007484564
42,logistic_regression,none,none,none,equal_frequency_15,9,0.1837711535,0.2017352326,12022,0.192622993,0.1909000166,0.0017229764
42,logistic_regression,none,none,none,equal_frequency_15,10,0.2017352326,0.2223407515,12022,0.2117765438,0.2071202795,0.0046562643
42,logistic_regression,none,none,none,equal_frequency_15,11,0.2223407515,0.2468977675,12022,0.2341168284,0.2311595408,0.0029572876
42,logistic_regression,none,none,none,equal_frequency_15,12,0.2468977675,0.2789743756,12022,0.2620984698,0.2625187157,0.0004202459
42,logistic_regression,none,none,none,equal_frequency_15,13,0.2789743756,0.3311687075,12022,0.3022071079,0.3031941441,0.0009870362
42,logistic_regression,none,none,none,equal_frequency_15,14,0.3311687075,0.9808911987,12023,0.4051204731,0.41112867,0.0060081969
42,logistic_regression,none,none,none,equal_width_10,0,0.0,0.1,40159,0.0722018159,0.0770437511,0.0048419352
42,logistic_regression,none,none,none,equal_width_10,1,0.1,0.2,78979,0.1477411958,0.1452284785,0.0025127173
42,logistic_regression,none,none,none,equal_width_10,2,0.2,0.3,42962,0.2422659801,0.2408872957,0.0013786843
42,logistic_regression,none,none,none,equal_width_10,3,0.3,0.4,13556,0.3393867032,0.344791974,0.0054052709
42,logistic_regression,none,none,none,equal_width_10,4,0.4,0.5,3427,0.4385398427,0.4362416107,0.002298232
42,logistic_regression,none,none,none,equal_width_10,5,0.5,0.6,925,0.5405182708,0.5686486486,0.0281303779
42,logistic_regression,none,none,none,equal_width_10,6,0.6,0.7,231,0.6377067611,0.6017316017,0.0359751594
42,logistic_regression,none,none,none,equal_width_10,7,0.7,0.8,62,0.7442420914,0.564516129,0.1797259623
42,logistic_regression,none,none,none,equal_width_10,8,0.8,0.9,17,0.854770082,0.8235294118,0.0312406702
42,logistic_regression,none,none,none,equal_width_10,9,0.9,1.0,14,0.936289842,0.6428571429,0.2934326991
42,logistic_regression,platt_inner_holdout,platt,inner_holdout,equal_frequency_15,0,0.0089451159,0.064913701,12023,0.0508641852,0.0573900025,0.0065258173
42,logistic_regression,platt_inner_holdout,platt,inner_holdout,equal_frequency_15,1,0.064913701,0.0823948342,12022,0.0740241384,0.0768590917,0.0028349533
42,logistic_regression,platt_inner_holdout,platt,inner_holdout,equal_frequency_15,2,0.0823948342,0.0975998354,12022,0.0900969963,0.0914989186,0.0014019224
42,logistic_regression,platt_inner_holdout,platt,inner_holdout,equal_frequency_15,3,0.0975998354,0.1115016836,12022,0.1045598159,0.1007319913,0.0038278246
42,logistic_regression,platt_inner_holdout,platt,inner_holdout,equal_frequency_15,4,0.1115016836,0.125266945,12022,0.1183409818,0.1133754783,0.0049655035
42,logistic_regression,platt_inner_holdout,platt,inner_holdout,equal_frequency_15,5,0.125266945,0.1393327869,12022,0.1322382689,0.1280153053,0.0042229636
42,logistic_regression,platt_inner_holdout,platt,inner_holdout,equal_frequency_15,6,0.1393327869,0.1535682989,12022,0.1464348614,0.145316919,0.0011179425
42,logistic_regression,platt_inner_holdout,platt,inner_holdout,equal_frequency_15,7,0.1535682989,0.1683136826,12022,0.1608687874,0.1518050241,0.0090637633
42,logistic_regression,platt_inner_holdout,platt,inner_holdout,equal_frequency_15,8,0.1683136826,0.1842402865,12022,0.1761649533,0.1747629346,0.0014020187
42,logistic_regression,platt_inner_holdout,platt,inner_holdout,equal_frequency_15,9,0.1842402865,0.2016070132,12022,0.1927696455,0.1897354849,0.0030341605
42,logistic_regression,platt_inner_holdout,platt,inner_holdout,equal_frequency_15,10,0.2016070132,0.221553622,12022,0.2113123181,0.207369822,0.0039424961
42,logistic_regression,platt_inner_holdout,platt,inner_holdout,equal_frequency_15,11,0.221553622,0.2452249466,12022,0.2328913535,0.23207453,0.0008168235
42,logistic_regression,platt_inner_holdout,platt,inner_holdout,equal_frequency_15,12,0.2452249466,0.276010273,12022,0.259858474,0.2610214607,0.0011629866
42,logistic_regression,platt_inner_holdout,platt,inner_holdout,equal_frequency_15,13,0.276010273,0.3263294813,12022,0.2984720525,0.3049409416,0.0064688891
42,logistic_regression,platt_inner_holdout,platt,inner_holdout,equal_frequency_15,14,0.3263294813,0.9806656345,12023,0.3975748023,0.4106296265,0.0130548243
42,logistic_regression,platt_inner_holdout,platt,inner_holdout,equal_width_10,0,0.0,0.1,38135,0.0731322305,0.0763602989,0.0032280685
42,logistic_regression,platt_inner_holdout,platt,inner_holdout,equal_width_10,1,0.1,0.2,81045,0.1478919624,0.1439940774,0.003897885
42,logistic_regression,platt_inner_holdout,platt,inner_holdout,equal_width_10,2,0.2,0.3,43774,0.2418897492,0.2416959839,0.0001937653
42,logistic_regression,platt_inner_holdout,platt,inner_holdout,equal_width_10,3,0.3,0.4,13176,0.3387589697,0.351472374,0.0127134043
42,logistic_regression,platt_inner_holdout,platt,inner_holdout,equal_width_10,4,0.4,0.5,3136,0.4382522825,0.4413265306,0.0030742481
42,logistic_regression,platt_inner_holdout,platt,inner_holdout,equal_width_10,5,0.5,0.6,791,0.5403007991,0.5865992415,0.0462984423
42,logistic_regression,platt_inner_holdout,platt,inner_holdout,equal_width_10,6,0.6,0.7,192,0.6364093891,0.5833333333,0.0530760557
42,logistic_regression,platt_inner_holdout,platt,inner_holdout,equal_width_10,7,0.7,0.8,54,0.7386279209,0.5555555556,0.1830723653
42,logistic_regression,platt_inner_holdout,platt,inner_holdout,equal_width_10,8,0.8,0.9,17,0.8533244956,0.8235294118,0.0297950839
42,logistic_regression,platt_inner_holdout,platt,inner_holdout,equal_width_10,9,0.9,1.0,12,0.9365454338,0.6666666667,0.2698787671
42,logistic_regression,isotonic_inner_holdout,isotonic,inner_holdout,equal_frequency_15,0,1e-06,0.0742574257,11776,0.0537431698,0.0591032609,0.0053600911
42,logistic_regression,isotonic_inner_holdout,isotonic,inner_holdout,equal_frequency_15,1,0.0742574257,0.0830527497,11882,0.0784569593,0.0752398586,0.0032171007
42,logistic_regression,isotonic_inner_holdout,isotonic,inner_holdout,equal_frequency_15,2,0.0830527497,0.0978723404,11552,0.0890585474,0.0903739612,0.0013154138
42,logistic_regression,isotonic_inner_holdout,isotonic,inner_holdout,equal_frequency_15,3,0.0978723404,0.1099495314,11362,0.1018574482,0.1052631579,0.0034057097
42,logistic_regression,isotonic_inner_holdout,isotonic,inner_holdout,equal_frequency_15,4,0.1099495314,0.1217208814,13233,0.1128193592,0.1080631754,0.0047561839
42,logistic_regression,isotonic_inner_holdout,isotonic,inner_holdout,equal_frequency_15,5,0.1217208814,0.1342828077,11174,0.1286948112,0.1256488276,0.0030459835
42,logistic_regression,isotonic_inner_holdout,isotonic,inner_holdout,equal_frequency_15,6,0.1342828077,0.1513806706,11512,0.1423306992,0.1435892981,0.0012585989
42,logistic_regression,isotonic_inner_holdout,isotonic,inner_holdout,equal_frequency_15,7,0.1513806706,0.1626535627,12080,0.156262318,0.1512417219,0.0050205961
42,logistic_regression,isotonic_inner_holdout,isotonic,inner_holdout,equal_frequency_15,8,0.1626535627,0.1844431349,13038,0.1689412903,0.1755637368,0.0066224465
42,logistic_regression,isotonic_inner_holdout,isotonic,inner_holdout,equal_frequency_15,9,0.1844431349,0.1973601508,12142,0.1880152719,0.1862955032,0.0017197687
42,logistic_regression,isotonic_inner_holdout,isotonic,inner_holdout,equal_frequency_15,10,0.1973601508,0.2173112339,11603,0.2065501142,0.2068430578,0.0002929436
42,logistic_regression,isotonic_inner_holdout,isotonic,inner_holdout,equal_frequency_15,11,0.2173112339,0.2497579864,12726,0.2305936233,0.2310231023,0.000429479
42,logistic_regression,isotonic_inner_holdout,isotonic,inner_holdout,equal_frequency_15,12,0.2497579864,0.2744630072,11819,0.2586926031,0.2621203147,0.0034277116
42,logistic_regression,isotonic_inner_holdout,isotonic,inner_holdout,equal_frequency_15,13,0.2744630072,0.3378378378,12049,0.3010572187,0.3069134368,0.0058562181
42,logistic_regression,isotonic_inner_holdout,isotonic,inner_holdout,equal_frequency_15,14,0.3378378378,0.999999,12384,0.4117575495,0.4016472868,0.0101102627
42,logistic_regression,isotonic_inner_holdout,isotonic,inner_holdout,equal_width_10,0,0.0,0.1,38057,0.0754917981,0.0763065927,0.0008147946
42,logistic_regression,isotonic_inner_holdout,isotonic,inner_holdout,equal_width_10,1,0.1,0.2,84889,0.1466872868,0.1465796511,0.0001076357
42,logistic_regression,isotonic_inner_holdout,isotonic,inner_holdout,equal_width_10,2,0.2,0.3,37919,0.2414858278,0.2428070361,0.0013212082
42,logistic_regression,isotonic_inner_holdout,isotonic,inner_holdout,equal_width_10,3,0.3,0.4,13896,0.3377072525,0.3363557858,0.0013514667
42,logistic_regression,isotonic_inner_holdout,isotonic,inner_holdout,equal_width_10,4,0.4,0.5,4223,0.4315425768,0.4319204357,0.0003778589
42,logistic_regression,isotonic_inner_holdout,isotonic,inner_holdout,equal_width_10,5,0.5,0.6,659,0.5474015182,0.535660091,0.0117414271
42,logistic_regression,isotonic_inner_holdout,isotonic,inner_holdout,equal_width_10,6,0.6,0.7,632,0.641436104,0.5759493671,0.0654867369
42,logistic_regression,isotonic_inner_holdout,isotonic,inner_holdout,equal_width_10,7,0.7,0.8,33,0.7303667352,0.5454545455,0.1849121897
42,logistic_regression,isotonic_inner_holdout,isotonic,inner_holdout,equal_width_10,8,0.8,0.9,13,0.8369263344,0.7692307692,0.0676955652
42,logistic_regression,isotonic_inner_holdout,isotonic,inner_holdout,equal_width_10,9,0.9,1.0,11,0.9847302027,0.7272727273,0.2574574754
42,logistic_regression,platt_crossfit,platt,inner_train_crossfit,equal_frequency_15,0,0.0092732376,0.0635087002,12023,0.0497652735,0.0573900025,0.007624729
42,logistic_regression,platt_crossfit,platt,inner_train_crossfit,equal_frequency_15,1,0.0635087002,0.0810200465,12022,0.072634546,0.0760272833,0.0033927373
42,logistic_regression,platt_crossfit,platt,inner_train_crossfit,equal_frequency_15,2,0.0810200465,0.0962422556,12022,0.0887127582,0.0931625354,0.0044497771
42,logistic_regression,platt_crossfit,platt,inner_train_crossfit,equal_frequency_15,3,0.0962422556,0.1102854143,12022,0.1032800355,0.0993179172,0.0039621183
42,logistic_regression,platt_crossfit,platt,inner_train_crossfit,equal_frequency_15,4,0.1102854143,0.1241891185,12022,0.1172111625,0.1152054567,0.0020057058
42,logistic_regression,platt_crossfit,platt,inner_train_crossfit,equal_frequency_15,5,0.1241891185,0.1384757677,12022,0.1312856279,0.1267675927,0.0045180352
42,logistic_regression,platt_crossfit,platt,inner_train_crossfit,equal_frequency_15,6,0.1384757677,0.152907069,12022,0.1456341764,0.1438196639,0.0018145125
42,logistic_regression,platt_crossfit,platt,inner_train_crossfit,equal_frequency_15,7,0.152907069,0.1678644377,12022,0.1602893597,0.1534686408,0.0068207188
42,logistic_regression,platt_crossfit,platt,inner_train_crossfit,equal_frequency_15,8,0.1678644377,0.1840212341,12022,0.1758482541,0.1739311263,0.0019171279
42,logistic_regression,platt_crossfit,platt,inner_train_crossfit,equal_frequency_15,9,0.1840212341,0.2017395345,12022,0.1927410828,0.1909831975,0.0017578854
42,logistic_regression,platt_crossfit,platt,inner_train_crossfit,equal_frequency_15,10,0.2017395345,0.2220347144,12022,0.2116334799,0.207369822,0.0042636579
42,logistic_regression,platt_crossfit,platt,inner_train_crossfit,equal_frequency_15,11,0.2220347144,0.246232368,12022,0.2336444103,0.2312427217,0.0024016886
42,logistic_regression,platt_crossfit,platt,inner_train_crossfit,equal_frequency_15,12,0.246232368,0.2778015545,12022,0.2611916881,0.261853269,0.0006615809
42,logistic_regression,platt_crossfit,platt,inner_train_crossfit,equal_frequency_15,13,0.2778015545,0.3291661843,12022,0.3006379792,0.3036932291,0.0030552499
42,logistic_regression,platt_crossfit,platt,inner_train_crossfit,equal_frequency_15,14,0.3291661843,0.979624516,12023,0.4019031423,0.4112950179,0.0093918756
42,logistic_regression,platt_crossfit,platt,inner_train_crossfit,equal_width_10,0,0.0,0.1,39306,0.0726602277,0.0767312878,0.0040710602
42,logistic_regression,platt_crossfit,platt,inner_train_crossfit,equal_width_10,1,0.1,0.2,79809,0.1478276883,0.1446829305,0.0031447578
42,logistic_regression,platt_crossfit,platt,inner_train_crossfit,equal_width_10,2,0.2,0.3,43344,0.2421134753,0.2410022148,0.0011112605
42,logistic_regression,platt_crossfit,platt,inner_train_crossfit,equal_width_10,3,0.3,0.4,13395,0.3391121818,0.3470698022,0.0079576203
42,logistic_regression,platt_crossfit,platt,inner_train_crossfit,equal_width_10,4,0.4,0.5,3308,0.4383764541,0.4404474002,0.0020709461
42,logistic_regression,platt_crossfit,platt,inner_train_crossfit,equal_width_10,5,0.5,0.6,865,0.5400435525,0.5815028902,0.0414593376
42,logistic_regression,platt_crossfit,platt,inner_train_crossfit,equal_width_10,6,0.6,0.7,216,0.6357861082,0.6111111111,0.0246749971
42,logistic_regression,platt_crossfit,platt,inner_train_crossfit,equal_width_10,7,0.7,0.8,58,0.740823908,0.5517241379,0.1890997701
42,logistic_regression,platt_crossfit,platt,inner_train_crossfit,equal_width_10,8,0.8,0.9,19,0.8549495432,0.7894736842,0.065475859
42,logistic_regression,platt_crossfit,platt,inner_train_crossfit,equal_width_10,9,0.9,1.0,12,0.9385688659,0.6666666667,0.2719021992
42,logistic_regression,isotonic_crossfit,isotonic,inner_train_crossfit,equal_frequency_15,0,1e-06,0.0677083333,11687,0.0555692999,0.0584410028,0.0028717029
42,logistic_regression,isotonic_crossfit,isotonic,inner_train_crossfit,equal_frequency_15,1,0.0677083333,0.0855614973,11887,0.0755734947,0.0743669555,0.0012065392
42,logistic_regression,isotonic_crossfit,isotonic,inner_train_crossfit,equal_frequency_15,2,0.0855614973,0.0947527369,11702,0.089866439,0.0933173816,0.0034509427
42,logistic_regression,isotonic_crossfit,isotonic,inner_train_crossfit,equal_frequency_15,3,0.0947527369,0.1085603651,11888,0.098076451,0.0991756393,0.0010991883
42,logistic_regression,isotonic_crossfit,isotonic,inner_train_crossfit,equal_frequency_15,4,0.1085603651,0.1209829868,12895,0.1133538628,0.1122140364,0.0011398264
42,logistic_regression,isotonic_crossfit,isotonic,inner_train_crossfit,equal_frequency_15,5,0.1209829868,0.135177402,9080,0.127069999,0.1254405286,0.0016294704
42,logistic_regression,isotonic_crossfit,isotonic,inner_train_crossfit,equal_frequency_15,6,0.135177402,0.148696265,14999,0.1414350517,0.1460764051,0.0046413534
42,logistic_regression,isotonic_crossfit,isotonic,inner_train_crossfit,equal_frequency_15,7,0.148696265,0.1602067183,11241,0.1536101721,0.1497197758,0.0038903962
42,logistic_regression,isotonic_crossfit,isotonic,inner_train_crossfit,equal_frequency_15,8,0.1602067183,0.1790687229,11080,0.1688344785,0.1678700361,0.0009644424
42,logistic_regression,isotonic_crossfit,isotonic,inner_train_crossfit,equal_frequency_15,9,0.1790687229,0.1975967957,13106,0.1882871481,0.1911338318,0.0028466837
42,logistic_regression,isotonic_crossfit,isotonic,inner_train_crossfit,equal_frequency_15,10,0.1975967957,0.2205438066,12102,0.2084650173,0.2073211039,0.0011439134
42,logistic_regression,isotonic_crossfit,isotonic,inner_train_crossfit,equal_frequency_15,11,0.2205438066,0.2380050505,12153,0.2315557064,0.2310540607,0.0005016457
42,logistic_regression,isotonic_crossfit,isotonic,inner_train_crossfit,equal_frequency_15,12,0.2380050505,0.2754909874,11539,0.2616628434,0.2611144813,0.000548362
42,logistic_regression,isotonic_crossfit,isotonic,inner_train_crossfit,equal_frequency_15,13,0.2754909874,0.3385457389,12878,0.3035001526,0.3005125019,0.0029876507
42,logistic_regression,isotonic_crossfit,isotonic,inner_train_crossfit,equal_frequency_15,14,0.3385457389,0.999999,12095,0.4124444894,0.4085985945,0.0038458949
42,logistic_regression,isotonic_crossfit,isotonic,inner_train_crossfit,equal_width_10,0,0.0,0.1,43578,0.0780857858,0.0789618615,0.0008760757
42,logistic_regression,isotonic_crossfit,isotonic,inner_train_crossfit,equal_width_10,1,0.1,0.2,79201,0.1490095155,0.1495435664,0.0005340508
42,logistic_regression,isotonic_crossfit,isotonic,inner_train_crossfit,equal_width_10,2,0.2,0.3,38006,0.2439438427,0.242935326,0.0010085167
42,logistic_regression,isotonic_crossfit,isotonic,inner_train_crossfit,equal_width_10,3,0.3,0.4,14545,0.3415903075,0.3377105535,0.0038797541
42,logistic_regression,isotonic_crossfit,isotonic,inner_train_crossfit,equal_width_10,4,0.4,0.5,3473,0.4358048412,0.4376619637,0.0018571225
42,logistic_regression,isotonic_crossfit,isotonic,inner_train_crossfit,equal_width_10,5,0.5,0.6,1206,0.547662368,0.548092869,0.000430501
42,logistic_regression,isotonic_crossfit,isotonic,inner_train_crossfit,equal_width_10,6,0.6,0.7,307,0.6154322699,0.5993485342,0.0160837357
42,logistic_regression,isotonic_crossfit,isotonic,inner_train_crossfit,equal_width_10,7,0.7,0.8,5,0.7272727273,0.8,0.0727272727
42,logistic_regression,isotonic_crossfit,isotonic,inner_train_crossfit,equal_width_10,8,0.8,0.9,8,0.8357142857,0.625,0.2107142857
42,logistic_regression,isotonic_crossfit,isotonic,inner_train_crossfit,equal_width_10,9,0.9,1.0,3,0.999999,0.3333333333,0.6666656667
42,random_forest_tuned,none,none,none,equal_frequency_15,0,0.004520457,0.0604380969,12023,0.0447650825,0.0501538717,0.0053887892
42,random_forest_tuned,none,none,none,equal_frequency_15,1,0.0604380969,0.0793144482,12022,0.070373842,0.0719514224,0.0015775804
42,random_forest_tuned,none,none,none,equal_frequency_15,2,0.0793144482,0.0946506763,12022,0.0871668432,0.0856762602,0.001490583
42,random_forest_tuned,none,none,none,equal_frequency_15,3,0.0946506763,0.1085501269,12022,0.1016747569,0.1009815339,0.0006932231
42,random_forest_tuned,none,none,none,equal_frequency_15,4,0.1085501269,0.122104936,12022,0.1153510895,0.1192813176,0.0039302281
42,random_forest_tuned,none,none,none,equal_frequency_15,5,0.122104936,0.1356341506,12022,0.1288062323,0.1234403593,0.0053658729
42,random_forest_tuned,none,none,none,equal_frequency_15,6,0.1356341506,0.1497641328,12022,0.1426802075,0.1379970055,0.004683202
42,random_forest_tuned,none,none,none,equal_frequency_15,7,0.1497641328,0.1651923492,12022,0.1573704587,0.1504741308,0.006896328
42,random_forest_tuned,none,none,none,equal_frequency_15,8,0.1651923492,0.1821918977,12022,0.1735648266,0.1603726501,0.0131921765
42,random_forest_tuned,none,none,none,equal_frequency_15,9,0.1821918977,0.2012034128,12022,0.1914552549,0.1769256363,0.0145296186
42,random_forest_tuned,none,none,none,equal_frequency_15,10,0.2012034128,0.2227894554,12022,0.2116183478,0.2051239394,0.0064944084
42,random_forest_tuned,none,none,none,equal_frequency_15,11,0.2227894554,0.2499188621,12022,0.2357605298,0.2275827649,0.0081777649
42,random_forest_tuned,none,none,none,equal_frequency_15,12,0.2499188621,0.2868476486,12022,0.2672142771,0.2655132258,0.0017010513
42,random_forest_tuned,none,none,none,equal_frequency_15,13,0.2868476486,0.3453184564,12022,0.3132767291,0.3193312261,0.006054497
42,random_forest_tuned,none,none,none,equal_frequency_15,14,0.3453184564,0.7961008918,12023,0.4187509658,0.4507194544,0.0319684886
42,random_forest_tuned,none,none,none,equal_width_10,0,0.0,0.1,40579,0.0707654592,0.0724019813,0.0016365221
42,random_forest_tuned,none,none,none,equal_width_10,1,0.1,0.2,78937,0.1466007375,0.1404664479,0.0061342896
42,random_forest_tuned,none,none,none,equal_width_10,2,0.2,0.3,40120,0.2421270739,0.2373130608,0.0048140131
42,random_forest_tuned,none,none,none,equal_width_10,3,0.3,0.4,14653,0.3409255526,0.348802293,0.0078767404
42,random_forest_tuned,none,none,none,equal_width_10,4,0.4,0.5,4600,0.4401576164,0.4834782609,0.0433206444
42,random_forest_tuned,none,none,none,equal_width_10,5,0.5,0.6,1233,0.5386922148,0.6277372263,0.0890450115
42,random_forest_tuned,none,none,none,equal_width_10,6,0.6,0.7,200,0.6360176408,0.705,0.0689823592
42,random_forest_tuned,none,none,none,equal_width_10,7,0.7,0.8,10,0.7262706819,0.8,0.0737293181
42,random_forest_tuned,none,none,none,equal_width_10,8,0.8,0.9,0,,,
42,random_forest_tuned,none,none,none,equal_width_10,9,0.9,1.0,0,,,
42,random_forest_tuned,platt_inner_holdout,platt,inner_holdout,equal_frequency_15,0,0.004061619,0.0568524411,12023,0.0415028727,0.0500706978,0.0085678252
42,random_forest_tuned,platt_inner_holdout,platt,inner_holdout,equal_frequency_15,1,0.0568524411,0.0754913238,12022,0.0666410453,0.0709532524,0.0043122071
42,random_forest_tuned,platt_inner_holdout,platt,inner_holdout,equal_frequency_15,2,0.0754913238,0.0909635518,12022,0.0834373055,0.0865080685,0.003070763
42,random_forest_tuned,platt_inner_holdout,platt,inner_holdout,equal_frequency_15,3,0.0909635518,0.1049821114,12022,0.098061976,0.1024787889,0.0044168129
42,random_forest_tuned,platt_inner_holdout,platt,inner_holdout,equal_frequency_15,4,0.1049821114,0.1187901217,12022,0.1119100175,0.1174513392,0.0055413217
42,random_forest_tuned,platt_inner_holdout,platt,inner_holdout,equal_frequency_15,5,0.1187901217,0.1326169171,12022,0.125612202,0.1233571785,0.0022550235
42,random_forest_tuned,platt_inner_holdout,platt,inner_holdout,equal_frequency_15,6,0.1326169171,0.147050661,12022,0.1397720884,0.1389119947,0.0008600937
42,random_forest_tuned,platt_inner_holdout,platt,inner_holdout,equal_frequency_15,7,0.147050661,0.1628605268,12022,0.1548508155,0.1503077691,0.0045430464
42,random_forest_tuned,platt_inner_holdout,platt,inner_holdout,equal_frequency_15,8,0.1628605268,0.180435191,12022,0.1715298803,0.1612876393,0.010242241
42,random_forest_tuned,platt_inner_holdout,platt,inner_holdout,equal_frequency_15,9,0.180435191,0.2001601312,12022,0.1900344237,0.1772583597,0.0127760641
42,random_forest_tuned,platt_inner_holdout,platt,inner_holdout,equal_frequency_15,10,0.2001601312,0.2226804536,12022,0.2109892142,0.2023789719,0.0086102423
42,random_forest_tuned,platt_inner_holdout,platt,inner_holdout,equal_frequency_15,11,0.2226804536,0.2509194724,12022,0.2361658357,0.2283313924,0.0078344432
42,random_forest_tuned,platt_inner_holdout,platt,inner_holdout,equal_frequency_15,12,0.2509194724,0.2897130054,12022,0.2690150503,0.2655964066,0.0034186437
42,random_forest_tuned,platt_inner_holdout,platt,inner_holdout,equal_frequency_15,13,0.2897130054,0.3509502147,12022,0.3173901158,0.3206621194,0.0032720037
42,random_forest_tuned,platt_inner_holdout,platt,inner_holdout,equal_frequency_15,14,0.3509502147,0.8071542914,12023,0.4277838612,0.4499708891,0.0221870279
42,random_forest_tuned,platt_inner_holdout,platt,inner_holdout,equal_width_10,0,0.0,0.1,43743,0.0694195879,0.0747548179,0.00533523
42,random_forest_tuned,platt_inner_holdout,platt,inner_holdout,equal_width_10,1,0.1,0.2,76405,0.1462611142,0.1424644984,0.0037966158
42,random_forest_tuned,platt_inner_holdout,platt,inner_holdout,equal_width_10,2,0.2,0.3,38688,0.2423365574,0.2369468569,0.0053897005
42,random_forest_tuned,platt_inner_holdout,platt,inner_holdout,equal_width_10,3,0.3,0.4,14777,0.3413185198,0.3425593828,0.001240863
42,random_forest_tuned,platt_inner_holdout,platt,inner_holdout,equal_width_10,4,0.4,0.5,4980,0.440692536,0.468875502,0.028182966
42,random_forest_tuned,platt_inner_holdout,platt,inner_holdout,equal_width_10,5,0.5,0.6,1425,0.5391912591,0.6035087719,0.0643175129
42,random_forest_tuned,platt_inner_holdout,platt,inner_holdout,equal_width_10,6,0.6,0.7,290,0.6337368935,0.7172413793,0.0835044858
42,random_forest_tuned,platt_inner_holdout,platt,inner_holdout,equal_width_10,7,0.7,0.8,23,0.7192989285,0.7391304348,0.0198315063
42,random_forest_tuned,platt_inner_holdout,platt,inner_holdout,equal_width_10,8,0.8,0.9,1,0.8071542914,1.0,0.1928457086
42,random_forest_tuned,platt_inner_holdout,platt,inner_holdout,equal_width_10,9,0.9,1.0,0,,,
42,random_forest_tuned,isotonic_inner_holdout,isotonic,inner_holdout,equal_frequency_15,0,1e-06,0.0655737705,11787,0.0477417325,0.0511580555,0.003416323
42,random_forest_tuned,isotonic_inner_holdout,isotonic,inner_holdout,equal_frequency_15,1,0.0655737705,0.0788571429,11804,0.0732613519,0.0720094883,0.0012518636
42,random_forest_tuned,isotonic_inner_holdout,isotonic,inner_holdout,equal_frequency_15,2,0.0788571429,0.0980251346,12285,0.0866407266,0.0854700855,0.0011706412
42,random_forest_tuned,isotonic_inner_holdout,isotonic,inner_holdout,equal_frequency_15,3,0.0980251346,0.1054239878,10742,0.1006431123,0.0990504562,0.0015926561
42,random_forest_tuned,isotonic_inner_holdout,isotonic,inner_holdout,equal_frequency_15,4,0.1054239878,0.1170950632,13089,0.1096481107,0.1162808465,0.0066327358
42,random_forest_tuned,isotonic_inner_holdout,isotonic,inner_holdout,equal_frequency_15,5,0.1170950632,0.1282932417,12281,0.1203504626,0.1242569823,0.0039065198
42,random_forest_tuned,isotonic_inner_holdout,isotonic,inner_holdout,equal_frequency_15,6,0.1282932417,0.1411870504,11650,0.1331681628,0.1413733906,0.0082052277
42,random_forest_tuned,isotonic_inner_holdout,isotonic,inner_holdout,equal_frequency_15,7,0.1411870504,0.1555142503,12041,0.1480407084,0.148907898,0.0008671896
42,random_forest_tuned,isotonic_inner_holdout,isotonic,inner_holdout,equal_frequency_15,8,0.1555142503,0.1743554953,12423,0.166609849,0.1580938582,0.0085159909
42,random_forest_tuned,isotonic_inner_holdout,isotonic,inner_holdout,equal_frequency_15,9,0.1743554953,0.1938642298,11878,0.1821536887,0.1779760903,0.0041775984
42,random_forest_tuned,isotonic_inner_holdout,isotonic,inner_holdout,equal_frequency_15,10,0.1938642298,0.2190923318,11698,0.2015936152,0.1990938622,0.002499753
42,random_forest_tuned,isotonic_inner_holdout,isotonic,inner_holdout,equal_frequency_15,11,0.2190923318,0.2518337408,11909,0.2281977206,0.2315895541,0.0033918335
42,random_forest_tuned,isotonic_inner_holdout,isotonic,inner_holdout,equal_frequency_15,12,0.2518337408,0.2885821832,11643,0.2659293573,0.259812763,0.0061165942
42,random_forest_tuned,isotonic_inner_holdout,isotonic,inner_holdout,equal_frequency_15,13,0.2885821832,0.3579881657,13077,0.3125867256,0.3196451786,0.0070584529
42,random_forest_tuned,isotonic_inner_holdout,isotonic,inner_holdout,equal_frequency_15,14,0.3579881657,0.999999,12025,0.455497505,0.4474012474,0.0080962576
42,random_forest_tuned,isotonic_inner_holdout,isotonic,inner_holdout,equal_width_10,0,0.0,0.1,41317,0.0732651528,0.0734806496,0.0002154968
42,random_forest_tuned,isotonic_inner_holdout,isotonic,inner_holdout,equal_width_10,1,0.1,0.2,85285,0.1444798463,0.1457348889,0.0012550426
42,random_forest_tuned,isotonic_inner_holdout,isotonic,inner_holdout,equal_width_10,2,0.2,0.3,33003,0.2473991578,0.2447959276,0.0026032301
42,random_forest_tuned,isotonic_inner_holdout,isotonic,inner_holdout,equal_width_10,3,0.3,0.4,13567,0.3412402741,0.3451020859,0.0038618119
42,random_forest_tuned,isotonic_inner_holdout,isotonic,inner_holdout,equal_width_10,4,0.4,0.5,4694,0.451621644,0.4484448232,0.0031768208
42,random_forest_tuned,isotonic_inner_holdout,isotonic,inner_holdout,equal_width_10,5,0.5,0.6,1474,0.5570187099,0.5644504749,0.007431765
42,random_forest_tuned,isotonic_inner_holdout,isotonic,inner_holdout,equal_width_10,6,0.6,0.7,704,0.6670341683,0.6065340909,0.0605000774
42,random_forest_tuned,isotonic_inner_holdout,isotonic,inner_holdout,equal_width_10,7,0.7,0.8,173,0.7654739724,0.7456647399,0.0198092326
42,random_forest_tuned,isotonic_inner_holdout,isotonic,inner_holdout,equal_width_10,8,0.8,0.9,46,0.8709642967,0.7391304348,0.131833862
42,random_forest_tuned,isotonic_inner_holdout,isotonic,inner_holdout,equal_width_10,9,0.9,1.0,69,0.9287783665,0.7536231884,0.1751551781
42,random_forest_tuned,platt_crossfit,platt,inner_train_crossfit,equal_frequency_15,0,0.0041032165,0.056672117,12023,0.0414123628,0.0502370457,0.0088246828
42,random_forest_tuned,platt_crossfit,platt,inner_train_crossfit,equal_frequency_15,1,0.056672117,0.075306963,12022,0.0664624282,0.0715355182,0.0050730901
42,random_forest_tuned,platt_crossfit,platt,inner_train_crossfit,equal_frequency_15,2,0.075306963,0.0906943787,12022,0.0831877488,0.0864248877,0.0032371389
42,random_forest_tuned,platt_crossfit,platt,inner_train_crossfit,equal_frequency_15,3,0.0906943787,0.1047278033,12022,0.0977934274,0.1006488105,0.0028553831
42,random_forest_tuned,platt_crossfit,platt,inner_train_crossfit,equal_frequency_15,4,0.1047278033,0.1184892551,12022,0.1116593294,0.1190317751,0.0073724457
42,random_forest_tuned,platt_crossfit,platt,inner_train_crossfit,equal_frequency_15,5,0.1184892551,0.1323503289,12022,0.1253792604,0.1239394444,0.0014398161
42,random_forest_tuned,platt_crossfit,platt,inner_train_crossfit,equal_frequency_15,6,0.1323503289,0.1468538192,12022,0.1395895735,0.138246548,0.0013430255
42,random_forest_tuned,platt_crossfit,platt,inner_train_crossfit,equal_frequency_15,7,0.1468538192,0.1627517738,12022,0.1547047596,0.1501414074,0.0045633522
42,random_forest_tuned,platt_crossfit,platt,inner_train_crossfit,equal_frequency_15,8,0.1627517738,0.180376417,12022,0.1714360904,0.1602894693,0.0111466211
42,random_forest_tuned,platt_crossfit,platt,inner_train_crossfit,equal_frequency_15,9,0.180376417,0.2001303157,12022,0.1899981677,0.1772583597,0.0127398081
42,random_forest_tuned,platt_crossfit,platt,inner_train_crossfit,equal_frequency_15,10,0.2001303157,0.2227069452,12022,0.2109985736,0.2044584928,0.0065400809
42,random_forest_tuned,platt_crossfit,platt,inner_train_crossfit,equal_frequency_15,11,0.2227069452,0.2510654735,12022,0.2362344607,0.2273332224,0.0089012383
42,random_forest_tuned,platt_crossfit,platt,inner_train_crossfit,equal_frequency_15,12,0.2510654735,0.2898708974,12022,0.2692401922,0.2657627683,0.0034774239
42,random_forest_tuned,platt_crossfit,platt,inner_train_crossfit,equal_frequency_15,13,0.2898708974,0.3515657767,12022,0.317708203,0.3207453003,0.0030370973
42,random_forest_tuned,platt_crossfit,platt,inner_train_crossfit,equal_frequency_15,14,0.3515657767,0.8044891008,12023,0.4286470507,0.4494718456,0.020824795
42,random_forest_tuned,platt_crossfit,platt,inner_train_crossfit,equal_width_10,0,0.0,0.1,44011,0.0694184319,0.0747085956,0.0052901637
42,random_forest_tuned,platt_crossfit,platt,inner_train_crossfit,equal_width_10,1,0.1,0.2,76120,0.1462471712,0.142564372,0.0036827992
42,random_forest_tuned,platt_crossfit,platt,inner_train_crossfit,equal_width_10,2,0.2,0.3,38678,0.2423820983,0.2373700812,0.0050120171
42,random_forest_tuned,platt_crossfit,platt,inner_train_crossfit,equal_width_10,3,0.3,0.4,14731,0.3413939496,0.341660444,0.0002664944
42,random_forest_tuned,platt_crossfit,platt,inner_train_crossfit,equal_width_10,4,0.4,0.5,5033,0.4408911022,0.4673157163,0.026424614
42,random_forest_tuned,platt_crossfit,platt,inner_train_crossfit,equal_width_10,5,0.5,0.6,1451,0.540050971,0.6050999311,0.06504896
42,random_forest_tuned,platt_crossfit,platt,inner_train_crossfit,equal_width_10,6,0.6,0.7,284,0.6360908294,0.7112676056,0.0751767762
42,random_forest_tuned,platt_crossfit,platt,inner_train_crossfit,equal_width_10,7,0.7,0.8,23,0.7198273432,0.7826086957,0.0627813525
42,random_forest_tuned,platt_crossfit,platt,inner_train_crossfit,equal_width_10,8,0.8,0.9,1,0.8044891008,1.0,0.1955108992
42,random_forest_tuned,platt_crossfit,platt,inner_train_crossfit,equal_width_10,9,0.9,1.0,0,,,
42,random_forest_tuned,isotonic_crossfit,isotonic,inner_train_crossfit,equal_frequency_15,0,1e-06,0.0643218502,11841,0.0506325669,0.0503335867,0.0002989802
42,random_forest_tuned,isotonic_crossfit,isotonic,inner_train_crossfit,equal_frequency_15,1,0.0643218502,0.0748410536,10583,0.0694644126,0.0710573561,0.0015929436
42,random_forest_tuned,isotonic_crossfit,isotonic,inner_train_crossfit,equal_frequency_15,2,0.0748410536,0.0939142462,11600,0.0842328387,0.0825,0.0017328387
42,random_forest_tuned,isotonic_crossfit,isotonic,inner_train_crossfit,equal_frequency_15,3,0.0939142462,0.1027136129,13035,0.0974858301,0.0999616417,0.0024758116
42,random_forest_tuned,isotonic_crossfit,isotonic,inner_train_crossfit,equal_frequency_15,4,0.1027136129,0.1175340035,11178,0.1103465139,0.116747182,0.0064006681
42,random_forest_tuned,isotonic_crossfit,isotonic,inner_train_crossfit,equal_frequency_15,5,0.1175340035,0.1326899879,13808,0.1227004299,0.1227549247,5.44947e-05
42,random_forest_tuned,isotonic_crossfit,isotonic,inner_train_crossfit,equal_frequency_15,6,0.1326899879,0.1377521614,12045,0.1350515446,0.1413864674,0.0063349228
42,random_forest_tuned,isotonic_crossfit,isotonic,inner_train_crossfit,equal_frequency_15,7,0.1377521614,0.1557598702,11124,0.1460895005,0.1471592952,0.0010697947
42,random_forest_tuned,isotonic_crossfit,isotonic,inner_train_crossfit,equal_frequency_15,8,0.1557598702,0.1751559252,12566,0.1641613912,0.1597962757,0.0043651156
42,random_forest_tuned,isotonic_crossfit,isotonic,inner_train_crossfit,equal_frequency_15,9,0.1751559252,0.1932256932,11095,0.1867984539,0.1807120324,0.0060864214
42,random_forest_tuned,isotonic_crossfit,isotonic,inner_train_crossfit,equal_frequency_15,10,0.1932256932,0.2166549047,13132,0.2011372619,0.1979134938,0.0032237681
42,random_forest_tuned,isotonic_crossfit,isotonic,inner_train_crossfit,equal_frequency_15,11,0.2166549047,0.241188848,11875,0.226926853,0.2298947368,0.0029678838
42,random_forest_tuned,isotonic_crossfit,isotonic,inner_train_crossfit,equal_frequency_15,12,0.241188848,0.2909990575,11366,0.2625503524,0.2613936301,0.0011567223
42,random_forest_tuned,isotonic_crossfit,isotonic,inner_train_crossfit,equal_frequency_15,13,0.2909990575,0.3589096416,12747,0.3194122327,0.3165450694,0.0028671633
42,random_forest_tuned,isotonic_crossfit,isotonic,inner_train_crossfit,equal_frequency_15,14,0.3589096416,0.999999,12337,0.4476443357,0.4465429197,0.0011014161
42,random_forest_tuned,isotonic_crossfit,isotonic,inner_train_crossfit,equal_width_10,0,0.0,0.1,43222,0.0738707515,0.0746610522,0.0007903007
42,random_forest_tuned,isotonic_crossfit,isotonic,inner_train_crossfit,equal_width_10,1,0.1,0.2,80494,0.1447303012,0.1444703953,0.0002599059
42,random_forest_tuned,isotonic_crossfit,isotonic,inner_train_crossfit,equal_width_10,2,0.2,0.3,34747,0.2393852033,0.2402221775,0.0008369741
42,random_forest_tuned,isotonic_crossfit,isotonic,inner_train_crossfit,equal_width_10,3,0.3,0.4,15191,0.3472057496,0.3417813179,0.0054244317
42,random_forest_tuned,isotonic_crossfit,isotonic,inner_train_crossfit,equal_width_10,4,0.4,0.5,4073,0.4505522122,0.4561748097,0.0056225975
42,random_forest_tuned,isotonic_crossfit,isotonic,inner_train_crossfit,equal_width_10,5,0.5,0.6,1740,0.5410720866,0.5620689655,0.0209968789
42,random_forest_tuned,isotonic_crossfit,isotonic,inner_train_crossfit,equal_width_10,6,0.6,0.7,553,0.6413846255,0.6148282098,0.0265564157
42,random_forest_tuned,isotonic_crossfit,isotonic,inner_train_crossfit,equal_width_10,7,0.7,0.8,191,0.7509652769,0.7486910995,0.0022741774
42,random_forest_tuned,isotonic_crossfit,isotonic,inner_train_crossfit,equal_width_10,8,0.8,0.9,114,0.8334403247,0.7543859649,0.0790543598
42,random_forest_tuned,isotonic_crossfit,isotonic,inner_train_crossfit,equal_width_10,9,0.9,1.0,7,0.9975160783,0.7142857143,0.2832303641
42,lightgbm_tuned,none,none,none,equal_frequency_15,0,0.0110073563,0.0756387854,12023,0.0643451799,0.0595525243,0.0047926555
42,lightgbm_tuned,none,none,none,equal_frequency_15,1,0.0756387854,0.0894714424,12022,0.0826256349,0.0817667609,0.000858874
42,lightgbm_tuned,none,none,none,equal_frequency_15,2,0.0894714424,0.1021409334,12022,0.095879625,0.0919148228,0.0039648022
42,lightgbm_tuned,none,none,none,equal_frequency_15,3,0.1021409334,0.1138926451,12022,0.1080998089,0.1068041923,0.0012956166
42,lightgbm_tuned,none,none,none,equal_frequency_15,4,0.1138926451,0.124720046,12022,0.1194009405,0.1169522542,0.0024486863
42,lightgbm_tuned,none,none,none,equal_frequency_15,5,0.124720046,0.1352919921,12022,0.1299819214,0.1230244552,0.0069574663
42,lightgbm_tuned,none,none,none,equal_frequency_15,6,0.1352919921,0.1462858953,12022,0.1407113854,0.1374979205,0.003213465
42,lightgbm_tuned,none,none,none,equal_frequency_15,7,0.1462858953,0.1584048408,12022,0.1522423997,0.1507236733,0.0015187265
42,lightgbm_tuned,none,none,none,equal_frequency_15,8,0.1584048408,0.1720413257,12022,0.1650541648,0.1693561803,0.0043020155
42,lightgbm_tuned,none,none,none,equal_frequency_15,9,0.1720413257,0.1875763162,12022,0.1796459762,0.1837464648,0.0041004886
42,lightgbm_tuned,none,none,none,equal_frequency_15,10,0.1875763162,0.2059907007,12022,0.1964867071,0.2018798869,0.0053931798
42,lightgbm_tuned,none,none,none,equal_frequency_15,11,0.2059907007,0.2291039572,12022,0.2169131951,0.2296622858,0.0127490907
42,lightgbm_tuned,none,none,none,equal_frequency_15,12,0.2291039572,0.261887987,12022,0.2443796636,0.2609382798,0.0165586162
42,lightgbm_tuned,none,none,none,equal_frequency_15,13,0.261887987,0.3202929264,12022,0.2874793166,0.2944601564,0.0069808398
42,lightgbm_tuned,none,none,none,equal_frequency_15,14,0.3202929264,0.8124321759,12023,0.4035834206,0.4372452799,0.0336618593
42,lightgbm_tuned,none,none,none,equal_width_10,0,0.0,0.1,34030,0.0797440357,0.0767558037,0.002988232
42,lightgbm_tuned,none,none,none,equal_width_10,1,0.1,0.2,94598,0.1458589145,0.1450347787,0.0008241358
42,lightgbm_tuned,none,none,none,equal_width_10,2,0.2,0.3,36463,0.2396637448,0.2522557113,0.0125919665
42,lightgbm_tuned,none,none,none,equal_width_10,3,0.3,0.4,10450,0.340241769,0.3606698565,0.0204280874
42,lightgbm_tuned,none,none,none,equal_width_10,4,0.4,0.5,3399,0.4404381617,0.4863195057,0.045881344
42,lightgbm_tuned,none,none,none,equal_width_10,5,0.5,0.6,1024,0.5422873162,0.5771484375,0.0348611213
42,lightgbm_tuned,none,none,none,equal_width_10,6,0.6,0.7,305,0.6379382826,0.7213114754,0.0833731928
42,lightgbm_tuned,none,none,none,equal_width_10,7,0.7,0.8,62,0.7348125269,0.6612903226,0.0735222043
42,lightgbm_tuned,none,none,none,equal_width_10,8,0.8,0.9,1,0.8124321759,1.0,0.1875678241
42,lightgbm_tuned,none,none,none,equal_width_10,9,0.9,1.0,0,,,
42,lightgbm_tuned,platt_inner_holdout,platt,inner_holdout,equal_frequency_15,0,0.0079365481,0.0712721401,12023,0.0595446619,0.0605506113,0.0010059494
42,lightgbm_tuned,platt_inner_holdout,platt,inner_holdout,equal_frequency_15,1,0.0712721401,0.0858833438,12022,0.0786245253,0.0789386125,0.0003140873
42,lightgbm_tuned,platt_inner_holdout,platt,inner_holdout,equal_frequency_15,2,0.0858833438,0.0991121003,12022,0.0925731551,0.0945766095,0.0020034545
42,lightgbm_tuned,platt_inner_holdout,platt,inner_holdout,equal_frequency_15,3,0.0991121003,0.1115810767,12022,0.1054084357,0.1063882881,0.0009798524
42,lightgbm_tuned,platt_inner_holdout,platt,inner_holdout,equal_frequency_15,4,0.1115810767,0.1232716827,12022,0.1175061353,0.1168690734,0.000637062
42,lightgbm_tuned,platt_inner_holdout,platt,inner_holdout,equal_frequency_15,5,0.1232716827,0.1346553213,12022,0.1289198156,0.1242721677,0.0046476479
42,lightgbm_tuned,platt_inner_holdout,platt,inner_holdout,equal_frequency_15,6,0.1346553213,0.1467480602,12022,0.1406200295,0.136749293,0.0038707365
42,lightgbm_tuned,platt_inner_holdout,platt,inner_holdout,equal_frequency_15,7,0.1467480602,0.1600016771,12022,0.1532238056,0.1513059391,0.0019178665
42,lightgbm_tuned,platt_inner_holdout,platt,inner_holdout,equal_frequency_15,8,0.1600016771,0.1750365191,12022,0.1673138431,0.1683580103,0.0010441672
42,lightgbm_tuned,platt_inner_holdout,platt,inner_holdout,equal_frequency_15,9,0.1750365191,0.1922547225,12022,0.1834601039,0.1834137415,4.63624e-05
42,lightgbm_tuned,platt_inner_holdout,platt,inner_holdout,equal_frequency_15,10,0.1922547225,0.2127518894,12022,0.2021769743,0.2020462485,0.0001307258
42,lightgbm_tuned,platt_inner_holdout,platt,inner_holdout,equal_frequency_15,11,0.2127518894,0.2385341286,12022,0.2249743398,0.2296622858,0.0046879461
42,lightgbm_tuned,platt_inner_holdout,platt,inner_holdout,equal_frequency_15,12,0.2385341286,0.2756865585,12022,0.255799764,0.2615205457,0.0057207816
42,lightgbm_tuned,platt_inner_holdout,platt,inner_holdout,equal_frequency_15,13,0.2756865585,0.3410904166,12022,0.3043452304,0.2933788055,0.0109664249
42,lightgbm_tuned,platt_inner_holdout,platt,inner_holdout,equal_frequency_15,14,0.3410904166,0.8516630119,12023,0.4339707907,0.4374948016,0.0035240109
42,lightgbm_tuned,platt_inner_holdout,platt,inner_holdout,equal_width_10,0,0.0,0.1,36901,0.0774253064,0.0784531585,0.001027852
42,lightgbm_tuned,platt_inner_holdout,platt,inner_holdout,equal_width_10,1,0.1,0.2,88127,0.1456890494,0.1443258025,0.0013632469
42,lightgbm_tuned,platt_inner_holdout,platt,inner_holdout,equal_width_10,2,0.2,0.3,36803,0.2407443891,0.243159525,0.0024151359
42,lightgbm_tuned,platt_inner_holdout,platt,inner_holdout,equal_width_10,3,0.3,0.4,11952,0.3412267168,0.3354250335,0.0058016833
42,lightgbm_tuned,platt_inner_holdout,platt,inner_holdout,equal_width_10,4,0.4,0.5,4314,0.4426496469,0.4420491423,0.0006005046
42,lightgbm_tuned,platt_inner_holdout,platt,inner_holdout,equal_width_10,5,0.5,0.6,1516,0.5401898142,0.5600263852,0.019836571
42,lightgbm_tuned,platt_inner_holdout,platt,inner_holdout,equal_width_10,6,0.6,0.7,563,0.6403109093,0.6358792185,0.0044316908
42,lightgbm_tuned,platt_inner_holdout,platt,inner_holdout,equal_width_10,7,0.7,0.8,138,0.7378425959,0.768115942,0.0302733461
42,lightgbm_tuned,platt_inner_holdout,platt,inner_holdout,equal_width_10,8,0.8,0.9,18,0.8219877235,0.7222222222,0.0997655012
42,lightgbm_tuned,platt_inner_holdout,platt,inner_holdout,equal_width_10,9,0.9,1.0,0,,,
42,lightgbm_tuned,isotonic_inner_holdout,isotonic,inner_holdout,equal_frequency_15,0,1e-06,0.0722772277,11478,0.0601239987,0.0627286984,0.0026046997
42,lightgbm_tuned,isotonic_inner_holdout,isotonic,inner_holdout,equal_frequency_15,1,0.0722772277,0.0847384349,12330,0.07950679,0.0799675588,0.0004607688
42,lightgbm_tuned,isotonic_inner_holdout,isotonic,inner_holdout,equal_frequency_15,2,0.0847384349,0.1040892193,11911,0.0943711174,0.0903366636,0.0040344538
42,lightgbm_tuned,isotonic_inner_holdout,isotonic,inner_holdout,equal_frequency_15,3,0.1040892193,0.1098405056,9022,0.1059841228,0.1056306806,0.0003534422
42,lightgbm_tuned,isotonic_inner_holdout,isotonic,inner_holdout,equal_frequency_15,4,0.1098405056,0.1234119782,14886,0.1131609937,0.1158806933,0.0027196996
42,lightgbm_tuned,isotonic_inner_holdout,isotonic,inner_holdout,equal_frequency_15,5,0.1234119782,0.131316282,10415,0.1260457882,0.1224195871,0.0036262011
42,lightgbm_tuned,isotonic_inner_holdout,isotonic,inner_holdout,equal_frequency_15,6,0.131316282,0.1458170446,12740,0.1375311542,0.1374411303,9.00239e-05
42,lightgbm_tuned,isotonic_inner_holdout,isotonic,inner_holdout,equal_frequency_15,7,0.1458170446,0.1548242334,13226,0.148416609,0.1490246484,0.0006080394
42,lightgbm_tuned,isotonic_inner_holdout,isotonic,inner_holdout,equal_frequency_15,8,0.1548242334,0.17,11876,0.1608009439,0.1649545301,0.0041535862
42,lightgbm_tuned,isotonic_inner_holdout,isotonic,inner_holdout,equal_frequency_15,9,0.17,0.1856287425,12182,0.177763492,0.1851091775,0.0073456855
42,lightgbm_tuned,isotonic_inner_holdout,isotonic,inner_holdout,equal_frequency_15,10,0.1856287425,0.2162386081,12173,0.2027505828,0.201840138,0.0009104448
42,lightgbm_tuned,isotonic_inner_holdout,isotonic,inner_holdout,equal_frequency_15,11,0.2162386081,0.2443418014,11524,0.2308973603,0.2263970843,0.0045002759
42,lightgbm_tuned,isotonic_inner_holdout,isotonic,inner_holdout,equal_frequency_15,12,0.2443418014,0.2754303599,12380,0.2546358455,0.2599353796,0.0052995341
42,lightgbm_tuned,isotonic_inner_holdout,isotonic,inner_holdout,equal_frequency_15,13,0.2754303599,0.3404255319,12125,0.3058050054,0.2965773196,0.0092276858
42,lightgbm_tuned,isotonic_inner_holdout,isotonic,inner_holdout,equal_frequency_15,14,0.3404255319,0.999999,12064,0.4405251228,0.4355106101,0.0050145127
42,lightgbm_tuned,isotonic_inner_holdout,isotonic,inner_holdout,equal_width_10,0,0.0,0.1,34288,0.0772274808,0.0765282315,0.0006992494
42,lightgbm_tuned,isotonic_inner_holdout,isotonic,inner_holdout,equal_width_10,1,0.1,0.2,89459,0.1408224418,0.1427916699,0.0019692281
42,lightgbm_tuned,isotonic_inner_holdout,isotonic,inner_holdout,equal_width_10,2,0.2,0.3,36954,0.2405234284,0.2399740218,0.0005494066
42,lightgbm_tuned,isotonic_inner_holdout,isotonic,inner_holdout,equal_width_10,3,0.3,0.4,12757,0.3332500647,0.3275848554,0.0056652094
42,lightgbm_tuned,isotonic_inner_holdout,isotonic,inner_holdout,equal_width_10,4,0.4,0.5,4666,0.4413390509,0.4387055294,0.0026335216
42,lightgbm_tuned,isotonic_inner_holdout,isotonic,inner_holdout,equal_width_10,5,0.5,0.6,1107,0.5571594138,0.5564588979,0.0007005159
42,lightgbm_tuned,isotonic_inner_holdout,isotonic,inner_holdout,equal_width_10,6,0.6,0.7,660,0.6484013481,0.5939393939,0.0544619541
42,lightgbm_tuned,isotonic_inner_holdout,isotonic,inner_holdout,equal_width_10,7,0.7,0.8,291,0.7476895483,0.6838487973,0.063840751
42,lightgbm_tuned,isotonic_inner_holdout,isotonic,inner_holdout,equal_width_10,8,0.8,0.9,94,0.8525350641,0.7340425532,0.1184925109
42,lightgbm_tuned,isotonic_inner_holdout,isotonic,inner_holdout,equal_width_10,9,0.9,1.0,56,0.9793945474,0.6607142857,0.3186802617
42,lightgbm_tuned,platt_crossfit,platt,inner_train_crossfit,equal_frequency_15,0,0.0089044229,0.0722820043,12023,0.0606759958,0.0601347417,0.000541254
42,lightgbm_tuned,platt_crossfit,platt,inner_train_crossfit,equal_frequency_15,1,0.0722820043,0.0867652347,12022,0.0795690901,0.0807685909,0.0011995009
42,lightgbm_tuned,platt_crossfit,platt,inner_train_crossfit,equal_frequency_15,2,0.0867652347,0.1001543816,12022,0.0935386327,0.093328897,0.0002097357
42,lightgbm_tuned,platt_crossfit,platt,inner_train_crossfit,equal_frequency_15,3,0.1001543816,0.11283848,12022,0.1065978143,0.105972384,0.0006254304
42,lightgbm_tuned,platt_crossfit,platt,inner_train_crossfit,equal_frequency_15,4,0.11283848,0.1245234156,12022,0.1187618506,0.1167027117,0.0020591389
42,lightgbm_tuned,platt_crossfit,platt,inner_train_crossfit,equal_frequency_15,5,0.1245234156,0.1359977472,12022,0.1302369837,0.1234403593,0.0067966244
42,lightgbm_tuned,platt_crossfit,platt,inner_train_crossfit,equal_frequency_15,6,0.1359977472,0.1480201183,12022,0.1419277288,0.1380801863,0.0038475424
42,lightgbm_tuned,platt_crossfit,platt,inner_train_crossfit,equal_frequency_15,7,0.1480201183,0.1613736838,12022,0.1545612898,0.1499750457,0.0045862441
42,lightgbm_tuned,platt_crossfit,platt,inner_train_crossfit,equal_frequency_15,8,0.1613736838,0.1764098756,12022,0.1686830814,0.169522542,0.0008394606
42,lightgbm_tuned,platt_crossfit,platt,inner_train_crossfit,equal_frequency_15,9,0.1764098756,0.1936464758,12022,0.1848414056,0.1834969223,0.0013444832
42,lightgbm_tuned,platt_crossfit,platt,inner_train_crossfit,equal_frequency_15,10,0.1936464758,0.2141789713,12022,0.2035720943,0.2018798869,0.0016922074
42,lightgbm_tuned,platt_crossfit,platt,inner_train_crossfit,equal_frequency_15,11,0.2141789713,0.2400388313,12022,0.2263796814,0.2294959241,0.0031162427
42,lightgbm_tuned,platt_crossfit,platt,inner_train_crossfit,equal_frequency_15,12,0.2400388313,0.2768894729,12022,0.2571837944,0.2606055565,0.0034217621
42,lightgbm_tuned,platt_crossfit,platt,inner_train_crossfit,equal_frequency_15,13,0.2768894729,0.3425325891,12022,0.3056314435,0.2959574114,0.0096740321
42,lightgbm_tuned,platt_crossfit,platt,inner_train_crossfit,equal_frequency_15,14,0.3425325891,0.8548154641,12023,0.4346319022,0.436164019,0.0015321167
42,lightgbm_tuned,platt_crossfit,platt,inner_train_crossfit,equal_width_10,0,0.0,0.1,35906,0.0778281186,0.0779256949,9.75763e-05
42,lightgbm_tuned,platt_crossfit,platt,inner_train_crossfit,equal_width_10,1,0.1,0.2,88270,0.1459624188,0.1434235867,0.0025388321
42,lightgbm_tuned,platt_crossfit,platt,inner_train_crossfit,equal_width_10,2,0.2,0.3,37383,0.2407480791,0.2417408983,0.0009928192
42,lightgbm_tuned,platt_crossfit,platt,inner_train_crossfit,equal_width_10,3,0.3,0.4,12154,0.3411911682,0.3337995722,0.0073915961
42,lightgbm_tuned,platt_crossfit,platt,inner_train_crossfit,equal_width_10,4,0.4,0.5,4382,0.4423644065,0.4386125057,0.0037519008
42,lightgbm_tuned,platt_crossfit,platt,inner_train_crossfit,equal_width_10,5,0.5,0.6,1530,0.5409701779,0.5666666667,0.0256964887
42,lightgbm_tuned,platt_crossfit,platt,inner_train_crossfit,equal_width_10,6,0.6,0.7,553,0.6408559217,0.6274864376,0.0133694841
42,lightgbm_tuned,platt_crossfit,platt,inner_train_crossfit,equal_width_10,7,0.7,0.8,140,0.7383561052,0.75,0.0116438948
42,lightgbm_tuned,platt_crossfit,platt,inner_train_crossfit,equal_width_10,8,0.8,0.9,14,0.8191283986,0.8571428571,0.0380144585
42,lightgbm_tuned,platt_crossfit,platt,inner_train_crossfit,equal_width_10,9,0.9,1.0,0,,,
42,lightgbm_tuned,isotonic_crossfit,isotonic,inner_train_crossfit,equal_frequency_15,0,1e-06,0.0697115385,11071,0.0608418505,0.059705537,0.0011363135
42,lightgbm_tuned,isotonic_crossfit,isotonic,inner_train_crossfit,equal_frequency_15,1,0.0697115385,0.0869142209,12414,0.0789533878,0.078298695,0.0006546927
42,lightgbm_tuned,isotonic_crossfit,isotonic,inner_train_crossfit,equal_frequency_15,2,0.0869142209,0.1023877498,11675,0.093718472,0.0937901499,7.16779e-05
42,lightgbm_tuned,isotonic_crossfit,isotonic,inner_train_crossfit,equal_frequency_15,3,0.1023877498,0.1136260751,12244,0.1046617534,0.1060111075,0.0013493541
42,lightgbm_tuned,isotonic_crossfit,isotonic,inner_train_crossfit,equal_frequency_15,4,0.1136260751,0.1212035197,12439,0.1175910572,0.1164080714,0.0011829858
42,lightgbm_tuned,isotonic_crossfit,isotonic,inner_train_crossfit,equal_frequency_15,5,0.1212035197,0.1310043668,12273,0.1269334744,0.1212417502,0.0056917242
42,lightgbm_tuned,isotonic_crossfit,isotonic,inner_train_crossfit,equal_frequency_15,6,0.1310043668,0.1439940313,11650,0.137141562,0.1399141631,0.002772601
42,lightgbm_tuned,isotonic_crossfit,isotonic,inner_train_crossfit,equal_frequency_15,7,0.1439940313,0.1608087092,11989,0.1508663505,0.1467178247,0.0041485258
42,lightgbm_tuned,isotonic_crossfit,isotonic,inner_train_crossfit,equal_frequency_15,8,0.1608087092,0.1749849669,12081,0.1670283417,0.1724195017,0.00539116
42,lightgbm_tuned,isotonic_crossfit,isotonic,inner_train_crossfit,equal_frequency_15,9,0.1749849669,0.1955484897,12225,0.1849468757,0.1825766871,0.0023701886
42,lightgbm_tuned,isotonic_crossfit,isotonic,inner_train_crossfit,equal_frequency_15,10,0.1955484897,0.2161964089,11946,0.2061237722,0.2017411686,0.0043826036
42,lightgbm_tuned,isotonic_crossfit,isotonic,inner_train_crossfit,equal_frequency_15,11,0.2161964089,0.2408883827,11655,0.2279893844,0.2273702274,0.0006191571
42,lightgbm_tuned,isotonic_crossfit,isotonic,inner_train_crossfit,equal_frequency_15,12,0.2408883827,0.280625,12155,0.2605264675,0.2584121761,0.0021142915
42,lightgbm_tuned,isotonic_crossfit,isotonic,inner_train_crossfit,equal_frequency_15,13,0.280625,0.3379168099,12420,0.3069097689,0.2998389694,0.0070707995
42,lightgbm_tuned,isotonic_crossfit,isotonic,inner_train_crossfit,equal_frequency_15,14,0.3379168099,0.999999,12095,0.4318985586,0.4310872261,0.0008113324
42,lightgbm_tuned,isotonic_crossfit,isotonic,inner_train_crossfit,equal_width_10,0,0.0,0.1,33744,0.077189653,0.0766358464,0.0005538066
42,lightgbm_tuned,isotonic_crossfit,isotonic,inner_train_crossfit,equal_width_10,1,0.1,0.2,87265,0.141158189,0.1403197158,0.0008384732
42,lightgbm_tuned,isotonic_crossfit,isotonic,inner_train_crossfit,equal_width_10,2,0.2,0.3,40032,0.2403693287,0.2376848521,0.0026844765
42,lightgbm_tuned,isotonic_crossfit,isotonic,inner_train_crossfit,equal_width_10,3,0.3,0.4,13380,0.3383754444,0.3351270553,0.0032483891
42,lightgbm_tuned,isotonic_crossfit,isotonic,inner_train_crossfit,equal_width_10,4,0.4,0.5,3375,0.4432064248,0.4447407407,0.001534316
42,lightgbm_tuned,isotonic_crossfit,isotonic,inner_train_crossfit,equal_width_10,5,0.5,0.6,1674,0.5381473407,0.5483870968,0.010239756
42,lightgbm_tuned,isotonic_crossfit,isotonic,inner_train_crossfit,equal_width_10,6,0.6,0.7,641,0.6437178258,0.6068642746,0.0368535512
42,lightgbm_tuned,isotonic_crossfit,isotonic,inner_train_crossfit,equal_width_10,7,0.7,0.8,130,0.7498164144,0.7692307692,0.0194143548
42,lightgbm_tuned,isotonic_crossfit,isotonic,inner_train_crossfit,equal_width_10,8,0.8,0.9,77,0.8288060805,0.7532467532,0.0755593272
42,lightgbm_tuned,isotonic_crossfit,isotonic,inner_train_crossfit,equal_width_10,9,0.9,1.0,14,0.9799321294,0.6428571429,0.3370749866
1,logistic_regression,none,none,none,equal_frequency_15,0,0.0073852338,0.0643020031,12023,0.0506229892,0.0580553938,0.0074324046
1,logistic_regression,none,none,none,equal_frequency_15,1,0.0643020031,0.0814964575,12022,0.0731724722,0.0755281983,0.0023557261
1,logistic_regression,none,none,none,equal_frequency_15,2,0.0814964575,0.096343268,12022,0.0890537758,0.0912493761,0.0021956003
1,logistic_regression,none,none,none,equal_frequency_15,3,0.096343268,0.1106414715,12022,0.1035384999,0.1005656297,0.0029728703
1,logistic_regression,none,none,none,equal_frequency_15,4,0.1106414715,0.1247699017,12022,0.1176845808,0.1138745633,0.0038100175
1,logistic_regression,none,none,none,equal_frequency_15,5,0.1247699017,0.1388022152,12022,0.1317720261,0.1278489436,0.0039230825
1,logistic_regression,none,none,none,equal_frequency_15,6,0.1388022152,0.1532993882,12022,0.1460049443,0.1444019298,0.0016030146
1,logistic_regression,none,none,none,equal_frequency_15,7,0.1532993882,0.1682227716,12022,0.1607045567,0.1545499917,0.006154565
1,logistic_regression,none,none,none,equal_frequency_15,8,0.1682227716,0.1841346551,12022,0.1760405009,0.1694393612,0.0066011397
1,logistic_regression,none,none,none,equal_frequency_15,9,0.1841346551,0.2016833131,12022,0.1927020844,0.1885709533,0.0041311311
1,logistic_regression,none,none,none,equal_frequency_15,10,0.2016833131,0.2216903375,12022,0.2114937608,0.2127765763,0.0012828155
1,logistic_regression,none,none,none,equal_frequency_15,11,0.2216903375,0.2455920678,12022,0.2332531671,0.2319913492,0.0012618179
1,logistic_regression,none,none,none,equal_frequency_15,12,0.2455920678,0.2768316298,12022,0.2603150234,0.2604391948,0.0001241714
1,logistic_regression,none,none,none,equal_frequency_15,13,0.2768316298,0.3271689284,12022,0.2992286571,0.3081849942,0.0089563371
1,logistic_regression,none,none,none,equal_frequency_15,14,0.3271689284,0.9874503033,12023,0.39970343,0.4080512351,0.0083478051
1,logistic_regression,none,none,none,equal_width_10,0,0.0,0.1,39059,0.0730339121,0.0771141094,0.0040801973
1,logistic_regression,none,none,none,equal_width_10,1,0.1,0.2,80110,0.1480339566,0.1436025465,0.0044314101
1,logistic_regression,none,none,none,equal_width_10,2,0.2,0.3,43699,0.2421714419,0.2429803886,0.0008089467
1,logistic_regression,none,none,none,equal_width_10,3,0.3,0.4,13148,0.3392379127,0.349863097,0.0106251843
1,logistic_regression,none,none,none,equal_width_10,4,0.4,0.5,3194,0.4381379427,0.4445835942,0.0064456515
1,logistic_regression,none,none,none,equal_width_10,5,0.5,0.6,816,0.5398923645,0.5723039216,0.0324115571
1,logistic_regression,none,none,none,equal_width_10,6,0.6,0.7,222,0.6354055043,0.5810810811,0.0543244233
1,logistic_regression,none,none,none,equal_width_10,7,0.7,0.8,53,0.7387314173,0.641509434,0.0972219833
1,logistic_regression,none,none,none,equal_width_10,8,0.8,0.9,19,0.8504576943,0.6842105263,0.166247168
1,logistic_regression,none,none,none,equal_width_10,9,0.9,1.0,12,0.9345293302,0.6666666667,0.2678626636
1,logistic_regression,platt_inner_holdout,platt,inner_holdout,equal_frequency_15,0,0.0074307998,0.0622298428,12023,0.0486535224,0.0584712634,0.009817741
1,logistic_regression,platt_inner_holdout,platt,inner_holdout,equal_frequency_15,1,0.0622298428,0.0793544944,12022,0.0711156354,0.0752786558,0.0041630204
1,logistic_regression,platt_inner_holdout,platt,inner_holdout,equal_frequency_15,2,0.0793544944,0.0944130515,12022,0.0870042413,0.0925802695,0.0055760282
1,logistic_regression,platt_inner_holdout,platt,inner_holdout,equal_frequency_15,3,0.0944130515,0.1088050737,12022,0.101595617,0.0983197471,0.0032758699
1,logistic_regression,platt_inner_holdout,platt,inner_holdout,equal_frequency_15,4,0.1088050737,0.1231170276,12022,0.1159212704,0.1152054567,0.0007158137
1,logistic_regression,platt_inner_holdout,platt,inner_holdout,equal_frequency_15,5,0.1231170276,0.1372915558,12022,0.1301972889,0.1269339544,0.0032633345
1,logistic_regression,platt_inner_holdout,platt,inner_holdout,equal_frequency_15,6,0.1372915558,0.1520537686,12022,0.1446788676,0.1439028448,0.0007760228
1,logistic_regression,platt_inner_holdout,platt,inner_holdout,equal_frequency_15,7,0.1520537686,0.1673699041,12022,0.1596469002,0.1557977042,0.003849196
1,logistic_regression,platt_inner_holdout,platt,inner_holdout,equal_frequency_15,8,0.1673699041,0.1835420296,12022,0.1753121957,0.1691066378,0.0062055579
1,logistic_regression,platt_inner_holdout,platt,inner_holdout,equal_frequency_15,9,0.1835420296,0.2015448491,12022,0.1923501089,0.1884877724,0.0038623364
1,logistic_regression,platt_inner_holdout,platt,inner_holdout,equal_frequency_15,10,0.2015448491,0.2220903873,12022,0.2116081489,0.2122774913,0.0006693424
1,logistic_regression,platt_inner_holdout,platt,inner_holdout,equal_frequency_15,11,0.2220903873,0.2466583164,12022,0.233950966,0.2324904342,0.0014605317
1,logistic_regression,platt_inner_holdout,platt,inner_holdout,equal_frequency_15,12,0.2466583164,0.2788194596,12022,0.2618300824,0.2597737481,0.0020563342
1,logistic_regression,platt_inner_holdout,platt,inner_holdout,equal_frequency_15,13,0.2788194596,0.3308337175,12022,0.301919917,0.3093495259,0.0074296089
1,logistic_regression,platt_inner_holdout,platt,inner_holdout,equal_frequency_15,14,0.3308337175,0.9902548196,12023,0.4054836848,0.4075521916,0.0020685069
1,logistic_regression,platt_inner_holdout,platt,inner_holdout,equal_width_10,0,0.0,0.1,40793,0.0722037847,0.0774887848,0.0052850002
1,logistic_regression,platt_inner_holdout,platt,inner_holdout,equal_width_10,1,0.1,0.2,78480,0.1479228982,0.1449413863,0.0029815118
1,logistic_regression,platt_inner_holdout,platt,inner_holdout,equal_width_10,2,0.2,0.3,42922,0.2423482045,0.2421368995,0.000211305
1,logistic_regression,platt_inner_holdout,platt,inner_holdout,equal_width_10,3,0.3,0.4,13444,0.3394934401,0.3454329069,0.0059394667
1,logistic_regression,platt_inner_holdout,platt,inner_holdout,equal_width_10,4,0.4,0.5,3455,0.4386385161,0.4390738061,0.00043529
1,logistic_regression,platt_inner_holdout,platt,inner_holdout,equal_width_10,5,0.5,0.6,892,0.5410165051,0.5605381166,0.0195216115
1,logistic_regression,platt_inner_holdout,platt,inner_holdout,equal_width_10,6,0.6,0.7,255,0.6386498374,0.6117647059,0.0268851316
1,logistic_regression,platt_inner_holdout,platt,inner_holdout,equal_width_10,7,0.7,0.8,57,0.7405240481,0.6315789474,0.1089451007
1,logistic_regression,platt_inner_holdout,platt,inner_holdout,equal_width_10,8,0.8,0.9,20,0.8469368147,0.65,0.1969368147
1,logistic_regression,platt_inner_holdout,platt,inner_holdout,equal_width_10,9,0.9,1.0,14,0.9342008513,0.7142857143,0.219915137
1,logistic_regression,isotonic_inner_holdout,isotonic,inner_holdout,equal_frequency_15,0,1e-06,0.0652173913,11219,0.0495610773,0.0601657902,0.0106047129
1,logistic_regression,isotonic_inner_holdout,isotonic,inner_holdout,equal_frequency_15,1,0.0652173913,0.0847457627,12079,0.0738612038,0.0713635235,0.0024976803
1,logistic_regression,isotonic_inner_holdout,isotonic,inner_holdout,equal_frequency_15,2,0.0847457627,0.0938841202,10851,0.0874011842,0.0895769975,0.0021758133
1,logistic_regression,isotonic_inner_holdout,isotonic,inner_holdout,equal_frequency_15,3,0.0938841202,0.1062976334,12957,0.0973692094,0.1023385043,0.0049692949
1,logistic_regression,isotonic_inner_holdout,isotonic,inner_holdout,equal_frequency_15,4,0.1062976334,0.1195542047,11850,0.1130473428,0.1129957806,5.15622e-05
1,logistic_regression,isotonic_inner_holdout,isotonic,inner_holdout,equal_frequency_15,5,0.1195542047,0.1362318841,13174,0.1258027667,0.1238803704,0.0019223963
1,logistic_regression,isotonic_inner_holdout,isotonic,inner_holdout,equal_frequency_15,6,0.1362318841,0.1471592673,9324,0.1434071526,0.1435006435,9.34909e-05
1,logistic_regression,isotonic_inner_holdout,isotonic,inner_holdout,equal_frequency_15,7,0.1471592673,0.1630434783,13412,0.1516154637,0.1532209961,0.0016055324
1,logistic_regression,isotonic_inner_holdout,isotonic,inner_holdout,equal_frequency_15,8,0.1630434783,0.1827541828,13130,0.1710171704,0.1714394516,0.0004222812
1,logistic_regression,isotonic_inner_holdout,isotonic,inner_holdout,equal_frequency_15,9,0.1827541828,0.2020046261,10707,0.1881349099,0.1833380032,0.0047969067
1,logistic_regression,isotonic_inner_holdout,isotonic,inner_holdout,equal_frequency_15,10,0.2020046261,0.2199197861,12900,0.2065309298,0.2123255814,0.0057946516
1,logistic_regression,isotonic_inner_holdout,isotonic,inner_holdout,equal_frequency_15,11,0.2199197861,0.2374039283,9869,0.2256594881,0.2291012261,0.0034417379
1,logistic_regression,isotonic_inner_holdout,isotonic,inner_holdout,equal_frequency_15,12,0.2374039283,0.2808798646,14643,0.2533823498,0.2566413986,0.0032590488
1,logistic_regression,isotonic_inner_holdout,isotonic,inner_holdout,equal_frequency_15,13,0.2808798646,0.3401360544,11425,0.3108420928,0.3068708972,0.0039711956
1,logistic_regression,isotonic_inner_holdout,isotonic,inner_holdout,equal_frequency_15,14,0.3401360544,0.999999,12792,0.4146366348,0.4008755472,0.0137610876
1,logistic_regression,isotonic_inner_holdout,isotonic,inner_holdout,equal_width_10,0,0.0,0.1,43676,0.0755941821,0.0792655005,0.0036713184
1,logistic_regression,isotonic_inner_holdout,isotonic,inner_holdout,equal_width_10,1,0.1,0.2,75004,0.1463827834,0.1459522159,0.0004305675
1,logistic_regression,isotonic_inner_holdout,isotonic,inner_holdout,equal_width_10,2,0.2,0.3,39861,0.2330777083,0.2371240059,0.0040462976
1,logistic_regression,isotonic_inner_holdout,isotonic,inner_holdout,equal_width_10,3,0.3,0.4,15788,0.3365385036,0.3281606283,0.0083778753
1,logistic_regression,isotonic_inner_holdout,isotonic,inner_holdout,equal_width_10,4,0.4,0.5,4399,0.4364119786,0.4219140714,0.0144979072
1,logistic_regression,isotonic_inner_holdout,isotonic,inner_holdout,equal_width_10,5,0.5,0.6,1122,0.5574269846,0.5499108734,0.0075161112
1,logistic_regression,isotonic_inner_holdout,isotonic,inner_holdout,equal_width_10,6,0.6,0.7,436,0.6219246292,0.6032110092,0.0187136201
1,logistic_regression,isotonic_inner_holdout,isotonic,inner_holdout,equal_width_10,7,0.7,0.8,4,0.7365505113,0.75,0.0134494887
1,logistic_regression,isotonic_inner_holdout,isotonic,inner_holdout,equal_width_10,8,0.8,0.9,22,0.8303571429,0.5454545455,0.2849025974
1,logistic_regression,isotonic_inner_holdout,isotonic,inner_holdout,equal_width_10,9,0.9,1.0,20,0.999999,0.6,0.399999
1,logistic_regression,platt_crossfit,platt,inner_train_crossfit,equal_frequency_15,0,0.0077118206,0.0643531464,12023,0.0507178991,0.0571404807,0.0064225816
1,logistic_regression,platt_crossfit,platt,inner_train_crossfit,equal_frequency_15,1,0.0643531464,0.0815665479,12022,0.0732517285,0.0763600067,0.0031082782
1,logistic_regression,platt_crossfit,platt,inner_train_crossfit,equal_frequency_15,2,0.0815665479,0.0964869089,12022,0.0891329166,0.0912493761,0.0021164595
1,logistic_regression,platt_crossfit,platt,inner_train_crossfit,equal_frequency_15,3,0.0964869089,0.1107478162,12022,0.103618529,0.0997338213,0.0038847077
1,logistic_regression,platt_crossfit,platt,inner_train_crossfit,equal_frequency_15,4,0.1107478162,0.1248149223,12022,0.1177481959,0.1146231908,0.003125005
1,logistic_regression,platt_crossfit,platt,inner_train_crossfit,equal_frequency_15,5,0.1248149223,0.138801982,12022,0.1318266578,0.1269339544,0.0048927033
1,logistic_regression,platt_crossfit,platt,inner_train_crossfit,equal_frequency_15,6,0.138801982,0.1533398174,12022,0.1460478507,0.1464814507,0.0004336
1,logistic_regression,platt_crossfit,platt,inner_train_crossfit,equal_frequency_15,7,0.1533398174,0.168266647,12022,0.1607378495,0.1545499917,0.0061878578
1,logistic_regression,platt_crossfit,platt,inner_train_crossfit,equal_frequency_15,8,0.168266647,0.1841331921,12022,0.1760559331,0.1686075528,0.0074483803
1,logistic_regression,platt_crossfit,platt,inner_train_crossfit,equal_frequency_15,9,0.1841331921,0.2016742352,12022,0.1927071254,0.1888204958,0.0038866296
1,logistic_regression,platt_crossfit,platt,inner_train_crossfit,equal_frequency_15,10,0.2016742352,0.2216721312,12022,0.2114845566,0.2119447679,0.0004602113
1,logistic_regression,platt_crossfit,platt,inner_train_crossfit,equal_frequency_15,11,0.2216721312,0.2454892396,12022,0.2332201912,0.2317418067,0.0014783845
1,logistic_regression,platt_crossfit,platt,inner_train_crossfit,equal_frequency_15,12,0.2454892396,0.2767768726,12022,0.2602427065,0.2617700882,0.0015273817
1,logistic_regression,platt_crossfit,platt,inner_train_crossfit,equal_frequency_15,13,0.2767768726,0.3270923071,12022,0.2991098837,0.3076027283,0.0084928446
1,logistic_regression,platt_crossfit,platt,inner_train_crossfit,equal_frequency_15,14,0.3270923071,0.9866776609,12023,0.3994347681,0.4079680612,0.0085332932
1,logistic_regression,platt_crossfit,platt,inner_train_crossfit,equal_width_10,0,0.0,0.1,39043,0.0731069296,0.0772225495,0.0041156199
1,logistic_regression,platt_crossfit,platt,inner_train_crossfit,equal_width_10,1,0.1,0.2,80130,0.1480683261,0.1435542244,0.0045141017
1,logistic_regression,platt_crossfit,platt,inner_train_crossfit,equal_width_10,2,0.2,0.3,43735,0.2421813935,0.2429861667,0.0008047732
1,logistic_regression,platt_crossfit,platt,inner_train_crossfit,equal_width_10,3,0.3,0.4,13126,0.3392338947,0.3502971202,0.0110632255
1,logistic_regression,platt_crossfit,platt,inner_train_crossfit,equal_width_10,4,0.4,0.5,3178,0.4381474028,0.4458779106,0.0077305078
1,logistic_regression,platt_crossfit,platt,inner_train_crossfit,equal_width_10,5,0.5,0.6,817,0.5398070895,0.5667074663,0.0269003769
1,logistic_regression,platt_crossfit,platt,inner_train_crossfit,equal_width_10,6,0.6,0.7,218,0.6350233542,0.5871559633,0.0478673909
1,logistic_regression,platt_crossfit,platt,inner_train_crossfit,equal_width_10,7,0.7,0.8,55,0.7392021207,0.6181818182,0.1210203025
1,logistic_regression,platt_crossfit,platt,inner_train_crossfit,equal_width_10,8,0.8,0.9,17,0.8468880639,0.6470588235,0.1998292404
1,logistic_regression,platt_crossfit,platt,inner_train_crossfit,equal_width_10,9,0.9,1.0,13,0.9330575184,0.6923076923,0.2407498261
1,logistic_regression,isotonic_crossfit,isotonic,inner_train_crossfit,equal_frequency_15,0,1e-06,0.0713124746,10515,0.054642115,0.0559201141,0.0012779991
1,logistic_regression,isotonic_crossfit,isotonic,inner_train_crossfit,equal_frequency_15,1,0.0713124746,0.0838023765,13085,0.0772113696,0.074130684,0.0030806856
1,logistic_regression,isotonic_crossfit,isotonic,inner_train_crossfit,equal_frequency_15,2,0.0838023765,0.095045045,12313,0.088805423,0.0920165679,0.0032111448
1,logistic_regression,isotonic_crossfit,isotonic,inner_train_crossfit,equal_frequency_15,3,0.095045045,0.1056785196,10741,0.0998766666,0.1025044223,0.0026277557
1,logistic_regression,isotonic_crossfit,isotonic,inner_train_crossfit,equal_frequency_15,4,0.1056785196,0.1230769231,13312,0.1124541124,0.1096754808,0.0027786316
1,logistic_regression,isotonic_crossfit,isotonic,inner_train_crossfit,equal_frequency_15,5,0.1230769231,0.1370106762,10446,0.1278997207,0.1246410109,0.0032587098
1,logistic_regression,isotonic_crossfit,isotonic,inner_train_crossfit,equal_frequency_15,6,0.1370106762,0.1539622642,12988,0.140975004,0.1445950108,0.0036200068
1,logistic_regression,isotonic_crossfit,isotonic,inner_train_crossfit,equal_frequency_15,7,0.1539622642,0.1651473394,11900,0.1575186842,0.1554621849,0.0020564993
1,logistic_regression,isotonic_crossfit,isotonic,inner_train_crossfit,equal_frequency_15,8,0.1651473394,0.1821705426,12616,0.1694745058,0.1672479391,0.0022265667
1,logistic_regression,isotonic_crossfit,isotonic,inner_train_crossfit,equal_frequency_15,9,0.1821705426,0.1983189914,11665,0.1859853063,0.1901414488,0.0041561425
1,logistic_regression,isotonic_crossfit,isotonic,inner_train_crossfit,equal_frequency_15,10,0.1983189914,0.219378041,12021,0.2070910609,0.2117128359,0.004621775
1,logistic_regression,isotonic_crossfit,isotonic,inner_train_crossfit,equal_frequency_15,11,0.219378041,0.2482286831,11557,0.2327309833,0.2266159038,0.0061150795
1,logistic_regression,isotonic_crossfit,isotonic,inner_train_crossfit,equal_frequency_15,12,0.2482286831,0.2856793146,12215,0.2599673313,0.259762587,0.0002047443
1,logistic_regression,isotonic_crossfit,isotonic,inner_train_crossfit,equal_frequency_15,13,0.2856793146,0.339112344,12898,0.3032328251,0.3044658087,0.0012329836
1,logistic_regression,isotonic_crossfit,isotonic,inner_train_crossfit,equal_frequency_15,14,0.339112344,0.999999,12060,0.4097026554,0.4088723051,0.0008303502
1,logistic_regression,isotonic_crossfit,isotonic,inner_train_crossfit,equal_width_10,0,0.0,0.1,42391,0.0781474019,0.078318511,0.0001711092
1,logistic_regression,isotonic_crossfit,isotonic,inner_train_crossfit,equal_width_10,1,0.1,0.2,78740,0.1472168055,0.1472694945,5.2689e-05
1,logistic_regression,isotonic_crossfit,isotonic,inner_train_crossfit,equal_width_10,2,0.2,0.3,41192,0.2443954122,0.2446348806,0.0002394684
1,logistic_regression,isotonic_crossfit,isotonic,inner_train_crossfit,equal_width_10,3,0.3,0.4,13473,0.3462608796,0.3461738291,8.70504e-05
1,logistic_regression,isotonic_crossfit,isotonic,inner_train_crossfit,equal_width_10,4,0.4,0.5,3102,0.4387996217,0.4319793681,0.0068202535
1,logistic_regression,isotonic_crossfit,isotonic,inner_train_crossfit,equal_width_10,5,0.5,0.6,992,0.5344501258,0.5463709677,0.011920842
1,logistic_regression,isotonic_crossfit,isotonic,inner_train_crossfit,equal_width_10,6,0.6,0.7,423,0.6173643225,0.598108747,0.0192555754
1,logistic_regression,isotonic_crossfit,isotonic,inner_train_crossfit,equal_width_10,7,0.7,0.8,16,0.7216517857,0.6875,0.0341517857
1,logistic_regression,isotonic_crossfit,isotonic,inner_train_crossfit,equal_width_10,8,0.8,0.9,0,,,
1,logistic_regression,isotonic_crossfit,isotonic,inner_train_crossfit,equal_width_10,9,0.9,1.0,3,0.999999,0.6666666667,0.3333323333
1,random_forest_tuned,none,none,none,equal_frequency_15,0,0.003324387,0.0602236335,12023,0.0443825421,0.0512351327,0.0068525906
1,random_forest_tuned,none,none,none,equal_frequency_15,1,0.0602236335,0.0791579839,12022,0.0701958314,0.0743636666,0.0041678353
1,random_forest_tuned,none,none,none,equal_frequency_15,2,0.0791579839,0.0947763187,12022,0.087196889,0.0885044086,0.0013075196
1,random_forest_tuned,none,none,none,equal_frequency_15,3,0.0947763187,0.1090627095,12022,0.1019706139,0.0995674597,0.0024031542
1,random_forest_tuned,none,none,none,equal_frequency_15,4,0.1090627095,0.1225838487,12022,0.1158197823,0.1118782233,0.003941559
1,random_forest_tuned,none,none,none,equal_frequency_15,5,0.1225838487,0.1362449734,12022,0.1293623513,0.1250207952,0.0043415561
1,random_forest_tuned,none,none,none,equal_frequency_15,6,0.1362449734,0.1504782607,12022,0.1433306758,0.131675262,0.0116554138
1,random_forest_tuned,none,none,none,equal_frequency_15,7,0.1504782607,0.1659083485,12022,0.1581145373,0.1513059391,0.0068085982
1,random_forest_tuned,none,none,none,equal_frequency_15,8,0.1659083485,0.1825755101,12022,0.1740671591,0.1647812344,0.0092859247
1,random_forest_tuned,none,none,none,equal_frequency_15,9,0.1825755101,0.2013145466,12022,0.1916849557,0.1849941773,0.0066907784
1,random_forest_tuned,none,none,none,equal_frequency_15,10,0.2013145466,0.2227895686,12022,0.2117656642,0.2102811512,0.001484513
1,random_forest_tuned,none,none,none,equal_frequency_15,11,0.2227895686,0.249515396,12022,0.2355359897,0.2264182332,0.0091177565
1,random_forest_tuned,none,none,none,equal_frequency_15,12,0.249515396,0.2858221034,12022,0.2665462233,0.261853269,0.0046929543
1,random_forest_tuned,none,none,none,equal_frequency_15,13,0.2858221034,0.3451297666,12022,0.312352971,0.316835801,0.0044828301
1,random_forest_tuned,none,none,none,equal_frequency_15,14,0.3451297666,0.8259193813,12023,0.4191977899,0.4468102803,0.0276124904
1,random_forest_tuned,none,none,none,equal_width_10,0,0.0,0.1,40402,0.0704928305,0.0742785011,0.0037856706
1,random_forest_tuned,none,none,none,equal_width_10,1,0.1,0.2,79080,0.1469899527,0.1399595346,0.0070304181
1,random_forest_tuned,none,none,none,equal_width_10,2,0.2,0.3,40468,0.2422410161,0.2382376198,0.0040033963
1,random_forest_tuned,none,none,none,equal_width_10,3,0.3,0.4,14242,0.3409883351,0.3513551467,0.0103668117
1,random_forest_tuned,none,none,none,equal_width_10,4,0.4,0.5,4669,0.4394948235,0.4609124009,0.0214175774
1,random_forest_tuned,none,none,none,equal_width_10,5,0.5,0.6,1264,0.5382615441,0.6202531646,0.0819916204
1,random_forest_tuned,none,none,none,equal_width_10,6,0.6,0.7,186,0.633075704,0.7419354839,0.1088597799
1,random_forest_tuned,none,none,none,equal_width_10,7,0.7,0.8,19,0.7458325273,0.7894736842,0.0436411569
1,random_forest_tuned,none,none,none,equal_width_10,8,0.8,0.9,2,0.8179450566,1.0,0.1820549434
1,random_forest_tuned,none,none,none,equal_width_10,9,0.9,1.0,0,,,
1,random_forest_tuned,platt_inner_holdout,platt,inner_holdout,equal_frequency_15,0,0.0023922734,0.0552713552,12023,0.0400484693,0.0510687848,0.0110203155
1,random_forest_tuned,platt_inner_holdout,platt,inner_holdout,equal_frequency_15,1,0.0552713552,0.0739486788,12022,0.0650894309,0.0740309433,0.0089415124
1,random_forest_tuned,platt_inner_holdout,platt,inner_holdout,equal_frequency_15,2,0.0739486788,0.0895774335,12022,0.0819825314,0.0893362169,0.0073536855
1,random_forest_tuned,platt_inner_holdout,platt,inner_holdout,equal_frequency_15,3,0.0895774335,0.1040272602,12022,0.0968382062,0.099401098,0.0025628918
1,random_forest_tuned,platt_inner_holdout,platt,inner_holdout,equal_frequency_15,4,0.1040272602,0.1178098674,12022,0.1109157331,0.1117118616,0.0007961285
1,random_forest_tuned,platt_inner_holdout,platt,inner_holdout,equal_frequency_15,5,0.1178098674,0.1318623081,12022,0.1247576878,0.1234403593,0.0013173284
1,random_forest_tuned,platt_inner_holdout,platt,inner_holdout,equal_frequency_15,6,0.1318623081,0.1465528579,12022,0.1391348165,0.1345034104,0.0046314061
1,random_forest_tuned,platt_inner_holdout,platt,inner_holdout,equal_frequency_15,7,0.1465528579,0.1625482514,12022,0.1544542312,0.1499750457,0.0044791855
1,random_forest_tuned,platt_inner_holdout,platt,inner_holdout,equal_frequency_15,8,0.1625482514,0.1799119751,12022,0.1710420976,0.1654466811,0.0055954165
1,random_forest_tuned,platt_inner_holdout,platt,inner_holdout,equal_frequency_15,9,0.1799119751,0.1995435131,12022,0.1894791322,0.1845782732,0.004900859
1,random_forest_tuned,platt_inner_holdout,platt,inner_holdout,equal_frequency_15,10,0.1995435131,0.2221883107,12022,0.2105904839,0.2106970554,0.0001065715
1,random_forest_tuned,platt_inner_holdout,platt,inner_holdout,equal_frequency_15,11,0.2221883107,0.2504599962,12022,0.2357153111,0.2262518716,0.0094634396
1,random_forest_tuned,platt_inner_holdout,platt,inner_holdout,equal_frequency_15,12,0.2504599962,0.2891727902,12022,0.2686490297,0.2602728331,0.0083761965
1,random_forest_tuned,platt_inner_holdout,platt,inner_holdout,equal_frequency_15,13,0.2891727902,0.3523532913,12022,0.3174669107,0.3182498752,0.0007829646
1,random_forest_tuned,platt_inner_holdout,platt,inner_holdout,equal_frequency_15,14,0.3523532913,0.8529047349,12023,0.4313674036,0.4465607585,0.0151933549
1,random_forest_tuned,platt_inner_holdout,platt,inner_holdout,equal_width_10,0,0.0,0.1,44719,0.0686506994,0.0766564548,0.0080057554
1,random_forest_tuned,platt_inner_holdout,platt,inner_holdout,equal_width_10,1,0.1,0.2,75742,0.1464012402,0.1431042222,0.003297018
1,random_forest_tuned,platt_inner_holdout,platt,inner_holdout,equal_width_10,2,0.2,0.3,38459,0.2424078978,0.2370316441,0.0053762537
1,random_forest_tuned,platt_inner_holdout,platt,inner_holdout,equal_width_10,3,0.3,0.4,14400,0.3412952549,0.3438888889,0.002593634
1,random_forest_tuned,platt_inner_holdout,platt,inner_holdout,equal_width_10,4,0.4,0.5,5137,0.4406749411,0.4524041269,0.0117291858
1,random_forest_tuned,platt_inner_holdout,platt,inner_holdout,equal_width_10,5,0.5,0.6,1543,0.5406649586,0.5826312378,0.0419662793
1,random_forest_tuned,platt_inner_holdout,platt,inner_holdout,equal_width_10,6,0.6,0.7,295,0.6338436529,0.7355932203,0.1017495675
1,random_forest_tuned,platt_inner_holdout,platt,inner_holdout,equal_width_10,7,0.7,0.8,29,0.7309994789,0.7931034483,0.0621039694
1,random_forest_tuned,platt_inner_holdout,platt,inner_holdout,equal_width_10,8,0.8,0.9,8,0.821046233,0.875,0.053953767
1,random_forest_tuned,platt_inner_holdout,platt,inner_holdout,equal_width_10,9,0.9,1.0,0,,,
1,random_forest_tuned,isotonic_inner_holdout,isotonic,inner_holdout,equal_frequency_15,0,1e-06,0.0607594937,11577,0.044854466,0.0509631165,0.0061086505
1,random_forest_tuned,isotonic_inner_holdout,isotonic,inner_holdout,equal_frequency_15,1,0.0607594937,0.0736654804,10380,0.0672518618,0.074566474,0.0073146122
1,random_forest_tuned,isotonic_inner_holdout,isotonic,inner_holdout,equal_frequency_15,2,0.0736654804,0.0926640927,13998,0.0833530755,0.0851550221,0.0018019466
1,random_forest_tuned,isotonic_inner_holdout,isotonic,inner_holdout,equal_frequency_15,3,0.0926640927,0.0965463108,10547,0.0949409653,0.1031572959,0.0082163306
1,random_forest_tuned,isotonic_inner_holdout,isotonic,inner_holdout,equal_frequency_15,4,0.0965463108,0.1165048544,13028,0.109428993,0.1103008904,0.0008718974
1,random_forest_tuned,isotonic_inner_holdout,isotonic,inner_holdout,equal_frequency_15,5,0.1165048544,0.1348046525,11589,0.1252571985,0.1202864786,0.00497072
1,random_forest_tuned,isotonic_inner_holdout,isotonic,inner_holdout,equal_frequency_15,6,0.1348046525,0.1453900709,12460,0.1391935587,0.1382022472,0.0009913115
1,random_forest_tuned,isotonic_inner_holdout,isotonic,inner_holdout,equal_frequency_15,7,0.1453900709,0.1538461538,12569,0.1476946372,0.1441642135,0.0035304236
1,random_forest_tuned,isotonic_inner_holdout,isotonic,inner_holdout,equal_frequency_15,8,0.1538461538,0.1677089255,11609,0.161659652,0.1663364631,0.0046768111
1,random_forest_tuned,isotonic_inner_holdout,isotonic,inner_holdout,equal_frequency_15,9,0.1677089255,0.1941112323,12125,0.1792128609,0.1837525773,0.0045397164
1,random_forest_tuned,isotonic_inner_holdout,isotonic,inner_holdout,equal_frequency_15,10,0.1941112323,0.2188183807,12316,0.2045030216,0.2090776226,0.0045746011
1,random_forest_tuned,isotonic_inner_holdout,isotonic,inner_holdout,equal_frequency_15,11,0.2188183807,0.2442307692,11094,0.228998656,0.2241752299,0.0048234262
1,random_forest_tuned,isotonic_inner_holdout,isotonic,inner_holdout,equal_frequency_15,12,0.2442307692,0.2920489297,12658,0.2615424467,0.2644967609,0.0029543143
1,random_forest_tuned,isotonic_inner_holdout,isotonic,inner_holdout,equal_frequency_15,13,0.2920489297,0.351744186,11634,0.3180166404,0.3136496476,0.0043669928
1,random_forest_tuned,isotonic_inner_holdout,isotonic,inner_holdout,equal_frequency_15,14,0.351744186,0.999999,12748,0.4492746485,0.4375588328,0.0117158157
1,random_forest_tuned,isotonic_inner_holdout,isotonic,inner_holdout,equal_width_10,0,0.0,0.1,48409,0.0737462019,0.078828317,0.0050821151
1,random_forest_tuned,isotonic_inner_holdout,isotonic,inner_holdout,equal_width_10,1,0.1,0.2,75862,0.1475157698,0.1482164984,0.0007007286
1,random_forest_tuned,isotonic_inner_holdout,isotonic,inner_holdout,equal_width_10,2,0.2,0.3,33406,0.2399732459,0.2400167635,4.35175e-05
1,random_forest_tuned,isotonic_inner_holdout,isotonic,inner_holdout,equal_width_10,3,0.3,0.4,14867,0.3388511241,0.3342301742,0.0046209498
1,random_forest_tuned,isotonic_inner_holdout,isotonic,inner_holdout,equal_width_10,4,0.4,0.5,4654,0.4429962454,0.4316716803,0.0113245651
1,random_forest_tuned,isotonic_inner_holdout,isotonic,inner_holdout,equal_width_10,5,0.5,0.6,2124,0.5387700796,0.5178907721,0.0208793074
1,random_forest_tuned,isotonic_inner_holdout,isotonic,inner_holdout,equal_width_10,6,0.6,0.7,748,0.6273642926,0.6056149733,0.0217493193
1,random_forest_tuned,isotonic_inner_holdout,isotonic,inner_holdout,equal_width_10,7,0.7,0.8,148,0.7448783523,0.6824324324,0.0624459199
1,random_forest_tuned,isotonic_inner_holdout,isotonic,inner_holdout,equal_width_10,8,0.8,0.9,77,0.8230343445,0.8311688312,0.0081344866
1,random_forest_tuned,isotonic_inner_holdout,isotonic,inner_holdout,equal_width_10,9,0.9,1.0,37,0.9740061379,0.8378378378,0.1361683001
1,random_forest_tuned,platt_crossfit,platt,inner_train_crossfit,equal_frequency_15,0,0.0029096666,0.0568381655,12023,0.0414473475,0.0511519587,0.0097046112
1,random_forest_tuned,platt_crossfit,platt,inner_train_crossfit,equal_frequency_15,1,0.0568381655,0.075660558,12022,0.0667449536,0.0741141241,0.0073691705
1,random_forest_tuned,platt_crossfit,platt,inner_train_crossfit,equal_frequency_15,2,0.075660558,0.0912928854,12022,0.083692322,0.0887539511,0.0050616291
1,random_forest_tuned,platt_crossfit,platt,inner_train_crossfit,equal_frequency_15,3,0.0912928854,0.1056743043,12022,0.0985253047,0.0993179172,0.0007926125
1,random_forest_tuned,platt_crossfit,platt,inner_train_crossfit,equal_frequency_15,4,0.1056743043,0.1193501834,12022,0.1125276201,0.1122941274,0.0002334927
1,random_forest_tuned,platt_crossfit,platt,inner_train_crossfit,equal_frequency_15,5,0.1193501834,0.1332946564,12022,0.1262786922,0.1250207952,0.0012578969
1,random_forest_tuned,platt_crossfit,platt,inner_train_crossfit,equal_frequency_15,6,0.1332946564,0.1478152909,12022,0.1405388281,0.1314257195,0.0091131086
1,random_forest_tuned,platt_crossfit,platt,inner_train_crossfit,equal_frequency_15,7,0.1478152909,0.1636768481,12022,0.1556906519,0.1518050241,0.0038856277
1,random_forest_tuned,platt_crossfit,platt,inner_train_crossfit,equal_frequency_15,8,0.1636768481,0.1808854297,12022,0.1721034566,0.1647812344,0.0073222222
1,random_forest_tuned,platt_crossfit,platt,inner_train_crossfit,equal_frequency_15,9,0.1808854297,0.2002316748,12022,0.190292252,0.185160539,0.005131713
1,random_forest_tuned,platt_crossfit,platt,inner_train_crossfit,equal_frequency_15,10,0.2002316748,0.2225075849,12022,0.2110882496,0.2100316087,0.0010566409
1,random_forest_tuned,platt_crossfit,platt,inner_train_crossfit,equal_frequency_15,11,0.2225075849,0.2503304353,12022,0.2357777219,0.2259191482,0.0098585737
1,random_forest_tuned,platt_crossfit,platt,inner_train_crossfit,equal_frequency_15,12,0.2503304353,0.2881852781,12022,0.2680698595,0.2616869073,0.0063829522
1,random_forest_tuned,platt_crossfit,platt,inner_train_crossfit,equal_frequency_15,13,0.2881852781,0.350284162,12022,0.315936365,0.3177507902,0.0018144252
1,random_forest_tuned,platt_crossfit,platt,inner_train_crossfit,equal_frequency_15,14,0.350284162,0.8366238311,12023,0.4276554046,0.4463112368,0.0186558322
1,random_forest_tuned,platt_crossfit,platt,inner_train_crossfit,equal_width_10,0,0.0,0.1,43255,0.0692246889,0.0758062652,0.0065815762
1,random_forest_tuned,platt_crossfit,platt,inner_train_crossfit,equal_width_10,1,0.1,0.2,76836,0.1465451281,0.1421859545,0.0043591736
1,random_forest_tuned,platt_crossfit,platt,inner_train_crossfit,equal_width_10,2,0.2,0.3,39141,0.2423826452,0.2369893462,0.005393299
1,random_forest_tuned,platt_crossfit,platt,inner_train_crossfit,equal_width_10,3,0.3,0.4,14338,0.3412043813,0.3462128609,0.0050084796
1,random_forest_tuned,platt_crossfit,platt,inner_train_crossfit,equal_width_10,4,0.4,0.5,5015,0.4403424547,0.453439681,0.0130972263
1,random_forest_tuned,platt_crossfit,platt,inner_train_crossfit,equal_width_10,5,0.5,0.6,1466,0.540035476,0.5968622101,0.0568267341
1,random_forest_tuned,platt_crossfit,platt,inner_train_crossfit,equal_width_10,6,0.6,0.7,248,0.6332945128,0.7459677419,0.1126732292
1,random_forest_tuned,platt_crossfit,platt,inner_train_crossfit,equal_width_10,7,0.7,0.8,29,0.7322281898,0.7931034483,0.0608752585
1,random_forest_tuned,platt_crossfit,platt,inner_train_crossfit,equal_width_10,8,0.8,0.9,4,0.8183949616,1.0,0.1816050384
1,random_forest_tuned,platt_crossfit,platt,inner_train_crossfit,equal_width_10,9,0.9,1.0,0,,,
1,random_forest_tuned,isotonic_crossfit,isotonic,inner_train_crossfit,equal_frequency_15,0,1e-06,0.064516129,11970,0.0501849107,0.0509607352,0.0007758245
1,random_forest_tuned,isotonic_crossfit,isotonic,inner_train_crossfit,equal_frequency_15,1,0.064516129,0.0770137525,11578,0.0712131994,0.0735014683,0.0022882689
1,random_forest_tuned,isotonic_crossfit,isotonic,inner_train_crossfit,equal_frequency_15,2,0.0770137525,0.0934195065,12264,0.0866605836,0.0896118721,0.0029512885
1,random_forest_tuned,isotonic_crossfit,isotonic,inner_train_crossfit,equal_frequency_15,3,0.0934195065,0.1043024772,11395,0.0986641277,0.0978499342,0.0008141935
1,random_forest_tuned,isotonic_crossfit,isotonic,inner_train_crossfit,equal_frequency_15,4,0.1043024772,0.1159295835,11520,0.1105068454,0.1111111111,0.0006042657
1,random_forest_tuned,isotonic_crossfit,isotonic,inner_train_crossfit,equal_frequency_15,5,0.1159295835,0.1307581078,12302,0.1237334845,0.1229068444,0.0008266401
1,random_forest_tuned,isotonic_crossfit,isotonic,inner_train_crossfit,equal_frequency_15,6,0.1307581078,0.1413333333,12943,0.134325169,0.1317314378,0.0025937311
1,random_forest_tuned,isotonic_crossfit,isotonic,inner_train_crossfit,equal_frequency_15,7,0.1413333333,0.154676259,12147,0.1518209248,0.1532065531,0.0013856282
1,random_forest_tuned,isotonic_crossfit,isotonic,inner_train_crossfit,equal_frequency_15,8,0.154676259,0.1729226821,11673,0.1634287218,0.1661098261,0.0026811043
1,random_forest_tuned,isotonic_crossfit,isotonic,inner_train_crossfit,equal_frequency_15,9,0.1729226821,0.1970326409,11581,0.1822407279,0.1823676712,0.0001269432
1,random_forest_tuned,isotonic_crossfit,isotonic,inner_train_crossfit,equal_frequency_15,10,0.1970326409,0.2184857424,12215,0.2052081459,0.2070405239,0.0018323781
1,random_forest_tuned,isotonic_crossfit,isotonic,inner_train_crossfit,equal_frequency_15,11,0.2184857424,0.2451838879,12592,0.2279961661,0.2261753494,0.0018208167
1,random_forest_tuned,isotonic_crossfit,isotonic,inner_train_crossfit,equal_frequency_15,12,0.2451838879,0.2853025937,11700,0.265056098,0.2600854701,0.0049706279
1,random_forest_tuned,isotonic_crossfit,isotonic,inner_train_crossfit,equal_frequency_15,13,0.2853025937,0.3564173592,12190,0.3161642428,0.3191960623,0.0030318196
1,random_forest_tuned,isotonic_crossfit,isotonic,inner_train_crossfit,equal_frequency_15,14,0.3564173592,0.999999,12262,0.4476395222,0.4412004567,0.0064390655
1,random_forest_tuned,isotonic_crossfit,isotonic,inner_train_crossfit,equal_width_10,0,0.0,0.1,41715,0.0732179147,0.0746014623,0.0013835476
1,random_forest_tuned,isotonic_crossfit,isotonic,inner_train_crossfit,equal_width_10,1,0.1,0.2,81293,0.1435975323,0.1434932897,0.0001042426
1,random_forest_tuned,isotonic_crossfit,isotonic,inner_train_crossfit,equal_width_10,2,0.2,0.3,35765,0.2405047803,0.2391164546,0.0013883256
1,random_forest_tuned,isotonic_crossfit,isotonic,inner_train_crossfit,equal_width_10,3,0.3,0.4,13364,0.3392009077,0.3423376235,0.0031367158
1,random_forest_tuned,isotonic_crossfit,isotonic,inner_train_crossfit,equal_width_10,4,0.4,0.5,5557,0.4356948041,0.426669066,0.0090257381
1,random_forest_tuned,isotonic_crossfit,isotonic,inner_train_crossfit,equal_width_10,5,0.5,0.6,1864,0.5427940221,0.5413090129,0.0014850092
1,random_forest_tuned,isotonic_crossfit,isotonic,inner_train_crossfit,equal_width_10,6,0.6,0.7,519,0.6543442447,0.6377649326,0.0165793122
1,random_forest_tuned,isotonic_crossfit,isotonic,inner_train_crossfit,equal_width_10,7,0.7,0.8,180,0.7193203988,0.7222222222,0.0029018235
1,random_forest_tuned,isotonic_crossfit,isotonic,inner_train_crossfit,equal_width_10,8,0.8,0.9,60,0.8458521435,0.7666666667,0.0791854769
1,random_forest_tuned,isotonic_crossfit,isotonic,inner_train_crossfit,equal_width_10,9,0.9,1.0,15,0.9954642761,0.9333333333,0.0621309428
1,lightgbm_tuned,none,none,none,equal_frequency_15,0,0.0161816791,0.0757157713,12023,0.0648901624,0.0595525243,0.005337638
1,lightgbm_tuned,none,none,none,equal_frequency_15,1,0.0757157713,0.0896472973,12022,0.0825703091,0.0811013143,0.0014689948
1,lightgbm_tuned,none,none,none,equal_frequency_15,2,0.0896472973,0.1025402802,12022,0.0963044059,0.092330727,0.0039736789
1,lightgbm_tuned,none,none,none,equal_frequency_15,3,0.1025402802,0.1141126024,12022,0.1083523257,0.1038928631,0.0044594626
1,lightgbm_tuned,none,none,none,equal_frequency_15,4,0.1141126024,0.1250758764,12022,0.1195901516,0.1143736483,0.0052165033
1,lightgbm_tuned,none,none,none,equal_frequency_15,5,0.1250758764,0.135508391,12022,0.1302954262,0.1299284645,0.0003669617
1,lightgbm_tuned,none,none,none,equal_frequency_15,6,0.135508391,0.1462920903,12022,0.1408421455,0.1347529529,0.0060891925
1,lightgbm_tuned,none,none,none,equal_frequency_15,7,0.1462920903,0.1584615908,12022,0.1522851274,0.1492264182,0.0030587092
1,lightgbm_tuned,none,none,none,equal_frequency_15,8,0.1584615908,0.1720186061,12022,0.1650491417,0.1641157877,0.0009333539
1,lightgbm_tuned,none,none,none,equal_frequency_15,9,0.1720186061,0.1874059195,12022,0.1795703306,0.1877391449,0.0081688143
1,lightgbm_tuned,none,none,none,equal_frequency_15,10,0.1874059195,0.2054216206,12022,0.1960550195,0.2086175345,0.0125625151
1,lightgbm_tuned,none,none,none,equal_frequency_15,11,0.2054216206,0.2281501476,12022,0.2161998793,0.2313259025,0.0151260232
1,lightgbm_tuned,none,none,none,equal_frequency_15,12,0.2281501476,0.2603348841,12022,0.2430021587,0.2534520047,0.0104498459
1,lightgbm_tuned,none,none,none,equal_frequency_15,13,0.2603348841,0.3174496151,12022,0.2854833548,0.3036932291,0.0182098743
1,lightgbm_tuned,none,none,none,equal_frequency_15,14,0.3174496151,0.852842234,12023,0.4011532572,0.4314231057,0.0302698485
1,lightgbm_tuned,none,none,none,equal_width_10,0,0.0,0.1,33511,0.0797272918,0.0761242577,0.0036030341
1,lightgbm_tuned,none,none,none,equal_width_10,1,0.1,0.2,95478,0.1458975735,0.1453528562,0.0005447173
1,lightgbm_tuned,none,none,none,equal_width_10,2,0.2,0.3,36453,0.2394297557,0.2545469509,0.0151171951
1,lightgbm_tuned,none,none,none,equal_width_10,3,0.3,0.4,10332,0.3401109187,0.3572396438,0.0171287251
1,lightgbm_tuned,none,none,none,equal_width_10,4,0.4,0.5,3157,0.4417984808,0.4811529933,0.0393545126
1,lightgbm_tuned,none,none,none,equal_width_10,5,0.5,0.6,1036,0.5397105198,0.6071428571,0.0674323373
1,lightgbm_tuned,none,none,none,equal_width_10,6,0.6,0.7,312,0.6414440667,0.6762820513,0.0348379846
1,lightgbm_tuned,none,none,none,equal_width_10,7,0.7,0.8,48,0.7321979543,0.875,0.1428020457
1,lightgbm_tuned,none,none,none,equal_width_10,8,0.8,0.9,5,0.8195781926,1.0,0.1804218074
1,lightgbm_tuned,none,none,none,equal_width_10,9,0.9,1.0,0,,,
1,lightgbm_tuned,platt_inner_holdout,platt,inner_holdout,equal_frequency_15,0,0.0131981176,0.0698795018,12023,0.0588238315,0.0596356982,0.0008118667
1,lightgbm_tuned,platt_inner_holdout,platt,inner_holdout,equal_frequency_15,1,0.0698795018,0.0842428711,12022,0.0769535302,0.0812676759,0.0043141457
1,lightgbm_tuned,platt_inner_holdout,platt,inner_holdout,equal_frequency_15,2,0.0842428711,0.0980532832,12022,0.0913326251,0.0924970887,0.0011644635
1,lightgbm_tuned,platt_inner_holdout,platt,inner_holdout,equal_frequency_15,3,0.0980532832,0.1105025509,12022,0.1042759713,0.1031442356,0.0011317358
1,lightgbm_tuned,platt_inner_holdout,platt,inner_holdout,equal_frequency_15,4,0.1105025509,0.1223271417,12022,0.1164224519,0.116037265,0.0003851869
1,lightgbm_tuned,platt_inner_holdout,platt,inner_holdout,equal_frequency_15,5,0.1223271417,0.1337910713,12022,0.1280984474,0.1278489436,0.0002495038
1,lightgbm_tuned,platt_inner_holdout,platt,inner_holdout,equal_frequency_15,6,0.1337910713,0.1456995062,12022,0.1396614928,0.1354183996,0.0042430932
1,lightgbm_tuned,platt_inner_holdout,platt,inner_holdout,equal_frequency_15,7,0.1456995062,0.1592259654,12022,0.1523653264,0.1500582266,0.0023070999
1,lightgbm_tuned,platt_inner_holdout,platt,inner_holdout,equal_frequency_15,8,0.1592259654,0.1744159119,12022,0.1666199047,0.1632007985,0.0034191062
1,lightgbm_tuned,platt_inner_holdout,platt,inner_holdout,equal_frequency_15,9,0.1744159119,0.1918208569,12022,0.182940462,0.1884045916,0.0054641295
1,lightgbm_tuned,platt_inner_holdout,platt,inner_holdout,equal_frequency_15,10,0.1918208569,0.212265368,12022,0.2016100813,0.2091998004,0.0075897191
1,lightgbm_tuned,platt_inner_holdout,platt,inner_holdout,equal_frequency_15,11,0.212265368,0.2382256692,12022,0.2245493934,0.2303277325,0.0057783391
1,lightgbm_tuned,platt_inner_holdout,platt,inner_holdout,equal_frequency_15,12,0.2382256692,0.2752052568,12022,0.2553043811,0.252786558,0.0025178231
1,lightgbm_tuned,platt_inner_holdout,platt,inner_holdout,equal_frequency_15,13,0.2752052568,0.3411761846,12022,0.304205053,0.3041923141,1.27389e-05
1,lightgbm_tuned,platt_inner_holdout,platt,inner_holdout,equal_frequency_15,14,0.3411761846,0.9040524095,12023,0.4359373113,0.4315062796,0.0044310317
1,lightgbm_tuned,platt_inner_holdout,platt,inner_holdout,equal_width_10,0,0.0,0.1,37943,0.0768551895,0.0791450333,0.0022898438
1,lightgbm_tuned,platt_inner_holdout,platt,inner_holdout,equal_width_10,1,0.1,0.2,87478,0.1456282473,0.1449735934,0.0006546539
1,lightgbm_tuned,platt_inner_holdout,platt,inner_holdout,equal_width_10,2,0.2,0.3,36452,0.2407673088,0.244787666,0.0040203572
1,lightgbm_tuned,platt_inner_holdout,platt,inner_holdout,equal_width_10,3,0.3,0.4,11849,0.3413142135,0.3340366276,0.0072775859
1,lightgbm_tuned,platt_inner_holdout,platt,inner_holdout,equal_width_10,4,0.4,0.5,4231,0.4416201004,0.4348853699,0.0067347305
1,lightgbm_tuned,platt_inner_holdout,platt,inner_holdout,equal_width_10,5,0.5,0.6,1629,0.5419794317,0.5445058318,0.0025264001
1,lightgbm_tuned,platt_inner_holdout,platt,inner_holdout,equal_width_10,6,0.6,0.7,561,0.6405125682,0.6666666667,0.0261540985
1,lightgbm_tuned,platt_inner_holdout,platt,inner_holdout,equal_width_10,7,0.7,0.8,167,0.7348728506,0.7005988024,0.0342740482
1,lightgbm_tuned,platt_inner_holdout,platt,inner_holdout,equal_width_10,8,0.8,0.9,21,0.8265379282,0.9523809524,0.1258430242
1,lightgbm_tuned,platt_inner_holdout,platt,inner_holdout,equal_width_10,9,0.9,1.0,1,0.9040524095,1.0,0.0959475905
1,lightgbm_tuned,isotonic_inner_holdout,isotonic,inner_holdout,equal_frequency_15,0,1e-06,0.0726141079,11360,0.0536490141,0.0608274648,0.0071784507
1,lightgbm_tuned,isotonic_inner_holdout,isotonic,inner_holdout,equal_frequency_15,1,0.0726141079,0.0876168224,12410,0.076956236,0.07727639,0.000320154
1,lightgbm_tuned,isotonic_inner_holdout,isotonic,inner_holdout,equal_frequency_15,2,0.0876168224,0.099112426,11786,0.0913508685,0.094179535,0.0028286666
1,lightgbm_tuned,isotonic_inner_holdout,isotonic,inner_holdout,equal_frequency_15,3,0.099112426,0.1108374384,12402,0.1067752855,0.1015965167,0.0051787688
1,lightgbm_tuned,isotonic_inner_holdout,isotonic,inner_holdout,equal_frequency_15,4,0.1108374384,0.1212951432,12135,0.1162284209,0.1180881747,0.0018597538
1,lightgbm_tuned,isotonic_inner_holdout,isotonic,inner_holdout,equal_frequency_15,5,0.1212951432,0.1333333333,12037,0.1242607773,0.1266926975,0.0024319203
1,lightgbm_tuned,isotonic_inner_holdout,isotonic,inner_holdout,equal_frequency_15,6,0.1333333333,0.1434814275,10620,0.1383476829,0.1355932203,0.0027544625
1,lightgbm_tuned,isotonic_inner_holdout,isotonic,inner_holdout,equal_frequency_15,7,0.1434814275,0.1563240171,12006,0.151104641,0.1493419957,0.0017626453
1,lightgbm_tuned,isotonic_inner_holdout,isotonic,inner_holdout,equal_frequency_15,8,0.1563240171,0.1635687732,9272,0.1591735797,0.1630716135,0.0038980337
1,lightgbm_tuned,isotonic_inner_holdout,isotonic,inner_holdout,equal_frequency_15,9,0.1635687732,0.1855146125,15094,0.1702733712,0.1839141381,0.0136407669
1,lightgbm_tuned,isotonic_inner_holdout,isotonic,inner_holdout,equal_frequency_15,10,0.1855146125,0.2175925926,12886,0.2017504326,0.2011485333,0.0006018993
1,lightgbm_tuned,isotonic_inner_holdout,isotonic,inner_holdout,equal_frequency_15,11,0.2175925926,0.2397660819,11534,0.2317965858,0.2327033119,0.0009067262
1,lightgbm_tuned,isotonic_inner_holdout,isotonic,inner_holdout,equal_frequency_15,12,0.2397660819,0.2725199544,12469,0.2574564748,0.2530275082,0.0044289666
1,lightgbm_tuned,isotonic_inner_holdout,isotonic,inner_holdout,equal_frequency_15,13,0.2725199544,0.3410852713,12186,0.3065012885,0.3049400952,0.0015611933
1,lightgbm_tuned,isotonic_inner_holdout,isotonic,inner_holdout,equal_frequency_15,14,0.3410852713,0.999999,12135,0.4365329939,0.4251339102,0.0113990837
1,lightgbm_tuned,isotonic_inner_holdout,isotonic,inner_holdout,equal_width_10,0,0.0,0.1,37224,0.0753938836,0.0784440146,0.0030501311
1,lightgbm_tuned,isotonic_inner_holdout,isotonic,inner_holdout,equal_width_10,1,0.1,0.2,87378,0.142354765,0.1442926137,0.0019378487
1,lightgbm_tuned,isotonic_inner_holdout,isotonic,inner_holdout,equal_width_10,2,0.2,0.3,37582,0.2453392629,0.2439997871,0.0013394758
1,lightgbm_tuned,isotonic_inner_holdout,isotonic,inner_holdout,equal_width_10,3,0.3,0.4,12650,0.346628904,0.3396837945,0.0069451095
1,lightgbm_tuned,isotonic_inner_holdout,isotonic,inner_holdout,equal_width_10,4,0.4,0.5,2891,0.4578444283,0.4482877897,0.0095566386
1,lightgbm_tuned,isotonic_inner_holdout,isotonic,inner_holdout,equal_width_10,5,0.5,0.6,1477,0.5394470754,0.538253216,0.0011938594
1,lightgbm_tuned,isotonic_inner_holdout,isotonic,inner_holdout,equal_width_10,6,0.6,0.7,941,0.640678844,0.6216790648,0.0189997791
1,lightgbm_tuned,isotonic_inner_holdout,isotonic,inner_holdout,equal_width_10,7,0.7,0.8,170,0.7328106679,0.6823529412,0.0504577267
1,lightgbm_tuned,isotonic_inner_holdout,isotonic,inner_holdout,equal_width_10,8,0.8,0.9,2,0.8392699057,1.0,0.1607300943
1,lightgbm_tuned,isotonic_inner_holdout,isotonic,inner_holdout,equal_width_10,9,0.9,1.0,17,0.9953844416,0.9411764706,0.054207971
1,lightgbm_tuned,platt_crossfit,platt,inner_train_crossfit,equal_frequency_15,0,0.013642994,0.0723192632,12023,0.0611727038,0.0593030026,0.0018697012
1,lightgbm_tuned,platt_crossfit,platt,inner_train_crossfit,equal_frequency_15,1,0.0723192632,0.0869590348,12022,0.0794847623,0.0812676759,0.0017829137
1,lightgbm_tuned,platt_crossfit,platt,inner_train_crossfit,equal_frequency_15,2,0.0869590348,0.1006073698,12022,0.0939846202,0.0914157378,0.0025688823
1,lightgbm_tuned,platt_crossfit,platt,inner_train_crossfit,equal_frequency_15,3,0.1006073698,0.1130324427,12022,0.1068527562,0.1050573948,0.0017953614
1,lightgbm_tuned,platt_crossfit,platt,inner_train_crossfit,equal_frequency_15,4,0.1130324427,0.1249188077,12022,0.1189635045,0.1138745633,0.0050889412
1,lightgbm_tuned,platt_crossfit,platt,inner_train_crossfit,equal_frequency_15,5,0.1249188077,0.1362713083,12022,0.130571826,0.1292630178,0.0013088082
1,lightgbm_tuned,platt_crossfit,platt,inner_train_crossfit,equal_frequency_15,6,0.1362713083,0.1480563162,12022,0.1420642039,0.1359174846,0.0061467193
1,lightgbm_tuned,platt_crossfit,platt,inner_train_crossfit,equal_frequency_15,7,0.1480563162,0.1614196596,12022,0.1546338477,0.1489768757,0.005656972
1,lightgbm_tuned,platt_crossfit,platt,inner_train_crossfit,equal_frequency_15,8,0.1614196596,0.1763951373,12022,0.1687277686,0.1642821494,0.0044456192
1,lightgbm_tuned,platt_crossfit,platt,inner_train_crossfit,equal_frequency_15,9,0.1763951373,0.1935508988,12022,0.1848273006,0.1880718682,0.0032445677
1,lightgbm_tuned,platt_crossfit,platt,inner_train_crossfit,equal_frequency_15,10,0.1935508988,0.2136445615,12022,0.2031988801,0.2077025453,0.0045036653
1,lightgbm_tuned,platt_crossfit,platt,inner_train_crossfit,equal_frequency_15,11,0.2136445615,0.239064789,12022,0.2257229274,0.2324072534,0.0066843259
1,lightgbm_tuned,platt_crossfit,platt,inner_train_crossfit,equal_frequency_15,12,0.239064789,0.2753350371,12022,0.2558197862,0.2525370155,0.0032827708
1,lightgbm_tuned,platt_crossfit,platt,inner_train_crossfit,equal_frequency_15,13,0.2753350371,0.3395233965,12022,0.3036445651,0.3041923141,0.000547749
1,lightgbm_tuned,platt_crossfit,platt,inner_train_crossfit,equal_frequency_15,14,0.3395233965,0.8865199286,12023,0.4323390916,0.4312567579,0.0010823338
1,lightgbm_tuned,platt_crossfit,platt,inner_train_crossfit,equal_width_10,0,0.0,0.1,35486,0.0778515908,0.0773826298,0.0004689611
1,lightgbm_tuned,platt_crossfit,platt,inner_train_crossfit,equal_width_10,1,0.1,0.2,88887,0.145994998,0.1432267936,0.0027682044
1,lightgbm_tuned,platt_crossfit,platt,inner_train_crossfit,equal_width_10,2,0.2,0.3,37580,0.2405720009,0.2437200639,0.0031480629
1,lightgbm_tuned,platt_crossfit,platt,inner_train_crossfit,equal_width_10,3,0.3,0.4,11961,0.3410780448,0.3343365939,0.0067414509
1,lightgbm_tuned,platt_crossfit,platt,inner_train_crossfit,equal_width_10,4,0.4,0.5,4165,0.4413420017,0.437454982,0.0038870197
1,lightgbm_tuned,platt_crossfit,platt,inner_train_crossfit,equal_width_10,5,0.5,0.6,1579,0.5421280563,0.5617479417,0.0196198854
1,lightgbm_tuned,platt_crossfit,platt,inner_train_crossfit,equal_width_10,6,0.6,0.7,513,0.6417065242,0.6647173489,0.0230108247
1,lightgbm_tuned,platt_crossfit,platt,inner_train_crossfit,equal_width_10,7,0.7,0.8,146,0.7347545006,0.7191780822,0.0155764184
1,lightgbm_tuned,platt_crossfit,platt,inner_train_crossfit,equal_width_10,8,0.8,0.9,15,0.8301171259,1.0,0.1698828741
1,lightgbm_tuned,platt_crossfit,platt,inner_train_crossfit,equal_width_10,9,0.9,1.0,0,,,
1,lightgbm_tuned,isotonic_crossfit,isotonic,inner_train_crossfit,equal_frequency_15,0,0.011627907,0.0702087287,11041,0.0611055355,0.0593243366,0.0017811989
1,lightgbm_tuned,isotonic_crossfit,isotonic,inner_train_crossfit,equal_frequency_15,1,0.0702087287,0.085062546,11601,0.0780043381,0.0797345056,0.0017301675
1,lightgbm_tuned,isotonic_crossfit,isotonic,inner_train_crossfit,equal_frequency_15,2,0.085062546,0.1016244805,12900,0.0936658877,0.0921705426,0.001495345
1,lightgbm_tuned,isotonic_crossfit,isotonic,inner_train_crossfit,equal_frequency_15,3,0.1016244805,0.1091989987,12408,0.1046875644,0.1007414571,0.0039461073
1,lightgbm_tuned,isotonic_crossfit,isotonic,inner_train_crossfit,equal_frequency_15,4,0.1091989987,0.1217391304,12141,0.1156468761,0.1142410016,0.0014058746
1,lightgbm_tuned,isotonic_crossfit,isotonic,inner_train_crossfit,equal_frequency_15,5,0.1217391304,0.1350681537,9272,0.1286099978,0.1327653149,0.0041553172
1,lightgbm_tuned,isotonic_crossfit,isotonic,inner_train_crossfit,equal_frequency_15,6,0.1350681537,0.1444267234,14006,0.1379379543,0.1345851778,0.0033527765
1,lightgbm_tuned,isotonic_crossfit,isotonic,inner_train_crossfit,equal_frequency_15,7,0.1444267234,0.1615656268,12337,0.1524950808,0.1471184243,0.0053766565
1,lightgbm_tuned,isotonic_crossfit,isotonic,inner_train_crossfit,equal_frequency_15,8,0.1615656268,0.1698389458,12362,0.1652526052,0.1644555897,0.0007970155
1,lightgbm_tuned,isotonic_crossfit,isotonic,inner_train_crossfit,equal_frequency_15,9,0.1698389458,0.1980427932,11990,0.1828429948,0.1903252711,0.0074822762
1,lightgbm_tuned,isotonic_crossfit,isotonic,inner_train_crossfit,equal_frequency_15,10,0.1980427932,0.2167677882,11905,0.2060537942,0.2028559429,0.0031978514
1,lightgbm_tuned,isotonic_crossfit,isotonic,inner_train_crossfit,equal_frequency_15,11,0.2167677882,0.2459287232,12078,0.2321779649,0.2285974499,0.003580515
1,lightgbm_tuned,isotonic_crossfit,isotonic,inner_train_crossfit,equal_frequency_15,12,0.2459287232,0.2820512821,12203,0.2610038952,0.2561665164,0.0048373788
1,lightgbm_tuned,isotonic_crossfit,isotonic,inner_train_crossfit,equal_frequency_15,13,0.2820512821,0.3369755245,11816,0.3026218508,0.3061103588,0.003488508
1,lightgbm_tuned,isotonic_crossfit,isotonic,inner_train_crossfit,equal_frequency_15,14,0.3369755245,0.9047619048,12272,0.4283159927,0.4264993481,0.0018166446
1,lightgbm_tuned,isotonic_crossfit,isotonic,inner_train_crossfit,equal_width_10,0,0.0,0.1,34951,0.0780624776,0.0779376842,0.0001247934
1,lightgbm_tuned,isotonic_crossfit,isotonic,inner_train_crossfit,equal_width_10,1,0.1,0.2,87681,0.1427198431,0.1414901746,0.0012296685
1,lightgbm_tuned,isotonic_crossfit,isotonic,inner_train_crossfit,equal_width_10,2,0.2,0.3,39420,0.2437294685,0.2417300863,0.0019993822
1,lightgbm_tuned,isotonic_crossfit,isotonic,inner_train_crossfit,equal_width_10,3,0.3,0.4,12765,0.3406568097,0.340697219,4.04092e-05
1,lightgbm_tuned,isotonic_crossfit,isotonic,inner_train_crossfit,equal_width_10,4,0.4,0.5,3217,0.4525077856,0.4445135219,0.0079942637
1,lightgbm_tuned,isotonic_crossfit,isotonic,inner_train_crossfit,equal_width_10,5,0.5,0.6,1637,0.5440223485,0.559560171,0.0155378226
1,lightgbm_tuned,isotonic_crossfit,isotonic,inner_train_crossfit,equal_width_10,6,0.6,0.7,397,0.656358474,0.6801007557,0.0237422817
1,lightgbm_tuned,isotonic_crossfit,isotonic,inner_train_crossfit,equal_width_10,7,0.7,0.8,214,0.7435687459,0.6401869159,0.10338183
1,lightgbm_tuned,isotonic_crossfit,isotonic,inner_train_crossfit,equal_width_10,8,0.8,0.9,38,0.8137409408,0.8947368421,0.0809959013
1,lightgbm_tuned,isotonic_crossfit,isotonic,inner_train_crossfit,equal_width_10,9,0.9,1.0,12,0.9047619048,0.8333333333,0.0714285714
7,logistic_regression,none,none,none,equal_frequency_15,0,0.0092604512,0.0634099031,12023,0.0498074014,0.0566414372,0.0068340358
7,logistic_regression,none,none,none,equal_frequency_15,1,0.0634099031,0.0808341353,12022,0.0724485005,0.0752786558,0.0028301553
7,logistic_regression,none,none,none,equal_frequency_15,2,0.0808341353,0.0957570938,12022,0.0884206435,0.0897521211,0.0013314776
7,logistic_regression,none,none,none,equal_frequency_15,3,0.0957570938,0.1100046012,12022,0.1028814167,0.1029778739,9.64572e-05
7,logistic_regression,none,none,none,equal_frequency_15,4,0.1100046012,0.1241890627,12022,0.117155158,0.1144568291,0.0026983289
7,logistic_regression,none,none,none,equal_frequency_15,5,0.1241890627,0.1383467919,12022,0.131229649,0.1295957411,0.0016339078
7,logistic_regression,none,none,none,equal_frequency_15,6,0.1383467919,0.1527816056,12022,0.1455483687,0.1405756114,0.0049727573
7,logistic_regression,none,none,none,equal_frequency_15,7,0.1527816056,0.1679220877,12022,0.1603395944,0.1567958742,0.0035437202
7,logistic_regression,none,none,none,equal_frequency_15,8,0.1679220877,0.1839480775,12022,0.1758557798,0.1745965729,0.0012592068
7,logistic_regression,none,none,none,equal_frequency_15,9,0.1839480775,0.2017363204,12022,0.1927085989,0.1879055066,0.0048030923
7,logistic_regression,none,none,none,equal_frequency_15,10,0.2017363204,0.2218698423,12022,0.21150074,0.207369822,0.004130918
7,logistic_regression,none,none,none,equal_frequency_15,11,0.2218698423,0.2460547858,12022,0.2335447702,0.2330727,0.0004720701
7,logistic_regression,none,none,none,equal_frequency_15,12,0.2460547858,0.2774449393,12022,0.2608773624,0.260356014,0.0005213484
7,logistic_regression,none,none,none,equal_frequency_15,13,0.2774449393,0.328553531,12022,0.3001123765,0.3081018133,0.0079894368
7,logistic_regression,none,none,none,equal_frequency_15,14,0.328553531,0.9807181391,12023,0.4022567529,0.4080512351,0.0057944823
7,logistic_regression,none,none,none,equal_width_10,0,0.0,0.1,39638,0.0727158947,0.0761895151,0.0034736204
7,logistic_regression,none,none,none,equal_width_10,1,0.1,0.2,79519,0.1479892934,0.1453740615,0.0026152319
7,logistic_regression,none,none,none,equal_width_10,2,0.2,0.3,43440,0.2421326095,0.2406998158,0.0014327936
7,logistic_regression,none,none,none,equal_width_10,3,0.3,0.4,13203,0.338930794,0.3500719533,0.0111411594
7,logistic_regression,none,none,none,equal_width_10,4,0.4,0.5,3337,0.4381532524,0.4354210369,0.0027322155
7,logistic_regression,none,none,none,equal_width_10,5,0.5,0.6,872,0.5388049745,0.5733944954,0.034589521
7,logistic_regression,none,none,none,equal_width_10,6,0.6,0.7,234,0.6369677749,0.5811965812,0.0557711937
7,logistic_regression,none,none,none,equal_width_10,7,0.7,0.8,59,0.7425579789,0.6271186441,0.1154393348
7,logistic_regression,none,none,none,equal_width_10,8,0.8,0.9,17,0.8483131745,0.7647058824,0.0836072922
7,logistic_regression,none,none,none,equal_width_10,9,0.9,1.0,13,0.9404157039,0.6153846154,0.3250310885
7,logistic_regression,platt_inner_holdout,platt,inner_holdout,equal_frequency_15,0,0.0096776005,0.0631510748,12023,0.0495558621,0.0566414372,0.0070855751
7,logistic_regression,platt_inner_holdout,platt,inner_holdout,equal_frequency_15,1,0.0631510748,0.0805625504,12022,0.0721834784,0.0765263683,0.0043428899
7,logistic_regression,platt_inner_holdout,platt,inner_holdout,equal_frequency_15,2,0.0805625504,0.095502661,12022,0.0881478698,0.0880053236,0.0001425462
7,logistic_regression,platt_inner_holdout,platt,inner_holdout,equal_frequency_15,3,0.095502661,0.109789221,12022,0.1026678976,0.1026451506,2.27471e-05
7,logistic_regression,platt_inner_holdout,platt,inner_holdout,equal_frequency_15,4,0.109789221,0.1239889134,12022,0.1169562564,0.11553818,0.0014180764
7,logistic_regression,platt_inner_holdout,platt,inner_holdout,equal_frequency_15,5,0.1239889134,0.138237819,12022,0.1310649472,0.1287639328,0.0023010144
7,logistic_regression,platt_inner_holdout,platt,inner_holdout,equal_frequency_15,6,0.138237819,0.1526730288,12022,0.1454286333,0.1418233239,0.0036053094
7,logistic_regression,platt_inner_holdout,platt,inner_holdout,equal_frequency_15,7,0.1526730288,0.1678697595,12022,0.1602682752,0.1565463317,0.0037219435
7,logistic_regression,platt_inner_holdout,platt,inner_holdout,equal_frequency_15,8,0.1678697595,0.1839934926,12022,0.1758430608,0.1745965729,0.0012464878
7,logistic_regression,platt_inner_holdout,platt,inner_holdout,equal_frequency_15,9,0.1839934926,0.2017902491,12022,0.1927502589,0.1872400599,0.005510199
7,logistic_regression,platt_inner_holdout,platt,inner_holdout,equal_frequency_15,10,0.2017902491,0.2220650488,12022,0.2116310784,0.207369822,0.0042612564
7,logistic_regression,platt_inner_holdout,platt,inner_holdout,equal_frequency_15,11,0.2220650488,0.2462876623,12022,0.2337551126,0.2322408917,0.001514221
7,logistic_regression,platt_inner_holdout,platt,inner_holdout,equal_frequency_15,12,0.2462876623,0.2777275504,12022,0.2612333916,0.2617700882,0.0005366966
7,logistic_regression,platt_inner_holdout,platt,inner_holdout,equal_frequency_15,13,0.2777275504,0.329182942,12022,0.3006217052,0.3059391116,0.0053174064
7,logistic_regression,platt_inner_holdout,platt,inner_holdout,equal_frequency_15,14,0.329182942,0.9822008292,12023,0.4032677812,0.4098810613,0.0066132801
7,logistic_regression,platt_inner_holdout,platt,inner_holdout,equal_width_10,0,0.0,0.1,39809,0.0725734267,0.0763144013,0.0037409746
7,logistic_regression,platt_inner_holdout,platt,inner_holdout,equal_width_10,1,0.1,0.2,79270,0.1479388721,0.1453765611,0.002562311
7,logistic_regression,platt_inner_holdout,platt,inner_holdout,equal_width_10,2,0.2,0.3,43392,0.2421503533,0.2403668879,0.0017834654
7,logistic_regression,platt_inner_holdout,platt,inner_holdout,equal_width_10,3,0.3,0.4,13273,0.3389802342,0.3491298124,0.0101495782
7,logistic_regression,platt_inner_holdout,platt,inner_holdout,equal_width_10,4,0.4,0.5,3375,0.4383217797,0.4376296296,0.0006921501
7,logistic_regression,platt_inner_holdout,platt,inner_holdout,equal_width_10,5,0.5,0.6,884,0.5397843248,0.5690045249,0.0292202001
7,logistic_regression,platt_inner_holdout,platt,inner_holdout,equal_width_10,6,0.6,0.7,234,0.6360485999,0.5982905983,0.0377580016
7,logistic_regression,platt_inner_holdout,platt,inner_holdout,equal_width_10,7,0.7,0.8,62,0.7390390082,0.5806451613,0.1583938469
7,logistic_regression,platt_inner_holdout,platt,inner_holdout,equal_width_10,8,0.8,0.9,20,0.8457451743,0.75,0.0957451743
7,logistic_regression,platt_inner_holdout,platt,inner_holdout,equal_width_10,9,0.9,1.0,13,0.9399719519,0.6153846154,0.3245873365
7,logistic_regression,isotonic_inner_holdout,isotonic,inner_holdout,equal_frequency_15,0,1e-06,0.0702179177,11083,0.0561945377,0.0574754128,0.0012808751
7,logistic_regression,isotonic_inner_holdout,isotonic,inner_holdout,equal_frequency_15,1,0.0702179177,0.0843520782,12863,0.0738376694,0.0748658944,0.0010282251
7,logistic_regression,isotonic_inner_holdout,isotonic,inner_holdout,equal_frequency_15,2,0.0843520782,0.0956521739,10950,0.0921793522,0.0905022831,0.0016770691
7,logistic_regression,isotonic_inner_holdout,isotonic,inner_holdout,equal_frequency_15,3,0.0956521739,0.1040339703,12840,0.0983276301,0.0989096573,0.0005820272
7,logistic_regression,isotonic_inner_holdout,isotonic,inner_holdout,equal_frequency_15,4,0.1040339703,0.1184857424,12264,0.1113209718,0.1148075669,0.003486595
7,logistic_regression,isotonic_inner_holdout,isotonic,inner_holdout,equal_frequency_15,5,0.1184857424,0.1348314607,9030,0.1272240961,0.1286821705,0.0014580744
7,logistic_regression,isotonic_inner_holdout,isotonic,inner_holdout,equal_frequency_15,6,0.1348314607,0.1493775934,14923,0.1381348827,0.13817597,4.10873e-05
7,logistic_regression,isotonic_inner_holdout,isotonic,inner_holdout,equal_frequency_15,7,0.1493775934,0.1612175874,11492,0.1560734862,0.1549773756,0.0010961107
7,logistic_regression,isotonic_inner_holdout,isotonic,inner_holdout,equal_frequency_15,8,0.1612175874,0.1748400853,11964,0.1677808041,0.1758609161,0.008080112
7,logistic_regression,isotonic_inner_holdout,isotonic,inner_holdout,equal_frequency_15,9,0.1748400853,0.1977040816,12638,0.1845347855,0.1875296724,0.0029948869
7,logistic_regression,isotonic_inner_holdout,isotonic,inner_holdout,equal_frequency_15,10,0.1977040816,0.2256548019,11508,0.2074453985,0.2056830031,0.0017623953
7,logistic_regression,isotonic_inner_holdout,isotonic,inner_holdout,equal_frequency_15,11,0.2256548019,0.2502187227,12529,0.2324258857,0.2308244872,0.0016013985
7,logistic_regression,isotonic_inner_holdout,isotonic,inner_holdout,equal_frequency_15,12,0.2502187227,0.283446712,12199,0.2631716323,0.2619886876,0.0011829447
7,logistic_regression,isotonic_inner_holdout,isotonic,inner_holdout,equal_frequency_15,13,0.283446712,0.3547486034,11992,0.3022504247,0.3086224149,0.0063719903
7,logistic_regression,isotonic_inner_holdout,isotonic,inner_holdout,equal_frequency_15,14,0.3547486034,0.999999,12057,0.4243130554,0.4064858588,0.0178271965
7,logistic_regression,isotonic_inner_holdout,isotonic,inner_holdout,equal_width_10,0,0.0,0.1,43399,0.0784819765,0.078434987,4.69895e-05
7,logistic_regression,isotonic_inner_holdout,isotonic,inner_holdout,equal_width_10,1,0.1,0.2,79595,0.1473912006,0.1501978768,0.0028066761
7,logistic_regression,isotonic_inner_holdout,isotonic,inner_holdout,equal_width_10,2,0.2,0.3,39069,0.2453938623,0.2442345594,0.0011593029
7,logistic_regression,isotonic_inner_holdout,isotonic,inner_holdout,equal_width_10,3,0.3,0.4,11969,0.3422249589,0.3414654524,0.0007595065
7,logistic_regression,isotonic_inner_holdout,isotonic,inner_holdout,equal_width_10,4,0.4,0.5,4574,0.4350959712,0.4097070398,0.0253889314
7,logistic_regression,isotonic_inner_holdout,isotonic,inner_holdout,equal_width_10,5,0.5,0.6,1273,0.5468828817,0.5318146112,0.0150682706
7,logistic_regression,isotonic_inner_holdout,isotonic,inner_holdout,equal_width_10,6,0.6,0.7,419,0.6283384546,0.5823389021,0.0459995524
7,logistic_regression,isotonic_inner_holdout,isotonic,inner_holdout,equal_width_10,7,0.7,0.8,4,0.7481681989,0.5,0.2481681989
7,logistic_regression,isotonic_inner_holdout,isotonic,inner_holdout,equal_width_10,8,0.8,0.9,1,0.8913223772,1.0,0.1086776228
7,logistic_regression,isotonic_inner_holdout,isotonic,inner_holdout,equal_width_10,9,0.9,1.0,29,0.9937294765,0.6551724138,0.3385570627
7,logistic_regression,platt_crossfit,platt,inner_train_crossfit,equal_frequency_15,0,0.0097576409,0.0642259528,12023,0.0505369322,0.0566414372,0.006104505
7,logistic_regression,platt_crossfit,platt,inner_train_crossfit,equal_frequency_15,1,0.0642259528,0.0815844296,12022,0.0732063907,0.0756113791,0.0024049884
7,logistic_regression,platt_crossfit,platt,inner_train_crossfit,equal_frequency_15,2,0.0815844296,0.096486049,12022,0.0891492232,0.0895857594,0.0004365362
7,logistic_regression,platt_crossfit,platt,inner_train_crossfit,equal_frequency_15,3,0.096486049,0.1106727685,12022,0.1035904707,0.1033937781,0.0001966926
7,logistic_regression,platt_crossfit,platt,inner_train_crossfit,equal_frequency_15,4,0.1106727685,0.1247979585,12022,0.1177982622,0.1131259358,0.0046723264
7,logistic_regression,platt_crossfit,platt,inner_train_crossfit,equal_frequency_15,5,0.1247979585,0.1388941849,12022,0.1317937951,0.1305107303,0.0012830648
7,logistic_regression,platt_crossfit,platt,inner_train_crossfit,equal_frequency_15,6,0.1388941849,0.1531899058,12022,0.1460110344,0.140242888,0.0057681464
7,logistic_regression,platt_crossfit,platt,inner_train_crossfit,equal_frequency_15,7,0.1531899058,0.1682227808,12022,0.1606894146,0.1570454167,0.0036439979
7,logistic_regression,platt_crossfit,platt,inner_train_crossfit,equal_frequency_15,8,0.1682227808,0.1841211315,12022,0.1760738845,0.1743470304,0.0017268541
7,logistic_regression,platt_crossfit,platt,inner_train_crossfit,equal_frequency_15,9,0.1841211315,0.2017096745,12022,0.1927743144,0.1879886874,0.0047856269
7,logistic_regression,platt_crossfit,platt,inner_train_crossfit,equal_frequency_15,10,0.2017096745,0.2216521046,12022,0.2113803163,0.207369822,0.0040104943
7,logistic_regression,platt_crossfit,platt,inner_train_crossfit,equal_frequency_15,11,0.2216521046,0.2455845224,12022,0.2331906161,0.2333222426,0.0001316265
7,logistic_regression,platt_crossfit,platt,inner_train_crossfit,equal_frequency_15,12,0.2455845224,0.2765136444,12022,0.2602081261,0.2606887373,0.0004806112
7,logistic_regression,platt_crossfit,platt,inner_train_crossfit,equal_frequency_15,13,0.2765136444,0.3270614749,12022,0.2989768989,0.3070204625,0.0080435635
7,logistic_regression,platt_crossfit,platt,inner_train_crossfit,equal_frequency_15,14,0.3270614749,0.9798757412,12023,0.3999454394,0.4086334525,0.0086880132
7,logistic_regression,platt_crossfit,platt,inner_train_crossfit,equal_width_10,0,0.0,0.1,39039,0.0730408015,0.0759753067,0.0029345052
7,logistic_regression,platt_crossfit,platt,inner_train_crossfit,equal_width_10,1,0.1,0.2,80114,0.148050343,0.1449559378,0.0030944052
7,logistic_regression,platt_crossfit,platt,inner_train_crossfit,equal_width_10,2,0.2,0.3,43751,0.2420759106,0.2412973418,0.0007785688
7,logistic_regression,platt_crossfit,platt,inner_train_crossfit,equal_width_10,3,0.3,0.4,13045,0.3388851834,0.350402453,0.0115172697
7,logistic_regression,platt_crossfit,platt,inner_train_crossfit,equal_width_10,4,0.4,0.5,3253,0.4383361703,0.4420534891,0.0037173188
7,logistic_regression,platt_crossfit,platt,inner_train_crossfit,equal_width_10,5,0.5,0.6,825,0.5395080589,0.5806060606,0.0410980017
7,logistic_regression,platt_crossfit,platt,inner_train_crossfit,equal_width_10,6,0.6,0.7,218,0.6361466427,0.5733944954,0.0627521473
7,logistic_regression,platt_crossfit,platt,inner_train_crossfit,equal_width_10,7,0.7,0.8,58,0.7398466707,0.6206896552,0.1191570155
7,logistic_regression,platt_crossfit,platt,inner_train_crossfit,equal_width_10,8,0.8,0.9,17,0.8526347847,0.7058823529,0.1467524317
7,logistic_regression,platt_crossfit,platt,inner_train_crossfit,equal_width_10,9,0.9,1.0,12,0.9413394903,0.6666666667,0.2746728236
7,logistic_regression,isotonic_crossfit,isotonic,inner_train_crossfit,equal_frequency_15,0,1e-06,0.0666156202,11206,0.0550966224,0.0579154025,0.0028187801
7,logistic_regression,isotonic_crossfit,isotonic,inner_train_crossfit,equal_frequency_15,1,0.0666156202,0.0841584158,12772,0.0759987629,0.0735202004,0.0024785624
7,logistic_regression,isotonic_crossfit,isotonic,inner_train_crossfit,equal_frequency_15,2,0.0841584158,0.096708655,12038,0.0904063195,0.090712743,0.0003064235
7,logistic_regression,isotonic_crossfit,isotonic,inner_train_crossfit,equal_frequency_15,3,0.096708655,0.1065268854,11361,0.1008425095,0.102719831,0.0018773215
7,logistic_regression,isotonic_crossfit,isotonic,inner_train_crossfit,equal_frequency_15,4,0.1065268854,0.1162642948,12409,0.112917645,0.1124989927,0.0004186524
7,logistic_regression,isotonic_crossfit,isotonic,inner_train_crossfit,equal_frequency_15,5,0.1162642948,0.1352269219,11409,0.1279567707,0.1293715488,0.0014147781
7,logistic_regression,isotonic_crossfit,isotonic,inner_train_crossfit,equal_frequency_15,6,0.1352269219,0.1482577252,12100,0.1439427145,0.1400826446,0.0038600699
7,logistic_regression,isotonic_crossfit,isotonic,inner_train_crossfit,equal_frequency_15,7,0.1482577252,0.1611650485,12026,0.154482065,0.1594877765,0.0050057115
7,logistic_regression,isotonic_crossfit,isotonic,inner_train_crossfit,equal_frequency_15,8,0.1611650485,0.1821631879,12813,0.1682459576,0.1705299305,0.0022839729
7,logistic_regression,isotonic_crossfit,isotonic,inner_train_crossfit,equal_frequency_15,9,0.1821631879,0.1977095938,11011,0.188502084,0.1901734629,0.0016713789
7,logistic_regression,isotonic_crossfit,isotonic,inner_train_crossfit,equal_frequency_15,10,0.1977095938,0.2217832957,12877,0.2099351927,0.2039294867,0.006005706
7,logistic_regression,isotonic_crossfit,isotonic,inner_train_crossfit,equal_frequency_15,11,0.2217832957,0.2449344458,11720,0.2314477191,0.2315699659,0.0001222467
7,logistic_regression,isotonic_crossfit,isotonic,inner_train_crossfit,equal_frequency_15,12,0.2449344458,0.2832889481,12536,0.260426358,0.2578174856,0.0026088723
7,logistic_regression,isotonic_crossfit,isotonic,inner_train_crossfit,equal_frequency_15,13,0.2832889481,0.3441981747,12021,0.3073020442,0.3084601947,0.0011581504
7,logistic_regression,isotonic_crossfit,isotonic,inner_train_crossfit,equal_frequency_15,14,0.3441981747,0.999999,12033,0.4081701012,0.4083769634,0.0002068621
7,logistic_regression,isotonic_crossfit,isotonic,inner_train_crossfit,equal_width_10,0,0.0,0.1,38868,0.0759961314,0.0762066481,0.0002105168
7,logistic_regression,isotonic_crossfit,isotonic,inner_train_crossfit,equal_width_10,1,0.1,0.2,81725,0.1449545835,0.1459406546,0.0009860712
7,logistic_regression,isotonic_crossfit,isotonic,inner_train_crossfit,equal_width_10,2,0.2,0.3,40380,0.2417301826,0.2389796929,0.0027504897
7,logistic_regression,isotonic_crossfit,isotonic,inner_train_crossfit,equal_width_10,3,0.3,0.4,14742,0.3422709439,0.3450006783,0.0027297344
7,logistic_regression,isotonic_crossfit,isotonic,inner_train_crossfit,equal_width_10,4,0.4,0.5,3265,0.4359797864,0.4352220521,0.0007577343
7,logistic_regression,isotonic_crossfit,isotonic,inner_train_crossfit,equal_width_10,5,0.5,0.6,1098,0.5532038533,0.5491803279,0.0040235254
7,logistic_regression,isotonic_crossfit,isotonic,inner_train_crossfit,equal_width_10,6,0.6,0.7,235,0.6235854391,0.6170212766,0.0065641625
7,logistic_regression,isotonic_crossfit,isotonic,inner_train_crossfit,equal_width_10,7,0.7,0.8,8,0.7410714286,0.5,0.2410714286
7,logistic_regression,isotonic_crossfit,isotonic,inner_train_crossfit,equal_width_10,8,0.8,0.9,9,0.8583535197,0.6666666667,0.191686853
7,logistic_regression,isotonic_crossfit,isotonic,inner_train_crossfit,equal_width_10,9,0.9,1.0,2,0.999999,0.5,0.499999
7,random_forest_tuned,none,none,none,equal_frequency_15,0,0.0031791145,0.0604269565,12023,0.0443785026,0.0480745238,0.0036960212
7,random_forest_tuned,none,none,none,equal_frequency_15,1,0.0604269565,0.0795251188,12022,0.0705166769,0.0748627516,0.0043460747
7,random_forest_tuned,none,none,none,equal_frequency_15,2,0.0795251188,0.0950343457,12022,0.0873422127,0.0887539511,0.0014117384
7,random_forest_tuned,none,none,none,equal_frequency_15,3,0.0950343457,0.1090278662,12022,0.1021002953,0.0989851938,0.0031151015
7,random_forest_tuned,none,none,none,equal_frequency_15,4,0.1090278662,0.1224226739,12022,0.1157269719,0.1116286808,0.0040982912
7,random_forest_tuned,none,none,none,equal_frequency_15,5,0.1224226739,0.1359820836,12022,0.1291797948,0.1237730827,0.0054067121
7,random_forest_tuned,none,none,none,equal_frequency_15,6,0.1359820836,0.1505111542,12022,0.1431271371,0.1359174846,0.0072096525
7,random_forest_tuned,none,none,none,equal_frequency_15,7,0.1505111542,0.1657863574,12022,0.158075235,0.1524704708,0.0056047642
7,random_forest_tuned,none,none,none,equal_frequency_15,8,0.1657863574,0.1822921311,12022,0.1739658948,0.1632839794,0.0106819154
7,random_forest_tuned,none,none,none,equal_frequency_15,9,0.1822921311,0.2008001133,12022,0.1913913346,0.1825819331,0.0088094015
7,random_forest_tuned,none,none,none,equal_frequency_15,10,0.2008001133,0.2223834162,12022,0.2111631096,0.2052903011,0.0058728085
7,random_forest_tuned,none,none,none,equal_frequency_15,11,0.2223834162,0.2492474557,12022,0.2352909414,0.2319913492,0.0032995922
7,random_forest_tuned,none,none,none,equal_frequency_15,12,0.2492474557,0.2855956544,12022,0.2663421588,0.2612710032,0.0050711557
7,random_forest_tuned,none,none,none,equal_frequency_15,13,0.2855956544,0.3444672797,12022,0.3120947902,0.3184162369,0.0063214467
7,random_forest_tuned,none,none,none,equal_frequency_15,14,0.3444672797,0.7605145524,12023,0.4176222627,0.4482242369,0.0306019742
7,random_forest_tuned,none,none,none,equal_width_10,0,0.0,0.1,40239,0.0705299823,0.0730634459,0.0025334636
7,random_forest_tuned,none,none,none,equal_width_10,1,0.1,0.2,79507,0.1469453736,0.1404278869,0.0065174868
7,random_forest_tuned,none,none,none,equal_width_10,2,0.2,0.3,40148,0.2421021796,0.2386918402,0.0034103395
7,random_forest_tuned,none,none,none,equal_width_10,3,0.3,0.4,14441,0.3408238008,0.3511529672,0.0103291665
7,random_forest_tuned,none,none,none,equal_width_10,4,0.4,0.5,4605,0.4404015637,0.4692725299,0.0288709662
7,random_forest_tuned,none,none,none,equal_width_10,5,0.5,0.6,1188,0.5372696583,0.6186868687,0.0814172103
7,random_forest_tuned,none,none,none,equal_width_10,6,0.6,0.7,199,0.6315622325,0.7336683417,0.1021061092
7,random_forest_tuned,none,none,none,equal_width_10,7,0.7,0.8,5,0.7499539767,0.8,0.0500460233
7,random_forest_tuned,none,none,none,equal_width_10,8,0.8,0.9,0,,,
7,random_forest_tuned,none,none,none,equal_width_10,9,0.9,1.0,0,,,
7,random_forest_tuned,platt_inner_holdout,platt,inner_holdout,equal_frequency_15,0,0.0023351726,0.0555891659,12023,0.0400511772,0.0479913499,0.0079401727
7,random_forest_tuned,platt_inner_holdout,platt,inner_holdout,equal_frequency_15,1,0.0555891659,0.0744884206,12022,0.0655544471,0.076193645,0.0106391979
7,random_forest_tuned,platt_inner_holdout,platt,inner_holdout,equal_frequency_15,2,0.0744884206,0.0901178054,12022,0.0823984948,0.0885044086,0.0061059138
7,random_forest_tuned,platt_inner_holdout,platt,inner_holdout,equal_frequency_15,3,0.0901178054,0.1043293286,12022,0.0973513496,0.0965729496,0.0007784
7,random_forest_tuned,platt_inner_holdout,platt,inner_holdout,equal_frequency_15,4,0.1043293286,0.1180370731,12022,0.1112296274,0.1132091166,0.0019794892
7,random_forest_tuned,platt_inner_holdout,platt,inner_holdout,equal_frequency_15,5,0.1180370731,0.1320502355,12022,0.1250344566,0.1211944768,0.0038399798
7,random_forest_tuned,platt_inner_holdout,platt,inner_holdout,equal_frequency_15,6,0.1320502355,0.1471343718,12022,0.1394699357,0.1368324738,0.0026374619
7,random_forest_tuned,platt_inner_holdout,platt,inner_holdout,equal_frequency_15,7,0.1471343718,0.1630791616,12022,0.1549988984,0.15338546,0.0016134385
7,random_forest_tuned,platt_inner_holdout,platt,inner_holdout,equal_frequency_15,8,0.1630791616,0.1804178416,12022,0.1716360611,0.1644485111,0.0071875501
7,random_forest_tuned,platt_inner_holdout,platt,inner_holdout,equal_frequency_15,9,0.1804178416,0.1999589691,12022,0.1899754441,0.1821660289,0.0078094151
7,random_forest_tuned,platt_inner_holdout,platt,inner_holdout,equal_frequency_15,10,0.1999589691,0.2227148715,12022,0.2108628582,0.2053734819,0.0054893762
7,random_forest_tuned,platt_inner_holdout,platt,inner_holdout,equal_frequency_15,11,0.2227148715,0.2513912359,12022,0.2364843372,0.2314090833,0.0050752538
7,random_forest_tuned,platt_inner_holdout,platt,inner_holdout,equal_frequency_15,12,0.2513912359,0.2903017217,12022,0.2695874522,0.2619364498,0.0076510023
7,random_forest_tuned,platt_inner_holdout,platt,inner_holdout,equal_frequency_15,13,0.2903017217,0.3531940245,12022,0.3184805193,0.3184994177,1.88984e-05
7,random_forest_tuned,platt_inner_holdout,platt,inner_holdout,equal_frequency_15,14,0.3531940245,0.7647643509,12023,0.4318494363,0.4478083673,0.0159589309
7,random_forest_tuned,platt_inner_holdout,platt,inner_holdout,equal_width_10,0,0.0,0.1,44288,0.0686920503,0.0757089957,0.0070169453
7,random_forest_tuned,platt_inner_holdout,platt,inner_holdout,equal_width_10,1,0.1,0.2,75967,0.1464177068,0.1427856833,0.0036320236
7,random_forest_tuned,platt_inner_holdout,platt,inner_holdout,equal_width_10,2,0.2,0.3,38412,0.2424887223,0.2377382068,0.0047505154
7,random_forest_tuned,platt_inner_holdout,platt,inner_holdout,equal_width_10,3,0.3,0.4,14644,0.3414426079,0.3426659383,0.0012233304
7,random_forest_tuned,platt_inner_holdout,platt,inner_holdout,equal_width_10,4,0.4,0.5,5146,0.4414575678,0.4477263894,0.0062688217
7,random_forest_tuned,platt_inner_holdout,platt,inner_holdout,equal_width_10,5,0.5,0.6,1526,0.5393688948,0.5851900393,0.0458211445
7,random_forest_tuned,platt_inner_holdout,platt,inner_holdout,equal_width_10,6,0.6,0.7,327,0.6354378585,0.7278287462,0.0923908876
7,random_forest_tuned,platt_inner_holdout,platt,inner_holdout,equal_width_10,7,0.7,0.8,22,0.7236135905,0.9090909091,0.1854773186
7,random_forest_tuned,platt_inner_holdout,platt,inner_holdout,equal_width_10,8,0.8,0.9,0,,,
7,random_forest_tuned,platt_inner_holdout,platt,inner_holdout,equal_width_10,9,0.9,1.0,0,,,
7,random_forest_tuned,isotonic_inner_holdout,isotonic,inner_holdout,equal_frequency_15,0,1e-06,0.0637450199,11736,0.0475982727,0.0499318337,0.002333561
7,random_forest_tuned,isotonic_inner_holdout,isotonic,inner_holdout,equal_frequency_15,1,0.0637450199,0.0740393627,11045,0.0691644889,0.0724309642,0.0032664753
7,random_forest_tuned,isotonic_inner_holdout,isotonic,inner_holdout,equal_frequency_15,2,0.0740393627,0.0916408669,12364,0.0825902846,0.0889679715,0.006377687
7,random_forest_tuned,isotonic_inner_holdout,isotonic,inner_holdout,equal_frequency_15,3,0.0916408669,0.1055988661,11579,0.0962032264,0.0973313758,0.0011281494
7,random_forest_tuned,isotonic_inner_holdout,isotonic,inner_holdout,equal_frequency_15,4,0.1055988661,0.1165775401,12640,0.1101984672,0.1087816456,0.0014168216
7,random_forest_tuned,isotonic_inner_holdout,isotonic,inner_holdout,equal_frequency_15,5,0.1165775401,0.1281803543,9507,0.1221058983,0.1246449984,0.0025391001
7,random_forest_tuned,isotonic_inner_holdout,isotonic,inner_holdout,equal_frequency_15,6,0.1281803543,0.1435406699,15203,0.1340258341,0.1322765244,0.0017493098
7,random_forest_tuned,isotonic_inner_holdout,isotonic,inner_holdout,equal_frequency_15,7,0.1435406699,0.1584653878,10066,0.1531584801,0.1495132128,0.0036452673
7,random_forest_tuned,isotonic_inner_holdout,isotonic,inner_holdout,equal_frequency_15,8,0.1584653878,0.1712506487,13537,0.161786263,0.1660633818,0.0042771189
7,random_forest_tuned,isotonic_inner_holdout,isotonic,inner_holdout,equal_frequency_15,9,0.1712506487,0.1890625,12303,0.1787687287,0.1813378851,0.0025691564
7,random_forest_tuned,isotonic_inner_holdout,isotonic,inner_holdout,equal_frequency_15,10,0.1890625,0.2146282974,11901,0.2014431409,0.2051088144,0.0036656735
7,random_forest_tuned,isotonic_inner_holdout,isotonic,inner_holdout,equal_frequency_15,11,0.2146282974,0.247311828,11856,0.2319108884,0.2284919028,0.0034189856
7,random_forest_tuned,isotonic_inner_holdout,isotonic,inner_holdout,equal_frequency_15,12,0.247311828,0.2783251232,12032,0.2607000402,0.2632147606,0.0025147204
7,random_forest_tuned,isotonic_inner_holdout,isotonic,inner_holdout,equal_frequency_15,13,0.2783251232,0.3614285714,12045,0.318628068,0.3101701951,0.0084578729
7,random_forest_tuned,isotonic_inner_holdout,isotonic,inner_holdout,equal_frequency_15,14,0.3614285714,0.999999,12518,0.4542744844,0.4460776482,0.0081968363
7,random_forest_tuned,isotonic_inner_holdout,isotonic,inner_holdout,equal_width_10,0,0.0,0.1,45713,0.0733345077,0.0767177827,0.003383275
7,random_forest_tuned,isotonic_inner_holdout,isotonic,inner_holdout,equal_width_10,1,0.1,0.2,77915,0.1454491418,0.1461849451,0.0007358033
7,random_forest_tuned,isotonic_inner_holdout,isotonic,inner_holdout,equal_width_10,2,0.2,0.3,35407,0.2401313222,0.2410540289,0.0009227066
7,random_forest_tuned,isotonic_inner_holdout,isotonic,inner_holdout,equal_width_10,3,0.3,0.4,13519,0.347148352,0.3424069828,0.0047413692
7,random_forest_tuned,isotonic_inner_holdout,isotonic,inner_holdout,equal_width_10,4,0.4,0.5,5380,0.4494677206,0.4304832714,0.0189844492
7,random_forest_tuned,isotonic_inner_holdout,isotonic,inner_holdout,equal_width_10,5,0.5,0.6,1257,0.574105385,0.5441527446,0.0299526403
7,random_forest_tuned,isotonic_inner_holdout,isotonic,inner_holdout,equal_width_10,6,0.6,0.7,899,0.6485306089,0.6295884316,0.0189421773
7,random_forest_tuned,isotonic_inner_holdout,isotonic,inner_holdout,equal_width_10,7,0.7,0.8,220,0.7452215609,0.7181818182,0.0270397427
7,random_forest_tuned,isotonic_inner_holdout,isotonic,inner_holdout,equal_width_10,8,0.8,0.9,8,0.8876824914,0.875,0.0126824914
7,random_forest_tuned,isotonic_inner_holdout,isotonic,inner_holdout,equal_width_10,9,0.9,1.0,14,0.999999,0.9285714286,0.0714275714
7,random_forest_tuned,platt_crossfit,platt,inner_train_crossfit,equal_frequency_15,0,0.0025494917,0.0568394268,12023,0.0411504029,0.0481576977,0.0070072948
7,random_forest_tuned,platt_crossfit,platt,inner_train_crossfit,equal_frequency_15,1,0.0568394268,0.0757190188,12022,0.0667317014,0.0756113791,0.0088796777
7,random_forest_tuned,platt_crossfit,platt,inner_train_crossfit,equal_frequency_15,2,0.0757190188,0.0912079949,12022,0.083510681,0.0882548661,0.0047441851
7,random_forest_tuned,platt_crossfit,platt,inner_train_crossfit,equal_frequency_15,3,0.0912079949,0.1053238689,12022,0.0983601795,0.097903843,0.0004563366
7,random_forest_tuned,platt_crossfit,platt,inner_train_crossfit,equal_frequency_15,4,0.1053238689,0.1189372276,12022,0.1121478088,0.1130427549,0.0008949462
7,random_forest_tuned,platt_crossfit,platt,inner_train_crossfit,equal_frequency_15,5,0.1189372276,0.1327782263,12022,0.1258376343,0.1223590085,0.0034786258
7,random_forest_tuned,platt_crossfit,platt,inner_train_crossfit,equal_frequency_15,6,0.1327782263,0.1476744884,12022,0.1401047048,0.1355847613,0.0045199435
7,random_forest_tuned,platt_crossfit,platt,inner_train_crossfit,equal_frequency_15,7,0.1476744884,0.1634158315,12022,0.1554589567,0.1533022792,0.0021566776
7,random_forest_tuned,platt_crossfit,platt,inner_train_crossfit,equal_frequency_15,8,0.1634158315,0.1804920219,12022,0.1718607532,0.1638662452,0.007994508
7,random_forest_tuned,platt_crossfit,platt,inner_train_crossfit,equal_frequency_15,9,0.1804920219,0.199677018,12022,0.1899099844,0.1823323906,0.0075775937
7,random_forest_tuned,platt_crossfit,platt,inner_train_crossfit,equal_frequency_15,10,0.199677018,0.2221400822,12022,0.2104689526,0.2044584928,0.0060104599
7,random_forest_tuned,platt_crossfit,platt,inner_train_crossfit,equal_frequency_15,11,0.2221400822,0.2502362073,12022,0.2356356644,0.2329895192,0.0026461451
7,random_forest_tuned,platt_crossfit,platt,inner_train_crossfit,equal_frequency_15,12,0.2502362073,0.2883548682,12022,0.2681310407,0.2606055565,0.0075254842
7,random_forest_tuned,platt_crossfit,platt,inner_train_crossfit,equal_frequency_15,13,0.2883548682,0.3501163586,12022,0.316120176,0.3185825986,0.0024624226
7,random_forest_tuned,platt_crossfit,platt,inner_train_crossfit,equal_frequency_15,14,0.3501163586,0.7717588183,12023,0.4269806981,0.4484737586,0.0214930605
7,random_forest_tuned,platt_crossfit,platt,inner_train_crossfit,equal_width_10,0,0.0,0.1,43432,0.0691967671,0.0748526432,0.0056558761
7,random_forest_tuned,platt_crossfit,platt,inner_train_crossfit,equal_width_10,1,0.1,0.2,76984,0.1465317762,0.1426660085,0.0038657676
7,random_forest_tuned,platt_crossfit,platt,inner_train_crossfit,equal_width_10,2,0.2,0.3,38725,0.2424003516,0.2381665591,0.0042337926
7,random_forest_tuned,platt_crossfit,platt,inner_train_crossfit,equal_width_10,3,0.3,0.4,14539,0.3414087184,0.3455533393,0.0041446209
7,random_forest_tuned,platt_crossfit,platt,inner_train_crossfit,equal_width_10,4,0.4,0.5,4925,0.4410259661,0.4560406091,0.0150146431
7,random_forest_tuned,platt_crossfit,platt,inner_train_crossfit,equal_width_10,5,0.5,0.6,1431,0.5380296968,0.5995807128,0.061551016
7,random_forest_tuned,platt_crossfit,platt,inner_train_crossfit,equal_width_10,6,0.6,0.7,282,0.6337150751,0.7340425532,0.1003274781
7,random_forest_tuned,platt_crossfit,platt,inner_train_crossfit,equal_width_10,7,0.7,0.8,14,0.7272108659,0.9285714286,0.2013605627
7,random_forest_tuned,platt_crossfit,platt,inner_train_crossfit,equal_width_10,8,0.8,0.9,0,,,
7,random_forest_tuned,platt_crossfit,platt,inner_train_crossfit,equal_width_10,9,0.9,1.0,0,,,
7,random_forest_tuned,isotonic_crossfit,isotonic,inner_train_crossfit,equal_frequency_15,0,1e-06,0.0649056604,11118,0.0471222085,0.0480302213,0.0009080128
7,random_forest_tuned,isotonic_crossfit,isotonic,inner_train_crossfit,equal_frequency_15,1,0.0649056604,0.084197925,12206,0.0722243772,0.0706210061,0.0016033711
7,random_forest_tuned,isotonic_crossfit,isotonic,inner_train_crossfit,equal_frequency_15,2,0.084197925,0.0888618381,12370,0.086333236,0.0924818108,0.0061485748
7,random_forest_tuned,isotonic_crossfit,isotonic,inner_train_crossfit,equal_frequency_15,3,0.0888618381,0.1081979321,11715,0.097658446,0.0956039266,0.0020545194
7,random_forest_tuned,isotonic_crossfit,isotonic,inner_train_crossfit,equal_frequency_15,4,0.1081979321,0.1192849777,9267,0.1125075645,0.109636344,0.0028712204
7,random_forest_tuned,isotonic_crossfit,isotonic,inner_train_crossfit,equal_frequency_15,5,0.1192849777,0.1313877915,14730,0.1223671663,0.1203665988,0.0020005675
7,random_forest_tuned,isotonic_crossfit,isotonic,inner_train_crossfit,equal_frequency_15,6,0.1313877915,0.1440389294,12559,0.1347752606,0.1375109483,0.0027356877
7,random_forest_tuned,isotonic_crossfit,isotonic,inner_train_crossfit,equal_frequency_15,7,0.1440389294,0.1560809457,11726,0.1521084777,0.1477059526,0.0044025251
7,random_forest_tuned,isotonic_crossfit,isotonic,inner_train_crossfit,equal_frequency_15,8,0.1560809457,0.1768076398,12379,0.1646446515,0.1678649325,0.0032202811
7,random_forest_tuned,isotonic_crossfit,isotonic,inner_train_crossfit,equal_frequency_15,9,0.1768076398,0.1940609041,10880,0.180703695,0.1819852941,0.0012815992
7,random_forest_tuned,isotonic_crossfit,isotonic,inner_train_crossfit,equal_frequency_15,10,0.1940609041,0.2126582278,12835,0.2024719859,0.201869887,0.0006020988
7,random_forest_tuned,isotonic_crossfit,isotonic,inner_train_crossfit,equal_frequency_15,11,0.2126582278,0.254063302,12285,0.2264492594,0.231013431,0.0045641717
7,random_forest_tuned,isotonic_crossfit,isotonic,inner_train_crossfit,equal_frequency_15,12,0.254063302,0.2883766552,11919,0.2659269425,0.2609279302,0.0049990123
7,random_forest_tuned,isotonic_crossfit,isotonic,inner_train_crossfit,equal_frequency_15,13,0.2883766552,0.3625668449,12297,0.3151990053,0.3170692039,0.0018701986
7,random_forest_tuned,isotonic_crossfit,isotonic,inner_train_crossfit,equal_frequency_15,14,0.3625668449,0.999999,12046,0.4507982326,0.4483646024,0.0024336302
7,random_forest_tuned,isotonic_crossfit,isotonic,inner_train_crossfit,equal_width_10,0,0.0,0.1,43905,0.0741913302,0.0759822344,0.0017909041
7,random_forest_tuned,isotonic_crossfit,isotonic,inner_train_crossfit,equal_width_10,1,0.1,0.2,78424,0.1446436919,0.1443563195,0.0002873724
7,random_forest_tuned,isotonic_crossfit,isotonic,inner_train_crossfit,equal_width_10,2,0.2,0.3,36878,0.2396456713,0.2389229351,0.0007227362
7,random_forest_tuned,isotonic_crossfit,isotonic,inner_train_crossfit,equal_width_10,3,0.3,0.4,13896,0.3414190279,0.3448474381,0.0034284102
7,random_forest_tuned,isotonic_crossfit,isotonic,inner_train_crossfit,equal_width_10,4,0.4,0.5,4241,0.4409818164,0.4331525584,0.007829258
7,random_forest_tuned,isotonic_crossfit,isotonic,inner_train_crossfit,equal_width_10,5,0.5,0.6,1961,0.540287064,0.5196328404,0.0206542236
7,random_forest_tuned,isotonic_crossfit,isotonic,inner_train_crossfit,equal_width_10,6,0.6,0.7,747,0.6323706818,0.6452476573,0.0128769755
7,random_forest_tuned,isotonic_crossfit,isotonic,inner_train_crossfit,equal_width_10,7,0.7,0.8,209,0.7262599023,0.7511961722,0.02493627
7,random_forest_tuned,isotonic_crossfit,isotonic,inner_train_crossfit,equal_width_10,8,0.8,0.9,40,0.844598217,0.675,0.169598217
7,random_forest_tuned,isotonic_crossfit,isotonic,inner_train_crossfit,equal_width_10,9,0.9,1.0,31,0.9354837742,0.7419354839,0.1935482903
7,lightgbm_tuned,none,none,none,equal_frequency_15,0,0.011688928,0.0751124662,12023,0.0638489227,0.0577226982,0.0061262245
7,lightgbm_tuned,none,none,none,equal_frequency_15,1,0.0751124662,0.0890729947,12022,0.0821043216,0.0845949093,0.0024905877
7,lightgbm_tuned,none,none,none,equal_frequency_15,2,0.0890729947,0.1020444328,12022,0.0957230157,0.0926634503,0.0030595654
7,lightgbm_tuned,none,none,none,equal_frequency_15,3,0.1020444328,0.1137977339,12022,0.1080083271,0.1087173515,0.0007090244
7,lightgbm_tuned,none,none,none,equal_frequency_15,4,0.1137977339,0.1248604791,12022,0.1194343792,0.1154549992,0.00397938
7,lightgbm_tuned,none,none,none,equal_frequency_15,5,0.1248604791,0.1355332775,12022,0.1302307945,0.1256030611,0.0046277335
7,lightgbm_tuned,none,none,none,equal_frequency_15,6,0.1355332775,0.146562627,12022,0.1410215863,0.1348361338,0.0061854525
7,lightgbm_tuned,none,none,none,equal_frequency_15,7,0.146562627,0.1585204116,12022,0.1524875977,0.1488105141,0.0036770837
7,lightgbm_tuned,none,none,none,equal_frequency_15,8,0.1585204116,0.1718878433,12022,0.1651193571,0.1662784894,0.0011591324
7,lightgbm_tuned,none,none,none,equal_frequency_15,9,0.1718878433,0.1871132668,12022,0.1792644357,0.1834137415,0.0041493058
7,lightgbm_tuned,none,none,none,equal_frequency_15,10,0.1871132668,0.205139014,12022,0.1958475334,0.2080352687,0.0121877353
7,lightgbm_tuned,none,none,none,equal_frequency_15,11,0.205139014,0.2280571301,12022,0.2160766568,0.2245882549,0.0085115981
7,lightgbm_tuned,none,none,none,equal_frequency_15,12,0.2280571301,0.261005416,12022,0.2432108548,0.2591914823,0.0159806275
7,lightgbm_tuned,none,none,none,equal_frequency_15,13,0.261005416,0.3185801564,12022,0.2862784167,0.3039427716,0.0176643549
7,lightgbm_tuned,none,none,none,equal_frequency_15,14,0.3185801564,0.7997632291,12023,0.4036227982,0.4316726275,0.0280498293
7,lightgbm_tuned,none,none,none,equal_width_10,0,0.0,0.1,34010,0.0793198402,0.0766833284,0.0026365117
7,lightgbm_tuned,none,none,none,equal_width_10,1,0.1,0.2,95036,0.1460853328,0.1456185025,0.0004668303
7,lightgbm_tuned,none,none,none,equal_width_10,2,0.2,0.3,36304,0.2395577999,0.2539665051,0.0144087052
7,lightgbm_tuned,none,none,none,equal_width_10,3,0.3,0.4,10218,0.340026387,0.3535917009,0.013565314
7,lightgbm_tuned,none,none,none,equal_width_10,4,0.4,0.5,3251,0.4413683782,0.4823131344,0.0409447562
7,lightgbm_tuned,none,none,none,equal_width_10,5,0.5,0.6,1156,0.540100813,0.6029411765,0.0628403635
7,lightgbm_tuned,none,none,none,equal_width_10,6,0.6,0.7,305,0.63905477,0.7213114754,0.0822567054
7,lightgbm_tuned,none,none,none,equal_width_10,7,0.7,0.8,52,0.7334480664,0.7692307692,0.0357827028
7,lightgbm_tuned,none,none,none,equal_width_10,8,0.8,0.9,0,,,
7,lightgbm_tuned,none,none,none,equal_width_10,9,0.9,1.0,0,,,
7,lightgbm_tuned,platt_inner_holdout,platt,inner_holdout,equal_frequency_15,0,0.0101670149,0.0697609525,12023,0.0583453363,0.0583049156,4.04207e-05
7,lightgbm_tuned,platt_inner_holdout,platt,inner_holdout,equal_frequency_15,1,0.0697609525,0.084522876,12022,0.0771200556,0.0840958243,0.0069757688
7,lightgbm_tuned,platt_inner_holdout,platt,inner_holdout,equal_frequency_15,2,0.084522876,0.0982823721,12022,0.0915591116,0.091332557,0.0002265546
7,lightgbm_tuned,platt_inner_holdout,platt,inner_holdout,equal_frequency_15,3,0.0982823721,0.1107587464,12022,0.1045519124,0.1096323407,0.0050804283
7,lightgbm_tuned,platt_inner_holdout,platt,inner_holdout,equal_frequency_15,4,0.1107587464,0.1228127025,12022,0.1168869262,0.1163699884,0.0005169378
7,lightgbm_tuned,platt_inner_holdout,platt,inner_holdout,equal_frequency_15,5,0.1228127025,0.134561293,12022,0.1286961824,0.1229412743,0.005754908
7,lightgbm_tuned,platt_inner_holdout,platt,inner_holdout,equal_frequency_15,6,0.134561293,0.1467207891,12022,0.1405360171,0.1364997505,0.0040362666
7,lightgbm_tuned,platt_inner_holdout,platt,inner_holdout,equal_frequency_15,7,0.1467207891,0.1599201659,12022,0.1532176394,0.1485609716,0.0046566679
7,lightgbm_tuned,platt_inner_holdout,platt,inner_holdout,equal_frequency_15,8,0.1599201659,0.1748334422,12022,0.167273449,0.1665280319,0.0007454171
7,lightgbm_tuned,platt_inner_holdout,platt,inner_holdout,equal_frequency_15,9,0.1748334422,0.1919207222,12022,0.1831138168,0.183164199,5.03821e-05
7,lightgbm_tuned,platt_inner_holdout,platt,inner_holdout,equal_frequency_15,10,0.1919207222,0.2123036046,12022,0.2017882477,0.208867077,0.0070788293
7,lightgbm_tuned,platt_inner_holdout,platt,inner_holdout,equal_frequency_15,11,0.2123036046,0.2383260019,12022,0.224719467,0.2248377974,0.0001183304
7,lightgbm_tuned,platt_inner_holdout,platt,inner_holdout,equal_frequency_15,12,0.2383260019,0.275967524,12022,0.2556696763,0.2592746631,0.0036049869
7,lightgbm_tuned,platt_inner_holdout,platt,inner_holdout,equal_frequency_15,13,0.275967524,0.3417922415,12022,0.3049302671,0.3037764099,0.0011538572
7,lightgbm_tuned,platt_inner_holdout,platt,inner_holdout,equal_frequency_15,14,0.3417922415,0.8391623018,12023,0.4380699596,0.4313399318,0.0067300278
7,lightgbm_tuned,platt_inner_holdout,platt,inner_holdout,equal_width_10,0,0.0,0.1,37780,0.0767391634,0.0794865008,0.0027473374
7,lightgbm_tuned,platt_inner_holdout,platt,inner_holdout,equal_width_10,1,0.1,0.2,87481,0.1459829722,0.1449228975,0.0010600746
7,lightgbm_tuned,platt_inner_holdout,platt,inner_holdout,equal_width_10,2,0.2,0.3,36446,0.2406704854,0.2438127641,0.0031422787
7,lightgbm_tuned,platt_inner_holdout,platt,inner_holdout,equal_width_10,3,0.3,0.4,11898,0.3409488686,0.3307278534,0.0102210152
7,lightgbm_tuned,platt_inner_holdout,platt,inner_holdout,equal_width_10,4,0.4,0.5,4215,0.4416976796,0.4325029656,0.009194714
7,lightgbm_tuned,platt_inner_holdout,platt,inner_holdout,equal_width_10,5,0.5,0.6,1737,0.542968546,0.5492227979,0.0062542519
7,lightgbm_tuned,platt_inner_holdout,platt,inner_holdout,equal_width_10,6,0.6,0.7,606,0.6400170183,0.6534653465,0.0134483282
7,lightgbm_tuned,platt_inner_holdout,platt,inner_holdout,equal_width_10,7,0.7,0.8,155,0.7370744632,0.7548387097,0.0177642464
7,lightgbm_tuned,platt_inner_holdout,platt,inner_holdout,equal_width_10,8,0.8,0.9,14,0.8170453492,0.9285714286,0.1115260794
7,lightgbm_tuned,platt_inner_holdout,platt,inner_holdout,equal_width_10,9,0.9,1.0,0,,,
7,lightgbm_tuned,isotonic_inner_holdout,isotonic,inner_holdout,equal_frequency_15,0,1e-06,0.0718954248,10642,0.0580430614,0.0594813005,0.0014382391
7,lightgbm_tuned,isotonic_inner_holdout,isotonic,inner_holdout,equal_frequency_15,1,0.0718954248,0.0840035746,12882,0.0773999381,0.0810433163,0.0036433781
7,lightgbm_tuned,isotonic_inner_holdout,isotonic,inner_holdout,equal_frequency_15,2,0.0840035746,0.0929487179,12058,0.0868004891,0.0907281473,0.0039276582
7,lightgbm_tuned,isotonic_inner_holdout,isotonic,inner_holdout,equal_frequency_15,3,0.0929487179,0.1120527307,11920,0.1005273211,0.1109899329,0.0104626118
7,lightgbm_tuned,isotonic_inner_holdout,isotonic,inner_holdout,equal_frequency_15,4,0.1120527307,0.1270223752,12237,0.1186019626,0.1125275803,0.0060743824
7,lightgbm_tuned,isotonic_inner_holdout,isotonic,inner_holdout,equal_frequency_15,5,0.1270223752,0.1315406977,11270,0.1290034567,0.1253771074,0.0036263493
7,lightgbm_tuned,isotonic_inner_holdout,isotonic,inner_holdout,equal_frequency_15,6,0.1315406977,0.1408182683,12184,0.1348683899,0.1364084045,0.0015400146
7,lightgbm_tuned,isotonic_inner_holdout,isotonic,inner_holdout,equal_frequency_15,7,0.1408182683,0.15625,12845,0.1463630226,0.1472946672,0.0009316446
7,lightgbm_tuned,isotonic_inner_holdout,isotonic,inner_holdout,equal_frequency_15,8,0.15625,0.1736066624,10303,0.1639209839,0.1677181403,0.0037971564
7,lightgbm_tuned,isotonic_inner_holdout,isotonic,inner_holdout,equal_frequency_15,9,0.1736066624,0.1905263158,13682,0.1822903959,0.1816985821,0.0005918139
7,lightgbm_tuned,isotonic_inner_holdout,isotonic,inner_holdout,equal_frequency_15,10,0.1905263158,0.2132486388,9755,0.1968846035,0.1979497693,0.0010651659
7,lightgbm_tuned,isotonic_inner_holdout,isotonic,inner_holdout,equal_frequency_15,11,0.2132486388,0.24055666,14211,0.2261979523,0.2260220956,0.0001758568
7,lightgbm_tuned,isotonic_inner_holdout,isotonic,inner_holdout,equal_frequency_15,12,0.24055666,0.2769886364,10837,0.2579813921,0.2560671773,0.0019142149
7,lightgbm_tuned,isotonic_inner_holdout,isotonic,inner_holdout,equal_frequency_15,13,0.2769886364,0.350751143,11897,0.3027668059,0.3013364714,0.0014303345
7,lightgbm_tuned,isotonic_inner_holdout,isotonic,inner_holdout,equal_frequency_15,14,0.350751143,0.999999,13609,0.4277662369,0.415166434,0.0125998029
7,lightgbm_tuned,isotonic_inner_holdout,isotonic,inner_holdout,equal_width_10,0,0.0,0.1,43416,0.0788381847,0.0839321909,0.0050940062
7,lightgbm_tuned,isotonic_inner_holdout,isotonic,inner_holdout,equal_width_10,1,0.1,0.2,82762,0.1477993663,0.1475556415,0.0002437249
7,lightgbm_tuned,isotonic_inner_holdout,isotonic,inner_holdout,equal_width_10,2,0.2,0.3,34315,0.2435553322,0.2426344164,0.0009209158
7,lightgbm_tuned,isotonic_inner_holdout,isotonic,inner_holdout,equal_width_10,3,0.3,0.4,14254,0.3454672234,0.3350638417,0.0104033817
7,lightgbm_tuned,isotonic_inner_holdout,isotonic,inner_holdout,equal_width_10,4,0.4,0.5,2886,0.437401646,0.4438669439,0.0064652979
7,lightgbm_tuned,isotonic_inner_holdout,isotonic,inner_holdout,equal_width_10,5,0.5,0.6,1781,0.5627586016,0.5345311623,0.0282274393
7,lightgbm_tuned,isotonic_inner_holdout,isotonic,inner_holdout,equal_width_10,6,0.6,0.7,626,0.6367828849,0.642172524,0.005389639
7,lightgbm_tuned,isotonic_inner_holdout,isotonic,inner_holdout,equal_width_10,7,0.7,0.8,264,0.7525428783,0.7083333333,0.044209545
7,lightgbm_tuned,isotonic_inner_holdout,isotonic,inner_holdout,equal_width_10,8,0.8,0.9,7,0.8085328798,1.0,0.1914671202
7,lightgbm_tuned,isotonic_inner_holdout,isotonic,inner_holdout,equal_width_10,9,0.9,1.0,21,0.999999,0.8571428571,0.1428561429
7,lightgbm_tuned,platt_crossfit,platt,inner_train_crossfit,equal_frequency_15,0,0.0109931266,0.0725543833,12023,0.0610383161,0.0578058721,0.003232444
7,lightgbm_tuned,platt_crossfit,platt,inner_train_crossfit,equal_frequency_15,1,0.0725543833,0.0872000067,12022,0.0798735087,0.0840958243,0.0042223156
7,lightgbm_tuned,platt_crossfit,platt,inner_train_crossfit,equal_frequency_15,2,0.0872000067,0.1009888712,12022,0.094261544,0.0940775245,0.0001840195
7,lightgbm_tuned,platt_crossfit,platt,inner_train_crossfit,equal_frequency_15,3,0.1009888712,0.1134522059,12022,0.1072607288,0.1072200965,4.06323e-05
7,lightgbm_tuned,platt_crossfit,platt,inner_train_crossfit,equal_frequency_15,4,0.1134522059,0.1253050303,12022,0.1194691676,0.1164531692,0.0030159984
7,lightgbm_tuned,platt_crossfit,platt,inner_train_crossfit,equal_frequency_15,5,0.1253050303,0.1368270667,12022,0.1310918797,0.1244385294,0.0066533503
7,lightgbm_tuned,platt_crossfit,platt,inner_train_crossfit,equal_frequency_15,6,0.1368270667,0.1488228463,12022,0.1427535356,0.1348361338,0.0079174019
7,lightgbm_tuned,platt_crossfit,platt,inner_train_crossfit,equal_frequency_15,7,0.1488228463,0.1618086171,12022,0.1552177588,0.1485609716,0.0066567873
7,lightgbm_tuned,platt_crossfit,platt,inner_train_crossfit,equal_frequency_15,8,0.1618086171,0.1763889117,12022,0.1689939031,0.1657794044,0.0032144987
7,lightgbm_tuned,platt_crossfit,platt,inner_train_crossfit,equal_frequency_15,9,0.1763889117,0.1931014826,12022,0.1844771817,0.1853269007,0.000849719
7,lightgbm_tuned,platt_crossfit,platt,inner_train_crossfit,equal_frequency_15,10,0.1931014826,0.2129500961,12022,0.2027033565,0.207369822,0.0046664655
7,lightgbm_tuned,platt_crossfit,platt,inner_train_crossfit,equal_frequency_15,11,0.2129500961,0.2381528696,12022,0.2250008493,0.2260023291,0.0010014798
7,lightgbm_tuned,platt_crossfit,platt,inner_train_crossfit,equal_frequency_15,12,0.2381528696,0.2746970253,12022,0.2549919032,0.2582764931,0.0032845899
7,lightgbm_tuned,platt_crossfit,platt,inner_train_crossfit,equal_frequency_15,13,0.2746970253,0.3383806867,12022,0.3026387372,0.3038595908,0.0012208535
7,lightgbm_tuned,platt_crossfit,platt,inner_train_crossfit,equal_frequency_15,14,0.3383806867,0.8324373371,12023,0.4311989624,0.4314231057,0.0002241433
7,lightgbm_tuned,platt_crossfit,platt,inner_train_crossfit,equal_width_10,0,0.0,0.1,35162,0.0778216976,0.0775837552,0.0002379424
7,lightgbm_tuned,platt_crossfit,platt,inner_train_crossfit,equal_width_10,1,0.1,0.2,89476,0.1463211547,0.1433009969,0.0030201578
7,lightgbm_tuned,platt_crossfit,platt,inner_train_crossfit,equal_width_10,2,0.2,0.3,37507,0.2404709456,0.2434745514,0.0030036058
7,lightgbm_tuned,platt_crossfit,platt,inner_train_crossfit,equal_width_10,3,0.3,0.4,11873,0.3408652281,0.3341194306,0.0067457974
7,lightgbm_tuned,platt_crossfit,platt,inner_train_crossfit,equal_width_10,4,0.4,0.5,4022,0.4417529933,0.4438090502,0.0020560569
7,lightgbm_tuned,platt_crossfit,platt,inner_train_crossfit,equal_width_10,5,0.5,0.6,1618,0.5406447617,0.5599505562,0.0193057946
7,lightgbm_tuned,platt_crossfit,platt,inner_train_crossfit,equal_width_10,6,0.6,0.7,541,0.6387511572,0.6709796673,0.0322285101
7,lightgbm_tuned,platt_crossfit,platt,inner_train_crossfit,equal_width_10,7,0.7,0.8,121,0.7342099242,0.7603305785,0.0261206543
7,lightgbm_tuned,platt_crossfit,platt,inner_train_crossfit,equal_width_10,8,0.8,0.9,12,0.8131068523,0.8333333333,0.0202264811
7,lightgbm_tuned,platt_crossfit,platt,inner_train_crossfit,equal_width_10,9,0.9,1.0,0,,,
7,lightgbm_tuned,isotonic_crossfit,isotonic,inner_train_crossfit,equal_frequency_15,0,1e-06,0.0745424293,11713,0.0593746787,0.0587381542,0.0006365245
7,lightgbm_tuned,isotonic_crossfit,isotonic,inner_train_crossfit,equal_frequency_15,1,0.0745424293,0.0918566775,10770,0.0797280423,0.0807799443,0.001051902
7,lightgbm_tuned,isotonic_crossfit,isotonic,inner_train_crossfit,equal_frequency_15,2,0.0918566775,0.0986842105,13543,0.0944669083,0.0936277043,0.0008392039
7,lightgbm_tuned,isotonic_crossfit,isotonic,inner_train_crossfit,equal_frequency_15,3,0.0986842105,0.114117239,11954,0.1075089565,0.1095030952,0.0019941387
7,lightgbm_tuned,isotonic_crossfit,isotonic,inner_train_crossfit,equal_frequency_15,4,0.114117239,0.123180593,11274,0.1176003239,0.1163739578,0.0012263661
7,lightgbm_tuned,isotonic_crossfit,isotonic,inner_train_crossfit,equal_frequency_15,5,0.123180593,0.1340234269,12394,0.1272034508,0.1225593029,0.0046441479
7,lightgbm_tuned,isotonic_crossfit,isotonic,inner_train_crossfit,equal_frequency_15,6,0.1340234269,0.1460361613,12290,0.1395435687,0.1334418226,0.0061017461
7,lightgbm_tuned,isotonic_crossfit,isotonic,inner_train_crossfit,equal_frequency_15,7,0.1460361613,0.1609383524,10682,0.1528001507,0.1504399925,0.0023601582
7,lightgbm_tuned,isotonic_crossfit,isotonic,inner_train_crossfit,equal_frequency_15,8,0.1609383524,0.1775816417,12918,0.1667800226,0.1626412757,0.0041387468
7,lightgbm_tuned,isotonic_crossfit,isotonic,inner_train_crossfit,equal_frequency_15,9,0.1775816417,0.1923974658,11746,0.1844194538,0.1861910438,0.00177159
7,lightgbm_tuned,isotonic_crossfit,isotonic,inner_train_crossfit,equal_frequency_15,10,0.1923974658,0.2187450104,11577,0.2020108917,0.2010883649,0.0009225269
7,lightgbm_tuned,isotonic_crossfit,isotonic,inner_train_crossfit,equal_frequency_15,11,0.2187450104,0.2407407407,13128,0.2254323793,0.225472273,3.98937e-05
7,lightgbm_tuned,isotonic_crossfit,isotonic,inner_train_crossfit,equal_frequency_15,12,0.2407407407,0.2740595994,12246,0.2602266697,0.2602482443,2.15747e-05
7,lightgbm_tuned,isotonic_crossfit,isotonic,inner_train_crossfit,equal_frequency_15,13,0.2740595994,0.3295210865,11907,0.3001805628,0.3030990174,0.0029184546
7,lightgbm_tuned,isotonic_crossfit,isotonic,inner_train_crossfit,equal_frequency_15,14,0.3295210865,0.999999,12190,0.4300649542,0.4282198523,0.0018451018
7,lightgbm_tuned,isotonic_crossfit,isotonic,inner_train_crossfit,equal_width_10,0,0.0,0.1,37026,0.0791970861,0.0793226381,0.000125552
7,lightgbm_tuned,isotonic_crossfit,isotonic,inner_train_crossfit,equal_width_10,1,0.1,0.2,88446,0.1466573509,0.1448115234,0.0018458275
7,lightgbm_tuned,isotonic_crossfit,isotonic,inner_train_crossfit,equal_width_10,2,0.2,0.3,36300,0.2439071139,0.2432231405,0.0006839734
7,lightgbm_tuned,isotonic_crossfit,isotonic,inner_train_crossfit,equal_width_10,3,0.3,0.4,12145,0.3333288716,0.3341292713,0.0008003997
7,lightgbm_tuned,isotonic_crossfit,isotonic,inner_train_crossfit,equal_width_10,4,0.4,0.5,3981,0.4401598795,0.43933685,0.0008230295
7,lightgbm_tuned,isotonic_crossfit,isotonic,inner_train_crossfit,equal_width_10,5,0.5,0.6,1756,0.5498518357,0.5455580866,0.0042937491
7,lightgbm_tuned,isotonic_crossfit,isotonic,inner_train_crossfit,equal_width_10,6,0.6,0.7,539,0.6602564313,0.6660482375,0.0057918062
7,lightgbm_tuned,isotonic_crossfit,isotonic,inner_train_crossfit,equal_width_10,7,0.7,0.8,71,0.7229556925,0.7464788732,0.0235231807
7,lightgbm_tuned,isotonic_crossfit,isotonic,inner_train_crossfit,equal_width_10,8,0.8,0.9,38,0.8348841062,0.7631578947,0.0717262115
7,lightgbm_tuned,isotonic_crossfit,isotonic,inner_train_crossfit,equal_width_10,9,0.9,1.0,30,0.9355252087,0.8333333333,0.1021918753
