dimension,value,eligible_rows,matched_rows,unmatched_rows,unmatched_rate
Carrier_ID(DOT),19393,12583,12583,0,0.0
Carrier_ID(DOT),19687,443,443,0,0.0
Carrier_ID(DOT),19690,766,766,0,0.0
Carrier_ID(DOT),19790,3841,3841,0,0.0
Carrier_ID(DOT),19805,3623,3623,0,0.0
Carrier_ID(DOT),19930,1007,1007,0,0.0
Carrier_ID(DOT),19977,6002,6002,0,0.0
Carrier_ID(DOT),20046,947,947,0,0.0
Carrier_ID(DOT),20225,7,7,0,0.0
Carrier_ID(DOT),20237,603,603,0,0.0
Carrier_ID(DOT),20263,70,70,0,0.0
Carrier_ID(DOT),20304,4809,4809,0,0.0
Carrier_ID(DOT),20363,924,924,0,0.0
Carrier_ID(DOT),20366,1102,1102,0,0.0
Carrier_ID(DOT),20368,1153,1153,0,0.0
Carrier_ID(DOT),20378,1429,1429,0,0.0
Carrier_ID(DOT),20397,1057,1057,0,0.0
Carrier_ID(DOT),20398,1241,1241,0,0.0
Carrier_ID(DOT),20409,2741,2741,0,0.0
Carrier_ID(DOT),20416,1797,1797,0,0.0
Carrier_ID(DOT),20427,454,454,0,0.0
Carrier_ID(DOT),20436,1160,1160,0,0.0
Carrier_ID(DOT),20445,508,508,0,0.0
Carrier_ID(DOT),20452,1833,1833,0,0.0
Carrier_ID(DOT),20500,564,564,0,0.0
Carrier_ID(DOT),21167,378,378,0,0.0
Airline,(missing),5550,5550,0,0.0
Airline,Air Wisconsin Airlines Corp,854,854,0,0.0
Airline,Alaska Airlines Inc.,899,899,0,0.0
Airline,Allegiant Air,1008,1008,0,0.0
Airline,American Airlines Inc.,3245,3245,0,0.0
Airline,Capital Cargo International,395,395,0,0.0
Airline,Comair Inc.,941,941,0,0.0
Airline,"Commutair Aka Champlain Enterprises, Inc.",444,444,0,0.0
Airline,Compass Airlines,346,346,0,0.0
Airline,Delta Air Lines Inc.,3403,3403,0,0.0
Airline,Empire Airlines Inc.,64,64,0,0.0
Airline,Endeavor Air Inc.,833,833,0,0.0
Airline,Envoy Air,1118,1118,0,0.0
Airline,ExpressJet Airlines Inc.,965,965,0,0.0
Airline,Frontier Airlines Inc.,1043,1043,0,0.0
Airline,"GoJet Airlines, LLC d/b/a United Express",512,512,0,0.0
Airline,Hawaiian Airlines Inc.,683,683,0,0.0
Airline,Horizon Air,394,394,0,0.0
Airline,JetBlue Airways,2435,2435,0,0.0
Airline,Mesa Airlines Inc.,1274,1274,0,0.0
Airline,Peninsula Airways Inc.,6,6,0,0.0
Airline,Republic Airlines,1641,1641,0,0.0
Airline,SkyWest Airlines Inc.,4285,4285,0,0.0
Airline,Southwest Airlines Co.,11252,11252,0,0.0
Airline,Spirit Air Lines,1604,1604,0,0.0
Airline,Trans States Airlines,540,540,0,0.0
Airline,United Air Lines Inc.,5308,5308,0,0.0
carrier_group,previously-absent operator,3974,3974,0,0.0
carrier_group,reporting carrier,47068,47068,0,0.0
route,ABE->ATL,2,2,0,0.0
route,ABE->BNA,2,2,0,0.0
route,ABE->CLT,2,2,0,0.0
route,ABE->DTW,4,4,0,0.0
route,ABE->FLL,1,1,0,0.0
route,ABE->MYR,2,2,0,0.0
route,ABE->ORD,13,13,0,0.0
route,ABE->PGD,3,3,0,0.0
route,ABE->PHL,2,2,0,0.0
route,ABE->PIE,2,2,0,0.0
route,ABE->SAV,2,2,0,0.0
route,ABE->SFB,8,8,0,0.0
route,ABI->DFW,7,7,0,0.0
route,ABQ->ATL,2,2,0,0.0
route,ABQ->AUS,4,4,0,0.0
route,ABQ->BWI,3,3,0,0.0
route,ABQ->DAL,13,13,0,0.0
route,ABQ->DEN,28,28,0,0.0
route,ABQ->DFW,9,9,0,0.0
route,ABQ->HOU,6,6,0,0.0
route,ABQ->IAH,13,13,0,0.0
route,ABQ->JFK,2,2,0,0.0
route,ABQ->LAS,19,19,0,0.0
route,ABQ->LAX,14,14,0,0.0
route,ABQ->MCI,3,3,0,0.0
route,ABQ->MCO,1,1,0,0.0
route,ABQ->MDW,2,2,0,0.0
route,ABQ->OAK,9,9,0,0.0
route,ABQ->ORD,11,11,0,0.0
route,ABQ->PDX,3,3,0,0.0
route,ABQ->PHX,25,25,0,0.0
route,ABQ->SAN,7,7,0,0.0
route,ABQ->SEA,2,2,0,0.0
route,ABQ->SFO,8,8,0,0.0
route,ABQ->SJC,2,2,0,0.0
route,ABQ->SLC,1,1,0,0.0
route,ABR->MSP,3,3,0,0.0
route,ABY->ATL,3,3,0,0.0
route,ACK->BOS,2,2,0,0.0
route,ACK->DCA,2,2,0,0.0
route,ACK->HPN,1,1,0,0.0
route,ACK->JFK,10,10,0,0.0
route,ACK->LGA,2,2,0,0.0
route,ACT->DFW,4,4,0,0.0
route,ACV->DEN,1,1,0,0.0
route,ACV->LAX,2,2,0,0.0
route,ACV->SFO,11,11,0,0.0
route,ACY->ATL,6,6,0,0.0
route,ACY->FLL,5,5,0,0.0
route,ACY->MCO,8,8,0,0.0
route,ACY->MSY,1,1,0,0.0
route,ACY->MYR,3,3,0,0.0
route,ACY->RSW,4,4,0,0.0
route,ACY->TPA,1,1,0,0.0
route,ADQ->ANC,4,4,0,0.0
route,AEX->ATL,7,7,0,0.0
route,AEX->DFW,3,3,0,0.0
route,AEX->IAH,9,9,0,0.0
route,AGS->ATL,9,9,0,0.0
route,AGS->CLT,8,8,0,0.0
route,ALB->ATL,5,5,0,0.0
route,ALB->BWI,14,14,0,0.0
route,ALB->CLT,1,1,0,0.0
route,ALB->DCA,2,2,0,0.0
route,ALB->DEN,3,3,0,0.0
route,ALB->DTW,7,7,0,0.0
route,ALB->EWR,18,18,0,0.0
route,ALB->FLL,9,9,0,0.0
route,ALB->IAD,10,10,0,0.0
route,ALB->MCO,9,9,0,0.0
route,ALB->MDW,7,7,0,0.0
route,ALB->MSP,1,1,0,0.0
route,ALB->ORD,16,16,0,0.0
route,ALB->PHL,9,9,0,0.0
route,ALB->PIE,1,1,0,0.0
route,ALB->RDU,1,1,0,0.0
route,ALB->TPA,4,4,0,0.0
route,ALO->ORD,4,4,0,0.0
route,ALW->SEA,8,8,0,0.0
route,AMA->DAL,12,12,0,0.0
route,AMA->DEN,9,9,0,0.0
route,AMA->DFW,11,11,0,0.0
route,AMA->IAH,6,6,0,0.0
route,ANC->ADK,1,1,0,0.0
route,ANC->ADQ,4,4,0,0.0
route,ANC->AKN,1,1,0,0.0
route,ANC->ATL,1,1,0,0.0
route,ANC->BET,4,4,0,0.0
route,ANC->CDV,2,2,0,0.0
route,ANC->DEN,4,4,0,0.0
route,ANC->DFW,3,3,0,0.0
route,ANC->DLG,2,2,0,0.0
route,ANC->DUT,4,4,0,0.0
route,ANC->FAI,7,7,0,0.0
route,ANC->HNL,1,1,0,0.0
route,ANC->IAH,4,4,0,0.0
route,ANC->JNU,4,4,0,0.0
route,ANC->LAX,3,3,0,0.0
route,ANC->MSP,1,1,0,0.0
route,ANC->OME,1,1,0,0.0
route,ANC->ORD,14,14,0,0.0
route,ANC->OTZ,3,3,0,0.0
route,ANC->PDX,6,6,0,0.0
route,ANC->SCC,3,3,0,0.0
route,ANC->SEA,40,40,0,0.0
route,ANC->SFO,3,3,0,0.0
route,APN->DTW,2,2,0,0.0
route,ART->PHL,2,2,0,0.0
route,ASE->DEN,19,19,0,0.0
route,ASE->DFW,6,6,0,0.0
route,ASE->IAH,5,5,0,0.0
route,ASE->LAX,5,5,0,0.0
route,ASE->ORD,5,5,0,0.0
route,ASE->PHX,1,1,0,0.0
route,ASE->SFO,6,6,0,0.0
route,ASE->SLC,4,4,0,0.0
route,ATL->ABE,6,6,0,0.0
route,ATL->ABQ,3,3,0,0.0
route,ATL->ABY,1,1,0,0.0
route,ATL->ACY,6,6,0,0.0
route,ATL->AEX,4,4,0,0.0
route,ATL->AGS,11,11,0,0.0
route,ATL->ALB,5,5,0,0.0
route,ATL->ANC,3,3,0,0.0
route,ATL->ATW,6,6,0,0.0
route,ATL->AUS,19,19,0,0.0
route,ATL->AVL,7,7,0,0.0
route,ATL->AVP,3,3,0,0.0
route,ATL->BDL,8,8,0,0.0
route,ATL->BHM,14,14,0,0.0
route,ATL->BMI,3,3,0,0.0
route,ATL->BNA,17,17,0,0.0
route,ATL->BOS,49,49,0,0.0
route,ATL->BQK,2,2,0,0.0
route,ATL->BTR,6,6,0,0.0
route,ATL->BUF,7,7,0,0.0
route,ATL->BWI,40,40,0,0.0
route,ATL->BZN,1,1,0,0.0
route,ATL->CAE,12,12,0,0.0
route,ATL->CAK,2,2,0,0.0
route,ATL->CHA,13,13,0,0.0
route,ATL->CHO,5,5,0,0.0
route,ATL->CHS,9,9,0,0.0
route,ATL->CID,6,6,0,0.0
route,ATL->CLE,23,23,0,0.0
route,ATL->CLT,26,26,0,0.0
route,ATL->CMH,20,20,0,0.0
route,ATL->CRW,10,10,0,0.0
route,ATL->CSG,4,4,0,0.0
route,ATL->CVG,14,14,0,0.0
route,ATL->DAB,5,5,0,0.0
route,ATL->DAL,19,19,0,0.0
route,ATL->DAY,5,5,0,0.0
route,ATL->DCA,38,38,0,0.0
route,ATL->DEN,44,44,0,0.0
route,ATL->DFW,22,22,0,0.0
route,ATL->DHN,4,4,0,0.0
route,ATL->DSM,2,2,0,0.0
route,ATL->DTW,29,29,0,0.0
route,ATL->ECP,4,4,0,0.0
route,ATL->ELP,5,5,0,0.0
route,ATL->EVV,5,5,0,0.0
route,ATL->EWN,3,3,0,0.0
route,ATL->EWR,40,40,0,0.0
route,ATL->EYW,3,3,0,0.0
route,ATL->FAY,10,10,0,0.0
route,ATL->FLL,58,58,0,0.0
route,ATL->FNT,2,2,0,0.0
route,ATL->FSM,1,1,0,0.0
route,ATL->FWA,6,6,0,0.0
route,ATL->GNV,9,9,0,0.0
route,ATL->GPT,9,9,0,0.0
route,ATL->GRB,1,1,0,0.0
route,ATL->GRR,3,3,0,0.0
route,ATL->GSO,9,9,0,0.0
route,ATL->GSP,17,17,0,0.0
route,ATL->GTR,6,6,0,0.0
route,ATL->HHH,6,6,0,0.0
route,ATL->HNL,1,1,0,0.0
route,ATL->HOU,28,28,0,0.0
route,ATL->HPN,12,12,0,0.0
route,ATL->HSV,11,11,0,0.0
route,ATL->IAD,34,34,0,0.0
route,ATL->IAH,39,39,0,0.0
route,ATL->ICT,3,3,0,0.0
route,ATL->ILM,13,13,0,0.0
route,ATL->IND,12,12,0,0.0
route,ATL->JAC,1,1,0,0.0
route,ATL->JAN,7,7,0,0.0
route,ATL->JAX,31,31,0,0.0
route,ATL->JFK,17,17,0,0.0
route,ATL->LAS,34,34,0,0.0
route,ATL->LAX,41,41,0,0.0
route,ATL->LEX,9,9,0,0.0
route,ATL->LFT,10,10,0,0.0
route,ATL->LGA,44,44,0,0.0
route,ATL->LIT,10,10,0,0.0
route,ATL->LNK,2,2,0,0.0
route,ATL->MCI,21,21,0,0.0
route,ATL->MCO,48,48,0,0.0
route,ATL->MDT,3,3,0,0.0
route,ATL->MDW,24,24,0,0.0
route,ATL->MEM,17,17,0,0.0
route,ATL->MGM,7,7,0,0.0
route,ATL->MHT,4,4,0,0.0
route,ATL->MIA,23,23,0,0.0
route,ATL->MKE,17,17,0,0.0
route,ATL->MLB,8,8,0,0.0
route,ATL->MLI,5,5,0,0.0
route,ATL->MLU,6,6,0,0.0
route,ATL->MOB,5,5,0,0.0
route,ATL->MSN,4,4,0,0.0
route,ATL->MSP,20,20,0,0.0
route,ATL->MSY,25,25,0,0.0
route,ATL->MYR,4,4,0,0.0
route,ATL->OAJ,1,1,0,0.0
route,ATL->OAK,2,2,0,0.0
route,ATL->OKC,10,10,0,0.0
route,ATL->OMA,8,8,0,0.0
route,ATL->ORD,44,44,0,0.0
route,ATL->ORF,16,16,0,0.0
route,ATL->PBI,26,26,0,0.0
route,ATL->PDX,6,6,0,0.0
route,ATL->PHF,6,6,0,0.0
route,ATL->PHL,39,39,0,0.0
route,ATL->PHX,8,8,0,0.0
route,ATL->PIA,2,2,0,0.0
route,ATL->PIT,13,13,0,0.0
route,ATL->PNS,7,7,0,0.0
route,ATL->PVD,4,4,0,0.0
route,ATL->PWM,3,3,0,0.0
route,ATL->RAP,1,1,0,0.0
route,ATL->RDU,25,25,0,0.0
route,ATL->RIC,27,27,0,0.0
route,ATL->ROA,3,3,0,0.0
route,ATL->ROC,4,4,0,0.0
route,ATL->RST,2,2,0,0.0
route,ATL->RSW,19,19,0,0.0
route,ATL->SAN,14,14,0,0.0
route,ATL->SAT,17,17,0,0.0
route,ATL->SAV,10,10,0,0.0
route,ATL->SBN,4,4,0,0.0
route,ATL->SDF,8,8,0,0.0
route,ATL->SEA,13,13,0,0.0
route,ATL->SFO,19,19,0,0.0
route,ATL->SGF,5,5,0,0.0
route,ATL->SHV,6,6,0,0.0
route,ATL->SJC,5,5,0,0.0
route,ATL->SJU,8,8,0,0.0
route,ATL->SLC,17,17,0,0.0
route,ATL->SMF,4,4,0,0.0
route,ATL->SNA,3,3,0,0.0
route,ATL->SRQ,7,7,0,0.0
route,ATL->STL,17,17,0,0.0
route,ATL->STT,3,3,0,0.0
route,ATL->SYR,2,2,0,0.0
route,ATL->TLH,12,12,0,0.0
route,ATL->TPA,34,34,0,0.0
route,ATL->TRI,5,5,0,0.0
route,ATL->TTN,3,3,0,0.0
route,ATL->TUL,7,7,0,0.0
route,ATL->TUS,5,5,0,0.0
route,ATL->TYS,11,11,0,0.0
route,ATL->VLD,4,4,0,0.0
route,ATL->VPS,12,12,0,0.0
route,ATL->XNA,7,7,0,0.0
route,ATW->ATL,4,4,0,0.0
route,ATW->DEN,3,3,0,0.0
route,ATW->DTW,2,2,0,0.0
route,ATW->MSP,1,1,0,0.0
route,ATW->ORD,24,24,0,0.0
route,ATW->SFB,1,1,0,0.0
route,ATY->DEN,1,1,0,0.0
route,AUS->ABQ,5,5,0,0.0
route,AUS->ATL,18,18,0,0.0
route,AUS->BNA,12,12,0,0.0
route,AUS->BOS,10,10,0,0.0
route,AUS->BUF,3,3,0,0.0
route,AUS->BWI,9,9,0,0.0
route,AUS->CHS,1,1,0,0.0
route,AUS->CLE,1,1,0,0.0
route,AUS->CLT,5,5,0,0.0
route,AUS->CMH,1,1,0,0.0
route,AUS->CVG,5,5,0,0.0
route,AUS->DAL,28,28,0,0.0
route,AUS->DCA,8,8,0,0.0
route,AUS->DEN,42,42,0,0.0
route,AUS->DFW,10,10,0,0.0
route,AUS->DTW,5,5,0,0.0
route,AUS->ECP,1,1,0,0.0
route,AUS->ELP,8,8,0,0.0
route,AUS->EWR,20,20,0,0.0
route,AUS->FLL,5,5,0,0.0
route,AUS->HOU,21,21,0,0.0
route,AUS->HRL,3,3,0,0.0
route,AUS->IAD,8,8,0,0.0
route,AUS->IAH,28,28,0,0.0
route,AUS->IND,1,1,0,0.0
route,AUS->JFK,10,10,0,0.0
route,AUS->LAS,27,27,0,0.0
route,AUS->LAX,17,17,0,0.0
route,AUS->LBB,4,4,0,0.0
route,AUS->LCK,1,1,0,0.0
route,AUS->LGB,3,3,0,0.0
route,AUS->MCI,1,1,0,0.0
route,AUS->MCO,8,8,0,0.0
route,AUS->MDW,9,9,0,0.0
route,AUS->MEM,1,1,0,0.0
route,AUS->MIA,3,3,0,0.0
route,AUS->MSP,4,4,0,0.0
route,AUS->MSY,11,11,0,0.0
route,AUS->OAK,3,3,0,0.0
route,AUS->ONT,1,1,0,0.0
route,AUS->ORD,24,24,0,0.0
route,AUS->PDX,1,1,0,0.0
route,AUS->PHL,5,5,0,0.0
route,AUS->PHX,24,24,0,0.0
route,AUS->PIE,1,1,0,0.0
route,AUS->PIT,1,1,0,0.0
route,AUS->PVD,2,2,0,0.0
route,AUS->RDU,3,3,0,0.0
route,AUS->SAN,11,11,0,0.0
route,AUS->SEA,3,3,0,0.0
route,AUS->SFB,1,1,0,0.0
route,AUS->SFO,15,15,0,0.0
route,AUS->SJC,5,5,0,0.0
route,AUS->SLC,2,2,0,0.0
route,AUS->SMF,6,6,0,0.0
route,AUS->SNA,1,1,0,0.0
route,AUS->STL,8,8,0,0.0
route,AUS->TPA,4,4,0,0.0
route,AVL->ATL,8,8,0,0.0
route,AVL->BWI,1,1,0,0.0
route,AVL->CLT,11,11,0,0.0
route,AVL->DEN,1,1,0,0.0
route,AVL->EWR,8,8,0,0.0
route,AVL->FLL,7,7,0,0.0
route,AVL->IAD,3,3,0,0.0
route,AVL->ORD,19,19,0,0.0
route,AVL->PGD,1,1,0,0.0
route,AVL->PHL,1,1,0,0.0
route,AVL->PIE,3,3,0,0.0
route,AVL->SFB,2,2,0,0.0
route,AVL->SRQ,1,1,0,0.0
route,AVP->ATL,1,1,0,0.0
route,AVP->CLT,6,6,0,0.0
route,AVP->EWR,1,1,0,0.0
route,AVP->ORD,12,12,0,0.0
route,AVP->PHL,3,3,0,0.0
route,AZA->ATW,2,2,0,0.0
route,AZA->BLI,2,2,0,0.0
route,AZA->BOI,1,1,0,0.0
route,AZA->CID,3,3,0,0.0
route,AZA->CVG,1,1,0,0.0
route,AZA->DSM,2,2,0,0.0
route,AZA->EUG,1,1,0,0.0
route,AZA->FAR,2,2,0,0.0
route,AZA->FSD,1,1,0,0.0
route,AZA->GRI,1,1,0,0.0
route,AZA->GRR,1,1,0,0.0
route,AZA->ICT,1,1,0,0.0
route,AZA->IDA,2,2,0,0.0
route,AZA->LAS,1,1,0,0.0
route,AZA->MEM,1,1,0,0.0
route,AZA->MFR,1,1,0,0.0
route,AZA->MOT,1,1,0,0.0
route,AZA->OAK,2,2,0,0.0
route,AZA->OGD,1,1,0,0.0
route,AZA->OMA,3,3,0,0.0
route,AZA->PIA,1,1,0,0.0
route,AZA->PSC,3,3,0,0.0
route,AZA->PVU,9,9,0,0.0
route,AZA->RFD,3,3,0,0.0
route,AZA->SCK,2,2,0,0.0
route,AZA->SGF,4,4,0,0.0
route,AZO->DTW,4,4,0,0.0
route,AZO->ORD,10,10,0,0.0
route,BDL->ATL,3,3,0,0.0
route,BDL->BWI,17,17,0,0.0
route,BDL->CLE,2,2,0,0.0
route,BDL->CLT,5,5,0,0.0
route,BDL->CVG,1,1,0,0.0
route,BDL->DCA,13,13,0,0.0
route,BDL->DEN,7,7,0,0.0
route,BDL->DFW,2,2,0,0.0
route,BDL->DTW,6,6,0,0.0
route,BDL->EWR,7,7,0,0.0
route,BDL->FLL,11,11,0,0.0
route,BDL->IAD,10,10,0,0.0
route,BDL->LAS,2,2,0,0.0
route,BDL->LAX,1,1,0,0.0
route,BDL->MCO,21,21,0,0.0
route,BDL->MDW,11,11,0,0.0
route,BDL->MSP,5,5,0,0.0
route,BDL->MYR,3,3,0,0.0
route,BDL->ORD,28,28,0,0.0
route,BDL->PBI,4,4,0,0.0
route,BDL->PHL,7,7,0,0.0
route,BDL->RDU,1,1,0,0.0
route,BDL->SFO,5,5,0,0.0
route,BDL->SJU,3,3,0,0.0
route,BDL->STL,2,2,0,0.0
route,BDL->TPA,13,13,0,0.0
route,BET->ANC,4,4,0,0.0
route,BFF->DEN,5,5,0,0.0
route,BFL->DEN,3,3,0,0.0
route,BFL->DFW,2,2,0,0.0
route,BFL->PHX,5,5,0,0.0
route,BFL->SFO,8,8,0,0.0
route,BGM->DTW,4,4,0,0.0
route,BGR->DCA,6,6,0,0.0
route,BGR->EWR,14,14,0,0.0
route,BGR->LGA,6,6,0,0.0
route,BGR->ORD,5,5,0,0.0
route,BGR->PHL,4,4,0,0.0
route,BGR->PIE,2,2,0,0.0
route,BGR->SFB,1,1,0,0.0
route,BHM->ATL,24,24,0,0.0
route,BHM->BWI,5,5,0,0.0
route,BHM->CLT,11,11,0,0.0
route,BHM->DAL,3,3,0,0.0
route,BHM->DCA,1,1,0,0.0
route,BHM->DEN,8,8,0,0.0
route,BHM->DFW,11,11,0,0.0
route,BHM->DTW,1,1,0,0.0
route,BHM->HOU,5,5,0,0.0
route,BHM->IAH,16,16,0,0.0
route,BHM->LAS,2,2,0,0.0
route,BHM->LGA,3,3,0,0.0
route,BHM->MCO,5,5,0,0.0
route,BHM->MDW,4,4,0,0.0
route,BHM->MIA,1,1,0,0.0
route,BHM->ORD,16,16,0,0.0
route,BHM->PHL,3,3,0,0.0
route,BHM->TPA,3,3,0,0.0
route,BIL->AZA,2,2,0,0.0
route,BIL->DEN,15,15,0,0.0
route,BIL->DFW,2,2,0,0.0
route,BIL->MSP,4,4,0,0.0
route,BIL->PDX,1,1,0,0.0
route,BIL->SEA,3,3,0,0.0
route,BIL->SLC,2,2,0,0.0
route,BIS->AZA,1,1,0,0.0
route,BIS->DEN,12,12,0,0.0
route,BIS->DFW,4,4,0,0.0
route,BIS->MSP,5,5,0,0.0
route,BIS->ORD,8,8,0,0.0
route,BIS->SFB,1,1,0,0.0
route,BJI->MSP,2,2,0,0.0
route,BKG->DEN,2,2,0,0.0
route,BKG->DFW,1,1,0,0.0
route,BLI->AZA,1,1,0,0.0
route,BLI->LAS,6,6,0,0.0
route,BLI->LAX,4,4,0,0.0
route,BLI->SAN,1,1,0,0.0
route,BLI->SEA,4,4,0,0.0
route,BLV->FLL,1,1,0,0.0
route,BLV->JAX,2,2,0,0.0
route,BLV->LAS,2,2,0,0.0
route,BLV->PGD,1,1,0,0.0
route,BLV->PIE,4,4,0,0.0
route,BLV->SFB,1,1,0,0.0
route,BLV->VPS,3,3,0,0.0
route,BMI->ATL,2,2,0,0.0
route,BMI->DEN,2,2,0,0.0
route,BMI->DFW,1,1,0,0.0
route,BMI->ORD,3,3,0,0.0
route,BMI->SFB,1,1,0,0.0
route,BNA->ATL,19,19,0,0.0
route,BNA->AUS,12,12,0,0.0
route,BNA->BOS,18,18,0,0.0
route,BNA->BWI,25,25,0,0.0
route,BNA->CHS,7,7,0,0.0
route,BNA->CID,1,1,0,0.0
route,BNA->CLE,10,10,0,0.0
route,BNA->CLT,18,18,0,0.0
route,BNA->CMH,9,9,0,0.0
route,BNA->DAL,13,13,0,0.0
route,BNA->DCA,18,18,0,0.0
route,BNA->DEN,31,31,0,0.0
route,BNA->DFW,7,7,0,0.0
route,BNA->DTW,14,14,0,0.0
route,BNA->ECP,8,8,0,0.0
route,BNA->EWR,19,19,0,0.0
route,BNA->FLL,18,18,0,0.0
route,BNA->GRR,1,1,0,0.0
route,BNA->HOU,9,9,0,0.0
route,BNA->IAD,8,8,0,0.0
route,BNA->IAH,10,10,0,0.0
route,BNA->JAX,7,7,0,0.0
route,BNA->JFK,9,9,0,0.0
route,BNA->LAS,12,12,0,0.0
route,BNA->LAX,14,14,0,0.0
route,BNA->LGA,24,24,0,0.0
route,BNA->MCI,10,10,0,0.0
route,BNA->MCO,17,17,0,0.0
route,BNA->MDW,20,20,0,0.0
route,BNA->MIA,1,1,0,0.0
route,BNA->MKE,5,5,0,0.0
route,BNA->MSP,12,12,0,0.0
route,BNA->MSY,7,7,0,0.0
route,BNA->MYR,2,2,0,0.0
route,BNA->ORD,33,33,0,0.0
route,BNA->PGD,3,3,0,0.0
route,BNA->PHL,20,20,0,0.0
route,BNA->PHX,12,12,0,0.0
route,BNA->PIE,2,2,0,0.0
route,BNA->PIT,3,3,0,0.0
route,BNA->PNS,5,5,0,0.0
route,BNA->RDU,16,16,0,0.0
route,BNA->SAN,10,10,0,0.0
route,BNA->SAT,6,6,0,0.0
route,BNA->SEA,5,5,0,0.0
route,BNA->SFO,13,13,0,0.0
route,BNA->SLC,1,1,0,0.0
route,BNA->STL,11,11,0,0.0
route,BNA->TPA,21,21,0,0.0
route,BNA->TTN,1,1,0,0.0
route,BOI->AZA,1,1,0,0.0
route,BOI->DEN,38,38,0,0.0
route,BOI->DFW,4,4,0,0.0
route,BOI->GEG,9,9,0,0.0
route,BOI->IAH,1,1,0,0.0
route,BOI->LAS,12,12,0,0.0
route,BOI->LAX,6,6,0,0.0
route,BOI->MSP,3,3,0,0.0
route,BOI->OAK,7,7,0,0.0
route,BOI->ORD,6,6,0,0.0
route,BOI->PDX,8,8,0,0.0
route,BOI->PHX,6,6,0,0.0
route,BOI->RNO,1,1,0,0.0
route,BOI->SAN,4,4,0,0.0
route,BOI->SEA,24,24,0,0.0
route,BOI->SFO,13,13,0,0.0
route,BOI->SJC,5,5,0,0.0
route,BOI->SLC,6,6,0,0.0
route,BOI->SMF,6,6,0,0.0
route,BOS->ACK,4,4,0,0.0
route,BOS->ATL,36,36,0,0.0
route,BOS->AUS,11,11,0,0.0
route,BOS->BNA,23,23,0,0.0
route,BOS->BUF,21,21,0,0.0
route,BOS->BUR,1,1,0,0.0
route,BOS->BWI,54,54,0,0.0
route,BOS->CHS,5,5,0,0.0
route,BOS->CLE,16,16,0,0.0
route,BOS->CLT,11,11,0,0.0
route,BOS->CMH,7,7,0,0.0
route,BOS->CVG,3,3,0,0.0
route,BOS->DAL,4,4,0,0.0
route,BOS->DCA,42,42,0,0.0
route,BOS->DEN,26,26,0,0.0
route,BOS->DFW,18,18,0,0.0
route,BOS->DTW,17,17,0,0.0
route,BOS->EWR,40,40,0,0.0
route,BOS->FLL,25,25,0,0.0
route,BOS->HOU,4,4,0,0.0
route,BOS->IAD,22,22,0,0.0
route,BOS->IAH,20,20,0,0.0
route,BOS->IND,9,9,0,0.0
route,BOS->JAX,18,18,0,0.0
route,BOS->JFK,41,41,0,0.0
route,BOS->LAS,18,18,0,0.0
route,BOS->LAX,22,22,0,0.0
route,BOS->LGA,50,50,0,0.0
route,BOS->LGB,7,7,0,0.0
route,BOS->MCI,4,4,0,0.0
route,BOS->MCO,23,23,0,0.0
route,BOS->MDT,2,2,0,0.0
route,BOS->MDW,23,23,0,0.0
route,BOS->MIA,11,11,0,0.0
route,BOS->MKE,7,7,0,0.0
route,BOS->MSP,24,24,0,0.0
route,BOS->MSY,6,6,0,0.0
route,BOS->MVY,1,1,0,0.0
route,BOS->MYR,5,5,0,0.0
route,BOS->OAK,3,3,0,0.0
route,BOS->ORD,61,61,0,0.0
route,BOS->PBI,18,18,0,0.0
route,BOS->PDX,3,3,0,0.0
route,BOS->PHL,36,36,0,0.0
route,BOS->PHX,7,7,0,0.0
route,BOS->PIT,26,26,0,0.0
route,BOS->RDU,34,34,0,0.0
route,BOS->RIC,17,17,0,0.0
route,BOS->ROC,2,2,0,0.0
route,BOS->RSW,10,10,0,0.0
route,BOS->SAN,5,5,0,0.0
route,BOS->SAV,5,5,0,0.0
route,BOS->SEA,13,13,0,0.0
route,BOS->SFO,36,36,0,0.0
route,BOS->SJC,4,4,0,0.0
route,BOS->SJU,8,8,0,0.0
route,BOS->SLC,6,6,0,0.0
route,BOS->SMF,3,3,0,0.0
route,BOS->STL,13,13,0,0.0
route,BOS->SYR,3,3,0,0.0
route,BOS->TPA,18,18,0,0.0
route,BPT->DFW,1,1,0,0.0
route,BQK->ATL,7,7,0,0.0
route,BQN->EWR,5,5,0,0.0
route,BQN->FLL,6,6,0,0.0
route,BQN->JFK,7,7,0,0.0
route,BQN->MCO,5,5,0,0.0
route,BRD->MSP,1,1,0,0.0
route,BRO->DFW,4,4,0,0.0
route,BRO->IAH,8,8,0,0.0
route,BRW->ANC,2,2,0,0.0
route,BTM->SLC,1,1,0,0.0
route,BTR->ATL,8,8,0,0.0
route,BTR->CLT,1,1,0,0.0
route,BTR->DFW,3,3,0,0.0
route,BTR->IAH,21,21,0,0.0
route,BTV->ATL,2,2,0,0.0
route,BTV->CLT,2,2,0,0.0
route,BTV->DCA,2,2,0,0.0
route,BTV->DEN,1,1,0,0.0
route,BTV->DTW,6,6,0,0.0
route,BTV->EWR,11,11,0,0.0
route,BTV->IAD,12,12,0,0.0
route,BTV->JFK,17,17,0,0.0
route,BTV->LGA,3,3,0,0.0
route,BTV->ORD,9,9,0,0.0
route,BTV->PHL,3,3,0,0.0
route,BUF->ATL,7,7,0,0.0
route,BUF->BOS,20,20,0,0.0
route,BUF->BWI,23,23,0,0.0
route,BUF->CLT,5,5,0,0.0
route,BUF->DCA,3,3,0,0.0
route,BUF->DEN,3,3,0,0.0
route,BUF->DFW,1,1,0,0.0
route,BUF->DTW,8,8,0,0.0
route,BUF->EWR,19,19,0,0.0
route,BUF->FLL,2,2,0,0.0
route,BUF->IAD,12,12,0,0.0
route,BUF->JFK,31,31,0,0.0
route,BUF->LAS,2,2,0,0.0
route,BUF->LAX,3,3,0,0.0
route,BUF->LGA,5,5,0,0.0
route,BUF->MCO,8,8,0,0.0
route,BUF->MDW,12,12,0,0.0
route,BUF->MSP,2,2,0,0.0
route,BUF->ORD,22,22,0,0.0
route,BUF->PHL,7,7,0,0.0
route,BUF->PHX,4,4,0,0.0
route,BUF->RDU,1,1,0,0.0
route,BUF->TPA,8,8,0,0.0
route,BUR->BNA,1,1,0,0.0
route,BUR->DAL,5,5,0,0.0
route,BUR->DEN,17,17,0,0.0
route,BUR->DFW,3,3,0,0.0
route,BUR->HOU,2,2,0,0.0
route,BUR->JFK,3,3,0,0.0
route,BUR->LAS,38,38,0,0.0
route,BUR->MDW,1,1,0,0.0
route,BUR->OAK,45,45,0,0.0
route,BUR->PDX,9,9,0,0.0
route,BUR->PHX,20,20,0,0.0
route,BUR->SEA,5,5,0,0.0
route,BUR->SFO,34,34,0,0.0
route,BUR->SJC,36,36,0,0.0
route,BUR->SLC,7,7,0,0.0
route,BUR->SMF,31,31,0,0.0
route,BWI->ABQ,6,6,0,0.0
route,BWI->ALB,21,21,0,0.0
route,BWI->ATL,38,38,0,0.0
route,BWI->AUS,10,10,0,0.0
route,BWI->BDL,22,22,0,0.0
route,BWI->BHM,9,9,0,0.0
route,BWI->BNA,15,15,0,0.0
route,BWI->BOS,64,64,0,0.0
route,BWI->BUF,18,18,0,0.0
route,BWI->CHS,11,11,0,0.0
route,BWI->CLE,12,12,0,0.0
route,BWI->CLT,26,26,0,0.0
route,BWI->CMH,14,14,0,0.0
route,BWI->CVG,21,21,0,0.0
route,BWI->DAL,14,14,0,0.0
route,BWI->DEN,30,30,0,0.0
route,BWI->DFW,11,11,0,0.0
route,BWI->DTW,17,17,0,0.0
route,BWI->ECP,6,6,0,0.0
route,BWI->EWR,8,8,0,0.0
route,BWI->FLL,50,50,0,0.0
route,BWI->GRR,4,4,0,0.0
route,BWI->HOU,16,16,0,0.0
route,BWI->IAH,5,5,0,0.0
route,BWI->IND,9,9,0,0.0
route,BWI->ISP,13,13,0,0.0
route,BWI->JAX,17,17,0,0.0
route,BWI->JFK,8,8,0,0.0
route,BWI->LAS,21,21,0,0.0
route,BWI->LAX,10,10,0,0.0
route,BWI->MCI,8,8,0,0.0
route,BWI->MCO,34,34,0,0.0
route,BWI->MDW,16,16,0,0.0
route,BWI->MEM,6,6,0,0.0
route,BWI->MHT,19,19,0,0.0
route,BWI->MIA,2,2,0,0.0
route,BWI->MKE,8,8,0,0.0
route,BWI->MSP,15,15,0,0.0
route,BWI->MSY,13,13,0,0.0
route,BWI->MYR,2,2,0,0.0
route,BWI->OAK,4,4,0,0.0
route,BWI->OKC,4,4,0,0.0
route,BWI->ORD,21,21,0,0.0
route,BWI->ORF,14,14,0,0.0
route,BWI->PBI,7,7,0,0.0
route,BWI->PDX,1,1,0,0.0
route,BWI->PHL,2,2,0,0.0
route,BWI->PHX,9,9,0,0.0
route,BWI->PIT,13,13,0,0.0
route,BWI->PVD,22,22,0,0.0
route,BWI->PWM,9,9,0,0.0
route,BWI->RDU,20,20,0,0.0
route,BWI->ROC,6,6,0,0.0
route,BWI->RSW,8,8,0,0.0
route,BWI->SAN,13,13,0,0.0
route,BWI->SAT,11,11,0,0.0
route,BWI->SAV,2,2,0,0.0
route,BWI->SDF,16,16,0,0.0
route,BWI->SEA,8,8,0,0.0
route,BWI->SFO,11,11,0,0.0
route,BWI->SJC,1,1,0,0.0
route,BWI->SJU,8,8,0,0.0
route,BWI->SLC,6,6,0,0.0
route,BWI->SMF,4,4,0,0.0
route,BWI->STL,13,13,0,0.0
route,BWI->TPA,18,18,0,0.0
route,BWI->VPS,3,3,0,0.0
route,BZN->AZA,1,1,0,0.0
route,BZN->DEN,21,21,0,0.0
route,BZN->DFW,3,3,0,0.0
route,BZN->LAX,3,3,0,0.0
route,BZN->MSP,5,5,0,0.0
route,BZN->ORD,10,10,0,0.0
route,BZN->PDX,1,1,0,0.0
route,BZN->SEA,3,3,0,0.0
route,BZN->SFO,7,7,0,0.0
route,BZN->SLC,9,9,0,0.0
route,CAE->ATL,10,10,0,0.0
route,CAE->CLT,9,9,0,0.0
route,CAE->DCA,6,6,0,0.0
route,CAE->IAD,9,9,0,0.0
route,CAE->IAH,2,2,0,0.0
route,CAE->LGA,5,5,0,0.0
route,CAE->ORD,4,4,0,0.0
route,CAE->PHL,6,6,0,0.0
route,CAK->ATL,4,4,0,0.0
route,CAK->CLT,5,5,0,0.0
route,CAK->DCA,3,3,0,0.0
route,CAK->EWR,6,6,0,0.0
route,CAK->IAH,3,3,0,0.0
route,CAK->MCO,4,4,0,0.0
route,CAK->ORD,18,18,0,0.0
route,CAK->PHL,2,2,0,0.0
route,CDC->SLC,4,4,0,0.0
route,CDV->ANC,1,1,0,0.0
route,CDV->YAK,2,2,0,0.0
route,CGI->PAH,1,1,0,0.0
route,CGI->UIN,1,1,0,0.0
route,CHA->ATL,10,10,0,0.0
route,CHA->CLT,8,8,0,0.0
route,CHA->DCA,2,2,0,0.0
route,CHA->DFW,3,3,0,0.0
route,CHA->DTW,1,1,0,0.0
route,CHA->EWR,4,4,0,0.0
route,CHA->IAD,3,3,0,0.0
route,CHA->ORD,8,8,0,0.0
route,CHA->PHL,1,1,0,0.0
route,CHA->SFB,2,2,0,0.0
route,CHO->ATL,6,6,0,0.0
route,CHO->CLT,15,15,0,0.0
route,CHO->IAD,8,8,0,0.0
route,CHO->LGA,3,3,0,0.0
route,CHO->ORD,14,14,0,0.0
route,CHO->PHL,3,3,0,0.0
route,CHS->ATL,14,14,0,0.0
route,CHS->BNA,3,3,0,0.0
route,CHS->BOS,9,9,0,0.0
route,CHS->BWI,17,17,0,0.0
route,CHS->CLT,9,9,0,0.0
route,CHS->DAL,3,3,0,0.0
route,CHS->DCA,9,9,0,0.0
route,CHS->DEN,7,7,0,0.0
route,CHS->DFW,8,8,0,0.0
route,CHS->DTW,2,2,0,0.0
route,CHS->EWR,14,14,0,0.0
route,CHS->FLL,3,3,0,0.0
route,CHS->HOU,2,2,0,0.0
route,CHS->IAD,16,16,0,0.0
route,CHS->IAH,12,12,0,0.0
route,CHS->IND,2,2,0,0.0
route,CHS->JFK,14,14,0,0.0
route,CHS->LGA,3,3,0,0.0
route,CHS->MDW,1,1,0,0.0
route,CHS->MIA,4,4,0,0.0
route,CHS->ORD,20,20,0,0.0
route,CHS->PHL,10,10,0,0.0
route,CHS->PIT,1,1,0,0.0
route,CHS->SEA,1,1,0,0.0
route,CHS->STL,2,2,0,0.0
route,CHS->TTN,1,1,0,0.0
route,CID->ATL,5,5,0,0.0
route,CID->AZA,3,3,0,0.0
route,CID->CLT,2,2,0,0.0
route,CID->DEN,11,11,0,0.0
route,CID->DFW,4,4,0,0.0
route,CID->DTW,3,3,0,0.0
route,CID->LAS,3,3,0,0.0
route,CID->LAX,1,1,0,0.0
route,CID->MSP,3,3,0,0.0
route,CID->ORD,24,24,0,0.0
route,CID->PGD,2,2,0,0.0
route,CID->PIE,2,2,0,0.0
route,CKB->IAD,2,2,0,0.0
route,CKB->ORD,4,4,0,0.0
route,CKB->SFB,1,1,0,0.0
route,CLE->ATL,14,14,0,0.0
route,CLE->AUS,1,1,0,0.0
route,CLE->BDL,2,2,0,0.0
route,CLE->BNA,9,9,0,0.0
route,CLE->BOS,18,18,0,0.0
route,CLE->BWI,8,8,0,0.0
route,CLE->CHS,1,1,0,0.0
route,CLE->CLT,7,7,0,0.0
route,CLE->DCA,15,15,0,0.0
route,CLE->DEN,16,16,0,0.0
route,CLE->DFW,8,8,0,0.0
route,CLE->DTW,1,1,0,0.0
route,CLE->EWR,29,29,0,0.0
route,CLE->FLL,12,12,0,0.0
route,CLE->IAD,13,13,0,0.0
route,CLE->IAH,12,12,0,0.0
route,CLE->JAX,1,1,0,0.0
route,CLE->JFK,5,5,0,0.0
route,CLE->LAS,8,8,0,0.0
route,CLE->LAX,5,5,0,0.0
route,CLE->LGA,26,26,0,0.0
route,CLE->MCO,12,12,0,0.0
route,CLE->MDW,17,17,0,0.0
route,CLE->MIA,3,3,0,0.0
route,CLE->MKE,2,2,0,0.0
route,CLE->MSP,2,2,0,0.0
route,CLE->MSY,2,2,0,0.0
route,CLE->MYR,6,6,0,0.0
route,CLE->ORD,34,34,0,0.0
route,CLE->PDX,1,1,0,0.0
route,CLE->PHL,8,8,0,0.0
route,CLE->PHX,2,2,0,0.0
route,CLE->RDU,5,5,0,0.0
route,CLE->RSW,4,4,0,0.0
route,CLE->SAV,2,2,0,0.0
route,CLE->SFB,1,1,0,0.0
route,CLE->SFO,9,9,0,0.0
route,CLE->SRQ,1,1,0,0.0
route,CLE->STL,8,8,0,0.0
route,CLE->TPA,5,5,0,0.0
route,CLE->VPS,2,2,0,0.0
route,CLL->DFW,6,6,0,0.0
route,CLL->IAH,11,11,0,0.0
route,CLT->ABE,4,4,0,0.0
route,CLT->ACK,1,1,0,0.0
route,CLT->AGS,7,7,0,0.0
route,CLT->ALB,5,5,0,0.0
route,CLT->ATL,24,24,0,0.0
route,CLT->AUS,11,11,0,0.0
route,CLT->AVL,13,13,0,0.0
route,CLT->AVP,5,5,0,0.0
route,CLT->BDL,5,5,0,0.0
route,CLT->BHM,6,6,0,0.0
route,CLT->BNA,8,8,0,0.0
route,CLT->BOS,27,27,0,0.0
route,CLT->BTR,5,5,0,0.0
route,CLT->BTV,4,4,0,0.0
route,CLT->BUF,5,5,0,0.0
route,CLT->BWI,20,20,0,0.0
route,CLT->CAE,9,9,0,0.0
route,CLT->CAK,10,10,0,0.0
route,CLT->CHA,4,4,0,0.0
route,CLT->CHO,10,10,0,0.0
route,CLT->CHS,11,11,0,0.0
route,CLT->CID,4,4,0,0.0
route,CLT->CLE,9,9,0,0.0
route,CLT->CMH,7,7,0,0.0
route,CLT->CMI,5,5,0,0.0
route,CLT->CRW,8,8,0,0.0
route,CLT->CVG,9,9,0,0.0
route,CLT->DAB,4,4,0,0.0
route,CLT->DAL,4,4,0,0.0
route,CLT->DAY,7,7,0,0.0
route,CLT->DCA,6,6,0,0.0
route,CLT->DEN,16,16,0,0.0
route,CLT->DFW,16,16,0,0.0
route,CLT->DSM,2,2,0,0.0
route,CLT->DTW,12,12,0,0.0
route,CLT->ECP,4,4,0,0.0
route,CLT->ERI,3,3,0,0.0
route,CLT->EVV,5,5,0,0.0
route,CLT->EWN,8,8,0,0.0
route,CLT->EWR,31,31,0,0.0
route,CLT->EYW,3,3,0,0.0
route,CLT->FAY,10,10,0,0.0
route,CLT->FLL,12,12,0,0.0
route,CLT->FLO,5,5,0,0.0
route,CLT->FWA,5,5,0,0.0
route,CLT->GNV,3,3,0,0.0
route,CLT->GPT,2,2,0,0.0
route,CLT->GRR,4,4,0,0.0
route,CLT->GSO,15,15,0,0.0
route,CLT->GSP,10,10,0,0.0
route,CLT->HHH,6,6,0,0.0
route,CLT->HOU,9,9,0,0.0
route,CLT->HPN,5,5,0,0.0
route,CLT->HSV,5,5,0,0.0
route,CLT->HTS,6,6,0,0.0
route,CLT->IAD,22,22,0,0.0
route,CLT->IAH,12,12,0,0.0
route,CLT->ILM,16,16,0,0.0
route,CLT->IND,12,12,0,0.0
route,CLT->JAN,6,6,0,0.0
route,CLT->JAX,10,10,0,0.0
route,CLT->JFK,16,16,0,0.0
route,CLT->LAS,7,7,0,0.0
route,CLT->LAX,10,10,0,0.0
route,CLT->LEX,5,5,0,0.0
route,CLT->LGA,23,23,0,0.0
route,CLT->LIT,6,6,0,0.0
route,CLT->LYH,8,8,0,0.0
route,CLT->MCI,3,3,0,0.0
route,CLT->MCO,11,11,0,0.0
route,CLT->MDT,8,8,0,0.0
route,CLT->MDW,6,6,0,0.0
route,CLT->MEM,9,9,0,0.0
route,CLT->MGM,4,4,0,0.0
route,CLT->MHT,4,4,0,0.0
route,CLT->MIA,8,8,0,0.0
route,CLT->MKE,5,5,0,0.0
route,CLT->MLB,5,5,0,0.0
route,CLT->MOB,7,7,0,0.0
route,CLT->MSN,4,4,0,0.0
route,CLT->MSP,8,8,0,0.0
route,CLT->MSY,6,6,0,0.0
route,CLT->MYR,15,15,0,0.0
route,CLT->OAJ,6,6,0,0.0
route,CLT->OKC,3,3,0,0.0
route,CLT->OMA,5,5,0,0.0
route,CLT->ORD,25,25,0,0.0
route,CLT->ORF,18,18,0,0.0
route,CLT->PBI,8,8,0,0.0
route,CLT->PGV,6,6,0,0.0
route,CLT->PHF,7,7,0,0.0
route,CLT->PHL,14,14,0,0.0
route,CLT->PHX,12,12,0,0.0
route,CLT->PIA,2,2,0,0.0
route,CLT->PIT,6,6,0,0.0
route,CLT->PNS,4,4,0,0.0
route,CLT->PVD,6,6,0,0.0
route,CLT->PWM,4,4,0,0.0
route,CLT->RAP,2,2,0,0.0
route,CLT->RDU,12,12,0,0.0
route,CLT->RIC,11,11,0,0.0
route,CLT->ROA,8,8,0,0.0
route,CLT->ROC,2,2,0,0.0
route,CLT->RSW,6,6,0,0.0
route,CLT->SAN,4,4,0,0.0
route,CLT->SAT,6,6,0,0.0
route,CLT->SAV,12,12,0,0.0
route,CLT->SBN,3,3,0,0.0
route,CLT->SBY,2,2,0,0.0
route,CLT->SDF,15,15,0,0.0
route,CLT->SEA,8,8,0,0.0
route,CLT->SFO,7,7,0,0.0
route,CLT->SGF,9,9,0,0.0
route,CLT->SHV,3,3,0,0.0
route,CLT->SJU,4,4,0,0.0
route,CLT->SLC,4,4,0,0.0
route,CLT->SMF,2,2,0,0.0
route,CLT->SRQ,3,3,0,0.0
route,CLT->STL,11,11,0,0.0
route,CLT->STT,1,1,0,0.0
route,CLT->SYR,6,6,0,0.0
route,CLT->TLH,6,6,0,0.0
route,CLT->TOL,3,3,0,0.0
route,CLT->TPA,11,11,0,0.0
route,CLT->TRI,8,8,0,0.0
route,CLT->TTN,2,2,0,0.0
route,CLT->TUL,4,4,0,0.0
route,CLT->TYS,7,7,0,0.0
route,CLT->VPS,9,9,0,0.0
route,CLT->XNA,6,6,0,0.0
route,CMH->ATL,14,14,0,0.0
route,CMH->BNA,5,5,0,0.0
route,CMH->BOS,8,8,0,0.0
route,CMH->BWI,8,8,0,0.0
route,CMH->CLT,16,16,0,0.0
route,CMH->DAL,3,3,0,0.0
route,CMH->DCA,13,13,0,0.0
route,CMH->DEN,14,14,0,0.0
route,CMH->DFW,6,6,0,0.0
route,CMH->DTW,4,4,0,0.0
route,CMH->EWR,18,18,0,0.0
route,CMH->FLL,6,6,0,0.0
route,CMH->HOU,1,1,0,0.0
route,CMH->IAD,8,8,0,0.0
route,CMH->IAH,14,14,0,0.0
route,CMH->JFK,3,3,0,0.0
route,CMH->LAS,11,11,0,0.0
route,CMH->LAX,2,2,0,0.0
route,CMH->LGA,22,22,0,0.0
route,CMH->MCO,13,13,0,0.0
route,CMH->MDW,22,22,0,0.0
route,CMH->MIA,2,2,0,0.0
route,CMH->MSP,9,9,0,0.0
route,CMH->MYR,2,2,0,0.0
route,CMH->OAK,4,4,0,0.0
route,CMH->ORD,36,36,0,0.0
route,CMH->PHL,5,5,0,0.0
route,CMH->PHX,8,8,0,0.0
route,CMH->RDU,1,1,0,0.0
route,CMH->RSW,5,5,0,0.0
route,CMH->SEA,1,1,0,0.0
route,CMH->SFO,1,1,0,0.0
route,CMH->STL,6,6,0,0.0
route,CMH->TPA,7,7,0,0.0
route,CMI->CLT,3,3,0,0.0
route,CMI->DFW,2,2,0,0.0
route,CMI->ORD,12,12,0,0.0
route,CMX->ORD,6,6,0,0.0
route,CNY->DEN,5,5,0,0.0
route,COD->DEN,10,10,0,0.0
route,COD->SLC,3,3,0,0.0
route,COS->ATL,4,4,0,0.0
route,COS->DEN,27,27,0,0.0
route,COS->DFW,5,5,0,0.0
route,COS->IAD,4,4,0,0.0
route,COS->IAH,9,9,0,0.0
route,COS->LAS,3,3,0,0.0
route,COS->LAX,5,5,0,0.0
route,COS->MCO,2,2,0,0.0
route,COS->ORD,20,20,0,0.0
route,COS->PHX,7,7,0,0.0
route,COS->SAT,3,3,0,0.0
route,COS->SEA,1,1,0,0.0
route,COS->SLC,4,4,0,0.0
route,COU->DEN,2,2,0,0.0
route,COU->DFW,4,4,0,0.0
route,COU->ORD,5,5,0,0.0
route,CPR->DEN,15,15,0,0.0
route,CPR->SLC,6,6,0,0.0
route,CRP->DFW,11,11,0,0.0
route,CRP->HOU,12,12,0,0.0
route,CRP->IAH,13,13,0,0.0
route,CRW->ATL,10,10,0,0.0
route,CRW->CLT,1,1,0,0.0
route,CRW->DCA,1,1,0,0.0
route,CRW->IAD,5,5,0,0.0
route,CRW->ORD,5,5,0,0.0
route,CRW->PHL,2,2,0,0.0
route,CSG->ATL,4,4,0,0.0
route,CVG->ATL,11,11,0,0.0
route,CVG->AUS,2,2,0,0.0
route,CVG->AZA,1,1,0,0.0
route,CVG->BDL,2,2,0,0.0
route,CVG->BOS,7,7,0,0.0
route,CVG->BWI,15,15,0,0.0
route,CVG->CHS,3,3,0,0.0
route,CVG->CLT,21,21,0,0.0
route,CVG->DCA,5,5,0,0.0
route,CVG->DEN,12,12,0,0.0
route,CVG->DFW,6,6,0,0.0
route,CVG->DTW,7,7,0,0.0
route,CVG->EWR,23,23,0,0.0
route,CVG->FLL,8,8,0,0.0
route,CVG->IAD,14,14,0,0.0
route,CVG->IAH,14,14,0,0.0
route,CVG->JAX,3,3,0,0.0
route,CVG->JFK,3,3,0,0.0
route,CVG->LAS,9,9,0,0.0
route,CVG->LAX,4,4,0,0.0
route,CVG->LGA,15,15,0,0.0
route,CVG->MCI,4,4,0,0.0
route,CVG->MCO,5,5,0,0.0
route,CVG->MDW,11,11,0,0.0
route,CVG->MIA,3,3,0,0.0
route,CVG->MSP,10,10,0,0.0
route,CVG->MSY,2,2,0,0.0
route,CVG->MYR,1,1,0,0.0
route,CVG->ORD,54,54,0,0.0
route,CVG->PGD,4,4,0,0.0
route,CVG->PHL,17,17,0,0.0
route,CVG->PHX,2,2,0,0.0
route,CVG->PIE,3,3,0,0.0
route,CVG->RDU,3,3,0,0.0
route,CVG->RSW,6,6,0,0.0
route,CVG->SAT,1,1,0,0.0
route,CVG->SAV,2,2,0,0.0
route,CVG->SEA,1,1,0,0.0
route,CVG->SFB,3,3,0,0.0
route,CVG->SFO,4,4,0,0.0
route,CVG->SJC,2,2,0,0.0
route,CVG->SLC,2,2,0,0.0
route,CVG->SRQ,1,1,0,0.0
route,CVG->STL,1,1,0,0.0
route,CVG->TPA,2,2,0,0.0
route,CVG->VPS,2,2,0,0.0
route,CWA->DTW,3,3,0,0.0
route,CWA->MSP,4,4,0,0.0
route,CWA->ORD,11,11,0,0.0
route,CYS->DFW,6,6,0,0.0
route,DAB->ATL,8,8,0,0.0
route,DAB->CLT,8,8,0,0.0
route,DAL->ABQ,16,16,0,0.0
route,DAL->AMA,11,11,0,0.0
route,DAL->ATL,20,20,0,0.0
route,DAL->AUS,39,39,0,0.0
route,DAL->BHM,3,3,0,0.0
route,DAL->BNA,10,10,0,0.0
route,DAL->BOI,1,1,0,0.0
route,DAL->BOS,2,2,0,0.0
route,DAL->BUR,3,3,0,0.0
route,DAL->BWI,13,13,0,0.0
route,DAL->CHS,2,2,0,0.0
route,DAL->CLT,3,3,0,0.0
route,DAL->CMH,5,5,0,0.0
route,DAL->DCA,15,15,0,0.0
route,DAL->DEN,18,18,0,0.0
route,DAL->DTW,2,2,0,0.0
route,DAL->ECP,8,8,0,0.0
route,DAL->ELP,9,9,0,0.0
route,DAL->FLL,7,7,0,0.0
route,DAL->HOU,52,52,0,0.0
route,DAL->IND,6,6,0,0.0
route,DAL->JAX,1,1,0,0.0
route,DAL->LAS,7,7,0,0.0
route,DAL->LAX,14,14,0,0.0
route,DAL->LBB,13,13,0,0.0
route,DAL->LGA,16,16,0,0.0
route,DAL->LIT,12,12,0,0.0
route,DAL->MAF,17,17,0,0.0
route,DAL->MCI,13,13,0,0.0
route,DAL->MCO,13,13,0,0.0
route,DAL->MDW,19,19,0,0.0
route,DAL->MEM,10,10,0,0.0
route,DAL->MKE,1,1,0,0.0
route,DAL->MSP,2,2,0,0.0
route,DAL->MSY,23,23,0,0.0
route,DAL->OAK,7,7,0,0.0
route,DAL->OKC,7,7,0,0.0
route,DAL->ONT,4,4,0,0.0
route,DAL->PDX,1,1,0,0.0
route,DAL->PHX,29,29,0,0.0
route,DAL->PIT,2,2,0,0.0
route,DAL->PNS,4,4,0,0.0
route,DAL->RDU,2,2,0,0.0
route,DAL->RNO,1,1,0,0.0
route,DAL->SAN,14,14,0,0.0
route,DAL->SAT,33,33,0,0.0
route,DAL->SDF,3,3,0,0.0
route,DAL->SEA,5,5,0,0.0
route,DAL->SFO,13,13,0,0.0
route,DAL->SJC,7,7,0,0.0
route,DAL->SLC,3,3,0,0.0
route,DAL->SMF,5,5,0,0.0
route,DAL->SNA,2,2,0,0.0
route,DAL->STL,22,22,0,0.0
route,DAL->TPA,10,10,0,0.0
route,DAL->TUL,4,4,0,0.0
route,DAY->ATL,2,2,0,0.0
route,DAY->CLT,10,10,0,0.0
route,DAY->DCA,3,3,0,0.0
route,DAY->DEN,2,2,0,0.0
route,DAY->DFW,5,5,0,0.0
route,DAY->DTW,5,5,0,0.0
route,DAY->EWR,4,4,0,0.0
route,DAY->IAD,3,3,0,0.0
route,DAY->IAH,2,2,0,0.0
route,DAY->LGA,3,3,0,0.0
route,DAY->MSP,6,6,0,0.0
route,DAY->MYR,1,1,0,0.0
route,DAY->ORD,30,30,0,0.0
route,DAY->PGD,2,2,0,0.0
route,DAY->PHL,4,4,0,0.0
route,DBQ->ORD,1,1,0,0.0
route,DCA->ACK,2,2,0,0.0
route,DCA->ALB,2,2,0,0.0
route,DCA->ATL,29,29,0,0.0
route,DCA->AUS,1,1,0,0.0
route,DCA->BDL,14,14,0,0.0
route,DCA->BGR,2,2,0,0.0
route,DCA->BHM,6,6,0,0.0
route,DCA->BNA,17,17,0,0.0
route,DCA->BOS,47,47,0,0.0
route,DCA->BTV,4,4,0,0.0
route,DCA->BUF,5,5,0,0.0
route,DCA->CAE,4,4,0,0.0
route,DCA->CAK,3,3,0,0.0
route,DCA->CHS,11,11,0,0.0
route,DCA->CLE,13,13,0,0.0
route,DCA->CLT,13,13,0,0.0
route,DCA->CMH,15,15,0,0.0
route,DCA->CRW,1,1,0,0.0
route,DCA->CVG,8,8,0,0.0
route,DCA->DAL,10,10,0,0.0
route,DCA->DAY,5,5,0,0.0
route,DCA->DEN,9,9,0,0.0
route,DCA->DFW,8,8,0,0.0
route,DCA->DSM,2,2,0,0.0
route,DCA->DTW,13,13,0,0.0
route,DCA->EWR,25,25,0,0.0
route,DCA->EYW,1,1,0,0.0
route,DCA->FLL,20,20,0,0.0
route,DCA->GRR,5,5,0,0.0
route,DCA->GSO,5,5,0,0.0
route,DCA->GSP,6,6,0,0.0
route,DCA->HHH,1,1,0,0.0
route,DCA->HOU,11,11,0,0.0
route,DCA->HPN,4,4,0,0.0
route,DCA->HSV,7,7,0,0.0
route,DCA->IAH,23,23,0,0.0
route,DCA->ILM,1,1,0,0.0
route,DCA->IND,11,11,0,0.0
route,DCA->JAN,2,2,0,0.0
route,DCA->JAX,12,12,0,0.0
route,DCA->JFK,9,9,0,0.0
route,DCA->LAN,1,1,0,0.0
route,DCA->LAS,3,3,0,0.0
route,DCA->LAX,9,9,0,0.0
route,DCA->LEX,2,2,0,0.0
route,DCA->LGA,25,25,0,0.0
route,DCA->LIT,1,1,0,0.0
route,DCA->MCI,3,3,0,0.0
route,DCA->MCO,35,35,0,0.0
route,DCA->MDW,10,10,0,0.0
route,DCA->MEM,1,1,0,0.0
route,DCA->MHT,2,2,0,0.0
route,DCA->MIA,8,8,0,0.0
route,DCA->MKE,8,8,0,0.0
route,DCA->MSP,14,14,0,0.0
route,DCA->MSY,10,10,0,0.0
route,DCA->MYR,3,3,0,0.0
route,DCA->OKC,1,1,0,0.0
route,DCA->OMA,5,5,0,0.0
route,DCA->ORD,44,44,0,0.0
route,DCA->ORF,4,4,0,0.0
route,DCA->PBI,4,4,0,0.0
route,DCA->PDX,1,1,0,0.0
route,DCA->PHL,5,5,0,0.0
route,DCA->PHX,6,6,0,0.0
route,DCA->PIT,5,5,0,0.0
route,DCA->PNS,2,2,0,0.0
route,DCA->PVD,22,22,0,0.0
route,DCA->PWM,5,5,0,0.0
route,DCA->RDU,14,14,0,0.0
route,DCA->RSW,3,3,0,0.0
route,DCA->SAV,2,2,0,0.0
route,DCA->SDF,4,4,0,0.0
route,DCA->SEA,3,3,0,0.0
route,DCA->SFO,2,2,0,0.0
route,DCA->SJU,2,2,0,0.0
route,DCA->SLC,2,2,0,0.0
route,DCA->STL,13,13,0,0.0
route,DCA->SYR,2,2,0,0.0
route,DCA->TPA,12,12,0,0.0
route,DCA->TYS,5,5,0,0.0
route,DCA->VPS,1,1,0,0.0
route,DCA->XNA,2,2,0,0.0
route,DEN->ABQ,36,36,0,0.0
route,DEN->ACV,1,1,0,0.0
route,DEN->ALB,4,4,0,0.0
route,DEN->AMA,4,4,0,0.0
route,DEN->ANC,6,6,0,0.0
route,DEN->ASE,24,24,0,0.0
route,DEN->ATL,36,36,0,0.0
route,DEN->ATW,6,6,0,0.0
route,DEN->ATY,2,2,0,0.0
route,DEN->AUS,36,36,0,0.0
route,DEN->AVL,3,3,0,0.0
route,DEN->BDL,7,7,0,0.0
route,DEN->BFF,6,6,0,0.0
route,DEN->BFL,4,4,0,0.0
route,DEN->BHM,7,7,0,0.0
route,DEN->BIL,17,17,0,0.0
route,DEN->BIS,18,18,0,0.0
route,DEN->BKG,1,1,0,0.0
route,DEN->BNA,45,45,0,0.0
route,DEN->BOI,16,16,0,0.0
route,DEN->BOS,32,32,0,0.0
route,DEN->BTV,1,1,0,0.0
route,DEN->BUF,5,5,0,0.0
route,DEN->BUR,20,20,0,0.0
route,DEN->BWI,28,28,0,0.0
route,DEN->BZN,15,15,0,0.0
route,DEN->CHS,5,5,0,0.0
route,DEN->CID,9,9,0,0.0
route,DEN->CLE,24,24,0,0.0
route,DEN->CLT,15,15,0,0.0
route,DEN->CMH,13,13,0,0.0
route,DEN->CNY,13,13,0,0.0
route,DEN->COD,9,9,0,0.0
route,DEN->COS,31,31,0,0.0
route,DEN->COU,2,2,0,0.0
route,DEN->CPR,11,11,0,0.0
route,DEN->CVG,10,10,0,0.0
route,DEN->DAL,27,27,0,0.0
route,DEN->DAY,9,9,0,0.0
route,DEN->DCA,16,16,0,0.0
route,DEN->DFW,47,47,0,0.0
route,DEN->DIK,2,2,0,0.0
route,DEN->DRO,15,15,0,0.0
route,DEN->DSM,15,15,0,0.0
route,DEN->DTW,31,31,0,0.0
route,DEN->ECP,2,2,0,0.0
route,DEN->EGE,15,15,0,0.0
route,DEN->ELP,18,18,0,0.0
route,DEN->EUG,14,14,0,0.0
route,DEN->EWR,41,41,0,0.0
route,DEN->FAR,15,15,0,0.0
route,DEN->FAT,20,20,0,0.0
route,DEN->FCA,17,17,0,0.0
route,DEN->FLG,2,2,0,0.0
route,DEN->FLL,15,15,0,0.0
route,DEN->FSD,12,12,0,0.0
route,DEN->GCC,8,8,0,0.0
route,DEN->GEG,14,14,0,0.0
route,DEN->GJT,9,9,0,0.0
route,DEN->GRR,17,17,0,0.0
route,DEN->GSP,1,1,0,0.0
route,DEN->GTF,15,15,0,0.0
route,DEN->GUC,5,5,0,0.0
route,DEN->HDN,4,4,0,0.0
route,DEN->HLN,8,8,0,0.0
route,DEN->HNL,2,2,0,0.0
route,DEN->HOU,20,20,0,0.0
route,DEN->HSV,6,6,0,0.0
route,DEN->HYS,6,6,0,0.0
route,DEN->IAD,34,34,0,0.0
route,DEN->IAH,47,47,0,0.0
route,DEN->ICT,7,7,0,0.0
route,DEN->IDA,13,13,0,0.0
route,DEN->IND,19,19,0,0.0
route,DEN->ISN,15,15,0,0.0
route,DEN->JAC,10,10,0,0.0
route,DEN->JAN,2,2,0,0.0
route,DEN->JAX,7,7,0,0.0
route,DEN->JFK,9,9,0,0.0
route,DEN->JMS,4,4,0,0.0
route,DEN->KOA,3,3,0,0.0
route,DEN->LAR,4,4,0,0.0
route,DEN->LAS,70,70,0,0.0
route,DEN->LAX,82,82,0,0.0
route,DEN->LBB,12,12,0,0.0
route,DEN->LBF,4,4,0,0.0
route,DEN->LBL,5,5,0,0.0
route,DEN->LGA,41,41,0,0.0
route,DEN->LIH,6,6,0,0.0
route,DEN->LIT,13,13,0,0.0
route,DEN->LNK,6,6,0,0.0
route,DEN->MAF,13,13,0,0.0
route,DEN->MCI,42,42,0,0.0
route,DEN->MCO,31,31,0,0.0
route,DEN->MDT,1,1,0,0.0
route,DEN->MDW,27,27,0,0.0
route,DEN->MEM,14,14,0,0.0
route,DEN->MFR,9,9,0,0.0
route,DEN->MIA,10,10,0,0.0
route,DEN->MKE,32,32,0,0.0
route,DEN->MLI,5,5,0,0.0
route,DEN->MOT,8,8,0,0.0
route,DEN->MRY,2,2,0,0.0
route,DEN->MSN,11,11,0,0.0
route,DEN->MSO,18,18,0,0.0
route,DEN->MSP,53,53,0,0.0
route,DEN->MSY,17,17,0,0.0
route,DEN->MTJ,8,8,0,0.0
route,DEN->OAK,8,8,0,0.0
route,DEN->OGG,3,3,0,0.0
route,DEN->OKC,36,36,0,0.0
route,DEN->OMA,31,31,0,0.0
route,DEN->ONT,17,17,0,0.0
route,DEN->ORD,52,52,0,0.0
route,DEN->ORF,4,4,0,0.0
route,DEN->PAE,2,2,0,0.0
route,DEN->PDX,35,35,0,0.0
route,DEN->PHL,19,19,0,0.0
route,DEN->PHX,64,64,0,0.0
route,DEN->PIR,4,4,0,0.0
route,DEN->PIT,11,11,0,0.0
route,DEN->PNS,3,3,0,0.0
route,DEN->PRC,1,1,0,0.0
route,DEN->PSC,13,13,0,0.0
route,DEN->PSP,8,8,0,0.0
route,DEN->PUB,7,7,0,0.0
route,DEN->PVD,3,3,0,0.0
route,DEN->RAP,24,24,0,0.0
route,DEN->RDM,10,10,0,0.0
route,DEN->RDU,12,12,0,0.0
route,DEN->RIC,7,7,0,0.0
route,DEN->RKS,4,4,0,0.0
route,DEN->RNO,20,20,0,0.0
route,DEN->RSW,3,3,0,0.0
route,DEN->SAF,6,6,0,0.0
route,DEN->SAN,42,42,0,0.0
route,DEN->SAT,25,25,0,0.0
route,DEN->SAV,1,1,0,0.0
route,DEN->SBA,9,9,0,0.0
route,DEN->SBP,6,6,0,0.0
route,DEN->SDF,11,11,0,0.0
route,DEN->SEA,56,56,0,0.0
route,DEN->SFO,51,51,0,0.0
route,DEN->SGF,7,7,0,0.0
route,DEN->SGU,4,4,0,0.0
route,DEN->SHV,2,2,0,0.0
route,DEN->SJC,33,33,0,0.0
route,DEN->SLC,64,64,0,0.0
route,DEN->SMF,38,38,0,0.0
route,DEN->SNA,22,22,0,0.0
route,DEN->STL,39,39,0,0.0
route,DEN->SYR,1,1,0,0.0
route,DEN->TPA,26,26,0,0.0
route,DEN->TUL,17,17,0,0.0
route,DEN->TUS,16,16,0,0.0
route,DEN->TVC,1,1,0,0.0
route,DEN->TYS,11,11,0,0.0
route,DEN->VEL,3,3,0,0.0
route,DEN->VPS,1,1,0,0.0
route,DEN->XNA,10,10,0,0.0
route,DFW->ABI,4,4,0,0.0
route,DFW->ABQ,11,11,0,0.0
route,DFW->ACT,5,5,0,0.0
route,DFW->AEX,3,3,0,0.0
route,DFW->AMA,13,13,0,0.0
route,DFW->ATL,26,26,0,0.0
route,DFW->AUS,17,17,0,0.0
route,DFW->BDL,2,2,0,0.0
route,DFW->BHM,10,10,0,0.0
route,DFW->BIL,2,2,0,0.0
route,DFW->BIS,2,2,0,0.0
route,DFW->BKG,2,2,0,0.0
route,DFW->BMI,3,3,0,0.0
route,DFW->BNA,18,18,0,0.0
route,DFW->BOI,1,1,0,0.0
route,DFW->BOS,22,22,0,0.0
route,DFW->BPT,2,2,0,0.0
route,DFW->BRO,4,4,0,0.0
route,DFW->BTR,5,5,0,0.0
route,DFW->BUF,2,2,0,0.0
route,DFW->BUR,4,4,0,0.0
route,DFW->BWI,7,7,0,0.0
route,DFW->BZN,2,2,0,0.0
route,DFW->CAE,3,3,0,0.0
route,DFW->CHA,4,4,0,0.0
route,DFW->CHS,5,5,0,0.0
route,DFW->CID,7,7,0,0.0
route,DFW->CLE,11,11,0,0.0
route,DFW->CLL,5,5,0,0.0
route,DFW->CLT,27,27,0,0.0
route,DFW->CMH,1,1,0,0.0
route,DFW->CMI,1,1,0,0.0
route,DFW->COS,6,6,0,0.0
route,DFW->COU,6,6,0,0.0
route,DFW->CRP,5,5,0,0.0
route,DFW->CVG,11,11,0,0.0
route,DFW->CYS,1,1,0,0.0
route,DFW->DAY,3,3,0,0.0
route,DFW->DCA,7,7,0,0.0
route,DFW->DEN,38,38,0,0.0
route,DFW->DRO,4,4,0,0.0
route,DFW->DRT,2,2,0,0.0
route,DFW->DSM,5,5,0,0.0
route,DFW->DTW,21,21,0,0.0
route,DFW->ECP,4,4,0,0.0
route,DFW->EGE,5,5,0,0.0
route,DFW->ELP,9,9,0,0.0
route,DFW->EVV,1,1,0,0.0
route,DFW->EWR,19,19,0,0.0
route,DFW->EYW,1,1,0,0.0
route,DFW->FAR,3,3,0,0.0
route,DFW->FAT,1,1,0,0.0
route,DFW->FCA,1,1,0,0.0
route,DFW->FLG,4,4,0,0.0
route,DFW->FLL,14,14,0,0.0
route,DFW->FSD,2,2,0,0.0
route,DFW->FSM,6,6,0,0.0
route,DFW->FWA,1,1,0,0.0
route,DFW->GCK,3,3,0,0.0
route,DFW->GEG,2,2,0,0.0
route,DFW->GGG,3,3,0,0.0
route,DFW->GJT,6,6,0,0.0
route,DFW->GNV,6,6,0,0.0
route,DFW->GPT,4,4,0,0.0
route,DFW->GRI,3,3,0,0.0
route,DFW->GRK,10,10,0,0.0
route,DFW->GRR,6,6,0,0.0
route,DFW->GSO,3,3,0,0.0
route,DFW->GSP,4,4,0,0.0
route,DFW->HNL,4,4,0,0.0
route,DFW->HOU,4,4,0,0.0
route,DFW->HRL,4,4,0,0.0
route,DFW->HSV,13,13,0,0.0
route,DFW->IAD,10,10,0,0.0
route,DFW->IAH,41,41,0,0.0
route,DFW->ICT,6,6,0,0.0
route,DFW->ILM,1,1,0,0.0
route,DFW->IND,4,4,0,0.0
route,DFW->JAC,4,4,0,0.0
route,DFW->JAN,8,8,0,0.0
route,DFW->JAX,5,5,0,0.0
route,DFW->JFK,6,6,0,0.0
route,DFW->JLN,5,5,0,0.0
route,DFW->KOA,2,2,0,0.0
route,DFW->LAS,29,29,0,0.0
route,DFW->LAW,3,3,0,0.0
route,DFW->LAX,36,36,0,0.0
route,DFW->LBB,13,13,0,0.0
route,DFW->LCH,3,3,0,0.0
route,DFW->LEX,1,1,0,0.0
route,DFW->LFT,5,5,0,0.0
route,DFW->LGA,28,28,0,0.0
route,DFW->LIT,11,11,0,0.0
route,DFW->LRD,2,2,0,0.0
route,DFW->MAF,8,8,0,0.0
route,DFW->MCI,9,9,0,0.0
route,DFW->MCO,32,32,0,0.0
route,DFW->MDT,1,1,0,0.0
route,DFW->MEM,10,10,0,0.0
route,DFW->MFE,10,10,0,0.0
route,DFW->MGM,2,2,0,0.0
route,DFW->MHK,4,4,0,0.0
route,DFW->MIA,14,14,0,0.0
route,DFW->MKE,8,8,0,0.0
route,DFW->MLI,5,5,0,0.0
route,DFW->MLU,4,4,0,0.0
route,DFW->MOB,6,6,0,0.0
route,DFW->MRY,1,1,0,0.0
route,DFW->MSN,2,2,0,0.0
route,DFW->MSO,1,1,0,0.0
route,DFW->MSP,20,20,0,0.0
route,DFW->MSY,12,12,0,0.0
route,DFW->MTJ,4,4,0,0.0
route,DFW->MYR,6,6,0,0.0
route,DFW->OAK,3,3,0,0.0
route,DFW->OGG,6,6,0,0.0
route,DFW->OKC,18,18,0,0.0
route,DFW->OMA,9,9,0,0.0
route,DFW->ONT,8,8,0,0.0
route,DFW->ORD,50,50,0,0.0
route,DFW->ORF,2,2,0,0.0
route,DFW->PBI,3,3,0,0.0
route,DFW->PDX,7,7,0,0.0
route,DFW->PHL,14,14,0,0.0
route,DFW->PHX,31,31,0,0.0
route,DFW->PIA,4,4,0,0.0
route,DFW->PIB,3,3,0,0.0
route,DFW->PIT,11,11,0,0.0
route,DFW->PNS,7,7,0,0.0
route,DFW->PSP,3,3,0,0.0
route,DFW->RAP,2,2,0,0.0
route,DFW->RDU,9,9,0,0.0
route,DFW->RIC,6,6,0,0.0
route,DFW->RNO,5,5,0,0.0
route,DFW->ROW,3,3,0,0.0
route,DFW->RSW,6,6,0,0.0
route,DFW->SAF,4,4,0,0.0
route,DFW->SAN,15,15,0,0.0
route,DFW->SAT,14,14,0,0.0
route,DFW->SAV,6,6,0,0.0
route,DFW->SBA,3,3,0,0.0
route,DFW->SBN,5,5,0,0.0
route,DFW->SBP,3,3,0,0.0
route,DFW->SDF,3,3,0,0.0
route,DFW->SEA,27,27,0,0.0
route,DFW->SFO,23,23,0,0.0
route,DFW->SGF,8,8,0,0.0
route,DFW->SHV,7,7,0,0.0
route,DFW->SJC,12,12,0,0.0
route,DFW->SJT,9,9,0,0.0
route,DFW->SJU,2,2,0,0.0
route,DFW->SLC,22,22,0,0.0
route,DFW->SMF,8,8,0,0.0
route,DFW->SNA,9,9,0,0.0
route,DFW->SPI,2,2,0,0.0
route,DFW->SPS,1,1,0,0.0
route,DFW->STL,10,10,0,0.0
route,DFW->STS,1,1,0,0.0
route,DFW->SUX,3,3,0,0.0
route,DFW->SWO,3,3,0,0.0
route,DFW->TLH,1,1,0,0.0
route,DFW->TPA,14,14,0,0.0
route,DFW->TUL,17,17,0,0.0
route,DFW->TUS,8,8,0,0.0
route,DFW->TVC,4,4,0,0.0
route,DFW->TXK,6,6,0,0.0
route,DFW->TYR,5,5,0,0.0
route,DFW->TYS,5,5,0,0.0
route,DFW->VPS,4,4,0,0.0
route,DFW->XNA,14,14,0,0.0
route,DFW->YUM,1,1,0,0.0
route,DHN->ATL,2,2,0,0.0
route,DIK->DEN,5,5,0,0.0
route,DLG->ANC,1,1,0,0.0
route,DLH->MSP,6,6,0,0.0
route,DLH->ORD,9,9,0,0.0
route,DRO->DEN,17,17,0,0.0
route,DRO->DFW,6,6,0,0.0
route,DRO->PHX,5,5,0,0.0
route,DSM->ATL,2,2,0,0.0
route,DSM->AZA,3,3,0,0.0
route,DSM->CLT,3,3,0,0.0
route,DSM->DCA,4,4,0,0.0
route,DSM->DEN,19,19,0,0.0
route,DSM->DFW,4,4,0,0.0
route,DSM->DTW,4,4,0,0.0
route,DSM->EWR,2,2,0,0.0
route,DSM->IAH,8,8,0,0.0
route,DSM->LAS,7,7,0,0.0
route,DSM->MSP,7,7,0,0.0
route,DSM->ORD,21,21,0,0.0
route,DSM->PGD,1,1,0,0.0
route,DSM->PHL,1,1,0,0.0
route,DSM->PHX,2,2,0,0.0
route,DSM->PIE,3,3,0,0.0
route,DSM->SFB,2,2,0,0.0
route,DSM->SFO,2,2,0,0.0
route,DSM->SLC,2,2,0,0.0
route,DSM->STL,9,9,0,0.0
route,DTW->ABE,4,4,0,0.0
route,DTW->ALB,4,4,0,0.0
route,DTW->ATL,30,30,0,0.0
route,DTW->ATW,5,5,0,0.0
route,DTW->AUS,7,7,0,0.0
route,DTW->AVP,4,4,0,0.0
route,DTW->AZO,2,2,0,0.0
route,DTW->BDL,5,5,0,0.0
route,DTW->BGM,4,4,0,0.0
route,DTW->BNA,14,14,0,0.0
route,DTW->BOS,28,28,0,0.0
route,DTW->BTV,3,3,0,0.0
route,DTW->BUF,1,1,0,0.0
route,DTW->BWI,21,21,0,0.0
route,DTW->CHA,2,2,0,0.0
route,DTW->CHS,3,3,0,0.0
route,DTW->CID,5,5,0,0.0
route,DTW->CLE,7,7,0,0.0
route,DTW->CLT,11,11,0,0.0
route,DTW->CMH,7,7,0,0.0
route,DTW->CVG,5,5,0,0.0
route,DTW->CWA,2,2,0,0.0
route,DTW->DAL,4,4,0,0.0
route,DTW->DAY,6,6,0,0.0
route,DTW->DCA,19,19,0,0.0
route,DTW->DEN,23,23,0,0.0
route,DTW->DFW,17,17,0,0.0
route,DTW->DSM,8,8,0,0.0
route,DTW->ELM,11,11,0,0.0
route,DTW->ERI,1,1,0,0.0
route,DTW->ESC,3,3,0,0.0
route,DTW->EVV,3,3,0,0.0
route,DTW->EWR,26,26,0,0.0
route,DTW->FLL,10,10,0,0.0
route,DTW->FWA,2,2,0,0.0
route,DTW->GRB,3,3,0,0.0
route,DTW->GRR,9,9,0,0.0
route,DTW->GSO,5,5,0,0.0
route,DTW->GSP,4,4,0,0.0
route,DTW->HPN,2,2,0,0.0
route,DTW->IAD,18,18,0,0.0
route,DTW->IAH,28,28,0,0.0
route,DTW->IMT,2,2,0,0.0
route,DTW->IND,3,3,0,0.0
route,DTW->ISP,1,1,0,0.0
route,DTW->ITH,4,4,0,0.0
route,DTW->JAX,3,3,0,0.0
route,DTW->JFK,8,8,0,0.0
route,DTW->LAN,6,6,0,0.0
route,DTW->LAS,29,29,0,0.0
route,DTW->LAX,19,19,0,0.0
route,DTW->LEX,10,10,0,0.0
route,DTW->LGA,22,22,0,0.0
route,DTW->LSE,1,1,0,0.0
route,DTW->MBS,4,4,0,0.0
route,DTW->MCI,8,8,0,0.0
route,DTW->MCO,20,20,0,0.0
route,DTW->MDT,5,5,0,0.0
route,DTW->MDW,27,27,0,0.0
route,DTW->MEM,5,5,0,0.0
route,DTW->MHT,3,3,0,0.0
route,DTW->MIA,1,1,0,0.0
route,DTW->MKE,11,11,0,0.0
route,DTW->MQT,2,2,0,0.0
route,DTW->MSN,9,9,0,0.0
route,DTW->MSP,19,19,0,0.0
route,DTW->MSY,6,6,0,0.0
route,DTW->MYR,8,8,0,0.0
route,DTW->OAK,3,3,0,0.0
route,DTW->OKC,3,3,0,0.0
route,DTW->OMA,6,6,0,0.0
route,DTW->ORD,49,49,0,0.0
route,DTW->ORF,1,1,0,0.0
route,DTW->PDX,3,3,0,0.0
route,DTW->PHL,12,12,0,0.0
route,DTW->PHX,8,8,0,0.0
route,DTW->PIT,6,6,0,0.0
route,DTW->PLN,3,3,0,0.0
route,DTW->PVD,6,6,0,0.0
route,DTW->PWM,4,4,0,0.0
route,DTW->RDU,5,5,0,0.0
route,DTW->RIC,6,6,0,0.0
route,DTW->ROC,10,10,0,0.0
route,DTW->RSW,8,8,0,0.0
route,DTW->SAN,3,3,0,0.0
route,DTW->SAT,9,9,0,0.0
route,DTW->SAV,2,2,0,0.0
route,DTW->SBN,5,5,0,0.0
route,DTW->SCE,7,7,0,0.0
route,DTW->SDF,4,4,0,0.0
route,DTW->SEA,17,17,0,0.0
route,DTW->SFO,6,6,0,0.0
route,DTW->SJC,3,3,0,0.0
route,DTW->SLC,10,10,0,0.0
route,DTW->SNA,1,1,0,0.0
route,DTW->SRQ,1,1,0,0.0
route,DTW->STL,14,14,0,0.0
route,DTW->SWF,2,2,0,0.0
route,DTW->SYR,3,3,0,0.0
route,DTW->TPA,12,12,0,0.0
route,DTW->TTN,3,3,0,0.0
route,DTW->TVC,12,12,0,0.0
route,DTW->TYS,6,6,0,0.0
route,DUT->ANC,3,3,0,0.0
route,DVL->DEN,1,1,0,0.0
route,DVL->JMS,3,3,0,0.0
route,EAR->DEN,4,4,0,0.0
route,EAT->SEA,2,2,0,0.0
route,EAU->ORD,12,12,0,0.0
route,ECP->ATL,4,4,0,0.0
route,ECP->AUS,1,1,0,0.0
route,ECP->BNA,11,11,0,0.0
route,ECP->BWI,6,6,0,0.0
route,ECP->DAL,8,8,0,0.0
route,ECP->DFW,6,6,0,0.0
route,ECP->HOU,4,4,0,0.0
route,ECP->IAH,8,8,0,0.0
route,ECP->MDW,1,1,0,0.0
route,ECP->STL,3,3,0,0.0
route,EGE->DEN,6,6,0,0.0
route,EGE->DFW,1,1,0,0.0
route,EKO->SLC,4,4,0,0.0
route,ELM->DTW,8,8,0,0.0
route,ELM->EWR,5,5,0,0.0
route,ELM->IAD,2,2,0,0.0
route,ELM->PIE,4,4,0,0.0
route,ELP->ATL,2,2,0,0.0
route,ELP->AUS,11,11,0,0.0
route,ELP->DAL,15,15,0,0.0
route,ELP->DEN,13,13,0,0.0
route,ELP->DFW,9,9,0,0.0
route,ELP->HOU,9,9,0,0.0
route,ELP->IAH,10,10,0,0.0
route,ELP->LAS,9,9,0,0.0
route,ELP->LAX,14,14,0,0.0
route,ELP->ORD,8,8,0,0.0
route,ELP->PHX,21,21,0,0.0
route,ELP->SAN,6,6,0,0.0
route,ELP->SAT,4,4,0,0.0
route,ELP->SEA,2,2,0,0.0
route,ELP->SFB,1,1,0,0.0
route,ERI->CLT,2,2,0,0.0
route,ERI->DTW,3,3,0,0.0
route,ERI->ORD,10,10,0,0.0
route,ESC->DTW,2,2,0,0.0
route,EUG->AZA,1,1,0,0.0
route,EUG->DEN,6,6,0,0.0
route,EUG->LAX,7,7,0,0.0
route,EUG->OAK,1,1,0,0.0
route,EUG->PDX,2,2,0,0.0
route,EUG->PHX,2,2,0,0.0
route,EUG->SEA,7,7,0,0.0
route,EUG->SFO,24,24,0,0.0
route,EUG->SLC,2,2,0,0.0
route,EVV->ATL,3,3,0,0.0
route,EVV->CLT,1,1,0,0.0
route,EVV->DTW,5,5,0,0.0
route,EVV->ORD,11,11,0,0.0
route,EVV->SFB,1,1,0,0.0
route,EVV->VPS,4,4,0,0.0
route,EWN->ATL,1,1,0,0.0
route,EWN->CLT,5,5,0,0.0
route,EWR->ACK,3,3,0,0.0
route,EWR->ALB,17,17,0,0.0
route,EWR->ATL,43,43,0,0.0
route,EWR->AUS,27,27,0,0.0
route,EWR->AVL,5,5,0,0.0
route,EWR->AVP,2,2,0,0.0
route,EWR->BDL,5,5,0,0.0
route,EWR->BGR,2,2,0,0.0
route,EWR->BNA,27,27,0,0.0
route,EWR->BOS,50,50,0,0.0
route,EWR->BQN,1,1,0,0.0
route,EWR->BTV,15,15,0,0.0
route,EWR->BUF,24,24,0,0.0
route,EWR->BWI,9,9,0,0.0
route,EWR->BZN,5,5,0,0.0
route,EWR->CAK,9,9,0,0.0
route,EWR->CHA,3,3,0,0.0
route,EWR->CHS,20,20,0,0.0
route,EWR->CLE,14,14,0,0.0
route,EWR->CLT,31,31,0,0.0
route,EWR->CMH,25,25,0,0.0
route,EWR->CVG,33,33,0,0.0
route,EWR->DAY,6,6,0,0.0
route,EWR->DCA,15,15,0,0.0
route,EWR->DEN,24,24,0,0.0
route,EWR->DFW,23,23,0,0.0
route,EWR->DSM,6,6,0,0.0
route,EWR->DTW,28,28,0,0.0
route,EWR->ELM,1,1,0,0.0
route,EWR->EYW,1,1,0,0.0
route,EWR->FLL,40,40,0,0.0
route,EWR->GRR,6,6,0,0.0
route,EWR->GSO,9,9,0,0.0
route,EWR->GSP,8,8,0,0.0
route,EWR->HHH,1,1,0,0.0
route,EWR->HNL,3,3,0,0.0
route,EWR->IAD,29,29,0,0.0
route,EWR->IAH,29,29,0,0.0
route,EWR->IND,20,20,0,0.0
route,EWR->ITH,5,5,0,0.0
route,EWR->JAX,16,16,0,0.0
route,EWR->LAS,24,24,0,0.0
route,EWR->LAX,46,46,0,0.0
route,EWR->LEX,2,2,0,0.0
route,EWR->MCI,10,10,0,0.0
route,EWR->MCO,57,57,0,0.0
route,EWR->MDW,26,26,0,0.0
route,EWR->MEM,5,5,0,0.0
route,EWR->MHT,4,4,0,0.0
route,EWR->MIA,24,24,0,0.0
route,EWR->MKE,12,12,0,0.0
route,EWR->MSN,5,5,0,0.0
route,EWR->MSP,21,21,0,0.0
route,EWR->MSY,14,14,0,0.0
route,EWR->MYR,5,5,0,0.0
route,EWR->OAK,3,3,0,0.0
route,EWR->OKC,5,5,0,0.0
route,EWR->OMA,6,6,0,0.0
route,EWR->ORD,44,44,0,0.0
route,EWR->ORF,21,21,0,0.0
route,EWR->PBI,34,34,0,0.0
route,EWR->PDX,6,6,0,0.0
route,EWR->PHX,14,14,0,0.0
route,EWR->PIT,17,17,0,0.0
route,EWR->PQI,1,1,0,0.0
route,EWR->PVD,2,2,0,0.0
route,EWR->PWM,16,16,0,0.0
route,EWR->RAP,2,2,0,0.0
route,EWR->RDU,22,22,0,0.0
route,EWR->RIC,13,13,0,0.0
route,EWR->ROC,17,17,0,0.0
route,EWR->RSW,12,12,0,0.0
route,EWR->SAN,13,13,0,0.0
route,EWR->SAT,5,5,0,0.0
route,EWR->SAV,13,13,0,0.0
route,EWR->SDF,11,11,0,0.0
route,EWR->SEA,21,21,0,0.0
route,EWR->SFO,53,53,0,0.0
route,EWR->SJC,5,5,0,0.0
route,EWR->SJU,15,15,0,0.0
route,EWR->SLC,5,5,0,0.0
route,EWR->SMF,1,1,0,0.0
route,EWR->SNA,9,9,0,0.0
route,EWR->SRQ,6,6,0,0.0
route,EWR->STL,21,21,0,0.0
route,EWR->SYR,13,13,0,0.0
route,EWR->TPA,23,23,0,0.0
route,EWR->TYS,9,9,0,0.0
route,EWR->XNA,4,4,0,0.0
route,EYW->ATL,8,8,0,0.0
route,EYW->CLT,2,2,0,0.0
route,EYW->DFW,2,2,0,0.0
route,EYW->EWR,4,4,0,0.0
route,EYW->MIA,6,6,0,0.0
route,EYW->ORD,1,1,0,0.0
route,EYW->PHL,1,1,0,0.0
route,FAI->ANC,10,10,0,0.0
route,FAI->DEN,1,1,0,0.0
route,FAI->MSP,1,1,0,0.0
route,FAI->ORD,4,4,0,0.0
route,FAI->SCC,1,1,0,0.0
route,FAI->SEA,10,10,0,0.0
route,FAR->AZA,3,3,0,0.0
route,FAR->DEN,9,9,0,0.0
route,FAR->DFW,1,1,0,0.0
route,FAR->LAS,1,1,0,0.0
route,FAR->MSP,11,11,0,0.0
route,FAR->ORD,13,13,0,0.0
route,FAT->DEN,10,10,0,0.0
route,FAT->DFW,2,2,0,0.0
route,FAT->LAS,6,6,0,0.0
route,FAT->LAX,12,12,0,0.0
route,FAT->PDX,2,2,0,0.0
route,FAT->PHX,2,2,0,0.0
route,FAT->SAN,1,1,0,0.0
route,FAT->SEA,4,4,0,0.0
route,FAT->SFO,17,17,0,0.0
route,FAT->SLC,3,3,0,0.0
route,FAY->ATL,7,7,0,0.0
route,FAY->CLT,7,7,0,0.0
route,FAY->IAD,3,3,0,0.0
route,FCA->AZA,2,2,0,0.0
route,FCA->DEN,12,12,0,0.0
route,FCA->DFW,2,2,0,0.0
route,FCA->LAS,1,1,0,0.0
route,FCA->LAX,3,3,0,0.0
route,FCA->OAK,1,1,0,0.0
route,FCA->ORD,9,9,0,0.0
route,FCA->PDX,1,1,0,0.0
route,FCA->SEA,4,4,0,0.0
route,FCA->SFO,4,4,0,0.0
route,FCA->SLC,7,7,0,0.0
route,FLG->DEN,3,3,0,0.0
route,FLG->DFW,1,1,0,0.0
route,FLG->PHX,5,5,0,0.0
route,FLL->ACY,7,7,0,0.0
route,FLL->ALB,6,6,0,0.0
route,FLL->ATL,44,44,0,0.0
route,FLL->AUS,8,8,0,0.0
route,FLL->AVL,6,6,0,0.0
route,FLL->BDL,11,11,0,0.0
route,FLL->BLV,1,1,0,0.0
route,FLL->BNA,13,13,0,0.0
route,FLL->BOS,26,26,0,0.0
route,FLL->BQN,7,7,0,0.0
route,FLL->BUF,8,8,0,0.0
route,FLL->BWI,38,38,0,0.0
route,FLL->CHS,4,4,0,0.0
route,FLL->CLE,7,7,0,0.0
route,FLL->CLT,8,8,0,0.0
route,FLL->CMH,10,10,0,0.0
route,FLL->CVG,6,6,0,0.0
route,FLL->DAL,12,12,0,0.0
route,FLL->DCA,19,19,0,0.0
route,FLL->DEN,20,20,0,0.0
route,FLL->DFW,26,26,0,0.0
route,FLL->DTW,11,11,0,0.0
route,FLL->EWR,33,33,0,0.0
route,FLL->GSP,1,1,0,0.0
route,FLL->HOU,9,9,0,0.0
route,FLL->HPN,7,7,0,0.0
route,FLL->IAD,7,7,0,0.0
route,FLL->IAG,1,1,0,0.0
route,FLL->IAH,18,18,0,0.0
route,FLL->IND,6,6,0,0.0
route,FLL->ISP,2,2,0,0.0
route,FLL->JAX,21,21,0,0.0
route,FLL->JFK,34,34,0,0.0
route,FLL->LAS,7,7,0,0.0
route,FLL->LAX,18,18,0,0.0
route,FLL->LBE,2,2,0,0.0
route,FLL->LEX,2,2,0,0.0
route,FLL->LGA,47,47,0,0.0
route,FLL->LGB,3,3,0,0.0
route,FLL->MCI,3,3,0,0.0
route,FLL->MCO,17,17,0,0.0
route,FLL->MDW,12,12,0,0.0
route,FLL->MSY,17,17,0,0.0
route,FLL->MYR,7,7,0,0.0
route,FLL->ORD,23,23,0,0.0
route,FLL->ORH,5,5,0,0.0
route,FLL->PBG,2,2,0,0.0
route,FLL->PHL,15,15,0,0.0
route,FLL->PHX,3,3,0,0.0
route,FLL->PIT,8,8,0,0.0
route,FLL->PVD,5,5,0,0.0
route,FLL->RDU,11,11,0,0.0
route,FLL->RIC,5,5,0,0.0
route,FLL->SAN,5,5,0,0.0
route,FLL->SAT,1,1,0,0.0
route,FLL->SEA,8,8,0,0.0
route,FLL->SFO,9,9,0,0.0
route,FLL->SJU,34,34,0,0.0
route,FLL->SLC,4,4,0,0.0
route,FLL->STL,6,6,0,0.0
route,FLL->STT,5,5,0,0.0
route,FLL->STX,1,1,0,0.0
route,FLL->SWF,1,1,0,0.0
route,FLL->TPA,19,19,0,0.0
route,FLL->TYS,2,2,0,0.0
route,FLL->USA,5,5,0,0.0
route,FLO->CLT,3,3,0,0.0
route,FNT->ATL,7,7,0,0.0
route,FNT->MDW,1,1,0,0.0
route,FNT->MYR,1,1,0,0.0
route,FNT->ORD,12,12,0,0.0
route,FNT->SFB,3,3,0,0.0
route,FSD->ATL,1,1,0,0.0
route,FSD->AZA,2,2,0,0.0
route,FSD->DEN,17,17,0,0.0
route,FSD->DFW,1,1,0,0.0
route,FSD->LAS,1,1,0,0.0
route,FSD->MSP,6,6,0,0.0
route,FSD->ORD,19,19,0,0.0
route,FSD->PHX,3,3,0,0.0
route,FSD->PIE,1,1,0,0.0
route,FSD->SFB,2,2,0,0.0
route,FSM->ATL,1,1,0,0.0
route,FSM->DFW,1,1,0,0.0
route,FWA->ATL,5,5,0,0.0
route,FWA->AZA,1,1,0,0.0
route,FWA->CLT,1,1,0,0.0
route,FWA->DFW,1,1,0,0.0
route,FWA->DTW,8,8,0,0.0
route,FWA->EWR,1,1,0,0.0
route,FWA->MSP,3,3,0,0.0
route,FWA->MYR,2,2,0,0.0
route,FWA->ORD,18,18,0,0.0
route,FWA->PGD,6,6,0,0.0
route,FWA->PHL,2,2,0,0.0
route,FWA->PIE,2,2,0,0.0
route,FWA->SFB,3,3,0,0.0
route,GCC->DEN,6,6,0,0.0
route,GCK->DFW,7,7,0,0.0
route,GEG->BOI,7,7,0,0.0
route,GEG->DEN,19,19,0,0.0
route,GEG->DFW,1,1,0,0.0
route,GEG->LAS,5,5,0,0.0
route,GEG->LAX,1,1,0,0.0
route,GEG->MDW,1,1,0,0.0
route,GEG->MSP,9,9,0,0.0
route,GEG->OAK,8,8,0,0.0
route,GEG->ORD,1,1,0,0.0
route,GEG->PDX,9,9,0,0.0
route,GEG->PHX,9,9,0,0.0
route,GEG->SAN,2,2,0,0.0
route,GEG->SEA,26,26,0,0.0
route,GEG->SFO,7,7,0,0.0
route,GEG->SJC,2,2,0,0.0
route,GEG->SLC,9,9,0,0.0
route,GEG->SMF,4,4,0,0.0
route,GFK->MSP,7,7,0,0.0
route,GGG->DFW,3,3,0,0.0
route,GJT->AZA,2,2,0,0.0
route,GJT->DEN,14,14,0,0.0
route,GJT->DFW,3,3,0,0.0
route,GJT->LAX,1,1,0,0.0
route,GJT->PHX,1,1,0,0.0
route,GJT->SLC,2,2,0,0.0
route,GNV->ATL,6,6,0,0.0
route,GNV->CLT,7,7,0,0.0
route,GNV->DFW,1,1,0,0.0
route,GNV->MIA,4,4,0,0.0
route,GPT->ATL,6,6,0,0.0
route,GPT->CLT,4,4,0,0.0
route,GPT->DFW,1,1,0,0.0
route,GPT->IAH,8,8,0,0.0
route,GPT->SFB,2,2,0,0.0
route,GRB->ATL,7,7,0,0.0
route,GRB->DEN,1,1,0,0.0
route,GRB->DTW,5,5,0,0.0
route,GRB->MSP,8,8,0,0.0
route,GRB->ORD,22,22,0,0.0
route,GRI->AZA,1,1,0,0.0
route,GRI->DFW,3,3,0,0.0
route,GRK->DFW,6,6,0,0.0
route,GRK->IAH,9,9,0,0.0
route,GRR->ATL,5,5,0,0.0
route,GRR->AZA,3,3,0,0.0
route,GRR->BWI,4,4,0,0.0
route,GRR->CLT,4,4,0,0.0
route,GRR->DEN,12,12,0,0.0
route,GRR->DFW,4,4,0,0.0
route,GRR->DTW,6,6,0,0.0
route,GRR->EWR,15,15,0,0.0
route,GRR->IAD,1,1,0,0.0
route,GRR->IAH,4,4,0,0.0
route,GRR->LAS,2,2,0,0.0
route,GRR->LGA,6,6,0,0.0
route,GRR->MCO,4,4,0,0.0
route,GRR->MDW,16,16,0,0.0
route,GRR->MSP,7,7,0,0.0
route,GRR->ORD,44,44,0,0.0
route,GRR->PGD,3,3,0,0.0
route,GRR->PHL,1,1,0,0.0
route,GRR->PIE,1,1,0,0.0
route,GRR->SFB,5,5,0,0.0
route,GSO->ATL,15,15,0,0.0
route,GSO->CLT,11,11,0,0.0
route,GSO->DCA,2,2,0,0.0
route,GSO->DFW,5,5,0,0.0
route,GSO->DTW,4,4,0,0.0
route,GSO->EWR,15,15,0,0.0
route,GSO->IAD,5,5,0,0.0
route,GSO->LGA,9,9,0,0.0
route,GSO->MIA,2,2,0,0.0
route,GSO->ORD,17,17,0,0.0
route,GSO->PHL,5,5,0,0.0
route,GSO->TPA,1,1,0,0.0
route,GSP->ATL,18,18,0,0.0
route,GSP->CLT,8,8,0,0.0
route,GSP->DCA,2,2,0,0.0
route,GSP->DFW,5,5,0,0.0
route,GSP->DTW,2,2,0,0.0
route,GSP->EWR,8,8,0,0.0
route,GSP->FLL,2,2,0,0.0
route,GSP->IAD,3,3,0,0.0
route,GSP->IAH,12,12,0,0.0
route,GSP->LGA,5,5,0,0.0
route,GSP->MIA,2,2,0,0.0
route,GSP->ORD,15,15,0,0.0
route,GSP->PIE,2,2,0,0.0
route,GSP->SFB,3,3,0,0.0
route,GST->JNU,3,3,0,0.0
route,GTF->DEN,10,10,0,0.0
route,GTF->MSP,1,1,0,0.0
route,GTF->ORD,1,1,0,0.0
route,GTF->SEA,1,1,0,0.0
route,GTF->SLC,2,2,0,0.0
route,GTR->ATL,7,7,0,0.0
route,GUC->DEN,5,5,0,0.0
route,GUC->IAH,1,1,0,0.0
route,GUM->HNL,4,4,0,0.0
route,GUM->SPN,2,2,0,0.0
route,HDN->DEN,6,6,0,0.0
route,HDN->IAH,1,1,0,0.0
route,HGR->PIE,1,1,0,0.0
route,HGR->SFB,1,1,0,0.0
route,HHH->ATL,2,2,0,0.0
route,HHH->CLT,7,7,0,0.0
route,HHH->DCA,1,1,0,0.0
route,HHH->IAD,4,4,0,0.0
route,HIB->MSP,2,2,0,0.0
route,HLN->DEN,4,4,0,0.0
route,HLN->MSP,1,1,0,0.0
route,HLN->SEA,2,2,0,0.0
route,HLN->SLC,3,3,0,0.0
route,HNL->ANC,1,1,0,0.0
route,HNL->ATL,2,2,0,0.0
route,HNL->BOS,3,3,0,0.0
route,HNL->DEN,5,5,0,0.0
route,HNL->DFW,4,4,0,0.0
route,HNL->EWR,1,1,0,0.0
route,HNL->GUM,2,2,0,0.0
route,HNL->IAD,5,5,0,0.0
route,HNL->IAH,4,4,0,0.0
route,HNL->ITO,50,50,0,0.0
route,HNL->JFK,1,1,0,0.0
route,HNL->JHM,9,9,0,0.0
route,HNL->KOA,77,77,0,0.0
route,HNL->LAS,10,10,0,0.0
route,HNL->LAX,41,41,0,0.0
route,HNL->LIH,62,62,0,0.0
route,HNL->LNY,19,19,0,0.0
route,HNL->MKK,13,13,0,0.0
route,HNL->OAK,5,5,0,0.0
route,HNL->OGG,86,86,0,0.0
route,HNL->ORD,2,2,0,0.0
route,HNL->PDX,4,4,0,0.0
route,HNL->PHX,7,7,0,0.0
route,HNL->PPG,2,2,0,0.0
route,HNL->SAN,5,5,0,0.0
route,HNL->SEA,11,11,0,0.0
route,HNL->SFO,26,26,0,0.0
route,HNL->SJC,4,4,0,0.0
route,HNL->SLC,2,2,0,0.0
route,HNL->SMF,1,1,0,0.0
route,HOB->IAH,5,5,0,0.0
route,HOU->ABQ,13,13,0,0.0
route,HOU->ATL,31,31,0,0.0
route,HOU->AUS,21,21,0,0.0
route,HOU->BHM,5,5,0,0.0
route,HOU->BNA,13,13,0,0.0
route,HOU->BOS,6,6,0,0.0
route,HOU->BWI,11,11,0,0.0
route,HOU->CHS,6,6,0,0.0
route,HOU->CLT,4,4,0,0.0
route,HOU->CMH,2,2,0,0.0
route,HOU->CRP,17,17,0,0.0
route,HOU->DAL,72,72,0,0.0
route,HOU->DCA,9,9,0,0.0
route,HOU->DEN,30,30,0,0.0
route,HOU->DFW,12,12,0,0.0
route,HOU->ECP,3,3,0,0.0
route,HOU->ELP,8,8,0,0.0
route,HOU->FLL,10,10,0,0.0
route,HOU->HRL,8,8,0,0.0
route,HOU->IND,3,3,0,0.0
route,HOU->JAX,5,5,0,0.0
route,HOU->JFK,4,4,0,0.0
route,HOU->LAS,13,13,0,0.0
route,HOU->LAX,11,11,0,0.0
route,HOU->LGA,6,6,0,0.0
route,HOU->MAF,12,12,0,0.0
route,HOU->MCI,11,11,0,0.0
route,HOU->MCO,14,14,0,0.0
route,HOU->MDW,23,23,0,0.0
route,HOU->MEM,6,6,0,0.0
route,HOU->MKE,2,2,0,0.0
route,HOU->MSY,35,35,0,0.0
route,HOU->OAK,8,8,0,0.0
route,HOU->OKC,16,16,0,0.0
route,HOU->OMA,6,6,0,0.0
route,HOU->PDX,1,1,0,0.0
route,HOU->PHL,3,3,0,0.0
route,HOU->PHX,21,21,0,0.0
route,HOU->PIT,8,8,0,0.0
route,HOU->PNS,7,7,0,0.0
route,HOU->RDU,1,1,0,0.0
route,HOU->SAN,6,6,0,0.0
route,HOU->SAT,17,17,0,0.0
route,HOU->SDF,1,1,0,0.0
route,HOU->SEA,3,3,0,0.0
route,HOU->SJC,2,2,0,0.0
route,HOU->SJU,1,1,0,0.0
route,HOU->SNA,3,3,0,0.0
route,HOU->STL,13,13,0,0.0
route,HOU->TPA,15,15,0,0.0
route,HOU->TUL,7,7,0,0.0
route,HPN->ATL,6,6,0,0.0
route,HPN->CLT,4,4,0,0.0
route,HPN->DCA,2,2,0,0.0
route,HPN->DTW,7,7,0,0.0
route,HPN->FLL,4,4,0,0.0
route,HPN->MCO,11,11,0,0.0
route,HPN->ORD,20,20,0,0.0
route,HPN->PBI,10,10,0,0.0
route,HPN->RSW,5,5,0,0.0
route,HPN->TPA,2,2,0,0.0
route,HRL->AUS,5,5,0,0.0
route,HRL->DFW,11,11,0,0.0
route,HRL->HOU,7,7,0,0.0
route,HRL->IAH,10,10,0,0.0
route,HSV->ATL,11,11,0,0.0
route,HSV->CLT,1,1,0,0.0
route,HSV->DCA,3,3,0,0.0
route,HSV->DEN,8,8,0,0.0
route,HSV->DFW,7,7,0,0.0
route,HSV->DTW,3,3,0,0.0
route,HSV->IAD,8,8,0,0.0
route,HSV->IAH,3,3,0,0.0
route,HSV->ORD,4,4,0,0.0
route,HTS->CLT,3,3,0,0.0
route,HTS->MYR,3,3,0,0.0
route,HTS->PGD,2,2,0,0.0
route,HTS->PIE,2,2,0,0.0
route,HTS->SFB,4,4,0,0.0
route,HTS->VPS,2,2,0,0.0
route,HVN->PHL,4,4,0,0.0
route,HYA->JFK,2,2,0,0.0
route,HYS->DEN,8,8,0,0.0
route,HYS->SLN,5,5,0,0.0
route,IAD->ALB,9,9,0,0.0
route,IAD->ATL,25,25,0,0.0
route,IAD->AUS,9,9,0,0.0
route,IAD->AVL,3,3,0,0.0
route,IAD->AVP,3,3,0,0.0
route,IAD->BDL,20,20,0,0.0
route,IAD->BNA,10,10,0,0.0
route,IAD->BOS,17,17,0,0.0
route,IAD->BTV,21,21,0,0.0
route,IAD->BUF,10,10,0,0.0
route,IAD->CAE,8,8,0,0.0
route,IAD->CHA,1,1,0,0.0
route,IAD->CHO,14,14,0,0.0
route,IAD->CHS,13,13,0,0.0
route,IAD->CKB,5,5,0,0.0
route,IAD->CLE,5,5,0,0.0
route,IAD->CLT,16,16,0,0.0
route,IAD->CMH,10,10,0,0.0
route,IAD->COS,2,2,0,0.0
route,IAD->CRW,3,3,0,0.0
route,IAD->CVG,7,7,0,0.0
route,IAD->DAY,6,6,0,0.0
route,IAD->DEN,32,32,0,0.0
route,IAD->DFW,9,9,0,0.0
route,IAD->DTW,22,22,0,0.0
route,IAD->ELM,2,2,0,0.0
route,IAD->EWR,20,20,0,0.0
route,IAD->FAY,10,10,0,0.0
route,IAD->FLL,9,9,0,0.0
route,IAD->GRR,5,5,0,0.0
route,IAD->GSO,8,8,0,0.0
route,IAD->GSP,7,7,0,0.0
route,IAD->HHH,4,4,0,0.0
route,IAD->HNL,6,6,0,0.0
route,IAD->HSV,6,6,0,0.0
route,IAD->IAH,6,6,0,0.0
route,IAD->ILM,6,6,0,0.0
route,IAD->IND,8,8,0,0.0
route,IAD->ITH,7,7,0,0.0
route,IAD->JAX,11,11,0,0.0
route,IAD->JFK,17,17,0,0.0
route,IAD->LAS,9,9,0,0.0
route,IAD->LAX,45,45,0,0.0
route,IAD->LEX,3,3,0,0.0
route,IAD->LGA,7,7,0,0.0
route,IAD->LWB,1,1,0,0.0
route,IAD->MCI,13,13,0,0.0
route,IAD->MCO,25,25,0,0.0
route,IAD->MDT,8,8,0,0.0
route,IAD->MHT,5,5,0,0.0
route,IAD->MSP,9,9,0,0.0
route,IAD->MSY,8,8,0,0.0
route,IAD->OGS,2,2,0,0.0
route,IAD->OKC,2,2,0,0.0
route,IAD->ORD,21,21,0,0.0
route,IAD->ORF,11,11,0,0.0
route,IAD->PBG,1,1,0,0.0
route,IAD->PDX,5,5,0,0.0
route,IAD->PHL,1,1,0,0.0
route,IAD->PHX,1,1,0,0.0
route,IAD->PIT,9,9,0,0.0
route,IAD->PVD,7,7,0,0.0
route,IAD->PWM,14,14,0,0.0
route,IAD->RDU,10,10,0,0.0
route,IAD->RIC,15,15,0,0.0
route,IAD->ROA,4,4,0,0.0
route,IAD->ROC,7,7,0,0.0
route,IAD->SAN,8,8,0,0.0
route,IAD->SAT,3,3,0,0.0
route,IAD->SAV,12,12,0,0.0
route,IAD->SCE,6,6,0,0.0
route,IAD->SDF,4,4,0,0.0
route,IAD->SEA,19,19,0,0.0
route,IAD->SFO,20,20,0,0.0
route,IAD->SHD,5,5,0,0.0
route,IAD->SJU,2,2,0,0.0
route,IAD->SLC,3,3,0,0.0
route,IAD->SMF,3,3,0,0.0
route,IAD->STL,15,15,0,0.0
route,IAD->STT,2,2,0,0.0
route,IAD->SYR,9,9,0,0.0
route,IAD->TPA,8,8,0,0.0
route,IAD->TUL,1,1,0,0.0
route,IAD->TYS,10,10,0,0.0
route,IAG->MYR,3,3,0,0.0
route,IAG->PGD,2,2,0,0.0
route,IAG->SAV,1,1,0,0.0
route,IAG->SFB,2,2,0,0.0
route,IAH->ABQ,15,15,0,0.0
route,IAH->AEX,7,7,0,0.0
route,IAH->AMA,11,11,0,0.0
route,IAH->ANC,2,2,0,0.0
route,IAH->ASE,3,3,0,0.0
route,IAH->ATL,48,48,0,0.0
route,IAH->AUS,30,30,0,0.0
route,IAH->BHM,17,17,0,0.0
route,IAH->BNA,14,14,0,0.0
route,IAH->BOI,4,4,0,0.0
route,IAH->BOS,15,15,0,0.0
route,IAH->BRO,12,12,0,0.0
route,IAH->BTR,15,15,0,0.0
route,IAH->BWI,3,3,0,0.0
route,IAH->CAE,1,1,0,0.0
route,IAH->CAK,3,3,0,0.0
route,IAH->CHS,7,7,0,0.0
route,IAH->CLE,13,13,0,0.0
route,IAH->CLL,7,7,0,0.0
route,IAH->CLT,30,30,0,0.0
route,IAH->CMH,15,15,0,0.0
route,IAH->COS,3,3,0,0.0
route,IAH->CRP,13,13,0,0.0
route,IAH->CRW,1,1,0,0.0
route,IAH->CVG,11,11,0,0.0
route,IAH->DCA,24,24,0,0.0
route,IAH->DEN,39,39,0,0.0
route,IAH->DFW,36,36,0,0.0
route,IAH->DSM,4,4,0,0.0
route,IAH->DTW,28,28,0,0.0
route,IAH->ECP,11,11,0,0.0
route,IAH->ELP,21,21,0,0.0
route,IAH->EWR,34,34,0,0.0
route,IAH->FLL,20,20,0,0.0
route,IAH->GPT,6,6,0,0.0
route,IAH->GRK,11,11,0,0.0
route,IAH->GRR,3,3,0,0.0
route,IAH->GSP,4,4,0,0.0
route,IAH->GUC,2,2,0,0.0
route,IAH->HNL,2,2,0,0.0
route,IAH->HOB,2,2,0,0.0
route,IAH->HRL,14,14,0,0.0
route,IAH->HSV,12,12,0,0.0
route,IAH->IAD,19,19,0,0.0
route,IAH->ICT,13,13,0,0.0
route,IAH->IND,14,14,0,0.0
route,IAH->JAN,11,11,0,0.0
route,IAH->JAX,12,12,0,0.0
route,IAH->LAS,19,19,0,0.0
route,IAH->LAX,52,52,0,0.0
route,IAH->LBB,10,10,0,0.0
route,IAH->LCH,7,7,0,0.0
route,IAH->LEX,2,2,0,0.0
route,IAH->LFT,17,17,0,0.0
route,IAH->LGA,37,37,0,0.0
route,IAH->LIT,14,14,0,0.0
route,IAH->LRD,10,10,0,0.0
route,IAH->MAF,29,29,0,0.0
route,IAH->MCI,16,16,0,0.0
route,IAH->MCO,29,29,0,0.0
route,IAH->MEM,15,15,0,0.0
route,IAH->MFE,25,25,0,0.0
route,IAH->MIA,19,19,0,0.0
route,IAH->MKE,6,6,0,0.0
route,IAH->MLU,6,6,0,0.0
route,IAH->MOB,13,13,0,0.0
route,IAH->MSP,28,28,0,0.0
route,IAH->MSY,33,33,0,0.0
route,IAH->MTJ,4,4,0,0.0
route,IAH->OAK,4,4,0,0.0
route,IAH->OKC,19,19,0,0.0
route,IAH->OMA,9,9,0,0.0
route,IAH->ONT,1,1,0,0.0
route,IAH->ORD,44,44,0,0.0
route,IAH->ORF,3,3,0,0.0
route,IAH->PBI,1,1,0,0.0
route,IAH->PDX,9,9,0,0.0
route,IAH->PHL,21,21,0,0.0
route,IAH->PHX,19,19,0,0.0
route,IAH->PIT,20,20,0,0.0
route,IAH->PNS,17,17,0,0.0
route,IAH->RDU,17,17,0,0.0
route,IAH->RIC,3,3,0,0.0
route,IAH->RNO,4,4,0,0.0
route,IAH->RSW,4,4,0,0.0
route,IAH->SAN,22,22,0,0.0
route,IAH->SAT,23,23,0,0.0
route,IAH->SAV,7,7,0,0.0
route,IAH->SDF,16,16,0,0.0
route,IAH->SEA,26,26,0,0.0
route,IAH->SFO,22,22,0,0.0
route,IAH->SGF,3,3,0,0.0
route,IAH->SHV,13,13,0,0.0
route,IAH->SJC,3,3,0,0.0
route,IAH->SJU,9,9,0,0.0
route,IAH->SLC,24,24,0,0.0
route,IAH->SMF,5,5,0,0.0
route,IAH->SNA,22,22,0,0.0
route,IAH->STL,13,13,0,0.0
route,IAH->STT,1,1,0,0.0
route,IAH->TPA,24,24,0,0.0
route,IAH->TUL,23,23,0,0.0
route,IAH->TUS,9,9,0,0.0
route,IAH->TYS,5,5,0,0.0
route,IAH->VPS,10,10,0,0.0
route,IAH->XNA,8,8,0,0.0
route,ICT->ATL,1,1,0,0.0
route,ICT->DEN,10,10,0,0.0
route,ICT->DFW,3,3,0,0.0
route,ICT->IAH,10,10,0,0.0
route,ICT->LAS,2,2,0,0.0
route,ICT->LAX,1,1,0,0.0
route,ICT->MSP,6,6,0,0.0
route,ICT->ORD,21,21,0,0.0
route,ICT->PHX,2,2,0,0.0
route,ICT->SEA,2,2,0,0.0
route,ICT->STL,9,9,0,0.0
route,IDA->AZA,2,2,0,0.0
route,IDA->DEN,13,13,0,0.0
route,IDA->SLC,5,5,0,0.0
route,ILM->ATL,5,5,0,0.0
route,ILM->CLT,18,18,0,0.0
route,ILM->DFW,1,1,0,0.0
route,ILM->IAD,7,7,0,0.0
route,ILM->LGA,2,2,0,0.0
route,ILM->ORD,13,13,0,0.0
route,ILM->PHL,5,5,0,0.0
route,IMT->DTW,1,1,0,0.0
route,IMT->MSP,1,1,0,0.0
route,IND->ATL,23,23,0,0.0
route,IND->BOS,4,4,0,0.0
route,IND->BWI,8,8,0,0.0
route,IND->CHS,2,2,0,0.0
route,IND->CLT,12,12,0,0.0
route,IND->DAL,6,6,0,0.0
route,IND->DCA,12,12,0,0.0
route,IND->DEN,29,29,0,0.0
route,IND->DFW,7,7,0,0.0
route,IND->DTW,10,10,0,0.0
route,IND->EWR,20,20,0,0.0
route,IND->FLL,8,8,0,0.0
route,IND->HOU,6,6,0,0.0
route,IND->IAD,15,15,0,0.0
route,IND->IAH,16,16,0,0.0
route,IND->JAX,1,1,0,0.0
route,IND->JFK,7,7,0,0.0
route,IND->LAS,14,14,0,0.0
route,IND->LAX,8,8,0,0.0
route,IND->LGA,4,4,0,0.0
route,IND->MCI,3,3,0,0.0
route,IND->MCO,12,12,0,0.0
route,IND->MDW,6,6,0,0.0
route,IND->MIA,2,2,0,0.0
route,IND->MSP,6,6,0,0.0
route,IND->MYR,1,1,0,0.0
route,IND->ORD,22,22,0,0.0
route,IND->PGD,2,2,0,0.0
route,IND->PHL,10,10,0,0.0
route,IND->PHX,8,8,0,0.0
route,IND->PIE,6,6,0,0.0
route,IND->RDU,2,2,0,0.0
route,IND->RSW,4,4,0,0.0
route,IND->SAN,4,4,0,0.0
route,IND->SAV,1,1,0,0.0
route,IND->SFB,1,1,0,0.0
route,IND->SFO,3,3,0,0.0
route,IND->TPA,14,14,0,0.0
route,IND->VPS,1,1,0,0.0
route,INL->MSP,1,1,0,0.0
route,IPT->PHL,3,3,0,0.0
route,ISN->DEN,5,5,0,0.0
route,ISN->MSP,5,5,0,0.0
route,ISP->ATL,3,3,0,0.0
route,ISP->BWI,9,9,0,0.0
route,ISP->FLL,5,5,0,0.0
route,ISP->MCO,12,12,0,0.0
route,ISP->MYR,4,4,0,0.0
route,ISP->ORD,4,4,0,0.0
route,ISP->PBI,5,5,0,0.0
route,ISP->PHL,5,5,0,0.0
route,ISP->TPA,12,12,0,0.0
route,ITH->DTW,5,5,0,0.0
route,ITH->EWR,6,6,0,0.0
route,ITH->IAD,2,2,0,0.0
route,ITH->PHL,3,3,0,0.0
route,ITO->HNL,40,40,0,0.0
route,ITO->LAX,3,3,0,0.0
route,ITO->OGG,4,4,0,0.0
route,JAC->DEN,16,16,0,0.0
route,JAC->DFW,4,4,0,0.0
route,JAC->LAX,4,4,0,0.0
route,JAC->ORD,7,7,0,0.0
route,JAC->PHX,2,2,0,0.0
route,JAC->SFO,2,2,0,0.0
route,JAC->SLC,4,4,0,0.0
route,JAN->ATL,6,6,0,0.0
route,JAN->CLT,7,7,0,0.0
route,JAN->DCA,3,3,0,0.0
route,JAN->DFW,10,10,0,0.0
route,JAN->IAH,17,17,0,0.0
route,JAN->MCO,1,1,0,0.0
route,JAN->ORD,5,5,0,0.0
route,JAX->ATL,24,24,0,0.0
route,JAX->AUS,2,2,0,0.0
route,JAX->BLV,1,1,0,0.0
route,JAX->BNA,9,9,0,0.0
route,JAX->BOS,12,12,0,0.0
route,JAX->BWI,19,19,0,0.0
route,JAX->CLT,11,11,0,0.0
route,JAX->CVG,1,1,0,0.0
route,JAX->DAL,1,1,0,0.0
route,JAX->DCA,10,10,0,0.0
route,JAX->DEN,12,12,0,0.0
route,JAX->DFW,9,9,0,0.0
route,JAX->DTW,1,1,0,0.0
route,JAX->EWR,11,11,0,0.0
route,JAX->FLL,20,20,0,0.0
route,JAX->HOU,3,3,0,0.0
route,JAX->IAD,5,5,0,0.0
route,JAX->IAH,8,8,0,0.0
route,JAX->IND,2,2,0,0.0
route,JAX->JFK,16,16,0,0.0
route,JAX->LCK,2,2,0,0.0
route,JAX->LGA,2,2,0,0.0
route,JAX->MDW,2,2,0,0.0
route,JAX->MIA,6,6,0,0.0
route,JAX->MSP,1,1,0,0.0
route,JAX->ORD,17,17,0,0.0
route,JAX->PHL,5,5,0,0.0
route,JAX->PIT,1,1,0,0.0
route,JAX->SDF,1,1,0,0.0
route,JAX->TTN,1,1,0,0.0
route,JFK->ABQ,3,3,0,0.0
route,JFK->ACK,9,9,0,0.0
route,JFK->ATL,15,15,0,0.0
route,JFK->AUS,14,14,0,0.0
route,JFK->BNA,8,8,0,0.0
route,JFK->BOS,28,28,0,0.0
route,JFK->BQN,3,3,0,0.0
route,JFK->BTV,7,7,0,0.0
route,JFK->BUF,18,18,0,0.0
route,JFK->BUR,6,6,0,0.0
route,JFK->BWI,8,8,0,0.0
route,JFK->CHS,6,6,0,0.0
route,JFK->CLE,11,11,0,0.0
route,JFK->CLT,13,13,0,0.0
route,JFK->CMH,2,2,0,0.0
route,JFK->CVG,5,5,0,0.0
route,JFK->DAB,1,1,0,0.0
route,JFK->DCA,12,12,0,0.0
route,JFK->DEN,10,10,0,0.0
route,JFK->DFW,12,12,0,0.0
route,JFK->DTW,9,9,0,0.0
route,JFK->FLL,24,24,0,0.0
route,JFK->HNL,3,3,0,0.0
route,JFK->HOU,5,5,0,0.0
route,JFK->HYA,1,1,0,0.0
route,JFK->IAD,17,17,0,0.0
route,JFK->IND,6,6,0,0.0
route,JFK->JAX,10,10,0,0.0
route,JFK->LAS,15,15,0,0.0
route,JFK->LAX,67,67,0,0.0
route,JFK->LGB,5,5,0,0.0
route,JFK->MCO,37,37,0,0.0
route,JFK->MIA,16,16,0,0.0
route,JFK->MSP,4,4,0,0.0
route,JFK->MSY,15,15,0,0.0
route,JFK->MVY,2,2,0,0.0
route,JFK->OAK,3,3,0,0.0
route,JFK->ORD,14,14,0,0.0
route,JFK->ORF,7,7,0,0.0
route,JFK->ORH,2,2,0,0.0
route,JFK->PBI,10,10,0,0.0
route,JFK->PDX,11,11,0,0.0
route,JFK->PHX,18,18,0,0.0
route,JFK->PIT,7,7,0,0.0
route,JFK->PSE,7,7,0,0.0
route,JFK->PWM,8,8,0,0.0
route,JFK->RDU,16,16,0,0.0
route,JFK->RIC,3,3,0,0.0
route,JFK->RNO,5,5,0,0.0
route,JFK->ROC,12,12,0,0.0
route,JFK->RSW,8,8,0,0.0
route,JFK->SAN,11,11,0,0.0
route,JFK->SAT,2,2,0,0.0
route,JFK->SAV,9,9,0,0.0
route,JFK->SEA,14,14,0,0.0
route,JFK->SFO,37,37,0,0.0
route,JFK->SJC,6,6,0,0.0
route,JFK->SJU,25,25,0,0.0
route,JFK->SLC,9,9,0,0.0
route,JFK->SMF,4,4,0,0.0
route,JFK->SRQ,4,4,0,0.0
route,JFK->STT,2,2,0,0.0
route,JFK->SYR,5,5,0,0.0
route,JFK->TPA,18,18,0,0.0
route,JHM->HNL,10,10,0,0.0
route,JLN->DFW,3,3,0,0.0
route,JLN->ORD,3,3,0,0.0
route,JMS->DEN,2,2,0,0.0
route,JMS->DVL,3,3,0,0.0
route,JNU->ANC,3,3,0,0.0
route,JNU->KTN,1,1,0,0.0
route,JNU->PSG,1,1,0,0.0
route,JNU->SEA,9,9,0,0.0
route,JNU->SIT,7,7,0,0.0
route,KOA->DEN,2,2,0,0.0
route,KOA->DFW,2,2,0,0.0
route,KOA->HNL,87,87,0,0.0
route,KOA->LAX,13,13,0,0.0
route,KOA->LIH,3,3,0,0.0
route,KOA->OAK,1,1,0,0.0
route,KOA->OGG,6,6,0,0.0
route,KOA->PDX,1,1,0,0.0
route,KOA->PHX,1,1,0,0.0
route,KOA->SAN,4,4,0,0.0
route,KOA->SEA,7,7,0,0.0
route,KOA->SFO,16,16,0,0.0
route,KOA->SMF,1,1,0,0.0
route,KTN->JNU,1,1,0,0.0
route,KTN->SEA,6,6,0,0.0
route,KTN->SIT,1,1,0,0.0
route,KTN->WRG,2,2,0,0.0
route,LAN->DTW,7,7,0,0.0
route,LAN->MSP,2,2,0,0.0
route,LAN->ORD,11,11,0,0.0
route,LAR->DEN,4,4,0,0.0
route,LAS->ABQ,10,10,0,0.0
route,LAS->AMA,1,1,0,0.0
route,LAS->ATL,33,33,0,0.0
route,LAS->ATW,1,1,0,0.0
route,LAS->AUS,11,11,0,0.0
route,LAS->AZA,1,1,0,0.0
route,LAS->BDL,2,2,0,0.0
route,LAS->BIL,2,2,0,0.0
route,LAS->BIS,4,4,0,0.0
route,LAS->BLI,4,4,0,0.0
route,LAS->BLV,2,2,0,0.0
route,LAS->BNA,11,11,0,0.0
route,LAS->BOI,5,5,0,0.0
route,LAS->BOS,16,16,0,0.0
route,LAS->BUF,8,8,0,0.0
route,LAS->BUR,38,38,0,0.0
route,LAS->BWI,18,18,0,0.0
route,LAS->BZN,2,2,0,0.0
route,LAS->CID,1,1,0,0.0
route,LAS->CLE,6,6,0,0.0
route,LAS->CLT,6,6,0,0.0
route,LAS->CMH,11,11,0,0.0
route,LAS->COS,1,1,0,0.0
route,LAS->CVG,6,6,0,0.0
route,LAS->DAL,24,24,0,0.0
route,LAS->DCA,4,4,0,0.0
route,LAS->DEN,78,78,0,0.0
route,LAS->DFW,33,33,0,0.0
route,LAS->DSM,6,6,0,0.0
route,LAS->DTW,18,18,0,0.0
route,LAS->ELP,10,10,0,0.0
route,LAS->EUG,1,1,0,0.0
route,LAS->EWR,26,26,0,0.0
route,LAS->FAR,1,1,0,0.0
route,LAS->FAT,5,5,0,0.0
route,LAS->FLL,16,16,0,0.0
route,LAS->GEG,7,7,0,0.0
route,LAS->GSP,1,1,0,0.0
route,LAS->HNL,5,5,0,0.0
route,LAS->HOU,16,16,0,0.0
route,LAS->IAD,5,5,0,0.0
route,LAS->IAH,29,29,0,0.0
route,LAS->ICT,7,7,0,0.0
route,LAS->IDA,1,1,0,0.0
route,LAS->IND,19,19,0,0.0
route,LAS->JFK,13,13,0,0.0
route,LAS->LAX,90,90,0,0.0
route,LAS->LBB,2,2,0,0.0
route,LAS->LGB,21,21,0,0.0
route,LAS->LIT,4,4,0,0.0
route,LAS->LRD,1,1,0,0.0
route,LAS->MAF,2,2,0,0.0
route,LAS->MCI,22,22,0,0.0
route,LAS->MCO,11,11,0,0.0
route,LAS->MDW,26,26,0,0.0
route,LAS->MEM,2,2,0,0.0
route,LAS->MFE,4,4,0,0.0
route,LAS->MIA,2,2,0,0.0
route,LAS->MKE,4,4,0,0.0
route,LAS->MLI,1,1,0,0.0
route,LAS->MOT,3,3,0,0.0
route,LAS->MRY,2,2,0,0.0
route,LAS->MSN,1,1,0,0.0
route,LAS->MSP,14,14,0,0.0
route,LAS->MSY,8,8,0,0.0
route,LAS->OAK,48,48,0,0.0
route,LAS->OKC,9,9,0,0.0
route,LAS->OMA,18,18,0,0.0
route,LAS->ONT,15,15,0,0.0
route,LAS->ORD,34,34,0,0.0
route,LAS->ORF,2,2,0,0.0
route,LAS->PAE,6,6,0,0.0
route,LAS->PDX,21,21,0,0.0
route,LAS->PHL,13,13,0,0.0
route,LAS->PHX,33,33,0,0.0
route,LAS->PIT,9,9,0,0.0
route,LAS->PSC,1,1,0,0.0
route,LAS->RDU,10,10,0,0.0
route,LAS->RFD,1,1,0,0.0
route,LAS->RNO,38,38,0,0.0
route,LAS->SAN,40,40,0,0.0
route,LAS->SAT,16,16,0,0.0
route,LAS->SBN,1,1,0,0.0
route,LAS->SCK,4,4,0,0.0
route,LAS->SDF,3,3,0,0.0
route,LAS->SEA,39,39,0,0.0
route,LAS->SFO,48,48,0,0.0
route,LAS->SGF,2,2,0,0.0
route,LAS->SJC,36,36,0,0.0
route,LAS->SLC,23,23,0,0.0
route,LAS->SMF,30,30,0,0.0
route,LAS->SNA,30,30,0,0.0
route,LAS->STL,22,22,0,0.0
route,LAS->TPA,8,8,0,0.0
route,LAS->TUL,6,6,0,0.0
route,LAS->TUS,10,10,0,0.0
route,LAS->TYS,2,2,0,0.0
route,LAS->XNA,2,2,0,0.0
route,LAW->DFW,7,7,0,0.0
route,LAX->ABQ,15,15,0,0.0
route,LAX->ACV,1,1,0,0.0
route,LAX->ANC,4,4,0,0.0
route,LAX->ASE,5,5,0,0.0
route,LAX->ATL,36,36,0,0.0
route,LAX->AUS,27,27,0,0.0
route,LAX->BDL,2,2,0,0.0
route,LAX->BIL,1,1,0,0.0
route,LAX->BLI,3,3,0,0.0
route,LAX->BNA,11,11,0,0.0
route,LAX->BOI,6,6,0,0.0
route,LAX->BOS,27,27,0,0.0
route,LAX->BUF,5,5,0,0.0
route,LAX->BWI,22,22,0,0.0
route,LAX->BZN,7,7,0,0.0
route,LAX->CID,1,1,0,0.0
route,LAX->CLE,10,10,0,0.0
route,LAX->CLT,12,12,0,0.0
route,LAX->CMH,4,4,0,0.0
route,LAX->COS,3,3,0,0.0
route,LAX->CVG,5,5,0,0.0
route,LAX->DAL,15,15,0,0.0
route,LAX->DCA,4,4,0,0.0
route,LAX->DEN,73,73,0,0.0
route,LAX->DFW,45,45,0,0.0
route,LAX->DTW,12,12,0,0.0
route,LAX->ELP,9,9,0,0.0
route,LAX->EUG,3,3,0,0.0
route,LAX->EWR,34,34,0,0.0
route,LAX->FAT,15,15,0,0.0
route,LAX->FCA,3,3,0,0.0
route,LAX->FLL,15,15,0,0.0
route,LAX->GEG,2,2,0,0.0
route,LAX->HNL,37,37,0,0.0
route,LAX->HOU,19,19,0,0.0
route,LAX->IAD,26,26,0,0.0
route,LAX->IAH,51,51,0,0.0
route,LAX->ICT,1,1,0,0.0
route,LAX->IND,7,7,0,0.0
route,LAX->ITO,3,3,0,0.0
route,LAX->JAC,3,3,0,0.0
route,LAX->JFK,61,61,0,0.0
route,LAX->KOA,10,10,0,0.0
route,LAX->LAS,88,88,0,0.0
route,LAX->LIH,24,24,0,0.0
route,LAX->MCI,14,14,0,0.0
route,LAX->MCO,22,22,0,0.0
route,LAX->MDW,17,17,0,0.0
route,LAX->MEM,3,3,0,0.0
route,LAX->MFR,9,9,0,0.0
route,LAX->MIA,6,6,0,0.0
route,LAX->MKE,1,1,0,0.0
route,LAX->MRY,12,12,0,0.0
route,LAX->MSN,1,1,0,0.0
route,LAX->MSO,4,4,0,0.0
route,LAX->MSP,10,10,0,0.0
route,LAX->MSY,10,10,0,0.0
route,LAX->OAK,47,47,0,0.0
route,LAX->OGG,30,30,0,0.0
route,LAX->OKC,3,3,0,0.0
route,LAX->OMA,4,4,0,0.0
route,LAX->ORD,51,51,0,0.0
route,LAX->PAE,7,7,0,0.0
route,LAX->PDX,14,14,0,0.0
route,LAX->PHL,12,12,0,0.0
route,LAX->PHX,57,57,0,0.0
route,LAX->PIT,5,5,0,0.0
route,LAX->PRC,1,1,0,0.0
route,LAX->PSC,2,2,0,0.0
route,LAX->PSP,7,7,0,0.0
route,LAX->RDD,1,1,0,0.0
route,LAX->RDM,9,9,0,0.0
route,LAX->RDU,3,3,0,0.0
route,LAX->RNO,24,24,0,0.0
route,LAX->SAN,24,24,0,0.0
route,LAX->SAT,17,17,0,0.0
route,LAX->SBA,6,6,0,0.0
route,LAX->SBP,15,15,0,0.0
route,LAX->SDF,1,1,0,0.0
route,LAX->SEA,45,45,0,0.0
route,LAX->SFO,88,88,0,0.0
route,LAX->SGF,4,4,0,0.0
route,LAX->SGU,2,2,0,0.0
route,LAX->SJC,41,41,0,0.0
route,LAX->SLC,31,31,0,0.0
route,LAX->SMF,56,56,0,0.0
route,LAX->STL,13,13,0,0.0
route,LAX->STS,6,6,0,0.0
route,LAX->SUN,1,1,0,0.0
route,LAX->TPA,7,7,0,0.0
route,LAX->TUL,2,2,0,0.0
route,LAX->TUS,22,22,0,0.0
route,LAX->XNA,1,1,0,0.0
route,LBB->AUS,5,5,0,0.0
route,LBB->DAL,16,16,0,0.0
route,LBB->DEN,7,7,0,0.0
route,LBB->DFW,6,6,0,0.0
route,LBB->IAH,8,8,0,0.0
route,LBB->LAS,7,7,0,0.0
route,LBB->PHX,1,1,0,0.0
route,LBE->FLL,4,4,0,0.0
route,LBE->MCO,5,5,0,0.0
route,LBE->MYR,1,1,0,0.0
route,LBF->DEN,2,2,0,0.0
route,LBL->DEN,1,1,0,0.0
route,LBL->PUB,1,1,0,0.0
route,LCH->DFW,7,7,0,0.0
route,LCH->IAH,5,5,0,0.0
route,LCK->AUS,3,3,0,0.0
route,LCK->FLL,1,1,0,0.0
route,LCK->JAX,1,1,0,0.0
route,LCK->MYR,2,2,0,0.0
route,LCK->PGD,3,3,0,0.0
route,LCK->PIE,1,1,0,0.0
route,LCK->SAV,3,3,0,0.0
route,LCK->SFB,3,3,0,0.0
route,LCK->SRQ,2,2,0,0.0
route,LCK->VPS,1,1,0,0.0
route,LEX->ATL,8,8,0,0.0
route,LEX->CLT,4,4,0,0.0
route,LEX->DCA,1,1,0,0.0
route,LEX->DFW,1,1,0,0.0
route,LEX->DTW,4,4,0,0.0
route,LEX->EWR,2,2,0,0.0
route,LEX->FLL,2,2,0,0.0
route,LEX->IAD,2,2,0,0.0
route,LEX->IAH,3,3,0,0.0
route,LEX->LGA,1,1,0,0.0
route,LEX->ORD,10,10,0,0.0
route,LEX->PGD,1,1,0,0.0
route,LEX->PHL,3,3,0,0.0
route,LEX->PIE,2,2,0,0.0
route,LEX->SAV,1,1,0,0.0
route,LEX->SFB,4,4,0,0.0
route,LEX->VPS,1,1,0,0.0
route,LFT->ATL,4,4,0,0.0
route,LFT->DFW,4,4,0,0.0
route,LFT->IAH,17,17,0,0.0
route,LGA->ACK,1,1,0,0.0
route,LGA->ATL,53,53,0,0.0
route,LGA->BGR,1,1,0,0.0
route,LGA->BNA,17,17,0,0.0
route,LGA->BOS,49,49,0,0.0
route,LGA->BTV,2,2,0,0.0
route,LGA->BUF,5,5,0,0.0
route,LGA->BZN,1,1,0,0.0
route,LGA->CAE,6,6,0,0.0
route,LGA->CHA,1,1,0,0.0
route,LGA->CHO,4,4,0,0.0
route,LGA->CHS,1,1,0,0.0
route,LGA->CLE,28,28,0,0.0
route,LGA->CLT,17,17,0,0.0
route,LGA->CMH,14,14,0,0.0
route,LGA->CVG,17,17,0,0.0
route,LGA->DAB,1,1,0,0.0
route,LGA->DAL,21,21,0,0.0
route,LGA->DAY,3,3,0,0.0
route,LGA->DCA,28,28,0,0.0
route,LGA->DEN,40,40,0,0.0
route,LGA->DFW,27,27,0,0.0
route,LGA->DSM,4,4,0,0.0
route,LGA->DTW,23,23,0,0.0
route,LGA->FLL,41,41,0,0.0
route,LGA->GRR,12,12,0,0.0
route,LGA->GSO,11,11,0,0.0
route,LGA->GSP,2,2,0,0.0
route,LGA->HOU,10,10,0,0.0
route,LGA->IAD,14,14,0,0.0
route,LGA->IAH,26,26,0,0.0
route,LGA->ILM,5,5,0,0.0
route,LGA->IND,10,10,0,0.0
route,LGA->JAC,1,1,0,0.0
route,LGA->JAX,4,4,0,0.0
route,LGA->LEX,2,2,0,0.0
route,LGA->MCI,6,6,0,0.0
route,LGA->MCO,20,20,0,0.0
route,LGA->MDW,16,16,0,0.0
route,LGA->MEM,7,7,0,0.0
route,LGA->MHT,3,3,0,0.0
route,LGA->MIA,21,21,0,0.0
route,LGA->MKE,13,13,0,0.0
route,LGA->MSN,2,2,0,0.0
route,LGA->MSP,15,15,0,0.0
route,LGA->MSY,3,3,0,0.0
route,LGA->MYR,10,10,0,0.0
route,LGA->OMA,3,3,0,0.0
route,LGA->ORD,81,81,0,0.0
route,LGA->ORF,11,11,0,0.0
route,LGA->PBI,17,17,0,0.0
route,LGA->PHL,4,4,0,0.0
route,LGA->PIT,19,19,0,0.0
route,LGA->PWM,8,8,0,0.0
route,LGA->RDU,27,27,0,0.0
route,LGA->RIC,8,8,0,0.0
route,LGA->ROA,3,3,0,0.0
route,LGA->ROC,4,4,0,0.0
route,LGA->RSW,3,3,0,0.0
route,LGA->SAV,1,1,0,0.0
route,LGA->SDF,5,5,0,0.0
route,LGA->SRQ,1,1,0,0.0
route,LGA->STL,18,18,0,0.0
route,LGA->SYR,2,2,0,0.0
route,LGA->TPA,11,11,0,0.0
route,LGA->TVC,2,2,0,0.0
route,LGA->TYS,10,10,0,0.0
route,LGA->XNA,3,3,0,0.0
route,LGB->AUS,2,2,0,0.0
route,LGB->BOS,3,3,0,0.0
route,LGB->DEN,4,4,0,0.0
route,LGB->HNL,3,3,0,0.0
route,LGB->JFK,4,4,0,0.0
route,LGB->LAS,22,22,0,0.0
route,LGB->OAK,22,22,0,0.0
route,LGB->PDX,4,4,0,0.0
route,LGB->PHX,3,3,0,0.0
route,LGB->RNO,3,3,0,0.0
route,LGB->SEA,7,7,0,0.0
route,LGB->SFO,12,12,0,0.0
route,LGB->SJC,15,15,0,0.0
route,LGB->SLC,16,16,0,0.0
route,LGB->SMF,14,14,0,0.0
route,LIH->DEN,4,4,0,0.0
route,LIH->HNL,56,56,0,0.0
route,LIH->KOA,5,5,0,0.0
route,LIH->LAX,16,16,0,0.0
route,LIH->OAK,4,4,0,0.0
route,LIH->OGG,15,15,0,0.0
route,LIH->PHX,2,2,0,0.0
route,LIH->SEA,3,3,0,0.0
route,LIH->SFO,4,4,0,0.0
route,LIH->SJC,2,2,0,0.0
route,LIT->ATL,5,5,0,0.0
route,LIT->CLT,7,7,0,0.0
route,LIT->DAL,8,8,0,0.0
route,LIT->DCA,1,1,0,0.0
route,LIT->DEN,11,11,0,0.0
route,LIT->DFW,6,6,0,0.0
route,LIT->DTW,2,2,0,0.0
route,LIT->IAH,21,21,0,0.0
route,LIT->LAS,4,4,0,0.0
route,LIT->LAX,2,2,0,0.0
route,LIT->ORD,14,14,0,0.0
route,LIT->PHX,8,8,0,0.0
route,LIT->SFB,1,1,0,0.0
route,LIT->STL,11,11,0,0.0
route,LIT->VPS,2,2,0,0.0
route,LNK->ATL,1,1,0,0.0
route,LNK->DEN,9,9,0,0.0
route,LNK->MSP,1,1,0,0.0
route,LNK->ORD,14,14,0,0.0
route,LNY->HNL,8,8,0,0.0
route,LRD->DFW,6,6,0,0.0
route,LRD->IAH,13,13,0,0.0
route,LSE->DTW,1,1,0,0.0
route,LSE->MSP,3,3,0,0.0
route,LSE->ORD,10,10,0,0.0
route,LWB->IAD,1,1,0,0.0
route,LWB->ORD,3,3,0,0.0
route,LWB->SHD,1,1,0,0.0
route,LWS->SLC,9,9,0,0.0
route,LYH->CLT,6,6,0,0.0
route,MAF->DAL,16,16,0,0.0
route,MAF->DEN,8,8,0,0.0
route,MAF->DFW,12,12,0,0.0
route,MAF->HOU,10,10,0,0.0
route,MAF->IAH,17,17,0,0.0
route,MAF->LAS,6,6,0,0.0
route,MAF->PHX,2,2,0,0.0
route,MBS->DTW,6,6,0,0.0
route,MBS->MSP,2,2,0,0.0
route,MBS->ORD,5,5,0,0.0
route,MCI->ABQ,5,5,0,0.0
route,MCI->ATL,26,26,0,0.0
route,MCI->AUS,1,1,0,0.0
route,MCI->BNA,6,6,0,0.0
route,MCI->BOS,2,2,0,0.0
route,MCI->BWI,12,12,0,0.0
route,MCI->CLT,5,5,0,0.0
route,MCI->CVG,4,4,0,0.0
route,MCI->DAL,19,19,0,0.0
route,MCI->DCA,9,9,0,0.0
route,MCI->DEN,41,41,0,0.0
route,MCI->DFW,11,11,0,0.0
route,MCI->DTW,11,11,0,0.0
route,MCI->EWR,10,10,0,0.0
route,MCI->FLL,8,8,0,0.0
route,MCI->HOU,12,12,0,0.0
route,MCI->IAD,9,9,0,0.0
route,MCI->IAH,10,10,0,0.0
route,MCI->IND,4,4,0,0.0
route,MCI->LAS,16,16,0,0.0
route,MCI->LAX,18,18,0,0.0
route,MCI->LGA,16,16,0,0.0
route,MCI->MCO,12,12,0,0.0
route,MCI->MDW,21,21,0,0.0
route,MCI->MIA,2,2,0,0.0
route,MCI->MKE,2,2,0,0.0
route,MCI->MSP,12,12,0,0.0
route,MCI->OAK,4,4,0,0.0
route,MCI->ORD,27,27,0,0.0
route,MCI->PDX,2,2,0,0.0
route,MCI->PGD,1,1,0,0.0
route,MCI->PHL,6,6,0,0.0
route,MCI->PHX,10,10,0,0.0
route,MCI->PNS,3,3,0,0.0
route,MCI->RDU,5,5,0,0.0
route,MCI->RSW,2,2,0,0.0
route,MCI->SAN,8,8,0,0.0
route,MCI->SAT,5,5,0,0.0
route,MCI->SEA,6,6,0,0.0
route,MCI->SFB,1,1,0,0.0
route,MCI->SFO,7,7,0,0.0
route,MCI->SLC,5,5,0,0.0
route,MCI->STL,16,16,0,0.0
route,MCI->TPA,7,7,0,0.0
route,MCI->VPS,1,1,0,0.0
route,MCO->ABQ,5,5,0,0.0
route,MCO->ACY,8,8,0,0.0
route,MCO->ALB,13,13,0,0.0
route,MCO->ATL,64,64,0,0.0
route,MCO->AUS,12,12,0,0.0
route,MCO->AVL,1,1,0,0.0
route,MCO->BDL,19,19,0,0.0
route,MCO->BHM,13,13,0,0.0
route,MCO->BNA,22,22,0,0.0
route,MCO->BOS,24,24,0,0.0
route,MCO->BQN,11,11,0,0.0
route,MCO->BUF,12,12,0,0.0
route,MCO->BWI,34,34,0,0.0
route,MCO->CAK,5,5,0,0.0
route,MCO->CLE,16,16,0,0.0
route,MCO->CLT,20,20,0,0.0
route,MCO->CMH,17,17,0,0.0
route,MCO->COS,1,1,0,0.0
route,MCO->CVG,8,8,0,0.0
route,MCO->DAL,10,10,0,0.0
route,MCO->DCA,29,29,0,0.0
route,MCO->DEN,35,35,0,0.0
route,MCO->DFW,13,13,0,0.0
route,MCO->DTW,23,23,0,0.0
route,MCO->EWR,67,67,0,0.0
route,MCO->FLL,21,21,0,0.0
route,MCO->GRR,2,2,0,0.0
route,MCO->GSO,1,1,0,0.0
route,MCO->HOU,23,23,0,0.0
route,MCO->HPN,19,19,0,0.0
route,MCO->IAD,19,19,0,0.0
route,MCO->IAH,23,23,0,0.0
route,MCO->IND,9,9,0,0.0
route,MCO->ISP,8,8,0,0.0
route,MCO->JFK,31,31,0,0.0
route,MCO->LAS,11,11,0,0.0
route,MCO->LAX,15,15,0,0.0
route,MCO->LBE,4,4,0,0.0
route,MCO->LGA,24,24,0,0.0
route,MCO->MCI,18,18,0,0.0
route,MCO->MDW,27,27,0,0.0
route,MCO->MEM,4,4,0,0.0
route,MCO->MHT,6,6,0,0.0
route,MCO->MIA,3,3,0,0.0
route,MCO->MKE,14,14,0,0.0
route,MCO->MSP,11,11,0,0.0
route,MCO->MSY,25,25,0,0.0
route,MCO->MYR,1,1,0,0.0
route,MCO->OKC,1,1,0,0.0
route,MCO->ONT,1,1,0,0.0
route,MCO->ORD,44,44,0,0.0
route,MCO->ORF,5,5,0,0.0
route,MCO->ORH,3,3,0,0.0
route,MCO->PHL,50,50,0,0.0
route,MCO->PHX,11,11,0,0.0
route,MCO->PIT,18,18,0,0.0
route,MCO->PSE,4,4,0,0.0
route,MCO->PVD,25,25,0,0.0
route,MCO->RDU,16,16,0,0.0
route,MCO->RIC,9,9,0,0.0
route,MCO->ROC,5,5,0,0.0
route,MCO->SAN,3,3,0,0.0
route,MCO->SAT,10,10,0,0.0
route,MCO->SDF,3,3,0,0.0
route,MCO->SEA,6,6,0,0.0
route,MCO->SFO,12,12,0,0.0
route,MCO->SJC,5,5,0,0.0
route,MCO->SJU,54,54,0,0.0
route,MCO->SLC,13,13,0,0.0
route,MCO->SMF,4,4,0,0.0
route,MCO->STL,17,17,0,0.0
route,MCO->SWF,2,2,0,0.0
route,MCO->SYR,4,4,0,0.0
route,MCO->TTN,1,1,0,0.0
route,MCO->TUL,1,1,0,0.0
route,MDT->ATL,5,5,0,0.0
route,MDT->BNA,1,1,0,0.0
route,MDT->BOS,2,2,0,0.0
route,MDT->CLT,7,7,0,0.0
route,MDT->DEN,1,1,0,0.0
route,MDT->DFW,2,2,0,0.0
route,MDT->DTW,8,8,0,0.0
route,MDT->IAD,6,6,0,0.0
route,MDT->MYR,1,1,0,0.0
route,MDT->ORD,20,20,0,0.0
route,MDT->PGD,2,2,0,0.0
route,MDT->PHL,9,9,0,0.0
route,MDT->SFB,2,2,0,0.0
route,MDW->ABQ,5,5,0,0.0
route,MDW->ALB,12,12,0,0.0
route,MDW->ATL,31,31,0,0.0
route,MDW->AUS,5,5,0,0.0
route,MDW->BDL,12,12,0,0.0
route,MDW->BHM,8,8,0,0.0
route,MDW->BNA,16,16,0,0.0
route,MDW->BOS,15,15,0,0.0
route,MDW->BUF,19,19,0,0.0
route,MDW->BUR,4,4,0,0.0
route,MDW->BWI,25,25,0,0.0
route,MDW->CHS,5,5,0,0.0
route,MDW->CLE,16,16,0,0.0
route,MDW->CLT,10,10,0,0.0
route,MDW->CMH,18,18,0,0.0
route,MDW->CVG,16,16,0,0.0
route,MDW->DAL,21,21,0,0.0
route,MDW->DCA,25,25,0,0.0
route,MDW->DEN,24,24,0,0.0
route,MDW->DTW,17,17,0,0.0
route,MDW->EWR,18,18,0,0.0
route,MDW->FLL,16,16,0,0.0
route,MDW->FNT,2,2,0,0.0
route,MDW->GEG,1,1,0,0.0
route,MDW->GRR,7,7,0,0.0
route,MDW->HOU,20,20,0,0.0
route,MDW->IND,9,9,0,0.0
route,MDW->JAX,4,4,0,0.0
route,MDW->LAS,20,20,0,0.0
route,MDW->LAX,17,17,0,0.0
route,MDW->LGA,22,22,0,0.0
route,MDW->MCI,29,29,0,0.0
route,MDW->MCO,28,28,0,0.0
route,MDW->MEM,4,4,0,0.0
route,MDW->MHT,11,11,0,0.0
route,MDW->MSP,29,29,0,0.0
route,MDW->MSY,8,8,0,0.0
route,MDW->OAK,12,12,0,0.0
route,MDW->OKC,2,2,0,0.0
route,MDW->OMA,24,24,0,0.0
route,MDW->ONT,1,1,0,0.0
route,MDW->ORF,1,1,0,0.0
route,MDW->PDX,3,3,0,0.0
route,MDW->PHL,14,14,0,0.0
route,MDW->PHX,23,23,0,0.0
route,MDW->PIT,10,10,0,0.0
route,MDW->PNS,1,1,0,0.0
route,MDW->PVD,10,10,0,0.0
route,MDW->PWM,1,1,0,0.0
route,MDW->RDU,10,10,0,0.0
route,MDW->RNO,1,1,0,0.0
route,MDW->RSW,12,12,0,0.0
route,MDW->SAN,16,16,0,0.0
route,MDW->SAT,5,5,0,0.0
route,MDW->SDF,15,15,0,0.0
route,MDW->SEA,13,13,0,0.0
route,MDW->SFO,5,5,0,0.0
route,MDW->SJC,6,6,0,0.0
route,MDW->SJU,3,3,0,0.0
route,MDW->SLC,6,6,0,0.0
route,MDW->SMF,7,7,0,0.0
route,MDW->SNA,1,1,0,0.0
route,MDW->STL,26,26,0,0.0
route,MDW->TPA,24,24,0,0.0
route,MDW->TUS,3,3,0,0.0
route,MEI->DFW,1,1,0,0.0
route,MEM->ATL,11,11,0,0.0
route,MEM->AZA,1,1,0,0.0
route,MEM->BWI,6,6,0,0.0
route,MEM->CLT,8,8,0,0.0
route,MEM->DAL,3,3,0,0.0
route,MEM->DCA,5,5,0,0.0
route,MEM->DEN,7,7,0,0.0
route,MEM->DFW,15,15,0,0.0
route,MEM->DTW,1,1,0,0.0
route,MEM->EWR,13,13,0,0.0
route,MEM->FLL,1,1,0,0.0
route,MEM->HOU,3,3,0,0.0
route,MEM->IAH,13,13,0,0.0
route,MEM->LAS,4,4,0,0.0
route,MEM->LAX,3,3,0,0.0
route,MEM->LGA,7,7,0,0.0
route,MEM->MCO,3,3,0,0.0
route,MEM->MDW,5,5,0,0.0
route,MEM->MIA,1,1,0,0.0
route,MEM->MSP,4,4,0,0.0
route,MEM->OAK,1,1,0,0.0
route,MEM->ORD,14,14,0,0.0
route,MEM->PHL,1,1,0,0.0
route,MEM->PHX,4,4,0,0.0
route,MEM->PIE,4,4,0,0.0
route,MEM->SFB,3,3,0,0.0
route,MEM->TPA,5,5,0,0.0
route,MEM->VPS,1,1,0,0.0
route,MFE->DFW,15,15,0,0.0
route,MFE->IAH,19,19,0,0.0
route,MFE->LAS,4,4,0,0.0
route,MFE->LAX,1,1,0,0.0
route,MFE->SFB,3,3,0,0.0
route,MFR->AZA,1,1,0,0.0
route,MFR->DEN,14,14,0,0.0
route,MFR->LAS,1,1,0,0.0
route,MFR->LAX,5,5,0,0.0
route,MFR->PDX,11,11,0,0.0
route,MFR->SEA,13,13,0,0.0
route,MFR->SFO,15,15,0,0.0
route,MFR->SLC,3,3,0,0.0
route,MGM->ATL,11,11,0,0.0
route,MGM->CLT,8,8,0,0.0
route,MGM->DFW,5,5,0,0.0
route,MHK->DFW,2,2,0,0.0
route,MHK->ORD,5,5,0,0.0
route,MHT->ATL,1,1,0,0.0
route,MHT->BWI,15,15,0,0.0
route,MHT->CLT,3,3,0,0.0
route,MHT->DCA,3,3,0,0.0
route,MHT->DTW,4,4,0,0.0
route,MHT->EWR,2,2,0,0.0
route,MHT->LGA,2,2,0,0.0
route,MHT->MCO,6,6,0,0.0
route,MHT->MDW,6,6,0,0.0
route,MHT->ORD,3,3,0,0.0
route,MHT->PHL,10,10,0,0.0
route,MHT->TPA,2,2,0,0.0
route,MIA->ATL,32,32,0,0.0
route,MIA->AUS,5,5,0,0.0
route,MIA->BHM,3,3,0,0.0
route,MIA->BNA,3,3,0,0.0
route,MIA->BOS,11,11,0,0.0
route,MIA->BWI,1,1,0,0.0
route,MIA->CHS,1,1,0,0.0
route,MIA->CLE,3,3,0,0.0
route,MIA->CLT,10,10,0,0.0
route,MIA->CMH,9,9,0,0.0
route,MIA->DCA,11,11,0,0.0
route,MIA->DEN,8,8,0,0.0
route,MIA->DFW,12,12,0,0.0
route,MIA->DTW,6,6,0,0.0
route,MIA->EWR,15,15,0,0.0
route,MIA->EYW,4,4,0,0.0
route,MIA->GNV,1,1,0,0.0
route,MIA->GSO,3,3,0,0.0
route,MIA->GSP,4,4,0,0.0
route,MIA->IAH,28,28,0,0.0
route,MIA->IND,2,2,0,0.0
route,MIA->JAX,6,6,0,0.0
route,MIA->JFK,11,11,0,0.0
route,MIA->LAS,5,5,0,0.0
route,MIA->LAX,10,10,0,0.0
route,MIA->LGA,19,19,0,0.0
route,MIA->MCI,4,4,0,0.0
route,MIA->MCO,11,11,0,0.0
route,MIA->MEM,3,3,0,0.0
route,MIA->MSP,5,5,0,0.0
route,MIA->MSY,9,9,0,0.0
route,MIA->ORD,23,23,0,0.0
route,MIA->ORF,8,8,0,0.0
route,MIA->PHL,18,18,0,0.0
route,MIA->PHX,3,3,0,0.0
route,MIA->PIT,5,5,0,0.0
route,MIA->PNS,3,3,0,0.0
route,MIA->RDU,3,3,0,0.0
route,MIA->RIC,1,1,0,0.0
route,MIA->SAN,3,3,0,0.0
route,MIA->SAT,2,2,0,0.0
route,MIA->SAV,6,6,0,0.0
route,MIA->SDF,3,3,0,0.0
route,MIA->SFO,9,9,0,0.0
route,MIA->SJU,14,14,0,0.0
route,MIA->STT,2,2,0,0.0
route,MIA->STX,2,2,0,0.0
route,MIA->TLH,4,4,0,0.0
route,MIA->TPA,7,7,0,0.0
route,MIA->TYS,2,2,0,0.0
route,MKE->ATL,21,21,0,0.0
route,MKE->BNA,7,7,0,0.0
route,MKE->BOS,10,10,0,0.0
route,MKE->BWI,12,12,0,0.0
route,MKE->CLE,2,2,0,0.0
route,MKE->CLT,6,6,0,0.0
route,MKE->DCA,5,5,0,0.0
route,MKE->DEN,11,11,0,0.0
route,MKE->DFW,4,4,0,0.0
route,MKE->DTW,4,4,0,0.0
route,MKE->EWR,12,12,0,0.0
route,MKE->HOU,1,1,0,0.0
route,MKE->IAH,3,3,0,0.0
route,MKE->LAS,16,16,0,0.0
route,MKE->LAX,3,3,0,0.0
route,MKE->LGA,13,13,0,0.0
route,MKE->MCI,6,6,0,0.0
route,MKE->MCO,13,13,0,0.0
route,MKE->MSP,2,2,0,0.0
route,MKE->ORD,28,28,0,0.0
route,MKE->PHL,6,6,0,0.0
route,MKE->PHX,9,9,0,0.0
route,MKE->PIE,3,3,0,0.0
route,MKE->SAN,2,2,0,0.0
route,MKE->SEA,2,2,0,0.0
route,MKE->SFO,2,2,0,0.0
route,MKE->SLC,1,1,0,0.0
route,MKE->STL,8,8,0,0.0
route,MKE->TPA,1,1,0,0.0
route,MKG->ORD,8,8,0,0.0
route,MKK->HNL,11,11,0,0.0
route,MLB->ATL,5,5,0,0.0
route,MLB->CLT,1,1,0,0.0
route,MLB->DCA,2,2,0,0.0
route,MLI->ATL,2,2,0,0.0
route,MLI->AZA,1,1,0,0.0
route,MLI->DEN,6,6,0,0.0
route,MLI->DFW,3,3,0,0.0
route,MLI->DTW,4,4,0,0.0
route,MLI->ORD,18,18,0,0.0
route,MLU->ATL,6,6,0,0.0
route,MLU->DFW,1,1,0,0.0
route,MLU->IAH,9,9,0,0.0
route,MOB->ATL,8,8,0,0.0
route,MOB->CLT,2,2,0,0.0
route,MOB->DFW,3,3,0,0.0
route,MOB->IAH,14,14,0,0.0
route,MOB->ORD,1,1,0,0.0
route,MOT->DEN,6,6,0,0.0
route,MOT->LAS,1,1,0,0.0
route,MOT->MSP,7,7,0,0.0
route,MQT->DTW,2,2,0,0.0
route,MQT->MSP,1,1,0,0.0
route,MQT->ORD,2,2,0,0.0
route,MRY->DEN,5,5,0,0.0
route,MRY->DFW,2,2,0,0.0
route,MRY->LAS,1,1,0,0.0
route,MRY->LAX,11,11,0,0.0
route,MRY->PHX,3,3,0,0.0
route,MRY->SAN,2,2,0,0.0
route,MRY->SFO,3,3,0,0.0
route,MSN->ATL,4,4,0,0.0
route,MSN->CLT,1,1,0,0.0
route,MSN->DEN,5,5,0,0.0
route,MSN->DFW,5,5,0,0.0
route,MSN->DTW,5,5,0,0.0
route,MSN->EWR,2,2,0,0.0
route,MSN->LAS,2,2,0,0.0
route,MSN->LGA,4,4,0,0.0
route,MSN->MSP,3,3,0,0.0
route,MSN->ORD,28,28,0,0.0
route,MSN->PHL,4,4,0,0.0
route,MSN->SFO,2,2,0,0.0
route,MSO->AZA,1,1,0,0.0
route,MSO->DEN,9,9,0,0.0
route,MSO->DFW,1,1,0,0.0
route,MSO->LAX,3,3,0,0.0
route,MSO->MSP,3,3,0,0.0
route,MSO->OAK,1,1,0,0.0
route,MSO->ORD,8,8,0,0.0
route,MSO->PDX,1,1,0,0.0
route,MSO->SEA,2,2,0,0.0
route,MSO->SFO,1,1,0,0.0
route,MSO->SLC,5,5,0,0.0
route,MSP->ABQ,4,4,0,0.0
route,MSP->ABR,4,4,0,0.0
route,MSP->ALB,2,2,0,0.0
route,MSP->ANC,4,4,0,0.0
route,MSP->ATL,26,26,0,0.0
route,MSP->ATW,5,5,0,0.0
route,MSP->AUS,4,4,0,0.0
route,MSP->BDL,10,10,0,0.0
route,MSP->BIL,7,7,0,0.0
route,MSP->BIS,10,10,0,0.0
route,MSP->BJI,1,1,0,0.0
route,MSP->BNA,2,2,0,0.0
route,MSP->BOI,2,2,0,0.0
route,MSP->BOS,20,20,0,0.0
route,MSP->BUF,3,3,0,0.0
route,MSP->BWI,11,11,0,0.0
route,MSP->BZN,5,5,0,0.0
route,MSP->CID,3,3,0,0.0
route,MSP->CIU,1,1,0,0.0
route,MSP->CLE,9,9,0,0.0
route,MSP->CLT,15,15,0,0.0
route,MSP->CMH,4,4,0,0.0
route,MSP->COS,1,1,0,0.0
route,MSP->CVG,10,10,0,0.0
route,MSP->CWA,2,2,0,0.0
route,MSP->DAL,5,5,0,0.0
route,MSP->DAY,7,7,0,0.0
route,MSP->DCA,15,15,0,0.0
route,MSP->DEN,62,62,0,0.0
route,MSP->DFW,22,22,0,0.0
route,MSP->DLH,8,8,0,0.0
route,MSP->DSM,9,9,0,0.0
route,MSP->DTW,16,16,0,0.0
route,MSP->EWR,23,23,0,0.0
route,MSP->FAI,1,1,0,0.0
route,MSP->FAR,7,7,0,0.0
route,MSP->FLL,1,1,0,0.0
route,MSP->FSD,6,6,0,0.0
route,MSP->FWA,1,1,0,0.0
route,MSP->GEG,3,3,0,0.0
route,MSP->GFK,8,8,0,0.0
route,MSP->GRB,1,1,0,0.0
route,MSP->GRR,10,10,0,0.0
route,MSP->HIB,1,1,0,0.0
route,MSP->HLN,4,4,0,0.0
route,MSP->HNL,2,2,0,0.0
route,MSP->IAD,7,7,0,0.0
route,MSP->IAH,24,24,0,0.0
route,MSP->ICT,4,4,0,0.0
route,MSP->IND,4,4,0,0.0
route,MSP->INL,1,1,0,0.0
route,MSP->ISN,6,6,0,0.0
route,MSP->JFK,4,4,0,0.0
route,MSP->LAN,2,2,0,0.0
route,MSP->LAS,12,12,0,0.0
route,MSP->LAX,14,14,0,0.0
route,MSP->LEX,2,2,0,0.0
route,MSP->LGA,15,15,0,0.0
route,MSP->LNK,2,2,0,0.0
route,MSP->LSE,5,5,0,0.0
route,MSP->MBS,2,2,0,0.0
route,MSP->MCI,12,12,0,0.0
route,MSP->MCO,10,10,0,0.0
route,MSP->MDW,29,29,0,0.0
route,MSP->MEM,4,4,0,0.0
route,MSP->MIA,5,5,0,0.0
route,MSP->MKE,9,9,0,0.0
route,MSP->MLI,4,4,0,0.0
route,MSP->MOT,10,10,0,0.0
route,MSP->MQT,2,2,0,0.0
route,MSP->MSN,2,2,0,0.0
route,MSP->MSY,2,2,0,0.0
route,MSP->MYR,2,2,0,0.0
route,MSP->OKC,2,2,0,0.0
route,MSP->OMA,8,8,0,0.0
route,MSP->ORD,36,36,0,0.0
route,MSP->PDX,9,9,0,0.0
route,MSP->PHL,14,14,0,0.0
route,MSP->PHX,9,9,0,0.0
route,MSP->PIA,4,4,0,0.0
route,MSP->PIT,8,8,0,0.0
route,MSP->PSC,6,6,0,0.0
route,MSP->RAP,1,1,0,0.0
route,MSP->RDU,5,5,0,0.0
route,MSP->RHI,3,3,0,0.0
route,MSP->RIC,2,2,0,0.0
route,MSP->RST,3,3,0,0.0
route,MSP->RSW,2,2,0,0.0
route,MSP->SAN,6,6,0,0.0
route,MSP->SAT,6,6,0,0.0
route,MSP->SBN,3,3,0,0.0
route,MSP->SDF,7,7,0,0.0
route,MSP->SEA,21,21,0,0.0
route,MSP->SFO,2,2,0,0.0
route,MSP->SJC,5,5,0,0.0
route,MSP->SLC,9,9,0,0.0
route,MSP->SMF,3,3,0,0.0
route,MSP->SNA,3,3,0,0.0
route,MSP->STL,14,14,0,0.0
route,MSP->TPA,2,2,0,0.0
route,MSP->TTN,2,2,0,0.0
route,MSP->TUL,4,4,0,0.0
route,MSP->TVC,5,5,0,0.0
route,MSP->TYS,1,1,0,0.0
route,MSP->XNA,1,1,0,0.0
route,MSY->ATL,18,18,0,0.0
route,MSY->AUS,5,5,0,0.0
route,MSY->BNA,10,10,0,0.0
route,MSY->BOS,3,3,0,0.0
route,MSY->BWI,10,10,0,0.0
route,MSY->CLE,3,3,0,0.0
route,MSY->CLT,11,11,0,0.0
route,MSY->CMH,2,2,0,0.0
route,MSY->CVG,2,2,0,0.0
route,MSY->DAL,24,24,0,0.0
route,MSY->DCA,9,9,0,0.0
route,MSY->DEN,26,26,0,0.0
route,MSY->DFW,14,14,0,0.0
route,MSY->DTW,9,9,0,0.0
route,MSY->EWR,11,11,0,0.0
route,MSY->FLL,14,14,0,0.0
route,MSY->HOU,25,25,0,0.0
route,MSY->IAD,5,5,0,0.0
route,MSY->IAH,22,22,0,0.0
route,MSY->IND,1,1,0,0.0
route,MSY->JFK,9,9,0,0.0
route,MSY->LAS,7,7,0,0.0
route,MSY->LAX,10,10,0,0.0
route,MSY->LGA,7,7,0,0.0
route,MSY->MCI,1,1,0,0.0
route,MSY->MCO,18,18,0,0.0
route,MSY->MDW,15,15,0,0.0
route,MSY->MIA,6,6,0,0.0
route,MSY->OAK,2,2,0,0.0
route,MSY->ORD,13,13,0,0.0
route,MSY->PHL,4,4,0,0.0
route,MSY->PHX,5,5,0,0.0
route,MSY->RDU,5,5,0,0.0
route,MSY->SAN,3,3,0,0.0
route,MSY->SAT,4,4,0,0.0
route,MSY->SEA,2,2,0,0.0
route,MSY->SFO,4,4,0,0.0
route,MSY->SJC,1,1,0,0.0
route,MSY->SLC,1,1,0,0.0
route,MSY->STL,6,6,0,0.0
route,MSY->TPA,9,9,0,0.0
route,MSY->USA,1,1,0,0.0
route,MTJ->DEN,11,11,0,0.0
route,MTJ->DFW,2,2,0,0.0
route,MTJ->IAH,3,3,0,0.0
route,MTJ->ORD,4,4,0,0.0
route,MVY->DCA,1,1,0,0.0
route,MVY->JFK,1,1,0,0.0
route,MVY->LGA,2,2,0,0.0
route,MYR->ABE,1,1,0,0.0
route,MYR->ACY,3,3,0,0.0
route,MYR->ATL,4,4,0,0.0
route,MYR->BDL,2,2,0,0.0
route,MYR->BOS,1,1,0,0.0
route,MYR->BWI,6,6,0,0.0
route,MYR->CLE,4,4,0,0.0
route,MYR->CLT,5,5,0,0.0
route,MYR->CMH,3,3,0,0.0
route,MYR->CRW,1,1,0,0.0
route,MYR->DCA,3,3,0,0.0
route,MYR->DEN,3,3,0,0.0
route,MYR->DFW,3,3,0,0.0
route,MYR->DTW,4,4,0,0.0
route,MYR->EWR,11,11,0,0.0
route,MYR->FLL,5,5,0,0.0
route,MYR->FWA,1,1,0,0.0
route,MYR->HGR,1,1,0,0.0
route,MYR->HTS,3,3,0,0.0
route,MYR->IAG,2,2,0,0.0
route,MYR->IAH,1,1,0,0.0
route,MYR->IND,1,1,0,0.0
route,MYR->ISP,1,1,0,0.0
route,MYR->LBE,1,1,0,0.0
route,MYR->LCK,3,3,0,0.0
route,MYR->LEX,1,1,0,0.0
route,MYR->LGA,5,5,0,0.0
route,MYR->MDT,1,1,0,0.0
route,MYR->MSP,1,1,0,0.0
route,MYR->ORD,6,6,0,0.0
route,MYR->PHL,8,8,0,0.0
route,MYR->PIT,4,4,0,0.0
route,MYR->PSM,1,1,0,0.0
route,MYR->PVD,1,1,0,0.0
route,MYR->SWF,1,1,0,0.0
route,MYR->TTN,1,1,0,0.0
route,OAJ->ATL,2,2,0,0.0
route,OAJ->CLT,4,4,0,0.0
route,OAK->ABQ,14,14,0,0.0
route,OAK->ATL,3,3,0,0.0
route,OAK->AUS,4,4,0,0.0
route,OAK->AZA,1,1,0,0.0
route,OAK->BLI,3,3,0,0.0
route,OAK->BNA,2,2,0,0.0
route,OAK->BOI,2,2,0,0.0
route,OAK->BUR,45,45,0,0.0
route,OAK->BWI,7,7,0,0.0
route,OAK->CMH,5,5,0,0.0
route,OAK->DAL,7,7,0,0.0
route,OAK->DEN,11,11,0,0.0
route,OAK->DFW,2,2,0,0.0
route,OAK->DTW,3,3,0,0.0
route,OAK->EUG,1,1,0,0.0
route,OAK->EWR,2,2,0,0.0
route,OAK->GEG,6,6,0,0.0
route,OAK->HNL,7,7,0,0.0
route,OAK->HOU,8,8,0,0.0
route,OAK->IAH,2,2,0,0.0
route,OAK->IND,1,1,0,0.0
route,OAK->JFK,3,3,0,0.0
route,OAK->LAS,44,44,0,0.0
route,OAK->LAX,52,52,0,0.0
route,OAK->LGB,28,28,0,0.0
route,OAK->LIH,1,1,0,0.0
route,OAK->MCI,3,3,0,0.0
route,OAK->MCO,2,2,0,0.0
route,OAK->MDW,8,8,0,0.0
route,OAK->MEM,1,1,0,0.0
route,OAK->MSO,4,4,0,0.0
route,OAK->MSY,1,1,0,0.0
route,OAK->OGG,8,8,0,0.0
route,OAK->ONT,22,22,0,0.0
route,OAK->ORD,2,2,0,0.0
route,OAK->PDX,22,22,0,0.0
route,OAK->PHX,27,27,0,0.0
route,OAK->RNO,9,9,0,0.0
route,OAK->SAN,46,46,0,0.0
route,OAK->SAT,1,1,0,0.0
route,OAK->SEA,25,25,0,0.0
route,OAK->SLC,18,18,0,0.0
route,OAK->SNA,29,29,0,0.0
route,OAK->STL,7,7,0,0.0
route,OGD->AZA,1,1,0,0.0
route,OGG->DEN,3,3,0,0.0
route,OGG->DFW,3,3,0,0.0
route,OGG->HNL,95,95,0,0.0
route,OGG->ITO,6,6,0,0.0
route,OGG->KOA,9,9,0,0.0
route,OGG->LAX,22,22,0,0.0
route,OGG->LIH,15,15,0,0.0
route,OGG->OAK,8,8,0,0.0
route,OGG->ORD,1,1,0,0.0
route,OGG->PDX,4,4,0,0.0
route,OGG->PHX,3,3,0,0.0
route,OGG->SAN,5,5,0,0.0
route,OGG->SEA,7,7,0,0.0
route,OGG->SFO,22,22,0,0.0
route,OGG->SJC,7,7,0,0.0
route,OGG->SMF,5,5,0,0.0
route,OGS->IAD,1,1,0,0.0
route,OGS->ORD,1,1,0,0.0
route,OKC->ATL,5,5,0,0.0
route,OKC->BWI,1,1,0,0.0
route,OKC->CLT,2,2,0,0.0
route,OKC->DAL,6,6,0,0.0
route,OKC->DCA,1,1,0,0.0
route,OKC->DEN,21,21,0,0.0
route,OKC->DFW,14,14,0,0.0
route,OKC->DTW,2,2,0,0.0
route,OKC->EWR,4,4,0,0.0
route,OKC->HOU,23,23,0,0.0
route,OKC->IAD,6,6,0,0.0
route,OKC->IAH,19,19,0,0.0
route,OKC->LAS,2,2,0,0.0
route,OKC->LAX,5,5,0,0.0
route,OKC->MCO,1,1,0,0.0
route,OKC->MDW,5,5,0,0.0
route,OKC->MSP,5,5,0,0.0
route,OKC->ORD,21,21,0,0.0
route,OKC->PHL,1,1,0,0.0
route,OKC->PHX,7,7,0,0.0
route,OKC->SEA,2,2,0,0.0
route,OKC->SFB,2,2,0,0.0
route,OKC->SFO,6,6,0,0.0
route,OKC->SLC,4,4,0,0.0
route,OKC->STL,8,8,0,0.0
route,OKC->VPS,1,1,0,0.0
route,OMA->ATL,8,8,0,0.0
route,OMA->AZA,1,1,0,0.0
route,OMA->CLT,5,5,0,0.0
route,OMA->DAL,2,2,0,0.0
route,OMA->DCA,5,5,0,0.0
route,OMA->DEN,34,34,0,0.0
route,OMA->DFW,4,4,0,0.0
route,OMA->DTW,3,3,0,0.0
route,OMA->EWR,7,7,0,0.0
route,OMA->HOU,7,7,0,0.0
route,OMA->IAH,5,5,0,0.0
route,OMA->LAS,11,11,0,0.0
route,OMA->LAX,2,2,0,0.0
route,OMA->LGA,5,5,0,0.0
route,OMA->MCO,3,3,0,0.0
route,OMA->MDW,20,20,0,0.0
route,OMA->MSP,3,3,0,0.0
route,OMA->ORD,24,24,0,0.0
route,OMA->PHL,3,3,0,0.0
route,OMA->PHX,9,9,0,0.0
route,OMA->PIE,3,3,0,0.0
route,OMA->SAN,1,1,0,0.0
route,OMA->SEA,2,2,0,0.0
route,OMA->SFB,2,2,0,0.0
route,OMA->SFO,4,4,0,0.0
route,OMA->SLC,3,3,0,0.0
route,OMA->STL,9,9,0,0.0
route,OME->ANC,3,3,0,0.0
route,ONT->ATL,4,4,0,0.0
route,ONT->AUS,2,2,0,0.0
route,ONT->DAL,5,5,0,0.0
route,ONT->DEN,14,14,0,0.0
route,ONT->DFW,9,9,0,0.0
route,ONT->IAH,1,1,0,0.0
route,ONT->JFK,2,2,0,0.0
route,ONT->LAS,14,14,0,0.0
route,ONT->MCO,2,2,0,0.0
route,ONT->MDW,3,3,0,0.0
route,ONT->OAK,24,24,0,0.0
route,ONT->PDX,10,10,0,0.0
route,ONT->PHX,25,25,0,0.0
route,ONT->SEA,6,6,0,0.0
route,ONT->SFO,16,16,0,0.0
route,ONT->SJC,13,13,0,0.0
route,ONT->SLC,4,4,0,0.0
route,ONT->SMF,16,16,0,0.0
route,ORD->ABE,12,12,0,0.0
route,ORD->ABQ,5,5,0,0.0
route,ORD->ALB,19,19,0,0.0
route,ORD->ALO,5,5,0,0.0
route,ORD->ANC,7,7,0,0.0
route,ORD->ASE,4,4,0,0.0
route,ORD->ATL,45,45,0,0.0
route,ORD->ATW,17,17,0,0.0
route,ORD->AUS,23,23,0,0.0
route,ORD->AVL,10,10,0,0.0
route,ORD->AVP,8,8,0,0.0
route,ORD->AZO,5,5,0,0.0
route,ORD->BDL,15,15,0,0.0
route,ORD->BFM,1,1,0,0.0
route,ORD->BGR,8,8,0,0.0
route,ORD->BHM,17,17,0,0.0
route,ORD->BIL,3,3,0,0.0
route,ORD->BIS,5,5,0,0.0
route,ORD->BMI,2,2,0,0.0
route,ORD->BNA,35,35,0,0.0
route,ORD->BOI,10,10,0,0.0
route,ORD->BOS,62,62,0,0.0
route,ORD->BTV,20,20,0,0.0
route,ORD->BUF,29,29,0,0.0
route,ORD->BWI,21,21,0,0.0
route,ORD->BZN,4,4,0,0.0
route,ORD->CAE,8,8,0,0.0
route,ORD->CAK,12,12,0,0.0
route,ORD->CGI,2,2,0,0.0
route,ORD->CHA,7,7,0,0.0
route,ORD->CHO,14,14,0,0.0
route,ORD->CHS,14,14,0,0.0
route,ORD->CID,17,17,0,0.0
route,ORD->CKB,3,3,0,0.0
route,ORD->CLE,44,44,0,0.0
route,ORD->CLT,36,36,0,0.0
route,ORD->CMH,28,28,0,0.0
route,ORD->CMI,10,10,0,0.0
route,ORD->CMX,4,4,0,0.0
route,ORD->COS,14,14,0,0.0
route,ORD->COU,12,12,0,0.0
route,ORD->CRW,7,7,0,0.0
route,ORD->CVG,46,46,0,0.0
route,ORD->CWA,12,12,0,0.0
route,ORD->DAY,35,35,0,0.0
route,ORD->DBQ,5,5,0,0.0
route,ORD->DCA,64,64,0,0.0
route,ORD->DEN,52,52,0,0.0
route,ORD->DFW,37,37,0,0.0
route,ORD->DLH,18,18,0,0.0
route,ORD->DRO,1,1,0,0.0
route,ORD->DSM,36,36,0,0.0
route,ORD->DTW,31,31,0,0.0
route,ORD->EAU,8,8,0,0.0
route,ORD->ELP,9,9,0,0.0
route,ORD->ERI,8,8,0,0.0
route,ORD->EUG,2,2,0,0.0
route,ORD->EVV,9,9,0,0.0
route,ORD->EWR,40,40,0,0.0
route,ORD->EYW,1,1,0,0.0
route,ORD->FAI,1,1,0,0.0
route,ORD->FAR,19,19,0,0.0
route,ORD->FAT,4,4,0,0.0
route,ORD->FCA,5,5,0,0.0
route,ORD->FLL,31,31,0,0.0
route,ORD->FNT,11,11,0,0.0
route,ORD->FSD,19,19,0,0.0
route,ORD->FWA,8,8,0,0.0
route,ORD->GEG,6,6,0,0.0
route,ORD->GRB,24,24,0,0.0
route,ORD->GRR,24,24,0,0.0
route,ORD->GSO,14,14,0,0.0
route,ORD->GSP,11,11,0,0.0
route,ORD->GTF,4,4,0,0.0
route,ORD->HNL,4,4,0,0.0
route,ORD->HPN,11,11,0,0.0
route,ORD->HSV,8,8,0,0.0
route,ORD->IAD,19,19,0,0.0
route,ORD->IAH,36,36,0,0.0
route,ORD->ICT,14,14,0,0.0
route,ORD->ILM,9,9,0,0.0
route,ORD->IND,32,32,0,0.0
route,ORD->ISP,3,3,0,0.0
route,ORD->JAC,13,13,0,0.0
route,ORD->JAN,3,3,0,0.0
route,ORD->JAX,16,16,0,0.0
route,ORD->JFK,27,27,0,0.0
route,ORD->JLN,1,1,0,0.0
route,ORD->LAN,16,16,0,0.0
route,ORD->LAS,40,40,0,0.0
route,ORD->LAX,66,66,0,0.0
route,ORD->LEX,13,13,0,0.0
route,ORD->LGA,77,77,0,0.0
route,ORD->LIT,14,14,0,0.0
route,ORD->LNK,9,9,0,0.0
route,ORD->LSE,5,5,0,0.0
route,ORD->LWB,6,6,0,0.0
route,ORD->MBS,15,15,0,0.0
route,ORD->MCI,34,34,0,0.0
route,ORD->MCO,40,40,0,0.0
route,ORD->MDT,23,23,0,0.0
route,ORD->MEI,2,2,0,0.0
route,ORD->MEM,22,22,0,0.0
route,ORD->MHK,7,7,0,0.0
route,ORD->MHT,4,4,0,0.0
route,ORD->MIA,13,13,0,0.0
route,ORD->MKE,32,32,0,0.0
route,ORD->MKG,10,10,0,0.0
route,ORD->MLI,19,19,0,0.0
route,ORD->MOB,3,3,0,0.0
route,ORD->MQT,2,2,0,0.0
route,ORD->MSN,31,31,0,0.0
route,ORD->MSO,2,2,0,0.0
route,ORD->MSP,41,41,0,0.0
route,ORD->MSY,9,9,0,0.0
route,ORD->MTJ,3,3,0,0.0
route,ORD->MYR,9,9,0,0.0
route,ORD->OAK,4,4,0,0.0
route,ORD->OGG,2,2,0,0.0
route,ORD->OGS,2,2,0,0.0
route,ORD->OKC,22,22,0,0.0
route,ORD->OMA,23,23,0,0.0
route,ORD->ORF,15,15,0,0.0
route,ORD->PAH,6,6,0,0.0
route,ORD->PBI,5,5,0,0.0
route,ORD->PDX,20,20,0,0.0
route,ORD->PHL,27,27,0,0.0
route,ORD->PHX,22,22,0,0.0
route,ORD->PIA,20,20,0,0.0
route,ORD->PIT,28,28,0,0.0
route,ORD->PNS,7,7,0,0.0
route,ORD->PVD,16,16,0,0.0
route,ORD->PWM,8,8,0,0.0
route,ORD->RAP,11,11,0,0.0
route,ORD->RDM,1,1,0,0.0
route,ORD->RDU,26,26,0,0.0
route,ORD->RIC,27,27,0,0.0
route,ORD->RNO,2,2,0,0.0
route,ORD->ROA,13,13,0,0.0
route,ORD->ROC,14,14,0,0.0
route,ORD->RST,11,11,0,0.0
route,ORD->RSW,4,4,0,0.0
route,ORD->SAN,23,23,0,0.0
route,ORD->SAT,17,17,0,0.0
route,ORD->SAV,14,14,0,0.0
route,ORD->SBN,16,16,0,0.0
route,ORD->SCE,12,12,0,0.0
route,ORD->SDF,30,30,0,0.0
route,ORD->SEA,43,43,0,0.0
route,ORD->SFO,58,58,0,0.0
route,ORD->SGF,20,20,0,0.0
route,ORD->SHD,5,5,0,0.0
route,ORD->SJC,6,6,0,0.0
route,ORD->SJU,5,5,0,0.0
route,ORD->SLC,16,16,0,0.0
route,ORD->SLN,1,1,0,0.0
route,ORD->SMF,10,10,0,0.0
route,ORD->SNA,20,20,0,0.0
route,ORD->SPI,8,8,0,0.0
route,ORD->SRQ,3,3,0,0.0
route,ORD->STL,32,32,0,0.0
route,ORD->SUX,2,2,0,0.0
route,ORD->SYR,16,16,0,0.0
route,ORD->TOL,4,4,0,0.0
route,ORD->TPA,11,11,0,0.0
route,ORD->TTN,3,3,0,0.0
route,ORD->TUL,18,18,0,0.0
route,ORD->TUS,7,7,0,0.0
route,ORD->TVC,23,23,0,0.0
route,ORD->TYS,16,16,0,0.0
route,ORD->UIN,5,5,0,0.0
route,ORD->VPS,2,2,0,0.0
route,ORD->XNA,23,23,0,0.0
route,ORF->ATL,12,12,0,0.0
route,ORF->BNA,1,1,0,0.0
route,ORF->BOS,2,2,0,0.0
route,ORF->BWI,13,13,0,0.0
route,ORF->CLT,14,14,0,0.0
route,ORF->DCA,2,2,0,0.0
route,ORF->DEN,6,6,0,0.0
route,ORF->DFW,3,3,0,0.0
route,ORF->DTW,5,5,0,0.0
route,ORF->EWR,21,21,0,0.0
route,ORF->FLL,2,2,0,0.0
route,ORF->IAD,12,12,0,0.0
route,ORF->IAH,3,3,0,0.0
route,ORF->JAX,1,1,0,0.0
route,ORF->JFK,12,12,0,0.0
route,ORF->LAS,1,1,0,0.0
route,ORF->LGA,10,10,0,0.0
route,ORF->MCO,4,4,0,0.0
route,ORF->MDW,5,5,0,0.0
route,ORF->MIA,8,8,0,0.0
route,ORF->MSP,1,1,0,0.0
route,ORF->ORD,15,15,0,0.0
route,ORF->PHL,16,16,0,0.0
route,ORF->SAN,1,1,0,0.0
route,ORF->SFB,1,1,0,0.0
route,ORH->FLL,3,3,0,0.0
route,ORH->JFK,2,2,0,0.0
route,ORH->MCO,6,6,0,0.0
route,ORH->PHL,1,1,0,0.0
route,OTH->DEN,1,1,0,0.0
route,OTH->SFO,1,1,0,0.0
route,OTZ->OME,3,3,0,0.0
route,OWB->SFB,1,1,0,0.0
route,PAE->DEN,2,2,0,0.0
route,PAE->LAS,3,3,0,0.0
route,PAE->LAX,5,5,0,0.0
route,PAE->PDX,4,4,0,0.0
route,PAE->PHX,1,1,0,0.0
route,PAE->SAN,1,1,0,0.0
route,PAE->SFO,8,8,0,0.0
route,PAE->SJC,2,2,0,0.0
route,PAE->SNA,1,1,0,0.0
route,PAH->CGI,1,1,0,0.0
route,PAH->ORD,2,2,0,0.0
route,PBG->FLL,2,2,0,0.0
route,PBI->ATL,6,6,0,0.0
route,PBI->BDL,2,2,0,0.0
route,PBI->BOS,13,13,0,0.0
route,PBI->BWI,4,4,0,0.0
route,PBI->CLT,3,3,0,0.0
route,PBI->DCA,2,2,0,0.0
route,PBI->DFW,1,1,0,0.0
route,PBI->EWR,26,26,0,0.0
route,PBI->HPN,9,9,0,0.0
route,PBI->IAH,1,1,0,0.0
route,PBI->ISP,7,7,0,0.0
route,PBI->JFK,13,13,0,0.0
route,PBI->LGA,7,7,0,0.0
route,PBI->ORD,1,1,0,0.0
route,PBI->PHL,6,6,0,0.0
route,PBI->TTN,1,1,0,0.0
route,PDX->ABQ,2,2,0,0.0
route,PDX->ANC,8,8,0,0.0
route,PDX->ATL,4,4,0,0.0
route,PDX->AUS,7,7,0,0.0
route,PDX->BIL,3,3,0,0.0
route,PDX->BOI,14,14,0,0.0
route,PDX->BOS,5,5,0,0.0
route,PDX->BUR,9,9,0,0.0
route,PDX->BWI,3,3,0,0.0
route,PDX->BZN,3,3,0,0.0
route,PDX->CLE,2,2,0,0.0
route,PDX->CLT,1,1,0,0.0
route,PDX->DAL,2,2,0,0.0
route,PDX->DCA,1,1,0,0.0
route,PDX->DEN,39,39,0,0.0
route,PDX->DFW,10,10,0,0.0
route,PDX->DTW,1,1,0,0.0
route,PDX->EUG,6,6,0,0.0
route,PDX->EWR,5,5,0,0.0
route,PDX->FAT,4,4,0,0.0
route,PDX->FCA,1,1,0,0.0
route,PDX->GEG,14,14,0,0.0
route,PDX->HNL,3,3,0,0.0
route,PDX->HOU,6,6,0,0.0
route,PDX->IAD,3,3,0,0.0
route,PDX->IAH,9,9,0,0.0
route,PDX->JFK,6,6,0,0.0
route,PDX->LAS,21,21,0,0.0
route,PDX->LAX,32,32,0,0.0
route,PDX->LGB,5,5,0,0.0
route,PDX->LIH,1,1,0,0.0
route,PDX->MCI,3,3,0,0.0
route,PDX->MCO,4,4,0,0.0
route,PDX->MDW,5,5,0,0.0
route,PDX->MFR,8,8,0,0.0
route,PDX->MSO,1,1,0,0.0
route,PDX->MSP,7,7,0,0.0
route,PDX->OAK,20,20,0,0.0
route,PDX->OGG,6,6,0,0.0
route,PDX->OMA,3,3,0,0.0
route,PDX->ONT,2,2,0,0.0
route,PDX->ORD,25,25,0,0.0
route,PDX->PAE,2,2,0,0.0
route,PDX->PHL,1,1,0,0.0
route,PDX->PHX,14,14,0,0.0
route,PDX->PSP,1,1,0,0.0
route,PDX->RDM,9,9,0,0.0
route,PDX->RNO,3,3,0,0.0
route,PDX->SAN,11,11,0,0.0
route,PDX->SBA,2,2,0,0.0
route,PDX->SEA,32,32,0,0.0
route,PDX->SFO,44,44,0,0.0
route,PDX->SJC,11,11,0,0.0
route,PDX->SLC,12,12,0,0.0
route,PDX->SMF,16,16,0,0.0
route,PDX->SNA,3,3,0,0.0
route,PDX->STL,5,5,0,0.0
route,PDX->STS,4,4,0,0.0
route,PDX->TUS,1,1,0,0.0
route,PGD->AVL,2,2,0,0.0
route,PGD->BLV,3,3,0,0.0
route,PGD->BNA,2,2,0,0.0
route,PGD->CID,1,1,0,0.0
route,PGD->CLE,1,1,0,0.0
route,PGD->CVG,2,2,0,0.0
route,PGD->FNT,2,2,0,0.0
route,PGD->FWA,1,1,0,0.0
route,PGD->GRR,1,1,0,0.0
route,PGD->IAG,1,1,0,0.0
route,PGD->IND,2,2,0,0.0
route,PGD->LCK,1,1,0,0.0
route,PGD->LEX,2,2,0,0.0
route,PGD->MCI,1,1,0,0.0
route,PGD->MLI,1,1,0,0.0
route,PGD->PIT,4,4,0,0.0
route,PGD->PVD,1,1,0,0.0
route,PGD->RFD,1,1,0,0.0
route,PGD->SBN,2,2,0,0.0
route,PGD->SDF,1,1,0,0.0
route,PGD->SGF,1,1,0,0.0
route,PGD->SPI,2,2,0,0.0
route,PGD->TOL,1,1,0,0.0
route,PGD->TYS,4,4,0,0.0
route,PGD->USA,4,4,0,0.0
route,PGV->CLT,5,5,0,0.0
route,PHF->ATL,3,3,0,0.0
route,PHF->CLT,4,4,0,0.0
route,PHF->PHL,4,4,0,0.0
route,PHL->ABE,4,4,0,0.0
route,PHL->ALB,10,10,0,0.0
route,PHL->ART,2,2,0,0.0
route,PHL->ATL,29,29,0,0.0
route,PHL->AUS,4,4,0,0.0
route,PHL->AVL,1,1,0,0.0
route,PHL->AVP,4,4,0,0.0
route,PHL->BDL,7,7,0,0.0
route,PHL->BGR,6,6,0,0.0
route,PHL->BHM,4,4,0,0.0
route,PHL->BNA,16,16,0,0.0
route,PHL->BOS,37,37,0,0.0
route,PHL->BTV,6,6,0,0.0
route,PHL->BUF,15,15,0,0.0
route,PHL->BWI,4,4,0,0.0
route,PHL->CAE,4,4,0,0.0
route,PHL->CAK,1,1,0,0.0
route,PHL->CHA,3,3,0,0.0
route,PHL->CHO,1,1,0,0.0
route,PHL->CHS,6,6,0,0.0
route,PHL->CLE,4,4,0,0.0
route,PHL->CLT,15,15,0,0.0
route,PHL->CMH,6,6,0,0.0
route,PHL->CRW,2,2,0,0.0
route,PHL->CVG,12,12,0,0.0
route,PHL->DAL,7,7,0,0.0
route,PHL->DAY,8,8,0,0.0
route,PHL->DCA,2,2,0,0.0
route,PHL->DEN,12,12,0,0.0
route,PHL->DFW,13,13,0,0.0
route,PHL->DSM,2,2,0,0.0
route,PHL->DTW,12,12,0,0.0
route,PHL->FLL,14,14,0,0.0
route,PHL->FWA,4,4,0,0.0
route,PHL->GRR,9,9,0,0.0
route,PHL->GSO,4,4,0,0.0
route,PHL->GSP,3,3,0,0.0
route,PHL->HVN,4,4,0,0.0
route,PHL->IAD,8,8,0,0.0
route,PHL->IAH,16,16,0,0.0
route,PHL->ILM,4,4,0,0.0
route,PHL->IND,9,9,0,0.0
route,PHL->IPT,1,1,0,0.0
route,PHL->ISP,3,3,0,0.0
route,PHL->ITH,4,4,0,0.0
route,PHL->JAX,6,6,0,0.0
route,PHL->LAS,12,12,0,0.0
route,PHL->LAX,7,7,0,0.0
route,PHL->LEX,2,2,0,0.0
route,PHL->LGA,4,4,0,0.0
route,PHL->MCI,6,6,0,0.0
route,PHL->MCO,37,37,0,0.0
route,PHL->MDT,5,5,0,0.0
route,PHL->MDW,13,13,0,0.0
route,PHL->MEM,4,4,0,0.0
route,PHL->MHT,5,5,0,0.0
route,PHL->MIA,13,13,0,0.0
route,PHL->MKE,2,2,0,0.0
route,PHL->MSN,7,7,0,0.0
route,PHL->MSP,8,8,0,0.0
route,PHL->MSY,5,5,0,0.0
route,PHL->MYR,8,8,0,0.0
route,PHL->OKC,3,3,0,0.0
route,PHL->OMA,2,2,0,0.0
route,PHL->ORD,37,37,0,0.0
route,PHL->ORF,9,9,0,0.0
route,PHL->PBI,3,3,0,0.0
route,PHL->PDX,2,2,0,0.0
route,PHL->PHF,4,4,0,0.0
route,PHL->PHX,10,10,0,0.0
route,PHL->PIT,11,11,0,0.0
route,PHL->PNS,4,4,0,0.0
route,PHL->PVD,5,5,0,0.0
route,PHL->PWM,8,8,0,0.0
route,PHL->RDU,4,4,0,0.0
route,PHL->RIC,7,7,0,0.0
route,PHL->ROA,1,1,0,0.0
route,PHL->ROC,10,10,0,0.0
route,PHL->RSW,8,8,0,0.0
route,PHL->SAN,4,4,0,0.0
route,PHL->SAT,3,3,0,0.0
route,PHL->SAV,6,6,0,0.0
route,PHL->SBY,5,5,0,0.0
route,PHL->SCE,5,5,0,0.0
route,PHL->SDF,10,10,0,0.0
route,PHL->SEA,7,7,0,0.0
route,PHL->SFO,12,12,0,0.0
route,PHL->SJU,12,12,0,0.0
route,PHL->SLC,1,1,0,0.0
route,PHL->STL,10,10,0,0.0
route,PHL->STT,1,1,0,0.0
route,PHL->SYR,3,3,0,0.0
route,PHL->TPA,16,16,0,0.0
route,PHL->TYS,2,2,0,0.0
route,PHX->ABQ,29,29,0,0.0
route,PHX->ANC,2,2,0,0.0
route,PHX->ATL,14,14,0,0.0
route,PHX->AUS,14,14,0,0.0
route,PHX->BFL,3,3,0,0.0
route,PHX->BNA,12,12,0,0.0
route,PHX->BOI,8,8,0,0.0
route,PHX->BOS,6,6,0,0.0
route,PHX->BUF,5,5,0,0.0
route,PHX->BUR,18,18,0,0.0
route,PHX->BWI,8,8,0,0.0
route,PHX->CLE,1,1,0,0.0
route,PHX->CLT,6,6,0,0.0
route,PHX->CMH,11,11,0,0.0
route,PHX->COS,3,3,0,0.0
route,PHX->CVG,2,2,0,0.0
route,PHX->DAL,19,19,0,0.0
route,PHX->DCA,8,8,0,0.0
route,PHX->DEN,44,44,0,0.0
route,PHX->DFW,19,19,0,0.0
route,PHX->DRO,3,3,0,0.0
route,PHX->DSM,2,2,0,0.0
route,PHX->DTW,16,16,0,0.0
route,PHX->ELP,19,19,0,0.0
route,PHX->EUG,2,2,0,0.0
route,PHX->EWR,22,22,0,0.0
route,PHX->FAT,6,6,0,0.0
route,PHX->FLG,7,7,0,0.0
route,PHX->FLL,4,4,0,0.0
route,PHX->FSD,1,1,0,0.0
route,PHX->GEG,3,3,0,0.0
route,PHX->GJT,3,3,0,0.0
route,PHX->HNL,7,7,0,0.0
route,PHX->HOU,18,18,0,0.0
route,PHX->IAD,4,4,0,0.0
route,PHX->IAH,20,20,0,0.0
route,PHX->ICT,4,4,0,0.0
route,PHX->IND,8,8,0,0.0
route,PHX->JAC,3,3,0,0.0
route,PHX->JFK,11,11,0,0.0
route,PHX->KOA,1,1,0,0.0
route,PHX->LAS,45,45,0,0.0
route,PHX->LAX,39,39,0,0.0
route,PHX->LBB,1,1,0,0.0
route,PHX->LGB,5,5,0,0.0
route,PHX->LIH,2,2,0,0.0
route,PHX->LIT,2,2,0,0.0
route,PHX->MAF,2,2,0,0.0
route,PHX->MCI,13,13,0,0.0
route,PHX->MCO,10,10,0,0.0
route,PHX->MDW,30,30,0,0.0
route,PHX->MIA,5,5,0,0.0
route,PHX->MKE,8,8,0,0.0
route,PHX->MRY,7,7,0,0.0
route,PHX->MSP,30,30,0,0.0
route,PHX->MSY,2,2,0,0.0
route,PHX->MTJ,2,2,0,0.0
route,PHX->OAK,26,26,0,0.0
route,PHX->OGG,5,5,0,0.0
route,PHX->OKC,7,7,0,0.0
route,PHX->OMA,2,2,0,0.0
route,PHX->ONT,31,31,0,0.0
route,PHX->ORD,33,33,0,0.0
route,PHX->PAE,2,2,0,0.0
route,PHX->PDX,9,9,0,0.0
route,PHX->PHL,11,11,0,0.0
route,PHX->PIT,4,4,0,0.0
route,PHX->PSP,7,7,0,0.0
route,PHX->RDM,1,1,0,0.0
route,PHX->RDU,7,7,0,0.0
route,PHX->RNO,6,6,0,0.0
route,PHX->SAF,4,4,0,0.0
route,PHX->SAN,49,49,0,0.0
route,PHX->SAT,9,9,0,0.0
route,PHX->SBA,3,3,0,0.0
route,PHX->SBP,5,5,0,0.0
route,PHX->SDF,4,4,0,0.0
route,PHX->SEA,34,34,0,0.0
route,PHX->SFO,45,45,0,0.0
route,PHX->SJC,19,19,0,0.0
route,PHX->SLC,24,24,0,0.0
route,PHX->SMF,30,30,0,0.0
route,PHX->SNA,32,32,0,0.0
route,PHX->STL,17,17,0,0.0
route,PHX->TPA,9,9,0,0.0
route,PHX->TUL,4,4,0,0.0
route,PHX->TUS,7,7,0,0.0
route,PHX->YUM,5,5,0,0.0
route,PIA->ATL,3,3,0,0.0
route,PIA->AZA,3,3,0,0.0
route,PIA->CLT,4,4,0,0.0
route,PIA->DFW,1,1,0,0.0
route,PIA->ORD,19,19,0,0.0
route,PIA->PGD,1,1,0,0.0
route,PIA->PIE,1,1,0,0.0
route,PIA->SFB,1,1,0,0.0
route,PIA->VPS,3,3,0,0.0
route,PIB->DFW,1,1,0,0.0
route,PIB->MEI,1,1,0,0.0
route,PIE->ABE,2,2,0,0.0
route,PIE->ATW,2,2,0,0.0
route,PIE->AVL,6,6,0,0.0
route,PIE->BLV,4,4,0,0.0
route,PIE->BMI,3,3,0,0.0
route,PIE->CHA,1,1,0,0.0
route,PIE->CID,3,3,0,0.0
route,PIE->CVG,3,3,0,0.0
route,PIE->DAY,2,2,0,0.0
route,PIE->DSM,2,2,0,0.0
route,PIE->ELM,2,2,0,0.0
route,PIE->FNT,1,1,0,0.0
route,PIE->FSD,2,2,0,0.0
route,PIE->FWA,2,2,0,0.0
route,PIE->GRR,2,2,0,0.0
route,PIE->HTS,2,2,0,0.0
route,PIE->IAG,3,3,0,0.0
route,PIE->IND,3,3,0,0.0
route,PIE->LCK,4,4,0,0.0
route,PIE->LEX,2,2,0,0.0
route,PIE->MCI,2,2,0,0.0
route,PIE->MDT,1,1,0,0.0
route,PIE->MKE,1,1,0,0.0
route,PIE->MLI,2,2,0,0.0
route,PIE->OGS,1,1,0,0.0
route,PIE->ORF,1,1,0,0.0
route,PIE->PBG,2,2,0,0.0
route,PIE->PIA,2,2,0,0.0
route,PIE->PIT,4,4,0,0.0
route,PIE->PVD,1,1,0,0.0
route,PIE->RDU,1,1,0,0.0
route,PIE->RFD,4,4,0,0.0
route,PIE->RIC,1,1,0,0.0
route,PIE->ROA,1,1,0,0.0
route,PIE->SDF,4,4,0,0.0
route,PIE->SGF,4,4,0,0.0
route,PIE->SWF,1,1,0,0.0
route,PIE->SYR,2,2,0,0.0
route,PIE->TYS,6,6,0,0.0
route,PIE->USA,7,7,0,0.0
route,PIH->SLC,7,7,0,0.0
route,PIR->DEN,1,1,0,0.0
route,PIT->ATL,21,21,0,0.0
route,PIT->AUS,2,2,0,0.0
route,PIT->BNA,4,4,0,0.0
route,PIT->BOS,28,28,0,0.0
route,PIT->BWI,11,11,0,0.0
route,PIT->CLT,9,9,0,0.0
route,PIT->DAL,7,7,0,0.0
route,PIT->DCA,3,3,0,0.0
route,PIT->DEN,13,13,0,0.0
route,PIT->DFW,4,4,0,0.0
route,PIT->DTW,10,10,0,0.0
route,PIT->EWR,19,19,0,0.0
route,PIT->FLL,14,14,0,0.0
route,PIT->HOU,8,8,0,0.0
route,PIT->IAD,14,14,0,0.0
route,PIT->IAH,18,18,0,0.0
route,PIT->JFK,3,3,0,0.0
route,PIT->LAS,9,9,0,0.0
route,PIT->LAX,6,6,0,0.0
route,PIT->LGA,15,15,0,0.0
route,PIT->MCO,23,23,0,0.0
route,PIT->MDW,10,10,0,0.0
route,PIT->MIA,5,5,0,0.0
route,PIT->MSP,3,3,0,0.0
route,PIT->MSY,1,1,0,0.0
route,PIT->MYR,6,6,0,0.0
route,PIT->ORD,28,28,0,0.0
route,PIT->PGD,2,2,0,0.0
route,PIT->PHL,7,7,0,0.0
route,PIT->PHX,4,4,0,0.0
route,PIT->PIE,1,1,0,0.0
route,PIT->RDU,3,3,0,0.0
route,PIT->RSW,2,2,0,0.0
route,PIT->SAV,4,4,0,0.0
route,PIT->SFO,4,4,0,0.0
route,PIT->STL,4,4,0,0.0
route,PIT->TPA,7,7,0,0.0
route,PIT->VPS,2,2,0,0.0
route,PLN->APN,2,2,0,0.0
route,PLN->DTW,7,7,0,0.0
route,PNS->ATL,16,16,0,0.0
route,PNS->BNA,6,6,0,0.0
route,PNS->CLT,4,4,0,0.0
route,PNS->DAL,5,5,0,0.0
route,PNS->DCA,4,4,0,0.0
route,PNS->DEN,5,5,0,0.0
route,PNS->DFW,6,6,0,0.0
route,PNS->EWR,3,3,0,0.0
route,PNS->HOU,4,4,0,0.0
route,PNS->IAH,13,13,0,0.0
route,PNS->MCI,2,2,0,0.0
route,PNS->MDW,2,2,0,0.0
route,PNS->MIA,4,4,0,0.0
route,PNS->ORD,12,12,0,0.0
route,PNS->PHL,2,2,0,0.0
route,PNS->STL,1,1,0,0.0
route,PPG->HNL,1,1,0,0.0
route,PQI->EWR,5,5,0,0.0
route,PRC->LAX,1,1,0,0.0
route,PSC->AZA,2,2,0,0.0
route,PSC->DEN,6,6,0,0.0
route,PSC->LAS,1,1,0,0.0
route,PSC->LAX,2,2,0,0.0
route,PSC->MSP,3,3,0,0.0
route,PSC->SEA,10,10,0,0.0
route,PSC->SFO,3,3,0,0.0
route,PSC->SLC,1,1,0,0.0
route,PSE->JFK,2,2,0,0.0
route,PSE->MCO,6,6,0,0.0
route,PSG->JNU,3,3,0,0.0
route,PSG->WRG,2,2,0,0.0
route,PSM->MCO,2,2,0,0.0
route,PSM->SAV,1,1,0,0.0
route,PSM->SFB,1,1,0,0.0
route,PSP->DEN,16,16,0,0.0
route,PSP->LAX,7,7,0,0.0
route,PSP->ORD,1,1,0,0.0
route,PSP->PHX,6,6,0,0.0
route,PSP->SEA,1,1,0,0.0
route,PSP->SFO,10,10,0,0.0
route,PSP->SLC,2,2,0,0.0
route,PUB->DEN,3,3,0,0.0
route,PUB->LBL,2,2,0,0.0
route,PUW->SEA,4,4,0,0.0
route,PVD->ATL,5,5,0,0.0
route,PVD->BWI,23,23,0,0.0
route,PVD->CLT,2,2,0,0.0
route,PVD->CVG,1,1,0,0.0
route,PVD->DCA,8,8,0,0.0
route,PVD->DEN,5,5,0,0.0
route,PVD->DTW,5,5,0,0.0
route,PVD->EWR,16,16,0,0.0
route,PVD->FLL,9,9,0,0.0
route,PVD->IAD,15,15,0,0.0
route,PVD->MCO,22,22,0,0.0
route,PVD->MDW,3,3,0,0.0
route,PVD->ORD,15,15,0,0.0
route,PVD->PHL,3,3,0,0.0
route,PVD->RDU,2,2,0,0.0
route,PVD->TPA,7,7,0,0.0
route,PVU->AZA,6,6,0,0.0
route,PVU->LAX,1,1,0,0.0
route,PWM->ATL,6,6,0,0.0
route,PWM->BWI,15,15,0,0.0
route,PWM->CLT,4,4,0,0.0
route,PWM->DCA,14,14,0,0.0
route,PWM->DTW,1,1,0,0.0
route,PWM->EWR,13,13,0,0.0
route,PWM->IAD,14,14,0,0.0
route,PWM->JFK,13,13,0,0.0
route,PWM->LGA,14,14,0,0.0
route,PWM->MDW,3,3,0,0.0
route,PWM->ORD,13,13,0,0.0
route,PWM->PHL,5,5,0,0.0
route,RAP->AZA,1,1,0,0.0
route,RAP->DEN,16,16,0,0.0
route,RAP->DFW,5,5,0,0.0
route,RAP->IAH,1,1,0,0.0
route,RAP->LAX,2,2,0,0.0
route,RAP->MSP,7,7,0,0.0
route,RAP->ORD,11,11,0,0.0
route,RAP->SFO,2,2,0,0.0
route,RAP->SLC,1,1,0,0.0
route,RDD->SFO,17,17,0,0.0
route,RDM->DEN,14,14,0,0.0
route,RDM->LAX,4,4,0,0.0
route,RDM->ORD,2,2,0,0.0
route,RDM->PDX,2,2,0,0.0
route,RDM->PHX,2,2,0,0.0
route,RDM->SEA,13,13,0,0.0
route,RDM->SFO,23,23,0,0.0
route,RDM->SLC,3,3,0,0.0
route,RDU->ATL,26,26,0,0.0
route,RDU->AUS,2,2,0,0.0
route,RDU->BDL,1,1,0,0.0
route,RDU->BNA,13,13,0,0.0
route,RDU->BOS,26,26,0,0.0
route,RDU->BUF,1,1,0,0.0
route,RDU->BWI,30,30,0,0.0
route,RDU->CLE,2,2,0,0.0
route,RDU->CLT,12,12,0,0.0
route,RDU->CMH,4,4,0,0.0
route,RDU->CVG,3,3,0,0.0
route,RDU->DAL,4,4,0,0.0
route,RDU->DCA,9,9,0,0.0
route,RDU->DEN,13,13,0,0.0
route,RDU->DFW,10,10,0,0.0
route,RDU->DTW,8,8,0,0.0
route,RDU->EWR,27,27,0,0.0
route,RDU->FLL,15,15,0,0.0
route,RDU->HOU,2,2,0,0.0
route,RDU->IAD,10,10,0,0.0
route,RDU->IAH,11,11,0,0.0
route,RDU->ISP,1,1,0,0.0
route,RDU->JFK,19,19,0,0.0
route,RDU->LAS,4,4,0,0.0
route,RDU->LAX,3,3,0,0.0
route,RDU->LGA,22,22,0,0.0
route,RDU->MCI,2,2,0,0.0
route,RDU->MCO,16,16,0,0.0
route,RDU->MDW,14,14,0,0.0
route,RDU->MIA,6,6,0,0.0
route,RDU->MKE,2,2,0,0.0
route,RDU->MSP,8,8,0,0.0
route,RDU->MSY,6,6,0,0.0
route,RDU->ORD,37,37,0,0.0
route,RDU->PBI,1,1,0,0.0
route,RDU->PGD,2,2,0,0.0
route,RDU->PHL,13,13,0,0.0
route,RDU->PHX,3,3,0,0.0
route,RDU->PIE,1,1,0,0.0
route,RDU->PVD,2,2,0,0.0
route,RDU->PWM,1,1,0,0.0
route,RDU->SAN,1,1,0,0.0
route,RDU->SEA,1,1,0,0.0
route,RDU->SFO,16,16,0,0.0
route,RDU->SJU,3,3,0,0.0
route,RDU->STL,6,6,0,0.0
route,RDU->SYR,2,2,0,0.0
route,RDU->TPA,17,17,0,0.0
route,RDU->VPS,1,1,0,0.0
route,RFD->AZA,2,2,0,0.0
route,RFD->LAS,2,2,0,0.0
route,RFD->PGD,4,4,0,0.0
route,RFD->PIE,1,1,0,0.0
route,RFD->SFB,2,2,0,0.0
route,RFD->VPS,1,1,0,0.0
route,RHI->MSP,4,4,0,0.0
route,RIC->ATL,20,20,0,0.0
route,RIC->BNA,2,2,0,0.0
route,RIC->BOS,22,22,0,0.0
route,RIC->CLT,9,9,0,0.0
route,RIC->DEN,9,9,0,0.0
route,RIC->DFW,2,2,0,0.0
route,RIC->DTW,7,7,0,0.0
route,RIC->EWR,20,20,0,0.0
route,RIC->FLL,7,7,0,0.0
route,RIC->IAD,10,10,0,0.0
route,RIC->IAH,3,3,0,0.0
route,RIC->JFK,2,2,0,0.0
route,RIC->LGA,9,9,0,0.0
route,RIC->MCO,7,7,0,0.0
route,RIC->MIA,1,1,0,0.0
route,RIC->MSP,3,3,0,0.0
route,RIC->ORD,23,23,0,0.0
route,RIC->PHL,6,6,0,0.0
route,RIC->PIE,3,3,0,0.0
route,RIC->SFB,1,1,0,0.0
route,RIC->SRQ,2,2,0,0.0
route,RKS->DEN,7,7,0,0.0
route,RNO->DAL,1,1,0,0.0
route,RNO->DEN,19,19,0,0.0
route,RNO->DFW,5,5,0,0.0
route,RNO->IAH,3,3,0,0.0
route,RNO->LAS,39,39,0,0.0
route,RNO->LAX,23,23,0,0.0
route,RNO->LGB,4,4,0,0.0
route,RNO->MDW,1,1,0,0.0
route,RNO->OAK,10,10,0,0.0
route,RNO->ORD,5,5,0,0.0
route,RNO->PDX,2,2,0,0.0
route,RNO->PHX,11,11,0,0.0
route,RNO->SAN,2,2,0,0.0
route,RNO->SEA,2,2,0,0.0
route,RNO->SFO,12,12,0,0.0
route,RNO->SJC,9,9,0,0.0
route,RNO->SLC,5,5,0,0.0
route,ROA->ATL,8,8,0,0.0
route,ROA->CLT,8,8,0,0.0
route,ROA->IAD,3,3,0,0.0
route,ROA->ORD,11,11,0,0.0
route,ROA->PHL,3,3,0,0.0
route,ROA->PIE,1,1,0,0.0
route,ROA->SFB,1,1,0,0.0
route,ROC->ATL,4,4,0,0.0
route,ROC->BOS,6,6,0,0.0
route,ROC->BWI,11,11,0,0.0
route,ROC->CLT,5,5,0,0.0
route,ROC->DCA,6,6,0,0.0
route,ROC->DTW,4,4,0,0.0
route,ROC->EWR,11,11,0,0.0
route,ROC->IAD,3,3,0,0.0
route,ROC->JFK,7,7,0,0.0
route,ROC->LGA,4,4,0,0.0
route,ROC->MCO,5,5,0,0.0
route,ROC->MSP,1,1,0,0.0
route,ROC->ORD,14,14,0,0.0
route,ROC->PHL,4,4,0,0.0
route,ROC->TPA,3,3,0,0.0
route,ROW->DFW,2,2,0,0.0
route,ROW->PHX,2,2,0,0.0
route,RST->MSP,5,5,0,0.0
route,RST->ORD,19,19,0,0.0
route,RSW->ACY,4,4,0,0.0
route,RSW->ATL,22,22,0,0.0
route,RSW->BOS,13,13,0,0.0
route,RSW->BWI,16,16,0,0.0
route,RSW->CLE,3,3,0,0.0
route,RSW->CLT,7,7,0,0.0
route,RSW->CMH,5,5,0,0.0
route,RSW->CVG,4,4,0,0.0
route,RSW->DCA,5,5,0,0.0
route,RSW->DEN,3,3,0,0.0
route,RSW->DFW,2,2,0,0.0
route,RSW->DTW,6,6,0,0.0
route,RSW->EWR,15,15,0,0.0
route,RSW->HPN,4,4,0,0.0
route,RSW->IAH,4,4,0,0.0
route,RSW->IND,4,4,0,0.0
route,RSW->JFK,8,8,0,0.0
route,RSW->LGA,6,6,0,0.0
route,RSW->MCI,1,1,0,0.0
route,RSW->MDW,12,12,0,0.0
route,RSW->MKE,2,2,0,0.0
route,RSW->MSP,2,2,0,0.0
route,RSW->ORD,12,12,0,0.0
route,RSW->PHL,9,9,0,0.0
route,RSW->PIT,3,3,0,0.0
route,RSW->STL,4,4,0,0.0
route,RSW->TTN,1,1,0,0.0
route,SAF->DEN,9,9,0,0.0
route,SAF->DFW,6,6,0,0.0
route,SAN->ABQ,7,7,0,0.0
route,SAN->ATL,11,11,0,0.0
route,SAN->AUS,9,9,0,0.0
route,SAN->BLI,1,1,0,0.0
route,SAN->BNA,8,8,0,0.0
route,SAN->BOI,5,5,0,0.0
route,SAN->BOS,13,13,0,0.0
route,SAN->BWI,16,16,0,0.0
route,SAN->CLT,6,6,0,0.0
route,SAN->COS,1,1,0,0.0
route,SAN->DAL,14,14,0,0.0
route,SAN->DEN,42,42,0,0.0
route,SAN->DFW,4,4,0,0.0
route,SAN->DTW,6,6,0,0.0
route,SAN->ELP,8,8,0,0.0
route,SAN->EWR,11,11,0,0.0
route,SAN->FAT,1,1,0,0.0
route,SAN->FLL,2,2,0,0.0
route,SAN->GEG,4,4,0,0.0
route,SAN->HNL,7,7,0,0.0
route,SAN->HOU,3,3,0,0.0
route,SAN->IAD,9,9,0,0.0
route,SAN->IAH,28,28,0,0.0
route,SAN->IND,5,5,0,0.0
route,SAN->JFK,7,7,0,0.0
route,SAN->KOA,3,3,0,0.0
route,SAN->LAS,54,54,0,0.0
route,SAN->LAX,30,30,0,0.0
route,SAN->LIH,2,2,0,0.0
route,SAN->MCI,7,7,0,0.0
route,SAN->MCO,2,2,0,0.0
route,SAN->MDW,7,7,0,0.0
route,SAN->MKE,1,1,0,0.0
route,SAN->MRY,1,1,0,0.0
route,SAN->MSP,2,2,0,0.0
route,SAN->MSY,4,4,0,0.0
route,SAN->OAK,36,36,0,0.0
route,SAN->OGG,5,5,0,0.0
route,SAN->OMA,6,6,0,0.0
route,SAN->ORD,20,20,0,0.0
route,SAN->PAE,4,4,0,0.0
route,SAN->PDX,16,16,0,0.0
route,SAN->PHL,1,1,0,0.0
route,SAN->PHX,40,40,0,0.0
route,SAN->RDU,1,1,0,0.0
route,SAN->RNO,8,8,0,0.0
route,SAN->SAT,8,8,0,0.0
route,SAN->SCK,3,3,0,0.0
route,SAN->SEA,23,23,0,0.0
route,SAN->SFO,56,56,0,0.0
route,SAN->SJC,41,41,0,0.0
route,SAN->SLC,15,15,0,0.0
route,SAN->SMF,39,39,0,0.0
route,SAN->STL,8,8,0,0.0
route,SAN->TPA,2,2,0,0.0
route,SAN->TUS,5,5,0,0.0
route,SAT->ATL,16,16,0,0.0
route,SAT->BNA,4,4,0,0.0
route,SAT->BWI,10,10,0,0.0
route,SAT->CLT,4,4,0,0.0
route,SAT->COS,1,1,0,0.0
route,SAT->DAL,22,22,0,0.0
route,SAT->DEN,21,21,0,0.0
route,SAT->DFW,22,22,0,0.0
route,SAT->DTW,6,6,0,0.0
route,SAT->ELP,13,13,0,0.0
route,SAT->EWR,8,8,0,0.0
route,SAT->FLL,2,2,0,0.0
route,SAT->HOU,16,16,0,0.0
route,SAT->IAD,3,3,0,0.0
route,SAT->IAH,28,28,0,0.0
route,SAT->JFK,4,4,0,0.0
route,SAT->LAS,20,20,0,0.0
route,SAT->LAX,21,21,0,0.0
route,SAT->MCO,9,9,0,0.0
route,SAT->MDW,11,11,0,0.0
route,SAT->MIA,1,1,0,0.0
route,SAT->MSP,8,8,0,0.0
route,SAT->MSY,3,3,0,0.0
route,SAT->OAK,3,3,0,0.0
route,SAT->ORD,18,18,0,0.0
route,SAT->PHL,1,1,0,0.0
route,SAT->PHX,16,16,0,0.0
route,SAT->RDU,1,1,0,0.0
route,SAT->SAN,9,9,0,0.0
route,SAT->SEA,1,1,0,0.0
route,SAT->SFB,1,1,0,0.0
route,SAT->SFO,4,4,0,0.0
route,SAT->SJC,1,1,0,0.0
route,SAT->SLC,7,7,0,0.0
route,SAT->STL,6,6,0,0.0
route,SAT->TPA,5,5,0,0.0
route,SAV->ALB,1,1,0,0.0
route,SAV->ATL,18,18,0,0.0
route,SAV->BNA,1,1,0,0.0
route,SAV->BOS,4,4,0,0.0
route,SAV->BWI,1,1,0,0.0
route,SAV->CLE,4,4,0,0.0
route,SAV->CLT,11,11,0,0.0
route,SAV->CVG,2,2,0,0.0
route,SAV->DCA,3,3,0,0.0
route,SAV->DEN,1,1,0,0.0
route,SAV->DFW,3,3,0,0.0
route,SAV->DTW,1,1,0,0.0
route,SAV->EWR,10,10,0,0.0
route,SAV->IAD,6,6,0,0.0
route,SAV->IAH,5,5,0,0.0
route,SAV->IND,1,1,0,0.0
route,SAV->JFK,4,4,0,0.0
route,SAV->LCK,3,3,0,0.0
route,SAV->LEX,1,1,0,0.0
route,SAV->LGA,4,4,0,0.0
route,SAV->MIA,5,5,0,0.0
route,SAV->MSP,1,1,0,0.0
route,SAV->ORD,18,18,0,0.0
route,SAV->PHL,3,3,0,0.0
route,SAV->PIT,1,1,0,0.0
route,SAV->PVD,1,1,0,0.0
route,SBA->DEN,12,12,0,0.0
route,SBA->LAX,12,12,0,0.0
route,SBA->PDX,2,2,0,0.0
route,SBA->PHX,6,6,0,0.0
route,SBA->SEA,1,1,0,0.0
route,SBA->SFO,18,18,0,0.0
route,SBN->ATL,7,7,0,0.0
route,SBN->AZA,2,2,0,0.0
route,SBN->CLT,2,2,0,0.0
route,SBN->DTW,7,7,0,0.0
route,SBN->EWR,4,4,0,0.0
route,SBN->MSP,5,5,0,0.0
route,SBN->ORD,10,10,0,0.0
route,SBN->PGD,3,3,0,0.0
route,SBN->PIE,1,1,0,0.0
route,SBN->SFB,1,1,0,0.0
route,SBP->DEN,9,9,0,0.0
route,SBP->DFW,2,2,0,0.0
route,SBP->LAX,15,15,0,0.0
route,SBP->PHX,8,8,0,0.0
route,SBP->SEA,1,1,0,0.0
route,SBP->SFO,12,12,0,0.0
route,SBY->CLT,2,2,0,0.0
route,SBY->PHL,5,5,0,0.0
route,SCC->ANC,1,1,0,0.0
route,SCE->DTW,5,5,0,0.0
route,SCE->IAD,5,5,0,0.0
route,SCE->ORD,18,18,0,0.0
route,SCE->PHL,7,7,0,0.0
route,SCK->AZA,1,1,0,0.0
route,SCK->LAS,7,7,0,0.0
route,SDF->ATL,12,12,0,0.0
route,SDF->BWI,11,11,0,0.0
route,SDF->CLT,9,9,0,0.0
route,SDF->DAL,1,1,0,0.0
route,SDF->DCA,3,3,0,0.0
route,SDF->DEN,16,16,0,0.0
route,SDF->DFW,6,6,0,0.0
route,SDF->DTW,4,4,0,0.0
route,SDF->EWR,15,15,0,0.0
route,SDF->IAD,5,5,0,0.0
route,SDF->IAH,17,17,0,0.0
route,SDF->JAX,1,1,0,0.0
route,SDF->LAS,4,4,0,0.0
route,SDF->LAX,1,1,0,0.0
route,SDF->LGA,6,6,0,0.0
route,SDF->MCO,2,2,0,0.0
route,SDF->MDW,16,16,0,0.0
route,SDF->MIA,3,3,0,0.0
route,SDF->MSP,1,1,0,0.0
route,SDF->ORD,27,27,0,0.0
route,SDF->PGD,1,1,0,0.0
route,SDF->PHL,4,4,0,0.0
route,SDF->PHX,2,2,0,0.0
route,SDF->PIE,2,2,0,0.0
route,SDF->SFB,3,3,0,0.0
route,SDF->TPA,6,6,0,0.0
route,SDF->VPS,1,1,0,0.0
route,SEA->ABQ,2,2,0,0.0
route,SEA->ANC,35,35,0,0.0
route,SEA->ATL,12,12,0,0.0
route,SEA->AUS,7,7,0,0.0
route,SEA->BLI,11,11,0,0.0
route,SEA->BNA,6,6,0,0.0
route,SEA->BOI,14,14,0,0.0
route,SEA->BOS,14,14,0,0.0
route,SEA->BUR,7,7,0,0.0
route,SEA->BWI,11,11,0,0.0
route,SEA->BZN,4,4,0,0.0
route,SEA->CHS,1,1,0,0.0
route,SEA->CLE,2,2,0,0.0
route,SEA->CLT,3,3,0,0.0
route,SEA->CMH,2,2,0,0.0
route,SEA->CVG,1,1,0,0.0
route,SEA->DAL,6,6,0,0.0
route,SEA->DCA,1,1,0,0.0
route,SEA->DEN,57,57,0,0.0
route,SEA->DFW,26,26,0,0.0
route,SEA->DTW,17,17,0,0.0
route,SEA->EAT,6,6,0,0.0
route,SEA->EUG,13,13,0,0.0
route,SEA->EWR,13,13,0,0.0
route,SEA->FAI,3,3,0,0.0
route,SEA->FAT,2,2,0,0.0
route,SEA->FCA,2,2,0,0.0
route,SEA->GEG,25,25,0,0.0
route,SEA->GTF,1,1,0,0.0
route,SEA->HLN,1,1,0,0.0
route,SEA->HNL,9,9,0,0.0
route,SEA->HOU,1,1,0,0.0
route,SEA->IAD,16,16,0,0.0
route,SEA->IAH,20,20,0,0.0
route,SEA->ICT,5,5,0,0.0
route,SEA->IND,2,2,0,0.0
route,SEA->JFK,18,18,0,0.0
route,SEA->JNU,8,8,0,0.0
route,SEA->KOA,3,3,0,0.0
route,SEA->KTN,9,9,0,0.0
route,SEA->LAS,40,40,0,0.0
route,SEA->LAX,40,40,0,0.0
route,SEA->LGB,6,6,0,0.0
route,SEA->LIH,2,2,0,0.0
route,SEA->MCI,7,7,0,0.0
route,SEA->MCO,4,4,0,0.0
route,SEA->MDW,19,19,0,0.0
route,SEA->MFR,6,6,0,0.0
route,SEA->MIA,1,1,0,0.0
route,SEA->MKE,5,5,0,0.0
route,SEA->MSO,8,8,0,0.0
route,SEA->MSP,16,16,0,0.0
route,SEA->OAK,30,30,0,0.0
route,SEA->OGG,6,6,0,0.0
route,SEA->OKC,3,3,0,0.0
route,SEA->OMA,2,2,0,0.0
route,SEA->ONT,3,3,0,0.0
route,SEA->ORD,33,33,0,0.0
route,SEA->PDX,34,34,0,0.0
route,SEA->PHL,4,4,0,0.0
route,SEA->PHX,28,28,0,0.0
route,SEA->PIT,1,1,0,0.0
route,SEA->PSC,16,16,0,0.0
route,SEA->PSP,2,2,0,0.0
route,SEA->PUW,4,4,0,0.0
route,SEA->RDM,15,15,0,0.0
route,SEA->RDU,4,4,0,0.0
route,SEA->RNO,5,5,0,0.0
route,SEA->SAN,28,28,0,0.0
route,SEA->SAT,2,2,0,0.0
route,SEA->SBA,3,3,0,0.0
route,SEA->SFO,55,55,0,0.0
route,SEA->SIT,1,1,0,0.0
route,SEA->SJC,37,37,0,0.0
route,SEA->SLC,16,16,0,0.0
route,SEA->SMF,28,28,0,0.0
route,SEA->SNA,17,17,0,0.0
route,SEA->STL,5,5,0,0.0
route,SEA->STS,1,1,0,0.0
route,SEA->SUN,2,2,0,0.0
route,SEA->TUS,1,1,0,0.0
route,SEA->YKM,5,5,0,0.0
route,SFB->ABE,7,7,0,0.0
route,SFB->AUS,1,1,0,0.0
route,SFB->AVL,1,1,0,0.0
route,SFB->BGR,3,3,0,0.0
route,SFB->BIS,1,1,0,0.0
route,SFB->BLV,2,2,0,0.0
route,SFB->BMI,1,1,0,0.0
route,SFB->BNA,1,1,0,0.0
route,SFB->CHA,2,2,0,0.0
route,SFB->CKB,2,2,0,0.0
route,SFB->CLE,2,2,0,0.0
route,SFB->CVG,2,2,0,0.0
route,SFB->DAY,2,2,0,0.0
route,SFB->DSM,2,2,0,0.0
route,SFB->ELM,1,1,0,0.0
route,SFB->FAR,1,1,0,0.0
route,SFB->FNT,5,5,0,0.0
route,SFB->FSD,2,2,0,0.0
route,SFB->FWA,1,1,0,0.0
route,SFB->GPT,1,1,0,0.0
route,SFB->GRR,7,7,0,0.0
route,SFB->GSO,1,1,0,0.0
route,SFB->GSP,2,2,0,0.0
route,SFB->HGR,3,3,0,0.0
route,SFB->HTS,3,3,0,0.0
route,SFB->IAG,1,1,0,0.0
route,SFB->ICT,2,2,0,0.0
route,SFB->IND,2,2,0,0.0
route,SFB->LCK,1,1,0,0.0
route,SFB->LEX,4,4,0,0.0
route,SFB->MCI,1,1,0,0.0
route,SFB->MDT,2,2,0,0.0
route,SFB->MEM,2,2,0,0.0
route,SFB->MFE,3,3,0,0.0
route,SFB->MKE,2,2,0,0.0
route,SFB->OKC,4,4,0,0.0
route,SFB->OMA,3,3,0,0.0
route,SFB->ORF,1,1,0,0.0
route,SFB->OWB,1,1,0,0.0
route,SFB->PIA,1,1,0,0.0
route,SFB->PSM,1,1,0,0.0
route,SFB->RDU,1,1,0,0.0
route,SFB->RFD,3,3,0,0.0
route,SFB->RIC,1,1,0,0.0
route,SFB->ROC,1,1,0,0.0
route,SFB->SBN,3,3,0,0.0
route,SFB->SDF,4,4,0,0.0
route,SFB->SGF,3,3,0,0.0
route,SFB->SHV,1,1,0,0.0
route,SFB->SJU,1,1,0,0.0
route,SFB->SWF,1,1,0,0.0
route,SFB->SYR,2,2,0,0.0
route,SFB->TRI,2,2,0,0.0
route,SFB->TUL,3,3,0,0.0
route,SFB->TYS,6,6,0,0.0
route,SFB->XNA,5,5,0,0.0
route,SFO->ABQ,7,7,0,0.0
route,SFO->ACV,11,11,0,0.0
route,SFO->ANC,4,4,0,0.0
route,SFO->ASE,2,2,0,0.0
route,SFO->ATL,23,23,0,0.0
route,SFO->AUS,16,16,0,0.0
route,SFO->BFL,6,6,0,0.0
route,SFO->BNA,7,7,0,0.0
route,SFO->BOI,16,16,0,0.0
route,SFO->BOS,41,41,0,0.0
route,SFO->BUR,30,30,0,0.0
route,SFO->BWI,5,5,0,0.0
route,SFO->BZN,3,3,0,0.0
route,SFO->CLE,9,9,0,0.0
route,SFO->CLT,3,3,0,0.0
route,SFO->CVG,7,7,0,0.0
route,SFO->DAL,10,10,0,0.0
route,SFO->DCA,3,3,0,0.0
route,SFO->DEN,62,62,0,0.0
route,SFO->DFW,28,28,0,0.0
route,SFO->DTW,13,13,0,0.0
route,SFO->EUG,13,13,0,0.0
route,SFO->EWR,44,44,0,0.0
route,SFO->FAI,1,1,0,0.0
route,SFO->FAT,11,11,0,0.0
route,SFO->FLL,14,14,0,0.0
route,SFO->GEG,12,12,0,0.0
route,SFO->HNL,22,22,0,0.0
route,SFO->IAD,28,28,0,0.0
route,SFO->IAH,30,30,0,0.0
route,SFO->IND,6,6,0,0.0
route,SFO->JAC,3,3,0,0.0
route,SFO->JFK,38,38,0,0.0
route,SFO->KOA,13,13,0,0.0
route,SFO->LAS,56,56,0,0.0
route,SFO->LAX,104,104,0,0.0
route,SFO->LGB,10,10,0,0.0
route,SFO->LIH,9,9,0,0.0
route,SFO->MCI,6,6,0,0.0
route,SFO->MCO,6,6,0,0.0
route,SFO->MDW,6,6,0,0.0
route,SFO->MFR,21,21,0,0.0
route,SFO->MIA,10,10,0,0.0
route,SFO->MKE,2,2,0,0.0
route,SFO->MRY,8,8,0,0.0
route,SFO->MSN,5,5,0,0.0
route,SFO->MSO,5,5,0,0.0
route,SFO->MSP,12,12,0,0.0
route,SFO->MSY,2,2,0,0.0
route,SFO->OGG,25,25,0,0.0
route,SFO->OKC,2,2,0,0.0
route,SFO->OMA,10,10,0,0.0
route,SFO->ONT,21,21,0,0.0
route,SFO->ORD,52,52,0,0.0
route,SFO->OTH,3,3,0,0.0
route,SFO->PAE,12,12,0,0.0
route,SFO->PDX,34,34,0,0.0
route,SFO->PHL,17,17,0,0.0
route,SFO->PHX,40,40,0,0.0
route,SFO->PIT,4,4,0,0.0
route,SFO->PSP,16,16,0,0.0
route,SFO->RDD,8,8,0,0.0
route,SFO->RDM,18,18,0,0.0
route,SFO->RDU,5,5,0,0.0
route,SFO->RNO,14,14,0,0.0
route,SFO->SAN,71,71,0,0.0
route,SFO->SAT,5,5,0,0.0
route,SFO->SBA,23,23,0,0.0
route,SFO->SBP,10,10,0,0.0
route,SFO->SEA,50,50,0,0.0
route,SFO->SLC,23,23,0,0.0
route,SFO->SMF,22,22,0,0.0
route,SFO->SNA,45,45,0,0.0
route,SFO->STL,10,10,0,0.0
route,SFO->STS,8,8,0,0.0
route,SFO->TPA,3,3,0,0.0
route,SFO->TUS,6,6,0,0.0
route,SFO->XNA,2,2,0,0.0
route,SGF->ATL,4,4,0,0.0
route,SGF->AZA,2,2,0,0.0
route,SGF->CLT,7,7,0,0.0
route,SGF->DEN,8,8,0,0.0
route,SGF->DFW,10,10,0,0.0
route,SGF->IAH,6,6,0,0.0
route,SGF->LAS,3,3,0,0.0
route,SGF->ORD,19,19,0,0.0
route,SGF->PGD,1,1,0,0.0
route,SGF->PIE,4,4,0,0.0
route,SGF->SFB,3,3,0,0.0
route,SGF->VPS,1,1,0,0.0
route,SGU->DEN,7,7,0,0.0
route,SGU->LAX,4,4,0,0.0
route,SHD->IAD,7,7,0,0.0
route,SHD->LWB,2,2,0,0.0
route,SHV->ATL,7,7,0,0.0
route,SHV->CLT,2,2,0,0.0
route,SHV->DEN,2,2,0,0.0
route,SHV->DFW,8,8,0,0.0
route,SHV->IAH,10,10,0,0.0
route,SHV->LAS,2,2,0,0.0
route,SHV->SFB,3,3,0,0.0
route,SIT->JNU,1,1,0,0.0
route,SIT->KTN,1,1,0,0.0
route,SJC->ATL,3,3,0,0.0
route,SJC->AUS,14,14,0,0.0
route,SJC->BNA,1,1,0,0.0
route,SJC->BOI,4,4,0,0.0
route,SJC->BOS,2,2,0,0.0
route,SJC->BUR,18,18,0,0.0
route,SJC->BWI,1,1,0,0.0
route,SJC->DAL,2,2,0,0.0
route,SJC->DEN,24,24,0,0.0
route,SJC->DFW,5,5,0,0.0
route,SJC->DTW,4,4,0,0.0
route,SJC->EWR,2,2,0,0.0
route,SJC->GEG,5,5,0,0.0
route,SJC->HNL,5,5,0,0.0
route,SJC->HOU,6,6,0,0.0
route,SJC->IAH,4,4,0,0.0
route,SJC->JFK,10,10,0,0.0
route,SJC->LAS,35,35,0,0.0
route,SJC->LAX,58,58,0,0.0
route,SJC->LGB,15,15,0,0.0
route,SJC->LIH,4,4,0,0.0
route,SJC->MCO,3,3,0,0.0
route,SJC->MDW,6,6,0,0.0
route,SJC->MSP,3,3,0,0.0
route,SJC->MSY,2,2,0,0.0
route,SJC->OGG,5,5,0,0.0
route,SJC->ONT,16,16,0,0.0
route,SJC->ORD,7,7,0,0.0
route,SJC->PAE,1,1,0,0.0
route,SJC->PDX,22,22,0,0.0
route,SJC->PHX,18,18,0,0.0
route,SJC->RNO,8,8,0,0.0
route,SJC->SAN,44,44,0,0.0
route,SJC->SEA,28,28,0,0.0
route,SJC->SLC,15,15,0,0.0
route,SJC->SNA,27,27,0,0.0
route,SJC->STL,1,1,0,0.0
route,SJC->TUL,1,1,0,0.0
route,SJC->TUS,4,4,0,0.0
route,SJT->DFW,6,6,0,0.0
route,SJU->ATL,4,4,0,0.0
route,SJU->BDL,6,6,0,0.0
route,SJU->BOS,11,11,0,0.0
route,SJU->BWI,3,3,0,0.0
route,SJU->CLT,2,2,0,0.0
route,SJU->DCA,6,6,0,0.0
route,SJU->DFW,1,1,0,0.0
route,SJU->EWR,11,11,0,0.0
route,SJU->FLL,49,49,0,0.0
route,SJU->HOU,4,4,0,0.0
route,SJU->IAD,1,1,0,0.0
route,SJU->IAH,3,3,0,0.0
route,SJU->ISP,2,2,0,0.0
route,SJU->JFK,18,18,0,0.0
route,SJU->MCO,51,51,0,0.0
route,SJU->MDW,1,1,0,0.0
route,SJU->MIA,15,15,0,0.0
route,SJU->ORD,6,6,0,0.0
route,SJU->PHL,10,10,0,0.0
route,SJU->SFB,1,1,0,0.0
route,SJU->STT,5,5,0,0.0
route,SJU->STX,2,2,0,0.0
route,SJU->TPA,16,16,0,0.0
route,SLC->ABQ,1,1,0,0.0
route,SLC->ASE,2,2,0,0.0
route,SLC->ATL,16,16,0,0.0
route,SLC->AUS,1,1,0,0.0
route,SLC->BIL,6,6,0,0.0
route,SLC->BNA,1,1,0,0.0
route,SLC->BOI,12,12,0,0.0
route,SLC->BOS,12,12,0,0.0
route,SLC->BTM,2,2,0,0.0
route,SLC->BUR,6,6,0,0.0
route,SLC->BWI,7,7,0,0.0
route,SLC->BZN,5,5,0,0.0
route,SLC->CDC,6,6,0,0.0
route,SLC->CLE,2,2,0,0.0
route,SLC->CLT,3,3,0,0.0
route,SLC->COD,1,1,0,0.0
route,SLC->COS,3,3,0,0.0
route,SLC->CPR,1,1,0,0.0
route,SLC->CVG,1,1,0,0.0
route,SLC->DAL,5,5,0,0.0
route,SLC->DEN,44,44,0,0.0
route,SLC->DFW,20,20,0,0.0
route,SLC->DSM,1,1,0,0.0
route,SLC->DTW,4,4,0,0.0
route,SLC->EKO,2,2,0,0.0
route,SLC->EUG,5,5,0,0.0
route,SLC->EWR,8,8,0,0.0
route,SLC->FAT,6,6,0,0.0
route,SLC->FCA,2,2,0,0.0
route,SLC->FLL,7,7,0,0.0
route,SLC->GEG,6,6,0,0.0
route,SLC->GJT,5,5,0,0.0
route,SLC->GTF,3,3,0,0.0
route,SLC->HLN,2,2,0,0.0
route,SLC->HNL,1,1,0,0.0
route,SLC->HOU,1,1,0,0.0
route,SLC->IAD,3,3,0,0.0
route,SLC->IAH,17,17,0,0.0
route,SLC->IDA,7,7,0,0.0
route,SLC->IND,1,1,0,0.0
route,SLC->JAC,3,3,0,0.0
route,SLC->JFK,10,10,0,0.0
route,SLC->LAS,18,18,0,0.0
route,SLC->LAX,27,27,0,0.0
route,SLC->LGB,10,10,0,0.0
route,SLC->LWS,3,3,0,0.0
route,SLC->MCI,4,4,0,0.0
route,SLC->MCO,8,8,0,0.0
route,SLC->MDW,7,7,0,0.0
route,SLC->MFR,3,3,0,0.0
route,SLC->MKE,1,1,0,0.0
route,SLC->MSN,2,2,0,0.0
route,SLC->MSO,4,4,0,0.0
route,SLC->MSP,13,13,0,0.0
route,SLC->MSY,3,3,0,0.0
route,SLC->OAK,12,12,0,0.0
route,SLC->OKC,4,4,0,0.0
route,SLC->OMA,2,2,0,0.0
route,SLC->ONT,4,4,0,0.0
route,SLC->ORD,11,11,0,0.0
route,SLC->PDX,11,11,0,0.0
route,SLC->PHX,32,32,0,0.0
route,SLC->PIH,5,5,0,0.0
route,SLC->PIT,1,1,0,0.0
route,SLC->PSC,3,3,0,0.0
route,SLC->PSP,3,3,0,0.0
route,SLC->RDM,3,3,0,0.0
route,SLC->RDU,4,4,0,0.0
route,SLC->RNO,4,4,0,0.0
route,SLC->SAN,12,12,0,0.0
route,SLC->SAT,2,2,0,0.0
route,SLC->SEA,21,21,0,0.0
route,SLC->SFO,12,12,0,0.0
route,SLC->SJC,15,15,0,0.0
route,SLC->SMF,12,12,0,0.0
route,SLC->SNA,2,2,0,0.0
route,SLC->STL,8,8,0,0.0
route,SLC->SUN,3,3,0,0.0
route,SLC->TUL,1,1,0,0.0
route,SLC->TUS,5,5,0,0.0
route,SLC->TWF,5,5,0,0.0
route,SLC->WYS,1,1,0,0.0
route,SLN->HYS,7,7,0,0.0
route,SLN->ORD,4,4,0,0.0
route,SMF->ATL,4,4,0,0.0
route,SMF->AUS,1,1,0,0.0
route,SMF->BOI,2,2,0,0.0
route,SMF->BOS,1,1,0,0.0
route,SMF->BUR,28,28,0,0.0
route,SMF->BWI,3,3,0,0.0
route,SMF->DAL,3,3,0,0.0
route,SMF->DEN,18,18,0,0.0
route,SMF->DFW,6,6,0,0.0
route,SMF->GEG,1,1,0,0.0
route,SMF->HNL,3,3,0,0.0
route,SMF->IAD,2,2,0,0.0
route,SMF->IAH,12,12,0,0.0
route,SMF->JFK,3,3,0,0.0
route,SMF->LAS,33,33,0,0.0
route,SMF->LAX,52,52,0,0.0
route,SMF->LGB,19,19,0,0.0
route,SMF->MDW,9,9,0,0.0
route,SMF->MSP,5,5,0,0.0
route,SMF->OGG,5,5,0,0.0
route,SMF->ONT,10,10,0,0.0
route,SMF->ORD,7,7,0,0.0
route,SMF->PDX,20,20,0,0.0
route,SMF->PHX,20,20,0,0.0
route,SMF->SAN,37,37,0,0.0
route,SMF->SEA,41,41,0,0.0
route,SMF->SFO,18,18,0,0.0
route,SMF->SLC,9,9,0,0.0
route,SMF->SNA,19,19,0,0.0
route,SMF->STL,2,2,0,0.0
route,SMX->LAS,3,3,0,0.0
route,SNA->ATL,1,1,0,0.0
route,SNA->DAL,6,6,0,0.0
route,SNA->DEN,32,32,0,0.0
route,SNA->DFW,12,12,0,0.0
route,SNA->DTW,2,2,0,0.0
route,SNA->EWR,8,8,0,0.0
route,SNA->HOU,6,6,0,0.0
route,SNA->IAH,16,16,0,0.0
route,SNA->LAS,25,25,0,0.0
route,SNA->MDW,1,1,0,0.0
route,SNA->MSP,4,4,0,0.0
route,SNA->OAK,32,32,0,0.0
route,SNA->ORD,14,14,0,0.0
route,SNA->PAE,1,1,0,0.0
route,SNA->PDX,8,8,0,0.0
route,SNA->PHX,26,26,0,0.0
route,SNA->SEA,11,11,0,0.0
route,SNA->SFO,28,28,0,0.0
route,SNA->SJC,27,27,0,0.0
route,SNA->SLC,5,5,0,0.0
route,SNA->SMF,19,19,0,0.0
route,SNA->STS,4,4,0,0.0
route,SPI->DFW,3,3,0,0.0
route,SPI->ORD,10,10,0,0.0
route,SPI->PGD,1,1,0,0.0
route,SPN->GUM,3,3,0,0.0
route,SPS->DFW,4,4,0,0.0
route,SRQ->ATL,8,8,0,0.0
route,SRQ->CLT,8,8,0,0.0
route,SRQ->CVG,1,1,0,0.0
route,SRQ->EWR,1,1,0,0.0
route,SRQ->IND,2,2,0,0.0
route,SRQ->JFK,3,3,0,0.0
route,SRQ->LCK,1,1,0,0.0
route,SRQ->ORD,5,5,0,0.0
route,SRQ->PIT,1,1,0,0.0
route,SRQ->RIC,1,1,0,0.0
route,STC->AZA,1,1,0,0.0
route,STL->ATL,30,30,0,0.0
route,STL->AUS,5,5,0,0.0
route,STL->BNA,10,10,0,0.0
route,STL->BOS,11,11,0,0.0
route,STL->BWI,20,20,0,0.0
route,STL->CHS,2,2,0,0.0
route,STL->CLE,9,9,0,0.0
route,STL->CLT,10,10,0,0.0
route,STL->CMH,6,6,0,0.0
route,STL->CVG,2,2,0,0.0
route,STL->DAL,16,16,0,0.0
route,STL->DCA,20,20,0,0.0
route,STL->DEN,46,46,0,0.0
route,STL->DFW,10,10,0,0.0
route,STL->DSM,5,5,0,0.0
route,STL->DTW,12,12,0,0.0
route,STL->ECP,4,4,0,0.0
route,STL->EWR,28,28,0,0.0
route,STL->FLL,5,5,0,0.0
route,STL->HOU,10,10,0,0.0
route,STL->IAD,16,16,0,0.0
route,STL->IAH,19,19,0,0.0
route,STL->ICT,6,6,0,0.0
route,STL->LAS,13,13,0,0.0
route,STL->LAX,11,11,0,0.0
route,STL->LGA,16,16,0,0.0
route,STL->LIT,7,7,0,0.0
route,STL->MCI,9,9,0,0.0
route,STL->MCO,16,16,0,0.0
route,STL->MDW,28,28,0,0.0
route,STL->MIA,6,6,0,0.0
route,STL->MKE,7,7,0,0.0
route,STL->MSP,11,11,0,0.0
route,STL->MSY,5,5,0,0.0
route,STL->OAK,3,3,0,0.0
route,STL->OKC,5,5,0,0.0
route,STL->OMA,13,13,0,0.0
route,STL->ORD,35,35,0,0.0
route,STL->PDX,2,2,0,0.0
route,STL->PHL,20,20,0,0.0
route,STL->PHX,12,12,0,0.0
route,STL->PIT,3,3,0,0.0
route,STL->RDU,9,9,0,0.0
route,STL->RSW,3,3,0,0.0
route,STL->SAN,7,7,0,0.0
route,STL->SAT,7,7,0,0.0
route,STL->SEA,9,9,0,0.0
route,STL->SFO,12,12,0,0.0
route,STL->SJC,1,1,0,0.0
route,STL->SLC,4,4,0,0.0
route,STL->SMF,4,4,0,0.0
route,STL->TPA,4,4,0,0.0
route,STL->TUL,5,5,0,0.0
route,STS->DEN,2,2,0,0.0
route,STS->DFW,3,3,0,0.0
route,STS->LAX,7,7,0,0.0
route,STS->PDX,4,4,0,0.0
route,STS->PHX,1,1,0,0.0
route,STS->SAN,3,3,0,0.0
route,STS->SEA,3,3,0,0.0
route,STS->SFO,9,9,0,0.0
route,STS->SNA,2,2,0,0.0
route,STT->ATL,1,1,0,0.0
route,STT->CLT,3,3,0,0.0
route,STT->EWR,1,1,0,0.0
route,STT->FLL,2,2,0,0.0
route,STT->IAD,3,3,0,0.0
route,STT->JFK,1,1,0,0.0
route,STT->SJU,9,9,0,0.0
route,STX->CLT,1,1,0,0.0
route,STX->MIA,2,2,0,0.0
route,STX->SJU,3,3,0,0.0
route,SUN->DEN,1,1,0,0.0
route,SUN->SEA,2,2,0,0.0
route,SUN->SLC,2,2,0,0.0
route,SWF->DTW,2,2,0,0.0
route,SWF->FLL,3,3,0,0.0
route,SWF->MCO,5,5,0,0.0
route,SWF->MYR,1,1,0,0.0
route,SWF->PGD,1,1,0,0.0
route,SWF->PHL,3,3,0,0.0
route,SWF->PIE,2,2,0,0.0
route,SWF->SFB,3,3,0,0.0
route,SWO->DFW,2,2,0,0.0
route,SYR->ATL,4,4,0,0.0
route,SYR->BNA,1,1,0,0.0
route,SYR->BOS,7,7,0,0.0
route,SYR->CLT,2,2,0,0.0
route,SYR->DCA,5,5,0,0.0
route,SYR->DEN,2,2,0,0.0
route,SYR->DTW,3,3,0,0.0
route,SYR->EWR,15,15,0,0.0
route,SYR->FLL,1,1,0,0.0
route,SYR->IAD,7,7,0,0.0
route,SYR->JFK,12,12,0,0.0
route,SYR->LGA,2,2,0,0.0
route,SYR->MCO,2,2,0,0.0
route,SYR->ORD,27,27,0,0.0
route,SYR->PHL,8,8,0,0.0
route,SYR->SFB,1,1,0,0.0
route,TLH->ATL,4,4,0,0.0
route,TLH->CLT,6,6,0,0.0
route,TLH->DCA,4,4,0,0.0
route,TLH->DFW,5,5,0,0.0
route,TLH->MIA,3,3,0,0.0
route,TOL->CLT,6,6,0,0.0
route,TOL->ORD,2,2,0,0.0
route,TOL->PGD,2,2,0,0.0
route,TOL->PIE,2,2,0,0.0
route,TOL->SFB,1,1,0,0.0
route,TPA->ACY,6,6,0,0.0
route,TPA->ALB,5,5,0,0.0
route,TPA->ATL,33,33,0,0.0
route,TPA->AUS,8,8,0,0.0
route,TPA->BDL,6,6,0,0.0
route,TPA->BHM,5,5,0,0.0
route,TPA->BNA,14,14,0,0.0
route,TPA->BOS,14,14,0,0.0
route,TPA->BUF,9,9,0,0.0
route,TPA->BWI,33,33,0,0.0
route,TPA->CLE,1,1,0,0.0
route,TPA->CLT,5,5,0,0.0
route,TPA->CMH,5,5,0,0.0
route,TPA->CVG,3,3,0,0.0
route,TPA->DAL,7,7,0,0.0
route,TPA->DCA,17,17,0,0.0
route,TPA->DEN,20,20,0,0.0
route,TPA->DFW,10,10,0,0.0
route,TPA->DTW,11,11,0,0.0
route,TPA->EWR,22,22,0,0.0
route,TPA->FLL,22,22,0,0.0
route,TPA->GSO,2,2,0,0.0
route,TPA->HOU,6,6,0,0.0
route,TPA->HPN,3,3,0,0.0
route,TPA->IAD,13,13,0,0.0
route,TPA->IAH,24,24,0,0.0
route,TPA->IND,9,9,0,0.0
route,TPA->ISP,4,4,0,0.0
route,TPA->JFK,18,18,0,0.0
route,TPA->LAS,6,6,0,0.0
route,TPA->LAX,3,3,0,0.0
route,TPA->LGA,11,11,0,0.0
route,TPA->MCI,6,6,0,0.0
route,TPA->MDW,15,15,0,0.0
route,TPA->MEM,4,4,0,0.0
route,TPA->MHT,5,5,0,0.0
route,TPA->MIA,2,2,0,0.0
route,TPA->MKE,4,4,0,0.0
route,TPA->MSP,4,4,0,0.0
route,TPA->MSY,9,9,0,0.0
route,TPA->ORD,17,17,0,0.0
route,TPA->PHL,8,8,0,0.0
route,TPA->PHX,7,7,0,0.0
route,TPA->PIT,9,9,0,0.0
route,TPA->PVD,10,10,0,0.0
route,TPA->RDU,10,10,0,0.0
route,TPA->SAN,1,1,0,0.0
route,TPA->SAT,2,2,0,0.0
route,TPA->SDF,2,2,0,0.0
route,TPA->SFO,1,1,0,0.0
route,TPA->SJU,9,9,0,0.0
route,TPA->STL,3,3,0,0.0
route,TRI->ATL,5,5,0,0.0
route,TRI->CLT,5,5,0,0.0
route,TRI->SFB,3,3,0,0.0
route,TTN->ATL,1,1,0,0.0
route,TTN->BNA,1,1,0,0.0
route,TTN->CHS,2,2,0,0.0
route,TTN->CLT,1,1,0,0.0
route,TTN->DTW,2,2,0,0.0
route,TTN->FLL,1,1,0,0.0
route,TTN->MCO,7,7,0,0.0
route,TTN->MSP,3,3,0,0.0
route,TTN->MYR,1,1,0,0.0
route,TTN->ORD,5,5,0,0.0
route,TTN->PBI,2,2,0,0.0
route,TTN->RDU,3,3,0,0.0
route,TTN->RSW,1,1,0,0.0
route,TUL->ATL,4,4,0,0.0
route,TUL->DAL,8,8,0,0.0
route,TUL->DEN,21,21,0,0.0
route,TUL->DFW,17,17,0,0.0
route,TUL->HOU,10,10,0,0.0
route,TUL->IAD,1,1,0,0.0
route,TUL->IAH,19,19,0,0.0
route,TUL->LAS,8,8,0,0.0
route,TUL->LAX,1,1,0,0.0
route,TUL->MCO,1,1,0,0.0
route,TUL->MSP,2,2,0,0.0
route,TUL->ORD,21,21,0,0.0
route,TUL->PHX,6,6,0,0.0
route,TUL->PIE,1,1,0,0.0
route,TUL->SFB,3,3,0,0.0
route,TUL->SLC,3,3,0,0.0
route,TUL->STL,5,5,0,0.0
route,TUL->VPS,2,2,0,0.0
route,TUS->ATL,1,1,0,0.0
route,TUS->DEN,16,16,0,0.0
route,TUS->DFW,8,8,0,0.0
route,TUS->IAH,9,9,0,0.0
route,TUS->LAS,9,9,0,0.0
route,TUS->LAX,18,18,0,0.0
route,TUS->MDW,4,4,0,0.0
route,TUS->ORD,6,6,0,0.0
route,TUS->PHX,12,12,0,0.0
route,TUS->SAN,5,5,0,0.0
route,TUS->SFO,8,8,0,0.0
route,TUS->SJC,3,3,0,0.0
route,TUS->SLC,5,5,0,0.0
route,TVC->DEN,2,2,0,0.0
route,TVC->DTW,8,8,0,0.0
route,TVC->EWR,3,3,0,0.0
route,TVC->MSP,5,5,0,0.0
route,TVC->ORD,23,23,0,0.0
route,TWF->SLC,4,4,0,0.0
route,TXK->DFW,3,3,0,0.0
route,TYR->DFW,3,3,0,0.0
route,TYS->ATL,7,7,0,0.0
route,TYS->BWI,1,1,0,0.0
route,TYS->CLT,8,8,0,0.0
route,TYS->DCA,1,1,0,0.0
route,TYS->DEN,13,13,0,0.0
route,TYS->DFW,5,5,0,0.0
route,TYS->DTW,4,4,0,0.0
route,TYS->EWR,7,7,0,0.0
route,TYS->FLL,4,4,0,0.0
route,TYS->IAD,16,16,0,0.0
route,TYS->IAH,10,10,0,0.0
route,TYS->LAS,2,2,0,0.0
route,TYS->LGA,4,4,0,0.0
route,TYS->MIA,4,4,0,0.0
route,TYS->MSP,2,2,0,0.0
route,TYS->ORD,18,18,0,0.0
route,TYS->PGD,1,1,0,0.0
route,TYS->PHL,3,3,0,0.0
route,TYS->PIE,4,4,0,0.0
route,TYS->PIT,1,1,0,0.0
route,TYS->SFB,5,5,0,0.0
route,UIN->CGI,3,3,0,0.0
route,UIN->ORD,6,6,0,0.0
route,USA->FLL,4,4,0,0.0
route,USA->PIE,8,8,0,0.0
route,USA->SFB,2,2,0,0.0
route,USA->VPS,2,2,0,0.0
route,VEL->DEN,3,3,0,0.0
route,VLD->ATL,6,6,0,0.0
route,VPS->ATL,8,8,0,0.0
route,VPS->AUS,2,2,0,0.0
route,VPS->BLV,4,4,0,0.0
route,VPS->BWI,2,2,0,0.0
route,VPS->CLE,1,1,0,0.0
route,VPS->CLT,6,6,0,0.0
route,VPS->CVG,5,5,0,0.0
route,VPS->DCA,1,1,0,0.0
route,VPS->DFW,5,5,0,0.0
route,VPS->EVV,1,1,0,0.0
route,VPS->EWR,3,3,0,0.0
route,VPS->IAH,10,10,0,0.0
route,VPS->IND,2,2,0,0.0
route,VPS->LEX,1,1,0,0.0
route,VPS->LIT,1,1,0,0.0
route,VPS->MCI,3,3,0,0.0
route,VPS->MEM,2,2,0,0.0
route,VPS->PIA,3,3,0,0.0
route,VPS->RFD,1,1,0,0.0
route,VPS->SDF,2,2,0,0.0
route,VPS->SGF,3,3,0,0.0
route,VPS->TUL,1,1,0,0.0
route,VPS->USA,2,2,0,0.0
route,VPS->XNA,4,4,0,0.0
route,WRG->KTN,3,3,0,0.0
route,WRG->PSG,1,1,0,0.0
route,WYS->SLC,3,3,0,0.0
route,XNA->ATL,11,11,0,0.0
route,XNA->BNA,1,1,0,0.0
route,XNA->CLT,9,9,0,0.0
route,XNA->DCA,3,3,0,0.0
route,XNA->DEN,3,3,0,0.0
route,XNA->DFW,12,12,0,0.0
route,XNA->EWR,5,5,0,0.0
route,XNA->IAH,14,14,0,0.0
route,XNA->LAS,1,1,0,0.0
route,XNA->LAX,3,3,0,0.0
route,XNA->LGA,4,4,0,0.0
route,XNA->MSP,2,2,0,0.0
route,XNA->ORD,33,33,0,0.0
route,XNA->SFB,1,1,0,0.0
route,XNA->SFO,5,5,0,0.0
route,XNA->VPS,1,1,0,0.0
route,YAK->CDV,2,2,0,0.0
route,YKM->SEA,3,3,0,0.0
route,YUM->DFW,2,2,0,0.0
route,YUM->PHX,5,5,0,0.0
Day_of_Month,1,1508,1508,0,0.0
Day_of_Month,10,1686,1686,0,0.0
Day_of_Month,11,1750,1750,0,0.0
Day_of_Month,12,1730,1730,0,0.0
Day_of_Month,13,1793,1793,0,0.0
Day_of_Month,14,1826,1826,0,0.0
Day_of_Month,15,1625,1625,0,0.0
Day_of_Month,16,1606,1606,0,0.0
Day_of_Month,17,1671,1671,0,0.0
Day_of_Month,18,1791,1791,0,0.0
Day_of_Month,19,1800,1800,0,0.0
Day_of_Month,2,1547,1547,0,0.0
Day_of_Month,20,1726,1726,0,0.0
Day_of_Month,21,1787,1787,0,0.0
Day_of_Month,22,1570,1570,0,0.0
Day_of_Month,23,1721,1721,0,0.0
Day_of_Month,24,1767,1767,0,0.0
Day_of_Month,25,1793,1793,0,0.0
Day_of_Month,26,1728,1728,0,0.0
Day_of_Month,27,1829,1829,0,0.0
Day_of_Month,28,1871,1871,0,0.0
Day_of_Month,29,1662,1662,0,0.0
Day_of_Month,3,1621,1621,0,0.0
Day_of_Month,30,1718,1718,0,0.0
Day_of_Month,4,1622,1622,0,0.0
Day_of_Month,5,1647,1647,0,0.0
Day_of_Month,6,1698,1698,0,0.0
Day_of_Month,7,1722,1722,0,0.0
Day_of_Month,8,1557,1557,0,0.0
Day_of_Month,9,1670,1670,0,0.0
