dimension,value,eligible_rows,matched_rows,unmatched_rows,unmatched_rate
Carrier_ID(DOT),19393,11304,11304,0,0.0
Carrier_ID(DOT),19687,965,965,0,0.0
Carrier_ID(DOT),19690,750,750,0,0.0
Carrier_ID(DOT),19790,7478,7478,0,0.0
Carrier_ID(DOT),19805,3347,3347,0,0.0
Carrier_ID(DOT),19930,1777,1777,0,0.0
Carrier_ID(DOT),19977,4575,4575,0,0.0
Carrier_ID(DOT),20046,689,689,0,0.0
Carrier_ID(DOT),20225,11,11,0,0.0
Carrier_ID(DOT),20237,580,580,0,0.0
Carrier_ID(DOT),20253,15,15,0,0.0
Carrier_ID(DOT),20263,76,75,1,0.013157894736842146
Carrier_ID(DOT),20304,6073,6073,0,0.0
Carrier_ID(DOT),20363,1886,1886,0,0.0
Carrier_ID(DOT),20366,1584,1584,0,0.0
Carrier_ID(DOT),20368,782,782,0,0.0
Carrier_ID(DOT),20378,1311,1311,0,0.0
Carrier_ID(DOT),20397,935,935,0,0.0
Carrier_ID(DOT),20398,1051,1051,0,0.0
Carrier_ID(DOT),20409,2639,2639,0,0.0
Carrier_ID(DOT),20416,1444,1444,0,0.0
Carrier_ID(DOT),20427,402,402,0,0.0
Carrier_ID(DOT),20436,1014,1014,0,0.0
Carrier_ID(DOT),20445,377,377,0,0.0
Carrier_ID(DOT),20452,1918,1918,0,0.0
Carrier_ID(DOT),20500,742,741,1,0.0013477088948786742
Carrier_ID(DOT),21167,644,640,4,0.006211180124223614
Carrier_ID(DOT),21171,361,361,0,0.0
Airline,(missing),5930,5929,1,0.0001686340640809636
Airline,Air Wisconsin Airlines Corp,624,624,0,0.0
Airline,Alaska Airlines Inc.,1571,1571,0,0.0
Airline,Allegiant Air,709,709,0,0.0
Airline,American Airlines Inc.,2972,2972,0,0.0
Airline,Cape Air,13,13,0,0.0
Airline,Capital Cargo International,359,359,0,0.0
Airline,Comair Inc.,843,843,0,0.0
Airline,"Commutair Aka Champlain Enterprises, Inc.",335,335,0,0.0
Airline,Compass Airlines,579,576,3,0.005181347150259086
Airline,Delta Air Lines Inc.,6643,6643,0,0.0
Airline,Empire Airlines Inc.,65,64,1,0.01538461538461533
Airline,Endeavor Air Inc.,1681,1681,0,0.0
Airline,Envoy Air,955,955,0,0.0
Airline,ExpressJet Airlines Inc.,1420,1420,0,0.0
Airline,Frontier Airlines Inc.,896,896,0,0.0
Airline,"GoJet Airlines, LLC d/b/a United Express",662,661,1,0.0015105740181269312
Airline,Hawaiian Airlines Inc.,672,672,0,0.0
Airline,Horizon Air,865,865,0,0.0
Airline,JetBlue Airways,2343,2343,0,0.0
Airline,Mesa Airlines Inc.,1170,1170,0,0.0
Airline,Peninsula Airways Inc.,11,11,0,0.0
Airline,Republic Airlines,1721,1721,0,0.0
Airline,SkyWest Airlines Inc.,5423,5423,0,0.0
Airline,Southwest Airlines Co.,10088,10088,0,0.0
Airline,Spirit Air Lines,1281,1281,0,0.0
Airline,Trans States Airlines,514,514,0,0.0
Airline,United Air Lines Inc.,4060,4060,0,0.0
Airline,Virgin America,325,325,0,0.0
carrier_group,previously-absent operator,4486,4480,6,0.0013374944271065115
carrier_group,reporting carrier,50244,50244,0,0.0
route,ABE->ATL,7,7,0,0.0
route,ABE->CLT,1,1,0,0.0
route,ABE->DTW,10,10,0,0.0
route,ABE->ORD,4,4,0,0.0
route,ABE->PGD,1,1,0,0.0
route,ABE->PHL,1,1,0,0.0
route,ABE->PIE,1,1,0,0.0
route,ABE->SFB,5,5,0,0.0
route,ABI->DFW,12,12,0,0.0
route,ABQ->ATL,10,10,0,0.0
route,ABQ->AUS,6,6,0,0.0
route,ABQ->BWI,3,3,0,0.0
route,ABQ->DAL,16,16,0,0.0
route,ABQ->DEN,12,12,0,0.0
route,ABQ->DFW,8,8,0,0.0
route,ABQ->HOU,10,10,0,0.0
route,ABQ->IAH,11,11,0,0.0
route,ABQ->LAS,12,12,0,0.0
route,ABQ->LAX,18,18,0,0.0
route,ABQ->MCI,3,3,0,0.0
route,ABQ->MCO,1,1,0,0.0
route,ABQ->MDW,6,6,0,0.0
route,ABQ->OAK,5,5,0,0.0
route,ABQ->ORD,8,8,0,0.0
route,ABQ->PDX,4,4,0,0.0
route,ABQ->PHX,26,26,0,0.0
route,ABQ->SAN,7,7,0,0.0
route,ABQ->SEA,2,2,0,0.0
route,ABQ->SFO,12,12,0,0.0
route,ABQ->SJC,1,1,0,0.0
route,ABQ->SLC,4,4,0,0.0
route,ABR->MSP,4,4,0,0.0
route,ABY->ATL,5,5,0,0.0
route,ACT->DFW,1,1,0,0.0
route,ACV->LAX,1,1,0,0.0
route,ACV->SFO,6,6,0,0.0
route,ACY->FLL,8,8,0,0.0
route,ACY->MCO,5,5,0,0.0
route,ACY->MYR,2,2,0,0.0
route,ACY->PBI,2,2,0,0.0
route,ACY->RSW,5,5,0,0.0
route,ACY->TPA,3,3,0,0.0
route,ADK->ANC,1,1,0,0.0
route,ADQ->ANC,5,5,0,0.0
route,AEX->ATL,18,18,0,0.0
route,AEX->DFW,1,1,0,0.0
route,AEX->IAH,1,1,0,0.0
route,AGS->ATL,26,26,0,0.0
route,AGS->CLT,12,12,0,0.0
route,ALB->ATL,10,10,0,0.0
route,ALB->BWI,15,15,0,0.0
route,ALB->CLT,3,3,0,0.0
route,ALB->DCA,7,7,0,0.0
route,ALB->DEN,1,1,0,0.0
route,ALB->DTW,9,9,0,0.0
route,ALB->EWR,16,16,0,0.0
route,ALB->FLL,6,6,0,0.0
route,ALB->IAD,9,9,0,0.0
route,ALB->MCO,15,15,0,0.0
route,ALB->MDW,7,7,0,0.0
route,ALB->ORD,17,17,0,0.0
route,ALB->PHL,9,9,0,0.0
route,ALB->PIE,1,1,0,0.0
route,ALB->RSW,2,2,0,0.0
route,ALB->SFB,2,2,0,0.0
route,ALB->TPA,1,1,0,0.0
route,ALO->ORD,2,2,0,0.0
route,ALW->SEA,4,4,0,0.0
route,AMA->DAL,8,8,0,0.0
route,AMA->DEN,3,3,0,0.0
route,AMA->DFW,6,6,0,0.0
route,AMA->IAH,6,6,0,0.0
route,AMA->LAS,2,2,0,0.0
route,AMA->PHX,1,1,0,0.0
route,ANC->ADK,2,2,0,0.0
route,ANC->ADQ,5,5,0,0.0
route,ANC->BET,10,10,0,0.0
route,ANC->CDV,5,5,0,0.0
route,ANC->DEN,4,4,0,0.0
route,ANC->DUT,6,6,0,0.0
route,ANC->FAI,21,21,0,0.0
route,ANC->HNL,2,2,0,0.0
route,ANC->JNU,10,10,0,0.0
route,ANC->KOA,1,1,0,0.0
route,ANC->LAX,5,5,0,0.0
route,ANC->MSP,4,4,0,0.0
route,ANC->OGG,2,2,0,0.0
route,ANC->OME,1,1,0,0.0
route,ANC->OTZ,4,4,0,0.0
route,ANC->PDX,6,6,0,0.0
route,ANC->PHX,1,1,0,0.0
route,ANC->SCC,4,4,0,0.0
route,ANC->SEA,45,45,0,0.0
route,ANC->SFO,1,1,0,0.0
route,APN->DTW,3,3,0,0.0
route,APN->PLN,2,2,0,0.0
route,ART->PHL,4,4,0,0.0
route,ASE->ATL,4,4,0,0.0
route,ASE->DEN,14,14,0,0.0
route,ASE->DFW,3,3,0,0.0
route,ASE->IAH,10,10,0,0.0
route,ASE->LAX,16,16,0,0.0
route,ASE->MSP,1,1,0,0.0
route,ASE->ORD,15,15,0,0.0
route,ASE->SFO,6,6,0,0.0
route,ASE->SLC,4,4,0,0.0
route,ATL->ABE,5,5,0,0.0
route,ATL->ABQ,5,5,0,0.0
route,ATL->ABY,7,7,0,0.0
route,ATL->AEX,12,12,0,0.0
route,ATL->AGS,24,24,0,0.0
route,ATL->ALB,10,10,0,0.0
route,ATL->ASE,1,1,0,0.0
route,ATL->ATW,3,3,0,0.0
route,ATL->AUS,26,26,0,0.0
route,ATL->AVL,19,19,0,0.0
route,ATL->AVP,1,1,0,0.0
route,ATL->BDL,22,22,0,0.0
route,ATL->BHM,30,30,0,0.0
route,ATL->BMI,5,5,0,0.0
route,ATL->BNA,26,26,0,0.0
route,ATL->BOS,60,60,0,0.0
route,ATL->BQK,9,9,0,0.0
route,ATL->BTR,14,14,0,0.0
route,ATL->BUF,16,16,0,0.0
route,ATL->BWI,49,49,0,0.0
route,ATL->CAE,18,18,0,0.0
route,ATL->CAK,9,9,0,0.0
route,ATL->CHA,30,30,0,0.0
route,ATL->CHO,17,17,0,0.0
route,ATL->CHS,15,15,0,0.0
route,ATL->CID,3,3,0,0.0
route,ATL->CLE,33,33,0,0.0
route,ATL->CLT,45,45,0,0.0
route,ATL->CMH,23,23,0,0.0
route,ATL->COS,3,3,0,0.0
route,ATL->CRW,14,14,0,0.0
route,ATL->CSG,10,10,0,0.0
route,ATL->CVG,19,19,0,0.0
route,ATL->DAB,12,12,0,0.0
route,ATL->DAL,32,32,0,0.0
route,ATL->DAY,11,11,0,0.0
route,ATL->DCA,48,48,0,0.0
route,ATL->DEN,46,46,0,0.0
route,ATL->DFW,51,51,0,0.0
route,ATL->DHN,15,15,0,0.0
route,ATL->DSM,8,8,0,0.0
route,ATL->DTW,47,47,0,0.0
route,ATL->ECP,15,15,0,0.0
route,ATL->EGE,1,1,0,0.0
route,ATL->ELM,1,1,0,0.0
route,ATL->ELP,8,8,0,0.0
route,ATL->EVV,7,7,0,0.0
route,ATL->EWN,4,4,0,0.0
route,ATL->EWR,55,55,0,0.0
route,ATL->EYW,17,17,0,0.0
route,ATL->FAR,1,1,0,0.0
route,ATL->FAY,20,20,0,0.0
route,ATL->FLL,72,72,0,0.0
route,ATL->FNT,7,7,0,0.0
route,ATL->FSD,3,3,0,0.0
route,ATL->FSM,5,5,0,0.0
route,ATL->FWA,11,11,0,0.0
route,ATL->GNV,19,19,0,0.0
route,ATL->GPT,6,6,0,0.0
route,ATL->GRB,3,3,0,0.0
route,ATL->GRR,16,16,0,0.0
route,ATL->GSO,12,12,0,0.0
route,ATL->GSP,30,30,0,0.0
route,ATL->GTR,11,11,0,0.0
route,ATL->HDN,3,3,0,0.0
route,ATL->HNL,3,3,0,0.0
route,ATL->HOU,33,33,0,0.0
route,ATL->HPN,16,16,0,0.0
route,ATL->HSV,25,25,0,0.0
route,ATL->IAD,36,36,0,0.0
route,ATL->IAH,41,41,0,0.0
route,ATL->ICT,8,8,0,0.0
route,ATL->ILM,21,21,0,0.0
route,ATL->IND,30,30,0,0.0
route,ATL->JAN,14,14,0,0.0
route,ATL->JAX,46,46,0,0.0
route,ATL->JFK,30,30,0,0.0
route,ATL->LAS,38,38,0,0.0
route,ATL->LAX,54,54,0,0.0
route,ATL->LEX,12,12,0,0.0
route,ATL->LFT,16,16,0,0.0
route,ATL->LGA,83,83,0,0.0
route,ATL->LIT,9,9,0,0.0
route,ATL->MCI,30,30,0,0.0
route,ATL->MCO,87,87,0,0.0
route,ATL->MDT,5,5,0,0.0
route,ATL->MDW,20,20,0,0.0
route,ATL->MEM,26,26,0,0.0
route,ATL->MGM,14,14,0,0.0
route,ATL->MHT,4,4,0,0.0
route,ATL->MIA,42,42,0,0.0
route,ATL->MKE,27,27,0,0.0
route,ATL->MLB,19,19,0,0.0
route,ATL->MLI,14,14,0,0.0
route,ATL->MLU,12,12,0,0.0
route,ATL->MOB,17,17,0,0.0
route,ATL->MSN,8,8,0,0.0
route,ATL->MSP,42,42,0,0.0
route,ATL->MSY,48,48,0,0.0
route,ATL->MTJ,2,2,0,0.0
route,ATL->MYR,14,14,0,0.0
route,ATL->OAJ,9,9,0,0.0
route,ATL->OAK,4,4,0,0.0
route,ATL->OKC,10,10,0,0.0
route,ATL->OMA,13,13,0,0.0
route,ATL->ORD,63,63,0,0.0
route,ATL->ORF,20,20,0,0.0
route,ATL->PBI,40,40,0,0.0
route,ATL->PDX,12,12,0,0.0
route,ATL->PHF,16,16,0,0.0
route,ATL->PHL,48,48,0,0.0
route,ATL->PHX,29,29,0,0.0
route,ATL->PIA,9,9,0,0.0
route,ATL->PIT,30,30,0,0.0
route,ATL->PNS,22,22,0,0.0
route,ATL->PVD,5,5,0,0.0
route,ATL->PWM,1,1,0,0.0
route,ATL->RDU,41,41,0,0.0
route,ATL->RIC,45,45,0,0.0
route,ATL->ROA,13,13,0,0.0
route,ATL->ROC,14,14,0,0.0
route,ATL->RST,2,2,0,0.0
route,ATL->RSW,31,31,0,0.0
route,ATL->SAN,12,12,0,0.0
route,ATL->SAT,40,40,0,0.0
route,ATL->SAV,19,19,0,0.0
route,ATL->SBN,11,11,0,0.0
route,ATL->SDF,16,16,0,0.0
route,ATL->SEA,19,19,0,0.0
route,ATL->SFO,29,29,0,0.0
route,ATL->SGF,11,11,0,0.0
route,ATL->SHV,19,19,0,0.0
route,ATL->SJC,10,10,0,0.0
route,ATL->SJU,13,13,0,0.0
route,ATL->SLC,23,23,0,0.0
route,ATL->SMF,12,12,0,0.0
route,ATL->SNA,6,6,0,0.0
route,ATL->SRQ,11,11,0,0.0
route,ATL->STL,26,26,0,0.0
route,ATL->STT,3,3,0,0.0
route,ATL->STX,1,1,0,0.0
route,ATL->SYR,10,10,0,0.0
route,ATL->TLH,12,12,0,0.0
route,ATL->TPA,76,76,0,0.0
route,ATL->TRI,12,12,0,0.0
route,ATL->TTN,1,1,0,0.0
route,ATL->TUL,11,11,0,0.0
route,ATL->TUS,11,11,0,0.0
route,ATL->TYS,21,21,0,0.0
route,ATL->VLD,8,8,0,0.0
route,ATL->VPS,23,23,0,0.0
route,ATL->XNA,12,12,0,0.0
route,ATW->ATL,4,4,0,0.0
route,ATW->AZA,1,1,0,0.0
route,ATW->DEN,2,2,0,0.0
route,ATW->DTW,12,12,0,0.0
route,ATW->LAS,1,1,0,0.0
route,ATW->MSP,7,7,0,0.0
route,ATW->ORD,24,24,0,0.0
route,ATW->PGD,1,1,0,0.0
route,ATW->PIE,3,3,0,0.0
route,ATW->SFB,1,1,0,0.0
route,AUS->ABQ,2,2,0,0.0
route,AUS->ATL,35,35,0,0.0
route,AUS->BNA,7,7,0,0.0
route,AUS->BOS,11,11,0,0.0
route,AUS->BWI,6,6,0,0.0
route,AUS->CLT,6,6,0,0.0
route,AUS->CVG,2,2,0,0.0
route,AUS->DAL,29,29,0,0.0
route,AUS->DCA,5,5,0,0.0
route,AUS->DEN,36,36,0,0.0
route,AUS->DFW,17,17,0,0.0
route,AUS->DTW,6,6,0,0.0
route,AUS->ELP,7,7,0,0.0
route,AUS->EWR,19,19,0,0.0
route,AUS->FLL,5,5,0,0.0
route,AUS->HOU,20,20,0,0.0
route,AUS->HRL,3,3,0,0.0
route,AUS->IAD,7,7,0,0.0
route,AUS->IAH,21,21,0,0.0
route,AUS->JFK,14,14,0,0.0
route,AUS->LAS,17,17,0,0.0
route,AUS->LAX,22,22,0,0.0
route,AUS->LGB,4,4,0,0.0
route,AUS->MCI,4,4,0,0.0
route,AUS->MCO,9,9,0,0.0
route,AUS->MDW,8,8,0,0.0
route,AUS->MIA,6,6,0,0.0
route,AUS->MSP,5,5,0,0.0
route,AUS->MSY,5,5,0,0.0
route,AUS->OAK,2,2,0,0.0
route,AUS->ORD,8,8,0,0.0
route,AUS->PDX,3,3,0,0.0
route,AUS->PHX,23,23,0,0.0
route,AUS->PIE,1,1,0,0.0
route,AUS->PIT,1,1,0,0.0
route,AUS->RDU,3,3,0,0.0
route,AUS->SAN,14,14,0,0.0
route,AUS->SEA,8,8,0,0.0
route,AUS->SFB,1,1,0,0.0
route,AUS->SFO,23,23,0,0.0
route,AUS->SJC,11,11,0,0.0
route,AUS->SLC,3,3,0,0.0
route,AUS->SMF,1,1,0,0.0
route,AUS->SNA,3,3,0,0.0
route,AUS->STL,3,3,0,0.0
route,AUS->TPA,4,4,0,0.0
route,AVL->ATL,17,17,0,0.0
route,AVL->CLT,9,9,0,0.0
route,AVL->EWR,5,5,0,0.0
route,AVL->FLL,7,7,0,0.0
route,AVL->ORD,8,8,0,0.0
route,AVL->PGD,1,1,0,0.0
route,AVL->PIE,3,3,0,0.0
route,AVL->SFB,1,1,0,0.0
route,AVP->ATL,1,1,0,0.0
route,AVP->CLT,7,7,0,0.0
route,AVP->DTW,8,8,0,0.0
route,AVP->EWR,6,6,0,0.0
route,AVP->IAD,2,2,0,0.0
route,AVP->ORD,7,7,0,0.0
route,AVP->PHL,3,3,0,0.0
route,AZA->ATW,3,3,0,0.0
route,AZA->BIL,2,2,0,0.0
route,AZA->BIS,1,1,0,0.0
route,AZA->BOI,2,2,0,0.0
route,AZA->CVG,1,1,0,0.0
route,AZA->DSM,2,2,0,0.0
route,AZA->EUG,1,1,0,0.0
route,AZA->FAR,1,1,0,0.0
route,AZA->FSD,1,1,0,0.0
route,AZA->FWA,1,1,0,0.0
route,AZA->GFK,1,1,0,0.0
route,AZA->GRI,1,1,0,0.0
route,AZA->GRR,3,3,0,0.0
route,AZA->IDA,2,2,0,0.0
route,AZA->MCI,1,1,0,0.0
route,AZA->MLI,2,2,0,0.0
route,AZA->MOT,2,2,0,0.0
route,AZA->MSO,2,2,0,0.0
route,AZA->OAK,2,2,0,0.0
route,AZA->OGD,2,2,0,0.0
route,AZA->OMA,1,1,0,0.0
route,AZA->PIA,2,2,0,0.0
route,AZA->PSC,1,1,0,0.0
route,AZA->RAP,1,1,0,0.0
route,AZA->RFD,3,3,0,0.0
route,AZA->SDF,1,1,0,0.0
route,AZA->SGF,1,1,0,0.0
route,AZA->STC,1,1,0,0.0
route,AZO->DTW,12,12,0,0.0
route,AZO->MSP,4,4,0,0.0
route,AZO->ORD,10,10,0,0.0
route,BDL->ATL,21,21,0,0.0
route,BDL->BWI,16,16,0,0.0
route,BDL->CLE,2,2,0,0.0
route,BDL->CLT,12,12,0,0.0
route,BDL->CVG,2,2,0,0.0
route,BDL->DCA,10,10,0,0.0
route,BDL->DEN,6,6,0,0.0
route,BDL->DFW,1,1,0,0.0
route,BDL->DTW,13,13,0,0.0
route,BDL->EWR,6,6,0,0.0
route,BDL->FLL,13,13,0,0.0
route,BDL->IAD,11,11,0,0.0
route,BDL->IAH,2,2,0,0.0
route,BDL->LAX,1,1,0,0.0
route,BDL->MCO,19,19,0,0.0
route,BDL->MDW,5,5,0,0.0
route,BDL->MIA,2,2,0,0.0
route,BDL->MSP,9,9,0,0.0
route,BDL->ORD,10,10,0,0.0
route,BDL->PBI,3,3,0,0.0
route,BDL->PHL,7,7,0,0.0
route,BDL->RDU,3,3,0,0.0
route,BDL->RSW,10,10,0,0.0
route,BDL->SJU,6,6,0,0.0
route,BDL->STL,1,1,0,0.0
route,BDL->TPA,12,12,0,0.0
route,BET->ANC,5,5,0,0.0
route,BFL->DEN,5,5,0,0.0
route,BFL->PHX,6,6,0,0.0
route,BFL->SFO,1,1,0,0.0
route,BGM->DTW,7,7,0,0.0
route,BGR->DCA,1,1,0,0.0
route,BGR->EWR,8,8,0,0.0
route,BGR->JFK,3,3,0,0.0
route,BGR->LGA,12,12,0,0.0
route,BGR->PHL,6,6,0,0.0
route,BGR->SFB,1,1,0,0.0
route,BHM->ATL,22,22,0,0.0
route,BHM->BWI,5,5,0,0.0
route,BHM->CLT,10,10,0,0.0
route,BHM->DAL,6,6,0,0.0
route,BHM->DCA,2,2,0,0.0
route,BHM->DEN,5,5,0,0.0
route,BHM->DFW,8,8,0,0.0
route,BHM->DTW,12,12,0,0.0
route,BHM->HOU,3,3,0,0.0
route,BHM->IAH,9,9,0,0.0
route,BHM->LAS,4,4,0,0.0
route,BHM->LGA,8,8,0,0.0
route,BHM->MCO,8,8,0,0.0
route,BHM->MDW,5,5,0,0.0
route,BHM->MIA,1,1,0,0.0
route,BHM->ORD,9,9,0,0.0
route,BHM->PHL,1,1,0,0.0
route,BHM->TPA,6,6,0,0.0
route,BIL->AZA,2,2,0,0.0
route,BIL->DEN,16,16,0,0.0
route,BIL->DFW,1,1,0,0.0
route,BIL->MSP,5,5,0,0.0
route,BIL->PDX,6,6,0,0.0
route,BIL->SEA,9,9,0,0.0
route,BIL->SLC,7,7,0,0.0
route,BIS->AZA,2,2,0,0.0
route,BIS->DEN,10,10,0,0.0
route,BIS->LAS,3,3,0,0.0
route,BIS->MSP,16,16,0,0.0
route,BIS->ORD,3,3,0,0.0
route,BIS->SFB,1,1,0,0.0
route,BJI->MSP,7,7,0,0.0
route,BLI->LAS,4,4,0,0.0
route,BLI->LAX,3,3,0,0.0
route,BLI->OGG,2,2,0,0.0
route,BLI->PDX,3,3,0,0.0
route,BLI->PSP,1,1,0,0.0
route,BLI->SEA,18,18,0,0.0
route,BLI->TUS,1,1,0,0.0
route,BLV->AZA,3,3,0,0.0
route,BLV->LAS,4,4,0,0.0
route,BLV->PGD,1,1,0,0.0
route,BLV->VPS,1,1,0,0.0
route,BMI->ATL,13,13,0,0.0
route,BMI->DFW,2,2,0,0.0
route,BMI->MCO,1,1,0,0.0
route,BNA->ATL,35,35,0,0.0
route,BNA->AUS,5,5,0,0.0
route,BNA->BOS,13,13,0,0.0
route,BNA->BWI,22,22,0,0.0
route,BNA->CHS,3,3,0,0.0
route,BNA->CLE,5,5,0,0.0
route,BNA->CLT,14,14,0,0.0
route,BNA->CMH,4,4,0,0.0
route,BNA->CVG,5,5,0,0.0
route,BNA->DAL,15,15,0,0.0
route,BNA->DCA,16,16,0,0.0
route,BNA->DEN,22,22,0,0.0
route,BNA->DFW,11,11,0,0.0
route,BNA->DTW,21,21,0,0.0
route,BNA->ECP,8,8,0,0.0
route,BNA->EWR,17,17,0,0.0
route,BNA->FLL,17,17,0,0.0
route,BNA->HOU,13,13,0,0.0
route,BNA->IAD,14,14,0,0.0
route,BNA->IAH,12,12,0,0.0
route,BNA->JAX,6,6,0,0.0
route,BNA->JFK,7,7,0,0.0
route,BNA->LAS,14,14,0,0.0
route,BNA->LAX,8,8,0,0.0
route,BNA->LGA,32,32,0,0.0
route,BNA->MCI,9,9,0,0.0
route,BNA->MCO,17,17,0,0.0
route,BNA->MDW,20,20,0,0.0
route,BNA->MIA,2,2,0,0.0
route,BNA->MKE,4,4,0,0.0
route,BNA->MSP,13,13,0,0.0
route,BNA->MSY,15,15,0,0.0
route,BNA->OAK,3,3,0,0.0
route,BNA->ORD,29,29,0,0.0
route,BNA->PGD,1,1,0,0.0
route,BNA->PHL,12,12,0,0.0
route,BNA->PHX,14,14,0,0.0
route,BNA->PIE,1,1,0,0.0
route,BNA->PIT,8,8,0,0.0
route,BNA->PNS,6,6,0,0.0
route,BNA->RDU,14,14,0,0.0
route,BNA->RSW,4,4,0,0.0
route,BNA->SAN,7,7,0,0.0
route,BNA->SAT,4,4,0,0.0
route,BNA->SEA,10,10,0,0.0
route,BNA->SFO,10,10,0,0.0
route,BNA->SLC,3,3,0,0.0
route,BNA->STL,2,2,0,0.0
route,BNA->TPA,11,11,0,0.0
route,BOI->DEN,24,24,0,0.0
route,BOI->DFW,5,5,0,0.0
route,BOI->GEG,13,13,0,0.0
route,BOI->IAH,2,2,0,0.0
route,BOI->LAS,5,5,0,0.0
route,BOI->LAX,5,5,0,0.0
route,BOI->LWS,3,3,0,0.0
route,BOI->MSP,6,6,0,0.0
route,BOI->OAK,9,9,0,0.0
route,BOI->ORD,5,5,0,0.0
route,BOI->PDX,15,15,0,0.0
route,BOI->PHX,5,5,0,0.0
route,BOI->RNO,2,2,0,0.0
route,BOI->SAN,7,7,0,0.0
route,BOI->SEA,40,40,0,0.0
route,BOI->SFO,15,15,0,0.0
route,BOI->SJC,6,6,0,0.0
route,BOI->SLC,21,21,0,0.0
route,BOI->SMF,4,4,0,0.0
route,BOS->ATL,52,52,0,0.0
route,BOS->AUS,7,7,0,0.0
route,BOS->BNA,23,23,0,0.0
route,BOS->BUF,23,23,0,0.0
route,BOS->BUR,2,2,0,0.0
route,BOS->BWI,51,51,0,0.0
route,BOS->CHS,5,5,0,0.0
route,BOS->CLE,16,16,0,0.0
route,BOS->CLT,20,20,0,0.0
route,BOS->CMH,7,7,0,0.0
route,BOS->CVG,13,13,0,0.0
route,BOS->DAL,3,3,0,0.0
route,BOS->DCA,45,45,0,0.0
route,BOS->DEN,26,26,0,0.0
route,BOS->DFW,13,13,0,0.0
route,BOS->DTW,31,31,0,0.0
route,BOS->EWR,41,41,0,0.0
route,BOS->FLL,31,31,0,0.0
route,BOS->HDN,1,1,0,0.0
route,BOS->HOU,3,3,0,0.0
route,BOS->IAD,13,13,0,0.0
route,BOS->IAH,12,12,0,0.0
route,BOS->IND,7,7,0,0.0
route,BOS->JAX,16,16,0,0.0
route,BOS->JFK,41,41,0,0.0
route,BOS->LAS,14,14,0,0.0
route,BOS->LAX,33,33,0,0.0
route,BOS->LGA,67,67,0,0.0
route,BOS->LGB,6,6,0,0.0
route,BOS->MCI,6,6,0,0.0
route,BOS->MCO,41,41,0,0.0
route,BOS->MDW,13,13,0,0.0
route,BOS->MIA,5,5,0,0.0
route,BOS->MKE,8,8,0,0.0
route,BOS->MSP,23,23,0,0.0
route,BOS->MSY,6,6,0,0.0
route,BOS->MYR,2,2,0,0.0
route,BOS->ORD,43,43,0,0.0
route,BOS->PBI,25,25,0,0.0
route,BOS->PDX,1,1,0,0.0
route,BOS->PHL,36,36,0,0.0
route,BOS->PHX,11,11,0,0.0
route,BOS->PIT,21,21,0,0.0
route,BOS->RDU,38,38,0,0.0
route,BOS->RIC,17,17,0,0.0
route,BOS->ROC,3,3,0,0.0
route,BOS->RSW,42,42,0,0.0
route,BOS->SAN,8,8,0,0.0
route,BOS->SAV,6,6,0,0.0
route,BOS->SEA,12,12,0,0.0
route,BOS->SFO,43,43,0,0.0
route,BOS->SJC,3,3,0,0.0
route,BOS->SJU,9,9,0,0.0
route,BOS->SLC,3,3,0,0.0
route,BOS->SRQ,5,5,0,0.0
route,BOS->STL,9,9,0,0.0
route,BOS->SYR,7,7,0,0.0
route,BOS->TPA,30,30,0,0.0
route,BPT->DFW,5,5,0,0.0
route,BQK->ATL,9,9,0,0.0
route,BQN->EWR,1,1,0,0.0
route,BQN->FLL,4,4,0,0.0
route,BQN->JFK,5,5,0,0.0
route,BQN->MCO,4,4,0,0.0
route,BRD->MSP,8,8,0,0.0
route,BRO->DFW,3,3,0,0.0
route,BRO->IAH,7,7,0,0.0
route,BRW->ANC,2,2,0,0.0
route,BRW->FAI,4,4,0,0.0
route,BTM->SLC,2,2,0,0.0
route,BTR->ATL,12,12,0,0.0
route,BTR->CLT,3,3,0,0.0
route,BTR->DCA,2,2,0,0.0
route,BTR->DFW,10,10,0,0.0
route,BTR->IAH,20,20,0,0.0
route,BTV->ATL,2,2,0,0.0
route,BTV->CLT,4,4,0,0.0
route,BTV->DCA,9,9,0,0.0
route,BTV->DTW,5,5,0,0.0
route,BTV->EWR,13,13,0,0.0
route,BTV->IAD,12,12,0,0.0
route,BTV->JFK,11,11,0,0.0
route,BTV->LGA,8,8,0,0.0
route,BTV->ORD,5,5,0,0.0
route,BTV->PHL,8,8,0,0.0
route,BUF->ATL,15,15,0,0.0
route,BUF->BOS,16,16,0,0.0
route,BUF->BWI,21,21,0,0.0
route,BUF->CLT,2,2,0,0.0
route,BUF->DCA,3,3,0,0.0
route,BUF->DEN,1,1,0,0.0
route,BUF->DTW,6,6,0,0.0
route,BUF->EWR,21,21,0,0.0
route,BUF->FLL,7,7,0,0.0
route,BUF->IAD,3,3,0,0.0
route,BUF->JFK,24,24,0,0.0
route,BUF->LAS,2,2,0,0.0
route,BUF->LGA,13,13,0,0.0
route,BUF->MCO,20,20,0,0.0
route,BUF->MDW,10,10,0,0.0
route,BUF->MIA,2,2,0,0.0
route,BUF->MSP,1,1,0,0.0
route,BUF->ORD,14,14,0,0.0
route,BUF->PHL,8,8,0,0.0
route,BUF->PHX,2,2,0,0.0
route,BUF->RSW,2,2,0,0.0
route,BUF->TPA,8,8,0,0.0
route,BUR->BOS,1,1,0,0.0
route,BUR->DAL,5,5,0,0.0
route,BUR->DEN,17,17,0,0.0
route,BUR->HOU,3,3,0,0.0
route,BUR->JFK,2,2,0,0.0
route,BUR->LAS,28,28,0,0.0
route,BUR->MDW,2,2,0,0.0
route,BUR->OAK,35,35,0,0.0
route,BUR->PDX,8,8,0,0.0
route,BUR->PHX,25,25,0,0.0
route,BUR->SEA,7,7,0,0.0
route,BUR->SFO,27,27,0,0.0
route,BUR->SJC,35,35,0,0.0
route,BUR->SLC,12,12,0,0.0
route,BUR->SMF,19,19,0,0.0
route,BWI->ABQ,1,1,0,0.0
route,BWI->ALB,15,15,0,0.0
route,BWI->ATL,48,48,0,0.0
route,BWI->AUS,7,7,0,0.0
route,BWI->BDL,13,13,0,0.0
route,BWI->BHM,1,1,0,0.0
route,BWI->BNA,25,25,0,0.0
route,BWI->BOS,35,35,0,0.0
route,BWI->BUF,10,10,0,0.0
route,BWI->CHS,5,5,0,0.0
route,BWI->CLE,7,7,0,0.0
route,BWI->CLT,22,22,0,0.0
route,BWI->CMH,11,11,0,0.0
route,BWI->CVG,15,15,0,0.0
route,BWI->DAL,13,13,0,0.0
route,BWI->DEN,18,18,0,0.0
route,BWI->DFW,10,10,0,0.0
route,BWI->DTW,22,22,0,0.0
route,BWI->EWR,11,11,0,0.0
route,BWI->FLL,38,38,0,0.0
route,BWI->GRR,4,4,0,0.0
route,BWI->HOU,11,11,0,0.0
route,BWI->IAH,8,8,0,0.0
route,BWI->IND,7,7,0,0.0
route,BWI->ISP,15,15,0,0.0
route,BWI->JAX,12,12,0,0.0
route,BWI->JFK,16,16,0,0.0
route,BWI->LAS,15,15,0,0.0
route,BWI->LAX,21,21,0,0.0
route,BWI->MCI,1,1,0,0.0
route,BWI->MCO,37,37,0,0.0
route,BWI->MDW,35,35,0,0.0
route,BWI->MEM,2,2,0,0.0
route,BWI->MHT,16,16,0,0.0
route,BWI->MIA,1,1,0,0.0
route,BWI->MKE,9,9,0,0.0
route,BWI->MSP,13,13,0,0.0
route,BWI->MSY,7,7,0,0.0
route,BWI->MYR,2,2,0,0.0
route,BWI->OAK,2,2,0,0.0
route,BWI->OKC,2,2,0,0.0
route,BWI->ORD,11,11,0,0.0
route,BWI->ORF,18,18,0,0.0
route,BWI->PBI,14,14,0,0.0
route,BWI->PHL,2,2,0,0.0
route,BWI->PHX,8,8,0,0.0
route,BWI->PIT,7,7,0,0.0
route,BWI->PVD,13,13,0,0.0
route,BWI->PWM,6,6,0,0.0
route,BWI->RDU,29,29,0,0.0
route,BWI->ROC,8,8,0,0.0
route,BWI->RSW,17,17,0,0.0
route,BWI->SAN,13,13,0,0.0
route,BWI->SAT,6,6,0,0.0
route,BWI->SDF,12,12,0,0.0
route,BWI->SEA,4,4,0,0.0
route,BWI->SFO,3,3,0,0.0
route,BWI->SJC,4,4,0,0.0
route,BWI->SJU,9,9,0,0.0
route,BWI->SLC,4,4,0,0.0
route,BWI->SMF,4,4,0,0.0
route,BWI->STL,12,12,0,0.0
route,BWI->TPA,38,38,0,0.0
route,BZN->AZA,1,1,0,0.0
route,BZN->DEN,8,8,0,0.0
route,BZN->IAH,2,2,0,0.0
route,BZN->LAX,5,5,0,0.0
route,BZN->MSP,9,9,0,0.0
route,BZN->ORD,5,5,0,0.0
route,BZN->SEA,8,8,0,0.0
route,BZN->SFO,3,3,0,0.0
route,BZN->SLC,15,15,0,0.0
route,CAE->ATL,30,30,0,0.0
route,CAE->CLT,14,14,0,0.0
route,CAE->DCA,5,5,0,0.0
route,CAE->DFW,3,3,0,0.0
route,CAE->IAD,9,9,0,0.0
route,CAE->IAH,1,1,0,0.0
route,CAE->LGA,2,2,0,0.0
route,CAE->ORD,11,11,0,0.0
route,CAE->PHL,3,3,0,0.0
route,CAK->ATL,9,9,0,0.0
route,CAK->CLT,6,6,0,0.0
route,CAK->DCA,2,2,0,0.0
route,CAK->DTW,2,2,0,0.0
route,CAK->EWR,3,3,0,0.0
route,CAK->IAH,3,3,0,0.0
route,CAK->LGA,1,1,0,0.0
route,CAK->MCO,3,3,0,0.0
route,CAK->ORD,12,12,0,0.0
route,CAK->PHL,1,1,0,0.0
route,CAK->RSW,2,2,0,0.0
route,CAK->TPA,1,1,0,0.0
route,CDC->SLC,8,8,0,0.0
route,CDV->ANC,2,2,0,0.0
route,CDV->YAK,3,3,0,0.0
route,CGI->PAH,1,1,0,0.0
route,CGI->UIN,1,1,0,0.0
route,CHA->ATL,27,27,0,0.0
route,CHA->CLT,7,7,0,0.0
route,CHA->DCA,1,1,0,0.0
route,CHA->DFW,4,4,0,0.0
route,CHA->DTW,4,4,0,0.0
route,CHA->EWR,7,7,0,0.0
route,CHA->IAD,2,2,0,0.0
route,CHA->ORD,6,6,0,0.0
route,CHO->ATL,8,8,0,0.0
route,CHO->CLT,4,4,0,0.0
route,CHO->IAD,4,4,0,0.0
route,CHO->LGA,6,6,0,0.0
route,CHO->ORD,4,4,0,0.0
route,CHS->ATL,19,19,0,0.0
route,CHS->BNA,5,5,0,0.0
route,CHS->BOS,3,3,0,0.0
route,CHS->BWI,4,4,0,0.0
route,CHS->CLT,6,6,0,0.0
route,CHS->CVG,1,1,0,0.0
route,CHS->DCA,9,9,0,0.0
route,CHS->DFW,2,2,0,0.0
route,CHS->EWR,10,10,0,0.0
route,CHS->FLL,2,2,0,0.0
route,CHS->HOU,1,1,0,0.0
route,CHS->IAD,8,8,0,0.0
route,CHS->IAH,5,5,0,0.0
route,CHS->JFK,10,10,0,0.0
route,CHS->LGA,5,5,0,0.0
route,CHS->MDW,2,2,0,0.0
route,CHS->MIA,4,4,0,0.0
route,CHS->ORD,10,10,0,0.0
route,CHS->PHL,2,2,0,0.0
route,CHS->SEA,1,1,0,0.0
route,CID->ATL,5,5,0,0.0
route,CID->AZA,1,1,0,0.0
route,CID->CLT,2,2,0,0.0
route,CID->DEN,4,4,0,0.0
route,CID->DFW,3,3,0,0.0
route,CID->DTW,9,9,0,0.0
route,CID->MSP,4,4,0,0.0
route,CID->ORD,24,24,0,0.0
route,CID->PGD,1,1,0,0.0
route,CID->SFB,1,1,0,0.0
route,CIU->DTW,1,1,0,0.0
route,CIU->MSP,4,4,0,0.0
route,CKB->IAD,1,1,0,0.0
route,CKB->ORD,3,3,0,0.0
route,CKB->SFB,1,1,0,0.0
route,CLE->ATL,24,24,0,0.0
route,CLE->BDL,2,2,0,0.0
route,CLE->BNA,4,4,0,0.0
route,CLE->BOS,18,18,0,0.0
route,CLE->BWI,7,7,0,0.0
route,CLE->CLT,9,9,0,0.0
route,CLE->DCA,13,13,0,0.0
route,CLE->DEN,15,15,0,0.0
route,CLE->DFW,4,4,0,0.0
route,CLE->DTW,15,15,0,0.0
route,CLE->EWR,23,23,0,0.0
route,CLE->FLL,10,10,0,0.0
route,CLE->IAD,14,14,0,0.0
route,CLE->IAH,14,14,0,0.0
route,CLE->JFK,16,16,0,0.0
route,CLE->LAS,13,13,0,0.0
route,CLE->LAX,10,10,0,0.0
route,CLE->LGA,34,34,0,0.0
route,CLE->MCO,9,9,0,0.0
route,CLE->MDW,11,11,0,0.0
route,CLE->MIA,8,8,0,0.0
route,CLE->MKE,7,7,0,0.0
route,CLE->MSP,7,7,0,0.0
route,CLE->MSY,1,1,0,0.0
route,CLE->ORD,25,25,0,0.0
route,CLE->PHL,5,5,0,0.0
route,CLE->PHX,5,5,0,0.0
route,CLE->RDU,2,2,0,0.0
route,CLE->RSW,12,12,0,0.0
route,CLE->SFO,3,3,0,0.0
route,CLE->STL,6,6,0,0.0
route,CLE->TPA,4,4,0,0.0
route,CLL->DFW,3,3,0,0.0
route,CLL->IAH,8,8,0,0.0
route,CLT->ABE,1,1,0,0.0
route,CLT->AGS,6,6,0,0.0
route,CLT->ALB,1,1,0,0.0
route,CLT->ATL,37,37,0,0.0
route,CLT->AUS,6,6,0,0.0
route,CLT->AVL,7,7,0,0.0
route,CLT->AVP,4,4,0,0.0
route,CLT->BDL,9,9,0,0.0
route,CLT->BHM,12,12,0,0.0
route,CLT->BNA,20,20,0,0.0
route,CLT->BOS,16,16,0,0.0
route,CLT->BTR,6,6,0,0.0
route,CLT->BTV,3,3,0,0.0
route,CLT->BUF,3,3,0,0.0
route,CLT->BWI,28,28,0,0.0
route,CLT->CAE,16,16,0,0.0
route,CLT->CAK,3,3,0,0.0
route,CLT->CHA,10,10,0,0.0
route,CLT->CHO,12,12,0,0.0
route,CLT->CHS,16,16,0,0.0
route,CLT->CID,5,5,0,0.0
route,CLT->CLE,10,10,0,0.0
route,CLT->CMH,8,8,0,0.0
route,CLT->CRW,11,11,0,0.0
route,CLT->CVG,17,17,0,0.0
route,CLT->DAB,5,5,0,0.0
route,CLT->DAL,3,3,0,0.0
route,CLT->DAY,6,6,0,0.0
route,CLT->DCA,11,11,0,0.0
route,CLT->DEN,15,15,0,0.0
route,CLT->DFW,11,11,0,0.0
route,CLT->DSM,3,3,0,0.0
route,CLT->DTW,28,28,0,0.0
route,CLT->ECP,2,2,0,0.0
route,CLT->EVV,4,4,0,0.0
route,CLT->EWN,8,8,0,0.0
route,CLT->EWR,27,27,0,0.0
route,CLT->EYW,4,4,0,0.0
route,CLT->FAY,5,5,0,0.0
route,CLT->FLL,10,10,0,0.0
route,CLT->FLO,4,4,0,0.0
route,CLT->GNV,4,4,0,0.0
route,CLT->GPT,1,1,0,0.0
route,CLT->GRR,1,1,0,0.0
route,CLT->GSO,16,16,0,0.0
route,CLT->GSP,11,11,0,0.0
route,CLT->HHH,5,5,0,0.0
route,CLT->HOU,2,2,0,0.0
route,CLT->HPN,3,3,0,0.0
route,CLT->HSV,2,2,0,0.0
route,CLT->HTS,4,4,0,0.0
route,CLT->IAD,23,23,0,0.0
route,CLT->IAH,22,22,0,0.0
route,CLT->ILM,8,8,0,0.0
route,CLT->IND,14,14,0,0.0
route,CLT->JAN,4,4,0,0.0
route,CLT->JAX,11,11,0,0.0
route,CLT->JFK,23,23,0,0.0
route,CLT->LAS,10,10,0,0.0
route,CLT->LAX,5,5,0,0.0
route,CLT->LEX,6,6,0,0.0
route,CLT->LGA,25,25,0,0.0
route,CLT->LIT,4,4,0,0.0
route,CLT->LYH,8,8,0,0.0
route,CLT->MCI,1,1,0,0.0
route,CLT->MCO,19,19,0,0.0
route,CLT->MDT,6,6,0,0.0
route,CLT->MDW,4,4,0,0.0
route,CLT->MEM,10,10,0,0.0
route,CLT->MGM,2,2,0,0.0
route,CLT->MHT,4,4,0,0.0
route,CLT->MIA,13,13,0,0.0
route,CLT->MKE,4,4,0,0.0
route,CLT->MLB,1,1,0,0.0
route,CLT->MOB,7,7,0,0.0
route,CLT->MSN,3,3,0,0.0
route,CLT->MSP,14,14,0,0.0
route,CLT->MSY,11,11,0,0.0
route,CLT->MYR,9,9,0,0.0
route,CLT->OAJ,7,7,0,0.0
route,CLT->OKC,3,3,0,0.0
route,CLT->OMA,5,5,0,0.0
route,CLT->ORD,19,19,0,0.0
route,CLT->ORF,8,8,0,0.0
route,CLT->PBI,10,10,0,0.0
route,CLT->PGV,6,6,0,0.0
route,CLT->PHF,8,8,0,0.0
route,CLT->PHL,12,12,0,0.0
route,CLT->PHX,6,6,0,0.0
route,CLT->PIT,5,5,0,0.0
route,CLT->PNS,6,6,0,0.0
route,CLT->PVD,6,6,0,0.0
route,CLT->PWM,2,2,0,0.0
route,CLT->RDU,11,11,0,0.0
route,CLT->RIC,9,9,0,0.0
route,CLT->ROA,11,11,0,0.0
route,CLT->ROC,4,4,0,0.0
route,CLT->RSW,6,6,0,0.0
route,CLT->SAN,5,5,0,0.0
route,CLT->SAT,9,9,0,0.0
route,CLT->SAV,11,11,0,0.0
route,CLT->SBN,2,2,0,0.0
route,CLT->SBY,1,1,0,0.0
route,CLT->SDF,9,9,0,0.0
route,CLT->SEA,4,4,0,0.0
route,CLT->SFO,6,6,0,0.0
route,CLT->SGF,3,3,0,0.0
route,CLT->SHV,4,4,0,0.0
route,CLT->SJU,8,8,0,0.0
route,CLT->SLC,6,6,0,0.0
route,CLT->SRQ,5,5,0,0.0
route,CLT->STL,6,6,0,0.0
route,CLT->STT,1,1,0,0.0
route,CLT->SYR,3,3,0,0.0
route,CLT->TLH,3,3,0,0.0
route,CLT->TOL,5,5,0,0.0
route,CLT->TPA,9,9,0,0.0
route,CLT->TRI,7,7,0,0.0
route,CLT->TUL,2,2,0,0.0
route,CLT->TYS,17,17,0,0.0
route,CLT->VPS,3,3,0,0.0
route,CMH->ATL,32,32,0,0.0
route,CMH->BNA,7,7,0,0.0
route,CMH->BOS,11,11,0,0.0
route,CMH->BWI,6,6,0,0.0
route,CMH->CLT,7,7,0,0.0
route,CMH->DAL,6,6,0,0.0
route,CMH->DCA,17,17,0,0.0
route,CMH->DEN,9,9,0,0.0
route,CMH->DFW,4,4,0,0.0
route,CMH->DTW,18,18,0,0.0
route,CMH->EWR,13,13,0,0.0
route,CMH->FLL,7,7,0,0.0
route,CMH->HOU,1,1,0,0.0
route,CMH->IAD,9,9,0,0.0
route,CMH->IAH,13,13,0,0.0
route,CMH->JFK,11,11,0,0.0
route,CMH->LAS,9,9,0,0.0
route,CMH->LAX,2,2,0,0.0
route,CMH->LGA,20,20,0,0.0
route,CMH->MCO,9,9,0,0.0
route,CMH->MDW,12,12,0,0.0
route,CMH->MIA,4,4,0,0.0
route,CMH->MSP,10,10,0,0.0
route,CMH->MSY,1,1,0,0.0
route,CMH->OAK,2,2,0,0.0
route,CMH->ORD,30,30,0,0.0
route,CMH->PHL,6,6,0,0.0
route,CMH->PHX,5,5,0,0.0
route,CMH->RSW,9,9,0,0.0
route,CMH->STL,6,6,0,0.0
route,CMH->TPA,5,5,0,0.0
route,CMI->DFW,3,3,0,0.0
route,CMI->ORD,5,5,0,0.0
route,CMX->ORD,4,4,0,0.0
route,CNY->DEN,4,4,0,0.0
route,COD->DEN,6,6,0,0.0
route,COD->SLC,2,2,0,0.0
route,COS->ATL,1,1,0,0.0
route,COS->DEN,28,28,0,0.0
route,COS->DFW,3,3,0,0.0
route,COS->IAH,10,10,0,0.0
route,COS->LAS,4,4,0,0.0
route,COS->LAX,8,8,0,0.0
route,COS->MCO,2,2,0,0.0
route,COS->ORD,12,12,0,0.0
route,COS->PHX,5,5,0,0.0
route,COS->SLC,7,7,0,0.0
route,COS->TPA,3,3,0,0.0
route,COU->DEN,2,2,0,0.0
route,COU->DFW,6,6,0,0.0
route,COU->ORD,6,6,0,0.0
route,CPR->DEN,13,13,0,0.0
route,CPR->SLC,11,11,0,0.0
route,CRP->DFW,9,9,0,0.0
route,CRP->HOU,10,10,0,0.0
route,CRP->IAH,15,15,0,0.0
route,CRW->ATL,11,11,0,0.0
route,CRW->CLT,7,7,0,0.0
route,CRW->DCA,3,3,0,0.0
route,CRW->IAD,5,5,0,0.0
route,CRW->IAH,1,1,0,0.0
route,CRW->ORD,2,2,0,0.0
route,CRW->PHL,2,2,0,0.0
route,CSG->ATL,8,8,0,0.0
route,CVG->ATL,18,18,0,0.0
route,CVG->BDL,6,6,0,0.0
route,CVG->BNA,2,2,0,0.0
route,CVG->BOS,8,8,0,0.0
route,CVG->BWI,16,16,0,0.0
route,CVG->CLT,3,3,0,0.0
route,CVG->DCA,15,15,0,0.0
route,CVG->DEN,9,9,0,0.0
route,CVG->DFW,9,9,0,0.0
route,CVG->DTW,14,14,0,0.0
route,CVG->EWR,30,30,0,0.0
route,CVG->FLL,11,11,0,0.0
route,CVG->IAD,10,10,0,0.0
route,CVG->IAH,14,14,0,0.0
route,CVG->JAX,2,2,0,0.0
route,CVG->JFK,7,7,0,0.0
route,CVG->LAS,4,4,0,0.0
route,CVG->LAX,3,3,0,0.0
route,CVG->LGA,21,21,0,0.0
route,CVG->MCI,3,3,0,0.0
route,CVG->MCO,7,7,0,0.0
route,CVG->MDW,16,16,0,0.0
route,CVG->MIA,5,5,0,0.0
route,CVG->MSP,15,15,0,0.0
route,CVG->MSY,1,1,0,0.0
route,CVG->ORD,26,26,0,0.0
route,CVG->PGD,5,5,0,0.0
route,CVG->PHL,12,12,0,0.0
route,CVG->PHX,1,1,0,0.0
route,CVG->PIE,3,3,0,0.0
route,CVG->RDU,5,5,0,0.0
route,CVG->RSW,6,6,0,0.0
route,CVG->SAV,1,1,0,0.0
route,CVG->SFB,5,5,0,0.0
route,CVG->SFO,6,6,0,0.0
route,CVG->SLC,2,2,0,0.0
route,CVG->SRQ,2,2,0,0.0
route,CVG->STL,5,5,0,0.0
route,CVG->TPA,4,4,0,0.0
route,CVG->VPS,2,2,0,0.0
route,CWA->DTW,8,8,0,0.0
route,CWA->MSP,3,3,0,0.0
route,CWA->ORD,9,9,0,0.0
route,CYS->DFW,1,1,0,0.0
route,DAB->ATL,6,6,0,0.0
route,DAB->CLT,2,2,0,0.0
route,DAB->JFK,2,2,0,0.0
route,DAL->ABQ,12,12,0,0.0
route,DAL->AMA,12,12,0,0.0
route,DAL->ATL,31,31,0,0.0
route,DAL->AUS,28,28,0,0.0
route,DAL->BHM,2,2,0,0.0
route,DAL->BNA,14,14,0,0.0
route,DAL->BOS,2,2,0,0.0
route,DAL->BUR,2,2,0,0.0
route,DAL->BWI,12,12,0,0.0
route,DAL->CHS,2,2,0,0.0
route,DAL->CLT,4,4,0,0.0
route,DAL->CMH,6,6,0,0.0
route,DAL->DCA,20,20,0,0.0
route,DAL->DEN,20,20,0,0.0
route,DAL->DTW,1,1,0,0.0
route,DAL->ELP,12,12,0,0.0
route,DAL->FLL,7,7,0,0.0
route,DAL->HOU,51,51,0,0.0
route,DAL->IND,2,2,0,0.0
route,DAL->LAS,15,15,0,0.0
route,DAL->LAX,29,29,0,0.0
route,DAL->LBB,15,15,0,0.0
route,DAL->LGA,23,23,0,0.0
route,DAL->LIT,5,5,0,0.0
route,DAL->MAF,11,11,0,0.0
route,DAL->MCI,23,23,0,0.0
route,DAL->MCO,14,14,0,0.0
route,DAL->MDW,22,22,0,0.0
route,DAL->MEM,12,12,0,0.0
route,DAL->MKE,4,4,0,0.0
route,DAL->MSY,18,18,0,0.0
route,DAL->OAK,4,4,0,0.0
route,DAL->OKC,16,16,0,0.0
route,DAL->OMA,4,4,0,0.0
route,DAL->ONT,4,4,0,0.0
route,DAL->PDX,14,14,0,0.0
route,DAL->PHL,4,4,0,0.0
route,DAL->PHX,17,17,0,0.0
route,DAL->PIT,1,1,0,0.0
route,DAL->RDU,6,6,0,0.0
route,DAL->SAN,10,10,0,0.0
route,DAL->SAT,36,36,0,0.0
route,DAL->SDF,1,1,0,0.0
route,DAL->SEA,10,10,0,0.0
route,DAL->SFO,13,13,0,0.0
route,DAL->SJC,7,7,0,0.0
route,DAL->SLC,3,3,0,0.0
route,DAL->SMF,3,3,0,0.0
route,DAL->SNA,3,3,0,0.0
route,DAL->STL,18,18,0,0.0
route,DAL->TPA,14,14,0,0.0
route,DAL->TUL,13,13,0,0.0
route,DAY->ATL,11,11,0,0.0
route,DAY->CLT,5,5,0,0.0
route,DAY->DCA,2,2,0,0.0
route,DAY->DEN,4,4,0,0.0
route,DAY->DFW,3,3,0,0.0
route,DAY->DTW,14,14,0,0.0
route,DAY->EWR,8,8,0,0.0
route,DAY->IAD,4,4,0,0.0
route,DAY->IAH,2,2,0,0.0
route,DAY->LGA,2,2,0,0.0
route,DAY->MSP,5,5,0,0.0
route,DAY->ORD,24,24,0,0.0
route,DAY->PGD,3,3,0,0.0
route,DAY->PHL,7,7,0,0.0
route,DAY->PIE,2,2,0,0.0
route,DBQ->ORD,7,7,0,0.0
route,DCA->ALB,4,4,0,0.0
route,DCA->ATL,48,48,0,0.0
route,DCA->AUS,4,4,0,0.0
route,DCA->BDL,19,19,0,0.0
route,DCA->BNA,22,22,0,0.0
route,DCA->BOS,42,42,0,0.0
route,DCA->BTV,4,4,0,0.0
route,DCA->BUF,2,2,0,0.0
route,DCA->CAE,5,5,0,0.0
route,DCA->CAK,1,1,0,0.0
route,DCA->CHA,1,1,0,0.0
route,DCA->CHS,6,6,0,0.0
route,DCA->CLE,21,21,0,0.0
route,DCA->CLT,14,14,0,0.0
route,DCA->CMH,7,7,0,0.0
route,DCA->CRW,2,2,0,0.0
route,DCA->CVG,14,14,0,0.0
route,DCA->DAL,17,17,0,0.0
route,DCA->DAY,2,2,0,0.0
route,DCA->DEN,11,11,0,0.0
route,DCA->DFW,9,9,0,0.0
route,DCA->DTW,21,21,0,0.0
route,DCA->EWR,21,21,0,0.0
route,DCA->EYW,1,1,0,0.0
route,DCA->FLL,26,26,0,0.0
route,DCA->GRR,2,2,0,0.0
route,DCA->GSO,3,3,0,0.0
route,DCA->GSP,5,5,0,0.0
route,DCA->HOU,16,16,0,0.0
route,DCA->HPN,7,7,0,0.0
route,DCA->HSV,5,5,0,0.0
route,DCA->IAH,17,17,0,0.0
route,DCA->ILM,1,1,0,0.0
route,DCA->IND,10,10,0,0.0
route,DCA->JAN,5,5,0,0.0
route,DCA->JAX,9,9,0,0.0
route,DCA->JFK,17,17,0,0.0
route,DCA->LAX,12,12,0,0.0
route,DCA->LEX,1,1,0,0.0
route,DCA->LGA,47,47,0,0.0
route,DCA->MCI,4,4,0,0.0
route,DCA->MCO,21,21,0,0.0
route,DCA->MDW,22,22,0,0.0
route,DCA->MEM,4,4,0,0.0
route,DCA->MHT,2,2,0,0.0
route,DCA->MIA,8,8,0,0.0
route,DCA->MKE,4,4,0,0.0
route,DCA->MSN,3,3,0,0.0
route,DCA->MSP,20,20,0,0.0
route,DCA->MSY,8,8,0,0.0
route,DCA->MYR,1,1,0,0.0
route,DCA->OKC,3,3,0,0.0
route,DCA->OMA,5,5,0,0.0
route,DCA->ORD,50,50,0,0.0
route,DCA->ORF,2,2,0,0.0
route,DCA->PBI,8,8,0,0.0
route,DCA->PDX,1,1,0,0.0
route,DCA->PHL,4,4,0,0.0
route,DCA->PHX,3,3,0,0.0
route,DCA->PIT,4,4,0,0.0
route,DCA->PVD,12,12,0,0.0
route,DCA->PWM,8,8,0,0.0
route,DCA->RDU,9,9,0,0.0
route,DCA->ROC,1,1,0,0.0
route,DCA->RSW,6,6,0,0.0
route,DCA->SAV,5,5,0,0.0
route,DCA->SDF,4,4,0,0.0
route,DCA->SEA,4,4,0,0.0
route,DCA->SFO,7,7,0,0.0
route,DCA->SJU,5,5,0,0.0
route,DCA->SLC,5,5,0,0.0
route,DCA->SRQ,2,2,0,0.0
route,DCA->STL,14,14,0,0.0
route,DCA->SYR,8,8,0,0.0
route,DCA->TPA,19,19,0,0.0
route,DCA->TYS,6,6,0,0.0
route,DCA->XNA,2,2,0,0.0
route,DEN->ABQ,20,20,0,0.0
route,DEN->ALB,3,3,0,0.0
route,DEN->AMA,2,2,0,0.0
route,DEN->ANC,8,8,0,0.0
route,DEN->ASE,20,20,0,0.0
route,DEN->ATL,49,49,0,0.0
route,DEN->ATW,3,3,0,0.0
route,DEN->AUS,34,34,0,0.0
route,DEN->BDL,3,3,0,0.0
route,DEN->BFF,1,1,0,0.0
route,DEN->BFL,5,5,0,0.0
route,DEN->BHM,4,4,0,0.0
route,DEN->BIL,16,16,0,0.0
route,DEN->BIS,14,14,0,0.0
route,DEN->BNA,28,28,0,0.0
route,DEN->BOI,19,19,0,0.0
route,DEN->BOS,24,24,0,0.0
route,DEN->BUR,14,14,0,0.0
route,DEN->BWI,20,20,0,0.0
route,DEN->BZN,13,13,0,0.0
route,DEN->CHS,1,1,0,0.0
route,DEN->CID,6,6,0,0.0
route,DEN->CLE,16,16,0,0.0
route,DEN->CLT,15,15,0,0.0
route,DEN->CMH,13,13,0,0.0
route,DEN->CNY,5,5,0,0.0
route,DEN->COD,6,6,0,0.0
route,DEN->COS,30,30,0,0.0
route,DEN->COU,6,6,0,0.0
route,DEN->CPR,11,11,0,0.0
route,DEN->CVG,10,10,0,0.0
route,DEN->DAL,23,23,0,0.0
route,DEN->DAY,6,6,0,0.0
route,DEN->DCA,11,11,0,0.0
route,DEN->DFW,26,26,0,0.0
route,DEN->DIK,6,6,0,0.0
route,DEN->DRO,15,15,0,0.0
route,DEN->DSM,9,9,0,0.0
route,DEN->DTW,21,21,0,0.0
route,DEN->EAR,1,1,0,0.0
route,DEN->EGE,11,11,0,0.0
route,DEN->ELP,20,20,0,0.0
route,DEN->EUG,5,5,0,0.0
route,DEN->EWR,25,25,0,0.0
route,DEN->FAR,15,15,0,0.0
route,DEN->FAT,14,14,0,0.0
route,DEN->FCA,8,8,0,0.0
route,DEN->FLL,12,12,0,0.0
route,DEN->FSD,13,13,0,0.0
route,DEN->GCC,10,10,0,0.0
route,DEN->GEG,9,9,0,0.0
route,DEN->GJT,14,14,0,0.0
route,DEN->GRR,10,10,0,0.0
route,DEN->GSP,2,2,0,0.0
route,DEN->GTF,4,4,0,0.0
route,DEN->GUC,7,7,0,0.0
route,DEN->HDN,14,14,0,0.0
route,DEN->HLN,9,9,0,0.0
route,DEN->HNL,3,3,0,0.0
route,DEN->HOU,18,18,0,0.0
route,DEN->HRL,1,1,0,0.0
route,DEN->HSV,3,3,0,0.0
route,DEN->HYS,6,6,0,0.0
route,DEN->IAD,28,28,0,0.0
route,DEN->IAH,32,32,0,0.0
route,DEN->ICT,10,10,0,0.0
route,DEN->IDA,6,6,0,0.0
route,DEN->IND,19,19,0,0.0
route,DEN->ISN,7,7,0,0.0
route,DEN->JAC,11,11,0,0.0
route,DEN->JAX,9,9,0,0.0
route,DEN->JFK,9,9,0,0.0
route,DEN->JMS,3,3,0,0.0
route,DEN->KOA,3,3,0,0.0
route,DEN->LAR,7,7,0,0.0
route,DEN->LAS,61,61,0,0.0
route,DEN->LAX,77,77,0,0.0
route,DEN->LBB,8,8,0,0.0
route,DEN->LBF,1,1,0,0.0
route,DEN->LBL,1,1,0,0.0
route,DEN->LFT,1,1,0,0.0
route,DEN->LGA,35,35,0,0.0
route,DEN->LGB,3,3,0,0.0
route,DEN->LIH,5,5,0,0.0
route,DEN->LIT,6,6,0,0.0
route,DEN->LNK,6,6,0,0.0
route,DEN->MAF,6,6,0,0.0
route,DEN->MCI,30,30,0,0.0
route,DEN->MCO,17,17,0,0.0
route,DEN->MDW,28,28,0,0.0
route,DEN->MEM,7,7,0,0.0
route,DEN->MFR,8,8,0,0.0
route,DEN->MIA,14,14,0,0.0
route,DEN->MKE,18,18,0,0.0
route,DEN->MLI,5,5,0,0.0
route,DEN->MOT,5,5,0,0.0
route,DEN->MRY,2,2,0,0.0
route,DEN->MSN,8,8,0,0.0
route,DEN->MSO,11,11,0,0.0
route,DEN->MSP,52,52,0,0.0
route,DEN->MSY,10,10,0,0.0
route,DEN->MTJ,10,10,0,0.0
route,DEN->OAK,13,13,0,0.0
route,DEN->OGG,4,4,0,0.0
route,DEN->OKC,29,29,0,0.0
route,DEN->OMA,20,20,0,0.0
route,DEN->ONT,9,9,0,0.0
route,DEN->ORD,36,36,0,0.0
route,DEN->ORF,1,1,0,0.0
route,DEN->PDX,22,22,0,0.0
route,DEN->PHL,15,15,0,0.0
route,DEN->PHX,62,62,0,0.0
route,DEN->PIT,13,13,0,0.0
route,DEN->PSC,5,5,0,0.0
route,DEN->PSP,10,10,0,0.0
route,DEN->PUB,8,8,0,0.0
route,DEN->RAP,10,10,0,0.0
route,DEN->RDM,3,3,0,0.0
route,DEN->RDU,10,10,0,0.0
route,DEN->RIC,3,3,0,0.0
route,DEN->RKS,5,5,0,0.0
route,DEN->RNO,15,15,0,0.0
route,DEN->RSW,4,4,0,0.0
route,DEN->SAF,12,12,0,0.0
route,DEN->SAN,29,29,0,0.0
route,DEN->SAT,16,16,0,0.0
route,DEN->SAV,1,1,0,0.0
route,DEN->SBA,9,9,0,0.0
route,DEN->SBP,6,6,0,0.0
route,DEN->SDF,9,9,0,0.0
route,DEN->SEA,44,44,0,0.0
route,DEN->SFO,59,59,0,0.0
route,DEN->SGF,8,8,0,0.0
route,DEN->SGU,6,6,0,0.0
route,DEN->SHV,6,6,0,0.0
route,DEN->SJC,24,24,0,0.0
route,DEN->SLC,57,57,0,0.0
route,DEN->SMF,19,19,0,0.0
route,DEN->SNA,27,27,0,0.0
route,DEN->STL,36,36,0,0.0
route,DEN->TPA,12,12,0,0.0
route,DEN->TUL,11,11,0,0.0
route,DEN->TUS,27,27,0,0.0
route,DEN->TYS,8,8,0,0.0
route,DEN->VEL,2,2,0,0.0
route,DEN->XNA,4,4,0,0.0
route,DFW->ABI,5,5,0,0.0
route,DFW->ABQ,10,10,0,0.0
route,DFW->ACT,4,4,0,0.0
route,DFW->AEX,5,5,0,0.0
route,DFW->AMA,8,8,0,0.0
route,DFW->ASE,5,5,0,0.0
route,DFW->ATL,42,42,0,0.0
route,DFW->AUS,16,16,0,0.0
route,DFW->BHM,12,12,0,0.0
route,DFW->BIL,4,4,0,0.0
route,DFW->BIS,2,2,0,0.0
route,DFW->BMI,3,3,0,0.0
route,DFW->BNA,9,9,0,0.0
route,DFW->BOI,3,3,0,0.0
route,DFW->BOS,13,13,0,0.0
route,DFW->BPT,5,5,0,0.0
route,DFW->BRO,1,1,0,0.0
route,DFW->BTR,11,11,0,0.0
route,DFW->BWI,6,6,0,0.0
route,DFW->BZN,1,1,0,0.0
route,DFW->CAE,2,2,0,0.0
route,DFW->CHA,5,5,0,0.0
route,DFW->CHS,4,4,0,0.0
route,DFW->CID,4,4,0,0.0
route,DFW->CLE,4,4,0,0.0
route,DFW->CLL,4,4,0,0.0
route,DFW->CLT,9,9,0,0.0
route,DFW->CMH,5,5,0,0.0
route,DFW->CMI,5,5,0,0.0
route,DFW->COS,7,7,0,0.0
route,DFW->COU,5,5,0,0.0
route,DFW->CRP,8,8,0,0.0
route,DFW->CVG,10,10,0,0.0
route,DFW->CYS,3,3,0,0.0
route,DFW->DAY,4,4,0,0.0
route,DFW->DCA,11,11,0,0.0
route,DFW->DEN,36,36,0,0.0
route,DFW->DRO,3,3,0,0.0
route,DFW->DRT,3,3,0,0.0
route,DFW->DSM,5,5,0,0.0
route,DFW->DTW,29,29,0,0.0
route,DFW->ECP,3,3,0,0.0
route,DFW->EGE,6,6,0,0.0
route,DFW->ELP,12,12,0,0.0
route,DFW->EVV,2,2,0,0.0
route,DFW->EWR,22,22,0,0.0
route,DFW->EYW,1,1,0,0.0
route,DFW->FAR,2,2,0,0.0
route,DFW->FAT,2,2,0,0.0
route,DFW->FLL,19,19,0,0.0
route,DFW->FSD,2,2,0,0.0
route,DFW->FSM,9,9,0,0.0
route,DFW->FWA,2,2,0,0.0
route,DFW->GCK,4,4,0,0.0
route,DFW->GEG,1,1,0,0.0
route,DFW->GGG,3,3,0,0.0
route,DFW->GJT,1,1,0,0.0
route,DFW->GPT,3,3,0,0.0
route,DFW->GRI,3,3,0,0.0
route,DFW->GRK,6,6,0,0.0
route,DFW->GRR,6,6,0,0.0
route,DFW->GSO,4,4,0,0.0
route,DFW->GUC,1,1,0,0.0
route,DFW->HDN,3,3,0,0.0
route,DFW->HNL,4,4,0,0.0
route,DFW->HOU,11,11,0,0.0
route,DFW->HSV,8,8,0,0.0
route,DFW->IAD,12,12,0,0.0
route,DFW->IAH,37,37,0,0.0
route,DFW->ICT,6,6,0,0.0
route,DFW->ILM,1,1,0,0.0
route,DFW->IND,6,6,0,0.0
route,DFW->JAC,3,3,0,0.0
route,DFW->JAN,6,6,0,0.0
route,DFW->JAX,8,8,0,0.0
route,DFW->JFK,9,9,0,0.0
route,DFW->JLN,1,1,0,0.0
route,DFW->KOA,1,1,0,0.0
route,DFW->LAS,33,33,0,0.0
route,DFW->LAW,2,2,0,0.0
route,DFW->LAX,42,42,0,0.0
route,DFW->LBB,8,8,0,0.0
route,DFW->LCH,4,4,0,0.0
route,DFW->LEX,2,2,0,0.0
route,DFW->LFT,8,8,0,0.0
route,DFW->LGA,28,28,0,0.0
route,DFW->LIT,8,8,0,0.0
route,DFW->LRD,3,3,0,0.0
route,DFW->MAF,5,5,0,0.0
route,DFW->MCI,8,8,0,0.0
route,DFW->MCO,20,20,0,0.0
route,DFW->MEM,15,15,0,0.0
route,DFW->MFE,14,14,0,0.0
route,DFW->MGM,3,3,0,0.0
route,DFW->MHK,2,2,0,0.0
route,DFW->MIA,10,10,0,0.0
route,DFW->MKE,4,4,0,0.0
route,DFW->MLI,3,3,0,0.0
route,DFW->MOB,4,4,0,0.0
route,DFW->MSN,3,3,0,0.0
route,DFW->MSP,29,29,0,0.0
route,DFW->MSY,8,8,0,0.0
route,DFW->OGG,1,1,0,0.0
route,DFW->OKC,6,6,0,0.0
route,DFW->OMA,5,5,0,0.0
route,DFW->ONT,5,5,0,0.0
route,DFW->ORD,39,39,0,0.0
route,DFW->ORF,4,4,0,0.0
route,DFW->PBI,2,2,0,0.0
route,DFW->PDX,5,5,0,0.0
route,DFW->PHL,14,14,0,0.0
route,DFW->PHX,23,23,0,0.0
route,DFW->PIA,3,3,0,0.0
route,DFW->PIB,5,5,0,0.0
route,DFW->PIT,10,10,0,0.0
route,DFW->PSP,6,6,0,0.0
route,DFW->RAP,4,4,0,0.0
route,DFW->RDU,7,7,0,0.0
route,DFW->RIC,2,2,0,0.0
route,DFW->RNO,3,3,0,0.0
route,DFW->RSW,9,9,0,0.0
route,DFW->SAF,4,4,0,0.0
route,DFW->SAN,10,10,0,0.0
route,DFW->SAT,16,16,0,0.0
route,DFW->SAV,3,3,0,0.0
route,DFW->SBA,1,1,0,0.0
route,DFW->SDF,6,6,0,0.0
route,DFW->SEA,12,12,0,0.0
route,DFW->SFO,27,27,0,0.0
route,DFW->SGF,9,9,0,0.0
route,DFW->SHV,9,9,0,0.0
route,DFW->SJC,6,6,0,0.0
route,DFW->SJT,9,9,0,0.0
route,DFW->SJU,1,1,0,0.0
route,DFW->SLC,10,10,0,0.0
route,DFW->SMF,3,3,0,0.0
route,DFW->SNA,13,13,0,0.0
route,DFW->SPS,1,1,0,0.0
route,DFW->SRQ,4,4,0,0.0
route,DFW->STL,10,10,0,0.0
route,DFW->SUX,2,2,0,0.0
route,DFW->SWO,1,1,0,0.0
route,DFW->TLH,1,1,0,0.0
route,DFW->TPA,12,12,0,0.0
route,DFW->TUL,17,17,0,0.0
route,DFW->TUS,20,20,0,0.0
route,DFW->TXK,4,4,0,0.0
route,DFW->TYR,7,7,0,0.0
route,DFW->TYS,8,8,0,0.0
route,DFW->VPS,9,9,0,0.0
route,DFW->XNA,10,10,0,0.0
route,DHN->ATL,9,9,0,0.0
route,DIK->DEN,6,6,0,0.0
route,DLH->MSP,10,10,0,0.0
route,DLH->ORD,9,9,0,0.0
route,DRO->DEN,14,14,0,0.0
route,DRO->DFW,2,2,0,0.0
route,DRO->PHX,2,2,0,0.0
route,DRT->DFW,2,2,0,0.0
route,DSM->ATL,10,10,0,0.0
route,DSM->AZA,4,4,0,0.0
route,DSM->CLT,1,1,0,0.0
route,DSM->DEN,17,17,0,0.0
route,DSM->DFW,3,3,0,0.0
route,DSM->DTW,13,13,0,0.0
route,DSM->EWR,2,2,0,0.0
route,DSM->IAH,8,8,0,0.0
route,DSM->LAS,4,4,0,0.0
route,DSM->LGA,4,4,0,0.0
route,DSM->MSP,12,12,0,0.0
route,DSM->ORD,24,24,0,0.0
route,DSM->PGD,6,6,0,0.0
route,DSM->PHX,2,2,0,0.0
route,DSM->PIE,2,2,0,0.0
route,DSM->SFB,1,1,0,0.0
route,DSM->SLC,4,4,0,0.0
route,DSM->STL,4,4,0,0.0
route,DTW->ABE,15,15,0,0.0
route,DTW->ALB,9,9,0,0.0
route,DTW->APN,2,2,0,0.0
route,DTW->ATL,49,49,0,0.0
route,DTW->ATW,8,8,0,0.0
route,DTW->AUS,9,9,0,0.0
route,DTW->AVP,6,6,0,0.0
route,DTW->AZO,13,13,0,0.0
route,DTW->BDL,13,13,0,0.0
route,DTW->BGM,11,11,0,0.0
route,DTW->BHM,7,7,0,0.0
route,DTW->BNA,21,21,0,0.0
route,DTW->BOS,24,24,0,0.0
route,DTW->BTV,11,11,0,0.0
route,DTW->BUF,9,9,0,0.0
route,DTW->BWI,26,26,0,0.0
route,DTW->CAK,5,5,0,0.0
route,DTW->CHA,4,4,0,0.0
route,DTW->CID,7,7,0,0.0
route,DTW->CIU,3,3,0,0.0
route,DTW->CLE,17,17,0,0.0
route,DTW->CLT,23,23,0,0.0
route,DTW->CMH,15,15,0,0.0
route,DTW->CVG,14,14,0,0.0
route,DTW->CWA,3,3,0,0.0
route,DTW->DAL,2,2,0,0.0
route,DTW->DAY,9,9,0,0.0
route,DTW->DCA,24,24,0,0.0
route,DTW->DEN,20,20,0,0.0
route,DTW->DFW,22,22,0,0.0
route,DTW->DSM,5,5,0,0.0
route,DTW->ELM,14,14,0,0.0
route,DTW->ERI,11,11,0,0.0
route,DTW->ESC,4,4,0,0.0
route,DTW->EVV,6,6,0,0.0
route,DTW->EWR,40,40,0,0.0
route,DTW->FLL,28,28,0,0.0
route,DTW->FWA,6,6,0,0.0
route,DTW->GRB,9,9,0,0.0
route,DTW->GRR,22,22,0,0.0
route,DTW->GSO,6,6,0,0.0
route,DTW->GSP,7,7,0,0.0
route,DTW->HPN,15,15,0,0.0
route,DTW->HSV,2,2,0,0.0
route,DTW->IAD,25,25,0,0.0
route,DTW->IAH,42,42,0,0.0
route,DTW->IMT,1,1,0,0.0
route,DTW->IND,22,22,0,0.0
route,DTW->ITH,10,10,0,0.0
route,DTW->JAX,5,5,0,0.0
route,DTW->JFK,15,15,0,0.0
route,DTW->LAN,13,13,0,0.0
route,DTW->LAS,24,24,0,0.0
route,DTW->LAX,21,21,0,0.0
route,DTW->LEX,6,6,0,0.0
route,DTW->LGA,39,39,0,0.0
route,DTW->MBS,11,11,0,0.0
route,DTW->MCI,14,14,0,0.0
route,DTW->MCO,34,34,0,0.0
route,DTW->MDT,11,11,0,0.0
route,DTW->MDW,23,23,0,0.0
route,DTW->MEM,10,10,0,0.0
route,DTW->MHT,7,7,0,0.0
route,DTW->MIA,8,8,0,0.0
route,DTW->MKE,18,18,0,0.0
route,DTW->MLI,7,7,0,0.0
route,DTW->MQT,3,3,0,0.0
route,DTW->MSN,10,10,0,0.0
route,DTW->MSP,35,35,0,0.0
route,DTW->MSY,9,9,0,0.0
route,DTW->OKC,2,2,0,0.0
route,DTW->OMA,8,8,0,0.0
route,DTW->ORD,56,56,0,0.0
route,DTW->ORF,10,10,0,0.0
route,DTW->PBI,6,6,0,0.0
route,DTW->PDX,4,4,0,0.0
route,DTW->PHL,23,23,0,0.0
route,DTW->PHX,18,18,0,0.0
route,DTW->PIA,1,1,0,0.0
route,DTW->PIT,12,12,0,0.0
route,DTW->PLN,3,3,0,0.0
route,DTW->PVD,9,9,0,0.0
route,DTW->PWM,3,3,0,0.0
route,DTW->RDU,20,20,0,0.0
route,DTW->RIC,13,13,0,0.0
route,DTW->ROC,7,7,0,0.0
route,DTW->RSW,31,31,0,0.0
route,DTW->SAN,6,6,0,0.0
route,DTW->SAT,5,5,0,0.0
route,DTW->SBN,11,11,0,0.0
route,DTW->SCE,11,11,0,0.0
route,DTW->SDF,17,17,0,0.0
route,DTW->SEA,15,15,0,0.0
route,DTW->SFO,21,21,0,0.0
route,DTW->SJC,2,2,0,0.0
route,DTW->SLC,15,15,0,0.0
route,DTW->SNA,2,2,0,0.0
route,DTW->STL,17,17,0,0.0
route,DTW->SWF,2,2,0,0.0
route,DTW->SYR,9,9,0,0.0
route,DTW->TPA,14,14,0,0.0
route,DTW->TUL,4,4,0,0.0
route,DTW->TVC,11,11,0,0.0
route,DTW->TYS,12,12,0,0.0
route,DUT->ANC,5,5,0,0.0
route,DVL->DEN,3,3,0,0.0
route,DVL->JMS,4,4,0,0.0
route,EAR->DEN,3,3,0,0.0
route,EAT->SEA,12,12,0,0.0
route,EAU->ORD,8,8,0,0.0
route,ECP->ATL,11,11,0,0.0
route,ECP->BNA,9,9,0,0.0
route,ECP->CLT,3,3,0,0.0
route,ECP->DFW,6,6,0,0.0
route,ECP->HOU,6,6,0,0.0
route,ECP->IAH,6,6,0,0.0
route,EGE->ATL,6,6,0,0.0
route,EGE->DEN,5,5,0,0.0
route,EGE->DFW,6,6,0,0.0
route,EGE->EWR,5,5,0,0.0
route,EGE->IAH,2,2,0,0.0
route,EGE->JFK,1,1,0,0.0
route,EGE->MIA,1,1,0,0.0
route,EGE->ORD,3,3,0,0.0
route,EGE->SFO,2,2,0,0.0
route,EKO->SLC,7,7,0,0.0
route,ELM->DTW,14,14,0,0.0
route,ELM->EWR,4,4,0,0.0
route,ELM->PIE,3,3,0,0.0
route,ELM->SFB,3,3,0,0.0
route,ELP->ATL,4,4,0,0.0
route,ELP->AUS,7,7,0,0.0
route,ELP->DAL,13,13,0,0.0
route,ELP->DEN,10,10,0,0.0
route,ELP->DFW,13,13,0,0.0
route,ELP->HOU,6,6,0,0.0
route,ELP->IAH,11,11,0,0.0
route,ELP->LAS,5,5,0,0.0
route,ELP->LAX,10,10,0,0.0
route,ELP->ORD,8,8,0,0.0
route,ELP->PHX,14,14,0,0.0
route,ELP->SAT,3,3,0,0.0
route,ELP->SLC,2,2,0,0.0
route,ERI->DTW,7,7,0,0.0
route,ERI->ORD,4,4,0,0.0
route,ERI->PHL,2,2,0,0.0
route,ESC->DTW,1,1,0,0.0
route,EUG->DEN,4,4,0,0.0
route,EUG->LAX,5,5,0,0.0
route,EUG->PDX,9,9,0,0.0
route,EUG->PHX,1,1,0,0.0
route,EUG->SEA,28,28,0,0.0
route,EUG->SFO,10,10,0,0.0
route,EUG->SJC,2,2,0,0.0
route,EUG->SLC,11,11,0,0.0
route,EVV->ATL,11,11,0,0.0
route,EVV->CLT,3,3,0,0.0
route,EVV->DFW,4,4,0,0.0
route,EVV->DTW,6,6,0,0.0
route,EVV->ORD,9,9,0,0.0
route,EWN->ATL,8,8,0,0.0
route,EWN->CLT,7,7,0,0.0
route,EWR->ALB,17,17,0,0.0
route,EWR->ATL,49,49,0,0.0
route,EWR->AUS,10,10,0,0.0
route,EWR->AVL,2,2,0,0.0
route,EWR->AVP,4,4,0,0.0
route,EWR->BDL,8,8,0,0.0
route,EWR->BGR,5,5,0,0.0
route,EWR->BNA,10,10,0,0.0
route,EWR->BOS,44,44,0,0.0
route,EWR->BQN,2,2,0,0.0
route,EWR->BTV,15,15,0,0.0
route,EWR->BUF,17,17,0,0.0
route,EWR->BWI,6,6,0,0.0
route,EWR->BZN,2,2,0,0.0
route,EWR->CAK,10,10,0,0.0
route,EWR->CHA,8,8,0,0.0
route,EWR->CHS,11,11,0,0.0
route,EWR->CLE,15,15,0,0.0
route,EWR->CLT,25,25,0,0.0
route,EWR->CMH,14,14,0,0.0
route,EWR->CVG,20,20,0,0.0
route,EWR->DAY,7,7,0,0.0
route,EWR->DCA,25,25,0,0.0
route,EWR->DEN,19,19,0,0.0
route,EWR->DFW,15,15,0,0.0
route,EWR->DSM,3,3,0,0.0
route,EWR->DTW,43,43,0,0.0
route,EWR->EGE,4,4,0,0.0
route,EWR->ELM,4,4,0,0.0
route,EWR->EYW,5,5,0,0.0
route,EWR->FLL,66,66,0,0.0
route,EWR->FWA,2,2,0,0.0
route,EWR->GRR,6,6,0,0.0
route,EWR->GSO,10,10,0,0.0
route,EWR->GSP,8,8,0,0.0
route,EWR->HDN,1,1,0,0.0
route,EWR->HNL,5,5,0,0.0
route,EWR->IAD,27,27,0,0.0
route,EWR->IAH,26,26,0,0.0
route,EWR->IND,20,20,0,0.0
route,EWR->ITH,2,2,0,0.0
route,EWR->JAC,3,3,0,0.0
route,EWR->JAX,16,16,0,0.0
route,EWR->LAS,20,20,0,0.0
route,EWR->LAX,45,45,0,0.0
route,EWR->LEX,3,3,0,0.0
route,EWR->MCI,10,10,0,0.0
route,EWR->MCO,57,57,0,0.0
route,EWR->MDW,13,13,0,0.0
route,EWR->MEM,15,15,0,0.0
route,EWR->MHT,14,14,0,0.0
route,EWR->MIA,30,30,0,0.0
route,EWR->MKE,9,9,0,0.0
route,EWR->MSN,6,6,0,0.0
route,EWR->MSP,33,33,0,0.0
route,EWR->MSY,15,15,0,0.0
route,EWR->MTJ,1,1,0,0.0
route,EWR->MYR,6,6,0,0.0
route,EWR->OAK,1,1,0,0.0
route,EWR->OKC,1,1,0,0.0
route,EWR->OMA,8,8,0,0.0
route,EWR->ORD,20,20,0,0.0
route,EWR->ORF,15,15,0,0.0
route,EWR->PBI,28,28,0,0.0
route,EWR->PDX,10,10,0,0.0
route,EWR->PHX,19,19,0,0.0
route,EWR->PIT,27,27,0,0.0
route,EWR->PQI,3,3,0,0.0
route,EWR->PSP,2,2,0,0.0
route,EWR->PVD,6,6,0,0.0
route,EWR->PWM,11,11,0,0.0
route,EWR->RDU,35,35,0,0.0
route,EWR->RIC,13,13,0,0.0
route,EWR->ROC,14,14,0,0.0
route,EWR->RSW,20,20,0,0.0
route,EWR->SAN,18,18,0,0.0
route,EWR->SAT,1,1,0,0.0
route,EWR->SAV,5,5,0,0.0
route,EWR->SBN,1,1,0,0.0
route,EWR->SDF,8,8,0,0.0
route,EWR->SEA,14,14,0,0.0
route,EWR->SFO,36,36,0,0.0
route,EWR->SJC,5,5,0,0.0
route,EWR->SJU,14,14,0,0.0
route,EWR->SLC,6,6,0,0.0
route,EWR->SNA,7,7,0,0.0
route,EWR->SRQ,6,6,0,0.0
route,EWR->STL,18,18,0,0.0
route,EWR->STT,2,2,0,0.0
route,EWR->SYR,7,7,0,0.0
route,EWR->TPA,21,21,0,0.0
route,EWR->TYS,5,5,0,0.0
route,EWR->XNA,3,3,0,0.0
route,EYW->ATL,13,13,0,0.0
route,EYW->CLT,4,4,0,0.0
route,EYW->DCA,4,4,0,0.0
route,EYW->DFW,1,1,0,0.0
route,EYW->EWR,5,5,0,0.0
route,EYW->MIA,4,4,0,0.0
route,EYW->ORD,2,2,0,0.0
route,FAI->ANC,22,22,0,0.0
route,FAI->SEA,17,17,0,0.0
route,FAR->DEN,8,8,0,0.0
route,FAR->LAS,4,4,0,0.0
route,FAR->MSP,21,21,0,0.0
route,FAR->ORD,8,8,0,0.0
route,FAR->SFB,1,1,0,0.0
route,FAT->DEN,12,12,0,0.0
route,FAT->DFW,4,4,0,0.0
route,FAT->LAS,4,4,0,0.0
route,FAT->LAX,14,14,0,0.0
route,FAT->PDX,4,4,0,0.0
route,FAT->PHX,7,7,0,0.0
route,FAT->SAN,7,7,0,0.0
route,FAT->SEA,6,6,0,0.0
route,FAT->SFO,10,10,0,0.0
route,FAT->SLC,7,7,0,0.0
route,FAY->ATL,16,16,0,0.0
route,FAY->CLT,6,6,0,0.0
route,FAY->IAD,9,9,0,0.0
route,FCA->DEN,10,10,0,0.0
route,FCA->MSP,3,3,0,0.0
route,FCA->ORD,1,1,0,0.0
route,FCA->SEA,11,11,0,0.0
route,FCA->SLC,12,12,0,0.0
route,FLG->PHX,6,6,0,0.0
route,FLL->ACY,9,9,0,0.0
route,FLL->ALB,6,6,0,0.0
route,FLL->ATL,66,66,0,0.0
route,FLL->AUS,7,7,0,0.0
route,FLL->AVL,8,8,0,0.0
route,FLL->BDL,20,20,0,0.0
route,FLL->BLV,2,2,0,0.0
route,FLL->BNA,13,13,0,0.0
route,FLL->BOS,33,33,0,0.0
route,FLL->BQN,6,6,0,0.0
route,FLL->BUF,12,12,0,0.0
route,FLL->BWI,38,38,0,0.0
route,FLL->CLE,7,7,0,0.0
route,FLL->CLT,8,8,0,0.0
route,FLL->CMH,3,3,0,0.0
route,FLL->CVG,4,4,0,0.0
route,FLL->DAL,7,7,0,0.0
route,FLL->DCA,27,27,0,0.0
route,FLL->DEN,16,16,0,0.0
route,FLL->DFW,15,15,0,0.0
route,FLL->DTW,29,29,0,0.0
route,FLL->EWR,61,61,0,0.0
route,FLL->FNT,1,1,0,0.0
route,FLL->GRR,3,3,0,0.0
route,FLL->GSO,1,1,0,0.0
route,FLL->GSP,1,1,0,0.0
route,FLL->HOU,11,11,0,0.0
route,FLL->HPN,7,7,0,0.0
route,FLL->IAD,12,12,0,0.0
route,FLL->IAH,13,13,0,0.0
route,FLL->IND,3,3,0,0.0
route,FLL->ISP,4,4,0,0.0
route,FLL->JAX,11,11,0,0.0
route,FLL->JFK,33,33,0,0.0
route,FLL->LAS,8,8,0,0.0
route,FLL->LAX,13,13,0,0.0
route,FLL->LBE,4,4,0,0.0
route,FLL->LCK,3,3,0,0.0
route,FLL->LEX,1,1,0,0.0
route,FLL->LGA,42,42,0,0.0
route,FLL->MCI,7,7,0,0.0
route,FLL->MCO,19,19,0,0.0
route,FLL->MDW,11,11,0,0.0
route,FLL->MEM,1,1,0,0.0
route,FLL->MKE,6,6,0,0.0
route,FLL->MSP,6,6,0,0.0
route,FLL->MSY,19,19,0,0.0
route,FLL->MYR,4,4,0,0.0
route,FLL->ORD,28,28,0,0.0
route,FLL->ORF,1,1,0,0.0
route,FLL->ORH,6,6,0,0.0
route,FLL->PBG,5,5,0,0.0
route,FLL->PHL,20,20,0,0.0
route,FLL->PHX,3,3,0,0.0
route,FLL->PIT,10,10,0,0.0
route,FLL->PVD,9,9,0,0.0
route,FLL->RDU,13,13,0,0.0
route,FLL->RIC,10,10,0,0.0
route,FLL->SAN,3,3,0,0.0
route,FLL->SAT,1,1,0,0.0
route,FLL->SEA,3,3,0,0.0
route,FLL->SFO,17,17,0,0.0
route,FLL->SJU,26,26,0,0.0
route,FLL->SLC,6,6,0,0.0
route,FLL->STL,5,5,0,0.0
route,FLL->STT,2,2,0,0.0
route,FLL->SWF,4,4,0,0.0
route,FLL->SYR,5,5,0,0.0
route,FLL->TPA,23,23,0,0.0
route,FLL->TTN,1,1,0,0.0
route,FLL->TYS,1,1,0,0.0
route,FLL->USA,2,2,0,0.0
route,FLO->CLT,5,5,0,0.0
route,FNT->ATL,11,11,0,0.0
route,FNT->MDW,6,6,0,0.0
route,FNT->MSP,1,1,0,0.0
route,FNT->ORD,7,7,0,0.0
route,FNT->PGD,2,2,0,0.0
route,FNT->PIE,1,1,0,0.0
route,FNT->TPA,1,1,0,0.0
route,FSD->ATL,2,2,0,0.0
route,FSD->AZA,3,3,0,0.0
route,FSD->DEN,17,17,0,0.0
route,FSD->DFW,1,1,0,0.0
route,FSD->LAS,1,1,0,0.0
route,FSD->MSP,12,12,0,0.0
route,FSD->ORD,18,18,0,0.0
route,FSD->PHX,4,4,0,0.0
route,FSD->PIE,3,3,0,0.0
route,FSM->ATL,10,10,0,0.0
route,FSM->DFW,2,2,0,0.0
route,FWA->ATL,9,9,0,0.0
route,FWA->CLT,5,5,0,0.0
route,FWA->DFW,3,3,0,0.0
route,FWA->DTW,9,9,0,0.0
route,FWA->EWR,2,2,0,0.0
route,FWA->MSP,2,2,0,0.0
route,FWA->ORD,12,12,0,0.0
route,FWA->PGD,1,1,0,0.0
route,FWA->PHL,2,2,0,0.0
route,FWA->PIE,2,2,0,0.0
route,GCC->DEN,8,8,0,0.0
route,GCK->DFW,6,6,0,0.0
route,GEG->BOI,8,8,0,0.0
route,GEG->DEN,8,8,0,0.0
route,GEG->LAS,7,7,0,0.0
route,GEG->LAX,3,3,0,0.0
route,GEG->MSP,5,5,0,0.0
route,GEG->OAK,7,7,0,0.0
route,GEG->ORD,3,3,0,0.0
route,GEG->PDX,28,28,0,0.0
route,GEG->PHX,6,6,0,0.0
route,GEG->SAN,4,4,0,0.0
route,GEG->SEA,58,58,0,0.0
route,GEG->SFO,7,7,0,0.0
route,GEG->SJC,2,2,0,0.0
route,GEG->SLC,10,10,0,0.0
route,GEG->SMF,4,4,0,0.0
route,GFK->AZA,2,2,0,0.0
route,GFK->MSP,19,19,0,0.0
route,GFK->SFB,1,1,0,0.0
route,GGG->DFW,3,3,0,0.0
route,GJT->DEN,13,13,0,0.0
route,GJT->DFW,7,7,0,0.0
route,GJT->LAS,1,1,0,0.0
route,GJT->PHX,1,1,0,0.0
route,GJT->SLC,4,4,0,0.0
route,GNV->ATL,12,12,0,0.0
route,GNV->CLT,4,4,0,0.0
route,GNV->MIA,5,5,0,0.0
route,GPT->ATL,10,10,0,0.0
route,GPT->CLT,2,2,0,0.0
route,GPT->DFW,3,3,0,0.0
route,GPT->IAH,10,10,0,0.0
route,GPT->SFB,1,1,0,0.0
route,GRB->ATL,5,5,0,0.0
route,GRB->DTW,7,7,0,0.0
route,GRB->MSP,13,13,0,0.0
route,GRB->ORD,13,13,0,0.0
route,GRI->DFW,2,2,0,0.0
route,GRI->LAS,2,2,0,0.0
route,GRK->ATL,1,1,0,0.0
route,GRK->DFW,3,3,0,0.0
route,GRK->IAH,6,6,0,0.0
route,GRR->ATL,8,8,0,0.0
route,GRR->BWI,3,3,0,0.0
route,GRR->CLT,7,7,0,0.0
route,GRR->DCA,3,3,0,0.0
route,GRR->DEN,5,5,0,0.0
route,GRR->DFW,2,2,0,0.0
route,GRR->DTW,15,15,0,0.0
route,GRR->EWR,5,5,0,0.0
route,GRR->FLL,3,3,0,0.0
route,GRR->IAD,3,3,0,0.0
route,GRR->IAH,5,5,0,0.0
route,GRR->LGA,7,7,0,0.0
route,GRR->MCO,6,6,0,0.0
route,GRR->MDW,10,10,0,0.0
route,GRR->MSP,13,13,0,0.0
route,GRR->ORD,32,32,0,0.0
route,GRR->PGD,2,2,0,0.0
route,GRR->PHX,4,4,0,0.0
route,GRR->PIE,4,4,0,0.0
route,GRR->RSW,4,4,0,0.0
route,GRR->SFB,6,6,0,0.0
route,GRR->TPA,3,3,0,0.0
route,GSO->ATL,27,27,0,0.0
route,GSO->CLT,14,14,0,0.0
route,GSO->DCA,6,6,0,0.0
route,GSO->DFW,1,1,0,0.0
route,GSO->DTW,3,3,0,0.0
route,GSO->EWR,9,9,0,0.0
route,GSO->FLL,1,1,0,0.0
route,GSO->IAD,10,10,0,0.0
route,GSO->LGA,12,12,0,0.0
route,GSO->MIA,2,2,0,0.0
route,GSO->ORD,9,9,0,0.0
route,GSO->PHL,5,5,0,0.0
route,GSO->TPA,1,1,0,0.0
route,GSP->ATL,36,36,0,0.0
route,GSP->CLT,13,13,0,0.0
route,GSP->DCA,4,4,0,0.0
route,GSP->DFW,5,5,0,0.0
route,GSP->DTW,10,10,0,0.0
route,GSP->EWR,4,4,0,0.0
route,GSP->IAD,3,3,0,0.0
route,GSP->IAH,3,3,0,0.0
route,GSP->LGA,1,1,0,0.0
route,GSP->ORD,13,13,0,0.0
route,GSP->SFB,2,2,0,0.0
route,GSP->TPA,2,2,0,0.0
route,GTF->AZA,2,2,0,0.0
route,GTF->DEN,10,10,0,0.0
route,GTF->LAS,1,1,0,0.0
route,GTF->MSP,5,5,0,0.0
route,GTF->SEA,1,1,0,0.0
route,GTF->SLC,8,8,0,0.0
route,GTR->ATL,6,6,0,0.0
route,GUC->DEN,9,9,0,0.0
route,GUC->DFW,1,1,0,0.0
route,GUC->IAH,1,1,0,0.0
route,GUM->HNL,3,3,0,0.0
route,GUM->ROP,2,2,0,0.0
route,GUM->SPN,8,8,0,0.0
route,HDN->ATL,2,2,0,0.0
route,HDN->DEN,8,8,0,0.0
route,HDN->DFW,1,1,0,0.0
route,HDN->IAD,1,1,0,0.0
route,HDN->IAH,1,1,0,0.0
route,HDN->LAX,1,1,0,0.0
route,HDN->MSP,3,3,0,0.0
route,HDN->ORD,3,3,0,0.0
route,HDN->SAN,1,1,0,0.0
route,HDN->SEA,3,3,0,0.0
route,HDN->SFO,1,1,0,0.0
route,HGR->SFB,4,4,0,0.0
route,HHH->CLT,4,4,0,0.0
route,HIB->MSP,8,8,0,0.0
route,HLN->DEN,4,4,0,0.0
route,HLN->MSP,5,5,0,0.0
route,HLN->SEA,3,3,0,0.0
route,HLN->SLC,8,8,0,0.0
route,HNL->ANC,6,6,0,0.0
route,HNL->ATL,1,1,0,0.0
route,HNL->DEN,3,3,0,0.0
route,HNL->DFW,2,2,0,0.0
route,HNL->EWR,3,3,0,0.0
route,HNL->GUM,4,4,0,0.0
route,HNL->IAH,3,3,0,0.0
route,HNL->ITO,42,42,0,0.0
route,HNL->JFK,1,1,0,0.0
route,HNL->JHM,7,7,0,0.0
route,HNL->KOA,55,55,0,0.0
route,HNL->LAS,4,4,0,0.0
route,HNL->LAX,39,39,0,0.0
route,HNL->LGB,1,1,0,0.0
route,HNL->LIH,64,64,0,0.0
route,HNL->LNY,18,18,0,0.0
route,HNL->MKK,4,4,0,0.0
route,HNL->MSP,2,2,0,0.0
route,HNL->OAK,3,3,0,0.0
route,HNL->OGG,100,100,0,0.0
route,HNL->ORD,4,4,0,0.0
route,HNL->PDX,7,7,0,0.0
route,HNL->PHX,6,6,0,0.0
route,HNL->PPG,1,1,0,0.0
route,HNL->SAN,11,11,0,0.0
route,HNL->SEA,13,13,0,0.0
route,HNL->SFO,13,13,0,0.0
route,HNL->SJC,2,2,0,0.0
route,HNL->SLC,3,3,0,0.0
route,HNL->SMF,3,3,0,0.0
route,HOB->IAH,5,5,0,0.0
route,HOU->ABQ,6,6,0,0.0
route,HOU->ATL,40,40,0,0.0
route,HOU->AUS,23,23,0,0.0
route,HOU->BHM,8,8,0,0.0
route,HOU->BNA,12,12,0,0.0
route,HOU->BOS,6,6,0,0.0
route,HOU->BUR,1,1,0,0.0
route,HOU->BWI,10,10,0,0.0
route,HOU->CHS,5,5,0,0.0
route,HOU->CLT,3,3,0,0.0
route,HOU->CMH,2,2,0,0.0
route,HOU->CRP,9,9,0,0.0
route,HOU->DAL,55,55,0,0.0
route,HOU->DCA,10,10,0,0.0
route,HOU->DEN,24,24,0,0.0
route,HOU->DFW,3,3,0,0.0
route,HOU->ECP,5,5,0,0.0
route,HOU->ELP,7,7,0,0.0
route,HOU->FLL,13,13,0,0.0
route,HOU->HRL,12,12,0,0.0
route,HOU->IND,3,3,0,0.0
route,HOU->JAX,7,7,0,0.0
route,HOU->JFK,2,2,0,0.0
route,HOU->LAS,9,9,0,0.0
route,HOU->LAX,13,13,0,0.0
route,HOU->LGA,9,9,0,0.0
route,HOU->MAF,14,14,0,0.0
route,HOU->MCI,13,13,0,0.0
route,HOU->MCO,18,18,0,0.0
route,HOU->MDW,9,9,0,0.0
route,HOU->MEM,8,8,0,0.0
route,HOU->MIA,3,3,0,0.0
route,HOU->MKE,1,1,0,0.0
route,HOU->MSY,18,18,0,0.0
route,HOU->OAK,10,10,0,0.0
route,HOU->OKC,10,10,0,0.0
route,HOU->OMA,1,1,0,0.0
route,HOU->PHX,12,12,0,0.0
route,HOU->PIT,1,1,0,0.0
route,HOU->PNS,4,4,0,0.0
route,HOU->RDU,5,5,0,0.0
route,HOU->SAN,5,5,0,0.0
route,HOU->SAT,12,12,0,0.0
route,HOU->SJC,3,3,0,0.0
route,HOU->SJU,1,1,0,0.0
route,HOU->SNA,3,3,0,0.0
route,HOU->STL,9,9,0,0.0
route,HOU->TPA,14,14,0,0.0
route,HOU->TUL,4,4,0,0.0
route,HPN->ATL,12,12,0,0.0
route,HPN->DCA,3,3,0,0.0
route,HPN->DTW,9,9,0,0.0
route,HPN->FLL,11,11,0,0.0
route,HPN->MCO,7,7,0,0.0
route,HPN->ORD,7,7,0,0.0
route,HPN->PBI,17,17,0,0.0
route,HPN->RSW,4,4,0,0.0
route,HPN->TPA,4,4,0,0.0
route,HRL->AUS,2,2,0,0.0
route,HRL->HOU,14,14,0,0.0
route,HRL->IAH,7,7,0,0.0
route,HRL->MSP,2,2,0,0.0
route,HSV->ATL,20,20,0,0.0
route,HSV->CLT,5,5,0,0.0
route,HSV->DCA,4,4,0,0.0
route,HSV->DEN,1,1,0,0.0
route,HSV->DFW,3,3,0,0.0
route,HSV->DTW,2,2,0,0.0
route,HSV->IAD,4,4,0,0.0
route,HSV->IAH,11,11,0,0.0
route,HSV->MCO,1,1,0,0.0
route,HSV->ORD,7,7,0,0.0
route,HTS->CLT,4,4,0,0.0
route,HVN->PHL,2,2,0,0.0
route,HYS->DEN,2,2,0,0.0
route,HYS->SLN,3,3,0,0.0
route,IAD->ALB,5,5,0,0.0
route,IAD->ATL,43,43,0,0.0
route,IAD->AUS,9,9,0,0.0
route,IAD->AVP,2,2,0,0.0
route,IAD->BDL,11,11,0,0.0
route,IAD->BNA,9,9,0,0.0
route,IAD->BOS,18,18,0,0.0
route,IAD->BTV,7,7,0,0.0
route,IAD->BUF,8,8,0,0.0
route,IAD->CAE,7,7,0,0.0
route,IAD->CHA,3,3,0,0.0
route,IAD->CHO,6,6,0,0.0
route,IAD->CHS,4,4,0,0.0
route,IAD->CKB,1,1,0,0.0
route,IAD->CLE,13,13,0,0.0
route,IAD->CLT,15,15,0,0.0
route,IAD->CMH,16,16,0,0.0
route,IAD->CRW,2,2,0,0.0
route,IAD->CVG,5,5,0,0.0
route,IAD->DAY,3,3,0,0.0
route,IAD->DEN,13,13,0,0.0
route,IAD->DFW,15,15,0,0.0
route,IAD->DTW,16,16,0,0.0
route,IAD->EGE,1,1,0,0.0
route,IAD->EWR,18,18,0,0.0
route,IAD->FAY,4,4,0,0.0
route,IAD->FLL,10,10,0,0.0
route,IAD->GRR,3,3,0,0.0
route,IAD->GSO,9,9,0,0.0
route,IAD->GSP,6,6,0,0.0
route,IAD->HDN,2,2,0,0.0
route,IAD->HNL,1,1,0,0.0
route,IAD->HSV,1,1,0,0.0
route,IAD->IAH,19,19,0,0.0
route,IAD->ILM,3,3,0,0.0
route,IAD->IND,11,11,0,0.0
route,IAD->ITH,2,2,0,0.0
route,IAD->JAX,7,7,0,0.0
route,IAD->JFK,19,19,0,0.0
route,IAD->LAS,6,6,0,0.0
route,IAD->LAX,28,28,0,0.0
route,IAD->LGA,10,10,0,0.0
route,IAD->LWB,1,1,0,0.0
route,IAD->MCI,8,8,0,0.0
route,IAD->MCO,14,14,0,0.0
route,IAD->MDT,13,13,0,0.0
route,IAD->MIA,2,2,0,0.0
route,IAD->MSP,11,11,0,0.0
route,IAD->MSY,3,3,0,0.0
route,IAD->ORD,12,12,0,0.0
route,IAD->ORF,16,16,0,0.0
route,IAD->PBG,5,5,0,0.0
route,IAD->PDX,1,1,0,0.0
route,IAD->PHL,7,7,0,0.0
route,IAD->PHX,3,3,0,0.0
route,IAD->PIT,11,11,0,0.0
route,IAD->PVD,5,5,0,0.0
route,IAD->PWM,6,6,0,0.0
route,IAD->RDU,9,9,0,0.0
route,IAD->RIC,12,12,0,0.0
route,IAD->ROA,3,3,0,0.0
route,IAD->ROC,8,8,0,0.0
route,IAD->SAN,8,8,0,0.0
route,IAD->SAT,4,4,0,0.0
route,IAD->SAV,10,10,0,0.0
route,IAD->SCE,10,10,0,0.0
route,IAD->SDF,5,5,0,0.0
route,IAD->SEA,13,13,0,0.0
route,IAD->SFO,23,23,0,0.0
route,IAD->SHD,2,2,0,0.0
route,IAD->SJU,3,3,0,0.0
route,IAD->SLC,4,4,0,0.0
route,IAD->SMF,2,2,0,0.0
route,IAD->STL,7,7,0,0.0
route,IAD->STT,1,1,0,0.0
route,IAD->SYR,9,9,0,0.0
route,IAD->TPA,8,8,0,0.0
route,IAD->TYS,11,11,0,0.0
route,IAG->FLL,2,2,0,0.0
route,IAG->PGD,2,2,0,0.0
route,IAG->PIE,2,2,0,0.0
route,IAH->ABQ,11,11,0,0.0
route,IAH->AEX,7,7,0,0.0
route,IAH->AMA,8,8,0,0.0
route,IAH->ASE,11,11,0,0.0
route,IAH->ATL,49,49,0,0.0
route,IAH->AUS,20,20,0,0.0
route,IAH->BDL,3,3,0,0.0
route,IAH->BHM,16,16,0,0.0
route,IAH->BNA,11,11,0,0.0
route,IAH->BOI,5,5,0,0.0
route,IAH->BOS,13,13,0,0.0
route,IAH->BRO,7,7,0,0.0
route,IAH->BTR,18,18,0,0.0
route,IAH->BWI,11,11,0,0.0
route,IAH->BZN,3,3,0,0.0
route,IAH->CAE,3,3,0,0.0
route,IAH->CAK,2,2,0,0.0
route,IAH->CHS,5,5,0,0.0
route,IAH->CLE,16,16,0,0.0
route,IAH->CLL,9,9,0,0.0
route,IAH->CLT,34,34,0,0.0
route,IAH->CMH,13,13,0,0.0
route,IAH->COS,9,9,0,0.0
route,IAH->CRP,15,15,0,0.0
route,IAH->CRW,2,2,0,0.0
route,IAH->CVG,15,15,0,0.0
route,IAH->DAY,1,1,0,0.0
route,IAH->DCA,20,20,0,0.0
route,IAH->DEN,38,38,0,0.0
route,IAH->DFW,39,39,0,0.0
route,IAH->DSM,5,5,0,0.0
route,IAH->DTW,27,27,0,0.0
route,IAH->ECP,12,12,0,0.0
route,IAH->EGE,3,3,0,0.0
route,IAH->ELP,8,8,0,0.0
route,IAH->EWR,37,37,0,0.0
route,IAH->FLL,17,17,0,0.0
route,IAH->GPT,3,3,0,0.0
route,IAH->GRK,7,7,0,0.0
route,IAH->GRR,5,5,0,0.0
route,IAH->GSP,5,5,0,0.0
route,IAH->GUC,1,1,0,0.0
route,IAH->HDN,3,3,0,0.0
route,IAH->HNL,3,3,0,0.0
route,IAH->HOB,5,5,0,0.0
route,IAH->HRL,9,9,0,0.0
route,IAH->HSV,8,8,0,0.0
route,IAH->IAD,11,11,0,0.0
route,IAH->ICT,15,15,0,0.0
route,IAH->IND,13,13,0,0.0
route,IAH->JAN,8,8,0,0.0
route,IAH->JAX,14,14,0,0.0
route,IAH->LAS,22,22,0,0.0
route,IAH->LAX,45,45,0,0.0
route,IAH->LBB,14,14,0,0.0
route,IAH->LCH,7,7,0,0.0
route,IAH->LEX,8,8,0,0.0
route,IAH->LFT,12,12,0,0.0
route,IAH->LGA,30,30,0,0.0
route,IAH->LIT,18,18,0,0.0
route,IAH->LRD,8,8,0,0.0
route,IAH->MAF,15,15,0,0.0
route,IAH->MCI,13,13,0,0.0
route,IAH->MCO,17,17,0,0.0
route,IAH->MEM,14,14,0,0.0
route,IAH->MFE,15,15,0,0.0
route,IAH->MIA,12,12,0,0.0
route,IAH->MKE,8,8,0,0.0
route,IAH->MLU,5,5,0,0.0
route,IAH->MOB,13,13,0,0.0
route,IAH->MSP,29,29,0,0.0
route,IAH->MSY,32,32,0,0.0
route,IAH->MTJ,3,3,0,0.0
route,IAH->OKC,32,32,0,0.0
route,IAH->OMA,9,9,0,0.0
route,IAH->ORD,30,30,0,0.0
route,IAH->ORF,1,1,0,0.0
route,IAH->PBI,2,2,0,0.0
route,IAH->PDX,7,7,0,0.0
route,IAH->PHL,15,15,0,0.0
route,IAH->PHX,15,15,0,0.0
route,IAH->PIT,7,7,0,0.0
route,IAH->PNS,12,12,0,0.0
route,IAH->PSP,5,5,0,0.0
route,IAH->RDU,7,7,0,0.0
route,IAH->RIC,4,4,0,0.0
route,IAH->RNO,2,2,0,0.0
route,IAH->RSW,8,8,0,0.0
route,IAH->SAN,20,20,0,0.0
route,IAH->SAT,25,25,0,0.0
route,IAH->SAV,5,5,0,0.0
route,IAH->SDF,7,7,0,0.0
route,IAH->SEA,15,15,0,0.0
route,IAH->SFO,26,26,0,0.0
route,IAH->SGF,8,8,0,0.0
route,IAH->SHV,11,11,0,0.0
route,IAH->SJC,3,3,0,0.0
route,IAH->SJU,4,4,0,0.0
route,IAH->SLC,22,22,0,0.0
route,IAH->SMF,8,8,0,0.0
route,IAH->SNA,9,9,0,0.0
route,IAH->STL,10,10,0,0.0
route,IAH->TPA,20,20,0,0.0
route,IAH->TUL,23,23,0,0.0
route,IAH->TUS,7,7,0,0.0
route,IAH->TYS,6,6,0,0.0
route,IAH->VPS,4,4,0,0.0
route,IAH->XNA,10,10,0,0.0
route,ICT->ATL,12,12,0,0.0
route,ICT->AZA,4,4,0,0.0
route,ICT->DEN,22,22,0,0.0
route,ICT->DFW,12,12,0,0.0
route,ICT->IAH,13,13,0,0.0
route,ICT->LAS,4,4,0,0.0
route,ICT->MSP,6,6,0,0.0
route,ICT->ORD,12,12,0,0.0
route,ICT->PHX,3,3,0,0.0
route,ICT->SEA,3,3,0,0.0
route,ICT->STL,5,5,0,0.0
route,IDA->AZA,2,2,0,0.0
route,IDA->DEN,9,9,0,0.0
route,IDA->LAS,1,1,0,0.0
route,IDA->SLC,16,16,0,0.0
route,ILM->ATL,12,12,0,0.0
route,ILM->CLT,16,16,0,0.0
route,ILM->DCA,1,1,0,0.0
route,ILM->DFW,1,1,0,0.0
route,ILM->IAD,1,1,0,0.0
route,ILM->LGA,3,3,0,0.0
route,ILM->ORD,1,1,0,0.0
route,IMT->DTW,2,2,0,0.0
route,IMT->MSP,7,7,0,0.0
route,IND->ATL,33,33,0,0.0
route,IND->AZA,1,1,0,0.0
route,IND->BOS,12,12,0,0.0
route,IND->BWI,6,6,0,0.0
route,IND->CLT,9,9,0,0.0
route,IND->DAL,5,5,0,0.0
route,IND->DCA,7,7,0,0.0
route,IND->DEN,21,21,0,0.0
route,IND->DFW,4,4,0,0.0
route,IND->DTW,19,19,0,0.0
route,IND->EWR,20,20,0,0.0
route,IND->FLL,5,5,0,0.0
route,IND->HOU,6,6,0,0.0
route,IND->IAD,10,10,0,0.0
route,IND->IAH,11,11,0,0.0
route,IND->JFK,4,4,0,0.0
route,IND->LAS,12,12,0,0.0
route,IND->LAX,7,7,0,0.0
route,IND->LGA,18,18,0,0.0
route,IND->MCI,5,5,0,0.0
route,IND->MCO,18,18,0,0.0
route,IND->MDW,3,3,0,0.0
route,IND->MIA,4,4,0,0.0
route,IND->MSP,15,15,0,0.0
route,IND->MSY,1,1,0,0.0
route,IND->OAK,1,1,0,0.0
route,IND->ORD,37,37,0,0.0
route,IND->PGD,4,4,0,0.0
route,IND->PHL,4,4,0,0.0
route,IND->PHX,8,8,0,0.0
route,IND->PIE,5,5,0,0.0
route,IND->RDU,4,4,0,0.0
route,IND->RSW,16,16,0,0.0
route,IND->SAN,1,1,0,0.0
route,IND->SEA,2,2,0,0.0
route,IND->SFB,1,1,0,0.0
route,IND->SFO,4,4,0,0.0
route,IND->SLC,3,3,0,0.0
route,IND->SRQ,1,1,0,0.0
route,IND->TPA,3,3,0,0.0
route,INL->MSP,4,4,0,0.0
route,IPT->PHL,1,1,0,0.0
route,ISN->DEN,5,5,0,0.0
route,ISN->MSP,10,10,0,0.0
route,ISP->BWI,13,13,0,0.0
route,ISP->FLL,7,7,0,0.0
route,ISP->MCO,13,13,0,0.0
route,ISP->MIA,2,2,0,0.0
route,ISP->MSY,2,2,0,0.0
route,ISP->PBI,7,7,0,0.0
route,ISP->PHL,1,1,0,0.0
route,ISP->RSW,2,2,0,0.0
route,ISP->TPA,9,9,0,0.0
route,ITH->DTW,9,9,0,0.0
route,ITH->EWR,6,6,0,0.0
route,ITH->IAD,2,2,0,0.0
route,ITH->PHL,5,5,0,0.0
route,ITO->HNL,48,48,0,0.0
route,ITO->LAX,3,3,0,0.0
route,ITO->OGG,6,6,0,0.0
route,JAC->ATL,1,1,0,0.0
route,JAC->DEN,9,9,0,0.0
route,JAC->DFW,2,2,0,0.0
route,JAC->EWR,5,5,0,0.0
route,JAC->IAH,1,1,0,0.0
route,JAC->JFK,1,1,0,0.0
route,JAC->LAX,7,7,0,0.0
route,JAC->MSP,1,1,0,0.0
route,JAC->ORD,9,9,0,0.0
route,JAC->SFO,4,4,0,0.0
route,JAC->SLC,9,9,0,0.0
route,JAN->ATL,12,12,0,0.0
route,JAN->CLT,4,4,0,0.0
route,JAN->DEN,1,1,0,0.0
route,JAN->DFW,6,6,0,0.0
route,JAN->IAH,11,11,0,0.0
route,JAN->MCO,2,2,0,0.0
route,JAN->ORD,3,3,0,0.0
route,JAX->ATL,48,48,0,0.0
route,JAX->BLV,2,2,0,0.0
route,JAX->BNA,3,3,0,0.0
route,JAX->BOS,14,14,0,0.0
route,JAX->BWI,8,8,0,0.0
route,JAX->CLE,1,1,0,0.0
route,JAX->CLT,12,12,0,0.0
route,JAX->CVG,1,1,0,0.0
route,JAX->DAL,2,2,0,0.0
route,JAX->DCA,12,12,0,0.0
route,JAX->DEN,4,4,0,0.0
route,JAX->DFW,10,10,0,0.0
route,JAX->DTW,2,2,0,0.0
route,JAX->EWR,14,14,0,0.0
route,JAX->FLL,17,17,0,0.0
route,JAX->HOU,3,3,0,0.0
route,JAX->IAD,13,13,0,0.0
route,JAX->IAH,10,10,0,0.0
route,JAX->IND,4,4,0,0.0
route,JAX->JFK,17,17,0,0.0
route,JAX->LAS,1,1,0,0.0
route,JAX->LGA,10,10,0,0.0
route,JAX->MDW,3,3,0,0.0
route,JAX->MIA,4,4,0,0.0
route,JAX->ORD,12,12,0,0.0
route,JAX->PHL,3,3,0,0.0
route,JAX->PIT,2,2,0,0.0
route,JFK->ABQ,5,5,0,0.0
route,JFK->ATL,23,23,0,0.0
route,JFK->AUS,17,17,0,0.0
route,JFK->BGR,2,2,0,0.0
route,JFK->BNA,10,10,0,0.0
route,JFK->BOS,54,54,0,0.0
route,JFK->BQN,5,5,0,0.0
route,JFK->BTV,15,15,0,0.0
route,JFK->BUF,17,17,0,0.0
route,JFK->BUR,12,12,0,0.0
route,JFK->BWI,9,9,0,0.0
route,JFK->CHS,13,13,0,0.0
route,JFK->CLE,11,11,0,0.0
route,JFK->CLT,30,30,0,0.0
route,JFK->CMH,9,9,0,0.0
route,JFK->CVG,2,2,0,0.0
route,JFK->DAB,4,4,0,0.0
route,JFK->DCA,16,16,0,0.0
route,JFK->DEN,16,16,0,0.0
route,JFK->DFW,6,6,0,0.0
route,JFK->DTW,10,10,0,0.0
route,JFK->EGE,1,1,0,0.0
route,JFK->FLL,44,44,0,0.0
route,JFK->HNL,3,3,0,0.0
route,JFK->HOU,3,3,0,0.0
route,JFK->IAD,10,10,0,0.0
route,JFK->IND,8,8,0,0.0
route,JFK->JAC,1,1,0,0.0
route,JFK->JAX,20,20,0,0.0
route,JFK->LAS,25,25,0,0.0
route,JFK->LAX,83,83,0,0.0
route,JFK->LGB,6,6,0,0.0
route,JFK->MCO,34,34,0,0.0
route,JFK->MIA,23,23,0,0.0
route,JFK->MSP,14,14,0,0.0
route,JFK->MSY,12,12,0,0.0
route,JFK->OAK,2,2,0,0.0
route,JFK->ORD,26,26,0,0.0
route,JFK->ORF,6,6,0,0.0
route,JFK->PBI,12,12,0,0.0
route,JFK->PDX,11,11,0,0.0
route,JFK->PHL,4,4,0,0.0
route,JFK->PHX,13,13,0,0.0
route,JFK->PIT,14,14,0,0.0
route,JFK->PSE,2,2,0,0.0
route,JFK->PSP,3,3,0,0.0
route,JFK->PWM,7,7,0,0.0
route,JFK->RDU,20,20,0,0.0
route,JFK->RIC,4,4,0,0.0
route,JFK->RNO,5,5,0,0.0
route,JFK->ROC,14,14,0,0.0
route,JFK->RSW,15,15,0,0.0
route,JFK->SAN,12,12,0,0.0
route,JFK->SAT,2,2,0,0.0
route,JFK->SAV,10,10,0,0.0
route,JFK->SEA,19,19,0,0.0
route,JFK->SFO,79,79,0,0.0
route,JFK->SJC,5,5,0,0.0
route,JFK->SJU,31,31,0,0.0
route,JFK->SLC,19,19,0,0.0
route,JFK->SMF,2,2,0,0.0
route,JFK->SRQ,4,4,0,0.0
route,JFK->SYR,18,18,0,0.0
route,JFK->TPA,31,31,0,0.0
route,JHM->HNL,7,7,0,0.0
route,JHM->OGG,2,2,0,0.0
route,JMS->DEN,2,2,0,0.0
route,JMS->DVL,4,4,0,0.0
route,JNU->ANC,12,12,0,0.0
route,JNU->KTN,3,3,0,0.0
route,JNU->PSG,4,4,0,0.0
route,JNU->SEA,12,12,0,0.0
route,JNU->SIT,4,4,0,0.0
route,JNU->YAK,1,1,0,0.0
route,KOA->DEN,1,1,0,0.0
route,KOA->HNL,65,65,0,0.0
route,KOA->LAX,9,9,0,0.0
route,KOA->OAK,4,4,0,0.0
route,KOA->OGG,17,17,0,0.0
route,KOA->PDX,3,3,0,0.0
route,KOA->PHX,2,2,0,0.0
route,KOA->SAN,2,2,0,0.0
route,KOA->SEA,11,11,0,0.0
route,KOA->SFO,16,16,0,0.0
route,KOA->SJC,3,3,0,0.0
route,KOA->SMF,1,1,0,0.0
route,KTN->JNU,2,2,0,0.0
route,KTN->SEA,11,11,0,0.0
route,KTN->SIT,2,2,0,0.0
route,KTN->WRG,8,8,0,0.0
route,LAN->DCA,1,1,0,0.0
route,LAN->DTW,20,20,0,0.0
route,LAN->MSP,7,7,0,0.0
route,LAN->ORD,10,10,0,0.0
route,LAR->DEN,10,10,0,0.0
route,LAS->ABQ,10,10,0,0.0
route,LAS->AMA,3,3,0,0.0
route,LAS->ATL,36,36,0,0.0
route,LAS->ATW,1,1,0,0.0
route,LAS->AUS,16,16,0,0.0
route,LAS->AZA,2,2,0,0.0
route,LAS->BDL,1,1,0,0.0
route,LAS->BHM,7,7,0,0.0
route,LAS->BIL,1,1,0,0.0
route,LAS->BIS,2,2,0,0.0
route,LAS->BLI,5,5,0,0.0
route,LAS->BLV,2,2,0,0.0
route,LAS->BNA,8,8,0,0.0
route,LAS->BOI,4,4,0,0.0
route,LAS->BOS,18,18,0,0.0
route,LAS->BUF,1,1,0,0.0
route,LAS->BUR,22,22,0,0.0
route,LAS->BWI,15,15,0,0.0
route,LAS->BZN,1,1,0,0.0
route,LAS->CID,1,1,0,0.0
route,LAS->CLE,8,8,0,0.0
route,LAS->CLT,6,6,0,0.0
route,LAS->CMH,15,15,0,0.0
route,LAS->COS,2,2,0,0.0
route,LAS->CVG,6,6,0,0.0
route,LAS->DAL,18,18,0,0.0
route,LAS->DCA,1,1,0,0.0
route,LAS->DEN,54,54,0,0.0
route,LAS->DFW,16,16,0,0.0
route,LAS->DSM,9,9,0,0.0
route,LAS->DTW,28,28,0,0.0
route,LAS->ELP,9,9,0,0.0
route,LAS->EUG,1,1,0,0.0
route,LAS->EWR,19,19,0,0.0
route,LAS->FAR,2,2,0,0.0
route,LAS->FAT,10,10,0,0.0
route,LAS->FCA,3,3,0,0.0
route,LAS->FLL,10,10,0,0.0
route,LAS->FSD,2,2,0,0.0
route,LAS->GEG,10,10,0,0.0
route,LAS->GFK,2,2,0,0.0
route,LAS->GJT,2,2,0,0.0
route,LAS->GRI,1,1,0,0.0
route,LAS->GTF,2,2,0,0.0
route,LAS->HNL,11,11,0,0.0
route,LAS->HOU,16,16,0,0.0
route,LAS->IAD,9,9,0,0.0
route,LAS->IAH,19,19,0,0.0
route,LAS->ICT,8,8,0,0.0
route,LAS->IDA,3,3,0,0.0
route,LAS->IND,8,8,0,0.0
route,LAS->JAX,1,1,0,0.0
route,LAS->JFK,30,30,0,0.0
route,LAS->LAX,117,117,0,0.0
route,LAS->LGB,20,20,0,0.0
route,LAS->LIT,5,5,0,0.0
route,LAS->LRD,3,3,0,0.0
route,LAS->MAF,6,6,0,0.0
route,LAS->MCI,14,14,0,0.0
route,LAS->MCO,6,6,0,0.0
route,LAS->MDW,24,24,0,0.0
route,LAS->MEM,3,3,0,0.0
route,LAS->MFE,3,3,0,0.0
route,LAS->MFR,2,2,0,0.0
route,LAS->MIA,3,3,0,0.0
route,LAS->MKE,10,10,0,0.0
route,LAS->MLI,1,1,0,0.0
route,LAS->MOT,2,2,0,0.0
route,LAS->MSO,1,1,0,0.0
route,LAS->MSP,22,22,0,0.0
route,LAS->MSY,8,8,0,0.0
route,LAS->OAK,31,31,0,0.0
route,LAS->OKC,10,10,0,0.0
route,LAS->OMA,10,10,0,0.0
route,LAS->ONT,13,13,0,0.0
route,LAS->ORD,31,31,0,0.0
route,LAS->PDX,33,33,0,0.0
route,LAS->PHL,7,7,0,0.0
route,LAS->PHX,36,36,0,0.0
route,LAS->PIA,1,1,0,0.0
route,LAS->PIT,6,6,0,0.0
route,LAS->RDU,3,3,0,0.0
route,LAS->RNO,29,29,0,0.0
route,LAS->SAN,46,46,0,0.0
route,LAS->SAT,15,15,0,0.0
route,LAS->SBN,1,1,0,0.0
route,LAS->SCK,2,2,0,0.0
route,LAS->SDF,3,3,0,0.0
route,LAS->SEA,49,49,0,0.0
route,LAS->SFO,73,73,0,0.0
route,LAS->SJC,46,46,0,0.0
route,LAS->SLC,34,34,0,0.0
route,LAS->SMF,34,34,0,0.0
route,LAS->SMX,2,2,0,0.0
route,LAS->SNA,37,37,0,0.0
route,LAS->STL,16,16,0,0.0
route,LAS->TPA,10,10,0,0.0
route,LAS->TUL,4,4,0,0.0
route,LAS->TUS,7,7,0,0.0
route,LAS->TYS,3,3,0,0.0
route,LAW->DFW,3,3,0,0.0
route,LAX->ABQ,19,19,0,0.0
route,LAX->ACV,1,1,0,0.0
route,LAX->ANC,2,2,0,0.0
route,LAX->ASE,19,19,0,0.0
route,LAX->ATL,45,45,0,0.0
route,LAX->AUS,27,27,0,0.0
route,LAX->BNA,11,11,0,0.0
route,LAX->BOI,11,11,0,0.0
route,LAX->BOS,23,23,0,0.0
route,LAX->BUF,5,5,0,0.0
route,LAX->BWI,14,14,0,0.0
route,LAX->BZN,5,5,0,0.0
route,LAX->CLE,9,9,0,0.0
route,LAX->CLT,10,10,0,0.0
route,LAX->CMH,9,9,0,0.0
route,LAX->COS,4,4,0,0.0
route,LAX->CVG,6,6,0,0.0
route,LAX->DAL,18,18,0,0.0
route,LAX->DCA,17,17,0,0.0
route,LAX->DEN,69,69,0,0.0
route,LAX->DFW,43,43,0,0.0
route,LAX->DTW,20,20,0,0.0
route,LAX->EGE,3,3,0,0.0
route,LAX->ELP,6,6,0,0.0
route,LAX->EUG,5,5,0,0.0
route,LAX->EWR,40,40,0,0.0
route,LAX->FAT,20,20,0,0.0
route,LAX->FLL,19,19,0,0.0
route,LAX->GEG,5,5,0,0.0
route,LAX->HNL,46,46,0,0.0
route,LAX->HOU,13,13,0,0.0
route,LAX->IAD,28,28,0,0.0
route,LAX->IAH,37,37,0,0.0
route,LAX->IND,6,6,0,0.0
route,LAX->ITO,2,2,0,0.0
route,LAX->JAC,3,3,0,0.0
route,LAX->JFK,76,76,0,0.0
route,LAX->KOA,15,15,0,0.0
route,LAX->LAS,87,87,0,0.0
route,LAX->LIH,12,12,0,0.0
route,LAX->MCI,20,20,0,0.0
route,LAX->MCO,32,32,0,0.0
route,LAX->MDW,18,18,0,0.0
route,LAX->MEM,1,1,0,0.0
route,LAX->MFR,8,8,0,0.0
route,LAX->MIA,9,9,0,0.0
route,LAX->MKE,3,3,0,0.0
route,LAX->MMH,1,1,0,0.0
route,LAX->MRY,13,13,0,0.0
route,LAX->MSO,1,1,0,0.0
route,LAX->MSP,19,19,0,0.0
route,LAX->MSY,27,27,0,0.0
route,LAX->OAK,41,41,0,0.0
route,LAX->OGG,21,21,0,0.0
route,LAX->OKC,4,4,0,0.0
route,LAX->OMA,4,4,0,0.0
route,LAX->ORD,47,47,0,0.0
route,LAX->PDX,50,50,0,0.0
route,LAX->PHL,16,16,0,0.0
route,LAX->PHX,46,46,0,0.0
route,LAX->PIT,8,8,0,0.0
route,LAX->PRC,2,2,0,0.0
route,LAX->PSP,2,2,0,0.0
route,LAX->RDM,1,1,0,0.0
route,LAX->RDU,4,4,0,0.0
route,LAX->RNO,21,21,0,0.0
route,LAX->SAN,46,46,0,0.0
route,LAX->SAT,19,19,0,0.0
route,LAX->SBA,12,12,0,0.0
route,LAX->SBP,14,14,0,0.0
route,LAX->SEA,70,70,0,0.0
route,LAX->SFO,147,147,0,0.0
route,LAX->SGF,2,2,0,0.0
route,LAX->SGU,3,3,0,0.0
route,LAX->SJC,62,62,0,0.0
route,LAX->SLC,56,56,0,0.0
route,LAX->SMF,47,47,0,0.0
route,LAX->STL,10,10,0,0.0
route,LAX->STS,9,9,0,0.0
route,LAX->SUN,2,2,0,0.0
route,LAX->TPA,4,4,0,0.0
route,LAX->TUL,2,2,0,0.0
route,LAX->TUS,14,14,0,0.0
route,LAX->XNA,2,2,0,0.0
route,LBB->AUS,4,4,0,0.0
route,LBB->DAL,15,15,0,0.0
route,LBB->DEN,4,4,0,0.0
route,LBB->DFW,9,9,0,0.0
route,LBB->IAH,7,7,0,0.0
route,LBB->LAS,4,4,0,0.0
route,LBB->PHX,3,3,0,0.0
route,LBE->FLL,1,1,0,0.0
route,LBE->MCO,4,4,0,0.0
route,LBE->RSW,1,1,0,0.0
route,LBE->TPA,2,2,0,0.0
route,LBF->DEN,4,4,0,0.0
route,LCH->DFW,2,2,0,0.0
route,LCH->IAH,14,14,0,0.0
route,LCK->FLL,1,1,0,0.0
route,LCK->PGD,2,2,0,0.0
route,LCK->PIE,2,2,0,0.0
route,LCK->SFB,1,1,0,0.0
route,LEX->ATL,19,19,0,0.0
route,LEX->CLT,12,12,0,0.0
route,LEX->DCA,1,1,0,0.0
route,LEX->DFW,1,1,0,0.0
route,LEX->DTW,11,11,0,0.0
route,LEX->EWR,4,4,0,0.0
route,LEX->IAH,5,5,0,0.0
route,LEX->LGA,1,1,0,0.0
route,LEX->ORD,17,17,0,0.0
route,LEX->PGD,2,2,0,0.0
route,LEX->PHL,3,3,0,0.0
route,LEX->PIE,2,2,0,0.0
route,LEX->SFB,2,2,0,0.0
route,LFT->ATL,6,6,0,0.0
route,LFT->DFW,6,6,0,0.0
route,LFT->IAH,17,17,0,0.0
route,LFT->MCO,1,1,0,0.0
route,LGA->ATL,75,75,0,0.0
route,LGA->BGR,9,9,0,0.0
route,LGA->BHM,5,5,0,0.0
route,LGA->BNA,37,37,0,0.0
route,LGA->BOS,64,64,0,0.0
route,LGA->BTV,7,7,0,0.0
route,LGA->BUF,6,6,0,0.0
route,LGA->CAE,7,7,0,0.0
route,LGA->CAK,1,1,0,0.0
route,LGA->CHA,1,1,0,0.0
route,LGA->CHO,8,8,0,0.0
route,LGA->CHS,4,4,0,0.0
route,LGA->CLE,35,35,0,0.0
route,LGA->CLT,35,35,0,0.0
route,LGA->CMH,27,27,0,0.0
route,LGA->CVG,18,18,0,0.0
route,LGA->DAL,21,21,0,0.0
route,LGA->DAY,7,7,0,0.0
route,LGA->DCA,38,38,0,0.0
route,LGA->DEN,30,30,0,0.0
route,LGA->DFW,38,38,0,0.0
route,LGA->DSM,2,2,0,0.0
route,LGA->DTW,24,24,0,0.0
route,LGA->EGE,1,1,0,0.0
route,LGA->FLL,44,44,0,0.0
route,LGA->GRR,2,2,0,0.0
route,LGA->GSO,14,14,0,0.0
route,LGA->GSP,3,3,0,0.0
route,LGA->HOU,10,10,0,0.0
route,LGA->IAD,9,9,0,0.0
route,LGA->IAH,28,28,0,0.0
route,LGA->ILM,2,2,0,0.0
route,LGA->IND,19,19,0,0.0
route,LGA->JAX,13,13,0,0.0
route,LGA->LEX,1,1,0,0.0
route,LGA->MCI,25,25,0,0.0
route,LGA->MCO,27,27,0,0.0
route,LGA->MDW,13,13,0,0.0
route,LGA->MEM,12,12,0,0.0
route,LGA->MHT,4,4,0,0.0
route,LGA->MIA,31,31,0,0.0
route,LGA->MKE,21,21,0,0.0
route,LGA->MSN,3,3,0,0.0
route,LGA->MSP,18,18,0,0.0
route,LGA->MSY,10,10,0,0.0
route,LGA->MTJ,1,1,0,0.0
route,LGA->MYR,4,4,0,0.0
route,LGA->OMA,3,3,0,0.0
route,LGA->ORD,109,109,0,0.0
route,LGA->ORF,15,15,0,0.0
route,LGA->PBI,18,18,0,0.0
route,LGA->PHL,2,2,0,0.0
route,LGA->PIT,22,22,0,0.0
route,LGA->PWM,14,14,0,0.0
route,LGA->RDU,38,38,0,0.0
route,LGA->RIC,11,11,0,0.0
route,LGA->ROA,2,2,0,0.0
route,LGA->ROC,12,12,0,0.0
route,LGA->RSW,12,12,0,0.0
route,LGA->SAV,5,5,0,0.0
route,LGA->SDF,13,13,0,0.0
route,LGA->SRQ,4,4,0,0.0
route,LGA->STL,29,29,0,0.0
route,LGA->SYR,13,13,0,0.0
route,LGA->TPA,18,18,0,0.0
route,LGA->TYS,9,9,0,0.0
route,LGA->XNA,2,2,0,0.0
route,LGB->AUS,1,1,0,0.0
route,LGB->BOS,4,4,0,0.0
route,LGB->BZN,1,1,0,0.0
route,LGB->DEN,2,2,0,0.0
route,LGB->FLL,2,2,0,0.0
route,LGB->HNL,2,2,0,0.0
route,LGB->JFK,7,7,0,0.0
route,LGB->LAS,13,13,0,0.0
route,LGB->OAK,17,17,0,0.0
route,LGB->PDX,4,4,0,0.0
route,LGB->PHX,4,4,0,0.0
route,LGB->RNO,6,6,0,0.0
route,LGB->SEA,6,6,0,0.0
route,LGB->SFO,19,19,0,0.0
route,LGB->SJC,10,10,0,0.0
route,LGB->SLC,12,12,0,0.0
route,LGB->SMF,12,12,0,0.0
route,LIH->DEN,2,2,0,0.0
route,LIH->HNL,59,59,0,0.0
route,LIH->KOA,4,4,0,0.0
route,LIH->LAX,14,14,0,0.0
route,LIH->OAK,3,3,0,0.0
route,LIH->OGG,15,15,0,0.0
route,LIH->PDX,2,2,0,0.0
route,LIH->PHX,4,4,0,0.0
route,LIH->SAN,2,2,0,0.0
route,LIH->SEA,6,6,0,0.0
route,LIH->SFO,5,5,0,0.0
route,LIH->SJC,2,2,0,0.0
route,LIT->ATL,20,20,0,0.0
route,LIT->CLT,4,4,0,0.0
route,LIT->DAL,12,12,0,0.0
route,LIT->DCA,2,2,0,0.0
route,LIT->DEN,10,10,0,0.0
route,LIT->DFW,8,8,0,0.0
route,LIT->IAH,15,15,0,0.0
route,LIT->LAS,2,2,0,0.0
route,LIT->ORD,13,13,0,0.0
route,LIT->PHX,1,1,0,0.0
route,LIT->SFB,1,1,0,0.0
route,LIT->STL,4,4,0,0.0
route,LNK->ATL,2,2,0,0.0
route,LNK->DEN,13,13,0,0.0
route,LNK->MSP,8,8,0,0.0
route,LNK->ORD,11,11,0,0.0
route,LNY->HNL,16,15,1,0.0625
route,LNY->MKK,2,2,0,0.0
route,LRD->DFW,6,6,0,0.0
route,LRD->IAH,12,12,0,0.0
route,LRD->LAS,2,2,0,0.0
route,LSE->MSP,5,5,0,0.0
route,LSE->ORD,2,2,0,0.0
route,LWB->IAD,1,1,0,0.0
route,LWB->ORD,1,1,0,0.0
route,LWS->BOI,1,1,0,0.0
route,LWS->SEA,4,4,0,0.0
route,LWS->SLC,7,7,0,0.0
route,LYH->CLT,7,7,0,0.0
route,MAF->DAL,17,17,0,0.0
route,MAF->DEN,6,6,0,0.0
route,MAF->DFW,13,13,0,0.0
route,MAF->HOU,9,9,0,0.0
route,MAF->IAH,21,21,0,0.0
route,MAF->LAS,3,3,0,0.0
route,MAF->PHX,2,2,0,0.0
route,MBS->DTW,12,12,0,0.0
route,MBS->ORD,7,7,0,0.0
route,MCI->ABQ,3,3,0,0.0
route,MCI->ATL,33,33,0,0.0
route,MCI->AUS,2,2,0,0.0
route,MCI->AZA,1,1,0,0.0
route,MCI->BNA,9,9,0,0.0
route,MCI->BOS,7,7,0,0.0
route,MCI->BWI,6,6,0,0.0
route,MCI->CLT,7,7,0,0.0
route,MCI->CVG,2,2,0,0.0
route,MCI->DAL,14,14,0,0.0
route,MCI->DCA,13,13,0,0.0
route,MCI->DEN,30,30,0,0.0
route,MCI->DFW,8,8,0,0.0
route,MCI->DTW,11,11,0,0.0
route,MCI->EWR,11,11,0,0.0
route,MCI->FLL,6,6,0,0.0
route,MCI->HOU,11,11,0,0.0
route,MCI->IAD,3,3,0,0.0
route,MCI->IAH,13,13,0,0.0
route,MCI->IND,2,2,0,0.0
route,MCI->LAS,13,13,0,0.0
route,MCI->LAX,17,17,0,0.0
route,MCI->LGA,19,19,0,0.0
route,MCI->MCO,4,4,0,0.0
route,MCI->MDW,19,19,0,0.0
route,MCI->MIA,5,5,0,0.0
route,MCI->MKE,1,1,0,0.0
route,MCI->MSP,20,20,0,0.0
route,MCI->MSY,1,1,0,0.0
route,MCI->OAK,3,3,0,0.0
route,MCI->ORD,25,25,0,0.0
route,MCI->PDX,3,3,0,0.0
route,MCI->PHL,3,3,0,0.0
route,MCI->PHX,16,16,0,0.0
route,MCI->RDU,3,3,0,0.0
route,MCI->RSW,10,10,0,0.0
route,MCI->SAN,9,9,0,0.0
route,MCI->SAT,3,3,0,0.0
route,MCI->SEA,5,5,0,0.0
route,MCI->SFO,13,13,0,0.0
route,MCI->SLC,7,7,0,0.0
route,MCI->STL,10,10,0,0.0
route,MCI->TPA,7,7,0,0.0
route,MCO->ABQ,1,1,0,0.0
route,MCO->ACY,5,5,0,0.0
route,MCO->ALB,14,14,0,0.0
route,MCO->ATL,70,70,0,0.0
route,MCO->AUS,10,10,0,0.0
route,MCO->AVL,2,2,0,0.0
route,MCO->BDL,17,17,0,0.0
route,MCO->BHM,6,6,0,0.0
route,MCO->BNA,12,12,0,0.0
route,MCO->BOS,40,40,0,0.0
route,MCO->BQN,6,6,0,0.0
route,MCO->BUF,12,12,0,0.0
route,MCO->BWI,39,39,0,0.0
route,MCO->CAK,3,3,0,0.0
route,MCO->CLE,9,9,0,0.0
route,MCO->CLT,17,17,0,0.0
route,MCO->CMH,15,15,0,0.0
route,MCO->COS,2,2,0,0.0
route,MCO->CVG,12,12,0,0.0
route,MCO->DAL,12,12,0,0.0
route,MCO->DCA,31,31,0,0.0
route,MCO->DEN,31,31,0,0.0
route,MCO->DFW,27,27,0,0.0
route,MCO->DSM,2,2,0,0.0
route,MCO->DTW,34,34,0,0.0
route,MCO->EWR,54,54,0,0.0
route,MCO->FLL,18,18,0,0.0
route,MCO->FNT,1,1,0,0.0
route,MCO->GRR,8,8,0,0.0
route,MCO->HOU,8,8,0,0.0
route,MCO->HPN,11,11,0,0.0
route,MCO->HSV,1,1,0,0.0
route,MCO->IAD,22,22,0,0.0
route,MCO->IAH,22,22,0,0.0
route,MCO->IND,18,18,0,0.0
route,MCO->ISP,6,6,0,0.0
route,MCO->JAN,1,1,0,0.0
route,MCO->JFK,40,40,0,0.0
route,MCO->LAS,13,13,0,0.0
route,MCO->LAX,32,32,0,0.0
route,MCO->LBE,6,6,0,0.0
route,MCO->LGA,39,39,0,0.0
route,MCO->LIT,1,1,0,0.0
route,MCO->MCI,13,13,0,0.0
route,MCO->MDT,1,1,0,0.0
route,MCO->MDW,27,27,0,0.0
route,MCO->MEM,5,5,0,0.0
route,MCO->MHT,11,11,0,0.0
route,MCO->MIA,12,12,0,0.0
route,MCO->MKE,14,14,0,0.0
route,MCO->MSN,1,1,0,0.0
route,MCO->MSP,18,18,0,0.0
route,MCO->MSY,13,13,0,0.0
route,MCO->OKC,1,1,0,0.0
route,MCO->OMA,3,3,0,0.0
route,MCO->ONT,2,2,0,0.0
route,MCO->ORD,28,28,0,0.0
route,MCO->ORF,7,7,0,0.0
route,MCO->ORH,3,3,0,0.0
route,MCO->PDX,3,3,0,0.0
route,MCO->PHL,33,33,0,0.0
route,MCO->PHX,13,13,0,0.0
route,MCO->PIT,22,22,0,0.0
route,MCO->PSE,8,8,0,0.0
route,MCO->PVD,20,20,0,0.0
route,MCO->RDU,23,23,0,0.0
route,MCO->RIC,7,7,0,0.0
route,MCO->ROC,5,5,0,0.0
route,MCO->SAN,10,10,0,0.0
route,MCO->SAT,5,5,0,0.0
route,MCO->SDF,5,5,0,0.0
route,MCO->SEA,14,14,0,0.0
route,MCO->SFO,12,12,0,0.0
route,MCO->SJC,3,3,0,0.0
route,MCO->SJU,47,47,0,0.0
route,MCO->SLC,11,11,0,0.0
route,MCO->STL,18,18,0,0.0
route,MCO->SWF,2,2,0,0.0
route,MCO->SYR,7,7,0,0.0
route,MCO->TTN,9,9,0,0.0
route,MCO->TYS,1,1,0,0.0
route,MDT->ATL,10,10,0,0.0
route,MDT->BOS,4,4,0,0.0
route,MDT->CLT,3,3,0,0.0
route,MDT->DTW,15,15,0,0.0
route,MDT->IAD,9,9,0,0.0
route,MDT->MCO,2,2,0,0.0
route,MDT->ORD,19,19,0,0.0
route,MDT->PHL,2,2,0,0.0
route,MDT->SFB,3,3,0,0.0
route,MDW->ABQ,3,3,0,0.0
route,MDW->ALB,1,1,0,0.0
route,MDW->ATL,25,25,0,0.0
route,MDW->AUS,9,9,0,0.0
route,MDW->BDL,5,5,0,0.0
route,MDW->BHM,5,5,0,0.0
route,MDW->BNA,17,17,0,0.0
route,MDW->BOS,12,12,0,0.0
route,MDW->BUF,5,5,0,0.0
route,MDW->BUR,1,1,0,0.0
route,MDW->BWI,21,21,0,0.0
route,MDW->CHS,2,2,0,0.0
route,MDW->CLE,10,10,0,0.0
route,MDW->CLT,7,7,0,0.0
route,MDW->CMH,11,11,0,0.0
route,MDW->CVG,12,12,0,0.0
route,MDW->DAL,18,18,0,0.0
route,MDW->DCA,11,11,0,0.0
route,MDW->DEN,20,20,0,0.0
route,MDW->DTW,27,27,0,0.0
route,MDW->EWR,15,15,0,0.0
route,MDW->FLL,18,18,0,0.0
route,MDW->FNT,5,5,0,0.0
route,MDW->GRR,11,11,0,0.0
route,MDW->HOU,6,6,0,0.0
route,MDW->IND,6,6,0,0.0
route,MDW->JAX,2,2,0,0.0
route,MDW->LAS,24,24,0,0.0
route,MDW->LAX,16,16,0,0.0
route,MDW->LGA,17,17,0,0.0
route,MDW->MCI,21,21,0,0.0
route,MDW->MCO,22,22,0,0.0
route,MDW->MEM,6,6,0,0.0
route,MDW->MHT,8,8,0,0.0
route,MDW->MSP,25,25,0,0.0
route,MDW->MSY,10,10,0,0.0
route,MDW->OAK,10,10,0,0.0
route,MDW->OKC,1,1,0,0.0
route,MDW->OMA,13,13,0,0.0
route,MDW->ONT,3,3,0,0.0
route,MDW->ORF,6,6,0,0.0
route,MDW->PDX,6,6,0,0.0
route,MDW->PHL,15,15,0,0.0
route,MDW->PHX,24,24,0,0.0
route,MDW->PIT,8,8,0,0.0
route,MDW->PVD,8,8,0,0.0
route,MDW->RDU,6,6,0,0.0
route,MDW->RSW,13,13,0,0.0
route,MDW->SAN,4,4,0,0.0
route,MDW->SAT,4,4,0,0.0
route,MDW->SDF,10,10,0,0.0
route,MDW->SEA,4,4,0,0.0
route,MDW->SFO,5,5,0,0.0
route,MDW->SJC,2,2,0,0.0
route,MDW->SLC,6,6,0,0.0
route,MDW->SNA,1,1,0,0.0
route,MDW->STL,22,22,0,0.0
route,MDW->TPA,10,10,0,0.0
route,MDW->TUS,3,3,0,0.0
route,MEI->ORD,2,2,0,0.0
route,MEI->PIB,3,3,0,0.0
route,MEM->ATL,30,30,0,0.0
route,MEM->AUS,1,1,0,0.0
route,MEM->BWI,3,3,0,0.0
route,MEM->CLT,7,7,0,0.0
route,MEM->DAL,3,3,0,0.0
route,MEM->DCA,4,4,0,0.0
route,MEM->DEN,12,12,0,0.0
route,MEM->DFW,8,8,0,0.0
route,MEM->DTW,4,4,0,0.0
route,MEM->EWR,7,7,0,0.0
route,MEM->FLL,1,1,0,0.0
route,MEM->HOU,5,5,0,0.0
route,MEM->IAH,19,19,0,0.0
route,MEM->LAS,6,6,0,0.0
route,MEM->LAX,3,3,0,0.0
route,MEM->LGA,6,6,0,0.0
route,MEM->MCO,3,3,0,0.0
route,MEM->MDW,7,7,0,0.0
route,MEM->MIA,1,1,0,0.0
route,MEM->MSP,11,11,0,0.0
route,MEM->ORD,16,16,0,0.0
route,MEM->PHL,2,2,0,0.0
route,MEM->PHX,2,2,0,0.0
route,MEM->PIE,2,2,0,0.0
route,MEM->TPA,3,3,0,0.0
route,MFE->DFW,9,9,0,0.0
route,MFE->IAH,15,15,0,0.0
route,MFE->LAS,1,1,0,0.0
route,MFE->SFB,1,1,0,0.0
route,MFR->DEN,2,2,0,0.0
route,MFR->LAX,7,7,0,0.0
route,MFR->PDX,16,16,0,0.0
route,MFR->PHX,2,2,0,0.0
route,MFR->SEA,11,11,0,0.0
route,MFR->SFO,10,10,0,0.0
route,MFR->SLC,8,8,0,0.0
route,MGM->ATL,16,16,0,0.0
route,MGM->CLT,4,4,0,0.0
route,MGM->DCA,1,1,0,0.0
route,MGM->DFW,3,3,0,0.0
route,MHK->DFW,3,3,0,0.0
route,MHK->ORD,4,4,0,0.0
route,MHT->ATL,1,1,0,0.0
route,MHT->BWI,17,17,0,0.0
route,MHT->CLT,5,5,0,0.0
route,MHT->DCA,3,3,0,0.0
route,MHT->DTW,7,7,0,0.0
route,MHT->EWR,5,5,0,0.0
route,MHT->LGA,4,4,0,0.0
route,MHT->MCO,7,7,0,0.0
route,MHT->MDW,6,6,0,0.0
route,MHT->ORD,2,2,0,0.0
route,MHT->PHL,5,5,0,0.0
route,MHT->TPA,5,5,0,0.0
route,MIA->ATL,54,54,0,0.0
route,MIA->AUS,1,1,0,0.0
route,MIA->BHM,6,6,0,0.0
route,MIA->BNA,3,3,0,0.0
route,MIA->BOS,10,10,0,0.0
route,MIA->BWI,2,2,0,0.0
route,MIA->CHS,6,6,0,0.0
route,MIA->CLE,6,6,0,0.0
route,MIA->CLT,12,12,0,0.0
route,MIA->CMH,7,7,0,0.0
route,MIA->CVG,4,4,0,0.0
route,MIA->DCA,16,16,0,0.0
route,MIA->DEN,16,16,0,0.0
route,MIA->DFW,20,20,0,0.0
route,MIA->DTW,12,12,0,0.0
route,MIA->EGE,2,2,0,0.0
route,MIA->EWR,17,17,0,0.0
route,MIA->EYW,4,4,0,0.0
route,MIA->GNV,4,4,0,0.0
route,MIA->GRR,1,1,0,0.0
route,MIA->GSO,1,1,0,0.0
route,MIA->GSP,3,3,0,0.0
route,MIA->HOU,1,1,0,0.0
route,MIA->IAD,2,2,0,0.0
route,MIA->IAH,13,13,0,0.0
route,MIA->IND,7,7,0,0.0
route,MIA->ISP,2,2,0,0.0
route,MIA->JAX,9,9,0,0.0
route,MIA->JFK,21,21,0,0.0
route,MIA->LAS,8,8,0,0.0
route,MIA->LAX,17,17,0,0.0
route,MIA->LGA,40,40,0,0.0
route,MIA->MCI,5,5,0,0.0
route,MIA->MCO,23,23,0,0.0
route,MIA->MEM,2,2,0,0.0
route,MIA->MKE,3,3,0,0.0
route,MIA->MSP,8,8,0,0.0
route,MIA->MSY,3,3,0,0.0
route,MIA->OMA,1,1,0,0.0
route,MIA->ORD,19,19,0,0.0
route,MIA->ORF,3,3,0,0.0
route,MIA->PHL,8,8,0,0.0
route,MIA->PHX,5,5,0,0.0
route,MIA->PIT,4,4,0,0.0
route,MIA->PNS,1,1,0,0.0
route,MIA->PVD,2,2,0,0.0
route,MIA->RDU,4,4,0,0.0
route,MIA->RIC,1,1,0,0.0
route,MIA->RSW,6,6,0,0.0
route,MIA->SAN,4,4,0,0.0
route,MIA->SAT,2,2,0,0.0
route,MIA->SAV,8,8,0,0.0
route,MIA->SDF,2,2,0,0.0
route,MIA->SEA,3,3,0,0.0
route,MIA->SFO,7,7,0,0.0
route,MIA->SJU,6,6,0,0.0
route,MIA->STL,1,1,0,0.0
route,MIA->STT,2,2,0,0.0
route,MIA->STX,2,2,0,0.0
route,MIA->TLH,1,1,0,0.0
route,MIA->TPA,10,10,0,0.0
route,MIA->TYS,3,3,0,0.0
route,MKE->ATL,25,25,0,0.0
route,MKE->BNA,8,8,0,0.0
route,MKE->BOS,8,8,0,0.0
route,MKE->BWI,2,2,0,0.0
route,MKE->CLE,7,7,0,0.0
route,MKE->CLT,10,10,0,0.0
route,MKE->CVG,2,2,0,0.0
route,MKE->DCA,3,3,0,0.0
route,MKE->DEN,22,22,0,0.0
route,MKE->DFW,2,2,0,0.0
route,MKE->DTW,13,13,0,0.0
route,MKE->EWR,10,10,0,0.0
route,MKE->FLL,8,8,0,0.0
route,MKE->IAH,2,2,0,0.0
route,MKE->LAS,9,9,0,0.0
route,MKE->LAX,1,1,0,0.0
route,MKE->LGA,17,17,0,0.0
route,MKE->MCI,9,9,0,0.0
route,MKE->MCO,18,18,0,0.0
route,MKE->MIA,1,1,0,0.0
route,MKE->MSP,20,20,0,0.0
route,MKE->ORD,34,34,0,0.0
route,MKE->PGD,1,1,0,0.0
route,MKE->PHL,3,3,0,0.0
route,MKE->PHX,8,8,0,0.0
route,MKE->RSW,8,8,0,0.0
route,MKE->SAN,3,3,0,0.0
route,MKE->SEA,7,7,0,0.0
route,MKE->SFB,1,1,0,0.0
route,MKE->SLC,4,4,0,0.0
route,MKE->STL,3,3,0,0.0
route,MKE->TPA,12,12,0,0.0
route,MKG->ORD,3,3,0,0.0
route,MKK->HNL,10,10,0,0.0
route,MLB->ATL,5,5,0,0.0
route,MLB->CLT,4,4,0,0.0
route,MLI->ATL,6,6,0,0.0
route,MLI->DEN,8,8,0,0.0
route,MLI->DFW,2,2,0,0.0
route,MLI->DTW,8,8,0,0.0
route,MLI->MSP,4,4,0,0.0
route,MLI->ORD,14,14,0,0.0
route,MLI->PIE,1,1,0,0.0
route,MLI->SFB,1,1,0,0.0
route,MLU->ATL,10,10,0,0.0
route,MLU->DFW,2,2,0,0.0
route,MLU->IAH,7,7,0,0.0
route,MMH->DEN,2,2,0,0.0
route,MMH->LAX,3,3,0,0.0
route,MMH->SFO,2,2,0,0.0
route,MOB->ATL,17,17,0,0.0
route,MOB->CLT,6,6,0,0.0
route,MOB->DFW,7,7,0,0.0
route,MOB->IAH,13,13,0,0.0
route,MOB->ORD,1,1,0,0.0
route,MOT->DEN,6,6,0,0.0
route,MOT->LAS,2,2,0,0.0
route,MOT->MSP,18,18,0,0.0
route,MQT->DTW,2,2,0,0.0
route,MQT->MSP,3,3,0,0.0
route,MQT->ORD,1,1,0,0.0
route,MRY->DEN,4,4,0,0.0
route,MRY->LAS,1,1,0,0.0
route,MRY->LAX,10,10,0,0.0
route,MRY->PHX,3,3,0,0.0
route,MRY->SAN,4,4,0,0.0
route,MRY->SFO,8,8,0,0.0
route,MSN->ATL,11,11,0,0.0
route,MSN->CLT,1,1,0,0.0
route,MSN->DCA,1,1,0,0.0
route,MSN->DEN,9,9,0,0.0
route,MSN->DFW,1,1,0,0.0
route,MSN->DTW,14,14,0,0.0
route,MSN->EWR,3,3,0,0.0
route,MSN->LAS,1,1,0,0.0
route,MSN->LGA,9,9,0,0.0
route,MSN->MSP,14,14,0,0.0
route,MSN->ORD,35,35,0,0.0
route,MSN->PHL,3,3,0,0.0
route,MSN->SFO,4,4,0,0.0
route,MSN->SLC,1,1,0,0.0
route,MSO->DEN,9,9,0,0.0
route,MSO->DFW,1,1,0,0.0
route,MSO->MSP,4,4,0,0.0
route,MSO->PDX,1,1,0,0.0
route,MSO->SEA,6,6,0,0.0
route,MSO->SLC,4,4,0,0.0
route,MSP->ABR,6,6,0,0.0
route,MSP->ANC,2,2,0,0.0
route,MSP->ASE,1,1,0,0.0
route,MSP->ATL,37,37,0,0.0
route,MSP->ATW,9,9,0,0.0
route,MSP->AUS,5,5,0,0.0
route,MSP->AZO,8,8,0,0.0
route,MSP->BDL,7,7,0,0.0
route,MSP->BIL,7,7,0,0.0
route,MSP->BIS,23,23,0,0.0
route,MSP->BJI,6,6,0,0.0
route,MSP->BMI,4,4,0,0.0
route,MSP->BNA,14,14,0,0.0
route,MSP->BOI,3,3,0,0.0
route,MSP->BOS,21,21,0,0.0
route,MSP->BRD,6,6,0,0.0
route,MSP->BWI,11,11,0,0.0
route,MSP->BZN,8,8,0,0.0
route,MSP->CID,13,13,0,0.0
route,MSP->CIU,3,3,0,0.0
route,MSP->CLE,7,7,0,0.0
route,MSP->CLT,18,18,0,0.0
route,MSP->CMH,9,9,0,0.0
route,MSP->CVG,13,13,0,0.0
route,MSP->CWA,4,4,0,0.0
route,MSP->DAY,6,6,0,0.0
route,MSP->DCA,18,18,0,0.0
route,MSP->DEN,39,39,0,0.0
route,MSP->DFW,25,25,0,0.0
route,MSP->DLH,11,11,0,0.0
route,MSP->DSM,9,9,0,0.0
route,MSP->DTW,38,38,0,0.0
route,MSP->EWR,36,36,0,0.0
route,MSP->FAR,11,11,0,0.0
route,MSP->FCA,1,1,0,0.0
route,MSP->FLL,6,6,0,0.0
route,MSP->FNT,3,3,0,0.0
route,MSP->FSD,16,16,0,0.0
route,MSP->GEG,11,11,0,0.0
route,MSP->GFK,17,17,0,0.0
route,MSP->GRB,5,5,0,0.0
route,MSP->GRR,15,15,0,0.0
route,MSP->GTF,2,2,0,0.0
route,MSP->HDN,2,2,0,0.0
route,MSP->HIB,9,9,0,0.0
route,MSP->HLN,6,6,0,0.0
route,MSP->HNL,1,1,0,0.0
route,MSP->HRL,5,5,0,0.0
route,MSP->IAD,15,15,0,0.0
route,MSP->IAH,20,20,0,0.0
route,MSP->ICT,9,9,0,0.0
route,MSP->IMT,3,3,0,0.0
route,MSP->IND,15,15,0,0.0
route,MSP->INL,5,5,0,0.0
route,MSP->ISN,3,3,0,0.0
route,MSP->JFK,16,16,0,0.0
route,MSP->LAN,1,1,0,0.0
route,MSP->LAS,22,22,0,0.0
route,MSP->LAX,31,31,0,0.0
route,MSP->LGA,20,20,0,0.0
route,MSP->LNK,13,13,0,0.0
route,MSP->LSE,4,4,0,0.0
route,MSP->MBS,3,3,0,0.0
route,MSP->MCI,22,22,0,0.0
route,MSP->MCO,28,28,0,0.0
route,MSP->MDW,44,44,0,0.0
route,MSP->MEM,7,7,0,0.0
route,MSP->MIA,6,6,0,0.0
route,MSP->MKE,11,11,0,0.0
route,MSP->MLI,4,4,0,0.0
route,MSP->MOT,15,15,0,0.0
route,MSP->MQT,2,2,0,0.0
route,MSP->MSN,12,12,0,0.0
route,MSP->MSO,2,2,0,0.0
route,MSP->MSY,3,3,0,0.0
route,MSP->OAK,1,1,0,0.0
route,MSP->OKC,5,5,0,0.0
route,MSP->OMA,12,12,0,0.0
route,MSP->ORD,53,53,0,0.0
route,MSP->PBI,1,1,0,0.0
route,MSP->PDX,14,14,0,0.0
route,MSP->PHL,11,11,0,0.0
route,MSP->PHX,29,29,0,0.0
route,MSP->PIA,5,5,0,0.0
route,MSP->PIT,5,5,0,0.0
route,MSP->PSC,3,3,0,0.0
route,MSP->PSP,2,2,0,0.0
route,MSP->RAP,9,9,0,0.0
route,MSP->RDU,15,15,0,0.0
route,MSP->RHI,7,7,0,0.0
route,MSP->RIC,2,2,0,0.0
route,MSP->ROC,2,2,0,0.0
route,MSP->RST,6,6,0,0.0
route,MSP->RSW,19,19,0,0.0
route,MSP->SAN,16,16,0,0.0
route,MSP->SAT,4,4,0,0.0
route,MSP->SBN,4,4,0,0.0
route,MSP->SDF,7,7,0,0.0
route,MSP->SEA,25,25,0,0.0
route,MSP->SFO,27,27,0,0.0
route,MSP->SJC,4,4,0,0.0
route,MSP->SLC,16,16,0,0.0
route,MSP->SMF,3,3,0,0.0
route,MSP->SNA,7,7,0,0.0
route,MSP->STL,20,20,0,0.0
route,MSP->TPA,11,11,0,0.0
route,MSP->TUL,2,2,0,0.0
route,MSP->TUS,1,1,0,0.0
route,MSP->TYS,3,3,0,0.0
route,MSP->XNA,3,3,0,0.0
route,MSY->ATL,40,40,0,0.0
route,MSY->AUS,4,4,0,0.0
route,MSY->BNA,8,8,0,0.0
route,MSY->BOS,12,12,0,0.0
route,MSY->BWI,10,10,0,0.0
route,MSY->CLT,6,6,0,0.0
route,MSY->CMH,1,1,0,0.0
route,MSY->DAL,25,25,0,0.0
route,MSY->DCA,8,8,0,0.0
route,MSY->DEN,16,16,0,0.0
route,MSY->DFW,15,15,0,0.0
route,MSY->DTW,9,9,0,0.0
route,MSY->EWR,16,16,0,0.0
route,MSY->FLL,11,11,0,0.0
route,MSY->HOU,28,28,0,0.0
route,MSY->IAD,6,6,0,0.0
route,MSY->IAH,23,23,0,0.0
route,MSY->IND,1,1,0,0.0
route,MSY->ISP,1,1,0,0.0
route,MSY->JFK,14,14,0,0.0
route,MSY->LAS,18,18,0,0.0
route,MSY->LAX,21,21,0,0.0
route,MSY->LGA,10,10,0,0.0
route,MSY->MCI,2,2,0,0.0
route,MSY->MCO,15,15,0,0.0
route,MSY->MDW,10,10,0,0.0
route,MSY->MIA,8,8,0,0.0
route,MSY->MSP,3,3,0,0.0
route,MSY->OAK,2,2,0,0.0
route,MSY->ORD,13,13,0,0.0
route,MSY->PHL,2,2,0,0.0
route,MSY->PHX,4,4,0,0.0
route,MSY->PVD,2,2,0,0.0
route,MSY->SAN,2,2,0,0.0
route,MSY->SAT,8,8,0,0.0
route,MSY->SEA,4,4,0,0.0
route,MSY->SFB,1,1,0,0.0
route,MSY->SFO,11,11,0,0.0
route,MSY->SLC,6,6,0,0.0
route,MSY->STL,7,7,0,0.0
route,MSY->TPA,16,16,0,0.0
route,MSY->USA,1,1,0,0.0
route,MTJ->ATL,1,1,0,0.0
route,MTJ->DEN,10,10,0,0.0
route,MTJ->DFW,3,3,0,0.0
route,MTJ->EWR,1,1,0,0.0
route,MTJ->IAH,2,2,0,0.0
route,MTJ->LAX,2,2,0,0.0
route,MTJ->ORD,2,2,0,0.0
route,MTJ->SLC,1,1,0,0.0
route,MYR->ACY,1,1,0,0.0
route,MYR->ATL,8,8,0,0.0
route,MYR->BOS,3,3,0,0.0
route,MYR->BWI,1,1,0,0.0
route,MYR->CLT,10,10,0,0.0
route,MYR->DCA,4,4,0,0.0
route,MYR->EWR,2,2,0,0.0
route,MYR->FLL,3,3,0,0.0
route,MYR->LGA,4,4,0,0.0
route,MYR->MCO,1,1,0,0.0
route,MYR->PHL,2,2,0,0.0
route,OAJ->ATL,7,7,0,0.0
route,OAJ->CLT,7,7,0,0.0
route,OAK->ABQ,7,7,0,0.0
route,OAK->ATL,4,4,0,0.0
route,OAK->AUS,4,4,0,0.0
route,OAK->BLI,1,1,0,0.0
route,OAK->BNA,7,7,0,0.0
route,OAK->BOI,7,7,0,0.0
route,OAK->BUR,36,36,0,0.0
route,OAK->BWI,3,3,0,0.0
route,OAK->CMH,1,1,0,0.0
route,OAK->DAL,2,2,0,0.0
route,OAK->DEN,14,14,0,0.0
route,OAK->DFW,1,1,0,0.0
route,OAK->EUG,3,3,0,0.0
route,OAK->EWR,1,1,0,0.0
route,OAK->GEG,8,8,0,0.0
route,OAK->HNL,6,6,0,0.0
route,OAK->HOU,4,4,0,0.0
route,OAK->JFK,3,3,0,0.0
route,OAK->KOA,3,3,0,0.0
route,OAK->LAS,31,31,0,0.0
route,OAK->LAX,60,60,0,0.0
route,OAK->LGB,18,18,0,0.0
route,OAK->LIH,5,5,0,0.0
route,OAK->MCI,5,5,0,0.0
route,OAK->MCO,1,1,0,0.0
route,OAK->MDW,11,11,0,0.0
route,OAK->MSP,3,3,0,0.0
route,OAK->MSY,5,5,0,0.0
route,OAK->OGG,5,5,0,0.0
route,OAK->ONT,25,25,0,0.0
route,OAK->PDX,27,27,0,0.0
route,OAK->PHX,22,22,0,0.0
route,OAK->RNO,8,8,0,0.0
route,OAK->SAN,18,18,0,0.0
route,OAK->SAT,1,1,0,0.0
route,OAK->SEA,28,28,0,0.0
route,OAK->SLC,21,21,0,0.0
route,OAK->SNA,28,28,0,0.0
route,OAK->STL,2,2,0,0.0
route,OGG->ANC,1,1,0,0.0
route,OGG->BLI,2,2,0,0.0
route,OGG->DEN,3,3,0,0.0
route,OGG->DFW,2,2,0,0.0
route,OGG->HNL,94,94,0,0.0
route,OGG->ITO,8,8,0,0.0
route,OGG->JHM,2,2,0,0.0
route,OGG->KOA,18,18,0,0.0
route,OGG->LAX,29,29,0,0.0
route,OGG->LIH,8,8,0,0.0
route,OGG->MKK,1,1,0,0.0
route,OGG->OAK,5,5,0,0.0
route,OGG->ORD,4,4,0,0.0
route,OGG->PDX,7,7,0,0.0
route,OGG->PHX,1,1,0,0.0
route,OGG->SAN,7,7,0,0.0
route,OGG->SEA,18,18,0,0.0
route,OGG->SFO,13,13,0,0.0
route,OGG->SJC,2,2,0,0.0
route,OGG->SLC,4,4,0,0.0
route,OGG->SMF,2,2,0,0.0
route,OKC->ATL,10,10,0,0.0
route,OKC->BWI,1,1,0,0.0
route,OKC->CLT,2,2,0,0.0
route,OKC->DAL,12,12,0,0.0
route,OKC->DCA,4,4,0,0.0
route,OKC->DEN,30,30,0,0.0
route,OKC->DFW,10,10,0,0.0
route,OKC->DTW,5,5,0,0.0
route,OKC->EWR,1,1,0,0.0
route,OKC->HOU,16,16,0,0.0
route,OKC->IAD,5,5,0,0.0
route,OKC->IAH,25,25,0,0.0
route,OKC->LAS,9,9,0,0.0
route,OKC->MCO,1,1,0,0.0
route,OKC->MDW,1,1,0,0.0
route,OKC->MSP,4,4,0,0.0
route,OKC->ORD,5,5,0,0.0
route,OKC->PHL,3,3,0,0.0
route,OKC->PHX,6,6,0,0.0
route,OKC->SEA,4,4,0,0.0
route,OKC->SFO,5,5,0,0.0
route,OKC->SLC,5,5,0,0.0
route,OKC->STL,3,3,0,0.0
route,OMA->ATL,10,10,0,0.0
route,OMA->AZA,1,1,0,0.0
route,OMA->CLT,3,3,0,0.0
route,OMA->DAL,3,3,0,0.0
route,OMA->DCA,6,6,0,0.0
route,OMA->DEN,21,21,0,0.0
route,OMA->DFW,5,5,0,0.0
route,OMA->DTW,4,4,0,0.0
route,OMA->EWR,3,3,0,0.0
route,OMA->IAH,8,8,0,0.0
route,OMA->LAS,11,11,0,0.0
route,OMA->LAX,1,1,0,0.0
route,OMA->LGA,2,2,0,0.0
route,OMA->MDW,10,10,0,0.0
route,OMA->MIA,1,1,0,0.0
route,OMA->MSP,11,11,0,0.0
route,OMA->ORD,19,19,0,0.0
route,OMA->PGD,1,1,0,0.0
route,OMA->PHL,2,2,0,0.0
route,OMA->PHX,9,9,0,0.0
route,OMA->PIE,1,1,0,0.0
route,OMA->RSW,1,1,0,0.0
route,OMA->SAN,4,4,0,0.0
route,OMA->SEA,1,1,0,0.0
route,OMA->SFO,2,2,0,0.0
route,OMA->SLC,6,6,0,0.0
route,OMA->STL,9,9,0,0.0
route,OME->ANC,7,7,0,0.0
route,ONT->AUS,2,2,0,0.0
route,ONT->DAL,1,1,0,0.0
route,ONT->DEN,10,10,0,0.0
route,ONT->DFW,2,2,0,0.0
route,ONT->JFK,2,2,0,0.0
route,ONT->LAS,16,16,0,0.0
route,ONT->MCO,1,1,0,0.0
route,ONT->MDW,2,2,0,0.0
route,ONT->OAK,15,15,0,0.0
route,ONT->PDX,6,6,0,0.0
route,ONT->PHX,25,25,0,0.0
route,ONT->SAT,2,2,0,0.0
route,ONT->SEA,10,10,0,0.0
route,ONT->SFO,20,20,0,0.0
route,ONT->SJC,11,11,0,0.0
route,ONT->SLC,9,9,0,0.0
route,ONT->SMF,30,30,0,0.0
route,ORD->ABE,4,4,0,0.0
route,ORD->ABQ,8,8,0,0.0
route,ORD->ALB,12,12,0,0.0
route,ORD->ALO,1,1,0,0.0
route,ORD->ANC,1,1,0,0.0
route,ORD->ASE,10,10,0,0.0
route,ORD->ATL,66,66,0,0.0
route,ORD->ATW,14,14,0,0.0
route,ORD->AUS,14,14,0,0.0
route,ORD->AVL,7,7,0,0.0
route,ORD->AVP,4,4,0,0.0
route,ORD->AZO,14,14,0,0.0
route,ORD->BDL,20,20,0,0.0
route,ORD->BHM,11,11,0,0.0
route,ORD->BIS,3,3,0,0.0
route,ORD->BMI,3,3,0,0.0
route,ORD->BNA,39,39,0,0.0
route,ORD->BOI,5,5,0,0.0
route,ORD->BOS,50,50,0,0.0
route,ORD->BRO,1,1,0,0.0
route,ORD->BTV,4,4,0,0.0
route,ORD->BUF,14,14,0,0.0
route,ORD->BWI,16,16,0,0.0
route,ORD->BZN,3,3,0,0.0
route,ORD->CAE,6,6,0,0.0
route,ORD->CAK,14,14,0,0.0
route,ORD->CGI,6,6,0,0.0
route,ORD->CHA,6,6,0,0.0
route,ORD->CHO,4,4,0,0.0
route,ORD->CHS,10,10,0,0.0
route,ORD->CID,24,24,0,0.0
route,ORD->CKB,4,4,0,0.0
route,ORD->CLE,34,34,0,0.0
route,ORD->CLT,14,14,0,0.0
route,ORD->CMH,25,25,0,0.0
route,ORD->CMI,11,11,0,0.0
route,ORD->CMX,6,6,0,0.0
route,ORD->COS,12,12,0,0.0
route,ORD->COU,6,6,0,0.0
route,ORD->CRW,4,4,0,0.0
route,ORD->CVG,34,34,0,0.0
route,ORD->CWA,8,8,0,0.0
route,ORD->DAY,20,20,0,0.0
route,ORD->DBQ,4,4,0,0.0
route,ORD->DCA,48,48,0,0.0
route,ORD->DEN,47,47,0,0.0
route,ORD->DFW,38,38,0,0.0
route,ORD->DLH,10,10,0,0.0
route,ORD->DSM,24,24,0,0.0
route,ORD->DTW,36,36,0,0.0
route,ORD->EAU,12,12,0,0.0
route,ORD->EGE,4,4,0,0.0
route,ORD->ELP,2,2,0,0.0
route,ORD->ERI,6,6,0,0.0
route,ORD->EVV,9,9,0,0.0
route,ORD->EWR,27,27,0,0.0
route,ORD->EYW,2,2,0,0.0
route,ORD->FAR,10,10,0,0.0
route,ORD->FCA,1,1,0,0.0
route,ORD->FLL,20,20,0,0.0
route,ORD->FNT,17,17,0,0.0
route,ORD->FSD,9,9,0,0.0
route,ORD->FWA,12,12,0,0.0
route,ORD->GEG,5,5,0,0.0
route,ORD->GRB,19,19,0,0.0
route,ORD->GRR,24,24,0,0.0
route,ORD->GSO,7,7,0,0.0
route,ORD->GSP,10,10,0,0.0
route,ORD->HDN,6,6,0,0.0
route,ORD->HNL,4,4,0,0.0
route,ORD->HPN,8,8,0,0.0
route,ORD->HRL,1,1,0,0.0
route,ORD->HSV,3,3,0,0.0
route,ORD->IAD,10,10,0,0.0
route,ORD->IAH,30,30,0,0.0
route,ORD->ICT,15,15,0,0.0
route,ORD->ILM,2,2,0,0.0
route,ORD->IND,43,43,0,0.0
route,ORD->JAC,3,3,0,0.0
route,ORD->JAN,1,1,0,0.0
route,ORD->JAX,16,16,0,0.0
route,ORD->JFK,21,21,0,0.0
route,ORD->LAN,10,10,0,0.0
route,ORD->LAS,30,30,0,0.0
route,ORD->LAX,57,57,0,0.0
route,ORD->LEX,11,11,0,0.0
route,ORD->LGA,117,117,0,0.0
route,ORD->LIT,4,4,0,0.0
route,ORD->LNK,7,7,0,0.0
route,ORD->LSE,5,5,0,0.0
route,ORD->LWB,2,2,0,0.0
route,ORD->MBS,7,7,0,0.0
route,ORD->MCI,15,15,0,0.0
route,ORD->MCO,25,25,0,0.0
route,ORD->MDT,6,6,0,0.0
route,ORD->MEI,2,2,0,0.0
route,ORD->MEM,18,18,0,0.0
route,ORD->MHK,4,4,0,0.0
route,ORD->MHT,1,1,0,0.0
route,ORD->MIA,28,28,0,0.0
route,ORD->MKE,34,34,0,0.0
route,ORD->MKG,3,3,0,0.0
route,ORD->MLI,12,12,0,0.0
route,ORD->MOB,1,1,0,0.0
route,ORD->MQT,1,1,0,0.0
route,ORD->MSN,17,17,0,0.0
route,ORD->MSP,60,60,0,0.0
route,ORD->MSY,23,23,0,0.0
route,ORD->MTJ,4,4,0,0.0
route,ORD->OGG,1,1,0,0.0
route,ORD->OKC,15,15,0,0.0
route,ORD->OMA,24,24,0,0.0
route,ORD->ORF,8,8,0,0.0
route,ORD->PAH,7,7,0,0.0
route,ORD->PBI,3,3,0,0.0
route,ORD->PDX,17,17,0,0.0
route,ORD->PHL,13,13,0,0.0
route,ORD->PHX,31,31,0,0.0
route,ORD->PIA,14,14,0,0.0
route,ORD->PIT,20,20,0,0.0
route,ORD->PNS,5,5,0,0.0
route,ORD->PSP,5,5,0,0.0
route,ORD->PVD,11,11,0,0.0
route,ORD->PWM,4,4,0,0.0
route,ORD->RDU,17,17,0,0.0
route,ORD->RIC,15,15,0,0.0
route,ORD->ROA,4,4,0,0.0
route,ORD->ROC,11,11,0,0.0
route,ORD->RST,13,13,0,0.0
route,ORD->RSW,19,19,0,0.0
route,ORD->SAN,16,16,0,0.0
route,ORD->SAT,16,16,0,0.0
route,ORD->SAV,12,12,0,0.0
route,ORD->SBN,10,10,0,0.0
route,ORD->SCE,9,9,0,0.0
route,ORD->SDF,23,23,0,0.0
route,ORD->SEA,31,31,0,0.0
route,ORD->SFO,41,41,0,0.0
route,ORD->SGF,8,8,0,0.0
route,ORD->SHD,1,1,0,0.0
route,ORD->SJC,8,8,0,0.0
route,ORD->SJU,2,2,0,0.0
route,ORD->SLC,29,29,0,0.0
route,ORD->SMF,3,3,0,0.0
route,ORD->SNA,11,11,0,0.0
route,ORD->SPI,15,15,0,0.0
route,ORD->SRQ,3,3,0,0.0
route,ORD->STL,26,26,0,0.0
route,ORD->SUX,1,1,0,0.0
route,ORD->SYR,13,13,0,0.0
route,ORD->TOL,4,4,0,0.0
route,ORD->TPA,21,21,0,0.0
route,ORD->TUL,13,13,0,0.0
route,ORD->TUS,8,8,0,0.0
route,ORD->TVC,14,14,0,0.0
route,ORD->TYS,13,13,0,0.0
route,ORD->UIN,5,5,0,0.0
route,ORD->XNA,14,14,0,0.0
route,ORF->ATL,30,30,0,0.0
route,ORF->BOS,2,2,0,0.0
route,ORF->BWI,19,19,0,0.0
route,ORF->CLT,8,8,0,0.0
route,ORF->DCA,1,1,0,0.0
route,ORF->DEN,1,1,0,0.0
route,ORF->DFW,4,4,0,0.0
route,ORF->DTW,8,8,0,0.0
route,ORF->EWR,12,12,0,0.0
route,ORF->IAD,11,11,0,0.0
route,ORF->IAH,3,3,0,0.0
route,ORF->JFK,8,8,0,0.0
route,ORF->LAS,1,1,0,0.0
route,ORF->LGA,13,13,0,0.0
route,ORF->MCO,4,4,0,0.0
route,ORF->MDW,6,6,0,0.0
route,ORF->MIA,4,4,0,0.0
route,ORF->ORD,9,9,0,0.0
route,ORF->PHL,6,6,0,0.0
route,ORF->PHX,1,1,0,0.0
route,ORF->PIE,1,1,0,0.0
route,ORF->SFB,3,3,0,0.0
route,ORH->FLL,4,4,0,0.0
route,ORH->JFK,1,1,0,0.0
route,ORH->MCO,4,4,0,0.0
route,ORH->PHL,5,5,0,0.0
route,OTH->SFO,4,4,0,0.0
route,OTZ->ANC,5,5,0,0.0
route,OWB->SFB,1,1,0,0.0
route,PAH->CGI,2,2,0,0.0
route,PAH->ORD,8,8,0,0.0
route,PBG->FLL,7,7,0,0.0
route,PBG->IAD,1,1,0,0.0
route,PBG->PIE,2,2,0,0.0
route,PBI->ACY,3,3,0,0.0
route,PBI->ATL,46,46,0,0.0
route,PBI->BDL,3,3,0,0.0
route,PBI->BOS,23,23,0,0.0
route,PBI->BWI,6,6,0,0.0
route,PBI->CLT,11,11,0,0.0
route,PBI->CMH,2,2,0,0.0
route,PBI->DCA,10,10,0,0.0
route,PBI->DTW,1,1,0,0.0
route,PBI->EWR,24,24,0,0.0
route,PBI->HPN,20,20,0,0.0
route,PBI->IAH,3,3,0,0.0
route,PBI->ISP,8,8,0,0.0
route,PBI->JFK,24,24,0,0.0
route,PBI->LGA,15,15,0,0.0
route,PBI->MSP,1,1,0,0.0
route,PBI->ORD,8,8,0,0.0
route,PBI->PHL,6,6,0,0.0
route,PBI->TTN,3,3,0,0.0
route,PDX->ABQ,1,1,0,0.0
route,PDX->ANC,6,6,0,0.0
route,PDX->ATL,10,10,0,0.0
route,PDX->AUS,3,3,0,0.0
route,PDX->BIL,2,2,0,0.0
route,PDX->BOI,14,14,0,0.0
route,PDX->BOS,3,3,0,0.0
route,PDX->BUR,13,13,0,0.0
route,PDX->BZN,2,2,0,0.0
route,PDX->DAL,11,11,0,0.0
route,PDX->DEN,30,30,0,0.0
route,PDX->DFW,7,7,0,0.0
route,PDX->DTW,4,4,0,0.0
route,PDX->EUG,5,5,0,0.0
route,PDX->EWR,13,13,0,0.0
route,PDX->FAT,4,4,0,0.0
route,PDX->GEG,26,26,0,0.0
route,PDX->HNL,11,11,0,0.0
route,PDX->IAD,2,2,0,0.0
route,PDX->IAH,5,5,0,0.0
route,PDX->JFK,7,7,0,0.0
route,PDX->KOA,2,2,0,0.0
route,PDX->LAS,21,21,0,0.0
route,PDX->LAX,44,44,0,0.0
route,PDX->LGB,7,7,0,0.0
route,PDX->LIH,2,2,0,0.0
route,PDX->MCI,2,2,0,0.0
route,PDX->MCO,5,5,0,0.0
route,PDX->MDW,3,3,0,0.0
route,PDX->MFR,14,14,0,0.0
route,PDX->MSO,3,3,0,0.0
route,PDX->MSP,13,13,0,0.0
route,PDX->OAK,24,24,0,0.0
route,PDX->OGG,10,10,0,0.0
route,PDX->ONT,7,7,0,0.0
route,PDX->ORD,15,15,0,0.0
route,PDX->PHX,18,18,0,0.0
route,PDX->PSP,5,5,0,0.0
route,PDX->RDM,13,13,0,0.0
route,PDX->RNO,11,11,0,0.0
route,PDX->SAN,25,25,0,0.0
route,PDX->SBA,2,2,0,0.0
route,PDX->SEA,101,101,0,0.0
route,PDX->SFO,59,59,0,0.0
route,PDX->SJC,36,36,0,0.0
route,PDX->SLC,24,24,0,0.0
route,PDX->SMF,19,19,0,0.0
route,PDX->SNA,7,7,0,0.0
route,PDX->STL,2,2,0,0.0
route,PDX->STS,3,3,0,0.0
route,PDX->TUS,2,2,0,0.0
route,PGD->ABE,3,3,0,0.0
route,PGD->ATW,2,2,0,0.0
route,PGD->BLV,1,1,0,0.0
route,PGD->CLE,1,1,0,0.0
route,PGD->CVG,3,3,0,0.0
route,PGD->DAY,1,1,0,0.0
route,PGD->DSM,2,2,0,0.0
route,PGD->FNT,2,2,0,0.0
route,PGD->FWA,1,1,0,0.0
route,PGD->IND,4,4,0,0.0
route,PGD->LCK,3,3,0,0.0
route,PGD->LEX,3,3,0,0.0
route,PGD->MDT,1,1,0,0.0
route,PGD->MLI,2,2,0,0.0
route,PGD->OMA,1,1,0,0.0
route,PGD->PIA,2,2,0,0.0
route,PGD->PSM,1,1,0,0.0
route,PGD->PVD,1,1,0,0.0
route,PGD->RDU,1,1,0,0.0
route,PGD->RFD,1,1,0,0.0
route,PGD->ROC,1,1,0,0.0
route,PGD->SBN,3,3,0,0.0
route,PGD->SPI,2,2,0,0.0
route,PGD->STC,1,1,0,0.0
route,PGD->SYR,1,1,0,0.0
route,PGD->TYS,1,1,0,0.0
route,PGV->CLT,3,3,0,0.0
route,PHF->ATL,7,7,0,0.0
route,PHF->CLT,6,6,0,0.0
route,PHF->PHL,2,2,0,0.0
route,PHL->ABE,2,2,0,0.0
route,PHL->ALB,2,2,0,0.0
route,PHL->ART,4,4,0,0.0
route,PHL->ATL,41,41,0,0.0
route,PHL->AUS,1,1,0,0.0
route,PHL->AVP,3,3,0,0.0
route,PHL->BDL,3,3,0,0.0
route,PHL->BGR,5,5,0,0.0
route,PHL->BHM,4,4,0,0.0
route,PHL->BNA,11,11,0,0.0
route,PHL->BOS,40,40,0,0.0
route,PHL->BTV,3,3,0,0.0
route,PHL->BUF,7,7,0,0.0
route,PHL->BWI,3,3,0,0.0
route,PHL->CAE,5,5,0,0.0
route,PHL->CAK,2,2,0,0.0
route,PHL->CHO,1,1,0,0.0
route,PHL->CHS,5,5,0,0.0
route,PHL->CLE,3,3,0,0.0
route,PHL->CLT,10,10,0,0.0
route,PHL->CMH,8,8,0,0.0
route,PHL->CVG,13,13,0,0.0
route,PHL->DAL,5,5,0,0.0
route,PHL->DAY,3,3,0,0.0
route,PHL->DCA,5,5,0,0.0
route,PHL->DEN,18,18,0,0.0
route,PHL->DFW,19,19,0,0.0
route,PHL->DTW,27,27,0,0.0
route,PHL->ERI,6,6,0,0.0
route,PHL->FLL,27,27,0,0.0
route,PHL->FWA,2,2,0,0.0
route,PHL->GRR,4,4,0,0.0
route,PHL->GSO,7,7,0,0.0
route,PHL->GSP,4,4,0,0.0
route,PHL->HVN,1,1,0,0.0
route,PHL->IAD,5,5,0,0.0
route,PHL->IAH,15,15,0,0.0
route,PHL->ILM,1,1,0,0.0
route,PHL->IND,3,3,0,0.0
route,PHL->IPT,1,1,0,0.0
route,PHL->ISP,5,5,0,0.0
route,PHL->ITH,4,4,0,0.0
route,PHL->JAX,6,6,0,0.0
route,PHL->JFK,8,8,0,0.0
route,PHL->LAS,10,10,0,0.0
route,PHL->LAX,16,16,0,0.0
route,PHL->LGA,1,1,0,0.0
route,PHL->MCI,3,3,0,0.0
route,PHL->MCO,33,33,0,0.0
route,PHL->MDT,8,8,0,0.0
route,PHL->MDW,12,12,0,0.0
route,PHL->MEM,1,1,0,0.0
route,PHL->MHT,8,8,0,0.0
route,PHL->MIA,15,15,0,0.0
route,PHL->MKE,6,6,0,0.0
route,PHL->MSP,10,10,0,0.0
route,PHL->MSY,5,5,0,0.0
route,PHL->MYR,3,3,0,0.0
route,PHL->OKC,3,3,0,0.0
route,PHL->OMA,3,3,0,0.0
route,PHL->ORD,24,24,0,0.0
route,PHL->ORF,8,8,0,0.0
route,PHL->ORH,2,2,0,0.0
route,PHL->PBI,9,9,0,0.0
route,PHL->PHF,2,2,0,0.0
route,PHL->PHX,14,14,0,0.0
route,PHL->PIT,5,5,0,0.0
route,PHL->PNS,2,2,0,0.0
route,PHL->PVD,4,4,0,0.0
route,PHL->PWM,4,4,0,0.0
route,PHL->RDU,10,10,0,0.0
route,PHL->RIC,11,11,0,0.0
route,PHL->ROA,4,4,0,0.0
route,PHL->ROC,4,4,0,0.0
route,PHL->RSW,9,9,0,0.0
route,PHL->SAN,2,2,0,0.0
route,PHL->SAT,3,3,0,0.0
route,PHL->SAV,3,3,0,0.0
route,PHL->SBY,3,3,0,0.0
route,PHL->SCE,5,5,0,0.0
route,PHL->SDF,5,5,0,0.0
route,PHL->SEA,4,4,0,0.0
route,PHL->SFO,15,15,0,0.0
route,PHL->SJU,5,5,0,0.0
route,PHL->SLC,3,3,0,0.0
route,PHL->STL,10,10,0,0.0
route,PHL->SWF,2,2,0,0.0
route,PHL->SYR,1,1,0,0.0
route,PHL->TPA,21,21,0,0.0
route,PHL->TYS,3,3,0,0.0
route,PHX->ABQ,27,27,0,0.0
route,PHX->AMA,2,2,0,0.0
route,PHX->ATL,40,40,0,0.0
route,PHX->AUS,19,19,0,0.0
route,PHX->BFL,7,7,0,0.0
route,PHX->BNA,10,10,0,0.0
route,PHX->BOI,5,5,0,0.0
route,PHX->BOS,7,7,0,0.0
route,PHX->BUF,6,6,0,0.0
route,PHX->BUR,23,23,0,0.0
route,PHX->BWI,8,8,0,0.0
route,PHX->CLE,4,4,0,0.0
route,PHX->CLT,8,8,0,0.0
route,PHX->CMH,8,8,0,0.0
route,PHX->COS,7,7,0,0.0
route,PHX->CVG,3,3,0,0.0
route,PHX->DAL,23,23,0,0.0
route,PHX->DCA,6,6,0,0.0
route,PHX->DEN,69,69,0,0.0
route,PHX->DFW,18,18,0,0.0
route,PHX->DRO,3,3,0,0.0
route,PHX->DSM,3,3,0,0.0
route,PHX->DTW,12,12,0,0.0
route,PHX->ELP,12,12,0,0.0
route,PHX->EUG,3,3,0,0.0
route,PHX->EWR,17,17,0,0.0
route,PHX->FAT,5,5,0,0.0
route,PHX->FLG,4,4,0,0.0
route,PHX->FLL,3,3,0,0.0
route,PHX->FSD,1,1,0,0.0
route,PHX->GEG,8,8,0,0.0
route,PHX->GJT,1,1,0,0.0
route,PHX->GRR,2,2,0,0.0
route,PHX->HNL,4,4,0,0.0
route,PHX->HOU,12,12,0,0.0
route,PHX->IAD,3,3,0,0.0
route,PHX->IAH,14,14,0,0.0
route,PHX->ICT,3,3,0,0.0
route,PHX->IND,6,6,0,0.0
route,PHX->JFK,22,22,0,0.0
route,PHX->KOA,1,1,0,0.0
route,PHX->LAS,39,39,0,0.0
route,PHX->LAX,55,55,0,0.0
route,PHX->LBB,4,4,0,0.0
route,PHX->LGB,3,3,0,0.0
route,PHX->LIT,3,3,0,0.0
route,PHX->MCI,12,12,0,0.0
route,PHX->MCO,11,11,0,0.0
route,PHX->MDW,27,27,0,0.0
route,PHX->MFR,2,2,0,0.0
route,PHX->MIA,2,2,0,0.0
route,PHX->MKE,4,4,0,0.0
route,PHX->MRY,3,3,0,0.0
route,PHX->MSN,1,1,0,0.0
route,PHX->MSP,28,28,0,0.0
route,PHX->MSY,4,4,0,0.0
route,PHX->OAK,22,22,0,0.0
route,PHX->OGG,3,3,0,0.0
route,PHX->OKC,11,11,0,0.0
route,PHX->OMA,12,12,0,0.0
route,PHX->ONT,18,18,0,0.0
route,PHX->ORD,27,27,0,0.0
route,PHX->PDX,19,19,0,0.0
route,PHX->PHL,10,10,0,0.0
route,PHX->PIT,2,2,0,0.0
route,PHX->PSP,9,9,0,0.0
route,PHX->RDM,1,1,0,0.0
route,PHX->RDU,2,2,0,0.0
route,PHX->RNO,10,10,0,0.0
route,PHX->ROW,1,1,0,0.0
route,PHX->RSW,1,1,0,0.0
route,PHX->SAF,1,1,0,0.0
route,PHX->SAN,51,51,0,0.0
route,PHX->SAT,23,23,0,0.0
route,PHX->SBA,5,5,0,0.0
route,PHX->SBP,5,5,0,0.0
route,PHX->SDF,3,3,0,0.0
route,PHX->SEA,55,55,0,0.0
route,PHX->SFO,34,34,0,0.0
route,PHX->SGU,3,3,0,0.0
route,PHX->SJC,25,25,0,0.0
route,PHX->SLC,37,37,0,0.0
route,PHX->SMF,17,17,0,0.0
route,PHX->SNA,26,26,0,0.0
route,PHX->STL,14,14,0,0.0
route,PHX->STS,3,3,0,0.0
route,PHX->TPA,8,8,0,0.0
route,PHX->TUL,4,4,0,0.0
route,PHX->TUS,12,12,0,0.0
route,PHX->YUM,7,7,0,0.0
route,PIA->ATL,8,8,0,0.0
route,PIA->DTW,1,1,0,0.0
route,PIA->MSP,3,3,0,0.0
route,PIA->ORD,12,12,0,0.0
route,PIA->PGD,2,2,0,0.0
route,PIA->PIE,1,1,0,0.0
route,PIB->MEI,2,2,0,0.0
route,PIE->ABE,1,1,0,0.0
route,PIE->ATW,1,1,0,0.0
route,PIE->AVL,3,3,0,0.0
route,PIE->AZA,1,1,0,0.0
route,PIE->BGR,2,2,0,0.0
route,PIE->BLV,3,3,0,0.0
route,PIE->BMI,1,1,0,0.0
route,PIE->CHA,1,1,0,0.0
route,PIE->CID,2,2,0,0.0
route,PIE->CLE,1,1,0,0.0
route,PIE->CVG,7,7,0,0.0
route,PIE->DAY,5,5,0,0.0
route,PIE->DSM,2,2,0,0.0
route,PIE->ELM,1,1,0,0.0
route,PIE->FNT,3,3,0,0.0
route,PIE->FSD,1,1,0,0.0
route,PIE->FWA,2,2,0,0.0
route,PIE->GRR,7,7,0,0.0
route,PIE->GSP,1,1,0,0.0
route,PIE->HTS,1,1,0,0.0
route,PIE->IAG,1,1,0,0.0
route,PIE->IND,4,4,0,0.0
route,PIE->LCK,3,3,0,0.0
route,PIE->LEX,3,3,0,0.0
route,PIE->MDT,1,1,0,0.0
route,PIE->MEM,3,3,0,0.0
route,PIE->MKE,2,2,0,0.0
route,PIE->OGS,2,2,0,0.0
route,PIE->ORF,2,2,0,0.0
route,PIE->PIA,2,2,0,0.0
route,PIE->PIT,2,2,0,0.0
route,PIE->RDU,3,3,0,0.0
route,PIE->RIC,1,1,0,0.0
route,PIE->ROA,3,3,0,0.0
route,PIE->SGF,2,2,0,0.0
route,PIE->SWF,1,1,0,0.0
route,PIE->SYR,1,1,0,0.0
route,PIE->TOL,3,3,0,0.0
route,PIE->TYS,2,2,0,0.0
route,PIE->USA,2,2,0,0.0
route,PIH->SLC,14,14,0,0.0
route,PIT->ATL,30,30,0,0.0
route,PIT->AUS,1,1,0,0.0
route,PIT->BNA,8,8,0,0.0
route,PIT->BOS,18,18,0,0.0
route,PIT->BWI,12,12,0,0.0
route,PIT->CLT,11,11,0,0.0
route,PIT->DAL,1,1,0,0.0
route,PIT->DCA,7,7,0,0.0
route,PIT->DEN,5,5,0,0.0
route,PIT->DFW,3,3,0,0.0
route,PIT->DTW,15,15,0,0.0
route,PIT->EWR,21,21,0,0.0
route,PIT->FLL,11,11,0,0.0
route,PIT->HOU,4,4,0,0.0
route,PIT->IAD,14,14,0,0.0
route,PIT->IAH,11,11,0,0.0
route,PIT->JFK,13,13,0,0.0
route,PIT->LAS,3,3,0,0.0
route,PIT->LAX,6,6,0,0.0
route,PIT->LGA,29,29,0,0.0
route,PIT->MCO,20,20,0,0.0
route,PIT->MDW,13,13,0,0.0
route,PIT->MIA,2,2,0,0.0
route,PIT->MSP,9,9,0,0.0
route,PIT->MSY,1,1,0,0.0
route,PIT->ORD,26,26,0,0.0
route,PIT->PGD,4,4,0,0.0
route,PIT->PHL,11,11,0,0.0
route,PIT->PHX,2,2,0,0.0
route,PIT->PIE,1,1,0,0.0
route,PIT->RDU,1,1,0,0.0
route,PIT->RSW,8,8,0,0.0
route,PIT->SEA,1,1,0,0.0
route,PIT->SFB,2,2,0,0.0
route,PIT->SFO,3,3,0,0.0
route,PIT->SJU,1,1,0,0.0
route,PIT->SLC,1,1,0,0.0
route,PIT->SRQ,1,1,0,0.0
route,PIT->STL,4,4,0,0.0
route,PIT->TPA,12,12,0,0.0
route,PLN->APN,2,2,0,0.0
route,PLN->DTW,5,5,0,0.0
route,PNS->ATL,14,14,0,0.0
route,PNS->BNA,3,3,0,0.0
route,PNS->CLT,4,4,0,0.0
route,PNS->DCA,7,7,0,0.0
route,PNS->DFW,2,2,0,0.0
route,PNS->HOU,1,1,0,0.0
route,PNS->IAH,3,3,0,0.0
route,PNS->MIA,1,1,0,0.0
route,PNS->ORD,2,2,0,0.0
route,PNS->PHL,2,2,0,0.0
route,PPG->HNL,1,1,0,0.0
route,PQI->EWR,2,2,0,0.0
route,PRC->DEN,2,2,0,0.0
route,PSC->AZA,1,1,0,0.0
route,PSC->DEN,7,7,0,0.0
route,PSC->LAS,1,1,0,0.0
route,PSC->MSP,1,1,0,0.0
route,PSC->SEA,33,33,0,0.0
route,PSC->SFO,4,4,0,0.0
route,PSC->SLC,13,13,0,0.0
route,PSE->JFK,4,4,0,0.0
route,PSE->MCO,7,7,0,0.0
route,PSG->JNU,1,1,0,0.0
route,PSG->WRG,1,1,0,0.0
route,PSM->PGD,1,1,0,0.0
route,PSM->SFB,2,2,0,0.0
route,PSP->BLI,1,1,0,0.0
route,PSP->DEN,15,15,0,0.0
route,PSP->DFW,4,4,0,0.0
route,PSP->EWR,2,2,0,0.0
route,PSP->IAH,5,5,0,0.0
route,PSP->JFK,3,3,0,0.0
route,PSP->LAX,5,5,0,0.0
route,PSP->MSP,1,1,0,0.0
route,PSP->ORD,6,6,0,0.0
route,PSP->PDX,6,6,0,0.0
route,PSP->PHX,6,6,0,0.0
route,PSP->SEA,7,7,0,0.0
route,PSP->SFO,28,28,0,0.0
route,PSP->SLC,9,9,0,0.0
route,PUB->DEN,6,6,0,0.0
route,PUB->LBL,3,3,0,0.0
route,PUW->SEA,13,13,0,0.0
route,PVD->ATL,9,9,0,0.0
route,PVD->BWI,12,12,0,0.0
route,PVD->CLT,6,6,0,0.0
route,PVD->CVG,1,1,0,0.0
route,PVD->DCA,17,17,0,0.0
route,PVD->DTW,9,9,0,0.0
route,PVD->EWR,12,12,0,0.0
route,PVD->FLL,8,8,0,0.0
route,PVD->IAD,3,3,0,0.0
route,PVD->MCO,14,14,0,0.0
route,PVD->MDW,6,6,0,0.0
route,PVD->MIA,2,2,0,0.0
route,PVD->ORD,5,5,0,0.0
route,PVD->PHL,6,6,0,0.0
route,PVD->RSW,2,2,0,0.0
route,PVD->TPA,6,6,0,0.0
route,PVU->AZA,1,1,0,0.0
route,PVU->LAX,2,2,0,0.0
route,PVU->TUS,2,2,0,0.0
route,PWM->ATL,1,1,0,0.0
route,PWM->BWI,11,11,0,0.0
route,PWM->CLT,6,6,0,0.0
route,PWM->DCA,10,10,0,0.0
route,PWM->DTW,2,2,0,0.0
route,PWM->EWR,8,8,0,0.0
route,PWM->IAD,4,4,0,0.0
route,PWM->JFK,9,9,0,0.0
route,PWM->LGA,6,6,0,0.0
route,PWM->ORD,7,7,0,0.0
route,PWM->PHL,3,3,0,0.0
route,PWM->TPA,1,1,0,0.0
route,RAP->AZA,2,2,0,0.0
route,RAP->DEN,11,11,0,0.0
route,RAP->DFW,4,4,0,0.0
route,RAP->MSP,5,5,0,0.0
route,RAP->SLC,4,4,0,0.0
route,RDD->SFO,13,13,0,0.0
route,RDM->DEN,1,1,0,0.0
route,RDM->LAX,2,2,0,0.0
route,RDM->PDX,14,14,0,0.0
route,RDM->PHX,1,1,0,0.0
route,RDM->SEA,21,21,0,0.0
route,RDM->SFO,12,12,0,0.0
route,RDM->SLC,9,9,0,0.0
route,RDU->ATL,39,39,0,0.0
route,RDU->AUS,2,2,0,0.0
route,RDU->BDL,4,4,0,0.0
route,RDU->BNA,11,11,0,0.0
route,RDU->BOS,30,30,0,0.0
route,RDU->BWI,26,26,0,0.0
route,RDU->CLE,2,2,0,0.0
route,RDU->CLT,13,13,0,0.0
route,RDU->CMH,2,2,0,0.0
route,RDU->CVG,7,7,0,0.0
route,RDU->DAL,3,3,0,0.0
route,RDU->DCA,23,23,0,0.0
route,RDU->DEN,10,10,0,0.0
route,RDU->DFW,7,7,0,0.0
route,RDU->DTW,11,11,0,0.0
route,RDU->EWR,33,33,0,0.0
route,RDU->FLL,11,11,0,0.0
route,RDU->HOU,2,2,0,0.0
route,RDU->IAD,10,10,0,0.0
route,RDU->IAH,12,12,0,0.0
route,RDU->IND,4,4,0,0.0
route,RDU->JFK,21,21,0,0.0
route,RDU->LAS,6,6,0,0.0
route,RDU->LAX,4,4,0,0.0
route,RDU->LGA,21,21,0,0.0
route,RDU->MCI,1,1,0,0.0
route,RDU->MCO,24,24,0,0.0
route,RDU->MDW,12,12,0,0.0
route,RDU->MIA,2,2,0,0.0
route,RDU->MSP,8,8,0,0.0
route,RDU->MSY,2,2,0,0.0
route,RDU->ORD,14,14,0,0.0
route,RDU->PGD,1,1,0,0.0
route,RDU->PHL,11,11,0,0.0
route,RDU->PHX,3,3,0,0.0
route,RDU->PIT,5,5,0,0.0
route,RDU->SEA,2,2,0,0.0
route,RDU->SFB,1,1,0,0.0
route,RDU->SFO,6,6,0,0.0
route,RDU->STL,8,8,0,0.0
route,RDU->TPA,20,20,0,0.0
route,RDU->TTN,1,1,0,0.0
route,RFD->LAS,1,1,0,0.0
route,RFD->PGD,1,1,0,0.0
route,RFD->PIE,2,2,0,0.0
route,RFD->SFB,1,1,0,0.0
route,RHI->MSP,6,6,0,0.0
route,RIC->ATL,32,32,0,0.0
route,RIC->BNA,1,1,0,0.0
route,RIC->BOS,24,24,0,0.0
route,RIC->CLT,13,13,0,0.0
route,RIC->DEN,4,4,0,0.0
route,RIC->DFW,3,3,0,0.0
route,RIC->DTW,8,8,0,0.0
route,RIC->EWR,16,16,0,0.0
route,RIC->FLL,7,7,0,0.0
route,RIC->IAD,10,10,0,0.0
route,RIC->IAH,5,5,0,0.0
route,RIC->JFK,2,2,0,0.0
route,RIC->LGA,22,22,0,0.0
route,RIC->MCO,6,6,0,0.0
route,RIC->MIA,4,4,0,0.0
route,RIC->MSP,3,3,0,0.0
route,RIC->ORD,15,15,0,0.0
route,RIC->PHL,12,12,0,0.0
route,RIC->PIE,1,1,0,0.0
route,RIC->SFB,1,1,0,0.0
route,RKS->DEN,3,3,0,0.0
route,RNO->BOI,2,2,0,0.0
route,RNO->DEN,11,11,0,0.0
route,RNO->DFW,2,2,0,0.0
route,RNO->IAH,1,1,0,0.0
route,RNO->JFK,2,2,0,0.0
route,RNO->LAS,20,20,0,0.0
route,RNO->LAX,21,21,0,0.0
route,RNO->LGB,2,2,0,0.0
route,RNO->OAK,14,14,0,0.0
route,RNO->PDX,6,6,0,0.0
route,RNO->PHX,9,9,0,0.0
route,RNO->SAN,9,9,0,0.0
route,RNO->SEA,16,16,0,0.0
route,RNO->SFO,8,8,0,0.0
route,RNO->SJC,13,13,0,0.0
route,RNO->SLC,10,10,0,0.0
route,ROA->ATL,11,11,0,0.0
route,ROA->CLT,9,9,0,0.0
route,ROA->IAD,6,6,0,0.0
route,ROA->ORD,8,8,0,0.0
route,ROA->PHL,5,5,0,0.0
route,ROA->PIE,1,1,0,0.0
route,ROC->ATL,9,9,0,0.0
route,ROC->BOS,5,5,0,0.0
route,ROC->BWI,4,4,0,0.0
route,ROC->CLT,7,7,0,0.0
route,ROC->DCA,4,4,0,0.0
route,ROC->DTW,9,9,0,0.0
route,ROC->EWR,8,8,0,0.0
route,ROC->IAD,13,13,0,0.0
route,ROC->JFK,20,20,0,0.0
route,ROC->LGA,11,11,0,0.0
route,ROC->MCO,7,7,0,0.0
route,ROC->MSP,4,4,0,0.0
route,ROC->ORD,18,18,0,0.0
route,ROC->PHL,8,8,0,0.0
route,ROC->SFB,1,1,0,0.0
route,ROC->TPA,2,2,0,0.0
route,ROP->GUM,1,1,0,0.0
route,ROW->DFW,3,3,0,0.0
route,ROW->PHX,4,4,0,0.0
route,RST->ATL,2,2,0,0.0
route,RST->MSP,11,11,0,0.0
route,RST->ORD,12,12,0,0.0
route,RSW->ACY,15,15,0,0.0
route,RSW->ALB,1,1,0,0.0
route,RSW->ATL,38,38,0,0.0
route,RSW->BDL,9,9,0,0.0
route,RSW->BNA,3,3,0,0.0
route,RSW->BOS,26,26,0,0.0
route,RSW->BWI,15,15,0,0.0
route,RSW->CAK,1,1,0,0.0
route,RSW->CLE,10,10,0,0.0
route,RSW->CLT,6,6,0,0.0
route,RSW->CMH,12,12,0,0.0
route,RSW->COS,1,1,0,0.0
route,RSW->CVG,3,3,0,0.0
route,RSW->DAL,2,2,0,0.0
route,RSW->DCA,5,5,0,0.0
route,RSW->DEN,5,5,0,0.0
route,RSW->DFW,9,9,0,0.0
route,RSW->DTW,29,29,0,0.0
route,RSW->EWR,15,15,0,0.0
route,RSW->GRR,3,3,0,0.0
route,RSW->HPN,6,6,0,0.0
route,RSW->IAH,11,11,0,0.0
route,RSW->IND,13,13,0,0.0
route,RSW->ISP,2,2,0,0.0
route,RSW->JFK,8,8,0,0.0
route,RSW->LAS,2,2,0,0.0
route,RSW->LGA,8,8,0,0.0
route,RSW->MCI,3,3,0,0.0
route,RSW->MDW,9,9,0,0.0
route,RSW->MIA,1,1,0,0.0
route,RSW->MKE,7,7,0,0.0
route,RSW->MSP,21,21,0,0.0
route,RSW->OMA,2,2,0,0.0
route,RSW->ORD,32,32,0,0.0
route,RSW->PHL,13,13,0,0.0
route,RSW->PHX,1,1,0,0.0
route,RSW->PIT,6,6,0,0.0
route,RSW->PVD,1,1,0,0.0
route,RSW->RDU,1,1,0,0.0
route,RSW->STL,8,8,0,0.0
route,RSW->SYR,1,1,0,0.0
route,RSW->TTN,4,4,0,0.0
route,SAF->DEN,9,9,0,0.0
route,SAF->DFW,5,5,0,0.0
route,SAF->PHX,1,1,0,0.0
route,SAN->ABQ,5,5,0,0.0
route,SAN->ATL,20,20,0,0.0
route,SAN->AUS,11,11,0,0.0
route,SAN->BLI,2,2,0,0.0
route,SAN->BOI,7,7,0,0.0
route,SAN->BOS,11,11,0,0.0
route,SAN->BWI,15,15,0,0.0
route,SAN->CLT,5,5,0,0.0
route,SAN->COS,2,2,0,0.0
route,SAN->CVG,1,1,0,0.0
route,SAN->DAL,6,6,0,0.0
route,SAN->DEN,29,29,0,0.0
route,SAN->DFW,16,16,0,0.0
route,SAN->DTW,7,7,0,0.0
route,SAN->ELP,1,1,0,0.0
route,SAN->EWR,16,16,0,0.0
route,SAN->FAT,8,8,0,0.0
route,SAN->FLL,3,3,0,0.0
route,SAN->GEG,2,2,0,0.0
route,SAN->HDN,2,2,0,0.0
route,SAN->HNL,9,9,0,0.0
route,SAN->HOU,6,6,0,0.0
route,SAN->IAD,9,9,0,0.0
route,SAN->IAH,22,22,0,0.0
route,SAN->JFK,14,14,0,0.0
route,SAN->KOA,1,1,0,0.0
route,SAN->LAS,48,48,0,0.0
route,SAN->LAX,35,34,1,0.02857142857142858
route,SAN->LIH,1,1,0,0.0
route,SAN->MCI,10,10,0,0.0
route,SAN->MCO,9,9,0,0.0
route,SAN->MDW,7,7,0,0.0
route,SAN->MIA,2,2,0,0.0
route,SAN->MMH,1,1,0,0.0
route,SAN->MRY,3,3,0,0.0
route,SAN->MSP,14,14,0,0.0
route,SAN->MSY,2,2,0,0.0
route,SAN->OAK,27,27,0,0.0
route,SAN->OGG,5,5,0,0.0
route,SAN->OMA,2,2,0,0.0
route,SAN->ORD,13,13,0,0.0
route,SAN->PDX,18,18,0,0.0
route,SAN->PHX,40,40,0,0.0
route,SAN->RDU,1,1,0,0.0
route,SAN->RNO,10,10,0,0.0
route,SAN->SAT,10,10,0,0.0
route,SAN->SEA,44,44,0,0.0
route,SAN->SFO,64,64,0,0.0
route,SAN->SJC,60,60,0,0.0
route,SAN->SLC,31,31,0,0.0
route,SAN->SMF,42,42,0,0.0
route,SAN->STL,16,16,0,0.0
route,SAN->TPA,3,3,0,0.0
route,SAN->TUS,10,10,0,0.0
route,SAT->ATL,35,35,0,0.0
route,SAT->BNA,5,5,0,0.0
route,SAT->BWI,3,3,0,0.0
route,SAT->CLT,6,6,0,0.0
route,SAT->DAL,35,35,0,0.0
route,SAT->DEN,18,18,0,0.0
route,SAT->DFW,11,11,0,0.0
route,SAT->DTW,3,3,0,0.0
route,SAT->ELP,11,11,0,0.0
route,SAT->EWR,2,2,0,0.0
route,SAT->FLL,2,2,0,0.0
route,SAT->HOU,16,16,0,0.0
route,SAT->IAD,7,7,0,0.0
route,SAT->IAH,24,24,0,0.0
route,SAT->JFK,4,4,0,0.0
route,SAT->LAS,15,15,0,0.0
route,SAT->LAX,20,20,0,0.0
route,SAT->MCI,3,3,0,0.0
route,SAT->MCO,4,4,0,0.0
route,SAT->MDW,11,11,0,0.0
route,SAT->MIA,2,2,0,0.0
route,SAT->MSP,12,12,0,0.0
route,SAT->MSY,6,6,0,0.0
route,SAT->OAK,1,1,0,0.0
route,SAT->ONT,1,1,0,0.0
route,SAT->ORD,16,16,0,0.0
route,SAT->PHX,19,19,0,0.0
route,SAT->RDU,1,1,0,0.0
route,SAT->SAN,8,8,0,0.0
route,SAT->SEA,2,2,0,0.0
route,SAT->SFO,3,3,0,0.0
route,SAT->SLC,7,7,0,0.0
route,SAT->STL,8,8,0,0.0
route,SAT->TPA,2,2,0,0.0
route,SAV->ATL,33,33,0,0.0
route,SAV->BOS,1,1,0,0.0
route,SAV->CLT,11,11,0,0.0
route,SAV->DCA,4,4,0,0.0
route,SAV->DEN,2,2,0,0.0
route,SAV->DFW,3,3,0,0.0
route,SAV->EWR,10,10,0,0.0
route,SAV->IAD,4,4,0,0.0
route,SAV->JFK,19,19,0,0.0
route,SAV->LGA,11,11,0,0.0
route,SAV->MIA,3,3,0,0.0
route,SAV->ORD,5,5,0,0.0
route,SAV->PHL,2,2,0,0.0
route,SBA->DEN,5,5,0,0.0
route,SBA->DFW,1,1,0,0.0
route,SBA->LAX,12,12,0,0.0
route,SBA->PDX,3,3,0,0.0
route,SBA->PHX,8,8,0,0.0
route,SBA->SEA,5,5,0,0.0
route,SBA->SFO,16,16,0,0.0
route,SBN->ATL,12,12,0,0.0
route,SBN->CLT,5,5,0,0.0
route,SBN->DFW,2,2,0,0.0
route,SBN->DTW,11,11,0,0.0
route,SBN->EWR,6,6,0,0.0
route,SBN->MSP,3,3,0,0.0
route,SBN->ORD,16,16,0,0.0
route,SBN->PGD,3,3,0,0.0
route,SBN->SFB,2,2,0,0.0
route,SBP->DEN,3,3,0,0.0
route,SBP->LAX,10,10,0,0.0
route,SBP->PHX,7,7,0,0.0
route,SBP->SEA,2,2,0,0.0
route,SBP->SFO,8,8,0,0.0
route,SBY->CLT,3,3,0,0.0
route,SCC->ANC,2,2,0,0.0
route,SCC->BRW,3,3,0,0.0
route,SCE->DTW,4,4,0,0.0
route,SCE->IAD,5,5,0,0.0
route,SCE->ORD,6,6,0,0.0
route,SCE->PHL,7,7,0,0.0
route,SCK->AZA,1,1,0,0.0
route,SCK->LAS,5,5,0,0.0
route,SDF->ATL,26,26,0,0.0
route,SDF->BWI,8,8,0,0.0
route,SDF->CLT,9,9,0,0.0
route,SDF->DAL,2,2,0,0.0
route,SDF->DEN,6,6,0,0.0
route,SDF->DFW,6,6,0,0.0
route,SDF->DTW,10,10,0,0.0
route,SDF->EWR,10,10,0,0.0
route,SDF->FLL,2,2,0,0.0
route,SDF->HOU,2,2,0,0.0
route,SDF->IAD,6,6,0,0.0
route,SDF->IAH,10,10,0,0.0
route,SDF->LAS,5,5,0,0.0
route,SDF->LGA,6,6,0,0.0
route,SDF->MCO,4,4,0,0.0
route,SDF->MDW,3,3,0,0.0
route,SDF->MIA,3,3,0,0.0
route,SDF->MSP,7,7,0,0.0
route,SDF->ORD,28,28,0,0.0
route,SDF->PGD,1,1,0,0.0
route,SDF->PHL,3,3,0,0.0
route,SDF->PHX,2,2,0,0.0
route,SDF->PIE,1,1,0,0.0
route,SDF->SFB,1,1,0,0.0
route,SDF->TPA,2,2,0,0.0
route,SEA->ABQ,4,4,0,0.0
route,SEA->ALW,8,8,0,0.0
route,SEA->ANC,41,41,0,0.0
route,SEA->ATL,26,26,0,0.0
route,SEA->AUS,7,7,0,0.0
route,SEA->BIL,7,7,0,0.0
route,SEA->BLI,19,19,0,0.0
route,SEA->BNA,5,5,0,0.0
route,SEA->BOI,53,53,0,0.0
route,SEA->BOS,15,15,0,0.0
route,SEA->BUR,6,6,0,0.0
route,SEA->BWI,9,9,0,0.0
route,SEA->BZN,7,7,0,0.0
route,SEA->CHS,1,1,0,0.0
route,SEA->CLT,5,5,0,0.0
route,SEA->CVG,2,2,0,0.0
route,SEA->DAL,9,9,0,0.0
route,SEA->DCA,8,8,0,0.0
route,SEA->DEN,52,52,0,0.0
route,SEA->DFW,12,12,0,0.0
route,SEA->DTW,21,21,0,0.0
route,SEA->EAT,10,10,0,0.0
route,SEA->EUG,14,14,0,0.0
route,SEA->EWR,16,16,0,0.0
route,SEA->FAI,16,16,0,0.0
route,SEA->FAT,5,5,0,0.0
route,SEA->FCA,9,9,0,0.0
route,SEA->FLL,5,5,0,0.0
route,SEA->GEG,58,58,0,0.0
route,SEA->GTF,7,7,0,0.0
route,SEA->HDN,1,1,0,0.0
route,SEA->HLN,4,4,0,0.0
route,SEA->HNL,16,16,0,0.0
route,SEA->IAD,8,8,0,0.0
route,SEA->IAH,12,12,0,0.0
route,SEA->ICT,4,4,0,0.0
route,SEA->IND,1,1,0,0.0
route,SEA->JFK,21,21,0,0.0
route,SEA->JNU,4,4,0,0.0
route,SEA->KOA,9,9,0,0.0
route,SEA->KTN,17,17,0,0.0
route,SEA->LAS,58,58,0,0.0
route,SEA->LAX,81,81,0,0.0
route,SEA->LGB,6,6,0,0.0
route,SEA->LIH,13,13,0,0.0
route,SEA->LWS,6,6,0,0.0
route,SEA->MCI,7,7,0,0.0
route,SEA->MCO,6,6,0,0.0
route,SEA->MDW,2,2,0,0.0
route,SEA->MFR,9,9,0,0.0
route,SEA->MKE,5,5,0,0.0
route,SEA->MSO,11,11,0,0.0
route,SEA->MSP,21,21,0,0.0
route,SEA->MSY,1,1,0,0.0
route,SEA->OAK,24,24,0,0.0
route,SEA->OGG,14,14,0,0.0
route,SEA->OKC,1,1,0,0.0
route,SEA->OMA,3,3,0,0.0
route,SEA->ONT,9,9,0,0.0
route,SEA->ORD,36,36,0,0.0
route,SEA->PDX,100,100,0,0.0
route,SEA->PHL,5,5,0,0.0
route,SEA->PHX,54,54,0,0.0
route,SEA->PIT,1,1,0,0.0
route,SEA->PSC,29,29,0,0.0
route,SEA->PSP,17,17,0,0.0
route,SEA->PUW,13,13,0,0.0
route,SEA->RDM,25,25,0,0.0
route,SEA->RDU,4,4,0,0.0
route,SEA->RNO,14,14,0,0.0
route,SEA->SAN,42,41,1,0.023809523809523836
route,SEA->SAT,2,2,0,0.0
route,SEA->SBP,5,5,0,0.0
route,SEA->SFO,89,89,0,0.0
route,SEA->SJC,46,46,0,0.0
route,SEA->SLC,33,33,0,0.0
route,SEA->SMF,39,39,0,0.0
route,SEA->SNA,40,40,0,0.0
route,SEA->STL,12,12,0,0.0
route,SEA->STS,5,5,0,0.0
route,SEA->SUN,4,4,0,0.0
route,SEA->TPA,5,5,0,0.0
route,SEA->TUS,10,10,0,0.0
route,SEA->YKM,14,14,0,0.0
route,SFB->ABE,2,2,0,0.0
route,SFB->ALB,1,1,0,0.0
route,SFB->AUS,1,1,0,0.0
route,SFB->AVL,2,2,0,0.0
route,SFB->BGR,2,2,0,0.0
route,SFB->BMI,1,1,0,0.0
route,SFB->CID,1,1,0,0.0
route,SFB->CLE,1,1,0,0.0
route,SFB->CVG,2,2,0,0.0
route,SFB->DSM,2,2,0,0.0
route,SFB->ELM,3,3,0,0.0
route,SFB->EVV,3,3,0,0.0
route,SFB->FNT,3,3,0,0.0
route,SFB->FSD,1,1,0,0.0
route,SFB->GPT,4,4,0,0.0
route,SFB->GRR,4,4,0,0.0
route,SFB->HTS,2,2,0,0.0
route,SFB->IAG,3,3,0,0.0
route,SFB->IND,3,3,0,0.0
route,SFB->LEX,3,3,0,0.0
route,SFB->MDT,2,2,0,0.0
route,SFB->MEM,2,2,0,0.0
route,SFB->MFE,1,1,0,0.0
route,SFB->MKE,3,3,0,0.0
route,SFB->OGS,1,1,0,0.0
route,SFB->ORF,1,1,0,0.0
route,SFB->OWB,1,1,0,0.0
route,SFB->PBG,1,1,0,0.0
route,SFB->PIT,1,1,0,0.0
route,SFB->PSM,1,1,0,0.0
route,SFB->RDU,1,1,0,0.0
route,SFB->RFD,2,2,0,0.0
route,SFB->RIC,1,1,0,0.0
route,SFB->ROA,6,6,0,0.0
route,SFB->SDF,1,1,0,0.0
route,SFB->SGF,1,1,0,0.0
route,SFB->SJU,2,2,0,0.0
route,SFB->SWF,2,2,0,0.0
route,SFB->SYR,1,1,0,0.0
route,SFB->TOL,1,1,0,0.0
route,SFB->TUL,1,1,0,0.0
route,SFB->TYS,9,9,0,0.0
route,SFB->USA,2,2,0,0.0
route,SFB->XNA,1,1,0,0.0
route,SFB->YNG,1,1,0,0.0
route,SFO->ABQ,8,8,0,0.0
route,SFO->ACV,11,11,0,0.0
route,SFO->ASE,7,7,0,0.0
route,SFO->ATL,24,24,0,0.0
route,SFO->AUS,14,14,0,0.0
route,SFO->BFL,7,7,0,0.0
route,SFO->BNA,11,11,0,0.0
route,SFO->BOI,21,21,0,0.0
route,SFO->BOS,38,38,0,0.0
route,SFO->BUR,19,19,0,0.0
route,SFO->BWI,8,8,0,0.0
route,SFO->BZN,2,2,0,0.0
route,SFO->CLE,4,4,0,0.0
route,SFO->CLT,8,8,0,0.0
route,SFO->CVG,5,5,0,0.0
route,SFO->DAL,11,11,0,0.0
route,SFO->DCA,6,6,0,0.0
route,SFO->DEN,58,58,0,0.0
route,SFO->DFW,20,20,0,0.0
route,SFO->DTW,14,14,0,0.0
route,SFO->EGE,1,1,0,0.0
route,SFO->EUG,11,11,0,0.0
route,SFO->EWR,44,44,0,0.0
route,SFO->FAT,12,12,0,0.0
route,SFO->FLL,14,14,0,0.0
route,SFO->GEG,8,8,0,0.0
route,SFO->HNL,19,19,0,0.0
route,SFO->IAD,27,27,0,0.0
route,SFO->IAH,29,29,0,0.0
route,SFO->IND,5,5,0,0.0
route,SFO->JAC,1,1,0,0.0
route,SFO->JFK,51,51,0,0.0
route,SFO->KOA,14,14,0,0.0
route,SFO->LAS,60,60,0,0.0
route,SFO->LAX,158,158,0,0.0
route,SFO->LGB,16,16,0,0.0
route,SFO->LIH,4,4,0,0.0
route,SFO->MCI,3,3,0,0.0
route,SFO->MCO,11,11,0,0.0
route,SFO->MDW,8,8,0,0.0
route,SFO->MFR,8,8,0,0.0
route,SFO->MIA,6,6,0,0.0
route,SFO->MMH,3,3,0,0.0
route,SFO->MRY,8,8,0,0.0
route,SFO->MSN,1,1,0,0.0
route,SFO->MSP,18,18,0,0.0
route,SFO->MSY,5,5,0,0.0
route,SFO->MTJ,1,1,0,0.0
route,SFO->OGG,27,27,0,0.0
route,SFO->OKC,4,4,0,0.0
route,SFO->OMA,4,4,0,0.0
route,SFO->ONT,18,18,0,0.0
route,SFO->ORD,42,42,0,0.0
route,SFO->OTH,2,2,0,0.0
route,SFO->PDX,54,54,0,0.0
route,SFO->PHL,10,10,0,0.0
route,SFO->PHX,32,32,0,0.0
route,SFO->PSC,3,3,0,0.0
route,SFO->PSP,28,28,0,0.0
route,SFO->RDD,11,11,0,0.0
route,SFO->RDM,10,10,0,0.0
route,SFO->RDU,4,4,0,0.0
route,SFO->RNO,14,14,0,0.0
route,SFO->SAN,66,66,0,0.0
route,SFO->SAT,3,3,0,0.0
route,SFO->SBA,14,14,0,0.0
route,SFO->SBP,15,15,0,0.0
route,SFO->SEA,85,85,0,0.0
route,SFO->SLC,36,36,0,0.0
route,SFO->SMF,14,14,0,0.0
route,SFO->SNA,38,38,0,0.0
route,SFO->STL,6,6,0,0.0
route,SFO->STS,10,10,0,0.0
route,SFO->SUN,3,3,0,0.0
route,SFO->TPA,2,2,0,0.0
route,SFO->TUS,6,6,0,0.0
route,SFO->XNA,2,2,0,0.0
route,SGF->ATL,10,10,0,0.0
route,SGF->AZA,1,1,0,0.0
route,SGF->CLT,4,4,0,0.0
route,SGF->DEN,9,9,0,0.0
route,SGF->DFW,11,11,0,0.0
route,SGF->IAH,1,1,0,0.0
route,SGF->LAX,2,2,0,0.0
route,SGF->ORD,17,17,0,0.0
route,SGF->PIE,2,2,0,0.0
route,SGU->DEN,6,6,0,0.0
route,SGU->LAX,2,2,0,0.0
route,SGU->PHX,3,3,0,0.0
route,SGU->SLC,13,13,0,0.0
route,SHV->ATL,15,15,0,0.0
route,SHV->CLT,4,4,0,0.0
route,SHV->DEN,5,5,0,0.0
route,SHV->DFW,5,5,0,0.0
route,SHV->IAH,13,13,0,0.0
route,SIT->JNU,6,6,0,0.0
route,SIT->KTN,3,3,0,0.0
route,SJC->ATL,11,11,0,0.0
route,SJC->AUS,9,9,0,0.0
route,SJC->BOI,3,3,0,0.0
route,SJC->BOS,2,2,0,0.0
route,SJC->BUR,40,40,0,0.0
route,SJC->BWI,3,3,0,0.0
route,SJC->DAL,7,7,0,0.0
route,SJC->DEN,17,17,0,0.0
route,SJC->DFW,5,5,0,0.0
route,SJC->EUG,1,1,0,0.0
route,SJC->EWR,4,4,0,0.0
route,SJC->GEG,1,1,0,0.0
route,SJC->GSP,1,1,0,0.0
route,SJC->HNL,7,7,0,0.0
route,SJC->IAH,2,2,0,0.0
route,SJC->JFK,6,6,0,0.0
route,SJC->KOA,2,2,0,0.0
route,SJC->LAS,56,56,0,0.0
route,SJC->LAX,67,67,0,0.0
route,SJC->LGB,6,6,0,0.0
route,SJC->LIH,4,4,0,0.0
route,SJC->MCO,2,2,0,0.0
route,SJC->MDW,3,3,0,0.0
route,SJC->OGG,4,4,0,0.0
route,SJC->ONT,16,16,0,0.0
route,SJC->ORD,7,7,0,0.0
route,SJC->PDX,30,30,0,0.0
route,SJC->PHX,20,20,0,0.0
route,SJC->RNO,14,14,0,0.0
route,SJC->SAN,54,54,0,0.0
route,SJC->SEA,46,46,0,0.0
route,SJC->SLC,27,27,0,0.0
route,SJC->SNA,57,57,0,0.0
route,SJC->STL,1,1,0,0.0
route,SJC->TUS,4,4,0,0.0
route,SJT->DFW,10,10,0,0.0
route,SJU->ATL,10,10,0,0.0
route,SJU->BDL,9,9,0,0.0
route,SJU->BOS,6,6,0,0.0
route,SJU->BWI,8,8,0,0.0
route,SJU->CLT,6,6,0,0.0
route,SJU->DCA,2,2,0,0.0
route,SJU->EWR,16,16,0,0.0
route,SJU->FLL,31,31,0,0.0
route,SJU->IAD,1,1,0,0.0
route,SJU->IAH,5,5,0,0.0
route,SJU->JFK,32,32,0,0.0
route,SJU->MCO,45,45,0,0.0
route,SJU->MDW,2,2,0,0.0
route,SJU->MIA,9,9,0,0.0
route,SJU->MSP,1,1,0,0.0
route,SJU->ORD,4,4,0,0.0
route,SJU->PHL,4,4,0,0.0
route,SJU->SFB,2,2,0,0.0
route,SJU->STT,4,4,0,0.0
route,SJU->STX,3,3,0,0.0
route,SJU->TPA,14,14,0,0.0
route,SLC->ABQ,10,10,0,0.0
route,SLC->ASE,6,6,0,0.0
route,SLC->ATL,19,19,0,0.0
route,SLC->AUS,6,6,0,0.0
route,SLC->BIL,5,5,0,0.0
route,SLC->BNA,4,4,0,0.0
route,SLC->BOI,18,18,0,0.0
route,SLC->BOS,8,8,0,0.0
route,SLC->BTM,6,6,0,0.0
route,SLC->BUR,12,12,0,0.0
route,SLC->BWI,6,6,0,0.0
route,SLC->BZN,10,10,0,0.0
route,SLC->CDC,4,4,0,0.0
route,SLC->CLT,4,4,0,0.0
route,SLC->COD,2,2,0,0.0
route,SLC->COS,6,6,0,0.0
route,SLC->CPR,7,7,0,0.0
route,SLC->CVG,4,4,0,0.0
route,SLC->DAL,4,4,0,0.0
route,SLC->DCA,2,2,0,0.0
route,SLC->DEN,67,67,0,0.0
route,SLC->DFW,26,26,0,0.0
route,SLC->DTW,14,14,0,0.0
route,SLC->EKO,6,6,0,0.0
route,SLC->EUG,9,8,1,0.11111111111111116
route,SLC->EWR,10,10,0,0.0
route,SLC->FAT,12,12,0,0.0
route,SLC->FCA,4,4,0,0.0
route,SLC->FLL,2,2,0,0.0
route,SLC->GEG,8,8,0,0.0
route,SLC->GJT,14,14,0,0.0
route,SLC->GTF,7,7,0,0.0
route,SLC->HLN,8,8,0,0.0
route,SLC->HNL,5,5,0,0.0
route,SLC->IAD,5,5,0,0.0
route,SLC->IAH,23,23,0,0.0
route,SLC->IDA,7,7,0,0.0
route,SLC->IND,2,2,0,0.0
route,SLC->JAC,12,12,0,0.0
route,SLC->JFK,26,26,0,0.0
route,SLC->LAS,43,43,0,0.0
route,SLC->LAX,40,40,0,0.0
route,SLC->LGB,18,18,0,0.0
route,SLC->LWS,4,4,0,0.0
route,SLC->MCI,5,5,0,0.0
route,SLC->MCO,5,5,0,0.0
route,SLC->MDW,7,7,0,0.0
route,SLC->MFR,7,7,0,0.0
route,SLC->MKE,4,4,0,0.0
route,SLC->MSN,4,4,0,0.0
route,SLC->MSO,10,10,0,0.0
route,SLC->MSP,15,15,0,0.0
route,SLC->MSY,1,1,0,0.0
route,SLC->MTJ,1,1,0,0.0
route,SLC->OAK,16,16,0,0.0
route,SLC->OGG,3,3,0,0.0
route,SLC->OKC,3,3,0,0.0
route,SLC->OMA,4,4,0,0.0
route,SLC->ONT,9,9,0,0.0
route,SLC->ORD,24,24,0,0.0
route,SLC->PDX,18,18,0,0.0
route,SLC->PHL,5,5,0,0.0
route,SLC->PHX,35,35,0,0.0
route,SLC->PIH,8,8,0,0.0
route,SLC->PSC,9,9,0,0.0
route,SLC->PSP,8,8,0,0.0
route,SLC->RAP,3,3,0,0.0
route,SLC->RDM,8,8,0,0.0
route,SLC->RDU,3,3,0,0.0
route,SLC->RNO,18,18,0,0.0
route,SLC->SAN,35,35,0,0.0
route,SLC->SAT,3,3,0,0.0
route,SLC->SEA,32,32,0,0.0
route,SLC->SFO,22,22,0,0.0
route,SLC->SGU,13,13,0,0.0
route,SLC->SJC,21,21,0,0.0
route,SLC->SMF,20,20,0,0.0
route,SLC->SNA,13,13,0,0.0
route,SLC->STL,5,5,0,0.0
route,SLC->SUN,5,5,0,0.0
route,SLC->TPA,2,2,0,0.0
route,SLC->TUL,1,1,0,0.0
route,SLC->TUS,4,4,0,0.0
route,SLC->TWF,9,9,0,0.0
route,SLN->HYS,1,1,0,0.0
route,SLN->ORD,2,2,0,0.0
route,SMF->ATL,10,10,0,0.0
route,SMF->AUS,1,1,0,0.0
route,SMF->BOI,9,9,0,0.0
route,SMF->BUR,28,28,0,0.0
route,SMF->BWI,4,4,0,0.0
route,SMF->CLT,2,2,0,0.0
route,SMF->DAL,4,4,0,0.0
route,SMF->DEN,23,23,0,0.0
route,SMF->DFW,4,4,0,0.0
route,SMF->GEG,3,3,0,0.0
route,SMF->HNL,4,4,0,0.0
route,SMF->IAH,5,5,0,0.0
route,SMF->JFK,4,4,0,0.0
route,SMF->KOA,2,2,0,0.0
route,SMF->LAS,24,24,0,0.0
route,SMF->LAX,50,49,1,0.020000000000000018
route,SMF->LGB,13,13,0,0.0
route,SMF->MDW,4,4,0,0.0
route,SMF->MSP,3,3,0,0.0
route,SMF->MSY,1,1,0,0.0
route,SMF->OGG,3,3,0,0.0
route,SMF->ONT,27,27,0,0.0
route,SMF->ORD,7,7,0,0.0
route,SMF->PDX,21,21,0,0.0
route,SMF->PHX,20,20,0,0.0
route,SMF->SAN,45,45,0,0.0
route,SMF->SEA,27,27,0,0.0
route,SMF->SFO,8,8,0,0.0
route,SMF->SLC,14,14,0,0.0
route,SMF->SNA,25,25,0,0.0
route,SMF->STL,3,3,0,0.0
route,SMX->LAS,1,1,0,0.0
route,SNA->ABQ,1,1,0,0.0
route,SNA->ATL,11,11,0,0.0
route,SNA->AUS,1,1,0,0.0
route,SNA->DEN,39,39,0,0.0
route,SNA->DFW,10,10,0,0.0
route,SNA->DTW,2,2,0,0.0
route,SNA->EWR,8,8,0,0.0
route,SNA->HOU,4,4,0,0.0
route,SNA->IAH,17,17,0,0.0
route,SNA->LAS,24,24,0,0.0
route,SNA->MSP,6,6,0,0.0
route,SNA->OAK,25,25,0,0.0
route,SNA->ORD,15,15,0,0.0
route,SNA->PDX,10,10,0,0.0
route,SNA->PHX,24,24,0,0.0
route,SNA->SAT,1,1,0,0.0
route,SNA->SEA,26,26,0,0.0
route,SNA->SFO,40,40,0,0.0
route,SNA->SJC,34,34,0,0.0
route,SNA->SLC,15,15,0,0.0
route,SNA->SMF,19,19,0,0.0
route,SNA->STS,3,3,0,0.0
route,SPI->DFW,2,2,0,0.0
route,SPI->ORD,11,11,0,0.0
route,SPN->GUM,8,8,0,0.0
route,SPN->ROP,1,1,0,0.0
route,SPS->DFW,1,1,0,0.0
route,SRQ->ATL,18,18,0,0.0
route,SRQ->BOS,2,2,0,0.0
route,SRQ->CLT,4,4,0,0.0
route,SRQ->DCA,2,2,0,0.0
route,SRQ->DFW,1,1,0,0.0
route,SRQ->EWR,3,3,0,0.0
route,SRQ->JFK,9,9,0,0.0
route,SRQ->LGA,4,4,0,0.0
route,SRQ->ORD,4,4,0,0.0
route,STC->AZA,1,1,0,0.0
route,STC->PGD,1,1,0,0.0
route,STL->ATL,33,33,0,0.0
route,STL->AUS,8,8,0,0.0
route,STL->BDL,2,2,0,0.0
route,STL->BNA,3,3,0,0.0
route,STL->BOS,9,9,0,0.0
route,STL->BWI,14,14,0,0.0
route,STL->CLE,5,5,0,0.0
route,STL->CLT,4,4,0,0.0
route,STL->CMH,6,6,0,0.0
route,STL->CVG,5,5,0,0.0
route,STL->DAL,16,16,0,0.0
route,STL->DCA,11,11,0,0.0
route,STL->DEN,36,36,0,0.0
route,STL->DFW,10,10,0,0.0
route,STL->DSM,10,10,0,0.0
route,STL->DTW,15,14,1,0.06666666666666665
route,STL->EWR,18,18,0,0.0
route,STL->FLL,7,7,0,0.0
route,STL->HOU,15,15,0,0.0
route,STL->IAD,10,10,0,0.0
route,STL->IAH,19,19,0,0.0
route,STL->ICT,12,12,0,0.0
route,STL->LAS,14,14,0,0.0
route,STL->LAX,18,18,0,0.0
route,STL->LGA,25,25,0,0.0
route,STL->LIT,3,3,0,0.0
route,STL->MCI,20,20,0,0.0
route,STL->MCO,11,11,0,0.0
route,STL->MDW,23,23,0,0.0
route,STL->MIA,2,2,0,0.0
route,STL->MKE,7,7,0,0.0
route,STL->MSP,28,28,0,0.0
route,STL->MSY,11,11,0,0.0
route,STL->OAK,3,3,0,0.0
route,STL->OKC,8,8,0,0.0
route,STL->OMA,11,11,0,0.0
route,STL->ORD,27,27,0,0.0
route,STL->PBI,2,2,0,0.0
route,STL->PDX,2,2,0,0.0
route,STL->PHL,15,15,0,0.0
route,STL->PHX,14,14,0,0.0
route,STL->PIT,5,5,0,0.0
route,STL->RDU,6,6,0,0.0
route,STL->RSW,7,7,0,0.0
route,STL->SAN,11,11,0,0.0
route,STL->SAT,5,5,0,0.0
route,STL->SEA,6,6,0,0.0
route,STL->SFO,9,9,0,0.0
route,STL->SJC,2,2,0,0.0
route,STL->SLC,8,8,0,0.0
route,STL->SMF,1,1,0,0.0
route,STL->TPA,4,4,0,0.0
route,STL->TUL,8,8,0,0.0
route,STS->LAX,11,11,0,0.0
route,STS->PDX,3,3,0,0.0
route,STS->PHX,1,1,0,0.0
route,STS->SAN,2,2,0,0.0
route,STS->SEA,1,1,0,0.0
route,STS->SFO,7,7,0,0.0
route,STS->SNA,4,4,0,0.0
route,STT->ATL,3,3,0,0.0
route,STT->EWR,3,3,0,0.0
route,STT->FLL,1,1,0,0.0
route,STT->IAD,1,1,0,0.0
route,STT->MCO,2,2,0,0.0
route,STT->MIA,4,4,0,0.0
route,STX->ATL,4,4,0,0.0
route,STX->SJU,4,4,0,0.0
route,SUN->DEN,3,3,0,0.0
route,SUN->LAX,5,5,0,0.0
route,SUN->PDX,1,1,0,0.0
route,SUN->SEA,2,2,0,0.0
route,SUN->SFO,1,1,0,0.0
route,SUN->SLC,10,10,0,0.0
route,SUX->DFW,4,4,0,0.0
route,SUX->ORD,3,3,0,0.0
route,SWF->DTW,5,5,0,0.0
route,SWF->FLL,2,2,0,0.0
route,SWF->MCO,4,4,0,0.0
route,SWF->PGD,5,5,0,0.0
route,SWF->PHL,1,1,0,0.0
route,SWF->SFB,1,1,0,0.0
route,SWO->DFW,5,5,0,0.0
route,SYR->ATL,12,12,0,0.0
route,SYR->BOS,2,2,0,0.0
route,SYR->CLT,2,2,0,0.0
route,SYR->DCA,4,4,0,0.0
route,SYR->DTW,13,13,0,0.0
route,SYR->EWR,20,20,0,0.0
route,SYR->FLL,4,4,0,0.0
route,SYR->IAD,10,10,0,0.0
route,SYR->JFK,21,21,0,0.0
route,SYR->LGA,7,7,0,0.0
route,SYR->MCO,2,2,0,0.0
route,SYR->ORD,18,18,0,0.0
route,SYR->PHL,2,2,0,0.0
route,SYR->PIE,1,1,0,0.0
route,SYR->RSW,1,1,0,0.0
route,SYR->SFB,1,1,0,0.0
route,SYR->TPA,2,2,0,0.0
route,TLH->ATL,13,13,0,0.0
route,TLH->CLT,7,7,0,0.0
route,TLH->DCA,2,2,0,0.0
route,TLH->DFW,4,4,0,0.0
route,TLH->MIA,7,7,0,0.0
route,TOL->CLT,6,6,0,0.0
route,TOL->ORD,3,3,0,0.0
route,TOL->PGD,2,2,0,0.0
route,TOL->SFB,3,3,0,0.0
route,TPA->ACY,2,2,0,0.0
route,TPA->ALB,5,5,0,0.0
route,TPA->ATL,60,60,0,0.0
route,TPA->AUS,4,4,0,0.0
route,TPA->BDL,11,11,0,0.0
route,TPA->BHM,10,10,0,0.0
route,TPA->BNA,16,16,0,0.0
route,TPA->BOS,20,20,0,0.0
route,TPA->BUF,6,6,0,0.0
route,TPA->BWI,16,16,0,0.0
route,TPA->CAK,1,1,0,0.0
route,TPA->CLE,6,6,0,0.0
route,TPA->CLT,13,13,0,0.0
route,TPA->CMH,7,7,0,0.0
route,TPA->COS,3,3,0,0.0
route,TPA->CVG,3,3,0,0.0
route,TPA->DAL,8,8,0,0.0
route,TPA->DCA,21,21,0,0.0
route,TPA->DEN,13,13,0,0.0
route,TPA->DFW,12,12,0,0.0
route,TPA->DTW,19,19,0,0.0
route,TPA->EWR,22,22,0,0.0
route,TPA->FLL,15,15,0,0.0
route,TPA->FNT,1,1,0,0.0
route,TPA->GRR,1,1,0,0.0
route,TPA->GSO,1,1,0,0.0
route,TPA->GSP,1,1,0,0.0
route,TPA->HOU,12,12,0,0.0
route,TPA->HPN,5,5,0,0.0
route,TPA->IAD,2,2,0,0.0
route,TPA->IAH,14,14,0,0.0
route,TPA->IND,12,12,0,0.0
route,TPA->ISP,5,5,0,0.0
route,TPA->JFK,12,12,0,0.0
route,TPA->LAS,8,8,0,0.0
route,TPA->LAX,6,6,0,0.0
route,TPA->LBE,1,1,0,0.0
route,TPA->LGA,17,17,0,0.0
route,TPA->MCI,5,5,0,0.0
route,TPA->MDW,14,14,0,0.0
route,TPA->MEM,1,1,0,0.0
route,TPA->MHT,4,4,0,0.0
route,TPA->MIA,10,10,0,0.0
route,TPA->MKE,4,4,0,0.0
route,TPA->MSP,20,20,0,0.0
route,TPA->MSY,16,16,0,0.0
route,TPA->ORD,25,25,0,0.0
route,TPA->PHL,13,13,0,0.0
route,TPA->PHX,6,6,0,0.0
route,TPA->PIT,9,9,0,0.0
route,TPA->PVD,4,4,0,0.0
route,TPA->PWM,1,1,0,0.0
route,TPA->RDU,15,15,0,0.0
route,TPA->ROC,3,3,0,0.0
route,TPA->SAN,2,2,0,0.0
route,TPA->SAT,3,3,0,0.0
route,TPA->SDF,1,1,0,0.0
route,TPA->SEA,6,6,0,0.0
route,TPA->SFO,1,1,0,0.0
route,TPA->SJU,6,6,0,0.0
route,TPA->SLC,1,1,0,0.0
route,TPA->STL,6,6,0,0.0
route,TPA->TTN,2,2,0,0.0
route,TRI->ATL,21,21,0,0.0
route,TRI->CLT,7,7,0,0.0
route,TRI->SFB,1,1,0,0.0
route,TTN->BNA,1,1,0,0.0
route,TTN->CLT,1,1,0,0.0
route,TTN->FLL,2,2,0,0.0
route,TTN->MCO,6,6,0,0.0
route,TTN->MIA,2,2,0,0.0
route,TTN->PBI,6,6,0,0.0
route,TUL->ATL,14,14,0,0.0
route,TUL->CLT,4,4,0,0.0
route,TUL->DAL,7,7,0,0.0
route,TUL->DEN,18,18,0,0.0
route,TUL->DFW,10,10,0,0.0
route,TUL->HOU,14,14,0,0.0
route,TUL->IAH,16,16,0,0.0
route,TUL->LAS,3,3,0,0.0
route,TUL->MSP,5,5,0,0.0
route,TUL->ORD,15,15,0,0.0
route,TUL->PHX,5,5,0,0.0
route,TUL->SLC,8,8,0,0.0
route,TUL->STL,4,4,0,0.0
route,TUS->ATL,2,2,0,0.0
route,TUS->DEN,23,23,0,0.0
route,TUS->DFW,11,11,0,0.0
route,TUS->IAH,7,7,0,0.0
route,TUS->LAS,8,8,0,0.0
route,TUS->LAX,24,24,0,0.0
route,TUS->MDW,5,5,0,0.0
route,TUS->MSP,3,3,0,0.0
route,TUS->ORD,6,6,0,0.0
route,TUS->PDX,4,4,0,0.0
route,TUS->PHX,16,16,0,0.0
route,TUS->SAN,4,4,0,0.0
route,TUS->SEA,6,6,0,0.0
route,TUS->SFO,9,9,0,0.0
route,TUS->SJC,3,3,0,0.0
route,TUS->SLC,6,6,0,0.0
route,TVC->DTW,11,11,0,0.0
route,TVC->ORD,12,12,0,0.0
route,TWF->DEN,3,3,0,0.0
route,TWF->SLC,21,21,0,0.0
route,TXK->DFW,8,8,0,0.0
route,TYR->DFW,6,6,0,0.0
route,TYS->ATL,21,21,0,0.0
route,TYS->CLT,10,10,0,0.0
route,TYS->DCA,1,1,0,0.0
route,TYS->DEN,4,4,0,0.0
route,TYS->DFW,2,2,0,0.0
route,TYS->DTW,10,10,0,0.0
route,TYS->EWR,6,6,0,0.0
route,TYS->FLL,3,3,0,0.0
route,TYS->IAD,7,7,0,0.0
route,TYS->IAH,7,7,0,0.0
route,TYS->LGA,2,2,0,0.0
route,TYS->MCO,1,1,0,0.0
route,TYS->MIA,4,4,0,0.0
route,TYS->MSP,2,2,0,0.0
route,TYS->ORD,9,9,0,0.0
route,TYS->PGD,3,3,0,0.0
route,TYS->PIE,2,2,0,0.0
route,TYS->SFB,4,4,0,0.0
route,UIN->CGI,1,1,0,0.0
route,UIN->ORD,7,7,0,0.0
route,USA->FLL,1,1,0,0.0
route,USA->MSY,3,3,0,0.0
route,USA->PGD,2,2,0,0.0
route,USA->PIE,1,1,0,0.0
route,USA->SFB,2,2,0,0.0
route,VEL->DEN,1,1,0,0.0
route,VLD->ATL,7,7,0,0.0
route,VPS->ATL,11,11,0,0.0
route,VPS->BLV,1,1,0,0.0
route,VPS->CLT,5,5,0,0.0
route,VPS->CVG,1,1,0,0.0
route,VPS->DCA,3,3,0,0.0
route,VPS->DFW,2,2,0,0.0
route,VPS->IAH,4,4,0,0.0
route,WRG->KTN,3,3,0,0.0
route,WRG->PSG,2,2,0,0.0
route,XNA->ATL,11,11,0,0.0
route,XNA->CLT,10,10,0,0.0
route,XNA->CVG,1,1,0,0.0
route,XNA->DCA,1,1,0,0.0
route,XNA->DEN,4,4,0,0.0
route,XNA->DFW,12,12,0,0.0
route,XNA->EWR,1,1,0,0.0
route,XNA->IAH,8,8,0,0.0
route,XNA->LAX,4,4,0,0.0
route,XNA->LGA,3,3,0,0.0
route,XNA->MSP,2,2,0,0.0
route,XNA->ORD,12,12,0,0.0
route,XNA->SFB,2,2,0,0.0
route,XNA->SFO,2,2,0,0.0
route,YAK->CDV,7,7,0,0.0
route,YAK->JNU,3,3,0,0.0
route,YKM->SEA,12,12,0,0.0
route,YUM->PHX,5,5,0,0.0
Day_of_Month,1,1785,1785,0,0.0
Day_of_Month,10,1849,1849,0,0.0
Day_of_Month,11,1886,1886,0,0.0
Day_of_Month,12,1687,1687,0,0.0
Day_of_Month,13,1534,1534,0,0.0
Day_of_Month,14,1763,1763,0,0.0
Day_of_Month,15,1867,1867,0,0.0
Day_of_Month,16,1716,1716,0,0.0
Day_of_Month,17,1835,1835,0,0.0
Day_of_Month,18,1922,1922,0,0.0
Day_of_Month,19,1594,1594,0,0.0
Day_of_Month,2,2052,2052,0,0.0
Day_of_Month,20,1426,1426,0,0.0
Day_of_Month,21,1801,1801,0,0.0
Day_of_Month,22,1720,1720,0,0.0
Day_of_Month,23,1760,1760,0,0.0
Day_of_Month,24,1846,1846,0,0.0
Day_of_Month,25,1953,1953,0,0.0
Day_of_Month,26,1692,1692,0,0.0
Day_of_Month,27,1615,1615,0,0.0
Day_of_Month,28,1741,1741,0,0.0
Day_of_Month,29,1748,1748,0,0.0
Day_of_Month,3,1888,1887,1,0.0005296610169491789
Day_of_Month,30,1688,1688,0,0.0
Day_of_Month,31,1847,1842,5,0.002707092582566295
Day_of_Month,4,1680,1680,0,0.0
Day_of_Month,5,1652,1652,0,0.0
Day_of_Month,6,1683,1683,0,0.0
Day_of_Month,7,1968,1968,0,0.0
Day_of_Month,8,1802,1802,0,0.0
Day_of_Month,9,1730,1730,0,0.0
