fold_key,seed,model,fold,arm,calibrator,calibration_data,n_outer_train,n_outer_valid,n_inner_train,n_inner_holdout,selected_params,threshold,recorded_threshold_uncalibrated,inner_holdout_log_loss,inner_holdout_ece_ef15,inner_holdout_macro_f1_at_threshold,calibrator_info,valid_rows_at_iso_clip,raw_inner_holdout_log_loss,crossfit_inner_train_log_loss,n_model_features,valid_probs_sha256,reproduction,warnings,base_fit_sec,crossfit_sec,fold_elapsed_sec
1_lightgbm_tuned_fold1,1,lightgbm_tuned,1,isotonic_crossfit,isotonic,inner_train_crossfit,144265,36067,115412,28853,"{""learning_rate"":0.03,""min_child_samples"":20,""n_estimators"":150,""num_leaves"":127,""subsample"":0.8,""subsample_freq"":0}",0.25,0.23,0.4365682492235328,0.005451880612438833,0.5966977650626766,"{""kind"":""isotonic"",""n_fit"":115412,""n_steps"":69,""positives_fit"":20355}",0,0.43684555776274536,0.4377407355346446,44,ce4d45a9a9fd358cb68c215dad72e1b78356472880e53eb13e1080281fe9fa88,"{""inner_holdout_log_loss_abs_diff_recorded"":5.551115123125783e-17,""none_threshold_equal_recorded"":true,""raw_valid_probs_max_abs_diff_recorded"":0.0,""raw_valid_probs_sha256_equal_recorded"":true,""recorded_source"":""baseline_recovery_v2_classifier_tuning_20261008_folds.csv""}",[],2.538634799999272,10.020552399997541,13.682926199999201
1_lightgbm_tuned_fold1,1,lightgbm_tuned,1,isotonic_inner_holdout,isotonic,inner_holdout,144265,36067,115412,28853,"{""learning_rate"":0.03,""min_child_samples"":20,""n_estimators"":150,""num_leaves"":127,""subsample"":0.8,""subsample_freq"":0}",0.24,0.23,0.4354466004638295,6.585103953821215e-10,0.5978578327530567,"{""kind"":""isotonic"",""n_fit"":28853,""n_steps"":53,""positives_fit"":5089}",25,0.43684555776274536,0.4377407355346446,44,2f1b08e53439a34aa5cc7d76497d1ea42794b1d54839f37a521971662621f307,"{""inner_holdout_log_loss_abs_diff_recorded"":5.551115123125783e-17,""none_threshold_equal_recorded"":true,""raw_valid_probs_max_abs_diff_recorded"":0.0,""raw_valid_probs_sha256_equal_recorded"":true,""recorded_source"":""baseline_recovery_v2_classifier_tuning_20261008_folds.csv""}",[],2.538634799999272,10.020552399997541,13.682926199999201
1_lightgbm_tuned_fold1,1,lightgbm_tuned,1,none,none,none,144265,36067,115412,28853,"{""learning_rate"":0.03,""min_child_samples"":20,""n_estimators"":150,""num_leaves"":127,""subsample"":0.8,""subsample_freq"":0}",0.23,0.23,0.43684555776274536,0.010504470037757258,0.5966426970131604,"{""kind"":""none"",""n_fit"":28853,""positives_fit"":5089}",0,0.43684555776274536,0.4377407355346446,44,3dbb32d14399f0a6275aad6eb2ac62972f4bab35cb82338903392db114c8106c,"{""inner_holdout_log_loss_abs_diff_recorded"":5.551115123125783e-17,""none_threshold_equal_recorded"":true,""raw_valid_probs_max_abs_diff_recorded"":0.0,""raw_valid_probs_sha256_equal_recorded"":true,""recorded_source"":""baseline_recovery_v2_classifier_tuning_20261008_folds.csv""}",[],2.538634799999272,10.020552399997541,13.682926199999201
1_lightgbm_tuned_fold1,1,lightgbm_tuned,1,platt_crossfit,platt,inner_train_crossfit,144265,36067,115412,28853,"{""learning_rate"":0.03,""min_child_samples"":20,""n_estimators"":150,""num_leaves"":127,""subsample"":0.8,""subsample_freq"":0}",0.25,0.23,0.43660474979037517,0.007818793651558133,0.5970542002081657,"{""coef"":1.0880388013854037,""intercept"":0.16975229096930153,""kind"":""platt"",""n_fit"":115412,""positives_fit"":20355}",0,0.43684555776274536,0.4377407355346446,44,ffd24c1276b8feeac3e1ccd2834bc70379ebf952014880e635742c447e6bf509,"{""inner_holdout_log_loss_abs_diff_recorded"":5.551115123125783e-17,""none_threshold_equal_recorded"":true,""raw_valid_probs_max_abs_diff_recorded"":0.0,""raw_valid_probs_sha256_equal_recorded"":true,""recorded_source"":""baseline_recovery_v2_classifier_tuning_20261008_folds.csv""}",[],2.538634799999272,10.020552399997541,13.682926199999201
1_lightgbm_tuned_fold1,1,lightgbm_tuned,1,platt_inner_holdout,platt,inner_holdout,144265,36067,115412,28853,"{""learning_rate"":0.03,""min_child_samples"":20,""n_estimators"":150,""num_leaves"":127,""subsample"":0.8,""subsample_freq"":0}",0.25,0.23,0.43659598324317433,0.007844029848995914,0.5968843786168361,"{""coef"":1.0905985742996525,""intercept"":0.16215953875225458,""kind"":""platt"",""n_fit"":28853,""positives_fit"":5089}",0,0.43684555776274536,0.4377407355346446,44,2f8aee0334af00ef70e986358692d23519bb3fcf5bd8b4396d1b94aa4368089f,"{""inner_holdout_log_loss_abs_diff_recorded"":5.551115123125783e-17,""none_threshold_equal_recorded"":true,""raw_valid_probs_max_abs_diff_recorded"":0.0,""raw_valid_probs_sha256_equal_recorded"":true,""recorded_source"":""baseline_recovery_v2_classifier_tuning_20261008_folds.csv""}",[],2.538634799999272,10.020552399997541,13.682926199999201
1_lightgbm_tuned_fold2,1,lightgbm_tuned,2,isotonic_crossfit,isotonic,inner_train_crossfit,144265,36067,115412,28853,"{""learning_rate"":0.03,""min_child_samples"":20,""n_estimators"":150,""num_leaves"":127,""subsample"":0.8,""subsample_freq"":0}",0.26,0.23,0.433808490643792,0.006395415371037944,0.6046858509718689,"{""kind"":""isotonic"",""n_fit"":115412,""n_steps"":75,""positives_fit"":20355}",0,0.4340920402471772,0.4375088119552777,44,373982bcc0962ca302d597e901487f3fabbe011bb0ffecc1702020c7bcea1a3f,"{""inner_holdout_log_loss_abs_diff_recorded"":0.0,""none_threshold_equal_recorded"":true,""raw_valid_probs_max_abs_diff_recorded"":0.0,""raw_valid_probs_sha256_equal_recorded"":true,""recorded_source"":""baseline_recovery_v2_classifier_tuning_20261008_folds.csv""}",[],2.4032956000010017,9.825102799997694,13.344290799999726
1_lightgbm_tuned_fold2,1,lightgbm_tuned,2,isotonic_inner_holdout,isotonic,inner_holdout,144265,36067,115412,28853,"{""learning_rate"":0.03,""min_child_samples"":20,""n_estimators"":150,""num_leaves"":127,""subsample"":0.8,""subsample_freq"":0}",0.24,0.23,0.432039306376727,1.8022389467026761e-09,0.6053010597820245,"{""kind"":""isotonic"",""n_fit"":28853,""n_steps"":43,""positives_fit"":5089}",65,0.4340920402471772,0.4375088119552777,44,19814a2a76debacbe524e3792835cbad1670f0610f38694339a950663f76b6ef,"{""inner_holdout_log_loss_abs_diff_recorded"":0.0,""none_threshold_equal_recorded"":true,""raw_valid_probs_max_abs_diff_recorded"":0.0,""raw_valid_probs_sha256_equal_recorded"":true,""recorded_source"":""baseline_recovery_v2_classifier_tuning_20261008_folds.csv""}",[],2.4032956000010017,9.825102799997694,13.344290799999726
1_lightgbm_tuned_fold2,1,lightgbm_tuned,2,none,none,none,144265,36067,115412,28853,"{""learning_rate"":0.03,""min_child_samples"":20,""n_estimators"":150,""num_leaves"":127,""subsample"":0.8,""subsample_freq"":0}",0.23,0.23,0.4340920402471772,0.012317145419366758,0.6048071424203421,"{""kind"":""none"",""n_fit"":28853,""positives_fit"":5089}",0,0.4340920402471772,0.4375088119552777,44,dd99a27ad5fe9090bfed6821aa7ad91ad9d1f1ea9c5ab661ea49f404afdb2fab,"{""inner_holdout_log_loss_abs_diff_recorded"":0.0,""none_threshold_equal_recorded"":true,""raw_valid_probs_max_abs_diff_recorded"":0.0,""raw_valid_probs_sha256_equal_recorded"":true,""recorded_source"":""baseline_recovery_v2_classifier_tuning_20261008_folds.csv""}",[],2.4032956000010017,9.825102799997694,13.344290799999726
1_lightgbm_tuned_fold2,1,lightgbm_tuned,2,platt_crossfit,platt,inner_train_crossfit,144265,36067,115412,28853,"{""learning_rate"":0.03,""min_child_samples"":20,""n_estimators"":150,""num_leaves"":127,""subsample"":0.8,""subsample_freq"":0}",0.24,0.23,0.4336435496455658,0.006999422449410071,0.605155444557328,"{""coef"":1.0789942762697735,""intercept"":0.1598086196564378,""kind"":""platt"",""n_fit"":115412,""positives_fit"":20355}",0,0.4340920402471772,0.4375088119552777,44,50aa0753312be007736c537657050f61bad7c67c85c71316e47f89833afe169f,"{""inner_holdout_log_loss_abs_diff_recorded"":0.0,""none_threshold_equal_recorded"":true,""raw_valid_probs_max_abs_diff_recorded"":0.0,""raw_valid_probs_sha256_equal_recorded"":true,""recorded_source"":""baseline_recovery_v2_classifier_tuning_20261008_folds.csv""}",[],2.4032956000010017,9.825102799997694,13.344290799999726
1_lightgbm_tuned_fold2,1,lightgbm_tuned,2,platt_inner_holdout,platt,inner_holdout,144265,36067,115412,28853,"{""learning_rate"":0.03,""min_child_samples"":20,""n_estimators"":150,""num_leaves"":127,""subsample"":0.8,""subsample_freq"":0}",0.24,0.23,0.4335470864664713,0.005658255998582201,0.604875869174802,"{""coef"":1.1400469035440621,""intercept"":0.23994377885979978,""kind"":""platt"",""n_fit"":28853,""positives_fit"":5089}",0,0.4340920402471772,0.4375088119552777,44,c652377636c85efcbe8f1f2bf29f77597d0c998478af0926b8da4beb98dbb3ce,"{""inner_holdout_log_loss_abs_diff_recorded"":0.0,""none_threshold_equal_recorded"":true,""raw_valid_probs_max_abs_diff_recorded"":0.0,""raw_valid_probs_sha256_equal_recorded"":true,""recorded_source"":""baseline_recovery_v2_classifier_tuning_20261008_folds.csv""}",[],2.4032956000010017,9.825102799997694,13.344290799999726
1_lightgbm_tuned_fold3,1,lightgbm_tuned,3,isotonic_crossfit,isotonic,inner_train_crossfit,144266,36066,115412,28854,"{""learning_rate"":0.03,""min_child_samples"":20,""n_estimators"":150,""num_leaves"":63,""subsample"":0.8,""subsample_freq"":0}",0.25,0.23,0.4339488142486019,0.007338668311035945,0.6078802708892342,"{""kind"":""isotonic"",""n_fit"":115412,""n_steps"":77,""positives_fit"":20355}",0,0.4341846808574157,0.43769605471173195,44,b5083444637ee4578d9d916f5cc52020c9b12125774223bf0094175217ce3921,"{""inner_holdout_log_loss_abs_diff_recorded"":0.0,""none_threshold_equal_recorded"":true,""raw_valid_probs_max_abs_diff_recorded"":0.0,""raw_valid_probs_sha256_equal_recorded"":true,""recorded_source"":""baseline_recovery_v2_classifier_tuning_20261008_folds.csv""}",[],2.3447646999993594,10.004421300000104,13.455853700001171
1_lightgbm_tuned_fold3,1,lightgbm_tuned,3,isotonic_inner_holdout,isotonic,inner_holdout,144266,36066,115412,28854,"{""learning_rate"":0.03,""min_child_samples"":20,""n_estimators"":150,""num_leaves"":63,""subsample"":0.8,""subsample_freq"":0}",0.26,0.23,0.4323420785094586,1.5595758230878848e-09,0.6085973905454225,"{""kind"":""isotonic"",""n_fit"":28854,""n_steps"":51,""positives_fit"":5089}",64,0.4341846808574157,0.43769605471173195,44,cb5e2e1818ced12dcdb98d1dbf7a4b532f6ce7b1b00ebd15c61bcb44bc245bb0,"{""inner_holdout_log_loss_abs_diff_recorded"":0.0,""none_threshold_equal_recorded"":true,""raw_valid_probs_max_abs_diff_recorded"":0.0,""raw_valid_probs_sha256_equal_recorded"":true,""recorded_source"":""baseline_recovery_v2_classifier_tuning_20261008_folds.csv""}",[],2.3447646999993594,10.004421300000104,13.455853700001171
1_lightgbm_tuned_fold3,1,lightgbm_tuned,3,none,none,none,144266,36066,115412,28854,"{""learning_rate"":0.03,""min_child_samples"":20,""n_estimators"":150,""num_leaves"":63,""subsample"":0.8,""subsample_freq"":0}",0.23,0.23,0.4341846808574157,0.012525303221846125,0.6078739285215717,"{""kind"":""none"",""n_fit"":28854,""positives_fit"":5089}",0,0.4341846808574157,0.43769605471173195,44,23a6a8716a730f40224f63df553448c895588543470692067d1e7cd846f5d88e,"{""inner_holdout_log_loss_abs_diff_recorded"":0.0,""none_threshold_equal_recorded"":true,""raw_valid_probs_max_abs_diff_recorded"":0.0,""raw_valid_probs_sha256_equal_recorded"":true,""recorded_source"":""baseline_recovery_v2_classifier_tuning_20261008_folds.csv""}",[],2.3447646999993594,10.004421300000104,13.455853700001171
1_lightgbm_tuned_fold3,1,lightgbm_tuned,3,platt_crossfit,platt,inner_train_crossfit,144266,36066,115412,28854,"{""learning_rate"":0.03,""min_child_samples"":20,""n_estimators"":150,""num_leaves"":63,""subsample"":0.8,""subsample_freq"":0}",0.24,0.23,0.43374840687221666,0.008022670307248313,0.6073029971965409,"{""coef"":1.0907278104334697,""intercept"":0.1696779547516477,""kind"":""platt"",""n_fit"":115412,""positives_fit"":20355}",0,0.4341846808574157,0.43769605471173195,44,2bd4f1adb13949edcd69c22aeb2e16985af36c09da05190bc8fe7058c7db5975,"{""inner_holdout_log_loss_abs_diff_recorded"":0.0,""none_threshold_equal_recorded"":true,""raw_valid_probs_max_abs_diff_recorded"":0.0,""raw_valid_probs_sha256_equal_recorded"":true,""recorded_source"":""baseline_recovery_v2_classifier_tuning_20261008_folds.csv""}",[],2.3447646999993594,10.004421300000104,13.455853700001171
1_lightgbm_tuned_fold3,1,lightgbm_tuned,3,platt_inner_holdout,platt,inner_holdout,144266,36066,115412,28854,"{""learning_rate"":0.03,""min_child_samples"":20,""n_estimators"":150,""num_leaves"":63,""subsample"":0.8,""subsample_freq"":0}",0.24,0.23,0.43368278881198635,0.0072902818000661965,0.6073580741120648,"{""coef"":1.1389404217033081,""intercept"":0.22856557919002635,""kind"":""platt"",""n_fit"":28854,""positives_fit"":5089}",0,0.4341846808574157,0.43769605471173195,44,3d0913eaea82a4254f30344e7cc3628a78b9c8382c7735220f53cc1f40044cc0,"{""inner_holdout_log_loss_abs_diff_recorded"":0.0,""none_threshold_equal_recorded"":true,""raw_valid_probs_max_abs_diff_recorded"":0.0,""raw_valid_probs_sha256_equal_recorded"":true,""recorded_source"":""baseline_recovery_v2_classifier_tuning_20261008_folds.csv""}",[],2.3447646999993594,10.004421300000104,13.455853700001171
1_lightgbm_tuned_fold4,1,lightgbm_tuned,4,isotonic_crossfit,isotonic,inner_train_crossfit,144266,36066,115412,28854,"{""learning_rate"":0.03,""min_child_samples"":20,""n_estimators"":150,""num_leaves"":127,""subsample"":0.8,""subsample_freq"":0}",0.25,0.24,0.43521010066415783,0.011556622915418058,0.6044441276520959,"{""kind"":""isotonic"",""n_fit"":115412,""n_steps"":78,""positives_fit"":20355}",0,0.4352307848732947,0.43743156163418356,44,4e114731528f973eed2cf9ba11324dd0c7c9b161c1bacac968fb52c6b25bef37,"{""inner_holdout_log_loss_abs_diff_recorded"":0.0,""none_threshold_equal_recorded"":true,""raw_valid_probs_max_abs_diff_recorded"":0.0,""raw_valid_probs_sha256_equal_recorded"":true,""recorded_source"":""baseline_recovery_v2_classifier_tuning_20261008_folds.csv""}",[],2.4906599999994796,9.570361400001275,13.144821999998385
1_lightgbm_tuned_fold4,1,lightgbm_tuned,4,isotonic_inner_holdout,isotonic,inner_holdout,144266,36066,115412,28854,"{""learning_rate"":0.03,""min_child_samples"":20,""n_estimators"":150,""num_leaves"":127,""subsample"":0.8,""subsample_freq"":0}",0.24,0.24,0.43344299481601495,1.975462690448766e-09,0.6060687899615704,"{""kind"":""isotonic"",""n_fit"":28854,""n_steps"":47,""positives_fit"":5089}",73,0.4352307848732947,0.43743156163418356,44,66994c678dc9115a2958f41ec582255c09b9fd9e32848c10ce434f30c7dd5d28,"{""inner_holdout_log_loss_abs_diff_recorded"":0.0,""none_threshold_equal_recorded"":true,""raw_valid_probs_max_abs_diff_recorded"":0.0,""raw_valid_probs_sha256_equal_recorded"":true,""recorded_source"":""baseline_recovery_v2_classifier_tuning_20261008_folds.csv""}",[],2.4906599999994796,9.570361400001275,13.144821999998385
1_lightgbm_tuned_fold4,1,lightgbm_tuned,4,none,none,none,144266,36066,115412,28854,"{""learning_rate"":0.03,""min_child_samples"":20,""n_estimators"":150,""num_leaves"":127,""subsample"":0.8,""subsample_freq"":0}",0.24,0.24,0.4352307848732947,0.011891014552451415,0.6045345221462216,"{""kind"":""none"",""n_fit"":28854,""positives_fit"":5089}",0,0.4352307848732947,0.43743156163418356,44,0b5a9a736edd6f3476264c2c77169d2f4f03e9155a0ba4a5508b02be84c4e663,"{""inner_holdout_log_loss_abs_diff_recorded"":0.0,""none_threshold_equal_recorded"":true,""raw_valid_probs_max_abs_diff_recorded"":0.0,""raw_valid_probs_sha256_equal_recorded"":true,""recorded_source"":""baseline_recovery_v2_classifier_tuning_20261008_folds.csv""}",[],2.4906599999994796,9.570361400001275,13.144821999998385
1_lightgbm_tuned_fold4,1,lightgbm_tuned,4,platt_crossfit,platt,inner_train_crossfit,144266,36066,115412,28854,"{""learning_rate"":0.03,""min_child_samples"":20,""n_estimators"":150,""num_leaves"":127,""subsample"":0.8,""subsample_freq"":0}",0.25,0.24,0.43499334206873297,0.009209251272187888,0.6050919658297347,"{""coef"":1.076611168364161,""intercept"":0.1536587672847385,""kind"":""platt"",""n_fit"":115412,""positives_fit"":20355}",0,0.4352307848732947,0.43743156163418356,44,2a8b565061ee9f6a1e7389c9c44f9db18f5435702f05aec0381d2b870c9f59e0,"{""inner_holdout_log_loss_abs_diff_recorded"":0.0,""none_threshold_equal_recorded"":true,""raw_valid_probs_max_abs_diff_recorded"":0.0,""raw_valid_probs_sha256_equal_recorded"":true,""recorded_source"":""baseline_recovery_v2_classifier_tuning_20261008_folds.csv""}",[],2.4906599999994796,9.570361400001275,13.144821999998385
1_lightgbm_tuned_fold4,1,lightgbm_tuned,4,platt_inner_holdout,platt,inner_holdout,144266,36066,115412,28854,"{""learning_rate"":0.03,""min_child_samples"":20,""n_estimators"":150,""num_leaves"":127,""subsample"":0.8,""subsample_freq"":0}",0.25,0.24,0.4349788835190485,0.009131423230744609,0.6051220228988883,"{""coef"":1.0892272049143077,""intercept"":0.15967271839455421,""kind"":""platt"",""n_fit"":28854,""positives_fit"":5089}",0,0.4352307848732947,0.43743156163418356,44,0dbab5df183322fde098e876303f384599a6532ea4c83c47b2400f07f76facc0,"{""inner_holdout_log_loss_abs_diff_recorded"":0.0,""none_threshold_equal_recorded"":true,""raw_valid_probs_max_abs_diff_recorded"":0.0,""raw_valid_probs_sha256_equal_recorded"":true,""recorded_source"":""baseline_recovery_v2_classifier_tuning_20261008_folds.csv""}",[],2.4906599999994796,9.570361400001275,13.144821999998385
1_lightgbm_tuned_fold5,1,lightgbm_tuned,5,isotonic_crossfit,isotonic,inner_train_crossfit,144266,36066,115412,28854,"{""learning_rate"":0.03,""min_child_samples"":20,""n_estimators"":150,""num_leaves"":63,""subsample"":0.8,""subsample_freq"":0}",0.24,0.23,0.43584434725264803,0.006948847045657003,0.6025344627868839,"{""kind"":""isotonic"",""n_fit"":115412,""n_steps"":77,""positives_fit"":20355}",0,0.43604199381743225,0.4366312239148532,44,a1eb8a8db2fbf4cacdf86d3b1309d6c2b89f048f21d5f9b7f3ceea8bcd7b47ee,"{""inner_holdout_log_loss_abs_diff_recorded"":5.551115123125783e-17,""none_threshold_equal_recorded"":true,""raw_valid_probs_max_abs_diff_recorded"":0.0,""raw_valid_probs_sha256_equal_recorded"":true,""recorded_source"":""baseline_recovery_v2_classifier_tuning_20261008_folds.csv""}",[],2.3076696999996784,9.211176800003159,12.589203600000474
1_lightgbm_tuned_fold5,1,lightgbm_tuned,5,isotonic_inner_holdout,isotonic,inner_holdout,144266,36066,115412,28854,"{""learning_rate"":0.03,""min_child_samples"":20,""n_estimators"":150,""num_leaves"":63,""subsample"":0.8,""subsample_freq"":0}",0.25,0.23,0.4345184189199707,2.0101199285957405e-09,0.6032785027728861,"{""kind"":""isotonic"",""n_fit"":28854,""n_steps"":58,""positives_fit"":5089}",79,0.43604199381743225,0.4366312239148532,44,31ca1cd40c7b46cc157428e9f78acf6bf02858a71ce1fba3bcc99dc5a6b808e1,"{""inner_holdout_log_loss_abs_diff_recorded"":5.551115123125783e-17,""none_threshold_equal_recorded"":true,""raw_valid_probs_max_abs_diff_recorded"":0.0,""raw_valid_probs_sha256_equal_recorded"":true,""recorded_source"":""baseline_recovery_v2_classifier_tuning_20261008_folds.csv""}",[],2.3076696999996784,9.211176800003159,12.589203600000474
1_lightgbm_tuned_fold5,1,lightgbm_tuned,5,none,none,none,144266,36066,115412,28854,"{""learning_rate"":0.03,""min_child_samples"":20,""n_estimators"":150,""num_leaves"":63,""subsample"":0.8,""subsample_freq"":0}",0.23,0.23,0.43604199381743225,0.009434790222708591,0.6025141344943792,"{""kind"":""none"",""n_fit"":28854,""positives_fit"":5089}",0,0.43604199381743225,0.4366312239148532,44,6351ed1383d087ef973eb3a781dcb5e5cd86d9c3fab8d1eb4638fc189803525c,"{""inner_holdout_log_loss_abs_diff_recorded"":5.551115123125783e-17,""none_threshold_equal_recorded"":true,""raw_valid_probs_max_abs_diff_recorded"":0.0,""raw_valid_probs_sha256_equal_recorded"":true,""recorded_source"":""baseline_recovery_v2_classifier_tuning_20261008_folds.csv""}",[],2.3076696999996784,9.211176800003159,12.589203600000474
1_lightgbm_tuned_fold5,1,lightgbm_tuned,5,platt_crossfit,platt,inner_train_crossfit,144266,36066,115412,28854,"{""learning_rate"":0.03,""min_child_samples"":20,""n_estimators"":150,""num_leaves"":63,""subsample"":0.8,""subsample_freq"":0}",0.24,0.23,0.4357624614005634,0.0056341243551301535,0.6030839134796484,"{""coef"":1.0991547463200686,""intercept"":0.1820117122795145,""kind"":""platt"",""n_fit"":115412,""positives_fit"":20355}",0,0.43604199381743225,0.4366312239148532,44,0b86ab5e59db020c0a3fb1ceb5b685db1abb0638818709ccd57f0aaeb2ea2175,"{""inner_holdout_log_loss_abs_diff_recorded"":5.551115123125783e-17,""none_threshold_equal_recorded"":true,""raw_valid_probs_max_abs_diff_recorded"":0.0,""raw_valid_probs_sha256_equal_recorded"":true,""recorded_source"":""baseline_recovery_v2_classifier_tuning_20261008_folds.csv""}",[],2.3076696999996784,9.211176800003159,12.589203600000474
1_lightgbm_tuned_fold5,1,lightgbm_tuned,5,platt_inner_holdout,platt,inner_holdout,144266,36066,115412,28854,"{""learning_rate"":0.03,""min_child_samples"":20,""n_estimators"":150,""num_leaves"":63,""subsample"":0.8,""subsample_freq"":0}",0.24,0.23,0.43575360498901533,0.005534686129966494,0.6018475972781657,"{""coef"":1.1017634125256508,""intercept"":0.1746954356570785,""kind"":""platt"",""n_fit"":28854,""positives_fit"":5089}",0,0.43604199381743225,0.4366312239148532,44,b2443d4ce8d4488fe93adc33e0f958df3af8388cdd2985403cce7d8492d152d6,"{""inner_holdout_log_loss_abs_diff_recorded"":5.551115123125783e-17,""none_threshold_equal_recorded"":true,""raw_valid_probs_max_abs_diff_recorded"":0.0,""raw_valid_probs_sha256_equal_recorded"":true,""recorded_source"":""baseline_recovery_v2_classifier_tuning_20261008_folds.csv""}",[],2.3076696999996784,9.211176800003159,12.589203600000474
1_logistic_regression_fold1,1,logistic_regression,1,isotonic_crossfit,isotonic,inner_train_crossfit,144265,36067,115412,28853,"{""C"":0.01}",0.26,0.25,0.43791946814331884,0.005997826797762183,0.5973819734451644,"{""kind"":""isotonic"",""n_fit"":115412,""n_steps"":76,""positives_fit"":20355}",1,0.43737008376361136,0.43800214336554577,44,16486374272a156ca7a784df009f34dfc4cb72ed45cbf1789653ea31e6574ed6,"{""inner_holdout_log_loss_abs_diff_recorded"":8.326672684688674e-16,""none_threshold_equal_recorded"":true,""raw_valid_probs_max_abs_diff_recorded"":null,""raw_valid_probs_sha256_equal_recorded"":null,""recorded_source"":""baseline_recovery_v2_classifier_compare_20261008_folds.csv""}",[],2.0108833000012964,7.000628699999652,10.008474499998556
1_logistic_regression_fold1,1,logistic_regression,1,isotonic_inner_holdout,isotonic,inner_holdout,144265,36067,115412,28853,"{""C"":0.01}",0.24,0.25,0.4361291593229964,3.8124286305435153e-10,0.5976391898511382,"{""kind"":""isotonic"",""n_fit"":28853,""n_steps"":46,""positives_fit"":5089}",14,0.43737008376361136,0.43800214336554577,44,53650826fd974dac409a216f63c0248d27aeede4672c7cbf1b37f7ac524c38fb,"{""inner_holdout_log_loss_abs_diff_recorded"":8.326672684688674e-16,""none_threshold_equal_recorded"":true,""raw_valid_probs_max_abs_diff_recorded"":null,""raw_valid_probs_sha256_equal_recorded"":null,""recorded_source"":""baseline_recovery_v2_classifier_compare_20261008_folds.csv""}",[],2.0108833000012964,7.000628699999652,10.008474499998556
1_logistic_regression_fold1,1,logistic_regression,1,none,none,none,144265,36067,115412,28853,"{""C"":0.01}",0.25,0.25,0.43737008376361136,0.007190759143910762,0.5971304518386542,"{""kind"":""none"",""n_fit"":28853,""positives_fit"":5089}",0,0.43737008376361136,0.43800214336554577,44,0c3500df07e965a60430decdf77aac9affccd304f0f408bb76174c87c5c60a96,"{""inner_holdout_log_loss_abs_diff_recorded"":8.326672684688674e-16,""none_threshold_equal_recorded"":true,""raw_valid_probs_max_abs_diff_recorded"":null,""raw_valid_probs_sha256_equal_recorded"":null,""recorded_source"":""baseline_recovery_v2_classifier_compare_20261008_folds.csv""}",[],2.0108833000012964,7.000628699999652,10.008474499998556
1_logistic_regression_fold1,1,logistic_regression,1,platt_crossfit,platt,inner_train_crossfit,144265,36067,115412,28853,"{""C"":0.01}",0.26,0.25,0.4373677974549356,0.007108466657854787,0.5966585314335651,"{""coef"":1.0109854612537204,""intercept"":0.015480053494666681,""kind"":""platt"",""n_fit"":115412,""positives_fit"":20355}",0,0.43737008376361136,0.43800214336554577,44,9a527425e3c1c810d015c70a1ef1c9d076bd0d3c02af86e02655348b980a80e9,"{""inner_holdout_log_loss_abs_diff_recorded"":8.326672684688674e-16,""none_threshold_equal_recorded"":true,""raw_valid_probs_max_abs_diff_recorded"":null,""raw_valid_probs_sha256_equal_recorded"":null,""recorded_source"":""baseline_recovery_v2_classifier_compare_20261008_folds.csv""}",[],2.0108833000012964,7.000628699999652,10.008474499998556
1_logistic_regression_fold1,1,logistic_regression,1,platt_inner_holdout,platt,inner_holdout,144265,36067,115412,28853,"{""C"":0.01}",0.25,0.25,0.437367358760343,0.007076753058316818,0.5969917884377325,"{""coef"":1.0089505453858378,""intercept"":0.01018893135526468,""kind"":""platt"",""n_fit"":28853,""positives_fit"":5089}",0,0.43737008376361136,0.43800214336554577,44,c1e4b47d86cef7501802e02a6c9a7b03c3f7134f194d9992b3961fe87c7554eb,"{""inner_holdout_log_loss_abs_diff_recorded"":8.326672684688674e-16,""none_threshold_equal_recorded"":true,""raw_valid_probs_max_abs_diff_recorded"":null,""raw_valid_probs_sha256_equal_recorded"":null,""recorded_source"":""baseline_recovery_v2_classifier_compare_20261008_folds.csv""}",[],2.0108833000012964,7.000628699999652,10.008474499998556
1_logistic_regression_fold2,1,logistic_regression,2,isotonic_crossfit,isotonic,inner_train_crossfit,144265,36067,115412,28853,"{""C"":0.1}",0.25,0.26,0.4343700778380749,0.009382174343192036,0.6025378023441927,"{""kind"":""isotonic"",""n_fit"":115412,""n_steps"":64,""positives_fit"":20355}",4,0.4343793788990111,0.4373076958940673,44,27e7995124cbea0a36568ee2853a5ffde9a5cd3a595ec936d247ec983ff1a5bd,"{""inner_holdout_log_loss_abs_diff_recorded"":3.3059710524696584e-09,""none_threshold_equal_recorded"":true,""raw_valid_probs_max_abs_diff_recorded"":null,""raw_valid_probs_sha256_equal_recorded"":null,""recorded_source"":""baseline_recovery_v2_classifier_compare_20261008_folds.csv""}",[],3.062674500000867,10.234842600002594,14.332288400000834
1_logistic_regression_fold2,1,logistic_regression,2,isotonic_inner_holdout,isotonic,inner_holdout,144265,36067,115412,28853,"{""C"":0.1}",0.24,0.26,0.4329761213701854,2.7726754413709257e-10,0.6035840994017269,"{""kind"":""isotonic"",""n_fit"":28853,""n_steps"":41,""positives_fit"":5089}",3,0.4343793788990111,0.4373076958940673,44,0d81d7a0991e29d2e8598bc6971eecaa98b77e91c4213210d3d03d5521eaff11,"{""inner_holdout_log_loss_abs_diff_recorded"":3.3059710524696584e-09,""none_threshold_equal_recorded"":true,""raw_valid_probs_max_abs_diff_recorded"":null,""raw_valid_probs_sha256_equal_recorded"":null,""recorded_source"":""baseline_recovery_v2_classifier_compare_20261008_folds.csv""}",[],3.062674500000867,10.234842600002594,14.332288400000834
1_logistic_regression_fold2,1,logistic_regression,2,none,none,none,144265,36067,115412,28853,"{""C"":0.1}",0.26,0.26,0.4343793788990111,0.00922537639325378,0.6030741325582967,"{""kind"":""none"",""n_fit"":28853,""positives_fit"":5089}",0,0.4343793788990111,0.4373076958940673,44,19c52e6736e1d4ab5c2260fd3f24c587cd3a1fa8c9199149c21b0720429612ef,"{""inner_holdout_log_loss_abs_diff_recorded"":3.3059710524696584e-09,""none_threshold_equal_recorded"":true,""raw_valid_probs_max_abs_diff_recorded"":null,""raw_valid_probs_sha256_equal_recorded"":null,""recorded_source"":""baseline_recovery_v2_classifier_compare_20261008_folds.csv""}",[],3.062674500000867,10.234842600002594,14.332288400000834
1_logistic_regression_fold2,1,logistic_regression,2,platt_crossfit,platt,inner_train_crossfit,144265,36067,115412,28853,"{""C"":0.1}",0.25,0.26,0.4344064649502608,0.00951112129091806,0.6028525354969086,"{""coef"":0.9895593394566793,""intercept"":-0.014950561740239465,""kind"":""platt"",""n_fit"":115412,""positives_fit"":20355}",0,0.4343793788990111,0.4373076958940673,44,40700bafc448a129664cb88c9ec7a18aa8351d805b06a9c09bf858bc66515667,"{""inner_holdout_log_loss_abs_diff_recorded"":3.3059710524696584e-09,""none_threshold_equal_recorded"":true,""raw_valid_probs_max_abs_diff_recorded"":null,""raw_valid_probs_sha256_equal_recorded"":null,""recorded_source"":""baseline_recovery_v2_classifier_compare_20261008_folds.csv""}",[],3.062674500000867,10.234842600002594,14.332288400000834
1_logistic_regression_fold2,1,logistic_regression,2,platt_inner_holdout,platt,inner_holdout,144265,36067,115412,28853,"{""C"":0.1}",0.26,0.26,0.43432764365633103,0.00860666174268294,0.6023838439428061,"{""coef"":1.04425438123493,""intercept"":0.06257039756091708,""kind"":""platt"",""n_fit"":28853,""positives_fit"":5089}",0,0.4343793788990111,0.4373076958940673,44,4612594061e93867bef257fbeb3d252ea7e83ac9233fc340ec7afbfa345bf419,"{""inner_holdout_log_loss_abs_diff_recorded"":3.3059710524696584e-09,""none_threshold_equal_recorded"":true,""raw_valid_probs_max_abs_diff_recorded"":null,""raw_valid_probs_sha256_equal_recorded"":null,""recorded_source"":""baseline_recovery_v2_classifier_compare_20261008_folds.csv""}",[],3.062674500000867,10.234842600002594,14.332288400000834
1_logistic_regression_fold3,1,logistic_regression,3,isotonic_crossfit,isotonic,inner_train_crossfit,144266,36066,115412,28854,"{""C"":0.1}",0.24,0.26,0.43401085379924126,0.0053405385064967574,0.6056887666184025,"{""kind"":""isotonic"",""n_fit"":115412,""n_steps"":72,""positives_fit"":20355}",18,0.4338744087773108,0.43798234330908703,44,c5bc473cf712e9712c7a12164443691a54059da3f63850e2f0529b2ca25f56e7,"{""inner_holdout_log_loss_abs_diff_recorded"":2.341166532859873e-08,""none_threshold_equal_recorded"":true,""raw_valid_probs_max_abs_diff_recorded"":null,""raw_valid_probs_sha256_equal_recorded"":null,""recorded_source"":""baseline_recovery_v2_classifier_compare_20261008_folds.csv""}",[],2.5232562999990478,10.077857899999799,13.666141000001517
1_logistic_regression_fold3,1,logistic_regression,3,isotonic_inner_holdout,isotonic,inner_holdout,144266,36066,115412,28854,"{""C"":0.1}",0.25,0.26,0.43236541694067615,7.971165296185837e-10,0.6058998205772576,"{""kind"":""isotonic"",""n_fit"":28854,""n_steps"":49,""positives_fit"":5089}",40,0.4338744087773108,0.43798234330908703,44,bc1b49fb8de1ab19a4cd82de340b198c85f00ed4cf28103f3ac054e541a2b656,"{""inner_holdout_log_loss_abs_diff_recorded"":2.341166532859873e-08,""none_threshold_equal_recorded"":true,""raw_valid_probs_max_abs_diff_recorded"":null,""raw_valid_probs_sha256_equal_recorded"":null,""recorded_source"":""baseline_recovery_v2_classifier_compare_20261008_folds.csv""}",[],2.5232562999990478,10.077857899999799,13.666141000001517
1_logistic_regression_fold3,1,logistic_regression,3,none,none,none,144266,36066,115412,28854,"{""C"":0.1}",0.26,0.26,0.4338744087773108,0.009527369889828394,0.6052979226953065,"{""kind"":""none"",""n_fit"":28854,""positives_fit"":5089}",0,0.4338744087773108,0.43798234330908703,44,2ff5c37f8cac33bd4baae943afa4f98b096af34dd01b2dceb39b471e49760db6,"{""inner_holdout_log_loss_abs_diff_recorded"":2.341166532859873e-08,""none_threshold_equal_recorded"":true,""raw_valid_probs_max_abs_diff_recorded"":null,""raw_valid_probs_sha256_equal_recorded"":null,""recorded_source"":""baseline_recovery_v2_classifier_compare_20261008_folds.csv""}",[],2.5232562999990478,10.077857899999799,13.666141000001517
1_logistic_regression_fold3,1,logistic_regression,3,platt_crossfit,platt,inner_train_crossfit,144266,36066,115412,28854,"{""C"":0.1}",0.26,0.26,0.4339079666808744,0.009831905029132395,0.6054982686980805,"{""coef"":0.9903747159296546,""intercept"":-0.013868959015239794,""kind"":""platt"",""n_fit"":115412,""positives_fit"":20355}",0,0.4338744087773108,0.43798234330908703,44,52791e475123941eac3de636ac612bbfe46f6272e881d1809e033400cfa93941,"{""inner_holdout_log_loss_abs_diff_recorded"":2.341166532859873e-08,""none_threshold_equal_recorded"":true,""raw_valid_probs_max_abs_diff_recorded"":null,""raw_valid_probs_sha256_equal_recorded"":null,""recorded_source"":""baseline_recovery_v2_classifier_compare_20261008_folds.csv""}",[],2.5232562999990478,10.077857899999799,13.666141000001517
1_logistic_regression_fold3,1,logistic_regression,3,platt_inner_holdout,platt,inner_holdout,144266,36066,115412,28854,"{""C"":0.1}",0.25,0.26,0.4337703689299655,0.007550540244315703,0.6057212572248107,"{""coef"":1.0625207153190346,""intercept"":0.08451537934757791,""kind"":""platt"",""n_fit"":28854,""positives_fit"":5089}",0,0.4338744087773108,0.43798234330908703,44,a7f8a2ce4117b6ab5d11f4307bcb4a4e591f6afed473550ac09c76f8da0b09ac,"{""inner_holdout_log_loss_abs_diff_recorded"":2.341166532859873e-08,""none_threshold_equal_recorded"":true,""raw_valid_probs_max_abs_diff_recorded"":null,""raw_valid_probs_sha256_equal_recorded"":null,""recorded_source"":""baseline_recovery_v2_classifier_compare_20261008_folds.csv""}",[],2.5232562999990478,10.077857899999799,13.666141000001517
1_logistic_regression_fold4,1,logistic_regression,4,isotonic_crossfit,isotonic,inner_train_crossfit,144266,36066,115412,28854,"{""C"":0.1}",0.24,0.24,0.43644515443369886,0.006806959949771567,0.6024703903469157,"{""kind"":""isotonic"",""n_fit"":115412,""n_steps"":73,""positives_fit"":20355}",31,0.43651940858178184,0.43778340479238453,44,667f150c668f97fd25f4f7bd8ecb41d7df152223ab5077cb69c2b01863ddc99e,"{""inner_holdout_log_loss_abs_diff_recorded"":1.0200335021082196e-10,""none_threshold_equal_recorded"":true,""raw_valid_probs_max_abs_diff_recorded"":null,""raw_valid_probs_sha256_equal_recorded"":null,""recorded_source"":""baseline_recovery_v2_classifier_compare_20261008_folds.csv""}",[],2.784523399997852,9.428706700000475,13.304563500001677
1_logistic_regression_fold4,1,logistic_regression,4,isotonic_inner_holdout,isotonic,inner_holdout,144266,36066,115412,28854,"{""C"":0.1}",0.23,0.24,0.434903929958988,4.297497737947196e-09,0.6026030801236044,"{""kind"":""isotonic"",""n_fit"":28854,""n_steps"":40,""positives_fit"":5089}",175,0.43651940858178184,0.43778340479238453,44,13763c247090842aae1fa453b908ed7a0e01680ed1ea49d55bc325ff9b36e2f7,"{""inner_holdout_log_loss_abs_diff_recorded"":1.0200335021082196e-10,""none_threshold_equal_recorded"":true,""raw_valid_probs_max_abs_diff_recorded"":null,""raw_valid_probs_sha256_equal_recorded"":null,""recorded_source"":""baseline_recovery_v2_classifier_compare_20261008_folds.csv""}",[],2.784523399997852,9.428706700000475,13.304563500001677
1_logistic_regression_fold4,1,logistic_regression,4,none,none,none,144266,36066,115412,28854,"{""C"":0.1}",0.24,0.24,0.43651940858178184,0.008400148905504777,0.6018123825156746,"{""kind"":""none"",""n_fit"":28854,""positives_fit"":5089}",0,0.43651940858178184,0.43778340479238453,44,4f288eabf38623b4ddf7029550f4b50e0c27e361f5f8e7760779d49a0e3c17ec,"{""inner_holdout_log_loss_abs_diff_recorded"":1.0200335021082196e-10,""none_threshold_equal_recorded"":true,""raw_valid_probs_max_abs_diff_recorded"":null,""raw_valid_probs_sha256_equal_recorded"":null,""recorded_source"":""baseline_recovery_v2_classifier_compare_20261008_folds.csv""}",[],2.784523399997852,9.428706700000475,13.304563500001677
1_logistic_regression_fold4,1,logistic_regression,4,platt_crossfit,platt,inner_train_crossfit,144266,36066,115412,28854,"{""C"":0.1}",0.24,0.24,0.43652236205531453,0.008842457196453875,0.6019806138168118,"{""coef"":0.9875120252631725,""intercept"":-0.017601022498394986,""kind"":""platt"",""n_fit"":115412,""positives_fit"":20355}",0,0.43651940858178184,0.43778340479238453,44,24334b811780d1f6aa81260a50dc397766f2abefcb38440c26f7fd41425887c9,"{""inner_holdout_log_loss_abs_diff_recorded"":1.0200335021082196e-10,""none_threshold_equal_recorded"":true,""raw_valid_probs_max_abs_diff_recorded"":null,""raw_valid_probs_sha256_equal_recorded"":null,""recorded_source"":""baseline_recovery_v2_classifier_compare_20261008_folds.csv""}",[],2.784523399997852,9.428706700000475,13.304563500001677
1_logistic_regression_fold4,1,logistic_regression,4,platt_inner_holdout,platt,inner_holdout,144266,36066,115412,28854,"{""C"":0.1}",0.24,0.24,0.43651929870835043,0.0084769842136823,0.6018373593173763,"{""coef"":0.9983786633712421,""intercept"":-0.001749104087352119,""kind"":""platt"",""n_fit"":28854,""positives_fit"":5089}",0,0.43651940858178184,0.43778340479238453,44,d8e6c20edbba6e62a002c2246609ce60b84a6ad3ba89217153cfe2f4eb660142,"{""inner_holdout_log_loss_abs_diff_recorded"":1.0200335021082196e-10,""none_threshold_equal_recorded"":true,""raw_valid_probs_max_abs_diff_recorded"":null,""raw_valid_probs_sha256_equal_recorded"":null,""recorded_source"":""baseline_recovery_v2_classifier_compare_20261008_folds.csv""}",[],2.784523399997852,9.428706700000475,13.304563500001677
1_logistic_regression_fold5,1,logistic_regression,5,isotonic_crossfit,isotonic,inner_train_crossfit,144266,36066,115412,28854,"{""C"":0.01}",0.25,0.25,0.4378945214373806,0.008101814152202442,0.5932640810236511,"{""kind"":""isotonic"",""n_fit"":115412,""n_steps"":79,""positives_fit"":20355}",0,0.43766295916724657,0.4373757321467267,44,f0918fcc4003d77e58ebafd7210592a61bdf4b829041a97c10259252d50adb7c,"{""inner_holdout_log_loss_abs_diff_recorded"":1.6653345369377348e-16,""none_threshold_equal_recorded"":true,""raw_valid_probs_max_abs_diff_recorded"":null,""raw_valid_probs_sha256_equal_recorded"":null,""recorded_source"":""baseline_recovery_v2_classifier_compare_20261008_folds.csv""}",[],1.9871108000006643,6.908230500001082,9.799668600000587
1_logistic_regression_fold5,1,logistic_regression,5,isotonic_inner_holdout,isotonic,inner_holdout,144266,36066,115412,28854,"{""C"":0.01}",0.25,0.25,0.43645529433317004,1.2130034342685047e-09,0.5937908157683869,"{""kind"":""isotonic"",""n_fit"":28854,""n_steps"":48,""positives_fit"":5089}",35,0.43766295916724657,0.4373757321467267,44,afb4da5691a681ea7a198845051ff003086e88875d7707b5851746fd96b6810b,"{""inner_holdout_log_loss_abs_diff_recorded"":1.6653345369377348e-16,""none_threshold_equal_recorded"":true,""raw_valid_probs_max_abs_diff_recorded"":null,""raw_valid_probs_sha256_equal_recorded"":null,""recorded_source"":""baseline_recovery_v2_classifier_compare_20261008_folds.csv""}",[],1.9871108000006643,6.908230500001082,9.799668600000587
1_logistic_regression_fold5,1,logistic_regression,5,none,none,none,144266,36066,115412,28854,"{""C"":0.01}",0.25,0.25,0.43766295916724657,0.006962956024213946,0.5936708606034589,"{""kind"":""none"",""n_fit"":28854,""positives_fit"":5089}",0,0.43766295916724657,0.4373757321467267,44,ffbbc9ab074d75af2807cf17eecb51184d31cf119f7340e50ea32e35b3993871,"{""inner_holdout_log_loss_abs_diff_recorded"":1.6653345369377348e-16,""none_threshold_equal_recorded"":true,""raw_valid_probs_max_abs_diff_recorded"":null,""raw_valid_probs_sha256_equal_recorded"":null,""recorded_source"":""baseline_recovery_v2_classifier_compare_20261008_folds.csv""}",[],1.9871108000006643,6.908230500001082,9.799668600000587
1_logistic_regression_fold5,1,logistic_regression,5,platt_crossfit,platt,inner_train_crossfit,144266,36066,115412,28854,"{""C"":0.01}",0.25,0.25,0.43765650623842567,0.0066855370148653,0.593335595585671,"{""coef"":1.0170012772641968,""intercept"":0.024576637073580217,""kind"":""platt"",""n_fit"":115412,""positives_fit"":20355}",0,0.43766295916724657,0.4373757321467267,44,4454780d18dcfad8a40ab146bbe39a8acb13300a107ffbda306ffb88bd86cd30,"{""inner_holdout_log_loss_abs_diff_recorded"":1.6653345369377348e-16,""none_threshold_equal_recorded"":true,""raw_valid_probs_max_abs_diff_recorded"":null,""raw_valid_probs_sha256_equal_recorded"":null,""recorded_source"":""baseline_recovery_v2_classifier_compare_20261008_folds.csv""}",[],1.9871108000006643,6.908230500001082,9.799668600000587
1_logistic_regression_fold5,1,logistic_regression,5,platt_inner_holdout,platt,inner_holdout,144266,36066,115412,28854,"{""C"":0.01}",0.25,0.25,0.43765561545246434,0.006755882934916368,0.5934660113682554,"{""coef"":1.0158087068592359,""intercept"":0.019277874197943336,""kind"":""platt"",""n_fit"":28854,""positives_fit"":5089}",0,0.43766295916724657,0.4373757321467267,44,3c187b288e447e3c297882d04e160e632f6b19acdf2260d8c5c65b27c1afe3f6,"{""inner_holdout_log_loss_abs_diff_recorded"":1.6653345369377348e-16,""none_threshold_equal_recorded"":true,""raw_valid_probs_max_abs_diff_recorded"":null,""raw_valid_probs_sha256_equal_recorded"":null,""recorded_source"":""baseline_recovery_v2_classifier_compare_20261008_folds.csv""}",[],1.9871108000006643,6.908230500001082,9.799668600000587
1_random_forest_tuned_fold1,1,random_forest_tuned,1,isotonic_crossfit,isotonic,inner_train_crossfit,144265,36067,115412,28853,"{""max_features"":0.5,""min_samples_leaf"":25}",0.26,0.25,0.4313377667338396,0.007356089716018553,0.6070425398443622,"{""kind"":""isotonic"",""n_fit"":115412,""n_steps"":83,""positives_fit"":20355}",0,0.431492220702677,0.4331742986273798,44,cb55af27e82cc106b1e52fecf2c67b916dd21db7ab84d467a276600183b32cdd,"{""inner_holdout_log_loss_abs_diff_recorded"":0.0,""none_threshold_equal_recorded"":true,""raw_valid_probs_max_abs_diff_recorded"":2.220446049250313e-16,""raw_valid_probs_sha256_equal_recorded"":false,""recorded_source"":""baseline_recovery_v2_classifier_tuning_20261008_folds.csv""}",[],50.637809100000595,196.4214013000019,248.31272570000147
1_random_forest_tuned_fold1,1,random_forest_tuned,1,isotonic_inner_holdout,isotonic,inner_holdout,144265,36067,115412,28853,"{""max_features"":0.5,""min_samples_leaf"":25}",0.24,0.25,0.42986953749219614,3.4658441020812733e-10,0.6089888956009761,"{""kind"":""isotonic"",""n_fit"":28853,""n_steps"":51,""positives_fit"":5089}",13,0.431492220702677,0.4331742986273798,44,94541085d07298d40223d24532db3420c64c560819b9a94a0703c894a8cf63a8,"{""inner_holdout_log_loss_abs_diff_recorded"":0.0,""none_threshold_equal_recorded"":true,""raw_valid_probs_max_abs_diff_recorded"":2.220446049250313e-16,""raw_valid_probs_sha256_equal_recorded"":false,""recorded_source"":""baseline_recovery_v2_classifier_tuning_20261008_folds.csv""}",[],50.637809100000595,196.4214013000019,248.31272570000147
1_random_forest_tuned_fold1,1,random_forest_tuned,1,none,none,none,144265,36067,115412,28853,"{""max_features"":0.5,""min_samples_leaf"":25}",0.25,0.25,0.431492220702677,0.007901572085668754,0.6084605368095541,"{""kind"":""none"",""n_fit"":28853,""positives_fit"":5089}",0,0.431492220702677,0.4331742986273798,44,ba4bbbb5cfa493fb9b0df090d6579ec5ca128adf8efc380a9d0f016d3a80afeb,"{""inner_holdout_log_loss_abs_diff_recorded"":0.0,""none_threshold_equal_recorded"":true,""raw_valid_probs_max_abs_diff_recorded"":2.220446049250313e-16,""raw_valid_probs_sha256_equal_recorded"":false,""recorded_source"":""baseline_recovery_v2_classifier_tuning_20261008_folds.csv""}",[],50.637809100000595,196.4214013000019,248.31272570000147
1_random_forest_tuned_fold1,1,random_forest_tuned,1,platt_crossfit,platt,inner_train_crossfit,144265,36067,115412,28853,"{""max_features"":0.5,""min_samples_leaf"":25}",0.25,0.25,0.43135889239742964,0.007013177113549814,0.608539316585945,"{""coef"":1.0481220576328583,""intercept"":0.06111251287885013,""kind"":""platt"",""n_fit"":115412,""positives_fit"":20355}",0,0.431492220702677,0.4331742986273798,44,92afed6e9faab3da4cf019d211be24bd5d0f89b69ceae5589a776d7583b6688a,"{""inner_holdout_log_loss_abs_diff_recorded"":0.0,""none_threshold_equal_recorded"":true,""raw_valid_probs_max_abs_diff_recorded"":2.220446049250313e-16,""raw_valid_probs_sha256_equal_recorded"":false,""recorded_source"":""baseline_recovery_v2_classifier_tuning_20261008_folds.csv""}",[],50.637809100000595,196.4214013000019,248.31272570000147
1_random_forest_tuned_fold1,1,random_forest_tuned,1,platt_inner_holdout,platt,inner_holdout,144265,36067,115412,28853,"{""max_features"":0.5,""min_samples_leaf"":25}",0.25,0.25,0.4313408772838926,0.007148704482971288,0.6085217500740662,"{""coef"":1.0718287792339445,""intercept"":0.08948445631609749,""kind"":""platt"",""n_fit"":28853,""positives_fit"":5089}",0,0.431492220702677,0.4331742986273798,44,c205fc6bbbebe1b63199425a9676e1dd120654eae334fb08152e59cfb14089ef,"{""inner_holdout_log_loss_abs_diff_recorded"":0.0,""none_threshold_equal_recorded"":true,""raw_valid_probs_max_abs_diff_recorded"":2.220446049250313e-16,""raw_valid_probs_sha256_equal_recorded"":false,""recorded_source"":""baseline_recovery_v2_classifier_tuning_20261008_folds.csv""}",[],50.637809100000595,196.4214013000019,248.31272570000147
1_random_forest_tuned_fold2,1,random_forest_tuned,2,isotonic_crossfit,isotonic,inner_train_crossfit,144265,36067,115412,28853,"{""max_features"":0.7,""min_samples_leaf"":25}",0.27,0.25,0.4302262370383664,0.0065327251768237,0.6152549759141164,"{""kind"":""isotonic"",""n_fit"":115412,""n_steps"":72,""positives_fit"":20355}",21,0.4293550285437176,0.43241586566635043,44,64690086ecfa6ddbf87ff6c1e950065e8e44d87e98e85b7954b67447ed8c5622,"{""inner_holdout_log_loss_abs_diff_recorded"":0.0,""none_threshold_equal_recorded"":true,""raw_valid_probs_max_abs_diff_recorded"":2.220446049250313e-16,""raw_valid_probs_sha256_equal_recorded"":false,""recorded_source"":""baseline_recovery_v2_classifier_tuning_20261008_folds.csv""}",[],67.35749299999952,262.8950764000001,331.31089189999693
1_random_forest_tuned_fold2,1,random_forest_tuned,2,isotonic_inner_holdout,isotonic,inner_holdout,144265,36067,115412,28853,"{""max_features"":0.7,""min_samples_leaf"":25}",0.25,0.25,0.42780301289220046,9.704363645045276e-10,0.615375203899726,"{""kind"":""isotonic"",""n_fit"":28853,""n_steps"":47,""positives_fit"":5089}",26,0.4293550285437176,0.43241586566635043,44,2281bef8116b5bd66967e5c568a0ac35130dc594b1b0d33479165dfdf9474425,"{""inner_holdout_log_loss_abs_diff_recorded"":0.0,""none_threshold_equal_recorded"":true,""raw_valid_probs_max_abs_diff_recorded"":2.220446049250313e-16,""raw_valid_probs_sha256_equal_recorded"":false,""recorded_source"":""baseline_recovery_v2_classifier_tuning_20261008_folds.csv""}",[],67.35749299999952,262.8950764000001,331.31089189999693
1_random_forest_tuned_fold2,1,random_forest_tuned,2,none,none,none,144265,36067,115412,28853,"{""max_features"":0.7,""min_samples_leaf"":25}",0.25,0.25,0.4293550285437176,0.010120851930484705,0.6135853341654527,"{""kind"":""none"",""n_fit"":28853,""positives_fit"":5089}",0,0.4293550285437176,0.43241586566635043,44,f9f2948820c3152e0c5a86964801d2e3bc4df9e0787b310fd8930bd03ea156a9,"{""inner_holdout_log_loss_abs_diff_recorded"":0.0,""none_threshold_equal_recorded"":true,""raw_valid_probs_max_abs_diff_recorded"":2.220446049250313e-16,""raw_valid_probs_sha256_equal_recorded"":false,""recorded_source"":""baseline_recovery_v2_classifier_tuning_20261008_folds.csv""}",[],67.35749299999952,262.8950764000001,331.31089189999693
1_random_forest_tuned_fold2,1,random_forest_tuned,2,platt_crossfit,platt,inner_train_crossfit,144265,36067,115412,28853,"{""max_features"":0.7,""min_samples_leaf"":25}",0.25,0.25,0.4292789553984916,0.009113175838803207,0.6137908746602164,"{""coef"":1.025363184865321,""intercept"":0.027340029940221878,""kind"":""platt"",""n_fit"":115412,""positives_fit"":20355}",0,0.4293550285437176,0.43241586566635043,44,8316d03bb77a46a1101d0de583cd0790d20e3a9fafeacf14dae544eeb434c10e,"{""inner_holdout_log_loss_abs_diff_recorded"":0.0,""none_threshold_equal_recorded"":true,""raw_valid_probs_max_abs_diff_recorded"":2.220446049250313e-16,""raw_valid_probs_sha256_equal_recorded"":false,""recorded_source"":""baseline_recovery_v2_classifier_tuning_20261008_folds.csv""}",[],67.35749299999952,262.8950764000001,331.31089189999693
1_random_forest_tuned_fold2,1,random_forest_tuned,2,platt_inner_holdout,platt,inner_holdout,144265,36067,115412,28853,"{""max_features"":0.7,""min_samples_leaf"":25}",0.25,0.25,0.4292420405047722,0.00830347956738638,0.6140404613877255,"{""coef"":1.0601404342122587,""intercept"":0.07510896494668759,""kind"":""platt"",""n_fit"":28853,""positives_fit"":5089}",0,0.4293550285437176,0.43241586566635043,44,df2adc808d0b77411a340cb3e47c9ac481e455f3498b9cee098a085d0d9bd7c0,"{""inner_holdout_log_loss_abs_diff_recorded"":0.0,""none_threshold_equal_recorded"":true,""raw_valid_probs_max_abs_diff_recorded"":2.220446049250313e-16,""raw_valid_probs_sha256_equal_recorded"":false,""recorded_source"":""baseline_recovery_v2_classifier_tuning_20261008_folds.csv""}",[],67.35749299999952,262.8950764000001,331.31089189999693
1_random_forest_tuned_fold3,1,random_forest_tuned,3,isotonic_crossfit,isotonic,inner_train_crossfit,144266,36066,115412,28854,"{""max_features"":0.7,""min_samples_leaf"":25}",0.27,0.25,0.4286546511603333,0.007231320878969795,0.6162979884555665,"{""kind"":""isotonic"",""n_fit"":115412,""n_steps"":80,""positives_fit"":20355}",14,0.4287886532564291,0.432618005820435,44,403fe19d86992dcfe118553e9f95ff3728ab4437e2105a8aab3039e44d35c947,"{""inner_holdout_log_loss_abs_diff_recorded"":0.0,""none_threshold_equal_recorded"":true,""raw_valid_probs_max_abs_diff_recorded"":2.220446049250313e-16,""raw_valid_probs_sha256_equal_recorded"":false,""recorded_source"":""baseline_recovery_v2_classifier_tuning_20261008_folds.csv""}",[],68.856841599998,268.217627500002,338.15778469999714
1_random_forest_tuned_fold3,1,random_forest_tuned,3,isotonic_inner_holdout,isotonic,inner_holdout,144266,36066,115412,28854,"{""max_features"":0.7,""min_samples_leaf"":25}",0.26,0.25,0.4269909377579258,8.317737825889244e-10,0.6166762939360625,"{""kind"":""isotonic"",""n_fit"":28854,""n_steps"":47,""positives_fit"":5089}",35,0.4287886532564291,0.432618005820435,44,de912e06ff4e8e9c9150aa98b68db5da6b60e2766bda26ed53d8865dd52a55a4,"{""inner_holdout_log_loss_abs_diff_recorded"":0.0,""none_threshold_equal_recorded"":true,""raw_valid_probs_max_abs_diff_recorded"":2.220446049250313e-16,""raw_valid_probs_sha256_equal_recorded"":false,""recorded_source"":""baseline_recovery_v2_classifier_tuning_20261008_folds.csv""}",[],68.856841599998,268.217627500002,338.15778469999714
1_random_forest_tuned_fold3,1,random_forest_tuned,3,none,none,none,144266,36066,115412,28854,"{""max_features"":0.7,""min_samples_leaf"":25}",0.25,0.25,0.4287886532564291,0.011285740118890886,0.6163202639530231,"{""kind"":""none"",""n_fit"":28854,""positives_fit"":5089}",0,0.4287886532564291,0.432618005820435,44,124c1e3c6bd56d899f414e622752e8e283572c207859c1e7f554f2314eac9577,"{""inner_holdout_log_loss_abs_diff_recorded"":0.0,""none_threshold_equal_recorded"":true,""raw_valid_probs_max_abs_diff_recorded"":2.220446049250313e-16,""raw_valid_probs_sha256_equal_recorded"":false,""recorded_source"":""baseline_recovery_v2_classifier_tuning_20261008_folds.csv""}",[],68.856841599998,268.217627500002,338.15778469999714
1_random_forest_tuned_fold3,1,random_forest_tuned,3,platt_crossfit,platt,inner_train_crossfit,144266,36066,115412,28854,"{""max_features"":0.7,""min_samples_leaf"":25}",0.25,0.25,0.4286779954664852,0.010139829387031143,0.6162965314627522,"{""coef"":1.0289256110747818,""intercept"":0.03130400876474972,""kind"":""platt"",""n_fit"":115412,""positives_fit"":20355}",0,0.4287886532564291,0.432618005820435,44,53da0146abb1016ad8c1836191f20caeed2c39e92f0518ffd7b6d144eb5e6f16,"{""inner_holdout_log_loss_abs_diff_recorded"":0.0,""none_threshold_equal_recorded"":true,""raw_valid_probs_max_abs_diff_recorded"":2.220446049250313e-16,""raw_valid_probs_sha256_equal_recorded"":false,""recorded_source"":""baseline_recovery_v2_classifier_tuning_20261008_folds.csv""}",[],68.856841599998,268.217627500002,338.15778469999714
1_random_forest_tuned_fold3,1,random_forest_tuned,3,platt_inner_holdout,platt,inner_holdout,144266,36066,115412,28854,"{""max_features"":0.7,""min_samples_leaf"":25}",0.25,0.25,0.4286177431595639,0.009172500479757683,0.6158711564971217,"{""coef"":1.0730793441785011,""intercept"":0.08680579192371427,""kind"":""platt"",""n_fit"":28854,""positives_fit"":5089}",0,0.4287886532564291,0.432618005820435,44,fa27ddc1af5e3f37126e8e410bc455a128a4eea907d65d43ac323b0bd3728538,"{""inner_holdout_log_loss_abs_diff_recorded"":0.0,""none_threshold_equal_recorded"":true,""raw_valid_probs_max_abs_diff_recorded"":2.220446049250313e-16,""raw_valid_probs_sha256_equal_recorded"":false,""recorded_source"":""baseline_recovery_v2_classifier_tuning_20261008_folds.csv""}",[],68.856841599998,268.217627500002,338.15778469999714
1_random_forest_tuned_fold4,1,random_forest_tuned,4,isotonic_crossfit,isotonic,inner_train_crossfit,144266,36066,115412,28854,"{""max_features"":0.5,""min_samples_leaf"":25}",0.28,0.28,0.43214987945339245,0.006581529889413718,0.6105506033314542,"{""kind"":""isotonic"",""n_fit"":115412,""n_steps"":84,""positives_fit"":20355}",63,0.4311334465541939,0.4325392545745807,44,aa65f8afe1381c45f5ce39b2be59ff5c9673903f38109136ece00b8b78ab3312,"{""inner_holdout_log_loss_abs_diff_recorded"":0.0,""none_threshold_equal_recorded"":true,""raw_valid_probs_max_abs_diff_recorded"":2.220446049250313e-16,""raw_valid_probs_sha256_equal_recorded"":false,""recorded_source"":""baseline_recovery_v2_classifier_tuning_20261008_folds.csv""}",[],54.2103137999984,202.74218410000321,258.0259451999991
1_random_forest_tuned_fold4,1,random_forest_tuned,4,isotonic_inner_holdout,isotonic,inner_holdout,144266,36066,115412,28854,"{""max_features"":0.5,""min_samples_leaf"":25}",0.25,0.28,0.42911930795785597,8.664310003761343e-10,0.6116491921216161,"{""kind"":""isotonic"",""n_fit"":28854,""n_steps"":51,""positives_fit"":5089}",30,0.4311334465541939,0.4325392545745807,44,e1809f7125426cc2ca93ededa279336ec49cb15480c1ebc9c48d4477ffaf6a74,"{""inner_holdout_log_loss_abs_diff_recorded"":0.0,""none_threshold_equal_recorded"":true,""raw_valid_probs_max_abs_diff_recorded"":2.220446049250313e-16,""raw_valid_probs_sha256_equal_recorded"":false,""recorded_source"":""baseline_recovery_v2_classifier_tuning_20261008_folds.csv""}",[],54.2103137999984,202.74218410000321,258.0259451999991
1_random_forest_tuned_fold4,1,random_forest_tuned,4,none,none,none,144266,36066,115412,28854,"{""max_features"":0.5,""min_samples_leaf"":25}",0.28,0.28,0.4311334465541939,0.011740031636449516,0.6113139803627072,"{""kind"":""none"",""n_fit"":28854,""positives_fit"":5089}",0,0.4311334465541939,0.4325392545745807,44,760e644d02b444b1c4427fbbf0c6c0b07ed67be32d76d60ed5bf79170038ba81,"{""inner_holdout_log_loss_abs_diff_recorded"":0.0,""none_threshold_equal_recorded"":true,""raw_valid_probs_max_abs_diff_recorded"":2.220446049250313e-16,""raw_valid_probs_sha256_equal_recorded"":false,""recorded_source"":""baseline_recovery_v2_classifier_tuning_20261008_folds.csv""}",[],54.2103137999984,202.74218410000321,258.0259451999991
1_random_forest_tuned_fold4,1,random_forest_tuned,4,platt_crossfit,platt,inner_train_crossfit,144266,36066,115412,28854,"{""max_features"":0.5,""min_samples_leaf"":25}",0.27,0.28,0.43105739293058176,0.01077997052484763,0.6112722874241457,"{""coef"":1.037418804052843,""intercept"":0.0446840975258409,""kind"":""platt"",""n_fit"":115412,""positives_fit"":20355}",0,0.4311334465541939,0.4325392545745807,44,dcd2de07d4de5cb7504d541920d523c26fc27cde5dc2d59091a35e0e30b6fc77,"{""inner_holdout_log_loss_abs_diff_recorded"":0.0,""none_threshold_equal_recorded"":true,""raw_valid_probs_max_abs_diff_recorded"":2.220446049250313e-16,""raw_valid_probs_sha256_equal_recorded"":false,""recorded_source"":""baseline_recovery_v2_classifier_tuning_20261008_folds.csv""}",[],54.2103137999984,202.74218410000321,258.0259451999991
1_random_forest_tuned_fold4,1,random_forest_tuned,4,platt_inner_holdout,platt,inner_holdout,144266,36066,115412,28854,"{""max_features"":0.5,""min_samples_leaf"":25}",0.27,0.28,0.4310507704972298,0.010536903858019104,0.6113055783166426,"{""coef"":1.0500081480387158,""intercept"":0.057594533284221525,""kind"":""platt"",""n_fit"":28854,""positives_fit"":5089}",0,0.4311334465541939,0.4325392545745807,44,d0d3273695ddf878286427586961e90626b311f6d87b6ea3db18fc04d8229024,"{""inner_holdout_log_loss_abs_diff_recorded"":0.0,""none_threshold_equal_recorded"":true,""raw_valid_probs_max_abs_diff_recorded"":2.220446049250313e-16,""raw_valid_probs_sha256_equal_recorded"":false,""recorded_source"":""baseline_recovery_v2_classifier_tuning_20261008_folds.csv""}",[],54.2103137999984,202.74218410000321,258.0259451999991
1_random_forest_tuned_fold5,1,random_forest_tuned,5,isotonic_crossfit,isotonic,inner_train_crossfit,144266,36066,115412,28854,"{""max_features"":0.5,""min_samples_leaf"":25}",0.23,0.25,0.43284567540198743,0.007010714239424495,0.6072216764957061,"{""kind"":""isotonic"",""n_fit"":115412,""n_steps"":71,""positives_fit"":20355}",2,0.43246710284606643,0.4315820451763356,44,6982463f68973e9312e925474cd220a14c3039b1425fa90599d5097b8652e19c,"{""inner_holdout_log_loss_abs_diff_recorded"":5.551115123125783e-17,""none_threshold_equal_recorded"":true,""raw_valid_probs_max_abs_diff_recorded"":2.220446049250313e-16,""raw_valid_probs_sha256_equal_recorded"":false,""recorded_source"":""baseline_recovery_v2_classifier_tuning_20261008_folds.csv""}",[],51.34268679999877,200.03171539999676,252.49978049999845
1_random_forest_tuned_fold5,1,random_forest_tuned,5,isotonic_inner_holdout,isotonic,inner_holdout,144266,36066,115412,28854,"{""max_features"":0.5,""min_samples_leaf"":25}",0.26,0.25,0.4310516284766805,4.5054413491338446e-10,0.6074371421070154,"{""kind"":""isotonic"",""n_fit"":28854,""n_steps"":52,""positives_fit"":5089}",14,0.43246710284606643,0.4315820451763356,44,744e0117712c423e18981ca862becda83f313387d7448088e68131d602def1c8,"{""inner_holdout_log_loss_abs_diff_recorded"":5.551115123125783e-17,""none_threshold_equal_recorded"":true,""raw_valid_probs_max_abs_diff_recorded"":2.220446049250313e-16,""raw_valid_probs_sha256_equal_recorded"":false,""recorded_source"":""baseline_recovery_v2_classifier_tuning_20261008_folds.csv""}",[],51.34268679999877,200.03171539999676,252.49978049999845
1_random_forest_tuned_fold5,1,random_forest_tuned,5,none,none,none,144266,36066,115412,28854,"{""max_features"":0.5,""min_samples_leaf"":25}",0.25,0.25,0.43246710284606643,0.008701638374362759,0.606252676853629,"{""kind"":""none"",""n_fit"":28854,""positives_fit"":5089}",0,0.43246710284606643,0.4315820451763356,44,f6f57231ff752ed307a60870a5be5ecc24129054279ac2088fad2442e2829693,"{""inner_holdout_log_loss_abs_diff_recorded"":5.551115123125783e-17,""none_threshold_equal_recorded"":true,""raw_valid_probs_max_abs_diff_recorded"":2.220446049250313e-16,""raw_valid_probs_sha256_equal_recorded"":false,""recorded_source"":""baseline_recovery_v2_classifier_tuning_20261008_folds.csv""}",[],51.34268679999877,200.03171539999676,252.49978049999845
1_random_forest_tuned_fold5,1,random_forest_tuned,5,platt_crossfit,platt,inner_train_crossfit,144266,36066,115412,28854,"{""max_features"":0.5,""min_samples_leaf"":25}",0.25,0.25,0.43243154662673716,0.008233660512907793,0.607023020091566,"{""coef"":1.058864032297758,""intercept"":0.07633003693592692,""kind"":""platt"",""n_fit"":115412,""positives_fit"":20355}",0,0.43246710284606643,0.4315820451763356,44,c07ab72caf42a5183f09ca6a3ca55c0dd53a16fc5da65b9e7519065c3b5e34c8,"{""inner_holdout_log_loss_abs_diff_recorded"":5.551115123125783e-17,""none_threshold_equal_recorded"":true,""raw_valid_probs_max_abs_diff_recorded"":2.220446049250313e-16,""raw_valid_probs_sha256_equal_recorded"":false,""recorded_source"":""baseline_recovery_v2_classifier_tuning_20261008_folds.csv""}",[],51.34268679999877,200.03171539999676,252.49978049999845
1_random_forest_tuned_fold5,1,random_forest_tuned,5,platt_inner_holdout,platt,inner_holdout,144266,36066,115412,28854,"{""max_features"":0.5,""min_samples_leaf"":25}",0.25,0.25,0.432416846935302,0.00836448312504498,0.606142542810552,"{""coef"":1.0370773838053668,""intercept"":0.03972307121143211,""kind"":""platt"",""n_fit"":28854,""positives_fit"":5089}",0,0.43246710284606643,0.4315820451763356,44,62624aceb4156b7bfb29b4f582dd453920edd91a25c7c222a3913d5f4f00578b,"{""inner_holdout_log_loss_abs_diff_recorded"":5.551115123125783e-17,""none_threshold_equal_recorded"":true,""raw_valid_probs_max_abs_diff_recorded"":2.220446049250313e-16,""raw_valid_probs_sha256_equal_recorded"":false,""recorded_source"":""baseline_recovery_v2_classifier_tuning_20261008_folds.csv""}",[],51.34268679999877,200.03171539999676,252.49978049999845
7_lightgbm_tuned_fold1,7,lightgbm_tuned,1,isotonic_crossfit,isotonic,inner_train_crossfit,144265,36067,115412,28853,"{""learning_rate"":0.03,""min_child_samples"":20,""n_estimators"":150,""num_leaves"":127,""subsample"":0.8,""subsample_freq"":0}",0.26,0.22,0.43611748187423294,0.005799376789928757,0.6013607581216582,"{""kind"":""isotonic"",""n_fit"":115412,""n_steps"":82,""positives_fit"":20355}",9,0.4355732973109463,0.4376327280836168,44,171d5bbbae1f958c3d15537b6294c314b3394afbaee8c6551ee16adcde8ad189,"{""inner_holdout_log_loss_abs_diff_recorded"":0.0,""none_threshold_equal_recorded"":true,""raw_valid_probs_max_abs_diff_recorded"":0.0,""raw_valid_probs_sha256_equal_recorded"":true,""recorded_source"":""baseline_recovery_v2_classifier_tuning_20261008_folds.csv""}",[],2.137166200001957,8.78055680000034,11.9380115999993
7_lightgbm_tuned_fold1,7,lightgbm_tuned,1,isotonic_inner_holdout,isotonic,inner_holdout,144265,36067,115412,28853,"{""learning_rate"":0.03,""min_child_samples"":20,""n_estimators"":150,""num_leaves"":127,""subsample"":0.8,""subsample_freq"":0}",0.25,0.22,0.4341670754092767,4.159013034238899e-10,0.6021622627726972,"{""kind"":""isotonic"",""n_fit"":28853,""n_steps"":50,""positives_fit"":5089}",18,0.4355732973109463,0.4376327280836168,44,e465ff8fd41c70ade23ca8e6b308c1f80231a60e41e0c1b3c844aa444572ef20,"{""inner_holdout_log_loss_abs_diff_recorded"":0.0,""none_threshold_equal_recorded"":true,""raw_valid_probs_max_abs_diff_recorded"":0.0,""raw_valid_probs_sha256_equal_recorded"":true,""recorded_source"":""baseline_recovery_v2_classifier_tuning_20261008_folds.csv""}",[],2.137166200001957,8.78055680000034,11.9380115999993
7_lightgbm_tuned_fold1,7,lightgbm_tuned,1,none,none,none,144265,36067,115412,28853,"{""learning_rate"":0.03,""min_child_samples"":20,""n_estimators"":150,""num_leaves"":127,""subsample"":0.8,""subsample_freq"":0}",0.22,0.22,0.4355732973109463,0.008801012499074749,0.6015509644001173,"{""kind"":""none"",""n_fit"":28853,""positives_fit"":5089}",0,0.4355732973109463,0.4376327280836168,44,b8838b43e87f4dde755ff7ee81a2a74f50facf405361e572bd2213c474cb066e,"{""inner_holdout_log_loss_abs_diff_recorded"":0.0,""none_threshold_equal_recorded"":true,""raw_valid_probs_max_abs_diff_recorded"":0.0,""raw_valid_probs_sha256_equal_recorded"":true,""recorded_source"":""baseline_recovery_v2_classifier_tuning_20261008_folds.csv""}",[],2.137166200001957,8.78055680000034,11.9380115999993
7_lightgbm_tuned_fold1,7,lightgbm_tuned,1,platt_crossfit,platt,inner_train_crossfit,144265,36067,115412,28853,"{""learning_rate"":0.03,""min_child_samples"":20,""n_estimators"":150,""num_leaves"":127,""subsample"":0.8,""subsample_freq"":0}",0.25,0.22,0.435263256731324,0.004963624246790481,0.60147827546047,"{""coef"":1.0801147131251503,""intercept"":0.15830982162474058,""kind"":""platt"",""n_fit"":115412,""positives_fit"":20355}",0,0.4355732973109463,0.4376327280836168,44,f35e42e52dbad5c1eff13cda7e8d2c3303251db1f82b998c69d7c3998d89c3fc,"{""inner_holdout_log_loss_abs_diff_recorded"":0.0,""none_threshold_equal_recorded"":true,""raw_valid_probs_max_abs_diff_recorded"":0.0,""raw_valid_probs_sha256_equal_recorded"":true,""recorded_source"":""baseline_recovery_v2_classifier_tuning_20261008_folds.csv""}",[],2.137166200001957,8.78055680000034,11.9380115999993
7_lightgbm_tuned_fold1,7,lightgbm_tuned,1,platt_inner_holdout,platt,inner_holdout,144265,36067,115412,28853,"{""learning_rate"":0.03,""min_child_samples"":20,""n_estimators"":150,""num_leaves"":127,""subsample"":0.8,""subsample_freq"":0}",0.23,0.22,0.4352521365816992,0.004881241504633194,0.6013169641432926,"{""coef"":1.0994075953262337,""intercept"":0.1815127285004882,""kind"":""platt"",""n_fit"":28853,""positives_fit"":5089}",0,0.4355732973109463,0.4376327280836168,44,e27c3e63b33e5e30577acb0c6e873970a9b07057b87b8ae6a5e01eb70f1a6549,"{""inner_holdout_log_loss_abs_diff_recorded"":0.0,""none_threshold_equal_recorded"":true,""raw_valid_probs_max_abs_diff_recorded"":0.0,""raw_valid_probs_sha256_equal_recorded"":true,""recorded_source"":""baseline_recovery_v2_classifier_tuning_20261008_folds.csv""}",[],2.137166200001957,8.78055680000034,11.9380115999993
7_lightgbm_tuned_fold2,7,lightgbm_tuned,2,isotonic_crossfit,isotonic,inner_train_crossfit,144265,36067,115412,28853,"{""learning_rate"":0.03,""min_child_samples"":20,""n_estimators"":150,""num_leaves"":127,""subsample"":0.8,""subsample_freq"":0}",0.23,0.23,0.43642370413334663,0.006482829273275106,0.6023810107001254,"{""kind"":""isotonic"",""n_fit"":115412,""n_steps"":78,""positives_fit"":20355}",1,0.43669164755004874,0.43671945590813077,44,cf5b479a1ec8d1a2438aafd55097f3da7c05362cc06ce24eaa451311ef008ef2,"{""inner_holdout_log_loss_abs_diff_recorded"":5.551115123125783e-17,""none_threshold_equal_recorded"":true,""raw_valid_probs_max_abs_diff_recorded"":0.0,""raw_valid_probs_sha256_equal_recorded"":true,""recorded_source"":""baseline_recovery_v2_classifier_tuning_20261008_folds.csv""}",[],2.345264900002803,8.87735640000028,12.170788900002663
7_lightgbm_tuned_fold2,7,lightgbm_tuned,2,isotonic_inner_holdout,isotonic,inner_holdout,144265,36067,115412,28853,"{""learning_rate"":0.03,""min_child_samples"":20,""n_estimators"":150,""num_leaves"":127,""subsample"":0.8,""subsample_freq"":0}",0.24,0.23,0.4351190955373428,1.559629855418782e-09,0.6025869241786885,"{""kind"":""isotonic"",""n_fit"":28853,""n_steps"":46,""positives_fit"":5089}",65,0.43669164755004874,0.43671945590813077,44,624c05f5d6066f3051de886b423d50c7d4a9337fcdf1f280a5a566d8d64098b2,"{""inner_holdout_log_loss_abs_diff_recorded"":5.551115123125783e-17,""none_threshold_equal_recorded"":true,""raw_valid_probs_max_abs_diff_recorded"":0.0,""raw_valid_probs_sha256_equal_recorded"":true,""recorded_source"":""baseline_recovery_v2_classifier_tuning_20261008_folds.csv""}",[],2.345264900002803,8.87735640000028,12.170788900002663
7_lightgbm_tuned_fold2,7,lightgbm_tuned,2,none,none,none,144265,36067,115412,28853,"{""learning_rate"":0.03,""min_child_samples"":20,""n_estimators"":150,""num_leaves"":127,""subsample"":0.8,""subsample_freq"":0}",0.23,0.23,0.43669164755004874,0.010002459355909654,0.6014372129015335,"{""kind"":""none"",""n_fit"":28853,""positives_fit"":5089}",0,0.43669164755004874,0.43671945590813077,44,125bb5ee26f7e2eb4f5e5f02904a2deb8789efd9942ba588a5c689f8ee8f5520,"{""inner_holdout_log_loss_abs_diff_recorded"":5.551115123125783e-17,""none_threshold_equal_recorded"":true,""raw_valid_probs_max_abs_diff_recorded"":0.0,""raw_valid_probs_sha256_equal_recorded"":true,""recorded_source"":""baseline_recovery_v2_classifier_tuning_20261008_folds.csv""}",[],2.345264900002803,8.87735640000028,12.170788900002663
7_lightgbm_tuned_fold2,7,lightgbm_tuned,2,platt_crossfit,platt,inner_train_crossfit,144265,36067,115412,28853,"{""learning_rate"":0.03,""min_child_samples"":20,""n_estimators"":150,""num_leaves"":127,""subsample"":0.8,""subsample_freq"":0}",0.24,0.23,0.4364887241413303,0.007091415596454738,0.601766079476693,"{""coef"":1.0871288431189579,""intercept"":0.16927663936502205,""kind"":""platt"",""n_fit"":115412,""positives_fit"":20355}",0,0.43669164755004874,0.43671945590813077,44,2f0e539b447ff17ed78e7056c0b50ed8533a13219341a7a1d1eba0a4272364bb,"{""inner_holdout_log_loss_abs_diff_recorded"":5.551115123125783e-17,""none_threshold_equal_recorded"":true,""raw_valid_probs_max_abs_diff_recorded"":0.0,""raw_valid_probs_sha256_equal_recorded"":true,""recorded_source"":""baseline_recovery_v2_classifier_tuning_20261008_folds.csv""}",[],2.345264900002803,8.87735640000028,12.170788900002663
7_lightgbm_tuned_fold2,7,lightgbm_tuned,2,platt_inner_holdout,platt,inner_holdout,144265,36067,115412,28853,"{""learning_rate"":0.03,""min_child_samples"":20,""n_estimators"":150,""num_leaves"":127,""subsample"":0.8,""subsample_freq"":0}",0.25,0.23,0.4364812696532738,0.007100994732200564,0.6012283403546279,"{""coef"":1.0747336384922734,""intercept"":0.1431987974538094,""kind"":""platt"",""n_fit"":28853,""positives_fit"":5089}",0,0.43669164755004874,0.43671945590813077,44,7e97b71a3911bd21c54e3f915792a8804a587af810423ea7a26acc5eb9c3d944,"{""inner_holdout_log_loss_abs_diff_recorded"":5.551115123125783e-17,""none_threshold_equal_recorded"":true,""raw_valid_probs_max_abs_diff_recorded"":0.0,""raw_valid_probs_sha256_equal_recorded"":true,""recorded_source"":""baseline_recovery_v2_classifier_tuning_20261008_folds.csv""}",[],2.345264900002803,8.87735640000028,12.170788900002663
7_lightgbm_tuned_fold3,7,lightgbm_tuned,3,isotonic_crossfit,isotonic,inner_train_crossfit,144266,36066,115412,28854,"{""learning_rate"":0.05,""min_child_samples"":100,""n_estimators"":100,""num_leaves"":127,""subsample"":0.8,""subsample_freq"":0}",0.25,0.24,0.4369036838383051,0.005151082100289439,0.6040943976203663,"{""kind"":""isotonic"",""n_fit"":115412,""n_steps"":73,""positives_fit"":20355}",33,0.43597189464201547,0.43824622247905,44,70ad1f90d096e54b15aaf7b3631caba14404497a2236c115e4dcbd9b252e8d90,"{""inner_holdout_log_loss_abs_diff_recorded"":5.551115123125783e-17,""none_threshold_equal_recorded"":true,""raw_valid_probs_max_abs_diff_recorded"":0.0,""raw_valid_probs_sha256_equal_recorded"":true,""recorded_source"":""baseline_recovery_v2_classifier_tuning_20261008_folds.csv""}",[],1.528137000001152,5.934852000002138,8.611466999998811
7_lightgbm_tuned_fold3,7,lightgbm_tuned,3,isotonic_inner_holdout,isotonic,inner_holdout,144266,36066,115412,28854,"{""learning_rate"":0.05,""min_child_samples"":100,""n_estimators"":100,""num_leaves"":127,""subsample"":0.8,""subsample_freq"":0}",0.24,0.24,0.4346528362182906,5.545158471243089e-10,0.6053778792738406,"{""kind"":""isotonic"",""n_fit"":28854,""n_steps"":48,""positives_fit"":5089}",22,0.43597189464201547,0.43824622247905,44,0fdf5ab1ca1e867d3c6fa320a5eabe1a0ab78e7e45e3d01e78de760e8d6cac37,"{""inner_holdout_log_loss_abs_diff_recorded"":5.551115123125783e-17,""none_threshold_equal_recorded"":true,""raw_valid_probs_max_abs_diff_recorded"":0.0,""raw_valid_probs_sha256_equal_recorded"":true,""recorded_source"":""baseline_recovery_v2_classifier_tuning_20261008_folds.csv""}",[],1.528137000001152,5.934852000002138,8.611466999998811
7_lightgbm_tuned_fold3,7,lightgbm_tuned,3,none,none,none,144266,36066,115412,28854,"{""learning_rate"":0.05,""min_child_samples"":100,""n_estimators"":100,""num_leaves"":127,""subsample"":0.8,""subsample_freq"":0}",0.24,0.24,0.43597189464201547,0.007165455071464664,0.6043215058493374,"{""kind"":""none"",""n_fit"":28854,""positives_fit"":5089}",0,0.43597189464201547,0.43824622247905,44,79a41ae5d98b74d55bf253bfc5b4950672c07d7479416224b76384056fd6843e,"{""inner_holdout_log_loss_abs_diff_recorded"":5.551115123125783e-17,""none_threshold_equal_recorded"":true,""raw_valid_probs_max_abs_diff_recorded"":0.0,""raw_valid_probs_sha256_equal_recorded"":true,""recorded_source"":""baseline_recovery_v2_classifier_tuning_20261008_folds.csv""}",[],1.528137000001152,5.934852000002138,8.611466999998811
7_lightgbm_tuned_fold3,7,lightgbm_tuned,3,platt_crossfit,platt,inner_train_crossfit,144266,36066,115412,28854,"{""learning_rate"":0.05,""min_child_samples"":100,""n_estimators"":100,""num_leaves"":127,""subsample"":0.8,""subsample_freq"":0}",0.25,0.24,0.4358675432595359,0.00646265621081485,0.6040092524965158,"{""coef"":1.0340000720543308,""intercept"":0.08879478217210275,""kind"":""platt"",""n_fit"":115412,""positives_fit"":20355}",0,0.43597189464201547,0.43824622247905,44,be6ab297264eb411994bb55a8d33ec1c15c831e16d62d51fc86b1c99fad24d9b,"{""inner_holdout_log_loss_abs_diff_recorded"":5.551115123125783e-17,""none_threshold_equal_recorded"":true,""raw_valid_probs_max_abs_diff_recorded"":0.0,""raw_valid_probs_sha256_equal_recorded"":true,""recorded_source"":""baseline_recovery_v2_classifier_tuning_20261008_folds.csv""}",[],1.528137000001152,5.934852000002138,8.611466999998811
7_lightgbm_tuned_fold3,7,lightgbm_tuned,3,platt_inner_holdout,platt,inner_holdout,144266,36066,115412,28854,"{""learning_rate"":0.05,""min_child_samples"":100,""n_estimators"":100,""num_leaves"":127,""subsample"":0.8,""subsample_freq"":0}",0.25,0.24,0.43584448063593867,0.005868920458995395,0.6046454974694526,"{""coef"":1.0562241601701838,""intercept"":0.10845443316653747,""kind"":""platt"",""n_fit"":28854,""positives_fit"":5089}",0,0.43597189464201547,0.43824622247905,44,7c7d4b21321ed9c9153ca6c45e09c37e65cb32ce40eb602a2f80ede0acb09a31,"{""inner_holdout_log_loss_abs_diff_recorded"":5.551115123125783e-17,""none_threshold_equal_recorded"":true,""raw_valid_probs_max_abs_diff_recorded"":0.0,""raw_valid_probs_sha256_equal_recorded"":true,""recorded_source"":""baseline_recovery_v2_classifier_tuning_20261008_folds.csv""}",[],1.528137000001152,5.934852000002138,8.611466999998811
7_lightgbm_tuned_fold4,7,lightgbm_tuned,4,isotonic_crossfit,isotonic,inner_train_crossfit,144266,36066,115412,28854,"{""learning_rate"":0.03,""min_child_samples"":20,""n_estimators"":150,""num_leaves"":63,""subsample"":0.8,""subsample_freq"":0}",0.26,0.24,0.434541555389124,0.0071593900389280585,0.6021621236700622,"{""kind"":""isotonic"",""n_fit"":115412,""n_steps"":77,""positives_fit"":20355}",0,0.43486535227727446,0.43762916327032153,44,112c72f38434e07b99fc749617c71f012bae7b82549af3b149ab272aadf2ca85,"{""inner_holdout_log_loss_abs_diff_recorded"":5.551115123125783e-17,""none_threshold_equal_recorded"":true,""raw_valid_probs_max_abs_diff_recorded"":0.0,""raw_valid_probs_sha256_equal_recorded"":true,""recorded_source"":""baseline_recovery_v2_classifier_tuning_20261008_folds.csv""}",[],2.131691499998851,8.714080699999613,11.892856200000097
7_lightgbm_tuned_fold4,7,lightgbm_tuned,4,isotonic_inner_holdout,isotonic,inner_holdout,144266,36066,115412,28854,"{""learning_rate"":0.03,""min_child_samples"":20,""n_estimators"":150,""num_leaves"":63,""subsample"":0.8,""subsample_freq"":0}",0.25,0.24,0.43299588195242483,2.079434406393909e-09,0.6031195481903503,"{""kind"":""isotonic"",""n_fit"":28854,""n_steps"":44,""positives_fit"":5089}",61,0.43486535227727446,0.43762916327032153,44,e10a4d3a570e9a144cf96bedba147b39ca55a3f2b56d7f193ca42a7db204b840,"{""inner_holdout_log_loss_abs_diff_recorded"":5.551115123125783e-17,""none_threshold_equal_recorded"":true,""raw_valid_probs_max_abs_diff_recorded"":0.0,""raw_valid_probs_sha256_equal_recorded"":true,""recorded_source"":""baseline_recovery_v2_classifier_tuning_20261008_folds.csv""}",[],2.131691499998851,8.714080699999613,11.892856200000097
7_lightgbm_tuned_fold4,7,lightgbm_tuned,4,none,none,none,144266,36066,115412,28854,"{""learning_rate"":0.03,""min_child_samples"":20,""n_estimators"":150,""num_leaves"":63,""subsample"":0.8,""subsample_freq"":0}",0.24,0.24,0.43486535227727446,0.011681879839309378,0.602833125725981,"{""kind"":""none"",""n_fit"":28854,""positives_fit"":5089}",0,0.43486535227727446,0.43762916327032153,44,7c6514fe7979e137a6dac33ffef821e187a5b6d86dfec73f8ce0d3312f991073,"{""inner_holdout_log_loss_abs_diff_recorded"":5.551115123125783e-17,""none_threshold_equal_recorded"":true,""raw_valid_probs_max_abs_diff_recorded"":0.0,""raw_valid_probs_sha256_equal_recorded"":true,""recorded_source"":""baseline_recovery_v2_classifier_tuning_20261008_folds.csv""}",[],2.131691499998851,8.714080699999613,11.892856200000097
7_lightgbm_tuned_fold4,7,lightgbm_tuned,4,platt_crossfit,platt,inner_train_crossfit,144266,36066,115412,28854,"{""learning_rate"":0.03,""min_child_samples"":20,""n_estimators"":150,""num_leaves"":63,""subsample"":0.8,""subsample_freq"":0}",0.25,0.24,0.43442718414932574,0.006943292101878783,0.602341453318135,"{""coef"":1.0865372730825436,""intercept"":0.1638692727840903,""kind"":""platt"",""n_fit"":115412,""positives_fit"":20355}",0,0.43486535227727446,0.43762916327032153,44,5bc526f68de22815dd3dcc1a2d522b33191ae14aaec438404a9cc6ab40fc3245,"{""inner_holdout_log_loss_abs_diff_recorded"":5.551115123125783e-17,""none_threshold_equal_recorded"":true,""raw_valid_probs_max_abs_diff_recorded"":0.0,""raw_valid_probs_sha256_equal_recorded"":true,""recorded_source"":""baseline_recovery_v2_classifier_tuning_20261008_folds.csv""}",[],2.131691499998851,8.714080699999613,11.892856200000097
7_lightgbm_tuned_fold4,7,lightgbm_tuned,4,platt_inner_holdout,platt,inner_holdout,144266,36066,115412,28854,"{""learning_rate"":0.03,""min_child_samples"":20,""n_estimators"":150,""num_leaves"":63,""subsample"":0.8,""subsample_freq"":0}",0.25,0.24,0.4343650822996497,0.006184537840497511,0.6023109452294181,"{""coef"":1.1366651993281514,""intercept"":0.23189256958725224,""kind"":""platt"",""n_fit"":28854,""positives_fit"":5089}",0,0.43486535227727446,0.43762916327032153,44,86ceb28a7782bb51751420ca53023d154a279dc054e581e67b8100d4ecd0c4f0,"{""inner_holdout_log_loss_abs_diff_recorded"":5.551115123125783e-17,""none_threshold_equal_recorded"":true,""raw_valid_probs_max_abs_diff_recorded"":0.0,""raw_valid_probs_sha256_equal_recorded"":true,""recorded_source"":""baseline_recovery_v2_classifier_tuning_20261008_folds.csv""}",[],2.131691499998851,8.714080699999613,11.892856200000097
7_lightgbm_tuned_fold5,7,lightgbm_tuned,5,isotonic_crossfit,isotonic,inner_train_crossfit,144266,36066,115412,28854,"{""learning_rate"":0.03,""min_child_samples"":100,""n_estimators"":150,""num_leaves"":127,""subsample"":0.8,""subsample_freq"":0}",0.25,0.23,0.43355933238011163,0.009014256596630668,0.611374100649126,"{""kind"":""isotonic"",""n_fit"":115412,""n_steps"":71,""positives_fit"":20355}",3,0.43326756531448124,0.4381105593648502,44,6c540e8aa25c8e456306c7b912370013339ef5b64e3c125e4924c45220ca177c,"{""inner_holdout_log_loss_abs_diff_recorded"":5.551115123125783e-17,""none_threshold_equal_recorded"":true,""raw_valid_probs_max_abs_diff_recorded"":0.0,""raw_valid_probs_sha256_equal_recorded"":true,""recorded_source"":""baseline_recovery_v2_classifier_tuning_20261008_folds.csv""}",[],2.215470399998594,8.383289800000057,11.565937199997279
7_lightgbm_tuned_fold5,7,lightgbm_tuned,5,isotonic_inner_holdout,isotonic,inner_holdout,144266,36066,115412,28854,"{""learning_rate"":0.03,""min_child_samples"":100,""n_estimators"":150,""num_leaves"":127,""subsample"":0.8,""subsample_freq"":0}",0.25,0.23,0.4311648979985072,6.584875772954589e-10,0.6119285957586866,"{""kind"":""isotonic"",""n_fit"":28854,""n_steps"":47,""positives_fit"":5089}",28,0.43326756531448124,0.4381105593648502,44,ac18bdda2075211ecc1a1c8e4f66fb0f9e4157f2e0be64060c025172c28b9639,"{""inner_holdout_log_loss_abs_diff_recorded"":5.551115123125783e-17,""none_threshold_equal_recorded"":true,""raw_valid_probs_max_abs_diff_recorded"":0.0,""raw_valid_probs_sha256_equal_recorded"":true,""recorded_source"":""baseline_recovery_v2_classifier_tuning_20261008_folds.csv""}",[],2.215470399998594,8.383289800000057,11.565937199997279
7_lightgbm_tuned_fold5,7,lightgbm_tuned,5,none,none,none,144266,36066,115412,28854,"{""learning_rate"":0.03,""min_child_samples"":100,""n_estimators"":150,""num_leaves"":127,""subsample"":0.8,""subsample_freq"":0}",0.23,0.23,0.43326756531448124,0.013314026354530016,0.6109275610016947,"{""kind"":""none"",""n_fit"":28854,""positives_fit"":5089}",0,0.43326756531448124,0.4381105593648502,44,fc4b83d3dbbcf68900860fcfdbee7d488e6c6e7dbac11fc4045f4716a3679e58,"{""inner_holdout_log_loss_abs_diff_recorded"":5.551115123125783e-17,""none_threshold_equal_recorded"":true,""raw_valid_probs_max_abs_diff_recorded"":0.0,""raw_valid_probs_sha256_equal_recorded"":true,""recorded_source"":""baseline_recovery_v2_classifier_tuning_20261008_folds.csv""}",[],2.215470399998594,8.383289800000057,11.565937199997279
7_lightgbm_tuned_fold5,7,lightgbm_tuned,5,platt_crossfit,platt,inner_train_crossfit,144266,36066,115412,28854,"{""learning_rate"":0.03,""min_child_samples"":100,""n_estimators"":150,""num_leaves"":127,""subsample"":0.8,""subsample_freq"":0}",0.24,0.23,0.43276302255664306,0.009203470570505884,0.6110400715406985,"{""coef"":1.0757177804487852,""intercept"":0.1478621004804067,""kind"":""platt"",""n_fit"":115412,""positives_fit"":20355}",0,0.43326756531448124,0.4381105593648502,44,68d795a0ec8ae7520982b696f90589b302dbf46bbed74d2984f38c5c67054eaf,"{""inner_holdout_log_loss_abs_diff_recorded"":5.551115123125783e-17,""none_threshold_equal_recorded"":true,""raw_valid_probs_max_abs_diff_recorded"":0.0,""raw_valid_probs_sha256_equal_recorded"":true,""recorded_source"":""baseline_recovery_v2_classifier_tuning_20261008_folds.csv""}",[],2.215470399998594,8.383289800000057,11.565937199997279
7_lightgbm_tuned_fold5,7,lightgbm_tuned,5,platt_inner_holdout,platt,inner_holdout,144266,36066,115412,28854,"{""learning_rate"":0.03,""min_child_samples"":100,""n_estimators"":150,""num_leaves"":127,""subsample"":0.8,""subsample_freq"":0}",0.25,0.23,0.4325864201847287,0.006210527020070475,0.6101815730952176,"{""coef"":1.1613664862165711,""intercept"":0.267993440085374,""kind"":""platt"",""n_fit"":28854,""positives_fit"":5089}",0,0.43326756531448124,0.4381105593648502,44,af07a9db2e6779345205ad5943b4baaa71f0cd24f4d6dfc789e15a87d79d5c6a,"{""inner_holdout_log_loss_abs_diff_recorded"":5.551115123125783e-17,""none_threshold_equal_recorded"":true,""raw_valid_probs_max_abs_diff_recorded"":0.0,""raw_valid_probs_sha256_equal_recorded"":true,""recorded_source"":""baseline_recovery_v2_classifier_tuning_20261008_folds.csv""}",[],2.215470399998594,8.383289800000057,11.565937199997279
7_logistic_regression_fold1,7,logistic_regression,1,isotonic_crossfit,isotonic,inner_train_crossfit,144265,36067,115412,28853,"{""C"":0.1}",0.24,0.25,0.43591224907671283,0.005460773336591152,0.5984424979407572,"{""kind"":""isotonic"",""n_fit"":115412,""n_steps"":69,""positives_fit"":20355}",5,0.43597099289144897,0.43750572398658855,44,246ad9468d6316e10b63e45f748b6124ecc445b237bd0c4e91e2bd73396e29d7,"{""inner_holdout_log_loss_abs_diff_recorded"":3.934695819163281e-08,""none_threshold_equal_recorded"":true,""raw_valid_probs_max_abs_diff_recorded"":null,""raw_valid_probs_sha256_equal_recorded"":null,""recorded_source"":""baseline_recovery_v2_classifier_compare_20261008_folds.csv""}",[],2.7149420000023383,10.221647200000007,14.014326699998492
7_logistic_regression_fold1,7,logistic_regression,1,isotonic_inner_holdout,isotonic,inner_holdout,144265,36067,115412,28853,"{""C"":0.1}",0.25,0.25,0.4347863214812527,9.011194960887031e-10,0.599638339469223,"{""kind"":""isotonic"",""n_fit"":28853,""n_steps"":47,""positives_fit"":5089}",31,0.43597099289144897,0.43750572398658855,44,2203b44406b51f2c68f7e9fd3210dbc61a40058070745ec1ac9257535a3fb3f7,"{""inner_holdout_log_loss_abs_diff_recorded"":3.934695819163281e-08,""none_threshold_equal_recorded"":true,""raw_valid_probs_max_abs_diff_recorded"":null,""raw_valid_probs_sha256_equal_recorded"":null,""recorded_source"":""baseline_recovery_v2_classifier_compare_20261008_folds.csv""}",[],2.7149420000023383,10.221647200000007,14.014326699998492
7_logistic_regression_fold1,7,logistic_regression,1,none,none,none,144265,36067,115412,28853,"{""C"":0.1}",0.25,0.25,0.43597099289144897,0.005130196507766572,0.5985965026632258,"{""kind"":""none"",""n_fit"":28853,""positives_fit"":5089}",0,0.43597099289144897,0.43750572398658855,44,410a1461c8d4beb0e503df6f76949d4e2c3ca91fbb95dd134ab864f563e8db16,"{""inner_holdout_log_loss_abs_diff_recorded"":3.934695819163281e-08,""none_threshold_equal_recorded"":true,""raw_valid_probs_max_abs_diff_recorded"":null,""raw_valid_probs_sha256_equal_recorded"":null,""recorded_source"":""baseline_recovery_v2_classifier_compare_20261008_folds.csv""}",[],2.7149420000023383,10.221647200000007,14.014326699998492
7_logistic_regression_fold1,7,logistic_regression,1,platt_crossfit,platt,inner_train_crossfit,144265,36067,115412,28853,"{""C"":0.1}",0.26,0.25,0.435979056828232,0.005337225536549205,0.5985806820078047,"{""coef"":0.9918879172513579,""intercept"":-0.011747172535231516,""kind"":""platt"",""n_fit"":115412,""positives_fit"":20355}",0,0.43597099289144897,0.43750572398658855,44,83c080bb1fe19696f891a45020a9bbfdf361c58978d01c10634e0bb75fd87d57,"{""inner_holdout_log_loss_abs_diff_recorded"":3.934695819163281e-08,""none_threshold_equal_recorded"":true,""raw_valid_probs_max_abs_diff_recorded"":null,""raw_valid_probs_sha256_equal_recorded"":null,""recorded_source"":""baseline_recovery_v2_classifier_compare_20261008_folds.csv""}",[],2.7149420000023383,10.221647200000007,14.014326699998492
7_logistic_regression_fold1,7,logistic_regression,1,platt_inner_holdout,platt,inner_holdout,144265,36067,115412,28853,"{""C"":0.1}",0.26,0.25,0.4359628803092979,0.004951249688226497,0.5992287162023585,"{""coef"":1.0140862563025368,""intercept"":0.026177031502107463,""kind"":""platt"",""n_fit"":28853,""positives_fit"":5089}",0,0.43597099289144897,0.43750572398658855,44,5bb738c764ef7def21fcb1ca257a01dcc777b93fa4566ba694773a70ce29bda4,"{""inner_holdout_log_loss_abs_diff_recorded"":3.934695819163281e-08,""none_threshold_equal_recorded"":true,""raw_valid_probs_max_abs_diff_recorded"":null,""raw_valid_probs_sha256_equal_recorded"":null,""recorded_source"":""baseline_recovery_v2_classifier_compare_20261008_folds.csv""}",[],2.7149420000023383,10.221647200000007,14.014326699998492
7_logistic_regression_fold2,7,logistic_regression,2,isotonic_crossfit,isotonic,inner_train_crossfit,144265,36067,115412,28853,"{""C"":0.01}",0.24,0.24,0.4367506255195234,0.0038897296854189228,0.5977032287673665,"{""kind"":""isotonic"",""n_fit"":115412,""n_steps"":66,""positives_fit"":20355}",0,0.4367679902359737,0.4374585188824484,44,512591ad913e826428ea91acf05e8f81fdd6da8ec7b516edb4c8d59dc1cbe6a9,"{""inner_holdout_log_loss_abs_diff_recorded"":3.2751579226442118e-15,""none_threshold_equal_recorded"":true,""raw_valid_probs_max_abs_diff_recorded"":null,""raw_valid_probs_sha256_equal_recorded"":null,""recorded_source"":""baseline_recovery_v2_classifier_compare_20261008_folds.csv""}",[],2.040311799999472,7.3339137000002665,10.600707199999306
7_logistic_regression_fold2,7,logistic_regression,2,isotonic_inner_holdout,isotonic,inner_holdout,144265,36067,115412,28853,"{""C"":0.01}",0.23,0.24,0.43559339898589206,6.238519527721667e-10,0.5991971039329536,"{""kind"":""isotonic"",""n_fit"":28853,""n_steps"":44,""positives_fit"":5089}",21,0.4367679902359737,0.4374585188824484,44,d41a13a685fdddac49479476baefec5a7ca7de48849f1767d241d8a67b72b270,"{""inner_holdout_log_loss_abs_diff_recorded"":3.2751579226442118e-15,""none_threshold_equal_recorded"":true,""raw_valid_probs_max_abs_diff_recorded"":null,""raw_valid_probs_sha256_equal_recorded"":null,""recorded_source"":""baseline_recovery_v2_classifier_compare_20261008_folds.csv""}",[],2.040311799999472,7.3339137000002665,10.600707199999306
7_logistic_regression_fold2,7,logistic_regression,2,none,none,none,144265,36067,115412,28853,"{""C"":0.01}",0.24,0.24,0.4367679902359737,0.0061182605730699694,0.598561426802493,"{""kind"":""none"",""n_fit"":28853,""positives_fit"":5089}",0,0.4367679902359737,0.4374585188824484,44,d08398b3e87e6ff4a7c8ee90a2426032e4535b03821695888b2a1f1ca8f0a81e,"{""inner_holdout_log_loss_abs_diff_recorded"":3.2751579226442118e-15,""none_threshold_equal_recorded"":true,""raw_valid_probs_max_abs_diff_recorded"":null,""raw_valid_probs_sha256_equal_recorded"":null,""recorded_source"":""baseline_recovery_v2_classifier_compare_20261008_folds.csv""}",[],2.040311799999472,7.3339137000002665,10.600707199999306
7_logistic_regression_fold2,7,logistic_regression,2,platt_crossfit,platt,inner_train_crossfit,144265,36067,115412,28853,"{""C"":0.01}",0.24,0.24,0.43675745535211946,0.005685022163598714,0.5980365752893742,"{""coef"":1.011779829109652,""intercept"":0.016731966080038567,""kind"":""platt"",""n_fit"":115412,""positives_fit"":20355}",0,0.4367679902359737,0.4374585188824484,44,04c97b21ca0d84db247e8fce9f7ad335f41a01e7df1e5679e25609d365ad0daa,"{""inner_holdout_log_loss_abs_diff_recorded"":3.2751579226442118e-15,""none_threshold_equal_recorded"":true,""raw_valid_probs_max_abs_diff_recorded"":null,""raw_valid_probs_sha256_equal_recorded"":null,""recorded_source"":""baseline_recovery_v2_classifier_compare_20261008_folds.csv""}",[],2.040311799999472,7.3339137000002665,10.600707199999306
7_logistic_regression_fold2,7,logistic_regression,2,platt_inner_holdout,platt,inner_holdout,144265,36067,115412,28853,"{""C"":0.01}",0.24,0.24,0.4367536691245122,0.005308937316357082,0.5979487737667519,"{""coef"":1.0230837329274014,""intercept"":0.034637163789570796,""kind"":""platt"",""n_fit"":28853,""positives_fit"":5089}",0,0.4367679902359737,0.4374585188824484,44,5b772d580b7151658ca8074da5352dfd79294f70c1f2ed44314a87ca4e00e54c,"{""inner_holdout_log_loss_abs_diff_recorded"":3.2751579226442118e-15,""none_threshold_equal_recorded"":true,""raw_valid_probs_max_abs_diff_recorded"":null,""raw_valid_probs_sha256_equal_recorded"":null,""recorded_source"":""baseline_recovery_v2_classifier_compare_20261008_folds.csv""}",[],2.040311799999472,7.3339137000002665,10.600707199999306
7_logistic_regression_fold3,7,logistic_regression,3,isotonic_crossfit,isotonic,inner_train_crossfit,144266,36066,115412,28854,"{""C"":0.1}",0.24,0.25,0.43803122402097566,0.007108278624135327,0.599123319588351,"{""kind"":""isotonic"",""n_fit"":115412,""n_steps"":68,""positives_fit"":20355}",30,0.43690790633831195,0.43763616041128733,44,31e3a95c880583eaa92092e47edd094cd3c75a6e5296609189853a4c4ed3deda,"{""inner_holdout_log_loss_abs_diff_recorded"":2.981610514041222e-10,""none_threshold_equal_recorded"":true,""raw_valid_probs_max_abs_diff_recorded"":null,""raw_valid_probs_sha256_equal_recorded"":null,""recorded_source"":""baseline_recovery_v2_classifier_compare_20261008_folds.csv""}",[],2.6796514999987266,10.988592499998049,14.865988300000026
7_logistic_regression_fold3,7,logistic_regression,3,isotonic_inner_holdout,isotonic,inner_holdout,144266,36066,115412,28854,"{""C"":0.1}",0.25,0.25,0.4355044925568366,3.812296583226803e-10,0.5992457399481829,"{""kind"":""isotonic"",""n_fit"":28854,""n_steps"":51,""positives_fit"":5089}",18,0.43690790633831195,0.43763616041128733,44,b0504043123a870b916de12a65a4050807d2855c837154edb3896620ba2d0d3b,"{""inner_holdout_log_loss_abs_diff_recorded"":2.981610514041222e-10,""none_threshold_equal_recorded"":true,""raw_valid_probs_max_abs_diff_recorded"":null,""raw_valid_probs_sha256_equal_recorded"":null,""recorded_source"":""baseline_recovery_v2_classifier_compare_20261008_folds.csv""}",[],2.6796514999987266,10.988592499998049,14.865988300000026
7_logistic_regression_fold3,7,logistic_regression,3,none,none,none,144266,36066,115412,28854,"{""C"":0.1}",0.25,0.25,0.43690790633831195,0.007892231038900806,0.5991838768243787,"{""kind"":""none"",""n_fit"":28854,""positives_fit"":5089}",0,0.43690790633831195,0.43763616041128733,44,c7e1a48f2e184a5e10f0c240833ccee79382909b5ad9c1531a28694518e41ad1,"{""inner_holdout_log_loss_abs_diff_recorded"":2.981610514041222e-10,""none_threshold_equal_recorded"":true,""raw_valid_probs_max_abs_diff_recorded"":null,""raw_valid_probs_sha256_equal_recorded"":null,""recorded_source"":""baseline_recovery_v2_classifier_compare_20261008_folds.csv""}",[],2.6796514999987266,10.988592499998049,14.865988300000026
7_logistic_regression_fold3,7,logistic_regression,3,platt_crossfit,platt,inner_train_crossfit,144266,36066,115412,28854,"{""C"":0.1}",0.25,0.25,0.43690267369187186,0.008112043620538181,0.5994848322041716,"{""coef"":0.9838296935971823,""intercept"":-0.022759123772078477,""kind"":""platt"",""n_fit"":115412,""positives_fit"":20355}",0,0.43690790633831195,0.43763616041128733,44,e4b75f560c8d5b3bf0ca8639b37da54e85b6c840ee70cd19a0cf7e03c4e7b6d4,"{""inner_holdout_log_loss_abs_diff_recorded"":2.981610514041222e-10,""none_threshold_equal_recorded"":true,""raw_valid_probs_max_abs_diff_recorded"":null,""raw_valid_probs_sha256_equal_recorded"":null,""recorded_source"":""baseline_recovery_v2_classifier_compare_20261008_folds.csv""}",[],2.6796514999987266,10.988592499998049,14.865988300000026
7_logistic_regression_fold3,7,logistic_regression,3,platt_inner_holdout,platt,inner_holdout,144266,36066,115412,28854,"{""C"":0.1}",0.25,0.25,0.4369025045036298,0.008111315462486857,0.5995987912193608,"{""coef"":0.9860261229879139,""intercept"":-0.020813372243718053,""kind"":""platt"",""n_fit"":28854,""positives_fit"":5089}",0,0.43690790633831195,0.43763616041128733,44,9d519eac9eab5f0ae122cb67b931958e868aa914aad17a13cb41977c2d7ded4b,"{""inner_holdout_log_loss_abs_diff_recorded"":2.981610514041222e-10,""none_threshold_equal_recorded"":true,""raw_valid_probs_max_abs_diff_recorded"":null,""raw_valid_probs_sha256_equal_recorded"":null,""recorded_source"":""baseline_recovery_v2_classifier_compare_20261008_folds.csv""}",[],2.6796514999987266,10.988592499998049,14.865988300000026
7_logistic_regression_fold4,7,logistic_regression,4,isotonic_crossfit,isotonic,inner_train_crossfit,144266,36066,115412,28854,"{""C"":0.1}",0.26,0.25,0.4375388949024417,0.006378662427012263,0.5973776635639234,"{""kind"":""isotonic"",""n_fit"":115412,""n_steps"":77,""positives_fit"":20355}",0,0.4376765317823903,0.43750626409284354,44,8ce3fde24bf12d1823695603687d3aa61f8c4054020b7d9e0ccc111a8a1a6bd8,"{""inner_holdout_log_loss_abs_diff_recorded"":1.9949774721084168e-07,""none_threshold_equal_recorded"":true,""raw_valid_probs_max_abs_diff_recorded"":null,""raw_valid_probs_sha256_equal_recorded"":null,""recorded_source"":""baseline_recovery_v2_classifier_compare_20261008_folds.csv""}",[],2.957376199999999,10.77998579999985,14.91839489999984
7_logistic_regression_fold4,7,logistic_regression,4,isotonic_inner_holdout,isotonic,inner_holdout,144266,36066,115412,28854,"{""C"":0.1}",0.24,0.25,0.4361664485777569,7.624593010163762e-10,0.5979867846315683,"{""kind"":""isotonic"",""n_fit"":28854,""n_steps"":50,""positives_fit"":5089}",20,0.4376765317823903,0.43750626409284354,44,52f8c054bf2c93226ae8dbcdcc663bcf3f4e454367f46a4346edfba75ff97f17,"{""inner_holdout_log_loss_abs_diff_recorded"":1.9949774721084168e-07,""none_threshold_equal_recorded"":true,""raw_valid_probs_max_abs_diff_recorded"":null,""raw_valid_probs_sha256_equal_recorded"":null,""recorded_source"":""baseline_recovery_v2_classifier_compare_20261008_folds.csv""}",[],2.957376199999999,10.77998579999985,14.91839489999984
7_logistic_regression_fold4,7,logistic_regression,4,none,none,none,144266,36066,115412,28854,"{""C"":0.1}",0.25,0.25,0.4376765317823903,0.009483153763799643,0.5969890732819778,"{""kind"":""none"",""n_fit"":28854,""positives_fit"":5089}",0,0.4376765317823903,0.43750626409284354,44,dce337155c3d78d9ae62daa98136077682106bd123cca40465f2ad8ad3aa490e,"{""inner_holdout_log_loss_abs_diff_recorded"":1.9949774721084168e-07,""none_threshold_equal_recorded"":true,""raw_valid_probs_max_abs_diff_recorded"":null,""raw_valid_probs_sha256_equal_recorded"":null,""recorded_source"":""baseline_recovery_v2_classifier_compare_20261008_folds.csv""}",[],2.957376199999999,10.77998579999985,14.91839489999984
7_logistic_regression_fold4,7,logistic_regression,4,platt_crossfit,platt,inner_train_crossfit,144266,36066,115412,28854,"{""C"":0.1}",0.25,0.25,0.43766487744248644,0.009403408350508008,0.5975720422204239,"{""coef"":0.9868688989198489,""intercept"":-0.01849110341717924,""kind"":""platt"",""n_fit"":115412,""positives_fit"":20355}",0,0.4376765317823903,0.43750626409284354,44,1542c10d1a87c888a6a7efbad61230f6beb3ba4fa04e8a9f65544b44c732d7a8,"{""inner_holdout_log_loss_abs_diff_recorded"":1.9949774721084168e-07,""none_threshold_equal_recorded"":true,""raw_valid_probs_max_abs_diff_recorded"":null,""raw_valid_probs_sha256_equal_recorded"":null,""recorded_source"":""baseline_recovery_v2_classifier_compare_20261008_folds.csv""}",[],2.957376199999999,10.77998579999985,14.91839489999984
7_logistic_regression_fold4,7,logistic_regression,4,platt_inner_holdout,platt,inner_holdout,144266,36066,115412,28854,"{""C"":0.1}",0.25,0.25,0.43766111499941146,0.009176912611638294,0.5973651982302303,"{""coef"":0.9765909841702318,""intercept"":-0.036956259634964586,""kind"":""platt"",""n_fit"":28854,""positives_fit"":5089}",0,0.4376765317823903,0.43750626409284354,44,39ea03f244add3e4b596061f49940ce485625c8f2331f5ba3cdf36550c90938f,"{""inner_holdout_log_loss_abs_diff_recorded"":1.9949774721084168e-07,""none_threshold_equal_recorded"":true,""raw_valid_probs_max_abs_diff_recorded"":null,""raw_valid_probs_sha256_equal_recorded"":null,""recorded_source"":""baseline_recovery_v2_classifier_compare_20261008_folds.csv""}",[],2.957376199999999,10.77998579999985,14.91839489999984
7_logistic_regression_fold5,7,logistic_regression,5,isotonic_crossfit,isotonic,inner_train_crossfit,144266,36066,115412,28854,"{""C"":1.0}",0.23,0.25,0.43533999150810276,0.007466507279317744,0.6007960811644997,"{""kind"":""isotonic"",""n_fit"":115412,""n_steps"":63,""positives_fit"":20355}",12,0.43533562054022223,0.4377174125767993,44,ffe24a07175fcf0e1e0b2739908ad0c76edf8ae6b501264ae51617f689cfe208,"{""inner_holdout_log_loss_abs_diff_recorded"":5.3520587867339486e-05,""none_threshold_equal_recorded"":true,""raw_valid_probs_max_abs_diff_recorded"":null,""raw_valid_probs_sha256_equal_recorded"":null,""recorded_source"":""baseline_recovery_v2_classifier_compare_20261008_folds.csv""}",[],3.674242300003243,14.24866490000204,19.048202400001173
7_logistic_regression_fold5,7,logistic_regression,5,isotonic_inner_holdout,isotonic,inner_holdout,144266,36066,115412,28854,"{""C"":1.0}",0.25,0.25,0.43392494626377726,3.465724073644601e-10,0.6040403837835406,"{""kind"":""isotonic"",""n_fit"":28854,""n_steps"":45,""positives_fit"":5089}",11,0.43533562054022223,0.4377174125767993,44,3a9491d48843c2cf7a74f2c8e9d9ff557aea31efee497b39286bb1c40d43e0c1,"{""inner_holdout_log_loss_abs_diff_recorded"":5.3520587867339486e-05,""none_threshold_equal_recorded"":true,""raw_valid_probs_max_abs_diff_recorded"":null,""raw_valid_probs_sha256_equal_recorded"":null,""recorded_source"":""baseline_recovery_v2_classifier_compare_20261008_folds.csv""}",[],3.674242300003243,14.24866490000204,19.048202400001173
7_logistic_regression_fold5,7,logistic_regression,5,none,none,none,144266,36066,115412,28854,"{""C"":1.0}",0.25,0.25,0.43533562054022223,0.007863197734999652,0.6031392354921767,"{""kind"":""none"",""n_fit"":28854,""positives_fit"":5089}",0,0.43533562054022223,0.4377174125767993,44,6bfd1c99aab76376638948e574995af2a8ce6e75442d8ed47d42579d7ce4fc75,"{""inner_holdout_log_loss_abs_diff_recorded"":5.3520587867339486e-05,""none_threshold_equal_recorded"":true,""raw_valid_probs_max_abs_diff_recorded"":null,""raw_valid_probs_sha256_equal_recorded"":null,""recorded_source"":""baseline_recovery_v2_classifier_compare_20261008_folds.csv""}",[],3.674242300003243,14.24866490000204,19.048202400001173
7_logistic_regression_fold5,7,logistic_regression,5,platt_crossfit,platt,inner_train_crossfit,144266,36066,115412,28854,"{""C"":1.0}",0.25,0.25,0.4353745611825282,0.008281157354834137,0.60306560426511,"{""coef"":0.9768738167056337,""intercept"":-0.031524034428021756,""kind"":""platt"",""n_fit"":115412,""positives_fit"":20355}",0,0.43533562054022223,0.4377174125767993,44,2e673404575a45d4e402c937687b7639088e2a0d3a42a2a4755f90eea6588271,"{""inner_holdout_log_loss_abs_diff_recorded"":5.3520587867339486e-05,""none_threshold_equal_recorded"":true,""raw_valid_probs_max_abs_diff_recorded"":null,""raw_valid_probs_sha256_equal_recorded"":null,""recorded_source"":""baseline_recovery_v2_classifier_compare_20261008_folds.csv""}",[],3.674242300003243,14.24866490000204,19.048202400001173
7_logistic_regression_fold5,7,logistic_regression,5,platt_inner_holdout,platt,inner_holdout,144266,36066,115412,28854,"{""C"":1.0}",0.25,0.25,0.4353248390842383,0.0077877963338941845,0.6038076451597421,"{""coef"":1.0199047342832261,""intercept"":0.026853627861544913,""kind"":""platt"",""n_fit"":28854,""positives_fit"":5089}",0,0.43533562054022223,0.4377174125767993,44,20c6437edc09332bea6f427184835994eedc48f69b69383ee4ad95f5e19316f1,"{""inner_holdout_log_loss_abs_diff_recorded"":5.3520587867339486e-05,""none_threshold_equal_recorded"":true,""raw_valid_probs_max_abs_diff_recorded"":null,""raw_valid_probs_sha256_equal_recorded"":null,""recorded_source"":""baseline_recovery_v2_classifier_compare_20261008_folds.csv""}",[],3.674242300003243,14.24866490000204,19.048202400001173
7_random_forest_tuned_fold1,7,random_forest_tuned,1,isotonic_crossfit,isotonic,inner_train_crossfit,144265,36067,115412,28853,"{""max_features"":0.5,""min_samples_leaf"":25}",0.24,0.27,0.42875341652114807,0.008003868622207692,0.6137475621685873,"{""kind"":""isotonic"",""n_fit"":115412,""n_steps"":75,""positives_fit"":20355}",10,0.42882391102549344,0.4332663059388465,44,b032ea566995d7b21c947df27da7bd114bea71e86b26701fb12799b1e688e208,"{""inner_holdout_log_loss_abs_diff_recorded"":5.551115123125783e-17,""none_threshold_equal_recorded"":true,""raw_valid_probs_max_abs_diff_recorded"":2.220446049250313e-16,""raw_valid_probs_sha256_equal_recorded"":false,""recorded_source"":""baseline_recovery_v2_classifier_tuning_20261008_folds.csv""}",[],52.35805150000306,187.86939039999925,241.2669695000004
7_random_forest_tuned_fold1,7,random_forest_tuned,1,isotonic_inner_holdout,isotonic,inner_holdout,144265,36067,115412,28853,"{""max_features"":0.5,""min_samples_leaf"":25}",0.25,0.27,0.4269473535168806,2.772675468443025e-10,0.6154005939647534,"{""kind"":""isotonic"",""n_fit"":28853,""n_steps"":47,""positives_fit"":5089}",12,0.42882391102549344,0.4332663059388465,44,fe9ef3066d58328386f7eb4c1fd4e0b2fe12575e75c3c7a4dad56a7dcfece34d,"{""inner_holdout_log_loss_abs_diff_recorded"":5.551115123125783e-17,""none_threshold_equal_recorded"":true,""raw_valid_probs_max_abs_diff_recorded"":2.220446049250313e-16,""raw_valid_probs_sha256_equal_recorded"":false,""recorded_source"":""baseline_recovery_v2_classifier_tuning_20261008_folds.csv""}",[],52.35805150000306,187.86939039999925,241.2669695000004
7_random_forest_tuned_fold1,7,random_forest_tuned,1,none,none,none,144265,36067,115412,28853,"{""max_features"":0.5,""min_samples_leaf"":25}",0.27,0.27,0.42882391102549344,0.011636438307996858,0.6139711516863187,"{""kind"":""none"",""n_fit"":28853,""positives_fit"":5089}",0,0.42882391102549344,0.4332663059388465,44,d2e5c4d738dba4a26109af1d379fd82b83a78c2e12b89974754859314697704d,"{""inner_holdout_log_loss_abs_diff_recorded"":5.551115123125783e-17,""none_threshold_equal_recorded"":true,""raw_valid_probs_max_abs_diff_recorded"":2.220446049250313e-16,""raw_valid_probs_sha256_equal_recorded"":false,""recorded_source"":""baseline_recovery_v2_classifier_tuning_20261008_folds.csv""}",[],52.35805150000306,187.86939039999925,241.2669695000004
7_random_forest_tuned_fold1,7,random_forest_tuned,1,platt_crossfit,platt,inner_train_crossfit,144265,36067,115412,28853,"{""max_features"":0.5,""min_samples_leaf"":25}",0.26,0.27,0.4286238880542907,0.010127885286837677,0.6143275257607291,"{""coef"":1.04606678535328,""intercept"":0.05623442674760026,""kind"":""platt"",""n_fit"":115412,""positives_fit"":20355}",0,0.42882391102549344,0.4332663059388465,44,d38ae1519b3ca292336929aa184ec3ccaa866f79782c11d9f8ecf5768b10efed,"{""inner_holdout_log_loss_abs_diff_recorded"":5.551115123125783e-17,""none_threshold_equal_recorded"":true,""raw_valid_probs_max_abs_diff_recorded"":2.220446049250313e-16,""raw_valid_probs_sha256_equal_recorded"":false,""recorded_source"":""baseline_recovery_v2_classifier_tuning_20261008_folds.csv""}",[],52.35805150000306,187.86939039999925,241.2669695000004
7_random_forest_tuned_fold1,7,random_forest_tuned,1,platt_inner_holdout,platt,inner_holdout,144265,36067,115412,28853,"{""max_features"":0.5,""min_samples_leaf"":25}",0.26,0.27,0.4285290575190706,0.009650467328210696,0.6147350021343807,"{""coef"":1.102766032991413,""intercept"":0.14291569169777618,""kind"":""platt"",""n_fit"":28853,""positives_fit"":5089}",0,0.42882391102549344,0.4332663059388465,44,89ddf731ecab7d9d74a6b2ec82a637177bf9d99e3cd1d949a8efc6acfb483517,"{""inner_holdout_log_loss_abs_diff_recorded"":5.551115123125783e-17,""none_threshold_equal_recorded"":true,""raw_valid_probs_max_abs_diff_recorded"":2.220446049250313e-16,""raw_valid_probs_sha256_equal_recorded"":false,""recorded_source"":""baseline_recovery_v2_classifier_tuning_20261008_folds.csv""}",[],52.35805150000306,187.86939039999925,241.2669695000004
7_random_forest_tuned_fold2,7,random_forest_tuned,2,isotonic_crossfit,isotonic,inner_train_crossfit,144265,36067,115412,28853,"{""max_features"":0.7,""min_samples_leaf"":25}",0.27,0.26,0.43219597740502025,0.005152518460253555,0.6061341749330256,"{""kind"":""isotonic"",""n_fit"":115412,""n_steps"":84,""positives_fit"":20355}",9,0.4323003718704519,0.43219002093542763,44,d1a3290ea939ab7d2e31eaf71c979f0a43b708e9b727014a3b93658b49adee8a,"{""inner_holdout_log_loss_abs_diff_recorded"":0.0,""none_threshold_equal_recorded"":true,""raw_valid_probs_max_abs_diff_recorded"":2.220446049250313e-16,""raw_valid_probs_sha256_equal_recorded"":false,""recorded_source"":""baseline_recovery_v2_classifier_tuning_20261008_folds.csv""}",[],64.32128620000003,236.67745130000185,302.01662229999783
7_random_forest_tuned_fold2,7,random_forest_tuned,2,isotonic_inner_holdout,isotonic,inner_holdout,144265,36067,115412,28853,"{""max_features"":0.7,""min_samples_leaf"":25}",0.26,0.26,0.4304596383119567,3.4658443358892667e-10,0.6063985464908841,"{""kind"":""isotonic"",""n_fit"":28853,""n_steps"":36,""positives_fit"":5089}",13,0.4323003718704519,0.43219002093542763,44,58437d60a02241cf5490da9a30a8adf9fabb0f6415443de2584b2665deec9b32,"{""inner_holdout_log_loss_abs_diff_recorded"":0.0,""none_threshold_equal_recorded"":true,""raw_valid_probs_max_abs_diff_recorded"":2.220446049250313e-16,""raw_valid_probs_sha256_equal_recorded"":false,""recorded_source"":""baseline_recovery_v2_classifier_tuning_20261008_folds.csv""}",[],64.32128620000003,236.67745130000185,302.01662229999783
7_random_forest_tuned_fold2,7,random_forest_tuned,2,none,none,none,144265,36067,115412,28853,"{""max_features"":0.7,""min_samples_leaf"":25}",0.26,0.26,0.4323003718704519,0.007370957439034689,0.6062278777718171,"{""kind"":""none"",""n_fit"":28853,""positives_fit"":5089}",0,0.4323003718704519,0.43219002093542763,44,17fd7771bdd4d07ad94b76896239f5a033c096141d90aaf7e0d54734ffd0e85b,"{""inner_holdout_log_loss_abs_diff_recorded"":0.0,""none_threshold_equal_recorded"":true,""raw_valid_probs_max_abs_diff_recorded"":2.220446049250313e-16,""raw_valid_probs_sha256_equal_recorded"":false,""recorded_source"":""baseline_recovery_v2_classifier_tuning_20261008_folds.csv""}",[],64.32128620000003,236.67745130000185,302.01662229999783
7_random_forest_tuned_fold2,7,random_forest_tuned,2,platt_crossfit,platt,inner_train_crossfit,144265,36067,115412,28853,"{""max_features"":0.7,""min_samples_leaf"":25}",0.26,0.26,0.43229689983581226,0.006795915661082525,0.6060825267755426,"{""coef"":1.0281857919454174,""intercept"":0.0301978561879573,""kind"":""platt"",""n_fit"":115412,""positives_fit"":20355}",0,0.4323003718704519,0.43219002093542763,44,24dafd97777fc726fd3e0d970466f892e23abce3b3bfe6df4ece3c5f66043fd2,"{""inner_holdout_log_loss_abs_diff_recorded"":0.0,""none_threshold_equal_recorded"":true,""raw_valid_probs_max_abs_diff_recorded"":2.220446049250313e-16,""raw_valid_probs_sha256_equal_recorded"":false,""recorded_source"":""baseline_recovery_v2_classifier_tuning_20261008_folds.csv""}",[],64.32128620000003,236.67745130000185,302.01662229999783
7_random_forest_tuned_fold2,7,random_forest_tuned,2,platt_inner_holdout,platt,inner_holdout,144265,36067,115412,28853,"{""max_features"":0.7,""min_samples_leaf"":25}",0.25,0.26,0.4322901610067073,0.006749240363429815,0.6060486073184053,"{""coef"":1.0126431739792205,""intercept"":0.00886816067907896,""kind"":""platt"",""n_fit"":28853,""positives_fit"":5089}",0,0.4323003718704519,0.43219002093542763,44,0da1e58a84be11112267e2f7fbdb0b54aa35964606f5a4b4c7831b8ef1f7c552,"{""inner_holdout_log_loss_abs_diff_recorded"":0.0,""none_threshold_equal_recorded"":true,""raw_valid_probs_max_abs_diff_recorded"":2.220446049250313e-16,""raw_valid_probs_sha256_equal_recorded"":false,""recorded_source"":""baseline_recovery_v2_classifier_tuning_20261008_folds.csv""}",[],64.32128620000003,236.67745130000185,302.01662229999783
7_random_forest_tuned_fold3,7,random_forest_tuned,3,isotonic_crossfit,isotonic,inner_train_crossfit,144266,36066,115412,28854,"{""max_features"":0.5,""min_samples_leaf"":25}",0.26,0.25,0.43280331449918974,0.004417951481155699,0.6107298814722395,"{""kind"":""isotonic"",""n_fit"":115412,""n_steps"":80,""positives_fit"":20355}",4,0.43227966895565717,0.43310701952932495,44,e53aeac945288cb5af799d1cd746e50f9bbc8d2392b3a0bb43c689a0f0d0f853,"{""inner_holdout_log_loss_abs_diff_recorded"":5.551115123125783e-17,""none_threshold_equal_recorded"":true,""raw_valid_probs_max_abs_diff_recorded"":2.220446049250313e-16,""raw_valid_probs_sha256_equal_recorded"":false,""recorded_source"":""baseline_recovery_v2_classifier_tuning_20261008_folds.csv""}",[],43.796425600001385,163.73354709999694,208.46812400000272
7_random_forest_tuned_fold3,7,random_forest_tuned,3,isotonic_inner_holdout,isotonic,inner_holdout,144266,36066,115412,28854,"{""max_features"":0.5,""min_samples_leaf"":25}",0.25,0.25,0.4307203370908072,1.4158190881632847e-17,0.6116281211902009,"{""kind"":""isotonic"",""n_fit"":28854,""n_steps"":44,""positives_fit"":5089}",0,0.43227966895565717,0.43310701952932495,44,5bf04e613122a1601233a75df5f067142c49a3c67b8c4d7f43499d669231345b,"{""inner_holdout_log_loss_abs_diff_recorded"":5.551115123125783e-17,""none_threshold_equal_recorded"":true,""raw_valid_probs_max_abs_diff_recorded"":2.220446049250313e-16,""raw_valid_probs_sha256_equal_recorded"":false,""recorded_source"":""baseline_recovery_v2_classifier_tuning_20261008_folds.csv""}",[],43.796425600001385,163.73354709999694,208.46812400000272
7_random_forest_tuned_fold3,7,random_forest_tuned,3,none,none,none,144266,36066,115412,28854,"{""max_features"":0.5,""min_samples_leaf"":25}",0.25,0.25,0.43227966895565717,0.009706349132041806,0.6107806025306237,"{""kind"":""none"",""n_fit"":28854,""positives_fit"":5089}",0,0.43227966895565717,0.43310701952932495,44,f20cc92713c006d302aaf16967ee94982e0415194c5e2409759b93c199d8cd53,"{""inner_holdout_log_loss_abs_diff_recorded"":5.551115123125783e-17,""none_threshold_equal_recorded"":true,""raw_valid_probs_max_abs_diff_recorded"":2.220446049250313e-16,""raw_valid_probs_sha256_equal_recorded"":false,""recorded_source"":""baseline_recovery_v2_classifier_tuning_20261008_folds.csv""}",[],43.796425600001385,163.73354709999694,208.46812400000272
7_random_forest_tuned_fold3,7,random_forest_tuned,3,platt_crossfit,platt,inner_train_crossfit,144266,36066,115412,28854,"{""max_features"":0.5,""min_samples_leaf"":25}",0.25,0.25,0.4322501592045744,0.008843729710671443,0.6105022782977453,"{""coef"":1.04226347095141,""intercept"":0.05222937405829689,""kind"":""platt"",""n_fit"":115412,""positives_fit"":20355}",0,0.43227966895565717,0.43310701952932495,44,a2f4c60c914119e4618f36c219c72e83bda5257d53ab3105f2090470a37ca247,"{""inner_holdout_log_loss_abs_diff_recorded"":5.551115123125783e-17,""none_threshold_equal_recorded"":true,""raw_valid_probs_max_abs_diff_recorded"":2.220446049250313e-16,""raw_valid_probs_sha256_equal_recorded"":false,""recorded_source"":""baseline_recovery_v2_classifier_tuning_20261008_folds.csv""}",[],43.796425600001385,163.73354709999694,208.46812400000272
7_random_forest_tuned_fold3,7,random_forest_tuned,3,platt_inner_holdout,platt,inner_holdout,144266,36066,115412,28854,"{""max_features"":0.5,""min_samples_leaf"":25}",0.26,0.25,0.43224742987961673,0.009013519758128518,0.6105027571763757,"{""coef"":1.0316875160075458,""intercept"":0.037856373915469296,""kind"":""platt"",""n_fit"":28854,""positives_fit"":5089}",0,0.43227966895565717,0.43310701952932495,44,c9f0b490103863931ad3887f2b2a2264ddc08d2e722518b38ae7a1f759cdf0b9,"{""inner_holdout_log_loss_abs_diff_recorded"":5.551115123125783e-17,""none_threshold_equal_recorded"":true,""raw_valid_probs_max_abs_diff_recorded"":2.220446049250313e-16,""raw_valid_probs_sha256_equal_recorded"":false,""recorded_source"":""baseline_recovery_v2_classifier_tuning_20261008_folds.csv""}",[],43.796425600001385,163.73354709999694,208.46812400000272
7_random_forest_tuned_fold4,7,random_forest_tuned,4,isotonic_crossfit,isotonic,inner_train_crossfit,144266,36066,115412,28854,"{""max_features"":0.5,""min_samples_leaf"":25}",0.25,0.25,0.4311530084085778,0.006495613975161566,0.6113014698425674,"{""kind"":""isotonic"",""n_fit"":115412,""n_steps"":68,""positives_fit"":20355}",39,0.4308563499687962,0.4326857459918712,44,b66b4585d6f5d53303beeff1b56167a3c21892df804f9ee96d1ebdd7979da478,"{""inner_holdout_log_loss_abs_diff_recorded"":0.0,""none_threshold_equal_recorded"":true,""raw_valid_probs_max_abs_diff_recorded"":2.220446049250313e-16,""raw_valid_probs_sha256_equal_recorded"":false,""recorded_source"":""baseline_recovery_v2_classifier_tuning_20261008_folds.csv""}",[],44.76432829999976,169.35372410000127,215.14663849999852
7_random_forest_tuned_fold4,7,random_forest_tuned,4,isotonic_inner_holdout,isotonic,inner_holdout,144266,36066,115412,28854,"{""max_features"":0.5,""min_samples_leaf"":25}",0.26,0.25,0.42900114399026457,7.624593023645234e-10,0.6118777198607922,"{""kind"":""isotonic"",""n_fit"":28854,""n_steps"":55,""positives_fit"":5089}",11,0.4308563499687962,0.4326857459918712,44,340138e07459100ed54a9c5cd4863f4ee2c9634f99679550feb9f7740c9cf869,"{""inner_holdout_log_loss_abs_diff_recorded"":0.0,""none_threshold_equal_recorded"":true,""raw_valid_probs_max_abs_diff_recorded"":2.220446049250313e-16,""raw_valid_probs_sha256_equal_recorded"":false,""recorded_source"":""baseline_recovery_v2_classifier_tuning_20261008_folds.csv""}",[],44.76432829999976,169.35372410000127,215.14663849999852
7_random_forest_tuned_fold4,7,random_forest_tuned,4,none,none,none,144266,36066,115412,28854,"{""max_features"":0.5,""min_samples_leaf"":25}",0.25,0.25,0.4308563499687962,0.010031737621439236,0.610872168060128,"{""kind"":""none"",""n_fit"":28854,""positives_fit"":5089}",0,0.4308563499687962,0.4326857459918712,44,13cc6964ef445220951133bac656eafb65c10a770671f045d991590e82ae50f2,"{""inner_holdout_log_loss_abs_diff_recorded"":0.0,""none_threshold_equal_recorded"":true,""raw_valid_probs_max_abs_diff_recorded"":2.220446049250313e-16,""raw_valid_probs_sha256_equal_recorded"":false,""recorded_source"":""baseline_recovery_v2_classifier_tuning_20261008_folds.csv""}",[],44.76432829999976,169.35372410000127,215.14663849999852
7_random_forest_tuned_fold4,7,random_forest_tuned,4,platt_crossfit,platt,inner_train_crossfit,144266,36066,115412,28854,"{""max_features"":0.5,""min_samples_leaf"":25}",0.26,0.25,0.43072842081285556,0.008965563973359469,0.611125504084142,"{""coef"":1.0493647797988672,""intercept"":0.06240706468899947,""kind"":""platt"",""n_fit"":115412,""positives_fit"":20355}",0,0.4308563499687962,0.4326857459918712,44,6119b5c679cd87dd74e39de98d7a48ca4c38f63b64178d1b3fb9ee5955e87334,"{""inner_holdout_log_loss_abs_diff_recorded"":0.0,""none_threshold_equal_recorded"":true,""raw_valid_probs_max_abs_diff_recorded"":2.220446049250313e-16,""raw_valid_probs_sha256_equal_recorded"":false,""recorded_source"":""baseline_recovery_v2_classifier_tuning_20261008_folds.csv""}",[],44.76432829999976,169.35372410000127,215.14663849999852
7_random_forest_tuned_fold4,7,random_forest_tuned,4,platt_inner_holdout,platt,inner_holdout,144266,36066,115412,28854,"{""max_features"":0.5,""min_samples_leaf"":25}",0.25,0.25,0.43071542786580225,0.008588970587299035,0.610842172596521,"{""coef"":1.068296600573485,""intercept"":0.08320352300987031,""kind"":""platt"",""n_fit"":28854,""positives_fit"":5089}",0,0.4308563499687962,0.4326857459918712,44,92f743fd3bcc222d140aa0003752cac0d5d1674acc10cc0ac1e47f580ab34faa,"{""inner_holdout_log_loss_abs_diff_recorded"":0.0,""none_threshold_equal_recorded"":true,""raw_valid_probs_max_abs_diff_recorded"":2.220446049250313e-16,""raw_valid_probs_sha256_equal_recorded"":false,""recorded_source"":""baseline_recovery_v2_classifier_tuning_20261008_folds.csv""}",[],44.76432829999976,169.35372410000127,215.14663849999852
7_random_forest_tuned_fold5,7,random_forest_tuned,5,isotonic_crossfit,isotonic,inner_train_crossfit,144266,36066,115412,28854,"{""max_features"":0.5,""min_samples_leaf"":25}",0.24,0.25,0.42943780613773364,0.003947309635327031,0.6124365292258852,"{""kind"":""isotonic"",""n_fit"":115412,""n_steps"":79,""positives_fit"":20355}",23,0.4295342087260798,0.43212200035255033,44,a47fd52f4cdf0da7c9a143d5b0a50c2d64654bb0157a3e702871d82989490694,"{""inner_holdout_log_loss_abs_diff_recorded"":0.0,""none_threshold_equal_recorded"":true,""raw_valid_probs_max_abs_diff_recorded"":2.220446049250313e-16,""raw_valid_probs_sha256_equal_recorded"":false,""recorded_source"":""baseline_recovery_v2_classifier_tuning_20261008_folds.csv""}",[],44.71849939999811,168.9215815000025,214.5872481999977
7_random_forest_tuned_fold5,7,random_forest_tuned,5,isotonic_inner_holdout,isotonic,inner_holdout,144266,36066,115412,28854,"{""max_features"":0.5,""min_samples_leaf"":25}",0.25,0.25,0.4277655673782898,4.852013633123839e-10,0.6128832748785814,"{""kind"":""isotonic"",""n_fit"":28854,""n_steps"":55,""positives_fit"":5089}",23,0.4295342087260798,0.43212200035255033,44,74505cd57e4140bf47d9d0fb03f1e70aca477e1eaaa2e01de9016386d02c1849,"{""inner_holdout_log_loss_abs_diff_recorded"":0.0,""none_threshold_equal_recorded"":true,""raw_valid_probs_max_abs_diff_recorded"":2.220446049250313e-16,""raw_valid_probs_sha256_equal_recorded"":false,""recorded_source"":""baseline_recovery_v2_classifier_tuning_20261008_folds.csv""}",[],44.71849939999811,168.9215815000025,214.5872481999977
7_random_forest_tuned_fold5,7,random_forest_tuned,5,none,none,none,144266,36066,115412,28854,"{""max_features"":0.5,""min_samples_leaf"":25}",0.25,0.25,0.4295342087260798,0.0082804143336606,0.6114304962749312,"{""kind"":""none"",""n_fit"":28854,""positives_fit"":5089}",0,0.4295342087260798,0.43212200035255033,44,2809d511a590ef98a28762c0180d6770b74dbcbf30e3eb7e9c74550429265524,"{""inner_holdout_log_loss_abs_diff_recorded"":0.0,""none_threshold_equal_recorded"":true,""raw_valid_probs_max_abs_diff_recorded"":2.220446049250313e-16,""raw_valid_probs_sha256_equal_recorded"":false,""recorded_source"":""baseline_recovery_v2_classifier_tuning_20261008_folds.csv""}",[],44.71849939999811,168.9215815000025,214.5872481999977
7_random_forest_tuned_fold5,7,random_forest_tuned,5,platt_crossfit,platt,inner_train_crossfit,144266,36066,115412,28854,"{""max_features"":0.5,""min_samples_leaf"":25}",0.25,0.25,0.42934599498277026,0.006118144989983558,0.6118990744091799,"{""coef"":1.053088047623309,""intercept"":0.06633403161340126,""kind"":""platt"",""n_fit"":115412,""positives_fit"":20355}",0,0.4295342087260798,0.43212200035255033,44,46b8dcc50e22676b8697913e1d328f6da839e038d931a4fbc4f3e75beb2ca01e,"{""inner_holdout_log_loss_abs_diff_recorded"":0.0,""none_threshold_equal_recorded"":true,""raw_valid_probs_max_abs_diff_recorded"":2.220446049250313e-16,""raw_valid_probs_sha256_equal_recorded"":false,""recorded_source"":""baseline_recovery_v2_classifier_tuning_20261008_folds.csv""}",[],44.71849939999811,168.9215815000025,214.5872481999977
7_random_forest_tuned_fold5,7,random_forest_tuned,5,platt_inner_holdout,platt,inner_holdout,144266,36066,115412,28854,"{""max_features"":0.5,""min_samples_leaf"":25}",0.25,0.25,0.42930669912191727,0.0057390396550051756,0.6126031624353354,"{""coef"":1.0895494426760572,""intercept"":0.1203116320349221,""kind"":""platt"",""n_fit"":28854,""positives_fit"":5089}",0,0.4295342087260798,0.43212200035255033,44,97136b51ec5a1c16f6cdeb3f62fef32358776097ecb29a500c12b3da70d09ab0,"{""inner_holdout_log_loss_abs_diff_recorded"":0.0,""none_threshold_equal_recorded"":true,""raw_valid_probs_max_abs_diff_recorded"":2.220446049250313e-16,""raw_valid_probs_sha256_equal_recorded"":false,""recorded_source"":""baseline_recovery_v2_classifier_tuning_20261008_folds.csv""}",[],44.71849939999811,168.9215815000025,214.5872481999977
42_lightgbm_tuned_fold1,42,lightgbm_tuned,1,isotonic_crossfit,isotonic,inner_train_crossfit,144265,36067,115412,28853,"{""learning_rate"":0.03,""min_child_samples"":20,""n_estimators"":150,""num_leaves"":63,""subsample"":0.8,""subsample_freq"":0}",0.24,0.23,0.437715240511897,0.00688072599090356,0.5999846544526692,"{""kind"":""isotonic"",""n_fit"":115412,""n_steps"":87,""positives_fit"":20355}",37,0.43745142753195343,0.4369062251187261,44,bdda02792e641149880770f7c1ba482feaf2868ffee0c3c1d52b55af13c40ab1,"{""inner_holdout_log_loss_abs_diff_recorded"":5.551115123125783e-17,""none_threshold_equal_recorded"":true,""raw_valid_probs_max_abs_diff_recorded"":0.0,""raw_valid_probs_sha256_equal_recorded"":true,""recorded_source"":""baseline_recovery_v2_classifier_tuning_20261008_folds.csv""}",[],2.2643203000006906,9.121588600002724,12.54424199999994
42_lightgbm_tuned_fold1,42,lightgbm_tuned,1,isotonic_inner_holdout,isotonic,inner_holdout,144265,36067,115412,28853,"{""learning_rate"":0.03,""min_child_samples"":20,""n_estimators"":150,""num_leaves"":63,""subsample"":0.8,""subsample_freq"":0}",0.23,0.23,0.4361788077032468,3.4658468567858386e-11,0.601069626274904,"{""kind"":""isotonic"",""n_fit"":28853,""n_steps"":50,""positives_fit"":5089}",9,0.43745142753195343,0.4369062251187261,44,9febef2e82d9ec5a91511b0679c82b194da020b187ef662bcdf5858693d4c3dc,"{""inner_holdout_log_loss_abs_diff_recorded"":5.551115123125783e-17,""none_threshold_equal_recorded"":true,""raw_valid_probs_max_abs_diff_recorded"":0.0,""raw_valid_probs_sha256_equal_recorded"":true,""recorded_source"":""baseline_recovery_v2_classifier_tuning_20261008_folds.csv""}",[],2.2643203000006906,9.121588600002724,12.54424199999994
42_lightgbm_tuned_fold1,42,lightgbm_tuned,1,none,none,none,144265,36067,115412,28853,"{""learning_rate"":0.03,""min_child_samples"":20,""n_estimators"":150,""num_leaves"":63,""subsample"":0.8,""subsample_freq"":0}",0.23,0.23,0.43745142753195343,0.006346689053170998,0.6005861571664844,"{""kind"":""none"",""n_fit"":28853,""positives_fit"":5089}",0,0.43745142753195343,0.4369062251187261,44,532ae39f539a187d0879c57223814447023267980f878b4b514573130d5a491f,"{""inner_holdout_log_loss_abs_diff_recorded"":5.551115123125783e-17,""none_threshold_equal_recorded"":true,""raw_valid_probs_max_abs_diff_recorded"":0.0,""raw_valid_probs_sha256_equal_recorded"":true,""recorded_source"":""baseline_recovery_v2_classifier_tuning_20261008_folds.csv""}",[],2.2643203000006906,9.121588600002724,12.54424199999994
42_lightgbm_tuned_fold1,42,lightgbm_tuned,1,platt_crossfit,platt,inner_train_crossfit,144265,36067,115412,28853,"{""learning_rate"":0.03,""min_child_samples"":20,""n_estimators"":150,""num_leaves"":63,""subsample"":0.8,""subsample_freq"":0}",0.24,0.23,0.437382119869095,0.004934417828530804,0.600013272390164,"{""coef"":1.0828158328176414,""intercept"":0.15837603869282338,""kind"":""platt"",""n_fit"":115412,""positives_fit"":20355}",0,0.43745142753195343,0.4369062251187261,44,c938435d0848325f35beba0c9edd85c5ebf2cad5ccb0ebde2647d4e970b6860f,"{""inner_holdout_log_loss_abs_diff_recorded"":5.551115123125783e-17,""none_threshold_equal_recorded"":true,""raw_valid_probs_max_abs_diff_recorded"":0.0,""raw_valid_probs_sha256_equal_recorded"":true,""recorded_source"":""baseline_recovery_v2_classifier_tuning_20261008_folds.csv""}",[],2.2643203000006906,9.121588600002724,12.54424199999994
42_lightgbm_tuned_fold1,42,lightgbm_tuned,1,platt_inner_holdout,platt,inner_holdout,144265,36067,115412,28853,"{""learning_rate"":0.03,""min_child_samples"":20,""n_estimators"":150,""num_leaves"":63,""subsample"":0.8,""subsample_freq"":0}",0.24,0.23,0.4373460549647851,0.00414552155856279,0.6006481723827158,"{""coef"":1.0486653225985938,""intercept"":0.09727372572645582,""kind"":""platt"",""n_fit"":28853,""positives_fit"":5089}",0,0.43745142753195343,0.4369062251187261,44,cc938b6aa29d181f64e5c395d2c6ae08b94e7213dc259ef77d314eb14454d1ed,"{""inner_holdout_log_loss_abs_diff_recorded"":5.551115123125783e-17,""none_threshold_equal_recorded"":true,""raw_valid_probs_max_abs_diff_recorded"":0.0,""raw_valid_probs_sha256_equal_recorded"":true,""recorded_source"":""baseline_recovery_v2_classifier_tuning_20261008_folds.csv""}",[],2.2643203000006906,9.121588600002724,12.54424199999994
42_lightgbm_tuned_fold2,42,lightgbm_tuned,2,isotonic_crossfit,isotonic,inner_train_crossfit,144265,36067,115412,28853,"{""learning_rate"":0.03,""min_child_samples"":20,""n_estimators"":150,""num_leaves"":127,""subsample"":0.8,""subsample_freq"":0}",0.25,0.24,0.4374622182902516,0.010323313358174898,0.6019409395053636,"{""kind"":""isotonic"",""n_fit"":115412,""n_steps"":69,""positives_fit"":20355}",2,0.4374315516020146,0.43623756071020026,44,b837f959be5dcaf462b9e80f674f66fb95d73684ff82c9f99aaa8776a0a536ee,"{""inner_holdout_log_loss_abs_diff_recorded"":0.0,""none_threshold_equal_recorded"":true,""raw_valid_probs_max_abs_diff_recorded"":0.0,""raw_valid_probs_sha256_equal_recorded"":true,""recorded_source"":""baseline_recovery_v2_classifier_tuning_20261008_folds.csv""}",[],2.4653665000005276,9.622965599999588,13.186331000000791
42_lightgbm_tuned_fold2,42,lightgbm_tuned,2,isotonic_inner_holdout,isotonic,inner_holdout,144265,36067,115412,28853,"{""learning_rate"":0.03,""min_child_samples"":20,""n_estimators"":150,""num_leaves"":127,""subsample"":0.8,""subsample_freq"":0}",0.25,0.24,0.43586204312454796,6.585103993641756e-10,0.6021335239902121,"{""kind"":""isotonic"",""n_fit"":28853,""n_steps"":41,""positives_fit"":5089}",14,0.4374315516020146,0.43623756071020026,44,0b317b76e7abb2f6c6b27a2380d25b9cd40ae63b97804892bf8904ad06a38297,"{""inner_holdout_log_loss_abs_diff_recorded"":0.0,""none_threshold_equal_recorded"":true,""raw_valid_probs_max_abs_diff_recorded"":0.0,""raw_valid_probs_sha256_equal_recorded"":true,""recorded_source"":""baseline_recovery_v2_classifier_tuning_20261008_folds.csv""}",[],2.4653665000005276,9.622965599999588,13.186331000000791
42_lightgbm_tuned_fold2,42,lightgbm_tuned,2,none,none,none,144265,36067,115412,28853,"{""learning_rate"":0.03,""min_child_samples"":20,""n_estimators"":150,""num_leaves"":127,""subsample"":0.8,""subsample_freq"":0}",0.24,0.24,0.4374315516020146,0.009266269761489374,0.6015023217077428,"{""kind"":""none"",""n_fit"":28853,""positives_fit"":5089}",0,0.4374315516020146,0.43623756071020026,44,9ce508530477d8114d38f624367fd38d6e2472a80ea4f334d33dda7ec418b936,"{""inner_holdout_log_loss_abs_diff_recorded"":0.0,""none_threshold_equal_recorded"":true,""raw_valid_probs_max_abs_diff_recorded"":0.0,""raw_valid_probs_sha256_equal_recorded"":true,""recorded_source"":""baseline_recovery_v2_classifier_tuning_20261008_folds.csv""}",[],2.4653665000005276,9.622965599999588,13.186331000000791
42_lightgbm_tuned_fold2,42,lightgbm_tuned,2,platt_crossfit,platt,inner_train_crossfit,144265,36067,115412,28853,"{""learning_rate"":0.03,""min_child_samples"":20,""n_estimators"":150,""num_leaves"":127,""subsample"":0.8,""subsample_freq"":0}",0.25,0.24,0.4374392314154336,0.00963878808734826,0.6016448899240872,"{""coef"":1.0905495980869309,""intercept"":0.17425216819186148,""kind"":""platt"",""n_fit"":115412,""positives_fit"":20355}",0,0.4374315516020146,0.43623756071020026,44,8f011a03157f602758e104f3d039f6d43029a4c99c126867a1049e1ac755d1fb,"{""inner_holdout_log_loss_abs_diff_recorded"":0.0,""none_threshold_equal_recorded"":true,""raw_valid_probs_max_abs_diff_recorded"":0.0,""raw_valid_probs_sha256_equal_recorded"":true,""recorded_source"":""baseline_recovery_v2_classifier_tuning_20261008_folds.csv""}",[],2.4653665000005276,9.622965599999588,13.186331000000791
42_lightgbm_tuned_fold2,42,lightgbm_tuned,2,platt_inner_holdout,platt,inner_holdout,144265,36067,115412,28853,"{""learning_rate"":0.03,""min_child_samples"":20,""n_estimators"":150,""num_leaves"":127,""subsample"":0.8,""subsample_freq"":0}",0.24,0.24,0.4373498531087391,0.009024137941850528,0.6016950546359809,"{""coef"":1.0352328155627886,""intercept"":0.07870924700769055,""kind"":""platt"",""n_fit"":28853,""positives_fit"":5089}",0,0.4374315516020146,0.43623756071020026,44,e5aaecb5cf86135777ffee6012098466bc573335ec0de3551eb4485cffdf9e0f,"{""inner_holdout_log_loss_abs_diff_recorded"":0.0,""none_threshold_equal_recorded"":true,""raw_valid_probs_max_abs_diff_recorded"":0.0,""raw_valid_probs_sha256_equal_recorded"":true,""recorded_source"":""baseline_recovery_v2_classifier_tuning_20261008_folds.csv""}",[],2.4653665000005276,9.622965599999588,13.186331000000791
42_lightgbm_tuned_fold3,42,lightgbm_tuned,3,isotonic_crossfit,isotonic,inner_train_crossfit,144266,36066,115412,28854,"{""learning_rate"":0.03,""min_child_samples"":20,""n_estimators"":150,""num_leaves"":63,""subsample"":0.8,""subsample_freq"":0}",0.26,0.24,0.434766037791682,0.006499105114444163,0.6043703271438099,"{""kind"":""isotonic"",""n_fit"":115412,""n_steps"":77,""positives_fit"":20355}",2,0.43460422878472055,0.43703447484392977,44,ab1060549a83cf6eac5331d367a3bf2a512ddf4dfb1ec01153244a73f4f4520c,"{""inner_holdout_log_loss_abs_diff_recorded"":5.551115123125783e-17,""none_threshold_equal_recorded"":true,""raw_valid_probs_max_abs_diff_recorded"":0.0,""raw_valid_probs_sha256_equal_recorded"":true,""recorded_source"":""baseline_recovery_v2_classifier_tuning_20261008_folds.csv""}",[],2.2772607000006246,8.94765019999977,12.306110999998054
42_lightgbm_tuned_fold3,42,lightgbm_tuned,3,isotonic_inner_holdout,isotonic,inner_holdout,144266,36066,115412,28854,"{""learning_rate"":0.03,""min_child_samples"":20,""n_estimators"":150,""num_leaves"":63,""subsample"":0.8,""subsample_freq"":0}",0.24,0.24,0.4329917391493182,3.119151669343412e-10,0.6063961699945939,"{""kind"":""isotonic"",""n_fit"":28854,""n_steps"":52,""positives_fit"":5089}",27,0.43460422878472055,0.43703447484392977,44,433de121b3fc23b0f35cdc00d4d3d03246b9a180d444872d77126dd68b0eae1d,"{""inner_holdout_log_loss_abs_diff_recorded"":5.551115123125783e-17,""none_threshold_equal_recorded"":true,""raw_valid_probs_max_abs_diff_recorded"":0.0,""raw_valid_probs_sha256_equal_recorded"":true,""recorded_source"":""baseline_recovery_v2_classifier_tuning_20261008_folds.csv""}",[],2.2772607000006246,8.94765019999977,12.306110999998054
42_lightgbm_tuned_fold3,42,lightgbm_tuned,3,none,none,none,144266,36066,115412,28854,"{""learning_rate"":0.03,""min_child_samples"":20,""n_estimators"":150,""num_leaves"":63,""subsample"":0.8,""subsample_freq"":0}",0.24,0.24,0.43460422878472055,0.009108125448113943,0.605869095007103,"{""kind"":""none"",""n_fit"":28854,""positives_fit"":5089}",0,0.43460422878472055,0.43703447484392977,44,1852394cfeb63d0bbe0574d23838dc86d8a7bb3fa1cb2422308c72757a0fcb2a,"{""inner_holdout_log_loss_abs_diff_recorded"":5.551115123125783e-17,""none_threshold_equal_recorded"":true,""raw_valid_probs_max_abs_diff_recorded"":0.0,""raw_valid_probs_sha256_equal_recorded"":true,""recorded_source"":""baseline_recovery_v2_classifier_tuning_20261008_folds.csv""}",[],2.2772607000006246,8.94765019999977,12.306110999998054
42_lightgbm_tuned_fold3,42,lightgbm_tuned,3,platt_crossfit,platt,inner_train_crossfit,144266,36066,115412,28854,"{""learning_rate"":0.03,""min_child_samples"":20,""n_estimators"":150,""num_leaves"":63,""subsample"":0.8,""subsample_freq"":0}",0.25,0.24,0.43420502520866566,0.0058154298208999726,0.6051699609499019,"{""coef"":1.0904370603698421,""intercept"":0.17028736232835756,""kind"":""platt"",""n_fit"":115412,""positives_fit"":20355}",0,0.43460422878472055,0.43703447484392977,44,f850ec631faa47752cb1c9d4742f023a14d885fd26ace1d9598337eb8ea0e0fd,"{""inner_holdout_log_loss_abs_diff_recorded"":5.551115123125783e-17,""none_threshold_equal_recorded"":true,""raw_valid_probs_max_abs_diff_recorded"":0.0,""raw_valid_probs_sha256_equal_recorded"":true,""recorded_source"":""baseline_recovery_v2_classifier_tuning_20261008_folds.csv""}",[],2.2772607000006246,8.94765019999977,12.306110999998054
42_lightgbm_tuned_fold3,42,lightgbm_tuned,3,platt_inner_holdout,platt,inner_holdout,144266,36066,115412,28854,"{""learning_rate"":0.03,""min_child_samples"":20,""n_estimators"":150,""num_leaves"":63,""subsample"":0.8,""subsample_freq"":0}",0.25,0.24,0.4341718404508286,0.005710558747084995,0.6052099326158813,"{""coef"":1.1245659909245826,""intercept"":0.212495523529148,""kind"":""platt"",""n_fit"":28854,""positives_fit"":5089}",0,0.43460422878472055,0.43703447484392977,44,7462af8b15a5d08a2503fc734a1c5a84c66c625da588a0dd0e56c55b75181ba3,"{""inner_holdout_log_loss_abs_diff_recorded"":5.551115123125783e-17,""none_threshold_equal_recorded"":true,""raw_valid_probs_max_abs_diff_recorded"":0.0,""raw_valid_probs_sha256_equal_recorded"":true,""recorded_source"":""baseline_recovery_v2_classifier_tuning_20261008_folds.csv""}",[],2.2772607000006246,8.94765019999977,12.306110999998054
42_lightgbm_tuned_fold4,42,lightgbm_tuned,4,isotonic_crossfit,isotonic,inner_train_crossfit,144266,36066,115412,28854,"{""learning_rate"":0.03,""min_child_samples"":20,""n_estimators"":150,""num_leaves"":127,""subsample"":0.8,""subsample_freq"":0}",0.26,0.24,0.4342292556187871,0.008053403908462218,0.6021447637511058,"{""kind"":""isotonic"",""n_fit"":115412,""n_steps"":68,""positives_fit"":20355}",42,0.4346402090029233,0.43868586982833396,44,86fe6d3a7d1b659e2027a411c92d23d91760306d3d89ef5e5665180f8a3ddd16,"{""inner_holdout_log_loss_abs_diff_recorded"":0.0,""none_threshold_equal_recorded"":true,""raw_valid_probs_max_abs_diff_recorded"":0.0,""raw_valid_probs_sha256_equal_recorded"":true,""recorded_source"":""baseline_recovery_v2_classifier_tuning_20261008_folds.csv""}",[],2.370698299997457,9.580441800000699,13.071631000002526
42_lightgbm_tuned_fold4,42,lightgbm_tuned,4,isotonic_inner_holdout,isotonic,inner_holdout,144266,36066,115412,28854,"{""learning_rate"":0.03,""min_child_samples"":20,""n_estimators"":150,""num_leaves"":127,""subsample"":0.8,""subsample_freq"":0}",0.25,0.24,0.4328138436810534,1.7328619994560658e-09,0.603929804082095,"{""kind"":""isotonic"",""n_fit"":28854,""n_steps"":55,""positives_fit"":5089}",68,0.4346402090029233,0.43868586982833396,44,4e8741514c7f19833e5e26f7c7846235008595a55af2b00437023bded6073329,"{""inner_holdout_log_loss_abs_diff_recorded"":0.0,""none_threshold_equal_recorded"":true,""raw_valid_probs_max_abs_diff_recorded"":0.0,""raw_valid_probs_sha256_equal_recorded"":true,""recorded_source"":""baseline_recovery_v2_classifier_tuning_20261008_folds.csv""}",[],2.370698299997457,9.580441800000699,13.071631000002526
42_lightgbm_tuned_fold4,42,lightgbm_tuned,4,none,none,none,144266,36066,115412,28854,"{""learning_rate"":0.03,""min_child_samples"":20,""n_estimators"":150,""num_leaves"":127,""subsample"":0.8,""subsample_freq"":0}",0.24,0.24,0.4346402090029233,0.01045388804860592,0.603378203097899,"{""kind"":""none"",""n_fit"":28854,""positives_fit"":5089}",0,0.4346402090029233,0.43868586982833396,44,7182468ed0543153aaffabcc5fd85649795be73b1b644b2d779fa2409e4794ff,"{""inner_holdout_log_loss_abs_diff_recorded"":0.0,""none_threshold_equal_recorded"":true,""raw_valid_probs_max_abs_diff_recorded"":0.0,""raw_valid_probs_sha256_equal_recorded"":true,""recorded_source"":""baseline_recovery_v2_classifier_tuning_20261008_folds.csv""}",[],2.370698299997457,9.580441800000699,13.071631000002526
42_lightgbm_tuned_fold4,42,lightgbm_tuned,4,platt_crossfit,platt,inner_train_crossfit,144266,36066,115412,28854,"{""learning_rate"":0.03,""min_child_samples"":20,""n_estimators"":150,""num_leaves"":127,""subsample"":0.8,""subsample_freq"":0}",0.25,0.24,0.4342451740001756,0.007713532105001137,0.6027550180916552,"{""coef"":1.0704090658391665,""intercept"":0.146302779345307,""kind"":""platt"",""n_fit"":115412,""positives_fit"":20355}",0,0.4346402090029233,0.43868586982833396,44,4028fc5d3a81011a7397b32c0af7b6e79611877e47480add83d952223a09ad31,"{""inner_holdout_log_loss_abs_diff_recorded"":0.0,""none_threshold_equal_recorded"":true,""raw_valid_probs_max_abs_diff_recorded"":0.0,""raw_valid_probs_sha256_equal_recorded"":true,""recorded_source"":""baseline_recovery_v2_classifier_tuning_20261008_folds.csv""}",[],2.370698299997457,9.580441800000699,13.071631000002526
42_lightgbm_tuned_fold4,42,lightgbm_tuned,4,platt_inner_holdout,platt,inner_holdout,144266,36066,115412,28854,"{""learning_rate"":0.03,""min_child_samples"":20,""n_estimators"":150,""num_leaves"":127,""subsample"":0.8,""subsample_freq"":0}",0.26,0.24,0.43412421219400543,0.006981566073976982,0.6029022175660244,"{""coef"":1.1392023864437149,""intercept"":0.23543999735608412,""kind"":""platt"",""n_fit"":28854,""positives_fit"":5089}",0,0.4346402090029233,0.43868586982833396,44,2e2a96f707e457c75cb6d192e92fa85941f2fd6bbca3171a9a60cae0df7ddc6f,"{""inner_holdout_log_loss_abs_diff_recorded"":0.0,""none_threshold_equal_recorded"":true,""raw_valid_probs_max_abs_diff_recorded"":0.0,""raw_valid_probs_sha256_equal_recorded"":true,""recorded_source"":""baseline_recovery_v2_classifier_tuning_20261008_folds.csv""}",[],2.370698299997457,9.580441800000699,13.071631000002526
42_lightgbm_tuned_fold5,42,lightgbm_tuned,5,isotonic_crossfit,isotonic,inner_train_crossfit,144266,36066,115412,28854,"{""learning_rate"":0.03,""min_child_samples"":20,""n_estimators"":150,""num_leaves"":63,""subsample"":0.8,""subsample_freq"":0}",0.23,0.23,0.4355506646634884,0.006614023445392268,0.5988858298828008,"{""kind"":""isotonic"",""n_fit"":115412,""n_steps"":74,""positives_fit"":20355}",2,0.43590030378902683,0.4368146009785,44,0f66cf066dc62304227ba135f0c5b6ff13accc26ef520ff0fbabb5ab3154ff94,"{""inner_holdout_log_loss_abs_diff_recorded"":5.551115123125783e-17,""none_threshold_equal_recorded"":true,""raw_valid_probs_max_abs_diff_recorded"":0.0,""raw_valid_probs_sha256_equal_recorded"":true,""recorded_source"":""baseline_recovery_v2_classifier_tuning_20261008_folds.csv""}",[],2.215243000002374,8.838109699998313,12.136740100002498
42_lightgbm_tuned_fold5,42,lightgbm_tuned,5,isotonic_inner_holdout,isotonic,inner_holdout,144266,36066,115412,28854,"{""learning_rate"":0.03,""min_child_samples"":20,""n_estimators"":150,""num_leaves"":63,""subsample"":0.8,""subsample_freq"":0}",0.25,0.23,0.43415197385991106,4.054897086708245e-09,0.5999392288589431,"{""kind"":""isotonic"",""n_fit"":28854,""n_steps"":44,""positives_fit"":5089}",143,0.43590030378902683,0.4368146009785,44,71497a2e2f360c5ad49ead97b6dbecce771aed439610b1983618cc3020d48260,"{""inner_holdout_log_loss_abs_diff_recorded"":5.551115123125783e-17,""none_threshold_equal_recorded"":true,""raw_valid_probs_max_abs_diff_recorded"":0.0,""raw_valid_probs_sha256_equal_recorded"":true,""recorded_source"":""baseline_recovery_v2_classifier_tuning_20261008_folds.csv""}",[],2.215243000002374,8.838109699998313,12.136740100002498
42_lightgbm_tuned_fold5,42,lightgbm_tuned,5,none,none,none,144266,36066,115412,28854,"{""learning_rate"":0.03,""min_child_samples"":20,""n_estimators"":150,""num_leaves"":63,""subsample"":0.8,""subsample_freq"":0}",0.23,0.23,0.43590030378902683,0.010414139183422388,0.5986510558072755,"{""kind"":""none"",""n_fit"":28854,""positives_fit"":5089}",0,0.43590030378902683,0.4368146009785,44,fa420daebae46ec1b363c18dad53ae630031c5a6708d27e6daf747b6d4352683,"{""inner_holdout_log_loss_abs_diff_recorded"":5.551115123125783e-17,""none_threshold_equal_recorded"":true,""raw_valid_probs_max_abs_diff_recorded"":0.0,""raw_valid_probs_sha256_equal_recorded"":true,""recorded_source"":""baseline_recovery_v2_classifier_tuning_20261008_folds.csv""}",[],2.215243000002374,8.838109699998313,12.136740100002498
42_lightgbm_tuned_fold5,42,lightgbm_tuned,5,platt_crossfit,platt,inner_train_crossfit,144266,36066,115412,28854,"{""learning_rate"":0.03,""min_child_samples"":20,""n_estimators"":150,""num_leaves"":63,""subsample"":0.8,""subsample_freq"":0}",0.24,0.23,0.4355247605724651,0.007143889907562001,0.5991027474043092,"{""coef"":1.0928367617023251,""intercept"":0.1732663095312463,""kind"":""platt"",""n_fit"":115412,""positives_fit"":20355}",0,0.43590030378902683,0.4368146009785,44,8294c5c5bc28581f690c380c2323bab943844a7397ec634ad61537e962ce1bec,"{""inner_holdout_log_loss_abs_diff_recorded"":5.551115123125783e-17,""none_threshold_equal_recorded"":true,""raw_valid_probs_max_abs_diff_recorded"":0.0,""raw_valid_probs_sha256_equal_recorded"":true,""recorded_source"":""baseline_recovery_v2_classifier_tuning_20261008_folds.csv""}",[],2.215243000002374,8.838109699998313,12.136740100002498
42_lightgbm_tuned_fold5,42,lightgbm_tuned,5,platt_inner_holdout,platt,inner_holdout,144266,36066,115412,28854,"{""learning_rate"":0.03,""min_child_samples"":20,""n_estimators"":150,""num_leaves"":63,""subsample"":0.8,""subsample_freq"":0}",0.24,0.23,0.4355163022456262,0.006968204308581844,0.5988550441413752,"{""coef"":1.1112713478903697,""intercept"":0.20134440637745085,""kind"":""platt"",""n_fit"":28854,""positives_fit"":5089}",0,0.43590030378902683,0.4368146009785,44,029d6b40930bcfe015e51b4b9ea50d9c4f180d128bf7970bb3b749eba4a3a635,"{""inner_holdout_log_loss_abs_diff_recorded"":5.551115123125783e-17,""none_threshold_equal_recorded"":true,""raw_valid_probs_max_abs_diff_recorded"":0.0,""raw_valid_probs_sha256_equal_recorded"":true,""recorded_source"":""baseline_recovery_v2_classifier_tuning_20261008_folds.csv""}",[],2.215243000002374,8.838109699998313,12.136740100002498
42_logistic_regression_fold1,42,logistic_regression,1,isotonic_crossfit,isotonic,inner_train_crossfit,144265,36067,115412,28853,"{""C"":0.1}",0.25,0.24,0.4411952837311283,0.008332619593807048,0.5932028240645224,"{""kind"":""isotonic"",""n_fit"":115412,""n_steps"":74,""positives_fit"":20355}",24,0.43974628427444157,0.43711412329738814,44,be1911ec1e61fe5f6d4ec23f0ac0958b93565f57c38997dda77508515923859d,"{""inner_holdout_log_loss_abs_diff_recorded"":4.887640070450061e-09,""none_threshold_equal_recorded"":true,""raw_valid_probs_max_abs_diff_recorded"":null,""raw_valid_probs_sha256_equal_recorded"":null,""recorded_source"":""baseline_recovery_v2_classifier_compare_20261008_folds.csv""}",[],2.4814599999990605,9.598607400002948,13.048399099996459
42_logistic_regression_fold1,42,logistic_regression,1,isotonic_inner_holdout,isotonic,inner_holdout,144265,36067,115412,28853,"{""C"":0.1}",0.24,0.24,0.43839574000891823,3.465845734076509e-11,0.5936974155412693,"{""kind"":""isotonic"",""n_fit"":28853,""n_steps"":51,""positives_fit"":5089}",0,0.43974628427444157,0.43711412329738814,44,979cb2ecdb2cc31ffc8ae4430d1b8ec79d3f6837c6ba1ce5e86378594c72a3e2,"{""inner_holdout_log_loss_abs_diff_recorded"":4.887640070450061e-09,""none_threshold_equal_recorded"":true,""raw_valid_probs_max_abs_diff_recorded"":null,""raw_valid_probs_sha256_equal_recorded"":null,""recorded_source"":""baseline_recovery_v2_classifier_compare_20261008_folds.csv""}",[],2.4814599999990605,9.598607400002948,13.048399099996459
42_logistic_regression_fold1,42,logistic_regression,1,none,none,none,144265,36067,115412,28853,"{""C"":0.1}",0.24,0.24,0.43974628427444157,0.007196536203750366,0.5936124414433732,"{""kind"":""none"",""n_fit"":28853,""positives_fit"":5089}",0,0.43974628427444157,0.43711412329738814,44,ca5627ff7ddc2b1b87d10003654437d073c8f5794c89f3f4ff992ecc429ca054,"{""inner_holdout_log_loss_abs_diff_recorded"":4.887640070450061e-09,""none_threshold_equal_recorded"":true,""raw_valid_probs_max_abs_diff_recorded"":null,""raw_valid_probs_sha256_equal_recorded"":null,""recorded_source"":""baseline_recovery_v2_classifier_compare_20261008_folds.csv""}",[],2.4814599999990605,9.598607400002948,13.048399099996459
42_logistic_regression_fold1,42,logistic_regression,1,platt_crossfit,platt,inner_train_crossfit,144265,36067,115412,28853,"{""C"":0.1}",0.24,0.24,0.4396987642559761,0.006698733188812557,0.5935158078677445,"{""coef"":0.9880702719551371,""intercept"":-0.0166824919356803,""kind"":""platt"",""n_fit"":115412,""positives_fit"":20355}",0,0.43974628427444157,0.43711412329738814,44,6cad04217455bff6bb97c2214905a669c396b82bb55b7dfadc65c51677a64f8f,"{""inner_holdout_log_loss_abs_diff_recorded"":4.887640070450061e-09,""none_threshold_equal_recorded"":true,""raw_valid_probs_max_abs_diff_recorded"":null,""raw_valid_probs_sha256_equal_recorded"":null,""recorded_source"":""baseline_recovery_v2_classifier_compare_20261008_folds.csv""}",[],2.4814599999990605,9.598607400002948,13.048399099996459
42_logistic_regression_fold1,42,logistic_regression,1,platt_inner_holdout,platt,inner_holdout,144265,36067,115412,28853,"{""C"":0.1}",0.25,0.24,0.4395780229380799,0.00461187677937733,0.5934687980000637,"{""coef"":0.9223818734833599,""intercept"":-0.10928932358691355,""kind"":""platt"",""n_fit"":28853,""positives_fit"":5089}",0,0.43974628427444157,0.43711412329738814,44,3259edae990554191545ebcb6d15377ad0808b2e3fa9df51d99987630ca26092,"{""inner_holdout_log_loss_abs_diff_recorded"":4.887640070450061e-09,""none_threshold_equal_recorded"":true,""raw_valid_probs_max_abs_diff_recorded"":null,""raw_valid_probs_sha256_equal_recorded"":null,""recorded_source"":""baseline_recovery_v2_classifier_compare_20261008_folds.csv""}",[],2.4814599999990605,9.598607400002948,13.048399099996459
42_logistic_regression_fold2,42,logistic_regression,2,isotonic_crossfit,isotonic,inner_train_crossfit,144265,36067,115412,28853,"{""C"":10.0}",0.25,0.25,0.43897935669939014,0.006858776620330386,0.5968434611482507,"{""kind"":""isotonic"",""n_fit"":115412,""n_steps"":75,""positives_fit"":20355}",0,0.4390479481511871,0.4366412090159468,44,cfe061e567e606a9547cb806cfd1b9ee5893ed27749b6d401f0f161f77d9bc91,"{""inner_holdout_log_loss_abs_diff_recorded"":2.0801763405686735e-05,""none_threshold_equal_recorded"":true,""raw_valid_probs_max_abs_diff_recorded"":null,""raw_valid_probs_sha256_equal_recorded"":null,""recorded_source"":""baseline_recovery_v2_classifier_compare_20261008_folds.csv""}",[],4.017355700001644,16.237819599999057,21.277293699997244
42_logistic_regression_fold2,42,logistic_regression,2,isotonic_inner_holdout,isotonic,inner_holdout,144265,36067,115412,28853,"{""C"":10.0}",0.25,0.25,0.4376308484689172,1.1783870220513912e-09,0.5976389280429084,"{""kind"":""isotonic"",""n_fit"":28853,""n_steps"":54,""positives_fit"":5089}",42,0.4390479481511871,0.4366412090159468,44,4202585ab3e4efb5fdfa8e9f6b59d4cd8b5896edb952ba189b0871df3f92632d,"{""inner_holdout_log_loss_abs_diff_recorded"":2.0801763405686735e-05,""none_threshold_equal_recorded"":true,""raw_valid_probs_max_abs_diff_recorded"":null,""raw_valid_probs_sha256_equal_recorded"":null,""recorded_source"":""baseline_recovery_v2_classifier_compare_20261008_folds.csv""}",[],4.017355700001644,16.237819599999057,21.277293699997244
42_logistic_regression_fold2,42,logistic_regression,2,none,none,none,144265,36067,115412,28853,"{""C"":10.0}",0.25,0.25,0.4390479481511871,0.0076703257971241605,0.5971329854965972,"{""kind"":""none"",""n_fit"":28853,""positives_fit"":5089}",0,0.4390479481511871,0.4366412090159468,44,14bf6a54042db582d5a39dcc4b3f2ecc99dffc0e32e269dcad650f11b025805f,"{""inner_holdout_log_loss_abs_diff_recorded"":2.0801763405686735e-05,""none_threshold_equal_recorded"":true,""raw_valid_probs_max_abs_diff_recorded"":null,""raw_valid_probs_sha256_equal_recorded"":null,""recorded_source"":""baseline_recovery_v2_classifier_compare_20261008_folds.csv""}",[],4.017355700001644,16.237819599999057,21.277293699997244
42_logistic_regression_fold2,42,logistic_regression,2,platt_crossfit,platt,inner_train_crossfit,144265,36067,115412,28853,"{""C"":10.0}",0.25,0.25,0.43898011353656463,0.007935764755163726,0.597126501439688,"{""coef"":0.9774487038680304,""intercept"":-0.02946897593479491,""kind"":""platt"",""n_fit"":115412,""positives_fit"":20355}",0,0.4390479481511871,0.4366412090159468,44,5ef84d15fe0f6891f9a0b3b3a5eae06c0a85d9a7a3598d7102927cdcb97598be,"{""inner_holdout_log_loss_abs_diff_recorded"":2.0801763405686735e-05,""none_threshold_equal_recorded"":true,""raw_valid_probs_max_abs_diff_recorded"":null,""raw_valid_probs_sha256_equal_recorded"":null,""recorded_source"":""baseline_recovery_v2_classifier_compare_20261008_folds.csv""}",[],4.017355700001644,16.237819599999057,21.277293699997244
42_logistic_regression_fold2,42,logistic_regression,2,platt_inner_holdout,platt,inner_holdout,144265,36067,115412,28853,"{""C"":10.0}",0.25,0.25,0.438930196881802,0.008481951753704512,0.5971436157019436,"{""coef"":0.9350637292488562,""intercept"":-0.08744052445789074,""kind"":""platt"",""n_fit"":28853,""positives_fit"":5089}",0,0.4390479481511871,0.4366412090159468,44,3aeede6ecb7d28aa9e70db5fd198c1d5a5edd813cbd6c704c81180de3cfb4938,"{""inner_holdout_log_loss_abs_diff_recorded"":2.0801763405686735e-05,""none_threshold_equal_recorded"":true,""raw_valid_probs_max_abs_diff_recorded"":null,""raw_valid_probs_sha256_equal_recorded"":null,""recorded_source"":""baseline_recovery_v2_classifier_compare_20261008_folds.csv""}",[],4.017355700001644,16.237819599999057,21.277293699997244
42_logistic_regression_fold3,42,logistic_regression,3,isotonic_crossfit,isotonic,inner_train_crossfit,144266,36066,115412,28854,"{""C"":0.1}",0.25,0.25,0.43687620738017763,0.006865377958803385,0.5936655082381196,"{""kind"":""isotonic"",""n_fit"":115412,""n_steps"":75,""positives_fit"":20355}",13,0.43619363785740817,0.43711782042571,44,266189051c646078c6bee9bf9b033f81204163909836ba6c5d2e0aed6afb8012,"{""inner_holdout_log_loss_abs_diff_recorded"":3.5282832211436244e-11,""none_threshold_equal_recorded"":true,""raw_valid_probs_max_abs_diff_recorded"":null,""raw_valid_probs_sha256_equal_recorded"":null,""recorded_source"":""baseline_recovery_v2_classifier_compare_20261008_folds.csv""}",[],2.6934709000015573,9.741833700001735,13.462247400002525
42_logistic_regression_fold3,42,logistic_regression,3,isotonic_inner_holdout,isotonic,inner_holdout,144266,36066,115412,28854,"{""C"":0.1}",0.24,0.25,0.4348082140306452,1.0397174080770918e-10,0.5967329866430776,"{""kind"":""isotonic"",""n_fit"":28854,""n_steps"":44,""positives_fit"":5089}",9,0.43619363785740817,0.43711782042571,44,cc2f9148c817a0f6c638bb5ffb8cec0ddcdfc26306d80bc056bb6b58bf3f6e51,"{""inner_holdout_log_loss_abs_diff_recorded"":3.5282832211436244e-11,""none_threshold_equal_recorded"":true,""raw_valid_probs_max_abs_diff_recorded"":null,""raw_valid_probs_sha256_equal_recorded"":null,""recorded_source"":""baseline_recovery_v2_classifier_compare_20261008_folds.csv""}",[],2.6934709000015573,9.741833700001735,13.462247400002525
42_logistic_regression_fold3,42,logistic_regression,3,none,none,none,144266,36066,115412,28854,"{""C"":0.1}",0.25,0.25,0.43619363785740817,0.004598955421307369,0.5953410678318526,"{""kind"":""none"",""n_fit"":28854,""positives_fit"":5089}",0,0.43619363785740817,0.43711782042571,44,1dbfbf9c39c6b79990ca7400891554a47f30b424563c9ab9c35e4d115854943d,"{""inner_holdout_log_loss_abs_diff_recorded"":3.5282832211436244e-11,""none_threshold_equal_recorded"":true,""raw_valid_probs_max_abs_diff_recorded"":null,""raw_valid_probs_sha256_equal_recorded"":null,""recorded_source"":""baseline_recovery_v2_classifier_compare_20261008_folds.csv""}",[],2.6934709000015573,9.741833700001735,13.462247400002525
42_logistic_regression_fold3,42,logistic_regression,3,platt_crossfit,platt,inner_train_crossfit,144266,36066,115412,28854,"{""C"":0.1}",0.25,0.25,0.436193480259061,0.004745226139777931,0.5956153177699555,"{""coef"":0.9908174981505453,""intercept"":-0.012956356726745518,""kind"":""platt"",""n_fit"":115412,""positives_fit"":20355}",0,0.43619363785740817,0.43711782042571,44,783dfd665688ce6cbd9848ec4c3044452b9968e395c0e8b15639fc0d31988ef8,"{""inner_holdout_log_loss_abs_diff_recorded"":3.5282832211436244e-11,""none_threshold_equal_recorded"":true,""raw_valid_probs_max_abs_diff_recorded"":null,""raw_valid_probs_sha256_equal_recorded"":null,""recorded_source"":""baseline_recovery_v2_classifier_compare_20261008_folds.csv""}",[],2.6934709000015573,9.741833700001735,13.462247400002525
42_logistic_regression_fold3,42,logistic_regression,3,platt_inner_holdout,platt,inner_holdout,144266,36066,115412,28854,"{""C"":0.1}",0.25,0.25,0.4361910706724771,0.004546779837914028,0.5957927526799717,"{""coef"":0.9944508440451723,""intercept"":-0.013143944902894927,""kind"":""platt"",""n_fit"":28854,""positives_fit"":5089}",0,0.43619363785740817,0.43711782042571,44,8ca4b7dba273b334d0616c223ef99c47125a4a8b75862b177a04c4980e9311d0,"{""inner_holdout_log_loss_abs_diff_recorded"":3.5282832211436244e-11,""none_threshold_equal_recorded"":true,""raw_valid_probs_max_abs_diff_recorded"":null,""raw_valid_probs_sha256_equal_recorded"":null,""recorded_source"":""baseline_recovery_v2_classifier_compare_20261008_folds.csv""}",[],2.6934709000015573,9.741833700001735,13.462247400002525
42_logistic_regression_fold4,42,logistic_regression,4,isotonic_crossfit,isotonic,inner_train_crossfit,144266,36066,115412,28854,"{""C"":0.1}",0.24,0.24,0.43682963463721863,0.006204493816481331,0.5988221450049072,"{""kind"":""isotonic"",""n_fit"":115412,""n_steps"":66,""positives_fit"":20355}",13,0.43699394848454154,0.4378110994861888,44,19260a343581bb8b63ca6704211eaaaf7add658b41fe688e070ac7c441a2217b,"{""inner_holdout_log_loss_abs_diff_recorded"":4.41171466025736e-09,""none_threshold_equal_recorded"":true,""raw_valid_probs_max_abs_diff_recorded"":null,""raw_valid_probs_sha256_equal_recorded"":null,""recorded_source"":""baseline_recovery_v2_classifier_compare_20261008_folds.csv""}",[],2.621791600002325,9.887336499999947,13.52667140000267
42_logistic_regression_fold4,42,logistic_regression,4,isotonic_inner_holdout,isotonic,inner_holdout,144266,36066,115412,28854,"{""C"":0.1}",0.25,0.24,0.43538960269692606,1.3862897118516143e-10,0.6005391766798728,"{""kind"":""isotonic"",""n_fit"":28854,""n_steps"":48,""positives_fit"":5089}",12,0.43699394848454154,0.4378110994861888,44,e162d7f1a97a427da85a8ea9412eb05de8a3d7876e261889570a7d5da31d2cc4,"{""inner_holdout_log_loss_abs_diff_recorded"":4.41171466025736e-09,""none_threshold_equal_recorded"":true,""raw_valid_probs_max_abs_diff_recorded"":null,""raw_valid_probs_sha256_equal_recorded"":null,""recorded_source"":""baseline_recovery_v2_classifier_compare_20261008_folds.csv""}",[],2.621791600002325,9.887336499999947,13.52667140000267
42_logistic_regression_fold4,42,logistic_regression,4,none,none,none,144266,36066,115412,28854,"{""C"":0.1}",0.24,0.24,0.43699394848454154,0.00843789289994266,0.5994252952017731,"{""kind"":""none"",""n_fit"":28854,""positives_fit"":5089}",0,0.43699394848454154,0.4378110994861888,44,40eec85691fb5e8386925892daaf2ccb51c6fb17844e33d8e5c255c674c2015a,"{""inner_holdout_log_loss_abs_diff_recorded"":4.41171466025736e-09,""none_threshold_equal_recorded"":true,""raw_valid_probs_max_abs_diff_recorded"":null,""raw_valid_probs_sha256_equal_recorded"":null,""recorded_source"":""baseline_recovery_v2_classifier_compare_20261008_folds.csv""}",[],2.621791600002325,9.887336499999947,13.52667140000267
42_logistic_regression_fold4,42,logistic_regression,4,platt_crossfit,platt,inner_train_crossfit,144266,36066,115412,28854,"{""C"":0.1}",0.24,0.24,0.43699670438766863,0.008743832841892122,0.5995623450028608,"{""coef"":0.9877059505032568,""intercept"":-0.017057763718644744,""kind"":""platt"",""n_fit"":115412,""positives_fit"":20355}",0,0.43699394848454154,0.4378110994861888,44,3cef12e85ad4417814aeb8c5d34b2e4f9a101ba51dcdf619100a32023447e45b,"{""inner_holdout_log_loss_abs_diff_recorded"":4.41171466025736e-09,""none_threshold_equal_recorded"":true,""raw_valid_probs_max_abs_diff_recorded"":null,""raw_valid_probs_sha256_equal_recorded"":null,""recorded_source"":""baseline_recovery_v2_classifier_compare_20261008_folds.csv""}",[],2.621791600002325,9.887336499999947,13.52667140000267
42_logistic_regression_fold4,42,logistic_regression,4,platt_inner_holdout,platt,inner_holdout,144266,36066,115412,28854,"{""C"":0.1}",0.24,0.24,0.43699366558076325,0.00850485746997609,0.5996128152294128,"{""coef"":0.9980945549748974,""intercept"":-0.004460824339936782,""kind"":""platt"",""n_fit"":28854,""positives_fit"":5089}",0,0.43699394848454154,0.4378110994861888,44,db376e25bddf12449ec19853ed239b5fec74cd39d18bac9b6fffe5cf41f92890,"{""inner_holdout_log_loss_abs_diff_recorded"":4.41171466025736e-09,""none_threshold_equal_recorded"":true,""raw_valid_probs_max_abs_diff_recorded"":null,""raw_valid_probs_sha256_equal_recorded"":null,""recorded_source"":""baseline_recovery_v2_classifier_compare_20261008_folds.csv""}",[],2.621791600002325,9.887336499999947,13.52667140000267
42_logistic_regression_fold5,42,logistic_regression,5,isotonic_crossfit,isotonic,inner_train_crossfit,144266,36066,115412,28854,"{""C"":0.1}",0.23,0.23,0.4367711605439493,0.006852715882675911,0.5943242825341194,"{""kind"":""isotonic"",""n_fit"":115412,""n_steps"":77,""positives_fit"":20355}",0,0.43670000596629227,0.43711274918654686,44,6f134bfb769573bc53a8892840ce38f535d2e08d5bc1e90e90e18216a7d29083,"{""inner_holdout_log_loss_abs_diff_recorded"":3.7692071686024065e-14,""none_threshold_equal_recorded"":true,""raw_valid_probs_max_abs_diff_recorded"":null,""raw_valid_probs_sha256_equal_recorded"":null,""recorded_source"":""baseline_recovery_v2_classifier_compare_20261008_folds.csv""}",[],2.001558500000101,9.76822749999701,12.881361600000673
42_logistic_regression_fold5,42,logistic_regression,5,isotonic_inner_holdout,isotonic,inner_holdout,144266,36066,115412,28854,"{""C"":0.1}",0.24,0.23,0.4354941175262257,1.213003413297433e-09,0.5960025058723208,"{""kind"":""isotonic"",""n_fit"":28854,""n_steps"":49,""positives_fit"":5089}",24,0.43670000596629227,0.43711274918654686,44,af58c2c1037cc2203f05dd8f6de67318b182d861b8bc2834acc579f70ea0c3f4,"{""inner_holdout_log_loss_abs_diff_recorded"":3.7692071686024065e-14,""none_threshold_equal_recorded"":true,""raw_valid_probs_max_abs_diff_recorded"":null,""raw_valid_probs_sha256_equal_recorded"":null,""recorded_source"":""baseline_recovery_v2_classifier_compare_20261008_folds.csv""}",[],2.001558500000101,9.76822749999701,12.881361600000673
42_logistic_regression_fold5,42,logistic_regression,5,none,none,none,144266,36066,115412,28854,"{""C"":0.1}",0.23,0.23,0.43670000596629227,0.00907597597245825,0.5954226227016282,"{""kind"":""none"",""n_fit"":28854,""positives_fit"":5089}",0,0.43670000596629227,0.43711274918654686,44,de458fc78888bf1b1136050b956c85d84afa66ad13b5ad1a97e9ce95efa6e241,"{""inner_holdout_log_loss_abs_diff_recorded"":3.7692071686024065e-14,""none_threshold_equal_recorded"":true,""raw_valid_probs_max_abs_diff_recorded"":null,""raw_valid_probs_sha256_equal_recorded"":null,""recorded_source"":""baseline_recovery_v2_classifier_compare_20261008_folds.csv""}",[],2.001558500000101,9.76822749999701,12.881361600000673
42_logistic_regression_fold5,42,logistic_regression,5,platt_crossfit,platt,inner_train_crossfit,144266,36066,115412,28854,"{""C"":0.1}",0.23,0.23,0.43670111518561155,0.009223127870388015,0.5958390575132675,"{""coef"":0.9873741656238566,""intercept"":-0.018272399431511394,""kind"":""platt"",""n_fit"":115412,""positives_fit"":20355}",0,0.43670000596629227,0.43711274918654686,44,3e950f12369bc0243d4ebba7cad6cfda5029e540a8726636b4095c30f51943ac,"{""inner_holdout_log_loss_abs_diff_recorded"":3.7692071686024065e-14,""none_threshold_equal_recorded"":true,""raw_valid_probs_max_abs_diff_recorded"":null,""raw_valid_probs_sha256_equal_recorded"":null,""recorded_source"":""baseline_recovery_v2_classifier_compare_20261008_folds.csv""}",[],2.001558500000101,9.76822749999701,12.881361600000673
42_logistic_regression_fold5,42,logistic_regression,5,platt_inner_holdout,platt,inner_holdout,144266,36066,115412,28854,"{""C"":0.1}",0.23,0.23,0.43669818291233775,0.009247717974706911,0.5948731849644637,"{""coef"":0.9953846191808433,""intercept"":-0.002566631708359766,""kind"":""platt"",""n_fit"":28854,""positives_fit"":5089}",0,0.43670000596629227,0.43711274918654686,44,67d553e7520a3865460d115281f2f7265332ae62db8bb581d6714cbef57e21a7,"{""inner_holdout_log_loss_abs_diff_recorded"":3.7692071686024065e-14,""none_threshold_equal_recorded"":true,""raw_valid_probs_max_abs_diff_recorded"":null,""raw_valid_probs_sha256_equal_recorded"":null,""recorded_source"":""baseline_recovery_v2_classifier_compare_20261008_folds.csv""}",[],2.001558500000101,9.76822749999701,12.881361600000673
42_random_forest_tuned_fold1,42,random_forest_tuned,1,isotonic_crossfit,isotonic,inner_train_crossfit,144265,36067,115412,28853,"{""max_features"":0.5,""min_samples_leaf"":25}",0.27,0.25,0.4336682419297749,0.007153429319339283,0.6072794014132714,"{""kind"":""isotonic"",""n_fit"":115412,""n_steps"":78,""positives_fit"":20355}",33,0.4328767651735531,0.4316849704822658,44,5971d62003a8329baae9b5182e234d9d42e54249e20afc8d886a4654013b16ce,"{""inner_holdout_log_loss_abs_diff_recorded"":0.0,""none_threshold_equal_recorded"":true,""raw_valid_probs_max_abs_diff_recorded"":2.220446049250313e-16,""raw_valid_probs_sha256_equal_recorded"":false,""recorded_source"":""baseline_recovery_v2_classifier_tuning_20261008_folds.csv""}",[],50.14391479999904,192.8868885999982,244.19439160000184
42_random_forest_tuned_fold1,42,random_forest_tuned,1,isotonic_inner_holdout,isotonic,inner_holdout,144265,36067,115412,28853,"{""max_features"":0.5,""min_samples_leaf"":25}",0.23,0.25,0.43153225107527643,1.732922221136487e-10,0.6066709940985218,"{""kind"":""isotonic"",""n_fit"":28853,""n_steps"":52,""positives_fit"":5089}",3,0.4328767651735531,0.4316849704822658,44,7c61accb06fad38b890b1cbcc4c9a50318519f6822dedcc9acc3ee43b2214505,"{""inner_holdout_log_loss_abs_diff_recorded"":0.0,""none_threshold_equal_recorded"":true,""raw_valid_probs_max_abs_diff_recorded"":2.220446049250313e-16,""raw_valid_probs_sha256_equal_recorded"":false,""recorded_source"":""baseline_recovery_v2_classifier_tuning_20261008_folds.csv""}",[],50.14391479999904,192.8868885999982,244.19439160000184
42_random_forest_tuned_fold1,42,random_forest_tuned,1,none,none,none,144265,36067,115412,28853,"{""max_features"":0.5,""min_samples_leaf"":25}",0.25,0.25,0.4328767651735531,0.005724790322178153,0.6071713934852198,"{""kind"":""none"",""n_fit"":28853,""positives_fit"":5089}",0,0.4328767651735531,0.4316849704822658,44,3ed12c2ebe54aa0999aca05e6d8bd728414c4b130eb8a93603e94e6fc16af4c9,"{""inner_holdout_log_loss_abs_diff_recorded"":0.0,""none_threshold_equal_recorded"":true,""raw_valid_probs_max_abs_diff_recorded"":2.220446049250313e-16,""raw_valid_probs_sha256_equal_recorded"":false,""recorded_source"":""baseline_recovery_v2_classifier_tuning_20261008_folds.csv""}",[],50.14391479999904,192.8868885999982,244.19439160000184
42_random_forest_tuned_fold1,42,random_forest_tuned,1,platt_crossfit,platt,inner_train_crossfit,144265,36067,115412,28853,"{""max_features"":0.5,""min_samples_leaf"":25}",0.25,0.25,0.43291112396633846,0.004938690186361112,0.6069738477146097,"{""coef"":1.0507807696699971,""intercept"":0.06279543425091548,""kind"":""platt"",""n_fit"":115412,""positives_fit"":20355}",0,0.4328767651735531,0.4316849704822658,44,d5a735d8f71bb5efdd0d46a892852bf5b7d26baddc13c880ec7babfdef4c3814,"{""inner_holdout_log_loss_abs_diff_recorded"":0.0,""none_threshold_equal_recorded"":true,""raw_valid_probs_max_abs_diff_recorded"":2.220446049250313e-16,""raw_valid_probs_sha256_equal_recorded"":false,""recorded_source"":""baseline_recovery_v2_classifier_tuning_20261008_folds.csv""}",[],50.14391479999904,192.8868885999982,244.19439160000184
42_random_forest_tuned_fold1,42,random_forest_tuned,1,platt_inner_holdout,platt,inner_holdout,144265,36067,115412,28853,"{""max_features"":0.5,""min_samples_leaf"":25}",0.25,0.25,0.43286447482500984,0.005158255342236303,0.6072467509066527,"{""coef"":1.0105973081849555,""intercept"":0.003498705939069889,""kind"":""platt"",""n_fit"":28853,""positives_fit"":5089}",0,0.4328767651735531,0.4316849704822658,44,c73e2f51a876fafb69aa566e568ba6f61cd4208ca7657d9d9f44996fa122c6e5,"{""inner_holdout_log_loss_abs_diff_recorded"":0.0,""none_threshold_equal_recorded"":true,""raw_valid_probs_max_abs_diff_recorded"":2.220446049250313e-16,""raw_valid_probs_sha256_equal_recorded"":false,""recorded_source"":""baseline_recovery_v2_classifier_tuning_20261008_folds.csv""}",[],50.14391479999904,192.8868885999982,244.19439160000184
42_random_forest_tuned_fold2,42,random_forest_tuned,2,isotonic_crossfit,isotonic,inner_train_crossfit,144265,36067,115412,28853,"{""max_features"":0.5,""min_samples_leaf"":25}",0.25,0.25,0.43191905244046797,0.005594183503034466,0.6089513985951321,"{""kind"":""isotonic"",""n_fit"":115412,""n_steps"":83,""positives_fit"":20355}",1,0.43179469570961926,0.4314756662860547,44,abd85722b322c11882616445fe4b0c608bc7461868a2fca654cb6ac7bcfcabb0,"{""inner_holdout_log_loss_abs_diff_recorded"":5.551115123125783e-17,""none_threshold_equal_recorded"":true,""raw_valid_probs_max_abs_diff_recorded"":2.220446049250313e-16,""raw_valid_probs_sha256_equal_recorded"":false,""recorded_source"":""baseline_recovery_v2_classifier_tuning_20261008_folds.csv""}",[],51.806785099997796,200.00737050000316,252.91818330000024
42_random_forest_tuned_fold2,42,random_forest_tuned,2,isotonic_inner_holdout,isotonic,inner_holdout,144265,36067,115412,28853,"{""max_features"":0.5,""min_samples_leaf"":25}",0.22,0.25,0.4303577277064479,7.624857348532053e-10,0.6099261410493861,"{""kind"":""isotonic"",""n_fit"":28853,""n_steps"":52,""positives_fit"":5089}",22,0.43179469570961926,0.4314756662860547,44,644f524e676b0b6e288225c8fee90d855944942f4e878fd7f4891ced11eaad00,"{""inner_holdout_log_loss_abs_diff_recorded"":5.551115123125783e-17,""none_threshold_equal_recorded"":true,""raw_valid_probs_max_abs_diff_recorded"":2.220446049250313e-16,""raw_valid_probs_sha256_equal_recorded"":false,""recorded_source"":""baseline_recovery_v2_classifier_tuning_20261008_folds.csv""}",[],51.806785099997796,200.00737050000316,252.91818330000024
42_random_forest_tuned_fold2,42,random_forest_tuned,2,none,none,none,144265,36067,115412,28853,"{""max_features"":0.5,""min_samples_leaf"":25}",0.25,0.25,0.43179469570961926,0.00792864115165021,0.6094569639373106,"{""kind"":""none"",""n_fit"":28853,""positives_fit"":5089}",0,0.43179469570961926,0.4314756662860547,44,c3d184ee27df1630339808492181939a797d9ece07c1ea4189c8250fd1c07e1a,"{""inner_holdout_log_loss_abs_diff_recorded"":5.551115123125783e-17,""none_threshold_equal_recorded"":true,""raw_valid_probs_max_abs_diff_recorded"":2.220446049250313e-16,""raw_valid_probs_sha256_equal_recorded"":false,""recorded_source"":""baseline_recovery_v2_classifier_tuning_20261008_folds.csv""}",[],51.806785099997796,200.00737050000316,252.91818330000024
42_random_forest_tuned_fold2,42,random_forest_tuned,2,platt_crossfit,platt,inner_train_crossfit,144265,36067,115412,28853,"{""max_features"":0.5,""min_samples_leaf"":25}",0.25,0.25,0.4317865282409673,0.007421168745823785,0.6094287530719718,"{""coef"":1.0542479056152545,""intercept"":0.06881782521265174,""kind"":""platt"",""n_fit"":115412,""positives_fit"":20355}",0,0.43179469570961926,0.4314756662860547,44,757c6e31d1bd72297eb144efe1d796b2bee80f80623019ff868581a03a82bd1b,"{""inner_holdout_log_loss_abs_diff_recorded"":5.551115123125783e-17,""none_threshold_equal_recorded"":true,""raw_valid_probs_max_abs_diff_recorded"":2.220446049250313e-16,""raw_valid_probs_sha256_equal_recorded"":false,""recorded_source"":""baseline_recovery_v2_classifier_tuning_20261008_folds.csv""}",[],51.806785099997796,200.00737050000316,252.91818330000024
42_random_forest_tuned_fold2,42,random_forest_tuned,2,platt_inner_holdout,platt,inner_holdout,144265,36067,115412,28853,"{""max_features"":0.5,""min_samples_leaf"":25}",0.25,0.25,0.431767205229154,0.007248821036646055,0.609398807900315,"{""coef"":1.0275852057080082,""intercept"":0.03041139679023476,""kind"":""platt"",""n_fit"":28853,""positives_fit"":5089}",0,0.43179469570961926,0.4314756662860547,44,bed6884ffc9846303f11aa00f548e43188343d8a2d6b4343cb012529fa794b97,"{""inner_holdout_log_loss_abs_diff_recorded"":5.551115123125783e-17,""none_threshold_equal_recorded"":true,""raw_valid_probs_max_abs_diff_recorded"":2.220446049250313e-16,""raw_valid_probs_sha256_equal_recorded"":false,""recorded_source"":""baseline_recovery_v2_classifier_tuning_20261008_folds.csv""}",[],51.806785099997796,200.00737050000316,252.91818330000024
42_random_forest_tuned_fold3,42,random_forest_tuned,3,isotonic_crossfit,isotonic,inner_train_crossfit,144266,36066,115412,28854,"{""max_features"":0.5,""min_samples_leaf"":25}",0.25,0.26,0.431294452420168,0.005574136514154108,0.6112040325978763,"{""kind"":""isotonic"",""n_fit"":115412,""n_steps"":78,""positives_fit"":20355}",32,0.4306400317242967,0.4320837534511603,44,51c1ab43ba050bb0b6caa7f62ff258b5a590f4e285d129fd5d68362d6c719b1a,"{""inner_holdout_log_loss_abs_diff_recorded"":0.0,""none_threshold_equal_recorded"":true,""raw_valid_probs_max_abs_diff_recorded"":2.220446049250313e-16,""raw_valid_probs_sha256_equal_recorded"":false,""recorded_source"":""baseline_recovery_v2_classifier_tuning_20261008_folds.csv""}",[],53.08393480000086,199.36981599999854,253.45247089999975
42_random_forest_tuned_fold3,42,random_forest_tuned,3,isotonic_inner_holdout,isotonic,inner_holdout,144266,36066,115412,28854,"{""max_features"":0.5,""min_samples_leaf"":25}",0.25,0.26,0.4289878978707947,3.812296571551358e-10,0.6117694576234082,"{""kind"":""isotonic"",""n_fit"":28854,""n_steps"":52,""positives_fit"":5089}",12,0.4306400317242967,0.4320837534511603,44,8c41d381e06cb45930c4c1cad32d54ef78f38fa4b7a85f08eef031bad499c4fb,"{""inner_holdout_log_loss_abs_diff_recorded"":0.0,""none_threshold_equal_recorded"":true,""raw_valid_probs_max_abs_diff_recorded"":2.220446049250313e-16,""raw_valid_probs_sha256_equal_recorded"":false,""recorded_source"":""baseline_recovery_v2_classifier_tuning_20261008_folds.csv""}",[],53.08393480000086,199.36981599999854,253.45247089999975
42_random_forest_tuned_fold3,42,random_forest_tuned,3,none,none,none,144266,36066,115412,28854,"{""max_features"":0.5,""min_samples_leaf"":25}",0.26,0.26,0.4306400317242967,0.008881406958798303,0.6111258526093646,"{""kind"":""none"",""n_fit"":28854,""positives_fit"":5089}",0,0.4306400317242967,0.4320837534511603,44,a045341cc0078f0090621b237e3432aaaf8d22d1d56eba4e0dc566a7645ca231,"{""inner_holdout_log_loss_abs_diff_recorded"":0.0,""none_threshold_equal_recorded"":true,""raw_valid_probs_max_abs_diff_recorded"":2.220446049250313e-16,""raw_valid_probs_sha256_equal_recorded"":false,""recorded_source"":""baseline_recovery_v2_classifier_tuning_20261008_folds.csv""}",[],53.08393480000086,199.36981599999854,253.45247089999975
42_random_forest_tuned_fold3,42,random_forest_tuned,3,platt_crossfit,platt,inner_train_crossfit,144266,36066,115412,28854,"{""max_features"":0.5,""min_samples_leaf"":25}",0.25,0.26,0.43052132778430324,0.00814921333162311,0.6107450250668636,"{""coef"":1.0492869616662057,""intercept"":0.061283416100223066,""kind"":""platt"",""n_fit"":115412,""positives_fit"":20355}",0,0.4306400317242967,0.4320837534511603,44,3581c95055ab618e3d3739734fc0310c43a8f082cf4ce27e06e27ca51d184759,"{""inner_holdout_log_loss_abs_diff_recorded"":0.0,""none_threshold_equal_recorded"":true,""raw_valid_probs_max_abs_diff_recorded"":2.220446049250313e-16,""raw_valid_probs_sha256_equal_recorded"":false,""recorded_source"":""baseline_recovery_v2_classifier_tuning_20261008_folds.csv""}",[],53.08393480000086,199.36981599999854,253.45247089999975
42_random_forest_tuned_fold3,42,random_forest_tuned,3,platt_inner_holdout,platt,inner_holdout,144266,36066,115412,28854,"{""max_features"":0.5,""min_samples_leaf"":25}",0.25,0.26,0.43051336720957345,0.008070032922839908,0.6108196526893523,"{""coef"":1.064376053160176,""intercept"":0.07898990049298542,""kind"":""platt"",""n_fit"":28854,""positives_fit"":5089}",0,0.4306400317242967,0.4320837534511603,44,972ef2d73269db229ff4220c6a4463ff6df3da6a5a10cafce177421017922cd6,"{""inner_holdout_log_loss_abs_diff_recorded"":0.0,""none_threshold_equal_recorded"":true,""raw_valid_probs_max_abs_diff_recorded"":2.220446049250313e-16,""raw_valid_probs_sha256_equal_recorded"":false,""recorded_source"":""baseline_recovery_v2_classifier_tuning_20261008_folds.csv""}",[],53.08393480000086,199.36981599999854,253.45247089999975
42_random_forest_tuned_fold4,42,random_forest_tuned,4,isotonic_crossfit,isotonic,inner_train_crossfit,144266,36066,115412,28854,"{""max_features"":0.5,""min_samples_leaf"":25}",0.25,0.25,0.43001916674796814,0.006905958786533363,0.6146744442249097,"{""kind"":""isotonic"",""n_fit"":115412,""n_steps"":81,""positives_fit"":20355}",13,0.43026666929941715,0.4332519250389473,44,d2851882b7e0d7457ca8f50880045f18855a4cca1798fa3ebcaf294ba93a68cd,"{""inner_holdout_log_loss_abs_diff_recorded"":5.551115123125783e-17,""none_threshold_equal_recorded"":true,""raw_valid_probs_max_abs_diff_recorded"":2.220446049250313e-16,""raw_valid_probs_sha256_equal_recorded"":false,""recorded_source"":""baseline_recovery_v2_classifier_tuning_20261008_folds.csv""}",[],50.135896499999944,188.52810769999996,239.72012679999898
42_random_forest_tuned_fold4,42,random_forest_tuned,4,isotonic_inner_holdout,isotonic,inner_holdout,144266,36066,115412,28854,"{""max_features"":0.5,""min_samples_leaf"":25}",0.26,0.25,0.4278915848826946,3.119151886463408e-10,0.6153859937635899,"{""kind"":""isotonic"",""n_fit"":28854,""n_steps"":45,""positives_fit"":5089}",5,0.43026666929941715,0.4332519250389473,44,e07f7f574b7c46f46b454a579f6d1d2acb9995ca02590d70a650bfeb4bab88ff,"{""inner_holdout_log_loss_abs_diff_recorded"":5.551115123125783e-17,""none_threshold_equal_recorded"":true,""raw_valid_probs_max_abs_diff_recorded"":2.220446049250313e-16,""raw_valid_probs_sha256_equal_recorded"":false,""recorded_source"":""baseline_recovery_v2_classifier_tuning_20261008_folds.csv""}",[],50.135896499999944,188.52810769999996,239.72012679999898
42_random_forest_tuned_fold4,42,random_forest_tuned,4,none,none,none,144266,36066,115412,28854,"{""max_features"":0.5,""min_samples_leaf"":25}",0.25,0.25,0.43026666929941715,0.011437362014046456,0.6143692165413879,"{""kind"":""none"",""n_fit"":28854,""positives_fit"":5089}",0,0.43026666929941715,0.4332519250389473,44,93c2605d15771135bd8c3356757298d325cde6707583cf548791ee3c2a190651,"{""inner_holdout_log_loss_abs_diff_recorded"":5.551115123125783e-17,""none_threshold_equal_recorded"":true,""raw_valid_probs_max_abs_diff_recorded"":2.220446049250313e-16,""raw_valid_probs_sha256_equal_recorded"":false,""recorded_source"":""baseline_recovery_v2_classifier_tuning_20261008_folds.csv""}",[],50.135896499999944,188.52810769999996,239.72012679999898
42_random_forest_tuned_fold4,42,random_forest_tuned,4,platt_crossfit,platt,inner_train_crossfit,144266,36066,115412,28854,"{""max_features"":0.5,""min_samples_leaf"":25}",0.26,0.25,0.43009505029508693,0.010146396778983024,0.6144160538506233,"{""coef"":1.052088186925595,""intercept"":0.06675139213068965,""kind"":""platt"",""n_fit"":115412,""positives_fit"":20355}",0,0.43026666929941715,0.4332519250389473,44,d467337656339bd1bf27e0089b81fd5162b4e6683b23967747171377085d3870,"{""inner_holdout_log_loss_abs_diff_recorded"":5.551115123125783e-17,""none_threshold_equal_recorded"":true,""raw_valid_probs_max_abs_diff_recorded"":2.220446049250313e-16,""raw_valid_probs_sha256_equal_recorded"":false,""recorded_source"":""baseline_recovery_v2_classifier_tuning_20261008_folds.csv""}",[],50.135896499999944,188.52810769999996,239.72012679999898
42_random_forest_tuned_fold4,42,random_forest_tuned,4,platt_inner_holdout,platt,inner_holdout,144266,36066,115412,28854,"{""max_features"":0.5,""min_samples_leaf"":25}",0.26,0.25,0.43006159829417534,0.010017357184004231,0.6150665487907409,"{""coef"":1.085995371779183,""intercept"":0.11668106034333577,""kind"":""platt"",""n_fit"":28854,""positives_fit"":5089}",0,0.43026666929941715,0.4332519250389473,44,5ce9b396995c5dbb26e55cbb27c4b0c8b98ee9b88bb5234f4a80f73f19af1c3e,"{""inner_holdout_log_loss_abs_diff_recorded"":5.551115123125783e-17,""none_threshold_equal_recorded"":true,""raw_valid_probs_max_abs_diff_recorded"":2.220446049250313e-16,""raw_valid_probs_sha256_equal_recorded"":false,""recorded_source"":""baseline_recovery_v2_classifier_tuning_20261008_folds.csv""}",[],50.135896499999944,188.52810769999996,239.72012679999898
42_random_forest_tuned_fold5,42,random_forest_tuned,5,isotonic_crossfit,isotonic,inner_train_crossfit,144266,36066,115412,28854,"{""max_features"":0.7,""min_samples_leaf"":25}",0.22,0.25,0.4320959853956619,0.011715863314537172,0.6103521533866507,"{""kind"":""isotonic"",""n_fit"":115412,""n_steps"":79,""positives_fit"":20355}",15,0.43185306852304606,0.4323178296950867,44,e4f72251c02041c7e2f62ddb6fa2fa1bf5a3286b96f7ef62d96cd29024a8ed3b,"{""inner_holdout_log_loss_abs_diff_recorded"":5.551115123125783e-17,""none_threshold_equal_recorded"":true,""raw_valid_probs_max_abs_diff_recorded"":2.7755575615628914e-16,""raw_valid_probs_sha256_equal_recorded"":false,""recorded_source"":""baseline_recovery_v2_classifier_tuning_20261008_folds.csv""}",[],67.52374710000004,256.4570343999985,325.00121610000133
42_random_forest_tuned_fold5,42,random_forest_tuned,5,isotonic_inner_holdout,isotonic,inner_holdout,144266,36066,115412,28854,"{""max_features"":0.7,""min_samples_leaf"":25}",0.25,0.25,0.4299549080825767,1.0397172227256098e-09,0.6110639119551042,"{""kind"":""isotonic"",""n_fit"":28854,""n_steps"":45,""positives_fit"":5089}",34,0.43185306852304606,0.4323178296950867,44,88cf7d9496a7223a676778ea4c9f6578993299d83315d9c7f9c9d925f54c1005,"{""inner_holdout_log_loss_abs_diff_recorded"":5.551115123125783e-17,""none_threshold_equal_recorded"":true,""raw_valid_probs_max_abs_diff_recorded"":2.7755575615628914e-16,""raw_valid_probs_sha256_equal_recorded"":false,""recorded_source"":""baseline_recovery_v2_classifier_tuning_20261008_folds.csv""}",[],67.52374710000004,256.4570343999985,325.00121610000133
42_random_forest_tuned_fold5,42,random_forest_tuned,5,none,none,none,144266,36066,115412,28854,"{""max_features"":0.7,""min_samples_leaf"":25}",0.25,0.25,0.43185306852304606,0.00964150240552208,0.6098322165398842,"{""kind"":""none"",""n_fit"":28854,""positives_fit"":5089}",0,0.43185306852304606,0.4323178296950867,44,b3bcc12bf67d6fb46f771ee832ec7fb3ab4e657e59e3ea3f41e06781181f157d,"{""inner_holdout_log_loss_abs_diff_recorded"":5.551115123125783e-17,""none_threshold_equal_recorded"":true,""raw_valid_probs_max_abs_diff_recorded"":2.7755575615628914e-16,""raw_valid_probs_sha256_equal_recorded"":false,""recorded_source"":""baseline_recovery_v2_classifier_tuning_20261008_folds.csv""}",[],67.52374710000004,256.4570343999985,325.00121610000133
42_random_forest_tuned_fold5,42,random_forest_tuned,5,platt_crossfit,platt,inner_train_crossfit,144266,36066,115412,28854,"{""max_features"":0.7,""min_samples_leaf"":25}",0.25,0.25,0.43183499011430754,0.009129724324040718,0.6100744145525174,"{""coef"":1.022163387638732,""intercept"":0.02230190385790175,""kind"":""platt"",""n_fit"":115412,""positives_fit"":20355}",0,0.43185306852304606,0.4323178296950867,44,e6e9ee8138a664a5f121ef70160dc2f0a8d7886cc8af66ebbd98a91b51ec8158,"{""inner_holdout_log_loss_abs_diff_recorded"":5.551115123125783e-17,""none_threshold_equal_recorded"":true,""raw_valid_probs_max_abs_diff_recorded"":2.7755575615628914e-16,""raw_valid_probs_sha256_equal_recorded"":false,""recorded_source"":""baseline_recovery_v2_classifier_tuning_20261008_folds.csv""}",[],67.52374710000004,256.4570343999985,325.00121610000133
42_random_forest_tuned_fold5,42,random_forest_tuned,5,platt_inner_holdout,platt,inner_holdout,144266,36066,115412,28854,"{""max_features"":0.7,""min_samples_leaf"":25}",0.25,0.25,0.4318321803730227,0.009091278510196983,0.6102126256223198,"{""coef"":1.0261985464409364,""intercept"":0.033838730333904735,""kind"":""platt"",""n_fit"":28854,""positives_fit"":5089}",0,0.43185306852304606,0.4323178296950867,44,264a2b308adc497e9f05484251736403040b24571b095a06e44c2a0eb98ee83a,"{""inner_holdout_log_loss_abs_diff_recorded"":5.551115123125783e-17,""none_threshold_equal_recorded"":true,""raw_valid_probs_max_abs_diff_recorded"":2.7755575615628914e-16,""raw_valid_probs_sha256_equal_recorded"":false,""recorded_source"":""baseline_recovery_v2_classifier_tuning_20261008_folds.csv""}",[],67.52374710000004,256.4570343999985,325.00121610000133
