population,population_rows,population_delayed,route,origin_airport,destination_airport,n_rows,n_delayed,n_not_delayed,delay_rate,share_of_population,rank_by_rows,origin_lat,origin_lon,destination_lat,destination_lon
labeled_all,255001,45000,SFO-LAX,SFO,LAX,563,102,461,0.1811722913,0.002207834479,1,37.61899948,-122.375,33.94250107,-118.4079971
labeled_all,255001,45000,LAX-SFO,LAX,SFO,558,132,426,0.2365591398,0.002188226713,2,33.94250107,-118.4079971,37.61899948,-122.375
labeled_all,255001,45000,ORD-LGA,ORD,LGA,459,138,321,0.3006535948,0.001799992941,3,41.97859955,-87.90480042,40.77719879,-73.87259674
labeled_all,255001,45000,LAS-LAX,LAS,LAX,438,84,354,0.1917808219,0.001717640323,4,36.08010101,-115.1520004,33.94250107,-118.4079971
labeled_all,255001,45000,LAX-JFK,LAX,JFK,427,94,333,0.2201405152,0.001674503237,5,33.94250107,-118.4079971,40.63980103,-73.77890015
labeled_all,255001,45000,LGA-ORD,LGA,ORD,420,98,322,0.2333333333,0.001647052365,6,40.77719879,-73.87259674,41.97859955,-87.90480042
labeled_all,255001,45000,JFK-LAX,JFK,LAX,417,77,340,0.1846522782,0.001635287705,7,40.63980103,-73.77890015,33.94250107,-118.4079971
labeled_all,255001,45000,LAX-LAS,LAX,LAS,408,63,345,0.1544117647,0.001599993726,8,33.94250107,-118.4079971,36.08010101,-115.1520004
labeled_all,255001,45000,HNL-OGG,HNL,OGG,401,10,391,0.02493765586,0.001572542853,9,21.31870079,-157.9219971,20.89859962,-156.4299927
labeled_all,255001,45000,OGG-HNL,OGG,HNL,396,32,364,0.08080808081,0.001552935087,10,20.89859962,-156.4299927,21.31870079,-157.9219971
labeled_all,255001,45000,SEA-PDX,SEA,PDX,369,54,315,0.1463414634,0.001447053149,11,47.44900131,-122.3089981,45.58869934,-122.5979996
labeled_all,255001,45000,PDX-SEA,PDX,SEA,357,63,294,0.1764705882,0.00139999451,12,45.58869934,-122.5979996,47.44900131,-122.3089981
labeled_all,255001,45000,SEA-LAX,SEA,LAX,332,63,269,0.1897590361,0.001301955679,13,47.44900131,-122.3089981,33.94250107,-118.4079971
labeled_all,255001,45000,SEA-SFO,SEA,SFO,318,66,252,0.2075471698,0.001247053933,14,47.44900131,-122.3089981,37.61899948,-122.375
labeled_all,255001,45000,MCO-ATL,MCO,ATL,317,40,277,0.1261829653,0.00124313238,15,28.42939949,-81.30899811,33.63669968,-84.42810059
labeled_all,255001,45000,DEN-LAX,DEN,LAX,311,67,244,0.2154340836,0.00121960306,16,39.86169815,-104.6729965,33.94250107,-118.4079971
labeled_all,255001,45000,SJC-LAX,SJC,LAX,311,56,255,0.1800643087,0.00121960306,17,37.36259842,-121.9290009,33.94250107,-118.4079971
labeled_all,255001,45000,KOA-HNL,KOA,HNL,309,21,288,0.06796116505,0.001211759954,18,19.73880005,-156.0460052,21.31870079,-157.9219971
labeled_all,255001,45000,ATL-MCO,ATL,MCO,307,61,246,0.1986970684,0.001203916847,19,33.63669968,-84.42810059,28.42939949,-81.30899811
labeled_all,255001,45000,SFO-SEA,SFO,SEA,307,83,224,0.2703583062,0.001203916847,20,37.61899948,-122.375,47.44900131,-122.3089981
labeled_all,255001,45000,LAS-SFO,LAS,SFO,305,63,242,0.206557377,0.001196073741,21,36.08010101,-115.1520004,37.61899948,-122.375
labeled_all,255001,45000,GEG-SEA,GEG,SEA,296,58,238,0.1959459459,0.001160779762,22,47.61989975,-117.5339966,47.44900131,-122.3089981
labeled_all,255001,45000,HNL-KOA,HNL,KOA,296,12,284,0.04054054054,0.001160779762,23,21.31870079,-157.9219971,19.73880005,-156.0460052
labeled_all,255001,45000,ATL-FLL,ATL,FLL,291,37,254,0.1271477663,0.001141171995,24,33.63669968,-84.42810059,26.07259941,-80.15270233
labeled_all,255001,45000,LAX-SEA,LAX,SEA,291,41,250,0.1408934708,0.001141171995,25,33.94250107,-118.4079971,47.44900131,-122.3089981
labeled_all,255001,45000,SFO-LAS,SFO,LAS,289,59,230,0.2041522491,0.001133328889,26,37.61899948,-122.375,36.08010101,-115.1520004
labeled_all,255001,45000,LAX-SJC,LAX,SJC,286,41,245,0.1433566434,0.001121564229,27,33.94250107,-118.4079971,37.36259842,-121.9290009
labeled_all,255001,45000,PHX-DEN,PHX,DEN,285,40,245,0.1403508772,0.001117642676,28,33.43429947,-112.012001,39.86169815,-104.6729965
labeled_all,255001,45000,DEN-LAS,DEN,LAS,281,56,225,0.1992882562,0.001101956463,29,39.86169815,-104.6729965,36.08010101,-115.1520004
labeled_all,255001,45000,LGA-ATL,LGA,ATL,281,53,228,0.1886120996,0.001101956463,30,40.77719879,-73.87259674,33.63669968,-84.42810059
labeled_all,255001,45000,BOS-ORD,BOS,ORD,279,61,218,0.2186379928,0.001094113356,31,42.36429977,-71.00520325,41.97859955,-87.90480042
labeled_all,255001,45000,LIH-HNL,LIH,HNL,279,16,263,0.05734767025,0.001094113356,32,21.97599983,-159.3390045,21.31870079,-157.9219971
labeled_all,255001,45000,DCA-BOS,DCA,BOS,276,60,216,0.2173913043,0.001082348697,33,38.85210037,-77.03769684,42.36429977,-71.00520325
labeled_all,255001,45000,ORD-LAX,ORD,LAX,276,71,205,0.2572463768,0.001082348697,34,41.97859955,-87.90480042,33.94250107,-118.4079971
labeled_all,255001,45000,SAN-SFO,SAN,SFO,275,69,206,0.2509090909,0.001078427143,35,32.73360062,-117.1900024,37.61899948,-122.375
labeled_all,255001,45000,HNL-LIH,HNL,LIH,272,12,260,0.04411764706,0.001066662484,36,21.31870079,-157.9219971,21.97599983,-159.3390045
labeled_all,255001,45000,SMF-LAX,SMF,LAX,271,37,234,0.1365313653,0.00106274093,37,38.69540024,-121.5910034,33.94250107,-118.4079971
labeled_all,255001,45000,LAX-DEN,LAX,DEN,269,42,227,0.156133829,0.001054897824,38,33.94250107,-118.4079971,39.86169815,-104.6729965
labeled_all,255001,45000,LGA-BOS,LGA,BOS,269,59,210,0.219330855,0.001054897824,39,40.77719879,-73.87259674,42.36429977,-71.00520325
labeled_all,255001,45000,SLC-DEN,SLC,DEN,269,30,239,0.1115241636,0.001054897824,40,40.78839874,-111.9779968,39.86169815,-104.6729965
labeled_all,255001,45000,SFO-SAN,SFO,SAN,266,54,212,0.2030075188,0.001043133164,41,37.61899948,-122.375,32.73360062,-117.1900024
labeled_all,255001,45000,DEN-PHX,DEN,PHX,263,55,208,0.2091254753,0.001031368504,42,39.86169815,-104.6729965,33.43429947,-112.012001
labeled_all,255001,45000,BOS-LGA,BOS,LGA,262,60,202,0.2290076336,0.001027446951,43,42.36429977,-71.00520325,40.77719879,-73.87259674
labeled_all,255001,45000,MCO-EWR,MCO,EWR,262,78,184,0.2977099237,0.001027446951,44,28.42939949,-81.30899811,40.69250107,-74.16870117
labeled_all,255001,45000,JFK-SFO,JFK,SFO,261,58,203,0.2222222222,0.001023525398,45,40.63980103,-73.77890015,37.61899948,-122.375
labeled_all,255001,45000,LAX-SMF,LAX,SMF,261,51,210,0.1954022989,0.001023525398,46,33.94250107,-118.4079971,38.69540024,-121.5910034
labeled_all,255001,45000,DFW-ORD,DFW,ORD,260,50,210,0.1923076923,0.001019603845,47,32.89680099,-97.03800201,41.97859955,-87.90480042
labeled_all,255001,45000,EWR-MCO,EWR,MCO,259,64,195,0.2471042471,0.001015682291,48,40.69250107,-74.16870117,28.42939949,-81.30899811
labeled_all,255001,45000,PHX-LAX,PHX,LAX,258,51,207,0.1976744186,0.001011760738,49,33.43429947,-112.012001,33.94250107,-118.4079971
labeled_all,255001,45000,DCA-ORD,DCA,ORD,256,39,217,0.15234375,0.001003917632,50,38.85210037,-77.03769684,41.97859955,-87.90480042
labeled_all,255001,45000,LAS-DEN,LAS,DEN,256,48,208,0.1875,0.001003917632,51,36.08010101,-115.1520004,39.86169815,-104.6729965
labeled_all,255001,45000,SEA-GEG,SEA,GEG,256,45,211,0.17578125,0.001003917632,52,47.44900131,-122.3089981,47.61989975,-117.5339966
labeled_all,255001,45000,ATL-LGA,ATL,LGA,255,58,197,0.2274509804,0.0009999960784,53,33.63669968,-84.42810059,40.77719879,-73.87259674
labeled_all,255001,45000,LAX-ORD,LAX,ORD,255,35,220,0.137254902,0.0009999960784,54,33.94250107,-118.4079971,41.97859955,-87.90480042
labeled_all,255001,45000,LAX-PHX,LAX,PHX,254,60,194,0.2362204724,0.0009960745252,55,33.94250107,-118.4079971,33.43429947,-112.012001
labeled_all,255001,45000,DAL-HOU,DAL,HOU,250,64,186,0.256,0.0009803883122,56,32.8470993,-96.85179901,29.64539909,-95.27890015
labeled_all,255001,45000,SEA-DEN,SEA,DEN,250,43,207,0.172,0.0009803883122,57,47.44900131,-122.3089981,39.86169815,-104.6729965
labeled_all,255001,45000,SEA-ANC,SEA,ANC,247,38,209,0.1538461538,0.0009686236525,58,47.44900131,-122.3089981,61.17440033,-149.9960022
labeled_all,255001,45000,ATL-ORD,ATL,ORD,245,46,199,0.187755102,0.000960780546,59,33.63669968,-84.42810059,41.97859955,-87.90480042
labeled_all,255001,45000,FLL-ATL,FLL,ATL,245,35,210,0.1428571429,0.000960780546,60,26.07259941,-80.15270233,33.63669968,-84.42810059
labeled_all,255001,45000,DEN-SFO,DEN,SFO,242,68,174,0.2809917355,0.0009490158862,61,39.86169815,-104.6729965,37.61899948,-122.375
labeled_all,255001,45000,DEN-SLC,DEN,SLC,241,53,188,0.2199170124,0.000945094333,62,39.86169815,-104.6729965,40.78839874,-111.9779968
labeled_all,255001,45000,SAN-SMF,SAN,SMF,239,31,208,0.129707113,0.0009372512265,63,32.73360062,-117.1900024,38.69540024,-121.5910034
labeled_all,255001,45000,SFO-JFK,SFO,JFK,238,40,198,0.1680672269,0.0009333296732,64,37.61899948,-122.375,40.63980103,-73.77890015
labeled_all,255001,45000,DEN-SEA,DEN,SEA,237,53,184,0.223628692,0.00092940812,65,39.86169815,-104.6729965,47.44900131,-122.3089981
labeled_all,255001,45000,HOU-DAL,HOU,DAL,237,49,188,0.2067510549,0.00092940812,66,29.64539909,-95.27890015,32.8470993,-96.85179901
labeled_all,255001,45000,DEN-ORD,DEN,ORD,235,43,192,0.1829787234,0.0009215650135,67,39.86169815,-104.6729965,41.97859955,-87.90480042
labeled_all,255001,45000,ORD-DCA,ORD,DCA,234,42,192,0.1794871795,0.0009176434602,68,41.97859955,-87.90480042,38.85210037,-77.03769684
labeled_all,255001,45000,ORD-BOS,ORD,BOS,233,59,174,0.2532188841,0.000913721907,69,41.97859955,-87.90480042,42.36429977,-71.00520325
labeled_all,255001,45000,SJC-SAN,SJC,SAN,232,32,200,0.1379310345,0.0009098003537,70,37.36259842,-121.9290009,32.73360062,-117.1900024
labeled_all,255001,45000,DFW-LAX,DFW,LAX,230,54,176,0.2347826087,0.0009019572472,71,32.89680099,-97.03800201,33.94250107,-118.4079971
labeled_all,255001,45000,MSP-ORD,MSP,ORD,230,46,184,0.2,0.0009019572472,72,44.88199997,-93.22180176,41.97859955,-87.90480042
labeled_all,255001,45000,ORD-DEN,ORD,DEN,230,45,185,0.1956521739,0.0009019572472,73,41.97859955,-87.90480042,39.86169815,-104.6729965
labeled_all,255001,45000,TPA-ATL,TPA,ATL,229,32,197,0.1397379913,0.000898035694,74,27.97550011,-82.53320312,33.63669968,-84.42810059
labeled_all,255001,45000,ATL-TPA,ATL,TPA,228,33,195,0.1447368421,0.0008941141407,75,33.63669968,-84.42810059,27.97550011,-82.53320312
labeled_all,255001,45000,BWI-BOS,BWI,BOS,227,48,179,0.2114537445,0.0008901925875,76,39.17539978,-76.66829681,42.36429977,-71.00520325
labeled_all,255001,45000,ORD-ATL,ORD,ATL,226,46,180,0.203539823,0.0008862710342,77,41.97859955,-87.90480042,33.63669968,-84.42810059
labeled_all,255001,45000,BOS-DCA,BOS,DCA,225,45,180,0.2,0.000882349481,78,42.36429977,-71.00520325,38.85210037,-77.03769684
labeled_all,255001,45000,LAX-DFW,LAX,DFW,225,42,183,0.1866666667,0.000882349481,79,33.94250107,-118.4079971,32.89680099,-97.03800201
labeled_all,255001,45000,ATL-PHL,ATL,PHL,224,26,198,0.1160714286,0.0008784279277,80,33.63669968,-84.42810059,39.87189865,-75.2410965
labeled_all,255001,45000,EWR-BOS,EWR,BOS,224,57,167,0.2544642857,0.0008784279277,81,40.69250107,-74.16870117,42.36429977,-71.00520325
labeled_all,255001,45000,ORD-DTW,ORD,DTW,224,41,183,0.1830357143,0.0008784279277,82,41.97859955,-87.90480042,42.21239853,-83.35340118
labeled_all,255001,45000,SFO-DEN,SFO,DEN,224,56,168,0.25,0.0008784279277,83,37.61899948,-122.375,39.86169815,-104.6729965
labeled_all,255001,45000,ANC-SEA,ANC,SEA,223,26,197,0.1165919283,0.0008745063745,84,61.17440033,-149.9960022,47.44900131,-122.3089981
labeled_all,255001,45000,ORD-SFO,ORD,SFO,222,68,154,0.3063063063,0.0008705848212,85,41.97859955,-87.90480042,37.61899948,-122.375
labeled_all,255001,45000,EWR-ATL,EWR,ATL,220,43,177,0.1954545455,0.0008627417147,86,40.69250107,-74.16870117,33.63669968,-84.42810059
labeled_all,255001,45000,SEA-LAS,SEA,LAS,220,31,189,0.1409090909,0.0008627417147,87,47.44900131,-122.3089981,36.08010101,-115.1520004
labeled_all,255001,45000,ITO-HNL,ITO,HNL,217,9,208,0.04147465438,0.000850977055,88,19.72139931,-155.0480042,21.31870079,-157.9219971
labeled_all,255001,45000,LAS-SAN,LAS,SAN,217,37,180,0.1705069124,0.000850977055,89,36.08010101,-115.1520004,32.73360062,-117.1900024
labeled_all,255001,45000,SFO-ORD,SFO,ORD,217,38,179,0.1751152074,0.000850977055,90,37.61899948,-122.375,41.97859955,-87.90480042
labeled_all,255001,45000,DTW-ORD,DTW,ORD,216,42,174,0.1944444444,0.0008470555017,91,42.21239853,-83.35340118,41.97859955,-87.90480042
labeled_all,255001,45000,BOS-BWI,BOS,BWI,215,47,168,0.2186046512,0.0008431339485,92,42.36429977,-71.00520325,39.17539978,-76.66829681
labeled_all,255001,45000,MSP-DEN,MSP,DEN,214,31,183,0.1448598131,0.0008392123952,93,44.88199997,-93.22180176,39.86169815,-104.6729965
labeled_all,255001,45000,ATL-DCA,ATL,DCA,213,34,179,0.1596244131,0.000835290842,94,33.63669968,-84.42810059,38.85210037,-77.03769684
labeled_all,255001,45000,BOS-SFO,BOS,SFO,213,55,158,0.2582159624,0.000835290842,95,42.36429977,-71.00520325,37.61899948,-122.375
labeled_all,255001,45000,ORD-MSP,ORD,MSP,213,51,162,0.2394366197,0.000835290842,96,41.97859955,-87.90480042,44.88199997,-93.22180176
labeled_all,255001,45000,PHX-LAS,PHX,LAS,212,35,177,0.1650943396,0.0008313692887,97,33.43429947,-112.012001,36.08010101,-115.1520004
labeled_all,255001,45000,LAS-SEA,LAS,SEA,209,28,181,0.1339712919,0.000819604629,98,36.08010101,-115.1520004,47.44900131,-122.3089981
labeled_all,255001,45000,SJC-SEA,SJC,SEA,209,37,172,0.1770334928,0.000819604629,99,37.36259842,-121.9290009,47.44900131,-122.3089981
labeled_all,255001,45000,EWR-FLL,EWR,FLL,208,61,147,0.2932692308,0.0008156830758,100,40.69250107,-74.16870117,26.07259941,-80.15270233
labeled_all,255001,45000,HNL-ITO,HNL,ITO,208,6,202,0.02884615385,0.0008156830758,101,21.31870079,-157.9219971,19.72139931,-155.0480042
labeled_all,255001,45000,SAN-SJC,SAN,SJC,208,22,186,0.1057692308,0.0008156830758,102,32.73360062,-117.1900024,37.36259842,-121.9290009
labeled_all,255001,45000,SNA-SJC,SNA,SJC,208,23,185,0.1105769231,0.0008156830758,103,33.67570114,-117.8679962,37.36259842,-121.9290009
labeled_all,255001,45000,ATL-BOS,ATL,BOS,207,35,172,0.1690821256,0.0008117615225,104,33.63669968,-84.42810059,42.36429977,-71.00520325
labeled_all,255001,45000,OAK-LAX,OAK,LAX,207,45,162,0.2173913043,0.0008117615225,105,37.72129822,-122.2210007,33.94250107,-118.4079971
labeled_all,255001,45000,SFO-PDX,SFO,PDX,207,32,175,0.154589372,0.0008117615225,106,37.61899948,-122.375,45.58869934,-122.5979996
labeled_all,255001,45000,SAN-LAS,SAN,LAS,206,31,175,0.1504854369,0.0008078399693,107,32.73360062,-117.1900024,36.08010101,-115.1520004
labeled_all,255001,45000,BOS-ATL,BOS,ATL,205,34,171,0.1658536585,0.000803918416,108,42.36429977,-71.00520325,33.63669968,-84.42810059
labeled_all,255001,45000,BOS-EWR,BOS,EWR,205,56,149,0.2731707317,0.000803918416,109,42.36429977,-71.00520325,40.69250107,-74.16870117
labeled_all,255001,45000,PDX-SFO,PDX,SFO,205,43,162,0.2097560976,0.000803918416,110,45.58869934,-122.5979996,37.61899948,-122.375
labeled_all,255001,45000,ATL-EWR,ATL,EWR,203,63,140,0.3103448276,0.0007960753095,111,33.63669968,-84.42810059,40.69250107,-74.16870117
labeled_all,255001,45000,BWI-ATL,BWI,ATL,203,28,175,0.1379310345,0.0007960753095,112,39.17539978,-76.66829681,33.63669968,-84.42810059
labeled_all,255001,45000,ATL-LAX,ATL,LAX,202,49,153,0.2425742574,0.0007921537563,113,33.63669968,-84.42810059,33.94250107,-118.4079971
labeled_all,255001,45000,ATL-DEN,ATL,DEN,201,38,163,0.1890547264,0.000788232203,114,33.63669968,-84.42810059,39.86169815,-104.6729965
labeled_all,255001,45000,LAX-EWR,LAX,EWR,201,41,160,0.2039800995,0.000788232203,115,33.94250107,-118.4079971,40.69250107,-74.16870117
labeled_all,255001,45000,MCO-SJU,MCO,SJU,201,43,158,0.2139303483,0.000788232203,116,28.42939949,-81.30899811,18.43939972,-66.00180054
labeled_all,255001,45000,ORD-IND,ORD,IND,201,44,157,0.2189054726,0.000788232203,117,41.97859955,-87.90480042,39.71730041,-86.29440308
labeled_all,255001,45000,PHL-BOS,PHL,BOS,201,41,160,0.2039800995,0.000788232203,118,39.87189865,-75.2410965,42.36429977,-71.00520325
labeled_all,255001,45000,SFO-BOS,SFO,BOS,201,51,150,0.2537313433,0.000788232203,119,37.61899948,-122.375,42.36429977,-71.00520325
labeled_all,255001,45000,CVG-ORD,CVG,ORD,200,42,158,0.21,0.0007843106498,120,39.04880142,-84.6678009,41.97859955,-87.90480042
labeled_all,255001,45000,ORD-DFW,ORD,DFW,200,44,156,0.22,0.0007843106498,121,41.97859955,-87.90480042,32.89680099,-97.03800201
labeled_all,255001,45000,SFO-EWR,SFO,EWR,200,49,151,0.245,0.0007843106498,122,37.61899948,-122.375,40.69250107,-74.16870117
labeled_all,255001,45000,DEN-MSP,DEN,MSP,199,32,167,0.1608040201,0.0007803890965,123,39.86169815,-104.6729965,44.88199997,-93.22180176
labeled_all,255001,45000,DFW-ATL,DFW,ATL,199,36,163,0.1809045226,0.0007803890965,124,32.89680099,-97.03800201,33.63669968,-84.42810059
labeled_all,255001,45000,LAX-OAK,LAX,OAK,199,47,152,0.2361809045,0.0007803890965,125,33.94250107,-118.4079971,37.72129822,-122.2210007
labeled_all,255001,45000,BOS-PHL,BOS,PHL,197,37,160,0.1878172589,0.00077254599,126,42.36429977,-71.00520325,39.87189865,-75.2410965
labeled_all,255001,45000,FLL-EWR,FLL,EWR,197,48,149,0.2436548223,0.00077254599,127,26.07259941,-80.15270233,40.69250107,-74.16870117
labeled_all,255001,45000,LAX-SAN,LAX,SAN,196,32,164,0.1632653061,0.0007686244368,128,33.94250107,-118.4079971,32.73360062,-117.1900024
labeled_all,255001,45000,SEA-SJC,SEA,SJC,196,40,156,0.2040816327,0.0007686244368,129,47.44900131,-122.3089981,37.36259842,-121.9290009
labeled_all,255001,45000,LAX-ATL,LAX,ATL,195,51,144,0.2615384615,0.0007647028835,130,33.94250107,-118.4079971,33.63669968,-84.42810059
labeled_all,255001,45000,PHX-SEA,PHX,SEA,195,39,156,0.2,0.0007647028835,131,33.43429947,-112.012001,47.44900131,-122.3089981
labeled_all,255001,45000,ATL-BWI,ATL,BWI,194,33,161,0.1701030928,0.0007607813303,132,33.63669968,-84.42810059,39.17539978,-76.66829681
labeled_all,255001,45000,LAX-IAH,LAX,IAH,194,23,171,0.118556701,0.0007607813303,133,33.94250107,-118.4079971,29.9843998,-95.34140015
labeled_all,255001,45000,SEA-PHX,SEA,PHX,194,31,163,0.1597938144,0.0007607813303,134,47.44900131,-122.3089981,33.43429947,-112.012001
labeled_all,255001,45000,DFW-IAH,DFW,IAH,193,23,170,0.1191709845,0.000756859777,135,32.89680099,-97.03800201,29.9843998,-95.34140015
labeled_all,255001,45000,IND-ORD,IND,ORD,193,42,151,0.2176165803,0.000756859777,136,39.71730041,-86.29440308,41.97859955,-87.90480042
labeled_all,255001,45000,SJU-MCO,SJU,MCO,193,30,163,0.1554404145,0.000756859777,137,18.43939972,-66.00180054,28.42939949,-81.30899811
labeled_all,255001,45000,SMF-SAN,SMF,SAN,193,21,172,0.1088082902,0.000756859777,138,38.69540024,-121.5910034,32.73360062,-117.1900024
labeled_all,255001,45000,DCA-ATL,DCA,ATL,192,26,166,0.1354166667,0.0007529382238,139,38.85210037,-77.03769684,33.63669968,-84.42810059
labeled_all,255001,45000,LAX-HNL,LAX,HNL,192,43,149,0.2239583333,0.0007529382238,140,33.94250107,-118.4079971,21.31870079,-157.9219971
labeled_all,255001,45000,MIA-ATL,MIA,ATL,191,33,158,0.1727748691,0.0007490166705,141,25.79319954,-80.29060364,33.63669968,-84.42810059
labeled_all,255001,45000,EWR-LAX,EWR,LAX,190,53,137,0.2789473684,0.0007450951173,142,40.69250107,-74.16870117,33.94250107,-118.4079971
labeled_all,255001,45000,HNL-LAX,HNL,LAX,190,26,164,0.1368421053,0.0007450951173,143,21.31870079,-157.9219971,33.94250107,-118.4079971
labeled_all,255001,45000,SEA-ORD,SEA,ORD,189,35,154,0.1851851852,0.000741173564,144,47.44900131,-122.3089981,41.97859955,-87.90480042
labeled_all,255001,45000,EWR-SFO,EWR,SFO,188,49,139,0.2606382979,0.0007372520108,145,40.69250107,-74.16870117,37.61899948,-122.375
labeled_all,255001,45000,PHL-MCO,PHL,MCO,188,42,146,0.2234042553,0.0007372520108,146,39.87189865,-75.2410965,28.42939949,-81.30899811
labeled_all,255001,45000,MCO-PHL,MCO,PHL,187,37,150,0.1978609626,0.0007333304575,147,28.42939949,-81.30899811,39.87189865,-75.2410965
labeled_all,255001,45000,PHX-ORD,PHX,ORD,185,27,158,0.1459459459,0.000725487351,148,33.43429947,-112.012001,41.97859955,-87.90480042
labeled_all,255001,45000,DEN-IAH,DEN,IAH,184,27,157,0.1467391304,0.0007215657978,149,39.86169815,-104.6729965,29.9843998,-95.34140015
labeled_all,255001,45000,DEN-SAN,DEN,SAN,184,33,151,0.1793478261,0.0007215657978,150,39.86169815,-104.6729965,32.73360062,-117.1900024
labeled_all,255001,45000,ORD-CVG,ORD,CVG,184,28,156,0.152173913,0.0007215657978,151,41.97859955,-87.90480042,39.04880142,-84.6678009
labeled_all,255001,45000,PDX-LAX,PDX,LAX,183,25,158,0.1366120219,0.0007176442445,152,45.58869934,-122.5979996,33.94250107,-118.4079971
labeled_all,255001,45000,SEA-BOI,SEA,BOI,183,23,160,0.1256830601,0.0007176442445,153,47.44900131,-122.3089981,43.56439972,-116.2229996
labeled_all,255001,45000,DTW-ATL,DTW,ATL,182,19,163,0.1043956044,0.0007137226913,154,42.21239853,-83.35340118,33.63669968,-84.42810059
labeled_all,255001,45000,EWR-ORD,EWR,ORD,182,40,142,0.2197802198,0.0007137226913,155,40.69250107,-74.16870117,41.97859955,-87.90480042
labeled_all,255001,45000,IAH-LAX,IAH,LAX,182,28,154,0.1538461538,0.0007137226913,156,29.9843998,-95.34140015,33.94250107,-118.4079971
labeled_all,255001,45000,ATL-MIA,ATL,MIA,181,17,164,0.09392265193,0.000709801138,157,33.63669968,-84.42810059,25.79319954,-80.29060364
labeled_all,255001,45000,MCI-DEN,MCI,DEN,181,27,154,0.1491712707,0.000709801138,158,39.29759979,-94.71389771,39.86169815,-104.6729965
labeled_all,255001,45000,RDU-ATL,RDU,ATL,181,27,154,0.1491712707,0.000709801138,159,35.87760162,-78.78749847,33.63669968,-84.42810059
labeled_all,255001,45000,PHL-ATL,PHL,ATL,179,21,158,0.1173184358,0.0007019580315,160,39.87189865,-75.2410965,33.63669968,-84.42810059
labeled_all,255001,45000,CLT-ATL,CLT,ATL,178,28,150,0.1573033708,0.0006980364783,161,35.2140007,-80.94309998,33.63669968,-84.42810059
labeled_all,255001,45000,LAS-PHX,LAS,PHX,178,33,145,0.1853932584,0.0006980364783,162,36.08010101,-115.1520004,33.43429947,-112.012001
labeled_all,255001,45000,ATL-RDU,ATL,RDU,177,30,147,0.1694915254,0.000694114925,163,33.63669968,-84.42810059,35.87760162,-78.78749847
labeled_all,255001,45000,DCA-LGA,DCA,LGA,177,42,135,0.2372881356,0.000694114925,164,38.85210037,-77.03769684,40.77719879,-73.87259674
labeled_all,255001,45000,DEN-DFW,DEN,DFW,177,41,136,0.2316384181,0.000694114925,165,39.86169815,-104.6729965,32.89680099,-97.03800201
labeled_all,255001,45000,DFW-LGA,DFW,LGA,177,41,136,0.2316384181,0.000694114925,166,32.89680099,-97.03800201,40.77719879,-73.87259674
labeled_all,255001,45000,SLC-LAX,SLC,LAX,177,26,151,0.1468926554,0.000694114925,167,40.78839874,-111.9779968,33.94250107,-118.4079971
labeled_all,255001,45000,MCO-BWI,MCO,BWI,176,27,149,0.1534090909,0.0006901933718,168,28.42939949,-81.30899811,39.17539978,-76.66829681
labeled_all,255001,45000,ORD-IAH,ORD,IAH,176,37,139,0.2102272727,0.0006901933718,169,41.97859955,-87.90480042,29.9843998,-95.34140015
labeled_all,255001,45000,ORD-SEA,ORD,SEA,176,45,131,0.2556818182,0.0006901933718,170,41.97859955,-87.90480042,47.44900131,-122.3089981
labeled_all,255001,45000,BWI-FLL,BWI,FLL,175,35,140,0.2,0.0006862718185,171,39.17539978,-76.66829681,26.07259941,-80.15270233
labeled_all,255001,45000,CLE-ORD,CLE,ORD,175,30,145,0.1714285714,0.0006862718185,172,41.4117012,-81.84980011,41.97859955,-87.90480042
labeled_all,255001,45000,DEN-ATL,DEN,ATL,175,25,150,0.1428571429,0.0006862718185,173,39.86169815,-104.6729965,33.63669968,-84.42810059
labeled_all,255001,45000,SAN-PHX,SAN,PHX,174,32,142,0.183908046,0.0006823502653,174,32.73360062,-117.1900024,33.43429947,-112.012001
labeled_all,255001,45000,ATL-IAH,ATL,IAH,173,32,141,0.1849710983,0.000678428712,175,33.63669968,-84.42810059,29.9843998,-95.34140015
labeled_all,255001,45000,SAN-SEA,SAN,SEA,173,27,146,0.1560693642,0.000678428712,176,32.73360062,-117.1900024,47.44900131,-122.3089981
labeled_all,255001,45000,SEA-SMF,SEA,SMF,173,28,145,0.161849711,0.000678428712,177,47.44900131,-122.3089981,38.69540024,-121.5910034
labeled_all,255001,45000,LAX-SLC,LAX,SLC,172,17,155,0.0988372093,0.0006745071588,178,33.94250107,-118.4079971,40.78839874,-111.9779968
labeled_all,255001,45000,ORD-CMH,ORD,CMH,172,37,135,0.2151162791,0.0006745071588,179,41.97859955,-87.90480042,39.9980011,-82.89189911
labeled_all,255001,45000,SAN-OAK,SAN,OAK,172,37,135,0.2151162791,0.0006745071588,180,32.73360062,-117.1900024,37.72129822,-122.2210007
labeled_all,255001,45000,SFO-PHX,SFO,PHX,172,30,142,0.1744186047,0.0006745071588,181,37.61899948,-122.375,33.43429947,-112.012001
labeled_all,255001,45000,CMH-ORD,CMH,ORD,171,31,140,0.1812865497,0.0006705856055,182,39.9980011,-82.89189911,41.97859955,-87.90480042
labeled_all,255001,45000,IAH-ATL,IAH,ATL,171,35,136,0.2046783626,0.0006705856055,183,29.9843998,-95.34140015,33.63669968,-84.42810059
labeled_all,255001,45000,LGA-MIA,LGA,MIA,171,38,133,0.2222222222,0.0006705856055,184,40.77719879,-73.87259674,25.79319954,-80.29060364
labeled_all,255001,45000,AUS-DEN,AUS,DEN,170,36,134,0.2117647059,0.0006666640523,185,30.19449997,-97.66989899,39.86169815,-104.6729965
labeled_all,255001,45000,BNA-ORD,BNA,ORD,170,41,129,0.2411764706,0.0006666640523,186,36.12450027,-86.67819977,41.97859955,-87.90480042
labeled_all,255001,45000,FLL-LGA,FLL,LGA,170,45,125,0.2647058824,0.0006666640523,187,26.07259941,-80.15270233,40.77719879,-73.87259674
labeled_all,255001,45000,SAN-LAX,SAN,LAX,170,27,143,0.1588235294,0.0006666640523,188,32.73360062,-117.1900024,33.94250107,-118.4079971
labeled_all,255001,45000,FLL-BWI,FLL,BWI,169,24,145,0.1420118343,0.000662742499,189,26.07259941,-80.15270233,39.17539978,-76.66829681
labeled_all,255001,45000,OAK-LAS,OAK,LAS,169,33,136,0.1952662722,0.000662742499,190,37.72129822,-122.2210007,36.08010101,-115.1520004
labeled_all,255001,45000,CLT-LGA,CLT,LGA,168,30,138,0.1785714286,0.0006588209458,191,35.2140007,-80.94309998,40.77719879,-73.87259674
labeled_all,255001,45000,DEN-LGA,DEN,LGA,168,45,123,0.2678571429,0.0006588209458,192,39.86169815,-104.6729965,40.77719879,-73.87259674
labeled_all,255001,45000,DEN-MCI,DEN,MCI,168,28,140,0.1666666667,0.0006588209458,193,39.86169815,-104.6729965,39.29759979,-94.71389771
labeled_all,255001,45000,LAX-PDX,LAX,PDX,168,20,148,0.119047619,0.0006588209458,194,33.94250107,-118.4079971,45.58869934,-122.5979996
labeled_all,255001,45000,LGA-FLL,LGA,FLL,168,39,129,0.2321428571,0.0006588209458,195,40.77719879,-73.87259674,26.07259941,-80.15270233
labeled_all,255001,45000,PHX-SAN,PHX,SAN,168,33,135,0.1964285714,0.0006588209458,196,33.43429947,-112.012001,32.73360062,-117.1900024
labeled_all,255001,45000,JFK-MCO,JFK,MCO,167,45,122,0.2694610778,0.0006548993926,197,40.63980103,-73.77890015,28.42939949,-81.30899811
labeled_all,255001,45000,LGA-IAH,LGA,IAH,167,35,132,0.2095808383,0.0006548993926,198,40.77719879,-73.87259674,29.9843998,-95.34140015
labeled_all,255001,45000,SMF-SEA,SMF,SEA,167,25,142,0.1497005988,0.0006548993926,199,38.69540024,-121.5910034,47.44900131,-122.3089981
labeled_all,255001,45000,ATL-DFW,ATL,DFW,166,30,136,0.1807228916,0.0006509778393,200,33.63669968,-84.42810059,32.89680099,-97.03800201
labeled_all,255001,45000,BOI-SEA,BOI,SEA,166,18,148,0.1084337349,0.0006509778393,201,43.56439972,-116.2229996,47.44900131,-122.3089981
labeled_all,255001,45000,BOS-LAX,BOS,LAX,166,30,136,0.1807228916,0.0006509778393,202,42.36429977,-71.00520325,33.94250107,-118.4079971
labeled_all,255001,45000,IAH-DFW,IAH,DFW,166,36,130,0.2168674699,0.0006509778393,203,29.9843998,-95.34140015,32.89680099,-97.03800201
labeled_all,255001,45000,LGA-DCA,LGA,DCA,166,42,124,0.2530120482,0.0006509778393,204,40.77719879,-73.87259674,38.85210037,-77.03769684
labeled_all,255001,45000,ORD-STL,ORD,STL,166,38,128,0.2289156627,0.0006509778393,205,41.97859955,-87.90480042,38.74869919,-90.37000275
labeled_all,255001,45000,PHX-SFO,PHX,SFO,166,41,125,0.2469879518,0.0006509778393,206,33.43429947,-112.012001,37.61899948,-122.375
labeled_all,255001,45000,JAX-ATL,JAX,ATL,165,16,149,0.09696969697,0.0006470562861,207,30.49410057,-81.68789673,33.63669968,-84.42810059
labeled_all,255001,45000,LAS-ORD,LAS,ORD,165,28,137,0.1696969697,0.0006470562861,208,36.08010101,-115.1520004,41.97859955,-87.90480042
labeled_all,255001,45000,ORD-CLE,ORD,CLE,165,27,138,0.1636363636,0.0006470562861,209,41.97859955,-87.90480042,41.4117012,-81.84980011
labeled_all,255001,45000,SJC-LAS,SJC,LAS,165,29,136,0.1757575758,0.0006470562861,210,37.36259842,-121.9290009,36.08010101,-115.1520004
labeled_all,255001,45000,ATL-MSY,ATL,MSY,164,25,139,0.1524390244,0.0006431347328,211,33.63669968,-84.42810059,29.99340057,-90.25800323
labeled_all,255001,45000,BOS-JFK,BOS,JFK,164,29,135,0.1768292683,0.0006431347328,212,42.36429977,-71.00520325,40.63980103,-73.77890015
labeled_all,255001,45000,DFW-DEN,DFW,DEN,164,24,140,0.1463414634,0.0006431347328,213,32.89680099,-97.03800201,39.86169815,-104.6729965
labeled_all,255001,45000,JFK-BOS,JFK,BOS,164,39,125,0.237804878,0.0006431347328,214,40.63980103,-73.77890015,42.36429977,-71.00520325
labeled_all,255001,45000,ORD-MKE,ORD,MKE,164,25,139,0.1524390244,0.0006431347328,215,41.97859955,-87.90480042,42.94720078,-87.89659882
labeled_all,255001,45000,BOS-MCO,BOS,MCO,163,31,132,0.1901840491,0.0006392131796,216,42.36429977,-71.00520325,28.42939949,-81.30899811
labeled_all,255001,45000,BUR-SJC,BUR,SJC,163,20,143,0.1226993865,0.0006392131796,217,34.20069885,-118.3590012,37.36259842,-121.9290009
labeled_all,255001,45000,ORD-BNA,ORD,BNA,163,31,132,0.1901840491,0.0006392131796,218,41.97859955,-87.90480042,36.12450027,-86.67819977
labeled_all,255001,45000,SAN-DEN,SAN,DEN,163,30,133,0.1840490798,0.0006392131796,219,32.73360062,-117.1900024,39.86169815,-104.6729965
labeled_all,255001,45000,STL-ORD,STL,ORD,163,39,124,0.2392638037,0.0006392131796,220,38.74869919,-90.37000275,41.97859955,-87.90480042
labeled_all,255001,45000,BWI-MCO,BWI,MCO,162,45,117,0.2777777778,0.0006352916263,221,39.17539978,-76.66829681,28.42939949,-81.30899811
labeled_all,255001,45000,LGA-DFW,LGA,DFW,162,41,121,0.2530864198,0.0006352916263,222,40.77719879,-73.87259674,32.89680099,-97.03800201
labeled_all,255001,45000,SJC-SNA,SJC,SNA,162,19,143,0.1172839506,0.0006352916263,223,37.36259842,-121.9290009,33.67570114,-117.8679962
labeled_all,255001,45000,ATL-MSP,ATL,MSP,161,31,130,0.1925465839,0.0006313700731,224,33.63669968,-84.42810059,44.88199997,-93.22180176
labeled_all,255001,45000,IAH-DEN,IAH,DEN,161,25,136,0.1552795031,0.0006313700731,225,29.9843998,-95.34140015,39.86169815,-104.6729965
labeled_all,255001,45000,LAS-OAK,LAS,OAK,161,28,133,0.1739130435,0.0006313700731,226,36.08010101,-115.1520004,37.72129822,-122.2210007
labeled_all,255001,45000,MKE-ORD,MKE,ORD,161,33,128,0.2049689441,0.0006313700731,227,42.94720078,-87.89659882,41.97859955,-87.90480042
labeled_all,255001,45000,ORD-PHX,ORD,PHX,161,30,131,0.1863354037,0.0006313700731,228,41.97859955,-87.90480042,33.43429947,-112.012001
labeled_all,255001,45000,DEN-STL,DEN,STL,160,23,137,0.14375,0.0006274485198,229,39.86169815,-104.6729965,38.74869919,-90.37000275
labeled_all,255001,45000,OAK-BUR,OAK,BUR,160,25,135,0.15625,0.0006274485198,230,37.72129822,-122.2210007,34.20069885,-118.3590012
labeled_all,255001,45000,ATL-DTW,ATL,DTW,159,28,131,0.1761006289,0.0006235269666,231,33.63669968,-84.42810059,42.21239853,-83.35340118
labeled_all,255001,45000,ORD-EWR,ORD,EWR,159,49,110,0.3081761006,0.0006235269666,232,41.97859955,-87.90480042,40.69250107,-74.16870117
labeled_all,255001,45000,MSY-ATL,MSY,ATL,158,26,132,0.164556962,0.0006196054133,233,29.99340057,-90.25800323,33.63669968,-84.42810059
labeled_all,255001,45000,ORD-MCO,ORD,MCO,158,26,132,0.164556962,0.0006196054133,234,41.97859955,-87.90480042,28.42939949,-81.30899811
labeled_all,255001,45000,ORD-PHL,ORD,PHL,158,33,125,0.2088607595,0.0006196054133,235,41.97859955,-87.90480042,39.87189865,-75.2410965
labeled_all,255001,45000,SFO-SNA,SFO,SNA,158,27,131,0.1708860759,0.0006196054133,236,37.61899948,-122.375,33.67570114,-117.8679962
labeled_all,255001,45000,MSN-ORD,MSN,ORD,156,18,138,0.1153846154,0.0006117623068,237,43.13990021,-89.33750153,41.97859955,-87.90480042
labeled_all,255001,45000,OAK-SAN,OAK,SAN,156,33,123,0.2115384615,0.0006117623068,238,37.72129822,-122.2210007,32.73360062,-117.1900024
labeled_all,255001,45000,PHX-SLC,PHX,SLC,156,33,123,0.2115384615,0.0006117623068,239,33.43429947,-112.012001,40.78839874,-111.9779968
labeled_all,255001,45000,SFO-DFW,SFO,DFW,156,34,122,0.2179487179,0.0006117623068,240,37.61899948,-122.375,32.89680099,-97.03800201
labeled_all,255001,45000,DEN-AUS,DEN,AUS,155,25,130,0.1612903226,0.0006078407536,241,39.86169815,-104.6729965,30.19449997,-97.66989899
labeled_all,255001,45000,MSP-ATL,MSP,ATL,155,14,141,0.09032258065,0.0006078407536,242,44.88199997,-93.22180176,33.63669968,-84.42810059
labeled_all,255001,45000,SJC-PDX,SJC,PDX,155,14,141,0.09032258065,0.0006078407536,243,37.36259842,-121.9290009,45.58869934,-122.5979996
labeled_all,255001,45000,ATL-CLT,ATL,CLT,154,20,134,0.1298701299,0.0006039192003,244,33.63669968,-84.42810059,35.2140007,-80.94309998
labeled_all,255001,45000,IAH-ORD,IAH,ORD,154,34,120,0.2207792208,0.0006039192003,245,29.9843998,-95.34140015,41.97859955,-87.90480042
labeled_all,255001,45000,MIA-LGA,MIA,LGA,154,36,118,0.2337662338,0.0006039192003,246,25.79319954,-80.29060364,40.77719879,-73.87259674
labeled_all,255001,45000,IAD-ATL,IAD,ATL,153,23,130,0.1503267974,0.0005999976471,247,38.94449997,-77.45580292,33.63669968,-84.42810059
labeled_all,255001,45000,LAX-BOS,LAX,BOS,153,32,121,0.2091503268,0.0005999976471,248,33.94250107,-118.4079971,42.36429977,-71.00520325
labeled_all,255001,45000,PDX-DEN,PDX,DEN,153,18,135,0.1176470588,0.0005999976471,249,45.58869934,-122.5979996,39.86169815,-104.6729965
labeled_all,255001,45000,STL-DEN,STL,DEN,153,31,122,0.2026143791,0.0005999976471,250,38.74869919,-90.37000275,39.86169815,-104.6729965
labeled_all,255001,45000,MSP-MDW,MSP,MDW,151,25,126,0.1655629139,0.0005921545406,251,44.88199997,-93.22180176,41.7859993,-87.75240326
labeled_all,255001,45000,ORD-CLT,ORD,CLT,151,36,115,0.238410596,0.0005921545406,252,41.97859955,-87.90480042,35.2140007,-80.94309998
labeled_all,255001,45000,SEA-SAN,SEA,SAN,151,28,123,0.1854304636,0.0005921545406,253,47.44900131,-122.3089981,32.73360062,-117.1900024
labeled_all,255001,45000,DAL-SAT,DAL,SAT,150,40,110,0.2666666667,0.0005882329873,254,32.8470993,-96.85179901,29.53370094,-98.46980286
labeled_all,255001,45000,SLC-PHX,SLC,PHX,150,19,131,0.1266666667,0.0005882329873,255,40.78839874,-111.9779968,33.43429947,-112.012001
labeled_all,255001,45000,ATL-LAS,ATL,LAS,149,21,128,0.1409395973,0.0005843114341,256,33.63669968,-84.42810059,36.08010101,-115.1520004
labeled_all,255001,45000,LAS-SJC,LAS,SJC,149,29,120,0.1946308725,0.0005843114341,257,36.08010101,-115.1520004,37.36259842,-121.9290009
labeled_all,255001,45000,PHL-ORD,PHL,ORD,149,22,127,0.1476510067,0.0005843114341,258,39.87189865,-75.2410965,41.97859955,-87.90480042
labeled_all,255001,45000,CLT-ORD,CLT,ORD,148,31,117,0.2094594595,0.0005803898808,259,35.2140007,-80.94309998,41.97859955,-87.90480042
labeled_all,255001,45000,GRR-ORD,GRR,ORD,148,14,134,0.09459459459,0.0005803898808,260,42.88079834,-85.52279663,41.97859955,-87.90480042
labeled_all,255001,45000,MCO-BOS,MCO,BOS,148,37,111,0.25,0.0005803898808,261,28.42939949,-81.30899811,42.36429977,-71.00520325
labeled_all,255001,45000,MCO-JFK,MCO,JFK,148,34,114,0.2297297297,0.0005803898808,262,28.42939949,-81.30899811,40.63980103,-73.77890015
labeled_all,255001,45000,MCO-ORD,MCO,ORD,148,28,120,0.1891891892,0.0005803898808,263,28.42939949,-81.30899811,41.97859955,-87.90480042
labeled_all,255001,45000,ORD-LAS,ORD,LAS,147,39,108,0.2653061224,0.0005764683276,264,41.97859955,-87.90480042,36.08010101,-115.1520004
labeled_all,255001,45000,MCI-ORD,MCI,ORD,146,20,126,0.1369863014,0.0005725467743,265,39.29759979,-94.71389771,41.97859955,-87.90480042
labeled_all,255001,45000,BUR-OAK,BUR,OAK,145,22,123,0.1517241379,0.0005686252211,266,34.20069885,-118.3590012,37.72129822,-122.2210007
labeled_all,255001,45000,LGA-DTW,LGA,DTW,145,29,116,0.2,0.0005686252211,267,40.77719879,-73.87259674,42.21239853,-83.35340118
labeled_all,255001,45000,ORD-GRR,ORD,GRR,145,34,111,0.2344827586,0.0005686252211,268,41.97859955,-87.90480042,42.88079834,-85.52279663
labeled_all,255001,45000,LGA-CLT,LGA,CLT,144,23,121,0.1597222222,0.0005647036678,269,40.77719879,-73.87259674,35.2140007,-80.94309998
labeled_all,255001,45000,BNA-ATL,BNA,ATL,143,21,122,0.1468531469,0.0005607821146,270,36.12450027,-86.67819977,33.63669968,-84.42810059
labeled_all,255001,45000,EWR-DTW,EWR,DTW,143,31,112,0.2167832168,0.0005607821146,271,40.69250107,-74.16870117,42.21239853,-83.35340118
labeled_all,255001,45000,MCO-DEN,MCO,DEN,143,20,123,0.1398601399,0.0005607821146,272,28.42939949,-81.30899811,39.86169815,-104.6729965
labeled_all,255001,45000,PHX-ABQ,PHX,ABQ,143,29,114,0.2027972028,0.0005607821146,273,33.43429947,-112.012001,35.04019928,-106.6090012
labeled_all,255001,45000,PHX-SNA,PHX,SNA,143,26,117,0.1818181818,0.0005607821146,274,33.43429947,-112.012001,33.67570114,-117.8679962
labeled_all,255001,45000,SNA-DEN,SNA,DEN,143,18,125,0.1258741259,0.0005607821146,275,33.67570114,-117.8679962,39.86169815,-104.6729965
labeled_all,255001,45000,ATL-JAX,ATL,JAX,142,15,127,0.1056338028,0.0005568605613,276,33.63669968,-84.42810059,30.49410057,-81.68789673
labeled_all,255001,45000,CLE-LGA,CLE,LGA,142,22,120,0.1549295775,0.0005568605613,277,41.4117012,-81.84980011,40.77719879,-73.87259674
labeled_all,255001,45000,IAH-CLT,IAH,CLT,142,26,116,0.1830985915,0.0005568605613,278,29.9843998,-95.34140015,35.2140007,-80.94309998
labeled_all,255001,45000,SEA-OAK,SEA,OAK,142,9,133,0.06338028169,0.0005568605613,279,47.44900131,-122.3089981,37.72129822,-122.2210007
labeled_all,255001,45000,SEA-SNA,SEA,SNA,142,18,124,0.1267605634,0.0005568605613,280,47.44900131,-122.3089981,33.67570114,-117.8679962
labeled_all,255001,45000,LAS-ATL,LAS,ATL,141,21,120,0.1489361702,0.0005529390081,281,36.08010101,-115.1520004,33.63669968,-84.42810059
labeled_all,255001,45000,ATL-IAD,ATL,IAD,140,28,112,0.2,0.0005490174548,282,33.63669968,-84.42810059,38.94449997,-77.45580292
labeled_all,255001,45000,ATL-IND,ATL,IND,140,19,121,0.1357142857,0.0005490174548,283,33.63669968,-84.42810059,39.71730041,-86.29440308
labeled_all,255001,45000,EWR-IAH,EWR,IAH,140,37,103,0.2642857143,0.0005490174548,284,40.69250107,-74.16870117,29.9843998,-95.34140015
labeled_all,255001,45000,EWR-RDU,EWR,RDU,140,34,106,0.2428571429,0.0005490174548,285,40.69250107,-74.16870117,35.87760162,-78.78749847
labeled_all,255001,45000,JFK-LAS,JFK,LAS,140,25,115,0.1785714286,0.0005490174548,286,40.63980103,-73.77890015,36.08010101,-115.1520004
labeled_all,255001,45000,ORD-DSM,ORD,DSM,140,26,114,0.1857142857,0.0005490174548,287,41.97859955,-87.90480042,41.5340004,-93.6631012
labeled_all,255001,45000,DEN-EWR,DEN,EWR,139,44,95,0.3165467626,0.0005450959016,288,39.86169815,-104.6729965,40.69250107,-74.16870117
labeled_all,255001,45000,DEN-MCO,DEN,MCO,139,28,111,0.2014388489,0.0005450959016,289,39.86169815,-104.6729965,28.42939949,-81.30899811
labeled_all,255001,45000,DTW-IAH,DTW,IAH,139,20,119,0.1438848921,0.0005450959016,290,42.21239853,-83.35340118,29.9843998,-95.34140015
labeled_all,255001,45000,DTW-LGA,DTW,LGA,139,36,103,0.2589928058,0.0005450959016,291,42.21239853,-83.35340118,40.77719879,-73.87259674
labeled_all,255001,45000,LGA-CLE,LGA,CLE,139,27,112,0.1942446043,0.0005450959016,292,40.77719879,-73.87259674,41.4117012,-81.84980011
labeled_all,255001,45000,LGA-DEN,LGA,DEN,139,29,110,0.2086330935,0.0005450959016,293,40.77719879,-73.87259674,39.86169815,-104.6729965
labeled_all,255001,45000,SAT-DAL,SAT,DAL,139,22,117,0.1582733813,0.0005450959016,294,29.53370094,-98.46980286,32.8470993,-96.85179901
labeled_all,255001,45000,SFO-BUR,SFO,BUR,139,30,109,0.2158273381,0.0005450959016,295,37.61899948,-122.375,34.20069885,-118.3590012
labeled_all,255001,45000,DSM-ORD,DSM,ORD,138,21,117,0.152173913,0.0005411743483,296,41.5340004,-93.6631012,41.97859955,-87.90480042
labeled_all,255001,45000,PDX-SJC,PDX,SJC,138,20,118,0.1449275362,0.0005411743483,297,45.58869934,-122.5979996,37.36259842,-121.9290009
labeled_all,255001,45000,SJU-FLL,SJU,FLL,138,27,111,0.1956521739,0.0005411743483,298,18.43939972,-66.00180054,26.07259941,-80.15270233
labeled_all,255001,45000,SNA-SFO,SNA,SFO,138,23,115,0.1666666667,0.0005411743483,299,33.67570114,-117.8679962,37.61899948,-122.375
labeled_all,255001,45000,BNA-DEN,BNA,DEN,137,23,114,0.1678832117,0.0005372527951,300,36.12450027,-86.67819977,39.86169815,-104.6729965
labeled_all,255001,45000,BUR-LAS,BUR,LAS,137,22,115,0.1605839416,0.0005372527951,301,34.20069885,-118.3590012,36.08010101,-115.1520004
labeled_all,255001,45000,LGA-BNA,LGA,BNA,137,34,103,0.2481751825,0.0005372527951,302,40.77719879,-73.87259674,36.12450027,-86.67819977
labeled_all,255001,45000,MDW-MSP,MDW,MSP,137,21,116,0.1532846715,0.0005372527951,303,41.7859993,-87.75240326,44.88199997,-93.22180176
labeled_all,255001,45000,SLC-SEA,SLC,SEA,137,17,120,0.1240875912,0.0005372527951,304,40.78839874,-111.9779968,47.44900131,-122.3089981
labeled_all,255001,45000,ATL-BNA,ATL,BNA,136,16,120,0.1176470588,0.0005333312418,305,33.63669968,-84.42810059,36.12450027,-86.67819977
labeled_all,255001,45000,DTW-EWR,DTW,EWR,136,34,102,0.25,0.0005333312418,306,42.21239853,-83.35340118,40.69250107,-74.16870117
labeled_all,255001,45000,IAD-LAX,IAD,LAX,136,18,118,0.1323529412,0.0005333312418,307,38.94449997,-77.45580292,33.94250107,-118.4079971
labeled_all,255001,45000,IAH-MSY,IAH,MSY,136,22,114,0.1617647059,0.0005333312418,308,29.9843998,-95.34140015,29.99340057,-90.25800323
labeled_all,255001,45000,SLC-LAS,SLC,LAS,136,21,115,0.1544117647,0.0005333312418,309,40.78839874,-111.9779968,36.08010101,-115.1520004
labeled_all,255001,45000,SMF-LAS,SMF,LAS,136,17,119,0.125,0.0005333312418,310,38.69540024,-121.5910034,36.08010101,-115.1520004
labeled_all,255001,45000,ATL-HOU,ATL,HOU,135,31,104,0.2296296296,0.0005294096886,311,33.63669968,-84.42810059,29.64539909,-95.27890015
labeled_all,255001,45000,BOS-RDU,BOS,RDU,135,27,108,0.2,0.0005294096886,312,42.36429977,-71.00520325,35.87760162,-78.78749847
labeled_all,255001,45000,IAH-LGA,IAH,LGA,135,42,93,0.3111111111,0.0005294096886,313,29.9843998,-95.34140015,40.77719879,-73.87259674
labeled_all,255001,45000,ORD-PIT,ORD,PIT,135,25,110,0.1851851852,0.0005294096886,314,41.97859955,-87.90480042,40.49150085,-80.23290253
labeled_all,255001,45000,PBI-ATL,PBI,ATL,135,19,116,0.1407407407,0.0005294096886,315,26.68320084,-80.09559631,33.63669968,-84.42810059
labeled_all,255001,45000,SFO-IAH,SFO,IAH,135,32,103,0.237037037,0.0005294096886,316,37.61899948,-122.375,29.9843998,-95.34140015
labeled_all,255001,45000,DEN-BNA,DEN,BNA,134,20,114,0.1492537313,0.0005254881353,317,39.86169815,-104.6729965,36.12450027,-86.67819977
labeled_all,255001,45000,DEN-BOS,DEN,BOS,134,42,92,0.3134328358,0.0005254881353,318,39.86169815,-104.6729965,42.36429977,-71.00520325
labeled_all,255001,45000,DEN-PDX,DEN,PDX,134,19,115,0.1417910448,0.0005254881353,319,39.86169815,-104.6729965,45.58869934,-122.5979996
labeled_all,255001,45000,DEN-SJC,DEN,SJC,134,21,113,0.1567164179,0.0005254881353,320,39.86169815,-104.6729965,37.36259842,-121.9290009
labeled_all,255001,45000,SDF-ORD,SDF,ORD,134,27,107,0.2014925373,0.0005254881353,321,38.17440033,-85.73600006,41.97859955,-87.90480042
labeled_all,255001,45000,BUF-JFK,BUF,JFK,133,27,106,0.2030075188,0.0005215665821,322,42.94049835,-78.73220062,40.63980103,-73.77890015
labeled_all,255001,45000,DAY-ORD,DAY,ORD,133,28,105,0.2105263158,0.0005215665821,323,39.90240097,-84.2193985,41.97859955,-87.90480042
labeled_all,255001,45000,HOU-MSY,HOU,MSY,133,22,111,0.1654135338,0.0005215665821,324,29.64539909,-95.27890015,29.99340057,-90.25800323
labeled_all,255001,45000,JFK-FLL,JFK,FLL,133,30,103,0.2255639098,0.0005215665821,325,40.63980103,-73.77890015,26.07259941,-80.15270233
labeled_all,255001,45000,LAS-DFW,LAS,DFW,133,26,107,0.1954887218,0.0005215665821,326,36.08010101,-115.1520004,32.89680099,-97.03800201
labeled_all,255001,45000,SJC-BUR,SJC,BUR,133,19,114,0.1428571429,0.0005215665821,327,37.36259842,-121.9290009,34.20069885,-118.3590012
labeled_all,255001,45000,SJC-DEN,SJC,DEN,133,26,107,0.1954887218,0.0005215665821,328,37.36259842,-121.9290009,39.86169815,-104.6729965
labeled_all,255001,45000,SNA-SEA,SNA,SEA,133,19,114,0.1428571429,0.0005215665821,329,33.67570114,-117.8679962,47.44900131,-122.3089981
labeled_all,255001,45000,ATL-MCI,ATL,MCI,132,22,110,0.1666666667,0.0005176450288,330,33.63669968,-84.42810059,39.29759979,-94.71389771
labeled_all,255001,45000,ATL-STL,ATL,STL,132,18,114,0.1363636364,0.0005176450288,331,33.63669968,-84.42810059,38.74869919,-90.37000275
labeled_all,255001,45000,AUS-ATL,AUS,ATL,132,19,113,0.1439393939,0.0005176450288,332,30.19449997,-97.66989899,33.63669968,-84.42810059
labeled_all,255001,45000,DEN-COS,DEN,COS,132,29,103,0.2196969697,0.0005176450288,333,39.86169815,-104.6729965,38.80580139,-104.7009964
labeled_all,255001,45000,OKC-DEN,OKC,DEN,132,23,109,0.1742424242,0.0005176450288,334,35.39310074,-97.60070038,39.86169815,-104.6729965
labeled_all,255001,45000,SEA-SLC,SEA,SLC,132,19,113,0.1439393939,0.0005176450288,335,47.44900131,-122.3089981,40.78839874,-111.9779968
labeled_all,255001,45000,CLT-EWR,CLT,EWR,131,24,107,0.1832061069,0.0005137234756,336,35.2140007,-80.94309998,40.69250107,-74.16870117
labeled_all,255001,45000,COS-DEN,COS,DEN,131,25,106,0.1908396947,0.0005137234756,337,38.80580139,-104.7009964,39.86169815,-104.6729965
labeled_all,255001,45000,DEN-IAD,DEN,IAD,131,33,98,0.2519083969,0.0005137234756,338,39.86169815,-104.6729965,38.94449997,-77.45580292
labeled_all,255001,45000,IAD-SFO,IAD,SFO,131,25,106,0.1908396947,0.0005137234756,339,38.94449997,-77.45580292,37.61899948,-122.375
labeled_all,255001,45000,LAS-BUR,LAS,BUR,131,28,103,0.213740458,0.0005137234756,340,36.08010101,-115.1520004,34.20069885,-118.3590012
labeled_all,255001,45000,PHX-OAK,PHX,OAK,131,24,107,0.1832061069,0.0005137234756,341,33.43429947,-112.012001,37.72129822,-122.2210007
labeled_all,255001,45000,LAS-SLC,LAS,SLC,130,13,117,0.1,0.0005098019223,342,36.08010101,-115.1520004,40.78839874,-111.9779968
labeled_all,255001,45000,MSY-IAH,MSY,IAH,130,17,113,0.1307692308,0.0005098019223,343,29.99340057,-90.25800323,29.9843998,-95.34140015
labeled_all,255001,45000,HOU-ATL,HOU,ATL,129,23,106,0.1782945736,0.0005058803691,344,29.64539909,-95.27890015,33.63669968,-84.42810059
labeled_all,255001,45000,LAS-MDW,LAS,MDW,129,22,107,0.1705426357,0.0005058803691,345,36.08010101,-115.1520004,41.7859993,-87.75240326
labeled_all,255001,45000,LAS-SMF,LAS,SMF,129,19,110,0.1472868217,0.0005058803691,346,36.08010101,-115.1520004,38.69540024,-121.5910034
labeled_all,255001,45000,LAX-IAD,LAX,IAD,129,17,112,0.1317829457,0.0005058803691,347,33.94250107,-118.4079971,38.94449997,-77.45580292
labeled_all,255001,45000,PHX-SJC,PHX,SJC,129,21,108,0.1627906977,0.0005058803691,348,33.43429947,-112.012001,37.36259842,-121.9290009
labeled_all,255001,45000,PIT-ORD,PIT,ORD,129,16,113,0.1240310078,0.0005058803691,349,40.49150085,-80.23290253,41.97859955,-87.90480042
labeled_all,255001,45000,SFO-IAD,SFO,IAD,129,27,102,0.2093023256,0.0005058803691,350,37.61899948,-122.375,38.94449997,-77.45580292
labeled_all,255001,45000,DTW-LAS,DTW,LAS,128,22,106,0.171875,0.0005019588158,351,42.21239853,-83.35340118,36.08010101,-115.1520004
labeled_all,255001,45000,IAD-DEN,IAD,DEN,128,17,111,0.1328125,0.0005019588158,352,38.94449997,-77.45580292,39.86169815,-104.6729965
labeled_all,255001,45000,MDW-ATL,MDW,ATL,128,27,101,0.2109375,0.0005019588158,353,41.7859993,-87.75240326,33.63669968,-84.42810059
labeled_all,255001,45000,ORD-SDF,ORD,SDF,128,34,94,0.265625,0.0005019588158,354,41.97859955,-87.90480042,38.17440033,-85.73600006
labeled_all,255001,45000,IAH-DTW,IAH,DTW,127,13,114,0.1023622047,0.0004980372626,355,29.9843998,-95.34140015,42.21239853,-83.35340118
labeled_all,255001,45000,ORD-MSN,ORD,MSN,127,26,101,0.2047244094,0.0004980372626,356,41.97859955,-87.90480042,43.13990021,-89.33750153
labeled_all,255001,45000,STL-ATL,STL,ATL,127,18,109,0.1417322835,0.0004980372626,357,38.74869919,-90.37000275,33.63669968,-84.42810059
labeled_all,255001,45000,BOS-DTW,BOS,DTW,126,25,101,0.1984126984,0.0004941157094,358,42.36429977,-71.00520325,42.21239853,-83.35340118
labeled_all,255001,45000,BWI-TPA,BWI,TPA,126,20,106,0.1587301587,0.0004941157094,359,39.17539978,-76.66829681,27.97550011,-82.53320312
labeled_all,255001,45000,CLT-JFK,CLT,JFK,126,24,102,0.1904761905,0.0004941157094,360,35.2140007,-80.94309998,40.63980103,-73.77890015
labeled_all,255001,45000,DAL-ATL,DAL,ATL,126,30,96,0.2380952381,0.0004941157094,361,32.8470993,-96.85179901,33.63669968,-84.42810059
labeled_all,255001,45000,LAX-RNO,LAX,RNO,126,15,111,0.119047619,0.0004941157094,362,33.94250107,-118.4079971,39.49909973,-119.7679977
labeled_all,255001,45000,BWI-CLT,BWI,CLT,125,22,103,0.176,0.0004901941561,363,39.17539978,-76.66829681,35.2140007,-80.94309998
labeled_all,255001,45000,FLL-SJU,FLL,SJU,125,23,102,0.184,0.0004901941561,364,26.07259941,-80.15270233,18.43939972,-66.00180054
labeled_all,255001,45000,LAS-IAH,LAS,IAH,125,23,102,0.184,0.0004901941561,365,36.08010101,-115.1520004,29.9843998,-95.34140015
labeled_all,255001,45000,LAX-AUS,LAX,AUS,125,14,111,0.112,0.0004901941561,366,33.94250107,-118.4079971,30.19449997,-97.66989899
labeled_all,255001,45000,MDW-LAS,MDW,LAS,125,28,97,0.224,0.0004901941561,367,41.7859993,-87.75240326,36.08010101,-115.1520004
labeled_all,255001,45000,OAK-PDX,OAK,PDX,125,19,106,0.152,0.0004901941561,368,37.72129822,-122.2210007,45.58869934,-122.5979996
labeled_all,255001,45000,ORD-DAY,ORD,DAY,125,23,102,0.184,0.0004901941561,369,41.97859955,-87.90480042,39.90240097,-84.2193985
labeled_all,255001,45000,PBI-EWR,PBI,EWR,125,34,91,0.272,0.0004901941561,370,26.68320084,-80.09559631,40.69250107,-74.16870117
labeled_all,255001,45000,RDU-EWR,RDU,EWR,125,33,92,0.264,0.0004901941561,371,35.87760162,-78.78749847,40.69250107,-74.16870117
labeled_all,255001,45000,SAT-IAH,SAT,IAH,125,24,101,0.192,0.0004901941561,372,29.53370094,-98.46980286,29.9843998,-95.34140015
labeled_all,255001,45000,SNA-PHX,SNA,PHX,125,22,103,0.176,0.0004901941561,373,33.67570114,-117.8679962,33.43429947,-112.012001
labeled_all,255001,45000,DAL-AUS,DAL,AUS,124,18,106,0.1451612903,0.0004862726029,374,32.8470993,-96.85179901,30.19449997,-97.66989899
labeled_all,255001,45000,DCA-MCO,DCA,MCO,124,16,108,0.1290322581,0.0004862726029,375,38.85210037,-77.03769684,28.42939949,-81.30899811
labeled_all,255001,45000,DFW-SFO,DFW,SFO,124,29,95,0.2338709677,0.0004862726029,376,32.89680099,-97.03800201,37.61899948,-122.375
labeled_all,255001,45000,DTW-BOS,DTW,BOS,124,21,103,0.1693548387,0.0004862726029,377,42.21239853,-83.35340118,42.36429977,-71.00520325
labeled_all,255001,45000,IAH-LAS,IAH,LAS,124,16,108,0.1290322581,0.0004862726029,378,29.9843998,-95.34140015,36.08010101,-115.1520004
labeled_all,255001,45000,OMA-ORD,OMA,ORD,124,23,101,0.185483871,0.0004862726029,379,41.30319977,-95.89409637,41.97859955,-87.90480042
labeled_all,255001,45000,PDX-LAS,PDX,LAS,124,20,104,0.1612903226,0.0004862726029,380,45.58869934,-122.5979996,36.08010101,-115.1520004
labeled_all,255001,45000,BNA-LGA,BNA,LGA,123,35,88,0.2845528455,0.0004823510496,381,36.12450027,-86.67819977,40.77719879,-73.87259674
labeled_all,255001,45000,CID-ORD,CID,ORD,123,23,100,0.1869918699,0.0004823510496,382,41.88470078,-91.71080017,41.97859955,-87.90480042
labeled_all,255001,45000,CLT-IAD,CLT,IAD,123,12,111,0.09756097561,0.0004823510496,383,35.2140007,-80.94309998,38.94449997,-77.45580292
labeled_all,255001,45000,GSP-ATL,GSP,ATL,123,15,108,0.1219512195,0.0004823510496,384,34.89569855,-82.21890259,33.63669968,-84.42810059
labeled_all,255001,45000,LAS-RNO,LAS,RNO,123,23,100,0.1869918699,0.0004823510496,385,36.08010101,-115.1520004,39.49909973,-119.7679977
labeled_all,255001,45000,OAK-SEA,OAK,SEA,123,31,92,0.2520325203,0.0004823510496,386,37.72129822,-122.2210007,47.44900131,-122.3089981
labeled_all,255001,45000,ORD-RDU,ORD,RDU,123,18,105,0.1463414634,0.0004823510496,387,41.97859955,-87.90480042,35.87760162,-78.78749847
labeled_all,255001,45000,PHX-ONT,PHX,ONT,123,32,91,0.2601626016,0.0004823510496,388,33.43429947,-112.012001,34.05599976,-117.6009979
labeled_all,255001,45000,SEA-PSC,SEA,PSC,123,25,98,0.2032520325,0.0004823510496,389,47.44900131,-122.3089981,46.26470184,-119.1190033
labeled_all,255001,45000,SNA-LAS,SNA,LAS,123,11,112,0.08943089431,0.0004823510496,390,33.67570114,-117.8679962,36.08010101,-115.1520004
labeled_all,255001,45000,ABQ-PHX,ABQ,PHX,122,26,96,0.2131147541,0.0004784294964,391,35.04019928,-106.6090012,33.43429947,-112.012001
labeled_all,255001,45000,ATL-RIC,ATL,RIC,122,15,107,0.1229508197,0.0004784294964,392,33.63669968,-84.42810059,37.50519943,-77.31970215
labeled_all,255001,45000,BUR-SMF,BUR,SMF,122,14,108,0.1147540984,0.0004784294964,393,34.20069885,-118.3590012,38.69540024,-121.5910034
labeled_all,255001,45000,DFW-LAS,DFW,LAS,122,31,91,0.2540983607,0.0004784294964,394,32.89680099,-97.03800201,36.08010101,-115.1520004
labeled_all,255001,45000,EWR-PBI,EWR,PBI,122,40,82,0.3278688525,0.0004784294964,395,40.69250107,-74.16870117,26.68320084,-80.09559631
labeled_all,255001,45000,ONT-PHX,ONT,PHX,122,20,102,0.1639344262,0.0004784294964,396,34.05599976,-117.6009979,33.43429947,-112.012001
labeled_all,255001,45000,PIT-ATL,PIT,ATL,122,12,110,0.09836065574,0.0004784294964,397,40.49150085,-80.23290253,33.63669968,-84.42810059
labeled_all,255001,45000,AUS-DAL,AUS,DAL,121,10,111,0.0826446281,0.0004745079431,398,30.19449997,-97.66989899,32.8470993,-96.85179901
labeled_all,255001,45000,AUS-IAH,AUS,IAH,121,16,105,0.132231405,0.0004745079431,399,30.19449997,-97.66989899,29.9843998,-95.34140015
labeled_all,255001,45000,CHS-ATL,CHS,ATL,121,9,112,0.07438016529,0.0004745079431,400,32.89860153,-80.04049683,33.63669968,-84.42810059
labeled_all,255001,45000,CMH-ATL,CMH,ATL,121,15,106,0.1239669421,0.0004745079431,401,39.9980011,-82.89189911,33.63669968,-84.42810059
labeled_all,255001,45000,DFW-MSP,DFW,MSP,121,20,101,0.1652892562,0.0004745079431,402,32.89680099,-97.03800201,44.88199997,-93.22180176
labeled_all,255001,45000,EWR-MSP,EWR,MSP,121,21,100,0.173553719,0.0004745079431,403,40.69250107,-74.16870117,44.88199997,-93.22180176
labeled_all,255001,45000,FLL-JFK,FLL,JFK,121,37,84,0.305785124,0.0004745079431,404,26.07259941,-80.15270233,40.63980103,-73.77890015
labeled_all,255001,45000,IAH-EWR,IAH,EWR,121,33,88,0.2727272727,0.0004745079431,405,29.9843998,-95.34140015,40.69250107,-74.16870117
labeled_all,255001,45000,MDW-DEN,MDW,DEN,121,28,93,0.2314049587,0.0004745079431,406,41.7859993,-87.75240326,39.86169815,-104.6729965
labeled_all,255001,45000,ORD-MCI,ORD,MCI,121,32,89,0.2644628099,0.0004745079431,407,41.97859955,-87.90480042,39.29759979,-94.71389771
labeled_all,255001,45000,RIC-ATL,RIC,ATL,121,17,104,0.1404958678,0.0004745079431,408,37.50519943,-77.31970215,33.63669968,-84.42810059
labeled_all,255001,45000,BWI-ORD,BWI,ORD,120,27,93,0.225,0.0004705863899,409,39.17539978,-76.66829681,41.97859955,-87.90480042
labeled_all,255001,45000,EWR-CLT,EWR,CLT,120,22,98,0.1833333333,0.0004705863899,410,40.69250107,-74.16870117,35.2140007,-80.94309998
labeled_all,255001,45000,LGA-CMH,LGA,CMH,120,20,100,0.1666666667,0.0004705863899,411,40.77719879,-73.87259674,39.9980011,-82.89189911
labeled_all,255001,45000,MCO-DCA,MCO,DCA,120,26,94,0.2166666667,0.0004705863899,412,28.42939949,-81.30899811,38.85210037,-77.03769684
labeled_all,255001,45000,MCO-DTW,MCO,DTW,120,13,107,0.1083333333,0.0004705863899,413,28.42939949,-81.30899811,42.21239853,-83.35340118
labeled_all,255001,45000,MCO-IAH,MCO,IAH,120,17,103,0.1416666667,0.0004705863899,414,28.42939949,-81.30899811,29.9843998,-95.34140015
labeled_all,255001,45000,RDU-BOS,RDU,BOS,120,27,93,0.225,0.0004705863899,415,35.87760162,-78.78749847,42.36429977,-71.00520325
labeled_all,255001,45000,RNO-LAS,RNO,LAS,120,23,97,0.1916666667,0.0004705863899,416,39.49909973,-119.7679977,36.08010101,-115.1520004
labeled_all,255001,45000,SLC-ORD,SLC,ORD,120,30,90,0.25,0.0004705863899,417,40.78839874,-111.9779968,41.97859955,-87.90480042
labeled_all,255001,45000,DFW-MCO,DFW,MCO,119,21,98,0.1764705882,0.0004666648366,418,32.89680099,-97.03800201,28.42939949,-81.30899811
labeled_all,255001,45000,LAS-SNA,LAS,SNA,119,28,91,0.2352941176,0.0004666648366,419,36.08010101,-115.1520004,33.67570114,-117.8679962
labeled_all,255001,45000,PIT-LGA,PIT,LGA,119,27,92,0.2268907563,0.0004666648366,420,40.49150085,-80.23290253,40.77719879,-73.87259674
labeled_all,255001,45000,RDU-LGA,RDU,LGA,119,28,91,0.2352941176,0.0004666648366,421,35.87760162,-78.78749847,40.77719879,-73.87259674
labeled_all,255001,45000,SFO-ATL,SFO,ATL,119,16,103,0.1344537815,0.0004666648366,422,37.61899948,-122.375,33.63669968,-84.42810059
labeled_all,255001,45000,SFO-SLC,SFO,SLC,119,29,90,0.243697479,0.0004666648366,423,37.61899948,-122.375,40.78839874,-111.9779968
labeled_all,255001,45000,AUS-LAX,AUS,LAX,118,17,101,0.1440677966,0.0004627432834,424,30.19449997,-97.66989899,33.94250107,-118.4079971
labeled_all,255001,45000,BUR-PHX,BUR,PHX,118,16,102,0.1355932203,0.0004627432834,425,34.20069885,-118.3590012,33.43429947,-112.012001
labeled_all,255001,45000,BUR-SFO,BUR,SFO,118,31,87,0.2627118644,0.0004627432834,426,34.20069885,-118.3590012,37.61899948,-122.375
labeled_all,255001,45000,IAH-MSP,IAH,MSP,118,20,98,0.1694915254,0.0004627432834,427,29.9843998,-95.34140015,44.88199997,-93.22180176
labeled_all,255001,45000,MIA-ORD,MIA,ORD,118,22,96,0.186440678,0.0004627432834,428,25.79319954,-80.29060364,41.97859955,-87.90480042
labeled_all,255001,45000,PHX-DFW,PHX,DFW,118,22,96,0.186440678,0.0004627432834,429,33.43429947,-112.012001,32.89680099,-97.03800201
labeled_all,255001,45000,BOS-PIT,BOS,PIT,117,21,96,0.1794871795,0.0004588217301,430,42.36429977,-71.00520325,40.49150085,-80.23290253
labeled_all,255001,45000,IND-ATL,IND,ATL,117,11,106,0.09401709402,0.0004588217301,431,39.71730041,-86.29440308,33.63669968,-84.42810059
labeled_all,255001,45000,MSP-DFW,MSP,DFW,117,25,92,0.2136752137,0.0004588217301,432,44.88199997,-93.22180176,32.89680099,-97.03800201
labeled_all,255001,45000,MSY-HOU,MSY,HOU,117,27,90,0.2307692308,0.0004588217301,433,29.99340057,-90.25800323,29.64539909,-95.27890015
labeled_all,255001,45000,OAK-SNA,OAK,SNA,117,24,93,0.2051282051,0.0004588217301,434,37.72129822,-122.2210007,33.67570114,-117.8679962
labeled_all,255001,45000,ABQ-DEN,ABQ,DEN,116,15,101,0.1293103448,0.0004549001769,435,35.04019928,-106.6090012,39.86169815,-104.6729965
labeled_all,255001,45000,MCO-LGA,MCO,LGA,116,22,94,0.1896551724,0.0004549001769,436,28.42939949,-81.30899811,40.77719879,-73.87259674
labeled_all,255001,45000,SLC-SFO,SLC,SFO,116,32,84,0.275862069,0.0004549001769,437,40.78839874,-111.9779968,37.61899948,-122.375
labeled_all,255001,45000,ATL-CLE,ATL,CLE,115,15,100,0.1304347826,0.0004509786236,438,33.63669968,-84.42810059,41.4117012,-81.84980011
labeled_all,255001,45000,BOS-DEN,BOS,DEN,115,17,98,0.147826087,0.0004509786236,439,42.36429977,-71.00520325,39.86169815,-104.6729965
labeled_all,255001,45000,IAD-CLT,IAD,CLT,115,15,100,0.1304347826,0.0004509786236,440,38.94449997,-77.45580292,35.2140007,-80.94309998
labeled_all,255001,45000,LAS-DTW,LAS,DTW,115,17,98,0.147826087,0.0004509786236,441,36.08010101,-115.1520004,42.21239853,-83.35340118
labeled_all,255001,45000,LAS-JFK,LAS,JFK,115,26,89,0.2260869565,0.0004509786236,442,36.08010101,-115.1520004,40.63980103,-73.77890015
labeled_all,255001,45000,LGA-MCO,LGA,MCO,115,20,95,0.1739130435,0.0004509786236,443,40.77719879,-73.87259674,28.42939949,-81.30899811
labeled_all,255001,45000,RNO-LAX,RNO,LAX,115,15,100,0.1304347826,0.0004509786236,444,39.49909973,-119.7679977,33.94250107,-118.4079971
labeled_all,255001,45000,SMF-DEN,SMF,DEN,115,15,100,0.1304347826,0.0004509786236,445,38.69540024,-121.5910034,39.86169815,-104.6729965
labeled_all,255001,45000,ATL-AUS,ATL,AUS,114,22,92,0.1929824561,0.0004470570704,446,33.63669968,-84.42810059,30.19449997,-97.66989899
labeled_all,255001,45000,DEN-SNA,DEN,SNA,114,25,89,0.2192982456,0.0004470570704,447,39.86169815,-104.6729965,33.67570114,-117.8679962
labeled_all,255001,45000,DFW-SEA,DFW,SEA,114,39,75,0.3421052632,0.0004470570704,448,32.89680099,-97.03800201,47.44900131,-122.3089981
labeled_all,255001,45000,CLE-ATL,CLE,ATL,113,11,102,0.09734513274,0.0004431355171,449,41.4117012,-81.84980011,33.63669968,-84.42810059
labeled_all,255001,45000,CLT-IAH,CLT,IAH,113,25,88,0.2212389381,0.0004431355171,450,35.2140007,-80.94309998,29.9843998,-95.34140015
labeled_all,255001,45000,EWR-DEN,EWR,DEN,113,31,82,0.2743362832,0.0004431355171,451,40.69250107,-74.16870117,39.86169815,-104.6729965
labeled_all,255001,45000,GRB-ORD,GRB,ORD,113,21,92,0.185840708,0.0004431355171,452,44.48509979,-88.12960052,41.97859955,-87.90480042
labeled_all,255001,45000,HNL-SFO,HNL,SFO,113,14,99,0.1238938053,0.0004431355171,453,21.31870079,-157.9219971,37.61899948,-122.375
labeled_all,255001,45000,IAH-AUS,IAH,AUS,113,17,96,0.1504424779,0.0004431355171,454,29.9843998,-95.34140015,30.19449997,-97.66989899
labeled_all,255001,45000,JFK-SJU,JFK,SJU,113,28,85,0.2477876106,0.0004431355171,455,40.63980103,-73.77890015,18.43939972,-66.00180054
labeled_all,255001,45000,LAX-MCO,LAX,MCO,113,26,87,0.2300884956,0.0004431355171,456,33.94250107,-118.4079971,28.42939949,-81.30899811
labeled_all,255001,45000,MCI-ATL,MCI,ATL,113,11,102,0.09734513274,0.0004431355171,457,39.29759979,-94.71389771,33.63669968,-84.42810059
labeled_all,255001,45000,ORD-OMA,ORD,OMA,113,20,93,0.1769911504,0.0004431355171,458,41.97859955,-87.90480042,41.30319977,-95.89409637
labeled_all,255001,45000,SMF-BUR,SMF,BUR,113,11,102,0.09734513274,0.0004431355171,459,38.69540024,-121.5910034,34.20069885,-118.3590012
labeled_all,255001,45000,BOS-FLL,BOS,FLL,112,24,88,0.2142857143,0.0004392139639,460,42.36429977,-71.00520325,26.07259941,-80.15270233
labeled_all,255001,45000,BWI-RDU,BWI,RDU,112,24,88,0.2142857143,0.0004392139639,461,39.17539978,-76.66829681,35.87760162,-78.78749847
labeled_all,255001,45000,IAH-SEA,IAH,SEA,112,25,87,0.2232142857,0.0004392139639,462,29.9843998,-95.34140015,47.44900131,-122.3089981
labeled_all,255001,45000,IND-DEN,IND,DEN,112,15,97,0.1339285714,0.0004392139639,463,39.71730041,-86.29440308,39.86169815,-104.6729965
labeled_all,255001,45000,ORD-JFK,ORD,JFK,112,31,81,0.2767857143,0.0004392139639,464,41.97859955,-87.90480042,40.63980103,-73.77890015
labeled_all,255001,45000,TPA-BWI,TPA,BWI,112,15,97,0.1339285714,0.0004392139639,465,27.97550011,-82.53320312,39.17539978,-76.66829681
labeled_all,255001,45000,ATL-PBI,ATL,PBI,111,25,86,0.2252252252,0.0004352924106,466,33.63669968,-84.42810059,26.68320084,-80.09559631
labeled_all,255001,45000,ATL-RSW,ATL,RSW,111,18,93,0.1621621622,0.0004352924106,467,33.63669968,-84.42810059,26.53619957,-81.75520325
labeled_all,255001,45000,AUS-PHX,AUS,PHX,111,12,99,0.1081081081,0.0004352924106,468,30.19449997,-97.66989899,33.43429947,-112.012001
labeled_all,255001,45000,DAL-MSY,DAL,MSY,111,23,88,0.2072072072,0.0004352924106,469,32.8470993,-96.85179901,29.99340057,-90.25800323
labeled_all,255001,45000,DFW-DTW,DFW,DTW,111,22,89,0.1981981982,0.0004352924106,470,32.89680099,-97.03800201,42.21239853,-83.35340118
labeled_all,255001,45000,MCO-CLT,MCO,CLT,111,17,94,0.1531531532,0.0004352924106,471,28.42939949,-81.30899811,35.2140007,-80.94309998
labeled_all,255001,45000,MSP-EWR,MSP,EWR,111,41,70,0.3693693694,0.0004352924106,472,44.88199997,-93.22180176,40.69250107,-74.16870117
labeled_all,255001,45000,PHX-MSP,PHX,MSP,111,14,97,0.1261261261,0.0004352924106,473,33.43429947,-112.012001,44.88199997,-93.22180176
labeled_all,255001,45000,SAT-DEN,SAT,DEN,111,11,100,0.0990990991,0.0004352924106,474,29.53370094,-98.46980286,39.86169815,-104.6729965
labeled_all,255001,45000,FLL-BOS,FLL,BOS,110,23,87,0.2090909091,0.0004313708574,475,26.07259941,-80.15270233,42.36429977,-71.00520325
labeled_all,255001,45000,IAH-SFO,IAH,SFO,110,25,85,0.2272727273,0.0004313708574,476,29.9843998,-95.34140015,37.61899948,-122.375
labeled_all,255001,45000,LAS-PDX,LAS,PDX,110,21,89,0.1909090909,0.0004313708574,477,36.08010101,-115.1520004,45.58869934,-122.5979996
labeled_all,255001,45000,LGA-STL,LGA,STL,110,20,90,0.1818181818,0.0004313708574,478,40.77719879,-73.87259674,38.74869919,-90.37000275
labeled_all,255001,45000,OKC-IAH,OKC,IAH,110,14,96,0.1272727273,0.0004313708574,479,35.39310074,-97.60070038,29.9843998,-95.34140015
labeled_all,255001,45000,PDX-SMF,PDX,SMF,110,13,97,0.1181818182,0.0004313708574,480,45.58869934,-122.5979996,38.69540024,-121.5910034
labeled_all,255001,45000,PSC-SEA,PSC,SEA,110,15,95,0.1363636364,0.0004313708574,481,46.26470184,-119.1190033,47.44900131,-122.3089981
labeled_all,255001,45000,JFK-MIA,JFK,MIA,109,21,88,0.1926605505,0.0004274493041,482,40.63980103,-73.77890015,25.79319954,-80.29060364
labeled_all,255001,45000,ORD-MIA,ORD,MIA,109,29,80,0.2660550459,0.0004274493041,483,41.97859955,-87.90480042,25.79319954,-80.29060364
labeled_all,255001,45000,RDU-ORD,RDU,ORD,109,25,84,0.2293577982,0.0004274493041,484,35.87760162,-78.78749847,41.97859955,-87.90480042
labeled_all,255001,45000,SEA-DFW,SEA,DFW,109,25,84,0.2293577982,0.0004274493041,485,47.44900131,-122.3089981,32.89680099,-97.03800201
labeled_all,255001,45000,SJU-JFK,SJU,JFK,109,24,85,0.2201834862,0.0004274493041,486,18.43939972,-66.00180054,40.63980103,-73.77890015
labeled_all,255001,45000,SMF-PHX,SMF,PHX,109,11,98,0.1009174312,0.0004274493041,487,38.69540024,-121.5910034,33.43429947,-112.012001
labeled_all,255001,45000,ATL-GSP,ATL,GSP,108,19,89,0.1759259259,0.0004235277509,488,33.63669968,-84.42810059,34.89569855,-82.21890259
labeled_all,255001,45000,ATL-MEM,ATL,MEM,108,11,97,0.1018518519,0.0004235277509,489,33.63669968,-84.42810059,35.04240036,-89.97669983
labeled_all,255001,45000,DCA-IAH,DCA,IAH,108,19,89,0.1759259259,0.0004235277509,490,38.85210037,-77.03769684,29.9843998,-95.34140015
labeled_all,255001,45000,DEN-OKC,DEN,OKC,108,16,92,0.1481481481,0.0004235277509,491,39.86169815,-104.6729965,35.39310074,-97.60070038
labeled_all,255001,45000,DEN-SAT,DEN,SAT,108,21,87,0.1944444444,0.0004235277509,492,39.86169815,-104.6729965,29.53370094,-98.46980286
labeled_all,255001,45000,DTW-DFW,DTW,DFW,108,19,89,0.1759259259,0.0004235277509,493,42.21239853,-83.35340118,32.89680099,-97.03800201
labeled_all,255001,45000,DTW-PHL,DTW,PHL,108,24,84,0.2222222222,0.0004235277509,494,42.21239853,-83.35340118,39.87189865,-75.2410965
labeled_all,255001,45000,GEG-PDX,GEG,PDX,108,6,102,0.05555555556,0.0004235277509,495,47.61989975,-117.5339966,45.58869934,-122.5979996
labeled_all,255001,45000,IAH-DCA,IAH,DCA,108,22,86,0.2037037037,0.0004235277509,496,29.9843998,-95.34140015,38.85210037,-77.03769684
labeled_all,255001,45000,LGA-RDU,LGA,RDU,108,17,91,0.1574074074,0.0004235277509,497,40.77719879,-73.87259674,35.87760162,-78.78749847
labeled_all,255001,45000,MSP-SEA,MSP,SEA,108,20,88,0.1851851852,0.0004235277509,498,44.88199997,-93.22180176,47.44900131,-122.3089981
labeled_all,255001,45000,OAK-PHX,OAK,PHX,108,17,91,0.1574074074,0.0004235277509,499,37.72129822,-122.2210007,33.43429947,-112.012001
labeled_all,255001,45000,ORD-FLL,ORD,FLL,108,14,94,0.1296296296,0.0004235277509,500,41.97859955,-87.90480042,26.07259941,-80.15270233
labeled_all,255001,45000,PIT-BOS,PIT,BOS,108,21,87,0.1944444444,0.0004235277509,501,40.49150085,-80.23290253,42.36429977,-71.00520325
labeled_all,255001,45000,SAT-LAX,SAT,LAX,108,11,97,0.1018518519,0.0004235277509,502,29.53370094,-98.46980286,33.94250107,-118.4079971
labeled_all,255001,45000,SAV-ATL,SAV,ATL,108,17,91,0.1574074074,0.0004235277509,503,32.12760162,-81.20210266,33.63669968,-84.42810059
labeled_all,255001,45000,SJC-PHX,SJC,PHX,108,15,93,0.1388888889,0.0004235277509,504,37.36259842,-121.9290009,33.43429947,-112.012001
labeled_all,255001,45000,ATL-SAT,ATL,SAT,107,23,84,0.214953271,0.0004196061976,505,33.63669968,-84.42810059,29.53370094,-98.46980286
labeled_all,255001,45000,CLT-DTW,CLT,DTW,107,10,97,0.09345794393,0.0004196061976,506,35.2140007,-80.94309998,42.21239853,-83.35340118
labeled_all,255001,45000,DEN-DTW,DEN,DTW,107,20,87,0.1869158879,0.0004196061976,507,39.86169815,-104.6729965,42.21239853,-83.35340118
labeled_all,255001,45000,DTW-MCO,DTW,MCO,107,17,90,0.1588785047,0.0004196061976,508,42.21239853,-83.35340118,28.42939949,-81.30899811
labeled_all,255001,45000,EWR-TPA,EWR,TPA,107,29,78,0.2710280374,0.0004196061976,509,40.69250107,-74.16870117,27.97550011,-82.53320312
labeled_all,255001,45000,IAH-PHX,IAH,PHX,107,12,95,0.1121495327,0.0004196061976,510,29.9843998,-95.34140015,33.43429947,-112.012001
labeled_all,255001,45000,JFK-CLT,JFK,CLT,107,16,91,0.1495327103,0.0004196061976,511,40.63980103,-73.77890015,35.2140007,-80.94309998
labeled_all,255001,45000,MCO-DFW,MCO,DFW,107,18,89,0.1682242991,0.0004196061976,512,28.42939949,-81.30899811,32.89680099,-97.03800201
labeled_all,255001,45000,MIA-EWR,MIA,EWR,107,35,72,0.3271028037,0.0004196061976,513,25.79319954,-80.29060364,40.69250107,-74.16870117
labeled_all,255001,45000,ORD-MEM,ORD,MEM,107,19,88,0.1775700935,0.0004196061976,514,41.97859955,-87.90480042,35.04240036,-89.97669983
labeled_all,255001,45000,ORD-SLC,ORD,SLC,107,22,85,0.2056074766,0.0004196061976,515,41.97859955,-87.90480042,40.78839874,-111.9779968
labeled_all,255001,45000,PHL-DEN,PHL,DEN,107,28,79,0.261682243,0.0004196061976,516,39.87189865,-75.2410965,39.86169815,-104.6729965
labeled_all,255001,45000,SGF-ORD,SGF,ORD,107,17,90,0.1588785047,0.0004196061976,517,37.24570084,-93.38860321,41.97859955,-87.90480042
labeled_all,255001,45000,CMH-LGA,CMH,LGA,106,29,77,0.2735849057,0.0004156846444,518,39.9980011,-82.89189911,40.77719879,-73.87259674
labeled_all,255001,45000,IAH-MCO,IAH,MCO,106,16,90,0.1509433962,0.0004156846444,519,29.9843998,-95.34140015,28.42939949,-81.30899811
labeled_all,255001,45000,IAH-OKC,IAH,OKC,106,18,88,0.1698113208,0.0004156846444,520,29.9843998,-95.34140015,35.39310074,-97.60070038
labeled_all,255001,45000,JFK-RDU,JFK,RDU,106,18,88,0.1698113208,0.0004156846444,521,40.63980103,-73.77890015,35.87760162,-78.78749847
labeled_all,255001,45000,ORD-BWI,ORD,BWI,106,23,83,0.2169811321,0.0004156846444,522,41.97859955,-87.90480042,39.17539978,-76.66829681
labeled_all,255001,45000,PHX-MDW,PHX,MDW,106,21,85,0.1981132075,0.0004156846444,523,33.43429947,-112.012001,41.7859993,-87.75240326
labeled_all,255001,45000,SNA-OAK,SNA,OAK,106,17,89,0.1603773585,0.0004156846444,524,33.67570114,-117.8679962,37.72129822,-122.2210007
labeled_all,255001,45000,AUS-SFO,AUS,SFO,105,22,83,0.2095238095,0.0004117630911,525,30.19449997,-97.66989899,37.61899948,-122.375
labeled_all,255001,45000,BOS-CLT,BOS,CLT,105,18,87,0.1714285714,0.0004117630911,526,42.36429977,-71.00520325,35.2140007,-80.94309998
labeled_all,255001,45000,DFW-SAT,DFW,SAT,105,32,73,0.3047619048,0.0004117630911,527,32.89680099,-97.03800201,29.53370094,-98.46980286
labeled_all,255001,45000,DTW-MDW,DTW,MDW,105,16,89,0.1523809524,0.0004117630911,528,42.21239853,-83.35340118,41.7859993,-87.75240326
labeled_all,255001,45000,IAH-SAT,IAH,SAT,105,15,90,0.1428571429,0.0004117630911,529,29.9843998,-95.34140015,29.53370094,-98.46980286
labeled_all,255001,45000,IAH-SLC,IAH,SLC,105,15,90,0.1428571429,0.0004117630911,530,29.9843998,-95.34140015,40.78839874,-111.9779968
labeled_all,255001,45000,MDW-DTW,MDW,DTW,105,22,83,0.2095238095,0.0004117630911,531,41.7859993,-87.75240326,42.21239853,-83.35340118
labeled_all,255001,45000,MKE-ATL,MKE,ATL,105,7,98,0.06666666667,0.0004117630911,532,42.94720078,-87.89659882,33.63669968,-84.42810059
labeled_all,255001,45000,MSY-DAL,MSY,DAL,105,17,88,0.1619047619,0.0004117630911,533,29.99340057,-90.25800323,32.8470993,-96.85179901
labeled_all,255001,45000,PHX-IAH,PHX,IAH,105,23,82,0.219047619,0.0004117630911,534,33.43429947,-112.012001,29.9843998,-95.34140015
labeled_all,255001,45000,SFO-HNL,SFO,HNL,105,26,79,0.2476190476,0.0004117630911,535,37.61899948,-122.375,21.31870079,-157.9219971
labeled_all,255001,45000,STL-LGA,STL,LGA,105,25,80,0.2380952381,0.0004117630911,536,38.74869919,-90.37000275,40.77719879,-73.87259674
labeled_all,255001,45000,TPA-ORD,TPA,ORD,105,18,87,0.1714285714,0.0004117630911,537,27.97550011,-82.53320312,41.97859955,-87.90480042
labeled_all,255001,45000,DEN-MDW,DEN,MDW,104,22,82,0.2115384615,0.0004078415379,538,39.86169815,-104.6729965,41.7859993,-87.75240326
labeled_all,255001,45000,DFW-PHX,DFW,PHX,104,27,77,0.2596153846,0.0004078415379,539,32.89680099,-97.03800201,33.43429947,-112.012001
labeled_all,255001,45000,LAX-DAL,LAX,DAL,104,23,81,0.2211538462,0.0004078415379,540,33.94250107,-118.4079971,32.8470993,-96.85179901
labeled_all,255001,45000,MSP-LAX,MSP,LAX,104,14,90,0.1346153846,0.0004078415379,541,44.88199997,-93.22180176,33.94250107,-118.4079971
labeled_all,255001,45000,CLT-BOS,CLT,BOS,103,24,79,0.2330097087,0.0004039199846,542,35.2140007,-80.94309998,42.36429977,-71.00520325
labeled_all,255001,45000,CLT-BWI,CLT,BWI,103,17,86,0.1650485437,0.0004039199846,543,35.2140007,-80.94309998,39.17539978,-76.66829681
labeled_all,255001,45000,IAH-MIA,IAH,MIA,103,15,88,0.145631068,0.0004039199846,544,29.9843998,-95.34140015,25.79319954,-80.29060364
labeled_all,255001,45000,MSP-IAH,MSP,IAH,103,21,82,0.2038834951,0.0004039199846,545,44.88199997,-93.22180176,29.9843998,-95.34140015
labeled_all,255001,45000,MSP-PHX,MSP,PHX,103,14,89,0.1359223301,0.0004039199846,546,44.88199997,-93.22180176,33.43429947,-112.012001
labeled_all,255001,45000,ORD-RSW,ORD,RSW,103,14,89,0.1359223301,0.0004039199846,547,41.97859955,-87.90480042,26.53619957,-81.75520325
labeled_all,255001,45000,PHX-BUR,PHX,BUR,103,22,81,0.213592233,0.0004039199846,548,33.43429947,-112.012001,34.20069885,-118.3590012
labeled_all,255001,45000,SAT-DFW,SAT,DFW,103,9,94,0.08737864078,0.0004039199846,549,29.53370094,-98.46980286,32.89680099,-97.03800201
labeled_all,255001,45000,SFO-PSP,SFO,PSP,103,20,83,0.1941747573,0.0004039199846,550,37.61899948,-122.375,33.82970047,-116.5070038
labeled_all,255001,45000,SLC-DFW,SLC,DFW,103,14,89,0.1359223301,0.0004039199846,551,40.78839874,-111.9779968,32.89680099,-97.03800201
labeled_all,255001,45000,BOS-PBI,BOS,PBI,102,26,76,0.2549019608,0.0003999984314,552,42.36429977,-71.00520325,26.68320084,-80.09559631
labeled_all,255001,45000,DFW-MIA,DFW,MIA,102,27,75,0.2647058824,0.0003999984314,553,32.89680099,-97.03800201,25.79319954,-80.29060364
labeled_all,255001,45000,LAX-OGG,LAX,OGG,102,16,86,0.1568627451,0.0003999984314,554,33.94250107,-118.4079971,20.89859962,-156.4299927
labeled_all,255001,45000,MCI-MDW,MCI,MDW,102,12,90,0.1176470588,0.0003999984314,555,39.29759979,-94.71389771,41.7859993,-87.75240326
labeled_all,255001,45000,MDW-PHX,MDW,PHX,102,36,66,0.3529411765,0.0003999984314,556,41.7859993,-87.75240326,33.43429947,-112.012001
labeled_all,255001,45000,OMA-DEN,OMA,DEN,102,15,87,0.1470588235,0.0003999984314,557,41.30319977,-95.89409637,39.86169815,-104.6729965
labeled_all,255001,45000,PHX-ATL,PHX,ATL,102,18,84,0.1764705882,0.0003999984314,558,33.43429947,-112.012001,33.63669968,-84.42810059
labeled_all,255001,45000,RIC-ORD,RIC,ORD,102,24,78,0.2352941176,0.0003999984314,559,37.50519943,-77.31970215,41.97859955,-87.90480042
labeled_all,255001,45000,SAN-ORD,SAN,ORD,102,10,92,0.09803921569,0.0003999984314,560,32.73360062,-117.1900024,41.97859955,-87.90480042
labeled_all,255001,45000,SAT-ATL,SAT,ATL,102,15,87,0.1470588235,0.0003999984314,561,29.53370094,-98.46980286,33.63669968,-84.42810059
labeled_all,255001,45000,SMF-PDX,SMF,PDX,102,4,98,0.03921568627,0.0003999984314,562,38.69540024,-121.5910034,45.58869934,-122.5979996
labeled_all,255001,45000,ATL-CMH,ATL,CMH,101,18,83,0.1782178218,0.0003960768781,563,33.63669968,-84.42810059,39.9980011,-82.89189911
labeled_all,255001,45000,BOS-DFW,BOS,DFW,101,19,82,0.1881188119,0.0003960768781,564,42.36429977,-71.00520325,32.89680099,-97.03800201
labeled_all,255001,45000,DFW-SLC,DFW,SLC,101,24,77,0.2376237624,0.0003960768781,565,32.89680099,-97.03800201,40.78839874,-111.9779968
labeled_all,255001,45000,EWR-BNA,EWR,BNA,101,23,78,0.2277227723,0.0003960768781,566,40.69250107,-74.16870117,36.12450027,-86.67819977
labeled_all,255001,45000,JFK-TPA,JFK,TPA,101,24,77,0.2376237624,0.0003960768781,567,40.63980103,-73.77890015,27.97550011,-82.53320312
labeled_all,255001,45000,MCO-MDW,MCO,MDW,101,18,83,0.1782178218,0.0003960768781,568,28.42939949,-81.30899811,41.7859993,-87.75240326
labeled_all,255001,45000,MDW-MCI,MDW,MCI,101,20,81,0.198019802,0.0003960768781,569,41.7859993,-87.75240326,39.29759979,-94.71389771
labeled_all,255001,45000,MIA-DFW,MIA,DFW,101,24,77,0.2376237624,0.0003960768781,570,25.79319954,-80.29060364,32.89680099,-97.03800201
labeled_all,255001,45000,MIA-IAH,MIA,IAH,101,15,86,0.1485148515,0.0003960768781,571,25.79319954,-80.29060364,29.9843998,-95.34140015
labeled_all,255001,45000,ORD-TVC,ORD,TVC,101,21,80,0.2079207921,0.0003960768781,572,41.97859955,-87.90480042,44.74140167,-85.5821991
labeled_all,255001,45000,PDX-OAK,PDX,OAK,101,12,89,0.1188118812,0.0003960768781,573,45.58869934,-122.5979996,37.72129822,-122.2210007
labeled_all,255001,45000,BWI-DEN,BWI,DEN,100,29,71,0.29,0.0003921553249,574,39.17539978,-76.66829681,39.86169815,-104.6729965
labeled_all,255001,45000,DTW-DEN,DTW,DEN,100,11,89,0.11,0.0003921553249,575,42.21239853,-83.35340118,39.86169815,-104.6729965
labeled_all,255001,45000,JFK-ATL,JFK,ATL,100,24,76,0.24,0.0003921553249,576,40.63980103,-73.77890015,33.63669968,-84.42810059
labeled_all,255001,45000,MCO-LAX,MCO,LAX,100,20,80,0.2,0.0003921553249,577,28.42939949,-81.30899811,33.94250107,-118.4079971
labeled_all,255001,45000,ONT-SMF,ONT,SMF,100,17,83,0.17,0.0003921553249,578,34.05599976,-117.6009979,38.69540024,-121.5910034
labeled_all,255001,45000,PHX-PDX,PHX,PDX,100,21,79,0.21,0.0003921553249,579,33.43429947,-112.012001,45.58869934,-122.5979996
labeled_all,255001,45000,SFO-AUS,SFO,AUS,100,18,82,0.18,0.0003921553249,580,37.61899948,-122.375,30.19449997,-97.66989899
labeled_all,255001,45000,TPA-BOS,TPA,BOS,100,22,78,0.22,0.0003921553249,581,27.97550011,-82.53320312,42.36429977,-71.00520325
labeled_all,255001,45000,TPA-FLL,TPA,FLL,100,12,88,0.12,0.0003921553249,582,27.97550011,-82.53320312,26.07259941,-80.15270233
labeled_all,255001,45000,DEN-SMF,DEN,SMF,99,24,75,0.2424242424,0.0003882337716,583,39.86169815,-104.6729965,38.69540024,-121.5910034
labeled_all,255001,45000,GSP-CLT,GSP,CLT,99,8,91,0.08080808081,0.0003882337716,584,34.89569855,-82.21890259,35.2140007,-80.94309998
labeled_all,255001,45000,IAH-FLL,IAH,FLL,99,14,85,0.1414141414,0.0003882337716,585,29.9843998,-95.34140015,26.07259941,-80.15270233
labeled_all,255001,45000,IAH-TUL,IAH,TUL,99,11,88,0.1111111111,0.0003882337716,586,29.9843998,-95.34140015,36.19839859,-95.88809967
labeled_all,255001,45000,ORD-CID,ORD,CID,99,17,82,0.1717171717,0.0003882337716,587,41.97859955,-87.90480042,41.88470078,-91.71080017
labeled_all,255001,45000,RDU-BWI,RDU,BWI,99,11,88,0.1111111111,0.0003882337716,588,35.87760162,-78.78749847,39.17539978,-76.66829681
labeled_all,255001,45000,SEA-RDM,SEA,RDM,99,9,90,0.09090909091,0.0003882337716,589,47.44900131,-122.3089981,44.2541008,-121.1500015
labeled_all,255001,45000,ATL-CHS,ATL,CHS,98,7,91,0.07142857143,0.0003843122184,590,33.63669968,-84.42810059,32.89860153,-80.04049683
labeled_all,255001,45000,ATL-DAL,ATL,DAL,98,16,82,0.1632653061,0.0003843122184,591,33.63669968,-84.42810059,32.8470993,-96.85179901
labeled_all,255001,45000,ATL-SAV,ATL,SAV,98,13,85,0.1326530612,0.0003843122184,592,33.63669968,-84.42810059,32.12760162,-81.20210266
labeled_all,255001,45000,BNA-BOS,BNA,BOS,98,20,78,0.2040816327,0.0003843122184,593,36.12450027,-86.67819977,42.36429977,-71.00520325
labeled_all,255001,45000,BOI-DEN,BOI,DEN,98,11,87,0.112244898,0.0003843122184,594,43.56439972,-116.2229996,39.86169815,-104.6729965
labeled_all,255001,45000,BOS-BNA,BOS,BNA,98,16,82,0.1632653061,0.0003843122184,595,42.36429977,-71.00520325,36.12450027,-86.67819977
labeled_all,255001,45000,BWI-MDW,BWI,MDW,98,18,80,0.1836734694,0.0003843122184,596,39.17539978,-76.66829681,41.7859993,-87.75240326
labeled_all,255001,45000,EWR-CVG,EWR,CVG,98,24,74,0.2448979592,0.0003843122184,597,40.69250107,-74.16870117,39.04880142,-84.6678009
labeled_all,255001,45000,IAD-DTW,IAD,DTW,98,18,80,0.1836734694,0.0003843122184,598,38.94449997,-77.45580292,42.21239853,-83.35340118
labeled_all,255001,45000,ORD-TPA,ORD,TPA,98,18,80,0.1836734694,0.0003843122184,599,41.97859955,-87.90480042,27.97550011,-82.53320312
labeled_all,255001,45000,RDU-JFK,RDU,JFK,98,20,78,0.2040816327,0.0003843122184,600,35.87760162,-78.78749847,40.63980103,-73.77890015
labeled_all,255001,45000,RSW-ATL,RSW,ATL,98,6,92,0.0612244898,0.0003843122184,601,26.53619957,-81.75520325,33.63669968,-84.42810059
labeled_all,255001,45000,BOS-MSP,BOS,MSP,97,21,76,0.2164948454,0.0003803906651,602,42.36429977,-71.00520325,44.88199997,-93.22180176
labeled_all,255001,45000,BOS-TPA,BOS,TPA,97,22,75,0.2268041237,0.0003803906651,603,42.36429977,-71.00520325,27.97550011,-82.53320312
labeled_all,255001,45000,CLT-MCO,CLT,MCO,97,19,78,0.1958762887,0.0003803906651,604,35.2140007,-80.94309998,28.42939949,-81.30899811
labeled_all,255001,45000,CLT-PHL,CLT,PHL,97,13,84,0.1340206186,0.0003803906651,605,35.2140007,-80.94309998,39.87189865,-75.2410965
labeled_all,255001,45000,DEN-ASE,DEN,ASE,97,23,74,0.2371134021,0.0003803906651,606,39.86169815,-104.6729965,39.22320175,-106.8690033
labeled_all,255001,45000,DFW-CLT,DFW,CLT,97,22,75,0.2268041237,0.0003803906651,607,32.89680099,-97.03800201,35.2140007,-80.94309998
labeled_all,255001,45000,EWR-DFW,EWR,DFW,97,28,69,0.2886597938,0.0003803906651,608,40.69250107,-74.16870117,32.89680099,-97.03800201
labeled_all,255001,45000,JFK-BUF,JFK,BUF,97,17,80,0.175257732,0.0003803906651,609,40.63980103,-73.77890015,42.94049835,-78.73220062
labeled_all,255001,45000,MIA-JFK,MIA,JFK,97,17,80,0.175257732,0.0003803906651,610,25.79319954,-80.29060364,40.63980103,-73.77890015
labeled_all,255001,45000,OGG-LAX,OGG,LAX,97,14,83,0.1443298969,0.0003803906651,611,20.89859962,-156.4299927,33.94250107,-118.4079971
labeled_all,255001,45000,SLC-IAH,SLC,IAH,97,11,86,0.1134020619,0.0003803906651,612,40.78839874,-111.9779968,29.9843998,-95.34140015
labeled_all,255001,45000,TUS-LAX,TUS,LAX,97,9,88,0.09278350515,0.0003803906651,613,32.11610031,-110.9410019,33.94250107,-118.4079971
labeled_all,255001,45000,ATL-SEA,ATL,SEA,96,20,76,0.2083333333,0.0003764691119,614,33.63669968,-84.42810059,47.44900131,-122.3089981
labeled_all,255001,45000,BNA-BWI,BNA,BWI,96,17,79,0.1770833333,0.0003764691119,615,36.12450027,-86.67819977,39.17539978,-76.66829681
labeled_all,255001,45000,CVG-EWR,CVG,EWR,96,25,71,0.2604166667,0.0003764691119,616,39.04880142,-84.6678009,40.69250107,-74.16870117
labeled_all,255001,45000,DEN-OMA,DEN,OMA,96,12,84,0.125,0.0003764691119,617,39.86169815,-104.6729965,41.30319977,-95.89409637
labeled_all,255001,45000,DEN-TUS,DEN,TUS,96,17,79,0.1770833333,0.0003764691119,618,39.86169815,-104.6729965,32.11610031,-110.9410019
labeled_all,255001,45000,FLL-ORD,FLL,ORD,96,19,77,0.1979166667,0.0003764691119,619,26.07259941,-80.15270233,41.97859955,-87.90480042
labeled_all,255001,45000,LAX-TUS,LAX,TUS,96,13,83,0.1354166667,0.0003764691119,620,33.94250107,-118.4079971,32.11610031,-110.9410019
labeled_all,255001,45000,MSP-STL,MSP,STL,96,12,84,0.125,0.0003764691119,621,44.88199997,-93.22180176,38.74869919,-90.37000275
labeled_all,255001,45000,ORD-AUS,ORD,AUS,96,22,74,0.2291666667,0.0003764691119,622,41.97859955,-87.90480042,30.19449997,-97.66989899
labeled_all,255001,45000,ORD-BUF,ORD,BUF,96,18,78,0.1875,0.0003764691119,623,41.97859955,-87.90480042,42.94049835,-78.73220062
labeled_all,255001,45000,ORD-ROC,ORD,ROC,96,20,76,0.2083333333,0.0003764691119,624,41.97859955,-87.90480042,43.1189003,-77.67240143
labeled_all,255001,45000,ORD-SAN,ORD,SAN,96,11,85,0.1145833333,0.0003764691119,625,41.97859955,-87.90480042,32.73360062,-117.1900024
labeled_all,255001,45000,PIT-EWR,PIT,EWR,96,21,75,0.21875,0.0003764691119,626,40.49150085,-80.23290253,40.69250107,-74.16870117
labeled_all,255001,45000,SLC-PDX,SLC,PDX,96,3,93,0.03125,0.0003764691119,627,40.78839874,-111.9779968,45.58869934,-122.5979996
labeled_all,255001,45000,SYR-ORD,SYR,ORD,96,12,84,0.125,0.0003764691119,628,43.11119843,-76.10630035,41.97859955,-87.90480042
labeled_all,255001,45000,TPA-DEN,TPA,DEN,96,16,80,0.1666666667,0.0003764691119,629,27.97550011,-82.53320312,39.86169815,-104.6729965
labeled_all,255001,45000,BDL-MCO,BDL,MCO,95,22,73,0.2315789474,0.0003725475586,630,41.93889999,-72.68319702,28.42939949,-81.30899811
labeled_all,255001,45000,CHA-ATL,CHA,ATL,95,8,87,0.08421052632,0.0003725475586,631,35.03530121,-85.20379639,33.63669968,-84.42810059
labeled_all,255001,45000,DAL-MDW,DAL,MDW,95,21,74,0.2210526316,0.0003725475586,632,32.8470993,-96.85179901,41.7859993,-87.75240326
labeled_all,255001,45000,DEN-ABQ,DEN,ABQ,95,25,70,0.2631578947,0.0003725475586,633,39.86169815,-104.6729965,35.04019928,-106.6090012
labeled_all,255001,45000,EWR-PIT,EWR,PIT,95,21,74,0.2210526316,0.0003725475586,634,40.69250107,-74.16870117,40.49150085,-80.23290253
labeled_all,255001,45000,JAX-ORD,JAX,ORD,95,13,82,0.1368421053,0.0003725475586,635,30.49410057,-81.68789673,41.97859955,-87.90480042
labeled_all,255001,45000,LAS-EWR,LAS,EWR,95,24,71,0.2526315789,0.0003725475586,636,36.08010101,-115.1520004,40.69250107,-74.16870117
labeled_all,255001,45000,LAX-ABQ,LAX,ABQ,95,13,82,0.1368421053,0.0003725475586,637,33.94250107,-118.4079971,35.04019928,-106.6090012
labeled_all,255001,45000,MSP-BOS,MSP,BOS,95,17,78,0.1789473684,0.0003725475586,638,44.88199997,-93.22180176,42.36429977,-71.00520325
labeled_all,255001,45000,OAK-LGB,OAK,LGB,95,17,78,0.1789473684,0.0003725475586,639,37.72129822,-122.2210007,33.81769943,-118.1520004
labeled_all,255001,45000,ORD-RIC,ORD,RIC,95,24,71,0.2526315789,0.0003725475586,640,41.97859955,-87.90480042,37.50519943,-77.31970215
labeled_all,255001,45000,PDX-GEG,PDX,GEG,95,11,84,0.1157894737,0.0003725475586,641,45.58869934,-122.5979996,47.61989975,-117.5339966
labeled_all,255001,45000,TPA-EWR,TPA,EWR,95,18,77,0.1894736842,0.0003725475586,642,27.97550011,-82.53320312,40.69250107,-74.16870117
labeled_all,255001,45000,TUL-IAH,TUL,IAH,95,9,86,0.09473684211,0.0003725475586,643,36.19839859,-95.88809967,29.9843998,-95.34140015
labeled_all,255001,45000,XNA-ORD,XNA,ORD,95,24,71,0.2526315789,0.0003725475586,644,36.2818985,-94.30680084,41.97859955,-87.90480042
labeled_all,255001,45000,ATL-BHM,ATL,BHM,94,8,86,0.08510638298,0.0003686260054,645,33.63669968,-84.42810059,33.56290054,-86.75350189
labeled_all,255001,45000,ATL-JFK,ATL,JFK,94,27,67,0.2872340426,0.0003686260054,646,33.63669968,-84.42810059,40.63980103,-73.77890015
labeled_all,255001,45000,ATL-MDW,ATL,MDW,94,10,84,0.1063829787,0.0003686260054,647,33.63669968,-84.42810059,41.7859993,-87.75240326
labeled_all,255001,45000,DCA-BNA,DCA,BNA,94,17,77,0.1808510638,0.0003686260054,648,38.85210037,-77.03769684,36.12450027,-86.67819977
labeled_all,255001,45000,DEN-BWI,DEN,BWI,94,22,72,0.2340425532,0.0003686260054,649,39.86169815,-104.6729965,39.17539978,-76.66829681
labeled_all,255001,45000,EWR-MIA,EWR,MIA,94,26,68,0.2765957447,0.0003686260054,650,40.69250107,-74.16870117,25.79319954,-80.29060364
labeled_all,255001,45000,FLL-PHL,FLL,PHL,94,15,79,0.1595744681,0.0003686260054,651,26.07259941,-80.15270233,39.87189865,-75.2410965
labeled_all,255001,45000,LAX-SAT,LAX,SAT,94,13,81,0.1382978723,0.0003686260054,652,33.94250107,-118.4079971,29.53370094,-98.46980286
labeled_all,255001,45000,MEM-ATL,MEM,ATL,94,7,87,0.07446808511,0.0003686260054,653,35.04240036,-89.97669983,33.63669968,-84.42810059
labeled_all,255001,45000,OAK-ONT,OAK,ONT,94,14,80,0.1489361702,0.0003686260054,654,37.72129822,-122.2210007,34.05599976,-117.6009979
labeled_all,255001,45000,SMF-SNA,SMF,SNA,94,16,78,0.170212766,0.0003686260054,655,38.69540024,-121.5910034,33.67570114,-117.8679962
labeled_all,255001,45000,BNA-DCA,BNA,DCA,93,15,78,0.1612903226,0.0003647044521,656,36.12450027,-86.67819977,38.85210037,-77.03769684
labeled_all,255001,45000,BNA-LAX,BNA,LAX,93,16,77,0.1720430108,0.0003647044521,657,36.12450027,-86.67819977,33.94250107,-118.4079971
labeled_all,255001,45000,DCA-FLL,DCA,FLL,93,21,72,0.2258064516,0.0003647044521,658,38.85210037,-77.03769684,26.07259941,-80.15270233
labeled_all,255001,45000,DEN-DAL,DEN,DAL,93,14,79,0.1505376344,0.0003647044521,659,39.86169815,-104.6729965,32.8470993,-96.85179901
labeled_all,255001,45000,EWR-IND,EWR,IND,93,21,72,0.2258064516,0.0003647044521,660,40.69250107,-74.16870117,39.71730041,-86.29440308
labeled_all,255001,45000,ILM-CLT,ILM,CLT,93,14,79,0.1505376344,0.0003647044521,661,34.27059937,-77.90260315,35.2140007,-80.94309998
labeled_all,255001,45000,JFK-SEA,JFK,SEA,93,21,72,0.2258064516,0.0003647044521,662,40.63980103,-73.77890015,47.44900131,-122.3089981
labeled_all,255001,45000,LGA-PIT,LGA,PIT,93,25,68,0.2688172043,0.0003647044521,663,40.77719879,-73.87259674,40.49150085,-80.23290253
labeled_all,255001,45000,PDX-BOI,PDX,BOI,93,7,86,0.0752688172,0.0003647044521,664,45.58869934,-122.5979996,43.56439972,-116.2229996
labeled_all,255001,45000,PDX-PHX,PDX,PHX,93,13,80,0.1397849462,0.0003647044521,665,45.58869934,-122.5979996,33.43429947,-112.012001
labeled_all,255001,45000,PHX-SMF,PHX,SMF,93,15,78,0.1612903226,0.0003647044521,666,33.43429947,-112.012001,38.69540024,-121.5910034
labeled_all,255001,45000,PSP-SFO,PSP,SFO,93,26,67,0.2795698925,0.0003647044521,667,33.82970047,-116.5070038,37.61899948,-122.375
labeled_all,255001,45000,SAN-DFW,SAN,DFW,93,10,83,0.1075268817,0.0003647044521,668,32.73360062,-117.1900024,32.89680099,-97.03800201
labeled_all,255001,45000,ABQ-LAX,ABQ,LAX,92,11,81,0.1195652174,0.0003607828989,669,35.04019928,-106.6090012,33.94250107,-118.4079971
labeled_all,255001,45000,BUF-ORD,BUF,ORD,92,14,78,0.152173913,0.0003607828989,670,42.94049835,-78.73220062,41.97859955,-87.90480042
labeled_all,255001,45000,BWI-DTW,BWI,DTW,92,18,74,0.1956521739,0.0003607828989,671,39.17539978,-76.66829681,42.21239853,-83.35340118
labeled_all,255001,45000,DEN-PHL,DEN,PHL,92,26,66,0.2826086957,0.0003607828989,672,39.86169815,-104.6729965,39.87189865,-75.2410965
labeled_all,255001,45000,DFW-EWR,DFW,EWR,92,33,59,0.3586956522,0.0003607828989,673,32.89680099,-97.03800201,40.69250107,-74.16870117
labeled_all,255001,45000,DTW-BWI,DTW,BWI,92,15,77,0.1630434783,0.0003607828989,674,42.21239853,-83.35340118,39.17539978,-76.66829681
labeled_all,255001,45000,FLL-DFW,FLL,DFW,92,20,72,0.2173913043,0.0003607828989,675,26.07259941,-80.15270233,32.89680099,-97.03800201
labeled_all,255001,45000,MCO-PVD,MCO,PVD,92,18,74,0.1956521739,0.0003607828989,676,28.42939949,-81.30899811,41.73260117,-71.42040253
labeled_all,255001,45000,MDW-MCO,MDW,MCO,92,23,69,0.25,0.0003607828989,677,41.7859993,-87.75240326,28.42939949,-81.30899811
labeled_all,255001,45000,ORD-ATW,ORD,ATW,92,21,71,0.2282608696,0.0003607828989,678,41.97859955,-87.90480042,44.2580986,-88.51909637
labeled_all,255001,45000,ORD-GRB,ORD,GRB,92,19,73,0.2065217391,0.0003607828989,679,41.97859955,-87.90480042,44.48509979,-88.12960052
labeled_all,255001,45000,ORD-PDX,ORD,PDX,92,17,75,0.1847826087,0.0003607828989,680,41.97859955,-87.90480042,45.58869934,-122.5979996
labeled_all,255001,45000,PHL-CLT,PHL,CLT,92,17,75,0.1847826087,0.0003607828989,681,39.87189865,-75.2410965,35.2140007,-80.94309998
labeled_all,255001,45000,PHL-DTW,PHL,DTW,92,6,86,0.0652173913,0.0003607828989,682,39.87189865,-75.2410965,42.21239853,-83.35340118
labeled_all,255001,45000,SAN-IAH,SAN,IAH,92,4,88,0.04347826087,0.0003607828989,683,32.73360062,-117.1900024,29.9843998,-95.34140015
labeled_all,255001,45000,SMF-ONT,SMF,ONT,92,18,74,0.1956521739,0.0003607828989,684,38.69540024,-121.5910034,34.05599976,-117.6009979
labeled_all,255001,45000,ATL-PIT,ATL,PIT,91,14,77,0.1538461538,0.0003568613456,685,33.63669968,-84.42810059,40.49150085,-80.23290253
labeled_all,255001,45000,AUS-ORD,AUS,ORD,91,22,69,0.2417582418,0.0003568613456,686,30.19449997,-97.66989899,41.97859955,-87.90480042
labeled_all,255001,45000,CLT-RIC,CLT,RIC,91,12,79,0.1318681319,0.0003568613456,687,35.2140007,-80.94309998,37.50519943,-77.31970215
labeled_all,255001,45000,CRP-IAH,CRP,IAH,91,9,82,0.0989010989,0.0003568613456,688,27.77039909,-97.50119781,29.9843998,-95.34140015
labeled_all,255001,45000,DFW-BOS,DFW,BOS,91,26,65,0.2857142857,0.0003568613456,689,32.89680099,-97.03800201,42.36429977,-71.00520325
labeled_all,255001,45000,DFW-TUL,DFW,TUL,91,19,72,0.2087912088,0.0003568613456,690,32.89680099,-97.03800201,36.19839859,-95.88809967
labeled_all,255001,45000,EWR-STL,EWR,STL,91,32,59,0.3516483516,0.0003568613456,691,40.69250107,-74.16870117,38.74869919,-90.37000275
labeled_all,255001,45000,LAS-LGB,LAS,LGB,91,18,73,0.1978021978,0.0003568613456,692,36.08010101,-115.1520004,33.81769943,-118.1520004
labeled_all,255001,45000,MDW-STL,MDW,STL,91,22,69,0.2417582418,0.0003568613456,693,41.7859993,-87.75240326,38.74869919,-90.37000275
labeled_all,255001,45000,MYR-CLT,MYR,CLT,91,8,83,0.08791208791,0.0003568613456,694,33.67969894,-78.92829895,35.2140007,-80.94309998
labeled_all,255001,45000,PVD-BWI,PVD,BWI,91,4,87,0.04395604396,0.0003568613456,695,41.73260117,-71.42040253,39.17539978,-76.66829681
labeled_all,255001,45000,RNO-DEN,RNO,DEN,91,14,77,0.1538461538,0.0003568613456,696,39.49909973,-119.7679977,39.86169815,-104.6729965
labeled_all,255001,45000,STL-MSP,STL,MSP,91,14,77,0.1538461538,0.0003568613456,697,38.74869919,-90.37000275,44.88199997,-93.22180176
labeled_all,255001,45000,STL-PHL,STL,PHL,91,7,84,0.07692307692,0.0003568613456,698,38.74869919,-90.37000275,39.87189865,-75.2410965
labeled_all,255001,45000,TUS-DEN,TUS,DEN,91,12,79,0.1318681319,0.0003568613456,699,32.11610031,-110.9410019,39.86169815,-104.6729965
labeled_all,255001,45000,ATL-CHA,ATL,CHA,90,10,80,0.1111111111,0.0003529397924,700,33.63669968,-84.42810059,35.03530121,-85.20379639
labeled_all,255001,45000,ATW-ORD,ATW,ORD,90,19,71,0.2111111111,0.0003529397924,701,44.2580986,-88.51909637,41.97859955,-87.90480042
labeled_all,255001,45000,BTR-IAH,BTR,IAH,90,18,72,0.2,0.0003529397924,702,30.53319931,-91.14959717,29.9843998,-95.34140015
labeled_all,255001,45000,BWI-BNA,BWI,BNA,90,17,73,0.1888888889,0.0003529397924,703,39.17539978,-76.66829681,36.12450027,-86.67819977
labeled_all,255001,45000,CLE-BOS,CLE,BOS,90,22,68,0.2444444444,0.0003529397924,704,41.4117012,-81.84980011,42.36429977,-71.00520325
labeled_all,255001,45000,DCA-DFW,DCA,DFW,90,22,68,0.2444444444,0.0003529397924,705,38.85210037,-77.03769684,32.89680099,-97.03800201
labeled_all,255001,45000,DEN-MKE,DEN,MKE,90,16,74,0.1777777778,0.0003529397924,706,39.86169815,-104.6729965,42.94720078,-87.89659882
labeled_all,255001,45000,FLL-TPA,FLL,TPA,90,14,76,0.1555555556,0.0003529397924,707,26.07259941,-80.15270233,27.97550011,-82.53320312
labeled_all,255001,45000,IAH-MAF,IAH,MAF,90,11,79,0.1222222222,0.0003529397924,708,29.9843998,-95.34140015,31.94249916,-102.2020035
labeled_all,255001,45000,LGB-SLC,LGB,SLC,90,11,79,0.1222222222,0.0003529397924,709,33.81769943,-118.1520004,40.78839874,-111.9779968
labeled_all,255001,45000,ONT-OAK,ONT,OAK,90,9,81,0.1,0.0003529397924,710,34.05599976,-117.6009979,37.72129822,-122.2210007
labeled_all,255001,45000,BHM-ATL,BHM,ATL,89,16,73,0.1797752809,0.0003490182391,711,33.56290054,-86.75350189,33.63669968,-84.42810059
labeled_all,255001,45000,BOS-CLE,BOS,CLE,89,14,75,0.1573033708,0.0003490182391,712,42.36429977,-71.00520325,41.4117012,-81.84980011
labeled_all,255001,45000,BWI-PVD,BWI,PVD,89,11,78,0.1235955056,0.0003490182391,713,39.17539978,-76.66829681,41.73260117,-71.42040253
labeled_all,255001,45000,CLT-RDU,CLT,RDU,89,11,78,0.1235955056,0.0003490182391,714,35.2140007,-80.94309998,35.87760162,-78.78749847
labeled_all,255001,45000,DAL-LAX,DAL,LAX,89,13,76,0.1460674157,0.0003490182391,715,32.8470993,-96.85179901,33.94250107,-118.4079971
labeled_all,255001,45000,DAL-PHX,DAL,PHX,89,17,72,0.191011236,0.0003490182391,716,32.8470993,-96.85179901,33.43429947,-112.012001
labeled_all,255001,45000,DCA-EWR,DCA,EWR,89,24,65,0.2696629213,0.0003490182391,717,38.85210037,-77.03769684,40.69250107,-74.16870117
labeled_all,255001,45000,DFW-PHL,DFW,PHL,89,25,64,0.2808988764,0.0003490182391,718,32.89680099,-97.03800201,39.87189865,-75.2410965
labeled_all,255001,45000,DFW-SAN,DFW,SAN,89,13,76,0.1460674157,0.0003490182391,719,32.89680099,-97.03800201,32.73360062,-117.1900024
labeled_all,255001,45000,FAT-LAX,FAT,LAX,89,16,73,0.1797752809,0.0003490182391,720,36.77619934,-119.7180023,33.94250107,-118.4079971
labeled_all,255001,45000,HOU-MDW,HOU,MDW,89,20,69,0.2247191011,0.0003490182391,721,29.64539909,-95.27890015,41.7859993,-87.75240326
labeled_all,255001,45000,MCI-DAL,MCI,DAL,89,20,69,0.2247191011,0.0003490182391,722,39.29759979,-94.71389771,32.8470993,-96.85179901
labeled_all,255001,45000,OAK-SLC,OAK,SLC,89,17,72,0.191011236,0.0003490182391,723,37.72129822,-122.2210007,40.78839874,-111.9779968
labeled_all,255001,45000,ONT-SFO,ONT,SFO,89,19,70,0.2134831461,0.0003490182391,724,34.05599976,-117.6009979,37.61899948,-122.375
labeled_all,255001,45000,SEA-JFK,SEA,JFK,89,21,68,0.2359550562,0.0003490182391,725,47.44900131,-122.3089981,40.63980103,-73.77890015
labeled_all,255001,45000,TPA-CLT,TPA,CLT,89,12,77,0.1348314607,0.0003490182391,726,27.97550011,-82.53320312,35.2140007,-80.94309998
labeled_all,255001,45000,TYS-ORD,TYS,ORD,89,17,72,0.191011236,0.0003490182391,727,35.81100082,-83.9940033,41.97859955,-87.90480042
labeled_all,255001,45000,ATL-SFO,ATL,SFO,88,19,69,0.2159090909,0.0003450966859,728,33.63669968,-84.42810059,37.61899948,-122.375
labeled_all,255001,45000,BWI-LAS,BWI,LAS,88,22,66,0.25,0.0003450966859,729,39.17539978,-76.66829681,36.08010101,-115.1520004
labeled_all,255001,45000,CLT-BNA,CLT,BNA,88,17,71,0.1931818182,0.0003450966859,730,35.2140007,-80.94309998,36.12450027,-86.67819977
labeled_all,255001,45000,CLT-ILM,CLT,ILM,88,16,72,0.1818181818,0.0003450966859,731,35.2140007,-80.94309998,34.27059937,-77.90260315
labeled_all,255001,45000,DTW-FLL,DTW,FLL,88,16,72,0.1818181818,0.0003450966859,732,42.21239853,-83.35340118,26.07259941,-80.15270233
labeled_all,255001,45000,LGB-LAS,LGB,LAS,88,13,75,0.1477272727,0.0003450966859,733,33.81769943,-118.1520004,36.08010101,-115.1520004
labeled_all,255001,45000,MDT-ORD,MDT,ORD,88,19,69,0.2159090909,0.0003450966859,734,40.19350052,-76.76339722,41.97859955,-87.90480042
labeled_all,255001,45000,ORF-ATL,ORF,ATL,88,6,82,0.06818181818,0.0003450966859,735,36.89459991,-76.20120239,33.63669968,-84.42810059
labeled_all,255001,45000,RDU-CLT,RDU,CLT,88,8,80,0.09090909091,0.0003450966859,736,35.87760162,-78.78749847,35.2140007,-80.94309998
labeled_all,255001,45000,RSW-BOS,RSW,BOS,88,20,68,0.2272727273,0.0003450966859,737,26.53619957,-81.75520325,42.36429977,-71.00520325
labeled_all,255001,45000,SLC-SAN,SLC,SAN,88,11,77,0.125,0.0003450966859,738,40.78839874,-111.9779968,32.73360062,-117.1900024
labeled_all,255001,45000,BUF-EWR,BUF,EWR,87,29,58,0.3333333333,0.0003411751326,739,42.94049835,-78.73220062,40.69250107,-74.16870117
labeled_all,255001,45000,BWI-ALB,BWI,ALB,87,16,71,0.183908046,0.0003411751326,740,39.17539978,-76.66829681,42.74829864,-73.80169678
labeled_all,255001,45000,CLE-DCA,CLE,DCA,87,13,74,0.1494252874,0.0003411751326,741,41.4117012,-81.84980011,38.85210037,-77.03769684
labeled_all,255001,45000,DCA-CLE,DCA,CLE,87,15,72,0.1724137931,0.0003411751326,742,38.85210037,-77.03769684,41.4117012,-81.84980011
labeled_all,255001,45000,DCA-MSP,DCA,MSP,87,11,76,0.1264367816,0.0003411751326,743,38.85210037,-77.03769684,44.88199997,-93.22180176
labeled_all,255001,45000,FLL-MCO,FLL,MCO,87,11,76,0.1264367816,0.0003411751326,744,26.07259941,-80.15270233,28.42939949,-81.30899811
labeled_all,255001,45000,IND-EWR,IND,EWR,87,21,66,0.2413793103,0.0003411751326,745,39.71730041,-86.29440308,40.69250107,-74.16870117
labeled_all,255001,45000,LAS-MSP,LAS,MSP,87,7,80,0.08045977011,0.0003411751326,746,36.08010101,-115.1520004,44.88199997,-93.22180176
labeled_all,255001,45000,LGA-MSP,LGA,MSP,87,10,77,0.1149425287,0.0003411751326,747,40.77719879,-73.87259674,44.88199997,-93.22180176
labeled_all,255001,45000,MDW-BNA,MDW,BNA,87,11,76,0.1264367816,0.0003411751326,748,41.7859993,-87.75240326,36.12450027,-86.67819977
labeled_all,255001,45000,MSP-MCI,MSP,MCI,87,13,74,0.1494252874,0.0003411751326,749,44.88199997,-93.22180176,39.29759979,-94.71389771
labeled_all,255001,45000,MSY-DEN,MSY,DEN,87,12,75,0.1379310345,0.0003411751326,750,29.99340057,-90.25800323,39.86169815,-104.6729965
labeled_all,255001,45000,ORD-LEX,ORD,LEX,87,11,76,0.1264367816,0.0003411751326,751,41.97859955,-87.90480042,38.03649902,-84.60590363
labeled_all,255001,45000,PHX-AUS,PHX,AUS,87,10,77,0.1149425287,0.0003411751326,752,33.43429947,-112.012001,30.19449997,-97.66989899
labeled_all,255001,45000,SAV-CLT,SAV,CLT,87,13,74,0.1494252874,0.0003411751326,753,32.12760162,-81.20210266,35.2140007,-80.94309998
labeled_all,255001,45000,STL-DCA,STL,DCA,87,15,72,0.1724137931,0.0003411751326,754,38.74869919,-90.37000275,38.85210037,-77.03769684
labeled_all,255001,45000,TUL-DEN,TUL,DEN,87,8,79,0.09195402299,0.0003411751326,755,36.19839859,-95.88809967,39.86169815,-104.6729965
labeled_all,255001,45000,ATL-CAE,ATL,CAE,86,7,79,0.08139534884,0.0003372535794,756,33.63669968,-84.42810059,33.93880081,-81.11949921
labeled_all,255001,45000,ATL-CVG,ATL,CVG,86,11,75,0.1279069767,0.0003372535794,757,33.63669968,-84.42810059,39.04880142,-84.6678009
labeled_all,255001,45000,ATL-PHX,ATL,PHX,86,16,70,0.1860465116,0.0003372535794,758,33.63669968,-84.42810059,33.43429947,-112.012001
labeled_all,255001,45000,AUS-DFW,AUS,DFW,86,8,78,0.09302325581,0.0003372535794,759,30.19449997,-97.66989899,32.89680099,-97.03800201
labeled_all,255001,45000,BDL-ORD,BDL,ORD,86,13,73,0.1511627907,0.0003372535794,760,41.93889999,-72.68319702,41.97859955,-87.90480042
labeled_all,255001,45000,BNA-CLT,BNA,CLT,86,13,73,0.1511627907,0.0003372535794,761,36.12450027,-86.67819977,35.2140007,-80.94309998
labeled_all,255001,45000,CLT-GSO,CLT,GSO,86,13,73,0.1511627907,0.0003372535794,762,35.2140007,-80.94309998,36.09780121,-79.93730164
labeled_all,255001,45000,DAL-DEN,DAL,DEN,86,21,65,0.2441860465,0.0003372535794,763,32.8470993,-96.85179901,39.86169815,-104.6729965
labeled_all,255001,45000,DEN-IND,DEN,IND,86,17,69,0.1976744186,0.0003372535794,764,39.86169815,-104.6729965,39.71730041,-86.29440308
labeled_all,255001,45000,IAH-MFE,IAH,MFE,86,16,70,0.1860465116,0.0003372535794,765,29.9843998,-95.34140015,26.17580032,-98.23860168
labeled_all,255001,45000,LEX-ATL,LEX,ATL,86,12,74,0.1395348837,0.0003372535794,766,38.03649902,-84.60590363,33.63669968,-84.42810059
labeled_all,255001,45000,MDW-BWI,MDW,BWI,86,18,68,0.2093023256,0.0003372535794,767,41.7859993,-87.75240326,39.17539978,-76.66829681
labeled_all,255001,45000,MSP-DTW,MSP,DTW,86,10,76,0.1162790698,0.0003372535794,768,44.88199997,-93.22180176,42.21239853,-83.35340118
labeled_all,255001,45000,PHX-DAL,PHX,DAL,86,15,71,0.1744186047,0.0003372535794,769,33.43429947,-112.012001,32.8470993,-96.85179901
labeled_all,255001,45000,SEA-IAH,SEA,IAH,86,12,74,0.1395348837,0.0003372535794,770,47.44900131,-122.3089981,29.9843998,-95.34140015
labeled_all,255001,45000,BNA-PHL,BNA,PHL,85,18,67,0.2117647059,0.0003333320261,771,36.12450027,-86.67819977,39.87189865,-75.2410965
labeled_all,255001,45000,BUF-BOS,BUF,BOS,85,11,74,0.1294117647,0.0003333320261,772,42.94049835,-78.73220062,42.36429977,-71.00520325
labeled_all,255001,45000,CVG-CLT,CVG,CLT,85,11,74,0.1294117647,0.0003333320261,773,39.04880142,-84.6678009,35.2140007,-80.94309998
labeled_all,255001,45000,DAL-MCI,DAL,MCI,85,7,78,0.08235294118,0.0003333320261,774,32.8470993,-96.85179901,39.29759979,-94.71389771
labeled_all,255001,45000,DCA-DAL,DCA,DAL,85,13,72,0.1529411765,0.0003333320261,775,38.85210037,-77.03769684,32.8470993,-96.85179901
labeled_all,255001,45000,DEN-MSY,DEN,MSY,85,14,71,0.1647058824,0.0003333320261,776,39.86169815,-104.6729965,29.99340057,-90.25800323
labeled_all,255001,45000,DTW-BNA,DTW,BNA,85,6,79,0.07058823529,0.0003333320261,777,42.21239853,-83.35340118,36.12450027,-86.67819977
labeled_all,255001,45000,MAF-IAH,MAF,IAH,85,12,73,0.1411764706,0.0003333320261,778,31.94249916,-102.2020035,29.9843998,-95.34140015
labeled_all,255001,45000,MCO-RDU,MCO,RDU,85,11,74,0.1294117647,0.0003333320261,779,28.42939949,-81.30899811,35.87760162,-78.78749847
labeled_all,255001,45000,MFE-IAH,MFE,IAH,85,10,75,0.1176470588,0.0003333320261,780,26.17580032,-98.23860168,29.9843998,-95.34140015
labeled_all,255001,45000,PDX-ORD,PDX,ORD,85,11,74,0.1294117647,0.0003333320261,781,45.58869934,-122.5979996,41.97859955,-87.90480042
labeled_all,255001,45000,PDX-SAN,PDX,SAN,85,7,78,0.08235294118,0.0003333320261,782,45.58869934,-122.5979996,32.73360062,-117.1900024
labeled_all,255001,45000,PDX-SLC,PDX,SLC,85,8,77,0.09411764706,0.0003333320261,783,45.58869934,-122.5979996,40.78839874,-111.9779968
labeled_all,255001,45000,PHL-DFW,PHL,DFW,85,20,65,0.2352941176,0.0003333320261,784,39.87189865,-75.2410965,32.89680099,-97.03800201
labeled_all,255001,45000,RDU-PHL,RDU,PHL,85,11,74,0.1294117647,0.0003333320261,785,35.87760162,-78.78749847,39.87189865,-75.2410965
labeled_all,255001,45000,ROC-ORD,ROC,ORD,85,18,67,0.2117647059,0.0003333320261,786,43.1189003,-77.67240143,41.97859955,-87.90480042
labeled_all,255001,45000,SAN-SLC,SAN,SLC,85,12,73,0.1411764706,0.0003333320261,787,32.73360062,-117.1900024,40.78839874,-111.9779968
labeled_all,255001,45000,STL-EWR,STL,EWR,85,35,50,0.4117647059,0.0003333320261,788,38.74869919,-90.37000275,40.69250107,-74.16870117
labeled_all,255001,45000,STL-MDW,STL,MDW,85,16,69,0.1882352941,0.0003333320261,789,38.74869919,-90.37000275,41.7859993,-87.75240326
labeled_all,255001,45000,CVG-ATL,CVG,ATL,84,12,72,0.1428571429,0.0003294104729,790,39.04880142,-84.6678009,33.63669968,-84.42810059
labeled_all,255001,45000,DCA-DTW,DCA,DTW,84,8,76,0.09523809524,0.0003294104729,791,38.85210037,-77.03769684,42.21239853,-83.35340118
labeled_all,255001,45000,DCA-MDW,DCA,MDW,84,15,69,0.1785714286,0.0003294104729,792,38.85210037,-77.03769684,41.7859993,-87.75240326
labeled_all,255001,45000,DTW-CLT,DTW,CLT,84,12,72,0.1428571429,0.0003294104729,793,42.21239853,-83.35340118,35.2140007,-80.94309998
labeled_all,255001,45000,ELP-DFW,ELP,DFW,84,15,69,0.1785714286,0.0003294104729,794,31.80719948,-106.3779984,32.89680099,-97.03800201
labeled_all,255001,45000,EWR-LAS,EWR,LAS,84,18,66,0.2142857143,0.0003294104729,795,40.69250107,-74.16870117,36.08010101,-115.1520004
labeled_all,255001,45000,GSO-ATL,GSO,ATL,84,5,79,0.05952380952,0.0003294104729,796,36.09780121,-79.93730164,33.63669968,-84.42810059
labeled_all,255001,45000,JFK-PHX,JFK,PHX,84,20,64,0.2380952381,0.0003294104729,797,40.63980103,-73.77890015,33.43429947,-112.012001
labeled_all,255001,45000,MCO-BDL,MCO,BDL,84,16,68,0.1904761905,0.0003294104729,798,28.42939949,-81.30899811,41.93889999,-72.68319702
labeled_all,255001,45000,MDW-DCA,MDW,DCA,84,22,62,0.2619047619,0.0003294104729,799,41.7859993,-87.75240326,38.85210037,-77.03769684
labeled_all,255001,45000,MDW-HOU,MDW,HOU,84,26,58,0.3095238095,0.0003294104729,800,41.7859993,-87.75240326,29.64539909,-95.27890015
labeled_all,255001,45000,PIT-MCO,PIT,MCO,84,6,78,0.07142857143,0.0003294104729,801,40.49150085,-80.23290253,28.42939949,-81.30899811
labeled_all,255001,45000,SEA-MSP,SEA,MSP,84,13,71,0.1547619048,0.0003294104729,802,47.44900131,-122.3089981,44.88199997,-93.22180176
labeled_all,255001,45000,SMF-LGB,SMF,LGB,84,3,81,0.03571428571,0.0003294104729,803,38.69540024,-121.5910034,33.81769943,-118.1520004
labeled_all,255001,45000,BNA-DTW,BNA,DTW,83,6,77,0.07228915663,0.0003254889197,804,36.12450027,-86.67819977,42.21239853,-83.35340118
labeled_all,255001,45000,BNA-MDW,BNA,MDW,83,16,67,0.1927710843,0.0003254889197,805,36.12450027,-86.67819977,41.7859993,-87.75240326
labeled_all,255001,45000,DCA-BDL,DCA,BDL,83,12,71,0.1445783133,0.0003254889197,806,38.85210037,-77.03769684,41.93889999,-72.68319702
labeled_all,255001,45000,DFW-AUS,DFW,AUS,83,18,65,0.2168674699,0.0003254889197,807,32.89680099,-97.03800201,30.19449997,-97.66989899
labeled_all,255001,45000,EWR-MSY,EWR,MSY,83,20,63,0.2409638554,0.0003254889197,808,40.69250107,-74.16870117,29.99340057,-90.25800323
labeled_all,255001,45000,LAS-DAL,LAS,DAL,83,19,64,0.2289156627,0.0003254889197,809,36.08010101,-115.1520004,32.8470993,-96.85179901
labeled_all,255001,45000,LAX-PHL,LAX,PHL,83,16,67,0.1927710843,0.0003254889197,810,33.94250107,-118.4079971,39.87189865,-75.2410965
labeled_all,255001,45000,ORD-SYR,ORD,SYR,83,17,66,0.2048192771,0.0003254889197,811,41.97859955,-87.90480042,43.11119843,-76.10630035
labeled_all,255001,45000,PHX-ELP,PHX,ELP,83,16,67,0.1927710843,0.0003254889197,812,33.43429947,-112.012001,31.80719948,-106.3779984
labeled_all,255001,45000,RDU-MCO,RDU,MCO,83,13,70,0.156626506,0.0003254889197,813,35.87760162,-78.78749847,28.42939949,-81.30899811
labeled_all,255001,45000,SNA-ORD,SNA,ORD,83,11,72,0.1325301205,0.0003254889197,814,33.67570114,-117.8679962,41.97859955,-87.90480042
labeled_all,255001,45000,TPA-JFK,TPA,JFK,83,18,65,0.2168674699,0.0003254889197,815,27.97550011,-82.53320312,40.63980103,-73.77890015
labeled_all,255001,45000,ATL-TYS,ATL,TYS,82,11,71,0.1341463415,0.0003215673664,816,33.63669968,-84.42810059,35.81100082,-83.9940033
labeled_all,255001,45000,BOS-BUF,BOS,BUF,82,20,62,0.243902439,0.0003215673664,817,42.36429977,-71.00520325,42.94049835,-78.73220062
labeled_all,255001,45000,CLE-DEN,CLE,DEN,82,6,76,0.07317073171,0.0003215673664,818,41.4117012,-81.84980011,39.86169815,-104.6729965
labeled_all,255001,45000,CLT-DFW,CLT,DFW,82,22,60,0.2682926829,0.0003215673664,819,35.2140007,-80.94309998,32.89680099,-97.03800201
labeled_all,255001,45000,DAL-ABQ,DAL,ABQ,82,8,74,0.09756097561,0.0003215673664,820,32.8470993,-96.85179901,35.04019928,-106.6090012
labeled_all,255001,45000,DCA-CLT,DCA,CLT,82,12,70,0.1463414634,0.0003215673664,821,38.85210037,-77.03769684,35.2140007,-80.94309998
labeled_all,255001,45000,ELP-PHX,ELP,PHX,82,9,73,0.1097560976,0.0003215673664,822,31.80719948,-106.3779984,33.43429947,-112.012001
labeled_all,255001,45000,EWR-IAD,EWR,IAD,82,26,56,0.3170731707,0.0003215673664,823,40.69250107,-74.16870117,38.94449997,-77.45580292
labeled_all,255001,45000,EWR-RIC,EWR,RIC,82,22,60,0.2682926829,0.0003215673664,824,40.69250107,-74.16870117,37.50519943,-77.31970215
labeled_all,255001,45000,LGA-ORF,LGA,ORF,82,26,56,0.3170731707,0.0003215673664,825,40.77719879,-73.87259674,36.89459991,-76.20120239
labeled_all,255001,45000,MCO-IAD,MCO,IAD,82,11,71,0.1341463415,0.0003215673664,826,28.42939949,-81.30899811,38.94449997,-77.45580292
labeled_all,255001,45000,MHT-BWI,MHT,BWI,82,7,75,0.08536585366,0.0003215673664,827,42.93259811,-71.43569946,39.17539978,-76.66829681
labeled_all,255001,45000,PHL-IAH,PHL,IAH,82,18,64,0.2195121951,0.0003215673664,828,39.87189865,-75.2410965,29.9843998,-95.34140015
labeled_all,255001,45000,SDF-ATL,SDF,ATL,82,4,78,0.0487804878,0.0003215673664,829,38.17440033,-85.73600006,33.63669968,-84.42810059
labeled_all,255001,45000,TUL-DFW,TUL,DFW,82,17,65,0.2073170732,0.0003215673664,830,36.19839859,-95.88809967,32.89680099,-97.03800201
labeled_all,255001,45000,ALB-ORD,ALB,ORD,81,21,60,0.2592592593,0.0003176458132,831,42.74829864,-73.80169678,41.97859955,-87.90480042
labeled_all,255001,45000,DCA-MIA,DCA,MIA,81,16,65,0.1975308642,0.0003176458132,832,38.85210037,-77.03769684,25.79319954,-80.29060364
labeled_all,255001,45000,DEN-CLT,DEN,CLT,81,19,62,0.2345679012,0.0003176458132,833,39.86169815,-104.6729965,35.2140007,-80.94309998
labeled_all,255001,45000,DEN-TPA,DEN,TPA,81,20,61,0.2469135802,0.0003176458132,834,39.86169815,-104.6729965,27.97550011,-82.53320312
labeled_all,255001,45000,DEN-TUL,DEN,TUL,81,12,69,0.1481481481,0.0003176458132,835,39.86169815,-104.6729965,36.19839859,-95.88809967
labeled_all,255001,45000,DFW-FLL,DFW,FLL,81,16,65,0.1975308642,0.0003176458132,836,32.89680099,-97.03800201,26.07259941,-80.15270233
labeled_all,255001,45000,DTW-IAD,DTW,IAD,81,14,67,0.1728395062,0.0003176458132,837,42.21239853,-83.35340118,38.94449997,-77.45580292
labeled_all,255001,45000,EWR-DCA,EWR,DCA,81,14,67,0.1728395062,0.0003176458132,838,40.69250107,-74.16870117,38.85210037,-77.03769684
labeled_all,255001,45000,FLL-IAH,FLL,IAH,81,9,72,0.1111111111,0.0003176458132,839,26.07259941,-80.15270233,29.9843998,-95.34140015
labeled_all,255001,45000,HSV-ATL,HSV,ATL,81,9,72,0.1111111111,0.0003176458132,840,34.6371994,-86.77510071,33.63669968,-84.42810059
labeled_all,255001,45000,LAX-FLL,LAX,FLL,81,16,65,0.1975308642,0.0003176458132,841,33.94250107,-118.4079971,26.07259941,-80.15270233
labeled_all,255001,45000,LAX-MSP,LAX,MSP,81,16,65,0.1975308642,0.0003176458132,842,33.94250107,-118.4079971,44.88199997,-93.22180176
labeled_all,255001,45000,MSP-LGA,MSP,LGA,81,14,67,0.1728395062,0.0003176458132,843,44.88199997,-93.22180176,40.77719879,-73.87259674
labeled_all,255001,45000,ORD-ALB,ORD,ALB,81,18,63,0.2222222222,0.0003176458132,844,41.97859955,-87.90480042,42.74829864,-73.80169678
labeled_all,255001,45000,PVD-MCO,PVD,MCO,81,16,65,0.1975308642,0.0003176458132,845,41.73260117,-71.42040253,28.42939949,-81.30899811
labeled_all,255001,45000,ASE-DEN,ASE,DEN,80,14,66,0.175,0.0003137242599,846,39.22320175,-106.8690033,39.86169815,-104.6729965
labeled_all,255001,45000,BDL-BWI,BDL,BWI,80,14,66,0.175,0.0003137242599,847,41.93889999,-72.68319702,39.17539978,-76.66829681
labeled_all,255001,45000,BNA-EWR,BNA,EWR,80,33,47,0.4125,0.0003137242599,848,36.12450027,-86.67819977,40.69250107,-74.16870117
labeled_all,255001,45000,BOS-RSW,BOS,RSW,80,15,65,0.1875,0.0003137242599,849,42.36429977,-71.00520325,26.53619957,-81.75520325
labeled_all,255001,45000,CAE-ATL,CAE,ATL,80,15,65,0.1875,0.0003137242599,850,33.93880081,-81.11949921,33.63669968,-84.42810059
labeled_all,255001,45000,CLT-CHS,CLT,CHS,80,8,72,0.1,0.0003137242599,851,35.2140007,-80.94309998,32.89860153,-80.04049683
labeled_all,255001,45000,CLT-IND,CLT,IND,80,8,72,0.1,0.0003137242599,852,35.2140007,-80.94309998,39.71730041,-86.29440308
labeled_all,255001,45000,DAL-LGA,DAL,LGA,80,23,57,0.2875,0.0003137242599,853,32.8470993,-96.85179901,40.77719879,-73.87259674
labeled_all,255001,45000,DTW-MSP,DTW,MSP,80,7,73,0.0875,0.0003137242599,854,42.21239853,-83.35340118,44.88199997,-93.22180176
labeled_all,255001,45000,EWR-RSW,EWR,RSW,80,17,63,0.2125,0.0003137242599,855,40.69250107,-74.16870117,26.53619957,-81.75520325
labeled_all,255001,45000,IAH-SAN,IAH,SAN,80,10,70,0.125,0.0003137242599,856,29.9843998,-95.34140015,32.73360062,-117.1900024
labeled_all,255001,45000,IND-CLT,IND,CLT,80,9,71,0.1125,0.0003137242599,857,39.71730041,-86.29440308,35.2140007,-80.94309998
labeled_all,255001,45000,MKE-DEN,MKE,DEN,80,10,70,0.125,0.0003137242599,858,42.94720078,-87.89659882,39.86169815,-104.6729965
labeled_all,255001,45000,MSY-LAX,MSY,LAX,80,13,67,0.1625,0.0003137242599,859,29.99340057,-90.25800323,33.94250107,-118.4079971
labeled_all,255001,45000,ORD-SNA,ORD,SNA,80,16,64,0.2,0.0003137242599,860,41.97859955,-87.90480042,33.67570114,-117.8679962
labeled_all,255001,45000,ORD-XNA,ORD,XNA,80,20,60,0.25,0.0003137242599,861,41.97859955,-87.90480042,36.2818985,-94.30680084
labeled_all,255001,45000,PHX-STL,PHX,STL,80,18,62,0.225,0.0003137242599,862,33.43429947,-112.012001,38.74869919,-90.37000275
labeled_all,255001,45000,SAN-PDX,SAN,PDX,80,11,69,0.1375,0.0003137242599,863,32.73360062,-117.1900024,45.58869934,-122.5979996
labeled_all,255001,45000,SLC-OAK,SLC,OAK,80,10,70,0.125,0.0003137242599,864,40.78839874,-111.9779968,37.72129822,-122.2210007
labeled_all,255001,45000,BOS-IAD,BOS,IAD,79,10,69,0.1265822785,0.0003098027067,865,42.36429977,-71.00520325,38.94449997,-77.45580292
labeled_all,255001,45000,BOS-RIC,BOS,RIC,79,12,67,0.1518987342,0.0003098027067,866,42.36429977,-71.00520325,37.50519943,-77.31970215
labeled_all,255001,45000,CLT-DEN,CLT,DEN,79,14,65,0.1772151899,0.0003098027067,867,35.2140007,-80.94309998,39.86169815,-104.6729965
labeled_all,255001,45000,FLL-DCA,FLL,DCA,79,17,62,0.2151898734,0.0003098027067,868,26.07259941,-80.15270233,38.85210037,-77.03769684
labeled_all,255001,45000,FLL-DTW,FLL,DTW,79,14,65,0.1772151899,0.0003098027067,869,26.07259941,-80.15270233,42.21239853,-83.35340118
labeled_all,255001,45000,HOU-DEN,HOU,DEN,79,16,63,0.2025316456,0.0003098027067,870,29.64539909,-95.27890015,39.86169815,-104.6729965
labeled_all,255001,45000,IAH-LIT,IAH,LIT,79,6,73,0.07594936709,0.0003098027067,871,29.9843998,-95.34140015,34.72940063,-92.22429657
labeled_all,255001,45000,LAX-BNA,LAX,BNA,79,13,66,0.164556962,0.0003098027067,872,33.94250107,-118.4079971,36.12450027,-86.67819977
labeled_all,255001,45000,LAX-MSY,LAX,MSY,79,11,68,0.1392405063,0.0003098027067,873,33.94250107,-118.4079971,29.99340057,-90.25800323
labeled_all,255001,45000,LGA-DAL,LGA,DAL,79,17,62,0.2151898734,0.0003098027067,874,40.77719879,-73.87259674,32.8470993,-96.85179901
labeled_all,255001,45000,MCO-BNA,MCO,BNA,79,15,64,0.1898734177,0.0003098027067,875,28.42939949,-81.30899811,36.12450027,-86.67819977
labeled_all,255001,45000,MCO-BUF,MCO,BUF,79,25,54,0.3164556962,0.0003098027067,876,28.42939949,-81.30899811,42.94049835,-78.73220062
labeled_all,255001,45000,MCO-FLL,MCO,FLL,79,10,69,0.1265822785,0.0003098027067,877,28.42939949,-81.30899811,26.07259941,-80.15270233
labeled_all,255001,45000,MCO-PIT,MCO,PIT,79,16,63,0.2025316456,0.0003098027067,878,28.42939949,-81.30899811,40.49150085,-80.23290253
labeled_all,255001,45000,MEM-ORD,MEM,ORD,79,10,69,0.1265822785,0.0003098027067,879,35.04240036,-89.97669983,41.97859955,-87.90480042
labeled_all,255001,45000,MLI-ORD,MLI,ORD,79,17,62,0.2151898734,0.0003098027067,880,41.44850159,-90.50749969,41.97859955,-87.90480042
labeled_all,255001,45000,ORD-BDL,ORD,BDL,79,15,64,0.1898734177,0.0003098027067,881,41.97859955,-87.90480042,41.93889999,-72.68319702
labeled_all,255001,45000,RDM-SEA,RDM,SEA,79,11,68,0.1392405063,0.0003098027067,882,44.2541008,-121.1500015,47.44900131,-122.3089981
labeled_all,255001,45000,SAT-PHX,SAT,PHX,79,14,65,0.1772151899,0.0003098027067,883,29.53370094,-98.46980286,33.43429947,-112.012001
labeled_all,255001,45000,SFO-ONT,SFO,ONT,79,10,69,0.1265822785,0.0003098027067,884,37.61899948,-122.375,34.05599976,-117.6009979
labeled_all,255001,45000,SLC-ATL,SLC,ATL,79,8,71,0.1012658228,0.0003098027067,885,40.78839874,-111.9779968,33.63669968,-84.42810059
labeled_all,255001,45000,STL-MCO,STL,MCO,79,13,66,0.164556962,0.0003098027067,886,38.74869919,-90.37000275,28.42939949,-81.30899811
labeled_all,255001,45000,ATL-LEX,ATL,LEX,78,12,66,0.1538461538,0.0003058811534,887,33.63669968,-84.42810059,38.03649902,-84.60590363
labeled_all,255001,45000,ATL-SDF,ATL,SDF,78,11,67,0.141025641,0.0003058811534,888,33.63669968,-84.42810059,38.17440033,-85.73600006
labeled_all,255001,45000,BOS-LAS,BOS,LAS,78,22,56,0.2820512821,0.0003058811534,889,42.36429977,-71.00520325,36.08010101,-115.1520004
labeled_all,255001,45000,DAL-DCA,DAL,DCA,78,17,61,0.2179487179,0.0003058811534,890,32.8470993,-96.85179901,38.85210037,-77.03769684
labeled_all,255001,45000,GSO-CLT,GSO,CLT,78,12,66,0.1538461538,0.0003058811534,891,36.09780121,-79.93730164,35.2140007,-80.94309998
labeled_all,255001,45000,IAD-BOS,IAD,BOS,78,13,65,0.1666666667,0.0003058811534,892,38.94449997,-77.45580292,42.36429977,-71.00520325
labeled_all,255001,45000,ICT-ORD,ICT,ORD,78,14,64,0.1794871795,0.0003058811534,893,37.64989853,-97.43309784,41.97859955,-87.90480042
labeled_all,255001,45000,LAS-BWI,LAS,BWI,78,21,57,0.2692307692,0.0003058811534,894,36.08010101,-115.1520004,39.17539978,-76.66829681
labeled_all,255001,45000,LIT-DFW,LIT,DFW,78,14,64,0.1794871795,0.0003058811534,895,34.72940063,-92.22429657,32.89680099,-97.03800201
labeled_all,255001,45000,MDW-LGA,MDW,LGA,78,28,50,0.358974359,0.0003058811534,896,41.7859993,-87.75240326,40.77719879,-73.87259674
labeled_all,255001,45000,MIA-CLT,MIA,CLT,78,14,64,0.1794871795,0.0003058811534,897,25.79319954,-80.29060364,35.2140007,-80.94309998
labeled_all,255001,45000,MSP-DCA,MSP,DCA,78,12,66,0.1538461538,0.0003058811534,898,44.88199997,-93.22180176,38.85210037,-77.03769684
labeled_all,255001,45000,OGG-SFO,OGG,SFO,78,9,69,0.1153846154,0.0003058811534,899,20.89859962,-156.4299927,37.61899948,-122.375
labeled_all,255001,45000,ONT-DEN,ONT,DEN,78,9,69,0.1153846154,0.0003058811534,900,34.05599976,-117.6009979,39.86169815,-104.6729965
labeled_all,255001,45000,PBI-BOS,PBI,BOS,78,19,59,0.2435897436,0.0003058811534,901,26.68320084,-80.09559631,42.36429977,-71.00520325
labeled_all,255001,45000,PHL-LAX,PHL,LAX,78,14,64,0.1794871795,0.0003058811534,902,39.87189865,-75.2410965,33.94250107,-118.4079971
labeled_all,255001,45000,SEA-ATL,SEA,ATL,78,2,76,0.02564102564,0.0003058811534,903,47.44900131,-122.3089981,33.63669968,-84.42810059
labeled_all,255001,45000,TPA-PHL,TPA,PHL,78,13,65,0.1666666667,0.0003058811534,904,27.97550011,-82.53320312,39.87189865,-75.2410965
labeled_all,255001,45000,TYS-ATL,TYS,ATL,78,7,71,0.08974358974,0.0003058811534,905,35.81100082,-83.9940033,33.63669968,-84.42810059
labeled_all,255001,45000,ATL-GSO,ATL,GSO,77,7,70,0.09090909091,0.0003019596002,906,33.63669968,-84.42810059,36.09780121,-79.93730164
labeled_all,255001,45000,ATL-MKE,ATL,MKE,77,13,64,0.1688311688,0.0003019596002,907,33.63669968,-84.42810059,42.94720078,-87.89659882
labeled_all,255001,45000,BWI-BDL,BWI,BDL,77,17,60,0.2207792208,0.0003019596002,908,39.17539978,-76.66829681,41.93889999,-72.68319702
labeled_all,255001,45000,CLT-DCA,CLT,DCA,77,15,62,0.1948051948,0.0003019596002,909,35.2140007,-80.94309998,38.85210037,-77.03769684
labeled_all,255001,45000,CLT-GSP,CLT,GSP,77,12,65,0.1558441558,0.0003019596002,910,35.2140007,-80.94309998,34.89569855,-82.21890259
labeled_all,255001,45000,CLT-MIA,CLT,MIA,77,18,59,0.2337662338,0.0003019596002,911,35.2140007,-80.94309998,25.79319954,-80.29060364
labeled_all,255001,45000,CMH-DCA,CMH,DCA,77,14,63,0.1818181818,0.0003019596002,912,39.9980011,-82.89189911,38.85210037,-77.03769684
labeled_all,255001,45000,DAL-LAS,DAL,LAS,77,17,60,0.2207792208,0.0003019596002,913,32.8470993,-96.85179901,36.08010101,-115.1520004
labeled_all,255001,45000,DRO-DEN,DRO,DEN,77,15,62,0.1948051948,0.0003019596002,914,37.1515007,-107.7539978,39.86169815,-104.6729965
labeled_all,255001,45000,DTW-PHX,DTW,PHX,77,11,66,0.1428571429,0.0003019596002,915,42.21239853,-83.35340118,33.43429947,-112.012001
labeled_all,255001,45000,EUG-SEA,EUG,SEA,77,13,64,0.1688311688,0.0003019596002,916,44.12459946,-123.211998,47.44900131,-122.3089981
labeled_all,255001,45000,EWR-CMH,EWR,CMH,77,13,64,0.1688311688,0.0003019596002,917,40.69250107,-74.16870117,39.9980011,-82.89189911
labeled_all,255001,45000,FAI-ANC,FAI,ANC,77,3,74,0.03896103896,0.0003019596002,918,64.81510162,-147.8560028,61.17440033,-149.9960022
labeled_all,255001,45000,FAR-MSP,FAR,MSP,77,9,68,0.1168831169,0.0003019596002,919,46.92070007,-96.81580353,44.88199997,-93.22180176
labeled_all,255001,45000,IAH-TPA,IAH,TPA,77,12,65,0.1558441558,0.0003019596002,920,29.9843998,-95.34140015,27.97550011,-82.53320312
labeled_all,255001,45000,JFK-ORD,JFK,ORD,77,16,61,0.2077922078,0.0003019596002,921,40.63980103,-73.77890015,41.97859955,-87.90480042
labeled_all,255001,45000,LAX-FAT,LAX,FAT,77,10,67,0.1298701299,0.0003019596002,922,33.94250107,-118.4079971,36.77619934,-119.7180023
labeled_all,255001,45000,LEX-ORD,LEX,ORD,77,8,69,0.1038961039,0.0003019596002,923,38.03649902,-84.60590363,41.97859955,-87.90480042
labeled_all,255001,45000,MCI-IAH,MCI,IAH,77,12,65,0.1558441558,0.0003019596002,924,39.29759979,-94.71389771,29.9843998,-95.34140015
labeled_all,255001,45000,MCI-MSP,MCI,MSP,77,9,68,0.1168831169,0.0003019596002,925,39.29759979,-94.71389771,44.88199997,-93.22180176
labeled_all,255001,45000,MSP-PHL,MSP,PHL,77,8,69,0.1038961039,0.0003019596002,926,44.88199997,-93.22180176,39.87189865,-75.2410965
labeled_all,255001,45000,ORD-ICT,ORD,ICT,77,15,62,0.1948051948,0.0003019596002,927,41.97859955,-87.90480042,37.64989853,-97.43309784
labeled_all,255001,45000,ORD-TYS,ORD,TYS,77,21,56,0.2727272727,0.0003019596002,928,41.97859955,-87.90480042,35.81100082,-83.9940033
labeled_all,255001,45000,RDU-DCA,RDU,DCA,77,19,58,0.2467532468,0.0003019596002,929,35.87760162,-78.78749847,38.85210037,-77.03769684
labeled_all,255001,45000,RNO-PHX,RNO,PHX,77,11,66,0.1428571429,0.0003019596002,930,39.49909973,-119.7679977,33.43429947,-112.012001
labeled_all,255001,45000,SEA-BOS,SEA,BOS,77,18,59,0.2337662338,0.0003019596002,931,47.44900131,-122.3089981,42.36429977,-71.00520325
labeled_all,255001,45000,SFO-OGG,SFO,OGG,77,22,55,0.2857142857,0.0003019596002,932,37.61899948,-122.375,20.89859962,-156.4299927
labeled_all,255001,45000,BUF-BWI,BUF,BWI,76,9,67,0.1184210526,0.0002980380469,933,42.94049835,-78.73220062,39.17539978,-76.66829681
labeled_all,255001,45000,DAL-STL,DAL,STL,76,12,64,0.1578947368,0.0002980380469,934,32.8470993,-96.85179901,38.74869919,-90.37000275
labeled_all,255001,45000,DCA-PVD,DCA,PVD,76,17,59,0.2236842105,0.0002980380469,935,38.85210037,-77.03769684,41.73260117,-71.42040253
labeled_all,255001,45000,FLL-MSY,FLL,MSY,76,10,66,0.1315789474,0.0002980380469,936,26.07259941,-80.15270233,29.99340057,-90.25800323
labeled_all,255001,45000,HOU-AUS,HOU,AUS,76,19,57,0.25,0.0002980380469,937,29.64539909,-95.27890015,30.19449997,-97.66989899
labeled_all,255001,45000,IAH-CVG,IAH,CVG,76,10,66,0.1315789474,0.0002980380469,938,29.9843998,-95.34140015,39.04880142,-84.6678009
labeled_all,255001,45000,IAH-MEM,IAH,MEM,76,6,70,0.07894736842,0.0002980380469,939,29.9843998,-95.34140015,35.04240036,-89.97669983
labeled_all,255001,45000,IAH-MOB,IAH,MOB,76,8,68,0.1052631579,0.0002980380469,940,29.9843998,-95.34140015,30.69120026,-88.24279785
labeled_all,255001,45000,LAS-HOU,LAS,HOU,76,18,58,0.2368421053,0.0002980380469,941,36.08010101,-115.1520004,29.64539909,-95.27890015
labeled_all,255001,45000,LAX-MDW,LAX,MDW,76,17,59,0.2236842105,0.0002980380469,942,33.94250107,-118.4079971,41.7859993,-87.75240326
labeled_all,255001,45000,LGB-OAK,LGB,OAK,76,8,68,0.1052631579,0.0002980380469,943,33.81769943,-118.1520004,37.72129822,-122.2210007
labeled_all,255001,45000,MDW-PHL,MDW,PHL,76,13,63,0.1710526316,0.0002980380469,944,41.7859993,-87.75240326,39.87189865,-75.2410965
labeled_all,255001,45000,PHL-FLL,PHL,FLL,76,17,59,0.2236842105,0.0002980380469,945,39.87189865,-75.2410965,26.07259941,-80.15270233
labeled_all,255001,45000,PHX-JFK,PHX,JFK,76,16,60,0.2105263158,0.0002980380469,946,33.43429947,-112.012001,40.63980103,-73.77890015
labeled_all,255001,45000,PHX-MCI,PHX,MCI,76,15,61,0.1973684211,0.0002980380469,947,33.43429947,-112.012001,39.29759979,-94.71389771
labeled_all,255001,45000,PIA-ORD,PIA,ORD,76,12,64,0.1578947368,0.0002980380469,948,40.66419983,-89.69329834,41.97859955,-87.90480042
labeled_all,255001,45000,PVD-DCA,PVD,DCA,76,18,58,0.2368421053,0.0002980380469,949,41.73260117,-71.42040253,38.85210037,-77.03769684
labeled_all,255001,45000,RIC-BOS,RIC,BOS,76,15,61,0.1973684211,0.0002980380469,950,37.50519943,-77.31970215,42.36429977,-71.00520325
labeled_all,255001,45000,SEA-EWR,SEA,EWR,76,21,55,0.2763157895,0.0002980380469,951,47.44900131,-122.3089981,40.69250107,-74.16870117
labeled_all,255001,45000,SLC-LGB,SLC,LGB,76,16,60,0.2105263158,0.0002980380469,952,40.78839874,-111.9779968,33.81769943,-118.1520004
labeled_all,255001,45000,SLC-SJC,SLC,SJC,76,13,63,0.1710526316,0.0002980380469,953,40.78839874,-111.9779968,37.36259842,-121.9290009
labeled_all,255001,45000,SNA-SMF,SNA,SMF,76,15,61,0.1973684211,0.0002980380469,954,33.67570114,-117.8679962,38.69540024,-121.5910034
labeled_all,255001,45000,ATL-PNS,ATL,PNS,75,12,63,0.16,0.0002941164937,955,33.63669968,-84.42810059,30.47340012,-87.18659973
labeled_all,255001,45000,ATL-TLH,ATL,TLH,75,11,64,0.1466666667,0.0002941164937,956,33.63669968,-84.42810059,30.39649963,-84.35030365
labeled_all,255001,45000,CLE-EWR,CLE,EWR,75,24,51,0.32,0.0002941164937,957,41.4117012,-81.84980011,40.69250107,-74.16870117
labeled_all,255001,45000,DCA-RDU,DCA,RDU,75,15,60,0.2,0.0002941164937,958,38.85210037,-77.03769684,35.87760162,-78.78749847
labeled_all,255001,45000,DFW-DCA,DFW,DCA,75,19,56,0.2533333333,0.0002941164937,959,32.89680099,-97.03800201,38.85210037,-77.03769684
labeled_all,255001,45000,DTW-LAX,DTW,LAX,75,10,65,0.1333333333,0.0002941164937,960,42.21239853,-83.35340118,33.94250107,-118.4079971
labeled_all,255001,45000,HNL-LNY,HNL,LNY,75,9,66,0.12,0.0002941164937,961,21.31870079,-157.9219971,20.78560066,-156.951004
labeled_all,255001,45000,IAH-BTR,IAH,BTR,75,13,62,0.1733333333,0.0002941164937,962,29.9843998,-95.34140015,30.53319931,-91.14959717
labeled_all,255001,45000,LGA-TPA,LGA,TPA,75,17,58,0.2266666667,0.0002941164937,963,40.77719879,-73.87259674,27.97550011,-82.53320312
labeled_all,255001,45000,MIA-DCA,MIA,DCA,75,11,64,0.1466666667,0.0002941164937,964,25.79319954,-80.29060364,38.85210037,-77.03769684
labeled_all,255001,45000,ORD-MSY,ORD,MSY,75,8,67,0.1066666667,0.0002941164937,965,41.97859955,-87.90480042,29.99340057,-90.25800323
labeled_all,255001,45000,PIT-CLT,PIT,CLT,75,6,69,0.08,0.0002941164937,966,40.49150085,-80.23290253,35.2140007,-80.94309998
labeled_all,255001,45000,TPA-DTW,TPA,DTW,75,9,66,0.12,0.0002941164937,967,27.97550011,-82.53320312,42.21239853,-83.35340118
labeled_all,255001,45000,ATL-VPS,ATL,VPS,74,4,70,0.05405405405,0.0002901949404,968,33.63669968,-84.42810059,30.48320007,-86.52539825
labeled_all,255001,45000,AUS-HOU,AUS,HOU,74,14,60,0.1891891892,0.0002901949404,969,30.19449997,-97.66989899,29.64539909,-95.27890015
labeled_all,255001,45000,BDL-FLL,BDL,FLL,74,13,61,0.1756756757,0.0002901949404,970,41.93889999,-72.68319702,26.07259941,-80.15270233
labeled_all,255001,45000,BHM-ORD,BHM,ORD,74,11,63,0.1486486486,0.0002901949404,971,33.56290054,-86.75350189,41.97859955,-87.90480042
labeled_all,255001,45000,CLT-CVG,CLT,CVG,74,14,60,0.1891891892,0.0002901949404,972,35.2140007,-80.94309998,39.04880142,-84.6678009
labeled_all,255001,45000,CLT-TPA,CLT,TPA,74,11,63,0.1486486486,0.0002901949404,973,35.2140007,-80.94309998,27.97550011,-82.53320312
labeled_all,255001,45000,DFW-OKC,DFW,OKC,74,14,60,0.1891891892,0.0002901949404,974,32.89680099,-97.03800201,35.39310074,-97.60070038
labeled_all,255001,45000,EWR-CLE,EWR,CLE,74,18,56,0.2432432432,0.0002901949404,975,40.69250107,-74.16870117,41.4117012,-81.84980011
labeled_all,255001,45000,FNT-ORD,FNT,ORD,74,12,62,0.1621621622,0.0002901949404,976,42.9654007,-83.74359894,41.97859955,-87.90480042
labeled_all,255001,45000,FSD-ORD,FSD,ORD,74,12,62,0.1621621622,0.0002901949404,977,43.58200073,-96.74189758,41.97859955,-87.90480042
labeled_all,255001,45000,IAD-ORD,IAD,ORD,74,7,67,0.09459459459,0.0002901949404,978,38.94449997,-77.45580292,41.97859955,-87.90480042
labeled_all,255001,45000,IND-MCO,IND,MCO,74,11,63,0.1486486486,0.0002901949404,979,39.71730041,-86.29440308,28.42939949,-81.30899811
labeled_all,255001,45000,JAX-JFK,JAX,JFK,74,11,63,0.1486486486,0.0002901949404,980,30.49410057,-81.68789673,40.63980103,-73.77890015
labeled_all,255001,45000,JFK-JAX,JFK,JAX,74,15,59,0.2027027027,0.0002901949404,981,40.63980103,-73.77890015,30.49410057,-81.68789673
labeled_all,255001,45000,LAS-AUS,LAS,AUS,74,12,62,0.1621621622,0.0002901949404,982,36.08010101,-115.1520004,30.19449997,-97.66989899
labeled_all,255001,45000,MIA-MCO,MIA,MCO,74,10,64,0.1351351351,0.0002901949404,983,25.79319954,-80.29060364,28.42939949,-81.30899811
labeled_all,255001,45000,MSP-LAS,MSP,LAS,74,15,59,0.2027027027,0.0002901949404,984,44.88199997,-93.22180176,36.08010101,-115.1520004
labeled_all,255001,45000,OKC-DFW,OKC,DFW,74,14,60,0.1891891892,0.0002901949404,985,35.39310074,-97.60070038,32.89680099,-97.03800201
labeled_all,255001,45000,OMA-MDW,OMA,MDW,74,12,62,0.1621621622,0.0002901949404,986,41.30319977,-95.89409637,41.7859993,-87.75240326
labeled_all,255001,45000,ORD-FSD,ORD,FSD,74,15,59,0.2027027027,0.0002901949404,987,41.97859955,-87.90480042,43.58200073,-96.74189758
labeled_all,255001,45000,ORD-TUL,ORD,TUL,74,17,57,0.2297297297,0.0002901949404,988,41.97859955,-87.90480042,36.19839859,-95.88809967
labeled_all,255001,45000,ORF-CLT,ORF,CLT,74,15,59,0.2027027027,0.0002901949404,989,36.89459991,-76.20120239,35.2140007,-80.94309998
labeled_all,255001,45000,PBI-LGA,PBI,LGA,74,27,47,0.3648648649,0.0002901949404,990,26.68320084,-80.09559631,40.77719879,-73.87259674
labeled_all,255001,45000,PHX-CLT,PHX,CLT,74,14,60,0.1891891892,0.0002901949404,991,33.43429947,-112.012001,35.2140007,-80.94309998
labeled_all,255001,45000,ROC-JFK,ROC,JFK,74,9,65,0.1216216216,0.0002901949404,992,43.1189003,-77.67240143,40.63980103,-73.77890015
labeled_all,255001,45000,SFO-SBA,SFO,SBA,74,8,66,0.1081081081,0.0002901949404,993,37.61899948,-122.375,34.42620087,-119.8399963
labeled_all,255001,45000,SLC-JFK,SLC,JFK,74,19,55,0.2567567568,0.0002901949404,994,40.78839874,-111.9779968,40.63980103,-73.77890015
labeled_all,255001,45000,SRQ-ATL,SRQ,ATL,74,3,71,0.04054054054,0.0002901949404,995,27.39539909,-82.55439758,33.63669968,-84.42810059
labeled_all,255001,45000,ANC-FAI,ANC,FAI,73,9,64,0.1232876712,0.0002862733872,996,61.17440033,-149.9960022,64.81510162,-147.8560028
labeled_all,255001,45000,BNA-MCO,BNA,MCO,73,18,55,0.2465753425,0.0002862733872,997,36.12450027,-86.67819977,28.42939949,-81.30899811
labeled_all,255001,45000,BOI-PDX,BOI,PDX,73,5,68,0.06849315068,0.0002862733872,998,43.56439972,-116.2229996,45.58869934,-122.5979996
labeled_all,255001,45000,CHO-CLT,CHO,CLT,73,9,64,0.1232876712,0.0002862733872,999,38.1385994,-78.45290375,35.2140007,-80.94309998
labeled_all,255001,45000,CLT-SDF,CLT,SDF,73,16,57,0.2191780822,0.0002862733872,1000,35.2140007,-80.94309998,38.17440033,-85.73600006
labeled_all,255001,45000,CMH-CLT,CMH,CLT,73,10,63,0.1369863014,0.0002862733872,1001,39.9980011,-82.89189911,35.2140007,-80.94309998
labeled_all,255001,45000,DCA-STL,DCA,STL,73,13,60,0.1780821918,0.0002862733872,1002,38.85210037,-77.03769684,38.74869919,-90.37000275
labeled_all,255001,45000,DEN-RAP,DEN,RAP,73,14,59,0.1917808219,0.0002862733872,1003,39.86169815,-104.6729965,44.04529953,-103.0569992
labeled_all,255001,45000,DFW-TPA,DFW,TPA,73,11,62,0.1506849315,0.0002862733872,1004,32.89680099,-97.03800201,27.97550011,-82.53320312
labeled_all,255001,45000,DSM-DEN,DSM,DEN,73,11,62,0.1506849315,0.0002862733872,1005,41.5340004,-93.6631012,39.86169815,-104.6729965
labeled_all,255001,45000,LGA-RIC,LGA,RIC,73,17,56,0.2328767123,0.0002862733872,1006,40.77719879,-73.87259674,37.50519943,-77.31970215
labeled_all,255001,45000,MCO-HOU,MCO,HOU,73,12,61,0.1643835616,0.0002862733872,1007,28.42939949,-81.30899811,29.64539909,-95.27890015
labeled_all,255001,45000,MSY-MCO,MSY,MCO,73,11,62,0.1506849315,0.0002862733872,1008,29.99340057,-90.25800323,28.42939949,-81.30899811
labeled_all,255001,45000,ORD-PIA,ORD,PIA,73,15,58,0.2054794521,0.0002862733872,1009,41.97859955,-87.90480042,40.66419983,-89.69329834
labeled_all,255001,45000,ORF-ORD,ORF,ORD,73,15,58,0.2054794521,0.0002862733872,1010,36.89459991,-76.20120239,41.97859955,-87.90480042
labeled_all,255001,45000,PHL-TPA,PHL,TPA,73,14,59,0.1917808219,0.0002862733872,1011,39.87189865,-75.2410965,27.97550011,-82.53320312
labeled_all,255001,45000,SBA-SFO,SBA,SFO,73,18,55,0.2465753425,0.0002862733872,1012,34.42620087,-119.8399963,37.61899948,-122.375
labeled_all,255001,45000,STL-DAL,STL,DAL,73,11,62,0.1506849315,0.0002862733872,1013,38.74869919,-90.37000275,32.8470993,-96.85179901
labeled_all,255001,45000,CLT-CMH,CLT,CMH,72,8,64,0.1111111111,0.0002823518339,1014,35.2140007,-80.94309998,39.9980011,-82.89189911
labeled_all,255001,45000,CVG-PHL,CVG,PHL,72,14,58,0.1944444444,0.0002823518339,1015,39.04880142,-84.6678009,39.87189865,-75.2410965
labeled_all,255001,45000,DEN-BOI,DEN,BOI,72,11,61,0.1527777778,0.0002823518339,1016,39.86169815,-104.6729965,43.56439972,-116.2229996
labeled_all,255001,45000,DEN-DRO,DEN,DRO,72,12,60,0.1666666667,0.0002823518339,1017,39.86169815,-104.6729965,37.1515007,-107.7539978
labeled_all,255001,45000,DFW-XNA,DFW,XNA,72,16,56,0.2222222222,0.0002823518339,1018,32.89680099,-97.03800201,36.2818985,-94.30680084
labeled_all,255001,45000,DTW-DCA,DTW,DCA,72,8,64,0.1111111111,0.0002823518339,1019,42.21239853,-83.35340118,38.85210037,-77.03769684
labeled_all,255001,45000,FAI-SEA,FAI,SEA,72,5,67,0.06944444444,0.0002823518339,1020,64.81510162,-147.8560028,47.44900131,-122.3089981
labeled_all,255001,45000,GSP-ORD,GSP,ORD,72,18,54,0.25,0.0002823518339,1021,34.89569855,-82.21890259,41.97859955,-87.90480042
labeled_all,255001,45000,JAX-CLT,JAX,CLT,72,7,65,0.09722222222,0.0002823518339,1022,30.49410057,-81.68789673,35.2140007,-80.94309998
labeled_all,255001,45000,LAX-MCI,LAX,MCI,72,18,54,0.25,0.0002823518339,1023,33.94250107,-118.4079971,39.29759979,-94.71389771
labeled_all,255001,45000,MCI-LGA,MCI,LGA,72,16,56,0.2222222222,0.0002823518339,1024,39.29759979,-94.71389771,40.77719879,-73.87259674
labeled_all,255001,45000,MCO-CMH,MCO,CMH,72,14,58,0.1944444444,0.0002823518339,1025,28.42939949,-81.30899811,39.9980011,-82.89189911
labeled_all,255001,45000,PHL-SFO,PHL,SFO,72,14,58,0.1944444444,0.0002823518339,1026,39.87189865,-75.2410965,37.61899948,-122.375
labeled_all,255001,45000,PIT-IAH,PIT,IAH,72,8,64,0.1111111111,0.0002823518339,1027,40.49150085,-80.23290253,29.9843998,-95.34140015
labeled_all,255001,45000,PNS-ATL,PNS,ATL,72,5,67,0.06944444444,0.0002823518339,1028,30.47340012,-87.18659973,33.63669968,-84.42810059
labeled_all,255001,45000,RIC-LGA,RIC,LGA,72,16,56,0.2222222222,0.0002823518339,1029,37.50519943,-77.31970215,40.77719879,-73.87259674
labeled_all,255001,45000,STL-DTW,STL,DTW,72,13,59,0.1805555556,0.0002823518339,1030,38.74869919,-90.37000275,42.21239853,-83.35340118
labeled_all,255001,45000,TVC-ORD,TVC,ORD,72,21,51,0.2916666667,0.0002823518339,1031,44.74140167,-85.5821991,41.97859955,-87.90480042
labeled_all,255001,45000,AGS-ATL,AGS,ATL,71,12,59,0.1690140845,0.0002784302807,1032,33.36989975,-81.96450043,33.63669968,-84.42810059
labeled_all,255001,45000,ATL-HSV,ATL,HSV,71,5,66,0.07042253521,0.0002784302807,1033,33.63669968,-84.42810059,34.6371994,-86.77510071
labeled_all,255001,45000,BUF-MCO,BUF,MCO,71,11,60,0.1549295775,0.0002784302807,1034,42.94049835,-78.73220062,28.42939949,-81.30899811
labeled_all,255001,45000,BZN-DEN,BZN,DEN,71,6,65,0.08450704225,0.0002784302807,1035,45.77750015,-111.1529999,39.86169815,-104.6729965
labeled_all,255001,45000,DTW-SEA,DTW,SEA,71,10,61,0.1408450704,0.0002784302807,1036,42.21239853,-83.35340118,47.44900131,-122.3089981
labeled_all,255001,45000,EWR-PHX,EWR,PHX,71,25,46,0.3521126761,0.0002784302807,1037,40.69250107,-74.16870117,33.43429947,-112.012001
labeled_all,255001,45000,FAR-ORD,FAR,ORD,71,12,59,0.1690140845,0.0002784302807,1038,46.92070007,-96.81580353,41.97859955,-87.90480042
labeled_all,255001,45000,FLL-DEN,FLL,DEN,71,15,56,0.2112676056,0.0002784302807,1039,26.07259941,-80.15270233,39.86169815,-104.6729965
labeled_all,255001,45000,FLL-JAX,FLL,JAX,71,12,59,0.1690140845,0.0002784302807,1040,26.07259941,-80.15270233,30.49410057,-81.68789673
labeled_all,255001,45000,HOU-SAT,HOU,SAT,71,16,55,0.2253521127,0.0002784302807,1041,29.64539909,-95.27890015,29.53370094,-98.46980286
labeled_all,255001,45000,IAD-DFW,IAD,DFW,71,13,58,0.1830985915,0.0002784302807,1042,38.94449997,-77.45580292,32.89680099,-97.03800201
labeled_all,255001,45000,JFK-SLC,JFK,SLC,71,18,53,0.2535211268,0.0002784302807,1043,40.63980103,-73.77890015,40.78839874,-111.9779968
labeled_all,255001,45000,LAN-ORD,LAN,ORD,71,17,54,0.2394366197,0.0002784302807,1044,42.77870178,-84.58740234,41.97859955,-87.90480042
labeled_all,255001,45000,LAS-SAT,LAS,SAT,71,13,58,0.1830985915,0.0002784302807,1045,36.08010101,-115.1520004,29.53370094,-98.46980286
labeled_all,255001,45000,LAX-BWI,LAX,BWI,71,9,62,0.1267605634,0.0002784302807,1046,33.94250107,-118.4079971,39.17539978,-76.66829681
labeled_all,255001,45000,LGA-CVG,LGA,CVG,71,15,56,0.2112676056,0.0002784302807,1047,40.77719879,-73.87259674,39.04880142,-84.6678009
labeled_all,255001,45000,LGA-IND,LGA,IND,71,21,50,0.2957746479,0.0002784302807,1048,40.77719879,-73.87259674,39.71730041,-86.29440308
labeled_all,255001,45000,LGA-PBI,LGA,PBI,71,13,58,0.1830985915,0.0002784302807,1049,40.77719879,-73.87259674,26.68320084,-80.09559631
labeled_all,255001,45000,LGB-SJC,LGB,SJC,71,8,63,0.1126760563,0.0002784302807,1050,33.81769943,-118.1520004,37.36259842,-121.9290009
labeled_all,255001,45000,LNY-HNL,LNY,HNL,71,9,62,0.1267605634,0.0002784302807,1051,20.78560066,-156.951004,21.31870079,-157.9219971
labeled_all,255001,45000,MSY-DFW,MSY,DFW,71,15,56,0.2112676056,0.0002784302807,1052,29.99340057,-90.25800323,32.89680099,-97.03800201
labeled_all,255001,45000,ORD-FWA,ORD,FWA,71,17,54,0.2394366197,0.0002784302807,1053,41.97859955,-87.90480042,40.97850037,-85.19509888
labeled_all,255001,45000,PHX-RNO,PHX,RNO,71,16,55,0.2253521127,0.0002784302807,1054,33.43429947,-112.012001,39.49909973,-119.7679977
labeled_all,255001,45000,RIC-EWR,RIC,EWR,71,22,49,0.3098591549,0.0002784302807,1055,37.50519943,-77.31970215,40.69250107,-74.16870117
labeled_all,255001,45000,RSW-ORD,RSW,ORD,71,10,61,0.1408450704,0.0002784302807,1056,26.53619957,-81.75520325,41.97859955,-87.90480042
labeled_all,255001,45000,SAT-HOU,SAT,HOU,71,14,57,0.1971830986,0.0002784302807,1057,29.53370094,-98.46980286,29.64539909,-95.27890015
labeled_all,255001,45000,SAT-ORD,SAT,ORD,71,8,63,0.1126760563,0.0002784302807,1058,29.53370094,-98.46980286,41.97859955,-87.90480042
labeled_all,255001,45000,SJC-LGB,SJC,LGB,71,6,65,0.08450704225,0.0002784302807,1059,37.36259842,-121.9290009,33.81769943,-118.1520004
labeled_all,255001,45000,STL-IAH,STL,IAH,71,18,53,0.2535211268,0.0002784302807,1060,38.74869919,-90.37000275,29.9843998,-95.34140015
labeled_all,255001,45000,CAE-CLT,CAE,CLT,70,15,55,0.2142857143,0.0002745087274,1061,33.93880081,-81.11949921,35.2140007,-80.94309998
labeled_all,255001,45000,CLT-CHO,CLT,CHO,70,13,57,0.1857142857,0.0002745087274,1062,35.2140007,-80.94309998,38.1385994,-78.45290375
labeled_all,255001,45000,CLT-MSP,CLT,MSP,70,12,58,0.1714285714,0.0002745087274,1063,35.2140007,-80.94309998,44.88199997,-93.22180176
labeled_all,255001,45000,DCA-JFK,DCA,JFK,70,7,63,0.1,0.0002745087274,1064,38.85210037,-77.03769684,40.63980103,-73.77890015
labeled_all,255001,45000,DCA-MSY,DCA,MSY,70,12,58,0.1714285714,0.0002745087274,1065,38.85210037,-77.03769684,29.99340057,-90.25800323
labeled_all,255001,45000,DEN-HOU,DEN,HOU,70,18,52,0.2571428571,0.0002745087274,1066,39.86169815,-104.6729965,29.64539909,-95.27890015
labeled_all,255001,45000,EWR-BUF,EWR,BUF,70,20,50,0.2857142857,0.0002745087274,1067,40.69250107,-74.16870117,42.94049835,-78.73220062
labeled_all,255001,45000,EWR-ORF,EWR,ORF,70,17,53,0.2428571429,0.0002745087274,1068,40.69250107,-74.16870117,36.89459991,-76.20120239
labeled_all,255001,45000,FLL-CLT,FLL,CLT,70,11,59,0.1571428571,0.0002745087274,1069,26.07259941,-80.15270233,35.2140007,-80.94309998
labeled_all,255001,45000,HOU-DFW,HOU,DFW,70,13,57,0.1857142857,0.0002745087274,1070,29.64539909,-95.27890015,32.89680099,-97.03800201
labeled_all,255001,45000,HPN-ORD,HPN,ORD,70,13,57,0.1857142857,0.0002745087274,1071,41.06700134,-73.70760345,41.97859955,-87.90480042
labeled_all,255001,45000,IAH-LFT,IAH,LFT,70,11,59,0.1571428571,0.0002745087274,1072,29.9843998,-95.34140015,30.20529938,-91.98760223
labeled_all,255001,45000,IAH-PHL,IAH,PHL,70,15,55,0.2142857143,0.0002745087274,1073,29.9843998,-95.34140015,39.87189865,-75.2410965
labeled_all,255001,45000,IAH-RDU,IAH,RDU,70,16,54,0.2285714286,0.0002745087274,1074,29.9843998,-95.34140015,35.87760162,-78.78749847
labeled_all,255001,45000,JAX-FLL,JAX,FLL,70,12,58,0.1714285714,0.0002745087274,1075,30.49410057,-81.68789673,26.07259941,-80.15270233
labeled_all,255001,45000,JFK-AUS,JFK,AUS,70,17,53,0.2428571429,0.0002745087274,1076,40.63980103,-73.77890015,30.19449997,-97.66989899
labeled_all,255001,45000,LIT-IAH,LIT,IAH,70,9,61,0.1285714286,0.0002745087274,1077,34.72940063,-92.22429657,29.9843998,-95.34140015
labeled_all,255001,45000,MAF-DAL,MAF,DAL,70,8,62,0.1142857143,0.0002745087274,1078,31.94249916,-102.2020035,32.8470993,-96.85179901
labeled_all,255001,45000,ORD-SGF,ORD,SGF,70,15,55,0.2142857143,0.0002745087274,1079,41.97859955,-87.90480042,37.24570084,-93.38860321
labeled_all,255001,45000,PWM-EWR,PWM,EWR,70,14,56,0.2,0.0002745087274,1080,43.64619827,-70.30930328,40.69250107,-74.16870117
labeled_all,255001,45000,RSW-EWR,RSW,EWR,70,19,51,0.2714285714,0.0002745087274,1081,26.53619957,-81.75520325,40.69250107,-74.16870117
labeled_all,255001,45000,SAN-ATL,SAN,ATL,70,6,64,0.08571428571,0.0002745087274,1082,32.73360062,-117.1900024,33.63669968,-84.42810059
labeled_all,255001,45000,SEA-BLI,SEA,BLI,70,6,64,0.08571428571,0.0002745087274,1083,47.44900131,-122.3089981,48.7928009,-122.538002
labeled_all,255001,45000,SFO-PHL,SFO,PHL,70,16,54,0.2285714286,0.0002745087274,1084,37.61899948,-122.375,39.87189865,-75.2410965
labeled_all,255001,45000,TPA-DFW,TPA,DFW,70,10,60,0.1428571429,0.0002745087274,1085,27.97550011,-82.53320312,32.89680099,-97.03800201
labeled_all,255001,45000,TUS-PHX,TUS,PHX,70,10,60,0.1428571429,0.0002745087274,1086,32.11610031,-110.9410019,33.43429947,-112.012001
labeled_all,255001,45000,ATL-AVL,ATL,AVL,69,12,57,0.1739130435,0.0002705871742,1087,33.63669968,-84.42810059,35.43619919,-82.54180145
labeled_all,255001,45000,ATL-ECP,ATL,ECP,69,12,57,0.1739130435,0.0002705871742,1088,33.63669968,-84.42810059,30.3417,-85.7973
labeled_all,255001,45000,BNA-DAL,BNA,DAL,69,15,54,0.2173913043,0.0002705871742,1089,36.12450027,-86.67819977,32.8470993,-96.85179901
labeled_all,255001,45000,BWI-BUF,BWI,BUF,69,11,58,0.1594202899,0.0002705871742,1090,39.17539978,-76.66829681,42.94049835,-78.73220062
labeled_all,255001,45000,CHS-CLT,CHS,CLT,69,2,67,0.02898550725,0.0002705871742,1091,32.89860153,-80.04049683,35.2140007,-80.94309998
labeled_all,255001,45000,CLT-FLL,CLT,FLL,69,15,54,0.2173913043,0.0002705871742,1092,35.2140007,-80.94309998,26.07259941,-80.15270233
labeled_all,255001,45000,CLT-PIT,CLT,PIT,69,10,59,0.1449275362,0.0002705871742,1093,35.2140007,-80.94309998,40.49150085,-80.23290253
labeled_all,255001,45000,DCA-CMH,DCA,CMH,69,9,60,0.1304347826,0.0002705871742,1094,38.85210037,-77.03769684,39.9980011,-82.89189911
labeled_all,255001,45000,DCA-TPA,DCA,TPA,69,16,53,0.231884058,0.0002705871742,1095,38.85210037,-77.03769684,27.97550011,-82.53320312
labeled_all,255001,45000,DFW-ELP,DFW,ELP,69,13,56,0.1884057971,0.0002705871742,1096,32.89680099,-97.03800201,31.80719948,-106.3779984
labeled_all,255001,45000,DTW-STL,DTW,STL,69,16,53,0.231884058,0.0002705871742,1097,42.21239853,-83.35340118,38.74869919,-90.37000275
labeled_all,255001,45000,IAD-EWR,IAD,EWR,69,23,46,0.3333333333,0.0002705871742,1098,38.94449997,-77.45580292,40.69250107,-74.16870117
labeled_all,255001,45000,IAH-BRO,IAH,BRO,69,7,62,0.1014492754,0.0002705871742,1099,29.9843998,-95.34140015,25.90679932,-97.42590332
labeled_all,255001,45000,IAH-SHV,IAH,SHV,69,4,65,0.05797101449,0.0002705871742,1100,29.9843998,-95.34140015,32.44660187,-93.82559967
labeled_all,255001,45000,LAS-MCI,LAS,MCI,69,8,61,0.115942029,0.0002705871742,1101,36.08010101,-115.1520004,39.29759979,-94.71389771
labeled_all,255001,45000,LAX-MIA,LAX,MIA,69,15,54,0.2173913043,0.0002705871742,1102,33.94250107,-118.4079971,25.79319954,-80.29060364
labeled_all,255001,45000,ORD-CAK,ORD,CAK,69,16,53,0.231884058,0.0002705871742,1103,41.97859955,-87.90480042,40.91609955,-81.44219971
labeled_all,255001,45000,PHX-PHL,PHX,PHL,69,15,54,0.2173913043,0.0002705871742,1104,33.43429947,-112.012001,39.87189865,-75.2410965
labeled_all,255001,45000,PHX-SAT,PHX,SAT,69,13,56,0.1884057971,0.0002705871742,1105,33.43429947,-112.012001,29.53370094,-98.46980286
labeled_all,255001,45000,SDF-CLT,SDF,CLT,69,5,64,0.07246376812,0.0002705871742,1106,38.17440033,-85.73600006,35.2140007,-80.94309998
labeled_all,255001,45000,SFO-SMF,SFO,SMF,69,14,55,0.2028985507,0.0002705871742,1107,37.61899948,-122.375,38.69540024,-121.5910034
labeled_all,255001,45000,SNA-IAH,SNA,IAH,69,4,65,0.05797101449,0.0002705871742,1108,33.67570114,-117.8679962,29.9843998,-95.34140015
labeled_all,255001,45000,STL-LAX,STL,LAX,69,17,52,0.2463768116,0.0002705871742,1109,38.74869919,-90.37000275,33.94250107,-118.4079971
labeled_all,255001,45000,TPA-RDU,TPA,RDU,69,11,58,0.1594202899,0.0002705871742,1110,27.97550011,-82.53320312,35.87760162,-78.78749847
labeled_all,255001,45000,AUS-EWR,AUS,EWR,68,21,47,0.3088235294,0.0002666656209,1111,30.19449997,-97.66989899,40.69250107,-74.16870117
labeled_all,255001,45000,AUS-JFK,AUS,JFK,68,8,60,0.1176470588,0.0002666656209,1112,30.19449997,-97.66989899,40.63980103,-73.77890015
labeled_all,255001,45000,BOS-SEA,BOS,SEA,68,11,57,0.1617647059,0.0002666656209,1113,42.36429977,-71.00520325,47.44900131,-122.3089981
labeled_all,255001,45000,CLT-LAX,CLT,LAX,68,18,50,0.2647058824,0.0002666656209,1114,35.2140007,-80.94309998,33.94250107,-118.4079971
labeled_all,255001,45000,CMH-MDW,CMH,MDW,68,13,55,0.1911764706,0.0002666656209,1115,39.9980011,-82.89189911,41.7859993,-87.75240326
labeled_all,255001,45000,DAL-LBB,DAL,LBB,68,11,57,0.1617647059,0.0002666656209,1116,32.8470993,-96.85179901,33.66360092,-101.822998
labeled_all,255001,45000,DAL-SAN,DAL,SAN,68,13,55,0.1911764706,0.0002666656209,1117,32.8470993,-96.85179901,32.73360062,-117.1900024
labeled_all,255001,45000,DEN-DCA,DEN,DCA,68,21,47,0.3088235294,0.0002666656209,1118,39.86169815,-104.6729965,38.85210037,-77.03769684
labeled_all,255001,45000,DFW-AMA,DFW,AMA,68,9,59,0.1323529412,0.0002666656209,1119,32.89680099,-97.03800201,35.2193985,-101.7060013
labeled_all,255001,45000,DFW-LIT,DFW,LIT,68,9,59,0.1323529412,0.0002666656209,1120,32.89680099,-97.03800201,34.72940063,-92.22429657
labeled_all,255001,45000,DFW-SNA,DFW,SNA,68,12,56,0.1764705882,0.0002666656209,1121,32.89680099,-97.03800201,33.67570114,-117.8679962
labeled_all,255001,45000,IAD-CMH,IAD,CMH,68,12,56,0.1764705882,0.0002666656209,1122,38.94449997,-77.45580292,39.9980011,-82.89189911
labeled_all,255001,45000,IAD-MCO,IAD,MCO,68,9,59,0.1323529412,0.0002666656209,1123,38.94449997,-77.45580292,28.42939949,-81.30899811
labeled_all,255001,45000,IAH-BNA,IAH,BNA,68,9,59,0.1323529412,0.0002666656209,1124,29.9843998,-95.34140015,36.12450027,-86.67819977
labeled_all,255001,45000,IAH-CRP,IAH,CRP,68,10,58,0.1470588235,0.0002666656209,1125,29.9843998,-95.34140015,27.77039909,-97.50119781
labeled_all,255001,45000,IAH-STL,IAH,STL,68,9,59,0.1323529412,0.0002666656209,1126,29.9843998,-95.34140015,38.74869919,-90.37000275
labeled_all,255001,45000,JAN-ATL,JAN,ATL,68,4,64,0.05882352941,0.0002666656209,1127,32.31119919,-90.07589722,33.63669968,-84.42810059
labeled_all,255001,45000,JFK-SAN,JFK,SAN,68,13,55,0.1911764706,0.0002666656209,1128,40.63980103,-73.77890015,32.73360062,-117.1900024
labeled_all,255001,45000,LIT-ATL,LIT,ATL,68,4,64,0.05882352941,0.0002666656209,1129,34.72940063,-92.22429657,33.63669968,-84.42810059
labeled_all,255001,45000,MDW-EWR,MDW,EWR,68,23,45,0.3382352941,0.0002666656209,1130,41.7859993,-87.75240326,40.69250107,-74.16870117
labeled_all,255001,45000,ORD-CWA,ORD,CWA,68,8,60,0.1176470588,0.0002666656209,1131,41.97859955,-87.90480042,44.77759933,-89.66680145
labeled_all,255001,45000,ORD-LIT,ORD,LIT,68,14,54,0.2058823529,0.0002666656209,1132,41.97859955,-87.90480042,34.72940063,-92.22429657
labeled_all,255001,45000,PHX-EWR,PHX,EWR,68,20,48,0.2941176471,0.0002666656209,1133,33.43429947,-112.012001,40.69250107,-74.16870117
labeled_all,255001,45000,RDU-FLL,RDU,FLL,68,14,54,0.2058823529,0.0002666656209,1134,35.87760162,-78.78749847,26.07259941,-80.15270233
labeled_all,255001,45000,SFO-MSP,SFO,MSP,68,13,55,0.1911764706,0.0002666656209,1135,37.61899948,-122.375,44.88199997,-93.22180176
labeled_all,255001,45000,SMF-SFO,SMF,SFO,68,15,53,0.2205882353,0.0002666656209,1136,38.69540024,-121.5910034,37.61899948,-122.375
labeled_all,255001,45000,TLH-ATL,TLH,ATL,68,11,57,0.1617647059,0.0002666656209,1137,30.39649963,-84.35030365,33.63669968,-84.42810059
labeled_all,255001,45000,TUL-ORD,TUL,ORD,68,11,57,0.1617647059,0.0002666656209,1138,36.19839859,-95.88809967,41.97859955,-87.90480042
labeled_all,255001,45000,ABQ-DAL,ABQ,DAL,67,10,57,0.1492537313,0.0002627440677,1139,35.04019928,-106.6090012,32.8470993,-96.85179901
labeled_all,255001,45000,ATL-ORF,ATL,ORF,67,9,58,0.1343283582,0.0002627440677,1140,33.63669968,-84.42810059,36.89459991,-76.20120239
labeled_all,255001,45000,BNA-DFW,BNA,DFW,67,15,52,0.223880597,0.0002627440677,1141,36.12450027,-86.67819977,32.89680099,-97.03800201
labeled_all,255001,45000,BOI-SFO,BOI,SFO,67,17,50,0.2537313433,0.0002627440677,1142,43.56439972,-116.2229996,37.61899948,-122.375
labeled_all,255001,45000,CLE-MDW,CLE,MDW,67,8,59,0.1194029851,0.0002627440677,1143,41.4117012,-81.84980011,41.7859993,-87.75240326
labeled_all,255001,45000,CLT-AVL,CLT,AVL,67,9,58,0.1343283582,0.0002627440677,1144,35.2140007,-80.94309998,35.43619919,-82.54180145
labeled_all,255001,45000,CLT-CHA,CLT,CHA,67,14,53,0.2089552239,0.0002627440677,1145,35.2140007,-80.94309998,35.03530121,-85.20379639
labeled_all,255001,45000,CLT-JAX,CLT,JAX,67,6,61,0.08955223881,0.0002627440677,1146,35.2140007,-80.94309998,30.49410057,-81.68789673
labeled_all,255001,45000,CMH-EWR,CMH,EWR,67,18,49,0.2686567164,0.0002627440677,1147,39.9980011,-82.89189911,40.69250107,-74.16870117
labeled_all,255001,45000,CVG-MDW,CVG,MDW,67,11,56,0.1641791045,0.0002627440677,1148,39.04880142,-84.6678009,41.7859993,-87.75240326
labeled_all,255001,45000,DEN-ELP,DEN,ELP,67,13,54,0.1940298507,0.0002627440677,1149,39.86169815,-104.6729965,31.80719948,-106.3779984
labeled_all,255001,45000,DFW-ABQ,DFW,ABQ,67,15,52,0.223880597,0.0002627440677,1150,32.89680099,-97.03800201,35.04019928,-106.6090012
labeled_all,255001,45000,DFW-TUS,DFW,TUS,67,16,51,0.2388059701,0.0002627440677,1151,32.89680099,-97.03800201,32.11610031,-110.9410019
labeled_all,255001,45000,ELP-IAH,ELP,IAH,67,6,61,0.08955223881,0.0002627440677,1152,31.80719948,-106.3779984,29.9843998,-95.34140015
labeled_all,255001,45000,EWR-SEA,EWR,SEA,67,11,56,0.1641791045,0.0002627440677,1153,40.69250107,-74.16870117,47.44900131,-122.3089981
labeled_all,255001,45000,GNV-ATL,GNV,ATL,67,8,59,0.1194029851,0.0002627440677,1154,29.69009972,-82.27179718,33.63669968,-84.42810059
labeled_all,255001,45000,LAS-BOS,LAS,BOS,67,12,55,0.1791044776,0.0002627440677,1155,36.08010101,-115.1520004,42.36429977,-71.00520325
labeled_all,255001,45000,LBB-DAL,LBB,DAL,67,7,60,0.1044776119,0.0002627440677,1156,33.66360092,-101.822998,32.8470993,-96.85179901
labeled_all,255001,45000,LGB-SMF,LGB,SMF,67,9,58,0.1343283582,0.0002627440677,1157,33.81769943,-118.1520004,38.69540024,-121.5910034
labeled_all,255001,45000,MIA-PHL,MIA,PHL,67,17,50,0.2537313433,0.0002627440677,1158,25.79319954,-80.29060364,39.87189865,-75.2410965
labeled_all,255001,45000,MSP-FAR,MSP,FAR,67,7,60,0.1044776119,0.0002627440677,1159,44.88199997,-93.22180176,46.92070007,-96.81580353
labeled_all,255001,45000,OKC-ORD,OKC,ORD,67,12,55,0.1791044776,0.0002627440677,1160,35.39310074,-97.60070038,41.97859955,-87.90480042
labeled_all,255001,45000,PHX-DTW,PHX,DTW,67,14,53,0.2089552239,0.0002627440677,1161,33.43429947,-112.012001,42.21239853,-83.35340118
labeled_all,255001,45000,RSW-DTW,RSW,DTW,67,8,59,0.1194029851,0.0002627440677,1162,26.53619957,-81.75520325,42.21239853,-83.35340118
labeled_all,255001,45000,SGF-DFW,SGF,DFW,67,15,52,0.223880597,0.0002627440677,1163,37.24570084,-93.38860321,32.89680099,-97.03800201
labeled_all,255001,45000,SJC-ONT,SJC,ONT,67,8,59,0.1194029851,0.0002627440677,1164,37.36259842,-121.9290009,34.05599976,-117.6009979
labeled_all,255001,45000,ATL-BTR,ATL,BTR,66,8,58,0.1212121212,0.0002588225144,1165,33.63669968,-84.42810059,30.53319931,-91.14959717
labeled_all,255001,45000,ATL-SLC,ATL,SLC,66,14,52,0.2121212121,0.0002588225144,1166,33.63669968,-84.42810059,40.78839874,-111.9779968
labeled_all,255001,45000,BUR-DEN,BUR,DEN,66,9,57,0.1363636364,0.0002588225144,1167,34.20069885,-118.3590012,39.86169815,-104.6729965
labeled_all,255001,45000,BWI-CVG,BWI,CVG,66,9,57,0.1363636364,0.0002588225144,1168,39.17539978,-76.66829681,39.04880142,-84.6678009
labeled_all,255001,45000,DCA-JAX,DCA,JAX,66,7,59,0.1060606061,0.0002588225144,1169,38.85210037,-77.03769684,30.49410057,-81.68789673
labeled_all,255001,45000,DFW-MSY,DFW,MSY,66,17,49,0.2575757576,0.0002588225144,1170,32.89680099,-97.03800201,29.99340057,-90.25800323
labeled_all,255001,45000,DTW-GRR,DTW,GRR,66,8,58,0.1212121212,0.0002588225144,1171,42.21239853,-83.35340118,42.88079834,-85.52279663
labeled_all,255001,45000,FLL-BNA,FLL,BNA,66,12,54,0.1818181818,0.0002588225144,1172,26.07259941,-80.15270233,36.12450027,-86.67819977
labeled_all,255001,45000,FWA-ORD,FWA,ORD,66,7,59,0.1060606061,0.0002588225144,1173,40.97850037,-85.19509888,41.97859955,-87.90480042
labeled_all,255001,45000,JFK-ROC,JFK,ROC,66,11,55,0.1666666667,0.0002588225144,1174,40.63980103,-73.77890015,43.1189003,-77.67240143
labeled_all,255001,45000,LAX-LIH,LAX,LIH,66,7,59,0.1060606061,0.0002588225144,1175,33.94250107,-118.4079971,21.97599983,-159.3390045
labeled_all,255001,45000,MCI-LAX,MCI,LAX,66,7,59,0.1060606061,0.0002588225144,1176,39.29759979,-94.71389771,33.94250107,-118.4079971
labeled_all,255001,45000,MCO-IND,MCO,IND,66,15,51,0.2272727273,0.0002588225144,1177,28.42939949,-81.30899811,39.71730041,-86.29440308
labeled_all,255001,45000,MDW-CMH,MDW,CMH,66,16,50,0.2424242424,0.0002588225144,1178,41.7859993,-87.75240326,39.9980011,-82.89189911
labeled_all,255001,45000,MDW-LAX,MDW,LAX,66,23,43,0.3484848485,0.0002588225144,1179,41.7859993,-87.75240326,33.94250107,-118.4079971
labeled_all,255001,45000,MFE-DFW,MFE,DFW,66,8,58,0.1212121212,0.0002588225144,1180,26.17580032,-98.23860168,32.89680099,-97.03800201
labeled_all,255001,45000,MSP-CLT,MSP,CLT,66,8,58,0.1212121212,0.0002588225144,1181,44.88199997,-93.22180176,35.2140007,-80.94309998
labeled_all,255001,45000,MSY-DCA,MSY,DCA,66,14,52,0.2121212121,0.0002588225144,1182,29.99340057,-90.25800323,38.85210037,-77.03769684
labeled_all,255001,45000,ORF-EWR,ORF,EWR,66,28,38,0.4242424242,0.0002588225144,1183,36.89459991,-76.20120239,40.69250107,-74.16870117
labeled_all,255001,45000,PHL-BNA,PHL,BNA,66,7,59,0.1060606061,0.0002588225144,1184,39.87189865,-75.2410965,36.12450027,-86.67819977
labeled_all,255001,45000,PHL-MSP,PHL,MSP,66,11,55,0.1666666667,0.0002588225144,1185,39.87189865,-75.2410965,44.88199997,-93.22180176
labeled_all,255001,45000,PHL-RDU,PHL,RDU,66,11,55,0.1666666667,0.0002588225144,1186,39.87189865,-75.2410965,35.87760162,-78.78749847
labeled_all,255001,45000,SAT-LAS,SAT,LAS,66,7,59,0.1060606061,0.0002588225144,1187,29.53370094,-98.46980286,36.08010101,-115.1520004
labeled_all,255001,45000,SEA-DTW,SEA,DTW,66,8,58,0.1212121212,0.0002588225144,1188,47.44900131,-122.3089981,42.21239853,-83.35340118
labeled_all,255001,45000,SFO-BOI,SFO,BOI,66,13,53,0.196969697,0.0002588225144,1189,37.61899948,-122.375,43.56439972,-116.2229996
labeled_all,255001,45000,BOS-IAH,BOS,IAH,65,14,51,0.2153846154,0.0002549009612,1190,42.36429977,-71.00520325,29.9843998,-95.34140015
labeled_all,255001,45000,BWI-MSP,BWI,MSP,65,8,57,0.1230769231,0.0002549009612,1191,39.17539978,-76.66829681,44.88199997,-93.22180176
labeled_all,255001,45000,CLT-MYR,CLT,MYR,65,10,55,0.1538461538,0.0002549009612,1192,35.2140007,-80.94309998,33.67969894,-78.92829895
labeled_all,255001,45000,CLT-SAV,CLT,SAV,65,10,55,0.1538461538,0.0002549009612,1193,35.2140007,-80.94309998,32.12760162,-81.20210266
labeled_all,255001,45000,CRP-DFW,CRP,DFW,65,11,54,0.1692307692,0.0002549009612,1194,27.77039909,-97.50119781,32.89680099,-97.03800201
labeled_all,255001,45000,DEN-OAK,DEN,OAK,65,10,55,0.1538461538,0.0002549009612,1195,39.86169815,-104.6729965,37.72129822,-122.2210007
labeled_all,255001,45000,EWR-CHS,EWR,CHS,65,9,56,0.1384615385,0.0002549009612,1196,40.69250107,-74.16870117,32.89860153,-80.04049683
labeled_all,255001,45000,FLL-LAX,FLL,LAX,65,12,53,0.1846153846,0.0002549009612,1197,26.07259941,-80.15270233,33.94250107,-118.4079971
labeled_all,255001,45000,FLL-MDW,FLL,MDW,65,12,53,0.1846153846,0.0002549009612,1198,26.07259941,-80.15270233,41.7859993,-87.75240326
labeled_all,255001,45000,GEG-DEN,GEG,DEN,65,8,57,0.1230769231,0.0002549009612,1199,47.61989975,-117.5339966,39.86169815,-104.6729965
labeled_all,255001,45000,IAD-ORF,IAD,ORF,65,8,57,0.1230769231,0.0002549009612,1200,38.94449997,-77.45580292,36.89459991,-76.20120239
labeled_all,255001,45000,IAH-CLE,IAH,CLE,65,8,57,0.1230769231,0.0002549009612,1201,29.9843998,-95.34140015,41.4117012,-81.84980011
labeled_all,255001,45000,IAH-MCI,IAH,MCI,65,10,55,0.1538461538,0.0002549009612,1202,29.9843998,-95.34140015,39.29759979,-94.71389771
labeled_all,255001,45000,IND-IAD,IND,IAD,65,12,53,0.1846153846,0.0002549009612,1203,39.71730041,-86.29440308,38.94449997,-77.45580292
labeled_all,255001,45000,JFK-PBI,JFK,PBI,65,12,53,0.1846153846,0.0002549009612,1204,40.63980103,-73.77890015,26.68320084,-80.09559631
labeled_all,255001,45000,LFT-IAH,LFT,IAH,65,8,57,0.1230769231,0.0002549009612,1205,30.20529938,-91.98760223,29.9843998,-95.34140015
labeled_all,255001,45000,LGA-MDW,LGA,MDW,65,19,46,0.2923076923,0.0002549009612,1206,40.77719879,-73.87259674,41.7859993,-87.75240326
labeled_all,255001,45000,LGA-MKE,LGA,MKE,65,17,48,0.2615384615,0.0002549009612,1207,40.77719879,-73.87259674,42.94720078,-87.89659882
labeled_all,255001,45000,MCI-DFW,MCI,DFW,65,14,51,0.2153846154,0.0002549009612,1208,39.29759979,-94.71389771,32.89680099,-97.03800201
labeled_all,255001,45000,MCO-STL,MCO,STL,65,13,52,0.2,0.0002549009612,1209,28.42939949,-81.30899811,38.74869919,-90.37000275
labeled_all,255001,45000,MEM-DFW,MEM,DFW,65,19,46,0.2923076923,0.0002549009612,1210,35.04240036,-89.97669983,32.89680099,-97.03800201
labeled_all,255001,45000,MRY-LAX,MRY,LAX,65,9,56,0.1384615385,0.0002549009612,1211,36.5870018,-121.8430023,33.94250107,-118.4079971
labeled_all,255001,45000,MSP-OMA,MSP,OMA,65,10,55,0.1538461538,0.0002549009612,1212,44.88199997,-93.22180176,41.30319977,-95.89409637
labeled_all,255001,45000,ORD-MLI,ORD,MLI,65,21,44,0.3230769231,0.0002549009612,1213,41.97859955,-87.90480042,41.44850159,-90.50749969
labeled_all,255001,45000,PHL-STL,PHL,STL,65,7,58,0.1076923077,0.0002549009612,1214,39.87189865,-75.2410965,38.74869919,-90.37000275
labeled_all,255001,45000,SAV-JFK,SAV,JFK,65,8,57,0.1230769231,0.0002549009612,1215,32.12760162,-81.20210266,40.63980103,-73.77890015
labeled_all,255001,45000,SLC-BOI,SLC,BOI,65,5,60,0.07692307692,0.0002549009612,1216,40.78839874,-111.9779968,43.56439972,-116.2229996
labeled_all,255001,45000,STL-DFW,STL,DFW,65,15,50,0.2307692308,0.0002549009612,1217,38.74869919,-90.37000275,32.89680099,-97.03800201
labeled_all,255001,45000,TPA-DCA,TPA,DCA,65,11,54,0.1692307692,0.0002549009612,1218,27.97550011,-82.53320312,38.85210037,-77.03769684
labeled_all,255001,45000,ALB-EWR,ALB,EWR,64,13,51,0.203125,0.0002509794079,1219,42.74829864,-73.80169678,40.69250107,-74.16870117
labeled_all,255001,45000,AUS-SAN,AUS,SAN,64,10,54,0.15625,0.0002509794079,1220,30.19449997,-97.66989899,32.73360062,-117.1900024
labeled_all,255001,45000,BNA-IAH,BNA,IAH,64,11,53,0.171875,0.0002509794079,1221,36.12450027,-86.67819977,29.9843998,-95.34140015
labeled_all,255001,45000,BWI-MHT,BWI,MHT,64,7,57,0.109375,0.0002509794079,1222,39.17539978,-76.66829681,42.93259811,-71.43569946
labeled_all,255001,45000,CLT-OAJ,CLT,OAJ,64,12,52,0.1875,0.0002509794079,1223,35.2140007,-80.94309998,34.82920074,-77.61209869
labeled_all,255001,45000,COS-ORD,COS,ORD,64,17,47,0.265625,0.0002509794079,1224,38.80580139,-104.7009964,41.97859955,-87.90480042
labeled_all,255001,45000,CRP-HOU,CRP,HOU,64,12,52,0.1875,0.0002509794079,1225,27.77039909,-97.50119781,29.64539909,-95.27890015
labeled_all,255001,45000,DFW-BNA,DFW,BNA,64,17,47,0.265625,0.0002509794079,1226,32.89680099,-97.03800201,36.12450027,-86.67819977
labeled_all,255001,45000,DTW-CMH,DTW,CMH,64,9,55,0.140625,0.0002509794079,1227,42.21239853,-83.35340118,39.9980011,-82.89189911
labeled_all,255001,45000,DTW-TPA,DTW,TPA,64,15,49,0.234375,0.0002509794079,1228,42.21239853,-83.35340118,27.97550011,-82.53320312
labeled_all,255001,45000,EWR-AUS,EWR,AUS,64,9,55,0.140625,0.0002509794079,1229,40.69250107,-74.16870117,30.19449997,-97.66989899
labeled_all,255001,45000,EWR-PWM,EWR,PWM,64,21,43,0.328125,0.0002509794079,1230,40.69250107,-74.16870117,43.64619827,-70.30930328
labeled_all,255001,45000,HOU-MCO,HOU,MCO,64,22,42,0.34375,0.0002509794079,1231,29.64539909,-95.27890015,28.42939949,-81.30899811
labeled_all,255001,45000,IND-IAH,IND,IAH,64,18,46,0.28125,0.0002509794079,1232,39.71730041,-86.29440308,29.9843998,-95.34140015
labeled_all,255001,45000,LAX-CLT,LAX,CLT,64,11,53,0.171875,0.0002509794079,1233,33.94250107,-118.4079971,35.2140007,-80.94309998
labeled_all,255001,45000,LAX-DTW,LAX,DTW,64,5,59,0.078125,0.0002509794079,1234,33.94250107,-118.4079971,42.21239853,-83.35340118
labeled_all,255001,45000,LIT-ORD,LIT,ORD,64,10,54,0.15625,0.0002509794079,1235,34.72940063,-92.22429657,41.97859955,-87.90480042
labeled_all,255001,45000,MAF-DFW,MAF,DFW,64,19,45,0.296875,0.0002509794079,1236,31.94249916,-102.2020035,32.89680099,-97.03800201
labeled_all,255001,45000,MCO-MKE,MCO,MKE,64,11,53,0.171875,0.0002509794079,1237,28.42939949,-81.30899811,42.94720078,-87.89659882
labeled_all,255001,45000,MCO-MSY,MCO,MSY,64,14,50,0.21875,0.0002509794079,1238,28.42939949,-81.30899811,29.99340057,-90.25800323
labeled_all,255001,45000,MIA-LAX,MIA,LAX,64,14,50,0.21875,0.0002509794079,1239,25.79319954,-80.29060364,33.94250107,-118.4079971
labeled_all,255001,45000,ORD-OKC,ORD,OKC,64,13,51,0.203125,0.0002509794079,1240,41.97859955,-87.90480042,35.39310074,-97.60070038
labeled_all,255001,45000,ORF-IAD,ORF,IAD,64,4,60,0.0625,0.0002509794079,1241,36.89459991,-76.20120239,38.94449997,-77.45580292
labeled_all,255001,45000,PHL-PHX,PHL,PHX,64,17,47,0.265625,0.0002509794079,1242,39.87189865,-75.2410965,33.43429947,-112.012001
labeled_all,255001,45000,PIT-MDW,PIT,MDW,64,8,56,0.125,0.0002509794079,1243,40.49150085,-80.23290253,41.7859993,-87.75240326
labeled_all,255001,45000,RAP-DEN,RAP,DEN,64,20,44,0.3125,0.0002509794079,1244,44.04529953,-103.0569992,39.86169815,-104.6729965
labeled_all,255001,45000,SAN-JFK,SAN,JFK,64,13,51,0.203125,0.0002509794079,1245,32.73360062,-117.1900024,40.63980103,-73.77890015
labeled_all,255001,45000,SEA-EUG,SEA,EUG,64,9,55,0.140625,0.0002509794079,1246,47.44900131,-122.3089981,44.12459946,-123.211998
labeled_all,255001,45000,SHV-ATL,SHV,ATL,64,8,56,0.125,0.0002509794079,1247,32.44660187,-93.82559967,33.63669968,-84.42810059
labeled_all,255001,45000,TPA-MDW,TPA,MDW,64,16,48,0.25,0.0002509794079,1248,27.97550011,-82.53320312,41.7859993,-87.75240326
labeled_all,255001,45000,ATL-BDL,ATL,BDL,63,12,51,0.1904761905,0.0002470578547,1249,33.63669968,-84.42810059,41.93889999,-72.68319702
labeled_all,255001,45000,ATL-MGM,ATL,MGM,63,10,53,0.1587301587,0.0002470578547,1250,33.63669968,-84.42810059,32.30059814,-86.39399719
labeled_all,255001,45000,ATL-XNA,ATL,XNA,63,9,54,0.1428571429,0.0002470578547,1251,33.63669968,-84.42810059,36.2818985,-94.30680084
labeled_all,255001,45000,BHM-CLT,BHM,CLT,63,10,53,0.1587301587,0.0002470578547,1252,33.56290054,-86.75350189,35.2140007,-80.94309998
labeled_all,255001,45000,BNA-MSP,BNA,MSP,63,10,53,0.1587301587,0.0002470578547,1253,36.12450027,-86.67819977,44.88199997,-93.22180176
labeled_all,255001,45000,BWI-MSY,BWI,MSY,63,15,48,0.2380952381,0.0002470578547,1254,39.17539978,-76.66829681,29.99340057,-90.25800323
labeled_all,255001,45000,CAK-ORD,CAK,ORD,63,11,52,0.1746031746,0.0002470578547,1255,40.91609955,-81.44219971,41.97859955,-87.90480042
labeled_all,255001,45000,CVG-BWI,CVG,BWI,63,6,57,0.09523809524,0.0002470578547,1256,39.04880142,-84.6678009,39.17539978,-76.66829681
labeled_all,255001,45000,CVG-DFW,CVG,DFW,63,10,53,0.1587301587,0.0002470578547,1257,39.04880142,-84.6678009,32.89680099,-97.03800201
labeled_all,255001,45000,DEN-BUR,DEN,BUR,63,10,53,0.1587301587,0.0002470578547,1258,39.86169815,-104.6729965,34.20069885,-118.3590012
labeled_all,255001,45000,DEN-CLE,DEN,CLE,63,8,55,0.126984127,0.0002470578547,1259,39.86169815,-104.6729965,41.4117012,-81.84980011
labeled_all,255001,45000,DFW-MCI,DFW,MCI,63,9,54,0.1428571429,0.0002470578547,1260,32.89680099,-97.03800201,39.29759979,-94.71389771
labeled_all,255001,45000,GSO-ORD,GSO,ORD,63,10,53,0.1587301587,0.0002470578547,1261,36.09780121,-79.93730164,41.97859955,-87.90480042
labeled_all,255001,45000,JAX-EWR,JAX,EWR,63,22,41,0.3492063492,0.0002470578547,1262,30.49410057,-81.68789673,40.69250107,-74.16870117
labeled_all,255001,45000,KOA-LAX,KOA,LAX,63,9,54,0.1428571429,0.0002470578547,1263,19.73880005,-156.0460052,33.94250107,-118.4079971
labeled_all,255001,45000,LAS-STL,LAS,STL,63,9,54,0.1428571429,0.0002470578547,1264,36.08010101,-115.1520004,38.74869919,-90.37000275
labeled_all,255001,45000,MKE-MSP,MKE,MSP,63,10,53,0.1587301587,0.0002470578547,1265,42.94720078,-87.89659882,44.88199997,-93.22180176
labeled_all,255001,45000,ORD-IAD,ORD,IAD,63,10,53,0.1587301587,0.0002470578547,1266,41.97859955,-87.90480042,38.94449997,-77.45580292
labeled_all,255001,45000,ORD-SAT,ORD,SAT,63,15,48,0.2380952381,0.0002470578547,1267,41.97859955,-87.90480042,29.53370094,-98.46980286
labeled_all,255001,45000,ORD-SBN,ORD,SBN,63,16,47,0.253968254,0.0002470578547,1268,41.97859955,-87.90480042,41.70869827,-86.31729889
labeled_all,255001,45000,PBI-JFK,PBI,JFK,63,17,46,0.2698412698,0.0002470578547,1269,26.68320084,-80.09559631,40.63980103,-73.77890015
labeled_all,255001,45000,PVD-EWR,PVD,EWR,63,22,41,0.3492063492,0.0002470578547,1270,41.73260117,-71.42040253,40.69250107,-74.16870117
labeled_all,255001,45000,RDU-DEN,RDU,DEN,63,13,50,0.2063492063,0.0002470578547,1271,35.87760162,-78.78749847,39.86169815,-104.6729965
labeled_all,255001,45000,TPA-IAH,TPA,IAH,63,17,46,0.2698412698,0.0002470578547,1272,27.97550011,-82.53320312,29.9843998,-95.34140015
labeled_all,255001,45000,ATL-SHV,ATL,SHV,62,7,55,0.1129032258,0.0002431363014,1273,33.63669968,-84.42810059,32.44660187,-93.82559967
labeled_all,255001,45000,AUS-MCO,AUS,MCO,62,14,48,0.2258064516,0.0002431363014,1274,30.19449997,-97.66989899,28.42939949,-81.30899811
labeled_all,255001,45000,BIS-DEN,BIS,DEN,62,14,48,0.2258064516,0.0002431363014,1275,46.77270126,-100.7460022,39.86169815,-104.6729965
labeled_all,255001,45000,BOI-SLC,BOI,SLC,62,6,56,0.09677419355,0.0002431363014,1276,43.56439972,-116.2229996,40.78839874,-111.9779968
labeled_all,255001,45000,CHS-DCA,CHS,DCA,62,13,49,0.2096774194,0.0002431363014,1277,32.89860153,-80.04049683,38.85210037,-77.03769684
labeled_all,255001,45000,CLT-CAE,CLT,CAE,62,10,52,0.1612903226,0.0002431363014,1278,35.2140007,-80.94309998,33.93880081,-81.11949921
labeled_all,255001,45000,CLT-PHX,CLT,PHX,62,9,53,0.1451612903,0.0002431363014,1279,35.2140007,-80.94309998,33.43429947,-112.012001
labeled_all,255001,45000,CVG-IAH,CVG,IAH,62,8,54,0.1290322581,0.0002431363014,1280,39.04880142,-84.6678009,29.9843998,-95.34140015
labeled_all,255001,45000,DEN-RDU,DEN,RDU,62,10,52,0.1612903226,0.0002431363014,1281,39.86169815,-104.6729965,35.87760162,-78.78749847
labeled_all,255001,45000,DEN-RNO,DEN,RNO,62,12,50,0.1935483871,0.0002431363014,1282,39.86169815,-104.6729965,39.49909973,-119.7679977
labeled_all,255001,45000,DFW-BHM,DFW,BHM,62,11,51,0.1774193548,0.0002431363014,1283,32.89680099,-97.03800201,33.56290054,-86.75350189
labeled_all,255001,45000,DFW-GRK,DFW,GRK,62,11,51,0.1774193548,0.0002431363014,1284,32.89680099,-97.03800201,31.06719971,-97.8289032
labeled_all,255001,45000,ELP-DEN,ELP,DEN,62,11,51,0.1774193548,0.0002431363014,1285,31.80719948,-106.3779984,39.86169815,-104.6729965
labeled_all,255001,45000,GSO-LGA,GSO,LGA,62,17,45,0.2741935484,0.0002431363014,1286,36.09780121,-79.93730164,40.77719879,-73.87259674
labeled_all,255001,45000,HOU-LAS,HOU,LAS,62,15,47,0.2419354839,0.0002431363014,1287,29.64539909,-95.27890015,36.08010101,-115.1520004
labeled_all,255001,45000,IAH-BOS,IAH,BOS,62,13,49,0.2096774194,0.0002431363014,1288,29.9843998,-95.34140015,42.36429977,-71.00520325
labeled_all,255001,45000,IAH-ELP,IAH,ELP,62,14,48,0.2258064516,0.0002431363014,1289,29.9843998,-95.34140015,31.80719948,-106.3779984
labeled_all,255001,45000,IAH-SNA,IAH,SNA,62,13,49,0.2096774194,0.0002431363014,1290,29.9843998,-95.34140015,33.67570114,-117.8679962
labeled_all,255001,45000,IND-PHL,IND,PHL,62,6,56,0.09677419355,0.0002431363014,1291,39.71730041,-86.29440308,39.87189865,-75.2410965
labeled_all,255001,45000,MFR-PDX,MFR,PDX,62,6,56,0.09677419355,0.0002431363014,1292,42.37419891,-122.8730011,45.58869934,-122.5979996
labeled_all,255001,45000,MSP-BIS,MSP,BIS,62,11,51,0.1774193548,0.0002431363014,1293,44.88199997,-93.22180176,46.77270126,-100.7460022
labeled_all,255001,45000,MSP-BNA,MSP,BNA,62,9,53,0.1451612903,0.0002431363014,1294,44.88199997,-93.22180176,36.12450027,-86.67819977
labeled_all,255001,45000,ONT-SJC,ONT,SJC,62,8,54,0.1290322581,0.0002431363014,1295,34.05599976,-117.6009979,37.36259842,-121.9290009
labeled_all,255001,45000,ORD-FNT,ORD,FNT,62,10,52,0.1612903226,0.0002431363014,1296,41.97859955,-87.90480042,42.9654007,-83.74359894
labeled_all,255001,45000,PHL-IND,PHL,IND,62,4,58,0.06451612903,0.0002431363014,1297,39.87189865,-75.2410965,39.71730041,-86.29440308
labeled_all,255001,45000,SAN-MDW,SAN,MDW,62,8,54,0.1290322581,0.0002431363014,1298,32.73360062,-117.1900024,41.7859993,-87.75240326
labeled_all,255001,45000,SBP-LAX,SBP,LAX,62,13,49,0.2096774194,0.0002431363014,1299,35.23680115,-120.6419983,33.94250107,-118.4079971
labeled_all,255001,45000,SFO-RDM,SFO,RDM,62,10,52,0.1612903226,0.0002431363014,1300,37.61899948,-122.375,44.2541008,-121.1500015
labeled_all,255001,45000,STL-LAS,STL,LAS,62,14,48,0.2258064516,0.0002431363014,1301,38.74869919,-90.37000275,36.08010101,-115.1520004
labeled_all,255001,45000,ATL-AGS,ATL,AGS,61,10,51,0.1639344262,0.0002392147482,1302,33.63669968,-84.42810059,33.36989975,-81.96450043
labeled_all,255001,45000,ATL-SRQ,ATL,SRQ,61,5,56,0.08196721311,0.0002392147482,1303,33.63669968,-84.42810059,27.39539909,-82.55439758
labeled_all,255001,45000,AZO-ORD,AZO,ORD,61,9,52,0.1475409836,0.0002392147482,1304,42.23490143,-85.55210114,41.97859955,-87.90480042
labeled_all,255001,45000,BDL-ATL,BDL,ATL,61,5,56,0.08196721311,0.0002392147482,1305,41.93889999,-72.68319702,33.63669968,-84.42810059
labeled_all,255001,45000,BWI-PBI,BWI,PBI,61,19,42,0.3114754098,0.0002392147482,1306,39.17539978,-76.66829681,26.68320084,-80.09559631
labeled_all,255001,45000,BWI-RSW,BWI,RSW,61,12,49,0.1967213115,0.0002392147482,1307,39.17539978,-76.66829681,26.53619957,-81.75520325
labeled_all,255001,45000,CLT-LYH,CLT,LYH,61,5,56,0.08196721311,0.0002392147482,1308,35.2140007,-80.94309998,37.3266983,-79.20040131
labeled_all,255001,45000,CLT-ORF,CLT,ORF,61,12,49,0.1967213115,0.0002392147482,1309,35.2140007,-80.94309998,36.89459991,-76.20120239
labeled_all,255001,45000,CVG-LGA,CVG,LGA,61,12,49,0.1967213115,0.0002392147482,1310,39.04880142,-84.6678009,40.77719879,-73.87259674
labeled_all,255001,45000,DEN-ONT,DEN,ONT,61,13,48,0.2131147541,0.0002392147482,1311,39.86169815,-104.6729965,34.05599976,-117.6009979
labeled_all,255001,45000,DFW-IAD,DFW,IAD,61,14,47,0.2295081967,0.0002392147482,1312,32.89680099,-97.03800201,38.94449997,-77.45580292
labeled_all,255001,45000,DFW-JAN,DFW,JAN,61,12,49,0.1967213115,0.0002392147482,1313,32.89680099,-97.03800201,32.31119919,-90.07589722
labeled_all,255001,45000,DFW-MFE,DFW,MFE,61,11,50,0.1803278689,0.0002392147482,1314,32.89680099,-97.03800201,26.17580032,-98.23860168
labeled_all,255001,45000,DFW-SGF,DFW,SGF,61,13,48,0.2131147541,0.0002392147482,1315,32.89680099,-97.03800201,37.24570084,-93.38860321
labeled_all,255001,45000,DFW-STL,DFW,STL,61,11,50,0.1803278689,0.0002392147482,1316,32.89680099,-97.03800201,38.74869919,-90.37000275
labeled_all,255001,45000,DTW-IND,DTW,IND,61,10,51,0.1639344262,0.0002392147482,1317,42.21239853,-83.35340118,39.71730041,-86.29440308
labeled_all,255001,45000,HRL-HOU,HRL,HOU,61,9,52,0.1475409836,0.0002392147482,1318,26.22850037,-97.65440369,29.64539909,-95.27890015
labeled_all,255001,45000,IAD-IAH,IAD,IAH,61,10,51,0.1639344262,0.0002392147482,1319,38.94449997,-77.45580292,29.9843998,-95.34140015
labeled_all,255001,45000,JAN-IAH,JAN,IAH,61,6,55,0.09836065574,0.0002392147482,1320,32.31119919,-90.07589722,29.9843998,-95.34140015
labeled_all,255001,45000,LAS-IND,LAS,IND,61,21,40,0.3442622951,0.0002392147482,1321,36.08010101,-115.1520004,39.71730041,-86.29440308
labeled_all,255001,45000,LAS-ONT,LAS,ONT,61,8,53,0.131147541,0.0002392147482,1322,36.08010101,-115.1520004,34.05599976,-117.6009979
labeled_all,255001,45000,LAX-HOU,LAX,HOU,61,11,50,0.1803278689,0.0002392147482,1323,33.94250107,-118.4079971,29.64539909,-95.27890015
labeled_all,255001,45000,LGA-GSO,LGA,GSO,61,13,48,0.2131147541,0.0002392147482,1324,40.77719879,-73.87259674,36.09780121,-79.93730164
labeled_all,255001,45000,MDW-DAL,MDW,DAL,61,19,42,0.3114754098,0.0002392147482,1325,41.7859993,-87.75240326,32.8470993,-96.85179901
labeled_all,255001,45000,MSP-IAD,MSP,IAD,61,10,51,0.1639344262,0.0002392147482,1326,44.88199997,-93.22180176,38.94449997,-77.45580292
labeled_all,255001,45000,MSY-JFK,MSY,JFK,61,11,50,0.1803278689,0.0002392147482,1327,29.99340057,-90.25800323,40.63980103,-73.77890015
labeled_all,255001,45000,OKC-ATL,OKC,ATL,61,4,57,0.06557377049,0.0002392147482,1328,35.39310074,-97.60070038,33.63669968,-84.42810059
labeled_all,255001,45000,ORD-ORF,ORD,ORF,61,14,47,0.2295081967,0.0002392147482,1329,41.97859955,-87.90480042,36.89459991,-76.20120239
labeled_all,255001,45000,PHX-HOU,PHX,HOU,61,10,51,0.1639344262,0.0002392147482,1330,33.43429947,-112.012001,29.64539909,-95.27890015
labeled_all,255001,45000,PIT-IAD,PIT,IAD,61,7,54,0.1147540984,0.0002392147482,1331,40.49150085,-80.23290253,38.94449997,-77.45580292
labeled_all,255001,45000,RIC-CLT,RIC,CLT,61,8,53,0.131147541,0.0002392147482,1332,37.50519943,-77.31970215,35.2140007,-80.94309998
labeled_all,255001,45000,RST-ORD,RST,ORD,61,14,47,0.2295081967,0.0002392147482,1333,43.90829849,-92.5,41.97859955,-87.90480042
labeled_all,255001,45000,SJU-MIA,SJU,MIA,61,11,50,0.1803278689,0.0002392147482,1334,18.43939972,-66.00180054,25.79319954,-80.29060364
labeled_all,255001,45000,TUS-DFW,TUS,DFW,61,4,57,0.06557377049,0.0002392147482,1335,32.11610031,-110.9410019,32.89680099,-97.03800201
labeled_all,255001,45000,XNA-IAH,XNA,IAH,61,6,55,0.09836065574,0.0002392147482,1336,36.2818985,-94.30680084,29.9843998,-95.34140015
labeled_all,255001,45000,ABQ-LAS,ABQ,LAS,60,8,52,0.1333333333,0.0002352931949,1337,35.04019928,-106.6090012,36.08010101,-115.1520004
labeled_all,255001,45000,ALB-BWI,ALB,BWI,60,7,53,0.1166666667,0.0002352931949,1338,42.74829864,-73.80169678,39.17539978,-76.66829681
labeled_all,255001,45000,AMA-DFW,AMA,DFW,60,6,54,0.1,0.0002352931949,1339,35.2193985,-101.7060013,32.89680099,-97.03800201
labeled_all,255001,45000,ATL-LIT,ATL,LIT,60,2,58,0.03333333333,0.0002352931949,1340,33.63669968,-84.42810059,34.72940063,-92.22429657
labeled_all,255001,45000,BHM-IAH,BHM,IAH,60,11,49,0.1833333333,0.0002352931949,1341,33.56290054,-86.75350189,29.9843998,-95.34140015
labeled_all,255001,45000,BOS-MDW,BOS,MDW,60,10,50,0.1666666667,0.0002352931949,1342,42.36429977,-71.00520325,41.7859993,-87.75240326
labeled_all,255001,45000,BTV-EWR,BTV,EWR,60,24,36,0.4,0.0002352931949,1343,44.47190094,-73.15329742,40.69250107,-74.16870117
labeled_all,255001,45000,BWI-LAX,BWI,LAX,60,15,45,0.25,0.0002352931949,1344,39.17539978,-76.66829681,33.94250107,-118.4079971
labeled_all,255001,45000,CLE-IAD,CLE,IAD,60,8,52,0.1333333333,0.0002352931949,1345,41.4117012,-81.84980011,38.94449997,-77.45580292
labeled_all,255001,45000,CLT-ROA,CLT,ROA,60,11,49,0.1833333333,0.0002352931949,1346,35.2140007,-80.94309998,37.32550049,-79.97540283
labeled_all,255001,45000,CLT-STL,CLT,STL,60,10,50,0.1666666667,0.0002352931949,1347,35.2140007,-80.94309998,38.74869919,-90.37000275
labeled_all,255001,45000,DAL-MCO,DAL,MCO,60,14,46,0.2333333333,0.0002352931949,1348,32.8470993,-96.85179901,28.42939949,-81.30899811
labeled_all,255001,45000,DCA-IND,DCA,IND,60,16,44,0.2666666667,0.0002352931949,1349,38.85210037,-77.03769684,39.71730041,-86.29440308
labeled_all,255001,45000,DEN-FAR,DEN,FAR,60,11,49,0.1833333333,0.0002352931949,1350,39.86169815,-104.6729965,46.92070007,-96.81580353
labeled_all,255001,45000,DEN-FLL,DEN,FLL,60,14,46,0.2333333333,0.0002352931949,1351,39.86169815,-104.6729965,26.07259941,-80.15270233
labeled_all,255001,45000,DEN-GEG,DEN,GEG,60,14,46,0.2333333333,0.0002352931949,1352,39.86169815,-104.6729965,47.61989975,-117.5339966
labeled_all,255001,45000,DLH-MSP,DLH,MSP,60,6,54,0.1,0.0002352931949,1353,46.84209824,-92.19360352,44.88199997,-93.22180176
labeled_all,255001,45000,DTW-RSW,DTW,RSW,60,8,52,0.1333333333,0.0002352931949,1354,42.21239853,-83.35340118,26.53619957,-81.75520325
labeled_all,255001,45000,ELP-DAL,ELP,DAL,60,6,54,0.1,0.0002352931949,1355,31.80719948,-106.3779984,32.8470993,-96.85179901
labeled_all,255001,45000,EVV-ORD,EVV,ORD,60,6,54,0.1,0.0002352931949,1356,38.03699875,-87.53240204,41.97859955,-87.90480042
labeled_all,255001,45000,FSD-DEN,FSD,DEN,60,11,49,0.1833333333,0.0002352931949,1357,43.58200073,-96.74189758,39.86169815,-104.6729965
labeled_all,255001,45000,GJT-DEN,GJT,DEN,60,9,51,0.15,0.0002352931949,1358,39.12239838,-108.5270004,39.86169815,-104.6729965
labeled_all,255001,45000,ISP-MCO,ISP,MCO,60,13,47,0.2166666667,0.0002352931949,1359,40.79520035,-73.10019684,28.42939949,-81.30899811
labeled_all,255001,45000,JFK-DCA,JFK,DCA,60,10,50,0.1666666667,0.0002352931949,1360,40.63980103,-73.77890015,38.85210037,-77.03769684
labeled_all,255001,45000,MCI-LAS,MCI,LAS,60,8,52,0.1333333333,0.0002352931949,1361,39.29759979,-94.71389771,36.08010101,-115.1520004
labeled_all,255001,45000,MCI-PHX,MCI,PHX,60,10,50,0.1666666667,0.0002352931949,1362,39.29759979,-94.71389771,33.43429947,-112.012001
labeled_all,255001,45000,MSY-ORD,MSY,ORD,60,14,46,0.2333333333,0.0002352931949,1363,29.99340057,-90.25800323,41.97859955,-87.90480042
labeled_all,255001,45000,ORD-EVV,ORD,EVV,60,16,44,0.2666666667,0.0002352931949,1364,41.97859955,-87.90480042,38.03699875,-87.53240204
labeled_all,255001,45000,PNS-IAH,PNS,IAH,60,13,47,0.2166666667,0.0002352931949,1365,30.47340012,-87.18659973,29.9843998,-95.34140015
labeled_all,255001,45000,ANC-JNU,ANC,JNU,59,4,55,0.06779661017,0.0002313716417,1366,61.17440033,-149.9960022,58.35499954,-134.576004
labeled_all,255001,45000,ATL-SAN,ATL,SAN,59,8,51,0.1355932203,0.0002313716417,1367,33.63669968,-84.42810059,32.73360062,-117.1900024
labeled_all,255001,45000,AVL-CLT,AVL,CLT,59,9,50,0.1525423729,0.0002313716417,1368,35.43619919,-82.54180145,35.2140007,-80.94309998
labeled_all,255001,45000,BIL-DEN,BIL,DEN,59,11,48,0.186440678,0.0002313716417,1369,45.80770111,-108.5429993,39.86169815,-104.6729965
labeled_all,255001,45000,BNA-FLL,BNA,FLL,59,14,45,0.2372881356,0.0002313716417,1370,36.12450027,-86.67819977,26.07259941,-80.15270233
labeled_all,255001,45000,BOS-JAX,BOS,JAX,59,17,42,0.2881355932,0.0002313716417,1371,42.36429977,-71.00520325,30.49410057,-81.68789673
labeled_all,255001,45000,BTR-ATL,BTR,ATL,59,7,52,0.1186440678,0.0002313716417,1372,30.53319931,-91.14959717,33.63669968,-84.42810059
labeled_all,255001,45000,BWI-CMH,BWI,CMH,59,9,50,0.1525423729,0.0002313716417,1373,39.17539978,-76.66829681,39.9980011,-82.89189911
labeled_all,255001,45000,BWI-SAN,BWI,SAN,59,10,49,0.1694915254,0.0002313716417,1374,39.17539978,-76.66829681,32.73360062,-117.1900024
labeled_all,255001,45000,CLE-IAH,CLE,IAH,59,12,47,0.2033898305,0.0002313716417,1375,41.4117012,-81.84980011,29.9843998,-95.34140015
labeled_all,255001,45000,CLT-TYS,CLT,TYS,59,13,46,0.2203389831,0.0002313716417,1376,35.2140007,-80.94309998,35.81100082,-83.9940033
labeled_all,255001,45000,CMH-MCO,CMH,MCO,59,9,50,0.1525423729,0.0002313716417,1377,39.9980011,-82.89189911,28.42939949,-81.30899811
labeled_all,255001,45000,DAL-ELP,DAL,ELP,59,17,42,0.2881355932,0.0002313716417,1378,32.8470993,-96.85179901,31.80719948,-106.3779984
labeled_all,255001,45000,DEN-DSM,DEN,DSM,59,7,52,0.1186440678,0.0002313716417,1379,39.86169815,-104.6729965,41.5340004,-93.6631012
labeled_all,255001,45000,DEN-GJT,DEN,GJT,59,12,47,0.2033898305,0.0002313716417,1380,39.86169815,-104.6729965,39.12239838,-108.5270004
labeled_all,255001,45000,ELM-DTW,ELM,DTW,59,6,53,0.1016949153,0.0002313716417,1381,42.15990067,-76.89160156,42.21239853,-83.35340118
labeled_all,255001,45000,HOU-LAX,HOU,LAX,59,22,37,0.3728813559,0.0002313716417,1382,29.64539909,-95.27890015,33.94250107,-118.4079971
labeled_all,255001,45000,HOU-PHX,HOU,PHX,59,15,44,0.2542372881,0.0002313716417,1383,29.64539909,-95.27890015,33.43429947,-112.012001
labeled_all,255001,45000,IAD-PIT,IAD,PIT,59,11,48,0.186440678,0.0002313716417,1384,38.94449997,-77.45580292,40.49150085,-80.23290253
labeled_all,255001,45000,IAH-ABQ,IAH,ABQ,59,8,51,0.1355932203,0.0002313716417,1385,29.9843998,-95.34140015,35.04019928,-106.6090012
labeled_all,255001,45000,IAH-PIT,IAH,PIT,59,8,51,0.1355932203,0.0002313716417,1386,29.9843998,-95.34140015,40.49150085,-80.23290253
labeled_all,255001,45000,IND-LAS,IND,LAS,59,10,49,0.1694915254,0.0002313716417,1387,39.71730041,-86.29440308,36.08010101,-115.1520004
labeled_all,255001,45000,JFK-BTV,JFK,BTV,59,9,50,0.1525423729,0.0002313716417,1388,40.63980103,-73.77890015,44.47190094,-73.15329742
labeled_all,255001,45000,LAX-MRY,LAX,MRY,59,11,48,0.186440678,0.0002313716417,1389,33.94250107,-118.4079971,36.5870018,-121.8430023
labeled_all,255001,45000,MCI-DCA,MCI,DCA,59,7,52,0.1186440678,0.0002313716417,1390,39.29759979,-94.71389771,38.85210037,-77.03769684
labeled_all,255001,45000,MDT-IAD,MDT,IAD,59,6,53,0.1016949153,0.0002313716417,1391,40.19350052,-76.76339722,38.94449997,-77.45580292
labeled_all,255001,45000,MDW-MSY,MDW,MSY,59,14,45,0.2372881356,0.0002313716417,1392,41.7859993,-87.75240326,29.99340057,-90.25800323
labeled_all,255001,45000,MFR-SEA,MFR,SEA,59,7,52,0.1186440678,0.0002313716417,1393,42.37419891,-122.8730011,47.44900131,-122.3089981
labeled_all,255001,45000,MSY-FLL,MSY,FLL,59,14,45,0.2372881356,0.0002313716417,1394,29.99340057,-90.25800323,26.07259941,-80.15270233
labeled_all,255001,45000,OGG-SEA,OGG,SEA,59,11,48,0.186440678,0.0002313716417,1395,20.89859962,-156.4299927,47.44900131,-122.3089981
labeled_all,255001,45000,ORD-FAR,ORD,FAR,59,17,42,0.2881355932,0.0002313716417,1396,41.97859955,-87.90480042,46.92070007,-96.81580353
labeled_all,255001,45000,ORF-LGA,ORF,LGA,59,11,48,0.186440678,0.0002313716417,1397,36.89459991,-76.20120239,40.77719879,-73.87259674
labeled_all,255001,45000,PHX-TUS,PHX,TUS,59,7,52,0.1186440678,0.0002313716417,1398,33.43429947,-112.012001,32.11610031,-110.9410019
labeled_all,255001,45000,SBN-ORD,SBN,ORD,59,15,44,0.2542372881,0.0002313716417,1399,41.70869827,-86.31729889,41.97859955,-87.90480042
labeled_all,255001,45000,SMF-SLC,SMF,SLC,59,8,51,0.1355932203,0.0002313716417,1400,38.69540024,-121.5910034,40.78839874,-111.9779968
labeled_all,255001,45000,TYS-CLT,TYS,CLT,59,18,41,0.3050847458,0.0002313716417,1401,35.81100082,-83.9940033,35.2140007,-80.94309998
labeled_all,255001,45000,CHA-CLT,CHA,CLT,58,12,46,0.2068965517,0.0002274500884,1402,35.03530121,-85.20379639,35.2140007,-80.94309998
labeled_all,255001,45000,CHS-ORD,CHS,ORD,58,9,49,0.1551724138,0.0002274500884,1403,32.89860153,-80.04049683,41.97859955,-87.90480042
labeled_all,255001,45000,CLT-CLE,CLT,CLE,58,10,48,0.1724137931,0.0002274500884,1404,35.2140007,-80.94309998,41.4117012,-81.84980011
labeled_all,255001,45000,DCA-CHS,DCA,CHS,58,8,50,0.1379310345,0.0002274500884,1405,38.85210037,-77.03769684,32.89860153,-80.04049683
labeled_all,255001,45000,DFW-CRP,DFW,CRP,58,10,48,0.1724137931,0.0002274500884,1406,32.89680099,-97.03800201,27.77039909,-97.50119781
labeled_all,255001,45000,EWR-MDW,EWR,MDW,58,14,44,0.2413793103,0.0002274500884,1407,40.69250107,-74.16870117,41.7859993,-87.75240326
labeled_all,255001,45000,FAR-DEN,FAR,DEN,58,7,51,0.1206896552,0.0002274500884,1408,46.92070007,-96.81580353,39.86169815,-104.6729965
labeled_all,255001,45000,FLL-LAS,FLL,LAS,58,21,37,0.3620689655,0.0002274500884,1409,26.07259941,-80.15270233,36.08010101,-115.1520004
labeled_all,255001,45000,FLL-RDU,FLL,RDU,58,15,43,0.2586206897,0.0002274500884,1410,26.07259941,-80.15270233,35.87760162,-78.78749847
labeled_all,255001,45000,FSD-MSP,FSD,MSP,58,10,48,0.1724137931,0.0002274500884,1411,43.58200073,-96.74189758,44.88199997,-93.22180176
labeled_all,255001,45000,IAD-BDL,IAD,BDL,58,5,53,0.08620689655,0.0002274500884,1412,38.94449997,-77.45580292,41.93889999,-72.68319702
labeled_all,255001,45000,IAD-RIC,IAD,RIC,58,7,51,0.1206896552,0.0002274500884,1413,38.94449997,-77.45580292,37.50519943,-77.31970215
labeled_all,255001,45000,IAH-PNS,IAH,PNS,58,8,50,0.1379310345,0.0002274500884,1414,29.9843998,-95.34140015,30.47340012,-87.18659973
labeled_all,255001,45000,JFK-MSY,JFK,MSY,58,14,44,0.2413793103,0.0002274500884,1415,40.63980103,-73.77890015,29.99340057,-90.25800323
labeled_all,255001,45000,LAX-KOA,LAX,KOA,58,7,51,0.1206896552,0.0002274500884,1416,33.94250107,-118.4079971,19.73880005,-156.0460052
labeled_all,255001,45000,LGA-MCI,LGA,MCI,58,8,50,0.1379310345,0.0002274500884,1417,40.77719879,-73.87259674,39.29759979,-94.71389771
labeled_all,255001,45000,MDW-CVG,MDW,CVG,58,12,46,0.2068965517,0.0002274500884,1418,41.7859993,-87.75240326,39.04880142,-84.6678009
labeled_all,255001,45000,MGM-ATL,MGM,ATL,58,13,45,0.224137931,0.0002274500884,1419,32.30059814,-86.39399719,33.63669968,-84.42810059
labeled_all,255001,45000,MOB-IAH,MOB,IAH,58,11,47,0.1896551724,0.0002274500884,1420,30.69120026,-88.24279785,29.9843998,-95.34140015
labeled_all,255001,45000,MSP-PDX,MSP,PDX,58,6,52,0.1034482759,0.0002274500884,1421,44.88199997,-93.22180176,45.58869934,-122.5979996
labeled_all,255001,45000,ORD-GSO,ORD,GSO,58,10,48,0.1724137931,0.0002274500884,1422,41.97859955,-87.90480042,36.09780121,-79.93730164
labeled_all,255001,45000,PHL-CVG,PHL,CVG,58,15,43,0.2586206897,0.0002274500884,1423,39.87189865,-75.2410965,39.04880142,-84.6678009
labeled_all,255001,45000,PIT-DEN,PIT,DEN,58,7,51,0.1206896552,0.0002274500884,1424,40.49150085,-80.23290253,39.86169815,-104.6729965
labeled_all,255001,45000,RDU-IAH,RDU,IAH,58,9,49,0.1551724138,0.0002274500884,1425,35.87760162,-78.78749847,29.9843998,-95.34140015
labeled_all,255001,45000,SEA-KTN,SEA,KTN,58,7,51,0.1206896552,0.0002274500884,1426,47.44900131,-122.3089981,55.35559845,-131.7140045
labeled_all,255001,45000,AUS-SJC,AUS,SJC,57,5,52,0.08771929825,0.0002235285352,1427,30.19449997,-97.66989899,37.36259842,-121.9290009
labeled_all,255001,45000,BDL-IAD,BDL,IAD,57,2,55,0.0350877193,0.0002235285352,1428,41.93889999,-72.68319702,38.94449997,-77.45580292
labeled_all,255001,45000,BTV-JFK,BTV,JFK,57,15,42,0.2631578947,0.0002235285352,1429,44.47190094,-73.15329742,40.63980103,-73.77890015
labeled_all,255001,45000,CMH-DTW,CMH,DTW,57,7,50,0.1228070175,0.0002235285352,1430,39.9980011,-82.89189911,42.21239853,-83.35340118
labeled_all,255001,45000,CMI-ORD,CMI,ORD,57,13,44,0.2280701754,0.0002235285352,1431,40.03919983,-88.27809906,41.97859955,-87.90480042
labeled_all,255001,45000,DEN-MSO,DEN,MSO,57,13,44,0.2280701754,0.0002235285352,1432,39.86169815,-104.6729965,46.91630173,-114.0910034
labeled_all,255001,45000,DFW-CVG,DFW,CVG,57,8,49,0.1403508772,0.0002235285352,1433,32.89680099,-97.03800201,39.04880142,-84.6678009
labeled_all,255001,45000,ECP-ATL,ECP,ATL,57,8,49,0.1403508772,0.0002235285352,1434,30.3417,-85.7973,33.63669968,-84.42810059
labeled_all,255001,45000,EWR-ALB,EWR,ALB,57,16,41,0.2807017544,0.0002235285352,1435,40.69250107,-74.16870117,42.74829864,-73.80169678
labeled_all,255001,45000,HOU-BWI,HOU,BWI,57,13,44,0.2280701754,0.0002235285352,1436,29.64539909,-95.27890015,39.17539978,-76.66829681
labeled_all,255001,45000,IAD-CLE,IAD,CLE,57,7,50,0.1228070175,0.0002235285352,1437,38.94449997,-77.45580292,41.4117012,-81.84980011
labeled_all,255001,45000,IAH-BHM,IAH,BHM,57,9,48,0.1578947368,0.0002235285352,1438,29.9843998,-95.34140015,33.56290054,-86.75350189
labeled_all,255001,45000,IAH-ICT,IAH,ICT,57,6,51,0.1052631579,0.0002235285352,1439,29.9843998,-95.34140015,37.64989853,-97.43309784
labeled_all,255001,45000,ISP-BWI,ISP,BWI,57,6,51,0.1052631579,0.0002235285352,1440,40.79520035,-73.10019684,39.17539978,-76.66829681
labeled_all,255001,45000,LAS-OMA,LAS,OMA,57,8,49,0.1403508772,0.0002235285352,1441,36.08010101,-115.1520004,41.30319977,-95.89409637
labeled_all,255001,45000,LBB-DFW,LBB,DFW,57,10,47,0.1754385965,0.0002235285352,1442,33.66360092,-101.822998,32.89680099,-97.03800201
labeled_all,255001,45000,LIT-DEN,LIT,DEN,57,10,47,0.1754385965,0.0002235285352,1443,34.72940063,-92.22429657,39.86169815,-104.6729965
labeled_all,255001,45000,MDT-CLT,MDT,CLT,57,9,48,0.1578947368,0.0002235285352,1444,40.19350052,-76.76339722,35.2140007,-80.94309998
labeled_all,255001,45000,MDW-OMA,MDW,OMA,57,11,46,0.1929824561,0.0002235285352,1445,41.7859993,-87.75240326,41.30319977,-95.89409637
labeled_all,255001,45000,MKK-HNL,MKK,HNL,57,12,45,0.2105263158,0.0002235285352,1446,21.1529007,-157.095993,21.31870079,-157.9219971
labeled_all,255001,45000,MOB-ATL,MOB,ATL,57,11,46,0.1929824561,0.0002235285352,1447,30.69120026,-88.24279785,33.63669968,-84.42810059
labeled_all,255001,45000,MSP-BWI,MSP,BWI,57,10,47,0.1754385965,0.0002235285352,1448,44.88199997,-93.22180176,39.17539978,-76.66829681
labeled_all,255001,45000,MSP-MSN,MSP,MSN,57,8,49,0.1403508772,0.0002235285352,1449,44.88199997,-93.22180176,43.13990021,-89.33750153
labeled_all,255001,45000,MSY-DTW,MSY,DTW,57,5,52,0.08771929825,0.0002235285352,1450,29.99340057,-90.25800323,42.21239853,-83.35340118
labeled_all,255001,45000,RDU-IAD,RDU,IAD,57,9,48,0.1578947368,0.0002235285352,1451,35.87760162,-78.78749847,38.94449997,-77.45580292
labeled_all,255001,45000,SDF-DFW,SDF,DFW,57,13,44,0.2280701754,0.0002235285352,1452,38.17440033,-85.73600006,32.89680099,-97.03800201
labeled_all,255001,45000,SJC-SLC,SJC,SLC,57,5,52,0.08771929825,0.0002235285352,1453,37.36259842,-121.9290009,40.78839874,-111.9779968
labeled_all,255001,45000,SNA-DFW,SNA,DFW,57,6,51,0.1052631579,0.0002235285352,1454,33.67570114,-117.8679962,32.89680099,-97.03800201
labeled_all,255001,45000,ATL-GNV,ATL,GNV,56,13,43,0.2321428571,0.0002196069819,1455,33.63669968,-84.42810059,29.69009972,-82.27179718
labeled_all,255001,45000,ATL-HPN,ATL,HPN,56,8,48,0.1428571429,0.0002196069819,1456,33.63669968,-84.42810059,41.06700134,-73.70760345
labeled_all,255001,45000,ATL-TRI,ATL,TRI,56,1,55,0.01785714286,0.0002196069819,1457,33.63669968,-84.42810059,36.47520065,-82.40740204
labeled_all,255001,45000,AVL-ATL,AVL,ATL,56,6,50,0.1071428571,0.0002196069819,1458,35.43619919,-82.54180145,33.63669968,-84.42810059
labeled_all,255001,45000,BDL-DCA,BDL,DCA,56,11,45,0.1964285714,0.0002196069819,1459,41.93889999,-72.68319702,38.85210037,-77.03769684
labeled_all,255001,45000,BHM-DFW,BHM,DFW,56,9,47,0.1607142857,0.0002196069819,1460,33.56290054,-86.75350189,32.89680099,-97.03800201
labeled_all,255001,45000,BIS-MSP,BIS,MSP,56,6,50,0.1071428571,0.0002196069819,1461,46.77270126,-100.7460022,44.88199997,-93.22180176
labeled_all,255001,45000,BTR-DFW,BTR,DFW,56,14,42,0.25,0.0002196069819,1462,30.53319931,-91.14959717,32.89680099,-97.03800201
labeled_all,255001,45000,CLT-AUS,CLT,AUS,56,12,44,0.2142857143,0.0002196069819,1463,35.2140007,-80.94309998,30.19449997,-97.66989899
labeled_all,255001,45000,CLT-MKE,CLT,MKE,56,10,46,0.1785714286,0.0002196069819,1464,35.2140007,-80.94309998,42.94720078,-87.89659882
labeled_all,255001,45000,CLT-PVD,CLT,PVD,56,6,50,0.1071428571,0.0002196069819,1465,35.2140007,-80.94309998,41.73260117,-71.42040253
labeled_all,255001,45000,DAL-BNA,DAL,BNA,56,12,44,0.2142857143,0.0002196069819,1466,32.8470993,-96.85179901,36.12450027,-86.67819977
labeled_all,255001,45000,DAL-MAF,DAL,MAF,56,16,40,0.2857142857,0.0002196069819,1467,32.8470993,-96.85179901,31.94249916,-102.2020035
labeled_all,255001,45000,DEN-CVG,DEN,CVG,56,13,43,0.2321428571,0.0002196069819,1468,39.86169815,-104.6729965,39.04880142,-84.6678009
labeled_all,255001,45000,DEN-PIT,DEN,PIT,56,9,47,0.1607142857,0.0002196069819,1469,39.86169815,-104.6729965,40.49150085,-80.23290253
labeled_all,255001,45000,DFW-MEM,DFW,MEM,56,11,45,0.1964285714,0.0002196069819,1470,32.89680099,-97.03800201,35.04240036,-89.97669983
labeled_all,255001,45000,DFW-RDU,DFW,RDU,56,17,39,0.3035714286,0.0002196069819,1471,32.89680099,-97.03800201,35.87760162,-78.78749847
labeled_all,255001,45000,IAD-MSP,IAD,MSP,56,6,50,0.1071428571,0.0002196069819,1472,38.94449997,-77.45580292,44.88199997,-93.22180176
labeled_all,255001,45000,IAD-SEA,IAD,SEA,56,5,51,0.08928571429,0.0002196069819,1473,38.94449997,-77.45580292,47.44900131,-122.3089981
labeled_all,255001,45000,IAH-IND,IAH,IND,56,7,49,0.125,0.0002196069819,1474,29.9843998,-95.34140015,39.71730041,-86.29440308
labeled_all,255001,45000,ICT-DEN,ICT,DEN,56,13,43,0.2321428571,0.0002196069819,1475,37.64989853,-97.43309784,39.86169815,-104.6729965
labeled_all,255001,45000,JAX-BOS,JAX,BOS,56,12,44,0.2142857143,0.0002196069819,1476,30.49410057,-81.68789673,42.36429977,-71.00520325
labeled_all,255001,45000,LGA-PWM,LGA,PWM,56,14,42,0.25,0.0002196069819,1477,40.77719879,-73.87259674,43.64619827,-70.30930328
labeled_all,255001,45000,MCO-MCI,MCO,MCI,56,8,48,0.1428571429,0.0002196069819,1478,28.42939949,-81.30899811,39.29759979,-94.71389771
labeled_all,255001,45000,MDW-TPA,MDW,TPA,56,12,44,0.2142857143,0.0002196069819,1479,41.7859993,-87.75240326,27.97550011,-82.53320312
labeled_all,255001,45000,MEM-IAH,MEM,IAH,56,3,53,0.05357142857,0.0002196069819,1480,35.04240036,-89.97669983,29.9843998,-95.34140015
labeled_all,255001,45000,MSY-MDW,MSY,MDW,56,13,43,0.2321428571,0.0002196069819,1481,29.99340057,-90.25800323,41.7859993,-87.75240326
labeled_all,255001,45000,ORD-HPN,ORD,HPN,56,14,42,0.25,0.0002196069819,1482,41.97859955,-87.90480042,41.06700134,-73.70760345
labeled_all,255001,45000,ORD-JAX,ORD,JAX,56,9,47,0.1607142857,0.0002196069819,1483,41.97859955,-87.90480042,30.49410057,-81.68789673
labeled_all,255001,45000,ORF-BWI,ORF,BWI,56,5,51,0.08928571429,0.0002196069819,1484,36.89459991,-76.20120239,39.17539978,-76.66829681
labeled_all,255001,45000,ORF-PHL,ORF,PHL,56,4,52,0.07142857143,0.0002196069819,1485,36.89459991,-76.20120239,39.87189865,-75.2410965
labeled_all,255001,45000,PHL-MDW,PHL,MDW,56,13,43,0.2321428571,0.0002196069819,1486,39.87189865,-75.2410965,41.7859993,-87.75240326
labeled_all,255001,45000,PVD-PHL,PVD,PHL,56,9,47,0.1607142857,0.0002196069819,1487,41.73260117,-71.42040253,39.87189865,-75.2410965
labeled_all,255001,45000,SEA-MSO,SEA,MSO,56,9,47,0.1607142857,0.0002196069819,1488,47.44900131,-122.3089981,46.91630173,-114.0910034
labeled_all,255001,45000,SJC-AUS,SJC,AUS,56,12,44,0.2142857143,0.0002196069819,1489,37.36259842,-121.9290009,30.19449997,-97.66989899
labeled_all,255001,45000,STL-MCI,STL,MCI,56,8,48,0.1428571429,0.0002196069819,1490,38.74869919,-90.37000275,39.29759979,-94.71389771
labeled_all,255001,45000,SYR-JFK,SYR,JFK,56,11,45,0.1964285714,0.0002196069819,1491,43.11119843,-76.10630035,40.63980103,-73.77890015
labeled_all,255001,45000,VPS-ATL,VPS,ATL,56,7,49,0.125,0.0002196069819,1492,30.48320007,-86.52539825,33.63669968,-84.42810059
labeled_all,255001,45000,ACV-SFO,ACV,SFO,55,9,46,0.1636363636,0.0002156854287,1493,40.97809982,-124.1090012,37.61899948,-122.375
labeled_all,255001,45000,AMA-DAL,AMA,DAL,55,5,50,0.09090909091,0.0002156854287,1494,35.2193985,-101.7060013,32.8470993,-96.85179901
labeled_all,255001,45000,CLT-BHM,CLT,BHM,55,6,49,0.1090909091,0.0002156854287,1495,35.2140007,-80.94309998,33.56290054,-86.75350189
labeled_all,255001,45000,DAL-TUL,DAL,TUL,55,15,40,0.2727272727,0.0002156854287,1496,32.8470993,-96.85179901,36.19839859,-95.88809967
labeled_all,255001,45000,DCA-DEN,DCA,DEN,55,8,47,0.1454545455,0.0002156854287,1497,38.85210037,-77.03769684,39.86169815,-104.6729965
labeled_all,255001,45000,DEN-FAT,DEN,FAT,55,12,43,0.2181818182,0.0002156854287,1498,39.86169815,-104.6729965,36.77619934,-119.7180023
labeled_all,255001,45000,DFW-LBB,DFW,LBB,55,15,40,0.2727272727,0.0002156854287,1499,32.89680099,-97.03800201,33.66360092,-101.822998
labeled_all,255001,45000,DFW-MAF,DFW,MAF,55,13,42,0.2363636364,0.0002156854287,1500,32.89680099,-97.03800201,31.94249916,-102.2020035
labeled_all,255001,45000,HPN-ATL,HPN,ATL,55,12,43,0.2181818182,0.0002156854287,1501,41.06700134,-73.70760345,33.63669968,-84.42810059
labeled_all,255001,45000,IAD-JFK,IAD,JFK,55,16,39,0.2909090909,0.0002156854287,1502,38.94449997,-77.45580292,40.63980103,-73.77890015
labeled_all,255001,45000,IAD-RDU,IAD,RDU,55,8,47,0.1454545455,0.0002156854287,1503,38.94449997,-77.45580292,35.87760162,-78.78749847
labeled_all,255001,45000,IAH-JAX,IAH,JAX,55,12,43,0.2181818182,0.0002156854287,1504,29.9843998,-95.34140015,30.49410057,-81.68789673
labeled_all,255001,45000,IND-LGA,IND,LGA,55,12,43,0.2181818182,0.0002156854287,1505,39.71730041,-86.29440308,40.77719879,-73.87259674
labeled_all,255001,45000,JFK-CHS,JFK,CHS,55,9,46,0.1636363636,0.0002156854287,1506,40.63980103,-73.77890015,32.89860153,-80.04049683
labeled_all,255001,45000,JFK-DTW,JFK,DTW,55,7,48,0.1272727273,0.0002156854287,1507,40.63980103,-73.77890015,42.21239853,-83.35340118
labeled_all,255001,45000,KTN-SEA,KTN,SEA,55,4,51,0.07272727273,0.0002156854287,1508,55.35559845,-131.7140045,47.44900131,-122.3089981
labeled_all,255001,45000,LNK-ORD,LNK,ORD,55,9,46,0.1636363636,0.0002156854287,1509,40.85100174,-96.75920105,41.97859955,-87.90480042
labeled_all,255001,45000,MCO-DAL,MCO,DAL,55,14,41,0.2545454545,0.0002156854287,1510,28.42939949,-81.30899811,32.8470993,-96.85179901
labeled_all,255001,45000,MDW-CLE,MDW,CLE,55,15,40,0.2727272727,0.0002156854287,1511,41.7859993,-87.75240326,41.4117012,-81.84980011
labeled_all,255001,45000,MIA-SJU,MIA,SJU,55,10,45,0.1818181818,0.0002156854287,1512,25.79319954,-80.29060364,18.43939972,-66.00180054
labeled_all,255001,45000,OAK-DEN,OAK,DEN,55,9,46,0.1636363636,0.0002156854287,1513,37.72129822,-122.2210007,39.86169815,-104.6729965
labeled_all,255001,45000,ORD-RST,ORD,RST,55,7,48,0.1272727273,0.0002156854287,1514,41.97859955,-87.90480042,43.90829849,-92.5
labeled_all,255001,45000,RDU-BNA,RDU,BNA,55,9,46,0.1636363636,0.0002156854287,1515,35.87760162,-78.78749847,36.12450027,-86.67819977
labeled_all,255001,45000,RSW-BWI,RSW,BWI,55,10,45,0.1818181818,0.0002156854287,1516,26.53619957,-81.75520325,39.17539978,-76.66829681
labeled_all,255001,45000,SEA-FAI,SEA,FAI,55,8,47,0.1454545455,0.0002156854287,1517,47.44900131,-122.3089981,64.81510162,-147.8560028
labeled_all,255001,45000,SEA-HNL,SEA,HNL,55,9,46,0.1636363636,0.0002156854287,1518,47.44900131,-122.3089981,21.31870079,-157.9219971
labeled_all,255001,45000,SFO-MFR,SFO,MFR,55,7,48,0.1272727273,0.0002156854287,1519,37.61899948,-122.375,42.37419891,-122.8730011
labeled_all,255001,45000,SHV-IAH,SHV,IAH,55,10,45,0.1818181818,0.0002156854287,1520,32.44660187,-93.82559967,29.9843998,-95.34140015
labeled_all,255001,45000,TPA-IAD,TPA,IAD,55,8,47,0.1454545455,0.0002156854287,1521,27.97550011,-82.53320312,38.94449997,-77.45580292
labeled_all,255001,45000,TPA-MIA,TPA,MIA,55,7,48,0.1272727273,0.0002156854287,1522,27.97550011,-82.53320312,25.79319954,-80.29060364
labeled_all,255001,45000,XNA-DFW,XNA,DFW,55,8,47,0.1454545455,0.0002156854287,1523,36.2818985,-94.30680084,32.89680099,-97.03800201
labeled_all,255001,45000,ATL-JAN,ATL,JAN,54,4,50,0.07407407407,0.0002117638754,1524,33.63669968,-84.42810059,32.31119919,-90.07589722
labeled_all,255001,45000,ATL-OKC,ATL,OKC,54,8,46,0.1481481481,0.0002117638754,1525,33.63669968,-84.42810059,35.39310074,-97.60070038
labeled_all,255001,45000,BLI-SEA,BLI,SEA,54,8,46,0.1481481481,0.0002117638754,1526,48.7928009,-122.538002,47.44900131,-122.3089981
labeled_all,255001,45000,CMH-BWI,CMH,BWI,54,3,51,0.05555555556,0.0002117638754,1527,39.9980011,-82.89189911,39.17539978,-76.66829681
labeled_all,255001,45000,DEN-BIL,DEN,BIL,54,11,43,0.2037037037,0.0002117638754,1528,39.86169815,-104.6729965,45.80770111,-108.5429993
labeled_all,255001,45000,DEN-ICT,DEN,ICT,54,11,43,0.2037037037,0.0002117638754,1529,39.86169815,-104.6729965,37.64989853,-97.43309784
labeled_all,255001,45000,DTW-BUF,DTW,BUF,54,4,50,0.07407407407,0.0002117638754,1530,42.21239853,-83.35340118,42.94049835,-78.73220062
labeled_all,255001,45000,EWR-ROC,EWR,ROC,54,14,40,0.2592592593,0.0002117638754,1531,40.69250107,-74.16870117,43.1189003,-77.67240143
labeled_all,255001,45000,GRK-DFW,GRK,DFW,54,12,42,0.2222222222,0.0002117638754,1532,31.06719971,-97.8289032,32.89680099,-97.03800201
labeled_all,255001,45000,IAH-JAN,IAH,JAN,54,2,52,0.03703703704,0.0002117638754,1533,29.9843998,-95.34140015,32.31119919,-90.07589722
labeled_all,255001,45000,IND-DCA,IND,DCA,54,11,43,0.2037037037,0.0002117638754,1534,39.71730041,-86.29440308,38.85210037,-77.03769684
labeled_all,255001,45000,JFK-CLE,JFK,CLE,54,6,48,0.1111111111,0.0002117638754,1535,40.63980103,-73.77890015,41.4117012,-81.84980011
labeled_all,255001,45000,LAX-SBP,LAX,SBP,54,7,47,0.1296296296,0.0002117638754,1536,33.94250107,-118.4079971,35.23680115,-120.6419983
labeled_all,255001,45000,LAX-STL,LAX,STL,54,10,44,0.1851851852,0.0002117638754,1537,33.94250107,-118.4079971,38.74869919,-90.37000275
labeled_all,255001,45000,MCO-AUS,MCO,AUS,54,11,43,0.2037037037,0.0002117638754,1538,28.42939949,-81.30899811,30.19449997,-97.66989899
labeled_all,255001,45000,MIA-BOS,MIA,BOS,54,9,45,0.1666666667,0.0002117638754,1539,25.79319954,-80.29060364,42.36429977,-71.00520325
labeled_all,255001,45000,MSO-DEN,MSO,DEN,54,7,47,0.1296296296,0.0002117638754,1540,46.91630173,-114.0910034,39.86169815,-104.6729965
labeled_all,255001,45000,ORD-AZO,ORD,AZO,54,9,45,0.1666666667,0.0002117638754,1541,41.97859955,-87.90480042,42.23490143,-85.55210114
labeled_all,255001,45000,RNO-SFO,RNO,SFO,54,8,46,0.1481481481,0.0002117638754,1542,39.49909973,-119.7679977,37.61899948,-122.375
labeled_all,255001,45000,RNO-SLC,RNO,SLC,54,4,50,0.07407407407,0.0002117638754,1543,39.49909973,-119.7679977,40.78839874,-111.9779968
labeled_all,255001,45000,SJU-TPA,SJU,TPA,54,8,46,0.1481481481,0.0002117638754,1544,18.43939972,-66.00180054,27.97550011,-82.53320312
labeled_all,255001,45000,SNA-SLC,SNA,SLC,54,7,47,0.1296296296,0.0002117638754,1545,33.67570114,-117.8679962,40.78839874,-111.9779968
labeled_all,255001,45000,STL-PHX,STL,PHX,54,8,46,0.1481481481,0.0002117638754,1546,38.74869919,-90.37000275,33.43429947,-112.012001
labeled_all,255001,45000,TPA-LGA,TPA,LGA,54,11,43,0.2037037037,0.0002117638754,1547,27.97550011,-82.53320312,40.77719879,-73.87259674
labeled_all,255001,45000,TVC-DTW,TVC,DTW,54,8,46,0.1481481481,0.0002117638754,1548,44.74140167,-85.5821991,42.21239853,-83.35340118
labeled_all,255001,45000,AUS-LAS,AUS,LAS,53,12,41,0.2264150943,0.0002078423222,1549,30.19449997,-97.66989899,36.08010101,-115.1520004
labeled_all,255001,45000,AVP-ORD,AVP,ORD,53,9,44,0.1698113208,0.0002078423222,1550,41.33850098,-75.7233963,41.97859955,-87.90480042
labeled_all,255001,45000,BDL-CLT,BDL,CLT,53,4,49,0.07547169811,0.0002078423222,1551,41.93889999,-72.68319702,35.2140007,-80.94309998
labeled_all,255001,45000,BUR-PDX,BUR,PDX,53,5,48,0.09433962264,0.0002078423222,1552,34.20069885,-118.3590012,45.58869934,-122.5979996
labeled_all,255001,45000,BWI-JAX,BWI,JAX,53,15,38,0.2830188679,0.0002078423222,1553,39.17539978,-76.66829681,30.49410057,-81.68789673
labeled_all,255001,45000,CHS-EWR,CHS,EWR,53,15,38,0.2830188679,0.0002078423222,1554,32.89860153,-80.04049683,40.69250107,-74.16870117
labeled_all,255001,45000,CMH-BOS,CMH,BOS,53,10,43,0.1886792453,0.0002078423222,1555,39.9980011,-82.89189911,42.36429977,-71.00520325
labeled_all,255001,45000,CPR-DEN,CPR,DEN,53,12,41,0.2264150943,0.0002078423222,1556,42.90800095,-106.4639969,39.86169815,-104.6729965
labeled_all,255001,45000,CVG-MSP,CVG,MSP,53,8,45,0.1509433962,0.0002078423222,1557,39.04880142,-84.6678009,44.88199997,-93.22180176
labeled_all,255001,45000,DFW-HOU,DFW,HOU,53,12,41,0.2264150943,0.0002078423222,1558,32.89680099,-97.03800201,29.64539909,-95.27890015
labeled_all,255001,45000,DFW-ONT,DFW,ONT,53,11,42,0.2075471698,0.0002078423222,1559,32.89680099,-97.03800201,34.05599976,-117.6009979
labeled_all,255001,45000,DTW-MKE,DTW,MKE,53,7,46,0.1320754717,0.0002078423222,1560,42.21239853,-83.35340118,42.94720078,-87.89659882
labeled_all,255001,45000,FLL-BDL,FLL,BDL,53,15,38,0.2830188679,0.0002078423222,1561,26.07259941,-80.15270233,41.93889999,-72.68319702
labeled_all,255001,45000,GRR-DTW,GRR,DTW,53,6,47,0.1132075472,0.0002078423222,1562,42.88079834,-85.52279663,42.21239853,-83.35340118
labeled_all,255001,45000,HNL-SEA,HNL,SEA,53,9,44,0.1698113208,0.0002078423222,1563,21.31870079,-157.9219971,47.44900131,-122.3089981
labeled_all,255001,45000,HRL-IAH,HRL,IAH,53,8,45,0.1509433962,0.0002078423222,1564,26.22850037,-97.65440369,29.9843998,-95.34140015
labeled_all,255001,45000,IND-BWI,IND,BWI,53,6,47,0.1132075472,0.0002078423222,1565,39.71730041,-86.29440308,39.17539978,-76.66829681
labeled_all,255001,45000,JFK-SYR,JFK,SYR,53,10,43,0.1886792453,0.0002078423222,1566,40.63980103,-73.77890015,43.11119843,-76.10630035
labeled_all,255001,45000,MDW-SAN,MDW,SAN,53,9,44,0.1698113208,0.0002078423222,1567,41.7859993,-87.75240326,32.73360062,-117.1900024
labeled_all,255001,45000,MKE-DTW,MKE,DTW,53,6,47,0.1132075472,0.0002078423222,1568,42.94720078,-87.89659882,42.21239853,-83.35340118
labeled_all,255001,45000,MKE-MCO,MKE,MCO,53,5,48,0.09433962264,0.0002078423222,1569,42.94720078,-87.89659882,28.42939949,-81.30899811
labeled_all,255001,45000,MSP-CLE,MSP,CLE,53,7,46,0.1320754717,0.0002078423222,1570,44.88199997,-93.22180176,41.4117012,-81.84980011
labeled_all,255001,45000,MSP-GRR,MSP,GRR,53,4,49,0.07547169811,0.0002078423222,1571,44.88199997,-93.22180176,42.88079834,-85.52279663
labeled_all,255001,45000,MSP-SLC,MSP,SLC,53,2,51,0.03773584906,0.0002078423222,1572,44.88199997,-93.22180176,40.78839874,-111.9779968
labeled_all,255001,45000,OKC-HOU,OKC,HOU,53,10,43,0.1886792453,0.0002078423222,1573,35.39310074,-97.60070038,29.64539909,-95.27890015
labeled_all,255001,45000,ORD-COS,ORD,COS,53,17,36,0.320754717,0.0002078423222,1574,41.97859955,-87.90480042,38.80580139,-104.7009964
labeled_all,255001,45000,ORD-LAN,ORD,LAN,53,14,39,0.2641509434,0.0002078423222,1575,41.97859955,-87.90480042,42.77870178,-84.58740234
labeled_all,255001,45000,ORD-SAV,ORD,SAV,53,9,44,0.1698113208,0.0002078423222,1576,41.97859955,-87.90480042,32.12760162,-81.20210266
labeled_all,255001,45000,RNO-SEA,RNO,SEA,53,8,45,0.1509433962,0.0002078423222,1577,39.49909973,-119.7679977,47.44900131,-122.3089981
labeled_all,255001,45000,ROC-EWR,ROC,EWR,53,14,39,0.2641509434,0.0002078423222,1578,43.1189003,-77.67240143,40.69250107,-74.16870117
labeled_all,255001,45000,SEA-IAD,SEA,IAD,53,9,44,0.1698113208,0.0002078423222,1579,47.44900131,-122.3089981,38.94449997,-77.45580292
labeled_all,255001,45000,SFO-DAL,SFO,DAL,53,16,37,0.3018867925,0.0002078423222,1580,37.61899948,-122.375,32.8470993,-96.85179901
labeled_all,255001,45000,SFO-RNO,SFO,RNO,53,7,46,0.1320754717,0.0002078423222,1581,37.61899948,-122.375,39.49909973,-119.7679977
labeled_all,255001,45000,ABQ-IAH,ABQ,IAH,52,10,42,0.1923076923,0.0002039207689,1582,35.04019928,-106.6090012,29.9843998,-95.34140015
labeled_all,255001,45000,ATL-EYW,ATL,EYW,52,7,45,0.1346153846,0.0002039207689,1583,33.63669968,-84.42810059,24.55610085,-81.75959778
labeled_all,255001,45000,BOS-CMH,BOS,CMH,52,12,40,0.2307692308,0.0002039207689,1584,42.36429977,-71.00520325,39.9980011,-82.89189911
labeled_all,255001,45000,BRO-IAH,BRO,IAH,52,3,49,0.05769230769,0.0002039207689,1585,25.90679932,-97.42590332,29.9843998,-95.34140015
labeled_all,255001,45000,BWI-CLE,BWI,CLE,52,12,40,0.2307692308,0.0002039207689,1586,39.17539978,-76.66829681,41.4117012,-81.84980011
labeled_all,255001,45000,BWI-ISP,BWI,ISP,52,7,45,0.1346153846,0.0002039207689,1587,39.17539978,-76.66829681,40.79520035,-73.10019684
labeled_all,255001,45000,CHS-JFK,CHS,JFK,52,10,42,0.1923076923,0.0002039207689,1588,32.89860153,-80.04049683,40.63980103,-73.77890015
labeled_all,255001,45000,CLE-DFW,CLE,DFW,52,8,44,0.1538461538,0.0002039207689,1589,41.4117012,-81.84980011,32.89680099,-97.03800201
labeled_all,255001,45000,CLE-LAS,CLE,LAS,52,9,43,0.1730769231,0.0002039207689,1590,41.4117012,-81.84980011,36.08010101,-115.1520004
labeled_all,255001,45000,CLE-MCO,CLE,MCO,52,5,47,0.09615384615,0.0002039207689,1591,41.4117012,-81.84980011,28.42939949,-81.30899811
labeled_all,255001,45000,DEN-BZN,DEN,BZN,52,11,41,0.2115384615,0.0002039207689,1592,39.86169815,-104.6729965,45.77750015,-111.1529999
labeled_all,255001,45000,DEN-CPR,DEN,CPR,52,8,44,0.1538461538,0.0002039207689,1593,39.86169815,-104.6729965,42.90800095,-106.4639969
labeled_all,255001,45000,DTW-ELM,DTW,ELM,52,7,45,0.1346153846,0.0002039207689,1594,42.21239853,-83.35340118,42.15990067,-76.89160156
labeled_all,255001,45000,ELP-LAX,ELP,LAX,52,15,37,0.2884615385,0.0002039207689,1595,31.80719948,-106.3779984,33.94250107,-118.4079971
labeled_all,255001,45000,EWR-BTV,EWR,BTV,52,15,37,0.2884615385,0.0002039207689,1596,40.69250107,-74.16870117,44.47190094,-73.15329742
labeled_all,255001,45000,HOU-BNA,HOU,BNA,52,15,37,0.2884615385,0.0002039207689,1597,29.64539909,-95.27890015,36.12450027,-86.67819977
labeled_all,255001,45000,IND-DTW,IND,DTW,52,4,48,0.07692307692,0.0002039207689,1598,39.71730041,-86.29440308,42.21239853,-83.35340118
labeled_all,255001,45000,MCI-BNA,MCI,BNA,52,6,46,0.1153846154,0.0002039207689,1599,39.29759979,-94.71389771,36.12450027,-86.67819977
labeled_all,255001,45000,MCI-DTW,MCI,DTW,52,2,50,0.03846153846,0.0002039207689,1600,39.29759979,-94.71389771,42.21239853,-83.35340118
labeled_all,255001,45000,MCI-MCO,MCI,MCO,52,10,42,0.1923076923,0.0002039207689,1601,39.29759979,-94.71389771,28.42939949,-81.30899811
labeled_all,255001,45000,MCO-LAS,MCO,LAS,52,10,42,0.1923076923,0.0002039207689,1602,28.42939949,-81.30899811,36.08010101,-115.1520004
labeled_all,255001,45000,MCO-MSP,MCO,MSP,52,3,49,0.05769230769,0.0002039207689,1603,28.42939949,-81.30899811,44.88199997,-93.22180176
labeled_all,255001,45000,MCO-SFO,MCO,SFO,52,11,41,0.2115384615,0.0002039207689,1604,28.42939949,-81.30899811,37.61899948,-122.375
labeled_all,255001,45000,MDT-PHL,MDT,PHL,52,10,42,0.1923076923,0.0002039207689,1605,40.19350052,-76.76339722,39.87189865,-75.2410965
labeled_all,255001,45000,MIA-DEN,MIA,DEN,52,8,44,0.1538461538,0.0002039207689,1606,25.79319954,-80.29060364,39.86169815,-104.6729965
labeled_all,255001,45000,MSP-SFO,MSP,SFO,52,11,41,0.2115384615,0.0002039207689,1607,44.88199997,-93.22180176,37.61899948,-122.375
labeled_all,255001,45000,MSY-TPA,MSY,TPA,52,11,41,0.2115384615,0.0002039207689,1608,29.99340057,-90.25800323,27.97550011,-82.53320312
labeled_all,255001,45000,OGG-KOA,OGG,KOA,52,3,49,0.05769230769,0.0002039207689,1609,20.89859962,-156.4299927,19.73880005,-156.0460052
labeled_all,255001,45000,ORD-CHO,ORD,CHO,52,17,35,0.3269230769,0.0002039207689,1610,41.97859955,-87.90480042,38.1385994,-78.45290375
labeled_all,255001,45000,ORD-CMI,ORD,CMI,52,11,41,0.2115384615,0.0002039207689,1611,41.97859955,-87.90480042,40.03919983,-88.27809906
labeled_all,255001,45000,ORD-SCE,ORD,SCE,52,8,44,0.1538461538,0.0002039207689,1612,41.97859955,-87.90480042,40.84930038,-77.84870148
labeled_all,255001,45000,PHL-ALB,PHL,ALB,52,11,41,0.2115384615,0.0002039207689,1613,39.87189865,-75.2410965,42.74829864,-73.80169678
labeled_all,255001,45000,RSW-CLT,RSW,CLT,52,4,48,0.07692307692,0.0002039207689,1614,26.53619957,-81.75520325,35.2140007,-80.94309998
labeled_all,255001,45000,SFO-DTW,SFO,DTW,52,8,44,0.1538461538,0.0002039207689,1615,37.61899948,-122.375,42.21239853,-83.35340118
labeled_all,255001,45000,SFO-FLL,SFO,FLL,52,15,37,0.2884615385,0.0002039207689,1616,37.61899948,-122.375,26.07259941,-80.15270233
labeled_all,255001,45000,TPA-BDL,TPA,BDL,52,7,45,0.1346153846,0.0002039207689,1617,27.97550011,-82.53320312,41.93889999,-72.68319702
labeled_all,255001,45000,XNA-ATL,XNA,ATL,52,4,48,0.07692307692,0.0002039207689,1618,36.2818985,-94.30680084,33.63669968,-84.42810059
labeled_all,255001,45000,ABQ-DFW,ABQ,DFW,51,4,47,0.07843137255,0.0001999992157,1619,35.04019928,-106.6090012,32.89680099,-97.03800201
labeled_all,255001,45000,BDL-PHL,BDL,PHL,51,6,45,0.1176470588,0.0001999992157,1620,41.93889999,-72.68319702,39.87189865,-75.2410965
labeled_all,255001,45000,BNA-RDU,BNA,RDU,51,9,42,0.1764705882,0.0001999992157,1621,36.12450027,-86.67819977,35.87760162,-78.78749847
labeled_all,255001,45000,BWI-DAL,BWI,DAL,51,11,40,0.2156862745,0.0001999992157,1622,39.17539978,-76.66829681,32.8470993,-96.85179901
labeled_all,255001,45000,CLE-DTW,CLE,DTW,51,7,44,0.137254902,0.0001999992157,1623,41.4117012,-81.84980011,42.21239853,-83.35340118
labeled_all,255001,45000,CLT-PHF,CLT,PHF,51,6,45,0.1176470588,0.0001999992157,1624,35.2140007,-80.94309998,37.13190079,-76.49299622
labeled_all,255001,45000,COU-ORD,COU,ORD,51,9,42,0.1764705882,0.0001999992157,1625,38.81809998,-92.21959686,41.97859955,-87.90480042
labeled_all,255001,45000,CRW-CLT,CRW,CLT,51,12,39,0.2352941176,0.0001999992157,1626,38.37310028,-81.59320068,35.2140007,-80.94309998
labeled_all,255001,45000,CVG-DCA,CVG,DCA,51,7,44,0.137254902,0.0001999992157,1627,39.04880142,-84.6678009,38.85210037,-77.03769684
labeled_all,255001,45000,CVG-IAD,CVG,IAD,51,8,43,0.1568627451,0.0001999992157,1628,39.04880142,-84.6678009,38.94449997,-77.45580292
labeled_all,255001,45000,DEN-CMH,DEN,CMH,51,10,41,0.1960784314,0.0001999992157,1629,39.86169815,-104.6729965,39.9980011,-82.89189911
labeled_all,255001,45000,DEN-GRR,DEN,GRR,51,11,40,0.2156862745,0.0001999992157,1630,39.86169815,-104.6729965,42.88079834,-85.52279663
labeled_all,255001,45000,DLH-ORD,DLH,ORD,51,11,40,0.2156862745,0.0001999992157,1631,46.84209824,-92.19360352,41.97859955,-87.90480042
labeled_all,255001,45000,DTW-CVG,DTW,CVG,51,9,42,0.1764705882,0.0001999992157,1632,42.21239853,-83.35340118,39.04880142,-84.6678009
labeled_all,255001,45000,DTW-SFO,DTW,SFO,51,12,39,0.2352941176,0.0001999992157,1633,42.21239853,-83.35340118,37.61899948,-122.375
labeled_all,255001,45000,EUG-SFO,EUG,SFO,51,11,40,0.2156862745,0.0001999992157,1634,44.12459946,-123.211998,37.61899948,-122.375
labeled_all,255001,45000,FLL-RIC,FLL,RIC,51,12,39,0.2352941176,0.0001999992157,1635,26.07259941,-80.15270233,37.50519943,-77.31970215
labeled_all,255001,45000,HOU-HRL,HOU,HRL,51,16,35,0.3137254902,0.0001999992157,1636,29.64539909,-95.27890015,26.22850037,-97.65440369
labeled_all,255001,45000,IAD-AUS,IAD,AUS,51,10,41,0.1960784314,0.0001999992157,1637,38.94449997,-77.45580292,30.19449997,-97.66989899
labeled_all,255001,45000,ICT-DFW,ICT,DFW,51,12,39,0.2352941176,0.0001999992157,1638,37.64989853,-97.43309784,32.89680099,-97.03800201
labeled_all,255001,45000,JAC-DEN,JAC,DEN,51,6,45,0.1176470588,0.0001999992157,1639,43.6072998,-110.737999,39.86169815,-104.6729965
labeled_all,255001,45000,LAS-TUS,LAS,TUS,51,12,39,0.2352941176,0.0001999992157,1640,36.08010101,-115.1520004,32.11610031,-110.9410019
labeled_all,255001,45000,LGA-IAD,LGA,IAD,51,14,37,0.2745098039,0.0001999992157,1641,40.77719879,-73.87259674,38.94449997,-77.45580292
labeled_all,255001,45000,LYH-CLT,LYH,CLT,51,7,44,0.137254902,0.0001999992157,1642,37.3266983,-79.20040131,35.2140007,-80.94309998
labeled_all,255001,45000,MCO-CLE,MCO,CLE,51,6,45,0.1176470588,0.0001999992157,1643,28.42939949,-81.30899811,41.4117012,-81.84980011
labeled_all,255001,45000,MDW-AUS,MDW,AUS,51,18,33,0.3529411765,0.0001999992157,1644,41.7859993,-87.75240326,30.19449997,-97.66989899
labeled_all,255001,45000,MSY-CLT,MSY,CLT,51,6,45,0.1176470588,0.0001999992157,1645,29.99340057,-90.25800323,35.2140007,-80.94309998
labeled_all,255001,45000,MSY-EWR,MSY,EWR,51,12,39,0.2352941176,0.0001999992157,1646,29.99340057,-90.25800323,40.69250107,-74.16870117
labeled_all,255001,45000,OAJ-CLT,OAJ,CLT,51,6,45,0.1176470588,0.0001999992157,1647,34.82920074,-77.61209869,35.2140007,-80.94309998
labeled_all,255001,45000,ORD-GSP,ORD,GSP,51,12,39,0.2352941176,0.0001999992157,1648,41.97859955,-87.90480042,34.89569855,-82.21890259
labeled_all,255001,45000,ORD-MDT,ORD,MDT,51,8,43,0.1568627451,0.0001999992157,1649,41.97859955,-87.90480042,40.19350052,-76.76339722
labeled_all,255001,45000,ORD-PVD,ORD,PVD,51,15,36,0.2941176471,0.0001999992157,1650,41.97859955,-87.90480042,41.73260117,-71.42040253
labeled_all,255001,45000,PDX-MFR,PDX,MFR,51,6,45,0.1176470588,0.0001999992157,1651,45.58869934,-122.5979996,42.37419891,-122.8730011
labeled_all,255001,45000,PDX-MSP,PDX,MSP,51,2,49,0.03921568627,0.0001999992157,1652,45.58869934,-122.5979996,44.88199997,-93.22180176
labeled_all,255001,45000,PSP-DEN,PSP,DEN,51,6,45,0.1176470588,0.0001999992157,1653,33.82970047,-116.5070038,39.86169815,-104.6729965
labeled_all,255001,45000,PWM-DCA,PWM,DCA,51,13,38,0.2549019608,0.0001999992157,1654,43.64619827,-70.30930328,38.85210037,-77.03769684
labeled_all,255001,45000,RDM-SFO,RDM,SFO,51,16,35,0.3137254902,0.0001999992157,1655,44.2541008,-121.1500015,37.61899948,-122.375
labeled_all,255001,45000,ROC-PHL,ROC,PHL,51,5,46,0.09803921569,0.0001999992157,1656,43.1189003,-77.67240143,39.87189865,-75.2410965
labeled_all,255001,45000,RSW-MDW,RSW,MDW,51,6,45,0.1176470588,0.0001999992157,1657,26.53619957,-81.75520325,41.7859993,-87.75240326
labeled_all,255001,45000,SEA-OGG,SEA,OGG,51,13,38,0.2549019608,0.0001999992157,1658,47.44900131,-122.3089981,20.89859962,-156.4299927
labeled_all,255001,45000,SLC-MSP,SLC,MSP,51,9,42,0.1764705882,0.0001999992157,1659,40.78839874,-111.9779968,44.88199997,-93.22180176
labeled_all,255001,45000,TPA-LAS,TPA,LAS,51,11,40,0.2156862745,0.0001999992157,1660,27.97550011,-82.53320312,36.08010101,-115.1520004
labeled_all,255001,45000,ANC-PDX,ANC,PDX,50,2,48,0.04,0.0001960776624,1661,61.17440033,-149.9960022,45.58869934,-122.5979996
labeled_all,255001,45000,BDL-TPA,BDL,TPA,50,8,42,0.16,0.0001960776624,1662,41.93889999,-72.68319702,27.97550011,-82.53320312
labeled_all,255001,45000,BNA-IAD,BNA,IAD,50,8,42,0.16,0.0001960776624,1663,36.12450027,-86.67819977,38.94449997,-77.45580292
labeled_all,255001,45000,BNA-TPA,BNA,TPA,50,11,39,0.22,0.0001960776624,1664,36.12450027,-86.67819977,27.97550011,-82.53320312
labeled_all,255001,45000,BOS-IND,BOS,IND,50,13,37,0.26,0.0001960776624,1665,42.36429977,-71.00520325,39.71730041,-86.29440308
labeled_all,255001,45000,BWI-PHX,BWI,PHX,50,8,42,0.16,0.0001960776624,1666,39.17539978,-76.66829681,33.43429947,-112.012001
labeled_all,255001,45000,CHS-IAD,CHS,IAD,50,14,36,0.28,0.0001960776624,1667,32.89860153,-80.04049683,38.94449997,-77.45580292
labeled_all,255001,45000,CLE-CLT,CLE,CLT,50,7,43,0.14,0.0001960776624,1668,41.4117012,-81.84980011,35.2140007,-80.94309998
labeled_all,255001,45000,CLT-PBI,CLT,PBI,50,10,40,0.2,0.0001960776624,1669,35.2140007,-80.94309998,26.68320084,-80.09559631
labeled_all,255001,45000,DAL-BWI,DAL,BWI,50,10,40,0.2,0.0001960776624,1670,32.8470993,-96.85179901,39.17539978,-76.66829681
labeled_all,255001,45000,DTW-CLE,DTW,CLE,50,6,44,0.12,0.0001960776624,1671,42.21239853,-83.35340118,41.4117012,-81.84980011
labeled_all,255001,45000,EWR-SAN,EWR,SAN,50,13,37,0.26,0.0001960776624,1672,40.69250107,-74.16870117,32.73360062,-117.1900024
labeled_all,255001,45000,EWR-SYR,EWR,SYR,50,10,40,0.2,0.0001960776624,1673,40.69250107,-74.16870117,43.11119843,-76.10630035
labeled_all,255001,45000,FAY-CLT,FAY,CLT,50,11,39,0.22,0.0001960776624,1674,34.99119949,-78.88030243,35.2140007,-80.94309998
labeled_all,255001,45000,GPT-ATL,GPT,ATL,50,3,47,0.06,0.0001960776624,1675,30.40730095,-89.07009888,33.63669968,-84.42810059
labeled_all,255001,45000,IAD-BTV,IAD,BTV,50,10,40,0.2,0.0001960776624,1676,38.94449997,-77.45580292,44.47190094,-73.15329742
labeled_all,255001,45000,IAH-CMH,IAH,CMH,50,6,44,0.12,0.0001960776624,1677,29.9843998,-95.34140015,39.9980011,-82.89189911
labeled_all,255001,45000,JAN-DFW,JAN,DFW,50,11,39,0.22,0.0001960776624,1678,32.31119919,-90.07589722,32.89680099,-97.03800201
labeled_all,255001,45000,JFK-IAD,JFK,IAD,50,8,42,0.16,0.0001960776624,1679,40.63980103,-73.77890015,38.94449997,-77.45580292
labeled_all,255001,45000,JFK-ORF,JFK,ORF,50,10,40,0.2,0.0001960776624,1680,40.63980103,-73.77890015,36.89459991,-76.20120239
labeled_all,255001,45000,LAN-DTW,LAN,DTW,50,7,43,0.14,0.0001960776624,1681,42.77870178,-84.58740234,42.21239853,-83.35340118
labeled_all,255001,45000,LAX-MFR,LAX,MFR,50,8,42,0.16,0.0001960776624,1682,33.94250107,-118.4079971,42.37419891,-122.8730011
labeled_all,255001,45000,LGA-SDF,LGA,SDF,50,10,40,0.2,0.0001960776624,1683,40.77719879,-73.87259674,38.17440033,-85.73600006
labeled_all,255001,45000,OGG-LIH,OGG,LIH,50,8,42,0.16,0.0001960776624,1684,20.89859962,-156.4299927,21.97599983,-159.3390045
labeled_all,255001,45000,ONT-DFW,ONT,DFW,50,7,43,0.14,0.0001960776624,1685,34.05599976,-117.6009979,32.89680099,-97.03800201
labeled_all,255001,45000,ONT-LAS,ONT,LAS,50,4,46,0.08,0.0001960776624,1686,34.05599976,-117.6009979,36.08010101,-115.1520004
labeled_all,255001,45000,ORD-BHM,ORD,BHM,50,13,37,0.26,0.0001960776624,1687,41.97859955,-87.90480042,33.56290054,-86.75350189
labeled_all,255001,45000,ORD-BTV,ORD,BTV,50,7,43,0.14,0.0001960776624,1688,41.97859955,-87.90480042,44.47190094,-73.15329742
labeled_all,255001,45000,PBI-BWI,PBI,BWI,50,5,45,0.1,0.0001960776624,1689,26.68320084,-80.09559631,39.17539978,-76.66829681
labeled_all,255001,45000,PHL-MIA,PHL,MIA,50,11,39,0.22,0.0001960776624,1690,39.87189865,-75.2410965,25.79319954,-80.29060364
labeled_all,255001,45000,PNS-CLT,PNS,CLT,50,9,41,0.18,0.0001960776624,1691,30.47340012,-87.18659973,35.2140007,-80.94309998
labeled_all,255001,45000,PVD-CLT,PVD,CLT,50,2,48,0.04,0.0001960776624,1692,41.73260117,-71.42040253,35.2140007,-80.94309998
labeled_all,255001,45000,SAN-DAL,SAN,DAL,50,8,42,0.16,0.0001960776624,1693,32.73360062,-117.1900024,32.8470993,-96.85179901
labeled_all,255001,45000,SAN-MSP,SAN,MSP,50,4,46,0.08,0.0001960776624,1694,32.73360062,-117.1900024,44.88199997,-93.22180176
labeled_all,255001,45000,SFO-SBP,SFO,SBP,50,8,42,0.16,0.0001960776624,1695,37.61899948,-122.375,35.23680115,-120.6419983
labeled_all,255001,45000,STL-HOU,STL,HOU,50,10,40,0.2,0.0001960776624,1696,38.74869919,-90.37000275,29.64539909,-95.27890015
labeled_all,255001,45000,SYR-EWR,SYR,EWR,50,17,33,0.34,0.0001960776624,1697,43.11119843,-76.10630035,40.69250107,-74.16870117
labeled_all,255001,45000,SYR-PHL,SYR,PHL,50,10,40,0.2,0.0001960776624,1698,43.11119843,-76.10630035,39.87189865,-75.2410965
labeled_all,255001,45000,TUL-DAL,TUL,DAL,50,4,46,0.08,0.0001960776624,1699,36.19839859,-95.88809967,32.8470993,-96.85179901
labeled_all,255001,45000,ATL-ILM,ATL,ILM,49,8,41,0.1632653061,0.0001921561092,1700,33.63669968,-84.42810059,34.27059937,-77.90260315
labeled_all,255001,45000,ATL-LFT,ATL,LFT,49,9,40,0.1836734694,0.0001921561092,1701,33.63669968,-84.42810059,30.20529938,-91.98760223
labeled_all,255001,45000,AUS-IAD,AUS,IAD,49,8,41,0.1632653061,0.0001921561092,1702,30.19449997,-97.66989899,38.94449997,-77.45580292
labeled_all,255001,45000,BOS-MIA,BOS,MIA,49,8,41,0.1632653061,0.0001921561092,1703,42.36429977,-71.00520325,25.79319954,-80.29060364
labeled_all,255001,45000,BWI-HOU,BWI,HOU,49,6,43,0.1224489796,0.0001921561092,1704,39.17539978,-76.66829681,29.64539909,-95.27890015
labeled_all,255001,45000,BWI-ORF,BWI,ORF,49,8,41,0.1632653061,0.0001921561092,1705,39.17539978,-76.66829681,36.89459991,-76.20120239
labeled_all,255001,45000,CLE-BWI,CLE,BWI,49,7,42,0.1428571429,0.0001921561092,1706,41.4117012,-81.84980011,39.17539978,-76.66829681
labeled_all,255001,45000,CLT-AGS,CLT,AGS,49,8,41,0.1632653061,0.0001921561092,1707,35.2140007,-80.94309998,33.36989975,-81.96450043
labeled_all,255001,45000,CLT-FAY,CLT,FAY,49,10,39,0.2040816327,0.0001921561092,1708,35.2140007,-80.94309998,34.99119949,-78.88030243
labeled_all,255001,45000,CLT-MSY,CLT,MSY,49,5,44,0.1020408163,0.0001921561092,1709,35.2140007,-80.94309998,29.99340057,-90.25800323
labeled_all,255001,45000,CMH-IAD,CMH,IAD,49,6,43,0.1224489796,0.0001921561092,1710,39.9980011,-82.89189911,38.94449997,-77.45580292
labeled_all,255001,45000,COS-IAH,COS,IAH,49,7,42,0.1428571429,0.0001921561092,1711,38.80580139,-104.7009964,29.9843998,-95.34140015
labeled_all,255001,45000,CVG-DEN,CVG,DEN,49,11,38,0.2244897959,0.0001921561092,1712,39.04880142,-84.6678009,39.86169815,-104.6729965
labeled_all,255001,45000,CVG-DTW,CVG,DTW,49,8,41,0.1632653061,0.0001921561092,1713,39.04880142,-84.6678009,42.21239853,-83.35340118
labeled_all,255001,45000,DAB-CLT,DAB,CLT,49,3,46,0.0612244898,0.0001921561092,1714,29.17989922,-81.05809784,35.2140007,-80.94309998
labeled_all,255001,45000,DAY-CLT,DAY,CLT,49,8,41,0.1632653061,0.0001921561092,1715,39.90240097,-84.2193985,35.2140007,-80.94309998
labeled_all,255001,45000,DEN-JFK,DEN,JFK,49,7,42,0.1428571429,0.0001921561092,1716,39.86169815,-104.6729965,40.63980103,-73.77890015
labeled_all,255001,45000,DFW-JFK,DFW,JFK,49,15,34,0.306122449,0.0001921561092,1717,32.89680099,-97.03800201,40.63980103,-73.77890015
labeled_all,255001,45000,FAT-SFO,FAT,SFO,49,8,41,0.1632653061,0.0001921561092,1718,36.77619934,-119.7180023,37.61899948,-122.375
labeled_all,255001,45000,HOU-STL,HOU,STL,49,15,34,0.306122449,0.0001921561092,1719,29.64539909,-95.27890015,38.74869919,-90.37000275
labeled_all,255001,45000,IAD-CHS,IAD,CHS,49,13,36,0.2653061224,0.0001921561092,1720,38.94449997,-77.45580292,32.89860153,-80.04049683
labeled_all,255001,45000,IAD-IND,IAD,IND,49,7,42,0.1428571429,0.0001921561092,1721,38.94449997,-77.45580292,39.71730041,-86.29440308
labeled_all,255001,45000,IAH-HRL,IAH,HRL,49,7,42,0.1428571429,0.0001921561092,1722,29.9843998,-95.34140015,26.22850037,-97.65440369
labeled_all,255001,45000,JFK-RSW,JFK,RSW,49,11,38,0.2244897959,0.0001921561092,1723,40.63980103,-73.77890015,26.53619957,-81.75520325
labeled_all,255001,45000,JFK-SAV,JFK,SAV,49,5,44,0.1020408163,0.0001921561092,1724,40.63980103,-73.77890015,32.12760162,-81.20210266
labeled_all,255001,45000,LAS-ABQ,LAS,ABQ,49,10,39,0.2040816327,0.0001921561092,1725,36.08010101,-115.1520004,35.04019928,-106.6090012
labeled_all,255001,45000,LIH-OGG,LIH,OGG,49,5,44,0.1020408163,0.0001921561092,1726,21.97599983,-159.3390045,20.89859962,-156.4299927
labeled_all,255001,45000,MDW-BOS,MDW,BOS,49,11,38,0.2244897959,0.0001921561092,1727,41.7859993,-87.75240326,42.36429977,-71.00520325
labeled_all,255001,45000,MFR-SFO,MFR,SFO,49,12,37,0.2448979592,0.0001921561092,1728,42.37419891,-122.8730011,37.61899948,-122.375
labeled_all,255001,45000,MSN-MSP,MSN,MSP,49,5,44,0.1020408163,0.0001921561092,1729,43.13990021,-89.33750153,44.88199997,-93.22180176
labeled_all,255001,45000,MSP-IND,MSP,IND,49,3,46,0.0612244898,0.0001921561092,1730,44.88199997,-93.22180176,39.71730041,-86.29440308
labeled_all,255001,45000,MSP-MOT,MSP,MOT,49,9,40,0.1836734694,0.0001921561092,1731,44.88199997,-93.22180176,48.25939941,-101.2799988
labeled_all,255001,45000,OMA-MSP,OMA,MSP,49,5,44,0.1020408163,0.0001921561092,1732,41.30319977,-95.89409637,44.88199997,-93.22180176
labeled_all,255001,45000,ORD-CHS,ORD,CHS,49,15,34,0.306122449,0.0001921561092,1733,41.97859955,-87.90480042,32.89860153,-80.04049683
labeled_all,255001,45000,PBI-HPN,PBI,HPN,49,9,40,0.1836734694,0.0001921561092,1734,26.68320084,-80.09559631,41.06700134,-73.70760345
labeled_all,255001,45000,PDX-RDM,PDX,RDM,49,1,48,0.02040816327,0.0001921561092,1735,45.58869934,-122.5979996,44.2541008,-121.1500015
labeled_all,255001,45000,PHL-BUF,PHL,BUF,49,9,40,0.1836734694,0.0001921561092,1736,39.87189865,-75.2410965,42.94049835,-78.73220062
labeled_all,255001,45000,PHL-ORF,PHL,ORF,49,11,38,0.2244897959,0.0001921561092,1737,39.87189865,-75.2410965,36.89459991,-76.20120239
labeled_all,255001,45000,PHL-PVD,PHL,PVD,49,10,39,0.2040816327,0.0001921561092,1738,39.87189865,-75.2410965,41.73260117,-71.42040253
labeled_all,255001,45000,PHX-OKC,PHX,OKC,49,8,41,0.1632653061,0.0001921561092,1739,33.43429947,-112.012001,35.39310074,-97.60070038
labeled_all,255001,45000,RDU-TPA,RDU,TPA,49,10,39,0.2040816327,0.0001921561092,1740,35.87760162,-78.78749847,27.97550011,-82.53320312
labeled_all,255001,45000,RIC-IAD,RIC,IAD,49,14,35,0.2857142857,0.0001921561092,1741,37.50519943,-77.31970215,38.94449997,-77.45580292
labeled_all,255001,45000,RIC-PHL,RIC,PHL,49,8,41,0.1632653061,0.0001921561092,1742,37.50519943,-77.31970215,39.87189865,-75.2410965
labeled_all,255001,45000,ROA-CLT,ROA,CLT,49,6,43,0.1224489796,0.0001921561092,1743,37.32550049,-79.97540283,35.2140007,-80.94309998
labeled_all,255001,45000,SBA-LAX,SBA,LAX,49,3,46,0.0612244898,0.0001921561092,1744,34.42620087,-119.8399963,33.94250107,-118.4079971
labeled_all,255001,45000,SEA-PUW,SEA,PUW,49,7,42,0.1428571429,0.0001921561092,1745,47.44900131,-122.3089981,46.7439003,-117.1100006
labeled_all,255001,45000,SEA-RNO,SEA,RNO,49,9,40,0.1836734694,0.0001921561092,1746,47.44900131,-122.3089981,39.49909973,-119.7679977
labeled_all,255001,45000,SFO-FAT,SFO,FAT,49,8,41,0.1632653061,0.0001921561092,1747,37.61899948,-122.375,36.77619934,-119.7180023
labeled_all,255001,45000,SLC-BUR,SLC,BUR,49,8,41,0.1632653061,0.0001921561092,1748,40.78839874,-111.9779968,34.20069885,-118.3590012
labeled_all,255001,45000,SNA-PDX,SNA,PDX,49,5,44,0.1020408163,0.0001921561092,1749,33.67570114,-117.8679962,45.58869934,-122.5979996
labeled_all,255001,45000,ATL-GRR,ATL,GRR,48,4,44,0.08333333333,0.0001882345559,1750,33.63669968,-84.42810059,42.88079834,-85.52279663
labeled_all,255001,45000,AUS-MSY,AUS,MSY,48,7,41,0.1458333333,0.0001882345559,1751,30.19449997,-97.66989899,29.99340057,-90.25800323
labeled_all,255001,45000,BNA-JFK,BNA,JFK,48,5,43,0.1041666667,0.0001882345559,1752,36.12450027,-86.67819977,40.63980103,-73.77890015
labeled_all,255001,45000,BNA-MSY,BNA,MSY,48,10,38,0.2083333333,0.0001882345559,1753,36.12450027,-86.67819977,29.99340057,-90.25800323
labeled_all,255001,45000,BWI-PIT,BWI,PIT,48,9,39,0.1875,0.0001882345559,1754,39.17539978,-76.66829681,40.49150085,-80.23290253
labeled_all,255001,45000,CLT-LAS,CLT,LAS,48,15,33,0.3125,0.0001882345559,1755,35.2140007,-80.94309998,36.08010101,-115.1520004
labeled_all,255001,45000,CLT-MDT,CLT,MDT,48,7,41,0.1458333333,0.0001882345559,1756,35.2140007,-80.94309998,40.19350052,-76.76339722
labeled_all,255001,45000,CLT-TRI,CLT,TRI,48,7,41,0.1458333333,0.0001882345559,1757,35.2140007,-80.94309998,36.47520065,-82.40740204
labeled_all,255001,45000,DAL-SEA,DAL,SEA,48,11,37,0.2291666667,0.0001882345559,1758,32.8470993,-96.85179901,47.44900131,-122.3089981
labeled_all,255001,45000,DCA-CVG,DCA,CVG,48,6,42,0.125,0.0001882345559,1759,38.85210037,-77.03769684,39.04880142,-84.6678009
labeled_all,255001,45000,DFW-HSV,DFW,HSV,48,13,35,0.2708333333,0.0001882345559,1760,32.89680099,-97.03800201,34.6371994,-86.77510071
labeled_all,255001,45000,DFW-PNS,DFW,PNS,48,10,38,0.2083333333,0.0001882345559,1761,32.89680099,-97.03800201,30.47340012,-87.18659973
labeled_all,255001,45000,DSM-MSP,DSM,MSP,48,4,44,0.08333333333,0.0001882345559,1762,41.5340004,-93.6631012,44.88199997,-93.22180176
labeled_all,255001,45000,DTW-MCI,DTW,MCI,48,2,46,0.04166666667,0.0001882345559,1763,42.21239853,-83.35340118,39.29759979,-94.71389771
labeled_all,255001,45000,DTW-MSY,DTW,MSY,48,6,42,0.125,0.0001882345559,1764,42.21239853,-83.35340118,29.99340057,-90.25800323
labeled_all,255001,45000,EWR-PVD,EWR,PVD,48,10,38,0.2083333333,0.0001882345559,1765,40.69250107,-74.16870117,41.73260117,-71.42040253
labeled_all,255001,45000,FLL-SFO,FLL,SFO,48,8,40,0.1666666667,0.0001882345559,1766,26.07259941,-80.15270233,37.61899948,-122.375
labeled_all,255001,45000,HNL-JHM,HNL,JHM,48,1,47,0.02083333333,0.0001882345559,1767,21.31870079,-157.9219971,20.96290016,-156.6730042
labeled_all,255001,45000,IAD-BUF,IAD,BUF,48,4,44,0.08333333333,0.0001882345559,1768,38.94449997,-77.45580292,42.94049835,-78.73220062
labeled_all,255001,45000,IAH-BWI,IAH,BWI,48,11,37,0.2291666667,0.0001882345559,1769,29.9843998,-95.34140015,39.17539978,-76.66829681
labeled_all,255001,45000,IAH-HSV,IAH,HSV,48,7,41,0.1458333333,0.0001882345559,1770,29.9843998,-95.34140015,34.6371994,-86.77510071
labeled_all,255001,45000,JFK-PIT,JFK,PIT,48,7,41,0.1458333333,0.0001882345559,1771,40.63980103,-73.77890015,40.49150085,-80.23290253
labeled_all,255001,45000,KOA-SFO,KOA,SFO,48,7,41,0.1458333333,0.0001882345559,1772,19.73880005,-156.0460052,37.61899948,-122.375
labeled_all,255001,45000,LAS-MCO,LAS,MCO,48,14,34,0.2916666667,0.0001882345559,1773,36.08010101,-115.1520004,28.42939949,-81.30899811
labeled_all,255001,45000,LAS-MSY,LAS,MSY,48,4,44,0.08333333333,0.0001882345559,1774,36.08010101,-115.1520004,29.99340057,-90.25800323
labeled_all,255001,45000,LBB-IAH,LBB,IAH,48,5,43,0.1041666667,0.0001882345559,1775,33.66360092,-101.822998,29.9843998,-95.34140015
labeled_all,255001,45000,LEX-CLT,LEX,CLT,48,12,36,0.25,0.0001882345559,1776,38.03649902,-84.60590363,35.2140007,-80.94309998
labeled_all,255001,45000,LIH-LAX,LIH,LAX,48,6,42,0.125,0.0001882345559,1777,21.97599983,-159.3390045,33.94250107,-118.4079971
labeled_all,255001,45000,MCO-ISP,MCO,ISP,48,14,34,0.2916666667,0.0001882345559,1778,28.42939949,-81.30899811,40.79520035,-73.10019684
labeled_all,255001,45000,MCO-MIA,MCO,MIA,48,8,40,0.1666666667,0.0001882345559,1779,28.42939949,-81.30899811,25.79319954,-80.29060364
labeled_all,255001,45000,MDW-PIT,MDW,PIT,48,14,34,0.2916666667,0.0001882345559,1780,41.7859993,-87.75240326,40.49150085,-80.23290253
labeled_all,255001,45000,MKE-LGA,MKE,LGA,48,10,38,0.2083333333,0.0001882345559,1781,42.94720078,-87.89659882,40.77719879,-73.87259674
labeled_all,255001,45000,MSP-FSD,MSP,FSD,48,7,41,0.1458333333,0.0001882345559,1782,44.88199997,-93.22180176,43.58200073,-96.74189758
labeled_all,255001,45000,OMA-ATL,OMA,ATL,48,5,43,0.1041666667,0.0001882345559,1783,41.30319977,-95.89409637,33.63669968,-84.42810059
labeled_all,255001,45000,ORD-DLH,ORD,DLH,48,6,42,0.125,0.0001882345559,1784,41.97859955,-87.90480042,46.84209824,-92.19360352
labeled_all,255001,45000,ORD-LNK,ORD,LNK,48,10,38,0.2083333333,0.0001882345559,1785,41.97859955,-87.90480042,40.85100174,-96.75920105
labeled_all,255001,45000,PDX-SNA,PDX,SNA,48,4,44,0.08333333333,0.0001882345559,1786,45.58869934,-122.5979996,33.67570114,-117.8679962
labeled_all,255001,45000,PHL-CHS,PHL,CHS,48,8,40,0.1666666667,0.0001882345559,1787,39.87189865,-75.2410965,32.89860153,-80.04049683
labeled_all,255001,45000,PHL-CMH,PHL,CMH,48,5,43,0.1041666667,0.0001882345559,1788,39.87189865,-75.2410965,39.9980011,-82.89189911
labeled_all,255001,45000,PWM-BWI,PWM,BWI,48,5,43,0.1041666667,0.0001882345559,1789,43.64619827,-70.30930328,39.17539978,-76.66829681
labeled_all,255001,45000,PWM-JFK,PWM,JFK,48,8,40,0.1666666667,0.0001882345559,1790,43.64619827,-70.30930328,40.63980103,-73.77890015
labeled_all,255001,45000,RDD-SFO,RDD,SFO,48,12,36,0.25,0.0001882345559,1791,40.50899887,-122.2929993,37.61899948,-122.375
labeled_all,255001,45000,ROC-BWI,ROC,BWI,48,1,47,0.02083333333,0.0001882345559,1792,43.1189003,-77.67240143,39.17539978,-76.66829681
labeled_all,255001,45000,SCE-PHL,SCE,PHL,48,8,40,0.1666666667,0.0001882345559,1793,40.84930038,-77.84870148,39.87189865,-75.2410965
labeled_all,255001,45000,SDF-DTW,SDF,DTW,48,3,45,0.0625,0.0001882345559,1794,38.17440033,-85.73600006,42.21239853,-83.35340118
labeled_all,255001,45000,SDF-MDW,SDF,MDW,48,3,45,0.0625,0.0001882345559,1795,38.17440033,-85.73600006,41.7859993,-87.75240326
labeled_all,255001,45000,SLC-MCO,SLC,MCO,48,10,38,0.2083333333,0.0001882345559,1796,40.78839874,-111.9779968,28.42939949,-81.30899811
labeled_all,255001,45000,STL-BWI,STL,BWI,48,13,35,0.2708333333,0.0001882345559,1797,38.74869919,-90.37000275,39.17539978,-76.66829681
labeled_all,255001,45000,TPA-BNA,TPA,BNA,48,9,39,0.1875,0.0001882345559,1798,27.97550011,-82.53320312,36.12450027,-86.67819977
labeled_all,255001,45000,ABI-DFW,ABI,DFW,47,8,39,0.170212766,0.0001843130027,1799,32.41130066,-99.68190002,32.89680099,-97.03800201
labeled_all,255001,45000,ATL-MYR,ATL,MYR,47,2,45,0.04255319149,0.0001843130027,1800,33.63669968,-84.42810059,33.67969894,-78.92829895
labeled_all,255001,45000,BUR-SLC,BUR,SLC,47,7,40,0.1489361702,0.0001843130027,1801,34.20069885,-118.3590012,40.78839874,-111.9779968
labeled_all,255001,45000,BWI-DFW,BWI,DFW,47,8,39,0.170212766,0.0001843130027,1802,39.17539978,-76.66829681,32.89680099,-97.03800201
labeled_all,255001,45000,BWI-SDF,BWI,SDF,47,9,38,0.1914893617,0.0001843130027,1803,39.17539978,-76.66829681,38.17440033,-85.73600006
labeled_all,255001,45000,BWI-SFO,BWI,SFO,47,15,32,0.3191489362,0.0001843130027,1804,39.17539978,-76.66829681,37.61899948,-122.375
labeled_all,255001,45000,CLT-BDL,CLT,BDL,47,13,34,0.2765957447,0.0001843130027,1805,35.2140007,-80.94309998,41.93889999,-72.68319702
labeled_all,255001,45000,CMH-DEN,CMH,DEN,47,8,39,0.170212766,0.0001843130027,1806,39.9980011,-82.89189911,39.86169815,-104.6729965
labeled_all,255001,45000,CVG-MCO,CVG,MCO,47,6,41,0.1276595745,0.0001843130027,1807,39.04880142,-84.6678009,28.42939949,-81.30899811
labeled_all,255001,45000,CWA-ORD,CWA,ORD,47,7,40,0.1489361702,0.0001843130027,1808,44.77759933,-89.66680145,41.97859955,-87.90480042
labeled_all,255001,45000,DAL-AMA,DAL,AMA,47,9,38,0.1914893617,0.0001843130027,1809,32.8470993,-96.85179901,35.2193985,-101.7060013
labeled_all,255001,45000,DEN-JAC,DEN,JAC,47,11,36,0.2340425532,0.0001843130027,1810,39.86169815,-104.6729965,43.6072998,-110.737999
labeled_all,255001,45000,DEN-LNK,DEN,LNK,47,10,37,0.2127659574,0.0001843130027,1811,39.86169815,-104.6729965,40.85100174,-96.75920105
labeled_all,255001,45000,DEN-PSP,DEN,PSP,47,10,37,0.2127659574,0.0001843130027,1812,39.86169815,-104.6729965,33.82970047,-116.5070038
labeled_all,255001,45000,DEN-SBA,DEN,SBA,47,10,37,0.2127659574,0.0001843130027,1813,39.86169815,-104.6729965,34.42620087,-119.8399963
labeled_all,255001,45000,DEN-SGF,DEN,SGF,47,15,32,0.3191489362,0.0001843130027,1814,39.86169815,-104.6729965,37.24570084,-93.38860321
labeled_all,255001,45000,DFW-BWI,DFW,BWI,47,8,39,0.170212766,0.0001843130027,1815,32.89680099,-97.03800201,39.17539978,-76.66829681
labeled_all,255001,45000,DFW-IND,DFW,IND,47,9,38,0.1914893617,0.0001843130027,1816,32.89680099,-97.03800201,39.71730041,-86.29440308
labeled_all,255001,45000,DFW-SHV,DFW,SHV,47,11,36,0.2340425532,0.0001843130027,1817,32.89680099,-97.03800201,32.44660187,-93.82559967
labeled_all,255001,45000,EWR-SJU,EWR,SJU,47,13,34,0.2765957447,0.0001843130027,1818,40.69250107,-74.16870117,18.43939972,-66.00180054
labeled_all,255001,45000,EYW-ATL,EYW,ATL,47,10,37,0.2127659574,0.0001843130027,1819,24.55610085,-81.75959778,33.63669968,-84.42810059
labeled_all,255001,45000,FAT-DEN,FAT,DEN,47,7,40,0.1489361702,0.0001843130027,1820,36.77619934,-119.7180023,39.86169815,-104.6729965
labeled_all,255001,45000,GFK-MSP,GFK,MSP,47,6,41,0.1276595745,0.0001843130027,1821,47.94929886,-97.17610168,44.88199997,-93.22180176
labeled_all,255001,45000,HOU-TPA,HOU,TPA,47,12,35,0.2553191489,0.0001843130027,1822,29.64539909,-95.27890015,27.97550011,-82.53320312
labeled_all,255001,45000,IAH-AMA,IAH,AMA,47,6,41,0.1276595745,0.0001843130027,1823,29.9843998,-95.34140015,35.2193985,-101.7060013
labeled_all,255001,45000,IAH-IAD,IAH,IAD,47,10,37,0.2127659574,0.0001843130027,1824,29.9843998,-95.34140015,38.94449997,-77.45580292
labeled_all,255001,45000,LAS-TPA,LAS,TPA,47,15,32,0.3191489362,0.0001843130027,1825,36.08010101,-115.1520004,27.97550011,-82.53320312
labeled_all,255001,45000,LFT-DFW,LFT,DFW,47,9,38,0.1914893617,0.0001843130027,1826,30.20529938,-91.98760223,32.89680099,-97.03800201
labeled_all,255001,45000,MCO-PHX,MCO,PHX,47,11,36,0.2340425532,0.0001843130027,1827,28.42939949,-81.30899811,33.43429947,-112.012001
labeled_all,255001,45000,MEM-DEN,MEM,DEN,47,9,38,0.1914893617,0.0001843130027,1828,35.04240036,-89.97669983,39.86169815,-104.6729965
labeled_all,255001,45000,MIA-TPA,MIA,TPA,47,11,36,0.2340425532,0.0001843130027,1829,25.79319954,-80.29060364,27.97550011,-82.53320312
labeled_all,255001,45000,MKE-PHX,MKE,PHX,47,10,37,0.2127659574,0.0001843130027,1830,42.94720078,-87.89659882,33.43429947,-112.012001
labeled_all,255001,45000,MLB-ATL,MLB,ATL,47,4,43,0.08510638298,0.0001843130027,1831,28.10280037,-80.64530182,33.63669968,-84.42810059
labeled_all,255001,45000,MOT-MSP,MOT,MSP,47,6,41,0.1276595745,0.0001843130027,1832,48.25939941,-101.2799988,44.88199997,-93.22180176
labeled_all,255001,45000,MSP-MCO,MSP,MCO,47,4,43,0.08510638298,0.0001843130027,1833,44.88199997,-93.22180176,28.42939949,-81.30899811
labeled_all,255001,45000,MSY-MIA,MSY,MIA,47,6,41,0.1276595745,0.0001843130027,1834,29.99340057,-90.25800323,25.79319954,-80.29060364
labeled_all,255001,45000,MYR-ATL,MYR,ATL,47,6,41,0.1276595745,0.0001843130027,1835,33.67969894,-78.92829895,33.63669968,-84.42810059
labeled_all,255001,45000,OMA-IAH,OMA,IAH,47,4,43,0.08510638298,0.0001843130027,1836,41.30319977,-95.89409637,29.9843998,-95.34140015
labeled_all,255001,45000,PHL-MHT,PHL,MHT,47,5,42,0.1063829787,0.0001843130027,1837,39.87189865,-75.2410965,42.93259811,-71.43569946
labeled_all,255001,45000,PHX-SBA,PHX,SBA,47,8,39,0.170212766,0.0001843130027,1838,33.43429947,-112.012001,34.42620087,-119.8399963
labeled_all,255001,45000,SAN-BOS,SAN,BOS,47,11,36,0.2340425532,0.0001843130027,1839,32.73360062,-117.1900024,42.36429977,-71.00520325
labeled_all,255001,45000,SBA-DEN,SBA,DEN,47,10,37,0.2127659574,0.0001843130027,1840,34.42620087,-119.8399963,39.86169815,-104.6729965
labeled_all,255001,45000,SDF-DEN,SDF,DEN,47,7,40,0.1489361702,0.0001843130027,1841,38.17440033,-85.73600006,39.86169815,-104.6729965
labeled_all,255001,45000,SFO-ACV,SFO,ACV,47,10,37,0.2127659574,0.0001843130027,1842,37.61899948,-122.375,40.97809982,-124.1090012
labeled_all,255001,45000,SHV-DFW,SHV,DFW,47,13,34,0.2765957447,0.0001843130027,1843,32.44660187,-93.82559967,32.89680099,-97.03800201
labeled_all,255001,45000,SJC-RNO,SJC,RNO,47,2,45,0.04255319149,0.0001843130027,1844,37.36259842,-121.9290009,39.49909973,-119.7679977
labeled_all,255001,45000,SJT-DFW,SJT,DFW,47,1,46,0.02127659574,0.0001843130027,1845,31.35770035,-100.4960022,32.89680099,-97.03800201
labeled_all,255001,45000,SLC-RNO,SLC,RNO,47,8,39,0.170212766,0.0001843130027,1846,40.78839874,-111.9779968,39.49909973,-119.7679977
labeled_all,255001,45000,STL-CLT,STL,CLT,47,9,38,0.1914893617,0.0001843130027,1847,38.74869919,-90.37000275,35.2140007,-80.94309998
labeled_all,255001,45000,TPA-MSP,TPA,MSP,47,5,42,0.1063829787,0.0001843130027,1848,27.97550011,-82.53320312,44.88199997,-93.22180176
labeled_all,255001,45000,TPA-SJU,TPA,SJU,47,19,28,0.4042553191,0.0001843130027,1849,27.97550011,-82.53320312,18.43939972,-66.00180054
labeled_all,255001,45000,ANC-BET,ANC,BET,46,4,42,0.08695652174,0.0001803914494,1850,61.17440033,-149.9960022,60.77980042,-161.8379974
labeled_all,255001,45000,AVL-ORD,AVL,ORD,46,11,35,0.2391304348,0.0001803914494,1851,35.43619919,-82.54180145,41.97859955,-87.90480042
labeled_all,255001,45000,BTV-IAD,BTV,IAD,46,9,37,0.1956521739,0.0001803914494,1852,44.47190094,-73.15329742,38.94449997,-77.45580292
labeled_all,255001,45000,BTV-ORD,BTV,ORD,46,5,41,0.1086956522,0.0001803914494,1853,44.47190094,-73.15329742,41.97859955,-87.90480042
labeled_all,255001,45000,BWI-MKE,BWI,MKE,46,5,41,0.1086956522,0.0001803914494,1854,39.17539978,-76.66829681,42.94720078,-87.89659882
labeled_all,255001,45000,BWI-PWM,BWI,PWM,46,4,42,0.08695652174,0.0001803914494,1855,39.17539978,-76.66829681,43.64619827,-70.30930328
labeled_all,255001,45000,CLE-PHL,CLE,PHL,46,10,36,0.2173913043,0.0001803914494,1856,41.4117012,-81.84980011,39.87189865,-75.2410965
labeled_all,255001,45000,CLT-MEM,CLT,MEM,46,7,39,0.152173913,0.0001803914494,1857,35.2140007,-80.94309998,35.04240036,-89.97669983
labeled_all,255001,45000,CMH-IAH,CMH,IAH,46,5,41,0.1086956522,0.0001803914494,1858,39.9980011,-82.89189911,29.9843998,-95.34140015
labeled_all,255001,45000,DAL-SFO,DAL,SFO,46,17,29,0.3695652174,0.0001803914494,1859,32.8470993,-96.85179901,37.61899948,-122.375
labeled_all,255001,45000,DCA-MCI,DCA,MCI,46,4,42,0.08695652174,0.0001803914494,1860,38.85210037,-77.03769684,39.29759979,-94.71389771
labeled_all,255001,45000,DEN-FSD,DEN,FSD,46,14,32,0.3043478261,0.0001803914494,1861,39.86169815,-104.6729965,43.58200073,-96.74189758
labeled_all,255001,45000,DEN-LIT,DEN,LIT,46,7,39,0.152173913,0.0001803914494,1862,39.86169815,-104.6729965,34.72940063,-92.22429657
labeled_all,255001,45000,DFW-SDF,DFW,SDF,46,16,30,0.347826087,0.0001803914494,1863,32.89680099,-97.03800201,38.17440033,-85.73600006
labeled_all,255001,45000,EWN-CLT,EWN,CLT,46,8,38,0.1739130435,0.0001803914494,1864,35.07300186,-77.04290009,35.2140007,-80.94309998
labeled_all,255001,45000,FAY-ATL,FAY,ATL,46,9,37,0.1956521739,0.0001803914494,1865,34.99119949,-78.88030243,33.63669968,-84.42810059
labeled_all,255001,45000,GSO-EWR,GSO,EWR,46,17,29,0.3695652174,0.0001803914494,1866,36.09780121,-79.93730164,40.69250107,-74.16870117
labeled_all,255001,45000,HNL-LAS,HNL,LAS,46,4,42,0.08695652174,0.0001803914494,1867,21.31870079,-157.9219971,36.08010101,-115.1520004
labeled_all,255001,45000,IAD-LGA,IAD,LGA,46,14,32,0.3043478261,0.0001803914494,1868,38.94449997,-77.45580292,40.77719879,-73.87259674
labeled_all,255001,45000,IAD-SAN,IAD,SAN,46,8,38,0.1739130435,0.0001803914494,1869,38.94449997,-77.45580292,32.73360062,-117.1900024
labeled_all,255001,45000,IAH-OMA,IAH,OMA,46,4,42,0.08695652174,0.0001803914494,1870,29.9843998,-95.34140015,41.30319977,-95.89409637
labeled_all,255001,45000,IAH-SDF,IAH,SDF,46,2,44,0.04347826087,0.0001803914494,1871,29.9843998,-95.34140015,38.17440033,-85.73600006
labeled_all,255001,45000,IAH-TUS,IAH,TUS,46,5,41,0.1086956522,0.0001803914494,1872,29.9843998,-95.34140015,32.11610031,-110.9410019
labeled_all,255001,45000,IAH-XNA,IAH,XNA,46,4,42,0.08695652174,0.0001803914494,1873,29.9843998,-95.34140015,36.2818985,-94.30680084
labeled_all,255001,45000,ILM-ATL,ILM,ATL,46,5,41,0.1086956522,0.0001803914494,1874,34.27059937,-77.90260315,33.63669968,-84.42810059
labeled_all,255001,45000,IND-LAX,IND,LAX,46,6,40,0.1304347826,0.0001803914494,1875,39.71730041,-86.29440308,33.94250107,-118.4079971
labeled_all,255001,45000,JAX-DCA,JAX,DCA,46,7,39,0.152173913,0.0001803914494,1876,30.49410057,-81.68789673,38.85210037,-77.03769684
labeled_all,255001,45000,JFK-PWM,JFK,PWM,46,7,39,0.152173913,0.0001803914494,1877,40.63980103,-73.77890015,43.64619827,-70.30930328
labeled_all,255001,45000,JNU-SEA,JNU,SEA,46,8,38,0.1739130435,0.0001803914494,1878,58.35499954,-134.576004,47.44900131,-122.3089981
labeled_all,255001,45000,LAS-BNA,LAS,BNA,46,10,36,0.2173913043,0.0001803914494,1879,36.08010101,-115.1520004,36.12450027,-86.67819977
labeled_all,255001,45000,LAS-HNL,LAS,HNL,46,11,35,0.2391304348,0.0001803914494,1880,36.08010101,-115.1520004,21.31870079,-157.9219971
labeled_all,255001,45000,LAX-CLE,LAX,CLE,46,5,41,0.1086956522,0.0001803914494,1881,33.94250107,-118.4079971,41.4117012,-81.84980011
labeled_all,255001,45000,LAX-DCA,LAX,DCA,46,7,39,0.152173913,0.0001803914494,1882,33.94250107,-118.4079971,38.85210037,-77.03769684
labeled_all,255001,45000,LIT-DAL,LIT,DAL,46,8,38,0.1739130435,0.0001803914494,1883,34.72940063,-92.22429657,32.8470993,-96.85179901
labeled_all,255001,45000,MCI-BWI,MCI,BWI,46,2,44,0.04347826087,0.0001803914494,1884,39.29759979,-94.71389771,39.17539978,-76.66829681
labeled_all,255001,45000,MDW-FLL,MDW,FLL,46,10,36,0.2173913043,0.0001803914494,1885,41.7859993,-87.75240326,26.07259941,-80.15270233
labeled_all,255001,45000,MDW-RSW,MDW,RSW,46,10,36,0.2173913043,0.0001803914494,1886,41.7859993,-87.75240326,26.53619957,-81.75520325
labeled_all,255001,45000,MSP-MIA,MSP,MIA,46,4,42,0.08695652174,0.0001803914494,1887,44.88199997,-93.22180176,25.79319954,-80.29060364
labeled_all,255001,45000,MSY-LAS,MSY,LAS,46,8,38,0.1739130435,0.0001803914494,1888,29.99340057,-90.25800323,36.08010101,-115.1520004
labeled_all,255001,45000,OAK-MDW,OAK,MDW,46,6,40,0.1304347826,0.0001803914494,1889,37.72129822,-122.2210007,41.7859993,-87.75240326
labeled_all,255001,45000,ORD-ABQ,ORD,ABQ,46,12,34,0.2608695652,0.0001803914494,1890,41.97859955,-87.90480042,35.04019928,-106.6090012
labeled_all,255001,45000,PBI-PHL,PBI,PHL,46,11,35,0.2391304348,0.0001803914494,1891,26.68320084,-80.09559631,39.87189865,-75.2410965
labeled_all,255001,45000,PDX-DFW,PDX,DFW,46,3,43,0.0652173913,0.0001803914494,1892,45.58869934,-122.5979996,32.89680099,-97.03800201
labeled_all,255001,45000,PHL-MDT,PHL,MDT,46,8,38,0.1739130435,0.0001803914494,1893,39.87189865,-75.2410965,40.19350052,-76.76339722
labeled_all,255001,45000,PHL-ROC,PHL,ROC,46,11,35,0.2391304348,0.0001803914494,1894,39.87189865,-75.2410965,43.1189003,-77.67240143
labeled_all,255001,45000,PHX-BOS,PHX,BOS,46,11,35,0.2391304348,0.0001803914494,1895,33.43429947,-112.012001,42.36429977,-71.00520325
labeled_all,255001,45000,PHX-MKE,PHX,MKE,46,5,41,0.1086956522,0.0001803914494,1896,33.43429947,-112.012001,42.94720078,-87.89659882
labeled_all,255001,45000,RDU-DTW,RDU,DTW,46,8,38,0.1739130435,0.0001803914494,1897,35.87760162,-78.78749847,42.21239853,-83.35340118
labeled_all,255001,45000,RDU-MDW,RDU,MDW,46,4,42,0.08695652174,0.0001803914494,1898,35.87760162,-78.78749847,41.7859993,-87.75240326
labeled_all,255001,45000,SAV-ORD,SAV,ORD,46,16,30,0.347826087,0.0001803914494,1899,32.12760162,-81.20210266,41.97859955,-87.90480042
labeled_all,255001,45000,SBP-SFO,SBP,SFO,46,11,35,0.2391304348,0.0001803914494,1900,35.23680115,-120.6419983,37.61899948,-122.375
labeled_all,255001,45000,SCE-ORD,SCE,ORD,46,4,42,0.08695652174,0.0001803914494,1901,40.84930038,-77.84870148,41.97859955,-87.90480042
labeled_all,255001,45000,SJU-EWR,SJU,EWR,46,19,27,0.4130434783,0.0001803914494,1902,18.43939972,-66.00180054,40.69250107,-74.16870117
labeled_all,255001,45000,STL-BOS,STL,BOS,46,10,36,0.2173913043,0.0001803914494,1903,38.74869919,-90.37000275,42.36429977,-71.00520325
labeled_all,255001,45000,TYR-DFW,TYR,DFW,46,3,43,0.0652173913,0.0001803914494,1904,32.35409927,-95.40239716,32.89680099,-97.03800201
labeled_all,255001,45000,AMA-IAH,AMA,IAH,45,7,38,0.1555555556,0.0001764698962,1905,35.2193985,-101.7060013,29.9843998,-95.34140015
labeled_all,255001,45000,ATL-GPT,ATL,GPT,45,5,40,0.1111111111,0.0001764698962,1906,33.63669968,-84.42810059,30.40730095,-89.07009888
labeled_all,255001,45000,BOI-GEG,BOI,GEG,45,3,42,0.06666666667,0.0001764698962,1907,43.56439972,-116.2229996,47.61989975,-117.5339966
labeled_all,255001,45000,CHS-BWI,CHS,BWI,45,5,40,0.1111111111,0.0001764698962,1908,32.89860153,-80.04049683,39.17539978,-76.66829681
labeled_all,255001,45000,CLT-CAK,CLT,CAK,45,13,32,0.2888888889,0.0001764698962,1909,35.2140007,-80.94309998,40.91609955,-81.44219971
labeled_all,255001,45000,CLT-DAY,CLT,DAY,45,8,37,0.1777777778,0.0001764698962,1910,35.2140007,-80.94309998,39.90240097,-84.2193985
labeled_all,255001,45000,DEN-MAF,DEN,MAF,45,5,40,0.1111111111,0.0001764698962,1911,39.86169815,-104.6729965,31.94249916,-102.2020035
labeled_all,255001,45000,DFW-ABI,DFW,ABI,45,10,35,0.2222222222,0.0001764698962,1912,32.89680099,-97.03800201,32.41130066,-99.68190002
labeled_all,255001,45000,DFW-CLE,DFW,CLE,45,11,34,0.2444444444,0.0001764698962,1913,32.89680099,-97.03800201,41.4117012,-81.84980011
labeled_all,255001,45000,DFW-PDX,DFW,PDX,45,8,37,0.1777777778,0.0001764698962,1914,32.89680099,-97.03800201,45.58869934,-122.5979996
labeled_all,255001,45000,DTW-JFK,DTW,JFK,45,9,36,0.2,0.0001764698962,1915,42.21239853,-83.35340118,40.63980103,-73.77890015
labeled_all,255001,45000,DTW-PIT,DTW,PIT,45,7,38,0.1555555556,0.0001764698962,1916,42.21239853,-83.35340118,40.49150085,-80.23290253
labeled_all,255001,45000,DTW-SLC,DTW,SLC,45,2,43,0.04444444444,0.0001764698962,1917,42.21239853,-83.35340118,40.78839874,-111.9779968
labeled_all,255001,45000,GEG-SLC,GEG,SLC,45,5,40,0.1111111111,0.0001764698962,1918,47.61989975,-117.5339966,40.78839874,-111.9779968
labeled_all,255001,45000,HOU-CRP,HOU,CRP,45,10,35,0.2222222222,0.0001764698962,1919,29.64539909,-95.27890015,27.77039909,-97.50119781
labeled_all,255001,45000,IAD-CAE,IAD,CAE,45,9,36,0.2,0.0001764698962,1920,38.94449997,-77.45580292,33.93880081,-81.11949921
labeled_all,255001,45000,IAH-GPT,IAH,GPT,45,11,34,0.2444444444,0.0001764698962,1921,29.9843998,-95.34140015,30.40730095,-89.07009888
labeled_all,255001,45000,IAH-TYS,IAH,TYS,45,5,40,0.1111111111,0.0001764698962,1922,29.9843998,-95.34140015,35.81100082,-83.9940033
labeled_all,255001,45000,JFK-DEN,JFK,DEN,45,11,34,0.2444444444,0.0001764698962,1923,40.63980103,-73.77890015,39.86169815,-104.6729965
labeled_all,255001,45000,JHM-HNL,JHM,HNL,45,8,37,0.1777777778,0.0001764698962,1924,20.96290016,-156.6730042,21.31870079,-157.9219971
labeled_all,255001,45000,MAF-HOU,MAF,HOU,45,3,42,0.06666666667,0.0001764698962,1925,31.94249916,-102.2020035,29.64539909,-95.27890015
labeled_all,255001,45000,MCI-SAN,MCI,SAN,45,7,38,0.1555555556,0.0001764698962,1926,39.29759979,-94.71389771,32.73360062,-117.1900024
labeled_all,255001,45000,MDW-SDF,MDW,SDF,45,11,34,0.2444444444,0.0001764698962,1927,41.7859993,-87.75240326,38.17440033,-85.73600006
labeled_all,255001,45000,MKE-EWR,MKE,EWR,45,13,32,0.2888888889,0.0001764698962,1928,42.94720078,-87.89659882,40.69250107,-74.16870117
labeled_all,255001,45000,MSP-JFK,MSP,JFK,45,7,38,0.1555555556,0.0001764698962,1929,44.88199997,-93.22180176,40.63980103,-73.77890015
labeled_all,255001,45000,MSP-RAP,MSP,RAP,45,3,42,0.06666666667,0.0001764698962,1930,44.88199997,-93.22180176,44.04529953,-103.0569992
labeled_all,255001,45000,MSY-BWI,MSY,BWI,45,12,33,0.2666666667,0.0001764698962,1931,29.99340057,-90.25800323,39.17539978,-76.66829681
labeled_all,255001,45000,ORD-ABE,ORD,ABE,45,10,35,0.2222222222,0.0001764698962,1932,41.97859955,-87.90480042,40.65209961,-75.44080353
labeled_all,255001,45000,ORD-AVP,ORD,AVP,45,6,39,0.1333333333,0.0001764698962,1933,41.97859955,-87.90480042,41.33850098,-75.7233963
labeled_all,255001,45000,ORD-SPI,ORD,SPI,45,9,36,0.2,0.0001764698962,1934,41.97859955,-87.90480042,39.84410095,-89.67790222
labeled_all,255001,45000,PHL-LAS,PHL,LAS,45,7,38,0.1555555556,0.0001764698962,1935,39.87189865,-75.2410965,36.08010101,-115.1520004
labeled_all,255001,45000,PHL-PWM,PHL,PWM,45,5,40,0.1111111111,0.0001764698962,1936,39.87189865,-75.2410965,43.64619827,-70.30930328
labeled_all,255001,45000,PHL-RIC,PHL,RIC,45,10,35,0.2222222222,0.0001764698962,1937,39.87189865,-75.2410965,37.50519943,-77.31970215
labeled_all,255001,45000,PHL-SJU,PHL,SJU,45,12,33,0.2666666667,0.0001764698962,1938,39.87189865,-75.2410965,18.43939972,-66.00180054
labeled_all,255001,45000,ROA-ATL,ROA,ATL,45,8,37,0.1777777778,0.0001764698962,1939,37.32550049,-79.97540283,33.63669968,-84.42810059
labeled_all,255001,45000,SAN-AUS,SAN,AUS,45,5,40,0.1111111111,0.0001764698962,1940,32.73360062,-117.1900024,30.19449997,-97.66989899
labeled_all,255001,45000,SAN-EWR,SAN,EWR,45,4,41,0.08888888889,0.0001764698962,1941,32.73360062,-117.1900024,40.69250107,-74.16870117
labeled_all,255001,45000,SBN-ATL,SBN,ATL,45,6,39,0.1333333333,0.0001764698962,1942,41.70869827,-86.31729889,33.63669968,-84.42810059
labeled_all,255001,45000,SEA-EAT,SEA,EAT,45,8,37,0.1777777778,0.0001764698962,1943,47.44900131,-122.3089981,47.39889908,-120.2070007
labeled_all,255001,45000,SFO-EUG,SFO,EUG,45,10,35,0.2222222222,0.0001764698962,1944,37.61899948,-122.375,44.12459946,-123.211998
labeled_all,255001,45000,SFO-KOA,SFO,KOA,45,9,36,0.2,0.0001764698962,1945,37.61899948,-122.375,19.73880005,-156.0460052
labeled_all,255001,45000,SFO-LGB,SFO,LGB,45,7,38,0.1555555556,0.0001764698962,1946,37.61899948,-122.375,33.81769943,-118.1520004
labeled_all,255001,45000,SFO-MCO,SFO,MCO,45,9,36,0.2,0.0001764698962,1947,37.61899948,-122.375,28.42939949,-81.30899811
labeled_all,255001,45000,TRI-ATL,TRI,ATL,45,5,40,0.1111111111,0.0001764698962,1948,36.47520065,-82.40740204,33.63669968,-84.42810059
labeled_all,255001,45000,ALB-PHL,ALB,PHL,44,5,39,0.1136363636,0.0001725483429,1949,42.74829864,-73.80169678,39.87189865,-75.2410965
labeled_all,255001,45000,ATL-DAY,ATL,DAY,44,4,40,0.09090909091,0.0001725483429,1950,33.63669968,-84.42810059,39.90240097,-84.2193985
labeled_all,255001,45000,ATL-MLB,ATL,MLB,44,3,41,0.06818181818,0.0001725483429,1951,33.63669968,-84.42810059,28.10280037,-80.64530182
labeled_all,255001,45000,BNA-MCI,BNA,MCI,44,8,36,0.1818181818,0.0001725483429,1952,36.12450027,-86.67819977,39.29759979,-94.71389771
labeled_all,255001,45000,BWI-CHS,BWI,CHS,44,8,36,0.1818181818,0.0001725483429,1953,39.17539978,-76.66829681,32.89860153,-80.04049683
labeled_all,255001,45000,CHO-ATL,CHO,ATL,44,7,37,0.1590909091,0.0001725483429,1954,38.1385994,-78.45290375,33.63669968,-84.42810059
labeled_all,255001,45000,CLT-TLH,CLT,TLH,44,8,36,0.1818181818,0.0001725483429,1955,35.2140007,-80.94309998,30.39649963,-84.35030365
labeled_all,255001,45000,DAY-DTW,DAY,DTW,44,6,38,0.1363636364,0.0001725483429,1956,39.90240097,-84.2193985,42.21239853,-83.35340118
labeled_all,255001,45000,DEN-MEM,DEN,MEM,44,4,40,0.09090909091,0.0001725483429,1957,39.86169815,-104.6729965,35.04240036,-89.97669983
labeled_all,255001,45000,DEN-MTJ,DEN,MTJ,44,10,34,0.2272727273,0.0001725483429,1958,39.86169815,-104.6729965,38.50979996,-107.8939972
labeled_all,255001,45000,DFW-BTR,DFW,BTR,44,7,37,0.1590909091,0.0001725483429,1959,32.89680099,-97.03800201,30.53319931,-91.14959717
labeled_all,255001,45000,DFW-PIT,DFW,PIT,44,10,34,0.2272727273,0.0001725483429,1960,32.89680099,-97.03800201,40.49150085,-80.23290253
labeled_all,255001,45000,DTW-MSN,DTW,MSN,44,7,37,0.1590909091,0.0001725483429,1961,42.21239853,-83.35340118,43.13990021,-89.33750153
labeled_all,255001,45000,ELP-HOU,ELP,HOU,44,8,36,0.1818181818,0.0001725483429,1962,31.80719948,-106.3779984,29.64539909,-95.27890015
labeled_all,255001,45000,EWR-JAX,EWR,JAX,44,9,35,0.2045454545,0.0001725483429,1963,40.69250107,-74.16870117,30.49410057,-81.68789673
labeled_all,255001,45000,HPN-PBI,HPN,PBI,44,10,34,0.2272727273,0.0001725483429,1964,41.06700134,-73.70760345,26.68320084,-80.09559631
labeled_all,255001,45000,HSV-ORD,HSV,ORD,44,8,36,0.1818181818,0.0001725483429,1965,34.6371994,-86.77510071,41.97859955,-87.90480042
labeled_all,255001,45000,IAD-MDT,IAD,MDT,44,8,36,0.1818181818,0.0001725483429,1966,38.94449997,-77.45580292,40.19350052,-76.76339722
labeled_all,255001,45000,IND-PHX,IND,PHX,44,10,34,0.2272727273,0.0001725483429,1967,39.71730041,-86.29440308,33.43429947,-112.012001
labeled_all,255001,45000,JAX-BWI,JAX,BWI,44,5,39,0.1136363636,0.0001725483429,1968,30.49410057,-81.68789673,39.17539978,-76.66829681
labeled_all,255001,45000,JAX-MIA,JAX,MIA,44,4,40,0.09090909091,0.0001725483429,1969,30.49410057,-81.68789673,25.79319954,-80.29060364
labeled_all,255001,45000,JFK-DFW,JFK,DFW,44,10,34,0.2272727273,0.0001725483429,1970,40.63980103,-73.77890015,32.89680099,-97.03800201
labeled_all,255001,45000,LAX-SBA,LAX,SBA,44,4,40,0.09090909091,0.0001725483429,1971,33.94250107,-118.4079971,34.42620087,-119.8399963
labeled_all,255001,45000,MCO-ALB,MCO,ALB,44,10,34,0.2272727273,0.0001725483429,1972,28.42939949,-81.30899811,42.74829864,-73.80169678
labeled_all,255001,45000,MCO-HPN,MCO,HPN,44,9,35,0.2045454545,0.0001725483429,1973,28.42939949,-81.30899811,41.06700134,-73.70760345
labeled_all,255001,45000,MEM-CLT,MEM,CLT,44,8,36,0.1818181818,0.0001725483429,1974,35.04240036,-89.97669983,35.2140007,-80.94309998
labeled_all,255001,45000,MIA-SFO,MIA,SFO,44,14,30,0.3181818182,0.0001725483429,1975,25.79319954,-80.29060364,37.61899948,-122.375
labeled_all,255001,45000,MSP-GRB,MSP,GRB,44,6,38,0.1363636364,0.0001725483429,1976,44.88199997,-93.22180176,44.48509979,-88.12960052
labeled_all,255001,45000,OKC-PHX,OKC,PHX,44,10,34,0.2272727273,0.0001725483429,1977,35.39310074,-97.60070038,33.43429947,-112.012001
labeled_all,255001,45000,OMA-PHX,OMA,PHX,44,8,36,0.1818181818,0.0001725483429,1978,41.30319977,-95.89409637,33.43429947,-112.012001
labeled_all,255001,45000,ORD-PWM,ORD,PWM,44,16,28,0.3636363636,0.0001725483429,1979,41.97859955,-87.90480042,43.64619827,-70.30930328
labeled_all,255001,45000,PHL-BDL,PHL,BDL,44,4,40,0.09090909091,0.0001725483429,1980,39.87189865,-75.2410965,41.93889999,-72.68319702
labeled_all,255001,45000,PHX-BWI,PHX,BWI,44,9,35,0.2045454545,0.0001725483429,1981,33.43429947,-112.012001,39.17539978,-76.66829681
labeled_all,255001,45000,PSP-PHX,PSP,PHX,44,2,42,0.04545454545,0.0001725483429,1982,33.82970047,-116.5070038,33.43429947,-112.012001
labeled_all,255001,45000,RDU-MSP,RDU,MSP,44,8,36,0.1818181818,0.0001725483429,1983,35.87760162,-78.78749847,44.88199997,-93.22180176
labeled_all,255001,45000,RNO-SJC,RNO,SJC,44,5,39,0.1136363636,0.0001725483429,1984,39.49909973,-119.7679977,37.36259842,-121.9290009
labeled_all,255001,45000,RSW-JFK,RSW,JFK,44,12,32,0.2727272727,0.0001725483429,1985,26.53619957,-81.75520325,40.63980103,-73.77890015
labeled_all,255001,45000,SAN-STL,SAN,STL,44,6,38,0.1363636364,0.0001725483429,1986,32.73360062,-117.1900024,38.74869919,-90.37000275
labeled_all,255001,45000,SDF-LGA,SDF,LGA,44,11,33,0.25,0.0001725483429,1987,38.17440033,-85.73600006,40.77719879,-73.87259674
labeled_all,255001,45000,SEA-DAL,SEA,DAL,44,10,34,0.2272727273,0.0001725483429,1988,47.44900131,-122.3089981,32.8470993,-96.85179901
labeled_all,255001,45000,SEA-MCO,SEA,MCO,44,8,36,0.1818181818,0.0001725483429,1989,47.44900131,-122.3089981,28.42939949,-81.30899811
labeled_all,255001,45000,SFO-CLT,SFO,CLT,44,11,33,0.25,0.0001725483429,1990,37.61899948,-122.375,35.2140007,-80.94309998
labeled_all,255001,45000,SFO-RDD,SFO,RDD,44,6,38,0.1363636364,0.0001725483429,1991,37.61899948,-122.375,40.50899887,-122.2929993
labeled_all,255001,45000,SJU-ATL,SJU,ATL,44,3,41,0.06818181818,0.0001725483429,1992,18.43939972,-66.00180054,33.63669968,-84.42810059
labeled_all,255001,45000,VPS-IAH,VPS,IAH,44,4,40,0.09090909091,0.0001725483429,1993,30.48320007,-86.52539825,29.9843998,-95.34140015
labeled_all,255001,45000,YKM-SEA,YKM,SEA,44,8,36,0.1818181818,0.0001725483429,1994,46.56819916,-120.5439987,47.44900131,-122.3089981
labeled_all,255001,45000,ABQ-HOU,ABQ,HOU,43,8,35,0.1860465116,0.0001686267897,1995,35.04019928,-106.6090012,29.64539909,-95.27890015
labeled_all,255001,45000,ABQ-SFO,ABQ,SFO,43,9,34,0.2093023256,0.0001686267897,1996,35.04019928,-106.6090012,37.61899948,-122.375
labeled_all,255001,45000,ACT-DFW,ACT,DFW,43,4,39,0.09302325581,0.0001686267897,1997,31.61129951,-97.23049927,32.89680099,-97.03800201
labeled_all,255001,45000,ATL-DAB,ATL,DAB,43,2,41,0.04651162791,0.0001686267897,1998,33.63669968,-84.42810059,29.17989922,-81.05809784
labeled_all,255001,45000,ATL-ROA,ATL,ROA,43,9,34,0.2093023256,0.0001686267897,1999,33.63669968,-84.42810059,37.32550049,-79.97540283
labeled_all,255001,45000,BGR-LGA,BGR,LGA,43,7,36,0.1627906977,0.0001686267897,2000,44.80739975,-68.82810211,40.77719879,-73.87259674
labeled_all,255001,45000,BNA-LAS,BNA,LAS,43,6,37,0.1395348837,0.0001686267897,2001,36.12450027,-86.67819977,36.08010101,-115.1520004
labeled_all,255001,45000,BOS-AUS,BOS,AUS,43,10,33,0.2325581395,0.0001686267897,2002,42.36429977,-71.00520325,30.19449997,-97.66989899
labeled_all,255001,45000,BOS-MKE,BOS,MKE,43,3,40,0.06976744186,0.0001686267897,2003,42.36429977,-71.00520325,42.94720078,-87.89659882
labeled_all,255001,45000,CLT-PNS,CLT,PNS,43,10,33,0.2325581395,0.0001686267897,2004,35.2140007,-80.94309998,30.47340012,-87.18659973
labeled_all,255001,45000,DAL-LIT,DAL,LIT,43,11,32,0.2558139535,0.0001686267897,2005,32.8470993,-96.85179901,34.72940063,-92.22429657
labeled_all,255001,45000,DEN-FCA,DEN,FCA,43,9,34,0.2093023256,0.0001686267897,2006,39.86169815,-104.6729965,48.3105011,-114.2559967
labeled_all,255001,45000,DFW-ACT,DFW,ACT,43,6,37,0.1395348837,0.0001686267897,2007,32.89680099,-97.03800201,31.61129951,-97.23049927
labeled_all,255001,45000,DFW-SJT,DFW,SJT,43,1,42,0.02325581395,0.0001686267897,2008,32.89680099,-97.03800201,31.35770035,-100.4960022
labeled_all,255001,45000,DHN-ATL,DHN,ATL,43,4,39,0.09302325581,0.0001686267897,2009,31.32130051,-85.44960022,33.63669968,-84.42810059
labeled_all,255001,45000,DTW-LAN,DTW,LAN,43,6,37,0.1395348837,0.0001686267897,2010,42.21239853,-83.35340118,42.77870178,-84.58740234
labeled_all,255001,45000,GRR-EWR,GRR,EWR,43,12,31,0.2790697674,0.0001686267897,2011,42.88079834,-85.52279663,40.69250107,-74.16870117
labeled_all,255001,45000,GSO-IAD,GSO,IAD,43,6,37,0.1395348837,0.0001686267897,2012,36.09780121,-79.93730164,38.94449997,-77.45580292
labeled_all,255001,45000,IAD-CVG,IAD,CVG,43,8,35,0.1860465116,0.0001686267897,2013,38.94449997,-77.45580292,39.04880142,-84.6678009
labeled_all,255001,45000,JAX-DFW,JAX,DFW,43,8,35,0.1860465116,0.0001686267897,2014,30.49410057,-81.68789673,32.89680099,-97.03800201
labeled_all,255001,45000,JAX-IAH,JAX,IAH,43,8,35,0.1860465116,0.0001686267897,2015,30.49410057,-81.68789673,29.9843998,-95.34140015
labeled_all,255001,45000,LAS-PHL,LAS,PHL,43,8,35,0.1860465116,0.0001686267897,2016,36.08010101,-115.1520004,39.87189865,-75.2410965
labeled_all,255001,45000,LAX-ELP,LAX,ELP,43,10,33,0.2325581395,0.0001686267897,2017,33.94250107,-118.4079971,31.80719948,-106.3779984
labeled_all,255001,45000,LIT-CLT,LIT,CLT,43,6,37,0.1395348837,0.0001686267897,2018,34.72940063,-92.22429657,35.2140007,-80.94309998
labeled_all,255001,45000,MCI-SEA,MCI,SEA,43,6,37,0.1395348837,0.0001686267897,2019,39.29759979,-94.71389771,47.44900131,-122.3089981
labeled_all,255001,45000,MDW-BDL,MDW,BDL,43,13,30,0.3023255814,0.0001686267897,2020,41.7859993,-87.75240326,41.93889999,-72.68319702
labeled_all,255001,45000,MHT-PHL,MHT,PHL,43,7,36,0.1627906977,0.0001686267897,2021,42.93259811,-71.43569946,39.87189865,-75.2410965
labeled_all,255001,45000,MSP-CVG,MSP,CVG,43,5,38,0.1162790698,0.0001686267897,2022,44.88199997,-93.22180176,39.04880142,-84.6678009
labeled_all,255001,45000,PBI-CLT,PBI,CLT,43,5,38,0.1162790698,0.0001686267897,2023,26.68320084,-80.09559631,35.2140007,-80.94309998
labeled_all,255001,45000,PHL-BTV,PHL,BTV,43,3,40,0.06976744186,0.0001686267897,2024,39.87189865,-75.2410965,44.47190094,-73.15329742
labeled_all,255001,45000,PHX-BNA,PHX,BNA,43,9,34,0.2093023256,0.0001686267897,2025,33.43429947,-112.012001,36.12450027,-86.67819977
labeled_all,255001,45000,PIT-TPA,PIT,TPA,43,2,41,0.04651162791,0.0001686267897,2026,40.49150085,-80.23290253,27.97550011,-82.53320312
labeled_all,255001,45000,RAP-MSP,RAP,MSP,43,4,39,0.09302325581,0.0001686267897,2027,44.04529953,-103.0569992,44.88199997,-93.22180176
labeled_all,255001,45000,SEA-PSP,SEA,PSP,43,10,33,0.2325581395,0.0001686267897,2028,47.44900131,-122.3089981,33.82970047,-116.5070038
labeled_all,255001,45000,SLC-FCA,SLC,FCA,43,8,35,0.1860465116,0.0001686267897,2029,40.78839874,-111.9779968,48.3105011,-114.2559967
labeled_all,255001,45000,SLC-SMF,SLC,SMF,43,10,33,0.2325581395,0.0001686267897,2030,40.78839874,-111.9779968,38.69540024,-121.5910034
labeled_all,255001,45000,STS-LAX,STS,LAX,43,6,37,0.1395348837,0.0001686267897,2031,38.50899887,-122.8130035,33.94250107,-118.4079971
labeled_all,255001,45000,YUM-PHX,YUM,PHX,43,4,39,0.09302325581,0.0001686267897,2032,32.65660095,-114.6060028,33.43429947,-112.012001
labeled_all,255001,45000,ABE-ORD,ABE,ORD,42,15,27,0.3571428571,0.0001647052365,2033,40.65209961,-75.44080353,41.97859955,-87.90480042
labeled_all,255001,45000,ABQ-SAN,ABQ,SAN,42,5,37,0.119047619,0.0001647052365,2034,35.04019928,-106.6090012,32.73360062,-117.1900024
labeled_all,255001,45000,ATL-OAJ,ATL,OAJ,42,6,36,0.1428571429,0.0001647052365,2035,33.63669968,-84.42810059,34.82920074,-77.61209869
labeled_all,255001,45000,AUS-CLT,AUS,CLT,42,8,34,0.1904761905,0.0001647052365,2036,30.19449997,-97.66989899,35.2140007,-80.94309998
labeled_all,255001,45000,BNA-HOU,BNA,HOU,42,7,35,0.1666666667,0.0001647052365,2037,36.12450027,-86.67819977,29.64539909,-95.27890015
labeled_all,255001,45000,BOS-SAN,BOS,SAN,42,4,38,0.09523809524,0.0001647052365,2038,42.36429977,-71.00520325,32.73360062,-117.1900024
labeled_all,255001,45000,BUF-IAD,BUF,IAD,42,4,38,0.09523809524,0.0001647052365,2039,42.94049835,-78.73220062,38.94449997,-77.45580292
labeled_all,255001,45000,CLT-CRW,CLT,CRW,42,12,30,0.2857142857,0.0001647052365,2040,35.2140007,-80.94309998,38.37310028,-81.59320068
labeled_all,255001,45000,CLT-SRQ,CLT,SRQ,42,9,33,0.2142857143,0.0001647052365,2041,35.2140007,-80.94309998,27.39539909,-82.55439758
labeled_all,255001,45000,CMH-TPA,CMH,TPA,42,9,33,0.2142857143,0.0001647052365,2042,39.9980011,-82.89189911,27.97550011,-82.53320312
labeled_all,255001,45000,COS-DFW,COS,DFW,42,4,38,0.09523809524,0.0001647052365,2043,38.80580139,-104.7009964,32.89680099,-97.03800201
labeled_all,255001,45000,DCA-PWM,DCA,PWM,42,13,29,0.3095238095,0.0001647052365,2044,38.85210037,-77.03769684,43.64619827,-70.30930328
labeled_all,255001,45000,DEN-SDF,DEN,SDF,42,12,30,0.2857142857,0.0001647052365,2045,39.86169815,-104.6729965,38.17440033,-85.73600006
labeled_all,255001,45000,DFW-COS,DFW,COS,42,14,28,0.3333333333,0.0001647052365,2046,32.89680099,-97.03800201,38.80580139,-104.7009964
labeled_all,255001,45000,DTW-AZO,DTW,AZO,42,6,36,0.1428571429,0.0001647052365,2047,42.21239853,-83.35340118,42.23490143,-85.55210114
labeled_all,255001,45000,DTW-TVC,DTW,TVC,42,10,32,0.2380952381,0.0001647052365,2048,42.21239853,-83.35340118,44.74140167,-85.5821991
labeled_all,255001,45000,FAT-SEA,FAT,SEA,42,4,38,0.09523809524,0.0001647052365,2049,36.77619934,-119.7180023,47.44900131,-122.3089981
labeled_all,255001,45000,FCA-DEN,FCA,DEN,42,8,34,0.1904761905,0.0001647052365,2050,48.3105011,-114.2559967,39.86169815,-104.6729965
labeled_all,255001,45000,FLL-DAL,FLL,DAL,42,11,31,0.2619047619,0.0001647052365,2051,26.07259941,-80.15270233,32.8470993,-96.85179901
labeled_all,255001,45000,GRR-ATL,GRR,ATL,42,5,37,0.119047619,0.0001647052365,2052,42.88079834,-85.52279663,33.63669968,-84.42810059
labeled_all,255001,45000,HOU-LGA,HOU,LGA,42,15,27,0.3571428571,0.0001647052365,2053,29.64539909,-95.27890015,40.77719879,-73.87259674
labeled_all,255001,45000,ICT-IAH,ICT,IAH,42,10,32,0.2380952381,0.0001647052365,2054,37.64989853,-97.43309784,29.9843998,-95.34140015
labeled_all,255001,45000,JFK-BWI,JFK,BWI,42,8,34,0.1904761905,0.0001647052365,2055,40.63980103,-73.77890015,39.17539978,-76.66829681
labeled_all,255001,45000,LBB-DEN,LBB,DEN,42,5,37,0.119047619,0.0001647052365,2056,33.66360092,-101.822998,39.86169815,-104.6729965
labeled_all,255001,45000,MDW-BUF,MDW,BUF,42,12,30,0.2857142857,0.0001647052365,2057,41.7859993,-87.75240326,42.94049835,-78.73220062
labeled_all,255001,45000,MDW-MHT,MDW,MHT,42,6,36,0.1428571429,0.0001647052365,2058,41.7859993,-87.75240326,42.93259811,-71.43569946
labeled_all,255001,45000,MOB-CLT,MOB,CLT,42,9,33,0.2142857143,0.0001647052365,2059,30.69120026,-88.24279785,35.2140007,-80.94309998
labeled_all,255001,45000,MSP-GFK,MSP,GFK,42,4,38,0.09523809524,0.0001647052365,2060,44.88199997,-93.22180176,47.94929886,-97.17610168
labeled_all,255001,45000,PDX-BUR,PDX,BUR,42,3,39,0.07142857143,0.0001647052365,2061,45.58869934,-122.5979996,34.20069885,-118.3590012
labeled_all,255001,45000,PHL-CLE,PHL,CLE,42,5,37,0.119047619,0.0001647052365,2062,39.87189865,-75.2410965,41.4117012,-81.84980011
labeled_all,255001,45000,PHL-RSW,PHL,RSW,42,10,32,0.2380952381,0.0001647052365,2063,39.87189865,-75.2410965,26.53619957,-81.75520325
labeled_all,255001,45000,PHX-PSP,PHX,PSP,42,3,39,0.07142857143,0.0001647052365,2064,33.43429947,-112.012001,33.82970047,-116.5070038
labeled_all,255001,45000,PVD-ORD,PVD,ORD,42,9,33,0.2142857143,0.0001647052365,2065,41.73260117,-71.42040253,41.97859955,-87.90480042
labeled_all,255001,45000,RDM-PDX,RDM,PDX,42,4,38,0.09523809524,0.0001647052365,2066,44.2541008,-121.1500015,45.58869934,-122.5979996
labeled_all,255001,45000,RSW-PHL,RSW,PHL,42,9,33,0.2142857143,0.0001647052365,2067,26.53619957,-81.75520325,39.87189865,-75.2410965
labeled_all,255001,45000,SAV-EWR,SAV,EWR,42,11,31,0.2619047619,0.0001647052365,2068,32.12760162,-81.20210266,40.69250107,-74.16870117
labeled_all,255001,45000,SEA-MFR,SEA,MFR,42,2,40,0.04761904762,0.0001647052365,2069,47.44900131,-122.3089981,42.37419891,-122.8730011
labeled_all,255001,45000,SLC-SNA,SLC,SNA,42,4,38,0.09523809524,0.0001647052365,2070,40.78839874,-111.9779968,33.67570114,-117.8679962
labeled_all,255001,45000,STL-SEA,STL,SEA,42,7,35,0.1666666667,0.0001647052365,2071,38.74869919,-90.37000275,47.44900131,-122.3089981
labeled_all,255001,45000,TPA-MSY,TPA,MSY,42,3,39,0.07142857143,0.0001647052365,2072,27.97550011,-82.53320312,29.99340057,-90.25800323
labeled_all,255001,45000,ABQ-ORD,ABQ,ORD,41,8,33,0.1951219512,0.0001607836832,2073,35.04019928,-106.6090012,41.97859955,-87.90480042
labeled_all,255001,45000,ATL-BUF,ATL,BUF,41,5,36,0.1219512195,0.0001607836832,2074,33.63669968,-84.42810059,42.94049835,-78.73220062
labeled_all,255001,45000,ATL-CHO,ATL,CHO,41,5,36,0.1219512195,0.0001607836832,2075,33.63669968,-84.42810059,38.1385994,-78.45290375
labeled_all,255001,45000,ATL-CSG,ATL,CSG,41,2,39,0.0487804878,0.0001607836832,2076,33.63669968,-84.42810059,32.5163002,-84.93890381
labeled_all,255001,45000,ATL-PDX,ATL,PDX,41,5,36,0.1219512195,0.0001607836832,2077,33.63669968,-84.42810059,45.58869934,-122.5979996
labeled_all,255001,45000,AVP-CLT,AVP,CLT,41,6,35,0.1463414634,0.0001607836832,2078,41.33850098,-75.7233963,35.2140007,-80.94309998
labeled_all,255001,45000,BWI-AUS,BWI,AUS,41,11,30,0.2682926829,0.0001607836832,2079,39.17539978,-76.66829681,30.19449997,-97.66989899
labeled_all,255001,45000,BWI-STL,BWI,STL,41,7,34,0.1707317073,0.0001607836832,2080,39.17539978,-76.66829681,38.74869919,-90.37000275
labeled_all,255001,45000,CHO-ORD,CHO,ORD,41,9,32,0.2195121951,0.0001607836832,2081,38.1385994,-78.45290375,41.97859955,-87.90480042
labeled_all,255001,45000,CHS-PHL,CHS,PHL,41,9,32,0.2195121951,0.0001607836832,2082,32.89860153,-80.04049683,39.87189865,-75.2410965
labeled_all,255001,45000,CID-MSP,CID,MSP,41,11,30,0.2682926829,0.0001607836832,2083,41.88470078,-91.71080017,44.88199997,-93.22180176
labeled_all,255001,45000,CLE-JFK,CLE,JFK,41,6,35,0.1463414634,0.0001607836832,2084,41.4117012,-81.84980011,40.63980103,-73.77890015
labeled_all,255001,45000,CLT-EWN,CLT,EWN,41,2,39,0.0487804878,0.0001607836832,2085,35.2140007,-80.94309998,35.07300186,-77.04290009
labeled_all,255001,45000,CMH-LAS,CMH,LAS,41,6,35,0.1463414634,0.0001607836832,2086,39.9980011,-82.89189911,36.08010101,-115.1520004
labeled_all,255001,45000,CMH-MSP,CMH,MSP,41,3,38,0.07317073171,0.0001607836832,2087,39.9980011,-82.89189911,44.88199997,-93.22180176
labeled_all,255001,45000,DCA-HOU,DCA,HOU,41,9,32,0.2195121951,0.0001607836832,2088,38.85210037,-77.03769684,29.64539909,-95.27890015
labeled_all,255001,45000,DEN-LBB,DEN,LBB,41,7,34,0.1707317073,0.0001607836832,2089,39.86169815,-104.6729965,33.66360092,-101.822998
labeled_all,255001,45000,DFW-LFT,DFW,LFT,41,6,35,0.1463414634,0.0001607836832,2090,32.89680099,-97.03800201,30.20529938,-91.98760223
labeled_all,255001,45000,DTW-TYS,DTW,TYS,41,3,38,0.07317073171,0.0001607836832,2091,42.21239853,-83.35340118,35.81100082,-83.9940033
labeled_all,255001,45000,HLN-SLC,HLN,SLC,41,4,37,0.09756097561,0.0001607836832,2092,46.60680008,-111.9830017,40.78839874,-111.9779968
labeled_all,255001,45000,HOU-FLL,HOU,FLL,41,5,36,0.1219512195,0.0001607836832,2093,29.64539909,-95.27890015,26.07259941,-80.15270233
labeled_all,255001,45000,HOU-OKC,HOU,OKC,41,8,33,0.1951219512,0.0001607836832,2094,29.64539909,-95.27890015,35.39310074,-97.60070038
labeled_all,255001,45000,IAD-TPA,IAD,TPA,41,8,33,0.1951219512,0.0001607836832,2095,38.94449997,-77.45580292,27.97550011,-82.53320312
labeled_all,255001,45000,IND-DFW,IND,DFW,41,6,35,0.1463414634,0.0001607836832,2096,39.71730041,-86.29440308,32.89680099,-97.03800201
labeled_all,255001,45000,IND-MSP,IND,MSP,41,7,34,0.1707317073,0.0001607836832,2097,39.71730041,-86.29440308,44.88199997,-93.22180176
labeled_all,255001,45000,LAX-STS,LAX,STS,41,7,34,0.1707317073,0.0001607836832,2098,33.94250107,-118.4079971,38.50899887,-122.8130035
labeled_all,255001,45000,LGA-HOU,LGA,HOU,41,7,34,0.1707317073,0.0001607836832,2099,40.77719879,-73.87259674,29.64539909,-95.27890015
labeled_all,255001,45000,LGB-SFO,LGB,SFO,41,4,37,0.09756097561,0.0001607836832,2100,33.81769943,-118.1520004,37.61899948,-122.375
labeled_all,255001,45000,MBS-DTW,MBS,DTW,41,4,37,0.09756097561,0.0001607836832,2101,43.53290176,-84.07959747,42.21239853,-83.35340118
labeled_all,255001,45000,MCI-CLT,MCI,CLT,41,4,37,0.09756097561,0.0001607836832,2102,39.29759979,-94.71389771,35.2140007,-80.94309998
labeled_all,255001,45000,MCI-EWR,MCI,EWR,41,10,31,0.243902439,0.0001607836832,2103,39.29759979,-94.71389771,40.69250107,-74.16870117
labeled_all,255001,45000,MIA-JAX,MIA,JAX,41,5,36,0.1219512195,0.0001607836832,2104,25.79319954,-80.29060364,30.49410057,-81.68789673
labeled_all,255001,45000,MTJ-DEN,MTJ,DEN,41,6,35,0.1463414634,0.0001607836832,2105,38.50979996,-107.8939972,39.86169815,-104.6729965
labeled_all,255001,45000,OMA-LAS,OMA,LAS,41,12,29,0.2926829268,0.0001607836832,2106,41.30319977,-95.89409637,36.08010101,-115.1520004
labeled_all,255001,45000,ORD-COU,ORD,COU,41,12,29,0.2926829268,0.0001607836832,2107,41.97859955,-87.90480042,38.81809998,-92.21959686
labeled_all,255001,45000,ORD-ROA,ORD,ROA,41,9,32,0.2195121951,0.0001607836832,2108,41.97859955,-87.90480042,37.32550049,-79.97540283
labeled_all,255001,45000,PAH-ORD,PAH,ORD,41,11,30,0.2682926829,0.0001607836832,2109,37.06079864,-88.77380371,41.97859955,-87.90480042
labeled_all,255001,45000,PHL-SYR,PHL,SYR,41,5,36,0.1219512195,0.0001607836832,2110,39.87189865,-75.2410965,43.11119843,-76.10630035
labeled_all,255001,45000,PHX-BOI,PHX,BOI,41,11,30,0.2682926829,0.0001607836832,2111,33.43429947,-112.012001,43.56439972,-116.2229996
labeled_all,255001,45000,PIT-MSP,PIT,MSP,41,3,38,0.07317073171,0.0001607836832,2112,40.49150085,-80.23290253,44.88199997,-93.22180176
labeled_all,255001,45000,PIT-PHL,PIT,PHL,41,7,34,0.1707317073,0.0001607836832,2113,40.49150085,-80.23290253,39.87189865,-75.2410965
labeled_all,255001,45000,RDU-MIA,RDU,MIA,41,2,39,0.0487804878,0.0001607836832,2114,35.87760162,-78.78749847,25.79319954,-80.29060364
labeled_all,255001,45000,RDU-SFO,RDU,SFO,41,8,33,0.1951219512,0.0001607836832,2115,35.87760162,-78.78749847,37.61899948,-122.375
labeled_all,255001,45000,ROC-LGA,ROC,LGA,41,7,34,0.1707317073,0.0001607836832,2116,43.1189003,-77.67240143,40.77719879,-73.87259674
labeled_all,255001,45000,SAN-BWI,SAN,BWI,41,3,38,0.07317073171,0.0001607836832,2117,32.73360062,-117.1900024,39.17539978,-76.66829681
labeled_all,255001,45000,SAN-MCI,SAN,MCI,41,5,36,0.1219512195,0.0001607836832,2118,32.73360062,-117.1900024,39.29759979,-94.71389771
labeled_all,255001,45000,SFO-TUS,SFO,TUS,41,9,32,0.2195121951,0.0001607836832,2119,37.61899948,-122.375,32.11610031,-110.9410019
labeled_all,255001,45000,SMF-DFW,SMF,DFW,41,9,32,0.2195121951,0.0001607836832,2120,38.69540024,-121.5910034,32.89680099,-97.03800201
labeled_all,255001,45000,STL-SAN,STL,SAN,41,2,39,0.0487804878,0.0001607836832,2121,38.74869919,-90.37000275,32.73360062,-117.1900024
labeled_all,255001,45000,TUL-HOU,TUL,HOU,41,10,31,0.243902439,0.0001607836832,2122,36.19839859,-95.88809967,29.64539909,-95.27890015
labeled_all,255001,45000,AUS-MDW,AUS,MDW,40,8,32,0.2,0.00015686213,2123,30.19449997,-97.66989899,41.7859993,-87.75240326
labeled_all,255001,45000,AUS-MIA,AUS,MIA,40,1,39,0.025,0.00015686213,2124,30.19449997,-97.66989899,25.79319954,-80.29060364
labeled_all,255001,45000,BOI-LAX,BOI,LAX,40,7,33,0.175,0.00015686213,2125,43.56439972,-116.2229996,33.94250107,-118.4079971
labeled_all,255001,45000,BOS-STL,BOS,STL,40,9,31,0.225,0.00015686213,2126,42.36429977,-71.00520325,38.74869919,-90.37000275
labeled_all,255001,45000,BUF-ATL,BUF,ATL,40,5,35,0.125,0.00015686213,2127,42.94049835,-78.73220062,33.63669968,-84.42810059
labeled_all,255001,45000,CHO-IAD,CHO,IAD,40,2,38,0.05,0.00015686213,2128,38.1385994,-78.45290375,38.94449997,-77.45580292
labeled_all,255001,45000,CLT-ROC,CLT,ROC,40,6,34,0.15,0.00015686213,2129,35.2140007,-80.94309998,43.1189003,-77.67240143
labeled_all,255001,45000,CLT-RSW,CLT,RSW,40,7,33,0.175,0.00015686213,2130,35.2140007,-80.94309998,26.53619957,-81.75520325
labeled_all,255001,45000,CLT-SFO,CLT,SFO,40,7,33,0.175,0.00015686213,2131,35.2140007,-80.94309998,37.61899948,-122.375
labeled_all,255001,45000,CMH-PHX,CMH,PHX,40,8,32,0.2,0.00015686213,2132,39.9980011,-82.89189911,33.43429947,-112.012001
labeled_all,255001,45000,DEN-MIA,DEN,MIA,40,9,31,0.225,0.00015686213,2133,39.86169815,-104.6729965,25.79319954,-80.29060364
labeled_all,255001,45000,DEN-MSN,DEN,MSN,40,9,31,0.225,0.00015686213,2134,39.86169815,-104.6729965,43.13990021,-89.33750153
labeled_all,255001,45000,DSM-IAH,DSM,IAH,40,7,33,0.175,0.00015686213,2135,41.5340004,-93.6631012,29.9843998,-95.34140015
labeled_all,255001,45000,DTW-AUS,DTW,AUS,40,4,36,0.1,0.00015686213,2136,42.21239853,-83.35340118,30.19449997,-97.66989899
labeled_all,255001,45000,DTW-BDL,DTW,BDL,40,3,37,0.075,0.00015686213,2137,42.21239853,-83.35340118,41.93889999,-72.68319702
labeled_all,255001,45000,DTW-SBN,DTW,SBN,40,3,37,0.075,0.00015686213,2138,42.21239853,-83.35340118,41.70869827,-86.31729889
labeled_all,255001,45000,ELP-ORD,ELP,ORD,40,12,28,0.3,0.00015686213,2139,31.80719948,-106.3779984,41.97859955,-87.90480042
labeled_all,255001,45000,EWR-GSO,EWR,GSO,40,13,27,0.325,0.00015686213,2140,40.69250107,-74.16870117,36.09780121,-79.93730164
labeled_all,255001,45000,EWR-SAV,EWR,SAV,40,8,32,0.2,0.00015686213,2141,40.69250107,-74.16870117,32.12760162,-81.20210266
labeled_all,255001,45000,FLL-HOU,FLL,HOU,40,8,32,0.2,0.00015686213,2142,26.07259941,-80.15270233,29.64539909,-95.27890015
labeled_all,255001,45000,GNV-CLT,GNV,CLT,40,2,38,0.05,0.00015686213,2143,29.69009972,-82.27179718,35.2140007,-80.94309998
labeled_all,255001,45000,GPT-IAH,GPT,IAH,40,5,35,0.125,0.00015686213,2144,30.40730095,-89.07009888,29.9843998,-95.34140015
labeled_all,255001,45000,GRR-DEN,GRR,DEN,40,7,33,0.175,0.00015686213,2145,42.88079834,-85.52279663,39.86169815,-104.6729965
labeled_all,255001,45000,GRR-MDW,GRR,MDW,40,6,34,0.15,0.00015686213,2146,42.88079834,-85.52279663,41.7859993,-87.75240326
labeled_all,255001,45000,HNL-MKK,HNL,MKK,40,3,37,0.075,0.00015686213,2147,21.31870079,-157.9219971,21.1529007,-157.095993
labeled_all,255001,45000,HPN-MCO,HPN,MCO,40,6,34,0.15,0.00015686213,2148,41.06700134,-73.70760345,28.42939949,-81.30899811
labeled_all,255001,45000,HSV-DFW,HSV,DFW,40,8,32,0.2,0.00015686213,2149,34.6371994,-86.77510071,32.89680099,-97.03800201
labeled_all,255001,45000,IAD-GSP,IAD,GSP,40,8,32,0.2,0.00015686213,2150,38.94449997,-77.45580292,34.89569855,-82.21890259
labeled_all,255001,45000,IAD-SYR,IAD,SYR,40,6,34,0.15,0.00015686213,2151,38.94449997,-77.45580292,43.11119843,-76.10630035
labeled_all,255001,45000,KOA-OGG,KOA,OGG,40,3,37,0.075,0.00015686213,2152,19.73880005,-156.0460052,20.89859962,-156.4299927
labeled_all,255001,45000,LAS-CMH,LAS,CMH,40,11,29,0.275,0.00015686213,2153,36.08010101,-115.1520004,39.9980011,-82.89189911
labeled_all,255001,45000,LAS-MKE,LAS,MKE,40,10,30,0.25,0.00015686213,2154,36.08010101,-115.1520004,42.94720078,-87.89659882
labeled_all,255001,45000,LGA-MEM,LGA,MEM,40,6,34,0.15,0.00015686213,2155,40.77719879,-73.87259674,35.04240036,-89.97669983
labeled_all,255001,45000,MAF-DEN,MAF,DEN,40,5,35,0.125,0.00015686213,2156,31.94249916,-102.2020035,39.86169815,-104.6729965
labeled_all,255001,45000,MCI-STL,MCI,STL,40,10,30,0.25,0.00015686213,2157,39.29759979,-94.71389771,38.74869919,-90.37000275
labeled_all,255001,45000,MEM-HOU,MEM,HOU,40,5,35,0.125,0.00015686213,2158,35.04240036,-89.97669983,29.64539909,-95.27890015
labeled_all,255001,45000,MFR-LAX,MFR,LAX,40,7,33,0.175,0.00015686213,2159,42.37419891,-122.8730011,33.94250107,-118.4079971
labeled_all,255001,45000,MKE-BOS,MKE,BOS,40,8,32,0.2,0.00015686213,2160,42.94720078,-87.89659882,42.36429977,-71.00520325
labeled_all,255001,45000,MKE-LAS,MKE,LAS,40,7,33,0.175,0.00015686213,2161,42.94720078,-87.89659882,36.08010101,-115.1520004
labeled_all,255001,45000,MSP-DSM,MSP,DSM,40,7,33,0.175,0.00015686213,2162,44.88199997,-93.22180176,41.5340004,-93.6631012
labeled_all,255001,45000,PBI-ISP,PBI,ISP,40,6,34,0.15,0.00015686213,2163,26.68320084,-80.09559631,40.79520035,-73.10019684
labeled_all,255001,45000,PDX-ANC,PDX,ANC,40,5,35,0.125,0.00015686213,2164,45.58869934,-122.5979996,61.17440033,-149.9960022
labeled_all,255001,45000,PHL-PIT,PHL,PIT,40,11,29,0.275,0.00015686213,2165,39.87189865,-75.2410965,40.49150085,-80.23290253
labeled_all,255001,45000,PHX-CMH,PHX,CMH,40,6,34,0.15,0.00015686213,2166,33.43429947,-112.012001,39.9980011,-82.89189911
labeled_all,255001,45000,PHX-SBP,PHX,SBP,40,5,35,0.125,0.00015686213,2167,33.43429947,-112.012001,35.23680115,-120.6419983
labeled_all,255001,45000,PSP-SEA,PSP,SEA,40,5,35,0.125,0.00015686213,2168,33.82970047,-116.5070038,47.44900131,-122.3089981
labeled_all,255001,45000,RIC-JFK,RIC,JFK,40,12,28,0.3,0.00015686213,2169,37.50519943,-77.31970215,40.63980103,-73.77890015
labeled_all,255001,45000,SDF-BWI,SDF,BWI,40,6,34,0.15,0.00015686213,2170,38.17440033,-85.73600006,39.17539978,-76.66829681
labeled_all,255001,45000,SDF-IAH,SDF,IAH,40,9,31,0.225,0.00015686213,2171,38.17440033,-85.73600006,29.9843998,-95.34140015
labeled_all,255001,45000,SEA-FCA,SEA,FCA,40,11,29,0.275,0.00015686213,2172,47.44900131,-122.3089981,48.3105011,-114.2559967
labeled_all,255001,45000,SEA-KOA,SEA,KOA,40,9,31,0.225,0.00015686213,2173,47.44900131,-122.3089981,19.73880005,-156.0460052
labeled_all,255001,45000,SFO-BNA,SFO,BNA,40,8,32,0.2,0.00015686213,2174,37.61899948,-122.375,36.12450027,-86.67819977
labeled_all,255001,45000,SGF-CLT,SGF,CLT,40,8,32,0.2,0.00015686213,2175,37.24570084,-93.38860321,35.2140007,-80.94309998
labeled_all,255001,45000,SGF-DEN,SGF,DEN,40,8,32,0.2,0.00015686213,2176,37.24570084,-93.38860321,39.86169815,-104.6729965
labeled_all,255001,45000,SJC-DFW,SJC,DFW,40,5,35,0.125,0.00015686213,2177,37.36259842,-121.9290009,32.89680099,-97.03800201
labeled_all,255001,45000,SNA-MSP,SNA,MSP,40,2,38,0.05,0.00015686213,2178,33.67570114,-117.8679962,44.88199997,-93.22180176
labeled_all,255001,45000,TPA-DAL,TPA,DAL,40,10,30,0.25,0.00015686213,2179,27.97550011,-82.53320312,32.8470993,-96.85179901
labeled_all,255001,45000,TPA-IND,TPA,IND,40,7,33,0.175,0.00015686213,2180,27.97550011,-82.53320312,39.71730041,-86.29440308
labeled_all,255001,45000,TYS-IAD,TYS,IAD,40,6,34,0.15,0.00015686213,2181,35.81100082,-83.9940033,38.94449997,-77.45580292
labeled_all,255001,45000,XNA-CLT,XNA,CLT,40,1,39,0.025,0.00015686213,2182,36.2818985,-94.30680084,35.2140007,-80.94309998
labeled_all,255001,45000,AEX-ATL,AEX,ATL,39,6,33,0.1538461538,0.0001529405767,2183,31.32740021,-92.54979706,33.63669968,-84.42810059
labeled_all,255001,45000,ALB-MCO,ALB,MCO,39,8,31,0.2051282051,0.0001529405767,2184,42.74829864,-73.80169678,28.42939949,-81.30899811
labeled_all,255001,45000,ATL-DHN,ATL,DHN,39,5,34,0.1282051282,0.0001529405767,2185,33.63669968,-84.42810059,31.32130051,-85.44960022
labeled_all,255001,45000,ATL-FAY,ATL,FAY,39,4,35,0.1025641026,0.0001529405767,2186,33.63669968,-84.42810059,34.99119949,-78.88030243
labeled_all,255001,45000,ATL-GTR,ATL,GTR,39,5,34,0.1282051282,0.0001529405767,2187,33.63669968,-84.42810059,33.45029831,-88.59140015
labeled_all,255001,45000,ATL-MOB,ATL,MOB,39,4,35,0.1025641026,0.0001529405767,2188,33.63669968,-84.42810059,30.69120026,-88.24279785
labeled_all,255001,45000,ATW-MSP,ATW,MSP,39,7,32,0.1794871795,0.0001529405767,2189,44.2580986,-88.51909637,44.88199997,-93.22180176
labeled_all,255001,45000,AZO-DTW,AZO,DTW,39,5,34,0.1282051282,0.0001529405767,2190,42.23490143,-85.55210114,42.21239853,-83.35340118
labeled_all,255001,45000,BLI-LAS,BLI,LAS,39,4,35,0.1025641026,0.0001529405767,2191,48.7928009,-122.538002,36.08010101,-115.1520004
labeled_all,255001,45000,BOS-PHX,BOS,PHX,39,8,31,0.2051282051,0.0001529405767,2192,42.36429977,-71.00520325,33.43429947,-112.012001
labeled_all,255001,45000,BUF-MDW,BUF,MDW,39,7,32,0.1794871795,0.0001529405767,2193,42.94049835,-78.73220062,41.7859993,-87.75240326
labeled_all,255001,45000,BWI-ROC,BWI,ROC,39,13,26,0.3333333333,0.0001529405767,2194,39.17539978,-76.66829681,43.1189003,-77.67240143
labeled_all,255001,45000,CLE-FLL,CLE,FLL,39,4,35,0.1025641026,0.0001529405767,2195,41.4117012,-81.84980011,26.07259941,-80.15270233
labeled_all,255001,45000,CLE-MSP,CLE,MSP,39,5,34,0.1282051282,0.0001529405767,2196,41.4117012,-81.84980011,44.88199997,-93.22180176
labeled_all,255001,45000,CLT-LEX,CLT,LEX,39,9,30,0.2307692308,0.0001529405767,2197,35.2140007,-80.94309998,38.03649902,-84.60590363
labeled_all,255001,45000,DAL-SJC,DAL,SJC,39,11,28,0.2820512821,0.0001529405767,2198,32.8470993,-96.85179901,37.36259842,-121.9290009
labeled_all,255001,45000,DAY-ATL,DAY,ATL,39,4,35,0.1025641026,0.0001529405767,2199,39.90240097,-84.2193985,33.63669968,-84.42810059
labeled_all,255001,45000,DFW-ICT,DFW,ICT,39,9,30,0.2307692308,0.0001529405767,2200,32.89680099,-97.03800201,37.64989853,-97.43309784
labeled_all,255001,45000,DFW-TYR,DFW,TYR,39,8,31,0.2051282051,0.0001529405767,2201,32.89680099,-97.03800201,32.35409927,-95.40239716
labeled_all,255001,45000,DFW-TYS,DFW,TYS,39,6,33,0.1538461538,0.0001529405767,2202,32.89680099,-97.03800201,35.81100082,-83.9940033
labeled_all,255001,45000,DTW-MBS,DTW,MBS,39,2,37,0.05128205128,0.0001529405767,2203,42.21239853,-83.35340118,43.53290176,-84.07959747
labeled_all,255001,45000,DTW-MIA,DTW,MIA,39,4,35,0.1025641026,0.0001529405767,2204,42.21239853,-83.35340118,25.79319954,-80.29060364
labeled_all,255001,45000,DTW-RDU,DTW,RDU,39,5,34,0.1282051282,0.0001529405767,2205,42.21239853,-83.35340118,35.87760162,-78.78749847
labeled_all,255001,45000,EUG-PDX,EUG,PDX,39,4,35,0.1025641026,0.0001529405767,2206,44.12459946,-123.211998,45.58869934,-122.5979996
labeled_all,255001,45000,FAT-PHX,FAT,PHX,39,4,35,0.1025641026,0.0001529405767,2207,36.77619934,-119.7180023,33.43429947,-112.012001
labeled_all,255001,45000,FSM-DFW,FSM,DFW,39,7,32,0.1794871795,0.0001529405767,2208,35.33660126,-94.36740112,32.89680099,-97.03800201
labeled_all,255001,45000,GEG-BOI,GEG,BOI,39,1,38,0.02564102564,0.0001529405767,2209,47.61989975,-117.5339966,43.56439972,-116.2229996
labeled_all,255001,45000,IAD-ALB,IAD,ALB,39,7,32,0.1794871795,0.0001529405767,2210,38.94449997,-77.45580292,42.74829864,-73.80169678
labeled_all,255001,45000,IAD-MCI,IAD,MCI,39,6,33,0.1538461538,0.0001529405767,2211,38.94449997,-77.45580292,39.29759979,-94.71389771
labeled_all,255001,45000,IAH-LBB,IAH,LBB,39,9,30,0.2307692308,0.0001529405767,2212,29.9843998,-95.34140015,33.66360092,-101.822998
labeled_all,255001,45000,IDA-DEN,IDA,DEN,39,2,37,0.05128205128,0.0001529405767,2213,43.51459885,-112.0709991,39.86169815,-104.6729965
labeled_all,255001,45000,IND-BOS,IND,BOS,39,5,34,0.1282051282,0.0001529405767,2214,39.71730041,-86.29440308,42.36429977,-71.00520325
labeled_all,255001,45000,JAN-CLT,JAN,CLT,39,8,31,0.2051282051,0.0001529405767,2215,32.31119919,-90.07589722,35.2140007,-80.94309998
labeled_all,255001,45000,LGB-JFK,LGB,JFK,39,8,31,0.2051282051,0.0001529405767,2216,33.81769943,-118.1520004,40.63980103,-73.77890015
labeled_all,255001,45000,MBS-ORD,MBS,ORD,39,10,29,0.2564102564,0.0001529405767,2217,43.53290176,-84.07959747,41.97859955,-87.90480042
labeled_all,255001,45000,MCI-HOU,MCI,HOU,39,4,35,0.1025641026,0.0001529405767,2218,39.29759979,-94.71389771,29.64539909,-95.27890015
labeled_all,255001,45000,MDW-PVD,MDW,PVD,39,13,26,0.3333333333,0.0001529405767,2219,41.7859993,-87.75240326,41.73260117,-71.42040253
labeled_all,255001,45000,MSN-DTW,MSN,DTW,39,4,35,0.1025641026,0.0001529405767,2220,43.13990021,-89.33750153,42.21239853,-83.35340118
labeled_all,255001,45000,MSP-SAN,MSP,SAN,39,8,31,0.2051282051,0.0001529405767,2221,44.88199997,-93.22180176,32.73360062,-117.1900024
labeled_all,255001,45000,MSY-BNA,MSY,BNA,39,8,31,0.2051282051,0.0001529405767,2222,29.99340057,-90.25800323,36.12450027,-86.67819977
labeled_all,255001,45000,OAK-RNO,OAK,RNO,39,11,28,0.2820512821,0.0001529405767,2223,37.72129822,-122.2210007,39.49909973,-119.7679977
labeled_all,255001,45000,OKC-DAL,OKC,DAL,39,4,35,0.1025641026,0.0001529405767,2224,35.39310074,-97.60070038,32.8470993,-96.85179901
labeled_all,255001,45000,ONT-PDX,ONT,PDX,39,3,36,0.07692307692,0.0001529405767,2225,34.05599976,-117.6009979,45.58869934,-122.5979996
labeled_all,255001,45000,PHF-CLT,PHF,CLT,39,10,29,0.2564102564,0.0001529405767,2226,37.13190079,-76.49299622,35.2140007,-80.94309998
labeled_all,255001,45000,PHL-BGR,PHL,BGR,39,4,35,0.1025641026,0.0001529405767,2227,39.87189865,-75.2410965,44.80739975,-68.82810211
labeled_all,255001,45000,PHL-DAY,PHL,DAY,39,5,34,0.1282051282,0.0001529405767,2228,39.87189865,-75.2410965,39.90240097,-84.2193985
labeled_all,255001,45000,PHX-MCO,PHX,MCO,39,13,26,0.3333333333,0.0001529405767,2229,33.43429947,-112.012001,28.42939949,-81.30899811
labeled_all,255001,45000,PWM-LGA,PWM,LGA,39,9,30,0.2307692308,0.0001529405767,2230,43.64619827,-70.30930328,40.77719879,-73.87259674
labeled_all,255001,45000,RIC-MCO,RIC,MCO,39,9,30,0.2307692308,0.0001529405767,2231,37.50519943,-77.31970215,28.42939949,-81.30899811
labeled_all,255001,45000,RNO-SAN,RNO,SAN,39,4,35,0.1025641026,0.0001529405767,2232,39.49909973,-119.7679977,32.73360062,-117.1900024
labeled_all,255001,45000,RST-MSP,RST,MSP,39,6,33,0.1538461538,0.0001529405767,2233,43.90829849,-92.5,44.88199997,-93.22180176
labeled_all,255001,45000,SEA-MCI,SEA,MCI,39,11,28,0.2820512821,0.0001529405767,2234,47.44900131,-122.3089981,39.29759979,-94.71389771
labeled_all,255001,45000,SEA-STL,SEA,STL,39,6,33,0.1538461538,0.0001529405767,2235,47.44900131,-122.3089981,38.74869919,-90.37000275
labeled_all,255001,45000,SFO-MIA,SFO,MIA,39,6,33,0.1538461538,0.0001529405767,2236,37.61899948,-122.375,25.79319954,-80.29060364
labeled_all,255001,45000,SGF-ATL,SGF,ATL,39,6,33,0.1538461538,0.0001529405767,2237,37.24570084,-93.38860321,33.63669968,-84.42810059
labeled_all,255001,45000,SMF-ORD,SMF,ORD,39,8,31,0.2051282051,0.0001529405767,2238,38.69540024,-121.5910034,41.97859955,-87.90480042
labeled_all,255001,45000,SYR-DCA,SYR,DCA,39,9,30,0.2307692308,0.0001529405767,2239,43.11119843,-76.10630035,38.85210037,-77.03769684
labeled_all,255001,45000,SYR-DTW,SYR,DTW,39,5,34,0.1282051282,0.0001529405767,2240,43.11119843,-76.10630035,42.21239853,-83.35340118
labeled_all,255001,45000,TPA-HOU,TPA,HOU,39,8,31,0.2051282051,0.0001529405767,2241,27.97550011,-82.53320312,29.64539909,-95.27890015
labeled_all,255001,45000,TYS-DTW,TYS,DTW,39,7,32,0.1794871795,0.0001529405767,2242,35.81100082,-83.9940033,42.21239853,-83.35340118
labeled_all,255001,45000,TYS-IAH,TYS,IAH,39,9,30,0.2307692308,0.0001529405767,2243,35.81100082,-83.9940033,29.9843998,-95.34140015
labeled_all,255001,45000,VPS-DFW,VPS,DFW,39,8,31,0.2051282051,0.0001529405767,2244,30.48320007,-86.52539825,32.89680099,-97.03800201
labeled_all,255001,45000,AGS-CLT,AGS,CLT,38,8,30,0.2105263158,0.0001490190235,2245,33.36989975,-81.96450043,35.2140007,-80.94309998
labeled_all,255001,45000,ATL-OMA,ATL,OMA,38,4,34,0.1052631579,0.0001490190235,2246,33.63669968,-84.42810059,41.30319977,-95.89409637
labeled_all,255001,45000,ATL-SJC,ATL,SJC,38,11,27,0.2894736842,0.0001490190235,2247,33.63669968,-84.42810059,37.36259842,-121.9290009
labeled_all,255001,45000,ATL-SJU,ATL,SJU,38,10,28,0.2631578947,0.0001490190235,2248,33.63669968,-84.42810059,18.43939972,-66.00180054
labeled_all,255001,45000,ATL-SMF,ATL,SMF,38,5,33,0.1315789474,0.0001490190235,2249,33.63669968,-84.42810059,38.69540024,-121.5910034
labeled_all,255001,45000,AUS-ELP,AUS,ELP,38,5,33,0.1315789474,0.0001490190235,2250,30.19449997,-97.66989899,31.80719948,-106.3779984
labeled_all,255001,45000,AUS-MSP,AUS,MSP,38,2,36,0.05263157895,0.0001490190235,2251,30.19449997,-97.66989899,44.88199997,-93.22180176
labeled_all,255001,45000,BNA-PHX,BNA,PHX,38,7,31,0.1842105263,0.0001490190235,2252,36.12450027,-86.67819977,33.43429947,-112.012001
labeled_all,255001,45000,BNA-SFO,BNA,SFO,38,13,25,0.3421052632,0.0001490190235,2253,36.12450027,-86.67819977,37.61899948,-122.375
labeled_all,255001,45000,BWI-JFK,BWI,JFK,38,4,34,0.1052631579,0.0001490190235,2254,39.17539978,-76.66829681,40.63980103,-73.77890015
labeled_all,255001,45000,BZN-SLC,BZN,SLC,38,0,38,0,0.0001490190235,2255,45.77750015,-111.1529999,40.78839874,-111.9779968
labeled_all,255001,45000,CLL-IAH,CLL,IAH,38,6,32,0.1578947368,0.0001490190235,2256,30.58860016,-96.36380005,29.9843998,-95.34140015
labeled_all,255001,45000,CLT-GNV,CLT,GNV,38,7,31,0.1842105263,0.0001490190235,2257,35.2140007,-80.94309998,29.69009972,-82.27179718
labeled_all,255001,45000,CLT-PGV,CLT,PGV,38,8,30,0.2105263158,0.0001490190235,2258,35.2140007,-80.94309998,35.6352005,-77.38529968
labeled_all,255001,45000,CLT-SAT,CLT,SAT,38,4,34,0.1052631579,0.0001490190235,2259,35.2140007,-80.94309998,29.53370094,-98.46980286
labeled_all,255001,45000,DAY-DCA,DAY,DCA,38,5,33,0.1315789474,0.0001490190235,2260,39.90240097,-84.2193985,38.85210037,-77.03769684
labeled_all,255001,45000,DAY-DEN,DAY,DEN,38,9,29,0.2368421053,0.0001490190235,2261,39.90240097,-84.2193985,39.86169815,-104.6729965
labeled_all,255001,45000,DCA-ALB,DCA,ALB,38,12,26,0.3157894737,0.0001490190235,2262,38.85210037,-77.03769684,42.74829864,-73.80169678
labeled_all,255001,45000,DEN-SAF,DEN,SAF,38,8,30,0.2105263158,0.0001490190235,2263,39.86169815,-104.6729965,35.61709976,-106.0889969
labeled_all,255001,45000,DFW-SAF,DFW,SAF,38,4,34,0.1052631579,0.0001490190235,2264,32.89680099,-97.03800201,35.61709976,-106.0889969
labeled_all,255001,45000,DTW-DAY,DTW,DAY,38,7,31,0.1842105263,0.0001490190235,2265,42.21239853,-83.35340118,39.90240097,-84.2193985
labeled_all,255001,45000,DTW-RIC,DTW,RIC,38,7,31,0.1842105263,0.0001490190235,2266,42.21239853,-83.35340118,37.50519943,-77.31970215
labeled_all,255001,45000,EAU-ORD,EAU,ORD,38,2,36,0.05263157895,0.0001490190235,2267,44.86579895,-91.48429871,41.97859955,-87.90480042
labeled_all,255001,45000,EYW-MIA,EYW,MIA,38,0,38,0,0.0001490190235,2268,24.55610085,-81.75959778,25.79319954,-80.29060364
labeled_all,255001,45000,FLL-AUS,FLL,AUS,38,12,26,0.3157894737,0.0001490190235,2269,26.07259941,-80.15270233,30.19449997,-97.66989899
labeled_all,255001,45000,FLL-AVL,FLL,AVL,38,12,26,0.3157894737,0.0001490190235,2270,26.07259941,-80.15270233,35.43619919,-82.54180145
labeled_all,255001,45000,FLL-CLE,FLL,CLE,38,9,29,0.2368421053,0.0001490190235,2271,26.07259941,-80.15270233,41.4117012,-81.84980011
labeled_all,255001,45000,GEG-PHX,GEG,PHX,38,4,34,0.1052631579,0.0001490190235,2272,47.61989975,-117.5339966,33.43429947,-112.012001
labeled_all,255001,45000,GSP-IAD,GSP,IAD,38,2,36,0.05263157895,0.0001490190235,2273,34.89569855,-82.21890259,38.94449997,-77.45580292
labeled_all,255001,45000,HOU-MCI,HOU,MCI,38,6,32,0.1578947368,0.0001490190235,2274,29.64539909,-95.27890015,39.29759979,-94.71389771
labeled_all,255001,45000,IAD-BNA,IAD,BNA,38,5,33,0.1315789474,0.0001490190235,2275,38.94449997,-77.45580292,36.12450027,-86.67819977
labeled_all,255001,45000,IAD-CHO,IAD,CHO,38,3,35,0.07894736842,0.0001490190235,2276,38.94449997,-77.45580292,38.1385994,-78.45290375
labeled_all,255001,45000,IAH-LRD,IAH,LRD,38,7,31,0.1842105263,0.0001490190235,2277,29.9843998,-95.34140015,27.54380035,-99.46160126
labeled_all,255001,45000,JAC-SLC,JAC,SLC,38,5,33,0.1315789474,0.0001490190235,2278,43.6072998,-110.737999,40.78839874,-111.9779968
labeled_all,255001,45000,JFK-PDX,JFK,PDX,38,7,31,0.1842105263,0.0001490190235,2279,40.63980103,-73.77890015,45.58869934,-122.5979996
labeled_all,255001,45000,LGA-BUF,LGA,BUF,38,10,28,0.2631578947,0.0001490190235,2280,40.77719879,-73.87259674,42.94049835,-78.73220062
labeled_all,255001,45000,LGA-MSY,LGA,MSY,38,7,31,0.1842105263,0.0001490190235,2281,40.77719879,-73.87259674,29.99340057,-90.25800323
labeled_all,255001,45000,LGA-ROC,LGA,ROC,38,17,21,0.4473684211,0.0001490190235,2282,40.77719879,-73.87259674,43.1189003,-77.67240143
labeled_all,255001,45000,MCI-SFO,MCI,SFO,38,7,31,0.1842105263,0.0001490190235,2283,39.29759979,-94.71389771,37.61899948,-122.375
labeled_all,255001,45000,MDW-CLT,MDW,CLT,38,15,23,0.3947368421,0.0001490190235,2284,41.7859993,-87.75240326,35.2140007,-80.94309998
labeled_all,255001,45000,MEM-EWR,MEM,EWR,38,12,26,0.3157894737,0.0001490190235,2285,35.04240036,-89.97669983,40.69250107,-74.16870117
labeled_all,255001,45000,MIA-LAS,MIA,LAS,38,12,26,0.3157894737,0.0001490190235,2286,25.79319954,-80.29060364,36.08010101,-115.1520004
labeled_all,255001,45000,MSO-SEA,MSO,SEA,38,9,29,0.2368421053,0.0001490190235,2287,46.91630173,-114.0910034,47.44900131,-122.3089981
labeled_all,255001,45000,MSY-IAD,MSY,IAD,38,6,32,0.1578947368,0.0001490190235,2288,29.99340057,-90.25800323,38.94449997,-77.45580292
labeled_all,255001,45000,MSY-SFO,MSY,SFO,38,8,30,0.2105263158,0.0001490190235,2289,29.99340057,-90.25800323,37.61899948,-122.375
labeled_all,255001,45000,OAK-GEG,OAK,GEG,38,10,28,0.2631578947,0.0001490190235,2290,37.72129822,-122.2210007,47.61989975,-117.5339966
labeled_all,255001,45000,PHL-DCA,PHL,DCA,38,8,30,0.2105263158,0.0001490190235,2291,39.87189865,-75.2410965,38.85210037,-77.03769684
labeled_all,255001,45000,PHL-SCE,PHL,SCE,38,8,30,0.2105263158,0.0001490190235,2292,39.87189865,-75.2410965,40.84930038,-77.84870148
labeled_all,255001,45000,PHX-FAT,PHX,FAT,38,4,34,0.1052631579,0.0001490190235,2293,33.43429947,-112.012001,36.77619934,-119.7180023
labeled_all,255001,45000,RDU-DFW,RDU,DFW,38,5,33,0.1315789474,0.0001490190235,2294,35.87760162,-78.78749847,32.89680099,-97.03800201
labeled_all,255001,45000,RNO-PDX,RNO,PDX,38,3,35,0.07894736842,0.0001490190235,2295,39.49909973,-119.7679977,45.58869934,-122.5979996
labeled_all,255001,45000,SAT-MCO,SAT,MCO,38,5,33,0.1315789474,0.0001490190235,2296,29.53370094,-98.46980286,28.42939949,-81.30899811
labeled_all,255001,45000,SEA-JNU,SEA,JNU,38,4,34,0.1052631579,0.0001490190235,2297,47.44900131,-122.3089981,58.35499954,-134.576004
labeled_all,255001,45000,SFO-MCI,SFO,MCI,38,12,26,0.3157894737,0.0001490190235,2298,37.61899948,-122.375,39.29759979,-94.71389771
labeled_all,255001,45000,TLH-CLT,TLH,CLT,38,7,31,0.1842105263,0.0001490190235,2299,30.39649963,-84.35030365,35.2140007,-80.94309998
labeled_all,255001,45000,TRI-CLT,TRI,CLT,38,3,35,0.07894736842,0.0001490190235,2300,36.47520065,-82.40740204,35.2140007,-80.94309998
labeled_all,255001,45000,TUL-ATL,TUL,ATL,38,6,32,0.1578947368,0.0001490190235,2301,36.19839859,-95.88809967,33.63669968,-84.42810059
labeled_all,255001,45000,TUS-IAH,TUS,IAH,38,4,34,0.1052631579,0.0001490190235,2302,32.11610031,-110.9410019,29.9843998,-95.34140015
labeled_all,255001,45000,TUS-SFO,TUS,SFO,38,10,28,0.2631578947,0.0001490190235,2303,32.11610031,-110.9410019,37.61899948,-122.375
labeled_all,255001,45000,XNA-DEN,XNA,DEN,38,3,35,0.07894736842,0.0001490190235,2304,36.2818985,-94.30680084,39.86169815,-104.6729965
labeled_all,255001,45000,ALB-DTW,ALB,DTW,37,5,32,0.1351351351,0.0001450974702,2305,42.74829864,-73.80169678,42.21239853,-83.35340118
labeled_all,255001,45000,ATL-SGF,ATL,SGF,37,3,34,0.08108108108,0.0001450974702,2306,33.63669968,-84.42810059,37.24570084,-93.38860321
labeled_all,255001,45000,BFL-DEN,BFL,DEN,37,1,36,0.02702702703,0.0001450974702,2307,35.43360138,-119.0569992,39.86169815,-104.6729965
labeled_all,255001,45000,BGR-PHL,BGR,PHL,37,6,31,0.1621621622,0.0001450974702,2308,44.80739975,-68.82810211,39.87189865,-75.2410965
labeled_all,255001,45000,BNA-SAT,BNA,SAT,37,4,33,0.1081081081,0.0001450974702,2309,36.12450027,-86.67819977,29.53370094,-98.46980286
labeled_all,255001,45000,BWI-IND,BWI,IND,37,8,29,0.2162162162,0.0001450974702,2310,39.17539978,-76.66829681,39.71730041,-86.29440308
labeled_all,255001,45000,BWI-SAT,BWI,SAT,37,6,31,0.1621621622,0.0001450974702,2311,39.17539978,-76.66829681,29.53370094,-98.46980286
labeled_all,255001,45000,CHA-ORD,CHA,ORD,37,11,26,0.2972972973,0.0001450974702,2312,35.03530121,-85.20379639,41.97859955,-87.90480042
labeled_all,255001,45000,CLE-LAX,CLE,LAX,37,2,35,0.05405405405,0.0001450974702,2313,41.4117012,-81.84980011,33.94250107,-118.4079971
labeled_all,255001,45000,CLT-SAN,CLT,SAN,37,7,30,0.1891891892,0.0001450974702,2314,35.2140007,-80.94309998,32.73360062,-117.1900024
labeled_all,255001,45000,DCA-HPN,DCA,HPN,37,5,32,0.1351351351,0.0001450974702,2315,38.85210037,-77.03769684,41.06700134,-73.70760345
labeled_all,255001,45000,DEN-GTF,DEN,GTF,37,14,23,0.3783783784,0.0001450974702,2316,39.86169815,-104.6729965,47.48199844,-111.3710022
labeled_all,255001,45000,DFW-CMH,DFW,CMH,37,8,29,0.2162162162,0.0001450974702,2317,32.89680099,-97.03800201,39.9980011,-82.89189911
labeled_all,255001,45000,DFW-MKE,DFW,MKE,37,5,32,0.1351351351,0.0001450974702,2318,32.89680099,-97.03800201,42.94720078,-87.89659882
labeled_all,255001,45000,DTW-LEX,DTW,LEX,37,4,33,0.1081081081,0.0001450974702,2319,42.21239853,-83.35340118,38.03649902,-84.60590363
labeled_all,255001,45000,EWR-MSN,EWR,MSN,37,11,26,0.2972972973,0.0001450974702,2320,40.69250107,-74.16870117,43.13990021,-89.33750153
labeled_all,255001,45000,HNL-PDX,HNL,PDX,37,9,28,0.2432432432,0.0001450974702,2321,21.31870079,-157.9219971,45.58869934,-122.5979996
labeled_all,255001,45000,HOU-BHM,HOU,BHM,37,6,31,0.1621621622,0.0001450974702,2322,29.64539909,-95.27890015,33.56290054,-86.75350189
labeled_all,255001,45000,HOU-MAF,HOU,MAF,37,5,32,0.1351351351,0.0001450974702,2323,29.64539909,-95.27890015,31.94249916,-102.2020035
labeled_all,255001,45000,HPN-DCA,HPN,DCA,37,7,30,0.1891891892,0.0001450974702,2324,41.06700134,-73.70760345,38.85210037,-77.03769684
labeled_all,255001,45000,HSV-IAH,HSV,IAH,37,9,28,0.2432432432,0.0001450974702,2325,34.6371994,-86.77510071,29.9843998,-95.34140015
labeled_all,255001,45000,IAD-PWM,IAD,PWM,37,9,28,0.2432432432,0.0001450974702,2326,38.94449997,-77.45580292,43.64619827,-70.30930328
labeled_all,255001,45000,IAD-SAV,IAD,SAV,37,8,29,0.2162162162,0.0001450974702,2327,38.94449997,-77.45580292,32.12760162,-81.20210266
labeled_all,255001,45000,IAH-LCH,IAH,LCH,37,7,30,0.1891891892,0.0001450974702,2328,29.9843998,-95.34140015,30.12610054,-93.22329712
labeled_all,255001,45000,ICT-ATL,ICT,ATL,37,5,32,0.1351351351,0.0001450974702,2329,37.64989853,-97.43309784,33.63669968,-84.42810059
labeled_all,255001,45000,JFK-BNA,JFK,BNA,37,10,27,0.2702702703,0.0001450974702,2330,40.63980103,-73.77890015,36.12450027,-86.67819977
labeled_all,255001,45000,LAS-CLE,LAS,CLE,37,10,27,0.2702702703,0.0001450974702,2331,36.08010101,-115.1520004,41.4117012,-81.84980011
labeled_all,255001,45000,LAS-CLT,LAS,CLT,37,8,29,0.2162162162,0.0001450974702,2332,36.08010101,-115.1520004,35.2140007,-80.94309998
labeled_all,255001,45000,LAS-IAD,LAS,IAD,37,2,35,0.05405405405,0.0001450974702,2333,36.08010101,-115.1520004,38.94449997,-77.45580292
labeled_all,255001,45000,LAW-DFW,LAW,DFW,37,8,29,0.2162162162,0.0001450974702,2334,34.56769943,-98.41660309,32.89680099,-97.03800201
labeled_all,255001,45000,LAX-BOI,LAX,BOI,37,3,34,0.08108108108,0.0001450974702,2335,33.94250107,-118.4079971,43.56439972,-116.2229996
labeled_all,255001,45000,LAX-IND,LAX,IND,37,7,30,0.1891891892,0.0001450974702,2336,33.94250107,-118.4079971,39.71730041,-86.29440308
labeled_all,255001,45000,MCO-RIC,MCO,RIC,37,6,31,0.1621621622,0.0001450974702,2337,28.42939949,-81.30899811,37.50519943,-77.31970215
labeled_all,255001,45000,MCO-SEA,MCO,SEA,37,4,33,0.1081081081,0.0001450974702,2338,28.42939949,-81.30899811,47.44900131,-122.3089981
labeled_all,255001,45000,MIA-DTW,MIA,DTW,37,6,31,0.1621621622,0.0001450974702,2339,25.79319954,-80.29060364,42.21239853,-83.35340118
labeled_all,255001,45000,MIA-ORF,MIA,ORF,37,5,32,0.1351351351,0.0001450974702,2340,25.79319954,-80.29060364,36.89459991,-76.20120239
labeled_all,255001,45000,MSP-CMH,MSP,CMH,37,2,35,0.05405405405,0.0001450974702,2341,44.88199997,-93.22180176,39.9980011,-82.89189911
labeled_all,255001,45000,MSP-DLH,MSP,DLH,37,5,32,0.1351351351,0.0001450974702,2342,44.88199997,-93.22180176,46.84209824,-92.19360352
labeled_all,255001,45000,MSY-AUS,MSY,AUS,37,5,32,0.1351351351,0.0001450974702,2343,29.99340057,-90.25800323,30.19449997,-97.66989899
labeled_all,255001,45000,OAJ-ATL,OAJ,ATL,37,5,32,0.1351351351,0.0001450974702,2344,34.82920074,-77.61209869,33.63669968,-84.42810059
labeled_all,255001,45000,OKC-LAS,OKC,LAS,37,6,31,0.1621621622,0.0001450974702,2345,35.39310074,-97.60070038,36.08010101,-115.1520004
labeled_all,255001,45000,ORD-AVL,ORD,AVL,37,8,29,0.2162162162,0.0001450974702,2346,41.97859955,-87.90480042,35.43619919,-82.54180145
labeled_all,255001,45000,ORF-MIA,ORF,MIA,37,5,32,0.1351351351,0.0001450974702,2347,36.89459991,-76.20120239,25.79319954,-80.29060364
labeled_all,255001,45000,PNS-DFW,PNS,DFW,37,7,30,0.1891891892,0.0001450974702,2348,30.47340012,-87.18659973,32.89680099,-97.03800201
labeled_all,255001,45000,PWM-ORD,PWM,ORD,37,8,29,0.2162162162,0.0001450974702,2349,43.64619827,-70.30930328,41.97859955,-87.90480042
labeled_all,255001,45000,PWM-PHL,PWM,PHL,37,3,34,0.08108108108,0.0001450974702,2350,43.64619827,-70.30930328,39.87189865,-75.2410965
labeled_all,255001,45000,ROW-DFW,ROW,DFW,37,3,34,0.08108108108,0.0001450974702,2351,33.30160141,-104.5309982,32.89680099,-97.03800201
labeled_all,255001,45000,SEA-AUS,SEA,AUS,37,8,29,0.2162162162,0.0001450974702,2352,47.44900131,-122.3089981,30.19449997,-97.66989899
labeled_all,255001,45000,SEA-BZN,SEA,BZN,37,7,30,0.1891891892,0.0001450974702,2353,47.44900131,-122.3089981,45.77750015,-111.1529999
labeled_all,255001,45000,SEA-LIH,SEA,LIH,37,5,32,0.1351351351,0.0001450974702,2354,47.44900131,-122.3089981,21.97599983,-159.3390045
labeled_all,255001,45000,SEA-YKM,SEA,YKM,37,3,34,0.08108108108,0.0001450974702,2355,47.44900131,-122.3089981,46.56819916,-120.5439987
labeled_all,255001,45000,ALB-IAD,ALB,IAD,36,3,33,0.08333333333,0.000141175917,2356,42.74829864,-73.80169678,38.94449997,-77.45580292
labeled_all,255001,45000,ATL-BQK,ATL,BQK,36,6,30,0.1666666667,0.000141175917,2357,33.63669968,-84.42810059,31.25880051,-81.46649933
labeled_all,255001,45000,ATL-CRW,ATL,CRW,36,9,27,0.25,0.000141175917,2358,33.63669968,-84.42810059,38.37310028,-81.59320068
labeled_all,255001,45000,ATL-ROC,ATL,ROC,36,5,31,0.1388888889,0.000141175917,2359,33.63669968,-84.42810059,43.1189003,-77.67240143
labeled_all,255001,45000,ATL-TUL,ATL,TUL,36,1,35,0.02777777778,0.000141175917,2360,33.63669968,-84.42810059,36.19839859,-95.88809967
labeled_all,255001,45000,BUF-DTW,BUF,DTW,36,3,33,0.08333333333,0.000141175917,2361,42.94049835,-78.73220062,42.21239853,-83.35340118
labeled_all,255001,45000,BUF-LGA,BUF,LGA,36,5,31,0.1388888889,0.000141175917,2362,42.94049835,-78.73220062,40.77719879,-73.87259674
labeled_all,255001,45000,BWI-SLC,BWI,SLC,36,9,27,0.25,0.000141175917,2363,39.17539978,-76.66829681,40.78839874,-111.9779968
labeled_all,255001,45000,CLE-PHX,CLE,PHX,36,5,31,0.1388888889,0.000141175917,2364,41.4117012,-81.84980011,33.43429947,-112.012001
labeled_all,255001,45000,CLT-ABE,CLT,ABE,36,7,29,0.1944444444,0.000141175917,2365,35.2140007,-80.94309998,40.65209961,-75.44080353
labeled_all,255001,45000,CLT-BTR,CLT,BTR,36,4,32,0.1111111111,0.000141175917,2366,35.2140007,-80.94309998,30.53319931,-91.14959717
labeled_all,255001,45000,CLT-VPS,CLT,VPS,36,6,30,0.1666666667,0.000141175917,2367,35.2140007,-80.94309998,30.48320007,-86.52539825
labeled_all,255001,45000,DCA-HSV,DCA,HSV,36,7,29,0.1944444444,0.000141175917,2368,38.85210037,-77.03769684,34.6371994,-86.77510071
labeled_all,255001,45000,DEN-JAX,DEN,JAX,36,13,23,0.3611111111,0.000141175917,2369,39.86169815,-104.6729965,30.49410057,-81.68789673
labeled_all,255001,45000,DFW-BPT,DFW,BPT,36,2,34,0.05555555556,0.000141175917,2370,32.89680099,-97.03800201,29.95079994,-94.02069855
labeled_all,255001,45000,FLL-CMH,FLL,CMH,36,6,30,0.1666666667,0.000141175917,2371,26.07259941,-80.15270233,39.9980011,-82.89189911
labeled_all,255001,45000,GRR-MSP,GRR,MSP,36,1,35,0.02777777778,0.000141175917,2372,42.88079834,-85.52279663,44.88199997,-93.22180176
labeled_all,255001,45000,GTF-DEN,GTF,DEN,36,6,30,0.1666666667,0.000141175917,2373,47.48199844,-111.3710022,39.86169815,-104.6729965
labeled_all,255001,45000,HOU-ELP,HOU,ELP,36,6,30,0.1666666667,0.000141175917,2374,29.64539909,-95.27890015,31.80719948,-106.3779984
labeled_all,255001,45000,HPN-FLL,HPN,FLL,36,16,20,0.4444444444,0.000141175917,2375,41.06700134,-73.70760345,26.07259941,-80.15270233
labeled_all,255001,45000,IAH-DSM,IAH,DSM,36,3,33,0.08333333333,0.000141175917,2376,29.9843998,-95.34140015,41.5340004,-93.6631012
labeled_all,255001,45000,ISN-DEN,ISN,DEN,36,6,30,0.1666666667,0.000141175917,2377,48.17789841,-103.6419983,39.86169815,-104.6729965
labeled_all,255001,45000,JFK-CMH,JFK,CMH,36,7,29,0.1944444444,0.000141175917,2378,40.63980103,-73.77890015,39.9980011,-82.89189911
labeled_all,255001,45000,LAS-ELP,LAS,ELP,36,5,31,0.1388888889,0.000141175917,2379,36.08010101,-115.1520004,31.80719948,-106.3779984
labeled_all,255001,45000,LCH-IAH,LCH,IAH,36,2,34,0.05555555556,0.000141175917,2380,30.12610054,-93.22329712,29.9843998,-95.34140015
labeled_all,255001,45000,LRD-DFW,LRD,DFW,36,7,29,0.1944444444,0.000141175917,2381,27.54380035,-99.46160126,32.89680099,-97.03800201
labeled_all,255001,45000,MEM-LGA,MEM,LGA,36,9,27,0.25,0.000141175917,2382,35.04240036,-89.97669983,40.77719879,-73.87259674
labeled_all,255001,45000,MKE-DFW,MKE,DFW,36,9,27,0.25,0.000141175917,2383,42.94720078,-87.89659882,32.89680099,-97.03800201
labeled_all,255001,45000,MSO-SLC,MSO,SLC,36,4,32,0.1111111111,0.000141175917,2384,46.91630173,-114.0910034,40.78839874,-111.9779968
labeled_all,255001,45000,PIT-BWI,PIT,BWI,36,4,32,0.1111111111,0.000141175917,2385,40.49150085,-80.23290253,39.17539978,-76.66829681
labeled_all,255001,45000,PIT-LAS,PIT,LAS,36,7,29,0.1944444444,0.000141175917,2386,40.49150085,-80.23290253,36.08010101,-115.1520004
labeled_all,255001,45000,PUW-SEA,PUW,SEA,36,8,28,0.2222222222,0.000141175917,2387,46.7439003,-117.1100006,47.44900131,-122.3089981
labeled_all,255001,45000,RIC-DTW,RIC,DTW,36,4,32,0.1111111111,0.000141175917,2388,37.50519943,-77.31970215,42.21239853,-83.35340118
labeled_all,255001,45000,SJC-ORD,SJC,ORD,36,2,34,0.05555555556,0.000141175917,2389,37.36259842,-121.9290009,41.97859955,-87.90480042
labeled_all,255001,45000,SLC-JAC,SLC,JAC,36,6,30,0.1666666667,0.000141175917,2390,40.78839874,-111.9779968,43.6072998,-110.737999
labeled_all,255001,45000,SPI-ORD,SPI,ORD,36,10,26,0.2777777778,0.000141175917,2391,39.84410095,-89.67790222,41.97859955,-87.90480042
labeled_all,255001,45000,STL-IAD,STL,IAD,36,8,28,0.2222222222,0.000141175917,2392,38.74869919,-90.37000275,38.94449997,-77.45580292
labeled_all,255001,45000,TWF-SLC,TWF,SLC,36,2,34,0.05555555556,0.000141175917,2393,42.48180008,-114.487999,40.78839874,-111.9779968
labeled_all,255001,45000,ATL-EVV,ATL,EVV,35,8,27,0.2285714286,0.0001372543637,2394,33.63669968,-84.42810059,38.03699875,-87.53240204
labeled_all,255001,45000,ATL-FWA,ATL,FWA,35,4,31,0.1142857143,0.0001372543637,2395,33.63669968,-84.42810059,40.97850037,-85.19509888
labeled_all,255001,45000,BHM-DEN,BHM,DEN,35,4,31,0.1142857143,0.0001372543637,2396,33.56290054,-86.75350189,39.86169815,-104.6729965
labeled_all,255001,45000,BNA-JAX,BNA,JAX,35,7,28,0.2,0.0001372543637,2397,36.12450027,-86.67819977,30.49410057,-81.68789673
labeled_all,255001,45000,BOS-CVG,BOS,CVG,35,8,27,0.2285714286,0.0001372543637,2398,42.36429977,-71.00520325,39.04880142,-84.6678009
labeled_all,255001,45000,BWI-IAH,BWI,IAH,35,8,27,0.2285714286,0.0001372543637,2399,39.17539978,-76.66829681,29.9843998,-95.34140015
labeled_all,255001,45000,CLT-AVP,CLT,AVP,35,6,29,0.1714285714,0.0001372543637,2400,35.2140007,-80.94309998,41.33850098,-75.7233963
labeled_all,255001,45000,CLT-MHT,CLT,MHT,35,2,33,0.05714285714,0.0001372543637,2401,35.2140007,-80.94309998,42.93259811,-71.43569946
labeled_all,255001,45000,DAB-ATL,DAB,ATL,35,2,33,0.05714285714,0.0001372543637,2402,29.17989922,-81.05809784,33.63669968,-84.42810059
labeled_all,255001,45000,DAL-OKC,DAL,OKC,35,12,23,0.3428571429,0.0001372543637,2403,32.8470993,-96.85179901,35.39310074,-97.60070038
labeled_all,255001,45000,DCA-PBI,DCA,PBI,35,5,30,0.1428571429,0.0001372543637,2404,38.85210037,-77.03769684,26.68320084,-80.09559631
labeled_all,255001,45000,DCA-PHL,DCA,PHL,35,6,29,0.1714285714,0.0001372543637,2405,38.85210037,-77.03769684,39.87189865,-75.2410965
labeled_all,255001,45000,DCA-PIT,DCA,PIT,35,5,30,0.1428571429,0.0001372543637,2406,38.85210037,-77.03769684,40.49150085,-80.23290253
labeled_all,255001,45000,DFW-FSM,DFW,FSM,35,6,29,0.1714285714,0.0001372543637,2407,32.89680099,-97.03800201,35.33660126,-94.36740112
labeled_all,255001,45000,DFW-LRD,DFW,LRD,35,5,30,0.1428571429,0.0001372543637,2408,32.89680099,-97.03800201,27.54380035,-99.46160126
labeled_all,255001,45000,DFW-SJC,DFW,SJC,35,8,27,0.2285714286,0.0001372543637,2409,32.89680099,-97.03800201,37.36259842,-121.9290009
labeled_all,255001,45000,DFW-SPS,DFW,SPS,35,4,31,0.1142857143,0.0001372543637,2410,32.89680099,-97.03800201,33.98880005,-98.49189758
labeled_all,255001,45000,DFW-TXK,DFW,TXK,35,4,31,0.1142857143,0.0001372543637,2411,32.89680099,-97.03800201,33.45370102,-93.99099731
labeled_all,255001,45000,DTW-MHT,DTW,MHT,35,4,31,0.1142857143,0.0001372543637,2412,42.21239853,-83.35340118,42.93259811,-71.43569946
labeled_all,255001,45000,DTW-SDF,DTW,SDF,35,5,30,0.1428571429,0.0001372543637,2413,42.21239853,-83.35340118,38.17440033,-85.73600006
labeled_all,255001,45000,EAT-SEA,EAT,SEA,35,10,25,0.2857142857,0.0001372543637,2414,47.39889908,-120.2070007,47.44900131,-122.3089981
labeled_all,255001,45000,ELP-AUS,ELP,AUS,35,3,32,0.08571428571,0.0001372543637,2415,31.80719948,-106.3779984,30.19449997,-97.66989899
labeled_all,255001,45000,ELP-LAS,ELP,LAS,35,7,28,0.2,0.0001372543637,2416,31.80719948,-106.3779984,36.08010101,-115.1520004
labeled_all,255001,45000,FCA-SEA,FCA,SEA,35,6,29,0.1714285714,0.0001372543637,2417,48.3105011,-114.2559967,47.44900131,-122.3089981
labeled_all,255001,45000,FLL-PVD,FLL,PVD,35,5,30,0.1428571429,0.0001372543637,2418,26.07259941,-80.15270233,41.73260117,-71.42040253
labeled_all,255001,45000,GEG-LAS,GEG,LAS,35,5,30,0.1428571429,0.0001372543637,2419,47.61989975,-117.5339966,36.08010101,-115.1520004
labeled_all,255001,45000,GSP-PHL,GSP,PHL,35,13,22,0.3714285714,0.0001372543637,2420,34.89569855,-82.21890259,39.87189865,-75.2410965
labeled_all,255001,45000,HOU-ABQ,HOU,ABQ,35,10,25,0.2857142857,0.0001372543637,2421,29.64539909,-95.27890015,35.04019928,-106.6090012
labeled_all,255001,45000,HOU-DCA,HOU,DCA,35,9,26,0.2571428571,0.0001372543637,2422,29.64539909,-95.27890015,38.85210037,-77.03769684
labeled_all,255001,45000,IAD-GSO,IAD,GSO,35,6,29,0.1714285714,0.0001372543637,2423,38.94449997,-77.45580292,36.09780121,-79.93730164
labeled_all,255001,45000,IAD-JAX,IAD,JAX,35,6,29,0.1714285714,0.0001372543637,2424,38.94449997,-77.45580292,30.49410057,-81.68789673
labeled_all,255001,45000,IAH-PDX,IAH,PDX,35,7,28,0.2,0.0001372543637,2425,29.9843998,-95.34140015,45.58869934,-122.5979996
labeled_all,255001,45000,IDA-SLC,IDA,SLC,35,6,29,0.1714285714,0.0001372543637,2426,43.51459885,-112.0709991,40.78839874,-111.9779968
labeled_all,255001,45000,IND-FLL,IND,FLL,35,1,34,0.02857142857,0.0001372543637,2427,39.71730041,-86.29440308,26.07259941,-80.15270233
labeled_all,255001,45000,IND-RSW,IND,RSW,35,7,28,0.2,0.0001372543637,2428,39.71730041,-86.29440308,26.53619957,-81.75520325
labeled_all,255001,45000,IND-TPA,IND,TPA,35,6,29,0.1714285714,0.0001372543637,2429,39.71730041,-86.29440308,27.97550011,-82.53320312
labeled_all,255001,45000,JAX-BNA,JAX,BNA,35,4,31,0.1142857143,0.0001372543637,2430,30.49410057,-81.68789673,36.12450027,-86.67819977
labeled_all,255001,45000,JAX-IAD,JAX,IAD,35,3,32,0.08571428571,0.0001372543637,2431,30.49410057,-81.68789673,38.94449997,-77.45580292
labeled_all,255001,45000,JAX-PHL,JAX,PHL,35,8,27,0.2285714286,0.0001372543637,2432,30.49410057,-81.68789673,39.87189865,-75.2410965
labeled_all,255001,45000,JFK-IND,JFK,IND,35,5,30,0.1428571429,0.0001372543637,2433,40.63980103,-73.77890015,39.71730041,-86.29440308
labeled_all,255001,45000,LAS-FLL,LAS,FLL,35,8,27,0.2285714286,0.0001372543637,2434,36.08010101,-115.1520004,26.07259941,-80.15270233
labeled_all,255001,45000,LAS-GEG,LAS,GEG,35,5,30,0.1428571429,0.0001372543637,2435,36.08010101,-115.1520004,47.61989975,-117.5339966
labeled_all,255001,45000,LEX-DTW,LEX,DTW,35,6,29,0.1714285714,0.0001372543637,2436,38.03649902,-84.60590363,42.21239853,-83.35340118
labeled_all,255001,45000,LGA-TYS,LGA,TYS,35,7,28,0.2,0.0001372543637,2437,40.77719879,-73.87259674,35.81100082,-83.9940033
labeled_all,255001,45000,LNK-DEN,LNK,DEN,35,5,30,0.1428571429,0.0001372543637,2438,40.85100174,-96.75920105,39.86169815,-104.6729965
labeled_all,255001,45000,MCI-BOS,MCI,BOS,35,3,32,0.08571428571,0.0001372543637,2439,39.29759979,-94.71389771,42.36429977,-71.00520325
labeled_all,255001,45000,MCO-SLC,MCO,SLC,35,6,29,0.1714285714,0.0001372543637,2440,28.42939949,-81.30899811,40.78839874,-111.9779968
labeled_all,255001,45000,MIA-MSP,MIA,MSP,35,6,29,0.1714285714,0.0001372543637,2441,25.79319954,-80.29060364,44.88199997,-93.22180176
labeled_all,255001,45000,MKE-DCA,MKE,DCA,35,6,29,0.1714285714,0.0001372543637,2442,42.94720078,-87.89659882,38.85210037,-77.03769684
labeled_all,255001,45000,MSP-MKE,MSP,MKE,35,4,31,0.1142857143,0.0001372543637,2443,44.88199997,-93.22180176,42.94720078,-87.89659882
labeled_all,255001,45000,MSP-RDU,MSP,RDU,35,0,35,0,0.0001372543637,2444,44.88199997,-93.22180176,35.87760162,-78.78749847
labeled_all,255001,45000,OAK-HOU,OAK,HOU,35,5,30,0.1428571429,0.0001372543637,2445,37.72129822,-122.2210007,29.64539909,-95.27890015
labeled_all,255001,45000,OGG-OAK,OGG,OAK,35,8,27,0.2285714286,0.0001372543637,2446,20.89859962,-156.4299927,37.72129822,-122.2210007
labeled_all,255001,45000,OKC-STL,OKC,STL,35,4,31,0.1142857143,0.0001372543637,2447,35.39310074,-97.60070038,38.74869919,-90.37000275
labeled_all,255001,45000,OMA-STL,OMA,STL,35,3,32,0.08571428571,0.0001372543637,2448,41.30319977,-95.89409637,38.74869919,-90.37000275
labeled_all,255001,45000,ORD-CHA,ORD,CHA,35,9,26,0.2571428571,0.0001372543637,2449,41.97859955,-87.90480042,35.03530121,-85.20379639
labeled_all,255001,45000,ORD-TUS,ORD,TUS,35,14,21,0.4,0.0001372543637,2450,41.97859955,-87.90480042,32.11610031,-110.9410019
labeled_all,255001,45000,ORF-JFK,ORF,JFK,35,11,24,0.3142857143,0.0001372543637,2451,36.89459991,-76.20120239,40.63980103,-73.77890015
labeled_all,255001,45000,PBI-DCA,PBI,DCA,35,4,31,0.1142857143,0.0001372543637,2452,26.68320084,-80.09559631,38.85210037,-77.03769684
labeled_all,255001,45000,PDX-DAL,PDX,DAL,35,3,32,0.08571428571,0.0001372543637,2453,45.58869934,-122.5979996,32.8470993,-96.85179901
labeled_all,255001,45000,PDX-EWR,PDX,EWR,35,5,30,0.1428571429,0.0001372543637,2454,45.58869934,-122.5979996,40.69250107,-74.16870117
labeled_all,255001,45000,PHX-OMA,PHX,OMA,35,11,24,0.3142857143,0.0001372543637,2455,33.43429947,-112.012001,41.30319977,-95.89409637
labeled_all,255001,45000,PHX-TPA,PHX,TPA,35,8,27,0.2285714286,0.0001372543637,2456,33.43429947,-112.012001,27.97550011,-82.53320312
labeled_all,255001,45000,PIT-DTW,PIT,DTW,35,1,34,0.02857142857,0.0001372543637,2457,40.49150085,-80.23290253,42.21239853,-83.35340118
labeled_all,255001,45000,PIT-FLL,PIT,FLL,35,7,28,0.2,0.0001372543637,2458,40.49150085,-80.23290253,26.07259941,-80.15270233
labeled_all,255001,45000,PIT-JFK,PIT,JFK,35,6,29,0.1714285714,0.0001372543637,2459,40.49150085,-80.23290253,40.63980103,-73.77890015
labeled_all,255001,45000,PVD-IAD,PVD,IAD,35,6,29,0.1714285714,0.0001372543637,2460,41.73260117,-71.42040253,38.94449997,-77.45580292
labeled_all,255001,45000,RSW-MSP,RSW,MSP,35,6,29,0.1714285714,0.0001372543637,2461,26.53619957,-81.75520325,44.88199997,-93.22180176
labeled_all,255001,45000,SAN-FAT,SAN,FAT,35,4,31,0.1142857143,0.0001372543637,2462,32.73360062,-117.1900024,36.77619934,-119.7180023
labeled_all,255001,45000,SJC-JFK,SJC,JFK,35,10,25,0.2857142857,0.0001372543637,2463,37.36259842,-121.9290009,40.63980103,-73.77890015
labeled_all,255001,45000,SLC-BIL,SLC,BIL,35,2,33,0.05714285714,0.0001372543637,2464,40.78839874,-111.9779968,45.80770111,-108.5429993
labeled_all,255001,45000,SLC-IDA,SLC,IDA,35,3,32,0.08571428571,0.0001372543637,2465,40.78839874,-111.9779968,43.51459885,-112.0709991
labeled_all,255001,45000,SNA-EWR,SNA,EWR,35,6,29,0.1714285714,0.0001372543637,2466,33.67570114,-117.8679962,40.69250107,-74.16870117
labeled_all,255001,45000,TPA-CMH,TPA,CMH,35,5,30,0.1428571429,0.0001372543637,2467,27.97550011,-82.53320312,39.9980011,-82.89189911
labeled_all,255001,45000,ANC-ADQ,ANC,ADQ,34,3,31,0.08823529412,0.0001333328105,2468,61.17440033,-149.9960022,57.75,-152.4940033
labeled_all,255001,45000,ATL-AEX,ATL,AEX,34,5,29,0.1470588235,0.0001333328105,2469,33.63669968,-84.42810059,31.32740021,-92.54979706
labeled_all,255001,45000,ATL-BMI,ATL,BMI,34,2,32,0.05882352941,0.0001333328105,2470,33.63669968,-84.42810059,40.47710037,-88.91590118
labeled_all,255001,45000,ATL-MLU,ATL,MLU,34,4,30,0.1176470588,0.0001333328105,2471,33.63669968,-84.42810059,32.51089859,-92.03769684
labeled_all,255001,45000,AUS-BWI,AUS,BWI,34,4,30,0.1176470588,0.0001333328105,2472,30.19449997,-97.66989899,39.17539978,-76.66829681
labeled_all,255001,45000,AUS-FLL,AUS,FLL,34,7,27,0.2058823529,0.0001333328105,2473,30.19449997,-97.66989899,26.07259941,-80.15270233
labeled_all,255001,45000,BMI-ATL,BMI,ATL,34,1,33,0.02941176471,0.0001333328105,2474,40.47710037,-88.91590118,33.63669968,-84.42810059
labeled_all,255001,45000,BNA-STL,BNA,STL,34,6,28,0.1764705882,0.0001333328105,2475,36.12450027,-86.67819977,38.74869919,-90.37000275
labeled_all,255001,45000,BOI-LAS,BOI,LAS,34,4,30,0.1176470588,0.0001333328105,2476,43.56439972,-116.2229996,36.08010101,-115.1520004
labeled_all,255001,45000,BOI-PHX,BOI,PHX,34,3,31,0.08823529412,0.0001333328105,2477,43.56439972,-116.2229996,33.43429947,-112.012001
labeled_all,255001,45000,BOS-SLC,BOS,SLC,34,9,25,0.2647058824,0.0001333328105,2478,42.36429977,-71.00520325,40.78839874,-111.9779968
labeled_all,255001,45000,BTV-PHL,BTV,PHL,34,3,31,0.08823529412,0.0001333328105,2479,44.47190094,-73.15329742,39.87189865,-75.2410965
labeled_all,255001,45000,BUR-SEA,BUR,SEA,34,5,29,0.1470588235,0.0001333328105,2480,34.20069885,-118.3590012,47.44900131,-122.3089981
labeled_all,255001,45000,CHS-BOS,CHS,BOS,34,5,29,0.1470588235,0.0001333328105,2481,32.89860153,-80.04049683,42.36429977,-71.00520325
labeled_all,255001,45000,CHS-IAH,CHS,IAH,34,3,31,0.08823529412,0.0001333328105,2482,32.89860153,-80.04049683,29.9843998,-95.34140015
labeled_all,255001,45000,CMH-PHL,CMH,PHL,34,2,32,0.05882352941,0.0001333328105,2483,39.9980011,-82.89189911,39.87189865,-75.2410965
labeled_all,255001,45000,CRW-ORD,CRW,ORD,34,6,28,0.1764705882,0.0001333328105,2484,38.37310028,-81.59320068,41.97859955,-87.90480042
labeled_all,255001,45000,DAY-PHL,DAY,PHL,34,6,28,0.1764705882,0.0001333328105,2485,39.90240097,-84.2193985,39.87189865,-75.2410965
labeled_all,255001,45000,DCA-LAX,DCA,LAX,34,7,27,0.2058823529,0.0001333328105,2486,38.85210037,-77.03769684,33.94250107,-118.4079971
labeled_all,255001,45000,DEN-BIS,DEN,BIS,34,8,26,0.2352941176,0.0001333328105,2487,39.86169815,-104.6729965,46.77270126,-100.7460022
labeled_all,255001,45000,DEN-DAY,DEN,DAY,34,8,26,0.2352941176,0.0001333328105,2488,39.86169815,-104.6729965,39.90240097,-84.2193985
labeled_all,255001,45000,DFW-BRO,DFW,BRO,34,6,28,0.1764705882,0.0001333328105,2489,32.89680099,-97.03800201,25.90679932,-97.42590332
labeled_all,255001,45000,DFW-JAX,DFW,JAX,34,9,25,0.2647058824,0.0001333328105,2490,32.89680099,-97.03800201,30.49410057,-81.68789673
labeled_all,255001,45000,DFW-MSN,DFW,MSN,34,8,26,0.2352941176,0.0001333328105,2491,32.89680099,-97.03800201,43.13990021,-89.33750153
labeled_all,255001,45000,DFW-RSW,DFW,RSW,34,6,28,0.1764705882,0.0001333328105,2492,32.89680099,-97.03800201,26.53619957,-81.75520325
labeled_all,255001,45000,DTW-DSM,DTW,DSM,34,3,31,0.08823529412,0.0001333328105,2493,42.21239853,-83.35340118,41.5340004,-93.6631012
labeled_all,255001,45000,DTW-ITH,DTW,ITH,34,1,33,0.02941176471,0.0001333328105,2494,42.21239853,-83.35340118,42.49100113,-76.45839691
labeled_all,255001,45000,DTW-ROC,DTW,ROC,34,1,33,0.02941176471,0.0001333328105,2495,42.21239853,-83.35340118,43.1189003,-77.67240143
labeled_all,255001,45000,FLL-HPN,FLL,HPN,34,7,27,0.2058823529,0.0001333328105,2496,26.07259941,-80.15270233,41.06700134,-73.70760345
labeled_all,255001,45000,FLL-IAD,FLL,IAD,34,3,31,0.08823529412,0.0001333328105,2497,26.07259941,-80.15270233,38.94449997,-77.45580292
labeled_all,255001,45000,GSP-EWR,GSP,EWR,34,10,24,0.2941176471,0.0001333328105,2498,34.89569855,-82.21890259,40.69250107,-74.16870117
labeled_all,255001,45000,HPN-CLT,HPN,CLT,34,7,27,0.2058823529,0.0001333328105,2499,41.06700134,-73.70760345,35.2140007,-80.94309998
labeled_all,255001,45000,IAD-FLL,IAD,FLL,34,4,30,0.1176470588,0.0001333328105,2500,38.94449997,-77.45580292,26.07259941,-80.15270233
labeled_all,255001,45000,IAD-LAS,IAD,LAS,34,4,30,0.1176470588,0.0001333328105,2501,38.94449997,-77.45580292,36.08010101,-115.1520004
labeled_all,255001,45000,IAD-STL,IAD,STL,34,7,27,0.2058823529,0.0001333328105,2502,38.94449997,-77.45580292,38.74869919,-90.37000275
labeled_all,255001,45000,IAH-AEX,IAH,AEX,34,7,27,0.2058823529,0.0001333328105,2503,29.9843998,-95.34140015,31.32740021,-92.54979706
labeled_all,255001,45000,IAH-CLL,IAH,CLL,34,2,32,0.05882352941,0.0001333328105,2504,29.9843998,-95.34140015,30.58860016,-96.36380005
labeled_all,255001,45000,LAS-PIT,LAS,PIT,34,9,25,0.2647058824,0.0001333328105,2505,36.08010101,-115.1520004,40.49150085,-80.23290253
labeled_all,255001,45000,MCI-SLC,MCI,SLC,34,5,29,0.1470588235,0.0001333328105,2506,39.29759979,-94.71389771,40.78839874,-111.9779968
labeled_all,255001,45000,MCO-ACY,MCO,ACY,34,9,25,0.2647058824,0.0001333328105,2507,28.42939949,-81.30899811,39.45759964,-74.57720184
labeled_all,255001,45000,MCO-BHM,MCO,BHM,34,6,28,0.1764705882,0.0001333328105,2508,28.42939949,-81.30899811,33.56290054,-86.75350189
labeled_all,255001,45000,MDW-CHS,MDW,CHS,34,7,27,0.2058823529,0.0001333328105,2509,41.7859993,-87.75240326,32.89860153,-80.04049683
labeled_all,255001,45000,MDW-OAK,MDW,OAK,34,14,20,0.4117647059,0.0001333328105,2510,41.7859993,-87.75240326,37.72129822,-122.2210007
labeled_all,255001,45000,MIA-EYW,MIA,EYW,34,1,33,0.02941176471,0.0001333328105,2511,25.79319954,-80.29060364,24.55610085,-81.75959778
labeled_all,255001,45000,OAK-BOI,OAK,BOI,34,11,23,0.3235294118,0.0001333328105,2512,37.72129822,-122.2210007,43.56439972,-116.2229996
labeled_all,255001,45000,ORD-HSV,ORD,HSV,34,6,28,0.1764705882,0.0001333328105,2513,41.97859955,-87.90480042,34.6371994,-86.77510071
labeled_all,255001,45000,ORD-LSE,ORD,LSE,34,4,30,0.1176470588,0.0001333328105,2514,41.97859955,-87.90480042,43.87900162,-91.25669861
labeled_all,255001,45000,ORD-MBS,ORD,MBS,34,11,23,0.3235294118,0.0001333328105,2515,41.97859955,-87.90480042,43.53290176,-84.07959747
labeled_all,255001,45000,PDX-ATL,PDX,ATL,34,2,32,0.05882352941,0.0001333328105,2516,45.58869934,-122.5979996,33.63669968,-84.42810059
labeled_all,255001,45000,PDX-JFK,PDX,JFK,34,7,27,0.2058823529,0.0001333328105,2517,45.58869934,-122.5979996,40.63980103,-73.77890015
labeled_all,255001,45000,PDX-OGG,PDX,OGG,34,5,29,0.1470588235,0.0001333328105,2518,45.58869934,-122.5979996,20.89859962,-156.4299927
labeled_all,255001,45000,PDX-ONT,PDX,ONT,34,5,29,0.1470588235,0.0001333328105,2519,45.58869934,-122.5979996,34.05599976,-117.6009979
labeled_all,255001,45000,PDX-RNO,PDX,RNO,34,1,33,0.02941176471,0.0001333328105,2520,45.58869934,-122.5979996,39.49909973,-119.7679977
labeled_all,255001,45000,PHX-DCA,PHX,DCA,34,9,25,0.2647058824,0.0001333328105,2521,33.43429947,-112.012001,38.85210037,-77.03769684
labeled_all,255001,45000,PHX-HNL,PHX,HNL,34,7,27,0.2058823529,0.0001333328105,2522,33.43429947,-112.012001,21.31870079,-157.9219971
labeled_all,255001,45000,PHX-YUM,PHX,YUM,34,3,31,0.08823529412,0.0001333328105,2523,33.43429947,-112.012001,32.65660095,-114.6060028
labeled_all,255001,45000,RDU-STL,RDU,STL,34,5,29,0.1470588235,0.0001333328105,2524,35.87760162,-78.78749847,38.74869919,-90.37000275
labeled_all,255001,45000,SAN-HNL,SAN,HNL,34,4,30,0.1176470588,0.0001333328105,2525,32.73360062,-117.1900024,21.31870079,-157.9219971
labeled_all,255001,45000,SAN-MCO,SAN,MCO,34,5,29,0.1470588235,0.0001333328105,2526,32.73360062,-117.1900024,28.42939949,-81.30899811
labeled_all,255001,45000,SDF-EWR,SDF,EWR,34,11,23,0.3235294118,0.0001333328105,2527,38.17440033,-85.73600006,40.69250107,-74.16870117
labeled_all,255001,45000,SEA-FAT,SEA,FAT,34,2,32,0.05882352941,0.0001333328105,2528,47.44900131,-122.3089981,36.77619934,-119.7180023
labeled_all,255001,45000,SEA-PHL,SEA,PHL,34,4,30,0.1176470588,0.0001333328105,2529,47.44900131,-122.3089981,39.87189865,-75.2410965
labeled_all,255001,45000,SFO-BWI,SFO,BWI,34,11,23,0.3235294118,0.0001333328105,2530,37.61899948,-122.375,39.17539978,-76.66829681
labeled_all,255001,45000,SFO-MDW,SFO,MDW,34,9,25,0.2647058824,0.0001333328105,2531,37.61899948,-122.375,41.7859993,-87.75240326
labeled_all,255001,45000,SJC-DAL,SJC,DAL,34,7,27,0.2058823529,0.0001333328105,2532,37.36259842,-121.9290009,32.8470993,-96.85179901
labeled_all,255001,45000,STL-OMA,STL,OMA,34,7,27,0.2058823529,0.0001333328105,2533,38.74869919,-90.37000275,41.30319977,-95.89409637
labeled_all,255001,45000,ABQ-OAK,ABQ,OAK,33,6,27,0.1818181818,0.0001294112572,2534,35.04019928,-106.6090012,37.72129822,-122.2210007
labeled_all,255001,45000,ABQ-SLC,ABQ,SLC,33,4,29,0.1212121212,0.0001294112572,2535,35.04019928,-106.6090012,40.78839874,-111.9779968
labeled_all,255001,45000,BDL-DTW,BDL,DTW,33,1,32,0.0303030303,0.0001294112572,2536,41.93889999,-72.68319702,42.21239853,-83.35340118
labeled_all,255001,45000,BOI-OAK,BOI,OAK,33,5,28,0.1515151515,0.0001294112572,2537,43.56439972,-116.2229996,37.72129822,-122.2210007
labeled_all,255001,45000,BOI-ORD,BOI,ORD,33,2,31,0.06060606061,0.0001294112572,2538,43.56439972,-116.2229996,41.97859955,-87.90480042
labeled_all,255001,45000,BUF-PHL,BUF,PHL,33,8,25,0.2424242424,0.0001294112572,2539,42.94049835,-78.73220062,39.87189865,-75.2410965
labeled_all,255001,45000,CHO-LGA,CHO,LGA,33,9,24,0.2727272727,0.0001294112572,2540,38.1385994,-78.45290375,40.77719879,-73.87259674
labeled_all,255001,45000,CID-DEN,CID,DEN,33,6,27,0.1818181818,0.0001294112572,2541,41.88470078,-91.71080017,39.86169815,-104.6729965
labeled_all,255001,45000,CLE-BNA,CLE,BNA,33,7,26,0.2121212121,0.0001294112572,2542,41.4117012,-81.84980011,36.12450027,-86.67819977
labeled_all,255001,45000,CLT-BUF,CLT,BUF,33,5,28,0.1515151515,0.0001294112572,2543,35.2140007,-80.94309998,42.94049835,-78.73220062
labeled_all,255001,45000,CLT-HSV,CLT,HSV,33,8,25,0.2424242424,0.0001294112572,2544,35.2140007,-80.94309998,34.6371994,-86.77510071
labeled_all,255001,45000,CLT-MCI,CLT,MCI,33,7,26,0.2121212121,0.0001294112572,2545,35.2140007,-80.94309998,39.29759979,-94.71389771
labeled_all,255001,45000,CLT-MOB,CLT,MOB,33,3,30,0.09090909091,0.0001294112572,2546,35.2140007,-80.94309998,30.69120026,-88.24279785
labeled_all,255001,45000,CLT-XNA,CLT,XNA,33,5,28,0.1515151515,0.0001294112572,2547,35.2140007,-80.94309998,36.2818985,-94.30680084
labeled_all,255001,45000,COD-DEN,COD,DEN,33,6,27,0.1818181818,0.0001294112572,2548,44.52019882,-109.0240021,39.86169815,-104.6729965
labeled_all,255001,45000,CVG-BOS,CVG,BOS,33,5,28,0.1515151515,0.0001294112572,2549,39.04880142,-84.6678009,42.36429977,-71.00520325
labeled_all,255001,45000,DAL-TPA,DAL,TPA,33,7,26,0.2121212121,0.0001294112572,2550,32.8470993,-96.85179901,27.97550011,-82.53320312
labeled_all,255001,45000,DCA-ROC,DCA,ROC,33,3,30,0.09090909091,0.0001294112572,2551,38.85210037,-77.03769684,43.1189003,-77.67240143
labeled_all,255001,45000,DEN-CID,DEN,CID,33,5,28,0.1515151515,0.0001294112572,2552,39.86169815,-104.6729965,41.88470078,-91.71080017
labeled_all,255001,45000,DEN-PSC,DEN,PSC,33,5,28,0.1515151515,0.0001294112572,2553,39.86169815,-104.6729965,46.26470184,-119.1190033
labeled_all,255001,45000,DFW-VPS,DFW,VPS,33,8,25,0.2424242424,0.0001294112572,2554,32.89680099,-97.03800201,30.48320007,-86.52539825
labeled_all,255001,45000,DTW-MDT,DTW,MDT,33,6,27,0.1818181818,0.0001294112572,2555,42.21239853,-83.35340118,40.19350052,-76.76339722
labeled_all,255001,45000,DTW-MEM,DTW,MEM,33,5,28,0.1515151515,0.0001294112572,2556,42.21239853,-83.35340118,35.04240036,-89.97669983
labeled_all,255001,45000,DTW-OMA,DTW,OMA,33,3,30,0.09090909091,0.0001294112572,2557,42.21239853,-83.35340118,41.30319977,-95.89409637
labeled_all,255001,45000,ECP-BNA,ECP,BNA,33,3,30,0.09090909091,0.0001294112572,2558,30.3417,-85.7973,36.12450027,-86.67819977
labeled_all,255001,45000,EWR-GRR,EWR,GRR,33,9,24,0.2727272727,0.0001294112572,2559,40.69250107,-74.16870117,42.88079834,-85.52279663
labeled_all,255001,45000,FLL-SLC,FLL,SLC,33,2,31,0.06060606061,0.0001294112572,2560,26.07259941,-80.15270233,40.78839874,-111.9779968
labeled_all,255001,45000,GJT-DFW,GJT,DFW,33,6,27,0.1818181818,0.0001294112572,2561,39.12239838,-108.5270004,32.89680099,-97.03800201
labeled_all,255001,45000,GRB-MSP,GRB,MSP,33,4,29,0.1212121212,0.0001294112572,2562,44.48509979,-88.12960052,44.88199997,-93.22180176
labeled_all,255001,45000,HPN-DTW,HPN,DTW,33,4,29,0.1212121212,0.0001294112572,2563,41.06700134,-73.70760345,42.21239853,-83.35340118
labeled_all,255001,45000,HSV-DCA,HSV,DCA,33,5,28,0.1515151515,0.0001294112572,2564,34.6371994,-86.77510071,38.85210037,-77.03769684
labeled_all,255001,45000,IAD-PHL,IAD,PHL,33,3,30,0.09090909091,0.0001294112572,2565,38.94449997,-77.45580292,39.87189865,-75.2410965
labeled_all,255001,45000,IAH-COS,IAH,COS,33,10,23,0.303030303,0.0001294112572,2566,29.9843998,-95.34140015,38.80580139,-104.7009964
labeled_all,255001,45000,JFK-MSP,JFK,MSP,33,8,25,0.2424242424,0.0001294112572,2567,40.63980103,-73.77890015,44.88199997,-93.22180176
labeled_all,255001,45000,JFK-RIC,JFK,RIC,33,7,26,0.2121212121,0.0001294112572,2568,40.63980103,-73.77890015,37.50519943,-77.31970215
labeled_all,255001,45000,LGA-CHS,LGA,CHS,33,9,24,0.2727272727,0.0001294112572,2569,40.77719879,-73.87259674,32.89860153,-80.04049683
labeled_all,255001,45000,LGA-SYR,LGA,SYR,33,10,23,0.303030303,0.0001294112572,2570,40.77719879,-73.87259674,43.11119843,-76.10630035
labeled_all,255001,45000,MAF-LAS,MAF,LAS,33,5,28,0.1515151515,0.0001294112572,2571,31.94249916,-102.2020035,36.08010101,-115.1520004
labeled_all,255001,45000,MHT-MCO,MHT,MCO,33,3,30,0.09090909091,0.0001294112572,2572,42.93259811,-71.43569946,28.42939949,-81.30899811
labeled_all,255001,45000,MIA-PHX,MIA,PHX,33,7,26,0.2121212121,0.0001294112572,2573,25.79319954,-80.29060364,33.43429947,-112.012001
labeled_all,255001,45000,MKE-BWI,MKE,BWI,33,3,30,0.09090909091,0.0001294112572,2574,42.94720078,-87.89659882,39.17539978,-76.66829681
labeled_all,255001,45000,MKE-CLT,MKE,CLT,33,4,29,0.1212121212,0.0001294112572,2575,42.94720078,-87.89659882,35.2140007,-80.94309998
labeled_all,255001,45000,MSP-BDL,MSP,BDL,33,6,27,0.1818181818,0.0001294112572,2576,44.88199997,-93.22180176,41.93889999,-72.68319702
labeled_all,255001,45000,MSP-RSW,MSP,RSW,33,5,28,0.1515151515,0.0001294112572,2577,44.88199997,-93.22180176,26.53619957,-81.75520325
labeled_all,255001,45000,MSY-BOS,MSY,BOS,33,10,23,0.303030303,0.0001294112572,2578,29.99340057,-90.25800323,42.36429977,-71.00520325
labeled_all,255001,45000,OGG-ITO,OGG,ITO,33,2,31,0.06060606061,0.0001294112572,2579,20.89859962,-156.4299927,19.72139931,-155.0480042
labeled_all,255001,45000,ONT-SEA,ONT,SEA,33,4,29,0.1212121212,0.0001294112572,2580,34.05599976,-117.6009979,47.44900131,-122.3089981
labeled_all,255001,45000,ORD-ERI,ORD,ERI,33,4,29,0.1212121212,0.0001294112572,2581,41.97859955,-87.90480042,42.08312701,-80.17386675
labeled_all,255001,45000,PGV-CLT,PGV,CLT,33,5,28,0.1515151515,0.0001294112572,2582,35.6352005,-77.38529968,35.2140007,-80.94309998
labeled_all,255001,45000,PHL-MSY,PHL,MSY,33,7,26,0.2121212121,0.0001294112572,2583,39.87189865,-75.2410965,29.99340057,-90.25800323
labeled_all,255001,45000,PHX-BFL,PHX,BFL,33,5,28,0.1515151515,0.0001294112572,2584,33.43429947,-112.012001,35.43360138,-119.0569992
labeled_all,255001,45000,PIH-SLC,PIH,SLC,33,0,33,0,0.0001294112572,2585,42.90980148,-112.5960007,40.78839874,-111.9779968
labeled_all,255001,45000,PNS-MIA,PNS,MIA,33,5,28,0.1515151515,0.0001294112572,2586,30.47340012,-87.18659973,25.79319954,-80.29060364
labeled_all,255001,45000,PVD-DTW,PVD,DTW,33,3,30,0.09090909091,0.0001294112572,2587,41.73260117,-71.42040253,42.21239853,-83.35340118
labeled_all,255001,45000,ROC-CLT,ROC,CLT,33,1,32,0.0303030303,0.0001294112572,2588,43.1189003,-77.67240143,35.2140007,-80.94309998
labeled_all,255001,45000,RSW-DCA,RSW,DCA,33,6,27,0.1818181818,0.0001294112572,2589,26.53619957,-81.75520325,38.85210037,-77.03769684
labeled_all,255001,45000,RSW-IAH,RSW,IAH,33,1,32,0.0303030303,0.0001294112572,2590,26.53619957,-81.75520325,29.9843998,-95.34140015
labeled_all,255001,45000,SAT-BNA,SAT,BNA,33,3,30,0.09090909091,0.0001294112572,2591,29.53370094,-98.46980286,36.12450027,-86.67819977
labeled_all,255001,45000,SAT-CLT,SAT,CLT,33,4,29,0.1212121212,0.0001294112572,2592,29.53370094,-98.46980286,35.2140007,-80.94309998
labeled_all,255001,45000,SAT-IAD,SAT,IAD,33,5,28,0.1515151515,0.0001294112572,2593,29.53370094,-98.46980286,38.94449997,-77.45580292
labeled_all,255001,45000,SAT-STL,SAT,STL,33,2,31,0.06060606061,0.0001294112572,2594,29.53370094,-98.46980286,38.74869919,-90.37000275
labeled_all,255001,45000,SAV-PHL,SAV,PHL,33,3,30,0.09090909091,0.0001294112572,2595,32.12760162,-81.20210266,39.87189865,-75.2410965
labeled_all,255001,45000,SCE-IAD,SCE,IAD,33,3,30,0.09090909091,0.0001294112572,2596,40.84930038,-77.84870148,38.94449997,-77.45580292
labeled_all,255001,45000,SEA-BUR,SEA,BUR,33,6,27,0.1818181818,0.0001294112572,2597,47.44900131,-122.3089981,34.20069885,-118.3590012
labeled_all,255001,45000,SEA-BWI,SEA,BWI,33,5,28,0.1515151515,0.0001294112572,2598,47.44900131,-122.3089981,39.17539978,-76.66829681
labeled_all,255001,45000,SFO-RDU,SFO,RDU,33,11,22,0.3333333333,0.0001294112572,2599,37.61899948,-122.375,35.87760162,-78.78749847
labeled_all,255001,45000,SLC-HLN,SLC,HLN,33,6,27,0.1818181818,0.0001294112572,2600,40.78839874,-111.9779968,46.60680008,-111.9830017
labeled_all,255001,45000,SMF-ATL,SMF,ATL,33,1,32,0.0303030303,0.0001294112572,2601,38.69540024,-121.5910034,33.63669968,-84.42810059
labeled_all,255001,45000,TLH-MIA,TLH,MIA,33,4,29,0.1212121212,0.0001294112572,2602,30.39649963,-84.35030365,25.79319954,-80.29060364
labeled_all,255001,45000,ABE-DTW,ABE,DTW,32,5,27,0.15625,0.000125489704,2603,40.65209961,-75.44080353,42.21239853,-83.35340118
labeled_all,255001,45000,ABQ-ATL,ABQ,ATL,32,4,28,0.125,0.000125489704,2604,35.04019928,-106.6090012,33.63669968,-84.42810059
labeled_all,255001,45000,ABY-ATL,ABY,ATL,32,2,30,0.0625,0.000125489704,2605,31.53549957,-84.19450378,33.63669968,-84.42810059
labeled_all,255001,45000,ATL-SBN,ATL,SBN,32,5,27,0.15625,0.000125489704,2606,33.63669968,-84.42810059,41.70869827,-86.31729889
labeled_all,255001,45000,AUS-BOS,AUS,BOS,32,8,24,0.25,0.000125489704,2607,30.19449997,-97.66989899,42.36429977,-71.00520325
labeled_all,255001,45000,BFL-PHX,BFL,PHX,32,4,28,0.125,0.000125489704,2608,35.43360138,-119.0569992,33.43429947,-112.012001
labeled_all,255001,45000,BHM-DTW,BHM,DTW,32,3,29,0.09375,0.000125489704,2609,33.56290054,-86.75350189,42.21239853,-83.35340118
labeled_all,255001,45000,BIL-SLC,BIL,SLC,32,5,27,0.15625,0.000125489704,2610,45.80770111,-108.5429993,40.78839874,-111.9779968
labeled_all,255001,45000,BOS-HOU,BOS,HOU,32,8,24,0.25,0.000125489704,2611,42.36429977,-71.00520325,29.64539909,-95.27890015
labeled_all,255001,45000,BUF-TPA,BUF,TPA,32,8,24,0.25,0.000125489704,2612,42.94049835,-78.73220062,27.97550011,-82.53320312
labeled_all,255001,45000,BWI-PHL,BWI,PHL,32,5,27,0.15625,0.000125489704,2613,39.17539978,-76.66829681,39.87189865,-75.2410965
labeled_all,255001,45000,BWI-SJU,BWI,SJU,32,8,24,0.25,0.000125489704,2614,39.17539978,-76.66829681,18.43939972,-66.00180054
labeled_all,255001,45000,CLE-RSW,CLE,RSW,32,5,27,0.15625,0.000125489704,2615,41.4117012,-81.84980011,26.53619957,-81.75520325
labeled_all,255001,45000,CLT-DAB,CLT,DAB,32,4,28,0.125,0.000125489704,2616,35.2140007,-80.94309998,29.17989922,-81.05809784
labeled_all,255001,45000,CLT-OMA,CLT,OMA,32,5,27,0.15625,0.000125489704,2617,35.2140007,-80.94309998,41.30319977,-95.89409637
labeled_all,255001,45000,CLT-PWM,CLT,PWM,32,3,29,0.09375,0.000125489704,2618,35.2140007,-80.94309998,43.64619827,-70.30930328
labeled_all,255001,45000,CMH-DFW,CMH,DFW,32,7,25,0.21875,0.000125489704,2619,39.9980011,-82.89189911,32.89680099,-97.03800201
labeled_all,255001,45000,DAL-PDX,DAL,PDX,32,10,22,0.3125,0.000125489704,2620,32.8470993,-96.85179901,45.58869934,-122.5979996
labeled_all,255001,45000,DAY-LGA,DAY,LGA,32,9,23,0.28125,0.000125489704,2621,39.90240097,-84.2193985,40.77719879,-73.87259674
labeled_all,255001,45000,DEN-MFR,DEN,MFR,32,7,25,0.21875,0.000125489704,2622,39.86169815,-104.6729965,42.37419891,-122.8730011
labeled_all,255001,45000,DEN-MOT,DEN,MOT,32,9,23,0.28125,0.000125489704,2623,39.86169815,-104.6729965,48.25939941,-101.2799988
labeled_all,255001,45000,ECP-IAH,ECP,IAH,32,4,28,0.125,0.000125489704,2624,30.3417,-85.7973,29.9843998,-95.34140015
labeled_all,255001,45000,ELP-SAT,ELP,SAT,32,7,25,0.21875,0.000125489704,2625,31.80719948,-106.3779984,29.53370094,-98.46980286
labeled_all,255001,45000,EVV-DTW,EVV,DTW,32,3,29,0.09375,0.000125489704,2626,38.03699875,-87.53240204,42.21239853,-83.35340118
labeled_all,255001,45000,EWR-GSP,EWR,GSP,32,11,21,0.34375,0.000125489704,2627,40.69250107,-74.16870117,34.89569855,-82.21890259
labeled_all,255001,45000,GRK-IAH,GRK,IAH,32,3,29,0.09375,0.000125489704,2628,31.06719971,-97.8289032,29.9843998,-95.34140015
labeled_all,255001,45000,HDN-DEN,HDN,DEN,32,5,27,0.15625,0.000125489704,2629,40.48120117,-107.2180023,39.86169815,-104.6729965
labeled_all,255001,45000,IAH-VPS,IAH,VPS,32,9,23,0.28125,0.000125489704,2630,29.9843998,-95.34140015,30.48320007,-86.52539825
labeled_all,255001,45000,JAX-DEN,JAX,DEN,32,6,26,0.1875,0.000125489704,2631,30.49410057,-81.68789673,39.86169815,-104.6729965
labeled_all,255001,45000,LAS-CVG,LAS,CVG,32,7,25,0.21875,0.000125489704,2632,36.08010101,-115.1520004,39.04880142,-84.6678009
labeled_all,255001,45000,LAX-COS,LAX,COS,32,6,26,0.1875,0.000125489704,2633,33.94250107,-118.4079971,38.80580139,-104.7009964
labeled_all,255001,45000,LGA-BGR,LGA,BGR,32,12,20,0.375,0.000125489704,2634,40.77719879,-73.87259674,44.80739975,-68.82810211
labeled_all,255001,45000,LGA-CHO,LGA,CHO,32,8,24,0.25,0.000125489704,2635,40.77719879,-73.87259674,38.1385994,-78.45290375
labeled_all,255001,45000,LGB-PHX,LGB,PHX,32,4,28,0.125,0.000125489704,2636,33.81769943,-118.1520004,33.43429947,-112.012001
labeled_all,255001,45000,MCO-CVG,MCO,CVG,32,8,24,0.25,0.000125489704,2637,28.42939949,-81.30899811,39.04880142,-84.6678009
labeled_all,255001,45000,MHT-DTW,MHT,DTW,32,3,29,0.09375,0.000125489704,2638,42.93259811,-71.43569946,42.21239853,-83.35340118
labeled_all,255001,45000,MKE-PHL,MKE,PHL,32,7,25,0.21875,0.000125489704,2639,42.94720078,-87.89659882,39.87189865,-75.2410965
labeled_all,255001,45000,MRY-PHX,MRY,PHX,32,4,28,0.125,0.000125489704,2640,36.5870018,-121.8430023,33.43429947,-112.012001
labeled_all,255001,45000,ORD-CRW,ORD,CRW,32,7,25,0.21875,0.000125489704,2641,41.97859955,-87.90480042,38.37310028,-81.59320068
labeled_all,255001,45000,ORD-ILM,ORD,ILM,32,3,29,0.09375,0.000125489704,2642,41.97859955,-87.90480042,34.27059937,-77.90260315
labeled_all,255001,45000,PHL-GSO,PHL,GSO,32,4,28,0.125,0.000125489704,2643,39.87189865,-75.2410965,36.09780121,-79.93730164
labeled_all,255001,45000,PHL-JAX,PHL,JAX,32,6,26,0.1875,0.000125489704,2644,39.87189865,-75.2410965,30.49410057,-81.68789673
labeled_all,255001,45000,PHL-MKE,PHL,MKE,32,2,30,0.0625,0.000125489704,2645,39.87189865,-75.2410965,42.94720078,-87.89659882
labeled_all,255001,45000,PHL-PBI,PHL,PBI,32,4,28,0.125,0.000125489704,2646,39.87189865,-75.2410965,26.68320084,-80.09559631
labeled_all,255001,45000,PSC-DEN,PSC,DEN,32,4,28,0.125,0.000125489704,2647,46.26470184,-119.1190033,39.86169815,-104.6729965
labeled_all,255001,45000,PVD-FLL,PVD,FLL,32,6,26,0.1875,0.000125489704,2648,41.73260117,-71.42040253,26.07259941,-80.15270233
labeled_all,255001,45000,PVD-TPA,PVD,TPA,32,4,28,0.125,0.000125489704,2649,41.73260117,-71.42040253,27.97550011,-82.53320312
labeled_all,255001,45000,PWM-IAD,PWM,IAD,32,6,26,0.1875,0.000125489704,2650,43.64619827,-70.30930328,38.94449997,-77.45580292
labeled_all,255001,45000,RIC-FLL,RIC,FLL,32,7,25,0.21875,0.000125489704,2651,37.50519943,-77.31970215,26.07259941,-80.15270233
labeled_all,255001,45000,ROA-ORD,ROA,ORD,32,4,28,0.125,0.000125489704,2652,37.32550049,-79.97540283,41.97859955,-87.90480042
labeled_all,255001,45000,ROC-DTW,ROC,DTW,32,2,30,0.0625,0.000125489704,2653,43.1189003,-77.67240143,42.21239853,-83.35340118
labeled_all,255001,45000,RSW-CLE,RSW,CLE,32,12,20,0.375,0.000125489704,2654,26.53619957,-81.75520325,41.4117012,-81.84980011
labeled_all,255001,45000,SAN-DTW,SAN,DTW,32,3,29,0.09375,0.000125489704,2655,32.73360062,-117.1900024,42.21239853,-83.35340118
labeled_all,255001,45000,SAN-IAD,SAN,IAD,32,2,30,0.0625,0.000125489704,2656,32.73360062,-117.1900024,38.94449997,-77.45580292
labeled_all,255001,45000,SAN-RNO,SAN,RNO,32,5,27,0.15625,0.000125489704,2657,32.73360062,-117.1900024,39.49909973,-119.7679977
labeled_all,255001,45000,SAT-MDW,SAT,MDW,32,4,28,0.125,0.000125489704,2658,29.53370094,-98.46980286,41.7859993,-87.75240326
labeled_all,255001,45000,SAT-MSP,SAT,MSP,32,1,31,0.03125,0.000125489704,2659,29.53370094,-98.46980286,44.88199997,-93.22180176
labeled_all,255001,45000,SAV-IAD,SAV,IAD,32,5,27,0.15625,0.000125489704,2660,32.12760162,-81.20210266,38.94449997,-77.45580292
labeled_all,255001,45000,SLC-PIH,SLC,PIH,32,4,28,0.125,0.000125489704,2661,40.78839874,-111.9779968,42.90980148,-112.5960007
labeled_all,255001,45000,SLC-PSP,SLC,PSP,32,4,28,0.125,0.000125489704,2662,40.78839874,-111.9779968,33.82970047,-116.5070038
labeled_all,255001,45000,ALB-FLL,ALB,FLL,31,8,23,0.2580645161,0.0001215681507,2663,42.74829864,-73.80169678,26.07259941,-80.15270233
labeled_all,255001,45000,ATL-ABY,ATL,ABY,31,1,30,0.03225806452,0.0001215681507,2664,33.63669968,-84.42810059,31.53549957,-84.19450378
labeled_all,255001,45000,ATL-SYR,ATL,SYR,31,4,27,0.1290322581,0.0001215681507,2665,33.63669968,-84.42810059,43.11119843,-76.10630035
labeled_all,255001,45000,AUS-DTW,AUS,DTW,31,6,25,0.1935483871,0.0001215681507,2666,30.19449997,-97.66989899,42.21239853,-83.35340118
labeled_all,255001,45000,BDL-MSP,BDL,MSP,31,0,31,0,0.0001215681507,2667,41.93889999,-72.68319702,44.88199997,-93.22180176
labeled_all,255001,45000,BOS-MSY,BOS,MSY,31,10,21,0.3225806452,0.0001215681507,2668,42.36429977,-71.00520325,29.99340057,-90.25800323
labeled_all,255001,45000,BQK-ATL,BQK,ATL,31,3,28,0.09677419355,0.0001215681507,2669,31.25880051,-81.46649933,33.63669968,-84.42810059
labeled_all,255001,45000,BZN-SEA,BZN,SEA,31,3,28,0.09677419355,0.0001215681507,2670,45.77750015,-111.1529999,47.44900131,-122.3089981
labeled_all,255001,45000,CAE-IAD,CAE,IAD,31,3,28,0.09677419355,0.0001215681507,2671,33.93880081,-81.11949921,38.94449997,-77.45580292
labeled_all,255001,45000,CAK-CLT,CAK,CLT,31,8,23,0.2580645161,0.0001215681507,2672,40.91609955,-81.44219971,35.2140007,-80.94309998
labeled_all,255001,45000,CLE-MKE,CLE,MKE,31,6,25,0.1935483871,0.0001215681507,2673,41.4117012,-81.84980011,42.94720078,-87.89659882
labeled_all,255001,45000,CRW-ATL,CRW,ATL,31,10,21,0.3225806452,0.0001215681507,2674,38.37310028,-81.59320068,33.63669968,-84.42810059
labeled_all,255001,45000,DCA-DAY,DCA,DAY,31,3,28,0.09677419355,0.0001215681507,2675,38.85210037,-77.03769684,39.90240097,-84.2193985
labeled_all,255001,45000,DCA-MHT,DCA,MHT,31,6,25,0.1935483871,0.0001215681507,2676,38.85210037,-77.03769684,42.93259811,-71.43569946
labeled_all,255001,45000,DCA-SDF,DCA,SDF,31,4,27,0.1290322581,0.0001215681507,2677,38.85210037,-77.03769684,38.17440033,-85.73600006
labeled_all,255001,45000,DEN-HDN,DEN,HDN,31,6,25,0.1935483871,0.0001215681507,2678,39.86169815,-104.6729965,40.48120117,-107.2180023
labeled_all,255001,45000,DEN-TYS,DEN,TYS,31,4,27,0.1290322581,0.0001215681507,2679,39.86169815,-104.6729965,35.81100082,-83.9940033
labeled_all,255001,45000,DFW-GJT,DFW,GJT,31,4,27,0.1290322581,0.0001215681507,2680,32.89680099,-97.03800201,39.12239838,-108.5270004
labeled_all,255001,45000,DTW-BGM,DTW,BGM,31,6,25,0.1935483871,0.0001215681507,2681,42.21239853,-83.35340118,42.20869827,-75.97979736
labeled_all,255001,45000,DTW-FWA,DTW,FWA,31,8,23,0.2580645161,0.0001215681507,2682,42.21239853,-83.35340118,40.97850037,-85.19509888
labeled_all,255001,45000,EUG-DEN,EUG,DEN,31,4,27,0.1290322581,0.0001215681507,2683,44.12459946,-123.211998,39.86169815,-104.6729965
labeled_all,255001,45000,EWR-MCI,EWR,MCI,31,9,22,0.2903225806,0.0001215681507,2684,40.69250107,-74.16870117,39.29759979,-94.71389771
labeled_all,255001,45000,FLL-PIT,FLL,PIT,31,5,26,0.1612903226,0.0001215681507,2685,26.07259941,-80.15270233,40.49150085,-80.23290253
labeled_all,255001,45000,FLO-CLT,FLO,CLT,31,5,26,0.1612903226,0.0001215681507,2686,34.1853981,-79.72389984,35.2140007,-80.94309998
labeled_all,255001,45000,FWA-DTW,FWA,DTW,31,4,27,0.1290322581,0.0001215681507,2687,40.97850037,-85.19509888,42.21239853,-83.35340118
labeled_all,255001,45000,GSO-PHL,GSO,PHL,31,6,25,0.1935483871,0.0001215681507,2688,36.09780121,-79.93730164,39.87189865,-75.2410965
labeled_all,255001,45000,GSP-IAH,GSP,IAH,31,6,25,0.1935483871,0.0001215681507,2689,34.89569855,-82.21890259,29.9843998,-95.34140015
labeled_all,255001,45000,HNL-OAK,HNL,OAK,31,8,23,0.2580645161,0.0001215681507,2690,21.31870079,-157.9219971,37.72129822,-122.2210007
labeled_all,255001,45000,HNL-SAN,HNL,SAN,31,7,24,0.2258064516,0.0001215681507,2691,21.31870079,-157.9219971,32.73360062,-117.1900024
labeled_all,255001,45000,IAD-TYS,IAD,TYS,31,5,26,0.1612903226,0.0001215681507,2692,38.94449997,-77.45580292,35.81100082,-83.9940033
labeled_all,255001,45000,IAH-ECP,IAH,ECP,31,2,29,0.06451612903,0.0001215681507,2693,29.9843998,-95.34140015,30.3417,-85.7973
labeled_all,255001,45000,IAH-RSW,IAH,RSW,31,9,22,0.2903225806,0.0001215681507,2694,29.9843998,-95.34140015,26.53619957,-81.75520325
labeled_all,255001,45000,ISP-PBI,ISP,PBI,31,4,27,0.1290322581,0.0001215681507,2695,40.79520035,-73.10019684,26.68320084,-80.09559631
labeled_all,255001,45000,ITO-OGG,ITO,OGG,31,0,31,0,0.0001215681507,2696,19.72139931,-155.0480042,20.89859962,-156.4299927
labeled_all,255001,45000,JFK-LGB,JFK,LGB,31,8,23,0.2580645161,0.0001215681507,2697,40.63980103,-73.77890015,33.81769943,-118.1520004
labeled_all,255001,45000,LAX-RDM,LAX,RDM,31,5,26,0.1612903226,0.0001215681507,2698,33.94250107,-118.4079971,44.2541008,-121.1500015
labeled_all,255001,45000,LGA-RSW,LGA,RSW,31,5,26,0.1612903226,0.0001215681507,2699,40.77719879,-73.87259674,26.53619957,-81.75520325
labeled_all,255001,45000,LRD-IAH,LRD,IAH,31,3,28,0.09677419355,0.0001215681507,2700,27.54380035,-99.46160126,29.9843998,-95.34140015
labeled_all,255001,45000,MLU-ATL,MLU,ATL,31,3,28,0.09677419355,0.0001215681507,2701,32.51089859,-92.03769684,33.63669968,-84.42810059
labeled_all,255001,45000,ORD-CAE,ORD,CAE,31,6,25,0.1935483871,0.0001215681507,2702,41.97859955,-87.90480042,33.93880081,-81.11949921
labeled_all,255001,45000,ORD-SMF,ORD,SMF,31,12,19,0.3870967742,0.0001215681507,2703,41.97859955,-87.90480042,38.69540024,-121.5910034
labeled_all,255001,45000,PDX-IAH,PDX,IAH,31,2,29,0.06451612903,0.0001215681507,2704,45.58869934,-122.5979996,29.9843998,-95.34140015
labeled_all,255001,45000,PHL-ISP,PHL,ISP,31,4,27,0.1290322581,0.0001215681507,2705,39.87189865,-75.2410965,40.79520035,-73.10019684
labeled_all,255001,45000,PHL-MYR,PHL,MYR,31,8,23,0.2580645161,0.0001215681507,2706,39.87189865,-75.2410965,33.67969894,-78.92829895
labeled_all,255001,45000,PHX-CLE,PHX,CLE,31,5,26,0.1612903226,0.0001215681507,2707,33.43429947,-112.012001,41.4117012,-81.84980011
labeled_all,255001,45000,PIT-PHX,PIT,PHX,31,6,25,0.1935483871,0.0001215681507,2708,40.49150085,-80.23290253,33.43429947,-112.012001
labeled_all,255001,45000,PWM-CLT,PWM,CLT,31,3,28,0.09677419355,0.0001215681507,2709,43.64619827,-70.30930328,35.2140007,-80.94309998
labeled_all,255001,45000,RSW-CMH,RSW,CMH,31,0,31,0,0.0001215681507,2710,26.53619957,-81.75520325,39.9980011,-82.89189911
labeled_all,255001,45000,SAF-DEN,SAF,DEN,31,5,26,0.1612903226,0.0001215681507,2711,35.61709976,-106.0889969,39.86169815,-104.6729965
labeled_all,255001,45000,SAT-BWI,SAT,BWI,31,3,28,0.09677419355,0.0001215681507,2712,29.53370094,-98.46980286,39.17539978,-76.66829681
labeled_all,255001,45000,SBN-DTW,SBN,DTW,31,2,29,0.06451612903,0.0001215681507,2713,41.70869827,-86.31729889,42.21239853,-83.35340118
labeled_all,255001,45000,SEA-BNA,SEA,BNA,31,5,26,0.1612903226,0.0001215681507,2714,47.44900131,-122.3089981,36.12450027,-86.67819977
labeled_all,255001,45000,SFO-GEG,SFO,GEG,31,11,20,0.3548387097,0.0001215681507,2715,37.61899948,-122.375,47.61989975,-117.5339966
labeled_all,255001,45000,SFO-MSY,SFO,MSY,31,9,22,0.2903225806,0.0001215681507,2716,37.61899948,-122.375,29.99340057,-90.25800323
labeled_all,255001,45000,SLC-ABQ,SLC,ABQ,31,4,27,0.1290322581,0.0001215681507,2717,40.78839874,-111.9779968,35.04019928,-106.6090012
labeled_all,255001,45000,SLC-MSO,SLC,MSO,31,3,28,0.09677419355,0.0001215681507,2718,40.78839874,-111.9779968,46.91630173,-114.0910034
labeled_all,255001,45000,STL-OKC,STL,OKC,31,9,22,0.2903225806,0.0001215681507,2719,38.74869919,-90.37000275,35.39310074,-97.60070038
labeled_all,255001,45000,TYS-DFW,TYS,DFW,31,4,27,0.1290322581,0.0001215681507,2720,35.81100082,-83.9940033,32.89680099,-97.03800201
labeled_all,255001,45000,VPS-CLT,VPS,CLT,31,3,28,0.09677419355,0.0001215681507,2721,30.48320007,-86.52539825,35.2140007,-80.94309998
labeled_all,255001,45000,ALB-DCA,ALB,DCA,30,7,23,0.2333333333,0.0001176465975,2722,42.74829864,-73.80169678,38.85210037,-77.03769684
labeled_all,255001,45000,ASE-ORD,ASE,ORD,30,11,19,0.3666666667,0.0001176465975,2723,39.22320175,-106.8690033,41.97859955,-87.90480042
labeled_all,255001,45000,AUS-BNA,AUS,BNA,30,3,27,0.1,0.0001176465975,2724,30.19449997,-97.66989899,36.12450027,-86.67819977
labeled_all,255001,45000,BGM-DTW,BGM,DTW,30,1,29,0.03333333333,0.0001176465975,2725,42.20869827,-75.97979736,42.21239853,-83.35340118
labeled_all,255001,45000,BNA-AUS,BNA,AUS,30,5,25,0.1666666667,0.0001176465975,2726,36.12450027,-86.67819977,30.19449997,-97.66989899
labeled_all,255001,45000,BOI-SMF,BOI,SMF,30,1,29,0.03333333333,0.0001176465975,2727,43.56439972,-116.2229996,38.69540024,-121.5910034
labeled_all,255001,45000,BOS-MCI,BOS,MCI,30,5,25,0.1666666667,0.0001176465975,2728,42.36429977,-71.00520325,39.29759979,-94.71389771
labeled_all,255001,45000,BWI-EWR,BWI,EWR,30,13,17,0.4333333333,0.0001176465975,2729,39.17539978,-76.66829681,40.69250107,-74.16870117
labeled_all,255001,45000,CHS-LGA,CHS,LGA,30,5,25,0.1666666667,0.0001176465975,2730,32.89860153,-80.04049683,40.77719879,-73.87259674
labeled_all,255001,45000,CLT-DSM,CLT,DSM,30,4,26,0.1333333333,0.0001176465975,2731,35.2140007,-80.94309998,41.5340004,-93.6631012
labeled_all,255001,45000,CLT-LIT,CLT,LIT,30,7,23,0.2333333333,0.0001176465975,2732,35.2140007,-80.94309998,34.72940063,-92.22429657
labeled_all,255001,45000,CVG-LAS,CVG,LAS,30,3,27,0.1,0.0001176465975,2733,39.04880142,-84.6678009,36.08010101,-115.1520004
labeled_all,255001,45000,DCA-TYS,DCA,TYS,30,5,25,0.1666666667,0.0001176465975,2734,38.85210037,-77.03769684,35.81100082,-83.9940033
labeled_all,255001,45000,DEN-BDL,DEN,BDL,30,6,24,0.2,0.0001176465975,2735,39.86169815,-104.6729965,41.93889999,-72.68319702
labeled_all,255001,45000,DEN-EUG,DEN,EUG,30,4,26,0.1333333333,0.0001176465975,2736,39.86169815,-104.6729965,44.12459946,-123.211998
labeled_all,255001,45000,DEN-HYS,DEN,HYS,30,5,25,0.1666666667,0.0001176465975,2737,39.86169815,-104.6729965,38.84220123,-99.27320099
labeled_all,255001,45000,DEN-IDA,DEN,IDA,30,4,26,0.1333333333,0.0001176465975,2738,39.86169815,-104.6729965,43.51459885,-112.0709991
labeled_all,255001,45000,DEN-LBF,DEN,LBF,30,4,26,0.1333333333,0.0001176465975,2739,39.86169815,-104.6729965,41.12620163,-100.6839981
labeled_all,255001,45000,DFW-CHS,DFW,CHS,30,8,22,0.2666666667,0.0001176465975,2740,32.89680099,-97.03800201,32.89860153,-80.04049683
labeled_all,255001,45000,DFW-COU,DFW,COU,30,8,22,0.2666666667,0.0001176465975,2741,32.89680099,-97.03800201,38.81809998,-92.21959686
labeled_all,255001,45000,DFW-DRO,DFW,DRO,30,5,25,0.1666666667,0.0001176465975,2742,32.89680099,-97.03800201,37.1515007,-107.7539978
labeled_all,255001,45000,DFW-ECP,DFW,ECP,30,8,22,0.2666666667,0.0001176465975,2743,32.89680099,-97.03800201,30.3417,-85.7973
labeled_all,255001,45000,DFW-OMA,DFW,OMA,30,7,23,0.2333333333,0.0001176465975,2744,32.89680099,-97.03800201,41.30319977,-95.89409637
labeled_all,255001,45000,DFW-RIC,DFW,RIC,30,12,18,0.4,0.0001176465975,2745,32.89680099,-97.03800201,37.50519943,-77.31970215
labeled_all,255001,45000,DSM-DTW,DSM,DTW,30,3,27,0.1,0.0001176465975,2746,41.5340004,-93.6631012,42.21239853,-83.35340118
labeled_all,255001,45000,DTW-HPN,DTW,HPN,30,7,23,0.2333333333,0.0001176465975,2747,42.21239853,-83.35340118,41.06700134,-73.70760345
labeled_all,255001,45000,EGE-DEN,EGE,DEN,30,6,24,0.2,0.0001176465975,2748,39.64260101,-106.9179993,39.86169815,-104.6729965
labeled_all,255001,45000,EUG-LAX,EUG,LAX,30,5,25,0.1666666667,0.0001176465975,2749,44.12459946,-123.211998,33.94250107,-118.4079971
labeled_all,255001,45000,EWR-BGR,EWR,BGR,30,5,25,0.1666666667,0.0001176465975,2750,40.69250107,-74.16870117,44.80739975,-68.82810211
labeled_all,255001,45000,EWR-MEM,EWR,MEM,30,9,21,0.3,0.0001176465975,2751,40.69250107,-74.16870117,35.04240036,-89.97669983
labeled_all,255001,45000,FLL-BUF,FLL,BUF,30,10,20,0.3333333333,0.0001176465975,2752,26.07259941,-80.15270233,42.94049835,-78.73220062
labeled_all,255001,45000,FSM-ATL,FSM,ATL,30,4,26,0.1333333333,0.0001176465975,2753,35.33660126,-94.36740112,33.63669968,-84.42810059
labeled_all,255001,45000,HOU-TUL,HOU,TUL,30,4,26,0.1333333333,0.0001176465975,2754,29.64539909,-95.27890015,36.19839859,-95.88809967
labeled_all,255001,45000,HSV-CLT,HSV,CLT,30,5,25,0.1666666667,0.0001176465975,2755,34.6371994,-86.77510071,35.2140007,-80.94309998
labeled_all,255001,45000,IAD-PVD,IAD,PVD,30,4,26,0.1333333333,0.0001176465975,2756,38.94449997,-77.45580292,41.73260117,-71.42040253
labeled_all,255001,45000,IAD-ROA,IAD,ROA,30,3,27,0.1,0.0001176465975,2757,38.94449997,-77.45580292,37.32550049,-79.97540283
labeled_all,255001,45000,ICT-MSP,ICT,MSP,30,6,24,0.2,0.0001176465975,2758,37.64989853,-97.43309784,44.88199997,-93.22180176
labeled_all,255001,45000,IND-MDW,IND,MDW,30,2,28,0.06666666667,0.0001176465975,2759,39.71730041,-86.29440308,41.7859993,-87.75240326
labeled_all,255001,45000,ITH-PHL,ITH,PHL,30,4,26,0.1333333333,0.0001176465975,2760,42.49100113,-76.45839691,39.87189865,-75.2410965
labeled_all,255001,45000,LAS-BLI,LAS,BLI,30,3,27,0.1,0.0001176465975,2761,36.08010101,-115.1520004,48.7928009,-122.538002
labeled_all,255001,45000,LAS-MIA,LAS,MIA,30,4,26,0.1333333333,0.0001176465975,2762,36.08010101,-115.1520004,25.79319954,-80.29060364
labeled_all,255001,45000,LFT-ATL,LFT,ATL,30,2,28,0.06666666667,0.0001176465975,2763,30.20529938,-91.98760223,33.63669968,-84.42810059
labeled_all,255001,45000,LGA-MYR,LGA,MYR,30,6,24,0.2,0.0001176465975,2764,40.77719879,-73.87259674,33.67969894,-78.92829895
labeled_all,255001,45000,LIH-SEA,LIH,SEA,30,1,29,0.03333333333,0.0001176465975,2765,21.97599983,-159.3390045,47.44900131,-122.3089981
labeled_all,255001,45000,MCO-BQN,MCO,BQN,30,11,19,0.3666666667,0.0001176465975,2766,28.42939949,-81.30899811,18.49489975,-67.12940216
labeled_all,255001,45000,MDW-GRR,MDW,GRR,30,8,22,0.2666666667,0.0001176465975,2767,41.7859993,-87.75240326,42.88079834,-85.52279663
labeled_all,255001,45000,MDW-ORF,MDW,ORF,30,10,20,0.3333333333,0.0001176465975,2768,41.7859993,-87.75240326,36.89459991,-76.20120239
labeled_all,255001,45000,MDW-RDU,MDW,RDU,30,7,23,0.2333333333,0.0001176465975,2769,41.7859993,-87.75240326,35.87760162,-78.78749847
labeled_all,255001,45000,MDW-SFO,MDW,SFO,30,10,20,0.3333333333,0.0001176465975,2770,41.7859993,-87.75240326,37.61899948,-122.375
labeled_all,255001,45000,MDW-SLC,MDW,SLC,30,10,20,0.3333333333,0.0001176465975,2771,41.7859993,-87.75240326,40.78839874,-111.9779968
labeled_all,255001,45000,MEM-DCA,MEM,DCA,30,2,28,0.06666666667,0.0001176465975,2772,35.04240036,-89.97669983,38.85210037,-77.03769684
labeled_all,255001,45000,MFR-DEN,MFR,DEN,30,5,25,0.1666666667,0.0001176465975,2773,42.37419891,-122.8730011,39.86169815,-104.6729965
labeled_all,255001,45000,MIA-CMH,MIA,CMH,30,6,24,0.2,0.0001176465975,2774,25.79319954,-80.29060364,39.9980011,-82.89189911
labeled_all,255001,45000,MIA-CVG,MIA,CVG,30,3,27,0.1,0.0001176465975,2775,25.79319954,-80.29060364,39.04880142,-84.6678009
labeled_all,255001,45000,MKE-BNA,MKE,BNA,30,7,23,0.2333333333,0.0001176465975,2776,42.94720078,-87.89659882,36.12450027,-86.67819977
labeled_all,255001,45000,MKE-MCI,MKE,MCI,30,3,27,0.1,0.0001176465975,2777,42.94720078,-87.89659882,39.29759979,-94.71389771
labeled_all,255001,45000,MSN-ATL,MSN,ATL,30,3,27,0.1,0.0001176465975,2778,43.13990021,-89.33750153,33.63669968,-84.42810059
labeled_all,255001,45000,MSP-ATW,MSP,ATW,30,6,24,0.2,0.0001176465975,2779,44.88199997,-93.22180176,44.2580986,-88.51909637
labeled_all,255001,45000,MSP-SAT,MSP,SAT,30,4,26,0.1333333333,0.0001176465975,2780,44.88199997,-93.22180176,29.53370094,-98.46980286
labeled_all,255001,45000,MSY-LGA,MSY,LGA,30,8,22,0.2666666667,0.0001176465975,2781,29.99340057,-90.25800323,40.77719879,-73.87259674
labeled_all,255001,45000,OKC-MSP,OKC,MSP,30,1,29,0.03333333333,0.0001176465975,2782,35.39310074,-97.60070038,44.88199997,-93.22180176
labeled_all,255001,45000,OMA-DCA,OMA,DCA,30,5,25,0.1666666667,0.0001176465975,2783,41.30319977,-95.89409637,38.85210037,-77.03769684
labeled_all,255001,45000,OMA-DFW,OMA,DFW,30,5,25,0.1666666667,0.0001176465975,2784,41.30319977,-95.89409637,32.89680099,-97.03800201
labeled_all,255001,45000,PBI-ORD,PBI,ORD,30,5,25,0.1666666667,0.0001176465975,2785,26.68320084,-80.09559631,41.97859955,-87.90480042
labeled_all,255001,45000,PDX-EUG,PDX,EUG,30,1,29,0.03333333333,0.0001176465975,2786,45.58869934,-122.5979996,44.12459946,-123.211998
labeled_all,255001,45000,PHF-ATL,PHF,ATL,30,3,27,0.1,0.0001176465975,2787,37.13190079,-76.49299622,33.63669968,-84.42810059
labeled_all,255001,45000,PHL-ITH,PHL,ITH,30,6,24,0.2,0.0001176465975,2788,39.87189865,-75.2410965,42.49100113,-76.45839691
labeled_all,255001,45000,PHL-SEA,PHL,SEA,30,7,23,0.2333333333,0.0001176465975,2789,39.87189865,-75.2410965,47.44900131,-122.3089981
labeled_all,255001,45000,PSP-SLC,PSP,SLC,30,3,27,0.1,0.0001176465975,2790,33.82970047,-116.5070038,40.78839874,-111.9779968
labeled_all,255001,45000,RKS-DEN,RKS,DEN,30,3,27,0.1,0.0001176465975,2791,41.59420013,-109.0650024,39.86169815,-104.6729965
labeled_all,255001,45000,RNO-OAK,RNO,OAK,30,6,24,0.2,0.0001176465975,2792,39.49909973,-119.7679977,37.72129822,-122.2210007
labeled_all,255001,45000,ROC-IAD,ROC,IAD,30,1,29,0.03333333333,0.0001176465975,2793,43.1189003,-77.67240143,38.94449997,-77.45580292
labeled_all,255001,45000,SEA-ONT,SEA,ONT,30,3,27,0.1,0.0001176465975,2794,47.44900131,-122.3089981,34.05599976,-117.6009979
labeled_all,255001,45000,SFO-MRY,SFO,MRY,30,7,23,0.2333333333,0.0001176465975,2795,37.61899948,-122.375,36.5870018,-121.8430023
labeled_all,255001,45000,SLC-BOS,SLC,BOS,30,7,23,0.2333333333,0.0001176465975,2796,40.78839874,-111.9779968,42.36429977,-71.00520325
labeled_all,255001,45000,SLC-SGU,SLC,SGU,30,1,29,0.03333333333,0.0001176465975,2797,40.78839874,-111.9779968,37.03638889,-113.5103056
labeled_all,255001,45000,STL-SLC,STL,SLC,30,0,30,0,0.0001176465975,2798,38.74869919,-90.37000275,40.78839874,-111.9779968
labeled_all,255001,45000,SYR-ATL,SYR,ATL,30,3,27,0.1,0.0001176465975,2799,43.11119843,-76.10630035,33.63669968,-84.42810059
labeled_all,255001,45000,TPA-PIT,TPA,PIT,30,5,25,0.1666666667,0.0001176465975,2800,27.97550011,-82.53320312,40.49150085,-80.23290253
labeled_all,255001,45000,TUL-LAS,TUL,LAS,30,7,23,0.2333333333,0.0001176465975,2801,36.19839859,-95.88809967,36.08010101,-115.1520004
labeled_all,255001,45000,TUS-LAS,TUS,LAS,30,4,26,0.1333333333,0.0001176465975,2802,32.11610031,-110.9410019,36.08010101,-115.1520004
labeled_all,255001,45000,TUS-SLC,TUS,SLC,30,1,29,0.03333333333,0.0001176465975,2803,32.11610031,-110.9410019,40.78839874,-111.9779968
labeled_all,255001,45000,TYS-EWR,TYS,EWR,30,4,26,0.1333333333,0.0001176465975,2804,35.81100082,-83.9940033,40.69250107,-74.16870117
labeled_all,255001,45000,ACY-MCO,ACY,MCO,29,2,27,0.06896551724,0.0001137250442,2805,39.45759964,-74.57720184,28.42939949,-81.30899811
labeled_all,255001,45000,ALB-ATL,ALB,ATL,29,3,26,0.1034482759,0.0001137250442,2806,42.74829864,-73.80169678,33.63669968,-84.42810059
labeled_all,255001,45000,ALB-CLT,ALB,CLT,29,7,22,0.2413793103,0.0001137250442,2807,42.74829864,-73.80169678,35.2140007,-80.94309998
labeled_all,255001,45000,ATL-ALB,ATL,ALB,29,2,27,0.06896551724,0.0001137250442,2808,33.63669968,-84.42810059,42.74829864,-73.80169678
labeled_all,255001,45000,ATL-PHF,ATL,PHF,29,1,28,0.03448275862,0.0001137250442,2809,33.63669968,-84.42810059,37.13190079,-76.49299622
labeled_all,255001,45000,ATW-DTW,ATW,DTW,29,5,24,0.1724137931,0.0001137250442,2810,44.2580986,-88.51909637,42.21239853,-83.35340118
labeled_all,255001,45000,BGR-EWR,BGR,EWR,29,8,21,0.275862069,0.0001137250442,2811,44.80739975,-68.82810211,40.69250107,-74.16870117
labeled_all,255001,45000,BOI-SAN,BOI,SAN,29,3,26,0.1034482759,0.0001137250442,2812,43.56439972,-116.2229996,32.73360062,-117.1900024
labeled_all,255001,45000,BOS-CHS,BOS,CHS,29,5,24,0.1724137931,0.0001137250442,2813,42.36429977,-71.00520325,32.89860153,-80.04049683
labeled_all,255001,45000,BWI-MCI,BWI,MCI,29,6,23,0.2068965517,0.0001137250442,2814,39.17539978,-76.66829681,39.29759979,-94.71389771
labeled_all,255001,45000,BWI-SEA,BWI,SEA,29,7,22,0.2413793103,0.0001137250442,2815,39.17539978,-76.66829681,47.44900131,-122.3089981
labeled_all,255001,45000,CHS-MDW,CHS,MDW,29,3,26,0.1034482759,0.0001137250442,2816,32.89860153,-80.04049683,41.7859993,-87.75240326
labeled_all,255001,45000,CLT-MDW,CLT,MDW,29,4,25,0.1379310345,0.0001137250442,2817,35.2140007,-80.94309998,41.7859993,-87.75240326
labeled_all,255001,45000,CLT-SEA,CLT,SEA,29,7,22,0.2413793103,0.0001137250442,2818,35.2140007,-80.94309998,47.44900131,-122.3089981
labeled_all,255001,45000,CLT-SYR,CLT,SYR,29,3,26,0.1034482759,0.0001137250442,2819,35.2140007,-80.94309998,43.11119843,-76.10630035
labeled_all,255001,45000,CMH-BNA,CMH,BNA,29,4,25,0.1379310345,0.0001137250442,2820,39.9980011,-82.89189911,36.12450027,-86.67819977
labeled_all,255001,45000,CVG-LAX,CVG,LAX,29,4,25,0.1379310345,0.0001137250442,2821,39.04880142,-84.6678009,33.94250107,-118.4079971
labeled_all,255001,45000,DAL-FLL,DAL,FLL,29,10,19,0.3448275862,0.0001137250442,2822,32.8470993,-96.85179901,26.07259941,-80.15270233
labeled_all,255001,45000,DBQ-ORD,DBQ,ORD,29,6,23,0.2068965517,0.0001137250442,2823,42.40200043,-90.70950317,41.97859955,-87.90480042
labeled_all,255001,45000,DCA-BTV,DCA,BTV,29,7,22,0.2413793103,0.0001137250442,2824,38.85210037,-77.03769684,44.47190094,-73.15329742
labeled_all,255001,45000,DCA-MKE,DCA,MKE,29,5,24,0.1724137931,0.0001137250442,2825,38.85210037,-77.03769684,42.94720078,-87.89659882
labeled_all,255001,45000,DCA-SFO,DCA,SFO,29,6,23,0.2068965517,0.0001137250442,2826,38.85210037,-77.03769684,37.61899948,-122.375
labeled_all,255001,45000,DEN-HLN,DEN,HLN,29,7,22,0.2413793103,0.0001137250442,2827,39.86169815,-104.6729965,46.60680008,-111.9830017
labeled_all,255001,45000,DEN-ISN,DEN,ISN,29,6,23,0.2068965517,0.0001137250442,2828,39.86169815,-104.6729965,48.17789841,-103.6419983
labeled_all,255001,45000,DFW-AEX,DFW,AEX,29,3,26,0.1034482759,0.0001137250442,2829,32.89680099,-97.03800201,31.32740021,-92.54979706
labeled_all,255001,45000,DSM-ATL,DSM,ATL,29,2,27,0.06896551724,0.0001137250442,2830,41.5340004,-93.6631012,33.63669968,-84.42810059
labeled_all,255001,45000,DTW-SAN,DTW,SAN,29,2,27,0.06896551724,0.0001137250442,2831,42.21239853,-83.35340118,32.73360062,-117.1900024
labeled_all,255001,45000,EVV-ATL,EVV,ATL,29,6,23,0.2068965517,0.0001137250442,2832,38.03699875,-87.53240204,33.63669968,-84.42810059
labeled_all,255001,45000,EWR-MKE,EWR,MKE,29,9,20,0.3103448276,0.0001137250442,2833,40.69250107,-74.16870117,42.94720078,-87.89659882
labeled_all,255001,45000,EWR-SNA,EWR,SNA,29,1,28,0.03448275862,0.0001137250442,2834,40.69250107,-74.16870117,33.67570114,-117.8679962
labeled_all,255001,45000,FAT-SAN,FAT,SAN,29,2,27,0.06896551724,0.0001137250442,2835,36.77619934,-119.7180023,32.73360062,-117.1900024
labeled_all,255001,45000,FWA-ATL,FWA,ATL,29,2,27,0.06896551724,0.0001137250442,2836,40.97850037,-85.19509888,33.63669968,-84.42810059
labeled_all,255001,45000,IAH-CHS,IAH,CHS,29,5,24,0.1724137931,0.0001137250442,2837,29.9843998,-95.34140015,32.89860153,-80.04049683
labeled_all,255001,45000,IAH-MLU,IAH,MLU,29,3,26,0.1034482759,0.0001137250442,2838,29.9843998,-95.34140015,32.51089859,-92.03769684
labeled_all,255001,45000,ITH-DTW,ITH,DTW,29,4,25,0.1379310345,0.0001137250442,2839,42.49100113,-76.45839691,42.21239853,-83.35340118
labeled_all,255001,45000,JNU-ANC,JNU,ANC,29,1,28,0.03448275862,0.0001137250442,2840,58.35499954,-134.576004,61.17440033,-149.9960022
labeled_all,255001,45000,LAS-OKC,LAS,OKC,29,5,24,0.1724137931,0.0001137250442,2841,36.08010101,-115.1520004,35.39310074,-97.60070038
labeled_all,255001,45000,LEX-DFW,LEX,DFW,29,6,23,0.2068965517,0.0001137250442,2842,38.03649902,-84.60590363,32.89680099,-97.03800201
labeled_all,255001,45000,LNK-MSP,LNK,MSP,29,3,26,0.1034482759,0.0001137250442,2843,40.85100174,-96.75920105,44.88199997,-93.22180176
labeled_all,255001,45000,MCI-IND,MCI,IND,29,5,24,0.1724137931,0.0001137250442,2844,39.29759979,-94.71389771,39.71730041,-86.29440308
labeled_all,255001,45000,MCI-PHL,MCI,PHL,29,5,24,0.1724137931,0.0001137250442,2845,39.29759979,-94.71389771,39.87189865,-75.2410965
labeled_all,255001,45000,MCO-SAN,MCO,SAN,29,5,24,0.1724137931,0.0001137250442,2846,28.42939949,-81.30899811,32.73360062,-117.1900024
labeled_all,255001,45000,MIA-MSY,MIA,MSY,29,4,25,0.1379310345,0.0001137250442,2847,25.79319954,-80.29060364,29.99340057,-90.25800323
labeled_all,255001,45000,MSP-AUS,MSP,AUS,29,4,25,0.1379310345,0.0001137250442,2848,44.88199997,-93.22180176,30.19449997,-97.66989899
labeled_all,255001,45000,MSP-ICT,MSP,ICT,29,2,27,0.06896551724,0.0001137250442,2849,44.88199997,-93.22180176,37.64989853,-97.43309784
labeled_all,255001,45000,MSP-RST,MSP,RST,29,3,26,0.1034482759,0.0001137250442,2850,44.88199997,-93.22180176,43.90829849,-92.5
labeled_all,255001,45000,MSY-SAT,MSY,SAT,29,9,20,0.3103448276,0.0001137250442,2851,29.99340057,-90.25800323,29.53370094,-98.46980286
labeled_all,255001,45000,OAK-HNL,OAK,HNL,29,4,25,0.1379310345,0.0001137250442,2852,37.72129822,-122.2210007,21.31870079,-157.9219971
labeled_all,255001,45000,OGG-PDX,OGG,PDX,29,4,25,0.1379310345,0.0001137250442,2853,20.89859962,-156.4299927,45.58869934,-122.5979996
labeled_all,255001,45000,PHL-GSP,PHL,GSP,29,7,22,0.2413793103,0.0001137250442,2854,39.87189865,-75.2410965,34.89569855,-82.21890259
labeled_all,255001,45000,PHL-SDF,PHL,SDF,29,3,26,0.1034482759,0.0001137250442,2855,39.87189865,-75.2410965,38.17440033,-85.73600006
labeled_all,255001,45000,PHX-PIT,PHX,PIT,29,2,27,0.06896551724,0.0001137250442,2856,33.43429947,-112.012001,40.49150085,-80.23290253
labeled_all,255001,45000,PIT-DFW,PIT,DFW,29,4,25,0.1379310345,0.0001137250442,2857,40.49150085,-80.23290253,32.89680099,-97.03800201
labeled_all,255001,45000,RDM-DEN,RDM,DEN,29,6,23,0.2068965517,0.0001137250442,2858,44.2541008,-121.1500015,39.86169815,-104.6729965
labeled_all,255001,45000,RDU-LAS,RDU,LAS,29,8,21,0.275862069,0.0001137250442,2859,35.87760162,-78.78749847,36.08010101,-115.1520004
labeled_all,255001,45000,RIC-DFW,RIC,DFW,29,5,24,0.1724137931,0.0001137250442,2860,37.50519943,-77.31970215,32.89680099,-97.03800201
labeled_all,255001,45000,RSW-STL,RSW,STL,29,7,22,0.2413793103,0.0001137250442,2861,26.53619957,-81.75520325,38.74869919,-90.37000275
labeled_all,255001,45000,SBA-PHX,SBA,PHX,29,3,26,0.1034482759,0.0001137250442,2862,34.42620087,-119.8399963,33.43429947,-112.012001
labeled_all,255001,45000,SDF-DCA,SDF,DCA,29,5,24,0.1724137931,0.0001137250442,2863,38.17440033,-85.73600006,38.85210037,-77.03769684
labeled_all,255001,45000,SEA-CLT,SEA,CLT,29,2,27,0.06896551724,0.0001137250442,2864,47.44900131,-122.3089981,35.2140007,-80.94309998
labeled_all,255001,45000,SJU-BOS,SJU,BOS,29,11,18,0.3793103448,0.0001137250442,2865,18.43939972,-66.00180054,42.36429977,-71.00520325
labeled_all,255001,45000,SJU-ORD,SJU,ORD,29,3,26,0.1034482759,0.0001137250442,2866,18.43939972,-66.00180054,41.97859955,-87.90480042
labeled_all,255001,45000,SLC-GEG,SLC,GEG,29,2,27,0.06896551724,0.0001137250442,2867,40.78839874,-111.9779968,47.61989975,-117.5339966
labeled_all,255001,45000,SPS-DFW,SPS,DFW,29,4,25,0.1379310345,0.0001137250442,2868,33.98880005,-98.49189758,32.89680099,-97.03800201
labeled_all,255001,45000,SYR-CLT,SYR,CLT,29,2,27,0.06896551724,0.0001137250442,2869,43.11119843,-76.10630035,35.2140007,-80.94309998
labeled_all,255001,45000,TPA-BUF,TPA,BUF,29,2,27,0.06896551724,0.0001137250442,2870,27.97550011,-82.53320312,42.94049835,-78.73220062
labeled_all,255001,45000,TPA-PHX,TPA,PHX,29,4,25,0.1379310345,0.0001137250442,2871,27.97550011,-82.53320312,33.43429947,-112.012001
labeled_all,255001,45000,TUL-PHX,TUL,PHX,29,3,26,0.1034482759,0.0001137250442,2872,36.19839859,-95.88809967,33.43429947,-112.012001
labeled_all,255001,45000,TYS-DEN,TYS,DEN,29,3,26,0.1034482759,0.0001137250442,2873,35.81100082,-83.9940033,39.86169815,-104.6729965
labeled_all,255001,45000,ABQ-MDW,ABQ,MDW,28,2,26,0.07142857143,0.000109803491,2874,35.04019928,-106.6090012,41.7859993,-87.75240326
labeled_all,255001,45000,AEX-DFW,AEX,DFW,28,6,22,0.2142857143,0.000109803491,2875,31.32740021,-92.54979706,32.89680099,-97.03800201
labeled_all,255001,45000,ATL-ICT,ATL,ICT,28,4,24,0.1428571429,0.000109803491,2876,33.63669968,-84.42810059,37.64989853,-97.43309784
labeled_all,255001,45000,ATL-MSN,ATL,MSN,28,0,28,0,0.000109803491,2877,33.63669968,-84.42810059,43.13990021,-89.33750153
labeled_all,255001,45000,AVL-FLL,AVL,FLL,28,6,22,0.2142857143,0.000109803491,2878,35.43619919,-82.54180145,26.07259941,-80.15270233
labeled_all,255001,45000,BDL-DEN,BDL,DEN,28,2,26,0.07142857143,0.000109803491,2879,41.93889999,-72.68319702,39.86169815,-104.6729965
labeled_all,255001,45000,BTR-CLT,BTR,CLT,28,7,21,0.25,0.000109803491,2880,30.53319931,-91.14959717,35.2140007,-80.94309998
labeled_all,255001,45000,CAE-ORD,CAE,ORD,28,3,25,0.1071428571,0.000109803491,2881,33.93880081,-81.11949921,41.97859955,-87.90480042
labeled_all,255001,45000,CAK-ATL,CAK,ATL,28,3,25,0.1071428571,0.000109803491,2882,40.91609955,-81.44219971,33.63669968,-84.42810059
labeled_all,255001,45000,CLE-SFO,CLE,SFO,28,4,24,0.1428571429,0.000109803491,2883,41.4117012,-81.84980011,37.61899948,-122.375
labeled_all,255001,45000,CLT-ALB,CLT,ALB,28,4,24,0.1428571429,0.000109803491,2884,35.2140007,-80.94309998,42.74829864,-73.80169678
labeled_all,255001,45000,CLT-HHH,CLT,HHH,28,1,27,0.03571428571,0.000109803491,2885,35.2140007,-80.94309998,32.22439957,-80.69750214
labeled_all,255001,45000,CMH-FLL,CMH,FLL,28,0,28,0,0.000109803491,2886,39.9980011,-82.89189911,26.07259941,-80.15270233
labeled_all,255001,45000,CMH-JFK,CMH,JFK,28,4,24,0.1428571429,0.000109803491,2887,39.9980011,-82.89189911,40.63980103,-73.77890015
labeled_all,255001,45000,CVG-MIA,CVG,MIA,28,5,23,0.1785714286,0.000109803491,2888,39.04880142,-84.6678009,25.79319954,-80.29060364
labeled_all,255001,45000,DAL-MEM,DAL,MEM,28,9,19,0.3214285714,0.000109803491,2889,32.8470993,-96.85179901,35.04240036,-89.97669983
labeled_all,255001,45000,DAY-DFW,DAY,DFW,28,7,21,0.25,0.000109803491,2890,39.90240097,-84.2193985,32.89680099,-97.03800201
labeled_all,255001,45000,DCA-BUF,DCA,BUF,28,5,23,0.1785714286,0.000109803491,2891,38.85210037,-77.03769684,42.94049835,-78.73220062
labeled_all,255001,45000,DCA-PHX,DCA,PHX,28,6,22,0.2142857143,0.000109803491,2892,38.85210037,-77.03769684,33.43429947,-112.012001
labeled_all,255001,45000,DEN-BFF,DEN,BFF,28,4,24,0.1428571429,0.000109803491,2893,39.86169815,-104.6729965,41.87400055,-103.5960007
labeled_all,255001,45000,DEN-GCC,DEN,GCC,28,4,24,0.1428571429,0.000109803491,2894,39.86169815,-104.6729965,44.34889984,-105.5390015
labeled_all,255001,45000,DFW-CHA,DFW,CHA,28,7,21,0.25,0.000109803491,2895,32.89680099,-97.03800201,35.03530121,-85.20379639
labeled_all,255001,45000,DFW-CID,DFW,CID,28,2,26,0.07142857143,0.000109803491,2896,32.89680099,-97.03800201,41.88470078,-91.71080017
labeled_all,255001,45000,DFW-DSM,DFW,DSM,28,6,22,0.2142857143,0.000109803491,2897,32.89680099,-97.03800201,41.5340004,-93.6631012
labeled_all,255001,45000,DFW-ROW,DFW,ROW,28,4,24,0.1428571429,0.000109803491,2898,32.89680099,-97.03800201,33.30160141,-104.5309982
labeled_all,255001,45000,DFW-SMF,DFW,SMF,28,4,24,0.1428571429,0.000109803491,2899,32.89680099,-97.03800201,38.69540024,-121.5910034
labeled_all,255001,45000,DTW-ATW,DTW,ATW,28,5,23,0.1785714286,0.000109803491,2900,42.21239853,-83.35340118,44.2580986,-88.51909637
labeled_all,255001,45000,DTW-BTV,DTW,BTV,28,10,18,0.3571428571,0.000109803491,2901,42.21239853,-83.35340118,44.47190094,-73.15329742
labeled_all,255001,45000,ERI-ORD,ERI,ORD,28,7,21,0.25,0.000109803491,2902,42.08312701,-80.17386675,41.97859955,-87.90480042
labeled_all,255001,45000,EWR-PDX,EWR,PDX,28,4,24,0.1428571429,0.000109803491,2903,40.69250107,-74.16870117,45.58869934,-122.5979996
labeled_all,255001,45000,FCA-SLC,FCA,SLC,28,2,26,0.07142857143,0.000109803491,2904,48.3105011,-114.2559967,40.78839874,-111.9779968
labeled_all,255001,45000,GJT-SLC,GJT,SLC,28,1,27,0.03571428571,0.000109803491,2905,39.12239838,-108.5270004,40.78839874,-111.9779968
labeled_all,255001,45000,HOU-OAK,HOU,OAK,28,9,19,0.3214285714,0.000109803491,2906,29.64539909,-95.27890015,37.72129822,-122.2210007
labeled_all,255001,45000,IAD-ROC,IAD,ROC,28,3,25,0.1071428571,0.000109803491,2907,38.94449997,-77.45580292,43.1189003,-77.67240143
labeled_all,255001,45000,IND-MIA,IND,MIA,28,6,22,0.2142857143,0.000109803491,2908,39.71730041,-86.29440308,25.79319954,-80.29060364
labeled_all,255001,45000,IND-SFO,IND,SFO,28,6,22,0.2142857143,0.000109803491,2909,39.71730041,-86.29440308,37.61899948,-122.375
labeled_all,255001,45000,LGA-JAX,LGA,JAX,28,5,23,0.1785714286,0.000109803491,2910,40.77719879,-73.87259674,30.49410057,-81.68789673
labeled_all,255001,45000,LIT-STL,LIT,STL,28,3,25,0.1071428571,0.000109803491,2911,34.72940063,-92.22429657,38.74869919,-90.37000275
labeled_all,255001,45000,MCI-IAD,MCI,IAD,28,2,26,0.07142857143,0.000109803491,2912,39.29759979,-94.71389771,38.94449997,-77.45580292
labeled_all,255001,45000,MDW-MEM,MDW,MEM,28,13,15,0.4642857143,0.000109803491,2913,41.7859993,-87.75240326,35.04240036,-89.97669983
labeled_all,255001,45000,MDW-SAT,MDW,SAT,28,4,24,0.1428571429,0.000109803491,2914,41.7859993,-87.75240326,29.53370094,-98.46980286
labeled_all,255001,45000,MGM-DFW,MGM,DFW,28,6,22,0.2142857143,0.000109803491,2915,32.30059814,-86.39399719,32.89680099,-97.03800201
labeled_all,255001,45000,MIA-IND,MIA,IND,28,3,25,0.1071428571,0.000109803491,2916,25.79319954,-80.29060364,39.71730041,-86.29440308
labeled_all,255001,45000,MIA-PNS,MIA,PNS,28,8,20,0.2857142857,0.000109803491,2917,25.79319954,-80.29060364,30.47340012,-87.18659973
labeled_all,255001,45000,MKE-CLE,MKE,CLE,28,3,25,0.1071428571,0.000109803491,2918,42.94720078,-87.89659882,41.4117012,-81.84980011
labeled_all,255001,45000,MKE-SEA,MKE,SEA,28,1,27,0.03571428571,0.000109803491,2919,42.94720078,-87.89659882,47.44900131,-122.3089981
labeled_all,255001,45000,MLU-DFW,MLU,DFW,28,4,24,0.1428571429,0.000109803491,2920,32.51089859,-92.03769684,32.89680099,-97.03800201
labeled_all,255001,45000,MOT-DEN,MOT,DEN,28,5,23,0.1785714286,0.000109803491,2921,48.25939941,-101.2799988,39.86169815,-104.6729965
labeled_all,255001,45000,MSN-DEN,MSN,DEN,28,5,23,0.1785714286,0.000109803491,2922,43.13990021,-89.33750153,39.86169815,-104.6729965
labeled_all,255001,45000,MSN-EWR,MSN,EWR,28,5,23,0.1785714286,0.000109803491,2923,43.13990021,-89.33750153,40.69250107,-74.16870117
labeled_all,255001,45000,MSP-CID,MSP,CID,28,2,26,0.07142857143,0.000109803491,2924,44.88199997,-93.22180176,41.88470078,-91.71080017
labeled_all,255001,45000,MSP-MEM,MSP,MEM,28,1,27,0.03571428571,0.000109803491,2925,44.88199997,-93.22180176,35.04240036,-89.97669983
labeled_all,255001,45000,MSP-PIT,MSP,PIT,28,2,26,0.07142857143,0.000109803491,2926,44.88199997,-93.22180176,40.49150085,-80.23290253
labeled_all,255001,45000,MYR-LGA,MYR,LGA,28,5,23,0.1785714286,0.000109803491,2927,33.67969894,-78.92829895,40.77719879,-73.87259674
labeled_all,255001,45000,OAK-OGG,OAK,OGG,28,1,27,0.03571428571,0.000109803491,2928,37.72129822,-122.2210007,20.89859962,-156.4299927
labeled_all,255001,45000,OMA-DTW,OMA,DTW,28,6,22,0.2142857143,0.000109803491,2929,41.30319977,-95.89409637,42.21239853,-83.35340118
labeled_all,255001,45000,ORD-BIS,ORD,BIS,28,7,21,0.25,0.000109803491,2930,41.97859955,-87.90480042,46.77270126,-100.7460022
labeled_all,255001,45000,ORD-ELP,ORD,ELP,28,9,19,0.3214285714,0.000109803491,2931,41.97859955,-87.90480042,31.80719948,-106.3779984
labeled_all,255001,45000,ORD-PBI,ORD,PBI,28,3,25,0.1071428571,0.000109803491,2932,41.97859955,-87.90480042,26.68320084,-80.09559631
labeled_all,255001,45000,PBI-DFW,PBI,DFW,28,3,25,0.1071428571,0.000109803491,2933,26.68320084,-80.09559631,32.89680099,-97.03800201
labeled_all,255001,45000,PHL-AVP,PHL,AVP,28,7,21,0.25,0.000109803491,2934,39.87189865,-75.2410965,41.33850098,-75.7233963
labeled_all,255001,45000,PHL-IAD,PHL,IAD,28,4,24,0.1428571429,0.000109803491,2935,39.87189865,-75.2410965,38.94449997,-77.45580292
labeled_all,255001,45000,PHL-SBY,PHL,SBY,28,6,22,0.2142857143,0.000109803491,2936,39.87189865,-75.2410965,38.34049988,-75.51029968
labeled_all,255001,45000,PHX-GEG,PHX,GEG,28,6,22,0.2142857143,0.000109803491,2937,33.43429947,-112.012001,47.61989975,-117.5339966
labeled_all,255001,45000,PHX-IND,PHX,IND,28,9,19,0.3214285714,0.000109803491,2938,33.43429947,-112.012001,39.71730041,-86.29440308
labeled_all,255001,45000,PIT-BNA,PIT,BNA,28,2,26,0.07142857143,0.000109803491,2939,40.49150085,-80.23290253,36.12450027,-86.67819977
labeled_all,255001,45000,PIT-DCA,PIT,DCA,28,5,23,0.1785714286,0.000109803491,2940,40.49150085,-80.23290253,38.85210037,-77.03769684
labeled_all,255001,45000,ROA-IAD,ROA,IAD,28,7,21,0.25,0.000109803491,2941,37.32550049,-79.97540283,38.94449997,-77.45580292
labeled_all,255001,45000,ROC-BOS,ROC,BOS,28,5,23,0.1785714286,0.000109803491,2942,43.1189003,-77.67240143,42.36429977,-71.00520325
labeled_all,255001,45000,RSW-PIT,RSW,PIT,28,2,26,0.07142857143,0.000109803491,2943,26.53619957,-81.75520325,40.49150085,-80.23290253
labeled_all,255001,45000,SAN-ABQ,SAN,ABQ,28,0,28,0,0.000109803491,2944,32.73360062,-117.1900024,35.04019928,-106.6090012
labeled_all,255001,45000,SAN-BOI,SAN,BOI,28,2,26,0.07142857143,0.000109803491,2945,32.73360062,-117.1900024,43.56439972,-116.2229996
labeled_all,255001,45000,SBP-PHX,SBP,PHX,28,5,23,0.1785714286,0.000109803491,2946,35.23680115,-120.6419983,33.43429947,-112.012001
labeled_all,255001,45000,SDF-MSP,SDF,MSP,28,3,25,0.1071428571,0.000109803491,2947,38.17440033,-85.73600006,44.88199997,-93.22180176
labeled_all,255001,45000,SEA-LGB,SEA,LGB,28,10,18,0.3571428571,0.000109803491,2948,47.44900131,-122.3089981,33.81769943,-118.1520004
labeled_all,255001,45000,SFB-TYS,SFB,TYS,28,4,24,0.1428571429,0.000109803491,2949,28.77759933,-81.23750305,35.81100082,-83.9940033
labeled_all,255001,45000,SFO-ABQ,SFO,ABQ,28,2,26,0.07142857143,0.000109803491,2950,37.61899948,-122.375,35.04019928,-106.6090012
labeled_all,255001,45000,SGU-SLC,SGU,SLC,28,2,26,0.07142857143,0.000109803491,2951,37.03638889,-113.5103056,40.78839874,-111.9779968
labeled_all,255001,45000,SJC-MDW,SJC,MDW,28,9,19,0.3214285714,0.000109803491,2952,37.36259842,-121.9290009,41.7859993,-87.75240326
labeled_all,255001,45000,SLC-STL,SLC,STL,28,5,23,0.1785714286,0.000109803491,2953,40.78839874,-111.9779968,38.74869919,-90.37000275
labeled_all,255001,45000,SRQ-CLT,SRQ,CLT,28,1,27,0.03571428571,0.000109803491,2954,27.39539909,-82.55439758,35.2140007,-80.94309998
labeled_all,255001,45000,STL-CMH,STL,CMH,28,8,20,0.2857142857,0.000109803491,2955,38.74869919,-90.37000275,39.9980011,-82.89189911
labeled_all,255001,45000,STL-FLL,STL,FLL,28,6,22,0.2142857143,0.000109803491,2956,38.74869919,-90.37000275,26.07259941,-80.15270233
labeled_all,255001,45000,STL-SFO,STL,SFO,28,7,21,0.25,0.000109803491,2957,38.74869919,-90.37000275,37.61899948,-122.375
labeled_all,255001,45000,STL-TPA,STL,TPA,28,9,19,0.3214285714,0.000109803491,2958,38.74869919,-90.37000275,27.97550011,-82.53320312
labeled_all,255001,45000,SUN-SLC,SUN,SLC,28,1,27,0.03571428571,0.000109803491,2959,43.50439835,-114.2959976,40.78839874,-111.9779968
labeled_all,255001,45000,ABE-PHL,ABE,PHL,27,3,24,0.1111111111,0.0001058819377,2960,40.65209961,-75.44080353,39.87189865,-75.2410965
labeled_all,255001,45000,AEX-IAH,AEX,IAH,27,6,21,0.2222222222,0.0001058819377,2961,31.32740021,-92.54979706,29.9843998,-95.34140015
labeled_all,255001,45000,ALB-MDW,ALB,MDW,27,6,21,0.2222222222,0.0001058819377,2962,42.74829864,-73.80169678,41.7859993,-87.75240326
labeled_all,255001,45000,ASE-LAX,ASE,LAX,27,3,24,0.1111111111,0.0001058819377,2963,39.22320175,-106.8690033,33.94250107,-118.4079971
labeled_all,255001,45000,ATL-CAK,ATL,CAK,27,5,22,0.1851851852,0.0001058819377,2964,33.63669968,-84.42810059,40.91609955,-81.44219971
labeled_all,255001,45000,AVP-PHL,AVP,PHL,27,7,20,0.2592592593,0.0001058819377,2965,41.33850098,-75.7233963,39.87189865,-75.2410965
labeled_all,255001,45000,BHM-DAL,BHM,DAL,27,3,24,0.1111111111,0.0001058819377,2966,33.56290054,-86.75350189,32.8470993,-96.85179901
labeled_all,255001,45000,BHM-HOU,BHM,HOU,27,5,22,0.1851851852,0.0001058819377,2967,33.56290054,-86.75350189,29.64539909,-95.27890015
labeled_all,255001,45000,BNA-CLE,BNA,CLE,27,3,24,0.1111111111,0.0001058819377,2968,36.12450027,-86.67819977,41.4117012,-81.84980011
labeled_all,255001,45000,CAE-DCA,CAE,DCA,27,8,19,0.2962962963,0.0001058819377,2969,33.93880081,-81.11949921,38.85210037,-77.03769684
labeled_all,255001,45000,CLT-SGF,CLT,SGF,27,6,21,0.2222222222,0.0001058819377,2970,35.2140007,-80.94309998,37.24570084,-93.38860321
labeled_all,255001,45000,CMH-LAX,CMH,LAX,27,4,23,0.1481481481,0.0001058819377,2971,39.9980011,-82.89189911,33.94250107,-118.4079971
labeled_all,255001,45000,DCA-SYR,DCA,SYR,27,5,22,0.1851851852,0.0001058819377,2972,38.85210037,-77.03769684,43.11119843,-76.10630035
labeled_all,255001,45000,DEN-BFL,DEN,BFL,27,8,19,0.2962962963,0.0001058819377,2973,39.86169815,-104.6729965,35.43360138,-119.0569992
labeled_all,255001,45000,DEN-DIK,DEN,DIK,27,10,17,0.3703703704,0.0001058819377,2974,39.86169815,-104.6729965,46.79740143,-102.802002
labeled_all,255001,45000,DEN-MLI,DEN,MLI,27,5,22,0.1851851852,0.0001058819377,2975,39.86169815,-104.6729965,41.44850159,-90.50749969
labeled_all,255001,45000,DFW-DAY,DFW,DAY,27,4,23,0.1481481481,0.0001058819377,2976,32.89680099,-97.03800201,39.90240097,-84.2193985
labeled_all,255001,45000,DFW-LAW,DFW,LAW,27,2,25,0.07407407407,0.0001058819377,2977,32.89680099,-97.03800201,34.56769943,-98.41660309
labeled_all,255001,45000,DFW-MHK,DFW,MHK,27,7,20,0.2592592593,0.0001058819377,2978,32.89680099,-97.03800201,39.14099884,-96.67079926
labeled_all,255001,45000,DFW-RNO,DFW,RNO,27,5,22,0.1851851852,0.0001058819377,2979,32.89680099,-97.03800201,39.49909973,-119.7679977
labeled_all,255001,45000,DRO-DFW,DRO,DFW,27,7,20,0.2592592593,0.0001058819377,2980,37.1515007,-107.7539978,32.89680099,-97.03800201
labeled_all,255001,45000,DSM-DFW,DSM,DFW,27,3,24,0.1111111111,0.0001058819377,2981,41.5340004,-93.6631012,32.89680099,-97.03800201
labeled_all,255001,45000,DSM-LAS,DSM,LAS,27,2,25,0.07407407407,0.0001058819377,2982,41.5340004,-93.6631012,36.08010101,-115.1520004
labeled_all,255001,45000,DTW-ABE,DTW,ABE,27,2,25,0.07407407407,0.0001058819377,2983,42.21239853,-83.35340118,40.65209961,-75.44080353
labeled_all,255001,45000,DTW-CID,DTW,CID,27,3,24,0.1111111111,0.0001058819377,2984,42.21239853,-83.35340118,41.88470078,-91.71080017
labeled_all,255001,45000,DTW-ORF,DTW,ORF,27,2,25,0.07407407407,0.0001058819377,2985,42.21239853,-83.35340118,36.89459991,-76.20120239
labeled_all,255001,45000,DTW-SAT,DTW,SAT,27,5,22,0.1851851852,0.0001058819377,2986,42.21239853,-83.35340118,29.53370094,-98.46980286
labeled_all,255001,45000,DTW-SCE,DTW,SCE,27,1,26,0.03703703704,0.0001058819377,2987,42.21239853,-83.35340118,40.84930038,-77.84870148
labeled_all,255001,45000,EUG-SLC,EUG,SLC,27,3,24,0.1111111111,0.0001058819377,2988,44.12459946,-123.211998,40.78839874,-111.9779968
labeled_all,255001,45000,FLL-BQN,FLL,BQN,27,6,21,0.2222222222,0.0001058819377,2989,26.07259941,-80.15270233,18.49489975,-67.12940216
labeled_all,255001,45000,FLL-STL,FLL,STL,27,4,23,0.1481481481,0.0001058819377,2990,26.07259941,-80.15270233,38.74869919,-90.37000275
labeled_all,255001,45000,GRR-CLT,GRR,CLT,27,6,21,0.2222222222,0.0001058819377,2991,42.88079834,-85.52279663,35.2140007,-80.94309998
labeled_all,255001,45000,GRR-LGA,GRR,LGA,27,7,20,0.2592592593,0.0001058819377,2992,42.88079834,-85.52279663,40.77719879,-73.87259674
labeled_all,255001,45000,GSO-DCA,GSO,DCA,27,4,23,0.1481481481,0.0001058819377,2993,36.09780121,-79.93730164,38.85210037,-77.03769684
labeled_all,255001,45000,GTR-ATL,GTR,ATL,27,2,25,0.07407407407,0.0001058819377,2994,33.45029831,-88.59140015,33.63669968,-84.42810059
labeled_all,255001,45000,IAH-GRK,IAH,GRK,27,1,26,0.03703703704,0.0001058819377,2995,29.9843998,-95.34140015,31.06719971,-97.8289032
labeled_all,255001,45000,ILM-IAD,ILM,IAD,27,4,23,0.1481481481,0.0001058819377,2996,34.27059937,-77.90260315,38.94449997,-77.45580292
labeled_all,255001,45000,JFK-SJC,JFK,SJC,27,9,18,0.3333333333,0.0001058819377,2997,40.63980103,-73.77890015,37.36259842,-121.9290009
labeled_all,255001,45000,LAX-ASE,LAX,ASE,27,3,24,0.1111111111,0.0001058819377,2998,33.94250107,-118.4079971,39.22320175,-106.8690033
labeled_all,255001,45000,MCO-MHT,MCO,MHT,27,4,23,0.1481481481,0.0001058819377,2999,28.42939949,-81.30899811,42.93259811,-71.43569946
labeled_all,255001,45000,MDW-ABQ,MDW,ABQ,27,6,21,0.2222222222,0.0001058819377,3000,41.7859993,-87.75240326,35.04019928,-106.6090012
labeled_all,255001,45000,MEM-MDW,MEM,MDW,27,7,20,0.2592592593,0.0001058819377,3001,35.04240036,-89.97669983,41.7859993,-87.75240326
labeled_all,255001,45000,MEM-MSP,MEM,MSP,27,3,24,0.1111111111,0.0001058819377,3002,35.04240036,-89.97669983,44.88199997,-93.22180176
labeled_all,255001,45000,MIA-PIT,MIA,PIT,27,2,25,0.07407407407,0.0001058819377,3003,25.79319954,-80.29060364,40.49150085,-80.23290253
labeled_all,255001,45000,MKE-STL,MKE,STL,27,5,22,0.1851851852,0.0001058819377,3004,42.94720078,-87.89659882,38.74869919,-90.37000275
labeled_all,255001,45000,MLI-ATL,MLI,ATL,27,4,23,0.1481481481,0.0001058819377,3005,41.44850159,-90.50749969,33.63669968,-84.42810059
labeled_all,255001,45000,MSN-DFW,MSN,DFW,27,6,21,0.2222222222,0.0001058819377,3006,43.13990021,-89.33750153,32.89680099,-97.03800201
labeled_all,255001,45000,MSP-CWA,MSP,CWA,27,1,26,0.03703703704,0.0001058819377,3007,44.88199997,-93.22180176,44.77759933,-89.66680145
labeled_all,255001,45000,MSP-GEG,MSP,GEG,27,2,25,0.07407407407,0.0001058819377,3008,44.88199997,-93.22180176,47.61989975,-117.5339966
labeled_all,255001,45000,MSP-TPA,MSP,TPA,27,4,23,0.1481481481,0.0001058819377,3009,44.88199997,-93.22180176,27.97550011,-82.53320312
labeled_all,255001,45000,OAK-ABQ,OAK,ABQ,27,6,21,0.2222222222,0.0001058819377,3010,37.72129822,-122.2210007,35.04019928,-106.6090012
labeled_all,255001,45000,OMA-EWR,OMA,EWR,27,5,22,0.1851851852,0.0001058819377,3011,41.30319977,-95.89409637,40.69250107,-74.16870117
labeled_all,255001,45000,ORD-DBQ,ORD,DBQ,27,3,24,0.1111111111,0.0001058819377,3012,41.97859955,-87.90480042,42.40200043,-90.70950317
labeled_all,255001,45000,ORD-MKG,ORD,MKG,27,4,23,0.1481481481,0.0001058819377,3013,41.97859955,-87.90480042,43.16949844,-86.23819733
labeled_all,255001,45000,ORD-RAP,ORD,RAP,27,8,19,0.2962962963,0.0001058819377,3014,41.97859955,-87.90480042,44.04529953,-103.0569992
labeled_all,255001,45000,ORF-DTW,ORF,DTW,27,3,24,0.1111111111,0.0001058819377,3015,36.89459991,-76.20120239,42.21239853,-83.35340118
labeled_all,255001,45000,PDX-FAT,PDX,FAT,27,0,27,0,0.0001058819377,3016,45.58869934,-122.5979996,36.77619934,-119.7180023
labeled_all,255001,45000,PHL-CAE,PHL,CAE,27,2,25,0.07407407407,0.0001058819377,3017,39.87189865,-75.2410965,33.93880081,-81.11949921
labeled_all,255001,45000,PHL-LGA,PHL,LGA,27,9,18,0.3333333333,0.0001058819377,3018,39.87189865,-75.2410965,40.77719879,-73.87259674
labeled_all,255001,45000,PHL-SAV,PHL,SAV,27,7,20,0.2592592593,0.0001058819377,3019,39.87189865,-75.2410965,32.12760162,-81.20210266
labeled_all,255001,45000,PHL-TYS,PHL,TYS,27,5,22,0.1851851852,0.0001058819377,3020,39.87189865,-75.2410965,35.81100082,-83.9940033
labeled_all,255001,45000,PHX-FLL,PHX,FLL,27,3,24,0.1111111111,0.0001058819377,3021,33.43429947,-112.012001,26.07259941,-80.15270233
labeled_all,255001,45000,PHX-TUL,PHX,TUL,27,3,24,0.1111111111,0.0001058819377,3022,33.43429947,-112.012001,36.19839859,-95.88809967
labeled_all,255001,45000,PIA-ATL,PIA,ATL,27,6,21,0.2222222222,0.0001058819377,3023,40.66419983,-89.69329834,33.63669968,-84.42810059
labeled_all,255001,45000,PNS-ORD,PNS,ORD,27,6,21,0.2222222222,0.0001058819377,3024,30.47340012,-87.18659973,41.97859955,-87.90480042
labeled_all,255001,45000,RDM-SLC,RDM,SLC,27,2,25,0.07407407407,0.0001058819377,3025,44.2541008,-121.1500015,40.78839874,-111.9779968
labeled_all,255001,45000,SAF-DFW,SAF,DFW,27,7,20,0.2592592593,0.0001058819377,3026,35.61709976,-106.0889969,32.89680099,-97.03800201
labeled_all,255001,45000,SAT-MSY,SAT,MSY,27,2,25,0.07407407407,0.0001058819377,3027,29.53370094,-98.46980286,29.99340057,-90.25800323
labeled_all,255001,45000,SAT-SAN,SAT,SAN,27,5,22,0.1851851852,0.0001058819377,3028,29.53370094,-98.46980286,32.73360062,-117.1900024
labeled_all,255001,45000,SAT-SLC,SAT,SLC,27,3,24,0.1111111111,0.0001058819377,3029,29.53370094,-98.46980286,40.78839874,-111.9779968
labeled_all,255001,45000,SAV-IAH,SAV,IAH,27,4,23,0.1481481481,0.0001058819377,3030,32.12760162,-81.20210266,29.9843998,-95.34140015
labeled_all,255001,45000,SFO-LIH,SFO,LIH,27,3,24,0.1111111111,0.0001058819377,3031,37.61899948,-122.375,21.97599983,-159.3390045
labeled_all,255001,45000,SJU-STT,SJU,STT,27,5,22,0.1851851852,0.0001058819377,3032,18.43939972,-66.00180054,18.33729935,-64.9733963
labeled_all,255001,45000,SLC-BWI,SLC,BWI,27,2,25,0.07407407407,0.0001058819377,3033,40.78839874,-111.9779968,39.17539978,-76.66829681
labeled_all,255001,45000,SLC-DTW,SLC,DTW,27,4,23,0.1481481481,0.0001058819377,3034,40.78839874,-111.9779968,42.21239853,-83.35340118
labeled_all,255001,45000,SNA-ATL,SNA,ATL,27,6,21,0.2222222222,0.0001058819377,3035,33.67570114,-117.8679962,33.63669968,-84.42810059
labeled_all,255001,45000,STS-PDX,STS,PDX,27,4,23,0.1481481481,0.0001058819377,3036,38.50899887,-122.8130035,45.58869934,-122.5979996
labeled_all,255001,45000,TYS-DCA,TYS,DCA,27,8,19,0.2962962963,0.0001058819377,3037,35.81100082,-83.9940033,38.85210037,-77.03769684
labeled_all,255001,45000,ATL-ELP,ATL,ELP,26,3,23,0.1153846154,0.0001019603845,3038,33.63669968,-84.42810059,31.80719948,-106.3779984
labeled_all,255001,45000,ATL-MLI,ATL,MLI,26,4,22,0.1538461538,0.0001019603845,3039,33.63669968,-84.42810059,41.44850159,-90.50749969
labeled_all,255001,45000,AUS-STL,AUS,STL,26,1,25,0.03846153846,0.0001019603845,3040,30.19449997,-97.66989899,38.74869919,-90.37000275
labeled_all,255001,45000,BFL-SFO,BFL,SFO,26,2,24,0.07692307692,0.0001019603845,3041,35.43360138,-119.0569992,37.61899948,-122.375
labeled_all,255001,45000,BGR-DCA,BGR,DCA,26,5,21,0.1923076923,0.0001019603845,3042,44.80739975,-68.82810211,38.85210037,-77.03769684
labeled_all,255001,45000,BNA-MKE,BNA,MKE,26,4,22,0.1538461538,0.0001019603845,3043,36.12450027,-86.67819977,42.94720078,-87.89659882
labeled_all,255001,45000,BRO-DFW,BRO,DFW,26,1,25,0.03846153846,0.0001019603845,3044,25.90679932,-97.42590332,32.89680099,-97.03800201
labeled_all,255001,45000,BUF-CLT,BUF,CLT,26,3,23,0.1153846154,0.0001019603845,3045,42.94049835,-78.73220062,35.2140007,-80.94309998
labeled_all,255001,45000,BWI-MIA,BWI,MIA,26,7,19,0.2692307692,0.0001019603845,3046,39.17539978,-76.66829681,25.79319954,-80.29060364
labeled_all,255001,45000,CHS-MIA,CHS,MIA,26,0,26,0,0.0001019603845,3047,32.89860153,-80.04049683,25.79319954,-80.29060364
labeled_all,255001,45000,CLT-GRR,CLT,GRR,26,2,24,0.07692307692,0.0001019603845,3048,35.2140007,-80.94309998,42.88079834,-85.52279663
labeled_all,255001,45000,CLT-SJU,CLT,SJU,26,4,22,0.1538461538,0.0001019603845,3049,35.2140007,-80.94309998,18.43939972,-66.00180054
labeled_all,255001,45000,CMH-RSW,CMH,RSW,26,3,23,0.1153846154,0.0001019603845,3050,39.9980011,-82.89189911,26.53619957,-81.75520325
labeled_all,255001,45000,CMX-ORD,CMX,ORD,26,7,19,0.2692307692,0.0001019603845,3051,47.16839981,-88.4890976,41.97859955,-87.90480042
labeled_all,255001,45000,DAY-IAD,DAY,IAD,26,2,24,0.07692307692,0.0001019603845,3052,39.90240097,-84.2193985,38.94449997,-77.45580292
labeled_all,255001,45000,DEN-SGU,DEN,SGU,26,4,22,0.1538461538,0.0001019603845,3053,39.86169815,-104.6729965,37.03638889,-113.5103056
labeled_all,255001,45000,DSM-CLT,DSM,CLT,26,4,22,0.1538461538,0.0001019603845,3054,41.5340004,-93.6631012,35.2140007,-80.94309998
labeled_all,255001,45000,DTW-ALB,DTW,ALB,26,2,24,0.07692307692,0.0001019603845,3055,42.21239853,-83.35340118,42.74829864,-73.80169678
labeled_all,255001,45000,DTW-GRB,DTW,GRB,26,5,21,0.1923076923,0.0001019603845,3056,42.21239853,-83.35340118,44.48509979,-88.12960052
labeled_all,255001,45000,EVV-DFW,EVV,DFW,26,5,21,0.1923076923,0.0001019603845,3057,38.03699875,-87.53240204,32.89680099,-97.03800201
labeled_all,255001,45000,EWR-DAY,EWR,DAY,26,7,19,0.2692307692,0.0001019603845,3058,40.69250107,-74.16870117,39.90240097,-84.2193985
labeled_all,255001,45000,FLL-ACY,FLL,ACY,26,3,23,0.1153846154,0.0001019603845,3059,26.07259941,-80.15270233,39.45759964,-74.57720184
labeled_all,255001,45000,GCC-DEN,GCC,DEN,26,2,24,0.07692307692,0.0001019603845,3060,44.34889984,-105.5390015,39.86169815,-104.6729965
labeled_all,255001,45000,GRB-DTW,GRB,DTW,26,4,22,0.1538461538,0.0001019603845,3061,44.48509979,-88.12960052,42.21239853,-83.35340118
labeled_all,255001,45000,GSO-DTW,GSO,DTW,26,3,23,0.1153846154,0.0001019603845,3062,36.09780121,-79.93730164,42.21239853,-83.35340118
labeled_all,255001,45000,HHH-CLT,HHH,CLT,26,6,20,0.2307692308,0.0001019603845,3063,32.22439957,-80.69750214,35.2140007,-80.94309998
labeled_all,255001,45000,HNL-DFW,HNL,DFW,26,4,22,0.1538461538,0.0001019603845,3064,21.31870079,-157.9219971,32.89680099,-97.03800201
labeled_all,255001,45000,HOB-IAH,HOB,IAH,26,3,23,0.1153846154,0.0001019603845,3065,32.6875,-103.2170029,29.9843998,-95.34140015
labeled_all,255001,45000,HTS-CLT,HTS,CLT,26,4,22,0.1538461538,0.0001019603845,3066,38.36669922,-82.55799866,35.2140007,-80.94309998
labeled_all,255001,45000,IAD-HSV,IAD,HSV,26,4,22,0.1538461538,0.0001019603845,3067,38.94449997,-77.45580292,34.6371994,-86.77510071
labeled_all,255001,45000,IAD-SCE,IAD,SCE,26,3,23,0.1153846154,0.0001019603845,3068,38.94449997,-77.45580292,40.84930038,-77.84870148
labeled_all,255001,45000,IAH-RIC,IAH,RIC,26,8,18,0.3076923077,0.0001019603845,3069,29.9843998,-95.34140015,37.50519943,-77.31970215
labeled_all,255001,45000,LAS-DSM,LAS,DSM,26,2,24,0.07692307692,0.0001019603845,3070,36.08010101,-115.1520004,41.5340004,-93.6631012
labeled_all,255001,45000,LGA-BTV,LGA,BTV,26,6,20,0.2307692308,0.0001019603845,3071,40.77719879,-73.87259674,44.47190094,-73.15329742
labeled_all,255001,45000,LGA-GRR,LGA,GRR,26,5,21,0.1923076923,0.0001019603845,3072,40.77719879,-73.87259674,42.88079834,-85.52279663
labeled_all,255001,45000,LGA-ILM,LGA,ILM,26,7,19,0.2692307692,0.0001019603845,3073,40.77719879,-73.87259674,34.27059937,-77.90260315
labeled_all,255001,45000,LWS-SLC,LWS,SLC,26,1,25,0.03846153846,0.0001019603845,3074,46.37450027,-117.0149994,40.78839874,-111.9779968
labeled_all,255001,45000,MCI-FLL,MCI,FLL,26,4,22,0.1538461538,0.0001019603845,3075,39.29759979,-94.71389771,26.07259941,-80.15270233
labeled_all,255001,45000,MDW-ALB,MDW,ALB,26,9,17,0.3461538462,0.0001019603845,3076,41.7859993,-87.75240326,42.74829864,-73.80169678
labeled_all,255001,45000,MDW-BHM,MDW,BHM,26,9,17,0.3461538462,0.0001019603845,3077,41.7859993,-87.75240326,33.56290054,-86.75350189
labeled_all,255001,45000,MDW-SEA,MDW,SEA,26,11,15,0.4230769231,0.0001019603845,3078,41.7859993,-87.75240326,47.44900131,-122.3089981
labeled_all,255001,45000,MEM-MCO,MEM,MCO,26,4,22,0.1538461538,0.0001019603845,3079,35.04240036,-89.97669983,28.42939949,-81.30899811
labeled_all,255001,45000,MHK-DFW,MHK,DFW,26,2,24,0.07692307692,0.0001019603845,3080,39.14099884,-96.67079926,32.89680099,-97.03800201
labeled_all,255001,45000,MIA-TLH,MIA,TLH,26,1,25,0.03846153846,0.0001019603845,3081,25.79319954,-80.29060364,30.39649963,-84.35030365
labeled_all,255001,45000,MLB-CLT,MLB,CLT,26,3,23,0.1153846154,0.0001019603845,3082,28.10280037,-80.64530182,35.2140007,-80.94309998
labeled_all,255001,45000,MSP-BZN,MSP,BZN,26,2,24,0.07692307692,0.0001019603845,3083,44.88199997,-93.22180176,45.77750015,-111.1529999
labeled_all,255001,45000,MSP-DAY,MSP,DAY,26,5,21,0.1923076923,0.0001019603845,3084,44.88199997,-93.22180176,39.90240097,-84.2193985
labeled_all,255001,45000,MSY-STL,MSY,STL,26,2,24,0.07692307692,0.0001019603845,3085,29.99340057,-90.25800323,38.74869919,-90.37000275
labeled_all,255001,45000,OGG-SMF,OGG,SMF,26,0,26,0,0.0001019603845,3086,20.89859962,-156.4299927,38.69540024,-121.5910034
labeled_all,255001,45000,ORD-CMX,ORD,CMX,26,5,21,0.1923076923,0.0001019603845,3087,41.97859955,-87.90480042,47.16839981,-88.4890976
labeled_all,255001,45000,PDX-MDW,PDX,MDW,26,3,23,0.1153846154,0.0001019603845,3088,45.58869934,-122.5979996,41.7859993,-87.75240326
labeled_all,255001,45000,PHL-ABE,PHL,ABE,26,5,21,0.1923076923,0.0001019603845,3089,39.87189865,-75.2410965,40.65209961,-75.44080353
labeled_all,255001,45000,PHL-OMA,PHL,OMA,26,7,19,0.2692307692,0.0001019603845,3090,39.87189865,-75.2410965,41.30319977,-95.89409637
labeled_all,255001,45000,PVD-MDW,PVD,MDW,26,2,24,0.07692307692,0.0001019603845,3091,41.73260117,-71.42040253,41.7859993,-87.75240326
labeled_all,255001,45000,RAP-DFW,RAP,DFW,26,6,20,0.2307692308,0.0001019603845,3092,44.04529953,-103.0569992,32.89680099,-97.03800201
labeled_all,255001,45000,RDU-SEA,RDU,SEA,26,2,24,0.07692307692,0.0001019603845,3093,35.87760162,-78.78749847,47.44900131,-122.3089981
labeled_all,255001,45000,RSW-ACY,RSW,ACY,26,1,25,0.03846153846,0.0001019603845,3094,26.53619957,-81.75520325,39.45759964,-74.57720184
labeled_all,255001,45000,SAN-SAT,SAN,SAT,26,7,19,0.2692307692,0.0001019603845,3095,32.73360062,-117.1900024,29.53370094,-98.46980286
labeled_all,255001,45000,SEA-MDW,SEA,MDW,26,4,22,0.1538461538,0.0001019603845,3096,47.44900131,-122.3089981,41.7859993,-87.75240326
labeled_all,255001,45000,SFO-CLE,SFO,CLE,26,7,19,0.2692307692,0.0001019603845,3097,37.61899948,-122.375,41.4117012,-81.84980011
labeled_all,255001,45000,SFO-STS,SFO,STS,26,7,19,0.2692307692,0.0001019603845,3098,37.61899948,-122.375,38.50899887,-122.8130035
labeled_all,255001,45000,SJC-ATL,SJC,ATL,26,6,20,0.2307692308,0.0001019603845,3099,37.36259842,-121.9290009,33.63669968,-84.42810059
labeled_all,255001,45000,SJC-HNL,SJC,HNL,26,4,22,0.1538461538,0.0001019603845,3100,37.36259842,-121.9290009,21.31870079,-157.9219971
labeled_all,255001,45000,SJU-PHL,SJU,PHL,26,8,18,0.3076923077,0.0001019603845,3101,18.43939972,-66.00180054,39.87189865,-75.2410965
labeled_all,255001,45000,SLC-ONT,SLC,ONT,26,4,22,0.1538461538,0.0001019603845,3102,40.78839874,-111.9779968,34.05599976,-117.6009979
labeled_all,255001,45000,SLC-TWF,SLC,TWF,26,4,22,0.1538461538,0.0001019603845,3103,40.78839874,-111.9779968,42.48180008,-114.487999
labeled_all,255001,45000,SLN-HYS,SLN,HYS,26,7,19,0.2692307692,0.0001019603845,3104,38.79100037,-97.65219879,38.84220123,-99.27320099
labeled_all,255001,45000,SUX-ORD,SUX,ORD,26,5,21,0.1923076923,0.0001019603845,3105,42.40259933,-96.38439941,41.97859955,-87.90480042
labeled_all,255001,45000,SYR-LGA,SYR,LGA,26,3,23,0.1153846154,0.0001019603845,3106,43.11119843,-76.10630035,40.77719879,-73.87259674
labeled_all,255001,45000,TPA-PVD,TPA,PVD,26,6,20,0.2307692308,0.0001019603845,3107,27.97550011,-82.53320312,41.73260117,-71.42040253
labeled_all,255001,45000,TPA-STL,TPA,STL,26,7,19,0.2692307692,0.0001019603845,3108,27.97550011,-82.53320312,38.74869919,-90.37000275
labeled_all,255001,45000,TUS-ORD,TUS,ORD,26,5,21,0.1923076923,0.0001019603845,3109,32.11610031,-110.9410019,41.97859955,-87.90480042
labeled_all,255001,45000,ACY-FLL,ACY,FLL,25,2,23,0.08,9.803883122e-05,3110,39.45759964,-74.57720184,26.07259941,-80.15270233
labeled_all,255001,45000,ALW-SEA,ALW,SEA,25,5,20,0.2,9.803883122e-05,3111,46.09489822,-118.288002,47.44900131,-122.3089981
labeled_all,255001,45000,AMA-DEN,AMA,DEN,25,3,22,0.12,9.803883122e-05,3112,35.2193985,-101.7060013,39.86169815,-104.6729965
labeled_all,255001,45000,ART-PHL,ART,PHL,25,6,19,0.24,9.803883122e-05,3113,43.9919014,-76.021698,39.87189865,-75.2410965
labeled_all,255001,45000,ASE-SLC,ASE,SLC,25,0,25,0,9.803883122e-05,3114,39.22320175,-106.8690033,40.78839874,-111.9779968
labeled_all,255001,45000,ATL-SNA,ATL,SNA,25,4,21,0.16,9.803883122e-05,3115,33.63669968,-84.42810059,33.67570114,-117.8679962
labeled_all,255001,45000,BHM-PHL,BHM,PHL,25,5,20,0.2,9.803883122e-05,3116,33.56290054,-86.75350189,39.87189865,-75.2410965
labeled_all,255001,45000,BNA-SAN,BNA,SAN,25,3,22,0.12,9.803883122e-05,3117,36.12450027,-86.67819977,32.73360062,-117.1900024
labeled_all,255001,45000,BOS-ROC,BOS,ROC,25,4,21,0.16,9.803883122e-05,3118,42.36429977,-71.00520325,43.1189003,-77.67240143
labeled_all,255001,45000,BOS-SJU,BOS,SJU,25,7,18,0.28,9.803883122e-05,3119,42.36429977,-71.00520325,18.43939972,-66.00180054
labeled_all,255001,45000,BQN-FLL,BQN,FLL,25,3,22,0.12,9.803883122e-05,3120,18.49489975,-67.12940216,26.07259941,-80.15270233
labeled_all,255001,45000,BUF-DCA,BUF,DCA,25,0,25,0,9.803883122e-05,3121,42.94049835,-78.73220062,38.85210037,-77.03769684
labeled_all,255001,45000,BUF-FLL,BUF,FLL,25,5,20,0.2,9.803883122e-05,3122,42.94049835,-78.73220062,26.07259941,-80.15270233
labeled_all,255001,45000,BZN-MSP,BZN,MSP,25,2,23,0.08,9.803883122e-05,3123,45.77750015,-111.1529999,44.88199997,-93.22180176
labeled_all,255001,45000,CHS-DFW,CHS,DFW,25,4,21,0.16,9.803883122e-05,3124,32.89860153,-80.04049683,32.89680099,-97.03800201
labeled_all,255001,45000,CLE-TPA,CLE,TPA,25,3,22,0.12,9.803883122e-05,3125,41.4117012,-81.84980011,27.97550011,-82.53320312
labeled_all,255001,45000,CLL-DFW,CLL,DFW,25,3,22,0.12,9.803883122e-05,3126,30.58860016,-96.36380005,32.89680099,-97.03800201
labeled_all,255001,45000,CLT-FWA,CLT,FWA,25,1,24,0.04,9.803883122e-05,3127,35.2140007,-80.94309998,40.97850037,-85.19509888
labeled_all,255001,45000,CLT-HPN,CLT,HPN,25,4,21,0.16,9.803883122e-05,3128,35.2140007,-80.94309998,41.06700134,-73.70760345
labeled_all,255001,45000,DCA-MEM,DCA,MEM,25,3,22,0.12,9.803883122e-05,3129,38.85210037,-77.03769684,35.04240036,-89.97669983
labeled_all,255001,45000,DEN-BHM,DEN,BHM,25,4,21,0.16,9.803883122e-05,3130,39.86169815,-104.6729965,33.56290054,-86.75350189
labeled_all,255001,45000,DEN-EGE,DEN,EGE,25,3,22,0.12,9.803883122e-05,3131,39.86169815,-104.6729965,39.64260101,-106.9179993
labeled_all,255001,45000,DEN-PUB,DEN,PUB,25,2,23,0.08,9.803883122e-05,3132,39.86169815,-104.6729965,38.28910065,-104.4970016
labeled_all,255001,45000,DEN-XNA,DEN,XNA,25,4,21,0.16,9.803883122e-05,3133,39.86169815,-104.6729965,36.2818985,-94.30680084
labeled_all,255001,45000,DFW-GRI,DFW,GRI,25,5,20,0.2,9.803883122e-05,3134,32.89680099,-97.03800201,40.96749878,-98.30960083
labeled_all,255001,45000,DFW-GSP,DFW,GSP,25,8,17,0.32,9.803883122e-05,3135,32.89680099,-97.03800201,34.89569855,-82.21890259
labeled_all,255001,45000,DFW-MGM,DFW,MGM,25,4,21,0.16,9.803883122e-05,3136,32.89680099,-97.03800201,32.30059814,-86.39399719
labeled_all,255001,45000,DTW-EVV,DTW,EVV,25,6,19,0.24,9.803883122e-05,3137,42.21239853,-83.35340118,38.03699875,-87.53240204
labeled_all,255001,45000,DTW-PWM,DTW,PWM,25,3,22,0.12,9.803883122e-05,3138,42.21239853,-83.35340118,43.64619827,-70.30930328
labeled_all,255001,45000,EKO-SLC,EKO,SLC,25,2,23,0.08,9.803883122e-05,3139,40.82490158,-115.7919998,40.78839874,-111.9779968
labeled_all,255001,45000,EWR-MYR,EWR,MYR,25,7,18,0.28,9.803883122e-05,3140,40.69250107,-74.16870117,33.67969894,-78.92829895
labeled_all,255001,45000,EWR-SDF,EWR,SDF,25,7,18,0.28,9.803883122e-05,3141,40.69250107,-74.16870117,38.17440033,-85.73600006
labeled_all,255001,45000,EWR-SLC,EWR,SLC,25,3,22,0.12,9.803883122e-05,3142,40.69250107,-74.16870117,40.78839874,-111.9779968
labeled_all,255001,45000,FLG-PHX,FLG,PHX,25,4,21,0.16,9.803883122e-05,3143,35.13850021,-111.6709976,33.43429947,-112.012001
labeled_all,255001,45000,FLL-IND,FLL,IND,25,5,20,0.2,9.803883122e-05,3144,26.07259941,-80.15270233,39.71730041,-86.29440308
labeled_all,255001,45000,FLL-PBG,FLL,PBG,25,4,21,0.16,9.803883122e-05,3145,26.07259941,-80.15270233,44.65090179,-73.4681015
labeled_all,255001,45000,GEG-SFO,GEG,SFO,25,4,21,0.16,9.803883122e-05,3146,47.61989975,-117.5339966,37.61899948,-122.375
labeled_all,255001,45000,IAD-MSY,IAD,MSY,25,4,21,0.16,9.803883122e-05,3147,38.94449997,-77.45580292,29.99340057,-90.25800323
labeled_all,255001,45000,IAH-MKE,IAH,MKE,25,4,21,0.16,9.803883122e-05,3148,29.9843998,-95.34140015,42.94720078,-87.89659882
labeled_all,255001,45000,IAH-SGF,IAH,SGF,25,6,19,0.24,9.803883122e-05,3149,29.9843998,-95.34140015,37.24570084,-93.38860321
labeled_all,255001,45000,ILM-ORD,ILM,ORD,25,4,21,0.16,9.803883122e-05,3150,34.27059937,-77.90260315,41.97859955,-87.90480042
labeled_all,255001,45000,JAC-ORD,JAC,ORD,25,5,20,0.2,9.803883122e-05,3151,43.6072998,-110.737999,41.97859955,-87.90480042
labeled_all,255001,45000,JMS-DVL,JMS,DVL,25,6,19,0.24,9.803883122e-05,3152,46.92969894,-98.67819977,48.11420059,-98.90879822
labeled_all,255001,45000,LAS-FAT,LAS,FAT,25,2,23,0.08,9.803883122e-05,3153,36.08010101,-115.1520004,36.77619934,-119.7180023
labeled_all,255001,45000,LAX-CMH,LAX,CMH,25,4,21,0.16,9.803883122e-05,3154,33.94250107,-118.4079971,39.9980011,-82.89189911
labeled_all,255001,45000,LAX-OKC,LAX,OKC,25,3,22,0.12,9.803883122e-05,3155,33.94250107,-118.4079971,35.39310074,-97.60070038
labeled_all,255001,45000,LAX-OMA,LAX,OMA,25,7,18,0.28,9.803883122e-05,3156,33.94250107,-118.4079971,41.30319977,-95.89409637
labeled_all,255001,45000,MCO-MEM,MCO,MEM,25,6,19,0.24,9.803883122e-05,3157,28.42939949,-81.30899811,35.04240036,-89.97669983
labeled_all,255001,45000,MDT-DTW,MDT,DTW,25,2,23,0.08,9.803883122e-05,3158,40.19350052,-76.76339722,42.21239853,-83.35340118
labeled_all,255001,45000,MEM-PHL,MEM,PHL,25,2,23,0.08,9.803883122e-05,3159,35.04240036,-89.97669983,39.87189865,-75.2410965
labeled_all,255001,45000,MGM-CLT,MGM,CLT,25,8,17,0.32,9.803883122e-05,3160,32.30059814,-86.39399719,35.2140007,-80.94309998
labeled_all,255001,45000,MIA-BWI,MIA,BWI,25,6,19,0.24,9.803883122e-05,3161,25.79319954,-80.29060364,39.17539978,-76.66829681
labeled_all,255001,45000,MIA-RDU,MIA,RDU,25,6,19,0.24,9.803883122e-05,3162,25.79319954,-80.29060364,35.87760162,-78.78749847
labeled_all,255001,45000,MKE-TPA,MKE,TPA,25,0,25,0,9.803883122e-05,3163,42.94720078,-87.89659882,27.97550011,-82.53320312
labeled_all,255001,45000,MQT-DTW,MQT,DTW,25,4,21,0.16,9.803883122e-05,3164,46.35359955,-87.395401,42.21239853,-83.35340118
labeled_all,255001,45000,MSY-PHL,MSY,PHL,25,7,18,0.28,9.803883122e-05,3165,29.99340057,-90.25800323,39.87189865,-75.2410965
labeled_all,255001,45000,MYR-PHL,MYR,PHL,25,6,19,0.24,9.803883122e-05,3166,33.67969894,-78.92829895,39.87189865,-75.2410965
labeled_all,255001,45000,OMA-CLT,OMA,CLT,25,5,20,0.2,9.803883122e-05,3167,41.30319977,-95.89409637,35.2140007,-80.94309998
labeled_all,255001,45000,ORD-ASE,ORD,ASE,25,8,17,0.32,9.803883122e-05,3168,41.97859955,-87.90480042,39.22320175,-106.8690033
labeled_all,255001,45000,ORD-BOI,ORD,BOI,25,5,20,0.2,9.803883122e-05,3169,41.97859955,-87.90480042,43.56439972,-116.2229996
labeled_all,255001,45000,ORD-EAU,ORD,EAU,25,6,19,0.24,9.803883122e-05,3170,41.97859955,-87.90480042,44.86579895,-91.48429871
labeled_all,255001,45000,ORD-PAH,ORD,PAH,25,5,20,0.2,9.803883122e-05,3171,41.97859955,-87.90480042,37.06079864,-88.77380371
labeled_all,255001,45000,ORD-UIN,ORD,UIN,25,4,21,0.16,9.803883122e-05,3172,41.97859955,-87.90480042,39.94269943,-91.19460297
labeled_all,255001,45000,PDX-STL,PDX,STL,25,1,24,0.04,9.803883122e-05,3173,45.58869934,-122.5979996,38.74869919,-90.37000275
labeled_all,255001,45000,PHF-PHL,PHF,PHL,25,6,19,0.24,9.803883122e-05,3174,37.13190079,-76.49299622,39.87189865,-75.2410965
labeled_all,255001,45000,PHL-PHF,PHL,PHF,25,5,20,0.2,9.803883122e-05,3175,39.87189865,-75.2410965,37.13190079,-76.49299622
labeled_all,255001,45000,PHX-DRO,PHX,DRO,25,2,23,0.08,9.803883122e-05,3176,33.43429947,-112.012001,37.1515007,-107.7539978
labeled_all,255001,45000,PHX-FLG,PHX,FLG,25,5,20,0.2,9.803883122e-05,3177,33.43429947,-112.012001,35.13850021,-111.6709976
labeled_all,255001,45000,PNS-BNA,PNS,BNA,25,3,22,0.12,9.803883122e-05,3178,30.47340012,-87.18659973,36.12450027,-86.67819977
labeled_all,255001,45000,PSC-SLC,PSC,SLC,25,3,22,0.12,9.803883122e-05,3179,46.26470184,-119.1190033,40.78839874,-111.9779968
labeled_all,255001,45000,PVD-ATL,PVD,ATL,25,4,21,0.16,9.803883122e-05,3180,41.73260117,-71.42040253,33.63669968,-84.42810059
labeled_all,255001,45000,ROC-ATL,ROC,ATL,25,2,23,0.08,9.803883122e-05,3181,43.1189003,-77.67240143,33.63669968,-84.42810059
labeled_all,255001,45000,RSW-IND,RSW,IND,25,2,23,0.08,9.803883122e-05,3182,26.53619957,-81.75520325,39.71730041,-86.29440308
labeled_all,255001,45000,SBP-DEN,SBP,DEN,25,4,21,0.16,9.803883122e-05,3183,35.23680115,-120.6419983,39.86169815,-104.6729965
labeled_all,255001,45000,SCE-DTW,SCE,DTW,25,3,22,0.12,9.803883122e-05,3184,40.84930038,-77.84870148,42.21239853,-83.35340118
labeled_all,255001,45000,SDF-IAD,SDF,IAD,25,6,19,0.24,9.803883122e-05,3185,38.17440033,-85.73600006,38.94449997,-77.45580292
labeled_all,255001,45000,SEA-ABQ,SEA,ABQ,25,3,22,0.12,9.803883122e-05,3186,47.44900131,-122.3089981,35.04019928,-106.6090012
labeled_all,255001,45000,SEA-ALW,SEA,ALW,25,8,17,0.32,9.803883122e-05,3187,47.44900131,-122.3089981,46.09489822,-118.288002
labeled_all,255001,45000,SEA-MKE,SEA,MKE,25,2,23,0.08,9.803883122e-05,3188,47.44900131,-122.3089981,42.94720078,-87.89659882
labeled_all,255001,45000,SJC-TUS,SJC,TUS,25,3,22,0.12,9.803883122e-05,3189,37.36259842,-121.9290009,32.11610031,-110.9410019
labeled_all,255001,45000,SJU-BWI,SJU,BWI,25,3,22,0.12,9.803883122e-05,3190,18.43939972,-66.00180054,39.17539978,-76.66829681
labeled_all,255001,45000,SLC-EWR,SLC,EWR,25,8,17,0.32,9.803883122e-05,3191,40.78839874,-111.9779968,40.69250107,-74.16870117
labeled_all,255001,45000,SLC-FAT,SLC,FAT,25,4,21,0.16,9.803883122e-05,3192,40.78839874,-111.9779968,36.77619934,-119.7180023
labeled_all,255001,45000,SLC-SAT,SLC,SAT,25,4,21,0.16,9.803883122e-05,3193,40.78839874,-111.9779968,29.53370094,-98.46980286
labeled_all,255001,45000,SMF-BOI,SMF,BOI,25,2,23,0.08,9.803883122e-05,3194,38.69540024,-121.5910034,43.56439972,-116.2229996
labeled_all,255001,45000,SMF-IAH,SMF,IAH,25,3,22,0.12,9.803883122e-05,3195,38.69540024,-121.5910034,29.9843998,-95.34140015
labeled_all,255001,45000,SPN-GUM,SPN,GUM,25,1,24,0.04,9.803883122e-05,3196,15.11900043,145.7290039,13.48340034,144.7960052
labeled_all,255001,45000,STL-CLE,STL,CLE,25,5,20,0.2,9.803883122e-05,3197,38.74869919,-90.37000275,41.4117012,-81.84980011
labeled_all,255001,45000,STL-LIT,STL,LIT,25,4,21,0.16,9.803883122e-05,3198,38.74869919,-90.37000275,34.72940063,-92.22429657
labeled_all,255001,45000,STL-RSW,STL,RSW,25,4,21,0.16,9.803883122e-05,3199,38.74869919,-90.37000275,26.53619957,-81.75520325
labeled_all,255001,45000,STT-SJU,STT,SJU,25,1,24,0.04,9.803883122e-05,3200,18.33729935,-64.9733963,18.43939972,-66.00180054
labeled_all,255001,45000,SYR-IAD,SYR,IAD,25,3,22,0.12,9.803883122e-05,3201,43.11119843,-76.10630035,38.94449997,-77.45580292
labeled_all,255001,45000,TPA-ISP,TPA,ISP,25,9,16,0.36,9.803883122e-05,3202,27.97550011,-82.53320312,40.79520035,-73.10019684
labeled_all,255001,45000,ABE-CLT,ABE,CLT,24,3,21,0.125,9.411727797e-05,3203,40.65209961,-75.44080353,35.2140007,-80.94309998
labeled_all,255001,45000,ALO-ORD,ALO,ORD,24,4,20,0.1666666667,9.411727797e-05,3204,42.55709839,-92.40029907,41.97859955,-87.90480042
labeled_all,255001,45000,ATL-DSM,ATL,DSM,24,3,21,0.125,9.411727797e-05,3205,33.63669968,-84.42810059,41.5340004,-93.6631012
labeled_all,255001,45000,ATL-FNT,ATL,FNT,24,3,21,0.125,9.411727797e-05,3206,33.63669968,-84.42810059,42.9654007,-83.74359894
labeled_all,255001,45000,ATL-PIA,ATL,PIA,24,1,23,0.04166666667,9.411727797e-05,3207,33.63669968,-84.42810059,40.66419983,-89.69329834
labeled_all,255001,45000,ATL-VLD,ATL,VLD,24,6,18,0.25,9.411727797e-05,3208,33.63669968,-84.42810059,30.78249931,-83.27670288
labeled_all,255001,45000,AUS-SEA,AUS,SEA,24,6,18,0.25,9.411727797e-05,3209,30.19449997,-97.66989899,47.44900131,-122.3089981
labeled_all,255001,45000,BHM-MCO,BHM,MCO,24,5,19,0.2083333333,9.411727797e-05,3210,33.56290054,-86.75350189,28.42939949,-81.30899811
labeled_all,255001,45000,BNA-ECP,BNA,ECP,24,2,22,0.08333333333,9.411727797e-05,3211,36.12450027,-86.67819977,30.3417,-85.7973
labeled_all,255001,45000,BNA-PNS,BNA,PNS,24,7,17,0.2916666667,9.411727797e-05,3212,36.12450027,-86.67819977,30.47340012,-87.18659973
labeled_all,255001,45000,BOS-SAV,BOS,SAV,24,6,18,0.25,9.411727797e-05,3213,42.36429977,-71.00520325,32.12760162,-81.20210266
labeled_all,255001,45000,BQN-MCO,BQN,MCO,24,8,16,0.3333333333,9.411727797e-05,3214,18.49489975,-67.12940216,28.42939949,-81.30899811
labeled_all,255001,45000,BTV-DTW,BTV,DTW,24,2,22,0.08333333333,9.411727797e-05,3215,44.47190094,-73.15329742,42.21239853,-83.35340118
labeled_all,255001,45000,BZN-ORD,BZN,ORD,24,3,21,0.125,9.411727797e-05,3216,45.77750015,-111.1529999,41.97859955,-87.90480042
labeled_all,255001,45000,CHA-DFW,CHA,DFW,24,6,18,0.25,9.411727797e-05,3217,35.03530121,-85.20379639,32.89680099,-97.03800201
labeled_all,255001,45000,CID-DTW,CID,DTW,24,3,21,0.125,9.411727797e-05,3218,41.88470078,-91.71080017,42.21239853,-83.35340118
labeled_all,255001,45000,CLE-MIA,CLE,MIA,24,5,19,0.2083333333,9.411727797e-05,3219,41.4117012,-81.84980011,25.79319954,-80.29060364
labeled_all,255001,45000,CLE-STL,CLE,STL,24,5,19,0.2083333333,9.411727797e-05,3220,41.4117012,-81.84980011,38.74869919,-90.37000275
labeled_all,255001,45000,CLT-MLB,CLT,MLB,24,4,20,0.1666666667,9.411727797e-05,3221,35.2140007,-80.94309998,28.10280037,-80.64530182
labeled_all,255001,45000,CLT-OKC,CLT,OKC,24,4,20,0.1666666667,9.411727797e-05,3222,35.2140007,-80.94309998,35.39310074,-97.60070038
labeled_all,255001,45000,CMH-MIA,CMH,MIA,24,7,17,0.2916666667,9.411727797e-05,3223,39.9980011,-82.89189911,25.79319954,-80.29060364
labeled_all,255001,45000,DAL-BHM,DAL,BHM,24,6,18,0.25,9.411727797e-05,3224,32.8470993,-96.85179901,33.56290054,-86.75350189
labeled_all,255001,45000,DCA-BGR,DCA,BGR,24,7,17,0.2916666667,9.411727797e-05,3225,38.85210037,-77.03769684,44.80739975,-68.82810211
labeled_all,255001,45000,DCA-SEA,DCA,SEA,24,1,23,0.04166666667,9.411727797e-05,3226,38.85210037,-77.03769684,47.44900131,-122.3089981
labeled_all,255001,45000,DFW-FAT,DFW,FAT,24,6,18,0.25,9.411727797e-05,3227,32.89680099,-97.03800201,36.77619934,-119.7180023
labeled_all,255001,45000,DFW-GCK,DFW,GCK,24,4,20,0.1666666667,9.411727797e-05,3228,32.89680099,-97.03800201,37.92750168,-100.723999
labeled_all,255001,45000,DTW-BHM,DTW,BHM,24,3,21,0.125,9.411727797e-05,3229,42.21239853,-83.35340118,33.56290054,-86.75350189
labeled_all,255001,45000,DTW-SYR,DTW,SYR,24,5,19,0.2083333333,9.411727797e-05,3230,42.21239853,-83.35340118,43.11119843,-76.10630035
labeled_all,255001,45000,EWR-BDL,EWR,BDL,24,7,17,0.2916666667,9.411727797e-05,3231,40.69250107,-74.16870117,41.93889999,-72.68319702
labeled_all,255001,45000,EWR-CAK,EWR,CAK,24,8,16,0.3333333333,9.411727797e-05,3232,40.69250107,-74.16870117,40.91609955,-81.44219971
labeled_all,255001,45000,EWR-OMA,EWR,OMA,24,5,19,0.2083333333,9.411727797e-05,3233,40.69250107,-74.16870117,41.30319977,-95.89409637
labeled_all,255001,45000,EWR-TYS,EWR,TYS,24,8,16,0.3333333333,9.411727797e-05,3234,40.69250107,-74.16870117,35.81100082,-83.9940033
labeled_all,255001,45000,FAT-SLC,FAT,SLC,24,3,21,0.125,9.411727797e-05,3235,36.77619934,-119.7180023,40.78839874,-111.9779968
labeled_all,255001,45000,FAY-IAD,FAY,IAD,24,4,20,0.1666666667,9.411727797e-05,3236,34.99119949,-78.88030243,38.94449997,-77.45580292
labeled_all,255001,45000,GSO-DFW,GSO,DFW,24,2,22,0.08333333333,9.411727797e-05,3237,36.09780121,-79.93730164,32.89680099,-97.03800201
labeled_all,255001,45000,GSP-DTW,GSP,DTW,24,2,22,0.08333333333,9.411727797e-05,3238,34.89569855,-82.21890259,42.21239853,-83.35340118
labeled_all,255001,45000,HOU-BOS,HOU,BOS,24,10,14,0.4166666667,9.411727797e-05,3239,29.64539909,-95.27890015,42.36429977,-71.00520325
labeled_all,255001,45000,HVN-PHL,HVN,PHL,24,2,22,0.08333333333,9.411727797e-05,3240,41.26369858,-72.88680267,39.87189865,-75.2410965
labeled_all,255001,45000,IAD-SDF,IAD,SDF,24,3,21,0.125,9.411727797e-05,3241,38.94449997,-77.45580292,38.17440033,-85.73600006
labeled_all,255001,45000,IAH-HOB,IAH,HOB,24,3,21,0.125,9.411727797e-05,3242,29.9843998,-95.34140015,32.6875,-103.2170029
labeled_all,255001,45000,JNU-SIT,JNU,SIT,24,3,21,0.125,9.411727797e-05,3243,58.35499954,-134.576004,57.04710007,-135.3619995
labeled_all,255001,45000,LAX-PAE,LAX,PAE,24,4,20,0.1666666667,9.411727797e-05,3244,33.94250107,-118.4079971,47.90629959,-122.2819977
labeled_all,255001,45000,LAX-TPA,LAX,TPA,24,1,23,0.04166666667,9.411727797e-05,3245,33.94250107,-118.4079971,27.97550011,-82.53320312
labeled_all,255001,45000,MDT-ATL,MDT,ATL,24,3,21,0.125,9.411727797e-05,3246,40.19350052,-76.76339722,33.63669968,-84.42810059
labeled_all,255001,45000,MIA-CHS,MIA,CHS,24,1,23,0.04166666667,9.411727797e-05,3247,25.79319954,-80.29060364,32.89860153,-80.04049683
labeled_all,255001,45000,MRY-SFO,MRY,SFO,24,4,20,0.1666666667,9.411727797e-05,3248,36.5870018,-121.8430023,37.61899948,-122.375
labeled_all,255001,45000,MSP-LNK,MSP,LNK,24,4,20,0.1666666667,9.411727797e-05,3249,44.88199997,-93.22180176,40.85100174,-96.75920105
labeled_all,255001,45000,MSP-SMF,MSP,SMF,24,0,24,0,9.411727797e-05,3250,44.88199997,-93.22180176,38.69540024,-121.5910034
labeled_all,255001,45000,ORD-SJC,ORD,SJC,24,7,17,0.2916666667,9.411727797e-05,3251,41.97859955,-87.90480042,37.36259842,-121.9290009
labeled_all,255001,45000,ORD-TOL,ORD,TOL,24,5,19,0.2083333333,9.411727797e-05,3252,41.97859955,-87.90480042,41.58679962,-83.80780029
labeled_all,255001,45000,PHL-DAL,PHL,DAL,24,5,19,0.2083333333,9.411727797e-05,3253,39.87189865,-75.2410965,32.8470993,-96.85179901
labeled_all,255001,45000,PHL-MCI,PHL,MCI,24,1,23,0.04166666667,9.411727797e-05,3254,39.87189865,-75.2410965,39.29759979,-94.71389771
labeled_all,255001,45000,PHX-MIA,PHX,MIA,24,2,22,0.08333333333,9.411727797e-05,3255,33.43429947,-112.012001,25.79319954,-80.29060364
labeled_all,255001,45000,PHX-MRY,PHX,MRY,24,4,20,0.1666666667,9.411727797e-05,3256,33.43429947,-112.012001,36.5870018,-121.8430023
labeled_all,255001,45000,PIT-RSW,PIT,RSW,24,4,20,0.1666666667,9.411727797e-05,3257,40.49150085,-80.23290253,26.53619957,-81.75520325
labeled_all,255001,45000,PSP-DFW,PSP,DFW,24,1,23,0.04166666667,9.411727797e-05,3258,33.82970047,-116.5070038,32.89680099,-97.03800201
labeled_all,255001,45000,PUB-DEN,PUB,DEN,24,2,22,0.08333333333,9.411727797e-05,3259,38.28910065,-104.4970016,39.86169815,-104.6729965
labeled_all,255001,45000,PWM-DTW,PWM,DTW,24,3,21,0.125,9.411727797e-05,3260,43.64619827,-70.30930328,42.21239853,-83.35340118
labeled_all,255001,45000,RAP-ORD,RAP,ORD,24,1,23,0.04166666667,9.411727797e-05,3261,44.04529953,-103.0569992,41.97859955,-87.90480042
labeled_all,255001,45000,SAN-TUS,SAN,TUS,24,4,20,0.1666666667,9.411727797e-05,3262,32.73360062,-117.1900024,32.11610031,-110.9410019
labeled_all,255001,45000,SAT-ELP,SAT,ELP,24,4,20,0.1666666667,9.411727797e-05,3263,29.53370094,-98.46980286,31.80719948,-106.3779984
labeled_all,255001,45000,SCC-BRW,SCC,BRW,24,4,20,0.1666666667,9.411727797e-05,3264,70.19470215,-148.4649963,71.28540039,-156.7660065
labeled_all,255001,45000,SJC-OGG,SJC,OGG,24,3,21,0.125,9.411727797e-05,3265,37.36259842,-121.9290009,20.89859962,-156.4299927
labeled_all,255001,45000,SLC-AUS,SLC,AUS,24,1,23,0.04166666667,9.411727797e-05,3266,40.78839874,-111.9779968,30.19449997,-97.66989899
labeled_all,255001,45000,SLC-MCI,SLC,MCI,24,4,20,0.1666666667,9.411727797e-05,3267,40.78839874,-111.9779968,39.29759979,-94.71389771
labeled_all,255001,45000,SLC-PSC,SLC,PSC,24,1,23,0.04166666667,9.411727797e-05,3268,40.78839874,-111.9779968,46.26470184,-119.1190033
labeled_all,255001,45000,STL-AUS,STL,AUS,24,5,19,0.2083333333,9.411727797e-05,3269,38.74869919,-90.37000275,30.19449997,-97.66989899
labeled_all,255001,45000,SWF-PHL,SWF,PHL,24,4,20,0.1666666667,9.411727797e-05,3270,41.5041008,-74.10479736,39.87189865,-75.2410965
labeled_all,255001,45000,TUS-SAN,TUS,SAN,24,1,23,0.04166666667,9.411727797e-05,3271,32.11610031,-110.9410019,32.73360062,-117.1900024
labeled_all,255001,45000,UIN-ORD,UIN,ORD,24,5,19,0.2083333333,9.411727797e-05,3272,39.94269943,-91.19460297,41.97859955,-87.90480042
labeled_all,255001,45000,ABE-ATL,ABE,ATL,23,5,18,0.2173913043,9.019572472e-05,3273,40.65209961,-75.44080353,33.63669968,-84.42810059
labeled_all,255001,45000,ANC-DEN,ANC,DEN,23,3,20,0.1304347826,9.019572472e-05,3274,61.17440033,-149.9960022,39.86169815,-104.6729965
labeled_all,255001,45000,ANC-SCC,ANC,SCC,23,3,20,0.1304347826,9.019572472e-05,3275,61.17440033,-149.9960022,70.19470215,-148.4649963
labeled_all,255001,45000,ATL-CID,ATL,CID,23,2,21,0.08695652174,9.019572472e-05,3276,33.63669968,-84.42810059,41.88470078,-91.71080017
labeled_all,255001,45000,ATL-PVD,ATL,PVD,23,1,22,0.04347826087,9.019572472e-05,3277,33.63669968,-84.42810059,41.73260117,-71.42040253
labeled_all,255001,45000,AUS-SLC,AUS,SLC,23,3,20,0.1304347826,9.019572472e-05,3278,30.19449997,-97.66989899,40.78839874,-111.9779968
labeled_all,255001,45000,BHM-DCA,BHM,DCA,23,3,20,0.1304347826,9.019572472e-05,3279,33.56290054,-86.75350189,38.85210037,-77.03769684
labeled_all,255001,45000,BJI-MSP,BJI,MSP,23,1,22,0.04347826087,9.019572472e-05,3280,47.50939941,-94.93370056,44.88199997,-93.22180176
labeled_all,255001,45000,BNA-CHS,BNA,CHS,23,4,19,0.1739130435,9.019572472e-05,3281,36.12450027,-86.67819977,32.89860153,-80.04049683
labeled_all,255001,45000,BNA-CMH,BNA,CMH,23,3,20,0.1304347826,9.019572472e-05,3282,36.12450027,-86.67819977,39.9980011,-82.89189911
labeled_all,255001,45000,CLT-FLO,CLT,FLO,23,4,19,0.1739130435,9.019572472e-05,3283,35.2140007,-80.94309998,34.1853981,-79.72389984
labeled_all,255001,45000,CLT-JAN,CLT,JAN,23,5,18,0.2173913043,9.019572472e-05,3284,35.2140007,-80.94309998,32.31119919,-90.07589722
labeled_all,255001,45000,CLT-MSN,CLT,MSN,23,5,18,0.2173913043,9.019572472e-05,3285,35.2140007,-80.94309998,43.13990021,-89.33750153
labeled_all,255001,45000,CLT-SBN,CLT,SBN,23,5,18,0.2173913043,9.019572472e-05,3286,35.2140007,-80.94309998,41.70869827,-86.31729889
labeled_all,255001,45000,CLT-TUL,CLT,TUL,23,6,17,0.2608695652,9.019572472e-05,3287,35.2140007,-80.94309998,36.19839859,-95.88809967
labeled_all,255001,45000,CSG-ATL,CSG,ATL,23,4,19,0.1739130435,9.019572472e-05,3288,32.5163002,-84.93890381,33.63669968,-84.42810059
labeled_all,255001,45000,CVG-FLL,CVG,FLL,23,5,18,0.2173913043,9.019572472e-05,3289,39.04880142,-84.6678009,26.07259941,-80.15270233
labeled_all,255001,45000,CVG-JFK,CVG,JFK,23,3,20,0.1304347826,9.019572472e-05,3290,39.04880142,-84.6678009,40.63980103,-73.77890015
labeled_all,255001,45000,DCA-ORF,DCA,ORF,23,4,19,0.1739130435,9.019572472e-05,3291,38.85210037,-77.03769684,36.89459991,-76.20120239
labeled_all,255001,45000,DEN-JMS,DEN,JMS,23,4,19,0.1739130435,9.019572472e-05,3292,39.86169815,-104.6729965,46.92969894,-98.67819977
labeled_all,255001,45000,DEN-RDM,DEN,RDM,23,3,20,0.1304347826,9.019572472e-05,3293,39.86169815,-104.6729965,44.2541008,-121.1500015
labeled_all,255001,45000,DEN-SBP,DEN,SBP,23,6,17,0.2608695652,9.019572472e-05,3294,39.86169815,-104.6729965,35.23680115,-120.6419983
labeled_all,255001,45000,DFW-GPT,DFW,GPT,23,2,21,0.08695652174,9.019572472e-05,3295,32.89680099,-97.03800201,30.40730095,-89.07009888
labeled_all,255001,45000,DFW-JLN,DFW,JLN,23,7,16,0.3043478261,9.019572472e-05,3296,32.89680099,-97.03800201,37.15179825,-94.49829865
labeled_all,255001,45000,DIK-DEN,DIK,DEN,23,4,19,0.1739130435,9.019572472e-05,3297,46.79740143,-102.802002,39.86169815,-104.6729965
labeled_all,255001,45000,DTW-GSO,DTW,GSO,23,6,17,0.2608695652,9.019572472e-05,3298,42.21239853,-83.35340118,36.09780121,-79.93730164
labeled_all,255001,45000,ELP-ATL,ELP,ATL,23,3,20,0.1304347826,9.019572472e-05,3299,31.80719948,-106.3779984,33.63669968,-84.42810059
labeled_all,255001,45000,EYW-CLT,EYW,CLT,23,4,19,0.1739130435,9.019572472e-05,3300,24.55610085,-81.75959778,35.2140007,-80.94309998
labeled_all,255001,45000,FNT-ATL,FNT,ATL,23,1,22,0.04347826087,9.019572472e-05,3301,42.9654007,-83.74359894,33.63669968,-84.42810059
labeled_all,255001,45000,GEG-OAK,GEG,OAK,23,3,20,0.1304347826,9.019572472e-05,3302,47.61989975,-117.5339966,37.72129822,-122.2210007
labeled_all,255001,45000,HNL-PHX,HNL,PHX,23,3,20,0.1304347826,9.019572472e-05,3303,21.31870079,-157.9219971,33.43429947,-112.012001
labeled_all,255001,45000,HSV-DEN,HSV,DEN,23,4,19,0.1739130435,9.019572472e-05,3304,34.6371994,-86.77510071,39.86169815,-104.6729965
labeled_all,255001,45000,HYS-DEN,HYS,DEN,23,3,20,0.1304347826,9.019572472e-05,3305,38.84220123,-99.27320099,39.86169815,-104.6729965
labeled_all,255001,45000,IAD-ITH,IAD,ITH,23,5,18,0.2173913043,9.019572472e-05,3306,38.94449997,-77.45580292,42.49100113,-76.45839691
labeled_all,255001,45000,IAH-GSP,IAH,GSP,23,4,19,0.1739130435,9.019572472e-05,3307,29.9843998,-95.34140015,34.89569855,-82.21890259
labeled_all,255001,45000,ILM-LGA,ILM,LGA,23,6,17,0.2608695652,9.019572472e-05,3308,34.27059937,-77.90260315,40.77719879,-73.87259674
labeled_all,255001,45000,ILM-PHL,ILM,PHL,23,3,20,0.1304347826,9.019572472e-05,3309,34.27059937,-77.90260315,39.87189865,-75.2410965
labeled_all,255001,45000,IND-DAL,IND,DAL,23,3,20,0.1304347826,9.019572472e-05,3310,39.71730041,-86.29440308,32.8470993,-96.85179901
labeled_all,255001,45000,IND-JFK,IND,JFK,23,3,20,0.1304347826,9.019572472e-05,3311,39.71730041,-86.29440308,40.63980103,-73.77890015
labeled_all,255001,45000,JAX-LGA,JAX,LGA,23,2,21,0.08695652174,9.019572472e-05,3312,30.49410057,-81.68789673,40.77719879,-73.87259674
labeled_all,255001,45000,LAS-BOI,LAS,BOI,23,2,21,0.08695652174,9.019572472e-05,3313,36.08010101,-115.1520004,43.56439972,-116.2229996
labeled_all,255001,45000,LAX-CVG,LAX,CVG,23,5,18,0.2173913043,9.019572472e-05,3314,33.94250107,-118.4079971,39.04880142,-84.6678009
labeled_all,255001,45000,LGB-SEA,LGB,SEA,23,9,14,0.3913043478,9.019572472e-05,3315,33.81769943,-118.1520004,47.44900131,-122.3089981
labeled_all,255001,45000,LIH-DEN,LIH,DEN,23,2,21,0.08695652174,9.019572472e-05,3316,21.97599983,-159.3390045,39.86169815,-104.6729965
labeled_all,255001,45000,MCO-SAT,MCO,SAT,23,8,15,0.347826087,9.019572472e-05,3317,28.42939949,-81.30899811,29.53370094,-98.46980286
labeled_all,255001,45000,MEM-DTW,MEM,DTW,23,2,21,0.08695652174,9.019572472e-05,3318,35.04240036,-89.97669983,42.21239853,-83.35340118
labeled_all,255001,45000,MHT-MDW,MHT,MDW,23,3,20,0.1304347826,9.019572472e-05,3319,42.93259811,-71.43569946,41.7859993,-87.75240326
labeled_all,255001,45000,MIA-SDF,MIA,SDF,23,2,21,0.08695652174,9.019572472e-05,3320,25.79319954,-80.29060364,38.17440033,-85.73600006
labeled_all,255001,45000,MLU-IAH,MLU,IAH,23,2,21,0.08695652174,9.019572472e-05,3321,32.51089859,-92.03769684,29.9843998,-95.34140015
labeled_all,255001,45000,MSP-HIB,MSP,HIB,23,1,22,0.04347826087,9.019572472e-05,3322,44.88199997,-93.22180176,47.38660049,-92.83899689
labeled_all,255001,45000,MSP-OKC,MSP,OKC,23,2,21,0.08695652174,9.019572472e-05,3323,44.88199997,-93.22180176,35.39310074,-97.60070038
labeled_all,255001,45000,OAK-BWI,OAK,BWI,23,4,19,0.1739130435,9.019572472e-05,3324,37.72129822,-122.2210007,39.17539978,-76.66829681
labeled_all,255001,45000,ORF-DCA,ORF,DCA,23,3,20,0.1304347826,9.019572472e-05,3325,36.89459991,-76.20120239,38.85210037,-77.03769684
labeled_all,255001,45000,ORF-IAH,ORF,IAH,23,4,19,0.1739130435,9.019572472e-05,3326,36.89459991,-76.20120239,29.9843998,-95.34140015
labeled_all,255001,45000,PAE-PDX,PAE,PDX,23,3,20,0.1304347826,9.019572472e-05,3327,47.90629959,-122.2819977,45.58869934,-122.5979996
labeled_all,255001,45000,PDX-LGB,PDX,LGB,23,5,18,0.2173913043,9.019572472e-05,3328,45.58869934,-122.5979996,33.81769943,-118.1520004
labeled_all,255001,45000,PHL-ROA,PHL,ROA,23,6,17,0.2608695652,9.019572472e-05,3329,39.87189865,-75.2410965,37.32550049,-79.97540283
labeled_all,255001,45000,PHX-SGU,PHX,SGU,23,3,20,0.1304347826,9.019572472e-05,3330,33.43429947,-112.012001,37.03638889,-113.5103056
labeled_all,255001,45000,RDU-CVG,RDU,CVG,23,8,15,0.347826087,9.019572472e-05,3331,35.87760162,-78.78749847,39.04880142,-84.6678009
labeled_all,255001,45000,RDU-LAX,RDU,LAX,23,3,20,0.1304347826,9.019572472e-05,3332,35.87760162,-78.78749847,33.94250107,-118.4079971
labeled_all,255001,45000,ROC-DCA,ROC,DCA,23,3,20,0.1304347826,9.019572472e-05,3333,43.1189003,-77.67240143,38.85210037,-77.03769684
labeled_all,255001,45000,RSW-BDL,RSW,BDL,23,6,17,0.2608695652,9.019572472e-05,3334,26.53619957,-81.75520325,41.93889999,-72.68319702
labeled_all,255001,45000,RSW-DFW,RSW,DFW,23,3,20,0.1304347826,9.019572472e-05,3335,26.53619957,-81.75520325,32.89680099,-97.03800201
labeled_all,255001,45000,SAV-LGA,SAV,LGA,23,3,20,0.1304347826,9.019572472e-05,3336,32.12760162,-81.20210266,40.77719879,-73.87259674
labeled_all,255001,45000,SBY-PHL,SBY,PHL,23,2,21,0.08695652174,9.019572472e-05,3337,38.34049988,-75.51029968,39.87189865,-75.2410965
labeled_all,255001,45000,SFO-STL,SFO,STL,23,7,16,0.3043478261,9.019572472e-05,3338,37.61899948,-122.375,38.74869919,-90.37000275
labeled_all,255001,45000,SGF-IAH,SGF,IAH,23,6,17,0.2608695652,9.019572472e-05,3339,37.24570084,-93.38860321,29.9843998,-95.34140015
labeled_all,255001,45000,SGU-DEN,SGU,DEN,23,2,21,0.08695652174,9.019572472e-05,3340,37.03638889,-113.5103056,39.86169815,-104.6729965
labeled_all,255001,45000,SLC-EKO,SLC,EKO,23,0,23,0,9.019572472e-05,3341,40.78839874,-111.9779968,40.82490158,-115.7919998
labeled_all,255001,45000,SLC-GJT,SLC,GJT,23,0,23,0,9.019572472e-05,3342,40.78839874,-111.9779968,39.12239838,-108.5270004
labeled_all,255001,45000,SLC-MDW,SLC,MDW,23,3,20,0.1304347826,9.019572472e-05,3343,40.78839874,-111.9779968,41.7859993,-87.75240326
labeled_all,255001,45000,SLC-TUS,SLC,TUS,23,6,17,0.2608695652,9.019572472e-05,3344,40.78839874,-111.9779968,32.11610031,-110.9410019
labeled_all,255001,45000,SRQ-EWR,SRQ,EWR,23,9,14,0.3913043478,9.019572472e-05,3345,27.39539909,-82.55439758,40.69250107,-74.16870117
labeled_all,255001,45000,SWO-DFW,SWO,DFW,23,2,21,0.08695652174,9.019572472e-05,3346,36.16120148,-97.08570099,32.89680099,-97.03800201
labeled_all,255001,45000,TPA-LAX,TPA,LAX,23,4,19,0.1739130435,9.019572472e-05,3347,27.97550011,-82.53320312,33.94250107,-118.4079971
labeled_all,255001,45000,TUL-STL,TUL,STL,23,3,20,0.1304347826,9.019572472e-05,3348,36.19839859,-95.88809967,38.74869919,-90.37000275
labeled_all,255001,45000,TUS-ATL,TUS,ATL,23,4,19,0.1739130435,9.019572472e-05,3349,32.11610031,-110.9410019,33.63669968,-84.42810059
labeled_all,255001,45000,ABQ-MCI,ABQ,MCI,22,2,20,0.09090909091,8.627417147e-05,3350,35.04019928,-106.6090012,39.29759979,-94.71389771
labeled_all,255001,45000,ATL-ABE,ATL,ABE,22,2,20,0.09090909091,8.627417147e-05,3351,33.63669968,-84.42810059,40.65209961,-75.44080353
labeled_all,255001,45000,ATL-MDT,ATL,MDT,22,1,21,0.04545454545,8.627417147e-05,3352,33.63669968,-84.42810059,40.19350052,-76.76339722
labeled_all,255001,45000,BHM-TPA,BHM,TPA,22,4,18,0.1818181818,8.627417147e-05,3353,33.56290054,-86.75350189,27.97550011,-82.53320312
labeled_all,255001,45000,BMI-ORD,BMI,ORD,22,1,21,0.04545454545,8.627417147e-05,3354,40.47710037,-88.91590118,41.97859955,-87.90480042
labeled_all,255001,45000,BOI-MSP,BOI,MSP,22,2,20,0.09090909091,8.627417147e-05,3355,43.56439972,-116.2229996,44.88199997,-93.22180176
labeled_all,255001,45000,BOI-SJC,BOI,SJC,22,0,22,0,8.627417147e-05,3356,43.56439972,-116.2229996,37.36259842,-121.9290009
labeled_all,255001,45000,BOS-PDX,BOS,PDX,22,1,21,0.04545454545,8.627417147e-05,3357,42.36429977,-71.00520325,45.58869934,-122.5979996
labeled_all,255001,45000,BQN-JFK,BQN,JFK,22,5,17,0.2272727273,8.627417147e-05,3358,18.49489975,-67.12940216,40.63980103,-73.77890015
labeled_all,255001,45000,BTV-LGA,BTV,LGA,22,3,19,0.1363636364,8.627417147e-05,3359,44.47190094,-73.15329742,40.77719879,-73.87259674
labeled_all,255001,45000,CHS-HOU,CHS,HOU,22,2,20,0.09090909091,8.627417147e-05,3360,32.89860153,-80.04049683,29.64539909,-95.27890015
labeled_all,255001,45000,CID-DFW,CID,DFW,22,4,18,0.1818181818,8.627417147e-05,3361,41.88470078,-91.71080017,32.89680099,-97.03800201
labeled_all,255001,45000,CLT-GPT,CLT,GPT,22,1,21,0.04545454545,8.627417147e-05,3362,35.2140007,-80.94309998,30.40730095,-89.07009888
labeled_all,255001,45000,CLT-HTS,CLT,HTS,22,9,13,0.4090909091,8.627417147e-05,3363,35.2140007,-80.94309998,38.36669922,-82.55799866
labeled_all,255001,45000,CMH-STL,CMH,STL,22,3,19,0.1363636364,8.627417147e-05,3364,39.9980011,-82.89189911,38.74869919,-90.37000275
labeled_all,255001,45000,COS-ATL,COS,ATL,22,3,19,0.1363636364,8.627417147e-05,3365,38.80580139,-104.7009964,33.63669968,-84.42810059
labeled_all,255001,45000,DAY-MSP,DAY,MSP,22,2,20,0.09090909091,8.627417147e-05,3366,39.90240097,-84.2193985,44.88199997,-93.22180176
labeled_all,255001,45000,DCA-BHM,DCA,BHM,22,5,17,0.2272727273,8.627417147e-05,3367,38.85210037,-77.03769684,33.56290054,-86.75350189
labeled_all,255001,45000,DEN-ANC,DEN,ANC,22,4,18,0.1818181818,8.627417147e-05,3368,39.86169815,-104.6729965,61.17440033,-149.9960022
labeled_all,255001,45000,DEN-COD,DEN,COD,22,2,20,0.09090909091,8.627417147e-05,3369,39.86169815,-104.6729965,44.52019882,-109.0240021
labeled_all,255001,45000,DEN-RIC,DEN,RIC,22,6,16,0.2727272727,8.627417147e-05,3370,39.86169815,-104.6729965,37.50519943,-77.31970215
labeled_all,255001,45000,DEN-RKS,DEN,RKS,22,4,18,0.1818181818,8.627417147e-05,3371,39.86169815,-104.6729965,41.59420013,-109.0650024
labeled_all,255001,45000,DFW-CLL,DFW,CLL,22,3,19,0.1363636364,8.627417147e-05,3372,32.89680099,-97.03800201,30.58860016,-96.36380005
labeled_all,255001,45000,DFW-GRR,DFW,GRR,22,8,14,0.3636363636,8.627417147e-05,3373,32.89680099,-97.03800201,42.88079834,-85.52279663
labeled_all,255001,45000,DFW-GSO,DFW,GSO,22,5,17,0.2272727273,8.627417147e-05,3374,32.89680099,-97.03800201,36.09780121,-79.93730164
labeled_all,255001,45000,DFW-HRL,DFW,HRL,22,4,18,0.1818181818,8.627417147e-05,3375,32.89680099,-97.03800201,26.22850037,-97.65440369
labeled_all,255001,45000,DFW-LCH,DFW,LCH,22,2,20,0.09090909091,8.627417147e-05,3376,32.89680099,-97.03800201,30.12610054,-93.22329712
labeled_all,255001,45000,DTW-AVP,DTW,AVP,22,5,17,0.2272727273,8.627417147e-05,3377,42.21239853,-83.35340118,41.33850098,-75.7233963
labeled_all,255001,45000,DTW-GSP,DTW,GSP,22,4,18,0.1818181818,8.627417147e-05,3378,42.21239853,-83.35340118,34.89569855,-82.21890259
labeled_all,255001,45000,ERI-DTW,ERI,DTW,22,2,20,0.09090909091,8.627417147e-05,3379,42.08312701,-80.17386675,42.21239853,-83.35340118
labeled_all,255001,45000,FAR-DFW,FAR,DFW,22,4,18,0.1818181818,8.627417147e-05,3380,46.92070007,-96.81580353,32.89680099,-97.03800201
labeled_all,255001,45000,FLL-SEA,FLL,SEA,22,6,16,0.2727272727,8.627417147e-05,3381,26.07259941,-80.15270233,47.44900131,-122.3089981
labeled_all,255001,45000,GRR-DFW,GRR,DFW,22,4,18,0.1818181818,8.627417147e-05,3382,42.88079834,-85.52279663,32.89680099,-97.03800201
labeled_all,255001,45000,GRR-IAH,GRR,IAH,22,3,19,0.1363636364,8.627417147e-05,3383,42.88079834,-85.52279663,29.9843998,-95.34140015
labeled_all,255001,45000,HOU-SAN,HOU,SAN,22,3,19,0.1363636364,8.627417147e-05,3384,29.64539909,-95.27890015,32.73360062,-117.1900024
labeled_all,255001,45000,IAH-SMF,IAH,SMF,22,4,18,0.1818181818,8.627417147e-05,3385,29.9843998,-95.34140015,38.69540024,-121.5910034
labeled_all,255001,45000,JAN-ORD,JAN,ORD,22,3,19,0.1363636364,8.627417147e-05,3386,32.31119919,-90.07589722,41.97859955,-87.90480042
labeled_all,255001,45000,JAX-DTW,JAX,DTW,22,1,21,0.04545454545,8.627417147e-05,3387,30.49410057,-81.68789673,42.21239853,-83.35340118
labeled_all,255001,45000,JFK-BUR,JFK,BUR,22,3,19,0.1363636364,8.627417147e-05,3388,40.63980103,-73.77890015,34.20069885,-118.3590012
labeled_all,255001,45000,KOA-SEA,KOA,SEA,22,5,17,0.2272727273,8.627417147e-05,3389,19.73880005,-156.0460052,47.44900131,-122.3089981
labeled_all,255001,45000,LAS-AMA,LAS,AMA,22,1,21,0.04545454545,8.627417147e-05,3390,36.08010101,-115.1520004,35.2193985,-101.7060013
labeled_all,255001,45000,LAS-BUF,LAS,BUF,22,9,13,0.4090909091,8.627417147e-05,3391,36.08010101,-115.1520004,42.94049835,-78.73220062
labeled_all,255001,45000,LAS-TUL,LAS,TUL,22,3,19,0.1363636364,8.627417147e-05,3392,36.08010101,-115.1520004,36.19839859,-95.88809967
labeled_all,255001,45000,LAX-ANC,LAX,ANC,22,1,21,0.04545454545,8.627417147e-05,3393,33.94250107,-118.4079971,61.17440033,-149.9960022
labeled_all,255001,45000,LCH-DFW,LCH,DFW,22,5,17,0.2272727273,8.627417147e-05,3394,30.12610054,-93.22329712,32.89680099,-97.03800201
labeled_all,255001,45000,LGA-DAY,LGA,DAY,22,7,15,0.3181818182,8.627417147e-05,3395,40.77719879,-73.87259674,39.90240097,-84.2193985
labeled_all,255001,45000,LSE-ORD,LSE,ORD,22,3,19,0.1363636364,8.627417147e-05,3396,43.87900162,-91.25669861,41.97859955,-87.90480042
labeled_all,255001,45000,MCI-TPA,MCI,TPA,22,3,19,0.1363636364,8.627417147e-05,3397,39.29759979,-94.71389771,27.97550011,-82.53320312
labeled_all,255001,45000,MDW-IND,MDW,IND,22,6,16,0.2727272727,8.627417147e-05,3398,41.7859993,-87.75240326,39.71730041,-86.29440308
labeled_all,255001,45000,MHT-DCA,MHT,DCA,22,3,19,0.1363636364,8.627417147e-05,3399,42.93259811,-71.43569946,38.85210037,-77.03769684
labeled_all,255001,45000,MIA-CLE,MIA,CLE,22,3,19,0.1363636364,8.627417147e-05,3400,25.79319954,-80.29060364,41.4117012,-81.84980011
labeled_all,255001,45000,MKE-IAH,MKE,IAH,22,4,18,0.1818181818,8.627417147e-05,3401,42.94720078,-87.89659882,29.9843998,-95.34140015
labeled_all,255001,45000,MLI-DEN,MLI,DEN,22,3,19,0.1363636364,8.627417147e-05,3402,41.44850159,-90.50749969,39.86169815,-104.6729965
labeled_all,255001,45000,MSP-SDF,MSP,SDF,22,5,17,0.2272727273,8.627417147e-05,3403,44.88199997,-93.22180176,38.17440033,-85.73600006
labeled_all,255001,45000,MSP-SJC,MSP,SJC,22,0,22,0,8.627417147e-05,3404,44.88199997,-93.22180176,37.36259842,-121.9290009
labeled_all,255001,45000,OGG-SJC,OGG,SJC,22,7,15,0.3181818182,8.627417147e-05,3405,20.89859962,-156.4299927,37.36259842,-121.9290009
labeled_all,255001,45000,OKC-LAX,OKC,LAX,22,2,20,0.09090909091,8.627417147e-05,3406,35.39310074,-97.60070038,33.94250107,-118.4079971
labeled_all,255001,45000,ONT-SLC,ONT,SLC,22,1,21,0.04545454545,8.627417147e-05,3407,34.05599976,-117.6009979,40.78839874,-111.9779968
labeled_all,255001,45000,ORD-BMI,ORD,BMI,22,4,18,0.1818181818,8.627417147e-05,3408,41.97859955,-87.90480042,40.47710037,-88.91590118
labeled_all,255001,45000,ORD-MHK,ORD,MHK,22,7,15,0.3181818182,8.627417147e-05,3409,41.97859955,-87.90480042,39.14099884,-96.67079926
labeled_all,255001,45000,ORD-PNS,ORD,PNS,22,5,17,0.2272727273,8.627417147e-05,3410,41.97859955,-87.90480042,30.47340012,-87.18659973
labeled_all,255001,45000,ORD-SUX,ORD,SUX,22,4,18,0.1818181818,8.627417147e-05,3411,41.97859955,-87.90480042,42.40259933,-96.38439941
labeled_all,255001,45000,PDX-AUS,PDX,AUS,22,4,18,0.1818181818,8.627417147e-05,3412,45.58869934,-122.5979996,30.19449997,-97.66989899
labeled_all,255001,45000,PHL-ART,PHL,ART,22,4,18,0.1818181818,8.627417147e-05,3413,39.87189865,-75.2410965,43.9919014,-76.021698
labeled_all,255001,45000,PHL-SWF,PHL,SWF,22,3,19,0.1363636364,8.627417147e-05,3414,39.87189865,-75.2410965,41.5041008,-74.10479736
labeled_all,255001,45000,PHX-DSM,PHX,DSM,22,5,17,0.2272727273,8.627417147e-05,3415,33.43429947,-112.012001,41.5340004,-93.6631012
labeled_all,255001,45000,PHX-GJT,PHX,GJT,22,1,21,0.04545454545,8.627417147e-05,3416,33.43429947,-112.012001,39.12239838,-108.5270004
labeled_all,255001,45000,PHX-LGB,PHX,LGB,22,4,18,0.1818181818,8.627417147e-05,3417,33.43429947,-112.012001,33.81769943,-118.1520004
labeled_all,255001,45000,PHX-MSY,PHX,MSY,22,3,19,0.1363636364,8.627417147e-05,3418,33.43429947,-112.012001,29.99340057,-90.25800323
labeled_all,255001,45000,PIT-LAX,PIT,LAX,22,5,17,0.2272727273,8.627417147e-05,3419,40.49150085,-80.23290253,33.94250107,-118.4079971
labeled_all,255001,45000,PIT-SFO,PIT,SFO,22,12,10,0.5454545455,8.627417147e-05,3420,40.49150085,-80.23290253,37.61899948,-122.375
labeled_all,255001,45000,PVU-AZA,PVU,AZA,22,3,19,0.1363636364,8.627417147e-05,3421,40.21920013,-111.7229996,33.30780029,-111.6549988
labeled_all,255001,45000,RDU-MCI,RDU,MCI,22,8,14,0.3636363636,8.627417147e-05,3422,35.87760162,-78.78749847,39.29759979,-94.71389771
labeled_all,255001,45000,RNO-DFW,RNO,DFW,22,1,21,0.04545454545,8.627417147e-05,3423,39.49909973,-119.7679977,32.89680099,-97.03800201
labeled_all,255001,45000,ROC-MCO,ROC,MCO,22,2,20,0.09090909091,8.627417147e-05,3424,43.1189003,-77.67240143,28.42939949,-81.30899811
labeled_all,255001,45000,SAN-OGG,SAN,OGG,22,5,17,0.2272727273,8.627417147e-05,3425,32.73360062,-117.1900024,20.89859962,-156.4299927
labeled_all,255001,45000,SAT-SEA,SAT,SEA,22,3,19,0.1363636364,8.627417147e-05,3426,29.53370094,-98.46980286,47.44900131,-122.3089981
labeled_all,255001,45000,SCK-LAS,SCK,LAS,22,7,15,0.3181818182,8.627417147e-05,3427,37.89419937,-121.237999,36.08010101,-115.1520004
labeled_all,255001,45000,SEA-BIL,SEA,BIL,22,2,20,0.09090909091,8.627417147e-05,3428,47.44900131,-122.3089981,45.80770111,-108.5429993
labeled_all,255001,45000,SFO-PAE,SFO,PAE,22,4,18,0.1818181818,8.627417147e-05,3429,37.61899948,-122.375,47.90629959,-122.2819977
labeled_all,255001,45000,SLC-CPR,SLC,CPR,22,0,22,0,8.627417147e-05,3430,40.78839874,-111.9779968,42.90800095,-106.4639969
labeled_all,255001,45000,SLC-FLL,SLC,FLL,22,3,19,0.1363636364,8.627417147e-05,3431,40.78839874,-111.9779968,26.07259941,-80.15270233
labeled_all,255001,45000,SMF-DAL,SMF,DAL,22,2,20,0.09090909091,8.627417147e-05,3432,38.69540024,-121.5910034,32.8470993,-96.85179901
labeled_all,255001,45000,STL-BNA,STL,BNA,22,2,20,0.09090909091,8.627417147e-05,3433,38.74869919,-90.37000275,36.12450027,-86.67819977
labeled_all,255001,45000,STL-RDU,STL,RDU,22,6,16,0.2727272727,8.627417147e-05,3434,38.74869919,-90.37000275,35.87760162,-78.78749847
labeled_all,255001,45000,STL-SAT,STL,SAT,22,4,18,0.1818181818,8.627417147e-05,3435,38.74869919,-90.37000275,29.53370094,-98.46980286
labeled_all,255001,45000,TOL-ORD,TOL,ORD,22,6,16,0.2727272727,8.627417147e-05,3436,41.58679962,-83.80780029,41.97859955,-87.90480042
labeled_all,255001,45000,TPA-BHM,TPA,BHM,22,1,21,0.04545454545,8.627417147e-05,3437,27.97550011,-82.53320312,33.56290054,-86.75350189
labeled_all,255001,45000,TUS-SEA,TUS,SEA,22,5,17,0.2272727273,8.627417147e-05,3438,32.11610031,-110.9410019,47.44900131,-122.3089981
labeled_all,255001,45000,VLD-ATL,VLD,ATL,22,2,20,0.09090909091,8.627417147e-05,3439,30.78249931,-83.27670288,33.63669968,-84.42810059
labeled_all,255001,45000,XNA-LAX,XNA,LAX,22,4,18,0.1818181818,8.627417147e-05,3440,36.2818985,-94.30680084,33.94250107,-118.4079971
labeled_all,255001,45000,ACK-JFK,ACK,JFK,21,2,19,0.09523809524,8.235261823e-05,3441,41.25310135,-70.06020355,40.63980103,-73.77890015
labeled_all,255001,45000,AUS-ABQ,AUS,ABQ,21,5,16,0.2380952381,8.235261823e-05,3442,30.19449997,-97.66989899,35.04019928,-106.6090012
labeled_all,255001,45000,AUS-PHL,AUS,PHL,21,1,20,0.04761904762,8.235261823e-05,3443,30.19449997,-97.66989899,39.87189865,-75.2410965
labeled_all,255001,45000,BDL-RSW,BDL,RSW,21,3,18,0.1428571429,8.235261823e-05,3444,41.93889999,-72.68319702,26.53619957,-81.75520325
labeled_all,255001,45000,BFF-DEN,BFF,DEN,21,1,20,0.04761904762,8.235261823e-05,3445,41.87400055,-103.5960007,39.86169815,-104.6729965
labeled_all,255001,45000,BHM-MDW,BHM,MDW,21,5,16,0.2380952381,8.235261823e-05,3446,33.56290054,-86.75350189,41.7859993,-87.75240326
labeled_all,255001,45000,CDC-SLC,CDC,SLC,21,3,18,0.1428571429,8.235261823e-05,3447,37.70100021,-113.098999,40.78839874,-111.9779968
labeled_all,255001,45000,CID-CLT,CID,CLT,21,2,19,0.09523809524,8.235261823e-05,3448,41.88470078,-91.71080017,35.2140007,-80.94309998
labeled_all,255001,45000,COS-LAX,COS,LAX,21,3,18,0.1428571429,8.235261823e-05,3449,38.80580139,-104.7009964,33.94250107,-118.4079971
labeled_all,255001,45000,DAL-SMF,DAL,SMF,21,5,16,0.2380952381,8.235261823e-05,3450,32.8470993,-96.85179901,38.69540024,-121.5910034
labeled_all,255001,45000,DCA-RSW,DCA,RSW,21,2,19,0.09523809524,8.235261823e-05,3451,38.85210037,-77.03769684,26.53619957,-81.75520325
labeled_all,255001,45000,DEN-GUC,DEN,GUC,21,5,16,0.2380952381,8.235261823e-05,3452,39.86169815,-104.6729965,38.53390121,-106.9329987
labeled_all,255001,45000,DFW-BOI,DFW,BOI,21,1,20,0.04761904762,8.235261823e-05,3453,32.89680099,-97.03800201,43.56439972,-116.2229996
labeled_all,255001,45000,DFW-JAC,DFW,JAC,21,5,16,0.2380952381,8.235261823e-05,3454,32.89680099,-97.03800201,43.6072998,-110.737999
labeled_all,255001,45000,DFW-MLI,DFW,MLI,21,4,17,0.1904761905,8.235261823e-05,3455,32.89680099,-97.03800201,41.44850159,-90.50749969
labeled_all,255001,45000,DTW-PVD,DTW,PVD,21,8,13,0.380952381,8.235261823e-05,3456,42.21239853,-83.35340118,41.73260117,-71.42040253
labeled_all,255001,45000,EWR-BWI,EWR,BWI,21,4,17,0.1904761905,8.235261823e-05,3457,40.69250107,-74.16870117,39.17539978,-76.66829681
labeled_all,255001,45000,GJT-PHX,GJT,PHX,21,2,19,0.09523809524,8.235261823e-05,3458,39.12239838,-108.5270004,33.43429947,-112.012001
labeled_all,255001,45000,GRB-ATL,GRB,ATL,21,3,18,0.1428571429,8.235261823e-05,3459,44.48509979,-88.12960052,33.63669968,-84.42810059
labeled_all,255001,45000,IAD-DAY,IAD,DAY,21,2,19,0.09523809524,8.235261823e-05,3460,38.94449997,-77.45580292,39.90240097,-84.2193985
labeled_all,255001,45000,IAD-ILM,IAD,ILM,21,4,17,0.1904761905,8.235261823e-05,3461,38.94449997,-77.45580292,34.27059937,-77.90260315
labeled_all,255001,45000,IAH-ASE,IAH,ASE,21,4,17,0.1904761905,8.235261823e-05,3462,29.9843998,-95.34140015,39.22320175,-106.8690033
labeled_all,255001,45000,IAH-ORF,IAH,ORF,21,3,18,0.1428571429,8.235261823e-05,3463,29.9843998,-95.34140015,36.89459991,-76.20120239
labeled_all,255001,45000,IND-HOU,IND,HOU,21,1,20,0.04761904762,8.235261823e-05,3464,39.71730041,-86.29440308,29.64539909,-95.27890015
labeled_all,255001,45000,ISP-PHL,ISP,PHL,21,9,12,0.4285714286,8.235261823e-05,3465,40.79520035,-73.10019684,39.87189865,-75.2410965
labeled_all,255001,45000,ISP-TPA,ISP,TPA,21,2,19,0.09523809524,8.235261823e-05,3466,40.79520035,-73.10019684,27.97550011,-82.53320312
labeled_all,255001,45000,JFK-ABQ,JFK,ABQ,21,6,15,0.2857142857,8.235261823e-05,3467,40.63980103,-73.77890015,35.04019928,-106.6090012
labeled_all,255001,45000,JFK-CVG,JFK,CVG,21,7,14,0.3333333333,8.235261823e-05,3468,40.63980103,-73.77890015,39.04880142,-84.6678009
labeled_all,255001,45000,LAS-SCK,LAS,SCK,21,6,15,0.2857142857,8.235261823e-05,3469,36.08010101,-115.1520004,37.89419937,-121.237999
labeled_all,255001,45000,LGA-MSN,LGA,MSN,21,3,18,0.1428571429,8.235261823e-05,3470,40.77719879,-73.87259674,43.13990021,-89.33750153
labeled_all,255001,45000,LGA-SAV,LGA,SAV,21,5,16,0.2380952381,8.235261823e-05,3471,40.77719879,-73.87259674,32.12760162,-81.20210266
labeled_all,255001,45000,LGB-BOS,LGB,BOS,21,6,15,0.2857142857,8.235261823e-05,3472,33.81769943,-118.1520004,42.36429977,-71.00520325
labeled_all,255001,45000,MCO-SDF,MCO,SDF,21,4,17,0.1904761905,8.235261823e-05,3473,28.42939949,-81.30899811,38.17440033,-85.73600006
labeled_all,255001,45000,MDW-PDX,MDW,PDX,21,3,18,0.1428571429,8.235261823e-05,3474,41.7859993,-87.75240326,45.58869934,-122.5979996
labeled_all,255001,45000,MEM-BWI,MEM,BWI,21,0,21,0,8.235261823e-05,3475,35.04240036,-89.97669983,39.17539978,-76.66829681
labeled_all,255001,45000,MEM-DAL,MEM,DAL,21,6,15,0.2857142857,8.235261823e-05,3476,35.04240036,-89.97669983,32.8470993,-96.85179901
labeled_all,255001,45000,MHT-CLT,MHT,CLT,21,3,18,0.1428571429,8.235261823e-05,3477,42.93259811,-71.43569946,35.2140007,-80.94309998
labeled_all,255001,45000,MHT-EWR,MHT,EWR,21,6,15,0.2857142857,8.235261823e-05,3478,42.93259811,-71.43569946,40.69250107,-74.16870117
labeled_all,255001,45000,MIA-BNA,MIA,BNA,21,4,17,0.1904761905,8.235261823e-05,3479,25.79319954,-80.29060364,36.12450027,-86.67819977
labeled_all,255001,45000,MOB-DFW,MOB,DFW,21,3,18,0.1428571429,8.235261823e-05,3480,30.69120026,-88.24279785,32.89680099,-97.03800201
labeled_all,255001,45000,MSP-ABR,MSP,ABR,21,1,20,0.04761904762,8.235261823e-05,3481,44.88199997,-93.22180176,45.44910049,-98.42179871
labeled_all,255001,45000,MSP-BIL,MSP,BIL,21,5,16,0.2380952381,8.235261823e-05,3482,44.88199997,-93.22180176,45.80770111,-108.5429993
labeled_all,255001,45000,MSP-LSE,MSP,LSE,21,2,19,0.09523809524,8.235261823e-05,3483,44.88199997,-93.22180176,43.87900162,-91.25669861
labeled_all,255001,45000,MSP-RHI,MSP,RHI,21,4,17,0.1904761905,8.235261823e-05,3484,44.88199997,-93.22180176,45.63119888,-89.46749878
labeled_all,255001,45000,MSY-PHX,MSY,PHX,21,5,16,0.2380952381,8.235261823e-05,3485,29.99340057,-90.25800323,33.43429947,-112.012001
labeled_all,255001,45000,OAK-DAL,OAK,DAL,21,2,19,0.09523809524,8.235261823e-05,3486,37.72129822,-122.2210007,32.8470993,-96.85179901
labeled_all,255001,45000,OGG-DFW,OGG,DFW,21,2,19,0.09523809524,8.235261823e-05,3487,20.89859962,-156.4299927,32.89680099,-97.03800201
labeled_all,255001,45000,OKC-CLT,OKC,CLT,21,3,18,0.1428571429,8.235261823e-05,3488,35.39310074,-97.60070038,35.2140007,-80.94309998
labeled_all,255001,45000,ORD-BZN,ORD,BZN,21,6,15,0.2857142857,8.235261823e-05,3489,41.97859955,-87.90480042,45.77750015,-111.1529999
labeled_all,255001,45000,PDX-HNL,PDX,HNL,21,7,14,0.3333333333,8.235261823e-05,3490,45.58869934,-122.5979996,21.31870079,-157.9219971
labeled_all,255001,45000,PDX-PSP,PDX,PSP,21,3,18,0.1428571429,8.235261823e-05,3491,45.58869934,-122.5979996,33.82970047,-116.5070038
labeled_all,255001,45000,PHL-BHM,PHL,BHM,21,4,17,0.1904761905,8.235261823e-05,3492,39.87189865,-75.2410965,33.56290054,-86.75350189
labeled_all,255001,45000,PHL-ILM,PHL,ILM,21,2,19,0.09523809524,8.235261823e-05,3493,39.87189865,-75.2410965,34.27059937,-77.90260315
labeled_all,255001,45000,PHL-MEM,PHL,MEM,21,6,15,0.2857142857,8.235261823e-05,3494,39.87189865,-75.2410965,35.04240036,-89.97669983
labeled_all,255001,45000,PIT-MIA,PIT,MIA,21,2,19,0.09523809524,8.235261823e-05,3495,40.49150085,-80.23290253,25.79319954,-80.29060364
labeled_all,255001,45000,PLN-DTW,PLN,DTW,21,2,19,0.09523809524,8.235261823e-05,3496,45.57089996,-84.79669952,42.21239853,-83.35340118
labeled_all,255001,45000,PSE-MCO,PSE,MCO,21,7,14,0.3333333333,8.235261823e-05,3497,18.00830078,-66.56300354,28.42939949,-81.30899811
labeled_all,255001,45000,SAT-DTW,SAT,DTW,21,2,19,0.09523809524,8.235261823e-05,3498,29.53370094,-98.46980286,42.21239853,-83.35340118
labeled_all,255001,45000,SEA-DCA,SEA,DCA,21,3,18,0.1428571429,8.235261823e-05,3499,47.44900131,-122.3089981,38.85210037,-77.03769684
labeled_all,255001,45000,SLC-COS,SLC,COS,21,1,20,0.04761904762,8.235261823e-05,3500,40.78839874,-111.9779968,38.80580139,-104.7009964
labeled_all,255001,45000,SLC-DAL,SLC,DAL,21,2,19,0.09523809524,8.235261823e-05,3501,40.78839874,-111.9779968,32.8470993,-96.85179901
labeled_all,255001,45000,STL-ICT,STL,ICT,21,5,16,0.2380952381,8.235261823e-05,3502,38.74869919,-90.37000275,37.64989853,-97.43309784
labeled_all,255001,45000,SWF-DTW,SWF,DTW,21,4,17,0.1904761905,8.235261823e-05,3503,41.5041008,-74.10479736,42.21239853,-83.35340118
labeled_all,255001,45000,SYR-BOS,SYR,BOS,21,6,15,0.2857142857,8.235261823e-05,3504,43.11119843,-76.10630035,42.36429977,-71.00520325
labeled_all,255001,45000,TOL-CLT,TOL,CLT,21,0,21,0,8.235261823e-05,3505,41.58679962,-83.80780029,35.2140007,-80.94309998
labeled_all,255001,45000,TPA-SAT,TPA,SAT,21,3,18,0.1428571429,8.235261823e-05,3506,27.97550011,-82.53320312,29.53370094,-98.46980286
labeled_all,255001,45000,TXK-DFW,TXK,DFW,21,5,16,0.2380952381,8.235261823e-05,3507,33.45370102,-93.99099731,32.89680099,-97.03800201
labeled_all,255001,45000,XNA-LGA,XNA,LGA,21,6,15,0.2857142857,8.235261823e-05,3508,36.2818985,-94.30680084,40.77719879,-73.87259674
labeled_all,255001,45000,ABQ-PDX,ABQ,PDX,20,1,19,0.05,7.843106498e-05,3509,35.04019928,-106.6090012,45.58869934,-122.5979996
labeled_all,255001,45000,ABR-MSP,ABR,MSP,20,5,15,0.25,7.843106498e-05,3510,45.44910049,-98.42179871,44.88199997,-93.22180176
labeled_all,255001,45000,ANC-OTZ,ANC,OTZ,20,3,17,0.15,7.843106498e-05,3511,61.17440033,-149.9960022,66.88469696,-162.598999
labeled_all,255001,45000,AUS-CVG,AUS,CVG,20,4,16,0.2,7.843106498e-05,3512,30.19449997,-97.66989899,39.04880142,-84.6678009
labeled_all,255001,45000,AUS-LGB,AUS,LGB,20,4,16,0.2,7.843106498e-05,3513,30.19449997,-97.66989899,33.81769943,-118.1520004
labeled_all,255001,45000,AVL-EWR,AVL,EWR,20,9,11,0.45,7.843106498e-05,3514,35.43619919,-82.54180145,40.69250107,-74.16870117
labeled_all,255001,45000,BDL-MDW,BDL,MDW,20,1,19,0.05,7.843106498e-05,3515,41.93889999,-72.68319702,41.7859993,-87.75240326
labeled_all,255001,45000,BET-ANC,BET,ANC,20,3,17,0.15,7.843106498e-05,3516,60.77980042,-161.8379974,61.17440033,-149.9960022
labeled_all,255001,45000,BIS-ORD,BIS,ORD,20,3,17,0.15,7.843106498e-05,3517,46.77270126,-100.7460022,41.97859955,-87.90480042
labeled_all,255001,45000,BNA-SEA,BNA,SEA,20,2,18,0.1,7.843106498e-05,3518,36.12450027,-86.67819977,47.44900131,-122.3089981
labeled_all,255001,45000,BOS-SYR,BOS,SYR,20,5,15,0.25,7.843106498e-05,3519,42.36429977,-71.00520325,43.11119843,-76.10630035
labeled_all,255001,45000,BPT-DFW,BPT,DFW,20,5,15,0.25,7.843106498e-05,3520,29.95079994,-94.02069855,32.89680099,-97.03800201
labeled_all,255001,45000,BTV-CLT,BTV,CLT,20,3,17,0.15,7.843106498e-05,3521,44.47190094,-73.15329742,35.2140007,-80.94309998
labeled_all,255001,45000,BTV-DCA,BTV,DCA,20,2,18,0.1,7.843106498e-05,3522,44.47190094,-73.15329742,38.85210037,-77.03769684
labeled_all,255001,45000,BUF-LAS,BUF,LAS,20,6,14,0.3,7.843106498e-05,3523,42.94049835,-78.73220062,36.08010101,-115.1520004
labeled_all,255001,45000,CHS-BNA,CHS,BNA,20,4,16,0.2,7.843106498e-05,3524,32.89860153,-80.04049683,36.12450027,-86.67819977
labeled_all,255001,45000,COS-SLC,COS,SLC,20,2,18,0.1,7.843106498e-05,3525,38.80580139,-104.7009964,40.78839874,-111.9779968
labeled_all,255001,45000,COU-DEN,COU,DEN,20,4,16,0.2,7.843106498e-05,3526,38.81809998,-92.21959686,39.86169815,-104.6729965
labeled_all,255001,45000,COU-DFW,COU,DFW,20,2,18,0.1,7.843106498e-05,3527,38.81809998,-92.21959686,32.89680099,-97.03800201
labeled_all,255001,45000,CVG-RDU,CVG,RDU,20,1,19,0.05,7.843106498e-05,3528,39.04880142,-84.6678009,35.87760162,-78.78749847
labeled_all,255001,45000,DAL-ECP,DAL,ECP,20,2,18,0.1,7.843106498e-05,3529,32.8470993,-96.85179901,30.3417,-85.7973
labeled_all,255001,45000,DAL-OMA,DAL,OMA,20,2,18,0.1,7.843106498e-05,3530,32.8470993,-96.85179901,41.30319977,-95.89409637
labeled_all,255001,45000,DCA-GSP,DCA,GSP,20,4,16,0.2,7.843106498e-05,3531,38.85210037,-77.03769684,34.89569855,-82.21890259
labeled_all,255001,45000,DCA-OMA,DCA,OMA,20,5,15,0.25,7.843106498e-05,3532,38.85210037,-77.03769684,41.30319977,-95.89409637
labeled_all,255001,45000,DFW-FSD,DFW,FSD,20,10,10,0.5,7.843106498e-05,3533,32.89680099,-97.03800201,43.58200073,-96.74189758
labeled_all,255001,45000,DFW-SBA,DFW,SBA,20,2,18,0.1,7.843106498e-05,3534,32.89680099,-97.03800201,34.42620087,-119.8399963
labeled_all,255001,45000,DTW-PLN,DTW,PLN,20,0,20,0,7.843106498e-05,3535,42.21239853,-83.35340118,45.57089996,-84.79669952
labeled_all,255001,45000,DTW-SWF,DTW,SWF,20,0,20,0,7.843106498e-05,3536,42.21239853,-83.35340118,41.5041008,-74.10479736
labeled_all,255001,45000,FLL-ALB,FLL,ALB,20,4,16,0.2,7.843106498e-05,3537,26.07259941,-80.15270233,42.74829864,-73.80169678
labeled_all,255001,45000,FLL-ORH,FLL,ORH,20,8,12,0.4,7.843106498e-05,3538,26.07259941,-80.15270233,42.26729965,-71.8757019
labeled_all,255001,45000,FLL-PHX,FLL,PHX,20,5,15,0.25,7.843106498e-05,3539,26.07259941,-80.15270233,33.43429947,-112.012001
labeled_all,255001,45000,FWA-DFW,FWA,DFW,20,4,16,0.2,7.843106498e-05,3540,40.97850037,-85.19509888,32.89680099,-97.03800201
labeled_all,255001,45000,GCK-DFW,GCK,DFW,20,2,18,0.1,7.843106498e-05,3541,37.92750168,-100.723999,32.89680099,-97.03800201
labeled_all,255001,45000,GNV-MIA,GNV,MIA,20,0,20,0,7.843106498e-05,3542,29.69009972,-82.27179718,25.79319954,-80.29060364
labeled_all,255001,45000,GRR-DCA,GRR,DCA,20,7,13,0.35,7.843106498e-05,3543,42.88079834,-85.52279663,38.85210037,-77.03769684
labeled_all,255001,45000,GRR-SFB,GRR,SFB,20,4,16,0.2,7.843106498e-05,3544,42.88079834,-85.52279663,28.77759933,-81.23750305
labeled_all,255001,45000,HLN-DEN,HLN,DEN,20,3,17,0.15,7.843106498e-05,3545,46.60680008,-111.9830017,39.86169815,-104.6729965
labeled_all,255001,45000,HOU-MEM,HOU,MEM,20,4,16,0.2,7.843106498e-05,3546,29.64539909,-95.27890015,35.04240036,-89.97669983
labeled_all,255001,45000,HRL-AUS,HRL,AUS,20,4,16,0.2,7.843106498e-05,3547,26.22850037,-97.65440369,30.19449997,-97.66989899
labeled_all,255001,45000,HSV-IAD,HSV,IAD,20,11,9,0.55,7.843106498e-05,3548,34.6371994,-86.77510071,38.94449997,-77.45580292
labeled_all,255001,45000,HYS-SLN,HYS,SLN,20,2,18,0.1,7.843106498e-05,3549,38.84220123,-99.27320099,38.79100037,-97.65219879
labeled_all,255001,45000,IAD-FAY,IAD,FAY,20,2,18,0.1,7.843106498e-05,3550,38.94449997,-77.45580292,34.99119949,-78.88030243
labeled_all,255001,45000,IND-MCI,IND,MCI,20,4,16,0.2,7.843106498e-05,3551,39.71730041,-86.29440308,39.29759979,-94.71389771
labeled_all,255001,45000,IPT-PHL,IPT,PHL,20,3,17,0.15,7.843106498e-05,3552,41.2417984,-76.9210968,39.87189865,-75.2410965
labeled_all,255001,45000,ISN-MSP,ISN,MSP,20,0,20,0,7.843106498e-05,3553,48.17789841,-103.6419983,44.88199997,-93.22180176
labeled_all,255001,45000,ITH-IAD,ITH,IAD,20,3,17,0.15,7.843106498e-05,3554,42.49100113,-76.45839691,38.94449997,-77.45580292
labeled_all,255001,45000,JFK-SMF,JFK,SMF,20,2,18,0.1,7.843106498e-05,3555,40.63980103,-73.77890015,38.69540024,-121.5910034
labeled_all,255001,45000,KTN-WRG,KTN,WRG,20,4,16,0.2,7.843106498e-05,3556,55.35559845,-131.7140045,56.48429871,-132.3699951
labeled_all,255001,45000,LAS-LIT,LAS,LIT,20,4,16,0.2,7.843106498e-05,3557,36.08010101,-115.1520004,34.72940063,-92.22429657
labeled_all,255001,45000,LAX-EUG,LAX,EUG,20,3,17,0.15,7.843106498e-05,3558,33.94250107,-118.4079971,44.12459946,-123.211998
labeled_all,255001,45000,LAX-RDU,LAX,RDU,20,6,14,0.3,7.843106498e-05,3559,33.94250107,-118.4079971,35.87760162,-78.78749847
labeled_all,255001,45000,LEX-PHL,LEX,PHL,20,3,17,0.15,7.843106498e-05,3560,38.03649902,-84.60590363,39.87189865,-75.2410965
labeled_all,255001,45000,LSE-MSP,LSE,MSP,20,2,18,0.1,7.843106498e-05,3561,43.87900162,-91.25669861,44.88199997,-93.22180176
labeled_all,255001,45000,MCI-PDX,MCI,PDX,20,0,20,0,7.843106498e-05,3562,39.29759979,-94.71389771,45.58869934,-122.5979996
labeled_all,255001,45000,MCO-TTN,MCO,TTN,20,3,17,0.15,7.843106498e-05,3563,28.42939949,-81.30899811,40.27669907,-74.81349945
labeled_all,255001,45000,MEM-PHX,MEM,PHX,20,3,17,0.15,7.843106498e-05,3564,35.04240036,-89.97669983,33.43429947,-112.012001
labeled_all,255001,45000,MHK-ORD,MHK,ORD,20,4,16,0.2,7.843106498e-05,3565,39.14099884,-96.67079926,41.97859955,-87.90480042
labeled_all,255001,45000,MIA-STT,MIA,STT,20,2,18,0.1,7.843106498e-05,3566,25.79319954,-80.29060364,18.33729935,-64.9733963
labeled_all,255001,45000,MYR-DTW,MYR,DTW,20,1,19,0.05,7.843106498e-05,3567,33.67969894,-78.92829895,42.21239853,-83.35340118
labeled_all,255001,45000,OAK-LIH,OAK,LIH,20,1,19,0.05,7.843106498e-05,3568,37.72129822,-122.2210007,21.97599983,-159.3390045
labeled_all,255001,45000,OKC-IAD,OKC,IAD,20,2,18,0.1,7.843106498e-05,3569,35.39310074,-97.60070038,38.94449997,-77.45580292
labeled_all,255001,45000,OMA-DAL,OMA,DAL,20,5,15,0.25,7.843106498e-05,3570,41.30319977,-95.89409637,32.8470993,-96.85179901
labeled_all,255001,45000,OME-ANC,OME,ANC,20,1,19,0.05,7.843106498e-05,3571,64.5121994,-165.4450073,61.17440033,-149.9960022
labeled_all,255001,45000,ORD-HNL,ORD,HNL,20,8,12,0.4,7.843106498e-05,3572,41.97859955,-87.90480042,21.31870079,-157.9219971
labeled_all,255001,45000,PHL-MSN,PHL,MSN,20,5,15,0.25,7.843106498e-05,3573,39.87189865,-75.2410965,43.13990021,-89.33750153
labeled_all,255001,45000,PHL-SAN,PHL,SAN,20,4,16,0.2,7.843106498e-05,3574,39.87189865,-75.2410965,32.73360062,-117.1900024
labeled_all,255001,45000,PHX-RDU,PHX,RDU,20,3,17,0.15,7.843106498e-05,3575,33.43429947,-112.012001,35.87760162,-78.78749847
labeled_all,255001,45000,PSP-ORD,PSP,ORD,20,4,16,0.2,7.843106498e-05,3576,33.82970047,-116.5070038,41.97859955,-87.90480042
labeled_all,255001,45000,RHI-MSP,RHI,MSP,20,2,18,0.1,7.843106498e-05,3577,45.63119888,-89.46749878,44.88199997,-93.22180176
labeled_all,255001,45000,RIC-DEN,RIC,DEN,20,1,19,0.05,7.843106498e-05,3578,37.50519943,-77.31970215,39.86169815,-104.6729965
labeled_all,255001,45000,RSW-CVG,RSW,CVG,20,1,19,0.05,7.843106498e-05,3579,26.53619957,-81.75520325,39.04880142,-84.6678009
labeled_all,255001,45000,SAN-BNA,SAN,BNA,20,5,15,0.25,7.843106498e-05,3580,32.73360062,-117.1900024,36.12450027,-86.67819977
labeled_all,255001,45000,SAT-EWR,SAT,EWR,20,5,15,0.25,7.843106498e-05,3581,29.53370094,-98.46980286,40.69250107,-74.16870117
labeled_all,255001,45000,SEA-IND,SEA,IND,20,2,18,0.1,7.843106498e-05,3582,47.44900131,-122.3089981,39.71730041,-86.29440308
labeled_all,255001,45000,SFO-IND,SFO,IND,20,3,17,0.15,7.843106498e-05,3583,37.61899948,-122.375,39.71730041,-86.29440308
labeled_all,255001,45000,SHV-CLT,SHV,CLT,20,6,14,0.3,7.843106498e-05,3584,32.44660187,-93.82559967,35.2140007,-80.94309998
labeled_all,255001,45000,SJC-IAH,SJC,IAH,20,2,18,0.1,7.843106498e-05,3585,37.36259842,-121.9290009,29.9843998,-95.34140015
labeled_all,255001,45000,SLC-GTF,SLC,GTF,20,0,20,0,7.843106498e-05,3586,40.78839874,-111.9779968,47.48199844,-111.3710022
labeled_all,255001,45000,STL-MKE,STL,MKE,20,1,19,0.05,7.843106498e-05,3587,38.74869919,-90.37000275,42.94720078,-87.89659882
labeled_all,255001,45000,STL-TUL,STL,TUL,20,7,13,0.35,7.843106498e-05,3588,38.74869919,-90.37000275,36.19839859,-95.88809967
labeled_all,255001,45000,TPA-AUS,TPA,AUS,20,4,16,0.2,7.843106498e-05,3589,27.97550011,-82.53320312,30.19449997,-97.66989899
labeled_all,255001,45000,TPA-CLE,TPA,CLE,20,3,17,0.15,7.843106498e-05,3590,27.97550011,-82.53320312,41.4117012,-81.84980011
labeled_all,255001,45000,TPA-MHT,TPA,MHT,20,2,18,0.1,7.843106498e-05,3591,27.97550011,-82.53320312,42.93259811,-71.43569946
labeled_all,255001,45000,TUL-MSP,TUL,MSP,20,8,12,0.4,7.843106498e-05,3592,36.19839859,-95.88809967,44.88199997,-93.22180176
labeled_all,255001,45000,ACY-RSW,ACY,RSW,19,3,16,0.1578947368,7.450951173e-05,3593,39.45759964,-74.57720184,26.53619957,-81.75520325
labeled_all,255001,45000,ADQ-ANC,ADQ,ANC,19,2,17,0.1052631579,7.450951173e-05,3594,57.75,-152.4940033,61.17440033,-149.9960022
labeled_all,255001,45000,ASE-IAH,ASE,IAH,19,8,11,0.4210526316,7.450951173e-05,3595,39.22320175,-106.8690033,29.9843998,-95.34140015
labeled_all,255001,45000,ATL-GRB,ATL,GRB,19,2,17,0.1052631579,7.450951173e-05,3596,33.63669968,-84.42810059,44.48509979,-88.12960052
labeled_all,255001,45000,AZA-PVU,AZA,PVU,19,2,17,0.1052631579,7.450951173e-05,3597,33.30780029,-111.6549988,40.21920013,-111.7229996
labeled_all,255001,45000,BDL-PBI,BDL,PBI,19,2,17,0.1052631579,7.450951173e-05,3598,41.93889999,-72.68319702,26.68320084,-80.09559631
labeled_all,255001,45000,BHM-BWI,BHM,BWI,19,2,17,0.1052631579,7.450951173e-05,3599,33.56290054,-86.75350189,39.17539978,-76.66829681
labeled_all,255001,45000,BIL-MSP,BIL,MSP,19,2,17,0.1052631579,7.450951173e-05,3600,45.80770111,-108.5429993,44.88199997,-93.22180176
labeled_all,255001,45000,BNA-OAK,BNA,OAK,19,5,14,0.2631578947,7.450951173e-05,3601,36.12450027,-86.67819977,37.72129822,-122.2210007
labeled_all,255001,45000,BOI-DFW,BOI,DFW,19,5,14,0.2631578947,7.450951173e-05,3602,43.56439972,-116.2229996,32.89680099,-97.03800201
labeled_all,255001,45000,BWI-ABQ,BWI,ABQ,19,1,18,0.05263157895,7.450951173e-05,3603,39.17539978,-76.66829681,35.04019928,-106.6090012
labeled_all,255001,45000,CAE-DFW,CAE,DFW,19,3,16,0.1578947368,7.450951173e-05,3604,33.93880081,-81.11949921,32.89680099,-97.03800201
labeled_all,255001,45000,CAK-EWR,CAK,EWR,19,6,13,0.3157894737,7.450951173e-05,3605,40.91609955,-81.44219971,40.69250107,-74.16870117
labeled_all,255001,45000,CLT-BTV,CLT,BTV,19,3,16,0.1578947368,7.450951173e-05,3606,35.2140007,-80.94309998,44.47190094,-73.15329742
labeled_all,255001,45000,CLT-CID,CLT,CID,19,8,11,0.4210526316,7.450951173e-05,3607,35.2140007,-80.94309998,41.88470078,-91.71080017
labeled_all,255001,45000,CVG-RSW,CVG,RSW,19,1,18,0.05263157895,7.450951173e-05,3608,39.04880142,-84.6678009,26.53619957,-81.75520325
labeled_all,255001,45000,CVG-TPA,CVG,TPA,19,4,15,0.2105263158,7.450951173e-05,3609,39.04880142,-84.6678009,27.97550011,-82.53320312
labeled_all,255001,45000,DAL-DTW,DAL,DTW,19,2,17,0.1052631579,7.450951173e-05,3610,32.8470993,-96.85179901,42.21239853,-83.35340118
labeled_all,255001,45000,DCA-CAE,DCA,CAE,19,5,14,0.2631578947,7.450951173e-05,3611,38.85210037,-77.03769684,33.93880081,-81.11949921
labeled_all,255001,45000,DEN-COU,DEN,COU,19,3,16,0.1578947368,7.450951173e-05,3612,39.86169815,-104.6729965,38.81809998,-92.21959686
labeled_all,255001,45000,DFW-BIS,DFW,BIS,19,3,16,0.1578947368,7.450951173e-05,3613,32.89680099,-97.03800201,46.77270126,-100.7460022
labeled_all,255001,45000,DFW-EVV,DFW,EVV,19,3,16,0.1578947368,7.450951173e-05,3614,32.89680099,-97.03800201,38.03699875,-87.53240204
labeled_all,255001,45000,DFW-FAR,DFW,FAR,19,4,15,0.2105263158,7.450951173e-05,3615,32.89680099,-97.03800201,46.92070007,-96.81580353
labeled_all,255001,45000,DFW-MLU,DFW,MLU,19,4,15,0.2105263158,7.450951173e-05,3616,32.89680099,-97.03800201,32.51089859,-92.03769684
labeled_all,255001,45000,DFW-MOB,DFW,MOB,19,4,15,0.2105263158,7.450951173e-05,3617,32.89680099,-97.03800201,30.69120026,-88.24279785
labeled_all,255001,45000,DFW-SAV,DFW,SAV,19,6,13,0.3157894737,7.450951173e-05,3618,32.89680099,-97.03800201,32.12760162,-81.20210266
labeled_all,255001,45000,DFW-SWO,DFW,SWO,19,3,16,0.1578947368,7.450951173e-05,3619,32.89680099,-97.03800201,36.16120148,-97.08570099
labeled_all,255001,45000,DSM-STL,DSM,STL,19,4,15,0.2105263158,7.450951173e-05,3620,41.5340004,-93.6631012,38.74869919,-90.37000275
labeled_all,255001,45000,EWR-ELM,EWR,ELM,19,7,12,0.3684210526,7.450951173e-05,3621,40.69250107,-74.16870117,42.15990067,-76.89160156
labeled_all,255001,45000,EWR-SAT,EWR,SAT,19,3,16,0.1578947368,7.450951173e-05,3622,40.69250107,-74.16870117,29.53370094,-98.46980286
labeled_all,255001,45000,FAT-DFW,FAT,DFW,19,3,16,0.1578947368,7.450951173e-05,3623,36.77619934,-119.7180023,32.89680099,-97.03800201
labeled_all,255001,45000,FAT-LAS,FAT,LAS,19,5,14,0.2631578947,7.450951173e-05,3624,36.77619934,-119.7180023,36.08010101,-115.1520004
labeled_all,255001,45000,FLL-CVG,FLL,CVG,19,6,13,0.3157894737,7.450951173e-05,3625,26.07259941,-80.15270233,39.04880142,-84.6678009
labeled_all,255001,45000,FLL-ISP,FLL,ISP,19,6,13,0.3157894737,7.450951173e-05,3626,26.07259941,-80.15270233,40.79520035,-73.10019684
labeled_all,255001,45000,FLL-STT,FLL,STT,19,5,14,0.2631578947,7.450951173e-05,3627,26.07259941,-80.15270233,18.33729935,-64.9733963
labeled_all,255001,45000,FSD-DFW,FSD,DFW,19,3,16,0.1578947368,7.450951173e-05,3628,43.58200073,-96.74189758,32.89680099,-97.03800201
labeled_all,255001,45000,GEG-MSP,GEG,MSP,19,0,19,0,7.450951173e-05,3629,47.61989975,-117.5339966,44.88199997,-93.22180176
labeled_all,255001,45000,GEG-SMF,GEG,SMF,19,3,16,0.1578947368,7.450951173e-05,3630,47.61989975,-117.5339966,38.69540024,-121.5910034
labeled_all,255001,45000,GPT-CLT,GPT,CLT,19,3,16,0.1578947368,7.450951173e-05,3631,30.40730095,-89.07009888,35.2140007,-80.94309998
labeled_all,255001,45000,GPT-DFW,GPT,DFW,19,4,15,0.2105263158,7.450951173e-05,3632,30.40730095,-89.07009888,32.89680099,-97.03800201
labeled_all,255001,45000,GRR-PHL,GRR,PHL,19,3,16,0.1578947368,7.450951173e-05,3633,42.88079834,-85.52279663,39.87189865,-75.2410965
labeled_all,255001,45000,GUC-DEN,GUC,DEN,19,1,18,0.05263157895,7.450951173e-05,3634,38.53390121,-106.9329987,39.86169815,-104.6729965
labeled_all,255001,45000,HNL-IAH,HNL,IAH,19,2,17,0.1052631579,7.450951173e-05,3635,21.31870079,-157.9219971,29.9843998,-95.34140015
labeled_all,255001,45000,HOU-IND,HOU,IND,19,5,14,0.2631578947,7.450951173e-05,3636,29.64539909,-95.27890015,39.71730041,-86.29440308
labeled_all,255001,45000,HPN-RSW,HPN,RSW,19,2,17,0.1052631579,7.450951173e-05,3637,41.06700134,-73.70760345,26.53619957,-81.75520325
labeled_all,255001,45000,IAD-PBG,IAD,PBG,19,4,15,0.2105263158,7.450951173e-05,3638,38.94449997,-77.45580292,44.65090179,-73.4681015
labeled_all,255001,45000,IND-SEA,IND,SEA,19,5,14,0.2631578947,7.450951173e-05,3639,39.71730041,-86.29440308,47.44900131,-122.3089981
labeled_all,255001,45000,ISP-FLL,ISP,FLL,19,5,14,0.2631578947,7.450951173e-05,3640,40.79520035,-73.10019684,26.07259941,-80.15270233
labeled_all,255001,45000,JFK-BQN,JFK,BQN,19,4,15,0.2105263158,7.450951173e-05,3641,40.63980103,-73.77890015,18.49489975,-67.12940216
labeled_all,255001,45000,LBB-LAS,LBB,LAS,19,2,17,0.1052631579,7.450951173e-05,3642,33.66360092,-101.822998,36.08010101,-115.1520004
labeled_all,255001,45000,MCO-LBE,MCO,LBE,19,3,16,0.1578947368,7.450951173e-05,3643,28.42939949,-81.30899811,40.27590179,-79.40480042
labeled_all,255001,45000,MDW-SJC,MDW,SJC,19,6,13,0.3157894737,7.450951173e-05,3644,41.7859993,-87.75240326,37.36259842,-121.9290009
labeled_all,255001,45000,MEM-TPA,MEM,TPA,19,4,15,0.2105263158,7.450951173e-05,3645,35.04240036,-89.97669983,27.97550011,-82.53320312
labeled_all,255001,45000,MIA-GSO,MIA,GSO,19,2,17,0.1052631579,7.450951173e-05,3646,25.79319954,-80.29060364,36.09780121,-79.93730164
labeled_all,255001,45000,MSN-CLT,MSN,CLT,19,3,16,0.1578947368,7.450951173e-05,3647,43.13990021,-89.33750153,35.2140007,-80.94309998
labeled_all,255001,45000,MSN-PHL,MSN,PHL,19,2,17,0.1052631579,7.450951173e-05,3648,43.13990021,-89.33750153,39.87189865,-75.2410965
labeled_all,255001,45000,MSP-MSO,MSP,MSO,19,0,19,0,7.450951173e-05,3649,44.88199997,-93.22180176,46.91630173,-114.0910034
labeled_all,255001,45000,MSY-SAN,MSY,SAN,19,3,16,0.1578947368,7.450951173e-05,3650,29.99340057,-90.25800323,32.73360062,-117.1900024
labeled_all,255001,45000,OMA-LAX,OMA,LAX,19,2,17,0.1052631579,7.450951173e-05,3651,41.30319977,-95.89409637,33.94250107,-118.4079971
labeled_all,255001,45000,OMA-PHL,OMA,PHL,19,2,17,0.1052631579,7.450951173e-05,3652,41.30319977,-95.89409637,39.87189865,-75.2410965
labeled_all,255001,45000,OMA-SFO,OMA,SFO,19,4,15,0.2105263158,7.450951173e-05,3653,41.30319977,-95.89409637,37.61899948,-122.375
labeled_all,255001,45000,ONT-DAL,ONT,DAL,19,2,17,0.1052631579,7.450951173e-05,3654,34.05599976,-117.6009979,32.8470993,-96.85179901
labeled_all,255001,45000,ORD-SJU,ORD,SJU,19,1,18,0.05263157895,7.450951173e-05,3655,41.97859955,-87.90480042,18.43939972,-66.00180054
labeled_all,255001,45000,PDX-STS,PDX,STS,19,5,14,0.2631578947,7.450951173e-05,3656,45.58869934,-122.5979996,38.50899887,-122.8130035
labeled_all,255001,45000,PHL-AUS,PHL,AUS,19,1,18,0.05263157895,7.450951173e-05,3657,39.87189865,-75.2410965,30.19449997,-97.66989899
labeled_all,255001,45000,PHX-LIT,PHX,LIT,19,4,15,0.2105263158,7.450951173e-05,3658,33.43429947,-112.012001,34.72940063,-92.22429657
labeled_all,255001,45000,PIE-TYS,PIE,TYS,19,4,15,0.2105263158,7.450951173e-05,3659,27.91020012,-82.68740082,35.81100082,-83.9940033
labeled_all,255001,45000,ROA-PHL,ROA,PHL,19,2,17,0.1052631579,7.450951173e-05,3660,37.32550049,-79.97540283,39.87189865,-75.2410965
labeled_all,255001,45000,RSW-HPN,RSW,HPN,19,3,16,0.1578947368,7.450951173e-05,3661,26.53619957,-81.75520325,41.06700134,-73.70760345
labeled_all,255001,45000,SAT-MCI,SAT,MCI,19,4,15,0.2105263158,7.450951173e-05,3662,29.53370094,-98.46980286,39.29759979,-94.71389771
labeled_all,255001,45000,SAV-DCA,SAV,DCA,19,3,16,0.1578947368,7.450951173e-05,3663,32.12760162,-81.20210266,38.85210037,-77.03769684
labeled_all,255001,45000,SAV-DFW,SAV,DFW,19,7,12,0.3684210526,7.450951173e-05,3664,32.12760162,-81.20210266,32.89680099,-97.03800201
labeled_all,255001,45000,SEA-MSY,SEA,MSY,19,1,18,0.05263157895,7.450951173e-05,3665,47.44900131,-122.3089981,29.99340057,-90.25800323
labeled_all,255001,45000,SEA-TUS,SEA,TUS,19,2,17,0.1052631579,7.450951173e-05,3666,47.44900131,-122.3089981,32.11610031,-110.9410019
labeled_all,255001,45000,SFO-CVG,SFO,CVG,19,3,16,0.1578947368,7.450951173e-05,3667,37.61899948,-122.375,39.04880142,-84.6678009
labeled_all,255001,45000,SFO-DCA,SFO,DCA,19,4,15,0.2105263158,7.450951173e-05,3668,37.61899948,-122.375,38.85210037,-77.03769684
labeled_all,255001,45000,SFO-PIT,SFO,PIT,19,3,16,0.1578947368,7.450951173e-05,3669,37.61899948,-122.375,40.49150085,-80.23290253
labeled_all,255001,45000,SIT-KTN,SIT,KTN,19,2,17,0.1052631579,7.450951173e-05,3670,57.04710007,-135.3619995,55.35559845,-131.7140045
labeled_all,255001,45000,SLC-CDC,SLC,CDC,19,5,14,0.2631578947,7.450951173e-05,3671,40.78839874,-111.9779968,37.70100021,-113.098999
labeled_all,255001,45000,SRQ-ORD,SRQ,ORD,19,2,17,0.1052631579,7.450951173e-05,3672,27.39539909,-82.55439758,41.97859955,-87.90480042
labeled_all,255001,45000,STS-SFO,STS,SFO,19,1,18,0.05263157895,7.450951173e-05,3673,38.50899887,-122.8130035,37.61899948,-122.375
labeled_all,255001,45000,STX-MIA,STX,MIA,19,0,19,0,7.450951173e-05,3674,17.70190048,-64.79859924,25.79319954,-80.29060364
labeled_all,255001,45000,TPA-CVG,TPA,CVG,19,2,17,0.1052631579,7.450951173e-05,3675,27.97550011,-82.53320312,39.04880142,-84.6678009
labeled_all,255001,45000,TUS-SJC,TUS,SJC,19,1,18,0.05263157895,7.450951173e-05,3676,32.11610031,-110.9410019,37.36259842,-121.9290009
labeled_all,255001,45000,TYS-PHL,TYS,PHL,19,3,16,0.1578947368,7.450951173e-05,3677,35.81100082,-83.9940033,39.87189865,-75.2410965
labeled_all,255001,45000,AUS-DCA,AUS,DCA,18,0,18,0,7.058795848e-05,3678,30.19449997,-97.66989899,38.85210037,-77.03769684
labeled_all,255001,45000,BHM-MIA,BHM,MIA,18,2,16,0.1111111111,7.058795848e-05,3679,33.56290054,-86.75350189,25.79319954,-80.29060364
labeled_all,255001,45000,BNA-MIA,BNA,MIA,18,0,18,0,7.058795848e-05,3680,36.12450027,-86.67819977,25.79319954,-80.29060364
labeled_all,255001,45000,BWI-OAK,BWI,OAK,18,8,10,0.4444444444,7.058795848e-05,3681,39.17539978,-76.66829681,37.72129822,-122.2210007
labeled_all,255001,45000,BZN-SFO,BZN,SFO,18,3,15,0.1666666667,7.058795848e-05,3682,45.77750015,-111.1529999,37.61899948,-122.375
labeled_all,255001,45000,CID-ATL,CID,ATL,18,6,12,0.3333333333,7.058795848e-05,3683,41.88470078,-91.71080017,33.63669968,-84.42810059
labeled_all,255001,45000,CLT-EVV,CLT,EVV,18,1,17,0.05555555556,7.058795848e-05,3684,35.2140007,-80.94309998,38.03699875,-87.53240204
labeled_all,255001,45000,CLT-PIA,CLT,PIA,18,2,16,0.1111111111,7.058795848e-05,3685,35.2140007,-80.94309998,40.66419983,-89.69329834
labeled_all,255001,45000,CLT-SBY,CLT,SBY,18,2,16,0.1111111111,7.058795848e-05,3686,35.2140007,-80.94309998,38.34049988,-75.51029968
labeled_all,255001,45000,COS-LAS,COS,LAS,18,2,16,0.1111111111,7.058795848e-05,3687,38.80580139,-104.7009964,36.08010101,-115.1520004
labeled_all,255001,45000,DAL-BUR,DAL,BUR,18,3,15,0.1666666667,7.058795848e-05,3688,32.8470993,-96.85179901,34.20069885,-118.3590012
labeled_all,255001,45000,DCA-CRW,DCA,CRW,18,7,11,0.3888888889,7.058795848e-05,3689,38.85210037,-77.03769684,38.37310028,-81.59320068
labeled_all,255001,45000,DCA-GSO,DCA,GSO,18,8,10,0.4444444444,7.058795848e-05,3690,38.85210037,-77.03769684,36.09780121,-79.93730164
labeled_all,255001,45000,DEN-LAR,DEN,LAR,18,5,13,0.2777777778,7.058795848e-05,3691,39.86169815,-104.6729965,41.31209946,-105.6750031
labeled_all,255001,45000,DFW-FLG,DFW,FLG,18,2,16,0.1111111111,7.058795848e-05,3692,32.89680099,-97.03800201,35.13850021,-111.6709976
labeled_all,255001,45000,DFW-GGG,DFW,GGG,18,2,16,0.1111111111,7.058795848e-05,3693,32.89680099,-97.03800201,32.38399887,-94.71150208
labeled_all,255001,45000,DFW-LEX,DFW,LEX,18,0,18,0,7.058795848e-05,3694,32.89680099,-97.03800201,38.03649902,-84.60590363
labeled_all,255001,45000,DFW-ORF,DFW,ORF,18,3,15,0.1666666667,7.058795848e-05,3695,32.89680099,-97.03800201,36.89459991,-76.20120239
labeled_all,255001,45000,DFW-PIA,DFW,PIA,18,3,15,0.1666666667,7.058795848e-05,3696,32.89680099,-97.03800201,40.66419983,-89.69329834
labeled_all,255001,45000,DFW-TLH,DFW,TLH,18,3,15,0.1666666667,7.058795848e-05,3697,32.89680099,-97.03800201,30.39649963,-84.35030365
labeled_all,255001,45000,DRT-DFW,DRT,DFW,18,2,16,0.1111111111,7.058795848e-05,3698,29.37420082,-100.927002,32.89680099,-97.03800201
labeled_all,255001,45000,DSM-PHX,DSM,PHX,18,5,13,0.2777777778,7.058795848e-05,3699,41.5340004,-93.6631012,33.43429947,-112.012001
labeled_all,255001,45000,DTW-MQT,DTW,MQT,18,4,14,0.2222222222,7.058795848e-05,3700,42.21239853,-83.35340118,46.35359955,-87.395401
labeled_all,255001,45000,DTW-MYR,DTW,MYR,18,2,16,0.1111111111,7.058795848e-05,3701,42.21239853,-83.35340118,33.67969894,-78.92829895
labeled_all,255001,45000,ECP-DFW,ECP,DFW,18,2,16,0.1111111111,7.058795848e-05,3702,30.3417,-85.7973,32.89680099,-97.03800201
labeled_all,255001,45000,EWR-MHT,EWR,MHT,18,4,14,0.2222222222,7.058795848e-05,3703,40.69250107,-74.16870117,42.93259811,-71.43569946
labeled_all,255001,45000,EWR-PQI,EWR,PQI,18,6,12,0.3333333333,7.058795848e-05,3704,40.69250107,-74.16870117,46.68899918,-68.0447998
labeled_all,255001,45000,FLL-CHS,FLL,CHS,18,3,15,0.1666666667,7.058795848e-05,3705,26.07259941,-80.15270233,32.89860153,-80.04049683
labeled_all,255001,45000,GTF-SEA,GTF,SEA,18,6,12,0.3333333333,7.058795848e-05,3706,47.48199844,-111.3710022,47.44900131,-122.3089981
labeled_all,255001,45000,HNL-SJC,HNL,SJC,18,2,16,0.1111111111,7.058795848e-05,3707,21.31870079,-157.9219971,37.36259842,-121.9290009
labeled_all,255001,45000,HOU-OMA,HOU,OMA,18,5,13,0.2777777778,7.058795848e-05,3708,29.64539909,-95.27890015,41.30319977,-95.89409637
labeled_all,255001,45000,IAD-SAT,IAD,SAT,18,4,14,0.2222222222,7.058795848e-05,3709,38.94449997,-77.45580292,29.53370094,-98.46980286
labeled_all,255001,45000,IAD-SHD,IAD,SHD,18,5,13,0.2777777778,7.058795848e-05,3710,38.94449997,-77.45580292,38.26380157,-78.89640045
labeled_all,255001,45000,IAH-GRR,IAH,GRR,18,8,10,0.4444444444,7.058795848e-05,3711,29.9843998,-95.34140015,42.88079834,-85.52279663
labeled_all,255001,45000,IAH-SJC,IAH,SJC,18,1,17,0.05555555556,7.058795848e-05,3712,29.9843998,-95.34140015,37.36259842,-121.9290009
labeled_all,255001,45000,IAH-SJU,IAH,SJU,18,3,15,0.1666666667,7.058795848e-05,3713,29.9843998,-95.34140015,18.43939972,-66.00180054
labeled_all,255001,45000,ICT-STL,ICT,STL,18,3,15,0.1666666667,7.058795848e-05,3714,37.64989853,-97.43309784,38.74869919,-90.37000275
labeled_all,255001,45000,ITH-EWR,ITH,EWR,18,5,13,0.2777777778,7.058795848e-05,3715,42.49100113,-76.45839691,40.69250107,-74.16870117
labeled_all,255001,45000,LAR-DEN,LAR,DEN,18,3,15,0.1666666667,7.058795848e-05,3716,41.31209946,-105.6750031,39.86169815,-104.6729965
labeled_all,255001,45000,LAS-RDU,LAS,RDU,18,6,12,0.3333333333,7.058795848e-05,3717,36.08010101,-115.1520004,35.87760162,-78.78749847
labeled_all,255001,45000,LBB-AUS,LBB,AUS,18,5,13,0.2777777778,7.058795848e-05,3718,33.66360092,-101.822998,30.19449997,-97.66989899
labeled_all,255001,45000,LBE-FLL,LBE,FLL,18,2,16,0.1111111111,7.058795848e-05,3719,40.27590179,-79.40480042,26.07259941,-80.15270233
labeled_all,255001,45000,LBF-DEN,LBF,DEN,18,0,18,0,7.058795848e-05,3720,41.12620163,-100.6839981,39.86169815,-104.6729965
labeled_all,255001,45000,LGA-GSP,LGA,GSP,18,4,14,0.2222222222,7.058795848e-05,3721,40.77719879,-73.87259674,34.89569855,-82.21890259
labeled_all,255001,45000,LGA-PHL,LGA,PHL,18,1,17,0.05555555556,7.058795848e-05,3722,40.77719879,-73.87259674,39.87189865,-75.2410965
labeled_all,255001,45000,LIH-SFO,LIH,SFO,18,3,15,0.1666666667,7.058795848e-05,3723,21.97599983,-159.3390045,37.61899948,-122.375
labeled_all,255001,45000,MCO-ORF,MCO,ORF,18,4,14,0.2222222222,7.058795848e-05,3724,28.42939949,-81.30899811,36.89459991,-76.20120239
labeled_all,255001,45000,MIA-AUS,MIA,AUS,18,3,15,0.1666666667,7.058795848e-05,3725,25.79319954,-80.29060364,30.19449997,-97.66989899
labeled_all,255001,45000,MIA-MEM,MIA,MEM,18,1,17,0.05555555556,7.058795848e-05,3726,25.79319954,-80.29060364,35.04240036,-89.97669983
labeled_all,255001,45000,MIA-STL,MIA,STL,18,2,16,0.1111111111,7.058795848e-05,3727,25.79319954,-80.29060364,38.74869919,-90.37000275
labeled_all,255001,45000,MLI-DFW,MLI,DFW,18,3,15,0.1666666667,7.058795848e-05,3728,41.44850159,-90.50749969,32.89680099,-97.03800201
labeled_all,255001,45000,MSN-LGA,MSN,LGA,18,1,17,0.05555555556,7.058795848e-05,3729,43.13990021,-89.33750153,40.77719879,-73.87259674
labeled_all,255001,45000,MSP-BOI,MSP,BOI,18,7,11,0.3888888889,7.058795848e-05,3730,44.88199997,-93.22180176,43.56439972,-116.2229996
labeled_all,255001,45000,MSP-INL,MSP,INL,18,3,15,0.1666666667,7.058795848e-05,3731,44.88199997,-93.22180176,48.56620026,-93.40309906
labeled_all,255001,45000,MSP-SNA,MSP,SNA,18,5,13,0.2777777778,7.058795848e-05,3732,44.88199997,-93.22180176,33.67570114,-117.8679962
labeled_all,255001,45000,MSY-MSP,MSY,MSP,18,2,16,0.1111111111,7.058795848e-05,3733,29.99340057,-90.25800323,44.88199997,-93.22180176
labeled_all,255001,45000,MYR-EWR,MYR,EWR,18,7,11,0.3888888889,7.058795848e-05,3734,33.67969894,-78.92829895,40.69250107,-74.16870117
labeled_all,255001,45000,ORD-ANC,ORD,ANC,18,1,17,0.05555555556,7.058795848e-05,3735,41.97859955,-87.90480042,61.17440033,-149.9960022
labeled_all,255001,45000,ORD-GEG,ORD,GEG,18,7,11,0.3888888889,7.058795848e-05,3736,41.97859955,-87.90480042,47.61989975,-117.5339966
labeled_all,255001,45000,ORF-MCO,ORF,MCO,18,3,15,0.1666666667,7.058795848e-05,3737,36.89459991,-76.20120239,28.42939949,-81.30899811
labeled_all,255001,45000,PHL-HVN,PHL,HVN,18,3,15,0.1666666667,7.058795848e-05,3738,39.87189865,-75.2410965,41.26369858,-72.88680267
labeled_all,255001,45000,PHL-LEX,PHL,LEX,18,2,16,0.1111111111,7.058795848e-05,3739,39.87189865,-75.2410965,38.03649902,-84.60590363
labeled_all,255001,45000,PIA-CLT,PIA,CLT,18,2,16,0.1111111111,7.058795848e-05,3740,40.66419983,-89.69329834,35.2140007,-80.94309998
labeled_all,255001,45000,PIT-DAL,PIT,DAL,18,4,14,0.2222222222,7.058795848e-05,3741,40.49150085,-80.23290253,32.8470993,-96.85179901
labeled_all,255001,45000,PNS-DCA,PNS,DCA,18,2,16,0.1111111111,7.058795848e-05,3742,30.47340012,-87.18659973,38.85210037,-77.03769684
labeled_all,255001,45000,PSE-JFK,PSE,JFK,18,6,12,0.3333333333,7.058795848e-05,3743,18.00830078,-66.56300354,40.63980103,-73.77890015
labeled_all,255001,45000,RSW-LGA,RSW,LGA,18,3,15,0.1666666667,7.058795848e-05,3744,26.53619957,-81.75520325,40.77719879,-73.87259674
labeled_all,255001,45000,SAN-HOU,SAN,HOU,18,0,18,0,7.058795848e-05,3745,32.73360062,-117.1900024,29.64539909,-95.27890015
labeled_all,255001,45000,SAN-PHL,SAN,PHL,18,2,16,0.1111111111,7.058795848e-05,3746,32.73360062,-117.1900024,39.87189865,-75.2410965
labeled_all,255001,45000,SAV-BOS,SAV,BOS,18,3,15,0.1666666667,7.058795848e-05,3747,32.12760162,-81.20210266,42.36429977,-71.00520325
labeled_all,255001,45000,SBN-DFW,SBN,DFW,18,1,17,0.05555555556,7.058795848e-05,3748,41.70869827,-86.31729889,32.89680099,-97.03800201
labeled_all,255001,45000,SDF-LAS,SDF,LAS,18,3,15,0.1666666667,7.058795848e-05,3749,38.17440033,-85.73600006,36.08010101,-115.1520004
labeled_all,255001,45000,SEA-RDU,SEA,RDU,18,1,17,0.05555555556,7.058795848e-05,3750,47.44900131,-122.3089981,35.87760162,-78.78749847
labeled_all,255001,45000,SEA-SBP,SEA,SBP,18,1,17,0.05555555556,7.058795848e-05,3751,47.44900131,-122.3089981,35.23680115,-120.6419983
labeled_all,255001,45000,SFB-ABE,SFB,ABE,18,1,17,0.05555555556,7.058795848e-05,3752,28.77759933,-81.23750305,40.65209961,-75.44080353
labeled_all,255001,45000,SFO-BFL,SFO,BFL,18,5,13,0.2777777778,7.058795848e-05,3753,37.61899948,-122.375,35.43360138,-119.0569992
labeled_all,255001,45000,SJC-BOI,SJC,BOI,18,1,17,0.05555555556,7.058795848e-05,3754,37.36259842,-121.9290009,43.56439972,-116.2229996
labeled_all,255001,45000,SJC-MSP,SJC,MSP,18,3,15,0.1666666667,7.058795848e-05,3755,37.36259842,-121.9290009,44.88199997,-93.22180176
labeled_all,255001,45000,SJU-BDL,SJU,BDL,18,7,11,0.3888888889,7.058795848e-05,3756,18.43939972,-66.00180054,41.93889999,-72.68319702
labeled_all,255001,45000,SJU-IAH,SJU,IAH,18,3,15,0.1666666667,7.058795848e-05,3757,18.43939972,-66.00180054,29.9843998,-95.34140015
labeled_all,255001,45000,SNA-HOU,SNA,HOU,18,2,16,0.1111111111,7.058795848e-05,3758,33.67570114,-117.8679962,29.64539909,-95.27890015
labeled_all,255001,45000,STL-DSM,STL,DSM,18,3,15,0.1666666667,7.058795848e-05,3759,38.74869919,-90.37000275,41.5340004,-93.6631012
labeled_all,255001,45000,STL-MSY,STL,MSY,18,8,10,0.4444444444,7.058795848e-05,3760,38.74869919,-90.37000275,29.99340057,-90.25800323
labeled_all,255001,45000,SYR-MCO,SYR,MCO,18,5,13,0.2777777778,7.058795848e-05,3761,43.11119843,-76.10630035,28.42939949,-81.30899811
labeled_all,255001,45000,TPA-ACY,TPA,ACY,18,0,18,0,7.058795848e-05,3762,27.97550011,-82.53320312,39.45759964,-74.57720184
labeled_all,255001,45000,YAK-JNU,YAK,JNU,18,1,17,0.05555555556,7.058795848e-05,3763,59.50329971,-139.6600037,58.35499954,-134.576004
labeled_all,255001,45000,ABQ-BWI,ABQ,BWI,17,0,17,0,6.666640523e-05,3764,35.04019928,-106.6090012,39.17539978,-76.66829681
labeled_all,255001,45000,ACY-TPA,ACY,TPA,17,0,17,0,6.666640523e-05,3765,39.45759964,-74.57720184,27.97550011,-82.53320312
labeled_all,255001,45000,ANC-DUT,ANC,DUT,17,7,10,0.4117647059,6.666640523e-05,3766,61.17440033,-149.9960022,53.90010071,-166.5440063
labeled_all,255001,45000,ANC-ORD,ANC,ORD,17,1,16,0.05882352941,6.666640523e-05,3767,61.17440033,-149.9960022,41.97859955,-87.90480042
labeled_all,255001,45000,AUS-TPA,AUS,TPA,17,2,15,0.1176470588,6.666640523e-05,3768,30.19449997,-97.66989899,27.97550011,-82.53320312
labeled_all,255001,45000,AZO-MSP,AZO,MSP,17,3,14,0.1764705882,6.666640523e-05,3769,42.23490143,-85.55210114,44.88199997,-93.22180176
labeled_all,255001,45000,BDL-EWR,BDL,EWR,17,1,16,0.05882352941,6.666640523e-05,3770,41.93889999,-72.68319702,40.69250107,-74.16870117
labeled_all,255001,45000,BIL-SEA,BIL,SEA,17,2,15,0.1176470588,6.666640523e-05,3771,45.80770111,-108.5429993,47.44900131,-122.3089981
labeled_all,255001,45000,BUR-DAL,BUR,DAL,17,2,15,0.1176470588,6.666640523e-05,3772,34.20069885,-118.3590012,32.8470993,-96.85179901
labeled_all,255001,45000,BWI-MEM,BWI,MEM,17,2,15,0.1176470588,6.666640523e-05,3773,39.17539978,-76.66829681,35.04240036,-89.97669983
labeled_all,255001,45000,CAE-PHL,CAE,PHL,17,3,14,0.1764705882,6.666640523e-05,3774,33.93880081,-81.11949921,39.87189865,-75.2410965
labeled_all,255001,45000,CHA-DTW,CHA,DTW,17,3,14,0.1764705882,6.666640523e-05,3775,35.03530121,-85.20379639,42.21239853,-83.35340118
labeled_all,255001,45000,CHO-PHL,CHO,PHL,17,5,12,0.2941176471,6.666640523e-05,3776,38.1385994,-78.45290375,39.87189865,-75.2410965
labeled_all,255001,45000,CHS-DTW,CHS,DTW,17,0,17,0,6.666640523e-05,3777,32.89860153,-80.04049683,42.21239853,-83.35340118
labeled_all,255001,45000,CLT-MGM,CLT,MGM,17,5,12,0.2941176471,6.666640523e-05,3778,35.2140007,-80.94309998,32.30059814,-86.39399719
labeled_all,255001,45000,CLT-SHV,CLT,SHV,17,4,13,0.2352941176,6.666640523e-05,3779,35.2140007,-80.94309998,32.44660187,-93.82559967
labeled_all,255001,45000,DAL-SLC,DAL,SLC,17,4,13,0.2352941176,6.666640523e-05,3780,32.8470993,-96.85179901,40.78839874,-111.9779968
labeled_all,255001,45000,DCA-DSM,DCA,DSM,17,7,10,0.4117647059,6.666640523e-05,3781,38.85210037,-77.03769684,41.5340004,-93.6631012
labeled_all,255001,45000,DCA-PNS,DCA,PNS,17,3,14,0.1764705882,6.666640523e-05,3782,38.85210037,-77.03769684,30.47340012,-87.18659973
labeled_all,255001,45000,DEN-AMA,DEN,AMA,17,5,12,0.2941176471,6.666640523e-05,3783,39.86169815,-104.6729965,35.2193985,-101.7060013
labeled_all,255001,45000,DEN-RSW,DEN,RSW,17,2,15,0.1176470588,6.666640523e-05,3784,39.86169815,-104.6729965,26.53619957,-81.75520325
labeled_all,255001,45000,DEN-SHV,DEN,SHV,17,4,13,0.2352941176,6.666640523e-05,3785,39.86169815,-104.6729965,32.44660187,-93.82559967
labeled_all,255001,45000,DFW-BDL,DFW,BDL,17,6,11,0.3529411765,6.666640523e-05,3786,32.89680099,-97.03800201,41.93889999,-72.68319702
labeled_all,255001,45000,DFW-HNL,DFW,HNL,17,3,14,0.1764705882,6.666640523e-05,3787,32.89680099,-97.03800201,21.31870079,-157.9219971
labeled_all,255001,45000,DFW-SPI,DFW,SPI,17,3,14,0.1764705882,6.666640523e-05,3788,32.89680099,-97.03800201,39.84410095,-89.67790222
labeled_all,255001,45000,DUT-ANC,DUT,ANC,17,3,14,0.1764705882,6.666640523e-05,3789,53.90010071,-166.5440063,61.17440033,-149.9960022
labeled_all,255001,45000,EWN-ATL,EWN,ATL,17,2,15,0.1176470588,6.666640523e-05,3790,35.07300186,-77.04290009,33.63669968,-84.42810059
labeled_all,255001,45000,EWR-SJC,EWR,SJC,17,10,7,0.5882352941,6.666640523e-05,3791,40.69250107,-74.16870117,37.36259842,-121.9290009
labeled_all,255001,45000,FWA-CLT,FWA,CLT,17,2,15,0.1176470588,6.666640523e-05,3792,40.97850037,-85.19509888,35.2140007,-80.94309998
labeled_all,255001,45000,GSP-DCA,GSP,DCA,17,5,12,0.2941176471,6.666640523e-05,3793,34.89569855,-82.21890259,38.85210037,-77.03769684
labeled_all,255001,45000,GSP-DFW,GSP,DFW,17,4,13,0.2352941176,6.666640523e-05,3794,34.89569855,-82.21890259,32.89680099,-97.03800201
labeled_all,255001,45000,HOU-ECP,HOU,ECP,17,6,11,0.3529411765,6.666640523e-05,3795,29.64539909,-95.27890015,30.3417,-85.7973
labeled_all,255001,45000,IAD-AVP,IAD,AVP,17,5,12,0.2941176471,6.666640523e-05,3796,38.94449997,-77.45580292,41.33850098,-75.7233963
labeled_all,255001,45000,IAD-CRW,IAD,CRW,17,1,16,0.05882352941,6.666640523e-05,3797,38.94449997,-77.45580292,38.37310028,-81.59320068
labeled_all,255001,45000,IAH-SAV,IAH,SAV,17,3,14,0.1764705882,6.666640523e-05,3798,29.9843998,-95.34140015,32.12760162,-81.20210266
labeled_all,255001,45000,KOA-LIH,KOA,LIH,17,1,16,0.05882352941,6.666640523e-05,3799,19.73880005,-156.0460052,21.97599983,-159.3390045
labeled_all,255001,45000,LAS-MEM,LAS,MEM,17,2,15,0.1176470588,6.666640523e-05,3800,36.08010101,-115.1520004,35.04240036,-89.97669983
labeled_all,255001,45000,LAS-PAE,LAS,PAE,17,1,16,0.05882352941,6.666640523e-05,3801,36.08010101,-115.1520004,47.90629959,-122.2819977
labeled_all,255001,45000,LBE-MCO,LBE,MCO,17,1,16,0.05882352941,6.666640523e-05,3802,40.27590179,-79.40480042,28.42939949,-81.30899811
labeled_all,255001,45000,LIT-LAS,LIT,LAS,17,2,15,0.1176470588,6.666640523e-05,3803,34.72940063,-92.22429657,36.08010101,-115.1520004
labeled_all,255001,45000,MCO-PSE,MCO,PSE,17,5,12,0.2941176471,6.666640523e-05,3804,28.42939949,-81.30899811,18.00830078,-66.56300354
labeled_all,255001,45000,MDW-SMF,MDW,SMF,17,4,13,0.2352941176,6.666640523e-05,3805,41.7859993,-87.75240326,38.69540024,-121.5910034
labeled_all,255001,45000,MDW-TUS,MDW,TUS,17,4,13,0.2352941176,6.666640523e-05,3806,41.7859993,-87.75240326,32.11610031,-110.9410019
labeled_all,255001,45000,MIA-STX,MIA,STX,17,3,14,0.1764705882,6.666640523e-05,3807,25.79319954,-80.29060364,17.70190048,-64.79859924
labeled_all,255001,45000,MKE-RSW,MKE,RSW,17,2,15,0.1176470588,6.666640523e-05,3808,42.94720078,-87.89659882,26.53619957,-81.75520325
labeled_all,255001,45000,MSP-BRD,MSP,BRD,17,3,14,0.1764705882,6.666640523e-05,3809,44.88199997,-93.22180176,46.39830017,-94.13809967
labeled_all,255001,45000,MSP-MBS,MSP,MBS,17,2,15,0.1176470588,6.666640523e-05,3810,44.88199997,-93.22180176,43.53290176,-84.07959747
labeled_all,255001,45000,MSY-SEA,MSY,SEA,17,4,13,0.2352941176,6.666640523e-05,3811,29.99340057,-90.25800323,47.44900131,-122.3089981
labeled_all,255001,45000,OGG-SAN,OGG,SAN,17,4,13,0.2352941176,6.666640523e-05,3812,20.89859962,-156.4299927,32.73360062,-117.1900024
labeled_all,255001,45000,ORD-SRQ,ORD,SRQ,17,0,17,0,6.666640523e-05,3813,41.97859955,-87.90480042,27.39539909,-82.55439758
labeled_all,255001,45000,PAE-SFO,PAE,SFO,17,4,13,0.2352941176,6.666640523e-05,3814,47.90629959,-122.2819977,37.61899948,-122.375
labeled_all,255001,45000,PBI-BDL,PBI,BDL,17,3,14,0.1764705882,6.666640523e-05,3815,26.68320084,-80.09559631,41.93889999,-72.68319702
labeled_all,255001,45000,PDX-DTW,PDX,DTW,17,1,16,0.05882352941,6.666640523e-05,3816,45.58869934,-122.5979996,42.21239853,-83.35340118
labeled_all,255001,45000,PDX-MCI,PDX,MCI,17,0,17,0,6.666640523e-05,3817,45.58869934,-122.5979996,39.29759979,-94.71389771
labeled_all,255001,45000,PHL-IPT,PHL,IPT,17,3,14,0.1764705882,6.666640523e-05,3818,39.87189865,-75.2410965,41.2417984,-76.9210968
labeled_all,255001,45000,PHL-OKC,PHL,OKC,17,1,16,0.05882352941,6.666640523e-05,3819,39.87189865,-75.2410965,35.39310074,-97.60070038
labeled_all,255001,45000,PHL-ORH,PHL,ORH,17,4,13,0.2352941176,6.666640523e-05,3820,39.87189865,-75.2410965,42.26729965,-71.8757019
labeled_all,255001,45000,PHX-OGG,PHX,OGG,17,4,13,0.2352941176,6.666640523e-05,3821,33.43429947,-112.012001,20.89859962,-156.4299927
labeled_all,255001,45000,PIE-CVG,PIE,CVG,17,4,13,0.2352941176,6.666640523e-05,3822,27.91020012,-82.68740082,39.04880142,-84.6678009
labeled_all,255001,45000,PWM-ATL,PWM,ATL,17,1,16,0.05882352941,6.666640523e-05,3823,43.64619827,-70.30930328,33.63669968,-84.42810059
labeled_all,255001,45000,RDM-LAX,RDM,LAX,17,0,17,0,6.666640523e-05,3824,44.2541008,-121.1500015,33.94250107,-118.4079971
labeled_all,255001,45000,RDU-CMH,RDU,CMH,17,4,13,0.2352941176,6.666640523e-05,3825,35.87760162,-78.78749847,39.9980011,-82.89189911
labeled_all,255001,45000,RDU-DAL,RDU,DAL,17,3,14,0.1764705882,6.666640523e-05,3826,35.87760162,-78.78749847,32.8470993,-96.85179901
labeled_all,255001,45000,RDU-HOU,RDU,HOU,17,1,16,0.05882352941,6.666640523e-05,3827,35.87760162,-78.78749847,29.64539909,-95.27890015
labeled_all,255001,45000,RDU-PIT,RDU,PIT,17,0,17,0,6.666640523e-05,3828,35.87760162,-78.78749847,40.49150085,-80.23290253
labeled_all,255001,45000,SAN-CLT,SAN,CLT,17,3,14,0.1764705882,6.666640523e-05,3829,32.73360062,-117.1900024,35.2140007,-80.94309998
labeled_all,255001,45000,SAT-JFK,SAT,JFK,17,0,17,0,6.666640523e-05,3830,29.53370094,-98.46980286,40.63980103,-73.77890015
labeled_all,255001,45000,SDF-PHL,SDF,PHL,17,4,13,0.2352941176,6.666640523e-05,3831,38.17440033,-85.73600006,39.87189865,-75.2410965
labeled_all,255001,45000,SHD-IAD,SHD,IAD,17,3,14,0.1764705882,6.666640523e-05,3832,38.26380157,-78.89640045,38.94449997,-77.45580292
labeled_all,255001,45000,SJU-IAD,SJU,IAD,17,2,15,0.1176470588,6.666640523e-05,3833,18.43939972,-66.00180054,38.94449997,-77.45580292
labeled_all,255001,45000,SLC-BTM,SLC,BTM,17,0,17,0,6.666640523e-05,3834,40.78839874,-111.9779968,45.95479965,-112.4970016
labeled_all,255001,45000,SMF-MSP,SMF,MSP,17,1,16,0.05882352941,6.666640523e-05,3835,38.69540024,-121.5910034,44.88199997,-93.22180176
labeled_all,255001,45000,SPI-DFW,SPI,DFW,17,2,15,0.1176470588,6.666640523e-05,3836,39.84410095,-89.67790222,32.89680099,-97.03800201
labeled_all,255001,45000,STL-PIT,STL,PIT,17,6,11,0.3529411765,6.666640523e-05,3837,38.74869919,-90.37000275,40.49150085,-80.23290253
labeled_all,255001,45000,TLH-DFW,TLH,DFW,17,4,13,0.2352941176,6.666640523e-05,3838,30.39649963,-84.35030365,32.89680099,-97.03800201
labeled_all,255001,45000,TPA-MCI,TPA,MCI,17,2,15,0.1176470588,6.666640523e-05,3839,27.97550011,-82.53320312,39.29759979,-94.71389771
labeled_all,255001,45000,VEL-DEN,VEL,DEN,17,3,14,0.1764705882,6.666640523e-05,3840,40.4408989,-109.5100021,39.86169815,-104.6729965
labeled_all,255001,45000,ALB-TPA,ALB,TPA,16,2,14,0.125,6.274485198e-05,3841,42.74829864,-73.80169678,27.97550011,-82.53320312
labeled_all,255001,45000,ANC-HNL,ANC,HNL,16,2,14,0.125,6.274485198e-05,3842,61.17440033,-149.9960022,21.31870079,-157.9219971
labeled_all,255001,45000,ATL-ABQ,ATL,ABQ,16,3,13,0.1875,6.274485198e-05,3843,33.63669968,-84.42810059,35.04019928,-106.6090012
labeled_all,255001,45000,ATL-FSM,ATL,FSM,16,2,14,0.125,6.274485198e-05,3844,33.63669968,-84.42810059,35.33660126,-94.36740112
labeled_all,255001,45000,ATL-PWM,ATL,PWM,16,4,12,0.25,6.274485198e-05,3845,33.63669968,-84.42810059,43.64619827,-70.30930328
labeled_all,255001,45000,ATL-RST,ATL,RST,16,2,14,0.125,6.274485198e-05,3846,33.63669968,-84.42810059,43.90829849,-92.5
labeled_all,255001,45000,ATL-STT,ATL,STT,16,3,13,0.1875,6.274485198e-05,3847,33.63669968,-84.42810059,18.33729935,-64.9733963
labeled_all,255001,45000,AUS-RDU,AUS,RDU,16,2,14,0.125,6.274485198e-05,3848,30.19449997,-97.66989899,35.87760162,-78.78749847
labeled_all,255001,45000,AVP-DTW,AVP,DTW,16,0,16,0,6.274485198e-05,3849,41.33850098,-75.7233963,42.21239853,-83.35340118
labeled_all,255001,45000,AVP-IAD,AVP,IAD,16,3,13,0.1875,6.274485198e-05,3850,41.33850098,-75.7233963,38.94449997,-77.45580292
labeled_all,255001,45000,BDL-SJU,BDL,SJU,16,6,10,0.375,6.274485198e-05,3851,41.93889999,-72.68319702,18.43939972,-66.00180054
labeled_all,255001,45000,BHM-LAS,BHM,LAS,16,0,16,0,6.274485198e-05,3852,33.56290054,-86.75350189,36.08010101,-115.1520004
labeled_all,255001,45000,BNA-PIT,BNA,PIT,16,2,14,0.125,6.274485198e-05,3853,36.12450027,-86.67819977,40.49150085,-80.23290253
labeled_all,255001,45000,BUR-DFW,BUR,DFW,16,5,11,0.3125,6.274485198e-05,3854,34.20069885,-118.3590012,32.89680099,-97.03800201
labeled_all,255001,45000,BUR-JFK,BUR,JFK,16,4,12,0.25,6.274485198e-05,3855,34.20069885,-118.3590012,40.63980103,-73.77890015
labeled_all,255001,45000,CLE-RDU,CLE,RDU,16,0,16,0,6.274485198e-05,3856,41.4117012,-81.84980011,35.87760162,-78.78749847
labeled_all,255001,45000,CMH-DAL,CMH,DAL,16,3,13,0.1875,6.274485198e-05,3857,39.9980011,-82.89189911,32.8470993,-96.85179901
labeled_all,255001,45000,CVG-PGD,CVG,PGD,16,2,14,0.125,6.274485198e-05,3858,39.04880142,-84.6678009,26.92020035,-81.9905014
labeled_all,255001,45000,CVG-SFO,CVG,SFO,16,2,14,0.125,6.274485198e-05,3859,39.04880142,-84.6678009,37.61899948,-122.375
labeled_all,255001,45000,CVG-STL,CVG,STL,16,1,15,0.0625,6.274485198e-05,3860,39.04880142,-84.6678009,38.74869919,-90.37000275
labeled_all,255001,45000,CWA-MSP,CWA,MSP,16,1,15,0.0625,6.274485198e-05,3861,44.77759933,-89.66680145,44.88199997,-93.22180176
labeled_all,255001,45000,DAL-OAK,DAL,OAK,16,6,10,0.375,6.274485198e-05,3862,32.8470993,-96.85179901,37.72129822,-122.2210007
labeled_all,255001,45000,DFW-BMI,DFW,BMI,16,4,12,0.25,6.274485198e-05,3863,32.89680099,-97.03800201,40.47710037,-88.91590118
labeled_all,255001,45000,DFW-DRT,DFW,DRT,16,2,14,0.125,6.274485198e-05,3864,32.89680099,-97.03800201,29.37420082,-100.927002
labeled_all,255001,45000,DFW-OGG,DFW,OGG,16,4,12,0.25,6.274485198e-05,3865,32.89680099,-97.03800201,20.89859962,-156.4299927
labeled_all,255001,45000,DFW-PBI,DFW,PBI,16,5,11,0.3125,6.274485198e-05,3866,32.89680099,-97.03800201,26.68320084,-80.09559631
labeled_all,255001,45000,DTW-ESC,DTW,ESC,16,1,15,0.0625,6.274485198e-05,3867,42.21239853,-83.35340118,45.72269821,-87.09369659
labeled_all,255001,45000,DTW-JAX,DTW,JAX,16,5,11,0.3125,6.274485198e-05,3868,42.21239853,-83.35340118,30.49410057,-81.68789673
labeled_all,255001,45000,DTW-MLI,DTW,MLI,16,0,16,0,6.274485198e-05,3869,42.21239853,-83.35340118,41.44850159,-90.50749969
labeled_all,255001,45000,DTW-PDX,DTW,PDX,16,1,15,0.0625,6.274485198e-05,3870,42.21239853,-83.35340118,45.58869934,-122.5979996
labeled_all,255001,45000,ECP-CLT,ECP,CLT,16,2,14,0.125,6.274485198e-05,3871,30.3417,-85.7973,35.2140007,-80.94309998
labeled_all,255001,45000,EWR-SRQ,EWR,SRQ,16,1,15,0.0625,6.274485198e-05,3872,40.69250107,-74.16870117,27.39539909,-82.55439758
labeled_all,255001,45000,FLL-MYR,FLL,MYR,16,2,14,0.125,6.274485198e-05,3873,26.07259941,-80.15270233,33.67969894,-78.92829895
labeled_all,255001,45000,GGG-DFW,GGG,DFW,16,3,13,0.1875,6.274485198e-05,3874,32.38399887,-94.71150208,32.89680099,-97.03800201
labeled_all,255001,45000,GRI-DFW,GRI,DFW,16,1,15,0.0625,6.274485198e-05,3875,40.96749878,-98.30960083,32.89680099,-97.03800201
labeled_all,255001,45000,GRR-BWI,GRR,BWI,16,7,9,0.4375,6.274485198e-05,3876,42.88079834,-85.52279663,39.17539978,-76.66829681
labeled_all,255001,45000,GUM-SPN,GUM,SPN,16,3,13,0.1875,6.274485198e-05,3877,13.48340034,144.7960052,15.11900043,145.7290039
labeled_all,255001,45000,HRL-DFW,HRL,DFW,16,0,16,0,6.274485198e-05,3878,26.22850037,-97.65440369,32.89680099,-97.03800201
labeled_all,255001,45000,ICT-PHX,ICT,PHX,16,1,15,0.0625,6.274485198e-05,3879,37.64989853,-97.43309784,33.43429947,-112.012001
labeled_all,255001,45000,INL-MSP,INL,MSP,16,4,12,0.25,6.274485198e-05,3880,48.56620026,-93.40309906,44.88199997,-93.22180176
labeled_all,255001,45000,JNU-YAK,JNU,YAK,16,3,13,0.1875,6.274485198e-05,3881,58.35499954,-134.576004,59.50329971,-139.6600037
labeled_all,255001,45000,LAS-LBB,LAS,LBB,16,2,14,0.125,6.274485198e-05,3882,36.08010101,-115.1520004,33.66360092,-101.822998
labeled_all,255001,45000,LGA-XNA,LGA,XNA,16,3,13,0.1875,6.274485198e-05,3883,40.77719879,-73.87259674,36.2818985,-94.30680084
labeled_all,255001,45000,LGB-PDX,LGB,PDX,16,2,14,0.125,6.274485198e-05,3884,33.81769943,-118.1520004,45.58869934,-122.5979996
labeled_all,255001,45000,LIH-KOA,LIH,KOA,16,2,14,0.125,6.274485198e-05,3885,21.97599983,-159.3390045,19.73880005,-156.0460052
labeled_all,255001,45000,LIH-OAK,LIH,OAK,16,1,15,0.0625,6.274485198e-05,3886,21.97599983,-159.3390045,37.72129822,-122.2210007
labeled_all,255001,45000,MCI-RDU,MCI,RDU,16,3,13,0.1875,6.274485198e-05,3887,39.29759979,-94.71389771,35.87760162,-78.78749847
labeled_all,255001,45000,MCO-ORH,MCO,ORH,16,3,13,0.1875,6.274485198e-05,3888,28.42939949,-81.30899811,42.26729965,-71.8757019
labeled_all,255001,45000,MDW-JAX,MDW,JAX,16,5,11,0.3125,6.274485198e-05,3889,41.7859993,-87.75240326,30.49410057,-81.68789673
labeled_all,255001,45000,MEM-MIA,MEM,MIA,16,0,16,0,6.274485198e-05,3890,35.04240036,-89.97669983,25.79319954,-80.29060364
labeled_all,255001,45000,MIA-BHM,MIA,BHM,16,3,13,0.1875,6.274485198e-05,3891,25.79319954,-80.29060364,33.56290054,-86.75350189
labeled_all,255001,45000,MIA-GNV,MIA,GNV,16,5,11,0.3125,6.274485198e-05,3892,25.79319954,-80.29060364,29.69009972,-82.27179718
labeled_all,255001,45000,MIA-IAD,MIA,IAD,16,0,16,0,6.274485198e-05,3893,25.79319954,-80.29060364,38.94449997,-77.45580292
labeled_all,255001,45000,MKG-ORD,MKG,ORD,16,4,12,0.25,6.274485198e-05,3894,43.16949844,-86.23819733,41.97859955,-87.90480042
labeled_all,255001,45000,MSP-FLL,MSP,FLL,16,3,13,0.1875,6.274485198e-05,3895,44.88199997,-93.22180176,26.07259941,-80.15270233
labeled_all,255001,45000,MSP-ISN,MSP,ISN,16,2,14,0.125,6.274485198e-05,3896,44.88199997,-93.22180176,48.17789841,-103.6419983
labeled_all,255001,45000,MSP-MSY,MSP,MSY,16,1,15,0.0625,6.274485198e-05,3897,44.88199997,-93.22180176,29.99340057,-90.25800323
labeled_all,255001,45000,MYR-LBE,MYR,LBE,16,3,13,0.1875,6.274485198e-05,3898,33.67969894,-78.92829895,40.27590179,-79.40480042
labeled_all,255001,45000,OAK-ATL,OAK,ATL,16,3,13,0.1875,6.274485198e-05,3899,37.72129822,-122.2210007,33.63669968,-84.42810059
labeled_all,255001,45000,OAK-AUS,OAK,AUS,16,4,12,0.25,6.274485198e-05,3900,37.72129822,-122.2210007,30.19449997,-97.66989899
labeled_all,255001,45000,ONT-MDW,ONT,MDW,16,3,13,0.1875,6.274485198e-05,3901,34.05599976,-117.6009979,41.7859993,-87.75240326
labeled_all,255001,45000,ORD-ALO,ORD,ALO,16,4,12,0.25,6.274485198e-05,3902,41.97859955,-87.90480042,42.55709839,-92.40029907
labeled_all,255001,45000,ORD-JAC,ORD,JAC,16,6,10,0.375,6.274485198e-05,3903,41.97859955,-87.90480042,43.6072998,-110.737999
labeled_all,255001,45000,ORF-DFW,ORF,DFW,16,5,11,0.3125,6.274485198e-05,3904,36.89459991,-76.20120239,32.89680099,-97.03800201
labeled_all,255001,45000,ORH-MCO,ORH,MCO,16,6,10,0.375,6.274485198e-05,3905,42.26729965,-71.8757019,28.42939949,-81.30899811
labeled_all,255001,45000,PAE-LAX,PAE,LAX,16,3,13,0.1875,6.274485198e-05,3906,47.90629959,-122.2819977,33.94250107,-118.4079971
labeled_all,255001,45000,PDX-BOS,PDX,BOS,16,2,14,0.125,6.274485198e-05,3907,45.58869934,-122.5979996,42.36429977,-71.00520325
labeled_all,255001,45000,PDX-PAE,PDX,PAE,16,0,16,0,6.274485198e-05,3908,45.58869934,-122.5979996,47.90629959,-122.2819977
labeled_all,255001,45000,PHL-CAK,PHL,CAK,16,5,11,0.3125,6.274485198e-05,3909,39.87189865,-75.2410965,40.91609955,-81.44219971
labeled_all,255001,45000,PHL-CHO,PHL,CHO,16,0,16,0,6.274485198e-05,3910,39.87189865,-75.2410965,38.1385994,-78.45290375
labeled_all,255001,45000,PHL-JFK,PHL,JFK,16,3,13,0.1875,6.274485198e-05,3911,39.87189865,-75.2410965,40.63980103,-73.77890015
labeled_all,255001,45000,PHL-PNS,PHL,PNS,16,3,13,0.1875,6.274485198e-05,3912,39.87189865,-75.2410965,30.47340012,-87.18659973
labeled_all,255001,45000,PHX-ICT,PHX,ICT,16,2,14,0.125,6.274485198e-05,3913,33.43429947,-112.012001,37.64989853,-97.43309784
labeled_all,255001,45000,PIB-MEI,PIB,MEI,16,3,13,0.1875,6.274485198e-05,3914,31.46710014,-89.33709717,32.33259964,-88.75189972
labeled_all,255001,45000,PIT-MYR,PIT,MYR,16,3,13,0.1875,6.274485198e-05,3915,40.49150085,-80.23290253,33.67969894,-78.92829895
labeled_all,255001,45000,PSC-MSP,PSC,MSP,16,1,15,0.0625,6.274485198e-05,3916,46.26470184,-119.1190033,44.88199997,-93.22180176
labeled_all,255001,45000,RDU-CLE,RDU,CLE,16,4,12,0.25,6.274485198e-05,3917,35.87760162,-78.78749847,41.4117012,-81.84980011
labeled_all,255001,45000,SEA-FLL,SEA,FLL,16,3,13,0.1875,6.274485198e-05,3918,47.44900131,-122.3089981,26.07259941,-80.15270233
labeled_all,255001,45000,SFO-OKC,SFO,OKC,16,3,13,0.1875,6.274485198e-05,3919,37.61899948,-122.375,35.39310074,-97.60070038
labeled_all,255001,45000,SHV-DEN,SHV,DEN,16,2,14,0.125,6.274485198e-05,3920,32.44660187,-93.82559967,39.86169815,-104.6729965
labeled_all,255001,45000,SIT-JNU,SIT,JNU,16,0,16,0,6.274485198e-05,3921,57.04710007,-135.3619995,58.35499954,-134.576004
labeled_all,255001,45000,SLC-LWS,SLC,LWS,16,1,15,0.0625,6.274485198e-05,3922,40.78839874,-111.9779968,46.37450027,-117.0149994
labeled_all,255001,45000,SLN-ORD,SLN,ORD,16,5,11,0.3125,6.274485198e-05,3923,38.79100037,-97.65219879,41.97859955,-87.90480042
labeled_all,255001,45000,SMF-MDW,SMF,MDW,16,5,11,0.3125,6.274485198e-05,3924,38.69540024,-121.5910034,41.7859993,-87.75240326
labeled_all,255001,45000,SNA-DAL,SNA,DAL,16,3,13,0.1875,6.274485198e-05,3925,33.67570114,-117.8679962,32.8470993,-96.85179901
labeled_all,255001,45000,SWF-FLL,SWF,FLL,16,6,10,0.375,6.274485198e-05,3926,41.5041008,-74.10479736,26.07259941,-80.15270233
labeled_all,255001,45000,TPA-MKE,TPA,MKE,16,1,15,0.0625,6.274485198e-05,3927,27.97550011,-82.53320312,42.94720078,-87.89659882
labeled_all,255001,45000,TUL-CLT,TUL,CLT,16,1,15,0.0625,6.274485198e-05,3928,36.19839859,-95.88809967,35.2140007,-80.94309998
labeled_all,255001,45000,TUL-SLC,TUL,SLC,16,1,15,0.0625,6.274485198e-05,3929,36.19839859,-95.88809967,40.78839874,-111.9779968
labeled_all,255001,45000,TYS-LGA,TYS,LGA,16,4,12,0.25,6.274485198e-05,3930,35.81100082,-83.9940033,40.77719879,-73.87259674
labeled_all,255001,45000,ABQ-AUS,ABQ,AUS,15,3,12,0.2,5.882329873e-05,3931,35.04019928,-106.6090012,30.19449997,-97.66989899
labeled_all,255001,45000,AMA-LAS,AMA,LAS,15,1,14,0.06666666667,5.882329873e-05,3932,35.2193985,-101.7060013,36.08010101,-115.1520004
labeled_all,255001,45000,ANC-MSP,ANC,MSP,15,1,14,0.06666666667,5.882329873e-05,3933,61.17440033,-149.9960022,44.88199997,-93.22180176
labeled_all,255001,45000,ATL-EWN,ATL,EWN,15,1,14,0.06666666667,5.882329873e-05,3934,33.63669968,-84.42810059,35.07300186,-77.04290009
labeled_all,255001,45000,AUS-OAK,AUS,OAK,15,3,12,0.2,5.882329873e-05,3935,30.19449997,-97.66989899,37.72129822,-122.2210007
labeled_all,255001,45000,BIL-PDX,BIL,PDX,15,2,13,0.1333333333,5.882329873e-05,3936,45.80770111,-108.5429993,45.58869934,-122.5979996
labeled_all,255001,45000,BTM-SLC,BTM,SLC,15,0,15,0,5.882329873e-05,3937,45.95479965,-112.4970016,40.78839874,-111.9779968
labeled_all,255001,45000,BWI-OKC,BWI,OKC,15,1,14,0.06666666667,5.882329873e-05,3938,39.17539978,-76.66829681,35.39310074,-97.60070038
labeled_all,255001,45000,BZN-PDX,BZN,PDX,15,1,14,0.06666666667,5.882329873e-05,3939,45.77750015,-111.1529999,45.58869934,-122.5979996
labeled_all,255001,45000,CAK-DTW,CAK,DTW,15,2,13,0.1333333333,5.882329873e-05,3940,40.91609955,-81.44219971,42.21239853,-83.35340118
labeled_all,255001,45000,CAK-PHL,CAK,PHL,15,6,9,0.4,5.882329873e-05,3941,40.91609955,-81.44219971,39.87189865,-75.2410965
labeled_all,255001,45000,CKB-IAD,CKB,IAD,15,1,14,0.06666666667,5.882329873e-05,3942,39.29660034,-80.22810364,38.94449997,-77.45580292
labeled_all,255001,45000,CLT-EYW,CLT,EYW,15,3,12,0.2,5.882329873e-05,3943,35.2140007,-80.94309998,24.55610085,-81.75959778
labeled_all,255001,45000,CLT-SLC,CLT,SLC,15,1,14,0.06666666667,5.882329873e-05,3944,35.2140007,-80.94309998,40.78839874,-111.9779968
labeled_all,255001,45000,DAL-BOS,DAL,BOS,15,1,14,0.06666666667,5.882329873e-05,3945,32.8470993,-96.85179901,42.36429977,-71.00520325
labeled_all,255001,45000,DEN-CHS,DEN,CHS,15,1,14,0.06666666667,5.882329873e-05,3946,39.86169815,-104.6729965,32.89860153,-80.04049683
labeled_all,255001,45000,DEN-HSV,DEN,HSV,15,3,12,0.2,5.882329873e-05,3947,39.86169815,-104.6729965,34.6371994,-86.77510071
labeled_all,255001,45000,DEN-KOA,DEN,KOA,15,3,12,0.2,5.882329873e-05,3948,39.86169815,-104.6729965,19.73880005,-156.0460052
labeled_all,255001,45000,DFW-PIB,DFW,PIB,15,0,15,0,5.882329873e-05,3949,32.89680099,-97.03800201,31.46710014,-89.33709717
labeled_all,255001,45000,DFW-RAP,DFW,RAP,15,2,13,0.1333333333,5.882329873e-05,3950,32.89680099,-97.03800201,44.04529953,-103.0569992
labeled_all,255001,45000,DFW-SUX,DFW,SUX,15,1,14,0.06666666667,5.882329873e-05,3951,32.89680099,-97.03800201,42.40259933,-96.38439941
labeled_all,255001,45000,DTW-ERI,DTW,ERI,15,0,15,0,5.882329873e-05,3952,42.21239853,-83.35340118,42.08312701,-80.17386675
labeled_all,255001,45000,DTW-OKC,DTW,OKC,15,1,14,0.06666666667,5.882329873e-05,3953,42.21239853,-83.35340118,35.39310074,-97.60070038
labeled_all,255001,45000,EWR-AVL,EWR,AVL,15,3,12,0.2,5.882329873e-05,3954,40.69250107,-74.16870117,35.43619919,-82.54180145
labeled_all,255001,45000,EWR-EYW,EWR,EYW,15,5,10,0.3333333333,5.882329873e-05,3955,40.69250107,-74.16870117,24.55610085,-81.75959778
labeled_all,255001,45000,FAT-PDX,FAT,PDX,15,1,14,0.06666666667,5.882329873e-05,3956,36.77619934,-119.7180023,45.58869934,-122.5979996
labeled_all,255001,45000,GTF-SLC,GTF,SLC,15,1,14,0.06666666667,5.882329873e-05,3957,47.48199844,-111.3710022,40.78839874,-111.9779968
labeled_all,255001,45000,HNL-ORD,HNL,ORD,15,2,13,0.1333333333,5.882329873e-05,3958,21.31870079,-157.9219971,41.97859955,-87.90480042
labeled_all,255001,45000,HOU-CHS,HOU,CHS,15,4,11,0.2666666667,5.882329873e-05,3959,29.64539909,-95.27890015,32.89860153,-80.04049683
labeled_all,255001,45000,IAD-MHT,IAD,MHT,15,2,13,0.1333333333,5.882329873e-05,3960,38.94449997,-77.45580292,42.93259811,-71.43569946
labeled_all,255001,45000,IND-PGD,IND,PGD,15,5,10,0.3333333333,5.882329873e-05,3961,39.71730041,-86.29440308,26.92020035,-81.9905014
labeled_all,255001,45000,IND-PIE,IND,PIE,15,2,13,0.1333333333,5.882329873e-05,3962,39.71730041,-86.29440308,27.91020012,-82.68740082
labeled_all,255001,45000,JFK-ACK,JFK,ACK,15,7,8,0.4666666667,5.882329873e-05,3963,40.63980103,-73.77890015,41.25310135,-70.06020355
labeled_all,255001,45000,JFK-SAT,JFK,SAT,15,4,11,0.2666666667,5.882329873e-05,3964,40.63980103,-73.77890015,29.53370094,-98.46980286
labeled_all,255001,45000,JLN-DFW,JLN,DFW,15,4,11,0.2666666667,5.882329873e-05,3965,37.15179825,-94.49829865,32.89680099,-97.03800201
labeled_all,255001,45000,LAS-MAF,LAS,MAF,15,3,12,0.2,5.882329873e-05,3966,36.08010101,-115.1520004,31.94249916,-102.2020035
labeled_all,255001,45000,LAX-PRC,LAX,PRC,15,3,12,0.2,5.882329873e-05,3967,33.94250107,-118.4079971,34.65449905,-112.4199982
labeled_all,255001,45000,LGB-AUS,LGB,AUS,15,0,15,0,5.882329873e-05,3968,33.81769943,-118.1520004,30.19449997,-97.66989899
labeled_all,255001,45000,MCI-AUS,MCI,AUS,15,2,13,0.1333333333,5.882329873e-05,3969,39.29759979,-94.71389771,30.19449997,-97.66989899
labeled_all,255001,45000,MFR-SLC,MFR,SLC,15,3,12,0.2,5.882329873e-05,3970,42.37419891,-122.8730011,40.78839874,-111.9779968
labeled_all,255001,45000,MRY-DEN,MRY,DEN,15,2,13,0.1333333333,5.882329873e-05,3971,36.5870018,-121.8430023,39.86169815,-104.6729965
labeled_all,255001,45000,OAK-JFK,OAK,JFK,15,5,10,0.3333333333,5.882329873e-05,3972,37.72129822,-122.2210007,40.63980103,-73.77890015
labeled_all,255001,45000,OGG-PHX,OGG,PHX,15,0,15,0,5.882329873e-05,3973,20.89859962,-156.4299927,33.43429947,-112.012001
labeled_all,255001,45000,OKC-SEA,OKC,SEA,15,8,7,0.5333333333,5.882329873e-05,3974,35.39310074,-97.60070038,47.44900131,-122.3089981
labeled_all,255001,45000,OKC-SLC,OKC,SLC,15,2,13,0.1333333333,5.882329873e-05,3975,35.39310074,-97.60070038,40.78839874,-111.9779968
labeled_all,255001,45000,OMA-SEA,OMA,SEA,15,1,14,0.06666666667,5.882329873e-05,3976,41.30319977,-95.89409637,47.44900131,-122.3089981
labeled_all,255001,45000,ORD-MQT,ORD,MQT,15,1,14,0.06666666667,5.882329873e-05,3977,41.97859955,-87.90480042,46.35359955,-87.395401
labeled_all,255001,45000,ORD-MYR,ORD,MYR,15,0,15,0,5.882329873e-05,3978,41.97859955,-87.90480042,33.67969894,-78.92829895
labeled_all,255001,45000,ORF-MDW,ORF,MDW,15,3,12,0.2,5.882329873e-05,3979,36.89459991,-76.20120239,41.7859993,-87.75240326
labeled_all,255001,45000,ORH-PHL,ORH,PHL,15,4,11,0.2666666667,5.882329873e-05,3980,42.26729965,-71.8757019,39.87189865,-75.2410965
labeled_all,255001,45000,PAE-SJC,PAE,SJC,15,2,13,0.1333333333,5.882329873e-05,3981,47.90629959,-122.2819977,37.36259842,-121.9290009
labeled_all,255001,45000,PBG-FLL,PBG,FLL,15,7,8,0.4666666667,5.882329873e-05,3982,44.65090179,-73.4681015,26.07259941,-80.15270233
labeled_all,255001,45000,PDX-TUS,PDX,TUS,15,2,13,0.1333333333,5.882329873e-05,3983,45.58869934,-122.5979996,32.11610031,-110.9410019
labeled_all,255001,45000,PHL-DSM,PHL,DSM,15,3,12,0.2,5.882329873e-05,3984,39.87189865,-75.2410965,41.5340004,-93.6631012
labeled_all,255001,45000,PHL-GRR,PHL,GRR,15,1,14,0.06666666667,5.882329873e-05,3985,39.87189865,-75.2410965,42.88079834,-85.52279663
labeled_all,255001,45000,PHX-ROW,PHX,ROW,15,0,15,0,5.882329873e-05,3986,33.43429947,-112.012001,33.30160141,-104.5309982
labeled_all,255001,45000,PIE-USA,PIE,USA,15,2,13,0.1333333333,5.882329873e-05,3987,27.91020012,-82.68740082,35.38779831,-80.70909882
labeled_all,255001,45000,PIT-HOU,PIT,HOU,15,5,10,0.3333333333,5.882329873e-05,3988,40.49150085,-80.23290253,29.64539909,-95.27890015
labeled_all,255001,45000,PIT-RDU,PIT,RDU,15,2,13,0.1333333333,5.882329873e-05,3989,40.49150085,-80.23290253,35.87760162,-78.78749847
labeled_all,255001,45000,PSP-LAX,PSP,LAX,15,1,14,0.06666666667,5.882329873e-05,3990,33.82970047,-116.5070038,33.94250107,-118.4079971
labeled_all,255001,45000,RIC-MIA,RIC,MIA,15,2,13,0.1333333333,5.882329873e-05,3991,37.50519943,-77.31970215,25.79319954,-80.29060364
labeled_all,255001,45000,SAT-TPA,SAT,TPA,15,4,11,0.2666666667,5.882329873e-05,3992,29.53370094,-98.46980286,27.97550011,-82.53320312
labeled_all,255001,45000,SAV-MIA,SAV,MIA,15,1,14,0.06666666667,5.882329873e-05,3993,32.12760162,-81.20210266,25.79319954,-80.29060364
labeled_all,255001,45000,SBA-PDX,SBA,PDX,15,2,13,0.1333333333,5.882329873e-05,3994,34.42620087,-119.8399963,45.58869934,-122.5979996
labeled_all,255001,45000,SBN-EWR,SBN,EWR,15,5,10,0.3333333333,5.882329873e-05,3995,41.70869827,-86.31729889,40.69250107,-74.16870117
labeled_all,255001,45000,SEA-OKC,SEA,OKC,15,5,10,0.3333333333,5.882329873e-05,3996,47.44900131,-122.3089981,35.39310074,-97.60070038
labeled_all,255001,45000,SEA-TPA,SEA,TPA,15,6,9,0.4,5.882329873e-05,3997,47.44900131,-122.3089981,27.97550011,-82.53320312
labeled_all,255001,45000,SFO-ASE,SFO,ASE,15,5,10,0.3333333333,5.882329873e-05,3998,37.61899948,-122.375,39.22320175,-106.8690033
labeled_all,255001,45000,SGU-LAX,SGU,LAX,15,1,14,0.06666666667,5.882329873e-05,3999,37.03638889,-113.5103056,33.94250107,-118.4079971
labeled_all,255001,45000,SGU-PHX,SGU,PHX,15,2,13,0.1333333333,5.882329873e-05,4000,37.03638889,-113.5103056,33.43429947,-112.012001
labeled_all,255001,45000,SLC-BZN,SLC,BZN,15,2,13,0.1333333333,5.882329873e-05,4001,40.78839874,-111.9779968,45.77750015,-111.1529999
labeled_all,255001,45000,SLC-RDM,SLC,RDM,15,4,11,0.2666666667,5.882329873e-05,4002,40.78839874,-111.9779968,44.2541008,-121.1500015
labeled_all,255001,45000,SMF-GEG,SMF,GEG,15,2,13,0.1333333333,5.882329873e-05,4003,38.69540024,-121.5910034,47.61989975,-117.5339966
labeled_all,255001,45000,STL-CVG,STL,CVG,15,2,13,0.1333333333,5.882329873e-05,4004,38.74869919,-90.37000275,39.04880142,-84.6678009
labeled_all,255001,45000,STT-MIA,STT,MIA,15,2,13,0.1333333333,5.882329873e-05,4005,18.33729935,-64.9733963,25.79319954,-80.29060364
labeled_all,255001,45000,TPA-MEM,TPA,MEM,15,4,11,0.2666666667,5.882329873e-05,4006,27.97550011,-82.53320312,35.04240036,-89.97669983
labeled_all,255001,45000,TTN-MCO,TTN,MCO,15,7,8,0.4666666667,5.882329873e-05,4007,40.27669907,-74.81349945,28.42939949,-81.30899811
labeled_all,255001,45000,USA-FLL,USA,FLL,15,5,10,0.3333333333,5.882329873e-05,4008,35.38779831,-80.70909882,26.07259941,-80.15270233
labeled_all,255001,45000,ABE-SFB,ABE,SFB,14,1,13,0.07142857143,5.490174548e-05,4009,40.65209961,-75.44080353,28.77759933,-81.23750305
labeled_all,255001,45000,ACY-MYR,ACY,MYR,14,0,14,0,5.490174548e-05,4010,39.45759964,-74.57720184,33.67969894,-78.92829895
labeled_all,255001,45000,ATL-TUS,ATL,TUS,14,3,11,0.2142857143,5.490174548e-05,4011,33.63669968,-84.42810059,32.11610031,-110.9410019
labeled_all,255001,45000,AZA-CID,AZA,CID,14,3,11,0.2142857143,5.490174548e-05,4012,33.30780029,-111.6549988,41.88470078,-91.71080017
labeled_all,255001,45000,BDL-DFW,BDL,DFW,14,2,12,0.1428571429,5.490174548e-05,4013,41.93889999,-72.68319702,32.89680099,-97.03800201
labeled_all,255001,45000,BHM-LGA,BHM,LGA,14,6,8,0.4285714286,5.490174548e-05,4014,33.56290054,-86.75350189,40.77719879,-73.87259674
labeled_all,255001,45000,BRD-MSP,BRD,MSP,14,4,10,0.2857142857,5.490174548e-05,4015,46.39830017,-94.13809967,44.88199997,-93.22180176
labeled_all,255001,45000,BWI-SJC,BWI,SJC,14,1,13,0.07142857143,5.490174548e-05,4016,39.17539978,-76.66829681,37.36259842,-121.9290009
labeled_all,255001,45000,BZN-LAX,BZN,LAX,14,5,9,0.3571428571,5.490174548e-05,4017,45.77750015,-111.1529999,33.94250107,-118.4079971
labeled_all,255001,45000,CGI-ORD,CGI,ORD,14,2,12,0.1428571429,5.490174548e-05,4018,37.22529984,-89.57080078,41.97859955,-87.90480042
labeled_all,255001,45000,CHA-LGA,CHA,LGA,14,1,13,0.07142857143,5.490174548e-05,4019,35.03530121,-85.20379639,40.77719879,-73.87259674
labeled_all,255001,45000,CHS-FLL,CHS,FLL,14,2,12,0.1428571429,5.490174548e-05,4020,32.89860153,-80.04049683,26.07259941,-80.15270233
labeled_all,255001,45000,CKB-ORD,CKB,ORD,14,2,12,0.1428571429,5.490174548e-05,4021,39.29660034,-80.22810364,41.97859955,-87.90480042
labeled_all,255001,45000,CLT-PDX,CLT,PDX,14,6,8,0.4285714286,5.490174548e-05,4022,35.2140007,-80.94309998,45.58869934,-122.5979996
labeled_all,255001,45000,CMI-DFW,CMI,DFW,14,3,11,0.2142857143,5.490174548e-05,4023,40.03919983,-88.27809906,32.89680099,-97.03800201
labeled_all,255001,45000,CNY-DEN,CNY,DEN,14,2,12,0.1428571429,5.490174548e-05,4024,38.75500107,-109.7549973,39.86169815,-104.6729965
labeled_all,255001,45000,COS-PHX,COS,PHX,14,2,12,0.1428571429,5.490174548e-05,4025,38.80580139,-104.7009964,33.43429947,-112.012001
labeled_all,255001,45000,CPR-SLC,CPR,SLC,14,0,14,0,5.490174548e-05,4026,42.90800095,-106.4639969,40.78839874,-111.9779968
labeled_all,255001,45000,CVG-MCI,CVG,MCI,14,1,13,0.07142857143,5.490174548e-05,4027,39.04880142,-84.6678009,39.29759979,-94.71389771
labeled_all,255001,45000,CVG-PHX,CVG,PHX,14,1,13,0.07142857143,5.490174548e-05,4028,39.04880142,-84.6678009,33.43429947,-112.012001
labeled_all,255001,45000,CVG-VPS,CVG,VPS,14,2,12,0.1428571429,5.490174548e-05,4029,39.04880142,-84.6678009,30.48320007,-86.52539825
labeled_all,255001,45000,DAL-CLT,DAL,CLT,14,2,12,0.1428571429,5.490174548e-05,4030,32.8470993,-96.85179901,35.2140007,-80.94309998
labeled_all,255001,45000,DAL-IND,DAL,IND,14,5,9,0.3571428571,5.490174548e-05,4031,32.8470993,-96.85179901,39.71730041,-86.29440308
labeled_all,255001,45000,DAL-ONT,DAL,ONT,14,3,11,0.2142857143,5.490174548e-05,4032,32.8470993,-96.85179901,34.05599976,-117.6009979
labeled_all,255001,45000,DAL-PIT,DAL,PIT,14,3,11,0.2142857143,5.490174548e-05,4033,32.8470993,-96.85179901,40.49150085,-80.23290253
labeled_all,255001,45000,DCA-SAV,DCA,SAV,14,7,7,0.5,5.490174548e-05,4034,38.85210037,-77.03769684,32.12760162,-81.20210266
labeled_all,255001,45000,DEN-CNY,DEN,CNY,14,1,13,0.07142857143,5.490174548e-05,4035,39.86169815,-104.6729965,38.75500107,-109.7549973
labeled_all,255001,45000,DEN-EAR,DEN,EAR,14,1,13,0.07142857143,5.490174548e-05,4036,39.86169815,-104.6729965,40.72700119,-99.00679779
labeled_all,255001,45000,DEN-HNL,DEN,HNL,14,1,13,0.07142857143,5.490174548e-05,4037,39.86169815,-104.6729965,21.31870079,-157.9219971
labeled_all,255001,45000,DEN-OGG,DEN,OGG,14,2,12,0.1428571429,5.490174548e-05,4038,39.86169815,-104.6729965,20.89859962,-156.4299927
labeled_all,255001,45000,DFW-CMI,DFW,CMI,14,2,12,0.1428571429,5.490174548e-05,4039,32.89680099,-97.03800201,40.03919983,-88.27809906
labeled_all,255001,45000,DFW-EGE,DFW,EGE,14,4,10,0.2857142857,5.490174548e-05,4040,32.89680099,-97.03800201,39.64260101,-106.9179993
labeled_all,255001,45000,DFW-PSP,DFW,PSP,14,3,11,0.2142857143,5.490174548e-05,4041,32.89680099,-97.03800201,33.82970047,-116.5070038
labeled_all,255001,45000,DFW-SJU,DFW,SJU,14,3,11,0.2142857143,5.490174548e-05,4042,32.89680099,-97.03800201,18.43939972,-66.00180054
labeled_all,255001,45000,DRO-PHX,DRO,PHX,14,2,12,0.1428571429,5.490174548e-05,4043,37.1515007,-107.7539978,33.43429947,-112.012001
labeled_all,255001,45000,DTW-CHA,DTW,CHA,14,1,13,0.07142857143,5.490174548e-05,4044,42.21239853,-83.35340118,35.03530121,-85.20379639
labeled_all,255001,45000,DTW-PBI,DTW,PBI,14,4,10,0.2857142857,5.490174548e-05,4045,42.21239853,-83.35340118,26.68320084,-80.09559631
labeled_all,255001,45000,ELP-SAN,ELP,SAN,14,2,12,0.1428571429,5.490174548e-05,4046,31.80719948,-106.3779984,32.73360062,-117.1900024
labeled_all,255001,45000,ESC-DTW,ESC,DTW,14,4,10,0.2857142857,5.490174548e-05,4047,45.72269821,-87.09369659,42.21239853,-83.35340118
labeled_all,255001,45000,FLL-MCI,FLL,MCI,14,0,14,0,5.490174548e-05,4048,26.07259941,-80.15270233,39.29759979,-94.71389771
labeled_all,255001,45000,GUM-HNL,GUM,HNL,14,0,14,0,5.490174548e-05,4049,13.48340034,144.7960052,21.31870079,-157.9219971
labeled_all,255001,45000,HNL-SMF,HNL,SMF,14,3,11,0.2142857143,5.490174548e-05,4050,21.31870079,-157.9219971,38.69540024,-121.5910034
labeled_all,255001,45000,IAH-BOI,IAH,BOI,14,2,12,0.1428571429,5.490174548e-05,4051,29.9843998,-95.34140015,43.56439972,-116.2229996
labeled_all,255001,45000,ICT-LAS,ICT,LAS,14,3,11,0.2142857143,5.490174548e-05,4052,37.64989853,-97.43309784,36.08010101,-115.1520004
labeled_all,255001,45000,ICT-SEA,ICT,SEA,14,1,13,0.07142857143,5.490174548e-05,4053,37.64989853,-97.43309784,47.44900131,-122.3089981
labeled_all,255001,45000,JAC-DFW,JAC,DFW,14,3,11,0.2142857143,5.490174548e-05,4054,43.6072998,-110.737999,32.89680099,-97.03800201
labeled_all,255001,45000,JAX-HOU,JAX,HOU,14,7,7,0.5,5.490174548e-05,4055,30.49410057,-81.68789673,29.64539909,-95.27890015
labeled_all,255001,45000,LAS-MFE,LAS,MFE,14,1,13,0.07142857143,5.490174548e-05,4056,36.08010101,-115.1520004,26.17580032,-98.23860168
labeled_all,255001,45000,LAX-ACV,LAX,ACV,14,2,12,0.1428571429,5.490174548e-05,4057,33.94250107,-118.4079971,40.97809982,-124.1090012
labeled_all,255001,45000,LAX-BZN,LAX,BZN,14,3,11,0.2142857143,5.490174548e-05,4058,33.94250107,-118.4079971,45.77750015,-111.1529999
labeled_all,255001,45000,LAX-ITO,LAX,ITO,14,2,12,0.1428571429,5.490174548e-05,4059,33.94250107,-118.4079971,19.72139931,-155.0480042
labeled_all,255001,45000,LAX-PIT,LAX,PIT,14,3,11,0.2142857143,5.490174548e-05,4060,33.94250107,-118.4079971,40.49150085,-80.23290253
labeled_all,255001,45000,LAX-PSP,LAX,PSP,14,4,10,0.2857142857,5.490174548e-05,4061,33.94250107,-118.4079971,33.82970047,-116.5070038
labeled_all,255001,45000,LAX-TUL,LAX,TUL,14,1,13,0.07142857143,5.490174548e-05,4062,33.94250107,-118.4079971,36.19839859,-95.88809967
labeled_all,255001,45000,LEX-SFB,LEX,SFB,14,0,14,0,5.490174548e-05,4063,38.03649902,-84.60590363,28.77759933,-81.23750305
labeled_all,255001,45000,LGA-CAE,LGA,CAE,14,7,7,0.5,5.490174548e-05,4064,40.77719879,-73.87259674,33.93880081,-81.11949921
labeled_all,255001,45000,LGA-OMA,LGA,OMA,14,3,11,0.2142857143,5.490174548e-05,4065,40.77719879,-73.87259674,41.30319977,-95.89409637
labeled_all,255001,45000,MCI-SAT,MCI,SAT,14,2,12,0.1428571429,5.490174548e-05,4066,39.29759979,-94.71389771,29.53370094,-98.46980286
labeled_all,255001,45000,MCO-CAK,MCO,CAK,14,3,11,0.2142857143,5.490174548e-05,4067,28.42939949,-81.30899811,40.91609955,-81.44219971
labeled_all,255001,45000,MHT-IAD,MHT,IAD,14,1,13,0.07142857143,5.490174548e-05,4068,42.93259811,-71.43569946,38.94449997,-77.45580292
labeled_all,255001,45000,MHT-TPA,MHT,TPA,14,3,11,0.2142857143,5.490174548e-05,4069,42.93259811,-71.43569946,27.97550011,-82.53320312
labeled_all,255001,45000,MIA-TYS,MIA,TYS,14,3,11,0.2142857143,5.490174548e-05,4070,25.79319954,-80.29060364,35.81100082,-83.9940033
labeled_all,255001,45000,MLI-DTW,MLI,DTW,14,1,13,0.07142857143,5.490174548e-05,4071,41.44850159,-90.50749969,42.21239853,-83.35340118
labeled_all,255001,45000,MLI-MSP,MLI,MSP,14,1,13,0.07142857143,5.490174548e-05,4072,41.44850159,-90.50749969,44.88199997,-93.22180176
labeled_all,255001,45000,MSP-AZO,MSP,AZO,14,1,13,0.07142857143,5.490174548e-05,4073,44.88199997,-93.22180176,42.23490143,-85.55210114
labeled_all,255001,45000,MSP-CIU,MSP,CIU,14,1,13,0.07142857143,5.490174548e-05,4074,44.88199997,-93.22180176,46.25080109,-84.47239685
labeled_all,255001,45000,MSP-MQT,MSP,MQT,14,1,13,0.07142857143,5.490174548e-05,4075,44.88199997,-93.22180176,46.35359955,-87.395401
labeled_all,255001,45000,MSP-ROC,MSP,ROC,14,7,7,0.5,5.490174548e-05,4076,44.88199997,-93.22180176,43.1189003,-77.67240143
labeled_all,255001,45000,MTJ-DFW,MTJ,DFW,14,2,12,0.1428571429,5.490174548e-05,4077,38.50979996,-107.8939972,32.89680099,-97.03800201
labeled_all,255001,45000,MYR-BOS,MYR,BOS,14,1,13,0.07142857143,5.490174548e-05,4078,33.67969894,-78.92829895,42.36429977,-71.00520325
labeled_all,255001,45000,MYR-FLL,MYR,FLL,14,4,10,0.2857142857,5.490174548e-05,4079,33.67969894,-78.92829895,26.07259941,-80.15270233
labeled_all,255001,45000,MYR-ORD,MYR,ORD,14,4,10,0.2857142857,5.490174548e-05,4080,33.67969894,-78.92829895,41.97859955,-87.90480042
labeled_all,255001,45000,OAK-MSY,OAK,MSY,14,2,12,0.1428571429,5.490174548e-05,4081,37.72129822,-122.2210007,29.99340057,-90.25800323
labeled_all,255001,45000,OAK-STL,OAK,STL,14,6,8,0.4285714286,5.490174548e-05,4082,37.72129822,-122.2210007,38.74869919,-90.37000275
labeled_all,255001,45000,OKC-BWI,OKC,BWI,14,6,8,0.4285714286,5.490174548e-05,4083,35.39310074,-97.60070038,39.17539978,-76.66829681
labeled_all,255001,45000,OMA-LGA,OMA,LGA,14,4,10,0.2857142857,5.490174548e-05,4084,41.30319977,-95.89409637,40.77719879,-73.87259674
labeled_all,255001,45000,ORD-JAN,ORD,JAN,14,4,10,0.2857142857,5.490174548e-05,4085,41.97859955,-87.90480042,32.31119919,-90.07589722
labeled_all,255001,45000,PDX-BZN,PDX,BZN,14,1,13,0.07142857143,5.490174548e-05,4086,45.58869934,-122.5979996,45.77750015,-111.1529999
labeled_all,255001,45000,PGD-CVG,PGD,CVG,14,1,13,0.07142857143,5.490174548e-05,4087,26.92020035,-81.9905014,39.04880142,-84.6678009
labeled_all,255001,45000,PHL-BWI,PHL,BWI,14,2,12,0.1428571429,5.490174548e-05,4088,39.87189865,-75.2410965,39.17539978,-76.66829681
labeled_all,255001,45000,PHX-IAD,PHX,IAD,14,1,13,0.07142857143,5.490174548e-05,4089,33.43429947,-112.012001,38.94449997,-77.45580292
labeled_all,255001,45000,PHX-SDF,PHX,SDF,14,3,11,0.2142857143,5.490174548e-05,4090,33.43429947,-112.012001,38.17440033,-85.73600006
labeled_all,255001,45000,PHX-STS,PHX,STS,14,2,12,0.1428571429,5.490174548e-05,4091,33.43429947,-112.012001,38.50899887,-122.8130035
labeled_all,255001,45000,PIE-GRR,PIE,GRR,14,3,11,0.2142857143,5.490174548e-05,4092,27.91020012,-82.68740082,42.88079834,-85.52279663
labeled_all,255001,45000,PNS-HOU,PNS,HOU,14,2,12,0.1428571429,5.490174548e-05,4093,30.47340012,-87.18659973,29.64539909,-95.27890015
labeled_all,255001,45000,PSC-SFO,PSC,SFO,14,4,10,0.2857142857,5.490174548e-05,4094,46.26470184,-119.1190033,37.61899948,-122.375
labeled_all,255001,45000,RDU-MSY,RDU,MSY,14,4,10,0.2857142857,5.490174548e-05,4095,35.87760162,-78.78749847,29.99340057,-90.25800323
labeled_all,255001,45000,RIC-MSP,RIC,MSP,14,2,12,0.1428571429,5.490174548e-05,4096,37.50519943,-77.31970215,44.88199997,-93.22180176
labeled_all,255001,45000,RST-ATL,RST,ATL,14,2,12,0.1428571429,5.490174548e-05,4097,43.90829849,-92.5,33.63669968,-84.42810059
labeled_all,255001,45000,SAN-MSY,SAN,MSY,14,2,12,0.1428571429,5.490174548e-05,4098,32.73360062,-117.1900024,29.99340057,-90.25800323
labeled_all,255001,45000,SAN-OMA,SAN,OMA,14,0,14,0,5.490174548e-05,4099,32.73360062,-117.1900024,41.30319977,-95.89409637
labeled_all,255001,45000,SAT-FLL,SAT,FLL,14,3,11,0.2142857143,5.490174548e-05,4100,29.53370094,-98.46980286,26.07259941,-80.15270233
labeled_all,255001,45000,SDF-MCO,SDF,MCO,14,2,12,0.1428571429,5.490174548e-05,4101,38.17440033,-85.73600006,28.42939949,-81.30899811
labeled_all,255001,45000,SFB-FNT,SFB,FNT,14,2,12,0.1428571429,5.490174548e-05,4102,28.77759933,-81.23750305,42.9654007,-83.74359894
labeled_all,255001,45000,SFO-OMA,SFO,OMA,14,0,14,0,5.490174548e-05,4103,37.61899948,-122.375,41.30319977,-95.89409637
labeled_all,255001,45000,SFO-XNA,SFO,XNA,14,6,8,0.4285714286,5.490174548e-05,4104,37.61899948,-122.375,36.2818985,-94.30680084
labeled_all,255001,45000,SJU-DCA,SJU,DCA,14,5,9,0.3571428571,5.490174548e-05,4105,18.43939972,-66.00180054,38.85210037,-77.03769684
labeled_all,255001,45000,SJU-DFW,SJU,DFW,14,1,13,0.07142857143,5.490174548e-05,4106,18.43939972,-66.00180054,32.89680099,-97.03800201
labeled_all,255001,45000,SJU-STX,SJU,STX,14,3,11,0.2142857143,5.490174548e-05,4107,18.43939972,-66.00180054,17.70190048,-64.79859924
labeled_all,255001,45000,SLC-CLT,SLC,CLT,14,3,11,0.2142857143,5.490174548e-05,4108,40.78839874,-111.9779968,35.2140007,-80.94309998
labeled_all,255001,45000,SLC-CVG,SLC,CVG,14,1,13,0.07142857143,5.490174548e-05,4109,40.78839874,-111.9779968,39.04880142,-84.6678009
labeled_all,255001,45000,SLC-EUG,SLC,EUG,14,1,13,0.07142857143,5.490174548e-05,4110,40.78839874,-111.9779968,44.12459946,-123.211998
labeled_all,255001,45000,SLC-OKC,SLC,OKC,14,2,12,0.1428571429,5.490174548e-05,4111,40.78839874,-111.9779968,35.39310074,-97.60070038
labeled_all,255001,45000,SLC-SUN,SLC,SUN,14,0,14,0,5.490174548e-05,4112,40.78839874,-111.9779968,43.50439835,-114.2959976
labeled_all,255001,45000,SMF-BWI,SMF,BWI,14,2,12,0.1428571429,5.490174548e-05,4113,38.69540024,-121.5910034,39.17539978,-76.66829681
labeled_all,255001,45000,STL-MIA,STL,MIA,14,4,10,0.2857142857,5.490174548e-05,4114,38.74869919,-90.37000275,25.79319954,-80.29060364
labeled_all,255001,45000,STS-SAN,STS,SAN,14,2,12,0.1428571429,5.490174548e-05,4115,38.50899887,-122.8130035,32.73360062,-117.1900024
labeled_all,255001,45000,STS-SEA,STS,SEA,14,5,9,0.3571428571,5.490174548e-05,4116,38.50899887,-122.8130035,47.44900131,-122.3089981
labeled_all,255001,45000,STT-ATL,STT,ATL,14,1,13,0.07142857143,5.490174548e-05,4117,18.33729935,-64.9733963,33.63669968,-84.42810059
labeled_all,255001,45000,TPA-HPN,TPA,HPN,14,4,10,0.2857142857,5.490174548e-05,4118,27.97550011,-82.53320312,41.06700134,-73.70760345
labeled_all,255001,45000,WRG-KTN,WRG,KTN,14,1,13,0.07142857143,5.490174548e-05,4119,56.48429871,-132.3699951,55.35559845,-131.7140045
labeled_all,255001,45000,ACV-LAX,ACV,LAX,13,3,10,0.2307692308,5.098019223e-05,4120,40.97809982,-124.1090012,33.94250107,-118.4079971
labeled_all,255001,45000,APN-DTW,APN,DTW,13,1,12,0.07692307692,5.098019223e-05,4121,45.0780983,-83.56030273,42.21239853,-83.35340118
labeled_all,255001,45000,ASE-DFW,ASE,DFW,13,2,11,0.1538461538,5.098019223e-05,4122,39.22320175,-106.8690033,32.89680099,-97.03800201
labeled_all,255001,45000,ATL-ATW,ATL,ATW,13,1,12,0.07692307692,5.098019223e-05,4123,33.63669968,-84.42810059,44.2580986,-88.51909637
labeled_all,255001,45000,ATL-COS,ATL,COS,13,3,10,0.2307692308,5.098019223e-05,4124,33.63669968,-84.42810059,38.80580139,-104.7009964
labeled_all,255001,45000,ATW-ATL,ATW,ATL,13,2,11,0.1538461538,5.098019223e-05,4125,44.2580986,-88.51909637,33.63669968,-84.42810059
labeled_all,255001,45000,ATW-DEN,ATW,DEN,13,0,13,0,5.098019223e-05,4126,44.2580986,-88.51909637,39.86169815,-104.6729965
labeled_all,255001,45000,AUS-LBB,AUS,LBB,13,0,13,0,5.098019223e-05,4127,30.19449997,-97.66989899,33.66360092,-101.822998
labeled_all,255001,45000,AVL-SFB,AVL,SFB,13,2,11,0.1538461538,5.098019223e-05,4128,35.43619919,-82.54180145,28.77759933,-81.23750305
labeled_all,255001,45000,AVP-ATL,AVP,ATL,13,1,12,0.07692307692,5.098019223e-05,4129,41.33850098,-75.7233963,33.63669968,-84.42810059
labeled_all,255001,45000,BGR-ORD,BGR,ORD,13,2,11,0.1538461538,5.098019223e-05,4130,44.80739975,-68.82810211,41.97859955,-87.90480042
labeled_all,255001,45000,BNA-SLC,BNA,SLC,13,0,13,0,5.098019223e-05,4131,36.12450027,-86.67819977,40.78839874,-111.9779968
labeled_all,255001,45000,BOS-LGB,BOS,LGB,13,4,9,0.3076923077,5.098019223e-05,4132,42.36429977,-71.00520325,33.81769943,-118.1520004
labeled_all,255001,45000,CAE-LGA,CAE,LGA,13,2,11,0.1538461538,5.098019223e-05,4133,33.93880081,-81.11949921,40.77719879,-73.87259674
labeled_all,255001,45000,CDV-ANC,CDV,ANC,13,1,12,0.07692307692,5.098019223e-05,4134,60.4917984,-145.4779968,61.17440033,-149.9960022
labeled_all,255001,45000,CHA-DCA,CHA,DCA,13,2,11,0.1538461538,5.098019223e-05,4135,35.03530121,-85.20379639,38.85210037,-77.03769684
labeled_all,255001,45000,CHA-IAD,CHA,IAD,13,5,8,0.3846153846,5.098019223e-05,4136,35.03530121,-85.20379639,38.94449997,-77.45580292
labeled_all,255001,45000,CIU-DTW,CIU,DTW,13,2,11,0.1538461538,5.098019223e-05,4137,46.25080109,-84.47239685,42.21239853,-83.35340118
labeled_all,255001,45000,CLT-CMI,CLT,CMI,13,1,12,0.07692307692,5.098019223e-05,4138,35.2140007,-80.94309998,40.03919983,-88.27809906
labeled_all,255001,45000,CMH-RDU,CMH,RDU,13,2,11,0.1538461538,5.098019223e-05,4139,39.9980011,-82.89189911,35.87760162,-78.78749847
labeled_all,255001,45000,CRW-IAD,CRW,IAD,13,2,11,0.1538461538,5.098019223e-05,4140,38.37310028,-81.59320068,38.94449997,-77.45580292
labeled_all,255001,45000,CRW-IAH,CRW,IAH,13,3,10,0.2307692308,5.098019223e-05,4141,38.37310028,-81.59320068,29.9843998,-95.34140015
labeled_all,255001,45000,CVG-SFB,CVG,SFB,13,2,11,0.1538461538,5.098019223e-05,4142,39.04880142,-84.6678009,28.77759933,-81.23750305
labeled_all,255001,45000,CVG-SLC,CVG,SLC,13,0,13,0,5.098019223e-05,4143,39.04880142,-84.6678009,40.78839874,-111.9779968
labeled_all,255001,45000,CWA-DTW,CWA,DTW,13,1,12,0.07692307692,5.098019223e-05,4144,44.77759933,-89.66680145,42.21239853,-83.35340118
labeled_all,255001,45000,DAL-RDU,DAL,RDU,13,2,11,0.1538461538,5.098019223e-05,4145,32.8470993,-96.85179901,35.87760162,-78.78749847
labeled_all,255001,45000,DAL-SNA,DAL,SNA,13,1,12,0.07692307692,5.098019223e-05,4146,32.8470993,-96.85179901,33.67570114,-117.8679962
labeled_all,255001,45000,DAY-IAH,DAY,IAH,13,3,10,0.2307692308,5.098019223e-05,4147,39.90240097,-84.2193985,29.9843998,-95.34140015
labeled_all,255001,45000,DCA-GRR,DCA,GRR,13,3,10,0.2307692308,5.098019223e-05,4148,38.85210037,-77.03769684,42.88079834,-85.52279663
labeled_all,255001,45000,DCA-ILM,DCA,ILM,13,1,12,0.07692307692,5.098019223e-05,4149,38.85210037,-77.03769684,34.27059937,-77.90260315
labeled_all,255001,45000,DCA-LAS,DCA,LAS,13,2,11,0.1538461538,5.098019223e-05,4150,38.85210037,-77.03769684,36.08010101,-115.1520004
labeled_all,255001,45000,DCA-PDX,DCA,PDX,13,2,11,0.1538461538,5.098019223e-05,4151,38.85210037,-77.03769684,45.58869934,-122.5979996
labeled_all,255001,45000,DCA-SLC,DCA,SLC,13,1,12,0.07692307692,5.098019223e-05,4152,38.85210037,-77.03769684,40.78839874,-111.9779968
labeled_all,255001,45000,DEN-ALB,DEN,ALB,13,5,8,0.3846153846,5.098019223e-05,4153,39.86169815,-104.6729965,42.74829864,-73.80169678
labeled_all,255001,45000,DFW-MSO,DFW,MSO,13,2,11,0.1538461538,5.098019223e-05,4154,32.89680099,-97.03800201,46.91630173,-114.0910034
labeled_all,255001,45000,DFW-MTJ,DFW,MTJ,13,1,12,0.07692307692,5.098019223e-05,4155,32.89680099,-97.03800201,38.50979996,-107.8939972
labeled_all,255001,45000,DFW-SBN,DFW,SBN,13,6,7,0.4615384615,5.098019223e-05,4156,32.89680099,-97.03800201,41.70869827,-86.31729889
labeled_all,255001,45000,EVV-CLT,EVV,CLT,13,2,11,0.1538461538,5.098019223e-05,4157,38.03699875,-87.53240204,35.2140007,-80.94309998
labeled_all,255001,45000,EWR-HNL,EWR,HNL,13,3,10,0.2307692308,5.098019223e-05,4158,40.69250107,-74.16870117,21.31870079,-157.9219971
labeled_all,255001,45000,EWR-SMF,EWR,SMF,13,10,3,0.7692307692,5.098019223e-05,4159,40.69250107,-74.16870117,38.69540024,-121.5910034
labeled_all,255001,45000,EWR-XNA,EWR,XNA,13,1,12,0.07692307692,5.098019223e-05,4160,40.69250107,-74.16870117,36.2818985,-94.30680084
labeled_all,255001,45000,FLL-TYS,FLL,TYS,13,4,9,0.3076923077,5.098019223e-05,4161,26.07259941,-80.15270233,35.81100082,-83.9940033
labeled_all,255001,45000,GEG-ORD,GEG,ORD,13,0,13,0,5.098019223e-05,4162,47.61989975,-117.5339966,41.97859955,-87.90480042
labeled_all,255001,45000,GRR-MCO,GRR,MCO,13,3,10,0.2307692308,5.098019223e-05,4163,42.88079834,-85.52279663,28.42939949,-81.30899811
labeled_all,255001,45000,HLN-SEA,HLN,SEA,13,1,12,0.07692307692,5.098019223e-05,4164,46.60680008,-111.9830017,47.44900131,-122.3089981
labeled_all,255001,45000,HOU-JAX,HOU,JAX,13,5,8,0.3846153846,5.098019223e-05,4165,29.64539909,-95.27890015,30.49410057,-81.68789673
labeled_all,255001,45000,HOU-PIT,HOU,PIT,13,2,11,0.1538461538,5.098019223e-05,4166,29.64539909,-95.27890015,40.49150085,-80.23290253
labeled_all,255001,45000,IAD-AVL,IAD,AVL,13,3,10,0.2307692308,5.098019223e-05,4167,38.94449997,-77.45580292,35.43619919,-82.54180145
labeled_all,255001,45000,IAD-LWB,IAD,LWB,13,2,11,0.1538461538,5.098019223e-05,4168,38.94449997,-77.45580292,37.85829926,-80.39949799
labeled_all,255001,45000,IAH-CAE,IAH,CAE,13,0,13,0,5.098019223e-05,4169,29.9843998,-95.34140015,33.93880081,-81.11949921
labeled_all,255001,45000,IMT-MSP,IMT,MSP,13,3,10,0.2307692308,5.098019223e-05,4170,45.81840134,-88.11450195,44.88199997,-93.22180176
labeled_all,255001,45000,IND-RDU,IND,RDU,13,2,11,0.1538461538,5.098019223e-05,4171,39.71730041,-86.29440308,35.87760162,-78.78749847
labeled_all,255001,45000,JAC-SFO,JAC,SFO,13,4,9,0.3076923077,5.098019223e-05,4172,43.6072998,-110.737999,37.61899948,-122.375
labeled_all,255001,45000,JNU-PSG,JNU,PSG,13,4,9,0.3076923077,5.098019223e-05,4173,58.35499954,-134.576004,56.80170059,-132.9450073
labeled_all,255001,45000,KOA-DEN,KOA,DEN,13,0,13,0,5.098019223e-05,4174,19.73880005,-156.0460052,39.86169815,-104.6729965
labeled_all,255001,45000,LAX-MEM,LAX,MEM,13,3,10,0.2307692308,5.098019223e-05,4175,33.94250107,-118.4079971,35.04240036,-89.97669983
labeled_all,255001,45000,LAX-XNA,LAX,XNA,13,1,12,0.07692307692,5.098019223e-05,4176,33.94250107,-118.4079971,36.2818985,-94.30680084
labeled_all,255001,45000,LGA-DSM,LGA,DSM,13,2,11,0.1538461538,5.098019223e-05,4177,40.77719879,-73.87259674,41.5340004,-93.6631012
labeled_all,255001,45000,LGA-ROA,LGA,ROA,13,2,11,0.1538461538,5.098019223e-05,4178,40.77719879,-73.87259674,37.32550049,-79.97540283
labeled_all,255001,45000,LGB-RNO,LGB,RNO,13,3,10,0.2307692308,5.098019223e-05,4179,33.81769943,-118.1520004,39.49909973,-119.7679977
labeled_all,255001,45000,MCI-MIA,MCI,MIA,13,2,11,0.1538461538,5.098019223e-05,4180,39.29759979,-94.71389771,25.79319954,-80.29060364
labeled_all,255001,45000,MCO-OAK,MCO,OAK,13,3,10,0.2307692308,5.098019223e-05,4181,28.42939949,-81.30899811,37.72129822,-122.2210007
labeled_all,255001,45000,MCO-SWF,MCO,SWF,13,6,7,0.4615384615,5.098019223e-05,4182,28.42939949,-81.30899811,41.5041008,-74.10479736
labeled_all,255001,45000,MCO-SYR,MCO,SYR,13,2,11,0.1538461538,5.098019223e-05,4183,28.42939949,-81.30899811,43.11119843,-76.10630035
labeled_all,255001,45000,MDT-SFB,MDT,SFB,13,5,8,0.3846153846,5.098019223e-05,4184,40.19350052,-76.76339722,28.77759933,-81.23750305
labeled_all,255001,45000,MEM-LAS,MEM,LAS,13,6,7,0.4615384615,5.098019223e-05,4185,35.04240036,-89.97669983,36.08010101,-115.1520004
labeled_all,255001,45000,MEM-LAX,MEM,LAX,13,1,12,0.07692307692,5.098019223e-05,4186,35.04240036,-89.97669983,33.94250107,-118.4079971
labeled_all,255001,45000,MHT-ATL,MHT,ATL,13,1,12,0.07692307692,5.098019223e-05,4187,42.93259811,-71.43569946,33.63669968,-84.42810059
labeled_all,255001,45000,MHT-LGA,MHT,LGA,13,1,12,0.07692307692,5.098019223e-05,4188,42.93259811,-71.43569946,40.77719879,-73.87259674
labeled_all,255001,45000,MQT-MSP,MQT,MSP,13,2,11,0.1538461538,5.098019223e-05,4189,46.35359955,-87.395401,44.88199997,-93.22180176
labeled_all,255001,45000,MSP-ANC,MSP,ANC,13,3,10,0.2307692308,5.098019223e-05,4190,44.88199997,-93.22180176,61.17440033,-149.9960022
labeled_all,255001,45000,MSP-BJI,MSP,BJI,13,2,11,0.1538461538,5.098019223e-05,4191,44.88199997,-93.22180176,47.50939941,-94.93370056
labeled_all,255001,45000,MYR-ACY,MYR,ACY,13,3,10,0.2307692308,5.098019223e-05,4192,33.67969894,-78.92829895,39.45759964,-74.57720184
labeled_all,255001,45000,MYR-BWI,MYR,BWI,13,3,10,0.2307692308,5.098019223e-05,4193,33.67969894,-78.92829895,39.17539978,-76.66829681
labeled_all,255001,45000,OAK-KOA,OAK,KOA,13,0,13,0,5.098019223e-05,4194,37.72129822,-122.2210007,19.73880005,-156.0460052
labeled_all,255001,45000,OKC-MDW,OKC,MDW,13,2,11,0.1538461538,5.098019223e-05,4195,35.39310074,-97.60070038,41.7859993,-87.75240326
labeled_all,255001,45000,OMA-SLC,OMA,SLC,13,1,12,0.07692307692,5.098019223e-05,4196,41.30319977,-95.89409637,40.78839874,-111.9779968
labeled_all,255001,45000,ORD-SLN,ORD,SLN,13,5,8,0.3846153846,5.098019223e-05,4197,41.97859955,-87.90480042,38.79100037,-97.65219879
labeled_all,255001,45000,ORF-DEN,ORF,DEN,13,3,10,0.2307692308,5.098019223e-05,4198,36.89459991,-76.20120239,39.86169815,-104.6729965
labeled_all,255001,45000,ORH-JFK,ORH,JFK,13,0,13,0,5.098019223e-05,4199,42.26729965,-71.8757019,40.63980103,-73.77890015
labeled_all,255001,45000,PDX-BIL,PDX,BIL,13,1,12,0.07692307692,5.098019223e-05,4200,45.58869934,-122.5979996,45.80770111,-108.5429993
labeled_all,255001,45000,PGD-GRR,PGD,GRR,13,5,8,0.3846153846,5.098019223e-05,4201,26.92020035,-81.9905014,42.88079834,-85.52279663
labeled_all,255001,45000,PGD-PIA,PGD,PIA,13,0,13,0,5.098019223e-05,4202,26.92020035,-81.9905014,40.66419983,-89.69329834
labeled_all,255001,45000,PHL-ERI,PHL,ERI,13,0,13,0,5.098019223e-05,4203,39.87189865,-75.2410965,42.08312701,-80.17386675
labeled_all,255001,45000,PHX-COS,PHX,COS,13,2,11,0.1538461538,5.098019223e-05,4204,33.43429947,-112.012001,38.80580139,-104.7009964
labeled_all,255001,45000,PHX-MEM,PHX,MEM,13,3,10,0.2307692308,5.098019223e-05,4205,33.43429947,-112.012001,35.04240036,-89.97669983
labeled_all,255001,45000,PIE-AVL,PIE,AVL,13,4,9,0.3076923077,5.098019223e-05,4206,27.91020012,-82.68740082,35.43619919,-82.54180145
labeled_all,255001,45000,PIE-IND,PIE,IND,13,4,9,0.3076923077,5.098019223e-05,4207,27.91020012,-82.68740082,39.71730041,-86.29440308
labeled_all,255001,45000,RIC-IAH,RIC,IAH,13,6,7,0.4615384615,5.098019223e-05,4208,37.50519943,-77.31970215,29.9843998,-95.34140015
labeled_all,255001,45000,RSW-DEN,RSW,DEN,13,1,12,0.07692307692,5.098019223e-05,4209,26.53619957,-81.75520325,39.86169815,-104.6729965
labeled_all,255001,45000,RSW-MKE,RSW,MKE,13,5,8,0.3846153846,5.098019223e-05,4210,26.53619957,-81.75520325,42.94720078,-87.89659882
labeled_all,255001,45000,SAN-MRY,SAN,MRY,13,2,11,0.1538461538,5.098019223e-05,4211,32.73360062,-117.1900024,36.5870018,-121.8430023
labeled_all,255001,45000,SAT-SFO,SAT,SFO,13,2,11,0.1538461538,5.098019223e-05,4212,29.53370094,-98.46980286,37.61899948,-122.375
labeled_all,255001,45000,SBA-SEA,SBA,SEA,13,0,13,0,5.098019223e-05,4213,34.42620087,-119.8399963,47.44900131,-122.3089981
labeled_all,255001,45000,SEA-SAT,SEA,SAT,13,1,12,0.07692307692,5.098019223e-05,4214,47.44900131,-122.3089981,29.53370094,-98.46980286
labeled_all,255001,45000,SFO-OTH,SFO,OTH,13,3,10,0.2307692308,5.098019223e-05,4215,37.61899948,-122.375,43.417099,-124.2460022
labeled_all,255001,45000,SFO-SAT,SFO,SAT,13,2,11,0.1538461538,5.098019223e-05,4216,37.61899948,-122.375,29.53370094,-98.46980286
labeled_all,255001,45000,SJC-BWI,SJC,BWI,13,1,12,0.07692307692,5.098019223e-05,4217,37.36259842,-121.9290009,39.17539978,-76.66829681
labeled_all,255001,45000,SJU-CLT,SJU,CLT,13,1,12,0.07692307692,5.098019223e-05,4218,18.43939972,-66.00180054,35.2140007,-80.94309998
labeled_all,255001,45000,SLC-BNA,SLC,BNA,13,0,13,0,5.098019223e-05,4219,40.78839874,-111.9779968,36.12450027,-86.67819977
labeled_all,255001,45000,SLC-MFR,SLC,MFR,13,4,9,0.3076923077,5.098019223e-05,4220,40.78839874,-111.9779968,42.37419891,-122.8730011
labeled_all,255001,45000,SLC-MSY,SLC,MSY,13,1,12,0.07692307692,5.098019223e-05,4221,40.78839874,-111.9779968,29.99340057,-90.25800323
labeled_all,255001,45000,SLC-OMA,SLC,OMA,13,0,13,0,5.098019223e-05,4222,40.78839874,-111.9779968,41.30319977,-95.89409637
labeled_all,255001,45000,SLC-TUL,SLC,TUL,13,2,11,0.1538461538,5.098019223e-05,4223,40.78839874,-111.9779968,36.19839859,-95.88809967
labeled_all,255001,45000,SMF-IAD,SMF,IAD,13,1,12,0.07692307692,5.098019223e-05,4224,38.69540024,-121.5910034,38.94449997,-77.45580292
labeled_all,255001,45000,SMF-OGG,SMF,OGG,13,0,13,0,5.098019223e-05,4225,38.69540024,-121.5910034,20.89859962,-156.4299927
labeled_all,255001,45000,SRQ-JFK,SRQ,JFK,13,2,11,0.1538461538,5.098019223e-05,4226,27.39539909,-82.55439758,40.63980103,-73.77890015
labeled_all,255001,45000,STL-PDX,STL,PDX,13,1,12,0.07692307692,5.098019223e-05,4227,38.74869919,-90.37000275,45.58869934,-122.5979996
labeled_all,255001,45000,SUX-DFW,SUX,DFW,13,1,12,0.07692307692,5.098019223e-05,4228,42.40259933,-96.38439941,32.89680099,-97.03800201
labeled_all,255001,45000,TPA-ALB,TPA,ALB,13,0,13,0,5.098019223e-05,4229,27.97550011,-82.53320312,42.74829864,-73.80169678
labeled_all,255001,45000,TPA-ROC,TPA,ROC,13,1,12,0.07692307692,5.098019223e-05,4230,27.97550011,-82.53320312,43.1189003,-77.67240143
labeled_all,255001,45000,TPA-SAN,TPA,SAN,13,4,9,0.3076923077,5.098019223e-05,4231,27.97550011,-82.53320312,32.73360062,-117.1900024
labeled_all,255001,45000,TYS-MIA,TYS,MIA,13,3,10,0.2307692308,5.098019223e-05,4232,35.81100082,-83.9940033,25.79319954,-80.29060364
labeled_all,255001,45000,TYS-SFB,TYS,SFB,13,3,10,0.2307692308,5.098019223e-05,4233,35.81100082,-83.9940033,28.77759933,-81.23750305
labeled_all,255001,45000,XNA-SFO,XNA,SFO,13,0,13,0,5.098019223e-05,4234,36.2818985,-94.30680084,37.61899948,-122.375
labeled_all,255001,45000,YAK-CDV,YAK,CDV,13,2,11,0.1538461538,5.098019223e-05,4235,59.50329971,-139.6600037,60.4917984,-145.4779968
labeled_all,255001,45000,ABQ-SEA,ABQ,SEA,12,2,10,0.1666666667,4.705863899e-05,4236,35.04019928,-106.6090012,47.44900131,-122.3089981
labeled_all,255001,45000,ACY-ATL,ACY,ATL,12,1,11,0.08333333333,4.705863899e-05,4237,39.45759964,-74.57720184,33.63669968,-84.42810059
labeled_all,255001,45000,ALB-DEN,ALB,DEN,12,6,6,0.5,4.705863899e-05,4238,42.74829864,-73.80169678,39.86169815,-104.6729965
labeled_all,255001,45000,ATL-BTV,ATL,BTV,12,1,11,0.08333333333,4.705863899e-05,4239,33.63669968,-84.42810059,44.47190094,-73.15329742
labeled_all,255001,45000,ATL-OAK,ATL,OAK,12,0,12,0,4.705863899e-05,4240,33.63669968,-84.42810059,37.72129822,-122.2210007
labeled_all,255001,45000,ATL-TTN,ATL,TTN,12,3,9,0.25,4.705863899e-05,4241,33.63669968,-84.42810059,40.27669907,-74.81349945
labeled_all,255001,45000,AUS-HRL,AUS,HRL,12,3,9,0.25,4.705863899e-05,4242,30.19449997,-97.66989899,26.22850037,-97.65440369
labeled_all,255001,45000,AUS-SMF,AUS,SMF,12,2,10,0.1666666667,4.705863899e-05,4243,30.19449997,-97.66989899,38.69540024,-121.5910034
labeled_all,255001,45000,BOI-IAH,BOI,IAH,12,2,10,0.1666666667,4.705863899e-05,4244,43.56439972,-116.2229996,29.9843998,-95.34140015
labeled_all,255001,45000,BOS-SRQ,BOS,SRQ,12,3,9,0.25,4.705863899e-05,4245,42.36429977,-71.00520325,27.39539909,-82.55439758
labeled_all,255001,45000,BRW-ANC,BRW,ANC,12,1,11,0.08333333333,4.705863899e-05,4246,71.28540039,-156.7660065,61.17440033,-149.9960022
labeled_all,255001,45000,BUF-PHX,BUF,PHX,12,2,10,0.1666666667,4.705863899e-05,4247,42.94049835,-78.73220062,33.43429947,-112.012001
labeled_all,255001,45000,BWI-BHM,BWI,BHM,12,1,11,0.08333333333,4.705863899e-05,4248,39.17539978,-76.66829681,33.56290054,-86.75350189
labeled_all,255001,45000,BWI-GRR,BWI,GRR,12,5,7,0.4166666667,4.705863899e-05,4249,39.17539978,-76.66829681,42.88079834,-85.52279663
labeled_all,255001,45000,CAK-MCO,CAK,MCO,12,3,9,0.25,4.705863899e-05,4250,40.91609955,-81.44219971,28.42939949,-81.30899811
labeled_all,255001,45000,CDV-YAK,CDV,YAK,12,1,11,0.08333333333,4.705863899e-05,4251,60.4917984,-145.4779968,59.50329971,-139.6600037
labeled_all,255001,45000,CHS-DEN,CHS,DEN,12,1,11,0.08333333333,4.705863899e-05,4252,32.89860153,-80.04049683,39.86169815,-104.6729965
labeled_all,255001,45000,CIU-MSP,CIU,MSP,12,1,11,0.08333333333,4.705863899e-05,4253,46.25080109,-84.47239685,44.88199997,-93.22180176
labeled_all,255001,45000,CLE-MYR,CLE,MYR,12,2,10,0.1666666667,4.705863899e-05,4254,41.4117012,-81.84980011,33.67969894,-78.92829895
labeled_all,255001,45000,CLT-DAL,CLT,DAL,12,2,10,0.1666666667,4.705863899e-05,4255,35.2140007,-80.94309998,32.8470993,-96.85179901
labeled_all,255001,45000,CLT-TOL,CLT,TOL,12,1,11,0.08333333333,4.705863899e-05,4256,35.2140007,-80.94309998,41.58679962,-83.80780029
labeled_all,255001,45000,CVG-SAV,CVG,SAV,12,2,10,0.1666666667,4.705863899e-05,4257,39.04880142,-84.6678009,32.12760162,-81.20210266
labeled_all,255001,45000,DAY-EWR,DAY,EWR,12,5,7,0.4166666667,4.705863899e-05,4258,39.90240097,-84.2193985,40.69250107,-74.16870117
labeled_all,255001,45000,DEN-ORF,DEN,ORF,12,1,11,0.08333333333,4.705863899e-05,4259,39.86169815,-104.6729965,36.89459991,-76.20120239
labeled_all,255001,45000,DEN-VEL,DEN,VEL,12,3,9,0.25,4.705863899e-05,4260,39.86169815,-104.6729965,40.4408989,-109.5100021
labeled_all,255001,45000,DFW-CAE,DFW,CAE,12,5,7,0.4166666667,4.705863899e-05,4261,32.89680099,-97.03800201,33.93880081,-81.11949921
labeled_all,255001,45000,DTW-CHS,DTW,CHS,12,1,11,0.08333333333,4.705863899e-05,4262,42.21239853,-83.35340118,32.89860153,-80.04049683
labeled_all,255001,45000,DTW-SAV,DTW,SAV,12,2,10,0.1666666667,4.705863899e-05,4263,42.21239853,-83.35340118,32.12760162,-81.20210266
labeled_all,255001,45000,EAR-DEN,EAR,DEN,12,0,12,0,4.705863899e-05,4264,40.72700119,-99.00679779,39.86169815,-104.6729965
labeled_all,255001,45000,FAI-SCC,FAI,SCC,12,0,12,0,4.705863899e-05,4265,64.81510162,-147.8560028,70.19470215,-148.4649963
labeled_all,255001,45000,FLG-DEN,FLG,DEN,12,3,9,0.25,4.705863899e-05,4266,35.13850021,-111.6709976,39.86169815,-104.6729965
labeled_all,255001,45000,FLL-SWF,FLL,SWF,12,4,8,0.3333333333,4.705863899e-05,4267,26.07259941,-80.15270233,41.5041008,-74.10479736
labeled_all,255001,45000,FLL-USA,FLL,USA,12,6,6,0.5,4.705863899e-05,4268,26.07259941,-80.15270233,35.38779831,-80.70909882
labeled_all,255001,45000,GEG-SAN,GEG,SAN,12,2,10,0.1666666667,4.705863899e-05,4269,47.61989975,-117.5339966,32.73360062,-117.1900024
labeled_all,255001,45000,HNL-DEN,HNL,DEN,12,1,11,0.08333333333,4.705863899e-05,4270,21.31870079,-157.9219971,39.86169815,-104.6729965
labeled_all,255001,45000,HNL-JFK,HNL,JFK,12,3,9,0.25,4.705863899e-05,4271,21.31870079,-157.9219971,40.63980103,-73.77890015
labeled_all,255001,45000,HOU-SNA,HOU,SNA,12,3,9,0.25,4.705863899e-05,4272,29.64539909,-95.27890015,33.67570114,-117.8679962
labeled_all,255001,45000,IAD-CHA,IAD,CHA,12,3,9,0.25,4.705863899e-05,4273,38.94449997,-77.45580292,35.03530121,-85.20379639
labeled_all,255001,45000,IAH-LEX,IAH,LEX,12,2,10,0.1666666667,4.705863899e-05,4274,29.9843998,-95.34140015,38.03649902,-84.60590363
labeled_all,255001,45000,IAH-PSP,IAH,PSP,12,4,8,0.3333333333,4.705863899e-05,4275,29.9843998,-95.34140015,33.82970047,-116.5070038
labeled_all,255001,45000,ILM-DCA,ILM,DCA,12,0,12,0,4.705863899e-05,4276,34.27059937,-77.90260315,38.85210037,-77.03769684
labeled_all,255001,45000,IND-SFB,IND,SFB,12,0,12,0,4.705863899e-05,4277,39.71730041,-86.29440308,28.77759933,-81.23750305
labeled_all,255001,45000,JAX-MDW,JAX,MDW,12,0,12,0,4.705863899e-05,4278,30.49410057,-81.68789673,41.7859993,-87.75240326
labeled_all,255001,45000,JFK-HNL,JFK,HNL,12,1,11,0.08333333333,4.705863899e-05,4279,40.63980103,-73.77890015,21.31870079,-157.9219971
labeled_all,255001,45000,JFK-SRQ,JFK,SRQ,12,2,10,0.1666666667,4.705863899e-05,4280,40.63980103,-73.77890015,27.39539909,-82.55439758
labeled_all,255001,45000,JNU-KTN,JNU,KTN,12,2,10,0.1666666667,4.705863899e-05,4281,58.35499954,-134.576004,55.35559845,-131.7140045
labeled_all,255001,45000,KOA-SJC,KOA,SJC,12,0,12,0,4.705863899e-05,4282,19.73880005,-156.0460052,37.36259842,-121.9290009
labeled_all,255001,45000,LAS-COS,LAS,COS,12,0,12,0,4.705863899e-05,4283,36.08010101,-115.1520004,38.80580139,-104.7009964
labeled_all,255001,45000,LAS-ICT,LAS,ICT,12,1,11,0.08333333333,4.705863899e-05,4284,36.08010101,-115.1520004,37.64989853,-97.43309784
labeled_all,255001,45000,LAX-GEG,LAX,GEG,12,3,9,0.25,4.705863899e-05,4285,33.94250107,-118.4079971,47.61989975,-117.5339966
labeled_all,255001,45000,LAX-JAC,LAX,JAC,12,2,10,0.1666666667,4.705863899e-05,4286,33.94250107,-118.4079971,43.6072998,-110.737999
labeled_all,255001,45000,LEX-IAD,LEX,IAD,12,2,10,0.1666666667,4.705863899e-05,4287,38.03649902,-84.60590363,38.94449997,-77.45580292
labeled_all,255001,45000,LGA-BHM,LGA,BHM,12,4,8,0.3333333333,4.705863899e-05,4288,40.77719879,-73.87259674,33.56290054,-86.75350189
labeled_all,255001,45000,MCI-ABQ,MCI,ABQ,12,1,11,0.08333333333,4.705863899e-05,4289,39.29759979,-94.71389771,35.04019928,-106.6090012
labeled_all,255001,45000,MCI-MSY,MCI,MSY,12,3,9,0.25,4.705863899e-05,4290,39.29759979,-94.71389771,29.99340057,-90.25800323
labeled_all,255001,45000,MDW-FNT,MDW,FNT,12,2,10,0.1666666667,4.705863899e-05,4291,41.7859993,-87.75240326,42.9654007,-83.74359894
labeled_all,255001,45000,MEI-ORD,MEI,ORD,12,3,9,0.25,4.705863899e-05,4292,32.33259964,-88.75189972,41.97859955,-87.90480042
labeled_all,255001,45000,MFR-PHX,MFR,PHX,12,1,11,0.08333333333,4.705863899e-05,4293,42.37419891,-122.8730011,33.43429947,-112.012001
labeled_all,255001,45000,MHT-ORD,MHT,ORD,12,4,8,0.3333333333,4.705863899e-05,4294,42.93259811,-71.43569946,41.97859955,-87.90480042
labeled_all,255001,45000,MIA-MCI,MIA,MCI,12,2,10,0.1666666667,4.705863899e-05,4295,25.79319954,-80.29060364,39.29759979,-94.71389771
labeled_all,255001,45000,MIA-RIC,MIA,RIC,12,1,11,0.08333333333,4.705863899e-05,4296,25.79319954,-80.29060364,37.50519943,-77.31970215
labeled_all,255001,45000,MIA-SAV,MIA,SAV,12,2,10,0.1666666667,4.705863899e-05,4297,25.79319954,-80.29060364,32.12760162,-81.20210266
labeled_all,255001,45000,MKE-LAX,MKE,LAX,12,1,11,0.08333333333,4.705863899e-05,4298,42.94720078,-87.89659882,33.94250107,-118.4079971
labeled_all,255001,45000,MQT-ORD,MQT,ORD,12,2,10,0.1666666667,4.705863899e-05,4299,46.35359955,-87.395401,41.97859955,-87.90480042
labeled_all,255001,45000,MSP-LAN,MSP,LAN,12,3,9,0.25,4.705863899e-05,4300,44.88199997,-93.22180176,42.77870178,-84.58740234
labeled_all,255001,45000,MSP-RIC,MSP,RIC,12,2,10,0.1666666667,4.705863899e-05,4301,44.88199997,-93.22180176,37.50519943,-77.31970215
labeled_all,255001,45000,MSP-TUL,MSP,TUL,12,1,11,0.08333333333,4.705863899e-05,4302,44.88199997,-93.22180176,36.19839859,-95.88809967
labeled_all,255001,45000,MSY-MCI,MSY,MCI,12,1,11,0.08333333333,4.705863899e-05,4303,29.99340057,-90.25800323,39.29759979,-94.71389771
labeled_all,255001,45000,OKC-SFO,OKC,SFO,12,1,11,0.08333333333,4.705863899e-05,4304,35.39310074,-97.60070038,37.61899948,-122.375
labeled_all,255001,45000,OMA-SAN,OMA,SAN,12,0,12,0,4.705863899e-05,4305,41.30319977,-95.89409637,32.73360062,-117.1900024
labeled_all,255001,45000,ONT-JFK,ONT,JFK,12,0,12,0,4.705863899e-05,4306,34.05599976,-117.6009979,40.63980103,-73.77890015
labeled_all,255001,45000,ORD-BGR,ORD,BGR,12,1,11,0.08333333333,4.705863899e-05,4307,41.97859955,-87.90480042,44.80739975,-68.82810211
labeled_all,255001,45000,ORD-CGI,ORD,CGI,12,3,9,0.25,4.705863899e-05,4308,41.97859955,-87.90480042,37.22529984,-89.57080078
labeled_all,255001,45000,OTZ-OME,OTZ,OME,12,1,11,0.08333333333,4.705863899e-05,4309,66.88469696,-162.598999,64.5121994,-165.4450073
labeled_all,255001,45000,PDX-IAD,PDX,IAD,12,0,12,0,4.705863899e-05,4310,45.58869934,-122.5979996,38.94449997,-77.45580292
labeled_all,255001,45000,PGD-AVL,PGD,AVL,12,2,10,0.1666666667,4.705863899e-05,4311,26.92020035,-81.9905014,35.43619919,-82.54180145
labeled_all,255001,45000,PGD-FNT,PGD,FNT,12,3,9,0.25,4.705863899e-05,4312,26.92020035,-81.9905014,42.9654007,-83.74359894
labeled_all,255001,45000,PGD-IND,PGD,IND,12,3,9,0.25,4.705863899e-05,4313,26.92020035,-81.9905014,39.71730041,-86.29440308
labeled_all,255001,45000,PHL-SLC,PHL,SLC,12,2,10,0.1666666667,4.705863899e-05,4314,39.87189865,-75.2410965,40.78839874,-111.9779968
labeled_all,255001,45000,PHX-CVG,PHX,CVG,12,2,10,0.1666666667,4.705863899e-05,4315,33.43429947,-112.012001,39.04880142,-84.6678009
labeled_all,255001,45000,PHX-MFR,PHX,MFR,12,1,11,0.08333333333,4.705863899e-05,4316,33.43429947,-112.012001,42.37419891,-122.8730011
labeled_all,255001,45000,PIE-PIT,PIE,PIT,12,1,11,0.08333333333,4.705863899e-05,4317,27.91020012,-82.68740082,40.49150085,-80.23290253
labeled_all,255001,45000,PIT-STL,PIT,STL,12,1,11,0.08333333333,4.705863899e-05,4318,40.49150085,-80.23290253,38.74869919,-90.37000275
labeled_all,255001,45000,PNS-PHL,PNS,PHL,12,5,7,0.4166666667,4.705863899e-05,4319,30.47340012,-87.18659973,39.87189865,-75.2410965
labeled_all,255001,45000,PQI-EWR,PQI,EWR,12,2,10,0.1666666667,4.705863899e-05,4320,46.68899918,-68.0447998,40.69250107,-74.16870117
labeled_all,255001,45000,PSP-IAH,PSP,IAH,12,1,11,0.08333333333,4.705863899e-05,4321,33.82970047,-116.5070038,29.9843998,-95.34140015
labeled_all,255001,45000,RDU-AUS,RDU,AUS,12,6,6,0.5,4.705863899e-05,4322,35.87760162,-78.78749847,30.19449997,-97.66989899
labeled_all,255001,45000,RDU-PHX,RDU,PHX,12,2,10,0.1666666667,4.705863899e-05,4323,35.87760162,-78.78749847,33.43429947,-112.012001
labeled_all,255001,45000,RNO-JFK,RNO,JFK,12,2,10,0.1666666667,4.705863899e-05,4324,39.49909973,-119.7679977,40.63980103,-73.77890015
labeled_all,255001,45000,RNO-LGB,RNO,LGB,12,1,11,0.08333333333,4.705863899e-05,4325,39.49909973,-119.7679977,33.81769943,-118.1520004
labeled_all,255001,45000,ROW-PHX,ROW,PHX,12,1,11,0.08333333333,4.705863899e-05,4326,33.30160141,-104.5309982,33.43429947,-112.012001
labeled_all,255001,45000,SAV-DTW,SAV,DTW,12,3,9,0.25,4.705863899e-05,4327,32.12760162,-81.20210266,42.21239853,-83.35340118
labeled_all,255001,45000,SBA-DFW,SBA,DFW,12,1,11,0.08333333333,4.705863899e-05,4328,34.42620087,-119.8399963,32.89680099,-97.03800201
labeled_all,255001,45000,SBN-MSP,SBN,MSP,12,3,9,0.25,4.705863899e-05,4329,41.70869827,-86.31729889,44.88199997,-93.22180176
labeled_all,255001,45000,SBN-PGD,SBN,PGD,12,0,12,0,4.705863899e-05,4330,41.70869827,-86.31729889,26.92020035,-81.9905014
labeled_all,255001,45000,SBY-CLT,SBY,CLT,12,2,10,0.1666666667,4.705863899e-05,4331,38.34049988,-75.51029968,35.2140007,-80.94309998
labeled_all,255001,45000,SEA-OMA,SEA,OMA,12,1,11,0.08333333333,4.705863899e-05,4332,47.44900131,-122.3089981,41.30319977,-95.89409637
labeled_all,255001,45000,SEA-SBA,SEA,SBA,12,3,9,0.25,4.705863899e-05,4333,47.44900131,-122.3089981,34.42620087,-119.8399963
labeled_all,255001,45000,SEA-SUN,SEA,SUN,12,1,11,0.08333333333,4.705863899e-05,4334,47.44900131,-122.3089981,43.50439835,-114.2959976
labeled_all,255001,45000,SFB-CVG,SFB,CVG,12,3,9,0.25,4.705863899e-05,4335,28.77759933,-81.23750305,39.04880142,-84.6678009
labeled_all,255001,45000,SFB-SBN,SFB,SBN,12,2,10,0.1666666667,4.705863899e-05,4336,28.77759933,-81.23750305,41.70869827,-86.31729889
labeled_all,255001,45000,SFO-MSN,SFO,MSN,12,2,10,0.1666666667,4.705863899e-05,4337,37.61899948,-122.375,43.13990021,-89.33750153
labeled_all,255001,45000,SJC-HOU,SJC,HOU,12,0,12,0,4.705863899e-05,4338,37.36259842,-121.9290009,29.64539909,-95.27890015
labeled_all,255001,45000,SJC-LIH,SJC,LIH,12,3,9,0.25,4.705863899e-05,4339,37.36259842,-121.9290009,21.97599983,-159.3390045
labeled_all,255001,45000,SLC-ASE,SLC,ASE,12,0,12,0,4.705863899e-05,4340,40.78839874,-111.9779968,39.22320175,-106.8690033
labeled_all,255001,45000,SMF-AUS,SMF,AUS,12,0,12,0,4.705863899e-05,4341,38.69540024,-121.5910034,30.19449997,-97.66989899
labeled_all,255001,45000,SMF-JFK,SMF,JFK,12,2,10,0.1666666667,4.705863899e-05,4342,38.69540024,-121.5910034,40.63980103,-73.77890015
labeled_all,255001,45000,STS-SNA,STS,SNA,12,3,9,0.25,4.705863899e-05,4343,38.50899887,-122.8130035,33.67570114,-117.8679962
labeled_all,255001,45000,SYR-FLL,SYR,FLL,12,4,8,0.3333333333,4.705863899e-05,4344,43.11119843,-76.10630035,26.07259941,-80.15270233
labeled_all,255001,45000,TPA-SDF,TPA,SDF,12,2,10,0.1666666667,4.705863899e-05,4345,27.97550011,-82.53320312,38.17440033,-85.73600006
labeled_all,255001,45000,TPA-SFO,TPA,SFO,12,0,12,0,4.705863899e-05,4346,27.97550011,-82.53320312,37.61899948,-122.375
labeled_all,255001,45000,TUS-MDW,TUS,MDW,12,0,12,0,4.705863899e-05,4347,32.11610031,-110.9410019,41.7859993,-87.75240326
labeled_all,255001,45000,TUS-PDX,TUS,PDX,12,0,12,0,4.705863899e-05,4348,32.11610031,-110.9410019,45.58869934,-122.5979996
labeled_all,255001,45000,USA-SFB,USA,SFB,12,1,11,0.08333333333,4.705863899e-05,4349,35.38779831,-80.70909882,28.77759933,-81.23750305
labeled_all,255001,45000,VPS-DCA,VPS,DCA,12,3,9,0.25,4.705863899e-05,4350,30.48320007,-86.52539825,38.85210037,-77.03769684
labeled_all,255001,45000,ANC-CDV,ANC,CDV,11,1,10,0.09090909091,4.313708574e-05,4351,61.17440033,-149.9960022,60.4917984,-145.4779968
labeled_all,255001,45000,ANC-OME,ANC,OME,11,0,11,0,4.313708574e-05,4352,61.17440033,-149.9960022,64.5121994,-165.4450073
labeled_all,255001,45000,ASE-SFO,ASE,SFO,11,5,6,0.4545454545,4.313708574e-05,4353,39.22320175,-106.8690033,37.61899948,-122.375
labeled_all,255001,45000,ATL-HHH,ATL,HHH,11,3,8,0.2727272727,4.313708574e-05,4354,33.63669968,-84.42810059,32.22439957,-80.69750214
labeled_all,255001,45000,ATL-MHT,ATL,MHT,11,2,9,0.1818181818,4.313708574e-05,4355,33.63669968,-84.42810059,42.93259811,-71.43569946
labeled_all,255001,45000,AVL-PIE,AVL,PIE,11,3,8,0.2727272727,4.313708574e-05,4356,35.43619919,-82.54180145,27.91020012,-82.68740082
labeled_all,255001,45000,BDL-LAX,BDL,LAX,11,2,9,0.1818181818,4.313708574e-05,4357,41.93889999,-72.68319702,33.94250107,-118.4079971
labeled_all,255001,45000,BIS-DFW,BIS,DFW,11,1,10,0.09090909091,4.313708574e-05,4358,46.77270126,-100.7460022,32.89680099,-97.03800201
labeled_all,255001,45000,BOI-RNO,BOI,RNO,11,2,9,0.1818181818,4.313708574e-05,4359,43.56439972,-116.2229996,39.49909973,-119.7679977
labeled_all,255001,45000,BOS-MYR,BOS,MYR,11,1,10,0.09090909091,4.313708574e-05,4360,42.36429977,-71.00520325,33.67969894,-78.92829895
labeled_all,255001,45000,BOS-SJC,BOS,SJC,11,3,8,0.2727272727,4.313708574e-05,4361,42.36429977,-71.00520325,37.36259842,-121.9290009
labeled_all,255001,45000,BUF-LAX,BUF,LAX,11,3,8,0.2727272727,4.313708574e-05,4362,42.94049835,-78.73220062,33.94250107,-118.4079971
labeled_all,255001,45000,BUR-HOU,BUR,HOU,11,1,10,0.09090909091,4.313708574e-05,4363,34.20069885,-118.3590012,29.64539909,-95.27890015
labeled_all,255001,45000,BWI-ECP,BWI,ECP,11,3,8,0.2727272727,4.313708574e-05,4364,39.17539978,-76.66829681,30.3417,-85.7973
labeled_all,255001,45000,CLT-SMF,CLT,SMF,11,4,7,0.3636363636,4.313708574e-05,4365,35.2140007,-80.94309998,38.69540024,-121.5910034
labeled_all,255001,45000,CMI-CLT,CMI,CLT,11,1,10,0.09090909091,4.313708574e-05,4366,40.03919983,-88.27809906,35.2140007,-80.94309998
labeled_all,255001,45000,CYS-DFW,CYS,DFW,11,1,10,0.09090909091,4.313708574e-05,4367,41.15570068,-104.8119965,32.89680099,-97.03800201
labeled_all,255001,45000,DAL-CHS,DAL,CHS,11,4,7,0.3636363636,4.313708574e-05,4368,32.8470993,-96.85179901,32.89860153,-80.04049683
labeled_all,255001,45000,DAL-PHL,DAL,PHL,11,4,7,0.3636363636,4.313708574e-05,4369,32.8470993,-96.85179901,39.87189865,-75.2410965
labeled_all,255001,45000,DCA-AUS,DCA,AUS,11,2,9,0.1818181818,4.313708574e-05,4370,38.85210037,-77.03769684,30.19449997,-97.66989899
labeled_all,255001,45000,DCA-CAK,DCA,CAK,11,3,8,0.2727272727,4.313708574e-05,4371,38.85210037,-77.03769684,40.91609955,-81.44219971
labeled_all,255001,45000,DCA-TLH,DCA,TLH,11,1,10,0.09090909091,4.313708574e-05,4372,38.85210037,-77.03769684,30.39649963,-84.35030365
labeled_all,255001,45000,DCA-XNA,DCA,XNA,11,2,9,0.1818181818,4.313708574e-05,4373,38.85210037,-77.03769684,36.2818985,-94.30680084
labeled_all,255001,45000,DEN-LIH,DEN,LIH,11,1,10,0.09090909091,4.313708574e-05,4374,39.86169815,-104.6729965,21.97599983,-159.3390045
labeled_all,255001,45000,DEN-PAE,DEN,PAE,11,1,10,0.09090909091,4.313708574e-05,4375,39.86169815,-104.6729965,47.90629959,-122.2819977
labeled_all,255001,45000,DEN-PIR,DEN,PIR,11,2,9,0.1818181818,4.313708574e-05,4376,39.86169815,-104.6729965,44.38270187,-100.2860031
labeled_all,255001,45000,DFW-BIL,DFW,BIL,11,0,11,0,4.313708574e-05,4377,32.89680099,-97.03800201,45.80770111,-108.5429993
labeled_all,255001,45000,DFW-FWA,DFW,FWA,11,1,10,0.09090909091,4.313708574e-05,4378,32.89680099,-97.03800201,40.97850037,-85.19509888
labeled_all,255001,45000,DSM-AZA,DSM,AZA,11,2,9,0.1818181818,4.313708574e-05,4379,41.5340004,-93.6631012,33.30780029,-111.6549988
labeled_all,255001,45000,DSM-DCA,DSM,DCA,11,1,10,0.09090909091,4.313708574e-05,4380,41.5340004,-93.6631012,38.85210037,-77.03769684
labeled_all,255001,45000,DSM-PHL,DSM,PHL,11,3,8,0.2727272727,4.313708574e-05,4381,41.5340004,-93.6631012,39.87189865,-75.2410965
labeled_all,255001,45000,DSM-SLC,DSM,SLC,11,0,11,0,4.313708574e-05,4382,41.5340004,-93.6631012,40.78839874,-111.9779968
labeled_all,255001,45000,DTW-CWA,DTW,CWA,11,1,10,0.09090909091,4.313708574e-05,4383,42.21239853,-83.35340118,44.77759933,-89.66680145
labeled_all,255001,45000,DVL-JMS,DVL,JMS,11,0,11,0,4.313708574e-05,4384,48.11420059,-98.90879822,46.92969894,-98.67819977
labeled_all,255001,45000,ECP-DAL,ECP,DAL,11,2,9,0.1818181818,4.313708574e-05,4385,30.3417,-85.7973,32.8470993,-96.85179901
labeled_all,255001,45000,ECP-STL,ECP,STL,11,0,11,0,4.313708574e-05,4386,30.3417,-85.7973,38.74869919,-90.37000275
labeled_all,255001,45000,EYW-EWR,EYW,EWR,11,3,8,0.2727272727,4.313708574e-05,4387,24.55610085,-81.75959778,40.69250107,-74.16870117
labeled_all,255001,45000,FLL-LBE,FLL,LBE,11,2,9,0.1818181818,4.313708574e-05,4388,26.07259941,-80.15270233,40.27590179,-79.40480042
labeled_all,255001,45000,FLL-MSP,FLL,MSP,11,0,11,0,4.313708574e-05,4389,26.07259941,-80.15270233,44.88199997,-93.22180176
labeled_all,255001,45000,FLL-SAN,FLL,SAN,11,4,7,0.3636363636,4.313708574e-05,4390,26.07259941,-80.15270233,32.73360062,-117.1900024
labeled_all,255001,45000,FSD-PHX,FSD,PHX,11,2,9,0.1818181818,4.313708574e-05,4391,43.58200073,-96.74189758,33.43429947,-112.012001
labeled_all,255001,45000,GRR-IAD,GRR,IAD,11,3,8,0.2727272727,4.313708574e-05,4392,42.88079834,-85.52279663,38.94449997,-77.45580292
labeled_all,255001,45000,GRR-PGD,GRR,PGD,11,5,6,0.4545454545,4.313708574e-05,4393,42.88079834,-85.52279663,26.92020035,-81.9905014
labeled_all,255001,45000,HLN-MSP,HLN,MSP,11,4,7,0.3636363636,4.313708574e-05,4394,46.60680008,-111.9830017,44.88199997,-93.22180176
labeled_all,255001,45000,HNL-ANC,HNL,ANC,11,3,8,0.2727272727,4.313708574e-05,4395,21.31870079,-157.9219971,61.17440033,-149.9960022
labeled_all,255001,45000,HNL-ATL,HNL,ATL,11,1,10,0.09090909091,4.313708574e-05,4396,21.31870079,-157.9219971,33.63669968,-84.42810059
labeled_all,255001,45000,HOU-CLT,HOU,CLT,11,1,10,0.09090909091,4.313708574e-05,4397,29.64539909,-95.27890015,35.2140007,-80.94309998
labeled_all,255001,45000,HOU-CMH,HOU,CMH,11,3,8,0.2727272727,4.313708574e-05,4398,29.64539909,-95.27890015,39.9980011,-82.89189911
labeled_all,255001,45000,HOU-JFK,HOU,JFK,11,6,5,0.5454545455,4.313708574e-05,4399,29.64539909,-95.27890015,40.63980103,-73.77890015
labeled_all,255001,45000,IAD-ELM,IAD,ELM,11,2,9,0.1818181818,4.313708574e-05,4400,38.94449997,-77.45580292,42.15990067,-76.89160156
labeled_all,255001,45000,IAD-LEX,IAD,LEX,11,1,10,0.09090909091,4.313708574e-05,4401,38.94449997,-77.45580292,38.03649902,-84.60590363
labeled_all,255001,45000,IAH-DAY,IAH,DAY,11,2,9,0.1818181818,4.313708574e-05,4402,29.9843998,-95.34140015,39.90240097,-84.2193985
labeled_all,255001,45000,ITO-LAX,ITO,LAX,11,1,10,0.09090909091,4.313708574e-05,4403,19.72139931,-155.0480042,33.94250107,-118.4079971
labeled_all,255001,45000,JFK-OAK,JFK,OAK,11,1,10,0.09090909091,4.313708574e-05,4404,40.63980103,-73.77890015,37.72129822,-122.2210007
labeled_all,255001,45000,JFK-PSP,JFK,PSP,11,1,10,0.09090909091,4.313708574e-05,4405,40.63980103,-73.77890015,33.82970047,-116.5070038
labeled_all,255001,45000,KOA-OAK,KOA,OAK,11,1,10,0.09090909091,4.313708574e-05,4406,19.73880005,-156.0460052,37.72129822,-122.2210007
labeled_all,255001,45000,KTN-JNU,KTN,JNU,11,2,9,0.1818181818,4.313708574e-05,4407,55.35559845,-131.7140045,58.35499954,-134.576004
labeled_all,255001,45000,LAS-DCA,LAS,DCA,11,2,9,0.1818181818,4.313708574e-05,4408,36.08010101,-115.1520004,38.85210037,-77.03769684
labeled_all,255001,45000,LAX-BDL,LAX,BDL,11,3,8,0.2727272727,4.313708574e-05,4409,33.94250107,-118.4079971,41.93889999,-72.68319702
labeled_all,255001,45000,LAX-MMH,LAX,MMH,11,2,9,0.1818181818,4.313708574e-05,4410,33.94250107,-118.4079971,37.62409973,-118.8379974
labeled_all,255001,45000,LBL-PUB,LBL,PUB,11,1,10,0.09090909091,4.313708574e-05,4411,37.0442009,-100.9599991,38.28910065,-104.4970016
labeled_all,255001,45000,LEX-IAH,LEX,IAH,11,2,9,0.1818181818,4.313708574e-05,4412,38.03649902,-84.60590363,29.9843998,-95.34140015
labeled_all,255001,45000,LGA-MHT,LGA,MHT,11,5,6,0.4545454545,4.313708574e-05,4413,40.77719879,-73.87259674,42.93259811,-71.43569946
labeled_all,255001,45000,LIT-PHX,LIT,PHX,11,2,9,0.1818181818,4.313708574e-05,4414,34.72940063,-92.22429657,33.43429947,-112.012001
labeled_all,255001,45000,MBS-MSP,MBS,MSP,11,0,11,0,4.313708574e-05,4415,43.53290176,-84.07959747,44.88199997,-93.22180176
labeled_all,255001,45000,MCI-CVG,MCI,CVG,11,1,10,0.09090909091,4.313708574e-05,4416,39.29759979,-94.71389771,39.04880142,-84.6678009
labeled_all,255001,45000,MCI-MKE,MCI,MKE,11,1,10,0.09090909091,4.313708574e-05,4417,39.29759979,-94.71389771,42.94720078,-87.89659882
labeled_all,255001,45000,MCO-ROC,MCO,ROC,11,1,10,0.09090909091,4.313708574e-05,4418,28.42939949,-81.30899811,43.1189003,-77.67240143
labeled_all,255001,45000,MCO-SJC,MCO,SJC,11,1,10,0.09090909091,4.313708574e-05,4419,28.42939949,-81.30899811,37.36259842,-121.9290009
labeled_all,255001,45000,MDW-RNO,MDW,RNO,11,4,7,0.3636363636,4.313708574e-05,4420,41.7859993,-87.75240326,39.49909973,-119.7679977
labeled_all,255001,45000,MEI-PIB,MEI,PIB,11,3,8,0.2727272727,4.313708574e-05,4421,32.33259964,-88.75189972,31.46710014,-89.33709717
labeled_all,255001,45000,MFE-LAS,MFE,LAS,11,0,11,0,4.313708574e-05,4422,26.17580032,-98.23860168,36.08010101,-115.1520004
labeled_all,255001,45000,MIA-GSP,MIA,GSP,11,1,10,0.09090909091,4.313708574e-05,4423,25.79319954,-80.29060364,34.89569855,-82.21890259
labeled_all,255001,45000,MKE-FLL,MKE,FLL,11,0,11,0,4.313708574e-05,4424,42.94720078,-87.89659882,26.07259941,-80.15270233
labeled_all,255001,45000,MSN-SFO,MSN,SFO,11,3,8,0.2727272727,4.313708574e-05,4425,43.13990021,-89.33750153,37.61899948,-122.375
labeled_all,255001,45000,MSO-DFW,MSO,DFW,11,4,7,0.3636363636,4.313708574e-05,4426,46.91630173,-114.0910034,32.89680099,-97.03800201
labeled_all,255001,45000,MSO-PDX,MSO,PDX,11,0,11,0,4.313708574e-05,4427,46.91630173,-114.0910034,45.58869934,-122.5979996
labeled_all,255001,45000,MSP-JAX,MSP,JAX,11,1,10,0.09090909091,4.313708574e-05,4428,44.88199997,-93.22180176,30.49410057,-81.68789673
labeled_all,255001,45000,MSP-MLI,MSP,MLI,11,0,11,0,4.313708574e-05,4429,44.88199997,-93.22180176,41.44850159,-90.50749969
labeled_all,255001,45000,MSP-PIA,MSP,PIA,11,0,11,0,4.313708574e-05,4430,44.88199997,-93.22180176,40.66419983,-89.69329834
labeled_all,255001,45000,MSP-SBN,MSP,SBN,11,1,10,0.09090909091,4.313708574e-05,4431,44.88199997,-93.22180176,41.70869827,-86.31729889
labeled_all,255001,45000,OKC-DCA,OKC,DCA,11,2,9,0.1818181818,4.313708574e-05,4432,35.39310074,-97.60070038,38.85210037,-77.03769684
labeled_all,255001,45000,OKC-DTW,OKC,DTW,11,2,9,0.1818181818,4.313708574e-05,4433,35.39310074,-97.60070038,42.21239853,-83.35340118
labeled_all,255001,45000,ORD-CKB,ORD,CKB,11,2,9,0.1818181818,4.313708574e-05,4434,41.97859955,-87.90480042,39.29660034,-80.22810364
labeled_all,255001,45000,ORD-EYW,ORD,EYW,11,2,9,0.1818181818,4.313708574e-05,4435,41.97859955,-87.90480042,24.55610085,-81.75959778
labeled_all,255001,45000,ORD-FCA,ORD,FCA,11,1,10,0.09090909091,4.313708574e-05,4436,41.97859955,-87.90480042,48.3105011,-114.2559967
labeled_all,255001,45000,ORD-PSP,ORD,PSP,11,0,11,0,4.313708574e-05,4437,41.97859955,-87.90480042,33.82970047,-116.5070038
labeled_all,255001,45000,PAE-LAS,PAE,LAS,11,3,8,0.2727272727,4.313708574e-05,4438,47.90629959,-122.2819977,36.08010101,-115.1520004
labeled_all,255001,45000,PBG-IAD,PBG,IAD,11,1,10,0.09090909091,4.313708574e-05,4439,44.65090179,-73.4681015,38.94449997,-77.45580292
labeled_all,255001,45000,PDX-ABQ,PDX,ABQ,11,2,9,0.1818181818,4.313708574e-05,4440,45.58869934,-122.5979996,35.04019928,-106.6090012
labeled_all,255001,45000,PHL-FWA,PHL,FWA,11,4,7,0.3636363636,4.313708574e-05,4441,39.87189865,-75.2410965,40.97850037,-85.19509888
labeled_all,255001,45000,PHX-BUF,PHX,BUF,11,2,9,0.1818181818,4.313708574e-05,4442,33.43429947,-112.012001,42.94049835,-78.73220062
labeled_all,255001,45000,PIA-DFW,PIA,DFW,11,3,8,0.2727272727,4.313708574e-05,4443,40.66419983,-89.69329834,32.89680099,-97.03800201
labeled_all,255001,45000,PIE-DSM,PIE,DSM,11,1,10,0.09090909091,4.313708574e-05,4444,27.91020012,-82.68740082,41.5340004,-93.6631012
labeled_all,255001,45000,PUB-LBL,PUB,LBL,11,3,8,0.2727272727,4.313708574e-05,4445,38.28910065,-104.4970016,37.0442009,-100.9599991
labeled_all,255001,45000,RAP-SLC,RAP,SLC,11,1,10,0.09090909091,4.313708574e-05,4446,44.04529953,-103.0569992,40.78839874,-111.9779968
labeled_all,255001,45000,ROC-TPA,ROC,TPA,11,2,9,0.1818181818,4.313708574e-05,4447,43.1189003,-77.67240143,27.97550011,-82.53320312
labeled_all,255001,45000,SBN-CLT,SBN,CLT,11,1,10,0.09090909091,4.313708574e-05,4448,41.70869827,-86.31729889,35.2140007,-80.94309998
labeled_all,255001,45000,SCC-ANC,SCC,ANC,11,1,10,0.09090909091,4.313708574e-05,4449,70.19470215,-148.4649963,61.17440033,-149.9960022
labeled_all,255001,45000,SDF-DAL,SDF,DAL,11,3,8,0.2727272727,4.313708574e-05,4450,38.17440033,-85.73600006,32.8470993,-96.85179901
labeled_all,255001,45000,SDF-MIA,SDF,MIA,11,0,11,0,4.313708574e-05,4451,38.17440033,-85.73600006,25.79319954,-80.29060364
labeled_all,255001,45000,SDF-TPA,SDF,TPA,11,2,9,0.1818181818,4.313708574e-05,4452,38.17440033,-85.73600006,27.97550011,-82.53320312
labeled_all,255001,45000,SEA-GTF,SEA,GTF,11,4,7,0.3636363636,4.313708574e-05,4453,47.44900131,-122.3089981,47.48199844,-111.3710022
labeled_all,255001,45000,SEA-HLN,SEA,HLN,11,0,11,0,4.313708574e-05,4454,47.44900131,-122.3089981,46.60680008,-111.9830017
labeled_all,255001,45000,SEA-STS,SEA,STS,11,3,8,0.2727272727,4.313708574e-05,4455,47.44900131,-122.3089981,38.50899887,-122.8130035
labeled_all,255001,45000,SFB-BGR,SFB,BGR,11,0,11,0,4.313708574e-05,4456,28.77759933,-81.23750305,44.80739975,-68.82810211
labeled_all,255001,45000,SFB-BMI,SFB,BMI,11,1,10,0.09090909091,4.313708574e-05,4457,28.77759933,-81.23750305,40.47710037,-88.91590118
labeled_all,255001,45000,SFO-BZN,SFO,BZN,11,1,10,0.09090909091,4.313708574e-05,4458,37.61899948,-122.375,45.77750015,-111.1529999
labeled_all,255001,45000,SJC-BOS,SJC,BOS,11,5,6,0.4545454545,4.313708574e-05,4459,37.36259842,-121.9290009,42.36429977,-71.00520325
labeled_all,255001,45000,SJC-EWR,SJC,EWR,11,5,6,0.4545454545,4.313708574e-05,4460,37.36259842,-121.9290009,40.69250107,-74.16870117
labeled_all,255001,45000,SLC-MKE,SLC,MKE,11,1,10,0.09090909091,4.313708574e-05,4461,40.78839874,-111.9779968,42.94720078,-87.89659882
labeled_all,255001,45000,SLC-RDU,SLC,RDU,11,2,9,0.1818181818,4.313708574e-05,4462,40.78839874,-111.9779968,35.87760162,-78.78749847
labeled_all,255001,45000,SNA-STS,SNA,STS,11,1,10,0.09090909091,4.313708574e-05,4463,33.67570114,-117.8679962,38.50899887,-122.8130035
labeled_all,255001,45000,STS-PHX,STS,PHX,11,0,11,0,4.313708574e-05,4464,38.50899887,-122.8130035,33.43429947,-112.012001
labeled_all,255001,45000,STT-FLL,STT,FLL,11,1,10,0.09090909091,4.313708574e-05,4465,18.33729935,-64.9733963,26.07259941,-80.15270233
labeled_all,255001,45000,TPA-SEA,TPA,SEA,11,3,8,0.2727272727,4.313708574e-05,4466,27.97550011,-82.53320312,47.44900131,-122.3089981
labeled_all,255001,45000,USA-PIE,USA,PIE,11,2,9,0.1818181818,4.313708574e-05,4467,35.38779831,-80.70909882,27.91020012,-82.68740082
labeled_all,255001,45000,XNA-DCA,XNA,DCA,11,1,10,0.09090909091,4.313708574e-05,4468,36.2818985,-94.30680084,38.85210037,-77.03769684
labeled_all,255001,45000,XNA-MSP,XNA,MSP,11,2,9,0.1818181818,4.313708574e-05,4469,36.2818985,-94.30680084,44.88199997,-93.22180176
labeled_all,255001,45000,ATL-LNK,ATL,LNK,10,1,9,0.1,3.921553249e-05,4470,33.63669968,-84.42810059,40.85100174,-96.75920105
labeled_all,255001,45000,AUS-PDX,AUS,PDX,10,1,9,0.1,3.921553249e-05,4471,30.19449997,-97.66989899,45.58869934,-122.5979996
labeled_all,255001,45000,AVL-IAD,AVL,IAD,10,0,10,0,3.921553249e-05,4472,35.43619919,-82.54180145,38.94449997,-77.45580292
labeled_all,255001,45000,BDL-CLE,BDL,CLE,10,0,10,0,3.921553249e-05,4473,41.93889999,-72.68319702,41.4117012,-81.84980011
labeled_all,255001,45000,BLI-LAX,BLI,LAX,10,0,10,0,3.921553249e-05,4474,48.7928009,-122.538002,33.94250107,-118.4079971
labeled_all,255001,45000,BLI-OAK,BLI,OAK,10,0,10,0,3.921553249e-05,4475,48.7928009,-122.538002,37.72129822,-122.2210007
labeled_all,255001,45000,BOS-BUR,BOS,BUR,10,5,5,0.5,3.921553249e-05,4476,42.36429977,-71.00520325,34.20069885,-118.3590012
labeled_all,255001,45000,BZN-DFW,BZN,DFW,10,0,10,0,3.921553249e-05,4477,45.77750015,-111.1529999,32.89680099,-97.03800201
labeled_all,255001,45000,CAK-IAH,CAK,IAH,10,3,7,0.3,3.921553249e-05,4478,40.91609955,-81.44219971,29.9843998,-95.34140015
labeled_all,255001,45000,CAK-LGA,CAK,LGA,10,2,8,0.2,3.921553249e-05,4479,40.91609955,-81.44219971,40.77719879,-73.87259674
labeled_all,255001,45000,CHA-EWR,CHA,EWR,10,1,9,0.1,3.921553249e-05,4480,35.03530121,-85.20379639,40.69250107,-74.16870117
labeled_all,255001,45000,CID-AZA,CID,AZA,10,3,7,0.3,3.921553249e-05,4481,41.88470078,-91.71080017,33.30780029,-111.6549988
labeled_all,255001,45000,CLT-HOU,CLT,HOU,10,1,9,0.1,3.921553249e-05,4482,35.2140007,-80.94309998,29.64539909,-95.27890015
labeled_all,255001,45000,CMH-HOU,CMH,HOU,10,1,9,0.1,3.921553249e-05,4483,39.9980011,-82.89189911,29.64539909,-95.27890015
labeled_all,255001,45000,CVG-PIE,CVG,PIE,10,1,9,0.1,3.921553249e-05,4484,39.04880142,-84.6678009,27.91020012,-82.68740082
labeled_all,255001,45000,DCA-SRQ,DCA,SRQ,10,0,10,0,3.921553249e-05,4485,38.85210037,-77.03769684,27.39539909,-82.55439758
labeled_all,255001,45000,DCA-VPS,DCA,VPS,10,1,9,0.1,3.921553249e-05,4486,38.85210037,-77.03769684,30.48320007,-86.52539825
labeled_all,255001,45000,DEN-BUF,DEN,BUF,10,2,8,0.2,3.921553249e-05,4487,39.86169815,-104.6729965,42.94049835,-78.73220062
labeled_all,255001,45000,DFW-ASE,DFW,ASE,10,3,7,0.3,3.921553249e-05,4488,32.89680099,-97.03800201,39.22320175,-106.8690033
labeled_all,255001,45000,DFW-BZN,DFW,BZN,10,1,9,0.1,3.921553249e-05,4489,32.89680099,-97.03800201,45.77750015,-111.1529999
labeled_all,255001,45000,DTW-DAL,DTW,DAL,10,1,9,0.1,3.921553249e-05,4490,42.21239853,-83.35340118,32.8470993,-96.85179901
labeled_all,255001,45000,DTW-OAK,DTW,OAK,10,3,7,0.3,3.921553249e-05,4491,42.21239853,-83.35340118,37.72129822,-122.2210007
labeled_all,255001,45000,DVL-DEN,DVL,DEN,10,3,7,0.3,3.921553249e-05,4492,48.11420059,-98.90879822,39.86169815,-104.6729965
labeled_all,255001,45000,ERI-PHL,ERI,PHL,10,1,9,0.1,3.921553249e-05,4493,42.08312701,-80.17386675,39.87189865,-75.2410965
labeled_all,255001,45000,EUG-ORD,EUG,ORD,10,0,10,0,3.921553249e-05,4494,44.12459946,-123.211998,41.97859955,-87.90480042
labeled_all,255001,45000,EUG-PHX,EUG,PHX,10,0,10,0,3.921553249e-05,4495,44.12459946,-123.211998,33.43429947,-112.012001
labeled_all,255001,45000,EWR-BQN,EWR,BQN,10,2,8,0.2,3.921553249e-05,4496,40.69250107,-74.16870117,18.49489975,-67.12940216
labeled_all,255001,45000,FAR-LAS,FAR,LAS,10,3,7,0.3,3.921553249e-05,4497,46.92070007,-96.81580353,36.08010101,-115.1520004
labeled_all,255001,45000,FCA-ORD,FCA,ORD,10,1,9,0.1,3.921553249e-05,4498,48.3105011,-114.2559967,41.97859955,-87.90480042
labeled_all,255001,45000,FWA-PHL,FWA,PHL,10,0,10,0,3.921553249e-05,4499,40.97850037,-85.19509888,39.87189865,-75.2410965
labeled_all,255001,45000,GRR-PIE,GRR,PIE,10,6,4,0.6,3.921553249e-05,4500,42.88079834,-85.52279663,27.91020012,-82.68740082
labeled_all,255001,45000,GSO-MIA,GSO,MIA,10,0,10,0,3.921553249e-05,4501,36.09780121,-79.93730164,25.79319954,-80.29060364
labeled_all,255001,45000,GSP-LGA,GSP,LGA,10,3,7,0.3,3.921553249e-05,4502,34.89569855,-82.21890259,40.77719879,-73.87259674
labeled_all,255001,45000,GTF-MSP,GTF,MSP,10,0,10,0,3.921553249e-05,4503,47.48199844,-111.3710022,44.88199997,-93.22180176
labeled_all,255001,45000,HIB-MSP,HIB,MSP,10,1,9,0.1,3.921553249e-05,4504,47.38660049,-92.83899689,44.88199997,-93.22180176
labeled_all,255001,45000,HNL-EWR,HNL,EWR,10,1,9,0.1,3.921553249e-05,4505,21.31870079,-157.9219971,40.69250107,-74.16870117
labeled_all,255001,45000,HNL-GUM,HNL,GUM,10,4,6,0.4,3.921553249e-05,4506,21.31870079,-157.9219971,13.48340034,144.7960052
labeled_all,255001,45000,HOU-PNS,HOU,PNS,10,3,7,0.3,3.921553249e-05,4507,29.64539909,-95.27890015,30.47340012,-87.18659973
labeled_all,255001,45000,HOU-RDU,HOU,RDU,10,2,8,0.2,3.921553249e-05,4508,29.64539909,-95.27890015,35.87760162,-78.78749847
labeled_all,255001,45000,IAD-HHH,IAD,HHH,10,2,8,0.2,3.921553249e-05,4509,38.94449997,-77.45580292,32.22439957,-80.69750214
labeled_all,255001,45000,IAD-PDX,IAD,PDX,10,2,8,0.2,3.921553249e-05,4510,38.94449997,-77.45580292,45.58869934,-122.5979996
labeled_all,255001,45000,IAD-SMF,IAD,SMF,10,2,8,0.2,3.921553249e-05,4511,38.94449997,-77.45580292,38.69540024,-121.5910034
labeled_all,255001,45000,IAH-CRW,IAH,CRW,10,2,8,0.2,3.921553249e-05,4512,29.9843998,-95.34140015,38.37310028,-81.59320068
labeled_all,255001,45000,IAH-HNL,IAH,HNL,10,6,4,0.6,3.921553249e-05,4513,29.9843998,-95.34140015,21.31870079,-157.9219971
labeled_all,255001,45000,JAX-CVG,JAX,CVG,10,1,9,0.1,3.921553249e-05,4514,30.49410057,-81.68789673,39.04880142,-84.6678009
labeled_all,255001,45000,JAX-MSP,JAX,MSP,10,1,9,0.1,3.921553249e-05,4515,30.49410057,-81.68789673,44.88199997,-93.22180176
labeled_all,255001,45000,JFK-ONT,JFK,ONT,10,4,6,0.4,3.921553249e-05,4516,40.63980103,-73.77890015,34.05599976,-117.6009979
labeled_all,255001,45000,JFK-ORH,JFK,ORH,10,5,5,0.5,3.921553249e-05,4517,40.63980103,-73.77890015,42.26729965,-71.8757019
labeled_all,255001,45000,JMS-DEN,JMS,DEN,10,0,10,0,3.921553249e-05,4518,46.92969894,-98.67819977,39.86169815,-104.6729965
labeled_all,255001,45000,LAN-DCA,LAN,DCA,10,1,9,0.1,3.921553249e-05,4519,42.77870178,-84.58740234,38.85210037,-77.03769684
labeled_all,255001,45000,LAN-MSP,LAN,MSP,10,1,9,0.1,3.921553249e-05,4520,42.77870178,-84.58740234,44.88199997,-93.22180176
labeled_all,255001,45000,LAS-BIL,LAS,BIL,10,2,8,0.2,3.921553249e-05,4521,36.08010101,-115.1520004,45.80770111,-108.5429993
labeled_all,255001,45000,LAS-SDF,LAS,SDF,10,2,8,0.2,3.921553249e-05,4522,36.08010101,-115.1520004,38.17440033,-85.73600006
labeled_all,255001,45000,LBL-DEN,LBL,DEN,10,0,10,0,3.921553249e-05,4523,37.0442009,-100.9599991,39.86169815,-104.6729965
labeled_all,255001,45000,LEX-PIE,LEX,PIE,10,1,9,0.1,3.921553249e-05,4524,38.03649902,-84.60590363,27.91020012,-82.68740082
labeled_all,255001,45000,LIH-SJC,LIH,SJC,10,1,9,0.1,3.921553249e-05,4525,21.97599983,-159.3390045,37.36259842,-121.9290009
labeled_all,255001,45000,LIT-DTW,LIT,DTW,10,0,10,0,3.921553249e-05,4526,34.72940063,-92.22429657,42.21239853,-83.35340118
labeled_all,255001,45000,MCO-PDX,MCO,PDX,10,1,9,0.1,3.921553249e-05,4527,28.42939949,-81.30899811,45.58869934,-122.5979996
labeled_all,255001,45000,MKE-HOU,MKE,HOU,10,2,8,0.2,3.921553249e-05,4528,42.94720078,-87.89659882,29.64539909,-95.27890015
labeled_all,255001,45000,MSO-MSP,MSO,MSP,10,1,9,0.1,3.921553249e-05,4529,46.91630173,-114.0910034,44.88199997,-93.22180176
labeled_all,255001,45000,MSP-PSC,MSP,PSC,10,1,9,0.1,3.921553249e-05,4530,44.88199997,-93.22180176,46.26470184,-119.1190033
labeled_all,255001,45000,MSP-XNA,MSP,XNA,10,2,8,0.2,3.921553249e-05,4531,44.88199997,-93.22180176,36.2818985,-94.30680084
labeled_all,255001,45000,MSY-CVG,MSY,CVG,10,2,8,0.2,3.921553249e-05,4532,29.99340057,-90.25800323,39.04880142,-84.6678009
labeled_all,255001,45000,MTJ-ORD,MTJ,ORD,10,2,8,0.2,3.921553249e-05,4533,38.50979996,-107.8939972,41.97859955,-87.90480042
labeled_all,255001,45000,MYR-DFW,MYR,DFW,10,3,7,0.3,3.921553249e-05,4534,33.67969894,-78.92829895,32.89680099,-97.03800201
labeled_all,255001,45000,MYR-PIT,MYR,PIT,10,0,10,0,3.921553249e-05,4535,33.67969894,-78.92829895,40.49150085,-80.23290253
labeled_all,255001,45000,OAK-ORD,OAK,ORD,10,3,7,0.3,3.921553249e-05,4536,37.72129822,-122.2210007,41.97859955,-87.90480042
labeled_all,255001,45000,OAK-SAT,OAK,SAT,10,0,10,0,3.921553249e-05,4537,37.72129822,-122.2210007,29.53370094,-98.46980286
labeled_all,255001,45000,OKC-PHL,OKC,PHL,10,1,9,0.1,3.921553249e-05,4538,35.39310074,-97.60070038,39.87189865,-75.2410965
labeled_all,255001,45000,OMA-HOU,OMA,HOU,10,3,7,0.3,3.921553249e-05,4539,41.30319977,-95.89409637,29.64539909,-95.27890015
labeled_all,255001,45000,ORD-MHT,ORD,MHT,10,3,7,0.3,3.921553249e-05,4540,41.97859955,-87.90480042,42.93259811,-71.43569946
labeled_all,255001,45000,ORD-RNO,ORD,RNO,10,2,8,0.2,3.921553249e-05,4541,41.97859955,-87.90480042,39.49909973,-119.7679977
labeled_all,255001,45000,ORH-FLL,ORH,FLL,10,2,8,0.2,3.921553249e-05,4542,42.26729965,-71.8757019,26.07259941,-80.15270233
labeled_all,255001,45000,OTH-SFO,OTH,SFO,10,6,4,0.6,3.921553249e-05,4543,43.417099,-124.2460022,37.61899948,-122.375
labeled_all,255001,45000,PBG-SFB,PBG,SFB,10,3,7,0.3,3.921553249e-05,4544,44.65090179,-73.4681015,28.77759933,-81.23750305
labeled_all,255001,45000,PBI-IAH,PBI,IAH,10,3,7,0.3,3.921553249e-05,4545,26.68320084,-80.09559631,29.9843998,-95.34140015
labeled_all,255001,45000,PGD-PIT,PGD,PIT,10,1,9,0.1,3.921553249e-05,4546,26.92020035,-81.9905014,40.49150085,-80.23290253
labeled_all,255001,45000,PHX-LBB,PHX,LBB,10,2,8,0.2,3.921553249e-05,4547,33.43429947,-112.012001,33.66360092,-101.822998
labeled_all,255001,45000,PHX-SAF,PHX,SAF,10,0,10,0,3.921553249e-05,4548,33.43429947,-112.012001,35.61709976,-106.0889969
labeled_all,255001,45000,PIE-LCK,PIE,LCK,10,1,9,0.1,3.921553249e-05,4549,27.91020012,-82.68740082,39.81380081,-82.92780304
labeled_all,255001,45000,PIE-SWF,PIE,SWF,10,2,8,0.2,3.921553249e-05,4550,27.91020012,-82.68740082,41.5041008,-74.10479736
labeled_all,255001,45000,PRC-DEN,PRC,DEN,10,1,9,0.1,3.921553249e-05,4551,34.65449905,-112.4199982,39.86169815,-104.6729965
labeled_all,255001,45000,PSG-JNU,PSG,JNU,10,1,9,0.1,3.921553249e-05,4552,56.80170059,-132.9450073,58.35499954,-134.576004
labeled_all,255001,45000,PSG-WRG,PSG,WRG,10,1,9,0.1,3.921553249e-05,4553,56.80170059,-132.9450073,56.48429871,-132.3699951
labeled_all,255001,45000,PSP-PDX,PSP,PDX,10,1,9,0.1,3.921553249e-05,4554,33.82970047,-116.5070038,45.58869934,-122.5979996
labeled_all,255001,45000,RDM-PHX,RDM,PHX,10,1,9,0.1,3.921553249e-05,4555,44.2541008,-121.1500015,33.43429947,-112.012001
labeled_all,255001,45000,RDU-IND,RDU,IND,10,2,8,0.2,3.921553249e-05,4556,35.87760162,-78.78749847,39.71730041,-86.29440308
labeled_all,255001,45000,RNO-BOI,RNO,BOI,10,0,10,0,3.921553249e-05,4557,39.49909973,-119.7679977,43.56439972,-116.2229996
labeled_all,255001,45000,SAN-PAE,SAN,PAE,10,0,10,0,3.921553249e-05,4558,32.73360062,-117.1900024,47.90629959,-122.2819977
labeled_all,255001,45000,SAN-STS,SAN,STS,10,3,7,0.3,3.921553249e-05,4559,32.73360062,-117.1900024,38.50899887,-122.8130035
labeled_all,255001,45000,SAT-PHL,SAT,PHL,10,2,8,0.2,3.921553249e-05,4560,29.53370094,-98.46980286,39.87189865,-75.2410965
labeled_all,255001,45000,SDF-PHX,SDF,PHX,10,2,8,0.2,3.921553249e-05,4561,38.17440033,-85.73600006,33.43429947,-112.012001
labeled_all,255001,45000,SFB-IND,SFB,IND,10,1,9,0.1,3.921553249e-05,4562,28.77759933,-81.23750305,39.71730041,-86.29440308
labeled_all,255001,45000,SFB-PBG,SFB,PBG,10,4,6,0.4,3.921553249e-05,4563,28.77759933,-81.23750305,44.65090179,-73.4681015
labeled_all,255001,45000,SFO-JAC,SFO,JAC,10,4,6,0.4,3.921553249e-05,4564,37.61899948,-122.375,43.6072998,-110.737999
labeled_all,255001,45000,SFO-TPA,SFO,TPA,10,2,8,0.2,3.921553249e-05,4565,37.61899948,-122.375,27.97550011,-82.53320312
labeled_all,255001,45000,SJC-GEG,SJC,GEG,10,1,9,0.1,3.921553249e-05,4566,37.36259842,-121.9290009,47.61989975,-117.5339966
labeled_all,255001,45000,SLC-DCA,SLC,DCA,10,0,10,0,3.921553249e-05,4567,40.78839874,-111.9779968,38.85210037,-77.03769684
labeled_all,255001,45000,SLC-IAD,SLC,IAD,10,1,9,0.1,3.921553249e-05,4568,40.78839874,-111.9779968,38.94449997,-77.45580292
labeled_all,255001,45000,SLC-PHL,SLC,PHL,10,0,10,0,3.921553249e-05,4569,40.78839874,-111.9779968,39.87189865,-75.2410965
labeled_all,255001,45000,SLC-PIT,SLC,PIT,10,0,10,0,3.921553249e-05,4570,40.78839874,-111.9779968,40.49150085,-80.23290253
labeled_all,255001,45000,SMF-HNL,SMF,HNL,10,0,10,0,3.921553249e-05,4571,38.69540024,-121.5910034,21.31870079,-157.9219971
labeled_all,255001,45000,SNA-DTW,SNA,DTW,10,4,6,0.4,3.921553249e-05,4572,33.67570114,-117.8679962,42.21239853,-83.35340118
labeled_all,255001,45000,SRQ-BOS,SRQ,BOS,10,4,6,0.4,3.921553249e-05,4573,27.39539909,-82.55439758,42.36429977,-71.00520325
labeled_all,255001,45000,STL-OAK,STL,OAK,10,3,7,0.3,3.921553249e-05,4574,38.74869919,-90.37000275,37.72129822,-122.2210007
labeled_all,255001,45000,SUN-SEA,SUN,SEA,10,4,6,0.4,3.921553249e-05,4575,43.50439835,-114.2959976,47.44900131,-122.3089981
labeled_all,255001,45000,TOL-PGD,TOL,PGD,10,2,8,0.2,3.921553249e-05,4576,41.58679962,-83.80780029,26.92020035,-81.9905014
labeled_all,255001,45000,TPA-SLC,TPA,SLC,10,1,9,0.1,3.921553249e-05,4577,27.97550011,-82.53320312,40.78839874,-111.9779968
labeled_all,255001,45000,TTN-ATL,TTN,ATL,10,1,9,0.1,3.921553249e-05,4578,40.27669907,-74.81349945,33.63669968,-84.42810059
labeled_all,255001,45000,TVC-MSP,TVC,MSP,10,1,9,0.1,3.921553249e-05,4579,44.74140167,-85.5821991,44.88199997,-93.22180176
labeled_all,255001,45000,WRG-PSG,WRG,PSG,10,1,9,0.1,3.921553249e-05,4580,56.48429871,-132.3699951,56.80170059,-132.9450073
labeled_all,255001,45000,ACK-DCA,ACK,DCA,9,2,7,0.2222222222,3.529397924e-05,4581,41.25310135,-70.06020355,38.85210037,-77.03769684
labeled_all,255001,45000,AUS-MCI,AUS,MCI,9,2,7,0.2222222222,3.529397924e-05,4582,30.19449997,-97.66989899,39.29759979,-94.71389771
labeled_all,255001,45000,AZA-FSD,AZA,FSD,9,0,9,0,3.529397924e-05,4583,33.30780029,-111.6549988,43.58200073,-96.74189758
labeled_all,255001,45000,AZA-RFD,AZA,RFD,9,2,7,0.2222222222,3.529397924e-05,4584,33.30780029,-111.6549988,42.19540024,-89.09719849
labeled_all,255001,45000,BDL-MYR,BDL,MYR,9,0,9,0,3.529397924e-05,4585,41.93889999,-72.68319702,33.67969894,-78.92829895
labeled_all,255001,45000,BDL-RDU,BDL,RDU,9,2,7,0.2222222222,3.529397924e-05,4586,41.93889999,-72.68319702,35.87760162,-78.78749847
labeled_all,255001,45000,BOS-MDT,BOS,MDT,9,7,2,0.7777777778,3.529397924e-05,4587,42.36429977,-71.00520325,40.19350052,-76.76339722
labeled_all,255001,45000,BUF-DEN,BUF,DEN,9,3,6,0.3333333333,3.529397924e-05,4588,42.94049835,-78.73220062,39.86169815,-104.6729965
labeled_all,255001,45000,BZN-EWR,BZN,EWR,9,6,3,0.6666666667,3.529397924e-05,4589,45.77750015,-111.1529999,40.69250107,-74.16870117
labeled_all,255001,45000,CLT-ERI,CLT,ERI,9,0,9,0,3.529397924e-05,4590,35.2140007,-80.94309998,42.08312701,-80.17386675
labeled_all,255001,45000,DAB-JFK,DAB,JFK,9,1,8,0.1111111111,3.529397924e-05,4591,29.17989922,-81.05809784,40.63980103,-73.77890015
labeled_all,255001,45000,DAL-CMH,DAL,CMH,9,3,6,0.3333333333,3.529397924e-05,4592,32.8470993,-96.85179901,39.9980011,-82.89189911
labeled_all,255001,45000,DAL-MKE,DAL,MKE,9,3,6,0.3333333333,3.529397924e-05,4593,32.8470993,-96.85179901,42.94720078,-87.89659882
labeled_all,255001,45000,DCA-CHA,DCA,CHA,9,0,9,0,3.529397924e-05,4594,38.85210037,-77.03769684,35.03530121,-85.20379639
labeled_all,255001,45000,DCA-JAN,DCA,JAN,9,4,5,0.4444444444,3.529397924e-05,4595,38.85210037,-77.03769684,32.31119919,-90.07589722
labeled_all,255001,45000,DCA-SJU,DCA,SJU,9,3,6,0.3333333333,3.529397924e-05,4596,38.85210037,-77.03769684,18.43939972,-66.00180054
labeled_all,255001,45000,DEN-LBL,DEN,LBL,9,1,8,0.1111111111,3.529397924e-05,4597,39.86169815,-104.6729965,37.0442009,-100.9599991
labeled_all,255001,45000,DEN-MRY,DEN,MRY,9,2,7,0.2222222222,3.529397924e-05,4598,39.86169815,-104.6729965,36.5870018,-121.8430023
labeled_all,255001,45000,DEN-PRC,DEN,PRC,9,2,7,0.2222222222,3.529397924e-05,4599,39.86169815,-104.6729965,34.65449905,-112.4199982
labeled_all,255001,45000,DFW-BUR,DFW,BUR,9,2,7,0.2222222222,3.529397924e-05,4600,32.89680099,-97.03800201,34.20069885,-118.3590012
labeled_all,255001,45000,DFW-GEG,DFW,GEG,9,3,6,0.3333333333,3.529397924e-05,4601,32.89680099,-97.03800201,47.61989975,-117.5339966
labeled_all,255001,45000,DTW-APN,DTW,APN,9,3,6,0.3333333333,3.529397924e-05,4602,42.21239853,-83.35340118,45.0780983,-83.56030273
labeled_all,255001,45000,DTW-SNA,DTW,SNA,9,2,7,0.2222222222,3.529397924e-05,4603,42.21239853,-83.35340118,33.67570114,-117.8679962
labeled_all,255001,45000,EGE-DFW,EGE,DFW,9,2,7,0.2222222222,3.529397924e-05,4604,39.64260101,-106.9179993,32.89680099,-97.03800201
labeled_all,255001,45000,ELM-EWR,ELM,EWR,9,5,4,0.5555555556,3.529397924e-05,4605,42.15990067,-76.89160156,40.69250107,-74.16870117
labeled_all,255001,45000,ELM-SFB,ELM,SFB,9,0,9,0,3.529397924e-05,4606,42.15990067,-76.89160156,28.77759933,-81.23750305
labeled_all,255001,45000,ERI-CLT,ERI,CLT,9,0,9,0,3.529397924e-05,4607,42.08312701,-80.17386675,35.2140007,-80.94309998
labeled_all,255001,45000,EWR-AVP,EWR,AVP,9,1,8,0.1111111111,3.529397924e-05,4608,40.69250107,-74.16870117,41.33850098,-75.7233963
labeled_all,255001,45000,EWR-SBN,EWR,SBN,9,2,7,0.2222222222,3.529397924e-05,4609,40.69250107,-74.16870117,41.70869827,-86.31729889
labeled_all,255001,45000,FCA-MSP,FCA,MSP,9,1,8,0.1111111111,3.529397924e-05,4610,48.3105011,-114.2559967,44.88199997,-93.22180176
labeled_all,255001,45000,FLG-DFW,FLG,DFW,9,2,7,0.2222222222,3.529397924e-05,4611,35.13850021,-111.6709976,32.89680099,-97.03800201
labeled_all,255001,45000,FLL-MKE,FLL,MKE,9,1,8,0.1111111111,3.529397924e-05,4612,26.07259941,-80.15270233,42.94720078,-87.89659882
labeled_all,255001,45000,FNT-PIE,FNT,PIE,9,1,8,0.1111111111,3.529397924e-05,4613,42.9654007,-83.74359894,27.91020012,-82.68740082
labeled_all,255001,45000,FSD-AZA,FSD,AZA,9,2,7,0.2222222222,3.529397924e-05,4614,43.58200073,-96.74189758,33.30780029,-111.6549988
labeled_all,255001,45000,GNV-DFW,GNV,DFW,9,4,5,0.4444444444,3.529397924e-05,4615,29.69009972,-82.27179718,32.89680099,-97.03800201
labeled_all,255001,45000,GRR-LAS,GRR,LAS,9,1,8,0.1111111111,3.529397924e-05,4616,42.88079834,-85.52279663,36.08010101,-115.1520004
labeled_all,255001,45000,GSP-MIA,GSP,MIA,9,1,8,0.1111111111,3.529397924e-05,4617,34.89569855,-82.21890259,25.79319954,-80.29060364
labeled_all,255001,45000,HNL-IAD,HNL,IAD,9,1,8,0.1111111111,3.529397924e-05,4618,21.31870079,-157.9219971,38.94449997,-77.45580292
labeled_all,255001,45000,HOU-SJC,HOU,SJC,9,1,8,0.1111111111,3.529397924e-05,4619,29.64539909,-95.27890015,37.36259842,-121.9290009
labeled_all,255001,45000,HPN-TPA,HPN,TPA,9,6,3,0.6666666667,3.529397924e-05,4620,41.06700134,-73.70760345,27.97550011,-82.53320312
labeled_all,255001,45000,IAD-CKB,IAD,CKB,9,0,9,0,3.529397924e-05,4621,38.94449997,-77.45580292,39.29660034,-80.22810364
labeled_all,255001,45000,IAD-MIA,IAD,MIA,9,1,8,0.1111111111,3.529397924e-05,4622,38.94449997,-77.45580292,25.79319954,-80.29060364
labeled_all,255001,45000,IAD-OKC,IAD,OKC,9,1,8,0.1111111111,3.529397924e-05,4623,38.94449997,-77.45580292,35.39310074,-97.60070038
labeled_all,255001,45000,IAG-SFB,IAG,SFB,9,2,7,0.2222222222,3.529397924e-05,4624,43.1072998,-78.94619751,28.77759933,-81.23750305
labeled_all,255001,45000,IAH-PBI,IAH,PBI,9,1,8,0.1111111111,3.529397924e-05,4625,29.9843998,-95.34140015,26.68320084,-80.09559631
labeled_all,255001,45000,IMT-DTW,IMT,DTW,9,0,9,0,3.529397924e-05,4626,45.81840134,-88.11450195,42.21239853,-83.35340118
labeled_all,255001,45000,JFK-DAB,JFK,DAB,9,0,9,0,3.529397924e-05,4627,40.63980103,-73.77890015,29.17989922,-81.05809784
labeled_all,255001,45000,JFK-HOU,JFK,HOU,9,3,6,0.3333333333,3.529397924e-05,4628,40.63980103,-73.77890015,29.64539909,-95.27890015
labeled_all,255001,45000,JFK-PHL,JFK,PHL,9,2,7,0.2222222222,3.529397924e-05,4629,40.63980103,-73.77890015,39.87189865,-75.2410965
labeled_all,255001,45000,LAS-BHM,LAS,BHM,9,3,6,0.3333333333,3.529397924e-05,4630,36.08010101,-115.1520004,33.56290054,-86.75350189
labeled_all,255001,45000,LAX-MKE,LAX,MKE,9,3,6,0.3333333333,3.529397924e-05,4631,33.94250107,-118.4079971,42.94720078,-87.89659882
labeled_all,255001,45000,LEX-FLL,LEX,FLL,9,3,6,0.3333333333,3.529397924e-05,4632,38.03649902,-84.60590363,26.07259941,-80.15270233
labeled_all,255001,45000,LGA-LEX,LGA,LEX,9,2,7,0.2222222222,3.529397924e-05,4633,40.77719879,-73.87259674,38.03649902,-84.60590363
labeled_all,255001,45000,LIH-PHX,LIH,PHX,9,2,7,0.2222222222,3.529397924e-05,4634,21.97599983,-159.3390045,33.43429947,-112.012001
labeled_all,255001,45000,MCO-AVL,MCO,AVL,9,1,8,0.1111111111,3.529397924e-05,4635,28.42939949,-81.30899811,35.43619919,-82.54180145
labeled_all,255001,45000,MCO-GRR,MCO,GRR,9,2,7,0.2222222222,3.529397924e-05,4636,28.42939949,-81.30899811,42.88079834,-85.52279663
labeled_all,255001,45000,MCO-OMA,MCO,OMA,9,0,9,0,3.529397924e-05,4637,28.42939949,-81.30899811,41.30319977,-95.89409637
labeled_all,255001,45000,MDT-BOS,MDT,BOS,9,2,7,0.2222222222,3.529397924e-05,4638,40.19350052,-76.76339722,42.36429977,-71.00520325
labeled_all,255001,45000,MDW-ONT,MDW,ONT,9,4,5,0.4444444444,3.529397924e-05,4639,41.7859993,-87.75240326,34.05599976,-117.6009979
labeled_all,255001,45000,MGM-DCA,MGM,DCA,9,1,8,0.1111111111,3.529397924e-05,4640,32.30059814,-86.39399719,38.85210037,-77.03769684
labeled_all,255001,45000,MMH-LAX,MMH,LAX,9,2,7,0.2222222222,3.529397924e-05,4641,37.62409973,-118.8379974,33.94250107,-118.4079971
labeled_all,255001,45000,MRY-SAN,MRY,SAN,9,3,6,0.3333333333,3.529397924e-05,4642,36.5870018,-121.8430023,32.73360062,-117.1900024
labeled_all,255001,45000,MSP-BUF,MSP,BUF,9,0,9,0,3.529397924e-05,4643,44.88199997,-93.22180176,42.94049835,-78.73220062
labeled_all,255001,45000,MSP-FWA,MSP,FWA,9,2,7,0.2222222222,3.529397924e-05,4644,44.88199997,-93.22180176,40.97850037,-85.19509888
labeled_all,255001,45000,MSP-TYS,MSP,TYS,9,0,9,0,3.529397924e-05,4645,44.88199997,-93.22180176,35.81100082,-83.9940033
labeled_all,255001,45000,MSY-CLE,MSY,CLE,9,0,9,0,3.529397924e-05,4646,29.99340057,-90.25800323,41.4117012,-81.84980011
labeled_all,255001,45000,MSY-OAK,MSY,OAK,9,3,6,0.3333333333,3.529397924e-05,4647,29.99340057,-90.25800323,37.72129822,-122.2210007
labeled_all,255001,45000,MSY-RDU,MSY,RDU,9,3,6,0.3333333333,3.529397924e-05,4648,29.99340057,-90.25800323,35.87760162,-78.78749847
labeled_all,255001,45000,MSY-SLC,MSY,SLC,9,3,6,0.3333333333,3.529397924e-05,4649,29.99340057,-90.25800323,40.78839874,-111.9779968
labeled_all,255001,45000,MSY-USA,MSY,USA,9,4,5,0.4444444444,3.529397924e-05,4650,29.99340057,-90.25800323,35.38779831,-80.70909882
labeled_all,255001,45000,MYR-DCA,MYR,DCA,9,1,8,0.1111111111,3.529397924e-05,4651,33.67969894,-78.92829895,38.85210037,-77.03769684
labeled_all,255001,45000,OGG-DEN,OGG,DEN,9,0,9,0,3.529397924e-05,4652,20.89859962,-156.4299927,39.86169815,-104.6729965
labeled_all,255001,45000,OKC-EWR,OKC,EWR,9,0,9,0,3.529397924e-05,4653,35.39310074,-97.60070038,40.69250107,-74.16870117
labeled_all,255001,45000,ORD-MEI,ORD,MEI,9,3,6,0.3333333333,3.529397924e-05,4654,41.97859955,-87.90480042,32.33259964,-88.75189972
labeled_all,255001,45000,ORD-MTJ,ORD,MTJ,9,1,8,0.1111111111,3.529397924e-05,4655,41.97859955,-87.90480042,38.50979996,-107.8939972
labeled_all,255001,45000,PBI-TTN,PBI,TTN,9,3,6,0.3333333333,3.529397924e-05,4656,26.68320084,-80.09559631,40.27669907,-74.81349945
labeled_all,255001,45000,PDX-SBA,PDX,SBA,9,0,9,0,3.529397924e-05,4657,45.58869934,-122.5979996,34.42620087,-119.8399963
labeled_all,255001,45000,PGD-BNA,PGD,BNA,9,1,8,0.1111111111,3.529397924e-05,4658,26.92020035,-81.9905014,36.12450027,-86.67819977
labeled_all,255001,45000,PGD-IAG,PGD,IAG,9,0,9,0,3.529397924e-05,4659,26.92020035,-81.9905014,43.1072998,-78.94619751
labeled_all,255001,45000,PGD-TYS,PGD,TYS,9,2,7,0.2222222222,3.529397924e-05,4660,26.92020035,-81.9905014,35.81100082,-83.9940033
labeled_all,255001,45000,PHX-KOA,PHX,KOA,9,1,8,0.1111111111,3.529397924e-05,4661,33.43429947,-112.012001,19.73880005,-156.0460052
labeled_all,255001,45000,PHX-LIH,PHX,LIH,9,2,7,0.2222222222,3.529397924e-05,4662,33.43429947,-112.012001,21.97599983,-159.3390045
labeled_all,255001,45000,PIE-BLV,PIE,BLV,9,3,6,0.3333333333,3.529397924e-05,4663,27.91020012,-82.68740082,38.54520035,-89.83519745
labeled_all,255001,45000,PIE-CID,PIE,CID,9,1,8,0.1111111111,3.529397924e-05,4664,27.91020012,-82.68740082,41.88470078,-91.71080017
labeled_all,255001,45000,PIE-FWA,PIE,FWA,9,1,8,0.1111111111,3.529397924e-05,4665,27.91020012,-82.68740082,40.97850037,-85.19509888
labeled_all,255001,45000,PIE-HTS,PIE,HTS,9,2,7,0.2222222222,3.529397924e-05,4666,27.91020012,-82.68740082,38.36669922,-82.55799866
labeled_all,255001,45000,PSC-AZA,PSC,AZA,9,3,6,0.3333333333,3.529397924e-05,4667,46.26470184,-119.1190033,33.30780029,-111.6549988
labeled_all,255001,45000,PSP-JFK,PSP,JFK,9,5,4,0.5555555556,3.529397924e-05,4668,33.82970047,-116.5070038,40.63980103,-73.77890015
labeled_all,255001,45000,RNO-IAH,RNO,IAH,9,2,7,0.2222222222,3.529397924e-05,4669,39.49909973,-119.7679977,29.9843998,-95.34140015
labeled_all,255001,45000,RNO-MDW,RNO,MDW,9,0,9,0,3.529397924e-05,4670,39.49909973,-119.7679977,41.7859993,-87.75240326
labeled_all,255001,45000,ROC-MSP,ROC,MSP,9,0,9,0,3.529397924e-05,4671,43.1189003,-77.67240143,44.88199997,-93.22180176
labeled_all,255001,45000,SAN-GEG,SAN,GEG,9,4,5,0.4444444444,3.529397924e-05,4672,32.73360062,-117.1900024,47.61989975,-117.5339966
labeled_all,255001,45000,SAN-LIH,SAN,LIH,9,2,7,0.2222222222,3.529397924e-05,4673,32.73360062,-117.1900024,21.97599983,-159.3390045
labeled_all,255001,45000,SBN-LAS,SBN,LAS,9,1,8,0.1111111111,3.529397924e-05,4674,41.70869827,-86.31729889,36.08010101,-115.1520004
labeled_all,255001,45000,SBP-SEA,SBP,SEA,9,1,8,0.1111111111,3.529397924e-05,4675,35.23680115,-120.6419983,47.44900131,-122.3089981
labeled_all,255001,45000,SDF-PGD,SDF,PGD,9,2,7,0.2222222222,3.529397924e-05,4676,38.17440033,-85.73600006,26.92020035,-81.9905014
labeled_all,255001,45000,SDF-SFB,SDF,SFB,9,1,8,0.1111111111,3.529397924e-05,4677,38.17440033,-85.73600006,28.77759933,-81.23750305
labeled_all,255001,45000,SEA-ICT,SEA,ICT,9,1,8,0.1111111111,3.529397924e-05,4678,47.44900131,-122.3089981,37.64989853,-97.43309784
labeled_all,255001,45000,SEA-MIA,SEA,MIA,9,1,8,0.1111111111,3.529397924e-05,4679,47.44900131,-122.3089981,25.79319954,-80.29060364
labeled_all,255001,45000,SFB-AVL,SFB,AVL,9,1,8,0.1111111111,3.529397924e-05,4680,28.77759933,-81.23750305,35.43619919,-82.54180145
labeled_all,255001,45000,SFB-SGF,SFB,SGF,9,0,9,0,3.529397924e-05,4681,28.77759933,-81.23750305,37.24570084,-93.38860321
labeled_all,255001,45000,SFO-PSC,SFO,PSC,9,2,7,0.2222222222,3.529397924e-05,4682,37.61899948,-122.375,46.26470184,-119.1190033
labeled_all,255001,45000,SJC-DTW,SJC,DTW,9,1,8,0.1111111111,3.529397924e-05,4683,37.36259842,-121.9290009,42.21239853,-83.35340118
labeled_all,255001,45000,SLC-DSM,SLC,DSM,9,1,8,0.1111111111,3.529397924e-05,4684,40.78839874,-111.9779968,41.5340004,-93.6631012
labeled_all,255001,45000,SMF-CLT,SMF,CLT,9,2,7,0.2222222222,3.529397924e-05,4685,38.69540024,-121.5910034,35.2140007,-80.94309998
labeled_all,255001,45000,SMF-STL,SMF,STL,9,1,8,0.1111111111,3.529397924e-05,4686,38.69540024,-121.5910034,38.74869919,-90.37000275
labeled_all,255001,45000,STL-SJC,STL,SJC,9,2,7,0.2222222222,3.529397924e-05,4687,38.74869919,-90.37000275,37.36259842,-121.9290009
labeled_all,255001,45000,SWF-PIE,SWF,PIE,9,2,7,0.2222222222,3.529397924e-05,4688,41.5041008,-74.10479736,27.91020012,-82.68740082
labeled_all,255001,45000,TLH-DCA,TLH,DCA,9,0,9,0,3.529397924e-05,4689,30.39649963,-84.35030365,38.85210037,-77.03769684
labeled_all,255001,45000,TTN-ORD,TTN,ORD,9,7,2,0.7777777778,3.529397924e-05,4690,40.27669907,-74.81349945,41.97859955,-87.90480042
labeled_all,255001,45000,TUS-MSP,TUS,MSP,9,1,8,0.1111111111,3.529397924e-05,4691,32.11610031,-110.9410019,44.88199997,-93.22180176
labeled_all,255001,45000,VPS-CVG,VPS,CVG,9,2,7,0.2222222222,3.529397924e-05,4692,30.48320007,-86.52539825,39.04880142,-84.6678009
labeled_all,255001,45000,XNA-EWR,XNA,EWR,9,2,7,0.2222222222,3.529397924e-05,4693,36.2818985,-94.30680084,40.69250107,-74.16870117
labeled_all,255001,45000,ATL-HNL,ATL,HNL,8,0,8,0,3.137242599e-05,4694,33.63669968,-84.42810059,21.31870079,-157.9219971
labeled_all,255001,45000,AUS-IND,AUS,IND,8,3,5,0.375,3.137242599e-05,4695,30.19449997,-97.66989899,39.71730041,-86.29440308
labeled_all,255001,45000,AVL-PGD,AVL,PGD,8,1,7,0.125,3.137242599e-05,4696,35.43619919,-82.54180145,26.92020035,-81.9905014
labeled_all,255001,45000,AVP-EWR,AVP,EWR,8,2,6,0.25,3.137242599e-05,4697,41.33850098,-75.7233963,40.69250107,-74.16870117
labeled_all,255001,45000,AZA-SGF,AZA,SGF,8,1,7,0.125,3.137242599e-05,4698,33.30780029,-111.6549988,37.24570084,-93.38860321
labeled_all,255001,45000,BDL-MIA,BDL,MIA,8,0,8,0,3.137242599e-05,4699,41.93889999,-72.68319702,25.79319954,-80.29060364
labeled_all,255001,45000,BGR-CLT,BGR,CLT,8,1,7,0.125,3.137242599e-05,4700,44.80739975,-68.82810211,35.2140007,-80.94309998
labeled_all,255001,45000,BIL-DFW,BIL,DFW,8,2,6,0.25,3.137242599e-05,4701,45.80770111,-108.5429993,32.89680099,-97.03800201
labeled_all,255001,45000,BLI-OGG,BLI,OGG,8,0,8,0,3.137242599e-05,4702,48.7928009,-122.538002,20.89859962,-156.4299927
labeled_all,255001,45000,BLV-PIE,BLV,PIE,8,2,6,0.25,3.137242599e-05,4703,38.54520035,-89.83519745,27.91020012,-82.68740082
labeled_all,255001,45000,BLV-VPS,BLV,VPS,8,3,5,0.375,3.137242599e-05,4704,38.54520035,-89.83519745,30.48320007,-86.52539825
labeled_all,255001,45000,BMI-DFW,BMI,DFW,8,1,7,0.125,3.137242599e-05,4705,40.47710037,-88.91590118,32.89680099,-97.03800201
labeled_all,255001,45000,BOI-LWS,BOI,LWS,8,1,7,0.125,3.137242599e-05,4706,43.56439972,-116.2229996,46.37450027,-117.0149994
labeled_all,255001,45000,BOS-DAL,BOS,DAL,8,0,8,0,3.137242599e-05,4707,42.36429977,-71.00520325,32.8470993,-96.85179901
labeled_all,255001,45000,BTV-ATL,BTV,ATL,8,2,6,0.25,3.137242599e-05,4708,44.47190094,-73.15329742,33.63669968,-84.42810059
labeled_all,255001,45000,BUF-MSP,BUF,MSP,8,1,7,0.125,3.137242599e-05,4709,42.94049835,-78.73220062,44.88199997,-93.22180176
labeled_all,255001,45000,BWI-SMF,BWI,SMF,8,2,6,0.25,3.137242599e-05,4710,39.17539978,-76.66829681,38.69540024,-121.5910034
labeled_all,255001,45000,CAE-IAH,CAE,IAH,8,2,6,0.25,3.137242599e-05,4711,33.93880081,-81.11949921,29.9843998,-95.34140015
labeled_all,255001,45000,CGI-PAH,CGI,PAH,8,2,6,0.25,3.137242599e-05,4712,37.22529984,-89.57080078,37.06079864,-88.77380371
labeled_all,255001,45000,CHS-SEA,CHS,SEA,8,2,6,0.25,3.137242599e-05,4713,32.89860153,-80.04049683,47.44900131,-122.3089981
labeled_all,255001,45000,CLE-MSY,CLE,MSY,8,2,6,0.25,3.137242599e-05,4714,41.4117012,-81.84980011,29.99340057,-90.25800323
labeled_all,255001,45000,CLT-ECP,CLT,ECP,8,1,7,0.125,3.137242599e-05,4715,35.2140007,-80.94309998,30.3417,-85.7973
labeled_all,255001,45000,CLT-TTN,CLT,TTN,8,0,8,0,3.137242599e-05,4716,35.2140007,-80.94309998,40.27669907,-74.81349945
labeled_all,255001,45000,CMH-MYR,CMH,MYR,8,0,8,0,3.137242599e-05,4717,39.9980011,-82.89189911,33.67969894,-78.92829895
labeled_all,255001,45000,COS-MCO,COS,MCO,8,2,6,0.25,3.137242599e-05,4718,38.80580139,-104.7009964,28.42939949,-81.30899811
labeled_all,255001,45000,CVG-AUS,CVG,AUS,8,2,6,0.25,3.137242599e-05,4719,39.04880142,-84.6678009,30.19449997,-97.66989899
labeled_all,255001,45000,CVG-JAX,CVG,JAX,8,1,7,0.125,3.137242599e-05,4720,39.04880142,-84.6678009,30.49410057,-81.68789673
labeled_all,255001,45000,DCA-OKC,DCA,OKC,8,1,7,0.125,3.137242599e-05,4721,38.85210037,-77.03769684,35.39310074,-97.60070038
labeled_all,255001,45000,DEN-ATW,DEN,ATW,8,1,7,0.125,3.137242599e-05,4722,39.86169815,-104.6729965,44.2580986,-88.51909637
labeled_all,255001,45000,DEN-FLG,DEN,FLG,8,2,6,0.25,3.137242599e-05,4723,39.86169815,-104.6729965,35.13850021,-111.6709976
labeled_all,255001,45000,DFW-CYS,DFW,CYS,8,2,6,0.25,3.137242599e-05,4724,32.89680099,-97.03800201,41.15570068,-104.8119965
labeled_all,255001,45000,DFW-EYW,DFW,EYW,8,1,7,0.125,3.137242599e-05,4725,32.89680099,-97.03800201,24.55610085,-81.75959778
labeled_all,255001,45000,DFW-GNV,DFW,GNV,8,0,8,0,3.137242599e-05,4726,32.89680099,-97.03800201,29.69009972,-82.27179718
labeled_all,255001,45000,DFW-MYR,DFW,MYR,8,0,8,0,3.137242599e-05,4727,32.89680099,-97.03800201,33.67969894,-78.92829895
labeled_all,255001,45000,DFW-OAK,DFW,OAK,8,1,7,0.125,3.137242599e-05,4728,32.89680099,-97.03800201,37.72129822,-122.2210007
labeled_all,255001,45000,DSM-LGA,DSM,LGA,8,0,8,0,3.137242599e-05,4729,41.5340004,-93.6631012,40.77719879,-73.87259674
labeled_all,255001,45000,DTW-HSV,DTW,HSV,8,4,4,0.5,3.137242599e-05,4730,42.21239853,-83.35340118,34.6371994,-86.77510071
labeled_all,255001,45000,DTW-IMT,DTW,IMT,8,2,6,0.25,3.137242599e-05,4731,42.21239853,-83.35340118,45.81840134,-88.11450195
labeled_all,255001,45000,ECP-HOU,ECP,HOU,8,2,6,0.25,3.137242599e-05,4732,30.3417,-85.7973,29.64539909,-95.27890015
labeled_all,255001,45000,EWR-OAK,EWR,OAK,8,2,6,0.25,3.137242599e-05,4733,40.69250107,-74.16870117,37.72129822,-122.2210007
labeled_all,255001,45000,EYW-ORD,EYW,ORD,8,1,7,0.125,3.137242599e-05,4734,24.55610085,-81.75959778,41.97859955,-87.90480042
labeled_all,255001,45000,FLL-SAT,FLL,SAT,8,2,6,0.25,3.137242599e-05,4735,26.07259941,-80.15270233,29.53370094,-98.46980286
labeled_all,255001,45000,FLL-SYR,FLL,SYR,8,2,6,0.25,3.137242599e-05,4736,26.07259941,-80.15270233,43.11119843,-76.10630035
labeled_all,255001,45000,FNT-MSP,FNT,MSP,8,0,8,0,3.137242599e-05,4737,42.9654007,-83.74359894,44.88199997,-93.22180176
labeled_all,255001,45000,GTF-LAS,GTF,LAS,8,1,7,0.125,3.137242599e-05,4738,47.48199844,-111.3710022,36.08010101,-115.1520004
labeled_all,255001,45000,HNL-LGB,HNL,LGB,8,0,8,0,3.137242599e-05,4739,21.31870079,-157.9219971,33.81769943,-118.1520004
labeled_all,255001,45000,IAG-FLL,IAG,FLL,8,1,7,0.125,3.137242599e-05,4740,43.1072998,-78.94619751,26.07259941,-80.15270233
labeled_all,255001,45000,IAH-CAK,IAH,CAK,8,1,7,0.125,3.137242599e-05,4741,29.9843998,-95.34140015,40.91609955,-81.44219971
labeled_all,255001,45000,IAH-RNO,IAH,RNO,8,0,8,0,3.137242599e-05,4742,29.9843998,-95.34140015,39.49909973,-119.7679977
labeled_all,255001,45000,JAC-LAX,JAC,LAX,8,1,7,0.125,3.137242599e-05,4743,43.6072998,-110.737999,33.94250107,-118.4079971
labeled_all,255001,45000,JFK-PSE,JFK,PSE,8,0,8,0,3.137242599e-05,4744,40.63980103,-73.77890015,18.00830078,-66.56300354
labeled_all,255001,45000,KOA-SAN,KOA,SAN,8,1,7,0.125,3.137242599e-05,4745,19.73880005,-156.0460052,32.73360062,-117.1900024
labeled_all,255001,45000,LAS-FSD,LAS,FSD,8,0,8,0,3.137242599e-05,4746,36.08010101,-115.1520004,43.58200073,-96.74189758
labeled_all,255001,45000,LAX-BUF,LAX,BUF,8,3,5,0.375,3.137242599e-05,4747,33.94250107,-118.4079971,42.94049835,-78.73220062
labeled_all,255001,45000,LBB-PHX,LBB,PHX,8,2,6,0.25,3.137242599e-05,4748,33.66360092,-101.822998,33.43429947,-112.012001
labeled_all,255001,45000,LCK-MYR,LCK,MYR,8,0,8,0,3.137242599e-05,4749,39.81380081,-82.92780304,33.67969894,-78.92829895
labeled_all,255001,45000,LEX-EWR,LEX,EWR,8,5,3,0.625,3.137242599e-05,4750,38.03649902,-84.60590363,40.69250107,-74.16870117
labeled_all,255001,45000,LEX-LGA,LEX,LGA,8,0,8,0,3.137242599e-05,4751,38.03649902,-84.60590363,40.77719879,-73.87259674
labeled_all,255001,45000,LEX-PGD,LEX,PGD,8,2,6,0.25,3.137242599e-05,4752,38.03649902,-84.60590363,26.92020035,-81.9905014
labeled_all,255001,45000,LWB-ORD,LWB,ORD,8,0,8,0,3.137242599e-05,4753,37.85829926,-80.39949799,41.97859955,-87.90480042
labeled_all,255001,45000,MCI-OAK,MCI,OAK,8,0,8,0,3.137242599e-05,4754,39.29759979,-94.71389771,37.72129822,-122.2210007
labeled_all,255001,45000,MCO-COS,MCO,COS,8,3,5,0.375,3.137242599e-05,4755,28.42939949,-81.30899811,38.80580139,-104.7009964
labeled_all,255001,45000,MCO-GSO,MCO,GSO,8,1,7,0.125,3.137242599e-05,4756,28.42939949,-81.30899811,36.09780121,-79.93730164
labeled_all,255001,45000,MDW-OKC,MDW,OKC,8,1,7,0.125,3.137242599e-05,4757,41.7859993,-87.75240326,35.39310074,-97.60070038
labeled_all,255001,45000,MIA-SEA,MIA,SEA,8,1,7,0.125,3.137242599e-05,4758,25.79319954,-80.29060364,47.44900131,-122.3089981
labeled_all,255001,45000,MOT-LAS,MOT,LAS,8,2,6,0.25,3.137242599e-05,4759,48.25939941,-101.2799988,36.08010101,-115.1520004
labeled_all,255001,45000,MSP-GTF,MSP,GTF,8,0,8,0,3.137242599e-05,4760,44.88199997,-93.22180176,47.48199844,-111.3710022
labeled_all,255001,45000,MSP-HLN,MSP,HLN,8,0,8,0,3.137242599e-05,4761,44.88199997,-93.22180176,46.60680008,-111.9830017
labeled_all,255001,45000,MTJ-IAH,MTJ,IAH,8,1,7,0.125,3.137242599e-05,4762,38.50979996,-107.8939972,29.9843998,-95.34140015
labeled_all,255001,45000,MYR-CLE,MYR,CLE,8,0,8,0,3.137242599e-05,4763,33.67969894,-78.92829895,41.4117012,-81.84980011
labeled_all,255001,45000,OAK-AZA,OAK,AZA,8,2,6,0.25,3.137242599e-05,4764,37.72129822,-122.2210007,33.30780029,-111.6549988
labeled_all,255001,45000,OAK-BLI,OAK,BLI,8,2,6,0.25,3.137242599e-05,4765,37.72129822,-122.2210007,48.7928009,-122.538002
labeled_all,255001,45000,OAK-CMH,OAK,CMH,8,4,4,0.5,3.137242599e-05,4766,37.72129822,-122.2210007,39.9980011,-82.89189911
labeled_all,255001,45000,OAK-DTW,OAK,DTW,8,2,6,0.25,3.137242599e-05,4767,37.72129822,-122.2210007,42.21239853,-83.35340118
labeled_all,255001,45000,OGG-ORD,OGG,ORD,8,1,7,0.125,3.137242599e-05,4768,20.89859962,-156.4299927,41.97859955,-87.90480042
labeled_all,255001,45000,OKC-MCO,OKC,MCO,8,0,8,0,3.137242599e-05,4769,35.39310074,-97.60070038,28.42939949,-81.30899811
labeled_all,255001,45000,ORD-LWB,ORD,LWB,8,3,5,0.375,3.137242599e-05,4770,41.97859955,-87.90480042,37.85829926,-80.39949799
labeled_all,255001,45000,ORD-TTN,ORD,TTN,8,2,6,0.25,3.137242599e-05,4771,41.97859955,-87.90480042,40.27669907,-74.81349945
labeled_all,255001,45000,PAE-DEN,PAE,DEN,8,2,6,0.25,3.137242599e-05,4772,47.90629959,-122.2819977,39.86169815,-104.6729965
labeled_all,255001,45000,PBG-PIE,PBG,PIE,8,1,7,0.125,3.137242599e-05,4773,44.65090179,-73.4681015,27.91020012,-82.68740082
labeled_all,255001,45000,PDX-DCA,PDX,DCA,8,1,7,0.125,3.137242599e-05,4774,45.58869934,-122.5979996,38.85210037,-77.03769684
labeled_all,255001,45000,PGD-SPI,PGD,SPI,8,2,6,0.25,3.137242599e-05,4775,26.92020035,-81.9905014,39.84410095,-89.67790222
labeled_all,255001,45000,PHL-CRW,PHL,CRW,8,1,7,0.125,3.137242599e-05,4776,39.87189865,-75.2410965,38.37310028,-81.59320068
labeled_all,255001,45000,PHX-ANC,PHX,ANC,8,0,8,0,3.137242599e-05,4777,33.43429947,-112.012001,61.17440033,-149.9960022
labeled_all,255001,45000,PHX-PAE,PHX,PAE,8,1,7,0.125,3.137242599e-05,4778,33.43429947,-112.012001,47.90629959,-122.2819977
labeled_all,255001,45000,PHX-RDM,PHX,RDM,8,3,5,0.375,3.137242599e-05,4779,33.43429947,-112.012001,44.2541008,-121.1500015
labeled_all,255001,45000,PIA-AZA,PIA,AZA,8,0,8,0,3.137242599e-05,4780,40.66419983,-89.69329834,33.30780029,-111.6549988
labeled_all,255001,45000,PIE-LEX,PIE,LEX,8,1,7,0.125,3.137242599e-05,4781,27.91020012,-82.68740082,38.03649902,-84.60590363
labeled_all,255001,45000,PIE-RFD,PIE,RFD,8,2,6,0.25,3.137242599e-05,4782,27.91020012,-82.68740082,42.19540024,-89.09719849
labeled_all,255001,45000,PIE-SYR,PIE,SYR,8,1,7,0.125,3.137242599e-05,4783,27.91020012,-82.68740082,43.11119843,-76.10630035
labeled_all,255001,45000,PIT-PIE,PIT,PIE,8,3,5,0.375,3.137242599e-05,4784,40.49150085,-80.23290253,27.91020012,-82.68740082
labeled_all,255001,45000,PIT-SEA,PIT,SEA,8,1,7,0.125,3.137242599e-05,4785,40.49150085,-80.23290253,47.44900131,-122.3089981
labeled_all,255001,45000,PIT-SLC,PIT,SLC,8,0,8,0,3.137242599e-05,4786,40.49150085,-80.23290253,40.78839874,-111.9779968
labeled_all,255001,45000,PLN-APN,PLN,APN,8,2,6,0.25,3.137242599e-05,4787,45.57089996,-84.79669952,45.0780983,-83.56030273
labeled_all,255001,45000,PSP-BLI,PSP,BLI,8,3,5,0.375,3.137242599e-05,4788,33.82970047,-116.5070038,48.7928009,-122.538002
labeled_all,255001,45000,RAP-AZA,RAP,AZA,8,1,7,0.125,3.137242599e-05,4789,44.04529953,-103.0569992,33.30780029,-111.6549988
labeled_all,255001,45000,RFD-PGD,RFD,PGD,8,1,7,0.125,3.137242599e-05,4790,42.19540024,-89.09719849,26.92020035,-81.9905014
labeled_all,255001,45000,RSW-BUF,RSW,BUF,8,1,7,0.125,3.137242599e-05,4791,26.53619957,-81.75520325,42.94049835,-78.73220062
labeled_all,255001,45000,RSW-TTN,RSW,TTN,8,3,5,0.375,3.137242599e-05,4792,26.53619957,-81.75520325,40.27669907,-74.81349945
labeled_all,255001,45000,SAF-PHX,SAF,PHX,8,1,7,0.125,3.137242599e-05,4793,35.61709976,-106.0889969,33.43429947,-112.012001
labeled_all,255001,45000,SAN-ELP,SAN,ELP,8,4,4,0.5,3.137242599e-05,4794,32.73360062,-117.1900024,31.80719948,-106.3779984
labeled_all,255001,45000,SAT-MIA,SAT,MIA,8,2,6,0.25,3.137242599e-05,4795,29.53370094,-98.46980286,25.79319954,-80.29060364
labeled_all,255001,45000,SAT-OAK,SAT,OAK,8,1,7,0.125,3.137242599e-05,4796,29.53370094,-98.46980286,37.72129822,-122.2210007
labeled_all,255001,45000,SEA-CHS,SEA,CHS,8,0,8,0,3.137242599e-05,4797,47.44900131,-122.3089981,32.89860153,-80.04049683
labeled_all,255001,45000,SEA-LWS,SEA,LWS,8,0,8,0,3.137242599e-05,4798,47.44900131,-122.3089981,46.37450027,-117.0149994
labeled_all,255001,45000,SFB-CHA,SFB,CHA,8,2,6,0.25,3.137242599e-05,4799,28.77759933,-81.23750305,35.03530121,-85.20379639
labeled_all,255001,45000,SFB-ELM,SFB,ELM,8,1,7,0.125,3.137242599e-05,4800,28.77759933,-81.23750305,42.15990067,-76.89160156
labeled_all,255001,45000,SFB-EVV,SFB,EVV,8,2,6,0.25,3.137242599e-05,4801,28.77759933,-81.23750305,38.03699875,-87.53240204
labeled_all,255001,45000,SFB-GRR,SFB,GRR,8,3,5,0.375,3.137242599e-05,4802,28.77759933,-81.23750305,42.88079834,-85.52279663
labeled_all,255001,45000,SFB-LEX,SFB,LEX,8,1,7,0.125,3.137242599e-05,4803,28.77759933,-81.23750305,38.03649902,-84.60590363
labeled_all,255001,45000,SFB-MDT,SFB,MDT,8,2,6,0.25,3.137242599e-05,4804,28.77759933,-81.23750305,40.19350052,-76.76339722
labeled_all,255001,45000,SGF-SFB,SGF,SFB,8,0,8,0,3.137242599e-05,4805,37.24570084,-93.38860321,28.77759933,-81.23750305
labeled_all,255001,45000,SJC-KOA,SJC,KOA,8,0,8,0,3.137242599e-05,4806,37.36259842,-121.9290009,19.73880005,-156.0460052
labeled_all,255001,45000,SJU-SFB,SJU,SFB,8,3,5,0.375,3.137242599e-05,4807,18.43939972,-66.00180054,28.77759933,-81.23750305
labeled_all,255001,45000,SLC-HNL,SLC,HNL,8,4,4,0.5,3.137242599e-05,4808,40.78839874,-111.9779968,21.31870079,-157.9219971
labeled_all,255001,45000,SLC-RAP,SLC,RAP,8,0,8,0,3.137242599e-05,4809,40.78839874,-111.9779968,44.04529953,-103.0569992
labeled_all,255001,45000,SLC-TPA,SLC,TPA,8,1,7,0.125,3.137242599e-05,4810,40.78839874,-111.9779968,27.97550011,-82.53320312
labeled_all,255001,45000,SNA-AUS,SNA,AUS,8,1,7,0.125,3.137242599e-05,4811,33.67570114,-117.8679962,30.19449997,-97.66989899
labeled_all,255001,45000,SRQ-LGA,SRQ,LGA,8,1,7,0.125,3.137242599e-05,4812,27.39539909,-82.55439758,40.77719879,-73.87259674
labeled_all,255001,45000,SUN-DEN,SUN,DEN,8,3,5,0.375,3.137242599e-05,4813,43.50439835,-114.2959976,39.86169815,-104.6729965
labeled_all,255001,45000,TTN-FLL,TTN,FLL,8,2,6,0.25,3.137242599e-05,4814,40.27669907,-74.81349945,26.07259941,-80.15270233
labeled_all,255001,45000,TTN-TPA,TTN,TPA,8,3,5,0.375,3.137242599e-05,4815,40.27669907,-74.81349945,27.97550011,-82.53320312
labeled_all,255001,45000,TYS-FLL,TYS,FLL,8,1,7,0.125,3.137242599e-05,4816,35.81100082,-83.9940033,26.07259941,-80.15270233
labeled_all,255001,45000,TYS-PIE,TYS,PIE,8,1,7,0.125,3.137242599e-05,4817,35.81100082,-83.9940033,27.91020012,-82.68740082
labeled_all,255001,45000,ABQ-MCO,ABQ,MCO,7,1,6,0.1428571429,2.745087274e-05,4818,35.04019928,-106.6090012,28.42939949,-81.30899811
labeled_all,255001,45000,ANC-LAX,ANC,LAX,7,0,7,0,2.745087274e-05,4819,61.17440033,-149.9960022,33.94250107,-118.4079971
labeled_all,255001,45000,ATL-BUR,ATL,BUR,7,1,6,0.1428571429,2.745087274e-05,4820,33.63669968,-84.42810059,34.20069885,-118.3590012
labeled_all,255001,45000,ATY-DEN,ATY,DEN,7,2,5,0.2857142857,2.745087274e-05,4821,44.91400146,-97.15470123,39.86169815,-104.6729965
labeled_all,255001,45000,AZA-BZN,AZA,BZN,7,0,7,0,2.745087274e-05,4822,33.30780029,-111.6549988,45.77750015,-111.1529999
labeled_all,255001,45000,AZA-GFK,AZA,GFK,7,0,7,0,2.745087274e-05,4823,33.30780029,-111.6549988,47.94929886,-97.17610168
labeled_all,255001,45000,BDL-CVG,BDL,CVG,7,0,7,0,2.745087274e-05,4824,41.93889999,-72.68319702,39.04880142,-84.6678009
labeled_all,255001,45000,BDL-LAS,BDL,LAS,7,0,7,0,2.745087274e-05,4825,41.93889999,-72.68319702,36.08010101,-115.1520004
labeled_all,255001,45000,BDL-STL,BDL,STL,7,1,6,0.1428571429,2.745087274e-05,4826,41.93889999,-72.68319702,38.74869919,-90.37000275
labeled_all,255001,45000,BFL-DFW,BFL,DFW,7,0,7,0,2.745087274e-05,4827,35.43360138,-119.0569992,32.89680099,-97.03800201
labeled_all,255001,45000,BIL-AZA,BIL,AZA,7,2,5,0.2857142857,2.745087274e-05,4828,45.80770111,-108.5429993,33.30780029,-111.6549988
labeled_all,255001,45000,BLI-PSP,BLI,PSP,7,0,7,0,2.745087274e-05,4829,48.7928009,-122.538002,33.82970047,-116.5070038
labeled_all,255001,45000,BLV-PGD,BLV,PGD,7,3,4,0.4285714286,2.745087274e-05,4830,38.54520035,-89.83519745,26.92020035,-81.9905014
labeled_all,255001,45000,BMI-MSP,BMI,MSP,7,1,6,0.1428571429,2.745087274e-05,4831,40.47710037,-88.91590118,44.88199997,-93.22180176
labeled_all,255001,45000,BNA-RSW,BNA,RSW,7,4,3,0.5714285714,2.745087274e-05,4832,36.12450027,-86.67819977,26.53619957,-81.75520325
labeled_all,255001,45000,BOS-ACK,BOS,ACK,7,2,5,0.2857142857,2.745087274e-05,4833,42.36429977,-71.00520325,41.25310135,-70.06020355
labeled_all,255001,45000,BOS-ORF,BOS,ORF,7,0,7,0,2.745087274e-05,4834,42.36429977,-71.00520325,36.89459991,-76.20120239
labeled_all,255001,45000,BOS-SMF,BOS,SMF,7,1,6,0.1428571429,2.745087274e-05,4835,42.36429977,-71.00520325,38.69540024,-121.5910034
labeled_all,255001,45000,BUR-BOS,BUR,BOS,7,2,5,0.2857142857,2.745087274e-05,4836,34.20069885,-118.3590012,42.36429977,-71.00520325
labeled_all,255001,45000,BZN-IAH,BZN,IAH,7,0,7,0,2.745087274e-05,4837,45.77750015,-111.1529999,29.9843998,-95.34140015
labeled_all,255001,45000,CAK-DCA,CAK,DCA,7,0,7,0,2.745087274e-05,4838,40.91609955,-81.44219971,38.85210037,-77.03769684
labeled_all,255001,45000,CLE-BDL,CLE,BDL,7,0,7,0,2.745087274e-05,4839,41.4117012,-81.84980011,41.93889999,-72.68319702
labeled_all,255001,45000,CMH-MSY,CMH,MSY,7,3,4,0.4285714286,2.745087274e-05,4840,39.9980011,-82.89189911,29.99340057,-90.25800323
labeled_all,255001,45000,COS-IAD,COS,IAD,7,1,6,0.1428571429,2.745087274e-05,4841,38.80580139,-104.7009964,38.94449997,-77.45580292
labeled_all,255001,45000,CVG-BDL,CVG,BDL,7,2,5,0.2857142857,2.745087274e-05,4842,39.04880142,-84.6678009,41.93889999,-72.68319702
labeled_all,255001,45000,DCA-LAN,DCA,LAN,7,3,4,0.4285714286,2.745087274e-05,4843,38.85210037,-77.03769684,42.77870178,-84.58740234
labeled_all,255001,45000,DCA-LEX,DCA,LEX,7,1,6,0.1428571429,2.745087274e-05,4844,38.85210037,-77.03769684,38.03649902,-84.60590363
labeled_all,255001,45000,DCA-LIT,DCA,LIT,7,2,5,0.2857142857,2.745087274e-05,4845,38.85210037,-77.03769684,34.72940063,-92.22429657
labeled_all,255001,45000,DCA-MGM,DCA,MGM,7,1,6,0.1428571429,2.745087274e-05,4846,38.85210037,-77.03769684,32.30059814,-86.39399719
labeled_all,255001,45000,DCA-MYR,DCA,MYR,7,0,7,0,2.745087274e-05,4847,38.85210037,-77.03769684,33.67969894,-78.92829895
labeled_all,255001,45000,DEN-BKG,DEN,BKG,7,3,4,0.4285714286,2.745087274e-05,4848,39.86169815,-104.6729965,36.532082,-93.200544
labeled_all,255001,45000,DEN-LGB,DEN,LGB,7,1,6,0.1428571429,2.745087274e-05,4849,39.86169815,-104.6729965,33.81769943,-118.1520004
labeled_all,255001,45000,DEN-SUN,DEN,SUN,7,2,5,0.2857142857,2.745087274e-05,4850,39.86169815,-104.6729965,43.50439835,-114.2959976
labeled_all,255001,45000,DEN-SYR,DEN,SYR,7,1,6,0.1428571429,2.745087274e-05,4851,39.86169815,-104.6729965,43.11119843,-76.10630035
labeled_all,255001,45000,DFW-MEI,DFW,MEI,7,0,7,0,2.745087274e-05,4852,32.89680099,-97.03800201,32.33259964,-88.75189972
labeled_all,255001,45000,DFW-SBP,DFW,SBP,7,1,6,0.1428571429,2.745087274e-05,4853,32.89680099,-97.03800201,35.23680115,-120.6419983
labeled_all,255001,45000,DTW-CAK,DTW,CAK,7,0,7,0,2.745087274e-05,4854,42.21239853,-83.35340118,40.91609955,-81.44219971
labeled_all,255001,45000,DTW-LIT,DTW,LIT,7,2,5,0.2857142857,2.745087274e-05,4855,42.21239853,-83.35340118,34.72940063,-92.22429657
labeled_all,255001,45000,ELM-IAD,ELM,IAD,7,2,5,0.2857142857,2.745087274e-05,4856,42.15990067,-76.89160156,38.94449997,-77.45580292
labeled_all,255001,45000,EWR-ACK,EWR,ACK,7,1,6,0.1428571429,2.745087274e-05,4857,40.69250107,-74.16870117,41.25310135,-70.06020355
labeled_all,255001,45000,EWR-CHA,EWR,CHA,7,1,6,0.1428571429,2.745087274e-05,4858,40.69250107,-74.16870117,35.03530121,-85.20379639
labeled_all,255001,45000,EWR-DSM,EWR,DSM,7,3,4,0.4285714286,2.745087274e-05,4859,40.69250107,-74.16870117,41.5340004,-93.6631012
labeled_all,255001,45000,EWR-OKC,EWR,OKC,7,2,5,0.2857142857,2.745087274e-05,4860,40.69250107,-74.16870117,35.39310074,-97.60070038
labeled_all,255001,45000,FAI-ORD,FAI,ORD,7,2,5,0.2857142857,2.745087274e-05,4861,64.81510162,-147.8560028,41.97859955,-87.90480042
labeled_all,255001,45000,FAT-ORD,FAT,ORD,7,4,3,0.5714285714,2.745087274e-05,4862,36.77619934,-119.7180023,41.97859955,-87.90480042
labeled_all,255001,45000,FCA-LAX,FCA,LAX,7,3,4,0.4285714286,2.745087274e-05,4863,48.3105011,-114.2559967,33.94250107,-118.4079971
labeled_all,255001,45000,FLL-IAG,FLL,IAG,7,0,7,0,2.745087274e-05,4864,26.07259941,-80.15270233,43.1072998,-78.94619751
labeled_all,255001,45000,FLL-LCK,FLL,LCK,7,2,5,0.2857142857,2.745087274e-05,4865,26.07259941,-80.15270233,39.81380081,-82.92780304
labeled_all,255001,45000,FLL-LEX,FLL,LEX,7,0,7,0,2.745087274e-05,4866,26.07259941,-80.15270233,38.03649902,-84.60590363
labeled_all,255001,45000,FLL-LGB,FLL,LGB,7,1,6,0.1428571429,2.745087274e-05,4867,26.07259941,-80.15270233,33.81769943,-118.1520004
labeled_all,255001,45000,FLL-MEM,FLL,MEM,7,2,5,0.2857142857,2.745087274e-05,4868,26.07259941,-80.15270233,35.04240036,-89.97669983
labeled_all,255001,45000,FNT-MDW,FNT,MDW,7,1,6,0.1428571429,2.745087274e-05,4869,42.9654007,-83.74359894,41.7859993,-87.75240326
labeled_all,255001,45000,GEG-LAX,GEG,LAX,7,2,5,0.2857142857,2.745087274e-05,4870,47.61989975,-117.5339966,33.94250107,-118.4079971
labeled_all,255001,45000,GEG-SJC,GEG,SJC,7,3,4,0.4285714286,2.745087274e-05,4871,47.61989975,-117.5339966,37.36259842,-121.9290009
labeled_all,255001,45000,HDN-ORD,HDN,ORD,7,1,6,0.1428571429,2.745087274e-05,4872,40.48120117,-107.2180023,41.97859955,-87.90480042
labeled_all,255001,45000,HHH-IAD,HHH,IAD,7,2,5,0.2857142857,2.745087274e-05,4873,32.22439957,-80.69750214,38.94449997,-77.45580292
labeled_all,255001,45000,HOU-SDF,HOU,SDF,7,1,6,0.1428571429,2.745087274e-05,4874,29.64539909,-95.27890015,38.17440033,-85.73600006
labeled_all,255001,45000,IAD-GRR,IAD,GRR,7,0,7,0,2.745087274e-05,4875,38.94449997,-77.45580292,42.88079834,-85.52279663
labeled_all,255001,45000,IAD-PHX,IAD,PHX,7,2,5,0.2857142857,2.745087274e-05,4876,38.94449997,-77.45580292,33.43429947,-112.012001
labeled_all,255001,45000,IAD-SLC,IAD,SLC,7,0,7,0,2.745087274e-05,4877,38.94449997,-77.45580292,40.78839874,-111.9779968
labeled_all,255001,45000,IAD-STT,IAD,STT,7,0,7,0,2.745087274e-05,4878,38.94449997,-77.45580292,18.33729935,-64.9733963
labeled_all,255001,45000,IAG-PGD,IAG,PGD,7,0,7,0,2.745087274e-05,4879,43.1072998,-78.94619751,26.92020035,-81.9905014
labeled_all,255001,45000,IAG-PIE,IAG,PIE,7,2,5,0.2857142857,2.745087274e-05,4880,43.1072998,-78.94619751,27.91020012,-82.68740082
labeled_all,255001,45000,IAH-BDL,IAH,BDL,7,2,5,0.2857142857,2.745087274e-05,4881,29.9843998,-95.34140015,41.93889999,-72.68319702
labeled_all,255001,45000,IAH-HDN,IAH,HDN,7,0,7,0,2.745087274e-05,4882,29.9843998,-95.34140015,40.48120117,-107.2180023
labeled_all,255001,45000,IAH-OAK,IAH,OAK,7,4,3,0.5714285714,2.745087274e-05,4883,29.9843998,-95.34140015,37.72129822,-122.2210007
labeled_all,255001,45000,IND-AUS,IND,AUS,7,1,6,0.1428571429,2.745087274e-05,4884,39.71730041,-86.29440308,30.19449997,-97.66989899
labeled_all,255001,45000,IND-SLC,IND,SLC,7,2,5,0.2857142857,2.745087274e-05,4885,39.71730041,-86.29440308,40.78839874,-111.9779968
labeled_all,255001,45000,JAC-EWR,JAC,EWR,7,2,5,0.2857142857,2.745087274e-05,4886,43.6072998,-110.737999,40.69250107,-74.16870117
labeled_all,255001,45000,JAN-DCA,JAN,DCA,7,0,7,0,2.745087274e-05,4887,32.31119919,-90.07589722,38.85210037,-77.03769684
labeled_all,255001,45000,JAX-DAL,JAX,DAL,7,0,7,0,2.745087274e-05,4888,30.49410057,-81.68789673,32.8470993,-96.85179901
labeled_all,255001,45000,JFK-RNO,JFK,RNO,7,3,4,0.4285714286,2.745087274e-05,4889,40.63980103,-73.77890015,39.49909973,-119.7679977
labeled_all,255001,45000,JFK-STT,JFK,STT,7,2,5,0.2857142857,2.745087274e-05,4890,40.63980103,-73.77890015,18.33729935,-64.9733963
labeled_all,255001,45000,KOA-PDX,KOA,PDX,7,1,6,0.1428571429,2.745087274e-05,4891,19.73880005,-156.0460052,45.58869934,-122.5979996
labeled_all,255001,45000,KOA-PHX,KOA,PHX,7,0,7,0,2.745087274e-05,4892,19.73880005,-156.0460052,33.43429947,-112.012001
labeled_all,255001,45000,LAS-BDL,LAS,BDL,7,1,6,0.1428571429,2.745087274e-05,4893,36.08010101,-115.1520004,41.93889999,-72.68319702
labeled_all,255001,45000,LAS-BIS,LAS,BIS,7,0,7,0,2.745087274e-05,4894,36.08010101,-115.1520004,46.77270126,-100.7460022
labeled_all,255001,45000,LAS-TYS,LAS,TYS,7,0,7,0,2.745087274e-05,4895,36.08010101,-115.1520004,35.81100082,-83.9940033
labeled_all,255001,45000,LAX-MSO,LAX,MSO,7,1,6,0.1428571429,2.745087274e-05,4896,33.94250107,-118.4079971,46.91630173,-114.0910034
labeled_all,255001,45000,LAX-PSC,LAX,PSC,7,1,6,0.1428571429,2.745087274e-05,4897,33.94250107,-118.4079971,46.26470184,-119.1190033
labeled_all,255001,45000,LAX-SGF,LAX,SGF,7,1,6,0.1428571429,2.745087274e-05,4898,33.94250107,-118.4079971,37.24570084,-93.38860321
labeled_all,255001,45000,LBE-MYR,LBE,MYR,7,1,6,0.1428571429,2.745087274e-05,4899,40.27590179,-79.40480042,33.67969894,-78.92829895
labeled_all,255001,45000,LCK-PGD,LCK,PGD,7,1,6,0.1428571429,2.745087274e-05,4900,39.81380081,-82.92780304,26.92020035,-81.9905014
labeled_all,255001,45000,LGA-SRQ,LGA,SRQ,7,2,5,0.2857142857,2.745087274e-05,4901,40.77719879,-73.87259674,27.39539909,-82.55439758
labeled_all,255001,45000,LWB-IAD,LWB,IAD,7,1,6,0.1428571429,2.745087274e-05,4902,37.85829926,-80.39949799,38.94449997,-77.45580292
labeled_all,255001,45000,MAF-PHX,MAF,PHX,7,1,6,0.1428571429,2.745087274e-05,4903,31.94249916,-102.2020035,33.43429947,-112.012001
labeled_all,255001,45000,MCI-VPS,MCI,VPS,7,2,5,0.2857142857,2.745087274e-05,4904,39.29759979,-94.71389771,30.48320007,-86.52539825
labeled_all,255001,45000,MCO-ONT,MCO,ONT,7,3,4,0.4285714286,2.745087274e-05,4905,28.42939949,-81.30899811,34.05599976,-117.6009979
labeled_all,255001,45000,MEI-DFW,MEI,DFW,7,3,4,0.4285714286,2.745087274e-05,4906,32.33259964,-88.75189972,32.89680099,-97.03800201
labeled_all,255001,45000,MIA-BDL,MIA,BDL,7,6,1,0.8571428571,2.745087274e-05,4907,25.79319954,-80.29060364,41.93889999,-72.68319702
labeled_all,255001,45000,MIA-SAN,MIA,SAN,7,5,2,0.7142857143,2.745087274e-05,4908,25.79319954,-80.29060364,32.73360062,-117.1900024
labeled_all,255001,45000,MIA-SAT,MIA,SAT,7,3,4,0.4285714286,2.745087274e-05,4909,25.79319954,-80.29060364,29.53370094,-98.46980286
labeled_all,255001,45000,MOT-AZA,MOT,AZA,7,1,6,0.1428571429,2.745087274e-05,4910,48.25939941,-101.2799988,33.30780029,-111.6549988
labeled_all,255001,45000,MRY-DFW,MRY,DFW,7,1,6,0.1428571429,2.745087274e-05,4911,36.5870018,-121.8430023,32.89680099,-97.03800201
labeled_all,255001,45000,MSN-DCA,MSN,DCA,7,1,6,0.1428571429,2.745087274e-05,4912,43.13990021,-89.33750153,38.85210037,-77.03769684
labeled_all,255001,45000,MSN-LAS,MSN,LAS,7,1,6,0.1428571429,2.745087274e-05,4913,43.13990021,-89.33750153,36.08010101,-115.1520004
labeled_all,255001,45000,MSO-LAX,MSO,LAX,7,2,5,0.2857142857,2.745087274e-05,4914,46.91630173,-114.0910034,33.94250107,-118.4079971
labeled_all,255001,45000,MSP-OAK,MSP,OAK,7,0,7,0,2.745087274e-05,4915,44.88199997,-93.22180176,37.72129822,-122.2210007
labeled_all,255001,45000,MSP-PSP,MSP,PSP,7,0,7,0,2.745087274e-05,4916,44.88199997,-93.22180176,33.82970047,-116.5070038
labeled_all,255001,45000,MSP-SYR,MSP,SYR,7,1,6,0.1428571429,2.745087274e-05,4917,44.88199997,-93.22180176,43.11119843,-76.10630035
labeled_all,255001,45000,MSP-TVC,MSP,TVC,7,4,3,0.5714285714,2.745087274e-05,4918,44.88199997,-93.22180176,44.74140167,-85.5821991
labeled_all,255001,45000,OAK-BNA,OAK,BNA,7,3,4,0.4285714286,2.745087274e-05,4919,37.72129822,-122.2210007,36.12450027,-86.67819977
labeled_all,255001,45000,ONT-AUS,ONT,AUS,7,1,6,0.1428571429,2.745087274e-05,4920,34.05599976,-117.6009979,30.19449997,-97.66989899
labeled_all,255001,45000,ONT-MCO,ONT,MCO,7,3,4,0.4285714286,2.745087274e-05,4921,34.05599976,-117.6009979,28.42939949,-81.30899811
labeled_all,255001,45000,ORD-FAI,ORD,FAI,7,3,4,0.4285714286,2.745087274e-05,4922,41.97859955,-87.90480042,64.81510162,-147.8560028
labeled_all,255001,45000,ORD-MOB,ORD,MOB,7,0,7,0,2.745087274e-05,4923,41.97859955,-87.90480042,30.69120026,-88.24279785
labeled_all,255001,45000,ORF-BOS,ORF,BOS,7,3,4,0.4285714286,2.745087274e-05,4924,36.89459991,-76.20120239,42.36429977,-71.00520325
labeled_all,255001,45000,OTZ-ANC,OTZ,ANC,7,0,7,0,2.745087274e-05,4925,66.88469696,-162.598999,61.17440033,-149.9960022
labeled_all,255001,45000,PAH-CGI,PAH,CGI,7,0,7,0,2.745087274e-05,4926,37.06079864,-88.77380371,37.22529984,-89.57080078
labeled_all,255001,45000,PBI-DTW,PBI,DTW,7,1,6,0.1428571429,2.745087274e-05,4927,26.68320084,-80.09559631,42.21239853,-83.35340118
labeled_all,255001,45000,PDX-BLI,PDX,BLI,7,0,7,0,2.745087274e-05,4928,45.58869934,-122.5979996,48.7928009,-122.538002
labeled_all,255001,45000,PDX-FCA,PDX,FCA,7,0,7,0,2.745087274e-05,4929,45.58869934,-122.5979996,48.3105011,-114.2559967
labeled_all,255001,45000,PDX-MSO,PDX,MSO,7,1,6,0.1428571429,2.745087274e-05,4930,45.58869934,-122.5979996,46.91630173,-114.0910034
labeled_all,255001,45000,PGD-FWA,PGD,FWA,7,0,7,0,2.745087274e-05,4931,26.92020035,-81.9905014,40.97850037,-85.19509888
labeled_all,255001,45000,PGD-LCK,PGD,LCK,7,0,7,0,2.745087274e-05,4932,26.92020035,-81.9905014,39.81380081,-82.92780304
labeled_all,255001,45000,PHL-SAT,PHL,SAT,7,0,7,0,2.745087274e-05,4933,39.87189865,-75.2410965,29.53370094,-98.46980286
labeled_all,255001,45000,PHX-AMA,PHX,AMA,7,3,4,0.4285714286,2.745087274e-05,4934,33.43429947,-112.012001,35.2193985,-101.7060013
labeled_all,255001,45000,PHX-FSD,PHX,FSD,7,1,6,0.1428571429,2.745087274e-05,4935,33.43429947,-112.012001,43.58200073,-96.74189758
labeled_all,255001,45000,PIA-MSP,PIA,MSP,7,3,4,0.4285714286,2.745087274e-05,4936,40.66419983,-89.69329834,44.88199997,-93.22180176
labeled_all,255001,45000,PIE-ELM,PIE,ELM,7,0,7,0,2.745087274e-05,4937,27.91020012,-82.68740082,42.15990067,-76.89160156
labeled_all,255001,45000,RDU-BDL,RDU,BDL,7,3,4,0.4285714286,2.745087274e-05,4938,35.87760162,-78.78749847,41.93889999,-72.68319702
labeled_all,255001,45000,RDU-SLC,RDU,SLC,7,0,7,0,2.745087274e-05,4939,35.87760162,-78.78749847,40.78839874,-111.9779968
labeled_all,255001,45000,RDU-TTN,RDU,TTN,7,3,4,0.4285714286,2.745087274e-05,4940,35.87760162,-78.78749847,40.27669907,-74.81349945
labeled_all,255001,45000,RSW-BNA,RSW,BNA,7,1,6,0.1428571429,2.745087274e-05,4941,26.53619957,-81.75520325,36.12450027,-86.67819977
labeled_all,255001,45000,RSW-GRR,RSW,GRR,7,1,6,0.1428571429,2.745087274e-05,4942,26.53619957,-81.75520325,42.88079834,-85.52279663
labeled_all,255001,45000,RSW-MCI,RSW,MCI,7,0,7,0,2.745087274e-05,4943,26.53619957,-81.75520325,39.29759979,-94.71389771
labeled_all,255001,45000,SAN-MIA,SAN,MIA,7,2,5,0.2857142857,2.745087274e-05,4944,32.73360062,-117.1900024,25.79319954,-80.29060364
labeled_all,255001,45000,SAN-TPA,SAN,TPA,7,1,6,0.1428571429,2.745087274e-05,4945,32.73360062,-117.1900024,27.97550011,-82.53320312
labeled_all,255001,45000,SCK-AZA,SCK,AZA,7,3,4,0.4285714286,2.745087274e-05,4946,37.89419937,-121.237999,33.30780029,-111.6549988
labeled_all,255001,45000,SDF-HOU,SDF,HOU,7,2,5,0.2857142857,2.745087274e-05,4947,38.17440033,-85.73600006,29.64539909,-95.27890015
labeled_all,255001,45000,SEA-ELP,SEA,ELP,7,2,5,0.2857142857,2.745087274e-05,4948,47.44900131,-122.3089981,31.80719948,-106.3779984
labeled_all,255001,45000,SEA-PIT,SEA,PIT,7,0,7,0,2.745087274e-05,4949,47.44900131,-122.3089981,40.49150085,-80.23290253
labeled_all,255001,45000,SFB-DSM,SFB,DSM,7,1,6,0.1428571429,2.745087274e-05,4950,28.77759933,-81.23750305,41.5340004,-93.6631012
labeled_all,255001,45000,SFB-GSO,SFB,GSO,7,1,6,0.1428571429,2.745087274e-05,4951,28.77759933,-81.23750305,36.09780121,-79.93730164
labeled_all,255001,45000,SFB-HTS,SFB,HTS,7,1,6,0.1428571429,2.745087274e-05,4952,28.77759933,-81.23750305,38.36669922,-82.55799866
labeled_all,255001,45000,SFB-MEM,SFB,MEM,7,3,4,0.4285714286,2.745087274e-05,4953,28.77759933,-81.23750305,35.04240036,-89.97669983
labeled_all,255001,45000,SFB-OMA,SFB,OMA,7,4,3,0.5714285714,2.745087274e-05,4954,28.77759933,-81.23750305,41.30319977,-95.89409637
labeled_all,255001,45000,SFB-PIT,SFB,PIT,7,2,5,0.2857142857,2.745087274e-05,4955,28.77759933,-81.23750305,40.49150085,-80.23290253
labeled_all,255001,45000,SFB-ROA,SFB,ROA,7,0,7,0,2.745087274e-05,4956,28.77759933,-81.23750305,37.32550049,-79.97540283
labeled_all,255001,45000,SFB-USA,SFB,USA,7,0,7,0,2.745087274e-05,4957,28.77759933,-81.23750305,35.38779831,-80.70909882
labeled_all,255001,45000,SGF-AZA,SGF,AZA,7,2,5,0.2857142857,2.745087274e-05,4958,37.24570084,-93.38860321,33.30780029,-111.6549988
labeled_all,255001,45000,SGF-PIE,SGF,PIE,7,0,7,0,2.745087274e-05,4959,37.24570084,-93.38860321,27.91020012,-82.68740082
labeled_all,255001,45000,SIT-SEA,SIT,SEA,7,1,6,0.1428571429,2.745087274e-05,4960,57.04710007,-135.3619995,47.44900131,-122.3089981
labeled_all,255001,45000,SJC-BNA,SJC,BNA,7,2,5,0.2857142857,2.745087274e-05,4961,37.36259842,-121.9290009,36.12450027,-86.67819977
labeled_all,255001,45000,SJC-EUG,SJC,EUG,7,0,7,0,2.745087274e-05,4962,37.36259842,-121.9290009,44.12459946,-123.211998
labeled_all,255001,45000,SJU-HOU,SJU,HOU,7,3,4,0.4285714286,2.745087274e-05,4963,18.43939972,-66.00180054,29.64539909,-95.27890015
labeled_all,255001,45000,SLC-COD,SLC,COD,7,0,7,0,2.745087274e-05,4964,40.78839874,-111.9779968,44.52019882,-109.0240021
labeled_all,255001,45000,SLC-IND,SLC,IND,7,1,6,0.1428571429,2.745087274e-05,4965,40.78839874,-111.9779968,39.71730041,-86.29440308
labeled_all,255001,45000,SMX-LAS,SMX,LAS,7,0,7,0,2.745087274e-05,4966,34.89889908,-120.4570007,36.08010101,-115.1520004
labeled_all,255001,45000,SNA-ABQ,SNA,ABQ,7,2,5,0.2857142857,2.745087274e-05,4967,33.67570114,-117.8679962,35.04019928,-106.6090012
labeled_all,255001,45000,SRQ-DCA,SRQ,DCA,7,2,5,0.2857142857,2.745087274e-05,4968,27.39539909,-82.55439758,38.85210037,-77.03769684
labeled_all,255001,45000,STL-SMF,STL,SMF,7,1,6,0.1428571429,2.745087274e-05,4969,38.74869919,-90.37000275,38.69540024,-121.5910034
labeled_all,255001,45000,SWF-MCO,SWF,MCO,7,3,4,0.4285714286,2.745087274e-05,4970,41.5041008,-74.10479736,28.42939949,-81.30899811
labeled_all,255001,45000,SWF-PGD,SWF,PGD,7,3,4,0.4285714286,2.745087274e-05,4971,41.5041008,-74.10479736,26.92020035,-81.9905014
labeled_all,255001,45000,SYR-PIE,SYR,PIE,7,0,7,0,2.745087274e-05,4972,43.11119843,-76.10630035,27.91020012,-82.68740082
labeled_all,255001,45000,TYS-MSP,TYS,MSP,7,0,7,0,2.745087274e-05,4973,35.81100082,-83.9940033,44.88199997,-93.22180176
labeled_all,255001,45000,ABE-PGD,ABE,PGD,6,0,6,0,2.352931949e-05,4974,40.65209961,-75.44080353,26.92020035,-81.9905014
labeled_all,255001,45000,ABQ-SJC,ABQ,SJC,6,1,5,0.1666666667,2.352931949e-05,4975,35.04019928,-106.6090012,37.36259842,-121.9290009
labeled_all,255001,45000,ABQ-SNA,ABQ,SNA,6,0,6,0,2.352931949e-05,4976,35.04019928,-106.6090012,33.67570114,-117.8679962
labeled_all,255001,45000,ALB-RSW,ALB,RSW,6,3,3,0.5,2.352931949e-05,4977,42.74829864,-73.80169678,26.53619957,-81.75520325
labeled_all,255001,45000,ATL-ACY,ATL,ACY,6,1,5,0.1666666667,2.352931949e-05,4978,33.63669968,-84.42810059,39.45759964,-74.57720184
labeled_all,255001,45000,ATL-ONT,ATL,ONT,6,0,6,0,2.352931949e-05,4979,33.63669968,-84.42810059,34.05599976,-117.6009979
labeled_all,255001,45000,AUS-ONT,AUS,ONT,6,3,3,0.5,2.352931949e-05,4980,30.19449997,-97.66989899,34.05599976,-117.6009979
labeled_all,255001,45000,AZA-FAR,AZA,FAR,6,0,6,0,2.352931949e-05,4981,33.30780029,-111.6549988,46.92070007,-96.81580353
labeled_all,255001,45000,AZA-FWA,AZA,FWA,6,0,6,0,2.352931949e-05,4982,33.30780029,-111.6549988,40.97850037,-85.19509888
labeled_all,255001,45000,AZA-GRR,AZA,GRR,6,2,4,0.3333333333,2.352931949e-05,4983,33.30780029,-111.6549988,42.88079834,-85.52279663
labeled_all,255001,45000,AZA-PIA,AZA,PIA,6,0,6,0,2.352931949e-05,4984,33.30780029,-111.6549988,40.66419983,-89.69329834
labeled_all,255001,45000,BLI-AZA,BLI,AZA,6,0,6,0,2.352931949e-05,4985,48.7928009,-122.538002,33.30780029,-111.6549988
labeled_all,255001,45000,BMI-SFB,BMI,SFB,6,2,4,0.3333333333,2.352931949e-05,4986,40.47710037,-88.91590118,28.77759933,-81.23750305
labeled_all,255001,45000,BRW-FAI,BRW,FAI,6,0,6,0,2.352931949e-05,4987,71.28540039,-156.7660065,64.81510162,-147.8560028
labeled_all,255001,45000,BUF-RSW,BUF,RSW,6,1,5,0.1666666667,2.352931949e-05,4988,42.94049835,-78.73220062,26.53619957,-81.75520325
labeled_all,255001,45000,BZN-ATL,BZN,ATL,6,0,6,0,2.352931949e-05,4989,45.77750015,-111.1529999,33.63669968,-84.42810059
labeled_all,255001,45000,CHS-PIT,CHS,PIT,6,0,6,0,2.352931949e-05,4990,32.89860153,-80.04049683,40.49150085,-80.23290253
labeled_all,255001,45000,CID-PIE,CID,PIE,6,0,6,0,2.352931949e-05,4991,41.88470078,-91.71080017,27.91020012,-82.68740082
labeled_all,255001,45000,CKB-SFB,CKB,SFB,6,0,6,0,2.352931949e-05,4992,39.29660034,-80.22810364,28.77759933,-81.23750305
labeled_all,255001,45000,CLT-FNT,CLT,FNT,6,0,6,0,2.352931949e-05,4993,35.2140007,-80.94309998,42.9654007,-83.74359894
labeled_all,255001,45000,CRW-DCA,CRW,DCA,6,1,5,0.1666666667,2.352931949e-05,4994,38.37310028,-81.59320068,38.85210037,-77.03769684
labeled_all,255001,45000,CRW-PHL,CRW,PHL,6,1,5,0.1666666667,2.352931949e-05,4995,38.37310028,-81.59320068,39.87189865,-75.2410965
labeled_all,255001,45000,CVG-MYR,CVG,MYR,6,2,4,0.3333333333,2.352931949e-05,4996,39.04880142,-84.6678009,33.67969894,-78.92829895
labeled_all,255001,45000,DAL-JAX,DAL,JAX,6,2,4,0.3333333333,2.352931949e-05,4997,32.8470993,-96.85179901,30.49410057,-81.68789673
labeled_all,255001,45000,DAL-PNS,DAL,PNS,6,1,5,0.1666666667,2.352931949e-05,4998,32.8470993,-96.85179901,30.47340012,-87.18659973
labeled_all,255001,45000,DAL-SDF,DAL,SDF,6,3,3,0.5,2.352931949e-05,4999,32.8470993,-96.85179901,38.17440033,-85.73600006
labeled_all,255001,45000,DEN-ATY,DEN,ATY,6,1,5,0.1666666667,2.352931949e-05,5000,39.86169815,-104.6729965,44.91400146,-97.15470123
labeled_all,255001,45000,DEN-GSP,DEN,GSP,6,4,2,0.6666666667,2.352931949e-05,5001,39.86169815,-104.6729965,34.89569855,-82.21890259
labeled_all,255001,45000,DEN-MDT,DEN,MDT,6,4,2,0.6666666667,2.352931949e-05,5002,39.86169815,-104.6729965,40.19350052,-76.76339722
labeled_all,255001,45000,DSM-MCO,DSM,MCO,6,4,2,0.6666666667,2.352931949e-05,5003,41.5340004,-93.6631012,28.42939949,-81.30899811
labeled_all,255001,45000,DSM-PGD,DSM,PGD,6,2,4,0.3333333333,2.352931949e-05,5004,41.5340004,-93.6631012,26.92020035,-81.9905014
labeled_all,255001,45000,DTW-LSE,DTW,LSE,6,1,5,0.1666666667,2.352931949e-05,5005,42.21239853,-83.35340118,43.87900162,-91.25669861
labeled_all,255001,45000,ECP-BWI,ECP,BWI,6,1,5,0.1666666667,2.352931949e-05,5006,30.3417,-85.7973,39.17539978,-76.66829681
labeled_all,255001,45000,ELM-PIE,ELM,PIE,6,2,4,0.3333333333,2.352931949e-05,5007,42.15990067,-76.89160156,27.91020012,-82.68740082
labeled_all,255001,45000,ELP-SLC,ELP,SLC,6,0,6,0,2.352931949e-05,5008,31.80719948,-106.3779984,40.78839874,-111.9779968
labeled_all,255001,45000,EUG-AZA,EUG,AZA,6,2,4,0.3333333333,2.352931949e-05,5009,44.12459946,-123.211998,33.30780029,-111.6549988
labeled_all,255001,45000,EUG-SJC,EUG,SJC,6,0,6,0,2.352931949e-05,5010,44.12459946,-123.211998,37.36259842,-121.9290009
labeled_all,255001,45000,EWR-BZN,EWR,BZN,6,2,4,0.3333333333,2.352931949e-05,5011,40.69250107,-74.16870117,45.77750015,-111.1529999
labeled_all,255001,45000,EWR-EGE,EWR,EGE,6,1,5,0.1666666667,2.352931949e-05,5012,40.69250107,-74.16870117,39.64260101,-106.9179993
labeled_all,255001,45000,EWR-LEX,EWR,LEX,6,1,5,0.1666666667,2.352931949e-05,5013,40.69250107,-74.16870117,38.03649902,-84.60590363
labeled_all,255001,45000,FAR-AZA,FAR,AZA,6,1,5,0.1666666667,2.352931949e-05,5014,46.92070007,-96.81580353,33.30780029,-111.6549988
labeled_all,255001,45000,FNT-SFB,FNT,SFB,6,0,6,0,2.352931949e-05,5015,42.9654007,-83.74359894,28.77759933,-81.23750305
labeled_all,255001,45000,FWA-PIE,FWA,PIE,6,1,5,0.1666666667,2.352931949e-05,5016,40.97850037,-85.19509888,27.91020012,-82.68740082
labeled_all,255001,45000,GRI-AZA,GRI,AZA,6,2,4,0.3333333333,2.352931949e-05,5017,40.96749878,-98.30960083,33.30780029,-111.6549988
labeled_all,255001,45000,GSP-PIE,GSP,PIE,6,1,5,0.1666666667,2.352931949e-05,5018,34.89569855,-82.21890259,27.91020012,-82.68740082
labeled_all,255001,45000,GTF-AZA,GTF,AZA,6,1,5,0.1666666667,2.352931949e-05,5019,47.48199844,-111.3710022,33.30780029,-111.6549988
labeled_all,255001,45000,HDN-IAH,HDN,IAH,6,1,5,0.1666666667,2.352931949e-05,5020,40.48120117,-107.2180023,29.9843998,-95.34140015
labeled_all,255001,45000,HNL-MSP,HNL,MSP,6,0,6,0,2.352931949e-05,5021,21.31870079,-157.9219971,44.88199997,-93.22180176
labeled_all,255001,45000,HNL-SLC,HNL,SLC,6,0,6,0,2.352931949e-05,5022,21.31870079,-157.9219971,40.78839874,-111.9779968
labeled_all,255001,45000,HOU-MKE,HOU,MKE,6,1,5,0.1666666667,2.352931949e-05,5023,29.64539909,-95.27890015,42.94720078,-87.89659882
labeled_all,255001,45000,HTS-PIE,HTS,PIE,6,0,6,0,2.352931949e-05,5024,38.36669922,-82.55799866,27.91020012,-82.68740082
labeled_all,255001,45000,IAD-HNL,IAD,HNL,6,0,6,0,2.352931949e-05,5025,38.94449997,-77.45580292,21.31870079,-157.9219971
labeled_all,255001,45000,IAD-SJU,IAD,SJU,6,0,6,0,2.352931949e-05,5026,38.94449997,-77.45580292,18.43939972,-66.00180054
labeled_all,255001,45000,IAG-MYR,IAG,MYR,6,0,6,0,2.352931949e-05,5027,43.1072998,-78.94619751,33.67969894,-78.92829895
labeled_all,255001,45000,IAH-MTJ,IAH,MTJ,6,1,5,0.1666666667,2.352931949e-05,5028,29.9843998,-95.34140015,38.50979996,-107.8939972
labeled_all,255001,45000,ICT-AZA,ICT,AZA,6,0,6,0,2.352931949e-05,5029,37.64989853,-97.43309784,33.30780029,-111.6549988
labeled_all,255001,45000,KTN-SIT,KTN,SIT,6,1,5,0.1666666667,2.352931949e-05,5030,55.35559845,-131.7140045,57.04710007,-135.3619995
labeled_all,255001,45000,LAS-IDA,LAS,IDA,6,2,4,0.3333333333,2.352931949e-05,5031,36.08010101,-115.1520004,43.51459885,-112.0709991
labeled_all,255001,45000,LAS-LRD,LAS,LRD,6,0,6,0,2.352931949e-05,5032,36.08010101,-115.1520004,27.54380035,-99.46160126
labeled_all,255001,45000,LAS-MSN,LAS,MSN,6,0,6,0,2.352931949e-05,5033,36.08010101,-115.1520004,43.13990021,-89.33750153
labeled_all,255001,45000,LAS-SMX,LAS,SMX,6,1,5,0.1666666667,2.352931949e-05,5034,36.08010101,-115.1520004,34.89889908,-120.4570007
labeled_all,255001,45000,LAX-MSN,LAX,MSN,6,0,6,0,2.352931949e-05,5035,33.94250107,-118.4079971,43.13990021,-89.33750153
labeled_all,255001,45000,LAX-RDD,LAX,RDD,6,0,6,0,2.352931949e-05,5036,33.94250107,-118.4079971,40.50899887,-122.2929993
labeled_all,255001,45000,LAX-SGU,LAX,SGU,6,0,6,0,2.352931949e-05,5037,33.94250107,-118.4079971,37.03638889,-113.5103056
labeled_all,255001,45000,LEX-DCA,LEX,DCA,6,0,6,0,2.352931949e-05,5038,38.03649902,-84.60590363,38.85210037,-77.03769684
labeled_all,255001,45000,LEX-MSP,LEX,MSP,6,0,6,0,2.352931949e-05,5039,38.03649902,-84.60590363,44.88199997,-93.22180176
labeled_all,255001,45000,LGA-CHA,LGA,CHA,6,0,6,0,2.352931949e-05,5040,40.77719879,-73.87259674,35.03530121,-85.20379639
labeled_all,255001,45000,LGB-HNL,LGB,HNL,6,2,4,0.3333333333,2.352931949e-05,5041,33.81769943,-118.1520004,21.31870079,-157.9219971
labeled_all,255001,45000,LIH-PDX,LIH,PDX,6,0,6,0,2.352931949e-05,5042,21.97599983,-159.3390045,45.58869934,-122.5979996
labeled_all,255001,45000,LNK-ATL,LNK,ATL,6,0,6,0,2.352931949e-05,5043,40.85100174,-96.75920105,33.63669968,-84.42810059
labeled_all,255001,45000,MCO-MSN,MCO,MSN,6,0,6,0,2.352931949e-05,5044,28.42939949,-81.30899811,43.13990021,-89.33750153
labeled_all,255001,45000,MCO-OKC,MCO,OKC,6,3,3,0.5,2.352931949e-05,5045,28.42939949,-81.30899811,35.39310074,-97.60070038
labeled_all,255001,45000,MCO-PWM,MCO,PWM,6,2,4,0.3333333333,2.352931949e-05,5046,28.42939949,-81.30899811,43.64619827,-70.30930328
labeled_all,255001,45000,MCO-SMF,MCO,SMF,6,2,4,0.3333333333,2.352931949e-05,5047,28.42939949,-81.30899811,38.69540024,-121.5910034
labeled_all,255001,45000,MDT-PIE,MDT,PIE,6,2,4,0.3333333333,2.352931949e-05,5048,40.19350052,-76.76339722,27.91020012,-82.68740082
labeled_all,255001,45000,MDW-SJU,MDW,SJU,6,1,5,0.1666666667,2.352931949e-05,5049,41.7859993,-87.75240326,18.43939972,-66.00180054
labeled_all,255001,45000,MKE-DAL,MKE,DAL,6,0,6,0,2.352931949e-05,5050,42.94720078,-87.89659882,32.8470993,-96.85179901
labeled_all,255001,45000,MKE-SLC,MKE,SLC,6,1,5,0.1666666667,2.352931949e-05,5051,42.94720078,-87.89659882,40.78839874,-111.9779968
labeled_all,255001,45000,MSN-LAX,MSN,LAX,6,0,6,0,2.352931949e-05,5052,43.13990021,-89.33750153,33.94250107,-118.4079971
labeled_all,255001,45000,MSN-SLC,MSN,SLC,6,1,5,0.1666666667,2.352931949e-05,5053,43.13990021,-89.33750153,40.78839874,-111.9779968
labeled_all,255001,45000,MSO-AZA,MSO,AZA,6,1,5,0.1666666667,2.352931949e-05,5054,46.91630173,-114.0910034,33.30780029,-111.6549988
labeled_all,255001,45000,MSO-LAS,MSO,LAS,6,3,3,0.5,2.352931949e-05,5055,46.91630173,-114.0910034,36.08010101,-115.1520004
labeled_all,255001,45000,MSO-SFO,MSO,SFO,6,0,6,0,2.352931949e-05,5056,46.91630173,-114.0910034,37.61899948,-122.375
labeled_all,255001,45000,MSP-ABQ,MSP,ABQ,6,0,6,0,2.352931949e-05,5057,44.88199997,-93.22180176,35.04019928,-106.6090012
labeled_all,255001,45000,MSP-ALB,MSP,ALB,6,0,6,0,2.352931949e-05,5058,44.88199997,-93.22180176,42.74829864,-73.80169678
labeled_all,255001,45000,MSP-DAL,MSP,DAL,6,0,6,0,2.352931949e-05,5059,44.88199997,-93.22180176,32.8470993,-96.85179901
labeled_all,255001,45000,MSP-FCA,MSP,FCA,6,0,6,0,2.352931949e-05,5060,44.88199997,-93.22180176,48.3105011,-114.2559967
labeled_all,255001,45000,MSP-FNT,MSP,FNT,6,0,6,0,2.352931949e-05,5061,44.88199997,-93.22180176,42.9654007,-83.74359894
labeled_all,255001,45000,MSP-HNL,MSP,HNL,6,0,6,0,2.352931949e-05,5062,44.88199997,-93.22180176,21.31870079,-157.9219971
labeled_all,255001,45000,MSP-IMT,MSP,IMT,6,0,6,0,2.352931949e-05,5063,44.88199997,-93.22180176,45.81840134,-88.11450195
labeled_all,255001,45000,MSP-TUS,MSP,TUS,6,0,6,0,2.352931949e-05,5064,44.88199997,-93.22180176,32.11610031,-110.9410019
labeled_all,255001,45000,MVY-JFK,MVY,JFK,6,3,3,0.5,2.352931949e-05,5065,41.39310074,-70.61430359,40.63980103,-73.77890015
labeled_all,255001,45000,MYR-SWF,MYR,SWF,6,1,5,0.1666666667,2.352931949e-05,5066,33.67969894,-78.92829895,41.5041008,-74.10479736
labeled_all,255001,45000,OAK-DFW,OAK,DFW,6,3,3,0.5,2.352931949e-05,5067,37.72129822,-122.2210007,32.89680099,-97.03800201
labeled_all,255001,45000,OAK-EWR,OAK,EWR,6,3,3,0.5,2.352931949e-05,5068,37.72129822,-122.2210007,40.69250107,-74.16870117
labeled_all,255001,45000,OAK-IAH,OAK,IAH,6,2,4,0.3333333333,2.352931949e-05,5069,37.72129822,-122.2210007,29.9843998,-95.34140015
labeled_all,255001,45000,OAK-MCI,OAK,MCI,6,0,6,0,2.352931949e-05,5070,37.72129822,-122.2210007,39.29759979,-94.71389771
labeled_all,255001,45000,ONT-IAH,ONT,IAH,6,0,6,0,2.352931949e-05,5071,34.05599976,-117.6009979,29.9843998,-95.34140015
labeled_all,255001,45000,ONT-SAT,ONT,SAT,6,2,4,0.3333333333,2.352931949e-05,5072,34.05599976,-117.6009979,29.53370094,-98.46980286
labeled_all,255001,45000,ORD-FAT,ORD,FAT,6,0,6,0,2.352931949e-05,5073,41.97859955,-87.90480042,36.77619934,-119.7180023
labeled_all,255001,45000,ORD-GTF,ORD,GTF,6,0,6,0,2.352931949e-05,5074,41.97859955,-87.90480042,47.48199844,-111.3710022
labeled_all,255001,45000,ORF-FLL,ORF,FLL,6,2,4,0.3333333333,2.352931949e-05,5075,36.89459991,-76.20120239,26.07259941,-80.15270233
labeled_all,255001,45000,ORF-MSP,ORF,MSP,6,0,6,0,2.352931949e-05,5076,36.89459991,-76.20120239,44.88199997,-93.22180176
labeled_all,255001,45000,PAE-SNA,PAE,SNA,6,1,5,0.1666666667,2.352931949e-05,5077,47.90629959,-122.2819977,33.67570114,-117.8679962
labeled_all,255001,45000,PDX-CLT,PDX,CLT,6,0,6,0,2.352931949e-05,5078,45.58869934,-122.5979996,35.2140007,-80.94309998
labeled_all,255001,45000,PDX-MCO,PDX,MCO,6,0,6,0,2.352931949e-05,5079,45.58869934,-122.5979996,28.42939949,-81.30899811
labeled_all,255001,45000,PGD-ALB,PGD,ALB,6,1,5,0.1666666667,2.352931949e-05,5080,26.92020035,-81.9905014,42.74829864,-73.80169678
labeled_all,255001,45000,PGD-BLV,PGD,BLV,6,3,3,0.5,2.352931949e-05,5081,26.92020035,-81.9905014,38.54520035,-89.83519745
labeled_all,255001,45000,PGD-CID,PGD,CID,6,2,4,0.3333333333,2.352931949e-05,5082,26.92020035,-81.9905014,41.88470078,-91.71080017
labeled_all,255001,45000,PGD-DAY,PGD,DAY,6,0,6,0,2.352931949e-05,5083,26.92020035,-81.9905014,39.90240097,-84.2193985
labeled_all,255001,45000,PGD-PSM,PGD,PSM,6,1,5,0.1666666667,2.352931949e-05,5084,26.92020035,-81.9905014,43.07789993,-70.82330322
labeled_all,255001,45000,PGD-SBN,PGD,SBN,6,0,6,0,2.352931949e-05,5085,26.92020035,-81.9905014,41.70869827,-86.31729889
labeled_all,255001,45000,PHX-MAF,PHX,MAF,6,1,5,0.1666666667,2.352931949e-05,5086,33.43429947,-112.012001,31.94249916,-102.2020035
labeled_all,255001,45000,PIA-LAS,PIA,LAS,6,0,6,0,2.352931949e-05,5087,40.66419983,-89.69329834,36.08010101,-115.1520004
labeled_all,255001,45000,PIE-ABE,PIE,ABE,6,3,3,0.5,2.352931949e-05,5088,27.91020012,-82.68740082,40.65209961,-75.44080353
labeled_all,255001,45000,PIE-RDU,PIE,RDU,6,0,6,0,2.352931949e-05,5089,27.91020012,-82.68740082,35.87760162,-78.78749847
labeled_all,255001,45000,PIE-SGF,PIE,SGF,6,2,4,0.3333333333,2.352931949e-05,5090,27.91020012,-82.68740082,37.24570084,-93.38860321
labeled_all,255001,45000,PIT-PGD,PIT,PGD,6,1,5,0.1666666667,2.352931949e-05,5091,40.49150085,-80.23290253,26.92020035,-81.9905014
labeled_all,255001,45000,PNS-DEN,PNS,DEN,6,2,4,0.3333333333,2.352931949e-05,5092,30.47340012,-87.18659973,39.86169815,-104.6729965
labeled_all,255001,45000,PSC-PDX,PSC,PDX,6,0,6,0,2.352931949e-05,5093,46.26470184,-119.1190033,45.58869934,-122.5979996
labeled_all,255001,45000,PSM-PGD,PSM,PGD,6,1,5,0.1666666667,2.352931949e-05,5094,43.07789993,-70.82330322,26.92020035,-81.9905014
labeled_all,255001,45000,RNO-ORD,RNO,ORD,6,3,3,0.5,2.352931949e-05,5095,39.49909973,-119.7679977,41.97859955,-87.90480042
labeled_all,255001,45000,ROA-PIE,ROA,PIE,6,3,3,0.5,2.352931949e-05,5096,37.32550049,-79.97540283,27.91020012,-82.68740082
labeled_all,255001,45000,SAN-FLL,SAN,FLL,6,3,3,0.5,2.352931949e-05,5097,32.73360062,-117.1900024,26.07259941,-80.15270233
labeled_all,255001,45000,SAV-CLE,SAV,CLE,6,1,5,0.1666666667,2.352931949e-05,5098,32.12760162,-81.20210266,41.4117012,-81.84980011
labeled_all,255001,45000,SAV-PIT,SAV,PIT,6,1,5,0.1666666667,2.352931949e-05,5099,32.12760162,-81.20210266,40.49150085,-80.23290253
labeled_all,255001,45000,SFB-FWA,SFB,FWA,6,1,5,0.1666666667,2.352931949e-05,5100,28.77759933,-81.23750305,40.97850037,-85.19509888
labeled_all,255001,45000,SFB-MLI,SFB,MLI,6,1,5,0.1666666667,2.352931949e-05,5101,28.77759933,-81.23750305,41.44850159,-90.50749969
labeled_all,255001,45000,SFB-OWB,SFB,OWB,6,2,4,0.3333333333,2.352931949e-05,5102,28.77759933,-81.23750305,37.74010086,-87.16680145
labeled_all,255001,45000,SFB-PSM,SFB,PSM,6,0,6,0,2.352931949e-05,5103,28.77759933,-81.23750305,43.07789993,-70.82330322
labeled_all,255001,45000,SFB-TOL,SFB,TOL,6,0,6,0,2.352931949e-05,5104,28.77759933,-81.23750305,41.58679962,-83.80780029
labeled_all,255001,45000,SFB-TUL,SFB,TUL,6,0,6,0,2.352931949e-05,5105,28.77759933,-81.23750305,36.19839859,-95.88809967
labeled_all,255001,45000,SHD-LWB,SHD,LWB,6,1,5,0.1666666667,2.352931949e-05,5106,38.26380157,-78.89640045,37.85829926,-80.39949799
labeled_all,255001,45000,SJC-MCO,SJC,MCO,6,1,5,0.1666666667,2.352931949e-05,5107,37.36259842,-121.9290009,28.42939949,-81.30899811
labeled_all,255001,45000,SLC-CMH,SLC,CMH,6,2,4,0.3333333333,2.352931949e-05,5108,40.78839874,-111.9779968,39.9980011,-82.89189911
labeled_all,255001,45000,SLC-MSN,SLC,MSN,6,0,6,0,2.352931949e-05,5109,40.78839874,-111.9779968,43.13990021,-89.33750153
labeled_all,255001,45000,SLC-WYS,SLC,WYS,6,0,6,0,2.352931949e-05,5110,40.78839874,-111.9779968,44.68840027,-111.1179962
labeled_all,255001,45000,SPN-ROP,SPN,ROP,6,1,5,0.1666666667,2.352931949e-05,5111,15.11900043,145.7290039,14.17430019,145.2429962
labeled_all,255001,45000,STS-DFW,STS,DFW,6,3,3,0.5,2.352931949e-05,5112,38.50899887,-122.8130035,32.89680099,-97.03800201
labeled_all,255001,45000,STT-IAD,STT,IAD,6,0,6,0,2.352931949e-05,5113,18.33729935,-64.9733963,38.94449997,-77.45580292
labeled_all,255001,45000,STT-JFK,STT,JFK,6,0,6,0,2.352931949e-05,5114,18.33729935,-64.9733963,40.63980103,-73.77890015
labeled_all,255001,45000,SUN-SFO,SUN,SFO,6,3,3,0.5,2.352931949e-05,5115,43.50439835,-114.2959976,37.61899948,-122.375
labeled_all,255001,45000,SWF-SFB,SWF,SFB,6,2,4,0.3333333333,2.352931949e-05,5116,41.5041008,-74.10479736,28.77759933,-81.23750305
labeled_all,255001,45000,SYR-MSP,SYR,MSP,6,0,6,0,2.352931949e-05,5117,43.11119843,-76.10630035,44.88199997,-93.22180176
labeled_all,255001,45000,TPA-AVL,TPA,AVL,6,2,4,0.3333333333,2.352931949e-05,5118,27.97550011,-82.53320312,35.43619919,-82.54180145
labeled_all,255001,45000,TPA-TTN,TPA,TTN,6,2,4,0.3333333333,2.352931949e-05,5119,27.97550011,-82.53320312,40.27669907,-74.81349945
labeled_all,255001,45000,TRI-DFW,TRI,DFW,6,1,5,0.1666666667,2.352931949e-05,5120,36.47520065,-82.40740204,32.89680099,-97.03800201
labeled_all,255001,45000,TTN-CHS,TTN,CHS,6,2,4,0.3333333333,2.352931949e-05,5121,40.27669907,-74.81349945,32.89860153,-80.04049683
labeled_all,255001,45000,TTN-DTW,TTN,DTW,6,0,6,0,2.352931949e-05,5122,40.27669907,-74.81349945,42.21239853,-83.35340118
labeled_all,255001,45000,TTN-MSP,TTN,MSP,6,1,5,0.1666666667,2.352931949e-05,5123,40.27669907,-74.81349945,44.88199997,-93.22180176
labeled_all,255001,45000,TTN-RDU,TTN,RDU,6,1,5,0.1666666667,2.352931949e-05,5124,40.27669907,-74.81349945,35.87760162,-78.78749847
labeled_all,255001,45000,UIN-CGI,UIN,CGI,6,1,5,0.1666666667,2.352931949e-05,5125,39.94269943,-91.19460297,37.22529984,-89.57080078
labeled_all,255001,45000,VPS-BLV,VPS,BLV,6,1,5,0.1666666667,2.352931949e-05,5126,30.48320007,-86.52539825,38.54520035,-89.83519745
labeled_all,255001,45000,VPS-PIT,VPS,PIT,6,3,3,0.5,2.352931949e-05,5127,30.48320007,-86.52539825,40.49150085,-80.23290253
labeled_all,255001,45000,VPS-SDF,VPS,SDF,6,2,4,0.3333333333,2.352931949e-05,5128,30.48320007,-86.52539825,38.17440033,-85.73600006
labeled_all,255001,45000,WYS-SLC,WYS,SLC,6,0,6,0,2.352931949e-05,5129,44.68840027,-111.1179962,40.78839874,-111.9779968
labeled_all,255001,45000,ABE-BNA,ABE,BNA,5,0,5,0,1.960776624e-05,5130,40.65209961,-75.44080353,36.12450027,-86.67819977
labeled_all,255001,45000,ABQ-JFK,ABQ,JFK,5,2,3,0.4,1.960776624e-05,5131,35.04019928,-106.6090012,40.63980103,-73.77890015
labeled_all,255001,45000,ACK-BOS,ACK,BOS,5,0,5,0,1.960776624e-05,5132,41.25310135,-70.06020355,42.36429977,-71.00520325
labeled_all,255001,45000,ACK-EWR,ACK,EWR,5,2,3,0.4,1.960776624e-05,5133,41.25310135,-70.06020355,40.69250107,-74.16870117
labeled_all,255001,45000,AGS-DFW,AGS,DFW,5,1,4,0.2,1.960776624e-05,5134,33.36989975,-81.96450043,32.89680099,-97.03800201
labeled_all,255001,45000,ALB-MSP,ALB,MSP,5,0,5,0,1.960776624e-05,5135,42.74829864,-73.80169678,44.88199997,-93.22180176
labeled_all,255001,45000,AMA-PHX,AMA,PHX,5,0,5,0,1.960776624e-05,5136,35.2193985,-101.7060013,33.43429947,-112.012001
labeled_all,255001,45000,ANC-SFO,ANC,SFO,5,1,4,0.2,1.960776624e-05,5137,61.17440033,-149.9960022,37.61899948,-122.375
labeled_all,255001,45000,APN-PLN,APN,PLN,5,1,4,0.2,1.960776624e-05,5138,45.0780983,-83.56030273,45.57089996,-84.79669952
labeled_all,255001,45000,ATL-FSD,ATL,FSD,5,0,5,0,1.960776624e-05,5139,33.63669968,-84.42810059,43.58200073,-96.74189758
labeled_all,255001,45000,ATW-SFB,ATW,SFB,5,0,5,0,1.960776624e-05,5140,44.2580986,-88.51909637,28.77759933,-81.23750305
labeled_all,255001,45000,AUS-CLE,AUS,CLE,5,0,5,0,1.960776624e-05,5141,30.19449997,-97.66989899,41.4117012,-81.84980011
labeled_all,255001,45000,AZA-BIL,AZA,BIL,5,0,5,0,1.960776624e-05,5142,33.30780029,-111.6549988,45.80770111,-108.5429993
labeled_all,255001,45000,AZA-BIS,AZA,BIS,5,1,4,0.2,1.960776624e-05,5143,33.30780029,-111.6549988,46.77270126,-100.7460022
labeled_all,255001,45000,AZA-GTF,AZA,GTF,5,2,3,0.4,1.960776624e-05,5144,33.30780029,-111.6549988,47.48199844,-111.3710022
labeled_all,255001,45000,AZA-MOT,AZA,MOT,5,1,4,0.2,1.960776624e-05,5145,33.30780029,-111.6549988,48.25939941,-101.2799988
labeled_all,255001,45000,AZA-OAK,AZA,OAK,5,2,3,0.4,1.960776624e-05,5146,33.30780029,-111.6549988,37.72129822,-122.2210007
labeled_all,255001,45000,AZA-PSC,AZA,PSC,5,2,3,0.4,1.960776624e-05,5147,33.30780029,-111.6549988,46.26470184,-119.1190033
labeled_all,255001,45000,AZA-RAP,AZA,RAP,5,2,3,0.4,1.960776624e-05,5148,33.30780029,-111.6549988,44.04529953,-103.0569992
labeled_all,255001,45000,BDL-IAH,BDL,IAH,5,1,4,0.2,1.960776624e-05,5149,41.93889999,-72.68319702,29.9843998,-95.34140015
labeled_all,255001,45000,BGR-PIE,BGR,PIE,5,1,4,0.2,1.960776624e-05,5150,44.80739975,-68.82810211,27.91020012,-82.68740082
labeled_all,255001,45000,BIS-SFB,BIS,SFB,5,2,3,0.4,1.960776624e-05,5151,46.77270126,-100.7460022,28.77759933,-81.23750305
labeled_all,255001,45000,BKG-DEN,BKG,DEN,5,0,5,0,1.960776624e-05,5152,36.532082,-93.200544,39.86169815,-104.6729965
labeled_all,255001,45000,BLV-LAS,BLV,LAS,5,0,5,0,1.960776624e-05,5153,38.54520035,-89.83519745,36.08010101,-115.1520004
labeled_all,255001,45000,BMI-MCO,BMI,MCO,5,1,4,0.2,1.960776624e-05,5154,40.47710037,-88.91590118,28.42939949,-81.30899811
labeled_all,255001,45000,BNA-SJC,BNA,SJC,5,1,4,0.2,1.960776624e-05,5155,36.12450027,-86.67819977,37.36259842,-121.9290009
labeled_all,255001,45000,BOS-HNL,BOS,HNL,5,1,4,0.2,1.960776624e-05,5156,42.36429977,-71.00520325,21.31870079,-157.9219971
labeled_all,255001,45000,BOS-MVY,BOS,MVY,5,1,4,0.2,1.960776624e-05,5157,42.36429977,-71.00520325,41.39310074,-70.61430359
labeled_all,255001,45000,BUF-DFW,BUF,DFW,5,0,5,0,1.960776624e-05,5158,42.94049835,-78.73220062,32.89680099,-97.03800201
labeled_all,255001,45000,BWI-MYR,BWI,MYR,5,0,5,0,1.960776624e-05,5159,39.17539978,-76.66829681,33.67969894,-78.92829895
labeled_all,255001,45000,BZN-LAS,BZN,LAS,5,2,3,0.4,1.960776624e-05,5160,45.77750015,-111.1529999,36.08010101,-115.1520004
labeled_all,255001,45000,CHS-CVG,CHS,CVG,5,1,4,0.2,1.960776624e-05,5161,32.89860153,-80.04049683,39.04880142,-84.6678009
labeled_all,255001,45000,CHS-DAL,CHS,DAL,5,0,5,0,1.960776624e-05,5162,32.89860153,-80.04049683,32.8470993,-96.85179901
labeled_all,255001,45000,CID-LAS,CID,LAS,5,0,5,0,1.960776624e-05,5163,41.88470078,-91.71080017,36.08010101,-115.1520004
labeled_all,255001,45000,CID-SFB,CID,SFB,5,0,5,0,1.960776624e-05,5164,41.88470078,-91.71080017,28.77759933,-81.23750305
labeled_all,255001,45000,CLE-SAV,CLE,SAV,5,0,5,0,1.960776624e-05,5165,41.4117012,-81.84980011,32.12760162,-81.20210266
labeled_all,255001,45000,CLT-STT,CLT,STT,5,1,4,0.2,1.960776624e-05,5166,35.2140007,-80.94309998,18.33729935,-64.9733963
labeled_all,255001,45000,COD-SLC,COD,SLC,5,2,3,0.4,1.960776624e-05,5167,44.52019882,-109.0240021,40.78839874,-111.9779968
labeled_all,255001,45000,COS-MSP,COS,MSP,5,1,4,0.2,1.960776624e-05,5168,38.80580139,-104.7009964,44.88199997,-93.22180176
labeled_all,255001,45000,COS-SAT,COS,SAT,5,1,4,0.2,1.960776624e-05,5169,38.80580139,-104.7009964,29.53370094,-98.46980286
labeled_all,255001,45000,CVG-CHS,CVG,CHS,5,1,4,0.2,1.960776624e-05,5170,39.04880142,-84.6678009,32.89860153,-80.04049683
labeled_all,255001,45000,DAL-MSP,DAL,MSP,5,3,2,0.6,1.960776624e-05,5171,32.8470993,-96.85179901,44.88199997,-93.22180176
labeled_all,255001,45000,DCA-ACK,DCA,ACK,5,0,5,0,1.960776624e-05,5172,38.85210037,-77.03769684,41.25310135,-70.06020355
labeled_all,255001,45000,DEN-PVD,DEN,PVD,5,1,4,0.2,1.960776624e-05,5173,39.86169815,-104.6729965,41.73260117,-71.42040253
labeled_all,255001,45000,DFW-MDT,DFW,MDT,5,1,4,0.2,1.960776624e-05,5174,32.89680099,-97.03800201,40.19350052,-76.76339722
labeled_all,255001,45000,DFW-STS,DFW,STS,5,1,4,0.2,1.960776624e-05,5175,32.89680099,-97.03800201,38.50899887,-122.8130035
labeled_all,255001,45000,DSM-SFB,DSM,SFB,5,1,4,0.2,1.960776624e-05,5176,41.5340004,-93.6631012,28.77759933,-81.23750305
labeled_all,255001,45000,DTW-CIU,DTW,CIU,5,3,2,0.6,1.960776624e-05,5177,42.21239853,-83.35340118,46.25080109,-84.47239685
labeled_all,255001,45000,DTW-SMF,DTW,SMF,5,2,3,0.4,1.960776624e-05,5178,42.21239853,-83.35340118,38.69540024,-121.5910034
labeled_all,255001,45000,EVV-SFB,EVV,SFB,5,1,4,0.2,1.960776624e-05,5179,38.03699875,-87.53240204,28.77759933,-81.23750305
labeled_all,255001,45000,EWR-ITH,EWR,ITH,5,1,4,0.2,1.960776624e-05,5180,40.69250107,-74.16870117,42.49100113,-76.45839691
labeled_all,255001,45000,EWR-TVC,EWR,TVC,5,1,4,0.2,1.960776624e-05,5181,40.69250107,-74.16870117,44.74140167,-85.5821991
labeled_all,255001,45000,EYW-DFW,EYW,DFW,5,2,3,0.4,1.960776624e-05,5182,24.55610085,-81.75959778,32.89680099,-97.03800201
labeled_all,255001,45000,FLL-GSP,FLL,GSP,5,2,3,0.4,1.960776624e-05,5183,26.07259941,-80.15270233,34.89569855,-82.21890259
labeled_all,255001,45000,FLL-SDF,FLL,SDF,5,2,3,0.4,1.960776624e-05,5184,26.07259941,-80.15270233,38.17440033,-85.73600006
labeled_all,255001,45000,FNT-CLT,FNT,CLT,5,1,4,0.2,1.960776624e-05,5185,42.9654007,-83.74359894,35.2140007,-80.94309998
labeled_all,255001,45000,FSD-ATL,FSD,ATL,5,0,5,0,1.960776624e-05,5186,43.58200073,-96.74189758,33.63669968,-84.42810059
labeled_all,255001,45000,FWA-AZA,FWA,AZA,5,2,3,0.4,1.960776624e-05,5187,40.97850037,-85.19509888,33.30780029,-111.6549988
labeled_all,255001,45000,FWA-EWR,FWA,EWR,5,0,5,0,1.960776624e-05,5188,40.97850037,-85.19509888,40.69250107,-74.16870117
labeled_all,255001,45000,FWA-PGD,FWA,PGD,5,2,3,0.4,1.960776624e-05,5189,40.97850037,-85.19509888,26.92020035,-81.9905014
labeled_all,255001,45000,FWA-SFB,FWA,SFB,5,2,3,0.4,1.960776624e-05,5190,40.97850037,-85.19509888,28.77759933,-81.23750305
labeled_all,255001,45000,GFK-LAS,GFK,LAS,5,1,4,0.2,1.960776624e-05,5191,47.94929886,-97.17610168,36.08010101,-115.1520004
labeled_all,255001,45000,GRR-AZA,GRR,AZA,5,0,5,0,1.960776624e-05,5192,42.88079834,-85.52279663,33.30780029,-111.6549988
labeled_all,255001,45000,GRR-FLL,GRR,FLL,5,3,2,0.6,1.960776624e-05,5193,42.88079834,-85.52279663,26.07259941,-80.15270233
labeled_all,255001,45000,GSP-DEN,GSP,DEN,5,3,2,0.6,1.960776624e-05,5194,34.89569855,-82.21890259,39.86169815,-104.6729965
labeled_all,255001,45000,GSP-FLL,GSP,FLL,5,4,1,0.8,1.960776624e-05,5195,34.89569855,-82.21890259,26.07259941,-80.15270233
labeled_all,255001,45000,GSP-LAS,GSP,LAS,5,2,3,0.4,1.960776624e-05,5196,34.89569855,-82.21890259,36.08010101,-115.1520004
labeled_all,255001,45000,GSP-SFB,GSP,SFB,5,0,5,0,1.960776624e-05,5197,34.89569855,-82.21890259,28.77759933,-81.23750305
labeled_all,255001,45000,GUC-IAH,GUC,IAH,5,2,3,0.4,1.960776624e-05,5198,38.53390121,-106.9329987,29.9843998,-95.34140015
labeled_all,255001,45000,HHH-ATL,HHH,ATL,5,1,4,0.2,1.960776624e-05,5199,32.22439957,-80.69750214,33.63669968,-84.42810059
labeled_all,255001,45000,HOU-MIA,HOU,MIA,5,0,5,0,1.960776624e-05,5200,29.64539909,-95.27890015,25.79319954,-80.29060364
labeled_all,255001,45000,HSV-DTW,HSV,DTW,5,0,5,0,1.960776624e-05,5201,34.6371994,-86.77510071,42.21239853,-83.35340118
labeled_all,255001,45000,HTS-PGD,HTS,PGD,5,1,4,0.2,1.960776624e-05,5202,38.36669922,-82.55799866,26.92020035,-81.9905014
labeled_all,255001,45000,HTS-SFB,HTS,SFB,5,1,4,0.2,1.960776624e-05,5203,38.36669922,-82.55799866,28.77759933,-81.23750305
labeled_all,255001,45000,IAH-ANC,IAH,ANC,5,1,4,0.2,1.960776624e-05,5204,29.9843998,-95.34140015,61.17440033,-149.9960022
labeled_all,255001,45000,IAH-ONT,IAH,ONT,5,0,5,0,1.960776624e-05,5205,29.9843998,-95.34140015,34.05599976,-117.6009979
labeled_all,255001,45000,IDA-AZA,IDA,AZA,5,1,4,0.2,1.960776624e-05,5206,43.51459885,-112.0709991,33.30780029,-111.6549988
labeled_all,255001,45000,IDA-LAS,IDA,LAS,5,0,5,0,1.960776624e-05,5207,43.51459885,-112.0709991,36.08010101,-115.1520004
labeled_all,255001,45000,IND-CHS,IND,CHS,5,0,5,0,1.960776624e-05,5208,39.71730041,-86.29440308,32.89860153,-80.04049683
labeled_all,255001,45000,IND-OAK,IND,OAK,5,1,4,0.2,1.960776624e-05,5209,39.71730041,-86.29440308,37.72129822,-122.2210007
labeled_all,255001,45000,IND-SAV,IND,SAV,5,1,4,0.2,1.960776624e-05,5210,39.71730041,-86.29440308,32.12760162,-81.20210266
labeled_all,255001,45000,ISP-RSW,ISP,RSW,5,2,3,0.4,1.960776624e-05,5211,40.79520035,-73.10019684,26.53619957,-81.75520325
labeled_all,255001,45000,JAX-STL,JAX,STL,5,1,4,0.2,1.960776624e-05,5212,30.49410057,-81.68789673,38.74869919,-90.37000275
labeled_all,255001,45000,JLN-ORD,JLN,ORD,5,2,3,0.4,1.960776624e-05,5213,37.15179825,-94.49829865,41.97859955,-87.90480042
labeled_all,255001,45000,KOA-SMF,KOA,SMF,5,1,4,0.2,1.960776624e-05,5214,19.73880005,-156.0460052,38.69540024,-121.5910034
labeled_all,255001,45000,LAS-GJT,LAS,GJT,5,0,5,0,1.960776624e-05,5215,36.08010101,-115.1520004,39.12239838,-108.5270004
labeled_all,255001,45000,LAS-MFR,LAS,MFR,5,1,4,0.2,1.960776624e-05,5216,36.08010101,-115.1520004,42.37419891,-122.8730011
labeled_all,255001,45000,LAS-MOT,LAS,MOT,5,0,5,0,1.960776624e-05,5217,36.08010101,-115.1520004,48.25939941,-101.2799988
labeled_all,255001,45000,LAS-PSC,LAS,PSC,5,1,4,0.2,1.960776624e-05,5218,36.08010101,-115.1520004,46.26470184,-119.1190033
labeled_all,255001,45000,LAS-SBN,LAS,SBN,5,0,5,0,1.960776624e-05,5219,36.08010101,-115.1520004,41.70869827,-86.31729889
labeled_all,255001,45000,LAX-FCA,LAX,FCA,5,1,4,0.2,1.960776624e-05,5220,33.94250107,-118.4079971,48.3105011,-114.2559967
labeled_all,255001,45000,LCK-SFB,LCK,SFB,5,1,4,0.2,1.960776624e-05,5221,39.81380081,-82.92780304,28.77759933,-81.23750305
labeled_all,255001,45000,LGA-CAK,LGA,CAK,5,2,3,0.4,1.960776624e-05,5222,40.77719879,-73.87259674,40.91609955,-81.44219971
labeled_all,255001,45000,LGA-MVY,LGA,MVY,5,1,4,0.2,1.960776624e-05,5223,40.77719879,-73.87259674,41.39310074,-70.61430359
labeled_all,255001,45000,LIH-SAN,LIH,SAN,5,0,5,0,1.960776624e-05,5224,21.97599983,-159.3390045,32.73360062,-117.1900024
labeled_all,255001,45000,LWS-SEA,LWS,SEA,5,0,5,0,1.960776624e-05,5225,46.37450027,-117.0149994,47.44900131,-122.3089981
labeled_all,255001,45000,MCO-HSV,MCO,HSV,5,2,3,0.4,1.960776624e-05,5226,28.42939949,-81.30899811,34.6371994,-86.77510071
labeled_all,255001,45000,MFR-LAS,MFR,LAS,5,2,3,0.4,1.960776624e-05,5227,42.37419891,-122.8730011,36.08010101,-115.1520004
labeled_all,255001,45000,MKE-SFO,MKE,SFO,5,0,5,0,1.960776624e-05,5228,42.94720078,-87.89659882,37.61899948,-122.375
labeled_all,255001,45000,MLI-AZA,MLI,AZA,5,1,4,0.2,1.960776624e-05,5229,41.44850159,-90.50749969,33.30780029,-111.6549988
labeled_all,255001,45000,MMH-SFO,MMH,SFO,5,4,1,0.8,1.960776624e-05,5230,37.62409973,-118.8379974,37.61899948,-122.375
labeled_all,255001,45000,MYR-BDL,MYR,BDL,5,0,5,0,1.960776624e-05,5231,33.67969894,-78.92829895,41.93889999,-72.68319702
labeled_all,255001,45000,MYR-CMH,MYR,CMH,5,1,4,0.2,1.960776624e-05,5232,33.67969894,-78.92829895,39.9980011,-82.89189911
labeled_all,255001,45000,MYR-IAG,MYR,IAG,5,0,5,0,1.960776624e-05,5233,33.67969894,-78.92829895,43.1072998,-78.94619751
labeled_all,255001,45000,OAK-BOS,OAK,BOS,5,2,3,0.4,1.960776624e-05,5234,37.72129822,-122.2210007,42.36429977,-71.00520325
labeled_all,255001,45000,OGD-AZA,OGD,AZA,5,3,2,0.6,1.960776624e-05,5235,41.19589996,-112.012001,33.30780029,-111.6549988
labeled_all,255001,45000,OMA-MCO,OMA,MCO,5,1,4,0.2,1.960776624e-05,5236,41.30319977,-95.89409637,28.42939949,-81.30899811
labeled_all,255001,45000,ONT-ATL,ONT,ATL,5,0,5,0,1.960776624e-05,5237,34.05599976,-117.6009979,33.63669968,-84.42810059
labeled_all,255001,45000,ORD-HDN,ORD,HDN,5,2,3,0.4,1.960776624e-05,5238,41.97859955,-87.90480042,40.48120117,-107.2180023
labeled_all,255001,45000,ORD-JLN,ORD,JLN,5,1,4,0.2,1.960776624e-05,5239,41.97859955,-87.90480042,37.15179825,-94.49829865
labeled_all,255001,45000,ORD-OAK,ORD,OAK,5,1,4,0.2,1.960776624e-05,5240,41.97859955,-87.90480042,37.72129822,-122.2210007
labeled_all,255001,45000,ORD-SHD,ORD,SHD,5,1,4,0.2,1.960776624e-05,5241,41.97859955,-87.90480042,38.26380157,-78.89640045
labeled_all,255001,45000,ORF-PIE,ORF,PIE,5,1,4,0.2,1.960776624e-05,5242,36.89459991,-76.20120239,27.91020012,-82.68740082
labeled_all,255001,45000,ORF-SFB,ORF,SFB,5,0,5,0,1.960776624e-05,5243,36.89459991,-76.20120239,28.77759933,-81.23750305
labeled_all,255001,45000,PAE-PHX,PAE,PHX,5,0,5,0,1.960776624e-05,5244,47.90629959,-122.2819977,33.43429947,-112.012001
labeled_all,255001,45000,PAE-SAN,PAE,SAN,5,0,5,0,1.960776624e-05,5245,47.90629959,-122.2819977,32.73360062,-117.1900024
labeled_all,255001,45000,PDX-KOA,PDX,KOA,5,1,4,0.2,1.960776624e-05,5246,45.58869934,-122.5979996,19.73880005,-156.0460052
labeled_all,255001,45000,PDX-LIH,PDX,LIH,5,1,4,0.2,1.960776624e-05,5247,45.58869934,-122.5979996,21.97599983,-159.3390045
labeled_all,255001,45000,PDX-PSC,PDX,PSC,5,0,5,0,1.960776624e-05,5248,45.58869934,-122.5979996,46.26470184,-119.1190033
labeled_all,255001,45000,PGD-MCI,PGD,MCI,5,0,5,0,1.960776624e-05,5249,26.92020035,-81.9905014,39.29759979,-94.71389771
labeled_all,255001,45000,PHL-AVL,PHL,AVL,5,0,5,0,1.960776624e-05,5250,39.87189865,-75.2410965,35.43619919,-82.54180145
labeled_all,255001,45000,PHL-CHA,PHL,CHA,5,0,5,0,1.960776624e-05,5251,39.87189865,-75.2410965,35.03530121,-85.20379639
labeled_all,255001,45000,PHX-EUG,PHX,EUG,5,0,5,0,1.960776624e-05,5252,33.43429947,-112.012001,44.12459946,-123.211998
labeled_all,255001,45000,PHX-GRR,PHX,GRR,5,0,5,0,1.960776624e-05,5253,33.43429947,-112.012001,42.88079834,-85.52279663
labeled_all,255001,45000,PHX-MTJ,PHX,MTJ,5,0,5,0,1.960776624e-05,5254,33.43429947,-112.012001,38.50979996,-107.8939972
labeled_all,255001,45000,PIB-DFW,PIB,DFW,5,1,4,0.2,1.960776624e-05,5255,31.46710014,-89.33709717,32.89680099,-97.03800201
labeled_all,255001,45000,PIE-CHA,PIE,CHA,5,1,4,0.2,1.960776624e-05,5256,27.91020012,-82.68740082,35.03530121,-85.20379639
labeled_all,255001,45000,PIE-DAY,PIE,DAY,5,1,4,0.2,1.960776624e-05,5257,27.91020012,-82.68740082,39.90240097,-84.2193985
labeled_all,255001,45000,PIE-FNT,PIE,FNT,5,0,5,0,1.960776624e-05,5258,27.91020012,-82.68740082,42.9654007,-83.74359894
labeled_all,255001,45000,PIE-MLI,PIE,MLI,5,1,4,0.2,1.960776624e-05,5259,27.91020012,-82.68740082,41.44850159,-90.50749969
labeled_all,255001,45000,PIE-PBG,PIE,PBG,5,1,4,0.2,1.960776624e-05,5260,27.91020012,-82.68740082,44.65090179,-73.4681015
labeled_all,255001,45000,PIE-PIA,PIE,PIA,5,0,5,0,1.960776624e-05,5261,27.91020012,-82.68740082,40.66419983,-89.69329834
labeled_all,255001,45000,PIE-RIC,PIE,RIC,5,2,3,0.4,1.960776624e-05,5262,27.91020012,-82.68740082,37.50519943,-77.31970215
labeled_all,255001,45000,PIE-SDF,PIE,SDF,5,1,4,0.2,1.960776624e-05,5263,27.91020012,-82.68740082,38.17440033,-85.73600006
labeled_all,255001,45000,PIE-TOL,PIE,TOL,5,0,5,0,1.960776624e-05,5264,27.91020012,-82.68740082,41.58679962,-83.80780029
labeled_all,255001,45000,PIR-DEN,PIR,DEN,5,1,4,0.2,1.960776624e-05,5265,44.38270187,-100.2860031,39.86169815,-104.6729965
labeled_all,255001,45000,PIT-JAX,PIT,JAX,5,0,5,0,1.960776624e-05,5266,40.49150085,-80.23290253,30.49410057,-81.68789673
labeled_all,255001,45000,PNS-DAL,PNS,DAL,5,2,3,0.4,1.960776624e-05,5267,30.47340012,-87.18659973,32.8470993,-96.85179901
labeled_all,255001,45000,PSC-LAS,PSC,LAS,5,0,5,0,1.960776624e-05,5268,46.26470184,-119.1190033,36.08010101,-115.1520004
labeled_all,255001,45000,PVD-MIA,PVD,MIA,5,1,4,0.2,1.960776624e-05,5269,41.73260117,-71.42040253,25.79319954,-80.29060364
labeled_all,255001,45000,PVD-PBI,PVD,PBI,5,0,5,0,1.960776624e-05,5270,41.73260117,-71.42040253,26.68320084,-80.09559631
labeled_all,255001,45000,RDD-LAX,RDD,LAX,5,0,5,0,1.960776624e-05,5271,40.50899887,-122.2929993,33.94250107,-118.4079971
labeled_all,255001,45000,RDU-PGD,RDU,PGD,5,1,4,0.2,1.960776624e-05,5272,35.87760162,-78.78749847,26.92020035,-81.9905014
labeled_all,255001,45000,RDU-SAN,RDU,SAN,5,2,3,0.4,1.960776624e-05,5273,35.87760162,-78.78749847,32.73360062,-117.1900024
labeled_all,255001,45000,RFD-LAS,RFD,LAS,5,0,5,0,1.960776624e-05,5274,42.19540024,-89.09719849,36.08010101,-115.1520004
labeled_all,255001,45000,RFD-PIE,RFD,PIE,5,1,4,0.2,1.960776624e-05,5275,42.19540024,-89.09719849,27.91020012,-82.68740082
labeled_all,255001,45000,RFD-SFB,RFD,SFB,5,1,4,0.2,1.960776624e-05,5276,42.19540024,-89.09719849,28.77759933,-81.23750305
labeled_all,255001,45000,RIC-PIE,RIC,PIE,5,1,4,0.2,1.960776624e-05,5277,37.50519943,-77.31970215,27.91020012,-82.68740082
labeled_all,255001,45000,ROA-SFB,ROA,SFB,5,1,4,0.2,1.960776624e-05,5278,37.32550049,-79.97540283,28.77759933,-81.23750305
labeled_all,255001,45000,RSW-ISP,RSW,ISP,5,2,3,0.4,1.960776624e-05,5279,26.53619957,-81.75520325,40.79520035,-73.10019684
labeled_all,255001,45000,SAN-BLI,SAN,BLI,5,2,3,0.4,1.960776624e-05,5280,32.73360062,-117.1900024,48.7928009,-122.538002
labeled_all,255001,45000,SAT-ONT,SAT,ONT,5,0,5,0,1.960776624e-05,5281,29.53370094,-98.46980286,34.05599976,-117.6009979
labeled_all,255001,45000,SAV-BWI,SAV,BWI,5,0,5,0,1.960776624e-05,5282,32.12760162,-81.20210266,39.17539978,-76.66829681
labeled_all,255001,45000,SAV-CVG,SAV,CVG,5,0,5,0,1.960776624e-05,5283,32.12760162,-81.20210266,39.04880142,-84.6678009
labeled_all,255001,45000,SBA-SLC,SBA,SLC,5,0,5,0,1.960776624e-05,5284,34.42620087,-119.8399963,40.78839874,-111.9779968
labeled_all,255001,45000,SBP-DFW,SBP,DFW,5,1,4,0.2,1.960776624e-05,5285,35.23680115,-120.6419983,32.89680099,-97.03800201
labeled_all,255001,45000,SDF-VPS,SDF,VPS,5,0,5,0,1.960776624e-05,5286,38.17440033,-85.73600006,30.48320007,-86.52539825
labeled_all,255001,45000,SFB-ALB,SFB,ALB,5,1,4,0.2,1.960776624e-05,5287,28.77759933,-81.23750305,42.74829864,-73.80169678
labeled_all,255001,45000,SFB-IAG,SFB,IAG,5,1,4,0.2,1.960776624e-05,5288,28.77759933,-81.23750305,43.1072998,-78.94619751
labeled_all,255001,45000,SFB-OGS,SFB,OGS,5,0,5,0,1.960776624e-05,5289,28.77759933,-81.23750305,44.68190002,-75.46549988
labeled_all,255001,45000,SFB-RFD,SFB,RFD,5,1,4,0.2,1.960776624e-05,5290,28.77759933,-81.23750305,42.19540024,-89.09719849
labeled_all,255001,45000,SFB-SDF,SFB,SDF,5,2,3,0.4,1.960776624e-05,5291,28.77759933,-81.23750305,38.17440033,-85.73600006
labeled_all,255001,45000,SFB-SJU,SFB,SJU,5,0,5,0,1.960776624e-05,5292,28.77759933,-81.23750305,18.43939972,-66.00180054
labeled_all,255001,45000,SFB-XNA,SFB,XNA,5,1,4,0.2,1.960776624e-05,5293,28.77759933,-81.23750305,36.2818985,-94.30680084
labeled_all,255001,45000,SFO-ANC,SFO,ANC,5,2,3,0.4,1.960776624e-05,5294,37.61899948,-122.375,61.17440033,-149.9960022
labeled_all,255001,45000,SFO-SUN,SFO,SUN,5,0,5,0,1.960776624e-05,5295,37.61899948,-122.375,43.50439835,-114.2959976
labeled_all,255001,45000,SHD-ORD,SHD,ORD,5,1,4,0.2,1.960776624e-05,5296,38.26380157,-78.89640045,41.97859955,-87.90480042
labeled_all,255001,45000,SHV-LAS,SHV,LAS,5,0,5,0,1.960776624e-05,5297,32.44660187,-93.82559967,36.08010101,-115.1520004
labeled_all,255001,45000,SJC-ABQ,SJC,ABQ,5,0,5,0,1.960776624e-05,5298,37.36259842,-121.9290009,35.04019928,-106.6090012
labeled_all,255001,45000,SJC-PAE,SJC,PAE,5,0,5,0,1.960776624e-05,5299,37.36259842,-121.9290009,47.90629959,-122.2819977
labeled_all,255001,45000,SLC-ELP,SLC,ELP,5,0,5,0,1.960776624e-05,5300,40.78839874,-111.9779968,31.80719948,-106.3779984
labeled_all,255001,45000,SLC-HOU,SLC,HOU,5,0,5,0,1.960776624e-05,5301,40.78839874,-111.9779968,29.64539909,-95.27890015
labeled_all,255001,45000,SLC-SBA,SLC,SBA,5,0,5,0,1.960776624e-05,5302,40.78839874,-111.9779968,34.42620087,-119.8399963
labeled_all,255001,45000,SMF-MCO,SMF,MCO,5,0,5,0,1.960776624e-05,5303,38.69540024,-121.5910034,28.42939949,-81.30899811
labeled_all,255001,45000,SNA-PAE,SNA,PAE,5,0,5,0,1.960776624e-05,5304,33.67570114,-117.8679962,47.90629959,-122.2819977
labeled_all,255001,45000,STS-DEN,STS,DEN,5,1,4,0.2,1.960776624e-05,5305,38.50899887,-122.8130035,39.86169815,-104.6729965
labeled_all,255001,45000,STT-CLT,STT,CLT,5,1,4,0.2,1.960776624e-05,5306,18.33729935,-64.9733963,35.2140007,-80.94309998
labeled_all,255001,45000,STX-SJU,STX,SJU,5,0,5,0,1.960776624e-05,5307,17.70190048,-64.79859924,18.43939972,-66.00180054
labeled_all,255001,45000,SWF-MYR,SWF,MYR,5,0,5,0,1.960776624e-05,5308,41.5041008,-74.10479736,33.67969894,-78.92829895
labeled_all,255001,45000,SYR-DEN,SYR,DEN,5,1,4,0.2,1.960776624e-05,5309,43.11119843,-76.10630035,39.86169815,-104.6729965
labeled_all,255001,45000,TOL-PIE,TOL,PIE,5,0,5,0,1.960776624e-05,5310,41.58679962,-83.80780029,27.91020012,-82.68740082
labeled_all,255001,45000,TTN-MYR,TTN,MYR,5,1,4,0.2,1.960776624e-05,5311,40.27669907,-74.81349945,33.67969894,-78.92829895
labeled_all,255001,45000,TTN-PBI,TTN,PBI,5,1,4,0.2,1.960776624e-05,5312,40.27669907,-74.81349945,26.68320084,-80.09559631
labeled_all,255001,45000,TUL-LAX,TUL,LAX,5,1,4,0.2,1.960776624e-05,5313,36.19839859,-95.88809967,33.94250107,-118.4079971
labeled_all,255001,45000,TYS-PGD,TYS,PGD,5,2,3,0.4,1.960776624e-05,5314,35.81100082,-83.9940033,26.92020035,-81.9905014
labeled_all,255001,45000,VPS-OKC,VPS,OKC,5,2,3,0.4,1.960776624e-05,5315,30.48320007,-86.52539825,35.39310074,-97.60070038
labeled_all,255001,45000,XNA-SFB,XNA,SFB,5,0,5,0,1.960776624e-05,5316,36.2818985,-94.30680084,28.77759933,-81.23750305
labeled_all,255001,45000,XWA-DEN,XWA,DEN,5,2,3,0.4,1.960776624e-05,5317,48.259722,-103.750556,39.86169815,-104.6729965
labeled_all,255001,45000,ABE-PIE,ABE,PIE,4,0,4,0,1.5686213e-05,5318,40.65209961,-75.44080353,27.91020012,-82.68740082
labeled_all,255001,45000,ABQ-MSP,ABQ,MSP,4,0,4,0,1.5686213e-05,5319,35.04019928,-106.6090012,44.88199997,-93.22180176
labeled_all,255001,45000,ACV-DEN,ACV,DEN,4,1,3,0.25,1.5686213e-05,5320,40.97809982,-124.1090012,39.86169815,-104.6729965
labeled_all,255001,45000,ACY-PBI,ACY,PBI,4,1,3,0.25,1.5686213e-05,5321,39.45759964,-74.57720184,26.68320084,-80.09559631
labeled_all,255001,45000,ANC-ADK,ANC,ADK,4,1,3,0.25,1.5686213e-05,5322,61.17440033,-149.9960022,51.87799835,-176.6459961
labeled_all,255001,45000,ANC-DFW,ANC,DFW,4,0,4,0,1.5686213e-05,5323,61.17440033,-149.9960022,32.89680099,-97.03800201
labeled_all,255001,45000,ANC-OGG,ANC,OGG,4,1,3,0.25,1.5686213e-05,5324,61.17440033,-149.9960022,20.89859962,-156.4299927
labeled_all,255001,45000,ANC-PHX,ANC,PHX,4,0,4,0,1.5686213e-05,5325,61.17440033,-149.9960022,33.43429947,-112.012001
labeled_all,255001,45000,ATL-AVP,ATL,AVP,4,0,4,0,1.5686213e-05,5326,33.63669968,-84.42810059,41.33850098,-75.7233963
labeled_all,255001,45000,ATL-BZN,ATL,BZN,4,1,3,0.25,1.5686213e-05,5327,33.63669968,-84.42810059,45.77750015,-111.1529999
labeled_all,255001,45000,AUS-PIT,AUS,PIT,4,0,4,0,1.5686213e-05,5328,30.19449997,-97.66989899,40.49150085,-80.23290253
labeled_all,255001,45000,AVL-DFW,AVL,DFW,4,0,4,0,1.5686213e-05,5329,35.43619919,-82.54180145,32.89680099,-97.03800201
labeled_all,255001,45000,AZA-ATW,AZA,ATW,4,0,4,0,1.5686213e-05,5330,33.30780029,-111.6549988,44.2580986,-88.51909637
labeled_all,255001,45000,AZA-BLI,AZA,BLI,4,0,4,0,1.5686213e-05,5331,33.30780029,-111.6549988,48.7928009,-122.538002
labeled_all,255001,45000,AZA-BOI,AZA,BOI,4,0,4,0,1.5686213e-05,5332,33.30780029,-111.6549988,43.56439972,-116.2229996
labeled_all,255001,45000,AZA-DSM,AZA,DSM,4,1,3,0.25,1.5686213e-05,5333,33.30780029,-111.6549988,41.5340004,-93.6631012
labeled_all,255001,45000,AZA-GRI,AZA,GRI,4,0,4,0,1.5686213e-05,5334,33.30780029,-111.6549988,40.96749878,-98.30960083
labeled_all,255001,45000,AZA-LAS,AZA,LAS,4,2,2,0.5,1.5686213e-05,5335,33.30780029,-111.6549988,36.08010101,-115.1520004
labeled_all,255001,45000,AZA-MSO,AZA,MSO,4,0,4,0,1.5686213e-05,5336,33.30780029,-111.6549988,46.91630173,-114.0910034
labeled_all,255001,45000,BDL-SFO,BDL,SFO,4,2,2,0.5,1.5686213e-05,5337,41.93889999,-72.68319702,37.61899948,-122.375
labeled_all,255001,45000,BGR-SFB,BGR,SFB,4,0,4,0,1.5686213e-05,5338,44.80739975,-68.82810211,28.77759933,-81.23750305
labeled_all,255001,45000,BIL-LAS,BIL,LAS,4,0,4,0,1.5686213e-05,5339,45.80770111,-108.5429993,36.08010101,-115.1520004
labeled_all,255001,45000,BIS-AZA,BIS,AZA,4,0,4,0,1.5686213e-05,5340,46.77270126,-100.7460022,33.30780029,-111.6549988
labeled_all,255001,45000,BNA-PGD,BNA,PGD,4,2,2,0.5,1.5686213e-05,5341,36.12450027,-86.67819977,26.92020035,-81.9905014
labeled_all,255001,45000,BOI-AZA,BOI,AZA,4,1,3,0.25,1.5686213e-05,5342,43.56439972,-116.2229996,33.30780029,-111.6549988
labeled_all,255001,45000,BUR-ATL,BUR,ATL,4,1,3,0.25,1.5686213e-05,5343,34.20069885,-118.3590012,33.63669968,-84.42810059
labeled_all,255001,45000,BWI-AVL,BWI,AVL,4,1,3,0.25,1.5686213e-05,5344,39.17539978,-76.66829681,35.43619919,-82.54180145
labeled_all,255001,45000,BZN-AZA,BZN,AZA,4,2,2,0.5,1.5686213e-05,5345,45.77750015,-111.1529999,33.30780029,-111.6549988
labeled_all,255001,45000,CGI-UIN,CGI,UIN,4,0,4,0,1.5686213e-05,5346,37.22529984,-89.57080078,39.94269943,-91.19460297
labeled_all,255001,45000,CHA-PHL,CHA,PHL,4,0,4,0,1.5686213e-05,5347,35.03530121,-85.20379639,39.87189865,-75.2410965
labeled_all,255001,45000,CLE-AUS,CLE,AUS,4,1,3,0.25,1.5686213e-05,5348,41.4117012,-81.84980011,30.19449997,-97.66989899
labeled_all,255001,45000,CLE-PIE,CLE,PIE,4,1,3,0.25,1.5686213e-05,5349,41.4117012,-81.84980011,27.91020012,-82.68740082
labeled_all,255001,45000,CLE-SRQ,CLE,SRQ,4,1,3,0.25,1.5686213e-05,5350,41.4117012,-81.84980011,27.39539909,-82.55439758
labeled_all,255001,45000,CLT-BGR,CLT,BGR,4,1,3,0.25,1.5686213e-05,5351,35.2140007,-80.94309998,44.80739975,-68.82810211
labeled_all,255001,45000,CLT-RAP,CLT,RAP,4,0,4,0,1.5686213e-05,5352,35.2140007,-80.94309998,44.04529953,-103.0569992
labeled_all,255001,45000,CMH-OAK,CMH,OAK,4,0,4,0,1.5686213e-05,5353,39.9980011,-82.89189911,37.72129822,-122.2210007
labeled_all,255001,45000,CMH-SLC,CMH,SLC,4,0,4,0,1.5686213e-05,5354,39.9980011,-82.89189911,40.78839874,-111.9779968
labeled_all,255001,45000,CVG-AZA,CVG,AZA,4,0,4,0,1.5686213e-05,5355,39.04880142,-84.6678009,33.30780029,-111.6549988
labeled_all,255001,45000,CVG-SAN,CVG,SAN,4,1,3,0.25,1.5686213e-05,5356,39.04880142,-84.6678009,32.73360062,-117.1900024
labeled_all,255001,45000,CVG-SRQ,CVG,SRQ,4,1,3,0.25,1.5686213e-05,5357,39.04880142,-84.6678009,27.39539909,-82.55439758
labeled_all,255001,45000,DAY-PGD,DAY,PGD,4,0,4,0,1.5686213e-05,5358,39.90240097,-84.2193985,26.92020035,-81.9905014
labeled_all,255001,45000,DAY-PIE,DAY,PIE,4,0,4,0,1.5686213e-05,5359,39.90240097,-84.2193985,27.91020012,-82.68740082
labeled_all,255001,45000,DCA-EYW,DCA,EYW,4,1,3,0.25,1.5686213e-05,5360,38.85210037,-77.03769684,24.55610085,-81.75959778
labeled_all,255001,45000,DEN-PNS,DEN,PNS,4,1,3,0.25,1.5686213e-05,5361,39.86169815,-104.6729965,30.47340012,-87.18659973
labeled_all,255001,45000,DEN-XWA,DEN,XWA,4,0,4,0,1.5686213e-05,5362,39.86169815,-104.6729965,48.259722,-103.750556
labeled_all,255001,45000,DFW-AGS,DFW,AGS,4,1,3,0.25,1.5686213e-05,5363,32.89680099,-97.03800201,33.36989975,-81.96450043
labeled_all,255001,45000,DFW-ILM,DFW,ILM,4,1,3,0.25,1.5686213e-05,5364,32.89680099,-97.03800201,34.27059937,-77.90260315
labeled_all,255001,45000,DTW-SJC,DTW,SJC,4,0,4,0,1.5686213e-05,5365,42.21239853,-83.35340118,37.36259842,-121.9290009
labeled_all,255001,45000,DTW-TTN,DTW,TTN,4,1,3,0.25,1.5686213e-05,5366,42.21239853,-83.35340118,40.27669907,-74.81349945
labeled_all,255001,45000,EGE-ATL,EGE,ATL,4,1,3,0.25,1.5686213e-05,5367,39.64260101,-106.9179993,33.63669968,-84.42810059
labeled_all,255001,45000,EGE-ORD,EGE,ORD,4,1,3,0.25,1.5686213e-05,5368,39.64260101,-106.9179993,41.97859955,-87.90480042
labeled_all,255001,45000,EUG-OAK,EUG,OAK,4,1,3,0.25,1.5686213e-05,5369,44.12459946,-123.211998,37.72129822,-122.2210007
labeled_all,255001,45000,EWR-JAC,EWR,JAC,4,1,3,0.25,1.5686213e-05,5370,40.69250107,-74.16870117,43.6072998,-110.737999
labeled_all,255001,45000,EWR-PSP,EWR,PSP,4,2,2,0.5,1.5686213e-05,5371,40.69250107,-74.16870117,33.82970047,-116.5070038
labeled_all,255001,45000,FCA-PDX,FCA,PDX,4,1,3,0.25,1.5686213e-05,5372,48.3105011,-114.2559967,45.58869934,-122.5979996
labeled_all,255001,45000,FLL-GSO,FLL,GSO,4,0,4,0,1.5686213e-05,5373,26.07259941,-80.15270233,36.09780121,-79.93730164
labeled_all,255001,45000,FWA-MSP,FWA,MSP,4,0,4,0,1.5686213e-05,5374,40.97850037,-85.19509888,44.88199997,-93.22180176
labeled_all,255001,45000,GEG-DFW,GEG,DFW,4,0,4,0,1.5686213e-05,5375,47.61989975,-117.5339966,32.89680099,-97.03800201
labeled_all,255001,45000,GRR-RSW,GRR,RSW,4,1,3,0.25,1.5686213e-05,5376,42.88079834,-85.52279663,26.53619957,-81.75520325
labeled_all,255001,45000,GSO-MCO,GSO,MCO,4,1,3,0.25,1.5686213e-05,5377,36.09780121,-79.93730164,28.42939949,-81.30899811
labeled_all,255001,45000,GSO-TPA,GSO,TPA,4,1,3,0.25,1.5686213e-05,5378,36.09780121,-79.93730164,27.97550011,-82.53320312
labeled_all,255001,45000,HDN-SEA,HDN,SEA,4,1,3,0.25,1.5686213e-05,5379,40.48120117,-107.2180023,47.44900131,-122.3089981
labeled_all,255001,45000,HOU-BUR,HOU,BUR,4,2,2,0.5,1.5686213e-05,5380,29.64539909,-95.27890015,34.20069885,-118.3590012
labeled_all,255001,45000,HOU-PDX,HOU,PDX,4,1,3,0.25,1.5686213e-05,5381,29.64539909,-95.27890015,45.58869934,-122.5979996
labeled_all,255001,45000,HOU-SJU,HOU,SJU,4,2,2,0.5,1.5686213e-05,5382,29.64539909,-95.27890015,18.43939972,-66.00180054
labeled_all,255001,45000,HOU-SLC,HOU,SLC,4,2,2,0.5,1.5686213e-05,5383,29.64539909,-95.27890015,40.78839874,-111.9779968
labeled_all,255001,45000,HSV-MCO,HSV,MCO,4,1,3,0.25,1.5686213e-05,5384,34.6371994,-86.77510071,28.42939949,-81.30899811
labeled_all,255001,45000,HYA-JFK,HYA,JFK,4,0,4,0,1.5686213e-05,5385,41.66930008,-70.28040314,40.63980103,-73.77890015
labeled_all,255001,45000,IAH-BZN,IAH,BZN,4,2,2,0.5,1.5686213e-05,5386,29.9843998,-95.34140015,45.77750015,-111.1529999
labeled_all,255001,45000,IAH-JFK,IAH,JFK,4,2,2,0.5,1.5686213e-05,5387,29.9843998,-95.34140015,40.63980103,-73.77890015
labeled_all,255001,45000,IND-SAN,IND,SAN,4,2,2,0.5,1.5686213e-05,5388,39.71730041,-86.29440308,32.73360062,-117.1900024
labeled_all,255001,45000,JAC-PHX,JAC,PHX,4,0,4,0,1.5686213e-05,5389,43.6072998,-110.737999,33.43429947,-112.012001
labeled_all,255001,45000,JAN-DEN,JAN,DEN,4,2,2,0.5,1.5686213e-05,5390,32.31119919,-90.07589722,39.86169815,-104.6729965
labeled_all,255001,45000,JFK-BGR,JFK,BGR,4,1,3,0.25,1.5686213e-05,5391,40.63980103,-73.77890015,44.80739975,-68.82810211
labeled_all,255001,45000,JFK-IAH,JFK,IAH,4,0,4,0,1.5686213e-05,5392,40.63980103,-73.77890015,29.9843998,-95.34140015
labeled_all,255001,45000,JFK-MVY,JFK,MVY,4,0,4,0,1.5686213e-05,5393,40.63980103,-73.77890015,41.39310074,-70.61430359
labeled_all,255001,45000,LAS-ATW,LAS,ATW,4,0,4,0,1.5686213e-05,5394,36.08010101,-115.1520004,44.2580986,-88.51909637
labeled_all,255001,45000,LAS-BLV,LAS,BLV,4,1,3,0.25,1.5686213e-05,5395,36.08010101,-115.1520004,38.54520035,-89.83519745
labeled_all,255001,45000,LAS-BZN,LAS,BZN,4,2,2,0.5,1.5686213e-05,5396,36.08010101,-115.1520004,45.77750015,-111.1529999
labeled_all,255001,45000,LAS-FCA,LAS,FCA,4,1,3,0.25,1.5686213e-05,5397,36.08010101,-115.1520004,48.3105011,-114.2559967
labeled_all,255001,45000,LAS-GRI,LAS,GRI,4,0,4,0,1.5686213e-05,5398,36.08010101,-115.1520004,40.96749878,-98.30960083
labeled_all,255001,45000,LAS-JAX,LAS,JAX,4,1,3,0.25,1.5686213e-05,5399,36.08010101,-115.1520004,30.49410057,-81.68789673
labeled_all,255001,45000,LAS-PIA,LAS,PIA,4,0,4,0,1.5686213e-05,5400,36.08010101,-115.1520004,40.66419983,-89.69329834
labeled_all,255001,45000,LAS-RAP,LAS,RAP,4,0,4,0,1.5686213e-05,5401,36.08010101,-115.1520004,44.04529953,-103.0569992
labeled_all,255001,45000,LAS-RFD,LAS,RFD,4,0,4,0,1.5686213e-05,5402,36.08010101,-115.1520004,42.19540024,-89.09719849
labeled_all,255001,45000,LAX-BLI,LAX,BLI,4,1,3,0.25,1.5686213e-05,5403,33.94250107,-118.4079971,48.7928009,-122.538002
labeled_all,255001,45000,LAX-EGE,LAX,EGE,4,3,1,0.75,1.5686213e-05,5404,33.94250107,-118.4079971,39.64260101,-106.9179993
labeled_all,255001,45000,LAX-HDN,LAX,HDN,4,1,3,0.25,1.5686213e-05,5405,33.94250107,-118.4079971,40.48120117,-107.2180023
labeled_all,255001,45000,LAX-SCK,LAX,SCK,4,2,2,0.5,1.5686213e-05,5406,33.94250107,-118.4079971,37.89419937,-121.237999
labeled_all,255001,45000,LAX-SUN,LAX,SUN,4,0,4,0,1.5686213e-05,5407,33.94250107,-118.4079971,43.50439835,-114.2959976
labeled_all,255001,45000,LBE-RSW,LBE,RSW,4,1,3,0.25,1.5686213e-05,5408,40.27590179,-79.40480042,26.53619957,-81.75520325
labeled_all,255001,45000,LCK-FLL,LCK,FLL,4,2,2,0.5,1.5686213e-05,5409,39.81380081,-82.92780304,26.07259941,-80.15270233
labeled_all,255001,45000,LCK-SAV,LCK,SAV,4,0,4,0,1.5686213e-05,5410,39.81380081,-82.92780304,32.12760162,-81.20210266
labeled_all,255001,45000,LGB-DEN,LGB,DEN,4,1,3,0.25,1.5686213e-05,5411,33.81769943,-118.1520004,39.86169815,-104.6729965
labeled_all,255001,45000,LIT-DCA,LIT,DCA,4,0,4,0,1.5686213e-05,5412,34.72940063,-92.22429657,38.85210037,-77.03769684
labeled_all,255001,45000,MCI-PIE,MCI,PIE,4,1,3,0.25,1.5686213e-05,5413,39.29759979,-94.71389771,27.91020012,-82.68740082
labeled_all,255001,45000,MCO-ABQ,MCO,ABQ,4,2,2,0.5,1.5686213e-05,5414,28.42939949,-81.30899811,35.04019928,-106.6090012
labeled_all,255001,45000,MCO-BMI,MCO,BMI,4,0,4,0,1.5686213e-05,5415,28.42939949,-81.30899811,40.47710037,-88.91590118
labeled_all,255001,45000,MCO-PSM,MCO,PSM,4,0,4,0,1.5686213e-05,5416,28.42939949,-81.30899811,43.07789993,-70.82330322
labeled_all,255001,45000,MCO-STT,MCO,STT,4,0,4,0,1.5686213e-05,5417,28.42939949,-81.30899811,18.33729935,-64.9733963
labeled_all,255001,45000,MDT-MCO,MDT,MCO,4,0,4,0,1.5686213e-05,5418,40.19350052,-76.76339722,28.42939949,-81.30899811
labeled_all,255001,45000,MDT-PGD,MDT,PGD,4,0,4,0,1.5686213e-05,5419,40.19350052,-76.76339722,26.92020035,-81.9905014
labeled_all,255001,45000,MDW-SNA,MDW,SNA,4,1,3,0.25,1.5686213e-05,5420,41.7859993,-87.75240326,33.67570114,-117.8679962
labeled_all,255001,45000,MEM-SFB,MEM,SFB,4,3,1,0.75,1.5686213e-05,5421,35.04240036,-89.97669983,28.77759933,-81.23750305
labeled_all,255001,45000,MIA-ISP,MIA,ISP,4,2,2,0.5,1.5686213e-05,5422,25.79319954,-80.29060364,40.79520035,-73.10019684
labeled_all,255001,45000,MIA-PVD,MIA,PVD,4,0,4,0,1.5686213e-05,5423,25.79319954,-80.29060364,41.73260117,-71.42040253
labeled_all,255001,45000,MLI-LAS,MLI,LAS,4,0,4,0,1.5686213e-05,5424,41.44850159,-90.50749969,36.08010101,-115.1520004
labeled_all,255001,45000,MLI-PIE,MLI,PIE,4,0,4,0,1.5686213e-05,5425,41.44850159,-90.50749969,27.91020012,-82.68740082
labeled_all,255001,45000,MLI-SFB,MLI,SFB,4,1,3,0.25,1.5686213e-05,5426,41.44850159,-90.50749969,28.77759933,-81.23750305
labeled_all,255001,45000,MRY-LAS,MRY,LAS,4,2,2,0.5,1.5686213e-05,5427,36.5870018,-121.8430023,36.08010101,-115.1520004
labeled_all,255001,45000,MSP-HDN,MSP,HDN,4,1,3,0.25,1.5686213e-05,5428,44.88199997,-93.22180176,40.48120117,-107.2180023
labeled_all,255001,45000,MSP-LEX,MSP,LEX,4,0,4,0,1.5686213e-05,5429,44.88199997,-93.22180176,38.03649902,-84.60590363
labeled_all,255001,45000,MSP-MYR,MSP,MYR,4,1,3,0.25,1.5686213e-05,5430,44.88199997,-93.22180176,33.67969894,-78.92829895
labeled_all,255001,45000,MSP-ORF,MSP,ORF,4,1,3,0.25,1.5686213e-05,5431,44.88199997,-93.22180176,36.89459991,-76.20120239
labeled_all,255001,45000,MSP-TTN,MSP,TTN,4,1,3,0.25,1.5686213e-05,5432,44.88199997,-93.22180176,40.27669907,-74.81349945
labeled_all,255001,45000,MSY-IND,MSY,IND,4,1,3,0.25,1.5686213e-05,5433,29.99340057,-90.25800323,39.71730041,-86.29440308
labeled_all,255001,45000,MYR-ISP,MYR,ISP,4,2,2,0.5,1.5686213e-05,5434,33.67969894,-78.92829895,40.79520035,-73.10019684
labeled_all,255001,45000,MYR-LEX,MYR,LEX,4,0,4,0,1.5686213e-05,5435,33.67969894,-78.92829895,38.03649902,-84.60590363
labeled_all,255001,45000,MYR-MSP,MYR,MSP,4,0,4,0,1.5686213e-05,5436,33.67969894,-78.92829895,44.88199997,-93.22180176
labeled_all,255001,45000,OAK-EUG,OAK,EUG,4,1,3,0.25,1.5686213e-05,5437,37.72129822,-122.2210007,44.12459946,-123.211998
labeled_all,255001,45000,OAK-MCO,OAK,MCO,4,1,3,0.25,1.5686213e-05,5438,37.72129822,-122.2210007,28.42939949,-81.30899811
labeled_all,255001,45000,OAK-MSO,OAK,MSO,4,2,2,0.5,1.5686213e-05,5439,37.72129822,-122.2210007,46.91630173,-114.0910034
labeled_all,255001,45000,OGG-MKK,OGG,MKK,4,1,3,0.25,1.5686213e-05,5440,20.89859962,-156.4299927,21.1529007,-157.095993
labeled_all,255001,45000,OMA-AZA,OMA,AZA,4,2,2,0.5,1.5686213e-05,5441,41.30319977,-95.89409637,33.30780029,-111.6549988
labeled_all,255001,45000,OMA-MIA,OMA,MIA,4,0,4,0,1.5686213e-05,5442,41.30319977,-95.89409637,25.79319954,-80.29060364
labeled_all,255001,45000,OMA-PDX,OMA,PDX,4,0,4,0,1.5686213e-05,5443,41.30319977,-95.89409637,45.58869934,-122.5979996
labeled_all,255001,45000,OMA-SFB,OMA,SFB,4,0,4,0,1.5686213e-05,5444,41.30319977,-95.89409637,28.77759933,-81.23750305
labeled_all,255001,45000,OME-OTZ,OME,OTZ,4,0,4,0,1.5686213e-05,5445,64.5121994,-165.4450073,66.88469696,-162.598999
labeled_all,255001,45000,ORD-BIL,ORD,BIL,4,2,2,0.5,1.5686213e-05,5446,41.97859955,-87.90480042,45.80770111,-108.5429993
labeled_all,255001,45000,ORD-EGE,ORD,EGE,4,0,4,0,1.5686213e-05,5447,41.97859955,-87.90480042,39.64260101,-106.9179993
labeled_all,255001,45000,ORD-MSO,ORD,MSO,4,2,2,0.5,1.5686213e-05,5448,41.97859955,-87.90480042,46.91630173,-114.0910034
labeled_all,255001,45000,OWB-SFB,OWB,SFB,4,0,4,0,1.5686213e-05,5449,37.74010086,-87.16680145,28.77759933,-81.23750305
labeled_all,255001,45000,PAE-GEG,PAE,GEG,4,0,4,0,1.5686213e-05,5450,47.90629959,-122.2819977,47.61989975,-117.5339966
labeled_all,255001,45000,PBI-ACY,PBI,ACY,4,0,4,0,1.5686213e-05,5451,26.68320084,-80.09559631,39.45759964,-74.57720184
labeled_all,255001,45000,PDX-OMA,PDX,OMA,4,0,4,0,1.5686213e-05,5452,45.58869934,-122.5979996,41.30319977,-95.89409637
labeled_all,255001,45000,PGD-ABE,PGD,ABE,4,0,4,0,1.5686213e-05,5453,26.92020035,-81.9905014,40.65209961,-75.44080353
labeled_all,255001,45000,PGD-CLE,PGD,CLE,4,1,3,0.25,1.5686213e-05,5454,26.92020035,-81.9905014,41.4117012,-81.84980011
labeled_all,255001,45000,PGD-DSM,PGD,DSM,4,1,3,0.25,1.5686213e-05,5455,26.92020035,-81.9905014,41.5340004,-93.6631012
labeled_all,255001,45000,PGD-MDT,PGD,MDT,4,0,4,0,1.5686213e-05,5456,26.92020035,-81.9905014,40.19350052,-76.76339722
labeled_all,255001,45000,PGD-SWF,PGD,SWF,4,1,3,0.25,1.5686213e-05,5457,26.92020035,-81.9905014,41.5041008,-74.10479736
labeled_all,255001,45000,PGD-SYR,PGD,SYR,4,1,3,0.25,1.5686213e-05,5458,26.92020035,-81.9905014,43.11119843,-76.10630035
labeled_all,255001,45000,PGD-TOL,PGD,TOL,4,1,3,0.25,1.5686213e-05,5459,26.92020035,-81.9905014,41.58679962,-83.80780029
labeled_all,255001,45000,PGD-USA,PGD,USA,4,1,3,0.25,1.5686213e-05,5460,26.92020035,-81.9905014,35.38779831,-80.70909882
labeled_all,255001,45000,PHL-HOU,PHL,HOU,4,2,2,0.5,1.5686213e-05,5461,39.87189865,-75.2410965,29.64539909,-95.27890015
labeled_all,255001,45000,PIA-PIE,PIA,PIE,4,2,2,0.5,1.5686213e-05,5462,40.66419983,-89.69329834,27.91020012,-82.68740082
labeled_all,255001,45000,PIE-ALB,PIE,ALB,4,0,4,0,1.5686213e-05,5463,27.91020012,-82.68740082,42.74829864,-73.80169678
labeled_all,255001,45000,PIE-ATW,PIE,ATW,4,0,4,0,1.5686213e-05,5464,27.91020012,-82.68740082,44.2580986,-88.51909637
labeled_all,255001,45000,PIE-BGR,PIE,BGR,4,0,4,0,1.5686213e-05,5465,27.91020012,-82.68740082,44.80739975,-68.82810211
labeled_all,255001,45000,PIE-BMI,PIE,BMI,4,0,4,0,1.5686213e-05,5466,27.91020012,-82.68740082,40.47710037,-88.91590118
labeled_all,255001,45000,PIE-GSP,PIE,GSP,4,0,4,0,1.5686213e-05,5467,27.91020012,-82.68740082,34.89569855,-82.21890259
labeled_all,255001,45000,PIE-IAG,PIE,IAG,4,0,4,0,1.5686213e-05,5468,27.91020012,-82.68740082,43.1072998,-78.94619751
labeled_all,255001,45000,PIE-MDT,PIE,MDT,4,1,3,0.25,1.5686213e-05,5469,27.91020012,-82.68740082,40.19350052,-76.76339722
labeled_all,255001,45000,PIE-OGS,PIE,OGS,4,1,3,0.25,1.5686213e-05,5470,27.91020012,-82.68740082,44.68190002,-75.46549988
labeled_all,255001,45000,PIE-ROA,PIE,ROA,4,2,2,0.5,1.5686213e-05,5471,27.91020012,-82.68740082,37.32550049,-79.97540283
labeled_all,255001,45000,PIR-ATY,PIR,ATY,4,1,3,0.25,1.5686213e-05,5472,44.38270187,-100.2860031,44.91400146,-97.15470123
labeled_all,255001,45000,PIT-SFB,PIT,SFB,4,1,3,0.25,1.5686213e-05,5473,40.49150085,-80.23290253,28.77759933,-81.23750305
labeled_all,255001,45000,PIT-SRQ,PIT,SRQ,4,0,4,0,1.5686213e-05,5474,40.49150085,-80.23290253,27.39539909,-82.55439758
labeled_all,255001,45000,PIT-VPS,PIT,VPS,4,1,3,0.25,1.5686213e-05,5475,40.49150085,-80.23290253,30.48320007,-86.52539825
labeled_all,255001,45000,PNS-MDW,PNS,MDW,4,0,4,0,1.5686213e-05,5476,30.47340012,-87.18659973,41.7859993,-87.75240326
labeled_all,255001,45000,PVD-PGD,PVD,PGD,4,2,2,0.5,1.5686213e-05,5477,41.73260117,-71.42040253,26.92020035,-81.9905014
labeled_all,255001,45000,RDU-MKE,RDU,MKE,4,0,4,0,1.5686213e-05,5478,35.87760162,-78.78749847,42.94720078,-87.89659882
labeled_all,255001,45000,RDU-PIE,RDU,PIE,4,0,4,0,1.5686213e-05,5479,35.87760162,-78.78749847,27.91020012,-82.68740082
labeled_all,255001,45000,RDU-PVD,RDU,PVD,4,2,2,0.5,1.5686213e-05,5480,35.87760162,-78.78749847,41.73260117,-71.42040253
labeled_all,255001,45000,RIC-SFB,RIC,SFB,4,1,3,0.25,1.5686213e-05,5481,37.50519943,-77.31970215,28.77759933,-81.23750305
labeled_all,255001,45000,ROC-SFB,ROC,SFB,4,2,2,0.5,1.5686213e-05,5482,43.1189003,-77.67240143,28.77759933,-81.23750305
labeled_all,255001,45000,RSW-PVD,RSW,PVD,4,1,3,0.25,1.5686213e-05,5483,26.53619957,-81.75520325,41.73260117,-71.42040253
labeled_all,255001,45000,RSW-PWM,RSW,PWM,4,1,3,0.25,1.5686213e-05,5484,26.53619957,-81.75520325,43.64619827,-70.30930328
labeled_all,255001,45000,SAN-IND,SAN,IND,4,1,3,0.25,1.5686213e-05,5485,32.73360062,-117.1900024,39.71730041,-86.29440308
labeled_all,255001,45000,SAT-COS,SAT,COS,4,2,2,0.5,1.5686213e-05,5486,29.53370094,-98.46980286,38.80580139,-104.7009964
labeled_all,255001,45000,SAT-SNA,SAT,SNA,4,0,4,0,1.5686213e-05,5487,29.53370094,-98.46980286,33.67570114,-117.8679962
labeled_all,255001,45000,SCK-LAX,SCK,LAX,4,1,3,0.25,1.5686213e-05,5488,37.89419937,-121.237999,33.94250107,-118.4079971
labeled_all,255001,45000,SDF-FLL,SDF,FLL,4,3,1,0.75,1.5686213e-05,5489,38.17440033,-85.73600006,26.07259941,-80.15270233
labeled_all,255001,45000,SDF-PIE,SDF,PIE,4,1,3,0.25,1.5686213e-05,5490,38.17440033,-85.73600006,27.91020012,-82.68740082
labeled_all,255001,45000,SEA-CLE,SEA,CLE,4,1,3,0.25,1.5686213e-05,5491,47.44900131,-122.3089981,41.4117012,-81.84980011
labeled_all,255001,45000,SEA-CVG,SEA,CVG,4,1,3,0.25,1.5686213e-05,5492,47.44900131,-122.3089981,39.04880142,-84.6678009
labeled_all,255001,45000,SFB-ATW,SFB,ATW,4,0,4,0,1.5686213e-05,5493,28.77759933,-81.23750305,44.2580986,-88.51909637
labeled_all,255001,45000,SFB-CID,SFB,CID,4,0,4,0,1.5686213e-05,5494,28.77759933,-81.23750305,41.88470078,-91.71080017
labeled_all,255001,45000,SFB-GPT,SFB,GPT,4,1,3,0.25,1.5686213e-05,5495,28.77759933,-81.23750305,30.40730095,-89.07009888
labeled_all,255001,45000,SFB-LCK,SFB,LCK,4,1,3,0.25,1.5686213e-05,5496,28.77759933,-81.23750305,39.81380081,-82.92780304
labeled_all,255001,45000,SFB-RDU,SFB,RDU,4,2,2,0.5,1.5686213e-05,5497,28.77759933,-81.23750305,35.87760162,-78.78749847
labeled_all,255001,45000,SFB-SYR,SFB,SYR,4,1,3,0.25,1.5686213e-05,5498,28.77759933,-81.23750305,43.11119843,-76.10630035
labeled_all,255001,45000,SFO-CMH,SFO,CMH,4,2,2,0.5,1.5686213e-05,5499,37.61899948,-122.375,39.9980011,-82.89189911
labeled_all,255001,45000,SFO-FCA,SFO,FCA,4,1,3,0.25,1.5686213e-05,5500,37.61899948,-122.375,48.3105011,-114.2559967
labeled_all,255001,45000,SFO-MMH,SFO,MMH,4,1,3,0.25,1.5686213e-05,5501,37.61899948,-122.375,37.62409973,-118.8379974
labeled_all,255001,45000,SJC-STL,SJC,STL,4,1,3,0.25,1.5686213e-05,5502,37.36259842,-121.9290009,38.74869919,-90.37000275
labeled_all,255001,45000,SJU-RDU,SJU,RDU,4,0,4,0,1.5686213e-05,5503,18.43939972,-66.00180054,35.87760162,-78.78749847
labeled_all,255001,45000,SLC-CLE,SLC,CLE,4,1,3,0.25,1.5686213e-05,5504,40.78839874,-111.9779968,41.4117012,-81.84980011
labeled_all,255001,45000,SMF-EWR,SMF,EWR,4,1,3,0.25,1.5686213e-05,5505,38.69540024,-121.5910034,40.69250107,-74.16870117
labeled_all,255001,45000,SNA-SAT,SNA,SAT,4,0,4,0,1.5686213e-05,5506,33.67570114,-117.8679962,29.53370094,-98.46980286
labeled_all,255001,45000,SRQ-IAD,SRQ,IAD,4,0,4,0,1.5686213e-05,5507,27.39539909,-82.55439758,38.94449997,-77.45580292
labeled_all,255001,45000,SRQ-IND,SRQ,IND,4,0,4,0,1.5686213e-05,5508,27.39539909,-82.55439758,39.71730041,-86.29440308
labeled_all,255001,45000,SRQ-PHL,SRQ,PHL,4,0,4,0,1.5686213e-05,5509,27.39539909,-82.55439758,39.87189865,-75.2410965
labeled_all,255001,45000,STL-BDL,STL,BDL,4,1,3,0.25,1.5686213e-05,5510,38.74869919,-90.37000275,41.93889999,-72.68319702
labeled_all,255001,45000,STL-ECP,STL,ECP,4,3,1,0.75,1.5686213e-05,5511,38.74869919,-90.37000275,30.3417,-85.7973
labeled_all,255001,45000,STT-EWR,STT,EWR,4,2,2,0.5,1.5686213e-05,5512,18.33729935,-64.9733963,40.69250107,-74.16870117
labeled_all,255001,45000,STT-MCO,STT,MCO,4,0,4,0,1.5686213e-05,5513,18.33729935,-64.9733963,28.42939949,-81.30899811
labeled_all,255001,45000,SUN-LAX,SUN,LAX,4,1,3,0.25,1.5686213e-05,5514,43.50439835,-114.2959976,33.94250107,-118.4079971
labeled_all,255001,45000,TOL-SFB,TOL,SFB,4,1,3,0.25,1.5686213e-05,5515,41.58679962,-83.80780029,28.77759933,-81.23750305
labeled_all,255001,45000,TTN-BNA,TTN,BNA,4,3,1,0.75,1.5686213e-05,5516,40.27669907,-74.81349945,36.12450027,-86.67819977
labeled_all,255001,45000,TUL-IAD,TUL,IAD,4,1,3,0.25,1.5686213e-05,5517,36.19839859,-95.88809967,38.94449997,-77.45580292
labeled_all,255001,45000,TUS-BLI,TUS,BLI,4,2,2,0.5,1.5686213e-05,5518,32.11610031,-110.9410019,48.7928009,-122.538002
labeled_all,255001,45000,TUS-CLT,TUS,CLT,4,1,3,0.25,1.5686213e-05,5519,32.11610031,-110.9410019,35.2140007,-80.94309998
labeled_all,255001,45000,TVC-EWR,TVC,EWR,4,2,2,0.5,1.5686213e-05,5520,44.74140167,-85.5821991,40.69250107,-74.16870117
labeled_all,255001,45000,TYS-LAS,TYS,LAS,4,2,2,0.5,1.5686213e-05,5521,35.81100082,-83.9940033,36.08010101,-115.1520004
labeled_all,255001,45000,VPS-SGF,VPS,SGF,4,1,3,0.25,1.5686213e-05,5522,30.48320007,-86.52539825,37.24570084,-93.38860321
labeled_all,255001,45000,VPS-XNA,VPS,XNA,4,1,3,0.25,1.5686213e-05,5523,30.48320007,-86.52539825,36.2818985,-94.30680084
labeled_all,255001,45000,XNA-LAS,XNA,LAS,4,2,2,0.5,1.5686213e-05,5524,36.2818985,-94.30680084,36.08010101,-115.1520004
labeled_all,255001,45000,XNA-PHL,XNA,PHL,4,0,4,0,1.5686213e-05,5525,36.2818985,-94.30680084,39.87189865,-75.2410965
labeled_all,255001,45000,ACK-LGA,ACK,LGA,3,0,3,0,1.176465975e-05,5526,41.25310135,-70.06020355,40.77719879,-73.87259674
labeled_all,255001,45000,ALB-PGD,ALB,PGD,3,0,3,0,1.176465975e-05,5527,42.74829864,-73.80169678,26.92020035,-81.9905014
labeled_all,255001,45000,ALB-PIE,ALB,PIE,3,1,2,0.3333333333,1.176465975e-05,5528,42.74829864,-73.80169678,27.91020012,-82.68740082
labeled_all,255001,45000,ANC-ATL,ANC,ATL,3,2,1,0.6666666667,1.176465975e-05,5529,61.17440033,-149.9960022,33.63669968,-84.42810059
labeled_all,255001,45000,ASE-PHX,ASE,PHX,3,0,3,0,1.176465975e-05,5530,39.22320175,-106.8690033,33.43429947,-112.012001
labeled_all,255001,45000,ATL-EGE,ATL,EGE,3,0,3,0,1.176465975e-05,5531,33.63669968,-84.42810059,39.64260101,-106.9179993
labeled_all,255001,45000,ATL-MTJ,ATL,MTJ,3,0,3,0,1.176465975e-05,5532,33.63669968,-84.42810059,38.50979996,-107.8939972
labeled_all,255001,45000,ATW-AZA,ATW,AZA,3,0,3,0,1.176465975e-05,5533,44.2580986,-88.51909637,33.30780029,-111.6549988
labeled_all,255001,45000,AUS-CMH,AUS,CMH,3,1,2,0.3333333333,1.176465975e-05,5534,30.19449997,-97.66989899,39.9980011,-82.89189911
labeled_all,255001,45000,AUS-JAX,AUS,JAX,3,0,3,0,1.176465975e-05,5535,30.19449997,-97.66989899,30.49410057,-81.68789673
labeled_all,255001,45000,AUS-RNO,AUS,RNO,3,1,2,0.3333333333,1.176465975e-05,5536,30.19449997,-97.66989899,39.49909973,-119.7679977
labeled_all,255001,45000,AUS-SFB,AUS,SFB,3,2,1,0.6666666667,1.176465975e-05,5537,30.19449997,-97.66989899,28.77759933,-81.23750305
labeled_all,255001,45000,AVL-LGA,AVL,LGA,3,0,3,0,1.176465975e-05,5538,35.43619919,-82.54180145,40.77719879,-73.87259674
labeled_all,255001,45000,AVL-PHL,AVL,PHL,3,0,3,0,1.176465975e-05,5539,35.43619919,-82.54180145,39.87189865,-75.2410965
labeled_all,255001,45000,AZA-CVG,AZA,CVG,3,0,3,0,1.176465975e-05,5540,33.30780029,-111.6549988,39.04880142,-84.6678009
labeled_all,255001,45000,AZA-EUG,AZA,EUG,3,2,1,0.6666666667,1.176465975e-05,5541,33.30780029,-111.6549988,44.12459946,-123.211998
labeled_all,255001,45000,AZA-OGD,AZA,OGD,3,0,3,0,1.176465975e-05,5542,33.30780029,-111.6549988,41.19589996,-112.012001
labeled_all,255001,45000,AZA-OMA,AZA,OMA,3,0,3,0,1.176465975e-05,5543,33.30780029,-111.6549988,41.30319977,-95.89409637
labeled_all,255001,45000,AZA-STC,AZA,STC,3,0,3,0,1.176465975e-05,5544,33.30780029,-111.6549988,45.54660034,-94.05989838
labeled_all,255001,45000,BGR-JFK,BGR,JFK,3,1,2,0.3333333333,1.176465975e-05,5545,44.80739975,-68.82810211,40.63980103,-73.77890015
labeled_all,255001,45000,BIL-ORD,BIL,ORD,3,0,3,0,1.176465975e-05,5546,45.80770111,-108.5429993,41.97859955,-87.90480042
labeled_all,255001,45000,BIS-LAS,BIS,LAS,3,0,3,0,1.176465975e-05,5547,46.77270126,-100.7460022,36.08010101,-115.1520004
labeled_all,255001,45000,BKG-DFW,BKG,DFW,3,1,2,0.3333333333,1.176465975e-05,5548,36.532082,-93.200544,32.89680099,-97.03800201
labeled_all,255001,45000,BLI-PDX,BLI,PDX,3,0,3,0,1.176465975e-05,5549,48.7928009,-122.538002,45.58869934,-122.5979996
labeled_all,255001,45000,BLI-SAN,BLI,SAN,3,1,2,0.3333333333,1.176465975e-05,5550,48.7928009,-122.538002,32.73360062,-117.1900024
labeled_all,255001,45000,BLI-TUS,BLI,TUS,3,0,3,0,1.176465975e-05,5551,48.7928009,-122.538002,32.11610031,-110.9410019
labeled_all,255001,45000,BLV-SFB,BLV,SFB,3,1,2,0.3333333333,1.176465975e-05,5552,38.54520035,-89.83519745,28.77759933,-81.23750305
labeled_all,255001,45000,BNA-MYR,BNA,MYR,3,2,1,0.6666666667,1.176465975e-05,5553,36.12450027,-86.67819977,33.67969894,-78.92829895
labeled_all,255001,45000,BNA-TTN,BNA,TTN,3,2,1,0.6666666667,1.176465975e-05,5554,36.12450027,-86.67819977,40.27669907,-74.81349945
labeled_all,255001,45000,BQN-EWR,BQN,EWR,3,0,3,0,1.176465975e-05,5555,18.49489975,-67.12940216,40.69250107,-74.16870117
labeled_all,255001,45000,BUR-MDW,BUR,MDW,3,0,3,0,1.176465975e-05,5556,34.20069885,-118.3590012,41.7859993,-87.75240326
labeled_all,255001,45000,CAK-RSW,CAK,RSW,3,1,2,0.3333333333,1.176465975e-05,5557,40.91609955,-81.44219971,26.53619957,-81.75520325
labeled_all,255001,45000,CHA-PIE,CHA,PIE,3,0,3,0,1.176465975e-05,5558,35.03530121,-85.20379639,27.91020012,-82.68740082
labeled_all,255001,45000,CHS-CLE,CHS,CLE,3,0,3,0,1.176465975e-05,5559,32.89860153,-80.04049683,41.4117012,-81.84980011
labeled_all,255001,45000,CLE-PBI,CLE,PBI,3,0,3,0,1.176465975e-05,5560,41.4117012,-81.84980011,26.68320084,-80.09559631
labeled_all,255001,45000,CLE-PGD,CLE,PGD,3,1,2,0.3333333333,1.176465975e-05,5561,41.4117012,-81.84980011,26.92020035,-81.9905014
labeled_all,255001,45000,CLE-SAN,CLE,SAN,3,1,2,0.3333333333,1.176465975e-05,5562,41.4117012,-81.84980011,32.73360062,-117.1900024
labeled_all,255001,45000,CLE-SFB,CLE,SFB,3,0,3,0,1.176465975e-05,5563,41.4117012,-81.84980011,28.77759933,-81.23750305
labeled_all,255001,45000,CLE-SLC,CLE,SLC,3,0,3,0,1.176465975e-05,5564,41.4117012,-81.84980011,40.78839874,-111.9779968
labeled_all,255001,45000,CMH-SFO,CMH,SFO,3,1,2,0.3333333333,1.176465975e-05,5565,39.9980011,-82.89189911,37.61899948,-122.375
labeled_all,255001,45000,CVG-MSY,CVG,MSY,3,2,1,0.6666666667,1.176465975e-05,5566,39.04880142,-84.6678009,29.99340057,-90.25800323
labeled_all,255001,45000,DAY-SFB,DAY,SFB,3,3,0,1,1.176465975e-05,5567,39.90240097,-84.2193985,28.77759933,-81.23750305
labeled_all,255001,45000,DCA-MSN,DCA,MSN,3,0,3,0,1.176465975e-05,5568,38.85210037,-77.03769684,43.13990021,-89.33750153
labeled_all,255001,45000,DCA-MVY,DCA,MVY,3,0,3,0,1.176465975e-05,5569,38.85210037,-77.03769684,41.39310074,-70.61430359
labeled_all,255001,45000,DEN-HRL,DEN,HRL,3,1,2,0.3333333333,1.176465975e-05,5570,39.86169815,-104.6729965,26.22850037,-97.65440369
labeled_all,255001,45000,DEN-JAN,DEN,JAN,3,3,0,1,1.176465975e-05,5571,39.86169815,-104.6729965,32.31119919,-90.07589722
labeled_all,255001,45000,DFW-ANC,DFW,ANC,3,0,3,0,1.176465975e-05,5572,32.89680099,-97.03800201,61.17440033,-149.9960022
labeled_all,255001,45000,DFW-AVL,DFW,AVL,3,0,3,0,1.176465975e-05,5573,32.89680099,-97.03800201,35.43619919,-82.54180145
labeled_all,255001,45000,DFW-BFL,DFW,BFL,3,1,2,0.3333333333,1.176465975e-05,5574,32.89680099,-97.03800201,35.43360138,-119.0569992
labeled_all,255001,45000,DFW-BUF,DFW,BUF,3,0,3,0,1.176465975e-05,5575,32.89680099,-97.03800201,42.94049835,-78.73220062
labeled_all,255001,45000,DFW-HDN,DFW,HDN,3,1,2,0.3333333333,1.176465975e-05,5576,32.89680099,-97.03800201,40.48120117,-107.2180023
labeled_all,255001,45000,DFW-MRY,DFW,MRY,3,1,2,0.3333333333,1.176465975e-05,5577,32.89680099,-97.03800201,36.5870018,-121.8430023
labeled_all,255001,45000,DFW-SRQ,DFW,SRQ,3,1,2,0.3333333333,1.176465975e-05,5578,32.89680099,-97.03800201,27.39539909,-82.55439758
labeled_all,255001,45000,DFW-TVC,DFW,TVC,3,2,1,0.6666666667,1.176465975e-05,5579,32.89680099,-97.03800201,44.74140167,-85.5821991
labeled_all,255001,45000,DFW-YUM,DFW,YUM,3,0,3,0,1.176465975e-05,5580,32.89680099,-97.03800201,32.65660095,-114.6060028
labeled_all,255001,45000,DLG-ANC,DLG,ANC,3,1,2,0.3333333333,1.176465975e-05,5581,59.04470062,-158.5050049,61.17440033,-149.9960022
labeled_all,255001,45000,DSM-EWR,DSM,EWR,3,2,1,0.6666666667,1.176465975e-05,5582,41.5340004,-93.6631012,40.69250107,-74.16870117
labeled_all,255001,45000,DSM-PIE,DSM,PIE,3,1,2,0.3333333333,1.176465975e-05,5583,41.5340004,-93.6631012,27.91020012,-82.68740082
labeled_all,255001,45000,DTW-PIA,DTW,PIA,3,0,3,0,1.176465975e-05,5584,42.21239853,-83.35340118,40.66419983,-89.69329834
labeled_all,255001,45000,EGE-IAH,EGE,IAH,3,0,3,0,1.176465975e-05,5585,39.64260101,-106.9179993,29.9843998,-95.34140015
labeled_all,255001,45000,ELP-SEA,ELP,SEA,3,1,2,0.3333333333,1.176465975e-05,5586,31.80719948,-106.3779984,47.44900131,-122.3089981
labeled_all,255001,45000,EUG-LAS,EUG,LAS,3,1,2,0.3333333333,1.176465975e-05,5587,44.12459946,-123.211998,36.08010101,-115.1520004
labeled_all,255001,45000,EYW-DCA,EYW,DCA,3,0,3,0,1.176465975e-05,5588,24.55610085,-81.75959778,38.85210037,-77.03769684
labeled_all,255001,45000,FCA-DFW,FCA,DFW,3,1,2,0.3333333333,1.176465975e-05,5589,48.3105011,-114.2559967,32.89680099,-97.03800201
labeled_all,255001,45000,FCA-LAS,FCA,LAS,3,1,2,0.3333333333,1.176465975e-05,5590,48.3105011,-114.2559967,36.08010101,-115.1520004
labeled_all,255001,45000,FLL-ABE,FLL,ABE,3,0,3,0,1.176465975e-05,5591,26.07259941,-80.15270233,40.65209961,-75.44080353
labeled_all,255001,45000,FLL-TTN,FLL,TTN,3,1,2,0.3333333333,1.176465975e-05,5592,26.07259941,-80.15270233,40.27669907,-74.81349945
labeled_all,255001,45000,FNT-TPA,FNT,TPA,3,1,2,0.3333333333,1.176465975e-05,5593,42.9654007,-83.74359894,27.97550011,-82.53320312
labeled_all,255001,45000,FSD-SFB,FSD,SFB,3,1,2,0.3333333333,1.176465975e-05,5594,43.58200073,-96.74189758,28.77759933,-81.23750305
labeled_all,255001,45000,GFK-AZA,GFK,AZA,3,0,3,0,1.176465975e-05,5595,47.94929886,-97.17610168,33.30780029,-111.6549988
labeled_all,255001,45000,GJT-LAS,GJT,LAS,3,0,3,0,1.176465975e-05,5596,39.12239838,-108.5270004,36.08010101,-115.1520004
labeled_all,255001,45000,GPT-SFB,GPT,SFB,3,0,3,0,1.176465975e-05,5597,30.40730095,-89.07009888,28.77759933,-81.23750305
labeled_all,255001,45000,GRR-MIA,GRR,MIA,3,0,3,0,1.176465975e-05,5598,42.88079834,-85.52279663,25.79319954,-80.29060364
labeled_all,255001,45000,GRR-TPA,GRR,TPA,3,1,2,0.3333333333,1.176465975e-05,5599,42.88079834,-85.52279663,27.97550011,-82.53320312
labeled_all,255001,45000,GSO-FLL,GSO,FLL,3,1,2,0.3333333333,1.176465975e-05,5600,36.09780121,-79.93730164,26.07259941,-80.15270233
labeled_all,255001,45000,GSO-PIE,GSO,PIE,3,0,3,0,1.176465975e-05,5601,36.09780121,-79.93730164,27.91020012,-82.68740082
labeled_all,255001,45000,GST-JNU,GST,JNU,3,1,2,0.3333333333,1.176465975e-05,5602,58.4253006,-135.7070007,58.35499954,-134.576004
labeled_all,255001,45000,GTF-ORD,GTF,ORD,3,0,3,0,1.176465975e-05,5603,47.48199844,-111.3710022,41.97859955,-87.90480042
labeled_all,255001,45000,GUC-DFW,GUC,DFW,3,0,3,0,1.176465975e-05,5604,38.53390121,-106.9329987,32.89680099,-97.03800201
labeled_all,255001,45000,GUM-ROP,GUM,ROP,3,1,2,0.3333333333,1.176465975e-05,5605,13.48340034,144.7960052,14.17430019,145.2429962
labeled_all,255001,45000,HDN-LAX,HDN,LAX,3,2,1,0.6666666667,1.176465975e-05,5606,40.48120117,-107.2180023,33.94250107,-118.4079971
labeled_all,255001,45000,HNL-PPG,HNL,PPG,3,1,2,0.3333333333,1.176465975e-05,5607,21.31870079,-157.9219971,-14.33100033,-170.7100067
labeled_all,255001,45000,HRL-ORD,HRL,ORD,3,0,3,0,1.176465975e-05,5608,26.22850037,-97.65440369,41.97859955,-87.90480042
labeled_all,255001,45000,HVN-CLT,HVN,CLT,3,1,2,0.3333333333,1.176465975e-05,5609,41.26369858,-72.88680267,35.2140007,-80.94309998
labeled_all,255001,45000,IAD-COS,IAD,COS,3,1,2,0.3333333333,1.176465975e-05,5610,38.94449997,-77.45580292,38.80580139,-104.7009964
labeled_all,255001,45000,IAD-OGS,IAD,OGS,3,0,3,0,1.176465975e-05,5611,38.94449997,-77.45580292,44.68190002,-75.46549988
labeled_all,255001,45000,IAD-RSW,IAD,RSW,3,0,3,0,1.176465975e-05,5612,38.94449997,-77.45580292,26.53619957,-81.75520325
labeled_all,255001,45000,IAH-EGE,IAH,EGE,3,1,2,0.3333333333,1.176465975e-05,5613,29.9843998,-95.34140015,39.64260101,-106.9179993
labeled_all,255001,45000,IAH-GUC,IAH,GUC,3,2,1,0.6666666667,1.176465975e-05,5614,29.9843998,-95.34140015,38.53390121,-106.9329987
labeled_all,255001,45000,IAH-JAC,IAH,JAC,3,0,3,0,1.176465975e-05,5615,29.9843998,-95.34140015,43.6072998,-110.737999
labeled_all,255001,45000,ILM-DFW,ILM,DFW,3,2,1,0.6666666667,1.176465975e-05,5616,34.27059937,-77.90260315,32.89680099,-97.03800201
labeled_all,255001,45000,IND-JAX,IND,JAX,3,0,3,0,1.176465975e-05,5617,39.71730041,-86.29440308,30.49410057,-81.68789673
labeled_all,255001,45000,IND-MSY,IND,MSY,3,0,3,0,1.176465975e-05,5618,39.71730041,-86.29440308,29.99340057,-90.25800323
labeled_all,255001,45000,IND-SRQ,IND,SRQ,3,0,3,0,1.176465975e-05,5619,39.71730041,-86.29440308,27.39539909,-82.55439758
labeled_all,255001,45000,ISP-MYR,ISP,MYR,3,0,3,0,1.176465975e-05,5620,40.79520035,-73.10019684,33.67969894,-78.92829895
labeled_all,255001,45000,ISP-ORD,ISP,ORD,3,1,2,0.3333333333,1.176465975e-05,5621,40.79520035,-73.10019684,41.97859955,-87.90480042
labeled_all,255001,45000,JAC-IAH,JAC,IAH,3,1,2,0.3333333333,1.176465975e-05,5622,43.6072998,-110.737999,29.9843998,-95.34140015
labeled_all,255001,45000,JAN-MCO,JAN,MCO,3,0,3,0,1.176465975e-05,5623,32.31119919,-90.07589722,28.42939949,-81.30899811
labeled_all,255001,45000,JAX-IND,JAX,IND,3,1,2,0.3333333333,1.176465975e-05,5624,30.49410057,-81.68789673,39.71730041,-86.29440308
labeled_all,255001,45000,JAX-LAS,JAX,LAS,3,0,3,0,1.176465975e-05,5625,30.49410057,-81.68789673,36.08010101,-115.1520004
labeled_all,255001,45000,JAX-ORF,JAX,ORF,3,1,2,0.3333333333,1.176465975e-05,5626,30.49410057,-81.68789673,36.89459991,-76.20120239
labeled_all,255001,45000,JAX-TTN,JAX,TTN,3,0,3,0,1.176465975e-05,5627,30.49410057,-81.68789673,40.27669907,-74.81349945
labeled_all,255001,45000,JFK-SNA,JFK,SNA,3,1,2,0.3333333333,1.176465975e-05,5628,40.63980103,-73.77890015,33.67570114,-117.8679962
labeled_all,255001,45000,LAS-AZA,LAS,AZA,3,1,2,0.3333333333,1.176465975e-05,5629,36.08010101,-115.1520004,33.30780029,-111.6549988
labeled_all,255001,45000,LAS-FAR,LAS,FAR,3,1,2,0.3333333333,1.176465975e-05,5630,36.08010101,-115.1520004,46.92070007,-96.81580353
labeled_all,255001,45000,LAS-MLI,LAS,MLI,3,0,3,0,1.176465975e-05,5631,36.08010101,-115.1520004,41.44850159,-90.50749969
labeled_all,255001,45000,LAS-SHV,LAS,SHV,3,0,3,0,1.176465975e-05,5632,36.08010101,-115.1520004,32.44660187,-93.82559967
labeled_all,255001,45000,LAS-XNA,LAS,XNA,3,0,3,0,1.176465975e-05,5633,36.08010101,-115.1520004,36.2818985,-94.30680084
labeled_all,255001,45000,LAX-DSM,LAX,DSM,3,0,3,0,1.176465975e-05,5634,33.94250107,-118.4079971,41.5340004,-93.6631012
labeled_all,255001,45000,LAX-SDF,LAX,SDF,3,1,2,0.3333333333,1.176465975e-05,5635,33.94250107,-118.4079971,38.17440033,-85.73600006
labeled_all,255001,45000,LCK-PIE,LCK,PIE,3,2,1,0.6666666667,1.176465975e-05,5636,39.81380081,-82.92780304,27.91020012,-82.68740082
labeled_all,255001,45000,LGB-BZN,LGB,BZN,3,0,3,0,1.176465975e-05,5637,33.81769943,-118.1520004,45.77750015,-111.1529999
labeled_all,255001,45000,LGB-FLL,LGB,FLL,3,1,2,0.3333333333,1.176465975e-05,5638,33.81769943,-118.1520004,26.07259941,-80.15270233
labeled_all,255001,45000,LRD-LAS,LRD,LAS,3,1,2,0.3333333333,1.176465975e-05,5639,27.54380035,-99.46160126,36.08010101,-115.1520004
labeled_all,255001,45000,LSE-DTW,LSE,DTW,3,0,3,0,1.176465975e-05,5640,43.87900162,-91.25669861,42.21239853,-83.35340118
labeled_all,255001,45000,LWB-SHD,LWB,SHD,3,1,2,0.3333333333,1.176465975e-05,5641,37.85829926,-80.39949799,38.26380157,-78.89640045
labeled_all,255001,45000,LWS-BOI,LWS,BOI,3,1,2,0.3333333333,1.176465975e-05,5642,46.37450027,-117.0149994,43.56439972,-116.2229996
labeled_all,255001,45000,MCI-PNS,MCI,PNS,3,0,3,0,1.176465975e-05,5643,39.29759979,-94.71389771,30.47340012,-87.18659973
labeled_all,255001,45000,MCO-JAN,MCO,JAN,3,0,3,0,1.176465975e-05,5644,28.42939949,-81.30899811,32.31119919,-90.07589722
labeled_all,255001,45000,MCO-MYR,MCO,MYR,3,0,3,0,1.176465975e-05,5645,28.42939949,-81.30899811,33.67969894,-78.92829895
labeled_all,255001,45000,MCO-TYS,MCO,TYS,3,1,2,0.3333333333,1.176465975e-05,5646,28.42939949,-81.30899811,35.81100082,-83.9940033
labeled_all,255001,45000,MDW-BUR,MDW,BUR,3,1,2,0.3333333333,1.176465975e-05,5647,41.7859993,-87.75240326,34.20069885,-118.3590012
labeled_all,255001,45000,MDW-PNS,MDW,PNS,3,2,1,0.6666666667,1.176465975e-05,5648,41.7859993,-87.75240326,30.47340012,-87.18659973
labeled_all,255001,45000,MEM-PIE,MEM,PIE,3,2,1,0.6666666667,1.176465975e-05,5649,35.04240036,-89.97669983,27.91020012,-82.68740082
labeled_all,255001,45000,MFE-SFB,MFE,SFB,3,1,2,0.3333333333,1.176465975e-05,5650,26.17580032,-98.23860168,28.77759933,-81.23750305
labeled_all,255001,45000,MIA-RSW,MIA,RSW,3,0,3,0,1.176465975e-05,5651,25.79319954,-80.29060364,26.53619957,-81.75520325
labeled_all,255001,45000,MKE-CVG,MKE,CVG,3,0,3,0,1.176465975e-05,5652,42.94720078,-87.89659882,39.04880142,-84.6678009
labeled_all,255001,45000,MKE-MIA,MKE,MIA,3,2,1,0.6666666667,1.176465975e-05,5653,42.94720078,-87.89659882,25.79319954,-80.29060364
labeled_all,255001,45000,MKE-PIE,MKE,PIE,3,2,1,0.6666666667,1.176465975e-05,5654,42.94720078,-87.89659882,27.91020012,-82.68740082
labeled_all,255001,45000,MOB-ORD,MOB,ORD,3,1,2,0.3333333333,1.176465975e-05,5655,30.69120026,-88.24279785,41.97859955,-87.90480042
labeled_all,255001,45000,MSO-ORD,MSO,ORD,3,2,1,0.6666666667,1.176465975e-05,5656,46.91630173,-114.0910034,41.97859955,-87.90480042
labeled_all,255001,45000,MTJ-PHX,MTJ,PHX,3,1,2,0.3333333333,1.176465975e-05,5657,38.50979996,-107.8939972,33.43429947,-112.012001
labeled_all,255001,45000,MTJ-SFO,MTJ,SFO,3,0,3,0,1.176465975e-05,5658,38.50979996,-107.8939972,37.61899948,-122.375
labeled_all,255001,45000,MVY-DCA,MVY,DCA,3,0,3,0,1.176465975e-05,5659,41.39310074,-70.61430359,38.85210037,-77.03769684
labeled_all,255001,45000,MVY-LGA,MVY,LGA,3,0,3,0,1.176465975e-05,5660,41.39310074,-70.61430359,40.77719879,-73.87259674
labeled_all,255001,45000,MYR-CVG,MYR,CVG,3,0,3,0,1.176465975e-05,5661,33.67969894,-78.92829895,39.04880142,-84.6678009
labeled_all,255001,45000,MYR-LCK,MYR,LCK,3,3,0,1,1.176465975e-05,5662,33.67969894,-78.92829895,39.81380081,-82.92780304
labeled_all,255001,45000,MYR-TTN,MYR,TTN,3,2,1,0.6666666667,1.176465975e-05,5663,33.67969894,-78.92829895,40.27669907,-74.81349945
labeled_all,255001,45000,OAK-IND,OAK,IND,3,1,2,0.3333333333,1.176465975e-05,5664,37.72129822,-122.2210007,39.71730041,-86.29440308
labeled_all,255001,45000,OAK-MSP,OAK,MSP,3,2,1,0.6666666667,1.176465975e-05,5665,37.72129822,-122.2210007,44.88199997,-93.22180176
labeled_all,255001,45000,OGG-ANC,OGG,ANC,3,0,3,0,1.176465975e-05,5666,20.89859962,-156.4299927,61.17440033,-149.9960022
labeled_all,255001,45000,OGS-IAD,OGS,IAD,3,1,2,0.3333333333,1.176465975e-05,5667,44.68190002,-75.46549988,38.94449997,-77.45580292
labeled_all,255001,45000,OGS-ORD,OGS,ORD,3,1,2,0.3333333333,1.176465975e-05,5668,44.68190002,-75.46549988,41.97859955,-87.90480042
labeled_all,255001,45000,ORD-ATY,ORD,ATY,3,0,3,0,1.176465975e-05,5669,41.97859955,-87.90480042,44.91400146,-97.15470123
labeled_all,255001,45000,ORD-DRO,ORD,DRO,3,0,3,0,1.176465975e-05,5670,41.97859955,-87.90480042,37.1515007,-107.7539978
labeled_all,255001,45000,ORD-OGS,ORD,OGS,3,1,2,0.3333333333,1.176465975e-05,5671,41.97859955,-87.90480042,44.68190002,-75.46549988
labeled_all,255001,45000,ORF-LAS,ORF,LAS,3,1,2,0.3333333333,1.176465975e-05,5672,36.89459991,-76.20120239,36.08010101,-115.1520004
labeled_all,255001,45000,ORH-DTW,ORH,DTW,3,0,3,0,1.176465975e-05,5673,42.26729965,-71.8757019,42.21239853,-83.35340118
labeled_all,255001,45000,PBI-CMH,PBI,CMH,3,1,2,0.3333333333,1.176465975e-05,5674,26.68320084,-80.09559631,39.9980011,-82.89189911
labeled_all,255001,45000,PBI-RDU,PBI,RDU,3,0,3,0,1.176465975e-05,5675,26.68320084,-80.09559631,35.87760162,-78.78749847
labeled_all,255001,45000,PDX-HOU,PDX,HOU,3,0,3,0,1.176465975e-05,5676,45.58869934,-122.5979996,29.64539909,-95.27890015
labeled_all,255001,45000,PDX-PHL,PDX,PHL,3,0,3,0,1.176465975e-05,5677,45.58869934,-122.5979996,39.87189865,-75.2410965
labeled_all,255001,45000,PGD-MKE,PGD,MKE,3,0,3,0,1.176465975e-05,5678,26.92020035,-81.9905014,42.94720078,-87.89659882
labeled_all,255001,45000,PGD-PVD,PGD,PVD,3,1,2,0.3333333333,1.176465975e-05,5679,26.92020035,-81.9905014,41.73260117,-71.42040253
labeled_all,255001,45000,PGD-RDU,PGD,RDU,3,1,2,0.3333333333,1.176465975e-05,5680,26.92020035,-81.9905014,35.87760162,-78.78749847
labeled_all,255001,45000,PHL-PDX,PHL,PDX,3,0,3,0,1.176465975e-05,5681,39.87189865,-75.2410965,45.58869934,-122.5979996
labeled_all,255001,45000,PHL-SRQ,PHL,SRQ,3,0,3,0,1.176465975e-05,5682,39.87189865,-75.2410965,27.39539909,-82.55439758
labeled_all,255001,45000,PHX-ASE,PHX,ASE,3,1,2,0.3333333333,1.176465975e-05,5683,33.43429947,-112.012001,39.22320175,-106.8690033
labeled_all,255001,45000,PIA-DTW,PIA,DTW,3,0,3,0,1.176465975e-05,5684,40.66419983,-89.69329834,42.21239853,-83.35340118
labeled_all,255001,45000,PIE-CLE,PIE,CLE,3,0,3,0,1.176465975e-05,5685,27.91020012,-82.68740082,41.4117012,-81.84980011
labeled_all,255001,45000,PIE-GSO,PIE,GSO,3,0,3,0,1.176465975e-05,5686,27.91020012,-82.68740082,36.09780121,-79.93730164
labeled_all,255001,45000,PIE-OMA,PIE,OMA,3,1,2,0.3333333333,1.176465975e-05,5687,27.91020012,-82.68740082,41.30319977,-95.89409637
labeled_all,255001,45000,PIT-AUS,PIT,AUS,3,1,2,0.3333333333,1.176465975e-05,5688,40.49150085,-80.23290253,30.19449997,-97.66989899
labeled_all,255001,45000,PIT-SAV,PIT,SAV,3,0,3,0,1.176465975e-05,5689,40.49150085,-80.23290253,32.12760162,-81.20210266
labeled_all,255001,45000,PVD-CVG,PVD,CVG,3,0,3,0,1.176465975e-05,5690,41.73260117,-71.42040253,39.04880142,-84.6678009
labeled_all,255001,45000,PVD-RDU,PVD,RDU,3,1,2,0.3333333333,1.176465975e-05,5691,41.73260117,-71.42040253,35.87760162,-78.78749847
labeled_all,255001,45000,PVD-RSW,PVD,RSW,3,1,2,0.3333333333,1.176465975e-05,5692,41.73260117,-71.42040253,26.53619957,-81.75520325
labeled_all,255001,45000,PWM-MCO,PWM,MCO,3,1,2,0.3333333333,1.176465975e-05,5693,43.64619827,-70.30930328,28.42939949,-81.30899811
labeled_all,255001,45000,PWM-TPA,PWM,TPA,3,1,2,0.3333333333,1.176465975e-05,5694,43.64619827,-70.30930328,27.97550011,-82.53320312
labeled_all,255001,45000,RAP-LAS,RAP,LAS,3,0,3,0,1.176465975e-05,5695,44.04529953,-103.0569992,36.08010101,-115.1520004
labeled_all,255001,45000,RDU-ALB,RDU,ALB,3,0,3,0,1.176465975e-05,5696,35.87760162,-78.78749847,42.74829864,-73.80169678
labeled_all,255001,45000,RDU-JAX,RDU,JAX,3,0,3,0,1.176465975e-05,5697,35.87760162,-78.78749847,30.49410057,-81.68789673
labeled_all,255001,45000,RFD-AZA,RFD,AZA,3,0,3,0,1.176465975e-05,5698,42.19540024,-89.09719849,33.30780029,-111.6549988
labeled_all,255001,45000,ROA-LGA,ROA,LGA,3,1,2,0.3333333333,1.176465975e-05,5699,37.32550049,-79.97540283,40.77719879,-73.87259674
labeled_all,255001,45000,RSW-CAK,RSW,CAK,3,1,2,0.3333333333,1.176465975e-05,5700,26.53619957,-81.75520325,40.91609955,-81.44219971
labeled_all,255001,45000,RSW-MIA,RSW,MIA,3,0,3,0,1.176465975e-05,5701,26.53619957,-81.75520325,25.79319954,-80.29060364
labeled_all,255001,45000,SAN-COS,SAN,COS,3,1,2,0.3333333333,1.176465975e-05,5702,32.73360062,-117.1900024,38.80580139,-104.7009964
labeled_all,255001,45000,SAN-KOA,SAN,KOA,3,2,1,0.6666666667,1.176465975e-05,5703,32.73360062,-117.1900024,19.73880005,-156.0460052
labeled_all,255001,45000,SAN-MKE,SAN,MKE,3,1,2,0.3333333333,1.176465975e-05,5704,32.73360062,-117.1900024,42.94720078,-87.89659882
labeled_all,255001,45000,SAV-DEN,SAV,DEN,3,1,2,0.3333333333,1.176465975e-05,5705,32.12760162,-81.20210266,39.86169815,-104.6729965
labeled_all,255001,45000,SAV-IND,SAV,IND,3,0,3,0,1.176465975e-05,5706,32.12760162,-81.20210266,39.71730041,-86.29440308
labeled_all,255001,45000,SAV-LCK,SAV,LCK,3,1,2,0.3333333333,1.176465975e-05,5707,32.12760162,-81.20210266,39.81380081,-82.92780304
labeled_all,255001,45000,SBN-PIE,SBN,PIE,3,1,2,0.3333333333,1.176465975e-05,5708,41.70869827,-86.31729889,27.91020012,-82.68740082
labeled_all,255001,45000,SBN-SFB,SBN,SFB,3,0,3,0,1.176465975e-05,5709,41.70869827,-86.31729889,28.77759933,-81.23750305
labeled_all,255001,45000,SCK-SAN,SCK,SAN,3,2,1,0.6666666667,1.176465975e-05,5710,37.89419937,-121.237999,32.73360062,-117.1900024
labeled_all,255001,45000,SDF-LAX,SDF,LAX,3,1,2,0.3333333333,1.176465975e-05,5711,38.17440033,-85.73600006,33.94250107,-118.4079971
labeled_all,255001,45000,SDF-SAV,SDF,SAV,3,0,3,0,1.176465975e-05,5712,38.17440033,-85.73600006,32.12760162,-81.20210266
labeled_all,255001,45000,SEA-CMH,SEA,CMH,3,0,3,0,1.176465975e-05,5713,47.44900131,-122.3089981,39.9980011,-82.89189911
labeled_all,255001,45000,SFB-FSD,SFB,FSD,3,0,3,0,1.176465975e-05,5714,28.77759933,-81.23750305,43.58200073,-96.74189758
labeled_all,255001,45000,SFB-GSP,SFB,GSP,3,1,2,0.3333333333,1.176465975e-05,5715,28.77759933,-81.23750305,34.89569855,-82.21890259
labeled_all,255001,45000,SFB-HGR,SFB,HGR,3,0,3,0,1.176465975e-05,5716,28.77759933,-81.23750305,39.707901,-77.72949982
labeled_all,255001,45000,SFB-LIT,SFB,LIT,3,0,3,0,1.176465975e-05,5717,28.77759933,-81.23750305,34.72940063,-92.22429657
labeled_all,255001,45000,SFB-MFE,SFB,MFE,3,0,3,0,1.176465975e-05,5718,28.77759933,-81.23750305,26.17580032,-98.23860168
labeled_all,255001,45000,SFB-MKE,SFB,MKE,3,1,2,0.3333333333,1.176465975e-05,5719,28.77759933,-81.23750305,42.94720078,-87.89659882
labeled_all,255001,45000,SFB-OKC,SFB,OKC,3,0,3,0,1.176465975e-05,5720,28.77759933,-81.23750305,35.39310074,-97.60070038
labeled_all,255001,45000,SFB-ORF,SFB,ORF,3,1,2,0.3333333333,1.176465975e-05,5721,28.77759933,-81.23750305,36.89459991,-76.20120239
labeled_all,255001,45000,SFB-PIA,SFB,PIA,3,0,3,0,1.176465975e-05,5722,28.77759933,-81.23750305,40.66419983,-89.69329834
labeled_all,255001,45000,SFB-SAT,SFB,SAT,3,1,2,0.3333333333,1.176465975e-05,5723,28.77759933,-81.23750305,29.53370094,-98.46980286
labeled_all,255001,45000,SFO-EGE,SFO,EGE,3,1,2,0.3333333333,1.176465975e-05,5724,37.61899948,-122.375,39.64260101,-106.9179993
labeled_all,255001,45000,SFO-MSO,SFO,MSO,3,0,3,0,1.176465975e-05,5725,37.61899948,-122.375,46.91630173,-114.0910034
labeled_all,255001,45000,SJC-CLT,SJC,CLT,3,1,2,0.3333333333,1.176465975e-05,5726,37.36259842,-121.9290009,35.2140007,-80.94309998
labeled_all,255001,45000,SJC-SAT,SJC,SAT,3,1,2,0.3333333333,1.176465975e-05,5727,37.36259842,-121.9290009,29.53370094,-98.46980286
labeled_all,255001,45000,SMF-KOA,SMF,KOA,3,0,3,0,1.176465975e-05,5728,38.69540024,-121.5910034,19.73880005,-156.0460052
labeled_all,255001,45000,SPI-PGD,SPI,PGD,3,1,2,0.3333333333,1.176465975e-05,5729,39.84410095,-89.67790222,26.92020035,-81.9905014
labeled_all,255001,45000,SRQ-AVL,SRQ,AVL,3,1,2,0.3333333333,1.176465975e-05,5730,27.39539909,-82.55439758,35.43619919,-82.54180145
labeled_all,255001,45000,SRQ-CVG,SRQ,CVG,3,0,3,0,1.176465975e-05,5731,27.39539909,-82.55439758,39.04880142,-84.6678009
labeled_all,255001,45000,SRQ-SYR,SRQ,SYR,3,0,3,0,1.176465975e-05,5732,27.39539909,-82.55439758,43.11119843,-76.10630035
labeled_all,255001,45000,STC-AZA,STC,AZA,3,0,3,0,1.176465975e-05,5733,45.54660034,-94.05989838,33.30780029,-111.6549988
labeled_all,255001,45000,STT-PHL,STT,PHL,3,0,3,0,1.176465975e-05,5734,18.33729935,-64.9733963,39.87189865,-75.2410965
labeled_all,255001,45000,STX-ATL,STX,ATL,3,1,2,0.3333333333,1.176465975e-05,5735,17.70190048,-64.79859924,33.63669968,-84.42810059
labeled_all,255001,45000,SYR-PGD,SYR,PGD,3,1,2,0.3333333333,1.176465975e-05,5736,43.11119843,-76.10630035,26.92020035,-81.9905014
labeled_all,255001,45000,SYR-SFB,SYR,SFB,3,0,3,0,1.176465975e-05,5737,43.11119843,-76.10630035,28.77759933,-81.23750305
labeled_all,255001,45000,SYR-TPA,SYR,TPA,3,2,1,0.6666666667,1.176465975e-05,5738,43.11119843,-76.10630035,27.97550011,-82.53320312
labeled_all,255001,45000,TPA-GSO,TPA,GSO,3,0,3,0,1.176465975e-05,5739,27.97550011,-82.53320312,36.09780121,-79.93730164
labeled_all,255001,45000,TPA-SYR,TPA,SYR,3,0,3,0,1.176465975e-05,5740,27.97550011,-82.53320312,43.11119843,-76.10630035
labeled_all,255001,45000,TRI-SFB,TRI,SFB,3,1,2,0.3333333333,1.176465975e-05,5741,36.47520065,-82.40740204,28.77759933,-81.23750305
labeled_all,255001,45000,TTN-CLT,TTN,CLT,3,1,2,0.3333333333,1.176465975e-05,5742,40.27669907,-74.81349945,35.2140007,-80.94309998
labeled_all,255001,45000,TTN-JAX,TTN,JAX,3,0,3,0,1.176465975e-05,5743,40.27669907,-74.81349945,30.49410057,-81.68789673
labeled_all,255001,45000,TTN-RSW,TTN,RSW,3,2,1,0.6666666667,1.176465975e-05,5744,40.27669907,-74.81349945,26.53619957,-81.75520325
labeled_all,255001,45000,TVC-DFW,TVC,DFW,3,1,2,0.3333333333,1.176465975e-05,5745,44.74140167,-85.5821991,32.89680099,-97.03800201
labeled_all,255001,45000,TYR-DEN,TYR,DEN,3,1,2,0.3333333333,1.176465975e-05,5746,32.35409927,-95.40239716,39.86169815,-104.6729965
labeled_all,255001,45000,TYS-MCO,TYS,MCO,3,1,2,0.3333333333,1.176465975e-05,5747,35.81100082,-83.9940033,28.42939949,-81.30899811
labeled_all,255001,45000,USA-VPS,USA,VPS,3,1,2,0.3333333333,1.176465975e-05,5748,35.38779831,-80.70909882,30.48320007,-86.52539825
labeled_all,255001,45000,VPS-LCK,VPS,LCK,3,0,3,0,1.176465975e-05,5749,30.48320007,-86.52539825,39.81380081,-82.92780304
labeled_all,255001,45000,VPS-USA,VPS,USA,3,0,3,0,1.176465975e-05,5750,30.48320007,-86.52539825,35.38779831,-80.70909882
labeled_all,255001,45000,ABE-MYR,ABE,MYR,2,0,2,0,7.843106498e-06,5751,40.65209961,-75.44080353,33.67969894,-78.92829895
labeled_all,255001,45000,ABE-SAV,ABE,SAV,2,0,2,0,7.843106498e-06,5752,40.65209961,-75.44080353,32.12760162,-81.20210266
labeled_all,255001,45000,ACY-MSY,ACY,MSY,2,1,1,0.5,7.843106498e-06,5753,39.45759964,-74.57720184,29.99340057,-90.25800323
labeled_all,255001,45000,ALB-LAS,ALB,LAS,2,1,1,0.5,7.843106498e-06,5754,42.74829864,-73.80169678,36.08010101,-115.1520004
labeled_all,255001,45000,ALB-RDU,ALB,RDU,2,1,1,0.5,7.843106498e-06,5755,42.74829864,-73.80169678,35.87760162,-78.78749847
labeled_all,255001,45000,ANC-DLG,ANC,DLG,2,0,2,0,7.843106498e-06,5756,61.17440033,-149.9960022,59.04470062,-158.5050049
labeled_all,255001,45000,ASE-ATL,ASE,ATL,2,1,1,0.5,7.843106498e-06,5757,39.22320175,-106.8690033,33.63669968,-84.42810059
labeled_all,255001,45000,ATL-ANC,ATL,ANC,2,0,2,0,7.843106498e-06,5758,33.63669968,-84.42810059,61.17440033,-149.9960022
labeled_all,255001,45000,ATL-ASE,ATL,ASE,2,0,2,0,7.843106498e-06,5759,33.63669968,-84.42810059,39.22320175,-106.8690033
labeled_all,255001,45000,ATL-HDN,ATL,HDN,2,0,2,0,7.843106498e-06,5760,33.63669968,-84.42810059,40.48120117,-107.2180023
labeled_all,255001,45000,ATL-JAC,ATL,JAC,2,1,1,0.5,7.843106498e-06,5761,33.63669968,-84.42810059,43.6072998,-110.737999
labeled_all,255001,45000,ATL-RNO,ATL,RNO,2,0,2,0,7.843106498e-06,5762,33.63669968,-84.42810059,39.49909973,-119.7679977
labeled_all,255001,45000,ATW-LAS,ATW,LAS,2,1,1,0.5,7.843106498e-06,5763,44.2580986,-88.51909637,36.08010101,-115.1520004
labeled_all,255001,45000,ATW-PIE,ATW,PIE,2,0,2,0,7.843106498e-06,5764,44.2580986,-88.51909637,27.91020012,-82.68740082
labeled_all,255001,45000,ATY-PIR,ATY,PIR,2,0,2,0,7.843106498e-06,5765,44.91400146,-97.15470123,44.38270187,-100.2860031
labeled_all,255001,45000,AUS-BUF,AUS,BUF,2,1,1,0.5,7.843106498e-06,5766,30.19449997,-97.66989899,42.94049835,-78.73220062
labeled_all,255001,45000,AUS-ECP,AUS,ECP,2,0,2,0,7.843106498e-06,5767,30.19449997,-97.66989899,30.3417,-85.7973
labeled_all,255001,45000,AUS-PVD,AUS,PVD,2,0,2,0,7.843106498e-06,5768,30.19449997,-97.66989899,41.73260117,-71.42040253
labeled_all,255001,45000,AUS-VPS,AUS,VPS,2,0,2,0,7.843106498e-06,5769,30.19449997,-97.66989899,30.48320007,-86.52539825
labeled_all,255001,45000,AVL-BWI,AVL,BWI,2,0,2,0,7.843106498e-06,5770,35.43619919,-82.54180145,39.17539978,-76.66829681
labeled_all,255001,45000,AVL-MCO,AVL,MCO,2,0,2,0,7.843106498e-06,5771,35.43619919,-82.54180145,28.42939949,-81.30899811
labeled_all,255001,45000,AZA-MCI,AZA,MCI,2,1,1,0.5,7.843106498e-06,5772,33.30780029,-111.6549988,39.29759979,-94.71389771
labeled_all,255001,45000,AZA-MFR,AZA,MFR,2,0,2,0,7.843106498e-06,5773,33.30780029,-111.6549988,42.37419891,-122.8730011
labeled_all,255001,45000,AZA-MLI,AZA,MLI,2,0,2,0,7.843106498e-06,5774,33.30780029,-111.6549988,41.44850159,-90.50749969
labeled_all,255001,45000,AZA-SBN,AZA,SBN,2,0,2,0,7.843106498e-06,5775,33.30780029,-111.6549988,41.70869827,-86.31729889
labeled_all,255001,45000,AZA-SCK,AZA,SCK,2,1,1,0.5,7.843106498e-06,5776,33.30780029,-111.6549988,37.89419937,-121.237999
labeled_all,255001,45000,BLI-ANC,BLI,ANC,2,0,2,0,7.843106498e-06,5777,48.7928009,-122.538002,61.17440033,-149.9960022
labeled_all,255001,45000,BLV-AZA,BLV,AZA,2,0,2,0,7.843106498e-06,5778,38.54520035,-89.83519745,33.30780029,-111.6549988
labeled_all,255001,45000,BMI-PIE,BMI,PIE,2,0,2,0,7.843106498e-06,5779,40.47710037,-88.91590118,27.91020012,-82.68740082
labeled_all,255001,45000,BNA-ORF,BNA,ORF,2,0,2,0,7.843106498e-06,5780,36.12450027,-86.67819977,36.89459991,-76.20120239
labeled_all,255001,45000,BNA-RIC,BNA,RIC,2,2,0,1,7.843106498e-06,5781,36.12450027,-86.67819977,37.50519943,-77.31970215
labeled_all,255001,45000,BNA-SYR,BNA,SYR,2,0,2,0,7.843106498e-06,5782,36.12450027,-86.67819977,43.11119843,-76.10630035
labeled_all,255001,45000,BNA-VPS,BNA,VPS,2,1,1,0.5,7.843106498e-06,5783,36.12450027,-86.67819977,30.48320007,-86.52539825
labeled_all,255001,45000,BRO-ORD,BRO,ORD,2,0,2,0,7.843106498e-06,5784,25.90679932,-97.42590332,41.97859955,-87.90480042
labeled_all,255001,45000,BWI-PDX,BWI,PDX,2,0,2,0,7.843106498e-06,5785,39.17539978,-76.66829681,45.58869934,-122.5979996
labeled_all,255001,45000,BWI-SAV,BWI,SAV,2,0,2,0,7.843106498e-06,5786,39.17539978,-76.66829681,32.12760162,-81.20210266
labeled_all,255001,45000,CAK-FLL,CAK,FLL,2,1,1,0.5,7.843106498e-06,5787,40.91609955,-81.44219971,26.07259941,-80.15270233
labeled_all,255001,45000,CAK-TPA,CAK,TPA,2,0,2,0,7.843106498e-06,5788,40.91609955,-81.44219971,27.97550011,-82.53320312
labeled_all,255001,45000,CHA-SFB,CHA,SFB,2,0,2,0,7.843106498e-06,5789,35.03530121,-85.20379639,28.77759933,-81.23750305
labeled_all,255001,45000,CHS-MSP,CHS,MSP,2,0,2,0,7.843106498e-06,5790,32.89860153,-80.04049683,44.88199997,-93.22180176
labeled_all,255001,45000,CHS-TTN,CHS,TTN,2,1,1,0.5,7.843106498e-06,5791,32.89860153,-80.04049683,40.27669907,-74.81349945
labeled_all,255001,45000,CID-PGD,CID,PGD,2,1,1,0.5,7.843106498e-06,5792,41.88470078,-91.71080017,26.92020035,-81.9905014
labeled_all,255001,45000,CKB-MYR,CKB,MYR,2,0,2,0,7.843106498e-06,5793,39.29660034,-80.22810364,33.67969894,-78.92829895
labeled_all,255001,45000,CLE-JAX,CLE,JAX,2,0,2,0,7.843106498e-06,5794,41.4117012,-81.84980011,30.49410057,-81.68789673
labeled_all,255001,45000,CLE-PDX,CLE,PDX,2,1,1,0.5,7.843106498e-06,5795,41.4117012,-81.84980011,45.58869934,-122.5979996
labeled_all,255001,45000,CLE-VPS,CLE,VPS,2,1,1,0.5,7.843106498e-06,5796,41.4117012,-81.84980011,30.48320007,-86.52539825
labeled_all,255001,45000,CLT-SJC,CLT,SJC,2,0,2,0,7.843106498e-06,5797,35.2140007,-80.94309998,37.36259842,-121.9290009
labeled_all,255001,45000,CLT-TUS,CLT,TUS,2,0,2,0,7.843106498e-06,5798,35.2140007,-80.94309998,32.11610031,-110.9410019
labeled_all,255001,45000,CMH-AUS,CMH,AUS,2,0,2,0,7.843106498e-06,5799,39.9980011,-82.89189911,30.19449997,-97.66989899
labeled_all,255001,45000,CVG-BNA,CVG,BNA,2,0,2,0,7.843106498e-06,5800,39.04880142,-84.6678009,36.12450027,-86.67819977
labeled_all,255001,45000,CVG-SAT,CVG,SAT,2,1,1,0.5,7.843106498e-06,5801,39.04880142,-84.6678009,29.53370094,-98.46980286
labeled_all,255001,45000,CVG-SJC,CVG,SJC,2,1,1,0.5,7.843106498e-06,5802,39.04880142,-84.6678009,37.36259842,-121.9290009
labeled_all,255001,45000,DAL-RNO,DAL,RNO,2,0,2,0,7.843106498e-06,5803,32.8470993,-96.85179901,39.49909973,-119.7679977
labeled_all,255001,45000,DAL-RSW,DAL,RSW,2,0,2,0,7.843106498e-06,5804,32.8470993,-96.85179901,26.53619957,-81.75520325
labeled_all,255001,45000,DEN-AVL,DEN,AVL,2,1,1,0.5,7.843106498e-06,5805,39.86169815,-104.6729965,35.43619919,-82.54180145
labeled_all,255001,45000,DEN-BFM,DEN,BFM,2,0,2,0,7.843106498e-06,5806,39.86169815,-104.6729965,30.62680054,-88.06809998
labeled_all,255001,45000,DEN-GRB,DEN,GRB,2,0,2,0,7.843106498e-06,5807,39.86169815,-104.6729965,44.48509979,-88.12960052
labeled_all,255001,45000,DEN-GSO,DEN,GSO,2,0,2,0,7.843106498e-06,5808,39.86169815,-104.6729965,36.09780121,-79.93730164
labeled_all,255001,45000,DEN-MYR,DEN,MYR,2,0,2,0,7.843106498e-06,5809,39.86169815,-104.6729965,33.67969894,-78.92829895
labeled_all,255001,45000,DEN-STS,DEN,STS,2,0,2,0,7.843106498e-06,5810,39.86169815,-104.6729965,38.50899887,-122.8130035
labeled_all,255001,45000,DFW-FCA,DFW,FCA,2,0,2,0,7.843106498e-06,5811,32.89680099,-97.03800201,48.3105011,-114.2559967
labeled_all,255001,45000,DSM-SFO,DSM,SFO,2,0,2,0,7.843106498e-06,5812,41.5340004,-93.6631012,37.61899948,-122.375
labeled_all,255001,45000,DTW-ISP,DTW,ISP,2,0,2,0,7.843106498e-06,5813,42.21239853,-83.35340118,40.79520035,-73.10019684
labeled_all,255001,45000,DTW-SRQ,DTW,SRQ,2,1,1,0.5,7.843106498e-06,5814,42.21239853,-83.35340118,27.39539909,-82.55439758
labeled_all,255001,45000,DTW-TUL,DTW,TUL,2,1,1,0.5,7.843106498e-06,5815,42.21239853,-83.35340118,36.19839859,-95.88809967
labeled_all,255001,45000,EGE-LAX,EGE,LAX,2,0,2,0,7.843106498e-06,5816,39.64260101,-106.9179993,33.94250107,-118.4079971
labeled_all,255001,45000,EWR-ANC,EWR,ANC,2,2,0,1,7.843106498e-06,5817,40.69250107,-74.16870117,61.17440033,-149.9960022
labeled_all,255001,45000,EWR-FWA,EWR,FWA,2,1,1,0.5,7.843106498e-06,5818,40.69250107,-74.16870117,40.97850037,-85.19509888
labeled_all,255001,45000,EWR-STT,EWR,STT,2,0,2,0,7.843106498e-06,5819,40.69250107,-74.16870117,18.33729935,-64.9733963
labeled_all,255001,45000,EWR-VPS,EWR,VPS,2,0,2,0,7.843106498e-06,5820,40.69250107,-74.16870117,30.48320007,-86.52539825
labeled_all,255001,45000,FAR-SFB,FAR,SFB,2,0,2,0,7.843106498e-06,5821,46.92070007,-96.81580353,28.77759933,-81.23750305
labeled_all,255001,45000,FCA-SFO,FCA,SFO,2,0,2,0,7.843106498e-06,5822,48.3105011,-114.2559967,37.61899948,-122.375
labeled_all,255001,45000,FLL-CAK,FLL,CAK,2,0,2,0,7.843106498e-06,5823,26.07259941,-80.15270233,40.91609955,-81.44219971
labeled_all,255001,45000,FLL-GRR,FLL,GRR,2,0,2,0,7.843106498e-06,5824,26.07259941,-80.15270233,42.88079834,-85.52279663
labeled_all,255001,45000,FLL-ORF,FLL,ORF,2,0,2,0,7.843106498e-06,5825,26.07259941,-80.15270233,36.89459991,-76.20120239
labeled_all,255001,45000,FLL-STX,FLL,STX,2,0,2,0,7.843106498e-06,5826,26.07259941,-80.15270233,17.70190048,-64.79859924
labeled_all,255001,45000,FNT-PGD,FNT,PGD,2,1,1,0.5,7.843106498e-06,5827,42.9654007,-83.74359894,26.92020035,-81.9905014
labeled_all,255001,45000,FSD-PIE,FSD,PIE,2,1,1,0.5,7.843106498e-06,5828,43.58200073,-96.74189758,27.91020012,-82.68740082
labeled_all,255001,45000,GRI-LAS,GRI,LAS,2,0,2,0,7.843106498e-06,5829,40.96749878,-98.30960083,36.08010101,-115.1520004
labeled_all,255001,45000,GRR-PHX,GRR,PHX,2,0,2,0,7.843106498e-06,5830,42.88079834,-85.52279663,33.43429947,-112.012001
labeled_all,255001,45000,GRR-SAV,GRR,SAV,2,0,2,0,7.843106498e-06,5831,42.88079834,-85.52279663,32.12760162,-81.20210266
labeled_all,255001,45000,GSO-DEN,GSO,DEN,2,1,1,0.5,7.843106498e-06,5832,36.09780121,-79.93730164,39.86169815,-104.6729965
labeled_all,255001,45000,GSO-SFB,GSO,SFB,2,1,1,0.5,7.843106498e-06,5833,36.09780121,-79.93730164,28.77759933,-81.23750305
labeled_all,255001,45000,HDN-ATL,HDN,ATL,2,2,0,1,7.843106498e-06,5834,40.48120117,-107.2180023,33.63669968,-84.42810059
labeled_all,255001,45000,HDN-EWR,HDN,EWR,2,0,2,0,7.843106498e-06,5835,40.48120117,-107.2180023,40.69250107,-74.16870117
labeled_all,255001,45000,HDN-SFO,HDN,SFO,2,0,2,0,7.843106498e-06,5836,40.48120117,-107.2180023,37.61899948,-122.375
labeled_all,255001,45000,HGR-SFB,HGR,SFB,2,1,1,0.5,7.843106498e-06,5837,39.707901,-77.72949982,28.77759933,-81.23750305
labeled_all,255001,45000,HNL-BOS,HNL,BOS,2,0,2,0,7.843106498e-06,5838,21.31870079,-157.9219971,42.36429977,-71.00520325
labeled_all,255001,45000,HOU-PHL,HOU,PHL,2,0,2,0,7.843106498e-06,5839,29.64539909,-95.27890015,39.87189865,-75.2410965
labeled_all,255001,45000,HRL-MSP,HRL,MSP,2,0,2,0,7.843106498e-06,5840,26.22850037,-97.65440369,44.88199997,-93.22180176
labeled_all,255001,45000,HTS-MYR,HTS,MYR,2,0,2,0,7.843106498e-06,5841,38.36669922,-82.55799866,33.67969894,-78.92829895
labeled_all,255001,45000,IAH-STT,IAH,STT,2,1,1,0.5,7.843106498e-06,5842,29.9843998,-95.34140015,18.33729935,-64.9733963
labeled_all,255001,45000,IDA-LAX,IDA,LAX,2,0,2,0,7.843106498e-06,5843,43.51459885,-112.0709991,33.94250107,-118.4079971
labeled_all,255001,45000,IND-MYR,IND,MYR,2,0,2,0,7.843106498e-06,5844,39.71730041,-86.29440308,33.67969894,-78.92829895
labeled_all,255001,45000,IND-VPS,IND,VPS,2,1,1,0.5,7.843106498e-06,5845,39.71730041,-86.29440308,30.48320007,-86.52539825
labeled_all,255001,45000,ISP-ATL,ISP,ATL,2,0,2,0,7.843106498e-06,5846,40.79520035,-73.10019684,33.63669968,-84.42810059
labeled_all,255001,45000,ISP-SJU,ISP,SJU,2,1,1,0.5,7.843106498e-06,5847,40.79520035,-73.10019684,18.43939972,-66.00180054
labeled_all,255001,45000,JAC-MSP,JAC,MSP,2,1,1,0.5,7.843106498e-06,5848,43.6072998,-110.737999,44.88199997,-93.22180176
labeled_all,255001,45000,JAX-AUS,JAX,AUS,2,2,0,1,7.843106498e-06,5849,30.49410057,-81.68789673,30.19449997,-97.66989899
labeled_all,255001,45000,JAX-BLV,JAX,BLV,2,1,1,0.5,7.843106498e-06,5850,30.49410057,-81.68789673,38.54520035,-89.83519745
labeled_all,255001,45000,JFK-HYA,JFK,HYA,2,0,2,0,7.843106498e-06,5851,40.63980103,-73.77890015,41.66930008,-70.28040314
labeled_all,255001,45000,JNU-GST,JNU,GST,2,0,2,0,7.843106498e-06,5852,58.35499954,-134.576004,58.4253006,-135.7070007
labeled_all,255001,45000,KOA-ANC,KOA,ANC,2,0,2,0,7.843106498e-06,5853,19.73880005,-156.0460052,61.17440033,-149.9960022
labeled_all,255001,45000,LAS-CID,LAS,CID,2,0,2,0,7.843106498e-06,5854,36.08010101,-115.1520004,41.88470078,-91.71080017
labeled_all,255001,45000,LAS-EUG,LAS,EUG,2,1,1,0.5,7.843106498e-06,5855,36.08010101,-115.1520004,44.12459946,-123.211998
labeled_all,255001,45000,LAS-GRR,LAS,GRR,2,0,2,0,7.843106498e-06,5856,36.08010101,-115.1520004,42.88079834,-85.52279663
labeled_all,255001,45000,LAS-GTF,LAS,GTF,2,0,2,0,7.843106498e-06,5857,36.08010101,-115.1520004,47.48199844,-111.3710022
labeled_all,255001,45000,LAS-MRY,LAS,MRY,2,1,1,0.5,7.843106498e-06,5858,36.08010101,-115.1520004,36.5870018,-121.8430023
labeled_all,255001,45000,LAS-MSO,LAS,MSO,2,0,2,0,7.843106498e-06,5859,36.08010101,-115.1520004,46.91630173,-114.0910034
labeled_all,255001,45000,LAS-RSW,LAS,RSW,2,1,1,0.5,7.843106498e-06,5860,36.08010101,-115.1520004,26.53619957,-81.75520325
labeled_all,255001,45000,LAS-SGF,LAS,SGF,2,0,2,0,7.843106498e-06,5861,36.08010101,-115.1520004,37.24570084,-93.38860321
labeled_all,255001,45000,LAX-CID,LAX,CID,2,0,2,0,7.843106498e-06,5862,33.94250107,-118.4079971,41.88470078,-91.71080017
labeled_all,255001,45000,LAX-FSD,LAX,FSD,2,0,2,0,7.843106498e-06,5863,33.94250107,-118.4079971,43.58200073,-96.74189758
labeled_all,255001,45000,LAX-MTJ,LAX,MTJ,2,0,2,0,7.843106498e-06,5864,33.94250107,-118.4079971,38.50979996,-107.8939972
labeled_all,255001,45000,LAX-PVU,LAX,PVU,2,1,1,0.5,7.843106498e-06,5865,33.94250107,-118.4079971,40.21920013,-111.7229996
labeled_all,255001,45000,LBE-TPA,LBE,TPA,2,1,1,0.5,7.843106498e-06,5866,40.27590179,-79.40480042,27.97550011,-82.53320312
labeled_all,255001,45000,LCK-AUS,LCK,AUS,2,0,2,0,7.843106498e-06,5867,39.81380081,-82.92780304,30.19449997,-97.66989899
labeled_all,255001,45000,LCK-MSY,LCK,MSY,2,0,2,0,7.843106498e-06,5868,39.81380081,-82.92780304,29.99340057,-90.25800323
labeled_all,255001,45000,LEX-VPS,LEX,VPS,2,0,2,0,7.843106498e-06,5869,38.03649902,-84.60590363,30.48320007,-86.52539825
labeled_all,255001,45000,LGA-ACK,LGA,ACK,2,0,2,0,7.843106498e-06,5870,40.77719879,-73.87259674,41.25310135,-70.06020355
labeled_all,255001,45000,LGA-MTJ,LGA,MTJ,2,0,2,0,7.843106498e-06,5871,40.77719879,-73.87259674,38.50979996,-107.8939972
labeled_all,255001,45000,LIT-LAX,LIT,LAX,2,0,2,0,7.843106498e-06,5872,34.72940063,-92.22429657,33.94250107,-118.4079971
labeled_all,255001,45000,LIT-SFB,LIT,SFB,2,1,1,0.5,7.843106498e-06,5873,34.72940063,-92.22429657,28.77759933,-81.23750305
labeled_all,255001,45000,MCI-PGD,MCI,PGD,2,0,2,0,7.843106498e-06,5874,39.29759979,-94.71389771,26.92020035,-81.9905014
labeled_all,255001,45000,MCI-RSW,MCI,RSW,2,0,2,0,7.843106498e-06,5875,39.29759979,-94.71389771,26.53619957,-81.75520325
labeled_all,255001,45000,MCO-BTV,MCO,BTV,2,1,1,0.5,7.843106498e-06,5876,28.42939949,-81.30899811,44.47190094,-73.15329742
labeled_all,255001,45000,MCO-LFT,MCO,LFT,2,0,2,0,7.843106498e-06,5877,28.42939949,-81.30899811,30.20529938,-91.98760223
labeled_all,255001,45000,MCO-MDT,MCO,MDT,2,0,2,0,7.843106498e-06,5878,28.42939949,-81.30899811,40.19350052,-76.76339722
labeled_all,255001,45000,MDT-BNA,MDT,BNA,2,2,0,1,7.843106498e-06,5879,40.19350052,-76.76339722,36.12450027,-86.67819977
labeled_all,255001,45000,MDT-DEN,MDT,DEN,2,1,1,0.5,7.843106498e-06,5880,40.19350052,-76.76339722,39.86169815,-104.6729965
labeled_all,255001,45000,MDT-DFW,MDT,DFW,2,0,2,0,7.843106498e-06,5881,40.19350052,-76.76339722,32.89680099,-97.03800201
labeled_all,255001,45000,MEM-AUS,MEM,AUS,2,1,1,0.5,7.843106498e-06,5882,35.04240036,-89.97669983,30.19449997,-97.66989899
labeled_all,255001,45000,MEM-FLL,MEM,FLL,2,1,1,0.5,7.843106498e-06,5883,35.04240036,-89.97669983,26.07259941,-80.15270233
labeled_all,255001,45000,MFR-AZA,MFR,AZA,2,1,1,0.5,7.843106498e-06,5884,42.37419891,-122.8730011,33.30780029,-111.6549988
labeled_all,255001,45000,MIA-OMA,MIA,OMA,2,0,2,0,7.843106498e-06,5885,25.79319954,-80.29060364,41.30319977,-95.89409637
labeled_all,255001,45000,MKE-AUS,MKE,AUS,2,0,2,0,7.843106498e-06,5886,42.94720078,-87.89659882,30.19449997,-97.66989899
labeled_all,255001,45000,MKE-SAN,MKE,SAN,2,0,2,0,7.843106498e-06,5887,42.94720078,-87.89659882,32.73360062,-117.1900024
labeled_all,255001,45000,MKK-OGG,MKK,OGG,2,0,2,0,7.843106498e-06,5888,21.1529007,-157.095993,20.89859962,-156.4299927
labeled_all,255001,45000,MSN-MCO,MSN,MCO,2,1,1,0.5,7.843106498e-06,5889,43.13990021,-89.33750153,28.42939949,-81.30899811
labeled_all,255001,45000,MSN-PHX,MSN,PHX,2,0,2,0,7.843106498e-06,5890,43.13990021,-89.33750153,33.43429947,-112.012001
labeled_all,255001,45000,MSP-BMI,MSP,BMI,2,1,1,0.5,7.843106498e-06,5891,44.88199997,-93.22180176,40.47710037,-88.91590118
labeled_all,255001,45000,MSP-COS,MSP,COS,2,1,1,0.5,7.843106498e-06,5892,44.88199997,-93.22180176,38.80580139,-104.7009964
labeled_all,255001,45000,MSP-SAV,MSP,SAV,2,0,2,0,7.843106498e-06,5893,44.88199997,-93.22180176,32.12760162,-81.20210266
labeled_all,255001,45000,MSY-ISP,MSY,ISP,2,0,2,0,7.843106498e-06,5894,29.99340057,-90.25800323,40.79520035,-73.10019684
labeled_all,255001,45000,MSY-SDF,MSY,SDF,2,1,1,0.5,7.843106498e-06,5895,29.99340057,-90.25800323,38.17440033,-85.73600006
labeled_all,255001,45000,MSY-SFB,MSY,SFB,2,0,2,0,7.843106498e-06,5896,29.99340057,-90.25800323,28.77759933,-81.23750305
labeled_all,255001,45000,MTJ-EWR,MTJ,EWR,2,0,2,0,7.843106498e-06,5897,38.50979996,-107.8939972,40.69250107,-74.16870117
labeled_all,255001,45000,MTJ-LAX,MTJ,LAX,2,0,2,0,7.843106498e-06,5898,38.50979996,-107.8939972,33.94250107,-118.4079971
labeled_all,255001,45000,MYR-BLV,MYR,BLV,2,1,1,0.5,7.843106498e-06,5899,33.67969894,-78.92829895,38.54520035,-89.83519745
labeled_all,255001,45000,MYR-CKB,MYR,CKB,2,0,2,0,7.843106498e-06,5900,33.67969894,-78.92829895,39.29660034,-80.22810364
labeled_all,255001,45000,MYR-DAY,MYR,DAY,2,0,2,0,7.843106498e-06,5901,33.67969894,-78.92829895,39.90240097,-84.2193985
labeled_all,255001,45000,MYR-DEN,MYR,DEN,2,0,2,0,7.843106498e-06,5902,33.67969894,-78.92829895,39.86169815,-104.6729965
labeled_all,255001,45000,MYR-FWA,MYR,FWA,2,0,2,0,7.843106498e-06,5903,33.67969894,-78.92829895,40.97850037,-85.19509888
labeled_all,255001,45000,MYR-HTS,MYR,HTS,2,0,2,0,7.843106498e-06,5904,33.67969894,-78.92829895,38.36669922,-82.55799866
labeled_all,255001,45000,MYR-MDT,MYR,MDT,2,0,2,0,7.843106498e-06,5905,33.67969894,-78.92829895,40.19350052,-76.76339722
labeled_all,255001,45000,OAK-FCA,OAK,FCA,2,1,1,0.5,7.843106498e-06,5906,37.72129822,-122.2210007,48.3105011,-114.2559967
labeled_all,255001,45000,OAK-MEM,OAK,MEM,2,0,2,0,7.843106498e-06,5907,37.72129822,-122.2210007,35.04240036,-89.97669983
labeled_all,255001,45000,OGG-SLC,OGG,SLC,2,1,1,0.5,7.843106498e-06,5908,20.89859962,-156.4299927,40.78839874,-111.9779968
labeled_all,255001,45000,OGS-PIE,OGS,PIE,2,1,1,0.5,7.843106498e-06,5909,44.68190002,-75.46549988,27.91020012,-82.68740082
labeled_all,255001,45000,OGS-SFB,OGS,SFB,2,2,0,1,7.843106498e-06,5910,44.68190002,-75.46549988,28.77759933,-81.23750305
labeled_all,255001,45000,OKC-SFB,OKC,SFB,2,1,1,0.5,7.843106498e-06,5911,35.39310074,-97.60070038,28.77759933,-81.23750305
labeled_all,255001,45000,OKC-VPS,OKC,VPS,2,0,2,0,7.843106498e-06,5912,35.39310074,-97.60070038,30.48320007,-86.52539825
labeled_all,255001,45000,OMA-PGD,OMA,PGD,2,0,2,0,7.843106498e-06,5913,41.30319977,-95.89409637,26.92020035,-81.9905014
labeled_all,255001,45000,OMA-SAT,OMA,SAT,2,0,2,0,7.843106498e-06,5914,41.30319977,-95.89409637,29.53370094,-98.46980286
labeled_all,255001,45000,ORD-BFM,ORD,BFM,2,0,2,0,7.843106498e-06,5915,41.97859955,-87.90480042,30.62680054,-88.06809998
labeled_all,255001,45000,ORD-BKG,ORD,BKG,2,0,2,0,7.843106498e-06,5916,41.97859955,-87.90480042,36.532082,-93.200544
labeled_all,255001,45000,ORD-EUG,ORD,EUG,2,0,2,0,7.843106498e-06,5917,41.97859955,-87.90480042,44.12459946,-123.211998
labeled_all,255001,45000,ORD-HHH,ORD,HHH,2,0,2,0,7.843106498e-06,5918,41.97859955,-87.90480042,32.22439957,-80.69750214
labeled_all,255001,45000,ORD-HRL,ORD,HRL,2,0,2,0,7.843106498e-06,5919,41.97859955,-87.90480042,26.22850037,-97.65440369
labeled_all,255001,45000,ORD-OGG,ORD,OGG,2,0,2,0,7.843106498e-06,5920,41.97859955,-87.90480042,20.89859962,-156.4299927
labeled_all,255001,45000,ORD-RDM,ORD,RDM,2,0,2,0,7.843106498e-06,5921,41.97859955,-87.90480042,44.2541008,-121.1500015
labeled_all,255001,45000,ORD-VPS,ORD,VPS,2,1,1,0.5,7.843106498e-06,5922,41.97859955,-87.90480042,30.48320007,-86.52539825
labeled_all,255001,45000,ORF-JAX,ORF,JAX,2,0,2,0,7.843106498e-06,5923,36.89459991,-76.20120239,30.49410057,-81.68789673
labeled_all,255001,45000,ORF-PHX,ORF,PHX,2,1,1,0.5,7.843106498e-06,5924,36.89459991,-76.20120239,33.43429947,-112.012001
labeled_all,255001,45000,PBI-PVD,PBI,PVD,2,0,2,0,7.843106498e-06,5925,26.68320084,-80.09559631,41.73260117,-71.42040253
labeled_all,255001,45000,PGD-ATW,PGD,ATW,2,0,2,0,7.843106498e-06,5926,26.92020035,-81.9905014,44.2580986,-88.51909637
labeled_all,255001,45000,PGD-LEX,PGD,LEX,2,0,2,0,7.843106498e-06,5927,26.92020035,-81.9905014,38.03649902,-84.60590363
labeled_all,255001,45000,PGD-MLI,PGD,MLI,2,0,2,0,7.843106498e-06,5928,26.92020035,-81.9905014,41.44850159,-90.50749969
labeled_all,255001,45000,PGD-OMA,PGD,OMA,2,1,1,0.5,7.843106498e-06,5929,26.92020035,-81.9905014,41.30319977,-95.89409637
labeled_all,255001,45000,PGD-RFD,PGD,RFD,2,0,2,0,7.843106498e-06,5930,26.92020035,-81.9905014,42.19540024,-89.09719849
labeled_all,255001,45000,PGD-ROC,PGD,ROC,2,0,2,0,7.843106498e-06,5931,26.92020035,-81.9905014,43.1189003,-77.67240143
labeled_all,255001,45000,PGD-TTN,PGD,TTN,2,0,2,0,7.843106498e-06,5932,26.92020035,-81.9905014,40.27669907,-74.81349945
labeled_all,255001,45000,PHL-STT,PHL,STT,2,1,1,0.5,7.843106498e-06,5933,39.87189865,-75.2410965,18.33729935,-64.9733963
labeled_all,255001,45000,PHL-XNA,PHL,XNA,2,0,2,0,7.843106498e-06,5934,39.87189865,-75.2410965,36.2818985,-94.30680084
labeled_all,255001,45000,PHX-MSN,PHX,MSN,2,0,2,0,7.843106498e-06,5935,33.43429947,-112.012001,43.13990021,-89.33750153
labeled_all,255001,45000,PHX-RSW,PHX,RSW,2,0,2,0,7.843106498e-06,5936,33.43429947,-112.012001,26.53619957,-81.75520325
labeled_all,255001,45000,PIA-PGD,PIA,PGD,2,0,2,0,7.843106498e-06,5937,40.66419983,-89.69329834,26.92020035,-81.9905014
labeled_all,255001,45000,PIA-SFB,PIA,SFB,2,0,2,0,7.843106498e-06,5938,40.66419983,-89.69329834,28.77759933,-81.23750305
labeled_all,255001,45000,PIE-BNA,PIE,BNA,2,0,2,0,7.843106498e-06,5939,27.91020012,-82.68740082,36.12450027,-86.67819977
labeled_all,255001,45000,PIE-MCI,PIE,MCI,2,1,1,0.5,7.843106498e-06,5940,27.91020012,-82.68740082,39.29759979,-94.71389771
labeled_all,255001,45000,PIE-MEM,PIE,MEM,2,0,2,0,7.843106498e-06,5941,27.91020012,-82.68740082,35.04240036,-89.97669983
labeled_all,255001,45000,PIE-MKE,PIE,MKE,2,0,2,0,7.843106498e-06,5942,27.91020012,-82.68740082,42.94720078,-87.89659882
labeled_all,255001,45000,PNS-STL,PNS,STL,2,0,2,0,7.843106498e-06,5943,30.47340012,-87.18659973,38.74869919,-90.37000275
labeled_all,255001,45000,PPG-HNL,PPG,HNL,2,1,1,0.5,7.843106498e-06,5944,-14.33100033,-170.7100067,21.31870079,-157.9219971
labeled_all,255001,45000,PRC-LAX,PRC,LAX,2,1,1,0.5,7.843106498e-06,5945,34.65449905,-112.4199982,33.94250107,-118.4079971
labeled_all,255001,45000,PSC-LAX,PSC,LAX,2,1,1,0.5,7.843106498e-06,5946,46.26470184,-119.1190033,33.94250107,-118.4079971
labeled_all,255001,45000,PSP-ATL,PSP,ATL,2,1,1,0.5,7.843106498e-06,5947,33.82970047,-116.5070038,33.63669968,-84.42810059
labeled_all,255001,45000,PSP-BOS,PSP,BOS,2,0,2,0,7.843106498e-06,5948,33.82970047,-116.5070038,42.36429977,-71.00520325
labeled_all,255001,45000,PSP-MSP,PSP,MSP,2,0,2,0,7.843106498e-06,5949,33.82970047,-116.5070038,44.88199997,-93.22180176
labeled_all,255001,45000,PSP-PAE,PSP,PAE,2,1,1,0.5,7.843106498e-06,5950,33.82970047,-116.5070038,47.90629959,-122.2819977
labeled_all,255001,45000,PVD-DEN,PVD,DEN,2,0,2,0,7.843106498e-06,5951,41.73260117,-71.42040253,39.86169815,-104.6729965
labeled_all,255001,45000,PVD-MYR,PVD,MYR,2,1,1,0.5,7.843106498e-06,5952,41.73260117,-71.42040253,33.67969894,-78.92829895
labeled_all,255001,45000,PVD-PIE,PVD,PIE,2,1,1,0.5,7.843106498e-06,5953,41.73260117,-71.42040253,27.91020012,-82.68740082
labeled_all,255001,45000,PVU-LAX,PVU,LAX,2,1,1,0.5,7.843106498e-06,5954,40.21920013,-111.7229996,33.94250107,-118.4079971
labeled_all,255001,45000,PVU-TUS,PVU,TUS,2,0,2,0,7.843106498e-06,5955,40.21920013,-111.7229996,32.11610031,-110.9410019
labeled_all,255001,45000,PWM-DEN,PWM,DEN,2,0,2,0,7.843106498e-06,5956,43.64619827,-70.30930328,39.86169815,-104.6729965
labeled_all,255001,45000,PWM-RSW,PWM,RSW,2,0,2,0,7.843106498e-06,5957,43.64619827,-70.30930328,26.53619957,-81.75520325
labeled_all,255001,45000,RAP-CLT,RAP,CLT,2,1,1,0.5,7.843106498e-06,5958,44.04529953,-103.0569992,35.2140007,-80.94309998
labeled_all,255001,45000,RDU-BUF,RDU,BUF,2,1,1,0.5,7.843106498e-06,5959,35.87760162,-78.78749847,42.94049835,-78.73220062
labeled_all,255001,45000,RDU-PWM,RDU,PWM,2,0,2,0,7.843106498e-06,5960,35.87760162,-78.78749847,43.64619827,-70.30930328
labeled_all,255001,45000,RDU-SYR,RDU,SYR,2,0,2,0,7.843106498e-06,5961,35.87760162,-78.78749847,43.11119843,-76.10630035
labeled_all,255001,45000,ROP-GUM,ROP,GUM,2,0,2,0,7.843106498e-06,5962,14.17430019,145.2429962,13.48340034,144.7960052
labeled_all,255001,45000,ROP-SPN,ROP,SPN,2,0,2,0,7.843106498e-06,5963,14.17430019,145.2429962,15.11900043,145.7290039
labeled_all,255001,45000,RSW-ALB,RSW,ALB,2,0,2,0,7.843106498e-06,5964,26.53619957,-81.75520325,42.74829864,-73.80169678
labeled_all,255001,45000,RSW-DAL,RSW,DAL,2,1,1,0.5,7.843106498e-06,5965,26.53619957,-81.75520325,32.8470993,-96.85179901
labeled_all,255001,45000,RSW-LAS,RSW,LAS,2,0,2,0,7.843106498e-06,5966,26.53619957,-81.75520325,36.08010101,-115.1520004
labeled_all,255001,45000,SAN-CLE,SAN,CLE,2,0,2,0,7.843106498e-06,5967,32.73360062,-117.1900024,41.4117012,-81.84980011
labeled_all,255001,45000,SAN-CVG,SAN,CVG,2,0,2,0,7.843106498e-06,5968,32.73360062,-117.1900024,39.04880142,-84.6678009
labeled_all,255001,45000,SAN-MMH,SAN,MMH,2,0,2,0,7.843106498e-06,5969,32.73360062,-117.1900024,37.62409973,-118.8379974
labeled_all,255001,45000,SAT-SFB,SAT,SFB,2,0,2,0,7.843106498e-06,5970,29.53370094,-98.46980286,28.77759933,-81.23750305
labeled_all,255001,45000,SAT-SJC,SAT,SJC,2,1,1,0.5,7.843106498e-06,5971,29.53370094,-98.46980286,37.36259842,-121.9290009
labeled_all,255001,45000,SAV-BNA,SAV,BNA,2,0,2,0,7.843106498e-06,5972,32.12760162,-81.20210266,36.12450027,-86.67819977
labeled_all,255001,45000,SAV-MSP,SAV,MSP,2,1,1,0.5,7.843106498e-06,5973,32.12760162,-81.20210266,44.88199997,-93.22180176
labeled_all,255001,45000,SAV-SDF,SAV,SDF,2,0,2,0,7.843106498e-06,5974,32.12760162,-81.20210266,38.17440033,-85.73600006
labeled_all,255001,45000,SBN-SRQ,SBN,SRQ,2,0,2,0,7.843106498e-06,5975,41.70869827,-86.31729889,27.39539909,-82.55439758
labeled_all,255001,45000,SDF-MSY,SDF,MSY,2,1,1,0.5,7.843106498e-06,5976,38.17440033,-85.73600006,29.99340057,-90.25800323
labeled_all,255001,45000,SEA-HDN,SEA,HDN,2,0,2,0,7.843106498e-06,5977,47.44900131,-122.3089981,40.48120117,-107.2180023
labeled_all,255001,45000,SEA-HOU,SEA,HOU,2,0,2,0,7.843106498e-06,5978,47.44900131,-122.3089981,29.64539909,-95.27890015
labeled_all,255001,45000,SEA-SIT,SEA,SIT,2,0,2,0,7.843106498e-06,5979,47.44900131,-122.3089981,57.04710007,-135.3619995
labeled_all,255001,45000,SFB-AUS,SFB,AUS,2,0,2,0,7.843106498e-06,5980,28.77759933,-81.23750305,30.19449997,-97.66989899
labeled_all,255001,45000,SFB-BIS,SFB,BIS,2,0,2,0,7.843106498e-06,5981,28.77759933,-81.23750305,46.77270126,-100.7460022
labeled_all,255001,45000,SFB-BLV,SFB,BLV,2,1,1,0.5,7.843106498e-06,5982,28.77759933,-81.23750305,38.54520035,-89.83519745
labeled_all,255001,45000,SFB-BNA,SFB,BNA,2,0,2,0,7.843106498e-06,5983,28.77759933,-81.23750305,36.12450027,-86.67819977
labeled_all,255001,45000,SFB-DAY,SFB,DAY,2,0,2,0,7.843106498e-06,5984,28.77759933,-81.23750305,39.90240097,-84.2193985
labeled_all,255001,45000,SFB-FAR,SFB,FAR,2,1,1,0.5,7.843106498e-06,5985,28.77759933,-81.23750305,46.92070007,-96.81580353
labeled_all,255001,45000,SFB-RIC,SFB,RIC,2,1,1,0.5,7.843106498e-06,5986,28.77759933,-81.23750305,37.50519943,-77.31970215
labeled_all,255001,45000,SFB-ROC,SFB,ROC,2,0,2,0,7.843106498e-06,5987,28.77759933,-81.23750305,43.1189003,-77.67240143
labeled_all,255001,45000,SFO-DSM,SFO,DSM,2,1,1,0.5,7.843106498e-06,5988,37.61899948,-122.375,41.5340004,-93.6631012
labeled_all,255001,45000,SFO-MKE,SFO,MKE,2,1,1,0.5,7.843106498e-06,5989,37.61899948,-122.375,42.94720078,-87.89659882
labeled_all,255001,45000,SGF-LAS,SGF,LAS,2,0,2,0,7.843106498e-06,5990,37.24570084,-93.38860321,36.08010101,-115.1520004
labeled_all,255001,45000,SGF-LAX,SGF,LAX,2,1,1,0.5,7.843106498e-06,5991,37.24570084,-93.38860321,33.94250107,-118.4079971
labeled_all,255001,45000,SGF-VPS,SGF,VPS,2,0,2,0,7.843106498e-06,5992,37.24570084,-93.38860321,30.48320007,-86.52539825
labeled_all,255001,45000,SGU-DFW,SGU,DFW,2,0,2,0,7.843106498e-06,5993,37.03638889,-113.5103056,32.89680099,-97.03800201
labeled_all,255001,45000,SJC-ELP,SJC,ELP,2,0,2,0,7.843106498e-06,5994,37.36259842,-121.9290009,31.80719948,-106.3779984
labeled_all,255001,45000,SJC-TUL,SJC,TUL,2,0,2,0,7.843106498e-06,5995,37.36259842,-121.9290009,36.19839859,-95.88809967
labeled_all,255001,45000,SJU-ISP,SJU,ISP,2,1,1,0.5,7.843106498e-06,5996,18.43939972,-66.00180054,40.79520035,-73.10019684
labeled_all,255001,45000,SLC-RSW,SLC,RSW,2,0,2,0,7.843106498e-06,5997,40.78839874,-111.9779968,26.53619957,-81.75520325
labeled_all,255001,45000,SMF-DTW,SMF,DTW,2,0,2,0,7.843106498e-06,5998,38.69540024,-121.5910034,42.21239853,-83.35340118
labeled_all,255001,45000,SRQ-DFW,SRQ,DFW,2,0,2,0,7.843106498e-06,5999,27.39539909,-82.55439758,32.89680099,-97.03800201
labeled_all,255001,45000,SRQ-DTW,SRQ,DTW,2,0,2,0,7.843106498e-06,6000,27.39539909,-82.55439758,42.21239853,-83.35340118
labeled_all,255001,45000,SRQ-PIT,SRQ,PIT,2,0,2,0,7.843106498e-06,6001,27.39539909,-82.55439758,40.49150085,-80.23290253
labeled_all,255001,45000,STL-JAX,STL,JAX,2,0,2,0,7.843106498e-06,6002,38.74869919,-90.37000275,30.49410057,-81.68789673
labeled_all,255001,45000,STL-PBI,STL,PBI,2,0,2,0,7.843106498e-06,6003,38.74869919,-90.37000275,26.68320084,-80.09559631
labeled_all,255001,45000,STX-FLL,STX,FLL,2,0,2,0,7.843106498e-06,6004,17.70190048,-64.79859924,26.07259941,-80.15270233
labeled_all,255001,45000,SUN-ORD,SUN,ORD,2,2,0,1,7.843106498e-06,6005,43.50439835,-114.2959976,41.97859955,-87.90480042
labeled_all,255001,45000,TPA-CAK,TPA,CAK,2,0,2,0,7.843106498e-06,6006,27.97550011,-82.53320312,40.91609955,-81.44219971
labeled_all,255001,45000,TPA-PWM,TPA,PWM,2,0,2,0,7.843106498e-06,6007,27.97550011,-82.53320312,43.64619827,-70.30930328
labeled_all,255001,45000,TUL-SAN,TUL,SAN,2,0,2,0,7.843106498e-06,6008,36.19839859,-95.88809967,32.73360062,-117.1900024
labeled_all,255001,45000,TUL-SAT,TUL,SAT,2,0,2,0,7.843106498e-06,6009,36.19839859,-95.88809967,29.53370094,-98.46980286
labeled_all,255001,45000,TUL-SFB,TUL,SFB,2,1,1,0.5,7.843106498e-06,6010,36.19839859,-95.88809967,28.77759933,-81.23750305
labeled_all,255001,45000,TVC-ATL,TVC,ATL,2,0,2,0,7.843106498e-06,6011,44.74140167,-85.5821991,33.63669968,-84.42810059
labeled_all,255001,45000,USA-MSY,USA,MSY,2,0,2,0,7.843106498e-06,6012,35.38779831,-80.70909882,29.99340057,-90.25800323
labeled_all,255001,45000,USA-PGD,USA,PGD,2,0,2,0,7.843106498e-06,6013,35.38779831,-80.70909882,26.92020035,-81.9905014
labeled_all,255001,45000,VPS-BWI,VPS,BWI,2,1,1,0.5,7.843106498e-06,6014,30.48320007,-86.52539825,39.17539978,-76.66829681
labeled_all,255001,45000,VPS-TYS,VPS,TYS,2,1,1,0.5,7.843106498e-06,6015,30.48320007,-86.52539825,35.81100082,-83.9940033
labeled_all,255001,45000,XNA-CVG,XNA,CVG,2,0,2,0,7.843106498e-06,6016,36.2818985,-94.30680084,39.04880142,-84.6678009
labeled_all,255001,45000,XNA-VPS,XNA,VPS,2,0,2,0,7.843106498e-06,6017,36.2818985,-94.30680084,30.48320007,-86.52539825
labeled_all,255001,45000,XWA-MSP,XWA,MSP,2,1,1,0.5,7.843106498e-06,6018,48.259722,-103.750556,44.88199997,-93.22180176
labeled_all,255001,45000,YUM-DFW,YUM,DFW,2,0,2,0,7.843106498e-06,6019,32.65660095,-114.6060028,32.89680099,-97.03800201
labeled_all,255001,45000,ABE-FLL,ABE,FLL,1,1,0,1,3.921553249e-06,6020,40.65209961,-75.44080353,26.07259941,-80.15270233
labeled_all,255001,45000,ABQ-SAT,ABQ,SAT,1,0,1,0,3.921553249e-06,6021,35.04019928,-106.6090012,29.53370094,-98.46980286
labeled_all,255001,45000,ACK-CLT,ACK,CLT,1,1,0,1,3.921553249e-06,6022,41.25310135,-70.06020355,35.2140007,-80.94309998
labeled_all,255001,45000,ACK-HPN,ACK,HPN,1,1,0,1,3.921553249e-06,6023,41.25310135,-70.06020355,41.06700134,-73.70760345
labeled_all,255001,45000,ADK-ANC,ADK,ANC,1,0,1,0,3.921553249e-06,6024,51.87799835,-176.6459961,61.17440033,-149.9960022
labeled_all,255001,45000,AKN-ANC,AKN,ANC,1,0,1,0,3.921553249e-06,6025,58.67679977,-156.6490021,61.17440033,-149.9960022
labeled_all,255001,45000,ALB-MYR,ALB,MYR,1,0,1,0,3.921553249e-06,6026,42.74829864,-73.80169678,33.67969894,-78.92829895
labeled_all,255001,45000,ALB-SFB,ALB,SFB,1,0,1,0,3.921553249e-06,6027,42.74829864,-73.80169678,28.77759933,-81.23750305
labeled_all,255001,45000,ANC-BLI,ANC,BLI,1,0,1,0,3.921553249e-06,6028,61.17440033,-149.9960022,48.7928009,-122.538002
labeled_all,255001,45000,ANC-EWR,ANC,EWR,1,0,1,0,3.921553249e-06,6029,61.17440033,-149.9960022,40.69250107,-74.16870117
labeled_all,255001,45000,ANC-IAH,ANC,IAH,1,0,1,0,3.921553249e-06,6030,61.17440033,-149.9960022,29.9843998,-95.34140015
labeled_all,255001,45000,ANC-KOA,ANC,KOA,1,0,1,0,3.921553249e-06,6031,61.17440033,-149.9960022,19.73880005,-156.0460052
labeled_all,255001,45000,ASE-MSP,ASE,MSP,1,0,1,0,3.921553249e-06,6032,39.22320175,-106.8690033,44.88199997,-93.22180176
labeled_all,255001,45000,ATL-FAR,ATL,FAR,1,0,1,0,3.921553249e-06,6033,33.63669968,-84.42810059,46.92070007,-96.81580353
labeled_all,255001,45000,ATL-ISP,ATL,ISP,1,0,1,0,3.921553249e-06,6034,33.63669968,-84.42810059,40.79520035,-73.10019684
labeled_all,255001,45000,ATL-STX,ATL,STX,1,0,1,0,3.921553249e-06,6035,33.63669968,-84.42810059,17.70190048,-64.79859924
labeled_all,255001,45000,ATY-ORD,ATY,ORD,1,1,0,1,3.921553249e-06,6036,44.91400146,-97.15470123,41.97859955,-87.90480042
labeled_all,255001,45000,AUS-CHS,AUS,CHS,1,0,1,0,3.921553249e-06,6037,30.19449997,-97.66989899,32.89860153,-80.04049683
labeled_all,255001,45000,AUS-MKE,AUS,MKE,1,1,0,1,3.921553249e-06,6038,30.19449997,-97.66989899,42.94720078,-87.89659882
labeled_all,255001,45000,AUS-OMA,AUS,OMA,1,0,1,0,3.921553249e-06,6039,30.19449997,-97.66989899,41.30319977,-95.89409637
labeled_all,255001,45000,AUS-SNA,AUS,SNA,1,1,0,1,3.921553249e-06,6040,30.19449997,-97.66989899,33.67570114,-117.8679962
labeled_all,255001,45000,AVL-DEN,AVL,DEN,1,0,1,0,3.921553249e-06,6041,35.43619919,-82.54180145,39.86169815,-104.6729965
labeled_all,255001,45000,AVL-DTW,AVL,DTW,1,0,1,0,3.921553249e-06,6042,35.43619919,-82.54180145,42.21239853,-83.35340118
labeled_all,255001,45000,AVL-SRQ,AVL,SRQ,1,0,1,0,3.921553249e-06,6043,35.43619919,-82.54180145,27.39539909,-82.55439758
labeled_all,255001,45000,AVL-TPA,AVL,TPA,1,0,1,0,3.921553249e-06,6044,35.43619919,-82.54180145,27.97550011,-82.53320312
labeled_all,255001,45000,AZA-BLV,AZA,BLV,1,1,0,1,3.921553249e-06,6045,33.30780029,-111.6549988,38.54520035,-89.83519745
labeled_all,255001,45000,AZA-GJT,AZA,GJT,1,1,0,1,3.921553249e-06,6046,33.30780029,-111.6549988,39.12239838,-108.5270004
labeled_all,255001,45000,AZA-ICT,AZA,ICT,1,0,1,0,3.921553249e-06,6047,33.30780029,-111.6549988,37.64989853,-97.43309784
labeled_all,255001,45000,AZA-IDA,AZA,IDA,1,0,1,0,3.921553249e-06,6048,33.30780029,-111.6549988,43.51459885,-112.0709991
labeled_all,255001,45000,AZA-MKE,AZA,MKE,1,0,1,0,3.921553249e-06,6049,33.30780029,-111.6549988,42.94720078,-87.89659882
labeled_all,255001,45000,AZA-RDM,AZA,RDM,1,1,0,1,3.921553249e-06,6050,33.30780029,-111.6549988,44.2541008,-121.1500015
labeled_all,255001,45000,AZA-SGU,AZA,SGU,1,0,1,0,3.921553249e-06,6051,33.30780029,-111.6549988,37.03638889,-113.5103056
labeled_all,255001,45000,AZA-TVC,AZA,TVC,1,0,1,0,3.921553249e-06,6052,33.30780029,-111.6549988,44.74140167,-85.5821991
labeled_all,255001,45000,BFM-DEN,BFM,DEN,1,0,1,0,3.921553249e-06,6053,30.62680054,-88.06809998,39.86169815,-104.6729965
labeled_all,255001,45000,BFM-ORD,BFM,ORD,1,0,1,0,3.921553249e-06,6054,30.62680054,-88.06809998,41.97859955,-87.90480042
labeled_all,255001,45000,BLI-DEN,BLI,DEN,1,0,1,0,3.921553249e-06,6055,48.7928009,-122.538002,39.86169815,-104.6729965
labeled_all,255001,45000,BLI-KOA,BLI,KOA,1,0,1,0,3.921553249e-06,6056,48.7928009,-122.538002,19.73880005,-156.0460052
labeled_all,255001,45000,BLV-FLL,BLV,FLL,1,0,1,0,3.921553249e-06,6057,38.54520035,-89.83519745,26.07259941,-80.15270233
labeled_all,255001,45000,BLV-JAX,BLV,JAX,1,0,1,0,3.921553249e-06,6058,38.54520035,-89.83519745,30.49410057,-81.68789673
labeled_all,255001,45000,BLV-MYR,BLV,MYR,1,0,1,0,3.921553249e-06,6059,38.54520035,-89.83519745,33.67969894,-78.92829895
labeled_all,255001,45000,BLV-SRQ,BLV,SRQ,1,0,1,0,3.921553249e-06,6060,38.54520035,-89.83519745,27.39539909,-82.55439758
labeled_all,255001,45000,BMI-DEN,BMI,DEN,1,0,1,0,3.921553249e-06,6061,40.47710037,-88.91590118,39.86169815,-104.6729965
labeled_all,255001,45000,BNA-ABE,BNA,ABE,1,0,1,0,3.921553249e-06,6062,36.12450027,-86.67819977,40.65209961,-75.44080353
labeled_all,255001,45000,BNA-BUR,BNA,BUR,1,0,1,0,3.921553249e-06,6063,36.12450027,-86.67819977,34.20069885,-118.3590012
labeled_all,255001,45000,BNA-CID,BNA,CID,1,0,1,0,3.921553249e-06,6064,36.12450027,-86.67819977,41.88470078,-91.71080017
labeled_all,255001,45000,BNA-CVG,BNA,CVG,1,0,1,0,3.921553249e-06,6065,36.12450027,-86.67819977,39.04880142,-84.6678009
labeled_all,255001,45000,BNA-GRR,BNA,GRR,1,0,1,0,3.921553249e-06,6066,36.12450027,-86.67819977,42.88079834,-85.52279663
labeled_all,255001,45000,BNA-PIE,BNA,PIE,1,0,1,0,3.921553249e-06,6067,36.12450027,-86.67819977,27.91020012,-82.68740082
labeled_all,255001,45000,BNA-SAV,BNA,SAV,1,0,1,0,3.921553249e-06,6068,36.12450027,-86.67819977,32.12760162,-81.20210266
labeled_all,255001,45000,BNA-SMF,BNA,SMF,1,0,1,0,3.921553249e-06,6069,36.12450027,-86.67819977,38.69540024,-121.5910034
labeled_all,255001,45000,BNA-SRQ,BNA,SRQ,1,0,1,0,3.921553249e-06,6070,36.12450027,-86.67819977,27.39539909,-82.55439758
labeled_all,255001,45000,BOI-DAL,BOI,DAL,1,0,1,0,3.921553249e-06,6071,43.56439972,-116.2229996,32.8470993,-96.85179901
labeled_all,255001,45000,BOS-OAK,BOS,OAK,1,1,0,1,3.921553249e-06,6072,42.36429977,-71.00520325,37.72129822,-122.2210007
labeled_all,255001,45000,BOS-PSP,BOS,PSP,1,0,1,0,3.921553249e-06,6073,42.36429977,-71.00520325,33.82970047,-116.5070038
labeled_all,255001,45000,BTR-DCA,BTR,DCA,1,0,1,0,3.921553249e-06,6074,30.53319931,-91.14959717,38.85210037,-77.03769684
labeled_all,255001,45000,BTV-DEN,BTV,DEN,1,0,1,0,3.921553249e-06,6075,44.47190094,-73.15329742,39.86169815,-104.6729965
labeled_all,255001,45000,BUF-AUS,BUF,AUS,1,0,1,0,3.921553249e-06,6076,42.94049835,-78.73220062,30.19449997,-97.66989899
labeled_all,255001,45000,BUF-RDU,BUF,RDU,1,0,1,0,3.921553249e-06,6077,42.94049835,-78.73220062,35.87760162,-78.78749847
labeled_all,255001,45000,BUR-BNA,BUR,BNA,1,0,1,0,3.921553249e-06,6078,34.20069885,-118.3590012,36.12450027,-86.67819977
labeled_all,255001,45000,BWI-SRQ,BWI,SRQ,1,1,0,1,3.921553249e-06,6079,39.17539978,-76.66829681,27.39539909,-82.55439758
labeled_all,255001,45000,BWI-TYS,BWI,TYS,1,1,0,1,3.921553249e-06,6080,39.17539978,-76.66829681,35.81100082,-83.9940033
labeled_all,255001,45000,CID-BNA,CID,BNA,1,0,1,0,3.921553249e-06,6081,41.88470078,-91.71080017,36.12450027,-86.67819977
labeled_all,255001,45000,CID-LAX,CID,LAX,1,0,1,0,3.921553249e-06,6082,41.88470078,-91.71080017,33.94250107,-118.4079971
labeled_all,255001,45000,CID-MCO,CID,MCO,1,1,0,1,3.921553249e-06,6083,41.88470078,-91.71080017,28.42939949,-81.30899811
labeled_all,255001,45000,CLE-CHS,CLE,CHS,1,0,1,0,3.921553249e-06,6084,41.4117012,-81.84980011,32.89860153,-80.04049683
labeled_all,255001,45000,CLE-SAT,CLE,SAT,1,1,0,1,3.921553249e-06,6085,41.4117012,-81.84980011,29.53370094,-98.46980286
labeled_all,255001,45000,CLE-SEA,CLE,SEA,1,0,1,0,3.921553249e-06,6086,41.4117012,-81.84980011,47.44900131,-122.3089981
labeled_all,255001,45000,CLT-HVN,CLT,HVN,1,0,1,0,3.921553249e-06,6087,35.2140007,-80.94309998,41.26369858,-72.88680267
labeled_all,255001,45000,CLT-STX,CLT,STX,1,0,1,0,3.921553249e-06,6088,35.2140007,-80.94309998,17.70190048,-64.79859924
labeled_all,255001,45000,CMH-PBI,CMH,PBI,1,1,0,1,3.921553249e-06,6089,39.9980011,-82.89189911,26.68320084,-80.09559631
labeled_all,255001,45000,CMH-SEA,CMH,SEA,1,0,1,0,3.921553249e-06,6090,39.9980011,-82.89189911,47.44900131,-122.3089981
labeled_all,255001,45000,COS-SAN,COS,SAN,1,1,0,1,3.921553249e-06,6091,38.80580139,-104.7009964,32.73360062,-117.1900024
labeled_all,255001,45000,COS-SEA,COS,SEA,1,0,1,0,3.921553249e-06,6092,38.80580139,-104.7009964,47.44900131,-122.3089981
labeled_all,255001,45000,COS-TPA,COS,TPA,1,0,1,0,3.921553249e-06,6093,38.80580139,-104.7009964,27.97550011,-82.53320312
labeled_all,255001,45000,CRP-DAL,CRP,DAL,1,0,1,0,3.921553249e-06,6094,27.77039909,-97.50119781,32.8470993,-96.85179901
labeled_all,255001,45000,CVG-MKE,CVG,MKE,1,0,1,0,3.921553249e-06,6095,39.04880142,-84.6678009,42.94720078,-87.89659882
labeled_all,255001,45000,CVG-PVD,CVG,PVD,1,0,1,0,3.921553249e-06,6096,39.04880142,-84.6678009,41.73260117,-71.42040253
labeled_all,255001,45000,CVG-SEA,CVG,SEA,1,1,0,1,3.921553249e-06,6097,39.04880142,-84.6678009,47.44900131,-122.3089981
labeled_all,255001,45000,CVG-XNA,CVG,XNA,1,0,1,0,3.921553249e-06,6098,39.04880142,-84.6678009,36.2818985,-94.30680084
labeled_all,255001,45000,DAL-BOI,DAL,BOI,1,0,1,0,3.921553249e-06,6099,32.8470993,-96.85179901,43.56439972,-116.2229996
labeled_all,255001,45000,DAL-HRL,DAL,HRL,1,0,1,0,3.921553249e-06,6100,32.8470993,-96.85179901,26.22850037,-97.65440369
labeled_all,255001,45000,DEN-ACV,DEN,ACV,1,0,1,0,3.921553249e-06,6101,39.86169815,-104.6729965,40.97809982,-124.1090012
labeled_all,255001,45000,DEN-BLI,DEN,BLI,1,1,0,1,3.921553249e-06,6102,39.86169815,-104.6729965,48.7928009,-122.538002
labeled_all,255001,45000,DEN-BTV,DEN,BTV,1,0,1,0,3.921553249e-06,6103,39.86169815,-104.6729965,44.47190094,-73.15329742
labeled_all,255001,45000,DEN-ECP,DEN,ECP,1,0,1,0,3.921553249e-06,6104,39.86169815,-104.6729965,30.3417,-85.7973
labeled_all,255001,45000,DEN-HOB,DEN,HOB,1,0,1,0,3.921553249e-06,6105,39.86169815,-104.6729965,32.6875,-103.2170029
labeled_all,255001,45000,DEN-MMH,DEN,MMH,1,0,1,0,3.921553249e-06,6106,39.86169815,-104.6729965,37.62409973,-118.8379974
labeled_all,255001,45000,DEN-OTH,DEN,OTH,1,0,1,0,3.921553249e-06,6107,39.86169815,-104.6729965,43.417099,-124.2460022
labeled_all,255001,45000,DEN-SAV,DEN,SAV,1,0,1,0,3.921553249e-06,6108,39.86169815,-104.6729965,32.12760162,-81.20210266
labeled_all,255001,45000,DEN-TYR,DEN,TYR,1,0,1,0,3.921553249e-06,6109,39.86169815,-104.6729965,32.35409927,-95.40239716
labeled_all,255001,45000,DFW-BKG,DFW,BKG,1,0,1,0,3.921553249e-06,6110,32.89680099,-97.03800201,36.532082,-93.200544
labeled_all,255001,45000,DFW-GUC,DFW,GUC,1,1,0,1,3.921553249e-06,6111,32.89680099,-97.03800201,38.53390121,-106.9329987
labeled_all,255001,45000,DFW-SGU,DFW,SGU,1,0,1,0,3.921553249e-06,6112,32.89680099,-97.03800201,37.03638889,-113.5103056
labeled_all,255001,45000,DFW-TRI,DFW,TRI,1,0,1,0,3.921553249e-06,6113,32.89680099,-97.03800201,36.47520065,-82.40740204
labeled_all,255001,45000,DTW-BZN,DTW,BZN,1,0,1,0,3.921553249e-06,6114,42.21239853,-83.35340118,45.77750015,-111.1529999
labeled_all,255001,45000,DTW-ORH,DTW,ORH,1,0,1,0,3.921553249e-06,6115,42.21239853,-83.35340118,42.26729965,-71.8757019
labeled_all,255001,45000,EAR-ORD,EAR,ORD,1,0,1,0,3.921553249e-06,6116,40.72700119,-99.00679779,41.97859955,-87.90480042
labeled_all,255001,45000,ECP-AUS,ECP,AUS,1,0,1,0,3.921553249e-06,6117,30.3417,-85.7973,30.19449997,-97.66989899
labeled_all,255001,45000,ECP-DEN,ECP,DEN,1,0,1,0,3.921553249e-06,6118,30.3417,-85.7973,39.86169815,-104.6729965
labeled_all,255001,45000,ECP-MDW,ECP,MDW,1,0,1,0,3.921553249e-06,6119,30.3417,-85.7973,41.7859993,-87.75240326
labeled_all,255001,45000,EGE-EWR,EGE,EWR,1,0,1,0,3.921553249e-06,6120,39.64260101,-106.9179993,40.69250107,-74.16870117
labeled_all,255001,45000,EGE-IAD,EGE,IAD,1,0,1,0,3.921553249e-06,6121,39.64260101,-106.9179993,38.94449997,-77.45580292
labeled_all,255001,45000,EGE-MIA,EGE,MIA,1,0,1,0,3.921553249e-06,6122,39.64260101,-106.9179993,25.79319954,-80.29060364
labeled_all,255001,45000,EGE-PHL,EGE,PHL,1,1,0,1,3.921553249e-06,6123,39.64260101,-106.9179993,39.87189865,-75.2410965
labeled_all,255001,45000,EGE-PHX,EGE,PHX,1,0,1,0,3.921553249e-06,6124,39.64260101,-106.9179993,33.43429947,-112.012001
labeled_all,255001,45000,EGE-SFO,EGE,SFO,1,0,1,0,3.921553249e-06,6125,39.64260101,-106.9179993,37.61899948,-122.375
labeled_all,255001,45000,ELM-ATL,ELM,ATL,1,0,1,0,3.921553249e-06,6126,42.15990067,-76.89160156,33.63669968,-84.42810059
labeled_all,255001,45000,EVV-VPS,EVV,VPS,1,0,1,0,3.921553249e-06,6127,38.03699875,-87.53240204,30.48320007,-86.52539825
labeled_all,255001,45000,EWR-HDN,EWR,HDN,1,0,1,0,3.921553249e-06,6128,40.69250107,-74.16870117,40.48120117,-107.2180023
labeled_all,255001,45000,EWR-MTJ,EWR,MTJ,1,0,1,0,3.921553249e-06,6129,40.69250107,-74.16870117,38.50979996,-107.8939972
labeled_all,255001,45000,EWR-PNS,EWR,PNS,1,1,0,1,3.921553249e-06,6130,40.69250107,-74.16870117,30.47340012,-87.18659973
labeled_all,255001,45000,FAI-DEN,FAI,DEN,1,0,1,0,3.921553249e-06,6131,64.81510162,-147.8560028,39.86169815,-104.6729965
labeled_all,255001,45000,FAI-MSP,FAI,MSP,1,1,0,1,3.921553249e-06,6132,64.81510162,-147.8560028,44.88199997,-93.22180176
labeled_all,255001,45000,FAR-PHX,FAR,PHX,1,1,0,1,3.921553249e-06,6133,46.92070007,-96.81580353,33.43429947,-112.012001
labeled_all,255001,45000,FCA-AZA,FCA,AZA,1,0,1,0,3.921553249e-06,6134,48.3105011,-114.2559967,33.30780029,-111.6549988
labeled_all,255001,45000,FLL-BHM,FLL,BHM,1,0,1,0,3.921553249e-06,6135,26.07259941,-80.15270233,33.56290054,-86.75350189
labeled_all,255001,45000,FLL-BLV,FLL,BLV,1,0,1,0,3.921553249e-06,6136,26.07259941,-80.15270233,38.54520035,-89.83519745
labeled_all,255001,45000,FSD-LAS,FSD,LAS,1,0,1,0,3.921553249e-06,6137,43.58200073,-96.74189758,36.08010101,-115.1520004
labeled_all,255001,45000,FWA-MYR,FWA,MYR,1,0,1,0,3.921553249e-06,6138,40.97850037,-85.19509888,33.67969894,-78.92829895
labeled_all,255001,45000,GRB-MCO,GRB,MCO,1,1,0,1,3.921553249e-06,6139,44.48509979,-88.12960052,28.42939949,-81.30899811
labeled_all,255001,45000,GRK-ATL,GRK,ATL,1,0,1,0,3.921553249e-06,6140,31.06719971,-97.8289032,33.63669968,-84.42810059
labeled_all,255001,45000,GRR-SRQ,GRR,SRQ,1,1,0,1,3.921553249e-06,6141,42.88079834,-85.52279663,27.39539909,-82.55439758
labeled_all,255001,45000,GSP-MCO,GSP,MCO,1,0,1,0,3.921553249e-06,6142,34.89569855,-82.21890259,28.42939949,-81.30899811
labeled_all,255001,45000,HDN-DFW,HDN,DFW,1,0,1,0,3.921553249e-06,6143,40.48120117,-107.2180023,32.89680099,-97.03800201
labeled_all,255001,45000,HDN-MSP,HDN,MSP,1,0,1,0,3.921553249e-06,6144,40.48120117,-107.2180023,44.88199997,-93.22180176
labeled_all,255001,45000,HHH-DCA,HHH,DCA,1,0,1,0,3.921553249e-06,6145,32.22439957,-80.69750214,38.85210037,-77.03769684
labeled_all,255001,45000,HHH-EWR,HHH,EWR,1,0,1,0,3.921553249e-06,6146,32.22439957,-80.69750214,40.69250107,-74.16870117
labeled_all,255001,45000,HNL-DTW,HNL,DTW,1,0,1,0,3.921553249e-06,6147,21.31870079,-157.9219971,42.21239853,-83.35340118
labeled_all,255001,45000,HOU-SEA,HOU,SEA,1,1,0,1,3.921553249e-06,6148,29.64539909,-95.27890015,47.44900131,-122.3089981
labeled_all,255001,45000,HPN-ACK,HPN,ACK,1,0,1,0,3.921553249e-06,6149,41.06700134,-73.70760345,41.25310135,-70.06020355
labeled_all,255001,45000,HRL-DEN,HRL,DEN,1,1,0,1,3.921553249e-06,6150,26.22850037,-97.65440369,39.86169815,-104.6729965
labeled_all,255001,45000,IAD-EGE,IAD,EGE,1,1,0,1,3.921553249e-06,6151,38.94449997,-77.45580292,39.64260101,-106.9179993
labeled_all,255001,45000,IAD-HDN,IAD,HDN,1,0,1,0,3.921553249e-06,6152,38.94449997,-77.45580292,40.48120117,-107.2180023
labeled_all,255001,45000,IAD-SRQ,IAD,SRQ,1,0,1,0,3.921553249e-06,6153,38.94449997,-77.45580292,27.39539909,-82.55439758
labeled_all,255001,45000,IAD-TUL,IAD,TUL,1,1,0,1,3.921553249e-06,6154,38.94449997,-77.45580292,36.19839859,-95.88809967
labeled_all,255001,45000,IAH-MYR,IAH,MYR,1,0,1,0,3.921553249e-06,6155,29.9843998,-95.34140015,33.67969894,-78.92829895
labeled_all,255001,45000,IAH-RAP,IAH,RAP,1,0,1,0,3.921553249e-06,6156,29.9843998,-95.34140015,44.04529953,-103.0569992
labeled_all,255001,45000,ICT-SFB,ICT,SFB,1,0,1,0,3.921553249e-06,6157,37.64989853,-97.43309784,28.77759933,-81.23750305
labeled_all,255001,45000,IND-AZA,IND,AZA,1,0,1,0,3.921553249e-06,6158,39.71730041,-86.29440308,33.30780029,-111.6549988
labeled_all,255001,45000,ISP-DTW,ISP,DTW,1,0,1,0,3.921553249e-06,6159,40.79520035,-73.10019684,42.21239853,-83.35340118
labeled_all,255001,45000,ISP-MIA,ISP,MIA,1,1,0,1,3.921553249e-06,6160,40.79520035,-73.10019684,25.79319954,-80.29060364
labeled_all,255001,45000,ISP-RDU,ISP,RDU,1,1,0,1,3.921553249e-06,6161,40.79520035,-73.10019684,35.87760162,-78.78749847
labeled_all,255001,45000,JAX-BUF,JAX,BUF,1,1,0,1,3.921553249e-06,6162,30.49410057,-81.68789673,42.94049835,-78.73220062
labeled_all,255001,45000,JAX-CLE,JAX,CLE,1,0,1,0,3.921553249e-06,6163,30.49410057,-81.68789673,41.4117012,-81.84980011
labeled_all,255001,45000,JAX-LCK,JAX,LCK,1,0,1,0,3.921553249e-06,6164,30.49410057,-81.68789673,39.81380081,-82.92780304
labeled_all,255001,45000,JAX-PIT,JAX,PIT,1,1,0,1,3.921553249e-06,6165,30.49410057,-81.68789673,40.49150085,-80.23290253
labeled_all,255001,45000,JAX-RDU,JAX,RDU,1,0,1,0,3.921553249e-06,6166,30.49410057,-81.68789673,35.87760162,-78.78749847
labeled_all,255001,45000,JAX-SDF,JAX,SDF,1,0,1,0,3.921553249e-06,6167,30.49410057,-81.68789673,38.17440033,-85.73600006
labeled_all,255001,45000,JFK-EGE,JFK,EGE,1,0,1,0,3.921553249e-06,6168,40.63980103,-73.77890015,39.64260101,-106.9179993
labeled_all,255001,45000,JHM-OGG,JHM,OGG,1,0,1,0,3.921553249e-06,6169,20.96290016,-156.6730042,20.89859962,-156.4299927
labeled_all,255001,45000,KOA-BLI,KOA,BLI,1,0,1,0,3.921553249e-06,6170,19.73880005,-156.0460052,48.7928009,-122.538002
labeled_all,255001,45000,KOA-DFW,KOA,DFW,1,0,1,0,3.921553249e-06,6171,19.73880005,-156.0460052,32.89680099,-97.03800201
labeled_all,255001,45000,LAS-ALB,LAS,ALB,1,0,1,0,3.921553249e-06,6172,36.08010101,-115.1520004,42.74829864,-73.80169678
labeled_all,255001,45000,LAS-GFK,LAS,GFK,1,0,1,0,3.921553249e-06,6173,36.08010101,-115.1520004,47.94929886,-97.17610168
labeled_all,255001,45000,LAS-ORF,LAS,ORF,1,0,1,0,3.921553249e-06,6174,36.08010101,-115.1520004,36.89459991,-76.20120239
labeled_all,255001,45000,LAX-DRO,LAX,DRO,1,0,1,0,3.921553249e-06,6175,33.94250107,-118.4079971,37.1515007,-107.7539978
labeled_all,255001,45000,LAX-ICT,LAX,ICT,1,0,1,0,3.921553249e-06,6176,33.94250107,-118.4079971,37.64989853,-97.43309784
labeled_all,255001,45000,LAX-MFE,LAX,MFE,1,1,0,1,3.921553249e-06,6177,33.94250107,-118.4079971,26.17580032,-98.23860168
labeled_all,255001,45000,LEX-MYR,LEX,MYR,1,1,0,1,3.921553249e-06,6178,38.03649902,-84.60590363,33.67969894,-78.92829895
labeled_all,255001,45000,LFT-MCO,LFT,MCO,1,0,1,0,3.921553249e-06,6179,30.20529938,-91.98760223,28.42939949,-81.30899811
labeled_all,255001,45000,LGA-AGS,LGA,AGS,1,0,1,0,3.921553249e-06,6180,40.77719879,-73.87259674,33.36989975,-81.96450043
labeled_all,255001,45000,LGA-AVL,LGA,AVL,1,0,1,0,3.921553249e-06,6181,40.77719879,-73.87259674,35.43619919,-82.54180145
labeled_all,255001,45000,LGA-BZN,LGA,BZN,1,0,1,0,3.921553249e-06,6182,40.77719879,-73.87259674,45.77750015,-111.1529999
labeled_all,255001,45000,LGA-DAB,LGA,DAB,1,0,1,0,3.921553249e-06,6183,40.77719879,-73.87259674,29.17989922,-81.05809784
labeled_all,255001,45000,LGA-EGE,LGA,EGE,1,0,1,0,3.921553249e-06,6184,40.77719879,-73.87259674,39.64260101,-106.9179993
labeled_all,255001,45000,LGA-TVC,LGA,TVC,1,0,1,0,3.921553249e-06,6185,40.77719879,-73.87259674,44.74140167,-85.5821991
labeled_all,255001,45000,LIT-VPS,LIT,VPS,1,0,1,0,3.921553249e-06,6186,34.72940063,-92.22429657,30.48320007,-86.52539825
labeled_all,255001,45000,LNY-MKK,LNY,MKK,1,0,1,0,3.921553249e-06,6187,20.78560066,-156.951004,21.1529007,-157.095993
labeled_all,255001,45000,MCI-AZA,MCI,AZA,1,0,1,0,3.921553249e-06,6188,39.29759979,-94.71389771,33.30780029,-111.6549988
labeled_all,255001,45000,MCI-MYR,MCI,MYR,1,0,1,0,3.921553249e-06,6189,39.29759979,-94.71389771,33.67969894,-78.92829895
labeled_all,255001,45000,MCI-SFB,MCI,SFB,1,1,0,1,3.921553249e-06,6190,39.29759979,-94.71389771,28.77759933,-81.23750305
labeled_all,255001,45000,MCO-FNT,MCO,FNT,1,0,1,0,3.921553249e-06,6191,28.42939949,-81.30899811,42.9654007,-83.74359894
labeled_all,255001,45000,MCO-GSP,MCO,GSP,1,0,1,0,3.921553249e-06,6192,28.42939949,-81.30899811,34.89569855,-82.21890259
labeled_all,255001,45000,MCO-LIT,MCO,LIT,1,0,1,0,3.921553249e-06,6193,28.42939949,-81.30899811,34.72940063,-92.22429657
labeled_all,255001,45000,MCO-TUL,MCO,TUL,1,0,1,0,3.921553249e-06,6194,28.42939949,-81.30899811,36.19839859,-95.88809967
labeled_all,255001,45000,MDT-MYR,MDT,MYR,1,0,1,0,3.921553249e-06,6195,40.19350052,-76.76339722,33.67969894,-78.92829895
labeled_all,255001,45000,MDW-ECP,MDW,ECP,1,1,0,1,3.921553249e-06,6196,41.7859993,-87.75240326,30.3417,-85.7973
labeled_all,255001,45000,MDW-GEG,MDW,GEG,1,1,0,1,3.921553249e-06,6197,41.7859993,-87.75240326,47.61989975,-117.5339966
labeled_all,255001,45000,MEM-AZA,MEM,AZA,1,0,1,0,3.921553249e-06,6198,35.04240036,-89.97669983,33.30780029,-111.6549988
labeled_all,255001,45000,MEM-PGD,MEM,PGD,1,0,1,0,3.921553249e-06,6199,35.04240036,-89.97669983,26.92020035,-81.9905014
labeled_all,255001,45000,MIA-EGE,MIA,EGE,1,0,1,0,3.921553249e-06,6200,25.79319954,-80.29060364,39.64260101,-106.9179993
labeled_all,255001,45000,MIA-GRR,MIA,GRR,1,0,1,0,3.921553249e-06,6201,25.79319954,-80.29060364,42.88079834,-85.52279663
labeled_all,255001,45000,MIA-HOU,MIA,HOU,1,0,1,0,3.921553249e-06,6202,25.79319954,-80.29060364,29.64539909,-95.27890015
labeled_all,255001,45000,MIA-TTN,MIA,TTN,1,0,1,0,3.921553249e-06,6203,25.79319954,-80.29060364,40.27669907,-74.81349945
labeled_all,255001,45000,MKE-JAX,MKE,JAX,1,0,1,0,3.921553249e-06,6204,42.94720078,-87.89659882,30.49410057,-81.68789673
labeled_all,255001,45000,MKE-PGD,MKE,PGD,1,0,1,0,3.921553249e-06,6205,42.94720078,-87.89659882,26.92020035,-81.9905014
labeled_all,255001,45000,MKE-RDU,MKE,RDU,1,0,1,0,3.921553249e-06,6206,42.94720078,-87.89659882,35.87760162,-78.78749847
labeled_all,255001,45000,MKE-SFB,MKE,SFB,1,0,1,0,3.921553249e-06,6207,42.94720078,-87.89659882,28.77759933,-81.23750305
labeled_all,255001,45000,MLI-PGD,MLI,PGD,1,0,1,0,3.921553249e-06,6208,41.44850159,-90.50749969,26.92020035,-81.9905014
labeled_all,255001,45000,MMH-SAN,MMH,SAN,1,1,0,1,3.921553249e-06,6209,37.62409973,-118.8379974,32.73360062,-117.1900024
labeled_all,255001,45000,MSP-ASE,MSP,ASE,1,0,1,0,3.921553249e-06,6210,44.88199997,-93.22180176,39.22320175,-106.8690033
labeled_all,255001,45000,MSP-CHS,MSP,CHS,1,0,1,0,3.921553249e-06,6211,44.88199997,-93.22180176,32.89860153,-80.04049683
labeled_all,255001,45000,MSP-HRL,MSP,HRL,1,0,1,0,3.921553249e-06,6212,44.88199997,-93.22180176,26.22850037,-97.65440369
labeled_all,255001,45000,MSP-ISP,MSP,ISP,1,1,0,1,3.921553249e-06,6213,44.88199997,-93.22180176,40.79520035,-73.10019684
labeled_all,255001,45000,MSP-XWA,MSP,XWA,1,0,1,0,3.921553249e-06,6214,44.88199997,-93.22180176,48.259722,-103.750556
labeled_all,255001,45000,MSY-ACY,MSY,ACY,1,0,1,0,3.921553249e-06,6215,29.99340057,-90.25800323,39.45759964,-74.57720184
labeled_all,255001,45000,MSY-CMH,MSY,CMH,1,0,1,0,3.921553249e-06,6216,29.99340057,-90.25800323,39.9980011,-82.89189911
labeled_all,255001,45000,MSY-GRR,MSY,GRR,1,0,1,0,3.921553249e-06,6217,29.99340057,-90.25800323,42.88079834,-85.52279663
labeled_all,255001,45000,MSY-PIE,MSY,PIE,1,0,1,0,3.921553249e-06,6218,29.99340057,-90.25800323,27.91020012,-82.68740082
labeled_all,255001,45000,MSY-PIT,MSY,PIT,1,0,1,0,3.921553249e-06,6219,29.99340057,-90.25800323,40.49150085,-80.23290253
labeled_all,255001,45000,MSY-PVD,MSY,PVD,1,0,1,0,3.921553249e-06,6220,29.99340057,-90.25800323,41.73260117,-71.42040253
labeled_all,255001,45000,MSY-SJC,MSY,SJC,1,0,1,0,3.921553249e-06,6221,29.99340057,-90.25800323,37.36259842,-121.9290009
labeled_all,255001,45000,MSY-SMF,MSY,SMF,1,0,1,0,3.921553249e-06,6222,29.99340057,-90.25800323,38.69540024,-121.5910034
labeled_all,255001,45000,MTJ-ATL,MTJ,ATL,1,0,1,0,3.921553249e-06,6223,38.50979996,-107.8939972,33.63669968,-84.42810059
labeled_all,255001,45000,MTJ-CLT,MTJ,CLT,1,0,1,0,3.921553249e-06,6224,38.50979996,-107.8939972,35.2140007,-80.94309998
labeled_all,255001,45000,MTJ-LGA,MTJ,LGA,1,0,1,0,3.921553249e-06,6225,38.50979996,-107.8939972,40.77719879,-73.87259674
labeled_all,255001,45000,MVY-BOS,MVY,BOS,1,1,0,1,3.921553249e-06,6226,41.39310074,-70.61430359,42.36429977,-71.00520325
labeled_all,255001,45000,MYR-ABE,MYR,ABE,1,1,0,1,3.921553249e-06,6227,33.67969894,-78.92829895,40.65209961,-75.44080353
labeled_all,255001,45000,MYR-ALB,MYR,ALB,1,0,1,0,3.921553249e-06,6228,33.67969894,-78.92829895,42.74829864,-73.80169678
labeled_all,255001,45000,MYR-BNA,MYR,BNA,1,0,1,0,3.921553249e-06,6229,33.67969894,-78.92829895,36.12450027,-86.67819977
labeled_all,255001,45000,MYR-CRW,MYR,CRW,1,0,1,0,3.921553249e-06,6230,33.67969894,-78.92829895,38.37310028,-81.59320068
labeled_all,255001,45000,MYR-FNT,MYR,FNT,1,0,1,0,3.921553249e-06,6231,33.67969894,-78.92829895,42.9654007,-83.74359894
labeled_all,255001,45000,MYR-HGR,MYR,HGR,1,0,1,0,3.921553249e-06,6232,33.67969894,-78.92829895,39.707901,-77.72949982
labeled_all,255001,45000,MYR-IND,MYR,IND,1,1,0,1,3.921553249e-06,6233,33.67969894,-78.92829895,39.71730041,-86.29440308
labeled_all,255001,45000,MYR-MCO,MYR,MCO,1,1,0,1,3.921553249e-06,6234,33.67969894,-78.92829895,28.42939949,-81.30899811
labeled_all,255001,45000,MYR-PVD,MYR,PVD,1,0,1,0,3.921553249e-06,6235,33.67969894,-78.92829895,41.73260117,-71.42040253
labeled_all,255001,45000,OAK-TUS,OAK,TUS,1,0,1,0,3.921553249e-06,6236,37.72129822,-122.2210007,32.11610031,-110.9410019
labeled_all,255001,45000,OGG-JHM,OGG,JHM,1,0,1,0,3.921553249e-06,6237,20.89859962,-156.4299927,20.96290016,-156.6730042
labeled_all,255001,45000,OKC-SAT,OKC,SAT,1,1,0,1,3.921553249e-06,6238,35.39310074,-97.60070038,29.53370094,-98.46980286
labeled_all,255001,45000,OMA-AUS,OMA,AUS,1,0,1,0,3.921553249e-06,6239,41.30319977,-95.89409637,30.19449997,-97.66989899
labeled_all,255001,45000,OMA-PIE,OMA,PIE,1,0,1,0,3.921553249e-06,6240,41.30319977,-95.89409637,27.91020012,-82.68740082
labeled_all,255001,45000,ORD-ECP,ORD,ECP,1,0,1,0,3.921553249e-06,6241,41.97859955,-87.90480042,30.3417,-85.7973
labeled_all,255001,45000,ORD-GJT,ORD,GJT,1,0,1,0,3.921553249e-06,6242,41.97859955,-87.90480042,39.12239838,-108.5270004
labeled_all,255001,45000,ORD-ISP,ORD,ISP,1,1,0,1,3.921553249e-06,6243,41.97859955,-87.90480042,40.79520035,-73.10019684
labeled_all,255001,45000,ORF-CVG,ORF,CVG,1,0,1,0,3.921553249e-06,6244,36.89459991,-76.20120239,39.04880142,-84.6678009
labeled_all,255001,45000,PAE-PSP,PAE,PSP,1,0,1,0,3.921553249e-06,6245,47.90629959,-122.2819977,33.82970047,-116.5070038
labeled_all,255001,45000,PBG-PGD,PBG,PGD,1,0,1,0,3.921553249e-06,6246,44.65090179,-73.4681015,26.92020035,-81.9905014
labeled_all,255001,45000,PBI-CVG,PBI,CVG,1,1,0,1,3.921553249e-06,6247,26.68320084,-80.09559631,39.04880142,-84.6678009
labeled_all,255001,45000,PBI-USA,PBI,USA,1,0,1,0,3.921553249e-06,6248,26.68320084,-80.09559631,35.38779831,-80.70909882
labeled_all,255001,45000,PDX-BWI,PDX,BWI,1,0,1,0,3.921553249e-06,6249,45.58869934,-122.5979996,39.17539978,-76.66829681
labeled_all,255001,45000,PDX-MKE,PDX,MKE,1,0,1,0,3.921553249e-06,6250,45.58869934,-122.5979996,42.94720078,-87.89659882
labeled_all,255001,45000,PGD-MEM,PGD,MEM,1,1,0,1,3.921553249e-06,6251,26.92020035,-81.9905014,35.04240036,-89.97669983
labeled_all,255001,45000,PGD-SDF,PGD,SDF,1,0,1,0,3.921553249e-06,6252,26.92020035,-81.9905014,38.17440033,-85.73600006
labeled_all,255001,45000,PGD-STC,PGD,STC,1,0,1,0,3.921553249e-06,6253,26.92020035,-81.9905014,45.54660034,-94.05989838
labeled_all,255001,45000,PHX-CID,PHX,CID,1,1,0,1,3.921553249e-06,6254,33.43429947,-112.012001,41.88470078,-91.71080017
labeled_all,255001,45000,PHX-EGE,PHX,EGE,1,0,1,0,3.921553249e-06,6255,33.43429947,-112.012001,39.64260101,-106.9179993
labeled_all,255001,45000,PHX-FAR,PHX,FAR,1,0,1,0,3.921553249e-06,6256,33.43429947,-112.012001,46.92070007,-96.81580353
labeled_all,255001,45000,PHX-JAC,PHX,JAC,1,0,1,0,3.921553249e-06,6257,33.43429947,-112.012001,43.6072998,-110.737999
labeled_all,255001,45000,PHX-RAP,PHX,RAP,1,1,0,1,3.921553249e-06,6258,33.43429947,-112.012001,44.04529953,-103.0569992
labeled_all,255001,45000,PIA-VPS,PIA,VPS,1,0,1,0,3.921553249e-06,6259,40.66419983,-89.69329834,30.48320007,-86.52539825
labeled_all,255001,45000,PIE-AUS,PIE,AUS,1,0,1,0,3.921553249e-06,6260,27.91020012,-82.68740082,30.19449997,-97.66989899
labeled_all,255001,45000,PIE-MSY,PIE,MSY,1,0,1,0,3.921553249e-06,6261,27.91020012,-82.68740082,29.99340057,-90.25800323
labeled_all,255001,45000,PIE-PVD,PIE,PVD,1,0,1,0,3.921553249e-06,6262,27.91020012,-82.68740082,41.73260117,-71.42040253
labeled_all,255001,45000,PIE-SBN,PIE,SBN,1,1,0,1,3.921553249e-06,6263,27.91020012,-82.68740082,41.70869827,-86.31729889
labeled_all,255001,45000,PIE-SCE,PIE,SCE,1,0,1,0,3.921553249e-06,6264,27.91020012,-82.68740082,40.84930038,-77.84870148
labeled_all,255001,45000,PIE-TUL,PIE,TUL,1,0,1,0,3.921553249e-06,6265,27.91020012,-82.68740082,36.19839859,-95.88809967
labeled_all,255001,45000,PIE-TVC,PIE,TVC,1,0,1,0,3.921553249e-06,6266,27.91020012,-82.68740082,44.74140167,-85.5821991
labeled_all,255001,45000,PIT-CHS,PIT,CHS,1,0,1,0,3.921553249e-06,6267,40.49150085,-80.23290253,32.89860153,-80.04049683
labeled_all,255001,45000,PIT-MSY,PIT,MSY,1,1,0,1,3.921553249e-06,6268,40.49150085,-80.23290253,29.99340057,-90.25800323
labeled_all,255001,45000,PIT-PBI,PIT,PBI,1,0,1,0,3.921553249e-06,6269,40.49150085,-80.23290253,26.68320084,-80.09559631
labeled_all,255001,45000,PIT-SAN,PIT,SAN,1,1,0,1,3.921553249e-06,6270,40.49150085,-80.23290253,32.73360062,-117.1900024
labeled_all,255001,45000,PNS-EWR,PNS,EWR,1,0,1,0,3.921553249e-06,6271,30.47340012,-87.18659973,40.69250107,-74.16870117
labeled_all,255001,45000,PNS-MCI,PNS,MCI,1,0,1,0,3.921553249e-06,6272,30.47340012,-87.18659973,39.29759979,-94.71389771
labeled_all,255001,45000,PSM-SAV,PSM,SAV,1,0,1,0,3.921553249e-06,6273,43.07789993,-70.82330322,32.12760162,-81.20210266
labeled_all,255001,45000,PSM-SFB,PSM,SFB,1,0,1,0,3.921553249e-06,6274,43.07789993,-70.82330322,28.77759933,-81.23750305
labeled_all,255001,45000,PSP-EWR,PSP,EWR,1,0,1,0,3.921553249e-06,6275,33.82970047,-116.5070038,40.69250107,-74.16870117
labeled_all,255001,45000,PVD-AUS,PVD,AUS,1,1,0,1,3.921553249e-06,6276,41.73260117,-71.42040253,30.19449997,-97.66989899
labeled_all,255001,45000,PVD-MSY,PVD,MSY,1,1,0,1,3.921553249e-06,6277,41.73260117,-71.42040253,29.99340057,-90.25800323
labeled_all,255001,45000,PWM-MDW,PWM,MDW,1,0,1,0,3.921553249e-06,6278,43.64619827,-70.30930328,41.7859993,-87.75240326
labeled_all,255001,45000,PWM-RDU,PWM,RDU,1,0,1,0,3.921553249e-06,6279,43.64619827,-70.30930328,35.87760162,-78.78749847
labeled_all,255001,45000,RDM-ORD,RDM,ORD,1,0,1,0,3.921553249e-06,6280,44.2541008,-121.1500015,41.97859955,-87.90480042
labeled_all,255001,45000,RDU-PBI,RDU,PBI,1,0,1,0,3.921553249e-06,6281,35.87760162,-78.78749847,26.68320084,-80.09559631
labeled_all,255001,45000,RDU-RSW,RDU,RSW,1,0,1,0,3.921553249e-06,6282,35.87760162,-78.78749847,26.53619957,-81.75520325
labeled_all,255001,45000,RDU-SAT,RDU,SAT,1,1,0,1,3.921553249e-06,6283,35.87760162,-78.78749847,29.53370094,-98.46980286
labeled_all,255001,45000,RDU-SFB,RDU,SFB,1,1,0,1,3.921553249e-06,6284,35.87760162,-78.78749847,28.77759933,-81.23750305
labeled_all,255001,45000,RDU-SJU,RDU,SJU,1,1,0,1,3.921553249e-06,6285,35.87760162,-78.78749847,18.43939972,-66.00180054
labeled_all,255001,45000,RFD-SRQ,RFD,SRQ,1,0,1,0,3.921553249e-06,6286,42.19540024,-89.09719849,27.39539909,-82.55439758
labeled_all,255001,45000,RIC-BNA,RIC,BNA,1,0,1,0,3.921553249e-06,6287,37.50519943,-77.31970215,36.12450027,-86.67819977
labeled_all,255001,45000,RIC-SRQ,RIC,SRQ,1,1,0,1,3.921553249e-06,6288,37.50519943,-77.31970215,27.39539909,-82.55439758
labeled_all,255001,45000,RNO-AUS,RNO,AUS,1,1,0,1,3.921553249e-06,6289,39.49909973,-119.7679977,30.19449997,-97.66989899
labeled_all,255001,45000,RNO-DAL,RNO,DAL,1,0,1,0,3.921553249e-06,6290,39.49909973,-119.7679977,32.8470993,-96.85179901
labeled_all,255001,45000,ROC-RSW,ROC,RSW,1,0,1,0,3.921553249e-06,6291,43.1189003,-77.67240143,26.53619957,-81.75520325
labeled_all,255001,45000,RSW-COS,RSW,COS,1,0,1,0,3.921553249e-06,6292,26.53619957,-81.75520325,38.80580139,-104.7009964
labeled_all,255001,45000,RSW-IAD,RSW,IAD,1,0,1,0,3.921553249e-06,6293,26.53619957,-81.75520325,38.94449997,-77.45580292
labeled_all,255001,45000,RSW-LBE,RSW,LBE,1,0,1,0,3.921553249e-06,6294,26.53619957,-81.75520325,40.27590179,-79.40480042
labeled_all,255001,45000,RSW-OMA,RSW,OMA,1,0,1,0,3.921553249e-06,6295,26.53619957,-81.75520325,41.30319977,-95.89409637
labeled_all,255001,45000,RSW-PHX,RSW,PHX,1,0,1,0,3.921553249e-06,6296,26.53619957,-81.75520325,33.43429947,-112.012001
labeled_all,255001,45000,RSW-RDU,RSW,RDU,1,0,1,0,3.921553249e-06,6297,26.53619957,-81.75520325,35.87760162,-78.78749847
labeled_all,255001,45000,RSW-SYR,RSW,SYR,1,0,1,0,3.921553249e-06,6298,26.53619957,-81.75520325,43.11119843,-76.10630035
labeled_all,255001,45000,SAN-PIT,SAN,PIT,1,0,1,0,3.921553249e-06,6299,32.73360062,-117.1900024,40.49150085,-80.23290253
labeled_all,255001,45000,SAN-RDU,SAN,RDU,1,0,1,0,3.921553249e-06,6300,32.73360062,-117.1900024,35.87760162,-78.78749847
labeled_all,255001,45000,SAN-SCK,SAN,SCK,1,1,0,1,3.921553249e-06,6301,32.73360062,-117.1900024,37.89419937,-121.237999
labeled_all,255001,45000,SAT-ABQ,SAT,ABQ,1,0,1,0,3.921553249e-06,6302,29.53370094,-98.46980286,35.04019928,-106.6090012
labeled_all,255001,45000,SAT-CLE,SAT,CLE,1,0,1,0,3.921553249e-06,6303,29.53370094,-98.46980286,41.4117012,-81.84980011
labeled_all,255001,45000,SAT-CMH,SAT,CMH,1,0,1,0,3.921553249e-06,6304,29.53370094,-98.46980286,39.9980011,-82.89189911
labeled_all,255001,45000,SAT-JAX,SAT,JAX,1,0,1,0,3.921553249e-06,6305,29.53370094,-98.46980286,30.49410057,-81.68789673
labeled_all,255001,45000,SAT-MEM,SAT,MEM,1,0,1,0,3.921553249e-06,6306,29.53370094,-98.46980286,35.04240036,-89.97669983
labeled_all,255001,45000,SAT-OMA,SAT,OMA,1,0,1,0,3.921553249e-06,6307,29.53370094,-98.46980286,41.30319977,-95.89409637
labeled_all,255001,45000,SAT-RDU,SAT,RDU,1,1,0,1,3.921553249e-06,6308,29.53370094,-98.46980286,35.87760162,-78.78749847
labeled_all,255001,45000,SAT-TUL,SAT,TUL,1,0,1,0,3.921553249e-06,6309,29.53370094,-98.46980286,36.19839859,-95.88809967
labeled_all,255001,45000,SAV-GRR,SAV,GRR,1,0,1,0,3.921553249e-06,6310,32.12760162,-81.20210266,42.88079834,-85.52279663
labeled_all,255001,45000,SAV-IAG,SAV,IAG,1,0,1,0,3.921553249e-06,6311,32.12760162,-81.20210266,43.1072998,-78.94619751
labeled_all,255001,45000,SBN-AZA,SBN,AZA,1,0,1,0,3.921553249e-06,6312,41.70869827,-86.31729889,33.30780029,-111.6549988
labeled_all,255001,45000,SCE-SFB,SCE,SFB,1,0,1,0,3.921553249e-06,6313,40.84930038,-77.84870148,28.77759933,-81.23750305
labeled_all,255001,45000,SDF-AUS,SDF,AUS,1,0,1,0,3.921553249e-06,6314,38.17440033,-85.73600006,30.19449997,-97.66989899
labeled_all,255001,45000,SDF-AZA,SDF,AZA,1,0,1,0,3.921553249e-06,6315,38.17440033,-85.73600006,33.30780029,-111.6549988
labeled_all,255001,45000,SDF-SRQ,SDF,SRQ,1,0,1,0,3.921553249e-06,6316,38.17440033,-85.73600006,27.39539909,-82.55439758
labeled_all,255001,45000,SFB-CKB,SFB,CKB,1,0,1,0,3.921553249e-06,6317,28.77759933,-81.23750305,39.29660034,-80.22810364
labeled_all,255001,45000,SFB-CLE,SFB,CLE,1,0,1,0,3.921553249e-06,6318,28.77759933,-81.23750305,41.4117012,-81.84980011
labeled_all,255001,45000,SFB-ELP,SFB,ELP,1,0,1,0,3.921553249e-06,6319,28.77759933,-81.23750305,31.80719948,-106.3779984
labeled_all,255001,45000,SFB-MCI,SFB,MCI,1,0,1,0,3.921553249e-06,6320,28.77759933,-81.23750305,39.29759979,-94.71389771
labeled_all,255001,45000,SFB-SCE,SFB,SCE,1,0,1,0,3.921553249e-06,6321,28.77759933,-81.23750305,40.84930038,-77.84870148
labeled_all,255001,45000,SFB-SWF,SFB,SWF,1,0,1,0,3.921553249e-06,6322,28.77759933,-81.23750305,41.5041008,-74.10479736
labeled_all,255001,45000,SFO-BDL,SFO,BDL,1,1,0,1,3.921553249e-06,6323,37.61899948,-122.375,41.93889999,-72.68319702
labeled_all,255001,45000,SFO-HDN,SFO,HDN,1,0,1,0,3.921553249e-06,6324,37.61899948,-122.375,40.48120117,-107.2180023
labeled_all,255001,45000,SHV-SFB,SHV,SFB,1,1,0,1,3.921553249e-06,6325,32.44660187,-93.82559967,28.77759933,-81.23750305
labeled_all,255001,45000,SHV-VPS,SHV,VPS,1,0,1,0,3.921553249e-06,6326,32.44660187,-93.82559967,30.48320007,-86.52539825
labeled_all,255001,45000,SJC-MCI,SJC,MCI,1,1,0,1,3.921553249e-06,6327,37.36259842,-121.9290009,39.29759979,-94.71389771
labeled_all,255001,45000,SJC-MSY,SJC,MSY,1,0,1,0,3.921553249e-06,6328,37.36259842,-121.9290009,29.99340057,-90.25800323
labeled_all,255001,45000,SJC-PSP,SJC,PSP,1,0,1,0,3.921553249e-06,6329,37.36259842,-121.9290009,33.82970047,-116.5070038
labeled_all,255001,45000,SJU-CVG,SJU,CVG,1,0,1,0,3.921553249e-06,6330,18.43939972,-66.00180054,39.04880142,-84.6678009
labeled_all,255001,45000,SJU-MDW,SJU,MDW,1,0,1,0,3.921553249e-06,6331,18.43939972,-66.00180054,41.7859993,-87.75240326
labeled_all,255001,45000,SJU-PIT,SJU,PIT,1,1,0,1,3.921553249e-06,6332,18.43939972,-66.00180054,40.49150085,-80.23290253
labeled_all,255001,45000,SLC-ANC,SLC,ANC,1,0,1,0,3.921553249e-06,6333,40.78839874,-111.9779968,61.17440033,-149.9960022
labeled_all,255001,45000,SMF-BOS,SMF,BOS,1,0,1,0,3.921553249e-06,6334,38.69540024,-121.5910034,42.36429977,-71.00520325
labeled_all,255001,45000,SMF-MSY,SMF,MSY,1,0,1,0,3.921553249e-06,6335,38.69540024,-121.5910034,29.99340057,-90.25800323
labeled_all,255001,45000,SNA-JFK,SNA,JFK,1,1,0,1,3.921553249e-06,6336,33.67570114,-117.8679962,40.63980103,-73.77890015
labeled_all,255001,45000,SRQ-BWI,SRQ,BWI,1,0,1,0,3.921553249e-06,6337,27.39539909,-82.55439758,39.17539978,-76.66829681
labeled_all,255001,45000,SRQ-DSM,SRQ,DSM,1,0,1,0,3.921553249e-06,6338,27.39539909,-82.55439758,41.5340004,-93.6631012
labeled_all,255001,45000,SRQ-LCK,SRQ,LCK,1,1,0,1,3.921553249e-06,6339,27.39539909,-82.55439758,39.81380081,-82.92780304
labeled_all,255001,45000,SRQ-MDT,SRQ,MDT,1,0,1,0,3.921553249e-06,6340,27.39539909,-82.55439758,40.19350052,-76.76339722
labeled_all,255001,45000,SRQ-RIC,SRQ,RIC,1,1,0,1,3.921553249e-06,6341,27.39539909,-82.55439758,37.50519943,-77.31970215
labeled_all,255001,45000,STL-CHS,STL,CHS,1,0,1,0,3.921553249e-06,6342,38.74869919,-90.37000275,32.89860153,-80.04049683
labeled_all,255001,45000,STT-IAH,STT,IAH,1,1,0,1,3.921553249e-06,6343,18.33729935,-64.9733963,29.9843998,-95.34140015
labeled_all,255001,45000,STX-CLT,STX,CLT,1,0,1,0,3.921553249e-06,6344,17.70190048,-64.79859924,35.2140007,-80.94309998
labeled_all,255001,45000,SUN-PDX,SUN,PDX,1,0,1,0,3.921553249e-06,6345,43.50439835,-114.2959976,45.58869934,-122.5979996
labeled_all,255001,45000,SYR-BNA,SYR,BNA,1,1,0,1,3.921553249e-06,6346,43.11119843,-76.10630035,36.12450027,-86.67819977
labeled_all,255001,45000,SYR-MYR,SYR,MYR,1,1,0,1,3.921553249e-06,6347,43.11119843,-76.10630035,33.67969894,-78.92829895
labeled_all,255001,45000,SYR-RDU,SYR,RDU,1,0,1,0,3.921553249e-06,6348,43.11119843,-76.10630035,35.87760162,-78.78749847
labeled_all,255001,45000,SYR-SRQ,SYR,SRQ,1,0,1,0,3.921553249e-06,6349,43.11119843,-76.10630035,27.39539909,-82.55439758
labeled_all,255001,45000,TPA-COS,TPA,COS,1,0,1,0,3.921553249e-06,6350,27.97550011,-82.53320312,38.80580139,-104.7009964
labeled_all,255001,45000,TPA-GRR,TPA,GRR,1,0,1,0,3.921553249e-06,6351,27.97550011,-82.53320312,42.88079834,-85.52279663
labeled_all,255001,45000,TPA-GSP,TPA,GSP,1,0,1,0,3.921553249e-06,6352,27.97550011,-82.53320312,34.89569855,-82.21890259
labeled_all,255001,45000,TPA-OMA,TPA,OMA,1,0,1,0,3.921553249e-06,6353,27.97550011,-82.53320312,41.30319977,-95.89409637
labeled_all,255001,45000,TPA-ORF,TPA,ORF,1,0,1,0,3.921553249e-06,6354,27.97550011,-82.53320312,36.89459991,-76.20120239
labeled_all,255001,45000,TRI-PIE,TRI,PIE,1,1,0,1,3.921553249e-06,6355,36.47520065,-82.40740204,27.91020012,-82.68740082
labeled_all,255001,45000,TTN-MIA,TTN,MIA,1,0,1,0,3.921553249e-06,6356,40.27669907,-74.81349945,25.79319954,-80.29060364
labeled_all,255001,45000,TUL-DTW,TUL,DTW,1,0,1,0,3.921553249e-06,6357,36.19839859,-95.88809967,42.21239853,-83.35340118
labeled_all,255001,45000,TUL-PIE,TUL,PIE,1,0,1,0,3.921553249e-06,6358,36.19839859,-95.88809967,27.91020012,-82.68740082
labeled_all,255001,45000,TUL-SJC,TUL,SJC,1,1,0,1,3.921553249e-06,6359,36.19839859,-95.88809967,37.36259842,-121.9290009
labeled_all,255001,45000,TUS-DAL,TUS,DAL,1,0,1,0,3.921553249e-06,6360,32.11610031,-110.9410019,32.8470993,-96.85179901
labeled_all,255001,45000,TVC-DEN,TVC,DEN,1,1,0,1,3.921553249e-06,6361,44.74140167,-85.5821991,39.86169815,-104.6729965
labeled_all,255001,45000,TVC-LGA,TVC,LGA,1,0,1,0,3.921553249e-06,6362,44.74140167,-85.5821991,40.77719879,-73.87259674
labeled_all,255001,45000,TWF-SFO,TWF,SFO,1,1,0,1,3.921553249e-06,6363,42.48180008,-114.487999,37.61899948,-122.375
labeled_all,255001,45000,TYS-BWI,TYS,BWI,1,0,1,0,3.921553249e-06,6364,35.81100082,-83.9940033,39.17539978,-76.66829681
labeled_all,255001,45000,TYS-PIT,TYS,PIT,1,0,1,0,3.921553249e-06,6365,35.81100082,-83.9940033,40.49150085,-80.23290253
labeled_all,255001,45000,VPS-AUS,VPS,AUS,1,0,1,0,3.921553249e-06,6366,30.48320007,-86.52539825,30.19449997,-97.66989899
labeled_all,255001,45000,VPS-EVV,VPS,EVV,1,0,1,0,3.921553249e-06,6367,30.48320007,-86.52539825,38.03699875,-87.53240204
labeled_all,255001,45000,VPS-EWR,VPS,EWR,1,1,0,1,3.921553249e-06,6368,30.48320007,-86.52539825,40.69250107,-74.16870117
labeled_all,255001,45000,VPS-IND,VPS,IND,1,0,1,0,3.921553249e-06,6369,30.48320007,-86.52539825,39.71730041,-86.29440308
labeled_all,255001,45000,VPS-LIT,VPS,LIT,1,0,1,0,3.921553249e-06,6370,30.48320007,-86.52539825,34.72940063,-92.22429657
labeled_all,255001,45000,VPS-MEM,VPS,MEM,1,0,1,0,3.921553249e-06,6371,30.48320007,-86.52539825,35.04240036,-89.97669983
labeled_all,255001,45000,VPS-ORD,VPS,ORD,1,0,1,0,3.921553249e-06,6372,30.48320007,-86.52539825,41.97859955,-87.90480042
labeled_all,255001,45000,XNA-AZA,XNA,AZA,1,0,1,0,3.921553249e-06,6373,36.2818985,-94.30680084,33.30780029,-111.6549988
labeled_all,255001,45000,XNA-MIA,XNA,MIA,1,0,1,0,3.921553249e-06,6374,36.2818985,-94.30680084,25.79319954,-80.29060364
