population,population_rows,population_delayed,airport_role,airport_role_ko,airport,n_rows,n_delayed,n_not_delayed,delay_rate,share_of_population,rank_by_rows,airport_state,lat,lon,weather_station_tier
labeled_all,255001,45000,origin,출발 공항,ABE,182,33,149,0.1813186813,0.0007137226913,145,Pennsylvania,40.65209961,-75.44080353,confirmed_period
labeled_all,255001,45000,origin,출발 공항,ABI,47,8,39,0.170212766,0.0001843130027,239,Texas,32.41130066,-99.68190002,confirmed_period
labeled_all,255001,45000,origin,출발 공항,ABQ,970,142,828,0.1463917526,0.003803906651,53,New Mexico,35.04019928,-106.6090012,confirmed_period
labeled_all,255001,45000,origin,출발 공항,ABR,20,5,15,0.25,7.843106498e-05,322,South Dakota,45.44910049,-98.42179871,confirmed_period
labeled_all,255001,45000,origin,출발 공항,ABY,32,2,30,0.0625,0.000125489704,278,Georgia,31.53549957,-84.19450378,confirmed_period
labeled_all,255001,45000,origin,출발 공항,ACK,45,8,37,0.1777777778,0.0001764698962,244,Massachusetts,41.25310135,-70.06020355,confirmed_period
labeled_all,255001,45000,origin,출발 공항,ACT,43,4,39,0.09302325581,0.0001686267897,251,Texas,31.61129951,-97.23049927,confirmed_period
labeled_all,255001,45000,origin,출발 공항,ACV,72,13,59,0.1805555556,0.0002823518339,213,California,40.97809982,-124.1090012,confirmed_period
labeled_all,255001,45000,origin,출발 공항,ACY,122,10,112,0.08196721311,0.0004784294964,176,New Jersey,39.45759964,-74.57720184,confirmed_period
labeled_all,255001,45000,origin,출발 공항,ADK,1,0,1,0,3.921553249e-06,373,Alaska,51.87799835,-176.6459961,confirmed_period
labeled_all,255001,45000,origin,출발 공항,ADQ,19,2,17,0.1052631579,7.450951173e-05,330,Alaska,57.75,-152.4940033,confirmed_period
labeled_all,255001,45000,origin,출발 공항,AEX,94,18,76,0.1914893617,0.0003686260054,190,Louisiana,31.32740021,-92.54979706,confirmed_period
labeled_all,255001,45000,origin,출발 공항,AGS,114,21,93,0.1842105263,0.0004470570704,181,Georgia,33.36989975,-81.96450043,confirmed_period
labeled_all,255001,45000,origin,출발 공항,AKN,1,0,1,0,3.921553249e-06,374,Alaska,58.67679977,-156.6490021,confirmed_period
labeled_all,255001,45000,origin,출발 공항,ALB,558,107,451,0.1917562724,0.002188226713,82,New York,42.74829864,-73.80169678,confirmed_period
labeled_all,255001,45000,origin,출발 공항,ALO,24,4,20,0.1666666667,9.411727797e-05,306,Iowa,42.55709839,-92.40029907,confirmed_period
labeled_all,255001,45000,origin,출발 공항,ALW,25,5,20,0.2,9.803883122e-05,301,Washington,46.09489822,-118.288002,confirmed_period
labeled_all,255001,45000,origin,출발 공항,AMA,205,22,183,0.1073170732,0.000803918416,136,Texas,35.2193985,-101.7060013,confirmed_period
labeled_all,255001,45000,origin,출발 공항,ANC,675,74,601,0.1096296296,0.002647048443,70,Alaska,61.17440033,-149.9960022,confirmed_period
labeled_all,255001,45000,origin,출발 공항,APN,18,2,16,0.1111111111,7.058795848e-05,332,Michigan,45.0780983,-83.56030273,confirmed_period
labeled_all,255001,45000,origin,출발 공항,ART,25,6,19,0.24,9.803883122e-05,302,New York,43.9919014,-76.021698,confirmed_period
labeled_all,255001,45000,origin,출발 공항,ASE,211,44,167,0.2085308057,0.0008274477355,134,Colorado,39.22320175,-106.8690033,confirmed_period
labeled_all,255001,45000,origin,출발 공항,ATL,11309,1739,9570,0.1537713326,0.04434884569,2,Georgia,33.63669968,-84.42810059,confirmed_period
labeled_all,255001,45000,origin,출발 공항,ATW,196,34,162,0.1734693878,0.0007686244368,138,Wisconsin,44.2580986,-88.51909637,confirmed_period
labeled_all,255001,45000,origin,출발 공항,ATY,10,3,7,0.3,3.921553249e-05,353,South Dakota,44.91400146,-97.15470123,confirmed_period
labeled_all,255001,45000,origin,출발 공항,AUS,2281,365,1916,0.1600175362,0.008945062961,34,Texas,30.19449997,-97.66989899,confirmed_period
labeled_all,255001,45000,origin,출발 공항,AVL,269,47,222,0.1747211896,0.001054897824,115,North Carolina,35.43619919,-82.54180145,confirmed_period
labeled_all,255001,45000,origin,출발 공항,AVP,174,28,146,0.1609195402,0.0006823502653,149,Pennsylvania,41.33850098,-75.7233963,confirmed_period
labeled_all,255001,45000,origin,출발 공항,AZA,193,30,163,0.1554404145,0.000756859777,141,Arizona,33.30780029,-111.6549988,unconfirmed
labeled_all,255001,45000,origin,출발 공항,AZO,117,17,100,0.1452991453,0.0004588217301,180,Michigan,42.23490143,-85.55210114,confirmed_period
labeled_all,255001,45000,origin,출발 공항,BDL,939,124,815,0.1320553781,0.003682338501,56,Connecticut,41.93889999,-72.68319702,confirmed_period
labeled_all,255001,45000,origin,출발 공항,BET,20,3,17,0.15,7.843106498e-05,323,Alaska,60.77980042,-161.8379974,confirmed_period
labeled_all,255001,45000,origin,출발 공항,BFF,21,1,20,0.04761904762,8.235261823e-05,316,Nebraska,41.87400055,-103.5960007,confirmed_period
labeled_all,255001,45000,origin,출발 공항,BFL,102,7,95,0.06862745098,0.0003999984314,185,California,35.43360138,-119.0569992,confirmed_period
labeled_all,255001,45000,origin,출발 공항,BFM,2,0,2,0,7.843106498e-06,370,Alabama,30.62680054,-88.06809998,confirmed_period
labeled_all,255001,45000,origin,출발 공항,BGM,30,1,29,0.03333333333,0.0001176465975,283,New York,42.20869827,-75.97979736,confirmed_period
labeled_all,255001,45000,origin,출발 공항,BGR,168,31,137,0.1845238095,0.0006588209458,151,Maine,44.80739975,-68.82810211,confirmed_period
labeled_all,255001,45000,origin,출발 공항,BHM,645,104,541,0.1612403101,0.002529401845,73,Alabama,33.56290054,-86.75350189,confirmed_period
labeled_all,255001,45000,origin,출발 공항,BIL,164,26,138,0.1585365854,0.0006431347328,157,Montana,45.80770111,-108.5429993,confirmed_period
labeled_all,255001,45000,origin,출발 공항,BIS,161,26,135,0.1614906832,0.0006313700731,158,North Dakota,46.77270126,-100.7460022,confirmed_period
labeled_all,255001,45000,origin,출발 공항,BJI,23,1,22,0.04347826087,9.019572472e-05,310,Minnesota,47.50939941,-94.93370056,confirmed_period
labeled_all,255001,45000,origin,출발 공항,BKG,8,1,7,0.125,3.137242599e-05,358,Missouri,36.532082,-93.200544,unconfirmed
labeled_all,255001,45000,origin,출발 공항,BLI,147,13,134,0.08843537415,0.0005764683276,164,Washington,48.7928009,-122.538002,confirmed_period
labeled_all,255001,45000,origin,출발 공항,BLV,37,9,28,0.2432432432,0.0001450974702,261,Illinois,38.54520035,-89.83519745,confirmed_period
labeled_all,255001,45000,origin,출발 공항,BMI,85,7,78,0.08235294118,0.0003333320261,204,Illinois,40.47710037,-88.91590118,confirmed_period
labeled_all,255001,45000,origin,출발 공항,BNA,2650,512,2138,0.1932075472,0.01039211611,29,Tennessee,36.12450027,-86.67819977,confirmed_period
labeled_all,255001,45000,origin,출발 공항,BOI,843,98,745,0.1162514828,0.003305869389,64,Idaho,43.56439972,-116.2229996,confirmed_period
labeled_all,255001,45000,origin,출발 공항,BOS,5010,1030,3980,0.2055888224,0.01964698178,14,Massachusetts,42.36429977,-71.00520325,confirmed_period
labeled_all,255001,45000,origin,출발 공항,BPT,20,5,15,0.25,7.843106498e-05,324,Texas,29.95079994,-94.02069855,confirmed_period
labeled_all,255001,45000,origin,출발 공항,BQK,31,3,28,0.09677419355,0.0001215681507,279,Georgia,31.25880051,-81.46649933,confirmed_period
labeled_all,255001,45000,origin,출발 공항,BQN,74,16,58,0.2162162162,0.0002901949404,211,Aguadilla,18.49489975,-67.12940216,confirmed_period
labeled_all,255001,45000,origin,출발 공항,BRD,14,4,10,0.2857142857,5.490174548e-05,345,Minnesota,46.39830017,-94.13809967,confirmed_period
labeled_all,255001,45000,origin,출발 공항,BRO,80,4,76,0.05,0.0003137242599,209,Texas,25.90679932,-97.42590332,confirmed_period
labeled_all,255001,45000,origin,출발 공항,BRW,18,1,17,0.05555555556,7.058795848e-05,333,Alaska,71.28540039,-156.7660065,confirmed_period
labeled_all,255001,45000,origin,출발 공항,BTM,15,0,15,0,5.882329873e-05,343,Montana,45.95479965,-112.4970016,confirmed_period
labeled_all,255001,45000,origin,출발 공항,BTR,234,46,188,0.1965811966,0.0009176434602,126,Louisiana,30.53319931,-91.14959717,confirmed_period
labeled_all,255001,45000,origin,출발 공항,BTV,338,68,270,0.201183432,0.001325484998,106,Vermont,44.47190094,-73.15329742,confirmed_period
labeled_all,255001,45000,origin,출발 공항,BUF,951,165,786,0.1735015773,0.00372939714,55,New York,42.94049835,-78.73220062,confirmed_period
labeled_all,255001,45000,origin,출발 공항,BUR,1078,166,912,0.1539888683,0.004227434402,51,California,34.20069885,-118.3590012,confirmed_period
labeled_all,255001,45000,origin,출발 공항,BWI,3902,776,3126,0.1988723731,0.01530190078,21,Maryland,39.17539978,-76.66829681,confirmed_period
labeled_all,255001,45000,origin,출발 공항,BZN,277,33,244,0.119133574,0.00108627025,113,Montana,45.77750015,-111.1529999,confirmed_period
labeled_all,255001,45000,origin,출발 공항,CAE,293,54,239,0.1843003413,0.001149015102,111,South Carolina,33.93880081,-81.11949921,confirmed_period
labeled_all,255001,45000,origin,출발 공항,CAK,217,46,171,0.2119815668,0.000850977055,132,Ohio,40.91609955,-81.44219971,confirmed_period
labeled_all,255001,45000,origin,출발 공항,CDC,21,3,18,0.1428571429,8.235261823e-05,317,Utah,37.70100021,-113.098999,confirmed_period
labeled_all,255001,45000,origin,출발 공항,CDV,25,2,23,0.08,9.803883122e-05,303,Alaska,60.4917984,-145.4779968,confirmed_period
labeled_all,255001,45000,origin,출발 공항,CGI,26,4,22,0.1538461538,0.0001019603845,296,Missouri,37.22529984,-89.57080078,confirmed_period
labeled_all,255001,45000,origin,출발 공항,CHA,290,49,241,0.1689655172,0.001137250442,112,Tennessee,35.03530121,-85.20379639,confirmed_period
labeled_all,255001,45000,origin,출발 공항,CHO,248,41,207,0.1653225806,0.0009725452057,121,Virginia,38.1385994,-78.45290375,confirmed_period
labeled_all,255001,45000,origin,출발 공항,CHS,845,119,726,0.1408284024,0.003313712495,63,South Carolina,32.89860153,-80.04049683,confirmed_period
labeled_all,255001,45000,origin,출발 공항,CID,313,60,253,0.1916932907,0.001227446167,109,Iowa,41.88470078,-91.71080017,confirmed_period
labeled_all,255001,45000,origin,출발 공항,CIU,25,3,22,0.12,9.803883122e-05,304,Michigan,46.25080109,-84.47239685,confirmed_period
labeled_all,255001,45000,origin,출발 공항,CKB,37,3,34,0.08108108108,0.0001450974702,262,West Virginia,39.29660034,-80.22810364,confirmed_period
labeled_all,255001,45000,origin,출발 공항,CLE,1775,278,1497,0.1566197183,0.006960757017,42,Ohio,41.4117012,-81.84980011,confirmed_period
labeled_all,255001,45000,origin,출발 공항,CLL,63,9,54,0.1428571429,0.0002470578547,220,Texas,30.58860016,-96.36380005,confirmed_period
labeled_all,255001,45000,origin,출발 공항,CLT,6581,1122,5459,0.1704908069,0.02580774193,6,North Carolina,35.2140007,-80.94309998,confirmed_period
labeled_all,255001,45000,origin,출발 공항,CMH,1531,249,1282,0.1626387982,0.006003898024,48,Ohio,39.9980011,-82.89189911,confirmed_period
labeled_all,255001,45000,origin,출발 공항,CMI,82,17,65,0.2073170732,0.0003215673664,207,Illinois,40.03919983,-88.27809906,confirmed_period
labeled_all,255001,45000,origin,출발 공항,CMX,26,7,19,0.2692307692,0.0001019603845,297,Michigan,47.16839981,-88.4890976,confirmed_period
labeled_all,255001,45000,origin,출발 공항,CNY,14,2,12,0.1428571429,5.490174548e-05,346,Utah,38.75500107,-109.7549973,confirmed_period
labeled_all,255001,45000,origin,출발 공항,COD,38,8,30,0.2105263158,0.0001490190235,259,Wyoming,44.52019882,-109.0240021,confirmed_period
labeled_all,255001,45000,origin,출발 공항,COS,409,71,338,0.173594132,0.001603915279,94,Colorado,38.80580139,-104.7009964,confirmed_period
labeled_all,255001,45000,origin,출발 공항,COU,91,15,76,0.1648351648,0.0003568613456,196,Missouri,38.81809998,-92.21959686,confirmed_period
labeled_all,255001,45000,origin,출발 공항,CPR,67,12,55,0.1791044776,0.0002627440677,218,Wyoming,42.90800095,-106.4639969,confirmed_period
labeled_all,255001,45000,origin,출발 공항,CRP,221,32,189,0.1447963801,0.000866663268,129,Texas,27.77039909,-97.50119781,confirmed_period
labeled_all,255001,45000,origin,출발 공항,CRW,154,35,119,0.2272727273,0.0006039192003,161,West Virginia,38.37310028,-81.59320068,confirmed_period
labeled_all,255001,45000,origin,출발 공항,CSG,23,4,19,0.1739130435,9.019572472e-05,311,Georgia,32.5163002,-84.93890381,confirmed_period
labeled_all,255001,45000,origin,출발 공항,CVG,1574,259,1315,0.1645489199,0.006172524814,45,Kentucky,39.04880142,-84.6678009,confirmed_period
labeled_all,255001,45000,origin,출발 공항,CWA,76,9,67,0.1184210526,0.0002980380469,210,Wisconsin,44.77759933,-89.66680145,confirmed_period
labeled_all,255001,45000,origin,출발 공항,CYS,11,1,10,0.09090909091,4.313708574e-05,352,Wyoming,41.15570068,-104.8119965,confirmed_period
labeled_all,255001,45000,origin,출발 공항,DAB,93,6,87,0.06451612903,0.0003647044521,193,Florida,29.17989922,-81.05809784,confirmed_period
labeled_all,255001,45000,origin,출발 공항,DAL,2771,616,2155,0.2223024179,0.01086662405,28,Texas,32.8470993,-96.85179901,confirmed_period
labeled_all,255001,45000,origin,출발 공항,DAY,519,97,422,0.1868978805,0.002035286136,86,Ohio,39.90240097,-84.2193985,confirmed_period
labeled_all,255001,45000,origin,출발 공항,DBQ,29,6,23,0.2068965517,0.0001137250442,288,Iowa,42.40200043,-90.70950317,confirmed_period
labeled_all,255001,45000,origin,출발 공항,DCA,4162,752,3410,0.1806823642,0.01632150462,19,Virginia,38.85210037,-77.03769684,confirmed_period
labeled_all,255001,45000,origin,출발 공항,DEN,10031,2026,8005,0.201973881,0.03933710064,3,Colorado,39.86169815,-104.6729965,confirmed_period
labeled_all,255001,45000,origin,출발 공항,DFW,7701,1588,6113,0.2062069861,0.03019988157,5,Texas,32.89680099,-97.03800201,confirmed_period
labeled_all,255001,45000,origin,출발 공항,DHN,43,4,39,0.09302325581,0.0001686267897,252,Alabama,31.32130051,-85.44960022,confirmed_period
labeled_all,255001,45000,origin,출발 공항,DIK,23,4,19,0.1739130435,9.019572472e-05,312,North Dakota,46.79740143,-102.802002,confirmed_period
labeled_all,255001,45000,origin,출발 공항,DLG,3,1,2,0.3333333333,1.176465975e-05,367,Alaska,59.04470062,-158.5050049,confirmed_period
labeled_all,255001,45000,origin,출발 공항,DLH,111,17,94,0.1531531532,0.0004352924106,183,Minnesota,46.84209824,-92.19360352,confirmed_period
labeled_all,255001,45000,origin,출발 공항,DRO,118,24,94,0.2033898305,0.0004627432834,179,Colorado,37.1515007,-107.7539978,confirmed_period
labeled_all,255001,45000,origin,출발 공항,DRT,18,2,16,0.1111111111,7.058795848e-05,334,Texas,29.37420082,-100.927002,confirmed_period
labeled_all,255001,45000,origin,출발 공항,DSM,552,82,470,0.1485507246,0.002164697393,83,Iowa,41.5340004,-93.6631012,confirmed_period
labeled_all,255001,45000,origin,출발 공항,DTW,5042,773,4269,0.1533121777,0.01977247148,13,Michigan,42.21239853,-83.35340118,confirmed_period
labeled_all,255001,45000,origin,출발 공항,DUT,17,3,14,0.1764705882,6.666640523e-05,338,Alaska,53.90010071,-166.5440063,confirmed_period
labeled_all,255001,45000,origin,출발 공항,DVL,21,3,18,0.1428571429,8.235261823e-05,318,North Dakota,48.11420059,-98.90879822,confirmed_period
labeled_all,255001,45000,origin,출발 공항,EAR,13,0,13,0,5.098019223e-05,348,Nebraska,40.72700119,-99.00679779,confirmed_period
labeled_all,255001,45000,origin,출발 공항,EAT,35,10,25,0.2857142857,0.0001372543637,268,Washington,47.39889908,-120.2070007,confirmed_period
labeled_all,255001,45000,origin,출발 공항,EAU,38,2,36,0.05263157895,0.0001490190235,260,Wisconsin,44.86579895,-91.48429871,confirmed_period
labeled_all,255001,45000,origin,출발 공항,ECP,195,24,171,0.1230769231,0.0007647028835,139,Florida,30.3417,-85.7973,confirmed_period
labeled_all,255001,45000,origin,출발 공항,EGE,58,11,47,0.1896551724,0.0002274500884,226,Colorado,39.64260101,-106.9179993,confirmed_period
labeled_all,255001,45000,origin,출발 공항,EKO,25,2,23,0.08,9.803883122e-05,305,Nevada,40.82490158,-115.7919998,confirmed_period
labeled_all,255001,45000,origin,출발 공항,ELM,91,15,76,0.1648351648,0.0003568613456,197,New York,42.15990067,-76.89160156,confirmed_period
labeled_all,255001,45000,origin,출발 공항,ELP,639,105,534,0.1643192488,0.002505872526,74,Texas,31.80719948,-106.3779984,confirmed_period
labeled_all,255001,45000,origin,출발 공항,ERI,69,10,59,0.1449275362,0.0002705871742,216,Pennsylvania,42.08312701,-80.17386675,confirmed_period
labeled_all,255001,45000,origin,출발 공항,ESC,14,4,10,0.2857142857,5.490174548e-05,347,Michigan,45.72269821,-87.09369659,confirmed_period
labeled_all,255001,45000,origin,출발 공항,EUG,294,44,250,0.1496598639,0.001152936655,110,Oregon,44.12459946,-123.211998,confirmed_period
labeled_all,255001,45000,origin,출발 공항,EVV,166,23,143,0.1385542169,0.0006509778393,152,Indiana,38.03699875,-87.53240204,confirmed_period
labeled_all,255001,45000,origin,출발 공항,EWN,63,10,53,0.1587301587,0.0002470578547,221,North Carolina,35.07300186,-77.04290009,confirmed_period
labeled_all,255001,45000,origin,출발 공항,EWR,5584,1386,4198,0.2482091691,0.02189795334,11,New Jersey,40.69250107,-74.16870117,confirmed_period
labeled_all,255001,45000,origin,출발 공항,EYW,135,20,115,0.1481481481,0.0005294096886,173,Florida,24.55610085,-81.75959778,confirmed_period
labeled_all,255001,45000,origin,출발 공항,FAI,170,11,159,0.06470588235,0.0006666640523,150,Alaska,64.81510162,-147.8560028,confirmed_period
labeled_all,255001,45000,origin,출발 공항,FAR,247,37,210,0.1497975709,0.0009686236525,122,North Dakota,46.92070007,-96.81580353,confirmed_period
labeled_all,255001,45000,origin,출발 공항,FAT,379,57,322,0.1503957784,0.001486268681,97,California,36.77619934,-119.7180023,confirmed_period
labeled_all,255001,45000,origin,출발 공항,FAY,120,24,96,0.2,0.0004705863899,177,North Carolina,34.99119949,-78.88030243,confirmed_period
labeled_all,255001,45000,origin,출발 공항,FCA,144,24,120,0.1666666667,0.0005647036678,167,Montana,48.3105011,-114.2559967,unconfirmed
labeled_all,255001,45000,origin,출발 공항,FLG,46,9,37,0.1956521739,0.0001803914494,241,Arizona,35.13850021,-111.6709976,confirmed_period
labeled_all,255001,45000,origin,출발 공항,FLL,3493,701,2792,0.2006870885,0.0136979855,22,Florida,26.07259941,-80.15270233,confirmed_period
labeled_all,255001,45000,origin,출발 공항,FLO,31,5,26,0.1612903226,0.0001215681507,280,South Carolina,34.1853981,-79.72389984,confirmed_period
labeled_all,255001,45000,origin,출발 공항,FNT,137,18,119,0.1313868613,0.0005372527951,171,Michigan,42.9654007,-83.74359894,confirmed_period
labeled_all,255001,45000,origin,출발 공항,FSD,242,42,200,0.173553719,0.0009490158862,124,South Dakota,43.58200073,-96.74189758,confirmed_period
labeled_all,255001,45000,origin,출발 공항,FSM,69,11,58,0.1594202899,0.0002705871742,217,Arkansas,35.33660126,-94.36740112,confirmed_period
labeled_all,255001,45000,origin,출발 공항,FWA,204,26,178,0.1274509804,0.0007999968628,137,Indiana,40.97850037,-85.19509888,confirmed_period
labeled_all,255001,45000,origin,출발 공항,GCC,26,2,24,0.07692307692,0.0001019603845,298,Wyoming,44.34889984,-105.5390015,confirmed_period
labeled_all,255001,45000,origin,출발 공항,GCK,20,2,18,0.1,7.843106498e-05,325,Kansas,37.92750168,-100.723999,confirmed_period
labeled_all,255001,45000,origin,출발 공항,GEG,755,104,651,0.1377483444,0.002960772703,69,Washington,47.61989975,-117.5339966,confirmed_period
labeled_all,255001,45000,origin,출발 공항,GFK,55,7,48,0.1272727273,0.0002156854287,231,North Dakota,47.94929886,-97.17610168,confirmed_period
labeled_all,255001,45000,origin,출발 공항,GGG,16,3,13,0.1875,6.274485198e-05,340,Texas,32.38399887,-94.71150208,confirmed_period
labeled_all,255001,45000,origin,출발 공항,GJT,145,18,127,0.124137931,0.0005686252211,166,Colorado,39.12239838,-108.5270004,confirmed_period
labeled_all,255001,45000,origin,출발 공항,GNV,136,14,122,0.1029411765,0.0005333312418,172,Florida,29.69009972,-82.27179718,confirmed_period
labeled_all,255001,45000,origin,출발 공항,GPT,131,15,116,0.1145038168,0.0005137234756,174,Mississippi,30.40730095,-89.07009888,confirmed_period
labeled_all,255001,45000,origin,출발 공항,GRB,194,33,161,0.1701030928,0.0007607813303,140,Wisconsin,44.48509979,-88.12960052,confirmed_period
labeled_all,255001,45000,origin,출발 공항,GRI,24,3,21,0.125,9.411727797e-05,307,Nebraska,40.96749878,-98.30960083,confirmed_period
labeled_all,255001,45000,origin,출발 공항,GRK,87,15,72,0.1724137931,0.0003411751326,201,Texas,31.06719971,-97.8289032,confirmed_period
labeled_all,255001,45000,origin,출발 공항,GRR,654,116,538,0.1773700306,0.002564695825,72,Michigan,42.88079834,-85.52279663,confirmed_period
labeled_all,255001,45000,origin,출발 공항,GSO,512,87,425,0.169921875,0.002007835263,87,North Carolina,36.09780121,-79.93730164,confirmed_period
labeled_all,255001,45000,origin,출발 공항,GSP,536,97,439,0.1809701493,0.002101952541,84,South Carolina,34.89569855,-82.21890259,confirmed_period
labeled_all,255001,45000,origin,출발 공항,GST,3,1,2,0.3333333333,1.176465975e-05,368,Alaska,58.4253006,-135.7070007,confirmed_period
labeled_all,255001,45000,origin,출발 공항,GTF,96,15,81,0.15625,0.0003764691119,188,Montana,47.48199844,-111.3710022,confirmed_period
labeled_all,255001,45000,origin,출발 공항,GTR,27,2,25,0.07407407407,0.0001058819377,292,Mississippi,33.45029831,-88.59140015,confirmed_period
labeled_all,255001,45000,origin,출발 공항,GUC,27,3,24,0.1111111111,0.0001058819377,293,Colorado,38.53390121,-106.9329987,confirmed_period
labeled_all,255001,45000,origin,출발 공항,GUM,33,4,29,0.1212121212,0.0001294112572,275,Barrigada,13.48340034,144.7960052,confirmed_period
labeled_all,255001,45000,origin,출발 공항,HDN,60,12,48,0.2,0.0002352931949,223,Colorado,40.48120117,-107.2180023,confirmed_period
labeled_all,255001,45000,origin,출발 공항,HGR,2,1,1,0.5,7.843106498e-06,371,Maryland,39.707901,-77.72949982,confirmed_period
labeled_all,255001,45000,origin,출발 공항,HHH,40,9,31,0.225,0.00015686213,256,South Carolina,32.22439957,-80.69750214,unconfirmed
labeled_all,255001,45000,origin,출발 공항,HIB,10,1,9,0.1,3.921553249e-05,354,Minnesota,47.38660049,-92.83899689,confirmed_period
labeled_all,255001,45000,origin,출발 공항,HLN,85,12,73,0.1411764706,0.0003333320261,205,Montana,46.60680008,-111.9830017,confirmed_period
labeled_all,255001,45000,origin,출발 공항,HNL,2057,161,1896,0.07826932426,0.008066635033,37,Hawaii,21.31870079,-157.9219971,confirmed_period
labeled_all,255001,45000,origin,출발 공항,HOB,26,3,23,0.1153846154,0.0001019603845,299,New Mexico,32.6875,-103.2170029,confirmed_period
labeled_all,255001,45000,origin,출발 공항,HOU,2101,489,1612,0.2327463113,0.008239183376,36,Texas,29.64539909,-95.27890015,confirmed_period
labeled_all,255001,45000,origin,출발 공항,HPN,378,83,295,0.2195767196,0.001482347128,98,New York,41.06700134,-73.70760345,confirmed_period
labeled_all,255001,45000,origin,출발 공항,HRL,156,22,134,0.141025641,0.0006117623068,159,Texas,26.22850037,-97.65440369,confirmed_period
labeled_all,255001,45000,origin,출발 공항,HSV,317,60,257,0.1892744479,0.00124313238,108,Alabama,34.6371994,-86.77510071,confirmed_period
labeled_all,255001,45000,origin,출발 공항,HTS,44,6,38,0.1363636364,0.0001725483429,249,West Virginia,38.36669922,-82.55799866,confirmed_period
labeled_all,255001,45000,origin,출발 공항,HVN,27,3,24,0.1111111111,0.0001058819377,294,Connecticut,41.26369858,-72.88680267,confirmed_period
labeled_all,255001,45000,origin,출발 공항,HYA,4,0,4,0,1.5686213e-05,364,Massachusetts,41.66930008,-70.28040314,confirmed_period
labeled_all,255001,45000,origin,출발 공항,HYS,43,5,38,0.1162790698,0.0001686267897,253,Kansas,38.84220123,-99.27320099,confirmed_period
labeled_all,255001,45000,origin,출발 공항,IAD,3373,544,2829,0.161280759,0.01322739911,24,Virginia,38.94449997,-77.45580292,confirmed_period
labeled_all,255001,45000,origin,출발 공항,IAG,37,5,32,0.1351351351,0.0001450974702,263,New York,43.1072998,-78.94619751,confirmed_period
labeled_all,255001,45000,origin,출발 공항,IAH,6499,1072,5427,0.1649484536,0.02548617456,7,Texas,29.9843998,-95.34140015,confirmed_period
labeled_all,255001,45000,origin,출발 공항,ICT,363,68,295,0.1873278237,0.001423523829,101,Kansas,37.64989853,-97.43309784,confirmed_period
labeled_all,255001,45000,origin,출발 공항,IDA,86,9,77,0.1046511628,0.0003372535794,202,Idaho,43.51459885,-112.0709991,confirmed_period
labeled_all,255001,45000,origin,출발 공항,ILM,252,38,214,0.1507936508,0.0009882314187,120,North Carolina,34.27059937,-77.90260315,confirmed_period
labeled_all,255001,45000,origin,출발 공항,IMT,22,3,19,0.1363636364,8.627417147e-05,314,Michigan,45.81840134,-88.11450195,tz_conflict_needs_resolution
labeled_all,255001,45000,origin,출발 공항,IND,1737,283,1454,0.1629245826,0.006811737993,43,Indiana,39.71730041,-86.29440308,confirmed_period
labeled_all,255001,45000,origin,출발 공항,INL,16,4,12,0.25,6.274485198e-05,341,Minnesota,48.56620026,-93.40309906,confirmed_period
labeled_all,255001,45000,origin,출발 공항,IPT,20,3,17,0.15,7.843106498e-05,326,Pennsylvania,41.2417984,-76.9210968,confirmed_period
labeled_all,255001,45000,origin,출발 공항,ISN,56,6,50,0.1071428571,0.0002196069819,229,North Dakota,48.17789841,-103.6419983,confirmed_current_only
labeled_all,255001,45000,origin,출발 공항,ISP,227,45,182,0.1982378855,0.0008901925875,128,New York,40.79520035,-73.10019684,confirmed_period
labeled_all,255001,45000,origin,출발 공항,ITH,97,16,81,0.1649484536,0.0003803906651,187,New York,42.49100113,-76.45839691,confirmed_period
labeled_all,255001,45000,origin,출발 공항,ITO,259,10,249,0.03861003861,0.001015682291,116,Hawaii,19.72139931,-155.0480042,confirmed_period
labeled_all,255001,45000,origin,출발 공항,JAC,165,28,137,0.1696969697,0.0006470562861,153,Wyoming,43.6072998,-110.737999,confirmed_period
labeled_all,255001,45000,origin,출발 공항,JAN,254,34,220,0.1338582677,0.0009960745252,119,Mississippi,32.31119919,-90.07589722,confirmed_period
labeled_all,255001,45000,origin,출발 공항,JAX,1077,166,911,0.1541318477,0.004223512849,52,Florida,30.49410057,-81.68789673,confirmed_period
labeled_all,255001,45000,origin,출발 공항,JFK,4036,827,3209,0.2049058474,0.01582738891,20,New York,40.63980103,-73.77890015,confirmed_period
labeled_all,255001,45000,origin,출발 공항,JHM,46,8,38,0.1739130435,0.0001803914494,242,Hawaii,20.96290016,-156.6730042,confirmed_period
labeled_all,255001,45000,origin,출발 공항,JLN,20,6,14,0.3,7.843106498e-05,327,Missouri,37.15179825,-94.49829865,confirmed_period
labeled_all,255001,45000,origin,출발 공항,JMS,35,6,29,0.1714285714,0.0001372543637,269,North Dakota,46.92969894,-98.67819977,confirmed_period
labeled_all,255001,45000,origin,출발 공항,JNU,142,21,121,0.1478873239,0.0005568605613,169,Alaska,58.35499954,-134.576004,confirmed_period
labeled_all,255001,45000,origin,출발 공항,KOA,566,50,516,0.08833922261,0.002219599139,80,Hawaii,19.73880005,-156.0460052,confirmed_period
labeled_all,255001,45000,origin,출발 공항,KTN,92,11,81,0.1195652174,0.0003607828989,195,Alaska,55.35559845,-131.7140045,tz_conflict_needs_resolution
labeled_all,255001,45000,origin,출발 공항,LAN,141,26,115,0.1843971631,0.0005529390081,170,Michigan,42.77870178,-84.58740234,confirmed_period
labeled_all,255001,45000,origin,출발 공항,LAR,18,3,15,0.1666666667,7.058795848e-05,335,Wyoming,41.31209946,-105.6750031,confirmed_period
labeled_all,255001,45000,origin,출발 공항,LAS,5931,1084,4847,0.1827685045,0.02325873232,10,Nevada,36.08010101,-115.1520004,confirmed_period
labeled_all,255001,45000,origin,출발 공항,LAW,37,8,29,0.2162162162,0.0001450974702,264,Oklahoma,34.56769943,-98.41660309,confirmed_period
labeled_all,255001,45000,origin,출발 공항,LAX,8047,1418,6629,0.1762147384,0.03155673899,4,California,33.94250107,-118.4079971,confirmed_period
labeled_all,255001,45000,origin,출발 공항,LBB,259,36,223,0.138996139,0.001015682291,117,Texas,33.66360092,-101.822998,confirmed_period
labeled_all,255001,45000,origin,출발 공항,LBE,48,6,42,0.125,0.0001882345559,237,Pennsylvania,40.27590179,-79.40480042,confirmed_period
labeled_all,255001,45000,origin,출발 공항,LBF,18,0,18,0,7.058795848e-05,336,Nebraska,41.12620163,-100.6839981,confirmed_period
labeled_all,255001,45000,origin,출발 공항,LBL,21,1,20,0.04761904762,8.235261823e-05,319,Kansas,37.0442009,-100.9599991,confirmed_period
labeled_all,255001,45000,origin,출발 공항,LCH,58,7,51,0.1206896552,0.0002274500884,227,Louisiana,30.12610054,-93.22329712,confirmed_period
labeled_all,255001,45000,origin,출발 공항,LCK,35,6,29,0.1714285714,0.0001372543637,270,Ohio,39.81380081,-82.92780304,confirmed_period
labeled_all,255001,45000,origin,출발 공항,LEX,390,63,327,0.1615384615,0.001529405767,96,Kentucky,38.03649902,-84.60590363,confirmed_period
labeled_all,255001,45000,origin,출발 공항,LFT,143,19,124,0.1328671329,0.0005607821146,168,Louisiana,30.20529938,-91.98760223,confirmed_period
labeled_all,255001,45000,origin,출발 공항,LGA,4831,1060,3771,0.2194162699,0.01894502375,16,New York,40.77719879,-73.87259674,confirmed_period
labeled_all,255001,45000,origin,출발 공항,LGB,608,89,519,0.1463815789,0.002384304375,77,California,33.81769943,-118.1520004,confirmed_period
labeled_all,255001,45000,origin,출발 공항,LIH,509,39,470,0.07662082515,0.001996070604,88,Hawaii,21.97599983,-159.3390045,confirmed_period
labeled_all,255001,45000,origin,출발 공항,LIT,501,69,432,0.1377245509,0.001964698178,89,Arkansas,34.72940063,-92.22429657,confirmed_period
labeled_all,255001,45000,origin,출발 공항,LNK,125,17,108,0.136,0.0004901941561,175,Nebraska,40.85100174,-96.75920105,confirmed_period
labeled_all,255001,45000,origin,출발 공항,LNY,72,9,63,0.125,0.0002823518339,214,Hawaii,20.78560066,-156.951004,confirmed_period
labeled_all,255001,45000,origin,출발 공항,LRD,70,11,59,0.1571428571,0.0002745087274,215,Texas,27.54380035,-99.46160126,confirmed_period
labeled_all,255001,45000,origin,출발 공항,LSE,45,5,40,0.1111111111,0.0001764698962,245,Wisconsin,43.87900162,-91.25669861,confirmed_period
labeled_all,255001,45000,origin,출발 공항,LWB,18,2,16,0.1111111111,7.058795848e-05,337,West Virginia,37.85829926,-80.39949799,confirmed_period
labeled_all,255001,45000,origin,출발 공항,LWS,34,2,32,0.05882352941,0.0001333328105,274,Idaho,46.37450027,-117.0149994,confirmed_period
labeled_all,255001,45000,origin,출발 공항,LYH,51,7,44,0.137254902,0.0001999992157,233,Virginia,37.3266983,-79.20040131,confirmed_period
labeled_all,255001,45000,origin,출발 공항,MAF,344,53,291,0.1540697674,0.001349014318,103,Texas,31.94249916,-102.2020035,confirmed_period
labeled_all,255001,45000,origin,출발 공항,MBS,91,14,77,0.1538461538,0.0003568613456,198,Michigan,43.53290176,-84.07959747,confirmed_period
labeled_all,255001,45000,origin,출발 공항,MCI,2012,287,1725,0.1426441352,0.007890165137,39,Missouri,39.29759979,-94.71389771,confirmed_period
labeled_all,255001,45000,origin,출발 공항,MCO,4944,946,3998,0.1913430421,0.01938815926,15,Florida,28.42939949,-81.30899811,confirmed_period
labeled_all,255001,45000,origin,출발 공항,MDT,348,61,287,0.1752873563,0.001364700531,102,Pennsylvania,40.19350052,-76.76339722,confirmed_period
labeled_all,255001,45000,origin,출발 공항,MDW,3134,796,2338,0.2539885131,0.01229014788,26,Illinois,41.7859993,-87.75240326,confirmed_period
labeled_all,255001,45000,origin,출발 공항,MEI,30,9,21,0.3,0.0001176465975,284,Mississippi,32.33259964,-88.75189972,confirmed_period
labeled_all,255001,45000,origin,출발 공항,MEM,793,129,664,0.1626733922,0.003109791726,67,Tennessee,35.04240036,-89.97669983,confirmed_period
labeled_all,255001,45000,origin,출발 공항,MFE,165,19,146,0.1151515152,0.0006470562861,154,Texas,26.17580032,-98.23860168,confirmed_period
labeled_all,255001,45000,origin,출발 공항,MFR,274,44,230,0.1605839416,0.00107450559,114,Oregon,42.37419891,-122.8730011,confirmed_period
labeled_all,255001,45000,origin,출발 공항,MGM,120,28,92,0.2333333333,0.0004705863899,178,Alabama,32.30059814,-86.39399719,confirmed_period
labeled_all,255001,45000,origin,출발 공항,MHK,46,6,40,0.1304347826,0.0001803914494,243,Kansas,39.14099884,-96.67079926,confirmed_period
labeled_all,255001,45000,origin,출발 공항,MHT,343,45,298,0.1311953353,0.001345092764,105,New Hampshire,42.93259811,-71.43569946,confirmed_period
labeled_all,255001,45000,origin,출발 공항,MIA,2337,438,1899,0.1874197689,0.009164669942,33,Florida,25.79319954,-80.29060364,confirmed_period
labeled_all,255001,45000,origin,출발 공항,MKE,1178,181,997,0.1536502547,0.004619589727,49,Wisconsin,42.94720078,-87.89659882,confirmed_period
labeled_all,255001,45000,origin,출발 공항,MKG,16,4,12,0.25,6.274485198e-05,342,Michigan,43.16949844,-86.23819733,confirmed_period
labeled_all,255001,45000,origin,출발 공항,MKK,59,12,47,0.2033898305,0.0002313716417,224,Hawaii,21.1529007,-157.095993,confirmed_period
labeled_all,255001,45000,origin,출발 공항,MLB,73,7,66,0.09589041096,0.0002862733872,212,Florida,28.10280037,-80.64530182,confirmed_period
labeled_all,255001,45000,origin,출발 공항,MLI,192,31,161,0.1614583333,0.0007529382238,142,Illinois,41.44850159,-90.50749969,confirmed_period
labeled_all,255001,45000,origin,출발 공항,MLU,82,9,73,0.1097560976,0.0003215673664,208,Louisiana,32.51089859,-92.03769684,confirmed_period
labeled_all,255001,45000,origin,출발 공항,MMH,15,7,8,0.4666666667,5.882329873e-05,344,California,37.62409973,-118.8379974,confirmed_period
labeled_all,255001,45000,origin,출발 공항,MOB,181,35,146,0.1933701657,0.000709801138,146,Alabama,30.69120026,-88.24279785,confirmed_period
labeled_all,255001,45000,origin,출발 공항,MOT,90,14,76,0.1555555556,0.0003529397924,199,North Dakota,48.25939941,-101.2799988,confirmed_period
labeled_all,255001,45000,origin,출발 공항,MQT,50,8,42,0.16,0.0001960776624,234,Michigan,46.35359955,-87.395401,unconfirmed
labeled_all,255001,45000,origin,출발 공항,MRY,156,25,131,0.1602564103,0.0006117623068,160,California,36.5870018,-121.8430023,confirmed_period
labeled_all,255001,45000,origin,출발 공항,MSN,454,59,395,0.1299559471,0.001780385175,90,Wisconsin,43.13990021,-89.33750153,confirmed_period
labeled_all,255001,45000,origin,출발 공항,MSO,188,33,155,0.1755319149,0.0007372520108,143,Montana,46.91630173,-114.0910034,confirmed_period
labeled_all,255001,45000,origin,출발 공항,MSP,4656,672,3984,0.1443298969,0.01825875193,17,Minnesota,44.88199997,-93.22180176,confirmed_period
labeled_all,255001,45000,origin,출발 공항,MSY,1927,359,1568,0.1862999481,0.00755683311,41,Louisiana,29.99340057,-90.25800323,confirmed_period
labeled_all,255001,45000,origin,출발 공항,MTJ,86,12,74,0.1395348837,0.0003372535794,203,Colorado,38.50979996,-107.8939972,confirmed_period
labeled_all,255001,45000,origin,출발 공항,MVY,13,4,9,0.3076923077,5.098019223e-05,349,Massachusetts,41.39310074,-70.61430359,confirmed_period
labeled_all,255001,45000,origin,출발 공항,MYR,415,68,347,0.1638554217,0.001627444598,93,South Carolina,33.67969894,-78.92829895,confirmed_period
labeled_all,255001,45000,origin,출발 공항,OAJ,88,11,77,0.125,0.0003450966859,200,North Carolina,34.82920074,-77.61209869,confirmed_period
labeled_all,255001,45000,origin,출발 공항,OAK,2037,399,1638,0.1958762887,0.007988203968,38,California,37.72129822,-122.2210007,confirmed_period
labeled_all,255001,45000,origin,출발 공항,OGD,5,3,2,0.6,1.960776624e-05,363,Utah,41.19589996,-112.012001,confirmed_period
labeled_all,255001,45000,origin,출발 공항,OGG,957,107,850,0.1118077325,0.003752926459,54,Hawaii,20.89859962,-156.4299927,confirmed_period
labeled_all,255001,45000,origin,출발 공항,OGS,10,5,5,0.5,3.921553249e-05,355,New York,44.68190002,-75.46549988,confirmed_period
labeled_all,255001,45000,origin,출발 공항,OKC,868,135,733,0.1555299539,0.00340390822,59,Oklahoma,35.39310074,-97.60070038,confirmed_period
labeled_all,255001,45000,origin,출발 공항,OMA,872,138,734,0.1582568807,0.003419594433,58,Nebraska,41.30319977,-95.89409637,confirmed_period
labeled_all,255001,45000,origin,출발 공항,OME,24,1,23,0.04166666667,9.411727797e-05,308,Alaska,64.5121994,-165.4450073,confirmed_period
labeled_all,255001,45000,origin,출발 공항,ONT,813,112,701,0.1377613776,0.003188222791,65,California,34.05599976,-117.6009979,confirmed_period
labeled_all,255001,45000,origin,출발 공항,ORD,12355,2667,9688,0.2158640227,0.04845079039,1,Illinois,41.97859955,-87.90480042,confirmed_period
labeled_all,255001,45000,origin,출발 공항,ORF,780,136,644,0.1743589744,0.003058811534,68,Virginia,36.89459991,-76.20120239,confirmed_period
labeled_all,255001,45000,origin,출발 공항,ORH,57,12,45,0.2105263158,0.0002235285352,228,Massachusetts,42.26729965,-71.8757019,confirmed_period
labeled_all,255001,45000,origin,출발 공항,OTH,10,6,4,0.6,3.921553249e-05,356,Oregon,43.417099,-124.2460022,confirmed_period
labeled_all,255001,45000,origin,출발 공항,OTZ,19,1,18,0.05263157895,7.450951173e-05,331,Alaska,66.88469696,-162.598999,confirmed_period
labeled_all,255001,45000,origin,출발 공항,OWB,4,0,4,0,1.5686213e-05,365,Kentucky,37.74010086,-87.16680145,confirmed_period
labeled_all,255001,45000,origin,출발 공항,PAE,111,18,93,0.1621621622,0.0004352924106,184,Washington,47.90629959,-122.2819977,confirmed_period
labeled_all,255001,45000,origin,출발 공항,PAH,48,11,37,0.2291666667,0.0001882345559,238,Kentucky,37.06079864,-88.77380371,confirmed_period
labeled_all,255001,45000,origin,출발 공항,PBG,45,12,33,0.2666666667,0.0001764698962,246,New York,44.65090179,-73.4681015,confirmed_period
labeled_all,255001,45000,origin,출발 공항,PBI,853,176,677,0.2063305979,0.003345084921,61,Florida,26.68320084,-80.09559631,unconfirmed
labeled_all,255001,45000,origin,출발 공항,PDX,2927,367,2560,0.1253843526,0.01147838636,27,Oregon,45.58869934,-122.5979996,confirmed_period
labeled_all,255001,45000,origin,출발 공항,PGD,234,37,197,0.1581196581,0.0009176434602,127,Florida,26.92020035,-81.9905014,confirmed_period
labeled_all,255001,45000,origin,출발 공항,PGV,33,5,28,0.1515151515,0.0001294112572,276,North Carolina,35.6352005,-77.38529968,confirmed_period
labeled_all,255001,45000,origin,출발 공항,PHF,94,19,75,0.2021276596,0.0003686260054,191,Virginia,37.13190079,-76.49299622,confirmed_period
labeled_all,255001,45000,origin,출발 공항,PHL,4164,741,3423,0.1779538905,0.01632934773,18,Pennsylvania,39.87189865,-75.2410965,confirmed_period
labeled_all,255001,45000,origin,출발 공항,PHX,5556,1024,4532,0.1843052556,0.02178814985,12,Arizona,33.43429947,-112.012001,confirmed_period
labeled_all,255001,45000,origin,출발 공항,PIA,165,28,137,0.1696969697,0.0006470562861,155,Illinois,40.66419983,-89.69329834,confirmed_period
labeled_all,255001,45000,origin,출발 공항,PIB,21,4,17,0.1904761905,8.235261823e-05,320,Mississippi,31.46710014,-89.33709717,confirmed_period
labeled_all,255001,45000,origin,출발 공항,PIE,324,56,268,0.1728395062,0.001270583253,107,Florida,27.91020012,-82.68740082,confirmed_period
labeled_all,255001,45000,origin,출발 공항,PIH,33,0,33,0,0.0001294112572,277,Idaho,42.90980148,-112.5960007,confirmed_period
labeled_all,255001,45000,origin,출발 공항,PIR,9,2,7,0.2222222222,3.529397924e-05,357,South Dakota,44.38270187,-100.2860031,confirmed_period
labeled_all,255001,45000,origin,출발 공항,PIT,1628,241,1387,0.148034398,0.006384288689,44,Pennsylvania,40.49150085,-80.23290253,confirmed_period
labeled_all,255001,45000,origin,출발 공항,PLN,29,4,25,0.1379310345,0.0001137250442,289,Michigan,45.57089996,-84.79669952,confirmed_period
labeled_all,255001,45000,origin,출발 공항,PNS,367,61,306,0.1662125341,0.001439210042,99,Florida,30.47340012,-87.18659973,confirmed_period
labeled_all,255001,45000,origin,출발 공항,PPG,2,1,1,0.5,7.843106498e-06,372,Eastern-District,-14.33100033,-170.7100067,confirmed_period
labeled_all,255001,45000,origin,출발 공항,PQI,12,2,10,0.1666666667,4.705863899e-05,350,Maine,46.68899918,-68.0447998,confirmed_period
labeled_all,255001,45000,origin,출발 공항,PRC,12,2,10,0.1666666667,4.705863899e-05,351,Arizona,34.65449905,-112.4199982,confirmed_period
labeled_all,255001,45000,origin,출발 공항,PSC,219,31,188,0.1415525114,0.0008588201615,131,Washington,46.26470184,-119.1190033,confirmed_period
labeled_all,255001,45000,origin,출발 공항,PSE,39,13,26,0.3333333333,0.0001529405767,257,Ponce,18.00830078,-66.56300354,confirmed_period
labeled_all,255001,45000,origin,출발 공항,PSG,20,2,18,0.1,7.843106498e-05,328,Alaska,56.80170059,-132.9450073,tz_conflict_needs_resolution
labeled_all,255001,45000,origin,출발 공항,PSM,8,1,7,0.125,3.137242599e-05,359,New Hampshire,43.07789993,-70.82330322,confirmed_period
labeled_all,255001,45000,origin,출발 공항,PSP,365,60,305,0.1643835616,0.001431366936,100,California,33.82970047,-116.5070038,confirmed_period
labeled_all,255001,45000,origin,출발 공항,PUB,35,5,30,0.1428571429,0.0001372543637,271,Colorado,38.28910065,-104.4970016,confirmed_period
labeled_all,255001,45000,origin,출발 공항,PUW,36,8,28,0.2222222222,0.000141175917,266,Washington,46.7439003,-117.1100006,confirmed_period
labeled_all,255001,45000,origin,출발 공항,PVD,673,114,559,0.1693907875,0.002639205336,71,Rhode Island,41.73260117,-71.42040253,confirmed_period
labeled_all,255001,45000,origin,출발 공항,PVU,26,4,22,0.1538461538,0.0001019603845,300,Utah,40.21920013,-111.7229996,confirmed_period
labeled_all,255001,45000,origin,출발 공항,PWM,446,75,371,0.168161435,0.001749012749,92,Maine,43.64619827,-70.30930328,confirmed_period
labeled_all,255001,45000,origin,출발 공항,RAP,181,34,147,0.1878453039,0.000709801138,147,South Dakota,44.04529953,-103.0569992,confirmed_period
labeled_all,255001,45000,origin,출발 공항,RDD,53,12,41,0.2264150943,0.0002078423222,232,California,40.50899887,-122.2929993,confirmed_period
labeled_all,255001,45000,origin,출발 공항,RDM,256,40,216,0.15625,0.001003917632,118,Oregon,44.2541008,-121.1500015,confirmed_period
labeled_all,255001,45000,origin,출발 공항,RDU,2139,396,1743,0.1851332398,0.008388202399,35,North Carolina,35.87760162,-78.78749847,confirmed_period
labeled_all,255001,45000,origin,출발 공항,RFD,27,3,24,0.1111111111,0.0001058819377,295,Illinois,42.19540024,-89.09719849,confirmed_period
labeled_all,255001,45000,origin,출발 공항,RHI,20,2,18,0.1,7.843106498e-05,329,Wisconsin,45.63119888,-89.46749878,confirmed_period
labeled_all,255001,45000,origin,출발 공항,RIC,850,175,675,0.2058823529,0.003333320261,62,Virginia,37.50519943,-77.31970215,confirmed_period
labeled_all,255001,45000,origin,출발 공항,RKS,30,3,27,0.1,0.0001176465975,285,Wyoming,41.59420013,-109.0650024,confirmed_period
labeled_all,255001,45000,origin,출발 공항,RNO,797,111,686,0.139272271,0.003125477939,66,Nevada,39.49909973,-119.7679977,confirmed_period
labeled_all,255001,45000,origin,출발 공항,ROA,187,32,155,0.1711229947,0.0007333304575,144,Virginia,37.32550049,-79.97540283,confirmed_period
labeled_all,255001,45000,origin,출발 공항,ROC,570,74,496,0.1298245614,0.002235285352,79,New York,43.1189003,-77.67240143,confirmed_period
labeled_all,255001,45000,origin,출발 공항,ROP,4,0,4,0,1.5686213e-05,366,Rota,14.17430019,145.2429962,confirmed_period
labeled_all,255001,45000,origin,출발 공항,ROW,49,4,45,0.08163265306,0.0001921561092,235,New Mexico,33.30160141,-104.5309982,confirmed_period
labeled_all,255001,45000,origin,출발 공항,RST,114,22,92,0.1929824561,0.0004470570704,182,Minnesota,43.90829849,-92.5,confirmed_period
labeled_all,255001,45000,origin,출발 공항,RSW,1108,175,933,0.1579422383,0.004345081,50,Florida,26.53619957,-81.75520325,confirmed_period
labeled_all,255001,45000,origin,출발 공항,SAF,66,13,53,0.196969697,0.0002588225144,219,New Mexico,35.61709976,-106.0889969,confirmed_period
labeled_all,255001,45000,origin,출발 공항,SAN,3325,508,2817,0.1527819549,0.01303916455,25,California,32.73360062,-117.1900024,confirmed_period
labeled_all,255001,45000,origin,출발 공항,SAT,1537,208,1329,0.1353285621,0.006027427343,47,Texas,29.53370094,-98.46980286,confirmed_period
labeled_all,255001,45000,origin,출발 공항,SAV,585,102,483,0.1743589744,0.002294108651,78,Georgia,32.12760162,-81.20210266,confirmed_period
labeled_all,255001,45000,origin,출발 공항,SBA,243,37,206,0.1522633745,0.0009529374395,123,California,34.42620087,-119.8399963,confirmed_period
labeled_all,255001,45000,origin,출발 공항,SBN,221,35,186,0.1583710407,0.000866663268,130,Indiana,41.70869827,-86.31729889,confirmed_period
labeled_all,255001,45000,origin,출발 공항,SBP,175,35,140,0.2,0.0006862718185,148,California,35.23680115,-120.6419983,confirmed_period
labeled_all,255001,45000,origin,출발 공항,SBY,35,4,31,0.1142857143,0.0001372543637,272,Maryland,38.34049988,-75.51029968,confirmed_period
labeled_all,255001,45000,origin,출발 공항,SCC,35,5,30,0.1428571429,0.0001372543637,273,Alaska,70.19470215,-148.4649963,confirmed_period
labeled_all,255001,45000,origin,출발 공항,SCE,153,18,135,0.1176470588,0.0005999976471,162,Pennsylvania,40.84930038,-77.84870148,unconfirmed
labeled_all,255001,45000,origin,출발 공항,SCK,36,13,23,0.3611111111,0.000141175917,267,California,37.89419937,-121.237999,confirmed_period
labeled_all,255001,45000,origin,출발 공항,SDF,866,140,726,0.1616628176,0.003396065113,60,Kentucky,38.17440033,-85.73600006,tz_conflict_needs_resolution
labeled_all,255001,45000,origin,출발 공항,SEA,6186,1012,5174,0.163595215,0.0242587284,8,Washington,47.44900131,-122.3089981,confirmed_period
labeled_all,255001,45000,origin,출발 공항,SFB,395,64,331,0.1620253165,0.001549013533,95,Florida,28.77759933,-81.23750305,confirmed_period
labeled_all,255001,45000,origin,출발 공항,SFO,6160,1271,4889,0.2063311688,0.02415676801,9,California,37.61899948,-122.375,confirmed_period
labeled_all,255001,45000,origin,출발 공항,SGF,344,63,281,0.1831395349,0.001349014318,104,Missouri,37.24570084,-93.38860321,confirmed_period
labeled_all,255001,45000,origin,출발 공항,SGU,83,7,76,0.0843373494,0.0003254889197,206,Utah,37.03638889,-113.5103056,confirmed_period
labeled_all,255001,45000,origin,출발 공항,SHD,28,5,23,0.1785714286,0.000109803491,291,Virginia,38.26380157,-78.89640045,confirmed_period
labeled_all,255001,45000,origin,출발 공항,SHV,209,40,169,0.1913875598,0.000819604629,135,Louisiana,32.44660187,-93.82559967,confirmed_period
labeled_all,255001,45000,origin,출발 공항,SIT,42,3,39,0.07142857143,0.0001647052365,254,Alaska,57.04710007,-135.3619995,tz_conflict_needs_resolution
labeled_all,255001,45000,origin,출발 공항,SJC,2369,358,2011,0.1511186154,0.009290159646,32,California,37.36259842,-121.9290009,confirmed_period
labeled_all,255001,45000,origin,출발 공항,SJT,47,1,46,0.02127659574,0.0001843130027,240,Texas,31.35770035,-100.4960022,confirmed_period
labeled_all,255001,45000,origin,출발 공항,SJU,913,182,731,0.1993428258,0.003580378116,57,Carolina,18.43939972,-66.00180054,confirmed_period
labeled_all,255001,45000,origin,출발 공항,SLC,3473,480,2993,0.1382090412,0.01361955443,23,Utah,40.78839874,-111.9779968,confirmed_period
labeled_all,255001,45000,origin,출발 공항,SLN,42,12,30,0.2857142857,0.0001647052365,255,Kansas,38.79100037,-97.65219879,confirmed_period
labeled_all,255001,45000,origin,출발 공항,SMF,1944,243,1701,0.125,0.007623499516,40,California,38.69540024,-121.5910034,confirmed_period
labeled_all,255001,45000,origin,출발 공항,SMX,7,0,7,0,2.745087274e-05,360,California,34.89889908,-120.4570007,confirmed_period
labeled_all,255001,45000,origin,출발 공항,SNA,1546,209,1337,0.1351875809,0.006062721323,46,California,33.67570114,-117.8679962,confirmed_period
labeled_all,255001,45000,origin,출발 공항,SPI,56,13,43,0.2321428571,0.0002196069819,230,Illinois,39.84410095,-89.67790222,confirmed_period
labeled_all,255001,45000,origin,출발 공항,SPN,31,2,29,0.06451612903,0.0001215681507,281,Saipan,15.11900043,145.7290039,unconfirmed
labeled_all,255001,45000,origin,출발 공항,SPS,29,4,25,0.1379310345,0.0001137250442,290,Texas,33.98880005,-98.49189758,confirmed_period
labeled_all,255001,45000,origin,출발 공항,SRQ,214,27,187,0.1261682243,0.0008392123952,133,Florida,27.39539909,-82.55439758,confirmed_period
labeled_all,255001,45000,origin,출발 공항,STC,3,0,3,0,1.176465975e-05,369,Minnesota,45.54660034,-94.05989838,confirmed_period
labeled_all,255001,45000,origin,출발 공항,STL,2465,499,1966,0.2024340771,0.009666628758,31,Missouri,38.74869919,-90.37000275,confirmed_period
labeled_all,255001,45000,origin,출발 공항,STS,151,25,126,0.1655629139,0.0005921545406,163,California,38.50899887,-122.8130035,confirmed_period
labeled_all,255001,45000,origin,출발 공항,STT,94,9,85,0.09574468085,0.0003686260054,192,Saint-Thomas-Island,18.33729935,-64.9733963,tz_conflict_needs_resolution
labeled_all,255001,45000,origin,출발 공항,STX,30,1,29,0.03333333333,0.0001176465975,286,Saint-Croix-Island,17.70190048,-64.79859924,tz_conflict_needs_resolution
labeled_all,255001,45000,origin,출발 공항,SUN,59,14,45,0.2372881356,0.0002313716417,225,Idaho,43.50439835,-114.2959976,confirmed_period
labeled_all,255001,45000,origin,출발 공항,SUX,39,6,33,0.1538461538,0.0001529405767,258,Iowa,42.40259933,-96.38439941,confirmed_period
labeled_all,255001,45000,origin,출발 공항,SWF,95,24,71,0.2526315789,0.0003725475586,189,New York,41.5041008,-74.10479736,confirmed_period
labeled_all,255001,45000,origin,출발 공항,SWO,23,2,21,0.08695652174,9.019572472e-05,313,Oklahoma,36.16120148,-97.08570099,confirmed_period
labeled_all,255001,45000,origin,출발 공항,SYR,522,96,426,0.183908046,0.002047050796,85,New York,43.11119843,-76.10630035,confirmed_period
labeled_all,255001,45000,origin,출발 공항,TLH,165,26,139,0.1575757576,0.0006470562861,156,Florida,30.39649963,-84.35030365,confirmed_period
labeled_all,255001,45000,origin,출발 공항,TOL,62,9,53,0.1451612903,0.0002431363014,222,Ohio,41.58679962,-83.80780029,confirmed_period
labeled_all,255001,45000,origin,출발 공항,TPA,2599,438,2161,0.1685263563,0.01019211689,30,Florida,27.97550011,-82.53320312,confirmed_period
labeled_all,255001,45000,origin,출발 공항,TRI,93,11,82,0.1182795699,0.0003647044521,194,Tennessee,36.47520065,-82.40740204,confirmed_period
labeled_all,255001,45000,origin,출발 공항,TTN,98,32,66,0.3265306122,0.0003843122184,186,New Jersey,40.27669907,-74.81349945,confirmed_period
labeled_all,255001,45000,origin,출발 공항,TUL,613,92,521,0.1500815661,0.002403912142,75,Oklahoma,36.19839859,-95.88809967,confirmed_period
labeled_all,255001,45000,origin,출발 공항,TUS,611,74,537,0.1211129296,0.002396069035,76,Arizona,32.11610031,-110.9410019,confirmed_period
labeled_all,255001,45000,origin,출발 공항,TVC,147,34,113,0.231292517,0.0005764683276,165,Michigan,44.74140167,-85.5821991,confirmed_period
labeled_all,255001,45000,origin,출발 공항,TWF,37,3,34,0.08108108108,0.0001450974702,265,Idaho,42.48180008,-114.487999,confirmed_period
labeled_all,255001,45000,origin,출발 공항,TXK,21,5,16,0.2380952381,8.235261823e-05,321,Arkansas,33.45370102,-93.99099731,confirmed_period
labeled_all,255001,45000,origin,출발 공항,TYR,49,4,45,0.08163265306,0.0001921561092,236,Texas,32.35409927,-95.40239716,confirmed_period
labeled_all,255001,45000,origin,출발 공항,TYS,559,103,456,0.1842576029,0.002192148266,81,Tennessee,35.81100082,-83.9940033,confirmed_period
labeled_all,255001,45000,origin,출발 공항,UIN,30,6,24,0.2,0.0001176465975,287,Illinois,39.94269943,-91.19460297,confirmed_period
labeled_all,255001,45000,origin,출발 공항,USA,45,9,36,0.2,0.0001764698962,247,North Carolina,35.38779831,-80.70909882,unconfirmed
labeled_all,255001,45000,origin,출발 공항,VEL,17,3,14,0.1764705882,6.666640523e-05,339,Utah,40.4408989,-109.5100021,confirmed_period
labeled_all,255001,45000,origin,출발 공항,VLD,22,2,20,0.09090909091,8.627417147e-05,315,Georgia,30.78249931,-83.27670288,confirmed_period
labeled_all,255001,45000,origin,출발 공항,VPS,239,40,199,0.1673640167,0.0009372512265,125,Florida,30.48320007,-86.52539825,confirmed_period
labeled_all,255001,45000,origin,출발 공항,WRG,24,2,22,0.08333333333,9.411727797e-05,309,Alaska,56.48429871,-132.3699951,tz_conflict_needs_resolution
labeled_all,255001,45000,origin,출발 공항,WYS,6,0,6,0,2.352931949e-05,362,Montana,44.68840027,-111.1179962,confirmed_period
labeled_all,255001,45000,origin,출발 공항,XNA,447,63,384,0.1409395973,0.001752934302,91,Arkansas,36.2818985,-94.30680084,confirmed_period
labeled_all,255001,45000,origin,출발 공항,XWA,7,3,4,0.4285714286,2.745087274e-05,361,North Dakota,48.259722,-103.750556,confirmed_current_only
labeled_all,255001,45000,origin,출발 공항,YAK,31,3,28,0.09677419355,0.0001215681507,282,Alaska,59.50329971,-139.6600037,confirmed_period
labeled_all,255001,45000,origin,출발 공항,YKM,44,8,36,0.1818181818,0.0001725483429,250,Washington,46.56819916,-120.5439987,confirmed_period
labeled_all,255001,45000,origin,출발 공항,YUM,45,4,41,0.08888888889,0.0001764698962,248,Arizona,32.65660095,-114.6060028,confirmed_current_only
labeled_all,255001,45000,destination,도착 공항,ABE,189,31,158,0.164021164,0.000741173564,142,Pennsylvania,40.65209961,-75.44080353,confirmed_period
labeled_all,255001,45000,destination,도착 공항,ABI,45,10,35,0.2222222222,0.0001764698962,244,Texas,32.41130066,-99.68190002,confirmed_period
labeled_all,255001,45000,destination,도착 공항,ABQ,960,173,787,0.1802083333,0.003764691119,54,New Mexico,35.04019928,-106.6090012,confirmed_period
labeled_all,255001,45000,destination,도착 공항,ABR,21,1,20,0.04761904762,8.235261823e-05,325,South Dakota,45.44910049,-98.42179871,confirmed_period
labeled_all,255001,45000,destination,도착 공항,ABY,31,1,30,0.03225806452,0.0001215681507,281,Georgia,31.53549957,-84.19450378,confirmed_period
labeled_all,255001,45000,destination,도착 공항,ACK,37,10,27,0.2702702703,0.0001450974702,259,Massachusetts,41.25310135,-70.06020355,confirmed_period
labeled_all,255001,45000,destination,도착 공항,ACT,43,6,37,0.1395348837,0.0001686267897,248,Texas,31.61129951,-97.23049927,confirmed_period
labeled_all,255001,45000,destination,도착 공항,ACV,62,12,50,0.1935483871,0.0002431363014,221,California,40.97809982,-124.1090012,confirmed_period
labeled_all,255001,45000,destination,도착 공항,ACY,128,17,111,0.1328125,0.0005019588158,175,New Jersey,39.45759964,-74.57720184,confirmed_period
labeled_all,255001,45000,destination,도착 공항,ADK,4,1,3,0.25,1.5686213e-05,365,Alaska,51.87799835,-176.6459961,confirmed_period
labeled_all,255001,45000,destination,도착 공항,ADQ,34,3,31,0.08823529412,0.0001333328105,271,Alaska,57.75,-152.4940033,confirmed_period
labeled_all,255001,45000,destination,도착 공항,AEX,97,15,82,0.1546391753,0.0003803906651,192,Louisiana,31.32740021,-92.54979706,confirmed_period
labeled_all,255001,45000,destination,도착 공항,AGS,115,19,96,0.1652173913,0.0004509786236,178,Georgia,33.36989975,-81.96450043,confirmed_period
labeled_all,255001,45000,destination,도착 공항,ALB,581,118,463,0.2030981067,0.002278422438,79,New York,42.74829864,-73.80169678,confirmed_period
labeled_all,255001,45000,destination,도착 공항,ALO,16,4,12,0.25,6.274485198e-05,345,Iowa,42.55709839,-92.40029907,confirmed_period
labeled_all,255001,45000,destination,도착 공항,ALW,25,8,17,0.32,9.803883122e-05,303,Washington,46.09489822,-118.288002,confirmed_period
labeled_all,255001,45000,destination,도착 공항,AMA,208,33,175,0.1586538462,0.0008156830758,139,Texas,35.2193985,-101.7060013,confirmed_period
labeled_all,255001,45000,destination,도착 공항,ANC,636,77,559,0.1210691824,0.002494107866,72,Alaska,61.17440033,-149.9960022,confirmed_period
labeled_all,255001,45000,destination,도착 공항,APN,17,5,12,0.2941176471,6.666640523e-05,339,Michigan,45.0780983,-83.56030273,confirmed_period
labeled_all,255001,45000,destination,도착 공항,ART,22,4,18,0.1818181818,8.627417147e-05,323,New York,43.9919014,-76.021698,confirmed_period
labeled_all,255001,45000,destination,도착 공항,ASE,213,47,166,0.220657277,0.000835290842,136,Colorado,39.22320175,-106.8690033,confirmed_period
labeled_all,255001,45000,destination,도착 공항,ATL,11551,1590,9961,0.1376504199,0.04529786158,2,Georgia,33.63669968,-84.42810059,confirmed_period
labeled_all,255001,45000,destination,도착 공항,ATW,189,34,155,0.1798941799,0.000741173564,143,Wisconsin,44.2580986,-88.51909637,confirmed_period
labeled_all,255001,45000,destination,도착 공항,ATY,13,2,11,0.1538461538,5.098019223e-05,354,South Dakota,44.91400146,-97.15470123,confirmed_period
labeled_all,255001,45000,destination,도착 공항,AUS,2242,407,1835,0.1815343443,0.008792122384,34,Texas,30.19449997,-97.66989899,confirmed_period
labeled_all,255001,45000,destination,도착 공항,AVL,306,60,246,0.1960784314,0.001199995294,106,North Carolina,35.43619919,-82.54180145,confirmed_period
labeled_all,255001,45000,destination,도착 공항,AVP,160,30,130,0.1875,0.0006274485198,158,Pennsylvania,41.33850098,-75.7233963,confirmed_period
labeled_all,255001,45000,destination,도착 공항,AZA,226,45,181,0.1991150442,0.0008862710342,124,Arizona,33.30780029,-111.6549988,unconfirmed
labeled_all,255001,45000,destination,도착 공항,AZO,110,16,94,0.1454545455,0.0004313708574,182,Michigan,42.23490143,-85.55210114,confirmed_period
labeled_all,255001,45000,destination,도착 공항,BDL,948,192,756,0.2025316456,0.00371763248,55,Connecticut,41.93889999,-72.68319702,confirmed_period
labeled_all,255001,45000,destination,도착 공항,BET,46,4,42,0.08695652174,0.0001803914494,242,Alaska,60.77980042,-161.8379974,confirmed_period
labeled_all,255001,45000,destination,도착 공항,BFF,28,4,24,0.1428571429,0.000109803491,288,Nebraska,41.87400055,-103.5960007,confirmed_period
labeled_all,255001,45000,destination,도착 공항,BFL,81,19,62,0.2345679012,0.0003176458132,209,California,35.43360138,-119.0569992,confirmed_period
labeled_all,255001,45000,destination,도착 공항,BFM,4,0,4,0,1.5686213e-05,366,Alabama,30.62680054,-88.06809998,confirmed_period
labeled_all,255001,45000,destination,도착 공항,BGM,31,6,25,0.1935483871,0.0001215681507,282,New York,42.20869827,-75.97979736,confirmed_period
labeled_all,255001,45000,destination,도착 공항,BGR,160,31,129,0.19375,0.0006274485198,159,Maine,44.80739975,-68.82810211,confirmed_period
labeled_all,255001,45000,destination,도착 공항,BHM,603,102,501,0.1691542289,0.002364696609,77,Alabama,33.56290054,-86.75350189,confirmed_period
labeled_all,255001,45000,destination,도착 공항,BIL,175,25,150,0.1428571429,0.0006862718185,148,Montana,45.80770111,-108.5429993,confirmed_period
labeled_all,255001,45000,destination,도착 공항,BIS,157,30,127,0.1910828025,0.0006156838601,160,North Dakota,46.77270126,-100.7460022,confirmed_period
labeled_all,255001,45000,destination,도착 공항,BJI,13,2,11,0.1538461538,5.098019223e-05,355,Minnesota,47.50939941,-94.93370056,confirmed_period
labeled_all,255001,45000,destination,도착 공항,BKG,10,3,7,0.3,3.921553249e-05,358,Missouri,36.532082,-93.200544,unconfirmed
labeled_all,255001,45000,destination,도착 공항,BLI,143,20,123,0.1398601399,0.0005607821146,164,Washington,48.7928009,-122.538002,confirmed_period
labeled_all,255001,45000,destination,도착 공항,BLV,33,12,21,0.3636363636,0.0001294112572,273,Illinois,38.54520035,-89.83519745,confirmed_period
labeled_all,255001,45000,destination,도착 공항,BMI,93,12,81,0.1290322581,0.0003647044521,194,Illinois,40.47710037,-88.91590118,confirmed_period
labeled_all,255001,45000,destination,도착 공항,BNA,2660,460,2200,0.1729323308,0.01043133164,29,Tennessee,36.12450027,-86.67819977,confirmed_period
labeled_all,255001,45000,destination,도착 공항,BOI,820,108,712,0.1317073171,0.003215673664,64,Idaho,43.56439972,-116.2229996,confirmed_period
labeled_all,255001,45000,destination,도착 공항,BOS,4960,1093,3867,0.2203629032,0.01945090411,14,Massachusetts,42.36429977,-71.00520325,confirmed_period
labeled_all,255001,45000,destination,도착 공항,BPT,36,2,34,0.05555555556,0.000141175917,264,Texas,29.95079994,-94.02069855,confirmed_period
labeled_all,255001,45000,destination,도착 공항,BQK,36,6,30,0.1666666667,0.000141175917,265,Georgia,31.25880051,-81.46649933,confirmed_period
labeled_all,255001,45000,destination,도착 공항,BQN,86,23,63,0.2674418605,0.0003372535794,203,Aguadilla,18.49489975,-67.12940216,confirmed_period
labeled_all,255001,45000,destination,도착 공항,BRD,17,3,14,0.1764705882,6.666640523e-05,340,Minnesota,46.39830017,-94.13809967,confirmed_period
labeled_all,255001,45000,destination,도착 공항,BRO,103,13,90,0.1262135922,0.0004039199846,188,Texas,25.90679932,-97.42590332,confirmed_period
labeled_all,255001,45000,destination,도착 공항,BRW,24,4,20,0.1666666667,9.411727797e-05,311,Alaska,71.28540039,-156.7660065,confirmed_period
labeled_all,255001,45000,destination,도착 공항,BTM,17,0,17,0,6.666640523e-05,341,Montana,45.95479965,-112.4970016,confirmed_period
labeled_all,255001,45000,destination,도착 공항,BTR,221,32,189,0.1447963801,0.000866663268,128,Louisiana,30.53319931,-91.14959717,confirmed_period
labeled_all,255001,45000,destination,도착 공항,BTV,371,72,299,0.1940700809,0.001454896255,96,Vermont,44.47190094,-73.15329742,confirmed_period
labeled_all,255001,45000,destination,도착 공항,BUF,961,197,764,0.2049947971,0.003768612672,53,New York,42.94049835,-78.73220062,confirmed_period
labeled_all,255001,45000,destination,도착 공항,BUR,1040,179,861,0.1721153846,0.004078415379,51,California,34.20069885,-118.3590012,confirmed_period
labeled_all,255001,45000,destination,도착 공항,BWI,3748,583,3165,0.1555496265,0.01469798158,21,Maryland,39.17539978,-76.66829681,confirmed_period
labeled_all,255001,45000,destination,도착 공항,BZN,230,41,189,0.1782608696,0.0009019572472,123,Montana,45.77750015,-111.1529999,confirmed_period
labeled_all,255001,45000,destination,도착 공항,CAE,309,51,258,0.1650485437,0.001211759954,105,South Carolina,33.93880081,-81.11949921,confirmed_period
labeled_all,255001,45000,destination,도착 공항,CAK,233,57,176,0.2446351931,0.000913721907,122,Ohio,40.91609955,-81.44219971,confirmed_period
labeled_all,255001,45000,destination,도착 공항,CDC,19,5,14,0.2631578947,7.450951173e-05,329,Utah,37.70100021,-113.098999,confirmed_period
labeled_all,255001,45000,destination,도착 공항,CDV,24,3,21,0.125,9.411727797e-05,312,Alaska,60.4917984,-145.4779968,confirmed_period
labeled_all,255001,45000,destination,도착 공항,CGI,25,4,21,0.16,9.803883122e-05,304,Missouri,37.22529984,-89.57080078,confirmed_period
labeled_all,255001,45000,destination,도착 공항,CHA,286,48,238,0.1678321678,0.001121564229,111,Tennessee,35.03530121,-85.20379639,confirmed_period
labeled_all,255001,45000,destination,도착 공항,CHO,249,46,203,0.1847389558,0.000976466759,119,Virginia,38.1385994,-78.45290375,confirmed_period
labeled_all,255001,45000,destination,도착 공항,CHS,848,140,708,0.1650943396,0.003325477155,60,South Carolina,32.89860153,-80.04049683,confirmed_period
labeled_all,255001,45000,destination,도착 공항,CID,296,46,250,0.1554054054,0.001160779762,109,Iowa,41.88470078,-91.71080017,confirmed_period
labeled_all,255001,45000,destination,도착 공항,CIU,19,4,15,0.2105263158,7.450951173e-05,330,Michigan,46.25080109,-84.47239685,confirmed_period
labeled_all,255001,45000,destination,도착 공항,CKB,23,2,21,0.08695652174,9.019572472e-05,317,West Virginia,39.29660034,-80.22810364,confirmed_period
labeled_all,255001,45000,destination,도착 공항,CLE,1723,290,1433,0.1683110853,0.006756836248,42,Ohio,41.4117012,-81.84980011,confirmed_period
labeled_all,255001,45000,destination,도착 공항,CLL,56,5,51,0.08928571429,0.0002196069819,227,Texas,30.58860016,-96.36380005,confirmed_period
labeled_all,255001,45000,destination,도착 공항,CLT,6516,1006,5510,0.1543891958,0.02555284097,7,North Carolina,35.2140007,-80.94309998,confirmed_period
labeled_all,255001,45000,destination,도착 공항,CMH,1610,285,1325,0.1770186335,0.006313700731,44,Ohio,39.9980011,-82.89189911,confirmed_period
labeled_all,255001,45000,destination,도착 공항,CMI,79,14,65,0.1772151899,0.0003098027067,211,Illinois,40.03919983,-88.27809906,confirmed_period
labeled_all,255001,45000,destination,도착 공항,CMX,26,5,21,0.1923076923,0.0001019603845,299,Michigan,47.16839981,-88.4890976,confirmed_period
labeled_all,255001,45000,destination,도착 공항,CNY,14,1,13,0.07142857143,5.490174548e-05,350,Utah,38.75500107,-109.7549973,confirmed_period
labeled_all,255001,45000,destination,도착 공항,COD,29,2,27,0.06896551724,0.0001137250442,286,Wyoming,44.52019882,-109.0240021,confirmed_period
labeled_all,255001,45000,destination,도착 공항,COS,373,90,283,0.2412868633,0.001462739362,95,Colorado,38.80580139,-104.7009964,confirmed_period
labeled_all,255001,45000,destination,도착 공항,COU,90,23,67,0.2555555556,0.0003529397924,197,Missouri,38.81809998,-92.21959686,confirmed_period
labeled_all,255001,45000,destination,도착 공항,CPR,74,8,66,0.1081081081,0.0002901949404,214,Wyoming,42.90800095,-106.4639969,confirmed_period
labeled_all,255001,45000,destination,도착 공항,CRP,171,30,141,0.1754385965,0.0006705856055,151,Texas,27.77039909,-97.50119781,confirmed_period
labeled_all,255001,45000,destination,도착 공항,CRW,164,39,125,0.237804878,0.0006431347328,155,West Virginia,38.37310028,-81.59320068,confirmed_period
labeled_all,255001,45000,destination,도착 공항,CSG,41,2,39,0.0487804878,0.0001607836832,252,Georgia,32.5163002,-84.93890381,confirmed_period
labeled_all,255001,45000,destination,도착 공항,CVG,1530,271,1259,0.177124183,0.005999976471,46,Kentucky,39.04880142,-84.6678009,confirmed_period
labeled_all,255001,45000,destination,도착 공항,CWA,106,10,96,0.09433962264,0.0004156846444,184,Wisconsin,44.77759933,-89.66680145,confirmed_period
labeled_all,255001,45000,destination,도착 공항,CYS,8,2,6,0.25,3.137242599e-05,360,Wyoming,41.15570068,-104.8119965,confirmed_period
labeled_all,255001,45000,destination,도착 공항,DAB,85,6,79,0.07058823529,0.0003333320261,205,Florida,29.17989922,-81.05809784,confirmed_period
labeled_all,255001,45000,destination,도착 공항,DAL,2749,478,2271,0.1738814114,0.01078034988,28,Texas,32.8470993,-96.85179901,confirmed_period
labeled_all,255001,45000,destination,도착 공항,DAY,504,86,418,0.1706349206,0.001976462837,85,Ohio,39.90240097,-84.2193985,confirmed_period
labeled_all,255001,45000,destination,도착 공항,DBQ,27,3,24,0.1111111111,0.0001058819377,294,Iowa,42.40200043,-90.70950317,confirmed_period
labeled_all,255001,45000,destination,도착 공항,DCA,4036,753,3283,0.1865708622,0.01582738891,19,Virginia,38.85210037,-77.03769684,confirmed_period
labeled_all,255001,45000,destination,도착 공항,DEN,10256,1681,8575,0.1639040562,0.04021945012,3,Colorado,39.86169815,-104.6729965,confirmed_period
labeled_all,255001,45000,destination,도착 공항,DFW,7580,1403,6177,0.1850923483,0.02972537363,5,Texas,32.89680099,-97.03800201,confirmed_period
labeled_all,255001,45000,destination,도착 공항,DHN,39,5,34,0.1282051282,0.0001529405767,255,Alabama,31.32130051,-85.44960022,confirmed_period
labeled_all,255001,45000,destination,도착 공항,DIK,27,10,17,0.3703703704,0.0001058819377,295,North Dakota,46.79740143,-102.802002,confirmed_period
labeled_all,255001,45000,destination,도착 공항,DLG,2,0,2,0,7.843106498e-06,371,Alaska,59.04470062,-158.5050049,confirmed_period
labeled_all,255001,45000,destination,도착 공항,DLH,85,11,74,0.1294117647,0.0003333320261,206,Minnesota,46.84209824,-92.19360352,confirmed_period
labeled_all,255001,45000,destination,도착 공항,DRO,131,19,112,0.1450381679,0.0005137234756,173,Colorado,37.1515007,-107.7539978,confirmed_period
labeled_all,255001,45000,destination,도착 공항,DRT,16,2,14,0.125,6.274485198e-05,346,Texas,29.37420082,-100.927002,confirmed_period
labeled_all,255001,45000,destination,도착 공항,DSM,550,90,460,0.1636363636,0.002156854287,82,Iowa,41.5340004,-93.6631012,confirmed_period
labeled_all,255001,45000,destination,도착 공항,DTW,5088,691,4397,0.1358097484,0.01995286293,13,Michigan,42.21239853,-83.35340118,confirmed_period
labeled_all,255001,45000,destination,도착 공항,DUT,17,7,10,0.4117647059,6.666640523e-05,342,Alaska,53.90010071,-166.5440063,confirmed_period
labeled_all,255001,45000,destination,도착 공항,DVL,25,6,19,0.24,9.803883122e-05,305,North Dakota,48.11420059,-98.90879822,confirmed_period
labeled_all,255001,45000,destination,도착 공항,EAR,14,1,13,0.07142857143,5.490174548e-05,351,Nebraska,40.72700119,-99.00679779,confirmed_period
labeled_all,255001,45000,destination,도착 공항,EAT,45,8,37,0.1777777778,0.0001764698962,245,Washington,47.39889908,-120.2070007,confirmed_period
labeled_all,255001,45000,destination,도착 공항,EAU,25,6,19,0.24,9.803883122e-05,306,Wisconsin,44.86579895,-91.48429871,confirmed_period
labeled_all,255001,45000,destination,도착 공항,ECP,219,40,179,0.1826484018,0.0008588201615,132,Florida,30.3417,-85.7973,confirmed_period
labeled_all,255001,45000,destination,도착 공항,EGE,67,14,53,0.2089552239,0.0002627440677,219,Colorado,39.64260101,-106.9179993,confirmed_period
labeled_all,255001,45000,destination,도착 공항,EKO,23,0,23,0,9.019572472e-05,318,Nevada,40.82490158,-115.7919998,confirmed_period
labeled_all,255001,45000,destination,도착 공항,ELM,97,17,80,0.175257732,0.0003803906651,193,New York,42.15990067,-76.89160156,confirmed_period
labeled_all,255001,45000,destination,도착 공항,ELP,594,121,473,0.2037037037,0.00232940263,78,Texas,31.80719948,-106.3779984,confirmed_period
labeled_all,255001,45000,destination,도착 공항,ERI,70,4,66,0.05714285714,0.0002745087274,216,Pennsylvania,42.08312701,-80.17386675,confirmed_period
labeled_all,255001,45000,destination,도착 공항,ESC,16,1,15,0.0625,6.274485198e-05,347,Michigan,45.72269821,-87.09369659,confirmed_period
labeled_all,255001,45000,destination,도착 공항,EUG,226,32,194,0.1415929204,0.0008862710342,125,Oregon,44.12459946,-123.211998,confirmed_period
labeled_all,255001,45000,destination,도착 공항,EVV,166,36,130,0.2168674699,0.0006509778393,153,Indiana,38.03699875,-87.53240204,confirmed_period
labeled_all,255001,45000,destination,도착 공항,EWN,56,3,53,0.05357142857,0.0002196069819,228,North Carolina,35.07300186,-77.04290009,confirmed_period
labeled_all,255001,45000,destination,도착 공항,EWR,5542,1575,3967,0.284193432,0.0217332481,11,New Jersey,40.69250107,-74.16870117,confirmed_period
labeled_all,255001,45000,destination,도착 공항,EYW,139,20,119,0.1438848921,0.0005450959016,170,Florida,24.55610085,-81.75959778,confirmed_period
labeled_all,255001,45000,destination,도착 공항,FAI,141,20,121,0.1418439716,0.0005529390081,167,Alaska,64.81510162,-147.8560028,confirmed_period
labeled_all,255001,45000,destination,도착 공항,FAR,218,41,177,0.1880733945,0.0008548986082,133,North Dakota,46.92070007,-96.81580353,confirmed_period
labeled_all,255001,45000,destination,도착 공항,FAT,395,52,343,0.1316455696,0.001549013533,94,California,36.77619934,-119.7180023,confirmed_period
labeled_all,255001,45000,destination,도착 공항,FAY,108,16,92,0.1481481481,0.0004235277509,183,North Carolina,34.99119949,-78.88030243,confirmed_period
labeled_all,255001,45000,destination,도착 공항,FCA,167,33,134,0.1976047904,0.0006548993926,152,Montana,48.3105011,-114.2559967,unconfirmed
labeled_all,255001,45000,destination,도착 공항,FLG,51,9,42,0.1764705882,0.0001999992157,230,Arizona,35.13850021,-111.6709976,confirmed_period
labeled_all,255001,45000,destination,도착 공항,FLL,3535,706,2829,0.1997171146,0.01386269073,23,Florida,26.07259941,-80.15270233,confirmed_period
labeled_all,255001,45000,destination,도착 공항,FLO,23,4,19,0.1739130435,9.019572472e-05,319,South Carolina,34.1853981,-79.72389984,confirmed_period
labeled_all,255001,45000,destination,도착 공항,FNT,143,20,123,0.1398601399,0.0005607821146,165,Michigan,42.9654007,-83.74359894,confirmed_period
labeled_all,255001,45000,destination,도착 공항,FSD,222,47,175,0.2117117117,0.0008705848212,127,South Dakota,43.58200073,-96.74189758,confirmed_period
labeled_all,255001,45000,destination,도착 공항,FSM,51,8,43,0.1568627451,0.0001999992157,231,Arkansas,35.33660126,-94.36740112,confirmed_period
labeled_all,255001,45000,destination,도착 공항,FWA,225,40,185,0.1777777778,0.000882349481,126,Indiana,40.97850037,-85.19509888,confirmed_period
labeled_all,255001,45000,destination,도착 공항,GCC,28,4,24,0.1428571429,0.000109803491,289,Wyoming,44.34889984,-105.5390015,confirmed_period
labeled_all,255001,45000,destination,도착 공항,GCK,24,4,20,0.1666666667,9.411727797e-05,313,Kansas,37.92750168,-100.723999,confirmed_period
labeled_all,255001,45000,destination,도착 공항,GEG,722,130,592,0.1800554017,0.002831361446,69,Washington,47.61989975,-117.5339966,confirmed_period
labeled_all,255001,45000,destination,도착 공항,GFK,50,4,46,0.08,0.0001960776624,235,North Dakota,47.94929886,-97.17610168,confirmed_period
labeled_all,255001,45000,destination,도착 공항,GGG,18,2,16,0.1111111111,7.058795848e-05,333,Texas,32.38399887,-94.71150208,confirmed_period
labeled_all,255001,45000,destination,도착 공항,GJT,142,18,124,0.1267605634,0.0005568605613,166,Colorado,39.12239838,-108.5270004,confirmed_period
labeled_all,255001,45000,destination,도착 공항,GNV,118,25,93,0.2118644068,0.0004627432834,177,Florida,29.69009972,-82.27179718,confirmed_period
labeled_all,255001,45000,destination,도착 공항,GPT,139,20,119,0.1438848921,0.0005450959016,171,Mississippi,30.40730095,-89.07009888,confirmed_period
labeled_all,255001,45000,destination,도착 공항,GRB,183,32,151,0.174863388,0.0007176442445,145,Wisconsin,44.48509979,-88.12960052,confirmed_period
labeled_all,255001,45000,destination,도착 공항,GRI,33,5,28,0.1515151515,0.0001294112572,274,Nebraska,40.96749878,-98.30960083,confirmed_period
labeled_all,255001,45000,destination,도착 공항,GRK,89,12,77,0.1348314607,0.0003490182391,199,Texas,31.06719971,-97.8289032,confirmed_period
labeled_all,255001,45000,destination,도착 공항,GRR,636,126,510,0.1981132075,0.002494107866,73,Michigan,42.88079834,-85.52279663,confirmed_period
labeled_all,255001,45000,destination,도착 공항,GSO,498,89,409,0.1787148594,0.001952933518,86,North Carolina,36.09780121,-79.93730164,confirmed_period
labeled_all,255001,45000,destination,도착 공항,GSP,476,101,375,0.2121848739,0.001866659346,89,South Carolina,34.89569855,-82.21890259,confirmed_period
labeled_all,255001,45000,destination,도착 공항,GST,2,0,2,0,7.843106498e-06,372,Alaska,58.4253006,-135.7070007,confirmed_period
labeled_all,255001,45000,destination,도착 공항,GTF,89,20,69,0.2247191011,0.0003490182391,200,Montana,47.48199844,-111.3710022,confirmed_period
labeled_all,255001,45000,destination,도착 공항,GTR,39,5,34,0.1282051282,0.0001529405767,256,Mississippi,33.45029831,-88.59140015,confirmed_period
labeled_all,255001,45000,destination,도착 공항,GUC,25,8,17,0.32,9.803883122e-05,307,Colorado,38.53390121,-106.9329987,confirmed_period
labeled_all,255001,45000,destination,도착 공항,GUM,37,5,32,0.1351351351,0.0001450974702,260,Barrigada,13.48340034,144.7960052,confirmed_period
labeled_all,255001,45000,destination,도착 공항,HDN,61,11,50,0.1803278689,0.0002392147482,222,Colorado,40.48120117,-107.2180023,confirmed_period
labeled_all,255001,45000,destination,도착 공항,HGR,4,0,4,0,1.5686213e-05,367,Maryland,39.707901,-77.72949982,confirmed_period
labeled_all,255001,45000,destination,도착 공항,HHH,51,6,45,0.1176470588,0.0001999992157,232,South Carolina,32.22439957,-80.69750214,unconfirmed
labeled_all,255001,45000,destination,도착 공항,HIB,23,1,22,0.04347826087,9.019572472e-05,320,Minnesota,47.38660049,-92.83899689,confirmed_period
labeled_all,255001,45000,destination,도착 공항,HLN,81,13,68,0.1604938272,0.0003176458132,210,Montana,46.60680008,-111.9830017,confirmed_period
labeled_all,255001,45000,destination,도착 공항,HNL,2083,254,1829,0.1219395103,0.008168595417,37,Hawaii,21.31870079,-157.9219971,confirmed_period
labeled_all,255001,45000,destination,도착 공항,HOB,25,3,22,0.12,9.803883122e-05,308,New Mexico,32.6875,-103.2170029,confirmed_period
labeled_all,255001,45000,destination,도착 공항,HOU,2199,439,1760,0.1996361983,0.008623495594,35,Texas,29.64539909,-95.27890015,confirmed_period
labeled_all,255001,45000,destination,도착 공항,HPN,365,71,294,0.1945205479,0.001431366936,99,New York,41.06700134,-73.70760345,confirmed_period
labeled_all,255001,45000,destination,도착 공항,HRL,141,31,110,0.219858156,0.0005529390081,168,Texas,26.22850037,-97.65440369,confirmed_period
labeled_all,255001,45000,destination,도착 공항,HSV,324,59,265,0.1820987654,0.001270583253,104,Alabama,34.6371994,-86.77510071,confirmed_period
labeled_all,255001,45000,destination,도착 공항,HTS,40,12,28,0.3,0.00015686213,253,West Virginia,38.36669922,-82.55799866,confirmed_period
labeled_all,255001,45000,destination,도착 공항,HVN,19,3,16,0.1578947368,7.450951173e-05,331,Connecticut,41.26369858,-72.88680267,confirmed_period
labeled_all,255001,45000,destination,도착 공항,HYA,2,0,2,0,7.843106498e-06,373,Massachusetts,41.66930008,-70.28040314,confirmed_period
labeled_all,255001,45000,destination,도착 공항,HYS,56,12,44,0.2142857143,0.0002196069819,229,Kansas,38.84220123,-99.27320099,confirmed_period
labeled_all,255001,45000,destination,도착 공항,IAD,3402,535,2867,0.157260435,0.01334112415,24,Virginia,38.94449997,-77.45580292,confirmed_period
labeled_all,255001,45000,destination,도착 공항,IAG,31,1,30,0.03225806452,0.0001215681507,283,New York,43.1072998,-78.94619751,confirmed_period
labeled_all,255001,45000,destination,도착 공항,IAH,6592,1054,5538,0.1598907767,0.02585087902,6,Texas,29.9843998,-95.34140015,confirmed_period
labeled_all,255001,45000,destination,도착 공항,ICT,344,56,288,0.1627906977,0.001349014318,103,Kansas,37.64989853,-97.43309784,confirmed_period
labeled_all,255001,45000,destination,도착 공항,IDA,72,9,63,0.125,0.0002823518339,215,Idaho,43.51459885,-112.0709991,confirmed_period
labeled_all,255001,45000,destination,도착 공항,ILM,254,42,212,0.1653543307,0.0009960745252,117,North Carolina,34.27059937,-77.90260315,confirmed_period
labeled_all,255001,45000,destination,도착 공항,IMT,14,2,12,0.1428571429,5.490174548e-05,352,Michigan,45.81840134,-88.11450195,tz_conflict_needs_resolution
labeled_all,255001,45000,destination,도착 공항,IND,1694,326,1368,0.1924439197,0.006643111203,43,Indiana,39.71730041,-86.29440308,confirmed_period
labeled_all,255001,45000,destination,도착 공항,INL,18,3,15,0.1666666667,7.058795848e-05,334,Minnesota,48.56620026,-93.40309906,confirmed_period
labeled_all,255001,45000,destination,도착 공항,IPT,17,3,14,0.1764705882,6.666640523e-05,343,Pennsylvania,41.2417984,-76.9210968,confirmed_period
labeled_all,255001,45000,destination,도착 공항,ISN,45,8,37,0.1777777778,0.0001764698962,246,North Dakota,48.17789841,-103.6419983,confirmed_current_only
labeled_all,255001,45000,destination,도착 공항,ISP,237,55,182,0.2320675105,0.00092940812,121,New York,40.79520035,-73.10019684,confirmed_period
labeled_all,255001,45000,destination,도착 공항,ITH,92,13,79,0.1413043478,0.0003607828989,195,New York,42.49100113,-76.45839691,confirmed_period
labeled_all,255001,45000,destination,도착 공항,ITO,255,10,245,0.03921568627,0.0009999960784,116,Hawaii,19.72139931,-155.0480042,confirmed_period
labeled_all,255001,45000,destination,도착 공항,JAC,152,36,116,0.2368421053,0.0005960760938,162,Wyoming,43.6072998,-110.737999,confirmed_period
labeled_all,255001,45000,destination,도착 공항,JAN,221,34,187,0.1538461538,0.000866663268,129,Mississippi,32.31119919,-90.07589722,confirmed_period
labeled_all,255001,45000,destination,도착 공항,JAX,1028,188,840,0.1828793774,0.00403135674,52,Florida,30.49410057,-81.68789673,confirmed_period
labeled_all,255001,45000,destination,도착 공항,JFK,4019,832,3187,0.2070166708,0.01576072251,20,New York,40.63980103,-73.77890015,confirmed_period
labeled_all,255001,45000,destination,도착 공항,JHM,49,1,48,0.02040816327,0.0001921561092,237,Hawaii,20.96290016,-156.6730042,confirmed_period
labeled_all,255001,45000,destination,도착 공항,JLN,28,8,20,0.2857142857,0.000109803491,290,Missouri,37.15179825,-94.49829865,confirmed_period
labeled_all,255001,45000,destination,도착 공항,JMS,34,4,30,0.1176470588,0.0001333328105,272,North Dakota,46.92969894,-98.67819977,confirmed_period
labeled_all,255001,45000,destination,도착 공항,JNU,155,13,142,0.08387096774,0.0006078407536,161,Alaska,58.35499954,-134.576004,confirmed_period
labeled_all,255001,45000,destination,도착 공항,KOA,565,49,516,0.08672566372,0.002215677586,81,Hawaii,19.73880005,-156.0460052,confirmed_period
labeled_all,255001,45000,destination,도착 공항,KTN,103,12,91,0.1165048544,0.0004039199846,189,Alaska,55.35559845,-131.7140045,tz_conflict_needs_resolution
labeled_all,255001,45000,destination,도착 공항,LAN,115,26,89,0.2260869565,0.0004509786236,179,Michigan,42.77870178,-84.58740234,confirmed_period
labeled_all,255001,45000,destination,도착 공항,LAR,18,5,13,0.2777777778,7.058795848e-05,335,Wyoming,41.31209946,-105.6750031,confirmed_period
labeled_all,255001,45000,destination,도착 공항,LAS,6064,1087,4977,0.1792546174,0.0237802989,10,Nevada,36.08010101,-115.1520004,confirmed_period
labeled_all,255001,45000,destination,도착 공항,LAW,27,2,25,0.07407407407,0.0001058819377,296,Oklahoma,34.56769943,-98.41660309,confirmed_period
labeled_all,255001,45000,destination,도착 공항,LAX,8156,1480,6676,0.1814615007,0.0319841883,4,California,33.94250107,-118.4079971,confirmed_period
labeled_all,255001,45000,destination,도착 공항,LBB,242,46,196,0.1900826446,0.0009490158862,120,Texas,33.66360092,-101.822998,confirmed_period
labeled_all,255001,45000,destination,도착 공항,LBE,47,8,39,0.170212766,0.0001843130027,240,Pennsylvania,40.27590179,-79.40480042,confirmed_period
labeled_all,255001,45000,destination,도착 공항,LBF,30,4,26,0.1333333333,0.0001176465975,284,Nebraska,41.12620163,-100.6839981,confirmed_period
labeled_all,255001,45000,destination,도착 공항,LBL,20,4,16,0.2,7.843106498e-05,328,Kansas,37.0442009,-100.9599991,confirmed_period
labeled_all,255001,45000,destination,도착 공항,LCH,59,9,50,0.1525423729,0.0002313716417,225,Louisiana,30.12610054,-93.22329712,confirmed_period
labeled_all,255001,45000,destination,도착 공항,LCK,39,9,30,0.2307692308,0.0001529405767,257,Ohio,39.81380081,-82.92780304,confirmed_period
labeled_all,255001,45000,destination,도착 공항,LEX,355,47,308,0.1323943662,0.001392151403,102,Kentucky,38.03649902,-84.60590363,confirmed_period
labeled_all,255001,45000,destination,도착 공항,LFT,162,26,136,0.1604938272,0.0006352916263,156,Louisiana,30.20529938,-91.98760223,confirmed_period
labeled_all,255001,45000,destination,도착 공항,LGA,4740,1139,3601,0.2402953586,0.0185881624,16,New York,40.77719879,-73.87259674,confirmed_period
labeled_all,255001,45000,destination,도착 공항,LGB,633,105,528,0.1658767773,0.002482343206,74,California,33.81769943,-118.1520004,confirmed_period
labeled_all,255001,45000,destination,도착 공항,LIH,535,46,489,0.08598130841,0.002098030988,83,Hawaii,21.97599983,-159.3390045,confirmed_period
labeled_all,255001,45000,destination,도착 공항,LIT,477,72,405,0.1509433962,0.0018705809,88,Arkansas,34.72940063,-92.22429657,confirmed_period
labeled_all,255001,45000,destination,도착 공항,LNK,129,25,104,0.1937984496,0.0005058803691,174,Nebraska,40.85100174,-96.75920105,confirmed_period
labeled_all,255001,45000,destination,도착 공항,LNY,75,9,66,0.12,0.0002941164937,213,Hawaii,20.78560066,-156.951004,confirmed_period
labeled_all,255001,45000,destination,도착 공항,LRD,79,12,67,0.1518987342,0.0003098027067,212,Texas,27.54380035,-99.46160126,confirmed_period
labeled_all,255001,45000,destination,도착 공항,LSE,61,7,54,0.1147540984,0.0002392147482,223,Wisconsin,43.87900162,-91.25669861,confirmed_period
labeled_all,255001,45000,destination,도착 공항,LWB,27,6,21,0.2222222222,0.0001058819377,297,West Virginia,37.85829926,-80.39949799,confirmed_period
labeled_all,255001,45000,destination,도착 공항,LWS,32,2,30,0.0625,0.000125489704,277,Idaho,46.37450027,-117.0149994,confirmed_period
labeled_all,255001,45000,destination,도착 공항,LYH,61,5,56,0.08196721311,0.0002392147482,224,Virginia,37.3266983,-79.20040131,confirmed_period
labeled_all,255001,45000,destination,도착 공항,MAF,304,54,250,0.1776315789,0.001192152188,107,Texas,31.94249916,-102.2020035,confirmed_period
labeled_all,255001,45000,destination,도착 공항,MBS,90,15,75,0.1666666667,0.0003529397924,198,Michigan,43.53290176,-84.07959747,confirmed_period
labeled_all,255001,45000,destination,도착 공항,MCI,1946,324,1622,0.1664953751,0.007631342622,41,Missouri,39.29759979,-94.71389771,confirmed_period
labeled_all,255001,45000,destination,도착 공항,MCO,4931,956,3975,0.1938754816,0.01933717907,15,Florida,28.42939949,-81.30899811,confirmed_period
labeled_all,255001,45000,destination,도착 공항,MDT,285,53,232,0.1859649123,0.001117642676,112,Pennsylvania,40.19350052,-76.76339722,confirmed_period
labeled_all,255001,45000,destination,도착 공항,MDW,3177,547,2630,0.1721750079,0.01245877467,26,Illinois,41.7859993,-87.75240326,confirmed_period
labeled_all,255001,45000,destination,도착 공항,MEI,32,6,26,0.1875,0.000125489704,278,Mississippi,32.33259964,-88.75189972,confirmed_period
labeled_all,255001,45000,destination,도착 공항,MEM,829,141,688,0.1700844391,0.003250967643,63,Tennessee,35.04240036,-89.97669983,confirmed_period
labeled_all,255001,45000,destination,도착 공항,MFE,165,29,136,0.1757575758,0.0006470562861,154,Texas,26.17580032,-98.23860168,confirmed_period
labeled_all,255001,45000,destination,도착 공항,MFR,262,36,226,0.1374045802,0.001027446951,114,Oregon,42.37419891,-122.8730011,confirmed_period
labeled_all,255001,45000,destination,도착 공항,MGM,112,20,92,0.1785714286,0.0004392139639,180,Alabama,32.30059814,-86.39399719,confirmed_period
labeled_all,255001,45000,destination,도착 공항,MHK,49,14,35,0.2857142857,0.0001921561092,238,Kansas,39.14099884,-96.67079926,confirmed_period
labeled_all,255001,45000,destination,도착 공항,MHT,366,52,314,0.1420765027,0.001435288489,98,New Hampshire,42.93259811,-71.43569946,confirmed_period
labeled_all,255001,45000,destination,도착 공항,MIA,2341,382,1959,0.163178129,0.009180356155,33,Florida,25.79319954,-80.29060364,confirmed_period
labeled_all,255001,45000,destination,도착 공항,MKE,1138,184,954,0.1616871705,0.004462727597,49,Wisconsin,42.94720078,-87.89659882,confirmed_period
labeled_all,255001,45000,destination,도착 공항,MKG,27,4,23,0.1481481481,0.0001058819377,298,Michigan,43.16949844,-86.23819733,confirmed_period
labeled_all,255001,45000,destination,도착 공항,MKK,45,4,41,0.08888888889,0.0001764698962,247,Hawaii,21.1529007,-157.095993,confirmed_period
labeled_all,255001,45000,destination,도착 공항,MLB,68,7,61,0.1029411765,0.0002666656209,218,Florida,28.10280037,-80.64530182,confirmed_period
labeled_all,255001,45000,destination,도착 공항,MLI,184,36,148,0.1956521739,0.0007215657978,144,Illinois,41.44850159,-90.50749969,confirmed_period
labeled_all,255001,45000,destination,도착 공항,MLU,82,11,71,0.1341463415,0.0003215673664,208,Louisiana,32.51089859,-92.03769684,confirmed_period
labeled_all,255001,45000,destination,도착 공항,MMH,18,3,15,0.1666666667,7.058795848e-05,336,California,37.62409973,-118.8379974,confirmed_period
labeled_all,255001,45000,destination,도착 공항,MOB,174,19,155,0.1091954023,0.0006823502653,149,Alabama,30.69120026,-88.24279785,confirmed_period
labeled_all,255001,45000,destination,도착 공항,MOT,91,19,72,0.2087912088,0.0003568613456,196,North Dakota,48.25939941,-101.2799988,confirmed_period
labeled_all,255001,45000,destination,도착 공항,MQT,47,6,41,0.1276595745,0.0001843130027,241,Michigan,46.35359955,-87.395401,unconfirmed
labeled_all,255001,45000,destination,도착 공항,MRY,140,28,112,0.2,0.0005490174548,169,California,36.5870018,-121.8430023,confirmed_period
labeled_all,255001,45000,destination,도착 공항,MSN,472,84,388,0.1779661017,0.001850973133,90,Wisconsin,43.13990021,-89.33750153,confirmed_period
labeled_all,255001,45000,destination,도착 공항,MSO,207,33,174,0.1594202899,0.0008117615225,140,Montana,46.91630173,-114.0910034,confirmed_period
labeled_all,255001,45000,destination,도착 공항,MSP,4721,663,4058,0.1404363482,0.01851365289,17,Minnesota,44.88199997,-93.22180176,confirmed_period
labeled_all,255001,45000,destination,도착 공항,MSY,1995,355,1640,0.1779448622,0.007823498731,38,Louisiana,29.99340057,-90.25800323,confirmed_period
labeled_all,255001,45000,destination,도착 공항,MTJ,85,13,72,0.1529411765,0.0003333320261,207,Colorado,38.50979996,-107.8939972,confirmed_period
labeled_all,255001,45000,destination,도착 공항,MVY,17,2,15,0.1176470588,6.666640523e-05,344,Massachusetts,41.39310074,-70.61430359,confirmed_period
labeled_all,255001,45000,destination,도착 공항,MYR,407,53,354,0.1302211302,0.001596072172,93,South Carolina,33.67969894,-78.92829895,confirmed_period
labeled_all,255001,45000,destination,도착 공항,OAJ,106,18,88,0.1698113208,0.0004156846444,185,North Carolina,34.82920074,-77.61209869,confirmed_period
labeled_all,255001,45000,destination,도착 공항,OAK,1955,343,1612,0.1754475703,0.007666636601,40,California,37.72129822,-122.2210007,confirmed_period
labeled_all,255001,45000,destination,도착 공항,OGD,3,0,3,0,1.176465975e-05,369,Utah,41.19589996,-112.012001,confirmed_period
labeled_all,255001,45000,destination,도착 공항,OGG,936,94,842,0.1004273504,0.003670573841,56,Hawaii,20.89859962,-156.4299927,confirmed_period
labeled_all,255001,45000,destination,도착 공항,OGS,15,2,13,0.1333333333,5.882329873e-05,349,New York,44.68190002,-75.46549988,confirmed_period
labeled_all,255001,45000,destination,도착 공항,OKC,801,143,658,0.1785268414,0.003141164152,65,Oklahoma,35.39310074,-97.60070038,confirmed_period
labeled_all,255001,45000,destination,도착 공항,OMA,870,143,727,0.1643678161,0.003411751326,59,Nebraska,41.30319977,-95.89409637,confirmed_period
labeled_all,255001,45000,destination,도착 공항,OME,23,1,22,0.04347826087,9.019572472e-05,321,Alaska,64.5121994,-165.4450073,confirmed_period
labeled_all,255001,45000,destination,도착 공항,ONT,782,143,639,0.1828644501,0.003066654641,66,California,34.05599976,-117.6009979,confirmed_period
labeled_all,255001,45000,destination,도착 공항,ORD,12846,2399,10447,0.1867507395,0.05037627303,1,Illinois,41.97859955,-87.90480042,confirmed_period
labeled_all,255001,45000,destination,도착 공항,ORF,763,150,613,0.1965923984,0.002992145129,68,Virginia,36.89459991,-76.20120239,confirmed_period
labeled_all,255001,45000,destination,도착 공항,ORH,64,20,44,0.3125,0.0002509794079,220,Massachusetts,42.26729965,-71.8757019,confirmed_period
labeled_all,255001,45000,destination,도착 공항,OTH,14,3,11,0.2142857143,5.490174548e-05,353,Oregon,43.417099,-124.2460022,confirmed_period
labeled_all,255001,45000,destination,도착 공항,OTZ,24,3,21,0.125,9.411727797e-05,314,Alaska,66.88469696,-162.598999,confirmed_period
labeled_all,255001,45000,destination,도착 공항,OWB,6,2,4,0.3333333333,2.352931949e-05,361,Kentucky,37.74010086,-87.16680145,confirmed_period
labeled_all,255001,45000,destination,도착 공항,PAE,120,12,108,0.1,0.0004705863899,176,Washington,47.90629959,-122.2819977,confirmed_period
labeled_all,255001,45000,destination,도착 공항,PAH,33,7,26,0.2121212121,0.0001294112572,275,Kentucky,37.06079864,-88.77380371,confirmed_period
labeled_all,255001,45000,destination,도착 공항,PBG,59,13,46,0.2203389831,0.0002313716417,226,New York,44.65090179,-73.4681015,confirmed_period
labeled_all,255001,45000,destination,도착 공항,PBI,832,186,646,0.2235576923,0.003262732303,62,Florida,26.68320084,-80.09559631,unconfirmed
labeled_all,255001,45000,destination,도착 공항,PDX,3004,377,2627,0.1254993342,0.01178034596,27,Oregon,45.58869934,-122.5979996,confirmed_period
labeled_all,255001,45000,destination,도착 공항,PGD,213,46,167,0.2159624413,0.000835290842,137,Florida,26.92020035,-81.9905014,confirmed_period
labeled_all,255001,45000,destination,도착 공항,PGV,38,8,30,0.2105263158,0.0001490190235,258,North Carolina,35.6352005,-77.38529968,confirmed_period
labeled_all,255001,45000,destination,도착 공항,PHF,105,12,93,0.1142857143,0.0004117630911,186,Virginia,37.13190079,-76.49299622,confirmed_period
labeled_all,255001,45000,destination,도착 공항,PHL,4299,757,3542,0.1760874622,0.01685875742,18,Pennsylvania,39.87189865,-75.2410965,confirmed_period
labeled_all,255001,45000,destination,도착 공항,PHX,5348,930,4418,0.1738967838,0.02097246677,12,Arizona,33.43429947,-112.012001,confirmed_period
labeled_all,255001,45000,destination,도착 공항,PIA,178,21,157,0.1179775281,0.0006980364783,147,Illinois,40.66419983,-89.69329834,confirmed_period
labeled_all,255001,45000,destination,도착 공항,PIB,26,3,23,0.1153846154,0.0001019603845,300,Mississippi,31.46710014,-89.33709717,confirmed_period
labeled_all,255001,45000,destination,도착 공항,PIE,276,58,218,0.2101449275,0.001082348697,113,Florida,27.91020012,-82.68740082,confirmed_period
labeled_all,255001,45000,destination,도착 공항,PIH,32,4,28,0.125,0.000125489704,279,Idaho,42.90980148,-112.5960007,confirmed_period
labeled_all,255001,45000,destination,도착 공항,PIR,13,2,11,0.1538461538,5.098019223e-05,356,South Dakota,44.38270187,-100.2860031,confirmed_period
labeled_all,255001,45000,destination,도착 공항,PIT,1563,279,1284,0.1785028791,0.006129387728,45,Pennsylvania,40.49150085,-80.23290253,confirmed_period
labeled_all,255001,45000,destination,도착 공항,PLN,25,1,24,0.04,9.803883122e-05,309,Michigan,45.57089996,-84.79669952,confirmed_period
labeled_all,255001,45000,destination,도착 공항,PNS,358,74,284,0.2067039106,0.001403916063,101,Florida,30.47340012,-87.18659973,confirmed_period
labeled_all,255001,45000,destination,도착 공항,PPG,3,1,2,0.3333333333,1.176465975e-05,370,Eastern-District,-14.33100033,-170.7100067,confirmed_period
labeled_all,255001,45000,destination,도착 공항,PQI,18,6,12,0.3333333333,7.058795848e-05,337,Maine,46.68899918,-68.0447998,confirmed_period
labeled_all,255001,45000,destination,도착 공항,PRC,24,5,19,0.2083333333,9.411727797e-05,315,Arizona,34.65449905,-112.4199982,confirmed_period
labeled_all,255001,45000,destination,도착 공항,PSC,221,38,183,0.1719457014,0.000866663268,130,Washington,46.26470184,-119.1190033,confirmed_period
labeled_all,255001,45000,destination,도착 공항,PSE,25,5,20,0.2,9.803883122e-05,310,Ponce,18.00830078,-66.56300354,confirmed_period
labeled_all,255001,45000,destination,도착 공항,PSG,23,5,18,0.2173913043,9.019572472e-05,322,Alaska,56.80170059,-132.9450073,tz_conflict_needs_resolution
labeled_all,255001,45000,destination,도착 공항,PSM,16,1,15,0.0625,6.274485198e-05,348,New Hampshire,43.07789993,-70.82330322,confirmed_period
labeled_all,255001,45000,destination,도착 공항,PSP,371,64,307,0.1725067385,0.001454896255,97,California,33.82970047,-116.5070038,confirmed_period
labeled_all,255001,45000,destination,도착 공항,PUB,36,3,33,0.08333333333,0.000141175917,266,Colorado,38.28910065,-104.4970016,confirmed_period
labeled_all,255001,45000,destination,도착 공항,PUW,49,7,42,0.1428571429,0.0001921561092,239,Washington,46.7439003,-117.1100006,confirmed_period
labeled_all,255001,45000,destination,도착 공항,PVD,663,129,534,0.1945701357,0.002599989804,70,Rhode Island,41.73260117,-71.42040253,confirmed_period
labeled_all,255001,45000,destination,도착 공항,PVU,21,3,18,0.1428571429,8.235261823e-05,326,Utah,40.21920013,-111.7229996,confirmed_period
labeled_all,255001,45000,destination,도착 공항,PWM,467,102,365,0.2184154176,0.001831365367,91,Maine,43.64619827,-70.30930328,confirmed_period
labeled_all,255001,45000,destination,도착 공항,RAP,183,30,153,0.1639344262,0.0007176442445,146,South Dakota,44.04529953,-103.0569992,confirmed_period
labeled_all,255001,45000,destination,도착 공항,RDD,50,6,44,0.12,0.0001960776624,236,California,40.50899887,-122.2929993,confirmed_period
labeled_all,255001,45000,destination,도착 공항,RDM,290,36,254,0.124137931,0.001137250442,110,Oregon,44.2541008,-121.1500015,confirmed_period
labeled_all,255001,45000,destination,도착 공항,RDU,2098,384,1714,0.1830314585,0.008227418716,36,North Carolina,35.87760162,-78.78749847,confirmed_period
labeled_all,255001,45000,destination,도착 공항,RFD,28,5,23,0.1785714286,0.000109803491,291,Illinois,42.19540024,-89.09719849,confirmed_period
labeled_all,255001,45000,destination,도착 공항,RHI,21,4,17,0.1904761905,8.235261823e-05,327,Wisconsin,45.63119888,-89.46749878,confirmed_period
labeled_all,255001,45000,destination,도착 공항,RIC,916,186,730,0.2030567686,0.003592142776,57,Virginia,37.50519943,-77.31970215,confirmed_period
labeled_all,255001,45000,destination,도착 공항,RKS,22,4,18,0.1818181818,8.627417147e-05,324,Wyoming,41.59420013,-109.0650024,confirmed_period
labeled_all,255001,45000,destination,도착 공항,RNO,777,129,648,0.166023166,0.003047046874,67,Nevada,39.49909973,-119.7679977,confirmed_period
labeled_all,255001,45000,destination,도착 공항,ROA,221,42,179,0.1900452489,0.000866663268,131,Virginia,37.32550049,-79.97540283,confirmed_period
labeled_all,255001,45000,destination,도착 공항,ROC,577,117,460,0.2027729636,0.002262736225,80,New York,43.1189003,-77.67240143,confirmed_period
labeled_all,255001,45000,destination,도착 공항,ROP,9,2,7,0.2222222222,3.529397924e-05,359,Rota,14.17430019,145.2429962,confirmed_period
labeled_all,255001,45000,destination,도착 공항,ROW,43,4,39,0.09302325581,0.0001686267897,249,New Mexico,33.30160141,-104.5309982,confirmed_period
labeled_all,255001,45000,destination,도착 공항,RST,100,12,88,0.12,0.0003921553249,191,Minnesota,43.90829849,-92.5,confirmed_period
labeled_all,255001,45000,destination,도착 공항,RSW,1137,202,935,0.1776605101,0.004458806044,50,Florida,26.53619957,-81.75520325,confirmed_period
labeled_all,255001,45000,destination,도착 공항,SAF,86,12,74,0.1395348837,0.0003372535794,204,New Mexico,35.61709976,-106.0889969,confirmed_period
labeled_all,255001,45000,destination,도착 공항,SAN,3393,553,2840,0.1629826113,0.01330583017,25,California,32.73360062,-117.1900024,confirmed_period
labeled_all,255001,45000,destination,도착 공항,SAT,1473,300,1173,0.2036659878,0.005776447935,48,Texas,29.53370094,-98.46980286,confirmed_period
labeled_all,255001,45000,destination,도착 공항,SAV,531,94,437,0.1770244821,0.002082344775,84,Georgia,32.12760162,-81.20210266,confirmed_period
labeled_all,255001,45000,destination,도착 공항,SBA,258,35,223,0.1356589147,0.001011760738,115,California,34.42620087,-119.8399963,confirmed_period
labeled_all,255001,45000,destination,도착 공항,SBN,217,41,176,0.1889400922,0.000850977055,134,Indiana,41.70869827,-86.31729889,confirmed_period
labeled_all,255001,45000,destination,도착 공항,SBP,192,28,164,0.1458333333,0.0007529382238,141,California,35.23680115,-120.6419983,confirmed_period
labeled_all,255001,45000,destination,도착 공항,SBY,46,8,38,0.1739130435,0.0001803914494,243,Maryland,38.34049988,-75.51029968,confirmed_period
labeled_all,255001,45000,destination,도착 공항,SCC,35,3,32,0.08571428571,0.0001372543637,267,Alaska,70.19470215,-148.4649963,confirmed_period
labeled_all,255001,45000,destination,도착 공항,SCE,145,20,125,0.1379310345,0.0005686252211,163,Pennsylvania,40.84930038,-77.84870148,unconfirmed
labeled_all,255001,45000,destination,도착 공항,SCK,28,10,18,0.3571428571,0.000109803491,292,California,37.89419937,-121.237999,confirmed_period
labeled_all,255001,45000,destination,도착 공항,SDF,844,174,670,0.2061611374,0.003309790942,61,Kentucky,38.17440033,-85.73600006,tz_conflict_needs_resolution
labeled_all,255001,45000,destination,도착 공항,SEA,6086,1091,4995,0.1792638843,0.02386657307,9,Washington,47.44900131,-122.3089981,confirmed_period
labeled_all,255001,45000,destination,도착 공항,SFB,362,69,293,0.1906077348,0.001419602276,100,Florida,28.77759933,-81.23750305,confirmed_period
labeled_all,255001,45000,destination,도착 공항,SFO,6145,1407,4738,0.2289666395,0.02409794471,8,California,37.61899948,-122.375,confirmed_period
labeled_all,255001,45000,destination,도착 공항,SGF,303,63,240,0.2079207921,0.001188230634,108,Missouri,37.24570084,-93.38860321,confirmed_period
labeled_all,255001,45000,destination,도착 공항,SGU,87,8,79,0.09195402299,0.0003411751326,202,Utah,37.03638889,-113.5103056,confirmed_period
labeled_all,255001,45000,destination,도착 공항,SHD,26,7,19,0.2692307692,0.0001019603845,301,Virginia,38.26380157,-78.89640045,confirmed_period
labeled_all,255001,45000,destination,도착 공항,SHV,215,30,185,0.1395348837,0.0008431339485,135,Louisiana,32.44660187,-93.82559967,confirmed_period
labeled_all,255001,45000,destination,도착 공항,SIT,32,4,28,0.125,0.000125489704,280,Alaska,57.04710007,-135.3619995,tz_conflict_needs_resolution
labeled_all,255001,45000,destination,도착 공항,SJC,2368,368,2000,0.1554054054,0.009286238093,32,California,37.36259842,-121.9290009,confirmed_period
labeled_all,255001,45000,destination,도착 공항,SJT,43,1,42,0.02325581395,0.0001686267897,250,Texas,31.35770035,-100.4960022,confirmed_period
labeled_all,255001,45000,destination,도착 공항,SJU,884,199,685,0.2251131222,0.003466653072,58,Carolina,18.43939972,-66.00180054,confirmed_period
labeled_all,255001,45000,destination,도착 공항,SLC,3577,491,3086,0.1372658653,0.01402739597,22,Utah,40.78839874,-111.9779968,confirmed_period
labeled_all,255001,45000,destination,도착 공항,SLN,33,7,26,0.2121212121,0.0001294112572,276,Kansas,38.79100037,-97.65219879,confirmed_period
labeled_all,255001,45000,destination,도착 공항,SMF,1957,330,1627,0.1686254471,0.007674479708,39,California,38.69540024,-121.5910034,confirmed_period
labeled_all,255001,45000,destination,도착 공항,SMX,6,1,5,0.1666666667,2.352931949e-05,362,California,34.89889908,-120.4570007,confirmed_period
labeled_all,255001,45000,destination,도착 공항,SNA,1491,255,1236,0.1710261569,0.005847035894,47,California,33.67570114,-117.8679962,confirmed_period
labeled_all,255001,45000,destination,도착 공항,SPI,70,14,56,0.2,0.0002745087274,217,Illinois,39.84410095,-89.67790222,confirmed_period
labeled_all,255001,45000,destination,도착 공항,SPN,18,3,15,0.1666666667,7.058795848e-05,338,Saipan,15.11900043,145.7290039,unconfirmed
labeled_all,255001,45000,destination,도착 공항,SPS,35,4,31,0.1142857143,0.0001372543637,268,Texas,33.98880005,-98.49189758,confirmed_period
labeled_all,255001,45000,destination,도착 공항,SRQ,212,29,183,0.1367924528,0.0008313692887,138,Florida,27.39539909,-82.55439758,confirmed_period
labeled_all,255001,45000,destination,도착 공항,STC,4,0,4,0,1.5686213e-05,368,Minnesota,45.54660034,-94.05989838,confirmed_period
labeled_all,255001,45000,destination,도착 공항,STL,2507,447,2060,0.1783007579,0.009831333995,31,Missouri,38.74869919,-90.37000275,confirmed_period
labeled_all,255001,45000,destination,도착 공항,STS,139,29,110,0.2086330935,0.0005450959016,172,California,38.50899887,-122.8130035,confirmed_period
labeled_all,255001,45000,destination,도착 공항,STT,111,20,91,0.1801801802,0.0004352924106,181,Saint-Thomas-Island,18.33729935,-64.9733963,tz_conflict_needs_resolution
labeled_all,255001,45000,destination,도착 공항,STX,35,6,29,0.1714285714,0.0001372543637,269,Saint-Croix-Island,17.70190048,-64.79859924,tz_conflict_needs_resolution
labeled_all,255001,45000,destination,도착 공항,SUN,42,3,39,0.07142857143,0.0001647052365,251,Idaho,43.50439835,-114.2959976,confirmed_period
labeled_all,255001,45000,destination,도착 공항,SUX,37,5,32,0.1351351351,0.0001450974702,261,Iowa,42.40259933,-96.38439941,confirmed_period
labeled_all,255001,45000,destination,도착 공항,SWF,88,17,71,0.1931818182,0.0003450966859,201,New York,41.5041008,-74.10479736,confirmed_period
labeled_all,255001,45000,destination,도착 공항,SWO,19,3,16,0.1578947368,7.450951173e-05,332,Oklahoma,36.16120148,-97.08570099,confirmed_period
labeled_all,255001,45000,destination,도착 공항,SYR,493,89,404,0.1805273834,0.001933325752,87,New York,43.11119843,-76.10630035,confirmed_period
labeled_all,255001,45000,destination,도착 공항,TLH,174,24,150,0.1379310345,0.0006823502653,150,Florida,30.39649963,-84.35030365,confirmed_period
labeled_all,255001,45000,destination,도착 공항,TOL,51,7,44,0.137254902,0.0001999992157,233,Ohio,41.58679962,-83.80780029,confirmed_period
labeled_all,255001,45000,destination,도착 공항,TPA,2590,501,2089,0.1934362934,0.01015682291,30,Florida,27.97550011,-82.53320312,confirmed_period
labeled_all,255001,45000,destination,도착 공항,TRI,105,8,97,0.07619047619,0.0004117630911,187,Tennessee,36.47520065,-82.40740204,confirmed_period
labeled_all,255001,45000,destination,도착 공항,TTN,103,27,76,0.2621359223,0.0004039199846,190,New Jersey,40.27669907,-74.81349945,confirmed_period
labeled_all,255001,45000,destination,도착 공항,TUL,611,104,507,0.170212766,0.002396069035,76,Oklahoma,36.19839859,-95.88809967,confirmed_period
labeled_all,255001,45000,destination,도착 공항,TUS,642,117,525,0.1822429907,0.002517637186,71,Arizona,32.11610031,-110.9410019,confirmed_period
labeled_all,255001,45000,destination,도착 공항,TVC,161,38,123,0.2360248447,0.0006313700731,157,Michigan,44.74140167,-85.5821991,confirmed_period
labeled_all,255001,45000,destination,도착 공항,TWF,26,4,22,0.1538461538,0.0001019603845,302,Idaho,42.48180008,-114.487999,confirmed_period
labeled_all,255001,45000,destination,도착 공항,TXK,35,4,31,0.1142857143,0.0001372543637,270,Arkansas,33.45370102,-93.99099731,confirmed_period
labeled_all,255001,45000,destination,도착 공항,TYR,40,8,32,0.2,0.00015686213,254,Texas,32.35409927,-95.40239716,confirmed_period
labeled_all,255001,45000,destination,도착 공항,TYS,626,113,513,0.1805111821,0.002454892334,75,Tennessee,35.81100082,-83.9940033,confirmed_period
labeled_all,255001,45000,destination,도착 공항,UIN,29,4,25,0.1379310345,0.0001137250442,287,Illinois,39.94269943,-91.19460297,confirmed_period
labeled_all,255001,45000,destination,도착 공항,USA,51,13,38,0.2549019608,0.0001999992157,234,North Carolina,35.38779831,-80.70909882,unconfirmed
labeled_all,255001,45000,destination,도착 공항,VEL,12,3,9,0.25,4.705863899e-05,357,Utah,40.4408989,-109.5100021,confirmed_period
labeled_all,255001,45000,destination,도착 공항,VLD,24,6,18,0.25,9.411727797e-05,316,Georgia,30.78249931,-83.27670288,confirmed_period
labeled_all,255001,45000,destination,도착 공항,VPS,250,41,209,0.164,0.0009803883122,118,Florida,30.48320007,-86.52539825,confirmed_period
labeled_all,255001,45000,destination,도착 공항,WRG,30,5,25,0.1666666667,0.0001176465975,285,Alaska,56.48429871,-132.3699951,tz_conflict_needs_resolution
labeled_all,255001,45000,destination,도착 공항,WYS,6,0,6,0,2.352931949e-05,363,Montana,44.68840027,-111.1179962,confirmed_period
labeled_all,255001,45000,destination,도착 공항,XNA,411,75,336,0.1824817518,0.001611758385,92,Arkansas,36.2818985,-94.30680084,confirmed_period
labeled_all,255001,45000,destination,도착 공항,XWA,5,0,5,0,1.960776624e-05,364,North Dakota,48.259722,-103.750556,confirmed_current_only
labeled_all,255001,45000,destination,도착 공항,YAK,28,4,24,0.1428571429,0.000109803491,293,Alaska,59.50329971,-139.6600037,confirmed_period
labeled_all,255001,45000,destination,도착 공항,YKM,37,3,34,0.08108108108,0.0001450974702,262,Washington,46.56819916,-120.5439987,confirmed_period
labeled_all,255001,45000,destination,도착 공항,YUM,37,3,34,0.08108108108,0.0001450974702,263,Arizona,32.65660095,-114.6060028,confirmed_current_only
