population,dimension,seed,group,tn,fp,fn,tp,n_rows,n_delayed,delay_rate,precision_delayed,recall_delayed,false_positive_rate,error_rate,seed_population_rows,group_sort
oof_p6_clean,airline,1,(결측),18955,3750,3284,1551,27540,4835,0.1755628177,0.2925863045,0.3207859359,0.1651618586,0.2554103123,255001,
oof_p6_clean,airline,1,Air Wisconsin Airlines Corp,2546,373,445,105,3469,550,0.1585471317,0.219665272,0.1909090909,0.1277834875,0.235802825,255001,
oof_p6_clean,airline,1,Alaska Airlines Inc.,5866,576,1015,173,7630,1188,0.1557011796,0.2309746328,0.1456228956,0.08941322571,0.2085190039,255001,
oof_p6_clean,airline,1,Allegiant Air,2128,643,431,232,3434,663,0.1930693069,0.2651428571,0.3499245852,0.2320461927,0.3127548049,255001,
oof_p6_clean,airline,1,American Airlines Inc.,13098,3843,2488,1441,20870,3929,0.1882606612,0.2727100681,0.3667599898,0.226846113,0.3033540968,255001,
oof_p6_clean,airline,1,Cape Air,25,0,3,0,28,3,0.1071428571,,0,0,0.1071428571,255001,
oof_p6_clean,airline,1,Capital Cargo International,1831,244,318,78,2471,396,0.1602590045,0.2422360248,0.196969697,0.1175903614,0.2274382841,255001,
oof_p6_clean,airline,1,Comair Inc.,4373,838,796,310,6317,1106,0.1750831091,0.2700348432,0.2802893309,0.1608136634,0.2586670888,255001,
oof_p6_clean,airline,1,"Commutair Aka Champlain Enterprises, Inc.",698,468,166,298,1630,464,0.2846625767,0.3890339426,0.6422413793,0.4013722127,0.3889570552,255001,
oof_p6_clean,airline,1,Compass Airlines,1619,276,322,93,2310,415,0.1796536797,0.2520325203,0.2240963855,0.145646438,0.2588744589,255001,
oof_p6_clean,airline,1,Delta Air Lines Inc.,19288,1484,2649,483,23904,3132,0.1310240964,0.2455516014,0.1542145594,0.07144232621,0.1728999331,255001,
oof_p6_clean,airline,1,Empire Airlines Inc.,255,14,33,6,308,39,0.1266233766,0.3,0.1538461538,0.05204460967,0.1525974026,255001,
oof_p6_clean,airline,1,Endeavor Air Inc.,4527,561,717,194,5999,911,0.1518586431,0.2569536424,0.2129527991,0.110259434,0.2130355059,255001,
oof_p6_clean,airline,1,Envoy Air,4762,945,940,332,6979,1272,0.1822610689,0.2599843383,0.2610062893,0.1655861223,0.2700960023,255001,
oof_p6_clean,airline,1,ExpressJet Airlines Inc.,3354,724,604,395,5077,999,0.1967697459,0.3529937444,0.3953953954,0.1775380088,0.2615717944,255001,
oof_p6_clean,airline,1,Frontier Airlines Inc.,2004,1168,544,539,4255,1083,0.2545240893,0.3157586409,0.4976915974,0.368221942,0.4023501763,255001,
oof_p6_clean,airline,1,"GoJet Airlines, LLC d/b/a United Express",1730,284,333,103,2450,436,0.1779591837,0.2661498708,0.2362385321,0.1410129096,0.2518367347,255001,
oof_p6_clean,airline,1,Hawaiian Airlines Inc.,2686,23,251,9,2969,260,0.08757157292,0.28125,0.03461538462,0.008490217793,0.09228696531,255001,
oof_p6_clean,airline,1,Horizon Air,2856,122,470,24,3472,494,0.142281106,0.1643835616,0.04858299595,0.04096709201,0.1705069124,255001,
oof_p6_clean,airline,1,JetBlue Airways,4769,2938,988,1491,10186,2479,0.2433732574,0.3366448408,0.6014521985,0.3812118853,0.3854309837,255001,
oof_p6_clean,airline,1,Mesa Airlines Inc.,4515,673,865,226,6279,1091,0.1737537824,0.2513904338,0.2071494042,0.1297224364,0.2449434623,255001,
oof_p6_clean,airline,1,Peninsula Airways Inc.,17,2,8,1,28,9,0.3214285714,0.3333333333,0.1111111111,0.1052631579,0.3571428571,255001,
oof_p6_clean,airline,1,Republic Airlines,5965,1320,889,523,8697,1412,0.162354835,0.2837764514,0.3703966006,0.1811942347,0.2539956307,255001,
oof_p6_clean,airline,1,SkyWest Airlines Inc.,16517,1899,2997,647,22060,3644,0.1651858568,0.2541241163,0.1775521405,0.1031168549,0.2219401632,255001,
oof_p6_clean,airline,1,Southwest Airlines Co.,27540,9922,4431,4251,46144,8682,0.1881501387,0.299936499,0.4896337249,0.2648550531,0.3110480236,255001,
oof_p6_clean,airline,1,Spirit Air Lines,4568,818,781,270,6437,1051,0.1632748175,0.2481617647,0.2568981922,0.1518752321,0.2484076433,255001,
oof_p6_clean,airline,1,Trans States Airlines,1299,507,317,192,2315,509,0.2198704104,0.2746781116,0.3772102161,0.280730897,0.3559395248,255001,
oof_p6_clean,airline,1,United Air Lines Inc.,13893,3619,2363,1518,21393,3881,0.1814144814,0.295503212,0.3911363051,0.2066582915,0.2796241761,255001,
oof_p6_clean,airline,1,Virgin America,197,86,43,24,350,67,0.1914285714,0.2181818182,0.3582089552,0.3038869258,0.3685714286,255001,
oof_p6_clean,airline,7,(결측),19206,3499,3377,1458,27540,4835,0.1755628177,0.2941295138,0.3015511892,0.1541070249,0.2496732026,255001,
oof_p6_clean,airline,7,Air Wisconsin Airlines Corp,2617,302,457,93,3469,550,0.1585471317,0.235443038,0.1690909091,0.1034600891,0.2187950418,255001,
oof_p6_clean,airline,7,Alaska Airlines Inc.,5893,549,1026,162,7630,1188,0.1557011796,0.2278481013,0.1363636364,0.08522198075,0.2064220183,255001,
oof_p6_clean,airline,7,Allegiant Air,2227,544,457,206,3434,663,0.1930693069,0.2746666667,0.3107088989,0.1963190184,0.2914967967,255001,
oof_p6_clean,airline,7,American Airlines Inc.,13324,3617,2534,1395,20870,3929,0.1882606612,0.2783320032,0.3550521761,0.2135056962,0.2947292765,255001,
oof_p6_clean,airline,7,Cape Air,25,0,3,0,28,3,0.1071428571,,0,0,0.1071428571,255001,
oof_p6_clean,airline,7,Capital Cargo International,1893,182,340,56,2471,396,0.1602590045,0.2352941176,0.1414141414,0.08771084337,0.2112505059,255001,
oof_p6_clean,airline,7,Comair Inc.,4479,732,844,262,6317,1106,0.1750831091,0.2635814889,0.2368896926,0.1404720783,0.2494855153,255001,
oof_p6_clean,airline,7,"Commutair Aka Champlain Enterprises, Inc.",728,438,171,293,1630,464,0.2846625767,0.4008207934,0.6314655172,0.3756432247,0.3736196319,255001,
oof_p6_clean,airline,7,Compass Airlines,1649,246,330,85,2310,415,0.1796536797,0.2567975831,0.2048192771,0.1298153034,0.2493506494,255001,
oof_p6_clean,airline,7,Delta Air Lines Inc.,19522,1250,2690,442,23904,3132,0.1310240964,0.2612293144,0.1411238825,0.06017716156,0.1648259705,255001,
oof_p6_clean,airline,7,Empire Airlines Inc.,253,16,35,4,308,39,0.1266233766,0.2,0.1025641026,0.0594795539,0.1655844156,255001,
oof_p6_clean,airline,7,Endeavor Air Inc.,4558,530,721,190,5999,911,0.1518586431,0.2638888889,0.2085620198,0.1041666667,0.2085347558,255001,
oof_p6_clean,airline,7,Envoy Air,4811,896,965,307,6979,1272,0.1822610689,0.255195345,0.2413522013,0.1570001752,0.2666571142,255001,
oof_p6_clean,airline,7,ExpressJet Airlines Inc.,3358,720,600,399,5077,999,0.1967697459,0.3565683646,0.3993993994,0.1765571359,0.2599960607,255001,
oof_p6_clean,airline,7,Frontier Airlines Inc.,2037,1135,570,513,4255,1083,0.2545240893,0.3112864078,0.4736842105,0.3578184111,0.4007050529,255001,
oof_p6_clean,airline,7,"GoJet Airlines, LLC d/b/a United Express",1770,244,343,93,2450,436,0.1779591837,0.2759643917,0.2133027523,0.1211519364,0.2395918367,255001,
oof_p6_clean,airline,7,Hawaiian Airlines Inc.,2688,21,249,11,2969,260,0.08757157292,0.34375,0.04230769231,0.007751937984,0.09093971034,255001,
oof_p6_clean,airline,7,Horizon Air,2856,122,465,29,3472,494,0.142281106,0.1920529801,0.05870445344,0.04096709201,0.1690668203,255001,
oof_p6_clean,airline,7,JetBlue Airways,4914,2793,1027,1452,10186,2479,0.2433732574,0.34204947,0.5857200484,0.3623978202,0.3750245435,255001,
oof_p6_clean,airline,7,Mesa Airlines Inc.,4565,623,880,211,6279,1091,0.1737537824,0.2529976019,0.19340055,0.1200848111,0.2393693263,255001,
oof_p6_clean,airline,7,Peninsula Airways Inc.,19,0,9,0,28,9,0.3214285714,,0,0,0.3214285714,255001,
oof_p6_clean,airline,7,Republic Airlines,6055,1230,939,473,8697,1412,0.162354835,0.2777451556,0.3349858357,0.1688400824,0.2493963436,255001,
oof_p6_clean,airline,7,SkyWest Airlines Inc.,16537,1879,3026,618,22060,3644,0.1651858568,0.2474969964,0.1695938529,0.1020308427,0.2223481414,255001,
oof_p6_clean,airline,7,Southwest Airlines Co.,28177,9285,4687,3995,46144,8682,0.1881501387,0.3008283133,0.4601474315,0.2478511558,0.3027912621,255001,
oof_p6_clean,airline,7,Spirit Air Lines,4654,732,779,272,6437,1051,0.1632748175,0.2709163347,0.2588011418,0.1359079094,0.2347366786,255001,
oof_p6_clean,airline,7,Trans States Airlines,1312,494,316,193,2315,509,0.2198704104,0.2809315866,0.3791748527,0.2735326689,0.3498920086,255001,
oof_p6_clean,airline,7,United Air Lines Inc.,14270,3242,2451,1430,21393,3881,0.1814144814,0.3060787671,0.3684617367,0.1851301964,0.2661150844,255001,
oof_p6_clean,airline,7,Virgin America,177,106,35,32,350,67,0.1914285714,0.231884058,0.4776119403,0.3745583039,0.4028571429,255001,
oof_p6_clean,airline,42,(결측),19163,3542,3294,1541,27540,4835,0.1755628177,0.3031674208,0.3187176836,0.1560008809,0.2482207698,255001,
oof_p6_clean,airline,42,Air Wisconsin Airlines Corp,2609,310,451,99,3469,550,0.1585471317,0.2420537897,0.18,0.1062007537,0.2193715768,255001,
oof_p6_clean,airline,42,Alaska Airlines Inc.,5865,577,1022,166,7630,1188,0.1557011796,0.2234185734,0.1397306397,0.089568457,0.2095674967,255001,
oof_p6_clean,airline,42,Allegiant Air,2209,562,436,227,3434,663,0.1930693069,0.2877059569,0.3423831071,0.2028148683,0.29062318,255001,
oof_p6_clean,airline,42,American Airlines Inc.,13124,3817,2479,1450,20870,3929,0.1882606612,0.2752990317,0.369050649,0.2253113748,0.3016770484,255001,
oof_p6_clean,airline,42,Cape Air,25,0,3,0,28,3,0.1071428571,,0,0,0.1071428571,255001,
oof_p6_clean,airline,42,Capital Cargo International,1853,222,327,69,2471,396,0.1602590045,0.2371134021,0.1742424242,0.1069879518,0.2221772562,255001,
oof_p6_clean,airline,42,Comair Inc.,4480,731,834,272,6317,1106,0.1750831091,0.2711864407,0.2459312839,0.1402801765,0.2477441824,255001,
oof_p6_clean,airline,42,"Commutair Aka Champlain Enterprises, Inc.",688,478,170,294,1630,464,0.2846625767,0.3808290155,0.6336206897,0.409948542,0.3975460123,255001,
oof_p6_clean,airline,42,Compass Airlines,1688,207,336,79,2310,415,0.1796536797,0.2762237762,0.1903614458,0.1092348285,0.2350649351,255001,
oof_p6_clean,airline,42,Delta Air Lines Inc.,19434,1338,2653,479,23904,3132,0.1310240964,0.2636213539,0.1529374202,0.06441363374,0.1669595047,255001,
oof_p6_clean,airline,42,Empire Airlines Inc.,250,19,35,4,308,39,0.1266233766,0.1739130435,0.1025641026,0.07063197026,0.1753246753,255001,
oof_p6_clean,airline,42,Endeavor Air Inc.,4559,529,732,179,5999,911,0.1518586431,0.2528248588,0.1964873765,0.1039701258,0.2102017003,255001,
oof_p6_clean,airline,42,Envoy Air,4836,871,965,307,6979,1272,0.1822610689,0.2606112054,0.2413522013,0.15261959,0.2630749391,255001,
oof_p6_clean,airline,42,ExpressJet Airlines Inc.,3358,720,610,389,5077,999,0.1967697459,0.3507664563,0.3893893894,0.1765571359,0.2619657278,255001,
oof_p6_clean,airline,42,Frontier Airlines Inc.,2047,1125,547,536,4255,1083,0.2545240893,0.3226971704,0.4949215143,0.354665826,0.3929494712,255001,
oof_p6_clean,airline,42,"GoJet Airlines, LLC d/b/a United Express",1756,258,342,94,2450,436,0.1779591837,0.2670454545,0.2155963303,0.1281032771,0.2448979592,255001,
oof_p6_clean,airline,42,Hawaiian Airlines Inc.,2682,27,251,9,2969,260,0.08757157292,0.25,0.03461538462,0.009966777409,0.09363422028,255001,
oof_p6_clean,airline,42,Horizon Air,2903,75,474,20,3472,494,0.142281106,0.2105263158,0.04048582996,0.02518468771,0.1581221198,255001,
oof_p6_clean,airline,42,JetBlue Airways,4749,2958,986,1493,10186,2479,0.2433732574,0.3354302404,0.6022589754,0.3838069288,0.3871981151,255001,
oof_p6_clean,airline,42,Mesa Airlines Inc.,4533,655,878,213,6279,1091,0.1737537824,0.2453917051,0.1952337305,0.1262528913,0.2441471572,255001,
oof_p6_clean,airline,42,Peninsula Airways Inc.,17,2,9,0,28,9,0.3214285714,0,0,0.1052631579,0.3928571429,255001,
oof_p6_clean,airline,42,Republic Airlines,6019,1266,905,507,8697,1412,0.162354835,0.2859560068,0.3590651558,0.1737817433,0.2496263079,255001,
oof_p6_clean,airline,42,SkyWest Airlines Inc.,16523,1893,3011,633,22060,3644,0.1651858568,0.2505938242,0.1737102086,0.1027910513,0.2223028105,255001,
oof_p6_clean,airline,42,Southwest Airlines Co.,27774,9688,4483,4199,46144,8682,0.1881501387,0.3023691222,0.4836443216,0.2586087235,0.3071038488,255001,
oof_p6_clean,airline,42,Spirit Air Lines,4646,740,763,288,6437,1051,0.1632748175,0.280155642,0.2740247383,0.1373932417,0.2334938636,255001,
oof_p6_clean,airline,42,Trans States Airlines,1333,473,329,180,2315,509,0.2198704104,0.2756508423,0.3536345776,0.2619047619,0.3464362851,255001,
oof_p6_clean,airline,42,United Air Lines Inc.,14146,3366,2425,1456,21393,3881,0.1814144814,0.3019493986,0.375161041,0.1922110553,0.2706960221,255001,
oof_p6_clean,airline,42,Virgin America,179,104,39,28,350,67,0.1914285714,0.2121212121,0.4179104478,0.3674911661,0.4085714286,255001,
oof_p6_clean,dep_hour,1,00,325,52,72,18,467,90,0.1927194861,0.2571428571,0.2,0.1379310345,0.2655246253,255001,0
oof_p6_clean,dep_hour,1,01,163,10,31,5,209,36,0.1722488038,0.3333333333,0.1388888889,0.05780346821,0.1961722488,255001,1
oof_p6_clean,dep_hour,1,02,40,8,17,1,66,18,0.2727272727,0.1111111111,0.05555555556,0.1666666667,0.3787878788,255001,2
oof_p6_clean,dep_hour,1,03,44,9,8,5,66,13,0.196969697,0.3571428571,0.3846153846,0.1698113208,0.2575757576,255001,3
oof_p6_clean,dep_hour,1,04,19,4,8,0,31,8,0.2580645161,0,0,0.1739130435,0.3870967742,255001,4
oof_p6_clean,dep_hour,1,05,5305,43,395,6,5749,401,0.06975126109,0.1224489796,0.01496259352,0.00804038893,0.07618716298,255001,5
oof_p6_clean,dep_hour,1,06,15371,155,1369,24,16919,1393,0.08233347125,0.1340782123,0.01722900215,0.009983253897,0.09007624564,255001,6
oof_p6_clean,dep_hour,1,07,14117,236,1604,39,15996,1643,0.1027131783,0.1418181818,0.02373706634,0.01644255556,0.1150287572,255001,7
oof_p6_clean,dep_hour,1,08,12907,342,1760,80,15089,1840,0.1219431374,0.1895734597,0.04347826087,0.02581326893,0.1393067798,255001,8
oof_p6_clean,dep_hour,1,09,11655,451,1701,107,13914,1808,0.1299410666,0.1917562724,0.05918141593,0.03725425409,0.1546643668,255001,9
oof_p6_clean,dep_hour,1,10,11278,575,1872,167,13892,2039,0.1467751224,0.2250673854,0.08190289358,0.0485109255,0.1761445436,255001,10
oof_p6_clean,dep_hour,1,11,11105,835,2013,258,14211,2271,0.1598057843,0.2360475755,0.1136063408,0.06993299832,0.2004081345,255001,11
oof_p6_clean,dep_hour,1,12,10931,1034,2049,381,14395,2430,0.1688086141,0.2692579505,0.1567901235,0.08641872127,0.2141715874,255001,12
oof_p6_clean,dep_hour,1,13,8531,1658,1770,580,12539,2350,0.1874152644,0.2591599643,0.2468085106,0.1627245068,0.2733870325,255001,13
oof_p6_clean,dep_hour,1,14,8231,2514,1809,947,13501,2756,0.2041330272,0.2736203409,0.3436139332,0.233969288,0.3201985038,255001,14
oof_p6_clean,dep_hour,1,15,7197,3491,1580,1328,13596,2908,0.2138864372,0.2755758456,0.4566712517,0.326627994,0.3729773463,255001,15
oof_p6_clean,dep_hour,1,16,6217,3547,1402,1370,12536,2772,0.2211231653,0.278625178,0.4942279942,0.3632732487,0.3947830249,255001,16
oof_p6_clean,dep_hour,1,17,6780,4315,1566,1847,14508,3413,0.2352495175,0.299740344,0.5411661295,0.3889139252,0.4053625586,255001,17
oof_p6_clean,dep_hour,1,18,5368,4159,1313,1872,12712,3185,0.2505506608,0.3103962859,0.587755102,0.4365487562,0.4304594084,255001,18
oof_p6_clean,dep_hour,1,19,5037,3886,1190,1792,11905,2982,0.2504829903,0.3156040859,0.6009389671,0.4355037543,0.4263754725,255001,19
oof_p6_clean,dep_hour,1,20,4818,3153,1082,1463,10516,2545,0.2420121719,0.3169410745,0.5748526523,0.395558901,0.4027196653,255001,20
oof_p6_clean,dep_hour,1,21,3249,2112,685,974,7020,1659,0.2363247863,0.3156189242,0.5871006631,0.3939563514,0.3984330484,255001,21
oof_p6_clean,dep_hour,1,22,3111,1362,644,565,5682,1209,0.2127771911,0.2932018682,0.4673283706,0.3044936284,0.3530447026,255001,22
oof_p6_clean,dep_hour,1,23,1046,275,206,114,1641,320,0.1950030469,0.293059126,0.35625,0.2081756245,0.2931139549,255001,23
oof_p6_clean,dep_hour,1,결측(원본 시각 없음),19036,3894,3345,1566,27841,4911,0.1763945261,0.2868131868,0.3188759927,0.1698211949,0.2600122122,255001,-1
oof_p6_clean,dep_hour,7,00,337,40,77,13,467,90,0.1927194861,0.2452830189,0.1444444444,0.1061007958,0.2505353319,255001,0
oof_p6_clean,dep_hour,7,01,165,8,31,5,209,36,0.1722488038,0.3846153846,0.1388888889,0.04624277457,0.1866028708,255001,1
oof_p6_clean,dep_hour,7,02,41,7,17,1,66,18,0.2727272727,0.125,0.05555555556,0.1458333333,0.3636363636,255001,2
oof_p6_clean,dep_hour,7,03,45,8,9,4,66,13,0.196969697,0.3333333333,0.3076923077,0.1509433962,0.2575757576,255001,3
oof_p6_clean,dep_hour,7,04,19,4,7,1,31,8,0.2580645161,0.2,0.125,0.1739130435,0.3548387097,255001,4
oof_p6_clean,dep_hour,7,05,5313,35,396,5,5749,401,0.06975126109,0.125,0.01246882793,0.006544502618,0.07496955992,255001,5
oof_p6_clean,dep_hour,7,06,15390,136,1371,22,16919,1393,0.08233347125,0.1392405063,0.01579325197,0.008759500193,0.08907145812,255001,6
oof_p6_clean,dep_hour,7,07,14133,220,1607,36,15996,1643,0.1027131783,0.140625,0.02191113816,0.01532780603,0.114216054,255001,7
oof_p6_clean,dep_hour,7,08,12941,308,1756,84,15089,1840,0.1219431374,0.2142857143,0.04565217391,0.02324703751,0.1367883889,255001,8
oof_p6_clean,dep_hour,7,09,11703,403,1717,91,13914,1808,0.1299410666,0.1842105263,0.05033185841,0.03328927804,0.1523645249,255001,9
oof_p6_clean,dep_hour,7,10,11286,567,1868,171,13892,2039,0.1467751224,0.2317073171,0.08386463953,0.04783599089,0.1752807371,255001,10
oof_p6_clean,dep_hour,7,11,11229,711,2042,229,14211,2271,0.1598057843,0.2436170213,0.1008366358,0.05954773869,0.1937231722,255001,11
oof_p6_clean,dep_hour,7,12,11006,959,2053,377,14395,2430,0.1688086141,0.2821856287,0.1551440329,0.08015043878,0.2092393192,255001,12
oof_p6_clean,dep_hour,7,13,8576,1613,1770,580,12539,2350,0.1874152644,0.2644778842,0.2468085106,0.1583079792,0.2697982295,255001,13
oof_p6_clean,dep_hour,7,14,8541,2204,1868,888,13501,2756,0.2041330272,0.2871927555,0.3222060958,0.2051186598,0.3016072883,255001,14
oof_p6_clean,dep_hour,7,15,7564,3124,1700,1208,13596,2908,0.2138864372,0.2788550323,0.4154057772,0.2922904192,0.3548102383,255001,15
oof_p6_clean,dep_hour,7,16,6492,3272,1517,1255,12536,2772,0.2211231653,0.2772255357,0.4527417027,0.3351085621,0.382019783,255001,16
oof_p6_clean,dep_hour,7,17,7057,4038,1637,1776,14508,3413,0.2352495175,0.3054695562,0.5203633167,0.3639477242,0.391163496,255001,17
oof_p6_clean,dep_hour,7,18,5612,3915,1411,1774,12712,3185,0.2505506608,0.3118298471,0.5569858713,0.410937336,0.4189741976,255001,18
oof_p6_clean,dep_hour,7,19,5230,3693,1293,1689,11905,2982,0.2504829903,0.3138238573,0.5663983903,0.4138742575,0.4188156237,255001,19
oof_p6_clean,dep_hour,7,20,4965,3006,1142,1403,10516,2545,0.2420121719,0.3182127467,0.5512770138,0.3771170493,0.3944465576,255001,20
oof_p6_clean,dep_hour,7,21,3380,1981,722,937,7020,1659,0.2363247863,0.3211103496,0.5647980711,0.3695206118,0.385042735,255001,21
oof_p6_clean,dep_hour,7,22,3191,1282,675,534,5682,1209,0.2127771911,0.2940528634,0.4416873449,0.2866085401,0.3444209785,255001,22
oof_p6_clean,dep_hour,7,23,1062,259,219,101,1641,320,0.1950030469,0.2805555556,0.315625,0.1960635882,0.2912858013,255001,23
oof_p6_clean,dep_hour,7,결측(원본 시각 없음),19296,3634,3421,1490,27841,4911,0.1763945261,0.2907884465,0.3034005294,0.1584823375,0.2534032542,255001,-1
oof_p6_clean,dep_hour,42,00,339,38,77,13,467,90,0.1927194861,0.2549019608,0.1444444444,0.100795756,0.2462526767,255001,0
oof_p6_clean,dep_hour,42,01,163,10,30,6,209,36,0.1722488038,0.375,0.1666666667,0.05780346821,0.1913875598,255001,1
oof_p6_clean,dep_hour,42,02,41,7,15,3,66,18,0.2727272727,0.3,0.1666666667,0.1458333333,0.3333333333,255001,2
oof_p6_clean,dep_hour,42,03,48,5,8,5,66,13,0.196969697,0.5,0.3846153846,0.09433962264,0.196969697,255001,3
oof_p6_clean,dep_hour,42,04,19,4,7,1,31,8,0.2580645161,0.2,0.125,0.1739130435,0.3548387097,255001,4
oof_p6_clean,dep_hour,42,05,5318,30,396,5,5749,401,0.06975126109,0.1428571429,0.01246882793,0.005609573672,0.07409984345,255001,5
oof_p6_clean,dep_hour,42,06,15406,120,1379,14,16919,1393,0.08233347125,0.1044776119,0.01005025126,0.007728970759,0.08859861694,255001,6
oof_p6_clean,dep_hour,42,07,14192,161,1620,23,15996,1643,0.1027131783,0.125,0.01399878271,0.01121716714,0.1113403351,255001,7
oof_p6_clean,dep_hour,42,08,12981,268,1756,84,15089,1840,0.1219431374,0.2386363636,0.04565217391,0.02022794173,0.1341374511,255001,8
oof_p6_clean,dep_hour,42,09,11725,381,1716,92,13914,1808,0.1299410666,0.1945031712,0.05088495575,0.03147199736,0.1507115136,255001,9
oof_p6_clean,dep_hour,42,10,11271,582,1861,178,13892,2039,0.1467751224,0.2342105263,0.08729769495,0.04910149329,0.1758566081,255001,10
oof_p6_clean,dep_hour,42,11,11209,731,2028,243,14211,2271,0.1598057843,0.249486653,0.107001321,0.06122278057,0.1941453803,255001,11
oof_p6_clean,dep_hour,42,12,11046,919,2055,375,14395,2430,0.1688086141,0.2897990726,0.1543209877,0.07680735478,0.2065995137,255001,12
oof_p6_clean,dep_hour,42,13,8524,1665,1791,559,12539,2350,0.1874152644,0.2513489209,0.2378723404,0.1634115222,0.2756200654,255001,13
oof_p6_clean,dep_hour,42,14,8345,2400,1833,923,13501,2756,0.2041330272,0.2777610593,0.3349056604,0.2233597022,0.3135323309,255001,14
oof_p6_clean,dep_hour,42,15,7436,3252,1610,1298,13596,2908,0.2138864372,0.2852747253,0.4463548831,0.3042664671,0.357605178,255001,15
oof_p6_clean,dep_hour,42,16,6423,3341,1468,1304,12536,2772,0.2211231653,0.2807319699,0.4704184704,0.342175338,0.3836151883,255001,16
oof_p6_clean,dep_hour,42,17,6874,4221,1560,1853,14508,3413,0.2352495175,0.3050707935,0.5429241137,0.3804416404,0.3984698098,255001,17
oof_p6_clean,dep_hour,42,18,5446,4081,1334,1851,12712,3185,0.2505506608,0.3120364127,0.5811616954,0.4283614989,0.4259754563,255001,18
oof_p6_clean,dep_hour,42,19,5098,3825,1230,1752,11905,2982,0.2504829903,0.3141473911,0.5875251509,0.4286674885,0.4246115078,255001,19
oof_p6_clean,dep_hour,42,20,4846,3125,1106,1439,10516,2545,0.2420121719,0.3152936021,0.5654223969,0.3920461674,0.4023392925,255001,20
oof_p6_clean,dep_hour,42,21,3247,2114,678,981,7020,1659,0.2363247863,0.3169628433,0.5913200723,0.3943294162,0.3977207977,255001,21
oof_p6_clean,dep_hour,42,22,3131,1342,631,578,5682,1209,0.2127771911,0.3010416667,0.4780810587,0.3000223564,0.3472368884,255001,22
oof_p6_clean,dep_hour,42,23,1069,252,209,111,1641,320,0.1950030469,0.305785124,0.346875,0.1907645723,0.2809262645,255001,23
oof_p6_clean,dep_hour,42,결측(원본 시각 없음),19251,3679,3391,1520,27841,4911,0.1763945261,0.2923639161,0.3095092649,0.1604448321,0.2539420279,255001,-1
oof_p6_clean,month,1,1,13378,3153,2339,1009,19879,3348,0.1684189346,0.2424315233,0.3013739546,0.1907325631,0.2762714422,255001,1
oof_p6_clean,month,1,2,9255,2476,2108,981,14820,3089,0.2084345479,0.2837720567,0.3175785044,0.2110647004,0.3093117409,255001,2
oof_p6_clean,month,1,3,12485,3128,2011,1097,18721,3108,0.1660167726,0.2596449704,0.352960103,0.2003458656,0.2745045671,255001,3
oof_p6_clean,month,1,4,14581,3296,2260,1214,21351,3474,0.1627090066,0.2691796009,0.34945308,0.1843709795,0.2602220037,255001,4
oof_p6_clean,month,1,5,11566,3700,1970,1659,18895,3629,0.1920613919,0.3095726815,0.4571507302,0.2423686624,0.3000793861,255001,5
oof_p6_clean,month,1,6,10317,3354,2005,1901,17577,3906,0.2222222222,0.3617507136,0.486687148,0.2453368444,0.3048870683,255001,6
oof_p6_clean,month,1,7,11647,3842,2100,1940,19529,4040,0.2068718316,0.3355240401,0.4801980198,0.2480470011,0.3042654514,255001,7
oof_p6_clean,month,1,8,13168,4531,2317,2047,22063,4364,0.1977972171,0.3111888112,0.4690650779,0.256003164,0.3103839006,255001,8
oof_p6_clean,month,1,9,18954,2643,2751,812,25160,3563,0.1416136725,0.2350217077,0.2278978389,0.1223781081,0.2143879173,255001,9
oof_p6_clean,month,1,10,19871,2697,2933,902,26403,3835,0.145248646,0.2506251737,0.235202086,0.1195054945,0.2132333447,255001,10
oof_p6_clean,month,1,11,18514,2555,3168,853,25090,4021,0.160263053,0.2502934272,0.2121362845,0.121268214,0.2280988442,255001,11
oof_p6_clean,month,1,12,18145,2745,3529,1094,25513,4623,0.1812017403,0.2849700443,0.2366428726,0.131402585,0.2459138478,255001,12
oof_p6_clean,month,7,1,13532,2999,2357,991,19879,3348,0.1684189346,0.2483709273,0.2959976105,0.1814167322,0.2694300518,255001,1
oof_p6_clean,month,7,2,9406,2325,2141,948,14820,3089,0.2084345479,0.2896425298,0.3068954354,0.1981928224,0.3013495277,255001,2
oof_p6_clean,month,7,3,12695,2918,2047,1061,18721,3108,0.1660167726,0.266649912,0.3413770914,0.1868955358,0.2652101918,255001,3
oof_p6_clean,month,7,4,14729,3148,2287,1187,21351,3474,0.1627090066,0.2738177624,0.3416810593,0.1760921855,0.2545548218,255001,4
oof_p6_clean,month,7,5,11783,3483,2035,1594,18895,3629,0.1920613919,0.3139649399,0.4392394599,0.2281540679,0.2920349299,255001,5
oof_p6_clean,month,7,6,10446,3225,2119,1787,17577,3906,0.2222222222,0.3565442937,0.4575012801,0.2359008119,0.3040336804,255001,6
oof_p6_clean,month,7,7,11907,3582,2188,1852,19529,4040,0.2068718316,0.3408170777,0.4584158416,0.2312608948,0.2954580368,255001,7
oof_p6_clean,month,7,8,13436,4263,2406,1958,22063,4364,0.1977972171,0.3147403954,0.4486709441,0.2408610656,0.3022707701,255001,8
oof_p6_clean,month,7,9,19301,2296,2865,698,25160,3563,0.1416136725,0.2331329325,0.1959023295,0.1063110617,0.205127186,255001,9
oof_p6_clean,month,7,10,20280,2288,3045,790,26403,3835,0.145248646,0.2566601689,0.2059973924,0.1013824885,0.201984623,255001,10
oof_p6_clean,month,7,11,18737,2332,3196,825,25090,4021,0.160263053,0.2613240418,0.2051728426,0.1106839432,0.2203268234,255001,11
oof_p6_clean,month,7,12,18322,2568,3640,983,25513,4623,0.1812017403,0.27682343,0.2126324897,0.1229296314,0.2433269314,255001,12
oof_p6_clean,month,42,1,13576,2955,2343,1005,19879,3348,0.1684189346,0.2537878788,0.3001792115,0.1787550662,0.2665124,255001,1
oof_p6_clean,month,42,2,9465,2266,2159,930,14820,3089,0.2084345479,0.2909887359,0.3010683069,0.1931634132,0.298582996,255001,2
oof_p6_clean,month,42,3,12635,2978,2060,1048,18721,3108,0.1660167726,0.260307998,0.3371943372,0.1907384872,0.2691095561,255001,3
oof_p6_clean,month,42,4,14736,3141,2268,1206,21351,3474,0.1627090066,0.2774327122,0.3471502591,0.1757006209,0.2533370802,255001,4
oof_p6_clean,month,42,5,11722,3544,2014,1615,18895,3629,0.1920613919,0.3130451638,0.445026178,0.2321498755,0.294151892,255001,5
oof_p6_clean,month,42,6,10368,3303,2018,1888,17577,3906,0.2222222222,0.3637064149,0.483358935,0.2416063199,0.3027251522,255001,6
oof_p6_clean,month,42,7,11723,3766,2102,1938,19529,4040,0.2068718316,0.3397615708,0.4797029703,0.2431402931,0.3004762149,255001,7
oof_p6_clean,month,42,8,13290,4409,2341,2023,22063,4364,0.1977972171,0.3145211443,0.4635655362,0.2491101192,0.305942075,255001,8
oof_p6_clean,month,42,9,19075,2522,2778,785,25160,3563,0.1416136725,0.2373752646,0.2203199551,0.1167754781,0.2106518283,255001,9
oof_p6_clean,month,42,10,20013,2555,2969,866,26403,3835,0.145248646,0.253142356,0.2258148631,0.1132133995,0.2092186494,255001,10
oof_p6_clean,month,42,11,18609,2460,3167,854,25090,4021,0.160263053,0.2576946288,0.2123849789,0.1167592197,0.2242726186,255001,11
oof_p6_clean,month,42,12,18236,2654,3570,1053,25513,4623,0.1812017403,0.2840571891,0.2277741726,0.1270464337,0.2439540626,255001,12
oof_p6_clean,origin_airport,1,ABE,120,29,25,8,182,33,0.1813186813,0.2162162162,0.2424242424,0.1946308725,0.2967032967,255001,
oof_p6_clean,origin_airport,1,ABI,36,3,7,1,47,8,0.170212766,0.25,0.125,0.07692307692,0.2127659574,255001,
oof_p6_clean,origin_airport,1,ABQ,721,107,109,33,970,142,0.1463917526,0.2357142857,0.2323943662,0.1292270531,0.2226804124,255001,
oof_p6_clean,origin_airport,1,ABR,14,1,5,0,20,5,0.25,0,0,0.06666666667,0.3,255001,
oof_p6_clean,origin_airport,1,ABY,30,0,2,0,32,2,0.0625,,0,0,0.0625,255001,
oof_p6_clean,origin_airport,1,ACK,21,16,4,4,45,8,0.1777777778,0.2,0.5,0.4324324324,0.4444444444,255001,
oof_p6_clean,origin_airport,1,ACT,38,1,4,0,43,4,0.09302325581,0,0,0.02564102564,0.1162790698,255001,
oof_p6_clean,origin_airport,1,ACV,53,6,9,4,72,13,0.1805555556,0.4,0.3076923077,0.1016949153,0.2083333333,255001,
oof_p6_clean,origin_airport,1,ACY,108,4,9,1,122,10,0.08196721311,0.2,0.1,0.03571428571,0.106557377,255001,
oof_p6_clean,origin_airport,1,ADK,1,0,0,0,1,0,0,,,0,0,255001,
oof_p6_clean,origin_airport,1,ADQ,17,0,2,0,19,2,0.1052631579,,0,0,0.1052631579,255001,
oof_p6_clean,origin_airport,1,AEX,67,9,14,4,94,18,0.1914893617,0.3076923077,0.2222222222,0.1184210526,0.2446808511,255001,
oof_p6_clean,origin_airport,1,AGS,85,8,18,3,114,21,0.1842105263,0.2727272727,0.1428571429,0.08602150538,0.2280701754,255001,
oof_p6_clean,origin_airport,1,AKN,1,0,0,0,1,0,0,,,0,0,255001,
oof_p6_clean,origin_airport,1,ALB,373,78,78,29,558,107,0.1917562724,0.2710280374,0.2710280374,0.1729490022,0.2795698925,255001,
oof_p6_clean,origin_airport,1,ALO,19,1,4,0,24,4,0.1666666667,0,0,0.05,0.2083333333,255001,
oof_p6_clean,origin_airport,1,ALW,20,0,4,1,25,5,0.2,1,0.2,0,0.16,255001,
oof_p6_clean,origin_airport,1,AMA,172,11,21,1,205,22,0.1073170732,0.08333333333,0.04545454545,0.06010928962,0.156097561,255001,
oof_p6_clean,origin_airport,1,ANC,596,5,71,3,675,74,0.1096296296,0.375,0.04054054054,0.008319467554,0.1125925926,255001,
oof_p6_clean,origin_airport,1,APN,16,0,2,0,18,2,0.1111111111,,0,0,0.1111111111,255001,
oof_p6_clean,origin_airport,1,ART,18,1,5,1,25,6,0.24,0.5,0.1666666667,0.05263157895,0.24,255001,
oof_p6_clean,origin_airport,1,ASE,141,26,35,9,211,44,0.2085308057,0.2571428571,0.2045454545,0.1556886228,0.2890995261,255001,
oof_p6_clean,origin_airport,1,ATL,8607,963,1337,402,11309,1739,0.1537713326,0.2945054945,0.2311673376,0.1006269592,0.2033778407,255001,
oof_p6_clean,origin_airport,1,ATW,142,20,31,3,196,34,0.1734693878,0.1304347826,0.08823529412,0.1234567901,0.2602040816,255001,
oof_p6_clean,origin_airport,1,ATY,7,0,3,0,10,3,0.3,,0,0,0.3,255001,
oof_p6_clean,origin_airport,1,AUS,1585,331,220,145,2281,365,0.1600175362,0.3046218487,0.397260274,0.1727557411,0.241560719,255001,
oof_p6_clean,origin_airport,1,AVL,186,36,30,17,269,47,0.1747211896,0.320754717,0.3617021277,0.1621621622,0.2453531599,255001,
oof_p6_clean,origin_airport,1,AVP,138,8,22,6,174,28,0.1609195402,0.4285714286,0.2142857143,0.05479452055,0.1724137931,255001,
oof_p6_clean,origin_airport,1,AZA,147,16,23,7,193,30,0.1554404145,0.3043478261,0.2333333333,0.0981595092,0.2020725389,255001,
oof_p6_clean,origin_airport,1,AZO,96,4,17,0,117,17,0.1452991453,0,0,0.04,0.1794871795,255001,
oof_p6_clean,origin_airport,1,BDL,725,90,82,42,939,124,0.1320553781,0.3181818182,0.3387096774,0.1104294479,0.1831735889,255001,
oof_p6_clean,origin_airport,1,BET,17,0,3,0,20,3,0.15,,0,0,0.15,255001,
oof_p6_clean,origin_airport,1,BFF,19,1,1,0,21,1,0.04761904762,0,0,0.05,0.09523809524,255001,
oof_p6_clean,origin_airport,1,BFL,95,0,7,0,102,7,0.06862745098,,0,0,0.06862745098,255001,
oof_p6_clean,origin_airport,1,BFM,2,0,0,0,2,0,0,,,0,0,255001,
oof_p6_clean,origin_airport,1,BGM,29,0,1,0,30,1,0.03333333333,,0,0,0.03333333333,255001,
oof_p6_clean,origin_airport,1,BGR,115,22,21,10,168,31,0.1845238095,0.3125,0.3225806452,0.1605839416,0.255952381,255001,
oof_p6_clean,origin_airport,1,BHM,470,71,75,29,645,104,0.1612403101,0.29,0.2788461538,0.1312384473,0.2263565891,255001,
oof_p6_clean,origin_airport,1,BIL,129,9,24,2,164,26,0.1585365854,0.1818181818,0.07692307692,0.0652173913,0.2012195122,255001,
oof_p6_clean,origin_airport,1,BIS,120,15,22,4,161,26,0.1614906832,0.2105263158,0.1538461538,0.1111111111,0.2298136646,255001,
oof_p6_clean,origin_airport,1,BJI,21,1,1,0,23,1,0.04347826087,0,0,0.04545454545,0.08695652174,255001,
oof_p6_clean,origin_airport,1,BKG,4,3,0,1,8,1,0.125,0.25,1,0.4285714286,0.375,255001,
oof_p6_clean,origin_airport,1,BLI,121,13,10,3,147,13,0.08843537415,0.1875,0.2307692308,0.09701492537,0.156462585,255001,
oof_p6_clean,origin_airport,1,BLV,20,8,3,6,37,9,0.2432432432,0.4285714286,0.6666666667,0.2857142857,0.2972972973,255001,
oof_p6_clean,origin_airport,1,BMI,71,7,7,0,85,7,0.08235294118,0,0,0.08974358974,0.1647058824,255001,
oof_p6_clean,origin_airport,1,BNA,1628,510,277,235,2650,512,0.1932075472,0.3154362416,0.458984375,0.2385406922,0.2969811321,255001,
oof_p6_clean,origin_airport,1,BOI,693,52,85,13,843,98,0.1162514828,0.2,0.1326530612,0.06979865772,0.162514828,255001,
oof_p6_clean,origin_airport,1,BOS,2714,1266,492,538,5010,1030,0.2055888224,0.2982261641,0.5223300971,0.3180904523,0.3508982036,255001,
oof_p6_clean,origin_airport,1,BPT,14,1,5,0,20,5,0.25,0,0,0.06666666667,0.3,255001,
oof_p6_clean,origin_airport,1,BQK,28,0,3,0,31,3,0.09677419355,,0,0,0.09677419355,255001,
oof_p6_clean,origin_airport,1,BQN,44,14,15,1,74,16,0.2162162162,0.06666666667,0.0625,0.2413793103,0.3918918919,255001,
oof_p6_clean,origin_airport,1,BRD,10,0,4,0,14,4,0.2857142857,,0,0,0.2857142857,255001,
oof_p6_clean,origin_airport,1,BRO,75,1,3,1,80,4,0.05,0.5,0.25,0.01315789474,0.05,255001,
oof_p6_clean,origin_airport,1,BRW,17,0,1,0,18,1,0.05555555556,,0,0,0.05555555556,255001,
oof_p6_clean,origin_airport,1,BTM,15,0,0,0,15,0,0,,,0,0,255001,
oof_p6_clean,origin_airport,1,BTR,158,30,39,7,234,46,0.1965811966,0.1891891892,0.152173913,0.1595744681,0.2948717949,255001,
oof_p6_clean,origin_airport,1,BTV,213,57,42,26,338,68,0.201183432,0.313253012,0.3823529412,0.2111111111,0.2928994083,255001,
oof_p6_clean,origin_airport,1,BUF,642,144,93,72,951,165,0.1735015773,0.3333333333,0.4363636364,0.1832061069,0.2492113565,255001,
oof_p6_clean,origin_airport,1,BUR,758,154,110,56,1078,166,0.1539888683,0.2666666667,0.3373493976,0.1688596491,0.2448979592,255001,
oof_p6_clean,origin_airport,1,BWI,2178,948,348,428,3902,776,0.1988723731,0.3110465116,0.5515463918,0.3032629559,0.3321373655,255001,
oof_p6_clean,origin_airport,1,BZN,236,8,23,10,277,33,0.119133574,0.5555555556,0.303030303,0.03278688525,0.1119133574,255001,
oof_p6_clean,origin_airport,1,CAE,192,47,40,14,293,54,0.1843003413,0.2295081967,0.2592592593,0.1966527197,0.2969283276,255001,
oof_p6_clean,origin_airport,1,CAK,137,34,35,11,217,46,0.2119815668,0.2444444444,0.2391304348,0.1988304094,0.3179723502,255001,
oof_p6_clean,origin_airport,1,CDC,18,0,3,0,21,3,0.1428571429,,0,0,0.1428571429,255001,
oof_p6_clean,origin_airport,1,CDV,23,0,2,0,25,2,0.08,,0,0,0.08,255001,
oof_p6_clean,origin_airport,1,CGI,20,2,3,1,26,4,0.1538461538,0.3333333333,0.25,0.09090909091,0.1923076923,255001,
oof_p6_clean,origin_airport,1,CHA,213,28,36,13,290,49,0.1689655172,0.3170731707,0.2653061224,0.1161825726,0.2206896552,255001,
oof_p6_clean,origin_airport,1,CHO,181,26,36,5,248,41,0.1653225806,0.1612903226,0.1219512195,0.1256038647,0.25,255001,
oof_p6_clean,origin_airport,1,CHS,628,98,75,44,845,119,0.1408284024,0.3098591549,0.3697478992,0.1349862259,0.2047337278,255001,
oof_p6_clean,origin_airport,1,CID,210,43,48,12,313,60,0.1916932907,0.2181818182,0.2,0.1699604743,0.2907348243,255001,
oof_p6_clean,origin_airport,1,CIU,22,0,2,1,25,3,0.12,1,0.3333333333,0,0.08,255001,
oof_p6_clean,origin_airport,1,CKB,31,3,2,1,37,3,0.08108108108,0.25,0.3333333333,0.08823529412,0.1351351351,255001,
oof_p6_clean,origin_airport,1,CLE,1310,187,190,88,1775,278,0.1566197183,0.32,0.3165467626,0.1249164997,0.2123943662,255001,
oof_p6_clean,origin_airport,1,CLL,51,3,9,0,63,9,0.1428571429,0,0,0.05555555556,0.1904761905,255001,
oof_p6_clean,origin_airport,1,CLT,4666,793,842,280,6581,1122,0.1704908069,0.2609506058,0.2495543672,0.1452647005,0.2484424859,255001,
oof_p6_clean,origin_airport,1,CMH,1077,205,165,84,1531,249,0.1626387982,0.2906574394,0.3373493976,0.1599063963,0.2416721097,255001,
oof_p6_clean,origin_airport,1,CMI,44,21,13,4,82,17,0.2073170732,0.16,0.2352941176,0.3230769231,0.4146341463,255001,
oof_p6_clean,origin_airport,1,CMX,17,2,7,0,26,7,0.2692307692,0,0,0.1052631579,0.3461538462,255001,
oof_p6_clean,origin_airport,1,CNY,12,0,2,0,14,2,0.1428571429,,0,0,0.1428571429,255001,
oof_p6_clean,origin_airport,1,COD,28,2,7,1,38,8,0.2105263158,0.3333333333,0.125,0.06666666667,0.2368421053,255001,
oof_p6_clean,origin_airport,1,COS,290,48,65,6,409,71,0.173594132,0.1111111111,0.08450704225,0.1420118343,0.2762836186,255001,
oof_p6_clean,origin_airport,1,COU,70,6,14,1,91,15,0.1648351648,0.1428571429,0.06666666667,0.07894736842,0.2197802198,255001,
oof_p6_clean,origin_airport,1,CPR,49,6,9,3,67,12,0.1791044776,0.3333333333,0.25,0.1090909091,0.223880597,255001,
oof_p6_clean,origin_airport,1,CRP,170,19,24,8,221,32,0.1447963801,0.2962962963,0.25,0.1005291005,0.1945701357,255001,
oof_p6_clean,origin_airport,1,CRW,96,23,30,5,154,35,0.2272727273,0.1785714286,0.1428571429,0.1932773109,0.3441558442,255001,
oof_p6_clean,origin_airport,1,CSG,18,1,4,0,23,4,0.1739130435,0,0,0.05263157895,0.2173913043,255001,
oof_p6_clean,origin_airport,1,CVG,1141,174,204,55,1574,259,0.1645489199,0.2401746725,0.2123552124,0.1323193916,0.2401524778,255001,
oof_p6_clean,origin_airport,1,CWA,64,3,7,2,76,9,0.1184210526,0.4,0.2222222222,0.0447761194,0.1315789474,255001,
oof_p6_clean,origin_airport,1,CYS,10,0,1,0,11,1,0.09090909091,,0,0,0.09090909091,255001,
oof_p6_clean,origin_airport,1,DAB,86,1,6,0,93,6,0.06451612903,0,0,0.01149425287,0.0752688172,255001,
oof_p6_clean,origin_airport,1,DAL,1393,762,247,369,2771,616,0.2223024179,0.3262599469,0.599025974,0.3535962877,0.3641284735,255001,
oof_p6_clean,origin_airport,1,DAY,346,76,66,31,519,97,0.1868978805,0.2897196262,0.3195876289,0.1800947867,0.2736030829,255001,
oof_p6_clean,origin_airport,1,DBQ,20,3,4,2,29,6,0.2068965517,0.4,0.3333333333,0.1304347826,0.2413793103,255001,
oof_p6_clean,origin_airport,1,DCA,2748,662,499,253,4162,752,0.1806823642,0.2765027322,0.3364361702,0.1941348974,0.2789524267,255001,
oof_p6_clean,origin_airport,1,DEN,5992,2013,1212,814,10031,2026,0.201973881,0.2879377432,0.4017769003,0.2514678326,0.3215033396,255001,
oof_p6_clean,origin_airport,1,DFW,4564,1549,963,625,7701,1588,0.2062069861,0.2874885005,0.3935768262,0.2533944054,0.3261914037,255001,
oof_p6_clean,origin_airport,1,DHN,39,0,3,1,43,4,0.09302325581,1,0.25,0,0.06976744186,255001,
oof_p6_clean,origin_airport,1,DIK,18,1,3,1,23,4,0.1739130435,0.5,0.25,0.05263157895,0.1739130435,255001,
oof_p6_clean,origin_airport,1,DLG,2,0,1,0,3,1,0.3333333333,,0,0,0.3333333333,255001,
oof_p6_clean,origin_airport,1,DLH,80,14,14,3,111,17,0.1531531532,0.1764705882,0.1764705882,0.1489361702,0.2522522523,255001,
oof_p6_clean,origin_airport,1,DRO,70,24,14,10,118,24,0.2033898305,0.2941176471,0.4166666667,0.2553191489,0.3220338983,255001,
oof_p6_clean,origin_airport,1,DRT,14,2,2,0,18,2,0.1111111111,0,0,0.125,0.2222222222,255001,
oof_p6_clean,origin_airport,1,DSM,428,42,70,12,552,82,0.1485507246,0.2222222222,0.1463414634,0.08936170213,0.2028985507,255001,
oof_p6_clean,origin_airport,1,DTW,3917,352,642,131,5042,773,0.1533121777,0.2712215321,0.169469599,0.08245490747,0.1971439905,255001,
oof_p6_clean,origin_airport,1,DUT,14,0,3,0,17,3,0.1764705882,,0,0,0.1764705882,255001,
oof_p6_clean,origin_airport,1,DVL,15,3,3,0,21,3,0.1428571429,0,0,0.1666666667,0.2857142857,255001,
oof_p6_clean,origin_airport,1,EAR,11,2,0,0,13,0,0,0,,0.1538461538,0.1538461538,255001,
oof_p6_clean,origin_airport,1,EAT,23,2,10,0,35,10,0.2857142857,0,0,0.08,0.3428571429,255001,
oof_p6_clean,origin_airport,1,EAU,33,3,2,0,38,2,0.05263157895,0,0,0.08333333333,0.1315789474,255001,
oof_p6_clean,origin_airport,1,ECP,149,22,19,5,195,24,0.1230769231,0.1851851852,0.2083333333,0.1286549708,0.2102564103,255001,
oof_p6_clean,origin_airport,1,EGE,45,2,11,0,58,11,0.1896551724,0,0,0.04255319149,0.224137931,255001,
oof_p6_clean,origin_airport,1,EKO,23,0,2,0,25,2,0.08,,0,0,0.08,255001,
oof_p6_clean,origin_airport,1,ELM,70,6,10,5,91,15,0.1648351648,0.4545454545,0.3333333333,0.07894736842,0.1758241758,255001,
oof_p6_clean,origin_airport,1,ELP,441,93,73,32,639,105,0.1643192488,0.256,0.3047619048,0.1741573034,0.2597809077,255001,
oof_p6_clean,origin_airport,1,ERI,49,10,9,1,69,10,0.1449275362,0.09090909091,0.1,0.1694915254,0.2753623188,255001,
oof_p6_clean,origin_airport,1,ESC,10,0,4,0,14,4,0.2857142857,,0,0,0.2857142857,255001,
oof_p6_clean,origin_airport,1,EUG,232,18,37,7,294,44,0.1496598639,0.28,0.1590909091,0.072,0.1870748299,255001,
oof_p6_clean,origin_airport,1,EVV,139,4,22,1,166,23,0.1385542169,0.2,0.04347826087,0.02797202797,0.156626506,255001,
oof_p6_clean,origin_airport,1,EWN,47,6,10,0,63,10,0.1587301587,0,0,0.1132075472,0.253968254,255001,
oof_p6_clean,origin_airport,1,EWR,2554,1644,465,921,5584,1386,0.2482091691,0.3590643275,0.6645021645,0.3916150548,0.3776862464,255001,
oof_p6_clean,origin_airport,1,EYW,104,11,15,5,135,20,0.1481481481,0.3125,0.25,0.09565217391,0.1925925926,255001,
oof_p6_clean,origin_airport,1,FAI,158,1,11,0,170,11,0.06470588235,0,0,0.006289308176,0.07058823529,255001,
oof_p6_clean,origin_airport,1,FAR,189,21,33,4,247,37,0.1497975709,0.16,0.1081081081,0.1,0.2186234818,255001,
oof_p6_clean,origin_airport,1,FAT,295,27,47,10,379,57,0.1503957784,0.2702702703,0.1754385965,0.08385093168,0.1952506596,255001,
oof_p6_clean,origin_airport,1,FAY,80,16,18,6,120,24,0.2,0.2727272727,0.25,0.1666666667,0.2833333333,255001,
oof_p6_clean,origin_airport,1,FCA,103,17,19,5,144,24,0.1666666667,0.2272727273,0.2083333333,0.1416666667,0.25,255001,
oof_p6_clean,origin_airport,1,FLG,33,4,8,1,46,9,0.1956521739,0.2,0.1111111111,0.1081081081,0.2608695652,255001,
oof_p6_clean,origin_airport,1,FLL,1976,816,313,388,3493,701,0.2006870885,0.3222591362,0.5534950071,0.2922636103,0.3232178643,255001,
oof_p6_clean,origin_airport,1,FLO,25,1,5,0,31,5,0.1612903226,0,0,0.03846153846,0.1935483871,255001,
oof_p6_clean,origin_airport,1,FNT,111,8,14,4,137,18,0.1313868613,0.3333333333,0.2222222222,0.06722689076,0.1605839416,255001,
oof_p6_clean,origin_airport,1,FSD,180,20,36,6,242,42,0.173553719,0.2307692308,0.1428571429,0.1,0.2314049587,255001,
oof_p6_clean,origin_airport,1,FSM,57,1,8,3,69,11,0.1594202899,0.75,0.2727272727,0.01724137931,0.1304347826,255001,
oof_p6_clean,origin_airport,1,FWA,163,15,24,2,204,26,0.1274509804,0.1176470588,0.07692307692,0.08426966292,0.1911764706,255001,
oof_p6_clean,origin_airport,1,GCC,24,0,2,0,26,2,0.07692307692,,0,0,0.07692307692,255001,
oof_p6_clean,origin_airport,1,GCK,18,0,2,0,20,2,0.1,,0,0,0.1,255001,
oof_p6_clean,origin_airport,1,GEG,583,68,82,22,755,104,0.1377483444,0.2444444444,0.2115384615,0.1044546851,0.1986754967,255001,
oof_p6_clean,origin_airport,1,GFK,46,2,6,1,55,7,0.1272727273,0.3333333333,0.1428571429,0.04166666667,0.1454545455,255001,
oof_p6_clean,origin_airport,1,GGG,11,2,2,1,16,3,0.1875,0.3333333333,0.3333333333,0.1538461538,0.25,255001,
oof_p6_clean,origin_airport,1,GJT,123,4,17,1,145,18,0.124137931,0.2,0.05555555556,0.03149606299,0.1448275862,255001,
oof_p6_clean,origin_airport,1,GNV,118,4,13,1,136,14,0.1029411765,0.2,0.07142857143,0.03278688525,0.125,255001,
oof_p6_clean,origin_airport,1,GPT,110,6,14,1,131,15,0.1145038168,0.1428571429,0.06666666667,0.05172413793,0.1526717557,255001,
oof_p6_clean,origin_airport,1,GRB,138,23,24,9,194,33,0.1701030928,0.28125,0.2727272727,0.1428571429,0.2422680412,255001,
oof_p6_clean,origin_airport,1,GRI,21,0,2,1,24,3,0.125,1,0.3333333333,0,0.08333333333,255001,
oof_p6_clean,origin_airport,1,GRK,66,6,15,0,87,15,0.1724137931,0,0,0.08333333333,0.2413793103,255001,
oof_p6_clean,origin_airport,1,GRR,456,82,80,36,654,116,0.1773700306,0.3050847458,0.3103448276,0.1524163569,0.247706422,255001,
oof_p6_clean,origin_airport,1,GSO,366,59,57,30,512,87,0.169921875,0.3370786517,0.3448275862,0.1388235294,0.2265625,255001,
oof_p6_clean,origin_airport,1,GSP,374,65,64,33,536,97,0.1809701493,0.3367346939,0.3402061856,0.1480637813,0.2406716418,255001,
oof_p6_clean,origin_airport,1,GST,2,0,1,0,3,1,0.3333333333,,0,0,0.3333333333,255001,
oof_p6_clean,origin_airport,1,GTF,68,13,14,1,96,15,0.15625,0.07142857143,0.06666666667,0.1604938272,0.28125,255001,
oof_p6_clean,origin_airport,1,GTR,25,0,2,0,27,2,0.07407407407,,0,0,0.07407407407,255001,
oof_p6_clean,origin_airport,1,GUC,21,3,3,0,27,3,0.1111111111,0,0,0.125,0.2222222222,255001,
oof_p6_clean,origin_airport,1,GUM,29,0,4,0,33,4,0.1212121212,,0,0,0.1212121212,255001,
oof_p6_clean,origin_airport,1,HDN,43,5,11,1,60,12,0.2,0.1666666667,0.08333333333,0.1041666667,0.2666666667,255001,
oof_p6_clean,origin_airport,1,HGR,1,0,1,0,2,1,0.5,,0,0,0.5,255001,
oof_p6_clean,origin_airport,1,HHH,28,3,9,0,40,9,0.225,0,0,0.09677419355,0.3,255001,
oof_p6_clean,origin_airport,1,HIB,9,0,1,0,10,1,0.1,,0,0,0.1,255001,
oof_p6_clean,origin_airport,1,HLN,71,2,11,1,85,12,0.1411764706,0.3333333333,0.08333333333,0.02739726027,0.1529411765,255001,
oof_p6_clean,origin_airport,1,HNL,1876,20,159,2,2057,161,0.07826932426,0.09090909091,0.01242236025,0.01054852321,0.08701993194,255001,
oof_p6_clean,origin_airport,1,HOB,23,0,3,0,26,3,0.1153846154,,0,0,0.1153846154,255001,
oof_p6_clean,origin_airport,1,HOU,975,637,186,303,2101,489,0.2327463113,0.3223404255,0.6196319018,0.3951612903,0.3917182294,255001,
oof_p6_clean,origin_airport,1,HPN,231,64,47,36,378,83,0.2195767196,0.36,0.4337349398,0.2169491525,0.2936507937,255001,
oof_p6_clean,origin_airport,1,HRL,125,9,21,1,156,22,0.141025641,0.1,0.04545454545,0.0671641791,0.1923076923,255001,
oof_p6_clean,origin_airport,1,HSV,206,51,42,18,317,60,0.1892744479,0.2608695652,0.3,0.1984435798,0.2933753943,255001,
oof_p6_clean,origin_airport,1,HTS,31,7,4,2,44,6,0.1363636364,0.2222222222,0.3333333333,0.1842105263,0.25,255001,
oof_p6_clean,origin_airport,1,HVN,22,2,3,0,27,3,0.1111111111,0,0,0.08333333333,0.1851851852,255001,
oof_p6_clean,origin_airport,1,HYA,3,1,0,0,4,0,0,0,,0.25,0.25,255001,
oof_p6_clean,origin_airport,1,HYS,36,2,5,0,43,5,0.1162790698,0,0,0.05263157895,0.1627906977,255001,
oof_p6_clean,origin_airport,1,IAD,2500,329,449,95,3373,544,0.161280759,0.2240566038,0.1746323529,0.1162955108,0.2306552031,255001,
oof_p6_clean,origin_airport,1,IAG,21,11,3,2,37,5,0.1351351351,0.1538461538,0.4,0.34375,0.3783783784,255001,
oof_p6_clean,origin_airport,1,IAH,4861,566,885,187,6499,1072,0.1649484536,0.2483399734,0.1744402985,0.1042933481,0.2232651177,255001,
oof_p6_clean,origin_airport,1,ICT,263,32,56,12,363,68,0.1873278237,0.2727272727,0.1764705882,0.1084745763,0.2424242424,255001,
oof_p6_clean,origin_airport,1,IDA,69,8,9,0,86,9,0.1046511628,0,0,0.1038961039,0.1976744186,255001,
oof_p6_clean,origin_airport,1,ILM,190,24,33,5,252,38,0.1507936508,0.1724137931,0.1315789474,0.1121495327,0.2261904762,255001,
oof_p6_clean,origin_airport,1,IMT,19,0,3,0,22,3,0.1363636364,,0,0,0.1363636364,255001,
oof_p6_clean,origin_airport,1,IND,1208,246,193,90,1737,283,0.1629245826,0.2678571429,0.3180212014,0.1691884457,0.2527345999,255001,
oof_p6_clean,origin_airport,1,INL,12,0,4,0,16,4,0.25,,0,0,0.25,255001,
oof_p6_clean,origin_airport,1,IPT,16,1,3,0,20,3,0.15,0,0,0.05882352941,0.2,255001,
oof_p6_clean,origin_airport,1,ISN,41,9,5,1,56,6,0.1071428571,0.1,0.1666666667,0.18,0.25,255001,
oof_p6_clean,origin_airport,1,ISP,144,38,25,20,227,45,0.1982378855,0.3448275862,0.4444444444,0.2087912088,0.2775330396,255001,
oof_p6_clean,origin_airport,1,ITH,71,10,14,2,97,16,0.1649484536,0.1666666667,0.125,0.1234567901,0.2474226804,255001,
oof_p6_clean,origin_airport,1,ITO,249,0,10,0,259,10,0.03861003861,,0,0,0.03861003861,255001,
oof_p6_clean,origin_airport,1,JAC,127,10,26,2,165,28,0.1696969697,0.1666666667,0.07142857143,0.07299270073,0.2181818182,255001,
oof_p6_clean,origin_airport,1,JAN,206,14,33,1,254,34,0.1338582677,0.06666666667,0.02941176471,0.06363636364,0.1850393701,255001,
oof_p6_clean,origin_airport,1,JAX,768,143,110,56,1077,166,0.1541318477,0.2814070352,0.3373493976,0.1569703622,0.234911792,255001,
oof_p6_clean,origin_airport,1,JFK,2352,857,479,348,4036,827,0.2049058474,0.2887966805,0.4207980653,0.2670613898,0.3310208127,255001,
oof_p6_clean,origin_airport,1,JHM,34,4,8,0,46,8,0.1739130435,0,0,0.1052631579,0.2608695652,255001,
oof_p6_clean,origin_airport,1,JLN,12,2,6,0,20,6,0.3,0,0,0.1428571429,0.4,255001,
oof_p6_clean,origin_airport,1,JMS,29,0,6,0,35,6,0.1714285714,,0,0,0.1714285714,255001,
oof_p6_clean,origin_airport,1,JNU,120,1,21,0,142,21,0.1478873239,0,0,0.00826446281,0.1549295775,255001,
oof_p6_clean,origin_airport,1,KOA,511,5,50,0,566,50,0.08833922261,0,0,0.009689922481,0.09717314488,255001,
oof_p6_clean,origin_airport,1,KTN,81,0,11,0,92,11,0.1195652174,,0,0,0.1195652174,255001,
oof_p6_clean,origin_airport,1,LAN,98,17,24,2,141,26,0.1843971631,0.1052631579,0.07692307692,0.147826087,0.2907801418,255001,
oof_p6_clean,origin_airport,1,LAR,15,0,3,0,18,3,0.1666666667,,0,0,0.1666666667,255001,
oof_p6_clean,origin_airport,1,LAS,3792,1055,669,415,5931,1084,0.1827685045,0.2823129252,0.3828413284,0.2176604085,0.2906761086,255001,
oof_p6_clean,origin_airport,1,LAW,28,1,7,1,37,8,0.2162162162,0.5,0.125,0.03448275862,0.2162162162,255001,
oof_p6_clean,origin_airport,1,LAX,5506,1123,1070,348,8047,1418,0.1762147384,0.2365737593,0.245416079,0.1694071504,0.272523922,255001,
oof_p6_clean,origin_airport,1,LBB,209,14,36,0,259,36,0.138996139,0,0,0.06278026906,0.1930501931,255001,
oof_p6_clean,origin_airport,1,LBE,40,2,5,1,48,6,0.125,0.3333333333,0.1666666667,0.04761904762,0.1458333333,255001,
oof_p6_clean,origin_airport,1,LBF,17,1,0,0,18,0,0,0,,0.05555555556,0.05555555556,255001,
oof_p6_clean,origin_airport,1,LBL,18,2,1,0,21,1,0.04761904762,0,0,0.1,0.1428571429,255001,
oof_p6_clean,origin_airport,1,LCH,48,3,5,2,58,7,0.1206896552,0.4,0.2857142857,0.05882352941,0.1379310345,255001,
oof_p6_clean,origin_airport,1,LCK,23,6,4,2,35,6,0.1714285714,0.25,0.3333333333,0.2068965517,0.2857142857,255001,
oof_p6_clean,origin_airport,1,LEX,298,29,51,12,390,63,0.1615384615,0.2926829268,0.1904761905,0.08868501529,0.2051282051,255001,
oof_p6_clean,origin_airport,1,LFT,115,9,17,2,143,19,0.1328671329,0.1818181818,0.1052631579,0.07258064516,0.1818181818,255001,
oof_p6_clean,origin_airport,1,LGA,2516,1255,503,557,4831,1060,0.2194162699,0.3073951435,0.5254716981,0.33280297,0.3638998137,255001,
oof_p6_clean,origin_airport,1,LGB,454,65,69,20,608,89,0.1463815789,0.2352941176,0.2247191011,0.1252408478,0.2203947368,255001,
oof_p6_clean,origin_airport,1,LIH,467,3,38,1,509,39,0.07662082515,0.25,0.02564102564,0.006382978723,0.08055009823,255001,
oof_p6_clean,origin_airport,1,LIT,403,29,62,7,501,69,0.1377245509,0.1944444444,0.1014492754,0.06712962963,0.1816367265,255001,
oof_p6_clean,origin_airport,1,LNK,105,3,16,1,125,17,0.136,0.25,0.05882352941,0.02777777778,0.152,255001,
oof_p6_clean,origin_airport,1,LNY,62,1,8,1,72,9,0.125,0.5,0.1111111111,0.01587301587,0.125,255001,
oof_p6_clean,origin_airport,1,LRD,55,4,8,3,70,11,0.1571428571,0.4285714286,0.2727272727,0.06779661017,0.1714285714,255001,
oof_p6_clean,origin_airport,1,LSE,38,2,5,0,45,5,0.1111111111,0,0,0.05,0.1555555556,255001,
oof_p6_clean,origin_airport,1,LWB,12,4,2,0,18,2,0.1111111111,0,0,0.25,0.3333333333,255001,
oof_p6_clean,origin_airport,1,LWS,32,0,2,0,34,2,0.05882352941,,0,0,0.05882352941,255001,
oof_p6_clean,origin_airport,1,LYH,43,1,6,1,51,7,0.137254902,0.5,0.1428571429,0.02272727273,0.137254902,255001,
oof_p6_clean,origin_airport,1,MAF,252,39,45,8,344,53,0.1540697674,0.170212766,0.1509433962,0.1340206186,0.2441860465,255001,
oof_p6_clean,origin_airport,1,MBS,69,8,7,7,91,14,0.1538461538,0.4666666667,0.5,0.1038961039,0.1648351648,255001,
oof_p6_clean,origin_airport,1,MCI,1477,248,217,70,2012,287,0.1426441352,0.2201257862,0.243902439,0.1437681159,0.2311133201,255001,
oof_p6_clean,origin_airport,1,MCO,2961,1037,485,461,4944,946,0.1913430421,0.3077436582,0.4873150106,0.2593796898,0.3078478964,255001,
oof_p6_clean,origin_airport,1,MDT,237,50,49,12,348,61,0.1752873563,0.1935483871,0.1967213115,0.1742160279,0.2844827586,255001,
oof_p6_clean,origin_airport,1,MDW,1360,978,287,509,3134,796,0.2539885131,0.3422999328,0.6394472362,0.4183062447,0.4036375239,255001,
oof_p6_clean,origin_airport,1,MEI,21,0,9,0,30,9,0.3,,0,0,0.3,255001,
oof_p6_clean,origin_airport,1,MEM,570,94,76,53,793,129,0.1626733922,0.3605442177,0.4108527132,0.1415662651,0.2143757881,255001,
oof_p6_clean,origin_airport,1,MFE,141,5,19,0,165,19,0.1151515152,0,0,0.03424657534,0.1454545455,255001,
oof_p6_clean,origin_airport,1,MFR,217,13,37,7,274,44,0.1605839416,0.35,0.1590909091,0.05652173913,0.1824817518,255001,
oof_p6_clean,origin_airport,1,MGM,75,17,21,7,120,28,0.2333333333,0.2916666667,0.25,0.1847826087,0.3166666667,255001,
oof_p6_clean,origin_airport,1,MHK,37,3,3,3,46,6,0.1304347826,0.5,0.5,0.075,0.1304347826,255001,
oof_p6_clean,origin_airport,1,MHT,268,30,39,6,343,45,0.1311953353,0.1666666667,0.1333333333,0.1006711409,0.2011661808,255001,
oof_p6_clean,origin_airport,1,MIA,1487,412,253,185,2337,438,0.1874197689,0.3098827471,0.4223744292,0.2169562928,0.2845528455,255001,
oof_p6_clean,origin_airport,1,MKE,864,133,124,57,1178,181,0.1536502547,0.3,0.3149171271,0.1334002006,0.2181663837,255001,
oof_p6_clean,origin_airport,1,MKG,9,3,4,0,16,4,0.25,0,0,0.25,0.4375,255001,
oof_p6_clean,origin_airport,1,MKK,39,8,7,5,59,12,0.2033898305,0.3846153846,0.4166666667,0.170212766,0.2542372881,255001,
oof_p6_clean,origin_airport,1,MLB,63,3,7,0,73,7,0.09589041096,0,0,0.04545454545,0.1369863014,255001,
oof_p6_clean,origin_airport,1,MLI,139,22,24,7,192,31,0.1614583333,0.2413793103,0.2258064516,0.1366459627,0.2395833333,255001,
oof_p6_clean,origin_airport,1,MLU,70,3,9,0,82,9,0.1097560976,0,0,0.04109589041,0.1463414634,255001,
oof_p6_clean,origin_airport,1,MMH,8,0,5,2,15,7,0.4666666667,1,0.2857142857,0,0.3333333333,255001,
oof_p6_clean,origin_airport,1,MOB,135,11,32,3,181,35,0.1933701657,0.2142857143,0.08571428571,0.07534246575,0.2375690608,255001,
oof_p6_clean,origin_airport,1,MOT,71,5,10,4,90,14,0.1555555556,0.4444444444,0.2857142857,0.06578947368,0.1666666667,255001,
oof_p6_clean,origin_airport,1,MQT,40,2,8,0,50,8,0.16,0,0,0.04761904762,0.2,255001,
oof_p6_clean,origin_airport,1,MRY,120,11,22,3,156,25,0.1602564103,0.2142857143,0.12,0.08396946565,0.2115384615,255001,
oof_p6_clean,origin_airport,1,MSN,365,30,49,10,454,59,0.1299559471,0.25,0.1694915254,0.07594936709,0.1740088106,255001,
oof_p6_clean,origin_airport,1,MSO,140,15,25,8,188,33,0.1755319149,0.347826087,0.2424242424,0.09677419355,0.2127659574,255001,
oof_p6_clean,origin_airport,1,MSP,3699,285,559,113,4656,672,0.1443298969,0.283919598,0.1681547619,0.07153614458,0.1812714777,255001,
oof_p6_clean,origin_airport,1,MSY,1193,375,211,148,1927,359,0.1862999481,0.2829827916,0.4122562674,0.2391581633,0.3040996367,255001,
oof_p6_clean,origin_airport,1,MTJ,66,8,11,1,86,12,0.1395348837,0.1111111111,0.08333333333,0.1081081081,0.2209302326,255001,
oof_p6_clean,origin_airport,1,MVY,5,4,2,2,13,4,0.3076923077,0.3333333333,0.5,0.4444444444,0.4615384615,255001,
oof_p6_clean,origin_airport,1,MYR,317,30,49,19,415,68,0.1638554217,0.387755102,0.2794117647,0.08645533141,0.1903614458,255001,
oof_p6_clean,origin_airport,1,OAJ,76,1,11,0,88,11,0.125,0,0,0.01298701299,0.1363636364,255001,
oof_p6_clean,origin_airport,1,OAK,1196,442,215,184,2037,399,0.1958762887,0.2939297125,0.4611528822,0.2698412698,0.322533137,255001,
oof_p6_clean,origin_airport,1,OGD,2,0,2,1,5,3,0.6,1,0.3333333333,0,0.4,255001,
oof_p6_clean,origin_airport,1,OGG,840,10,105,2,957,107,0.1118077325,0.1666666667,0.01869158879,0.01176470588,0.1201671891,255001,
oof_p6_clean,origin_airport,1,OGS,4,1,4,1,10,5,0.5,0.5,0.2,0.2,0.5,255001,
oof_p6_clean,origin_airport,1,OKC,632,101,89,46,868,135,0.1555299539,0.3129251701,0.3407407407,0.1377899045,0.2188940092,255001,
oof_p6_clean,origin_airport,1,OMA,633,101,100,38,872,138,0.1582568807,0.273381295,0.2753623188,0.1376021798,0.2305045872,255001,
oof_p6_clean,origin_airport,1,OME,23,0,1,0,24,1,0.04166666667,,0,0,0.04166666667,255001,
oof_p6_clean,origin_airport,1,ONT,628,73,88,24,813,112,0.1377613776,0.2474226804,0.2142857143,0.1041369472,0.1980319803,255001,
oof_p6_clean,origin_airport,1,ORD,6769,2919,1541,1126,12355,2667,0.2158640227,0.278368356,0.4221972253,0.301300578,0.3609874545,255001,
oof_p6_clean,origin_airport,1,ORF,561,83,78,58,780,136,0.1743589744,0.4113475177,0.4264705882,0.1288819876,0.2064102564,255001,
oof_p6_clean,origin_airport,1,ORH,28,17,6,6,57,12,0.2105263158,0.2608695652,0.5,0.3777777778,0.4035087719,255001,
oof_p6_clean,origin_airport,1,OTH,4,0,5,1,10,6,0.6,1,0.1666666667,0,0.5,255001,
oof_p6_clean,origin_airport,1,OTZ,18,0,1,0,19,1,0.05263157895,,0,0,0.05263157895,255001,
oof_p6_clean,origin_airport,1,OWB,3,1,0,0,4,0,0,0,,0.25,0.25,255001,
oof_p6_clean,origin_airport,1,PAE,86,7,16,2,111,18,0.1621621622,0.2222222222,0.1111111111,0.0752688172,0.2072072072,255001,
oof_p6_clean,origin_airport,1,PAH,30,7,7,4,48,11,0.2291666667,0.3636363636,0.3636363636,0.1891891892,0.2916666667,255001,
oof_p6_clean,origin_airport,1,PBG,32,1,9,3,45,12,0.2666666667,0.75,0.25,0.0303030303,0.2222222222,255001,
oof_p6_clean,origin_airport,1,PBI,494,183,77,99,853,176,0.2063305979,0.3510638298,0.5625,0.270310192,0.3048065651,255001,
oof_p6_clean,origin_airport,1,PDX,2386,174,336,31,2927,367,0.1253843526,0.1512195122,0.08446866485,0.06796875,0.174239836,255001,
oof_p6_clean,origin_airport,1,PGD,175,22,33,4,234,37,0.1581196581,0.1538461538,0.1081081081,0.1116751269,0.235042735,255001,
oof_p6_clean,origin_airport,1,PGV,26,2,5,0,33,5,0.1515151515,0,0,0.07142857143,0.2121212121,255001,
oof_p6_clean,origin_airport,1,PHF,70,5,15,4,94,19,0.2021276596,0.4444444444,0.2105263158,0.06666666667,0.2127659574,255001,
oof_p6_clean,origin_airport,1,PHL,2818,605,514,227,4164,741,0.1779538905,0.2728365385,0.30634278,0.1767455448,0.2687319885,255001,
oof_p6_clean,origin_airport,1,PHX,3702,830,710,314,5556,1024,0.1843052556,0.2744755245,0.306640625,0.1831421006,0.2771778258,255001,
oof_p6_clean,origin_airport,1,PIA,119,18,25,3,165,28,0.1696969697,0.1428571429,0.1071428571,0.1313868613,0.2606060606,255001,
oof_p6_clean,origin_airport,1,PIB,17,0,4,0,21,4,0.1904761905,,0,0,0.1904761905,255001,
oof_p6_clean,origin_airport,1,PIE,214,54,40,16,324,56,0.1728395062,0.2285714286,0.2857142857,0.2014925373,0.2901234568,255001,
oof_p6_clean,origin_airport,1,PIH,33,0,0,0,33,0,0,,,0,0,255001,
oof_p6_clean,origin_airport,1,PIR,6,1,2,0,9,2,0.2222222222,0,0,0.1428571429,0.3333333333,255001,
oof_p6_clean,origin_airport,1,PIT,1218,169,155,86,1628,241,0.148034398,0.337254902,0.356846473,0.1218457102,0.199017199,255001,
oof_p6_clean,origin_airport,1,PLN,24,1,4,0,29,4,0.1379310345,0,0,0.04,0.1724137931,255001,
oof_p6_clean,origin_airport,1,PNS,275,31,54,7,367,61,0.1662125341,0.1842105263,0.1147540984,0.1013071895,0.2316076294,255001,
oof_p6_clean,origin_airport,1,PPG,1,0,1,0,2,1,0.5,,0,0,0.5,255001,
oof_p6_clean,origin_airport,1,PQI,8,2,1,1,12,2,0.1666666667,0.3333333333,0.5,0.2,0.25,255001,
oof_p6_clean,origin_airport,1,PRC,10,0,2,0,12,2,0.1666666667,,0,0,0.1666666667,255001,
oof_p6_clean,origin_airport,1,PSC,177,11,26,5,219,31,0.1415525114,0.3125,0.1612903226,0.0585106383,0.1689497717,255001,
oof_p6_clean,origin_airport,1,PSE,20,6,11,2,39,13,0.3333333333,0.25,0.1538461538,0.2307692308,0.4358974359,255001,
oof_p6_clean,origin_airport,1,PSG,18,0,2,0,20,2,0.1,,0,0,0.1,255001,
oof_p6_clean,origin_airport,1,PSM,5,2,0,1,8,1,0.125,0.3333333333,1,0.2857142857,0.25,255001,
oof_p6_clean,origin_airport,1,PSP,260,45,43,17,365,60,0.1643835616,0.2741935484,0.2833333333,0.1475409836,0.2410958904,255001,
oof_p6_clean,origin_airport,1,PUB,29,1,5,0,35,5,0.1428571429,0,0,0.03333333333,0.1714285714,255001,
oof_p6_clean,origin_airport,1,PUW,27,1,8,0,36,8,0.2222222222,0,0,0.03571428571,0.25,255001,
oof_p6_clean,origin_airport,1,PVD,464,95,56,58,673,114,0.1693907875,0.3790849673,0.5087719298,0.1699463327,0.2243684993,255001,
oof_p6_clean,origin_airport,1,PVU,15,7,2,2,26,4,0.1538461538,0.2222222222,0.5,0.3181818182,0.3461538462,255001,
oof_p6_clean,origin_airport,1,PWM,315,56,50,25,446,75,0.168161435,0.3086419753,0.3333333333,0.1509433962,0.2376681614,255001,
oof_p6_clean,origin_airport,1,RAP,121,26,22,12,181,34,0.1878453039,0.3157894737,0.3529411765,0.1768707483,0.2651933702,255001,
oof_p6_clean,origin_airport,1,RDD,29,12,6,6,53,12,0.2264150943,0.3333333333,0.5,0.2926829268,0.3396226415,255001,
oof_p6_clean,origin_airport,1,RDM,196,20,30,10,256,40,0.15625,0.3333333333,0.25,0.09259259259,0.1953125,255001,
oof_p6_clean,origin_airport,1,RDU,1336,407,215,181,2139,396,0.1851332398,0.3078231293,0.4570707071,0.2335054504,0.2907900888,255001,
oof_p6_clean,origin_airport,1,RFD,16,8,3,0,27,3,0.1111111111,0,0,0.3333333333,0.4074074074,255001,
oof_p6_clean,origin_airport,1,RHI,18,0,2,0,20,2,0.1,,0,0,0.1,255001,
oof_p6_clean,origin_airport,1,RIC,493,182,92,83,850,175,0.2058823529,0.3132075472,0.4742857143,0.2696296296,0.3223529412,255001,
oof_p6_clean,origin_airport,1,RKS,23,4,3,0,30,3,0.1,0,0,0.1481481481,0.2333333333,255001,
oof_p6_clean,origin_airport,1,RNO,592,94,86,25,797,111,0.139272271,0.2100840336,0.2252252252,0.1370262391,0.225846926,255001,
oof_p6_clean,origin_airport,1,ROA,136,19,25,7,187,32,0.1711229947,0.2692307692,0.21875,0.1225806452,0.2352941176,255001,
oof_p6_clean,origin_airport,1,ROC,434,62,52,22,570,74,0.1298245614,0.2619047619,0.2972972973,0.125,0.2,255001,
oof_p6_clean,origin_airport,1,ROP,4,0,0,0,4,0,0,,,0,0,255001,
oof_p6_clean,origin_airport,1,ROW,43,2,4,0,49,4,0.08163265306,0,0,0.04444444444,0.1224489796,255001,
oof_p6_clean,origin_airport,1,RST,78,14,19,3,114,22,0.1929824561,0.1764705882,0.1363636364,0.152173913,0.2894736842,255001,
oof_p6_clean,origin_airport,1,RSW,778,155,106,69,1108,175,0.1579422383,0.3080357143,0.3942857143,0.166130761,0.2355595668,255001,
oof_p6_clean,origin_airport,1,SAF,42,11,11,2,66,13,0.196969697,0.1538461538,0.1538461538,0.2075471698,0.3333333333,255001,
oof_p6_clean,origin_airport,1,SAN,2395,422,367,141,3325,508,0.1527819549,0.2504440497,0.2775590551,0.1498047568,0.2372932331,255001,
oof_p6_clean,origin_airport,1,SAT,1169,160,161,47,1537,208,0.1353285621,0.2270531401,0.2259615385,0.1203912716,0.208848406,255001,
oof_p6_clean,origin_airport,1,SAV,396,87,69,33,585,102,0.1743589744,0.275,0.3235294118,0.1801242236,0.2666666667,255001,
oof_p6_clean,origin_airport,1,SBA,185,21,28,9,243,37,0.1522633745,0.3,0.2432432432,0.1019417476,0.2016460905,255001,
oof_p6_clean,origin_airport,1,SBN,165,21,26,9,221,35,0.1583710407,0.3,0.2571428571,0.1129032258,0.2126696833,255001,
oof_p6_clean,origin_airport,1,SBP,126,14,30,5,175,35,0.2,0.2631578947,0.1428571429,0.1,0.2514285714,255001,
oof_p6_clean,origin_airport,1,SBY,26,5,3,1,35,4,0.1142857143,0.1666666667,0.25,0.1612903226,0.2285714286,255001,
oof_p6_clean,origin_airport,1,SCC,30,0,5,0,35,5,0.1428571429,,0,0,0.1428571429,255001,
oof_p6_clean,origin_airport,1,SCE,121,14,17,1,153,18,0.1176470588,0.06666666667,0.05555555556,0.1037037037,0.2026143791,255001,
oof_p6_clean,origin_airport,1,SCK,15,8,9,4,36,13,0.3611111111,0.3333333333,0.3076923077,0.347826087,0.4722222222,255001,
oof_p6_clean,origin_airport,1,SDF,635,91,97,43,866,140,0.1616628176,0.3208955224,0.3071428571,0.1253443526,0.2170900693,255001,
oof_p6_clean,origin_airport,1,SEA,4693,481,869,143,6186,1012,0.163595215,0.2291666667,0.1413043478,0.09296482412,0.2182347236,255001,
oof_p6_clean,origin_airport,1,SFB,273,58,53,11,395,64,0.1620253165,0.1594202899,0.171875,0.1752265861,0.2810126582,255001,
oof_p6_clean,origin_airport,1,SFO,3842,1047,873,398,6160,1271,0.2063311688,0.275432526,0.3131392604,0.2141542238,0.3116883117,255001,
oof_p6_clean,origin_airport,1,SGF,255,26,58,5,344,63,0.1831395349,0.1612903226,0.07936507937,0.09252669039,0.2441860465,255001,
oof_p6_clean,origin_airport,1,SGU,75,1,7,0,83,7,0.0843373494,0,0,0.01315789474,0.09638554217,255001,
oof_p6_clean,origin_airport,1,SHD,23,0,4,1,28,5,0.1785714286,1,0.2,0,0.1428571429,255001,
oof_p6_clean,origin_airport,1,SHV,141,28,37,3,209,40,0.1913875598,0.09677419355,0.075,0.1656804734,0.3110047847,255001,
oof_p6_clean,origin_airport,1,SIT,39,0,3,0,42,3,0.07142857143,,0,0,0.07142857143,255001,
oof_p6_clean,origin_airport,1,SJC,1741,270,257,101,2369,358,0.1511186154,0.2722371968,0.282122905,0.1342615614,0.2224567328,255001,
oof_p6_clean,origin_airport,1,SJT,46,0,1,0,47,1,0.02127659574,,0,0,0.02127659574,255001,
oof_p6_clean,origin_airport,1,SJU,543,188,106,76,913,182,0.1993428258,0.2878787879,0.4175824176,0.2571819425,0.3220153341,255001,
oof_p6_clean,origin_airport,1,SLC,2756,237,384,96,3473,480,0.1382090412,0.2882882883,0.2,0.07918476445,0.178807947,255001,
oof_p6_clean,origin_airport,1,SLN,26,4,10,2,42,12,0.2857142857,0.3333333333,0.1666666667,0.1333333333,0.3333333333,255001,
oof_p6_clean,origin_airport,1,SMF,1565,136,210,33,1944,243,0.125,0.1952662722,0.1358024691,0.07995296884,0.1779835391,255001,
oof_p6_clean,origin_airport,1,SMX,7,0,0,0,7,0,0,,,0,0,255001,
oof_p6_clean,origin_airport,1,SNA,1213,124,162,47,1546,209,0.1351875809,0.2748538012,0.2248803828,0.09274495138,0.1849935317,255001,
oof_p6_clean,origin_airport,1,SPI,38,5,11,2,56,13,0.2321428571,0.2857142857,0.1538461538,0.1162790698,0.2857142857,255001,
oof_p6_clean,origin_airport,1,SPN,29,0,2,0,31,2,0.06451612903,,0,0,0.06451612903,255001,
oof_p6_clean,origin_airport,1,SPS,20,5,4,0,29,4,0.1379310345,0,0,0.2,0.3103448276,255001,
oof_p6_clean,origin_airport,1,SRQ,164,23,19,8,214,27,0.1261682243,0.2580645161,0.2962962963,0.1229946524,0.1962616822,255001,
oof_p6_clean,origin_airport,1,STC,0,3,0,0,3,0,0,0,,1,1,255001,
oof_p6_clean,origin_airport,1,STL,1394,572,261,238,2465,499,0.2024340771,0.2938271605,0.4769539078,0.2909460834,0.3379310345,255001,
oof_p6_clean,origin_airport,1,STS,119,7,23,2,151,25,0.1655629139,0.2222222222,0.08,0.05555555556,0.1986754967,255001,
oof_p6_clean,origin_airport,1,STT,70,15,6,3,94,9,0.09574468085,0.1666666667,0.3333333333,0.1764705882,0.2234042553,255001,
oof_p6_clean,origin_airport,1,STX,24,5,1,0,30,1,0.03333333333,0,0,0.1724137931,0.2,255001,
oof_p6_clean,origin_airport,1,SUN,44,1,13,1,59,14,0.2372881356,0.5,0.07142857143,0.02222222222,0.2372881356,255001,
oof_p6_clean,origin_airport,1,SUX,27,6,4,2,39,6,0.1538461538,0.25,0.3333333333,0.1818181818,0.2564102564,255001,
oof_p6_clean,origin_airport,1,SWF,47,24,12,12,95,24,0.2526315789,0.3333333333,0.5,0.338028169,0.3789473684,255001,
oof_p6_clean,origin_airport,1,SWO,19,2,0,2,23,2,0.08695652174,0.5,1,0.09523809524,0.08695652174,255001,
oof_p6_clean,origin_airport,1,SYR,361,65,56,40,522,96,0.183908046,0.380952381,0.4166666667,0.1525821596,0.2318007663,255001,
oof_p6_clean,origin_airport,1,TLH,125,14,23,3,165,26,0.1575757576,0.1764705882,0.1153846154,0.1007194245,0.2242424242,255001,
oof_p6_clean,origin_airport,1,TOL,48,5,8,1,62,9,0.1451612903,0.1666666667,0.1111111111,0.09433962264,0.2096774194,255001,
oof_p6_clean,origin_airport,1,TPA,1740,421,261,177,2599,438,0.1685263563,0.2959866221,0.404109589,0.1948172143,0.2624086187,255001,
oof_p6_clean,origin_airport,1,TRI,79,3,9,2,93,11,0.1182795699,0.4,0.1818181818,0.03658536585,0.1290322581,255001,
oof_p6_clean,origin_airport,1,TTN,46,20,11,21,98,32,0.3265306122,0.512195122,0.65625,0.303030303,0.3163265306,255001,
oof_p6_clean,origin_airport,1,TUL,472,49,79,13,613,92,0.1500815661,0.2096774194,0.1413043478,0.09404990403,0.2088091354,255001,
oof_p6_clean,origin_airport,1,TUS,506,31,70,4,611,74,0.1211129296,0.1142857143,0.05405405405,0.05772811918,0.1653027823,255001,
oof_p6_clean,origin_airport,1,TVC,89,24,24,10,147,34,0.231292517,0.2941176471,0.2941176471,0.2123893805,0.3265306122,255001,
oof_p6_clean,origin_airport,1,TWF,33,1,3,0,37,3,0.08108108108,0,0,0.02941176471,0.1081081081,255001,
oof_p6_clean,origin_airport,1,TXK,14,2,2,3,21,5,0.2380952381,0.6,0.6,0.125,0.1904761905,255001,
oof_p6_clean,origin_airport,1,TYR,42,3,4,0,49,4,0.08163265306,0,0,0.06666666667,0.1428571429,255001,
oof_p6_clean,origin_airport,1,TYS,381,75,67,36,559,103,0.1842576029,0.3243243243,0.3495145631,0.1644736842,0.2540250447,255001,
oof_p6_clean,origin_airport,1,UIN,20,4,5,1,30,6,0.2,0.2,0.1666666667,0.1666666667,0.3,255001,
oof_p6_clean,origin_airport,1,USA,23,13,4,5,45,9,0.2,0.2777777778,0.5555555556,0.3611111111,0.3777777778,255001,
oof_p6_clean,origin_airport,1,VEL,14,0,3,0,17,3,0.1764705882,,0,0,0.1764705882,255001,
oof_p6_clean,origin_airport,1,VLD,20,0,2,0,22,2,0.09090909091,,0,0,0.09090909091,255001,
oof_p6_clean,origin_airport,1,VPS,182,17,33,7,239,40,0.1673640167,0.2916666667,0.175,0.08542713568,0.2092050209,255001,
oof_p6_clean,origin_airport,1,WRG,22,0,2,0,24,2,0.08333333333,,0,0,0.08333333333,255001,
oof_p6_clean,origin_airport,1,WYS,6,0,0,0,6,0,0,,,0,0,255001,
oof_p6_clean,origin_airport,1,XNA,344,40,45,18,447,63,0.1409395973,0.3103448276,0.2857142857,0.1041666667,0.1901565996,255001,
oof_p6_clean,origin_airport,1,XWA,4,0,3,0,7,3,0.4285714286,,0,0,0.4285714286,255001,
oof_p6_clean,origin_airport,1,YAK,28,0,3,0,31,3,0.09677419355,,0,0,0.09677419355,255001,
oof_p6_clean,origin_airport,1,YKM,35,1,8,0,44,8,0.1818181818,0,0,0.02777777778,0.2045454545,255001,
oof_p6_clean,origin_airport,1,YUM,39,2,4,0,45,4,0.08888888889,0,0,0.0487804878,0.1333333333,255001,
oof_p6_clean,origin_airport,7,ABE,118,31,24,9,182,33,0.1813186813,0.225,0.2727272727,0.2080536913,0.3021978022,255001,
oof_p6_clean,origin_airport,7,ABI,37,2,7,1,47,8,0.170212766,0.3333333333,0.125,0.05128205128,0.1914893617,255001,
oof_p6_clean,origin_airport,7,ABQ,717,111,108,34,970,142,0.1463917526,0.2344827586,0.2394366197,0.134057971,0.2257731959,255001,
oof_p6_clean,origin_airport,7,ABR,15,0,5,0,20,5,0.25,,0,0,0.25,255001,
oof_p6_clean,origin_airport,7,ABY,30,0,2,0,32,2,0.0625,,0,0,0.0625,255001,
oof_p6_clean,origin_airport,7,ACK,28,9,5,3,45,8,0.1777777778,0.25,0.375,0.2432432432,0.3111111111,255001,
oof_p6_clean,origin_airport,7,ACT,38,1,4,0,43,4,0.09302325581,0,0,0.02564102564,0.1162790698,255001,
oof_p6_clean,origin_airport,7,ACV,55,4,10,3,72,13,0.1805555556,0.4285714286,0.2307692308,0.06779661017,0.1944444444,255001,
oof_p6_clean,origin_airport,7,ACY,109,3,10,0,122,10,0.08196721311,0,0,0.02678571429,0.106557377,255001,
oof_p6_clean,origin_airport,7,ADK,1,0,0,0,1,0,0,,,0,0,255001,
oof_p6_clean,origin_airport,7,ADQ,17,0,2,0,19,2,0.1052631579,,0,0,0.1052631579,255001,
oof_p6_clean,origin_airport,7,AEX,72,4,15,3,94,18,0.1914893617,0.4285714286,0.1666666667,0.05263157895,0.2021276596,255001,
oof_p6_clean,origin_airport,7,AGS,84,9,18,3,114,21,0.1842105263,0.25,0.1428571429,0.09677419355,0.2368421053,255001,
oof_p6_clean,origin_airport,7,AKN,1,0,0,0,1,0,0,,,0,0,255001,
oof_p6_clean,origin_airport,7,ALB,373,78,71,36,558,107,0.1917562724,0.3157894737,0.3364485981,0.1729490022,0.2670250896,255001,
oof_p6_clean,origin_airport,7,ALO,19,1,4,0,24,4,0.1666666667,0,0,0.05,0.2083333333,255001,
oof_p6_clean,origin_airport,7,ALW,19,1,5,0,25,5,0.2,0,0,0.05,0.24,255001,
oof_p6_clean,origin_airport,7,AMA,174,9,21,1,205,22,0.1073170732,0.1,0.04545454545,0.04918032787,0.1463414634,255001,
oof_p6_clean,origin_airport,7,ANC,595,6,73,1,675,74,0.1096296296,0.1428571429,0.01351351351,0.009983361065,0.117037037,255001,
oof_p6_clean,origin_airport,7,APN,16,0,2,0,18,2,0.1111111111,,0,0,0.1111111111,255001,
oof_p6_clean,origin_airport,7,ART,19,0,6,0,25,6,0.24,,0,0,0.24,255001,
oof_p6_clean,origin_airport,7,ASE,129,38,38,6,211,44,0.2085308057,0.1363636364,0.1363636364,0.2275449102,0.3601895735,255001,
oof_p6_clean,origin_airport,7,ATL,8729,841,1363,376,11309,1739,0.1537713326,0.3089564503,0.2162162162,0.08787878788,0.1948890264,255001,
oof_p6_clean,origin_airport,7,ATW,142,20,32,2,196,34,0.1734693878,0.09090909091,0.05882352941,0.1234567901,0.2653061224,255001,
oof_p6_clean,origin_airport,7,ATY,7,0,3,0,10,3,0.3,,0,0,0.3,255001,
oof_p6_clean,origin_airport,7,AUS,1610,306,239,126,2281,365,0.1600175362,0.2916666667,0.3452054795,0.1597077244,0.2389302937,255001,
oof_p6_clean,origin_airport,7,AVL,187,35,31,16,269,47,0.1747211896,0.3137254902,0.3404255319,0.1576576577,0.2453531599,255001,
oof_p6_clean,origin_airport,7,AVP,134,12,21,7,174,28,0.1609195402,0.3684210526,0.25,0.08219178082,0.1896551724,255001,
oof_p6_clean,origin_airport,7,AZA,144,19,24,6,193,30,0.1554404145,0.24,0.2,0.1165644172,0.2227979275,255001,
oof_p6_clean,origin_airport,7,AZO,94,6,16,1,117,17,0.1452991453,0.1428571429,0.05882352941,0.06,0.188034188,255001,
oof_p6_clean,origin_airport,7,BDL,733,82,87,37,939,124,0.1320553781,0.3109243697,0.2983870968,0.1006134969,0.1799787007,255001,
oof_p6_clean,origin_airport,7,BET,17,0,3,0,20,3,0.15,,0,0,0.15,255001,
oof_p6_clean,origin_airport,7,BFF,18,2,1,0,21,1,0.04761904762,0,0,0.1,0.1428571429,255001,
oof_p6_clean,origin_airport,7,BFL,92,3,6,1,102,7,0.06862745098,0.25,0.1428571429,0.03157894737,0.08823529412,255001,
oof_p6_clean,origin_airport,7,BFM,2,0,0,0,2,0,0,,,0,0,255001,
oof_p6_clean,origin_airport,7,BGM,29,0,1,0,30,1,0.03333333333,,0,0,0.03333333333,255001,
oof_p6_clean,origin_airport,7,BGR,111,26,18,13,168,31,0.1845238095,0.3333333333,0.4193548387,0.1897810219,0.2619047619,255001,
oof_p6_clean,origin_airport,7,BHM,480,61,72,32,645,104,0.1612403101,0.3440860215,0.3076923077,0.112754159,0.2062015504,255001,
oof_p6_clean,origin_airport,7,BIL,132,6,23,3,164,26,0.1585365854,0.3333333333,0.1153846154,0.04347826087,0.1768292683,255001,
oof_p6_clean,origin_airport,7,BIS,118,17,20,6,161,26,0.1614906832,0.2608695652,0.2307692308,0.1259259259,0.2298136646,255001,
oof_p6_clean,origin_airport,7,BJI,22,0,1,0,23,1,0.04347826087,,0,0,0.04347826087,255001,
oof_p6_clean,origin_airport,7,BKG,4,3,0,1,8,1,0.125,0.25,1,0.4285714286,0.375,255001,
oof_p6_clean,origin_airport,7,BLI,128,6,13,0,147,13,0.08843537415,0,0,0.0447761194,0.1292517007,255001,
oof_p6_clean,origin_airport,7,BLV,22,6,3,6,37,9,0.2432432432,0.5,0.6666666667,0.2142857143,0.2432432432,255001,
oof_p6_clean,origin_airport,7,BMI,73,5,7,0,85,7,0.08235294118,0,0,0.0641025641,0.1411764706,255001,
oof_p6_clean,origin_airport,7,BNA,1632,506,271,241,2650,512,0.1932075472,0.3226238286,0.470703125,0.2366697848,0.2932075472,255001,
oof_p6_clean,origin_airport,7,BOI,694,51,81,17,843,98,0.1162514828,0.25,0.1734693878,0.06845637584,0.1565836299,255001,
oof_p6_clean,origin_airport,7,BOS,2790,1190,515,515,5010,1030,0.2055888224,0.3020527859,0.5,0.2989949749,0.3403193613,255001,
oof_p6_clean,origin_airport,7,BPT,14,1,5,0,20,5,0.25,0,0,0.06666666667,0.3,255001,
oof_p6_clean,origin_airport,7,BQK,28,0,3,0,31,3,0.09677419355,,0,0,0.09677419355,255001,
oof_p6_clean,origin_airport,7,BQN,40,18,13,3,74,16,0.2162162162,0.1428571429,0.1875,0.3103448276,0.4189189189,255001,
oof_p6_clean,origin_airport,7,BRD,10,0,4,0,14,4,0.2857142857,,0,0,0.2857142857,255001,
oof_p6_clean,origin_airport,7,BRO,76,0,4,0,80,4,0.05,,0,0,0.05,255001,
oof_p6_clean,origin_airport,7,BRW,17,0,1,0,18,1,0.05555555556,,0,0,0.05555555556,255001,
oof_p6_clean,origin_airport,7,BTM,15,0,0,0,15,0,0,,,0,0,255001,
oof_p6_clean,origin_airport,7,BTR,163,25,36,10,234,46,0.1965811966,0.2857142857,0.2173913043,0.1329787234,0.2606837607,255001,
oof_p6_clean,origin_airport,7,BTV,218,52,37,31,338,68,0.201183432,0.3734939759,0.4558823529,0.1925925926,0.2633136095,255001,
oof_p6_clean,origin_airport,7,BUF,644,142,86,79,951,165,0.1735015773,0.3574660633,0.4787878788,0.1806615776,0.2397476341,255001,
oof_p6_clean,origin_airport,7,BUR,746,166,116,50,1078,166,0.1539888683,0.2314814815,0.3012048193,0.1820175439,0.2615955473,255001,
oof_p6_clean,origin_airport,7,BWI,2219,907,383,393,3902,776,0.1988723731,0.3023076923,0.506443299,0.2901471529,0.3305996925,255001,
oof_p6_clean,origin_airport,7,BZN,234,10,25,8,277,33,0.119133574,0.4444444444,0.2424242424,0.04098360656,0.1263537906,255001,
oof_p6_clean,origin_airport,7,CAE,196,43,44,10,293,54,0.1843003413,0.1886792453,0.1851851852,0.179916318,0.2969283276,255001,
oof_p6_clean,origin_airport,7,CAK,150,21,33,13,217,46,0.2119815668,0.3823529412,0.2826086957,0.1228070175,0.2488479263,255001,
oof_p6_clean,origin_airport,7,CDC,18,0,3,0,21,3,0.1428571429,,0,0,0.1428571429,255001,
oof_p6_clean,origin_airport,7,CDV,23,0,2,0,25,2,0.08,,0,0,0.08,255001,
oof_p6_clean,origin_airport,7,CGI,22,0,3,1,26,4,0.1538461538,1,0.25,0,0.1153846154,255001,
oof_p6_clean,origin_airport,7,CHA,217,24,41,8,290,49,0.1689655172,0.25,0.1632653061,0.09958506224,0.224137931,255001,
oof_p6_clean,origin_airport,7,CHO,180,27,36,5,248,41,0.1653225806,0.15625,0.1219512195,0.1304347826,0.2540322581,255001,
oof_p6_clean,origin_airport,7,CHS,637,89,76,43,845,119,0.1408284024,0.3257575758,0.3613445378,0.1225895317,0.1952662722,255001,
oof_p6_clean,origin_airport,7,CID,206,47,50,10,313,60,0.1916932907,0.1754385965,0.1666666667,0.185770751,0.3099041534,255001,
oof_p6_clean,origin_airport,7,CIU,22,0,3,0,25,3,0.12,,0,0,0.12,255001,
oof_p6_clean,origin_airport,7,CKB,33,1,3,0,37,3,0.08108108108,0,0,0.02941176471,0.1081081081,255001,
oof_p6_clean,origin_airport,7,CLE,1301,196,201,77,1775,278,0.1566197183,0.2820512821,0.2769784173,0.1309285237,0.2236619718,255001,
oof_p6_clean,origin_airport,7,CLL,50,4,9,0,63,9,0.1428571429,0,0,0.07407407407,0.2063492063,255001,
oof_p6_clean,origin_airport,7,CLT,4767,692,861,261,6581,1122,0.1704908069,0.2738719832,0.2326203209,0.1267631434,0.2359823735,255001,
oof_p6_clean,origin_airport,7,CMH,1087,195,168,81,1531,249,0.1626387982,0.2934782609,0.3253012048,0.1521060842,0.2370999347,255001,
oof_p6_clean,origin_airport,7,CMI,56,9,12,5,82,17,0.2073170732,0.3571428571,0.2941176471,0.1384615385,0.256097561,255001,
oof_p6_clean,origin_airport,7,CMX,16,3,6,1,26,7,0.2692307692,0.25,0.1428571429,0.1578947368,0.3461538462,255001,
oof_p6_clean,origin_airport,7,CNY,12,0,2,0,14,2,0.1428571429,,0,0,0.1428571429,255001,
oof_p6_clean,origin_airport,7,COD,28,2,7,1,38,8,0.2105263158,0.3333333333,0.125,0.06666666667,0.2368421053,255001,
oof_p6_clean,origin_airport,7,COS,293,45,61,10,409,71,0.173594132,0.1818181818,0.1408450704,0.1331360947,0.2591687042,255001,
oof_p6_clean,origin_airport,7,COU,70,6,14,1,91,15,0.1648351648,0.1428571429,0.06666666667,0.07894736842,0.2197802198,255001,
oof_p6_clean,origin_airport,7,CPR,48,7,9,3,67,12,0.1791044776,0.3,0.25,0.1272727273,0.2388059701,255001,
oof_p6_clean,origin_airport,7,CRP,172,17,25,7,221,32,0.1447963801,0.2916666667,0.21875,0.08994708995,0.1900452489,255001,
oof_p6_clean,origin_airport,7,CRW,88,31,32,3,154,35,0.2272727273,0.08823529412,0.08571428571,0.2605042017,0.4090909091,255001,
oof_p6_clean,origin_airport,7,CSG,18,1,4,0,23,4,0.1739130435,0,0,0.05263157895,0.2173913043,255001,
oof_p6_clean,origin_airport,7,CVG,1165,150,203,56,1574,259,0.1645489199,0.2718446602,0.2162162162,0.1140684411,0.2242693774,255001,
oof_p6_clean,origin_airport,7,CWA,65,2,7,2,76,9,0.1184210526,0.5,0.2222222222,0.02985074627,0.1184210526,255001,
oof_p6_clean,origin_airport,7,CYS,10,0,1,0,11,1,0.09090909091,,0,0,0.09090909091,255001,
oof_p6_clean,origin_airport,7,DAB,85,2,6,0,93,6,0.06451612903,0,0,0.02298850575,0.08602150538,255001,
oof_p6_clean,origin_airport,7,DAL,1406,749,255,361,2771,616,0.2223024179,0.3252252252,0.586038961,0.3475638051,0.3623240707,255001,
oof_p6_clean,origin_airport,7,DAY,351,71,70,27,519,97,0.1868978805,0.2755102041,0.2783505155,0.1682464455,0.2716763006,255001,
oof_p6_clean,origin_airport,7,DBQ,19,4,5,1,29,6,0.2068965517,0.2,0.1666666667,0.1739130435,0.3103448276,255001,
oof_p6_clean,origin_airport,7,DCA,2763,647,495,257,4162,752,0.1806823642,0.2842920354,0.3417553191,0.1897360704,0.2743873138,255001,
oof_p6_clean,origin_airport,7,DEN,6085,1920,1226,800,10031,2026,0.201973881,0.2941176471,0.3948667325,0.2398500937,0.313627754,255001,
oof_p6_clean,origin_airport,7,DFW,4606,1507,1020,568,7701,1588,0.2062069861,0.2737349398,0.3576826196,0.2465238017,0.3281392027,255001,
oof_p6_clean,origin_airport,7,DHN,39,0,4,0,43,4,0.09302325581,,0,0,0.09302325581,255001,
oof_p6_clean,origin_airport,7,DIK,17,2,4,0,23,4,0.1739130435,0,0,0.1052631579,0.2608695652,255001,
oof_p6_clean,origin_airport,7,DLG,2,0,1,0,3,1,0.3333333333,,0,0,0.3333333333,255001,
oof_p6_clean,origin_airport,7,DLH,76,18,16,1,111,17,0.1531531532,0.05263157895,0.05882352941,0.1914893617,0.3063063063,255001,
oof_p6_clean,origin_airport,7,DRO,73,21,16,8,118,24,0.2033898305,0.275862069,0.3333333333,0.2234042553,0.313559322,255001,
oof_p6_clean,origin_airport,7,DRT,16,0,2,0,18,2,0.1111111111,,0,0,0.1111111111,255001,
oof_p6_clean,origin_airport,7,DSM,440,30,74,8,552,82,0.1485507246,0.2105263158,0.09756097561,0.06382978723,0.1884057971,255001,
oof_p6_clean,origin_airport,7,DTW,3943,326,651,122,5042,773,0.1533121777,0.2723214286,0.1578266494,0.07636448817,0.1937723126,255001,
oof_p6_clean,origin_airport,7,DUT,14,0,3,0,17,3,0.1764705882,,0,0,0.1764705882,255001,
oof_p6_clean,origin_airport,7,DVL,17,1,3,0,21,3,0.1428571429,0,0,0.05555555556,0.1904761905,255001,
oof_p6_clean,origin_airport,7,EAR,13,0,0,0,13,0,0,,,0,0,255001,
oof_p6_clean,origin_airport,7,EAT,21,4,8,2,35,10,0.2857142857,0.3333333333,0.2,0.16,0.3428571429,255001,
oof_p6_clean,origin_airport,7,EAU,34,2,2,0,38,2,0.05263157895,0,0,0.05555555556,0.1052631579,255001,
oof_p6_clean,origin_airport,7,ECP,164,7,20,4,195,24,0.1230769231,0.3636363636,0.1666666667,0.04093567251,0.1384615385,255001,
oof_p6_clean,origin_airport,7,EGE,44,3,11,0,58,11,0.1896551724,0,0,0.06382978723,0.2413793103,255001,
oof_p6_clean,origin_airport,7,EKO,23,0,2,0,25,2,0.08,,0,0,0.08,255001,
oof_p6_clean,origin_airport,7,ELM,74,2,11,4,91,15,0.1648351648,0.6666666667,0.2666666667,0.02631578947,0.1428571429,255001,
oof_p6_clean,origin_airport,7,ELP,447,87,73,32,639,105,0.1643192488,0.268907563,0.3047619048,0.1629213483,0.2503912363,255001,
oof_p6_clean,origin_airport,7,ERI,55,4,8,2,69,10,0.1449275362,0.3333333333,0.2,0.06779661017,0.1739130435,255001,
oof_p6_clean,origin_airport,7,ESC,9,1,4,0,14,4,0.2857142857,0,0,0.1,0.3571428571,255001,
oof_p6_clean,origin_airport,7,EUG,217,33,32,12,294,44,0.1496598639,0.2666666667,0.2727272727,0.132,0.2210884354,255001,
oof_p6_clean,origin_airport,7,EVV,131,12,20,3,166,23,0.1385542169,0.2,0.1304347826,0.08391608392,0.1927710843,255001,
oof_p6_clean,origin_airport,7,EWN,49,4,9,1,63,10,0.1587301587,0.2,0.1,0.07547169811,0.2063492063,255001,
oof_p6_clean,origin_airport,7,EWR,2671,1527,528,858,5584,1386,0.2482091691,0.3597484277,0.619047619,0.3637446403,0.3680157593,255001,
oof_p6_clean,origin_airport,7,EYW,107,8,17,3,135,20,0.1481481481,0.2727272727,0.15,0.06956521739,0.1851851852,255001,
oof_p6_clean,origin_airport,7,FAI,158,1,11,0,170,11,0.06470588235,0,0,0.006289308176,0.07058823529,255001,
oof_p6_clean,origin_airport,7,FAR,193,17,33,4,247,37,0.1497975709,0.1904761905,0.1081081081,0.08095238095,0.2024291498,255001,
oof_p6_clean,origin_airport,7,FAT,302,20,51,6,379,57,0.1503957784,0.2307692308,0.1052631579,0.06211180124,0.1873350923,255001,
oof_p6_clean,origin_airport,7,FAY,82,14,21,3,120,24,0.2,0.1764705882,0.125,0.1458333333,0.2916666667,255001,
oof_p6_clean,origin_airport,7,FCA,106,14,22,2,144,24,0.1666666667,0.125,0.08333333333,0.1166666667,0.25,255001,
oof_p6_clean,origin_airport,7,FLG,34,3,8,1,46,9,0.1956521739,0.25,0.1111111111,0.08108108108,0.2391304348,255001,
oof_p6_clean,origin_airport,7,FLL,2062,730,339,362,3493,701,0.2006870885,0.3315018315,0.5164051355,0.2614613181,0.3060406527,255001,
oof_p6_clean,origin_airport,7,FLO,26,0,5,0,31,5,0.1612903226,,0,0,0.1612903226,255001,
oof_p6_clean,origin_airport,7,FNT,113,6,15,3,137,18,0.1313868613,0.3333333333,0.1666666667,0.05042016807,0.1532846715,255001,
oof_p6_clean,origin_airport,7,FSD,172,28,38,4,242,42,0.173553719,0.125,0.09523809524,0.14,0.2727272727,255001,
oof_p6_clean,origin_airport,7,FSM,53,5,10,1,69,11,0.1594202899,0.1666666667,0.09090909091,0.08620689655,0.2173913043,255001,
oof_p6_clean,origin_airport,7,FWA,168,10,25,1,204,26,0.1274509804,0.09090909091,0.03846153846,0.05617977528,0.1715686275,255001,
oof_p6_clean,origin_airport,7,GCC,24,0,2,0,26,2,0.07692307692,,0,0,0.07692307692,255001,
oof_p6_clean,origin_airport,7,GCK,17,1,2,0,20,2,0.1,0,0,0.05555555556,0.15,255001,
oof_p6_clean,origin_airport,7,GEG,592,59,89,15,755,104,0.1377483444,0.2027027027,0.1442307692,0.09062980031,0.1960264901,255001,
oof_p6_clean,origin_airport,7,GFK,44,4,6,1,55,7,0.1272727273,0.2,0.1428571429,0.08333333333,0.1818181818,255001,
oof_p6_clean,origin_airport,7,GGG,10,3,2,1,16,3,0.1875,0.25,0.3333333333,0.2307692308,0.3125,255001,
oof_p6_clean,origin_airport,7,GJT,123,4,18,0,145,18,0.124137931,0,0,0.03149606299,0.1517241379,255001,
oof_p6_clean,origin_airport,7,GNV,120,2,14,0,136,14,0.1029411765,0,0,0.01639344262,0.1176470588,255001,
oof_p6_clean,origin_airport,7,GPT,112,4,15,0,131,15,0.1145038168,0,0,0.03448275862,0.1450381679,255001,
oof_p6_clean,origin_airport,7,GRB,146,15,27,6,194,33,0.1701030928,0.2857142857,0.1818181818,0.09316770186,0.2164948454,255001,
oof_p6_clean,origin_airport,7,GRI,20,1,3,0,24,3,0.125,0,0,0.04761904762,0.1666666667,255001,
oof_p6_clean,origin_airport,7,GRK,67,5,15,0,87,15,0.1724137931,0,0,0.06944444444,0.2298850575,255001,
oof_p6_clean,origin_airport,7,GRR,480,58,78,38,654,116,0.1773700306,0.3958333333,0.3275862069,0.1078066914,0.2079510703,255001,
oof_p6_clean,origin_airport,7,GSO,368,57,60,27,512,87,0.169921875,0.3214285714,0.3103448276,0.1341176471,0.228515625,255001,
oof_p6_clean,origin_airport,7,GSP,367,72,68,29,536,97,0.1809701493,0.2871287129,0.2989690722,0.1640091116,0.2611940299,255001,
oof_p6_clean,origin_airport,7,GST,2,0,1,0,3,1,0.3333333333,,0,0,0.3333333333,255001,
oof_p6_clean,origin_airport,7,GTF,73,8,14,1,96,15,0.15625,0.1111111111,0.06666666667,0.0987654321,0.2291666667,255001,
oof_p6_clean,origin_airport,7,GTR,25,0,2,0,27,2,0.07407407407,,0,0,0.07407407407,255001,
oof_p6_clean,origin_airport,7,GUC,22,2,3,0,27,3,0.1111111111,0,0,0.08333333333,0.1851851852,255001,
oof_p6_clean,origin_airport,7,GUM,29,0,4,0,33,4,0.1212121212,,0,0,0.1212121212,255001,
oof_p6_clean,origin_airport,7,HDN,43,5,10,2,60,12,0.2,0.2857142857,0.1666666667,0.1041666667,0.25,255001,
oof_p6_clean,origin_airport,7,HGR,1,0,1,0,2,1,0.5,,0,0,0.5,255001,
oof_p6_clean,origin_airport,7,HHH,27,4,8,1,40,9,0.225,0.2,0.1111111111,0.1290322581,0.3,255001,
oof_p6_clean,origin_airport,7,HIB,9,0,1,0,10,1,0.1,,0,0,0.1,255001,
oof_p6_clean,origin_airport,7,HLN,68,5,11,1,85,12,0.1411764706,0.1666666667,0.08333333333,0.06849315068,0.1882352941,255001,
oof_p6_clean,origin_airport,7,HNL,1877,19,157,4,2057,161,0.07826932426,0.1739130435,0.0248447205,0.01002109705,0.08556149733,255001,
oof_p6_clean,origin_airport,7,HOB,23,0,3,0,26,3,0.1153846154,,0,0,0.1153846154,255001,
oof_p6_clean,origin_airport,7,HOU,1002,610,184,305,2101,489,0.2327463113,0.3333333333,0.6237218814,0.3784119107,0.3779152784,255001,
oof_p6_clean,origin_airport,7,HPN,222,73,49,34,378,83,0.2195767196,0.3177570093,0.4096385542,0.2474576271,0.3227513228,255001,
oof_p6_clean,origin_airport,7,HRL,122,12,18,4,156,22,0.141025641,0.25,0.1818181818,0.08955223881,0.1923076923,255001,
oof_p6_clean,origin_airport,7,HSV,219,38,36,24,317,60,0.1892744479,0.3870967742,0.4,0.1478599222,0.2334384858,255001,
oof_p6_clean,origin_airport,7,HTS,32,6,5,1,44,6,0.1363636364,0.1428571429,0.1666666667,0.1578947368,0.25,255001,
oof_p6_clean,origin_airport,7,HVN,20,4,2,1,27,3,0.1111111111,0.2,0.3333333333,0.1666666667,0.2222222222,255001,
oof_p6_clean,origin_airport,7,HYA,1,3,0,0,4,0,0,0,,0.75,0.75,255001,
oof_p6_clean,origin_airport,7,HYS,36,2,5,0,43,5,0.1162790698,0,0,0.05263157895,0.1627906977,255001,
oof_p6_clean,origin_airport,7,IAD,2502,327,423,121,3373,544,0.161280759,0.2700892857,0.2224264706,0.1155885472,0.2223539875,255001,
oof_p6_clean,origin_airport,7,IAG,24,8,3,2,37,5,0.1351351351,0.2,0.4,0.25,0.2972972973,255001,
oof_p6_clean,origin_airport,7,IAH,4937,490,888,184,6499,1072,0.1649484536,0.2729970326,0.171641791,0.09028929427,0.2120326204,255001,
oof_p6_clean,origin_airport,7,ICT,261,34,54,14,363,68,0.1873278237,0.2916666667,0.2058823529,0.1152542373,0.2424242424,255001,
oof_p6_clean,origin_airport,7,IDA,71,6,8,1,86,9,0.1046511628,0.1428571429,0.1111111111,0.07792207792,0.1627906977,255001,
oof_p6_clean,origin_airport,7,ILM,189,25,29,9,252,38,0.1507936508,0.2647058824,0.2368421053,0.1168224299,0.2142857143,255001,
oof_p6_clean,origin_airport,7,IMT,19,0,3,0,22,3,0.1363636364,,0,0,0.1363636364,255001,
oof_p6_clean,origin_airport,7,IND,1209,245,182,101,1737,283,0.1629245826,0.2919075145,0.3568904594,0.1685006878,0.245826137,255001,
oof_p6_clean,origin_airport,7,INL,11,1,4,0,16,4,0.25,0,0,0.08333333333,0.3125,255001,
oof_p6_clean,origin_airport,7,IPT,17,0,3,0,20,3,0.15,,0,0,0.15,255001,
oof_p6_clean,origin_airport,7,ISN,45,5,4,2,56,6,0.1071428571,0.2857142857,0.3333333333,0.1,0.1607142857,255001,
oof_p6_clean,origin_airport,7,ISP,146,36,29,16,227,45,0.1982378855,0.3076923077,0.3555555556,0.1978021978,0.2863436123,255001,
oof_p6_clean,origin_airport,7,ITH,73,8,12,4,97,16,0.1649484536,0.3333333333,0.25,0.0987654321,0.206185567,255001,
oof_p6_clean,origin_airport,7,ITO,249,0,10,0,259,10,0.03861003861,,0,0,0.03861003861,255001,
oof_p6_clean,origin_airport,7,JAC,124,13,25,3,165,28,0.1696969697,0.1875,0.1071428571,0.09489051095,0.2303030303,255001,
oof_p6_clean,origin_airport,7,JAN,209,11,33,1,254,34,0.1338582677,0.08333333333,0.02941176471,0.05,0.1732283465,255001,
oof_p6_clean,origin_airport,7,JAX,780,131,117,49,1077,166,0.1541318477,0.2722222222,0.2951807229,0.1437980241,0.2302692665,255001,
oof_p6_clean,origin_airport,7,JFK,2401,808,493,334,4036,827,0.2049058474,0.292469352,0.4038694075,0.2517918355,0.3223488603,255001,
oof_p6_clean,origin_airport,7,JHM,33,5,8,0,46,8,0.1739130435,0,0,0.1315789474,0.2826086957,255001,
oof_p6_clean,origin_airport,7,JLN,13,1,6,0,20,6,0.3,0,0,0.07142857143,0.35,255001,
oof_p6_clean,origin_airport,7,JMS,24,5,6,0,35,6,0.1714285714,0,0,0.1724137931,0.3142857143,255001,
oof_p6_clean,origin_airport,7,JNU,120,1,21,0,142,21,0.1478873239,0,0,0.00826446281,0.1549295775,255001,
oof_p6_clean,origin_airport,7,KOA,513,3,48,2,566,50,0.08833922261,0.4,0.04,0.005813953488,0.09010600707,255001,
oof_p6_clean,origin_airport,7,KTN,80,1,11,0,92,11,0.1195652174,0,0,0.01234567901,0.1304347826,255001,
oof_p6_clean,origin_airport,7,LAN,97,18,23,3,141,26,0.1843971631,0.1428571429,0.1153846154,0.1565217391,0.2907801418,255001,
oof_p6_clean,origin_airport,7,LAR,15,0,3,0,18,3,0.1666666667,,0,0,0.1666666667,255001,
oof_p6_clean,origin_airport,7,LAS,3879,968,695,389,5931,1084,0.1827685045,0.2866617539,0.3588560886,0.1997111615,0.2803911651,255001,
oof_p6_clean,origin_airport,7,LAW,26,3,8,0,37,8,0.2162162162,0,0,0.1034482759,0.2972972973,255001,
oof_p6_clean,origin_airport,7,LAX,5695,934,1089,329,8047,1418,0.1762147384,0.2604908947,0.2320169252,0.1408960628,0.2513980365,255001,
oof_p6_clean,origin_airport,7,LBB,208,15,36,0,259,36,0.138996139,0,0,0.06726457399,0.1969111969,255001,
oof_p6_clean,origin_airport,7,LBE,42,0,6,0,48,6,0.125,,0,0,0.125,255001,
oof_p6_clean,origin_airport,7,LBF,17,1,0,0,18,0,0,0,,0.05555555556,0.05555555556,255001,
oof_p6_clean,origin_airport,7,LBL,18,2,1,0,21,1,0.04761904762,0,0,0.1,0.1428571429,255001,
oof_p6_clean,origin_airport,7,LCH,49,2,6,1,58,7,0.1206896552,0.3333333333,0.1428571429,0.03921568627,0.1379310345,255001,
oof_p6_clean,origin_airport,7,LCK,27,2,5,1,35,6,0.1714285714,0.3333333333,0.1666666667,0.06896551724,0.2,255001,
oof_p6_clean,origin_airport,7,LEX,303,24,49,14,390,63,0.1615384615,0.3684210526,0.2222222222,0.07339449541,0.1871794872,255001,
oof_p6_clean,origin_airport,7,LFT,121,3,17,2,143,19,0.1328671329,0.4,0.1052631579,0.02419354839,0.1398601399,255001,
oof_p6_clean,origin_airport,7,LGA,2617,1154,530,530,4831,1060,0.2194162699,0.3147268409,0.5,0.3060196234,0.3485820741,255001,
oof_p6_clean,origin_airport,7,LGB,469,50,76,13,608,89,0.1463815789,0.2063492063,0.1460674157,0.09633911368,0.2072368421,255001,
oof_p6_clean,origin_airport,7,LIH,470,0,39,0,509,39,0.07662082515,,0,0,0.07662082515,255001,
oof_p6_clean,origin_airport,7,LIT,404,28,63,6,501,69,0.1377245509,0.1764705882,0.08695652174,0.06481481481,0.1816367265,255001,
oof_p6_clean,origin_airport,7,LNK,105,3,16,1,125,17,0.136,0.25,0.05882352941,0.02777777778,0.152,255001,
oof_p6_clean,origin_airport,7,LNY,58,5,9,0,72,9,0.125,0,0,0.07936507937,0.1944444444,255001,
oof_p6_clean,origin_airport,7,LRD,53,6,9,2,70,11,0.1571428571,0.25,0.1818181818,0.1016949153,0.2142857143,255001,
oof_p6_clean,origin_airport,7,LSE,38,2,4,1,45,5,0.1111111111,0.3333333333,0.2,0.05,0.1333333333,255001,
oof_p6_clean,origin_airport,7,LWB,16,0,2,0,18,2,0.1111111111,,0,0,0.1111111111,255001,
oof_p6_clean,origin_airport,7,LWS,32,0,2,0,34,2,0.05882352941,,0,0,0.05882352941,255001,
oof_p6_clean,origin_airport,7,LYH,42,2,6,1,51,7,0.137254902,0.3333333333,0.1428571429,0.04545454545,0.1568627451,255001,
oof_p6_clean,origin_airport,7,MAF,254,37,47,6,344,53,0.1540697674,0.1395348837,0.1132075472,0.1271477663,0.2441860465,255001,
oof_p6_clean,origin_airport,7,MBS,72,5,10,4,91,14,0.1538461538,0.4444444444,0.2857142857,0.06493506494,0.1648351648,255001,
oof_p6_clean,origin_airport,7,MCI,1527,198,228,59,2012,287,0.1426441352,0.2295719844,0.2055749129,0.1147826087,0.2117296223,255001,
oof_p6_clean,origin_airport,7,MCO,3061,937,525,421,4944,946,0.1913430421,0.3100147275,0.4450317125,0.2343671836,0.2957119741,255001,
oof_p6_clean,origin_airport,7,MDT,251,36,48,13,348,61,0.1752873563,0.2653061224,0.2131147541,0.1254355401,0.2413793103,255001,
oof_p6_clean,origin_airport,7,MDW,1397,941,296,500,3134,796,0.2539885131,0.346981263,0.6281407035,0.4024807528,0.3947032546,255001,
oof_p6_clean,origin_airport,7,MEI,20,1,9,0,30,9,0.3,0,0,0.04761904762,0.3333333333,255001,
oof_p6_clean,origin_airport,7,MEM,570,94,79,50,793,129,0.1626733922,0.3472222222,0.3875968992,0.1415662651,0.2181588903,255001,
oof_p6_clean,origin_airport,7,MFE,145,1,19,0,165,19,0.1151515152,0,0,0.006849315068,0.1212121212,255001,
oof_p6_clean,origin_airport,7,MFR,216,14,35,9,274,44,0.1605839416,0.3913043478,0.2045454545,0.06086956522,0.1788321168,255001,
oof_p6_clean,origin_airport,7,MGM,82,10,25,3,120,28,0.2333333333,0.2307692308,0.1071428571,0.1086956522,0.2916666667,255001,
oof_p6_clean,origin_airport,7,MHK,34,6,3,3,46,6,0.1304347826,0.3333333333,0.5,0.15,0.1956521739,255001,
oof_p6_clean,origin_airport,7,MHT,283,15,38,7,343,45,0.1311953353,0.3181818182,0.1555555556,0.05033557047,0.1545189504,255001,
oof_p6_clean,origin_airport,7,MIA,1531,368,279,159,2337,438,0.1874197689,0.3017077799,0.3630136986,0.1937862033,0.2768506632,255001,
oof_p6_clean,origin_airport,7,MKE,874,123,127,54,1178,181,0.1536502547,0.3050847458,0.2983425414,0.1233701103,0.2122241087,255001,
oof_p6_clean,origin_airport,7,MKG,10,2,4,0,16,4,0.25,0,0,0.1666666667,0.375,255001,
oof_p6_clean,origin_airport,7,MKK,42,5,9,3,59,12,0.2033898305,0.375,0.25,0.1063829787,0.2372881356,255001,
oof_p6_clean,origin_airport,7,MLB,63,3,7,0,73,7,0.09589041096,0,0,0.04545454545,0.1369863014,255001,
oof_p6_clean,origin_airport,7,MLI,135,26,25,6,192,31,0.1614583333,0.1875,0.1935483871,0.1614906832,0.265625,255001,
oof_p6_clean,origin_airport,7,MLU,72,1,9,0,82,9,0.1097560976,0,0,0.01369863014,0.1219512195,255001,
oof_p6_clean,origin_airport,7,MMH,7,1,6,1,15,7,0.4666666667,0.5,0.1428571429,0.125,0.4666666667,255001,
oof_p6_clean,origin_airport,7,MOB,125,21,32,3,181,35,0.1933701657,0.125,0.08571428571,0.1438356164,0.2928176796,255001,
oof_p6_clean,origin_airport,7,MOT,70,6,12,2,90,14,0.1555555556,0.25,0.1428571429,0.07894736842,0.2,255001,
oof_p6_clean,origin_airport,7,MQT,40,2,8,0,50,8,0.16,0,0,0.04761904762,0.2,255001,
oof_p6_clean,origin_airport,7,MRY,123,8,23,2,156,25,0.1602564103,0.2,0.08,0.06106870229,0.1987179487,255001,
oof_p6_clean,origin_airport,7,MSN,376,19,50,9,454,59,0.1299559471,0.3214285714,0.1525423729,0.04810126582,0.1519823789,255001,
oof_p6_clean,origin_airport,7,MSO,132,23,19,14,188,33,0.1755319149,0.3783783784,0.4242424242,0.1483870968,0.2234042553,255001,
oof_p6_clean,origin_airport,7,MSP,3712,272,577,95,4656,672,0.1443298969,0.2588555858,0.1413690476,0.06827309237,0.1823453608,255001,
oof_p6_clean,origin_airport,7,MSY,1182,386,212,147,1927,359,0.1862999481,0.2757973734,0.4094707521,0.2461734694,0.3103269331,255001,
oof_p6_clean,origin_airport,7,MTJ,63,11,11,1,86,12,0.1395348837,0.08333333333,0.08333333333,0.1486486486,0.2558139535,255001,
oof_p6_clean,origin_airport,7,MVY,6,3,2,2,13,4,0.3076923077,0.4,0.5,0.3333333333,0.3846153846,255001,
oof_p6_clean,origin_airport,7,MYR,316,31,53,15,415,68,0.1638554217,0.3260869565,0.2205882353,0.08933717579,0.2024096386,255001,
oof_p6_clean,origin_airport,7,OAJ,76,1,11,0,88,11,0.125,0,0,0.01298701299,0.1363636364,255001,
oof_p6_clean,origin_airport,7,OAK,1211,427,241,158,2037,399,0.1958762887,0.2700854701,0.3959899749,0.2606837607,0.3279332351,255001,
oof_p6_clean,origin_airport,7,OGD,2,0,2,1,5,3,0.6,1,0.3333333333,0,0.4,255001,
oof_p6_clean,origin_airport,7,OGG,846,4,103,4,957,107,0.1118077325,0.5,0.03738317757,0.004705882353,0.1118077325,255001,
oof_p6_clean,origin_airport,7,OGS,4,1,5,0,10,5,0.5,0,0,0.2,0.6,255001,
oof_p6_clean,origin_airport,7,OKC,650,83,102,33,868,135,0.1555299539,0.2844827586,0.2444444444,0.1132332879,0.2131336406,255001,
oof_p6_clean,origin_airport,7,OMA,643,91,106,32,872,138,0.1582568807,0.2601626016,0.231884058,0.1239782016,0.2259174312,255001,
oof_p6_clean,origin_airport,7,OME,23,0,1,0,24,1,0.04166666667,,0,0,0.04166666667,255001,
oof_p6_clean,origin_airport,7,ONT,616,85,85,27,813,112,0.1377613776,0.2410714286,0.2410714286,0.1212553495,0.209102091,255001,
oof_p6_clean,origin_airport,7,ORD,7029,2659,1631,1036,12355,2667,0.2158640227,0.2803788904,0.3884514436,0.2744632535,0.347227843,255001,
oof_p6_clean,origin_airport,7,ORF,563,81,84,52,780,136,0.1743589744,0.3909774436,0.3823529412,0.1257763975,0.2115384615,255001,
oof_p6_clean,origin_airport,7,ORH,28,17,6,6,57,12,0.2105263158,0.2608695652,0.5,0.3777777778,0.4035087719,255001,
oof_p6_clean,origin_airport,7,OTH,2,2,1,5,10,6,0.6,0.7142857143,0.8333333333,0.5,0.3,255001,
oof_p6_clean,origin_airport,7,OTZ,18,0,1,0,19,1,0.05263157895,,0,0,0.05263157895,255001,
oof_p6_clean,origin_airport,7,OWB,3,1,0,0,4,0,0,0,,0.25,0.25,255001,
oof_p6_clean,origin_airport,7,PAE,88,5,17,1,111,18,0.1621621622,0.1666666667,0.05555555556,0.05376344086,0.1981981982,255001,
oof_p6_clean,origin_airport,7,PAH,26,11,7,4,48,11,0.2291666667,0.2666666667,0.3636363636,0.2972972973,0.375,255001,
oof_p6_clean,origin_airport,7,PBG,32,1,7,5,45,12,0.2666666667,0.8333333333,0.4166666667,0.0303030303,0.1777777778,255001,
oof_p6_clean,origin_airport,7,PBI,494,183,78,98,853,176,0.2063305979,0.3487544484,0.5568181818,0.270310192,0.305978898,255001,
oof_p6_clean,origin_airport,7,PDX,2460,100,337,30,2927,367,0.1253843526,0.2307692308,0.08174386921,0.0390625,0.1492996242,255001,
oof_p6_clean,origin_airport,7,PGD,177,20,31,6,234,37,0.1581196581,0.2307692308,0.1621621622,0.1015228426,0.2179487179,255001,
oof_p6_clean,origin_airport,7,PGV,27,1,5,0,33,5,0.1515151515,0,0,0.03571428571,0.1818181818,255001,
oof_p6_clean,origin_airport,7,PHF,68,7,12,7,94,19,0.2021276596,0.5,0.3684210526,0.09333333333,0.2021276596,255001,
oof_p6_clean,origin_airport,7,PHL,2848,575,518,223,4164,741,0.1779538905,0.2794486216,0.3009446694,0.167981303,0.2624879923,255001,
oof_p6_clean,origin_airport,7,PHX,3693,839,727,297,5556,1024,0.1843052556,0.261443662,0.2900390625,0.1851279788,0.2818574514,255001,
oof_p6_clean,origin_airport,7,PIA,125,12,27,1,165,28,0.1696969697,0.07692307692,0.03571428571,0.08759124088,0.2363636364,255001,
oof_p6_clean,origin_airport,7,PIB,16,1,4,0,21,4,0.1904761905,0,0,0.05882352941,0.2380952381,255001,
oof_p6_clean,origin_airport,7,PIE,226,42,42,14,324,56,0.1728395062,0.25,0.25,0.1567164179,0.2592592593,255001,
oof_p6_clean,origin_airport,7,PIH,33,0,0,0,33,0,0,,,0,0,255001,
oof_p6_clean,origin_airport,7,PIR,7,0,2,0,9,2,0.2222222222,,0,0,0.2222222222,255001,
oof_p6_clean,origin_airport,7,PIT,1206,181,162,79,1628,241,0.148034398,0.3038461538,0.3278008299,0.1304974766,0.2106879607,255001,
oof_p6_clean,origin_airport,7,PLN,25,0,3,1,29,4,0.1379310345,1,0.25,0,0.1034482759,255001,
oof_p6_clean,origin_airport,7,PNS,280,26,52,9,367,61,0.1662125341,0.2571428571,0.1475409836,0.08496732026,0.2125340599,255001,
oof_p6_clean,origin_airport,7,PPG,1,0,1,0,2,1,0.5,,0,0,0.5,255001,
oof_p6_clean,origin_airport,7,PQI,9,1,2,0,12,2,0.1666666667,0,0,0.1,0.25,255001,
oof_p6_clean,origin_airport,7,PRC,10,0,2,0,12,2,0.1666666667,,0,0,0.1666666667,255001,
oof_p6_clean,origin_airport,7,PSC,172,16,26,5,219,31,0.1415525114,0.2380952381,0.1612903226,0.08510638298,0.1917808219,255001,
oof_p6_clean,origin_airport,7,PSE,23,3,10,3,39,13,0.3333333333,0.5,0.2307692308,0.1153846154,0.3333333333,255001,
oof_p6_clean,origin_airport,7,PSG,18,0,2,0,20,2,0.1,,0,0,0.1,255001,
oof_p6_clean,origin_airport,7,PSM,4,3,0,1,8,1,0.125,0.25,1,0.4285714286,0.375,255001,
oof_p6_clean,origin_airport,7,PSP,263,42,45,15,365,60,0.1643835616,0.2631578947,0.25,0.137704918,0.2383561644,255001,
oof_p6_clean,origin_airport,7,PUB,30,0,5,0,35,5,0.1428571429,,0,0,0.1428571429,255001,
oof_p6_clean,origin_airport,7,PUW,24,4,7,1,36,8,0.2222222222,0.2,0.125,0.1428571429,0.3055555556,255001,
oof_p6_clean,origin_airport,7,PVD,463,96,56,58,673,114,0.1693907875,0.3766233766,0.5087719298,0.1717352415,0.2258543834,255001,
oof_p6_clean,origin_airport,7,PVU,18,4,2,2,26,4,0.1538461538,0.3333333333,0.5,0.1818181818,0.2307692308,255001,
oof_p6_clean,origin_airport,7,PWM,325,46,49,26,446,75,0.168161435,0.3611111111,0.3466666667,0.1239892183,0.2130044843,255001,
oof_p6_clean,origin_airport,7,RAP,119,28,21,13,181,34,0.1878453039,0.3170731707,0.3823529412,0.1904761905,0.270718232,255001,
oof_p6_clean,origin_airport,7,RDD,31,10,10,2,53,12,0.2264150943,0.1666666667,0.1666666667,0.243902439,0.3773584906,255001,
oof_p6_clean,origin_airport,7,RDM,197,19,33,7,256,40,0.15625,0.2692307692,0.175,0.08796296296,0.203125,255001,
oof_p6_clean,origin_airport,7,RDU,1373,370,220,176,2139,396,0.1851332398,0.3223443223,0.4444444444,0.2122776822,0.275829827,255001,
oof_p6_clean,origin_airport,7,RFD,16,8,2,1,27,3,0.1111111111,0.1111111111,0.3333333333,0.3333333333,0.3703703704,255001,
oof_p6_clean,origin_airport,7,RHI,18,0,2,0,20,2,0.1,,0,0,0.1,255001,
oof_p6_clean,origin_airport,7,RIC,501,174,96,79,850,175,0.2058823529,0.3122529644,0.4514285714,0.2577777778,0.3176470588,255001,
oof_p6_clean,origin_airport,7,RKS,21,6,3,0,30,3,0.1,0,0,0.2222222222,0.3,255001,
oof_p6_clean,origin_airport,7,RNO,614,72,88,23,797,111,0.139272271,0.2421052632,0.2072072072,0.1049562682,0.2007528231,255001,
oof_p6_clean,origin_airport,7,ROA,147,8,28,4,187,32,0.1711229947,0.3333333333,0.125,0.05161290323,0.192513369,255001,
oof_p6_clean,origin_airport,7,ROC,438,58,47,27,570,74,0.1298245614,0.3176470588,0.3648648649,0.1169354839,0.1842105263,255001,
oof_p6_clean,origin_airport,7,ROP,4,0,0,0,4,0,0,,,0,0,255001,
oof_p6_clean,origin_airport,7,ROW,43,2,4,0,49,4,0.08163265306,0,0,0.04444444444,0.1224489796,255001,
oof_p6_clean,origin_airport,7,RST,80,12,20,2,114,22,0.1929824561,0.1428571429,0.09090909091,0.1304347826,0.2807017544,255001,
oof_p6_clean,origin_airport,7,RSW,784,149,104,71,1108,175,0.1579422383,0.3227272727,0.4057142857,0.1596998928,0.2283393502,255001,
oof_p6_clean,origin_airport,7,SAF,47,6,12,1,66,13,0.196969697,0.1428571429,0.07692307692,0.1132075472,0.2727272727,255001,
oof_p6_clean,origin_airport,7,SAN,2482,335,386,122,3325,508,0.1527819549,0.2669584245,0.2401574803,0.1189208378,0.2168421053,255001,
oof_p6_clean,origin_airport,7,SAT,1188,141,165,43,1537,208,0.1353285621,0.2336956522,0.2067307692,0.1060948081,0.1990891347,255001,
oof_p6_clean,origin_airport,7,SAV,412,71,72,30,585,102,0.1743589744,0.297029703,0.2941176471,0.1469979296,0.2444444444,255001,
oof_p6_clean,origin_airport,7,SBA,180,26,29,8,243,37,0.1522633745,0.2352941176,0.2162162162,0.1262135922,0.2263374486,255001,
oof_p6_clean,origin_airport,7,SBN,171,15,26,9,221,35,0.1583710407,0.375,0.2571428571,0.08064516129,0.185520362,255001,
oof_p6_clean,origin_airport,7,SBP,130,10,28,7,175,35,0.2,0.4117647059,0.2,0.07142857143,0.2171428571,255001,
oof_p6_clean,origin_airport,7,SBY,31,0,3,1,35,4,0.1142857143,1,0.25,0,0.08571428571,255001,
oof_p6_clean,origin_airport,7,SCC,30,0,5,0,35,5,0.1428571429,,0,0,0.1428571429,255001,
oof_p6_clean,origin_airport,7,SCE,128,7,18,0,153,18,0.1176470588,0,0,0.05185185185,0.1633986928,255001,
oof_p6_clean,origin_airport,7,SCK,17,6,8,5,36,13,0.3611111111,0.4545454545,0.3846153846,0.2608695652,0.3888888889,255001,
oof_p6_clean,origin_airport,7,SDF,637,89,107,33,866,140,0.1616628176,0.2704918033,0.2357142857,0.1225895317,0.2263279446,255001,
oof_p6_clean,origin_airport,7,SEA,4702,472,869,143,6186,1012,0.163595215,0.2325203252,0.1413043478,0.09122535756,0.2167798254,255001,
oof_p6_clean,origin_airport,7,SFB,288,43,56,8,395,64,0.1620253165,0.1568627451,0.125,0.1299093656,0.2506329114,255001,
oof_p6_clean,origin_airport,7,SFO,3912,977,908,363,6160,1271,0.2063311688,0.2708955224,0.2856018883,0.1998363674,0.3060064935,255001,
oof_p6_clean,origin_airport,7,SGF,243,38,63,0,344,63,0.1831395349,0,0,0.1352313167,0.2936046512,255001,
oof_p6_clean,origin_airport,7,SGU,72,4,7,0,83,7,0.0843373494,0,0,0.05263157895,0.1325301205,255001,
oof_p6_clean,origin_airport,7,SHD,23,0,5,0,28,5,0.1785714286,,0,0,0.1785714286,255001,
oof_p6_clean,origin_airport,7,SHV,153,16,36,4,209,40,0.1913875598,0.2,0.1,0.09467455621,0.2488038278,255001,
oof_p6_clean,origin_airport,7,SIT,39,0,3,0,42,3,0.07142857143,,0,0,0.07142857143,255001,
oof_p6_clean,origin_airport,7,SJC,1782,229,283,75,2369,358,0.1511186154,0.2467105263,0.2094972067,0.1138736947,0.2161249472,255001,
oof_p6_clean,origin_airport,7,SJT,45,1,1,0,47,1,0.02127659574,0,0,0.02173913043,0.04255319149,255001,
oof_p6_clean,origin_airport,7,SJU,561,170,113,69,913,182,0.1993428258,0.2887029289,0.3791208791,0.2325581395,0.3099671413,255001,
oof_p6_clean,origin_airport,7,SLC,2768,225,395,85,3473,480,0.1382090412,0.2741935484,0.1770833333,0.07517540929,0.1785200115,255001,
oof_p6_clean,origin_airport,7,SLN,23,7,9,3,42,12,0.2857142857,0.3,0.25,0.2333333333,0.380952381,255001,
oof_p6_clean,origin_airport,7,SMF,1584,117,225,18,1944,243,0.125,0.1333333333,0.07407407407,0.06878306878,0.1759259259,255001,
oof_p6_clean,origin_airport,7,SMX,7,0,0,0,7,0,0,,,0,0,255001,
oof_p6_clean,origin_airport,7,SNA,1216,121,172,37,1546,209,0.1351875809,0.2341772152,0.1770334928,0.09050112191,0.1895213454,255001,
oof_p6_clean,origin_airport,7,SPI,38,5,9,4,56,13,0.2321428571,0.4444444444,0.3076923077,0.1162790698,0.25,255001,
oof_p6_clean,origin_airport,7,SPN,29,0,2,0,31,2,0.06451612903,,0,0,0.06451612903,255001,
oof_p6_clean,origin_airport,7,SPS,24,1,4,0,29,4,0.1379310345,0,0,0.04,0.1724137931,255001,
oof_p6_clean,origin_airport,7,SRQ,169,18,16,11,214,27,0.1261682243,0.3793103448,0.4074074074,0.09625668449,0.1588785047,255001,
oof_p6_clean,origin_airport,7,STC,0,3,0,0,3,0,0,0,,1,1,255001,
oof_p6_clean,origin_airport,7,STL,1395,571,247,252,2465,499,0.2024340771,0.3061968408,0.50501002,0.2904374364,0.3318458418,255001,
oof_p6_clean,origin_airport,7,STS,121,5,23,2,151,25,0.1655629139,0.2857142857,0.08,0.03968253968,0.1854304636,255001,
oof_p6_clean,origin_airport,7,STT,77,8,7,2,94,9,0.09574468085,0.2,0.2222222222,0.09411764706,0.1595744681,255001,
oof_p6_clean,origin_airport,7,STX,26,3,1,0,30,1,0.03333333333,0,0,0.1034482759,0.1333333333,255001,
oof_p6_clean,origin_airport,7,SUN,45,0,13,1,59,14,0.2372881356,1,0.07142857143,0,0.2203389831,255001,
oof_p6_clean,origin_airport,7,SUX,32,1,5,1,39,6,0.1538461538,0.5,0.1666666667,0.0303030303,0.1538461538,255001,
oof_p6_clean,origin_airport,7,SWF,50,21,14,10,95,24,0.2526315789,0.3225806452,0.4166666667,0.2957746479,0.3684210526,255001,
oof_p6_clean,origin_airport,7,SWO,20,1,2,0,23,2,0.08695652174,0,0,0.04761904762,0.1304347826,255001,
oof_p6_clean,origin_airport,7,SYR,360,66,56,40,522,96,0.183908046,0.3773584906,0.4166666667,0.1549295775,0.2337164751,255001,
oof_p6_clean,origin_airport,7,TLH,131,8,23,3,165,26,0.1575757576,0.2727272727,0.1153846154,0.05755395683,0.1878787879,255001,
oof_p6_clean,origin_airport,7,TOL,47,6,7,2,62,9,0.1451612903,0.25,0.2222222222,0.1132075472,0.2096774194,255001,
oof_p6_clean,origin_airport,7,TPA,1779,382,270,168,2599,438,0.1685263563,0.3054545455,0.3835616438,0.1767700139,0.2508657176,255001,
oof_p6_clean,origin_airport,7,TRI,82,0,9,2,93,11,0.1182795699,1,0.1818181818,0,0.09677419355,255001,
oof_p6_clean,origin_airport,7,TTN,47,19,9,23,98,32,0.3265306122,0.5476190476,0.71875,0.2878787879,0.2857142857,255001,
oof_p6_clean,origin_airport,7,TUL,483,38,81,11,613,92,0.1500815661,0.2244897959,0.1195652174,0.07293666027,0.1941272431,255001,
oof_p6_clean,origin_airport,7,TUS,506,31,68,6,611,74,0.1211129296,0.1621621622,0.08108108108,0.05772811918,0.1620294599,255001,
oof_p6_clean,origin_airport,7,TVC,87,26,22,12,147,34,0.231292517,0.3157894737,0.3529411765,0.2300884956,0.3265306122,255001,
oof_p6_clean,origin_airport,7,TWF,34,0,3,0,37,3,0.08108108108,,0,0,0.08108108108,255001,
oof_p6_clean,origin_airport,7,TXK,13,3,3,2,21,5,0.2380952381,0.4,0.4,0.1875,0.2857142857,255001,
oof_p6_clean,origin_airport,7,TYR,43,2,4,0,49,4,0.08163265306,0,0,0.04444444444,0.1224489796,255001,
oof_p6_clean,origin_airport,7,TYS,386,70,75,28,559,103,0.1842576029,0.2857142857,0.2718446602,0.1535087719,0.259391771,255001,
oof_p6_clean,origin_airport,7,UIN,21,3,5,1,30,6,0.2,0.25,0.1666666667,0.125,0.2666666667,255001,
oof_p6_clean,origin_airport,7,USA,25,11,7,2,45,9,0.2,0.1538461538,0.2222222222,0.3055555556,0.4,255001,
oof_p6_clean,origin_airport,7,VEL,14,0,3,0,17,3,0.1764705882,,0,0,0.1764705882,255001,
oof_p6_clean,origin_airport,7,VLD,20,0,2,0,22,2,0.09090909091,,0,0,0.09090909091,255001,
oof_p6_clean,origin_airport,7,VPS,177,22,34,6,239,40,0.1673640167,0.2142857143,0.15,0.1105527638,0.2343096234,255001,
oof_p6_clean,origin_airport,7,WRG,22,0,2,0,24,2,0.08333333333,,0,0,0.08333333333,255001,
oof_p6_clean,origin_airport,7,WYS,6,0,0,0,6,0,0,,,0,0,255001,
oof_p6_clean,origin_airport,7,XNA,347,37,45,18,447,63,0.1409395973,0.3272727273,0.2857142857,0.09635416667,0.1834451902,255001,
oof_p6_clean,origin_airport,7,XWA,4,0,3,0,7,3,0.4285714286,,0,0,0.4285714286,255001,
oof_p6_clean,origin_airport,7,YAK,28,0,3,0,31,3,0.09677419355,,0,0,0.09677419355,255001,
oof_p6_clean,origin_airport,7,YKM,34,2,8,0,44,8,0.1818181818,0,0,0.05555555556,0.2272727273,255001,
oof_p6_clean,origin_airport,7,YUM,41,0,4,0,45,4,0.08888888889,,0,0,0.08888888889,255001,
oof_p6_clean,origin_airport,42,ABE,119,30,24,9,182,33,0.1813186813,0.2307692308,0.2727272727,0.2013422819,0.2967032967,255001,
oof_p6_clean,origin_airport,42,ABI,36,3,7,1,47,8,0.170212766,0.25,0.125,0.07692307692,0.2127659574,255001,
oof_p6_clean,origin_airport,42,ABQ,725,103,114,28,970,142,0.1463917526,0.213740458,0.1971830986,0.1243961353,0.2237113402,255001,
oof_p6_clean,origin_airport,42,ABR,14,1,5,0,20,5,0.25,0,0,0.06666666667,0.3,255001,
oof_p6_clean,origin_airport,42,ABY,30,0,2,0,32,2,0.0625,,0,0,0.0625,255001,
oof_p6_clean,origin_airport,42,ACK,21,16,6,2,45,8,0.1777777778,0.1111111111,0.25,0.4324324324,0.4888888889,255001,
oof_p6_clean,origin_airport,42,ACT,37,2,4,0,43,4,0.09302325581,0,0,0.05128205128,0.1395348837,255001,
oof_p6_clean,origin_airport,42,ACV,48,11,10,3,72,13,0.1805555556,0.2142857143,0.2307692308,0.186440678,0.2916666667,255001,
oof_p6_clean,origin_airport,42,ACY,108,4,8,2,122,10,0.08196721311,0.3333333333,0.2,0.03571428571,0.09836065574,255001,
oof_p6_clean,origin_airport,42,ADK,1,0,0,0,1,0,0,,,0,0,255001,
oof_p6_clean,origin_airport,42,ADQ,17,0,2,0,19,2,0.1052631579,,0,0,0.1052631579,255001,
oof_p6_clean,origin_airport,42,AEX,70,6,14,4,94,18,0.1914893617,0.4,0.2222222222,0.07894736842,0.2127659574,255001,
oof_p6_clean,origin_airport,42,AGS,91,2,18,3,114,21,0.1842105263,0.6,0.1428571429,0.02150537634,0.1754385965,255001,
oof_p6_clean,origin_airport,42,AKN,1,0,0,0,1,0,0,,,0,0,255001,
oof_p6_clean,origin_airport,42,ALB,383,68,71,36,558,107,0.1917562724,0.3461538462,0.3364485981,0.1507760532,0.2491039427,255001,
oof_p6_clean,origin_airport,42,ALO,19,1,4,0,24,4,0.1666666667,0,0,0.05,0.2083333333,255001,
oof_p6_clean,origin_airport,42,ALW,19,1,4,1,25,5,0.2,0.5,0.2,0.05,0.2,255001,
oof_p6_clean,origin_airport,42,AMA,170,13,21,1,205,22,0.1073170732,0.07142857143,0.04545454545,0.07103825137,0.1658536585,255001,
oof_p6_clean,origin_airport,42,ANC,593,8,74,0,675,74,0.1096296296,0,0,0.01331114809,0.1214814815,255001,
oof_p6_clean,origin_airport,42,APN,15,1,2,0,18,2,0.1111111111,0,0,0.0625,0.1666666667,255001,
oof_p6_clean,origin_airport,42,ART,18,1,5,1,25,6,0.24,0.5,0.1666666667,0.05263157895,0.24,255001,
oof_p6_clean,origin_airport,42,ASE,142,25,34,10,211,44,0.2085308057,0.2857142857,0.2272727273,0.1497005988,0.2796208531,255001,
oof_p6_clean,origin_airport,42,ATL,8690,880,1345,394,11309,1739,0.1537713326,0.3092621664,0.2265669925,0.09195402299,0.1967459545,255001,
oof_p6_clean,origin_airport,42,ATW,153,9,33,1,196,34,0.1734693878,0.1,0.02941176471,0.05555555556,0.2142857143,255001,
oof_p6_clean,origin_airport,42,ATY,7,0,2,1,10,3,0.3,1,0.3333333333,0,0.2,255001,
oof_p6_clean,origin_airport,42,AUS,1597,319,238,127,2281,365,0.1600175362,0.2847533632,0.3479452055,0.1664926931,0.2441911442,255001,
oof_p6_clean,origin_airport,42,AVL,192,30,30,17,269,47,0.1747211896,0.3617021277,0.3617021277,0.1351351351,0.2230483271,255001,
oof_p6_clean,origin_airport,42,AVP,137,9,24,4,174,28,0.1609195402,0.3076923077,0.1428571429,0.06164383562,0.1896551724,255001,
oof_p6_clean,origin_airport,42,AZA,147,16,21,9,193,30,0.1554404145,0.36,0.3,0.0981595092,0.1917098446,255001,
oof_p6_clean,origin_airport,42,AZO,96,4,17,0,117,17,0.1452991453,0,0,0.04,0.1794871795,255001,
oof_p6_clean,origin_airport,42,BDL,735,80,88,36,939,124,0.1320553781,0.3103448276,0.2903225806,0.0981595092,0.178913738,255001,
oof_p6_clean,origin_airport,42,BET,17,0,3,0,20,3,0.15,,0,0,0.15,255001,
oof_p6_clean,origin_airport,42,BFF,20,0,1,0,21,1,0.04761904762,,0,0,0.04761904762,255001,
oof_p6_clean,origin_airport,42,BFL,91,4,6,1,102,7,0.06862745098,0.2,0.1428571429,0.04210526316,0.09803921569,255001,
oof_p6_clean,origin_airport,42,BFM,2,0,0,0,2,0,0,,,0,0,255001,
oof_p6_clean,origin_airport,42,BGM,29,0,1,0,30,1,0.03333333333,,0,0,0.03333333333,255001,
oof_p6_clean,origin_airport,42,BGR,111,26,24,7,168,31,0.1845238095,0.2121212121,0.2258064516,0.1897810219,0.2976190476,255001,
oof_p6_clean,origin_airport,42,BHM,468,73,80,24,645,104,0.1612403101,0.2474226804,0.2307692308,0.134935305,0.2372093023,255001,
oof_p6_clean,origin_airport,42,BIL,129,9,25,1,164,26,0.1585365854,0.1,0.03846153846,0.0652173913,0.2073170732,255001,
oof_p6_clean,origin_airport,42,BIS,123,12,22,4,161,26,0.1614906832,0.25,0.1538461538,0.08888888889,0.2111801242,255001,
oof_p6_clean,origin_airport,42,BJI,22,0,1,0,23,1,0.04347826087,,0,0,0.04347826087,255001,
oof_p6_clean,origin_airport,42,BKG,4,3,0,1,8,1,0.125,0.25,1,0.4285714286,0.375,255001,
oof_p6_clean,origin_airport,42,BLI,127,7,12,1,147,13,0.08843537415,0.125,0.07692307692,0.05223880597,0.1292517007,255001,
oof_p6_clean,origin_airport,42,BLV,24,4,4,5,37,9,0.2432432432,0.5555555556,0.5555555556,0.1428571429,0.2162162162,255001,
oof_p6_clean,origin_airport,42,BMI,72,6,5,2,85,7,0.08235294118,0.25,0.2857142857,0.07692307692,0.1294117647,255001,
oof_p6_clean,origin_airport,42,BNA,1618,520,267,245,2650,512,0.1932075472,0.3202614379,0.478515625,0.2432179607,0.2969811321,255001,
oof_p6_clean,origin_airport,42,BOI,703,42,84,14,843,98,0.1162514828,0.25,0.1428571429,0.05637583893,0.1494661922,255001,
oof_p6_clean,origin_airport,42,BOS,2740,1240,486,544,5010,1030,0.2055888224,0.3049327354,0.5281553398,0.3115577889,0.344510978,255001,
oof_p6_clean,origin_airport,42,BPT,15,0,5,0,20,5,0.25,,0,0,0.25,255001,
oof_p6_clean,origin_airport,42,BQK,28,0,3,0,31,3,0.09677419355,,0,0,0.09677419355,255001,
oof_p6_clean,origin_airport,42,BQN,47,11,11,5,74,16,0.2162162162,0.3125,0.3125,0.1896551724,0.2972972973,255001,
oof_p6_clean,origin_airport,42,BRD,10,0,4,0,14,4,0.2857142857,,0,0,0.2857142857,255001,
oof_p6_clean,origin_airport,42,BRO,74,2,4,0,80,4,0.05,0,0,0.02631578947,0.075,255001,
oof_p6_clean,origin_airport,42,BRW,17,0,1,0,18,1,0.05555555556,,0,0,0.05555555556,255001,
oof_p6_clean,origin_airport,42,BTM,15,0,0,0,15,0,0,,,0,0,255001,
oof_p6_clean,origin_airport,42,BTR,159,29,38,8,234,46,0.1965811966,0.2162162162,0.1739130435,0.1542553191,0.2863247863,255001,
oof_p6_clean,origin_airport,42,BTV,220,50,38,30,338,68,0.201183432,0.375,0.4411764706,0.1851851852,0.2603550296,255001,
oof_p6_clean,origin_airport,42,BUF,633,153,88,77,951,165,0.1735015773,0.3347826087,0.4666666667,0.1946564885,0.2534174553,255001,
oof_p6_clean,origin_airport,42,BUR,773,139,123,43,1078,166,0.1539888683,0.2362637363,0.2590361446,0.1524122807,0.2430426716,255001,
oof_p6_clean,origin_airport,42,BWI,2195,931,378,398,3902,776,0.1988723731,0.2994732882,0.5128865979,0.2978246961,0.3354689903,255001,
oof_p6_clean,origin_airport,42,BZN,228,16,23,10,277,33,0.119133574,0.3846153846,0.303030303,0.06557377049,0.1407942238,255001,
oof_p6_clean,origin_airport,42,CAE,198,41,44,10,293,54,0.1843003413,0.1960784314,0.1851851852,0.1715481172,0.2901023891,255001,
oof_p6_clean,origin_airport,42,CAK,156,15,37,9,217,46,0.2119815668,0.375,0.1956521739,0.08771929825,0.2396313364,255001,
oof_p6_clean,origin_airport,42,CDC,18,0,3,0,21,3,0.1428571429,,0,0,0.1428571429,255001,
oof_p6_clean,origin_airport,42,CDV,23,0,2,0,25,2,0.08,,0,0,0.08,255001,
oof_p6_clean,origin_airport,42,CGI,20,2,4,0,26,4,0.1538461538,0,0,0.09090909091,0.2307692308,255001,
oof_p6_clean,origin_airport,42,CHA,210,31,36,13,290,49,0.1689655172,0.2954545455,0.2653061224,0.1286307054,0.2310344828,255001,
oof_p6_clean,origin_airport,42,CHO,188,19,35,6,248,41,0.1653225806,0.24,0.1463414634,0.09178743961,0.2177419355,255001,
oof_p6_clean,origin_airport,42,CHS,635,91,76,43,845,119,0.1408284024,0.3208955224,0.3613445378,0.1253443526,0.1976331361,255001,
oof_p6_clean,origin_airport,42,CID,215,38,48,12,313,60,0.1916932907,0.24,0.2,0.1501976285,0.2747603834,255001,
oof_p6_clean,origin_airport,42,CIU,22,0,3,0,25,3,0.12,,0,0,0.12,255001,
oof_p6_clean,origin_airport,42,CKB,33,1,3,0,37,3,0.08108108108,0,0,0.02941176471,0.1081081081,255001,
oof_p6_clean,origin_airport,42,CLE,1294,203,192,86,1775,278,0.1566197183,0.2975778547,0.309352518,0.1356045424,0.2225352113,255001,
oof_p6_clean,origin_airport,42,CLL,48,6,9,0,63,9,0.1428571429,0,0,0.1111111111,0.2380952381,255001,
oof_p6_clean,origin_airport,42,CLT,4777,682,871,251,6581,1122,0.1704908069,0.2690246517,0.2237076649,0.1249313061,0.2359823735,255001,
oof_p6_clean,origin_airport,42,CMH,1090,192,166,83,1531,249,0.1626387982,0.3018181818,0.3333333333,0.1497659906,0.2338340954,255001,
oof_p6_clean,origin_airport,42,CMI,57,8,13,4,82,17,0.2073170732,0.3333333333,0.2352941176,0.1230769231,0.256097561,255001,
oof_p6_clean,origin_airport,42,CMX,14,5,7,0,26,7,0.2692307692,0,0,0.2631578947,0.4615384615,255001,
oof_p6_clean,origin_airport,42,CNY,12,0,2,0,14,2,0.1428571429,,0,0,0.1428571429,255001,
oof_p6_clean,origin_airport,42,COD,29,1,7,1,38,8,0.2105263158,0.5,0.125,0.03333333333,0.2105263158,255001,
oof_p6_clean,origin_airport,42,COS,300,38,64,7,409,71,0.173594132,0.1555555556,0.0985915493,0.1124260355,0.2493887531,255001,
oof_p6_clean,origin_airport,42,COU,65,11,13,2,91,15,0.1648351648,0.1538461538,0.1333333333,0.1447368421,0.2637362637,255001,
oof_p6_clean,origin_airport,42,CPR,48,7,9,3,67,12,0.1791044776,0.3,0.25,0.1272727273,0.2388059701,255001,
oof_p6_clean,origin_airport,42,CRP,175,14,24,8,221,32,0.1447963801,0.3636363636,0.25,0.07407407407,0.1719457014,255001,
oof_p6_clean,origin_airport,42,CRW,99,20,26,9,154,35,0.2272727273,0.3103448276,0.2571428571,0.1680672269,0.2987012987,255001,
oof_p6_clean,origin_airport,42,CSG,19,0,4,0,23,4,0.1739130435,,0,0,0.1739130435,255001,
oof_p6_clean,origin_airport,42,CVG,1159,156,209,50,1574,259,0.1645489199,0.2427184466,0.1930501931,0.1186311787,0.2318932656,255001,
oof_p6_clean,origin_airport,42,CWA,64,3,7,2,76,9,0.1184210526,0.4,0.2222222222,0.0447761194,0.1315789474,255001,
oof_p6_clean,origin_airport,42,CYS,10,0,1,0,11,1,0.09090909091,,0,0,0.09090909091,255001,
oof_p6_clean,origin_airport,42,DAB,87,0,6,0,93,6,0.06451612903,,0,0,0.06451612903,255001,
oof_p6_clean,origin_airport,42,DAL,1416,739,252,364,2771,616,0.2223024179,0.3300090662,0.5909090909,0.3429234339,0.3576326236,255001,
oof_p6_clean,origin_airport,42,DAY,348,74,66,31,519,97,0.1868978805,0.2952380952,0.3195876289,0.1753554502,0.2697495183,255001,
oof_p6_clean,origin_airport,42,DBQ,18,5,4,2,29,6,0.2068965517,0.2857142857,0.3333333333,0.2173913043,0.3103448276,255001,
oof_p6_clean,origin_airport,42,DCA,2742,668,486,266,4162,752,0.1806823642,0.2847965739,0.3537234043,0.1958944282,0.277270543,255001,
oof_p6_clean,origin_airport,42,DEN,6016,1989,1225,801,10031,2026,0.201973881,0.2870967742,0.3953603159,0.2484697064,0.3204067391,255001,
oof_p6_clean,origin_airport,42,DFW,4587,1526,999,589,7701,1588,0.2062069861,0.2784869976,0.370906801,0.2496319319,0.3278794962,255001,
oof_p6_clean,origin_airport,42,DHN,39,0,4,0,43,4,0.09302325581,,0,0,0.09302325581,255001,
oof_p6_clean,origin_airport,42,DIK,15,4,3,1,23,4,0.1739130435,0.2,0.25,0.2105263158,0.3043478261,255001,
oof_p6_clean,origin_airport,42,DLG,2,0,1,0,3,1,0.3333333333,,0,0,0.3333333333,255001,
oof_p6_clean,origin_airport,42,DLH,87,7,15,2,111,17,0.1531531532,0.2222222222,0.1176470588,0.07446808511,0.1981981982,255001,
oof_p6_clean,origin_airport,42,DRO,69,25,11,13,118,24,0.2033898305,0.3421052632,0.5416666667,0.2659574468,0.3050847458,255001,
oof_p6_clean,origin_airport,42,DRT,15,1,2,0,18,2,0.1111111111,0,0,0.0625,0.1666666667,255001,
oof_p6_clean,origin_airport,42,DSM,436,34,72,10,552,82,0.1485507246,0.2272727273,0.1219512195,0.07234042553,0.1920289855,255001,
oof_p6_clean,origin_airport,42,DTW,3927,342,639,134,5042,773,0.1533121777,0.281512605,0.1733505821,0.08011243851,0.1945656486,255001,
oof_p6_clean,origin_airport,42,DUT,14,0,3,0,17,3,0.1764705882,,0,0,0.1764705882,255001,
oof_p6_clean,origin_airport,42,DVL,18,0,3,0,21,3,0.1428571429,,0,0,0.1428571429,255001,
oof_p6_clean,origin_airport,42,EAR,13,0,0,0,13,0,0,,,0,0,255001,
oof_p6_clean,origin_airport,42,EAT,20,5,10,0,35,10,0.2857142857,0,0,0.2,0.4285714286,255001,
oof_p6_clean,origin_airport,42,EAU,33,3,2,0,38,2,0.05263157895,0,0,0.08333333333,0.1315789474,255001,
oof_p6_clean,origin_airport,42,ECP,155,16,19,5,195,24,0.1230769231,0.2380952381,0.2083333333,0.09356725146,0.1794871795,255001,
oof_p6_clean,origin_airport,42,EGE,44,3,11,0,58,11,0.1896551724,0,0,0.06382978723,0.2413793103,255001,
oof_p6_clean,origin_airport,42,EKO,23,0,2,0,25,2,0.08,,0,0,0.08,255001,
oof_p6_clean,origin_airport,42,ELM,73,3,10,5,91,15,0.1648351648,0.625,0.3333333333,0.03947368421,0.1428571429,255001,
oof_p6_clean,origin_airport,42,ELP,447,87,75,30,639,105,0.1643192488,0.2564102564,0.2857142857,0.1629213483,0.2535211268,255001,
oof_p6_clean,origin_airport,42,ERI,57,2,10,0,69,10,0.1449275362,0,0,0.03389830508,0.1739130435,255001,
oof_p6_clean,origin_airport,42,ESC,10,0,4,0,14,4,0.2857142857,,0,0,0.2857142857,255001,
oof_p6_clean,origin_airport,42,EUG,237,13,37,7,294,44,0.1496598639,0.35,0.1590909091,0.052,0.1700680272,255001,
oof_p6_clean,origin_airport,42,EVV,136,7,22,1,166,23,0.1385542169,0.125,0.04347826087,0.04895104895,0.1746987952,255001,
oof_p6_clean,origin_airport,42,EWN,49,4,10,0,63,10,0.1587301587,0,0,0.07547169811,0.2222222222,255001,
oof_p6_clean,origin_airport,42,EWR,2542,1656,480,906,5584,1386,0.2482091691,0.3536299766,0.6536796537,0.3944735588,0.38252149,255001,
oof_p6_clean,origin_airport,42,EYW,101,14,14,6,135,20,0.1481481481,0.3,0.3,0.1217391304,0.2074074074,255001,
oof_p6_clean,origin_airport,42,FAI,156,3,11,0,170,11,0.06470588235,0,0,0.01886792453,0.08235294118,255001,
oof_p6_clean,origin_airport,42,FAR,195,15,33,4,247,37,0.1497975709,0.2105263158,0.1081081081,0.07142857143,0.1943319838,255001,
oof_p6_clean,origin_airport,42,FAT,299,23,50,7,379,57,0.1503957784,0.2333333333,0.1228070175,0.07142857143,0.1926121372,255001,
oof_p6_clean,origin_airport,42,FAY,80,16,20,4,120,24,0.2,0.2,0.1666666667,0.1666666667,0.3,255001,
oof_p6_clean,origin_airport,42,FCA,110,10,20,4,144,24,0.1666666667,0.2857142857,0.1666666667,0.08333333333,0.2083333333,255001,
oof_p6_clean,origin_airport,42,FLG,36,1,9,0,46,9,0.1956521739,0,0,0.02702702703,0.2173913043,255001,
oof_p6_clean,origin_airport,42,FLL,1990,802,319,382,3493,701,0.2006870885,0.3226351351,0.544935806,0.2872492837,0.3209275694,255001,
oof_p6_clean,origin_airport,42,FLO,25,1,5,0,31,5,0.1612903226,0,0,0.03846153846,0.1935483871,255001,
oof_p6_clean,origin_airport,42,FNT,112,7,15,3,137,18,0.1313868613,0.3,0.1666666667,0.05882352941,0.1605839416,255001,
oof_p6_clean,origin_airport,42,FSD,174,26,35,7,242,42,0.173553719,0.2121212121,0.1666666667,0.13,0.2520661157,255001,
oof_p6_clean,origin_airport,42,FSM,57,1,10,1,69,11,0.1594202899,0.5,0.09090909091,0.01724137931,0.1594202899,255001,
oof_p6_clean,origin_airport,42,FWA,168,10,22,4,204,26,0.1274509804,0.2857142857,0.1538461538,0.05617977528,0.1568627451,255001,
oof_p6_clean,origin_airport,42,GCC,23,1,2,0,26,2,0.07692307692,0,0,0.04166666667,0.1153846154,255001,
oof_p6_clean,origin_airport,42,GCK,18,0,2,0,20,2,0.1,,0,0,0.1,255001,
oof_p6_clean,origin_airport,42,GEG,613,38,87,17,755,104,0.1377483444,0.3090909091,0.1634615385,0.05837173579,0.1655629139,255001,
oof_p6_clean,origin_airport,42,GFK,47,1,7,0,55,7,0.1272727273,0,0,0.02083333333,0.1454545455,255001,
oof_p6_clean,origin_airport,42,GGG,10,3,3,0,16,3,0.1875,0,0,0.2307692308,0.375,255001,
oof_p6_clean,origin_airport,42,GJT,120,7,17,1,145,18,0.124137931,0.125,0.05555555556,0.05511811024,0.1655172414,255001,
oof_p6_clean,origin_airport,42,GNV,119,3,11,3,136,14,0.1029411765,0.5,0.2142857143,0.02459016393,0.1029411765,255001,
oof_p6_clean,origin_airport,42,GPT,111,5,14,1,131,15,0.1145038168,0.1666666667,0.06666666667,0.04310344828,0.1450381679,255001,
oof_p6_clean,origin_airport,42,GRB,143,18,28,5,194,33,0.1701030928,0.2173913043,0.1515151515,0.1118012422,0.2371134021,255001,
oof_p6_clean,origin_airport,42,GRI,20,1,3,0,24,3,0.125,0,0,0.04761904762,0.1666666667,255001,
oof_p6_clean,origin_airport,42,GRK,70,2,15,0,87,15,0.1724137931,0,0,0.02777777778,0.1954022989,255001,
oof_p6_clean,origin_airport,42,GRR,461,77,86,30,654,116,0.1773700306,0.2803738318,0.2586206897,0.1431226766,0.249235474,255001,
oof_p6_clean,origin_airport,42,GSO,364,61,59,28,512,87,0.169921875,0.3146067416,0.3218390805,0.1435294118,0.234375,255001,
oof_p6_clean,origin_airport,42,GSP,374,65,68,29,536,97,0.1809701493,0.3085106383,0.2989690722,0.1480637813,0.2481343284,255001,
oof_p6_clean,origin_airport,42,GST,2,0,1,0,3,1,0.3333333333,,0,0,0.3333333333,255001,
oof_p6_clean,origin_airport,42,GTF,70,11,12,3,96,15,0.15625,0.2142857143,0.2,0.1358024691,0.2395833333,255001,
oof_p6_clean,origin_airport,42,GTR,25,0,2,0,27,2,0.07407407407,,0,0,0.07407407407,255001,
oof_p6_clean,origin_airport,42,GUC,22,2,3,0,27,3,0.1111111111,0,0,0.08333333333,0.1851851852,255001,
oof_p6_clean,origin_airport,42,GUM,29,0,4,0,33,4,0.1212121212,,0,0,0.1212121212,255001,
oof_p6_clean,origin_airport,42,HDN,43,5,11,1,60,12,0.2,0.1666666667,0.08333333333,0.1041666667,0.2666666667,255001,
oof_p6_clean,origin_airport,42,HGR,0,1,1,0,2,1,0.5,0,0,1,1,255001,
oof_p6_clean,origin_airport,42,HHH,30,1,9,0,40,9,0.225,0,0,0.03225806452,0.25,255001,
oof_p6_clean,origin_airport,42,HIB,9,0,1,0,10,1,0.1,,0,0,0.1,255001,
oof_p6_clean,origin_airport,42,HLN,69,4,11,1,85,12,0.1411764706,0.2,0.08333333333,0.05479452055,0.1764705882,255001,
oof_p6_clean,origin_airport,42,HNL,1885,11,159,2,2057,161,0.07826932426,0.1538461538,0.01242236025,0.005801687764,0.0826446281,255001,
oof_p6_clean,origin_airport,42,HOB,23,0,3,0,26,3,0.1153846154,,0,0,0.1153846154,255001,
oof_p6_clean,origin_airport,42,HOU,995,617,187,302,2101,489,0.2327463113,0.3286180631,0.6175869121,0.3827543424,0.3826749167,255001,
oof_p6_clean,origin_airport,42,HPN,232,63,47,36,378,83,0.2195767196,0.3636363636,0.4337349398,0.213559322,0.291005291,255001,
oof_p6_clean,origin_airport,42,HRL,117,17,20,2,156,22,0.141025641,0.1052631579,0.09090909091,0.1268656716,0.2371794872,255001,
oof_p6_clean,origin_airport,42,HSV,209,48,40,20,317,60,0.1892744479,0.2941176471,0.3333333333,0.186770428,0.2776025237,255001,
oof_p6_clean,origin_airport,42,HTS,31,7,5,1,44,6,0.1363636364,0.125,0.1666666667,0.1842105263,0.2727272727,255001,
oof_p6_clean,origin_airport,42,HVN,22,2,3,0,27,3,0.1111111111,0,0,0.08333333333,0.1851851852,255001,
oof_p6_clean,origin_airport,42,HYA,1,3,0,0,4,0,0,0,,0.75,0.75,255001,
oof_p6_clean,origin_airport,42,HYS,38,0,5,0,43,5,0.1162790698,,0,0,0.1162790698,255001,
oof_p6_clean,origin_airport,42,IAD,2500,329,419,125,3373,544,0.161280759,0.2753303965,0.2297794118,0.1162955108,0.2217610436,255001,
oof_p6_clean,origin_airport,42,IAG,27,5,3,2,37,5,0.1351351351,0.2857142857,0.4,0.15625,0.2162162162,255001,
oof_p6_clean,origin_airport,42,IAH,4903,524,882,190,6499,1072,0.1649484536,0.2661064426,0.177238806,0.09655426571,0.2163409755,255001,
oof_p6_clean,origin_airport,42,ICT,259,36,54,14,363,68,0.1873278237,0.28,0.2058823529,0.1220338983,0.2479338843,255001,
oof_p6_clean,origin_airport,42,IDA,70,7,8,1,86,9,0.1046511628,0.125,0.1111111111,0.09090909091,0.1744186047,255001,
oof_p6_clean,origin_airport,42,ILM,193,21,32,6,252,38,0.1507936508,0.2222222222,0.1578947368,0.09813084112,0.2103174603,255001,
oof_p6_clean,origin_airport,42,IMT,19,0,3,0,22,3,0.1363636364,,0,0,0.1363636364,255001,
oof_p6_clean,origin_airport,42,IND,1210,244,189,94,1737,283,0.1629245826,0.2781065089,0.332155477,0.1678129298,0.2492803685,255001,
oof_p6_clean,origin_airport,42,INL,12,0,4,0,16,4,0.25,,0,0,0.25,255001,
oof_p6_clean,origin_airport,42,IPT,16,1,3,0,20,3,0.15,0,0,0.05882352941,0.2,255001,
oof_p6_clean,origin_airport,42,ISN,41,9,5,1,56,6,0.1071428571,0.1,0.1666666667,0.18,0.25,255001,
oof_p6_clean,origin_airport,42,ISP,140,42,29,16,227,45,0.1982378855,0.275862069,0.3555555556,0.2307692308,0.3127753304,255001,
oof_p6_clean,origin_airport,42,ITH,74,7,13,3,97,16,0.1649484536,0.3,0.1875,0.08641975309,0.206185567,255001,
oof_p6_clean,origin_airport,42,ITO,249,0,10,0,259,10,0.03861003861,,0,0,0.03861003861,255001,
oof_p6_clean,origin_airport,42,JAC,128,9,26,2,165,28,0.1696969697,0.1818181818,0.07142857143,0.06569343066,0.2121212121,255001,
oof_p6_clean,origin_airport,42,JAN,205,15,32,2,254,34,0.1338582677,0.1176470588,0.05882352941,0.06818181818,0.1850393701,255001,
oof_p6_clean,origin_airport,42,JAX,796,115,116,50,1077,166,0.1541318477,0.303030303,0.3012048193,0.1262349067,0.2144846797,255001,
oof_p6_clean,origin_airport,42,JFK,2360,849,465,362,4036,827,0.2049058474,0.298926507,0.4377267231,0.2645684014,0.3255698712,255001,
oof_p6_clean,origin_airport,42,JHM,34,4,8,0,46,8,0.1739130435,0,0,0.1052631579,0.2608695652,255001,
oof_p6_clean,origin_airport,42,JLN,12,2,6,0,20,6,0.3,0,0,0.1428571429,0.4,255001,
oof_p6_clean,origin_airport,42,JMS,28,1,5,1,35,6,0.1714285714,0.5,0.1666666667,0.03448275862,0.1714285714,255001,
oof_p6_clean,origin_airport,42,JNU,120,1,21,0,142,21,0.1478873239,0,0,0.00826446281,0.1549295775,255001,
oof_p6_clean,origin_airport,42,KOA,511,5,49,1,566,50,0.08833922261,0.1666666667,0.02,0.009689922481,0.09540636042,255001,
oof_p6_clean,origin_airport,42,KTN,81,0,11,0,92,11,0.1195652174,,0,0,0.1195652174,255001,
oof_p6_clean,origin_airport,42,LAN,100,15,24,2,141,26,0.1843971631,0.1176470588,0.07692307692,0.1304347826,0.2765957447,255001,
oof_p6_clean,origin_airport,42,LAR,15,0,3,0,18,3,0.1666666667,,0,0,0.1666666667,255001,
oof_p6_clean,origin_airport,42,LAS,3798,1049,678,406,5931,1084,0.1827685045,0.2790378007,0.3745387454,0.2164225294,0.2911819255,255001,
oof_p6_clean,origin_airport,42,LAW,26,3,6,2,37,8,0.2162162162,0.4,0.25,0.1034482759,0.2432432432,255001,
oof_p6_clean,origin_airport,42,LAX,5624,1005,1077,341,8047,1418,0.1762147384,0.2533432392,0.2404795487,0.1516065772,0.2587299615,255001,
oof_p6_clean,origin_airport,42,LBB,209,14,36,0,259,36,0.138996139,0,0,0.06278026906,0.1930501931,255001,
oof_p6_clean,origin_airport,42,LBE,42,0,6,0,48,6,0.125,,0,0,0.125,255001,
oof_p6_clean,origin_airport,42,LBF,17,1,0,0,18,0,0,0,,0.05555555556,0.05555555556,255001,
oof_p6_clean,origin_airport,42,LBL,20,0,1,0,21,1,0.04761904762,,0,0,0.04761904762,255001,
oof_p6_clean,origin_airport,42,LCH,49,2,5,2,58,7,0.1206896552,0.5,0.2857142857,0.03921568627,0.1206896552,255001,
oof_p6_clean,origin_airport,42,LCK,23,6,4,2,35,6,0.1714285714,0.25,0.3333333333,0.2068965517,0.2857142857,255001,
oof_p6_clean,origin_airport,42,LEX,303,24,49,14,390,63,0.1615384615,0.3684210526,0.2222222222,0.07339449541,0.1871794872,255001,
oof_p6_clean,origin_airport,42,LFT,118,6,18,1,143,19,0.1328671329,0.1428571429,0.05263157895,0.04838709677,0.1678321678,255001,
oof_p6_clean,origin_airport,42,LGA,2563,1208,513,547,4831,1060,0.2194162699,0.3116809117,0.5160377358,0.3203394325,0.3562409439,255001,
oof_p6_clean,origin_airport,42,LGB,454,65,70,19,608,89,0.1463815789,0.2261904762,0.2134831461,0.1252408478,0.2220394737,255001,
oof_p6_clean,origin_airport,42,LIH,470,0,39,0,509,39,0.07662082515,,0,0,0.07662082515,255001,
oof_p6_clean,origin_airport,42,LIT,405,27,61,8,501,69,0.1377245509,0.2285714286,0.115942029,0.0625,0.1756487026,255001,
oof_p6_clean,origin_airport,42,LNK,105,3,17,0,125,17,0.136,0,0,0.02777777778,0.16,255001,
oof_p6_clean,origin_airport,42,LNY,60,3,7,2,72,9,0.125,0.4,0.2222222222,0.04761904762,0.1388888889,255001,
oof_p6_clean,origin_airport,42,LRD,52,7,8,3,70,11,0.1571428571,0.3,0.2727272727,0.1186440678,0.2142857143,255001,
oof_p6_clean,origin_airport,42,LSE,38,2,4,1,45,5,0.1111111111,0.3333333333,0.2,0.05,0.1333333333,255001,
oof_p6_clean,origin_airport,42,LWB,15,1,2,0,18,2,0.1111111111,0,0,0.0625,0.1666666667,255001,
oof_p6_clean,origin_airport,42,LWS,32,0,2,0,34,2,0.05882352941,,0,0,0.05882352941,255001,
oof_p6_clean,origin_airport,42,LYH,43,1,7,0,51,7,0.137254902,0,0,0.02272727273,0.1568627451,255001,
oof_p6_clean,origin_airport,42,MAF,264,27,46,7,344,53,0.1540697674,0.2058823529,0.1320754717,0.09278350515,0.2122093023,255001,
oof_p6_clean,origin_airport,42,MBS,73,4,10,4,91,14,0.1538461538,0.5,0.2857142857,0.05194805195,0.1538461538,255001,
oof_p6_clean,origin_airport,42,MCI,1485,240,212,75,2012,287,0.1426441352,0.2380952381,0.2613240418,0.1391304348,0.2246520875,255001,
oof_p6_clean,origin_airport,42,MCO,2933,1065,480,466,4944,946,0.1913430421,0.3043762247,0.4926004228,0.2663831916,0.3125,255001,
oof_p6_clean,origin_airport,42,MDT,239,48,49,12,348,61,0.1752873563,0.2,0.1967213115,0.1672473868,0.2787356322,255001,
oof_p6_clean,origin_airport,42,MDW,1327,1011,274,522,3134,796,0.2539885131,0.3405088063,0.6557788945,0.4324208725,0.4100191449,255001,
oof_p6_clean,origin_airport,42,MEI,21,0,8,1,30,9,0.3,1,0.1111111111,0,0.2666666667,255001,
oof_p6_clean,origin_airport,42,MEM,565,99,73,56,793,129,0.1626733922,0.3612903226,0.4341085271,0.1490963855,0.2168978562,255001,
oof_p6_clean,origin_airport,42,MFE,145,1,19,0,165,19,0.1151515152,0,0,0.006849315068,0.1212121212,255001,
oof_p6_clean,origin_airport,42,MFR,212,18,36,8,274,44,0.1605839416,0.3076923077,0.1818181818,0.07826086957,0.197080292,255001,
oof_p6_clean,origin_airport,42,MGM,72,20,24,4,120,28,0.2333333333,0.1666666667,0.1428571429,0.2173913043,0.3666666667,255001,
oof_p6_clean,origin_airport,42,MHK,36,4,3,3,46,6,0.1304347826,0.4285714286,0.5,0.1,0.152173913,255001,
oof_p6_clean,origin_airport,42,MHT,283,15,42,3,343,45,0.1311953353,0.1666666667,0.06666666667,0.05033557047,0.166180758,255001,
oof_p6_clean,origin_airport,42,MIA,1545,354,265,173,2337,438,0.1874197689,0.3282732448,0.3949771689,0.1864139021,0.2648694908,255001,
oof_p6_clean,origin_airport,42,MKE,862,135,132,49,1178,181,0.1536502547,0.2663043478,0.270718232,0.1354062187,0.226655348,255001,
oof_p6_clean,origin_airport,42,MKG,12,0,4,0,16,4,0.25,,0,0,0.25,255001,
oof_p6_clean,origin_airport,42,MKK,37,10,10,2,59,12,0.2033898305,0.1666666667,0.1666666667,0.2127659574,0.3389830508,255001,
oof_p6_clean,origin_airport,42,MLB,66,0,6,1,73,7,0.09589041096,1,0.1428571429,0,0.08219178082,255001,
oof_p6_clean,origin_airport,42,MLI,145,16,27,4,192,31,0.1614583333,0.2,0.1290322581,0.09937888199,0.2239583333,255001,
oof_p6_clean,origin_airport,42,MLU,73,0,9,0,82,9,0.1097560976,,0,0,0.1097560976,255001,
oof_p6_clean,origin_airport,42,MMH,8,0,7,0,15,7,0.4666666667,,0,0,0.4666666667,255001,
oof_p6_clean,origin_airport,42,MOB,130,16,32,3,181,35,0.1933701657,0.1578947368,0.08571428571,0.1095890411,0.2651933702,255001,
oof_p6_clean,origin_airport,42,MOT,68,8,12,2,90,14,0.1555555556,0.2,0.1428571429,0.1052631579,0.2222222222,255001,
oof_p6_clean,origin_airport,42,MQT,40,2,7,1,50,8,0.16,0.3333333333,0.125,0.04761904762,0.18,255001,
oof_p6_clean,origin_airport,42,MRY,123,8,24,1,156,25,0.1602564103,0.1111111111,0.04,0.06106870229,0.2051282051,255001,
oof_p6_clean,origin_airport,42,MSN,369,26,50,9,454,59,0.1299559471,0.2571428571,0.1525423729,0.06582278481,0.1674008811,255001,
oof_p6_clean,origin_airport,42,MSO,135,20,20,13,188,33,0.1755319149,0.3939393939,0.3939393939,0.1290322581,0.2127659574,255001,
oof_p6_clean,origin_airport,42,MSP,3725,259,573,99,4656,672,0.1443298969,0.2765363128,0.1473214286,0.06501004016,0.1786941581,255001,
oof_p6_clean,origin_airport,42,MSY,1164,404,211,148,1927,359,0.1862999481,0.268115942,0.4122562674,0.2576530612,0.3191489362,255001,
oof_p6_clean,origin_airport,42,MTJ,65,9,11,1,86,12,0.1395348837,0.1,0.08333333333,0.1216216216,0.2325581395,255001,
oof_p6_clean,origin_airport,42,MVY,6,3,3,1,13,4,0.3076923077,0.25,0.25,0.3333333333,0.4615384615,255001,
oof_p6_clean,origin_airport,42,MYR,314,33,49,19,415,68,0.1638554217,0.3653846154,0.2794117647,0.09510086455,0.1975903614,255001,
oof_p6_clean,origin_airport,42,OAJ,76,1,11,0,88,11,0.125,0,0,0.01298701299,0.1363636364,255001,
oof_p6_clean,origin_airport,42,OAK,1213,425,232,167,2037,399,0.1958762887,0.2820945946,0.4185463659,0.2594627595,0.322533137,255001,
oof_p6_clean,origin_airport,42,OGD,2,0,3,0,5,3,0.6,,0,0,0.6,255001,
oof_p6_clean,origin_airport,42,OGG,835,15,105,2,957,107,0.1118077325,0.1176470588,0.01869158879,0.01764705882,0.1253918495,255001,
oof_p6_clean,origin_airport,42,OGS,5,0,5,0,10,5,0.5,,0,0,0.5,255001,
oof_p6_clean,origin_airport,42,OKC,647,86,95,40,868,135,0.1555299539,0.3174603175,0.2962962963,0.1173260573,0.2085253456,255001,
oof_p6_clean,origin_airport,42,OMA,647,87,106,32,872,138,0.1582568807,0.268907563,0.231884058,0.1185286104,0.2213302752,255001,
oof_p6_clean,origin_airport,42,OME,22,1,1,0,24,1,0.04166666667,0,0,0.04347826087,0.08333333333,255001,
oof_p6_clean,origin_airport,42,ONT,616,85,82,30,813,112,0.1377613776,0.2608695652,0.2678571429,0.1212553495,0.2054120541,255001,
oof_p6_clean,origin_airport,42,ORD,6843,2845,1565,1102,12355,2667,0.2158640227,0.2791993919,0.4131983502,0.2936622626,0.3569405099,255001,
oof_p6_clean,origin_airport,42,ORF,561,83,81,55,780,136,0.1743589744,0.3985507246,0.4044117647,0.1288819876,0.2102564103,255001,
oof_p6_clean,origin_airport,42,ORH,30,15,5,7,57,12,0.2105263158,0.3181818182,0.5833333333,0.3333333333,0.350877193,255001,
oof_p6_clean,origin_airport,42,OTH,1,3,4,2,10,6,0.6,0.4,0.3333333333,0.75,0.7,255001,
oof_p6_clean,origin_airport,42,OTZ,18,0,1,0,19,1,0.05263157895,,0,0,0.05263157895,255001,
oof_p6_clean,origin_airport,42,OWB,1,3,0,0,4,0,0,0,,0.75,0.75,255001,
oof_p6_clean,origin_airport,42,PAE,86,7,16,2,111,18,0.1621621622,0.2222222222,0.1111111111,0.0752688172,0.2072072072,255001,
oof_p6_clean,origin_airport,42,PAH,32,5,7,4,48,11,0.2291666667,0.4444444444,0.3636363636,0.1351351351,0.25,255001,
oof_p6_clean,origin_airport,42,PBG,30,3,9,3,45,12,0.2666666667,0.5,0.25,0.09090909091,0.2666666667,255001,
oof_p6_clean,origin_airport,42,PBI,490,187,75,101,853,176,0.2063305979,0.3506944444,0.5738636364,0.2762186115,0.3071512309,255001,
oof_p6_clean,origin_airport,42,PDX,2444,116,331,36,2927,367,0.1253843526,0.2368421053,0.09809264305,0.0453125,0.1527160916,255001,
oof_p6_clean,origin_airport,42,PGD,174,23,30,7,234,37,0.1581196581,0.2333333333,0.1891891892,0.116751269,0.2264957265,255001,
oof_p6_clean,origin_airport,42,PGV,27,1,5,0,33,5,0.1515151515,0,0,0.03571428571,0.1818181818,255001,
oof_p6_clean,origin_airport,42,PHF,65,10,14,5,94,19,0.2021276596,0.3333333333,0.2631578947,0.1333333333,0.2553191489,255001,
oof_p6_clean,origin_airport,42,PHL,2853,570,516,225,4164,741,0.1779538905,0.2830188679,0.3036437247,0.166520596,0.2608069164,255001,
oof_p6_clean,origin_airport,42,PHX,3622,910,688,336,5556,1024,0.1843052556,0.2696629213,0.328125,0.2007943513,0.2876169906,255001,
oof_p6_clean,origin_airport,42,PIA,122,15,23,5,165,28,0.1696969697,0.25,0.1785714286,0.1094890511,0.2303030303,255001,
oof_p6_clean,origin_airport,42,PIB,17,0,4,0,21,4,0.1904761905,,0,0,0.1904761905,255001,
oof_p6_clean,origin_airport,42,PIE,229,39,43,13,324,56,0.1728395062,0.25,0.2321428571,0.1455223881,0.2530864198,255001,
oof_p6_clean,origin_airport,42,PIH,33,0,0,0,33,0,0,,,0,0,255001,
oof_p6_clean,origin_airport,42,PIR,7,0,2,0,9,2,0.2222222222,,0,0,0.2222222222,255001,
oof_p6_clean,origin_airport,42,PIT,1205,182,157,84,1628,241,0.148034398,0.3157894737,0.3485477178,0.1312184571,0.2082309582,255001,
oof_p6_clean,origin_airport,42,PLN,25,0,4,0,29,4,0.1379310345,,0,0,0.1379310345,255001,
oof_p6_clean,origin_airport,42,PNS,285,21,53,8,367,61,0.1662125341,0.275862069,0.131147541,0.06862745098,0.2016348774,255001,
oof_p6_clean,origin_airport,42,PPG,1,0,1,0,2,1,0.5,,0,0,0.5,255001,
oof_p6_clean,origin_airport,42,PQI,9,1,1,1,12,2,0.1666666667,0.5,0.5,0.1,0.1666666667,255001,
oof_p6_clean,origin_airport,42,PRC,10,0,2,0,12,2,0.1666666667,,0,0,0.1666666667,255001,
oof_p6_clean,origin_airport,42,PSC,176,12,28,3,219,31,0.1415525114,0.2,0.09677419355,0.06382978723,0.1826484018,255001,
oof_p6_clean,origin_airport,42,PSE,23,3,11,2,39,13,0.3333333333,0.4,0.1538461538,0.1153846154,0.358974359,255001,
oof_p6_clean,origin_airport,42,PSG,18,0,2,0,20,2,0.1,,0,0,0.1,255001,
oof_p6_clean,origin_airport,42,PSM,4,3,0,1,8,1,0.125,0.25,1,0.4285714286,0.375,255001,
oof_p6_clean,origin_airport,42,PSP,248,57,40,20,365,60,0.1643835616,0.2597402597,0.3333333333,0.1868852459,0.2657534247,255001,
oof_p6_clean,origin_airport,42,PUB,29,1,5,0,35,5,0.1428571429,0,0,0.03333333333,0.1714285714,255001,
oof_p6_clean,origin_airport,42,PUW,28,0,8,0,36,8,0.2222222222,,0,0,0.2222222222,255001,
oof_p6_clean,origin_airport,42,PVD,459,100,54,60,673,114,0.1693907875,0.375,0.5263157895,0.1788908766,0.2288261516,255001,
oof_p6_clean,origin_airport,42,PVU,17,5,3,1,26,4,0.1538461538,0.1666666667,0.25,0.2272727273,0.3076923077,255001,
oof_p6_clean,origin_airport,42,PWM,322,49,49,26,446,75,0.168161435,0.3466666667,0.3466666667,0.1320754717,0.2197309417,255001,
oof_p6_clean,origin_airport,42,RAP,120,27,27,7,181,34,0.1878453039,0.2058823529,0.2058823529,0.1836734694,0.2983425414,255001,
oof_p6_clean,origin_airport,42,RDD,27,14,7,5,53,12,0.2264150943,0.2631578947,0.4166666667,0.3414634146,0.3962264151,255001,
oof_p6_clean,origin_airport,42,RDM,195,21,31,9,256,40,0.15625,0.3,0.225,0.09722222222,0.203125,255001,
oof_p6_clean,origin_airport,42,RDU,1349,394,230,166,2139,396,0.1851332398,0.2964285714,0.4191919192,0.2260470453,0.2917251052,255001,
oof_p6_clean,origin_airport,42,RFD,19,5,3,0,27,3,0.1111111111,0,0,0.2083333333,0.2962962963,255001,
oof_p6_clean,origin_airport,42,RHI,18,0,2,0,20,2,0.1,,0,0,0.1,255001,
oof_p6_clean,origin_airport,42,RIC,509,166,90,85,850,175,0.2058823529,0.3386454183,0.4857142857,0.2459259259,0.3011764706,255001,
oof_p6_clean,origin_airport,42,RKS,27,0,3,0,30,3,0.1,,0,0,0.1,255001,
oof_p6_clean,origin_airport,42,RNO,622,64,96,15,797,111,0.139272271,0.1898734177,0.1351351351,0.09329446064,0.2007528231,255001,
oof_p6_clean,origin_airport,42,ROA,146,9,26,6,187,32,0.1711229947,0.4,0.1875,0.05806451613,0.1871657754,255001,
oof_p6_clean,origin_airport,42,ROC,436,60,48,26,570,74,0.1298245614,0.3023255814,0.3513513514,0.1209677419,0.1894736842,255001,
oof_p6_clean,origin_airport,42,ROP,4,0,0,0,4,0,0,,,0,0,255001,
oof_p6_clean,origin_airport,42,ROW,44,1,4,0,49,4,0.08163265306,0,0,0.02222222222,0.1020408163,255001,
oof_p6_clean,origin_airport,42,RST,88,4,20,2,114,22,0.1929824561,0.3333333333,0.09090909091,0.04347826087,0.2105263158,255001,
oof_p6_clean,origin_airport,42,RSW,787,146,106,69,1108,175,0.1579422383,0.3209302326,0.3942857143,0.1564844587,0.2274368231,255001,
oof_p6_clean,origin_airport,42,SAF,47,6,12,1,66,13,0.196969697,0.1428571429,0.07692307692,0.1132075472,0.2727272727,255001,
oof_p6_clean,origin_airport,42,SAN,2467,350,376,132,3325,508,0.1527819549,0.2738589212,0.2598425197,0.1242456514,0.2183458647,255001,
oof_p6_clean,origin_airport,42,SAT,1176,153,147,61,1537,208,0.1353285621,0.285046729,0.2932692308,0.1151241535,0.1951854262,255001,
oof_p6_clean,origin_airport,42,SAV,415,68,75,27,585,102,0.1743589744,0.2842105263,0.2647058824,0.1407867495,0.2444444444,255001,
oof_p6_clean,origin_airport,42,SBA,182,24,31,6,243,37,0.1522633745,0.2,0.1621621622,0.1165048544,0.2263374486,255001,
oof_p6_clean,origin_airport,42,SBN,169,17,27,8,221,35,0.1583710407,0.32,0.2285714286,0.09139784946,0.1990950226,255001,
oof_p6_clean,origin_airport,42,SBP,125,15,30,5,175,35,0.2,0.25,0.1428571429,0.1071428571,0.2571428571,255001,
oof_p6_clean,origin_airport,42,SBY,28,3,3,1,35,4,0.1142857143,0.25,0.25,0.09677419355,0.1714285714,255001,
oof_p6_clean,origin_airport,42,SCC,30,0,5,0,35,5,0.1428571429,,0,0,0.1428571429,255001,
oof_p6_clean,origin_airport,42,SCE,127,8,18,0,153,18,0.1176470588,0,0,0.05925925926,0.1699346405,255001,
oof_p6_clean,origin_airport,42,SCK,16,7,8,5,36,13,0.3611111111,0.4166666667,0.3846153846,0.3043478261,0.4166666667,255001,
oof_p6_clean,origin_airport,42,SDF,640,86,105,35,866,140,0.1616628176,0.2892561983,0.25,0.1184573003,0.2205542725,255001,
oof_p6_clean,origin_airport,42,SEA,4796,378,897,115,6186,1012,0.163595215,0.2332657201,0.1136363636,0.07305759567,0.2061105723,255001,
oof_p6_clean,origin_airport,42,SFB,276,55,53,11,395,64,0.1620253165,0.1666666667,0.171875,0.166163142,0.2734177215,255001,
oof_p6_clean,origin_airport,42,SFO,3872,1017,877,394,6160,1271,0.2063311688,0.2792345854,0.3099921322,0.2080179996,0.3074675325,255001,
oof_p6_clean,origin_airport,42,SGF,267,14,59,4,344,63,0.1831395349,0.2222222222,0.06349206349,0.04982206406,0.2122093023,255001,
oof_p6_clean,origin_airport,42,SGU,74,2,7,0,83,7,0.0843373494,0,0,0.02631578947,0.1084337349,255001,
oof_p6_clean,origin_airport,42,SHD,23,0,5,0,28,5,0.1785714286,,0,0,0.1785714286,255001,
oof_p6_clean,origin_airport,42,SHV,154,15,33,7,209,40,0.1913875598,0.3181818182,0.175,0.08875739645,0.2296650718,255001,
oof_p6_clean,origin_airport,42,SIT,39,0,3,0,42,3,0.07142857143,,0,0,0.07142857143,255001,
oof_p6_clean,origin_airport,42,SJC,1777,234,270,88,2369,358,0.1511186154,0.2732919255,0.2458100559,0.1163600199,0.2127479949,255001,
oof_p6_clean,origin_airport,42,SJT,46,0,1,0,47,1,0.02127659574,,0,0,0.02127659574,255001,
oof_p6_clean,origin_airport,42,SJU,555,176,98,84,913,182,0.1993428258,0.3230769231,0.4615384615,0.2407660739,0.300109529,255001,
oof_p6_clean,origin_airport,42,SLC,2767,226,389,91,3473,480,0.1382090412,0.2870662461,0.1895833333,0.07550952222,0.177080334,255001,
oof_p6_clean,origin_airport,42,SLN,24,6,11,1,42,12,0.2857142857,0.1428571429,0.08333333333,0.2,0.4047619048,255001,
oof_p6_clean,origin_airport,42,SMF,1582,119,213,30,1944,243,0.125,0.2013422819,0.1234567901,0.06995884774,0.170781893,255001,
oof_p6_clean,origin_airport,42,SMX,7,0,0,0,7,0,0,,,0,0,255001,
oof_p6_clean,origin_airport,42,SNA,1232,105,169,40,1546,209,0.1351875809,0.275862069,0.1913875598,0.07853403141,0.1772315653,255001,
oof_p6_clean,origin_airport,42,SPI,39,4,11,2,56,13,0.2321428571,0.3333333333,0.1538461538,0.09302325581,0.2678571429,255001,
oof_p6_clean,origin_airport,42,SPN,29,0,2,0,31,2,0.06451612903,,0,0,0.06451612903,255001,
oof_p6_clean,origin_airport,42,SPS,22,3,4,0,29,4,0.1379310345,0,0,0.12,0.2413793103,255001,
oof_p6_clean,origin_airport,42,SRQ,165,22,17,10,214,27,0.1261682243,0.3125,0.3703703704,0.1176470588,0.1822429907,255001,
oof_p6_clean,origin_airport,42,STC,0,3,0,0,3,0,0,0,,1,1,255001,
oof_p6_clean,origin_airport,42,STL,1432,534,262,237,2465,499,0.2024340771,0.3073929961,0.4749498998,0.2716174975,0.3229208925,255001,
oof_p6_clean,origin_airport,42,STS,115,11,22,3,151,25,0.1655629139,0.2142857143,0.12,0.0873015873,0.2185430464,255001,
oof_p6_clean,origin_airport,42,STT,73,12,7,2,94,9,0.09574468085,0.1428571429,0.2222222222,0.1411764706,0.2021276596,255001,
oof_p6_clean,origin_airport,42,STX,25,4,1,0,30,1,0.03333333333,0,0,0.1379310345,0.1666666667,255001,
oof_p6_clean,origin_airport,42,SUN,43,2,13,1,59,14,0.2372881356,0.3333333333,0.07142857143,0.04444444444,0.2542372881,255001,
oof_p6_clean,origin_airport,42,SUX,32,1,4,2,39,6,0.1538461538,0.6666666667,0.3333333333,0.0303030303,0.1282051282,255001,
oof_p6_clean,origin_airport,42,SWF,49,22,13,11,95,24,0.2526315789,0.3333333333,0.4583333333,0.3098591549,0.3684210526,255001,
oof_p6_clean,origin_airport,42,SWO,19,2,1,1,23,2,0.08695652174,0.3333333333,0.5,0.09523809524,0.1304347826,255001,
oof_p6_clean,origin_airport,42,SYR,358,68,57,39,522,96,0.183908046,0.3644859813,0.40625,0.1596244131,0.2394636015,255001,
oof_p6_clean,origin_airport,42,TLH,134,5,25,1,165,26,0.1575757576,0.1666666667,0.03846153846,0.03597122302,0.1818181818,255001,
oof_p6_clean,origin_airport,42,TOL,49,4,7,2,62,9,0.1451612903,0.3333333333,0.2222222222,0.07547169811,0.1774193548,255001,
oof_p6_clean,origin_airport,42,TPA,1777,384,263,175,2599,438,0.1685263563,0.313059034,0.399543379,0.1776955113,0.2489419007,255001,
oof_p6_clean,origin_airport,42,TRI,81,1,10,1,93,11,0.1182795699,0.5,0.09090909091,0.01219512195,0.1182795699,255001,
oof_p6_clean,origin_airport,42,TTN,47,19,9,23,98,32,0.3265306122,0.5476190476,0.71875,0.2878787879,0.2857142857,255001,
oof_p6_clean,origin_airport,42,TUL,477,44,79,13,613,92,0.1500815661,0.2280701754,0.1413043478,0.08445297505,0.2006525285,255001,
oof_p6_clean,origin_airport,42,TUS,505,32,66,8,611,74,0.1211129296,0.2,0.1081081081,0.05959031657,0.1603927987,255001,
oof_p6_clean,origin_airport,42,TVC,91,22,25,9,147,34,0.231292517,0.2903225806,0.2647058824,0.1946902655,0.3197278912,255001,
oof_p6_clean,origin_airport,42,TWF,34,0,2,1,37,3,0.08108108108,1,0.3333333333,0,0.05405405405,255001,
oof_p6_clean,origin_airport,42,TXK,13,3,2,3,21,5,0.2380952381,0.5,0.6,0.1875,0.2380952381,255001,
oof_p6_clean,origin_airport,42,TYR,42,3,4,0,49,4,0.08163265306,0,0,0.06666666667,0.1428571429,255001,
oof_p6_clean,origin_airport,42,TYS,386,70,69,34,559,103,0.1842576029,0.3269230769,0.3300970874,0.1535087719,0.2486583184,255001,
oof_p6_clean,origin_airport,42,UIN,24,0,4,2,30,6,0.2,1,0.3333333333,0,0.1333333333,255001,
oof_p6_clean,origin_airport,42,USA,23,13,5,4,45,9,0.2,0.2352941176,0.4444444444,0.3611111111,0.4,255001,
oof_p6_clean,origin_airport,42,VEL,14,0,3,0,17,3,0.1764705882,,0,0,0.1764705882,255001,
oof_p6_clean,origin_airport,42,VLD,20,0,2,0,22,2,0.09090909091,,0,0,0.09090909091,255001,
oof_p6_clean,origin_airport,42,VPS,175,24,32,8,239,40,0.1673640167,0.25,0.2,0.1206030151,0.2343096234,255001,
oof_p6_clean,origin_airport,42,WRG,22,0,2,0,24,2,0.08333333333,,0,0,0.08333333333,255001,
oof_p6_clean,origin_airport,42,WYS,6,0,0,0,6,0,0,,,0,0,255001,
oof_p6_clean,origin_airport,42,XNA,350,34,47,16,447,63,0.1409395973,0.32,0.253968254,0.08854166667,0.1812080537,255001,
oof_p6_clean,origin_airport,42,XWA,4,0,3,0,7,3,0.4285714286,,0,0,0.4285714286,255001,
oof_p6_clean,origin_airport,42,YAK,28,0,3,0,31,3,0.09677419355,,0,0,0.09677419355,255001,
oof_p6_clean,origin_airport,42,YKM,36,0,8,0,44,8,0.1818181818,,0,0,0.1818181818,255001,
oof_p6_clean,origin_airport,42,YUM,41,0,4,0,45,4,0.08888888889,,0,0,0.08888888889,255001,
oof_p6_clean,route,1,(기타: 라벨 100행 미만 노선),111410,21847,18932,8837,161026,27769,0.1724504117,0.2880002607,0.3182325615,0.1639463593,0.2532448176,255001,
oof_p6_clean,route,1,ABQ-DEN,93,8,12,3,116,15,0.1293103448,0.2727272727,0.2,0.07920792079,0.1724137931,255001,
oof_p6_clean,route,1,ABQ-PHX,71,25,11,15,122,26,0.2131147541,0.375,0.5769230769,0.2604166667,0.2950819672,255001,
oof_p6_clean,route,1,ANC-SEA,196,1,26,0,223,26,0.1165919283,0,0,0.005076142132,0.1210762332,255001,
oof_p6_clean,route,1,ATL-AUS,81,11,14,8,114,22,0.1929824561,0.4210526316,0.3636363636,0.1195652174,0.2192982456,255001,
oof_p6_clean,route,1,ATL-BNA,115,5,14,2,136,16,0.1176470588,0.2857142857,0.125,0.04166666667,0.1397058824,255001,
oof_p6_clean,route,1,ATL-BOS,124,48,23,12,207,35,0.1690821256,0.2,0.3428571429,0.2790697674,0.3429951691,255001,
oof_p6_clean,route,1,ATL-BWI,154,7,28,5,194,33,0.1701030928,0.4166666667,0.1515151515,0.04347826087,0.1804123711,255001,
oof_p6_clean,route,1,ATL-CLE,93,7,15,0,115,15,0.1304347826,0,0,0.07,0.1913043478,255001,
oof_p6_clean,route,1,ATL-CLT,127,7,16,4,154,20,0.1298701299,0.3636363636,0.2,0.05223880597,0.1493506494,255001,
oof_p6_clean,route,1,ATL-CMH,68,15,10,8,101,18,0.1782178218,0.347826087,0.4444444444,0.1807228916,0.2475247525,255001,
oof_p6_clean,route,1,ATL-DCA,167,12,21,13,213,34,0.1596244131,0.52,0.3823529412,0.06703910615,0.1549295775,255001,
oof_p6_clean,route,1,ATL-DEN,146,17,22,16,201,38,0.1890547264,0.4848484848,0.4210526316,0.1042944785,0.1940298507,255001,
oof_p6_clean,route,1,ATL-DFW,114,22,24,6,166,30,0.1807228916,0.2142857143,0.2,0.1617647059,0.2771084337,255001,
oof_p6_clean,route,1,ATL-DTW,115,16,22,6,159,28,0.1761006289,0.2727272727,0.2142857143,0.1221374046,0.2389937107,255001,
oof_p6_clean,route,1,ATL-EWR,67,73,12,51,203,63,0.3103448276,0.4112903226,0.8095238095,0.5214285714,0.4187192118,255001,
oof_p6_clean,route,1,ATL-FLL,224,30,31,6,291,37,0.1271477663,0.1666666667,0.1621621622,0.1181102362,0.2096219931,255001,
oof_p6_clean,route,1,ATL-GSP,67,22,10,9,108,19,0.1759259259,0.2903225806,0.4736842105,0.2471910112,0.2962962963,255001,
oof_p6_clean,route,1,ATL-HOU,77,27,17,14,135,31,0.2296296296,0.3414634146,0.4516129032,0.2596153846,0.3259259259,255001,
oof_p6_clean,route,1,ATL-IAD,92,20,19,9,140,28,0.2,0.3103448276,0.3214285714,0.1785714286,0.2785714286,255001,
oof_p6_clean,route,1,ATL-IAH,139,2,28,4,173,32,0.1849710983,0.6666666667,0.125,0.01418439716,0.1734104046,255001,
oof_p6_clean,route,1,ATL-IND,114,7,17,2,140,19,0.1357142857,0.2222222222,0.1052631579,0.05785123967,0.1714285714,255001,
oof_p6_clean,route,1,ATL-JAX,123,4,12,3,142,15,0.1056338028,0.4285714286,0.2,0.03149606299,0.1126760563,255001,
oof_p6_clean,route,1,ATL-LAS,115,13,19,2,149,21,0.1409395973,0.1333333333,0.09523809524,0.1015625,0.2147651007,255001,
oof_p6_clean,route,1,ATL-LAX,101,52,25,24,202,49,0.2425742574,0.3157894737,0.4897959184,0.339869281,0.3811881188,255001,
oof_p6_clean,route,1,ATL-LGA,117,80,31,27,255,58,0.2274509804,0.2523364486,0.4655172414,0.4060913706,0.4352941176,255001,
oof_p6_clean,route,1,ATL-MCI,94,16,16,6,132,22,0.1666666667,0.2727272727,0.2727272727,0.1454545455,0.2424242424,255001,
oof_p6_clean,route,1,ATL-MCO,176,70,38,23,307,61,0.1986970684,0.247311828,0.3770491803,0.2845528455,0.3517915309,255001,
oof_p6_clean,route,1,ATL-MEM,95,2,11,0,108,11,0.1018518519,0,0,0.0206185567,0.1203703704,255001,
oof_p6_clean,route,1,ATL-MIA,160,4,17,0,181,17,0.09392265193,0,0,0.0243902439,0.1160220994,255001,
oof_p6_clean,route,1,ATL-MSP,108,22,26,5,161,31,0.1925465839,0.1851851852,0.1612903226,0.1692307692,0.298136646,255001,
oof_p6_clean,route,1,ATL-MSY,124,15,17,8,164,25,0.1524390244,0.347826087,0.32,0.1079136691,0.1951219512,255001,
oof_p6_clean,route,1,ATL-ORD,168,31,42,4,245,46,0.187755102,0.1142857143,0.08695652174,0.1557788945,0.2979591837,255001,
oof_p6_clean,route,1,ATL-PBI,57,29,9,16,111,25,0.2252252252,0.3555555556,0.64,0.3372093023,0.3423423423,255001,
oof_p6_clean,route,1,ATL-PHL,186,12,20,6,224,26,0.1160714286,0.3333333333,0.2307692308,0.06060606061,0.1428571429,255001,
oof_p6_clean,route,1,ATL-RDU,124,23,21,9,177,30,0.1694915254,0.28125,0.3,0.156462585,0.2485875706,255001,
oof_p6_clean,route,1,ATL-RIC,102,5,11,4,122,15,0.1229508197,0.4444444444,0.2666666667,0.04672897196,0.131147541,255001,
oof_p6_clean,route,1,ATL-RSW,80,13,16,2,111,18,0.1621621622,0.1333333333,0.1111111111,0.1397849462,0.2612612613,255001,
oof_p6_clean,route,1,ATL-SAT,74,10,14,9,107,23,0.214953271,0.4736842105,0.3913043478,0.119047619,0.2242990654,255001,
oof_p6_clean,route,1,ATL-STL,110,4,14,4,132,18,0.1363636364,0.5,0.2222222222,0.0350877193,0.1363636364,255001,
oof_p6_clean,route,1,ATL-TPA,179,16,23,10,228,33,0.1447368421,0.3846153846,0.303030303,0.08205128205,0.1710526316,255001,
oof_p6_clean,route,1,AUS-ATL,108,5,17,2,132,19,0.1439393939,0.2857142857,0.1052631579,0.04424778761,0.1666666667,255001,
oof_p6_clean,route,1,AUS-DAL,106,5,10,0,121,10,0.0826446281,0,0,0.04504504505,0.1239669421,255001,
oof_p6_clean,route,1,AUS-DEN,91,43,14,22,170,36,0.2117647059,0.3384615385,0.6111111111,0.3208955224,0.3352941176,255001,
oof_p6_clean,route,1,AUS-IAH,104,1,15,1,121,16,0.132231405,0.5,0.0625,0.009523809524,0.132231405,255001,
oof_p6_clean,route,1,AUS-LAX,90,11,12,5,118,17,0.1440677966,0.3125,0.2941176471,0.1089108911,0.1949152542,255001,
oof_p6_clean,route,1,AUS-PHX,82,17,8,4,111,12,0.1081081081,0.1904761905,0.3333333333,0.1717171717,0.2252252252,255001,
oof_p6_clean,route,1,AUS-SFO,69,14,13,9,105,22,0.2095238095,0.3913043478,0.4090909091,0.1686746988,0.2571428571,255001,
oof_p6_clean,route,1,BNA-ATL,114,8,17,4,143,21,0.1468531469,0.3333333333,0.1904761905,0.06557377049,0.1748251748,255001,
oof_p6_clean,route,1,BNA-DEN,92,22,14,9,137,23,0.1678832117,0.2903225806,0.3913043478,0.1929824561,0.2627737226,255001,
oof_p6_clean,route,1,BNA-LGA,53,35,17,18,123,35,0.2845528455,0.3396226415,0.5142857143,0.3977272727,0.4227642276,255001,
oof_p6_clean,route,1,BNA-ORD,103,26,26,15,170,41,0.2411764706,0.3658536585,0.3658536585,0.2015503876,0.3058823529,255001,
oof_p6_clean,route,1,BOI-SEA,147,1,18,0,166,18,0.1084337349,0,0,0.006756756757,0.1144578313,255001,
oof_p6_clean,route,1,BOS-ATL,125,46,25,9,205,34,0.1658536585,0.1636363636,0.2647058824,0.269005848,0.3463414634,255001,
oof_p6_clean,route,1,BOS-BWI,117,51,18,29,215,47,0.2186046512,0.3625,0.6170212766,0.3035714286,0.3209302326,255001,
oof_p6_clean,route,1,BOS-CLT,71,16,12,6,105,18,0.1714285714,0.2727272727,0.3333333333,0.183908046,0.2666666667,255001,
oof_p6_clean,route,1,BOS-DCA,136,44,18,27,225,45,0.2,0.3802816901,0.6,0.2444444444,0.2755555556,255001,
oof_p6_clean,route,1,BOS-DEN,71,27,10,7,115,17,0.147826087,0.2058823529,0.4117647059,0.2755102041,0.3217391304,255001,
oof_p6_clean,route,1,BOS-DFW,62,20,9,10,101,19,0.1881188119,0.3333333333,0.5263157895,0.243902439,0.2871287129,255001,
oof_p6_clean,route,1,BOS-DTW,67,34,11,14,126,25,0.1984126984,0.2916666667,0.56,0.3366336634,0.3571428571,255001,
oof_p6_clean,route,1,BOS-EWR,97,52,17,39,205,56,0.2731707317,0.4285714286,0.6964285714,0.3489932886,0.3365853659,255001,
oof_p6_clean,route,1,BOS-FLL,58,30,13,11,112,24,0.2142857143,0.2682926829,0.4583333333,0.3409090909,0.3839285714,255001,
oof_p6_clean,route,1,BOS-JFK,99,36,17,12,164,29,0.1768292683,0.25,0.4137931034,0.2666666667,0.3231707317,255001,
oof_p6_clean,route,1,BOS-LAX,93,43,15,15,166,30,0.1807228916,0.2586206897,0.5,0.3161764706,0.3493975904,255001,
oof_p6_clean,route,1,BOS-LGA,131,71,23,37,262,60,0.2290076336,0.3425925926,0.6166666667,0.3514851485,0.358778626,255001,
oof_p6_clean,route,1,BOS-MCO,91,41,17,14,163,31,0.1901840491,0.2545454545,0.4516129032,0.3106060606,0.3558282209,255001,
oof_p6_clean,route,1,BOS-ORD,156,62,24,37,279,61,0.2186379928,0.3737373737,0.606557377,0.2844036697,0.3082437276,255001,
oof_p6_clean,route,1,BOS-PBI,48,28,12,14,102,26,0.2549019608,0.3333333333,0.5384615385,0.3684210526,0.3921568627,255001,
oof_p6_clean,route,1,BOS-PHL,106,54,14,23,197,37,0.1878172589,0.2987012987,0.6216216216,0.3375,0.345177665,255001,
oof_p6_clean,route,1,BOS-PIT,63,33,11,10,117,21,0.1794871795,0.2325581395,0.4761904762,0.34375,0.3760683761,255001,
oof_p6_clean,route,1,BOS-RDU,76,32,13,14,135,27,0.2,0.3043478261,0.5185185185,0.2962962963,0.3333333333,255001,
oof_p6_clean,route,1,BOS-SFO,77,81,17,38,213,55,0.2582159624,0.3193277311,0.6909090909,0.5126582278,0.4600938967,255001,
oof_p6_clean,route,1,BUF-JFK,80,26,13,14,133,27,0.2030075188,0.35,0.5185185185,0.2452830189,0.2932330827,255001,
oof_p6_clean,route,1,BUR-LAS,92,23,12,10,137,22,0.1605839416,0.303030303,0.4545454545,0.2,0.2554744526,255001,
oof_p6_clean,route,1,BUR-OAK,97,26,9,13,145,22,0.1517241379,0.3333333333,0.5909090909,0.2113821138,0.2413793103,255001,
oof_p6_clean,route,1,BUR-PHX,79,23,10,6,118,16,0.1355932203,0.2068965517,0.375,0.2254901961,0.2796610169,255001,
oof_p6_clean,route,1,BUR-SFO,51,36,18,13,118,31,0.2627118644,0.2653061224,0.4193548387,0.4137931034,0.4576271186,255001,
oof_p6_clean,route,1,BUR-SJC,129,14,15,5,163,20,0.1226993865,0.2631578947,0.25,0.0979020979,0.1779141104,255001,
oof_p6_clean,route,1,BUR-SMF,94,14,14,0,122,14,0.1147540984,0,0,0.1296296296,0.2295081967,255001,
oof_p6_clean,route,1,BWI-ATL,151,24,17,11,203,28,0.1379310345,0.3142857143,0.3928571429,0.1371428571,0.2019704433,255001,
oof_p6_clean,route,1,BWI-BOS,110,69,17,31,227,48,0.2114537445,0.31,0.6458333333,0.3854748603,0.3788546256,255001,
oof_p6_clean,route,1,BWI-CLT,93,10,13,9,125,22,0.176,0.4736842105,0.4090909091,0.09708737864,0.184,255001,
oof_p6_clean,route,1,BWI-DEN,36,35,5,24,100,29,0.29,0.406779661,0.8275862069,0.4929577465,0.4,255001,
oof_p6_clean,route,1,BWI-FLL,84,56,13,22,175,35,0.2,0.2820512821,0.6285714286,0.4,0.3942857143,255001,
oof_p6_clean,route,1,BWI-MCO,64,53,12,33,162,45,0.2777777778,0.3837209302,0.7333333333,0.452991453,0.4012345679,255001,
oof_p6_clean,route,1,BWI-ORD,65,28,19,8,120,27,0.225,0.2222222222,0.2962962963,0.3010752688,0.3916666667,255001,
oof_p6_clean,route,1,BWI-RDU,53,35,10,14,112,24,0.2142857143,0.2857142857,0.5833333333,0.3977272727,0.4017857143,255001,
oof_p6_clean,route,1,BWI-TPA,87,19,16,4,126,20,0.1587301587,0.1739130435,0.2,0.179245283,0.2777777778,255001,
oof_p6_clean,route,1,CHS-ATL,112,0,9,0,121,9,0.07438016529,,0,0,0.07438016529,255001,
oof_p6_clean,route,1,CID-ORD,78,22,19,4,123,23,0.1869918699,0.1538461538,0.1739130435,0.22,0.3333333333,255001,
oof_p6_clean,route,1,CLE-ATL,97,5,11,0,113,11,0.09734513274,0,0,0.04901960784,0.1415929204,255001,
oof_p6_clean,route,1,CLE-LGA,106,14,18,4,142,22,0.1549295775,0.2222222222,0.1818181818,0.1166666667,0.2253521127,255001,
oof_p6_clean,route,1,CLE-ORD,127,18,22,8,175,30,0.1714285714,0.3076923077,0.2666666667,0.124137931,0.2285714286,255001,
oof_p6_clean,route,1,CLT-ATL,137,13,25,3,178,28,0.1573033708,0.1875,0.1071428571,0.08666666667,0.2134831461,255001,
oof_p6_clean,route,1,CLT-BOS,51,28,15,9,103,24,0.2330097087,0.2432432432,0.375,0.3544303797,0.4174757282,255001,
oof_p6_clean,route,1,CLT-BWI,75,11,11,6,103,17,0.1650485437,0.3529411765,0.3529411765,0.1279069767,0.213592233,255001,
oof_p6_clean,route,1,CLT-DTW,95,2,10,0,107,10,0.09345794393,0,0,0.0206185567,0.1121495327,255001,
oof_p6_clean,route,1,CLT-EWR,67,40,10,14,131,24,0.1832061069,0.2592592593,0.5833333333,0.3738317757,0.3816793893,255001,
oof_p6_clean,route,1,CLT-IAD,111,0,12,0,123,12,0.09756097561,,0,0,0.09756097561,255001,
oof_p6_clean,route,1,CLT-IAH,80,8,21,4,113,25,0.2212389381,0.3333333333,0.16,0.09090909091,0.2566371681,255001,
oof_p6_clean,route,1,CLT-JFK,83,19,19,5,126,24,0.1904761905,0.2083333333,0.2083333333,0.1862745098,0.3015873016,255001,
oof_p6_clean,route,1,CLT-LGA,107,31,20,10,168,30,0.1785714286,0.243902439,0.3333333333,0.2246376812,0.3035714286,255001,
oof_p6_clean,route,1,CLT-ORD,86,31,24,7,148,31,0.2094594595,0.1842105263,0.2258064516,0.264957265,0.3716216216,255001,
oof_p6_clean,route,1,CMH-ATL,100,6,14,1,121,15,0.1239669421,0.1428571429,0.06666666667,0.05660377358,0.1652892562,255001,
oof_p6_clean,route,1,CMH-LGA,47,30,11,18,106,29,0.2735849057,0.375,0.6206896552,0.3896103896,0.3867924528,255001,
oof_p6_clean,route,1,CMH-ORD,120,20,23,8,171,31,0.1812865497,0.2857142857,0.2580645161,0.1428571429,0.2514619883,255001,
oof_p6_clean,route,1,COS-DEN,93,13,23,2,131,25,0.1908396947,0.1333333333,0.08,0.1226415094,0.2748091603,255001,
oof_p6_clean,route,1,CVG-ORD,132,26,37,5,200,42,0.21,0.1612903226,0.119047619,0.164556962,0.315,255001,
oof_p6_clean,route,1,DAL-ATL,63,33,12,18,126,30,0.2380952381,0.3529411765,0.6,0.34375,0.3571428571,255001,
oof_p6_clean,route,1,DAL-AUS,75,31,10,8,124,18,0.1451612903,0.2051282051,0.4444444444,0.2924528302,0.3306451613,255001,
oof_p6_clean,route,1,DAL-HOU,102,84,14,50,250,64,0.256,0.3731343284,0.78125,0.4516129032,0.392,255001,
oof_p6_clean,route,1,DAL-MSY,56,32,7,16,111,23,0.2072072072,0.3333333333,0.6956521739,0.3636363636,0.3513513514,255001,
oof_p6_clean,route,1,DAL-SAT,56,54,12,28,150,40,0.2666666667,0.3414634146,0.7,0.4909090909,0.44,255001,
oof_p6_clean,route,1,DAY-ORD,81,24,20,8,133,28,0.2105263158,0.25,0.2857142857,0.2285714286,0.3308270677,255001,
oof_p6_clean,route,1,DCA-ATL,156,10,21,5,192,26,0.1354166667,0.3333333333,0.1923076923,0.06024096386,0.1614583333,255001,
oof_p6_clean,route,1,DCA-BOS,113,103,16,44,276,60,0.2173913043,0.2993197279,0.7333333333,0.4768518519,0.4311594203,255001,
oof_p6_clean,route,1,DCA-IAH,84,5,18,1,108,19,0.1759259259,0.1666666667,0.05263157895,0.05617977528,0.212962963,255001,
oof_p6_clean,route,1,DCA-LGA,65,70,20,22,177,42,0.2372881356,0.2391304348,0.5238095238,0.5185185185,0.5084745763,255001,
oof_p6_clean,route,1,DCA-MCO,93,15,13,3,124,16,0.1290322581,0.1666666667,0.1875,0.1388888889,0.2258064516,255001,
oof_p6_clean,route,1,DCA-ORD,194,23,36,3,256,39,0.15234375,0.1153846154,0.07692307692,0.1059907834,0.23046875,255001,
oof_p6_clean,route,1,DEN-ATL,131,19,21,4,175,25,0.1428571429,0.1739130435,0.16,0.1266666667,0.2285714286,255001,
oof_p6_clean,route,1,DEN-AUS,116,14,19,6,155,25,0.1612903226,0.3,0.24,0.1076923077,0.2129032258,255001,
oof_p6_clean,route,1,DEN-BNA,89,25,11,9,134,20,0.1492537313,0.2647058824,0.45,0.2192982456,0.2686567164,255001,
oof_p6_clean,route,1,DEN-BOS,39,53,11,31,134,42,0.3134328358,0.369047619,0.7380952381,0.5760869565,0.4776119403,255001,
oof_p6_clean,route,1,DEN-COS,72,31,20,9,132,29,0.2196969697,0.225,0.3103448276,0.3009708738,0.3863636364,255001,
oof_p6_clean,route,1,DEN-DFW,93,43,24,17,177,41,0.2316384181,0.2833333333,0.4146341463,0.3161764706,0.3785310734,255001,
oof_p6_clean,route,1,DEN-DTW,73,14,14,6,107,20,0.1869158879,0.3,0.3,0.1609195402,0.261682243,255001,
oof_p6_clean,route,1,DEN-EWR,38,57,6,38,139,44,0.3165467626,0.4,0.8636363636,0.6,0.4532374101,255001,
oof_p6_clean,route,1,DEN-IAD,58,40,12,21,131,33,0.2519083969,0.3442622951,0.6363636364,0.4081632653,0.3969465649,255001,
oof_p6_clean,route,1,DEN-IAH,150,7,27,0,184,27,0.1467391304,0,0,0.04458598726,0.1847826087,255001,
oof_p6_clean,route,1,DEN-LAS,160,65,28,28,281,56,0.1992882562,0.3010752688,0.5,0.2888888889,0.3309608541,255001,
oof_p6_clean,route,1,DEN-LAX,186,58,33,34,311,67,0.2154340836,0.3695652174,0.5074626866,0.237704918,0.2926045016,255001,
oof_p6_clean,route,1,DEN-LGA,43,80,16,29,168,45,0.2678571429,0.2660550459,0.6444444444,0.6504065041,0.5714285714,255001,
oof_p6_clean,route,1,DEN-MCI,110,30,17,11,168,28,0.1666666667,0.2682926829,0.3928571429,0.2142857143,0.2797619048,255001,
oof_p6_clean,route,1,DEN-MCO,86,25,20,8,139,28,0.2014388489,0.2424242424,0.2857142857,0.2252252252,0.3237410072,255001,
oof_p6_clean,route,1,DEN-MDW,48,34,9,13,104,22,0.2115384615,0.2765957447,0.5909090909,0.4146341463,0.4134615385,255001,
oof_p6_clean,route,1,DEN-MSP,135,32,24,8,199,32,0.1608040201,0.2,0.25,0.1916167665,0.2814070352,255001,
oof_p6_clean,route,1,DEN-OKC,82,10,15,1,108,16,0.1481481481,0.09090909091,0.0625,0.1086956522,0.2314814815,255001,
oof_p6_clean,route,1,DEN-ORD,163,29,31,12,235,43,0.1829787234,0.2926829268,0.2790697674,0.1510416667,0.2553191489,255001,
oof_p6_clean,route,1,DEN-PDX,102,13,11,8,134,19,0.1417910448,0.380952381,0.4210526316,0.1130434783,0.1791044776,255001,
oof_p6_clean,route,1,DEN-PHX,155,53,26,29,263,55,0.2091254753,0.3536585366,0.5272727273,0.2548076923,0.3003802281,255001,
oof_p6_clean,route,1,DEN-SAN,123,28,24,9,184,33,0.1793478261,0.2432432432,0.2727272727,0.1854304636,0.2826086957,255001,
oof_p6_clean,route,1,DEN-SAT,61,26,7,14,108,21,0.1944444444,0.35,0.6666666667,0.2988505747,0.3055555556,255001,
oof_p6_clean,route,1,DEN-SEA,133,51,36,17,237,53,0.223628692,0.25,0.320754717,0.277173913,0.3670886076,255001,
oof_p6_clean,route,1,DEN-SFO,40,134,20,48,242,68,0.2809917355,0.2637362637,0.7058823529,0.7701149425,0.6363636364,255001,
oof_p6_clean,route,1,DEN-SJC,100,13,14,7,134,21,0.1567164179,0.35,0.3333333333,0.1150442478,0.2014925373,255001,
oof_p6_clean,route,1,DEN-SLC,127,61,23,30,241,53,0.2199170124,0.3296703297,0.5660377358,0.3244680851,0.3485477178,255001,
oof_p6_clean,route,1,DEN-SNA,65,24,14,11,114,25,0.2192982456,0.3142857143,0.44,0.2696629213,0.3333333333,255001,
oof_p6_clean,route,1,DEN-STL,120,17,18,5,160,23,0.14375,0.2272727273,0.2173913043,0.1240875912,0.21875,255001,
oof_p6_clean,route,1,DFW-ATL,143,20,32,4,199,36,0.1809045226,0.1666666667,0.1111111111,0.1226993865,0.2613065327,255001,
oof_p6_clean,route,1,DFW-DEN,134,6,23,1,164,24,0.1463414634,0.1428571429,0.04166666667,0.04285714286,0.1768292683,255001,
oof_p6_clean,route,1,DFW-DTW,70,19,17,5,111,22,0.1981981982,0.2083333333,0.2272727273,0.2134831461,0.3243243243,255001,
oof_p6_clean,route,1,DFW-IAH,166,4,22,1,193,23,0.1191709845,0.2,0.04347826087,0.02352941176,0.1347150259,255001,
oof_p6_clean,route,1,DFW-LAS,53,38,15,16,122,31,0.2540983607,0.2962962963,0.5161290323,0.4175824176,0.4344262295,255001,
oof_p6_clean,route,1,DFW-LAX,111,65,23,31,230,54,0.2347826087,0.3229166667,0.5740740741,0.3693181818,0.3826086957,255001,
oof_p6_clean,route,1,DFW-LGA,73,63,17,24,177,41,0.2316384181,0.275862069,0.5853658537,0.4632352941,0.4519774011,255001,
oof_p6_clean,route,1,DFW-MCO,82,16,16,5,119,21,0.1764705882,0.2380952381,0.2380952381,0.1632653061,0.268907563,255001,
oof_p6_clean,route,1,DFW-MIA,41,34,12,15,102,27,0.2647058824,0.306122449,0.5555555556,0.4533333333,0.4509803922,255001,
oof_p6_clean,route,1,DFW-MSP,76,25,8,12,121,20,0.1652892562,0.3243243243,0.6,0.2475247525,0.2727272727,255001,
oof_p6_clean,route,1,DFW-ORD,153,57,28,22,260,50,0.1923076923,0.2784810127,0.44,0.2714285714,0.3269230769,255001,
oof_p6_clean,route,1,DFW-PHX,38,39,3,24,104,27,0.2596153846,0.380952381,0.8888888889,0.5064935065,0.4038461538,255001,
oof_p6_clean,route,1,DFW-SAT,36,37,12,20,105,32,0.3047619048,0.350877193,0.625,0.5068493151,0.4666666667,255001,
oof_p6_clean,route,1,DFW-SEA,8,67,4,35,114,39,0.3421052632,0.3431372549,0.8974358974,0.8933333333,0.6228070175,255001,
oof_p6_clean,route,1,DFW-SFO,54,41,11,18,124,29,0.2338709677,0.3050847458,0.6206896552,0.4315789474,0.4193548387,255001,
oof_p6_clean,route,1,DFW-SLC,52,25,18,6,101,24,0.2376237624,0.1935483871,0.25,0.3246753247,0.4257425743,255001,
oof_p6_clean,route,1,DSM-ORD,110,7,19,2,138,21,0.152173913,0.2222222222,0.09523809524,0.05982905983,0.1884057971,255001,
oof_p6_clean,route,1,DTW-ATL,160,3,18,1,182,19,0.1043956044,0.25,0.05263157895,0.01840490798,0.1153846154,255001,
oof_p6_clean,route,1,DTW-BOS,73,30,11,10,124,21,0.1693548387,0.25,0.4761904762,0.2912621359,0.3306451613,255001,
oof_p6_clean,route,1,DTW-DEN,87,2,9,2,100,11,0.11,0.5,0.1818181818,0.02247191011,0.11,255001,
oof_p6_clean,route,1,DTW-DFW,65,24,17,2,108,19,0.1759259259,0.07692307692,0.1052631579,0.2696629213,0.3796296296,255001,
oof_p6_clean,route,1,DTW-EWR,60,42,6,28,136,34,0.25,0.4,0.8235294118,0.4117647059,0.3529411765,255001,
oof_p6_clean,route,1,DTW-IAH,117,2,20,0,139,20,0.1438848921,0,0,0.01680672269,0.1582733813,255001,
oof_p6_clean,route,1,DTW-LAS,103,3,21,1,128,22,0.171875,0.25,0.04545454545,0.02830188679,0.1875,255001,
oof_p6_clean,route,1,DTW-LGA,58,45,9,27,139,36,0.2589928058,0.375,0.75,0.4368932039,0.3884892086,255001,
oof_p6_clean,route,1,DTW-MCO,79,11,16,1,107,17,0.1588785047,0.08333333333,0.05882352941,0.1222222222,0.2523364486,255001,
oof_p6_clean,route,1,DTW-MDW,76,13,11,5,105,16,0.1523809524,0.2777777778,0.3125,0.1460674157,0.2285714286,255001,
oof_p6_clean,route,1,DTW-ORD,151,23,35,7,216,42,0.1944444444,0.2333333333,0.1666666667,0.132183908,0.2685185185,255001,
oof_p6_clean,route,1,DTW-PHL,64,20,14,10,108,24,0.2222222222,0.3333333333,0.4166666667,0.2380952381,0.3148148148,255001,
oof_p6_clean,route,1,EWR-ATL,126,51,18,25,220,43,0.1954545455,0.3289473684,0.5813953488,0.2881355932,0.3136363636,255001,
oof_p6_clean,route,1,EWR-BNA,51,27,5,18,101,23,0.2277227723,0.4,0.7826086957,0.3461538462,0.3168316832,255001,
oof_p6_clean,route,1,EWR-BOS,97,70,11,46,224,57,0.2544642857,0.3965517241,0.8070175439,0.4191616766,0.3616071429,255001,
oof_p6_clean,route,1,EWR-CLT,81,17,18,4,120,22,0.1833333333,0.1904761905,0.1818181818,0.1734693878,0.2916666667,255001,
oof_p6_clean,route,1,EWR-DEN,52,30,13,18,113,31,0.2743362832,0.375,0.5806451613,0.3658536585,0.3805309735,255001,
oof_p6_clean,route,1,EWR-DTW,72,40,16,15,143,31,0.2167832168,0.2727272727,0.4838709677,0.3571428571,0.3916083916,255001,
oof_p6_clean,route,1,EWR-FLL,66,81,15,46,208,61,0.2932692308,0.3622047244,0.7540983607,0.5510204082,0.4615384615,255001,
oof_p6_clean,route,1,EWR-IAH,63,40,10,27,140,37,0.2642857143,0.4029850746,0.7297297297,0.3883495146,0.3571428571,255001,
oof_p6_clean,route,1,EWR-LAX,74,63,20,33,190,53,0.2789473684,0.34375,0.6226415094,0.4598540146,0.4368421053,255001,
oof_p6_clean,route,1,EWR-MCO,113,82,12,52,259,64,0.2471042471,0.3880597015,0.8125,0.4205128205,0.3629343629,255001,
oof_p6_clean,route,1,EWR-MSP,73,27,7,14,121,21,0.173553719,0.3414634146,0.6666666667,0.27,0.2809917355,255001,
oof_p6_clean,route,1,EWR-ORD,101,41,18,22,182,40,0.2197802198,0.3492063492,0.55,0.2887323944,0.3241758242,255001,
oof_p6_clean,route,1,EWR-PBI,47,35,5,35,122,40,0.3278688525,0.5,0.875,0.4268292683,0.3278688525,255001,
oof_p6_clean,route,1,EWR-RDU,73,33,13,21,140,34,0.2428571429,0.3888888889,0.6176470588,0.3113207547,0.3285714286,255001,
oof_p6_clean,route,1,EWR-SFO,78,61,15,34,188,49,0.2606382979,0.3578947368,0.693877551,0.4388489209,0.4042553191,255001,
oof_p6_clean,route,1,EWR-TPA,39,39,14,15,107,29,0.2710280374,0.2777777778,0.5172413793,0.5,0.4953271028,255001,
oof_p6_clean,route,1,FLL-ATL,191,19,27,8,245,35,0.1428571429,0.2962962963,0.2285714286,0.09047619048,0.187755102,255001,
oof_p6_clean,route,1,FLL-BOS,54,33,11,12,110,23,0.2090909091,0.2666666667,0.5217391304,0.3793103448,0.4,255001,
oof_p6_clean,route,1,FLL-BWI,107,38,14,10,169,24,0.1420118343,0.2083333333,0.4166666667,0.2620689655,0.3076923077,255001,
oof_p6_clean,route,1,FLL-EWR,98,51,9,39,197,48,0.2436548223,0.4333333333,0.8125,0.3422818792,0.3045685279,255001,
oof_p6_clean,route,1,FLL-JFK,46,38,7,30,121,37,0.305785124,0.4411764706,0.8108108108,0.4523809524,0.3719008264,255001,
oof_p6_clean,route,1,FLL-LGA,66,59,10,35,170,45,0.2647058824,0.3723404255,0.7777777778,0.472,0.4058823529,255001,
oof_p6_clean,route,1,FLL-SJU,81,21,14,9,125,23,0.184,0.3,0.3913043478,0.2058823529,0.28,255001,
oof_p6_clean,route,1,GEG-PDX,102,0,6,0,108,6,0.05555555556,,0,0,0.05555555556,255001,
oof_p6_clean,route,1,GEG-SEA,195,43,46,12,296,58,0.1959459459,0.2181818182,0.2068965517,0.1806722689,0.3006756757,255001,
oof_p6_clean,route,1,GRB-ORD,71,21,12,9,113,21,0.185840708,0.3,0.4285714286,0.2282608696,0.2920353982,255001,
oof_p6_clean,route,1,GRR-ORD,128,6,14,0,148,14,0.09459459459,0,0,0.0447761194,0.1351351351,255001,
oof_p6_clean,route,1,GSP-ATL,95,13,12,3,123,15,0.1219512195,0.1875,0.2,0.1203703704,0.2032520325,255001,
oof_p6_clean,route,1,HNL-ITO,202,0,6,0,208,6,0.02884615385,,0,0,0.02884615385,255001,
oof_p6_clean,route,1,HNL-KOA,284,0,12,0,296,12,0.04054054054,,0,0,0.04054054054,255001,
oof_p6_clean,route,1,HNL-LAX,161,3,26,0,190,26,0.1368421053,0,0,0.01829268293,0.1526315789,255001,
oof_p6_clean,route,1,HNL-LIH,260,0,12,0,272,12,0.04411764706,,0,0,0.04411764706,255001,
oof_p6_clean,route,1,HNL-OGG,391,0,10,0,401,10,0.02493765586,,0,0,0.02493765586,255001,
oof_p6_clean,route,1,HNL-SFO,96,3,12,2,113,14,0.1238938053,0.4,0.1428571429,0.0303030303,0.1327433628,255001,
oof_p6_clean,route,1,HOU-ATL,83,23,7,16,129,23,0.1782945736,0.4102564103,0.6956521739,0.2169811321,0.2325581395,255001,
oof_p6_clean,route,1,HOU-DAL,103,85,22,27,237,49,0.2067510549,0.2410714286,0.5510204082,0.4521276596,0.4514767932,255001,
oof_p6_clean,route,1,HOU-MSY,81,30,14,8,133,22,0.1654135338,0.2105263158,0.3636363636,0.2702702703,0.3308270677,255001,
oof_p6_clean,route,1,IAD-ATL,123,7,22,1,153,23,0.1503267974,0.125,0.04347826087,0.05384615385,0.1895424837,255001,
oof_p6_clean,route,1,IAD-CLT,93,7,13,2,115,15,0.1304347826,0.2222222222,0.1333333333,0.07,0.1739130435,255001,
oof_p6_clean,route,1,IAD-DEN,103,8,13,4,128,17,0.1328125,0.3333333333,0.2352941176,0.07207207207,0.1640625,255001,
oof_p6_clean,route,1,IAD-LAX,117,1,16,2,136,18,0.1323529412,0.6666666667,0.1111111111,0.008474576271,0.125,255001,
oof_p6_clean,route,1,IAD-SFO,82,24,22,3,131,25,0.1908396947,0.1111111111,0.12,0.2264150943,0.3511450382,255001,
oof_p6_clean,route,1,IAH-ATL,121,15,34,1,171,35,0.2046783626,0.0625,0.02857142857,0.1102941176,0.2865497076,255001,
oof_p6_clean,route,1,IAH-AUS,91,5,15,2,113,17,0.1504424779,0.2857142857,0.1176470588,0.05208333333,0.1769911504,255001,
oof_p6_clean,route,1,IAH-CLT,109,7,25,1,142,26,0.1830985915,0.125,0.03846153846,0.06034482759,0.2253521127,255001,
oof_p6_clean,route,1,IAH-DCA,53,33,11,11,108,22,0.2037037037,0.25,0.5,0.3837209302,0.4074074074,255001,
oof_p6_clean,route,1,IAH-DEN,133,3,23,2,161,25,0.1552795031,0.4,0.08,0.02205882353,0.1614906832,255001,
oof_p6_clean,route,1,IAH-DFW,86,44,25,11,166,36,0.2168674699,0.2,0.3055555556,0.3384615385,0.4156626506,255001,
oof_p6_clean,route,1,IAH-DTW,108,6,13,0,127,13,0.1023622047,0,0,0.05263157895,0.1496062992,255001,
oof_p6_clean,route,1,IAH-EWR,44,44,7,26,121,33,0.2727272727,0.3714285714,0.7878787879,0.5,0.4214876033,255001,
oof_p6_clean,route,1,IAH-LAS,100,8,16,0,124,16,0.1290322581,0,0,0.07407407407,0.1935483871,255001,
oof_p6_clean,route,1,IAH-LAX,152,2,26,2,182,28,0.1538461538,0.5,0.07142857143,0.01298701299,0.1538461538,255001,
oof_p6_clean,route,1,IAH-LGA,38,55,12,30,135,42,0.3111111111,0.3529411765,0.7142857143,0.5913978495,0.4962962963,255001,
oof_p6_clean,route,1,IAH-MCO,84,6,14,2,106,16,0.1509433962,0.25,0.125,0.06666666667,0.1886792453,255001,
oof_p6_clean,route,1,IAH-MIA,87,1,14,1,103,15,0.145631068,0.5,0.06666666667,0.01136363636,0.145631068,255001,
oof_p6_clean,route,1,IAH-MSP,98,0,19,1,118,20,0.1694915254,1,0.05,0,0.1610169492,255001,
oof_p6_clean,route,1,IAH-MSY,102,12,20,2,136,22,0.1617647059,0.1428571429,0.09090909091,0.1052631579,0.2352941176,255001,
oof_p6_clean,route,1,IAH-OKC,85,3,17,1,106,18,0.1698113208,0.25,0.05555555556,0.03409090909,0.1886792453,255001,
oof_p6_clean,route,1,IAH-ORD,105,15,28,6,154,34,0.2207792208,0.2857142857,0.1764705882,0.125,0.2792207792,255001,
oof_p6_clean,route,1,IAH-PHX,92,3,12,0,107,12,0.1121495327,0,0,0.03157894737,0.1401869159,255001,
oof_p6_clean,route,1,IAH-SAT,87,3,15,0,105,15,0.1428571429,0,0,0.03333333333,0.1714285714,255001,
oof_p6_clean,route,1,IAH-SEA,56,31,14,11,112,25,0.2232142857,0.2619047619,0.44,0.3563218391,0.4017857143,255001,
oof_p6_clean,route,1,IAH-SFO,57,28,13,12,110,25,0.2272727273,0.3,0.48,0.3294117647,0.3727272727,255001,
oof_p6_clean,route,1,IAH-SLC,83,7,15,0,105,15,0.1428571429,0,0,0.07777777778,0.2095238095,255001,
oof_p6_clean,route,1,IND-ATL,100,6,10,1,117,11,0.09401709402,0.1428571429,0.09090909091,0.05660377358,0.1367521368,255001,
oof_p6_clean,route,1,IND-DEN,81,16,12,3,112,15,0.1339285714,0.1578947368,0.2,0.1649484536,0.25,255001,
oof_p6_clean,route,1,IND-ORD,108,43,28,14,193,42,0.2176165803,0.2456140351,0.3333333333,0.2847682119,0.3678756477,255001,
oof_p6_clean,route,1,ITO-HNL,208,0,9,0,217,9,0.04147465438,,0,0,0.04147465438,255001,
oof_p6_clean,route,1,JAX-ATL,145,4,13,3,165,16,0.09696969697,0.4285714286,0.1875,0.02684563758,0.103030303,255001,
oof_p6_clean,route,1,JFK-ATL,60,16,13,11,100,24,0.24,0.4074074074,0.4583333333,0.2105263158,0.29,255001,
oof_p6_clean,route,1,JFK-BOS,73,52,16,23,164,39,0.237804878,0.3066666667,0.5897435897,0.416,0.4146341463,255001,
oof_p6_clean,route,1,JFK-CLT,76,15,12,4,107,16,0.1495327103,0.2105263158,0.25,0.1648351648,0.2523364486,255001,
oof_p6_clean,route,1,JFK-FLL,66,37,14,16,133,30,0.2255639098,0.3018867925,0.5333333333,0.359223301,0.3834586466,255001,
oof_p6_clean,route,1,JFK-LAS,106,9,16,9,140,25,0.1785714286,0.5,0.36,0.07826086957,0.1785714286,255001,
oof_p6_clean,route,1,JFK-LAX,273,67,53,24,417,77,0.1846522782,0.2637362637,0.3116883117,0.1970588235,0.2877697842,255001,
oof_p6_clean,route,1,JFK-MCO,67,55,19,26,167,45,0.2694610778,0.3209876543,0.5777777778,0.4508196721,0.4431137725,255001,
oof_p6_clean,route,1,JFK-MIA,67,21,17,4,109,21,0.1926605505,0.16,0.1904761905,0.2386363636,0.3486238532,255001,
oof_p6_clean,route,1,JFK-RDU,73,15,14,4,106,18,0.1698113208,0.2105263158,0.2222222222,0.1704545455,0.2735849057,255001,
oof_p6_clean,route,1,JFK-SFO,133,70,29,29,261,58,0.2222222222,0.2929292929,0.5,0.3448275862,0.3793103448,255001,
oof_p6_clean,route,1,JFK-SJU,47,38,12,16,113,28,0.2477876106,0.2962962963,0.5714285714,0.4470588235,0.4424778761,255001,
oof_p6_clean,route,1,JFK-TPA,53,24,8,16,101,24,0.2376237624,0.4,0.6666666667,0.3116883117,0.3168316832,255001,
oof_p6_clean,route,1,KOA-HNL,288,0,21,0,309,21,0.06796116505,,0,0,0.06796116505,255001,
oof_p6_clean,route,1,LAS-ATL,108,12,20,1,141,21,0.1489361702,0.07692307692,0.04761904762,0.1,0.2269503546,255001,
oof_p6_clean,route,1,LAS-BUR,68,35,12,16,131,28,0.213740458,0.3137254902,0.5714285714,0.3398058252,0.358778626,255001,
oof_p6_clean,route,1,LAS-DEN,165,43,18,30,256,48,0.1875,0.4109589041,0.625,0.2067307692,0.23828125,255001,
oof_p6_clean,route,1,LAS-DFW,93,14,17,9,133,26,0.1954887218,0.3913043478,0.3461538462,0.1308411215,0.2330827068,255001,
oof_p6_clean,route,1,LAS-DTW,96,2,17,0,115,17,0.147826087,0,0,0.02040816327,0.1652173913,255001,
oof_p6_clean,route,1,LAS-IAH,89,13,22,1,125,23,0.184,0.07142857143,0.04347826087,0.1274509804,0.28,255001,
oof_p6_clean,route,1,LAS-JFK,66,23,12,14,115,26,0.2260869565,0.3783783784,0.5384615385,0.2584269663,0.3043478261,255001,
oof_p6_clean,route,1,LAS-LAX,273,81,57,27,438,84,0.1917808219,0.25,0.3214285714,0.2288135593,0.3150684932,255001,
oof_p6_clean,route,1,LAS-MDW,90,17,14,8,129,22,0.1705426357,0.32,0.3636363636,0.1588785047,0.2403100775,255001,
oof_p6_clean,route,1,LAS-OAK,94,39,17,11,161,28,0.1739130435,0.22,0.3928571429,0.2932330827,0.347826087,255001,
oof_p6_clean,route,1,LAS-ORD,115,22,23,5,165,28,0.1696969697,0.1851851852,0.1785714286,0.1605839416,0.2727272727,255001,
oof_p6_clean,route,1,LAS-PDX,75,14,17,4,110,21,0.1909090909,0.2222222222,0.1904761905,0.1573033708,0.2818181818,255001,
oof_p6_clean,route,1,LAS-PHX,100,45,18,15,178,33,0.1853932584,0.25,0.4545454545,0.3103448276,0.3539325843,255001,
oof_p6_clean,route,1,LAS-RNO,75,25,13,10,123,23,0.1869918699,0.2857142857,0.4347826087,0.25,0.3089430894,255001,
oof_p6_clean,route,1,LAS-SAN,146,34,22,15,217,37,0.1705069124,0.306122449,0.4054054054,0.1888888889,0.2580645161,255001,
oof_p6_clean,route,1,LAS-SEA,172,9,27,1,209,28,0.1339712919,0.1,0.03571428571,0.04972375691,0.1722488038,255001,
oof_p6_clean,route,1,LAS-SFO,158,84,29,34,305,63,0.206557377,0.2881355932,0.5396825397,0.347107438,0.3704918033,255001,
oof_p6_clean,route,1,LAS-SJC,79,41,12,17,149,29,0.1946308725,0.2931034483,0.5862068966,0.3416666667,0.355704698,255001,
oof_p6_clean,route,1,LAS-SLC,104,13,10,3,130,13,0.1,0.1875,0.2307692308,0.1111111111,0.1769230769,255001,
oof_p6_clean,route,1,LAS-SMF,83,27,14,5,129,19,0.1472868217,0.15625,0.2631578947,0.2454545455,0.3178294574,255001,
oof_p6_clean,route,1,LAS-SNA,61,30,18,10,119,28,0.2352941176,0.25,0.3571428571,0.3296703297,0.4033613445,255001,
oof_p6_clean,route,1,LAX-ATL,84,60,29,22,195,51,0.2615384615,0.2682926829,0.431372549,0.4166666667,0.4564102564,255001,
oof_p6_clean,route,1,LAX-AUS,103,8,13,1,125,14,0.112,0.1111111111,0.07142857143,0.07207207207,0.168,255001,
oof_p6_clean,route,1,LAX-BOS,80,41,22,10,153,32,0.2091503268,0.1960784314,0.3125,0.3388429752,0.4117647059,255001,
oof_p6_clean,route,1,LAX-DAL,63,18,14,9,104,23,0.2211538462,0.3333333333,0.3913043478,0.2222222222,0.3076923077,255001,
oof_p6_clean,route,1,LAX-DEN,200,27,35,7,269,42,0.156133829,0.2058823529,0.1666666667,0.1189427313,0.2304832714,255001,
oof_p6_clean,route,1,LAX-DFW,148,35,29,13,225,42,0.1866666667,0.2708333333,0.3095238095,0.1912568306,0.2844444444,255001,
oof_p6_clean,route,1,LAX-EWR,107,53,26,15,201,41,0.2039800995,0.2205882353,0.3658536585,0.33125,0.3930348259,255001,
oof_p6_clean,route,1,LAX-HNL,118,31,23,20,192,43,0.2239583333,0.3921568627,0.4651162791,0.2080536913,0.28125,255001,
oof_p6_clean,route,1,LAX-IAD,111,1,16,1,129,17,0.1317829457,0.5,0.05882352941,0.008928571429,0.1317829457,255001,
oof_p6_clean,route,1,LAX-IAH,167,4,23,0,194,23,0.118556701,0,0,0.02339181287,0.1391752577,255001,
oof_p6_clean,route,1,LAX-JFK,226,107,54,40,427,94,0.2201405152,0.2721088435,0.4255319149,0.3213213213,0.3770491803,255001,
oof_p6_clean,route,1,LAX-LAS,299,46,43,20,408,63,0.1544117647,0.303030303,0.3174603175,0.1333333333,0.2181372549,255001,
oof_p6_clean,route,1,LAX-MCO,70,17,19,7,113,26,0.2300884956,0.2916666667,0.2692307692,0.1954022989,0.3185840708,255001,
oof_p6_clean,route,1,LAX-OAK,98,54,19,28,199,47,0.2361809045,0.3414634146,0.5957446809,0.3552631579,0.3668341709,255001,
oof_p6_clean,route,1,LAX-OGG,84,2,15,1,102,16,0.1568627451,0.3333333333,0.0625,0.02325581395,0.1666666667,255001,
oof_p6_clean,route,1,LAX-ORD,204,16,32,3,255,35,0.137254902,0.1578947368,0.08571428571,0.07272727273,0.1882352941,255001,
oof_p6_clean,route,1,LAX-PDX,145,3,20,0,168,20,0.119047619,0,0,0.02027027027,0.1369047619,255001,
oof_p6_clean,route,1,LAX-PHX,132,62,42,18,254,60,0.2362204724,0.225,0.3,0.3195876289,0.4094488189,255001,
oof_p6_clean,route,1,LAX-RNO,99,12,15,0,126,15,0.119047619,0,0,0.1081081081,0.2142857143,255001,
oof_p6_clean,route,1,LAX-SAN,155,9,25,7,196,32,0.1632653061,0.4375,0.21875,0.05487804878,0.1734693878,255001,
oof_p6_clean,route,1,LAX-SEA,244,6,41,0,291,41,0.1408934708,0,0,0.024,0.1615120275,255001,
oof_p6_clean,route,1,LAX-SFO,208,218,71,61,558,132,0.2365591398,0.2186379928,0.4621212121,0.5117370892,0.517921147,255001,
oof_p6_clean,route,1,LAX-SJC,220,25,35,6,286,41,0.1433566434,0.1935483871,0.1463414634,0.1020408163,0.2097902098,255001,
oof_p6_clean,route,1,LAX-SLC,149,6,16,1,172,17,0.0988372093,0.1428571429,0.05882352941,0.03870967742,0.1279069767,255001,
oof_p6_clean,route,1,LAX-SMF,171,39,36,15,261,51,0.1954022989,0.2777777778,0.2941176471,0.1857142857,0.2873563218,255001,
oof_p6_clean,route,1,LGA-ATL,157,71,18,35,281,53,0.1886120996,0.3301886792,0.6603773585,0.3114035088,0.3167259786,255001,
oof_p6_clean,route,1,LGA-BNA,61,42,9,25,137,34,0.2481751825,0.3731343284,0.7352941176,0.4077669903,0.3722627737,255001,
oof_p6_clean,route,1,LGA-BOS,128,82,30,29,269,59,0.219330855,0.2612612613,0.4915254237,0.3904761905,0.4163568773,255001,
oof_p6_clean,route,1,LGA-CLE,82,30,13,14,139,27,0.1942446043,0.3181818182,0.5185185185,0.2678571429,0.309352518,255001,
oof_p6_clean,route,1,LGA-CLT,95,26,14,9,144,23,0.1597222222,0.2571428571,0.3913043478,0.2148760331,0.2777777778,255001,
oof_p6_clean,route,1,LGA-CMH,68,32,14,6,120,20,0.1666666667,0.1578947368,0.3,0.32,0.3833333333,255001,
oof_p6_clean,route,1,LGA-DCA,77,47,24,18,166,42,0.2530120482,0.2769230769,0.4285714286,0.3790322581,0.4277108434,255001,
oof_p6_clean,route,1,LGA-DEN,74,36,13,16,139,29,0.2086330935,0.3076923077,0.5517241379,0.3272727273,0.3525179856,255001,
oof_p6_clean,route,1,LGA-DFW,68,53,14,27,162,41,0.2530864198,0.3375,0.6585365854,0.4380165289,0.4135802469,255001,
oof_p6_clean,route,1,LGA-DTW,83,33,19,10,145,29,0.2,0.2325581395,0.3448275862,0.2844827586,0.3586206897,255001,
oof_p6_clean,route,1,LGA-FLL,77,52,7,32,168,39,0.2321428571,0.380952381,0.8205128205,0.4031007752,0.3511904762,255001,
oof_p6_clean,route,1,LGA-IAH,99,33,20,15,167,35,0.2095808383,0.3125,0.4285714286,0.25,0.3173652695,255001,
oof_p6_clean,route,1,LGA-MCO,72,23,15,5,115,20,0.1739130435,0.1785714286,0.25,0.2421052632,0.3304347826,255001,
oof_p6_clean,route,1,LGA-MIA,79,54,17,21,171,38,0.2222222222,0.28,0.5526315789,0.4060150376,0.4152046784,255001,
oof_p6_clean,route,1,LGA-ORD,191,131,46,52,420,98,0.2333333333,0.2841530055,0.5306122449,0.4068322981,0.4214285714,255001,
oof_p6_clean,route,1,LGA-RDU,87,4,17,0,108,17,0.1574074074,0,0,0.04395604396,0.1944444444,255001,
oof_p6_clean,route,1,LGA-STL,72,18,11,9,110,20,0.1818181818,0.3333333333,0.45,0.2,0.2636363636,255001,
oof_p6_clean,route,1,LIH-HNL,263,0,16,0,279,16,0.05734767025,,0,0,0.05734767025,255001,
oof_p6_clean,route,1,MCI-ATL,99,3,9,2,113,11,0.09734513274,0.4,0.1818181818,0.02941176471,0.1061946903,255001,
oof_p6_clean,route,1,MCI-DEN,136,18,20,7,181,27,0.1491712707,0.28,0.2592592593,0.1168831169,0.2099447514,255001,
oof_p6_clean,route,1,MCI-MDW,74,16,10,2,102,12,0.1176470588,0.1111111111,0.1666666667,0.1777777778,0.2549019608,255001,
oof_p6_clean,route,1,MCI-ORD,115,11,16,4,146,20,0.1369863014,0.2666666667,0.2,0.0873015873,0.1849315068,255001,
oof_p6_clean,route,1,MCO-ATL,257,20,34,6,317,40,0.1261829653,0.2307692308,0.15,0.07220216606,0.1703470032,255001,
oof_p6_clean,route,1,MCO-BOS,65,46,12,25,148,37,0.25,0.3521126761,0.6756756757,0.4144144144,0.3918918919,255001,
oof_p6_clean,route,1,MCO-BWI,121,28,17,10,176,27,0.1534090909,0.2631578947,0.3703703704,0.1879194631,0.2556818182,255001,
oof_p6_clean,route,1,MCO-CLT,84,10,12,5,111,17,0.1531531532,0.3333333333,0.2941176471,0.1063829787,0.1981981982,255001,
oof_p6_clean,route,1,MCO-DCA,56,38,12,14,120,26,0.2166666667,0.2692307692,0.5384615385,0.4042553191,0.4166666667,255001,
oof_p6_clean,route,1,MCO-DEN,107,16,18,2,143,20,0.1398601399,0.1111111111,0.1,0.1300813008,0.2377622378,255001,
oof_p6_clean,route,1,MCO-DFW,72,17,10,8,107,18,0.1682242991,0.32,0.4444444444,0.191011236,0.2523364486,255001,
oof_p6_clean,route,1,MCO-DTW,101,6,12,1,120,13,0.1083333333,0.1428571429,0.07692307692,0.05607476636,0.15,255001,
oof_p6_clean,route,1,MCO-EWR,99,85,19,59,262,78,0.2977099237,0.4097222222,0.7564102564,0.4619565217,0.3969465649,255001,
oof_p6_clean,route,1,MCO-IAH,93,10,16,1,120,17,0.1416666667,0.09090909091,0.05882352941,0.09708737864,0.2166666667,255001,
oof_p6_clean,route,1,MCO-JFK,85,29,13,21,148,34,0.2297297297,0.42,0.6176470588,0.2543859649,0.2837837838,255001,
oof_p6_clean,route,1,MCO-LAX,58,22,10,10,100,20,0.2,0.3125,0.5,0.275,0.32,255001,
oof_p6_clean,route,1,MCO-LGA,69,25,7,15,116,22,0.1896551724,0.375,0.6818181818,0.2659574468,0.275862069,255001,
oof_p6_clean,route,1,MCO-MDW,55,28,11,7,101,18,0.1782178218,0.2,0.3888888889,0.3373493976,0.3861386139,255001,
oof_p6_clean,route,1,MCO-ORD,92,28,18,10,148,28,0.1891891892,0.2631578947,0.3571428571,0.2333333333,0.3108108108,255001,
oof_p6_clean,route,1,MCO-PHL,104,46,18,19,187,37,0.1978609626,0.2923076923,0.5135135135,0.3066666667,0.3422459893,255001,
oof_p6_clean,route,1,MCO-SJU,92,66,20,23,201,43,0.2139303483,0.2584269663,0.5348837209,0.417721519,0.4278606965,255001,
oof_p6_clean,route,1,MDW-ATL,72,29,13,14,128,27,0.2109375,0.3255813953,0.5185185185,0.2871287129,0.328125,255001,
oof_p6_clean,route,1,MDW-DEN,60,33,12,16,121,28,0.2314049587,0.3265306122,0.5714285714,0.3548387097,0.3719008264,255001,
oof_p6_clean,route,1,MDW-DTW,54,29,8,14,105,22,0.2095238095,0.3255813953,0.6363636364,0.3493975904,0.3523809524,255001,
oof_p6_clean,route,1,MDW-LAS,56,41,13,15,125,28,0.224,0.2678571429,0.5357142857,0.4226804124,0.432,255001,
oof_p6_clean,route,1,MDW-MCI,59,22,16,4,101,20,0.198019802,0.1538461538,0.2,0.2716049383,0.3762376238,255001,
oof_p6_clean,route,1,MDW-MSP,81,35,12,9,137,21,0.1532846715,0.2045454545,0.4285714286,0.3017241379,0.3430656934,255001,
oof_p6_clean,route,1,MDW-PHX,30,36,8,28,102,36,0.3529411765,0.4375,0.7777777778,0.5454545455,0.431372549,255001,
oof_p6_clean,route,1,MIA-ATL,132,26,28,5,191,33,0.1727748691,0.1612903226,0.1515151515,0.164556962,0.2827225131,255001,
oof_p6_clean,route,1,MIA-DFW,54,23,11,13,101,24,0.2376237624,0.3611111111,0.5416666667,0.2987012987,0.3366336634,255001,
oof_p6_clean,route,1,MIA-EWR,31,41,4,31,107,35,0.3271028037,0.4305555556,0.8857142857,0.5694444444,0.4205607477,255001,
oof_p6_clean,route,1,MIA-IAH,81,5,8,7,101,15,0.1485148515,0.5833333333,0.4666666667,0.05813953488,0.1287128713,255001,
oof_p6_clean,route,1,MIA-LGA,53,65,8,28,154,36,0.2337662338,0.3010752688,0.7777777778,0.5508474576,0.474025974,255001,
oof_p6_clean,route,1,MIA-ORD,70,26,17,5,118,22,0.186440678,0.1612903226,0.2272727273,0.2708333333,0.3644067797,255001,
oof_p6_clean,route,1,MKE-ATL,96,2,5,2,105,7,0.06666666667,0.5,0.2857142857,0.02040816327,0.06666666667,255001,
oof_p6_clean,route,1,MKE-ORD,112,16,27,6,161,33,0.2049689441,0.2727272727,0.1818181818,0.125,0.2670807453,255001,
oof_p6_clean,route,1,MSN-ORD,134,4,16,2,156,18,0.1153846154,0.3333333333,0.1111111111,0.02898550725,0.1282051282,255001,
oof_p6_clean,route,1,MSP-ATL,138,3,12,2,155,14,0.09032258065,0.4,0.1428571429,0.02127659574,0.09677419355,255001,
oof_p6_clean,route,1,MSP-DEN,164,19,22,9,214,31,0.1448598131,0.3214285714,0.2903225806,0.1038251366,0.191588785,255001,
oof_p6_clean,route,1,MSP-DFW,72,20,20,5,117,25,0.2136752137,0.2,0.2,0.2173913043,0.3418803419,255001,
oof_p6_clean,route,1,MSP-EWR,14,56,6,35,111,41,0.3693693694,0.3846153846,0.8536585366,0.8,0.5585585586,255001,
oof_p6_clean,route,1,MSP-IAH,75,7,20,1,103,21,0.2038834951,0.125,0.04761904762,0.08536585366,0.2621359223,255001,
oof_p6_clean,route,1,MSP-LAX,87,3,14,0,104,14,0.1346153846,0,0,0.03333333333,0.1634615385,255001,
oof_p6_clean,route,1,MSP-MDW,110,16,22,3,151,25,0.1655629139,0.1578947368,0.12,0.126984127,0.2516556291,255001,
oof_p6_clean,route,1,MSP-ORD,151,33,31,15,230,46,0.2,0.3125,0.3260869565,0.1793478261,0.2782608696,255001,
oof_p6_clean,route,1,MSP-PHX,82,7,11,3,103,14,0.1359223301,0.3,0.2142857143,0.07865168539,0.1747572816,255001,
oof_p6_clean,route,1,MSP-SEA,87,1,20,0,108,20,0.1851851852,0,0,0.01136363636,0.1944444444,255001,
oof_p6_clean,route,1,MSY-ATL,116,16,21,5,158,26,0.164556962,0.2380952381,0.1923076923,0.1212121212,0.2341772152,255001,
oof_p6_clean,route,1,MSY-DAL,65,23,8,9,105,17,0.1619047619,0.28125,0.5294117647,0.2613636364,0.2952380952,255001,
oof_p6_clean,route,1,MSY-HOU,51,39,11,16,117,27,0.2307692308,0.2909090909,0.5925925926,0.4333333333,0.4273504274,255001,
oof_p6_clean,route,1,MSY-IAH,106,7,17,0,130,17,0.1307692308,0,0,0.06194690265,0.1846153846,255001,
oof_p6_clean,route,1,OAK-BUR,94,41,8,17,160,25,0.15625,0.2931034483,0.68,0.3037037037,0.30625,255001,
oof_p6_clean,route,1,OAK-LAS,91,45,14,19,169,33,0.1952662722,0.296875,0.5757575758,0.3308823529,0.349112426,255001,
oof_p6_clean,route,1,OAK-LAX,109,53,22,23,207,45,0.2173913043,0.3026315789,0.5111111111,0.3271604938,0.3623188406,255001,
oof_p6_clean,route,1,OAK-PDX,88,18,9,10,125,19,0.152,0.3571428571,0.5263157895,0.1698113208,0.216,255001,
oof_p6_clean,route,1,OAK-PHX,76,15,12,5,108,17,0.1574074074,0.25,0.2941176471,0.1648351648,0.25,255001,
oof_p6_clean,route,1,OAK-SAN,75,48,15,18,156,33,0.2115384615,0.2727272727,0.5454545455,0.3902439024,0.4038461538,255001,
oof_p6_clean,route,1,OAK-SEA,60,32,16,15,123,31,0.2520325203,0.3191489362,0.4838709677,0.347826087,0.3902439024,255001,
oof_p6_clean,route,1,OAK-SNA,61,32,15,9,117,24,0.2051282051,0.2195121951,0.375,0.3440860215,0.4017094017,255001,
oof_p6_clean,route,1,OGG-HNL,361,3,32,0,396,32,0.08080808081,0,0,0.008241758242,0.08838383838,255001,
oof_p6_clean,route,1,OKC-DEN,82,27,15,8,132,23,0.1742424242,0.2285714286,0.347826087,0.247706422,0.3181818182,255001,
oof_p6_clean,route,1,OKC-IAH,92,4,14,0,110,14,0.1272727273,0,0,0.04166666667,0.1636363636,255001,
oof_p6_clean,route,1,OMA-DEN,71,16,12,3,102,15,0.1470588235,0.1578947368,0.2,0.183908046,0.2745098039,255001,
oof_p6_clean,route,1,OMA-ORD,81,20,16,7,124,23,0.185483871,0.2592592593,0.3043478261,0.198019802,0.2903225806,255001,
oof_p6_clean,route,1,ONT-PHX,87,15,14,6,122,20,0.1639344262,0.2857142857,0.3,0.1470588235,0.237704918,255001,
oof_p6_clean,route,1,ONT-SMF,71,12,8,9,100,17,0.17,0.4285714286,0.5294117647,0.1445783133,0.2,255001,
oof_p6_clean,route,1,ORD-ATL,140,40,35,11,226,46,0.203539823,0.2156862745,0.2391304348,0.2222222222,0.3318584071,255001,
oof_p6_clean,route,1,ORD-BNA,98,34,23,8,163,31,0.1901840491,0.1904761905,0.2580645161,0.2575757576,0.3496932515,255001,
oof_p6_clean,route,1,ORD-BOS,74,100,17,42,233,59,0.2532188841,0.2957746479,0.7118644068,0.5747126437,0.5021459227,255001,
oof_p6_clean,route,1,ORD-BWI,62,21,13,10,106,23,0.2169811321,0.3225806452,0.4347826087,0.2530120482,0.320754717,255001,
oof_p6_clean,route,1,ORD-CLE,105,33,15,12,165,27,0.1636363636,0.2666666667,0.4444444444,0.2391304348,0.2909090909,255001,
oof_p6_clean,route,1,ORD-CLT,66,49,19,17,151,36,0.238410596,0.2575757576,0.4722222222,0.4260869565,0.4503311258,255001,
oof_p6_clean,route,1,ORD-CMH,82,53,21,16,172,37,0.2151162791,0.231884058,0.4324324324,0.3925925926,0.4302325581,255001,
oof_p6_clean,route,1,ORD-CVG,121,35,16,12,184,28,0.152173913,0.2553191489,0.4285714286,0.2243589744,0.277173913,255001,
oof_p6_clean,route,1,ORD-DAY,77,25,19,4,125,23,0.184,0.1379310345,0.1739130435,0.2450980392,0.352,255001,
oof_p6_clean,route,1,ORD-DCA,149,43,29,13,234,42,0.1794871795,0.2321428571,0.3095238095,0.2239583333,0.3076923077,255001,
oof_p6_clean,route,1,ORD-DEN,149,36,31,14,230,45,0.1956521739,0.28,0.3111111111,0.1945945946,0.2913043478,255001,
oof_p6_clean,route,1,ORD-DFW,113,43,30,14,200,44,0.22,0.2456140351,0.3181818182,0.2756410256,0.365,255001,
oof_p6_clean,route,1,ORD-DSM,89,25,14,12,140,26,0.1857142857,0.3243243243,0.4615384615,0.2192982456,0.2785714286,255001,
oof_p6_clean,route,1,ORD-DTW,114,69,17,24,224,41,0.1830357143,0.2580645161,0.5853658537,0.3770491803,0.3839285714,255001,
oof_p6_clean,route,1,ORD-EWR,52,58,7,42,159,49,0.3081761006,0.42,0.8571428571,0.5272727273,0.4088050314,255001,
oof_p6_clean,route,1,ORD-FLL,81,13,10,4,108,14,0.1296296296,0.2352941176,0.2857142857,0.1382978723,0.212962963,255001,
oof_p6_clean,route,1,ORD-GRR,68,43,20,14,145,34,0.2344827586,0.2456140351,0.4117647059,0.3873873874,0.4344827586,255001,
oof_p6_clean,route,1,ORD-IAH,108,31,21,16,176,37,0.2102272727,0.3404255319,0.4324324324,0.2230215827,0.2954545455,255001,
oof_p6_clean,route,1,ORD-IND,113,44,24,20,201,44,0.2189054726,0.3125,0.4545454545,0.2802547771,0.3383084577,255001,
oof_p6_clean,route,1,ORD-JFK,47,34,20,11,112,31,0.2767857143,0.2444444444,0.3548387097,0.4197530864,0.4821428571,255001,
oof_p6_clean,route,1,ORD-LAS,49,59,18,21,147,39,0.2653061224,0.2625,0.5384615385,0.5462962963,0.5238095238,255001,
oof_p6_clean,route,1,ORD-LAX,100,105,30,41,276,71,0.2572463768,0.2808219178,0.5774647887,0.512195122,0.4891304348,255001,
oof_p6_clean,route,1,ORD-LGA,139,182,37,101,459,138,0.3006535948,0.3568904594,0.731884058,0.5669781931,0.477124183,255001,
oof_p6_clean,route,1,ORD-MCI,42,47,18,14,121,32,0.2644628099,0.2295081967,0.4375,0.5280898876,0.5371900826,255001,
oof_p6_clean,route,1,ORD-MCO,99,33,22,4,158,26,0.164556962,0.1081081081,0.1538461538,0.25,0.3481012658,255001,
oof_p6_clean,route,1,ORD-MEM,64,24,14,5,107,19,0.1775700935,0.1724137931,0.2631578947,0.2727272727,0.3551401869,255001,
oof_p6_clean,route,1,ORD-MIA,40,40,7,22,109,29,0.2660550459,0.3548387097,0.7586206897,0.5,0.4311926606,255001,
oof_p6_clean,route,1,ORD-MKE,129,10,25,0,164,25,0.1524390244,0,0,0.07194244604,0.2134146341,255001,
oof_p6_clean,route,1,ORD-MSN,74,27,21,5,127,26,0.2047244094,0.15625,0.1923076923,0.2673267327,0.3779527559,255001,
oof_p6_clean,route,1,ORD-MSP,104,58,29,22,213,51,0.2394366197,0.275,0.431372549,0.3580246914,0.4084507042,255001,
oof_p6_clean,route,1,ORD-OMA,84,9,18,2,113,20,0.1769911504,0.1818181818,0.1,0.09677419355,0.2389380531,255001,
oof_p6_clean,route,1,ORD-PHL,91,34,21,12,158,33,0.2088607595,0.2608695652,0.3636363636,0.272,0.3481012658,255001,
oof_p6_clean,route,1,ORD-PHX,113,18,21,9,161,30,0.1863354037,0.3333333333,0.3,0.1374045802,0.2422360248,255001,
oof_p6_clean,route,1,ORD-PIT,80,30,18,7,135,25,0.1851851852,0.1891891892,0.28,0.2727272727,0.3555555556,255001,
oof_p6_clean,route,1,ORD-RDU,87,18,13,5,123,18,0.1463414634,0.2173913043,0.2777777778,0.1714285714,0.2520325203,255001,
oof_p6_clean,route,1,ORD-RSW,79,10,11,3,103,14,0.1359223301,0.2307692308,0.2142857143,0.1123595506,0.2038834951,255001,
oof_p6_clean,route,1,ORD-SDF,50,44,17,17,128,34,0.265625,0.2786885246,0.5,0.4680851064,0.4765625,255001,
oof_p6_clean,route,1,ORD-SEA,71,60,24,21,176,45,0.2556818182,0.2592592593,0.4666666667,0.4580152672,0.4772727273,255001,
oof_p6_clean,route,1,ORD-SFO,35,119,16,52,222,68,0.3063063063,0.3040935673,0.7647058824,0.7727272727,0.6081081081,255001,
oof_p6_clean,route,1,ORD-SLC,66,19,19,3,107,22,0.2056074766,0.1363636364,0.1363636364,0.2235294118,0.3551401869,255001,
oof_p6_clean,route,1,ORD-STL,91,37,19,19,166,38,0.2289156627,0.3392857143,0.5,0.2890625,0.3373493976,255001,
oof_p6_clean,route,1,ORD-TVC,62,18,13,8,101,21,0.2079207921,0.3076923077,0.380952381,0.225,0.3069306931,255001,
oof_p6_clean,route,1,PBI-ATL,106,10,16,3,135,19,0.1407407407,0.2307692308,0.1578947368,0.08620689655,0.1925925926,255001,
oof_p6_clean,route,1,PBI-EWR,56,35,9,25,125,34,0.272,0.4166666667,0.7352941176,0.3846153846,0.352,255001,
oof_p6_clean,route,1,PDX-DEN,131,4,18,0,153,18,0.1176470588,0,0,0.02962962963,0.1437908497,255001,
oof_p6_clean,route,1,PDX-LAS,88,16,10,10,124,20,0.1612903226,0.3846153846,0.5,0.1538461538,0.2096774194,255001,
oof_p6_clean,route,1,PDX-LAX,153,5,23,2,183,25,0.1366120219,0.2857142857,0.08,0.03164556962,0.1530054645,255001,
oof_p6_clean,route,1,PDX-OAK,81,8,10,2,101,12,0.1188118812,0.2,0.1666666667,0.08988764045,0.1782178218,255001,
oof_p6_clean,route,1,PDX-SEA,269,25,61,2,357,63,0.1764705882,0.07407407407,0.03174603175,0.08503401361,0.2408963585,255001,
oof_p6_clean,route,1,PDX-SFO,105,57,36,7,205,43,0.2097560976,0.109375,0.1627906977,0.3518518519,0.4536585366,255001,
oof_p6_clean,route,1,PDX-SJC,107,11,17,3,138,20,0.1449275362,0.2142857143,0.15,0.09322033898,0.2028985507,255001,
oof_p6_clean,route,1,PDX-SMF,90,7,13,0,110,13,0.1181818182,0,0,0.07216494845,0.1818181818,255001,
oof_p6_clean,route,1,PHL-ATL,158,0,21,0,179,21,0.1173184358,,0,0,0.1173184358,255001,
oof_p6_clean,route,1,PHL-BOS,100,60,25,16,201,41,0.2039800995,0.2105263158,0.3902439024,0.375,0.4228855721,255001,
oof_p6_clean,route,1,PHL-DEN,49,30,11,17,107,28,0.261682243,0.3617021277,0.6071428571,0.3797468354,0.3831775701,255001,
oof_p6_clean,route,1,PHL-MCO,101,45,17,25,188,42,0.2234042553,0.3571428571,0.5952380952,0.3082191781,0.329787234,255001,
oof_p6_clean,route,1,PHL-ORD,110,17,13,9,149,22,0.1476510067,0.3461538462,0.4090909091,0.1338582677,0.2013422819,255001,
oof_p6_clean,route,1,PHX-ABQ,92,22,19,10,143,29,0.2027972028,0.3125,0.3448275862,0.1929824561,0.2867132867,255001,
oof_p6_clean,route,1,PHX-ATL,78,6,15,3,102,18,0.1764705882,0.3333333333,0.1666666667,0.07142857143,0.2058823529,255001,
oof_p6_clean,route,1,PHX-BUR,67,14,12,10,103,22,0.213592233,0.4166666667,0.4545454545,0.1728395062,0.2524271845,255001,
oof_p6_clean,route,1,PHX-DEN,213,32,35,5,285,40,0.1403508772,0.1351351351,0.125,0.1306122449,0.2350877193,255001,
oof_p6_clean,route,1,PHX-DFW,86,10,20,2,118,22,0.186440678,0.1666666667,0.09090909091,0.1041666667,0.2542372881,255001,
oof_p6_clean,route,1,PHX-IAH,68,14,15,8,105,23,0.219047619,0.3636363636,0.347826087,0.1707317073,0.2761904762,255001,
oof_p6_clean,route,1,PHX-LAS,150,27,32,3,212,35,0.1650943396,0.1,0.08571428571,0.1525423729,0.2783018868,255001,
oof_p6_clean,route,1,PHX-LAX,141,66,24,27,258,51,0.1976744186,0.2903225806,0.5294117647,0.3188405797,0.3488372093,255001,
oof_p6_clean,route,1,PHX-MDW,62,23,11,10,106,21,0.1981132075,0.303030303,0.4761904762,0.2705882353,0.320754717,255001,
oof_p6_clean,route,1,PHX-MSP,96,1,14,0,111,14,0.1261261261,0,0,0.01030927835,0.1351351351,255001,
oof_p6_clean,route,1,PHX-OAK,81,26,12,12,131,24,0.1832061069,0.3157894737,0.5,0.2429906542,0.2900763359,255001,
oof_p6_clean,route,1,PHX-ONT,61,30,13,19,123,32,0.2601626016,0.387755102,0.59375,0.3296703297,0.3495934959,255001,
oof_p6_clean,route,1,PHX-ORD,145,13,24,3,185,27,0.1459459459,0.1875,0.1111111111,0.08227848101,0.2,255001,
oof_p6_clean,route,1,PHX-PDX,63,16,10,11,100,21,0.21,0.4074074074,0.5238095238,0.2025316456,0.26,255001,
oof_p6_clean,route,1,PHX-SAN,94,41,10,23,168,33,0.1964285714,0.359375,0.696969697,0.3037037037,0.3035714286,255001,
oof_p6_clean,route,1,PHX-SEA,130,26,30,9,195,39,0.2,0.2571428571,0.2307692308,0.1666666667,0.2871794872,255001,
oof_p6_clean,route,1,PHX-SFO,72,53,21,20,166,41,0.2469879518,0.2739726027,0.487804878,0.424,0.4457831325,255001,
oof_p6_clean,route,1,PHX-SJC,95,13,11,10,129,21,0.1627906977,0.4347826087,0.4761904762,0.1203703704,0.1860465116,255001,
oof_p6_clean,route,1,PHX-SLC,85,38,19,14,156,33,0.2115384615,0.2692307692,0.4242424242,0.3089430894,0.3653846154,255001,
oof_p6_clean,route,1,PHX-SNA,90,27,21,5,143,26,0.1818181818,0.15625,0.1923076923,0.2307692308,0.3356643357,255001,
oof_p6_clean,route,1,PIT-ATL,107,3,12,0,122,12,0.09836065574,0,0,0.02727272727,0.1229508197,255001,
oof_p6_clean,route,1,PIT-BOS,63,24,4,17,108,21,0.1944444444,0.4146341463,0.8095238095,0.275862069,0.2592592593,255001,
oof_p6_clean,route,1,PIT-LGA,66,26,11,16,119,27,0.2268907563,0.380952381,0.5925925926,0.2826086957,0.3109243697,255001,
oof_p6_clean,route,1,PIT-ORD,101,12,14,2,129,16,0.1240310078,0.1428571429,0.125,0.1061946903,0.2015503876,255001,
oof_p6_clean,route,1,PSC-SEA,93,2,12,3,110,15,0.1363636364,0.6,0.2,0.02105263158,0.1272727273,255001,
oof_p6_clean,route,1,RDU-ATL,139,15,21,6,181,27,0.1491712707,0.2857142857,0.2222222222,0.0974025974,0.1988950276,255001,
oof_p6_clean,route,1,RDU-BOS,64,29,10,17,120,27,0.225,0.3695652174,0.6296296296,0.311827957,0.325,255001,
oof_p6_clean,route,1,RDU-EWR,56,36,10,23,125,33,0.264,0.3898305085,0.696969697,0.3913043478,0.368,255001,
oof_p6_clean,route,1,RDU-LGA,63,28,15,13,119,28,0.2352941176,0.3170731707,0.4642857143,0.3076923077,0.3613445378,255001,
oof_p6_clean,route,1,RDU-ORD,62,22,13,12,109,25,0.2293577982,0.3529411765,0.48,0.2619047619,0.3211009174,255001,
oof_p6_clean,route,1,RIC-ATL,84,20,16,1,121,17,0.1404958678,0.04761904762,0.05882352941,0.1923076923,0.2975206612,255001,
oof_p6_clean,route,1,RIC-ORD,54,24,11,13,102,24,0.2352941176,0.3513513514,0.5416666667,0.3076923077,0.3431372549,255001,
oof_p6_clean,route,1,RNO-LAS,64,33,9,14,120,23,0.1916666667,0.2978723404,0.6086956522,0.3402061856,0.35,255001,
oof_p6_clean,route,1,RNO-LAX,92,8,15,0,115,15,0.1304347826,0,0,0.08,0.2,255001,
oof_p6_clean,route,1,SAN-DEN,108,25,16,14,163,30,0.1840490798,0.358974359,0.4666666667,0.1879699248,0.2515337423,255001,
oof_p6_clean,route,1,SAN-LAS,153,22,27,4,206,31,0.1504854369,0.1538461538,0.1290322581,0.1257142857,0.2378640777,255001,
oof_p6_clean,route,1,SAN-LAX,133,10,27,0,170,27,0.1588235294,0,0,0.06993006993,0.2176470588,255001,
oof_p6_clean,route,1,SAN-OAK,91,44,14,23,172,37,0.2151162791,0.3432835821,0.6216216216,0.3259259259,0.3372093023,255001,
oof_p6_clean,route,1,SAN-ORD,90,2,10,0,102,10,0.09803921569,0,0,0.02173913043,0.1176470588,255001,
oof_p6_clean,route,1,SAN-PHX,101,41,15,17,174,32,0.183908046,0.2931034483,0.53125,0.2887323944,0.3218390805,255001,
oof_p6_clean,route,1,SAN-SEA,134,12,25,2,173,27,0.1560693642,0.1428571429,0.07407407407,0.08219178082,0.2138728324,255001,
oof_p6_clean,route,1,SAN-SFO,89,117,31,38,275,69,0.2509090909,0.2451612903,0.5507246377,0.567961165,0.5381818182,255001,
oof_p6_clean,route,1,SAN-SJC,182,4,22,0,208,22,0.1057692308,0,0,0.02150537634,0.125,255001,
oof_p6_clean,route,1,SAN-SMF,188,20,26,5,239,31,0.129707113,0.2,0.1612903226,0.09615384615,0.1924686192,255001,
oof_p6_clean,route,1,SAT-ATL,78,9,10,5,102,15,0.1470588235,0.3571428571,0.3333333333,0.1034482759,0.1862745098,255001,
oof_p6_clean,route,1,SAT-DAL,96,21,16,6,139,22,0.1582733813,0.2222222222,0.2727272727,0.1794871795,0.2661870504,255001,
oof_p6_clean,route,1,SAT-DEN,93,7,11,0,111,11,0.0990990991,0,0,0.07,0.1621621622,255001,
oof_p6_clean,route,1,SAT-DFW,93,1,9,0,103,9,0.08737864078,0,0,0.01063829787,0.09708737864,255001,
oof_p6_clean,route,1,SAT-IAH,81,20,16,8,125,24,0.192,0.2857142857,0.3333333333,0.198019802,0.288,255001,
oof_p6_clean,route,1,SAT-LAX,90,7,11,0,108,11,0.1018518519,0,0,0.07216494845,0.1666666667,255001,
oof_p6_clean,route,1,SAV-ATL,84,7,16,1,108,17,0.1574074074,0.125,0.05882352941,0.07692307692,0.212962963,255001,
oof_p6_clean,route,1,SDF-ORD,89,18,19,8,134,27,0.2014925373,0.3076923077,0.2962962963,0.1682242991,0.276119403,255001,
oof_p6_clean,route,1,SEA-ANC,205,4,37,1,247,38,0.1538461538,0.2,0.02631578947,0.01913875598,0.1659919028,255001,
oof_p6_clean,route,1,SEA-BOI,159,1,23,0,183,23,0.1256830601,0,0,0.00625,0.131147541,255001,
oof_p6_clean,route,1,SEA-DEN,176,31,31,12,250,43,0.172,0.2790697674,0.2790697674,0.1497584541,0.248,255001,
oof_p6_clean,route,1,SEA-DFW,63,21,12,13,109,25,0.2293577982,0.3823529412,0.52,0.25,0.3027522936,255001,
oof_p6_clean,route,1,SEA-GEG,180,31,38,7,256,45,0.17578125,0.1842105263,0.1555555556,0.1469194313,0.26953125,255001,
oof_p6_clean,route,1,SEA-LAS,180,9,23,8,220,31,0.1409090909,0.4705882353,0.2580645161,0.04761904762,0.1454545455,255001,
oof_p6_clean,route,1,SEA-LAX,244,25,54,9,332,63,0.1897590361,0.2647058824,0.1428571429,0.09293680297,0.2379518072,255001,
oof_p6_clean,route,1,SEA-OAK,133,0,9,0,142,9,0.06338028169,,0,0,0.06338028169,255001,
oof_p6_clean,route,1,SEA-ORD,144,10,29,6,189,35,0.1851851852,0.375,0.1714285714,0.06493506494,0.2063492063,255001,
oof_p6_clean,route,1,SEA-PDX,307,8,54,0,369,54,0.1463414634,0,0,0.0253968254,0.1680216802,255001,
oof_p6_clean,route,1,SEA-PHX,147,16,28,3,194,31,0.1597938144,0.1578947368,0.09677419355,0.0981595092,0.2268041237,255001,
oof_p6_clean,route,1,SEA-PSC,89,9,21,4,123,25,0.2032520325,0.3076923077,0.16,0.09183673469,0.243902439,255001,
oof_p6_clean,route,1,SEA-SAN,104,19,25,3,151,28,0.1854304636,0.1363636364,0.1071428571,0.1544715447,0.2913907285,255001,
oof_p6_clean,route,1,SEA-SFO,174,78,51,15,318,66,0.2075471698,0.1612903226,0.2272727273,0.3095238095,0.4056603774,255001,
oof_p6_clean,route,1,SEA-SJC,131,25,31,9,196,40,0.2040816327,0.2647058824,0.225,0.1602564103,0.2857142857,255001,
oof_p6_clean,route,1,SEA-SLC,108,5,17,2,132,19,0.1439393939,0.2857142857,0.1052631579,0.04424778761,0.1666666667,255001,
oof_p6_clean,route,1,SEA-SMF,127,18,22,6,173,28,0.161849711,0.25,0.2142857143,0.124137931,0.2312138728,255001,
oof_p6_clean,route,1,SEA-SNA,121,3,17,1,142,18,0.1267605634,0.25,0.05555555556,0.02419354839,0.1408450704,255001,
oof_p6_clean,route,1,SFO-ATL,97,6,15,1,119,16,0.1344537815,0.1428571429,0.0625,0.05825242718,0.1764705882,255001,
oof_p6_clean,route,1,SFO-AUS,69,13,15,3,100,18,0.18,0.1875,0.1666666667,0.1585365854,0.28,255001,
oof_p6_clean,route,1,SFO-BOS,94,56,20,31,201,51,0.2537313433,0.3563218391,0.6078431373,0.3733333333,0.3781094527,255001,
oof_p6_clean,route,1,SFO-BUR,87,22,22,8,139,30,0.2158273381,0.2666666667,0.2666666667,0.2018348624,0.3165467626,255001,
oof_p6_clean,route,1,SFO-DEN,83,85,23,33,224,56,0.25,0.2796610169,0.5892857143,0.505952381,0.4821428571,255001,
oof_p6_clean,route,1,SFO-DFW,71,51,3,31,156,34,0.2179487179,0.3780487805,0.9117647059,0.4180327869,0.3461538462,255001,
oof_p6_clean,route,1,SFO-EWR,110,41,19,30,200,49,0.245,0.4225352113,0.612244898,0.2715231788,0.3,255001,
oof_p6_clean,route,1,SFO-HNL,54,25,18,8,105,26,0.2476190476,0.2424242424,0.3076923077,0.3164556962,0.4095238095,255001,
oof_p6_clean,route,1,SFO-IAD,74,28,20,7,129,27,0.2093023256,0.2,0.2592592593,0.2745098039,0.3720930233,255001,
oof_p6_clean,route,1,SFO-IAH,61,42,15,17,135,32,0.237037037,0.2881355932,0.53125,0.4077669903,0.4222222222,255001,
oof_p6_clean,route,1,SFO-JFK,159,39,31,9,238,40,0.1680672269,0.1875,0.225,0.196969697,0.2941176471,255001,
oof_p6_clean,route,1,SFO-LAS,172,58,39,20,289,59,0.2041522491,0.2564102564,0.3389830508,0.252173913,0.3356401384,255001,
oof_p6_clean,route,1,SFO-LAX,393,68,83,19,563,102,0.1811722913,0.2183908046,0.1862745098,0.147505423,0.2682060391,255001,
oof_p6_clean,route,1,SFO-ORD,145,34,29,9,217,38,0.1751152074,0.2093023256,0.2368421053,0.1899441341,0.2903225806,255001,
oof_p6_clean,route,1,SFO-PDX,165,10,30,2,207,32,0.154589372,0.1666666667,0.0625,0.05714285714,0.193236715,255001,
oof_p6_clean,route,1,SFO-PHX,112,30,18,12,172,30,0.1744186047,0.2857142857,0.4,0.2112676056,0.2790697674,255001,
oof_p6_clean,route,1,SFO-PSP,64,19,16,4,103,20,0.1941747573,0.1739130435,0.2,0.2289156627,0.3398058252,255001,
oof_p6_clean,route,1,SFO-SAN,164,48,42,12,266,54,0.2030075188,0.2,0.2222222222,0.2264150943,0.3383458647,255001,
oof_p6_clean,route,1,SFO-SEA,111,113,40,43,307,83,0.2703583062,0.2756410256,0.5180722892,0.5044642857,0.4983713355,255001,
oof_p6_clean,route,1,SFO-SLC,70,20,23,6,119,29,0.243697479,0.2307692308,0.2068965517,0.2222222222,0.3613445378,255001,
oof_p6_clean,route,1,SFO-SNA,113,18,25,2,158,27,0.1708860759,0.1,0.07407407407,0.1374045802,0.2721518987,255001,
oof_p6_clean,route,1,SGF-ORD,81,9,17,0,107,17,0.1588785047,0,0,0.1,0.2429906542,255001,
oof_p6_clean,route,1,SJC-BUR,96,18,13,6,133,19,0.1428571429,0.25,0.3157894737,0.1578947368,0.2330827068,255001,
oof_p6_clean,route,1,SJC-DEN,87,20,16,10,133,26,0.1954887218,0.3333333333,0.3846153846,0.1869158879,0.2706766917,255001,
oof_p6_clean,route,1,SJC-LAS,91,45,14,15,165,29,0.1757575758,0.25,0.5172413793,0.3308823529,0.3575757576,255001,
oof_p6_clean,route,1,SJC-LAX,205,50,31,25,311,56,0.1800643087,0.3333333333,0.4464285714,0.1960784314,0.2604501608,255001,
oof_p6_clean,route,1,SJC-PDX,139,2,14,0,155,14,0.09032258065,0,0,0.01418439716,0.1032258065,255001,
oof_p6_clean,route,1,SJC-PHX,75,18,9,6,108,15,0.1388888889,0.25,0.4,0.1935483871,0.25,255001,
oof_p6_clean,route,1,SJC-SAN,170,30,26,6,232,32,0.1379310345,0.1666666667,0.1875,0.15,0.2413793103,255001,
oof_p6_clean,route,1,SJC-SEA,150,22,31,6,209,37,0.1770334928,0.2142857143,0.1621621622,0.1279069767,0.2535885167,255001,
oof_p6_clean,route,1,SJC-SNA,135,8,16,3,162,19,0.1172839506,0.2727272727,0.1578947368,0.05594405594,0.1481481481,255001,
oof_p6_clean,route,1,SJU-FLL,79,32,14,13,138,27,0.1956521739,0.2888888889,0.4814814815,0.2882882883,0.3333333333,255001,
oof_p6_clean,route,1,SJU-JFK,56,29,12,12,109,24,0.2201834862,0.2926829268,0.5,0.3411764706,0.376146789,255001,
oof_p6_clean,route,1,SJU-MCO,125,38,22,8,193,30,0.1554404145,0.1739130435,0.2666666667,0.2331288344,0.310880829,255001,
oof_p6_clean,route,1,SLC-DEN,221,18,26,4,269,30,0.1115241636,0.1818181818,0.1333333333,0.07531380753,0.1635687732,255001,
oof_p6_clean,route,1,SLC-DFW,86,3,14,0,103,14,0.1359223301,0,0,0.03370786517,0.1650485437,255001,
oof_p6_clean,route,1,SLC-LAS,103,12,16,5,136,21,0.1544117647,0.2941176471,0.2380952381,0.1043478261,0.2058823529,255001,
oof_p6_clean,route,1,SLC-LAX,146,5,24,2,177,26,0.1468926554,0.2857142857,0.07692307692,0.03311258278,0.1638418079,255001,
oof_p6_clean,route,1,SLC-ORD,47,43,11,19,120,30,0.25,0.3064516129,0.6333333333,0.4777777778,0.45,255001,
oof_p6_clean,route,1,SLC-PHX,115,16,17,2,150,19,0.1266666667,0.1111111111,0.1052631579,0.1221374046,0.22,255001,
oof_p6_clean,route,1,SLC-SEA,118,2,16,1,137,17,0.1240875912,0.3333333333,0.05882352941,0.01666666667,0.1313868613,255001,
oof_p6_clean,route,1,SLC-SFO,33,51,10,22,116,32,0.275862069,0.301369863,0.6875,0.6071428571,0.525862069,255001,
oof_p6_clean,route,1,SMF-BUR,97,5,10,1,113,11,0.09734513274,0.1666666667,0.09090909091,0.04901960784,0.1327433628,255001,
oof_p6_clean,route,1,SMF-DEN,91,9,11,4,115,15,0.1304347826,0.3076923077,0.2666666667,0.09,0.1739130435,255001,
oof_p6_clean,route,1,SMF-LAS,116,3,16,1,136,17,0.125,0.25,0.05882352941,0.02521008403,0.1397058824,255001,
oof_p6_clean,route,1,SMF-LAX,213,21,33,4,271,37,0.1365313653,0.16,0.1081081081,0.08974358974,0.1992619926,255001,
oof_p6_clean,route,1,SMF-PDX,97,1,4,0,102,4,0.03921568627,0,0,0.01020408163,0.04901960784,255001,
oof_p6_clean,route,1,SMF-PHX,89,9,10,1,109,11,0.1009174312,0.1,0.09090909091,0.09183673469,0.1743119266,255001,
oof_p6_clean,route,1,SMF-SAN,164,8,20,1,193,21,0.1088082902,0.1111111111,0.04761904762,0.04651162791,0.1450777202,255001,
oof_p6_clean,route,1,SMF-SEA,128,14,23,2,167,25,0.1497005988,0.125,0.08,0.0985915493,0.2215568862,255001,
oof_p6_clean,route,1,SNA-DEN,115,10,16,2,143,18,0.1258741259,0.1666666667,0.1111111111,0.08,0.1818181818,255001,
oof_p6_clean,route,1,SNA-LAS,109,3,11,0,123,11,0.08943089431,0,0,0.02678571429,0.1138211382,255001,
oof_p6_clean,route,1,SNA-OAK,69,20,8,9,106,17,0.1603773585,0.3103448276,0.5294117647,0.2247191011,0.2641509434,255001,
oof_p6_clean,route,1,SNA-PHX,83,20,12,10,125,22,0.176,0.3333333333,0.4545454545,0.1941747573,0.256,255001,
oof_p6_clean,route,1,SNA-SEA,103,11,15,4,133,19,0.1428571429,0.2666666667,0.2105263158,0.09649122807,0.1954887218,255001,
oof_p6_clean,route,1,SNA-SFO,95,20,19,4,138,23,0.1666666667,0.1666666667,0.1739130435,0.1739130435,0.2826086957,255001,
oof_p6_clean,route,1,SNA-SJC,178,7,21,2,208,23,0.1105769231,0.2222222222,0.08695652174,0.03783783784,0.1346153846,255001,
oof_p6_clean,route,1,STL-ATL,88,21,13,5,127,18,0.1417322835,0.1923076923,0.2777777778,0.1926605505,0.2677165354,255001,
oof_p6_clean,route,1,STL-DEN,96,26,18,13,153,31,0.2026143791,0.3333333333,0.4193548387,0.2131147541,0.2875816993,255001,
oof_p6_clean,route,1,STL-LGA,40,40,11,14,105,25,0.2380952381,0.2592592593,0.56,0.5,0.4857142857,255001,
oof_p6_clean,route,1,STL-ORD,77,47,26,13,163,39,0.2392638037,0.2166666667,0.3333333333,0.3790322581,0.4478527607,255001,
oof_p6_clean,route,1,TPA-ATL,185,12,31,1,229,32,0.1397379913,0.07692307692,0.03125,0.06091370558,0.1877729258,255001,
oof_p6_clean,route,1,TPA-BOS,63,15,9,13,100,22,0.22,0.4642857143,0.5909090909,0.1923076923,0.24,255001,
oof_p6_clean,route,1,TPA-BWI,91,6,15,0,112,15,0.1339285714,0,0,0.0618556701,0.1875,255001,
oof_p6_clean,route,1,TPA-FLL,74,14,8,4,100,12,0.12,0.2222222222,0.3333333333,0.1590909091,0.22,255001,
oof_p6_clean,route,1,TPA-ORD,75,12,14,4,105,18,0.1714285714,0.25,0.2222222222,0.1379310345,0.2476190476,255001,
oof_p6_clean,route,7,(기타: 라벨 100행 미만 노선),112960,20297,19452,8317,161026,27769,0.1724504117,0.2906619137,0.2995066441,0.1523147002,0.2468483351,255001,
oof_p6_clean,route,7,ABQ-DEN,93,8,14,1,116,15,0.1293103448,0.1111111111,0.06666666667,0.07920792079,0.1896551724,255001,
oof_p6_clean,route,7,ABQ-PHX,73,23,12,14,122,26,0.2131147541,0.3783783784,0.5384615385,0.2395833333,0.2868852459,255001,
oof_p6_clean,route,7,ANC-SEA,192,5,26,0,223,26,0.1165919283,0,0,0.02538071066,0.1390134529,255001,
oof_p6_clean,route,7,ATL-AUS,78,14,14,8,114,22,0.1929824561,0.3636363636,0.3636363636,0.152173913,0.2456140351,255001,
oof_p6_clean,route,7,ATL-BNA,113,7,14,2,136,16,0.1176470588,0.2222222222,0.125,0.05833333333,0.1544117647,255001,
oof_p6_clean,route,7,ATL-BOS,131,41,25,10,207,35,0.1690821256,0.1960784314,0.2857142857,0.238372093,0.3188405797,255001,
oof_p6_clean,route,7,ATL-BWI,144,17,27,6,194,33,0.1701030928,0.2608695652,0.1818181818,0.1055900621,0.2268041237,255001,
oof_p6_clean,route,7,ATL-CLE,97,3,14,1,115,15,0.1304347826,0.25,0.06666666667,0.03,0.147826087,255001,
oof_p6_clean,route,7,ATL-CLT,127,7,15,5,154,20,0.1298701299,0.4166666667,0.25,0.05223880597,0.1428571429,255001,
oof_p6_clean,route,7,ATL-CMH,76,7,14,4,101,18,0.1782178218,0.3636363636,0.2222222222,0.0843373494,0.2079207921,255001,
oof_p6_clean,route,7,ATL-DCA,159,20,24,10,213,34,0.1596244131,0.3333333333,0.2941176471,0.1117318436,0.20657277,255001,
oof_p6_clean,route,7,ATL-DEN,144,19,20,18,201,38,0.1890547264,0.4864864865,0.4736842105,0.1165644172,0.1940298507,255001,
oof_p6_clean,route,7,ATL-DFW,124,12,26,4,166,30,0.1807228916,0.25,0.1333333333,0.08823529412,0.2289156627,255001,
oof_p6_clean,route,7,ATL-DTW,123,8,21,7,159,28,0.1761006289,0.4666666667,0.25,0.06106870229,0.1823899371,255001,
oof_p6_clean,route,7,ATL-EWR,68,72,12,51,203,63,0.3103448276,0.4146341463,0.8095238095,0.5142857143,0.4137931034,255001,
oof_p6_clean,route,7,ATL-FLL,228,26,29,8,291,37,0.1271477663,0.2352941176,0.2162162162,0.1023622047,0.1890034364,255001,
oof_p6_clean,route,7,ATL-GSP,69,20,12,7,108,19,0.1759259259,0.2592592593,0.3684210526,0.2247191011,0.2962962963,255001,
oof_p6_clean,route,7,ATL-HOU,82,22,19,12,135,31,0.2296296296,0.3529411765,0.3870967742,0.2115384615,0.3037037037,255001,
oof_p6_clean,route,7,ATL-IAD,96,16,23,5,140,28,0.2,0.2380952381,0.1785714286,0.1428571429,0.2785714286,255001,
oof_p6_clean,route,7,ATL-IAH,137,4,31,1,173,32,0.1849710983,0.2,0.03125,0.02836879433,0.2023121387,255001,
oof_p6_clean,route,7,ATL-IND,117,4,17,2,140,19,0.1357142857,0.3333333333,0.1052631579,0.03305785124,0.15,255001,
oof_p6_clean,route,7,ATL-JAX,124,3,13,2,142,15,0.1056338028,0.4,0.1333333333,0.02362204724,0.1126760563,255001,
oof_p6_clean,route,7,ATL-LAS,119,9,21,0,149,21,0.1409395973,0,0,0.0703125,0.2013422819,255001,
oof_p6_clean,route,7,ATL-LAX,100,53,26,23,202,49,0.2425742574,0.3026315789,0.4693877551,0.3464052288,0.3910891089,255001,
oof_p6_clean,route,7,ATL-LGA,124,73,29,29,255,58,0.2274509804,0.2843137255,0.5,0.3705583756,0.4,255001,
oof_p6_clean,route,7,ATL-MCI,98,12,18,4,132,22,0.1666666667,0.25,0.1818181818,0.1090909091,0.2272727273,255001,
oof_p6_clean,route,7,ATL-MCO,179,67,36,25,307,61,0.1986970684,0.2717391304,0.4098360656,0.2723577236,0.335504886,255001,
oof_p6_clean,route,7,ATL-MEM,97,0,11,0,108,11,0.1018518519,,0,0,0.1018518519,255001,
oof_p6_clean,route,7,ATL-MIA,160,4,16,1,181,17,0.09392265193,0.2,0.05882352941,0.0243902439,0.1104972376,255001,
oof_p6_clean,route,7,ATL-MSP,119,11,28,3,161,31,0.1925465839,0.2142857143,0.09677419355,0.08461538462,0.2422360248,255001,
oof_p6_clean,route,7,ATL-MSY,127,12,20,5,164,25,0.1524390244,0.2941176471,0.2,0.08633093525,0.1951219512,255001,
oof_p6_clean,route,7,ATL-ORD,185,14,41,5,245,46,0.187755102,0.2631578947,0.1086956522,0.07035175879,0.2244897959,255001,
oof_p6_clean,route,7,ATL-PBI,59,27,11,14,111,25,0.2252252252,0.3414634146,0.56,0.3139534884,0.3423423423,255001,
oof_p6_clean,route,7,ATL-PHL,190,8,19,7,224,26,0.1160714286,0.4666666667,0.2692307692,0.0404040404,0.1205357143,255001,
oof_p6_clean,route,7,ATL-RDU,133,14,24,6,177,30,0.1694915254,0.3,0.2,0.09523809524,0.2146892655,255001,
oof_p6_clean,route,7,ATL-RIC,105,2,14,1,122,15,0.1229508197,0.3333333333,0.06666666667,0.01869158879,0.131147541,255001,
oof_p6_clean,route,7,ATL-RSW,85,8,17,1,111,18,0.1621621622,0.1111111111,0.05555555556,0.08602150538,0.2252252252,255001,
oof_p6_clean,route,7,ATL-SAT,77,7,14,9,107,23,0.214953271,0.5625,0.3913043478,0.08333333333,0.1962616822,255001,
oof_p6_clean,route,7,ATL-STL,107,7,15,3,132,18,0.1363636364,0.3,0.1666666667,0.06140350877,0.1666666667,255001,
oof_p6_clean,route,7,ATL-TPA,177,18,23,10,228,33,0.1447368421,0.3571428571,0.303030303,0.09230769231,0.1798245614,255001,
oof_p6_clean,route,7,AUS-ATL,109,4,17,2,132,19,0.1439393939,0.3333333333,0.1052631579,0.03539823009,0.1590909091,255001,
oof_p6_clean,route,7,AUS-DAL,101,10,10,0,121,10,0.0826446281,0,0,0.09009009009,0.1652892562,255001,
oof_p6_clean,route,7,AUS-DEN,109,25,18,18,170,36,0.2117647059,0.4186046512,0.5,0.1865671642,0.2529411765,255001,
oof_p6_clean,route,7,AUS-IAH,101,4,16,0,121,16,0.132231405,0,0,0.0380952381,0.1652892562,255001,
oof_p6_clean,route,7,AUS-LAX,92,9,14,3,118,17,0.1440677966,0.25,0.1764705882,0.08910891089,0.1949152542,255001,
oof_p6_clean,route,7,AUS-PHX,82,17,8,4,111,12,0.1081081081,0.1904761905,0.3333333333,0.1717171717,0.2252252252,255001,
oof_p6_clean,route,7,AUS-SFO,60,23,14,8,105,22,0.2095238095,0.2580645161,0.3636363636,0.2771084337,0.3523809524,255001,
oof_p6_clean,route,7,BNA-ATL,114,8,19,2,143,21,0.1468531469,0.2,0.09523809524,0.06557377049,0.1888111888,255001,
oof_p6_clean,route,7,BNA-DEN,96,18,18,5,137,23,0.1678832117,0.2173913043,0.2173913043,0.1578947368,0.2627737226,255001,
oof_p6_clean,route,7,BNA-LGA,38,50,14,21,123,35,0.2845528455,0.2957746479,0.6,0.5681818182,0.5203252033,255001,
oof_p6_clean,route,7,BNA-ORD,94,35,20,21,170,41,0.2411764706,0.375,0.512195122,0.2713178295,0.3235294118,255001,
oof_p6_clean,route,7,BOI-SEA,146,2,18,0,166,18,0.1084337349,0,0,0.01351351351,0.1204819277,255001,
oof_p6_clean,route,7,BOS-ATL,139,32,22,12,205,34,0.1658536585,0.2727272727,0.3529411765,0.1871345029,0.2634146341,255001,
oof_p6_clean,route,7,BOS-BWI,111,57,16,31,215,47,0.2186046512,0.3522727273,0.6595744681,0.3392857143,0.3395348837,255001,
oof_p6_clean,route,7,BOS-CLT,74,13,11,7,105,18,0.1714285714,0.35,0.3888888889,0.1494252874,0.2285714286,255001,
oof_p6_clean,route,7,BOS-DCA,131,49,17,28,225,45,0.2,0.3636363636,0.6222222222,0.2722222222,0.2933333333,255001,
oof_p6_clean,route,7,BOS-DEN,71,27,7,10,115,17,0.147826087,0.2702702703,0.5882352941,0.2755102041,0.2956521739,255001,
oof_p6_clean,route,7,BOS-DFW,66,16,10,9,101,19,0.1881188119,0.36,0.4736842105,0.1951219512,0.2574257426,255001,
oof_p6_clean,route,7,BOS-DTW,74,27,13,12,126,25,0.1984126984,0.3076923077,0.48,0.2673267327,0.3174603175,255001,
oof_p6_clean,route,7,BOS-EWR,97,52,17,39,205,56,0.2731707317,0.4285714286,0.6964285714,0.3489932886,0.3365853659,255001,
oof_p6_clean,route,7,BOS-FLL,60,28,12,12,112,24,0.2142857143,0.3,0.5,0.3181818182,0.3571428571,255001,
oof_p6_clean,route,7,BOS-JFK,102,33,18,11,164,29,0.1768292683,0.25,0.3793103448,0.2444444444,0.3109756098,255001,
oof_p6_clean,route,7,BOS-LAX,87,49,16,14,166,30,0.1807228916,0.2222222222,0.4666666667,0.3602941176,0.3915662651,255001,
oof_p6_clean,route,7,BOS-LGA,128,74,27,33,262,60,0.2290076336,0.308411215,0.55,0.3663366337,0.3854961832,255001,
oof_p6_clean,route,7,BOS-MCO,90,42,17,14,163,31,0.1901840491,0.25,0.4516129032,0.3181818182,0.3619631902,255001,
oof_p6_clean,route,7,BOS-ORD,158,60,27,34,279,61,0.2186379928,0.3617021277,0.5573770492,0.2752293578,0.311827957,255001,
oof_p6_clean,route,7,BOS-PBI,46,30,12,14,102,26,0.2549019608,0.3181818182,0.5384615385,0.3947368421,0.4117647059,255001,
oof_p6_clean,route,7,BOS-PHL,114,46,19,18,197,37,0.1878172589,0.28125,0.4864864865,0.2875,0.3299492386,255001,
oof_p6_clean,route,7,BOS-PIT,68,28,15,6,117,21,0.1794871795,0.1764705882,0.2857142857,0.2916666667,0.3675213675,255001,
oof_p6_clean,route,7,BOS-RDU,80,28,14,13,135,27,0.2,0.3170731707,0.4814814815,0.2592592593,0.3111111111,255001,
oof_p6_clean,route,7,BOS-SFO,92,66,22,33,213,55,0.2582159624,0.3333333333,0.6,0.417721519,0.4131455399,255001,
oof_p6_clean,route,7,BUF-JFK,79,27,10,17,133,27,0.2030075188,0.3863636364,0.6296296296,0.2547169811,0.2781954887,255001,
oof_p6_clean,route,7,BUR-LAS,93,22,12,10,137,22,0.1605839416,0.3125,0.4545454545,0.1913043478,0.2481751825,255001,
oof_p6_clean,route,7,BUR-OAK,93,30,11,11,145,22,0.1517241379,0.2682926829,0.5,0.243902439,0.2827586207,255001,
oof_p6_clean,route,7,BUR-PHX,85,17,13,3,118,16,0.1355932203,0.15,0.1875,0.1666666667,0.2542372881,255001,
oof_p6_clean,route,7,BUR-SFO,42,45,15,16,118,31,0.2627118644,0.262295082,0.5161290323,0.5172413793,0.5084745763,255001,
oof_p6_clean,route,7,BUR-SJC,127,16,18,2,163,20,0.1226993865,0.1111111111,0.1,0.1118881119,0.2085889571,255001,
oof_p6_clean,route,7,BUR-SMF,98,10,13,1,122,14,0.1147540984,0.09090909091,0.07142857143,0.09259259259,0.1885245902,255001,
oof_p6_clean,route,7,BWI-ATL,151,24,18,10,203,28,0.1379310345,0.2941176471,0.3571428571,0.1371428571,0.2068965517,255001,
oof_p6_clean,route,7,BWI-BOS,114,65,20,28,227,48,0.2114537445,0.3010752688,0.5833333333,0.3631284916,0.3744493392,255001,
oof_p6_clean,route,7,BWI-CLT,93,10,16,6,125,22,0.176,0.375,0.2727272727,0.09708737864,0.208,255001,
oof_p6_clean,route,7,BWI-DEN,34,37,7,22,100,29,0.29,0.3728813559,0.7586206897,0.5211267606,0.44,255001,
oof_p6_clean,route,7,BWI-FLL,84,56,13,22,175,35,0.2,0.2820512821,0.6285714286,0.4,0.3942857143,255001,
oof_p6_clean,route,7,BWI-MCO,57,60,12,33,162,45,0.2777777778,0.3548387097,0.7333333333,0.5128205128,0.4444444444,255001,
oof_p6_clean,route,7,BWI-ORD,67,26,20,7,120,27,0.225,0.2121212121,0.2592592593,0.2795698925,0.3833333333,255001,
oof_p6_clean,route,7,BWI-RDU,54,34,11,13,112,24,0.2142857143,0.2765957447,0.5416666667,0.3863636364,0.4017857143,255001,
oof_p6_clean,route,7,BWI-TPA,93,13,14,6,126,20,0.1587301587,0.3157894737,0.3,0.1226415094,0.2142857143,255001,
oof_p6_clean,route,7,CHS-ATL,111,1,9,0,121,9,0.07438016529,0,0,0.008928571429,0.0826446281,255001,
oof_p6_clean,route,7,CID-ORD,78,22,19,4,123,23,0.1869918699,0.1538461538,0.1739130435,0.22,0.3333333333,255001,
oof_p6_clean,route,7,CLE-ATL,98,4,11,0,113,11,0.09734513274,0,0,0.03921568627,0.1327433628,255001,
oof_p6_clean,route,7,CLE-LGA,94,26,15,7,142,22,0.1549295775,0.2121212121,0.3181818182,0.2166666667,0.2887323944,255001,
oof_p6_clean,route,7,CLE-ORD,130,15,23,7,175,30,0.1714285714,0.3181818182,0.2333333333,0.1034482759,0.2171428571,255001,
oof_p6_clean,route,7,CLT-ATL,138,12,24,4,178,28,0.1573033708,0.25,0.1428571429,0.08,0.202247191,255001,
oof_p6_clean,route,7,CLT-BOS,40,39,10,14,103,24,0.2330097087,0.2641509434,0.5833333333,0.4936708861,0.4757281553,255001,
oof_p6_clean,route,7,CLT-BWI,71,15,10,7,103,17,0.1650485437,0.3181818182,0.4117647059,0.1744186047,0.2427184466,255001,
oof_p6_clean,route,7,CLT-DTW,93,4,9,1,107,10,0.09345794393,0.2,0.1,0.0412371134,0.1214953271,255001,
oof_p6_clean,route,7,CLT-EWR,72,35,12,12,131,24,0.1832061069,0.2553191489,0.5,0.3271028037,0.358778626,255001,
oof_p6_clean,route,7,CLT-IAD,111,0,12,0,123,12,0.09756097561,,0,0,0.09756097561,255001,
oof_p6_clean,route,7,CLT-IAH,80,8,20,5,113,25,0.2212389381,0.3846153846,0.2,0.09090909091,0.2477876106,255001,
oof_p6_clean,route,7,CLT-JFK,91,11,17,7,126,24,0.1904761905,0.3888888889,0.2916666667,0.1078431373,0.2222222222,255001,
oof_p6_clean,route,7,CLT-LGA,106,32,18,12,168,30,0.1785714286,0.2727272727,0.4,0.231884058,0.2976190476,255001,
oof_p6_clean,route,7,CLT-ORD,87,30,24,7,148,31,0.2094594595,0.1891891892,0.2258064516,0.2564102564,0.3648648649,255001,
oof_p6_clean,route,7,CMH-ATL,103,3,14,1,121,15,0.1239669421,0.25,0.06666666667,0.02830188679,0.1404958678,255001,
oof_p6_clean,route,7,CMH-LGA,52,25,12,17,106,29,0.2735849057,0.4047619048,0.5862068966,0.3246753247,0.3490566038,255001,
oof_p6_clean,route,7,CMH-ORD,114,26,24,7,171,31,0.1812865497,0.2121212121,0.2258064516,0.1857142857,0.2923976608,255001,
oof_p6_clean,route,7,COS-DEN,87,19,18,7,131,25,0.1908396947,0.2692307692,0.28,0.179245283,0.2824427481,255001,
oof_p6_clean,route,7,CVG-ORD,133,25,31,11,200,42,0.21,0.3055555556,0.2619047619,0.1582278481,0.28,255001,
oof_p6_clean,route,7,DAL-ATL,66,30,14,16,126,30,0.2380952381,0.347826087,0.5333333333,0.3125,0.3492063492,255001,
oof_p6_clean,route,7,DAL-AUS,73,33,10,8,124,18,0.1451612903,0.1951219512,0.4444444444,0.3113207547,0.3467741935,255001,
oof_p6_clean,route,7,DAL-HOU,105,81,17,47,250,64,0.256,0.3671875,0.734375,0.435483871,0.392,255001,
oof_p6_clean,route,7,DAL-MSY,53,35,6,17,111,23,0.2072072072,0.3269230769,0.7391304348,0.3977272727,0.3693693694,255001,
oof_p6_clean,route,7,DAL-SAT,61,49,14,26,150,40,0.2666666667,0.3466666667,0.65,0.4454545455,0.42,255001,
oof_p6_clean,route,7,DAY-ORD,80,25,21,7,133,28,0.2105263158,0.21875,0.25,0.2380952381,0.3458646617,255001,
oof_p6_clean,route,7,DCA-ATL,154,12,21,5,192,26,0.1354166667,0.2941176471,0.1923076923,0.07228915663,0.171875,255001,
oof_p6_clean,route,7,DCA-BOS,117,99,16,44,276,60,0.2173913043,0.3076923077,0.7333333333,0.4583333333,0.4166666667,255001,
oof_p6_clean,route,7,DCA-IAH,78,11,16,3,108,19,0.1759259259,0.2142857143,0.1578947368,0.1235955056,0.25,255001,
oof_p6_clean,route,7,DCA-LGA,73,62,23,19,177,42,0.2372881356,0.2345679012,0.4523809524,0.4592592593,0.4802259887,255001,
oof_p6_clean,route,7,DCA-MCO,96,12,10,6,124,16,0.1290322581,0.3333333333,0.375,0.1111111111,0.1774193548,255001,
oof_p6_clean,route,7,DCA-ORD,193,24,33,6,256,39,0.15234375,0.2,0.1538461538,0.1105990783,0.22265625,255001,
oof_p6_clean,route,7,DEN-ATL,135,15,23,2,175,25,0.1428571429,0.1176470588,0.08,0.1,0.2171428571,255001,
oof_p6_clean,route,7,DEN-AUS,114,16,20,5,155,25,0.1612903226,0.2380952381,0.2,0.1230769231,0.2322580645,255001,
oof_p6_clean,route,7,DEN-BNA,90,24,12,8,134,20,0.1492537313,0.25,0.4,0.2105263158,0.2686567164,255001,
oof_p6_clean,route,7,DEN-BOS,49,43,14,28,134,42,0.3134328358,0.3943661972,0.6666666667,0.4673913043,0.4253731343,255001,
oof_p6_clean,route,7,DEN-COS,68,35,16,13,132,29,0.2196969697,0.2708333333,0.4482758621,0.3398058252,0.3863636364,255001,
oof_p6_clean,route,7,DEN-DFW,92,44,24,17,177,41,0.2316384181,0.2786885246,0.4146341463,0.3235294118,0.384180791,255001,
oof_p6_clean,route,7,DEN-DTW,71,16,15,5,107,20,0.1869158879,0.2380952381,0.25,0.183908046,0.2897196262,255001,
oof_p6_clean,route,7,DEN-EWR,44,51,7,37,139,44,0.3165467626,0.4204545455,0.8409090909,0.5368421053,0.4172661871,255001,
oof_p6_clean,route,7,DEN-IAD,66,32,18,15,131,33,0.2519083969,0.3191489362,0.4545454545,0.3265306122,0.3816793893,255001,
oof_p6_clean,route,7,DEN-IAH,144,13,24,3,184,27,0.1467391304,0.1875,0.1111111111,0.08280254777,0.2010869565,255001,
oof_p6_clean,route,7,DEN-LAS,163,62,26,30,281,56,0.1992882562,0.3260869565,0.5357142857,0.2755555556,0.3131672598,255001,
oof_p6_clean,route,7,DEN-LAX,186,58,36,31,311,67,0.2154340836,0.3483146067,0.4626865672,0.237704918,0.3022508039,255001,
oof_p6_clean,route,7,DEN-LGA,42,81,11,34,168,45,0.2678571429,0.2956521739,0.7555555556,0.6585365854,0.5476190476,255001,
oof_p6_clean,route,7,DEN-MCI,125,15,17,11,168,28,0.1666666667,0.4230769231,0.3928571429,0.1071428571,0.1904761905,255001,
oof_p6_clean,route,7,DEN-MCO,87,24,17,11,139,28,0.2014388489,0.3142857143,0.3928571429,0.2162162162,0.2949640288,255001,
oof_p6_clean,route,7,DEN-MDW,58,24,12,10,104,22,0.2115384615,0.2941176471,0.4545454545,0.2926829268,0.3461538462,255001,
oof_p6_clean,route,7,DEN-MSP,137,30,21,11,199,32,0.1608040201,0.2682926829,0.34375,0.1796407186,0.256281407,255001,
oof_p6_clean,route,7,DEN-OKC,77,15,14,2,108,16,0.1481481481,0.1176470588,0.125,0.1630434783,0.2685185185,255001,
oof_p6_clean,route,7,DEN-ORD,159,33,28,15,235,43,0.1829787234,0.3125,0.3488372093,0.171875,0.2595744681,255001,
oof_p6_clean,route,7,DEN-PDX,106,9,13,6,134,19,0.1417910448,0.4,0.3157894737,0.07826086957,0.1641791045,255001,
oof_p6_clean,route,7,DEN-PHX,146,62,23,32,263,55,0.2091254753,0.3404255319,0.5818181818,0.2980769231,0.3231939163,255001,
oof_p6_clean,route,7,DEN-SAN,122,29,22,11,184,33,0.1793478261,0.275,0.3333333333,0.1920529801,0.277173913,255001,
oof_p6_clean,route,7,DEN-SAT,66,21,10,11,108,21,0.1944444444,0.34375,0.5238095238,0.2413793103,0.287037037,255001,
oof_p6_clean,route,7,DEN-SEA,136,48,38,15,237,53,0.223628692,0.2380952381,0.2830188679,0.2608695652,0.3628691983,255001,
oof_p6_clean,route,7,DEN-SFO,55,119,21,47,242,68,0.2809917355,0.2831325301,0.6911764706,0.683908046,0.5785123967,255001,
oof_p6_clean,route,7,DEN-SJC,95,18,12,9,134,21,0.1567164179,0.3333333333,0.4285714286,0.1592920354,0.223880597,255001,
oof_p6_clean,route,7,DEN-SLC,128,60,26,27,241,53,0.2199170124,0.3103448276,0.5094339623,0.3191489362,0.356846473,255001,
oof_p6_clean,route,7,DEN-SNA,65,24,14,11,114,25,0.2192982456,0.3142857143,0.44,0.2696629213,0.3333333333,255001,
oof_p6_clean,route,7,DEN-STL,126,11,21,2,160,23,0.14375,0.1538461538,0.08695652174,0.0802919708,0.2,255001,
oof_p6_clean,route,7,DFW-ATL,147,16,31,5,199,36,0.1809045226,0.2380952381,0.1388888889,0.0981595092,0.2361809045,255001,
oof_p6_clean,route,7,DFW-DEN,128,12,24,0,164,24,0.1463414634,0,0,0.08571428571,0.2195121951,255001,
oof_p6_clean,route,7,DFW-DTW,81,8,17,5,111,22,0.1981981982,0.3846153846,0.2272727273,0.08988764045,0.2252252252,255001,
oof_p6_clean,route,7,DFW-IAH,161,9,23,0,193,23,0.1191709845,0,0,0.05294117647,0.1658031088,255001,
oof_p6_clean,route,7,DFW-LAS,57,34,15,16,122,31,0.2540983607,0.32,0.5161290323,0.3736263736,0.4016393443,255001,
oof_p6_clean,route,7,DFW-LAX,105,71,29,25,230,54,0.2347826087,0.2604166667,0.462962963,0.4034090909,0.4347826087,255001,
oof_p6_clean,route,7,DFW-LGA,67,69,17,24,177,41,0.2316384181,0.2580645161,0.5853658537,0.5073529412,0.4858757062,255001,
oof_p6_clean,route,7,DFW-MCO,80,18,17,4,119,21,0.1764705882,0.1818181818,0.1904761905,0.1836734694,0.2941176471,255001,
oof_p6_clean,route,7,DFW-MIA,46,29,13,14,102,27,0.2647058824,0.3255813953,0.5185185185,0.3866666667,0.4117647059,255001,
oof_p6_clean,route,7,DFW-MSP,77,24,11,9,121,20,0.1652892562,0.2727272727,0.45,0.2376237624,0.2892561983,255001,
oof_p6_clean,route,7,DFW-ORD,164,46,30,20,260,50,0.1923076923,0.303030303,0.4,0.219047619,0.2923076923,255001,
oof_p6_clean,route,7,DFW-PHX,38,39,7,20,104,27,0.2596153846,0.3389830508,0.7407407407,0.5064935065,0.4423076923,255001,
oof_p6_clean,route,7,DFW-SAT,35,38,12,20,105,32,0.3047619048,0.3448275862,0.625,0.5205479452,0.4761904762,255001,
oof_p6_clean,route,7,DFW-SEA,13,62,10,29,114,39,0.3421052632,0.3186813187,0.7435897436,0.8266666667,0.6315789474,255001,
oof_p6_clean,route,7,DFW-SFO,60,35,16,13,124,29,0.2338709677,0.2708333333,0.4482758621,0.3684210526,0.4112903226,255001,
oof_p6_clean,route,7,DFW-SLC,56,21,17,7,101,24,0.2376237624,0.25,0.2916666667,0.2727272727,0.3762376238,255001,
oof_p6_clean,route,7,DSM-ORD,110,7,21,0,138,21,0.152173913,0,0,0.05982905983,0.2028985507,255001,
oof_p6_clean,route,7,DTW-ATL,160,3,18,1,182,19,0.1043956044,0.25,0.05263157895,0.01840490798,0.1153846154,255001,
oof_p6_clean,route,7,DTW-BOS,86,17,15,6,124,21,0.1693548387,0.2608695652,0.2857142857,0.1650485437,0.2580645161,255001,
oof_p6_clean,route,7,DTW-DEN,86,3,9,2,100,11,0.11,0.4,0.1818181818,0.03370786517,0.12,255001,
oof_p6_clean,route,7,DTW-DFW,80,9,18,1,108,19,0.1759259259,0.1,0.05263157895,0.1011235955,0.25,255001,
oof_p6_clean,route,7,DTW-EWR,61,41,6,28,136,34,0.25,0.4057971014,0.8235294118,0.4019607843,0.3455882353,255001,
oof_p6_clean,route,7,DTW-IAH,113,6,18,2,139,20,0.1438848921,0.25,0.1,0.05042016807,0.1726618705,255001,
oof_p6_clean,route,7,DTW-LAS,93,13,20,2,128,22,0.171875,0.1333333333,0.09090909091,0.1226415094,0.2578125,255001,
oof_p6_clean,route,7,DTW-LGA,55,48,7,29,139,36,0.2589928058,0.3766233766,0.8055555556,0.4660194175,0.3956834532,255001,
oof_p6_clean,route,7,DTW-MCO,79,11,15,2,107,17,0.1588785047,0.1538461538,0.1176470588,0.1222222222,0.2429906542,255001,
oof_p6_clean,route,7,DTW-MDW,79,10,13,3,105,16,0.1523809524,0.2307692308,0.1875,0.1123595506,0.219047619,255001,
oof_p6_clean,route,7,DTW-ORD,151,23,36,6,216,42,0.1944444444,0.2068965517,0.1428571429,0.132183908,0.2731481481,255001,
oof_p6_clean,route,7,DTW-PHL,62,22,19,5,108,24,0.2222222222,0.1851851852,0.2083333333,0.2619047619,0.3796296296,255001,
oof_p6_clean,route,7,EWR-ATL,120,57,18,25,220,43,0.1954545455,0.3048780488,0.5813953488,0.3220338983,0.3409090909,255001,
oof_p6_clean,route,7,EWR-BNA,56,22,8,15,101,23,0.2277227723,0.4054054054,0.652173913,0.2820512821,0.297029703,255001,
oof_p6_clean,route,7,EWR-BOS,102,65,15,42,224,57,0.2544642857,0.3925233645,0.7368421053,0.3892215569,0.3571428571,255001,
oof_p6_clean,route,7,EWR-CLT,84,14,19,3,120,22,0.1833333333,0.1764705882,0.1363636364,0.1428571429,0.275,255001,
oof_p6_clean,route,7,EWR-DEN,52,30,13,18,113,31,0.2743362832,0.375,0.5806451613,0.3658536585,0.3805309735,255001,
oof_p6_clean,route,7,EWR-DTW,82,30,16,15,143,31,0.2167832168,0.3333333333,0.4838709677,0.2678571429,0.3216783217,255001,
oof_p6_clean,route,7,EWR-FLL,77,70,18,43,208,61,0.2932692308,0.3805309735,0.7049180328,0.4761904762,0.4230769231,255001,
oof_p6_clean,route,7,EWR-IAH,64,39,9,28,140,37,0.2642857143,0.4179104478,0.7567567568,0.3786407767,0.3428571429,255001,
oof_p6_clean,route,7,EWR-LAX,71,66,21,32,190,53,0.2789473684,0.3265306122,0.6037735849,0.4817518248,0.4578947368,255001,
oof_p6_clean,route,7,EWR-MCO,118,77,11,53,259,64,0.2471042471,0.4076923077,0.828125,0.3948717949,0.3397683398,255001,
oof_p6_clean,route,7,EWR-MSP,80,20,8,13,121,21,0.173553719,0.3939393939,0.619047619,0.2,0.2314049587,255001,
oof_p6_clean,route,7,EWR-ORD,101,41,22,18,182,40,0.2197802198,0.3050847458,0.45,0.2887323944,0.3461538462,255001,
oof_p6_clean,route,7,EWR-PBI,54,28,5,35,122,40,0.3278688525,0.5555555556,0.875,0.3414634146,0.2704918033,255001,
oof_p6_clean,route,7,EWR-RDU,77,29,15,19,140,34,0.2428571429,0.3958333333,0.5588235294,0.2735849057,0.3142857143,255001,
oof_p6_clean,route,7,EWR-SFO,80,59,18,31,188,49,0.2606382979,0.3444444444,0.6326530612,0.4244604317,0.4095744681,255001,
oof_p6_clean,route,7,EWR-TPA,42,36,13,16,107,29,0.2710280374,0.3076923077,0.5517241379,0.4615384615,0.4579439252,255001,
oof_p6_clean,route,7,FLL-ATL,185,25,25,10,245,35,0.1428571429,0.2857142857,0.2857142857,0.119047619,0.2040816327,255001,
oof_p6_clean,route,7,FLL-BOS,50,37,11,12,110,23,0.2090909091,0.2448979592,0.5217391304,0.4252873563,0.4363636364,255001,
oof_p6_clean,route,7,FLL-BWI,124,21,17,7,169,24,0.1420118343,0.25,0.2916666667,0.1448275862,0.224852071,255001,
oof_p6_clean,route,7,FLL-EWR,101,48,7,41,197,48,0.2436548223,0.4606741573,0.8541666667,0.322147651,0.2791878173,255001,
oof_p6_clean,route,7,FLL-JFK,45,39,9,28,121,37,0.305785124,0.4179104478,0.7567567568,0.4642857143,0.3966942149,255001,
oof_p6_clean,route,7,FLL-LGA,64,61,12,33,170,45,0.2647058824,0.3510638298,0.7333333333,0.488,0.4294117647,255001,
oof_p6_clean,route,7,FLL-SJU,81,21,15,8,125,23,0.184,0.275862069,0.347826087,0.2058823529,0.288,255001,
oof_p6_clean,route,7,GEG-PDX,102,0,6,0,108,6,0.05555555556,,0,0,0.05555555556,255001,
oof_p6_clean,route,7,GEG-SEA,196,42,49,9,296,58,0.1959459459,0.1764705882,0.1551724138,0.1764705882,0.3074324324,255001,
oof_p6_clean,route,7,GRB-ORD,79,13,15,6,113,21,0.185840708,0.3157894737,0.2857142857,0.1413043478,0.2477876106,255001,
oof_p6_clean,route,7,GRR-ORD,129,5,14,0,148,14,0.09459459459,0,0,0.03731343284,0.1283783784,255001,
oof_p6_clean,route,7,GSP-ATL,95,13,12,3,123,15,0.1219512195,0.1875,0.2,0.1203703704,0.2032520325,255001,
oof_p6_clean,route,7,HNL-ITO,202,0,6,0,208,6,0.02884615385,,0,0,0.02884615385,255001,
oof_p6_clean,route,7,HNL-KOA,284,0,12,0,296,12,0.04054054054,,0,0,0.04054054054,255001,
oof_p6_clean,route,7,HNL-LAX,160,4,25,1,190,26,0.1368421053,0.2,0.03846153846,0.0243902439,0.1526315789,255001,
oof_p6_clean,route,7,HNL-LIH,260,0,12,0,272,12,0.04411764706,,0,0,0.04411764706,255001,
oof_p6_clean,route,7,HNL-OGG,391,0,10,0,401,10,0.02493765586,,0,0,0.02493765586,255001,
oof_p6_clean,route,7,HNL-SFO,93,6,12,2,113,14,0.1238938053,0.25,0.1428571429,0.06060606061,0.1592920354,255001,
oof_p6_clean,route,7,HOU-ATL,83,23,7,16,129,23,0.1782945736,0.4102564103,0.6956521739,0.2169811321,0.2325581395,255001,
oof_p6_clean,route,7,HOU-DAL,103,85,19,30,237,49,0.2067510549,0.2608695652,0.612244898,0.4521276596,0.4388185654,255001,
oof_p6_clean,route,7,HOU-MSY,75,36,13,9,133,22,0.1654135338,0.2,0.4090909091,0.3243243243,0.3684210526,255001,
oof_p6_clean,route,7,IAD-ATL,121,9,20,3,153,23,0.1503267974,0.25,0.1304347826,0.06923076923,0.1895424837,255001,
oof_p6_clean,route,7,IAD-CLT,85,15,11,4,115,15,0.1304347826,0.2105263158,0.2666666667,0.15,0.2260869565,255001,
oof_p6_clean,route,7,IAD-DEN,104,7,14,3,128,17,0.1328125,0.3,0.1764705882,0.06306306306,0.1640625,255001,
oof_p6_clean,route,7,IAD-LAX,113,5,17,1,136,18,0.1323529412,0.1666666667,0.05555555556,0.04237288136,0.1617647059,255001,
oof_p6_clean,route,7,IAD-SFO,87,19,20,5,131,25,0.1908396947,0.2083333333,0.2,0.179245283,0.2977099237,255001,
oof_p6_clean,route,7,IAH-ATL,130,6,35,0,171,35,0.2046783626,0,0,0.04411764706,0.2397660819,255001,
oof_p6_clean,route,7,IAH-AUS,90,6,14,3,113,17,0.1504424779,0.3333333333,0.1764705882,0.0625,0.1769911504,255001,
oof_p6_clean,route,7,IAH-CLT,107,9,24,2,142,26,0.1830985915,0.1818181818,0.07692307692,0.0775862069,0.2323943662,255001,
oof_p6_clean,route,7,IAH-DCA,67,19,15,7,108,22,0.2037037037,0.2692307692,0.3181818182,0.2209302326,0.3148148148,255001,
oof_p6_clean,route,7,IAH-DEN,133,3,24,1,161,25,0.1552795031,0.25,0.04,0.02205882353,0.1677018634,255001,
oof_p6_clean,route,7,IAH-DFW,105,25,26,10,166,36,0.2168674699,0.2857142857,0.2777777778,0.1923076923,0.3072289157,255001,
oof_p6_clean,route,7,IAH-DTW,113,1,13,0,127,13,0.1023622047,0,0,0.008771929825,0.1102362205,255001,
oof_p6_clean,route,7,IAH-EWR,44,44,6,27,121,33,0.2727272727,0.3802816901,0.8181818182,0.5,0.4132231405,255001,
oof_p6_clean,route,7,IAH-LAS,104,4,16,0,124,16,0.1290322581,0,0,0.03703703704,0.1612903226,255001,
oof_p6_clean,route,7,IAH-LAX,152,2,27,1,182,28,0.1538461538,0.3333333333,0.03571428571,0.01298701299,0.1593406593,255001,
oof_p6_clean,route,7,IAH-LGA,40,53,13,29,135,42,0.3111111111,0.3536585366,0.6904761905,0.5698924731,0.4888888889,255001,
oof_p6_clean,route,7,IAH-MCO,79,11,14,2,106,16,0.1509433962,0.1538461538,0.125,0.1222222222,0.2358490566,255001,
oof_p6_clean,route,7,IAH-MIA,88,0,15,0,103,15,0.145631068,,0,0,0.145631068,255001,
oof_p6_clean,route,7,IAH-MSP,97,1,19,1,118,20,0.1694915254,0.5,0.05,0.01020408163,0.1694915254,255001,
oof_p6_clean,route,7,IAH-MSY,111,3,20,2,136,22,0.1617647059,0.4,0.09090909091,0.02631578947,0.1691176471,255001,
oof_p6_clean,route,7,IAH-OKC,83,5,18,0,106,18,0.1698113208,0,0,0.05681818182,0.2169811321,255001,
oof_p6_clean,route,7,IAH-ORD,87,33,20,14,154,34,0.2207792208,0.2978723404,0.4117647059,0.275,0.3441558442,255001,
oof_p6_clean,route,7,IAH-PHX,92,3,11,1,107,12,0.1121495327,0.25,0.08333333333,0.03157894737,0.1308411215,255001,
oof_p6_clean,route,7,IAH-SAT,89,1,15,0,105,15,0.1428571429,0,0,0.01111111111,0.1523809524,255001,
oof_p6_clean,route,7,IAH-SEA,70,17,19,6,112,25,0.2232142857,0.2608695652,0.24,0.1954022989,0.3214285714,255001,
oof_p6_clean,route,7,IAH-SFO,68,17,17,8,110,25,0.2272727273,0.32,0.32,0.2,0.3090909091,255001,
oof_p6_clean,route,7,IAH-SLC,85,5,15,0,105,15,0.1428571429,0,0,0.05555555556,0.1904761905,255001,
oof_p6_clean,route,7,IND-ATL,101,5,9,2,117,11,0.09401709402,0.2857142857,0.1818181818,0.04716981132,0.1196581197,255001,
oof_p6_clean,route,7,IND-DEN,84,13,9,6,112,15,0.1339285714,0.3157894737,0.4,0.1340206186,0.1964285714,255001,
oof_p6_clean,route,7,IND-ORD,112,39,23,19,193,42,0.2176165803,0.3275862069,0.4523809524,0.2582781457,0.3212435233,255001,
oof_p6_clean,route,7,ITO-HNL,208,0,9,0,217,9,0.04147465438,,0,0,0.04147465438,255001,
oof_p6_clean,route,7,JAX-ATL,145,4,14,2,165,16,0.09696969697,0.3333333333,0.125,0.02684563758,0.1090909091,255001,
oof_p6_clean,route,7,JFK-ATL,61,15,16,8,100,24,0.24,0.347826087,0.3333333333,0.1973684211,0.31,255001,
oof_p6_clean,route,7,JFK-BOS,66,59,15,24,164,39,0.237804878,0.2891566265,0.6153846154,0.472,0.4512195122,255001,
oof_p6_clean,route,7,JFK-CLT,78,13,13,3,107,16,0.1495327103,0.1875,0.1875,0.1428571429,0.2429906542,255001,
oof_p6_clean,route,7,JFK-FLL,69,34,14,16,133,30,0.2255639098,0.32,0.5333333333,0.3300970874,0.3609022556,255001,
oof_p6_clean,route,7,JFK-LAS,100,15,20,5,140,25,0.1785714286,0.25,0.2,0.1304347826,0.25,255001,
oof_p6_clean,route,7,JFK-LAX,282,58,46,31,417,77,0.1846522782,0.3483146067,0.4025974026,0.1705882353,0.2494004796,255001,
oof_p6_clean,route,7,JFK-MCO,71,51,17,28,167,45,0.2694610778,0.3544303797,0.6222222222,0.4180327869,0.4071856287,255001,
oof_p6_clean,route,7,JFK-MIA,72,16,14,7,109,21,0.1926605505,0.3043478261,0.3333333333,0.1818181818,0.2752293578,255001,
oof_p6_clean,route,7,JFK-RDU,78,10,14,4,106,18,0.1698113208,0.2857142857,0.2222222222,0.1136363636,0.2264150943,255001,
oof_p6_clean,route,7,JFK-SFO,146,57,30,28,261,58,0.2222222222,0.3294117647,0.4827586207,0.2807881773,0.3333333333,255001,
oof_p6_clean,route,7,JFK-SJU,49,36,14,14,113,28,0.2477876106,0.28,0.5,0.4235294118,0.4424778761,255001,
oof_p6_clean,route,7,JFK-TPA,48,29,8,16,101,24,0.2376237624,0.3555555556,0.6666666667,0.3766233766,0.3663366337,255001,
oof_p6_clean,route,7,KOA-HNL,288,0,21,0,309,21,0.06796116505,,0,0,0.06796116505,255001,
oof_p6_clean,route,7,LAS-ATL,109,11,20,1,141,21,0.1489361702,0.08333333333,0.04761904762,0.09166666667,0.219858156,255001,
oof_p6_clean,route,7,LAS-BUR,70,33,9,19,131,28,0.213740458,0.3653846154,0.6785714286,0.3203883495,0.320610687,255001,
oof_p6_clean,route,7,LAS-DEN,179,29,27,21,256,48,0.1875,0.42,0.4375,0.1394230769,0.21875,255001,
oof_p6_clean,route,7,LAS-DFW,83,24,18,8,133,26,0.1954887218,0.25,0.3076923077,0.2242990654,0.3157894737,255001,
oof_p6_clean,route,7,LAS-DTW,97,1,16,1,115,17,0.147826087,0.5,0.05882352941,0.01020408163,0.147826087,255001,
oof_p6_clean,route,7,LAS-IAH,90,12,22,1,125,23,0.184,0.07692307692,0.04347826087,0.1176470588,0.272,255001,
oof_p6_clean,route,7,LAS-JFK,69,20,11,15,115,26,0.2260869565,0.4285714286,0.5769230769,0.2247191011,0.2695652174,255001,
oof_p6_clean,route,7,LAS-LAX,282,72,55,29,438,84,0.1917808219,0.2871287129,0.3452380952,0.2033898305,0.2899543379,255001,
oof_p6_clean,route,7,LAS-MDW,85,22,13,9,129,22,0.1705426357,0.2903225806,0.4090909091,0.2056074766,0.2713178295,255001,
oof_p6_clean,route,7,LAS-OAK,110,23,22,6,161,28,0.1739130435,0.2068965517,0.2142857143,0.1729323308,0.2795031056,255001,
oof_p6_clean,route,7,LAS-ORD,116,21,19,9,165,28,0.1696969697,0.3,0.3214285714,0.1532846715,0.2424242424,255001,
oof_p6_clean,route,7,LAS-PDX,71,18,17,4,110,21,0.1909090909,0.1818181818,0.1904761905,0.202247191,0.3181818182,255001,
oof_p6_clean,route,7,LAS-PHX,104,41,20,13,178,33,0.1853932584,0.2407407407,0.3939393939,0.2827586207,0.3426966292,255001,
oof_p6_clean,route,7,LAS-RNO,80,20,11,12,123,23,0.1869918699,0.375,0.5217391304,0.2,0.2520325203,255001,
oof_p6_clean,route,7,LAS-SAN,152,28,24,13,217,37,0.1705069124,0.3170731707,0.3513513514,0.1555555556,0.2396313364,255001,
oof_p6_clean,route,7,LAS-SEA,174,7,25,3,209,28,0.1339712919,0.3,0.1071428571,0.03867403315,0.1531100478,255001,
oof_p6_clean,route,7,LAS-SFO,155,87,32,31,305,63,0.206557377,0.2627118644,0.4920634921,0.3595041322,0.3901639344,255001,
oof_p6_clean,route,7,LAS-SJC,86,34,14,15,149,29,0.1946308725,0.306122449,0.5172413793,0.2833333333,0.322147651,255001,
oof_p6_clean,route,7,LAS-SLC,112,5,13,0,130,13,0.1,0,0,0.04273504274,0.1384615385,255001,
oof_p6_clean,route,7,LAS-SMF,88,22,13,6,129,19,0.1472868217,0.2142857143,0.3157894737,0.2,0.2713178295,255001,
oof_p6_clean,route,7,LAS-SNA,64,27,17,11,119,28,0.2352941176,0.2894736842,0.3928571429,0.2967032967,0.3697478992,255001,
oof_p6_clean,route,7,LAX-ATL,100,44,29,22,195,51,0.2615384615,0.3333333333,0.431372549,0.3055555556,0.3743589744,255001,
oof_p6_clean,route,7,LAX-AUS,107,4,13,1,125,14,0.112,0.2,0.07142857143,0.03603603604,0.136,255001,
oof_p6_clean,route,7,LAX-BOS,99,22,22,10,153,32,0.2091503268,0.3125,0.3125,0.1818181818,0.2875816993,255001,
oof_p6_clean,route,7,LAX-DAL,64,17,14,9,104,23,0.2211538462,0.3461538462,0.3913043478,0.2098765432,0.2980769231,255001,
oof_p6_clean,route,7,LAX-DEN,203,24,37,5,269,42,0.156133829,0.1724137931,0.119047619,0.1057268722,0.2267657993,255001,
oof_p6_clean,route,7,LAX-DFW,161,22,37,5,225,42,0.1866666667,0.1851851852,0.119047619,0.1202185792,0.2622222222,255001,
oof_p6_clean,route,7,LAX-EWR,118,42,27,14,201,41,0.2039800995,0.25,0.3414634146,0.2625,0.3432835821,255001,
oof_p6_clean,route,7,LAX-HNL,106,43,23,20,192,43,0.2239583333,0.3174603175,0.4651162791,0.288590604,0.34375,255001,
oof_p6_clean,route,7,LAX-IAD,111,1,16,1,129,17,0.1317829457,0.5,0.05882352941,0.008928571429,0.1317829457,255001,
oof_p6_clean,route,7,LAX-IAH,170,1,23,0,194,23,0.118556701,0,0,0.005847953216,0.1237113402,255001,
oof_p6_clean,route,7,LAX-JFK,214,119,49,45,427,94,0.2201405152,0.2743902439,0.4787234043,0.3573573574,0.393442623,255001,
oof_p6_clean,route,7,LAX-LAS,307,38,49,14,408,63,0.1544117647,0.2692307692,0.2222222222,0.1101449275,0.2132352941,255001,
oof_p6_clean,route,7,LAX-MCO,71,16,21,5,113,26,0.2300884956,0.2380952381,0.1923076923,0.183908046,0.3274336283,255001,
oof_p6_clean,route,7,LAX-OAK,115,37,26,21,199,47,0.2361809045,0.3620689655,0.4468085106,0.2434210526,0.3165829146,255001,
oof_p6_clean,route,7,LAX-OGG,84,2,15,1,102,16,0.1568627451,0.3333333333,0.0625,0.02325581395,0.1666666667,255001,
oof_p6_clean,route,7,LAX-ORD,212,8,29,6,255,35,0.137254902,0.4285714286,0.1714285714,0.03636363636,0.1450980392,255001,
oof_p6_clean,route,7,LAX-PDX,146,2,20,0,168,20,0.119047619,0,0,0.01351351351,0.130952381,255001,
oof_p6_clean,route,7,LAX-PHX,142,52,41,19,254,60,0.2362204724,0.2676056338,0.3166666667,0.2680412371,0.3661417323,255001,
oof_p6_clean,route,7,LAX-RNO,102,9,14,1,126,15,0.119047619,0.1,0.06666666667,0.08108108108,0.1825396825,255001,
oof_p6_clean,route,7,LAX-SAN,158,6,27,5,196,32,0.1632653061,0.4545454545,0.15625,0.03658536585,0.1683673469,255001,
oof_p6_clean,route,7,LAX-SEA,244,6,40,1,291,41,0.1408934708,0.1428571429,0.0243902439,0.024,0.1580756014,255001,
oof_p6_clean,route,7,LAX-SFO,267,159,80,52,558,132,0.2365591398,0.2464454976,0.3939393939,0.3732394366,0.4283154122,255001,
oof_p6_clean,route,7,LAX-SJC,219,26,33,8,286,41,0.1433566434,0.2352941176,0.1951219512,0.106122449,0.2062937063,255001,
oof_p6_clean,route,7,LAX-SLC,152,3,16,1,172,17,0.0988372093,0.25,0.05882352941,0.01935483871,0.1104651163,255001,
oof_p6_clean,route,7,LAX-SMF,175,35,33,18,261,51,0.1954022989,0.3396226415,0.3529411765,0.1666666667,0.2605363985,255001,
oof_p6_clean,route,7,LGA-ATL,155,73,20,33,281,53,0.1886120996,0.3113207547,0.6226415094,0.3201754386,0.3309608541,255001,
oof_p6_clean,route,7,LGA-BNA,68,35,11,23,137,34,0.2481751825,0.3965517241,0.6764705882,0.3398058252,0.3357664234,255001,
oof_p6_clean,route,7,LGA-BOS,140,70,32,27,269,59,0.219330855,0.2783505155,0.4576271186,0.3333333333,0.3791821561,255001,
oof_p6_clean,route,7,LGA-CLE,82,30,17,10,139,27,0.1942446043,0.25,0.3703703704,0.2678571429,0.3381294964,255001,
oof_p6_clean,route,7,LGA-CLT,94,27,13,10,144,23,0.1597222222,0.2702702703,0.4347826087,0.2231404959,0.2777777778,255001,
oof_p6_clean,route,7,LGA-CMH,80,20,16,4,120,20,0.1666666667,0.1666666667,0.2,0.2,0.3,255001,
oof_p6_clean,route,7,LGA-DCA,78,46,22,20,166,42,0.2530120482,0.303030303,0.4761904762,0.3709677419,0.4096385542,255001,
oof_p6_clean,route,7,LGA-DEN,81,29,14,15,139,29,0.2086330935,0.3409090909,0.5172413793,0.2636363636,0.309352518,255001,
oof_p6_clean,route,7,LGA-DFW,72,49,13,28,162,41,0.2530864198,0.3636363636,0.6829268293,0.4049586777,0.3827160494,255001,
oof_p6_clean,route,7,LGA-DTW,80,36,17,12,145,29,0.2,0.25,0.4137931034,0.3103448276,0.3655172414,255001,
oof_p6_clean,route,7,LGA-FLL,75,54,9,30,168,39,0.2321428571,0.3571428571,0.7692307692,0.4186046512,0.375,255001,
oof_p6_clean,route,7,LGA-IAH,84,48,21,14,167,35,0.2095808383,0.2258064516,0.4,0.3636363636,0.4131736527,255001,
oof_p6_clean,route,7,LGA-MCO,80,15,12,8,115,20,0.1739130435,0.347826087,0.4,0.1578947368,0.2347826087,255001,
oof_p6_clean,route,7,LGA-MIA,89,44,19,19,171,38,0.2222222222,0.3015873016,0.5,0.3308270677,0.3684210526,255001,
oof_p6_clean,route,7,LGA-ORD,208,114,44,54,420,98,0.2333333333,0.3214285714,0.5510204082,0.3540372671,0.3761904762,255001,
oof_p6_clean,route,7,LGA-RDU,80,11,17,0,108,17,0.1574074074,0,0,0.1208791209,0.2592592593,255001,
oof_p6_clean,route,7,LGA-STL,73,17,12,8,110,20,0.1818181818,0.32,0.4,0.1888888889,0.2636363636,255001,
oof_p6_clean,route,7,LIH-HNL,263,0,16,0,279,16,0.05734767025,,0,0,0.05734767025,255001,
oof_p6_clean,route,7,MCI-ATL,97,5,9,2,113,11,0.09734513274,0.2857142857,0.1818181818,0.04901960784,0.1238938053,255001,
oof_p6_clean,route,7,MCI-DEN,136,18,22,5,181,27,0.1491712707,0.2173913043,0.1851851852,0.1168831169,0.2209944751,255001,
oof_p6_clean,route,7,MCI-MDW,81,9,10,2,102,12,0.1176470588,0.1818181818,0.1666666667,0.1,0.1862745098,255001,
oof_p6_clean,route,7,MCI-ORD,117,9,17,3,146,20,0.1369863014,0.25,0.15,0.07142857143,0.1780821918,255001,
oof_p6_clean,route,7,MCO-ATL,259,18,35,5,317,40,0.1261829653,0.2173913043,0.125,0.06498194946,0.167192429,255001,
oof_p6_clean,route,7,MCO-BOS,71,40,15,22,148,37,0.25,0.3548387097,0.5945945946,0.3603603604,0.3716216216,255001,
oof_p6_clean,route,7,MCO-BWI,123,26,23,4,176,27,0.1534090909,0.1333333333,0.1481481481,0.1744966443,0.2784090909,255001,
oof_p6_clean,route,7,MCO-CLT,86,8,13,4,111,17,0.1531531532,0.3333333333,0.2352941176,0.08510638298,0.1891891892,255001,
oof_p6_clean,route,7,MCO-DCA,60,34,13,13,120,26,0.2166666667,0.2765957447,0.5,0.3617021277,0.3916666667,255001,
oof_p6_clean,route,7,MCO-DEN,113,10,20,0,143,20,0.1398601399,0,0,0.08130081301,0.2097902098,255001,
oof_p6_clean,route,7,MCO-DFW,77,12,13,5,107,18,0.1682242991,0.2941176471,0.2777777778,0.1348314607,0.2336448598,255001,
oof_p6_clean,route,7,MCO-DTW,104,3,12,1,120,13,0.1083333333,0.25,0.07692307692,0.02803738318,0.125,255001,
oof_p6_clean,route,7,MCO-EWR,97,87,18,60,262,78,0.2977099237,0.4081632653,0.7692307692,0.472826087,0.4007633588,255001,
oof_p6_clean,route,7,MCO-IAH,96,7,15,2,120,17,0.1416666667,0.2222222222,0.1176470588,0.06796116505,0.1833333333,255001,
oof_p6_clean,route,7,MCO-JFK,84,30,11,23,148,34,0.2297297297,0.4339622642,0.6764705882,0.2631578947,0.277027027,255001,
oof_p6_clean,route,7,MCO-LAX,57,23,12,8,100,20,0.2,0.2580645161,0.4,0.2875,0.35,255001,
oof_p6_clean,route,7,MCO-LGA,72,22,7,15,116,22,0.1896551724,0.4054054054,0.6818181818,0.2340425532,0.25,255001,
oof_p6_clean,route,7,MCO-MDW,72,11,14,4,101,18,0.1782178218,0.2666666667,0.2222222222,0.1325301205,0.2475247525,255001,
oof_p6_clean,route,7,MCO-ORD,99,21,19,9,148,28,0.1891891892,0.3,0.3214285714,0.175,0.2702702703,255001,
oof_p6_clean,route,7,MCO-PHL,108,42,21,16,187,37,0.1978609626,0.275862069,0.4324324324,0.28,0.3368983957,255001,
oof_p6_clean,route,7,MCO-SJU,89,69,18,25,201,43,0.2139303483,0.2659574468,0.5813953488,0.4367088608,0.4328358209,255001,
oof_p6_clean,route,7,MDW-ATL,75,26,13,14,128,27,0.2109375,0.35,0.5185185185,0.2574257426,0.3046875,255001,
oof_p6_clean,route,7,MDW-DEN,60,33,14,14,121,28,0.2314049587,0.2978723404,0.5,0.3548387097,0.3884297521,255001,
oof_p6_clean,route,7,MDW-DTW,55,28,13,9,105,22,0.2095238095,0.2432432432,0.4090909091,0.3373493976,0.3904761905,255001,
oof_p6_clean,route,7,MDW-LAS,65,32,13,15,125,28,0.224,0.3191489362,0.5357142857,0.3298969072,0.36,255001,
oof_p6_clean,route,7,MDW-MCI,59,22,11,9,101,20,0.198019802,0.2903225806,0.45,0.2716049383,0.3267326733,255001,
oof_p6_clean,route,7,MDW-MSP,83,33,11,10,137,21,0.1532846715,0.2325581395,0.4761904762,0.2844827586,0.3211678832,255001,
oof_p6_clean,route,7,MDW-PHX,26,40,7,29,102,36,0.3529411765,0.4202898551,0.8055555556,0.6060606061,0.4607843137,255001,
oof_p6_clean,route,7,MIA-ATL,142,16,24,9,191,33,0.1727748691,0.36,0.2727272727,0.1012658228,0.2094240838,255001,
oof_p6_clean,route,7,MIA-DFW,56,21,17,7,101,24,0.2376237624,0.25,0.2916666667,0.2727272727,0.3762376238,255001,
oof_p6_clean,route,7,MIA-EWR,35,37,6,29,107,35,0.3271028037,0.4393939394,0.8285714286,0.5138888889,0.4018691589,255001,
oof_p6_clean,route,7,MIA-IAH,77,9,11,4,101,15,0.1485148515,0.3076923077,0.2666666667,0.1046511628,0.198019802,255001,
oof_p6_clean,route,7,MIA-LGA,53,65,9,27,154,36,0.2337662338,0.2934782609,0.75,0.5508474576,0.4805194805,255001,
oof_p6_clean,route,7,MIA-ORD,75,21,17,5,118,22,0.186440678,0.1923076923,0.2272727273,0.21875,0.3220338983,255001,
oof_p6_clean,route,7,MKE-ATL,96,2,6,1,105,7,0.06666666667,0.3333333333,0.1428571429,0.02040816327,0.07619047619,255001,
oof_p6_clean,route,7,MKE-ORD,111,17,28,5,161,33,0.2049689441,0.2272727273,0.1515151515,0.1328125,0.2795031056,255001,
oof_p6_clean,route,7,MSN-ORD,134,4,17,1,156,18,0.1153846154,0.2,0.05555555556,0.02898550725,0.1346153846,255001,
oof_p6_clean,route,7,MSP-ATL,138,3,12,2,155,14,0.09032258065,0.4,0.1428571429,0.02127659574,0.09677419355,255001,
oof_p6_clean,route,7,MSP-DEN,165,18,27,4,214,31,0.1448598131,0.1818181818,0.1290322581,0.09836065574,0.2102803738,255001,
oof_p6_clean,route,7,MSP-DFW,78,14,20,5,117,25,0.2136752137,0.2631578947,0.2,0.152173913,0.2905982906,255001,
oof_p6_clean,route,7,MSP-EWR,18,52,9,32,111,41,0.3693693694,0.380952381,0.7804878049,0.7428571429,0.5495495495,255001,
oof_p6_clean,route,7,MSP-IAH,73,9,20,1,103,21,0.2038834951,0.1,0.04761904762,0.1097560976,0.2815533981,255001,
oof_p6_clean,route,7,MSP-LAX,88,2,14,0,104,14,0.1346153846,0,0,0.02222222222,0.1538461538,255001,
oof_p6_clean,route,7,MSP-MDW,107,19,21,4,151,25,0.1655629139,0.1739130435,0.16,0.1507936508,0.2649006623,255001,
oof_p6_clean,route,7,MSP-ORD,146,38,31,15,230,46,0.2,0.2830188679,0.3260869565,0.2065217391,0.3,255001,
oof_p6_clean,route,7,MSP-PHX,82,7,10,4,103,14,0.1359223301,0.3636363636,0.2857142857,0.07865168539,0.1650485437,255001,
oof_p6_clean,route,7,MSP-SEA,88,0,19,1,108,20,0.1851851852,1,0.05,0,0.1759259259,255001,
oof_p6_clean,route,7,MSY-ATL,114,18,21,5,158,26,0.164556962,0.2173913043,0.1923076923,0.1363636364,0.246835443,255001,
oof_p6_clean,route,7,MSY-DAL,67,21,5,12,105,17,0.1619047619,0.3636363636,0.7058823529,0.2386363636,0.2476190476,255001,
oof_p6_clean,route,7,MSY-HOU,55,35,13,14,117,27,0.2307692308,0.2857142857,0.5185185185,0.3888888889,0.4102564103,255001,
oof_p6_clean,route,7,MSY-IAH,112,1,16,1,130,17,0.1307692308,0.5,0.05882352941,0.008849557522,0.1307692308,255001,
oof_p6_clean,route,7,OAK-BUR,104,31,12,13,160,25,0.15625,0.2954545455,0.52,0.2296296296,0.26875,255001,
oof_p6_clean,route,7,OAK-LAS,91,45,16,17,169,33,0.1952662722,0.2741935484,0.5151515152,0.3308823529,0.3609467456,255001,
oof_p6_clean,route,7,OAK-LAX,112,50,25,20,207,45,0.2173913043,0.2857142857,0.4444444444,0.3086419753,0.3623188406,255001,
oof_p6_clean,route,7,OAK-PDX,91,15,14,5,125,19,0.152,0.25,0.2631578947,0.141509434,0.232,255001,
oof_p6_clean,route,7,OAK-PHX,71,20,13,4,108,17,0.1574074074,0.1666666667,0.2352941176,0.2197802198,0.3055555556,255001,
oof_p6_clean,route,7,OAK-SAN,81,42,22,11,156,33,0.2115384615,0.2075471698,0.3333333333,0.3414634146,0.4102564103,255001,
oof_p6_clean,route,7,OAK-SEA,57,35,17,14,123,31,0.2520325203,0.2857142857,0.4516129032,0.3804347826,0.4227642276,255001,
oof_p6_clean,route,7,OAK-SNA,61,32,12,12,117,24,0.2051282051,0.2727272727,0.5,0.3440860215,0.3760683761,255001,
oof_p6_clean,route,7,OGG-HNL,363,1,32,0,396,32,0.08080808081,0,0,0.002747252747,0.08333333333,255001,
oof_p6_clean,route,7,OKC-DEN,89,20,20,3,132,23,0.1742424242,0.1304347826,0.1304347826,0.1834862385,0.303030303,255001,
oof_p6_clean,route,7,OKC-IAH,92,4,14,0,110,14,0.1272727273,0,0,0.04166666667,0.1636363636,255001,
oof_p6_clean,route,7,OMA-DEN,81,6,13,2,102,15,0.1470588235,0.25,0.1333333333,0.06896551724,0.1862745098,255001,
oof_p6_clean,route,7,OMA-ORD,83,18,13,10,124,23,0.185483871,0.3571428571,0.4347826087,0.1782178218,0.25,255001,
oof_p6_clean,route,7,ONT-PHX,81,21,11,9,122,20,0.1639344262,0.3,0.45,0.2058823529,0.262295082,255001,
oof_p6_clean,route,7,ONT-SMF,73,10,11,6,100,17,0.17,0.375,0.3529411765,0.1204819277,0.21,255001,
oof_p6_clean,route,7,ORD-ATL,147,33,33,13,226,46,0.203539823,0.2826086957,0.2826086957,0.1833333333,0.2920353982,255001,
oof_p6_clean,route,7,ORD-BNA,106,26,24,7,163,31,0.1901840491,0.2121212121,0.2258064516,0.196969697,0.3067484663,255001,
oof_p6_clean,route,7,ORD-BOS,77,97,16,43,233,59,0.2532188841,0.3071428571,0.7288135593,0.5574712644,0.4849785408,255001,
oof_p6_clean,route,7,ORD-BWI,62,21,13,10,106,23,0.2169811321,0.3225806452,0.4347826087,0.2530120482,0.320754717,255001,
oof_p6_clean,route,7,ORD-CLE,125,13,22,5,165,27,0.1636363636,0.2777777778,0.1851851852,0.09420289855,0.2121212121,255001,
oof_p6_clean,route,7,ORD-CLT,71,44,17,19,151,36,0.238410596,0.3015873016,0.5277777778,0.3826086957,0.4039735099,255001,
oof_p6_clean,route,7,ORD-CMH,98,37,19,18,172,37,0.2151162791,0.3272727273,0.4864864865,0.2740740741,0.3255813953,255001,
oof_p6_clean,route,7,ORD-CVG,128,28,18,10,184,28,0.152173913,0.2631578947,0.3571428571,0.1794871795,0.25,255001,
oof_p6_clean,route,7,ORD-DAY,82,20,17,6,125,23,0.184,0.2307692308,0.2608695652,0.1960784314,0.296,255001,
oof_p6_clean,route,7,ORD-DCA,148,44,26,16,234,42,0.1794871795,0.2666666667,0.380952381,0.2291666667,0.2991452991,255001,
oof_p6_clean,route,7,ORD-DEN,148,37,30,15,230,45,0.1956521739,0.2884615385,0.3333333333,0.2,0.2913043478,255001,
oof_p6_clean,route,7,ORD-DFW,92,64,26,18,200,44,0.22,0.2195121951,0.4090909091,0.4102564103,0.45,255001,
oof_p6_clean,route,7,ORD-DSM,89,25,17,9,140,26,0.1857142857,0.2647058824,0.3461538462,0.2192982456,0.3,255001,
oof_p6_clean,route,7,ORD-DTW,139,44,27,14,224,41,0.1830357143,0.2413793103,0.3414634146,0.2404371585,0.3169642857,255001,
oof_p6_clean,route,7,ORD-EWR,46,64,9,40,159,49,0.3081761006,0.3846153846,0.8163265306,0.5818181818,0.4591194969,255001,
oof_p6_clean,route,7,ORD-FLL,81,13,11,3,108,14,0.1296296296,0.1875,0.2142857143,0.1382978723,0.2222222222,255001,
oof_p6_clean,route,7,ORD-GRR,79,32,21,13,145,34,0.2344827586,0.2888888889,0.3823529412,0.2882882883,0.3655172414,255001,
oof_p6_clean,route,7,ORD-IAH,115,24,23,14,176,37,0.2102272727,0.3684210526,0.3783783784,0.1726618705,0.2670454545,255001,
oof_p6_clean,route,7,ORD-IND,104,53,26,18,201,44,0.2189054726,0.2535211268,0.4090909091,0.3375796178,0.3930348259,255001,
oof_p6_clean,route,7,ORD-JFK,54,27,14,17,112,31,0.2767857143,0.3863636364,0.5483870968,0.3333333333,0.3660714286,255001,
oof_p6_clean,route,7,ORD-LAS,53,55,18,21,147,39,0.2653061224,0.2763157895,0.5384615385,0.5092592593,0.4965986395,255001,
oof_p6_clean,route,7,ORD-LAX,121,84,34,37,276,71,0.2572463768,0.305785124,0.5211267606,0.4097560976,0.4275362319,255001,
oof_p6_clean,route,7,ORD-LGA,139,182,41,97,459,138,0.3006535948,0.3476702509,0.7028985507,0.5669781931,0.48583878,255001,
oof_p6_clean,route,7,ORD-MCI,46,43,18,14,121,32,0.2644628099,0.2456140351,0.4375,0.4831460674,0.5041322314,255001,
oof_p6_clean,route,7,ORD-MCO,99,33,22,4,158,26,0.164556962,0.1081081081,0.1538461538,0.25,0.3481012658,255001,
oof_p6_clean,route,7,ORD-MEM,70,18,16,3,107,19,0.1775700935,0.1428571429,0.1578947368,0.2045454545,0.3177570093,255001,
oof_p6_clean,route,7,ORD-MIA,41,39,18,11,109,29,0.2660550459,0.22,0.3793103448,0.4875,0.5229357798,255001,
oof_p6_clean,route,7,ORD-MKE,126,13,23,2,164,25,0.1524390244,0.1333333333,0.08,0.09352517986,0.2195121951,255001,
oof_p6_clean,route,7,ORD-MSN,79,22,22,4,127,26,0.2047244094,0.1538461538,0.1538461538,0.2178217822,0.3464566929,255001,
oof_p6_clean,route,7,ORD-MSP,106,56,25,26,213,51,0.2394366197,0.3170731707,0.5098039216,0.3456790123,0.3802816901,255001,
oof_p6_clean,route,7,ORD-OMA,81,12,19,1,113,20,0.1769911504,0.07692307692,0.05,0.1290322581,0.2743362832,255001,
oof_p6_clean,route,7,ORD-PHL,97,28,23,10,158,33,0.2088607595,0.2631578947,0.303030303,0.224,0.3227848101,255001,
oof_p6_clean,route,7,ORD-PHX,107,24,20,10,161,30,0.1863354037,0.2941176471,0.3333333333,0.1832061069,0.2732919255,255001,
oof_p6_clean,route,7,ORD-PIT,86,24,18,7,135,25,0.1851851852,0.2258064516,0.28,0.2181818182,0.3111111111,255001,
oof_p6_clean,route,7,ORD-RDU,95,10,11,7,123,18,0.1463414634,0.4117647059,0.3888888889,0.09523809524,0.1707317073,255001,
oof_p6_clean,route,7,ORD-RSW,76,13,11,3,103,14,0.1359223301,0.1875,0.2142857143,0.1460674157,0.2330097087,255001,
oof_p6_clean,route,7,ORD-SDF,53,41,19,15,128,34,0.265625,0.2678571429,0.4411764706,0.4361702128,0.46875,255001,
oof_p6_clean,route,7,ORD-SEA,70,61,22,23,176,45,0.2556818182,0.2738095238,0.5111111111,0.465648855,0.4715909091,255001,
oof_p6_clean,route,7,ORD-SFO,38,116,9,59,222,68,0.3063063063,0.3371428571,0.8676470588,0.7532467532,0.5630630631,255001,
oof_p6_clean,route,7,ORD-SLC,69,16,18,4,107,22,0.2056074766,0.2,0.1818181818,0.1882352941,0.3177570093,255001,
oof_p6_clean,route,7,ORD-STL,91,37,20,18,166,38,0.2289156627,0.3272727273,0.4736842105,0.2890625,0.343373494,255001,
oof_p6_clean,route,7,ORD-TVC,51,29,12,9,101,21,0.2079207921,0.2368421053,0.4285714286,0.3625,0.4059405941,255001,
oof_p6_clean,route,7,PBI-ATL,112,4,17,2,135,19,0.1407407407,0.3333333333,0.1052631579,0.03448275862,0.1555555556,255001,
oof_p6_clean,route,7,PBI-EWR,58,33,7,27,125,34,0.272,0.45,0.7941176471,0.3626373626,0.32,255001,
oof_p6_clean,route,7,PDX-DEN,129,6,17,1,153,18,0.1176470588,0.1428571429,0.05555555556,0.04444444444,0.1503267974,255001,
oof_p6_clean,route,7,PDX-LAS,91,13,10,10,124,20,0.1612903226,0.4347826087,0.5,0.125,0.185483871,255001,
oof_p6_clean,route,7,PDX-LAX,155,3,25,0,183,25,0.1366120219,0,0,0.01898734177,0.1530054645,255001,
oof_p6_clean,route,7,PDX-OAK,83,6,11,1,101,12,0.1188118812,0.1428571429,0.08333333333,0.06741573034,0.1683168317,255001,
oof_p6_clean,route,7,PDX-SEA,285,9,63,0,357,63,0.1764705882,0,0,0.0306122449,0.2016806723,255001,
oof_p6_clean,route,7,PDX-SFO,140,22,35,8,205,43,0.2097560976,0.2666666667,0.1860465116,0.1358024691,0.2780487805,255001,
oof_p6_clean,route,7,PDX-SJC,112,6,12,8,138,20,0.1449275362,0.5714285714,0.4,0.05084745763,0.1304347826,255001,
oof_p6_clean,route,7,PDX-SMF,91,6,13,0,110,13,0.1181818182,0,0,0.0618556701,0.1727272727,255001,
oof_p6_clean,route,7,PHL-ATL,149,9,18,3,179,21,0.1173184358,0.25,0.1428571429,0.05696202532,0.1508379888,255001,
oof_p6_clean,route,7,PHL-BOS,104,56,25,16,201,41,0.2039800995,0.2222222222,0.3902439024,0.35,0.4029850746,255001,
oof_p6_clean,route,7,PHL-DEN,50,29,11,17,107,28,0.261682243,0.3695652174,0.6071428571,0.3670886076,0.3738317757,255001,
oof_p6_clean,route,7,PHL-MCO,92,54,15,27,188,42,0.2234042553,0.3333333333,0.6428571429,0.3698630137,0.3670212766,255001,
oof_p6_clean,route,7,PHL-ORD,110,17,14,8,149,22,0.1476510067,0.32,0.3636363636,0.1338582677,0.2080536913,255001,
oof_p6_clean,route,7,PHX-ABQ,94,20,17,12,143,29,0.2027972028,0.375,0.4137931034,0.1754385965,0.2587412587,255001,
oof_p6_clean,route,7,PHX-ATL,81,3,16,2,102,18,0.1764705882,0.4,0.1111111111,0.03571428571,0.1862745098,255001,
oof_p6_clean,route,7,PHX-BUR,66,15,12,10,103,22,0.213592233,0.4,0.4545454545,0.1851851852,0.2621359223,255001,
oof_p6_clean,route,7,PHX-DEN,213,32,30,10,285,40,0.1403508772,0.2380952381,0.25,0.1306122449,0.2175438596,255001,
oof_p6_clean,route,7,PHX-DFW,80,16,22,0,118,22,0.186440678,0,0,0.1666666667,0.3220338983,255001,
oof_p6_clean,route,7,PHX-IAH,64,18,17,6,105,23,0.219047619,0.25,0.2608695652,0.2195121951,0.3333333333,255001,
oof_p6_clean,route,7,PHX-LAS,133,44,27,8,212,35,0.1650943396,0.1538461538,0.2285714286,0.2485875706,0.3349056604,255001,
oof_p6_clean,route,7,PHX-LAX,155,52,29,22,258,51,0.1976744186,0.2972972973,0.431372549,0.2512077295,0.3139534884,255001,
oof_p6_clean,route,7,PHX-MDW,66,19,13,8,106,21,0.1981132075,0.2962962963,0.380952381,0.2235294118,0.3018867925,255001,
oof_p6_clean,route,7,PHX-MSP,89,8,13,1,111,14,0.1261261261,0.1111111111,0.07142857143,0.0824742268,0.1891891892,255001,
oof_p6_clean,route,7,PHX-OAK,82,25,15,9,131,24,0.1832061069,0.2647058824,0.375,0.2336448598,0.3053435115,255001,
oof_p6_clean,route,7,PHX-ONT,47,44,13,19,123,32,0.2601626016,0.3015873016,0.59375,0.4835164835,0.4634146341,255001,
oof_p6_clean,route,7,PHX-ORD,139,19,21,6,185,27,0.1459459459,0.24,0.2222222222,0.1202531646,0.2162162162,255001,
oof_p6_clean,route,7,PHX-PDX,60,19,10,11,100,21,0.21,0.3666666667,0.5238095238,0.2405063291,0.29,255001,
oof_p6_clean,route,7,PHX-SAN,96,39,13,20,168,33,0.1964285714,0.3389830508,0.6060606061,0.2888888889,0.3095238095,255001,
oof_p6_clean,route,7,PHX-SEA,130,26,32,7,195,39,0.2,0.2121212121,0.1794871795,0.1666666667,0.2974358974,255001,
oof_p6_clean,route,7,PHX-SFO,72,53,26,15,166,41,0.2469879518,0.2205882353,0.3658536585,0.424,0.4759036145,255001,
oof_p6_clean,route,7,PHX-SJC,88,20,10,11,129,21,0.1627906977,0.3548387097,0.5238095238,0.1851851852,0.2325581395,255001,
oof_p6_clean,route,7,PHX-SLC,93,30,21,12,156,33,0.2115384615,0.2857142857,0.3636363636,0.243902439,0.3269230769,255001,
oof_p6_clean,route,7,PHX-SNA,99,18,21,5,143,26,0.1818181818,0.2173913043,0.1923076923,0.1538461538,0.2727272727,255001,
oof_p6_clean,route,7,PIT-ATL,107,3,12,0,122,12,0.09836065574,0,0,0.02727272727,0.1229508197,255001,
oof_p6_clean,route,7,PIT-BOS,64,23,6,15,108,21,0.1944444444,0.3947368421,0.7142857143,0.2643678161,0.2685185185,255001,
oof_p6_clean,route,7,PIT-LGA,63,29,9,18,119,27,0.2268907563,0.3829787234,0.6666666667,0.3152173913,0.3193277311,255001,
oof_p6_clean,route,7,PIT-ORD,99,14,14,2,129,16,0.1240310078,0.125,0.125,0.1238938053,0.2170542636,255001,
oof_p6_clean,route,7,PSC-SEA,88,7,12,3,110,15,0.1363636364,0.3,0.2,0.07368421053,0.1727272727,255001,
oof_p6_clean,route,7,RDU-ATL,143,11,22,5,181,27,0.1491712707,0.3125,0.1851851852,0.07142857143,0.182320442,255001,
oof_p6_clean,route,7,RDU-BOS,60,33,10,17,120,27,0.225,0.34,0.6296296296,0.3548387097,0.3583333333,255001,
oof_p6_clean,route,7,RDU-EWR,56,36,8,25,125,33,0.264,0.4098360656,0.7575757576,0.3913043478,0.352,255001,
oof_p6_clean,route,7,RDU-LGA,62,29,14,14,119,28,0.2352941176,0.3255813953,0.5,0.3186813187,0.3613445378,255001,
oof_p6_clean,route,7,RDU-ORD,60,24,12,13,109,25,0.2293577982,0.3513513514,0.52,0.2857142857,0.3302752294,255001,
oof_p6_clean,route,7,RIC-ATL,93,11,15,2,121,17,0.1404958678,0.1538461538,0.1176470588,0.1057692308,0.2148760331,255001,
oof_p6_clean,route,7,RIC-ORD,51,27,13,11,102,24,0.2352941176,0.2894736842,0.4583333333,0.3461538462,0.3921568627,255001,
oof_p6_clean,route,7,RNO-LAS,76,21,12,11,120,23,0.1916666667,0.34375,0.4782608696,0.2164948454,0.275,255001,
oof_p6_clean,route,7,RNO-LAX,95,5,14,1,115,15,0.1304347826,0.1666666667,0.06666666667,0.05,0.1652173913,255001,
oof_p6_clean,route,7,SAN-DEN,105,28,17,13,163,30,0.1840490798,0.3170731707,0.4333333333,0.2105263158,0.2760736196,255001,
oof_p6_clean,route,7,SAN-LAS,158,17,27,4,206,31,0.1504854369,0.1904761905,0.1290322581,0.09714285714,0.213592233,255001,
oof_p6_clean,route,7,SAN-LAX,138,5,26,1,170,27,0.1588235294,0.1666666667,0.03703703704,0.03496503497,0.1823529412,255001,
oof_p6_clean,route,7,SAN-OAK,98,37,19,18,172,37,0.2151162791,0.3272727273,0.4864864865,0.2740740741,0.3255813953,255001,
oof_p6_clean,route,7,SAN-ORD,91,1,10,0,102,10,0.09803921569,0,0,0.01086956522,0.1078431373,255001,
oof_p6_clean,route,7,SAN-PHX,110,32,18,14,174,32,0.183908046,0.3043478261,0.4375,0.2253521127,0.2873563218,255001,
oof_p6_clean,route,7,SAN-SEA,140,6,24,3,173,27,0.1560693642,0.3333333333,0.1111111111,0.04109589041,0.1734104046,255001,
oof_p6_clean,route,7,SAN-SFO,116,90,39,30,275,69,0.2509090909,0.25,0.4347826087,0.4368932039,0.4690909091,255001,
oof_p6_clean,route,7,SAN-SJC,180,6,22,0,208,22,0.1057692308,0,0,0.03225806452,0.1346153846,255001,
oof_p6_clean,route,7,SAN-SMF,185,23,25,6,239,31,0.129707113,0.2068965517,0.1935483871,0.1105769231,0.2008368201,255001,
oof_p6_clean,route,7,SAT-ATL,80,7,13,2,102,15,0.1470588235,0.2222222222,0.1333333333,0.08045977011,0.1960784314,255001,
oof_p6_clean,route,7,SAT-DAL,99,18,15,7,139,22,0.1582733813,0.28,0.3181818182,0.1538461538,0.2374100719,255001,
oof_p6_clean,route,7,SAT-DEN,91,9,11,0,111,11,0.0990990991,0,0,0.09,0.1801801802,255001,
oof_p6_clean,route,7,SAT-DFW,91,3,9,0,103,9,0.08737864078,0,0,0.03191489362,0.1165048544,255001,
oof_p6_clean,route,7,SAT-IAH,80,21,15,9,125,24,0.192,0.3,0.375,0.2079207921,0.288,255001,
oof_p6_clean,route,7,SAT-LAX,93,4,11,0,108,11,0.1018518519,0,0,0.0412371134,0.1388888889,255001,
oof_p6_clean,route,7,SAV-ATL,90,1,17,0,108,17,0.1574074074,0,0,0.01098901099,0.1666666667,255001,
oof_p6_clean,route,7,SDF-ORD,91,16,21,6,134,27,0.2014925373,0.2727272727,0.2222222222,0.1495327103,0.276119403,255001,
oof_p6_clean,route,7,SEA-ANC,198,11,37,1,247,38,0.1538461538,0.08333333333,0.02631578947,0.05263157895,0.1943319838,255001,
oof_p6_clean,route,7,SEA-BOI,160,0,22,1,183,23,0.1256830601,1,0.04347826087,0,0.1202185792,255001,
oof_p6_clean,route,7,SEA-DEN,181,26,29,14,250,43,0.172,0.35,0.3255813953,0.1256038647,0.22,255001,
oof_p6_clean,route,7,SEA-DFW,58,26,12,13,109,25,0.2293577982,0.3333333333,0.52,0.3095238095,0.3486238532,255001,
oof_p6_clean,route,7,SEA-GEG,183,28,41,4,256,45,0.17578125,0.125,0.08888888889,0.1327014218,0.26953125,255001,
oof_p6_clean,route,7,SEA-LAS,181,8,25,6,220,31,0.1409090909,0.4285714286,0.1935483871,0.04232804233,0.15,255001,
oof_p6_clean,route,7,SEA-LAX,245,24,57,6,332,63,0.1897590361,0.2,0.09523809524,0.08921933086,0.2439759036,255001,
oof_p6_clean,route,7,SEA-OAK,132,1,9,0,142,9,0.06338028169,0,0,0.007518796992,0.07042253521,255001,
oof_p6_clean,route,7,SEA-ORD,124,30,29,6,189,35,0.1851851852,0.1666666667,0.1714285714,0.1948051948,0.3121693122,255001,
oof_p6_clean,route,7,SEA-PDX,312,3,54,0,369,54,0.1463414634,0,0,0.009523809524,0.1544715447,255001,
oof_p6_clean,route,7,SEA-PHX,149,14,29,2,194,31,0.1597938144,0.125,0.06451612903,0.08588957055,0.2216494845,255001,
oof_p6_clean,route,7,SEA-PSC,87,11,21,4,123,25,0.2032520325,0.2666666667,0.16,0.112244898,0.2601626016,255001,
oof_p6_clean,route,7,SEA-SAN,109,14,25,3,151,28,0.1854304636,0.1764705882,0.1071428571,0.1138211382,0.2582781457,255001,
oof_p6_clean,route,7,SEA-SFO,197,55,52,14,318,66,0.2075471698,0.2028985507,0.2121212121,0.2182539683,0.3364779874,255001,
oof_p6_clean,route,7,SEA-SJC,112,44,28,12,196,40,0.2040816327,0.2142857143,0.3,0.2820512821,0.3673469388,255001,
oof_p6_clean,route,7,SEA-SLC,112,1,19,0,132,19,0.1439393939,0,0,0.008849557522,0.1515151515,255001,
oof_p6_clean,route,7,SEA-SMF,122,23,20,8,173,28,0.161849711,0.2580645161,0.2857142857,0.1586206897,0.2485549133,255001,
oof_p6_clean,route,7,SEA-SNA,122,2,17,1,142,18,0.1267605634,0.3333333333,0.05555555556,0.01612903226,0.1338028169,255001,
oof_p6_clean,route,7,SFO-ATL,99,4,16,0,119,16,0.1344537815,0,0,0.03883495146,0.1680672269,255001,
oof_p6_clean,route,7,SFO-AUS,78,4,18,0,100,18,0.18,0,0,0.0487804878,0.22,255001,
oof_p6_clean,route,7,SFO-BOS,100,50,22,29,201,51,0.2537313433,0.3670886076,0.568627451,0.3333333333,0.3582089552,255001,
oof_p6_clean,route,7,SFO-BUR,83,26,21,9,139,30,0.2158273381,0.2571428571,0.3,0.2385321101,0.3381294964,255001,
oof_p6_clean,route,7,SFO-DEN,87,81,21,35,224,56,0.25,0.3017241379,0.625,0.4821428571,0.4553571429,255001,
oof_p6_clean,route,7,SFO-DFW,72,50,5,29,156,34,0.2179487179,0.3670886076,0.8529411765,0.4098360656,0.3525641026,255001,
oof_p6_clean,route,7,SFO-EWR,105,46,24,25,200,49,0.245,0.3521126761,0.5102040816,0.3046357616,0.35,255001,
oof_p6_clean,route,7,SFO-HNL,55,24,19,7,105,26,0.2476190476,0.2258064516,0.2692307692,0.3037974684,0.4095238095,255001,
oof_p6_clean,route,7,SFO-IAD,84,18,23,4,129,27,0.2093023256,0.1818181818,0.1481481481,0.1764705882,0.3178294574,255001,
oof_p6_clean,route,7,SFO-IAH,74,29,20,12,135,32,0.237037037,0.2926829268,0.375,0.2815533981,0.362962963,255001,
oof_p6_clean,route,7,SFO-JFK,153,45,32,8,238,40,0.1680672269,0.1509433962,0.2,0.2272727273,0.3235294118,255001,
oof_p6_clean,route,7,SFO-LAS,179,51,36,23,289,59,0.2041522491,0.3108108108,0.3898305085,0.2217391304,0.3010380623,255001,
oof_p6_clean,route,7,SFO-LAX,391,70,80,22,563,102,0.1811722913,0.2391304348,0.2156862745,0.1518438178,0.2664298401,255001,
oof_p6_clean,route,7,SFO-ORD,158,21,34,4,217,38,0.1751152074,0.16,0.1052631579,0.1173184358,0.2534562212,255001,
oof_p6_clean,route,7,SFO-PDX,161,14,29,3,207,32,0.154589372,0.1764705882,0.09375,0.08,0.2077294686,255001,
oof_p6_clean,route,7,SFO-PHX,113,29,17,13,172,30,0.1744186047,0.3095238095,0.4333333333,0.2042253521,0.2674418605,255001,
oof_p6_clean,route,7,SFO-PSP,76,7,18,2,103,20,0.1941747573,0.2222222222,0.1,0.0843373494,0.2427184466,255001,
oof_p6_clean,route,7,SFO-SAN,177,35,42,12,266,54,0.2030075188,0.2553191489,0.2222222222,0.1650943396,0.2894736842,255001,
oof_p6_clean,route,7,SFO-SEA,103,121,51,32,307,83,0.2703583062,0.2091503268,0.3855421687,0.5401785714,0.5602605863,255001,
oof_p6_clean,route,7,SFO-SLC,67,23,24,5,119,29,0.243697479,0.1785714286,0.1724137931,0.2555555556,0.3949579832,255001,
oof_p6_clean,route,7,SFO-SNA,119,12,25,2,158,27,0.1708860759,0.1428571429,0.07407407407,0.09160305344,0.2341772152,255001,
oof_p6_clean,route,7,SGF-ORD,79,11,17,0,107,17,0.1588785047,0,0,0.1222222222,0.261682243,255001,
oof_p6_clean,route,7,SJC-BUR,103,11,15,4,133,19,0.1428571429,0.2666666667,0.2105263158,0.09649122807,0.1954887218,255001,
oof_p6_clean,route,7,SJC-DEN,90,17,22,4,133,26,0.1954887218,0.1904761905,0.1538461538,0.1588785047,0.2932330827,255001,
oof_p6_clean,route,7,SJC-LAS,101,35,23,6,165,29,0.1757575758,0.1463414634,0.2068965517,0.2573529412,0.3515151515,255001,
oof_p6_clean,route,7,SJC-LAX,207,48,32,24,311,56,0.1800643087,0.3333333333,0.4285714286,0.1882352941,0.2572347267,255001,
oof_p6_clean,route,7,SJC-PDX,138,3,14,0,155,14,0.09032258065,0,0,0.02127659574,0.1096774194,255001,
oof_p6_clean,route,7,SJC-PHX,73,20,11,4,108,15,0.1388888889,0.1666666667,0.2666666667,0.2150537634,0.287037037,255001,
oof_p6_clean,route,7,SJC-SAN,185,15,28,4,232,32,0.1379310345,0.2105263158,0.125,0.075,0.1853448276,255001,
oof_p6_clean,route,7,SJC-SEA,146,26,30,7,209,37,0.1770334928,0.2121212121,0.1891891892,0.1511627907,0.2679425837,255001,
oof_p6_clean,route,7,SJC-SNA,134,9,16,3,162,19,0.1172839506,0.25,0.1578947368,0.06293706294,0.1543209877,255001,
oof_p6_clean,route,7,SJU-FLL,73,38,11,16,138,27,0.1956521739,0.2962962963,0.5925925926,0.3423423423,0.3550724638,255001,
oof_p6_clean,route,7,SJU-JFK,61,24,13,11,109,24,0.2201834862,0.3142857143,0.4583333333,0.2823529412,0.3394495413,255001,
oof_p6_clean,route,7,SJU-MCO,142,21,26,4,193,30,0.1554404145,0.16,0.1333333333,0.1288343558,0.2435233161,255001,
oof_p6_clean,route,7,SLC-DEN,219,20,26,4,269,30,0.1115241636,0.1666666667,0.1333333333,0.08368200837,0.1710037175,255001,
oof_p6_clean,route,7,SLC-DFW,88,1,14,0,103,14,0.1359223301,0,0,0.01123595506,0.145631068,255001,
oof_p6_clean,route,7,SLC-LAS,103,12,13,8,136,21,0.1544117647,0.4,0.380952381,0.1043478261,0.1838235294,255001,
oof_p6_clean,route,7,SLC-LAX,147,4,22,4,177,26,0.1468926554,0.5,0.1538461538,0.02649006623,0.1468926554,255001,
oof_p6_clean,route,7,SLC-ORD,52,38,18,12,120,30,0.25,0.24,0.4,0.4222222222,0.4666666667,255001,
oof_p6_clean,route,7,SLC-PHX,123,8,15,4,150,19,0.1266666667,0.3333333333,0.2105263158,0.06106870229,0.1533333333,255001,
oof_p6_clean,route,7,SLC-SEA,119,1,17,0,137,17,0.1240875912,0,0,0.008333333333,0.1313868613,255001,
oof_p6_clean,route,7,SLC-SFO,44,40,15,17,116,32,0.275862069,0.298245614,0.53125,0.4761904762,0.474137931,255001,
oof_p6_clean,route,7,SMF-BUR,93,9,10,1,113,11,0.09734513274,0.1,0.09090909091,0.08823529412,0.1681415929,255001,
oof_p6_clean,route,7,SMF-DEN,94,6,14,1,115,15,0.1304347826,0.1428571429,0.06666666667,0.06,0.1739130435,255001,
oof_p6_clean,route,7,SMF-LAS,110,9,17,0,136,17,0.125,0,0,0.0756302521,0.1911764706,255001,
oof_p6_clean,route,7,SMF-LAX,219,15,35,2,271,37,0.1365313653,0.1176470588,0.05405405405,0.0641025641,0.184501845,255001,
oof_p6_clean,route,7,SMF-PDX,97,1,4,0,102,4,0.03921568627,0,0,0.01020408163,0.04901960784,255001,
oof_p6_clean,route,7,SMF-PHX,88,10,11,0,109,11,0.1009174312,0,0,0.1020408163,0.1926605505,255001,
oof_p6_clean,route,7,SMF-SAN,166,6,20,1,193,21,0.1088082902,0.1428571429,0.04761904762,0.03488372093,0.1347150259,255001,
oof_p6_clean,route,7,SMF-SEA,129,13,23,2,167,25,0.1497005988,0.1333333333,0.08,0.09154929577,0.2155688623,255001,
oof_p6_clean,route,7,SNA-DEN,114,11,17,1,143,18,0.1258741259,0.08333333333,0.05555555556,0.088,0.1958041958,255001,
oof_p6_clean,route,7,SNA-LAS,105,7,10,1,123,11,0.08943089431,0.125,0.09090909091,0.0625,0.1382113821,255001,
oof_p6_clean,route,7,SNA-OAK,75,14,13,4,106,17,0.1603773585,0.2222222222,0.2352941176,0.1573033708,0.2547169811,255001,
oof_p6_clean,route,7,SNA-PHX,89,14,15,7,125,22,0.176,0.3333333333,0.3181818182,0.1359223301,0.232,255001,
oof_p6_clean,route,7,SNA-SEA,104,10,16,3,133,19,0.1428571429,0.2307692308,0.1578947368,0.08771929825,0.1954887218,255001,
oof_p6_clean,route,7,SNA-SFO,93,22,18,5,138,23,0.1666666667,0.1851851852,0.2173913043,0.1913043478,0.2898550725,255001,
oof_p6_clean,route,7,SNA-SJC,170,15,18,5,208,23,0.1105769231,0.25,0.2173913043,0.08108108108,0.1586538462,255001,
oof_p6_clean,route,7,STL-ATL,94,15,17,1,127,18,0.1417322835,0.0625,0.05555555556,0.1376146789,0.2519685039,255001,
oof_p6_clean,route,7,STL-DEN,95,27,18,13,153,31,0.2026143791,0.325,0.4193548387,0.2213114754,0.2941176471,255001,
oof_p6_clean,route,7,STL-LGA,45,35,11,14,105,25,0.2380952381,0.2857142857,0.56,0.4375,0.4380952381,255001,
oof_p6_clean,route,7,STL-ORD,77,47,27,12,163,39,0.2392638037,0.2033898305,0.3076923077,0.3790322581,0.4539877301,255001,
oof_p6_clean,route,7,TPA-ATL,186,11,32,0,229,32,0.1397379913,0,0,0.05583756345,0.1877729258,255001,
oof_p6_clean,route,7,TPA-BOS,63,15,9,13,100,22,0.22,0.4642857143,0.5909090909,0.1923076923,0.24,255001,
oof_p6_clean,route,7,TPA-BWI,91,6,13,2,112,15,0.1339285714,0.25,0.1333333333,0.0618556701,0.1696428571,255001,
oof_p6_clean,route,7,TPA-FLL,72,16,6,6,100,12,0.12,0.2727272727,0.5,0.1818181818,0.22,255001,
oof_p6_clean,route,7,TPA-ORD,74,13,15,3,105,18,0.1714285714,0.1875,0.1666666667,0.1494252874,0.2666666667,255001,
oof_p6_clean,route,42,(기타: 라벨 100행 미만 노선),112308,20949,19108,8661,161026,27769,0.1724504117,0.2925025329,0.3118945587,0.1572075013,0.2487610696,255001,
oof_p6_clean,route,42,ABQ-DEN,94,7,14,1,116,15,0.1293103448,0.125,0.06666666667,0.06930693069,0.1810344828,255001,
oof_p6_clean,route,42,ABQ-PHX,74,22,14,12,122,26,0.2131147541,0.3529411765,0.4615384615,0.2291666667,0.2950819672,255001,
oof_p6_clean,route,42,ANC-SEA,193,4,26,0,223,26,0.1165919283,0,0,0.02030456853,0.134529148,255001,
oof_p6_clean,route,42,ATL-AUS,78,14,16,6,114,22,0.1929824561,0.3,0.2727272727,0.152173913,0.2631578947,255001,
oof_p6_clean,route,42,ATL-BNA,112,8,14,2,136,16,0.1176470588,0.2,0.125,0.06666666667,0.1617647059,255001,
oof_p6_clean,route,42,ATL-BOS,135,37,19,16,207,35,0.1690821256,0.3018867925,0.4571428571,0.2151162791,0.270531401,255001,
oof_p6_clean,route,42,ATL-BWI,150,11,29,4,194,33,0.1701030928,0.2666666667,0.1212121212,0.06832298137,0.206185567,255001,
oof_p6_clean,route,42,ATL-CLE,96,4,13,2,115,15,0.1304347826,0.3333333333,0.1333333333,0.04,0.147826087,255001,
oof_p6_clean,route,42,ATL-CLT,124,10,19,1,154,20,0.1298701299,0.09090909091,0.05,0.07462686567,0.1883116883,255001,
oof_p6_clean,route,42,ATL-CMH,73,10,15,3,101,18,0.1782178218,0.2307692308,0.1666666667,0.1204819277,0.2475247525,255001,
oof_p6_clean,route,42,ATL-DCA,163,16,22,12,213,34,0.1596244131,0.4285714286,0.3529411765,0.08938547486,0.1784037559,255001,
oof_p6_clean,route,42,ATL-DEN,143,20,23,15,201,38,0.1890547264,0.4285714286,0.3947368421,0.1226993865,0.2139303483,255001,
oof_p6_clean,route,42,ATL-DFW,110,26,25,5,166,30,0.1807228916,0.1612903226,0.1666666667,0.1911764706,0.3072289157,255001,
oof_p6_clean,route,42,ATL-DTW,127,4,24,4,159,28,0.1761006289,0.5,0.1428571429,0.03053435115,0.1761006289,255001,
oof_p6_clean,route,42,ATL-EWR,71,69,10,53,203,63,0.3103448276,0.4344262295,0.8412698413,0.4928571429,0.3891625616,255001,
oof_p6_clean,route,42,ATL-FLL,234,20,31,6,291,37,0.1271477663,0.2307692308,0.1621621622,0.07874015748,0.175257732,255001,
oof_p6_clean,route,42,ATL-GSP,69,20,12,7,108,19,0.1759259259,0.2592592593,0.3684210526,0.2247191011,0.2962962963,255001,
oof_p6_clean,route,42,ATL-HOU,81,23,19,12,135,31,0.2296296296,0.3428571429,0.3870967742,0.2211538462,0.3111111111,255001,
oof_p6_clean,route,42,ATL-IAD,101,11,23,5,140,28,0.2,0.3125,0.1785714286,0.09821428571,0.2428571429,255001,
oof_p6_clean,route,42,ATL-IAH,132,9,29,3,173,32,0.1849710983,0.25,0.09375,0.06382978723,0.2196531792,255001,
oof_p6_clean,route,42,ATL-IND,115,6,16,3,140,19,0.1357142857,0.3333333333,0.1578947368,0.04958677686,0.1571428571,255001,
oof_p6_clean,route,42,ATL-JAX,126,1,14,1,142,15,0.1056338028,0.5,0.06666666667,0.007874015748,0.1056338028,255001,
oof_p6_clean,route,42,ATL-LAS,122,6,21,0,149,21,0.1409395973,0,0,0.046875,0.1812080537,255001,
oof_p6_clean,route,42,ATL-LAX,98,55,22,27,202,49,0.2425742574,0.3292682927,0.5510204082,0.3594771242,0.3811881188,255001,
oof_p6_clean,route,42,ATL-LGA,115,82,26,32,255,58,0.2274509804,0.2807017544,0.5517241379,0.4162436548,0.4235294118,255001,
oof_p6_clean,route,42,ATL-MCI,98,12,15,7,132,22,0.1666666667,0.3684210526,0.3181818182,0.1090909091,0.2045454545,255001,
oof_p6_clean,route,42,ATL-MCO,161,85,33,28,307,61,0.1986970684,0.2477876106,0.4590163934,0.3455284553,0.3843648208,255001,
oof_p6_clean,route,42,ATL-MEM,97,0,11,0,108,11,0.1018518519,,0,0,0.1018518519,255001,
oof_p6_clean,route,42,ATL-MIA,163,1,16,1,181,17,0.09392265193,0.5,0.05882352941,0.006097560976,0.09392265193,255001,
oof_p6_clean,route,42,ATL-MSP,120,10,28,3,161,31,0.1925465839,0.2307692308,0.09677419355,0.07692307692,0.2360248447,255001,
oof_p6_clean,route,42,ATL-MSY,129,10,19,6,164,25,0.1524390244,0.375,0.24,0.07194244604,0.1768292683,255001,
oof_p6_clean,route,42,ATL-ORD,178,21,41,5,245,46,0.187755102,0.1923076923,0.1086956522,0.1055276382,0.2530612245,255001,
oof_p6_clean,route,42,ATL-PBI,62,24,10,15,111,25,0.2252252252,0.3846153846,0.6,0.2790697674,0.3063063063,255001,
oof_p6_clean,route,42,ATL-PHL,187,11,21,5,224,26,0.1160714286,0.3125,0.1923076923,0.05555555556,0.1428571429,255001,
oof_p6_clean,route,42,ATL-RDU,127,20,21,9,177,30,0.1694915254,0.3103448276,0.3,0.1360544218,0.2316384181,255001,
oof_p6_clean,route,42,ATL-RIC,105,2,12,3,122,15,0.1229508197,0.6,0.2,0.01869158879,0.1147540984,255001,
oof_p6_clean,route,42,ATL-RSW,89,4,16,2,111,18,0.1621621622,0.3333333333,0.1111111111,0.04301075269,0.1801801802,255001,
oof_p6_clean,route,42,ATL-SAT,75,9,15,8,107,23,0.214953271,0.4705882353,0.347826087,0.1071428571,0.2242990654,255001,
oof_p6_clean,route,42,ATL-STL,107,7,17,1,132,18,0.1363636364,0.125,0.05555555556,0.06140350877,0.1818181818,255001,
oof_p6_clean,route,42,ATL-TPA,180,15,22,11,228,33,0.1447368421,0.4230769231,0.3333333333,0.07692307692,0.1622807018,255001,
oof_p6_clean,route,42,AUS-ATL,108,5,16,3,132,19,0.1439393939,0.375,0.1578947368,0.04424778761,0.1590909091,255001,
oof_p6_clean,route,42,AUS-DAL,105,6,10,0,121,10,0.0826446281,0,0,0.05405405405,0.132231405,255001,
oof_p6_clean,route,42,AUS-DEN,107,27,13,23,170,36,0.2117647059,0.46,0.6388888889,0.2014925373,0.2352941176,255001,
oof_p6_clean,route,42,AUS-IAH,103,2,16,0,121,16,0.132231405,0,0,0.01904761905,0.1487603306,255001,
oof_p6_clean,route,42,AUS-LAX,90,11,13,4,118,17,0.1440677966,0.2666666667,0.2352941176,0.1089108911,0.2033898305,255001,
oof_p6_clean,route,42,AUS-PHX,84,15,8,4,111,12,0.1081081081,0.2105263158,0.3333333333,0.1515151515,0.2072072072,255001,
oof_p6_clean,route,42,AUS-SFO,53,30,13,9,105,22,0.2095238095,0.2307692308,0.4090909091,0.3614457831,0.4095238095,255001,
oof_p6_clean,route,42,BNA-ATL,109,13,17,4,143,21,0.1468531469,0.2352941176,0.1904761905,0.106557377,0.2097902098,255001,
oof_p6_clean,route,42,BNA-DEN,95,19,15,8,137,23,0.1678832117,0.2962962963,0.347826087,0.1666666667,0.2481751825,255001,
oof_p6_clean,route,42,BNA-LGA,39,49,13,22,123,35,0.2845528455,0.3098591549,0.6285714286,0.5568181818,0.5040650407,255001,
oof_p6_clean,route,42,BNA-ORD,93,36,21,20,170,41,0.2411764706,0.3571428571,0.487804878,0.2790697674,0.3352941176,255001,
oof_p6_clean,route,42,BOI-SEA,148,0,18,0,166,18,0.1084337349,,0,0,0.1084337349,255001,
oof_p6_clean,route,42,BOS-ATL,133,38,23,11,205,34,0.1658536585,0.2244897959,0.3235294118,0.2222222222,0.2975609756,255001,
oof_p6_clean,route,42,BOS-BWI,120,48,15,32,215,47,0.2186046512,0.4,0.6808510638,0.2857142857,0.2930232558,255001,
oof_p6_clean,route,42,BOS-CLT,69,18,10,8,105,18,0.1714285714,0.3076923077,0.4444444444,0.2068965517,0.2666666667,255001,
oof_p6_clean,route,42,BOS-DCA,133,47,18,27,225,45,0.2,0.3648648649,0.6,0.2611111111,0.2888888889,255001,
oof_p6_clean,route,42,BOS-DEN,77,21,7,10,115,17,0.147826087,0.3225806452,0.5882352941,0.2142857143,0.2434782609,255001,
oof_p6_clean,route,42,BOS-DFW,62,20,12,7,101,19,0.1881188119,0.2592592593,0.3684210526,0.243902439,0.3168316832,255001,
oof_p6_clean,route,42,BOS-DTW,73,28,14,11,126,25,0.1984126984,0.2820512821,0.44,0.2772277228,0.3333333333,255001,
oof_p6_clean,route,42,BOS-EWR,97,52,16,40,205,56,0.2731707317,0.4347826087,0.7142857143,0.3489932886,0.3317073171,255001,
oof_p6_clean,route,42,BOS-FLL,55,33,13,11,112,24,0.2142857143,0.25,0.4583333333,0.375,0.4107142857,255001,
oof_p6_clean,route,42,BOS-JFK,107,28,16,13,164,29,0.1768292683,0.3170731707,0.4482758621,0.2074074074,0.2682926829,255001,
oof_p6_clean,route,42,BOS-LAX,86,50,15,15,166,30,0.1807228916,0.2307692308,0.5,0.3676470588,0.3915662651,255001,
oof_p6_clean,route,42,BOS-LGA,122,80,26,34,262,60,0.2290076336,0.298245614,0.5666666667,0.396039604,0.4045801527,255001,
oof_p6_clean,route,42,BOS-MCO,89,43,16,15,163,31,0.1901840491,0.2586206897,0.4838709677,0.3257575758,0.3619631902,255001,
oof_p6_clean,route,42,BOS-ORD,148,70,23,38,279,61,0.2186379928,0.3518518519,0.6229508197,0.3211009174,0.3333333333,255001,
oof_p6_clean,route,42,BOS-PBI,48,28,12,14,102,26,0.2549019608,0.3333333333,0.5384615385,0.3684210526,0.3921568627,255001,
oof_p6_clean,route,42,BOS-PHL,114,46,17,20,197,37,0.1878172589,0.303030303,0.5405405405,0.2875,0.3197969543,255001,
oof_p6_clean,route,42,BOS-PIT,69,27,15,6,117,21,0.1794871795,0.1818181818,0.2857142857,0.28125,0.358974359,255001,
oof_p6_clean,route,42,BOS-RDU,82,26,13,14,135,27,0.2,0.35,0.5185185185,0.2407407407,0.2888888889,255001,
oof_p6_clean,route,42,BOS-SFO,86,72,16,39,213,55,0.2582159624,0.3513513514,0.7090909091,0.4556962025,0.4131455399,255001,
oof_p6_clean,route,42,BUF-JFK,79,27,13,14,133,27,0.2030075188,0.3414634146,0.5185185185,0.2547169811,0.3007518797,255001,
oof_p6_clean,route,42,BUR-LAS,92,23,14,8,137,22,0.1605839416,0.2580645161,0.3636363636,0.2,0.2700729927,255001,
oof_p6_clean,route,42,BUR-OAK,94,29,12,10,145,22,0.1517241379,0.2564102564,0.4545454545,0.2357723577,0.2827586207,255001,
oof_p6_clean,route,42,BUR-PHX,83,19,13,3,118,16,0.1355932203,0.1363636364,0.1875,0.1862745098,0.2711864407,255001,
oof_p6_clean,route,42,BUR-SFO,63,24,20,11,118,31,0.2627118644,0.3142857143,0.3548387097,0.275862069,0.3728813559,255001,
oof_p6_clean,route,42,BUR-SJC,137,6,18,2,163,20,0.1226993865,0.25,0.1,0.04195804196,0.1472392638,255001,
oof_p6_clean,route,42,BUR-SMF,98,10,14,0,122,14,0.1147540984,0,0,0.09259259259,0.1967213115,255001,
oof_p6_clean,route,42,BWI-ATL,155,20,18,10,203,28,0.1379310345,0.3333333333,0.3571428571,0.1142857143,0.1871921182,255001,
oof_p6_clean,route,42,BWI-BOS,101,78,20,28,227,48,0.2114537445,0.2641509434,0.5833333333,0.4357541899,0.4317180617,255001,
oof_p6_clean,route,42,BWI-CLT,91,12,17,5,125,22,0.176,0.2941176471,0.2272727273,0.1165048544,0.232,255001,
oof_p6_clean,route,42,BWI-DEN,34,37,6,23,100,29,0.29,0.3833333333,0.7931034483,0.5211267606,0.43,255001,
oof_p6_clean,route,42,BWI-FLL,92,48,16,19,175,35,0.2,0.2835820896,0.5428571429,0.3428571429,0.3657142857,255001,
oof_p6_clean,route,42,BWI-MCO,54,63,10,35,162,45,0.2777777778,0.3571428571,0.7777777778,0.5384615385,0.450617284,255001,
oof_p6_clean,route,42,BWI-ORD,68,25,17,10,120,27,0.225,0.2857142857,0.3703703704,0.2688172043,0.35,255001,
oof_p6_clean,route,42,BWI-RDU,51,37,13,11,112,24,0.2142857143,0.2291666667,0.4583333333,0.4204545455,0.4464285714,255001,
oof_p6_clean,route,42,BWI-TPA,83,23,13,7,126,20,0.1587301587,0.2333333333,0.35,0.2169811321,0.2857142857,255001,
oof_p6_clean,route,42,CHS-ATL,112,0,9,0,121,9,0.07438016529,,0,0,0.07438016529,255001,
oof_p6_clean,route,42,CID-ORD,75,25,18,5,123,23,0.1869918699,0.1666666667,0.2173913043,0.25,0.3495934959,255001,
oof_p6_clean,route,42,CLE-ATL,100,2,11,0,113,11,0.09734513274,0,0,0.01960784314,0.1150442478,255001,
oof_p6_clean,route,42,CLE-LGA,93,27,12,10,142,22,0.1549295775,0.2702702703,0.4545454545,0.225,0.2746478873,255001,
oof_p6_clean,route,42,CLE-ORD,119,26,25,5,175,30,0.1714285714,0.1612903226,0.1666666667,0.1793103448,0.2914285714,255001,
oof_p6_clean,route,42,CLT-ATL,139,11,25,3,178,28,0.1573033708,0.2142857143,0.1071428571,0.07333333333,0.202247191,255001,
oof_p6_clean,route,42,CLT-BOS,42,37,14,10,103,24,0.2330097087,0.2127659574,0.4166666667,0.4683544304,0.4951456311,255001,
oof_p6_clean,route,42,CLT-BWI,79,7,11,6,103,17,0.1650485437,0.4615384615,0.3529411765,0.08139534884,0.1747572816,255001,
oof_p6_clean,route,42,CLT-DTW,95,2,7,3,107,10,0.09345794393,0.6,0.3,0.0206185567,0.08411214953,255001,
oof_p6_clean,route,42,CLT-EWR,71,36,10,14,131,24,0.1832061069,0.28,0.5833333333,0.3364485981,0.3511450382,255001,
oof_p6_clean,route,42,CLT-IAD,110,1,12,0,123,12,0.09756097561,0,0,0.009009009009,0.1056910569,255001,
oof_p6_clean,route,42,CLT-IAH,79,9,20,5,113,25,0.2212389381,0.3571428571,0.2,0.1022727273,0.2566371681,255001,
oof_p6_clean,route,42,CLT-JFK,85,17,19,5,126,24,0.1904761905,0.2272727273,0.2083333333,0.1666666667,0.2857142857,255001,
oof_p6_clean,route,42,CLT-LGA,106,32,20,10,168,30,0.1785714286,0.2380952381,0.3333333333,0.231884058,0.3095238095,255001,
oof_p6_clean,route,42,CLT-ORD,102,15,26,5,148,31,0.2094594595,0.25,0.1612903226,0.1282051282,0.277027027,255001,
oof_p6_clean,route,42,CMH-ATL,101,5,13,2,121,15,0.1239669421,0.2857142857,0.1333333333,0.04716981132,0.1487603306,255001,
oof_p6_clean,route,42,CMH-LGA,48,29,10,19,106,29,0.2735849057,0.3958333333,0.6551724138,0.3766233766,0.3679245283,255001,
oof_p6_clean,route,42,CMH-ORD,118,22,19,12,171,31,0.1812865497,0.3529411765,0.3870967742,0.1571428571,0.2397660819,255001,
oof_p6_clean,route,42,COS-DEN,93,13,22,3,131,25,0.1908396947,0.1875,0.12,0.1226415094,0.2671755725,255001,
oof_p6_clean,route,42,CVG-ORD,137,21,37,5,200,42,0.21,0.1923076923,0.119047619,0.1329113924,0.29,255001,
oof_p6_clean,route,42,DAL-ATL,69,27,11,19,126,30,0.2380952381,0.4130434783,0.6333333333,0.28125,0.3015873016,255001,
oof_p6_clean,route,42,DAL-AUS,77,29,11,7,124,18,0.1451612903,0.1944444444,0.3888888889,0.2735849057,0.3225806452,255001,
oof_p6_clean,route,42,DAL-HOU,107,79,19,45,250,64,0.256,0.3629032258,0.703125,0.4247311828,0.392,255001,
oof_p6_clean,route,42,DAL-MSY,56,32,8,15,111,23,0.2072072072,0.3191489362,0.652173913,0.3636363636,0.3603603604,255001,
oof_p6_clean,route,42,DAL-SAT,55,55,13,27,150,40,0.2666666667,0.3292682927,0.675,0.5,0.4533333333,255001,
oof_p6_clean,route,42,DAY-ORD,79,26,19,9,133,28,0.2105263158,0.2571428571,0.3214285714,0.2476190476,0.3383458647,255001,
oof_p6_clean,route,42,DCA-ATL,154,12,21,5,192,26,0.1354166667,0.2941176471,0.1923076923,0.07228915663,0.171875,255001,
oof_p6_clean,route,42,DCA-BOS,110,106,18,42,276,60,0.2173913043,0.2837837838,0.7,0.4907407407,0.4492753623,255001,
oof_p6_clean,route,42,DCA-IAH,84,5,19,0,108,19,0.1759259259,0,0,0.05617977528,0.2222222222,255001,
oof_p6_clean,route,42,DCA-LGA,68,67,16,26,177,42,0.2372881356,0.2795698925,0.619047619,0.4962962963,0.4689265537,255001,
oof_p6_clean,route,42,DCA-MCO,95,13,13,3,124,16,0.1290322581,0.1875,0.1875,0.1203703704,0.2096774194,255001,
oof_p6_clean,route,42,DCA-ORD,194,23,34,5,256,39,0.15234375,0.1785714286,0.1282051282,0.1059907834,0.22265625,255001,
oof_p6_clean,route,42,DEN-ATL,137,13,22,3,175,25,0.1428571429,0.1875,0.12,0.08666666667,0.2,255001,
oof_p6_clean,route,42,DEN-AUS,117,13,20,5,155,25,0.1612903226,0.2777777778,0.2,0.1,0.2129032258,255001,
oof_p6_clean,route,42,DEN-BNA,87,27,11,9,134,20,0.1492537313,0.25,0.45,0.2368421053,0.2835820896,255001,
oof_p6_clean,route,42,DEN-BOS,38,54,9,33,134,42,0.3134328358,0.3793103448,0.7857142857,0.5869565217,0.4701492537,255001,
oof_p6_clean,route,42,DEN-COS,51,52,18,11,132,29,0.2196969697,0.1746031746,0.3793103448,0.5048543689,0.5303030303,255001,
oof_p6_clean,route,42,DEN-DFW,86,50,19,22,177,41,0.2316384181,0.3055555556,0.5365853659,0.3676470588,0.3898305085,255001,
oof_p6_clean,route,42,DEN-DTW,72,15,15,5,107,20,0.1869158879,0.25,0.25,0.1724137931,0.2803738318,255001,
oof_p6_clean,route,42,DEN-EWR,42,53,8,36,139,44,0.3165467626,0.404494382,0.8181818182,0.5578947368,0.4388489209,255001,
oof_p6_clean,route,42,DEN-IAD,64,34,15,18,131,33,0.2519083969,0.3461538462,0.5454545455,0.3469387755,0.3740458015,255001,
oof_p6_clean,route,42,DEN-IAH,145,12,25,2,184,27,0.1467391304,0.1428571429,0.07407407407,0.07643312102,0.2010869565,255001,
oof_p6_clean,route,42,DEN-LAS,164,61,26,30,281,56,0.1992882562,0.3296703297,0.5357142857,0.2711111111,0.3096085409,255001,
oof_p6_clean,route,42,DEN-LAX,191,53,35,32,311,67,0.2154340836,0.3764705882,0.4776119403,0.2172131148,0.2829581994,255001,
oof_p6_clean,route,42,DEN-LGA,50,73,12,33,168,45,0.2678571429,0.3113207547,0.7333333333,0.593495935,0.505952381,255001,
oof_p6_clean,route,42,DEN-MCI,127,13,19,9,168,28,0.1666666667,0.4090909091,0.3214285714,0.09285714286,0.1904761905,255001,
oof_p6_clean,route,42,DEN-MCO,90,21,19,9,139,28,0.2014388489,0.3,0.3214285714,0.1891891892,0.2877697842,255001,
oof_p6_clean,route,42,DEN-MDW,49,33,9,13,104,22,0.2115384615,0.2826086957,0.5909090909,0.4024390244,0.4038461538,255001,
oof_p6_clean,route,42,DEN-MSP,140,27,24,8,199,32,0.1608040201,0.2285714286,0.25,0.1616766467,0.256281407,255001,
oof_p6_clean,route,42,DEN-OKC,84,8,13,3,108,16,0.1481481481,0.2727272727,0.1875,0.08695652174,0.1944444444,255001,
oof_p6_clean,route,42,DEN-ORD,148,44,30,13,235,43,0.1829787234,0.2280701754,0.3023255814,0.2291666667,0.314893617,255001,
oof_p6_clean,route,42,DEN-PDX,100,15,12,7,134,19,0.1417910448,0.3181818182,0.3684210526,0.1304347826,0.2014925373,255001,
oof_p6_clean,route,42,DEN-PHX,158,50,27,28,263,55,0.2091254753,0.358974359,0.5090909091,0.2403846154,0.2927756654,255001,
oof_p6_clean,route,42,DEN-SAN,122,29,19,14,184,33,0.1793478261,0.3255813953,0.4242424242,0.1920529801,0.2608695652,255001,
oof_p6_clean,route,42,DEN-SAT,60,27,8,13,108,21,0.1944444444,0.325,0.619047619,0.3103448276,0.3240740741,255001,
oof_p6_clean,route,42,DEN-SEA,129,55,33,20,237,53,0.223628692,0.2666666667,0.3773584906,0.2989130435,0.3713080169,255001,
oof_p6_clean,route,42,DEN-SFO,47,127,21,47,242,68,0.2809917355,0.2701149425,0.6911764706,0.7298850575,0.6115702479,255001,
oof_p6_clean,route,42,DEN-SJC,100,13,14,7,134,21,0.1567164179,0.35,0.3333333333,0.1150442478,0.2014925373,255001,
oof_p6_clean,route,42,DEN-SLC,138,50,26,27,241,53,0.2199170124,0.3506493506,0.5094339623,0.2659574468,0.3153526971,255001,
oof_p6_clean,route,42,DEN-SNA,69,20,13,12,114,25,0.2192982456,0.375,0.48,0.2247191011,0.2894736842,255001,
oof_p6_clean,route,42,DEN-STL,114,23,18,5,160,23,0.14375,0.1785714286,0.2173913043,0.1678832117,0.25625,255001,
oof_p6_clean,route,42,DFW-ATL,150,13,33,3,199,36,0.1809045226,0.1875,0.08333333333,0.07975460123,0.2311557789,255001,
oof_p6_clean,route,42,DFW-DEN,129,11,22,2,164,24,0.1463414634,0.1538461538,0.08333333333,0.07857142857,0.2012195122,255001,
oof_p6_clean,route,42,DFW-DTW,71,18,17,5,111,22,0.1981981982,0.2173913043,0.2272727273,0.202247191,0.3153153153,255001,
oof_p6_clean,route,42,DFW-IAH,156,14,23,0,193,23,0.1191709845,0,0,0.08235294118,0.1917098446,255001,
oof_p6_clean,route,42,DFW-LAS,57,34,15,16,122,31,0.2540983607,0.32,0.5161290323,0.3736263736,0.4016393443,255001,
oof_p6_clean,route,42,DFW-LAX,113,63,30,24,230,54,0.2347826087,0.275862069,0.4444444444,0.3579545455,0.4043478261,255001,
oof_p6_clean,route,42,DFW-LGA,65,71,13,28,177,41,0.2316384181,0.2828282828,0.6829268293,0.5220588235,0.4745762712,255001,
oof_p6_clean,route,42,DFW-MCO,68,30,15,6,119,21,0.1764705882,0.1666666667,0.2857142857,0.306122449,0.3781512605,255001,
oof_p6_clean,route,42,DFW-MIA,42,33,12,15,102,27,0.2647058824,0.3125,0.5555555556,0.44,0.4411764706,255001,
oof_p6_clean,route,42,DFW-MSP,85,16,14,6,121,20,0.1652892562,0.2727272727,0.3,0.1584158416,0.2479338843,255001,
oof_p6_clean,route,42,DFW-ORD,167,43,31,19,260,50,0.1923076923,0.3064516129,0.38,0.2047619048,0.2846153846,255001,
oof_p6_clean,route,42,DFW-PHX,41,36,6,21,104,27,0.2596153846,0.3684210526,0.7777777778,0.4675324675,0.4038461538,255001,
oof_p6_clean,route,42,DFW-SAT,35,38,11,21,105,32,0.3047619048,0.3559322034,0.65625,0.5205479452,0.4666666667,255001,
oof_p6_clean,route,42,DFW-SEA,15,60,13,26,114,39,0.3421052632,0.3023255814,0.6666666667,0.8,0.6403508772,255001,
oof_p6_clean,route,42,DFW-SFO,61,34,14,15,124,29,0.2338709677,0.306122449,0.5172413793,0.3578947368,0.3870967742,255001,
oof_p6_clean,route,42,DFW-SLC,54,23,20,4,101,24,0.2376237624,0.1481481481,0.1666666667,0.2987012987,0.4257425743,255001,
oof_p6_clean,route,42,DSM-ORD,112,5,20,1,138,21,0.152173913,0.1666666667,0.04761904762,0.04273504274,0.1811594203,255001,
oof_p6_clean,route,42,DTW-ATL,160,3,18,1,182,19,0.1043956044,0.25,0.05263157895,0.01840490798,0.1153846154,255001,
oof_p6_clean,route,42,DTW-BOS,77,26,14,7,124,21,0.1693548387,0.2121212121,0.3333333333,0.2524271845,0.3225806452,255001,
oof_p6_clean,route,42,DTW-DEN,85,4,9,2,100,11,0.11,0.3333333333,0.1818181818,0.04494382022,0.13,255001,
oof_p6_clean,route,42,DTW-DFW,75,14,17,2,108,19,0.1759259259,0.125,0.1052631579,0.1573033708,0.287037037,255001,
oof_p6_clean,route,42,DTW-EWR,62,40,5,29,136,34,0.25,0.4202898551,0.8529411765,0.3921568627,0.3308823529,255001,
oof_p6_clean,route,42,DTW-IAH,119,0,20,0,139,20,0.1438848921,,0,0,0.1438848921,255001,
oof_p6_clean,route,42,DTW-LAS,105,1,22,0,128,22,0.171875,0,0,0.009433962264,0.1796875,255001,
oof_p6_clean,route,42,DTW-LGA,55,48,7,29,139,36,0.2589928058,0.3766233766,0.8055555556,0.4660194175,0.3956834532,255001,
oof_p6_clean,route,42,DTW-MCO,76,14,15,2,107,17,0.1588785047,0.125,0.1176470588,0.1555555556,0.2710280374,255001,
oof_p6_clean,route,42,DTW-MDW,80,9,13,3,105,16,0.1523809524,0.25,0.1875,0.1011235955,0.2095238095,255001,
oof_p6_clean,route,42,DTW-ORD,164,10,38,4,216,42,0.1944444444,0.2857142857,0.09523809524,0.05747126437,0.2222222222,255001,
oof_p6_clean,route,42,DTW-PHL,55,29,16,8,108,24,0.2222222222,0.2162162162,0.3333333333,0.3452380952,0.4166666667,255001,
oof_p6_clean,route,42,EWR-ATL,124,53,19,24,220,43,0.1954545455,0.3116883117,0.5581395349,0.2994350282,0.3272727273,255001,
oof_p6_clean,route,42,EWR-BNA,55,23,8,15,101,23,0.2277227723,0.3947368421,0.652173913,0.2948717949,0.3069306931,255001,
oof_p6_clean,route,42,EWR-BOS,90,77,11,46,224,57,0.2544642857,0.3739837398,0.8070175439,0.4610778443,0.3928571429,255001,
oof_p6_clean,route,42,EWR-CLT,75,23,16,6,120,22,0.1833333333,0.2068965517,0.2727272727,0.2346938776,0.325,255001,
oof_p6_clean,route,42,EWR-DEN,53,29,12,19,113,31,0.2743362832,0.3958333333,0.6129032258,0.3536585366,0.3628318584,255001,
oof_p6_clean,route,42,EWR-DTW,82,30,17,14,143,31,0.2167832168,0.3181818182,0.4516129032,0.2678571429,0.3286713287,255001,
oof_p6_clean,route,42,EWR-FLL,72,75,22,39,208,61,0.2932692308,0.3421052632,0.6393442623,0.5102040816,0.4663461538,255001,
oof_p6_clean,route,42,EWR-IAH,63,40,10,27,140,37,0.2642857143,0.4029850746,0.7297297297,0.3883495146,0.3571428571,255001,
oof_p6_clean,route,42,EWR-LAX,62,75,20,33,190,53,0.2789473684,0.3055555556,0.6226415094,0.5474452555,0.5,255001,
oof_p6_clean,route,42,EWR-MCO,111,84,12,52,259,64,0.2471042471,0.3823529412,0.8125,0.4307692308,0.3706563707,255001,
oof_p6_clean,route,42,EWR-MSP,77,23,8,13,121,21,0.173553719,0.3611111111,0.619047619,0.23,0.2561983471,255001,
oof_p6_clean,route,42,EWR-ORD,95,47,17,23,182,40,0.2197802198,0.3285714286,0.575,0.3309859155,0.3516483516,255001,
oof_p6_clean,route,42,EWR-PBI,50,32,5,35,122,40,0.3278688525,0.5223880597,0.875,0.3902439024,0.3032786885,255001,
oof_p6_clean,route,42,EWR-RDU,73,33,15,19,140,34,0.2428571429,0.3653846154,0.5588235294,0.3113207547,0.3428571429,255001,
oof_p6_clean,route,42,EWR-SFO,75,64,16,33,188,49,0.2606382979,0.3402061856,0.6734693878,0.4604316547,0.4255319149,255001,
oof_p6_clean,route,42,EWR-TPA,39,39,14,15,107,29,0.2710280374,0.2777777778,0.5172413793,0.5,0.4953271028,255001,
oof_p6_clean,route,42,FLL-ATL,178,32,28,7,245,35,0.1428571429,0.1794871795,0.2,0.1523809524,0.2448979592,255001,
oof_p6_clean,route,42,FLL-BOS,48,39,11,12,110,23,0.2090909091,0.2352941176,0.5217391304,0.4482758621,0.4545454545,255001,
oof_p6_clean,route,42,FLL-BWI,121,24,16,8,169,24,0.1420118343,0.25,0.3333333333,0.1655172414,0.2366863905,255001,
oof_p6_clean,route,42,FLL-EWR,97,52,7,41,197,48,0.2436548223,0.4408602151,0.8541666667,0.3489932886,0.2994923858,255001,
oof_p6_clean,route,42,FLL-JFK,37,47,6,31,121,37,0.305785124,0.3974358974,0.8378378378,0.5595238095,0.4380165289,255001,
oof_p6_clean,route,42,FLL-LGA,72,53,12,33,170,45,0.2647058824,0.3837209302,0.7333333333,0.424,0.3823529412,255001,
oof_p6_clean,route,42,FLL-SJU,75,27,17,6,125,23,0.184,0.1818181818,0.2608695652,0.2647058824,0.352,255001,
oof_p6_clean,route,42,GEG-PDX,102,0,6,0,108,6,0.05555555556,,0,0,0.05555555556,255001,
oof_p6_clean,route,42,GEG-SEA,224,14,52,6,296,58,0.1959459459,0.3,0.1034482759,0.05882352941,0.222972973,255001,
oof_p6_clean,route,42,GRB-ORD,75,17,16,5,113,21,0.185840708,0.2272727273,0.2380952381,0.1847826087,0.2920353982,255001,
oof_p6_clean,route,42,GRR-ORD,129,5,14,0,148,14,0.09459459459,0,0,0.03731343284,0.1283783784,255001,
oof_p6_clean,route,42,GSP-ATL,98,10,12,3,123,15,0.1219512195,0.2307692308,0.2,0.09259259259,0.1788617886,255001,
oof_p6_clean,route,42,HNL-ITO,202,0,6,0,208,6,0.02884615385,,0,0,0.02884615385,255001,
oof_p6_clean,route,42,HNL-KOA,284,0,12,0,296,12,0.04054054054,,0,0,0.04054054054,255001,
oof_p6_clean,route,42,HNL-LAX,162,2,26,0,190,26,0.1368421053,0,0,0.01219512195,0.1473684211,255001,
oof_p6_clean,route,42,HNL-LIH,260,0,12,0,272,12,0.04411764706,,0,0,0.04411764706,255001,
oof_p6_clean,route,42,HNL-OGG,391,0,10,0,401,10,0.02493765586,,0,0,0.02493765586,255001,
oof_p6_clean,route,42,HNL-SFO,96,3,14,0,113,14,0.1238938053,0,0,0.0303030303,0.1504424779,255001,
oof_p6_clean,route,42,HOU-ATL,83,23,8,15,129,23,0.1782945736,0.3947368421,0.652173913,0.2169811321,0.2403100775,255001,
oof_p6_clean,route,42,HOU-DAL,111,77,23,26,237,49,0.2067510549,0.2524271845,0.5306122449,0.4095744681,0.4219409283,255001,
oof_p6_clean,route,42,HOU-MSY,71,40,15,7,133,22,0.1654135338,0.1489361702,0.3181818182,0.3603603604,0.4135338346,255001,
oof_p6_clean,route,42,IAD-ATL,123,7,19,4,153,23,0.1503267974,0.3636363636,0.1739130435,0.05384615385,0.1699346405,255001,
oof_p6_clean,route,42,IAD-CLT,94,6,11,4,115,15,0.1304347826,0.4,0.2666666667,0.06,0.147826087,255001,
oof_p6_clean,route,42,IAD-DEN,106,5,15,2,128,17,0.1328125,0.2857142857,0.1176470588,0.04504504505,0.15625,255001,
oof_p6_clean,route,42,IAD-LAX,113,5,18,0,136,18,0.1323529412,0,0,0.04237288136,0.1691176471,255001,
oof_p6_clean,route,42,IAD-SFO,77,29,20,5,131,25,0.1908396947,0.1470588235,0.2,0.2735849057,0.3740458015,255001,
oof_p6_clean,route,42,IAH-ATL,129,7,34,1,171,35,0.2046783626,0.125,0.02857142857,0.05147058824,0.2397660819,255001,
oof_p6_clean,route,42,IAH-AUS,80,16,14,3,113,17,0.1504424779,0.1578947368,0.1764705882,0.1666666667,0.2654867257,255001,
oof_p6_clean,route,42,IAH-CLT,107,9,26,0,142,26,0.1830985915,0,0,0.0775862069,0.2464788732,255001,
oof_p6_clean,route,42,IAH-DCA,55,31,11,11,108,22,0.2037037037,0.2619047619,0.5,0.3604651163,0.3888888889,255001,
oof_p6_clean,route,42,IAH-DEN,131,5,24,1,161,25,0.1552795031,0.1666666667,0.04,0.03676470588,0.1801242236,255001,
oof_p6_clean,route,42,IAH-DFW,97,33,28,8,166,36,0.2168674699,0.1951219512,0.2222222222,0.2538461538,0.3674698795,255001,
oof_p6_clean,route,42,IAH-DTW,112,2,13,0,127,13,0.1023622047,0,0,0.01754385965,0.1181102362,255001,
oof_p6_clean,route,42,IAH-EWR,44,44,4,29,121,33,0.2727272727,0.397260274,0.8787878788,0.5,0.3966942149,255001,
oof_p6_clean,route,42,IAH-LAS,105,3,16,0,124,16,0.1290322581,0,0,0.02777777778,0.1532258065,255001,
oof_p6_clean,route,42,IAH-LAX,150,4,25,3,182,28,0.1538461538,0.4285714286,0.1071428571,0.02597402597,0.1593406593,255001,
oof_p6_clean,route,42,IAH-LGA,39,54,12,30,135,42,0.3111111111,0.3571428571,0.7142857143,0.5806451613,0.4888888889,255001,
oof_p6_clean,route,42,IAH-MCO,77,13,12,4,106,16,0.1509433962,0.2352941176,0.25,0.1444444444,0.2358490566,255001,
oof_p6_clean,route,42,IAH-MIA,88,0,14,1,103,15,0.145631068,1,0.06666666667,0,0.1359223301,255001,
oof_p6_clean,route,42,IAH-MSP,94,4,18,2,118,20,0.1694915254,0.3333333333,0.1,0.04081632653,0.186440678,255001,
oof_p6_clean,route,42,IAH-MSY,113,1,21,1,136,22,0.1617647059,0.5,0.04545454545,0.008771929825,0.1617647059,255001,
oof_p6_clean,route,42,IAH-OKC,81,7,15,3,106,18,0.1698113208,0.3,0.1666666667,0.07954545455,0.2075471698,255001,
oof_p6_clean,route,42,IAH-ORD,84,36,21,13,154,34,0.2207792208,0.2653061224,0.3823529412,0.3,0.3701298701,255001,
oof_p6_clean,route,42,IAH-PHX,93,2,12,0,107,12,0.1121495327,0,0,0.02105263158,0.1308411215,255001,
oof_p6_clean,route,42,IAH-SAT,82,8,15,0,105,15,0.1428571429,0,0,0.08888888889,0.219047619,255001,
oof_p6_clean,route,42,IAH-SEA,77,10,23,2,112,25,0.2232142857,0.1666666667,0.08,0.1149425287,0.2946428571,255001,
oof_p6_clean,route,42,IAH-SFO,70,15,11,14,110,25,0.2272727273,0.4827586207,0.56,0.1764705882,0.2363636364,255001,
oof_p6_clean,route,42,IAH-SLC,86,4,14,1,105,15,0.1428571429,0.2,0.06666666667,0.04444444444,0.1714285714,255001,
oof_p6_clean,route,42,IND-ATL,104,2,8,3,117,11,0.09401709402,0.6,0.2727272727,0.01886792453,0.08547008547,255001,
oof_p6_clean,route,42,IND-DEN,83,14,10,5,112,15,0.1339285714,0.2631578947,0.3333333333,0.1443298969,0.2142857143,255001,
oof_p6_clean,route,42,IND-ORD,101,50,19,23,193,42,0.2176165803,0.3150684932,0.5476190476,0.3311258278,0.3575129534,255001,
oof_p6_clean,route,42,ITO-HNL,208,0,9,0,217,9,0.04147465438,,0,0,0.04147465438,255001,
oof_p6_clean,route,42,JAX-ATL,143,6,13,3,165,16,0.09696969697,0.3333333333,0.1875,0.04026845638,0.1151515152,255001,
oof_p6_clean,route,42,JFK-ATL,56,20,15,9,100,24,0.24,0.3103448276,0.375,0.2631578947,0.35,255001,
oof_p6_clean,route,42,JFK-BOS,63,62,14,25,164,39,0.237804878,0.2873563218,0.641025641,0.496,0.4634146341,255001,
oof_p6_clean,route,42,JFK-CLT,76,15,10,6,107,16,0.1495327103,0.2857142857,0.375,0.1648351648,0.2336448598,255001,
oof_p6_clean,route,42,JFK-FLL,74,29,15,15,133,30,0.2255639098,0.3409090909,0.5,0.2815533981,0.3308270677,255001,
oof_p6_clean,route,42,JFK-LAS,99,16,17,8,140,25,0.1785714286,0.3333333333,0.32,0.1391304348,0.2357142857,255001,
oof_p6_clean,route,42,JFK-LAX,263,77,47,30,417,77,0.1846522782,0.2803738318,0.3896103896,0.2264705882,0.2973621103,255001,
oof_p6_clean,route,42,JFK-MCO,75,47,17,28,167,45,0.2694610778,0.3733333333,0.6222222222,0.3852459016,0.3832335329,255001,
oof_p6_clean,route,42,JFK-MIA,78,10,15,6,109,21,0.1926605505,0.375,0.2857142857,0.1136363636,0.2293577982,255001,
oof_p6_clean,route,42,JFK-RDU,82,6,16,2,106,18,0.1698113208,0.25,0.1111111111,0.06818181818,0.2075471698,255001,
oof_p6_clean,route,42,JFK-SFO,143,60,30,28,261,58,0.2222222222,0.3181818182,0.4827586207,0.2955665025,0.3448275862,255001,
oof_p6_clean,route,42,JFK-SJU,54,31,12,16,113,28,0.2477876106,0.3404255319,0.5714285714,0.3647058824,0.3805309735,255001,
oof_p6_clean,route,42,JFK-TPA,53,24,9,15,101,24,0.2376237624,0.3846153846,0.625,0.3116883117,0.3267326733,255001,
oof_p6_clean,route,42,KOA-HNL,288,0,21,0,309,21,0.06796116505,,0,0,0.06796116505,255001,
oof_p6_clean,route,42,LAS-ATL,105,15,16,5,141,21,0.1489361702,0.25,0.2380952381,0.125,0.219858156,255001,
oof_p6_clean,route,42,LAS-BUR,62,41,8,20,131,28,0.213740458,0.3278688525,0.7142857143,0.3980582524,0.3740458015,255001,
oof_p6_clean,route,42,LAS-DEN,156,52,21,27,256,48,0.1875,0.3417721519,0.5625,0.25,0.28515625,255001,
oof_p6_clean,route,42,LAS-DFW,87,20,16,10,133,26,0.1954887218,0.3333333333,0.3846153846,0.1869158879,0.2706766917,255001,
oof_p6_clean,route,42,LAS-DTW,97,1,15,2,115,17,0.147826087,0.6666666667,0.1176470588,0.01020408163,0.1391304348,255001,
oof_p6_clean,route,42,LAS-IAH,85,17,20,3,125,23,0.184,0.15,0.1304347826,0.1666666667,0.296,255001,
oof_p6_clean,route,42,LAS-JFK,62,27,13,13,115,26,0.2260869565,0.325,0.5,0.3033707865,0.347826087,255001,
oof_p6_clean,route,42,LAS-LAX,279,75,59,25,438,84,0.1917808219,0.25,0.2976190476,0.2118644068,0.3059360731,255001,
oof_p6_clean,route,42,LAS-MDW,79,28,13,9,129,22,0.1705426357,0.2432432432,0.4090909091,0.261682243,0.3178294574,255001,
oof_p6_clean,route,42,LAS-OAK,100,33,20,8,161,28,0.1739130435,0.1951219512,0.2857142857,0.2481203008,0.3291925466,255001,
oof_p6_clean,route,42,LAS-ORD,117,20,20,8,165,28,0.1696969697,0.2857142857,0.2857142857,0.1459854015,0.2424242424,255001,
oof_p6_clean,route,42,LAS-PDX,66,23,14,7,110,21,0.1909090909,0.2333333333,0.3333333333,0.2584269663,0.3363636364,255001,
oof_p6_clean,route,42,LAS-PHX,111,34,18,15,178,33,0.1853932584,0.306122449,0.4545454545,0.2344827586,0.2921348315,255001,
oof_p6_clean,route,42,LAS-RNO,74,26,13,10,123,23,0.1869918699,0.2777777778,0.4347826087,0.26,0.3170731707,255001,
oof_p6_clean,route,42,LAS-SAN,147,33,19,18,217,37,0.1705069124,0.3529411765,0.4864864865,0.1833333333,0.2396313364,255001,
oof_p6_clean,route,42,LAS-SEA,173,8,24,4,209,28,0.1339712919,0.3333333333,0.1428571429,0.04419889503,0.1531100478,255001,
oof_p6_clean,route,42,LAS-SFO,157,85,37,26,305,63,0.206557377,0.2342342342,0.4126984127,0.3512396694,0.4,255001,
oof_p6_clean,route,42,LAS-SJC,90,30,17,12,149,29,0.1946308725,0.2857142857,0.4137931034,0.25,0.3154362416,255001,
oof_p6_clean,route,42,LAS-SLC,109,8,13,0,130,13,0.1,0,0,0.06837606838,0.1615384615,255001,
oof_p6_clean,route,42,LAS-SMF,90,20,14,5,129,19,0.1472868217,0.2,0.2631578947,0.1818181818,0.2635658915,255001,
oof_p6_clean,route,42,LAS-SNA,69,22,21,7,119,28,0.2352941176,0.2413793103,0.25,0.2417582418,0.3613445378,255001,
oof_p6_clean,route,42,LAX-ATL,93,51,22,29,195,51,0.2615384615,0.3625,0.568627451,0.3541666667,0.3743589744,255001,
oof_p6_clean,route,42,LAX-AUS,105,6,14,0,125,14,0.112,0,0,0.05405405405,0.16,255001,
oof_p6_clean,route,42,LAX-BOS,90,31,23,9,153,32,0.2091503268,0.225,0.28125,0.2561983471,0.3529411765,255001,
oof_p6_clean,route,42,LAX-DAL,64,17,16,7,104,23,0.2211538462,0.2916666667,0.3043478261,0.2098765432,0.3173076923,255001,
oof_p6_clean,route,42,LAX-DEN,201,26,34,8,269,42,0.156133829,0.2352941176,0.1904761905,0.1145374449,0.2230483271,255001,
oof_p6_clean,route,42,LAX-DFW,151,32,32,10,225,42,0.1866666667,0.2380952381,0.2380952381,0.174863388,0.2844444444,255001,
oof_p6_clean,route,42,LAX-EWR,117,43,22,19,201,41,0.2039800995,0.3064516129,0.4634146341,0.26875,0.3233830846,255001,
oof_p6_clean,route,42,LAX-HNL,115,34,26,17,192,43,0.2239583333,0.3333333333,0.3953488372,0.2281879195,0.3125,255001,
oof_p6_clean,route,42,LAX-IAD,112,0,17,0,129,17,0.1317829457,,0,0,0.1317829457,255001,
oof_p6_clean,route,42,LAX-IAH,169,2,23,0,194,23,0.118556701,0,0,0.01169590643,0.1288659794,255001,
oof_p6_clean,route,42,LAX-JFK,218,115,55,39,427,94,0.2201405152,0.2532467532,0.414893617,0.3453453453,0.3981264637,255001,
oof_p6_clean,route,42,LAX-LAS,297,48,47,16,408,63,0.1544117647,0.25,0.253968254,0.1391304348,0.2328431373,255001,
oof_p6_clean,route,42,LAX-MCO,68,19,20,6,113,26,0.2300884956,0.24,0.2307692308,0.2183908046,0.3451327434,255001,
oof_p6_clean,route,42,LAX-OAK,109,43,26,21,199,47,0.2361809045,0.328125,0.4468085106,0.2828947368,0.3467336683,255001,
oof_p6_clean,route,42,LAX-OGG,84,2,15,1,102,16,0.1568627451,0.3333333333,0.0625,0.02325581395,0.1666666667,255001,
oof_p6_clean,route,42,LAX-ORD,208,12,32,3,255,35,0.137254902,0.2,0.08571428571,0.05454545455,0.1725490196,255001,
oof_p6_clean,route,42,LAX-PDX,145,3,19,1,168,20,0.119047619,0.25,0.05,0.02027027027,0.130952381,255001,
oof_p6_clean,route,42,LAX-PHX,143,51,42,18,254,60,0.2362204724,0.2608695652,0.3,0.2628865979,0.3661417323,255001,
oof_p6_clean,route,42,LAX-RNO,105,6,15,0,126,15,0.119047619,0,0,0.05405405405,0.1666666667,255001,
oof_p6_clean,route,42,LAX-SAN,155,9,27,5,196,32,0.1632653061,0.3571428571,0.15625,0.05487804878,0.1836734694,255001,
oof_p6_clean,route,42,LAX-SEA,247,3,41,0,291,41,0.1408934708,0,0,0.012,0.1512027491,255001,
oof_p6_clean,route,42,LAX-SFO,251,175,81,51,558,132,0.2365591398,0.2256637168,0.3863636364,0.4107981221,0.458781362,255001,
oof_p6_clean,route,42,LAX-SJC,213,32,30,11,286,41,0.1433566434,0.2558139535,0.2682926829,0.1306122449,0.2167832168,255001,
oof_p6_clean,route,42,LAX-SLC,152,3,16,1,172,17,0.0988372093,0.25,0.05882352941,0.01935483871,0.1104651163,255001,
oof_p6_clean,route,42,LAX-SMF,175,35,36,15,261,51,0.1954022989,0.3,0.2941176471,0.1666666667,0.2720306513,255001,
oof_p6_clean,route,42,LGA-ATL,157,71,16,37,281,53,0.1886120996,0.3425925926,0.6981132075,0.3114035088,0.3096085409,255001,
oof_p6_clean,route,42,LGA-BNA,61,42,11,23,137,34,0.2481751825,0.3538461538,0.6764705882,0.4077669903,0.3868613139,255001,
oof_p6_clean,route,42,LGA-BOS,133,77,29,30,269,59,0.219330855,0.2803738318,0.5084745763,0.3666666667,0.3940520446,255001,
oof_p6_clean,route,42,LGA-CLE,87,25,15,12,139,27,0.1942446043,0.3243243243,0.4444444444,0.2232142857,0.2877697842,255001,
oof_p6_clean,route,42,LGA-CLT,90,31,13,10,144,23,0.1597222222,0.243902439,0.4347826087,0.2561983471,0.3055555556,255001,
oof_p6_clean,route,42,LGA-CMH,70,30,15,5,120,20,0.1666666667,0.1428571429,0.25,0.3,0.375,255001,
oof_p6_clean,route,42,LGA-DCA,77,47,22,20,166,42,0.2530120482,0.2985074627,0.4761904762,0.3790322581,0.4156626506,255001,
oof_p6_clean,route,42,LGA-DEN,75,35,12,17,139,29,0.2086330935,0.3269230769,0.5862068966,0.3181818182,0.3381294964,255001,
oof_p6_clean,route,42,LGA-DFW,70,51,13,28,162,41,0.2530864198,0.3544303797,0.6829268293,0.4214876033,0.3950617284,255001,
oof_p6_clean,route,42,LGA-DTW,80,36,18,11,145,29,0.2,0.2340425532,0.3793103448,0.3103448276,0.3724137931,255001,
oof_p6_clean,route,42,LGA-FLL,77,52,7,32,168,39,0.2321428571,0.380952381,0.8205128205,0.4031007752,0.3511904762,255001,
oof_p6_clean,route,42,LGA-IAH,98,34,27,8,167,35,0.2095808383,0.1904761905,0.2285714286,0.2575757576,0.3652694611,255001,
oof_p6_clean,route,42,LGA-MCO,74,21,11,9,115,20,0.1739130435,0.3,0.45,0.2210526316,0.2782608696,255001,
oof_p6_clean,route,42,LGA-MIA,86,47,18,20,171,38,0.2222222222,0.2985074627,0.5263157895,0.3533834586,0.3801169591,255001,
oof_p6_clean,route,42,LGA-ORD,217,105,48,50,420,98,0.2333333333,0.3225806452,0.5102040816,0.3260869565,0.3642857143,255001,
oof_p6_clean,route,42,LGA-RDU,81,10,17,0,108,17,0.1574074074,0,0,0.1098901099,0.25,255001,
oof_p6_clean,route,42,LGA-STL,76,14,13,7,110,20,0.1818181818,0.3333333333,0.35,0.1555555556,0.2454545455,255001,
oof_p6_clean,route,42,LIH-HNL,263,0,16,0,279,16,0.05734767025,,0,0,0.05734767025,255001,
oof_p6_clean,route,42,MCI-ATL,96,6,7,4,113,11,0.09734513274,0.4,0.3636363636,0.05882352941,0.1150442478,255001,
oof_p6_clean,route,42,MCI-DEN,142,12,24,3,181,27,0.1491712707,0.2,0.1111111111,0.07792207792,0.1988950276,255001,
oof_p6_clean,route,42,MCI-MDW,73,17,12,0,102,12,0.1176470588,0,0,0.1888888889,0.2843137255,255001,
oof_p6_clean,route,42,MCI-ORD,123,3,16,4,146,20,0.1369863014,0.5714285714,0.2,0.02380952381,0.1301369863,255001,
oof_p6_clean,route,42,MCO-ATL,260,17,34,6,317,40,0.1261829653,0.2608695652,0.15,0.06137184116,0.1608832808,255001,
oof_p6_clean,route,42,MCO-BOS,68,43,12,25,148,37,0.25,0.3676470588,0.6756756757,0.3873873874,0.3716216216,255001,
oof_p6_clean,route,42,MCO-BWI,126,23,17,10,176,27,0.1534090909,0.303030303,0.3703703704,0.1543624161,0.2272727273,255001,
oof_p6_clean,route,42,MCO-CLT,84,10,14,3,111,17,0.1531531532,0.2307692308,0.1764705882,0.1063829787,0.2162162162,255001,
oof_p6_clean,route,42,MCO-DCA,56,38,15,11,120,26,0.2166666667,0.2244897959,0.4230769231,0.4042553191,0.4416666667,255001,
oof_p6_clean,route,42,MCO-DEN,110,13,19,1,143,20,0.1398601399,0.07142857143,0.05,0.1056910569,0.2237762238,255001,
oof_p6_clean,route,42,MCO-DFW,68,21,12,6,107,18,0.1682242991,0.2222222222,0.3333333333,0.2359550562,0.308411215,255001,
oof_p6_clean,route,42,MCO-DTW,103,4,9,4,120,13,0.1083333333,0.5,0.3076923077,0.03738317757,0.1083333333,255001,
oof_p6_clean,route,42,MCO-EWR,101,83,20,58,262,78,0.2977099237,0.4113475177,0.7435897436,0.4510869565,0.393129771,255001,
oof_p6_clean,route,42,MCO-IAH,92,11,15,2,120,17,0.1416666667,0.1538461538,0.1176470588,0.1067961165,0.2166666667,255001,
oof_p6_clean,route,42,MCO-JFK,70,44,11,23,148,34,0.2297297297,0.3432835821,0.6764705882,0.3859649123,0.3716216216,255001,
oof_p6_clean,route,42,MCO-LAX,59,21,9,11,100,20,0.2,0.34375,0.55,0.2625,0.3,255001,
oof_p6_clean,route,42,MCO-LGA,67,27,6,16,116,22,0.1896551724,0.3720930233,0.7272727273,0.2872340426,0.2844827586,255001,
oof_p6_clean,route,42,MCO-MDW,53,30,11,7,101,18,0.1782178218,0.1891891892,0.3888888889,0.3614457831,0.4059405941,255001,
oof_p6_clean,route,42,MCO-ORD,95,25,21,7,148,28,0.1891891892,0.21875,0.25,0.2083333333,0.3108108108,255001,
oof_p6_clean,route,42,MCO-PHL,100,50,19,18,187,37,0.1978609626,0.2647058824,0.4864864865,0.3333333333,0.3689839572,255001,
oof_p6_clean,route,42,MCO-SJU,92,66,16,27,201,43,0.2139303483,0.2903225806,0.6279069767,0.417721519,0.407960199,255001,
oof_p6_clean,route,42,MDW-ATL,67,34,13,14,128,27,0.2109375,0.2916666667,0.5185185185,0.3366336634,0.3671875,255001,
oof_p6_clean,route,42,MDW-DEN,60,33,12,16,121,28,0.2314049587,0.3265306122,0.5714285714,0.3548387097,0.3719008264,255001,
oof_p6_clean,route,42,MDW-DTW,49,34,9,13,105,22,0.2095238095,0.2765957447,0.5909090909,0.4096385542,0.4095238095,255001,
oof_p6_clean,route,42,MDW-LAS,63,34,14,14,125,28,0.224,0.2916666667,0.5,0.3505154639,0.384,255001,
oof_p6_clean,route,42,MDW-MCI,55,26,10,10,101,20,0.198019802,0.2777777778,0.5,0.3209876543,0.3564356436,255001,
oof_p6_clean,route,42,MDW-MSP,80,36,12,9,137,21,0.1532846715,0.2,0.4285714286,0.3103448276,0.3503649635,255001,
oof_p6_clean,route,42,MDW-PHX,31,35,9,27,102,36,0.3529411765,0.435483871,0.75,0.5303030303,0.431372549,255001,
oof_p6_clean,route,42,MIA-ATL,141,17,27,6,191,33,0.1727748691,0.2608695652,0.1818181818,0.1075949367,0.2303664921,255001,
oof_p6_clean,route,42,MIA-DFW,56,21,11,13,101,24,0.2376237624,0.3823529412,0.5416666667,0.2727272727,0.3168316832,255001,
oof_p6_clean,route,42,MIA-EWR,34,38,5,30,107,35,0.3271028037,0.4411764706,0.8571428571,0.5277777778,0.4018691589,255001,
oof_p6_clean,route,42,MIA-IAH,80,6,10,5,101,15,0.1485148515,0.4545454545,0.3333333333,0.06976744186,0.1584158416,255001,
oof_p6_clean,route,42,MIA-LGA,56,62,9,27,154,36,0.2337662338,0.3033707865,0.75,0.5254237288,0.461038961,255001,
oof_p6_clean,route,42,MIA-ORD,79,17,16,6,118,22,0.186440678,0.2608695652,0.2727272727,0.1770833333,0.2796610169,255001,
oof_p6_clean,route,42,MKE-ATL,97,1,7,0,105,7,0.06666666667,0,0,0.01020408163,0.07619047619,255001,
oof_p6_clean,route,42,MKE-ORD,118,10,27,6,161,33,0.2049689441,0.375,0.1818181818,0.078125,0.2298136646,255001,
oof_p6_clean,route,42,MSN-ORD,132,6,16,2,156,18,0.1153846154,0.25,0.1111111111,0.04347826087,0.141025641,255001,
oof_p6_clean,route,42,MSP-ATL,139,2,11,3,155,14,0.09032258065,0.6,0.2142857143,0.01418439716,0.08387096774,255001,
oof_p6_clean,route,42,MSP-DEN,167,16,22,9,214,31,0.1448598131,0.36,0.2903225806,0.08743169399,0.1775700935,255001,
oof_p6_clean,route,42,MSP-DFW,85,7,23,2,117,25,0.2136752137,0.2222222222,0.08,0.07608695652,0.2564102564,255001,
oof_p6_clean,route,42,MSP-EWR,14,56,6,35,111,41,0.3693693694,0.3846153846,0.8536585366,0.8,0.5585585586,255001,
oof_p6_clean,route,42,MSP-IAH,71,11,21,0,103,21,0.2038834951,0,0,0.1341463415,0.3106796117,255001,
oof_p6_clean,route,42,MSP-LAX,88,2,14,0,104,14,0.1346153846,0,0,0.02222222222,0.1538461538,255001,
oof_p6_clean,route,42,MSP-MDW,108,18,23,2,151,25,0.1655629139,0.1,0.08,0.1428571429,0.2715231788,255001,
oof_p6_clean,route,42,MSP-ORD,145,39,36,10,230,46,0.2,0.2040816327,0.2173913043,0.2119565217,0.3260869565,255001,
oof_p6_clean,route,42,MSP-PHX,83,6,10,4,103,14,0.1359223301,0.4,0.2857142857,0.06741573034,0.1553398058,255001,
oof_p6_clean,route,42,MSP-SEA,85,3,20,0,108,20,0.1851851852,0,0,0.03409090909,0.212962963,255001,
oof_p6_clean,route,42,MSY-ATL,107,25,19,7,158,26,0.164556962,0.21875,0.2692307692,0.1893939394,0.2784810127,255001,
oof_p6_clean,route,42,MSY-DAL,64,24,11,6,105,17,0.1619047619,0.2,0.3529411765,0.2727272727,0.3333333333,255001,
oof_p6_clean,route,42,MSY-HOU,47,43,10,17,117,27,0.2307692308,0.2833333333,0.6296296296,0.4777777778,0.452991453,255001,
oof_p6_clean,route,42,MSY-IAH,105,8,17,0,130,17,0.1307692308,0,0,0.07079646018,0.1923076923,255001,
oof_p6_clean,route,42,OAK-BUR,102,33,11,14,160,25,0.15625,0.2978723404,0.56,0.2444444444,0.275,255001,
oof_p6_clean,route,42,OAK-LAS,89,47,15,18,169,33,0.1952662722,0.2769230769,0.5454545455,0.3455882353,0.3668639053,255001,
oof_p6_clean,route,42,OAK-LAX,107,55,25,20,207,45,0.2173913043,0.2666666667,0.4444444444,0.3395061728,0.38647343,255001,
oof_p6_clean,route,42,OAK-PDX,92,14,9,10,125,19,0.152,0.4166666667,0.5263157895,0.1320754717,0.184,255001,
oof_p6_clean,route,42,OAK-PHX,78,13,13,4,108,17,0.1574074074,0.2352941176,0.2352941176,0.1428571429,0.2407407407,255001,
oof_p6_clean,route,42,OAK-SAN,81,42,19,14,156,33,0.2115384615,0.25,0.4242424242,0.3414634146,0.391025641,255001,
oof_p6_clean,route,42,OAK-SEA,60,32,20,11,123,31,0.2520325203,0.2558139535,0.3548387097,0.347826087,0.4227642276,255001,
oof_p6_clean,route,42,OAK-SNA,61,32,11,13,117,24,0.2051282051,0.2888888889,0.5416666667,0.3440860215,0.3675213675,255001,
oof_p6_clean,route,42,OGG-HNL,363,1,32,0,396,32,0.08080808081,0,0,0.002747252747,0.08333333333,255001,
oof_p6_clean,route,42,OKC-DEN,94,15,17,6,132,23,0.1742424242,0.2857142857,0.2608695652,0.1376146789,0.2424242424,255001,
oof_p6_clean,route,42,OKC-IAH,93,3,14,0,110,14,0.1272727273,0,0,0.03125,0.1545454545,255001,
oof_p6_clean,route,42,OMA-DEN,77,10,12,3,102,15,0.1470588235,0.2307692308,0.2,0.1149425287,0.2156862745,255001,
oof_p6_clean,route,42,OMA-ORD,82,19,15,8,124,23,0.185483871,0.2962962963,0.347826087,0.1881188119,0.2741935484,255001,
oof_p6_clean,route,42,ONT-PHX,89,13,11,9,122,20,0.1639344262,0.4090909091,0.45,0.1274509804,0.1967213115,255001,
oof_p6_clean,route,42,ONT-SMF,63,20,9,8,100,17,0.17,0.2857142857,0.4705882353,0.2409638554,0.29,255001,
oof_p6_clean,route,42,ORD-ATL,142,38,36,10,226,46,0.203539823,0.2083333333,0.2173913043,0.2111111111,0.3274336283,255001,
oof_p6_clean,route,42,ORD-BNA,90,42,21,10,163,31,0.1901840491,0.1923076923,0.3225806452,0.3181818182,0.3865030675,255001,
oof_p6_clean,route,42,ORD-BOS,74,100,19,40,233,59,0.2532188841,0.2857142857,0.6779661017,0.5747126437,0.5107296137,255001,
oof_p6_clean,route,42,ORD-BWI,63,20,14,9,106,23,0.2169811321,0.3103448276,0.3913043478,0.2409638554,0.320754717,255001,
oof_p6_clean,route,42,ORD-CLE,112,26,22,5,165,27,0.1636363636,0.1612903226,0.1851851852,0.1884057971,0.2909090909,255001,
oof_p6_clean,route,42,ORD-CLT,82,33,22,14,151,36,0.238410596,0.2978723404,0.3888888889,0.2869565217,0.3642384106,255001,
oof_p6_clean,route,42,ORD-CMH,92,43,21,16,172,37,0.2151162791,0.2711864407,0.4324324324,0.3185185185,0.3720930233,255001,
oof_p6_clean,route,42,ORD-CVG,132,24,19,9,184,28,0.152173913,0.2727272727,0.3214285714,0.1538461538,0.2336956522,255001,
oof_p6_clean,route,42,ORD-DAY,80,22,20,3,125,23,0.184,0.12,0.1304347826,0.2156862745,0.336,255001,
oof_p6_clean,route,42,ORD-DCA,154,38,31,11,234,42,0.1794871795,0.2244897959,0.2619047619,0.1979166667,0.2948717949,255001,
oof_p6_clean,route,42,ORD-DEN,150,35,29,16,230,45,0.1956521739,0.3137254902,0.3555555556,0.1891891892,0.2782608696,255001,
oof_p6_clean,route,42,ORD-DFW,106,50,31,13,200,44,0.22,0.2063492063,0.2954545455,0.3205128205,0.405,255001,
oof_p6_clean,route,42,ORD-DSM,89,25,20,6,140,26,0.1857142857,0.1935483871,0.2307692308,0.2192982456,0.3214285714,255001,
oof_p6_clean,route,42,ORD-DTW,132,51,22,19,224,41,0.1830357143,0.2714285714,0.4634146341,0.2786885246,0.3258928571,255001,
oof_p6_clean,route,42,ORD-EWR,52,58,9,40,159,49,0.3081761006,0.4081632653,0.8163265306,0.5272727273,0.4213836478,255001,
oof_p6_clean,route,42,ORD-FLL,85,9,12,2,108,14,0.1296296296,0.1818181818,0.1428571429,0.09574468085,0.1944444444,255001,
oof_p6_clean,route,42,ORD-GRR,78,33,20,14,145,34,0.2344827586,0.2978723404,0.4117647059,0.2972972973,0.3655172414,255001,
oof_p6_clean,route,42,ORD-IAH,101,38,22,15,176,37,0.2102272727,0.2830188679,0.4054054054,0.273381295,0.3409090909,255001,
oof_p6_clean,route,42,ORD-IND,101,56,23,21,201,44,0.2189054726,0.2727272727,0.4772727273,0.3566878981,0.3930348259,255001,
oof_p6_clean,route,42,ORD-JFK,40,41,11,20,112,31,0.2767857143,0.3278688525,0.6451612903,0.5061728395,0.4642857143,255001,
oof_p6_clean,route,42,ORD-LAS,53,55,17,22,147,39,0.2653061224,0.2857142857,0.5641025641,0.5092592593,0.4897959184,255001,
oof_p6_clean,route,42,ORD-LAX,94,111,30,41,276,71,0.2572463768,0.2697368421,0.5774647887,0.5414634146,0.5108695652,255001,
oof_p6_clean,route,42,ORD-LGA,138,183,35,103,459,138,0.3006535948,0.3601398601,0.7463768116,0.5700934579,0.4749455338,255001,
oof_p6_clean,route,42,ORD-MCI,59,30,25,7,121,32,0.2644628099,0.1891891892,0.21875,0.3370786517,0.4545454545,255001,
oof_p6_clean,route,42,ORD-MCO,101,31,22,4,158,26,0.164556962,0.1142857143,0.1538461538,0.2348484848,0.335443038,255001,
oof_p6_clean,route,42,ORD-MEM,64,24,12,7,107,19,0.1775700935,0.2258064516,0.3684210526,0.2727272727,0.3364485981,255001,
oof_p6_clean,route,42,ORD-MIA,50,30,16,13,109,29,0.2660550459,0.3023255814,0.4482758621,0.375,0.4220183486,255001,
oof_p6_clean,route,42,ORD-MKE,131,8,23,2,164,25,0.1524390244,0.2,0.08,0.05755395683,0.1890243902,255001,
oof_p6_clean,route,42,ORD-MSN,75,26,21,5,127,26,0.2047244094,0.1612903226,0.1923076923,0.2574257426,0.3700787402,255001,
oof_p6_clean,route,42,ORD-MSP,101,61,23,28,213,51,0.2394366197,0.3146067416,0.5490196078,0.3765432099,0.3943661972,255001,
oof_p6_clean,route,42,ORD-OMA,77,16,17,3,113,20,0.1769911504,0.1578947368,0.15,0.1720430108,0.2920353982,255001,
oof_p6_clean,route,42,ORD-PHL,78,47,20,13,158,33,0.2088607595,0.2166666667,0.3939393939,0.376,0.4240506329,255001,
oof_p6_clean,route,42,ORD-PHX,106,25,20,10,161,30,0.1863354037,0.2857142857,0.3333333333,0.1908396947,0.2795031056,255001,
oof_p6_clean,route,42,ORD-PIT,86,24,19,6,135,25,0.1851851852,0.2,0.24,0.2181818182,0.3185185185,255001,
oof_p6_clean,route,42,ORD-RDU,90,15,13,5,123,18,0.1463414634,0.25,0.2777777778,0.1428571429,0.2276422764,255001,
oof_p6_clean,route,42,ORD-RSW,81,8,11,3,103,14,0.1359223301,0.2727272727,0.2142857143,0.08988764045,0.1844660194,255001,
oof_p6_clean,route,42,ORD-SDF,56,38,20,14,128,34,0.265625,0.2692307692,0.4117647059,0.4042553191,0.453125,255001,
oof_p6_clean,route,42,ORD-SEA,57,74,17,28,176,45,0.2556818182,0.2745098039,0.6222222222,0.5648854962,0.5170454545,255001,
oof_p6_clean,route,42,ORD-SFO,27,127,7,61,222,68,0.3063063063,0.3244680851,0.8970588235,0.8246753247,0.6036036036,255001,
oof_p6_clean,route,42,ORD-SLC,75,10,19,3,107,22,0.2056074766,0.2307692308,0.1363636364,0.1176470588,0.2710280374,255001,
oof_p6_clean,route,42,ORD-STL,97,31,19,19,166,38,0.2289156627,0.38,0.5,0.2421875,0.3012048193,255001,
oof_p6_clean,route,42,ORD-TVC,55,25,14,7,101,21,0.2079207921,0.21875,0.3333333333,0.3125,0.3861386139,255001,
oof_p6_clean,route,42,PBI-ATL,110,6,16,3,135,19,0.1407407407,0.3333333333,0.1578947368,0.05172413793,0.162962963,255001,
oof_p6_clean,route,42,PBI-EWR,58,33,9,25,125,34,0.272,0.4310344828,0.7352941176,0.3626373626,0.336,255001,
oof_p6_clean,route,42,PDX-DEN,127,8,16,2,153,18,0.1176470588,0.2,0.1111111111,0.05925925926,0.1568627451,255001,
oof_p6_clean,route,42,PDX-LAS,93,11,10,10,124,20,0.1612903226,0.4761904762,0.5,0.1057692308,0.1693548387,255001,
oof_p6_clean,route,42,PDX-LAX,154,4,25,0,183,25,0.1366120219,0,0,0.0253164557,0.1584699454,255001,
oof_p6_clean,route,42,PDX-OAK,82,7,10,2,101,12,0.1188118812,0.2222222222,0.1666666667,0.07865168539,0.1683168317,255001,
oof_p6_clean,route,42,PDX-SEA,288,6,61,2,357,63,0.1764705882,0.25,0.03174603175,0.02040816327,0.18767507,255001,
oof_p6_clean,route,42,PDX-SFO,124,38,32,11,205,43,0.2097560976,0.2244897959,0.2558139535,0.2345679012,0.3414634146,255001,
oof_p6_clean,route,42,PDX-SJC,108,10,16,4,138,20,0.1449275362,0.2857142857,0.2,0.08474576271,0.1884057971,255001,
oof_p6_clean,route,42,PDX-SMF,94,3,11,2,110,13,0.1181818182,0.4,0.1538461538,0.03092783505,0.1272727273,255001,
oof_p6_clean,route,42,PHL-ATL,151,7,20,1,179,21,0.1173184358,0.125,0.04761904762,0.04430379747,0.1508379888,255001,
oof_p6_clean,route,42,PHL-BOS,101,59,21,20,201,41,0.2039800995,0.253164557,0.487804878,0.36875,0.3980099502,255001,
oof_p6_clean,route,42,PHL-DEN,59,20,12,16,107,28,0.261682243,0.4444444444,0.5714285714,0.253164557,0.2990654206,255001,
oof_p6_clean,route,42,PHL-MCO,86,60,16,26,188,42,0.2234042553,0.3023255814,0.619047619,0.4109589041,0.4042553191,255001,
oof_p6_clean,route,42,PHL-ORD,108,19,13,9,149,22,0.1476510067,0.3214285714,0.4090909091,0.1496062992,0.2147651007,255001,
oof_p6_clean,route,42,PHX-ABQ,86,28,12,17,143,29,0.2027972028,0.3777777778,0.5862068966,0.2456140351,0.2797202797,255001,
oof_p6_clean,route,42,PHX-ATL,76,8,15,3,102,18,0.1764705882,0.2727272727,0.1666666667,0.09523809524,0.2254901961,255001,
oof_p6_clean,route,42,PHX-BUR,55,26,12,10,103,22,0.213592233,0.2777777778,0.4545454545,0.3209876543,0.3689320388,255001,
oof_p6_clean,route,42,PHX-DEN,212,33,27,13,285,40,0.1403508772,0.2826086957,0.325,0.1346938776,0.2105263158,255001,
oof_p6_clean,route,42,PHX-DFW,84,12,22,0,118,22,0.186440678,0,0,0.125,0.2881355932,255001,
oof_p6_clean,route,42,PHX-IAH,60,22,16,7,105,23,0.219047619,0.2413793103,0.3043478261,0.2682926829,0.3619047619,255001,
oof_p6_clean,route,42,PHX-LAS,151,26,33,2,212,35,0.1650943396,0.07142857143,0.05714285714,0.1468926554,0.2783018868,255001,
oof_p6_clean,route,42,PHX-LAX,140,67,26,25,258,51,0.1976744186,0.2717391304,0.4901960784,0.3236714976,0.3604651163,255001,
oof_p6_clean,route,42,PHX-MDW,66,19,12,9,106,21,0.1981132075,0.3214285714,0.4285714286,0.2235294118,0.2924528302,255001,
oof_p6_clean,route,42,PHX-MSP,96,1,14,0,111,14,0.1261261261,0,0,0.01030927835,0.1351351351,255001,
oof_p6_clean,route,42,PHX-OAK,78,29,10,14,131,24,0.1832061069,0.3255813953,0.5833333333,0.2710280374,0.2977099237,255001,
oof_p6_clean,route,42,PHX-ONT,52,39,9,23,123,32,0.2601626016,0.3709677419,0.71875,0.4285714286,0.3902439024,255001,
oof_p6_clean,route,42,PHX-ORD,144,14,25,2,185,27,0.1459459459,0.125,0.07407407407,0.08860759494,0.2108108108,255001,
oof_p6_clean,route,42,PHX-PDX,61,18,10,11,100,21,0.21,0.3793103448,0.5238095238,0.2278481013,0.28,255001,
oof_p6_clean,route,42,PHX-SAN,87,48,11,22,168,33,0.1964285714,0.3142857143,0.6666666667,0.3555555556,0.3511904762,255001,
oof_p6_clean,route,42,PHX-SEA,129,27,31,8,195,39,0.2,0.2285714286,0.2051282051,0.1730769231,0.2974358974,255001,
oof_p6_clean,route,42,PHX-SFO,58,67,21,20,166,41,0.2469879518,0.2298850575,0.487804878,0.536,0.5301204819,255001,
oof_p6_clean,route,42,PHX-SJC,84,24,11,10,129,21,0.1627906977,0.2941176471,0.4761904762,0.2222222222,0.2713178295,255001,
oof_p6_clean,route,42,PHX-SLC,91,32,21,12,156,33,0.2115384615,0.2727272727,0.3636363636,0.2601626016,0.3397435897,255001,
oof_p6_clean,route,42,PHX-SNA,89,28,19,7,143,26,0.1818181818,0.2,0.2692307692,0.2393162393,0.3286713287,255001,
oof_p6_clean,route,42,PIT-ATL,106,4,12,0,122,12,0.09836065574,0,0,0.03636363636,0.131147541,255001,
oof_p6_clean,route,42,PIT-BOS,61,26,6,15,108,21,0.1944444444,0.3658536585,0.7142857143,0.2988505747,0.2962962963,255001,
oof_p6_clean,route,42,PIT-LGA,61,31,8,19,119,27,0.2268907563,0.38,0.7037037037,0.3369565217,0.3277310924,255001,
oof_p6_clean,route,42,PIT-ORD,104,9,14,2,129,16,0.1240310078,0.1818181818,0.125,0.0796460177,0.1782945736,255001,
oof_p6_clean,route,42,PSC-SEA,93,2,15,0,110,15,0.1363636364,0,0,0.02105263158,0.1545454545,255001,
oof_p6_clean,route,42,RDU-ATL,143,11,21,6,181,27,0.1491712707,0.3529411765,0.2222222222,0.07142857143,0.1767955801,255001,
oof_p6_clean,route,42,RDU-BOS,67,26,10,17,120,27,0.225,0.3953488372,0.6296296296,0.2795698925,0.3,255001,
oof_p6_clean,route,42,RDU-EWR,62,30,11,22,125,33,0.264,0.4230769231,0.6666666667,0.3260869565,0.328,255001,
oof_p6_clean,route,42,RDU-LGA,58,33,17,11,119,28,0.2352941176,0.25,0.3928571429,0.3626373626,0.4201680672,255001,
oof_p6_clean,route,42,RDU-ORD,60,24,13,12,109,25,0.2293577982,0.3333333333,0.48,0.2857142857,0.3394495413,255001,
oof_p6_clean,route,42,RIC-ATL,95,9,14,3,121,17,0.1404958678,0.25,0.1764705882,0.08653846154,0.1900826446,255001,
oof_p6_clean,route,42,RIC-ORD,57,21,12,12,102,24,0.2352941176,0.3636363636,0.5,0.2692307692,0.3235294118,255001,
oof_p6_clean,route,42,RNO-LAS,80,17,13,10,120,23,0.1916666667,0.3703703704,0.4347826087,0.175257732,0.25,255001,
oof_p6_clean,route,42,RNO-LAX,92,8,15,0,115,15,0.1304347826,0,0,0.08,0.2,255001,
oof_p6_clean,route,42,SAN-DEN,106,27,15,15,163,30,0.1840490798,0.3571428571,0.5,0.2030075188,0.2576687117,255001,
oof_p6_clean,route,42,SAN-LAS,168,7,29,2,206,31,0.1504854369,0.2222222222,0.06451612903,0.04,0.1747572816,255001,
oof_p6_clean,route,42,SAN-LAX,139,4,26,1,170,27,0.1588235294,0.2,0.03703703704,0.02797202797,0.1764705882,255001,
oof_p6_clean,route,42,SAN-OAK,90,45,14,23,172,37,0.2151162791,0.3382352941,0.6216216216,0.3333333333,0.3430232558,255001,
oof_p6_clean,route,42,SAN-ORD,90,2,10,0,102,10,0.09803921569,0,0,0.02173913043,0.1176470588,255001,
oof_p6_clean,route,42,SAN-PHX,116,26,22,10,174,32,0.183908046,0.2777777778,0.3125,0.1830985915,0.275862069,255001,
oof_p6_clean,route,42,SAN-SEA,138,8,25,2,173,27,0.1560693642,0.2,0.07407407407,0.05479452055,0.1907514451,255001,
oof_p6_clean,route,42,SAN-SFO,96,110,32,37,275,69,0.2509090909,0.2517006803,0.5362318841,0.5339805825,0.5163636364,255001,
oof_p6_clean,route,42,SAN-SJC,178,8,21,1,208,22,0.1057692308,0.1111111111,0.04545454545,0.04301075269,0.1394230769,255001,
oof_p6_clean,route,42,SAN-SMF,188,20,27,4,239,31,0.129707113,0.1666666667,0.1290322581,0.09615384615,0.1966527197,255001,
oof_p6_clean,route,42,SAT-ATL,80,7,10,5,102,15,0.1470588235,0.4166666667,0.3333333333,0.08045977011,0.1666666667,255001,
oof_p6_clean,route,42,SAT-DAL,100,17,14,8,139,22,0.1582733813,0.32,0.3636363636,0.1452991453,0.2230215827,255001,
oof_p6_clean,route,42,SAT-DEN,90,10,10,1,111,11,0.0990990991,0.09090909091,0.09090909091,0.1,0.1801801802,255001,
oof_p6_clean,route,42,SAT-DFW,94,0,9,0,103,9,0.08737864078,,0,0,0.08737864078,255001,
oof_p6_clean,route,42,SAT-IAH,81,20,9,15,125,24,0.192,0.4285714286,0.625,0.198019802,0.232,255001,
oof_p6_clean,route,42,SAT-LAX,90,7,11,0,108,11,0.1018518519,0,0,0.07216494845,0.1666666667,255001,
oof_p6_clean,route,42,SAV-ATL,91,0,16,1,108,17,0.1574074074,1,0.05882352941,0,0.1481481481,255001,
oof_p6_clean,route,42,SDF-ORD,89,18,21,6,134,27,0.2014925373,0.25,0.2222222222,0.1682242991,0.2910447761,255001,
oof_p6_clean,route,42,SEA-ANC,203,6,37,1,247,38,0.1538461538,0.1428571429,0.02631578947,0.02870813397,0.1740890688,255001,
oof_p6_clean,route,42,SEA-BOI,160,0,23,0,183,23,0.1256830601,,0,0,0.1256830601,255001,
oof_p6_clean,route,42,SEA-DEN,182,25,30,13,250,43,0.172,0.3421052632,0.3023255814,0.1207729469,0.22,255001,
oof_p6_clean,route,42,SEA-DFW,61,23,15,10,109,25,0.2293577982,0.303030303,0.4,0.2738095238,0.3486238532,255001,
oof_p6_clean,route,42,SEA-GEG,203,8,43,2,256,45,0.17578125,0.2,0.04444444444,0.03791469194,0.19921875,255001,
oof_p6_clean,route,42,SEA-LAS,183,6,27,4,220,31,0.1409090909,0.4,0.1290322581,0.03174603175,0.15,255001,
oof_p6_clean,route,42,SEA-LAX,251,18,56,7,332,63,0.1897590361,0.28,0.1111111111,0.06691449814,0.2228915663,255001,
oof_p6_clean,route,42,SEA-OAK,133,0,9,0,142,9,0.06338028169,,0,0,0.06338028169,255001,
oof_p6_clean,route,42,SEA-ORD,139,15,32,3,189,35,0.1851851852,0.1666666667,0.08571428571,0.0974025974,0.2486772487,255001,
oof_p6_clean,route,42,SEA-PDX,313,2,54,0,369,54,0.1463414634,0,0,0.006349206349,0.1517615176,255001,
oof_p6_clean,route,42,SEA-PHX,154,9,29,2,194,31,0.1597938144,0.1818181818,0.06451612903,0.05521472393,0.1958762887,255001,
oof_p6_clean,route,42,SEA-PSC,82,16,22,3,123,25,0.2032520325,0.1578947368,0.12,0.1632653061,0.3089430894,255001,
oof_p6_clean,route,42,SEA-SAN,110,13,24,4,151,28,0.1854304636,0.2352941176,0.1428571429,0.1056910569,0.2450331126,255001,
oof_p6_clean,route,42,SEA-SFO,181,71,47,19,318,66,0.2075471698,0.2111111111,0.2878787879,0.2817460317,0.3710691824,255001,
oof_p6_clean,route,42,SEA-SJC,139,17,32,8,196,40,0.2040816327,0.32,0.2,0.108974359,0.25,255001,
oof_p6_clean,route,42,SEA-SLC,112,1,19,0,132,19,0.1439393939,0,0,0.008849557522,0.1515151515,255001,
oof_p6_clean,route,42,SEA-SMF,127,18,25,3,173,28,0.161849711,0.1428571429,0.1071428571,0.124137931,0.2485549133,255001,
oof_p6_clean,route,42,SEA-SNA,124,0,18,0,142,18,0.1267605634,,0,0,0.1267605634,255001,
oof_p6_clean,route,42,SFO-ATL,98,5,16,0,119,16,0.1344537815,0,0,0.04854368932,0.1764705882,255001,
oof_p6_clean,route,42,SFO-AUS,75,7,16,2,100,18,0.18,0.2222222222,0.1111111111,0.08536585366,0.23,255001,
oof_p6_clean,route,42,SFO-BOS,92,58,20,31,201,51,0.2537313433,0.3483146067,0.6078431373,0.3866666667,0.3880597015,255001,
oof_p6_clean,route,42,SFO-BUR,78,31,19,11,139,30,0.2158273381,0.2619047619,0.3666666667,0.2844036697,0.3597122302,255001,
oof_p6_clean,route,42,SFO-DEN,93,75,19,37,224,56,0.25,0.3303571429,0.6607142857,0.4464285714,0.4196428571,255001,
oof_p6_clean,route,42,SFO-DFW,73,49,4,30,156,34,0.2179487179,0.3797468354,0.8823529412,0.4016393443,0.3397435897,255001,
oof_p6_clean,route,42,SFO-EWR,105,46,21,28,200,49,0.245,0.3783783784,0.5714285714,0.3046357616,0.335,255001,
oof_p6_clean,route,42,SFO-HNL,54,25,18,8,105,26,0.2476190476,0.2424242424,0.3076923077,0.3164556962,0.4095238095,255001,
oof_p6_clean,route,42,SFO-IAD,74,28,22,5,129,27,0.2093023256,0.1515151515,0.1851851852,0.2745098039,0.3875968992,255001,
oof_p6_clean,route,42,SFO-IAH,64,39,18,14,135,32,0.237037037,0.2641509434,0.4375,0.3786407767,0.4222222222,255001,
oof_p6_clean,route,42,SFO-JFK,164,34,34,6,238,40,0.1680672269,0.15,0.15,0.1717171717,0.2857142857,255001,
oof_p6_clean,route,42,SFO-LAS,169,61,45,14,289,59,0.2041522491,0.1866666667,0.2372881356,0.2652173913,0.3667820069,255001,
oof_p6_clean,route,42,SFO-LAX,395,66,76,26,563,102,0.1811722913,0.2826086957,0.2549019608,0.1431670282,0.2522202487,255001,
oof_p6_clean,route,42,SFO-ORD,143,36,27,11,217,38,0.1751152074,0.2340425532,0.2894736842,0.2011173184,0.2903225806,255001,
oof_p6_clean,route,42,SFO-PDX,166,9,30,2,207,32,0.154589372,0.1818181818,0.0625,0.05142857143,0.1884057971,255001,
oof_p6_clean,route,42,SFO-PHX,123,19,19,11,172,30,0.1744186047,0.3666666667,0.3666666667,0.1338028169,0.2209302326,255001,
oof_p6_clean,route,42,SFO-PSP,67,16,15,5,103,20,0.1941747573,0.2380952381,0.25,0.1927710843,0.3009708738,255001,
oof_p6_clean,route,42,SFO-SAN,173,39,35,19,266,54,0.2030075188,0.3275862069,0.3518518519,0.1839622642,0.2781954887,255001,
oof_p6_clean,route,42,SFO-SEA,106,118,38,45,307,83,0.2703583062,0.2760736196,0.5421686747,0.5267857143,0.5081433225,255001,
oof_p6_clean,route,42,SFO-SLC,46,44,21,8,119,29,0.243697479,0.1538461538,0.275862069,0.4888888889,0.5462184874,255001,
oof_p6_clean,route,42,SFO-SNA,117,14,24,3,158,27,0.1708860759,0.1764705882,0.1111111111,0.106870229,0.2405063291,255001,
oof_p6_clean,route,42,SGF-ORD,83,7,16,1,107,17,0.1588785047,0.125,0.05882352941,0.07777777778,0.214953271,255001,
oof_p6_clean,route,42,SJC-BUR,98,16,12,7,133,19,0.1428571429,0.3043478261,0.3684210526,0.1403508772,0.2105263158,255001,
oof_p6_clean,route,42,SJC-DEN,97,10,20,6,133,26,0.1954887218,0.375,0.2307692308,0.09345794393,0.2255639098,255001,
oof_p6_clean,route,42,SJC-LAS,94,42,17,12,165,29,0.1757575758,0.2222222222,0.4137931034,0.3088235294,0.3575757576,255001,
oof_p6_clean,route,42,SJC-LAX,213,42,33,23,311,56,0.1800643087,0.3538461538,0.4107142857,0.1647058824,0.2411575563,255001,
oof_p6_clean,route,42,SJC-PDX,139,2,14,0,155,14,0.09032258065,0,0,0.01418439716,0.1032258065,255001,
oof_p6_clean,route,42,SJC-PHX,77,16,10,5,108,15,0.1388888889,0.2380952381,0.3333333333,0.1720430108,0.2407407407,255001,
oof_p6_clean,route,42,SJC-SAN,177,23,25,7,232,32,0.1379310345,0.2333333333,0.21875,0.115,0.2068965517,255001,
oof_p6_clean,route,42,SJC-SEA,149,23,30,7,209,37,0.1770334928,0.2333333333,0.1891891892,0.1337209302,0.2535885167,255001,
oof_p6_clean,route,42,SJC-SNA,130,13,15,4,162,19,0.1172839506,0.2352941176,0.2105263158,0.09090909091,0.1728395062,255001,
oof_p6_clean,route,42,SJU-FLL,74,37,12,15,138,27,0.1956521739,0.2884615385,0.5555555556,0.3333333333,0.3550724638,255001,
oof_p6_clean,route,42,SJU-JFK,55,30,11,13,109,24,0.2201834862,0.3023255814,0.5416666667,0.3529411765,0.376146789,255001,
oof_p6_clean,route,42,SJU-MCO,135,28,19,11,193,30,0.1554404145,0.2820512821,0.3666666667,0.1717791411,0.2435233161,255001,
oof_p6_clean,route,42,SLC-DEN,216,23,21,9,269,30,0.1115241636,0.28125,0.3,0.09623430962,0.1635687732,255001,
oof_p6_clean,route,42,SLC-DFW,88,1,14,0,103,14,0.1359223301,0,0,0.01123595506,0.145631068,255001,
oof_p6_clean,route,42,SLC-LAS,102,13,13,8,136,21,0.1544117647,0.380952381,0.380952381,0.1130434783,0.1911764706,255001,
oof_p6_clean,route,42,SLC-LAX,144,7,24,2,177,26,0.1468926554,0.2222222222,0.07692307692,0.04635761589,0.1751412429,255001,
oof_p6_clean,route,42,SLC-ORD,62,28,18,12,120,30,0.25,0.3,0.4,0.3111111111,0.3833333333,255001,
oof_p6_clean,route,42,SLC-PHX,120,11,17,2,150,19,0.1266666667,0.1538461538,0.1052631579,0.08396946565,0.1866666667,255001,
oof_p6_clean,route,42,SLC-SEA,118,2,17,0,137,17,0.1240875912,0,0,0.01666666667,0.1386861314,255001,
oof_p6_clean,route,42,SLC-SFO,36,48,15,17,116,32,0.275862069,0.2615384615,0.53125,0.5714285714,0.5431034483,255001,
oof_p6_clean,route,42,SMF-BUR,87,15,10,1,113,11,0.09734513274,0.0625,0.09090909091,0.1470588235,0.2212389381,255001,
oof_p6_clean,route,42,SMF-DEN,94,6,13,2,115,15,0.1304347826,0.25,0.1333333333,0.06,0.1652173913,255001,
oof_p6_clean,route,42,SMF-LAS,113,6,17,0,136,17,0.125,0,0,0.05042016807,0.1691176471,255001,
oof_p6_clean,route,42,SMF-LAX,224,10,34,3,271,37,0.1365313653,0.2307692308,0.08108108108,0.04273504274,0.1623616236,255001,
oof_p6_clean,route,42,SMF-PDX,95,3,3,1,102,4,0.03921568627,0.25,0.25,0.0306122449,0.05882352941,255001,
oof_p6_clean,route,42,SMF-PHX,95,3,11,0,109,11,0.1009174312,0,0,0.0306122449,0.128440367,255001,
oof_p6_clean,route,42,SMF-SAN,168,4,19,2,193,21,0.1088082902,0.3333333333,0.09523809524,0.02325581395,0.1191709845,255001,
oof_p6_clean,route,42,SMF-SEA,127,15,24,1,167,25,0.1497005988,0.0625,0.04,0.1056338028,0.2335329341,255001,
oof_p6_clean,route,42,SNA-DEN,115,10,17,1,143,18,0.1258741259,0.09090909091,0.05555555556,0.08,0.1888111888,255001,
oof_p6_clean,route,42,SNA-LAS,110,2,11,0,123,11,0.08943089431,0,0,0.01785714286,0.1056910569,255001,
oof_p6_clean,route,42,SNA-OAK,72,17,11,6,106,17,0.1603773585,0.2608695652,0.3529411765,0.191011236,0.2641509434,255001,
oof_p6_clean,route,42,SNA-PHX,85,18,14,8,125,22,0.176,0.3076923077,0.3636363636,0.1747572816,0.256,255001,
oof_p6_clean,route,42,SNA-SEA,111,3,16,3,133,19,0.1428571429,0.5,0.1578947368,0.02631578947,0.1428571429,255001,
oof_p6_clean,route,42,SNA-SFO,98,17,19,4,138,23,0.1666666667,0.1904761905,0.1739130435,0.147826087,0.2608695652,255001,
oof_p6_clean,route,42,SNA-SJC,171,14,18,5,208,23,0.1105769231,0.2631578947,0.2173913043,0.07567567568,0.1538461538,255001,
oof_p6_clean,route,42,STL-ATL,97,12,12,6,127,18,0.1417322835,0.3333333333,0.3333333333,0.1100917431,0.188976378,255001,
oof_p6_clean,route,42,STL-DEN,95,27,20,11,153,31,0.2026143791,0.2894736842,0.3548387097,0.2213114754,0.3071895425,255001,
oof_p6_clean,route,42,STL-LGA,50,30,14,11,105,25,0.2380952381,0.2682926829,0.44,0.375,0.419047619,255001,
oof_p6_clean,route,42,STL-ORD,93,31,26,13,163,39,0.2392638037,0.2954545455,0.3333333333,0.25,0.3496932515,255001,
oof_p6_clean,route,42,TPA-ATL,177,20,31,1,229,32,0.1397379913,0.04761904762,0.03125,0.1015228426,0.2227074236,255001,
oof_p6_clean,route,42,TPA-BOS,60,18,6,16,100,22,0.22,0.4705882353,0.7272727273,0.2307692308,0.24,255001,
oof_p6_clean,route,42,TPA-BWI,91,6,14,1,112,15,0.1339285714,0.1428571429,0.06666666667,0.0618556701,0.1785714286,255001,
oof_p6_clean,route,42,TPA-FLL,76,12,7,5,100,12,0.12,0.2941176471,0.4166666667,0.1363636364,0.19,255001,
oof_p6_clean,route,42,TPA-ORD,77,10,16,2,105,18,0.1714285714,0.1666666667,0.1111111111,0.1149425287,0.2476190476,255001,
oof_p6_clean,raw_time_pattern,1,arrival_missing,16561,3714,2800,1578,24653,4378,0.1775848781,0.298185941,0.3604385564,0.1831812577,0.2642274774,255001,
oof_p6_clean,raw_time_pattern,1,both_missing,2338,174,470,49,3031,519,0.171230617,0.2197309417,0.09441233141,0.06926751592,0.2124711316,255001,
oof_p6_clean,raw_time_pattern,1,both_observed,136284,30512,23346,12365,202507,35711,0.1763445214,0.2883830492,0.3462518552,0.1829300463,0.2659562385,255001,
oof_p6_clean,raw_time_pattern,1,departure_missing,16698,3720,2875,1517,24810,4392,0.177025393,0.2896696582,0.3454007286,0.1821921834,0.2658202338,255001,
oof_p6_clean,raw_time_pattern,7,arrival_missing,16832,3443,2901,1477,24653,4378,0.1775848781,0.300203252,0.3373686615,0.1698150432,0.2573317649,255001,
oof_p6_clean,raw_time_pattern,7,both_missing,2326,186,467,52,3031,519,0.171230617,0.218487395,0.1001926782,0.07404458599,0.2154404487,255001,
oof_p6_clean,raw_time_pattern,7,both_observed,138446,28350,24004,11707,202507,35711,0.1763445214,0.2922585316,0.32782616,0.1699681048,0.2585293348,255001,
oof_p6_clean,raw_time_pattern,7,departure_missing,16970,3448,2954,1438,24810,4392,0.177025393,0.2943102743,0.3274134791,0.1688706044,0.2580411125,255001,
oof_p6_clean,raw_time_pattern,42,arrival_missing,16766,3509,2843,1535,24653,4378,0.1775848781,0.3043219667,0.35061672,0.1730702836,0.257656269,255001,
oof_p6_clean,raw_time_pattern,42,both_missing,2335,177,464,55,3031,519,0.171230617,0.2370689655,0.105973025,0.07046178344,0.2114813593,255001,
oof_p6_clean,raw_time_pattern,42,both_observed,137431,29365,23555,12156,202507,35711,0.1763445214,0.2927675152,0.3403993167,0.1760533826,0.2613242999,255001,
oof_p6_clean,raw_time_pattern,42,departure_missing,16916,3502,2927,1465,24810,4392,0.177025393,0.2949466479,0.33356102,0.1715153296,0.2591293833,255001,
