population,experiment,seed,model,model_label,calibration_arm,calibration_arm_ko,calibrator,calibration_data,binning,binning_ko,bin,lower,upper,n,mean_probability,observed_rate,abs_gap,n_delayed,sum_probability,gap_signed
weather_eval,classifier_calibration_20261008,42,logistic_regression,Logistic Regression,none,보정 없음,none,none,equal_frequency_15,동일 빈도 15구간(주 지표),0,0.0089051523,0.062435599,12023,0.0487533488,0.0576395242,0.0088861754,693,586.1615126,-0.0088861754
weather_eval,classifier_calibration_20261008,42,logistic_regression,Logistic Regression,none,보정 없음,none,none,equal_frequency_15,동일 빈도 15구간(주 지표),1,0.062435599,0.0799451489,12022,0.0715531487,0.0753618366,0.003808688,906,860.2119537,-0.0038086879
weather_eval,classifier_calibration_20261008,42,logistic_regression,Logistic Regression,none,보정 없음,none,none,equal_frequency_15,동일 빈도 15구간(주 지표),2,0.0799451489,0.0951976842,12022,0.0876479257,0.0932457162,0.0055977905,1121,1053.703363,-0.0055977905
weather_eval,classifier_calibration_20261008,42,logistic_regression,Logistic Regression,none,보정 없음,none,none,equal_frequency_15,동일 빈도 15구간(주 지표),3,0.0951976842,0.1093083907,12022,0.1022839535,0.1001497255,0.002134228,1204,1229.657689,0.002134228
weather_eval,classifier_calibration_20261008,42,logistic_regression,Logistic Regression,none,보정 없음,none,none,equal_frequency_15,동일 빈도 15구간(주 지표),4,0.1093083907,0.1233120982,12022,0.1162967166,0.1142904675,0.0020062491,1374,1398.119127,0.0020062491
weather_eval,classifier_calibration_20261008,42,logistic_regression,Logistic Regression,none,보정 없음,none,none,equal_frequency_15,동일 빈도 15구간(주 지표),5,0.1233120982,0.1376979426,12022,0.1304727215,0.1262685077,0.0042042138,1518,1568.543058,0.0042042138
weather_eval,classifier_calibration_20261008,42,logistic_regression,Logistic Regression,none,보정 없음,none,none,equal_frequency_15,동일 빈도 15구간(주 지표),6,0.1376979426,0.1523177773,12022,0.1449566139,0.1454832807,0.0005266668,1749,1742.668412,-0.0005266668
weather_eval,classifier_calibration_20261008,42,logistic_regression,Logistic Regression,none,보정 없음,none,none,equal_frequency_15,동일 빈도 15구간(주 지표),7,0.1523177773,0.1674109414,12022,0.159770235,0.1523041091,0.0074661259,1831,1920.757765,0.0074661259
weather_eval,classifier_calibration_20261008,42,logistic_regression,Logistic Regression,none,보정 없음,none,none,equal_frequency_15,동일 빈도 15구간(주 지표),8,0.1674109414,0.1837711535,12022,0.175511391,0.1747629346,0.0007484564,2101,2109.997943,0.0007484564
weather_eval,classifier_calibration_20261008,42,logistic_regression,Logistic Regression,none,보정 없음,none,none,equal_frequency_15,동일 빈도 15구간(주 지표),9,0.1837711535,0.2017352326,12022,0.192622993,0.1909000166,0.0017229764,2295,2315.713622,0.0017229764
weather_eval,classifier_calibration_20261008,42,logistic_regression,Logistic Regression,none,보정 없음,none,none,equal_frequency_15,동일 빈도 15구간(주 지표),10,0.2017352326,0.2223407515,12022,0.2117765438,0.2071202795,0.0046562643,2490,2545.97761,0.0046562643
weather_eval,classifier_calibration_20261008,42,logistic_regression,Logistic Regression,none,보정 없음,none,none,equal_frequency_15,동일 빈도 15구간(주 지표),11,0.2223407515,0.2468977675,12022,0.2341168284,0.2311595408,0.0029572876,2779,2814.552511,0.0029572876
weather_eval,classifier_calibration_20261008,42,logistic_regression,Logistic Regression,none,보정 없음,none,none,equal_frequency_15,동일 빈도 15구간(주 지표),12,0.2468977675,0.2789743756,12022,0.2620984698,0.2625187157,0.0004202459,3156,3150.947804,-0.0004202459
weather_eval,classifier_calibration_20261008,42,logistic_regression,Logistic Regression,none,보정 없음,none,none,equal_frequency_15,동일 빈도 15구간(주 지표),13,0.2789743756,0.3311687075,12022,0.3022071079,0.3031941441,0.0009870362,3645,3633.133851,-0.0009870362
weather_eval,classifier_calibration_20261008,42,logistic_regression,Logistic Regression,none,보정 없음,none,none,equal_frequency_15,동일 빈도 15구간(주 지표),14,0.3311687075,0.9808911987,12023,0.4051204731,0.41112867,0.0060081969,4943,4870.763448,-0.0060081969
weather_eval,classifier_calibration_20261008,42,logistic_regression,Logistic Regression,none,보정 없음,none,none,equal_width_10,동일 폭 10구간(보조),0,0,0.1,40159,0.0722018159,0.0770437511,0.0048419352,3094,2899.552725,-0.0048419352
weather_eval,classifier_calibration_20261008,42,logistic_regression,Logistic Regression,none,보정 없음,none,none,equal_width_10,동일 폭 10구간(보조),1,0.1,0.2,78979,0.1477411958,0.1452284785,0.0025127173,11470,11668.4519,0.0025127173
weather_eval,classifier_calibration_20261008,42,logistic_regression,Logistic Regression,none,보정 없음,none,none,equal_width_10,동일 폭 10구간(보조),2,0.2,0.3,42962,0.2422659801,0.2408872957,0.0013786843,10349,10408.23104,0.0013786844
weather_eval,classifier_calibration_20261008,42,logistic_regression,Logistic Regression,none,보정 없음,none,none,equal_width_10,동일 폭 10구간(보조),3,0.3,0.4,13556,0.3393867032,0.344791974,0.0054052709,4674,4600.726149,-0.0054052708
weather_eval,classifier_calibration_20261008,42,logistic_regression,Logistic Regression,none,보정 없음,none,none,equal_width_10,동일 폭 10구간(보조),4,0.4,0.5,3427,0.4385398427,0.4362416107,0.002298232,1495,1502.876041,0.002298232
weather_eval,classifier_calibration_20261008,42,logistic_regression,Logistic Regression,none,보정 없음,none,none,equal_width_10,동일 폭 10구간(보조),5,0.5,0.6,925,0.5405182708,0.5686486486,0.0281303779,526,499.9794005,-0.0281303778
weather_eval,classifier_calibration_20261008,42,logistic_regression,Logistic Regression,none,보정 없음,none,none,equal_width_10,동일 폭 10구간(보조),6,0.6,0.7,231,0.6377067611,0.6017316017,0.0359751594,139,147.3102618,0.0359751594
weather_eval,classifier_calibration_20261008,42,logistic_regression,Logistic Regression,none,보정 없음,none,none,equal_width_10,동일 폭 10구간(보조),7,0.7,0.8,62,0.7442420914,0.564516129,0.1797259623,35,46.14300967,0.1797259624
weather_eval,classifier_calibration_20261008,42,logistic_regression,Logistic Regression,none,보정 없음,none,none,equal_width_10,동일 폭 10구간(보조),8,0.8,0.9,17,0.854770082,0.8235294118,0.0312406702,14,14.53109139,0.0312406702
weather_eval,classifier_calibration_20261008,42,logistic_regression,Logistic Regression,none,보정 없음,none,none,equal_width_10,동일 폭 10구간(보조),9,0.9,1,14,0.936289842,0.6428571429,0.2934326991,9,13.10805779,0.2934326991
weather_eval,classifier_calibration_20261008,42,logistic_regression,Logistic Regression,platt_inner_holdout,Platt · 내부 검증 행 적합(선택 행 재사용),platt,inner_holdout,equal_frequency_15,동일 빈도 15구간(주 지표),0,0.0089451159,0.064913701,12023,0.0508641852,0.0573900025,0.0065258173,690,611.5400987,-0.0065258173
weather_eval,classifier_calibration_20261008,42,logistic_regression,Logistic Regression,platt_inner_holdout,Platt · 내부 검증 행 적합(선택 행 재사용),platt,inner_holdout,equal_frequency_15,동일 빈도 15구간(주 지표),1,0.064913701,0.0823948342,12022,0.0740241384,0.0768590917,0.0028349533,924,889.9181918,-0.0028349533
weather_eval,classifier_calibration_20261008,42,logistic_regression,Logistic Regression,platt_inner_holdout,Platt · 내부 검증 행 적합(선택 행 재사용),platt,inner_holdout,equal_frequency_15,동일 빈도 15구간(주 지표),2,0.0823948342,0.0975998354,12022,0.0900969963,0.0914989186,0.0014019224,1100,1083.14609,-0.0014019223
weather_eval,classifier_calibration_20261008,42,logistic_regression,Logistic Regression,platt_inner_holdout,Platt · 내부 검증 행 적합(선택 행 재사용),platt,inner_holdout,equal_frequency_15,동일 빈도 15구간(주 지표),3,0.0975998354,0.1115016836,12022,0.1045598159,0.1007319913,0.0038278246,1211,1257.018107,0.0038278246
weather_eval,classifier_calibration_20261008,42,logistic_regression,Logistic Regression,platt_inner_holdout,Platt · 내부 검증 행 적합(선택 행 재사용),platt,inner_holdout,equal_frequency_15,동일 빈도 15구간(주 지표),4,0.1115016836,0.125266945,12022,0.1183409818,0.1133754783,0.0049655035,1363,1422.695283,0.0049655035
weather_eval,classifier_calibration_20261008,42,logistic_regression,Logistic Regression,platt_inner_holdout,Platt · 내부 검증 행 적합(선택 행 재사용),platt,inner_holdout,equal_frequency_15,동일 빈도 15구간(주 지표),5,0.125266945,0.1393327869,12022,0.1322382689,0.1280153053,0.0042229636,1539,1589.768469,0.0042229636
weather_eval,classifier_calibration_20261008,42,logistic_regression,Logistic Regression,platt_inner_holdout,Platt · 내부 검증 행 적합(선택 행 재사용),platt,inner_holdout,equal_frequency_15,동일 빈도 15구간(주 지표),6,0.1393327869,0.1535682989,12022,0.1464348614,0.145316919,0.0011179425,1747,1760.439904,0.0011179424
weather_eval,classifier_calibration_20261008,42,logistic_regression,Logistic Regression,platt_inner_holdout,Platt · 내부 검증 행 적합(선택 행 재사용),platt,inner_holdout,equal_frequency_15,동일 빈도 15구간(주 지표),7,0.1535682989,0.1683136826,12022,0.1608687874,0.1518050241,0.0090637633,1825,1933.964562,0.0090637633
weather_eval,classifier_calibration_20261008,42,logistic_regression,Logistic Regression,platt_inner_holdout,Platt · 내부 검증 행 적합(선택 행 재사용),platt,inner_holdout,equal_frequency_15,동일 빈도 15구간(주 지표),8,0.1683136826,0.1842402865,12022,0.1761649533,0.1747629346,0.0014020187,2101,2117.855069,0.0014020187
weather_eval,classifier_calibration_20261008,42,logistic_regression,Logistic Regression,platt_inner_holdout,Platt · 내부 검증 행 적합(선택 행 재사용),platt,inner_holdout,equal_frequency_15,동일 빈도 15구간(주 지표),9,0.1842402865,0.2016070132,12022,0.1927696455,0.1897354849,0.0030341605,2281,2317.476678,0.0030341606
weather_eval,classifier_calibration_20261008,42,logistic_regression,Logistic Regression,platt_inner_holdout,Platt · 내부 검증 행 적합(선택 행 재사용),platt,inner_holdout,equal_frequency_15,동일 빈도 15구간(주 지표),10,0.2016070132,0.221553622,12022,0.2113123181,0.207369822,0.0039424961,2493,2540.396688,0.0039424961
weather_eval,classifier_calibration_20261008,42,logistic_regression,Logistic Regression,platt_inner_holdout,Platt · 내부 검증 행 적합(선택 행 재사용),platt,inner_holdout,equal_frequency_15,동일 빈도 15구간(주 지표),11,0.221553622,0.2452249466,12022,0.2328913535,0.23207453,0.0008168235,2790,2799.819852,0.0008168235
weather_eval,classifier_calibration_20261008,42,logistic_regression,Logistic Regression,platt_inner_holdout,Platt · 내부 검증 행 적합(선택 행 재사용),platt,inner_holdout,equal_frequency_15,동일 빈도 15구간(주 지표),12,0.2452249466,0.276010273,12022,0.259858474,0.2610214607,0.0011629866,3138,3124.018574,-0.0011629867
weather_eval,classifier_calibration_20261008,42,logistic_regression,Logistic Regression,platt_inner_holdout,Platt · 내부 검증 행 적합(선택 행 재사용),platt,inner_holdout,equal_frequency_15,동일 빈도 15구간(주 지표),13,0.276010273,0.3263294813,12022,0.2984720525,0.3049409416,0.0064688891,3666,3588.231015,-0.0064688891
weather_eval,classifier_calibration_20261008,42,logistic_regression,Logistic Regression,platt_inner_holdout,Platt · 내부 검증 행 적합(선택 행 재사용),platt,inner_holdout,equal_frequency_15,동일 빈도 15구간(주 지표),14,0.3263294813,0.9806656345,12023,0.3975748023,0.4106296265,0.0130548243,4937,4780.041848,-0.0130548242
weather_eval,classifier_calibration_20261008,42,logistic_regression,Logistic Regression,platt_inner_holdout,Platt · 내부 검증 행 적합(선택 행 재사용),platt,inner_holdout,equal_width_10,동일 폭 10구간(보조),0,0,0.1,38135,0.0731322305,0.0763602989,0.0032280685,2912,2788.89761,-0.0032280684
weather_eval,classifier_calibration_20261008,42,logistic_regression,Logistic Regression,platt_inner_holdout,Platt · 내부 검증 행 적합(선택 행 재사용),platt,inner_holdout,equal_width_10,동일 폭 10구간(보조),1,0.1,0.2,81045,0.1478919624,0.1439940774,0.003897885,11670,11985.90409,0.003897885
weather_eval,classifier_calibration_20261008,42,logistic_regression,Logistic Regression,platt_inner_holdout,Platt · 내부 검증 행 적합(선택 행 재사용),platt,inner_holdout,equal_width_10,동일 폭 10구간(보조),2,0.2,0.3,43774,0.2418897492,0.2416959839,0.0001937653,10580,10588.48188,0.0001937653
weather_eval,classifier_calibration_20261008,42,logistic_regression,Logistic Regression,platt_inner_holdout,Platt · 내부 검증 행 적합(선택 행 재사용),platt,inner_holdout,equal_width_10,동일 폭 10구간(보조),3,0.3,0.4,13176,0.3387589697,0.351472374,0.0127134043,4631,4463.488185,-0.0127134043
weather_eval,classifier_calibration_20261008,42,logistic_regression,Logistic Regression,platt_inner_holdout,Platt · 내부 검증 행 적합(선택 행 재사용),platt,inner_holdout,equal_width_10,동일 폭 10구간(보조),4,0.4,0.5,3136,0.4382522825,0.4413265306,0.0030742481,1384,1374.359158,-0.0030742481
weather_eval,classifier_calibration_20261008,42,logistic_regression,Logistic Regression,platt_inner_holdout,Platt · 내부 검증 행 적합(선택 행 재사용),platt,inner_holdout,equal_width_10,동일 폭 10구간(보조),5,0.5,0.6,791,0.5403007991,0.5865992415,0.0462984423,464,427.3779321,-0.0462984424
weather_eval,classifier_calibration_20261008,42,logistic_regression,Logistic Regression,platt_inner_holdout,Platt · 내부 검증 행 적합(선택 행 재사용),platt,inner_holdout,equal_width_10,동일 폭 10구간(보조),6,0.6,0.7,192,0.6364093891,0.5833333333,0.0530760557,112,122.1906027,0.0530760558
weather_eval,classifier_calibration_20261008,42,logistic_regression,Logistic Regression,platt_inner_holdout,Platt · 내부 검증 행 적합(선택 행 재사용),platt,inner_holdout,equal_width_10,동일 폭 10구간(보조),7,0.7,0.8,54,0.7386279209,0.5555555556,0.1830723653,30,39.88590773,0.1830723653
weather_eval,classifier_calibration_20261008,42,logistic_regression,Logistic Regression,platt_inner_holdout,Platt · 내부 검증 행 적합(선택 행 재사용),platt,inner_holdout,equal_width_10,동일 폭 10구간(보조),8,0.8,0.9,17,0.8533244956,0.8235294118,0.0297950839,14,14.50651643,0.0297950838
weather_eval,classifier_calibration_20261008,42,logistic_regression,Logistic Regression,platt_inner_holdout,Platt · 내부 검증 행 적합(선택 행 재사용),platt,inner_holdout,equal_width_10,동일 폭 10구간(보조),9,0.9,1,12,0.9365454338,0.6666666667,0.2698787671,8,11.23854521,0.2698787671
weather_eval,classifier_calibration_20261008,42,logistic_regression,Logistic Regression,isotonic_inner_holdout,Isotonic · 내부 검증 행 적합(선택 행 재사용),isotonic,inner_holdout,equal_frequency_15,동일 빈도 15구간(주 지표),0,1e-06,0.0742574257,11776,0.0537431698,0.0591032609,0.0053600911,696,632.8795676,-0.0053600911
weather_eval,classifier_calibration_20261008,42,logistic_regression,Logistic Regression,isotonic_inner_holdout,Isotonic · 내부 검증 행 적합(선택 행 재사용),isotonic,inner_holdout,equal_frequency_15,동일 빈도 15구간(주 지표),1,0.0742574257,0.0830527497,11882,0.0784569593,0.0752398586,0.0032171007,894,932.2255904,0.0032171007
weather_eval,classifier_calibration_20261008,42,logistic_regression,Logistic Regression,isotonic_inner_holdout,Isotonic · 내부 검증 행 적합(선택 행 재사용),isotonic,inner_holdout,equal_frequency_15,동일 빈도 15구간(주 지표),2,0.0830527497,0.0978723404,11552,0.0890585474,0.0903739612,0.0013154138,1044,1028.80434,-0.0013154138
weather_eval,classifier_calibration_20261008,42,logistic_regression,Logistic Regression,isotonic_inner_holdout,Isotonic · 내부 검증 행 적합(선택 행 재사용),isotonic,inner_holdout,equal_frequency_15,동일 빈도 15구간(주 지표),3,0.0978723404,0.1099495314,11362,0.1018574482,0.1052631579,0.0034057097,1196,1157.304326,-0.0034057097
weather_eval,classifier_calibration_20261008,42,logistic_regression,Logistic Regression,isotonic_inner_holdout,Isotonic · 내부 검증 행 적합(선택 행 재사용),isotonic,inner_holdout,equal_frequency_15,동일 빈도 15구간(주 지표),4,0.1099495314,0.1217208814,13233,0.1128193592,0.1080631754,0.0047561839,1430,1492.93858,0.0047561838
weather_eval,classifier_calibration_20261008,42,logistic_regression,Logistic Regression,isotonic_inner_holdout,Isotonic · 내부 검증 행 적합(선택 행 재사용),isotonic,inner_holdout,equal_frequency_15,동일 빈도 15구간(주 지표),5,0.1217208814,0.1342828077,11174,0.1286948112,0.1256488276,0.0030459835,1404,1438.03582,0.0030459836
weather_eval,classifier_calibration_20261008,42,logistic_regression,Logistic Regression,isotonic_inner_holdout,Isotonic · 내부 검증 행 적합(선택 행 재사용),isotonic,inner_holdout,equal_frequency_15,동일 빈도 15구간(주 지표),6,0.1342828077,0.1513806706,11512,0.1423306992,0.1435892981,0.0012585989,1653,1638.511009,-0.0012585989
weather_eval,classifier_calibration_20261008,42,logistic_regression,Logistic Regression,isotonic_inner_holdout,Isotonic · 내부 검증 행 적합(선택 행 재사용),isotonic,inner_holdout,equal_frequency_15,동일 빈도 15구간(주 지표),7,0.1513806706,0.1626535627,12080,0.156262318,0.1512417219,0.0050205961,1827,1887.648801,0.0050205961
weather_eval,classifier_calibration_20261008,42,logistic_regression,Logistic Regression,isotonic_inner_holdout,Isotonic · 내부 검증 행 적합(선택 행 재사용),isotonic,inner_holdout,equal_frequency_15,동일 빈도 15구간(주 지표),8,0.1626535627,0.1844431349,13038,0.1689412903,0.1755637368,0.0066224465,2289,2202.656543,-0.0066224465
weather_eval,classifier_calibration_20261008,42,logistic_regression,Logistic Regression,isotonic_inner_holdout,Isotonic · 내부 검증 행 적합(선택 행 재사용),isotonic,inner_holdout,equal_frequency_15,동일 빈도 15구간(주 지표),9,0.1844431349,0.1973601508,12142,0.1880152719,0.1862955032,0.0017197687,2262,2282.881431,0.0017197687
weather_eval,classifier_calibration_20261008,42,logistic_regression,Logistic Regression,isotonic_inner_holdout,Isotonic · 내부 검증 행 적합(선택 행 재사용),isotonic,inner_holdout,equal_frequency_15,동일 빈도 15구간(주 지표),10,0.1973601508,0.2173112339,11603,0.2065501142,0.2068430578,0.0002929436,2400,2396.600975,-0.0002929436
weather_eval,classifier_calibration_20261008,42,logistic_regression,Logistic Regression,isotonic_inner_holdout,Isotonic · 내부 검증 행 적합(선택 행 재사용),isotonic,inner_holdout,equal_frequency_15,동일 빈도 15구간(주 지표),11,0.2173112339,0.2497579864,12726,0.2305936233,0.2310231023,0.000429479,2940,2934.53445,-0.000429479
weather_eval,classifier_calibration_20261008,42,logistic_regression,Logistic Regression,isotonic_inner_holdout,Isotonic · 내부 검증 행 적합(선택 행 재사용),isotonic,inner_holdout,equal_frequency_15,동일 빈도 15구간(주 지표),12,0.2497579864,0.2744630072,11819,0.2586926031,0.2621203147,0.0034277116,3098,3057.487876,-0.0034277116
weather_eval,classifier_calibration_20261008,42,logistic_regression,Logistic Regression,isotonic_inner_holdout,Isotonic · 내부 검증 행 적합(선택 행 재사용),isotonic,inner_holdout,equal_frequency_15,동일 빈도 15구간(주 지표),13,0.2744630072,0.3378378378,12049,0.3010572187,0.3069134368,0.0058562181,3698,3627.438428,-0.0058562181
weather_eval,classifier_calibration_20261008,42,logistic_regression,Logistic Regression,isotonic_inner_holdout,Isotonic · 내부 검증 행 적합(선택 행 재사용),isotonic,inner_holdout,equal_frequency_15,동일 빈도 15구간(주 지표),14,0.3378378378,0.999999,12384,0.4117575495,0.4016472868,0.0101102627,4974,5099.205493,0.0101102627
weather_eval,classifier_calibration_20261008,42,logistic_regression,Logistic Regression,isotonic_inner_holdout,Isotonic · 내부 검증 행 적합(선택 행 재사용),isotonic,inner_holdout,equal_width_10,동일 폭 10구간(보조),0,0,0.1,38057,0.0754917981,0.0763065927,0.0008147946,2904,2872.99136,-0.0008147946
weather_eval,classifier_calibration_20261008,42,logistic_regression,Logistic Regression,isotonic_inner_holdout,Isotonic · 내부 검증 행 적합(선택 행 재사용),isotonic,inner_holdout,equal_width_10,동일 폭 10구간(보조),1,0.1,0.2,84889,0.1466872868,0.1465796511,0.0001076357,12443,12452.13709,0.0001076357
weather_eval,classifier_calibration_20261008,42,logistic_regression,Logistic Regression,isotonic_inner_holdout,Isotonic · 내부 검증 행 적합(선택 행 재사용),isotonic,inner_holdout,equal_width_10,동일 폭 10구간(보조),2,0.2,0.3,37919,0.2414858278,0.2428070361,0.0013212082,9207,9156.901104,-0.0013212083
weather_eval,classifier_calibration_20261008,42,logistic_regression,Logistic Regression,isotonic_inner_holdout,Isotonic · 내부 검증 행 적합(선택 행 재사용),isotonic,inner_holdout,equal_width_10,동일 폭 10구간(보조),3,0.3,0.4,13896,0.3377072525,0.3363557858,0.0013514667,4674,4692.779981,0.0013514667
weather_eval,classifier_calibration_20261008,42,logistic_regression,Logistic Regression,isotonic_inner_holdout,Isotonic · 내부 검증 행 적합(선택 행 재사용),isotonic,inner_holdout,equal_width_10,동일 폭 10구간(보조),4,0.4,0.5,4223,0.4315425768,0.4319204357,0.0003778589,1824,1822.404302,-0.0003778589
weather_eval,classifier_calibration_20261008,42,logistic_regression,Logistic Regression,isotonic_inner_holdout,Isotonic · 내부 검증 행 적합(선택 행 재사용),isotonic,inner_holdout,equal_width_10,동일 폭 10구간(보조),5,0.5,0.6,659,0.5474015182,0.535660091,0.0117414271,353,360.7376005,0.0117414272
weather_eval,classifier_calibration_20261008,42,logistic_regression,Logistic Regression,isotonic_inner_holdout,Isotonic · 내부 검증 행 적합(선택 행 재사용),isotonic,inner_holdout,equal_width_10,동일 폭 10구간(보조),6,0.6,0.7,632,0.641436104,0.5759493671,0.0654867369,364,405.3876177,0.0654867369
weather_eval,classifier_calibration_20261008,42,logistic_regression,Logistic Regression,isotonic_inner_holdout,Isotonic · 내부 검증 행 적합(선택 행 재사용),isotonic,inner_holdout,equal_width_10,동일 폭 10구간(보조),7,0.7,0.8,33,0.7303667352,0.5454545455,0.1849121897,18,24.10210226,0.1849121897
weather_eval,classifier_calibration_20261008,42,logistic_regression,Logistic Regression,isotonic_inner_holdout,Isotonic · 내부 검증 행 적합(선택 행 재사용),isotonic,inner_holdout,equal_width_10,동일 폭 10구간(보조),8,0.8,0.9,13,0.8369263344,0.7692307692,0.0676955652,10,10.88004235,0.0676955652
weather_eval,classifier_calibration_20261008,42,logistic_regression,Logistic Regression,isotonic_inner_holdout,Isotonic · 내부 검증 행 적합(선택 행 재사용),isotonic,inner_holdout,equal_width_10,동일 폭 10구간(보조),9,0.9,1,11,0.9847302027,0.7272727273,0.2574574754,8,10.83203223,0.2574574754
weather_eval,classifier_calibration_20261008,42,logistic_regression,Logistic Regression,platt_crossfit,Platt · 내부 학습 교차적합,platt,inner_train_crossfit,equal_frequency_15,동일 빈도 15구간(주 지표),0,0.0092732376,0.0635087002,12023,0.0497652735,0.0573900025,0.007624729,690,598.3278833,-0.007624729
weather_eval,classifier_calibration_20261008,42,logistic_regression,Logistic Regression,platt_crossfit,Platt · 내부 학습 교차적합,platt,inner_train_crossfit,equal_frequency_15,동일 빈도 15구간(주 지표),1,0.0635087002,0.0810200465,12022,0.072634546,0.0760272833,0.0033927373,914,873.212512,-0.0033927373
weather_eval,classifier_calibration_20261008,42,logistic_regression,Logistic Regression,platt_crossfit,Platt · 내부 학습 교차적합,platt,inner_train_crossfit,equal_frequency_15,동일 빈도 15구간(주 지표),2,0.0810200465,0.0962422556,12022,0.0887127582,0.0931625354,0.0044497771,1120,1066.504779,-0.0044497772
weather_eval,classifier_calibration_20261008,42,logistic_regression,Logistic Regression,platt_crossfit,Platt · 내부 학습 교차적합,platt,inner_train_crossfit,equal_frequency_15,동일 빈도 15구간(주 지표),3,0.0962422556,0.1102854143,12022,0.1032800355,0.0993179172,0.0039621183,1194,1241.632587,0.0039621183
weather_eval,classifier_calibration_20261008,42,logistic_regression,Logistic Regression,platt_crossfit,Platt · 내부 학습 교차적합,platt,inner_train_crossfit,equal_frequency_15,동일 빈도 15구간(주 지표),4,0.1102854143,0.1241891185,12022,0.1172111625,0.1152054567,0.0020057058,1385,1409.112596,0.0020057058
weather_eval,classifier_calibration_20261008,42,logistic_regression,Logistic Regression,platt_crossfit,Platt · 내부 학습 교차적합,platt,inner_train_crossfit,equal_frequency_15,동일 빈도 15구간(주 지표),5,0.1241891185,0.1384757677,12022,0.1312856279,0.1267675927,0.0045180352,1524,1578.315819,0.0045180352
weather_eval,classifier_calibration_20261008,42,logistic_regression,Logistic Regression,platt_crossfit,Platt · 내부 학습 교차적합,platt,inner_train_crossfit,equal_frequency_15,동일 빈도 15구간(주 지표),6,0.1384757677,0.152907069,12022,0.1456341764,0.1438196639,0.0018145125,1729,1750.814069,0.0018145125
weather_eval,classifier_calibration_20261008,42,logistic_regression,Logistic Regression,platt_crossfit,Platt · 내부 학습 교차적합,platt,inner_train_crossfit,equal_frequency_15,동일 빈도 15구간(주 지표),7,0.152907069,0.1678644377,12022,0.1602893597,0.1534686408,0.0068207188,1845,1926.998682,0.0068207189
weather_eval,classifier_calibration_20261008,42,logistic_regression,Logistic Regression,platt_crossfit,Platt · 내부 학습 교차적합,platt,inner_train_crossfit,equal_frequency_15,동일 빈도 15구간(주 지표),8,0.1678644377,0.1840212341,12022,0.1758482541,0.1739311263,0.0019171279,2091,2114.047711,0.0019171278
weather_eval,classifier_calibration_20261008,42,logistic_regression,Logistic Regression,platt_crossfit,Platt · 내부 학습 교차적합,platt,inner_train_crossfit,equal_frequency_15,동일 빈도 15구간(주 지표),9,0.1840212341,0.2017395345,12022,0.1927410828,0.1909831975,0.0017578854,2296,2317.133297,0.0017578853
weather_eval,classifier_calibration_20261008,42,logistic_regression,Logistic Regression,platt_crossfit,Platt · 내부 학습 교차적합,platt,inner_train_crossfit,equal_frequency_15,동일 빈도 15구간(주 지표),10,0.2017395345,0.2220347144,12022,0.2116334799,0.207369822,0.0042636579,2493,2544.257695,0.0042636579
weather_eval,classifier_calibration_20261008,42,logistic_regression,Logistic Regression,platt_crossfit,Platt · 내부 학습 교차적합,platt,inner_train_crossfit,equal_frequency_15,동일 빈도 15구간(주 지표),11,0.2220347144,0.246232368,12022,0.2336444103,0.2312427217,0.0024016886,2780,2808.873101,0.0024016886
weather_eval,classifier_calibration_20261008,42,logistic_regression,Logistic Regression,platt_crossfit,Platt · 내부 학습 교차적합,platt,inner_train_crossfit,equal_frequency_15,동일 빈도 15구간(주 지표),12,0.246232368,0.2778015545,12022,0.2611916881,0.261853269,0.0006615809,3148,3140.046474,-0.0006615809
weather_eval,classifier_calibration_20261008,42,logistic_regression,Logistic Regression,platt_crossfit,Platt · 내부 학습 교차적합,platt,inner_train_crossfit,equal_frequency_15,동일 빈도 15구간(주 지표),13,0.2778015545,0.3291661843,12022,0.3006379792,0.3036932291,0.0030552499,3651,3614.269786,-0.0030552499
weather_eval,classifier_calibration_20261008,42,logistic_regression,Logistic Regression,platt_crossfit,Platt · 내부 학습 교차적합,platt,inner_train_crossfit,equal_frequency_15,동일 빈도 15구간(주 지표),14,0.3291661843,0.979624516,12023,0.4019031423,0.4112950179,0.0093918756,4945,4832.08148,-0.0093918756
weather_eval,classifier_calibration_20261008,42,logistic_regression,Logistic Regression,platt_crossfit,Platt · 내부 학습 교차적합,platt,inner_train_crossfit,equal_width_10,동일 폭 10구간(보조),0,0,0.1,39306,0.0726602277,0.0767312878,0.0040710602,3016,2855.98291,-0.0040710601
weather_eval,classifier_calibration_20261008,42,logistic_regression,Logistic Regression,platt_crossfit,Platt · 내부 학습 교차적합,platt,inner_train_crossfit,equal_width_10,동일 폭 10구간(보조),1,0.1,0.2,79809,0.1478276883,0.1446829305,0.0031447578,11547,11797.97998,0.0031447578
weather_eval,classifier_calibration_20261008,42,logistic_regression,Logistic Regression,platt_crossfit,Platt · 내부 학습 교차적합,platt,inner_train_crossfit,equal_width_10,동일 폭 10구간(보조),2,0.2,0.3,43344,0.2421134753,0.2410022148,0.0011112605,10446,10494.16647,0.0011112605
weather_eval,classifier_calibration_20261008,42,logistic_regression,Logistic Regression,platt_crossfit,Platt · 내부 학습 교차적합,platt,inner_train_crossfit,equal_width_10,동일 폭 10구간(보조),3,0.3,0.4,13395,0.3391121818,0.3470698022,0.0079576203,4649,4542.407675,-0.0079576204
weather_eval,classifier_calibration_20261008,42,logistic_regression,Logistic Regression,platt_crossfit,Platt · 내부 학습 교차적합,platt,inner_train_crossfit,equal_width_10,동일 폭 10구간(보조),4,0.4,0.5,3308,0.4383764541,0.4404474002,0.0020709461,1457,1450.14931,-0.0020709461
weather_eval,classifier_calibration_20261008,42,logistic_regression,Logistic Regression,platt_crossfit,Platt · 내부 학습 교차적합,platt,inner_train_crossfit,equal_width_10,동일 폭 10구간(보조),5,0.5,0.6,865,0.5400435525,0.5815028902,0.0414593376,503,467.1376729,-0.0414593377
weather_eval,classifier_calibration_20261008,42,logistic_regression,Logistic Regression,platt_crossfit,Platt · 내부 학습 교차적합,platt,inner_train_crossfit,equal_width_10,동일 폭 10구간(보조),6,0.6,0.7,216,0.6357861082,0.6111111111,0.0246749971,132,137.3297994,0.0246749971
weather_eval,classifier_calibration_20261008,42,logistic_regression,Logistic Regression,platt_crossfit,Platt · 내부 학습 교차적합,platt,inner_train_crossfit,equal_width_10,동일 폭 10구간(보조),7,0.7,0.8,58,0.740823908,0.5517241379,0.1890997701,32,42.96778666,0.1890997701
weather_eval,classifier_calibration_20261008,42,logistic_regression,Logistic Regression,platt_crossfit,Platt · 내부 학습 교차적합,platt,inner_train_crossfit,equal_width_10,동일 폭 10구간(보조),8,0.8,0.9,19,0.8549495432,0.7894736842,0.065475859,15,16.24404132,0.065475859
weather_eval,classifier_calibration_20261008,42,logistic_regression,Logistic Regression,platt_crossfit,Platt · 내부 학습 교차적합,platt,inner_train_crossfit,equal_width_10,동일 폭 10구간(보조),9,0.9,1,12,0.9385688659,0.6666666667,0.2719021992,8,11.26282639,0.2719021992
weather_eval,classifier_calibration_20261008,42,logistic_regression,Logistic Regression,isotonic_crossfit,Isotonic · 내부 학습 교차적합,isotonic,inner_train_crossfit,equal_frequency_15,동일 빈도 15구간(주 지표),0,1e-06,0.0677083333,11687,0.0555692999,0.0584410028,0.0028717029,683,649.4384079,-0.0028717029
weather_eval,classifier_calibration_20261008,42,logistic_regression,Logistic Regression,isotonic_crossfit,Isotonic · 내부 학습 교차적합,isotonic,inner_train_crossfit,equal_frequency_15,동일 빈도 15구간(주 지표),1,0.0677083333,0.0855614973,11887,0.0755734947,0.0743669555,0.0012065392,884,898.3421315,0.0012065392
weather_eval,classifier_calibration_20261008,42,logistic_regression,Logistic Regression,isotonic_crossfit,Isotonic · 내부 학습 교차적합,isotonic,inner_train_crossfit,equal_frequency_15,동일 빈도 15구간(주 지표),2,0.0855614973,0.0947527369,11702,0.089866439,0.0933173816,0.0034509427,1092,1051.617069,-0.0034509426
weather_eval,classifier_calibration_20261008,42,logistic_regression,Logistic Regression,isotonic_crossfit,Isotonic · 내부 학습 교차적합,isotonic,inner_train_crossfit,equal_frequency_15,동일 빈도 15구간(주 지표),3,0.0947527369,0.1085603651,11888,0.098076451,0.0991756393,0.0010991883,1179,1165.932849,-0.0010991883
weather_eval,classifier_calibration_20261008,42,logistic_regression,Logistic Regression,isotonic_crossfit,Isotonic · 내부 학습 교차적합,isotonic,inner_train_crossfit,equal_frequency_15,동일 빈도 15구간(주 지표),4,0.1085603651,0.1209829868,12895,0.1133538628,0.1122140364,0.0011398264,1447,1461.698061,0.0011398264
weather_eval,classifier_calibration_20261008,42,logistic_regression,Logistic Regression,isotonic_crossfit,Isotonic · 내부 학습 교차적합,isotonic,inner_train_crossfit,equal_frequency_15,동일 빈도 15구간(주 지표),5,0.1209829868,0.135177402,9080,0.127069999,0.1254405286,0.0016294704,1139,1153.795591,0.0016294704
weather_eval,classifier_calibration_20261008,42,logistic_regression,Logistic Regression,isotonic_crossfit,Isotonic · 내부 학습 교차적합,isotonic,inner_train_crossfit,equal_frequency_15,동일 빈도 15구간(주 지표),6,0.135177402,0.148696265,14999,0.1414350517,0.1460764051,0.0046413534,2191,2121.38434,-0.0046413534
weather_eval,classifier_calibration_20261008,42,logistic_regression,Logistic Regression,isotonic_crossfit,Isotonic · 내부 학습 교차적합,isotonic,inner_train_crossfit,equal_frequency_15,동일 빈도 15구간(주 지표),7,0.148696265,0.1602067183,11241,0.1536101721,0.1497197758,0.0038903962,1683,1726.731945,0.0038903963
weather_eval,classifier_calibration_20261008,42,logistic_regression,Logistic Regression,isotonic_crossfit,Isotonic · 내부 학습 교차적합,isotonic,inner_train_crossfit,equal_frequency_15,동일 빈도 15구간(주 지표),8,0.1602067183,0.1790687229,11080,0.1688344785,0.1678700361,0.0009644424,1860,1870.686022,0.0009644424
weather_eval,classifier_calibration_20261008,42,logistic_regression,Logistic Regression,isotonic_crossfit,Isotonic · 내부 학습 교차적합,isotonic,inner_train_crossfit,equal_frequency_15,동일 빈도 15구간(주 지표),9,0.1790687229,0.1975967957,13106,0.1882871481,0.1911338318,0.0028466837,2505,2467.691363,-0.0028466837
weather_eval,classifier_calibration_20261008,42,logistic_regression,Logistic Regression,isotonic_crossfit,Isotonic · 내부 학습 교차적합,isotonic,inner_train_crossfit,equal_frequency_15,동일 빈도 15구간(주 지표),10,0.1975967957,0.2205438066,12102,0.2084650173,0.2073211039,0.0011439134,2509,2522.843639,0.0011439134
weather_eval,classifier_calibration_20261008,42,logistic_regression,Logistic Regression,isotonic_crossfit,Isotonic · 내부 학습 교차적합,isotonic,inner_train_crossfit,equal_frequency_15,동일 빈도 15구간(주 지표),11,0.2205438066,0.2380050505,12153,0.2315557064,0.2310540607,0.0005016457,2808,2814.0965,0.0005016457
weather_eval,classifier_calibration_20261008,42,logistic_regression,Logistic Regression,isotonic_crossfit,Isotonic · 내부 학습 교차적합,isotonic,inner_train_crossfit,equal_frequency_15,동일 빈도 15구간(주 지표),12,0.2380050505,0.2754909874,11539,0.2616628434,0.2611144813,0.000548362,3013,3019.32755,0.0005483621
weather_eval,classifier_calibration_20261008,42,logistic_regression,Logistic Regression,isotonic_crossfit,Isotonic · 내부 학습 교차적합,isotonic,inner_train_crossfit,equal_frequency_15,동일 빈도 15구간(주 지표),13,0.2754909874,0.3385457389,12878,0.3035001526,0.3005125019,0.0029876507,3870,3908.474965,0.0029876507
weather_eval,classifier_calibration_20261008,42,logistic_regression,Logistic Regression,isotonic_crossfit,Isotonic · 내부 학습 교차적합,isotonic,inner_train_crossfit,equal_frequency_15,동일 빈도 15구간(주 지표),14,0.3385457389,0.999999,12095,0.4124444894,0.4085985945,0.0038458949,4942,4988.516099,0.0038458949
weather_eval,classifier_calibration_20261008,42,logistic_regression,Logistic Regression,isotonic_crossfit,Isotonic · 내부 학습 교차적합,isotonic,inner_train_crossfit,equal_width_10,동일 폭 10구간(보조),0,0,0.1,43578,0.0780857858,0.0789618615,0.0008760757,3441,3402.822374,-0.0008760757
weather_eval,classifier_calibration_20261008,42,logistic_regression,Logistic Regression,isotonic_crossfit,Isotonic · 내부 학습 교차적합,isotonic,inner_train_crossfit,equal_width_10,동일 폭 10구간(보조),1,0.1,0.2,79201,0.1490095155,0.1495435664,0.0005340508,11844,11801.70264,-0.0005340509
weather_eval,classifier_calibration_20261008,42,logistic_regression,Logistic Regression,isotonic_crossfit,Isotonic · 내부 학습 교차적합,isotonic,inner_train_crossfit,equal_width_10,동일 폭 10구간(보조),2,0.2,0.3,38006,0.2439438427,0.242935326,0.0010085167,9233,9271.329686,0.0010085167
weather_eval,classifier_calibration_20261008,42,logistic_regression,Logistic Regression,isotonic_crossfit,Isotonic · 내부 학습 교차적합,isotonic,inner_train_crossfit,equal_width_10,동일 폭 10구간(보조),3,0.3,0.4,14545,0.3415903075,0.3377105535,0.0038797541,4912,4968.431023,0.003879754
weather_eval,classifier_calibration_20261008,42,logistic_regression,Logistic Regression,isotonic_crossfit,Isotonic · 내부 학습 교차적합,isotonic,inner_train_crossfit,equal_width_10,동일 폭 10구간(보조),4,0.4,0.5,3473,0.4358048412,0.4376619637,0.0018571225,1520,1513.550213,-0.0018571225
weather_eval,classifier_calibration_20261008,42,logistic_regression,Logistic Regression,isotonic_crossfit,Isotonic · 내부 학습 교차적합,isotonic,inner_train_crossfit,equal_width_10,동일 폭 10구간(보조),5,0.5,0.6,1206,0.547662368,0.548092869,0.000430501,661,660.4808158,-0.000430501
weather_eval,classifier_calibration_20261008,42,logistic_regression,Logistic Regression,isotonic_crossfit,Isotonic · 내부 학습 교차적합,isotonic,inner_train_crossfit,equal_width_10,동일 폭 10구간(보조),6,0.6,0.7,307,0.6154322699,0.5993485342,0.0160837357,184,188.9377069,0.0160837357
weather_eval,classifier_calibration_20261008,42,logistic_regression,Logistic Regression,isotonic_crossfit,Isotonic · 내부 학습 교차적합,isotonic,inner_train_crossfit,equal_width_10,동일 폭 10구간(보조),7,0.7,0.8,5,0.7272727273,0.8,0.0727272727,4,3.636363637,-0.0727272727
weather_eval,classifier_calibration_20261008,42,logistic_regression,Logistic Regression,isotonic_crossfit,Isotonic · 내부 학습 교차적합,isotonic,inner_train_crossfit,equal_width_10,동일 폭 10구간(보조),8,0.8,0.9,8,0.8357142857,0.625,0.2107142857,5,6.685714286,0.2107142857
weather_eval,classifier_calibration_20261008,42,logistic_regression,Logistic Regression,isotonic_crossfit,Isotonic · 내부 학습 교차적합,isotonic,inner_train_crossfit,equal_width_10,동일 폭 10구간(보조),9,0.9,1,3,0.999999,0.3333333333,0.6666656667,1,2.999997,0.6666656667
weather_eval,classifier_calibration_20261008,42,random_forest_tuned,Random Forest,none,보정 없음,none,none,equal_frequency_15,동일 빈도 15구간(주 지표),0,0.004520457,0.0604380969,12023,0.0447650825,0.0501538717,0.0053887892,603,538.2105869,-0.0053887892
weather_eval,classifier_calibration_20261008,42,random_forest_tuned,Random Forest,none,보정 없음,none,none,equal_frequency_15,동일 빈도 15구간(주 지표),1,0.0604380969,0.0793144482,12022,0.070373842,0.0719514224,0.0015775804,865,846.0343285,-0.0015775804
weather_eval,classifier_calibration_20261008,42,random_forest_tuned,Random Forest,none,보정 없음,none,none,equal_frequency_15,동일 빈도 15구간(주 지표),2,0.0793144482,0.0946506763,12022,0.0871668432,0.0856762602,0.001490583,1030,1047.919789,0.001490583
weather_eval,classifier_calibration_20261008,42,random_forest_tuned,Random Forest,none,보정 없음,none,none,equal_frequency_15,동일 빈도 15구간(주 지표),3,0.0946506763,0.1085501269,12022,0.1016747569,0.1009815339,0.0006932231,1214,1222.333927,0.000693223
weather_eval,classifier_calibration_20261008,42,random_forest_tuned,Random Forest,none,보정 없음,none,none,equal_frequency_15,동일 빈도 15구간(주 지표),4,0.1085501269,0.122104936,12022,0.1153510895,0.1192813176,0.0039302281,1434,1386.750798,-0.0039302281
weather_eval,classifier_calibration_20261008,42,random_forest_tuned,Random Forest,none,보정 없음,none,none,equal_frequency_15,동일 빈도 15구간(주 지표),5,0.122104936,0.1356341506,12022,0.1288062323,0.1234403593,0.0053658729,1484,1548.508525,0.005365873
weather_eval,classifier_calibration_20261008,42,random_forest_tuned,Random Forest,none,보정 없음,none,none,equal_frequency_15,동일 빈도 15구간(주 지표),6,0.1356341506,0.1497641328,12022,0.1426802075,0.1379970055,0.004683202,1659,1715.301455,0.004683202
weather_eval,classifier_calibration_20261008,42,random_forest_tuned,Random Forest,none,보정 없음,none,none,equal_frequency_15,동일 빈도 15구간(주 지표),7,0.1497641328,0.1651923492,12022,0.1573704587,0.1504741308,0.006896328,1809,1891.907654,0.0068963279
weather_eval,classifier_calibration_20261008,42,random_forest_tuned,Random Forest,none,보정 없음,none,none,equal_frequency_15,동일 빈도 15구간(주 지표),8,0.1651923492,0.1821918977,12022,0.1735648266,0.1603726501,0.0131921765,1928,2086.596345,0.0131921765
weather_eval,classifier_calibration_20261008,42,random_forest_tuned,Random Forest,none,보정 없음,none,none,equal_frequency_15,동일 빈도 15구간(주 지표),9,0.1821918977,0.2012034128,12022,0.1914552549,0.1769256363,0.0145296186,2127,2301.675074,0.0145296186
weather_eval,classifier_calibration_20261008,42,random_forest_tuned,Random Forest,none,보정 없음,none,none,equal_frequency_15,동일 빈도 15구간(주 지표),10,0.2012034128,0.2227894554,12022,0.2116183478,0.2051239394,0.0064944084,2466,2544.075777,0.0064944084
weather_eval,classifier_calibration_20261008,42,random_forest_tuned,Random Forest,none,보정 없음,none,none,equal_frequency_15,동일 빈도 15구간(주 지표),11,0.2227894554,0.2499188621,12022,0.2357605298,0.2275827649,0.0081777649,2736,2834.313089,0.0081777649
weather_eval,classifier_calibration_20261008,42,random_forest_tuned,Random Forest,none,보정 없음,none,none,equal_frequency_15,동일 빈도 15구간(주 지표),12,0.2499188621,0.2868476486,12022,0.2672142771,0.2655132258,0.0017010513,3192,3212.450039,0.0017010513
weather_eval,classifier_calibration_20261008,42,random_forest_tuned,Random Forest,none,보정 없음,none,none,equal_frequency_15,동일 빈도 15구간(주 지표),13,0.2868476486,0.3453184564,12022,0.3132767291,0.3193312261,0.006054497,3839,3766.212837,-0.006054497
weather_eval,classifier_calibration_20261008,42,random_forest_tuned,Random Forest,none,보정 없음,none,none,equal_frequency_15,동일 빈도 15구간(주 지표),14,0.3453184564,0.7961008918,12023,0.4187509658,0.4507194544,0.0319684886,5419,5034.642862,-0.0319684886
weather_eval,classifier_calibration_20261008,42,random_forest_tuned,Random Forest,none,보정 없음,none,none,equal_width_10,동일 폭 10구간(보조),0,0,0.1,40579,0.0707654592,0.0724019813,0.0016365221,2938,2871.591569,-0.0016365221
weather_eval,classifier_calibration_20261008,42,random_forest_tuned,Random Forest,none,보정 없음,none,none,equal_width_10,동일 폭 10구간(보조),1,0.1,0.2,78937,0.1466007375,0.1404664479,0.0061342896,11088,11572.22242,0.0061342896
weather_eval,classifier_calibration_20261008,42,random_forest_tuned,Random Forest,none,보정 없음,none,none,equal_width_10,동일 폭 10구간(보조),2,0.2,0.3,40120,0.2421270739,0.2373130608,0.0048140131,9521,9714.138205,0.0048140131
weather_eval,classifier_calibration_20261008,42,random_forest_tuned,Random Forest,none,보정 없음,none,none,equal_width_10,동일 폭 10구간(보조),3,0.3,0.4,14653,0.3409255526,0.348802293,0.0078767404,5111,4995.582122,-0.0078767404
weather_eval,classifier_calibration_20261008,42,random_forest_tuned,Random Forest,none,보정 없음,none,none,equal_width_10,동일 폭 10구간(보조),4,0.4,0.5,4600,0.4401576164,0.4834782609,0.0433206444,2224,2024.725035,-0.0433206445
weather_eval,classifier_calibration_20261008,42,random_forest_tuned,Random Forest,none,보정 없음,none,none,equal_width_10,동일 폭 10구간(보조),5,0.5,0.6,1233,0.5386922148,0.6277372263,0.0890450115,774,664.2075008,-0.0890450115
weather_eval,classifier_calibration_20261008,42,random_forest_tuned,Random Forest,none,보정 없음,none,none,equal_width_10,동일 폭 10구간(보조),6,0.6,0.7,200,0.6360176408,0.705,0.0689823592,141,127.2035282,-0.0689823592
weather_eval,classifier_calibration_20261008,42,random_forest_tuned,Random Forest,none,보정 없음,none,none,equal_width_10,동일 폭 10구간(보조),7,0.7,0.8,10,0.7262706819,0.8,0.0737293181,8,7.262706819,-0.0737293181
weather_eval,classifier_calibration_20261008,42,random_forest_tuned,Random Forest,none,보정 없음,none,none,equal_width_10,동일 폭 10구간(보조),8,0.8,0.9,0,,,,0,0,
weather_eval,classifier_calibration_20261008,42,random_forest_tuned,Random Forest,none,보정 없음,none,none,equal_width_10,동일 폭 10구간(보조),9,0.9,1,0,,,,0,0,
weather_eval,classifier_calibration_20261008,42,random_forest_tuned,Random Forest,platt_inner_holdout,Platt · 내부 검증 행 적합(선택 행 재사용),platt,inner_holdout,equal_frequency_15,동일 빈도 15구간(주 지표),0,0.004061619,0.0568524411,12023,0.0415028727,0.0500706978,0.0085678252,602,498.9890385,-0.0085678251
weather_eval,classifier_calibration_20261008,42,random_forest_tuned,Random Forest,platt_inner_holdout,Platt · 내부 검증 행 적합(선택 행 재사용),platt,inner_holdout,equal_frequency_15,동일 빈도 15구간(주 지표),1,0.0568524411,0.0754913238,12022,0.0666410453,0.0709532524,0.0043122071,853,801.1586466,-0.0043122071
weather_eval,classifier_calibration_20261008,42,random_forest_tuned,Random Forest,platt_inner_holdout,Platt · 내부 검증 행 적합(선택 행 재사용),platt,inner_holdout,equal_frequency_15,동일 빈도 15구간(주 지표),2,0.0754913238,0.0909635518,12022,0.0834373055,0.0865080685,0.003070763,1040,1003.083287,-0.003070763
weather_eval,classifier_calibration_20261008,42,random_forest_tuned,Random Forest,platt_inner_holdout,Platt · 내부 검증 행 적합(선택 행 재사용),platt,inner_holdout,equal_frequency_15,동일 빈도 15구간(주 지표),3,0.0909635518,0.1049821114,12022,0.098061976,0.1024787889,0.0044168129,1232,1178.901075,-0.0044168129
weather_eval,classifier_calibration_20261008,42,random_forest_tuned,Random Forest,platt_inner_holdout,Platt · 내부 검증 행 적합(선택 행 재사용),platt,inner_holdout,equal_frequency_15,동일 빈도 15구간(주 지표),4,0.1049821114,0.1187901217,12022,0.1119100175,0.1174513392,0.0055413217,1412,1345.38223,-0.0055413217
weather_eval,classifier_calibration_20261008,42,random_forest_tuned,Random Forest,platt_inner_holdout,Platt · 내부 검증 행 적합(선택 행 재사용),platt,inner_holdout,equal_frequency_15,동일 빈도 15구간(주 지표),5,0.1187901217,0.1326169171,12022,0.125612202,0.1233571785,0.0022550235,1483,1510.109892,0.0022550235
weather_eval,classifier_calibration_20261008,42,random_forest_tuned,Random Forest,platt_inner_holdout,Platt · 내부 검증 행 적합(선택 행 재사용),platt,inner_holdout,equal_frequency_15,동일 빈도 15구간(주 지표),6,0.1326169171,0.147050661,12022,0.1397720884,0.1389119947,0.0008600937,1670,1680.340047,0.0008600937
weather_eval,classifier_calibration_20261008,42,random_forest_tuned,Random Forest,platt_inner_holdout,Platt · 내부 검증 행 적합(선택 행 재사용),platt,inner_holdout,equal_frequency_15,동일 빈도 15구간(주 지표),7,0.147050661,0.1628605268,12022,0.1548508155,0.1503077691,0.0045430464,1807,1861.616504,0.0045430464
weather_eval,classifier_calibration_20261008,42,random_forest_tuned,Random Forest,platt_inner_holdout,Platt · 내부 검증 행 적합(선택 행 재사용),platt,inner_holdout,equal_frequency_15,동일 빈도 15구간(주 지표),8,0.1628605268,0.180435191,12022,0.1715298803,0.1612876393,0.010242241,1939,2062.132221,0.010242241
weather_eval,classifier_calibration_20261008,42,random_forest_tuned,Random Forest,platt_inner_holdout,Platt · 내부 검증 행 적합(선택 행 재사용),platt,inner_holdout,equal_frequency_15,동일 빈도 15구간(주 지표),9,0.180435191,0.2001601312,12022,0.1900344237,0.1772583597,0.0127760641,2131,2284.593842,0.012776064
weather_eval,classifier_calibration_20261008,42,random_forest_tuned,Random Forest,platt_inner_holdout,Platt · 내부 검증 행 적합(선택 행 재사용),platt,inner_holdout,equal_frequency_15,동일 빈도 15구간(주 지표),10,0.2001601312,0.2226804536,12022,0.2109892142,0.2023789719,0.0086102423,2433,2536.512333,0.0086102423
weather_eval,classifier_calibration_20261008,42,random_forest_tuned,Random Forest,platt_inner_holdout,Platt · 내부 검증 행 적합(선택 행 재사용),platt,inner_holdout,equal_frequency_15,동일 빈도 15구간(주 지표),11,0.2226804536,0.2509194724,12022,0.2361658357,0.2283313924,0.0078344432,2745,2839.185677,0.0078344433
weather_eval,classifier_calibration_20261008,42,random_forest_tuned,Random Forest,platt_inner_holdout,Platt · 내부 검증 행 적합(선택 행 재사용),platt,inner_holdout,equal_frequency_15,동일 빈도 15구간(주 지표),12,0.2509194724,0.2897130054,12022,0.2690150503,0.2655964066,0.0034186437,3193,3234.098935,0.0034186437
weather_eval,classifier_calibration_20261008,42,random_forest_tuned,Random Forest,platt_inner_holdout,Platt · 내부 검증 행 적합(선택 행 재사용),platt,inner_holdout,equal_frequency_15,동일 빈도 15구간(주 지표),13,0.2897130054,0.3509502147,12022,0.3173901158,0.3206621194,0.0032720037,3855,3815.663972,-0.0032720036
weather_eval,classifier_calibration_20261008,42,random_forest_tuned,Random Forest,platt_inner_holdout,Platt · 내부 검증 행 적합(선택 행 재사용),platt,inner_holdout,equal_frequency_15,동일 빈도 15구간(주 지표),14,0.3509502147,0.8071542914,12023,0.4277838612,0.4499708891,0.0221870279,5410,5143.245363,-0.0221870279
weather_eval,classifier_calibration_20261008,42,random_forest_tuned,Random Forest,platt_inner_holdout,Platt · 내부 검증 행 적합(선택 행 재사용),platt,inner_holdout,equal_width_10,동일 폭 10구간(보조),0,0,0.1,43743,0.0694195879,0.0747548179,0.00533523,3270,3036.621034,-0.00533523
weather_eval,classifier_calibration_20261008,42,random_forest_tuned,Random Forest,platt_inner_holdout,Platt · 내부 검증 행 적합(선택 행 재사용),platt,inner_holdout,equal_width_10,동일 폭 10구간(보조),1,0.1,0.2,76405,0.1462611142,0.1424644984,0.0037966158,10885,11175.08043,0.0037966158
weather_eval,classifier_calibration_20261008,42,random_forest_tuned,Random Forest,platt_inner_holdout,Platt · 내부 검증 행 적합(선택 행 재사용),platt,inner_holdout,equal_width_10,동일 폭 10구간(보조),2,0.2,0.3,38688,0.2423365574,0.2369468569,0.0053897005,9167,9375.516733,0.0053897005
weather_eval,classifier_calibration_20261008,42,random_forest_tuned,Random Forest,platt_inner_holdout,Platt · 내부 검증 행 적합(선택 행 재사용),platt,inner_holdout,equal_width_10,동일 폭 10구간(보조),3,0.3,0.4,14777,0.3413185198,0.3425593828,0.001240863,5062,5043.663767,-0.001240863
weather_eval,classifier_calibration_20261008,42,random_forest_tuned,Random Forest,platt_inner_holdout,Platt · 내부 검증 행 적합(선택 행 재사용),platt,inner_holdout,equal_width_10,동일 폭 10구간(보조),4,0.4,0.5,4980,0.440692536,0.468875502,0.028182966,2335,2194.648829,-0.028182966
weather_eval,classifier_calibration_20261008,42,random_forest_tuned,Random Forest,platt_inner_holdout,Platt · 내부 검증 행 적합(선택 행 재사용),platt,inner_holdout,equal_width_10,동일 폭 10구간(보조),5,0.5,0.6,1425,0.5391912591,0.6035087719,0.0643175129,860,768.3475442,-0.0643175128
weather_eval,classifier_calibration_20261008,42,random_forest_tuned,Random Forest,platt_inner_holdout,Platt · 내부 검증 행 적합(선택 행 재사용),platt,inner_holdout,equal_width_10,동일 폭 10구간(보조),6,0.6,0.7,290,0.6337368935,0.7172413793,0.0835044858,208,183.7836991,-0.0835044858
weather_eval,classifier_calibration_20261008,42,random_forest_tuned,Random Forest,platt_inner_holdout,Platt · 내부 검증 행 적합(선택 행 재사용),platt,inner_holdout,equal_width_10,동일 폭 10구간(보조),7,0.7,0.8,23,0.7192989285,0.7391304348,0.0198315063,17,16.54387536,-0.0198315063
weather_eval,classifier_calibration_20261008,42,random_forest_tuned,Random Forest,platt_inner_holdout,Platt · 내부 검증 행 적합(선택 행 재사용),platt,inner_holdout,equal_width_10,동일 폭 10구간(보조),8,0.8,0.9,1,0.8071542914,1,0.1928457086,1,0.8071542914,-0.1928457086
weather_eval,classifier_calibration_20261008,42,random_forest_tuned,Random Forest,platt_inner_holdout,Platt · 내부 검증 행 적합(선택 행 재사용),platt,inner_holdout,equal_width_10,동일 폭 10구간(보조),9,0.9,1,0,,,,0,0,
weather_eval,classifier_calibration_20261008,42,random_forest_tuned,Random Forest,isotonic_inner_holdout,Isotonic · 내부 검증 행 적합(선택 행 재사용),isotonic,inner_holdout,equal_frequency_15,동일 빈도 15구간(주 지표),0,1e-06,0.0655737705,11787,0.0477417325,0.0511580555,0.003416323,603,562.731801,-0.003416323
weather_eval,classifier_calibration_20261008,42,random_forest_tuned,Random Forest,isotonic_inner_holdout,Isotonic · 내부 검증 행 적합(선택 행 재사용),isotonic,inner_holdout,equal_frequency_15,동일 빈도 15구간(주 지표),1,0.0655737705,0.0788571429,11804,0.0732613519,0.0720094883,0.0012518636,850,864.7769978,0.0012518636
weather_eval,classifier_calibration_20261008,42,random_forest_tuned,Random Forest,isotonic_inner_holdout,Isotonic · 내부 검증 행 적합(선택 행 재사용),isotonic,inner_holdout,equal_frequency_15,동일 빈도 15구간(주 지표),2,0.0788571429,0.0980251346,12285,0.0866407266,0.0854700855,0.0011706412,1050,1064.381326,0.0011706411
weather_eval,classifier_calibration_20261008,42,random_forest_tuned,Random Forest,isotonic_inner_holdout,Isotonic · 내부 검증 행 적합(선택 행 재사용),isotonic,inner_holdout,equal_frequency_15,동일 빈도 15구간(주 지표),3,0.0980251346,0.1054239878,10742,0.1006431123,0.0990504562,0.0015926561,1064,1081.108312,0.0015926561
weather_eval,classifier_calibration_20261008,42,random_forest_tuned,Random Forest,isotonic_inner_holdout,Isotonic · 내부 검증 행 적합(선택 행 재사용),isotonic,inner_holdout,equal_frequency_15,동일 빈도 15구간(주 지표),4,0.1054239878,0.1170950632,13089,0.1096481107,0.1162808465,0.0066327358,1522,1435.184121,-0.0066327358
weather_eval,classifier_calibration_20261008,42,random_forest_tuned,Random Forest,isotonic_inner_holdout,Isotonic · 내부 검증 행 적합(선택 행 재사용),isotonic,inner_holdout,equal_frequency_15,동일 빈도 15구간(주 지표),5,0.1170950632,0.1282932417,12281,0.1203504626,0.1242569823,0.0039065198,1526,1478.024031,-0.0039065197
weather_eval,classifier_calibration_20261008,42,random_forest_tuned,Random Forest,isotonic_inner_holdout,Isotonic · 내부 검증 행 적합(선택 행 재사용),isotonic,inner_holdout,equal_frequency_15,동일 빈도 15구간(주 지표),6,0.1282932417,0.1411870504,11650,0.1331681628,0.1413733906,0.0082052277,1647,1551.409097,-0.0082052278
weather_eval,classifier_calibration_20261008,42,random_forest_tuned,Random Forest,isotonic_inner_holdout,Isotonic · 내부 검증 행 적합(선택 행 재사용),isotonic,inner_holdout,equal_frequency_15,동일 빈도 15구간(주 지표),7,0.1411870504,0.1555142503,12041,0.1480407084,0.148907898,0.0008671896,1793,1782.55817,-0.0008671896
weather_eval,classifier_calibration_20261008,42,random_forest_tuned,Random Forest,isotonic_inner_holdout,Isotonic · 내부 검증 행 적합(선택 행 재사용),isotonic,inner_holdout,equal_frequency_15,동일 빈도 15구간(주 지표),8,0.1555142503,0.1743554953,12423,0.166609849,0.1580938582,0.0085159909,1964,2069.794154,0.0085159908
weather_eval,classifier_calibration_20261008,42,random_forest_tuned,Random Forest,isotonic_inner_holdout,Isotonic · 내부 검증 행 적합(선택 행 재사용),isotonic,inner_holdout,equal_frequency_15,동일 빈도 15구간(주 지표),9,0.1743554953,0.1938642298,11878,0.1821536887,0.1779760903,0.0041775984,2114,2163.621514,0.0041775984
weather_eval,classifier_calibration_20261008,42,random_forest_tuned,Random Forest,isotonic_inner_holdout,Isotonic · 내부 검증 행 적합(선택 행 재사용),isotonic,inner_holdout,equal_frequency_15,동일 빈도 15구간(주 지표),10,0.1938642298,0.2190923318,11698,0.2015936152,0.1990938622,0.002499753,2329,2358.242111,0.002499753
weather_eval,classifier_calibration_20261008,42,random_forest_tuned,Random Forest,isotonic_inner_holdout,Isotonic · 내부 검증 행 적합(선택 행 재사용),isotonic,inner_holdout,equal_frequency_15,동일 빈도 15구간(주 지표),11,0.2190923318,0.2518337408,11909,0.2281977206,0.2315895541,0.0033918335,2758,2717.606655,-0.0033918335
weather_eval,classifier_calibration_20261008,42,random_forest_tuned,Random Forest,isotonic_inner_holdout,Isotonic · 내부 검증 행 적합(선택 행 재사용),isotonic,inner_holdout,equal_frequency_15,동일 빈도 15구간(주 지표),12,0.2518337408,0.2885821832,11643,0.2659293573,0.259812763,0.0061165942,3025,3096.215507,0.0061165943
weather_eval,classifier_calibration_20261008,42,random_forest_tuned,Random Forest,isotonic_inner_holdout,Isotonic · 내부 검증 행 적합(선택 행 재사용),isotonic,inner_holdout,equal_frequency_15,동일 빈도 15구간(주 지표),13,0.2885821832,0.3579881657,13077,0.3125867256,0.3196451786,0.0070584529,4180,4087.696611,-0.007058453
weather_eval,classifier_calibration_20261008,42,random_forest_tuned,Random Forest,isotonic_inner_holdout,Isotonic · 내부 검증 행 적합(선택 행 재사용),isotonic,inner_holdout,equal_frequency_15,동일 빈도 15구간(주 지표),14,0.3579881657,0.999999,12025,0.455497505,0.4474012474,0.0080962576,5380,5477.357498,0.0080962576
weather_eval,classifier_calibration_20261008,42,random_forest_tuned,Random Forest,isotonic_inner_holdout,Isotonic · 내부 검증 행 적합(선택 행 재사용),isotonic,inner_holdout,equal_width_10,동일 폭 10구간(보조),0,0,0.1,41317,0.0732651528,0.0734806496,0.0002154968,3036,3027.096318,-0.0002154968
weather_eval,classifier_calibration_20261008,42,random_forest_tuned,Random Forest,isotonic_inner_holdout,Isotonic · 내부 검증 행 적합(선택 행 재사용),isotonic,inner_holdout,equal_width_10,동일 폭 10구간(보조),1,0.1,0.2,85285,0.1444798463,0.1457348889,0.0012550426,12429,12321.96369,-0.0012550426
weather_eval,classifier_calibration_20261008,42,random_forest_tuned,Random Forest,isotonic_inner_holdout,Isotonic · 내부 검증 행 적합(선택 행 재사용),isotonic,inner_holdout,equal_width_10,동일 폭 10구간(보조),2,0.2,0.3,33003,0.2473991578,0.2447959276,0.0026032301,8079,8164.914405,0.0026032302
weather_eval,classifier_calibration_20261008,42,random_forest_tuned,Random Forest,isotonic_inner_holdout,Isotonic · 내부 검증 행 적합(선택 행 재사용),isotonic,inner_holdout,equal_width_10,동일 폭 10구간(보조),3,0.3,0.4,13567,0.3412402741,0.3451020859,0.0038618119,4682,4629.606799,-0.0038618118
weather_eval,classifier_calibration_20261008,42,random_forest_tuned,Random Forest,isotonic_inner_holdout,Isotonic · 내부 검증 행 적합(선택 행 재사용),isotonic,inner_holdout,equal_width_10,동일 폭 10구간(보조),4,0.4,0.5,4694,0.451621644,0.4484448232,0.0031768208,2105,2119.911997,0.0031768208
weather_eval,classifier_calibration_20261008,42,random_forest_tuned,Random Forest,isotonic_inner_holdout,Isotonic · 내부 검증 행 적합(선택 행 재사용),isotonic,inner_holdout,equal_width_10,동일 폭 10구간(보조),5,0.5,0.6,1474,0.5570187099,0.5644504749,0.007431765,832,821.0455784,-0.007431765
weather_eval,classifier_calibration_20261008,42,random_forest_tuned,Random Forest,isotonic_inner_holdout,Isotonic · 내부 검증 행 적합(선택 행 재사용),isotonic,inner_holdout,equal_width_10,동일 폭 10구간(보조),6,0.6,0.7,704,0.6670341683,0.6065340909,0.0605000774,427,469.5920545,0.0605000774
weather_eval,classifier_calibration_20261008,42,random_forest_tuned,Random Forest,isotonic_inner_holdout,Isotonic · 내부 검증 행 적합(선택 행 재사용),isotonic,inner_holdout,equal_width_10,동일 폭 10구간(보조),7,0.7,0.8,173,0.7654739724,0.7456647399,0.0198092326,129,132.4269972,0.0198092325
weather_eval,classifier_calibration_20261008,42,random_forest_tuned,Random Forest,isotonic_inner_holdout,Isotonic · 내부 검증 행 적합(선택 행 재사용),isotonic,inner_holdout,equal_width_10,동일 폭 10구간(보조),8,0.8,0.9,46,0.8709642967,0.7391304348,0.131833862,34,40.06435765,0.1318338619
weather_eval,classifier_calibration_20261008,42,random_forest_tuned,Random Forest,isotonic_inner_holdout,Isotonic · 내부 검증 행 적합(선택 행 재사용),isotonic,inner_holdout,equal_width_10,동일 폭 10구간(보조),9,0.9,1,69,0.9287783665,0.7536231884,0.1751551781,52,64.08570729,0.1751551781
weather_eval,classifier_calibration_20261008,42,random_forest_tuned,Random Forest,platt_crossfit,Platt · 내부 학습 교차적합,platt,inner_train_crossfit,equal_frequency_15,동일 빈도 15구간(주 지표),0,0.0041032165,0.056672117,12023,0.0414123628,0.0502370457,0.0088246828,604,497.9008379,-0.0088246829
weather_eval,classifier_calibration_20261008,42,random_forest_tuned,Random Forest,platt_crossfit,Platt · 내부 학습 교차적합,platt,inner_train_crossfit,equal_frequency_15,동일 빈도 15구간(주 지표),1,0.056672117,0.075306963,12022,0.0664624282,0.0715355182,0.0050730901,860,799.0113118,-0.00507309
weather_eval,classifier_calibration_20261008,42,random_forest_tuned,Random Forest,platt_crossfit,Platt · 내부 학습 교차적합,platt,inner_train_crossfit,equal_frequency_15,동일 빈도 15구간(주 지표),2,0.075306963,0.0906943787,12022,0.0831877488,0.0864248877,0.0032371389,1039,1000.083116,-0.0032371389
weather_eval,classifier_calibration_20261008,42,random_forest_tuned,Random Forest,platt_crossfit,Platt · 내부 학습 교차적합,platt,inner_train_crossfit,equal_frequency_15,동일 빈도 15구간(주 지표),3,0.0906943787,0.1047278033,12022,0.0977934274,0.1006488105,0.0028553831,1210,1175.672584,-0.0028553831
weather_eval,classifier_calibration_20261008,42,random_forest_tuned,Random Forest,platt_crossfit,Platt · 내부 학습 교차적합,platt,inner_train_crossfit,equal_frequency_15,동일 빈도 15구간(주 지표),4,0.1047278033,0.1184892551,12022,0.1116593294,0.1190317751,0.0073724457,1431,1342.368458,-0.0073724457
weather_eval,classifier_calibration_20261008,42,random_forest_tuned,Random Forest,platt_crossfit,Platt · 내부 학습 교차적합,platt,inner_train_crossfit,equal_frequency_15,동일 빈도 15구간(주 지표),5,0.1184892551,0.1323503289,12022,0.1253792604,0.1239394444,0.0014398161,1490,1507.309469,0.001439816
weather_eval,classifier_calibration_20261008,42,random_forest_tuned,Random Forest,platt_crossfit,Platt · 내부 학습 교차적합,platt,inner_train_crossfit,equal_frequency_15,동일 빈도 15구간(주 지표),6,0.1323503289,0.1468538192,12022,0.1395895735,0.138246548,0.0013430255,1662,1678.145853,0.0013430255
weather_eval,classifier_calibration_20261008,42,random_forest_tuned,Random Forest,platt_crossfit,Platt · 내부 학습 교차적합,platt,inner_train_crossfit,equal_frequency_15,동일 빈도 15구간(주 지표),7,0.1468538192,0.1627517738,12022,0.1547047596,0.1501414074,0.0045633522,1805,1859.86062,0.0045633522
weather_eval,classifier_calibration_20261008,42,random_forest_tuned,Random Forest,platt_crossfit,Platt · 내부 학습 교차적합,platt,inner_train_crossfit,equal_frequency_15,동일 빈도 15구간(주 지표),8,0.1627517738,0.180376417,12022,0.1714360904,0.1602894693,0.0111466211,1927,2061.004679,0.0111466211
weather_eval,classifier_calibration_20261008,42,random_forest_tuned,Random Forest,platt_crossfit,Platt · 내부 학습 교차적합,platt,inner_train_crossfit,equal_frequency_15,동일 빈도 15구간(주 지표),9,0.180376417,0.2001303157,12022,0.1899981677,0.1772583597,0.0127398081,2131,2284.157972,0.012739808
weather_eval,classifier_calibration_20261008,42,random_forest_tuned,Random Forest,platt_crossfit,Platt · 내부 학습 교차적합,platt,inner_train_crossfit,equal_frequency_15,동일 빈도 15구간(주 지표),10,0.2001303157,0.2227069452,12022,0.2109985736,0.2044584928,0.0065400809,2458,2536.624852,0.0065400808
weather_eval,classifier_calibration_20261008,42,random_forest_tuned,Random Forest,platt_crossfit,Platt · 내부 학습 교차적합,platt,inner_train_crossfit,equal_frequency_15,동일 빈도 15구간(주 지표),11,0.2227069452,0.2510654735,12022,0.2362344607,0.2273332224,0.0089012383,2733,2840.010687,0.0089012383
weather_eval,classifier_calibration_20261008,42,random_forest_tuned,Random Forest,platt_crossfit,Platt · 내부 학습 교차적합,platt,inner_train_crossfit,equal_frequency_15,동일 빈도 15구간(주 지표),12,0.2510654735,0.2898708974,12022,0.2692401922,0.2657627683,0.0034774239,3195,3236.805591,0.0034774239
weather_eval,classifier_calibration_20261008,42,random_forest_tuned,Random Forest,platt_crossfit,Platt · 내부 학습 교차적합,platt,inner_train_crossfit,equal_frequency_15,동일 빈도 15구간(주 지표),13,0.2898708974,0.3515657767,12022,0.317708203,0.3207453003,0.0030370973,3856,3819.488016,-0.0030370973
weather_eval,classifier_calibration_20261008,42,random_forest_tuned,Random Forest,platt_crossfit,Platt · 내부 학습 교차적합,platt,inner_train_crossfit,equal_frequency_15,동일 빈도 15구간(주 지표),14,0.3515657767,0.8044891008,12023,0.4286470507,0.4494718456,0.020824795,5404,5153.623491,-0.0208247949
weather_eval,classifier_calibration_20261008,42,random_forest_tuned,Random Forest,platt_crossfit,Platt · 내부 학습 교차적합,platt,inner_train_crossfit,equal_width_10,동일 폭 10구간(보조),0,0,0.1,44011,0.0694184319,0.0747085956,0.0052901637,3288,3055.174606,-0.0052901637
weather_eval,classifier_calibration_20261008,42,random_forest_tuned,Random Forest,platt_crossfit,Platt · 내부 학습 교차적합,platt,inner_train_crossfit,equal_width_10,동일 폭 10구간(보조),1,0.1,0.2,76120,0.1462471712,0.142564372,0.0036827992,10852,11132.33467,0.0036827992
weather_eval,classifier_calibration_20261008,42,random_forest_tuned,Random Forest,platt_crossfit,Platt · 내부 학습 교차적합,platt,inner_train_crossfit,equal_width_10,동일 폭 10구간(보조),2,0.2,0.3,38678,0.2423820983,0.2373700812,0.0050120171,9181,9374.854798,0.0050120171
weather_eval,classifier_calibration_20261008,42,random_forest_tuned,Random Forest,platt_crossfit,Platt · 내부 학습 교차적합,platt,inner_train_crossfit,equal_width_10,동일 폭 10구간(보조),3,0.3,0.4,14731,0.3413939496,0.341660444,0.0002664944,5033,5029.074272,-0.0002664944
weather_eval,classifier_calibration_20261008,42,random_forest_tuned,Random Forest,platt_crossfit,Platt · 내부 학습 교차적합,platt,inner_train_crossfit,equal_width_10,동일 폭 10구간(보조),4,0.4,0.5,5033,0.4408911022,0.4673157163,0.026424614,2352,2219.004917,-0.0264246141
weather_eval,classifier_calibration_20261008,42,random_forest_tuned,Random Forest,platt_crossfit,Platt · 내부 학습 교차적합,platt,inner_train_crossfit,equal_width_10,동일 폭 10구간(보조),5,0.5,0.6,1451,0.540050971,0.6050999311,0.06504896,878,783.6139589,-0.0650489601
weather_eval,classifier_calibration_20261008,42,random_forest_tuned,Random Forest,platt_crossfit,Platt · 내부 학습 교차적합,platt,inner_train_crossfit,equal_width_10,동일 폭 10구간(보조),6,0.6,0.7,284,0.6360908294,0.7112676056,0.0751767762,202,180.6497955,-0.0751767762
weather_eval,classifier_calibration_20261008,42,random_forest_tuned,Random Forest,platt_crossfit,Platt · 내부 학습 교차적합,platt,inner_train_crossfit,equal_width_10,동일 폭 10구간(보조),7,0.7,0.8,23,0.7198273432,0.7826086957,0.0627813525,18,16.55602889,-0.0627813525
weather_eval,classifier_calibration_20261008,42,random_forest_tuned,Random Forest,platt_crossfit,Platt · 내부 학습 교차적합,platt,inner_train_crossfit,equal_width_10,동일 폭 10구간(보조),8,0.8,0.9,1,0.8044891008,1,0.1955108992,1,0.8044891008,-0.1955108992
weather_eval,classifier_calibration_20261008,42,random_forest_tuned,Random Forest,platt_crossfit,Platt · 내부 학습 교차적합,platt,inner_train_crossfit,equal_width_10,동일 폭 10구간(보조),9,0.9,1,0,,,,0,0,
weather_eval,classifier_calibration_20261008,42,random_forest_tuned,Random Forest,isotonic_crossfit,Isotonic · 내부 학습 교차적합,isotonic,inner_train_crossfit,equal_frequency_15,동일 빈도 15구간(주 지표),0,1e-06,0.0643218502,11841,0.0506325669,0.0503335867,0.0002989802,596,599.5402247,0.0002989802
weather_eval,classifier_calibration_20261008,42,random_forest_tuned,Random Forest,isotonic_crossfit,Isotonic · 내부 학습 교차적합,isotonic,inner_train_crossfit,equal_frequency_15,동일 빈도 15구간(주 지표),1,0.0643218502,0.0748410536,10583,0.0694644126,0.0710573561,0.0015929436,752,735.1418785,-0.0015929435
weather_eval,classifier_calibration_20261008,42,random_forest_tuned,Random Forest,isotonic_crossfit,Isotonic · 내부 학습 교차적합,isotonic,inner_train_crossfit,equal_frequency_15,동일 빈도 15구간(주 지표),2,0.0748410536,0.0939142462,11600,0.0842328387,0.0825,0.0017328387,957,977.1009289,0.0017328387
weather_eval,classifier_calibration_20261008,42,random_forest_tuned,Random Forest,isotonic_crossfit,Isotonic · 내부 학습 교차적합,isotonic,inner_train_crossfit,equal_frequency_15,동일 빈도 15구간(주 지표),3,0.0939142462,0.1027136129,13035,0.0974858301,0.0999616417,0.0024758116,1303,1270.727795,-0.0024758116
weather_eval,classifier_calibration_20261008,42,random_forest_tuned,Random Forest,isotonic_crossfit,Isotonic · 내부 학습 교차적합,isotonic,inner_train_crossfit,equal_frequency_15,동일 빈도 15구간(주 지표),4,0.1027136129,0.1175340035,11178,0.1103465139,0.116747182,0.0064006681,1305,1233.453332,-0.0064006681
weather_eval,classifier_calibration_20261008,42,random_forest_tuned,Random Forest,isotonic_crossfit,Isotonic · 내부 학습 교차적합,isotonic,inner_train_crossfit,equal_frequency_15,동일 빈도 15구간(주 지표),5,0.1175340035,0.1326899879,13808,0.1227004299,0.1227549247,5.44947e-05,1695,1694.247536,-5.44948e-05
weather_eval,classifier_calibration_20261008,42,random_forest_tuned,Random Forest,isotonic_crossfit,Isotonic · 내부 학습 교차적합,isotonic,inner_train_crossfit,equal_frequency_15,동일 빈도 15구간(주 지표),6,0.1326899879,0.1377521614,12045,0.1350515446,0.1413864674,0.0063349228,1703,1626.695855,-0.0063349228
weather_eval,classifier_calibration_20261008,42,random_forest_tuned,Random Forest,isotonic_crossfit,Isotonic · 내부 학습 교차적합,isotonic,inner_train_crossfit,equal_frequency_15,동일 빈도 15구간(주 지표),7,0.1377521614,0.1557598702,11124,0.1460895005,0.1471592952,0.0010697947,1637,1625.099604,-0.0010697947
weather_eval,classifier_calibration_20261008,42,random_forest_tuned,Random Forest,isotonic_crossfit,Isotonic · 내부 학습 교차적합,isotonic,inner_train_crossfit,equal_frequency_15,동일 빈도 15구간(주 지표),8,0.1557598702,0.1751559252,12566,0.1641613912,0.1597962757,0.0043651156,2008,2062.852042,0.0043651155
weather_eval,classifier_calibration_20261008,42,random_forest_tuned,Random Forest,isotonic_crossfit,Isotonic · 내부 학습 교차적합,isotonic,inner_train_crossfit,equal_frequency_15,동일 빈도 15구간(주 지표),9,0.1751559252,0.1932256932,11095,0.1867984539,0.1807120324,0.0060864214,2005,2072.528846,0.0060864215
weather_eval,classifier_calibration_20261008,42,random_forest_tuned,Random Forest,isotonic_crossfit,Isotonic · 내부 학습 교차적합,isotonic,inner_train_crossfit,equal_frequency_15,동일 빈도 15구간(주 지표),10,0.1932256932,0.2166549047,13132,0.2011372619,0.1979134938,0.0032237681,2599,2641.334523,0.0032237681
weather_eval,classifier_calibration_20261008,42,random_forest_tuned,Random Forest,isotonic_crossfit,Isotonic · 내부 학습 교차적합,isotonic,inner_train_crossfit,equal_frequency_15,동일 빈도 15구간(주 지표),11,0.2166549047,0.241188848,11875,0.226926853,0.2298947368,0.0029678838,2730,2694.756379,-0.0029678838
weather_eval,classifier_calibration_20261008,42,random_forest_tuned,Random Forest,isotonic_crossfit,Isotonic · 내부 학습 교차적합,isotonic,inner_train_crossfit,equal_frequency_15,동일 빈도 15구간(주 지표),12,0.241188848,0.2909990575,11366,0.2625503524,0.2613936301,0.0011567223,2971,2984.147305,0.0011567223
weather_eval,classifier_calibration_20261008,42,random_forest_tuned,Random Forest,isotonic_crossfit,Isotonic · 내부 학습 교차적합,isotonic,inner_train_crossfit,equal_frequency_15,동일 빈도 15구간(주 지표),13,0.2909990575,0.3589096416,12747,0.3194122327,0.3165450694,0.0028671633,4035,4071.54773,0.0028671633
weather_eval,classifier_calibration_20261008,42,random_forest_tuned,Random Forest,isotonic_crossfit,Isotonic · 내부 학습 교차적합,isotonic,inner_train_crossfit,equal_frequency_15,동일 빈도 15구간(주 지표),14,0.3589096416,0.999999,12337,0.4476443357,0.4465429197,0.0011014161,5509,5522.58817,0.001101416
weather_eval,classifier_calibration_20261008,42,random_forest_tuned,Random Forest,isotonic_crossfit,Isotonic · 내부 학습 교차적합,isotonic,inner_train_crossfit,equal_width_10,동일 폭 10구간(보조),0,0,0.1,43222,0.0738707515,0.0746610522,0.0007903007,3227,3192.841621,-0.0007903007
weather_eval,classifier_calibration_20261008,42,random_forest_tuned,Random Forest,isotonic_crossfit,Isotonic · 내부 학습 교차적합,isotonic,inner_train_crossfit,equal_width_10,동일 폭 10구간(보조),1,0.1,0.2,80494,0.1447303012,0.1444703953,0.0002599059,11629,11649.92086,0.0002599059
weather_eval,classifier_calibration_20261008,42,random_forest_tuned,Random Forest,isotonic_crossfit,Isotonic · 내부 학습 교차적합,isotonic,inner_train_crossfit,equal_width_10,동일 폭 10구간(보조),2,0.2,0.3,34747,0.2393852033,0.2402221775,0.0008369741,8347,8317.917659,-0.0008369742
weather_eval,classifier_calibration_20261008,42,random_forest_tuned,Random Forest,isotonic_crossfit,Isotonic · 내부 학습 교차적합,isotonic,inner_train_crossfit,equal_width_10,동일 폭 10구간(보조),3,0.3,0.4,15191,0.3472057496,0.3417813179,0.0054244317,5192,5274.402542,0.0054244317
weather_eval,classifier_calibration_20261008,42,random_forest_tuned,Random Forest,isotonic_crossfit,Isotonic · 내부 학습 교차적합,isotonic,inner_train_crossfit,equal_width_10,동일 폭 10구간(보조),4,0.4,0.5,4073,0.4505522122,0.4561748097,0.0056225975,1858,1835.09916,-0.0056225975
weather_eval,classifier_calibration_20261008,42,random_forest_tuned,Random Forest,isotonic_crossfit,Isotonic · 내부 학습 교차적합,isotonic,inner_train_crossfit,equal_width_10,동일 폭 10구간(보조),5,0.5,0.6,1740,0.5410720866,0.5620689655,0.0209968789,978,941.4654307,-0.0209968789
weather_eval,classifier_calibration_20261008,42,random_forest_tuned,Random Forest,isotonic_crossfit,Isotonic · 내부 학습 교차적합,isotonic,inner_train_crossfit,equal_width_10,동일 폭 10구간(보조),6,0.6,0.7,553,0.6413846255,0.6148282098,0.0265564157,340,354.6856979,0.0265564157
weather_eval,classifier_calibration_20261008,42,random_forest_tuned,Random Forest,isotonic_crossfit,Isotonic · 내부 학습 교차적합,isotonic,inner_train_crossfit,equal_width_10,동일 폭 10구간(보조),7,0.7,0.8,191,0.7509652769,0.7486910995,0.0022741774,143,143.4343679,0.0022741774
weather_eval,classifier_calibration_20261008,42,random_forest_tuned,Random Forest,isotonic_crossfit,Isotonic · 내부 학습 교차적합,isotonic,inner_train_crossfit,equal_width_10,동일 폭 10구간(보조),8,0.8,0.9,114,0.8334403247,0.7543859649,0.0790543598,86,95.01219702,0.0790543598
weather_eval,classifier_calibration_20261008,42,random_forest_tuned,Random Forest,isotonic_crossfit,Isotonic · 내부 학습 교차적합,isotonic,inner_train_crossfit,equal_width_10,동일 폭 10구간(보조),9,0.9,1,7,0.9975160783,0.7142857143,0.2832303641,5,6.982612548,0.283230364
weather_eval,classifier_calibration_20261008,42,lightgbm_tuned,LightGBM,none,보정 없음,none,none,equal_frequency_15,동일 빈도 15구간(주 지표),0,0.0110073563,0.0756387854,12023,0.0643451799,0.0595525243,0.0047926555,716,773.6220979,0.0047926556
weather_eval,classifier_calibration_20261008,42,lightgbm_tuned,LightGBM,none,보정 없음,none,none,equal_frequency_15,동일 빈도 15구간(주 지표),1,0.0756387854,0.0894714424,12022,0.0826256349,0.0817667609,0.000858874,983,993.3253828,0.000858874
weather_eval,classifier_calibration_20261008,42,lightgbm_tuned,LightGBM,none,보정 없음,none,none,equal_frequency_15,동일 빈도 15구간(주 지표),2,0.0894714424,0.1021409334,12022,0.095879625,0.0919148228,0.0039648022,1105,1152.664852,0.0039648022
weather_eval,classifier_calibration_20261008,42,lightgbm_tuned,LightGBM,none,보정 없음,none,none,equal_frequency_15,동일 빈도 15구간(주 지표),3,0.1021409334,0.1138926451,12022,0.1080998089,0.1068041923,0.0012956166,1284,1299.575903,0.0012956166
weather_eval,classifier_calibration_20261008,42,lightgbm_tuned,LightGBM,none,보정 없음,none,none,equal_frequency_15,동일 빈도 15구간(주 지표),4,0.1138926451,0.124720046,12022,0.1194009405,0.1169522542,0.0024486863,1406,1435.438107,0.0024486863
weather_eval,classifier_calibration_20261008,42,lightgbm_tuned,LightGBM,none,보정 없음,none,none,equal_frequency_15,동일 빈도 15구간(주 지표),5,0.124720046,0.1352919921,12022,0.1299819214,0.1230244552,0.0069574663,1479,1562.642659,0.0069574662
weather_eval,classifier_calibration_20261008,42,lightgbm_tuned,LightGBM,none,보정 없음,none,none,equal_frequency_15,동일 빈도 15구간(주 지표),6,0.1352919921,0.1462858953,12022,0.1407113854,0.1374979205,0.003213465,1653,1691.632275,0.0032134649
weather_eval,classifier_calibration_20261008,42,lightgbm_tuned,LightGBM,none,보정 없음,none,none,equal_frequency_15,동일 빈도 15구간(주 지표),7,0.1462858953,0.1584048408,12022,0.1522423997,0.1507236733,0.0015187265,1812,1830.258129,0.0015187264
weather_eval,classifier_calibration_20261008,42,lightgbm_tuned,LightGBM,none,보정 없음,none,none,equal_frequency_15,동일 빈도 15구간(주 지표),8,0.1584048408,0.1720413257,12022,0.1650541648,0.1693561803,0.0043020155,2036,1984.281169,-0.0043020155
weather_eval,classifier_calibration_20261008,42,lightgbm_tuned,LightGBM,none,보정 없음,none,none,equal_frequency_15,동일 빈도 15구간(주 지표),9,0.1720413257,0.1875763162,12022,0.1796459762,0.1837464648,0.0041004886,2209,2159.703926,-0.0041004886
weather_eval,classifier_calibration_20261008,42,lightgbm_tuned,LightGBM,none,보정 없음,none,none,equal_frequency_15,동일 빈도 15구간(주 지표),10,0.1875763162,0.2059907007,12022,0.1964867071,0.2018798869,0.0053931798,2427,2362.163193,-0.0053931798
weather_eval,classifier_calibration_20261008,42,lightgbm_tuned,LightGBM,none,보정 없음,none,none,equal_frequency_15,동일 빈도 15구간(주 지표),11,0.2059907007,0.2291039572,12022,0.2169131951,0.2296622858,0.0127490907,2761,2607.730431,-0.0127490907
weather_eval,classifier_calibration_20261008,42,lightgbm_tuned,LightGBM,none,보정 없음,none,none,equal_frequency_15,동일 빈도 15구간(주 지표),12,0.2291039572,0.261887987,12022,0.2443796636,0.2609382798,0.0165586162,3137,2937.932316,-0.0165586162
weather_eval,classifier_calibration_20261008,42,lightgbm_tuned,LightGBM,none,보정 없음,none,none,equal_frequency_15,동일 빈도 15구간(주 지표),13,0.261887987,0.3202929264,12022,0.2874793166,0.2944601564,0.0069808398,3540,3456.076344,-0.0069808398
weather_eval,classifier_calibration_20261008,42,lightgbm_tuned,LightGBM,none,보정 없음,none,none,equal_frequency_15,동일 빈도 15구간(주 지표),14,0.3202929264,0.8124321759,12023,0.4035834206,0.4372452799,0.0336618593,5257,4852.283466,-0.0336618593
weather_eval,classifier_calibration_20261008,42,lightgbm_tuned,LightGBM,none,보정 없음,none,none,equal_width_10,동일 폭 10구간(보조),0,0,0.1,34030,0.0797440357,0.0767558037,0.002988232,2612,2713.689535,0.002988232
weather_eval,classifier_calibration_20261008,42,lightgbm_tuned,LightGBM,none,보정 없음,none,none,equal_width_10,동일 폭 10구간(보조),1,0.1,0.2,94598,0.1458589145,0.1450347787,0.0008241358,13720,13797.96159,0.0008241358
weather_eval,classifier_calibration_20261008,42,lightgbm_tuned,LightGBM,none,보정 없음,none,none,equal_width_10,동일 폭 10구간(보조),2,0.2,0.3,36463,0.2396637448,0.2522557113,0.0125919665,9198,8738.859127,-0.0125919665
weather_eval,classifier_calibration_20261008,42,lightgbm_tuned,LightGBM,none,보정 없음,none,none,equal_width_10,동일 폭 10구간(보조),3,0.3,0.4,10450,0.340241769,0.3606698565,0.0204280874,3769,3555.526486,-0.0204280875
weather_eval,classifier_calibration_20261008,42,lightgbm_tuned,LightGBM,none,보정 없음,none,none,equal_width_10,동일 폭 10구간(보조),4,0.4,0.5,3399,0.4404381617,0.4863195057,0.045881344,1653,1497.049312,-0.045881344
weather_eval,classifier_calibration_20261008,42,lightgbm_tuned,LightGBM,none,보정 없음,none,none,equal_width_10,동일 폭 10구간(보조),5,0.5,0.6,1024,0.5422873162,0.5771484375,0.0348611213,591,555.3022118,-0.0348611213
weather_eval,classifier_calibration_20261008,42,lightgbm_tuned,LightGBM,none,보정 없음,none,none,equal_width_10,동일 폭 10구간(보조),6,0.6,0.7,305,0.6379382826,0.7213114754,0.0833731928,220,194.5711762,-0.0833731928
weather_eval,classifier_calibration_20261008,42,lightgbm_tuned,LightGBM,none,보정 없음,none,none,equal_width_10,동일 폭 10구간(보조),7,0.7,0.8,62,0.7348125269,0.6612903226,0.0735222043,41,45.55837667,0.0735222043
weather_eval,classifier_calibration_20261008,42,lightgbm_tuned,LightGBM,none,보정 없음,none,none,equal_width_10,동일 폭 10구간(보조),8,0.8,0.9,1,0.8124321759,1,0.1875678241,1,0.8124321759,-0.1875678241
weather_eval,classifier_calibration_20261008,42,lightgbm_tuned,LightGBM,none,보정 없음,none,none,equal_width_10,동일 폭 10구간(보조),9,0.9,1,0,,,,0,0,
weather_eval,classifier_calibration_20261008,42,lightgbm_tuned,LightGBM,platt_inner_holdout,Platt · 내부 검증 행 적합(선택 행 재사용),platt,inner_holdout,equal_frequency_15,동일 빈도 15구간(주 지표),0,0.0079365481,0.0712721401,12023,0.0595446619,0.0605506113,0.0010059494,728,715.90547,-0.0010059494
weather_eval,classifier_calibration_20261008,42,lightgbm_tuned,LightGBM,platt_inner_holdout,Platt · 내부 검증 행 적합(선택 행 재사용),platt,inner_holdout,equal_frequency_15,동일 빈도 15구간(주 지표),1,0.0712721401,0.0858833438,12022,0.0786245253,0.0789386125,0.0003140873,949,945.2240432,-0.0003140872
weather_eval,classifier_calibration_20261008,42,lightgbm_tuned,LightGBM,platt_inner_holdout,Platt · 내부 검증 행 적합(선택 행 재사용),platt,inner_holdout,equal_frequency_15,동일 빈도 15구간(주 지표),2,0.0858833438,0.0991121003,12022,0.0925731551,0.0945766095,0.0020034545,1137,1112.914471,-0.0020034544
weather_eval,classifier_calibration_20261008,42,lightgbm_tuned,LightGBM,platt_inner_holdout,Platt · 내부 검증 행 적합(선택 행 재사용),platt,inner_holdout,equal_frequency_15,동일 빈도 15구간(주 지표),3,0.0991121003,0.1115810767,12022,0.1054084357,0.1063882881,0.0009798524,1279,1267.220214,-0.0009798524
weather_eval,classifier_calibration_20261008,42,lightgbm_tuned,LightGBM,platt_inner_holdout,Platt · 내부 검증 행 적합(선택 행 재사용),platt,inner_holdout,equal_frequency_15,동일 빈도 15구간(주 지표),4,0.1115810767,0.1232716827,12022,0.1175061353,0.1168690734,0.000637062,1405,1412.658759,0.0006370619
weather_eval,classifier_calibration_20261008,42,lightgbm_tuned,LightGBM,platt_inner_holdout,Platt · 내부 검증 행 적합(선택 행 재사용),platt,inner_holdout,equal_frequency_15,동일 빈도 15구간(주 지표),5,0.1232716827,0.1346553213,12022,0.1289198156,0.1242721677,0.0046476479,1494,1549.874023,0.0046476479
weather_eval,classifier_calibration_20261008,42,lightgbm_tuned,LightGBM,platt_inner_holdout,Platt · 내부 검증 행 적합(선택 행 재사용),platt,inner_holdout,equal_frequency_15,동일 빈도 15구간(주 지표),6,0.1346553213,0.1467480602,12022,0.1406200295,0.136749293,0.0038707365,1644,1690.533995,0.0038707365
weather_eval,classifier_calibration_20261008,42,lightgbm_tuned,LightGBM,platt_inner_holdout,Platt · 내부 검증 행 적합(선택 행 재사용),platt,inner_holdout,equal_frequency_15,동일 빈도 15구간(주 지표),7,0.1467480602,0.1600016771,12022,0.1532238056,0.1513059391,0.0019178665,1819,1842.056591,0.0019178665
weather_eval,classifier_calibration_20261008,42,lightgbm_tuned,LightGBM,platt_inner_holdout,Platt · 내부 검증 행 적합(선택 행 재사용),platt,inner_holdout,equal_frequency_15,동일 빈도 15구간(주 지표),8,0.1600016771,0.1750365191,12022,0.1673138431,0.1683580103,0.0010441672,2024,2011.447022,-0.0010441672
weather_eval,classifier_calibration_20261008,42,lightgbm_tuned,LightGBM,platt_inner_holdout,Platt · 내부 검증 행 적합(선택 행 재사용),platt,inner_holdout,equal_frequency_15,동일 빈도 15구간(주 지표),9,0.1750365191,0.1922547225,12022,0.1834601039,0.1834137415,4.63624e-05,2205,2205.557369,4.63624e-05
weather_eval,classifier_calibration_20261008,42,lightgbm_tuned,LightGBM,platt_inner_holdout,Platt · 내부 검증 행 적합(선택 행 재사용),platt,inner_holdout,equal_frequency_15,동일 빈도 15구간(주 지표),10,0.1922547225,0.2127518894,12022,0.2021769743,0.2020462485,0.0001307258,2429,2430.571585,0.0001307258
weather_eval,classifier_calibration_20261008,42,lightgbm_tuned,LightGBM,platt_inner_holdout,Platt · 내부 검증 행 적합(선택 행 재사용),platt,inner_holdout,equal_frequency_15,동일 빈도 15구간(주 지표),11,0.2127518894,0.2385341286,12022,0.2249743398,0.2296622858,0.0046879461,2761,2704.641513,-0.004687946
weather_eval,classifier_calibration_20261008,42,lightgbm_tuned,LightGBM,platt_inner_holdout,Platt · 내부 검증 행 적합(선택 행 재사용),platt,inner_holdout,equal_frequency_15,동일 빈도 15구간(주 지표),12,0.2385341286,0.2756865585,12022,0.255799764,0.2615205457,0.0057207816,3144,3075.224763,-0.0057207817
weather_eval,classifier_calibration_20261008,42,lightgbm_tuned,LightGBM,platt_inner_holdout,Platt · 내부 검증 행 적합(선택 행 재사용),platt,inner_holdout,equal_frequency_15,동일 빈도 15구간(주 지표),13,0.2756865585,0.3410904166,12022,0.3043452304,0.2933788055,0.0109664249,3527,3658.83836,0.0109664249
weather_eval,classifier_calibration_20261008,42,lightgbm_tuned,LightGBM,platt_inner_holdout,Platt · 내부 검증 행 적합(선택 행 재사용),platt,inner_holdout,equal_frequency_15,동일 빈도 15구간(주 지표),14,0.3410904166,0.8516630119,12023,0.4339707907,0.4374948016,0.0035240109,5260,5217.630817,-0.0035240109
weather_eval,classifier_calibration_20261008,42,lightgbm_tuned,LightGBM,platt_inner_holdout,Platt · 내부 검증 행 적합(선택 행 재사용),platt,inner_holdout,equal_width_10,동일 폭 10구간(보조),0,0,0.1,36901,0.0774253064,0.0784531585,0.001027852,2895,2857.071231,-0.0010278521
weather_eval,classifier_calibration_20261008,42,lightgbm_tuned,LightGBM,platt_inner_holdout,Platt · 내부 검증 행 적합(선택 행 재사용),platt,inner_holdout,equal_width_10,동일 폭 10구간(보조),1,0.1,0.2,88127,0.1456890494,0.1443258025,0.0013632469,12719,12839.13886,0.0013632469
weather_eval,classifier_calibration_20261008,42,lightgbm_tuned,LightGBM,platt_inner_holdout,Platt · 내부 검증 행 적합(선택 행 재사용),platt,inner_holdout,equal_width_10,동일 폭 10구간(보조),2,0.2,0.3,36803,0.2407443891,0.243159525,0.0024151359,8949,8860.115752,-0.0024151359
weather_eval,classifier_calibration_20261008,42,lightgbm_tuned,LightGBM,platt_inner_holdout,Platt · 내부 검증 행 적합(선택 행 재사용),platt,inner_holdout,equal_width_10,동일 폭 10구간(보조),3,0.3,0.4,11952,0.3412267168,0.3354250335,0.0058016833,4009,4078.341719,0.0058016833
weather_eval,classifier_calibration_20261008,42,lightgbm_tuned,LightGBM,platt_inner_holdout,Platt · 내부 검증 행 적합(선택 행 재사용),platt,inner_holdout,equal_width_10,동일 폭 10구간(보조),4,0.4,0.5,4314,0.4426496469,0.4420491423,0.0006005046,1907,1909.590577,0.0006005046
weather_eval,classifier_calibration_20261008,42,lightgbm_tuned,LightGBM,platt_inner_holdout,Platt · 내부 검증 행 적합(선택 행 재사용),platt,inner_holdout,equal_width_10,동일 폭 10구간(보조),5,0.5,0.6,1516,0.5401898142,0.5600263852,0.019836571,849,818.9277583,-0.019836571
weather_eval,classifier_calibration_20261008,42,lightgbm_tuned,LightGBM,platt_inner_holdout,Platt · 내부 검증 행 적합(선택 행 재사용),platt,inner_holdout,equal_width_10,동일 폭 10구간(보조),6,0.6,0.7,563,0.6403109093,0.6358792185,0.0044316908,358,360.4950419,0.0044316908
weather_eval,classifier_calibration_20261008,42,lightgbm_tuned,LightGBM,platt_inner_holdout,Platt · 내부 검증 행 적합(선택 행 재사용),platt,inner_holdout,equal_width_10,동일 폭 10구간(보조),7,0.7,0.8,138,0.7378425959,0.768115942,0.0302733461,106,101.8222782,-0.0302733461
weather_eval,classifier_calibration_20261008,42,lightgbm_tuned,LightGBM,platt_inner_holdout,Platt · 내부 검증 행 적합(선택 행 재사용),platt,inner_holdout,equal_width_10,동일 폭 10구간(보조),8,0.8,0.9,18,0.8219877235,0.7222222222,0.0997655012,13,14.79577902,0.0997655013
weather_eval,classifier_calibration_20261008,42,lightgbm_tuned,LightGBM,platt_inner_holdout,Platt · 내부 검증 행 적합(선택 행 재사용),platt,inner_holdout,equal_width_10,동일 폭 10구간(보조),9,0.9,1,0,,,,0,0,
weather_eval,classifier_calibration_20261008,42,lightgbm_tuned,LightGBM,isotonic_inner_holdout,Isotonic · 내부 검증 행 적합(선택 행 재사용),isotonic,inner_holdout,equal_frequency_15,동일 빈도 15구간(주 지표),0,1e-06,0.0722772277,11478,0.0601239987,0.0627286984,0.0026046997,720,690.1032571,-0.0026046997
weather_eval,classifier_calibration_20261008,42,lightgbm_tuned,LightGBM,isotonic_inner_holdout,Isotonic · 내부 검증 행 적합(선택 행 재사용),isotonic,inner_holdout,equal_frequency_15,동일 빈도 15구간(주 지표),1,0.0722772277,0.0847384349,12330,0.07950679,0.0799675588,0.0004607688,986,980.3187207,-0.0004607688
weather_eval,classifier_calibration_20261008,42,lightgbm_tuned,LightGBM,isotonic_inner_holdout,Isotonic · 내부 검증 행 적합(선택 행 재사용),isotonic,inner_holdout,equal_frequency_15,동일 빈도 15구간(주 지표),2,0.0847384349,0.1040892193,11911,0.0943711174,0.0903366636,0.0040344538,1076,1124.054379,0.0040344538
weather_eval,classifier_calibration_20261008,42,lightgbm_tuned,LightGBM,isotonic_inner_holdout,Isotonic · 내부 검증 행 적합(선택 행 재사용),isotonic,inner_holdout,equal_frequency_15,동일 빈도 15구간(주 지표),3,0.1040892193,0.1098405056,9022,0.1059841228,0.1056306806,0.0003534422,953,956.1887559,0.0003534422
weather_eval,classifier_calibration_20261008,42,lightgbm_tuned,LightGBM,isotonic_inner_holdout,Isotonic · 내부 검증 행 적합(선택 행 재사용),isotonic,inner_holdout,equal_frequency_15,동일 빈도 15구간(주 지표),4,0.1098405056,0.1234119782,14886,0.1131609937,0.1158806933,0.0027196996,1725,1684.514552,-0.0027196996
weather_eval,classifier_calibration_20261008,42,lightgbm_tuned,LightGBM,isotonic_inner_holdout,Isotonic · 내부 검증 행 적합(선택 행 재사용),isotonic,inner_holdout,equal_frequency_15,동일 빈도 15구간(주 지표),5,0.1234119782,0.131316282,10415,0.1260457882,0.1224195871,0.0036262011,1275,1312.766884,0.0036262011
weather_eval,classifier_calibration_20261008,42,lightgbm_tuned,LightGBM,isotonic_inner_holdout,Isotonic · 내부 검증 행 적합(선택 행 재사용),isotonic,inner_holdout,equal_frequency_15,동일 빈도 15구간(주 지표),6,0.131316282,0.1458170446,12740,0.1375311542,0.1374411303,9.00239e-05,1751,1752.146905,9.00239e-05
weather_eval,classifier_calibration_20261008,42,lightgbm_tuned,LightGBM,isotonic_inner_holdout,Isotonic · 내부 검증 행 적합(선택 행 재사용),isotonic,inner_holdout,equal_frequency_15,동일 빈도 15구간(주 지표),7,0.1458170446,0.1548242334,13226,0.148416609,0.1490246484,0.0006080394,1971,1962.958071,-0.0006080394
weather_eval,classifier_calibration_20261008,42,lightgbm_tuned,LightGBM,isotonic_inner_holdout,Isotonic · 내부 검증 행 적합(선택 행 재사용),isotonic,inner_holdout,equal_frequency_15,동일 빈도 15구간(주 지표),8,0.1548242334,0.17,11876,0.1608009439,0.1649545301,0.0041535862,1959,1909.67201,-0.0041535862
weather_eval,classifier_calibration_20261008,42,lightgbm_tuned,LightGBM,isotonic_inner_holdout,Isotonic · 내부 검증 행 적합(선택 행 재사용),isotonic,inner_holdout,equal_frequency_15,동일 빈도 15구간(주 지표),9,0.17,0.1856287425,12182,0.177763492,0.1851091775,0.0073456855,2255,2165.51486,-0.0073456855
weather_eval,classifier_calibration_20261008,42,lightgbm_tuned,LightGBM,isotonic_inner_holdout,Isotonic · 내부 검증 행 적합(선택 행 재사용),isotonic,inner_holdout,equal_frequency_15,동일 빈도 15구간(주 지표),10,0.1856287425,0.2162386081,12173,0.2027505828,0.201840138,0.0009104448,2457,2468.082844,0.0009104448
weather_eval,classifier_calibration_20261008,42,lightgbm_tuned,LightGBM,isotonic_inner_holdout,Isotonic · 내부 검증 행 적합(선택 행 재사용),isotonic,inner_holdout,equal_frequency_15,동일 빈도 15구간(주 지표),11,0.2162386081,0.2443418014,11524,0.2308973603,0.2263970843,0.0045002759,2609,2660.86118,0.004500276
weather_eval,classifier_calibration_20261008,42,lightgbm_tuned,LightGBM,isotonic_inner_holdout,Isotonic · 내부 검증 행 적합(선택 행 재사용),isotonic,inner_holdout,equal_frequency_15,동일 빈도 15구간(주 지표),12,0.2443418014,0.2754303599,12380,0.2546358455,0.2599353796,0.0052995341,3218,3152.391767,-0.0052995341
weather_eval,classifier_calibration_20261008,42,lightgbm_tuned,LightGBM,isotonic_inner_holdout,Isotonic · 내부 검증 행 적합(선택 행 재사용),isotonic,inner_holdout,equal_frequency_15,동일 빈도 15구간(주 지표),13,0.2754303599,0.3404255319,12125,0.3058050054,0.2965773196,0.0092276858,3596,3707.88569,0.0092276858
weather_eval,classifier_calibration_20261008,42,lightgbm_tuned,LightGBM,isotonic_inner_holdout,Isotonic · 내부 검증 행 적합(선택 행 재사용),isotonic,inner_holdout,equal_frequency_15,동일 빈도 15구간(주 지표),14,0.3404255319,0.999999,12064,0.4405251228,0.4355106101,0.0050145127,5254,5314.495081,0.0050145127
weather_eval,classifier_calibration_20261008,42,lightgbm_tuned,LightGBM,isotonic_inner_holdout,Isotonic · 내부 검증 행 적합(선택 행 재사용),isotonic,inner_holdout,equal_width_10,동일 폭 10구간(보조),0,0,0.1,34288,0.0772274808,0.0765282315,0.0006992494,2624,2647.975862,0.0006992493
weather_eval,classifier_calibration_20261008,42,lightgbm_tuned,LightGBM,isotonic_inner_holdout,Isotonic · 내부 검증 행 적합(선택 행 재사용),isotonic,inner_holdout,equal_width_10,동일 폭 10구간(보조),1,0.1,0.2,89459,0.1408224418,0.1427916699,0.0019692281,12774,12597.83482,-0.0019692281
weather_eval,classifier_calibration_20261008,42,lightgbm_tuned,LightGBM,isotonic_inner_holdout,Isotonic · 내부 검증 행 적합(선택 행 재사용),isotonic,inner_holdout,equal_width_10,동일 폭 10구간(보조),2,0.2,0.3,36954,0.2405234284,0.2399740218,0.0005494066,8868,8888.302773,0.0005494066
weather_eval,classifier_calibration_20261008,42,lightgbm_tuned,LightGBM,isotonic_inner_holdout,Isotonic · 내부 검증 행 적합(선택 행 재사용),isotonic,inner_holdout,equal_width_10,동일 폭 10구간(보조),3,0.3,0.4,12757,0.3332500647,0.3275848554,0.0056652094,4179,4251.271075,0.0056652093
weather_eval,classifier_calibration_20261008,42,lightgbm_tuned,LightGBM,isotonic_inner_holdout,Isotonic · 내부 검증 행 적합(선택 행 재사용),isotonic,inner_holdout,equal_width_10,동일 폭 10구간(보조),4,0.4,0.5,4666,0.4413390509,0.4387055294,0.0026335216,2047,2059.288011,0.0026335215
weather_eval,classifier_calibration_20261008,42,lightgbm_tuned,LightGBM,isotonic_inner_holdout,Isotonic · 내부 검증 행 적합(선택 행 재사용),isotonic,inner_holdout,equal_width_10,동일 폭 10구간(보조),5,0.5,0.6,1107,0.5571594138,0.5564588979,0.0007005159,616,616.7754711,0.0007005159
weather_eval,classifier_calibration_20261008,42,lightgbm_tuned,LightGBM,isotonic_inner_holdout,Isotonic · 내부 검증 행 적합(선택 행 재사용),isotonic,inner_holdout,equal_width_10,동일 폭 10구간(보조),6,0.6,0.7,660,0.6484013481,0.5939393939,0.0544619541,392,427.9448897,0.0544619542
weather_eval,classifier_calibration_20261008,42,lightgbm_tuned,LightGBM,isotonic_inner_holdout,Isotonic · 내부 검증 행 적합(선택 행 재사용),isotonic,inner_holdout,equal_width_10,동일 폭 10구간(보조),7,0.7,0.8,291,0.7476895483,0.6838487973,0.063840751,199,217.5776586,0.063840751
weather_eval,classifier_calibration_20261008,42,lightgbm_tuned,LightGBM,isotonic_inner_holdout,Isotonic · 내부 검증 행 적합(선택 행 재사용),isotonic,inner_holdout,equal_width_10,동일 폭 10구간(보조),8,0.8,0.9,94,0.8525350641,0.7340425532,0.1184925109,69,80.13829603,0.1184925109
weather_eval,classifier_calibration_20261008,42,lightgbm_tuned,LightGBM,isotonic_inner_holdout,Isotonic · 내부 검증 행 적합(선택 행 재사용),isotonic,inner_holdout,equal_width_10,동일 폭 10구간(보조),9,0.9,1,56,0.9793945474,0.6607142857,0.3186802617,37,54.84609465,0.3186802617
weather_eval,classifier_calibration_20261008,42,lightgbm_tuned,LightGBM,platt_crossfit,Platt · 내부 학습 교차적합,platt,inner_train_crossfit,equal_frequency_15,동일 빈도 15구간(주 지표),0,0.0089044229,0.0722820043,12023,0.0606759958,0.0601347417,0.000541254,723,729.5074975,0.0005412541
weather_eval,classifier_calibration_20261008,42,lightgbm_tuned,LightGBM,platt_crossfit,Platt · 내부 학습 교차적합,platt,inner_train_crossfit,equal_frequency_15,동일 빈도 15구간(주 지표),1,0.0722820043,0.0867652347,12022,0.0795690901,0.0807685909,0.0011995009,971,956.5796012,-0.0011995008
weather_eval,classifier_calibration_20261008,42,lightgbm_tuned,LightGBM,platt_crossfit,Platt · 내부 학습 교차적합,platt,inner_train_crossfit,equal_frequency_15,동일 빈도 15구간(주 지표),2,0.0867652347,0.1001543816,12022,0.0935386327,0.093328897,0.0002097357,1122,1124.521442,0.0002097357
weather_eval,classifier_calibration_20261008,42,lightgbm_tuned,LightGBM,platt_crossfit,Platt · 내부 학습 교차적합,platt,inner_train_crossfit,equal_frequency_15,동일 빈도 15구간(주 지표),3,0.1001543816,0.11283848,12022,0.1065978143,0.105972384,0.0006254304,1274,1281.518924,0.0006254303
weather_eval,classifier_calibration_20261008,42,lightgbm_tuned,LightGBM,platt_crossfit,Platt · 내부 학습 교차적합,platt,inner_train_crossfit,equal_frequency_15,동일 빈도 15구간(주 지표),4,0.11283848,0.1245234156,12022,0.1187618506,0.1167027117,0.0020591389,1403,1427.754968,0.0020591389
weather_eval,classifier_calibration_20261008,42,lightgbm_tuned,LightGBM,platt_crossfit,Platt · 내부 학습 교차적합,platt,inner_train_crossfit,equal_frequency_15,동일 빈도 15구간(주 지표),5,0.1245234156,0.1359977472,12022,0.1302369837,0.1234403593,0.0067966244,1484,1565.709018,0.0067966244
weather_eval,classifier_calibration_20261008,42,lightgbm_tuned,LightGBM,platt_crossfit,Platt · 내부 학습 교차적합,platt,inner_train_crossfit,equal_frequency_15,동일 빈도 15구간(주 지표),6,0.1359977472,0.1480201183,12022,0.1419277288,0.1380801863,0.0038475424,1660,1706.255156,0.0038475425
weather_eval,classifier_calibration_20261008,42,lightgbm_tuned,LightGBM,platt_crossfit,Platt · 내부 학습 교차적합,platt,inner_train_crossfit,equal_frequency_15,동일 빈도 15구간(주 지표),7,0.1480201183,0.1613736838,12022,0.1545612898,0.1499750457,0.0045862441,1803,1858.135826,0.0045862441
weather_eval,classifier_calibration_20261008,42,lightgbm_tuned,LightGBM,platt_crossfit,Platt · 내부 학습 교차적합,platt,inner_train_crossfit,equal_frequency_15,동일 빈도 15구간(주 지표),8,0.1613736838,0.1764098756,12022,0.1686830814,0.169522542,0.0008394606,2038,2027.908005,-0.0008394606
weather_eval,classifier_calibration_20261008,42,lightgbm_tuned,LightGBM,platt_crossfit,Platt · 내부 학습 교차적합,platt,inner_train_crossfit,equal_frequency_15,동일 빈도 15구간(주 지표),9,0.1764098756,0.1936464758,12022,0.1848414056,0.1834969223,0.0013444832,2206,2222.163378,0.0013444833
weather_eval,classifier_calibration_20261008,42,lightgbm_tuned,LightGBM,platt_crossfit,Platt · 내부 학습 교차적합,platt,inner_train_crossfit,equal_frequency_15,동일 빈도 15구간(주 지표),10,0.1936464758,0.2141789713,12022,0.2035720943,0.2018798869,0.0016922074,2427,2447.343718,0.0016922074
weather_eval,classifier_calibration_20261008,42,lightgbm_tuned,LightGBM,platt_crossfit,Platt · 내부 학습 교차적합,platt,inner_train_crossfit,equal_frequency_15,동일 빈도 15구간(주 지표),11,0.2141789713,0.2400388313,12022,0.2263796814,0.2294959241,0.0031162427,2759,2721.53653,-0.0031162427
weather_eval,classifier_calibration_20261008,42,lightgbm_tuned,LightGBM,platt_crossfit,Platt · 내부 학습 교차적합,platt,inner_train_crossfit,equal_frequency_15,동일 빈도 15구간(주 지표),12,0.2400388313,0.2768894729,12022,0.2571837944,0.2606055565,0.0034217621,3133,3091.863576,-0.0034217621
weather_eval,classifier_calibration_20261008,42,lightgbm_tuned,LightGBM,platt_crossfit,Platt · 내부 학습 교차적합,platt,inner_train_crossfit,equal_frequency_15,동일 빈도 15구간(주 지표),13,0.2768894729,0.3425325891,12022,0.3056314435,0.2959574114,0.0096740321,3558,3674.301214,0.0096740321
weather_eval,classifier_calibration_20261008,42,lightgbm_tuned,LightGBM,platt_crossfit,Platt · 내부 학습 교차적합,platt,inner_train_crossfit,equal_frequency_15,동일 빈도 15구간(주 지표),14,0.3425325891,0.8548154641,12023,0.4346319022,0.436164019,0.0015321167,5244,5225.57936,-0.0015321168
weather_eval,classifier_calibration_20261008,42,lightgbm_tuned,LightGBM,platt_crossfit,Platt · 내부 학습 교차적합,platt,inner_train_crossfit,equal_width_10,동일 폭 10구간(보조),0,0,0.1,35906,0.0778281186,0.0779256949,9.75763e-05,2798,2794.496426,-9.75763e-05
weather_eval,classifier_calibration_20261008,42,lightgbm_tuned,LightGBM,platt_crossfit,Platt · 내부 학습 교차적합,platt,inner_train_crossfit,equal_width_10,동일 폭 10구간(보조),1,0.1,0.2,88270,0.1459624188,0.1434235867,0.0025388321,12660,12884.10271,0.0025388321
weather_eval,classifier_calibration_20261008,42,lightgbm_tuned,LightGBM,platt_crossfit,Platt · 내부 학습 교차적합,platt,inner_train_crossfit,equal_width_10,동일 폭 10구간(보조),2,0.2,0.3,37383,0.2407480791,0.2417408983,0.0009928192,9037,8999.885441,-0.0009928192
weather_eval,classifier_calibration_20261008,42,lightgbm_tuned,LightGBM,platt_crossfit,Platt · 내부 학습 교차적합,platt,inner_train_crossfit,equal_width_10,동일 폭 10구간(보조),3,0.3,0.4,12154,0.3411911682,0.3337995722,0.0073915961,4057,4146.837458,0.007391596
weather_eval,classifier_calibration_20261008,42,lightgbm_tuned,LightGBM,platt_crossfit,Platt · 내부 학습 교차적합,platt,inner_train_crossfit,equal_width_10,동일 폭 10구간(보조),4,0.4,0.5,4382,0.4423644065,0.4386125057,0.0037519008,1922,1938.440829,0.0037519008
weather_eval,classifier_calibration_20261008,42,lightgbm_tuned,LightGBM,platt_crossfit,Platt · 내부 학습 교차적합,platt,inner_train_crossfit,equal_width_10,동일 폭 10구간(보조),5,0.5,0.6,1530,0.5409701779,0.5666666667,0.0256964887,867,827.6843722,-0.0256964888
weather_eval,classifier_calibration_20261008,42,lightgbm_tuned,LightGBM,platt_crossfit,Platt · 내부 학습 교차적합,platt,inner_train_crossfit,equal_width_10,동일 폭 10구간(보조),6,0.6,0.7,553,0.6408559217,0.6274864376,0.0133694841,347,354.3933247,0.0133694841
weather_eval,classifier_calibration_20261008,42,lightgbm_tuned,LightGBM,platt_crossfit,Platt · 내부 학습 교차적합,platt,inner_train_crossfit,equal_width_10,동일 폭 10구간(보조),7,0.7,0.8,140,0.7383561052,0.75,0.0116438948,105,103.3698547,-0.0116438948
weather_eval,classifier_calibration_20261008,42,lightgbm_tuned,LightGBM,platt_crossfit,Platt · 내부 학습 교차적합,platt,inner_train_crossfit,equal_width_10,동일 폭 10구간(보조),8,0.8,0.9,14,0.8191283986,0.8571428571,0.0380144585,12,11.46779758,-0.0380144585
weather_eval,classifier_calibration_20261008,42,lightgbm_tuned,LightGBM,platt_crossfit,Platt · 내부 학습 교차적합,platt,inner_train_crossfit,equal_width_10,동일 폭 10구간(보조),9,0.9,1,0,,,,0,0,
weather_eval,classifier_calibration_20261008,42,lightgbm_tuned,LightGBM,isotonic_crossfit,Isotonic · 내부 학습 교차적합,isotonic,inner_train_crossfit,equal_frequency_15,동일 빈도 15구간(주 지표),0,1e-06,0.0697115385,11071,0.0608418505,0.059705537,0.0011363135,661,673.5801269,0.0011363135
weather_eval,classifier_calibration_20261008,42,lightgbm_tuned,LightGBM,isotonic_crossfit,Isotonic · 내부 학습 교차적합,isotonic,inner_train_crossfit,equal_frequency_15,동일 빈도 15구간(주 지표),1,0.0697115385,0.0869142209,12414,0.0789533878,0.078298695,0.0006546927,972,980.1273561,0.0006546928
weather_eval,classifier_calibration_20261008,42,lightgbm_tuned,LightGBM,isotonic_crossfit,Isotonic · 내부 학습 교차적합,isotonic,inner_train_crossfit,equal_frequency_15,동일 빈도 15구간(주 지표),2,0.0869142209,0.1023877498,11675,0.093718472,0.0937901499,7.16779e-05,1095,1094.163161,-7.16779e-05
weather_eval,classifier_calibration_20261008,42,lightgbm_tuned,LightGBM,isotonic_crossfit,Isotonic · 내부 학습 교차적합,isotonic,inner_train_crossfit,equal_frequency_15,동일 빈도 15구간(주 지표),3,0.1023877498,0.1136260751,12244,0.1046617534,0.1060111075,0.0013493541,1298,1281.478509,-0.0013493541
weather_eval,classifier_calibration_20261008,42,lightgbm_tuned,LightGBM,isotonic_crossfit,Isotonic · 내부 학습 교차적합,isotonic,inner_train_crossfit,equal_frequency_15,동일 빈도 15구간(주 지표),4,0.1136260751,0.1212035197,12439,0.1175910572,0.1164080714,0.0011829858,1448,1462.715161,0.0011829858
weather_eval,classifier_calibration_20261008,42,lightgbm_tuned,LightGBM,isotonic_crossfit,Isotonic · 내부 학습 교차적합,isotonic,inner_train_crossfit,equal_frequency_15,동일 빈도 15구간(주 지표),5,0.1212035197,0.1310043668,12273,0.1269334744,0.1212417502,0.0056917242,1488,1557.854531,0.0056917242
weather_eval,classifier_calibration_20261008,42,lightgbm_tuned,LightGBM,isotonic_crossfit,Isotonic · 내부 학습 교차적합,isotonic,inner_train_crossfit,equal_frequency_15,동일 빈도 15구간(주 지표),6,0.1310043668,0.1439940313,11650,0.137141562,0.1399141631,0.002772601,1630,1597.699197,-0.0027726011
weather_eval,classifier_calibration_20261008,42,lightgbm_tuned,LightGBM,isotonic_crossfit,Isotonic · 내부 학습 교차적합,isotonic,inner_train_crossfit,equal_frequency_15,동일 빈도 15구간(주 지표),7,0.1439940313,0.1608087092,11989,0.1508663505,0.1467178247,0.0041485258,1759,1808.736676,0.0041485258
weather_eval,classifier_calibration_20261008,42,lightgbm_tuned,LightGBM,isotonic_crossfit,Isotonic · 내부 학습 교차적합,isotonic,inner_train_crossfit,equal_frequency_15,동일 빈도 15구간(주 지표),8,0.1608087092,0.1749849669,12081,0.1670283417,0.1724195017,0.00539116,2083,2017.869396,-0.00539116
weather_eval,classifier_calibration_20261008,42,lightgbm_tuned,LightGBM,isotonic_crossfit,Isotonic · 내부 학습 교차적합,isotonic,inner_train_crossfit,equal_frequency_15,동일 빈도 15구간(주 지표),9,0.1749849669,0.1955484897,12225,0.1849468757,0.1825766871,0.0023701886,2232,2260.975555,0.0023701886
weather_eval,classifier_calibration_20261008,42,lightgbm_tuned,LightGBM,isotonic_crossfit,Isotonic · 내부 학습 교차적합,isotonic,inner_train_crossfit,equal_frequency_15,동일 빈도 15구간(주 지표),10,0.1955484897,0.2161964089,11946,0.2061237722,0.2017411686,0.0043826036,2410,2462.354583,0.0043826036
weather_eval,classifier_calibration_20261008,42,lightgbm_tuned,LightGBM,isotonic_crossfit,Isotonic · 내부 학습 교차적합,isotonic,inner_train_crossfit,equal_frequency_15,동일 빈도 15구간(주 지표),11,0.2161964089,0.2408883827,11655,0.2279893844,0.2273702274,0.0006191571,2650,2657.216275,0.000619157
weather_eval,classifier_calibration_20261008,42,lightgbm_tuned,LightGBM,isotonic_crossfit,Isotonic · 내부 학습 교차적합,isotonic,inner_train_crossfit,equal_frequency_15,동일 빈도 15구간(주 지표),12,0.2408883827,0.280625,12155,0.2605264675,0.2584121761,0.0021142915,3141,3166.699212,0.0021142914
weather_eval,classifier_calibration_20261008,42,lightgbm_tuned,LightGBM,isotonic_crossfit,Isotonic · 내부 학습 교차적합,isotonic,inner_train_crossfit,equal_frequency_15,동일 빈도 15구간(주 지표),13,0.280625,0.3379168099,12420,0.3069097689,0.2998389694,0.0070707995,3724,3811.81933,0.0070707995
weather_eval,classifier_calibration_20261008,42,lightgbm_tuned,LightGBM,isotonic_crossfit,Isotonic · 내부 학습 교차적합,isotonic,inner_train_crossfit,equal_frequency_15,동일 빈도 15구간(주 지표),14,0.3379168099,0.999999,12095,0.4318985586,0.4310872261,0.0008113324,5214,5223.813066,0.0008113325
weather_eval,classifier_calibration_20261008,42,lightgbm_tuned,LightGBM,isotonic_crossfit,Isotonic · 내부 학습 교차적합,isotonic,inner_train_crossfit,equal_width_10,동일 폭 10구간(보조),0,0,0.1,33744,0.077189653,0.0766358464,0.0005538066,2586,2604.687651,0.0005538066
weather_eval,classifier_calibration_20261008,42,lightgbm_tuned,LightGBM,isotonic_crossfit,Isotonic · 내부 학습 교차적합,isotonic,inner_train_crossfit,equal_width_10,동일 폭 10구간(보조),1,0.1,0.2,87265,0.141158189,0.1403197158,0.0008384732,12245,12318.16936,0.0008384732
weather_eval,classifier_calibration_20261008,42,lightgbm_tuned,LightGBM,isotonic_crossfit,Isotonic · 내부 학습 교차적합,isotonic,inner_train_crossfit,equal_width_10,동일 폭 10구간(보조),2,0.2,0.3,40032,0.2403693287,0.2376848521,0.0026844765,9515,9622.464967,0.0026844766
weather_eval,classifier_calibration_20261008,42,lightgbm_tuned,LightGBM,isotonic_crossfit,Isotonic · 내부 학습 교차적합,isotonic,inner_train_crossfit,equal_width_10,동일 폭 10구간(보조),3,0.3,0.4,13380,0.3383754444,0.3351270553,0.0032483891,4484,4527.463446,0.0032483891
weather_eval,classifier_calibration_20261008,42,lightgbm_tuned,LightGBM,isotonic_crossfit,Isotonic · 내부 학습 교차적합,isotonic,inner_train_crossfit,equal_width_10,동일 폭 10구간(보조),4,0.4,0.5,3375,0.4432064248,0.4447407407,0.001534316,1501,1495.821684,-0.0015343159
weather_eval,classifier_calibration_20261008,42,lightgbm_tuned,LightGBM,isotonic_crossfit,Isotonic · 내부 학습 교차적합,isotonic,inner_train_crossfit,equal_width_10,동일 폭 10구간(보조),5,0.5,0.6,1674,0.5381473407,0.5483870968,0.010239756,918,900.8586483,-0.0102397561
weather_eval,classifier_calibration_20261008,42,lightgbm_tuned,LightGBM,isotonic_crossfit,Isotonic · 내부 학습 교차적합,isotonic,inner_train_crossfit,equal_width_10,동일 폭 10구간(보조),6,0.6,0.7,641,0.6437178258,0.6068642746,0.0368535512,389,412.6231263,0.0368535512
weather_eval,classifier_calibration_20261008,42,lightgbm_tuned,LightGBM,isotonic_crossfit,Isotonic · 내부 학습 교차적합,isotonic,inner_train_crossfit,equal_width_10,동일 폭 10구간(보조),7,0.7,0.8,130,0.7498164144,0.7692307692,0.0194143548,100,97.47613387,-0.0194143548
weather_eval,classifier_calibration_20261008,42,lightgbm_tuned,LightGBM,isotonic_crossfit,Isotonic · 내부 학습 교차적합,isotonic,inner_train_crossfit,equal_width_10,동일 폭 10구간(보조),8,0.8,0.9,77,0.8288060805,0.7532467532,0.0755593272,58,63.8180682,0.0755593273
weather_eval,classifier_calibration_20261008,42,lightgbm_tuned,LightGBM,isotonic_crossfit,Isotonic · 내부 학습 교차적합,isotonic,inner_train_crossfit,equal_width_10,동일 폭 10구간(보조),9,0.9,1,14,0.9799321294,0.6428571429,0.3370749866,9,13.71904981,0.3370749865
weather_eval,classifier_calibration_20261008,1,logistic_regression,Logistic Regression,none,보정 없음,none,none,equal_frequency_15,동일 빈도 15구간(주 지표),0,0.0073852338,0.0643020031,12023,0.0506229892,0.0580553938,0.0074324046,698,608.6401992,-0.0074324046
weather_eval,classifier_calibration_20261008,1,logistic_regression,Logistic Regression,none,보정 없음,none,none,equal_frequency_15,동일 빈도 15구간(주 지표),1,0.0643020031,0.0814964575,12022,0.0731724722,0.0755281983,0.0023557261,908,879.6794608,-0.0023557261
weather_eval,classifier_calibration_20261008,1,logistic_regression,Logistic Regression,none,보정 없음,none,none,equal_frequency_15,동일 빈도 15구간(주 지표),2,0.0814964575,0.096343268,12022,0.0890537758,0.0912493761,0.0021956003,1097,1070.604493,-0.0021956003
weather_eval,classifier_calibration_20261008,1,logistic_regression,Logistic Regression,none,보정 없음,none,none,equal_frequency_15,동일 빈도 15구간(주 지표),3,0.096343268,0.1106414715,12022,0.1035384999,0.1005656297,0.0029728703,1209,1244.739846,0.0029728702
weather_eval,classifier_calibration_20261008,1,logistic_regression,Logistic Regression,none,보정 없음,none,none,equal_frequency_15,동일 빈도 15구간(주 지표),4,0.1106414715,0.1247699017,12022,0.1176845808,0.1138745633,0.0038100175,1369,1414.80403,0.0038100175
weather_eval,classifier_calibration_20261008,1,logistic_regression,Logistic Regression,none,보정 없음,none,none,equal_frequency_15,동일 빈도 15구간(주 지표),5,0.1247699017,0.1388022152,12022,0.1317720261,0.1278489436,0.0039230825,1537,1584.163298,0.0039230825
weather_eval,classifier_calibration_20261008,1,logistic_regression,Logistic Regression,none,보정 없음,none,none,equal_frequency_15,동일 빈도 15구간(주 지표),6,0.1388022152,0.1532993882,12022,0.1460049443,0.1444019298,0.0016030146,1736,1755.27144,0.0016030145
weather_eval,classifier_calibration_20261008,1,logistic_regression,Logistic Regression,none,보정 없음,none,none,equal_frequency_15,동일 빈도 15구간(주 지표),7,0.1532993882,0.1682227716,12022,0.1607045567,0.1545499917,0.006154565,1858,1931.990181,0.006154565
weather_eval,classifier_calibration_20261008,1,logistic_regression,Logistic Regression,none,보정 없음,none,none,equal_frequency_15,동일 빈도 15구간(주 지표),8,0.1682227716,0.1841346551,12022,0.1760405009,0.1694393612,0.0066011397,2037,2116.358902,0.0066011397
weather_eval,classifier_calibration_20261008,1,logistic_regression,Logistic Regression,none,보정 없음,none,none,equal_frequency_15,동일 빈도 15구간(주 지표),9,0.1841346551,0.2016833131,12022,0.1927020844,0.1885709533,0.0041311311,2267,2316.664459,0.0041311311
weather_eval,classifier_calibration_20261008,1,logistic_regression,Logistic Regression,none,보정 없음,none,none,equal_frequency_15,동일 빈도 15구간(주 지표),10,0.2016833131,0.2216903375,12022,0.2114937608,0.2127765763,0.0012828155,2558,2542.577992,-0.0012828155
weather_eval,classifier_calibration_20261008,1,logistic_regression,Logistic Regression,none,보정 없음,none,none,equal_frequency_15,동일 빈도 15구간(주 지표),11,0.2216903375,0.2455920678,12022,0.2332531671,0.2319913492,0.0012618179,2789,2804.169575,0.0012618179
weather_eval,classifier_calibration_20261008,1,logistic_regression,Logistic Regression,none,보정 없음,none,none,equal_frequency_15,동일 빈도 15구간(주 지표),12,0.2455920678,0.2768316298,12022,0.2603150234,0.2604391948,0.0001241714,3131,3129.507211,-0.0001241714
weather_eval,classifier_calibration_20261008,1,logistic_regression,Logistic Regression,none,보정 없음,none,none,equal_frequency_15,동일 빈도 15구간(주 지표),13,0.2768316298,0.3271689284,12022,0.2992286571,0.3081849942,0.0089563371,3705,3597.326916,-0.0089563371
weather_eval,classifier_calibration_20261008,1,logistic_regression,Logistic Regression,none,보정 없음,none,none,equal_frequency_15,동일 빈도 15구간(주 지표),14,0.3271689284,0.9874503033,12023,0.39970343,0.4080512351,0.0083478051,4906,4805.634339,-0.0083478051
weather_eval,classifier_calibration_20261008,1,logistic_regression,Logistic Regression,none,보정 없음,none,none,equal_width_10,동일 폭 10구간(보조),0,0,0.1,39059,0.0730339121,0.0771141094,0.0040801973,3012,2852.631573,-0.0040801973
weather_eval,classifier_calibration_20261008,1,logistic_regression,Logistic Regression,none,보정 없음,none,none,equal_width_10,동일 폭 10구간(보조),1,0.1,0.2,80110,0.1480339566,0.1436025465,0.0044314101,11504,11859.00026,0.0044314101
weather_eval,classifier_calibration_20261008,1,logistic_regression,Logistic Regression,none,보정 없음,none,none,equal_width_10,동일 폭 10구간(보조),2,0.2,0.3,43699,0.2421714419,0.2429803886,0.0008089467,10618,10582.64984,-0.0008089467
weather_eval,classifier_calibration_20261008,1,logistic_regression,Logistic Regression,none,보정 없음,none,none,equal_width_10,동일 폭 10구간(보조),3,0.3,0.4,13148,0.3392379127,0.349863097,0.0106251843,4600,4460.300076,-0.0106251843
weather_eval,classifier_calibration_20261008,1,logistic_regression,Logistic Regression,none,보정 없음,none,none,equal_width_10,동일 폭 10구간(보조),4,0.4,0.5,3194,0.4381379427,0.4445835942,0.0064456515,1420,1399.412589,-0.0064456515
weather_eval,classifier_calibration_20261008,1,logistic_regression,Logistic Regression,none,보정 없음,none,none,equal_width_10,동일 폭 10구간(보조),5,0.5,0.6,816,0.5398923645,0.5723039216,0.0324115571,467,440.5521694,-0.0324115571
weather_eval,classifier_calibration_20261008,1,logistic_regression,Logistic Regression,none,보정 없음,none,none,equal_width_10,동일 폭 10구간(보조),6,0.6,0.7,222,0.6354055043,0.5810810811,0.0543244233,129,141.060022,0.0543244232
weather_eval,classifier_calibration_20261008,1,logistic_regression,Logistic Regression,none,보정 없음,none,none,equal_width_10,동일 폭 10구간(보조),7,0.7,0.8,53,0.7387314173,0.641509434,0.0972219833,34,39.15276512,0.0972219833
weather_eval,classifier_calibration_20261008,1,logistic_regression,Logistic Regression,none,보정 없음,none,none,equal_width_10,동일 폭 10구간(보조),8,0.8,0.9,19,0.8504576943,0.6842105263,0.166247168,13,16.15869619,0.166247168
weather_eval,classifier_calibration_20261008,1,logistic_regression,Logistic Regression,none,보정 없음,none,none,equal_width_10,동일 폭 10구간(보조),9,0.9,1,12,0.9345293302,0.6666666667,0.2678626636,8,11.21435196,0.2678626635
weather_eval,classifier_calibration_20261008,1,logistic_regression,Logistic Regression,platt_inner_holdout,Platt · 내부 검증 행 적합(선택 행 재사용),platt,inner_holdout,equal_frequency_15,동일 빈도 15구간(주 지표),0,0.0074307998,0.0622298428,12023,0.0486535224,0.0584712634,0.009817741,703,584.9612998,-0.009817741
weather_eval,classifier_calibration_20261008,1,logistic_regression,Logistic Regression,platt_inner_holdout,Platt · 내부 검증 행 적합(선택 행 재사용),platt,inner_holdout,equal_frequency_15,동일 빈도 15구간(주 지표),1,0.0622298428,0.0793544944,12022,0.0711156354,0.0752786558,0.0041630204,905,854.9521688,-0.0041630204
weather_eval,classifier_calibration_20261008,1,logistic_regression,Logistic Regression,platt_inner_holdout,Platt · 내부 검증 행 적합(선택 행 재사용),platt,inner_holdout,equal_frequency_15,동일 빈도 15구간(주 지표),2,0.0793544944,0.0944130515,12022,0.0870042413,0.0925802695,0.0055760282,1113,1045.964989,-0.0055760282
weather_eval,classifier_calibration_20261008,1,logistic_regression,Logistic Regression,platt_inner_holdout,Platt · 내부 검증 행 적합(선택 행 재사용),platt,inner_holdout,equal_frequency_15,동일 빈도 15구간(주 지표),3,0.0944130515,0.1088050737,12022,0.101595617,0.0983197471,0.0032758699,1182,1221.382508,0.0032758699
weather_eval,classifier_calibration_20261008,1,logistic_regression,Logistic Regression,platt_inner_holdout,Platt · 내부 검증 행 적합(선택 행 재사용),platt,inner_holdout,equal_frequency_15,동일 빈도 15구간(주 지표),4,0.1088050737,0.1231170276,12022,0.1159212704,0.1152054567,0.0007158137,1385,1393.605513,0.0007158137
weather_eval,classifier_calibration_20261008,1,logistic_regression,Logistic Regression,platt_inner_holdout,Platt · 내부 검증 행 적합(선택 행 재사용),platt,inner_holdout,equal_frequency_15,동일 빈도 15구간(주 지표),5,0.1231170276,0.1372915558,12022,0.1301972889,0.1269339544,0.0032633345,1526,1565.231807,0.0032633345
weather_eval,classifier_calibration_20261008,1,logistic_regression,Logistic Regression,platt_inner_holdout,Platt · 내부 검증 행 적합(선택 행 재사용),platt,inner_holdout,equal_frequency_15,동일 빈도 15구간(주 지표),6,0.1372915558,0.1520537686,12022,0.1446788676,0.1439028448,0.0007760228,1730,1739.329346,0.0007760228
weather_eval,classifier_calibration_20261008,1,logistic_regression,Logistic Regression,platt_inner_holdout,Platt · 내부 검증 행 적합(선택 행 재사용),platt,inner_holdout,equal_frequency_15,동일 빈도 15구간(주 지표),7,0.1520537686,0.1673699041,12022,0.1596469002,0.1557977042,0.003849196,1873,1919.275034,0.003849196
weather_eval,classifier_calibration_20261008,1,logistic_regression,Logistic Regression,platt_inner_holdout,Platt · 내부 검증 행 적합(선택 행 재사용),platt,inner_holdout,equal_frequency_15,동일 빈도 15구간(주 지표),8,0.1673699041,0.1835420296,12022,0.1753121957,0.1691066378,0.0062055579,2033,2107.603217,0.0062055579
weather_eval,classifier_calibration_20261008,1,logistic_regression,Logistic Regression,platt_inner_holdout,Platt · 내부 검증 행 적합(선택 행 재사용),platt,inner_holdout,equal_frequency_15,동일 빈도 15구간(주 지표),9,0.1835420296,0.2015448491,12022,0.1923501089,0.1884877724,0.0038623364,2266,2312.433009,0.0038623365
weather_eval,classifier_calibration_20261008,1,logistic_regression,Logistic Regression,platt_inner_holdout,Platt · 내부 검증 행 적합(선택 행 재사용),platt,inner_holdout,equal_frequency_15,동일 빈도 15구간(주 지표),10,0.2015448491,0.2220903873,12022,0.2116081489,0.2122774913,0.0006693424,2552,2543.953166,-0.0006693424
weather_eval,classifier_calibration_20261008,1,logistic_regression,Logistic Regression,platt_inner_holdout,Platt · 내부 검증 행 적합(선택 행 재사용),platt,inner_holdout,equal_frequency_15,동일 빈도 15구간(주 지표),11,0.2220903873,0.2466583164,12022,0.233950966,0.2324904342,0.0014605317,2795,2812.558513,0.0014605318
weather_eval,classifier_calibration_20261008,1,logistic_regression,Logistic Regression,platt_inner_holdout,Platt · 내부 검증 행 적합(선택 행 재사용),platt,inner_holdout,equal_frequency_15,동일 빈도 15구간(주 지표),12,0.2466583164,0.2788194596,12022,0.2618300824,0.2597737481,0.0020563342,3123,3147.721251,0.0020563343
weather_eval,classifier_calibration_20261008,1,logistic_regression,Logistic Regression,platt_inner_holdout,Platt · 내부 검증 행 적합(선택 행 재사용),platt,inner_holdout,equal_frequency_15,동일 빈도 15구간(주 지표),13,0.2788194596,0.3308337175,12022,0.301919917,0.3093495259,0.0074296089,3719,3629.681242,-0.0074296089
weather_eval,classifier_calibration_20261008,1,logistic_regression,Logistic Regression,platt_inner_holdout,Platt · 내부 검증 행 적합(선택 행 재사용),platt,inner_holdout,equal_frequency_15,동일 빈도 15구간(주 지표),14,0.3308337175,0.9902548196,12023,0.4054836848,0.4075521916,0.0020685069,4900,4875.130342,-0.0020685068
weather_eval,classifier_calibration_20261008,1,logistic_regression,Logistic Regression,platt_inner_holdout,Platt · 내부 검증 행 적합(선택 행 재사용),platt,inner_holdout,equal_width_10,동일 폭 10구간(보조),0,0,0.1,40793,0.0722037847,0.0774887848,0.0052850002,3161,2945.408989,-0.0052850001
weather_eval,classifier_calibration_20261008,1,logistic_regression,Logistic Regression,platt_inner_holdout,Platt · 내부 검증 행 적합(선택 행 재사용),platt,inner_holdout,equal_width_10,동일 폭 10구간(보조),1,0.1,0.2,78480,0.1479228982,0.1449413863,0.0029815118,11375,11608.98905,0.0029815119
weather_eval,classifier_calibration_20261008,1,logistic_regression,Logistic Regression,platt_inner_holdout,Platt · 내부 검증 행 적합(선택 행 재사용),platt,inner_holdout,equal_width_10,동일 폭 10구간(보조),2,0.2,0.3,42922,0.2423482045,0.2421368995,0.000211305,10393,10402.06963,0.000211305
weather_eval,classifier_calibration_20261008,1,logistic_regression,Logistic Regression,platt_inner_holdout,Platt · 내부 검증 행 적합(선택 행 재사용),platt,inner_holdout,equal_width_10,동일 폭 10구간(보조),3,0.3,0.4,13444,0.3394934401,0.3454329069,0.0059394667,4644,4564.149809,-0.0059394668
weather_eval,classifier_calibration_20261008,1,logistic_regression,Logistic Regression,platt_inner_holdout,Platt · 내부 검증 행 적합(선택 행 재사용),platt,inner_holdout,equal_width_10,동일 폭 10구간(보조),4,0.4,0.5,3455,0.4386385161,0.4390738061,0.00043529,1517,1515.496073,-0.00043529
weather_eval,classifier_calibration_20261008,1,logistic_regression,Logistic Regression,platt_inner_holdout,Platt · 내부 검증 행 적합(선택 행 재사용),platt,inner_holdout,equal_width_10,동일 폭 10구간(보조),5,0.5,0.6,892,0.5410165051,0.5605381166,0.0195216115,500,482.5867225,-0.0195216115
weather_eval,classifier_calibration_20261008,1,logistic_regression,Logistic Regression,platt_inner_holdout,Platt · 내부 검증 행 적합(선택 행 재사용),platt,inner_holdout,equal_width_10,동일 폭 10구간(보조),6,0.6,0.7,255,0.6386498374,0.6117647059,0.0268851316,156,162.8557085,0.0268851315
weather_eval,classifier_calibration_20261008,1,logistic_regression,Logistic Regression,platt_inner_holdout,Platt · 내부 검증 행 적합(선택 행 재사용),platt,inner_holdout,equal_width_10,동일 폭 10구간(보조),7,0.7,0.8,57,0.7405240481,0.6315789474,0.1089451007,36,42.20987074,0.1089451007
weather_eval,classifier_calibration_20261008,1,logistic_regression,Logistic Regression,platt_inner_holdout,Platt · 내부 검증 행 적합(선택 행 재사용),platt,inner_holdout,equal_width_10,동일 폭 10구간(보조),8,0.8,0.9,20,0.8469368147,0.65,0.1969368147,13,16.93873629,0.1969368147
weather_eval,classifier_calibration_20261008,1,logistic_regression,Logistic Regression,platt_inner_holdout,Platt · 내부 검증 행 적합(선택 행 재사용),platt,inner_holdout,equal_width_10,동일 폭 10구간(보조),9,0.9,1,14,0.9342008513,0.7142857143,0.219915137,10,13.07881192,0.219915137
weather_eval,classifier_calibration_20261008,1,logistic_regression,Logistic Regression,isotonic_inner_holdout,Isotonic · 내부 검증 행 적합(선택 행 재사용),isotonic,inner_holdout,equal_frequency_15,동일 빈도 15구간(주 지표),0,1e-06,0.0652173913,11219,0.0495610773,0.0601657902,0.0106047129,675,556.0257262,-0.0106047129
weather_eval,classifier_calibration_20261008,1,logistic_regression,Logistic Regression,isotonic_inner_holdout,Isotonic · 내부 검증 행 적합(선택 행 재사용),isotonic,inner_holdout,equal_frequency_15,동일 빈도 15구간(주 지표),1,0.0652173913,0.0847457627,12079,0.0738612038,0.0713635235,0.0024976803,862,892.1694807,0.0024976803
weather_eval,classifier_calibration_20261008,1,logistic_regression,Logistic Regression,isotonic_inner_holdout,Isotonic · 내부 검증 행 적합(선택 행 재사용),isotonic,inner_holdout,equal_frequency_15,동일 빈도 15구간(주 지표),2,0.0847457627,0.0938841202,10851,0.0874011842,0.0895769975,0.0021758133,972,948.3902498,-0.0021758133
weather_eval,classifier_calibration_20261008,1,logistic_regression,Logistic Regression,isotonic_inner_holdout,Isotonic · 내부 검증 행 적합(선택 행 재사용),isotonic,inner_holdout,equal_frequency_15,동일 빈도 15구간(주 지표),3,0.0938841202,0.1062976334,12957,0.0973692094,0.1023385043,0.0049692949,1326,1261.612846,-0.0049692949
weather_eval,classifier_calibration_20261008,1,logistic_regression,Logistic Regression,isotonic_inner_holdout,Isotonic · 내부 검증 행 적합(선택 행 재사용),isotonic,inner_holdout,equal_frequency_15,동일 빈도 15구간(주 지표),4,0.1062976334,0.1195542047,11850,0.1130473428,0.1129957806,5.15622e-05,1339,1339.611012,5.15622e-05
weather_eval,classifier_calibration_20261008,1,logistic_regression,Logistic Regression,isotonic_inner_holdout,Isotonic · 내부 검증 행 적합(선택 행 재사용),isotonic,inner_holdout,equal_frequency_15,동일 빈도 15구간(주 지표),5,0.1195542047,0.1362318841,13174,0.1258027667,0.1238803704,0.0019223963,1632,1657.325649,0.0019223963
weather_eval,classifier_calibration_20261008,1,logistic_regression,Logistic Regression,isotonic_inner_holdout,Isotonic · 내부 검증 행 적합(선택 행 재사용),isotonic,inner_holdout,equal_frequency_15,동일 빈도 15구간(주 지표),6,0.1362318841,0.1471592673,9324,0.1434071526,0.1435006435,9.34909e-05,1338,1337.128291,-9.34909e-05
weather_eval,classifier_calibration_20261008,1,logistic_regression,Logistic Regression,isotonic_inner_holdout,Isotonic · 내부 검증 행 적합(선택 행 재사용),isotonic,inner_holdout,equal_frequency_15,동일 빈도 15구간(주 지표),7,0.1471592673,0.1630434783,13412,0.1516154637,0.1532209961,0.0016055324,2055,2033.466599,-0.0016055324
weather_eval,classifier_calibration_20261008,1,logistic_regression,Logistic Regression,isotonic_inner_holdout,Isotonic · 내부 검증 행 적합(선택 행 재사용),isotonic,inner_holdout,equal_frequency_15,동일 빈도 15구간(주 지표),8,0.1630434783,0.1827541828,13130,0.1710171704,0.1714394516,0.0004222812,2251,2245.455447,-0.0004222812
weather_eval,classifier_calibration_20261008,1,logistic_regression,Logistic Regression,isotonic_inner_holdout,Isotonic · 내부 검증 행 적합(선택 행 재사용),isotonic,inner_holdout,equal_frequency_15,동일 빈도 15구간(주 지표),9,0.1827541828,0.2020046261,10707,0.1881349099,0.1833380032,0.0047969067,1963,2014.36048,0.0047969067
weather_eval,classifier_calibration_20261008,1,logistic_regression,Logistic Regression,isotonic_inner_holdout,Isotonic · 내부 검증 행 적합(선택 행 재사용),isotonic,inner_holdout,equal_frequency_15,동일 빈도 15구간(주 지표),10,0.2020046261,0.2199197861,12900,0.2065309298,0.2123255814,0.0057946516,2739,2664.248994,-0.0057946516
weather_eval,classifier_calibration_20261008,1,logistic_regression,Logistic Regression,isotonic_inner_holdout,Isotonic · 내부 검증 행 적합(선택 행 재사용),isotonic,inner_holdout,equal_frequency_15,동일 빈도 15구간(주 지표),11,0.2199197861,0.2374039283,9869,0.2256594881,0.2291012261,0.0034417379,2261,2227.033488,-0.003441738
weather_eval,classifier_calibration_20261008,1,logistic_regression,Logistic Regression,isotonic_inner_holdout,Isotonic · 내부 검증 행 적합(선택 행 재사용),isotonic,inner_holdout,equal_frequency_15,동일 빈도 15구간(주 지표),12,0.2374039283,0.2808798646,14643,0.2533823498,0.2566413986,0.0032590488,3758,3710.277748,-0.0032590488
weather_eval,classifier_calibration_20261008,1,logistic_regression,Logistic Regression,isotonic_inner_holdout,Isotonic · 내부 검증 행 적합(선택 행 재사용),isotonic,inner_holdout,equal_frequency_15,동일 빈도 15구간(주 지표),13,0.2808798646,0.3401360544,11425,0.3108420928,0.3068708972,0.0039711956,3506,3551.37091,0.0039711956
weather_eval,classifier_calibration_20261008,1,logistic_regression,Logistic Regression,isotonic_inner_holdout,Isotonic · 내부 검증 행 적합(선택 행 재사용),isotonic,inner_holdout,equal_frequency_15,동일 빈도 15구간(주 지표),14,0.3401360544,0.999999,12792,0.4146366348,0.4008755472,0.0137610876,5128,5304.031832,0.0137610876
weather_eval,classifier_calibration_20261008,1,logistic_regression,Logistic Regression,isotonic_inner_holdout,Isotonic · 내부 검증 행 적합(선택 행 재사용),isotonic,inner_holdout,equal_width_10,동일 폭 10구간(보조),0,0,0.1,43676,0.0755941821,0.0792655005,0.0036713184,3462,3301.651497,-0.0036713184
weather_eval,classifier_calibration_20261008,1,logistic_regression,Logistic Regression,isotonic_inner_holdout,Isotonic · 내부 검증 행 적합(선택 행 재사용),isotonic,inner_holdout,equal_width_10,동일 폭 10구간(보조),1,0.1,0.2,75004,0.1463827834,0.1459522159,0.0004305675,10947,10979.29429,0.0004305675
weather_eval,classifier_calibration_20261008,1,logistic_regression,Logistic Regression,isotonic_inner_holdout,Isotonic · 내부 검증 행 적합(선택 행 재사용),isotonic,inner_holdout,equal_width_10,동일 폭 10구간(보조),2,0.2,0.3,39861,0.2330777083,0.2371240059,0.0040462976,9452,9290.710531,-0.0040462976
weather_eval,classifier_calibration_20261008,1,logistic_regression,Logistic Regression,isotonic_inner_holdout,Isotonic · 내부 검증 행 적합(선택 행 재사용),isotonic,inner_holdout,equal_width_10,동일 폭 10구간(보조),3,0.3,0.4,15788,0.3365385036,0.3281606283,0.0083778753,5181,5313.269895,0.0083778753
weather_eval,classifier_calibration_20261008,1,logistic_regression,Logistic Regression,isotonic_inner_holdout,Isotonic · 내부 검증 행 적합(선택 행 재사용),isotonic,inner_holdout,equal_width_10,동일 폭 10구간(보조),4,0.4,0.5,4399,0.4364119786,0.4219140714,0.0144979072,1856,1919.776294,0.0144979072
weather_eval,classifier_calibration_20261008,1,logistic_regression,Logistic Regression,isotonic_inner_holdout,Isotonic · 내부 검증 행 적합(선택 행 재사용),isotonic,inner_holdout,equal_width_10,동일 폭 10구간(보조),5,0.5,0.6,1122,0.5574269846,0.5499108734,0.0075161112,617,625.4330767,0.0075161112
weather_eval,classifier_calibration_20261008,1,logistic_regression,Logistic Regression,isotonic_inner_holdout,Isotonic · 내부 검증 행 적합(선택 행 재사용),isotonic,inner_holdout,equal_width_10,동일 폭 10구간(보조),6,0.6,0.7,436,0.6219246292,0.6032110092,0.0187136201,263,271.1591383,0.01871362
weather_eval,classifier_calibration_20261008,1,logistic_regression,Logistic Regression,isotonic_inner_holdout,Isotonic · 내부 검증 행 적합(선택 행 재사용),isotonic,inner_holdout,equal_width_10,동일 폭 10구간(보조),7,0.7,0.8,4,0.7365505113,0.75,0.0134494887,3,2.946202045,-0.0134494887
weather_eval,classifier_calibration_20261008,1,logistic_regression,Logistic Regression,isotonic_inner_holdout,Isotonic · 내부 검증 행 적합(선택 행 재사용),isotonic,inner_holdout,equal_width_10,동일 폭 10구간(보조),8,0.8,0.9,22,0.8303571429,0.5454545455,0.2849025974,12,18.26785714,0.2849025974
weather_eval,classifier_calibration_20261008,1,logistic_regression,Logistic Regression,isotonic_inner_holdout,Isotonic · 내부 검증 행 적합(선택 행 재사용),isotonic,inner_holdout,equal_width_10,동일 폭 10구간(보조),9,0.9,1,20,0.999999,0.6,0.399999,12,19.99998,0.399999
weather_eval,classifier_calibration_20261008,1,logistic_regression,Logistic Regression,platt_crossfit,Platt · 내부 학습 교차적합,platt,inner_train_crossfit,equal_frequency_15,동일 빈도 15구간(주 지표),0,0.0077118206,0.0643531464,12023,0.0507178991,0.0571404807,0.0064225816,687,609.7813009,-0.0064225816
weather_eval,classifier_calibration_20261008,1,logistic_regression,Logistic Regression,platt_crossfit,Platt · 내부 학습 교차적합,platt,inner_train_crossfit,equal_frequency_15,동일 빈도 15구간(주 지표),1,0.0643531464,0.0815665479,12022,0.0732517285,0.0763600067,0.0031082782,918,880.63228,-0.0031082782
weather_eval,classifier_calibration_20261008,1,logistic_regression,Logistic Regression,platt_crossfit,Platt · 내부 학습 교차적합,platt,inner_train_crossfit,equal_frequency_15,동일 빈도 15구간(주 지표),2,0.0815665479,0.0964869089,12022,0.0891329166,0.0912493761,0.0021164595,1097,1071.555923,-0.0021164595
weather_eval,classifier_calibration_20261008,1,logistic_regression,Logistic Regression,platt_crossfit,Platt · 내부 학습 교차적합,platt,inner_train_crossfit,equal_frequency_15,동일 빈도 15구간(주 지표),3,0.0964869089,0.1107478162,12022,0.103618529,0.0997338213,0.0038847077,1199,1245.701956,0.0038847077
weather_eval,classifier_calibration_20261008,1,logistic_regression,Logistic Regression,platt_crossfit,Platt · 내부 학습 교차적합,platt,inner_train_crossfit,equal_frequency_15,동일 빈도 15구간(주 지표),4,0.1107478162,0.1248149223,12022,0.1177481959,0.1146231908,0.003125005,1378,1415.568811,0.0031250051
weather_eval,classifier_calibration_20261008,1,logistic_regression,Logistic Regression,platt_crossfit,Platt · 내부 학습 교차적합,platt,inner_train_crossfit,equal_frequency_15,동일 빈도 15구간(주 지표),5,0.1248149223,0.138801982,12022,0.1318266578,0.1269339544,0.0048927033,1526,1584.82008,0.0048927034
weather_eval,classifier_calibration_20261008,1,logistic_regression,Logistic Regression,platt_crossfit,Platt · 내부 학습 교차적합,platt,inner_train_crossfit,equal_frequency_15,동일 빈도 15구간(주 지표),6,0.138801982,0.1533398174,12022,0.1460478507,0.1464814507,0.0004336,1761,1755.787261,-0.0004336
weather_eval,classifier_calibration_20261008,1,logistic_regression,Logistic Regression,platt_crossfit,Platt · 내부 학습 교차적합,platt,inner_train_crossfit,equal_frequency_15,동일 빈도 15구간(주 지표),7,0.1533398174,0.168266647,12022,0.1607378495,0.1545499917,0.0061878578,1858,1932.390427,0.0061878578
weather_eval,classifier_calibration_20261008,1,logistic_regression,Logistic Regression,platt_crossfit,Platt · 내부 학습 교차적합,platt,inner_train_crossfit,equal_frequency_15,동일 빈도 15구간(주 지표),8,0.168266647,0.1841331921,12022,0.1760559331,0.1686075528,0.0074483803,2027,2116.544428,0.0074483803
weather_eval,classifier_calibration_20261008,1,logistic_regression,Logistic Regression,platt_crossfit,Platt · 내부 학습 교차적합,platt,inner_train_crossfit,equal_frequency_15,동일 빈도 15구간(주 지표),9,0.1841331921,0.2016742352,12022,0.1927071254,0.1888204958,0.0038866296,2270,2316.725062,0.0038866296
weather_eval,classifier_calibration_20261008,1,logistic_regression,Logistic Regression,platt_crossfit,Platt · 내부 학습 교차적합,platt,inner_train_crossfit,equal_frequency_15,동일 빈도 15구간(주 지표),10,0.2016742352,0.2216721312,12022,0.2114845566,0.2119447679,0.0004602113,2548,2542.467339,-0.0004602113
weather_eval,classifier_calibration_20261008,1,logistic_regression,Logistic Regression,platt_crossfit,Platt · 내부 학습 교차적합,platt,inner_train_crossfit,equal_frequency_15,동일 빈도 15구간(주 지표),11,0.2216721312,0.2454892396,12022,0.2332201912,0.2317418067,0.0014783845,2786,2803.773139,0.0014783845
weather_eval,classifier_calibration_20261008,1,logistic_regression,Logistic Regression,platt_crossfit,Platt · 내부 학습 교차적합,platt,inner_train_crossfit,equal_frequency_15,동일 빈도 15구간(주 지표),12,0.2454892396,0.2767768726,12022,0.2602427065,0.2617700882,0.0015273817,3147,3128.637818,-0.0015273817
weather_eval,classifier_calibration_20261008,1,logistic_regression,Logistic Regression,platt_crossfit,Platt · 내부 학습 교차적합,platt,inner_train_crossfit,equal_frequency_15,동일 빈도 15구간(주 지표),13,0.2767768726,0.3270923071,12022,0.2991098837,0.3076027283,0.0084928446,3698,3595.899022,-0.0084928446
weather_eval,classifier_calibration_20261008,1,logistic_regression,Logistic Regression,platt_crossfit,Platt · 내부 학습 교차적합,platt,inner_train_crossfit,equal_frequency_15,동일 빈도 15구간(주 지표),14,0.3270923071,0.9866776609,12023,0.3994347681,0.4079680612,0.0085332932,4905,4802.404217,-0.0085332931
weather_eval,classifier_calibration_20261008,1,logistic_regression,Logistic Regression,platt_crossfit,Platt · 내부 학습 교차적합,platt,inner_train_crossfit,equal_width_10,동일 폭 10구간(보조),0,0,0.1,39043,0.0731069296,0.0772225495,0.0041156199,3015,2854.313852,-0.0041156199
weather_eval,classifier_calibration_20261008,1,logistic_regression,Logistic Regression,platt_crossfit,Platt · 내부 학습 교차적합,platt,inner_train_crossfit,equal_width_10,동일 폭 10구간(보조),1,0.1,0.2,80130,0.1480683261,0.1435542244,0.0045141017,11503,11864.71497,0.0045141017
weather_eval,classifier_calibration_20261008,1,logistic_regression,Logistic Regression,platt_crossfit,Platt · 내부 학습 교차적합,platt,inner_train_crossfit,equal_width_10,동일 폭 10구간(보조),2,0.2,0.3,43735,0.2421813935,0.2429861667,0.0008047732,10627,10591.80324,-0.0008047732
weather_eval,classifier_calibration_20261008,1,logistic_regression,Logistic Regression,platt_crossfit,Platt · 내부 학습 교차적합,platt,inner_train_crossfit,equal_width_10,동일 폭 10구간(보조),3,0.3,0.4,13126,0.3392338947,0.3502971202,0.0110632255,4598,4452.784102,-0.0110632255
weather_eval,classifier_calibration_20261008,1,logistic_regression,Logistic Regression,platt_crossfit,Platt · 내부 학습 교차적합,platt,inner_train_crossfit,equal_width_10,동일 폭 10구간(보조),4,0.4,0.5,3178,0.4381474028,0.4458779106,0.0077305078,1417,1392.432446,-0.0077305078
weather_eval,classifier_calibration_20261008,1,logistic_regression,Logistic Regression,platt_crossfit,Platt · 내부 학습 교차적합,platt,inner_train_crossfit,equal_width_10,동일 폭 10구간(보조),5,0.5,0.6,817,0.5398070895,0.5667074663,0.0269003769,463,441.0223921,-0.0269003768
weather_eval,classifier_calibration_20261008,1,logistic_regression,Logistic Regression,platt_crossfit,Platt · 내부 학습 교차적합,platt,inner_train_crossfit,equal_width_10,동일 폭 10구간(보조),6,0.6,0.7,218,0.6350233542,0.5871559633,0.0478673909,128,138.4350912,0.0478673909
weather_eval,classifier_calibration_20261008,1,logistic_regression,Logistic Regression,platt_crossfit,Platt · 내부 학습 교차적합,platt,inner_train_crossfit,equal_width_10,동일 폭 10구간(보조),7,0.7,0.8,55,0.7392021207,0.6181818182,0.1210203025,34,40.65611664,0.1210203025
weather_eval,classifier_calibration_20261008,1,logistic_regression,Logistic Regression,platt_crossfit,Platt · 내부 학습 교차적합,platt,inner_train_crossfit,equal_width_10,동일 폭 10구간(보조),8,0.8,0.9,17,0.8468880639,0.6470588235,0.1998292404,11,14.39709709,0.1998292404
weather_eval,classifier_calibration_20261008,1,logistic_regression,Logistic Regression,platt_crossfit,Platt · 내부 학습 교차적합,platt,inner_train_crossfit,equal_width_10,동일 폭 10구간(보조),9,0.9,1,13,0.9330575184,0.6923076923,0.2407498261,9,12.12974774,0.2407498261
weather_eval,classifier_calibration_20261008,1,logistic_regression,Logistic Regression,isotonic_crossfit,Isotonic · 내부 학습 교차적합,isotonic,inner_train_crossfit,equal_frequency_15,동일 빈도 15구간(주 지표),0,1e-06,0.0713124746,10515,0.054642115,0.0559201141,0.0012779991,588,574.5618392,-0.0012779991
weather_eval,classifier_calibration_20261008,1,logistic_regression,Logistic Regression,isotonic_crossfit,Isotonic · 내부 학습 교차적합,isotonic,inner_train_crossfit,equal_frequency_15,동일 빈도 15구간(주 지표),1,0.0713124746,0.0838023765,13085,0.0772113696,0.074130684,0.0030806856,970,1010.310771,0.0030806856
weather_eval,classifier_calibration_20261008,1,logistic_regression,Logistic Regression,isotonic_crossfit,Isotonic · 내부 학습 교차적합,isotonic,inner_train_crossfit,equal_frequency_15,동일 빈도 15구간(주 지표),2,0.0838023765,0.095045045,12313,0.088805423,0.0920165679,0.0032111448,1133,1093.461173,-0.0032111449
weather_eval,classifier_calibration_20261008,1,logistic_regression,Logistic Regression,isotonic_crossfit,Isotonic · 내부 학습 교차적합,isotonic,inner_train_crossfit,equal_frequency_15,동일 빈도 15구간(주 지표),3,0.095045045,0.1056785196,10741,0.0998766666,0.1025044223,0.0026277557,1101,1072.775276,-0.0026277557
weather_eval,classifier_calibration_20261008,1,logistic_regression,Logistic Regression,isotonic_crossfit,Isotonic · 내부 학습 교차적합,isotonic,inner_train_crossfit,equal_frequency_15,동일 빈도 15구간(주 지표),4,0.1056785196,0.1230769231,13312,0.1124541124,0.1096754808,0.0027786316,1460,1496.989144,0.0027786316
weather_eval,classifier_calibration_20261008,1,logistic_regression,Logistic Regression,isotonic_crossfit,Isotonic · 내부 학습 교차적합,isotonic,inner_train_crossfit,equal_frequency_15,동일 빈도 15구간(주 지표),5,0.1230769231,0.1370106762,10446,0.1278997207,0.1246410109,0.0032587098,1302,1336.040482,0.0032587098
weather_eval,classifier_calibration_20261008,1,logistic_regression,Logistic Regression,isotonic_crossfit,Isotonic · 내부 학습 교차적합,isotonic,inner_train_crossfit,equal_frequency_15,동일 빈도 15구간(주 지표),6,0.1370106762,0.1539622642,12988,0.140975004,0.1445950108,0.0036200068,1878,1830.983352,-0.0036200068
weather_eval,classifier_calibration_20261008,1,logistic_regression,Logistic Regression,isotonic_crossfit,Isotonic · 내부 학습 교차적합,isotonic,inner_train_crossfit,equal_frequency_15,동일 빈도 15구간(주 지표),7,0.1539622642,0.1651473394,11900,0.1575186842,0.1554621849,0.0020564993,1850,1874.472342,0.0020564993
weather_eval,classifier_calibration_20261008,1,logistic_regression,Logistic Regression,isotonic_crossfit,Isotonic · 내부 학습 교차적합,isotonic,inner_train_crossfit,equal_frequency_15,동일 빈도 15구간(주 지표),8,0.1651473394,0.1821705426,12616,0.1694745058,0.1672479391,0.0022265667,2110,2138.090365,0.0022265667
weather_eval,classifier_calibration_20261008,1,logistic_regression,Logistic Regression,isotonic_crossfit,Isotonic · 내부 학습 교차적합,isotonic,inner_train_crossfit,equal_frequency_15,동일 빈도 15구간(주 지표),9,0.1821705426,0.1983189914,11665,0.1859853063,0.1901414488,0.0041561425,2218,2169.518598,-0.0041561425
weather_eval,classifier_calibration_20261008,1,logistic_regression,Logistic Regression,isotonic_crossfit,Isotonic · 내부 학습 교차적합,isotonic,inner_train_crossfit,equal_frequency_15,동일 빈도 15구간(주 지표),10,0.1983189914,0.219378041,12021,0.2070910609,0.2117128359,0.004621775,2545,2489.441643,-0.004621775
weather_eval,classifier_calibration_20261008,1,logistic_regression,Logistic Regression,isotonic_crossfit,Isotonic · 내부 학습 교차적합,isotonic,inner_train_crossfit,equal_frequency_15,동일 빈도 15구간(주 지표),11,0.219378041,0.2482286831,11557,0.2327309833,0.2266159038,0.0061150795,2619,2689.671974,0.0061150795
weather_eval,classifier_calibration_20261008,1,logistic_regression,Logistic Regression,isotonic_crossfit,Isotonic · 내부 학습 교차적합,isotonic,inner_train_crossfit,equal_frequency_15,동일 빈도 15구간(주 지표),12,0.2482286831,0.2856793146,12215,0.2599673313,0.259762587,0.0002047443,3173,3175.500952,0.0002047443
weather_eval,classifier_calibration_20261008,1,logistic_regression,Logistic Regression,isotonic_crossfit,Isotonic · 내부 학습 교차적합,isotonic,inner_train_crossfit,equal_frequency_15,동일 빈도 15구간(주 지표),13,0.2856793146,0.339112344,12898,0.3032328251,0.3044658087,0.0012329836,3927,3911.096978,-0.0012329836
weather_eval,classifier_calibration_20261008,1,logistic_regression,Logistic Regression,isotonic_crossfit,Isotonic · 내부 학습 교차적합,isotonic,inner_train_crossfit,equal_frequency_15,동일 빈도 15구간(주 지표),14,0.339112344,0.999999,12060,0.4097026554,0.4088723051,0.0008303502,4931,4941.014024,0.0008303503
weather_eval,classifier_calibration_20261008,1,logistic_regression,Logistic Regression,isotonic_crossfit,Isotonic · 내부 학습 교차적합,isotonic,inner_train_crossfit,equal_width_10,동일 폭 10구간(보조),0,0,0.1,42391,0.0781474019,0.078318511,0.0001711092,3320,3312.746514,-0.0001711091
weather_eval,classifier_calibration_20261008,1,logistic_regression,Logistic Regression,isotonic_crossfit,Isotonic · 내부 학습 교차적합,isotonic,inner_train_crossfit,equal_width_10,동일 폭 10구간(보조),1,0.1,0.2,78740,0.1472168055,0.1472694945,5.2689e-05,11596,11591.85127,-5.2689e-05
weather_eval,classifier_calibration_20261008,1,logistic_regression,Logistic Regression,isotonic_crossfit,Isotonic · 내부 학습 교차적합,isotonic,inner_train_crossfit,equal_width_10,동일 폭 10구간(보조),2,0.2,0.3,41192,0.2443954122,0.2446348806,0.0002394684,10077,10067.13582,-0.0002394684
weather_eval,classifier_calibration_20261008,1,logistic_regression,Logistic Regression,isotonic_crossfit,Isotonic · 내부 학습 교차적합,isotonic,inner_train_crossfit,equal_width_10,동일 폭 10구간(보조),3,0.3,0.4,13473,0.3462608796,0.3461738291,8.70504e-05,4664,4665.172831,8.70505e-05
weather_eval,classifier_calibration_20261008,1,logistic_regression,Logistic Regression,isotonic_crossfit,Isotonic · 내부 학습 교차적합,isotonic,inner_train_crossfit,equal_width_10,동일 폭 10구간(보조),4,0.4,0.5,3102,0.4387996217,0.4319793681,0.0068202535,1340,1361.156427,0.0068202536
weather_eval,classifier_calibration_20261008,1,logistic_regression,Logistic Regression,isotonic_crossfit,Isotonic · 내부 학습 교차적합,isotonic,inner_train_crossfit,equal_width_10,동일 폭 10구간(보조),5,0.5,0.6,992,0.5344501258,0.5463709677,0.011920842,542,530.1745248,-0.0119208419
weather_eval,classifier_calibration_20261008,1,logistic_regression,Logistic Regression,isotonic_crossfit,Isotonic · 내부 학습 교차적합,isotonic,inner_train_crossfit,equal_width_10,동일 폭 10구간(보조),6,0.6,0.7,423,0.6173643225,0.598108747,0.0192555754,253,261.1451084,0.0192555755
weather_eval,classifier_calibration_20261008,1,logistic_regression,Logistic Regression,isotonic_crossfit,Isotonic · 내부 학습 교차적합,isotonic,inner_train_crossfit,equal_width_10,동일 폭 10구간(보조),7,0.7,0.8,16,0.7216517857,0.6875,0.0341517857,11,11.54642857,0.0341517857
weather_eval,classifier_calibration_20261008,1,logistic_regression,Logistic Regression,isotonic_crossfit,Isotonic · 내부 학습 교차적합,isotonic,inner_train_crossfit,equal_width_10,동일 폭 10구간(보조),8,0.8,0.9,0,,,,0,0,
weather_eval,classifier_calibration_20261008,1,logistic_regression,Logistic Regression,isotonic_crossfit,Isotonic · 내부 학습 교차적합,isotonic,inner_train_crossfit,equal_width_10,동일 폭 10구간(보조),9,0.9,1,3,0.999999,0.6666666667,0.3333323333,2,2.999997,0.3333323333
weather_eval,classifier_calibration_20261008,1,random_forest_tuned,Random Forest,none,보정 없음,none,none,equal_frequency_15,동일 빈도 15구간(주 지표),0,0.003324387,0.0602236335,12023,0.0443825421,0.0512351327,0.0068525906,616,533.6113037,-0.0068525906
weather_eval,classifier_calibration_20261008,1,random_forest_tuned,Random Forest,none,보정 없음,none,none,equal_frequency_15,동일 빈도 15구간(주 지표),1,0.0602236335,0.0791579839,12022,0.0701958314,0.0743636666,0.0041678353,894,843.8942851,-0.0041678352
weather_eval,classifier_calibration_20261008,1,random_forest_tuned,Random Forest,none,보정 없음,none,none,equal_frequency_15,동일 빈도 15구간(주 지표),2,0.0791579839,0.0947763187,12022,0.087196889,0.0885044086,0.0013075196,1064,1048.281,-0.0013075196
weather_eval,classifier_calibration_20261008,1,random_forest_tuned,Random Forest,none,보정 없음,none,none,equal_frequency_15,동일 빈도 15구간(주 지표),3,0.0947763187,0.1090627095,12022,0.1019706139,0.0995674597,0.0024031542,1197,1225.89072,0.0024031542
weather_eval,classifier_calibration_20261008,1,random_forest_tuned,Random Forest,none,보정 없음,none,none,equal_frequency_15,동일 빈도 15구간(주 지표),4,0.1090627095,0.1225838487,12022,0.1158197823,0.1118782233,0.003941559,1345,1392.385423,0.003941559
weather_eval,classifier_calibration_20261008,1,random_forest_tuned,Random Forest,none,보정 없음,none,none,equal_frequency_15,동일 빈도 15구간(주 지표),5,0.1225838487,0.1362449734,12022,0.1293623513,0.1250207952,0.0043415561,1503,1555.194187,0.0043415561
weather_eval,classifier_calibration_20261008,1,random_forest_tuned,Random Forest,none,보정 없음,none,none,equal_frequency_15,동일 빈도 15구간(주 지표),6,0.1362449734,0.1504782607,12022,0.1433306758,0.131675262,0.0116554138,1583,1723.121384,0.0116554138
weather_eval,classifier_calibration_20261008,1,random_forest_tuned,Random Forest,none,보정 없음,none,none,equal_frequency_15,동일 빈도 15구간(주 지표),7,0.1504782607,0.1659083485,12022,0.1581145373,0.1513059391,0.0068085982,1819,1900.852967,0.0068085982
weather_eval,classifier_calibration_20261008,1,random_forest_tuned,Random Forest,none,보정 없음,none,none,equal_frequency_15,동일 빈도 15구간(주 지표),8,0.1659083485,0.1825755101,12022,0.1740671591,0.1647812344,0.0092859247,1981,2092.635387,0.0092859247
weather_eval,classifier_calibration_20261008,1,random_forest_tuned,Random Forest,none,보정 없음,none,none,equal_frequency_15,동일 빈도 15구간(주 지표),9,0.1825755101,0.2013145466,12022,0.1916849557,0.1849941773,0.0066907784,2224,2304.436537,0.0066907784
weather_eval,classifier_calibration_20261008,1,random_forest_tuned,Random Forest,none,보정 없음,none,none,equal_frequency_15,동일 빈도 15구간(주 지표),10,0.2013145466,0.2227895686,12022,0.2117656642,0.2102811512,0.001484513,2528,2545.846815,0.001484513
weather_eval,classifier_calibration_20261008,1,random_forest_tuned,Random Forest,none,보정 없음,none,none,equal_frequency_15,동일 빈도 15구간(주 지표),11,0.2227895686,0.249515396,12022,0.2355359897,0.2264182332,0.0091177565,2722,2831.613668,0.0091177565
weather_eval,classifier_calibration_20261008,1,random_forest_tuned,Random Forest,none,보정 없음,none,none,equal_frequency_15,동일 빈도 15구간(주 지표),12,0.249515396,0.2858221034,12022,0.2665462233,0.261853269,0.0046929543,3148,3204.418697,0.0046929543
weather_eval,classifier_calibration_20261008,1,random_forest_tuned,Random Forest,none,보정 없음,none,none,equal_frequency_15,동일 빈도 15구간(주 지표),13,0.2858221034,0.3451297666,12022,0.312352971,0.316835801,0.0044828301,3809,3755.107417,-0.00448283
weather_eval,classifier_calibration_20261008,1,random_forest_tuned,Random Forest,none,보정 없음,none,none,equal_frequency_15,동일 빈도 15구간(주 지표),14,0.3451297666,0.8259193813,12023,0.4191977899,0.4468102803,0.0276124904,5372,5040.015028,-0.0276124904
weather_eval,classifier_calibration_20261008,1,random_forest_tuned,Random Forest,none,보정 없음,none,none,equal_width_10,동일 폭 10구간(보조),0,0,0.1,40402,0.0704928305,0.0742785011,0.0037856706,3001,2848.051338,-0.0037856706
weather_eval,classifier_calibration_20261008,1,random_forest_tuned,Random Forest,none,보정 없음,none,none,equal_width_10,동일 폭 10구간(보조),1,0.1,0.2,79080,0.1469899527,0.1399595346,0.0070304181,11068,11623.96546,0.0070304181
weather_eval,classifier_calibration_20261008,1,random_forest_tuned,Random Forest,none,보정 없음,none,none,equal_width_10,동일 폭 10구간(보조),2,0.2,0.3,40468,0.2422410161,0.2382376198,0.0040033963,9641,9803.00944,0.0040033963
weather_eval,classifier_calibration_20261008,1,random_forest_tuned,Random Forest,none,보정 없음,none,none,equal_width_10,동일 폭 10구간(보조),3,0.3,0.4,14242,0.3409883351,0.3513551467,0.0103668117,5004,4856.355868,-0.0103668116
weather_eval,classifier_calibration_20261008,1,random_forest_tuned,Random Forest,none,보정 없음,none,none,equal_width_10,동일 폭 10구간(보조),4,0.4,0.5,4669,0.4394948235,0.4609124009,0.0214175774,2152,2052.001331,-0.0214175774
weather_eval,classifier_calibration_20261008,1,random_forest_tuned,Random Forest,none,보정 없음,none,none,equal_width_10,동일 폭 10구간(보조),5,0.5,0.6,1264,0.5382615441,0.6202531646,0.0819916204,784,680.3625917,-0.0819916205
weather_eval,classifier_calibration_20261008,1,random_forest_tuned,Random Forest,none,보정 없음,none,none,equal_width_10,동일 폭 10구간(보조),6,0.6,0.7,186,0.633075704,0.7419354839,0.1088597799,138,117.7520809,-0.1088597799
weather_eval,classifier_calibration_20261008,1,random_forest_tuned,Random Forest,none,보정 없음,none,none,equal_width_10,동일 폭 10구간(보조),7,0.7,0.8,19,0.7458325273,0.7894736842,0.0436411569,15,14.17081802,-0.0436411569
weather_eval,classifier_calibration_20261008,1,random_forest_tuned,Random Forest,none,보정 없음,none,none,equal_width_10,동일 폭 10구간(보조),8,0.8,0.9,2,0.8179450566,1,0.1820549434,2,1.635890113,-0.1820549434
weather_eval,classifier_calibration_20261008,1,random_forest_tuned,Random Forest,none,보정 없음,none,none,equal_width_10,동일 폭 10구간(보조),9,0.9,1,0,,,,0,0,
weather_eval,classifier_calibration_20261008,1,random_forest_tuned,Random Forest,platt_inner_holdout,Platt · 내부 검증 행 적합(선택 행 재사용),platt,inner_holdout,equal_frequency_15,동일 빈도 15구간(주 지표),0,0.0023922734,0.0552713552,12023,0.0400484693,0.0510687848,0.0110203155,614,481.5027464,-0.0110203155
weather_eval,classifier_calibration_20261008,1,random_forest_tuned,Random Forest,platt_inner_holdout,Platt · 내부 검증 행 적합(선택 행 재사용),platt,inner_holdout,equal_frequency_15,동일 빈도 15구간(주 지표),1,0.0552713552,0.0739486788,12022,0.0650894309,0.0740309433,0.0089415124,890,782.5051383,-0.0089415124
weather_eval,classifier_calibration_20261008,1,random_forest_tuned,Random Forest,platt_inner_holdout,Platt · 내부 검증 행 적합(선택 행 재사용),platt,inner_holdout,equal_frequency_15,동일 빈도 15구간(주 지표),2,0.0739486788,0.0895774335,12022,0.0819825314,0.0893362169,0.0073536855,1074,985.5939925,-0.0073536855
weather_eval,classifier_calibration_20261008,1,random_forest_tuned,Random Forest,platt_inner_holdout,Platt · 내부 검증 행 적합(선택 행 재사용),platt,inner_holdout,equal_frequency_15,동일 빈도 15구간(주 지표),3,0.0895774335,0.1040272602,12022,0.0968382062,0.099401098,0.0025628918,1195,1164.188915,-0.0025628918
weather_eval,classifier_calibration_20261008,1,random_forest_tuned,Random Forest,platt_inner_holdout,Platt · 내부 검증 행 적합(선택 행 재사용),platt,inner_holdout,equal_frequency_15,동일 빈도 15구간(주 지표),4,0.1040272602,0.1178098674,12022,0.1109157331,0.1117118616,0.0007961285,1343,1333.428943,-0.0007961285
weather_eval,classifier_calibration_20261008,1,random_forest_tuned,Random Forest,platt_inner_holdout,Platt · 내부 검증 행 적합(선택 행 재사용),platt,inner_holdout,equal_frequency_15,동일 빈도 15구간(주 지표),5,0.1178098674,0.1318623081,12022,0.1247576878,0.1234403593,0.0013173284,1484,1499.836923,0.0013173285
weather_eval,classifier_calibration_20261008,1,random_forest_tuned,Random Forest,platt_inner_holdout,Platt · 내부 검증 행 적합(선택 행 재사용),platt,inner_holdout,equal_frequency_15,동일 빈도 15구간(주 지표),6,0.1318623081,0.1465528579,12022,0.1391348165,0.1345034104,0.0046314061,1617,1672.678764,0.0046314061
weather_eval,classifier_calibration_20261008,1,random_forest_tuned,Random Forest,platt_inner_holdout,Platt · 내부 검증 행 적합(선택 행 재사용),platt,inner_holdout,equal_frequency_15,동일 빈도 15구간(주 지표),7,0.1465528579,0.1625482514,12022,0.1544542312,0.1499750457,0.0044791855,1803,1856.848767,0.0044791855
weather_eval,classifier_calibration_20261008,1,random_forest_tuned,Random Forest,platt_inner_holdout,Platt · 내부 검증 행 적합(선택 행 재사용),platt,inner_holdout,equal_frequency_15,동일 빈도 15구간(주 지표),8,0.1625482514,0.1799119751,12022,0.1710420976,0.1654466811,0.0055954165,1989,2056.268097,0.0055954165
weather_eval,classifier_calibration_20261008,1,random_forest_tuned,Random Forest,platt_inner_holdout,Platt · 내부 검증 행 적합(선택 행 재사용),platt,inner_holdout,equal_frequency_15,동일 빈도 15구간(주 지표),9,0.1799119751,0.1995435131,12022,0.1894791322,0.1845782732,0.004900859,2219,2277.918127,0.004900859
weather_eval,classifier_calibration_20261008,1,random_forest_tuned,Random Forest,platt_inner_holdout,Platt · 내부 검증 행 적합(선택 행 재사용),platt,inner_holdout,equal_frequency_15,동일 빈도 15구간(주 지표),10,0.1995435131,0.2221883107,12022,0.2105904839,0.2106970554,0.0001065715,2533,2531.718797,-0.0001065715
weather_eval,classifier_calibration_20261008,1,random_forest_tuned,Random Forest,platt_inner_holdout,Platt · 내부 검증 행 적합(선택 행 재사용),platt,inner_holdout,equal_frequency_15,동일 빈도 15구간(주 지표),11,0.2221883107,0.2504599962,12022,0.2357153111,0.2262518716,0.0094634396,2720,2833.76947,0.0094634395
weather_eval,classifier_calibration_20261008,1,random_forest_tuned,Random Forest,platt_inner_holdout,Platt · 내부 검증 행 적합(선택 행 재사용),platt,inner_holdout,equal_frequency_15,동일 빈도 15구간(주 지표),12,0.2504599962,0.2891727902,12022,0.2686490297,0.2602728331,0.0083761965,3129,3229.698635,0.0083761966
weather_eval,classifier_calibration_20261008,1,random_forest_tuned,Random Forest,platt_inner_holdout,Platt · 내부 검증 행 적합(선택 행 재사용),platt,inner_holdout,equal_frequency_15,동일 빈도 15구간(주 지표),13,0.2891727902,0.3523532913,12022,0.3174669107,0.3182498752,0.0007829646,3826,3816.5872,-0.0007829645
weather_eval,classifier_calibration_20261008,1,random_forest_tuned,Random Forest,platt_inner_holdout,Platt · 내부 검증 행 적합(선택 행 재사용),platt,inner_holdout,equal_frequency_15,동일 빈도 15구간(주 지표),14,0.3523532913,0.8529047349,12023,0.4313674036,0.4465607585,0.0151933549,5369,5186.330293,-0.0151933549
weather_eval,classifier_calibration_20261008,1,random_forest_tuned,Random Forest,platt_inner_holdout,Platt · 내부 검증 행 적합(선택 행 재사용),platt,inner_holdout,equal_width_10,동일 폭 10구간(보조),0,0,0.1,44719,0.0686506994,0.0766564548,0.0080057554,3428,3069.990626,-0.0080057554
weather_eval,classifier_calibration_20261008,1,random_forest_tuned,Random Forest,platt_inner_holdout,Platt · 내부 검증 행 적합(선택 행 재사용),platt,inner_holdout,equal_width_10,동일 폭 10구간(보조),1,0.1,0.2,75742,0.1464012402,0.1431042222,0.003297018,10839,11088.72274,0.003297018
weather_eval,classifier_calibration_20261008,1,random_forest_tuned,Random Forest,platt_inner_holdout,Platt · 내부 검증 행 적합(선택 행 재사용),platt,inner_holdout,equal_width_10,동일 폭 10구간(보조),2,0.2,0.3,38459,0.2424078978,0.2370316441,0.0053762537,9116,9322.765341,0.0053762537
weather_eval,classifier_calibration_20261008,1,random_forest_tuned,Random Forest,platt_inner_holdout,Platt · 내부 검증 행 적합(선택 행 재사용),platt,inner_holdout,equal_width_10,동일 폭 10구간(보조),3,0.3,0.4,14400,0.3412952549,0.3438888889,0.002593634,4952,4914.651671,-0.002593634
weather_eval,classifier_calibration_20261008,1,random_forest_tuned,Random Forest,platt_inner_holdout,Platt · 내부 검증 행 적합(선택 행 재사용),platt,inner_holdout,equal_width_10,동일 폭 10구간(보조),4,0.4,0.5,5137,0.4406749411,0.4524041269,0.0117291858,2324,2263.747172,-0.0117291858
weather_eval,classifier_calibration_20261008,1,random_forest_tuned,Random Forest,platt_inner_holdout,Platt · 내부 검증 행 적합(선택 행 재사용),platt,inner_holdout,equal_width_10,동일 폭 10구간(보조),5,0.5,0.6,1543,0.5406649586,0.5826312378,0.0419662793,899,834.2460311,-0.0419662792
weather_eval,classifier_calibration_20261008,1,random_forest_tuned,Random Forest,platt_inner_holdout,Platt · 내부 검증 행 적합(선택 행 재사용),platt,inner_holdout,equal_width_10,동일 폭 10구간(보조),6,0.6,0.7,295,0.6338436529,0.7355932203,0.1017495675,217,186.9838776,-0.1017495674
weather_eval,classifier_calibration_20261008,1,random_forest_tuned,Random Forest,platt_inner_holdout,Platt · 내부 검증 행 적합(선택 행 재사용),platt,inner_holdout,equal_width_10,동일 폭 10구간(보조),7,0.7,0.8,29,0.7309994789,0.7931034483,0.0621039694,23,21.19898489,-0.0621039694
weather_eval,classifier_calibration_20261008,1,random_forest_tuned,Random Forest,platt_inner_holdout,Platt · 내부 검증 행 적합(선택 행 재사용),platt,inner_holdout,equal_width_10,동일 폭 10구간(보조),8,0.8,0.9,8,0.821046233,0.875,0.053953767,7,6.568369864,-0.053953767
weather_eval,classifier_calibration_20261008,1,random_forest_tuned,Random Forest,platt_inner_holdout,Platt · 내부 검증 행 적합(선택 행 재사용),platt,inner_holdout,equal_width_10,동일 폭 10구간(보조),9,0.9,1,0,,,,0,0,
weather_eval,classifier_calibration_20261008,1,random_forest_tuned,Random Forest,isotonic_inner_holdout,Isotonic · 내부 검증 행 적합(선택 행 재사용),isotonic,inner_holdout,equal_frequency_15,동일 빈도 15구간(주 지표),0,1e-06,0.0607594937,11577,0.044854466,0.0509631165,0.0061086505,590,519.2801529,-0.0061086505
weather_eval,classifier_calibration_20261008,1,random_forest_tuned,Random Forest,isotonic_inner_holdout,Isotonic · 내부 검증 행 적합(선택 행 재사용),isotonic,inner_holdout,equal_frequency_15,동일 빈도 15구간(주 지표),1,0.0607594937,0.0736654804,10380,0.0672518618,0.074566474,0.0073146122,774,698.0743255,-0.0073146122
weather_eval,classifier_calibration_20261008,1,random_forest_tuned,Random Forest,isotonic_inner_holdout,Isotonic · 내부 검증 행 적합(선택 행 재사용),isotonic,inner_holdout,equal_frequency_15,동일 빈도 15구간(주 지표),2,0.0736654804,0.0926640927,13998,0.0833530755,0.0851550221,0.0018019466,1192,1166.776351,-0.0018019466
weather_eval,classifier_calibration_20261008,1,random_forest_tuned,Random Forest,isotonic_inner_holdout,Isotonic · 내부 검증 행 적합(선택 행 재사용),isotonic,inner_holdout,equal_frequency_15,동일 빈도 15구간(주 지표),3,0.0926640927,0.0965463108,10547,0.0949409653,0.1031572959,0.0082163306,1088,1001.342361,-0.0082163306
weather_eval,classifier_calibration_20261008,1,random_forest_tuned,Random Forest,isotonic_inner_holdout,Isotonic · 내부 검증 행 적합(선택 행 재사용),isotonic,inner_holdout,equal_frequency_15,동일 빈도 15구간(주 지표),4,0.0965463108,0.1165048544,13028,0.109428993,0.1103008904,0.0008718974,1437,1425.640921,-0.0008718974
weather_eval,classifier_calibration_20261008,1,random_forest_tuned,Random Forest,isotonic_inner_holdout,Isotonic · 내부 검증 행 적합(선택 행 재사용),isotonic,inner_holdout,equal_frequency_15,동일 빈도 15구간(주 지표),5,0.1165048544,0.1348046525,11589,0.1252571985,0.1202864786,0.00497072,1394,1451.605673,0.0049707199
weather_eval,classifier_calibration_20261008,1,random_forest_tuned,Random Forest,isotonic_inner_holdout,Isotonic · 내부 검증 행 적합(선택 행 재사용),isotonic,inner_holdout,equal_frequency_15,동일 빈도 15구간(주 지표),6,0.1348046525,0.1453900709,12460,0.1391935587,0.1382022472,0.0009913115,1722,1734.351741,0.0009913115
weather_eval,classifier_calibration_20261008,1,random_forest_tuned,Random Forest,isotonic_inner_holdout,Isotonic · 내부 검증 행 적합(선택 행 재사용),isotonic,inner_holdout,equal_frequency_15,동일 빈도 15구간(주 지표),7,0.1453900709,0.1538461538,12569,0.1476946372,0.1441642135,0.0035304236,1812,1856.373895,0.0035304237
weather_eval,classifier_calibration_20261008,1,random_forest_tuned,Random Forest,isotonic_inner_holdout,Isotonic · 내부 검증 행 적합(선택 행 재사용),isotonic,inner_holdout,equal_frequency_15,동일 빈도 15구간(주 지표),8,0.1538461538,0.1677089255,11609,0.161659652,0.1663364631,0.0046768111,1931,1876.7069,-0.0046768111
weather_eval,classifier_calibration_20261008,1,random_forest_tuned,Random Forest,isotonic_inner_holdout,Isotonic · 내부 검증 행 적합(선택 행 재사용),isotonic,inner_holdout,equal_frequency_15,동일 빈도 15구간(주 지표),9,0.1677089255,0.1941112323,12125,0.1792128609,0.1837525773,0.0045397164,2228,2172.955938,-0.0045397164
weather_eval,classifier_calibration_20261008,1,random_forest_tuned,Random Forest,isotonic_inner_holdout,Isotonic · 내부 검증 행 적합(선택 행 재사용),isotonic,inner_holdout,equal_frequency_15,동일 빈도 15구간(주 지표),10,0.1941112323,0.2188183807,12316,0.2045030216,0.2090776226,0.0045746011,2575,2518.659214,-0.004574601
weather_eval,classifier_calibration_20261008,1,random_forest_tuned,Random Forest,isotonic_inner_holdout,Isotonic · 내부 검증 행 적합(선택 행 재사용),isotonic,inner_holdout,equal_frequency_15,동일 빈도 15구간(주 지표),11,0.2188183807,0.2442307692,11094,0.228998656,0.2241752299,0.0048234262,2487,2540.51109,0.0048234261
weather_eval,classifier_calibration_20261008,1,random_forest_tuned,Random Forest,isotonic_inner_holdout,Isotonic · 내부 검증 행 적합(선택 행 재사용),isotonic,inner_holdout,equal_frequency_15,동일 빈도 15구간(주 지표),12,0.2442307692,0.2920489297,12658,0.2615424467,0.2644967609,0.0029543143,3348,3310.60429,-0.0029543142
weather_eval,classifier_calibration_20261008,1,random_forest_tuned,Random Forest,isotonic_inner_holdout,Isotonic · 내부 검증 행 적합(선택 행 재사용),isotonic,inner_holdout,equal_frequency_15,동일 빈도 15구간(주 지표),13,0.2920489297,0.351744186,11634,0.3180166404,0.3136496476,0.0043669928,3649,3699.805594,0.0043669928
weather_eval,classifier_calibration_20261008,1,random_forest_tuned,Random Forest,isotonic_inner_holdout,Isotonic · 내부 검증 행 적합(선택 행 재사용),isotonic,inner_holdout,equal_frequency_15,동일 빈도 15구간(주 지표),14,0.351744186,0.999999,12748,0.4492746485,0.4375588328,0.0117158157,5578,5727.353219,0.0117158157
weather_eval,classifier_calibration_20261008,1,random_forest_tuned,Random Forest,isotonic_inner_holdout,Isotonic · 내부 검증 행 적합(선택 행 재사용),isotonic,inner_holdout,equal_width_10,동일 폭 10구간(보조),0,0,0.1,48409,0.0737462019,0.078828317,0.0050821151,3816,3569.979888,-0.0050821151
weather_eval,classifier_calibration_20261008,1,random_forest_tuned,Random Forest,isotonic_inner_holdout,Isotonic · 내부 검증 행 적합(선택 행 재사용),isotonic,inner_holdout,equal_width_10,동일 폭 10구간(보조),1,0.1,0.2,75862,0.1475157698,0.1482164984,0.0007007286,11244,11190.84133,-0.0007007286
weather_eval,classifier_calibration_20261008,1,random_forest_tuned,Random Forest,isotonic_inner_holdout,Isotonic · 내부 검증 행 적합(선택 행 재사용),isotonic,inner_holdout,equal_width_10,동일 폭 10구간(보조),2,0.2,0.3,33406,0.2399732459,0.2400167635,4.35175e-05,8018,8016.546253,-4.35176e-05
weather_eval,classifier_calibration_20261008,1,random_forest_tuned,Random Forest,isotonic_inner_holdout,Isotonic · 내부 검증 행 적합(선택 행 재사용),isotonic,inner_holdout,equal_width_10,동일 폭 10구간(보조),3,0.3,0.4,14867,0.3388511241,0.3342301742,0.0046209498,4969,5037.699662,0.0046209499
weather_eval,classifier_calibration_20261008,1,random_forest_tuned,Random Forest,isotonic_inner_holdout,Isotonic · 내부 검증 행 적합(선택 행 재사용),isotonic,inner_holdout,equal_width_10,동일 폭 10구간(보조),4,0.4,0.5,4654,0.4429962454,0.4316716803,0.0113245651,2009,2061.704526,0.0113245651
weather_eval,classifier_calibration_20261008,1,random_forest_tuned,Random Forest,isotonic_inner_holdout,Isotonic · 내부 검증 행 적합(선택 행 재사용),isotonic,inner_holdout,equal_width_10,동일 폭 10구간(보조),5,0.5,0.6,2124,0.5387700796,0.5178907721,0.0208793074,1100,1144.347649,0.0208793075
weather_eval,classifier_calibration_20261008,1,random_forest_tuned,Random Forest,isotonic_inner_holdout,Isotonic · 내부 검증 행 적합(선택 행 재사용),isotonic,inner_holdout,equal_width_10,동일 폭 10구간(보조),6,0.6,0.7,748,0.6273642926,0.6056149733,0.0217493193,453,469.2684909,0.0217493193
weather_eval,classifier_calibration_20261008,1,random_forest_tuned,Random Forest,isotonic_inner_holdout,Isotonic · 내부 검증 행 적합(선택 행 재사용),isotonic,inner_holdout,equal_width_10,동일 폭 10구간(보조),7,0.7,0.8,148,0.7448783523,0.6824324324,0.0624459199,101,110.2419961,0.0624459199
weather_eval,classifier_calibration_20261008,1,random_forest_tuned,Random Forest,isotonic_inner_holdout,Isotonic · 내부 검증 행 적합(선택 행 재사용),isotonic,inner_holdout,equal_width_10,동일 폭 10구간(보조),8,0.8,0.9,77,0.8230343445,0.8311688312,0.0081344866,64,63.37364453,-0.0081344867
weather_eval,classifier_calibration_20261008,1,random_forest_tuned,Random Forest,isotonic_inner_holdout,Isotonic · 내부 검증 행 적합(선택 행 재사용),isotonic,inner_holdout,equal_width_10,동일 폭 10구간(보조),9,0.9,1,37,0.9740061379,0.8378378378,0.1361683001,31,36.0382271,0.1361683001
weather_eval,classifier_calibration_20261008,1,random_forest_tuned,Random Forest,platt_crossfit,Platt · 내부 학습 교차적합,platt,inner_train_crossfit,equal_frequency_15,동일 빈도 15구간(주 지표),0,0.0029096666,0.0568381655,12023,0.0414473475,0.0511519587,0.0097046112,615,498.321459,-0.0097046112
weather_eval,classifier_calibration_20261008,1,random_forest_tuned,Random Forest,platt_crossfit,Platt · 내부 학습 교차적합,platt,inner_train_crossfit,equal_frequency_15,동일 빈도 15구간(주 지표),1,0.0568381655,0.075660558,12022,0.0667449536,0.0741141241,0.0073691705,891,802.4078322,-0.0073691705
weather_eval,classifier_calibration_20261008,1,random_forest_tuned,Random Forest,platt_crossfit,Platt · 내부 학습 교차적합,platt,inner_train_crossfit,equal_frequency_15,동일 빈도 15구간(주 지표),2,0.075660558,0.0912928854,12022,0.083692322,0.0887539511,0.0050616291,1067,1006.149095,-0.0050616291
weather_eval,classifier_calibration_20261008,1,random_forest_tuned,Random Forest,platt_crossfit,Platt · 내부 학습 교차적합,platt,inner_train_crossfit,equal_frequency_15,동일 빈도 15구간(주 지표),3,0.0912928854,0.1056743043,12022,0.0985253047,0.0993179172,0.0007926125,1194,1184.471213,-0.0007926125
weather_eval,classifier_calibration_20261008,1,random_forest_tuned,Random Forest,platt_crossfit,Platt · 내부 학습 교차적합,platt,inner_train_crossfit,equal_frequency_15,동일 빈도 15구간(주 지표),4,0.1056743043,0.1193501834,12022,0.1125276201,0.1122941274,0.0002334927,1350,1352.807049,0.0002334927
weather_eval,classifier_calibration_20261008,1,random_forest_tuned,Random Forest,platt_crossfit,Platt · 내부 학습 교차적합,platt,inner_train_crossfit,equal_frequency_15,동일 빈도 15구간(주 지표),5,0.1193501834,0.1332946564,12022,0.1262786922,0.1250207952,0.0012578969,1503,1518.122438,0.001257897
weather_eval,classifier_calibration_20261008,1,random_forest_tuned,Random Forest,platt_crossfit,Platt · 내부 학습 교차적합,platt,inner_train_crossfit,equal_frequency_15,동일 빈도 15구간(주 지표),6,0.1332946564,0.1478152909,12022,0.1405388281,0.1314257195,0.0091131086,1580,1689.557791,0.0091131086
weather_eval,classifier_calibration_20261008,1,random_forest_tuned,Random Forest,platt_crossfit,Platt · 내부 학습 교차적합,platt,inner_train_crossfit,equal_frequency_15,동일 빈도 15구간(주 지표),7,0.1478152909,0.1636768481,12022,0.1556906519,0.1518050241,0.0038856277,1825,1871.713017,0.0038856278
weather_eval,classifier_calibration_20261008,1,random_forest_tuned,Random Forest,platt_crossfit,Platt · 내부 학습 교차적합,platt,inner_train_crossfit,equal_frequency_15,동일 빈도 15구간(주 지표),8,0.1636768481,0.1808854297,12022,0.1721034566,0.1647812344,0.0073222222,1981,2069.027755,0.0073222222
weather_eval,classifier_calibration_20261008,1,random_forest_tuned,Random Forest,platt_crossfit,Platt · 내부 학습 교차적합,platt,inner_train_crossfit,equal_frequency_15,동일 빈도 15구간(주 지표),9,0.1808854297,0.2002316748,12022,0.190292252,0.185160539,0.005131713,2226,2287.693454,0.005131713
weather_eval,classifier_calibration_20261008,1,random_forest_tuned,Random Forest,platt_crossfit,Platt · 내부 학습 교차적합,platt,inner_train_crossfit,equal_frequency_15,동일 빈도 15구간(주 지표),10,0.2002316748,0.2225075849,12022,0.2110882496,0.2100316087,0.0010566409,2525,2537.702937,0.0010566409
weather_eval,classifier_calibration_20261008,1,random_forest_tuned,Random Forest,platt_crossfit,Platt · 내부 학습 교차적합,platt,inner_train_crossfit,equal_frequency_15,동일 빈도 15구간(주 지표),11,0.2225075849,0.2503304353,12022,0.2357777219,0.2259191482,0.0098585737,2716,2834.519773,0.0098585737
weather_eval,classifier_calibration_20261008,1,random_forest_tuned,Random Forest,platt_crossfit,Platt · 내부 학습 교차적합,platt,inner_train_crossfit,equal_frequency_15,동일 빈도 15구간(주 지표),12,0.2503304353,0.2881852781,12022,0.2680698595,0.2616869073,0.0063829522,3146,3222.735851,0.0063829522
weather_eval,classifier_calibration_20261008,1,random_forest_tuned,Random Forest,platt_crossfit,Platt · 내부 학습 교차적합,platt,inner_train_crossfit,equal_frequency_15,동일 빈도 15구간(주 지표),13,0.2881852781,0.350284162,12022,0.315936365,0.3177507902,0.0018144252,3820,3798.18698,-0.0018144252
weather_eval,classifier_calibration_20261008,1,random_forest_tuned,Random Forest,platt_crossfit,Platt · 내부 학습 교차적합,platt,inner_train_crossfit,equal_frequency_15,동일 빈도 15구간(주 지표),14,0.350284162,0.8366238311,12023,0.4276554046,0.4463112368,0.0186558322,5366,5141.70093,-0.0186558322
weather_eval,classifier_calibration_20261008,1,random_forest_tuned,Random Forest,platt_crossfit,Platt · 내부 학습 교차적합,platt,inner_train_crossfit,equal_width_10,동일 폭 10구간(보조),0,0,0.1,43255,0.0692246889,0.0758062652,0.0065815762,3279,2994.313918,-0.0065815763
weather_eval,classifier_calibration_20261008,1,random_forest_tuned,Random Forest,platt_crossfit,Platt · 내부 학습 교차적합,platt,inner_train_crossfit,equal_width_10,동일 폭 10구간(보조),1,0.1,0.2,76836,0.1465451281,0.1421859545,0.0043591736,10925,11259.94146,0.0043591736
weather_eval,classifier_calibration_20261008,1,random_forest_tuned,Random Forest,platt_crossfit,Platt · 내부 학습 교차적합,platt,inner_train_crossfit,equal_width_10,동일 폭 10구간(보조),2,0.2,0.3,39141,0.2423826452,0.2369893462,0.005393299,9276,9487.099116,0.005393299
weather_eval,classifier_calibration_20261008,1,random_forest_tuned,Random Forest,platt_crossfit,Platt · 내부 학습 교차적합,platt,inner_train_crossfit,equal_width_10,동일 폭 10구간(보조),3,0.3,0.4,14338,0.3412043813,0.3462128609,0.0050084796,4964,4892.188419,-0.0050084796
weather_eval,classifier_calibration_20261008,1,random_forest_tuned,Random Forest,platt_crossfit,Platt · 내부 학습 교차적합,platt,inner_train_crossfit,equal_width_10,동일 폭 10구간(보조),4,0.4,0.5,5015,0.4403424547,0.453439681,0.0130972263,2274,2208.31741,-0.0130972263
weather_eval,classifier_calibration_20261008,1,random_forest_tuned,Random Forest,platt_crossfit,Platt · 내부 학습 교차적합,platt,inner_train_crossfit,equal_width_10,동일 폭 10구간(보조),5,0.5,0.6,1466,0.540035476,0.5968622101,0.0568267341,875,791.6920078,-0.0568267341
weather_eval,classifier_calibration_20261008,1,random_forest_tuned,Random Forest,platt_crossfit,Platt · 내부 학습 교차적합,platt,inner_train_crossfit,equal_width_10,동일 폭 10구간(보조),6,0.6,0.7,248,0.6332945128,0.7459677419,0.1126732292,185,157.0570392,-0.1126732291
weather_eval,classifier_calibration_20261008,1,random_forest_tuned,Random Forest,platt_crossfit,Platt · 내부 학습 교차적합,platt,inner_train_crossfit,equal_width_10,동일 폭 10구간(보조),7,0.7,0.8,29,0.7322281898,0.7931034483,0.0608752585,23,21.2346175,-0.0608752585
weather_eval,classifier_calibration_20261008,1,random_forest_tuned,Random Forest,platt_crossfit,Platt · 내부 학습 교차적합,platt,inner_train_crossfit,equal_width_10,동일 폭 10구간(보조),8,0.8,0.9,4,0.8183949616,1,0.1816050384,4,3.273579846,-0.1816050384
weather_eval,classifier_calibration_20261008,1,random_forest_tuned,Random Forest,platt_crossfit,Platt · 내부 학습 교차적합,platt,inner_train_crossfit,equal_width_10,동일 폭 10구간(보조),9,0.9,1,0,,,,0,0,
weather_eval,classifier_calibration_20261008,1,random_forest_tuned,Random Forest,isotonic_crossfit,Isotonic · 내부 학습 교차적합,isotonic,inner_train_crossfit,equal_frequency_15,동일 빈도 15구간(주 지표),0,1e-06,0.064516129,11970,0.0501849107,0.0509607352,0.0007758245,610,600.7133811,-0.0007758245
weather_eval,classifier_calibration_20261008,1,random_forest_tuned,Random Forest,isotonic_crossfit,Isotonic · 내부 학습 교차적합,isotonic,inner_train_crossfit,equal_frequency_15,동일 빈도 15구간(주 지표),1,0.064516129,0.0770137525,11578,0.0712131994,0.0735014683,0.0022882689,851,824.5064227,-0.0022882689
weather_eval,classifier_calibration_20261008,1,random_forest_tuned,Random Forest,isotonic_crossfit,Isotonic · 내부 학습 교차적합,isotonic,inner_train_crossfit,equal_frequency_15,동일 빈도 15구간(주 지표),2,0.0770137525,0.0934195065,12264,0.0866605836,0.0896118721,0.0029512885,1099,1062.805397,-0.0029512885
weather_eval,classifier_calibration_20261008,1,random_forest_tuned,Random Forest,isotonic_crossfit,Isotonic · 내부 학습 교차적합,isotonic,inner_train_crossfit,equal_frequency_15,동일 빈도 15구간(주 지표),3,0.0934195065,0.1043024772,11395,0.0986641277,0.0978499342,0.0008141935,1115,1124.277735,0.0008141935
weather_eval,classifier_calibration_20261008,1,random_forest_tuned,Random Forest,isotonic_crossfit,Isotonic · 내부 학습 교차적합,isotonic,inner_train_crossfit,equal_frequency_15,동일 빈도 15구간(주 지표),4,0.1043024772,0.1159295835,11520,0.1105068454,0.1111111111,0.0006042657,1280,1273.038859,-0.0006042657
weather_eval,classifier_calibration_20261008,1,random_forest_tuned,Random Forest,isotonic_crossfit,Isotonic · 내부 학습 교차적합,isotonic,inner_train_crossfit,equal_frequency_15,동일 빈도 15구간(주 지표),5,0.1159295835,0.1307581078,12302,0.1237334845,0.1229068444,0.0008266401,1512,1522.169326,0.0008266401
weather_eval,classifier_calibration_20261008,1,random_forest_tuned,Random Forest,isotonic_crossfit,Isotonic · 내부 학습 교차적합,isotonic,inner_train_crossfit,equal_frequency_15,동일 빈도 15구간(주 지표),6,0.1307581078,0.1413333333,12943,0.134325169,0.1317314378,0.0025937311,1705,1738.570662,0.0025937312
weather_eval,classifier_calibration_20261008,1,random_forest_tuned,Random Forest,isotonic_crossfit,Isotonic · 내부 학습 교차적합,isotonic,inner_train_crossfit,equal_frequency_15,동일 빈도 15구간(주 지표),7,0.1413333333,0.154676259,12147,0.1518209248,0.1532065531,0.0013856282,1861,1844.168774,-0.0013856283
weather_eval,classifier_calibration_20261008,1,random_forest_tuned,Random Forest,isotonic_crossfit,Isotonic · 내부 학습 교차적합,isotonic,inner_train_crossfit,equal_frequency_15,동일 빈도 15구간(주 지표),8,0.154676259,0.1729226821,11673,0.1634287218,0.1661098261,0.0026811043,1939,1907.70347,-0.0026811043
weather_eval,classifier_calibration_20261008,1,random_forest_tuned,Random Forest,isotonic_crossfit,Isotonic · 내부 학습 교차적합,isotonic,inner_train_crossfit,equal_frequency_15,동일 빈도 15구간(주 지표),9,0.1729226821,0.1970326409,11581,0.1822407279,0.1823676712,0.0001269432,2112,2110.52987,-0.0001269433
weather_eval,classifier_calibration_20261008,1,random_forest_tuned,Random Forest,isotonic_crossfit,Isotonic · 내부 학습 교차적합,isotonic,inner_train_crossfit,equal_frequency_15,동일 빈도 15구간(주 지표),10,0.1970326409,0.2184857424,12215,0.2052081459,0.2070405239,0.0018323781,2529,2506.617502,-0.001832378
weather_eval,classifier_calibration_20261008,1,random_forest_tuned,Random Forest,isotonic_crossfit,Isotonic · 내부 학습 교차적합,isotonic,inner_train_crossfit,equal_frequency_15,동일 빈도 15구간(주 지표),11,0.2184857424,0.2451838879,12592,0.2279961661,0.2261753494,0.0018208167,2848,2870.927724,0.0018208167
weather_eval,classifier_calibration_20261008,1,random_forest_tuned,Random Forest,isotonic_crossfit,Isotonic · 내부 학습 교차적합,isotonic,inner_train_crossfit,equal_frequency_15,동일 빈도 15구간(주 지표),12,0.2451838879,0.2853025937,11700,0.265056098,0.2600854701,0.0049706279,3043,3101.156347,0.0049706279
weather_eval,classifier_calibration_20261008,1,random_forest_tuned,Random Forest,isotonic_crossfit,Isotonic · 내부 학습 교차적합,isotonic,inner_train_crossfit,equal_frequency_15,동일 빈도 15구간(주 지표),13,0.2853025937,0.3564173592,12190,0.3161642428,0.3191960623,0.0030318196,3891,3854.04212,-0.0030318195
weather_eval,classifier_calibration_20261008,1,random_forest_tuned,Random Forest,isotonic_crossfit,Isotonic · 내부 학습 교차적합,isotonic,inner_train_crossfit,equal_frequency_15,동일 빈도 15구간(주 지표),14,0.3564173592,0.999999,12262,0.4476395222,0.4412004567,0.0064390655,5410,5488.955821,0.0064390655
weather_eval,classifier_calibration_20261008,1,random_forest_tuned,Random Forest,isotonic_crossfit,Isotonic · 내부 학습 교차적합,isotonic,inner_train_crossfit,equal_width_10,동일 폭 10구간(보조),0,0,0.1,41715,0.0732179147,0.0746014623,0.0013835476,3112,3054.285312,-0.0013835476
weather_eval,classifier_calibration_20261008,1,random_forest_tuned,Random Forest,isotonic_crossfit,Isotonic · 내부 학습 교차적합,isotonic,inner_train_crossfit,equal_width_10,동일 폭 10구간(보조),1,0.1,0.2,81293,0.1435975323,0.1434932897,0.0001042426,11665,11673.47419,0.0001042426
weather_eval,classifier_calibration_20261008,1,random_forest_tuned,Random Forest,isotonic_crossfit,Isotonic · 내부 학습 교차적합,isotonic,inner_train_crossfit,equal_width_10,동일 폭 10구간(보조),2,0.2,0.3,35765,0.2405047803,0.2391164546,0.0013883256,8552,8601.653467,0.0013883257
weather_eval,classifier_calibration_20261008,1,random_forest_tuned,Random Forest,isotonic_crossfit,Isotonic · 내부 학습 교차적합,isotonic,inner_train_crossfit,equal_width_10,동일 폭 10구간(보조),3,0.3,0.4,13364,0.3392009077,0.3423376235,0.0031367158,4575,4533.080931,-0.0031367158
weather_eval,classifier_calibration_20261008,1,random_forest_tuned,Random Forest,isotonic_crossfit,Isotonic · 내부 학습 교차적합,isotonic,inner_train_crossfit,equal_width_10,동일 폭 10구간(보조),4,0.4,0.5,5557,0.4356948041,0.426669066,0.0090257381,2371,2421.156026,0.0090257381
weather_eval,classifier_calibration_20261008,1,random_forest_tuned,Random Forest,isotonic_crossfit,Isotonic · 내부 학습 교차적합,isotonic,inner_train_crossfit,equal_width_10,동일 폭 10구간(보조),5,0.5,0.6,1864,0.5427940221,0.5413090129,0.0014850092,1009,1011.768057,0.0014850092
weather_eval,classifier_calibration_20261008,1,random_forest_tuned,Random Forest,isotonic_crossfit,Isotonic · 내부 학습 교차적합,isotonic,inner_train_crossfit,equal_width_10,동일 폭 10구간(보조),6,0.6,0.7,519,0.6543442447,0.6377649326,0.0165793122,331,339.604663,0.0165793121
weather_eval,classifier_calibration_20261008,1,random_forest_tuned,Random Forest,isotonic_crossfit,Isotonic · 내부 학습 교차적합,isotonic,inner_train_crossfit,equal_width_10,동일 폭 10구간(보조),7,0.7,0.8,180,0.7193203988,0.7222222222,0.0029018235,130,129.4776718,-0.0029018234
weather_eval,classifier_calibration_20261008,1,random_forest_tuned,Random Forest,isotonic_crossfit,Isotonic · 내부 학습 교차적합,isotonic,inner_train_crossfit,equal_width_10,동일 폭 10구간(보조),8,0.8,0.9,60,0.8458521435,0.7666666667,0.0791854769,46,50.75112861,0.0791854768
weather_eval,classifier_calibration_20261008,1,random_forest_tuned,Random Forest,isotonic_crossfit,Isotonic · 내부 학습 교차적합,isotonic,inner_train_crossfit,equal_width_10,동일 폭 10구간(보조),9,0.9,1,15,0.9954642761,0.9333333333,0.0621309428,14,14.93196414,0.0621309428
weather_eval,classifier_calibration_20261008,1,lightgbm_tuned,LightGBM,none,보정 없음,none,none,equal_frequency_15,동일 빈도 15구간(주 지표),0,0.0161816791,0.0757157713,12023,0.0648901624,0.0595525243,0.005337638,716,780.1744225,0.0053376381
weather_eval,classifier_calibration_20261008,1,lightgbm_tuned,LightGBM,none,보정 없음,none,none,equal_frequency_15,동일 빈도 15구간(주 지표),1,0.0757157713,0.0896472973,12022,0.0825703091,0.0811013143,0.0014689948,975,992.660256,0.0014689948
weather_eval,classifier_calibration_20261008,1,lightgbm_tuned,LightGBM,none,보정 없음,none,none,equal_frequency_15,동일 빈도 15구간(주 지표),2,0.0896472973,0.1025402802,12022,0.0963044059,0.092330727,0.0039736789,1110,1157.771568,0.0039736789
weather_eval,classifier_calibration_20261008,1,lightgbm_tuned,LightGBM,none,보정 없음,none,none,equal_frequency_15,동일 빈도 15구간(주 지표),3,0.1025402802,0.1141126024,12022,0.1083523257,0.1038928631,0.0044594626,1249,1302.61166,0.0044594626
weather_eval,classifier_calibration_20261008,1,lightgbm_tuned,LightGBM,none,보정 없음,none,none,equal_frequency_15,동일 빈도 15구간(주 지표),4,0.1141126024,0.1250758764,12022,0.1195901516,0.1143736483,0.0052165033,1375,1437.712803,0.0052165033
weather_eval,classifier_calibration_20261008,1,lightgbm_tuned,LightGBM,none,보정 없음,none,none,equal_frequency_15,동일 빈도 15구간(주 지표),5,0.1250758764,0.135508391,12022,0.1302954262,0.1299284645,0.0003669617,1562,1566.411614,0.0003669617
weather_eval,classifier_calibration_20261008,1,lightgbm_tuned,LightGBM,none,보정 없음,none,none,equal_frequency_15,동일 빈도 15구간(주 지표),6,0.135508391,0.1462920903,12022,0.1408421455,0.1347529529,0.0060891925,1620,1693.204273,0.0060891926
weather_eval,classifier_calibration_20261008,1,lightgbm_tuned,LightGBM,none,보정 없음,none,none,equal_frequency_15,동일 빈도 15구간(주 지표),7,0.1462920903,0.1584615908,12022,0.1522851274,0.1492264182,0.0030587092,1794,1830.771802,0.0030587092
weather_eval,classifier_calibration_20261008,1,lightgbm_tuned,LightGBM,none,보정 없음,none,none,equal_frequency_15,동일 빈도 15구간(주 지표),8,0.1584615908,0.1720186061,12022,0.1650491417,0.1641157877,0.0009333539,1973,1984.220782,0.000933354
weather_eval,classifier_calibration_20261008,1,lightgbm_tuned,LightGBM,none,보정 없음,none,none,equal_frequency_15,동일 빈도 15구간(주 지표),9,0.1720186061,0.1874059195,12022,0.1795703306,0.1877391449,0.0081688143,2257,2158.794514,-0.0081688143
weather_eval,classifier_calibration_20261008,1,lightgbm_tuned,LightGBM,none,보정 없음,none,none,equal_frequency_15,동일 빈도 15구간(주 지표),10,0.1874059195,0.2054216206,12022,0.1960550195,0.2086175345,0.0125625151,2508,2356.973444,-0.012562515
weather_eval,classifier_calibration_20261008,1,lightgbm_tuned,LightGBM,none,보정 없음,none,none,equal_frequency_15,동일 빈도 15구간(주 지표),11,0.2054216206,0.2281501476,12022,0.2161998793,0.2313259025,0.0151260232,2781,2599.154949,-0.0151260232
weather_eval,classifier_calibration_20261008,1,lightgbm_tuned,LightGBM,none,보정 없음,none,none,equal_frequency_15,동일 빈도 15구간(주 지표),12,0.2281501476,0.2603348841,12022,0.2430021587,0.2534520047,0.0104498459,3047,2921.371952,-0.010449846
weather_eval,classifier_calibration_20261008,1,lightgbm_tuned,LightGBM,none,보정 없음,none,none,equal_frequency_15,동일 빈도 15구간(주 지표),13,0.2603348841,0.3174496151,12022,0.2854833548,0.3036932291,0.0182098743,3651,3432.080891,-0.0182098743
weather_eval,classifier_calibration_20261008,1,lightgbm_tuned,LightGBM,none,보정 없음,none,none,equal_frequency_15,동일 빈도 15구간(주 지표),14,0.3174496151,0.852842234,12023,0.4011532572,0.4314231057,0.0302698485,5187,4823.065611,-0.0302698485
weather_eval,classifier_calibration_20261008,1,lightgbm_tuned,LightGBM,none,보정 없음,none,none,equal_width_10,동일 폭 10구간(보조),0,0,0.1,33511,0.0797272918,0.0761242577,0.0036030341,2551,2671.741276,0.0036030341
weather_eval,classifier_calibration_20261008,1,lightgbm_tuned,LightGBM,none,보정 없음,none,none,equal_width_10,동일 폭 10구간(보조),1,0.1,0.2,95478,0.1458975735,0.1453528562,0.0005447173,13878,13930.00852,0.0005447173
weather_eval,classifier_calibration_20261008,1,lightgbm_tuned,LightGBM,none,보정 없음,none,none,equal_width_10,동일 폭 10구간(보조),2,0.2,0.3,36453,0.2394297557,0.2545469509,0.0151171951,9279,8727.932885,-0.0151171952
weather_eval,classifier_calibration_20261008,1,lightgbm_tuned,LightGBM,none,보정 없음,none,none,equal_width_10,동일 폭 10구간(보조),3,0.3,0.4,10332,0.3401109187,0.3572396438,0.0171287251,3691,3514.026012,-0.0171287251
weather_eval,classifier_calibration_20261008,1,lightgbm_tuned,LightGBM,none,보정 없음,none,none,equal_width_10,동일 폭 10구간(보조),4,0.4,0.5,3157,0.4417984808,0.4811529933,0.0393545126,1519,1394.757804,-0.0393545125
weather_eval,classifier_calibration_20261008,1,lightgbm_tuned,LightGBM,none,보정 없음,none,none,equal_width_10,동일 폭 10구간(보조),5,0.5,0.6,1036,0.5397105198,0.6071428571,0.0674323373,629,559.1400985,-0.0674323373
weather_eval,classifier_calibration_20261008,1,lightgbm_tuned,LightGBM,none,보정 없음,none,none,equal_width_10,동일 폭 10구간(보조),6,0.6,0.7,312,0.6414440667,0.6762820513,0.0348379846,211,200.1305488,-0.0348379846
weather_eval,classifier_calibration_20261008,1,lightgbm_tuned,LightGBM,none,보정 없음,none,none,equal_width_10,동일 폭 10구간(보조),7,0.7,0.8,48,0.7321979543,0.875,0.1428020457,42,35.14550181,-0.1428020457
weather_eval,classifier_calibration_20261008,1,lightgbm_tuned,LightGBM,none,보정 없음,none,none,equal_width_10,동일 폭 10구간(보조),8,0.8,0.9,5,0.8195781926,1,0.1804218074,5,4.097890963,-0.1804218074
weather_eval,classifier_calibration_20261008,1,lightgbm_tuned,LightGBM,none,보정 없음,none,none,equal_width_10,동일 폭 10구간(보조),9,0.9,1,0,,,,0,0,
weather_eval,classifier_calibration_20261008,1,lightgbm_tuned,LightGBM,platt_inner_holdout,Platt · 내부 검증 행 적합(선택 행 재사용),platt,inner_holdout,equal_frequency_15,동일 빈도 15구간(주 지표),0,0.0131981176,0.0698795018,12023,0.0588238315,0.0596356982,0.0008118667,717,707.2389261,-0.0008118667
weather_eval,classifier_calibration_20261008,1,lightgbm_tuned,LightGBM,platt_inner_holdout,Platt · 내부 검증 행 적합(선택 행 재사용),platt,inner_holdout,equal_frequency_15,동일 빈도 15구간(주 지표),1,0.0698795018,0.0842428711,12022,0.0769535302,0.0812676759,0.0043141457,977,925.1353401,-0.0043141457
weather_eval,classifier_calibration_20261008,1,lightgbm_tuned,LightGBM,platt_inner_holdout,Platt · 내부 검증 행 적합(선택 행 재사용),platt,inner_holdout,equal_frequency_15,동일 빈도 15구간(주 지표),2,0.0842428711,0.0980532832,12022,0.0913326251,0.0924970887,0.0011644635,1112,1098.000819,-0.0011644636
weather_eval,classifier_calibration_20261008,1,lightgbm_tuned,LightGBM,platt_inner_holdout,Platt · 내부 검증 행 적합(선택 행 재사용),platt,inner_holdout,equal_frequency_15,동일 빈도 15구간(주 지표),3,0.0980532832,0.1105025509,12022,0.1042759713,0.1031442356,0.0011317358,1240,1253.605727,0.0011317357
weather_eval,classifier_calibration_20261008,1,lightgbm_tuned,LightGBM,platt_inner_holdout,Platt · 내부 검증 행 적합(선택 행 재사용),platt,inner_holdout,equal_frequency_15,동일 빈도 15구간(주 지표),4,0.1105025509,0.1223271417,12022,0.1164224519,0.116037265,0.0003851869,1395,1399.630717,0.0003851869
weather_eval,classifier_calibration_20261008,1,lightgbm_tuned,LightGBM,platt_inner_holdout,Platt · 내부 검증 행 적합(선택 행 재사용),platt,inner_holdout,equal_frequency_15,동일 빈도 15구간(주 지표),5,0.1223271417,0.1337910713,12022,0.1280984474,0.1278489436,0.0002495038,1537,1539.999535,0.0002495038
weather_eval,classifier_calibration_20261008,1,lightgbm_tuned,LightGBM,platt_inner_holdout,Platt · 내부 검증 행 적합(선택 행 재사용),platt,inner_holdout,equal_frequency_15,동일 빈도 15구간(주 지표),6,0.1337910713,0.1456995062,12022,0.1396614928,0.1354183996,0.0042430932,1628,1679.010466,0.0042430932
weather_eval,classifier_calibration_20261008,1,lightgbm_tuned,LightGBM,platt_inner_holdout,Platt · 내부 검증 행 적합(선택 행 재사용),platt,inner_holdout,equal_frequency_15,동일 빈도 15구간(주 지표),7,0.1456995062,0.1592259654,12022,0.1523653264,0.1500582266,0.0023070999,1804,1831.735954,0.0023070998
weather_eval,classifier_calibration_20261008,1,lightgbm_tuned,LightGBM,platt_inner_holdout,Platt · 내부 검증 행 적합(선택 행 재사용),platt,inner_holdout,equal_frequency_15,동일 빈도 15구간(주 지표),8,0.1592259654,0.1744159119,12022,0.1666199047,0.1632007985,0.0034191062,1962,2003.104494,0.0034191062
weather_eval,classifier_calibration_20261008,1,lightgbm_tuned,LightGBM,platt_inner_holdout,Platt · 내부 검증 행 적합(선택 행 재사용),platt,inner_holdout,equal_frequency_15,동일 빈도 15구간(주 지표),9,0.1744159119,0.1918208569,12022,0.182940462,0.1884045916,0.0054641295,2265,2199.310234,-0.0054641296
weather_eval,classifier_calibration_20261008,1,lightgbm_tuned,LightGBM,platt_inner_holdout,Platt · 내부 검증 행 적합(선택 행 재사용),platt,inner_holdout,equal_frequency_15,동일 빈도 15구간(주 지표),10,0.1918208569,0.212265368,12022,0.2016100813,0.2091998004,0.0075897191,2515,2423.756397,-0.0075897191
weather_eval,classifier_calibration_20261008,1,lightgbm_tuned,LightGBM,platt_inner_holdout,Platt · 내부 검증 행 적합(선택 행 재사용),platt,inner_holdout,equal_frequency_15,동일 빈도 15구간(주 지표),11,0.212265368,0.2382256692,12022,0.2245493934,0.2303277325,0.0057783391,2769,2699.532807,-0.0057783391
weather_eval,classifier_calibration_20261008,1,lightgbm_tuned,LightGBM,platt_inner_holdout,Platt · 내부 검증 행 적합(선택 행 재사용),platt,inner_holdout,equal_frequency_15,동일 빈도 15구간(주 지표),12,0.2382256692,0.2752052568,12022,0.2553043811,0.252786558,0.0025178231,3039,3069.26927,0.0025178231
weather_eval,classifier_calibration_20261008,1,lightgbm_tuned,LightGBM,platt_inner_holdout,Platt · 내부 검증 행 적합(선택 행 재사용),platt,inner_holdout,equal_frequency_15,동일 빈도 15구간(주 지표),13,0.2752052568,0.3411761846,12022,0.304205053,0.3041923141,1.27389e-05,3657,3657.153147,1.27389e-05
weather_eval,classifier_calibration_20261008,1,lightgbm_tuned,LightGBM,platt_inner_holdout,Platt · 내부 검증 행 적합(선택 행 재사용),platt,inner_holdout,equal_frequency_15,동일 빈도 15구간(주 지표),14,0.3411761846,0.9040524095,12023,0.4359373113,0.4315062796,0.0044310317,5188,5241.274294,0.0044310317
weather_eval,classifier_calibration_20261008,1,lightgbm_tuned,LightGBM,platt_inner_holdout,Platt · 내부 검증 행 적합(선택 행 재사용),platt,inner_holdout,equal_width_10,동일 폭 10구간(보조),0,0,0.1,37943,0.0768551895,0.0791450333,0.0022898438,3003,2916.116455,-0.0022898438
weather_eval,classifier_calibration_20261008,1,lightgbm_tuned,LightGBM,platt_inner_holdout,Platt · 내부 검증 행 적합(선택 행 재사용),platt,inner_holdout,equal_width_10,동일 폭 10구간(보조),1,0.1,0.2,87478,0.1456282473,0.1449735934,0.0006546539,12682,12739.26782,0.0006546539
weather_eval,classifier_calibration_20261008,1,lightgbm_tuned,LightGBM,platt_inner_holdout,Platt · 내부 검증 행 적합(선택 행 재사용),platt,inner_holdout,equal_width_10,동일 폭 10구간(보조),2,0.2,0.3,36452,0.2407673088,0.244787666,0.0040203572,8923,8776.44994,-0.0040203572
weather_eval,classifier_calibration_20261008,1,lightgbm_tuned,LightGBM,platt_inner_holdout,Platt · 내부 검증 행 적합(선택 행 재사용),platt,inner_holdout,equal_width_10,동일 폭 10구간(보조),3,0.3,0.4,11849,0.3413142135,0.3340366276,0.0072775859,3958,4044.232116,0.0072775859
weather_eval,classifier_calibration_20261008,1,lightgbm_tuned,LightGBM,platt_inner_holdout,Platt · 내부 검증 행 적합(선택 행 재사용),platt,inner_holdout,equal_width_10,동일 폭 10구간(보조),4,0.4,0.5,4231,0.4416201004,0.4348853699,0.0067347305,1840,1868.494645,0.0067347305
weather_eval,classifier_calibration_20261008,1,lightgbm_tuned,LightGBM,platt_inner_holdout,Platt · 내부 검증 행 적합(선택 행 재사용),platt,inner_holdout,equal_width_10,동일 폭 10구간(보조),5,0.5,0.6,1629,0.5419794317,0.5445058318,0.0025264001,887,882.8844942,-0.0025264001
weather_eval,classifier_calibration_20261008,1,lightgbm_tuned,LightGBM,platt_inner_holdout,Platt · 내부 검증 행 적합(선택 행 재사용),platt,inner_holdout,equal_width_10,동일 폭 10구간(보조),6,0.6,0.7,561,0.6405125682,0.6666666667,0.0261540985,374,359.3275508,-0.0261540985
weather_eval,classifier_calibration_20261008,1,lightgbm_tuned,LightGBM,platt_inner_holdout,Platt · 내부 검증 행 적합(선택 행 재사용),platt,inner_holdout,equal_width_10,동일 폭 10구간(보조),7,0.7,0.8,167,0.7348728506,0.7005988024,0.0342740482,117,122.7237661,0.0342740482
weather_eval,classifier_calibration_20261008,1,lightgbm_tuned,LightGBM,platt_inner_holdout,Platt · 내부 검증 행 적합(선택 행 재사용),platt,inner_holdout,equal_width_10,동일 폭 10구간(보조),8,0.8,0.9,21,0.8265379282,0.9523809524,0.1258430242,20,17.35729649,-0.1258430242
weather_eval,classifier_calibration_20261008,1,lightgbm_tuned,LightGBM,platt_inner_holdout,Platt · 내부 검증 행 적합(선택 행 재사용),platt,inner_holdout,equal_width_10,동일 폭 10구간(보조),9,0.9,1,1,0.9040524095,1,0.0959475905,1,0.9040524095,-0.0959475905
weather_eval,classifier_calibration_20261008,1,lightgbm_tuned,LightGBM,isotonic_inner_holdout,Isotonic · 내부 검증 행 적합(선택 행 재사용),isotonic,inner_holdout,equal_frequency_15,동일 빈도 15구간(주 지표),0,1e-06,0.0726141079,11360,0.0536490141,0.0608274648,0.0071784507,691,609.4528002,-0.0071784507
weather_eval,classifier_calibration_20261008,1,lightgbm_tuned,LightGBM,isotonic_inner_holdout,Isotonic · 내부 검증 행 적합(선택 행 재사용),isotonic,inner_holdout,equal_frequency_15,동일 빈도 15구간(주 지표),1,0.0726141079,0.0876168224,12410,0.076956236,0.07727639,0.000320154,959,955.0268888,-0.000320154
weather_eval,classifier_calibration_20261008,1,lightgbm_tuned,LightGBM,isotonic_inner_holdout,Isotonic · 내부 검증 행 적합(선택 행 재사용),isotonic,inner_holdout,equal_frequency_15,동일 빈도 15구간(주 지표),2,0.0876168224,0.099112426,11786,0.0913508685,0.094179535,0.0028286666,1110,1076.661336,-0.0028286665
weather_eval,classifier_calibration_20261008,1,lightgbm_tuned,LightGBM,isotonic_inner_holdout,Isotonic · 내부 검증 행 적합(선택 행 재사용),isotonic,inner_holdout,equal_frequency_15,동일 빈도 15구간(주 지표),3,0.099112426,0.1108374384,12402,0.1067752855,0.1015965167,0.0051787688,1260,1324.227091,0.0051787688
weather_eval,classifier_calibration_20261008,1,lightgbm_tuned,LightGBM,isotonic_inner_holdout,Isotonic · 내부 검증 행 적합(선택 행 재사용),isotonic,inner_holdout,equal_frequency_15,동일 빈도 15구간(주 지표),4,0.1108374384,0.1212951432,12135,0.1162284209,0.1180881747,0.0018597538,1433,1410.431888,-0.0018597538
weather_eval,classifier_calibration_20261008,1,lightgbm_tuned,LightGBM,isotonic_inner_holdout,Isotonic · 내부 검증 행 적합(선택 행 재사용),isotonic,inner_holdout,equal_frequency_15,동일 빈도 15구간(주 지표),5,0.1212951432,0.1333333333,12037,0.1242607773,0.1266926975,0.0024319203,1525,1495.726976,-0.0024319202
weather_eval,classifier_calibration_20261008,1,lightgbm_tuned,LightGBM,isotonic_inner_holdout,Isotonic · 내부 검증 행 적합(선택 행 재사용),isotonic,inner_holdout,equal_frequency_15,동일 빈도 15구간(주 지표),6,0.1333333333,0.1434814275,10620,0.1383476829,0.1355932203,0.0027544625,1440,1469.252392,0.0027544626
weather_eval,classifier_calibration_20261008,1,lightgbm_tuned,LightGBM,isotonic_inner_holdout,Isotonic · 내부 검증 행 적합(선택 행 재사용),isotonic,inner_holdout,equal_frequency_15,동일 빈도 15구간(주 지표),7,0.1434814275,0.1563240171,12006,0.151104641,0.1493419957,0.0017626453,1793,1814.16232,0.0017626453
weather_eval,classifier_calibration_20261008,1,lightgbm_tuned,LightGBM,isotonic_inner_holdout,Isotonic · 내부 검증 행 적합(선택 행 재사용),isotonic,inner_holdout,equal_frequency_15,동일 빈도 15구간(주 지표),8,0.1563240171,0.1635687732,9272,0.1591735797,0.1630716135,0.0038980337,1512,1475.857431,-0.0038980338
weather_eval,classifier_calibration_20261008,1,lightgbm_tuned,LightGBM,isotonic_inner_holdout,Isotonic · 내부 검증 행 적합(선택 행 재사용),isotonic,inner_holdout,equal_frequency_15,동일 빈도 15구간(주 지표),9,0.1635687732,0.1855146125,15094,0.1702733712,0.1839141381,0.0136407669,2776,2570.106265,-0.0136407669
weather_eval,classifier_calibration_20261008,1,lightgbm_tuned,LightGBM,isotonic_inner_holdout,Isotonic · 내부 검증 행 적합(선택 행 재사용),isotonic,inner_holdout,equal_frequency_15,동일 빈도 15구간(주 지표),10,0.1855146125,0.2175925926,12886,0.2017504326,0.2011485333,0.0006018993,2592,2599.756074,0.0006018993
weather_eval,classifier_calibration_20261008,1,lightgbm_tuned,LightGBM,isotonic_inner_holdout,Isotonic · 내부 검증 행 적합(선택 행 재사용),isotonic,inner_holdout,equal_frequency_15,동일 빈도 15구간(주 지표),11,0.2175925926,0.2397660819,11534,0.2317965858,0.2327033119,0.0009067262,2684,2673.541821,-0.0009067261
weather_eval,classifier_calibration_20261008,1,lightgbm_tuned,LightGBM,isotonic_inner_holdout,Isotonic · 내부 검증 행 적합(선택 행 재사용),isotonic,inner_holdout,equal_frequency_15,동일 빈도 15구간(주 지표),12,0.2397660819,0.2725199544,12469,0.2574564748,0.2530275082,0.0044289666,3155,3210.224784,0.0044289666
weather_eval,classifier_calibration_20261008,1,lightgbm_tuned,LightGBM,isotonic_inner_holdout,Isotonic · 내부 검증 행 적합(선택 행 재사용),isotonic,inner_holdout,equal_frequency_15,동일 빈도 15구간(주 지표),13,0.2725199544,0.3410852713,12186,0.3065012885,0.3049400952,0.0015611933,3716,3735.024702,0.0015611933
weather_eval,classifier_calibration_20261008,1,lightgbm_tuned,LightGBM,isotonic_inner_holdout,Isotonic · 내부 검증 행 적합(선택 행 재사용),isotonic,inner_holdout,equal_frequency_15,동일 빈도 15구간(주 지표),14,0.3410852713,0.999999,12135,0.4365329939,0.4251339102,0.0113990837,5159,5297.327881,0.0113990837
weather_eval,classifier_calibration_20261008,1,lightgbm_tuned,LightGBM,isotonic_inner_holdout,Isotonic · 내부 검증 행 적합(선택 행 재사용),isotonic,inner_holdout,equal_width_10,동일 폭 10구간(보조),0,0,0.1,37224,0.0753938836,0.0784440146,0.0030501311,2920,2806.461923,-0.003050131
weather_eval,classifier_calibration_20261008,1,lightgbm_tuned,LightGBM,isotonic_inner_holdout,Isotonic · 내부 검증 행 적합(선택 행 재사용),isotonic,inner_holdout,equal_width_10,동일 폭 10구간(보조),1,0.1,0.2,87378,0.142354765,0.1442926137,0.0019378487,12608,12438.67466,-0.0019378487
weather_eval,classifier_calibration_20261008,1,lightgbm_tuned,LightGBM,isotonic_inner_holdout,Isotonic · 내부 검증 행 적합(선택 행 재사용),isotonic,inner_holdout,equal_width_10,동일 폭 10구간(보조),2,0.2,0.3,37582,0.2453392629,0.2439997871,0.0013394758,9170,9220.340178,0.0013394758
weather_eval,classifier_calibration_20261008,1,lightgbm_tuned,LightGBM,isotonic_inner_holdout,Isotonic · 내부 검증 행 적합(선택 행 재사용),isotonic,inner_holdout,equal_width_10,동일 폭 10구간(보조),3,0.3,0.4,12650,0.346628904,0.3396837945,0.0069451095,4297,4384.855636,0.0069451095
weather_eval,classifier_calibration_20261008,1,lightgbm_tuned,LightGBM,isotonic_inner_holdout,Isotonic · 내부 검증 행 적합(선택 행 재사용),isotonic,inner_holdout,equal_width_10,동일 폭 10구간(보조),4,0.4,0.5,2891,0.4578444283,0.4482877897,0.0095566386,1296,1323.628242,0.0095566386
weather_eval,classifier_calibration_20261008,1,lightgbm_tuned,LightGBM,isotonic_inner_holdout,Isotonic · 내부 검증 행 적합(선택 행 재사용),isotonic,inner_holdout,equal_width_10,동일 폭 10구간(보조),5,0.5,0.6,1477,0.5394470754,0.538253216,0.0011938594,795,796.7633304,0.0011938594
weather_eval,classifier_calibration_20261008,1,lightgbm_tuned,LightGBM,isotonic_inner_holdout,Isotonic · 내부 검증 행 적합(선택 행 재사용),isotonic,inner_holdout,equal_width_10,동일 폭 10구간(보조),6,0.6,0.7,941,0.640678844,0.6216790648,0.0189997791,585,602.8787922,0.0189997792
weather_eval,classifier_calibration_20261008,1,lightgbm_tuned,LightGBM,isotonic_inner_holdout,Isotonic · 내부 검증 행 적합(선택 행 재사용),isotonic,inner_holdout,equal_width_10,동일 폭 10구간(보조),7,0.7,0.8,170,0.7328106679,0.6823529412,0.0504577267,116,124.5778135,0.0504577267
weather_eval,classifier_calibration_20261008,1,lightgbm_tuned,LightGBM,isotonic_inner_holdout,Isotonic · 내부 검증 행 적합(선택 행 재사용),isotonic,inner_holdout,equal_width_10,동일 폭 10구간(보조),8,0.8,0.9,2,0.8392699057,1,0.1607300943,2,1.678539811,-0.1607300943
weather_eval,classifier_calibration_20261008,1,lightgbm_tuned,LightGBM,isotonic_inner_holdout,Isotonic · 내부 검증 행 적합(선택 행 재사용),isotonic,inner_holdout,equal_width_10,동일 폭 10구간(보조),9,0.9,1,17,0.9953844416,0.9411764706,0.054207971,16,16.92153551,0.054207971
weather_eval,classifier_calibration_20261008,1,lightgbm_tuned,LightGBM,platt_crossfit,Platt · 내부 학습 교차적합,platt,inner_train_crossfit,equal_frequency_15,동일 빈도 15구간(주 지표),0,0.013642994,0.0723192632,12023,0.0611727038,0.0593030026,0.0018697012,713,735.4794178,0.0018697012
weather_eval,classifier_calibration_20261008,1,lightgbm_tuned,LightGBM,platt_crossfit,Platt · 내부 학습 교차적합,platt,inner_train_crossfit,equal_frequency_15,동일 빈도 15구간(주 지표),1,0.0723192632,0.0869590348,12022,0.0794847623,0.0812676759,0.0017829137,977,955.5658124,-0.0017829136
weather_eval,classifier_calibration_20261008,1,lightgbm_tuned,LightGBM,platt_crossfit,Platt · 내부 학습 교차적합,platt,inner_train_crossfit,equal_frequency_15,동일 빈도 15구간(주 지표),2,0.0869590348,0.1006073698,12022,0.0939846202,0.0914157378,0.0025688823,1099,1129.883104,0.0025688824
weather_eval,classifier_calibration_20261008,1,lightgbm_tuned,LightGBM,platt_crossfit,Platt · 내부 학습 교차적합,platt,inner_train_crossfit,equal_frequency_15,동일 빈도 15구간(주 지표),3,0.1006073698,0.1130324427,12022,0.1068527562,0.1050573948,0.0017953614,1263,1284.583835,0.0017953614
weather_eval,classifier_calibration_20261008,1,lightgbm_tuned,LightGBM,platt_crossfit,Platt · 내부 학습 교차적합,platt,inner_train_crossfit,equal_frequency_15,동일 빈도 15구간(주 지표),4,0.1130324427,0.1249188077,12022,0.1189635045,0.1138745633,0.0050889412,1369,1430.179251,0.0050889412
weather_eval,classifier_calibration_20261008,1,lightgbm_tuned,LightGBM,platt_crossfit,Platt · 내부 학습 교차적합,platt,inner_train_crossfit,equal_frequency_15,동일 빈도 15구간(주 지표),5,0.1249188077,0.1362713083,12022,0.130571826,0.1292630178,0.0013088082,1554,1569.734492,0.0013088082
weather_eval,classifier_calibration_20261008,1,lightgbm_tuned,LightGBM,platt_crossfit,Platt · 내부 학습 교차적합,platt,inner_train_crossfit,equal_frequency_15,동일 빈도 15구간(주 지표),6,0.1362713083,0.1480563162,12022,0.1420642039,0.1359174846,0.0061467193,1634,1707.895859,0.0061467193
weather_eval,classifier_calibration_20261008,1,lightgbm_tuned,LightGBM,platt_crossfit,Platt · 내부 학습 교차적합,platt,inner_train_crossfit,equal_frequency_15,동일 빈도 15구간(주 지표),7,0.1480563162,0.1614196596,12022,0.1546338477,0.1489768757,0.005656972,1791,1859.008117,0.005656972
weather_eval,classifier_calibration_20261008,1,lightgbm_tuned,LightGBM,platt_crossfit,Platt · 내부 학습 교차적합,platt,inner_train_crossfit,equal_frequency_15,동일 빈도 15구간(주 지표),8,0.1614196596,0.1763951373,12022,0.1687277686,0.1642821494,0.0044456192,1975,2028.445234,0.0044456192
weather_eval,classifier_calibration_20261008,1,lightgbm_tuned,LightGBM,platt_crossfit,Platt · 내부 학습 교차적합,platt,inner_train_crossfit,equal_frequency_15,동일 빈도 15구간(주 지표),9,0.1763951373,0.1935508988,12022,0.1848273006,0.1880718682,0.0032445677,2261,2221.993808,-0.0032445676
weather_eval,classifier_calibration_20261008,1,lightgbm_tuned,LightGBM,platt_crossfit,Platt · 내부 학습 교차적합,platt,inner_train_crossfit,equal_frequency_15,동일 빈도 15구간(주 지표),10,0.1935508988,0.2136445615,12022,0.2031988801,0.2077025453,0.0045036653,2497,2442.856937,-0.0045036652
weather_eval,classifier_calibration_20261008,1,lightgbm_tuned,LightGBM,platt_crossfit,Platt · 내부 학습 교차적합,platt,inner_train_crossfit,equal_frequency_15,동일 빈도 15구간(주 지표),11,0.2136445615,0.239064789,12022,0.2257229274,0.2324072534,0.0066843259,2794,2713.641033,-0.006684326
weather_eval,classifier_calibration_20261008,1,lightgbm_tuned,LightGBM,platt_crossfit,Platt · 내부 학습 교차적합,platt,inner_train_crossfit,equal_frequency_15,동일 빈도 15구간(주 지표),12,0.239064789,0.2753350371,12022,0.2558197862,0.2525370155,0.0032827708,3036,3075.46547,0.0032827707
weather_eval,classifier_calibration_20261008,1,lightgbm_tuned,LightGBM,platt_crossfit,Platt · 내부 학습 교차적합,platt,inner_train_crossfit,equal_frequency_15,동일 빈도 15구간(주 지표),13,0.2753350371,0.3395233965,12022,0.3036445651,0.3041923141,0.000547749,3657,3650.414962,-0.000547749
weather_eval,classifier_calibration_20261008,1,lightgbm_tuned,LightGBM,platt_crossfit,Platt · 내부 학습 교차적합,platt,inner_train_crossfit,equal_frequency_15,동일 빈도 15구간(주 지표),14,0.3395233965,0.8865199286,12023,0.4323390916,0.4312567579,0.0010823338,5185,5198.012898,0.0010823337
weather_eval,classifier_calibration_20261008,1,lightgbm_tuned,LightGBM,platt_crossfit,Platt · 내부 학습 교차적합,platt,inner_train_crossfit,equal_width_10,동일 폭 10구간(보조),0,0,0.1,35486,0.0778515908,0.0773826298,0.0004689611,2746,2762.641551,0.000468961
weather_eval,classifier_calibration_20261008,1,lightgbm_tuned,LightGBM,platt_crossfit,Platt · 내부 학습 교차적합,platt,inner_train_crossfit,equal_width_10,동일 폭 10구간(보조),1,0.1,0.2,88887,0.145994998,0.1432267936,0.0027682044,12731,12977.05739,0.0027682044
weather_eval,classifier_calibration_20261008,1,lightgbm_tuned,LightGBM,platt_crossfit,Platt · 내부 학습 교차적합,platt,inner_train_crossfit,equal_width_10,동일 폭 10구간(보조),2,0.2,0.3,37580,0.2405720009,0.2437200639,0.0031480629,9159,9040.695794,-0.003148063
weather_eval,classifier_calibration_20261008,1,lightgbm_tuned,LightGBM,platt_crossfit,Platt · 내부 학습 교차적합,platt,inner_train_crossfit,equal_width_10,동일 폭 10구간(보조),3,0.3,0.4,11961,0.3410780448,0.3343365939,0.0067414509,3999,4079.634494,0.0067414509
weather_eval,classifier_calibration_20261008,1,lightgbm_tuned,LightGBM,platt_crossfit,Platt · 내부 학습 교차적합,platt,inner_train_crossfit,equal_width_10,동일 폭 10구간(보조),4,0.4,0.5,4165,0.4413420017,0.437454982,0.0038870197,1822,1838.189437,0.0038870197
weather_eval,classifier_calibration_20261008,1,lightgbm_tuned,LightGBM,platt_crossfit,Platt · 내부 학습 교차적합,platt,inner_train_crossfit,equal_width_10,동일 폭 10구간(보조),5,0.5,0.6,1579,0.5421280563,0.5617479417,0.0196198854,887,856.0202009,-0.0196198854
weather_eval,classifier_calibration_20261008,1,lightgbm_tuned,LightGBM,platt_crossfit,Platt · 내부 학습 교차적합,platt,inner_train_crossfit,equal_width_10,동일 폭 10구간(보조),6,0.6,0.7,513,0.6417065242,0.6647173489,0.0230108247,341,329.1954469,-0.0230108247
weather_eval,classifier_calibration_20261008,1,lightgbm_tuned,LightGBM,platt_crossfit,Platt · 내부 학습 교차적합,platt,inner_train_crossfit,equal_width_10,동일 폭 10구간(보조),7,0.7,0.8,146,0.7347545006,0.7191780822,0.0155764184,105,107.2741571,0.0155764184
weather_eval,classifier_calibration_20261008,1,lightgbm_tuned,LightGBM,platt_crossfit,Platt · 내부 학습 교차적합,platt,inner_train_crossfit,equal_width_10,동일 폭 10구간(보조),8,0.8,0.9,15,0.8301171259,1,0.1698828741,15,12.45175689,-0.1698828741
weather_eval,classifier_calibration_20261008,1,lightgbm_tuned,LightGBM,platt_crossfit,Platt · 내부 학습 교차적합,platt,inner_train_crossfit,equal_width_10,동일 폭 10구간(보조),9,0.9,1,0,,,,0,0,
weather_eval,classifier_calibration_20261008,1,lightgbm_tuned,LightGBM,isotonic_crossfit,Isotonic · 내부 학습 교차적합,isotonic,inner_train_crossfit,equal_frequency_15,동일 빈도 15구간(주 지표),0,0.011627907,0.0702087287,11041,0.0611055355,0.0593243366,0.0017811989,655,674.6662175,0.0017811989
weather_eval,classifier_calibration_20261008,1,lightgbm_tuned,LightGBM,isotonic_crossfit,Isotonic · 내부 학습 교차적합,isotonic,inner_train_crossfit,equal_frequency_15,동일 빈도 15구간(주 지표),1,0.0702087287,0.085062546,11601,0.0780043381,0.0797345056,0.0017301675,925,904.9283263,-0.0017301675
weather_eval,classifier_calibration_20261008,1,lightgbm_tuned,LightGBM,isotonic_crossfit,Isotonic · 내부 학습 교차적합,isotonic,inner_train_crossfit,equal_frequency_15,동일 빈도 15구간(주 지표),2,0.085062546,0.1016244805,12900,0.0936658877,0.0921705426,0.001495345,1189,1208.289951,0.0014953451
weather_eval,classifier_calibration_20261008,1,lightgbm_tuned,LightGBM,isotonic_crossfit,Isotonic · 내부 학습 교차적합,isotonic,inner_train_crossfit,equal_frequency_15,동일 빈도 15구간(주 지표),3,0.1016244805,0.1091989987,12408,0.1046875644,0.1007414571,0.0039461073,1250,1298.963299,0.0039461073
weather_eval,classifier_calibration_20261008,1,lightgbm_tuned,LightGBM,isotonic_crossfit,Isotonic · 내부 학습 교차적합,isotonic,inner_train_crossfit,equal_frequency_15,동일 빈도 15구간(주 지표),4,0.1091989987,0.1217391304,12141,0.1156468761,0.1142410016,0.0014058746,1387,1404.068723,0.0014058745
weather_eval,classifier_calibration_20261008,1,lightgbm_tuned,LightGBM,isotonic_crossfit,Isotonic · 내부 학습 교차적합,isotonic,inner_train_crossfit,equal_frequency_15,동일 빈도 15구간(주 지표),5,0.1217391304,0.1350681537,9272,0.1286099978,0.1327653149,0.0041553172,1231,1192.4719,-0.0041553171
weather_eval,classifier_calibration_20261008,1,lightgbm_tuned,LightGBM,isotonic_crossfit,Isotonic · 내부 학습 교차적합,isotonic,inner_train_crossfit,equal_frequency_15,동일 빈도 15구간(주 지표),6,0.1350681537,0.1444267234,14006,0.1379379543,0.1345851778,0.0033527765,1885,1931.958988,0.0033527765
weather_eval,classifier_calibration_20261008,1,lightgbm_tuned,LightGBM,isotonic_crossfit,Isotonic · 내부 학습 교차적합,isotonic,inner_train_crossfit,equal_frequency_15,동일 빈도 15구간(주 지표),7,0.1444267234,0.1615656268,12337,0.1524950808,0.1471184243,0.0053766565,1815,1881.331812,0.0053766565
weather_eval,classifier_calibration_20261008,1,lightgbm_tuned,LightGBM,isotonic_crossfit,Isotonic · 내부 학습 교차적합,isotonic,inner_train_crossfit,equal_frequency_15,동일 빈도 15구간(주 지표),8,0.1615656268,0.1698389458,12362,0.1652526052,0.1644555897,0.0007970155,2033,2042.852705,0.0007970155
weather_eval,classifier_calibration_20261008,1,lightgbm_tuned,LightGBM,isotonic_crossfit,Isotonic · 내부 학습 교차적합,isotonic,inner_train_crossfit,equal_frequency_15,동일 빈도 15구간(주 지표),9,0.1698389458,0.1980427932,11990,0.1828429948,0.1903252711,0.0074822762,2282,2192.287508,-0.0074822763
weather_eval,classifier_calibration_20261008,1,lightgbm_tuned,LightGBM,isotonic_crossfit,Isotonic · 내부 학습 교차적합,isotonic,inner_train_crossfit,equal_frequency_15,동일 빈도 15구간(주 지표),10,0.1980427932,0.2167677882,11905,0.2060537942,0.2028559429,0.0031978514,2415,2453.07042,0.0031978513
weather_eval,classifier_calibration_20261008,1,lightgbm_tuned,LightGBM,isotonic_crossfit,Isotonic · 내부 학습 교차적합,isotonic,inner_train_crossfit,equal_frequency_15,동일 빈도 15구간(주 지표),11,0.2167677882,0.2459287232,12078,0.2321779649,0.2285974499,0.003580515,2761,2804.24546,0.003580515
weather_eval,classifier_calibration_20261008,1,lightgbm_tuned,LightGBM,isotonic_crossfit,Isotonic · 내부 학습 교차적합,isotonic,inner_train_crossfit,equal_frequency_15,동일 빈도 15구간(주 지표),12,0.2459287232,0.2820512821,12203,0.2610038952,0.2561665164,0.0048373788,3126,3185.030533,0.0048373788
weather_eval,classifier_calibration_20261008,1,lightgbm_tuned,LightGBM,isotonic_crossfit,Isotonic · 내부 학습 교차적합,isotonic,inner_train_crossfit,equal_frequency_15,동일 빈도 15구간(주 지표),13,0.2820512821,0.3369755245,11816,0.3026218508,0.3061103588,0.003488508,3617,3575.779789,-0.003488508
weather_eval,classifier_calibration_20261008,1,lightgbm_tuned,LightGBM,isotonic_crossfit,Isotonic · 내부 학습 교차적합,isotonic,inner_train_crossfit,equal_frequency_15,동일 빈도 15구간(주 지표),14,0.3369755245,0.9047619048,12272,0.4283159927,0.4264993481,0.0018166446,5234,5256.293862,0.0018166446
weather_eval,classifier_calibration_20261008,1,lightgbm_tuned,LightGBM,isotonic_crossfit,Isotonic · 내부 학습 교차적합,isotonic,inner_train_crossfit,equal_width_10,동일 폭 10구간(보조),0,0,0.1,34951,0.0780624776,0.0779376842,0.0001247934,2724,2728.361655,0.0001247934
weather_eval,classifier_calibration_20261008,1,lightgbm_tuned,LightGBM,isotonic_crossfit,Isotonic · 내부 학습 교차적합,isotonic,inner_train_crossfit,equal_width_10,동일 폭 10구간(보조),1,0.1,0.2,87681,0.1427198431,0.1414901746,0.0012296685,12406,12513.81856,0.0012296685
weather_eval,classifier_calibration_20261008,1,lightgbm_tuned,LightGBM,isotonic_crossfit,Isotonic · 내부 학습 교차적합,isotonic,inner_train_crossfit,equal_width_10,동일 폭 10구간(보조),2,0.2,0.3,39420,0.2437294685,0.2417300863,0.0019993822,9529,9607.815648,0.0019993822
weather_eval,classifier_calibration_20261008,1,lightgbm_tuned,LightGBM,isotonic_crossfit,Isotonic · 내부 학습 교차적합,isotonic,inner_train_crossfit,equal_width_10,동일 폭 10구간(보조),3,0.3,0.4,12765,0.3406568097,0.340697219,4.04092e-05,4349,4348.484176,-4.04093e-05
weather_eval,classifier_calibration_20261008,1,lightgbm_tuned,LightGBM,isotonic_crossfit,Isotonic · 내부 학습 교차적합,isotonic,inner_train_crossfit,equal_width_10,동일 폭 10구간(보조),4,0.4,0.5,3217,0.4525077856,0.4445135219,0.0079942637,1430,1455.717546,0.0079942637
weather_eval,classifier_calibration_20261008,1,lightgbm_tuned,LightGBM,isotonic_crossfit,Isotonic · 내부 학습 교차적합,isotonic,inner_train_crossfit,equal_width_10,동일 폭 10구간(보조),5,0.5,0.6,1637,0.5440223485,0.559560171,0.0155378226,916,890.5645845,-0.0155378225
weather_eval,classifier_calibration_20261008,1,lightgbm_tuned,LightGBM,isotonic_crossfit,Isotonic · 내부 학습 교차적합,isotonic,inner_train_crossfit,equal_width_10,동일 폭 10구간(보조),6,0.6,0.7,397,0.656358474,0.6801007557,0.0237422817,270,260.5743142,-0.0237422817
weather_eval,classifier_calibration_20261008,1,lightgbm_tuned,LightGBM,isotonic_crossfit,Isotonic · 내부 학습 교차적합,isotonic,inner_train_crossfit,equal_width_10,동일 폭 10구간(보조),7,0.7,0.8,214,0.7435687459,0.6401869159,0.10338183,137,159.1237116,0.10338183
weather_eval,classifier_calibration_20261008,1,lightgbm_tuned,LightGBM,isotonic_crossfit,Isotonic · 내부 학습 교차적합,isotonic,inner_train_crossfit,equal_width_10,동일 폭 10구간(보조),8,0.8,0.9,38,0.8137409408,0.8947368421,0.0809959013,34,30.92215575,-0.0809959013
weather_eval,classifier_calibration_20261008,1,lightgbm_tuned,LightGBM,isotonic_crossfit,Isotonic · 내부 학습 교차적합,isotonic,inner_train_crossfit,equal_width_10,동일 폭 10구간(보조),9,0.9,1,12,0.9047619048,0.8333333333,0.0714285714,10,10.85714286,0.0714285715
weather_eval,classifier_calibration_20261008,7,logistic_regression,Logistic Regression,none,보정 없음,none,none,equal_frequency_15,동일 빈도 15구간(주 지표),0,0.0092604512,0.0634099031,12023,0.0498074014,0.0566414372,0.0068340358,681,598.834387,-0.0068340358
weather_eval,classifier_calibration_20261008,7,logistic_regression,Logistic Regression,none,보정 없음,none,none,equal_frequency_15,동일 빈도 15구간(주 지표),1,0.0634099031,0.0808341353,12022,0.0724485005,0.0752786558,0.0028301553,905,870.975873,-0.0028301553
weather_eval,classifier_calibration_20261008,7,logistic_regression,Logistic Regression,none,보정 없음,none,none,equal_frequency_15,동일 빈도 15구간(주 지표),2,0.0808341353,0.0957570938,12022,0.0884206435,0.0897521211,0.0013314776,1079,1062.992976,-0.0013314776
weather_eval,classifier_calibration_20261008,7,logistic_regression,Logistic Regression,none,보정 없음,none,none,equal_frequency_15,동일 빈도 15구간(주 지표),3,0.0957570938,0.1100046012,12022,0.1028814167,0.1029778739,9.64572e-05,1238,1236.840392,-9.64572e-05
weather_eval,classifier_calibration_20261008,7,logistic_regression,Logistic Regression,none,보정 없음,none,none,equal_frequency_15,동일 빈도 15구간(주 지표),4,0.1100046012,0.1241890627,12022,0.117155158,0.1144568291,0.0026983289,1376,1408.439309,0.0026983289
weather_eval,classifier_calibration_20261008,7,logistic_regression,Logistic Regression,none,보정 없음,none,none,equal_frequency_15,동일 빈도 15구간(주 지표),5,0.1241890627,0.1383467919,12022,0.131229649,0.1295957411,0.0016339078,1558,1577.64284,0.0016339079
weather_eval,classifier_calibration_20261008,7,logistic_regression,Logistic Regression,none,보정 없음,none,none,equal_frequency_15,동일 빈도 15구간(주 지표),6,0.1383467919,0.1527816056,12022,0.1455483687,0.1405756114,0.0049727573,1690,1749.782489,0.0049727573
weather_eval,classifier_calibration_20261008,7,logistic_regression,Logistic Regression,none,보정 없음,none,none,equal_frequency_15,동일 빈도 15구간(주 지표),7,0.1527816056,0.1679220877,12022,0.1603395944,0.1567958742,0.0035437202,1885,1927.602604,0.0035437202
weather_eval,classifier_calibration_20261008,7,logistic_regression,Logistic Regression,none,보정 없음,none,none,equal_frequency_15,동일 빈도 15구간(주 지표),8,0.1679220877,0.1839480775,12022,0.1758557798,0.1745965729,0.0012592068,2099,2114.138185,0.0012592069
weather_eval,classifier_calibration_20261008,7,logistic_regression,Logistic Regression,none,보정 없음,none,none,equal_frequency_15,동일 빈도 15구간(주 지표),9,0.1839480775,0.2017363204,12022,0.1927085989,0.1879055066,0.0048030923,2259,2316.742776,0.0048030923
weather_eval,classifier_calibration_20261008,7,logistic_regression,Logistic Regression,none,보정 없음,none,none,equal_frequency_15,동일 빈도 15구간(주 지표),10,0.2017363204,0.2218698423,12022,0.21150074,0.207369822,0.004130918,2493,2542.661896,0.004130918
weather_eval,classifier_calibration_20261008,7,logistic_regression,Logistic Regression,none,보정 없음,none,none,equal_frequency_15,동일 빈도 15구간(주 지표),11,0.2218698423,0.2460547858,12022,0.2335447702,0.2330727,0.0004720701,2802,2807.675227,0.0004720702
weather_eval,classifier_calibration_20261008,7,logistic_regression,Logistic Regression,none,보정 없음,none,none,equal_frequency_15,동일 빈도 15구간(주 지표),12,0.2460547858,0.2774449393,12022,0.2608773624,0.260356014,0.0005213484,3130,3136.267651,0.0005213484
weather_eval,classifier_calibration_20261008,7,logistic_regression,Logistic Regression,none,보정 없음,none,none,equal_frequency_15,동일 빈도 15구간(주 지표),13,0.2774449393,0.328553531,12022,0.3001123765,0.3081018133,0.0079894368,3704,3607.95099,-0.0079894368
weather_eval,classifier_calibration_20261008,7,logistic_regression,Logistic Regression,none,보정 없음,none,none,equal_frequency_15,동일 빈도 15구간(주 지표),14,0.328553531,0.9807181391,12023,0.4022567529,0.4080512351,0.0057944823,4906,4836.33294,-0.0057944822
weather_eval,classifier_calibration_20261008,7,logistic_regression,Logistic Regression,none,보정 없음,none,none,equal_width_10,동일 폭 10구간(보조),0,0,0.1,39638,0.0727158947,0.0761895151,0.0034736204,3020,2882.312634,-0.0034736204
weather_eval,classifier_calibration_20261008,7,logistic_regression,Logistic Regression,none,보정 없음,none,none,equal_width_10,동일 폭 10구간(보조),1,0.1,0.2,79519,0.1479892934,0.1453740615,0.0026152319,11560,11767.96062,0.0026152319
weather_eval,classifier_calibration_20261008,7,logistic_regression,Logistic Regression,none,보정 없음,none,none,equal_width_10,동일 폭 10구간(보조),2,0.2,0.3,43440,0.2421326095,0.2406998158,0.0014327936,10456,10518.24056,0.0014327937
weather_eval,classifier_calibration_20261008,7,logistic_regression,Logistic Regression,none,보정 없음,none,none,equal_width_10,동일 폭 10구간(보조),3,0.3,0.4,13203,0.338930794,0.3500719533,0.0111411594,4622,4474.903273,-0.0111411593
weather_eval,classifier_calibration_20261008,7,logistic_regression,Logistic Regression,none,보정 없음,none,none,equal_width_10,동일 폭 10구간(보조),4,0.4,0.5,3337,0.4381532524,0.4354210369,0.0027322155,1453,1462.117403,0.0027322155
weather_eval,classifier_calibration_20261008,7,logistic_regression,Logistic Regression,none,보정 없음,none,none,equal_width_10,동일 폭 10구간(보조),5,0.5,0.6,872,0.5388049745,0.5733944954,0.034589521,500,469.8379378,-0.0345895209
weather_eval,classifier_calibration_20261008,7,logistic_regression,Logistic Regression,none,보정 없음,none,none,equal_width_10,동일 폭 10구간(보조),6,0.6,0.7,234,0.6369677749,0.5811965812,0.0557711937,136,149.0504593,0.0557711937
weather_eval,classifier_calibration_20261008,7,logistic_regression,Logistic Regression,none,보정 없음,none,none,equal_width_10,동일 폭 10구간(보조),7,0.7,0.8,59,0.7425579789,0.6271186441,0.1154393348,37,43.81092076,0.1154393348
weather_eval,classifier_calibration_20261008,7,logistic_regression,Logistic Regression,none,보정 없음,none,none,equal_width_10,동일 폭 10구간(보조),8,0.8,0.9,17,0.8483131745,0.7647058824,0.0836072922,13,14.42132397,0.0836072921
weather_eval,classifier_calibration_20261008,7,logistic_regression,Logistic Regression,none,보정 없음,none,none,equal_width_10,동일 폭 10구간(보조),9,0.9,1,13,0.9404157039,0.6153846154,0.3250310885,8,12.22540415,0.3250310885
weather_eval,classifier_calibration_20261008,7,logistic_regression,Logistic Regression,platt_inner_holdout,Platt · 내부 검증 행 적합(선택 행 재사용),platt,inner_holdout,equal_frequency_15,동일 빈도 15구간(주 지표),0,0.0096776005,0.0631510748,12023,0.0495558621,0.0566414372,0.0070855751,681,595.81013,-0.0070855751
weather_eval,classifier_calibration_20261008,7,logistic_regression,Logistic Regression,platt_inner_holdout,Platt · 내부 검증 행 적합(선택 행 재사용),platt,inner_holdout,equal_frequency_15,동일 빈도 15구간(주 지표),1,0.0631510748,0.0805625504,12022,0.0721834784,0.0765263683,0.0043428899,920,867.7897773,-0.0043428899
weather_eval,classifier_calibration_20261008,7,logistic_regression,Logistic Regression,platt_inner_holdout,Platt · 내부 검증 행 적합(선택 행 재사용),platt,inner_holdout,equal_frequency_15,동일 빈도 15구간(주 지표),2,0.0805625504,0.095502661,12022,0.0881478698,0.0880053236,0.0001425462,1058,1059.713691,0.0001425462
weather_eval,classifier_calibration_20261008,7,logistic_regression,Logistic Regression,platt_inner_holdout,Platt · 내부 검증 행 적합(선택 행 재사용),platt,inner_holdout,equal_frequency_15,동일 빈도 15구간(주 지표),3,0.095502661,0.109789221,12022,0.1026678976,0.1026451506,2.27471e-05,1234,1234.273465,2.2747e-05
weather_eval,classifier_calibration_20261008,7,logistic_regression,Logistic Regression,platt_inner_holdout,Platt · 내부 검증 행 적합(선택 행 재사용),platt,inner_holdout,equal_frequency_15,동일 빈도 15구간(주 지표),4,0.109789221,0.1239889134,12022,0.1169562564,0.11553818,0.0014180764,1389,1406.048114,0.0014180764
weather_eval,classifier_calibration_20261008,7,logistic_regression,Logistic Regression,platt_inner_holdout,Platt · 내부 검증 행 적합(선택 행 재사용),platt,inner_holdout,equal_frequency_15,동일 빈도 15구간(주 지표),5,0.1239889134,0.138237819,12022,0.1310649472,0.1287639328,0.0023010144,1548,1575.662795,0.0023010144
weather_eval,classifier_calibration_20261008,7,logistic_regression,Logistic Regression,platt_inner_holdout,Platt · 내부 검증 행 적합(선택 행 재사용),platt,inner_holdout,equal_frequency_15,동일 빈도 15구간(주 지표),6,0.138237819,0.1526730288,12022,0.1454286333,0.1418233239,0.0036053094,1705,1748.34303,0.0036053094
weather_eval,classifier_calibration_20261008,7,logistic_regression,Logistic Regression,platt_inner_holdout,Platt · 내부 검증 행 적합(선택 행 재사용),platt,inner_holdout,equal_frequency_15,동일 빈도 15구간(주 지표),7,0.1526730288,0.1678697595,12022,0.1602682752,0.1565463317,0.0037219435,1882,1926.745204,0.0037219435
weather_eval,classifier_calibration_20261008,7,logistic_regression,Logistic Regression,platt_inner_holdout,Platt · 내부 검증 행 적합(선택 행 재사용),platt,inner_holdout,equal_frequency_15,동일 빈도 15구간(주 지표),8,0.1678697595,0.1839934926,12022,0.1758430608,0.1745965729,0.0012464878,2099,2113.985277,0.0012464879
weather_eval,classifier_calibration_20261008,7,logistic_regression,Logistic Regression,platt_inner_holdout,Platt · 내부 검증 행 적합(선택 행 재사용),platt,inner_holdout,equal_frequency_15,동일 빈도 15구간(주 지표),9,0.1839934926,0.2017902491,12022,0.1927502589,0.1872400599,0.005510199,2251,2317.243612,0.005510199
weather_eval,classifier_calibration_20261008,7,logistic_regression,Logistic Regression,platt_inner_holdout,Platt · 내부 검증 행 적합(선택 행 재사용),platt,inner_holdout,equal_frequency_15,동일 빈도 15구간(주 지표),10,0.2017902491,0.2220650488,12022,0.2116310784,0.207369822,0.0042612564,2493,2544.228825,0.0042612564
weather_eval,classifier_calibration_20261008,7,logistic_regression,Logistic Regression,platt_inner_holdout,Platt · 내부 검증 행 적합(선택 행 재사용),platt,inner_holdout,equal_frequency_15,동일 빈도 15구간(주 지표),11,0.2220650488,0.2462876623,12022,0.2337551126,0.2322408917,0.001514221,2792,2810.203964,0.0015142209
weather_eval,classifier_calibration_20261008,7,logistic_regression,Logistic Regression,platt_inner_holdout,Platt · 내부 검증 행 적합(선택 행 재사용),platt,inner_holdout,equal_frequency_15,동일 빈도 15구간(주 지표),12,0.2462876623,0.2777275504,12022,0.2612333916,0.2617700882,0.0005366966,3147,3140.547834,-0.0005366966
weather_eval,classifier_calibration_20261008,7,logistic_regression,Logistic Regression,platt_inner_holdout,Platt · 내부 검증 행 적합(선택 행 재사용),platt,inner_holdout,equal_frequency_15,동일 빈도 15구간(주 지표),13,0.2777275504,0.329182942,12022,0.3006217052,0.3059391116,0.0053174064,3678,3614.07414,-0.0053174064
weather_eval,classifier_calibration_20261008,7,logistic_regression,Logistic Regression,platt_inner_holdout,Platt · 내부 검증 행 적합(선택 행 재사용),platt,inner_holdout,equal_frequency_15,동일 빈도 15구간(주 지표),14,0.329182942,0.9822008292,12023,0.4032677812,0.4098810613,0.0066132801,4928,4848.488533,-0.0066132801
weather_eval,classifier_calibration_20261008,7,logistic_regression,Logistic Regression,platt_inner_holdout,Platt · 내부 검증 행 적합(선택 행 재사용),platt,inner_holdout,equal_width_10,동일 폭 10구간(보조),0,0,0.1,39809,0.0725734267,0.0763144013,0.0037409746,3038,2889.075544,-0.0037409746
weather_eval,classifier_calibration_20261008,7,logistic_regression,Logistic Regression,platt_inner_holdout,Platt · 내부 검증 행 적합(선택 행 재사용),platt,inner_holdout,equal_width_10,동일 폭 10구간(보조),1,0.1,0.2,79270,0.1479388721,0.1453765611,0.002562311,11524,11727.11439,0.002562311
weather_eval,classifier_calibration_20261008,7,logistic_regression,Logistic Regression,platt_inner_holdout,Platt · 내부 검증 행 적합(선택 행 재사용),platt,inner_holdout,equal_width_10,동일 폭 10구간(보조),2,0.2,0.3,43392,0.2421503533,0.2403668879,0.0017834654,10430,10507.38813,0.0017834654
weather_eval,classifier_calibration_20261008,7,logistic_regression,Logistic Regression,platt_inner_holdout,Platt · 내부 검증 행 적합(선택 행 재사용),platt,inner_holdout,equal_width_10,동일 폭 10구간(보조),3,0.3,0.4,13273,0.3389802342,0.3491298124,0.0101495782,4634,4499.284649,-0.0101495782
weather_eval,classifier_calibration_20261008,7,logistic_regression,Logistic Regression,platt_inner_holdout,Platt · 내부 검증 행 적합(선택 행 재사용),platt,inner_holdout,equal_width_10,동일 폭 10구간(보조),4,0.4,0.5,3375,0.4383217797,0.4376296296,0.0006921501,1477,1479.336006,0.0006921501
weather_eval,classifier_calibration_20261008,7,logistic_regression,Logistic Regression,platt_inner_holdout,Platt · 내부 검증 행 적합(선택 행 재사용),platt,inner_holdout,equal_width_10,동일 폭 10구간(보조),5,0.5,0.6,884,0.5397843248,0.5690045249,0.0292202001,503,477.1693431,-0.0292202001
weather_eval,classifier_calibration_20261008,7,logistic_regression,Logistic Regression,platt_inner_holdout,Platt · 내부 검증 행 적합(선택 행 재사용),platt,inner_holdout,equal_width_10,동일 폭 10구간(보조),6,0.6,0.7,234,0.6360485999,0.5982905983,0.0377580016,140,148.8353724,0.0377580016
weather_eval,classifier_calibration_20261008,7,logistic_regression,Logistic Regression,platt_inner_holdout,Platt · 내부 검증 행 적합(선택 행 재사용),platt,inner_holdout,equal_width_10,동일 폭 10구간(보조),7,0.7,0.8,62,0.7390390082,0.5806451613,0.1583938469,36,45.82041851,0.1583938469
weather_eval,classifier_calibration_20261008,7,logistic_regression,Logistic Regression,platt_inner_holdout,Platt · 내부 검증 행 적합(선택 행 재사용),platt,inner_holdout,equal_width_10,동일 폭 10구간(보조),8,0.8,0.9,20,0.8457451743,0.75,0.0957451743,15,16.91490349,0.0957451743
weather_eval,classifier_calibration_20261008,7,logistic_regression,Logistic Regression,platt_inner_holdout,Platt · 내부 검증 행 적합(선택 행 재사용),platt,inner_holdout,equal_width_10,동일 폭 10구간(보조),9,0.9,1,13,0.9399719519,0.6153846154,0.3245873365,8,12.21963537,0.3245873365
weather_eval,classifier_calibration_20261008,7,logistic_regression,Logistic Regression,isotonic_inner_holdout,Isotonic · 내부 검증 행 적합(선택 행 재사용),isotonic,inner_holdout,equal_frequency_15,동일 빈도 15구간(주 지표),0,1e-06,0.0702179177,11083,0.0561945377,0.0574754128,0.0012808751,637,622.8040613,-0.0012808751
weather_eval,classifier_calibration_20261008,7,logistic_regression,Logistic Regression,isotonic_inner_holdout,Isotonic · 내부 검증 행 적합(선택 행 재사용),isotonic,inner_holdout,equal_frequency_15,동일 빈도 15구간(주 지표),1,0.0702179177,0.0843520782,12863,0.0738376694,0.0748658944,0.0010282251,963,949.7739415,-0.001028225
weather_eval,classifier_calibration_20261008,7,logistic_regression,Logistic Regression,isotonic_inner_holdout,Isotonic · 내부 검증 행 적합(선택 행 재사용),isotonic,inner_holdout,equal_frequency_15,동일 빈도 15구간(주 지표),2,0.0843520782,0.0956521739,10950,0.0921793522,0.0905022831,0.0016770691,991,1009.363907,0.0016770691
weather_eval,classifier_calibration_20261008,7,logistic_regression,Logistic Regression,isotonic_inner_holdout,Isotonic · 내부 검증 행 적합(선택 행 재사용),isotonic,inner_holdout,equal_frequency_15,동일 빈도 15구간(주 지표),3,0.0956521739,0.1040339703,12840,0.0983276301,0.0989096573,0.0005820272,1270,1262.52677,-0.0005820272
weather_eval,classifier_calibration_20261008,7,logistic_regression,Logistic Regression,isotonic_inner_holdout,Isotonic · 내부 검증 행 적합(선택 행 재사용),isotonic,inner_holdout,equal_frequency_15,동일 빈도 15구간(주 지표),4,0.1040339703,0.1184857424,12264,0.1113209718,0.1148075669,0.003486595,1408,1365.240398,-0.0034865951
weather_eval,classifier_calibration_20261008,7,logistic_regression,Logistic Regression,isotonic_inner_holdout,Isotonic · 내부 검증 행 적합(선택 행 재사용),isotonic,inner_holdout,equal_frequency_15,동일 빈도 15구간(주 지표),5,0.1184857424,0.1348314607,9030,0.1272240961,0.1286821705,0.0014580744,1162,1148.833588,-0.0014580744
weather_eval,classifier_calibration_20261008,7,logistic_regression,Logistic Regression,isotonic_inner_holdout,Isotonic · 내부 검증 행 적합(선택 행 재사용),isotonic,inner_holdout,equal_frequency_15,동일 빈도 15구간(주 지표),6,0.1348314607,0.1493775934,14923,0.1381348827,0.13817597,4.10873e-05,2062,2061.386855,-4.10873e-05
weather_eval,classifier_calibration_20261008,7,logistic_regression,Logistic Regression,isotonic_inner_holdout,Isotonic · 내부 검증 행 적합(선택 행 재사용),isotonic,inner_holdout,equal_frequency_15,동일 빈도 15구간(주 지표),7,0.1493775934,0.1612175874,11492,0.1560734862,0.1549773756,0.0010961107,1781,1793.596503,0.0010961106
weather_eval,classifier_calibration_20261008,7,logistic_regression,Logistic Regression,isotonic_inner_holdout,Isotonic · 내부 검증 행 적합(선택 행 재사용),isotonic,inner_holdout,equal_frequency_15,동일 빈도 15구간(주 지표),8,0.1612175874,0.1748400853,11964,0.1677808041,0.1758609161,0.008080112,2104,2007.32954,-0.008080112
weather_eval,classifier_calibration_20261008,7,logistic_regression,Logistic Regression,isotonic_inner_holdout,Isotonic · 내부 검증 행 적합(선택 행 재사용),isotonic,inner_holdout,equal_frequency_15,동일 빈도 15구간(주 지표),9,0.1748400853,0.1977040816,12638,0.1845347855,0.1875296724,0.0029948869,2370,2332.150619,-0.0029948869
weather_eval,classifier_calibration_20261008,7,logistic_regression,Logistic Regression,isotonic_inner_holdout,Isotonic · 내부 검증 행 적합(선택 행 재사용),isotonic,inner_holdout,equal_frequency_15,동일 빈도 15구간(주 지표),10,0.1977040816,0.2256548019,11508,0.2074453985,0.2056830031,0.0017623953,2367,2387.281646,0.0017623954
weather_eval,classifier_calibration_20261008,7,logistic_regression,Logistic Regression,isotonic_inner_holdout,Isotonic · 내부 검증 행 적합(선택 행 재사용),isotonic,inner_holdout,equal_frequency_15,동일 빈도 15구간(주 지표),11,0.2256548019,0.2502187227,12529,0.2324258857,0.2308244872,0.0016013985,2892,2912.063922,0.0016013985
weather_eval,classifier_calibration_20261008,7,logistic_regression,Logistic Regression,isotonic_inner_holdout,Isotonic · 내부 검증 행 적합(선택 행 재사용),isotonic,inner_holdout,equal_frequency_15,동일 빈도 15구간(주 지표),12,0.2502187227,0.283446712,12199,0.2631716323,0.2619886876,0.0011829447,3196,3210.430742,0.0011829447
weather_eval,classifier_calibration_20261008,7,logistic_regression,Logistic Regression,isotonic_inner_holdout,Isotonic · 내부 검증 행 적합(선택 행 재사용),isotonic,inner_holdout,equal_frequency_15,동일 빈도 15구간(주 지표),13,0.283446712,0.3547486034,11992,0.3022504247,0.3086224149,0.0063719903,3701,3624.587093,-0.0063719902
weather_eval,classifier_calibration_20261008,7,logistic_regression,Logistic Regression,isotonic_inner_holdout,Isotonic · 내부 검증 행 적합(선택 행 재사용),isotonic,inner_holdout,equal_frequency_15,동일 빈도 15구간(주 지표),14,0.3547486034,0.999999,12057,0.4243130554,0.4064858588,0.0178271965,4901,5115.942509,0.0178271966
weather_eval,classifier_calibration_20261008,7,logistic_regression,Logistic Regression,isotonic_inner_holdout,Isotonic · 내부 검증 행 적합(선택 행 재사용),isotonic,inner_holdout,equal_width_10,동일 폭 10구간(보조),0,0,0.1,43399,0.0784819765,0.078434987,4.69895e-05,3404,3406.039298,4.69895e-05
weather_eval,classifier_calibration_20261008,7,logistic_regression,Logistic Regression,isotonic_inner_holdout,Isotonic · 내부 검증 행 적합(선택 행 재사용),isotonic,inner_holdout,equal_width_10,동일 폭 10구간(보조),1,0.1,0.2,79595,0.1473912006,0.1501978768,0.0028066761,11955,11731.60261,-0.0028066762
weather_eval,classifier_calibration_20261008,7,logistic_regression,Logistic Regression,isotonic_inner_holdout,Isotonic · 내부 검증 행 적합(선택 행 재사용),isotonic,inner_holdout,equal_width_10,동일 폭 10구간(보조),2,0.2,0.3,39069,0.2453938623,0.2442345594,0.0011593029,9542,9587.292806,0.0011593029
weather_eval,classifier_calibration_20261008,7,logistic_regression,Logistic Regression,isotonic_inner_holdout,Isotonic · 내부 검증 행 적합(선택 행 재사용),isotonic,inner_holdout,equal_width_10,동일 폭 10구간(보조),3,0.3,0.4,11969,0.3422249589,0.3414654524,0.0007595065,4087,4096.090533,0.0007595065
weather_eval,classifier_calibration_20261008,7,logistic_regression,Logistic Regression,isotonic_inner_holdout,Isotonic · 내부 검증 행 적합(선택 행 재사용),isotonic,inner_holdout,equal_width_10,동일 폭 10구간(보조),4,0.4,0.5,4574,0.4350959712,0.4097070398,0.0253889314,1874,1990.128972,0.0253889314
weather_eval,classifier_calibration_20261008,7,logistic_regression,Logistic Regression,isotonic_inner_holdout,Isotonic · 내부 검증 행 적합(선택 행 재사용),isotonic,inner_holdout,equal_width_10,동일 폭 10구간(보조),5,0.5,0.6,1273,0.5468828817,0.5318146112,0.0150682706,677,696.1819084,0.0150682705
weather_eval,classifier_calibration_20261008,7,logistic_regression,Logistic Regression,isotonic_inner_holdout,Isotonic · 내부 검증 행 적합(선택 행 재사용),isotonic,inner_holdout,equal_width_10,동일 폭 10구간(보조),6,0.6,0.7,419,0.6283384546,0.5823389021,0.0459995524,244,263.2738125,0.0459995525
weather_eval,classifier_calibration_20261008,7,logistic_regression,Logistic Regression,isotonic_inner_holdout,Isotonic · 내부 검증 행 적합(선택 행 재사용),isotonic,inner_holdout,equal_width_10,동일 폭 10구간(보조),7,0.7,0.8,4,0.7481681989,0.5,0.2481681989,2,2.992672796,0.2481681989
weather_eval,classifier_calibration_20261008,7,logistic_regression,Logistic Regression,isotonic_inner_holdout,Isotonic · 내부 검증 행 적합(선택 행 재사용),isotonic,inner_holdout,equal_width_10,동일 폭 10구간(보조),8,0.8,0.9,1,0.8913223772,1,0.1086776228,1,0.8913223772,-0.1086776228
weather_eval,classifier_calibration_20261008,7,logistic_regression,Logistic Regression,isotonic_inner_holdout,Isotonic · 내부 검증 행 적합(선택 행 재사용),isotonic,inner_holdout,equal_width_10,동일 폭 10구간(보조),9,0.9,1,29,0.9937294765,0.6551724138,0.3385570627,19,28.81815482,0.3385570627
weather_eval,classifier_calibration_20261008,7,logistic_regression,Logistic Regression,platt_crossfit,Platt · 내부 학습 교차적합,platt,inner_train_crossfit,equal_frequency_15,동일 빈도 15구간(주 지표),0,0.0097576409,0.0642259528,12023,0.0505369322,0.0566414372,0.006104505,681,607.6055358,-0.006104505
weather_eval,classifier_calibration_20261008,7,logistic_regression,Logistic Regression,platt_crossfit,Platt · 내부 학습 교차적합,platt,inner_train_crossfit,equal_frequency_15,동일 빈도 15구간(주 지표),1,0.0642259528,0.0815844296,12022,0.0732063907,0.0756113791,0.0024049884,909,880.087229,-0.0024049884
weather_eval,classifier_calibration_20261008,7,logistic_regression,Logistic Regression,platt_crossfit,Platt · 내부 학습 교차적합,platt,inner_train_crossfit,equal_frequency_15,동일 빈도 15구간(주 지표),2,0.0815844296,0.096486049,12022,0.0891492232,0.0895857594,0.0004365362,1077,1071.751961,-0.0004365362
weather_eval,classifier_calibration_20261008,7,logistic_regression,Logistic Regression,platt_crossfit,Platt · 내부 학습 교차적합,platt,inner_train_crossfit,equal_frequency_15,동일 빈도 15구간(주 지표),3,0.096486049,0.1106727685,12022,0.1035904707,0.1033937781,0.0001966926,1243,1245.364639,0.0001966926
weather_eval,classifier_calibration_20261008,7,logistic_regression,Logistic Regression,platt_crossfit,Platt · 내부 학습 교차적합,platt,inner_train_crossfit,equal_frequency_15,동일 빈도 15구간(주 지표),4,0.1106727685,0.1247979585,12022,0.1177982622,0.1131259358,0.0046723264,1360,1416.170708,0.0046723264
weather_eval,classifier_calibration_20261008,7,logistic_regression,Logistic Regression,platt_crossfit,Platt · 내부 학습 교차적합,platt,inner_train_crossfit,equal_frequency_15,동일 빈도 15구간(주 지표),5,0.1247979585,0.1388941849,12022,0.1317937951,0.1305107303,0.0012830648,1569,1584.425005,0.0012830648
weather_eval,classifier_calibration_20261008,7,logistic_regression,Logistic Regression,platt_crossfit,Platt · 내부 학습 교차적합,platt,inner_train_crossfit,equal_frequency_15,동일 빈도 15구간(주 지표),6,0.1388941849,0.1531899058,12022,0.1460110344,0.140242888,0.0057681464,1686,1755.344656,0.0057681464
weather_eval,classifier_calibration_20261008,7,logistic_regression,Logistic Regression,platt_crossfit,Platt · 내부 학습 교차적합,platt,inner_train_crossfit,equal_frequency_15,동일 빈도 15구간(주 지표),7,0.1531899058,0.1682227808,12022,0.1606894146,0.1570454167,0.0036439979,1888,1931.808142,0.0036439979
weather_eval,classifier_calibration_20261008,7,logistic_regression,Logistic Regression,platt_crossfit,Platt · 내부 학습 교차적합,platt,inner_train_crossfit,equal_frequency_15,동일 빈도 15구간(주 지표),8,0.1682227808,0.1841211315,12022,0.1760738845,0.1743470304,0.0017268541,2096,2116.760239,0.0017268541
weather_eval,classifier_calibration_20261008,7,logistic_regression,Logistic Regression,platt_crossfit,Platt · 내부 학습 교차적합,platt,inner_train_crossfit,equal_frequency_15,동일 빈도 15구간(주 지표),9,0.1841211315,0.2017096745,12022,0.1927743144,0.1879886874,0.0047856269,2260,2317.532808,0.004785627
weather_eval,classifier_calibration_20261008,7,logistic_regression,Logistic Regression,platt_crossfit,Platt · 내부 학습 교차적합,platt,inner_train_crossfit,equal_frequency_15,동일 빈도 15구간(주 지표),10,0.2017096745,0.2216521046,12022,0.2113803163,0.207369822,0.0040104943,2493,2541.214163,0.0040104943
weather_eval,classifier_calibration_20261008,7,logistic_regression,Logistic Regression,platt_crossfit,Platt · 내부 학습 교차적합,platt,inner_train_crossfit,equal_frequency_15,동일 빈도 15구간(주 지표),11,0.2216521046,0.2455845224,12022,0.2331906161,0.2333222426,0.0001316265,2805,2803.417587,-0.0001316265
weather_eval,classifier_calibration_20261008,7,logistic_regression,Logistic Regression,platt_crossfit,Platt · 내부 학습 교차적합,platt,inner_train_crossfit,equal_frequency_15,동일 빈도 15구간(주 지표),12,0.2455845224,0.2765136444,12022,0.2602081261,0.2606887373,0.0004806112,3134,3128.222092,-0.0004806112
weather_eval,classifier_calibration_20261008,7,logistic_regression,Logistic Regression,platt_crossfit,Platt · 내부 학습 교차적합,platt,inner_train_crossfit,equal_frequency_15,동일 빈도 15구간(주 지표),13,0.2765136444,0.3270614749,12022,0.2989768989,0.3070204625,0.0080435635,3691,3594.300279,-0.0080435636
weather_eval,classifier_calibration_20261008,7,logistic_regression,Logistic Regression,platt_crossfit,Platt · 내부 학습 교차적합,platt,inner_train_crossfit,equal_frequency_15,동일 빈도 15구간(주 지표),14,0.3270614749,0.9798757412,12023,0.3999454394,0.4086334525,0.0086880132,4913,4808.544018,-0.0086880131
weather_eval,classifier_calibration_20261008,7,logistic_regression,Logistic Regression,platt_crossfit,Platt · 내부 학습 교차적합,platt,inner_train_crossfit,equal_width_10,동일 폭 10구간(보조),0,0,0.1,39039,0.0730408015,0.0759753067,0.0029345052,2966,2851.43985,-0.0029345052
weather_eval,classifier_calibration_20261008,7,logistic_regression,Logistic Regression,platt_crossfit,Platt · 내부 학습 교차적합,platt,inner_train_crossfit,equal_width_10,동일 폭 10구간(보조),1,0.1,0.2,80114,0.148050343,0.1449559378,0.0030944052,11613,11860.90518,0.0030944052
weather_eval,classifier_calibration_20261008,7,logistic_regression,Logistic Regression,platt_crossfit,Platt · 내부 학습 교차적합,platt,inner_train_crossfit,equal_width_10,동일 폭 10구간(보조),2,0.2,0.3,43751,0.2420759106,0.2412973418,0.0007785688,10557,10591.06316,0.0007785688
weather_eval,classifier_calibration_20261008,7,logistic_regression,Logistic Regression,platt_crossfit,Platt · 내부 학습 교차적합,platt,inner_train_crossfit,equal_width_10,동일 폭 10구간(보조),3,0.3,0.4,13045,0.3388851834,0.350402453,0.0115172697,4571,4420.757217,-0.0115172696
weather_eval,classifier_calibration_20261008,7,logistic_regression,Logistic Regression,platt_crossfit,Platt · 내부 학습 교차적합,platt,inner_train_crossfit,equal_width_10,동일 폭 10구간(보조),4,0.4,0.5,3253,0.4383361703,0.4420534891,0.0037173188,1438,1425.907562,-0.0037173188
weather_eval,classifier_calibration_20261008,7,logistic_regression,Logistic Regression,platt_crossfit,Platt · 내부 학습 교차적합,platt,inner_train_crossfit,equal_width_10,동일 폭 10구간(보조),5,0.5,0.6,825,0.5395080589,0.5806060606,0.0410980017,479,445.0941486,-0.0410980017
weather_eval,classifier_calibration_20261008,7,logistic_regression,Logistic Regression,platt_crossfit,Platt · 내부 학습 교차적합,platt,inner_train_crossfit,equal_width_10,동일 폭 10구간(보조),6,0.6,0.7,218,0.6361466427,0.5733944954,0.0627521473,125,138.6799681,0.0627521473
weather_eval,classifier_calibration_20261008,7,logistic_regression,Logistic Regression,platt_crossfit,Platt · 내부 학습 교차적합,platt,inner_train_crossfit,equal_width_10,동일 폭 10구간(보조),7,0.7,0.8,58,0.7398466707,0.6206896552,0.1191570155,36,42.9111069,0.1191570155
weather_eval,classifier_calibration_20261008,7,logistic_regression,Logistic Regression,platt_crossfit,Platt · 내부 학습 교차적합,platt,inner_train_crossfit,equal_width_10,동일 폭 10구간(보조),8,0.8,0.9,17,0.8526347847,0.7058823529,0.1467524317,12,14.49479134,0.1467524318
weather_eval,classifier_calibration_20261008,7,logistic_regression,Logistic Regression,platt_crossfit,Platt · 내부 학습 교차적합,platt,inner_train_crossfit,equal_width_10,동일 폭 10구간(보조),9,0.9,1,12,0.9413394903,0.6666666667,0.2746728236,8,11.29607388,0.2746728236
weather_eval,classifier_calibration_20261008,7,logistic_regression,Logistic Regression,isotonic_crossfit,Isotonic · 내부 학습 교차적합,isotonic,inner_train_crossfit,equal_frequency_15,동일 빈도 15구간(주 지표),0,1e-06,0.0666156202,11206,0.0550966224,0.0579154025,0.0028187801,649,617.4127506,-0.0028187801
weather_eval,classifier_calibration_20261008,7,logistic_regression,Logistic Regression,isotonic_crossfit,Isotonic · 내부 학습 교차적합,isotonic,inner_train_crossfit,equal_frequency_15,동일 빈도 15구간(주 지표),1,0.0666156202,0.0841584158,12772,0.0759987629,0.0735202004,0.0024785624,939,970.6561998,0.0024785625
weather_eval,classifier_calibration_20261008,7,logistic_regression,Logistic Regression,isotonic_crossfit,Isotonic · 내부 학습 교차적합,isotonic,inner_train_crossfit,equal_frequency_15,동일 빈도 15구간(주 지표),2,0.0841584158,0.096708655,12038,0.0904063195,0.090712743,0.0003064235,1092,1088.311274,-0.0003064235
weather_eval,classifier_calibration_20261008,7,logistic_regression,Logistic Regression,isotonic_crossfit,Isotonic · 내부 학습 교차적합,isotonic,inner_train_crossfit,equal_frequency_15,동일 빈도 15구간(주 지표),3,0.096708655,0.1065268854,11361,0.1008425095,0.102719831,0.0018773215,1167,1145.67175,-0.0018773215
weather_eval,classifier_calibration_20261008,7,logistic_regression,Logistic Regression,isotonic_crossfit,Isotonic · 내부 학습 교차적합,isotonic,inner_train_crossfit,equal_frequency_15,동일 빈도 15구간(주 지표),4,0.1065268854,0.1162642948,12409,0.112917645,0.1124989927,0.0004186524,1396,1401.195057,0.0004186523
weather_eval,classifier_calibration_20261008,7,logistic_regression,Logistic Regression,isotonic_crossfit,Isotonic · 내부 학습 교차적합,isotonic,inner_train_crossfit,equal_frequency_15,동일 빈도 15구간(주 지표),5,0.1162642948,0.1352269219,11409,0.1279567707,0.1293715488,0.0014147781,1476,1459.858797,-0.0014147781
weather_eval,classifier_calibration_20261008,7,logistic_regression,Logistic Regression,isotonic_crossfit,Isotonic · 내부 학습 교차적합,isotonic,inner_train_crossfit,equal_frequency_15,동일 빈도 15구간(주 지표),6,0.1352269219,0.1482577252,12100,0.1439427145,0.1400826446,0.0038600699,1695,1741.706845,0.0038600699
weather_eval,classifier_calibration_20261008,7,logistic_regression,Logistic Regression,isotonic_crossfit,Isotonic · 내부 학습 교차적합,isotonic,inner_train_crossfit,equal_frequency_15,동일 빈도 15구간(주 지표),7,0.1482577252,0.1611650485,12026,0.154482065,0.1594877765,0.0050057115,1918,1857.801314,-0.0050057115
weather_eval,classifier_calibration_20261008,7,logistic_regression,Logistic Regression,isotonic_crossfit,Isotonic · 내부 학습 교차적합,isotonic,inner_train_crossfit,equal_frequency_15,동일 빈도 15구간(주 지표),8,0.1611650485,0.1821631879,12813,0.1682459576,0.1705299305,0.0022839729,2185,2155.735455,-0.0022839729
weather_eval,classifier_calibration_20261008,7,logistic_regression,Logistic Regression,isotonic_crossfit,Isotonic · 내부 학습 교차적합,isotonic,inner_train_crossfit,equal_frequency_15,동일 빈도 15구간(주 지표),9,0.1821631879,0.1977095938,11011,0.188502084,0.1901734629,0.0016713789,2094,2075.596447,-0.0016713789
weather_eval,classifier_calibration_20261008,7,logistic_regression,Logistic Regression,isotonic_crossfit,Isotonic · 내부 학습 교차적합,isotonic,inner_train_crossfit,equal_frequency_15,동일 빈도 15구간(주 지표),10,0.1977095938,0.2217832957,12877,0.2099351927,0.2039294867,0.006005706,2626,2703.335476,0.006005706
weather_eval,classifier_calibration_20261008,7,logistic_regression,Logistic Regression,isotonic_crossfit,Isotonic · 내부 학습 교차적합,isotonic,inner_train_crossfit,equal_frequency_15,동일 빈도 15구간(주 지표),11,0.2217832957,0.2449344458,11720,0.2314477191,0.2315699659,0.0001222467,2714,2712.567268,-0.0001222468
weather_eval,classifier_calibration_20261008,7,logistic_regression,Logistic Regression,isotonic_crossfit,Isotonic · 내부 학습 교차적합,isotonic,inner_train_crossfit,equal_frequency_15,동일 빈도 15구간(주 지표),12,0.2449344458,0.2832889481,12536,0.260426358,0.2578174856,0.0026088723,3232,3264.704824,0.0026088724
weather_eval,classifier_calibration_20261008,7,logistic_regression,Logistic Regression,isotonic_crossfit,Isotonic · 내부 학습 교차적합,isotonic,inner_train_crossfit,equal_frequency_15,동일 빈도 15구간(주 지표),13,0.2832889481,0.3441981747,12021,0.3073020442,0.3084601947,0.0011581504,3708,3694.077873,-0.0011581505
weather_eval,classifier_calibration_20261008,7,logistic_regression,Logistic Regression,isotonic_crossfit,Isotonic · 내부 학습 교차적합,isotonic,inner_train_crossfit,equal_frequency_15,동일 빈도 15구간(주 지표),14,0.3441981747,0.999999,12033,0.4081701012,0.4083769634,0.0002068621,4914,4911.510828,-0.0002068622
weather_eval,classifier_calibration_20261008,7,logistic_regression,Logistic Regression,isotonic_crossfit,Isotonic · 내부 학습 교차적합,isotonic,inner_train_crossfit,equal_width_10,동일 폭 10구간(보조),0,0,0.1,38868,0.0759961314,0.0762066481,0.0002105168,2962,2953.817635,-0.0002105167
weather_eval,classifier_calibration_20261008,7,logistic_regression,Logistic Regression,isotonic_crossfit,Isotonic · 내부 학습 교차적합,isotonic,inner_train_crossfit,equal_width_10,동일 폭 10구간(보조),1,0.1,0.2,81725,0.1449545835,0.1459406546,0.0009860712,11927,11846.41334,-0.0009860711
weather_eval,classifier_calibration_20261008,7,logistic_regression,Logistic Regression,isotonic_crossfit,Isotonic · 내부 학습 교차적합,isotonic,inner_train_crossfit,equal_width_10,동일 폭 10구간(보조),2,0.2,0.3,40380,0.2417301826,0.2389796929,0.0027504897,9650,9761.064773,0.0027504897
weather_eval,classifier_calibration_20261008,7,logistic_regression,Logistic Regression,isotonic_crossfit,Isotonic · 내부 학습 교차적합,isotonic,inner_train_crossfit,equal_width_10,동일 폭 10구간(보조),3,0.3,0.4,14742,0.3422709439,0.3450006783,0.0027297344,5086,5045.758255,-0.0027297344
weather_eval,classifier_calibration_20261008,7,logistic_regression,Logistic Regression,isotonic_crossfit,Isotonic · 내부 학습 교차적합,isotonic,inner_train_crossfit,equal_width_10,동일 폭 10구간(보조),4,0.4,0.5,3265,0.4359797864,0.4352220521,0.0007577343,1421,1423.474003,0.0007577343
weather_eval,classifier_calibration_20261008,7,logistic_regression,Logistic Regression,isotonic_crossfit,Isotonic · 내부 학습 교차적합,isotonic,inner_train_crossfit,equal_width_10,동일 폭 10구간(보조),5,0.5,0.6,1098,0.5532038533,0.5491803279,0.0040235254,603,607.4178309,0.0040235254
weather_eval,classifier_calibration_20261008,7,logistic_regression,Logistic Regression,isotonic_crossfit,Isotonic · 내부 학습 교차적합,isotonic,inner_train_crossfit,equal_width_10,동일 폭 10구간(보조),6,0.6,0.7,235,0.6235854391,0.6170212766,0.0065641625,145,146.5425782,0.0065641625
weather_eval,classifier_calibration_20261008,7,logistic_regression,Logistic Regression,isotonic_crossfit,Isotonic · 내부 학습 교차적합,isotonic,inner_train_crossfit,equal_width_10,동일 폭 10구간(보조),7,0.7,0.8,8,0.7410714286,0.5,0.2410714286,4,5.928571429,0.2410714286
weather_eval,classifier_calibration_20261008,7,logistic_regression,Logistic Regression,isotonic_crossfit,Isotonic · 내부 학습 교차적합,isotonic,inner_train_crossfit,equal_width_10,동일 폭 10구간(보조),8,0.8,0.9,9,0.8583535197,0.6666666667,0.191686853,6,7.725181677,0.191686853
weather_eval,classifier_calibration_20261008,7,logistic_regression,Logistic Regression,isotonic_crossfit,Isotonic · 내부 학습 교차적합,isotonic,inner_train_crossfit,equal_width_10,동일 폭 10구간(보조),9,0.9,1,2,0.999999,0.5,0.499999,1,1.999998,0.499999
weather_eval,classifier_calibration_20261008,7,random_forest_tuned,Random Forest,none,보정 없음,none,none,equal_frequency_15,동일 빈도 15구간(주 지표),0,0.0031791145,0.0604269565,12023,0.0443785026,0.0480745238,0.0036960212,578,533.5627368,-0.0036960212
weather_eval,classifier_calibration_20261008,7,random_forest_tuned,Random Forest,none,보정 없음,none,none,equal_frequency_15,동일 빈도 15구간(주 지표),1,0.0604269565,0.0795251188,12022,0.0705166769,0.0748627516,0.0043460747,900,847.7514897,-0.0043460747
weather_eval,classifier_calibration_20261008,7,random_forest_tuned,Random Forest,none,보정 없음,none,none,equal_frequency_15,동일 빈도 15구간(주 지표),2,0.0795251188,0.0950343457,12022,0.0873422127,0.0887539511,0.0014117384,1067,1050.028081,-0.0014117384
weather_eval,classifier_calibration_20261008,7,random_forest_tuned,Random Forest,none,보정 없음,none,none,equal_frequency_15,동일 빈도 15구간(주 지표),3,0.0950343457,0.1090278662,12022,0.1021002953,0.0989851938,0.0031151015,1190,1227.44975,0.0031151015
weather_eval,classifier_calibration_20261008,7,random_forest_tuned,Random Forest,none,보정 없음,none,none,equal_frequency_15,동일 빈도 15구간(주 지표),4,0.1090278662,0.1224226739,12022,0.1157269719,0.1116286808,0.0040982912,1342,1391.269656,0.0040982911
weather_eval,classifier_calibration_20261008,7,random_forest_tuned,Random Forest,none,보정 없음,none,none,equal_frequency_15,동일 빈도 15구간(주 지표),5,0.1224226739,0.1359820836,12022,0.1291797948,0.1237730827,0.0054067121,1488,1552.999493,0.0054067121
weather_eval,classifier_calibration_20261008,7,random_forest_tuned,Random Forest,none,보정 없음,none,none,equal_frequency_15,동일 빈도 15구간(주 지표),6,0.1359820836,0.1505111542,12022,0.1431271371,0.1359174846,0.0072096525,1634,1720.674442,0.0072096525
weather_eval,classifier_calibration_20261008,7,random_forest_tuned,Random Forest,none,보정 없음,none,none,equal_frequency_15,동일 빈도 15구간(주 지표),7,0.1505111542,0.1657863574,12022,0.158075235,0.1524704708,0.0056047642,1833,1900.380475,0.0056047642
weather_eval,classifier_calibration_20261008,7,random_forest_tuned,Random Forest,none,보정 없음,none,none,equal_frequency_15,동일 빈도 15구간(주 지표),8,0.1657863574,0.1822921311,12022,0.1739658948,0.1632839794,0.0106819154,1963,2091.417987,0.0106819154
weather_eval,classifier_calibration_20261008,7,random_forest_tuned,Random Forest,none,보정 없음,none,none,equal_frequency_15,동일 빈도 15구간(주 지표),9,0.1822921311,0.2008001133,12022,0.1913913346,0.1825819331,0.0088094015,2195,2300.906625,0.0088094015
weather_eval,classifier_calibration_20261008,7,random_forest_tuned,Random Forest,none,보정 없음,none,none,equal_frequency_15,동일 빈도 15구간(주 지표),10,0.2008001133,0.2223834162,12022,0.2111631096,0.2052903011,0.0058728085,2468,2538.602904,0.0058728085
weather_eval,classifier_calibration_20261008,7,random_forest_tuned,Random Forest,none,보정 없음,none,none,equal_frequency_15,동일 빈도 15구간(주 지표),11,0.2223834162,0.2492474557,12022,0.2352909414,0.2319913492,0.0032995922,2789,2828.667698,0.0032995922
weather_eval,classifier_calibration_20261008,7,random_forest_tuned,Random Forest,none,보정 없음,none,none,equal_frequency_15,동일 빈도 15구간(주 지표),12,0.2492474557,0.2855956544,12022,0.2663421588,0.2612710032,0.0050711557,3141,3201.965433,0.0050711556
weather_eval,classifier_calibration_20261008,7,random_forest_tuned,Random Forest,none,보정 없음,none,none,equal_frequency_15,동일 빈도 15구간(주 지표),13,0.2855956544,0.3444672797,12022,0.3120947902,0.3184162369,0.0063214467,3828,3752.003568,-0.0063214467
weather_eval,classifier_calibration_20261008,7,random_forest_tuned,Random Forest,none,보정 없음,none,none,equal_frequency_15,동일 빈도 15구간(주 지표),14,0.3444672797,0.7605145524,12023,0.4176222627,0.4482242369,0.0306019742,5389,5021.072464,-0.0306019742
weather_eval,classifier_calibration_20261008,7,random_forest_tuned,Random Forest,none,보정 없음,none,none,equal_width_10,동일 폭 10구간(보조),0,0,0.1,40239,0.0705299823,0.0730634459,0.0025334636,2940,2838.055958,-0.0025334636
weather_eval,classifier_calibration_20261008,7,random_forest_tuned,Random Forest,none,보정 없음,none,none,equal_width_10,동일 폭 10구간(보조),1,0.1,0.2,79507,0.1469453736,0.1404278869,0.0065174868,11165,11683.18582,0.0065174867
weather_eval,classifier_calibration_20261008,7,random_forest_tuned,Random Forest,none,보정 없음,none,none,equal_width_10,동일 폭 10구간(보조),2,0.2,0.3,40148,0.2421021796,0.2386918402,0.0034103395,9583,9719.918307,0.0034103394
weather_eval,classifier_calibration_20261008,7,random_forest_tuned,Random Forest,none,보정 없음,none,none,equal_width_10,동일 폭 10구간(보조),3,0.3,0.4,14441,0.3408238008,0.3511529672,0.0103291665,5071,4921.836507,-0.0103291664
weather_eval,classifier_calibration_20261008,7,random_forest_tuned,Random Forest,none,보정 없음,none,none,equal_width_10,동일 폭 10구간(보조),4,0.4,0.5,4605,0.4404015637,0.4692725299,0.0288709662,2161,2028.049201,-0.0288709662
weather_eval,classifier_calibration_20261008,7,random_forest_tuned,Random Forest,none,보정 없음,none,none,equal_width_10,동일 폭 10구간(보조),5,0.5,0.6,1188,0.5372696583,0.6186868687,0.0814172103,735,638.2763541,-0.0814172104
weather_eval,classifier_calibration_20261008,7,random_forest_tuned,Random Forest,none,보정 없음,none,none,equal_width_10,동일 폭 10구간(보조),6,0.6,0.7,199,0.6315622325,0.7336683417,0.1021061092,146,125.6808843,-0.1021061092
weather_eval,classifier_calibration_20261008,7,random_forest_tuned,Random Forest,none,보정 없음,none,none,equal_width_10,동일 폭 10구간(보조),7,0.7,0.8,5,0.7499539767,0.8,0.0500460233,4,3.749769883,-0.0500460233
weather_eval,classifier_calibration_20261008,7,random_forest_tuned,Random Forest,none,보정 없음,none,none,equal_width_10,동일 폭 10구간(보조),8,0.8,0.9,0,,,,0,0,
weather_eval,classifier_calibration_20261008,7,random_forest_tuned,Random Forest,none,보정 없음,none,none,equal_width_10,동일 폭 10구간(보조),9,0.9,1,0,,,,0,0,
weather_eval,classifier_calibration_20261008,7,random_forest_tuned,Random Forest,platt_inner_holdout,Platt · 내부 검증 행 적합(선택 행 재사용),platt,inner_holdout,equal_frequency_15,동일 빈도 15구간(주 지표),0,0.0023351726,0.0555891659,12023,0.0400511772,0.0479913499,0.0079401727,577,481.5353035,-0.0079401727
weather_eval,classifier_calibration_20261008,7,random_forest_tuned,Random Forest,platt_inner_holdout,Platt · 내부 검증 행 적합(선택 행 재사용),platt,inner_holdout,equal_frequency_15,동일 빈도 15구간(주 지표),1,0.0555891659,0.0744884206,12022,0.0655544471,0.076193645,0.0106391979,916,788.095563,-0.0106391979
weather_eval,classifier_calibration_20261008,7,random_forest_tuned,Random Forest,platt_inner_holdout,Platt · 내부 검증 행 적합(선택 행 재사용),platt,inner_holdout,equal_frequency_15,동일 빈도 15구간(주 지표),2,0.0744884206,0.0901178054,12022,0.0823984948,0.0885044086,0.0061059138,1064,990.5947045,-0.0061059138
weather_eval,classifier_calibration_20261008,7,random_forest_tuned,Random Forest,platt_inner_holdout,Platt · 내부 검증 행 적합(선택 행 재사용),platt,inner_holdout,equal_frequency_15,동일 빈도 15구간(주 지표),3,0.0901178054,0.1043293286,12022,0.0973513496,0.0965729496,0.0007784,1161,1170.357925,0.0007784
weather_eval,classifier_calibration_20261008,7,random_forest_tuned,Random Forest,platt_inner_holdout,Platt · 내부 검증 행 적합(선택 행 재사용),platt,inner_holdout,equal_frequency_15,동일 빈도 15구간(주 지표),4,0.1043293286,0.1180370731,12022,0.1112296274,0.1132091166,0.0019794892,1361,1337.202581,-0.0019794892
weather_eval,classifier_calibration_20261008,7,random_forest_tuned,Random Forest,platt_inner_holdout,Platt · 내부 검증 행 적합(선택 행 재사용),platt,inner_holdout,equal_frequency_15,동일 빈도 15구간(주 지표),5,0.1180370731,0.1320502355,12022,0.1250344566,0.1211944768,0.0038399798,1457,1503.164237,0.0038399798
weather_eval,classifier_calibration_20261008,7,random_forest_tuned,Random Forest,platt_inner_holdout,Platt · 내부 검증 행 적합(선택 행 재사용),platt,inner_holdout,equal_frequency_15,동일 빈도 15구간(주 지표),6,0.1320502355,0.1471343718,12022,0.1394699357,0.1368324738,0.0026374619,1645,1676.707567,0.0026374619
weather_eval,classifier_calibration_20261008,7,random_forest_tuned,Random Forest,platt_inner_holdout,Platt · 내부 검증 행 적합(선택 행 재사용),platt,inner_holdout,equal_frequency_15,동일 빈도 15구간(주 지표),7,0.1471343718,0.1630791616,12022,0.1549988984,0.15338546,0.0016134385,1844,1863.396757,0.0016134384
weather_eval,classifier_calibration_20261008,7,random_forest_tuned,Random Forest,platt_inner_holdout,Platt · 내부 검증 행 적합(선택 행 재사용),platt,inner_holdout,equal_frequency_15,동일 빈도 15구간(주 지표),8,0.1630791616,0.1804178416,12022,0.1716360611,0.1644485111,0.0071875501,1977,2063.408727,0.00718755
weather_eval,classifier_calibration_20261008,7,random_forest_tuned,Random Forest,platt_inner_holdout,Platt · 내부 검증 행 적합(선택 행 재사용),platt,inner_holdout,equal_frequency_15,동일 빈도 15구간(주 지표),9,0.1804178416,0.1999589691,12022,0.1899754441,0.1821660289,0.0078094151,2190,2283.884789,0.0078094152
weather_eval,classifier_calibration_20261008,7,random_forest_tuned,Random Forest,platt_inner_holdout,Platt · 내부 검증 행 적합(선택 행 재사용),platt,inner_holdout,equal_frequency_15,동일 빈도 15구간(주 지표),10,0.1999589691,0.2227148715,12022,0.2108628582,0.2053734819,0.0054893762,2469,2534.993281,0.0054893763
weather_eval,classifier_calibration_20261008,7,random_forest_tuned,Random Forest,platt_inner_holdout,Platt · 내부 검증 행 적합(선택 행 재사용),platt,inner_holdout,equal_frequency_15,동일 빈도 15구간(주 지표),11,0.2227148715,0.2513912359,12022,0.2364843372,0.2314090833,0.0050752538,2782,2843.014702,0.0050752539
weather_eval,classifier_calibration_20261008,7,random_forest_tuned,Random Forest,platt_inner_holdout,Platt · 내부 검증 행 적합(선택 행 재사용),platt,inner_holdout,equal_frequency_15,동일 빈도 15구간(주 지표),12,0.2513912359,0.2903017217,12022,0.2695874522,0.2619364498,0.0076510023,3149,3240.98035,0.0076510024
weather_eval,classifier_calibration_20261008,7,random_forest_tuned,Random Forest,platt_inner_holdout,Platt · 내부 검증 행 적합(선택 행 재사용),platt,inner_holdout,equal_frequency_15,동일 빈도 15구간(주 지표),13,0.2903017217,0.3531940245,12022,0.3184805193,0.3184994177,1.88984e-05,3829,3828.772803,-1.88984e-05
weather_eval,classifier_calibration_20261008,7,random_forest_tuned,Random Forest,platt_inner_holdout,Platt · 내부 검증 행 적합(선택 행 재사용),platt,inner_holdout,equal_frequency_15,동일 빈도 15구간(주 지표),14,0.3531940245,0.7647643509,12023,0.4318494363,0.4478083673,0.0159589309,5384,5192.125773,-0.015958931
weather_eval,classifier_calibration_20261008,7,random_forest_tuned,Random Forest,platt_inner_holdout,Platt · 내부 검증 행 적합(선택 행 재사용),platt,inner_holdout,equal_width_10,동일 폭 10구간(보조),0,0,0.1,44288,0.0686920503,0.0757089957,0.0070169453,3353,3042.233524,-0.0070169454
weather_eval,classifier_calibration_20261008,7,random_forest_tuned,Random Forest,platt_inner_holdout,Platt · 내부 검증 행 적합(선택 행 재사용),platt,inner_holdout,equal_width_10,동일 폭 10구간(보조),1,0.1,0.2,75967,0.1464177068,0.1427856833,0.0036320236,10847,11122.91393,0.0036320235
weather_eval,classifier_calibration_20261008,7,random_forest_tuned,Random Forest,platt_inner_holdout,Platt · 내부 검증 행 적합(선택 행 재사용),platt,inner_holdout,equal_width_10,동일 폭 10구간(보조),2,0.2,0.3,38412,0.2424887223,0.2377382068,0.0047505154,9132,9314.476801,0.0047505155
weather_eval,classifier_calibration_20261008,7,random_forest_tuned,Random Forest,platt_inner_holdout,Platt · 내부 검증 행 적합(선택 행 재사용),platt,inner_holdout,equal_width_10,동일 폭 10구간(보조),3,0.3,0.4,14644,0.3414426079,0.3426659383,0.0012233304,5018,5000.08555,-0.0012233304
weather_eval,classifier_calibration_20261008,7,random_forest_tuned,Random Forest,platt_inner_holdout,Platt · 내부 검증 행 적합(선택 행 재사용),platt,inner_holdout,equal_width_10,동일 폭 10구간(보조),4,0.4,0.5,5146,0.4414575678,0.4477263894,0.0062688217,2304,2271.740644,-0.0062688216
weather_eval,classifier_calibration_20261008,7,random_forest_tuned,Random Forest,platt_inner_holdout,Platt · 내부 검증 행 적합(선택 행 재사용),platt,inner_holdout,equal_width_10,동일 폭 10구간(보조),5,0.5,0.6,1526,0.5393688948,0.5851900393,0.0458211445,893,823.0769335,-0.0458211445
weather_eval,classifier_calibration_20261008,7,random_forest_tuned,Random Forest,platt_inner_holdout,Platt · 내부 검증 행 적합(선택 행 재사용),platt,inner_holdout,equal_width_10,동일 폭 10구간(보조),6,0.6,0.7,327,0.6354378585,0.7278287462,0.0923908876,238,207.7881797,-0.0923908877
weather_eval,classifier_calibration_20261008,7,random_forest_tuned,Random Forest,platt_inner_holdout,Platt · 내부 검증 행 적합(선택 행 재사용),platt,inner_holdout,equal_width_10,동일 폭 10구간(보조),7,0.7,0.8,22,0.7236135905,0.9090909091,0.1854773186,20,15.91949899,-0.1854773186
weather_eval,classifier_calibration_20261008,7,random_forest_tuned,Random Forest,platt_inner_holdout,Platt · 내부 검증 행 적합(선택 행 재사용),platt,inner_holdout,equal_width_10,동일 폭 10구간(보조),8,0.8,0.9,0,,,,0,0,
weather_eval,classifier_calibration_20261008,7,random_forest_tuned,Random Forest,platt_inner_holdout,Platt · 내부 검증 행 적합(선택 행 재사용),platt,inner_holdout,equal_width_10,동일 폭 10구간(보조),9,0.9,1,0,,,,0,0,
weather_eval,classifier_calibration_20261008,7,random_forest_tuned,Random Forest,isotonic_inner_holdout,Isotonic · 내부 검증 행 적합(선택 행 재사용),isotonic,inner_holdout,equal_frequency_15,동일 빈도 15구간(주 지표),0,1e-06,0.0637450199,11736,0.0475982727,0.0499318337,0.002333561,586,558.6133284,-0.002333561
weather_eval,classifier_calibration_20261008,7,random_forest_tuned,Random Forest,isotonic_inner_holdout,Isotonic · 내부 검증 행 적합(선택 행 재사용),isotonic,inner_holdout,equal_frequency_15,동일 빈도 15구간(주 지표),1,0.0637450199,0.0740393627,11045,0.0691644889,0.0724309642,0.0032664753,800,763.9217799,-0.0032664753
weather_eval,classifier_calibration_20261008,7,random_forest_tuned,Random Forest,isotonic_inner_holdout,Isotonic · 내부 검증 행 적합(선택 행 재사용),isotonic,inner_holdout,equal_frequency_15,동일 빈도 15구간(주 지표),2,0.0740393627,0.0916408669,12364,0.0825902846,0.0889679715,0.006377687,1100,1021.146279,-0.0063776869
weather_eval,classifier_calibration_20261008,7,random_forest_tuned,Random Forest,isotonic_inner_holdout,Isotonic · 내부 검증 행 적합(선택 행 재사용),isotonic,inner_holdout,equal_frequency_15,동일 빈도 15구간(주 지표),3,0.0916408669,0.1055988661,11579,0.0962032264,0.0973313758,0.0011281494,1127,1113.937158,-0.0011281494
weather_eval,classifier_calibration_20261008,7,random_forest_tuned,Random Forest,isotonic_inner_holdout,Isotonic · 내부 검증 행 적합(선택 행 재사용),isotonic,inner_holdout,equal_frequency_15,동일 빈도 15구간(주 지표),4,0.1055988661,0.1165775401,12640,0.1101984672,0.1087816456,0.0014168216,1375,1392.908625,0.0014168216
weather_eval,classifier_calibration_20261008,7,random_forest_tuned,Random Forest,isotonic_inner_holdout,Isotonic · 내부 검증 행 적합(선택 행 재사용),isotonic,inner_holdout,equal_frequency_15,동일 빈도 15구간(주 지표),5,0.1165775401,0.1281803543,9507,0.1221058983,0.1246449984,0.0025391001,1185,1160.860775,-0.0025391001
weather_eval,classifier_calibration_20261008,7,random_forest_tuned,Random Forest,isotonic_inner_holdout,Isotonic · 내부 검증 행 적합(선택 행 재사용),isotonic,inner_holdout,equal_frequency_15,동일 빈도 15구간(주 지표),6,0.1281803543,0.1435406699,15203,0.1340258341,0.1322765244,0.0017493098,2011,2037.594756,0.0017493097
weather_eval,classifier_calibration_20261008,7,random_forest_tuned,Random Forest,isotonic_inner_holdout,Isotonic · 내부 검증 행 적합(선택 행 재사용),isotonic,inner_holdout,equal_frequency_15,동일 빈도 15구간(주 지표),7,0.1435406699,0.1584653878,10066,0.1531584801,0.1495132128,0.0036452673,1505,1541.693261,0.0036452673
weather_eval,classifier_calibration_20261008,7,random_forest_tuned,Random Forest,isotonic_inner_holdout,Isotonic · 내부 검증 행 적합(선택 행 재사용),isotonic,inner_holdout,equal_frequency_15,동일 빈도 15구간(주 지표),8,0.1584653878,0.1712506487,13537,0.161786263,0.1660633818,0.0042771189,2248,2190.100642,-0.0042771188
weather_eval,classifier_calibration_20261008,7,random_forest_tuned,Random Forest,isotonic_inner_holdout,Isotonic · 내부 검증 행 적합(선택 행 재사용),isotonic,inner_holdout,equal_frequency_15,동일 빈도 15구간(주 지표),9,0.1712506487,0.1890625,12303,0.1787687287,0.1813378851,0.0025691564,2231,2199.391669,-0.0025691564
weather_eval,classifier_calibration_20261008,7,random_forest_tuned,Random Forest,isotonic_inner_holdout,Isotonic · 내부 검증 행 적합(선택 행 재사용),isotonic,inner_holdout,equal_frequency_15,동일 빈도 15구간(주 지표),10,0.1890625,0.2146282974,11901,0.2014431409,0.2051088144,0.0036656735,2441,2397.37482,-0.0036656735
weather_eval,classifier_calibration_20261008,7,random_forest_tuned,Random Forest,isotonic_inner_holdout,Isotonic · 내부 검증 행 적합(선택 행 재사용),isotonic,inner_holdout,equal_frequency_15,동일 빈도 15구간(주 지표),11,0.2146282974,0.247311828,11856,0.2319108884,0.2284919028,0.0034189856,2709,2749.535493,0.0034189856
weather_eval,classifier_calibration_20261008,7,random_forest_tuned,Random Forest,isotonic_inner_holdout,Isotonic · 내부 검증 행 적합(선택 행 재사용),isotonic,inner_holdout,equal_frequency_15,동일 빈도 15구간(주 지표),12,0.247311828,0.2783251232,12032,0.2607000402,0.2632147606,0.0025147204,3167,3136.742884,-0.0025147204
weather_eval,classifier_calibration_20261008,7,random_forest_tuned,Random Forest,isotonic_inner_holdout,Isotonic · 내부 검증 행 적합(선택 행 재사용),isotonic,inner_holdout,equal_frequency_15,동일 빈도 15구간(주 지표),13,0.2783251232,0.3614285714,12045,0.318628068,0.3101701951,0.0084578729,3736,3837.875079,0.0084578729
weather_eval,classifier_calibration_20261008,7,random_forest_tuned,Random Forest,isotonic_inner_holdout,Isotonic · 내부 검증 행 적합(선택 행 재사용),isotonic,inner_holdout,equal_frequency_15,동일 빈도 15구간(주 지표),14,0.3614285714,0.999999,12518,0.4542744844,0.4460776482,0.0081968363,5584,5686.607996,0.0081968362
weather_eval,classifier_calibration_20261008,7,random_forest_tuned,Random Forest,isotonic_inner_holdout,Isotonic · 내부 검증 행 적합(선택 행 재사용),isotonic,inner_holdout,equal_width_10,동일 폭 10구간(보조),0,0,0.1,45713,0.0733345077,0.0767177827,0.003383275,3507,3352.34035,-0.003383275
weather_eval,classifier_calibration_20261008,7,random_forest_tuned,Random Forest,isotonic_inner_holdout,Isotonic · 내부 검증 행 적합(선택 행 재사용),isotonic,inner_holdout,equal_width_10,동일 폭 10구간(보조),1,0.1,0.2,77915,0.1454491418,0.1461849451,0.0007358033,11390,11332.66988,-0.0007358033
weather_eval,classifier_calibration_20261008,7,random_forest_tuned,Random Forest,isotonic_inner_holdout,Isotonic · 내부 검증 행 적합(선택 행 재사용),isotonic,inner_holdout,equal_width_10,동일 폭 10구간(보조),2,0.2,0.3,35407,0.2401313222,0.2410540289,0.0009227066,8535,8502.329725,-0.0009227067
weather_eval,classifier_calibration_20261008,7,random_forest_tuned,Random Forest,isotonic_inner_holdout,Isotonic · 내부 검증 행 적합(선택 행 재사용),isotonic,inner_holdout,equal_width_10,동일 폭 10구간(보조),3,0.3,0.4,13519,0.347148352,0.3424069828,0.0047413692,4629,4693.098571,0.0047413692
weather_eval,classifier_calibration_20261008,7,random_forest_tuned,Random Forest,isotonic_inner_holdout,Isotonic · 내부 검증 행 적합(선택 행 재사용),isotonic,inner_holdout,equal_width_10,동일 폭 10구간(보조),4,0.4,0.5,5380,0.4494677206,0.4304832714,0.0189844492,2316,2418.136337,0.0189844492
weather_eval,classifier_calibration_20261008,7,random_forest_tuned,Random Forest,isotonic_inner_holdout,Isotonic · 내부 검증 행 적합(선택 행 재사용),isotonic,inner_holdout,equal_width_10,동일 폭 10구간(보조),5,0.5,0.6,1257,0.574105385,0.5441527446,0.0299526403,684,721.6504689,0.0299526404
weather_eval,classifier_calibration_20261008,7,random_forest_tuned,Random Forest,isotonic_inner_holdout,Isotonic · 내부 검증 행 적합(선택 행 재사용),isotonic,inner_holdout,equal_width_10,동일 폭 10구간(보조),6,0.6,0.7,899,0.6485306089,0.6295884316,0.0189421773,566,583.0290174,0.0189421773
weather_eval,classifier_calibration_20261008,7,random_forest_tuned,Random Forest,isotonic_inner_holdout,Isotonic · 내부 검증 행 적합(선택 행 재사용),isotonic,inner_holdout,equal_width_10,동일 폭 10구간(보조),7,0.7,0.8,220,0.7452215609,0.7181818182,0.0270397427,158,163.9487434,0.0270397427
weather_eval,classifier_calibration_20261008,7,random_forest_tuned,Random Forest,isotonic_inner_holdout,Isotonic · 내부 검증 행 적합(선택 행 재사용),isotonic,inner_holdout,equal_width_10,동일 폭 10구간(보조),8,0.8,0.9,8,0.8876824914,0.875,0.0126824914,7,7.101459931,0.0126824914
weather_eval,classifier_calibration_20261008,7,random_forest_tuned,Random Forest,isotonic_inner_holdout,Isotonic · 내부 검증 행 적합(선택 행 재사용),isotonic,inner_holdout,equal_width_10,동일 폭 10구간(보조),9,0.9,1,14,0.999999,0.9285714286,0.0714275714,13,13.999986,0.0714275714
weather_eval,classifier_calibration_20261008,7,random_forest_tuned,Random Forest,platt_crossfit,Platt · 내부 학습 교차적합,platt,inner_train_crossfit,equal_frequency_15,동일 빈도 15구간(주 지표),0,0.0025494917,0.0568394268,12023,0.0411504029,0.0481576977,0.0070072948,579,494.7512941,-0.0070072948
weather_eval,classifier_calibration_20261008,7,random_forest_tuned,Random Forest,platt_crossfit,Platt · 내부 학습 교차적합,platt,inner_train_crossfit,equal_frequency_15,동일 빈도 15구간(주 지표),1,0.0568394268,0.0757190188,12022,0.0667317014,0.0756113791,0.0088796777,909,802.2485142,-0.0088796777
weather_eval,classifier_calibration_20261008,7,random_forest_tuned,Random Forest,platt_crossfit,Platt · 내부 학습 교차적합,platt,inner_train_crossfit,equal_frequency_15,동일 빈도 15구간(주 지표),2,0.0757190188,0.0912079949,12022,0.083510681,0.0882548661,0.0047441851,1061,1003.965407,-0.0047441851
weather_eval,classifier_calibration_20261008,7,random_forest_tuned,Random Forest,platt_crossfit,Platt · 내부 학습 교차적합,platt,inner_train_crossfit,equal_frequency_15,동일 빈도 15구간(주 지표),3,0.0912079949,0.1053238689,12022,0.0983601795,0.097903843,0.0004563366,1177,1182.486078,0.0004563365
weather_eval,classifier_calibration_20261008,7,random_forest_tuned,Random Forest,platt_crossfit,Platt · 내부 학습 교차적합,platt,inner_train_crossfit,equal_frequency_15,동일 빈도 15구간(주 지표),4,0.1053238689,0.1189372276,12022,0.1121478088,0.1130427549,0.0008949462,1359,1348.240957,-0.0008949461
weather_eval,classifier_calibration_20261008,7,random_forest_tuned,Random Forest,platt_crossfit,Platt · 내부 학습 교차적합,platt,inner_train_crossfit,equal_frequency_15,동일 빈도 15구간(주 지표),5,0.1189372276,0.1327782263,12022,0.1258376343,0.1223590085,0.0034786258,1471,1512.82004,0.0034786258
weather_eval,classifier_calibration_20261008,7,random_forest_tuned,Random Forest,platt_crossfit,Platt · 내부 학습 교차적합,platt,inner_train_crossfit,equal_frequency_15,동일 빈도 15구간(주 지표),6,0.1327782263,0.1476744884,12022,0.1401047048,0.1355847613,0.0045199435,1630,1684.338761,0.0045199435
weather_eval,classifier_calibration_20261008,7,random_forest_tuned,Random Forest,platt_crossfit,Platt · 내부 학습 교차적합,platt,inner_train_crossfit,equal_frequency_15,동일 빈도 15구간(주 지표),7,0.1476744884,0.1634158315,12022,0.1554589567,0.1533022792,0.0021566776,1843,1868.927577,0.0021566775
weather_eval,classifier_calibration_20261008,7,random_forest_tuned,Random Forest,platt_crossfit,Platt · 내부 학습 교차적합,platt,inner_train_crossfit,equal_frequency_15,동일 빈도 15구간(주 지표),8,0.1634158315,0.1804920219,12022,0.1718607532,0.1638662452,0.007994508,1970,2066.109975,0.007994508
weather_eval,classifier_calibration_20261008,7,random_forest_tuned,Random Forest,platt_crossfit,Platt · 내부 학습 교차적합,platt,inner_train_crossfit,equal_frequency_15,동일 빈도 15구간(주 지표),9,0.1804920219,0.199677018,12022,0.1899099844,0.1823323906,0.0075775937,2192,2283.097832,0.0075775938
weather_eval,classifier_calibration_20261008,7,random_forest_tuned,Random Forest,platt_crossfit,Platt · 내부 학습 교차적합,platt,inner_train_crossfit,equal_frequency_15,동일 빈도 15구간(주 지표),10,0.199677018,0.2221400822,12022,0.2104689526,0.2044584928,0.0060104599,2458,2530.257748,0.0060104598
weather_eval,classifier_calibration_20261008,7,random_forest_tuned,Random Forest,platt_crossfit,Platt · 내부 학습 교차적합,platt,inner_train_crossfit,equal_frequency_15,동일 빈도 15구간(주 지표),11,0.2221400822,0.2502362073,12022,0.2356356644,0.2329895192,0.0026461451,2801,2832.811957,0.0026461452
weather_eval,classifier_calibration_20261008,7,random_forest_tuned,Random Forest,platt_crossfit,Platt · 내부 학습 교차적합,platt,inner_train_crossfit,equal_frequency_15,동일 빈도 15구간(주 지표),12,0.2502362073,0.2883548682,12022,0.2681310407,0.2606055565,0.0075254842,3133,3223.471371,0.0075254842
weather_eval,classifier_calibration_20261008,7,random_forest_tuned,Random Forest,platt_crossfit,Platt · 내부 학습 교차적합,platt,inner_train_crossfit,equal_frequency_15,동일 빈도 15구간(주 지표),13,0.2883548682,0.3501163586,12022,0.316120176,0.3185825986,0.0024624226,3830,3800.396756,-0.0024624226
weather_eval,classifier_calibration_20261008,7,random_forest_tuned,Random Forest,platt_crossfit,Platt · 내부 학습 교차적합,platt,inner_train_crossfit,equal_frequency_15,동일 빈도 15구간(주 지표),14,0.3501163586,0.7717588183,12023,0.4269806981,0.4484737586,0.0214930605,5392,5133.588933,-0.0214930605
weather_eval,classifier_calibration_20261008,7,random_forest_tuned,Random Forest,platt_crossfit,Platt · 내부 학습 교차적합,platt,inner_train_crossfit,equal_width_10,동일 폭 10구간(보조),0,0,0.1,43432,0.0691967671,0.0748526432,0.0056558761,3251,3005.353989,-0.0056558761
weather_eval,classifier_calibration_20261008,7,random_forest_tuned,Random Forest,platt_crossfit,Platt · 내부 학습 교차적합,platt,inner_train_crossfit,equal_width_10,동일 폭 10구간(보조),1,0.1,0.2,76984,0.1465317762,0.1426660085,0.0038657676,10983,11280.60226,0.0038657677
weather_eval,classifier_calibration_20261008,7,random_forest_tuned,Random Forest,platt_crossfit,Platt · 내부 학습 교차적합,platt,inner_train_crossfit,equal_width_10,동일 폭 10구간(보조),2,0.2,0.3,38725,0.2424003516,0.2381665591,0.0042337926,9223,9386.953616,0.0042337925
weather_eval,classifier_calibration_20261008,7,random_forest_tuned,Random Forest,platt_crossfit,Platt · 내부 학습 교차적합,platt,inner_train_crossfit,equal_width_10,동일 폭 10구간(보조),3,0.3,0.4,14539,0.3414087184,0.3455533393,0.0041446209,5024,4963.741357,-0.0041446209
weather_eval,classifier_calibration_20261008,7,random_forest_tuned,Random Forest,platt_crossfit,Platt · 내부 학습 교차적합,platt,inner_train_crossfit,equal_width_10,동일 폭 10구간(보조),4,0.4,0.5,4925,0.4410259661,0.4560406091,0.0150146431,2246,2172.052883,-0.015014643
weather_eval,classifier_calibration_20261008,7,random_forest_tuned,Random Forest,platt_crossfit,Platt · 내부 학습 교차적합,platt,inner_train_crossfit,equal_width_10,동일 폭 10구간(보조),5,0.5,0.6,1431,0.5380296968,0.5995807128,0.061551016,858,769.9204961,-0.061551016
weather_eval,classifier_calibration_20261008,7,random_forest_tuned,Random Forest,platt_crossfit,Platt · 내부 학습 교차적합,platt,inner_train_crossfit,equal_width_10,동일 폭 10구간(보조),6,0.6,0.7,282,0.6337150751,0.7340425532,0.1003274781,207,178.7076512,-0.1003274781
weather_eval,classifier_calibration_20261008,7,random_forest_tuned,Random Forest,platt_crossfit,Platt · 내부 학습 교차적합,platt,inner_train_crossfit,equal_width_10,동일 폭 10구간(보조),7,0.7,0.8,14,0.7272108659,0.9285714286,0.2013605627,13,10.18095212,-0.2013605627
weather_eval,classifier_calibration_20261008,7,random_forest_tuned,Random Forest,platt_crossfit,Platt · 내부 학습 교차적합,platt,inner_train_crossfit,equal_width_10,동일 폭 10구간(보조),8,0.8,0.9,0,,,,0,0,
weather_eval,classifier_calibration_20261008,7,random_forest_tuned,Random Forest,platt_crossfit,Platt · 내부 학습 교차적합,platt,inner_train_crossfit,equal_width_10,동일 폭 10구간(보조),9,0.9,1,0,,,,0,0,
weather_eval,classifier_calibration_20261008,7,random_forest_tuned,Random Forest,isotonic_crossfit,Isotonic · 내부 학습 교차적합,isotonic,inner_train_crossfit,equal_frequency_15,동일 빈도 15구간(주 지표),0,1e-06,0.0649056604,11118,0.0471222085,0.0480302213,0.0009080128,534,523.9047141,-0.0009080128
weather_eval,classifier_calibration_20261008,7,random_forest_tuned,Random Forest,isotonic_crossfit,Isotonic · 내부 학습 교차적합,isotonic,inner_train_crossfit,equal_frequency_15,동일 빈도 15구간(주 지표),1,0.0649056604,0.084197925,12206,0.0722243772,0.0706210061,0.0016033711,862,881.5707481,0.0016033711
weather_eval,classifier_calibration_20261008,7,random_forest_tuned,Random Forest,isotonic_crossfit,Isotonic · 내부 학습 교차적합,isotonic,inner_train_crossfit,equal_frequency_15,동일 빈도 15구간(주 지표),2,0.084197925,0.0888618381,12370,0.086333236,0.0924818108,0.0061485748,1144,1067.942129,-0.0061485748
weather_eval,classifier_calibration_20261008,7,random_forest_tuned,Random Forest,isotonic_crossfit,Isotonic · 내부 학습 교차적합,isotonic,inner_train_crossfit,equal_frequency_15,동일 빈도 15구간(주 지표),3,0.0888618381,0.1081979321,11715,0.097658446,0.0956039266,0.0020545194,1120,1144.068695,0.0020545194
weather_eval,classifier_calibration_20261008,7,random_forest_tuned,Random Forest,isotonic_crossfit,Isotonic · 내부 학습 교차적합,isotonic,inner_train_crossfit,equal_frequency_15,동일 빈도 15구간(주 지표),4,0.1081979321,0.1192849777,9267,0.1125075645,0.109636344,0.0028712204,1016,1042.6076,0.0028712205
weather_eval,classifier_calibration_20261008,7,random_forest_tuned,Random Forest,isotonic_crossfit,Isotonic · 내부 학습 교차적합,isotonic,inner_train_crossfit,equal_frequency_15,동일 빈도 15구간(주 지표),5,0.1192849777,0.1313877915,14730,0.1223671663,0.1203665988,0.0020005675,1773,1802.46836,0.0020005675
weather_eval,classifier_calibration_20261008,7,random_forest_tuned,Random Forest,isotonic_crossfit,Isotonic · 내부 학습 교차적합,isotonic,inner_train_crossfit,equal_frequency_15,동일 빈도 15구간(주 지표),6,0.1313877915,0.1440389294,12559,0.1347752606,0.1375109483,0.0027356877,1727,1692.642498,-0.0027356877
weather_eval,classifier_calibration_20261008,7,random_forest_tuned,Random Forest,isotonic_crossfit,Isotonic · 내부 학습 교차적합,isotonic,inner_train_crossfit,equal_frequency_15,동일 빈도 15구간(주 지표),7,0.1440389294,0.1560809457,11726,0.1521084777,0.1477059526,0.0044025251,1732,1783.62401,0.0044025251
weather_eval,classifier_calibration_20261008,7,random_forest_tuned,Random Forest,isotonic_crossfit,Isotonic · 내부 학습 교차적합,isotonic,inner_train_crossfit,equal_frequency_15,동일 빈도 15구간(주 지표),8,0.1560809457,0.1768076398,12379,0.1646446515,0.1678649325,0.0032202811,2078,2038.136141,-0.003220281
weather_eval,classifier_calibration_20261008,7,random_forest_tuned,Random Forest,isotonic_crossfit,Isotonic · 내부 학습 교차적합,isotonic,inner_train_crossfit,equal_frequency_15,동일 빈도 15구간(주 지표),9,0.1768076398,0.1940609041,10880,0.180703695,0.1819852941,0.0012815992,1980,1966.056202,-0.0012815991
weather_eval,classifier_calibration_20261008,7,random_forest_tuned,Random Forest,isotonic_crossfit,Isotonic · 내부 학습 교차적합,isotonic,inner_train_crossfit,equal_frequency_15,동일 빈도 15구간(주 지표),10,0.1940609041,0.2126582278,12835,0.2024719859,0.201869887,0.0006020988,2591,2598.727939,0.0006020989
weather_eval,classifier_calibration_20261008,7,random_forest_tuned,Random Forest,isotonic_crossfit,Isotonic · 내부 학습 교차적합,isotonic,inner_train_crossfit,equal_frequency_15,동일 빈도 15구간(주 지표),11,0.2126582278,0.254063302,12285,0.2264492594,0.231013431,0.0045641717,2838,2781.929152,-0.0045641716
weather_eval,classifier_calibration_20261008,7,random_forest_tuned,Random Forest,isotonic_crossfit,Isotonic · 내부 학습 교차적합,isotonic,inner_train_crossfit,equal_frequency_15,동일 빈도 15구간(주 지표),12,0.254063302,0.2883766552,11919,0.2659269425,0.2609279302,0.0049990123,3110,3169.583228,0.0049990123
weather_eval,classifier_calibration_20261008,7,random_forest_tuned,Random Forest,isotonic_crossfit,Isotonic · 내부 학습 교차적합,isotonic,inner_train_crossfit,equal_frequency_15,동일 빈도 15구간(주 지표),13,0.2883766552,0.3625668449,12297,0.3151990053,0.3170692039,0.0018701986,3899,3876.002168,-0.0018701986
weather_eval,classifier_calibration_20261008,7,random_forest_tuned,Random Forest,isotonic_crossfit,Isotonic · 내부 학습 교차적합,isotonic,inner_train_crossfit,equal_frequency_15,동일 빈도 15구간(주 지표),14,0.3625668449,0.999999,12046,0.4507982326,0.4483646024,0.0024336302,5401,5430.31551,0.0024336302
weather_eval,classifier_calibration_20261008,7,random_forest_tuned,Random Forest,isotonic_crossfit,Isotonic · 내부 학습 교차적합,isotonic,inner_train_crossfit,equal_width_10,동일 폭 10구간(보조),0,0,0.1,43905,0.0741913302,0.0759822344,0.0017909041,3336,3257.370352,-0.0017909042
weather_eval,classifier_calibration_20261008,7,random_forest_tuned,Random Forest,isotonic_crossfit,Isotonic · 내부 학습 교차적합,isotonic,inner_train_crossfit,equal_width_10,동일 폭 10구간(보조),1,0.1,0.2,78424,0.1446436919,0.1443563195,0.0002873724,11321,11343.53689,0.0002873724
weather_eval,classifier_calibration_20261008,7,random_forest_tuned,Random Forest,isotonic_crossfit,Isotonic · 내부 학습 교차적합,isotonic,inner_train_crossfit,equal_width_10,동일 폭 10구간(보조),2,0.2,0.3,36878,0.2396456713,0.2389229351,0.0007227362,8811,8837.653066,0.0007227362
weather_eval,classifier_calibration_20261008,7,random_forest_tuned,Random Forest,isotonic_crossfit,Isotonic · 내부 학습 교차적합,isotonic,inner_train_crossfit,equal_width_10,동일 폭 10구간(보조),3,0.3,0.4,13896,0.3414190279,0.3448474381,0.0034284102,4792,4744.358812,-0.0034284102
weather_eval,classifier_calibration_20261008,7,random_forest_tuned,Random Forest,isotonic_crossfit,Isotonic · 내부 학습 교차적합,isotonic,inner_train_crossfit,equal_width_10,동일 폭 10구간(보조),4,0.4,0.5,4241,0.4409818164,0.4331525584,0.007829258,1837,1870.203883,0.007829258
weather_eval,classifier_calibration_20261008,7,random_forest_tuned,Random Forest,isotonic_crossfit,Isotonic · 내부 학습 교차적합,isotonic,inner_train_crossfit,equal_width_10,동일 폭 10구간(보조),5,0.5,0.6,1961,0.540287064,0.5196328404,0.0206542236,1019,1059.502933,0.0206542236
weather_eval,classifier_calibration_20261008,7,random_forest_tuned,Random Forest,isotonic_crossfit,Isotonic · 내부 학습 교차적합,isotonic,inner_train_crossfit,equal_width_10,동일 폭 10구간(보조),6,0.6,0.7,747,0.6323706818,0.6452476573,0.0128769755,482,472.3808993,-0.0128769755
weather_eval,classifier_calibration_20261008,7,random_forest_tuned,Random Forest,isotonic_crossfit,Isotonic · 내부 학습 교차적합,isotonic,inner_train_crossfit,equal_width_10,동일 폭 10구간(보조),7,0.7,0.8,209,0.7262599023,0.7511961722,0.02493627,157,151.7883196,-0.0249362699
weather_eval,classifier_calibration_20261008,7,random_forest_tuned,Random Forest,isotonic_crossfit,Isotonic · 내부 학습 교차적합,isotonic,inner_train_crossfit,equal_width_10,동일 폭 10구간(보조),8,0.8,0.9,40,0.844598217,0.675,0.169598217,27,33.78392868,0.169598217
weather_eval,classifier_calibration_20261008,7,random_forest_tuned,Random Forest,isotonic_crossfit,Isotonic · 내부 학습 교차적합,isotonic,inner_train_crossfit,equal_width_10,동일 폭 10구간(보조),9,0.9,1,31,0.9354837742,0.7419354839,0.1935482903,23,28.999997,0.1935482903
weather_eval,classifier_calibration_20261008,7,lightgbm_tuned,LightGBM,none,보정 없음,none,none,equal_frequency_15,동일 빈도 15구간(주 지표),0,0.011688928,0.0751124662,12023,0.0638489227,0.0577226982,0.0061262245,694,767.6555976,0.0061262245
weather_eval,classifier_calibration_20261008,7,lightgbm_tuned,LightGBM,none,보정 없음,none,none,equal_frequency_15,동일 빈도 15구간(주 지표),1,0.0751124662,0.0890729947,12022,0.0821043216,0.0845949093,0.0024905877,1017,987.0581543,-0.0024905877
weather_eval,classifier_calibration_20261008,7,lightgbm_tuned,LightGBM,none,보정 없음,none,none,equal_frequency_15,동일 빈도 15구간(주 지표),2,0.0890729947,0.1020444328,12022,0.0957230157,0.0926634503,0.0030595654,1114,1150.782095,0.0030595654
weather_eval,classifier_calibration_20261008,7,lightgbm_tuned,LightGBM,none,보정 없음,none,none,equal_frequency_15,동일 빈도 15구간(주 지표),3,0.1020444328,0.1137977339,12022,0.1080083271,0.1087173515,0.0007090244,1307,1298.476108,-0.0007090244
weather_eval,classifier_calibration_20261008,7,lightgbm_tuned,LightGBM,none,보정 없음,none,none,equal_frequency_15,동일 빈도 15구간(주 지표),4,0.1137977339,0.1248604791,12022,0.1194343792,0.1154549992,0.00397938,1388,1435.840107,0.00397938
weather_eval,classifier_calibration_20261008,7,lightgbm_tuned,LightGBM,none,보정 없음,none,none,equal_frequency_15,동일 빈도 15구간(주 지표),5,0.1248604791,0.1355332775,12022,0.1302307945,0.1256030611,0.0046277335,1510,1565.634611,0.0046277334
weather_eval,classifier_calibration_20261008,7,lightgbm_tuned,LightGBM,none,보정 없음,none,none,equal_frequency_15,동일 빈도 15구간(주 지표),6,0.1355332775,0.146562627,12022,0.1410215863,0.1348361338,0.0061854525,1621,1695.36151,0.0061854525
weather_eval,classifier_calibration_20261008,7,lightgbm_tuned,LightGBM,none,보정 없음,none,none,equal_frequency_15,동일 빈도 15구간(주 지표),7,0.146562627,0.1585204116,12022,0.1524875977,0.1488105141,0.0036770837,1789,1833.2059,0.0036770836
weather_eval,classifier_calibration_20261008,7,lightgbm_tuned,LightGBM,none,보정 없음,none,none,equal_frequency_15,동일 빈도 15구간(주 지표),8,0.1585204116,0.1718878433,12022,0.1651193571,0.1662784894,0.0011591324,1999,1985.064911,-0.0011591323
weather_eval,classifier_calibration_20261008,7,lightgbm_tuned,LightGBM,none,보정 없음,none,none,equal_frequency_15,동일 빈도 15구간(주 지표),9,0.1718878433,0.1871132668,12022,0.1792644357,0.1834137415,0.0041493058,2205,2155.117046,-0.0041493058
weather_eval,classifier_calibration_20261008,7,lightgbm_tuned,LightGBM,none,보정 없음,none,none,equal_frequency_15,동일 빈도 15구간(주 지표),10,0.1871132668,0.205139014,12022,0.1958475334,0.2080352687,0.0121877353,2501,2354.479047,-0.0121877353
weather_eval,classifier_calibration_20261008,7,lightgbm_tuned,LightGBM,none,보정 없음,none,none,equal_frequency_15,동일 빈도 15구간(주 지표),11,0.205139014,0.2280571301,12022,0.2160766568,0.2245882549,0.0085115981,2700,2597.673568,-0.0085115981
weather_eval,classifier_calibration_20261008,7,lightgbm_tuned,LightGBM,none,보정 없음,none,none,equal_frequency_15,동일 빈도 15구간(주 지표),12,0.2280571301,0.261005416,12022,0.2432108548,0.2591914823,0.0159806275,3116,2923.880896,-0.0159806275
weather_eval,classifier_calibration_20261008,7,lightgbm_tuned,LightGBM,none,보정 없음,none,none,equal_frequency_15,동일 빈도 15구간(주 지표),13,0.261005416,0.3185801564,12022,0.2862784167,0.3039427716,0.0176643549,3654,3441.639126,-0.0176643549
weather_eval,classifier_calibration_20261008,7,lightgbm_tuned,LightGBM,none,보정 없음,none,none,equal_frequency_15,동일 빈도 15구간(주 지표),14,0.3185801564,0.7997632291,12023,0.4036227982,0.4316726275,0.0280498293,5190,4852.756903,-0.0280498293
weather_eval,classifier_calibration_20261008,7,lightgbm_tuned,LightGBM,none,보정 없음,none,none,equal_width_10,동일 폭 10구간(보조),0,0,0.1,34010,0.0793198402,0.0766833284,0.0026365117,2608,2697.667765,0.0026365118
weather_eval,classifier_calibration_20261008,7,lightgbm_tuned,LightGBM,none,보정 없음,none,none,equal_width_10,동일 폭 10구간(보조),1,0.1,0.2,95036,0.1460853328,0.1456185025,0.0004668303,13839,13883.36569,0.0004668303
weather_eval,classifier_calibration_20261008,7,lightgbm_tuned,LightGBM,none,보정 없음,none,none,equal_width_10,동일 폭 10구간(보조),2,0.2,0.3,36304,0.2395577999,0.2539665051,0.0144087052,9220,8696.906368,-0.0144087052
weather_eval,classifier_calibration_20261008,7,lightgbm_tuned,LightGBM,none,보정 없음,none,none,equal_width_10,동일 폭 10구간(보조),3,0.3,0.4,10218,0.340026387,0.3535917009,0.013565314,3613,3474.389622,-0.0135653139
weather_eval,classifier_calibration_20261008,7,lightgbm_tuned,LightGBM,none,보정 없음,none,none,equal_width_10,동일 폭 10구간(보조),4,0.4,0.5,3251,0.4413683782,0.4823131344,0.0409447562,1568,1434.888598,-0.0409447562
weather_eval,classifier_calibration_20261008,7,lightgbm_tuned,LightGBM,none,보정 없음,none,none,equal_width_10,동일 폭 10구간(보조),5,0.5,0.6,1156,0.540100813,0.6029411765,0.0628403635,697,624.3565398,-0.0628403635
weather_eval,classifier_calibration_20261008,7,lightgbm_tuned,LightGBM,none,보정 없음,none,none,equal_width_10,동일 폭 10구간(보조),6,0.6,0.7,305,0.63905477,0.7213114754,0.0822567054,220,194.9117049,-0.0822567054
weather_eval,classifier_calibration_20261008,7,lightgbm_tuned,LightGBM,none,보정 없음,none,none,equal_width_10,동일 폭 10구간(보조),7,0.7,0.8,52,0.7334480664,0.7692307692,0.0357827028,40,38.13929945,-0.0357827028
weather_eval,classifier_calibration_20261008,7,lightgbm_tuned,LightGBM,none,보정 없음,none,none,equal_width_10,동일 폭 10구간(보조),8,0.8,0.9,0,,,,0,0,
weather_eval,classifier_calibration_20261008,7,lightgbm_tuned,LightGBM,none,보정 없음,none,none,equal_width_10,동일 폭 10구간(보조),9,0.9,1,0,,,,0,0,
weather_eval,classifier_calibration_20261008,7,lightgbm_tuned,LightGBM,platt_inner_holdout,Platt · 내부 검증 행 적합(선택 행 재사용),platt,inner_holdout,equal_frequency_15,동일 빈도 15구간(주 지표),0,0.0101670149,0.0697609525,12023,0.0583453363,0.0583049156,4.04207e-05,701,701.4859783,4.04207e-05
weather_eval,classifier_calibration_20261008,7,lightgbm_tuned,LightGBM,platt_inner_holdout,Platt · 내부 검증 행 적합(선택 행 재사용),platt,inner_holdout,equal_frequency_15,동일 빈도 15구간(주 지표),1,0.0697609525,0.084522876,12022,0.0771200556,0.0840958243,0.0069757688,1011,927.1373084,-0.0069757687
weather_eval,classifier_calibration_20261008,7,lightgbm_tuned,LightGBM,platt_inner_holdout,Platt · 내부 검증 행 적합(선택 행 재사용),platt,inner_holdout,equal_frequency_15,동일 빈도 15구간(주 지표),2,0.084522876,0.0982823721,12022,0.0915591116,0.091332557,0.0002265546,1098,1100.72364,0.0002265546
weather_eval,classifier_calibration_20261008,7,lightgbm_tuned,LightGBM,platt_inner_holdout,Platt · 내부 검증 행 적합(선택 행 재사용),platt,inner_holdout,equal_frequency_15,동일 빈도 15구간(주 지표),3,0.0982823721,0.1107587464,12022,0.1045519124,0.1096323407,0.0050804283,1318,1256.923091,-0.0050804283
weather_eval,classifier_calibration_20261008,7,lightgbm_tuned,LightGBM,platt_inner_holdout,Platt · 내부 검증 행 적합(선택 행 재사용),platt,inner_holdout,equal_frequency_15,동일 빈도 15구간(주 지표),4,0.1107587464,0.1228127025,12022,0.1168869262,0.1163699884,0.0005169378,1399,1405.214627,0.0005169378
weather_eval,classifier_calibration_20261008,7,lightgbm_tuned,LightGBM,platt_inner_holdout,Platt · 내부 검증 행 적합(선택 행 재사용),platt,inner_holdout,equal_frequency_15,동일 빈도 15구간(주 지표),5,0.1228127025,0.134561293,12022,0.1286961824,0.1229412743,0.005754908,1478,1547.185505,0.0057549081
weather_eval,classifier_calibration_20261008,7,lightgbm_tuned,LightGBM,platt_inner_holdout,Platt · 내부 검증 행 적합(선택 행 재사용),platt,inner_holdout,equal_frequency_15,동일 빈도 15구간(주 지표),6,0.134561293,0.1467207891,12022,0.1405360171,0.1364997505,0.0040362666,1641,1689.523998,0.0040362666
weather_eval,classifier_calibration_20261008,7,lightgbm_tuned,LightGBM,platt_inner_holdout,Platt · 내부 검증 행 적합(선택 행 재사용),platt,inner_holdout,equal_frequency_15,동일 빈도 15구간(주 지표),7,0.1467207891,0.1599201659,12022,0.1532176394,0.1485609716,0.0046566679,1786,1841.982461,0.0046566678
weather_eval,classifier_calibration_20261008,7,lightgbm_tuned,LightGBM,platt_inner_holdout,Platt · 내부 검증 행 적합(선택 행 재사용),platt,inner_holdout,equal_frequency_15,동일 빈도 15구간(주 지표),8,0.1599201659,0.1748334422,12022,0.167273449,0.1665280319,0.0007454171,2002,2010.961404,0.0007454171
weather_eval,classifier_calibration_20261008,7,lightgbm_tuned,LightGBM,platt_inner_holdout,Platt · 내부 검증 행 적합(선택 행 재사용),platt,inner_holdout,equal_frequency_15,동일 빈도 15구간(주 지표),9,0.1748334422,0.1919207222,12022,0.1831138168,0.183164199,5.03821e-05,2202,2201.394306,-5.03822e-05
weather_eval,classifier_calibration_20261008,7,lightgbm_tuned,LightGBM,platt_inner_holdout,Platt · 내부 검증 행 적합(선택 행 재사용),platt,inner_holdout,equal_frequency_15,동일 빈도 15구간(주 지표),10,0.1919207222,0.2123036046,12022,0.2017882477,0.208867077,0.0070788293,2511,2425.898314,-0.0070788293
weather_eval,classifier_calibration_20261008,7,lightgbm_tuned,LightGBM,platt_inner_holdout,Platt · 내부 검증 행 적합(선택 행 재사용),platt,inner_holdout,equal_frequency_15,동일 빈도 15구간(주 지표),11,0.2123036046,0.2383260019,12022,0.224719467,0.2248377974,0.0001183304,2703,2701.577432,-0.0001183304
weather_eval,classifier_calibration_20261008,7,lightgbm_tuned,LightGBM,platt_inner_holdout,Platt · 내부 검증 행 적합(선택 행 재사용),platt,inner_holdout,equal_frequency_15,동일 빈도 15구간(주 지표),12,0.2383260019,0.275967524,12022,0.2556696763,0.2592746631,0.0036049869,3117,3073.660848,-0.0036049868
weather_eval,classifier_calibration_20261008,7,lightgbm_tuned,LightGBM,platt_inner_holdout,Platt · 내부 검증 행 적합(선택 행 재사용),platt,inner_holdout,equal_frequency_15,동일 빈도 15구간(주 지표),13,0.275967524,0.3417922415,12022,0.3049302671,0.3037764099,0.0011538572,3652,3665.871671,0.0011538572
weather_eval,classifier_calibration_20261008,7,lightgbm_tuned,LightGBM,platt_inner_holdout,Platt · 내부 검증 행 적합(선택 행 재사용),platt,inner_holdout,equal_frequency_15,동일 빈도 15구간(주 지표),14,0.3417922415,0.8391623018,12023,0.4380699596,0.4313399318,0.0067300278,5186,5266.915124,0.0067300278
weather_eval,classifier_calibration_20261008,7,lightgbm_tuned,LightGBM,platt_inner_holdout,Platt · 내부 검증 행 적합(선택 행 재사용),platt,inner_holdout,equal_width_10,동일 폭 10구간(보조),0,0,0.1,37780,0.0767391634,0.0794865008,0.0027473374,3003,2899.205593,-0.0027473374
weather_eval,classifier_calibration_20261008,7,lightgbm_tuned,LightGBM,platt_inner_holdout,Platt · 내부 검증 행 적합(선택 행 재사용),platt,inner_holdout,equal_width_10,동일 폭 10구간(보조),1,0.1,0.2,87481,0.1459829722,0.1449228975,0.0010600746,12678,12770.73639,0.0010600747
weather_eval,classifier_calibration_20261008,7,lightgbm_tuned,LightGBM,platt_inner_holdout,Platt · 내부 검증 행 적합(선택 행 재사용),platt,inner_holdout,equal_width_10,동일 폭 10구간(보조),2,0.2,0.3,36446,0.2406704854,0.2438127641,0.0031422787,8886,8771.476511,-0.0031422787
weather_eval,classifier_calibration_20261008,7,lightgbm_tuned,LightGBM,platt_inner_holdout,Platt · 내부 검증 행 적합(선택 행 재사용),platt,inner_holdout,equal_width_10,동일 폭 10구간(보조),3,0.3,0.4,11898,0.3409488686,0.3307278534,0.0102210152,3935,4056.609639,0.0102210152
weather_eval,classifier_calibration_20261008,7,lightgbm_tuned,LightGBM,platt_inner_holdout,Platt · 내부 검증 행 적합(선택 행 재사용),platt,inner_holdout,equal_width_10,동일 폭 10구간(보조),4,0.4,0.5,4215,0.4416976796,0.4325029656,0.009194714,1823,1861.75572,0.009194714
weather_eval,classifier_calibration_20261008,7,lightgbm_tuned,LightGBM,platt_inner_holdout,Platt · 내부 검증 행 적합(선택 행 재사용),platt,inner_holdout,equal_width_10,동일 폭 10구간(보조),5,0.5,0.6,1737,0.542968546,0.5492227979,0.0062542519,954,943.1363644,-0.0062542519
weather_eval,classifier_calibration_20261008,7,lightgbm_tuned,LightGBM,platt_inner_holdout,Platt · 내부 검증 행 적합(선택 행 재사용),platt,inner_holdout,equal_width_10,동일 폭 10구간(보조),6,0.6,0.7,606,0.6400170183,0.6534653465,0.0134483282,396,387.8503131,-0.0134483282
weather_eval,classifier_calibration_20261008,7,lightgbm_tuned,LightGBM,platt_inner_holdout,Platt · 내부 검증 행 적합(선택 행 재사용),platt,inner_holdout,equal_width_10,동일 폭 10구간(보조),7,0.7,0.8,155,0.7370744632,0.7548387097,0.0177642464,117,114.2465418,-0.0177642465
weather_eval,classifier_calibration_20261008,7,lightgbm_tuned,LightGBM,platt_inner_holdout,Platt · 내부 검증 행 적합(선택 행 재사용),platt,inner_holdout,equal_width_10,동일 폭 10구간(보조),8,0.8,0.9,14,0.8170453492,0.9285714286,0.1115260794,13,11.43863489,-0.1115260794
weather_eval,classifier_calibration_20261008,7,lightgbm_tuned,LightGBM,platt_inner_holdout,Platt · 내부 검증 행 적합(선택 행 재사용),platt,inner_holdout,equal_width_10,동일 폭 10구간(보조),9,0.9,1,0,,,,0,0,
weather_eval,classifier_calibration_20261008,7,lightgbm_tuned,LightGBM,isotonic_inner_holdout,Isotonic · 내부 검증 행 적합(선택 행 재사용),isotonic,inner_holdout,equal_frequency_15,동일 빈도 15구간(주 지표),0,1e-06,0.0718954248,10642,0.0580430614,0.0594813005,0.0014382391,633,617.6942594,-0.0014382391
weather_eval,classifier_calibration_20261008,7,lightgbm_tuned,LightGBM,isotonic_inner_holdout,Isotonic · 내부 검증 행 적합(선택 행 재사용),isotonic,inner_holdout,equal_frequency_15,동일 빈도 15구간(주 지표),1,0.0718954248,0.0840035746,12882,0.0773999381,0.0810433163,0.0036433781,1044,997.0660026,-0.0036433782
weather_eval,classifier_calibration_20261008,7,lightgbm_tuned,LightGBM,isotonic_inner_holdout,Isotonic · 내부 검증 행 적합(선택 행 재사용),isotonic,inner_holdout,equal_frequency_15,동일 빈도 15구간(주 지표),2,0.0840035746,0.0929487179,12058,0.0868004891,0.0907281473,0.0039276582,1094,1046.640298,-0.0039276582
weather_eval,classifier_calibration_20261008,7,lightgbm_tuned,LightGBM,isotonic_inner_holdout,Isotonic · 내부 검증 행 적합(선택 행 재사용),isotonic,inner_holdout,equal_frequency_15,동일 빈도 15구간(주 지표),3,0.0929487179,0.1120527307,11920,0.1005273211,0.1109899329,0.0104626118,1323,1198.285668,-0.0104626118
weather_eval,classifier_calibration_20261008,7,lightgbm_tuned,LightGBM,isotonic_inner_holdout,Isotonic · 내부 검증 행 적합(선택 행 재사용),isotonic,inner_holdout,equal_frequency_15,동일 빈도 15구간(주 지표),4,0.1120527307,0.1270223752,12237,0.1186019626,0.1125275803,0.0060743824,1377,1451.332216,0.0060743823
weather_eval,classifier_calibration_20261008,7,lightgbm_tuned,LightGBM,isotonic_inner_holdout,Isotonic · 내부 검증 행 적합(선택 행 재사용),isotonic,inner_holdout,equal_frequency_15,동일 빈도 15구간(주 지표),5,0.1270223752,0.1315406977,11270,0.1290034567,0.1253771074,0.0036263493,1413,1453.868957,0.0036263493
weather_eval,classifier_calibration_20261008,7,lightgbm_tuned,LightGBM,isotonic_inner_holdout,Isotonic · 내부 검증 행 적합(선택 행 재사용),isotonic,inner_holdout,equal_frequency_15,동일 빈도 15구간(주 지표),6,0.1315406977,0.1408182683,12184,0.1348683899,0.1364084045,0.0015400146,1662,1643.236463,-0.0015400146
weather_eval,classifier_calibration_20261008,7,lightgbm_tuned,LightGBM,isotonic_inner_holdout,Isotonic · 내부 검증 행 적합(선택 행 재사용),isotonic,inner_holdout,equal_frequency_15,동일 빈도 15구간(주 지표),7,0.1408182683,0.15625,12845,0.1463630226,0.1472946672,0.0009316446,1892,1880.033025,-0.0009316446
weather_eval,classifier_calibration_20261008,7,lightgbm_tuned,LightGBM,isotonic_inner_holdout,Isotonic · 내부 검증 행 적합(선택 행 재사용),isotonic,inner_holdout,equal_frequency_15,동일 빈도 15구간(주 지표),8,0.15625,0.1736066624,10303,0.1639209839,0.1677181403,0.0037971564,1728,1688.877897,-0.0037971564
weather_eval,classifier_calibration_20261008,7,lightgbm_tuned,LightGBM,isotonic_inner_holdout,Isotonic · 내부 검증 행 적합(선택 행 재사용),isotonic,inner_holdout,equal_frequency_15,동일 빈도 15구간(주 지표),9,0.1736066624,0.1905263158,13682,0.1822903959,0.1816985821,0.0005918139,2486,2494.097197,0.0005918138
weather_eval,classifier_calibration_20261008,7,lightgbm_tuned,LightGBM,isotonic_inner_holdout,Isotonic · 내부 검증 행 적합(선택 행 재사용),isotonic,inner_holdout,equal_frequency_15,동일 빈도 15구간(주 지표),10,0.1905263158,0.2132486388,9755,0.1968846035,0.1979497693,0.0010651659,1931,1920.609307,-0.0010651658
weather_eval,classifier_calibration_20261008,7,lightgbm_tuned,LightGBM,isotonic_inner_holdout,Isotonic · 내부 검증 행 적합(선택 행 재사용),isotonic,inner_holdout,equal_frequency_15,동일 빈도 15구간(주 지표),11,0.2132486388,0.24055666,14211,0.2261979523,0.2260220956,0.0001758568,3212,3214.4991,0.0001758567
weather_eval,classifier_calibration_20261008,7,lightgbm_tuned,LightGBM,isotonic_inner_holdout,Isotonic · 내부 검증 행 적합(선택 행 재사용),isotonic,inner_holdout,equal_frequency_15,동일 빈도 15구간(주 지표),12,0.24055666,0.2769886364,10837,0.2579813921,0.2560671773,0.0019142149,2775,2795.744346,0.0019142148
weather_eval,classifier_calibration_20261008,7,lightgbm_tuned,LightGBM,isotonic_inner_holdout,Isotonic · 내부 검증 행 적합(선택 행 재사용),isotonic,inner_holdout,equal_frequency_15,동일 빈도 15구간(주 지표),13,0.2769886364,0.350751143,11897,0.3027668059,0.3013364714,0.0014303345,3585,3602.01669,0.0014303345
weather_eval,classifier_calibration_20261008,7,lightgbm_tuned,LightGBM,isotonic_inner_holdout,Isotonic · 내부 검증 행 적합(선택 행 재사용),isotonic,inner_holdout,equal_frequency_15,동일 빈도 15구간(주 지표),14,0.350751143,0.999999,13609,0.4277662369,0.415166434,0.0125998029,5650,5821.470718,0.0125998029
weather_eval,classifier_calibration_20261008,7,lightgbm_tuned,LightGBM,isotonic_inner_holdout,Isotonic · 내부 검증 행 적합(선택 행 재사용),isotonic,inner_holdout,equal_width_10,동일 폭 10구간(보조),0,0,0.1,43416,0.0788381847,0.0839321909,0.0050940062,3644,3422.838627,-0.0050940062
weather_eval,classifier_calibration_20261008,7,lightgbm_tuned,LightGBM,isotonic_inner_holdout,Isotonic · 내부 검증 행 적합(선택 행 재사용),isotonic,inner_holdout,equal_width_10,동일 폭 10구간(보조),1,0.1,0.2,82762,0.1477993663,0.1475556415,0.0002437249,12212,12232.17115,0.0002437248
weather_eval,classifier_calibration_20261008,7,lightgbm_tuned,LightGBM,isotonic_inner_holdout,Isotonic · 내부 검증 행 적합(선택 행 재사용),isotonic,inner_holdout,equal_width_10,동일 폭 10구간(보조),2,0.2,0.3,34315,0.2435553322,0.2426344164,0.0009209158,8326,8357.601224,0.0009209158
weather_eval,classifier_calibration_20261008,7,lightgbm_tuned,LightGBM,isotonic_inner_holdout,Isotonic · 내부 검증 행 적합(선택 행 재사용),isotonic,inner_holdout,equal_width_10,동일 폭 10구간(보조),3,0.3,0.4,14254,0.3454672234,0.3350638417,0.0104033817,4776,4924.289802,0.0104033817
weather_eval,classifier_calibration_20261008,7,lightgbm_tuned,LightGBM,isotonic_inner_holdout,Isotonic · 내부 검증 행 적합(선택 행 재사용),isotonic,inner_holdout,equal_width_10,동일 폭 10구간(보조),4,0.4,0.5,2886,0.437401646,0.4438669439,0.0064652979,1281,1262.34115,-0.0064652979
weather_eval,classifier_calibration_20261008,7,lightgbm_tuned,LightGBM,isotonic_inner_holdout,Isotonic · 내부 검증 행 적합(선택 행 재사용),isotonic,inner_holdout,equal_width_10,동일 폭 10구간(보조),5,0.5,0.6,1781,0.5627586016,0.5345311623,0.0282274393,952,1002.273069,0.0282274393
weather_eval,classifier_calibration_20261008,7,lightgbm_tuned,LightGBM,isotonic_inner_holdout,Isotonic · 내부 검증 행 적합(선택 행 재사용),isotonic,inner_holdout,equal_width_10,동일 폭 10구간(보조),6,0.6,0.7,626,0.6367828849,0.642172524,0.005389639,402,398.6260859,-0.0053896391
weather_eval,classifier_calibration_20261008,7,lightgbm_tuned,LightGBM,isotonic_inner_holdout,Isotonic · 내부 검증 행 적합(선택 행 재사용),isotonic,inner_holdout,equal_width_10,동일 폭 10구간(보조),7,0.7,0.8,264,0.7525428783,0.7083333333,0.044209545,187,198.6713199,0.044209545
weather_eval,classifier_calibration_20261008,7,lightgbm_tuned,LightGBM,isotonic_inner_holdout,Isotonic · 내부 검증 행 적합(선택 행 재사용),isotonic,inner_holdout,equal_width_10,동일 폭 10구간(보조),8,0.8,0.9,7,0.8085328798,1,0.1914671202,7,5.659730159,-0.1914671202
weather_eval,classifier_calibration_20261008,7,lightgbm_tuned,LightGBM,isotonic_inner_holdout,Isotonic · 내부 검증 행 적합(선택 행 재사용),isotonic,inner_holdout,equal_width_10,동일 폭 10구간(보조),9,0.9,1,21,0.999999,0.8571428571,0.1428561429,18,20.999979,0.1428561429
weather_eval,classifier_calibration_20261008,7,lightgbm_tuned,LightGBM,platt_crossfit,Platt · 내부 학습 교차적합,platt,inner_train_crossfit,equal_frequency_15,동일 빈도 15구간(주 지표),0,0.0109931266,0.0725543833,12023,0.0610383161,0.0578058721,0.003232444,695,733.8636745,0.003232444
weather_eval,classifier_calibration_20261008,7,lightgbm_tuned,LightGBM,platt_crossfit,Platt · 내부 학습 교차적합,platt,inner_train_crossfit,equal_frequency_15,동일 빈도 15구간(주 지표),1,0.0725543833,0.0872000067,12022,0.0798735087,0.0840958243,0.0042223156,1011,960.2393216,-0.0042223156
weather_eval,classifier_calibration_20261008,7,lightgbm_tuned,LightGBM,platt_crossfit,Platt · 내부 학습 교차적합,platt,inner_train_crossfit,equal_frequency_15,동일 빈도 15구간(주 지표),2,0.0872000067,0.1009888712,12022,0.094261544,0.0940775245,0.0001840195,1131,1133.212282,0.0001840195
weather_eval,classifier_calibration_20261008,7,lightgbm_tuned,LightGBM,platt_crossfit,Platt · 내부 학습 교차적합,platt,inner_train_crossfit,equal_frequency_15,동일 빈도 15구간(주 지표),3,0.1009888712,0.1134522059,12022,0.1072607288,0.1072200965,4.06323e-05,1289,1289.488482,4.06323e-05
weather_eval,classifier_calibration_20261008,7,lightgbm_tuned,LightGBM,platt_crossfit,Platt · 내부 학습 교차적합,platt,inner_train_crossfit,equal_frequency_15,동일 빈도 15구간(주 지표),4,0.1134522059,0.1253050303,12022,0.1194691676,0.1164531692,0.0030159984,1400,1436.258333,0.0030159984
weather_eval,classifier_calibration_20261008,7,lightgbm_tuned,LightGBM,platt_crossfit,Platt · 내부 학습 교차적합,platt,inner_train_crossfit,equal_frequency_15,동일 빈도 15구간(주 지표),5,0.1253050303,0.1368270667,12022,0.1310918797,0.1244385294,0.0066533503,1496,1575.986578,0.0066533503
weather_eval,classifier_calibration_20261008,7,lightgbm_tuned,LightGBM,platt_crossfit,Platt · 내부 학습 교차적합,platt,inner_train_crossfit,equal_frequency_15,동일 빈도 15구간(주 지표),6,0.1368270667,0.1488228463,12022,0.1427535356,0.1348361338,0.0079174019,1621,1716.183005,0.0079174018
weather_eval,classifier_calibration_20261008,7,lightgbm_tuned,LightGBM,platt_crossfit,Platt · 내부 학습 교차적합,platt,inner_train_crossfit,equal_frequency_15,동일 빈도 15구간(주 지표),7,0.1488228463,0.1618086171,12022,0.1552177588,0.1485609716,0.0066567873,1786,1866.027896,0.0066567872
weather_eval,classifier_calibration_20261008,7,lightgbm_tuned,LightGBM,platt_crossfit,Platt · 내부 학습 교차적합,platt,inner_train_crossfit,equal_frequency_15,동일 빈도 15구간(주 지표),8,0.1618086171,0.1763889117,12022,0.1689939031,0.1657794044,0.0032144987,1993,2031.644703,0.0032144987
weather_eval,classifier_calibration_20261008,7,lightgbm_tuned,LightGBM,platt_crossfit,Platt · 내부 학습 교차적합,platt,inner_train_crossfit,equal_frequency_15,동일 빈도 15구간(주 지표),9,0.1763889117,0.1931014826,12022,0.1844771817,0.1853269007,0.000849719,2228,2217.784678,-0.000849719
weather_eval,classifier_calibration_20261008,7,lightgbm_tuned,LightGBM,platt_crossfit,Platt · 내부 학습 교차적합,platt,inner_train_crossfit,equal_frequency_15,동일 빈도 15구간(주 지표),10,0.1931014826,0.2129500961,12022,0.2027033565,0.207369822,0.0046664655,2493,2436.899752,-0.0046664655
weather_eval,classifier_calibration_20261008,7,lightgbm_tuned,LightGBM,platt_crossfit,Platt · 내부 학습 교차적합,platt,inner_train_crossfit,equal_frequency_15,동일 빈도 15구간(주 지표),11,0.2129500961,0.2381528696,12022,0.2250008493,0.2260023291,0.0010014798,2717,2704.96021,-0.0010014798
weather_eval,classifier_calibration_20261008,7,lightgbm_tuned,LightGBM,platt_crossfit,Platt · 내부 학습 교차적합,platt,inner_train_crossfit,equal_frequency_15,동일 빈도 15구간(주 지표),12,0.2381528696,0.2746970253,12022,0.2549919032,0.2582764931,0.0032845899,3105,3065.51266,-0.0032845899
weather_eval,classifier_calibration_20261008,7,lightgbm_tuned,LightGBM,platt_crossfit,Platt · 내부 학습 교차적합,platt,inner_train_crossfit,equal_frequency_15,동일 빈도 15구간(주 지표),13,0.2746970253,0.3383806867,12022,0.3026387372,0.3038595908,0.0012208535,3653,3638.322899,-0.0012208536
weather_eval,classifier_calibration_20261008,7,lightgbm_tuned,LightGBM,platt_crossfit,Platt · 내부 학습 교차적합,platt,inner_train_crossfit,equal_frequency_15,동일 빈도 15구간(주 지표),14,0.3383806867,0.8324373371,12023,0.4311989624,0.4314231057,0.0002241433,5187,5184.305125,-0.0002241433
weather_eval,classifier_calibration_20261008,7,lightgbm_tuned,LightGBM,platt_crossfit,Platt · 내부 학습 교차적합,platt,inner_train_crossfit,equal_width_10,동일 폭 10구간(보조),0,0,0.1,35162,0.0778216976,0.0775837552,0.0002379424,2728,2736.366531,0.0002379424
weather_eval,classifier_calibration_20261008,7,lightgbm_tuned,LightGBM,platt_crossfit,Platt · 내부 학습 교차적합,platt,inner_train_crossfit,equal_width_10,동일 폭 10구간(보조),1,0.1,0.2,89476,0.1463211547,0.1433009969,0.0030201578,12822,13092.23164,0.0030201578
weather_eval,classifier_calibration_20261008,7,lightgbm_tuned,LightGBM,platt_crossfit,Platt · 내부 학습 교차적합,platt,inner_train_crossfit,equal_width_10,동일 폭 10구간(보조),2,0.2,0.3,37507,0.2404709456,0.2434745514,0.0030036058,9132,9019.343757,-0.0030036058
weather_eval,classifier_calibration_20261008,7,lightgbm_tuned,LightGBM,platt_crossfit,Platt · 내부 학습 교차적합,platt,inner_train_crossfit,equal_width_10,동일 폭 10구간(보조),3,0.3,0.4,11873,0.3408652281,0.3341194306,0.0067457974,3967,4047.092853,0.0067457975
weather_eval,classifier_calibration_20261008,7,lightgbm_tuned,LightGBM,platt_crossfit,Platt · 내부 학습 교차적합,platt,inner_train_crossfit,equal_width_10,동일 폭 10구간(보조),4,0.4,0.5,4022,0.4417529933,0.4438090502,0.0020560569,1785,1776.730539,-0.0020560569
weather_eval,classifier_calibration_20261008,7,lightgbm_tuned,LightGBM,platt_crossfit,Platt · 내부 학습 교차적합,platt,inner_train_crossfit,equal_width_10,동일 폭 10구간(보조),5,0.5,0.6,1618,0.5406447617,0.5599505562,0.0193057946,906,874.7632244,-0.0193057945
weather_eval,classifier_calibration_20261008,7,lightgbm_tuned,LightGBM,platt_crossfit,Platt · 내부 학습 교차적합,platt,inner_train_crossfit,equal_width_10,동일 폭 10구간(보조),6,0.6,0.7,541,0.6387511572,0.6709796673,0.0322285101,363,345.564376,-0.0322285101
weather_eval,classifier_calibration_20261008,7,lightgbm_tuned,LightGBM,platt_crossfit,Platt · 내부 학습 교차적합,platt,inner_train_crossfit,equal_width_10,동일 폭 10구간(보조),7,0.7,0.8,121,0.7342099242,0.7603305785,0.0261206543,92,88.83940083,-0.0261206543
weather_eval,classifier_calibration_20261008,7,lightgbm_tuned,LightGBM,platt_crossfit,Platt · 내부 학습 교차적합,platt,inner_train_crossfit,equal_width_10,동일 폭 10구간(보조),8,0.8,0.9,12,0.8131068523,0.8333333333,0.0202264811,10,9.757282228,-0.020226481
weather_eval,classifier_calibration_20261008,7,lightgbm_tuned,LightGBM,platt_crossfit,Platt · 내부 학습 교차적합,platt,inner_train_crossfit,equal_width_10,동일 폭 10구간(보조),9,0.9,1,0,,,,0,0,
weather_eval,classifier_calibration_20261008,7,lightgbm_tuned,LightGBM,isotonic_crossfit,Isotonic · 내부 학습 교차적합,isotonic,inner_train_crossfit,equal_frequency_15,동일 빈도 15구간(주 지표),0,1e-06,0.0745424293,11713,0.0593746787,0.0587381542,0.0006365245,688,695.4556116,0.0006365245
weather_eval,classifier_calibration_20261008,7,lightgbm_tuned,LightGBM,isotonic_crossfit,Isotonic · 내부 학습 교차적합,isotonic,inner_train_crossfit,equal_frequency_15,동일 빈도 15구간(주 지표),1,0.0745424293,0.0918566775,10770,0.0797280423,0.0807799443,0.001051902,870,858.6710156,-0.001051902
weather_eval,classifier_calibration_20261008,7,lightgbm_tuned,LightGBM,isotonic_crossfit,Isotonic · 내부 학습 교차적합,isotonic,inner_train_crossfit,equal_frequency_15,동일 빈도 15구간(주 지표),2,0.0918566775,0.0986842105,13543,0.0944669083,0.0936277043,0.0008392039,1268,1279.365339,0.000839204
weather_eval,classifier_calibration_20261008,7,lightgbm_tuned,LightGBM,isotonic_crossfit,Isotonic · 내부 학습 교차적합,isotonic,inner_train_crossfit,equal_frequency_15,동일 빈도 15구간(주 지표),3,0.0986842105,0.114117239,11954,0.1075089565,0.1095030952,0.0019941387,1309,1285.162066,-0.0019941387
weather_eval,classifier_calibration_20261008,7,lightgbm_tuned,LightGBM,isotonic_crossfit,Isotonic · 내부 학습 교차적합,isotonic,inner_train_crossfit,equal_frequency_15,동일 빈도 15구간(주 지표),4,0.114117239,0.123180593,11274,0.1176003239,0.1163739578,0.0012263661,1312,1325.826052,0.0012263661
weather_eval,classifier_calibration_20261008,7,lightgbm_tuned,LightGBM,isotonic_crossfit,Isotonic · 내부 학습 교차적합,isotonic,inner_train_crossfit,equal_frequency_15,동일 빈도 15구간(주 지표),5,0.123180593,0.1340234269,12394,0.1272034508,0.1225593029,0.0046441479,1519,1576.559569,0.0046441479
weather_eval,classifier_calibration_20261008,7,lightgbm_tuned,LightGBM,isotonic_crossfit,Isotonic · 내부 학습 교차적합,isotonic,inner_train_crossfit,equal_frequency_15,동일 빈도 15구간(주 지표),6,0.1340234269,0.1460361613,12290,0.1395435687,0.1334418226,0.0061017461,1640,1714.990459,0.0061017461
weather_eval,classifier_calibration_20261008,7,lightgbm_tuned,LightGBM,isotonic_crossfit,Isotonic · 내부 학습 교차적합,isotonic,inner_train_crossfit,equal_frequency_15,동일 빈도 15구간(주 지표),7,0.1460361613,0.1609383524,10682,0.1528001507,0.1504399925,0.0023601582,1607,1632.21121,0.0023601582
weather_eval,classifier_calibration_20261008,7,lightgbm_tuned,LightGBM,isotonic_crossfit,Isotonic · 내부 학습 교차적합,isotonic,inner_train_crossfit,equal_frequency_15,동일 빈도 15구간(주 지표),8,0.1609383524,0.1775816417,12918,0.1667800226,0.1626412757,0.0041387468,2101,2154.464332,0.0041387469
weather_eval,classifier_calibration_20261008,7,lightgbm_tuned,LightGBM,isotonic_crossfit,Isotonic · 내부 학습 교차적합,isotonic,inner_train_crossfit,equal_frequency_15,동일 빈도 15구간(주 지표),9,0.1775816417,0.1923974658,11746,0.1844194538,0.1861910438,0.00177159,2187,2166.190904,-0.00177159
weather_eval,classifier_calibration_20261008,7,lightgbm_tuned,LightGBM,isotonic_crossfit,Isotonic · 내부 학습 교차적합,isotonic,inner_train_crossfit,equal_frequency_15,동일 빈도 15구간(주 지표),10,0.1923974658,0.2187450104,11577,0.2020108917,0.2010883649,0.0009225269,2328,2338.680093,0.0009225268
weather_eval,classifier_calibration_20261008,7,lightgbm_tuned,LightGBM,isotonic_crossfit,Isotonic · 내부 학습 교차적합,isotonic,inner_train_crossfit,equal_frequency_15,동일 빈도 15구간(주 지표),11,0.2187450104,0.2407407407,13128,0.2254323793,0.225472273,3.98937e-05,2960,2959.476275,-3.98937e-05
weather_eval,classifier_calibration_20261008,7,lightgbm_tuned,LightGBM,isotonic_crossfit,Isotonic · 내부 학습 교차적합,isotonic,inner_train_crossfit,equal_frequency_15,동일 빈도 15구간(주 지표),12,0.2407407407,0.2740595994,12246,0.2602266697,0.2602482443,2.15747e-05,3187,3186.735797,-2.15746e-05
weather_eval,classifier_calibration_20261008,7,lightgbm_tuned,LightGBM,isotonic_crossfit,Isotonic · 내부 학습 교차적합,isotonic,inner_train_crossfit,equal_frequency_15,동일 빈도 15구간(주 지표),13,0.2740595994,0.3295210865,11907,0.3001805628,0.3030990174,0.0029184546,3609,3574.249961,-0.0029184546
weather_eval,classifier_calibration_20261008,7,lightgbm_tuned,LightGBM,isotonic_crossfit,Isotonic · 내부 학습 교차적합,isotonic,inner_train_crossfit,equal_frequency_15,동일 빈도 15구간(주 지표),14,0.3295210865,0.999999,12190,0.4300649542,0.4282198523,0.0018451018,5220,5242.491792,0.0018451019
weather_eval,classifier_calibration_20261008,7,lightgbm_tuned,LightGBM,isotonic_crossfit,Isotonic · 내부 학습 교차적합,isotonic,inner_train_crossfit,equal_width_10,동일 폭 10구간(보조),0,0,0.1,37026,0.0791970861,0.0793226381,0.000125552,2937,2932.35131,-0.000125552
weather_eval,classifier_calibration_20261008,7,lightgbm_tuned,LightGBM,isotonic_crossfit,Isotonic · 내부 학습 교차적합,isotonic,inner_train_crossfit,equal_width_10,동일 폭 10구간(보조),1,0.1,0.2,88446,0.1466573509,0.1448115234,0.0018458275,12808,12971.25606,0.0018458275
weather_eval,classifier_calibration_20261008,7,lightgbm_tuned,LightGBM,isotonic_crossfit,Isotonic · 내부 학습 교차적합,isotonic,inner_train_crossfit,equal_width_10,동일 폭 10구간(보조),2,0.2,0.3,36300,0.2439071139,0.2432231405,0.0006839734,8829,8853.828235,0.0006839734
weather_eval,classifier_calibration_20261008,7,lightgbm_tuned,LightGBM,isotonic_crossfit,Isotonic · 내부 학습 교차적합,isotonic,inner_train_crossfit,equal_width_10,동일 폭 10구간(보조),3,0.3,0.4,12145,0.3333288716,0.3341292713,0.0008003997,4058,4048.279146,-0.0008003997
weather_eval,classifier_calibration_20261008,7,lightgbm_tuned,LightGBM,isotonic_crossfit,Isotonic · 내부 학습 교차적합,isotonic,inner_train_crossfit,equal_width_10,동일 폭 10구간(보조),4,0.4,0.5,3981,0.4401598795,0.43933685,0.0008230295,1749,1752.27648,0.0008230295
weather_eval,classifier_calibration_20261008,7,lightgbm_tuned,LightGBM,isotonic_crossfit,Isotonic · 내부 학습 교차적합,isotonic,inner_train_crossfit,equal_width_10,동일 폭 10구간(보조),5,0.5,0.6,1756,0.5498518357,0.5455580866,0.0042937491,958,965.5398235,0.0042937491
weather_eval,classifier_calibration_20261008,7,lightgbm_tuned,LightGBM,isotonic_crossfit,Isotonic · 내부 학습 교차적합,isotonic,inner_train_crossfit,equal_width_10,동일 폭 10구간(보조),6,0.6,0.7,539,0.6602564313,0.6660482375,0.0057918062,359,355.8782165,-0.0057918062
weather_eval,classifier_calibration_20261008,7,lightgbm_tuned,LightGBM,isotonic_crossfit,Isotonic · 내부 학습 교차적합,isotonic,inner_train_crossfit,equal_width_10,동일 폭 10구간(보조),7,0.7,0.8,71,0.7229556925,0.7464788732,0.0235231807,53,51.32985417,-0.0235231807
weather_eval,classifier_calibration_20261008,7,lightgbm_tuned,LightGBM,isotonic_crossfit,Isotonic · 내부 학습 교차적합,isotonic,inner_train_crossfit,equal_width_10,동일 폭 10구간(보조),8,0.8,0.9,38,0.8348841062,0.7631578947,0.0717262115,29,31.72559604,0.0717262115
weather_eval,classifier_calibration_20261008,7,lightgbm_tuned,LightGBM,isotonic_crossfit,Isotonic · 내부 학습 교차적합,isotonic,inner_train_crossfit,equal_width_10,동일 폭 10구간(보조),9,0.9,1,30,0.9355252087,0.8333333333,0.1021918753,25,28.06575626,0.1021918754
