population,experiment,condition,model,model_family,model_label,search_budget,n_configurations,calibration_arm,calibration_arm_ko,calibrator,calibration_data,seed,n_rows,positive_rows,metric,value
weather_eval,classifier_compare_20261008,weather_on,lightgbm,lightgbm,LightGBM,"고정 설정(learning_rate 0.05, num_leaves 63) × 트리 수 8개",1,none,보정 없음,none,none,1,180332,31805,macro_f1_nested,0.5990089452
weather_eval,classifier_compare_20261008,weather_on,lightgbm,lightgbm,LightGBM,"고정 설정(learning_rate 0.05, num_leaves 63) × 트리 수 8개",1,none,보정 없음,none,none,1,180332,31805,log_loss,0.4366243215
weather_eval,classifier_compare_20261008,weather_on,lightgbm,lightgbm,LightGBM,"고정 설정(learning_rate 0.05, num_leaves 63) × 트리 수 8개",1,none,보정 없음,none,none,1,180332,31805,roc_auc,0.673218842
weather_eval,classifier_compare_20261008,weather_on,lightgbm,lightgbm,LightGBM,"고정 설정(learning_rate 0.05, num_leaves 63) × 트리 수 8개",1,none,보정 없음,none,none,1,180332,31805,precision_delayed,0.3330788655
weather_eval,classifier_compare_20261008,weather_on,lightgbm,lightgbm,LightGBM,"고정 설정(learning_rate 0.05, num_leaves 63) × 트리 수 8개",1,none,보정 없음,none,none,1,180332,31805,recall_delayed,0.356673479
weather_eval,classifier_compare_20261008,weather_on,lightgbm,lightgbm,LightGBM,"고정 설정(learning_rate 0.05, num_leaves 63) × 트리 수 8개",1,none,보정 없음,none,none,1,180332,31805,f1_delayed,0.3444726174
weather_eval,classifier_compare_20261008,weather_on,lightgbm,lightgbm,LightGBM,"고정 설정(learning_rate 0.05, num_leaves 63) × 트리 수 8개",1,none,보정 없음,none,none,1,180332,31805,f1_not_delayed,0.8535452729
weather_eval,classifier_compare_20261008,weather_on,logistic_regression,logistic_regression,Logistic Regression,규제 강도 C 5개,5,none,보정 없음,none,none,1,180332,31805,macro_f1_nested,0.5968317579
weather_eval,classifier_compare_20261008,weather_on,logistic_regression,logistic_regression,Logistic Regression,규제 강도 C 5개,5,none,보정 없음,none,none,1,180332,31805,log_loss,0.4370689052
weather_eval,classifier_compare_20261008,weather_on,logistic_regression,logistic_regression,Logistic Regression,규제 강도 C 5개,5,none,보정 없음,none,none,1,180332,31805,roc_auc,0.6746434769
weather_eval,classifier_compare_20261008,weather_on,logistic_regression,logistic_regression,Logistic Regression,규제 강도 C 5개,5,none,보정 없음,none,none,1,180332,31805,precision_delayed,0.3313666177
weather_eval,classifier_compare_20261008,weather_on,logistic_regression,logistic_regression,Logistic Regression,규제 강도 C 5개,5,none,보정 없음,none,none,1,180332,31805,recall_delayed,0.3478698318
weather_eval,classifier_compare_20261008,weather_on,logistic_regression,logistic_regression,Logistic Regression,규제 강도 C 5개,5,none,보정 없음,none,none,1,180332,31805,f1_delayed,0.3394177378
weather_eval,classifier_compare_20261008,weather_on,logistic_regression,logistic_regression,Logistic Regression,규제 강도 C 5개,5,none,보정 없음,none,none,1,180332,31805,f1_not_delayed,0.8542457779
weather_eval,classifier_compare_20261008,weather_on,random_forest,random_forest,Random Forest,min_samples_leaf 3개 × max_features 2개 (300그루),6,none,보정 없음,none,none,1,180332,31805,macro_f1_nested,0.6077761388
weather_eval,classifier_compare_20261008,weather_on,random_forest,random_forest,Random Forest,min_samples_leaf 3개 × max_features 2개 (300그루),6,none,보정 없음,none,none,1,180332,31805,log_loss,0.4319309475
weather_eval,classifier_compare_20261008,weather_on,random_forest,random_forest,Random Forest,min_samples_leaf 3개 × max_features 2개 (300그루),6,none,보정 없음,none,none,1,180332,31805,roc_auc,0.6871545778
weather_eval,classifier_compare_20261008,weather_on,random_forest,random_forest,Random Forest,min_samples_leaf 3개 × max_features 2개 (300그루),6,none,보정 없음,none,none,1,180332,31805,precision_delayed,0.3551639683
weather_eval,classifier_compare_20261008,weather_on,random_forest,random_forest,Random Forest,min_samples_leaf 3개 × max_features 2개 (300그루),6,none,보정 없음,none,none,1,180332,31805,recall_delayed,0.3510768747
weather_eval,classifier_compare_20261008,weather_on,random_forest,random_forest,Random Forest,min_samples_leaf 3개 × max_features 2개 (300그루),6,none,보정 없음,none,none,1,180332,31805,f1_delayed,0.3531085953
weather_eval,classifier_compare_20261008,weather_on,random_forest,random_forest,Random Forest,min_samples_leaf 3개 × max_features 2개 (300그루),6,none,보정 없음,none,none,1,180332,31805,f1_not_delayed,0.8624436823
weather_eval,classifier_compare_20261008,weather_on,lightgbm,lightgbm,LightGBM,"고정 설정(learning_rate 0.05, num_leaves 63) × 트리 수 8개",1,none,보정 없음,none,none,7,180332,31805,macro_f1_nested,0.5993263476
weather_eval,classifier_compare_20261008,weather_on,lightgbm,lightgbm,LightGBM,"고정 설정(learning_rate 0.05, num_leaves 63) × 트리 수 8개",1,none,보정 없음,none,none,7,180332,31805,log_loss,0.4366013063
weather_eval,classifier_compare_20261008,weather_on,lightgbm,lightgbm,LightGBM,"고정 설정(learning_rate 0.05, num_leaves 63) × 트리 수 8개",1,none,보정 없음,none,none,7,180332,31805,roc_auc,0.6731801961
weather_eval,classifier_compare_20261008,weather_on,lightgbm,lightgbm,LightGBM,"고정 설정(learning_rate 0.05, num_leaves 63) × 트리 수 8개",1,none,보정 없음,none,none,7,180332,31805,precision_delayed,0.3348826123
weather_eval,classifier_compare_20261008,weather_on,lightgbm,lightgbm,LightGBM,"고정 설정(learning_rate 0.05, num_leaves 63) × 트리 수 8개",1,none,보정 없음,none,none,7,180332,31805,recall_delayed,0.3534035529
weather_eval,classifier_compare_20261008,weather_on,lightgbm,lightgbm,LightGBM,"고정 설정(learning_rate 0.05, num_leaves 63) × 트리 수 8개",1,none,보정 없음,none,none,7,180332,31805,f1_delayed,0.3438938947
weather_eval,classifier_compare_20261008,weather_on,lightgbm,lightgbm,LightGBM,"고정 설정(learning_rate 0.05, num_leaves 63) × 트리 수 8개",1,none,보정 없음,none,none,7,180332,31805,f1_not_delayed,0.8547588005
weather_eval,classifier_compare_20261008,weather_on,logistic_regression,logistic_regression,Logistic Regression,규제 강도 C 5개,5,none,보정 없음,none,none,7,180332,31805,macro_f1_nested,0.5972501341
weather_eval,classifier_compare_20261008,weather_on,logistic_regression,logistic_regression,Logistic Regression,규제 강도 C 5개,5,none,보정 없음,none,none,7,180332,31805,log_loss,0.4371671703
weather_eval,classifier_compare_20261008,weather_on,logistic_regression,logistic_regression,Logistic Regression,규제 강도 C 5개,5,none,보정 없음,none,none,7,180332,31805,roc_auc,0.674338513
weather_eval,classifier_compare_20261008,weather_on,logistic_regression,logistic_regression,Logistic Regression,규제 강도 C 5개,5,none,보정 없음,none,none,7,180332,31805,precision_delayed,0.327503478
weather_eval,classifier_compare_20261008,weather_on,logistic_regression,logistic_regression,Logistic Regression,규제 강도 C 5개,5,none,보정 없음,none,none,7,180332,31805,recall_delayed,0.3626788241
weather_eval,classifier_compare_20261008,weather_on,logistic_regression,logistic_regression,Logistic Regression,규제 강도 C 5개,5,none,보정 없음,none,none,7,180332,31805,f1_delayed,0.3441947901
weather_eval,classifier_compare_20261008,weather_on,logistic_regression,logistic_regression,Logistic Regression,규제 강도 C 5개,5,none,보정 없음,none,none,7,180332,31805,f1_not_delayed,0.8503054782
weather_eval,classifier_compare_20261008,weather_on,random_forest,random_forest,Random Forest,min_samples_leaf 3개 × max_features 2개 (300그루),6,none,보정 없음,none,none,7,180332,31805,macro_f1_nested,0.6081669768
weather_eval,classifier_compare_20261008,weather_on,random_forest,random_forest,Random Forest,min_samples_leaf 3개 × max_features 2개 (300그루),6,none,보정 없음,none,none,7,180332,31805,log_loss,0.4315138428
weather_eval,classifier_compare_20261008,weather_on,random_forest,random_forest,Random Forest,min_samples_leaf 3개 × max_features 2개 (300그루),6,none,보정 없음,none,none,7,180332,31805,roc_auc,0.68785172
weather_eval,classifier_compare_20261008,weather_on,random_forest,random_forest,Random Forest,min_samples_leaf 3개 × max_features 2개 (300그루),6,none,보정 없음,none,none,7,180332,31805,precision_delayed,0.347119516
weather_eval,classifier_compare_20261008,weather_on,random_forest,random_forest,Random Forest,min_samples_leaf 3개 × max_features 2개 (300그루),6,none,보정 없음,none,none,7,180332,31805,recall_delayed,0.3734004087
weather_eval,classifier_compare_20261008,weather_on,random_forest,random_forest,Random Forest,min_samples_leaf 3개 × max_features 2개 (300그루),6,none,보정 없음,none,none,7,180332,31805,f1_delayed,0.3597806659
weather_eval,classifier_compare_20261008,weather_on,random_forest,random_forest,Random Forest,min_samples_leaf 3개 × max_features 2개 (300그루),6,none,보정 없음,none,none,7,180332,31805,f1_not_delayed,0.8565532877
weather_eval,classifier_compare_20261008,weather_on,lightgbm,lightgbm,LightGBM,"고정 설정(learning_rate 0.05, num_leaves 63) × 트리 수 8개",1,none,보정 없음,none,none,42,180332,31805,macro_f1_nested,0.5985001857
weather_eval,classifier_compare_20261008,weather_on,lightgbm,lightgbm,LightGBM,"고정 설정(learning_rate 0.05, num_leaves 63) × 트리 수 8개",1,none,보정 없음,none,none,42,180332,31805,log_loss,0.4368406866
weather_eval,classifier_compare_20261008,weather_on,lightgbm,lightgbm,LightGBM,"고정 설정(learning_rate 0.05, num_leaves 63) × 트리 수 8개",1,none,보정 없음,none,none,42,180332,31805,roc_auc,0.6724075404
weather_eval,classifier_compare_20261008,weather_on,lightgbm,lightgbm,LightGBM,"고정 설정(learning_rate 0.05, num_leaves 63) × 트리 수 8개",1,none,보정 없음,none,none,42,180332,31805,precision_delayed,0.3316618076
weather_eval,classifier_compare_20261008,weather_on,lightgbm,lightgbm,LightGBM,"고정 설정(learning_rate 0.05, num_leaves 63) × 트리 수 8개",1,none,보정 없음,none,none,42,180332,31805,recall_delayed,0.3576796101
weather_eval,classifier_compare_20261008,weather_on,lightgbm,lightgbm,LightGBM,"고정 설정(learning_rate 0.05, num_leaves 63) × 트리 수 8개",1,none,보정 없음,none,none,42,180332,31805,f1_delayed,0.3441797141
weather_eval,classifier_compare_20261008,weather_on,lightgbm,lightgbm,LightGBM,"고정 설정(learning_rate 0.05, num_leaves 63) × 트리 수 8개",1,none,보정 없음,none,none,42,180332,31805,f1_not_delayed,0.8528206573
weather_eval,classifier_compare_20261008,weather_on,logistic_regression,logistic_regression,Logistic Regression,규제 강도 C 5개,5,none,보정 없음,none,none,42,180332,31805,macro_f1_nested,0.59636605
weather_eval,classifier_compare_20261008,weather_on,logistic_regression,logistic_regression,Logistic Regression,규제 강도 C 5개,5,none,보정 없음,none,none,42,180332,31805,log_loss,0.4371953192
weather_eval,classifier_compare_20261008,weather_on,logistic_regression,logistic_regression,Logistic Regression,규제 강도 C 5개,5,none,보정 없음,none,none,42,180332,31805,roc_auc,0.6742321526
weather_eval,classifier_compare_20261008,weather_on,logistic_regression,logistic_regression,Logistic Regression,규제 강도 C 5개,5,none,보정 없음,none,none,42,180332,31805,precision_delayed,0.3198697068
weather_eval,classifier_compare_20261008,weather_on,logistic_regression,logistic_regression,Logistic Regression,규제 강도 C 5개,5,none,보정 없음,none,none,42,180332,31805,recall_delayed,0.385945606
weather_eval,classifier_compare_20261008,weather_on,logistic_regression,logistic_regression,Logistic Regression,규제 강도 C 5개,5,none,보정 없음,none,none,42,180332,31805,f1_delayed,0.349814762
weather_eval,classifier_compare_20261008,weather_on,logistic_regression,logistic_regression,Logistic Regression,규제 강도 C 5개,5,none,보정 없음,none,none,42,180332,31805,f1_not_delayed,0.842917338
weather_eval,classifier_compare_20261008,weather_on,random_forest,random_forest,Random Forest,min_samples_leaf 3개 × max_features 2개 (300그루),6,none,보정 없음,none,none,42,180332,31805,macro_f1_nested,0.6097288498
weather_eval,classifier_compare_20261008,weather_on,random_forest,random_forest,Random Forest,min_samples_leaf 3개 × max_features 2개 (300그루),6,none,보정 없음,none,none,42,180332,31805,log_loss,0.4315478401
weather_eval,classifier_compare_20261008,weather_on,random_forest,random_forest,Random Forest,min_samples_leaf 3개 × max_features 2개 (300그루),6,none,보정 없음,none,none,42,180332,31805,roc_auc,0.6875354583
weather_eval,classifier_compare_20261008,weather_on,random_forest,random_forest,Random Forest,min_samples_leaf 3개 × max_features 2개 (300그루),6,none,보정 없음,none,none,42,180332,31805,precision_delayed,0.3468165432
weather_eval,classifier_compare_20261008,weather_on,random_forest,random_forest,Random Forest,min_samples_leaf 3개 × max_features 2개 (300그루),6,none,보정 없음,none,none,42,180332,31805,recall_delayed,0.384153435
weather_eval,classifier_compare_20261008,weather_on,random_forest,random_forest,Random Forest,min_samples_leaf 3개 × max_features 2개 (300그루),6,none,보정 없음,none,none,42,180332,31805,f1_delayed,0.3645314318
weather_eval,classifier_compare_20261008,weather_on,random_forest,random_forest,Random Forest,min_samples_leaf 3개 × max_features 2개 (300그루),6,none,보정 없음,none,none,42,180332,31805,f1_not_delayed,0.8549262678
weather_eval,classifier_tuning_20261008,weather_off,random_forest_tuned,random_forest,Random Forest,9개 설정 (min_samples_leaf 10/25/50 × max_features 0.5/0.7/1.0),9,none,보정 없음,none,none,1,180332,31805,macro_f1_nested,0.582968826
weather_eval,classifier_tuning_20261008,weather_off,random_forest_tuned,random_forest,Random Forest,9개 설정 (min_samples_leaf 10/25/50 × max_features 0.5/0.7/1.0),9,none,보정 없음,none,none,1,180332,31805,log_loss,0.4434176058
weather_eval,classifier_tuning_20261008,weather_off,random_forest_tuned,random_forest,Random Forest,9개 설정 (min_samples_leaf 10/25/50 × max_features 0.5/0.7/1.0),9,none,보정 없음,none,none,1,180332,31805,roc_auc,0.6549270125
weather_eval,classifier_tuning_20261008,weather_off,random_forest_tuned,random_forest,Random Forest,9개 설정 (min_samples_leaf 10/25/50 × max_features 0.5/0.7/1.0),9,none,보정 없음,none,none,1,180332,31805,precision_delayed,0.3016072527
weather_eval,classifier_tuning_20261008,weather_off,random_forest_tuned,random_forest,Random Forest,9개 설정 (min_samples_leaf 10/25/50 × max_features 0.5/0.7/1.0),9,none,보정 없음,none,none,1,180332,31805,recall_delayed,0.3545983336
weather_eval,classifier_tuning_20261008,weather_off,random_forest_tuned,random_forest,Random Forest,9개 설정 (min_samples_leaf 10/25/50 × max_features 0.5/0.7/1.0),9,none,보정 없음,none,none,1,180332,31805,f1_delayed,0.3259631781
weather_eval,classifier_tuning_20261008,weather_off,random_forest_tuned,random_forest,Random Forest,9개 설정 (min_samples_leaf 10/25/50 × max_features 0.5/0.7/1.0),9,none,보정 없음,none,none,1,180332,31805,f1_not_delayed,0.8399744739
weather_eval,classifier_tuning_20261008,weather_on,lightgbm_tuned,lightgbm,LightGBM,"24개 설정 × 트리 수 8개 (학습률 0.03~0.1, 잎 31~127)",24,none,보정 없음,none,none,1,180332,31805,macro_f1_nested,0.5998056424
weather_eval,classifier_tuning_20261008,weather_on,lightgbm_tuned,lightgbm,LightGBM,"24개 설정 × 트리 수 8개 (학습률 0.03~0.1, 잎 31~127)",24,none,보정 없음,none,none,1,180332,31805,log_loss,0.4359277937
weather_eval,classifier_tuning_20261008,weather_on,lightgbm_tuned,lightgbm,LightGBM,"24개 설정 × 트리 수 8개 (학습률 0.03~0.1, 잎 31~127)",24,none,보정 없음,none,none,1,180332,31805,roc_auc,0.6753488685
weather_eval,classifier_tuning_20261008,weather_on,lightgbm_tuned,lightgbm,LightGBM,"24개 설정 × 트리 수 8개 (학습률 0.03~0.1, 잎 31~127)",24,none,보정 없음,none,none,1,180332,31805,precision_delayed,0.3333526884
weather_eval,classifier_tuning_20261008,weather_on,lightgbm_tuned,lightgbm,LightGBM,"24개 설정 × 트리 수 8개 (학습률 0.03~0.1, 잎 31~127)",24,none,보정 없음,none,none,1,180332,31805,recall_delayed,0.3610124194
weather_eval,classifier_tuning_20261008,weather_on,lightgbm_tuned,lightgbm,LightGBM,"24개 설정 × 트리 수 8개 (학습률 0.03~0.1, 잎 31~127)",24,none,보정 없음,none,none,1,180332,31805,f1_delayed,0.3466316473
weather_eval,classifier_tuning_20261008,weather_on,lightgbm_tuned,lightgbm,LightGBM,"24개 설정 × 트리 수 8개 (학습률 0.03~0.1, 잎 31~127)",24,none,보정 없음,none,none,1,180332,31805,f1_not_delayed,0.8529796376
weather_eval,classifier_tuning_20261008,weather_on,random_forest_tuned,random_forest,Random Forest,9개 설정 (min_samples_leaf 10/25/50 × max_features 0.5/0.7/1.0),9,none,보정 없음,none,none,1,180332,31805,macro_f1_nested,0.6072768341
weather_eval,classifier_tuning_20261008,weather_on,random_forest_tuned,random_forest,Random Forest,9개 설정 (min_samples_leaf 10/25/50 × max_features 0.5/0.7/1.0),9,none,보정 없음,none,none,1,180332,31805,log_loss,0.4320111152
weather_eval,classifier_tuning_20261008,weather_on,random_forest_tuned,random_forest,Random Forest,9개 설정 (min_samples_leaf 10/25/50 × max_features 0.5/0.7/1.0),9,none,보정 없음,none,none,1,180332,31805,roc_auc,0.6867211364
weather_eval,classifier_tuning_20261008,weather_on,random_forest_tuned,random_forest,Random Forest,9개 설정 (min_samples_leaf 10/25/50 × max_features 0.5/0.7/1.0),9,none,보정 없음,none,none,1,180332,31805,precision_delayed,0.3467813442
weather_eval,classifier_tuning_20261008,weather_on,random_forest_tuned,random_forest,Random Forest,9개 설정 (min_samples_leaf 10/25/50 × max_features 0.5/0.7/1.0),9,none,보정 없음,none,none,1,180332,31805,recall_delayed,0.3689042603
weather_eval,classifier_tuning_20261008,weather_on,random_forest_tuned,random_forest,Random Forest,9개 설정 (min_samples_leaf 10/25/50 × max_features 0.5/0.7/1.0),9,none,보정 없음,none,none,1,180332,31805,f1_delayed,0.357500876
weather_eval,classifier_tuning_20261008,weather_on,random_forest_tuned,random_forest,Random Forest,9개 설정 (min_samples_leaf 10/25/50 × max_features 0.5/0.7/1.0),9,none,보정 없음,none,none,1,180332,31805,f1_not_delayed,0.8570527921
weather_eval,classifier_tuning_20261008,weather_off,random_forest_tuned,random_forest,Random Forest,9개 설정 (min_samples_leaf 10/25/50 × max_features 0.5/0.7/1.0),9,none,보정 없음,none,none,7,180332,31805,macro_f1_nested,0.5818118064
weather_eval,classifier_tuning_20261008,weather_off,random_forest_tuned,random_forest,Random Forest,9개 설정 (min_samples_leaf 10/25/50 × max_features 0.5/0.7/1.0),9,none,보정 없음,none,none,7,180332,31805,log_loss,0.4435710234
weather_eval,classifier_tuning_20261008,weather_off,random_forest_tuned,random_forest,Random Forest,9개 설정 (min_samples_leaf 10/25/50 × max_features 0.5/0.7/1.0),9,none,보정 없음,none,none,7,180332,31805,roc_auc,0.6540251765
weather_eval,classifier_tuning_20261008,weather_off,random_forest_tuned,random_forest,Random Forest,9개 설정 (min_samples_leaf 10/25/50 × max_features 0.5/0.7/1.0),9,none,보정 없음,none,none,7,180332,31805,precision_delayed,0.3056661203
weather_eval,classifier_tuning_20261008,weather_off,random_forest_tuned,random_forest,Random Forest,9개 설정 (min_samples_leaf 10/25/50 × max_features 0.5/0.7/1.0),9,none,보정 없음,none,none,7,180332,31805,recall_delayed,0.3283760415
weather_eval,classifier_tuning_20261008,weather_off,random_forest_tuned,random_forest,Random Forest,9개 설정 (min_samples_leaf 10/25/50 × max_features 0.5/0.7/1.0),9,none,보정 없음,none,none,7,180332,31805,f1_delayed,0.3166143725
weather_eval,classifier_tuning_20261008,weather_off,random_forest_tuned,random_forest,Random Forest,9개 설정 (min_samples_leaf 10/25/50 × max_features 0.5/0.7/1.0),9,none,보정 없음,none,none,7,180332,31805,f1_not_delayed,0.8470092402
weather_eval,classifier_tuning_20261008,weather_on,lightgbm_tuned,lightgbm,LightGBM,"24개 설정 × 트리 수 8개 (학습률 0.03~0.1, 잎 31~127)",24,none,보정 없음,none,none,7,180332,31805,macro_f1_nested,0.6007702174
weather_eval,classifier_tuning_20261008,weather_on,lightgbm_tuned,lightgbm,LightGBM,"24개 설정 × 트리 수 8개 (학습률 0.03~0.1, 잎 31~127)",24,none,보정 없음,none,none,7,180332,31805,log_loss,0.4359787787
weather_eval,classifier_tuning_20261008,weather_on,lightgbm_tuned,lightgbm,LightGBM,"24개 설정 × 트리 수 8개 (학습률 0.03~0.1, 잎 31~127)",24,none,보정 없음,none,none,7,180332,31805,roc_auc,0.6745162481
weather_eval,classifier_tuning_20261008,weather_on,lightgbm_tuned,lightgbm,LightGBM,"24개 설정 × 트리 수 8개 (학습률 0.03~0.1, 잎 31~127)",24,none,보정 없음,none,none,7,180332,31805,precision_delayed,0.3349510331
weather_eval,classifier_tuning_20261008,weather_on,lightgbm_tuned,lightgbm,LightGBM,"24개 설정 × 트리 수 8개 (학습률 0.03~0.1, 잎 31~127)",24,none,보정 없음,none,none,7,180332,31805,recall_delayed,0.3623958497
weather_eval,classifier_tuning_20261008,weather_on,lightgbm_tuned,lightgbm,LightGBM,"24개 설정 × 트리 수 8개 (학습률 0.03~0.1, 잎 31~127)",24,none,보정 없음,none,none,7,180332,31805,f1_delayed,0.3481333817
weather_eval,classifier_tuning_20261008,weather_on,lightgbm_tuned,lightgbm,LightGBM,"24개 설정 × 트리 수 8개 (학습률 0.03~0.1, 잎 31~127)",24,none,보정 없음,none,none,7,180332,31805,f1_not_delayed,0.8534070532
weather_eval,classifier_tuning_20261008,weather_on,random_forest_tuned,random_forest,Random Forest,9개 설정 (min_samples_leaf 10/25/50 × max_features 0.5/0.7/1.0),9,none,보정 없음,none,none,7,180332,31805,macro_f1_nested,0.6082762292
weather_eval,classifier_tuning_20261008,weather_on,random_forest_tuned,random_forest,Random Forest,9개 설정 (min_samples_leaf 10/25/50 × max_features 0.5/0.7/1.0),9,none,보정 없음,none,none,7,180332,31805,log_loss,0.4315764048
weather_eval,classifier_tuning_20261008,weather_on,random_forest_tuned,random_forest,Random Forest,9개 설정 (min_samples_leaf 10/25/50 × max_features 0.5/0.7/1.0),9,none,보정 없음,none,none,7,180332,31805,roc_auc,0.687694604
weather_eval,classifier_tuning_20261008,weather_on,random_forest_tuned,random_forest,Random Forest,9개 설정 (min_samples_leaf 10/25/50 × max_features 0.5/0.7/1.0),9,none,보정 없음,none,none,7,180332,31805,precision_delayed,0.3492484791
weather_eval,classifier_tuning_20261008,weather_on,random_forest_tuned,random_forest,Random Forest,9개 설정 (min_samples_leaf 10/25/50 × max_features 0.5/0.7/1.0),9,none,보정 없음,none,none,7,180332,31805,recall_delayed,0.3682125452
weather_eval,classifier_tuning_20261008,weather_on,random_forest_tuned,random_forest,Random Forest,9개 설정 (min_samples_leaf 10/25/50 × max_features 0.5/0.7/1.0),9,none,보정 없음,none,none,7,180332,31805,f1_delayed,0.3584798812
weather_eval,classifier_tuning_20261008,weather_on,random_forest_tuned,random_forest,Random Forest,9개 설정 (min_samples_leaf 10/25/50 × max_features 0.5/0.7/1.0),9,none,보정 없음,none,none,7,180332,31805,f1_not_delayed,0.8580725772
weather_eval,classifier_tuning_20261008,weather_off,random_forest_tuned,random_forest,Random Forest,9개 설정 (min_samples_leaf 10/25/50 × max_features 0.5/0.7/1.0),9,none,보정 없음,none,none,42,180332,31805,macro_f1_nested,0.582135653
weather_eval,classifier_tuning_20261008,weather_off,random_forest_tuned,random_forest,Random Forest,9개 설정 (min_samples_leaf 10/25/50 × max_features 0.5/0.7/1.0),9,none,보정 없음,none,none,42,180332,31805,log_loss,0.4435411902
weather_eval,classifier_tuning_20261008,weather_off,random_forest_tuned,random_forest,Random Forest,9개 설정 (min_samples_leaf 10/25/50 × max_features 0.5/0.7/1.0),9,none,보정 없음,none,none,42,180332,31805,roc_auc,0.6544513433
weather_eval,classifier_tuning_20261008,weather_off,random_forest_tuned,random_forest,Random Forest,9개 설정 (min_samples_leaf 10/25/50 × max_features 0.5/0.7/1.0),9,none,보정 없음,none,none,42,180332,31805,precision_delayed,0.3051948052
weather_eval,classifier_tuning_20261008,weather_off,random_forest_tuned,random_forest,Random Forest,9개 설정 (min_samples_leaf 10/25/50 × max_features 0.5/0.7/1.0),9,none,보정 없음,none,none,42,180332,31805,recall_delayed,0.3324948907
weather_eval,classifier_tuning_20261008,weather_off,random_forest_tuned,random_forest,Random Forest,9개 설정 (min_samples_leaf 10/25/50 × max_features 0.5/0.7/1.0),9,none,보정 없음,none,none,42,180332,31805,f1_delayed,0.318260477
weather_eval,classifier_tuning_20261008,weather_off,random_forest_tuned,random_forest,Random Forest,9개 설정 (min_samples_leaf 10/25/50 × max_features 0.5/0.7/1.0),9,none,보정 없음,none,none,42,180332,31805,f1_not_delayed,0.846010829
weather_eval,classifier_tuning_20261008,weather_on,lightgbm_tuned,lightgbm,LightGBM,"24개 설정 × 트리 수 8개 (학습률 0.03~0.1, 잎 31~127)",24,none,보정 없음,none,none,42,180332,31805,macro_f1_nested,0.6008266638
weather_eval,classifier_tuning_20261008,weather_on,lightgbm_tuned,lightgbm,LightGBM,"24개 설정 × 트리 수 8개 (학습률 0.03~0.1, 잎 31~127)",24,none,보정 없음,none,none,42,180332,31805,log_loss,0.4360232139
weather_eval,classifier_tuning_20261008,weather_on,lightgbm_tuned,lightgbm,LightGBM,"24개 설정 × 트리 수 8개 (학습률 0.03~0.1, 잎 31~127)",24,none,보정 없음,none,none,42,180332,31805,roc_auc,0.6746701349
weather_eval,classifier_tuning_20261008,weather_on,lightgbm_tuned,lightgbm,LightGBM,"24개 설정 × 트리 수 8개 (학습률 0.03~0.1, 잎 31~127)",24,none,보정 없음,none,none,42,180332,31805,precision_delayed,0.3383785088
weather_eval,classifier_tuning_20261008,weather_on,lightgbm_tuned,lightgbm,LightGBM,"24개 설정 × 트리 수 8개 (학습률 0.03~0.1, 잎 31~127)",24,none,보정 없음,none,none,42,180332,31805,recall_delayed,0.3528690457
weather_eval,classifier_tuning_20261008,weather_on,lightgbm_tuned,lightgbm,LightGBM,"24개 설정 × 트리 수 8개 (학습률 0.03~0.1, 잎 31~127)",24,none,보정 없음,none,none,42,180332,31805,f1_delayed,0.3454718956
weather_eval,classifier_tuning_20261008,weather_on,lightgbm_tuned,lightgbm,LightGBM,"24개 설정 × 트리 수 8개 (학습률 0.03~0.1, 잎 31~127)",24,none,보정 없음,none,none,42,180332,31805,f1_not_delayed,0.856181432
weather_eval,classifier_tuning_20261008,weather_on,random_forest_tuned,random_forest,Random Forest,9개 설정 (min_samples_leaf 10/25/50 × max_features 0.5/0.7/1.0),9,none,보정 없음,none,none,42,180332,31805,macro_f1_nested,0.6098818884
weather_eval,classifier_tuning_20261008,weather_on,random_forest_tuned,random_forest,Random Forest,9개 설정 (min_samples_leaf 10/25/50 × max_features 0.5/0.7/1.0),9,none,보정 없음,none,none,42,180332,31805,log_loss,0.4315713183
weather_eval,classifier_tuning_20261008,weather_on,random_forest_tuned,random_forest,Random Forest,9개 설정 (min_samples_leaf 10/25/50 × max_features 0.5/0.7/1.0),9,none,보정 없음,none,none,42,180332,31805,roc_auc,0.6874286699
weather_eval,classifier_tuning_20261008,weather_on,random_forest_tuned,random_forest,Random Forest,9개 설정 (min_samples_leaf 10/25/50 × max_features 0.5/0.7/1.0),9,none,보정 없음,none,none,42,180332,31805,precision_delayed,0.3469752404
weather_eval,classifier_tuning_20261008,weather_on,random_forest_tuned,random_forest,Random Forest,9개 설정 (min_samples_leaf 10/25/50 × max_features 0.5/0.7/1.0),9,none,보정 없음,none,none,42,180332,31805,recall_delayed,0.3846565006
weather_eval,classifier_tuning_20261008,weather_on,random_forest_tuned,random_forest,Random Forest,9개 설정 (min_samples_leaf 10/25/50 × max_features 0.5/0.7/1.0),9,none,보정 없음,none,none,42,180332,31805,f1_delayed,0.3648455207
weather_eval,classifier_tuning_20261008,weather_on,random_forest_tuned,random_forest,Random Forest,9개 설정 (min_samples_leaf 10/25/50 × max_features 0.5/0.7/1.0),9,none,보정 없음,none,none,42,180332,31805,f1_not_delayed,0.8549182561
weather_eval,classifier_grid_ext_20261008_lgbm,weather_on,lightgbm_ext,lightgbm,LightGBM,"18개 설정 × 트리 수 최대 10개 (학습률 0.01~0.03, 잎 127/255/511, 상한 1500)",18,none,보정 없음,none,none,1,180332,31805,macro_f1_nested,0.6004978365
weather_eval,classifier_grid_ext_20261008_lgbm,weather_on,lightgbm_ext,lightgbm,LightGBM,"18개 설정 × 트리 수 최대 10개 (학습률 0.01~0.03, 잎 127/255/511, 상한 1500)",18,none,보정 없음,none,none,1,180332,31805,log_loss,0.4360997951
weather_eval,classifier_grid_ext_20261008_lgbm,weather_on,lightgbm_ext,lightgbm,LightGBM,"18개 설정 × 트리 수 최대 10개 (학습률 0.01~0.03, 잎 127/255/511, 상한 1500)",18,none,보정 없음,none,none,1,180332,31805,roc_auc,0.6748372392
weather_eval,classifier_grid_ext_20261008_lgbm,weather_on,lightgbm_ext,lightgbm,LightGBM,"18개 설정 × 트리 수 최대 10개 (학습률 0.01~0.03, 잎 127/255/511, 상한 1500)",18,none,보정 없음,none,none,1,180332,31805,precision_delayed,0.3351280176
weather_eval,classifier_grid_ext_20261008_lgbm,weather_on,lightgbm_ext,lightgbm,LightGBM,"18개 설정 × 트리 수 최대 10개 (학습률 0.01~0.03, 잎 127/255/511, 상한 1500)",18,none,보정 없음,none,none,1,180332,31805,recall_delayed,0.3601006131
weather_eval,classifier_grid_ext_20261008_lgbm,weather_on,lightgbm_ext,lightgbm,LightGBM,"18개 설정 × 트리 수 최대 10개 (학습률 0.01~0.03, 잎 127/255/511, 상한 1500)",18,none,보정 없음,none,none,1,180332,31805,f1_delayed,0.3471658078
weather_eval,classifier_grid_ext_20261008_lgbm,weather_on,lightgbm_ext,lightgbm,LightGBM,"18개 설정 × 트리 수 최대 10개 (학습률 0.01~0.03, 잎 127/255/511, 상한 1500)",18,none,보정 없음,none,none,1,180332,31805,f1_not_delayed,0.8538298652
weather_eval,classifier_grid_ext_20261008_lgbm,weather_on,lightgbm_ext,lightgbm,LightGBM,"18개 설정 × 트리 수 최대 10개 (학습률 0.01~0.03, 잎 127/255/511, 상한 1500)",18,none,보정 없음,none,none,7,180332,31805,macro_f1_nested,0.6007168849
weather_eval,classifier_grid_ext_20261008_lgbm,weather_on,lightgbm_ext,lightgbm,LightGBM,"18개 설정 × 트리 수 최대 10개 (학습률 0.01~0.03, 잎 127/255/511, 상한 1500)",18,none,보정 없음,none,none,7,180332,31805,log_loss,0.4359307565
weather_eval,classifier_grid_ext_20261008_lgbm,weather_on,lightgbm_ext,lightgbm,LightGBM,"18개 설정 × 트리 수 최대 10개 (학습률 0.01~0.03, 잎 127/255/511, 상한 1500)",18,none,보정 없음,none,none,7,180332,31805,roc_auc,0.6746651195
weather_eval,classifier_grid_ext_20261008_lgbm,weather_on,lightgbm_ext,lightgbm,LightGBM,"18개 설정 × 트리 수 최대 10개 (학습률 0.01~0.03, 잎 127/255/511, 상한 1500)",18,none,보정 없음,none,none,7,180332,31805,precision_delayed,0.3330488221
weather_eval,classifier_grid_ext_20261008_lgbm,weather_on,lightgbm_ext,lightgbm,LightGBM,"18개 설정 × 트리 수 최대 10개 (학습률 0.01~0.03, 잎 127/255/511, 상한 1500)",18,none,보정 없음,none,none,7,180332,31805,recall_delayed,0.3680553372
weather_eval,classifier_grid_ext_20261008_lgbm,weather_on,lightgbm_ext,lightgbm,LightGBM,"18개 설정 × 트리 수 최대 10개 (학습률 0.01~0.03, 잎 127/255/511, 상한 1500)",18,none,보정 없음,none,none,7,180332,31805,f1_delayed,0.3496781324
weather_eval,classifier_grid_ext_20261008_lgbm,weather_on,lightgbm_ext,lightgbm,LightGBM,"18개 설정 × 트리 수 최대 10개 (학습률 0.01~0.03, 잎 127/255/511, 상한 1500)",18,none,보정 없음,none,none,7,180332,31805,f1_not_delayed,0.8517556373
weather_eval,classifier_grid_ext_20261008_lgbm,weather_on,lightgbm_ext,lightgbm,LightGBM,"18개 설정 × 트리 수 최대 10개 (학습률 0.01~0.03, 잎 127/255/511, 상한 1500)",18,none,보정 없음,none,none,42,180332,31805,macro_f1_nested,0.6005558105
weather_eval,classifier_grid_ext_20261008_lgbm,weather_on,lightgbm_ext,lightgbm,LightGBM,"18개 설정 × 트리 수 최대 10개 (학습률 0.01~0.03, 잎 127/255/511, 상한 1500)",18,none,보정 없음,none,none,42,180332,31805,log_loss,0.4361716113
weather_eval,classifier_grid_ext_20261008_lgbm,weather_on,lightgbm_ext,lightgbm,LightGBM,"18개 설정 × 트리 수 최대 10개 (학습률 0.01~0.03, 잎 127/255/511, 상한 1500)",18,none,보정 없음,none,none,42,180332,31805,roc_auc,0.6738244593
weather_eval,classifier_grid_ext_20261008_lgbm,weather_on,lightgbm_ext,lightgbm,LightGBM,"18개 설정 × 트리 수 최대 10개 (학습률 0.01~0.03, 잎 127/255/511, 상한 1500)",18,none,보정 없음,none,none,42,180332,31805,precision_delayed,0.337777644
weather_eval,classifier_grid_ext_20261008_lgbm,weather_on,lightgbm_ext,lightgbm,LightGBM,"18개 설정 × 트리 수 최대 10개 (학습률 0.01~0.03, 잎 127/255/511, 상한 1500)",18,none,보정 없음,none,none,42,180332,31805,recall_delayed,0.3528690457
weather_eval,classifier_grid_ext_20261008_lgbm,weather_on,lightgbm_ext,lightgbm,LightGBM,"18개 설정 × 트리 수 최대 10개 (학습률 0.01~0.03, 잎 127/255/511, 상한 1500)",18,none,보정 없음,none,none,42,180332,31805,f1_delayed,0.3451584629
weather_eval,classifier_grid_ext_20261008_lgbm,weather_on,lightgbm_ext,lightgbm,LightGBM,"18개 설정 × 트리 수 최대 10개 (학습률 0.01~0.03, 잎 127/255/511, 상한 1500)",18,none,보정 없음,none,none,42,180332,31805,f1_not_delayed,0.8559531581
weather_eval,classifier_grid_ext_20261008_rf,weather_off,random_forest_ext,random_forest,Random Forest,15개 설정 (min_samples_leaf 25~400 × max_features 0.5/0.7/1.0),15,none,보정 없음,none,none,1,180332,31805,macro_f1_nested,0.5830355735
weather_eval,classifier_grid_ext_20261008_rf,weather_off,random_forest_ext,random_forest,Random Forest,15개 설정 (min_samples_leaf 25~400 × max_features 0.5/0.7/1.0),15,none,보정 없음,none,none,1,180332,31805,log_loss,0.4432532594
weather_eval,classifier_grid_ext_20261008_rf,weather_off,random_forest_ext,random_forest,Random Forest,15개 설정 (min_samples_leaf 25~400 × max_features 0.5/0.7/1.0),15,none,보정 없음,none,none,1,180332,31805,roc_auc,0.65544845
weather_eval,classifier_grid_ext_20261008_rf,weather_off,random_forest_ext,random_forest,Random Forest,15개 설정 (min_samples_leaf 25~400 × max_features 0.5/0.7/1.0),15,none,보정 없음,none,none,1,180332,31805,precision_delayed,0.301304013
weather_eval,classifier_grid_ext_20261008_rf,weather_off,random_forest_ext,random_forest,Random Forest,15개 설정 (min_samples_leaf 25~400 × max_features 0.5/0.7/1.0),15,none,보정 없음,none,none,1,180332,31805,recall_delayed,0.3567049206
weather_eval,classifier_grid_ext_20261008_rf,weather_off,random_forest_ext,random_forest,Random Forest,15개 설정 (min_samples_leaf 25~400 × max_features 0.5/0.7/1.0),15,none,보정 없음,none,none,1,180332,31805,f1_delayed,0.3266722336
weather_eval,classifier_grid_ext_20261008_rf,weather_off,random_forest_ext,random_forest,Random Forest,15개 설정 (min_samples_leaf 25~400 × max_features 0.5/0.7/1.0),15,none,보정 없음,none,none,1,180332,31805,f1_not_delayed,0.8393989135
weather_eval,classifier_grid_ext_20261008_rf,weather_on,random_forest_ext,random_forest,Random Forest,15개 설정 (min_samples_leaf 25~400 × max_features 0.5/0.7/1.0),15,none,보정 없음,none,none,1,180332,31805,macro_f1_nested,0.6072768341
weather_eval,classifier_grid_ext_20261008_rf,weather_on,random_forest_ext,random_forest,Random Forest,15개 설정 (min_samples_leaf 25~400 × max_features 0.5/0.7/1.0),15,none,보정 없음,none,none,1,180332,31805,log_loss,0.4320111152
weather_eval,classifier_grid_ext_20261008_rf,weather_on,random_forest_ext,random_forest,Random Forest,15개 설정 (min_samples_leaf 25~400 × max_features 0.5/0.7/1.0),15,none,보정 없음,none,none,1,180332,31805,roc_auc,0.6867211364
weather_eval,classifier_grid_ext_20261008_rf,weather_on,random_forest_ext,random_forest,Random Forest,15개 설정 (min_samples_leaf 25~400 × max_features 0.5/0.7/1.0),15,none,보정 없음,none,none,1,180332,31805,precision_delayed,0.3467813442
weather_eval,classifier_grid_ext_20261008_rf,weather_on,random_forest_ext,random_forest,Random Forest,15개 설정 (min_samples_leaf 25~400 × max_features 0.5/0.7/1.0),15,none,보정 없음,none,none,1,180332,31805,recall_delayed,0.3689042603
weather_eval,classifier_grid_ext_20261008_rf,weather_on,random_forest_ext,random_forest,Random Forest,15개 설정 (min_samples_leaf 25~400 × max_features 0.5/0.7/1.0),15,none,보정 없음,none,none,1,180332,31805,f1_delayed,0.357500876
weather_eval,classifier_grid_ext_20261008_rf,weather_on,random_forest_ext,random_forest,Random Forest,15개 설정 (min_samples_leaf 25~400 × max_features 0.5/0.7/1.0),15,none,보정 없음,none,none,1,180332,31805,f1_not_delayed,0.8570527921
weather_eval,classifier_grid_ext_20261008_rf,weather_off,random_forest_ext,random_forest,Random Forest,15개 설정 (min_samples_leaf 25~400 × max_features 0.5/0.7/1.0),15,none,보정 없음,none,none,7,180332,31805,macro_f1_nested,0.5822747302
weather_eval,classifier_grid_ext_20261008_rf,weather_off,random_forest_ext,random_forest,Random Forest,15개 설정 (min_samples_leaf 25~400 × max_features 0.5/0.7/1.0),15,none,보정 없음,none,none,7,180332,31805,log_loss,0.4434603799
weather_eval,classifier_grid_ext_20261008_rf,weather_off,random_forest_ext,random_forest,Random Forest,15개 설정 (min_samples_leaf 25~400 × max_features 0.5/0.7/1.0),15,none,보정 없음,none,none,7,180332,31805,roc_auc,0.6544002158
weather_eval,classifier_grid_ext_20261008_rf,weather_off,random_forest_ext,random_forest,Random Forest,15개 설정 (min_samples_leaf 25~400 × max_features 0.5/0.7/1.0),15,none,보정 없음,none,none,7,180332,31805,precision_delayed,0.3033585223
weather_eval,classifier_grid_ext_20261008_rf,weather_off,random_forest_ext,random_forest,Random Forest,15개 설정 (min_samples_leaf 25~400 × max_features 0.5/0.7/1.0),15,none,보정 없음,none,none,7,180332,31805,recall_delayed,0.3407954724
weather_eval,classifier_grid_ext_20261008_rf,weather_off,random_forest_ext,random_forest,Random Forest,15개 설정 (min_samples_leaf 25~400 × max_features 0.5/0.7/1.0),15,none,보정 없음,none,none,7,180332,31805,f1_delayed,0.3209891168
weather_eval,classifier_grid_ext_20261008_rf,weather_off,random_forest_ext,random_forest,Random Forest,15개 설정 (min_samples_leaf 25~400 × max_features 0.5/0.7/1.0),15,none,보정 없음,none,none,7,180332,31805,f1_not_delayed,0.8435603437
weather_eval,classifier_grid_ext_20261008_rf,weather_on,random_forest_ext,random_forest,Random Forest,15개 설정 (min_samples_leaf 25~400 × max_features 0.5/0.7/1.0),15,none,보정 없음,none,none,7,180332,31805,macro_f1_nested,0.6082762292
weather_eval,classifier_grid_ext_20261008_rf,weather_on,random_forest_ext,random_forest,Random Forest,15개 설정 (min_samples_leaf 25~400 × max_features 0.5/0.7/1.0),15,none,보정 없음,none,none,7,180332,31805,log_loss,0.4315764048
weather_eval,classifier_grid_ext_20261008_rf,weather_on,random_forest_ext,random_forest,Random Forest,15개 설정 (min_samples_leaf 25~400 × max_features 0.5/0.7/1.0),15,none,보정 없음,none,none,7,180332,31805,roc_auc,0.687694604
weather_eval,classifier_grid_ext_20261008_rf,weather_on,random_forest_ext,random_forest,Random Forest,15개 설정 (min_samples_leaf 25~400 × max_features 0.5/0.7/1.0),15,none,보정 없음,none,none,7,180332,31805,precision_delayed,0.3492484791
weather_eval,classifier_grid_ext_20261008_rf,weather_on,random_forest_ext,random_forest,Random Forest,15개 설정 (min_samples_leaf 25~400 × max_features 0.5/0.7/1.0),15,none,보정 없음,none,none,7,180332,31805,recall_delayed,0.3682125452
weather_eval,classifier_grid_ext_20261008_rf,weather_on,random_forest_ext,random_forest,Random Forest,15개 설정 (min_samples_leaf 25~400 × max_features 0.5/0.7/1.0),15,none,보정 없음,none,none,7,180332,31805,f1_delayed,0.3584798812
weather_eval,classifier_grid_ext_20261008_rf,weather_on,random_forest_ext,random_forest,Random Forest,15개 설정 (min_samples_leaf 25~400 × max_features 0.5/0.7/1.0),15,none,보정 없음,none,none,7,180332,31805,f1_not_delayed,0.8580725772
weather_eval,classifier_grid_ext_20261008_rf,weather_off,random_forest_ext,random_forest,Random Forest,15개 설정 (min_samples_leaf 25~400 × max_features 0.5/0.7/1.0),15,none,보정 없음,none,none,42,180332,31805,macro_f1_nested,0.5843907219
weather_eval,classifier_grid_ext_20261008_rf,weather_off,random_forest_ext,random_forest,Random Forest,15개 설정 (min_samples_leaf 25~400 × max_features 0.5/0.7/1.0),15,none,보정 없음,none,none,42,180332,31805,log_loss,0.4434434261
weather_eval,classifier_grid_ext_20261008_rf,weather_off,random_forest_ext,random_forest,Random Forest,15개 설정 (min_samples_leaf 25~400 × max_features 0.5/0.7/1.0),15,none,보정 없음,none,none,42,180332,31805,roc_auc,0.6547345008
weather_eval,classifier_grid_ext_20261008_rf,weather_off,random_forest_ext,random_forest,Random Forest,15개 설정 (min_samples_leaf 25~400 × max_features 0.5/0.7/1.0),15,none,보정 없음,none,none,42,180332,31805,precision_delayed,0.310202639
weather_eval,classifier_grid_ext_20261008_rf,weather_off,random_forest_ext,random_forest,Random Forest,15개 설정 (min_samples_leaf 25~400 × max_features 0.5/0.7/1.0),15,none,보정 없음,none,none,42,180332,31805,recall_delayed,0.3311429021
weather_eval,classifier_grid_ext_20261008_rf,weather_off,random_forest_ext,random_forest,Random Forest,15개 설정 (min_samples_leaf 25~400 × max_features 0.5/0.7/1.0),15,none,보정 없음,none,none,42,180332,31805,f1_delayed,0.3203309153
weather_eval,classifier_grid_ext_20261008_rf,weather_off,random_forest_ext,random_forest,Random Forest,15개 설정 (min_samples_leaf 25~400 × max_features 0.5/0.7/1.0),15,none,보정 없음,none,none,42,180332,31805,f1_not_delayed,0.8484505285
weather_eval,classifier_grid_ext_20261008_rf,weather_on,random_forest_ext,random_forest,Random Forest,15개 설정 (min_samples_leaf 25~400 × max_features 0.5/0.7/1.0),15,none,보정 없음,none,none,42,180332,31805,macro_f1_nested,0.6098818884
weather_eval,classifier_grid_ext_20261008_rf,weather_on,random_forest_ext,random_forest,Random Forest,15개 설정 (min_samples_leaf 25~400 × max_features 0.5/0.7/1.0),15,none,보정 없음,none,none,42,180332,31805,log_loss,0.4315713183
weather_eval,classifier_grid_ext_20261008_rf,weather_on,random_forest_ext,random_forest,Random Forest,15개 설정 (min_samples_leaf 25~400 × max_features 0.5/0.7/1.0),15,none,보정 없음,none,none,42,180332,31805,roc_auc,0.6874286699
weather_eval,classifier_grid_ext_20261008_rf,weather_on,random_forest_ext,random_forest,Random Forest,15개 설정 (min_samples_leaf 25~400 × max_features 0.5/0.7/1.0),15,none,보정 없음,none,none,42,180332,31805,precision_delayed,0.3469752404
weather_eval,classifier_grid_ext_20261008_rf,weather_on,random_forest_ext,random_forest,Random Forest,15개 설정 (min_samples_leaf 25~400 × max_features 0.5/0.7/1.0),15,none,보정 없음,none,none,42,180332,31805,recall_delayed,0.3846565006
weather_eval,classifier_grid_ext_20261008_rf,weather_on,random_forest_ext,random_forest,Random Forest,15개 설정 (min_samples_leaf 25~400 × max_features 0.5/0.7/1.0),15,none,보정 없음,none,none,42,180332,31805,f1_delayed,0.3648455207
weather_eval,classifier_grid_ext_20261008_rf,weather_on,random_forest_ext,random_forest,Random Forest,15개 설정 (min_samples_leaf 25~400 × max_features 0.5/0.7/1.0),15,none,보정 없음,none,none,42,180332,31805,f1_not_delayed,0.8549182561
weather_eval,classifier_calibration_20261008,weather_on,logistic_regression,logistic_regression,Logistic Regression,규제 강도 C 5개,5,none,보정 없음,none,none,1,180332,31805,macro_f1_nested,0.5968317579
weather_eval,classifier_calibration_20261008,weather_on,logistic_regression,logistic_regression,Logistic Regression,규제 강도 C 5개,5,none,보정 없음,none,none,1,180332,31805,log_loss,0.4370689069
weather_eval,classifier_calibration_20261008,weather_on,logistic_regression,logistic_regression,Logistic Regression,규제 강도 C 5개,5,none,보정 없음,none,none,1,180332,31805,roc_auc,0.6746434542
weather_eval,classifier_calibration_20261008,weather_on,logistic_regression,logistic_regression,Logistic Regression,규제 강도 C 5개,5,none,보정 없음,none,none,1,180332,31805,precision_delayed,0.3313666177
weather_eval,classifier_calibration_20261008,weather_on,logistic_regression,logistic_regression,Logistic Regression,규제 강도 C 5개,5,none,보정 없음,none,none,1,180332,31805,recall_delayed,0.3478698318
weather_eval,classifier_calibration_20261008,weather_on,logistic_regression,logistic_regression,Logistic Regression,규제 강도 C 5개,5,none,보정 없음,none,none,1,180332,31805,f1_delayed,0.3394177378
weather_eval,classifier_calibration_20261008,weather_on,logistic_regression,logistic_regression,Logistic Regression,규제 강도 C 5개,5,none,보정 없음,none,none,1,180332,31805,f1_not_delayed,0.8542457779
weather_eval,classifier_calibration_20261008,weather_on,logistic_regression,logistic_regression,Logistic Regression,규제 강도 C 5개,5,none,보정 없음,none,none,1,180332,31805,brier,0.1364109843
weather_eval,classifier_calibration_20261008,weather_on,logistic_regression,logistic_regression,Logistic Regression,규제 강도 C 5개,5,none,보정 없음,none,none,1,180332,31805,ece_ef15,0.004076875533
weather_eval,classifier_calibration_20261008,weather_on,logistic_regression,logistic_regression,Logistic Regression,규제 강도 C 5개,5,none,보정 없음,none,none,1,180332,31805,ece_ew10,0.00421466988
weather_eval,classifier_calibration_20261008,weather_on,logistic_regression,logistic_regression,Logistic Regression,규제 강도 C 5개,5,none,보정 없음,none,none,1,180332,31805,calibration_bias,-1.590209737e-05
weather_eval,classifier_calibration_20261008,weather_on,logistic_regression,logistic_regression,Logistic Regression,규제 강도 C 5개,5,none,보정 없음,none,none,1,180332,31805,mean_probability,0.1763532393
weather_eval,classifier_calibration_20261008,weather_on,logistic_regression,logistic_regression,Logistic Regression,규제 강도 C 5개,5,platt_inner_holdout,Platt · 내부 검증 행 적합(선택 행 재사용),platt,inner_holdout,1,180332,31805,macro_f1_nested,0.5971803246
weather_eval,classifier_calibration_20261008,weather_on,logistic_regression,logistic_regression,Logistic Regression,규제 강도 C 5개,5,platt_inner_holdout,Platt · 내부 검증 행 적합(선택 행 재사용),platt,inner_holdout,1,180332,31805,log_loss,0.4371045698
weather_eval,classifier_calibration_20261008,weather_on,logistic_regression,logistic_regression,Logistic Regression,규제 강도 C 5개,5,platt_inner_holdout,Platt · 내부 검증 행 적합(선택 행 재사용),platt,inner_holdout,1,180332,31805,roc_auc,0.6745883942
weather_eval,classifier_calibration_20261008,weather_on,logistic_regression,logistic_regression,Logistic Regression,규제 강도 C 5개,5,platt_inner_holdout,Platt · 내부 검증 행 적합(선택 행 재사용),platt,inner_holdout,1,180332,31805,precision_delayed,0.3284079802
weather_eval,classifier_calibration_20261008,weather_on,logistic_regression,logistic_regression,Logistic Regression,규제 강도 C 5개,5,platt_inner_holdout,Platt · 내부 검증 행 적합(선택 행 재사용),platt,inner_holdout,1,180332,31805,recall_delayed,0.3591888068
weather_eval,classifier_calibration_20261008,weather_on,logistic_regression,logistic_regression,Logistic Regression,규제 강도 C 5개,5,platt_inner_holdout,Platt · 내부 검증 행 적합(선택 행 재사용),platt,inner_holdout,1,180332,31805,f1_delayed,0.3431094292
weather_eval,classifier_calibration_20261008,weather_on,logistic_regression,logistic_regression,Logistic Regression,규제 강도 C 5개,5,platt_inner_holdout,Platt · 내부 검증 행 적합(선택 행 재사용),platt,inner_holdout,1,180332,31805,f1_not_delayed,0.8512512199
weather_eval,classifier_calibration_20261008,weather_on,logistic_regression,logistic_regression,Logistic Regression,규제 강도 C 5개,5,platt_inner_holdout,Platt · 내부 검증 행 적합(선택 행 재사용),platt,inner_holdout,1,180332,31805,brier,0.1364114688
weather_eval,classifier_calibration_20261008,weather_on,logistic_regression,logistic_regression,Logistic Regression,규제 강도 C 5개,5,platt_inner_holdout,Platt · 내부 검증 행 적합(선택 행 재사용),platt,inner_holdout,1,180332,31805,ece_ef15,0.003679308113
weather_eval,classifier_calibration_20261008,weather_on,logistic_regression,logistic_regression,Logistic Regression,규제 강도 C 5개,5,platt_inner_holdout,Platt · 내부 검증 행 적합(선택 행 재사용),platt,inner_holdout,1,180332,31805,ece_ew10,0.003202427837
weather_eval,classifier_calibration_20261008,weather_on,logistic_regression,logistic_regression,Logistic Regression,규제 강도 C 5개,5,platt_inner_holdout,Platt · 내부 검증 행 적합(선택 행 재사용),platt,inner_holdout,1,180332,31805,calibration_bias,-0.0002840128018
weather_eval,classifier_calibration_20261008,weather_on,logistic_regression,logistic_regression,Logistic Regression,규제 강도 C 5개,5,platt_inner_holdout,Platt · 내부 검증 행 적합(선택 행 재사용),platt,inner_holdout,1,180332,31805,mean_probability,0.1760851286
weather_eval,classifier_calibration_20261008,weather_on,logistic_regression,logistic_regression,Logistic Regression,규제 강도 C 5개,5,isotonic_inner_holdout,Isotonic · 내부 검증 행 적합(선택 행 재사용),isotonic,inner_holdout,1,180332,31805,macro_f1_nested,0.5971181501
weather_eval,classifier_calibration_20261008,weather_on,logistic_regression,logistic_regression,Logistic Regression,규제 강도 C 5개,5,isotonic_inner_holdout,Isotonic · 내부 검증 행 적합(선택 행 재사용),isotonic,inner_holdout,1,180332,31805,log_loss,0.4381939052
weather_eval,classifier_calibration_20261008,weather_on,logistic_regression,logistic_regression,Logistic Regression,규제 강도 C 5개,5,isotonic_inner_holdout,Isotonic · 내부 검증 행 적합(선택 행 재사용),isotonic,inner_holdout,1,180332,31805,roc_auc,0.6740209055
weather_eval,classifier_calibration_20261008,weather_on,logistic_regression,logistic_regression,Logistic Regression,규제 강도 C 5개,5,isotonic_inner_holdout,Isotonic · 내부 검증 행 적합(선택 행 재사용),isotonic,inner_holdout,1,180332,31805,precision_delayed,0.3287936618
weather_eval,classifier_calibration_20261008,weather_on,logistic_regression,logistic_regression,Logistic Regression,규제 강도 C 5개,5,isotonic_inner_holdout,Isotonic · 내부 검증 행 적합(선택 행 재사용),isotonic,inner_holdout,1,180332,31805,recall_delayed,0.3575224021
weather_eval,classifier_calibration_20261008,weather_on,logistic_regression,logistic_regression,Logistic Regression,규제 강도 C 5개,5,isotonic_inner_holdout,Isotonic · 내부 검증 행 적합(선택 행 재사용),isotonic,inner_holdout,1,180332,31805,f1_delayed,0.3425567489
weather_eval,classifier_calibration_20261008,weather_on,logistic_regression,logistic_regression,Logistic Regression,규제 강도 C 5개,5,isotonic_inner_holdout,Isotonic · 내부 검증 행 적합(선택 행 재사용),isotonic,inner_holdout,1,180332,31805,f1_not_delayed,0.8516795514
weather_eval,classifier_calibration_20261008,weather_on,logistic_regression,logistic_regression,Logistic Regression,규제 강도 C 5개,5,isotonic_inner_holdout,Isotonic · 내부 검증 행 적합(선택 행 재사용),isotonic,inner_holdout,1,180332,31805,brier,0.1364863996
weather_eval,classifier_calibration_20261008,weather_on,logistic_regression,logistic_regression,Logistic Regression,규제 강도 C 5개,5,isotonic_inner_holdout,Isotonic · 내부 검증 행 적합(선택 행 재사용),isotonic,inner_holdout,1,180332,31805,ece_ef15,0.00399391108
weather_eval,classifier_calibration_20261008,weather_on,logistic_regression,logistic_regression,Logistic Regression,규제 강도 C 5개,5,isotonic_inner_holdout,Isotonic · 내부 검증 행 적합(선택 행 재사용),isotonic,inner_holdout,1,180332,31805,ece_ew10,0.003221238049
weather_eval,classifier_calibration_20261008,weather_on,logistic_regression,logistic_regression,Logistic Regression,규제 강도 C 5개,5,isotonic_inner_holdout,Isotonic · 내부 검증 행 적합(선택 행 재사용),isotonic,inner_holdout,1,180332,31805,calibration_bias,-0.0003465344191
weather_eval,classifier_calibration_20261008,weather_on,logistic_regression,logistic_regression,Logistic Regression,규제 강도 C 5개,5,isotonic_inner_holdout,Isotonic · 내부 검증 행 적합(선택 행 재사용),isotonic,inner_holdout,1,180332,31805,mean_probability,0.1760226069
weather_eval,classifier_calibration_20261008,weather_on,logistic_regression,logistic_regression,Logistic Regression,규제 강도 C 5개,5,platt_crossfit,Platt · 내부 학습 교차적합,platt,inner_train_crossfit,1,180332,31805,macro_f1_nested,0.597217066
weather_eval,classifier_calibration_20261008,weather_on,logistic_regression,logistic_regression,Logistic Regression,규제 강도 C 5개,5,platt_crossfit,Platt · 내부 학습 교차적합,platt,inner_train_crossfit,1,180332,31805,log_loss,0.4370588186
weather_eval,classifier_calibration_20261008,weather_on,logistic_regression,logistic_regression,Logistic Regression,규제 강도 C 5개,5,platt_crossfit,Platt · 내부 학습 교차적합,platt,inner_train_crossfit,1,180332,31805,roc_auc,0.674671738
weather_eval,classifier_calibration_20261008,weather_on,logistic_regression,logistic_regression,Logistic Regression,규제 강도 C 5개,5,platt_crossfit,Platt · 내부 학습 교차적합,platt,inner_train_crossfit,1,180332,31805,precision_delayed,0.3323211977
weather_eval,classifier_calibration_20261008,weather_on,logistic_regression,logistic_regression,Logistic Regression,규제 강도 C 5개,5,platt_crossfit,Platt · 내부 학습 교차적합,platt,inner_train_crossfit,1,180332,31805,recall_delayed,0.3475554158
weather_eval,classifier_calibration_20261008,weather_on,logistic_regression,logistic_regression,Logistic Regression,규제 강도 C 5개,5,platt_crossfit,Platt · 내부 학습 교차적합,platt,inner_train_crossfit,1,180332,31805,f1_delayed,0.3397676277
weather_eval,classifier_calibration_20261008,weather_on,logistic_regression,logistic_regression,Logistic Regression,규제 강도 C 5개,5,platt_crossfit,Platt · 내부 학습 교차적합,platt,inner_train_crossfit,1,180332,31805,f1_not_delayed,0.8546665043
weather_eval,classifier_calibration_20261008,weather_on,logistic_regression,logistic_regression,Logistic Regression,규제 강도 C 5개,5,platt_crossfit,Platt · 내부 학습 교차적합,platt,inner_train_crossfit,1,180332,31805,brier,0.1364099046
weather_eval,classifier_calibration_20261008,weather_on,logistic_regression,logistic_regression,Logistic Regression,규제 강도 C 5개,5,platt_crossfit,Platt · 내부 학습 교차적합,platt,inner_train_crossfit,1,180332,31805,ece_ef15,0.004133258316
weather_eval,classifier_calibration_20261008,weather_on,logistic_regression,logistic_regression,Logistic Regression,규제 강도 C 5개,5,platt_crossfit,Platt · 내부 학습 교차적합,platt,inner_train_crossfit,1,180332,31805,ece_ew10,0.004286410509
weather_eval,classifier_calibration_20261008,weather_on,logistic_regression,logistic_regression,Logistic Regression,규제 강도 C 5개,5,platt_crossfit,Platt · 내부 학습 교차적합,platt,inner_train_crossfit,1,180332,31805,calibration_bias,-1.281491911e-05
weather_eval,classifier_calibration_20261008,weather_on,logistic_regression,logistic_regression,Logistic Regression,규제 강도 C 5개,5,platt_crossfit,Platt · 내부 학습 교차적합,platt,inner_train_crossfit,1,180332,31805,mean_probability,0.1763563264
weather_eval,classifier_calibration_20261008,weather_on,logistic_regression,logistic_regression,Logistic Regression,규제 강도 C 5개,5,isotonic_crossfit,Isotonic · 내부 학습 교차적합,isotonic,inner_train_crossfit,1,180332,31805,macro_f1_nested,0.5971286521
weather_eval,classifier_calibration_20261008,weather_on,logistic_regression,logistic_regression,Logistic Regression,규제 강도 C 5개,5,isotonic_crossfit,Isotonic · 내부 학습 교차적합,isotonic,inner_train_crossfit,1,180332,31805,log_loss,0.4372332903
weather_eval,classifier_calibration_20261008,weather_on,logistic_regression,logistic_regression,Logistic Regression,규제 강도 C 5개,5,isotonic_crossfit,Isotonic · 내부 학습 교차적합,isotonic,inner_train_crossfit,1,180332,31805,roc_auc,0.6743424107
weather_eval,classifier_calibration_20261008,weather_on,logistic_regression,logistic_regression,Logistic Regression,규제 강도 C 5개,5,isotonic_crossfit,Isotonic · 내부 학습 교차적합,isotonic,inner_train_crossfit,1,180332,31805,precision_delayed,0.3282138141
weather_eval,classifier_calibration_20261008,weather_on,logistic_regression,logistic_regression,Logistic Regression,규제 강도 C 5개,5,isotonic_crossfit,Isotonic · 내부 학습 교차적합,isotonic,inner_train_crossfit,1,180332,31805,recall_delayed,0.3594717812
weather_eval,classifier_calibration_20261008,weather_on,logistic_regression,logistic_regression,Logistic Regression,규제 강도 C 5개,5,isotonic_crossfit,Isotonic · 내부 학습 교차적합,isotonic,inner_train_crossfit,1,180332,31805,f1_delayed,0.3431323999
weather_eval,classifier_calibration_20261008,weather_on,logistic_regression,logistic_regression,Logistic Regression,규제 강도 C 5개,5,isotonic_crossfit,Isotonic · 내부 학습 교차적합,isotonic,inner_train_crossfit,1,180332,31805,f1_not_delayed,0.8511249043
weather_eval,classifier_calibration_20261008,weather_on,logistic_regression,logistic_regression,Logistic Regression,규제 강도 C 5개,5,isotonic_crossfit,Isotonic · 내부 학습 교차적합,isotonic,inner_train_crossfit,1,180332,31805,brier,0.1364215308
weather_eval,classifier_calibration_20261008,weather_on,logistic_regression,logistic_regression,Logistic Regression,규제 강도 C 5개,5,isotonic_crossfit,Isotonic · 내부 학습 교차적합,isotonic,inner_train_crossfit,1,180332,31805,ece_ef15,0.002746330076
weather_eval,classifier_calibration_20261008,weather_on,logistic_regression,logistic_regression,Logistic Regression,규제 강도 C 5개,5,isotonic_crossfit,Isotonic · 내부 학습 교차적합,isotonic,inner_train_crossfit,1,180332,31805,ece_ew10,0.0003610710659
weather_eval,classifier_calibration_20261008,weather_on,logistic_regression,logistic_regression,Logistic Regression,규제 강도 C 5개,5,isotonic_crossfit,Isotonic · 내부 학습 교차적합,isotonic,inner_train_crossfit,1,180332,31805,calibration_bias,-5.939522108e-06
weather_eval,classifier_calibration_20261008,weather_on,logistic_regression,logistic_regression,Logistic Regression,규제 강도 C 5개,5,isotonic_crossfit,Isotonic · 내부 학습 교차적합,isotonic,inner_train_crossfit,1,180332,31805,mean_probability,0.1763632018
weather_eval,classifier_calibration_20261008,weather_on,random_forest_tuned,random_forest,Random Forest,9개 설정 (min_samples_leaf 10/25/50 × max_features 0.5/0.7/1.0),9,none,보정 없음,none,none,1,180332,31805,macro_f1_nested,0.6072768341
weather_eval,classifier_calibration_20261008,weather_on,random_forest_tuned,random_forest,Random Forest,9개 설정 (min_samples_leaf 10/25/50 × max_features 0.5/0.7/1.0),9,none,보정 없음,none,none,1,180332,31805,log_loss,0.4320111152
weather_eval,classifier_calibration_20261008,weather_on,random_forest_tuned,random_forest,Random Forest,9개 설정 (min_samples_leaf 10/25/50 × max_features 0.5/0.7/1.0),9,none,보정 없음,none,none,1,180332,31805,roc_auc,0.6867211364
weather_eval,classifier_calibration_20261008,weather_on,random_forest_tuned,random_forest,Random Forest,9개 설정 (min_samples_leaf 10/25/50 × max_features 0.5/0.7/1.0),9,none,보정 없음,none,none,1,180332,31805,precision_delayed,0.3467813442
weather_eval,classifier_calibration_20261008,weather_on,random_forest_tuned,random_forest,Random Forest,9개 설정 (min_samples_leaf 10/25/50 × max_features 0.5/0.7/1.0),9,none,보정 없음,none,none,1,180332,31805,recall_delayed,0.3689042603
weather_eval,classifier_calibration_20261008,weather_on,random_forest_tuned,random_forest,Random Forest,9개 설정 (min_samples_leaf 10/25/50 × max_features 0.5/0.7/1.0),9,none,보정 없음,none,none,1,180332,31805,f1_delayed,0.357500876
weather_eval,classifier_calibration_20261008,weather_on,random_forest_tuned,random_forest,Random Forest,9개 설정 (min_samples_leaf 10/25/50 × max_features 0.5/0.7/1.0),9,none,보정 없음,none,none,1,180332,31805,f1_not_delayed,0.8570527921
weather_eval,classifier_calibration_20261008,weather_on,random_forest_tuned,random_forest,Random Forest,9개 설정 (min_samples_leaf 10/25/50 × max_features 0.5/0.7/1.0),9,none,보정 없음,none,none,1,180332,31805,brier,0.1346071835
weather_eval,classifier_calibration_20261008,weather_on,random_forest_tuned,random_forest,Random Forest,9개 설정 (min_samples_leaf 10/25/50 × max_features 0.5/0.7/1.0),9,none,보정 없음,none,none,1,180332,31805,ece_ef15,0.006989811872
weather_eval,classifier_calibration_20261008,weather_on,random_forest_tuned,random_forest,Random Forest,9개 설정 (min_samples_leaf 10/25/50 × max_features 0.5/0.7/1.0),9,none,보정 없음,none,none,1,180332,31805,ece_ew10,0.006896418736
weather_eval,classifier_calibration_20261008,weather_on,random_forest_tuned,random_forest,Random Forest,9개 설정 (min_samples_leaf 10/25/50 × max_features 0.5/0.7/1.0),9,none,보정 없음,none,none,1,180332,31805,calibration_bias,0.001066393205
weather_eval,classifier_calibration_20261008,weather_on,random_forest_tuned,random_forest,Random Forest,9개 설정 (min_samples_leaf 10/25/50 × max_features 0.5/0.7/1.0),9,none,보정 없음,none,none,1,180332,31805,mean_probability,0.1774355346
weather_eval,classifier_calibration_20261008,weather_on,random_forest_tuned,random_forest,Random Forest,9개 설정 (min_samples_leaf 10/25/50 × max_features 0.5/0.7/1.0),9,platt_inner_holdout,Platt · 내부 검증 행 적합(선택 행 재사용),platt,inner_holdout,1,180332,31805,macro_f1_nested,0.6075510697
weather_eval,classifier_calibration_20261008,weather_on,random_forest_tuned,random_forest,Random Forest,9개 설정 (min_samples_leaf 10/25/50 × max_features 0.5/0.7/1.0),9,platt_inner_holdout,Platt · 내부 검증 행 적합(선택 행 재사용),platt,inner_holdout,1,180332,31805,log_loss,0.4319866935
weather_eval,classifier_calibration_20261008,weather_on,random_forest_tuned,random_forest,Random Forest,9개 설정 (min_samples_leaf 10/25/50 × max_features 0.5/0.7/1.0),9,platt_inner_holdout,Platt · 내부 검증 행 적합(선택 행 재사용),platt,inner_holdout,1,180332,31805,roc_auc,0.6867057273
weather_eval,classifier_calibration_20261008,weather_on,random_forest_tuned,random_forest,Random Forest,9개 설정 (min_samples_leaf 10/25/50 × max_features 0.5/0.7/1.0),9,platt_inner_holdout,Platt · 내부 검증 행 적합(선택 행 재사용),platt,inner_holdout,1,180332,31805,precision_delayed,0.3444288215
weather_eval,classifier_calibration_20261008,weather_on,random_forest_tuned,random_forest,Random Forest,9개 설정 (min_samples_leaf 10/25/50 × max_features 0.5/0.7/1.0),9,platt_inner_holdout,Platt · 내부 검증 행 적합(선택 행 재사용),platt,inner_holdout,1,180332,31805,recall_delayed,0.3773934916
weather_eval,classifier_calibration_20261008,weather_on,random_forest_tuned,random_forest,Random Forest,9개 설정 (min_samples_leaf 10/25/50 × max_features 0.5/0.7/1.0),9,platt_inner_holdout,Platt · 내부 검증 행 적합(선택 행 재사용),platt,inner_holdout,1,180332,31805,f1_delayed,0.3601584301
weather_eval,classifier_calibration_20261008,weather_on,random_forest_tuned,random_forest,Random Forest,9개 설정 (min_samples_leaf 10/25/50 × max_features 0.5/0.7/1.0),9,platt_inner_holdout,Platt · 내부 검증 행 적합(선택 행 재사용),platt,inner_holdout,1,180332,31805,f1_not_delayed,0.8549437094
weather_eval,classifier_calibration_20261008,weather_on,random_forest_tuned,random_forest,Random Forest,9개 설정 (min_samples_leaf 10/25/50 × max_features 0.5/0.7/1.0),9,platt_inner_holdout,Platt · 내부 검증 행 적합(선택 행 재사용),platt,inner_holdout,1,180332,31805,brier,0.1345594956
weather_eval,classifier_calibration_20261008,weather_on,random_forest_tuned,random_forest,Random Forest,9개 설정 (min_samples_leaf 10/25/50 × max_features 0.5/0.7/1.0),9,platt_inner_holdout,Platt · 내부 검증 행 적합(선택 행 재사용),platt,inner_holdout,1,180332,31805,ece_ef15,0.005701499215
weather_eval,classifier_calibration_20261008,weather_on,random_forest_tuned,random_forest,Random Forest,9개 설정 (min_samples_leaf 10/25/50 × max_features 0.5/0.7/1.0),9,platt_inner_holdout,Platt · 내부 검증 행 적합(선택 행 재사용),platt,inner_holdout,1,180332,31805,ece_ew10,0.005595797459
weather_eval,classifier_calibration_20261008,weather_on,random_forest_tuned,random_forest,Random Forest,9개 설정 (min_samples_leaf 10/25/50 × max_features 0.5/0.7/1.0),9,platt_inner_holdout,Platt · 내부 검증 행 적합(선택 행 재사용),platt,inner_holdout,1,180332,31805,calibration_bias,-0.0005330456587
weather_eval,classifier_calibration_20261008,weather_on,random_forest_tuned,random_forest,Random Forest,9개 설정 (min_samples_leaf 10/25/50 × max_features 0.5/0.7/1.0),9,platt_inner_holdout,Platt · 내부 검증 행 적합(선택 행 재사용),platt,inner_holdout,1,180332,31805,mean_probability,0.1758360957
weather_eval,classifier_calibration_20261008,weather_on,random_forest_tuned,random_forest,Random Forest,9개 설정 (min_samples_leaf 10/25/50 × max_features 0.5/0.7/1.0),9,isotonic_inner_holdout,Isotonic · 내부 검증 행 적합(선택 행 재사용),isotonic,inner_holdout,1,180332,31805,macro_f1_nested,0.6075699012
weather_eval,classifier_calibration_20261008,weather_on,random_forest_tuned,random_forest,Random Forest,9개 설정 (min_samples_leaf 10/25/50 × max_features 0.5/0.7/1.0),9,isotonic_inner_holdout,Isotonic · 내부 검증 행 적합(선택 행 재사용),isotonic,inner_holdout,1,180332,31805,log_loss,0.4329209141
weather_eval,classifier_calibration_20261008,weather_on,random_forest_tuned,random_forest,Random Forest,9개 설정 (min_samples_leaf 10/25/50 × max_features 0.5/0.7/1.0),9,isotonic_inner_holdout,Isotonic · 내부 검증 행 적합(선택 행 재사용),isotonic,inner_holdout,1,180332,31805,roc_auc,0.6857209396
weather_eval,classifier_calibration_20261008,weather_on,random_forest_tuned,random_forest,Random Forest,9개 설정 (min_samples_leaf 10/25/50 × max_features 0.5/0.7/1.0),9,isotonic_inner_holdout,Isotonic · 내부 검증 행 적합(선택 행 재사용),isotonic,inner_holdout,1,180332,31805,precision_delayed,0.3551825377
weather_eval,classifier_calibration_20261008,weather_on,random_forest_tuned,random_forest,Random Forest,9개 설정 (min_samples_leaf 10/25/50 × max_features 0.5/0.7/1.0),9,isotonic_inner_holdout,Isotonic · 내부 검증 행 적합(선택 행 재사용),isotonic,inner_holdout,1,180332,31805,recall_delayed,0.3499449772
weather_eval,classifier_calibration_20261008,weather_on,random_forest_tuned,random_forest,Random Forest,9개 설정 (min_samples_leaf 10/25/50 × max_features 0.5/0.7/1.0),9,isotonic_inner_holdout,Isotonic · 내부 검증 행 적합(선택 행 재사용),isotonic,inner_holdout,1,180332,31805,f1_delayed,0.3525443056
weather_eval,classifier_calibration_20261008,weather_on,random_forest_tuned,random_forest,Random Forest,9개 설정 (min_samples_leaf 10/25/50 × max_features 0.5/0.7/1.0),9,isotonic_inner_holdout,Isotonic · 내부 검증 행 적합(선택 행 재사용),isotonic,inner_holdout,1,180332,31805,f1_not_delayed,0.8625954968
weather_eval,classifier_calibration_20261008,weather_on,random_forest_tuned,random_forest,Random Forest,9개 설정 (min_samples_leaf 10/25/50 × max_features 0.5/0.7/1.0),9,isotonic_inner_holdout,Isotonic · 내부 검증 행 적합(선택 행 재사용),isotonic,inner_holdout,1,180332,31805,brier,0.1346553765
weather_eval,classifier_calibration_20261008,weather_on,random_forest_tuned,random_forest,Random Forest,9개 설정 (min_samples_leaf 10/25/50 × max_features 0.5/0.7/1.0),9,isotonic_inner_holdout,Isotonic · 내부 검증 행 적합(선택 행 재사용),isotonic,inner_holdout,1,180332,31805,ece_ef15,0.004663402827
weather_eval,classifier_calibration_20261008,weather_on,random_forest_tuned,random_forest,Random Forest,9개 설정 (min_samples_leaf 10/25/50 × max_features 0.5/0.7/1.0),9,isotonic_inner_holdout,Isotonic · 내부 검증 행 적합(선택 행 재사용),isotonic,inner_holdout,1,180332,31805,ece_ew10,0.00275913002
weather_eval,classifier_calibration_20261008,weather_on,random_forest_tuned,random_forest,Random Forest,9개 설정 (min_samples_leaf 10/25/50 × max_features 0.5/0.7/1.0),9,isotonic_inner_holdout,Isotonic · 내부 검증 행 적합(선택 행 재사용),isotonic,inner_holdout,1,180332,31805,calibration_bias,-0.0005820283349
weather_eval,classifier_calibration_20261008,weather_on,random_forest_tuned,random_forest,Random Forest,9개 설정 (min_samples_leaf 10/25/50 × max_features 0.5/0.7/1.0),9,isotonic_inner_holdout,Isotonic · 내부 검증 행 적합(선택 행 재사용),isotonic,inner_holdout,1,180332,31805,mean_probability,0.175787113
weather_eval,classifier_calibration_20261008,weather_on,random_forest_tuned,random_forest,Random Forest,9개 설정 (min_samples_leaf 10/25/50 × max_features 0.5/0.7/1.0),9,platt_crossfit,Platt · 내부 학습 교차적합,platt,inner_train_crossfit,1,180332,31805,macro_f1_nested,0.6076374036
weather_eval,classifier_calibration_20261008,weather_on,random_forest_tuned,random_forest,Random Forest,9개 설정 (min_samples_leaf 10/25/50 × max_features 0.5/0.7/1.0),9,platt_crossfit,Platt · 내부 학습 교차적합,platt,inner_train_crossfit,1,180332,31805,log_loss,0.4319550017
weather_eval,classifier_calibration_20261008,weather_on,random_forest_tuned,random_forest,Random Forest,9개 설정 (min_samples_leaf 10/25/50 × max_features 0.5/0.7/1.0),9,platt_crossfit,Platt · 내부 학습 교차적합,platt,inner_train_crossfit,1,180332,31805,roc_auc,0.6867531437
weather_eval,classifier_calibration_20261008,weather_on,random_forest_tuned,random_forest,Random Forest,9개 설정 (min_samples_leaf 10/25/50 × max_features 0.5/0.7/1.0),9,platt_crossfit,Platt · 내부 학습 교차적합,platt,inner_train_crossfit,1,180332,31805,precision_delayed,0.3447591661
weather_eval,classifier_calibration_20261008,weather_on,random_forest_tuned,random_forest,Random Forest,9개 설정 (min_samples_leaf 10/25/50 × max_features 0.5/0.7/1.0),9,platt_crossfit,Platt · 내부 학습 교차적합,platt,inner_train_crossfit,1,180332,31805,recall_delayed,0.3769533092
weather_eval,classifier_calibration_20261008,weather_on,random_forest_tuned,random_forest,Random Forest,9개 설정 (min_samples_leaf 10/25/50 × max_features 0.5/0.7/1.0),9,platt_crossfit,Platt · 내부 학습 교차적합,platt,inner_train_crossfit,1,180332,31805,f1_delayed,0.3601381796
weather_eval,classifier_calibration_20261008,weather_on,random_forest_tuned,random_forest,Random Forest,9개 설정 (min_samples_leaf 10/25/50 × max_features 0.5/0.7/1.0),9,platt_crossfit,Platt · 내부 학습 교차적합,platt,inner_train_crossfit,1,180332,31805,f1_not_delayed,0.8551366276
weather_eval,classifier_calibration_20261008,weather_on,random_forest_tuned,random_forest,Random Forest,9개 설정 (min_samples_leaf 10/25/50 × max_features 0.5/0.7/1.0),9,platt_crossfit,Platt · 내부 학습 교차적합,platt,inner_train_crossfit,1,180332,31805,brier,0.1345672646
weather_eval,classifier_calibration_20261008,weather_on,random_forest_tuned,random_forest,Random Forest,9개 설정 (min_samples_leaf 10/25/50 × max_features 0.5/0.7/1.0),9,platt_crossfit,Platt · 내부 학습 교차적합,platt,inner_train_crossfit,1,180332,31805,ece_ef15,0.005842793052
weather_eval,classifier_calibration_20261008,weather_on,random_forest_tuned,random_forest,Random Forest,9개 설정 (min_samples_leaf 10/25/50 × max_features 0.5/0.7/1.0),9,platt_crossfit,Platt · 내부 학습 교차적합,platt,inner_train_crossfit,1,180332,31805,ece_ew10,0.005999842433
weather_eval,classifier_calibration_20261008,weather_on,random_forest_tuned,random_forest,Random Forest,9개 설정 (min_samples_leaf 10/25/50 × max_features 0.5/0.7/1.0),9,platt_crossfit,Platt · 내부 학습 교차적합,platt,inner_train_crossfit,1,180332,31805,calibration_bias,5.610525558e-05
weather_eval,classifier_calibration_20261008,weather_on,random_forest_tuned,random_forest,Random Forest,9개 설정 (min_samples_leaf 10/25/50 × max_features 0.5/0.7/1.0),9,platt_crossfit,Platt · 내부 학습 교차적합,platt,inner_train_crossfit,1,180332,31805,mean_probability,0.1764252466
weather_eval,classifier_calibration_20261008,weather_on,random_forest_tuned,random_forest,Random Forest,9개 설정 (min_samples_leaf 10/25/50 × max_features 0.5/0.7/1.0),9,isotonic_crossfit,Isotonic · 내부 학습 교차적합,isotonic,inner_train_crossfit,1,180332,31805,macro_f1_nested,0.6077968228
weather_eval,classifier_calibration_20261008,weather_on,random_forest_tuned,random_forest,Random Forest,9개 설정 (min_samples_leaf 10/25/50 × max_features 0.5/0.7/1.0),9,isotonic_crossfit,Isotonic · 내부 학습 교차적합,isotonic,inner_train_crossfit,1,180332,31805,log_loss,0.4321275855
weather_eval,classifier_calibration_20261008,weather_on,random_forest_tuned,random_forest,Random Forest,9개 설정 (min_samples_leaf 10/25/50 × max_features 0.5/0.7/1.0),9,isotonic_crossfit,Isotonic · 내부 학습 교차적합,isotonic,inner_train_crossfit,1,180332,31805,roc_auc,0.6864142604
weather_eval,classifier_calibration_20261008,weather_on,random_forest_tuned,random_forest,Random Forest,9개 설정 (min_samples_leaf 10/25/50 × max_features 0.5/0.7/1.0),9,isotonic_crossfit,Isotonic · 내부 학습 교차적합,isotonic,inner_train_crossfit,1,180332,31805,precision_delayed,0.3592169012
weather_eval,classifier_calibration_20261008,weather_on,random_forest_tuned,random_forest,Random Forest,9개 설정 (min_samples_leaf 10/25/50 × max_features 0.5/0.7/1.0),9,isotonic_crossfit,Isotonic · 내부 학습 교차적합,isotonic,inner_train_crossfit,1,180332,31805,recall_delayed,0.3426819682
weather_eval,classifier_calibration_20261008,weather_on,random_forest_tuned,random_forest,Random Forest,9개 설정 (min_samples_leaf 10/25/50 × max_features 0.5/0.7/1.0),9,isotonic_crossfit,Isotonic · 내부 학습 교차적합,isotonic,inner_train_crossfit,1,180332,31805,f1_delayed,0.3507546745
weather_eval,classifier_calibration_20261008,weather_on,random_forest_tuned,random_forest,Random Forest,9개 설정 (min_samples_leaf 10/25/50 × max_features 0.5/0.7/1.0),9,isotonic_crossfit,Isotonic · 내부 학습 교차적합,isotonic,inner_train_crossfit,1,180332,31805,f1_not_delayed,0.8648389712
weather_eval,classifier_calibration_20261008,weather_on,random_forest_tuned,random_forest,Random Forest,9개 설정 (min_samples_leaf 10/25/50 × max_features 0.5/0.7/1.0),9,isotonic_crossfit,Isotonic · 내부 학습 교차적합,isotonic,inner_train_crossfit,1,180332,31805,brier,0.1345547053
weather_eval,classifier_calibration_20261008,weather_on,random_forest_tuned,random_forest,Random Forest,9개 설정 (min_samples_leaf 10/25/50 × max_features 0.5/0.7/1.0),9,isotonic_crossfit,Isotonic · 내부 학습 교차적합,isotonic,inner_train_crossfit,1,180332,31805,ece_ef15,0.002223298248
weather_eval,classifier_calibration_20261008,weather_on,random_forest_tuned,random_forest,Random Forest,9개 설정 (min_samples_leaf 10/25/50 × max_features 0.5/0.7/1.0),9,isotonic_crossfit,Isotonic · 내부 학습 교차적합,isotonic,inner_train_crossfit,1,180332,31805,ece_ew10,0.001250446873
weather_eval,classifier_calibration_20261008,weather_on,random_forest_tuned,random_forest,Random Forest,9개 설정 (min_samples_leaf 10/25/50 × max_features 0.5/0.7/1.0),9,isotonic_crossfit,Isotonic · 내부 학습 교차적합,isotonic,inner_train_crossfit,1,180332,31805,calibration_bias,0.0001396502547
weather_eval,classifier_calibration_20261008,weather_on,random_forest_tuned,random_forest,Random Forest,9개 설정 (min_samples_leaf 10/25/50 × max_features 0.5/0.7/1.0),9,isotonic_crossfit,Isotonic · 내부 학습 교차적합,isotonic,inner_train_crossfit,1,180332,31805,mean_probability,0.1765087916
weather_eval,classifier_calibration_20261008,weather_on,lightgbm_tuned,lightgbm,LightGBM,"24개 설정 × 트리 수 8개 (학습률 0.03~0.1, 잎 31~127)",24,none,보정 없음,none,none,1,180332,31805,macro_f1_nested,0.5998056424
weather_eval,classifier_calibration_20261008,weather_on,lightgbm_tuned,lightgbm,LightGBM,"24개 설정 × 트리 수 8개 (학습률 0.03~0.1, 잎 31~127)",24,none,보정 없음,none,none,1,180332,31805,log_loss,0.4359277937
weather_eval,classifier_calibration_20261008,weather_on,lightgbm_tuned,lightgbm,LightGBM,"24개 설정 × 트리 수 8개 (학습률 0.03~0.1, 잎 31~127)",24,none,보정 없음,none,none,1,180332,31805,roc_auc,0.6753488685
weather_eval,classifier_calibration_20261008,weather_on,lightgbm_tuned,lightgbm,LightGBM,"24개 설정 × 트리 수 8개 (학습률 0.03~0.1, 잎 31~127)",24,none,보정 없음,none,none,1,180332,31805,precision_delayed,0.3333526884
weather_eval,classifier_calibration_20261008,weather_on,lightgbm_tuned,lightgbm,LightGBM,"24개 설정 × 트리 수 8개 (학습률 0.03~0.1, 잎 31~127)",24,none,보정 없음,none,none,1,180332,31805,recall_delayed,0.3610124194
weather_eval,classifier_calibration_20261008,weather_on,lightgbm_tuned,lightgbm,LightGBM,"24개 설정 × 트리 수 8개 (학습률 0.03~0.1, 잎 31~127)",24,none,보정 없음,none,none,1,180332,31805,f1_delayed,0.3466316473
weather_eval,classifier_calibration_20261008,weather_on,lightgbm_tuned,lightgbm,LightGBM,"24개 설정 × 트리 수 8개 (학습률 0.03~0.1, 잎 31~127)",24,none,보정 없음,none,none,1,180332,31805,f1_not_delayed,0.8529796376
weather_eval,classifier_calibration_20261008,weather_on,lightgbm_tuned,lightgbm,LightGBM,"24개 설정 × 트리 수 8개 (학습률 0.03~0.1, 잎 31~127)",24,none,보정 없음,none,none,1,180332,31805,brier,0.1357753881
weather_eval,classifier_calibration_20261008,weather_on,lightgbm_tuned,lightgbm,LightGBM,"24개 설정 × 트리 수 8개 (학습률 0.03~0.1, 잎 31~127)",24,none,보정 없음,none,none,1,180332,31805,ece_ef15,0.008379532271
weather_eval,classifier_calibration_20261008,weather_on,lightgbm_tuned,lightgbm,LightGBM,"24개 설정 × 트리 수 8개 (학습률 0.03~0.1, 잎 31~127)",24,none,보정 없음,none,none,1,180332,31805,ece_ew10,0.006174827845
weather_eval,classifier_calibration_20261008,weather_on,lightgbm_tuned,lightgbm,LightGBM,"24개 설정 × 트리 수 8개 (학습률 0.03~0.1, 잎 31~127)",24,none,보정 없음,none,none,1,180332,31805,calibration_bias,-0.004258919441
weather_eval,classifier_calibration_20261008,weather_on,lightgbm_tuned,lightgbm,LightGBM,"24개 설정 × 트리 수 8개 (학습률 0.03~0.1, 잎 31~127)",24,none,보정 없음,none,none,1,180332,31805,mean_probability,0.1721102219
weather_eval,classifier_calibration_20261008,weather_on,lightgbm_tuned,lightgbm,LightGBM,"24개 설정 × 트리 수 8개 (학습률 0.03~0.1, 잎 31~127)",24,platt_inner_holdout,Platt · 내부 검증 행 적합(선택 행 재사용),platt,inner_holdout,1,180332,31805,macro_f1_nested,0.600000812
weather_eval,classifier_calibration_20261008,weather_on,lightgbm_tuned,lightgbm,LightGBM,"24개 설정 × 트리 수 8개 (학습률 0.03~0.1, 잎 31~127)",24,platt_inner_holdout,Platt · 내부 검증 행 적합(선택 행 재사용),platt,inner_holdout,1,180332,31805,log_loss,0.4356205745
weather_eval,classifier_calibration_20261008,weather_on,lightgbm_tuned,lightgbm,LightGBM,"24개 설정 × 트리 수 8개 (학습률 0.03~0.1, 잎 31~127)",24,platt_inner_holdout,Platt · 내부 검증 행 적합(선택 행 재사용),platt,inner_holdout,1,180332,31805,roc_auc,0.6753140816
weather_eval,classifier_calibration_20261008,weather_on,lightgbm_tuned,lightgbm,LightGBM,"24개 설정 × 트리 수 8개 (학습률 0.03~0.1, 잎 31~127)",24,platt_inner_holdout,Platt · 내부 검증 행 적합(선택 행 재사용),platt,inner_holdout,1,180332,31805,precision_delayed,0.3350339133
weather_eval,classifier_calibration_20261008,weather_on,lightgbm_tuned,lightgbm,LightGBM,"24개 설정 × 트리 수 8개 (학습률 0.03~0.1, 잎 31~127)",24,platt_inner_holdout,Platt · 내부 검증 행 적합(선택 행 재사용),platt,inner_holdout,1,180332,31805,recall_delayed,0.3572079862
weather_eval,classifier_calibration_20261008,weather_on,lightgbm_tuned,lightgbm,LightGBM,"24개 설정 × 트리 수 8개 (학습률 0.03~0.1, 잎 31~127)",24,platt_inner_holdout,Platt · 내부 검증 행 적합(선택 행 재사용),platt,inner_holdout,1,180332,31805,f1_delayed,0.3457658069
weather_eval,classifier_calibration_20261008,weather_on,lightgbm_tuned,lightgbm,LightGBM,"24개 설정 × 트리 수 8개 (학습률 0.03~0.1, 잎 31~127)",24,platt_inner_holdout,Platt · 내부 검증 행 적합(선택 행 재사용),platt,inner_holdout,1,180332,31805,f1_not_delayed,0.854235817
weather_eval,classifier_calibration_20261008,weather_on,lightgbm_tuned,lightgbm,LightGBM,"24개 설정 × 트리 수 8개 (학습률 0.03~0.1, 잎 31~127)",24,platt_inner_holdout,Platt · 내부 검증 행 적합(선택 행 재사용),platt,inner_holdout,1,180332,31805,brier,0.1356467202
weather_eval,classifier_calibration_20261008,weather_on,lightgbm_tuned,lightgbm,LightGBM,"24개 설정 × 트리 수 8개 (학습률 0.03~0.1, 잎 31~127)",24,platt_inner_holdout,Platt · 내부 검증 행 적합(선택 행 재사용),platt,inner_holdout,1,180332,31805,ece_ef15,0.002921328869
weather_eval,classifier_calibration_20261008,weather_on,lightgbm_tuned,lightgbm,LightGBM,"24개 설정 × 트리 수 8개 (학습률 0.03~0.1, 잎 31~127)",24,platt_inner_holdout,Platt · 내부 검증 행 적합(선택 행 재사용),platt,inner_holdout,1,180332,31805,ece_ew10,0.002399344275
weather_eval,classifier_calibration_20261008,weather_on,lightgbm_tuned,lightgbm,LightGBM,"24개 설정 × 트리 수 8개 (학습률 0.03~0.1, 잎 31~127)",24,platt_inner_holdout,Platt · 내부 검증 행 적합(선택 행 재사용),platt,inner_holdout,1,180332,31805,calibration_bias,-0.0004283314732
weather_eval,classifier_calibration_20261008,weather_on,lightgbm_tuned,lightgbm,LightGBM,"24개 설정 × 트리 수 8개 (학습률 0.03~0.1, 잎 31~127)",24,platt_inner_holdout,Platt · 내부 검증 행 적합(선택 행 재사용),platt,inner_holdout,1,180332,31805,mean_probability,0.1759408099
weather_eval,classifier_calibration_20261008,weather_on,lightgbm_tuned,lightgbm,LightGBM,"24개 설정 × 트리 수 8개 (학습률 0.03~0.1, 잎 31~127)",24,isotonic_inner_holdout,Isotonic · 내부 검증 행 적합(선택 행 재사용),isotonic,inner_holdout,1,180332,31805,macro_f1_nested,0.6001173562
weather_eval,classifier_calibration_20261008,weather_on,lightgbm_tuned,lightgbm,LightGBM,"24개 설정 × 트리 수 8개 (학습률 0.03~0.1, 잎 31~127)",24,isotonic_inner_holdout,Isotonic · 내부 검증 행 적합(선택 행 재사용),isotonic,inner_holdout,1,180332,31805,log_loss,0.4365711688
weather_eval,classifier_calibration_20261008,weather_on,lightgbm_tuned,lightgbm,LightGBM,"24개 설정 × 트리 수 8개 (학습률 0.03~0.1, 잎 31~127)",24,isotonic_inner_holdout,Isotonic · 내부 검증 행 적합(선택 행 재사용),isotonic,inner_holdout,1,180332,31805,roc_auc,0.6747012845
weather_eval,classifier_calibration_20261008,weather_on,lightgbm_tuned,lightgbm,LightGBM,"24개 설정 × 트리 수 8개 (학습률 0.03~0.1, 잎 31~127)",24,isotonic_inner_holdout,Isotonic · 내부 검증 행 적합(선택 행 재사용),isotonic,inner_holdout,1,180332,31805,precision_delayed,0.3335261788
weather_eval,classifier_calibration_20261008,weather_on,lightgbm_tuned,lightgbm,LightGBM,"24개 설정 × 트리 수 8개 (학습률 0.03~0.1, 잎 31~127)",24,isotonic_inner_holdout,Isotonic · 내부 검증 행 적합(선택 행 재사용),isotonic,inner_holdout,1,180332,31805,recall_delayed,0.3625216161
weather_eval,classifier_calibration_20261008,weather_on,lightgbm_tuned,lightgbm,LightGBM,"24개 설정 × 트리 수 8개 (학습률 0.03~0.1, 잎 31~127)",24,isotonic_inner_holdout,Isotonic · 내부 검증 행 적합(선택 행 재사용),isotonic,inner_holdout,1,180332,31805,f1_delayed,0.3474199623
weather_eval,classifier_calibration_20261008,weather_on,lightgbm_tuned,lightgbm,LightGBM,"24개 설정 × 트리 수 8개 (학습률 0.03~0.1, 잎 31~127)",24,isotonic_inner_holdout,Isotonic · 내부 검증 행 적합(선택 행 재사용),isotonic,inner_holdout,1,180332,31805,f1_not_delayed,0.8528147501
weather_eval,classifier_calibration_20261008,weather_on,lightgbm_tuned,lightgbm,LightGBM,"24개 설정 × 트리 수 8개 (학습률 0.03~0.1, 잎 31~127)",24,isotonic_inner_holdout,Isotonic · 내부 검증 행 적합(선택 행 재사용),isotonic,inner_holdout,1,180332,31805,brier,0.1357653349
weather_eval,classifier_calibration_20261008,weather_on,lightgbm_tuned,lightgbm,LightGBM,"24개 설정 × 트리 수 8개 (학습률 0.03~0.1, 잎 31~127)",24,isotonic_inner_holdout,Isotonic · 내부 검증 행 적합(선택 행 재사용),isotonic,inner_holdout,1,180332,31805,ece_ef15,0.004204300066
weather_eval,classifier_calibration_20261008,weather_on,lightgbm_tuned,lightgbm,LightGBM,"24개 설정 × 트리 수 8개 (학습률 0.03~0.1, 잎 31~127)",24,isotonic_inner_holdout,Isotonic · 내부 검증 행 적합(선택 행 재사용),isotonic,inner_holdout,1,180332,31805,ece_ew10,0.002651500628
weather_eval,classifier_calibration_20261008,weather_on,lightgbm_tuned,lightgbm,LightGBM,"24개 설정 × 트리 수 8개 (학습률 0.03~0.1, 잎 31~127)",24,isotonic_inner_holdout,Isotonic · 내부 검증 행 적합(선택 행 재사용),isotonic,inner_holdout,1,180332,31805,calibration_bias,-0.0004892051979
weather_eval,classifier_calibration_20261008,weather_on,lightgbm_tuned,lightgbm,LightGBM,"24개 설정 × 트리 수 8개 (학습률 0.03~0.1, 잎 31~127)",24,isotonic_inner_holdout,Isotonic · 내부 검증 행 적합(선택 행 재사용),isotonic,inner_holdout,1,180332,31805,mean_probability,0.1758799362
weather_eval,classifier_calibration_20261008,weather_on,lightgbm_tuned,lightgbm,LightGBM,"24개 설정 × 트리 수 8개 (학습률 0.03~0.1, 잎 31~127)",24,platt_crossfit,Platt · 내부 학습 교차적합,platt,inner_train_crossfit,1,180332,31805,macro_f1_nested,0.600241708
weather_eval,classifier_calibration_20261008,weather_on,lightgbm_tuned,lightgbm,LightGBM,"24개 설정 × 트리 수 8개 (학습률 0.03~0.1, 잎 31~127)",24,platt_crossfit,Platt · 내부 학습 교차적합,platt,inner_train_crossfit,1,180332,31805,log_loss,0.4356167804
weather_eval,classifier_calibration_20261008,weather_on,lightgbm_tuned,lightgbm,LightGBM,"24개 설정 × 트리 수 8개 (학습률 0.03~0.1, 잎 31~127)",24,platt_crossfit,Platt · 내부 학습 교차적합,platt,inner_train_crossfit,1,180332,31805,roc_auc,0.6753602013
weather_eval,classifier_calibration_20261008,weather_on,lightgbm_tuned,lightgbm,LightGBM,"24개 설정 × 트리 수 8개 (학습률 0.03~0.1, 잎 31~127)",24,platt_crossfit,Platt · 내부 학습 교차적합,platt,inner_train_crossfit,1,180332,31805,precision_delayed,0.3345797669
weather_eval,classifier_calibration_20261008,weather_on,lightgbm_tuned,lightgbm,LightGBM,"24개 설정 × 트리 수 8개 (학습률 0.03~0.1, 잎 31~127)",24,platt_crossfit,Platt · 내부 학습 교차적합,platt,inner_train_crossfit,1,180332,31805,recall_delayed,0.3601006131
weather_eval,classifier_calibration_20261008,weather_on,lightgbm_tuned,lightgbm,LightGBM,"24개 설정 × 트리 수 8개 (학습률 0.03~0.1, 잎 31~127)",24,platt_crossfit,Platt · 내부 학습 교차적합,platt,inner_train_crossfit,1,180332,31805,f1_delayed,0.3468714035
weather_eval,classifier_calibration_20261008,weather_on,lightgbm_tuned,lightgbm,LightGBM,"24개 설정 × 트리 수 8개 (학습률 0.03~0.1, 잎 31~127)",24,platt_crossfit,Platt · 내부 학습 교차적합,platt,inner_train_crossfit,1,180332,31805,f1_not_delayed,0.8536120124
weather_eval,classifier_calibration_20261008,weather_on,lightgbm_tuned,lightgbm,LightGBM,"24개 설정 × 트리 수 8개 (학습률 0.03~0.1, 잎 31~127)",24,platt_crossfit,Platt · 내부 학습 교차적합,platt,inner_train_crossfit,1,180332,31805,brier,0.1356480998
weather_eval,classifier_calibration_20261008,weather_on,lightgbm_tuned,lightgbm,LightGBM,"24개 설정 × 트리 수 8개 (학습률 0.03~0.1, 잎 31~127)",24,platt_crossfit,Platt · 내부 학습 교차적합,platt,inner_train_crossfit,1,180332,31805,ece_ef15,0.003333934783
weather_eval,classifier_calibration_20261008,weather_on,lightgbm_tuned,lightgbm,LightGBM,"24개 설정 × 트리 수 8개 (학습률 0.03~0.1, 잎 31~127)",24,platt_crossfit,Platt · 내부 학습 교차적합,platt,inner_train_crossfit,1,180332,31805,ece_ew10,0.00291370267
weather_eval,classifier_calibration_20261008,weather_on,lightgbm_tuned,lightgbm,LightGBM,"24개 설정 × 트리 수 8개 (학습률 0.03~0.1, 잎 31~127)",24,platt_crossfit,Platt · 내부 학습 교차적합,platt,inner_train_crossfit,1,180332,31805,calibration_bias,0.001098863368
weather_eval,classifier_calibration_20261008,weather_on,lightgbm_tuned,lightgbm,LightGBM,"24개 설정 × 트리 수 8개 (학습률 0.03~0.1, 잎 31~127)",24,platt_crossfit,Platt · 내부 학습 교차적합,platt,inner_train_crossfit,1,180332,31805,mean_probability,0.1774680047
weather_eval,classifier_calibration_20261008,weather_on,lightgbm_tuned,lightgbm,LightGBM,"24개 설정 × 트리 수 8개 (학습률 0.03~0.1, 잎 31~127)",24,isotonic_crossfit,Isotonic · 내부 학습 교차적합,isotonic,inner_train_crossfit,1,180332,31805,macro_f1_nested,0.5996372915
weather_eval,classifier_calibration_20261008,weather_on,lightgbm_tuned,lightgbm,LightGBM,"24개 설정 × 트리 수 8개 (학습률 0.03~0.1, 잎 31~127)",24,isotonic_crossfit,Isotonic · 내부 학습 교차적합,isotonic,inner_train_crossfit,1,180332,31805,log_loss,0.4357612336
weather_eval,classifier_calibration_20261008,weather_on,lightgbm_tuned,lightgbm,LightGBM,"24개 설정 × 트리 수 8개 (학습률 0.03~0.1, 잎 31~127)",24,isotonic_crossfit,Isotonic · 내부 학습 교차적합,isotonic,inner_train_crossfit,1,180332,31805,roc_auc,0.6750253445
weather_eval,classifier_calibration_20261008,weather_on,lightgbm_tuned,lightgbm,LightGBM,"24개 설정 × 트리 수 8개 (학습률 0.03~0.1, 잎 31~127)",24,isotonic_crossfit,Isotonic · 내부 학습 교차적합,isotonic,inner_train_crossfit,1,180332,31805,precision_delayed,0.3335278669
weather_eval,classifier_calibration_20261008,weather_on,lightgbm_tuned,lightgbm,LightGBM,"24개 설정 × 트리 수 8개 (학습률 0.03~0.1, 잎 31~127)",24,isotonic_crossfit,Isotonic · 내부 학습 교차적합,isotonic,inner_train_crossfit,1,180332,31805,recall_delayed,0.3593774564
weather_eval,classifier_calibration_20261008,weather_on,lightgbm_tuned,lightgbm,LightGBM,"24개 설정 × 트리 수 8개 (학습률 0.03~0.1, 잎 31~127)",24,isotonic_crossfit,Isotonic · 내부 학습 교차적합,isotonic,inner_train_crossfit,1,180332,31805,f1_delayed,0.3459704881
weather_eval,classifier_calibration_20261008,weather_on,lightgbm_tuned,lightgbm,LightGBM,"24개 설정 × 트리 수 8개 (학습률 0.03~0.1, 잎 31~127)",24,isotonic_crossfit,Isotonic · 내부 학습 교차적합,isotonic,inner_train_crossfit,1,180332,31805,f1_not_delayed,0.8533040949
weather_eval,classifier_calibration_20261008,weather_on,lightgbm_tuned,lightgbm,LightGBM,"24개 설정 × 트리 수 8개 (학습률 0.03~0.1, 잎 31~127)",24,isotonic_crossfit,Isotonic · 내부 학습 교차적합,isotonic,inner_train_crossfit,1,180332,31805,brier,0.1357022622
weather_eval,classifier_calibration_20261008,weather_on,lightgbm_tuned,lightgbm,LightGBM,"24개 설정 × 트리 수 8개 (학습률 0.03~0.1, 잎 31~127)",24,isotonic_crossfit,Isotonic · 내부 학습 교차적합,isotonic,inner_train_crossfit,1,180332,31805,ece_ef15,0.003217978228
weather_eval,classifier_calibration_20261008,weather_on,lightgbm_tuned,lightgbm,LightGBM,"24개 설정 × 트리 수 8개 (학습률 0.03~0.1, 잎 31~127)",24,isotonic_crossfit,Isotonic · 내부 학습 교차적합,isotonic,inner_train_crossfit,1,180332,31805,ece_ew10,0.001542427492
weather_eval,classifier_calibration_20261008,weather_on,lightgbm_tuned,lightgbm,LightGBM,"24개 설정 × 트리 수 8개 (학습률 0.03~0.1, 잎 31~127)",24,isotonic_crossfit,Isotonic · 내부 학습 교차적합,isotonic,inner_train_crossfit,1,180332,31805,calibration_bias,0.001115938908
weather_eval,classifier_calibration_20261008,weather_on,lightgbm_tuned,lightgbm,LightGBM,"24개 설정 × 트리 수 8개 (학습률 0.03~0.1, 잎 31~127)",24,isotonic_crossfit,Isotonic · 내부 학습 교차적합,isotonic,inner_train_crossfit,1,180332,31805,mean_probability,0.1774850803
weather_eval,classifier_calibration_20261008,weather_on,logistic_regression,logistic_regression,Logistic Regression,규제 강도 C 5개,5,none,보정 없음,none,none,7,180332,31805,macro_f1_nested,0.5970478548
weather_eval,classifier_calibration_20261008,weather_on,logistic_regression,logistic_regression,Logistic Regression,규제 강도 C 5개,5,none,보정 없음,none,none,7,180332,31805,log_loss,0.4371717553
weather_eval,classifier_calibration_20261008,weather_on,logistic_regression,logistic_regression,Logistic Regression,규제 강도 C 5개,5,none,보정 없음,none,none,7,180332,31805,roc_auc,0.6743108941
weather_eval,classifier_calibration_20261008,weather_on,logistic_regression,logistic_regression,Logistic Regression,규제 강도 C 5개,5,none,보정 없음,none,none,7,180332,31805,precision_delayed,0.3272174728
weather_eval,classifier_calibration_20261008,weather_on,logistic_regression,logistic_regression,Logistic Regression,규제 강도 C 5개,5,none,보정 없음,none,none,7,180332,31805,recall_delayed,0.3622386417
weather_eval,classifier_calibration_20261008,weather_on,logistic_regression,logistic_regression,Logistic Regression,규제 강도 C 5개,5,none,보정 없음,none,none,7,180332,31805,f1_delayed,0.3438386009
weather_eval,classifier_calibration_20261008,weather_on,logistic_regression,logistic_regression,Logistic Regression,규제 강도 C 5개,5,none,보정 없음,none,none,7,180332,31805,f1_not_delayed,0.8502571088
weather_eval,classifier_calibration_20261008,weather_on,logistic_regression,logistic_regression,Logistic Regression,규제 강도 C 5개,5,none,보정 없음,none,none,7,180332,31805,brier,0.1364500397
weather_eval,classifier_calibration_20261008,weather_on,logistic_regression,logistic_regression,Logistic Regression,규제 강도 C 5개,5,none,보정 없음,none,none,7,180332,31805,ece_ef15,0.00326079353
weather_eval,classifier_calibration_20261008,weather_on,logistic_regression,logistic_regression,Logistic Regression,규제 강도 C 5개,5,none,보정 없음,none,none,7,180332,31805,ece_ew10,0.003436843419
weather_eval,classifier_calibration_20261008,weather_on,logistic_regression,logistic_regression,Logistic Regression,규제 강도 C 5개,5,none,보정 없음,none,none,7,180332,31805,calibration_bias,-5.6115737e-05
weather_eval,classifier_calibration_20261008,weather_on,logistic_regression,logistic_regression,Logistic Regression,규제 강도 C 5개,5,none,보정 없음,none,none,7,180332,31805,mean_probability,0.1763130256
weather_eval,classifier_calibration_20261008,weather_on,logistic_regression,logistic_regression,Logistic Regression,규제 강도 C 5개,5,platt_inner_holdout,Platt · 내부 검증 행 적합(선택 행 재사용),platt,inner_holdout,7,180332,31805,macro_f1_nested,0.5973012735
weather_eval,classifier_calibration_20261008,weather_on,logistic_regression,logistic_regression,Logistic Regression,규제 강도 C 5개,5,platt_inner_holdout,Platt · 내부 검증 행 적합(선택 행 재사용),platt,inner_holdout,7,180332,31805,log_loss,0.4371845526
weather_eval,classifier_calibration_20261008,weather_on,logistic_regression,logistic_regression,Logistic Regression,규제 강도 C 5개,5,platt_inner_holdout,Platt · 내부 검증 행 적합(선택 행 재사용),platt,inner_holdout,7,180332,31805,roc_auc,0.6742774326
weather_eval,classifier_calibration_20261008,weather_on,logistic_regression,logistic_regression,Logistic Regression,규제 강도 C 5개,5,platt_inner_holdout,Platt · 내부 검증 행 적합(선택 행 재사용),platt,inner_holdout,7,180332,31805,precision_delayed,0.3292573382
weather_eval,classifier_calibration_20261008,weather_on,logistic_regression,logistic_regression,Logistic Regression,규제 강도 C 5개,5,platt_inner_holdout,Platt · 내부 검증 행 적합(선택 행 재사용),platt,inner_holdout,7,180332,31805,recall_delayed,0.3572708694
weather_eval,classifier_calibration_20261008,weather_on,logistic_regression,logistic_regression,Logistic Regression,규제 강도 C 5개,5,platt_inner_holdout,Platt · 내부 검증 행 적합(선택 행 재사용),platt,inner_holdout,7,180332,31805,f1_delayed,0.3426925629
weather_eval,classifier_calibration_20261008,weather_on,logistic_regression,logistic_regression,Logistic Regression,규제 강도 C 5개,5,platt_inner_holdout,Platt · 내부 검증 행 적합(선택 행 재사용),platt,inner_holdout,7,180332,31805,f1_not_delayed,0.8519099841
weather_eval,classifier_calibration_20261008,weather_on,logistic_regression,logistic_regression,Logistic Regression,규제 강도 C 5개,5,platt_inner_holdout,Platt · 내부 검증 행 적합(선택 행 재사용),platt,inner_holdout,7,180332,31805,brier,0.1364547925
weather_eval,classifier_calibration_20261008,weather_on,logistic_regression,logistic_regression,Logistic Regression,규제 강도 C 5개,5,platt_inner_holdout,Platt · 내부 검증 행 적합(선택 행 재사용),platt,inner_holdout,7,180332,31805,ece_ef15,0.003176017375
weather_eval,classifier_calibration_20261008,weather_on,logistic_regression,logistic_regression,Logistic Regression,규제 강도 C 5개,5,platt_inner_holdout,Platt · 내부 검증 행 적합(선택 행 재사용),platt,inner_holdout,7,180332,31805,ece_ew10,0.003422017852
weather_eval,classifier_calibration_20261008,weather_on,logistic_regression,logistic_regression,Logistic Regression,규제 강도 C 5개,5,platt_inner_holdout,Platt · 내부 검증 행 적합(선택 행 재사용),platt,inner_holdout,7,180332,31805,calibration_bias,-1.021232148e-05
weather_eval,classifier_calibration_20261008,weather_on,logistic_regression,logistic_regression,Logistic Regression,규제 강도 C 5개,5,platt_inner_holdout,Platt · 내부 검증 행 적합(선택 행 재사용),platt,inner_holdout,7,180332,31805,mean_probability,0.176358929
weather_eval,classifier_calibration_20261008,weather_on,logistic_regression,logistic_regression,Logistic Regression,규제 강도 C 5개,5,isotonic_inner_holdout,Isotonic · 내부 검증 행 적합(선택 행 재사용),isotonic,inner_holdout,7,180332,31805,macro_f1_nested,0.5974033977
weather_eval,classifier_calibration_20261008,weather_on,logistic_regression,logistic_regression,Logistic Regression,규제 강도 C 5개,5,isotonic_inner_holdout,Isotonic · 내부 검증 행 적합(선택 행 재사용),isotonic,inner_holdout,7,180332,31805,log_loss,0.4380215989
weather_eval,classifier_calibration_20261008,weather_on,logistic_regression,logistic_regression,Logistic Regression,규제 강도 C 5개,5,isotonic_inner_holdout,Isotonic · 내부 검증 행 적합(선택 행 재사용),isotonic,inner_holdout,7,180332,31805,roc_auc,0.6740339447
weather_eval,classifier_calibration_20261008,weather_on,logistic_regression,logistic_regression,Logistic Regression,규제 강도 C 5개,5,isotonic_inner_holdout,Isotonic · 내부 검증 행 적합(선택 행 재사용),isotonic,inner_holdout,7,180332,31805,precision_delayed,0.3254806764
weather_eval,classifier_calibration_20261008,weather_on,logistic_regression,logistic_regression,Logistic Regression,규제 강도 C 5개,5,isotonic_inner_holdout,Isotonic · 내부 검증 행 적합(선택 행 재사용),isotonic,inner_holdout,7,180332,31805,recall_delayed,0.3709794058
weather_eval,classifier_calibration_20261008,weather_on,logistic_regression,logistic_regression,Logistic Regression,규제 강도 C 5개,5,isotonic_inner_holdout,Isotonic · 내부 검증 행 적합(선택 행 재사용),isotonic,inner_holdout,7,180332,31805,f1_delayed,0.346743858
weather_eval,classifier_calibration_20261008,weather_on,logistic_regression,logistic_regression,Logistic Regression,규제 강도 C 5개,5,isotonic_inner_holdout,Isotonic · 내부 검증 행 적합(선택 행 재사용),isotonic,inner_holdout,7,180332,31805,f1_not_delayed,0.8480629374
weather_eval,classifier_calibration_20261008,weather_on,logistic_regression,logistic_regression,Logistic Regression,규제 강도 C 5개,5,isotonic_inner_holdout,Isotonic · 내부 검증 행 적합(선택 행 재사용),isotonic,inner_holdout,7,180332,31805,brier,0.1365250124
weather_eval,classifier_calibration_20261008,weather_on,logistic_regression,logistic_regression,Logistic Regression,규제 강도 C 5개,5,isotonic_inner_holdout,Isotonic · 내부 검증 행 적합(선택 행 재사용),isotonic,inner_holdout,7,180332,31805,ece_ef15,0.003344089587
weather_eval,classifier_calibration_20261008,weather_on,logistic_regression,logistic_regression,Logistic Regression,규제 강도 C 5개,5,isotonic_inner_holdout,Isotonic · 내부 검증 행 적합(선택 행 재사용),isotonic,inner_holdout,7,180332,31805,ece_ew10,0.002469468671
weather_eval,classifier_calibration_20261008,weather_on,logistic_regression,logistic_regression,Logistic Regression,규제 강도 C 5개,5,isotonic_inner_holdout,Isotonic · 내부 검증 행 적합(선택 행 재사용),isotonic,inner_holdout,7,180332,31805,calibration_bias,-9.359988138e-06
weather_eval,classifier_calibration_20261008,weather_on,logistic_regression,logistic_regression,Logistic Regression,규제 강도 C 5개,5,isotonic_inner_holdout,Isotonic · 내부 검증 행 적합(선택 행 재사용),isotonic,inner_holdout,7,180332,31805,mean_probability,0.1763597814
weather_eval,classifier_calibration_20261008,weather_on,logistic_regression,logistic_regression,Logistic Regression,규제 강도 C 5개,5,platt_crossfit,Platt · 내부 학습 교차적합,platt,inner_train_crossfit,7,180332,31805,macro_f1_nested,0.597378734
weather_eval,classifier_calibration_20261008,weather_on,logistic_regression,logistic_regression,Logistic Regression,규제 강도 C 5개,5,platt_crossfit,Platt · 내부 학습 교차적합,platt,inner_train_crossfit,7,180332,31805,log_loss,0.4371709277
weather_eval,classifier_calibration_20261008,weather_on,logistic_regression,logistic_regression,Logistic Regression,규제 강도 C 5개,5,platt_crossfit,Platt · 내부 학습 교차적합,platt,inner_train_crossfit,7,180332,31805,roc_auc,0.6743105601
weather_eval,classifier_calibration_20261008,weather_on,logistic_regression,logistic_regression,Logistic Regression,규제 강도 C 5개,5,platt_crossfit,Platt · 내부 학습 교차적합,platt,inner_train_crossfit,7,180332,31805,precision_delayed,0.3302779161
weather_eval,classifier_calibration_20261008,weather_on,logistic_regression,logistic_regression,Logistic Regression,규제 강도 C 5개,5,platt_crossfit,Platt · 내부 학습 교차적합,platt,inner_train_crossfit,7,180332,31805,recall_delayed,0.3545983336
weather_eval,classifier_calibration_20261008,weather_on,logistic_regression,logistic_regression,Logistic Regression,규제 강도 C 5개,5,platt_crossfit,Platt · 내부 학습 교차적합,platt,inner_train_crossfit,7,180332,31805,f1_delayed,0.3420063076
weather_eval,classifier_calibration_20261008,weather_on,logistic_regression,logistic_regression,Logistic Regression,규제 강도 C 5개,5,platt_crossfit,Platt · 내부 학습 교차적합,platt,inner_train_crossfit,7,180332,31805,f1_not_delayed,0.8527511605
weather_eval,classifier_calibration_20261008,weather_on,logistic_regression,logistic_regression,Logistic Regression,규제 강도 C 5개,5,platt_crossfit,Platt · 내부 학습 교차적합,platt,inner_train_crossfit,7,180332,31805,brier,0.1364540804
weather_eval,classifier_calibration_20261008,weather_on,logistic_regression,logistic_regression,Logistic Regression,규제 강도 C 5개,5,platt_crossfit,Platt · 내부 학습 교차적합,platt,inner_train_crossfit,7,180332,31805,ece_ef15,0.003491846473
weather_eval,classifier_calibration_20261008,weather_on,logistic_regression,logistic_regression,Logistic Regression,규제 강도 C 5개,5,platt_crossfit,Platt · 내부 학습 교차적합,platt,inner_train_crossfit,7,180332,31805,ece_ew10,0.003433397872
weather_eval,classifier_calibration_20261008,weather_on,logistic_regression,logistic_regression,Logistic Regression,규제 강도 C 5개,5,platt_crossfit,Platt · 내부 학습 교차적합,platt,inner_train_crossfit,7,180332,31805,calibration_bias,-1.359125516e-05
weather_eval,classifier_calibration_20261008,weather_on,logistic_regression,logistic_regression,Logistic Regression,규제 강도 C 5개,5,platt_crossfit,Platt · 내부 학습 교차적합,platt,inner_train_crossfit,7,180332,31805,mean_probability,0.1763555501
weather_eval,classifier_calibration_20261008,weather_on,logistic_regression,logistic_regression,Logistic Regression,규제 강도 C 5개,5,isotonic_crossfit,Isotonic · 내부 학습 교차적합,isotonic,inner_train_crossfit,7,180332,31805,macro_f1_nested,0.5971110528
weather_eval,classifier_calibration_20261008,weather_on,logistic_regression,logistic_regression,Logistic Regression,규제 강도 C 5개,5,isotonic_crossfit,Isotonic · 내부 학습 교차적합,isotonic,inner_train_crossfit,7,180332,31805,log_loss,0.4374356476
weather_eval,classifier_calibration_20261008,weather_on,logistic_regression,logistic_regression,Logistic Regression,규제 강도 C 5개,5,isotonic_crossfit,Isotonic · 내부 학습 교차적합,isotonic,inner_train_crossfit,7,180332,31805,roc_auc,0.6739245332
weather_eval,classifier_calibration_20261008,weather_on,logistic_regression,logistic_regression,Logistic Regression,규제 강도 C 5개,5,isotonic_crossfit,Isotonic · 내부 학습 교차적합,isotonic,inner_train_crossfit,7,180332,31805,precision_delayed,0.3246924429
weather_eval,classifier_calibration_20261008,weather_on,logistic_regression,logistic_regression,Logistic Regression,규제 강도 C 5개,5,isotonic_crossfit,Isotonic · 내부 학습 교차적합,isotonic,inner_train_crossfit,7,180332,31805,recall_delayed,0.3717654457
weather_eval,classifier_calibration_20261008,weather_on,logistic_regression,logistic_regression,Logistic Regression,규제 강도 C 5개,5,isotonic_crossfit,Isotonic · 내부 학습 교차적합,isotonic,inner_train_crossfit,7,180332,31805,f1_delayed,0.346638132
weather_eval,classifier_calibration_20261008,weather_on,logistic_regression,logistic_regression,Logistic Regression,규제 강도 C 5개,5,isotonic_crossfit,Isotonic · 내부 학습 교차적합,isotonic,inner_train_crossfit,7,180332,31805,f1_not_delayed,0.8475839736
weather_eval,classifier_calibration_20261008,weather_on,logistic_regression,logistic_regression,Logistic Regression,규제 강도 C 5개,5,isotonic_crossfit,Isotonic · 내부 학습 교차적합,isotonic,inner_train_crossfit,7,180332,31805,brier,0.136479016
weather_eval,classifier_calibration_20261008,weather_on,logistic_regression,logistic_regression,Logistic Regression,규제 강도 C 5개,5,isotonic_crossfit,Isotonic · 내부 학습 교차적합,isotonic,inner_train_crossfit,7,180332,31805,ece_ef15,0.002174071406
weather_eval,classifier_calibration_20261008,weather_on,logistic_regression,logistic_regression,Logistic Regression,규제 강도 C 5개,5,isotonic_crossfit,Isotonic · 내부 학습 교차적합,isotonic,inner_train_crossfit,7,180332,31805,ece_ew10,0.0014038757
weather_eval,classifier_calibration_20261008,weather_on,logistic_regression,logistic_regression,Logistic Regression,규제 강도 C 5개,5,isotonic_crossfit,Isotonic · 내부 학습 교차적합,isotonic,inner_train_crossfit,7,180332,31805,calibration_bias,-2.69383203e-05
weather_eval,classifier_calibration_20261008,weather_on,logistic_regression,logistic_regression,Logistic Regression,규제 강도 C 5개,5,isotonic_crossfit,Isotonic · 내부 학습 교차적합,isotonic,inner_train_crossfit,7,180332,31805,mean_probability,0.176342203
weather_eval,classifier_calibration_20261008,weather_on,random_forest_tuned,random_forest,Random Forest,9개 설정 (min_samples_leaf 10/25/50 × max_features 0.5/0.7/1.0),9,none,보정 없음,none,none,7,180332,31805,macro_f1_nested,0.6082762292
weather_eval,classifier_calibration_20261008,weather_on,random_forest_tuned,random_forest,Random Forest,9개 설정 (min_samples_leaf 10/25/50 × max_features 0.5/0.7/1.0),9,none,보정 없음,none,none,7,180332,31805,log_loss,0.4315764048
weather_eval,classifier_calibration_20261008,weather_on,random_forest_tuned,random_forest,Random Forest,9개 설정 (min_samples_leaf 10/25/50 × max_features 0.5/0.7/1.0),9,none,보정 없음,none,none,7,180332,31805,roc_auc,0.687694604
weather_eval,classifier_calibration_20261008,weather_on,random_forest_tuned,random_forest,Random Forest,9개 설정 (min_samples_leaf 10/25/50 × max_features 0.5/0.7/1.0),9,none,보정 없음,none,none,7,180332,31805,precision_delayed,0.3492484791
weather_eval,classifier_calibration_20261008,weather_on,random_forest_tuned,random_forest,Random Forest,9개 설정 (min_samples_leaf 10/25/50 × max_features 0.5/0.7/1.0),9,none,보정 없음,none,none,7,180332,31805,recall_delayed,0.3682125452
weather_eval,classifier_calibration_20261008,weather_on,random_forest_tuned,random_forest,Random Forest,9개 설정 (min_samples_leaf 10/25/50 × max_features 0.5/0.7/1.0),9,none,보정 없음,none,none,7,180332,31805,f1_delayed,0.3584798812
weather_eval,classifier_calibration_20261008,weather_on,random_forest_tuned,random_forest,Random Forest,9개 설정 (min_samples_leaf 10/25/50 × max_features 0.5/0.7/1.0),9,none,보정 없음,none,none,7,180332,31805,f1_not_delayed,0.8580725772
weather_eval,classifier_calibration_20261008,weather_on,random_forest_tuned,random_forest,Random Forest,9개 설정 (min_samples_leaf 10/25/50 × max_features 0.5/0.7/1.0),9,none,보정 없음,none,none,7,180332,31805,brier,0.1344944001
weather_eval,classifier_calibration_20261008,weather_on,random_forest_tuned,random_forest,Random Forest,9개 설정 (min_samples_leaf 10/25/50 × max_features 0.5/0.7/1.0),9,none,보정 없음,none,none,7,180332,31805,ece_ef15,0.007036555486
weather_eval,classifier_calibration_20261008,weather_on,random_forest_tuned,random_forest,Random Forest,9개 설정 (min_samples_leaf 10/25/50 × max_features 0.5/0.7/1.0),9,none,보정 없음,none,none,7,180332,31805,ece_ew10,0.006412924253
weather_eval,classifier_calibration_20261008,weather_on,random_forest_tuned,random_forest,Random Forest,9개 설정 (min_samples_leaf 10/25/50 × max_features 0.5/0.7/1.0),9,none,보정 없음,none,none,7,180332,31805,calibration_bias,0.0008526096491
weather_eval,classifier_calibration_20261008,weather_on,random_forest_tuned,random_forest,Random Forest,9개 설정 (min_samples_leaf 10/25/50 × max_features 0.5/0.7/1.0),9,none,보정 없음,none,none,7,180332,31805,mean_probability,0.177221751
weather_eval,classifier_calibration_20261008,weather_on,random_forest_tuned,random_forest,Random Forest,9개 설정 (min_samples_leaf 10/25/50 × max_features 0.5/0.7/1.0),9,platt_inner_holdout,Platt · 내부 검증 행 적합(선택 행 재사용),platt,inner_holdout,7,180332,31805,macro_f1_nested,0.6085075313
weather_eval,classifier_calibration_20261008,weather_on,random_forest_tuned,random_forest,Random Forest,9개 설정 (min_samples_leaf 10/25/50 × max_features 0.5/0.7/1.0),9,platt_inner_holdout,Platt · 내부 검증 행 적합(선택 행 재사용),platt,inner_holdout,7,180332,31805,log_loss,0.4315297689
weather_eval,classifier_calibration_20261008,weather_on,random_forest_tuned,random_forest,Random Forest,9개 설정 (min_samples_leaf 10/25/50 × max_features 0.5/0.7/1.0),9,platt_inner_holdout,Platt · 내부 검증 행 적합(선택 행 재사용),platt,inner_holdout,7,180332,31805,roc_auc,0.6876942932
weather_eval,classifier_calibration_20261008,weather_on,random_forest_tuned,random_forest,Random Forest,9개 설정 (min_samples_leaf 10/25/50 × max_features 0.5/0.7/1.0),9,platt_inner_holdout,Platt · 내부 검증 행 적합(선택 행 재사용),platt,inner_holdout,7,180332,31805,precision_delayed,0.3451523861
weather_eval,classifier_calibration_20261008,weather_on,random_forest_tuned,random_forest,Random Forest,9개 설정 (min_samples_leaf 10/25/50 × max_features 0.5/0.7/1.0),9,platt_inner_holdout,Platt · 내부 검증 행 적합(선택 행 재사용),platt,inner_holdout,7,180332,31805,recall_delayed,0.3813551328
weather_eval,classifier_calibration_20261008,weather_on,random_forest_tuned,random_forest,Random Forest,9개 설정 (min_samples_leaf 10/25/50 × max_features 0.5/0.7/1.0),9,platt_inner_holdout,Platt · 내부 검증 행 적합(선택 행 재사용),platt,inner_holdout,7,180332,31805,f1_delayed,0.3623517462
weather_eval,classifier_calibration_20261008,weather_on,random_forest_tuned,random_forest,Random Forest,9개 설정 (min_samples_leaf 10/25/50 × max_features 0.5/0.7/1.0),9,platt_inner_holdout,Platt · 내부 검증 행 적합(선택 행 재사용),platt,inner_holdout,7,180332,31805,f1_not_delayed,0.8546633165
weather_eval,classifier_calibration_20261008,weather_on,random_forest_tuned,random_forest,Random Forest,9개 설정 (min_samples_leaf 10/25/50 × max_features 0.5/0.7/1.0),9,platt_inner_holdout,Platt · 내부 검증 행 적합(선택 행 재사용),platt,inner_holdout,7,180332,31805,brier,0.134444761
weather_eval,classifier_calibration_20261008,weather_on,random_forest_tuned,random_forest,Random Forest,9개 설정 (min_samples_leaf 10/25/50 × max_features 0.5/0.7/1.0),9,platt_inner_holdout,Platt · 내부 검증 행 적합(선택 행 재사용),platt,inner_holdout,7,180332,31805,ece_ef15,0.005648368598
weather_eval,classifier_calibration_20261008,weather_on,random_forest_tuned,random_forest,Random Forest,9개 설정 (min_samples_leaf 10/25/50 × max_features 0.5/0.7/1.0),9,platt_inner_holdout,Platt · 내부 검증 행 적합(선택 행 재사용),platt,inner_holdout,7,180332,31805,ece_ew10,0.005121367266
weather_eval,classifier_calibration_20261008,weather_on,random_forest_tuned,random_forest,Random Forest,9개 설정 (min_samples_leaf 10/25/50 × max_features 0.5/0.7/1.0),9,platt_inner_holdout,Platt · 내부 검증 행 적합(선택 행 재사용),platt,inner_holdout,7,180332,31805,calibration_bias,-3.751378845e-05
weather_eval,classifier_calibration_20261008,weather_on,random_forest_tuned,random_forest,Random Forest,9개 설정 (min_samples_leaf 10/25/50 × max_features 0.5/0.7/1.0),9,platt_inner_holdout,Platt · 내부 검증 행 적합(선택 행 재사용),platt,inner_holdout,7,180332,31805,mean_probability,0.1763316276
weather_eval,classifier_calibration_20261008,weather_on,random_forest_tuned,random_forest,Random Forest,9개 설정 (min_samples_leaf 10/25/50 × max_features 0.5/0.7/1.0),9,isotonic_inner_holdout,Isotonic · 내부 검증 행 적합(선택 행 재사용),isotonic,inner_holdout,7,180332,31805,macro_f1_nested,0.6087976966
weather_eval,classifier_calibration_20261008,weather_on,random_forest_tuned,random_forest,Random Forest,9개 설정 (min_samples_leaf 10/25/50 × max_features 0.5/0.7/1.0),9,isotonic_inner_holdout,Isotonic · 내부 검증 행 적합(선택 행 재사용),isotonic,inner_holdout,7,180332,31805,log_loss,0.4317531318
weather_eval,classifier_calibration_20261008,weather_on,random_forest_tuned,random_forest,Random Forest,9개 설정 (min_samples_leaf 10/25/50 × max_features 0.5/0.7/1.0),9,isotonic_inner_holdout,Isotonic · 내부 검증 행 적합(선택 행 재사용),isotonic,inner_holdout,7,180332,31805,roc_auc,0.6871401362
weather_eval,classifier_calibration_20261008,weather_on,random_forest_tuned,random_forest,Random Forest,9개 설정 (min_samples_leaf 10/25/50 × max_features 0.5/0.7/1.0),9,isotonic_inner_holdout,Isotonic · 내부 검증 행 적합(선택 행 재사용),isotonic,inner_holdout,7,180332,31805,precision_delayed,0.352030889
weather_eval,classifier_calibration_20261008,weather_on,random_forest_tuned,random_forest,Random Forest,9개 설정 (min_samples_leaf 10/25/50 × max_features 0.5/0.7/1.0),9,isotonic_inner_holdout,Isotonic · 내부 검증 행 적합(선택 행 재사용),isotonic,inner_holdout,7,180332,31805,recall_delayed,0.3640622544
weather_eval,classifier_calibration_20261008,weather_on,random_forest_tuned,random_forest,Random Forest,9개 설정 (min_samples_leaf 10/25/50 × max_features 0.5/0.7/1.0),9,isotonic_inner_holdout,Isotonic · 내부 검증 행 적합(선택 행 재사용),isotonic,inner_holdout,7,180332,31805,f1_delayed,0.3579454998
weather_eval,classifier_calibration_20261008,weather_on,random_forest_tuned,random_forest,Random Forest,9개 설정 (min_samples_leaf 10/25/50 × max_features 0.5/0.7/1.0),9,isotonic_inner_holdout,Isotonic · 내부 검증 행 적합(선택 행 재사용),isotonic,inner_holdout,7,180332,31805,f1_not_delayed,0.8596498934
weather_eval,classifier_calibration_20261008,weather_on,random_forest_tuned,random_forest,Random Forest,9개 설정 (min_samples_leaf 10/25/50 × max_features 0.5/0.7/1.0),9,isotonic_inner_holdout,Isotonic · 내부 검증 행 적합(선택 행 재사용),isotonic,inner_holdout,7,180332,31805,brier,0.1344741302
weather_eval,classifier_calibration_20261008,weather_on,random_forest_tuned,random_forest,Random Forest,9개 설정 (min_samples_leaf 10/25/50 × max_features 0.5/0.7/1.0),9,isotonic_inner_holdout,Isotonic · 내부 검증 행 적합(선택 행 재사용),isotonic,inner_holdout,7,180332,31805,ece_ef15,0.003710522123
weather_eval,classifier_calibration_20261008,weather_on,random_forest_tuned,random_forest,Random Forest,9개 설정 (min_samples_leaf 10/25/50 × max_features 0.5/0.7/1.0),9,isotonic_inner_holdout,Isotonic · 내부 검증 행 적합(선택 행 재사용),isotonic,inner_holdout,7,180332,31805,ece_ew10,0.002620858312
weather_eval,classifier_calibration_20261008,weather_on,random_forest_tuned,random_forest,Random Forest,9개 설정 (min_samples_leaf 10/25/50 × max_features 0.5/0.7/1.0),9,isotonic_inner_holdout,Isotonic · 내부 검증 행 적합(선택 행 재사용),isotonic,inner_holdout,7,180332,31805,calibration_bias,-9.258176535e-05
weather_eval,classifier_calibration_20261008,weather_on,random_forest_tuned,random_forest,Random Forest,9개 설정 (min_samples_leaf 10/25/50 × max_features 0.5/0.7/1.0),9,isotonic_inner_holdout,Isotonic · 내부 검증 행 적합(선택 행 재사용),isotonic,inner_holdout,7,180332,31805,mean_probability,0.1762765596
weather_eval,classifier_calibration_20261008,weather_on,random_forest_tuned,random_forest,Random Forest,9개 설정 (min_samples_leaf 10/25/50 × max_features 0.5/0.7/1.0),9,platt_crossfit,Platt · 내부 학습 교차적합,platt,inner_train_crossfit,7,180332,31805,macro_f1_nested,0.6084994778
weather_eval,classifier_calibration_20261008,weather_on,random_forest_tuned,random_forest,Random Forest,9개 설정 (min_samples_leaf 10/25/50 × max_features 0.5/0.7/1.0),9,platt_crossfit,Platt · 내부 학습 교차적합,platt,inner_train_crossfit,7,180332,31805,log_loss,0.4315084489
weather_eval,classifier_calibration_20261008,weather_on,random_forest_tuned,random_forest,Random Forest,9개 설정 (min_samples_leaf 10/25/50 × max_features 0.5/0.7/1.0),9,platt_crossfit,Platt · 내부 학습 교차적합,platt,inner_train_crossfit,7,180332,31805,roc_auc,0.6877000571
weather_eval,classifier_calibration_20261008,weather_on,random_forest_tuned,random_forest,Random Forest,9개 설정 (min_samples_leaf 10/25/50 × max_features 0.5/0.7/1.0),9,platt_crossfit,Platt · 내부 학습 교차적합,platt,inner_train_crossfit,7,180332,31805,precision_delayed,0.3484540337
weather_eval,classifier_calibration_20261008,weather_on,random_forest_tuned,random_forest,Random Forest,9개 설정 (min_samples_leaf 10/25/50 × max_features 0.5/0.7/1.0),9,platt_crossfit,Platt · 내부 학습 교차적합,platt,inner_train_crossfit,7,180332,31805,recall_delayed,0.3717025625
weather_eval,classifier_calibration_20261008,weather_on,random_forest_tuned,random_forest,Random Forest,9개 설정 (min_samples_leaf 10/25/50 × max_features 0.5/0.7/1.0),9,platt_crossfit,Platt · 내부 학습 교차적합,platt,inner_train_crossfit,7,180332,31805,f1_delayed,0.3597030366
weather_eval,classifier_calibration_20261008,weather_on,random_forest_tuned,random_forest,Random Forest,9개 설정 (min_samples_leaf 10/25/50 × max_features 0.5/0.7/1.0),9,platt_crossfit,Platt · 내부 학습 교차적합,platt,inner_train_crossfit,7,180332,31805,f1_not_delayed,0.8572959191
weather_eval,classifier_calibration_20261008,weather_on,random_forest_tuned,random_forest,Random Forest,9개 설정 (min_samples_leaf 10/25/50 × max_features 0.5/0.7/1.0),9,platt_crossfit,Platt · 내부 학습 교차적합,platt,inner_train_crossfit,7,180332,31805,brier,0.1344474758
weather_eval,classifier_calibration_20261008,weather_on,random_forest_tuned,random_forest,Random Forest,9개 설정 (min_samples_leaf 10/25/50 × max_features 0.5/0.7/1.0),9,platt_crossfit,Platt · 내부 학습 교차적합,platt,inner_train_crossfit,7,180332,31805,ece_ef15,0.005856583849
weather_eval,classifier_calibration_20261008,weather_on,random_forest_tuned,random_forest,Random Forest,9개 설정 (min_samples_leaf 10/25/50 × max_features 0.5/0.7/1.0),9,platt_crossfit,Platt · 내부 학습 교차적합,platt,inner_train_crossfit,7,180332,31805,ece_ew10,0.005326833532
weather_eval,classifier_calibration_20261008,weather_on,random_forest_tuned,random_forest,Random Forest,9개 설정 (min_samples_leaf 10/25/50 × max_features 0.5/0.7/1.0),9,platt_crossfit,Platt · 내부 학습 교차적합,platt,inner_train_crossfit,7,180332,31805,calibration_bias,-0.0002078765749
weather_eval,classifier_calibration_20261008,weather_on,random_forest_tuned,random_forest,Random Forest,9개 설정 (min_samples_leaf 10/25/50 × max_features 0.5/0.7/1.0),9,platt_crossfit,Platt · 내부 학습 교차적합,platt,inner_train_crossfit,7,180332,31805,mean_probability,0.1761612648
weather_eval,classifier_calibration_20261008,weather_on,random_forest_tuned,random_forest,Random Forest,9개 설정 (min_samples_leaf 10/25/50 × max_features 0.5/0.7/1.0),9,isotonic_crossfit,Isotonic · 내부 학습 교차적합,isotonic,inner_train_crossfit,7,180332,31805,macro_f1_nested,0.6091976692
weather_eval,classifier_calibration_20261008,weather_on,random_forest_tuned,random_forest,Random Forest,9개 설정 (min_samples_leaf 10/25/50 × max_features 0.5/0.7/1.0),9,isotonic_crossfit,Isotonic · 내부 학습 교차적합,isotonic,inner_train_crossfit,7,180332,31805,log_loss,0.4315407205
weather_eval,classifier_calibration_20261008,weather_on,random_forest_tuned,random_forest,Random Forest,9개 설정 (min_samples_leaf 10/25/50 × max_features 0.5/0.7/1.0),9,isotonic_crossfit,Isotonic · 내부 학습 교차적합,isotonic,inner_train_crossfit,7,180332,31805,roc_auc,0.6874506742
weather_eval,classifier_calibration_20261008,weather_on,random_forest_tuned,random_forest,Random Forest,9개 설정 (min_samples_leaf 10/25/50 × max_features 0.5/0.7/1.0),9,isotonic_crossfit,Isotonic · 내부 학습 교차적합,isotonic,inner_train_crossfit,7,180332,31805,precision_delayed,0.3496121974
weather_eval,classifier_calibration_20261008,weather_on,random_forest_tuned,random_forest,Random Forest,9개 설정 (min_samples_leaf 10/25/50 × max_features 0.5/0.7/1.0),9,isotonic_crossfit,Isotonic · 내부 학습 교차적합,isotonic,inner_train_crossfit,7,180332,31805,recall_delayed,0.3727401352
weather_eval,classifier_calibration_20261008,weather_on,random_forest_tuned,random_forest,Random Forest,9개 설정 (min_samples_leaf 10/25/50 × max_features 0.5/0.7/1.0),9,isotonic_crossfit,Isotonic · 내부 학습 교차적합,isotonic,inner_train_crossfit,7,180332,31805,f1_delayed,0.3608059165
weather_eval,classifier_calibration_20261008,weather_on,random_forest_tuned,random_forest,Random Forest,9개 설정 (min_samples_leaf 10/25/50 × max_features 0.5/0.7/1.0),9,isotonic_crossfit,Isotonic · 내부 학습 교차적합,isotonic,inner_train_crossfit,7,180332,31805,f1_not_delayed,0.8575894219
weather_eval,classifier_calibration_20261008,weather_on,random_forest_tuned,random_forest,Random Forest,9개 설정 (min_samples_leaf 10/25/50 × max_features 0.5/0.7/1.0),9,isotonic_crossfit,Isotonic · 내부 학습 교차적합,isotonic,inner_train_crossfit,7,180332,31805,brier,0.1344130849
weather_eval,classifier_calibration_20261008,weather_on,random_forest_tuned,random_forest,Random Forest,9개 설정 (min_samples_leaf 10/25/50 × max_features 0.5/0.7/1.0),9,isotonic_crossfit,Isotonic · 내부 학습 교차적합,isotonic,inner_train_crossfit,7,180332,31805,ece_ef15,0.00278016705
weather_eval,classifier_calibration_20261008,weather_on,random_forest_tuned,random_forest,Random Forest,9개 설정 (min_samples_leaf 10/25/50 × max_features 0.5/0.7/1.0),9,isotonic_crossfit,Isotonic · 내부 학습 교차적합,isotonic,inner_train_crossfit,7,180332,31805,ece_ew10,0.001534848615
weather_eval,classifier_calibration_20261008,weather_on,random_forest_tuned,random_forest,Random Forest,9개 설정 (min_samples_leaf 10/25/50 × max_features 0.5/0.7/1.0),9,isotonic_crossfit,Isotonic · 내부 학습 교차적합,isotonic,inner_train_crossfit,7,180332,31805,calibration_bias,-3.006072293e-05
weather_eval,classifier_calibration_20261008,weather_on,random_forest_tuned,random_forest,Random Forest,9개 설정 (min_samples_leaf 10/25/50 × max_features 0.5/0.7/1.0),9,isotonic_crossfit,Isotonic · 내부 학습 교차적합,isotonic,inner_train_crossfit,7,180332,31805,mean_probability,0.1763390806
weather_eval,classifier_calibration_20261008,weather_on,lightgbm_tuned,lightgbm,LightGBM,"24개 설정 × 트리 수 8개 (학습률 0.03~0.1, 잎 31~127)",24,none,보정 없음,none,none,7,180332,31805,macro_f1_nested,0.6007702174
weather_eval,classifier_calibration_20261008,weather_on,lightgbm_tuned,lightgbm,LightGBM,"24개 설정 × 트리 수 8개 (학습률 0.03~0.1, 잎 31~127)",24,none,보정 없음,none,none,7,180332,31805,log_loss,0.4359787787
weather_eval,classifier_calibration_20261008,weather_on,lightgbm_tuned,lightgbm,LightGBM,"24개 설정 × 트리 수 8개 (학습률 0.03~0.1, 잎 31~127)",24,none,보정 없음,none,none,7,180332,31805,roc_auc,0.6745162481
weather_eval,classifier_calibration_20261008,weather_on,lightgbm_tuned,lightgbm,LightGBM,"24개 설정 × 트리 수 8개 (학습률 0.03~0.1, 잎 31~127)",24,none,보정 없음,none,none,7,180332,31805,precision_delayed,0.3349510331
weather_eval,classifier_calibration_20261008,weather_on,lightgbm_tuned,lightgbm,LightGBM,"24개 설정 × 트리 수 8개 (학습률 0.03~0.1, 잎 31~127)",24,none,보정 없음,none,none,7,180332,31805,recall_delayed,0.3623958497
weather_eval,classifier_calibration_20261008,weather_on,lightgbm_tuned,lightgbm,LightGBM,"24개 설정 × 트리 수 8개 (학습률 0.03~0.1, 잎 31~127)",24,none,보정 없음,none,none,7,180332,31805,f1_delayed,0.3481333817
weather_eval,classifier_calibration_20261008,weather_on,lightgbm_tuned,lightgbm,LightGBM,"24개 설정 × 트리 수 8개 (학습률 0.03~0.1, 잎 31~127)",24,none,보정 없음,none,none,7,180332,31805,f1_not_delayed,0.8534070532
weather_eval,classifier_calibration_20261008,weather_on,lightgbm_tuned,lightgbm,LightGBM,"24개 설정 × 트리 수 8개 (학습률 0.03~0.1, 잎 31~127)",24,none,보정 없음,none,none,7,180332,31805,brier,0.135755039
weather_eval,classifier_calibration_20261008,weather_on,lightgbm_tuned,lightgbm,LightGBM,"24개 설정 × 트리 수 8개 (학습률 0.03~0.1, 잎 31~127)",24,none,보정 없음,none,none,7,180332,31805,ece_ef15,0.007903944189
weather_eval,classifier_calibration_20261008,weather_on,lightgbm_tuned,lightgbm,LightGBM,"24개 설정 × 트리 수 8개 (학습률 0.03~0.1, 잎 31~127)",24,none,보정 없음,none,none,7,180332,31805,ece_ew10,0.005703043929
weather_eval,classifier_calibration_20261008,weather_on,lightgbm_tuned,lightgbm,LightGBM,"24개 설정 × 트리 수 8개 (학습률 0.03~0.1, 잎 31~127)",24,none,보정 없음,none,none,7,180332,31805,calibration_bias,-0.004216525205
weather_eval,classifier_calibration_20261008,weather_on,lightgbm_tuned,lightgbm,LightGBM,"24개 설정 × 트리 수 8개 (학습률 0.03~0.1, 잎 31~127)",24,none,보정 없음,none,none,7,180332,31805,mean_probability,0.1721526162
weather_eval,classifier_calibration_20261008,weather_on,lightgbm_tuned,lightgbm,LightGBM,"24개 설정 × 트리 수 8개 (학습률 0.03~0.1, 잎 31~127)",24,platt_inner_holdout,Platt · 내부 검증 행 적합(선택 행 재사용),platt,inner_holdout,7,180332,31805,macro_f1_nested,0.6007373737
weather_eval,classifier_calibration_20261008,weather_on,lightgbm_tuned,lightgbm,LightGBM,"24개 설정 × 트리 수 8개 (학습률 0.03~0.1, 잎 31~127)",24,platt_inner_holdout,Platt · 내부 검증 행 적합(선택 행 재사용),platt,inner_holdout,7,180332,31805,log_loss,0.4357382952
weather_eval,classifier_calibration_20261008,weather_on,lightgbm_tuned,lightgbm,LightGBM,"24개 설정 × 트리 수 8개 (학습률 0.03~0.1, 잎 31~127)",24,platt_inner_holdout,Platt · 내부 검증 행 적합(선택 행 재사용),platt,inner_holdout,7,180332,31805,roc_auc,0.6744729274
weather_eval,classifier_calibration_20261008,weather_on,lightgbm_tuned,lightgbm,LightGBM,"24개 설정 × 트리 수 8개 (학습률 0.03~0.1, 잎 31~127)",24,platt_inner_holdout,Platt · 내부 검증 행 적합(선택 행 재사용),platt,inner_holdout,7,180332,31805,precision_delayed,0.3379735418
weather_eval,classifier_calibration_20261008,weather_on,lightgbm_tuned,lightgbm,LightGBM,"24개 설정 × 트리 수 8개 (학습률 0.03~0.1, 잎 31~127)",24,platt_inner_holdout,Platt · 내부 검증 행 적합(선택 행 재사용),platt,inner_holdout,7,180332,31805,recall_delayed,0.3534349945
weather_eval,classifier_calibration_20261008,weather_on,lightgbm_tuned,lightgbm,LightGBM,"24개 설정 × 트리 수 8개 (학습률 0.03~0.1, 잎 31~127)",24,platt_inner_holdout,Platt · 내부 검증 행 적합(선택 행 재사용),platt,inner_holdout,7,180332,31805,f1_delayed,0.3455313917
weather_eval,classifier_calibration_20261008,weather_on,lightgbm_tuned,lightgbm,LightGBM,"24개 설정 × 트리 수 8개 (학습률 0.03~0.1, 잎 31~127)",24,platt_inner_holdout,Platt · 내부 검증 행 적합(선택 행 재사용),platt,inner_holdout,7,180332,31805,f1_not_delayed,0.8559433557
weather_eval,classifier_calibration_20261008,weather_on,lightgbm_tuned,lightgbm,LightGBM,"24개 설정 × 트리 수 8개 (학습률 0.03~0.1, 잎 31~127)",24,platt_inner_holdout,Platt · 내부 검증 행 적합(선택 행 재사용),platt,inner_holdout,7,180332,31805,brier,0.1356515612
weather_eval,classifier_calibration_20261008,weather_on,lightgbm_tuned,lightgbm,LightGBM,"24개 설정 × 트리 수 8개 (학습률 0.03~0.1, 잎 31~127)",24,platt_inner_holdout,Platt · 내부 검증 행 적합(선택 행 재사용),platt,inner_holdout,7,180332,31805,ece_ef15,0.003117988532
weather_eval,classifier_calibration_20261008,weather_on,lightgbm_tuned,lightgbm,LightGBM,"24개 설정 × 트리 수 8개 (학습률 0.03~0.1, 잎 31~127)",24,platt_inner_holdout,Platt · 내부 검증 행 적합(선택 행 재사용),platt,inner_holdout,7,180332,31805,ece_ew10,0.00274353851
weather_eval,classifier_calibration_20261008,weather_on,lightgbm_tuned,lightgbm,LightGBM,"24개 설정 × 트리 수 8개 (학습률 0.03~0.1, 잎 31~127)",24,platt_inner_holdout,Platt · 내부 검증 행 적합(선택 행 재사용),platt,inner_holdout,7,180332,31805,calibration_bias,6.352563945e-05
weather_eval,classifier_calibration_20261008,weather_on,lightgbm_tuned,lightgbm,LightGBM,"24개 설정 × 트리 수 8개 (학습률 0.03~0.1, 잎 31~127)",24,platt_inner_holdout,Platt · 내부 검증 행 적합(선택 행 재사용),platt,inner_holdout,7,180332,31805,mean_probability,0.176432667
weather_eval,classifier_calibration_20261008,weather_on,lightgbm_tuned,lightgbm,LightGBM,"24개 설정 × 트리 수 8개 (학습률 0.03~0.1, 잎 31~127)",24,isotonic_inner_holdout,Isotonic · 내부 검증 행 적합(선택 행 재사용),isotonic,inner_holdout,7,180332,31805,macro_f1_nested,0.6008596705
weather_eval,classifier_calibration_20261008,weather_on,lightgbm_tuned,lightgbm,LightGBM,"24개 설정 × 트리 수 8개 (학습률 0.03~0.1, 잎 31~127)",24,isotonic_inner_holdout,Isotonic · 내부 검증 행 적합(선택 행 재사용),isotonic,inner_holdout,7,180332,31805,log_loss,0.4367915752
weather_eval,classifier_calibration_20261008,weather_on,lightgbm_tuned,lightgbm,LightGBM,"24개 설정 × 트리 수 8개 (학습률 0.03~0.1, 잎 31~127)",24,isotonic_inner_holdout,Isotonic · 내부 검증 행 적합(선택 행 재사용),isotonic,inner_holdout,7,180332,31805,roc_auc,0.6737997288
weather_eval,classifier_calibration_20261008,weather_on,lightgbm_tuned,lightgbm,LightGBM,"24개 설정 × 트리 수 8개 (학습률 0.03~0.1, 잎 31~127)",24,isotonic_inner_holdout,Isotonic · 내부 검증 행 적합(선택 행 재사용),isotonic,inner_holdout,7,180332,31805,precision_delayed,0.3396664427
weather_eval,classifier_calibration_20261008,weather_on,lightgbm_tuned,lightgbm,LightGBM,"24개 설정 × 트리 수 8개 (학습률 0.03~0.1, 잎 31~127)",24,isotonic_inner_holdout,Isotonic · 내부 검증 행 적합(선택 행 재사용),isotonic,inner_holdout,7,180332,31805,recall_delayed,0.3496305612
weather_eval,classifier_calibration_20261008,weather_on,lightgbm_tuned,lightgbm,LightGBM,"24개 설정 × 트리 수 8개 (학습률 0.03~0.1, 잎 31~127)",24,isotonic_inner_holdout,Isotonic · 내부 검증 행 적합(선택 행 재사용),isotonic,inner_holdout,7,180332,31805,f1_delayed,0.3445764839
weather_eval,classifier_calibration_20261008,weather_on,lightgbm_tuned,lightgbm,LightGBM,"24개 설정 × 트리 수 8개 (학습률 0.03~0.1, 잎 31~127)",24,isotonic_inner_holdout,Isotonic · 내부 검증 행 적합(선택 행 재사용),isotonic,inner_holdout,7,180332,31805,f1_not_delayed,0.8571428571
weather_eval,classifier_calibration_20261008,weather_on,lightgbm_tuned,lightgbm,LightGBM,"24개 설정 × 트리 수 8개 (학습률 0.03~0.1, 잎 31~127)",24,isotonic_inner_holdout,Isotonic · 내부 검증 행 적합(선택 행 재사용),isotonic,inner_holdout,7,180332,31805,brier,0.1357793337
weather_eval,classifier_calibration_20261008,weather_on,lightgbm_tuned,lightgbm,LightGBM,"24개 설정 × 트리 수 8개 (학습률 0.03~0.1, 잎 31~127)",24,isotonic_inner_holdout,Isotonic · 내부 검증 행 적합(선택 행 재사용),isotonic,inner_holdout,7,180332,31805,ece_ef15,0.003602168815
weather_eval,classifier_calibration_20261008,weather_on,lightgbm_tuned,lightgbm,LightGBM,"24개 설정 × 트리 수 8개 (학습률 0.03~0.1, 잎 31~127)",24,isotonic_inner_holdout,Isotonic · 내부 검증 행 적합(선택 행 재사용),isotonic,inner_holdout,7,180332,31805,ece_ew10,0.002825571485
weather_eval,classifier_calibration_20261008,weather_on,lightgbm_tuned,lightgbm,LightGBM,"24개 설정 × 트리 수 8개 (학습률 0.03~0.1, 잎 31~127)",24,isotonic_inner_holdout,Isotonic · 내부 검증 행 적합(선택 행 재사용),isotonic,inner_holdout,7,180332,31805,calibration_bias,0.0001135247546
weather_eval,classifier_calibration_20261008,weather_on,lightgbm_tuned,lightgbm,LightGBM,"24개 설정 × 트리 수 8개 (학습률 0.03~0.1, 잎 31~127)",24,isotonic_inner_holdout,Isotonic · 내부 검증 행 적합(선택 행 재사용),isotonic,inner_holdout,7,180332,31805,mean_probability,0.1764826661
weather_eval,classifier_calibration_20261008,weather_on,lightgbm_tuned,lightgbm,LightGBM,"24개 설정 × 트리 수 8개 (학습률 0.03~0.1, 잎 31~127)",24,platt_crossfit,Platt · 내부 학습 교차적합,platt,inner_train_crossfit,7,180332,31805,macro_f1_nested,0.6012616918
weather_eval,classifier_calibration_20261008,weather_on,lightgbm_tuned,lightgbm,LightGBM,"24개 설정 × 트리 수 8개 (학습률 0.03~0.1, 잎 31~127)",24,platt_crossfit,Platt · 내부 학습 교차적합,platt,inner_train_crossfit,7,180332,31805,log_loss,0.4357201156
weather_eval,classifier_calibration_20261008,weather_on,lightgbm_tuned,lightgbm,LightGBM,"24개 설정 × 트리 수 8개 (학습률 0.03~0.1, 잎 31~127)",24,platt_crossfit,Platt · 내부 학습 교차적합,platt,inner_train_crossfit,7,180332,31805,roc_auc,0.6745071218
weather_eval,classifier_calibration_20261008,weather_on,lightgbm_tuned,lightgbm,LightGBM,"24개 설정 × 트리 수 8개 (학습률 0.03~0.1, 잎 31~127)",24,platt_crossfit,Platt · 내부 학습 교차적합,platt,inner_train_crossfit,7,180332,31805,precision_delayed,0.3393937561
weather_eval,classifier_calibration_20261008,weather_on,lightgbm_tuned,lightgbm,LightGBM,"24개 설정 × 트리 수 8개 (학습률 0.03~0.1, 잎 31~127)",24,platt_crossfit,Platt · 내부 학습 교차적합,platt,inner_train_crossfit,7,180332,31805,recall_delayed,0.3527432794
weather_eval,classifier_calibration_20261008,weather_on,lightgbm_tuned,lightgbm,LightGBM,"24개 설정 × 트리 수 8개 (학습률 0.03~0.1, 잎 31~127)",24,platt_crossfit,Platt · 내부 학습 교차적합,platt,inner_train_crossfit,7,180332,31805,f1_delayed,0.3459397789
weather_eval,classifier_calibration_20261008,weather_on,lightgbm_tuned,lightgbm,LightGBM,"24개 설정 × 트리 수 8개 (학습률 0.03~0.1, 잎 31~127)",24,platt_crossfit,Platt · 내부 학습 교차적합,platt,inner_train_crossfit,7,180332,31805,f1_not_delayed,0.8565836046
weather_eval,classifier_calibration_20261008,weather_on,lightgbm_tuned,lightgbm,LightGBM,"24개 설정 × 트리 수 8개 (학습률 0.03~0.1, 잎 31~127)",24,platt_crossfit,Platt · 내부 학습 교차적합,platt,inner_train_crossfit,7,180332,31805,brier,0.1356431045
weather_eval,classifier_calibration_20261008,weather_on,lightgbm_tuned,lightgbm,LightGBM,"24개 설정 × 트리 수 8개 (학습률 0.03~0.1, 잎 31~127)",24,platt_crossfit,Platt · 내부 학습 교차적합,platt,inner_train_crossfit,7,180332,31805,ece_ef15,0.003092298142
weather_eval,classifier_calibration_20261008,weather_on,lightgbm_tuned,lightgbm,LightGBM,"24개 설정 × 트리 수 8개 (학습률 0.03~0.1, 잎 31~127)",24,platt_crossfit,Platt · 내부 학습 교차적합,platt,inner_train_crossfit,7,180332,31805,ece_ew10,0.002948408718
weather_eval,classifier_calibration_20261008,weather_on,lightgbm_tuned,lightgbm,LightGBM,"24개 설정 × 트리 수 8개 (학습률 0.03~0.1, 잎 31~127)",24,platt_crossfit,Platt · 내부 학습 교차적합,platt,inner_train_crossfit,7,180332,31805,calibration_bias,0.001029709643
weather_eval,classifier_calibration_20261008,weather_on,lightgbm_tuned,lightgbm,LightGBM,"24개 설정 × 트리 수 8개 (학습률 0.03~0.1, 잎 31~127)",24,platt_crossfit,Platt · 내부 학습 교차적합,platt,inner_train_crossfit,7,180332,31805,mean_probability,0.177398851
weather_eval,classifier_calibration_20261008,weather_on,lightgbm_tuned,lightgbm,LightGBM,"24개 설정 × 트리 수 8개 (학습률 0.03~0.1, 잎 31~127)",24,isotonic_crossfit,Isotonic · 내부 학습 교차적합,isotonic,inner_train_crossfit,7,180332,31805,macro_f1_nested,0.6007234765
weather_eval,classifier_calibration_20261008,weather_on,lightgbm_tuned,lightgbm,LightGBM,"24개 설정 × 트리 수 8개 (학습률 0.03~0.1, 잎 31~127)",24,isotonic_crossfit,Isotonic · 내부 학습 교차적합,isotonic,inner_train_crossfit,7,180332,31805,log_loss,0.4359478252
weather_eval,classifier_calibration_20261008,weather_on,lightgbm_tuned,lightgbm,LightGBM,"24개 설정 × 트리 수 8개 (학습률 0.03~0.1, 잎 31~127)",24,isotonic_crossfit,Isotonic · 내부 학습 교차적합,isotonic,inner_train_crossfit,7,180332,31805,roc_auc,0.6740917313
weather_eval,classifier_calibration_20261008,weather_on,lightgbm_tuned,lightgbm,LightGBM,"24개 설정 × 트리 수 8개 (학습률 0.03~0.1, 잎 31~127)",24,isotonic_crossfit,Isotonic · 내부 학습 교차적합,isotonic,inner_train_crossfit,7,180332,31805,precision_delayed,0.3349030551
weather_eval,classifier_calibration_20261008,weather_on,lightgbm_tuned,lightgbm,LightGBM,"24개 설정 × 트리 수 8개 (학습률 0.03~0.1, 잎 31~127)",24,isotonic_crossfit,Isotonic · 내부 학습 교차적합,isotonic,inner_train_crossfit,7,180332,31805,recall_delayed,0.3622386417
weather_eval,classifier_calibration_20261008,weather_on,lightgbm_tuned,lightgbm,LightGBM,"24개 설정 × 트리 수 8개 (학습률 0.03~0.1, 잎 31~127)",24,isotonic_crossfit,Isotonic · 내부 학습 교차적합,isotonic,inner_train_crossfit,7,180332,31805,f1_delayed,0.3480349213
weather_eval,classifier_calibration_20261008,weather_on,lightgbm_tuned,lightgbm,LightGBM,"24개 설정 × 트리 수 8개 (학습률 0.03~0.1, 잎 31~127)",24,isotonic_crossfit,Isotonic · 내부 학습 교차적합,isotonic,inner_train_crossfit,7,180332,31805,f1_not_delayed,0.8534120316
weather_eval,classifier_calibration_20261008,weather_on,lightgbm_tuned,lightgbm,LightGBM,"24개 설정 × 트리 수 8개 (학습률 0.03~0.1, 잎 31~127)",24,isotonic_crossfit,Isotonic · 내부 학습 교차적합,isotonic,inner_train_crossfit,7,180332,31805,brier,0.1356913594
weather_eval,classifier_calibration_20261008,weather_on,lightgbm_tuned,lightgbm,LightGBM,"24개 설정 × 트리 수 8개 (학습률 0.03~0.1, 잎 31~127)",24,isotonic_crossfit,Isotonic · 내부 학습 교차적합,isotonic,inner_train_crossfit,7,180332,31805,ece_ef15,0.002043777243
weather_eval,classifier_calibration_20261008,weather_on,lightgbm_tuned,lightgbm,LightGBM,"24개 설정 × 트리 수 8개 (학습률 0.03~0.1, 잎 31~127)",24,isotonic_crossfit,Isotonic · 내부 학습 교차적합,isotonic,inner_train_crossfit,7,180332,31805,ece_ew10,0.001241340532
weather_eval,classifier_calibration_20261008,weather_on,lightgbm_tuned,lightgbm,LightGBM,"24개 설정 × 트리 수 8개 (학습률 0.03~0.1, 잎 31~127)",24,isotonic_crossfit,Isotonic · 내부 학습 교차적합,isotonic,inner_train_crossfit,7,180332,31805,calibration_bias,0.001028827253
weather_eval,classifier_calibration_20261008,weather_on,lightgbm_tuned,lightgbm,LightGBM,"24개 설정 × 트리 수 8개 (학습률 0.03~0.1, 잎 31~127)",24,isotonic_crossfit,Isotonic · 내부 학습 교차적합,isotonic,inner_train_crossfit,7,180332,31805,mean_probability,0.1773979686
weather_eval,classifier_calibration_20261008,weather_on,logistic_regression,logistic_regression,Logistic Regression,규제 강도 C 5개,5,none,보정 없음,none,none,42,180332,31805,macro_f1_nested,0.5965833408
weather_eval,classifier_calibration_20261008,weather_on,logistic_regression,logistic_regression,Logistic Regression,규제 강도 C 5개,5,none,보정 없음,none,none,42,180332,31805,log_loss,0.4371972349
weather_eval,classifier_calibration_20261008,weather_on,logistic_regression,logistic_regression,Logistic Regression,규제 강도 C 5개,5,none,보정 없음,none,none,42,180332,31805,roc_auc,0.6742302707
weather_eval,classifier_calibration_20261008,weather_on,logistic_regression,logistic_regression,Logistic Regression,규제 강도 C 5개,5,none,보정 없음,none,none,42,180332,31805,precision_delayed,0.3202053902
weather_eval,classifier_calibration_20261008,weather_on,logistic_regression,logistic_regression,Logistic Regression,규제 강도 C 5개,5,none,보정 없음,none,none,42,180332,31805,recall_delayed,0.386260022
weather_eval,classifier_calibration_20261008,weather_on,logistic_regression,logistic_regression,Logistic Regression,규제 강도 C 5개,5,none,보정 없음,none,none,42,180332,31805,f1_delayed,0.3501446466
weather_eval,classifier_calibration_20261008,weather_on,logistic_regression,logistic_regression,Logistic Regression,규제 강도 C 5개,5,none,보정 없음,none,none,42,180332,31805,f1_not_delayed,0.843022035
weather_eval,classifier_calibration_20261008,weather_on,logistic_regression,logistic_regression,Logistic Regression,규제 강도 C 5개,5,none,보정 없음,none,none,42,180332,31805,brier,0.136442177
weather_eval,classifier_calibration_20261008,weather_on,logistic_regression,logistic_regression,Logistic Regression,규제 강도 C 5개,5,none,보정 없음,none,none,42,180332,31805,ece_ef15,0.003475417463
weather_eval,classifier_calibration_20261008,weather_on,logistic_regression,logistic_regression,Logistic Regression,규제 강도 C 5개,5,none,보정 없음,none,none,42,180332,31805,ece_ew10,0.00323510596
weather_eval,classifier_calibration_20261008,weather_on,logistic_regression,logistic_regression,Logistic Regression,규제 강도 C 5개,5,none,보정 없음,none,none,42,180332,31805,calibration_bias,-2.268221592e-05
weather_eval,classifier_calibration_20261008,weather_on,logistic_regression,logistic_regression,Logistic Regression,규제 강도 C 5개,5,none,보정 없음,none,none,42,180332,31805,mean_probability,0.1763464591
weather_eval,classifier_calibration_20261008,weather_on,logistic_regression,logistic_regression,Logistic Regression,규제 강도 C 5개,5,platt_inner_holdout,Platt · 내부 검증 행 적합(선택 행 재사용),platt,inner_holdout,42,180332,31805,macro_f1_nested,0.5969719022
weather_eval,classifier_calibration_20261008,weather_on,logistic_regression,logistic_regression,Logistic Regression,규제 강도 C 5개,5,platt_inner_holdout,Platt · 내부 검증 행 적합(선택 행 재사용),platt,inner_holdout,42,180332,31805,log_loss,0.4372179941
weather_eval,classifier_calibration_20261008,weather_on,logistic_regression,logistic_regression,Logistic Regression,규제 강도 C 5개,5,platt_inner_holdout,Platt · 내부 검증 행 적합(선택 행 재사용),platt,inner_holdout,42,180332,31805,roc_auc,0.6742239092
weather_eval,classifier_calibration_20261008,weather_on,logistic_regression,logistic_regression,Logistic Regression,규제 강도 C 5개,5,platt_inner_holdout,Platt · 내부 검증 행 적합(선택 행 재사용),platt,inner_holdout,42,180332,31805,precision_delayed,0.3237204751
weather_eval,classifier_calibration_20261008,weather_on,logistic_regression,logistic_regression,Logistic Regression,규제 강도 C 5개,5,platt_inner_holdout,Platt · 내부 검증 행 적합(선택 행 재사용),platt,inner_holdout,42,180332,31805,recall_delayed,0.374469423
weather_eval,classifier_calibration_20261008,weather_on,logistic_regression,logistic_regression,Logistic Regression,규제 강도 C 5개,5,platt_inner_holdout,Platt · 내부 검증 행 적합(선택 행 재사용),platt,inner_holdout,42,180332,31805,f1_delayed,0.3472505685
weather_eval,classifier_calibration_20261008,weather_on,logistic_regression,logistic_regression,Logistic Regression,규제 강도 C 5개,5,platt_inner_holdout,Platt · 내부 검증 행 적합(선택 행 재사용),platt,inner_holdout,42,180332,31805,f1_not_delayed,0.8466932358
weather_eval,classifier_calibration_20261008,weather_on,logistic_regression,logistic_regression,Logistic Regression,규제 강도 C 5개,5,platt_inner_holdout,Platt · 내부 검증 행 적합(선택 행 재사용),platt,inner_holdout,42,180332,31805,brier,0.13645788
weather_eval,classifier_calibration_20261008,weather_on,logistic_regression,logistic_regression,Logistic Regression,규제 강도 C 5개,5,platt_inner_holdout,Platt · 내부 검증 행 적합(선택 행 재사용),platt,inner_holdout,42,180332,31805,ece_ef15,0.004256253979
weather_eval,classifier_calibration_20261008,weather_on,logistic_regression,logistic_regression,Logistic Regression,규제 강도 C 5개,5,platt_inner_holdout,Platt · 내부 검증 행 적합(선택 행 재사용),platt,inner_holdout,42,180332,31805,ece_ew10,0.003799018806
weather_eval,classifier_calibration_20261008,weather_on,logistic_regression,logistic_regression,Logistic Regression,규제 강도 C 5개,5,platt_inner_holdout,Platt · 내부 검증 행 적합(선택 행 재사용),platt,inner_holdout,42,180332,31805,calibration_bias,6.283093159e-05
weather_eval,classifier_calibration_20261008,weather_on,logistic_regression,logistic_regression,Logistic Regression,규제 강도 C 5개,5,platt_inner_holdout,Platt · 내부 검증 행 적합(선택 행 재사용),platt,inner_holdout,42,180332,31805,mean_probability,0.1764319723
weather_eval,classifier_calibration_20261008,weather_on,logistic_regression,logistic_regression,Logistic Regression,규제 강도 C 5개,5,isotonic_inner_holdout,Isotonic · 내부 검증 행 적합(선택 행 재사용),isotonic,inner_holdout,42,180332,31805,macro_f1_nested,0.5967497573
weather_eval,classifier_calibration_20261008,weather_on,logistic_regression,logistic_regression,Logistic Regression,규제 강도 C 5개,5,isotonic_inner_holdout,Isotonic · 내부 검증 행 적합(선택 행 재사용),isotonic,inner_holdout,42,180332,31805,log_loss,0.4378221201
weather_eval,classifier_calibration_20261008,weather_on,logistic_regression,logistic_regression,Logistic Regression,규제 강도 C 5개,5,isotonic_inner_holdout,Isotonic · 내부 검증 행 적합(선택 행 재사용),isotonic,inner_holdout,42,180332,31805,roc_auc,0.6734913826
weather_eval,classifier_calibration_20261008,weather_on,logistic_regression,logistic_regression,Logistic Regression,규제 강도 C 5개,5,isotonic_inner_holdout,Isotonic · 내부 검증 행 적합(선택 행 재사용),isotonic,inner_holdout,42,180332,31805,precision_delayed,0.3224257705
weather_eval,classifier_calibration_20261008,weather_on,logistic_regression,logistic_regression,Logistic Regression,규제 강도 C 5개,5,isotonic_inner_holdout,Isotonic · 내부 검증 행 적합(선택 행 재사용),isotonic,inner_holdout,42,180332,31805,recall_delayed,0.3779594403
weather_eval,classifier_calibration_20261008,weather_on,logistic_regression,logistic_regression,Logistic Regression,규제 강도 C 5개,5,isotonic_inner_holdout,Isotonic · 내부 검증 행 적합(선택 행 재사용),isotonic,inner_holdout,42,180332,31805,f1_delayed,0.347990968
weather_eval,classifier_calibration_20261008,weather_on,logistic_regression,logistic_regression,Logistic Regression,규제 강도 C 5개,5,isotonic_inner_holdout,Isotonic · 내부 검증 행 적합(선택 행 재사용),isotonic,inner_holdout,42,180332,31805,f1_not_delayed,0.8455085467
weather_eval,classifier_calibration_20261008,weather_on,logistic_regression,logistic_regression,Logistic Regression,규제 강도 C 5개,5,isotonic_inner_holdout,Isotonic · 내부 검증 행 적합(선택 행 재사용),isotonic,inner_holdout,42,180332,31805,brier,0.1365635314
weather_eval,classifier_calibration_20261008,weather_on,logistic_regression,logistic_regression,Logistic Regression,규제 강도 C 5개,5,isotonic_inner_holdout,Isotonic · 내부 검증 행 적합(선택 행 재사용),isotonic,inner_holdout,42,180332,31805,ece_ef15,0.003769260042
weather_eval,classifier_calibration_20261008,weather_on,logistic_regression,logistic_regression,Logistic Regression,규제 강도 C 5개,5,isotonic_inner_holdout,Isotonic · 내부 검증 행 적합(선택 행 재사용),isotonic,inner_holdout,42,180332,31805,ece_ew10,0.0009402640426
weather_eval,classifier_calibration_20261008,weather_on,logistic_regression,logistic_regression,Logistic Regression,규제 강도 C 5개,5,isotonic_inner_holdout,Isotonic · 내부 검증 행 적합(선택 행 재사용),isotonic,inner_holdout,42,180332,31805,calibration_bias,2.303104165e-05
weather_eval,classifier_calibration_20261008,weather_on,logistic_regression,logistic_regression,Logistic Regression,규제 강도 C 5개,5,isotonic_inner_holdout,Isotonic · 내부 검증 행 적합(선택 행 재사용),isotonic,inner_holdout,42,180332,31805,mean_probability,0.1763921724
weather_eval,classifier_calibration_20261008,weather_on,logistic_regression,logistic_regression,Logistic Regression,규제 강도 C 5개,5,platt_crossfit,Platt · 내부 학습 교차적합,platt,inner_train_crossfit,42,180332,31805,macro_f1_nested,0.5969691903
weather_eval,classifier_calibration_20261008,weather_on,logistic_regression,logistic_regression,Logistic Regression,규제 강도 C 5개,5,platt_crossfit,Platt · 내부 학습 교차적합,platt,inner_train_crossfit,42,180332,31805,log_loss,0.4371861725
weather_eval,classifier_calibration_20261008,weather_on,logistic_regression,logistic_regression,Logistic Regression,규제 강도 C 5개,5,platt_crossfit,Platt · 내부 학습 교차적합,platt,inner_train_crossfit,42,180332,31805,roc_auc,0.6742325584
weather_eval,classifier_calibration_20261008,weather_on,logistic_regression,logistic_regression,Logistic Regression,규제 강도 C 5개,5,platt_crossfit,Platt · 내부 학습 교차적합,platt,inner_train_crossfit,42,180332,31805,precision_delayed,0.3211757302
weather_eval,classifier_calibration_20261008,weather_on,logistic_regression,logistic_regression,Logistic Regression,규제 강도 C 5개,5,platt_crossfit,Platt · 내부 학습 교차적합,platt,inner_train_crossfit,42,180332,31805,recall_delayed,0.3851281245
weather_eval,classifier_calibration_20261008,weather_on,logistic_regression,logistic_regression,Logistic Regression,규제 강도 C 5개,5,platt_crossfit,Platt · 내부 학습 교차적합,platt,inner_train_crossfit,42,180332,31805,f1_delayed,0.3502566375
weather_eval,classifier_calibration_20261008,weather_on,logistic_regression,logistic_regression,Logistic Regression,규제 강도 C 5개,5,platt_crossfit,Platt · 내부 학습 교차적합,platt,inner_train_crossfit,42,180332,31805,f1_not_delayed,0.843681743
weather_eval,classifier_calibration_20261008,weather_on,logistic_regression,logistic_regression,Logistic Regression,규제 강도 C 5개,5,platt_crossfit,Platt · 내부 학습 교차적합,platt,inner_train_crossfit,42,180332,31805,brier,0.1364440873
weather_eval,classifier_calibration_20261008,weather_on,logistic_regression,logistic_regression,Logistic Regression,규제 강도 C 5개,5,platt_crossfit,Platt · 내부 학습 교차적합,platt,inner_train_crossfit,42,180332,31805,ece_ef15,0.003869211459
weather_eval,classifier_calibration_20261008,weather_on,logistic_regression,logistic_regression,Logistic Regression,규제 강도 C 5개,5,platt_crossfit,Platt · 내부 학습 교차적합,platt,inner_train_crossfit,42,180332,31805,ece_ew10,0.003489526732
weather_eval,classifier_calibration_20261008,weather_on,logistic_regression,logistic_regression,Logistic Regression,규제 강도 C 5개,5,platt_crossfit,Platt · 내부 학습 교차적합,platt,inner_train_crossfit,42,180332,31805,calibration_bias,5.893835512e-05
weather_eval,classifier_calibration_20261008,weather_on,logistic_regression,logistic_regression,Logistic Regression,규제 강도 C 5개,5,platt_crossfit,Platt · 내부 학습 교차적합,platt,inner_train_crossfit,42,180332,31805,mean_probability,0.1764280797
weather_eval,classifier_calibration_20261008,weather_on,logistic_regression,logistic_regression,Logistic Regression,규제 강도 C 5개,5,isotonic_crossfit,Isotonic · 내부 학습 교차적합,isotonic,inner_train_crossfit,42,180332,31805,macro_f1_nested,0.5966411259
weather_eval,classifier_calibration_20261008,weather_on,logistic_regression,logistic_regression,Logistic Regression,규제 강도 C 5개,5,isotonic_crossfit,Isotonic · 내부 학습 교차적합,isotonic,inner_train_crossfit,42,180332,31805,log_loss,0.437475427
weather_eval,classifier_calibration_20261008,weather_on,logistic_regression,logistic_regression,Logistic Regression,규제 강도 C 5개,5,isotonic_crossfit,Isotonic · 내부 학습 교차적합,isotonic,inner_train_crossfit,42,180332,31805,roc_auc,0.6737896581
weather_eval,classifier_calibration_20261008,weather_on,logistic_regression,logistic_regression,Logistic Regression,규제 강도 C 5개,5,isotonic_crossfit,Isotonic · 내부 학습 교차적합,isotonic,inner_train_crossfit,42,180332,31805,precision_delayed,0.3218418386
weather_eval,classifier_calibration_20261008,weather_on,logistic_regression,logistic_regression,Logistic Regression,규제 강도 C 5개,5,isotonic_crossfit,Isotonic · 내부 학습 교차적합,isotonic,inner_train_crossfit,42,180332,31805,recall_delayed,0.3795315202
weather_eval,classifier_calibration_20261008,weather_on,logistic_regression,logistic_regression,Logistic Regression,규제 강도 C 5개,5,isotonic_crossfit,Isotonic · 내부 학습 교차적합,isotonic,inner_train_crossfit,42,180332,31805,f1_delayed,0.3483141204
weather_eval,classifier_calibration_20261008,weather_on,logistic_regression,logistic_regression,Logistic Regression,규제 강도 C 5개,5,isotonic_crossfit,Isotonic · 내부 학습 교차적합,isotonic,inner_train_crossfit,42,180332,31805,f1_not_delayed,0.8449681314
weather_eval,classifier_calibration_20261008,weather_on,logistic_regression,logistic_regression,Logistic Regression,규제 강도 C 5개,5,isotonic_crossfit,Isotonic · 내부 학습 교차적합,isotonic,inner_train_crossfit,42,180332,31805,brier,0.1364633372
weather_eval,classifier_calibration_20261008,weather_on,logistic_regression,logistic_regression,Logistic Regression,규제 강도 C 5개,5,isotonic_crossfit,Isotonic · 내부 학습 교차적합,isotonic,inner_train_crossfit,42,180332,31805,ece_ef15,0.002237253916
weather_eval,classifier_calibration_20261008,weather_on,logistic_regression,logistic_regression,Logistic Regression,규제 강도 C 5개,5,isotonic_crossfit,Isotonic · 내부 학습 교차적합,isotonic,inner_train_crossfit,42,180332,31805,ece_ew10,0.001060220713
weather_eval,classifier_calibration_20261008,weather_on,logistic_regression,logistic_regression,Logistic Regression,규제 강도 C 5개,5,isotonic_crossfit,Isotonic · 내부 학습 교차적합,isotonic,inner_train_crossfit,42,180332,31805,calibration_bias,8.637698078e-05
weather_eval,classifier_calibration_20261008,weather_on,logistic_regression,logistic_regression,Logistic Regression,규제 강도 C 5개,5,isotonic_crossfit,Isotonic · 내부 학습 교차적합,isotonic,inner_train_crossfit,42,180332,31805,mean_probability,0.1764555183
weather_eval,classifier_calibration_20261008,weather_on,random_forest_tuned,random_forest,Random Forest,9개 설정 (min_samples_leaf 10/25/50 × max_features 0.5/0.7/1.0),9,none,보정 없음,none,none,42,180332,31805,macro_f1_nested,0.6098818884
weather_eval,classifier_calibration_20261008,weather_on,random_forest_tuned,random_forest,Random Forest,9개 설정 (min_samples_leaf 10/25/50 × max_features 0.5/0.7/1.0),9,none,보정 없음,none,none,42,180332,31805,log_loss,0.4315713183
weather_eval,classifier_calibration_20261008,weather_on,random_forest_tuned,random_forest,Random Forest,9개 설정 (min_samples_leaf 10/25/50 × max_features 0.5/0.7/1.0),9,none,보정 없음,none,none,42,180332,31805,roc_auc,0.6874286699
weather_eval,classifier_calibration_20261008,weather_on,random_forest_tuned,random_forest,Random Forest,9개 설정 (min_samples_leaf 10/25/50 × max_features 0.5/0.7/1.0),9,none,보정 없음,none,none,42,180332,31805,precision_delayed,0.3469752404
weather_eval,classifier_calibration_20261008,weather_on,random_forest_tuned,random_forest,Random Forest,9개 설정 (min_samples_leaf 10/25/50 × max_features 0.5/0.7/1.0),9,none,보정 없음,none,none,42,180332,31805,recall_delayed,0.3846565006
weather_eval,classifier_calibration_20261008,weather_on,random_forest_tuned,random_forest,Random Forest,9개 설정 (min_samples_leaf 10/25/50 × max_features 0.5/0.7/1.0),9,none,보정 없음,none,none,42,180332,31805,f1_delayed,0.3648455207
weather_eval,classifier_calibration_20261008,weather_on,random_forest_tuned,random_forest,Random Forest,9개 설정 (min_samples_leaf 10/25/50 × max_features 0.5/0.7/1.0),9,none,보정 없음,none,none,42,180332,31805,f1_not_delayed,0.8549182561
weather_eval,classifier_calibration_20261008,weather_on,random_forest_tuned,random_forest,Random Forest,9개 설정 (min_samples_leaf 10/25/50 × max_features 0.5/0.7/1.0),9,none,보정 없음,none,none,42,180332,31805,brier,0.1344289893
weather_eval,classifier_calibration_20261008,weather_on,random_forest_tuned,random_forest,Random Forest,9개 설정 (min_samples_leaf 10/25/50 × max_features 0.5/0.7/1.0),9,none,보정 없음,none,none,42,180332,31805,ece_ef15,0.007476378365
weather_eval,classifier_calibration_20261008,weather_on,random_forest_tuned,random_forest,Random Forest,9개 설정 (min_samples_leaf 10/25/50 × max_features 0.5/0.7/1.0),9,none,보정 없음,none,none,42,180332,31805,ece_ew10,0.006558947732
weather_eval,classifier_calibration_20261008,weather_on,random_forest_tuned,random_forest,Random Forest,9개 설정 (min_samples_leaf 10/25/50 × max_features 0.5/0.7/1.0),9,none,보정 없음,none,none,42,180332,31805,calibration_bias,0.0009534252834
weather_eval,classifier_calibration_20261008,weather_on,random_forest_tuned,random_forest,Random Forest,9개 설정 (min_samples_leaf 10/25/50 × max_features 0.5/0.7/1.0),9,none,보정 없음,none,none,42,180332,31805,mean_probability,0.1773225666
weather_eval,classifier_calibration_20261008,weather_on,random_forest_tuned,random_forest,Random Forest,9개 설정 (min_samples_leaf 10/25/50 × max_features 0.5/0.7/1.0),9,platt_inner_holdout,Platt · 내부 검증 행 적합(선택 행 재사용),platt,inner_holdout,42,180332,31805,macro_f1_nested,0.6100611955
weather_eval,classifier_calibration_20261008,weather_on,random_forest_tuned,random_forest,Random Forest,9개 설정 (min_samples_leaf 10/25/50 × max_features 0.5/0.7/1.0),9,platt_inner_holdout,Platt · 내부 검증 행 적합(선택 행 재사용),platt,inner_holdout,42,180332,31805,log_loss,0.4315023252
weather_eval,classifier_calibration_20261008,weather_on,random_forest_tuned,random_forest,Random Forest,9개 설정 (min_samples_leaf 10/25/50 × max_features 0.5/0.7/1.0),9,platt_inner_holdout,Platt · 내부 검증 행 적합(선택 행 재사용),platt,inner_holdout,42,180332,31805,roc_auc,0.6874536877
weather_eval,classifier_calibration_20261008,weather_on,random_forest_tuned,random_forest,Random Forest,9개 설정 (min_samples_leaf 10/25/50 × max_features 0.5/0.7/1.0),9,platt_inner_holdout,Platt · 내부 검증 행 적합(선택 행 재사용),platt,inner_holdout,42,180332,31805,precision_delayed,0.3461150636
weather_eval,classifier_calibration_20261008,weather_on,random_forest_tuned,random_forest,Random Forest,9개 설정 (min_samples_leaf 10/25/50 × max_features 0.5/0.7/1.0),9,platt_inner_holdout,Platt · 내부 검증 행 적합(선택 행 재사용),platt,inner_holdout,42,180332,31805,recall_delayed,0.388523817
weather_eval,classifier_calibration_20261008,weather_on,random_forest_tuned,random_forest,Random Forest,9개 설정 (min_samples_leaf 10/25/50 × max_features 0.5/0.7/1.0),9,platt_inner_holdout,Platt · 내부 검증 행 적합(선택 행 재사용),platt,inner_holdout,42,180332,31805,f1_delayed,0.3660953679
weather_eval,classifier_calibration_20261008,weather_on,random_forest_tuned,random_forest,Random Forest,9개 설정 (min_samples_leaf 10/25/50 × max_features 0.5/0.7/1.0),9,platt_inner_holdout,Platt · 내부 검증 행 적합(선택 행 재사용),platt,inner_holdout,42,180332,31805,f1_not_delayed,0.8540270231
weather_eval,classifier_calibration_20261008,weather_on,random_forest_tuned,random_forest,Random Forest,9개 설정 (min_samples_leaf 10/25/50 × max_features 0.5/0.7/1.0),9,platt_inner_holdout,Platt · 내부 검증 행 적합(선택 행 재사용),platt,inner_holdout,42,180332,31805,brier,0.1343742132
weather_eval,classifier_calibration_20261008,weather_on,random_forest_tuned,random_forest,Random Forest,9개 설정 (min_samples_leaf 10/25/50 × max_features 0.5/0.7/1.0),9,platt_inner_holdout,Platt · 내부 검증 행 적합(선택 행 재사용),platt,inner_holdout,42,180332,31805,ece_ef15,0.006793945815
weather_eval,classifier_calibration_20261008,weather_on,random_forest_tuned,random_forest,Random Forest,9개 설정 (min_samples_leaf 10/25/50 × max_features 0.5/0.7/1.0),9,platt_inner_holdout,Platt · 내부 검증 행 적합(선택 행 재사용),platt,inner_holdout,42,180332,31805,ece_ew10,0.005585149941
weather_eval,classifier_calibration_20261008,weather_on,random_forest_tuned,random_forest,Random Forest,9개 설정 (min_samples_leaf 10/25/50 × max_features 0.5/0.7/1.0),9,platt_inner_holdout,Platt · 내부 검증 행 적합(선택 행 재사용),platt,inner_holdout,42,180332,31805,calibration_bias,-5.538083466e-05
weather_eval,classifier_calibration_20261008,weather_on,random_forest_tuned,random_forest,Random Forest,9개 설정 (min_samples_leaf 10/25/50 × max_features 0.5/0.7/1.0),9,platt_inner_holdout,Platt · 내부 검증 행 적합(선택 행 재사용),platt,inner_holdout,42,180332,31805,mean_probability,0.1763137605
weather_eval,classifier_calibration_20261008,weather_on,random_forest_tuned,random_forest,Random Forest,9개 설정 (min_samples_leaf 10/25/50 × max_features 0.5/0.7/1.0),9,isotonic_inner_holdout,Isotonic · 내부 검증 행 적합(선택 행 재사용),isotonic,inner_holdout,42,180332,31805,macro_f1_nested,0.609254057
weather_eval,classifier_calibration_20261008,weather_on,random_forest_tuned,random_forest,Random Forest,9개 설정 (min_samples_leaf 10/25/50 × max_features 0.5/0.7/1.0),9,isotonic_inner_holdout,Isotonic · 내부 검증 행 적합(선택 행 재사용),isotonic,inner_holdout,42,180332,31805,log_loss,0.4318690613
weather_eval,classifier_calibration_20261008,weather_on,random_forest_tuned,random_forest,Random Forest,9개 설정 (min_samples_leaf 10/25/50 × max_features 0.5/0.7/1.0),9,isotonic_inner_holdout,Isotonic · 내부 검증 행 적합(선택 행 재사용),isotonic,inner_holdout,42,180332,31805,roc_auc,0.6869847601
weather_eval,classifier_calibration_20261008,weather_on,random_forest_tuned,random_forest,Random Forest,9개 설정 (min_samples_leaf 10/25/50 × max_features 0.5/0.7/1.0),9,isotonic_inner_holdout,Isotonic · 내부 검증 행 적합(선택 행 재사용),isotonic,inner_holdout,42,180332,31805,precision_delayed,0.3432089265
weather_eval,classifier_calibration_20261008,weather_on,random_forest_tuned,random_forest,Random Forest,9개 설정 (min_samples_leaf 10/25/50 × max_features 0.5/0.7/1.0),9,isotonic_inner_holdout,Isotonic · 내부 검증 행 적합(선택 행 재사용),isotonic,inner_holdout,42,180332,31805,recall_delayed,0.3926426662
weather_eval,classifier_calibration_20261008,weather_on,random_forest_tuned,random_forest,Random Forest,9개 설정 (min_samples_leaf 10/25/50 × max_features 0.5/0.7/1.0),9,isotonic_inner_holdout,Isotonic · 내부 검증 행 적합(선택 행 재사용),isotonic,inner_holdout,42,180332,31805,f1_delayed,0.3662653429
weather_eval,classifier_calibration_20261008,weather_on,random_forest_tuned,random_forest,Random Forest,9개 설정 (min_samples_leaf 10/25/50 × max_features 0.5/0.7/1.0),9,isotonic_inner_holdout,Isotonic · 내부 검증 행 적합(선택 행 재사용),isotonic,inner_holdout,42,180332,31805,f1_not_delayed,0.8522427711
weather_eval,classifier_calibration_20261008,weather_on,random_forest_tuned,random_forest,Random Forest,9개 설정 (min_samples_leaf 10/25/50 × max_features 0.5/0.7/1.0),9,isotonic_inner_holdout,Isotonic · 내부 검증 행 적합(선택 행 재사용),isotonic,inner_holdout,42,180332,31805,brier,0.1343992096
weather_eval,classifier_calibration_20261008,weather_on,random_forest_tuned,random_forest,Random Forest,9개 설정 (min_samples_leaf 10/25/50 × max_features 0.5/0.7/1.0),9,isotonic_inner_holdout,Isotonic · 내부 검증 행 적합(선택 행 재사용),isotonic,inner_holdout,42,180332,31805,ece_ef15,0.004509942408
weather_eval,classifier_calibration_20261008,weather_on,random_forest_tuned,random_forest,Random Forest,9개 설정 (min_samples_leaf 10/25/50 × max_features 0.5/0.7/1.0),9,isotonic_inner_holdout,Isotonic · 내부 검증 행 적합(선택 행 재사용),isotonic,inner_holdout,42,180332,31805,ece_ew10,0.001909162713
weather_eval,classifier_calibration_20261008,weather_on,random_forest_tuned,random_forest,Random Forest,9개 설정 (min_samples_leaf 10/25/50 × max_features 0.5/0.7/1.0),9,isotonic_inner_holdout,Isotonic · 내부 검증 행 적합(선택 행 재사용),isotonic,inner_holdout,42,180332,31805,calibration_bias,-7.925434737e-05
weather_eval,classifier_calibration_20261008,weather_on,random_forest_tuned,random_forest,Random Forest,9개 설정 (min_samples_leaf 10/25/50 × max_features 0.5/0.7/1.0),9,isotonic_inner_holdout,Isotonic · 내부 검증 행 적합(선택 행 재사용),isotonic,inner_holdout,42,180332,31805,mean_probability,0.176289887
weather_eval,classifier_calibration_20261008,weather_on,random_forest_tuned,random_forest,Random Forest,9개 설정 (min_samples_leaf 10/25/50 × max_features 0.5/0.7/1.0),9,platt_crossfit,Platt · 내부 학습 교차적합,platt,inner_train_crossfit,42,180332,31805,macro_f1_nested,0.609530601
weather_eval,classifier_calibration_20261008,weather_on,random_forest_tuned,random_forest,Random Forest,9개 설정 (min_samples_leaf 10/25/50 × max_features 0.5/0.7/1.0),9,platt_crossfit,Platt · 내부 학습 교차적합,platt,inner_train_crossfit,42,180332,31805,log_loss,0.4315072578
weather_eval,classifier_calibration_20261008,weather_on,random_forest_tuned,random_forest,Random Forest,9개 설정 (min_samples_leaf 10/25/50 × max_features 0.5/0.7/1.0),9,platt_crossfit,Platt · 내부 학습 교차적합,platt,inner_train_crossfit,42,180332,31805,roc_auc,0.6874419745
weather_eval,classifier_calibration_20261008,weather_on,random_forest_tuned,random_forest,Random Forest,9개 설정 (min_samples_leaf 10/25/50 × max_features 0.5/0.7/1.0),9,platt_crossfit,Platt · 내부 학습 교차적합,platt,inner_train_crossfit,42,180332,31805,precision_delayed,0.3452494261
weather_eval,classifier_calibration_20261008,weather_on,random_forest_tuned,random_forest,Random Forest,9개 설정 (min_samples_leaf 10/25/50 × max_features 0.5/0.7/1.0),9,platt_crossfit,Platt · 내부 학습 교차적합,platt,inner_train_crossfit,42,180332,31805,recall_delayed,0.3877692187
weather_eval,classifier_calibration_20261008,weather_on,random_forest_tuned,random_forest,Random Forest,9개 설정 (min_samples_leaf 10/25/50 × max_features 0.5/0.7/1.0),9,platt_crossfit,Platt · 내부 학습 교차적합,platt,inner_train_crossfit,42,180332,31805,f1_delayed,0.3652761118
weather_eval,classifier_calibration_20261008,weather_on,random_forest_tuned,random_forest,Random Forest,9개 설정 (min_samples_leaf 10/25/50 × max_features 0.5/0.7/1.0),9,platt_crossfit,Platt · 내부 학습 교차적합,platt,inner_train_crossfit,42,180332,31805,f1_not_delayed,0.8537850902
weather_eval,classifier_calibration_20261008,weather_on,random_forest_tuned,random_forest,Random Forest,9개 설정 (min_samples_leaf 10/25/50 × max_features 0.5/0.7/1.0),9,platt_crossfit,Platt · 내부 학습 교차적합,platt,inner_train_crossfit,42,180332,31805,brier,0.1343779541
weather_eval,classifier_calibration_20261008,weather_on,random_forest_tuned,random_forest,Random Forest,9개 설정 (min_samples_leaf 10/25/50 × max_features 0.5/0.7/1.0),9,platt_crossfit,Platt · 내부 학습 교차적합,platt,inner_train_crossfit,42,180332,31805,ece_ef15,0.006758489381
weather_eval,classifier_calibration_20261008,weather_on,random_forest_tuned,random_forest,Random Forest,9개 설정 (min_samples_leaf 10/25/50 × max_features 0.5/0.7/1.0),9,platt_crossfit,Platt · 내부 학습 교차적합,platt,inner_train_crossfit,42,180332,31805,ece_ew10,0.005330786576
weather_eval,classifier_calibration_20261008,weather_on,random_forest_tuned,random_forest,Random Forest,9개 설정 (min_samples_leaf 10/25/50 × max_features 0.5/0.7/1.0),9,platt_crossfit,Platt · 내부 학습 교차적합,platt,inner_train_crossfit,42,180332,31805,calibration_bias,-7.1714745e-05
weather_eval,classifier_calibration_20261008,weather_on,random_forest_tuned,random_forest,Random Forest,9개 설정 (min_samples_leaf 10/25/50 × max_features 0.5/0.7/1.0),9,platt_crossfit,Platt · 내부 학습 교차적합,platt,inner_train_crossfit,42,180332,31805,mean_probability,0.1762974266
weather_eval,classifier_calibration_20261008,weather_on,random_forest_tuned,random_forest,Random Forest,9개 설정 (min_samples_leaf 10/25/50 × max_features 0.5/0.7/1.0),9,isotonic_crossfit,Isotonic · 내부 학습 교차적합,isotonic,inner_train_crossfit,42,180332,31805,macro_f1_nested,0.6102667384
weather_eval,classifier_calibration_20261008,weather_on,random_forest_tuned,random_forest,Random Forest,9개 설정 (min_samples_leaf 10/25/50 × max_features 0.5/0.7/1.0),9,isotonic_crossfit,Isotonic · 내부 학습 교차적합,isotonic,inner_train_crossfit,42,180332,31805,log_loss,0.4315344866
weather_eval,classifier_calibration_20261008,weather_on,random_forest_tuned,random_forest,Random Forest,9개 설정 (min_samples_leaf 10/25/50 × max_features 0.5/0.7/1.0),9,isotonic_crossfit,Isotonic · 내부 학습 교차적합,isotonic,inner_train_crossfit,42,180332,31805,roc_auc,0.6871616972
weather_eval,classifier_calibration_20261008,weather_on,random_forest_tuned,random_forest,Random Forest,9개 설정 (min_samples_leaf 10/25/50 × max_features 0.5/0.7/1.0),9,isotonic_crossfit,Isotonic · 내부 학습 교차적합,isotonic,inner_train_crossfit,42,180332,31805,precision_delayed,0.3499738174
weather_eval,classifier_calibration_20261008,weather_on,random_forest_tuned,random_forest,Random Forest,9개 설정 (min_samples_leaf 10/25/50 × max_features 0.5/0.7/1.0),9,isotonic_crossfit,Isotonic · 내부 학습 교차적합,isotonic,inner_train_crossfit,42,180332,31805,recall_delayed,0.3782424147
weather_eval,classifier_calibration_20261008,weather_on,random_forest_tuned,random_forest,Random Forest,9개 설정 (min_samples_leaf 10/25/50 × max_features 0.5/0.7/1.0),9,isotonic_crossfit,Isotonic · 내부 학습 교차적합,isotonic,inner_train_crossfit,42,180332,31805,f1_delayed,0.3635594373
weather_eval,classifier_calibration_20261008,weather_on,random_forest_tuned,random_forest,Random Forest,9개 설정 (min_samples_leaf 10/25/50 × max_features 0.5/0.7/1.0),9,isotonic_crossfit,Isotonic · 내부 학습 교차적합,isotonic,inner_train_crossfit,42,180332,31805,f1_not_delayed,0.8569740394
weather_eval,classifier_calibration_20261008,weather_on,random_forest_tuned,random_forest,Random Forest,9개 설정 (min_samples_leaf 10/25/50 × max_features 0.5/0.7/1.0),9,isotonic_crossfit,Isotonic · 내부 학습 교차적합,isotonic,inner_train_crossfit,42,180332,31805,brier,0.1343188921
weather_eval,classifier_calibration_20261008,weather_on,random_forest_tuned,random_forest,Random Forest,9개 설정 (min_samples_leaf 10/25/50 × max_features 0.5/0.7/1.0),9,isotonic_crossfit,Isotonic · 내부 학습 교차적합,isotonic,inner_train_crossfit,42,180332,31805,ece_ef15,0.002753351542
weather_eval,classifier_calibration_20261008,weather_on,random_forest_tuned,random_forest,Random Forest,9개 설정 (min_samples_leaf 10/25/50 × max_features 0.5/0.7/1.0),9,isotonic_crossfit,Isotonic · 내부 학습 교차적합,isotonic,inner_train_crossfit,42,180332,31805,ece_ew10,0.00139805695
weather_eval,classifier_calibration_20261008,weather_on,random_forest_tuned,random_forest,Random Forest,9개 설정 (min_samples_leaf 10/25/50 × max_features 0.5/0.7/1.0),9,isotonic_crossfit,Isotonic · 내부 학습 교차적합,isotonic,inner_train_crossfit,42,180332,31805,calibration_bias,3.74983468e-05
weather_eval,classifier_calibration_20261008,weather_on,random_forest_tuned,random_forest,Random Forest,9개 설정 (min_samples_leaf 10/25/50 × max_features 0.5/0.7/1.0),9,isotonic_crossfit,Isotonic · 내부 학습 교차적합,isotonic,inner_train_crossfit,42,180332,31805,mean_probability,0.1764066397
weather_eval,classifier_calibration_20261008,weather_on,lightgbm_tuned,lightgbm,LightGBM,"24개 설정 × 트리 수 8개 (학습률 0.03~0.1, 잎 31~127)",24,none,보정 없음,none,none,42,180332,31805,macro_f1_nested,0.6008266638
weather_eval,classifier_calibration_20261008,weather_on,lightgbm_tuned,lightgbm,LightGBM,"24개 설정 × 트리 수 8개 (학습률 0.03~0.1, 잎 31~127)",24,none,보정 없음,none,none,42,180332,31805,log_loss,0.4360232139
weather_eval,classifier_calibration_20261008,weather_on,lightgbm_tuned,lightgbm,LightGBM,"24개 설정 × 트리 수 8개 (학습률 0.03~0.1, 잎 31~127)",24,none,보정 없음,none,none,42,180332,31805,roc_auc,0.6746701349
weather_eval,classifier_calibration_20261008,weather_on,lightgbm_tuned,lightgbm,LightGBM,"24개 설정 × 트리 수 8개 (학습률 0.03~0.1, 잎 31~127)",24,none,보정 없음,none,none,42,180332,31805,precision_delayed,0.3383785088
weather_eval,classifier_calibration_20261008,weather_on,lightgbm_tuned,lightgbm,LightGBM,"24개 설정 × 트리 수 8개 (학습률 0.03~0.1, 잎 31~127)",24,none,보정 없음,none,none,42,180332,31805,recall_delayed,0.3528690457
weather_eval,classifier_calibration_20261008,weather_on,lightgbm_tuned,lightgbm,LightGBM,"24개 설정 × 트리 수 8개 (학습률 0.03~0.1, 잎 31~127)",24,none,보정 없음,none,none,42,180332,31805,f1_delayed,0.3454718956
weather_eval,classifier_calibration_20261008,weather_on,lightgbm_tuned,lightgbm,LightGBM,"24개 설정 × 트리 수 8개 (학습률 0.03~0.1, 잎 31~127)",24,none,보정 없음,none,none,42,180332,31805,f1_not_delayed,0.856181432
weather_eval,classifier_calibration_20261008,weather_on,lightgbm_tuned,lightgbm,LightGBM,"24개 설정 × 트리 수 8개 (학습률 0.03~0.1, 잎 31~127)",24,none,보정 없음,none,none,42,180332,31805,brier,0.1357833269
weather_eval,classifier_calibration_20261008,weather_on,lightgbm_tuned,lightgbm,LightGBM,"24개 설정 × 트리 수 8개 (학습률 0.03~0.1, 잎 31~127)",24,none,보정 없음,none,none,42,180332,31805,ece_ef15,0.007253224948
weather_eval,classifier_calibration_20261008,weather_on,lightgbm_tuned,lightgbm,LightGBM,"24개 설정 × 트리 수 8개 (학습률 0.03~0.1, 잎 31~127)",24,none,보정 없음,none,none,42,180332,31805,ece_ew10,0.005956173966
weather_eval,classifier_calibration_20261008,weather_on,lightgbm_tuned,lightgbm,LightGBM,"24개 설정 × 트리 수 8개 (학습률 0.03~0.1, 잎 31~127)",24,none,보정 없음,none,none,42,180332,31805,calibration_bias,-0.00391316987
weather_eval,classifier_calibration_20261008,weather_on,lightgbm_tuned,lightgbm,LightGBM,"24개 설정 × 트리 수 8개 (학습률 0.03~0.1, 잎 31~127)",24,none,보정 없음,none,none,42,180332,31805,mean_probability,0.1724559715
weather_eval,classifier_calibration_20261008,weather_on,lightgbm_tuned,lightgbm,LightGBM,"24개 설정 × 트리 수 8개 (학습률 0.03~0.1, 잎 31~127)",24,platt_inner_holdout,Platt · 내부 검증 행 적합(선택 행 재사용),platt,inner_holdout,42,180332,31805,macro_f1_nested,0.6003853357
weather_eval,classifier_calibration_20261008,weather_on,lightgbm_tuned,lightgbm,LightGBM,"24개 설정 × 트리 수 8개 (학습률 0.03~0.1, 잎 31~127)",24,platt_inner_holdout,Platt · 내부 검증 행 적합(선택 행 재사용),platt,inner_holdout,42,180332,31805,log_loss,0.4357628248
weather_eval,classifier_calibration_20261008,weather_on,lightgbm_tuned,lightgbm,LightGBM,"24개 설정 × 트리 수 8개 (학습률 0.03~0.1, 잎 31~127)",24,platt_inner_holdout,Platt · 내부 검증 행 적합(선택 행 재사용),platt,inner_holdout,42,180332,31805,roc_auc,0.6746857606
weather_eval,classifier_calibration_20261008,weather_on,lightgbm_tuned,lightgbm,LightGBM,"24개 설정 × 트리 수 8개 (학습률 0.03~0.1, 잎 31~127)",24,platt_inner_holdout,Platt · 내부 검증 행 적합(선택 행 재사용),platt,inner_holdout,42,180332,31805,precision_delayed,0.336891201
weather_eval,classifier_calibration_20261008,weather_on,lightgbm_tuned,lightgbm,LightGBM,"24개 설정 × 트리 수 8개 (학습률 0.03~0.1, 잎 31~127)",24,platt_inner_holdout,Platt · 내부 검증 행 적합(선택 행 재사용),platt,inner_holdout,42,180332,31805,recall_delayed,0.3542839176
weather_eval,classifier_calibration_20261008,weather_on,lightgbm_tuned,lightgbm,LightGBM,"24개 설정 × 트리 수 8개 (학습률 0.03~0.1, 잎 31~127)",24,platt_inner_holdout,Platt · 내부 검증 행 적합(선택 행 재사용),platt,inner_holdout,42,180332,31805,f1_delayed,0.3453687243
weather_eval,classifier_calibration_20261008,weather_on,lightgbm_tuned,lightgbm,LightGBM,"24개 설정 × 트리 수 8개 (학습률 0.03~0.1, 잎 31~127)",24,platt_inner_holdout,Platt · 내부 검증 행 적합(선택 행 재사용),platt,inner_holdout,42,180332,31805,f1_not_delayed,0.8554019471
weather_eval,classifier_calibration_20261008,weather_on,lightgbm_tuned,lightgbm,LightGBM,"24개 설정 × 트리 수 8개 (학습률 0.03~0.1, 잎 31~127)",24,platt_inner_holdout,Platt · 내부 검증 행 적합(선택 행 재사용),platt,inner_holdout,42,180332,31805,brier,0.1356711267
weather_eval,classifier_calibration_20261008,weather_on,lightgbm_tuned,lightgbm,LightGBM,"24개 설정 × 트리 수 8개 (학습률 0.03~0.1, 잎 31~127)",24,platt_inner_holdout,Platt · 내부 검증 행 적합(선택 행 재사용),platt,inner_holdout,42,180332,31805,ece_ef15,0.002766466125
weather_eval,classifier_calibration_20261008,weather_on,lightgbm_tuned,lightgbm,LightGBM,"24개 설정 × 트리 수 8개 (학습률 0.03~0.1, 잎 31~127)",24,platt_inner_holdout,Platt · 내부 검증 행 적합(선택 행 재사용),platt,inner_holdout,42,180332,31805,ece_ew10,0.001982038426
weather_eval,classifier_calibration_20261008,weather_on,lightgbm_tuned,lightgbm,LightGBM,"24개 설정 × 트리 수 8개 (학습률 0.03~0.1, 잎 31~127)",24,platt_inner_holdout,Platt · 내부 검증 행 적합(선택 행 재사용),platt,inner_holdout,42,180332,31805,calibration_bias,0.0001957444843
weather_eval,classifier_calibration_20261008,weather_on,lightgbm_tuned,lightgbm,LightGBM,"24개 설정 × 트리 수 8개 (학습률 0.03~0.1, 잎 31~127)",24,platt_inner_holdout,Platt · 내부 검증 행 적합(선택 행 재사용),platt,inner_holdout,42,180332,31805,mean_probability,0.1765648858
weather_eval,classifier_calibration_20261008,weather_on,lightgbm_tuned,lightgbm,LightGBM,"24개 설정 × 트리 수 8개 (학습률 0.03~0.1, 잎 31~127)",24,isotonic_inner_holdout,Isotonic · 내부 검증 행 적합(선택 행 재사용),isotonic,inner_holdout,42,180332,31805,macro_f1_nested,0.600820573
weather_eval,classifier_calibration_20261008,weather_on,lightgbm_tuned,lightgbm,LightGBM,"24개 설정 × 트리 수 8개 (학습률 0.03~0.1, 잎 31~127)",24,isotonic_inner_holdout,Isotonic · 내부 검증 행 적합(선택 행 재사용),isotonic,inner_holdout,42,180332,31805,log_loss,0.4374842547
weather_eval,classifier_calibration_20261008,weather_on,lightgbm_tuned,lightgbm,LightGBM,"24개 설정 × 트리 수 8개 (학습률 0.03~0.1, 잎 31~127)",24,isotonic_inner_holdout,Isotonic · 내부 검증 행 적합(선택 행 재사용),isotonic,inner_holdout,42,180332,31805,roc_auc,0.673844559
weather_eval,classifier_calibration_20261008,weather_on,lightgbm_tuned,lightgbm,LightGBM,"24개 설정 × 트리 수 8개 (학습률 0.03~0.1, 잎 31~127)",24,isotonic_inner_holdout,Isotonic · 내부 검증 행 적합(선택 행 재사용),isotonic,inner_holdout,42,180332,31805,precision_delayed,0.3374324687
weather_eval,classifier_calibration_20261008,weather_on,lightgbm_tuned,lightgbm,LightGBM,"24개 설정 × 트리 수 8개 (학습률 0.03~0.1, 잎 31~127)",24,isotonic_inner_holdout,Isotonic · 내부 검증 행 적합(선택 행 재사용),isotonic,inner_holdout,42,180332,31805,recall_delayed,0.3554472567
weather_eval,classifier_calibration_20261008,weather_on,lightgbm_tuned,lightgbm,LightGBM,"24개 설정 × 트리 수 8개 (학습률 0.03~0.1, 잎 31~127)",24,isotonic_inner_holdout,Isotonic · 내부 검증 행 적합(선택 행 재사용),isotonic,inner_holdout,42,180332,31805,f1_delayed,0.3462056716
weather_eval,classifier_calibration_20261008,weather_on,lightgbm_tuned,lightgbm,LightGBM,"24개 설정 × 트리 수 8개 (학습률 0.03~0.1, 잎 31~127)",24,isotonic_inner_holdout,Isotonic · 내부 검증 행 적합(선택 행 재사용),isotonic,inner_holdout,42,180332,31805,f1_not_delayed,0.8554354745
weather_eval,classifier_calibration_20261008,weather_on,lightgbm_tuned,lightgbm,LightGBM,"24개 설정 × 트리 수 8개 (학습률 0.03~0.1, 잎 31~127)",24,isotonic_inner_holdout,Isotonic · 내부 검증 행 적합(선택 행 재사용),isotonic,inner_holdout,42,180332,31805,brier,0.1357978321
weather_eval,classifier_calibration_20261008,weather_on,lightgbm_tuned,lightgbm,LightGBM,"24개 설정 × 트리 수 8개 (학습률 0.03~0.1, 잎 31~127)",24,isotonic_inner_holdout,Isotonic · 내부 검증 행 적합(선택 행 재사용),isotonic,inner_holdout,42,180332,31805,ece_ef15,0.003404878131
weather_eval,classifier_calibration_20261008,weather_on,lightgbm_tuned,lightgbm,LightGBM,"24개 설정 × 트리 수 8개 (학습률 0.03~0.1, 잎 31~127)",24,isotonic_inner_holdout,Isotonic · 내부 검증 행 적합(선택 행 재사용),isotonic,inner_holdout,42,180332,31805,ece_ew10,0.002158714518
weather_eval,classifier_calibration_20261008,weather_on,lightgbm_tuned,lightgbm,LightGBM,"24개 설정 × 트리 수 8개 (학습률 0.03~0.1, 잎 31~127)",24,isotonic_inner_holdout,Isotonic · 내부 검증 행 적합(선택 행 재사용),isotonic,inner_holdout,42,180332,31805,calibration_bias,0.000204927337
weather_eval,classifier_calibration_20261008,weather_on,lightgbm_tuned,lightgbm,LightGBM,"24개 설정 × 트리 수 8개 (학습률 0.03~0.1, 잎 31~127)",24,isotonic_inner_holdout,Isotonic · 내부 검증 행 적합(선택 행 재사용),isotonic,inner_holdout,42,180332,31805,mean_probability,0.1765740687
weather_eval,classifier_calibration_20261008,weather_on,lightgbm_tuned,lightgbm,LightGBM,"24개 설정 × 트리 수 8개 (학습률 0.03~0.1, 잎 31~127)",24,platt_crossfit,Platt · 내부 학습 교차적합,platt,inner_train_crossfit,42,180332,31805,macro_f1_nested,0.600816122
weather_eval,classifier_calibration_20261008,weather_on,lightgbm_tuned,lightgbm,LightGBM,"24개 설정 × 트리 수 8개 (학습률 0.03~0.1, 잎 31~127)",24,platt_crossfit,Platt · 내부 학습 교차적합,platt,inner_train_crossfit,42,180332,31805,log_loss,0.4357859705
weather_eval,classifier_calibration_20261008,weather_on,lightgbm_tuned,lightgbm,LightGBM,"24개 설정 × 트리 수 8개 (학습률 0.03~0.1, 잎 31~127)",24,platt_crossfit,Platt · 내부 학습 교차적합,platt,inner_train_crossfit,42,180332,31805,roc_auc,0.6746414722
weather_eval,classifier_calibration_20261008,weather_on,lightgbm_tuned,lightgbm,LightGBM,"24개 설정 × 트리 수 8개 (학습률 0.03~0.1, 잎 31~127)",24,platt_crossfit,Platt · 내부 학습 교차적합,platt,inner_train_crossfit,42,180332,31805,precision_delayed,0.3366275113
weather_eval,classifier_calibration_20261008,weather_on,lightgbm_tuned,lightgbm,LightGBM,"24개 설정 × 트리 수 8개 (학습률 0.03~0.1, 잎 31~127)",24,platt_crossfit,Platt · 내부 학습 교차적합,platt,inner_train_crossfit,42,180332,31805,recall_delayed,0.3577110517
weather_eval,classifier_calibration_20261008,weather_on,lightgbm_tuned,lightgbm,LightGBM,"24개 설정 × 트리 수 8개 (학습률 0.03~0.1, 잎 31~127)",24,platt_crossfit,Platt · 내부 학습 교차적합,platt,inner_train_crossfit,42,180332,31805,f1_delayed,0.3468491814
weather_eval,classifier_calibration_20261008,weather_on,lightgbm_tuned,lightgbm,LightGBM,"24개 설정 × 트리 수 8개 (학습률 0.03~0.1, 잎 31~127)",24,platt_crossfit,Platt · 내부 학습 교차적합,platt,inner_train_crossfit,42,180332,31805,f1_not_delayed,0.8547830625
weather_eval,classifier_calibration_20261008,weather_on,lightgbm_tuned,lightgbm,LightGBM,"24개 설정 × 트리 수 8개 (학습률 0.03~0.1, 잎 31~127)",24,platt_crossfit,Platt · 내부 학습 교차적합,platt,inner_train_crossfit,42,180332,31805,brier,0.1356792053
weather_eval,classifier_calibration_20261008,weather_on,lightgbm_tuned,lightgbm,LightGBM,"24개 설정 × 트리 수 8개 (학습률 0.03~0.1, 잎 31~127)",24,platt_crossfit,Platt · 내부 학습 교차적합,platt,inner_train_crossfit,42,180332,31805,ece_ef15,0.002765699201
weather_eval,classifier_calibration_20261008,weather_on,lightgbm_tuned,lightgbm,LightGBM,"24개 설정 × 트리 수 8개 (학습률 0.03~0.1, 잎 31~127)",24,platt_crossfit,Platt · 내부 학습 교차적합,platt,inner_train_crossfit,42,180332,31805,ece_ew10,0.00232831904
weather_eval,classifier_calibration_20261008,weather_on,lightgbm_tuned,lightgbm,LightGBM,"24개 설정 × 트리 수 8개 (학습률 0.03~0.1, 잎 31~127)",24,platt_crossfit,Platt · 내부 학습 교차적합,platt,inner_train_crossfit,42,180332,31805,calibration_bias,0.001417819423
weather_eval,classifier_calibration_20261008,weather_on,lightgbm_tuned,lightgbm,LightGBM,"24개 설정 × 트리 수 8개 (학습률 0.03~0.1, 잎 31~127)",24,platt_crossfit,Platt · 내부 학습 교차적합,platt,inner_train_crossfit,42,180332,31805,mean_probability,0.1777869608
weather_eval,classifier_calibration_20261008,weather_on,lightgbm_tuned,lightgbm,LightGBM,"24개 설정 × 트리 수 8개 (학습률 0.03~0.1, 잎 31~127)",24,isotonic_crossfit,Isotonic · 내부 학습 교차적합,isotonic,inner_train_crossfit,42,180332,31805,macro_f1_nested,0.6004744394
weather_eval,classifier_calibration_20261008,weather_on,lightgbm_tuned,lightgbm,LightGBM,"24개 설정 × 트리 수 8개 (학습률 0.03~0.1, 잎 31~127)",24,isotonic_crossfit,Isotonic · 내부 학습 교차적합,isotonic,inner_train_crossfit,42,180332,31805,log_loss,0.4362207746
weather_eval,classifier_calibration_20261008,weather_on,lightgbm_tuned,lightgbm,LightGBM,"24개 설정 × 트리 수 8개 (학습률 0.03~0.1, 잎 31~127)",24,isotonic_crossfit,Isotonic · 내부 학습 교차적합,isotonic,inner_train_crossfit,42,180332,31805,roc_auc,0.6743167472
weather_eval,classifier_calibration_20261008,weather_on,lightgbm_tuned,lightgbm,LightGBM,"24개 설정 × 트리 수 8개 (학습률 0.03~0.1, 잎 31~127)",24,isotonic_crossfit,Isotonic · 내부 학습 교차적합,isotonic,inner_train_crossfit,42,180332,31805,precision_delayed,0.3375631465
weather_eval,classifier_calibration_20261008,weather_on,lightgbm_tuned,lightgbm,LightGBM,"24개 설정 × 트리 수 8개 (학습률 0.03~0.1, 잎 31~127)",24,isotonic_crossfit,Isotonic · 내부 학습 교차적합,isotonic,inner_train_crossfit,42,180332,31805,recall_delayed,0.3529633705
weather_eval,classifier_calibration_20261008,weather_on,lightgbm_tuned,lightgbm,LightGBM,"24개 설정 × 트리 수 8개 (학습률 0.03~0.1, 잎 31~127)",24,isotonic_crossfit,Isotonic · 내부 학습 교차적합,isotonic,inner_train_crossfit,42,180332,31805,f1_delayed,0.3450915295
weather_eval,classifier_calibration_20261008,weather_on,lightgbm_tuned,lightgbm,LightGBM,"24개 설정 × 트리 수 8개 (학습률 0.03~0.1, 잎 31~127)",24,isotonic_crossfit,Isotonic · 내부 학습 교차적합,isotonic,inner_train_crossfit,42,180332,31805,f1_not_delayed,0.8558573492
weather_eval,classifier_calibration_20261008,weather_on,lightgbm_tuned,lightgbm,LightGBM,"24개 설정 × 트리 수 8개 (학습률 0.03~0.1, 잎 31~127)",24,isotonic_crossfit,Isotonic · 내부 학습 교차적합,isotonic,inner_train_crossfit,42,180332,31805,brier,0.1357323556
weather_eval,classifier_calibration_20261008,weather_on,lightgbm_tuned,lightgbm,LightGBM,"24개 설정 × 트리 수 8개 (학습률 0.03~0.1, 잎 31~127)",24,isotonic_crossfit,Isotonic · 내부 학습 교차적합,isotonic,inner_train_crossfit,42,180332,31805,ece_ef15,0.002671082274
weather_eval,classifier_calibration_20261008,weather_on,lightgbm_tuned,lightgbm,LightGBM,"24개 설정 × 트리 수 8개 (학습률 0.03~0.1, 잎 31~127)",24,isotonic_crossfit,Isotonic · 내부 학습 교차적합,isotonic,inner_train_crossfit,42,180332,31805,ece_ew10,0.001673519958
weather_eval,classifier_calibration_20261008,weather_on,lightgbm_tuned,lightgbm,LightGBM,"24개 설정 × 트리 수 8개 (학습률 0.03~0.1, 잎 31~127)",24,isotonic_crossfit,Isotonic · 내부 학습 교차적합,isotonic,inner_train_crossfit,42,180332,31805,calibration_bias,0.001397988892
weather_eval,classifier_calibration_20261008,weather_on,lightgbm_tuned,lightgbm,LightGBM,"24개 설정 × 트리 수 8개 (학습률 0.03~0.1, 잎 31~127)",24,isotonic_crossfit,Isotonic · 내부 학습 교차적합,isotonic,inner_train_crossfit,42,180332,31805,mean_probability,0.1777671303
